Orthogroup	A_obtectus	B_siliquastri	B_varius	C_chinensis	C_maculatus	C_maculatusC	D_carinulata	D_sublineata
OG0014392	anno1.g35.t1							
OG0014393	anno1.g72.t1							
OG0014394	anno1.g84.t1							
OG0014395	anno1.g140.t1							
OG0014396	anno1.g141.t1							
OG0014397	anno1.g142.t1							
OG0014398	anno1.g143.t1							
OG0014399	anno1.g144.t1							
OG0014400	anno1.g145.t1							
OG0014401	anno1.g171.t2							
OG0014402	anno1.g285.t1							
OG0014403	anno1.g329.t1							
OG0014404	anno1.g332.t1							
OG0014405	anno1.g369.t1							
OG0014406	anno1.g442.t1							
OG0014407	anno1.g486.t1							
OG0014408	anno1.g513.t1							
OG0014409	anno1.g557.t1							
OG0014410	anno1.g562.t1							
OG0014411	anno1.g625.t1							
OG0014412	anno1.g657.t2							
OG0014413	anno1.g679.t1							
OG0014414	anno1.g692.t1							
OG0014415	anno1.g751.t1							
OG0014416	anno1.g780.t1							
OG0014417	anno1.g791.t1							
OG0014418	anno1.g798.t1							
OG0014419	anno1.g966.t1							
OG0014420	anno1.g971.t1							
OG0014421	anno1.g976.t1							
OG0014422	anno1.g992.t1							
OG0014423	anno1.g993.t1							
OG0014424	anno1.g1014.t2							
OG0014425	anno1.g1031.t1							
OG0014426	anno1.g1047.t1							
OG0014427	anno1.g1053.t1							
OG0014428	anno1.g1062.t1							
OG0014429	anno1.g1297.t1							
OG0014430	anno1.g1306.t1							
OG0014431	anno1.g1501.t2							
OG0014432	anno1.g1532.t1							
OG0014433	anno1.g1555.t1							
OG0014434	anno1.g1560.t1							
OG0014435	anno1.g1565.t1							
OG0014436	anno1.g1662.t1							
OG0014437	anno1.g1694.t1							
OG0014438	anno1.g1725.t1							
OG0014439	anno1.g1730.t1							
OG0014440	anno1.g1757.t1							
OG0014441	anno1.g1769.t1							
OG0014442	anno1.g1780.t1							
OG0014443	anno1.g1786.t1							
OG0014444	anno1.g1817.t1							
OG0014445	anno1.g1894.t1							
OG0014446	anno1.g1927.t1							
OG0014447	anno1.g1973.t1							
OG0014448	anno1.g2136.t1							
OG0014449	anno1.g2160.t1							
OG0014450	anno1.g2171.t1							
OG0014451	anno1.g2199.t1							
OG0014452	anno1.g2263.t1							
OG0014453	anno1.g2293.t1							
OG0014454	anno1.g2307.t1							
OG0014455	anno1.g2312.t1							
OG0014456	anno1.g2316.t1							
OG0014457	anno1.g2357.t1							
OG0014458	anno1.g2389.t1							
OG0014459	anno1.g2424.t1							
OG0014460	anno1.g2431.t1							
OG0014461	anno1.g2446.t1							
OG0014462	anno1.g2463.t1							
OG0014463	anno1.g2586.t1							
OG0014464	anno1.g2588.t1							
OG0014465	anno1.g2609.t1							
OG0014466	anno1.g2643.t1							
OG0014467	anno1.g2644.t1							
OG0014468	anno1.g2670.t1							
OG0014469	anno1.g2708.t1							
OG0014470	anno1.g2750.t1							
OG0014471	anno1.g2809.t1							
OG0014472	anno1.g2856.t1							
OG0014473	anno1.g2901.t1							
OG0014474	anno1.g2904.t1							
OG0014475	anno1.g2915.t1							
OG0014476	anno1.g2954.t1							
OG0014477	anno1.g2993.t1							
OG0014478	anno1.g2995.t1							
OG0014479	anno1.g3032.t1							
OG0014480	anno1.g3118.t2							
OG0014481	anno1.g3199.t1							
OG0014482	anno1.g3211.t1							
OG0014483	anno1.g3271.t1							
OG0014484	anno1.g3296.t1							
OG0014485	anno1.g3332.t1							
OG0014486	anno1.g3347.t1							
OG0014487	anno1.g3366.t1							
OG0014488	anno1.g3417.t1							
OG0014489	anno1.g3432.t1							
OG0014490	anno1.g3437.t1							
OG0014491	anno1.g3507.t1							
OG0014492	anno1.g3521.t2							
OG0014493	anno1.g3558.t1							
OG0014494	anno1.g3563.t1							
OG0014495	anno1.g3566.t1							
OG0014496	anno1.g3621.t1							
OG0014497	anno1.g3688.t1							
OG0014498	anno1.g3745.t1							
OG0014499	anno1.g3746.t1							
OG0014500	anno1.g3776.t1							
OG0014501	anno1.g3781.t1							
OG0014502	anno1.g3794.t1							
OG0014503	anno1.g3855.t1							
OG0014504	anno1.g3866.t1							
OG0014505	anno1.g4003.t1							
OG0014506	anno1.g4045.t1							
OG0014507	anno1.g4150.t1							
OG0014508	anno1.g4175.t2							
OG0014509	anno1.g4232.t1							
OG0014510	anno1.g4337.t1							
OG0014511	anno1.g4399.t1							
OG0014512	anno1.g4402.t1							
OG0014513	anno1.g4466.t1							
OG0014514	anno1.g4481.t1							
OG0014515	anno1.g4499.t1							
OG0014516	anno1.g4604.t1							
OG0014517	anno1.g4607.t2							
OG0014518	anno1.g4664.t2							
OG0014519	anno1.g4707.t1							
OG0014520	anno1.g4735.t1							
OG0014521	anno1.g4821.t1							
OG0014522	anno1.g4954.t1							
OG0014523	anno1.g4955.t1							
OG0014524	anno1.g4967.t1							
OG0014525	anno1.g4979.t1							
OG0014526	anno1.g4982.t1							
OG0014527	anno1.g5001.t1							
OG0014528	anno1.g5012.t1							
OG0014529	anno1.g5026.t1							
OG0014530	anno1.g5030.t1							
OG0014531	anno1.g5037.t1							
OG0014532	anno1.g5043.t1							
OG0014533	anno1.g5075.t1							
OG0014534	anno1.g5122.t1							
OG0014535	anno1.g5134.t1							
OG0014536	anno1.g5145.t1							
OG0014537	anno1.g5157.t1							
OG0014538	anno1.g5164.t1							
OG0014539	anno1.g5185.t1							
OG0014540	anno1.g5187.t1							
OG0014541	anno1.g5210.t1							
OG0014542	anno1.g5236.t1							
OG0014543	anno1.g5281.t1							
OG0014544	anno1.g5282.t1							
OG0014545	anno1.g5332.t1							
OG0014546	anno1.g5333.t1							
OG0014547	anno1.g5336.t3							
OG0014548	anno1.g5346.t1							
OG0014549	anno1.g5407.t1							
OG0014550	anno1.g5408.t1							
OG0014551	anno1.g5416.t1							
OG0014552	anno1.g5420.t1							
OG0014553	anno1.g5487.t1							
OG0014554	anno1.g5497.t1							
OG0014555	anno1.g5539.t1							
OG0014556	anno1.g5631.t1							
OG0014557	anno1.g5691.t1							
OG0014558	anno1.g5703.t1							
OG0014559	anno1.g5704.t1							
OG0014560	anno1.g5732.t1							
OG0014561	anno1.g5850.t1							
OG0014562	anno1.g5892.t1							
OG0014563	anno1.g5896.t1							
OG0014564	anno1.g5918.t1							
OG0014565	anno1.g5999.t1							
OG0014566	anno1.g6008.t1							
OG0014567	anno1.g6074.t1							
OG0014568	anno1.g6092.t1							
OG0014569	anno1.g6171.t1							
OG0014570	anno1.g6200.t1							
OG0014571	anno1.g6239.t1							
OG0014572	anno1.g6257.t1							
OG0014573	anno1.g6336.t1							
OG0014574	anno1.g6434.t1							
OG0014575	anno1.g6439.t1							
OG0014576	anno1.g6441.t1							
OG0014577	anno1.g6510.t1							
OG0014578	anno1.g6583.t1							
OG0014579	anno1.g6597.t1							
OG0014580	anno1.g6608.t1							
OG0014581	anno1.g6634.t1							
OG0014582	anno1.g6640.t1							
OG0014583	anno1.g6671.t1							
OG0014584	anno1.g6683.t1							
OG0014585	anno1.g6728.t1							
OG0014586	anno1.g6810.t1							
OG0014587	anno1.g6822.t1							
OG0014588	anno1.g6841.t1							
OG0014589	anno1.g6863.t1							
OG0014590	anno1.g6915.t1							
OG0014591	anno1.g6931.t1							
OG0014592	anno1.g6974.t1							
OG0014593	anno1.g7022.t1							
OG0014594	anno1.g7057.t1							
OG0014595	anno1.g7094.t1							
OG0014596	anno1.g7114.t1							
OG0014597	anno1.g7149.t1							
OG0014598	anno1.g7153.t1							
OG0014599	anno1.g7195.t1							
OG0014600	anno1.g7244.t1							
OG0014601	anno1.g7247.t1							
OG0014602	anno1.g7249.t1							
OG0014603	anno1.g7345.t1							
OG0014604	anno1.g7368.t1							
OG0014605	anno1.g7456.t1							
OG0014606	anno1.g7469.t1							
OG0014607	anno1.g7508.t1							
OG0014608	anno1.g7525.t1							
OG0014609	anno1.g7543.t1							
OG0014610	anno1.g7557.t1							
OG0014611	anno1.g7600.t1							
OG0014612	anno1.g7610.t1							
OG0014613	anno1.g7735.t1							
OG0014614	anno1.g7741.t1							
OG0014615	anno1.g7753.t1							
OG0014616	anno1.g7754.t1							
OG0014617	anno1.g7778.t2							
OG0014618	anno1.g7823.t1							
OG0014619	anno1.g7878.t1							
OG0014620	anno1.g7883.t1							
OG0014621	anno1.g7926.t1							
OG0014622	anno1.g7927.t1							
OG0014623	anno1.g7928.t1							
OG0014624	anno1.g7936.t1							
OG0014625	anno1.g8161.t1							
OG0014626	anno1.g8188.t1							
OG0014627	anno1.g8216.t1							
OG0014628	anno1.g8218.t1							
OG0014629	anno1.g8229.t1							
OG0014630	anno1.g8246.t1							
OG0014631	anno1.g8253.t2							
OG0014632	anno1.g8277.t1							
OG0014633	anno1.g8305.t1							
OG0014634	anno1.g8335.t1							
OG0014635	anno1.g8340.t1							
OG0014636	anno1.g8341.t1							
OG0014637	anno1.g8352.t1							
OG0014638	anno1.g8353.t1							
OG0014639	anno1.g8412.t1							
OG0014640	anno1.g8424.t1							
OG0014641	anno1.g8431.t1							
OG0014642	anno1.g8450.t1							
OG0014643	anno1.g8483.t1							
OG0014644	anno1.g8490.t1							
OG0014645	anno1.g8523.t1							
OG0014646	anno1.g8524.t1							
OG0014647	anno1.g8578.t1							
OG0014648	anno1.g8579.t1							
OG0014649	anno1.g8600.t1							
OG0014650	anno1.g8612.t1							
OG0014651	anno1.g8682.t1							
OG0014652	anno1.g8683.t1							
OG0014653	anno1.g8687.t1							
OG0014654	anno1.g8733.t1							
OG0014655	anno1.g8739.t1							
OG0014656	anno1.g8750.t1							
OG0014657	anno1.g8766.t1							
OG0014658	anno1.g8803.t1							
OG0014659	anno1.g8810.t1							
OG0014660	anno1.g8820.t2							
OG0014661	anno1.g8827.t1							
OG0014662	anno1.g8882.t1							
OG0014663	anno1.g8904.t1							
OG0014664	anno1.g8990.t1							
OG0014665	anno1.g9028.t1							
OG0014666	anno1.g9033.t1							
OG0014667	anno1.g9168.t1							
OG0014668	anno1.g9184.t1							
OG0014669	anno1.g9252.t1							
OG0014670	anno1.g9296.t1							
OG0014671	anno1.g9303.t1							
OG0014672	anno1.g9533.t1							
OG0014673	anno1.g9678.t1							
OG0014674	anno1.g9762.t1							
OG0014675	anno1.g9777.t2							
OG0014676	anno1.g9782.t1							
OG0014677	anno1.g9798.t1							
OG0014678	anno1.g9815.t1							
OG0014679	anno1.g9834.t1							
OG0014680	anno1.g9850.t1							
OG0014681	anno1.g9913.t1							
OG0014682	anno1.g9928.t1							
OG0014683	anno1.g10044.t1							
OG0014684	anno1.g10045.t1							
OG0014685	anno1.g10058.t1							
OG0014686	anno1.g10147.t1							
OG0014687	anno1.g10280.t1							
OG0014688	anno1.g10318.t1							
OG0014689	anno1.g10327.t1							
OG0014690	anno1.g10380.t1							
OG0014691	anno1.g10422.t1							
OG0014692	anno1.g10519.t1							
OG0014693	anno1.g10601.t1							
OG0014694	anno1.g10686.t1							
OG0014695	anno1.g10789.t1							
OG0014696	anno1.g10804.t1							
OG0014697	anno1.g10830.t1							
OG0014698	anno1.g10988.t1							
OG0014699	anno1.g11001.t1							
OG0014700	anno1.g11045.t1							
OG0014701	anno1.g11094.t1							
OG0014702	anno1.g11114.t1							
OG0014703	anno1.g11125.t1							
OG0014704	anno1.g11166.t1							
OG0014705	anno1.g11184.t1							
OG0014706	anno1.g11189.t1							
OG0014707	anno1.g11331.t1							
OG0014708	anno1.g11344.t1							
OG0014709	anno1.g11373.t1							
OG0014710	anno1.g11460.t1							
OG0014711	anno1.g11526.t1							
OG0014712	anno1.g11529.t1							
OG0014713	anno1.g11635.t1							
OG0014714	anno1.g11641.t1							
OG0014715	anno1.g11645.t1							
OG0014716	anno1.g11654.t1							
OG0014717	anno1.g11734.t1							
OG0014718	anno1.g11744.t1							
OG0014719	anno1.g11763.t1							
OG0014720	anno1.g11764.t1							
OG0014721	anno1.g11768.t1							
OG0014722	anno1.g11775.t1							
OG0014723	anno1.g11788.t1							
OG0014724	anno1.g11818.t1							
OG0014725	anno1.g11874.t1							
OG0014726	anno1.g11875.t1							
OG0014727	anno1.g11884.t1							
OG0014728	anno1.g11923.t1							
OG0014729	anno1.g11932.t1							
OG0014730	anno1.g11955.t1							
OG0014731	anno1.g11985.t1							
OG0014732	anno1.g12060.t1							
OG0014733	anno1.g12061.t5							
OG0014734	anno1.g12062.t1							
OG0014735	anno1.g12079.t1							
OG0014736	anno1.g12119.t1							
OG0014737	anno1.g12125.t1							
OG0014738	anno1.g12175.t1							
OG0014739	anno1.g12176.t1							
OG0014740	anno1.g12262.t1							
OG0014741	anno1.g12334.t1							
OG0014742	anno1.g12350.t1							
OG0014743	anno1.g12490.t1							
OG0014744	anno1.g12504.t1							
OG0014745	anno1.g12505.t1							
OG0014746	anno1.g12549.t1							
OG0014747	anno1.g12558.t1							
OG0014748	anno1.g12583.t1							
OG0014749	anno1.g12653.t1							
OG0014750	anno1.g12689.t1							
OG0014751	anno1.g12790.t1							
OG0014752	anno1.g12838.t1							
OG0014753	anno1.g12847.t1							
OG0014754	anno1.g12878.t1							
OG0014755	anno1.g12909.t1							
OG0014756	anno1.g13050.t1							
OG0014757	anno1.g13060.t1							
OG0014758	anno1.g13061.t1							
OG0014759	anno1.g13095.t1							
OG0014760	anno1.g13115.t2							
OG0014761	anno1.g13117.t1							
OG0014762	anno1.g13229.t1							
OG0014763	anno1.g13258.t1							
OG0014764	anno1.g13354.t1							
OG0014765	anno1.g13356.t1							
OG0014766	anno1.g13406.t1							
OG0014767	anno1.g13423.t1							
OG0014768	anno1.g13424.t2							
OG0014769	anno1.g13462.t1							
OG0014770	anno1.g13584.t1							
OG0014771	anno1.g13627.t1							
OG0014772	anno1.g13633.t1							
OG0014773	anno1.g13634.t1							
OG0014774	anno1.g13635.t1							
OG0014775	anno1.g13643.t3							
OG0014776	anno1.g13647.t2							
OG0014777	anno1.g13701.t1							
OG0014778	anno1.g13724.t1							
OG0014779	anno1.g13731.t1							
OG0014780	anno1.g13852.t1							
OG0014781	anno1.g13862.t1							
OG0014782	anno1.g13863.t1							
OG0014783	anno1.g13889.t1							
OG0014784	anno1.g13892.t1							
OG0014785	anno1.g13903.t1							
OG0014786	anno1.g13914.t1							
OG0014787	anno1.g13926.t1							
OG0014788	anno1.g13975.t1							
OG0014789	anno1.g14001.t1							
OG0014790	anno1.g14048.t1							
OG0014791	anno1.g14092.t1							
OG0014792	anno1.g14096.t1							
OG0014793	anno1.g14142.t1							
OG0014794	anno1.g14201.t1							
OG0014795	anno1.g14280.t1							
OG0014796	anno1.g14301.t1							
OG0014797	anno1.g14339.t1							
OG0014798	anno1.g14340.t1							
OG0014799	anno1.g14346.t1							
OG0014800	anno1.g14348.t1							
OG0014801	anno1.g14352.t1							
OG0014802	anno1.g14358.t1							
OG0014803	anno1.g14382.t1							
OG0014804	anno1.g14397.t1							
OG0014805	anno1.g14405.t1							
OG0014806	anno1.g14469.t1							
OG0014807	anno1.g14473.t1							
OG0014808	anno1.g14484.t1							
OG0014809	anno1.g14511.t1							
OG0014810	anno1.g14513.t1							
OG0014811	anno1.g14554.t1							
OG0014812	anno1.g14560.t1							
OG0014813	anno1.g14564.t1							
OG0014814	anno1.g14566.t2							
OG0014815	anno1.g14570.t1							
OG0014816	anno1.g14629.t1							
OG0014817	anno1.g14685.t1							
OG0014818	anno1.g14709.t1							
OG0014819	anno1.g14710.t1							
OG0014820	anno1.g14733.t1							
OG0014821	anno1.g14734.t1							
OG0014822	anno1.g14735.t1							
OG0014823	anno1.g14748.t1							
OG0014824	anno1.g14758.t1							
OG0014825	anno1.g14760.t1							
OG0014826	anno1.g14770.t1							
OG0014827	anno1.g14781.t1							
OG0014828	anno1.g14792.t1							
OG0014829	anno1.g14794.t1							
OG0014830	anno1.g14812.t1							
OG0014831	anno1.g14815.t1							
OG0014832	anno1.g14830.t1							
OG0014833	anno1.g14839.t1							
OG0014834		BRAKERILHT00000001613_1						
OG0014835		BRAKERILHT00000001348_1						
OG0014836		BRAKERILHT00000001900_1						
OG0014837		BRAKERILHT00000001316_1						
OG0014838		BRAKERILHT00000000817_1						
OG0014839		BRAKERILHT00000000571_1						
OG0014840		BRAKERILHT00000001026_1						
OG0014841		BRAKERILHT00000000931_1						
OG0014842		BRAKERILHT00000000488_1						
OG0014843		BRAKERILHT00000001184_1						
OG0014844		BRAKERILHT00000000595_1						
OG0014845		BRAKERILHT00000001897_1						
OG0014846		BRAKERILHT00000000337_1						
OG0014847		BRAKERILHT00000001061_1						
OG0014848		BRAKERILHT00000001530_1						
OG0014849		BRAKERILHT00000000193_1						
OG0014850		BRAKERILHT00000000570_1						
OG0014851		BRAKERILHT00000000645_1						
OG0014852		BRAKERILHT00000000857_1						
OG0014853		BRAKERILHT00000000990_1						
OG0014854		BRAKERILHT00000001625_1						
OG0014855		BRAKERILHT00000001817_1						
OG0014856		BRAKERILHT00000001245_1						
OG0014857		BRAKERILHT00000001330_1						
OG0014858		BRAKERILHT00000001357_1						
OG0014859		BRAKERILHT00000000324_1						
OG0014860		BRAKERILHT00000001531_1						
OG0014861		BRAKERILHT00000001349_1						
OG0014862		BRAKERILHT00000000743_1						
OG0014863		BRAKERILHT00000001428_1						
OG0014864		BRAKERILHT00000000963_1						
OG0014865		BRAKERILHT00000001201_1						
OG0014866		BRAKERILHT00000001435_1						
OG0014867		BRAKERILHT00000000952_1						
OG0014868		BRAKERILHT00000000957_1						
OG0014869		BRAKERILHT00000000872_1						
OG0014870		BRAKERILHT00000001607_1						
OG0014871		BRAKERILHT00000000868_1						
OG0014872		BRAKERILHT00000001880_1						
OG0014873		BRAKERILHT00000001852_1						
OG0014874		BRAKERILHT00000001513_1						
OG0014875		BRAKERILHT00000001690_1						
OG0014876		BRAKERILHT00000000247_1						
OG0014877		BRAKERILHT00000001637_1						
OG0014878		BRAKERILHT00000000116_1						
OG0014879		BRAKERILHT00000000727_1						
OG0014880		BRAKERILHT00000001313_1						
OG0014881		BRAKERILHT00000002003_1						
OG0014882		BRAKERILHT00000000358_1						
OG0014883		BRAKERILHT00000001021_1						
OG0014884		BRAKERILHT00000001465_1						
OG0014885		BRAKERILHT00000000381_1						
OG0014886		BRAKERILHT00000001209_1						
OG0014887		BRAKERILHT00000000217_1						
OG0014888		BRAKERILHT00000001072_1						
OG0014889		BRAKERILHT00000000877_1						
OG0014890		BRAKERILHT00000000043_1						
OG0014891		BRAKERILHT00000000175_1						
OG0014892		BRAKERILHT00000001511_1						
OG0014893		BRAKERILHT00000001889_1						
OG0014894		BRAKERILHT00000000665_1						
OG0014895		BRAKERILHT00000001983_1						
OG0014896		BRAKERILHT00000000131_1						
OG0014897		BRAKERILHT00000001567_1						
OG0014898		BRAKERILHT00000002099_1						
OG0014899		BRAKERILHT00000001771_1						
OG0014900		BRAKERILHT00000000873_1						
OG0014901		BRAKERILHT00000001859_1						
OG0014902		BRAKERILHT00000000869_1						
OG0014903		BRAKERILHT00000000984_1						
OG0014904		BRAKERILHT00000001746_1						
OG0014905		BRAKERILHT00000001205_1						
OG0014906		BRAKERILHT00000000056_1						
OG0014907		BRAKERILHT00000002177_1						
OG0014908		BRAKERILHT00000002161_1						
OG0014909		BRAKERILHT00000001401_1						
OG0014910		BRAKERILHT00000000491_1						
OG0014911		BRAKERILHT00000001119_1						
OG0014912		BRAKERILHT00000001423_1						
OG0014913		BRAKERILHT00000002027_1						
OG0014914		BRAKERILHT00000001484_1						
OG0014915		BRAKERILHT00000001912_1						
OG0014916		BRAKERILHT00000001377_1						
OG0014917		BRAKERILHT00000000863_1						
OG0014918		BRAKERILHT00000000431_1						
OG0014919		BRAKERILHT00000001951_1						
OG0014920		BRAKERILHT00000001238_1						
OG0014921		BRAKERILHT00000000258_1						
OG0014922		BRAKERILHT00000001356_1						
OG0014923		BRAKERILHT00000001249_1						
OG0014924		BRAKERILHT00000001280_1						
OG0014925		BRAKERILHT00000002086_1						
OG0014926		BRAKERILHT00000000937_1						
OG0014927		BRAKERILHT00000000238_1						
OG0014928		BRAKERILHT00000001958_1						
OG0014929		BRAKERILHT00000000694_1						
OG0014930		BRAKERILHT00000001023_1						
OG0014931		BRAKERILHT00000001446_1						
OG0014932		BRAKERILHT00000000686_1						
OG0014933		BRAKERILHT00000002117_1						
OG0014934		BRAKERILHT00000001821_1						
OG0014935		BRAKERILHT00000000064_1						
OG0014936		BRAKERILHT00000001834_1						
OG0014937		BRAKERILHT00000001704_1						
OG0014938		BRAKERILHT00000000147_1						
OG0014939		BRAKERILHT00000000749_1						
OG0014940		BRAKERILHT00000001244_1						
OG0014941		BRAKERILHT00000000779_1						
OG0014942		BRAKERILHT00000000300_1						
OG0014943		BRAKERILHT00000001987_1						
OG0014944		BRAKERILHT00000001015_1						
OG0014945		BRAKERILHT00000000728_1						
OG0014946		BRAKERILHT00000000617_1						
OG0014947		BRAKERILHT00000001368_1						
OG0014948		BRAKERILHT00000000753_1						
OG0014949		BRAKERILHT00000001494_1						
OG0014950		BRAKERILHT00000001714_1						
OG0014951		BRAKERILHT00000000039_1						
OG0014952		BRAKERILHT00000001993_1						
OG0014953		BRAKERILHT00000001157_1						
OG0014954		BRAKERILHT00000001182_1						
OG0014955		BRAKERILHT00000001915_1						
OG0014956		BRAKERILHT00000000867_1						
OG0014957		BRAKERILHT00000000065_1						
OG0014958		BRAKERILHT00000001300_1						
OG0014959		BRAKERILHT00000000281_1						
OG0014960		BRAKERILHT00000001310_1						
OG0014961		BRAKERILHT00000000165_1						
OG0014962		BRAKERILHT00000000347_1						
OG0014963		BRAKERILHT00000001770_1						
OG0014964		BRAKERILHT00000000022_1						
OG0014965		BRAKERILHT00000002144_1						
OG0014966		BRAKERILHT00000001534_1						
OG0014967		BRAKERILHT00000000922_1						
OG0014968		BRAKERILHT00000000639_1						
OG0014969		BRAKERILHT00000000231_1						
OG0014970		BRAKERILHT00000001679_1						
OG0014971		BRAKERILHT00000000208_1						
OG0014972		BRAKERILHT00000001683_1						
OG0014973		BRAKERILHT00000001433_1						
OG0014974		BRAKERILHT00000001116_1						
OG0014975		BRAKERILHT00000000606_1						
OG0014976		BRAKERILHT00000001299_1						
OG0014977		BRAKERILHT00000001919_1						
OG0014978		BRAKERILHT00000001070_1						
OG0014979		BRAKERILHT00000001215_1						
OG0014980		BRAKERILHT00000001554_1						
OG0014981		BRAKERILHT00000001230_1						
OG0014982		BRAKERILHT00000001320_1						
OG0014983		BRAKERILHT00000001557_1						
OG0014984		BRAKERILHT00000001154_1						
OG0014985		BRAKERILHT00000001141_1						
OG0014986		BRAKERILHT00000001645_1						
OG0014987		BRAKERILHT00000000647_1						
OG0014988		BRAKERILHT00000001006_1						
OG0014989		BRAKERILHT00000001842_1						
OG0014990		BRAKERILHT00000000136_1						
OG0014991		BRAKERILHT00000001092_1						
OG0014992		BRAKERILHT00000002129_1						
OG0014993		BRAKERILHT00000000035_1						
OG0014994		BRAKERILHT00000001622_1						
OG0014995		BRAKERILHT00000000078_1						
OG0014996		BRAKERILHT00000000585_1						
OG0014997		BRAKERILHT00000001192_1						
OG0014998		BRAKERILHT00000000180_1						
OG0014999		BRAKERILHT00000001126_1						
OG0015000		BRAKERILHT00000001744_1						
OG0015001		BRAKERILHT00000001980_1						
OG0015002		BRAKERILHT00000000342_1						
OG0015003		BRAKERILHT00000001720_1						
OG0015004		BRAKERILHT00000001298_1						
OG0015005		BRAKERILHT00000000128_1						
OG0015006		BRAKERILHT00000000843_1						
OG0015007		BRAKERILHT00000001791_1						
OG0015008		BRAKERILHT00000001630_1						
OG0015009		BRAKERILHT00000001175_1						
OG0015010		BRAKERILHT00000001425_1						
OG0015011		BRAKERILHT00000000756_1						
OG0015012		BRAKERILHT00000000138_1						
OG0015013		BRAKERILHT00000001346_1						
OG0015014		BRAKERILHT00000000828_1						
OG0015015		BRAKERILHT00000000326_1						
OG0015016		BRAKERILHT00000000577_1						
OG0015017		BRAKERILHT00000000084_1						
OG0015018		BRAKERILHT00000001656_1						
OG0015019		BRAKERILHT00000001948_1						
OG0015020		BRAKERILHT00000000356_1						
OG0015021		BRAKERILHT00000002053_1						
OG0015022		BRAKERILHT00000001763_1						
OG0015023		BRAKERILHT00000002142_1						
OG0015024		BRAKERILHT00000000244_1						
OG0015025		BRAKERILHT00000000126_1						
OG0015026		BRAKERILHT00000001285_1						
OG0015027		BRAKERILHT00000001945_1						
OG0015028		BRAKERILHT00000000385_1						
OG0015029		BRAKERILHT00000001007_1						
OG0015030		BRAKERILHT00000001627_1						
OG0015031		BRAKERILHT00000002169_1						
OG0015032		BRAKERILHT00000001252_1						
OG0015033		BRAKERILHT00000000633_1						
OG0015034		BRAKERILHT00000001111_1						
OG0015035		BRAKERILHT00000000513_1						
OG0015036		BRAKERILHT00000000930_1						
OG0015037		BRAKERILHT00000001921_1						
OG0015038		BRAKERILHT00000001397_1						
OG0015039		BRAKERILHT00000002005_1						
OG0015040		BRAKERILHT00000000951_1						
OG0015041		BRAKERILHT00000001928_1						
OG0015042		BRAKERILHT00000001172_1						
OG0015043		BRAKERILHT00000002089_1						
OG0015044		BRAKERILHT00000000819_1						
OG0015045		BRAKERILHT00000001807_1						
OG0015046		BRAKERILHT00000001087_1						
OG0015047		BRAKERILHT00000000268_1						
OG0015048		BRAKERILHT00000000339_1						
OG0015049		BRAKERILHT00000000637_1						
OG0015050		BRAKERILHT00000000782_1						
OG0015051		BRAKERILHT00000001908_1						
OG0015052		BRAKERILHT00000001542_1						
OG0015053		BRAKERILHT00000002107_1						
OG0015054		BRAKERILHT00000002067_1						
OG0015055		BRAKERILHT00000000881_1						
OG0015056		BRAKERILHT00000002166_1						
OG0015057		BRAKERILHT00000001839_1						
OG0015058		BRAKERILHT00000001672_1						
OG0015059		BRAKERILHT00000001874_1						
OG0015060		BRAKERILHT00000001017_1						
OG0015061		BRAKERILHT00000001345_1						
OG0015062		BRAKERILHT00000001833_1						
OG0015063		BRAKERILHT00000000074_1						
OG0015064		BRAKERILHT00000002125_1						
OG0015065		BRAKERILHT00000000052_1						
OG0015066		BRAKERILHT00000000294_1						
OG0015067		BRAKERILHT00000000895_1						
OG0015068		BRAKERILHT00000001878_1						
OG0015069		BRAKERILHT00000000542_1						
OG0015070		BRAKERILHT00000000597_1						
OG0015071		BRAKERILHT00000000002_1						
OG0015072		BRAKERILHT00000000809_1						
OG0015073		BRAKERILHT00000002173_1						
OG0015074		BRAKERILHT00000000611_1						
OG0015075		BRAKERILHT00000000046_1						
OG0015076		BRAKERILHT00000000271_1						
OG0015077		BRAKERILHT00000000030_1						
OG0015078		BRAKERILHT00000000651_1						
OG0015079		BRAKERILHT00000002058_1						
OG0015080		BRAKERILHT00000001363_1						
OG0015081		BRAKERILHT00000001039_1						
OG0015082		BRAKERILHT00000000105_1						
OG0015083		BRAKERILHT00000000794_1						
OG0015084		BRAKERILHT00000000146_1						
OG0015085		BRAKERILHT00000001381_1						
OG0015086		BRAKERILHT00000001045_1						
OG0015087		BRAKERILHT00000002054_1						
OG0015088		BRAKERILHT00000001620_1						
OG0015089		BRAKERILHT00000000861_1						
OG0015090		BRAKERILHT00000001284_1						
OG0015091		BRAKERILHT00000000583_1						
OG0015092		BRAKERILHT00000001944_1						
OG0015093		BRAKERILHT00000001901_1						
OG0015094		BRAKERILHT00000001419_1						
OG0015095		BRAKERILHT00000000462_1						
OG0015096		BRAKERILHT00000000965_1						
OG0015097		BRAKERILHT00000000706_1						
OG0015098		BRAKERILHT00000001539_1						
OG0015099		BRAKERILHT00000002152_1						
OG0015100		BRAKERILHT00000000291_1						
OG0015101		BRAKERILHT00000001911_1						
OG0015102		BRAKERILHT00000000040_1						
OG0015103		BRAKERILHT00000001094_1						
OG0015104		BRAKERILHT00000002024_1						
OG0015105		BRAKERILHT00000000979_1						
OG0015106		BRAKERILHT00000000523_1						
OG0015107		BRAKERILHT00000002164_1						
OG0015108		BRAKERILHT00000001700_1						
OG0015109		BRAKERILHT00000000465_1						
OG0015110		BRAKERILHT00000000502_1						
OG0015111		BRAKERILHT00000000856_1						
OG0015112		BRAKERILHT00000001476_1						
OG0015113		BRAKERILHT00000000744_1						
OG0015114		BRAKERILHT00000001174_1						
OG0015115		BRAKERILHT00000000553_1						
OG0015116		BRAKERILHT00000001455_1						
OG0015117		BRAKERILHT00000000711_1						
OG0015118		BRAKERILHT00000000832_1						
OG0015119		BRAKERILHT00000000741_1						
OG0015120		BRAKERILHT00000000097_1						
OG0015121		BRAKERILHT00000000763_1						
OG0015122		BRAKERILHT00000001916_1						
OG0015123		BRAKERILHT00000001525_1						
OG0015124		BRAKERILHT00000000221_1						
OG0015125		BRAKERILHT00000000882_1						
OG0015126		BRAKERILHT00000000975_1						
OG0015127		BRAKERILHT00000000622_1						
OG0015128		BRAKERILHT00000001197_1						
OG0015129		BRAKERILHT00000000960_1						
OG0015130		BRAKERILHT00000001619_1						
OG0015131		BRAKERILHT00000000853_1						
OG0015132		BRAKERILHT00000001666_1						
OG0015133		BRAKERILHT00000000998_1						
OG0015134		BRAKERILHT00000000584_1						
OG0015135		BRAKERILHT00000000887_1						
OG0015136		BRAKERILHT00000001616_1						
OG0015137		BRAKERILHT00000001805_1						
OG0015138		BRAKERILHT00000001063_1						
OG0015139		BRAKERILHT00000001561_1						
OG0015140		BRAKERILHT00000001301_1						
OG0015141		BRAKERILHT00000000574_1						
OG0015142		BRAKERILHT00000001265_1						
OG0015143		BRAKERILHT00000001876_1						
OG0015144		BRAKERILHT00000001959_1						
OG0015145		BRAKERILHT00000000859_1						
OG0015146		BRAKERILHT00000000501_1						
OG0015147		BRAKERILHT00000000111_1						
OG0015148		BRAKERILHT00000001122_1						
OG0015149		BRAKERILHT00000002046_1						
OG0015150		BRAKERILHT00000001255_1						
OG0015151		BRAKERILHT00000001688_1						
OG0015152		BRAKERILHT00000001896_1						
OG0015153		BRAKERILHT00000001470_1						
OG0015154		BRAKERILHT00000000400_1						
OG0015155		BRAKERILHT00000001003_1						
OG0015156		BRAKERILHT00000001155_1						
OG0015157		BRAKERILHT00000001610_1						
OG0015158		BRAKERILHT00000000398_1						
OG0015159		BRAKERILHT00000001243_1						
OG0015160		BRAKERILHT00000000707_1						
OG0015161		BRAKERILHT00000000573_1						
OG0015162		BRAKERILHT00000001458_1						
OG0015163		BRAKERILHT00000000311_1						
OG0015164		BRAKERILHT00000001499_1						
OG0015165		BRAKERILHT00000000129_1						
OG0015166		BRAKERILHT00000001678_1						
OG0015167		BRAKERILHT00000001240_1						
OG0015168		BRAKERILHT00000000567_1						
OG0015169		BRAKERILHT00000001162_1						
OG0015170		BRAKERILHT00000001091_1						
OG0015171		BRAKERILHT00000001042_1						
OG0015172		BRAKERILHT00000000620_1						
OG0015173		BRAKERILHT00000001800_1						
OG0015174		BRAKERILHT00000000375_1						
OG0015175		BRAKERILHT00000001865_1						
OG0015176		BRAKERILHT00000001822_1						
OG0015177		BRAKERILHT00000000257_1						
OG0015178		BRAKERILHT00000001748_1						
OG0015179		BRAKERILHT00000001303_1						
OG0015180		BRAKERILHT00000001890_1						
OG0015181		BRAKERILHT00000000110_1						
OG0015182		BRAKERILHT00000000547_1						
OG0015183		BRAKERILHT00000000073_1						
OG0015184		BRAKERILHT00000000736_1						
OG0015185		BRAKERILHT00000000220_1						
OG0015186		BRAKERILHT00000002007_1						
OG0015187		BRAKERILHT00000001850_1						
OG0015188		BRAKERILHT00000002038_1						
OG0015189		BRAKERILHT00000001820_1						
OG0015190		BRAKERILHT00000000178_1						
OG0015191		BRAKERILHT00000001811_1						
OG0015192		BRAKERILHT00000000072_1						
OG0015193		BRAKERILHT00000002001_1						
OG0015194		BRAKERILHT00000000191_1						
OG0015195		BRAKERILHT00000001883_1						
OG0015196		BRAKERILHT00000002015_1						
OG0015197		BRAKERILHT00000001509_1						
OG0015198		BRAKERILHT00000000942_1						
OG0015199		BRAKERILHT00000000789_1						
OG0015200		BRAKERILHT00000000059_1						
OG0015201		BRAKERILHT00000000049_1						
OG0015202		BRAKERILHT00000001651_1						
OG0015203		BRAKERILHT00000000499_1						
OG0015204		BRAKERILHT00000000262_1						
OG0015205		BRAKERILHT00000000907_1						
OG0015206		BRAKERILHT00000000067_1						
OG0015207		BRAKERILHT00000001536_1						
OG0015208		BRAKERILHT00000001537_1						
OG0015209		BRAKERILHT00000001437_1						
OG0015210		BRAKERILHT00000000260_1						
OG0015211		BRAKERILHT00000000886_1						
OG0015212		BRAKERILHT00000001845_1						
OG0015213		BRAKERILHT00000000369_1						
OG0015214		BRAKERILHT00000000609_1						
OG0015215		BRAKERILHT00000000420_1						
OG0015216		BRAKERILHT00000000695_1						
OG0015217		BRAKERILHT00000001654_1						
OG0015218		BRAKERILHT00000001482_1						
OG0015219		BRAKERILHT00000000158_1						
OG0015220		BRAKERILHT00000001385_1						
OG0015221		BRAKERILHT00000000285_1						
OG0015222		BRAKERILHT00000000714_1						
OG0015223		BRAKERILHT00000000969_1						
OG0015224		BRAKERILHT00000000702_1						
OG0015225		BRAKERILHT00000001074_1						
OG0015226		BRAKERILHT00000001121_1						
OG0015227		BRAKERILHT00000000709_1						
OG0015228		BRAKERILHT00000002080_1						
OG0015229		BRAKERILHT00000000815_1						
OG0015230		BRAKERILHT00000002084_1						
OG0015231		BRAKERILHT00000000545_1						
OG0015232		BRAKERILHT00000000079_1						
OG0015233		BRAKERILHT00000001943_1						
OG0015234		BRAKERILHT00000000327_1						
OG0015235		BRAKERILHT00000001773_1						
OG0015236		BRAKERILHT00000001293_1						
OG0015237		BRAKERILHT00000001826_1						
OG0015238		BRAKERILHT00000001514_1						
OG0015239		BRAKERILHT00000002023_1						
OG0015240		BRAKERILHT00000001223_1						
OG0015241		BRAKERILHT00000000130_1						
OG0015242		BRAKERILHT00000001646_1						
OG0015243		BRAKERILHT00000001365_1						
OG0015244		BRAKERILHT00000002128_1						
OG0015245		BRAKERILHT00000000799_1						
OG0015246		BRAKERILHT00000001225_1						
OG0015247		BRAKERILHT00000002235_1						
OG0015248		BRAKERILHT00000003311_1						
OG0015249		BRAKERILHT00000002281_1						
OG0015250		BRAKERILHT00000004097_1						
OG0015251		BRAKERILHT00000003266_1						
OG0015252		BRAKERILHT00000004349_1						
OG0015253		BRAKERILHT00000003277_1						
OG0015254		BRAKERILHT00000003733_1						
OG0015255		BRAKERILHT00000002904_1						
OG0015256		BRAKERILHT00000003335_1						
OG0015257		BRAKERILHT00000003968_1						
OG0015258		BRAKERILHT00000003187_1						
OG0015259		BRAKERILHT00000002300_1						
OG0015260		BRAKERILHT00000004066_1						
OG0015261		BRAKERILHT00000003426_1						
OG0015262		BRAKERILHT00000003370_1						
OG0015263		BRAKERILHT00000002620_1						
OG0015264		BRAKERILHT00000003999_1						
OG0015265		BRAKERILHT00000003055_1						
OG0015266		BRAKERILHT00000003525_1						
OG0015267		BRAKERILHT00000004347_1						
OG0015268		BRAKERILHT00000002550_1						
OG0015269		BRAKERILHT00000002284_1						
OG0015270		BRAKERILHT00000004263_1						
OG0015271		BRAKERILHT00000003744_1						
OG0015272		BRAKERILHT00000003828_1						
OG0015273		BRAKERILHT00000004314_1						
OG0015274		BRAKERILHT00000003660_1						
OG0015275		BRAKERILHT00000004283_1						
OG0015276		BRAKERILHT00000004329_1						
OG0015277		BRAKERILHT00000002313_1						
OG0015278		BRAKERILHT00000002356_1						
OG0015279		BRAKERILHT00000003124_1						
OG0015280		BRAKERILHT00000002788_1						
OG0015281		BRAKERILHT00000003984_1						
OG0015282		BRAKERILHT00000002608_1						
OG0015283		BRAKERILHT00000003643_1						
OG0015284		BRAKERILHT00000003105_1						
OG0015285		BRAKERILHT00000002700_1						
OG0015286		BRAKERILHT00000004118_1						
OG0015287		BRAKERILHT00000003417_1						
OG0015288		BRAKERILHT00000004122_1						
OG0015289		BRAKERILHT00000003290_1						
OG0015290		BRAKERILHT00000002510_1						
OG0015291		BRAKERILHT00000002823_1						
OG0015292		BRAKERILHT00000002515_1						
OG0015293		BRAKERILHT00000003431_1						
OG0015294		BRAKERILHT00000004356_1						
OG0015295		BRAKERILHT00000002369_1						
OG0015296		BRAKERILHT00000003279_1						
OG0015297		BRAKERILHT00000002675_1						
OG0015298		BRAKERILHT00000003015_1						
OG0015299		BRAKERILHT00000002226_1						
OG0015300		BRAKERILHT00000002211_1						
OG0015301		BRAKERILHT00000003466_1						
OG0015302		BRAKERILHT00000003562_1						
OG0015303		BRAKERILHT00000002619_1						
OG0015304		BRAKERILHT00000002589_1						
OG0015305		BRAKERILHT00000003897_1						
OG0015306		BRAKERILHT00000003005_1						
OG0015307		BRAKERILHT00000003663_1						
OG0015308		BRAKERILHT00000002749_1						
OG0015309		BRAKERILHT00000003351_1						
OG0015310		BRAKERILHT00000003614_1						
OG0015311		BRAKERILHT00000002269_1						
OG0015312		BRAKERILHT00000002238_1						
OG0015313		BRAKERILHT00000002276_1						
OG0015314		BRAKERILHT00000003899_1						
OG0015315		BRAKERILHT00000004385_1						
OG0015316		BRAKERILHT00000002756_1						
OG0015317		BRAKERILHT00000004405_1						
OG0015318		BRAKERILHT00000002657_1						
OG0015319		BRAKERILHT00000002868_1						
OG0015320		BRAKERILHT00000002321_1						
OG0015321		BRAKERILHT00000003354_1						
OG0015322		BRAKERILHT00000002729_1						
OG0015323		BRAKERILHT00000003877_1						
OG0015324		BRAKERILHT00000004244_1						
OG0015325		BRAKERILHT00000002920_1						
OG0015326		BRAKERILHT00000002702_1						
OG0015327		BRAKERILHT00000003072_1						
OG0015328		BRAKERILHT00000004275_1						
OG0015329		BRAKERILHT00000002580_1						
OG0015330		BRAKERILHT00000002587_1						
OG0015331		BRAKERILHT00000002403_1						
OG0015332		BRAKERILHT00000003152_1						
OG0015333		BRAKERILHT00000003558_1						
OG0015334		BRAKERILHT00000002581_1						
OG0015335		BRAKERILHT00000002559_1						
OG0015336		BRAKERILHT00000003813_1						
OG0015337		BRAKERILHT00000004341_1						
OG0015338		BRAKERILHT00000002560_1						
OG0015339		BRAKERILHT00000003065_1						
OG0015340		BRAKERILHT00000003812_1						
OG0015341		BRAKERILHT00000004361_1						
OG0015342		BRAKERILHT00000002857_1						
OG0015343		BRAKERILHT00000002373_1						
OG0015344		BRAKERILHT00000003023_1						
OG0015345		BRAKERILHT00000003358_1						
OG0015346		BRAKERILHT00000003359_1						
OG0015347		BRAKERILHT00000004190_1						
OG0015348		BRAKERILHT00000002709_1						
OG0015349		BRAKERILHT00000003416_1						
OG0015350		BRAKERILHT00000002826_1						
OG0015351		BRAKERILHT00000002526_1						
OG0015352		BRAKERILHT00000004058_1						
OG0015353		BRAKERILHT00000002937_1						
OG0015354		BRAKERILHT00000004091_1						
OG0015355		BRAKERILHT00000002931_1						
OG0015356		BRAKERILHT00000003382_1						
OG0015357		BRAKERILHT00000003887_1						
OG0015358		BRAKERILHT00000002486_1						
OG0015359		BRAKERILHT00000003230_1						
OG0015360		BRAKERILHT00000004209_1						
OG0015361		BRAKERILHT00000003919_1						
OG0015362		BRAKERILHT00000003827_1						
OG0015363		BRAKERILHT00000002423_1						
OG0015364		BRAKERILHT00000004294_1						
OG0015365		BRAKERILHT00000004301_1						
OG0015366		BRAKERILHT00000003147_1						
OG0015367		BRAKERILHT00000003957_1						
OG0015368		BRAKERILHT00000003328_1						
OG0015369		BRAKERILHT00000004286_1						
OG0015370		BRAKERILHT00000004280_1						
OG0015371		BRAKERILHT00000002197_1						
OG0015372		BRAKERILHT00000003377_1						
OG0015373		BRAKERILHT00000004027_1						
OG0015374		BRAKERILHT00000003830_1						
OG0015375		BRAKERILHT00000002661_1						
OG0015376		BRAKERILHT00000002882_1						
OG0015377		BRAKERILHT00000003507_1						
OG0015378		BRAKERILHT00000002593_1						
OG0015379		BRAKERILHT00000003866_1						
OG0015380		BRAKERILHT00000003971_1						
OG0015381		BRAKERILHT00000003350_1						
OG0015382		BRAKERILHT00000002370_1						
OG0015383		BRAKERILHT00000004302_1						
OG0015384		BRAKERILHT00000003046_1						
OG0015385		BRAKERILHT00000003367_1						
OG0015386		BRAKERILHT00000003425_1						
OG0015387		BRAKERILHT00000002246_1						
OG0015388		BRAKERILHT00000002899_1						
OG0015389		BRAKERILHT00000003075_1						
OG0015390		BRAKERILHT00000002565_1						
OG0015391		BRAKERILHT00000002263_1						
OG0015392		BRAKERILHT00000004054_1						
OG0015393		BRAKERILHT00000004171_1						
OG0015394		BRAKERILHT00000002561_1						
OG0015395		BRAKERILHT00000004373_1						
OG0015396		BRAKERILHT00000003399_1						
OG0015397		BRAKERILHT00000004184_1						
OG0015398		BRAKERILHT00000003655_1						
OG0015399		BRAKERILHT00000003516_1						
OG0015400		BRAKERILHT00000002228_1						
OG0015401		BRAKERILHT00000003433_1						
OG0015402		BRAKERILHT00000002439_1						
OG0015403		BRAKERILHT00000003679_1						
OG0015404		BRAKERILHT00000002411_1						
OG0015405		BRAKERILHT00000004195_1						
OG0015406		BRAKERILHT00000004203_1						
OG0015407		BRAKERILHT00000003184_1						
OG0015408		BRAKERILHT00000002314_1						
OG0015409		BRAKERILHT00000003936_1						
OG0015410		BRAKERILHT00000003565_1						
OG0015411		BRAKERILHT00000002939_1						
OG0015412		BRAKERILHT00000004117_1						
OG0015413		BRAKERILHT00000004156_1						
OG0015414		BRAKERILHT00000002366_1						
OG0015415		BRAKERILHT00000002280_1						
OG0015416		BRAKERILHT00000004154_1						
OG0015417		BRAKERILHT00000003364_1						
OG0015418		BRAKERILHT00000003120_1						
OG0015419		BRAKERILHT00000003034_1						
OG0015420		BRAKERILHT00000003966_1						
OG0015421		BRAKERILHT00000003041_1						
OG0015422		BRAKERILHT00000003371_1						
OG0015423		BRAKERILHT00000002641_1						
OG0015424		BRAKERILHT00000002371_1						
OG0015425		BRAKERILHT00000002906_1						
OG0015426		BRAKERILHT00000002794_1						
OG0015427		BRAKERILHT00000002732_1						
OG0015428		BRAKERILHT00000004047_1						
OG0015429		BRAKERILHT00000002746_1						
OG0015430		BRAKERILHT00000004290_1						
OG0015431		BRAKERILHT00000003505_1						
OG0015432		BRAKERILHT00000003646_1						
OG0015433		BRAKERILHT00000002850_1						
OG0015434		BRAKERILHT00000003314_1						
OG0015435		BRAKERILHT00000002666_1						
OG0015436		BRAKERILHT00000003141_1						
OG0015437		BRAKERILHT00000004293_1						
OG0015438		BRAKERILHT00000002334_1						
OG0015439		BRAKERILHT00000002990_1						
OG0015440		BRAKERILHT00000002528_1						
OG0015441		BRAKERILHT00000002205_1						
OG0015442		BRAKERILHT00000002389_1						
OG0015443		BRAKERILHT00000003360_1						
OG0015444		BRAKERILHT00000003300_1						
OG0015445		BRAKERILHT00000003683_1						
OG0015446		BRAKERILHT00000003103_1						
OG0015447		BRAKERILHT00000002249_1						
OG0015448		BRAKERILHT00000004317_1						
OG0015449		BRAKERILHT00000003809_1						
OG0015450		BRAKERILHT00000004172_1						
OG0015451		BRAKERILHT00000004441_1						
OG0015452		BRAKERILHT00000003628_1						
OG0015453		BRAKERILHT00000003280_1						
OG0015454		BRAKERILHT00000003714_1						
OG0015455		BRAKERILHT00000003839_1						
OG0015456		BRAKERILHT00000003325_1						
OG0015457		BRAKERILHT00000004249_1						
OG0015458		BRAKERILHT00000002611_1						
OG0015459		BRAKERILHT00000003139_1						
OG0015460		BRAKERILHT00000002982_1						
OG0015461		BRAKERILHT00000003397_1						
OG0015462		BRAKERILHT00000003908_1						
OG0015463		BRAKERILHT00000003013_1						
OG0015464		BRAKERILHT00000003517_1						
OG0015465		BRAKERILHT00000004308_1						
OG0015466		BRAKERILHT00000003956_1						
OG0015467		BRAKERILHT00000003267_1						
OG0015468		BRAKERILHT00000002854_1						
OG0015469		BRAKERILHT00000004425_1						
OG0015470		BRAKERILHT00000003785_1						
OG0015471		BRAKERILHT00000002383_1						
OG0015472		BRAKERILHT00000002865_1						
OG0015473		BRAKERILHT00000003585_1						
OG0015474		BRAKERILHT00000003544_1						
OG0015475		BRAKERILHT00000002621_1						
OG0015476		BRAKERILHT00000003870_1						
OG0015477		BRAKERILHT00000003404_1						
OG0015478		BRAKERILHT00000003926_1						
OG0015479		BRAKERILHT00000002214_1						
OG0015480		BRAKERILHT00000002877_1						
OG0015481		BRAKERILHT00000003506_1						
OG0015482		BRAKERILHT00000002625_1						
OG0015483		BRAKERILHT00000003814_1						
OG0015484		BRAKERILHT00000002859_1						
OG0015485		BRAKERILHT00000004251_1						
OG0015486		BRAKERILHT00000004015_1						
OG0015487		BRAKERILHT00000003792_1						
OG0015488		BRAKERILHT00000003469_1						
OG0015489		BRAKERILHT00000003027_1						
OG0015490		BRAKERILHT00000003859_1						
OG0015491		BRAKERILHT00000002644_1						
OG0015492		BRAKERILHT00000002420_1						
OG0015493		BRAKERILHT00000003631_1						
OG0015494		BRAKERILHT00000003924_1						
OG0015495		BRAKERILHT00000003270_1						
OG0015496		BRAKERILHT00000002980_1						
OG0015497		BRAKERILHT00000002730_1						
OG0015498		BRAKERILHT00000003195_1						
OG0015499		BRAKERILHT00000003671_1						
OG0015500		BRAKERILHT00000003722_1						
OG0015501		BRAKERILHT00000004170_1						
OG0015502		BRAKERILHT00000002309_1						
OG0015503		BRAKERILHT00000003218_1						
OG0015504		BRAKERILHT00000004226_1						
OG0015505		BRAKERILHT00000002753_1						
OG0015506		BRAKERILHT00000004033_1						
OG0015507		BRAKERILHT00000003227_1						
OG0015508		BRAKERILHT00000002400_1						
OG0015509		BRAKERILHT00000002736_1						
OG0015510		BRAKERILHT00000002191_1						
OG0015511		BRAKERILHT00000002248_1						
OG0015512		BRAKERILHT00000003485_1						
OG0015513		BRAKERILHT00000003775_1						
OG0015514		BRAKERILHT00000004428_1						
OG0015515		BRAKERILHT00000002848_1						
OG0015516		BRAKERILHT00000002987_1						
OG0015517		BRAKERILHT00000003333_1						
OG0015518		BRAKERILHT00000003191_1						
OG0015519		BRAKERILHT00000003613_1						
OG0015520		BRAKERILHT00000004313_1						
OG0015521		BRAKERILHT00000002326_1						
OG0015522		BRAKERILHT00000002898_1						
OG0015523		BRAKERILHT00000004395_1						
OG0015524		BRAKERILHT00000003738_1						
OG0015525		BRAKERILHT00000003058_1						
OG0015526		BRAKERILHT00000003718_1						
OG0015527		BRAKERILHT00000002466_1						
OG0015528		BRAKERILHT00000002966_1						
OG0015529		BRAKERILHT00000004316_1						
OG0015530		BRAKERILHT00000002272_1						
OG0015531		BRAKERILHT00000003273_1						
OG0015532		BRAKERILHT00000004259_1						
OG0015533		BRAKERILHT00000003617_1						
OG0015534		BRAKERILHT00000003045_1						
OG0015535		BRAKERILHT00000004011_1						
OG0015536		BRAKERILHT00000003252_1						
OG0015537		BRAKERILHT00000003837_1						
OG0015538		BRAKERILHT00000003104_1						
OG0015539		BRAKERILHT00000002596_1						
OG0015540		BRAKERILHT00000004270_1						
OG0015541		BRAKERILHT00000002901_1						
OG0015542		BRAKERILHT00000003342_1						
OG0015543		BRAKERILHT00000002972_1						
OG0015544		BRAKERILHT00000003702_1						
OG0015545		BRAKERILHT00000002731_1						
OG0015546		BRAKERILHT00000002297_1						
OG0015547		BRAKERILHT00000002430_1						
OG0015548		BRAKERILHT00000003653_1						
OG0015549		BRAKERILHT00000003944_1						
OG0015550		BRAKERILHT00000003938_1						
OG0015551		BRAKERILHT00000003438_1						
OG0015552		BRAKERILHT00000002442_1						
OG0015553		BRAKERILHT00000003662_1						
OG0015554		BRAKERILHT00000002532_1						
OG0015555		BRAKERILHT00000002533_1						
OG0015556		BRAKERILHT00000004167_1						
OG0015557		BRAKERILHT00000004003_1						
OG0015558		BRAKERILHT00000004343_1						
OG0015559		BRAKERILHT00000004266_1						
OG0015560		BRAKERILHT00000002535_1						
OG0015561		BRAKERILHT00000003167_1						
OG0015562		BRAKERILHT00000004384_1						
OG0015563		BRAKERILHT00000002311_1						
OG0015564		BRAKERILHT00000003874_1						
OG0015565		BRAKERILHT00000003699_1						
OG0015566		BRAKERILHT00000002689_1						
OG0015567		BRAKERILHT00000003186_1						
OG0015568		BRAKERILHT00000003678_1						
OG0015569		BRAKERILHT00000004192_1						
OG0015570		BRAKERILHT00000003498_1						
OG0015571		BRAKERILHT00000002497_1						
OG0015572		BRAKERILHT00000004388_1						
OG0015573		BRAKERILHT00000004086_1						
OG0015574		BRAKERILHT00000003524_1						
OG0015575		BRAKERILHT00000004268_1						
OG0015576		BRAKERILHT00000002545_1						
OG0015577		BRAKERILHT00000003213_1						
OG0015578		BRAKERILHT00000004009_1						
OG0015579		BRAKERILHT00000002464_1						
OG0015580		BRAKERILHT00000003251_1						
OG0015581		BRAKERILHT00000003692_1						
OG0015582		BRAKERILHT00000002630_1						
OG0015583		BRAKERILHT00000003759_1						
OG0015584		BRAKERILHT00000002428_1						
OG0015585		BRAKERILHT00000003012_1						
OG0015586		BRAKERILHT00000003758_1						
OG0015587		BRAKERILHT00000003281_1						
OG0015588		BRAKERILHT00000003972_1						
OG0015589		BRAKERILHT00000002333_1						
OG0015590		BRAKERILHT00000002250_1						
OG0015591		BRAKERILHT00000004446_1						
OG0015592		BRAKERILHT00000003125_1						
OG0015593		BRAKERILHT00000002839_1						
OG0015594		BRAKERILHT00000004450_1						
OG0015595		BRAKERILHT00000003727_1						
OG0015596		BRAKERILHT00000002856_1						
OG0015597		BRAKERILHT00000002767_1						
OG0015598		BRAKERILHT00000002585_1						
OG0015599		BRAKERILHT00000002759_1						
OG0015600		BRAKERILHT00000003379_1						
OG0015601		BRAKERILHT00000002924_1						
OG0015602		BRAKERILHT00000002395_1						
OG0015603		BRAKERILHT00000002542_1						
OG0015604		BRAKERILHT00000003841_1						
OG0015605		BRAKERILHT00000002949_1						
OG0015606		BRAKERILHT00000002357_1						
OG0015607		BRAKERILHT00000004133_1						
OG0015608		BRAKERILHT00000003366_1						
OG0015609		BRAKERILHT00000004075_1						
OG0015610		BRAKERILHT00000002307_1						
OG0015611		BRAKERILHT00000003951_1						
OG0015612		BRAKERILHT00000002436_1						
OG0015613		BRAKERILHT00000004324_1						
OG0015614		BRAKERILHT00000002885_1						
OG0015615		BRAKERILHT00000002697_1						
OG0015616		BRAKERILHT00000002268_1						
OG0015617		BRAKERILHT00000002896_1						
OG0015618		BRAKERILHT00000004079_1						
OG0015619		BRAKERILHT00000003437_1						
OG0015620		BRAKERILHT00000004073_1						
OG0015621		BRAKERILHT00000002827_1						
OG0015622		BRAKERILHT00000004144_1						
OG0015623		BRAKERILHT00000003597_1						
OG0015624		BRAKERILHT00000004146_1						
OG0015625		BRAKERILHT00000003355_1						
OG0015626		BRAKERILHT00000002943_1						
OG0015627		BRAKERILHT00000004439_1						
OG0015628		BRAKERILHT00000003113_1						
OG0015629		BRAKERILHT00000004095_1						
OG0015630		BRAKERILHT00000004364_1						
OG0015631		BRAKERILHT00000003641_1						
OG0015632		BRAKERILHT00000004300_1						
OG0015633		BRAKERILHT00000003114_1						
OG0015634		BRAKERILHT00000003630_1						
OG0015635		BRAKERILHT00000003457_1						
OG0015636		BRAKERILHT00000003993_1						
OG0015637		BRAKERILHT00000003803_1						
OG0015638		BRAKERILHT00000004257_1						
OG0015639		BRAKERILHT00000002459_1						
OG0015640		BRAKERILHT00000003821_1						
OG0015641		BRAKERILHT00000006400_1						
OG0015642		BRAKERILHT00000004942_1						
OG0015643		BRAKERILHT00000005347_1						
OG0015644		BRAKERILHT00000005149_1						
OG0015645		BRAKERILHT00000004880_1						
OG0015646		BRAKERILHT00000006349_1						
OG0015647		BRAKERILHT00000005213_1						
OG0015648		BRAKERILHT00000006192_1						
OG0015649		BRAKERILHT00000004499_1						
OG0015650		BRAKERILHT00000004796_1						
OG0015651		BRAKERILHT00000006293_1						
OG0015652		BRAKERILHT00000005689_1						
OG0015653		BRAKERILHT00000004592_1						
OG0015654		BRAKERILHT00000004900_1						
OG0015655		BRAKERILHT00000005342_1						
OG0015656		BRAKERILHT00000006442_1						
OG0015657		BRAKERILHT00000005883_1						
OG0015658		BRAKERILHT00000006441_1						
OG0015659		BRAKERILHT00000006179_1						
OG0015660		BRAKERILHT00000004731_1						
OG0015661		BRAKERILHT00000005362_1						
OG0015662		BRAKERILHT00000005697_1						
OG0015663		BRAKERILHT00000006219_1						
OG0015664		BRAKERILHT00000005070_1						
OG0015665		BRAKERILHT00000004509_1						
OG0015666		BRAKERILHT00000005477_1						
OG0015667		BRAKERILHT00000004965_1						
OG0015668		BRAKERILHT00000004985_1						
OG0015669		BRAKERILHT00000005683_1						
OG0015670		BRAKERILHT00000006290_1						
OG0015671		BRAKERILHT00000005583_1						
OG0015672		BRAKERILHT00000005290_1						
OG0015673		BRAKERILHT00000005736_1						
OG0015674		BRAKERILHT00000006266_1						
OG0015675		BRAKERILHT00000004824_1						
OG0015676		BRAKERILHT00000004691_1						
OG0015677		BRAKERILHT00000006263_1						
OG0015678		BRAKERILHT00000005824_1						
OG0015679		BRAKERILHT00000005119_1						
OG0015680		BRAKERILHT00000005083_1						
OG0015681		BRAKERILHT00000004649_1						
OG0015682		BRAKERILHT00000005827_1						
OG0015683		BRAKERILHT00000006052_1						
OG0015684		BRAKERILHT00000004885_1						
OG0015685		BRAKERILHT00000004454_1						
OG0015686		BRAKERILHT00000004866_1						
OG0015687		BRAKERILHT00000005556_1						
OG0015688		BRAKERILHT00000004721_1						
OG0015689		BRAKERILHT00000005288_1						
OG0015690		BRAKERILHT00000005880_1						
OG0015691		BRAKERILHT00000006477_1						
OG0015692		BRAKERILHT00000004506_1						
OG0015693		BRAKERILHT00000004718_1						
OG0015694		BRAKERILHT00000005275_1						
OG0015695		BRAKERILHT00000005677_1						
OG0015696		BRAKERILHT00000004843_1						
OG0015697		BRAKERILHT00000004910_1						
OG0015698		BRAKERILHT00000005565_1						
OG0015699		BRAKERILHT00000006264_1						
OG0015700		BRAKERILHT00000005131_1						
OG0015701		BRAKERILHT00000005927_1						
OG0015702		BRAKERILHT00000005359_1						
OG0015703		BRAKERILHT00000006243_1						
OG0015704		BRAKERILHT00000006414_1						
OG0015705		BRAKERILHT00000004934_1						
OG0015706		BRAKERILHT00000005350_1						
OG0015707		BRAKERILHT00000005453_1						
OG0015708		BRAKERILHT00000006040_1						
OG0015709		BRAKERILHT00000006075_1						
OG0015710		BRAKERILHT00000005539_1						
OG0015711		BRAKERILHT00000005685_1						
OG0015712		BRAKERILHT00000006002_1						
OG0015713		BRAKERILHT00000006242_1						
OG0015714		BRAKERILHT00000004892_1						
OG0015715		BRAKERILHT00000004528_1						
OG0015716		BRAKERILHT00000004969_1						
OG0015717		BRAKERILHT00000005649_1						
OG0015718		BRAKERILHT00000004938_1						
OG0015719		BRAKERILHT00000005080_1						
OG0015720		BRAKERILHT00000004876_1						
OG0015721		BRAKERILHT00000005020_1						
OG0015722		BRAKERILHT00000005443_1						
OG0015723		BRAKERILHT00000004533_1						
OG0015724		BRAKERILHT00000006159_1						
OG0015725		BRAKERILHT00000005239_1						
OG0015726		BRAKERILHT00000004815_1						
OG0015727		BRAKERILHT00000006176_1						
OG0015728		BRAKERILHT00000004669_1						
OG0015729		BRAKERILHT00000004765_1						
OG0015730		BRAKERILHT00000005598_1						
OG0015731		BRAKERILHT00000005218_1						
OG0015732		BRAKERILHT00000004930_1						
OG0015733		BRAKERILHT00000005974_1						
OG0015734		BRAKERILHT00000004540_1						
OG0015735		BRAKERILHT00000005090_1						
OG0015736		BRAKERILHT00000005100_1						
OG0015737		BRAKERILHT00000005947_1						
OG0015738		BRAKERILHT00000005708_1						
OG0015739		BRAKERILHT00000004972_1						
OG0015740		BRAKERILHT00000006218_1						
OG0015741		BRAKERILHT00000004676_1						
OG0015742		BRAKERILHT00000004902_1						
OG0015743		BRAKERILHT00000005114_1						
OG0015744		BRAKERILHT00000004919_1						
OG0015745		BRAKERILHT00000006421_1						
OG0015746		BRAKERILHT00000005825_1						
OG0015747		BRAKERILHT00000005011_1						
OG0015748		BRAKERILHT00000004874_1						
OG0015749		BRAKERILHT00000005899_1						
OG0015750		BRAKERILHT00000004800_1						
OG0015751		BRAKERILHT00000005615_1						
OG0015752		BRAKERILHT00000006036_1						
OG0015753		BRAKERILHT00000004778_1						
OG0015754		BRAKERILHT00000004955_1						
OG0015755		BRAKERILHT00000006175_1						
OG0015756		BRAKERILHT00000005797_1						
OG0015757		BRAKERILHT00000006249_1						
OG0015758		BRAKERILHT00000004545_1						
OG0015759		BRAKERILHT00000005001_1						
OG0015760		BRAKERILHT00000005684_1						
OG0015761		BRAKERILHT00000006028_1						
OG0015762		BRAKERILHT00000004833_1						
OG0015763		BRAKERILHT00000006104_1						
OG0015764		BRAKERILHT00000005663_1						
OG0015765		BRAKERILHT00000005937_1						
OG0015766		BRAKERILHT00000005248_1						
OG0015767		BRAKERILHT00000004567_1						
OG0015768		BRAKERILHT00000004966_1						
OG0015769		BRAKERILHT00000005418_1						
OG0015770		BRAKERILHT00000004705_1						
OG0015771		BRAKERILHT00000004543_1						
OG0015772		BRAKERILHT00000005826_1						
OG0015773		BRAKERILHT00000005651_1						
OG0015774		BRAKERILHT00000004460_1						
OG0015775		BRAKERILHT00000006066_1						
OG0015776		BRAKERILHT00000005373_1						
OG0015777		BRAKERILHT00000006257_1						
OG0015778		BRAKERILHT00000005900_1						
OG0015779		BRAKERILHT00000006194_1						
OG0015780		BRAKERILHT00000004576_1						
OG0015781		BRAKERILHT00000006010_1						
OG0015782		BRAKERILHT00000005098_1						
OG0015783		BRAKERILHT00000004777_1						
OG0015784		BRAKERILHT00000006230_1						
OG0015785		BRAKERILHT00000005316_1						
OG0015786		BRAKERILHT00000004566_1						
OG0015787		BRAKERILHT00000005344_1						
OG0015788		BRAKERILHT00000006363_1						
OG0015789		BRAKERILHT00000004898_1						
OG0015790		BRAKERILHT00000006479_1						
OG0015791		BRAKERILHT00000004785_1						
OG0015792		BRAKERILHT00000006099_1						
OG0015793		BRAKERILHT00000005493_1						
OG0015794		BRAKERILHT00000006285_1						
OG0015795		BRAKERILHT00000005931_1						
OG0015796		BRAKERILHT00000004562_1						
OG0015797		BRAKERILHT00000005576_1						
OG0015798		BRAKERILHT00000004893_1						
OG0015799		BRAKERILHT00000004854_1						
OG0015800		BRAKERILHT00000005378_1						
OG0015801		BRAKERILHT00000005617_1						
OG0015802		BRAKERILHT00000005338_1						
OG0015803		BRAKERILHT00000005572_1						
OG0015804		BRAKERILHT00000005768_1						
OG0015805		BRAKERILHT00000005092_1						
OG0015806		BRAKERILHT00000005448_1						
OG0015807		BRAKERILHT00000004761_1						
OG0015808		BRAKERILHT00000005577_1						
OG0015809		BRAKERILHT00000004480_1						
OG0015810		BRAKERILHT00000005718_1						
OG0015811		BRAKERILHT00000005733_1						
OG0015812		BRAKERILHT00000005784_1						
OG0015813		BRAKERILHT00000004890_1						
OG0015814		BRAKERILHT00000005313_1						
OG0015815		BRAKERILHT00000005527_1						
OG0015816		BRAKERILHT00000006005_1						
OG0015817		BRAKERILHT00000005110_1						
OG0015818		BRAKERILHT00000005413_1						
OG0015819		BRAKERILHT00000006165_1						
OG0015820		BRAKERILHT00000005833_1						
OG0015821		BRAKERILHT00000004728_1						
OG0015822		BRAKERILHT00000005420_1						
OG0015823		BRAKERILHT00000004508_1						
OG0015824		BRAKERILHT00000005137_1						
OG0015825		BRAKERILHT00000005896_1						
OG0015826		BRAKERILHT00000004458_1						
OG0015827		BRAKERILHT00000006452_1						
OG0015828		BRAKERILHT00000004531_1						
OG0015829		BRAKERILHT00000006059_1						
OG0015830		BRAKERILHT00000005458_1						
OG0015831		BRAKERILHT00000006031_1						
OG0015832		BRAKERILHT00000006103_1						
OG0015833		BRAKERILHT00000005584_1						
OG0015834		BRAKERILHT00000005283_1						
OG0015835		BRAKERILHT00000004744_1						
OG0015836		BRAKERILHT00000005956_1						
OG0015837		BRAKERILHT00000006229_1						
OG0015838		BRAKERILHT00000005727_1						
OG0015839		BRAKERILHT00000005270_1						
OG0015840		BRAKERILHT00000006241_1						
OG0015841		BRAKERILHT00000004694_1						
OG0015842		BRAKERILHT00000004943_1						
OG0015843		BRAKERILHT00000004650_1						
OG0015844		BRAKERILHT00000004987_1						
OG0015845		BRAKERILHT00000005771_1						
OG0015846		BRAKERILHT00000006114_1						
OG0015847		BRAKERILHT00000004817_1						
OG0015848		BRAKERILHT00000005111_1						
OG0015849		BRAKERILHT00000005901_1						
OG0015850		BRAKERILHT00000006269_1						
OG0015851		BRAKERILHT00000005964_1						
OG0015852		BRAKERILHT00000005922_1						
OG0015853		BRAKERILHT00000006006_1						
OG0015854		BRAKERILHT00000004752_1						
OG0015855		BRAKERILHT00000005331_1						
OG0015856		BRAKERILHT00000006369_1						
OG0015857		BRAKERILHT00000006132_1						
OG0015858		BRAKERILHT00000004914_1						
OG0015859		BRAKERILHT00000006003_1						
OG0015860		BRAKERILHT00000004976_1						
OG0015861		BRAKERILHT00000005480_1						
OG0015862		BRAKERILHT00000004568_1						
OG0015863		BRAKERILHT00000006412_1						
OG0015864		BRAKERILHT00000005221_1						
OG0015865		BRAKERILHT00000004675_1						
OG0015866		BRAKERILHT00000004617_1						
OG0015867		BRAKERILHT00000005432_1						
OG0015868		BRAKERILHT00000006330_1						
OG0015869		BRAKERILHT00000005854_1						
OG0015870		BRAKERILHT00000005311_1						
OG0015871		BRAKERILHT00000006423_1						
OG0015872		BRAKERILHT00000005971_1						
OG0015873		BRAKERILHT00000005769_1						
OG0015874		BRAKERILHT00000004855_1						
OG0015875		BRAKERILHT00000006250_1						
OG0015876		BRAKERILHT00000004665_1						
OG0015877		BRAKERILHT00000005450_1						
OG0015878		BRAKERILHT00000005581_1						
OG0015879		BRAKERILHT00000006155_1						
OG0015880		BRAKERILHT00000004813_1						
OG0015881		BRAKERILHT00000004655_1						
OG0015882		BRAKERILHT00000005809_1						
OG0015883		BRAKERILHT00000004755_1						
OG0015884		BRAKERILHT00000005145_1						
OG0015885		BRAKERILHT00000004861_1						
OG0015886		BRAKERILHT00000006037_1						
OG0015887		BRAKERILHT00000004751_1						
OG0015888		BRAKERILHT00000005386_1						
OG0015889		BRAKERILHT00000005782_1						
OG0015890		BRAKERILHT00000005327_1						
OG0015891		BRAKERILHT00000005106_1						
OG0015892		BRAKERILHT00000004939_1						
OG0015893		BRAKERILHT00000004886_1						
OG0015894		BRAKERILHT00000004557_1						
OG0015895		BRAKERILHT00000005984_1						
OG0015896		BRAKERILHT00000006246_1						
OG0015897		BRAKERILHT00000004492_1						
OG0015898		BRAKERILHT00000005540_1						
OG0015899		BRAKERILHT00000006123_1						
OG0015900		BRAKERILHT00000005929_1						
OG0015901		BRAKERILHT00000005309_1						
OG0015902		BRAKERILHT00000006228_1						
OG0015903		BRAKERILHT00000004701_1						
OG0015904		BRAKERILHT00000005781_1						
OG0015905		BRAKERILHT00000005315_1						
OG0015906		BRAKERILHT00000004598_1						
OG0015907		BRAKERILHT00000006437_1						
OG0015908		BRAKERILHT00000004923_1						
OG0015909		BRAKERILHT00000005085_1						
OG0015910		BRAKERILHT00000006307_1						
OG0015911		BRAKERILHT00000005392_1						
OG0015912		BRAKERILHT00000006111_1						
OG0015913		BRAKERILHT00000005573_1						
OG0015914		BRAKERILHT00000006174_1						
OG0015915		BRAKERILHT00000004725_1						
OG0015916		BRAKERILHT00000004809_1						
OG0015917		BRAKERILHT00000005242_1						
OG0015918		BRAKERILHT00000005925_1						
OG0015919		BRAKERILHT00000004646_1						
OG0015920		BRAKERILHT00000006480_1						
OG0015921		BRAKERILHT00000004997_1						
OG0015922		BRAKERILHT00000004792_1						
OG0015923		BRAKERILHT00000006378_1						
OG0015924		BRAKERILHT00000004936_1						
OG0015925		BRAKERILHT00000006074_1						
OG0015926		BRAKERILHT00000004610_1						
OG0015927		BRAKERILHT00000005758_1						
OG0015928		BRAKERILHT00000005545_1						
OG0015929		BRAKERILHT00000006090_1						
OG0015930		BRAKERILHT00000004632_1						
OG0015931		BRAKERILHT00000006419_1						
OG0015932		BRAKERILHT00000005057_1						
OG0015933		BRAKERILHT00000004821_1						
OG0015934		BRAKERILHT00000005857_1						
OG0015935		BRAKERILHT00000006417_1						
OG0015936		BRAKERILHT00000005894_1						
OG0015937		BRAKERILHT00000005464_1						
OG0015938		BRAKERILHT00000006042_1						
OG0015939		BRAKERILHT00000005475_1						
OG0015940		BRAKERILHT00000004754_1						
OG0015941		BRAKERILHT00000006227_1						
OG0015942		BRAKERILHT00000005759_1						
OG0015943		BRAKERILHT00000004688_1						
OG0015944		BRAKERILHT00000006064_1						
OG0015945		BRAKERILHT00000005485_1						
OG0015946		BRAKERILHT00000005406_1						
OG0015947		BRAKERILHT00000006424_1						
OG0015948		BRAKERILHT00000005829_1						
OG0015949		BRAKERILHT00000005294_1						
OG0015950		BRAKERILHT00000004773_1						
OG0015951		BRAKERILHT00000005019_1						
OG0015952		BRAKERILHT00000004678_1						
OG0015953		BRAKERILHT00000004968_1						
OG0015954		BRAKERILHT00000005551_1						
OG0015955		BRAKERILHT00000006339_1						
OG0015956		BRAKERILHT00000004899_1						
OG0015957		BRAKERILHT00000005778_1						
OG0015958		BRAKERILHT00000006311_1						
OG0015959		BRAKERILHT00000005678_1						
OG0015960		BRAKERILHT00000006142_1						
OG0015961		BRAKERILHT00000004564_1						
OG0015962		BRAKERILHT00000005978_1						
OG0015963		BRAKERILHT00000005567_1						
OG0015964		BRAKERILHT00000005096_1						
OG0015965		BRAKERILHT00000006314_1						
OG0015966		BRAKERILHT00000006163_1						
OG0015967		BRAKERILHT00000006139_1						
OG0015968		BRAKERILHT00000005355_1						
OG0015969		BRAKERILHT00000004787_1						
OG0015970		BRAKERILHT00000005787_1						
OG0015971		BRAKERILHT00000004715_1						
OG0015972		BRAKERILHT00000006013_1						
OG0015973		BRAKERILHT00000005987_1						
OG0015974		BRAKERILHT00000004967_1						
OG0015975		BRAKERILHT00000005652_1						
OG0015976		BRAKERILHT00000005343_1						
OG0015977		BRAKERILHT00000005711_1						
OG0015978		BRAKERILHT00000004905_1						
OG0015979		BRAKERILHT00000005041_1						
OG0015980		BRAKERILHT00000005502_1						
OG0015981		BRAKERILHT00000005445_1						
OG0015982		BRAKERILHT00000005613_1						
OG0015983		BRAKERILHT00000004472_1						
OG0015984		BRAKERILHT00000006086_1						
OG0015985		BRAKERILHT00000005802_1						
OG0015986		BRAKERILHT00000006027_1						
OG0015987		BRAKERILHT00000006202_1						
OG0015988		BRAKERILHT00000005287_1						
OG0015989		BRAKERILHT00000005176_1						
OG0015990		BRAKERILHT00000006215_1						
OG0015991		BRAKERILHT00000005387_1						
OG0015992		BRAKERILHT00000005851_1						
OG0015993		BRAKERILHT00000004544_1						
OG0015994		BRAKERILHT00000005905_1						
OG0015995		BRAKERILHT00000005045_1						
OG0015996		BRAKERILHT00000005174_1						
OG0015997		BRAKERILHT00000005646_1						
OG0015998		BRAKERILHT00000005049_1						
OG0015999		BRAKERILHT00000005407_1						
OG0016000		BRAKERILHT00000004573_1						
OG0016001		BRAKERILHT00000006350_1						
OG0016002		BRAKERILHT00000004878_1						
OG0016003		BRAKERILHT00000005217_1						
OG0016004		BRAKERILHT00000004711_1						
OG0016005		BRAKERILHT00000005399_1						
OG0016006		BRAKERILHT00000004959_1						
OG0016007		BRAKERILHT00000006342_1						
OG0016008		BRAKERILHT00000005403_1						
OG0016009		BRAKERILHT00000005496_1						
OG0016010		BRAKERILHT00000005306_1						
OG0016011		BRAKERILHT00000004932_1						
OG0016012		BRAKERILHT00000005228_1						
OG0016013		BRAKERILHT00000004954_1						
OG0016014		BRAKERILHT00000005983_1						
OG0016015		BRAKERILHT00000004860_1						
OG0016016		BRAKERILHT00000006366_1						
OG0016017		BRAKERILHT00000004618_1						
OG0016018		BRAKERILHT00000006009_1						
OG0016019		BRAKERILHT00000006482_1						
OG0016020		BRAKERILHT00000006449_1						
OG0016021		BRAKERILHT00000004747_1						
OG0016022		BRAKERILHT00000004593_1						
OG0016023		BRAKERILHT00000005130_1						
OG0016024		BRAKERILHT00000006041_1						
OG0016025		BRAKERILHT00000005204_1						
OG0016026		BRAKERILHT00000006984_1						
OG0016027		BRAKERILHT00000007539_1						
OG0016028		BRAKERILHT00000007131_1						
OG0016029		BRAKERILHT00000007147_1						
OG0016030		BRAKERILHT00000008075_1						
OG0016031		BRAKERILHT00000006819_1						
OG0016032		BRAKERILHT00000006818_1						
OG0016033		BRAKERILHT00000007617_1						
OG0016034		BRAKERILHT00000006501_1						
OG0016035		BRAKERILHT00000008335_1						
OG0016036		BRAKERILHT00000007867_1						
OG0016037		BRAKERILHT00000006795_1						
OG0016038		BRAKERILHT00000008290_1						
OG0016039		BRAKERILHT00000006963_1						
OG0016040		BRAKERILHT00000008058_1						
OG0016041		BRAKERILHT00000007781_1						
OG0016042		BRAKERILHT00000007320_1						
OG0016043		BRAKERILHT00000006784_1						
OG0016044		BRAKERILHT00000007960_1						
OG0016045		BRAKERILHT00000007361_1						
OG0016046		BRAKERILHT00000006886_1						
OG0016047		BRAKERILHT00000007527_1						
OG0016048		BRAKERILHT00000007987_1						
OG0016049		BRAKERILHT00000007801_1						
OG0016050		BRAKERILHT00000008285_1						
OG0016051		BRAKERILHT00000007197_1						
OG0016052		BRAKERILHT00000007699_1						
OG0016053		BRAKERILHT00000008138_1						
OG0016054		BRAKERILHT00000008373_1						
OG0016055		BRAKERILHT00000007149_1						
OG0016056		BRAKERILHT00000007481_1						
OG0016057		BRAKERILHT00000008079_1						
OG0016058		BRAKERILHT00000007787_1						
OG0016059		BRAKERILHT00000007872_1						
OG0016060		BRAKERILHT00000008325_1						
OG0016061		BRAKERILHT00000007637_1						
OG0016062		BRAKERILHT00000008194_1						
OG0016063		BRAKERILHT00000007910_1						
OG0016064		BRAKERILHT00000007438_1						
OG0016065		BRAKERILHT00000007466_1						
OG0016066		BRAKERILHT00000007827_1						
OG0016067		BRAKERILHT00000007153_1						
OG0016068		BRAKERILHT00000006649_1						
OG0016069		BRAKERILHT00000007027_1						
OG0016070		BRAKERILHT00000007865_1						
OG0016071		BRAKERILHT00000008044_1						
OG0016072		BRAKERILHT00000008401_1						
OG0016073		BRAKERILHT00000007845_1						
OG0016074		BRAKERILHT00000007039_1						
OG0016075		BRAKERILHT00000006491_1						
OG0016076		BRAKERILHT00000008125_1						
OG0016077		BRAKERILHT00000007573_1						
OG0016078		BRAKERILHT00000007777_1						
OG0016079		BRAKERILHT00000008168_1						
OG0016080		BRAKERILHT00000007349_1						
OG0016081		BRAKERILHT00000007165_1						
OG0016082		BRAKERILHT00000008436_1						
OG0016083		BRAKERILHT00000007880_1						
OG0016084		BRAKERILHT00000007194_1						
OG0016085		BRAKERILHT00000007665_1						
OG0016086		BRAKERILHT00000008084_1						
OG0016087		BRAKERILHT00000007660_1						
OG0016088		BRAKERILHT00000006492_1						
OG0016089		BRAKERILHT00000008108_1						
OG0016090		BRAKERILHT00000008000_1						
OG0016091		BRAKERILHT00000007248_1						
OG0016092		BRAKERILHT00000006930_1						
OG0016093		BRAKERILHT00000007537_1						
OG0016094		BRAKERILHT00000006684_1						
OG0016095		BRAKERILHT00000007336_1						
OG0016096		BRAKERILHT00000006911_1						
OG0016097		BRAKERILHT00000008236_1						
OG0016098		BRAKERILHT00000006659_1						
OG0016099		BRAKERILHT00000007359_1						
OG0016100		BRAKERILHT00000007113_1						
OG0016101		BRAKERILHT00000006804_1						
OG0016102		BRAKERILHT00000007123_1						
OG0016103		BRAKERILHT00000007591_1						
OG0016104		BRAKERILHT00000008360_1						
OG0016105		BRAKERILHT00000008225_1						
OG0016106		BRAKERILHT00000007548_1						
OG0016107		BRAKERILHT00000007060_1						
OG0016108		BRAKERILHT00000006899_1						
OG0016109		BRAKERILHT00000008355_1						
OG0016110		BRAKERILHT00000007773_1						
OG0016111		BRAKERILHT00000007417_1						
OG0016112		BRAKERILHT00000008121_1						
OG0016113		BRAKERILHT00000006688_1						
OG0016114		BRAKERILHT00000006987_1						
OG0016115		BRAKERILHT00000006844_1						
OG0016116		BRAKERILHT00000008446_1						
OG0016117		BRAKERILHT00000007284_1						
OG0016118		BRAKERILHT00000008352_1						
OG0016119		BRAKERILHT00000007132_1						
OG0016120		BRAKERILHT00000008184_1						
OG0016121		BRAKERILHT00000006640_1						
OG0016122		BRAKERILHT00000007766_1						
OG0016123		BRAKERILHT00000006870_1						
OG0016124		BRAKERILHT00000007752_1						
OG0016125		BRAKERILHT00000006668_1						
OG0016126		BRAKERILHT00000007412_1						
OG0016127		BRAKERILHT00000007733_1						
OG0016128		BRAKERILHT00000008334_1						
OG0016129		BRAKERILHT00000006656_1						
OG0016130		BRAKERILHT00000006525_1						
OG0016131		BRAKERILHT00000007192_1						
OG0016132		BRAKERILHT00000007593_1						
OG0016133		BRAKERILHT00000008441_1						
OG0016134		BRAKERILHT00000006857_1						
OG0016135		BRAKERILHT00000008115_1						
OG0016136		BRAKERILHT00000006909_1						
OG0016137		BRAKERILHT00000008096_1						
OG0016138		BRAKERILHT00000006521_1						
OG0016139		BRAKERILHT00000008397_1						
OG0016140		BRAKERILHT00000006710_1						
OG0016141		BRAKERILHT00000007471_1						
OG0016142		BRAKERILHT00000007674_1						
OG0016143		BRAKERILHT00000007687_1						
OG0016144		BRAKERILHT00000006946_1						
OG0016145		BRAKERILHT00000006681_1						
OG0016146		BRAKERILHT00000007813_1						
OG0016147		BRAKERILHT00000006734_1						
OG0016148		BRAKERILHT00000007191_1						
OG0016149		BRAKERILHT00000006968_1						
OG0016150		BRAKERILHT00000007682_1						
OG0016151		BRAKERILHT00000007652_1						
OG0016152		BRAKERILHT00000008461_1						
OG0016153		BRAKERILHT00000006504_1						
OG0016154		BRAKERILHT00000007354_1						
OG0016155		BRAKERILHT00000007580_1						
OG0016156		BRAKERILHT00000006926_1						
OG0016157		BRAKERILHT00000007205_1						
OG0016158		BRAKERILHT00000006563_1						
OG0016159		BRAKERILHT00000008129_1						
OG0016160		BRAKERILHT00000007680_1						
OG0016161		BRAKERILHT00000006821_1						
OG0016162		BRAKERILHT00000007653_1						
OG0016163		BRAKERILHT00000008332_1						
OG0016164		BRAKERILHT00000006796_1						
OG0016165		BRAKERILHT00000007356_1						
OG0016166		BRAKERILHT00000007677_1						
OG0016167		BRAKERILHT00000007092_1						
OG0016168		BRAKERILHT00000008159_1						
OG0016169		BRAKERILHT00000007510_1						
OG0016170		BRAKERILHT00000006846_1						
OG0016171		BRAKERILHT00000006672_1						
OG0016172		BRAKERILHT00000007811_1						
OG0016173		BRAKERILHT00000008250_1						
OG0016174		BRAKERILHT00000008060_1						
OG0016175		BRAKERILHT00000006513_1						
OG0016176		BRAKERILHT00000006901_1						
OG0016177		BRAKERILHT00000007584_1						
OG0016178		BRAKERILHT00000008259_1						
OG0016179		BRAKERILHT00000007828_1						
OG0016180		BRAKERILHT00000006951_1						
OG0016181		BRAKERILHT00000007436_1						
OG0016182		BRAKERILHT00000008056_1						
OG0016183		BRAKERILHT00000006618_1						
OG0016184		BRAKERILHT00000007852_1						
OG0016185		BRAKERILHT00000008279_1						
OG0016186		BRAKERILHT00000008031_1						
OG0016187		BRAKERILHT00000008244_1						
OG0016188		BRAKERILHT00000007408_1						
OG0016189		BRAKERILHT00000007379_1						
OG0016190		BRAKERILHT00000007422_1						
OG0016191		BRAKERILHT00000006628_1						
OG0016192		BRAKERILHT00000007163_1						
OG0016193		BRAKERILHT00000007794_1						
OG0016194		BRAKERILHT00000008470_1						
OG0016195		BRAKERILHT00000007298_1						
OG0016196		BRAKERILHT00000007146_1						
OG0016197		BRAKERILHT00000007220_1						
OG0016198		BRAKERILHT00000006703_1						
OG0016199		BRAKERILHT00000008003_1						
OG0016200		BRAKERILHT00000007842_1						
OG0016201		BRAKERILHT00000007074_1						
OG0016202		BRAKERILHT00000007754_1						
OG0016203		BRAKERILHT00000006648_1						
OG0016204		BRAKERILHT00000006678_1						
OG0016205		BRAKERILHT00000007315_1						
OG0016206		BRAKERILHT00000007549_1						
OG0016207		BRAKERILHT00000008462_1						
OG0016208		BRAKERILHT00000007469_1						
OG0016209		BRAKERILHT00000007589_1						
OG0016210		BRAKERILHT00000006769_1						
OG0016211		BRAKERILHT00000006888_1						
OG0016212		BRAKERILHT00000006958_1						
OG0016213		BRAKERILHT00000008451_1						
OG0016214		BRAKERILHT00000007411_1						
OG0016215		BRAKERILHT00000006981_1						
OG0016216		BRAKERILHT00000007545_1						
OG0016217		BRAKERILHT00000008338_1						
OG0016218		BRAKERILHT00000007900_1						
OG0016219		BRAKERILHT00000007792_1						
OG0016220		BRAKERILHT00000007503_1						
OG0016221		BRAKERILHT00000007201_1						
OG0016222		BRAKERILHT00000007579_1						
OG0016223		BRAKERILHT00000006995_1						
OG0016224		BRAKERILHT00000008299_1						
OG0016225		BRAKERILHT00000006555_1						
OG0016226		BRAKERILHT00000006937_1						
OG0016227		BRAKERILHT00000006674_1						
OG0016228		BRAKERILHT00000008281_1						
OG0016229		BRAKERILHT00000007599_1						
OG0016230		BRAKERILHT00000006913_1						
OG0016231		BRAKERILHT00000008384_1						
OG0016232		BRAKERILHT00000007457_1						
OG0016233		BRAKERILHT00000008273_1						
OG0016234		BRAKERILHT00000006741_1						
OG0016235		BRAKERILHT00000007823_1						
OG0016236		BRAKERILHT00000006591_1						
OG0016237		BRAKERILHT00000007108_1						
OG0016238		BRAKERILHT00000007278_1						
OG0016239		BRAKERILHT00000007236_1						
OG0016240		BRAKERILHT00000007017_1						
OG0016241		BRAKERILHT00000008361_1						
OG0016242		BRAKERILHT00000007762_1						
OG0016243		BRAKERILHT00000007172_1						
OG0016244		BRAKERILHT00000007776_1						
OG0016245		BRAKERILHT00000007286_1						
OG0016246		BRAKERILHT00000006737_1						
OG0016247		BRAKERILHT00000007934_1						
OG0016248		BRAKERILHT00000008258_1						
OG0016249		BRAKERILHT00000007632_1						
OG0016250		BRAKERILHT00000007133_1						
OG0016251		BRAKERILHT00000007043_1						
OG0016252		BRAKERILHT00000007134_1						
OG0016253		BRAKERILHT00000007723_1						
OG0016254		BRAKERILHT00000006643_1						
OG0016255		BRAKERILHT00000008301_1						
OG0016256		BRAKERILHT00000007319_1						
OG0016257		BRAKERILHT00000008395_1						
OG0016258		BRAKERILHT00000006564_1						
OG0016259		BRAKERILHT00000007470_1						
OG0016260		BRAKERILHT00000006700_1						
OG0016261		BRAKERILHT00000007186_1						
OG0016262		BRAKERILHT00000006667_1						
OG0016263		BRAKERILHT00000007569_1						
OG0016264		BRAKERILHT00000008043_1						
OG0016265		BRAKERILHT00000007495_1						
OG0016266		BRAKERILHT00000007638_1						
OG0016267		BRAKERILHT00000006759_1						
OG0016268		BRAKERILHT00000007909_1						
OG0016269		BRAKERILHT00000006485_1						
OG0016270		BRAKERILHT00000007903_1						
OG0016271		BRAKERILHT00000006834_1						
OG0016272		BRAKERILHT00000006503_1						
OG0016273		BRAKERILHT00000007946_1						
OG0016274		BRAKERILHT00000007198_1						
OG0016275		BRAKERILHT00000007672_1						
OG0016276		BRAKERILHT00000007884_1						
OG0016277		BRAKERILHT00000007296_1						
OG0016278		BRAKERILHT00000007639_1						
OG0016279		BRAKERILHT00000008161_1						
OG0016280		BRAKERILHT00000006658_1						
OG0016281		BRAKERILHT00000007428_1						
OG0016282		BRAKERILHT00000006783_1						
OG0016283		BRAKERILHT00000006929_1						
OG0016284		BRAKERILHT00000006761_1						
OG0016285		BRAKERILHT00000006999_1						
OG0016286		BRAKERILHT00000006538_1						
OG0016287		BRAKERILHT00000007863_1						
OG0016288		BRAKERILHT00000007318_1						
OG0016289		BRAKERILHT00000007304_1						
OG0016290		BRAKERILHT00000007736_1						
OG0016291		BRAKERILHT00000007055_1						
OG0016292		BRAKERILHT00000007658_1						
OG0016293		BRAKERILHT00000006506_1						
OG0016294		BRAKERILHT00000007391_1						
OG0016295		BRAKERILHT00000007976_1						
OG0016296		BRAKERILHT00000007452_1						
OG0016297		BRAKERILHT00000008466_1						
OG0016298		BRAKERILHT00000006685_1						
OG0016299		BRAKERILHT00000007778_1						
OG0016300		BRAKERILHT00000006537_1						
OG0016301		BRAKERILHT00000008030_1						
OG0016302		BRAKERILHT00000006606_1						
OG0016303		BRAKERILHT00000007085_1						
OG0016304		BRAKERILHT00000008386_1						
OG0016305		BRAKERILHT00000006961_1						
OG0016306		BRAKERILHT00000007525_1						
OG0016307		BRAKERILHT00000007269_1						
OG0016308		BRAKERILHT00000006825_1						
OG0016309		BRAKERILHT00000008435_1						
OG0016310		BRAKERILHT00000007061_1						
OG0016311		BRAKERILHT00000007690_1						
OG0016312		BRAKERILHT00000007988_1						
OG0016313		BRAKERILHT00000007547_1						
OG0016314		BRAKERILHT00000007399_1						
OG0016315		BRAKERILHT00000007968_1						
OG0016316		BRAKERILHT00000006498_1						
OG0016317		BRAKERILHT00000007555_1						
OG0016318		BRAKERILHT00000008188_1						
OG0016319		BRAKERILHT00000008240_1						
OG0016320		BRAKERILHT00000006890_1						
OG0016321		BRAKERILHT00000007590_1						
OG0016322		BRAKERILHT00000006581_1						
OG0016323		BRAKERILHT00000007409_1						
OG0016324		BRAKERILHT00000007538_1						
OG0016325		BRAKERILHT00000006735_1						
OG0016326		BRAKERILHT00000007267_1						
OG0016327		BRAKERILHT00000008282_1						
OG0016328		BRAKERILHT00000007235_1						
OG0016329		BRAKERILHT00000006933_1						
OG0016330		BRAKERILHT00000007643_1						
OG0016331		BRAKERILHT00000007671_1						
OG0016332		BRAKERILHT00000008230_1						
OG0016333		BRAKERILHT00000006527_1						
OG0016334		BRAKERILHT00000006530_1						
OG0016335		BRAKERILHT00000007563_1						
OG0016336		BRAKERILHT00000008295_1						
OG0016337		BRAKERILHT00000007141_1						
OG0016338		BRAKERILHT00000007093_1						
OG0016339		BRAKERILHT00000007679_1						
OG0016340		BRAKERILHT00000006608_1						
OG0016341		BRAKERILHT00000006669_1						
OG0016342		BRAKERILHT00000006510_1						
OG0016343		BRAKERILHT00000008412_1						
OG0016344		BRAKERILHT00000007351_1						
OG0016345		BRAKERILHT00000007748_1						
OG0016346		BRAKERILHT00000006579_1						
OG0016347		BRAKERILHT00000008162_1						
OG0016348		BRAKERILHT00000007771_1						
OG0016349		BRAKERILHT00000006543_1						
OG0016350		BRAKERILHT00000007148_1						
OG0016351		BRAKERILHT00000006556_1						
OG0016352		BRAKERILHT00000007725_1						
OG0016353		BRAKERILHT00000008054_1						
OG0016354		BRAKERILHT00000007038_1						
OG0016355		BRAKERILHT00000007262_1						
OG0016356		BRAKERILHT00000007056_1						
OG0016357		BRAKERILHT00000007305_1						
OG0016358		BRAKERILHT00000008182_1						
OG0016359		BRAKERILHT00000006497_1						
OG0016360		BRAKERILHT00000007535_1						
OG0016361		BRAKERILHT00000007188_1						
OG0016362		BRAKERILHT00000007582_1						
OG0016363		BRAKERILHT00000008342_1						
OG0016364		BRAKERILHT00000006682_1						
OG0016365		BRAKERILHT00000006493_1						
OG0016366		BRAKERILHT00000006980_1						
OG0016367		BRAKERILHT00000007688_1						
OG0016368		BRAKERILHT00000008377_1						
OG0016369		BRAKERILHT00000008429_1						
OG0016370		BRAKERILHT00000007480_1						
OG0016371		BRAKERILHT00000007633_1						
OG0016372		BRAKERILHT00000006977_1						
OG0016373		BRAKERILHT00000007077_1						
OG0016374		BRAKERILHT00000008300_1						
OG0016375		BRAKERILHT00000008433_1						
OG0016376		BRAKERILHT00000007739_1						
OG0016377		BRAKERILHT00000006671_1						
OG0016378		BRAKERILHT00000008130_1						
OG0016379		BRAKERILHT00000007565_1						
OG0016380		BRAKERILHT00000007396_1						
OG0016381		BRAKERILHT00000006571_1						
OG0016382		BRAKERILHT00000007561_1						
OG0016383		BRAKERILHT00000006675_1						
OG0016384		BRAKERILHT00000008389_1						
OG0016385		BRAKERILHT00000007877_1						
OG0016386		BRAKERILHT00000006730_1						
OG0016387		BRAKERILHT00000006580_1						
OG0016388		BRAKERILHT00000008214_1						
OG0016389		BRAKERILHT00000007661_1						
OG0016390		BRAKERILHT00000007082_1						
OG0016391		BRAKERILHT00000006752_1						
OG0016392		BRAKERILHT00000006757_1						
OG0016393		BRAKERILHT00000007433_1						
OG0016394		BRAKERILHT00000008206_1						
OG0016395		BRAKERILHT00000008283_1						
OG0016396		BRAKERILHT00000006883_1						
OG0016397		BRAKERILHT00000007575_1						
OG0016398		BRAKERILHT00000006727_1						
OG0016399		BRAKERILHT00000007663_1						
OG0016400		BRAKERILHT00000007299_1						
OG0016401		BRAKERILHT00000008167_1						
OG0016402		BRAKERILHT00000008085_1						
OG0016403		BRAKERILHT00000009862_1						
OG0016404		BRAKERILHT00000010342_1						
OG0016405		BRAKERILHT00000008813_1						
OG0016406		BRAKERILHT00000009219_1						
OG0016407		BRAKERILHT00000010073_1						
OG0016408		BRAKERILHT00000009080_1						
OG0016409		BRAKERILHT00000008959_1						
OG0016410		BRAKERILHT00000009074_1						
OG0016411		BRAKERILHT00000009739_1						
OG0016412		BRAKERILHT00000008775_1						
OG0016413		BRAKERILHT00000008957_1						
OG0016414		BRAKERILHT00000009913_1						
OG0016415		BRAKERILHT00000009226_1						
OG0016416		BRAKERILHT00000009627_1						
OG0016417		BRAKERILHT00000009495_1						
OG0016418		BRAKERILHT00000009043_1						
OG0016419		BRAKERILHT00000008845_1						
OG0016420		BRAKERILHT00000009997_1						
OG0016421		BRAKERILHT00000008969_1						
OG0016422		BRAKERILHT00000009915_1						
OG0016423		BRAKERILHT00000009599_1						
OG0016424		BRAKERILHT00000008479_1						
OG0016425		BRAKERILHT00000008530_1						
OG0016426		BRAKERILHT00000010004_1						
OG0016427		BRAKERILHT00000009601_1						
OG0016428		BRAKERILHT00000009400_1						
OG0016429		BRAKERILHT00000009051_1						
OG0016430		BRAKERILHT00000008943_1						
OG0016431		BRAKERILHT00000010312_1						
OG0016432		BRAKERILHT00000009205_1						
OG0016433		BRAKERILHT00000009844_1						
OG0016434		BRAKERILHT00000010244_1						
OG0016435		BRAKERILHT00000009683_1						
OG0016436		BRAKERILHT00000010169_1						
OG0016437		BRAKERILHT00000009888_1						
OG0016438		BRAKERILHT00000009719_1						
OG0016439		BRAKERILHT00000010410_1						
OG0016440		BRAKERILHT00000009778_1						
OG0016441		BRAKERILHT00000010232_1						
OG0016442		BRAKERILHT00000009342_1						
OG0016443		BRAKERILHT00000009784_1						
OG0016444		BRAKERILHT00000009063_1						
OG0016445		BRAKERILHT00000009492_1						
OG0016446		BRAKERILHT00000010216_1						
OG0016447		BRAKERILHT00000009119_1						
OG0016448		BRAKERILHT00000008913_1						
OG0016449		BRAKERILHT00000008759_1						
OG0016450		BRAKERILHT00000009845_1						
OG0016451		BRAKERILHT00000010335_1						
OG0016452		BRAKERILHT00000009263_1						
OG0016453		BRAKERILHT00000010132_1						
OG0016454		BRAKERILHT00000009479_1						
OG0016455		BRAKERILHT00000008765_1						
OG0016456		BRAKERILHT00000009958_1						
OG0016457		BRAKERILHT00000008706_1						
OG0016458		BRAKERILHT00000009751_1						
OG0016459		BRAKERILHT00000008553_1						
OG0016460		BRAKERILHT00000009849_1						
OG0016461		BRAKERILHT00000009060_1						
OG0016462		BRAKERILHT00000010157_1						
OG0016463		BRAKERILHT00000009417_1						
OG0016464		BRAKERILHT00000009451_1						
OG0016465		BRAKERILHT00000008888_1						
OG0016466		BRAKERILHT00000009458_1						
OG0016467		BRAKERILHT00000010393_1						
OG0016468		BRAKERILHT00000008901_1						
OG0016469		BRAKERILHT00000008921_1						
OG0016470		BRAKERILHT00000009299_1						
OG0016471		BRAKERILHT00000009754_1						
OG0016472		BRAKERILHT00000010177_1						
OG0016473		BRAKERILHT00000009272_1						
OG0016474		BRAKERILHT00000009563_1						
OG0016475		BRAKERILHT00000010405_1						
OG0016476		BRAKERILHT00000008744_1						
OG0016477		BRAKERILHT00000009270_1						
OG0016478		BRAKERILHT00000008703_1						
OG0016479		BRAKERILHT00000009525_1						
OG0016480		BRAKERILHT00000010285_1						
OG0016481		BRAKERILHT00000010003_1						
OG0016482		BRAKERILHT00000010270_1						
OG0016483		BRAKERILHT00000008776_1						
OG0016484		BRAKERILHT00000009084_1						
OG0016485		BRAKERILHT00000008930_1						
OG0016486		BRAKERILHT00000009011_1						
OG0016487		BRAKERILHT00000008985_1						
OG0016488		BRAKERILHT00000008697_1						
OG0016489		BRAKERILHT00000010249_1						
OG0016490		BRAKERILHT00000009706_1						
OG0016491		BRAKERILHT00000009045_1						
OG0016492		BRAKERILHT00000010347_1						
OG0016493		BRAKERILHT00000009215_1						
OG0016494		BRAKERILHT00000009072_1						
OG0016495		BRAKERILHT00000009568_1						
OG0016496		BRAKERILHT00000008818_1						
OG0016497		BRAKERILHT00000009904_1						
OG0016498		BRAKERILHT00000009847_1						
OG0016499		BRAKERILHT00000008971_1						
OG0016500		BRAKERILHT00000009329_1						
OG0016501		BRAKERILHT00000010052_1						
OG0016502		BRAKERILHT00000008525_1						
OG0016503		BRAKERILHT00000009866_1						
OG0016504		BRAKERILHT00000010305_1						
OG0016505		BRAKERILHT00000010021_1						
OG0016506		BRAKERILHT00000009602_1						
OG0016507		BRAKERILHT00000009200_1						
OG0016508		BRAKERILHT00000009874_1						
OG0016509		BRAKERILHT00000009979_1						
OG0016510		BRAKERILHT00000009878_1						
OG0016511		BRAKERILHT00000009221_1						
OG0016512		BRAKERILHT00000009024_1						
OG0016513		BRAKERILHT00000009176_1						
OG0016514		BRAKERILHT00000010038_1						
OG0016515		BRAKERILHT00000010063_1						
OG0016516		BRAKERILHT00000009252_1						
OG0016517		BRAKERILHT00000009073_1						
OG0016518		BRAKERILHT00000009621_1						
OG0016519		BRAKERILHT00000010141_1						
OG0016520		BRAKERILHT00000009190_1						
OG0016521		BRAKERILHT00000008880_1						
OG0016522		BRAKERILHT00000008782_1						
OG0016523		BRAKERILHT00000010298_1						
OG0016524		BRAKERILHT00000009699_1						
OG0016525		BRAKERILHT00000009682_1						
OG0016526		BRAKERILHT00000009364_1						
OG0016527		BRAKERILHT00000009091_1						
OG0016528		BRAKERILHT00000008922_1						
OG0016529		BRAKERILHT00000008642_1						
OG0016530		BRAKERILHT00000008579_1						
OG0016531		BRAKERILHT00000009872_1						
OG0016532		BRAKERILHT00000008802_1						
OG0016533		BRAKERILHT00000009510_1						
OG0016534		BRAKERILHT00000008500_1						
OG0016535		BRAKERILHT00000008889_1						
OG0016536		BRAKERILHT00000010081_1						
OG0016537		BRAKERILHT00000010074_1						
OG0016538		BRAKERILHT00000009141_1						
OG0016539		BRAKERILHT00000008605_1						
OG0016540		BRAKERILHT00000009022_1						
OG0016541		BRAKERILHT00000009565_1						
OG0016542		BRAKERILHT00000008663_1						
OG0016543		BRAKERILHT00000009213_1						
OG0016544		BRAKERILHT00000009309_1						
OG0016545		BRAKERILHT00000009058_1						
OG0016546		BRAKERILHT00000009410_1						
OG0016547		BRAKERILHT00000010162_1						
OG0016548		BRAKERILHT00000008785_1						
OG0016549		BRAKERILHT00000009064_1						
OG0016550		BRAKERILHT00000009624_1						
OG0016551		BRAKERILHT00000009336_1						
OG0016552		BRAKERILHT00000009905_1						
OG0016553		BRAKERILHT00000010186_1						
OG0016554		BRAKERILHT00000008554_1						
OG0016555		BRAKERILHT00000010265_1						
OG0016556		BRAKERILHT00000008754_1						
OG0016557		BRAKERILHT00000009148_1						
OG0016558		BRAKERILHT00000009224_1						
OG0016559		BRAKERILHT00000010259_1						
OG0016560		BRAKERILHT00000010252_1						
OG0016561		BRAKERILHT00000008821_1						
OG0016562		BRAKERILHT00000008495_1						
OG0016563		BRAKERILHT00000009271_1						
OG0016564		BRAKERILHT00000010026_1						
OG0016565		BRAKERILHT00000009497_1						
OG0016566		BRAKERILHT00000009081_1						
OG0016567		BRAKERILHT00000008541_1						
OG0016568		BRAKERILHT00000009344_1						
OG0016569		BRAKERILHT00000010323_1						
OG0016570		BRAKERILHT00000008928_1						
OG0016571		BRAKERILHT00000009230_1						
OG0016572		BRAKERILHT00000008651_1						
OG0016573		BRAKERILHT00000009405_1						
OG0016574		BRAKERILHT00000008873_1						
OG0016575		BRAKERILHT00000009750_1						
OG0016576		BRAKERILHT00000010118_1						
OG0016577		BRAKERILHT00000008527_1						
OG0016578		BRAKERILHT00000010280_1						
OG0016579		BRAKERILHT00000009541_1						
OG0016580		BRAKERILHT00000008677_1						
OG0016581		BRAKERILHT00000009939_1						
OG0016582		BRAKERILHT00000009761_1						
OG0016583		BRAKERILHT00000009947_1						
OG0016584		BRAKERILHT00000008815_1						
OG0016585		BRAKERILHT00000009254_1						
OG0016586		BRAKERILHT00000010183_1						
OG0016587		BRAKERILHT00000010051_1						
OG0016588		BRAKERILHT00000009177_1						
OG0016589		BRAKERILHT00000009477_1						
OG0016590		BRAKERILHT00000009175_1						
OG0016591		BRAKERILHT00000008910_1						
OG0016592		BRAKERILHT00000009255_1						
OG0016593		BRAKERILHT00000010144_1						
OG0016594		BRAKERILHT00000009455_1						
OG0016595		BRAKERILHT00000009953_1						
OG0016596		BRAKERILHT00000008935_1						
OG0016597		BRAKERILHT00000009318_1						
OG0016598		BRAKERILHT00000010175_1						
OG0016599		BRAKERILHT00000009055_1						
OG0016600		BRAKERILHT00000009823_1						
OG0016601		BRAKERILHT00000008705_1						
OG0016602		BRAKERILHT00000010264_1						
OG0016603		BRAKERILHT00000008847_1						
OG0016604		BRAKERILHT00000008562_1						
OG0016605		BRAKERILHT00000010161_1						
OG0016606		BRAKERILHT00000009612_1						
OG0016607		BRAKERILHT00000008906_1						
OG0016608		BRAKERILHT00000009514_1						
OG0016609		BRAKERILHT00000008991_1						
OG0016610		BRAKERILHT00000008699_1						
OG0016611		BRAKERILHT00000008812_1						
OG0016612		BRAKERILHT00000008949_1						
OG0016613		BRAKERILHT00000009346_1						
OG0016614		BRAKERILHT00000009828_1						
OG0016615		BRAKERILHT00000009996_1						
OG0016616		BRAKERILHT00000010133_1						
OG0016617		BRAKERILHT00000008592_1						
OG0016618		BRAKERILHT00000010078_1						
OG0016619		BRAKERILHT00000009846_1						
OG0016620		BRAKERILHT00000010401_1						
OG0016621		BRAKERILHT00000009266_1						
OG0016622		BRAKERILHT00000009012_1						
OG0016623		BRAKERILHT00000009149_1						
OG0016624		BRAKERILHT00000009995_1						
OG0016625		BRAKERILHT00000008865_1						
OG0016626		BRAKERILHT00000009430_1						
OG0016627		BRAKERILHT00000009713_1						
OG0016628		BRAKERILHT00000009882_1						
OG0016629		BRAKERILHT00000009665_1						
OG0016630		BRAKERILHT00000008574_1						
OG0016631		BRAKERILHT00000010150_1						
OG0016632		BRAKERILHT00000009523_1						
OG0016633		BRAKERILHT00000008891_1						
OG0016634		BRAKERILHT00000010275_1						
OG0016635		BRAKERILHT00000009843_1						
OG0016636		BRAKERILHT00000009506_1						
OG0016637		BRAKERILHT00000008719_1						
OG0016638		BRAKERILHT00000009839_1						
OG0016639		BRAKERILHT00000010036_1						
OG0016640		BRAKERILHT00000009357_1						
OG0016641		BRAKERILHT00000009079_1						
OG0016642		BRAKERILHT00000008861_1						
OG0016643		BRAKERILHT00000009160_1						
OG0016644		BRAKERILHT00000009689_1						
OG0016645		BRAKERILHT00000009388_1						
OG0016646		BRAKERILHT00000008573_1						
OG0016647		BRAKERILHT00000009663_1						
OG0016648		BRAKERILHT00000008655_1						
OG0016649		BRAKERILHT00000009259_1						
OG0016650		BRAKERILHT00000008807_1						
OG0016651		BRAKERILHT00000009569_1						
OG0016652		BRAKERILHT00000009143_1						
OG0016653		BRAKERILHT00000009652_1						
OG0016654		BRAKERILHT00000010123_1						
OG0016655		BRAKERILHT00000009438_1						
OG0016656		BRAKERILHT00000008647_1						
OG0016657		BRAKERILHT00000008766_1						
OG0016658		BRAKERILHT00000010261_1						
OG0016659		BRAKERILHT00000009830_1						
OG0016660		BRAKERILHT00000009321_1						
OG0016661		BRAKERILHT00000008501_1						
OG0016662		BRAKERILHT00000010015_1						
OG0016663		BRAKERILHT00000009697_1						
OG0016664		BRAKERILHT00000009567_1						
OG0016665		BRAKERILHT00000009139_1						
OG0016666		BRAKERILHT00000008521_1						
OG0016667		BRAKERILHT00000010032_1						
OG0016668		BRAKERILHT00000009788_1						
OG0016669		BRAKERILHT00000009391_1						
OG0016670		BRAKERILHT00000008722_1						
OG0016671		BRAKERILHT00000009460_1						
OG0016672		BRAKERILHT00000008842_1						
OG0016673		BRAKERILHT00000009258_1						
OG0016674		BRAKERILHT00000008770_1						
OG0016675		BRAKERILHT00000010069_1						
OG0016676		BRAKERILHT00000010046_1						
OG0016677		BRAKERILHT00000009067_1						
OG0016678		BRAKERILHT00000009731_1						
OG0016679		BRAKERILHT00000010256_1						
OG0016680		BRAKERILHT00000008617_1						
OG0016681		BRAKERILHT00000009502_1						
OG0016682		BRAKERILHT00000008563_1						
OG0016683		BRAKERILHT00000009181_1						
OG0016684		BRAKERILHT00000008712_1						
OG0016685		BRAKERILHT00000008660_1						
OG0016686		BRAKERILHT00000009640_1						
OG0016687		BRAKERILHT00000010077_1						
OG0016688		BRAKERILHT00000009679_1						
OG0016689		BRAKERILHT00000010083_1						
OG0016690		BRAKERILHT00000009186_1						
OG0016691		BRAKERILHT00000010355_1						
OG0016692		BRAKERILHT00000009928_1						
OG0016693		BRAKERILHT00000009521_1						
OG0016694		BRAKERILHT00000009349_1						
OG0016695		BRAKERILHT00000010218_1						
OG0016696		BRAKERILHT00000008656_1						
OG0016697		BRAKERILHT00000009796_1						
OG0016698		BRAKERILHT00000008973_1						
OG0016699		BRAKERILHT00000010351_1						
OG0016700		BRAKERILHT00000010087_1						
OG0016701		BRAKERILHT00000009534_1						
OG0016702		BRAKERILHT00000009235_1						
OG0016703		BRAKERILHT00000010240_1						
OG0016704		BRAKERILHT00000009757_1						
OG0016705		BRAKERILHT00000009832_1						
OG0016706		BRAKERILHT00000010127_1						
OG0016707		BRAKERILHT00000008558_1						
OG0016708		BRAKERILHT00000008788_1						
OG0016709		BRAKERILHT00000009210_1						
OG0016710		BRAKERILHT00000008905_1						
OG0016711		BRAKERILHT00000010057_1						
OG0016712		BRAKERILHT00000010293_1						
OG0016713		BRAKERILHT00000008725_1						
OG0016714		BRAKERILHT00000009664_1						
OG0016715		BRAKERILHT00000009648_1						
OG0016716		BRAKERILHT00000008595_1						
OG0016717		BRAKERILHT00000009975_1						
OG0016718		BRAKERILHT00000010291_1						
OG0016719		BRAKERILHT00000009053_1						
OG0016720		BRAKERILHT00000010350_1						
OG0016721		BRAKERILHT00000008925_1						
OG0016722		BRAKERILHT00000009203_1						
OG0016723		BRAKERILHT00000009991_1						
OG0016724		BRAKERILHT00000009233_1						
OG0016725		BRAKERILHT00000009573_1						
OG0016726		BRAKERILHT00000010124_1						
OG0016727		BRAKERILHT00000009851_1						
OG0016728		BRAKERILHT00000010411_1						
OG0016729		BRAKERILHT00000009016_1						
OG0016730		BRAKERILHT00000008616_1						
OG0016731		BRAKERILHT00000009283_1						
OG0016732		BRAKERILHT00000008879_1						
OG0016733		BRAKERILHT00000009297_1						
OG0016734		BRAKERILHT00000009794_1						
OG0016735		BRAKERILHT00000008829_1						
OG0016736		BRAKERILHT00000009262_1						
OG0016737		BRAKERILHT00000008732_1						
OG0016738		BRAKERILHT00000010047_1						
OG0016739		BRAKERILHT00000008531_1						
OG0016740		BRAKERILHT00000009362_1						
OG0016741		BRAKERILHT00000009131_1						
OG0016742		BRAKERILHT00000008483_1						
OG0016743		BRAKERILHT00000010229_1						
OG0016744		BRAKERILHT00000009578_1						
OG0016745		BRAKERILHT00000010126_1						
OG0016746		BRAKERILHT00000009395_1						
OG0016747		BRAKERILHT00000009465_1						
OG0016748		BRAKERILHT00000010268_1						
OG0016749		BRAKERILHT00000010022_1						
OG0016750		BRAKERILHT00000010379_1						
OG0016751		BRAKERILHT00000008698_1						
OG0016752		BRAKERILHT00000008695_1						
OG0016753		BRAKERILHT00000009990_1						
OG0016754		BRAKERILHT00000009250_1						
OG0016755		BRAKERILHT00000009482_1						
OG0016756		BRAKERILHT00000010384_1						
OG0016757		BRAKERILHT00000009036_1						
OG0016758		BRAKERILHT00000009459_1						
OG0016759		BRAKERILHT00000010116_1						
OG0016760		BRAKERILHT00000009530_1						
OG0016761		BRAKERILHT00000009781_1						
OG0016762		BRAKERILHT00000009987_1						
OG0016763		BRAKERILHT00000009741_1						
OG0016764		BRAKERILHT00000009559_1						
OG0016765		BRAKERILHT00000010107_1						
OG0016766		BRAKERILHT00000008867_1						
OG0016767		BRAKERILHT00000010241_1						
OG0016768		BRAKERILHT00000008618_1						
OG0016769		BRAKERILHT00000009332_1						
OG0016770		BRAKERILHT00000009661_1						
OG0016771		BRAKERILHT00000010080_1						
OG0016772		BRAKERILHT00000009201_1						
OG0016773		BRAKERILHT00000009681_1						
OG0016774		BRAKERILHT00000010071_1						
OG0016775		BRAKERILHT00000009018_1						
OG0016776		BRAKERILHT00000008895_1						
OG0016777		BRAKERILHT00000010076_1						
OG0016778		BRAKERILHT00000009659_1						
OG0016779		BRAKERILHT00000009767_1						
OG0016780		BRAKERILHT00000008625_1						
OG0016781		BRAKERILHT00000008749_1						
OG0016782		BRAKERILHT00000009099_1						
OG0016783		BRAKERILHT00000008783_1						
OG0016784		BRAKERILHT00000009985_1						
OG0016785		BRAKERILHT00000009304_1						
OG0016786		BRAKERILHT00000008581_1						
OG0016787		BRAKERILHT00000009217_1						
OG0016788		BRAKERILHT00000010286_1						
OG0016789		BRAKERILHT00000009645_1						
OG0016790		BRAKERILHT00000008735_1						
OG0016791		BRAKERILHT00000008639_1						
OG0016792		BRAKERILHT00000010153_1						
OG0016793		BRAKERILHT00000009856_1						
OG0016794		BRAKERILHT00000009414_1						
OG0016795		BRAKERILHT00000009883_1						
OG0016796		BRAKERILHT00000009910_1						
OG0016797		BRAKERILHT00000009616_1						
OG0016798		BRAKERILHT00000009963_1						
OG0016799		BRAKERILHT00000009688_1						
OG0016800		BRAKERILHT00000009261_1						
OG0016801		BRAKERILHT00000008995_1						
OG0016802		BRAKERILHT00000009085_1						
OG0016803		BRAKERILHT00000008738_1						
OG0016804		BRAKERILHT00000010156_1						
OG0016805		BRAKERILHT00000009929_1						
OG0016806		BRAKERILHT00000009484_1						
OG0016807		BRAKERILHT00000010066_1						
OG0016808		BRAKERILHT00000008658_1						
OG0016809		BRAKERILHT00000009153_1						
OG0016810		BRAKERILHT00000010287_1						
OG0016811		BRAKERILHT00000008875_1						
OG0016812		BRAKERILHT00000008769_1						
OG0016813		BRAKERILHT00000009860_1						
OG0016814		BRAKERILHT00000009952_1						
OG0016815		BRAKERILHT00000009115_1						
OG0016816		BRAKERILHT00000009358_1						
OG0016817		BRAKERILHT00000011938_1						
OG0016818		BRAKERILHT00000011519_1						
OG0016819		BRAKERILHT00000011275_1						
OG0016820		BRAKERILHT00000011717_1						
OG0016821		BRAKERILHT00000011292_1						
OG0016822		BRAKERILHT00000011473_1						
OG0016823		BRAKERILHT00000011320_1						
OG0016824		BRAKERILHT00000011727_1						
OG0016825		BRAKERILHT00000010881_1						
OG0016826		BRAKERILHT00000011683_1						
OG0016827		BRAKERILHT00000011128_1						
OG0016828		BRAKERILHT00000010460_1						
OG0016829		BRAKERILHT00000011492_1						
OG0016830		BRAKERILHT00000011287_1						
OG0016831		BRAKERILHT00000011820_1						
OG0016832		BRAKERILHT00000010761_1						
OG0016833		BRAKERILHT00000012252_1						
OG0016834		BRAKERILHT00000010479_1						
OG0016835		BRAKERILHT00000011542_1						
OG0016836		BRAKERILHT00000012010_1						
OG0016837		BRAKERILHT00000011850_1						
OG0016838		BRAKERILHT00000010934_1						
OG0016839		BRAKERILHT00000010814_1						
OG0016840		BRAKERILHT00000010953_1						
OG0016841		BRAKERILHT00000010605_1						
OG0016842		BRAKERILHT00000010957_1						
OG0016843		BRAKERILHT00000011778_1						
OG0016844		BRAKERILHT00000010700_1						
OG0016845		BRAKERILHT00000012110_1						
OG0016846		BRAKERILHT00000011534_1						
OG0016847		BRAKERILHT00000012009_1						
OG0016848		BRAKERILHT00000012283_1						
OG0016849		BRAKERILHT00000010740_1						
OG0016850		BRAKERILHT00000012132_1						
OG0016851		BRAKERILHT00000010504_1						
OG0016852		BRAKERILHT00000011069_1						
OG0016853		BRAKERILHT00000011339_1						
OG0016854		BRAKERILHT00000012248_1						
OG0016855		BRAKERILHT00000011428_1						
OG0016856		BRAKERILHT00000011880_1						
OG0016857		BRAKERILHT00000011282_1						
OG0016858		BRAKERILHT00000011420_1						
OG0016859		BRAKERILHT00000012166_1						
OG0016860		BRAKERILHT00000010889_1						
OG0016861		BRAKERILHT00000011303_1						
OG0016862		BRAKERILHT00000010629_1						
OG0016863		BRAKERILHT00000010738_1						
OG0016864		BRAKERILHT00000010868_1						
OG0016865		BRAKERILHT00000011434_1						
OG0016866		BRAKERILHT00000011061_1						
OG0016867		BRAKERILHT00000010644_1						
OG0016868		BRAKERILHT00000010647_1						
OG0016869		BRAKERILHT00000011676_1						
OG0016870		BRAKERILHT00000011280_1						
OG0016871		BRAKERILHT00000010851_1						
OG0016872		BRAKERILHT00000010586_1						
OG0016873		BRAKERILHT00000012170_1						
OG0016874		BRAKERILHT00000010506_1						
OG0016875		BRAKERILHT00000010537_1						
OG0016876		BRAKERILHT00000011202_1						
OG0016877		BRAKERILHT00000010793_1						
OG0016878		BRAKERILHT00000011767_1						
OG0016879		BRAKERILHT00000011745_1						
OG0016880		BRAKERILHT00000010663_1						
OG0016881		BRAKERILHT00000011699_1						
OG0016882		BRAKERILHT00000010531_1						
OG0016883		BRAKERILHT00000011632_1						
OG0016884		BRAKERILHT00000012071_1						
OG0016885		BRAKERILHT00000011465_1						
OG0016886		BRAKERILHT00000011851_1						
OG0016887		BRAKERILHT00000010958_1						
OG0016888		BRAKERILHT00000010690_1						
OG0016889		BRAKERILHT00000010496_1						
OG0016890		BRAKERILHT00000012180_1						
OG0016891		BRAKERILHT00000010554_1						
OG0016892		BRAKERILHT00000012054_1						
OG0016893		BRAKERILHT00000011037_1						
OG0016894		BRAKERILHT00000011944_1						
OG0016895		BRAKERILHT00000011184_1						
OG0016896		BRAKERILHT00000012038_1						
OG0016897		BRAKERILHT00000010915_1						
OG0016898		BRAKERILHT00000010656_1						
OG0016899		BRAKERILHT00000012239_1						
OG0016900		BRAKERILHT00000011573_1						
OG0016901		BRAKERILHT00000011304_1						
OG0016902		BRAKERILHT00000011914_1						
OG0016903		BRAKERILHT00000012095_1						
OG0016904		BRAKERILHT00000011649_1						
OG0016905		BRAKERILHT00000011243_1						
OG0016906		BRAKERILHT00000011459_1						
OG0016907		BRAKERILHT00000010931_1						
OG0016908		BRAKERILHT00000012039_1						
OG0016909		BRAKERILHT00000011512_1						
OG0016910		BRAKERILHT00000010727_1						
OG0016911		BRAKERILHT00000012135_1						
OG0016912		BRAKERILHT00000011821_1						
OG0016913		BRAKERILHT00000010710_1						
OG0016914		BRAKERILHT00000011780_1						
OG0016915		BRAKERILHT00000010552_1						
OG0016916		BRAKERILHT00000012245_1						
OG0016917		BRAKERILHT00000011736_1						
OG0016918		BRAKERILHT00000011130_1						
OG0016919		BRAKERILHT00000012182_1						
OG0016920		BRAKERILHT00000010865_1						
OG0016921		BRAKERILHT00000011436_1						
OG0016922		BRAKERILHT00000011259_1						
OG0016923		BRAKERILHT00000010708_1						
OG0016924		BRAKERILHT00000012192_1						
OG0016925		BRAKERILHT00000011707_1						
OG0016926		BRAKERILHT00000010596_1						
OG0016927		BRAKERILHT00000011650_1						
OG0016928		BRAKERILHT00000011100_1						
OG0016929		BRAKERILHT00000011913_1						
OG0016930		BRAKERILHT00000010758_1						
OG0016931		BRAKERILHT00000012178_1						
OG0016932		BRAKERILHT00000011088_1						
OG0016933		BRAKERILHT00000011197_1						
OG0016934		BRAKERILHT00000011407_1						
OG0016935		BRAKERILHT00000011946_1						
OG0016936		BRAKERILHT00000011743_1						
OG0016937		BRAKERILHT00000011099_1						
OG0016938		BRAKERILHT00000010719_1						
OG0016939		BRAKERILHT00000010780_1						
OG0016940		BRAKERILHT00000011987_1						
OG0016941		BRAKERILHT00000010885_1						
OG0016942		BRAKERILHT00000010636_1						
OG0016943		BRAKERILHT00000010887_1						
OG0016944		BRAKERILHT00000011042_1						
OG0016945		BRAKERILHT00000011688_1						
OG0016946		BRAKERILHT00000011107_1						
OG0016947		BRAKERILHT00000012008_1						
OG0016948		BRAKERILHT00000010923_1						
OG0016949		BRAKERILHT00000010991_1						
OG0016950		BRAKERILHT00000011330_1						
OG0016951		BRAKERILHT00000011725_1						
OG0016952		BRAKERILHT00000010435_1						
OG0016953		BRAKERILHT00000011562_1						
OG0016954		BRAKERILHT00000011824_1						
OG0016955		BRAKERILHT00000010441_1						
OG0016956		BRAKERILHT00000011503_1						
OG0016957		BRAKERILHT00000012318_1						
OG0016958		BRAKERILHT00000011967_1						
OG0016959		BRAKERILHT00000011521_1						
OG0016960		BRAKERILHT00000012321_1						
OG0016961		BRAKERILHT00000012021_1						
OG0016962		BRAKERILHT00000010746_1						
OG0016963		BRAKERILHT00000011509_1						
OG0016964		BRAKERILHT00000011838_1						
OG0016965		BRAKERILHT00000010462_1						
OG0016966		BRAKERILHT00000011360_1						
OG0016967		BRAKERILHT00000011758_1						
OG0016968		BRAKERILHT00000010442_1						
OG0016969		BRAKERILHT00000011091_1						
OG0016970		BRAKERILHT00000010421_1						
OG0016971		BRAKERILHT00000011523_1						
OG0016972		BRAKERILHT00000011118_1						
OG0016973		BRAKERILHT00000011530_1						
OG0016974		BRAKERILHT00000011968_1						
OG0016975		BRAKERILHT00000011948_1						
OG0016976		BRAKERILHT00000010997_1						
OG0016977		BRAKERILHT00000012075_1						
OG0016978		BRAKERILHT00000011627_1						
OG0016979		BRAKERILHT00000012316_1						
OG0016980		BRAKERILHT00000010797_1						
OG0016981		BRAKERILHT00000010472_1						
OG0016982		BRAKERILHT00000011146_1						
OG0016983		BRAKERILHT00000011748_1						
OG0016984		BRAKERILHT00000011483_1						
OG0016985		BRAKERILHT00000011853_1						
OG0016986		BRAKERILHT00000012048_1						
OG0016987		BRAKERILHT00000010680_1						
OG0016988		BRAKERILHT00000012237_1						
OG0016989		BRAKERILHT00000010982_1						
OG0016990		BRAKERILHT00000010880_1						
OG0016991		BRAKERILHT00000011189_1						
OG0016992		BRAKERILHT00000010491_1						
OG0016993		BRAKERILHT00000010995_1						
OG0016994		BRAKERILHT00000011730_1						
OG0016995		BRAKERILHT00000010668_1						
OG0016996		BRAKERILHT00000012089_1						
OG0016997		BRAKERILHT00000011610_1						
OG0016998		BRAKERILHT00000011219_1						
OG0016999		BRAKERILHT00000012025_1						
OG0017000		BRAKERILHT00000011587_1						
OG0017001		BRAKERILHT00000010860_1						
OG0017002		BRAKERILHT00000011404_1						
OG0017003		BRAKERILHT00000010914_1						
OG0017004		BRAKERILHT00000010482_1						
OG0017005		BRAKERILHT00000011444_1						
OG0017006		BRAKERILHT00000011286_1						
OG0017007		BRAKERILHT00000012149_1						
OG0017008		BRAKERILHT00000011712_1						
OG0017009		BRAKERILHT00000011711_1						
OG0017010		BRAKERILHT00000011319_1						
OG0017011		BRAKERILHT00000010777_1						
OG0017012		BRAKERILHT00000012188_1						
OG0017013		BRAKERILHT00000010468_1						
OG0017014		BRAKERILHT00000010941_1						
OG0017015		BRAKERILHT00000010660_1						
OG0017016		BRAKERILHT00000011673_1						
OG0017017		BRAKERILHT00000012103_1						
OG0017018		BRAKERILHT00000010879_1						
OG0017019		BRAKERILHT00000012268_1						
OG0017020		BRAKERILHT00000011746_1						
OG0017021		BRAKERILHT00000010521_1						
OG0017022		BRAKERILHT00000011641_1						
OG0017023		BRAKERILHT00000012348_1						
OG0017024		BRAKERILHT00000011961_1						
OG0017025		BRAKERILHT00000010527_1						
OG0017026		BRAKERILHT00000011074_1						
OG0017027		BRAKERILHT00000011832_1						
OG0017028		BRAKERILHT00000011499_1						
OG0017029		BRAKERILHT00000011090_1						
OG0017030		BRAKERILHT00000011350_1						
OG0017031		BRAKERILHT00000012255_1						
OG0017032		BRAKERILHT00000012015_1						
OG0017033		BRAKERILHT00000010571_1						
OG0017034		BRAKERILHT00000011560_1						
OG0017035		BRAKERILHT00000012092_1						
OG0017036		BRAKERILHT00000011763_1						
OG0017037		BRAKERILHT00000012313_1						
OG0017038		BRAKERILHT00000010672_1						
OG0017039		BRAKERILHT00000011215_1						
OG0017040		BRAKERILHT00000011017_1						
OG0017041		BRAKERILHT00000011417_1						
OG0017042		BRAKERILHT00000011502_1						
OG0017043		BRAKERILHT00000011667_1						
OG0017044		BRAKERILHT00000011497_1						
OG0017045		BRAKERILHT00000012264_1						
OG0017046		BRAKERILHT00000010448_1						
OG0017047		BRAKERILHT00000011570_1						
OG0017048		BRAKERILHT00000011172_1						
OG0017049		BRAKERILHT00000012295_1						
OG0017050		BRAKERILHT00000011284_1						
OG0017051		BRAKERILHT00000011624_1						
OG0017052		BRAKERILHT00000012329_1						
OG0017053		BRAKERILHT00000010955_1						
OG0017054		BRAKERILHT00000011402_1						
OG0017055		BRAKERILHT00000012040_1						
OG0017056		BRAKERILHT00000011073_1						
OG0017057		BRAKERILHT00000010687_1						
OG0017058		BRAKERILHT00000011340_1						
OG0017059		BRAKERILHT00000010493_1						
OG0017060		BRAKERILHT00000011864_1						
OG0017061		BRAKERILHT00000010901_1						
OG0017062		BRAKERILHT00000010657_1						
OG0017063		BRAKERILHT00000011471_1						
OG0017064		BRAKERILHT00000010925_1						
OG0017065		BRAKERILHT00000010828_1						
OG0017066		BRAKERILHT00000011260_1						
OG0017067		BRAKERILHT00000012122_1						
OG0017068		BRAKERILHT00000011055_1						
OG0017069		BRAKERILHT00000012160_1						
OG0017070		BRAKERILHT00000010669_1						
OG0017071		BRAKERILHT00000010481_1						
OG0017072		BRAKERILHT00000010911_1						
OG0017073		BRAKERILHT00000011563_1						
OG0017074		BRAKERILHT00000012019_1						
OG0017075		BRAKERILHT00000011697_1						
OG0017076		BRAKERILHT00000011150_1						
OG0017077		BRAKERILHT00000010936_1						
OG0017078		BRAKERILHT00000011468_1						
OG0017079		BRAKERILHT00000011210_1						
OG0017080		BRAKERILHT00000011540_1						
OG0017081		BRAKERILHT00000011965_1						
OG0017082		BRAKERILHT00000011332_1						
OG0017083		BRAKERILHT00000010745_1						
OG0017084		BRAKERILHT00000011246_1						
OG0017085		BRAKERILHT00000011802_1						
OG0017086		BRAKERILHT00000011698_1						
OG0017087		BRAKERILHT00000011863_1						
OG0017088		BRAKERILHT00000011579_1						
OG0017089		BRAKERILHT00000011847_1						
OG0017090		BRAKERILHT00000012124_1						
OG0017091		BRAKERILHT00000011048_1						
OG0017092		BRAKERILHT00000010895_1						
OG0017093		BRAKERILHT00000011025_1						
OG0017094		BRAKERILHT00000010525_1						
OG0017095		BRAKERILHT00000011593_1						
OG0017096		BRAKERILHT00000012014_1						
OG0017097		BRAKERILHT00000012330_1						
OG0017098		BRAKERILHT00000011409_1						
OG0017099		BRAKERILHT00000011005_1						
OG0017100		BRAKERILHT00000010709_1						
OG0017101		BRAKERILHT00000011462_1						
OG0017102		BRAKERILHT00000011867_1						
OG0017103		BRAKERILHT00000011422_1						
OG0017104		BRAKERILHT00000011505_1						
OG0017105		BRAKERILHT00000012029_1						
OG0017106		BRAKERILHT00000010530_1						
OG0017107		BRAKERILHT00000011198_1						
OG0017108		BRAKERILHT00000011605_1						
OG0017109		BRAKERILHT00000010943_1						
OG0017110		BRAKERILHT00000012259_1						
OG0017111		BRAKERILHT00000010977_1						
OG0017112		BRAKERILHT00000011159_1						
OG0017113		BRAKERILHT00000010842_1						
OG0017114		BRAKERILHT00000010464_1						
OG0017115		BRAKERILHT00000011817_1						
OG0017116		BRAKERILHT00000010964_1						
OG0017117		BRAKERILHT00000010436_1						
OG0017118		BRAKERILHT00000011583_1						
OG0017119		BRAKERILHT00000011348_1						
OG0017120		BRAKERILHT00000011769_1						
OG0017121		BRAKERILHT00000010717_1						
OG0017122		BRAKERILHT00000011365_1						
OG0017123		BRAKERILHT00000010792_1						
OG0017124		BRAKERILHT00000011001_1						
OG0017125		BRAKERILHT00000012349_1						
OG0017126		BRAKERILHT00000010819_1						
OG0017127		BRAKERILHT00000011371_1						
OG0017128		BRAKERILHT00000012086_1						
OG0017129		BRAKERILHT00000010560_1						
OG0017130		BRAKERILHT00000011615_1						
OG0017131		BRAKERILHT00000011658_1						
OG0017132		BRAKERILHT00000010419_1						
OG0017133		BRAKERILHT00000012051_1						
OG0017134		BRAKERILHT00000011646_1						
OG0017135		BRAKERILHT00000011374_1						
OG0017136		BRAKERILHT00000010701_1						
OG0017137		BRAKERILHT00000012343_1						
OG0017138		BRAKERILHT00000012278_1						
OG0017139		BRAKERILHT00000011072_1						
OG0017140		BRAKERILHT00000011924_1						
OG0017141		BRAKERILHT00000010541_1						
OG0017142		BRAKERILHT00000011553_1						
OG0017143		BRAKERILHT00000012045_1						
OG0017144		BRAKERILHT00000011991_1						
OG0017145		BRAKERILHT00000011030_1						
OG0017146		BRAKERILHT00000010507_1						
OG0017147		BRAKERILHT00000011415_1						
OG0017148		BRAKERILHT00000012235_1						
OG0017149		BRAKERILHT00000010545_1						
OG0017150		BRAKERILHT00000011911_1						
OG0017151		BRAKERILHT00000011328_1						
OG0017152		BRAKERILHT00000010781_1						
OG0017153		BRAKERILHT00000011608_1						
OG0017154		BRAKERILHT00000010779_1						
OG0017155		BRAKERILHT00000012206_1						
OG0017156		BRAKERILHT00000010846_1						
OG0017157		BRAKERILHT00000011067_1						
OG0017158		BRAKERILHT00000010898_1						
OG0017159		BRAKERILHT00000011655_1						
OG0017160		BRAKERILHT00000011357_1						
OG0017161		BRAKERILHT00000010730_1						
OG0017162		BRAKERILHT00000010430_1						
OG0017163		BRAKERILHT00000011701_1						
OG0017164		BRAKERILHT00000012322_1						
OG0017165		BRAKERILHT00000010798_1						
OG0017166		BRAKERILHT00000011386_1						
OG0017167		BRAKERILHT00000012078_1						
OG0017168		BRAKERILHT00000011827_1						
OG0017169		BRAKERILHT00000012261_1						
OG0017170		BRAKERILHT00000010447_1						
OG0017171		BRAKERILHT00000012111_1						
OG0017172		BRAKERILHT00000011053_1						
OG0017173		BRAKERILHT00000010623_1						
OG0017174		BRAKERILHT00000010695_1						
OG0017175		BRAKERILHT00000011273_1						
OG0017176		BRAKERILHT00000011435_1						
OG0017177		BRAKERILHT00000011186_1						
OG0017178		BRAKERILHT00000011288_1						
OG0017179		BRAKERILHT00000010778_1						
OG0017180		BRAKERILHT00000010608_1						
OG0017181		BRAKERILHT00000011526_1						
OG0017182		BRAKERILHT00000012064_1						
OG0017183		BRAKERILHT00000011033_1						
OG0017184		BRAKERILHT00000010987_1						
OG0017185		BRAKERILHT00000011858_1						
OG0017186		BRAKERILHT00000011454_1						
OG0017187		BRAKERILHT00000011084_1						
OG0017188		BRAKERILHT00000010641_1						
OG0017189		BRAKERILHT00000012950_1						
OG0017190		BRAKERILHT00000013683_1						
OG0017191		BRAKERILHT00000014018_1						
OG0017192		BRAKERILHT00000012790_1						
OG0017193		BRAKERILHT00000013623_1						
OG0017194		BRAKERILHT00000013244_1						
OG0017195		BRAKERILHT00000013509_1						
OG0017196		BRAKERILHT00000012801_1						
OG0017197		BRAKERILHT00000012648_1						
OG0017198		BRAKERILHT00000013138_1						
OG0017199		BRAKERILHT00000012675_1						
OG0017200		BRAKERILHT00000012963_1						
OG0017201		BRAKERILHT00000013551_1						
OG0017202		BRAKERILHT00000013472_1						
OG0017203		BRAKERILHT00000013935_1						
OG0017204		BRAKERILHT00000012734_1						
OG0017205		BRAKERILHT00000013610_1						
OG0017206		BRAKERILHT00000012405_1						
OG0017207		BRAKERILHT00000012640_1						
OG0017208		BRAKERILHT00000012993_1						
OG0017209		BRAKERILHT00000013989_1						
OG0017210		BRAKERILHT00000013820_1						
OG0017211		BRAKERILHT00000013087_1						
OG0017212		BRAKERILHT00000012428_1						
OG0017213		BRAKERILHT00000012858_1						
OG0017214		BRAKERILHT00000012453_1						
OG0017215		BRAKERILHT00000012930_1						
OG0017216		BRAKERILHT00000013461_1						
OG0017217		BRAKERILHT00000013880_1						
OG0017218		BRAKERILHT00000012751_1						
OG0017219		BRAKERILHT00000013232_1						
OG0017220		BRAKERILHT00000012493_1						
OG0017221		BRAKERILHT00000012938_1						
OG0017222		BRAKERILHT00000013121_1						
OG0017223		BRAKERILHT00000013163_1						
OG0017224		BRAKERILHT00000013819_1						
OG0017225		BRAKERILHT00000013208_1						
OG0017226		BRAKERILHT00000012586_1						
OG0017227		BRAKERILHT00000013774_1						
OG0017228		BRAKERILHT00000014026_1						
OG0017229		BRAKERILHT00000013558_1						
OG0017230		BRAKERILHT00000013324_1						
OG0017231		BRAKERILHT00000012864_1						
OG0017232		BRAKERILHT00000012574_1						
OG0017233		BRAKERILHT00000013795_1						
OG0017234		BRAKERILHT00000013557_1						
OG0017235		BRAKERILHT00000013825_1						
OG0017236		BRAKERILHT00000013815_1						
OG0017237		BRAKERILHT00000013354_1						
OG0017238		BRAKERILHT00000013520_1						
OG0017239		BRAKERILHT00000013090_1						
OG0017240		BRAKERILHT00000012578_1						
OG0017241		BRAKERILHT00000012474_1						
OG0017242		BRAKERILHT00000013207_1						
OG0017243		BRAKERILHT00000012436_1						
OG0017244		BRAKERILHT00000012622_1						
OG0017245		BRAKERILHT00000013011_1						
OG0017246		BRAKERILHT00000013575_1						
OG0017247		BRAKERILHT00000013948_1						
OG0017248		BRAKERILHT00000012431_1						
OG0017249		BRAKERILHT00000013581_1						
OG0017250		BRAKERILHT00000013411_1						
OG0017251		BRAKERILHT00000013729_1						
OG0017252		BRAKERILHT00000013750_1						
OG0017253		BRAKERILHT00000012470_1						
OG0017254		BRAKERILHT00000013200_1						
OG0017255		BRAKERILHT00000013441_1						
OG0017256		BRAKERILHT00000012482_1						
OG0017257		BRAKERILHT00000013912_1						
OG0017258		BRAKERILHT00000013220_1						
OG0017259		BRAKERILHT00000012981_1						
OG0017260		BRAKERILHT00000012677_1						
OG0017261		BRAKERILHT00000013261_1						
OG0017262		BRAKERILHT00000013631_1						
OG0017263		BRAKERILHT00000012885_1						
OG0017264		BRAKERILHT00000012608_1						
OG0017265		BRAKERILHT00000013752_1						
OG0017266		BRAKERILHT00000012667_1						
OG0017267		BRAKERILHT00000012455_1						
OG0017268		BRAKERILHT00000013583_1						
OG0017269		BRAKERILHT00000013192_1						
OG0017270		BRAKERILHT00000012606_1						
OG0017271		BRAKERILHT00000013809_1						
OG0017272		BRAKERILHT00000013413_1						
OG0017273		BRAKERILHT00000012393_1						
OG0017274		BRAKERILHT00000013518_1						
OG0017275		BRAKERILHT00000013763_1						
OG0017276		BRAKERILHT00000013346_1						
OG0017277		BRAKERILHT00000013993_1						
OG0017278		BRAKERILHT00000013736_1						
OG0017279		BRAKERILHT00000013538_1						
OG0017280		BRAKERILHT00000014011_1						
OG0017281		BRAKERILHT00000012597_1						
OG0017282		BRAKERILHT00000012825_1						
OG0017283		BRAKERILHT00000013407_1						
OG0017284		BRAKERILHT00000012787_1						
OG0017285		BRAKERILHT00000013148_1						
OG0017286		BRAKERILHT00000013696_1						
OG0017287		BRAKERILHT00000012940_1						
OG0017288		BRAKERILHT00000012424_1						
OG0017289		BRAKERILHT00000013473_1						
OG0017290		BRAKERILHT00000012543_1						
OG0017291		BRAKERILHT00000013762_1						
OG0017292		BRAKERILHT00000013307_1						
OG0017293		BRAKERILHT00000012886_1						
OG0017294		BRAKERILHT00000013048_1						
OG0017295		BRAKERILHT00000013485_1						
OG0017296		BRAKERILHT00000013932_1						
OG0017297		BRAKERILHT00000012780_1						
OG0017298		BRAKERILHT00000012797_1						
OG0017299		BRAKERILHT00000013698_1						
OG0017300		BRAKERILHT00000012513_1						
OG0017301		BRAKERILHT00000013844_1						
OG0017302		BRAKERILHT00000012658_1						
OG0017303		BRAKERILHT00000012933_1						
OG0017304		BRAKERILHT00000013395_1						
OG0017305		BRAKERILHT00000013888_1						
OG0017306		BRAKERILHT00000012973_1						
OG0017307		BRAKERILHT00000012468_1						
OG0017308		BRAKERILHT00000012432_1						
OG0017309		BRAKERILHT00000013967_1						
OG0017310		BRAKERILHT00000012756_1						
OG0017311		BRAKERILHT00000013936_1						
OG0017312		BRAKERILHT00000013003_1						
OG0017313		BRAKERILHT00000012570_1						
OG0017314		BRAKERILHT00000013511_1						
OG0017315		BRAKERILHT00000012387_1						
OG0017316		BRAKERILHT00000012687_1						
OG0017317		BRAKERILHT00000013685_1						
OG0017318		BRAKERILHT00000013141_1						
OG0017319		BRAKERILHT00000013775_1						
OG0017320		BRAKERILHT00000013898_1						
OG0017321		BRAKERILHT00000013399_1						
OG0017322		BRAKERILHT00000013394_1						
OG0017323		BRAKERILHT00000013663_1						
OG0017324		BRAKERILHT00000012361_1						
OG0017325		BRAKERILHT00000013554_1						
OG0017326		BRAKERILHT00000012583_1						
OG0017327		BRAKERILHT00000013545_1						
OG0017328		BRAKERILHT00000012363_1						
OG0017329		BRAKERILHT00000012852_1						
OG0017330		BRAKERILHT00000013353_1						
OG0017331		BRAKERILHT00000013922_1						
OG0017332		BRAKERILHT00000013662_1						
OG0017333		BRAKERILHT00000012647_1						
OG0017334		BRAKERILHT00000013005_1						
OG0017335		BRAKERILHT00000013830_1						
OG0017336		BRAKERILHT00000013673_1						
OG0017337		BRAKERILHT00000013524_1						
OG0017338		BRAKERILHT00000013678_1						
OG0017339		BRAKERILHT00000013882_1						
OG0017340		BRAKERILHT00000012662_1						
OG0017341		BRAKERILHT00000013177_1						
OG0017342		BRAKERILHT00000013512_1						
OG0017343		BRAKERILHT00000012868_1						
OG0017344		BRAKERILHT00000013802_1						
OG0017345		BRAKERILHT00000013728_1						
OG0017346		BRAKERILHT00000013136_1						
OG0017347		BRAKERILHT00000013650_1						
OG0017348		BRAKERILHT00000012683_1						
OG0017349		BRAKERILHT00000013707_1						
OG0017350		BRAKERILHT00000012911_1						
OG0017351		BRAKERILHT00000012413_1						
OG0017352		BRAKERILHT00000012395_1						
OG0017353		BRAKERILHT00000013398_1						
OG0017354		BRAKERILHT00000013737_1						
OG0017355		BRAKERILHT00000012777_1						
OG0017356		BRAKERILHT00000012765_1						
OG0017357		BRAKERILHT00000013500_1						
OG0017358		BRAKERILHT00000013277_1						
OG0017359		BRAKERILHT00000013628_1						
OG0017360		BRAKERILHT00000013892_1						
OG0017361		BRAKERILHT00000012878_1						
OG0017362		BRAKERILHT00000013228_1						
OG0017363		BRAKERILHT00000012403_1						
OG0017364		BRAKERILHT00000013030_1						
OG0017365		BRAKERILHT00000012466_1						
OG0017366		BRAKERILHT00000013375_1						
OG0017367		BRAKERILHT00000012427_1						
OG0017368		BRAKERILHT00000012479_1						
OG0017369		BRAKERILHT00000012880_1						
OG0017370		BRAKERILHT00000012822_1						
OG0017371		BRAKERILHT00000013632_1						
OG0017372		BRAKERILHT00000013639_1						
OG0017373		BRAKERILHT00000013776_1						
OG0017374		BRAKERILHT00000012843_1						
OG0017375		BRAKERILHT00000013255_1						
OG0017376		BRAKERILHT00000012768_1						
OG0017377		BRAKERILHT00000013953_1						
OG0017378		BRAKERILHT00000012510_1						
OG0017379		BRAKERILHT00000012946_1						
OG0017380		BRAKERILHT00000013119_1						
OG0017381		BRAKERILHT00000013212_1						
OG0017382		BRAKERILHT00000013640_1						
OG0017383		BRAKERILHT00000013061_1						
OG0017384		BRAKERILHT00000013677_1						
OG0017385		BRAKERILHT00000013915_1						
OG0017386		BRAKERILHT00000013786_1						
OG0017387		BRAKERILHT00000013984_1						
OG0017388		BRAKERILHT00000013408_1						
OG0017389		BRAKERILHT00000013570_1						
OG0017390		BRAKERILHT00000013123_1						
OG0017391		BRAKERILHT00000013168_1						
OG0017392		BRAKERILHT00000012694_1						
OG0017393		BRAKERILHT00000013726_1						
OG0017394		BRAKERILHT00000013480_1						
OG0017395		BRAKERILHT00000013929_1						
OG0017396		BRAKERILHT00000013193_1						
OG0017397		BRAKERILHT00000012962_1						
OG0017398		BRAKERILHT00000012459_1						
OG0017399		BRAKERILHT00000012657_1						
OG0017400		BRAKERILHT00000012644_1						
OG0017401		BRAKERILHT00000013265_1						
OG0017402		BRAKERILHT00000013959_1						
OG0017403		BRAKERILHT00000012806_1						
OG0017404		BRAKERILHT00000013856_1						
OG0017405		BRAKERILHT00000012714_1						
OG0017406		BRAKERILHT00000013199_1						
OG0017407		BRAKERILHT00000012935_1						
OG0017408		BRAKERILHT00000013397_1						
OG0017409		BRAKERILHT00000013478_1						
OG0017410		BRAKERILHT00000013593_1						
OG0017411		BRAKERILHT00000013529_1						
OG0017412		BRAKERILHT00000013027_1						
OG0017413		BRAKERILHT00000013705_1						
OG0017414		BRAKERILHT00000013215_1						
OG0017415		BRAKERILHT00000012719_1						
OG0017416		BRAKERILHT00000013467_1						
OG0017417		BRAKERILHT00000013962_1						
OG0017418		BRAKERILHT00000012504_1						
OG0017419		BRAKERILHT00000013787_1						
OG0017420		BRAKERILHT00000012471_1						
OG0017421		BRAKERILHT00000012855_1						
OG0017422		BRAKERILHT00000013372_1						
OG0017423		BRAKERILHT00000012643_1						
OG0017424		BRAKERILHT00000013927_1						
OG0017425		BRAKERILHT00000012440_1						
OG0017426		BRAKERILHT00000013095_1						
OG0017427		BRAKERILHT00000012813_1						
OG0017428		BRAKERILHT00000012382_1						
OG0017429		BRAKERILHT00000013521_1						
OG0017430		BRAKERILHT00000013070_1						
OG0017431		BRAKERILHT00000013873_1						
OG0017432		BRAKERILHT00000013942_1						
OG0017433		BRAKERILHT00000012426_1						
OG0017434		BRAKERILHT00000013741_1						
OG0017435		BRAKERILHT00000012592_1						
OG0017436		BRAKERILHT00000013082_1						
OG0017437		BRAKERILHT00000012712_1						
OG0017438		BRAKERILHT00000013692_1						
OG0017439		BRAKERILHT00000013263_1						
OG0017440		BRAKERILHT00000012995_1						
OG0017441		BRAKERILHT00000013178_1						
OG0017442		BRAKERILHT00000013126_1						
OG0017443		BRAKERILHT00000013839_1						
OG0017444		BRAKERILHT00000013850_1						
OG0017445		BRAKERILHT00000013486_1						
OG0017446		BRAKERILHT00000012494_1						
OG0017447		BRAKERILHT00000013160_1						
OG0017448		BRAKERILHT00000013433_1						
OG0017449		BRAKERILHT00000012409_1						
OG0017450		BRAKERILHT00000012982_1						
OG0017451		BRAKERILHT00000013102_1						
OG0017452		BRAKERILHT00000012389_1						
OG0017453		BRAKERILHT00000013793_1						
OG0017454		BRAKERILHT00000013333_1						
OG0017455		BRAKERILHT00000013637_1						
OG0017456		BRAKERILHT00000012577_1						
OG0017457		BRAKERILHT00000013615_1						
OG0017458		BRAKERILHT00000013176_1						
OG0017459		BRAKERILHT00000013062_1						
OG0017460		BRAKERILHT00000013420_1						
OG0017461		BRAKERILHT00000013851_1						
OG0017462		BRAKERILHT00000013751_1						
OG0017463		BRAKERILHT00000012617_1						
OG0017464		BRAKERILHT00000012614_1						
OG0017465		BRAKERILHT00000012861_1						
OG0017466		BRAKERILHT00000013223_1						
OG0017467		BRAKERILHT00000012907_1						
OG0017468		BRAKERILHT00000013369_1						
OG0017469		BRAKERILHT00000013979_1						
OG0017470		BRAKERILHT00000012811_1						
OG0017471		BRAKERILHT00000013253_1						
OG0017472		BRAKERILHT00000013210_1						
OG0017473		BRAKERILHT00000013298_1						
OG0017474		BRAKERILHT00000013151_1						
OG0017475		BRAKERILHT00000012850_1						
OG0017476		BRAKERILHT00000013040_1						
OG0017477		BRAKERILHT00000012871_1						
OG0017478		BRAKERILHT00000012456_1						
OG0017479		BRAKERILHT00000012521_1						
OG0017480		BRAKERILHT00000013447_1						
OG0017481		BRAKERILHT00000013997_1						
OG0017482		BRAKERILHT00000013064_1						
OG0017483		BRAKERILHT00000013945_1						
OG0017484		BRAKERILHT00000012920_1						
OG0017485		BRAKERILHT00000012799_1						
OG0017486		BRAKERILHT00000013381_1						
OG0017487		BRAKERILHT00000013911_1						
OG0017488		BRAKERILHT00000012618_1						
OG0017489		BRAKERILHT00000012752_1						
OG0017490		BRAKERILHT00000013134_1						
OG0017491		BRAKERILHT00000013699_1						
OG0017492		BRAKERILHT00000012390_1						
OG0017493		BRAKERILHT00000014003_1						
OG0017494		BRAKERILHT00000012473_1						
OG0017495		BRAKERILHT00000012968_1						
OG0017496		BRAKERILHT00000013205_1						
OG0017497		BRAKERILHT00000013682_1						
OG0017498		BRAKERILHT00000012646_1						
OG0017499		BRAKERILHT00000012841_1						
OG0017500		BRAKERILHT00000013012_1						
OG0017501		BRAKERILHT00000013506_1						
OG0017502		BRAKERILHT00000012679_1						
OG0017503		BRAKERILHT00000012682_1						
OG0017504		BRAKERILHT00000013496_1						
OG0017505		BRAKERILHT00000013550_1						
OG0017506		BRAKERILHT00000013909_1						
OG0017507		BRAKERILHT00000012887_1						
OG0017508		BRAKERILHT00000013495_1						
OG0017509		BRAKERILHT00000013313_1						
OG0017510		BRAKERILHT00000013689_1						
OG0017511		BRAKERILHT00000012370_1						
OG0017512		BRAKERILHT00000013525_1						
OG0017513		BRAKERILHT00000012377_1						
OG0017514		BRAKERILHT00000012732_1						
OG0017515		BRAKERILHT00000013848_1						
OG0017516		BRAKERILHT00000013701_1						
OG0017517		BRAKERILHT00000013493_1						
OG0017518		BRAKERILHT00000013280_1						
OG0017519		BRAKERILHT00000013840_1						
OG0017520		BRAKERILHT00000012632_1						
OG0017521		BRAKERILHT00000012485_1						
OG0017522		BRAKERILHT00000012896_1						
OG0017523		BRAKERILHT00000012762_1						
OG0017524		BRAKERILHT00000013153_1						
OG0017525		BRAKERILHT00000013284_1						
OG0017526		BRAKERILHT00000012785_1						
OG0017527		BRAKERILHT00000013175_1						
OG0017528		BRAKERILHT00000013574_1						
OG0017529		BRAKERILHT00000012489_1						
OG0017530		BRAKERILHT00000012443_1						
OG0017531		BRAKERILHT00000012874_1						
OG0017532		BRAKERILHT00000012829_1						
OG0017533		BRAKERILHT00000012444_1						
OG0017534		BRAKERILHT00000013494_1						
OG0017535		BRAKERILHT00000013137_1						
OG0017536		BRAKERILHT00000012755_1						
OG0017537		BRAKERILHT00000012497_1						
OG0017538		BRAKERILHT00000012454_1						
OG0017539		BRAKERILHT00000013759_1						
OG0017540		BRAKERILHT00000012475_1						
OG0017541		BRAKERILHT00000012364_1						
OG0017542		BRAKERILHT00000012649_1						
OG0017543		BRAKERILHT00000013365_1						
OG0017544		BRAKERILHT00000013431_1						
OG0017545		BRAKERILHT00000013526_1						
OG0017546		BRAKERILHT00000013432_1						
OG0017547		BRAKERILHT00000014012_1						
OG0017548		BRAKERILHT00000012621_1						
OG0017549		BRAKERILHT00000013446_1						
OG0017550		BRAKERILHT00000014006_1						
OG0017551		BRAKERILHT00000013300_1						
OG0017552		BRAKERILHT00000013484_1						
OG0017553		BRAKERILHT00000013276_1						
OG0017554		BRAKERILHT00000012812_1						
OG0017555		BRAKERILHT00000013715_1						
OG0017556		BRAKERILHT00000013629_1						
OG0017557		BRAKERILHT00000013142_1						
OG0017558		BRAKERILHT00000013807_1						
OG0017559		BRAKERILHT00000013321_1						
OG0017560		BRAKERILHT00000012630_1						
OG0017561		BRAKERILHT00000013842_1						
OG0017562		BRAKERILHT00000012702_1						
OG0017563		BRAKERILHT00000014009_1						
OG0017564		BRAKERILHT00000013449_1						
OG0017565		BRAKERILHT00000013105_1						
OG0017566		BRAKERILHT00000013949_1						
OG0017567		BRAKERILHT00000012673_1						
OG0017568		BRAKERILHT00000013823_1						
OG0017569		BRAKERILHT00000012433_1						
OG0017570		BRAKERILHT00000013961_1						
OG0017571		BRAKERILHT00000012957_1						
OG0017572		BRAKERILHT00000013740_1						
OG0017573		BRAKERILHT00000012774_1						
OG0017574		BRAKERILHT00000013573_1						
OG0017575		BRAKERILHT00000012808_1						
OG0017576		BRAKERILHT00000014921_1						
OG0017577		BRAKERILHT00000014146_1						
OG0017578		BRAKERILHT00000015286_1						
OG0017579		BRAKERILHT00000014821_1						
OG0017580		BRAKERILHT00000015313_1						
OG0017581		BRAKERILHT00000015016_1						
OG0017582		BRAKERILHT00000014379_1						
OG0017583		BRAKERILHT00000014954_1						
OG0017584		BRAKERILHT00000014518_1						
OG0017585		BRAKERILHT00000015162_1						
OG0017586		BRAKERILHT00000014342_1						
OG0017587		BRAKERILHT00000014786_1						
OG0017588		BRAKERILHT00000015211_1						
OG0017589		BRAKERILHT00000015479_1						
OG0017590		BRAKERILHT00000014188_1						
OG0017591		BRAKERILHT00000014619_1						
OG0017592		BRAKERILHT00000015600_1						
OG0017593		BRAKERILHT00000014667_1						
OG0017594		BRAKERILHT00000014483_1						
OG0017595		BRAKERILHT00000015538_1						
OG0017596		BRAKERILHT00000015453_1						
OG0017597		BRAKERILHT00000014728_1						
OG0017598		BRAKERILHT00000014208_1						
OG0017599		BRAKERILHT00000015171_1						
OG0017600		BRAKERILHT00000015339_1						
OG0017601		BRAKERILHT00000014274_1						
OG0017602		BRAKERILHT00000015542_1						
OG0017603		BRAKERILHT00000015112_1						
OG0017604		BRAKERILHT00000014344_1						
OG0017605		BRAKERILHT00000015305_1						
OG0017606		BRAKERILHT00000014182_1						
OG0017607		BRAKERILHT00000014172_1						
OG0017608		BRAKERILHT00000015497_1						
OG0017609		BRAKERILHT00000014988_1						
OG0017610		BRAKERILHT00000014440_1						
OG0017611		BRAKERILHT00000014309_1						
OG0017612		BRAKERILHT00000014101_1						
OG0017613		BRAKERILHT00000015328_1						
OG0017614		BRAKERILHT00000014437_1						
OG0017615		BRAKERILHT00000014094_1						
OG0017616		BRAKERILHT00000015562_1						
OG0017617		BRAKERILHT00000015563_1						
OG0017618		BRAKERILHT00000015105_1						
OG0017619		BRAKERILHT00000015259_1						
OG0017620		BRAKERILHT00000014925_1						
OG0017621		BRAKERILHT00000014600_1						
OG0017622		BRAKERILHT00000015170_1						
OG0017623		BRAKERILHT00000014965_1						
OG0017624		BRAKERILHT00000015405_1						
OG0017625		BRAKERILHT00000014240_1						
OG0017626		BRAKERILHT00000014489_1						
OG0017627		BRAKERILHT00000014991_1						
OG0017628		BRAKERILHT00000015249_1						
OG0017629		BRAKERILHT00000014179_1						
OG0017630		BRAKERILHT00000014878_1						
OG0017631		BRAKERILHT00000014520_1						
OG0017632		BRAKERILHT00000014080_1						
OG0017633		BRAKERILHT00000014737_1						
OG0017634		BRAKERILHT00000014285_1						
OG0017635		BRAKERILHT00000015427_1						
OG0017636		BRAKERILHT00000015018_1						
OG0017637		BRAKERILHT00000014948_1						
OG0017638		BRAKERILHT00000014439_1						
OG0017639		BRAKERILHT00000015608_1						
OG0017640		BRAKERILHT00000014149_1						
OG0017641		BRAKERILHT00000014178_1						
OG0017642		BRAKERILHT00000015150_1						
OG0017643		BRAKERILHT00000014735_1						
OG0017644		BRAKERILHT00000015403_1						
OG0017645		BRAKERILHT00000014521_1						
OG0017646		BRAKERILHT00000014624_1						
OG0017647		BRAKERILHT00000014368_1						
OG0017648		BRAKERILHT00000015025_1						
OG0017649		BRAKERILHT00000015281_1						
OG0017650		BRAKERILHT00000014031_1						
OG0017651		BRAKERILHT00000015036_1						
OG0017652		BRAKERILHT00000015458_1						
OG0017653		BRAKERILHT00000014708_1						
OG0017654		BRAKERILHT00000015312_1						
OG0017655		BRAKERILHT00000015474_1						
OG0017656		BRAKERILHT00000014323_1						
OG0017657		BRAKERILHT00000014612_1						
OG0017658		BRAKERILHT00000014865_1						
OG0017659		BRAKERILHT00000015002_1						
OG0017660		BRAKERILHT00000014266_1						
OG0017661		BRAKERILHT00000014803_1						
OG0017662		BRAKERILHT00000014482_1						
OG0017663		BRAKERILHT00000014037_1						
OG0017664		BRAKERILHT00000015392_1						
OG0017665		BRAKERILHT00000015156_1						
OG0017666		BRAKERILHT00000014711_1						
OG0017667		BRAKERILHT00000014092_1						
OG0017668		BRAKERILHT00000015225_1						
OG0017669		BRAKERILHT00000014953_1						
OG0017670		BRAKERILHT00000014519_1						
OG0017671		BRAKERILHT00000015201_1						
OG0017672		BRAKERILHT00000015556_1						
OG0017673		BRAKERILHT00000014284_1						
OG0017674		BRAKERILHT00000014668_1						
OG0017675		BRAKERILHT00000015332_1						
OG0017676		BRAKERILHT00000014829_1						
OG0017677		BRAKERILHT00000014756_1						
OG0017678		BRAKERILHT00000015218_1						
OG0017679		BRAKERILHT00000015506_1						
OG0017680		BRAKERILHT00000014805_1						
OG0017681		BRAKERILHT00000015580_1						
OG0017682		BRAKERILHT00000014072_1						
OG0017683		BRAKERILHT00000014837_1						
OG0017684		BRAKERILHT00000014879_1						
OG0017685		BRAKERILHT00000014546_1						
OG0017686		BRAKERILHT00000014621_1						
OG0017687		BRAKERILHT00000014225_1						
OG0017688		BRAKERILHT00000015374_1						
OG0017689		BRAKERILHT00000015263_1						
OG0017690		BRAKERILHT00000015250_1						
OG0017691		BRAKERILHT00000015429_1						
OG0017692		BRAKERILHT00000014568_1						
OG0017693		BRAKERILHT00000015480_1						
OG0017694		BRAKERILHT00000014239_1						
OG0017695		BRAKERILHT00000014962_1						
OG0017696		BRAKERILHT00000014310_1						
OG0017697		BRAKERILHT00000014912_1						
OG0017698		BRAKERILHT00000014727_1						
OG0017699		BRAKERILHT00000015236_1						
OG0017700		BRAKERILHT00000014458_1						
OG0017701		BRAKERILHT00000014742_1						
OG0017702		BRAKERILHT00000015102_1						
OG0017703		BRAKERILHT00000014745_1						
OG0017704		BRAKERILHT00000014592_1						
OG0017705		BRAKERILHT00000014951_1						
OG0017706		BRAKERILHT00000015053_1						
OG0017707		BRAKERILHT00000014223_1						
OG0017708		BRAKERILHT00000015130_1						
OG0017709		BRAKERILHT00000014807_1						
OG0017710		BRAKERILHT00000015057_1						
OG0017711		BRAKERILHT00000015242_1						
OG0017712		BRAKERILHT00000014654_1						
OG0017713		BRAKERILHT00000015019_1						
OG0017714		BRAKERILHT00000014828_1						
OG0017715		BRAKERILHT00000014732_1						
OG0017716		BRAKERILHT00000014399_1						
OG0017717		BRAKERILHT00000014067_1						
OG0017718		BRAKERILHT00000014345_1						
OG0017719		BRAKERILHT00000015208_1						
OG0017720		BRAKERILHT00000015564_1						
OG0017721		BRAKERILHT00000014429_1						
OG0017722		BRAKERILHT00000014538_1						
OG0017723		BRAKERILHT00000015241_1						
OG0017724		BRAKERILHT00000015043_1						
OG0017725		BRAKERILHT00000014772_1						
OG0017726		BRAKERILHT00000015039_1						
OG0017727		BRAKERILHT00000015484_1						
OG0017728		BRAKERILHT00000015368_1						
OG0017729		BRAKERILHT00000015349_1						
OG0017730		BRAKERILHT00000015109_1						
OG0017731		BRAKERILHT00000015565_1						
OG0017732		BRAKERILHT00000014333_1						
OG0017733		BRAKERILHT00000015176_1						
OG0017734		BRAKERILHT00000014768_1						
OG0017735		BRAKERILHT00000014307_1						
OG0017736		BRAKERILHT00000014496_1						
OG0017737		BRAKERILHT00000014950_1						
OG0017738		BRAKERILHT00000014985_1						
OG0017739		BRAKERILHT00000014246_1						
OG0017740		BRAKERILHT00000015439_1						
OG0017741		BRAKERILHT00000015376_1						
OG0017742		BRAKERILHT00000014227_1						
OG0017743		BRAKERILHT00000014469_1						
OG0017744		BRAKERILHT00000014905_1						
OG0017745		BRAKERILHT00000015307_1						
OG0017746		BRAKERILHT00000015365_1						
OG0017747		BRAKERILHT00000014392_1						
OG0017748		BRAKERILHT00000014447_1						
OG0017749		BRAKERILHT00000015545_1						
OG0017750		BRAKERILHT00000015352_1						
OG0017751		BRAKERILHT00000014315_1						
OG0017752		BRAKERILHT00000014262_1						
OG0017753		BRAKERILHT00000015291_1						
OG0017754		BRAKERILHT00000014799_1						
OG0017755		BRAKERILHT00000014365_1						
OG0017756		BRAKERILHT00000015186_1						
OG0017757		BRAKERILHT00000014334_1						
OG0017758		BRAKERILHT00000015284_1						
OG0017759		BRAKERILHT00000015416_1						
OG0017760		BRAKERILHT00000014290_1						
OG0017761		BRAKERILHT00000014086_1						
OG0017762		BRAKERILHT00000015165_1						
OG0017763		BRAKERILHT00000015023_1						
OG0017764		BRAKERILHT00000015094_1						
OG0017765		BRAKERILHT00000014395_1						
OG0017766		BRAKERILHT00000015269_1						
OG0017767		BRAKERILHT00000014551_1						
OG0017768		BRAKERILHT00000014219_1						
OG0017769		BRAKERILHT00000014472_1						
OG0017770		BRAKERILHT00000015343_1						
OG0017771		BRAKERILHT00000015288_1						
OG0017772		BRAKERILHT00000014769_1						
OG0017773		BRAKERILHT00000014247_1						
OG0017774		BRAKERILHT00000015475_1						
OG0017775		BRAKERILHT00000015290_1						
OG0017776		BRAKERILHT00000014960_1						
OG0017777		BRAKERILHT00000014606_1						
OG0017778		BRAKERILHT00000014834_1						
OG0017779		BRAKERILHT00000014859_1						
OG0017780		BRAKERILHT00000015481_1						
OG0017781		BRAKERILHT00000014605_1						
OG0017782		BRAKERILHT00000014888_1						
OG0017783		BRAKERILHT00000015559_1						
OG0017784		BRAKERILHT00000014653_1						
OG0017785		BRAKERILHT00000015443_1						
OG0017786		BRAKERILHT00000014294_1						
OG0017787		BRAKERILHT00000014452_1						
OG0017788		BRAKERILHT00000014981_1						
OG0017789		BRAKERILHT00000014099_1						
OG0017790		BRAKERILHT00000014394_1						
OG0017791		BRAKERILHT00000014736_1						
OG0017792		BRAKERILHT00000014599_1						
OG0017793		BRAKERILHT00000015597_1						
OG0017794		BRAKERILHT00000014717_1						
OG0017795		BRAKERILHT00000014938_1						
OG0017796		BRAKERILHT00000014924_1						
OG0017797		BRAKERILHT00000015595_1						
OG0017798		BRAKERILHT00000015104_1						
OG0017799		BRAKERILHT00000015521_1						
OG0017800		BRAKERILHT00000014488_1						
OG0017801		BRAKERILHT00000015418_1						
OG0017802		BRAKERILHT00000015476_1						
OG0017803		BRAKERILHT00000014795_1						
OG0017804		BRAKERILHT00000015319_1						
OG0017805		BRAKERILHT00000014168_1						
OG0017806		BRAKERILHT00000015383_1						
OG0017807		BRAKERILHT00000014690_1						
OG0017808		BRAKERILHT00000015048_1						
OG0017809		BRAKERILHT00000015596_1						
OG0017810		BRAKERILHT00000015496_1						
OG0017811		BRAKERILHT00000015083_1						
OG0017812		BRAKERILHT00000015147_1						
OG0017813		BRAKERILHT00000014252_1						
OG0017814		BRAKERILHT00000014532_1						
OG0017815		BRAKERILHT00000015278_1						
OG0017816		BRAKERILHT00000014810_1						
OG0017817		BRAKERILHT00000014773_1						
OG0017818		BRAKERILHT00000014836_1						
OG0017819		BRAKERILHT00000014299_1						
OG0017820		BRAKERILHT00000014238_1						
OG0017821		BRAKERILHT00000015123_1						
OG0017822		BRAKERILHT00000014866_1						
OG0017823		BRAKERILHT00000015456_1						
OG0017824		BRAKERILHT00000014601_1						
OG0017825		BRAKERILHT00000014765_1						
OG0017826		BRAKERILHT00000014130_1						
OG0017827		BRAKERILHT00000014052_1						
OG0017828		BRAKERILHT00000014940_1						
OG0017829		BRAKERILHT00000014048_1						
OG0017830		BRAKERILHT00000015163_1						
OG0017831		BRAKERILHT00000015593_1						
OG0017832		BRAKERILHT00000014997_1						
OG0017833		BRAKERILHT00000014963_1						
OG0017834		BRAKERILHT00000014224_1						
OG0017835		BRAKERILHT00000014357_1						
OG0017836		BRAKERILHT00000015221_1						
OG0017837		BRAKERILHT00000014046_1						
OG0017838		BRAKERILHT00000014295_1						
OG0017839		BRAKERILHT00000015377_1						
OG0017840		BRAKERILHT00000014494_1						
OG0017841		BRAKERILHT00000014383_1						
OG0017842		BRAKERILHT00000014598_1						
OG0017843		BRAKERILHT00000015578_1						
OG0017844		BRAKERILHT00000015215_1						
OG0017845		BRAKERILHT00000015447_1						
OG0017846		BRAKERILHT00000014298_1						
OG0017847		BRAKERILHT00000014453_1						
OG0017848		BRAKERILHT00000014352_1						
OG0017849		BRAKERILHT00000014242_1						
OG0017850		BRAKERILHT00000016561_1						
OG0017851		BRAKERILHT00000016281_1						
OG0017852		BRAKERILHT00000015934_1						
OG0017853		BRAKERILHT00000016483_1						
OG0017854		BRAKERILHT00000016395_1						
OG0017855		BRAKERILHT00000016582_1						
OG0017856		BRAKERILHT00000016879_1						
OG0017857		BRAKERILHT00000016822_1						
OG0017858		BRAKERILHT00000015922_1						
OG0017859		BRAKERILHT00000016224_1						
OG0017860		BRAKERILHT00000015661_1						
OG0017861		BRAKERILHT00000016192_1						
OG0017862		BRAKERILHT00000016486_1						
OG0017863		BRAKERILHT00000016951_1						
OG0017864		BRAKERILHT00000016324_1						
OG0017865		BRAKERILHT00000016204_1						
OG0017866		BRAKERILHT00000015738_1						
OG0017867		BRAKERILHT00000016131_1						
OG0017868		BRAKERILHT00000016515_1						
OG0017869		BRAKERILHT00000016838_1						
OG0017870		BRAKERILHT00000015834_1						
OG0017871		BRAKERILHT00000016693_1						
OG0017872		BRAKERILHT00000015726_1						
OG0017873		BRAKERILHT00000015621_1						
OG0017874		BRAKERILHT00000015942_1						
OG0017875		BRAKERILHT00000016924_1						
OG0017876		BRAKERILHT00000016293_1						
OG0017877		BRAKERILHT00000016906_1						
OG0017878		BRAKERILHT00000016059_1						
OG0017879		BRAKERILHT00000016562_1						
OG0017880		BRAKERILHT00000016264_1						
OG0017881		BRAKERILHT00000016633_1						
OG0017882		BRAKERILHT00000016161_1						
OG0017883		BRAKERILHT00000015855_1						
OG0017884		BRAKERILHT00000016156_1						
OG0017885		BRAKERILHT00000015971_1						
OG0017886		BRAKERILHT00000016084_1						
OG0017887		BRAKERILHT00000015725_1						
OG0017888		BRAKERILHT00000016006_1						
OG0017889		BRAKERILHT00000016598_1						
OG0017890		BRAKERILHT00000015665_1						
OG0017891		BRAKERILHT00000015970_1						
OG0017892		BRAKERILHT00000016695_1						
OG0017893		BRAKERILHT00000016661_1						
OG0017894		BRAKERILHT00000016051_1						
OG0017895		BRAKERILHT00000016423_1						
OG0017896		BRAKERILHT00000016815_1						
OG0017897		BRAKERILHT00000015712_1						
OG0017898		BRAKERILHT00000016275_1						
OG0017899		BRAKERILHT00000015623_1						
OG0017900		BRAKERILHT00000016173_1						
OG0017901		BRAKERILHT00000016424_1						
OG0017902		BRAKERILHT00000016807_1						
OG0017903		BRAKERILHT00000016008_1						
OG0017904		BRAKERILHT00000016063_1						
OG0017905		BRAKERILHT00000016548_1						
OG0017906		BRAKERILHT00000015953_1						
OG0017907		BRAKERILHT00000016367_1						
OG0017908		BRAKERILHT00000016453_1						
OG0017909		BRAKERILHT00000015852_1						
OG0017910		BRAKERILHT00000016147_1						
OG0017911		BRAKERILHT00000016611_1						
OG0017912		BRAKERILHT00000016434_1						
OG0017913		BRAKERILHT00000015801_1						
OG0017914		BRAKERILHT00000015744_1						
OG0017915		BRAKERILHT00000016482_1						
OG0017916		BRAKERILHT00000016350_1						
OG0017917		BRAKERILHT00000016733_1						
OG0017918		BRAKERILHT00000016122_1						
OG0017919		BRAKERILHT00000016910_1						
OG0017920		BRAKERILHT00000016784_1						
OG0017921		BRAKERILHT00000016461_1						
OG0017922		BRAKERILHT00000016353_1						
OG0017923		BRAKERILHT00000015706_1						
OG0017924		BRAKERILHT00000015984_1						
OG0017925		BRAKERILHT00000016158_1						
OG0017926		BRAKERILHT00000016624_1						
OG0017927		BRAKERILHT00000016048_1						
OG0017928		BRAKERILHT00000015779_1						
OG0017929		BRAKERILHT00000016922_1						
OG0017930		BRAKERILHT00000016536_1						
OG0017931		BRAKERILHT00000016506_1						
OG0017932		BRAKERILHT00000016644_1						
OG0017933		BRAKERILHT00000015728_1						
OG0017934		BRAKERILHT00000016609_1						
OG0017935		BRAKERILHT00000015872_1						
OG0017936		BRAKERILHT00000016776_1						
OG0017937		BRAKERILHT00000015978_1						
OG0017938		BRAKERILHT00000016756_1						
OG0017939		BRAKERILHT00000016654_1						
OG0017940		BRAKERILHT00000016258_1						
OG0017941		BRAKERILHT00000016551_1						
OG0017942		BRAKERILHT00000016967_1						
OG0017943		BRAKERILHT00000015825_1						
OG0017944		BRAKERILHT00000015645_1						
OG0017945		BRAKERILHT00000016878_1						
OG0017946		BRAKERILHT00000016109_1						
OG0017947		BRAKERILHT00000016357_1						
OG0017948		BRAKERILHT00000016732_1						
OG0017949		BRAKERILHT00000016964_1						
OG0017950		BRAKERILHT00000016436_1						
OG0017951		BRAKERILHT00000016313_1						
OG0017952		BRAKERILHT00000016840_1						
OG0017953		BRAKERILHT00000016484_1						
OG0017954		BRAKERILHT00000016315_1						
OG0017955		BRAKERILHT00000016198_1						
OG0017956		BRAKERILHT00000016476_1						
OG0017957		BRAKERILHT00000015816_1						
OG0017958		BRAKERILHT00000016725_1						
OG0017959		BRAKERILHT00000016605_1						
OG0017960		BRAKERILHT00000016955_1						
OG0017961		BRAKERILHT00000015806_1						
OG0017962		BRAKERILHT00000016431_1						
OG0017963		BRAKERILHT00000016134_1						
OG0017964		BRAKERILHT00000016377_1						
OG0017965		BRAKERILHT00000016655_1						
OG0017966		BRAKERILHT00000016018_1						
OG0017967		BRAKERILHT00000016420_1						
OG0017968		BRAKERILHT00000016500_1						
OG0017969		BRAKERILHT00000016205_1						
OG0017970		BRAKERILHT00000015612_1						
OG0017971		BRAKERILHT00000016682_1						
OG0017972		BRAKERILHT00000016514_1						
OG0017973		BRAKERILHT00000016199_1						
OG0017974		BRAKERILHT00000016069_1						
OG0017975		BRAKERILHT00000015701_1						
OG0017976		BRAKERILHT00000016774_1						
OG0017977		BRAKERILHT00000016696_1						
OG0017978		BRAKERILHT00000015853_1						
OG0017979		BRAKERILHT00000015854_1						
OG0017980		BRAKERILHT00000016931_1						
OG0017981		BRAKERILHT00000016621_1						
OG0017982		BRAKERILHT00000015930_1						
OG0017983		BRAKERILHT00000016831_1						
OG0017984		BRAKERILHT00000015848_1						
OG0017985		BRAKERILHT00000016082_1						
OG0017986		BRAKERILHT00000016881_1						
OG0017987		BRAKERILHT00000016439_1						
OG0017988		BRAKERILHT00000016547_1						
OG0017989		BRAKERILHT00000016164_1						
OG0017990		BRAKERILHT00000016643_1						
OG0017991		BRAKERILHT00000016905_1						
OG0017992		BRAKERILHT00000016830_1						
OG0017993		BRAKERILHT00000016534_1						
OG0017994		BRAKERILHT00000015747_1						
OG0017995		BRAKERILHT00000015951_1						
OG0017996		BRAKERILHT00000016968_1						
OG0017997		BRAKERILHT00000016972_1						
OG0017998		BRAKERILHT00000016715_1						
OG0017999		BRAKERILHT00000015656_1						
OG0018000		BRAKERILHT00000016880_1						
OG0018001		BRAKERILHT00000016829_1						
OG0018002		BRAKERILHT00000016239_1						
OG0018003		BRAKERILHT00000015865_1						
OG0018004		BRAKERILHT00000016859_1						
OG0018005		BRAKERILHT00000016057_1						
OG0018006		BRAKERILHT00000016304_1						
OG0018007		BRAKERILHT00000016760_1						
OG0018008		BRAKERILHT00000016800_1						
OG0018009		BRAKERILHT00000016863_1						
OG0018010		BRAKERILHT00000016680_1						
OG0018011		BRAKERILHT00000016549_1						
OG0018012		BRAKERILHT00000016850_1						
OG0018013		BRAKERILHT00000015782_1						
OG0018014		BRAKERILHT00000016851_1						
OG0018015		BRAKERILHT00000016632_1						
OG0018016		BRAKERILHT00000016182_1						
OG0018017		BRAKERILHT00000016151_1						
OG0018018		BRAKERILHT00000015846_1						
OG0018019		BRAKERILHT00000016459_1						
OG0018020		BRAKERILHT00000015648_1						
OG0018021		BRAKERILHT00000015885_1						
OG0018022		BRAKERILHT00000016801_1						
OG0018023		BRAKERILHT00000015627_1						
OG0018024		BRAKERILHT00000016926_1						
OG0018025		BRAKERILHT00000015720_1						
OG0018026		BRAKERILHT00000015695_1						
OG0018027		BRAKERILHT00000016447_1						
OG0018028		BRAKERILHT00000016812_1						
OG0018029		BRAKERILHT00000016911_1						
OG0018030		BRAKERILHT00000016000_1						
OG0018031		BRAKERILHT00000015618_1						
OG0018032		BRAKERILHT00000016159_1						
OG0018033		BRAKERILHT00000015956_1						
OG0018034		BRAKERILHT00000016669_1						
OG0018035		BRAKERILHT00000015866_1						
OG0018036		BRAKERILHT00000016078_1						
OG0018037		BRAKERILHT00000016664_1						
OG0018038		BRAKERILHT00000015789_1						
OG0018039		BRAKERILHT00000016340_1						
OG0018040		BRAKERILHT00000015824_1						
OG0018041		BRAKERILHT00000016098_1						
OG0018042		BRAKERILHT00000015631_1						
OG0018043		BRAKERILHT00000016708_1						
OG0018044		BRAKERILHT00000016530_1						
OG0018045		BRAKERILHT00000015928_1						
OG0018046		BRAKERILHT00000015906_1						
OG0018047		BRAKERILHT00000016285_1						
OG0018048		BRAKERILHT00000015821_1						
OG0018049		BRAKERILHT00000015870_1						
OG0018050		BRAKERILHT00000016310_1						
OG0018051		BRAKERILHT00000015898_1						
OG0018052		BRAKERILHT00000016898_1						
OG0018053		BRAKERILHT00000015688_1						
OG0018054		BRAKERILHT00000016479_1						
OG0018055		BRAKERILHT00000016886_1						
OG0018056		BRAKERILHT00000015887_1						
OG0018057		BRAKERILHT00000016847_1						
OG0018058		BRAKERILHT00000016237_1						
OG0018059		BRAKERILHT00000015837_1						
OG0018060		BRAKERILHT00000016417_1						
OG0018061		BRAKERILHT00000015965_1						
OG0018062		BRAKERILHT00000016362_1						
OG0018063		BRAKERILHT00000016267_1						
OG0018064		BRAKERILHT00000016290_1						
OG0018065		BRAKERILHT00000015904_1						
OG0018066		BRAKERILHT00000016139_1						
OG0018067		BRAKERILHT00000016539_1						
OG0018068		BRAKERILHT00000016480_1						
OG0018069		BRAKERILHT00000016288_1						
OG0018070		BRAKERILHT00000016533_1						
OG0018071		BRAKERILHT00000016828_1						
OG0018072		BRAKERILHT00000016821_1						
OG0018073		BRAKERILHT00000016892_1						
OG0018074		BRAKERILHT00000016497_1						
OG0018075		BRAKERILHT00000016047_1						
OG0018076		BRAKERILHT00000015735_1						
OG0018077		BRAKERILHT00000015654_1						
OG0018078		BRAKERILHT00000016896_1						
OG0018079		BRAKERILHT00000016201_1						
OG0018080		BRAKERILHT00000016755_1						
OG0018081		BRAKERILHT00000016371_1						
OG0018082		BRAKERILHT00000015722_1						
OG0018083		BRAKERILHT00000016116_1						
OG0018084		BRAKERILHT00000016351_1						
OG0018085		BRAKERILHT00000015791_1						
OG0018086		BRAKERILHT00000016559_1						
OG0018087		BRAKERILHT00000016186_1						
OG0018088		BRAKERILHT00000016221_1						
OG0018089		BRAKERILHT00000016390_1						
OG0018090		BRAKERILHT00000016097_1						
OG0018091		BRAKERILHT00000015857_1						
OG0018092		BRAKERILHT00000016504_1						
OG0018093		BRAKERILHT00000016207_1						
OG0018094		BRAKERILHT00000016049_1						
OG0018095		BRAKERILHT00000016360_1						
OG0018096		BRAKERILHT00000017354_1						
OG0018097		BRAKERILHT00000017657_1						
OG0018098		BRAKERILHT00000017105_1						
OG0018099		BRAKERILHT00000018014_1						
OG0018100		BRAKERILHT00000017080_1						
OG0018101		BRAKERILHT00000017487_1						
OG0018102		BRAKERILHT00000018039_1						
OG0018103		BRAKERILHT00000017893_1						
OG0018104		BRAKERILHT00000017792_1						
OG0018105		BRAKERILHT00000017522_1						
OG0018106		BRAKERILHT00000017314_1						
OG0018107		BRAKERILHT00000017520_1						
OG0018108		BRAKERILHT00000017995_1						
OG0018109		BRAKERILHT00000017151_1						
OG0018110		BRAKERILHT00000017842_1						
OG0018111		BRAKERILHT00000017738_1						
OG0018112		BRAKERILHT00000017920_1						
OG0018113		BRAKERILHT00000017471_1						
OG0018114		BRAKERILHT00000017159_1						
OG0018115		BRAKERILHT00000018015_1						
OG0018116		BRAKERILHT00000017902_1						
OG0018117		BRAKERILHT00000017586_1						
OG0018118		BRAKERILHT00000017337_1						
OG0018119		BRAKERILHT00000017100_1						
OG0018120		BRAKERILHT00000017870_1						
OG0018121		BRAKERILHT00000017454_1						
OG0018122		BRAKERILHT00000017886_1						
OG0018123		BRAKERILHT00000017091_1						
OG0018124		BRAKERILHT00000017271_1						
OG0018125		BRAKERILHT00000017420_1						
OG0018126		BRAKERILHT00000017500_1						
OG0018127		BRAKERILHT00000017668_1						
OG0018128		BRAKERILHT00000018052_1						
OG0018129		BRAKERILHT00000017278_1						
OG0018130		BRAKERILHT00000017876_1						
OG0018131		BRAKERILHT00000017678_1						
OG0018132		BRAKERILHT00000018000_1						
OG0018133		BRAKERILHT00000017171_1						
OG0018134		BRAKERILHT00000017324_1						
OG0018135		BRAKERILHT00000017213_1						
OG0018136		BRAKERILHT00000017824_1						
OG0018137		BRAKERILHT00000017759_1						
OG0018138		BRAKERILHT00000017291_1						
OG0018139		BRAKERILHT00000017274_1						
OG0018140		BRAKERILHT00000017038_1						
OG0018141		BRAKERILHT00000017619_1						
OG0018142		BRAKERILHT00000017012_1						
OG0018143		BRAKERILHT00000017030_1						
OG0018144		BRAKERILHT00000017822_1						
OG0018145		BRAKERILHT00000017711_1						
OG0018146		BRAKERILHT00000017241_1						
OG0018147		BRAKERILHT00000017036_1						
OG0018148		BRAKERILHT00000017406_1						
OG0018149		BRAKERILHT00000017027_1						
OG0018150		BRAKERILHT00000017557_1						
OG0018151		BRAKERILHT00000017113_1						
OG0018152		BRAKERILHT00000017608_1						
OG0018153		BRAKERILHT00000017510_1						
OG0018154		BRAKERILHT00000017527_1						
OG0018155		BRAKERILHT00000017719_1						
OG0018156		BRAKERILHT00000017790_1						
OG0018157		BRAKERILHT00000017188_1						
OG0018158		BRAKERILHT00000018058_1						
OG0018159		BRAKERILHT00000017777_1						
OG0018160		BRAKERILHT00000017860_1						
OG0018161		BRAKERILHT00000017816_1						
OG0018162		BRAKERILHT00000017495_1						
OG0018163		BRAKERILHT00000017103_1						
OG0018164		BRAKERILHT00000017432_1						
OG0018165		BRAKERILHT00000017447_1						
OG0018166		BRAKERILHT00000017084_1						
OG0018167		BRAKERILHT00000017806_1						
OG0018168		BRAKERILHT00000017452_1						
OG0018169		BRAKERILHT00000017167_1						
OG0018170		BRAKERILHT00000017733_1						
OG0018171		BRAKERILHT00000018061_1						
OG0018172		BRAKERILHT00000017646_1						
OG0018173		BRAKERILHT00000017373_1						
OG0018174		BRAKERILHT00000017578_1						
OG0018175		BRAKERILHT00000018009_1						
OG0018176		BRAKERILHT00000017776_1						
OG0018177		BRAKERILHT00000017416_1						
OG0018178		BRAKERILHT00000017198_1						
OG0018179		BRAKERILHT00000017751_1						
OG0018180		BRAKERILHT00000017758_1						
OG0018181		BRAKERILHT00000017172_1						
OG0018182		BRAKERILHT00000017303_1						
OG0018183		BRAKERILHT00000017598_1						
OG0018184		BRAKERILHT00000017085_1						
OG0018185		BRAKERILHT00000017872_1						
OG0018186		BRAKERILHT00000017563_1						
OG0018187		BRAKERILHT00000017530_1						
OG0018188		BRAKERILHT00000017031_1						
OG0018189		BRAKERILHT00000017398_1						
OG0018190		BRAKERILHT00000017728_1						
OG0018191		BRAKERILHT00000017096_1						
OG0018192		BRAKERILHT00000017656_1						
OG0018193		BRAKERILHT00000017652_1						
OG0018194		BRAKERILHT00000017541_1						
OG0018195		BRAKERILHT00000017498_1						
OG0018196		BRAKERILHT00000017767_1						
OG0018197		BRAKERILHT00000018060_1						
OG0018198		BRAKERILHT00000017056_1						
OG0018199		BRAKERILHT00000017677_1						
OG0018200		BRAKERILHT00000017386_1						
OG0018201		BRAKERILHT00000017841_1						
OG0018202		BRAKERILHT00000017308_1						
OG0018203		BRAKERILHT00000018020_1						
OG0018204		BRAKERILHT00000017700_1						
OG0018205		BRAKERILHT00000017547_1						
OG0018206		BRAKERILHT00000017086_1						
OG0018207		BRAKERILHT00000017650_1						
OG0018208		BRAKERILHT00000017394_1						
OG0018209		BRAKERILHT00000017064_1						
OG0018210		BRAKERILHT00000017878_1						
OG0018211		BRAKERILHT00000018006_1						
OG0018212		BRAKERILHT00000017800_1						
OG0018213		BRAKERILHT00000017489_1						
OG0018214		BRAKERILHT00000017926_1						
OG0018215		BRAKERILHT00000017635_1						
OG0018216		BRAKERILHT00000017450_1						
OG0018217		BRAKERILHT00000017414_1						
OG0018218		BRAKERILHT00000017906_1						
OG0018219		BRAKERILHT00000017094_1						
OG0018220		BRAKERILHT00000017739_1						
OG0018221		BRAKERILHT00000017164_1						
OG0018222		BRAKERILHT00000017266_1						
OG0018223		BRAKERILHT00000017916_1						
OG0018224		BRAKERILHT00000017317_1						
OG0018225		BRAKERILHT00000017312_1						
OG0018226		BRAKERILHT00000016995_1						
OG0018227		BRAKERILHT00000018047_1						
OG0018228		BRAKERILHT00000017428_1						
OG0018229		BRAKERILHT00000017026_1						
OG0018230		BRAKERILHT00000017752_1						
OG0018231		BRAKERILHT00000018051_1						
OG0018232		BRAKERILHT00000017433_1						
OG0018233		BRAKERILHT00000017788_1						
OG0018234		BRAKERILHT00000017360_1						
OG0018235		BRAKERILHT00000017674_1						
OG0018236		BRAKERILHT00000018049_1						
OG0018237		BRAKERILHT00000016999_1						
OG0018238		BRAKERILHT00000017746_1						
OG0018239		BRAKERILHT00000017361_1						
OG0018240		BRAKERILHT00000017692_1						
OG0018241		BRAKERILHT00000017472_1						
OG0018242		BRAKERILHT00000017963_1						
OG0018243		BRAKERILHT00000017714_1						
OG0018244		BRAKERILHT00000017173_1						
OG0018245		BRAKERILHT00000017076_1						
OG0018246		BRAKERILHT00000017383_1						
OG0018247		BRAKERILHT00000017901_1						
OG0018248		BRAKERILHT00000017429_1						
OG0018249		BRAKERILHT00000017670_1						
OG0018250		BRAKERILHT00000017556_1						
OG0018251		BRAKERILHT00000017740_1						
OG0018252		BRAKERILHT00000017043_1						
OG0018253		BRAKERILHT00000018034_1						
OG0018254		BRAKERILHT00000017826_1						
OG0018255		BRAKERILHT00000017544_1						
OG0018256		BRAKERILHT00000017417_1						
OG0018257		BRAKERILHT00000018059_1						
OG0018258		BRAKERILHT00000017582_1						
OG0018259		BRAKERILHT00000017936_1						
OG0018260		BRAKERILHT00000017600_1						
OG0018261		BRAKERILHT00000017427_1						
OG0018262		BRAKERILHT00000017066_1						
OG0018263		BRAKERILHT00000017755_1						
OG0018264		BRAKERILHT00000017493_1						
OG0018265		BRAKERILHT00000017814_1						
OG0018266		BRAKERILHT00000017228_1						
OG0018267		BRAKERILHT00000017063_1						
OG0018268		BRAKERILHT00000018092_1						
OG0018269			anno1.g22.t1					
OG0018270			anno1.g57.t1					
OG0018271			anno1.g96.t1					
OG0018272			anno1.g440.t1					
OG0018273			anno1.g508.t1					
OG0018274			anno1.g529.t1					
OG0018275			anno1.g561.t1					
OG0018276			anno1.g615.t1					
OG0018277			anno1.g668.t1					
OG0018278			anno1.g698.t1					
OG0018279			anno1.g721.t1					
OG0018280			anno1.g821.t1					
OG0018281			anno1.g848.t1					
OG0018282			anno1.g1089.t1					
OG0018283			anno1.g1154.t1					
OG0018284			anno1.g1253.t1					
OG0018285			anno1.g1396.t1					
OG0018286			anno1.g1705.t1					
OG0018287			anno1.g1707.t1					
OG0018288			anno1.g1720.t1					
OG0018289			anno1.g1763.t1					
OG0018290			anno1.g1913.t1					
OG0018291			anno1.g1918.t1					
OG0018292			anno1.g1925.t1					
OG0018293			anno1.g1938.t1					
OG0018294			anno1.g1962.t1					
OG0018295			anno1.g1977.t1					
OG0018296			anno1.g2002.t1					
OG0018297			anno1.g2010.t1					
OG0018298			anno1.g2038.t1					
OG0018299			anno1.g2095.t1					
OG0018300			anno1.g2112.t1					
OG0018301			anno1.g2129.t1					
OG0018302			anno1.g2135.t1					
OG0018303			anno1.g2137.t1					
OG0018304			anno1.g2168.t1					
OG0018305			anno1.g2181.t1					
OG0018306			anno1.g2202.t1					
OG0018307			anno1.g2205.t1					
OG0018308			anno1.g2206.t1					
OG0018309			anno1.g2267.t1					
OG0018310			anno1.g2467.t1					
OG0018311			anno1.g2578.t1					
OG0018312			anno1.g2716.t1					
OG0018313			anno1.g2750.t1					
OG0018314			anno1.g2810.t1					
OG0018315			anno1.g2933.t1					
OG0018316			anno1.g3005.t1					
OG0018317			anno1.g3113.t1					
OG0018318			anno1.g3231.t1					
OG0018319			anno1.g3252.t1					
OG0018320			anno1.g3255.t1					
OG0018321			anno1.g3314.t1					
OG0018322			anno1.g3337.t1					
OG0018323			anno1.g3401.t1					
OG0018324			anno1.g3488.t1					
OG0018325			anno1.g3548.t1					
OG0018326			anno1.g3696.t1					
OG0018327			anno1.g3762.t1					
OG0018328			anno1.g3776.t1					
OG0018329			anno1.g3861.t1					
OG0018330			anno1.g3981.t1					
OG0018331			anno1.g3982.t1					
OG0018332			anno1.g4045.t1					
OG0018333			anno1.g4059.t1					
OG0018334			anno1.g4064.t1					
OG0018335			anno1.g4087.t1					
OG0018336			anno1.g4154.t1					
OG0018337			anno1.g4194.t1					
OG0018338			anno1.g4196.t1					
OG0018339			anno1.g4258.t1					
OG0018340			anno1.g4267.t1					
OG0018341			anno1.g4296.t1					
OG0018342			anno1.g4321.t1					
OG0018343			anno1.g4370.t1					
OG0018344			anno1.g4371.t1					
OG0018345			anno1.g4456.t1					
OG0018346			anno1.g4524.t1					
OG0018347			anno1.g4529.t1					
OG0018348			anno1.g4541.t1					
OG0018349			anno1.g4592.t1					
OG0018350			anno1.g4595.t1					
OG0018351			anno1.g4600.t1					
OG0018352			anno1.g4603.t1					
OG0018353			anno1.g4621.t1					
OG0018354			anno1.g4716.t1					
OG0018355			anno1.g4791.t1					
OG0018356			anno1.g4799.t1					
OG0018357			anno1.g4880.t1					
OG0018358			anno1.g4931.t1					
OG0018359			anno1.g4997.t1					
OG0018360			anno1.g5016.t1					
OG0018361			anno1.g5083.t1					
OG0018362			anno1.g5159.t1					
OG0018363			anno1.g5289.t1					
OG0018364			anno1.g5308.t1					
OG0018365			anno1.g5362.t1					
OG0018366			anno1.g5376.t1					
OG0018367			anno1.g5402.t1					
OG0018368			anno1.g5437.t1					
OG0018369			anno1.g5482.t1					
OG0018370			anno1.g5485.t1					
OG0018371			anno1.g5544.t1					
OG0018372			anno1.g5559.t1					
OG0018373			anno1.g5677.t1					
OG0018374			anno1.g5909.t1					
OG0018375			anno1.g6084.t1					
OG0018376			anno1.g6176.t1					
OG0018377			anno1.g6232.t1					
OG0018378			anno1.g6317.t1					
OG0018379			anno1.g6510.t1					
OG0018380			anno1.g6675.t1					
OG0018381			anno1.g6741.t1					
OG0018382			anno1.g6742.t1					
OG0018383			anno1.g6979.t1					
OG0018384			anno1.g6980.t1					
OG0018385			anno1.g6990.t1					
OG0018386			anno1.g6994.t1					
OG0018387			anno1.g7084.t1					
OG0018388			anno1.g7289.t1					
OG0018389			anno1.g7295.t1					
OG0018390			anno1.g7298.t1					
OG0018391			anno1.g7387.t1					
OG0018392			anno1.g7410.t1					
OG0018393			anno1.g7426.t1					
OG0018394			anno1.g7614.t1					
OG0018395			anno1.g7659.t1					
OG0018396			anno1.g7707.t1					
OG0018397			anno1.g7724.t1					
OG0018398			anno1.g7727.t1					
OG0018399			anno1.g7737.t1					
OG0018400			anno1.g7740.t1					
OG0018401			anno1.g7787.t1					
OG0018402			anno1.g7939.t1					
OG0018403			anno1.g7941.t1					
OG0018404			anno1.g7945.t1					
OG0018405			anno1.g8025.t1					
OG0018406			anno1.g8026.t1					
OG0018407			anno1.g8126.t1					
OG0018408			anno1.g8330.t1					
OG0018409			anno1.g8365.t1					
OG0018410			anno1.g8371.t1					
OG0018411			anno1.g8514.t1					
OG0018412			anno1.g8689.t1					
OG0018413			anno1.g8690.t1					
OG0018414			anno1.g8974.t1					
OG0018415			anno1.g9151.t1					
OG0018416			anno1.g9183.t1					
OG0018417			anno1.g9287.t1					
OG0018418			anno1.g9288.t1					
OG0018419			anno1.g9295.t1					
OG0018420			anno1.g9431.t1					
OG0018421			anno1.g9443.t1					
OG0018422			anno1.g9476.t1					
OG0018423			anno1.g9554.t1					
OG0018424			anno1.g9557.t1					
OG0018425			anno1.g9558.t1					
OG0018426			anno1.g9614.t1					
OG0018427			anno1.g9686.t1					
OG0018428			anno1.g9715.t1					
OG0018429			anno1.g9728.t1					
OG0018430			anno1.g9734.t1					
OG0018431			anno1.g9743.t1					
OG0018432			anno1.g9771.t1					
OG0018433			anno1.g9844.t1					
OG0018434			anno1.g9912.t1					
OG0018435			anno1.g9976.t1					
OG0018436			anno1.g9979.t1					
OG0018437			anno1.g10054.t1					
OG0018438			anno1.g10067.t1					
OG0018439			anno1.g10130.t1					
OG0018440			anno1.g10182.t1					
OG0018441			anno1.g10268.t1					
OG0018442			anno1.g10363.t1					
OG0018443			anno1.g10394.t1					
OG0018444			anno1.g10424.t1					
OG0018445			anno1.g10478.t1					
OG0018446			anno1.g10506.t1					
OG0018447			anno1.g10508.t1					
OG0018448			anno1.g10618.t1					
OG0018449			anno1.g10644.t1					
OG0018450			anno1.g10700.t1					
OG0018451			anno1.g10724.t1					
OG0018452			anno1.g10739.t1					
OG0018453			anno1.g10757.t1					
OG0018454			anno1.g10760.t1					
OG0018455			anno1.g10828.t1					
OG0018456			anno1.g10859.t1					
OG0018457			anno1.g10987.t1					
OG0018458			anno1.g11018.t1					
OG0018459			anno1.g11039.t1					
OG0018460			anno1.g11068.t1					
OG0018461			anno1.g11090.t2					
OG0018462			anno1.g11104.t1					
OG0018463			anno1.g11330.t1					
OG0018464			anno1.g11467.t1					
OG0018465			anno1.g11523.t1					
OG0018466			anno1.g11643.t1					
OG0018467			anno1.g11874.t1					
OG0018468			anno1.g11912.t1					
OG0018469			anno1.g11937.t1					
OG0018470			anno1.g11947.t1					
OG0018471			anno1.g11986.t1					
OG0018472			anno1.g12071.t1					
OG0018473			anno1.g12073.t1					
OG0018474			anno1.g12145.t1					
OG0018475			anno1.g12172.t1					
OG0018476			anno1.g12273.t1					
OG0018477			anno1.g12280.t1					
OG0018478			anno1.g12342.t1					
OG0018479			anno1.g12394.t1					
OG0018480			anno1.g12395.t1					
OG0018481				anno1.g4942.t1				
OG0018482				anno1.g10453.t1				
OG0018483				anno1.g4869.t1				
OG0018484				anno1.g4828.t1				
OG0018485				anno1.g10343.t1				
OG0018486				anno1.g10342.t1				
OG0018487				anno1.g10330.t1				
OG0018488				anno1.g4751.t1				
OG0018489				anno1.g10328.t1				
OG0018490				anno1.g10314.t1				
OG0018491				anno1.g4720.t1				
OG0018492				anno1.g4718.t1				
OG0018493				anno1.g10310.t1				
OG0018494				anno1.g10308.t1				
OG0018495				anno1.g4688.t1				
OG0018496				anno1.g10274.t1				
OG0018497				anno1.g10210.t1				
OG0018498				anno1.g10206.t1				
OG0018499				anno1.g4648.t1				
OG0018500				anno1.g4645.t1				
OG0018501				anno1.g4646.t1				
OG0018502				anno1.g4537.t1				
OG0018503				anno1.g4515.t1				
OG0018504				anno1.g10125.t1				
OG0018505				anno1.g10094.t1				
OG0018506				anno1.g4477.t1				
OG0018507				anno1.g10086.t1				
OG0018508				anno1.g10072.t1				
OG0018509				anno1.g10038.t1				
OG0018510				anno1.g10024.t1				
OG0018511				anno1.g10010.t1				
OG0018512				anno1.g10007.t1				
OG0018513				anno1.g4376.t1				
OG0018514				anno1.g4384.t1				
OG0018515				anno1.g4375.t1				
OG0018516				anno1.g4366.t1				
OG0018517				anno1.g4362.t1				
OG0018518				anno1.g9963.t1				
OG0018519				anno1.g9964.t1				
OG0018520				anno1.g9965.t1				
OG0018521				anno1.g4361.t1				
OG0018522				anno1.g9942.t1				
OG0018523				anno1.g9928.t1				
OG0018524				anno1.g9916.t1				
OG0018525				anno1.g9842.t1				
OG0018526				anno1.g9809.t1				
OG0018527				anno1.g4284.t1				
OG0018528				anno1.g4275.t1				
OG0018529				anno1.g9792.t1				
OG0018530				anno1.g4170.t1				
OG0018531				anno1.g4118.t1				
OG0018532				anno1.g9706.t1				
OG0018533				anno1.g4105.t1				
OG0018534				anno1.g9619.t1				
OG0018535				anno1.g4055.t1				
OG0018536				anno1.g4040.t1				
OG0018537				anno1.g4027.t1				
OG0018538				anno1.g4014.t1				
OG0018539				anno1.g4000.t1				
OG0018540				anno1.g3905.t1				
OG0018541				anno1.g3953.t1				
OG0018542				anno1.g3969.t1				
OG0018543				anno1.g3785.t1				
OG0018544				anno1.g9555.t1				
OG0018545				anno1.g3736.t1				
OG0018546				anno1.g9491.t1				
OG0018547				anno1.g9478.t1				
OG0018548				anno1.g3727.t2				
OG0018549				anno1.g9466.t1				
OG0018550				anno1.g9465.t1				
OG0018551				anno1.g3726.t1				
OG0018552				anno1.g9450.t1				
OG0018553				anno1.g9443.t2				
OG0018554				anno1.g9392.t1				
OG0018555				anno1.g9344.t1				
OG0018556				anno1.g3624.t1				
OG0018557				anno1.g3557.t1				
OG0018558				anno1.g9320.t1				
OG0018559				anno1.g9318.t1				
OG0018560				anno1.g3531.t1				
OG0018561				anno1.g3551.t1				
OG0018562				anno1.g9216.t1				
OG0018563				anno1.g9196.t1				
OG0018564				anno1.g3470.t2				
OG0018565				anno1.g9186.t1				
OG0018566				anno1.g9193.t1				
OG0018567				anno1.g9184.t2				
OG0018568				anno1.g9182.t1				
OG0018569				anno1.g3455.t1				
OG0018570				anno1.g3460.t1				
OG0018571				anno1.g3421.t1				
OG0018572				anno1.g3423.t1				
OG0018573				anno1.g3443.t1				
OG0018574				anno1.g3449.t1				
OG0018575				anno1.g9156.t1				
OG0018576				anno1.g3398.t1				
OG0018577				anno1.g9141.t1				
OG0018578				anno1.g9144.t1				
OG0018579				anno1.g9145.t2				
OG0018580				anno1.g9138.t1				
OG0018581				anno1.g9130.t1				
OG0018582				anno1.g9128.t1				
OG0018583				anno1.g9113.t1				
OG0018584				anno1.g3377.t1				
OG0018585				anno1.g13749.t1				
OG0018586				anno1.g13758.t2				
OG0018587				anno1.g13719.t1				
OG0018588				anno1.g13689.t1				
OG0018589				anno1.g13642.t1				
OG0018590				anno1.g3275.t1				
OG0018591				anno1.g13614.t1				
OG0018592				anno1.g13610.t1				
OG0018593				anno1.g3270.t1				
OG0018594				anno1.g13597.t1				
OG0018595				anno1.g13570.t1				
OG0018596				anno1.g13567.t1				
OG0018597				anno1.g13557.t1				
OG0018598				anno1.g13524.t1				
OG0018599				anno1.g13525.t1				
OG0018600				anno1.g13470.t1				
OG0018601				anno1.g13445.t1				
OG0018602				anno1.g13408.t1				
OG0018603				anno1.g3138.t1				
OG0018604				anno1.g3141.t1				
OG0018605				anno1.g3153.t1				
OG0018606				anno1.g3154.t1				
OG0018607				anno1.g13384.t1				
OG0018608				anno1.g13358.t1				
OG0018609				anno1.g13345.t1				
OG0018610				anno1.g3123.t1				
OG0018611				anno1.g3124.t1				
OG0018612				anno1.g3128.t1				
OG0018613				anno1.g13301.t1				
OG0018614				anno1.g13247.t1				
OG0018615				anno1.g3049.t1				
OG0018616				anno1.g3031.t1				
OG0018617				anno1.g13185.t1				
OG0018618				anno1.g13055.t1				
OG0018619				anno1.g2966.t1				
OG0018620				anno1.g13045.t1				
OG0018621				anno1.g12994.t1				
OG0018622				anno1.g12975.t2				
OG0018623				anno1.g12977.t1				
OG0018624				anno1.g12978.t1				
OG0018625				anno1.g12970.t1				
OG0018626				anno1.g12945.t1				
OG0018627				anno1.g12943.t1				
OG0018628				anno1.g12944.t1				
OG0018629				anno1.g2885.t1				
OG0018630				anno1.g2880.t1				
OG0018631				anno1.g12902.t1				
OG0018632				anno1.g12904.t1				
OG0018633				anno1.g12908.t1				
OG0018634				anno1.g2874.t1				
OG0018635				anno1.g2862.t1				
OG0018636				anno1.g2863.t1				
OG0018637				anno1.g2865.t1				
OG0018638				anno1.g2866.t1				
OG0018639				anno1.g2867.t1				
OG0018640				anno1.g2808.t1				
OG0018641				anno1.g2817.t1				
OG0018642				anno1.g2839.t1				
OG0018643				anno1.g12842.t1				
OG0018644				anno1.g12836.t1				
OG0018645				anno1.g2789.t1				
OG0018646				anno1.g12779.t1				
OG0018647				anno1.g12744.t1				
OG0018648				anno1.g12722.t1				
OG0018649				anno1.g12732.t1				
OG0018650				anno1.g2739.t1				
OG0018651				anno1.g12695.t1				
OG0018652				anno1.g12697.t1				
OG0018653				anno1.g12685.t1				
OG0018654				anno1.g12691.t1				
OG0018655				anno1.g2728.t1				
OG0018656				anno1.g12670.t1				
OG0018657				anno1.g12656.t1				
OG0018658				anno1.g12647.t1				
OG0018659				anno1.g12634.t1				
OG0018660				anno1.g12630.t1				
OG0018661				anno1.g12586.t1				
OG0018662				anno1.g12591.t1				
OG0018663				anno1.g12565.t1				
OG0018664				anno1.g12566.t1				
OG0018665				anno1.g12494.t1				
OG0018666				anno1.g12499.t1				
OG0018667				anno1.g2566.t1				
OG0018668				anno1.g12458.t1				
OG0018669				anno1.g12444.t1				
OG0018670				anno1.g12417.t1				
OG0018671				anno1.g12431.t1				
OG0018672				anno1.g12433.t1				
OG0018673				anno1.g12374.t1				
OG0018674				anno1.g12371.t1				
OG0018675				anno1.g12355.t1				
OG0018676				anno1.g12357.t1				
OG0018677				anno1.g12358.t1				
OG0018678				anno1.g12349.t1				
OG0018679				anno1.g12345.t1				
OG0018680				anno1.g12340.t1				
OG0018681				anno1.g12327.t1				
OG0018682				anno1.g12244.t1				
OG0018683				anno1.g12229.t1				
OG0018684				anno1.g2451.t1				
OG0018685				anno1.g2473.t1				
OG0018686				anno1.g12209.t1				
OG0018687				anno1.g12202.t1				
OG0018688				anno1.g12166.t1				
OG0018689				anno1.g12163.t1				
OG0018690				anno1.g2397.t1				
OG0018691				anno1.g12084.t1				
OG0018692				anno1.g12089.t1				
OG0018693				anno1.g12027.t1				
OG0018694				anno1.g12073.t1				
OG0018695				anno1.g12024.t1				
OG0018696				anno1.g12019.t1				
OG0018697				anno1.g2363.t1				
OG0018698				anno1.g12005.t1				
OG0018699				anno1.g11963.t1				
OG0018700				anno1.g11973.t1				
OG0018701				anno1.g11975.t1				
OG0018702				anno1.g11903.t1				
OG0018703				anno1.g2313.t1				
OG0018704				anno1.g2315.t1				
OG0018705				anno1.g11814.t1				
OG0018706				anno1.g2221.t1				
OG0018707				anno1.g2174.t1				
OG0018708				anno1.g2175.t1				
OG0018709				anno1.g2176.t1				
OG0018710				anno1.g2179.t1				
OG0018711				anno1.g11664.t1				
OG0018712				anno1.g11666.t1				
OG0018713				anno1.g11610.t1				
OG0018714				anno1.g11577.t2				
OG0018715				anno1.g11563.t1				
OG0018716				anno1.g11553.t1				
OG0018717				anno1.g11533.t1				
OG0018718				anno1.g2152.t1				
OG0018719				anno1.g11478.t1				
OG0018720				anno1.g11461.t1				
OG0018721				anno1.g2115.t1				
OG0018722				anno1.g11438.t1				
OG0018723				anno1.g11442.t1				
OG0018724				anno1.g2098.t2				
OG0018725				anno1.g2101.t1				
OG0018726				anno1.g11429.t1				
OG0018727				anno1.g11428.t1				
OG0018728				anno1.g11413.t1				
OG0018729				anno1.g11390.t1				
OG0018730				anno1.g11329.t1				
OG0018731				anno1.g2092.t4				
OG0018732				anno1.g11290.t1				
OG0018733				anno1.g11291.t2				
OG0018734				anno1.g11301.t1				
OG0018735				anno1.g11245.t1				
OG0018736				anno1.g11228.t1				
OG0018737				anno1.g11211.t1				
OG0018738				anno1.g11214.t1				
OG0018739				anno1.g11166.t1				
OG0018740				anno1.g11199.t1				
OG0018741				anno1.g11152.t1				
OG0018742				anno1.g11154.t1				
OG0018743				anno1.g11147.t1				
OG0018744				anno1.g11128.t1				
OG0018745				anno1.g11123.t1				
OG0018746				anno1.g1962.t1				
OG0018747				anno1.g1955.t1				
OG0018748				anno1.g1957.t1				
OG0018749				anno1.g10944.t1				
OG0018750				anno1.g10907.t1				
OG0018751				anno1.g10919.t1				
OG0018752				anno1.g10892.t1				
OG0018753				anno1.g1914.t1				
OG0018754				anno1.g10723.t1				
OG0018755				anno1.g1853.t1				
OG0018756				anno1.g10684.t1				
OG0018757				anno1.g10622.t1				
OG0018758				anno1.g10612.t1				
OG0018759				anno1.g10613.t1				
OG0018760				anno1.g10617.t1				
OG0018761				anno1.g1819.t1				
OG0018762				anno1.g1822.t1				
OG0018763				anno1.g1827.t1				
OG0018764				anno1.g1813.t1				
OG0018765				anno1.g10599.t1				
OG0018766				anno1.g10526.t1				
OG0018767				anno1.g10569.t1				
OG0018768				anno1.g10360.t1				
OG0018769				anno1.g10346.t1				
OG0018770				anno1.g10278.t1				
OG0018771				anno1.g1756.t2				
OG0018772				anno1.g10183.t1				
OG0018773				anno1.g10185.t1				
OG0018774				anno1.g10164.t1				
OG0018775				anno1.g10152.t1				
OG0018776				anno1.g10156.t1				
OG0018777				anno1.g10079.t1				
OG0018778				anno1.g10060.t1				
OG0018779				anno1.g10062.t1				
OG0018780				anno1.g1696.t1				
OG0018781				anno1.g9812.t1				
OG0018782				anno1.g9759.t1				
OG0018783				anno1.g9649.t1				
OG0018784				anno1.g9680.t1				
OG0018785				anno1.g9691.t1				
OG0018786				anno1.g1680.t1				
OG0018787				anno1.g9622.t1				
OG0018788				anno1.g9603.t2				
OG0018789				anno1.g1659.t1				
OG0018790				anno1.g9569.t1				
OG0018791				anno1.g9454.t1				
OG0018792				anno1.g1615.t1				
OG0018793				anno1.g9396.t1				
OG0018794				anno1.g9378.t2				
OG0018795				anno1.g9283.t1				
OG0018796				anno1.g1482.t1				
OG0018797				anno1.g1432.t1				
OG0018798				anno1.g8978.t1				
OG0018799				anno1.g9106.t1				
OG0018800				anno1.g1423.t1				
OG0018801				anno1.g8895.t1				
OG0018802				anno1.g1360.t1				
OG0018803				anno1.g1379.t1				
OG0018804				anno1.g1380.t1				
OG0018805				anno1.g1394.t1				
OG0018806				anno1.g1401.t1				
OG0018807				anno1.g1409.t1				
OG0018808				anno1.g8727.t1				
OG0018809				anno1.g1296.t1				
OG0018810				anno1.g1314.t1				
OG0018811				anno1.g8590.t1				
OG0018812				anno1.g8609.t2				
OG0018813				anno1.g8556.t1				
OG0018814				anno1.g1275.t1				
OG0018815				anno1.g1271.t2				
OG0018816				anno1.g8496.t1				
OG0018817				anno1.g8446.t1				
OG0018818				anno1.g8406.t1				
OG0018819				anno1.g8385.t1				
OG0018820				anno1.g8386.t1				
OG0018821				anno1.g8311.t1				
OG0018822				anno1.g1205.t1				
OG0018823				anno1.g8233.t1				
OG0018824				anno1.g8236.t1				
OG0018825				anno1.g8222.t1				
OG0018826				anno1.g8218.t1				
OG0018827				anno1.g1145.t1				
OG0018828				anno1.g8142.t1				
OG0018829				anno1.g8147.t1				
OG0018830				anno1.g8153.t1				
OG0018831				anno1.g8154.t1				
OG0018832				anno1.g8076.t1				
OG0018833				anno1.g8040.t1				
OG0018834				anno1.g8023.t1				
OG0018835				anno1.g7982.t1				
OG0018836				anno1.g7983.t1				
OG0018837				anno1.g7984.t1				
OG0018838				anno1.g7985.t1				
OG0018839				anno1.g7946.t1				
OG0018840				anno1.g7929.t1				
OG0018841				anno1.g7904.t1				
OG0018842				anno1.g7907.t1				
OG0018843				anno1.g7891.t1				
OG0018844				anno1.g7892.t1				
OG0018845				anno1.g7875.t1				
OG0018846				anno1.g1042.t1				
OG0018847				anno1.g1037.t1				
OG0018848				anno1.g7797.t1				
OG0018849				anno1.g7799.t1				
OG0018850				anno1.g7790.t1				
OG0018851				anno1.g1023.t1				
OG0018852				anno1.g7768.t1				
OG0018853				anno1.g7749.t1				
OG0018854				anno1.g7640.t1				
OG0018855				anno1.g7687.t1				
OG0018856				anno1.g7544.t1				
OG0018857				anno1.g950.t1				
OG0018858				anno1.g951.t1				
OG0018859				anno1.g952.t1				
OG0018860				anno1.g953.t1				
OG0018861				anno1.g954.t1				
OG0018862				anno1.g955.t1				
OG0018863				anno1.g956.t1				
OG0018864				anno1.g923.t1				
OG0018865				anno1.g908.t1				
OG0018866				anno1.g878.t1				
OG0018867				anno1.g879.t1				
OG0018868				anno1.g880.t1				
OG0018869				anno1.g881.t1				
OG0018870				anno1.g882.t1				
OG0018871				anno1.g883.t1				
OG0018872				anno1.g884.t1				
OG0018873				anno1.g885.t1				
OG0018874				anno1.g886.t1				
OG0018875				anno1.g887.t1				
OG0018876				anno1.g888.t1				
OG0018877				anno1.g889.t1				
OG0018878				anno1.g891.t1				
OG0018879				anno1.g892.t1				
OG0018880				anno1.g893.t1				
OG0018881				anno1.g894.t1				
OG0018882				anno1.g896.t1				
OG0018883				anno1.g847.t1				
OG0018884				anno1.g830.t1				
OG0018885				anno1.g836.t1				
OG0018886				anno1.g840.t2				
OG0018887				anno1.g7510.t1				
OG0018888				anno1.g806.t1				
OG0018889				anno1.g7503.t1				
OG0018890				anno1.g715.t1				
OG0018891				anno1.g7487.t1				
OG0018892				anno1.g661.t1				
OG0018893				anno1.g667.t1				
OG0018894				anno1.g669.t1				
OG0018895				anno1.g689.t2				
OG0018896				anno1.g7408.t1				
OG0018897				anno1.g642.t1				
OG0018898				anno1.g557.t1				
OG0018899				anno1.g568.t1				
OG0018900				anno1.g536.t1				
OG0018901				anno1.g7386.t1				
OG0018902				anno1.g473.t1				
OG0018903				anno1.g464.t1				
OG0018904				anno1.g7377.t1				
OG0018905				anno1.g420.t1				
OG0018906				anno1.g398.t1				
OG0018907				anno1.g396.t1				
OG0018908				anno1.g394.t1				
OG0018909				anno1.g385.t2				
OG0018910				anno1.g391.t1				
OG0018911				anno1.g377.t1				
OG0018912				anno1.g7344.t1				
OG0018913				anno1.g305.t1				
OG0018914				anno1.g313.t1				
OG0018915				anno1.g297.t1				
OG0018916				anno1.g227.t1				
OG0018917				anno1.g218.t1				
OG0018918				anno1.g225.t1				
OG0018919				anno1.g198.t1				
OG0018920				anno1.g152.t1				
OG0018921				anno1.g153.t1				
OG0018922				anno1.g154.t1				
OG0018923				anno1.g159.t1				
OG0018924				anno1.g169.t1				
OG0018925				anno1.g170.t1				
OG0018926				anno1.g123.t1				
OG0018927				anno1.g140.t1				
OG0018928				anno1.g147.t1				
OG0018929				anno1.g96.t1				
OG0018930				anno1.g81.t1				
OG0018931				anno1.g82.t1				
OG0018932				anno1.g87.t1				
OG0018933				anno1.g7291.t1				
OG0018934				anno1.g5.t1				
OG0018935				anno1.g7180.t1				
OG0018936				anno1.g7171.t1				
OG0018937				anno1.g7179.t1				
OG0018938				anno1.g7143.t1				
OG0018939				anno1.g7049.t1				
OG0018940				anno1.g6910.t1				
OG0018941				anno1.g6955.t1				
OG0018942				anno1.g6881.t1				
OG0018943				anno1.g6895.t1				
OG0018944				anno1.g6872.t1				
OG0018945				anno1.g6842.t1				
OG0018946				anno1.g6827.t1				
OG0018947				anno1.g6718.t1				
OG0018948				anno1.g6717.t1				
OG0018949				anno1.g6716.t1				
OG0018950				anno1.g6705.t1				
OG0018951				anno1.g6707.t1				
OG0018952				anno1.g6710.t1				
OG0018953				anno1.g6712.t1				
OG0018954				anno1.g6589.t2				
OG0018955				anno1.g6569.t1				
OG0018956				anno1.g6573.t1				
OG0018957				anno1.g6568.t1				
OG0018958				anno1.g6560.t1				
OG0018959				anno1.g6500.t1				
OG0018960				anno1.g6486.t1				
OG0018961				anno1.g6466.t1				
OG0018962				anno1.g6474.t1				
OG0018963				anno1.g6480.t1				
OG0018964				anno1.g6436.t1				
OG0018965				anno1.g6427.t1				
OG0018966				anno1.g6421.t1				
OG0018967				anno1.g6420.t1				
OG0018968				anno1.g6406.t1				
OG0018969				anno1.g6395.t1				
OG0018970				anno1.g6399.t1				
OG0018971				anno1.g6347.t1				
OG0018972				anno1.g6268.t1				
OG0018973				anno1.g6222.t1				
OG0018974				anno1.g6184.t1				
OG0018975				anno1.g6137.t1				
OG0018976				anno1.g6112.t1				
OG0018977				anno1.g6027.t1				
OG0018978				anno1.g5950.t1				
OG0018979				anno1.g5870.t1				
OG0018980				anno1.g5857.t1				
OG0018981				anno1.g5847.t1				
OG0018982				anno1.g5773.t1				
OG0018983				anno1.g5788.t1				
OG0018984				anno1.g5726.t1				
OG0018985				anno1.g5757.t1				
OG0018986				anno1.g5684.t1				
OG0018987				anno1.g5661.t1				
OG0018988				anno1.g5606.t1				
OG0018989				anno1.g5616.t1				
OG0018990				anno1.g5626.t1				
OG0018991				anno1.g5581.t1				
OG0018992				anno1.g5577.t2				
OG0018993				anno1.g5509.t1				
OG0018994				anno1.g5402.t1				
OG0018995				anno1.g5380.t1				
OG0018996				anno1.g5358.t1				
OG0018997				anno1.g5313.t1				
OG0018998				anno1.g5315.t1				
OG0018999				anno1.g5316.t1				
OG0019000				anno1.g5326.t1				
OG0019001				anno1.g5307.t1				
OG0019002				anno1.g5310.t1				
OG0019003				anno1.g5203.t1				
OG0019004				anno1.g5150.t1				
OG0019005				anno1.g5129.t1				
OG0019006				anno1.g5133.t1				
OG0019007				anno1.g5121.t2				
OG0019008				anno1.g5122.t1				
OG0019009				anno1.g5118.t1				
OG0019010				anno1.g5092.t1				
OG0019011				anno1.g5034.t1				
OG0019012				anno1.g4998.t1				
OG0019013				anno1.g5014.t1				
OG0019014				anno1.g5017.t1				
OG0019015				anno1.g4961.t1				
OG0019016					g20.t1_1			
OG0019017					g70.t1_1			
OG0019018					g76.t1_1			
OG0019019					g77.t1_1			
OG0019020					g123.t1_1			
OG0019021					g165.t1_1			
OG0019022					g189.t1_1			
OG0019023					g190.t1_1			
OG0019024					g271.t1_1			
OG0019025					g372.t1_1			
OG0019026					g577.t1_1			
OG0019027					g582.t1_1			
OG0019028					g735.t1_1			
OG0019029					g854.t1_1			
OG0019030					g928.t1_1			
OG0019031					g929.t1_1			
OG0019032					g977.t1_1			
OG0019033					g1055.t1_1			
OG0019034					g1184.t1_1			
OG0019035					g1235.t1_1			
OG0019036					g1289.t1_1			
OG0019037					g1320.t1_1			
OG0019038					g1342.t1_1			
OG0019039					g1364.t1_1			
OG0019040					g3774.t1_1			
OG0019041					g3797.t1_1			
OG0019042					g3843.t1_1			
OG0019043					g4018.t1_1			
OG0019044					g4052.t1_1			
OG0019045					g4091.t1_1			
OG0019046					g4227.t1_1			
OG0019047					g4241.t1_1			
OG0019048					g4268.t1_1			
OG0019049					g4275.t1_1			
OG0019050					g4282.t1_1			
OG0019051					g4528.t1_1			
OG0019052					g4712.t1_1			
OG0019053					g4759.t1_1			
OG0019054					g4867.t1_1			
OG0019055					g5704.t1_1			
OG0019056					g5712.t1_1			
OG0019057					g5810.t1_1			
OG0019058					g5944.t1_1			
OG0019059					g6017.t1_1			
OG0019060					g6173.t1_1			
OG0019061					g6199.t1_1			
OG0019062					g6445.t1_1			
OG0019063					g6466.t1_1			
OG0019064					g6504.t1_1			
OG0019065					g6633.t1_1			
OG0019066					g6727.t1_1			
OG0019067					g6728.t1_1			
OG0019068					g6742.t1_1			
OG0019069					g7035.t1_1			
OG0019070					g7038.t1_1			
OG0019071					g7151.t1_1			
OG0019072					g7895.t1_1			
OG0019073					g8006.t1_1			
OG0019074					g8071.t1_1			
OG0019075					g8145.t1_1			
OG0019076					g8180.t1_1			
OG0019077					g8267.t1_1			
OG0019078					g8311.t1_1			
OG0019079					g8312.t2_1			
OG0019080					g8421.t1_1			
OG0019081					g8452.t1_1			
OG0019082					g8584.t1_1			
OG0019083					g8666.t1_1			
OG0019084					g8694.t1_1			
OG0019085					g8755.t1_1			
OG0019086					g8887.t1_1			
OG0019087					g8892.t1_1			
OG0019088					g9015.t1_1			
OG0019089					g9202.t1_1			
OG0019090					g9892.t1_1			
OG0019091					g10047.t1_1			
OG0019092					g10058.t1_1			
OG0019093					g10367.t1_1			
OG0019094					g10374.t1_1			
OG0019095					g10390.t1_1			
OG0019096					g10487.t1_1			
OG0019097					g10488.t1_1			
OG0019098					g10507.t1_1			
OG0019099					g10517.t1_1			
OG0019100					g10617.t1_1			
OG0019101					g10665.t1_1			
OG0019102					g10706.t1_1			
OG0019103					g10848.t1_1			
OG0019104					g11143.t1_1			
OG0019105					g11196.t1_1			
OG0019106					g11197.t1_1			
OG0019107					g11198.t1_1			
OG0019108					g11286.t1_1			
OG0019109					g11331.t1_1			
OG0019110					g11408.t1_1			
OG0019111					g11418.t1_1			
OG0019112					g11428.t1_1			
OG0019113					g11473.t1_1			
OG0019114					g11539.t1_1			
OG0019115					g11616.t1_1			
OG0019116					g11641.t1_1			
OG0019117					g11994.t1_1			
OG0019118					g12009.t1_1			
OG0019119					g12010.t1_1			
OG0019120					g12022.t1_1			
OG0019121					g12040.t1_1			
OG0019122					g12068.t1_1			
OG0019123					g12122.t1_1			
OG0019124					g12344.t1_1			
OG0019125					g12595.t1_1			
OG0019126					g12723.t1_1			
OG0019127					g12754.t1_1			
OG0019128					g12758.t1_1			
OG0019129					g12786.t1_1			
OG0019130					g12810.t1_1			
OG0019131					g12827.t1_1			
OG0019132					g12918.t1_1			
OG0019133					g12935.t1_1			
OG0019134					g12936.t1_1			
OG0019135					g12991.t1_1			
OG0019136					g13015.t1_1			
OG0019137					g13178.t1_1			
OG0019138					g13252.t1_1			
OG0019139					g13505.t1_1			
OG0019140					g13519.t1_1			
OG0019141					g13821.t1_1			
OG0019142					g13931.t1_1			
OG0019143					g13967.t1_1			
OG0019144					g13971.t1_1			
OG0019145					g13977.t1_1			
OG0019146					g14121.t1_1			
OG0019147					g14138.t1_1			
OG0019148					g14159.t1_1			
OG0019149					g14197.t1_1			
OG0019150					g14218.t1_1			
OG0019151					g14259.t1_1			
OG0019152					g14298.t1_1			
OG0019153					g14700.t1_1			
OG0019154					g14711.t1_1			
OG0019155					g14715.t1_1			
OG0019156					g1395.t1_1			
OG0019157					g1409.t1_1			
OG0019158					g1479.t1_1			
OG0019159					g1503.t1_1			
OG0019160					g1637.t1_1			
OG0019161					g1680.t1_1			
OG0019162					g1820.t1_1			
OG0019163					g1834.t1_1			
OG0019164					g1869.t1_1			
OG0019165					g1943.t1_1			
OG0019166					g1947.t1_1			
OG0019167					g1981.t1_1			
OG0019168					g2004.t1_1			
OG0019169					g2010.t1_1			
OG0019170					g2116.t1_1			
OG0019171					g2420.t1_1			
OG0019172					g2425.t1_1			
OG0019173					g2433.t1_1			
OG0019174					g2441.t1_1			
OG0019175					g2493.t1_1			
OG0019176					g2691.t2_1			
OG0019177					g2733.t1_1			
OG0019178					g2858.t1_1			
OG0019179					g2859.t1_1			
OG0019180					g2959.t1_1			
OG0019181					g2974.t1_1			
OG0019182					g2982.t1_1			
OG0019183					g2998.t2_1			
OG0019184					g3004.t1_1			
OG0019185					g3007.t1_1			
OG0019186					g3016.t1_1			
OG0019187					g3025.t1_1			
OG0019188					g3031.t1_1			
OG0019189					g3063.t1_1			
OG0019190					g3094.t1_1			
OG0019191					g3165.t1_1			
OG0019192					g3172.t1_1			
OG0019193					g3232.t1_1			
OG0019194					g3354.t1_1			
OG0019195					g3476.t1_1			
OG0019196					g3555.t1_1			
OG0019197					g4924.t1_1			
OG0019198					g4946.t1_1			
OG0019199					g5025.t1_1			
OG0019200					g5096.t1_1			
OG0019201					g5097.t1_1			
OG0019202					g5138.t1_1			
OG0019203					g5211.t1_1			
OG0019204					g5280.t1_1			
OG0019205					g5319.t1_1			
OG0019206					g5442.t1_1			
OG0019207					g5445.t2_1			
OG0019208					g5501.t1_1			
OG0019209					g7190.t1_1			
OG0019210					g7211.t1_1			
OG0019211					g7263.t1_1			
OG0019212					g7452.t1_1			
OG0019213					g7479.t1_1			
OG0019214					g7687.t1_1			
OG0019215					g9445.t1_1			
OG0019216					g9551.t1_1			
OG0019217					g9604.t1_1			
OG0019218					g11034.t1_1			
OG0019219					g11101.t1_1			
OG0019220					g11120.t1_1			
OG0019221					g13635.t1_1			
OG0019222					g13646.t1_1			
OG0019223					g13733.t1_1			
OG0019224					g14354.t1_1			
OG0019225					g14356.t1_1			
OG0019226					g14819.t1_1			
OG0019227					g1756.t1_1			
OG0019228					g1794.t1_1			
OG0019229					g2235.t1_1			
OG0019230					g2535.t1_1			
OG0019231					g2767.t2_1			
OG0019232					g2780.t1_1			
OG0019233					g3100.t1_1			
OG0019234					g3108.t1_1			
OG0019235					g3289.t1_1			
OG0019236					g4971.t1_1			
OG0019237					g5617.t1_1			
OG0019238					g12525.t1_1			
OG0019239						anno1.g117.t1		
OG0019240						anno1.g249.t1		
OG0019241						anno1.g274.t1		
OG0019242						anno1.g381.t1		
OG0019243						anno1.g503.t1		
OG0019244						anno1.g530.t1		
OG0019245						anno1.g686.t1		
OG0019246						anno1.g697.t1		
OG0019247						anno1.g742.t1		
OG0019248						anno1.g862.t1		
OG0019249						anno1.g991.t1		
OG0019250						anno1.g1066.t1		
OG0019251						anno1.g1074.t1		
OG0019252						anno1.g1137.t1		
OG0019253						anno1.g1145.t1		
OG0019254						anno1.g1151.t1		
OG0019255						anno1.g1203.t1		
OG0019256						anno1.g1279.t1		
OG0019257						anno1.g1282.t1		
OG0019258						anno1.g1294.t1		
OG0019259						anno1.g1356.t1		
OG0019260						anno1.g1462.t1		
OG0019261						anno1.g1552.t1		
OG0019262						anno1.g2215.t1		
OG0019263						anno1.g2341.t1		
OG0019264						anno1.g2372.t1		
OG0019265						anno1.g2405.t1		
OG0019266						anno1.g2441.t1		
OG0019267						anno1.g2446.t1		
OG0019268						anno1.g2526.t1		
OG0019269						anno1.g2528.t1		
OG0019270						anno1.g2563.t1		
OG0019271						anno1.g2584.t1		
OG0019272						anno1.g2641.t1		
OG0019273						anno1.g2987.t1		
OG0019274						anno1.g2994.t1		
OG0019275						anno1.g3106.t1		
OG0019276						anno1.g3147.t1		
OG0019277						anno1.g3162.t1		
OG0019278						anno1.g3234.t1		
OG0019279						anno1.g3396.t1		
OG0019280						anno1.g3398.t1		
OG0019281						anno1.g3613.t1		
OG0019282						anno1.g3648.t1		
OG0019283						anno1.g3694.t1		
OG0019284						anno1.g3758.t1		
OG0019285						anno1.g3792.t1		
OG0019286						anno1.g3814.t1		
OG0019287						anno1.g3822.t1		
OG0019288						anno1.g3923.t1		
OG0019289						anno1.g3926.t1		
OG0019290						anno1.g3932.t1		
OG0019291						anno1.g3937.t1		
OG0019292						anno1.g3939.t1		
OG0019293						anno1.g3967.t1		
OG0019294						anno1.g4019.t1		
OG0019295						anno1.g4045.t1		
OG0019296						anno1.g4091.t1		
OG0019297						anno1.g4132.t1		
OG0019298						anno1.g4184.t1		
OG0019299						anno1.g4194.t1		
OG0019300						anno1.g4222.t1		
OG0019301						anno1.g4288.t1		
OG0019302						anno1.g4371.t1		
OG0019303						anno1.g4465.t1		
OG0019304						anno1.g4507.t1		
OG0019305						anno1.g4639.t1		
OG0019306						anno1.g4652.t1		
OG0019307						anno1.g4684.t1		
OG0019308						anno1.g4695.t1		
OG0019309						anno1.g4761.t1		
OG0019310						anno1.g4764.t1		
OG0019311						anno1.g4783.t1		
OG0019312						anno1.g4843.t1		
OG0019313						anno1.g4893.t1		
OG0019314						anno1.g4910.t1		
OG0019315						anno1.g4911.t1		
OG0019316						anno1.g5048.t1		
OG0019317						anno1.g5166.t1		
OG0019318						anno1.g5188.t1		
OG0019319						anno1.g5255.t1		
OG0019320						anno1.g5300.t1		
OG0019321						anno1.g5315.t1		
OG0019322						anno1.g5344.t1		
OG0019323						anno1.g5400.t1		
OG0019324						anno1.g5418.t1		
OG0019325						anno1.g5426.t1		
OG0019326						anno1.g5445.t2		
OG0019327						anno1.g5993.t1		
OG0019328						anno1.g5996.t1		
OG0019329						anno1.g6049.t1		
OG0019330						anno1.g6098.t1		
OG0019331						anno1.g6236.t1		
OG0019332						anno1.g6328.t1		
OG0019333						anno1.g6490.t1		
OG0019334						anno1.g6492.t1		
OG0019335						anno1.g6495.t1		
OG0019336						anno1.g6498.t1		
OG0019337						anno1.g6520.t1		
OG0019338						anno1.g6522.t1		
OG0019339						anno1.g6531.t1		
OG0019340						anno1.g6541.t1		
OG0019341						anno1.g6585.t1		
OG0019342						anno1.g6588.t1		
OG0019343						anno1.g6623.t1		
OG0019344						anno1.g6757.t1		
OG0019345						anno1.g6771.t1		
OG0019346						anno1.g6802.t1		
OG0019347						anno1.g7060.t1		
OG0019348						anno1.g7064.t1		
OG0019349						anno1.g7069.t1		
OG0019350						anno1.g7192.t1		
OG0019351						anno1.g7195.t1		
OG0019352						anno1.g7205.t1		
OG0019353						anno1.g7281.t1		
OG0019354						anno1.g7378.t1		
OG0019355						anno1.g7486.t1		
OG0019356						anno1.g7591.t1		
OG0019357						anno1.g7768.t1		
OG0019358						anno1.g7811.t1		
OG0019359						anno1.g7829.t1		
OG0019360						anno1.g8102.t1		
OG0019361						anno1.g8243.t1		
OG0019362						anno1.g8270.t1		
OG0019363						anno1.g8309.t1		
OG0019364						anno1.g8432.t1		
OG0019365						anno1.g8454.t1		
OG0019366						anno1.g8550.t1		
OG0019367						anno1.g8710.t1		
OG0019368						anno1.g8764.t1		
OG0019369						anno1.g8813.t1		
OG0019370						anno1.g8934.t1		
OG0019371						anno1.g8964.t1		
OG0019372						anno1.g8991.t1		
OG0019373						anno1.g9019.t1		
OG0019374						anno1.g9132.t1		
OG0019375						anno1.g9325.t1		
OG0019376						anno1.g9327.t1		
OG0019377						anno1.g9369.t1		
OG0019378						anno1.g9461.t1		
OG0019379						anno1.g9514.t1		
OG0019380						anno1.g9545.t1		
OG0019381						anno1.g9591.t1		
OG0019382						anno1.g9857.t1		
OG0019383						anno1.g9987.t1		
OG0019384						anno1.g9988.t1		
OG0019385						anno1.g10099.t1		
OG0019386						anno1.g10142.t1		
OG0019387						anno1.g10172.t1		
OG0019388						anno1.g10351.t1		
OG0019389						anno1.g10406.t1		
OG0019390						anno1.g10482.t1		
OG0019391						anno1.g10564.t1		
OG0019392						anno1.g10605.t1		
OG0019393						anno1.g10638.t1		
OG0019394						anno1.g10647.t1		
OG0019395						anno1.g10676.t1		
OG0019396						anno1.g10722.t1		
OG0019397						anno1.g10728.t1		
OG0019398						anno1.g10768.t1		
OG0019399						anno1.g10936.t1		
OG0019400						anno1.g11083.t1		
OG0019401						anno1.g11222.t1		
OG0019402						anno1.g11247.t1		
OG0019403						anno1.g11299.t1		
OG0019404						anno1.g11374.t1		
OG0019405						anno1.g11522.t1		
OG0019406						anno1.g11583.t1		
OG0019407						anno1.g11690.t1		
OG0019408						anno1.g11829.t1		
OG0019409						anno1.g11880.t1		
OG0019410						anno1.g11916.t1		
OG0019411						anno1.g11942.t1		
OG0019412						anno1.g12167.t1		
OG0019413						anno1.g12202.t1		
OG0019414						anno1.g12339.t1		
OG0019415						anno1.g12430.t1		
OG0019416						anno1.g12523.t1		
OG0019417						anno1.g12578.t1		
OG0019418						anno1.g12633.t1		
OG0019419						anno1.g12725.t1		
OG0019420						anno1.g12753.t1		
OG0019421						anno1.g12789.t1		
OG0019422						anno1.g12802.t1		
OG0019423						anno1.g12901.t1		
OG0019424						anno1.g12939.t1		
OG0019425						anno1.g13029.t1		
OG0019426						anno1.g13070.t1		
OG0019427						anno1.g13127.t1		
OG0019428						anno1.g13136.t1		
OG0019429						anno1.g13175.t1		
OG0019430						anno1.g13220.t1		
OG0019431						anno1.g13374.t1		
OG0019432						anno1.g13381.t1		
OG0019433						anno1.g13432.t1		
OG0019434						anno1.g13548.t1		
OG0019435						anno1.g13592.t1		
OG0019436						anno1.g13599.t1		
OG0019437						anno1.g13636.t1		
OG0019438						anno1.g13641.t1		
OG0019439						anno1.g13685.t1		
OG0019440						anno1.g13801.t1		
OG0019441						anno1.g13808.t1		
OG0019442						anno1.g13871.t1		
OG0019443						anno1.g14011.t1		
OG0019444						anno1.g14057.t1		
OG0019445							rna-FKS78_mgp13_1	
OG0019446							rna-FKS78_mgp12_1	
OG0019447							rna-FKS78_mgp11_1	
OG0019448							rna-FKS78_mgp09_1	
OG0019449							rna-FKS78_mgp08_1	
OG0019450							rna-FKS78_mgp07_1	
OG0019451							rna-FKS78_mgp02_1	
OG0019452							rna-XM_057797412.1_1	
OG0019453							rna-XM_057806444.1_1	
OG0019454							rna-XM_057800687.1_1	
OG0019455							rna-XM_057796622.1_1	
OG0019456							rna-XM_057801578.1_1	
OG0019457							rna-XM_057803736.1_1	
OG0019458							rna-XM_057814498.1_1	
OG0019459							rna-XM_057815525.1_1	
OG0019460							rna-XM_057797644.1_1	
OG0019461							rna-XM_057799022.1_1	
OG0019462							rna-XM_057799172.1_1	
OG0019463							rna-XM_057799308.1_1	
OG0019464							rna-XM_057795384.1_1	
OG0019465							rna-XM_057803568.1_1	
OG0019466							rna-XM_057812580.1_1	
OG0019467							rna-XM_057816627.1_1	
OG0019468							rna-XM_057802162.1_1	
OG0019469							rna-XM_057807877.1_1	
OG0019470							rna-XM_057816537.1_1	
OG0019471							rna-XM_057816542.1_1	
OG0019472							rna-XM_057816546.1_1	
OG0019473							rna-XM_057815738.1_1	
OG0019474							rna-XM_057815387.1_1	
OG0019475							rna-XM_057815838.1_1	
OG0019476							rna-XM_057795050.1_1	
OG0019477							rna-XM_057815664.1_1	
OG0019478							rna-XM_057794976.1_1	
OG0019479							rna-XM_057815823.1_1	
OG0019480							rna-XM_057816236.1_1	
OG0019481							rna-XM_057816237.1_1	
OG0019482							rna-XM_057816722.1_1	
OG0019483							rna-XM_057816769.1_1	
OG0019484							rna-XM_057816183.1_1	
OG0019485							rna-XM_057815762.1_1	
OG0019486							rna-XM_057815744.1_1	
OG0019487							rna-XM_057815441.1_1	
OG0019488							rna-XM_057794848.1_1	
OG0019489							rna-XM_057797179.1_1	
OG0019490							rna-XM_057796028.1_1	
OG0019491							rna-XM_057796446.1_1	
OG0019492							rna-XM_057796879.1_1	
OG0019493							rna-XM_057796034.1_1	
OG0019494							rna-XM_057795474.1_1	
OG0019495							rna-XM_057795472.1_1	
OG0019496							rna-XM_057795982.1_1	
OG0019497							rna-XM_057796487.1_1	
OG0019498							rna-XM_057795998.1_1	
OG0019499							rna-XM_057796003.1_1	
OG0019500							rna-XM_057795703.1_1	
OG0019501							rna-XM_057795704.1_1	
OG0019502							rna-XM_057799303.1_1	
OG0019503							rna-XM_057799523.1_1	
OG0019504							rna-XM_057799231.1_1	
OG0019505							rna-XM_057797458.1_1	
OG0019506							rna-XM_057799570.1_1	
OG0019507							rna-XM_057798317.1_1	
OG0019508							rna-XM_057798522.1_1	
OG0019509							rna-XM_057799206.1_1	
OG0019510							rna-XM_057798381.1_1	
OG0019511							rna-XM_057797930.1_1	
OG0019512							rna-XM_057798291.1_1	
OG0019513							rna-XM_057798802.1_1	
OG0019514							rna-XM_057798013.1_1	
OG0019515							rna-XM_057798292.1_1	
OG0019516							rna-XM_057799053.1_1	
OG0019517							rna-XM_057800455.1_1	
OG0019518							rna-XM_057801334.1_1	
OG0019519							rna-XM_057800330.1_1	
OG0019520							rna-XM_057800480.1_1	
OG0019521							rna-XM_057801146.1_1	
OG0019522							rna-XM_057800482.1_1	
OG0019523							rna-XM_057800997.1_1	
OG0019524							rna-XM_057801598.1_1	
OG0019525							rna-XM_057801512.1_1	
OG0019526							rna-XM_057802393.1_1	
OG0019527							rna-XM_057803137.1_1	
OG0019528							rna-XM_057802403.1_1	
OG0019529							rna-XM_057803151.1_1	
OG0019530							rna-XM_057803150.1_1	
OG0019531							rna-XM_057802579.1_1	
OG0019532							rna-XM_057802441.1_1	
OG0019533							rna-XM_057802486.1_1	
OG0019534							rna-XM_057802143.1_1	
OG0019535							rna-XM_057802461.1_1	
OG0019536							rna-XM_057803336.1_1	
OG0019537							rna-XM_057802248.1_1	
OG0019538							rna-XM_057803390.1_1	
OG0019539							rna-XM_057803344.1_1	
OG0019540							rna-XM_057802645.1_1	
OG0019541							rna-XM_057802208.1_1	
OG0019542							rna-XM_057801641.1_1	
OG0019543							rna-XM_057803241.1_1	
OG0019544							rna-XM_057804241.1_1	
OG0019545							rna-XM_057804278.1_1	
OG0019546							rna-XM_057804177.1_1	
OG0019547							rna-XM_057805129.1_1	
OG0019548							rna-XM_057805245.1_1	
OG0019549							rna-XM_057804347.1_1	
OG0019550							rna-XM_057804841.1_1	
OG0019551							rna-XM_057806242.1_1	
OG0019552							rna-XM_057806245.1_1	
OG0019553							rna-XM_057806582.1_1	
OG0019554							rna-XM_057805487.1_1	
OG0019555							rna-XM_057806456.1_1	
OG0019556							rna-XM_057806518.1_1	
OG0019557							rna-XM_057805908.1_1	
OG0019558							rna-XM_057805521.1_1	
OG0019559							rna-XM_057807325.1_1	
OG0019560							rna-XM_057806810.1_1	
OG0019561							rna-XM_057806850.1_1	
OG0019562							rna-XM_057807139.1_1	
OG0019563							rna-XM_057807150.1_1	
OG0019564							rna-XM_057807210.1_1	
OG0019565							rna-XM_057806919.1_1	
OG0019566							rna-XM_057807241.1_1	
OG0019567							rna-XM_057806629.1_1	
OG0019568							rna-XM_057806631.1_1	
OG0019569							rna-XM_057808486.1_1	
OG0019570							rna-XM_057807981.1_1	
OG0019571							rna-XM_057808193.1_1	
OG0019572							rna-XM_057808925.1_1	
OG0019573							rna-XM_057808902.1_1	
OG0019574							rna-XM_057809658.1_1	
OG0019575							rna-XM_057809488.1_1	
OG0019576							rna-XM_057809350.1_1	
OG0019577							rna-XM_057810420.1_1	
OG0019578							rna-XM_057810831.1_1	
OG0019579							rna-XM_057810016.1_1	
OG0019580							rna-XM_057810422.1_1	
OG0019581							rna-XM_057810136.1_1	
OG0019582							rna-XM_057810252.1_1	
OG0019583							rna-XM_057810631.1_1	
OG0019584							rna-XM_057813206.1_1	
OG0019585							rna-XM_057813883.1_1	
OG0019586							rna-XM_057812339.1_1	
OG0019587							rna-XM_057812381.1_1	
OG0019588							rna-XM_057813975.1_1	
OG0019589							rna-XM_057814107.1_1	
OG0019590							rna-XM_057814473.1_1	
OG0019591							rna-XM_057813136.1_1	
OG0019592							rna-XM_057811513.1_1	
OG0019593							rna-XM_057812823.1_1	
OG0019594							rna-XM_057813301.1_1	
OG0019595							rna-XM_057813629.1_1	
OG0019596							rna-XM_057814545.1_1	
OG0019597							rna-XM_057812067.1_1	
OG0019598							rna-XM_057812248.1_1	
OG0019599							rna-XM_057812966.1_1	
OG0019600							rna-XM_057812973.1_1	
OG0019601							rna-XM_057812687.1_1	
OG0019602							rna-XM_057811226.1_1	
OG0019603							rna-XM_057811248.1_1	
OG0019604							rna-XM_057811256.1_1	
OG0019605							rna-XM_057814370.1_1	
OG0019606							rna-XM_057811263.1_1	
OG0019607							rna-XM_057812026.1_1	
OG0019608							rna-XM_057815365.1_1	
OG0019609							rna-XM_057815401.1_1	
OG0019610								rna-XM_056791569.1_1
OG0019611								rna-XM_056790269.1_1
OG0019612								rna-XM_056789280.1_1
OG0019613								rna-XM_056790604.1_1
OG0019614								rna-XM_056788967.1_1
OG0019615								rna-XM_056791026.1_1
OG0019616								rna-XM_056791786.1_1
OG0019617								rna-XM_056785715.1_1
OG0019618								rna-XM_056775798.1_1
OG0019619								rna-XM_056778408.1_1
OG0019620								rna-XM_056773863.1_1
OG0019621								rna-XM_056792366.1_1
OG0019622								rna-XM_056792783.1_1
OG0019623								rna-XM_056773945.1_1
OG0019624								rna-XM_056792856.1_1
OG0019625								rna-XM_056773939.1_1
OG0019626								rna-XM_056774731.1_1
OG0019627								rna-XM_056775778.1_1
OG0019628								rna-XM_056775469.1_1
OG0019629								rna-XM_056775985.1_1
OG0019630								rna-XM_056775047.1_1
OG0019631								rna-XM_056775273.1_1
OG0019632								rna-XM_056774412.1_1
OG0019633								rna-XM_056775365.1_1
OG0019634								rna-XM_056775680.1_1
OG0019635								rna-XM_056776317.1_1
OG0019636								rna-XM_056775551.1_1
OG0019637								rna-XM_056775794.1_1
OG0019638								rna-XM_056775564.1_1
OG0019639								rna-XM_056777166.1_1
OG0019640								rna-XM_056777250.1_1
OG0019641								rna-XM_056777380.1_1
OG0019642								rna-XM_056778402.1_1
OG0019643								rna-XM_056776505.1_1
OG0019644								rna-XM_056777498.1_1
OG0019645								rna-XM_056777940.1_1
OG0019646								rna-XM_056778462.1_1
OG0019647								rna-XM_056778744.1_1
OG0019648								rna-XM_056779274.1_1
OG0019649								rna-XM_056779942.1_1
OG0019650								rna-XM_056779999.1_1
OG0019651								rna-XM_056779354.1_1
OG0019652								rna-XM_056780008.1_1
OG0019653								rna-XM_056780825.1_1
OG0019654								rna-XM_056781753.1_1
OG0019655								rna-XM_056783316.1_1
OG0019656								rna-XM_056782859.1_1
OG0019657								rna-XM_056783021.1_1
OG0019658								rna-XM_056783441.1_1
OG0019659								rna-XM_056783453.1_1
OG0019660								rna-XM_056783747.1_1
OG0019661								rna-XM_056782516.1_1
OG0019662								rna-XM_056783793.1_1
OG0019663								rna-XM_056784859.1_1
OG0019664								rna-XM_056784937.1_1
OG0019665								rna-XM_056785602.1_1
OG0019666								rna-XM_056785603.1_1
OG0019667								rna-XM_056786615.1_1
OG0019668								rna-XM_056786617.1_1
OG0019669								rna-XM_056785976.1_1
OG0019670								rna-XM_056788058.1_1
OG0019671								rna-XM_056787868.1_1
OG0019672								rna-XM_056787871.1_1
OG0019673								rna-XM_056787331.1_1
OG0019674								rna-XM_056787881.1_1
OG0019675								rna-XM_056787296.1_1
OG0019676								rna-XM_056788769.1_1
OG0019677								rna-XM_056788804.1_1
OG0019678								rna-XM_056788763.1_1
OG0019679								rna-XM_056788884.1_1
OG0019680								rna-XM_056790751.1_1
OG0019681								rna-XM_056790047.1_1
OG0019682								rna-XM_056789066.1_1
OG0019683								rna-XM_056789146.1_1
OG0019684								rna-XM_056789872.1_1
OG0019685								rna-XM_056789393.1_1
OG0019686								rna-XM_056791355.1_1
OG0019687								rna-XM_056791409.1_1
