1 420238 434520 scaffold_1 95423461 95932463 color=lorange
1 565344 566258 scaffold_1 95423461 95932463 color=lorange
1 580528 588347 scaffold_1 95393741 95405156 color=lorange
1 638727 650775 scaffold_1 95247844 95284067 color=lorange
1 658898 667262 scaffold_1 94872618 95093959 color=lorange
1 771478 775158 scaffold_1 94764487 94772105 color=lorange
1 785405 793924 scaffold_1 94290289 94748857 color=lorange
1 925505 930101 scaffold_1 94290289 94748857 color=lorange
1 958555 963438 scaffold_1 94205767 94221548 color=lorange
1 964364 965759 scaffold_1 94173827 94204827 color=lorange
1 969324 972908 scaffold_1 94173827 94204827 color=lorange
1 1293161 1293940 scaffold_1 94124874 94125653 color=lorange
1 1294944 1296065 scaffold_20 3412374 3412760 color=lorange
1 1294944 1296065 scaffold_2 13300779 13301165 color=lorange
1 1294944 1296065 scaffold_11 15876359 15878368 color=lorange
1 1294944 1296065 scaffold_11 15876359 15878368 color=lorange
1 1294944 1296065 scaffold_11 15876359 15878368 color=lorange
1 1294944 1296065 scaffold_11 15876359 15878368 color=lorange
1 1294944 1296065 scaffold_11 15876359 15878368 color=lorange
1 1294944 1296065 scaffold_11 15876359 15878368 color=lorange
1 1294944 1296065 scaffold_11 15876359 15878368 color=lorange
1 1294944 1296065 scaffold_11 15876359 15878368 color=lorange
1 1294944 1296065 scaffold_11 15859710 15861995 color=lorange
1 1294944 1296065 scaffold_11 15859710 15861995 color=lorange
1 1294944 1296065 scaffold_11 15859710 15861995 color=lorange
1 1294944 1296065 scaffold_11 15859710 15861995 color=lorange
1 1294944 1296065 scaffold_11 15859710 15861995 color=lorange
1 1294944 1296065 scaffold_11 15859710 15861995 color=lorange
1 1294944 1296065 scaffold_11 15859710 15861995 color=lorange
1 1294944 1296065 scaffold_11 15859710 15861995 color=lorange
1 1294944 1296065 scaffold_11 15859710 15861995 color=lorange
1 1294944 1296065 scaffold_11 15859710 15861995 color=lorange
1 1294944 1296065 scaffold_2 22592966 22593127 color=lorange
1 1305498 1320956 scaffold_1 94069117 94107239 color=lorange
1 1325049 1325282 scaffold_1 94016683 94055813 color=lorange
1 1335704 1341274 scaffold_1 94016683 94055813 color=lorange
1 1348362 1349064 scaffold_1 105955815 105957468 color=lorange
1 1371125 1393477 scaffold_1 106007963 106072937 color=lorange
1 1433854 1460235 scaffold_1 106245507 106315361 color=lorange
1 1474459 1497350 scaffold_1 106380058 106420448 color=lorange
1 1637419 1641785 scaffold_1 107182648 107381560 color=lorange
1 1704991 1708941 scaffold_1 107411481 107436977 color=lorange
1 1821968 1830983 scaffold_1 107932208 107995809 color=lorange
1 1846278 1850480 scaffold_1 108034304 108059292 color=lorange
1 1958285 1965508 scaffold_1 108409642 108442875 color=lorange
1 1976464 1990060 scaffold_1 108467752 108527308 color=lorange
1 1996040 2006289 scaffold_1 108591572 108617636 color=lorange
1 2010210 2012504 scaffold_1 108535693 108587477 color=lorange
1 2016846 2024661 scaffold_1 108535693 108587477 color=lorange
1 2054634 2057346 scaffold_1 108720622 108732506 color=lorange
1 2062957 2070333 scaffold_1 108741781 108757739 color=lorange
1 2090899 2092314 scaffold_1 108798352 108811422 color=lorange
1 2102025 2108637 scaffold_1 108830084 108842445 color=lorange
1 2118452 2122457 scaffold_1 108903018 108910070 color=lorange
1 2123922 2125424 scaffold_1 108911598 108913975 color=lorange
1 2123922 2125448 scaffold_1 108911598 108913975 color=lorange
1 2132789 2190372 scaffold_1 108932721 109310799 color=lorange
1 2285627 2296594 scaffold_1 95938641 96232995 color=lorange
1 2412626 2413284 scaffold_1 95938641 96232995 color=lorange
1 2521754 2523211 scaffold_1 96566354 96568976 color=lorange
1 2526272 2526475 scaffold_1 96574691 96574894 color=lorange
1 2530689 2532714 scaffold_1 96580640 96617070 color=lorange
1 2549764 2551806 scaffold_1 96632077 96636609 color=lorange
1 2553680 2555647 scaffold_1 96640302 96642269 color=lorange
1 2553680 2555647 scaffold_2 96104769 96106688 color=lorange
1 2553680 2555647 scaffold_2 96094522 96096453 color=lorange
1 2553680 2555647 scaffold_1 96640302 96642269 color=lorange
1 2553680 2555647 scaffold_2 96094522 96096453 color=lorange
1 2783751 2788624 scaffold_1 97356259 97370609 color=lorange
1 2822332 2825576 scaffold_1 97417048 97514329 color=lorange
1 2844983 2845294 scaffold_1 97524939 97525250 color=lorange
1 2882545 2887018 scaffold_1 97548107 97634333 color=lorange
1 2940365 2944578 scaffold_1 97821464 97830323 color=lorange
1 2952501 2961064 scaffold_1 97859180 97895255 color=lorange
1 2981134 2982271 scaffold_1 97962714 97970140 color=lorange
1 3023508 3025439 scaffold_36 520361 522292 color=lorange
1 3023508 3025439 scaffold_36 291460 293391 color=lorange
1 3052834 3053781 scaffold_1 97994988 98195079 color=lorange
1 3077686 3078237 scaffold_1 98225501 98226052 color=lorange
1 3245076 3246320 scaffold_1 98720721 99131244 color=lorange
1 3495868 3496615 scaffold_1 99408141 99416236 color=lorange
1 3516289 3519972 scaffold_1 99486342 99492749 color=lorange
1 3608102 3608524 scaffold_1 99792436 99792852 color=lorange
1 3609204 3612163 scaffold_1 99794599 99806309 color=lorange
1 3624609 3662541 scaffold_1 99830409 100053278 color=lorange
1 3681107 3695211 scaffold_1 99830409 100053278 color=lorange
1 3703668 3718513 scaffold_1 99830409 100053278 color=lorange
1 3718897 3738529 scaffold_1 99830409 100053278 color=lorange
1 3765985 3775951 scaffold_1 100067026 100304191 color=lorange
1 3776110 3826426 scaffold_1 100067026 100304191 color=lorange
1 3859366 3861717 scaffold_1 100322676 100397902 color=lorange
1 3863015 3865834 scaffold_1 100335035 100339385 color=lorange
1 3869036 3885183 scaffold_1 100322676 100397902 color=lorange
1 4315097 4341044 scaffold_1 100514528 101523605 color=lorange
1 4352947 4353905 scaffold_1 101538043 102314305 color=lorange
1 4408205 4411621 scaffold_1 101691131 101694410 color=lorange
1 4792363 4795472 scaffold_1 102974726 102978553 color=lorange
1 4796546 4806854 scaffold_1 102983636 103004924 color=lorange
1 4821898 4833124 scaffold_1 68834416 68863158 color=lorange
1 4963085 4964215 scaffold_1 69238428 69239558 color=lorange
1 4963085 4964215 scaffold_19 5026722 5041926 color=lorange
1 4963085 4964215 scaffold_7 70432032 70437030 color=lorange
1 5102235 5109636 scaffold_1 69585832 69644042 color=lorange
1 5140827 5142517 scaffold_1 68587286 68591339 color=lorange
1 5293384 5298540 scaffold_1 68210630 68217160 color=lorange
1 5362856 5370591 scaffold_1 68057986 68072561 color=lorange
1 5435467 5445745 scaffold_1 61159456 61214858 color=lorange
1 5456704 5458887 scaffold_1 61159456 61214858 color=lorange
1 5876976 5899463 scaffold_1 75566245 75715838 color=lorange
1 5953032 5954961 scaffold_1 72796501 72798535 color=lorange
1 5953032 5954961 scaffold_1 74345793 74347763 color=lorange
1 5960370 5971241 scaffold_1 72823651 72891438 color=lorange
1 5960370 5971241 scaffold_1 74365257 74430653 color=lorange
1 5972153 5973422 scaffold_1 72893338 72898481 color=lorange
1 5972153 5973422 scaffold_1 74436747 74441899 color=lorange
1 5973981 5976107 scaffold_1 74443035 74453495 color=lorange
1 5973981 5976107 scaffold_1 72899615 72910498 color=lorange
1 5977135 5977772 scaffold_1 74457951 74458516 color=lorange
1 5983657 5988245 scaffold_1 74478305 74555411 color=lorange
1 6073650 6087640 scaffold_1 74810133 74944647 color=lorange
1 6098660 6107609 scaffold_1 75089962 75169631 color=lorange
1 6111365 6130026 scaffold_1 75296019 75458000 color=lorange
1 6111365 6130026 scaffold_1 75180365 75226598 color=lorange
1 6132195 6136318 scaffold_1 75466172 75481831 color=lorange
1 6138682 6141156 scaffold_1 75484573 75499004 color=lorange
1 6142783 6145889 scaffold_1 78107183 78119712 color=lorange
1 6160193 6164049 scaffold_1 78128777 78135609 color=lorange
1 6219943 6222270 scaffold_1 77031252 77093241 color=lorange
1 6384537 6405461 scaffold_1 77387453 77442209 color=lorange
1 6412510 6425973 scaffold_1 77478794 77577982 color=lorange
1 6451311 6460430 scaffold_1 77626590 77652097 color=lorange
1 6476065 6479974 scaffold_1 77677049 77703563 color=lorange
1 6487646 6495462 scaffold_1 77711234 77739915 color=lorange
1 6615962 6622045 scaffold_1 78059002 78072242 color=lorange
1 6639595 6644308 scaffold_1 77000983 77014868 color=lorange
1 6648062 6649308 scaffold_1 76994952 76996729 color=lorange
1 6695533 6696416 scaffold_1 74201057 74201684 color=lorange
1 6695533 6696416 scaffold_1 72590450 72591077 color=lorange
1 6698628 6702629 scaffold_1 74194707 74196400 color=lorange
1 6698628 6702629 scaffold_1 72581912 72583599 color=lorange
1 6708175 6712972 scaffold_1 74153410 74178388 color=lorange
1 6708175 6712972 scaffold_1 72527721 72556904 color=lorange
1 6717663 6731209 scaffold_1 74045743 74132250 color=lorange
1 6717663 6731209 scaffold_1 72439323 72509541 color=lorange
1 6717663 6732913 scaffold_1 74045743 74132250 color=lorange
1 6717663 6732913 scaffold_1 72439323 72509541 color=lorange
1 6871882 6875589 scaffold_1 71974406 72195687 color=lorange
1 6871882 6875589 scaffold_1 73596593 73801557 color=lorange
1 6878066 6901777 scaffold_1 71684054 71970447 color=lorange
1 6878066 6901777 scaffold_1 73347604 73592647 color=lorange
1 6936006 6940096 scaffold_1 71684054 71970447 color=lorange
1 6936006 6940096 scaffold_1 73347604 73592647 color=lorange
1 7032508 7038130 scaffold_1 73128806 73184996 color=lorange
1 7032508 7038130 scaffold_1 71489840 71546139 color=lorange
1 7047303 7062451 scaffold_1 73128806 73184996 color=lorange
1 7047303 7062451 scaffold_1 71489840 71546139 color=lorange
1 7085813 7092892 scaffold_1 73039862 73062777 color=lorange
1 7085813 7092892 scaffold_1 71390355 71418499 color=lorange
1 7096013 7116108 scaffold_1 72976472 73036334 color=lorange
1 7096013 7116108 scaffold_1 71330026 71385948 color=lorange
1 7141167 7152659 scaffold_1 71258144 71277672 color=lorange
1 7141167 7152659 scaffold_1 72913315 72928188 color=lorange
1 7154742 7155223 scaffold_1 71226804 71240831 color=lorange
1 7158893 7160892 scaffold_1 71226804 71240831 color=lorange
1 7166131 7206798 scaffold_1 71101321 71177863 color=lorange
1 7166131 7206798 scaffold_1 71186760 71218366 color=lorange
1 7292174 7299336 scaffold_1 70879546 70913065 color=lorange
1 7306672 7310699 scaffold_1 70845367 70854914 color=lorange
1 7314937 7338914 scaffold_1 70589382 70825314 color=lorange
1 7484534 7485932 scaffold_1 70271732 70581030 color=lorange
1 7495867 7500758 scaffold_1 70271732 70581030 color=lorange
1 7512192 7543171 scaffold_1 70271732 70581030 color=lorange
1 7546455 7547129 scaffold_1 70283471 70290498 color=lorange
1 7559891 7568162 scaffold_1 70244353 70255319 color=lorange
1 7598869 7611178 scaffold_1 70121043 70185780 color=lorange
1 7736761 7736997 scaffold_1 68696864 68774035 color=lorange
1 7739234 7744289 scaffold_1 103061882 103073512 color=lorange
1 8119571 8121949 scaffold_1 104195683 104443469 color=lorange
1 8180300 8200326 scaffold_1 104195683 104443469 color=lorange
1 8216268 8223129 scaffold_1 57623391 57647642 color=lorange
1 8379525 8401497 scaffold_1 58068891 58147293 color=lorange
1 8403396 8414193 scaffold_1 58157625 58182200 color=lorange
1 8439514 8447627 scaffold_1 105724780 105880104 color=lorange
1 8495305 8502839 scaffold_1 105724780 105880104 color=lorange
1 8513344 8537099 scaffold_1 105611647 105678773 color=lorange
1 8560841 8573249 scaffold_1 105524692 105555061 color=lorange
1 8780615 8791431 scaffold_1 104726528 105459098 color=lorange
1 8803907 8814859 scaffold_1 104726528 105459098 color=lorange
1 8821998 8825802 scaffold_1 104726528 105459098 color=lorange
1 8828054 8836922 scaffold_1 104726528 105459098 color=lorange
1 8873376 8880220 scaffold_1 104499828 104642110 color=lorange
1 8896930 8910599 scaffold_1 104499828 104642110 color=lorange
1 8919056 8920991 scaffold_1 104472985 104476693 color=lorange
1 9117602 9124262 scaffold_1 85340843 85355529 color=lorange
1 9318979 9321107 scaffold_1 85825818 85827997 color=lorange
1 9586372 9587413 scaffold_1 40891896 40892947 color=lorange
1 9587757 9590694 scaffold_1 36905284 36908491 color=lorange
1 9598591 9601992 scaffold_1 36943945 36952533 color=lorange
1 9605001 9608461 scaffold_1 36957200 36984113 color=lorange
1 9640219 9651368 scaffold_1 37103869 37556575 color=lorange
1 9666698 9668711 scaffold_1 37103869 37556575 color=lorange
1 9819262 9844583 scaffold_1 37604010 37707551 color=lorange
1 9854974 9871291 scaffold_1 37728269 37824853 color=lorange
1 9916617 9924892 scaffold_1 86447312 86457536 color=lorange
1 9927888 9929365 scaffold_1 86458496 86461267 color=lorange
1 9949153 9954426 scaffold_1 86544312 86554429 color=lorange
1 10006757 10017599 scaffold_1 86658541 86938846 color=lorange
1 10067611 10092362 scaffold_1 86658541 86938846 color=lorange
1 10110674 10123326 scaffold_1 86958457 86979812 color=lorange
1 10131416 10136238 scaffold_1 86991418 87074301 color=lorange
1 10219137 10221046 scaffold_1 87187621 87190281 color=lorange
1 10232666 10233388 scaffold_1 87223489 87224211 color=lorange
1 10351742 10361026 scaffold_1 87438936 87525534 color=lorange
1 10365029 10381831 scaffold_1 87532859 87576024 color=lorange
1 10485133 10487068 scaffold_1 54847507 54932004 color=lorange
1 10585717 10587403 scaffold_1 47880858 47909692 color=lorange
1 10591004 10602440 scaffold_1 61062725 61096597 color=lorange
1 10636376 10645176 scaffold_1 83249498 83290416 color=lorange
1 10686970 10698111 scaffold_1 82933059 82982198 color=lorange
1 10686970 10698111 scaffold_47 397278 417227 color=lorange
1 10706709 10726775 scaffold_1 82781365 82876236 color=lorange
1 10949995 10968870 scaffold_1 81603956 81735537 color=lorange
1 10978422 10986290 scaffold_1 81502860 81566079 color=lorange
1 10994597 11003624 scaffold_1 81413516 81452797 color=lorange
1 11085642 11095864 scaffold_1 81047792 81124281 color=lorange
1 11132128 11132790 scaffold_1 80434048 80743384 color=lorange
1 11182246 11192132 scaffold_1 80434048 80743384 color=lorange
1 11199133 11214984 scaffold_1 80434048 80743384 color=lorange
1 11283299 11286503 scaffold_1 80212586 80292071 color=lorange
1 11504582 11508941 scaffold_1 79226357 79246228 color=lorange
1 11514903 11521552 scaffold_1 79148742 79196847 color=lorange
1 11526250 11537691 scaffold_1 79078931 79120233 color=lorange
1 11643868 11648050 scaffold_1 122425750 122438443 color=lorange
1 11694481 11707782 scaffold_1 122295673 122326701 color=lorange
1 12223755 12227312 scaffold_1 120972871 121126936 color=lorange
1 12238705 12246770 scaffold_1 120972871 121126936 color=lorange
1 12297562 12298017 scaffold_1 120972871 121126936 color=lorange
1 12308052 12318267 scaffold_1 120924412 120957084 color=lorange
1 12323113 12340064 scaffold_1 120884145 120920449 color=lorange
1 12341563 12342032 scaffold_1 120882291 120882766 color=lorange
1 12346782 12353807 scaffold_1 120852664 120871702 color=lorange
1 12509726 12534976 scaffold_1 120461549 120771405 color=lorange
1 12557237 12565714 scaffold_1 120461549 120771405 color=lorange
1 12632829 12633056 scaffold_1 120291370 120291588 color=lorange
1 12718055 12735598 scaffold_1 119807021 120090177 color=lorange
1 12737615 12747948 scaffold_1 119807021 120090177 color=lorange
1 12776713 12809951 scaffold_1 119807021 120090177 color=lorange
1 12787775 12809951 scaffold_1 119807021 120090177 color=lorange
1 12827492 12835002 scaffold_1 119807021 120090177 color=lorange
1 12927970 12937189 scaffold_1 119569409 119580375 color=lorange
1 12943262 12965401 scaffold_1 119524904 119564975 color=lorange
1 13004273 13020463 scaffold_1 119417960 119421054 color=lorange
1 13025151 13029492 scaffold_1 119378692 119388059 color=lorange
1 13074236 13082140 scaffold_1 119278354 119327165 color=lorange
1 13120704 13127739 scaffold_1 119203674 119215177 color=lorange
1 13132824 13135212 scaffold_1 119192016 119195830 color=lorange
1 13137377 13149255 scaffold_1 119160650 119185764 color=lorange
1 13149886 13153758 scaffold_1 119154083 119158688 color=lorange
1 13159884 13162111 scaffold_1 119144757 119147931 color=lorange
1 13168960 13181559 scaffold_1 119100156 119123046 color=lorange
1 13168960 13181559 scaffold_576 1678 11321 color=lorange
1 13190530 13190893 scaffold_576 28914 29273 color=lorange
1 13190530 13190893 scaffold_1 119130792 119131151 color=lorange
1 13234701 13248586 scaffold_1 119067252 119092606 color=lorange
1 13235675 13248586 scaffold_1 119067252 119092606 color=lorange
1 13283934 13288296 scaffold_1 119039882 119042793 color=lorange
1 13391285 13397885 scaffold_1 118783331 118795131 color=lorange
1 13463541 13463882 scaffold_1 118538644 118641934 color=lorange
1 13467717 13490326 scaffold_1 118538644 118641934 color=lorange
1 13500872 13501609 scaffold_1 118538644 118641934 color=lorange
1 13560710 13566723 scaffold_1 118407378 118422552 color=lorange
1 13600177 13634854 scaffold_1 118257810 118342886 color=lorange
1 13637256 13638610 scaffold_1 118257810 118342886 color=lorange
1 13730451 13744734 scaffold_1 118012116 118054937 color=lorange
1 13746200 13754280 scaffold_1 117982595 118008429 color=lorange
1 13763149 13770782 scaffold_1 117940127 117968650 color=lorange
1 13814975 13848423 scaffold_1 117773172 117856232 color=lorange
1 14275693 14275944 scaffold_1 116909062 116932122 color=lorange
1 14699530 14718936 scaffold_1 115994672 116127711 color=lorange
1 14723531 14728274 scaffold_1 115984306 115986842 color=lorange
1 14818959 14824316 scaffold_1 115759844 115862781 color=lorange
1 14890310 14892349 scaffold_1 115695301 115701293 color=lorange
1 14935576 14936671 scaffold_1 115528372 115615615 color=lorange
1 14953582 14961423 scaffold_1 115528372 115615615 color=lorange
1 14986921 14992820 scaffold_1 115473155 115495160 color=lorange
1 15149240 15150121 scaffold_1 115116196 115117077 color=lorange
1 15329106 15329894 scaffold_1 114626044 114626829 color=lorange
1 15329106 15329894 scaffold_1 114628984 114629376 color=lorange
1 15338688 15341474 scaffold_1 114591092 114601049 color=lorange
1 15348748 15355613 scaffold_1 114559378 114577514 color=lorange
1 15425528 15428242 scaffold_1 114421285 114434012 color=lorange
1 15429864 15430810 scaffold_1 114421285 114434012 color=lorange
1 15465611 15468173 scaffold_1 114321208 114333442 color=lorange
1 15473312 15477814 scaffold_1 114309496 114314908 color=lorange
1 15744131 15744409 scaffold_1 113554419 113557739 color=lorange
1 15767756 15775008 scaffold_1 113608440 113615084 color=lorange
1 15787505 15789935 scaffold_1 113536203 113551386 color=lorange
1 15795558 15798369 scaffold_1 113536203 113551386 color=lorange
1 15826106 15835977 scaffold_1 113403210 113407538 color=lorange
1 15969694 15986272 scaffold_1 113046729 113077845 color=lorange
1 15969694 15986272 scaffold_1 113046729 113077845 color=lorange
1 16007301 16012241 scaffold_1 112702582 112979873 color=lorange
1 16016975 16019044 scaffold_1 112942546 112956678 color=lorange
1 16238713 16244681 scaffold_1 112512384 112521646 color=lorange
1 16340048 16345275 scaffold_1 112368568 112383497 color=lorange
1 17198100 17204549 scaffold_1 110405315 110412145 color=lorange
1 17207196 17214094 scaffold_1 110390940 110396526 color=lorange
1 17212983 17214094 scaffold_1 110390940 110396526 color=lorange
1 17403755 17411677 scaffold_1 109920086 110009083 color=lorange
1 17544981 17600613 scaffold_1 109456854 109597546 color=lorange
1 17658414 17662063 scaffold_72 850158 883435 color=lorange
1 17665264 17676079 scaffold_72 809512 846636 color=lorange
1 17746740 17760862 scaffold_1 60920081 60971787 color=lorange
1 17770356 17782018 scaffold_1 60865062 60885801 color=lorange
1 17787706 17789528 scaffold_1 60972918 60983856 color=lorange
1 17787706 17789528 scaffold_1 60983518 60983856 color=lorange
1 17957029 17960196 scaffold_1 84064183 84137459 color=lorange
1 17972039 17983988 scaffold_1 84191189 84237179 color=lorange
1 17991204 18001617 scaffold_1 84299535 84386591 color=lorange
1 17991204 18020742 scaffold_1 84299535 84386591 color=lorange
1 18068867 18079431 scaffold_1 84634538 84776856 color=lorange
1 18106658 18134222 scaffold_1 57350176 57355383 color=lorange
1 18656868 18680969 scaffold_1 54990421 55422295 color=lorange
1 18773083 18788343 scaffold_1 48933770 48964663 color=lorange
1 18773194 18788343 scaffold_1 48933770 48964663 color=lorange
1 18808917 18853336 scaffold_1 49025564 49392902 color=lorange
1 18878567 18907225 scaffold_1 49639389 49672883 color=lorange
1 18878567 18907225 scaffold_1 49728562 49803157 color=lorange
1 18927386 18934955 scaffold_1 49826393 49919274 color=lorange
1 19321903 19323258 scaffold_1 51765653 51767011 color=lorange
1 19356096 19358553 scaffold_1 51888723 52230009 color=lorange
1 19378565 19382664 scaffold_1 51888723 52230009 color=lorange
1 19554932 19562541 scaffold_1 52397844 52420877 color=lorange
1 19563317 19566296 scaffold_1 52449064 52464437 color=lorange
1 19934272 19939018 scaffold_4 100937115 100938722 color=lorange
1 19940955 19945367 scaffold_1 53738246 53762915 color=lorange
1 19949416 19959913 scaffold_4 105087479 105090049 color=lorange
1 20000022 20004432 scaffold_1 54073366 54219337 color=lorange
1 20030930 20043010 scaffold_1 61101754 61119112 color=lorange
1 20050385 20056662 scaffold_1 61120626 61147647 color=lorange
1 20081282 20083731 scaffold_1 78656125 78663806 color=lorange
1 20523972 20525745 scaffold_1 48229377 48265045 color=lorange
1 20639113 20640091 scaffold_1 48229377 48265045 color=lorange
1 24789169 24794983 scaffold_72 764168 789435 color=lorange
1 24822205 24841632 scaffold_72 764168 789435 color=lorange
1 25354727 25361719 scaffold_472 11289 32415 color=lorange
1 25354727 25361719 scaffold_1 47921414 47986156 color=lorange
1 25486929 25506986 scaffold_1 14900023 14973468 color=lorange
1 26061441 26061802 scaffold_107 20120 20491 color=lorange
1 26061441 26061802 scaffold_107 147885 148256 color=lorange
1 26195495 26204060 scaffold_1 46259257 46316211 color=lorange
1 26197620 26204060 scaffold_1 46259257 46316211 color=lorange
1 26250979 26256948 scaffold_1 46855638 46886336 color=lorange
1 26273798 26278840 scaffold_1 13259641 13272014 color=lorange
1 26540986 26543259 scaffold_1 11645844 11902948 color=lorange
1 26590786 26612492 scaffold_1 11645844 11902948 color=lorange
1 26619489 26621283 scaffold_1 11619700 11629453 color=lorange
1 26625438 26635670 scaffold_1 11492133 11563497 color=lorange
1 26642410 26647079 scaffold_1 7743374 7768136 color=lorange
1 26678088 26678990 scaffold_1 7922118 7923020 color=lorange
1 26812208 26830259 scaffold_1 8227585 8276417 color=lorange
1 26860632 26869806 scaffold_1 8412168 8592932 color=lorange
1 26881012 26899270 scaffold_1 8412168 8592932 color=lorange
1 26913400 26915327 scaffold_1 8637533 8639609 color=lorange
1 26941969 26947211 scaffold_1 8766646 8781942 color=lorange
1 27001495 27011173 scaffold_1 9008029 9120355 color=lorange
1 27101958 27103051 scaffold_1 9428428 9432089 color=lorange
1 27809061 27819736 scaffold_1 7031190 7454408 color=lorange
1 27824007 27827526 scaffold_1 7031190 7454408 color=lorange
1 28092579 28106535 scaffold_1 6224231 6934439 color=lorange
1 28092579 28106535 scaffold_1 6197605 6203111 color=lorange
1 28120320 28123059 scaffold_16 3287639 3292543 color=lorange
1 28434170 28448616 scaffold_16 4028294 4103622 color=lorange
1 28434170 28448616 scaffold_16 5235529 5300896 color=lorange
1 28470102 28472221 scaffold_16 5382722 5386076 color=lorange
1 28530312 28537999 scaffold_16 5599861 5650192 color=lorange
1 28530312 28537999 scaffold_16 4404151 4455504 color=lorange
1 28798865 28811860 scaffold_16 6553335 6586448 color=lorange
1 28798865 28811860 scaffold_87 232097 266335 color=lorange
1 28943755 28949265 scaffold_87 642177 663614 color=lorange
1 28943755 28949265 scaffold_16 6899694 7016405 color=lorange
1 28955599 28958098 scaffold_87 672325 678403 color=lorange
1 28955599 28958098 scaffold_16 7024796 7026169 color=lorange
1 28958568 28960072 scaffold_16 7026990 7029587 color=lorange
1 28958568 28960072 scaffold_87 678884 680886 color=lorange
1 28961615 28967285 scaffold_16 7032958 7047537 color=lorange
1 28961615 28967285 scaffold_87 688120 702697 color=lorange
1 28968641 28971333 scaffold_87 704348 709366 color=lorange
1 28968641 28971333 scaffold_16 7049188 7054988 color=lorange
1 29456760 29458992 scaffold_16 8524456 8529819 color=lorange
1 29456760 29458992 scaffold_160 18452 23722 color=lorange
1 29464650 29486188 scaffold_1 38867054 39068076 color=lorange
1 29511836 29519572 scaffold_1 38867054 39068076 color=lorange
1 29523912 29529522 scaffold_1 39130469 39154802 color=lorange
1 29542262 29549762 scaffold_1 39184774 39238677 color=lorange
1 29553998 29558311 scaffold_1 39248129 39281466 color=lorange
1 29560713 29561225 scaffold_1 39289649 39290161 color=lorange
1 29580083 29603820 scaffold_1 39391784 39478135 color=lorange
1 29617187 29623906 scaffold_1 39543273 39566837 color=lorange
1 30068534 30077192 scaffold_1 45704511 45740899 color=lorange
1 30236703 30239009 scaffold_1 46041416 46203464 color=lorange
1 30239981 30244937 scaffold_1 46213299 46233278 color=lorange
1 30259125 30262103 scaffold_1 47034325 47045024 color=lorange
1 30316139 30317724 scaffold_1 41122662 41440993 color=lorange
1 30824447 30836602 scaffold_1 42850899 42918821 color=lorange
1 30837544 30839183 scaffold_1 42929663 42939295 color=lorange
1 31008483 31010156 scaffold_1 43381166 43383111 color=lorange
1 31090785 31109092 scaffold_1 43684467 43780975 color=lorange
1 31132510 31139606 scaffold_145 277909 297363 color=lorange
1 31132510 31139606 scaffold_1 4434859 4448062 color=lorange
1 31140305 31143571 scaffold_145 277909 297363 color=lorange
1 31140305 31143571 scaffold_1 4434859 4448062 color=lorange
1 31144270 31147347 scaffold_81 167 26578 color=lorange
1 31144270 31147347 scaffold_1 4449610 4470904 color=lorange
1 31241693 31243450 scaffold_81 319110 321034 color=lorange
1 31241693 31243450 scaffold_1 4760317 4762065 color=lorange
1 31244269 31252984 scaffold_81 324660 391630 color=lorange
1 31244269 31252984 scaffold_1 4764322 4839081 color=lorange
1 31254886 31258142 scaffold_1 4844167 4883734 color=lorange
1 31254886 31258142 scaffold_81 397163 414216 color=lorange
1 31323098 31323622 scaffold_1 5075486 5192322 color=lorange
1 31323098 31323622 scaffold_81 677706 789611 color=lorange
1 31345428 31359975 scaffold_1 5075486 5192322 color=lorange
1 31345428 31359975 scaffold_81 677706 789611 color=lorange
1 31559598 31568027 scaffold_1 5912852 5926727 color=lorange
1 31600000 31605117 scaffold_1 6012197 6028306 color=lorange
1 31606061 31606796 scaffold_1 6059588 6060321 color=lorange
1 32414235 32429993 scaffold_1 37959141 38056394 color=lorange
1 32449086 32460264 scaffold_1 38175244 38186267 color=lorange
1 32545580 32550752 scaffold_1 38428372 38432868 color=lorange
1 32624659 32627159 scaffold_1 38685050 38707242 color=lorange
1 32671109 32672166 scaffold_1 38858005 38861279 color=lorange
1 32692983 32714649 scaffold_16 8535019 8678954 color=lorange
1 32787720 32792975 scaffold_1 90297134 90304268 color=lorange
1 32799050 32809258 scaffold_1 90075462 90275274 color=lorange
1 32799050 32809300 scaffold_1 90075462 90275274 color=lorange
1 33625591 33625812 scaffold_1 88130128 88405840 color=lorange
1 33706120 33717946 scaffold_1 88130128 88405840 color=lorange
1 33718764 33721808 scaffold_1 88130128 88405840 color=lorange
1 33867253 33870281 scaffold_1 87880098 87897639 color=lorange
1 33927847 33928985 scaffold_1 60829279 60833382 color=lorange
1 34488653 34490082 scaffold_1 59642576 59665710 color=lorange
1 34500406 34501894 scaffold_1 59642576 59665710 color=lorange
1 34569662 34570205 scaffold_1 59478402 59482258 color=lorange
1 34569662 34574451 scaffold_1 59478402 59482258 color=lorange
1 34577221 34605157 scaffold_1 59426986 59473403 color=lorange
1 34753571 34756608 scaffold_1 58998658 59010071 color=lorange
1 34949600 34970016 scaffold_1 58344812 58381592 color=lorange
1 34987849 35003593 scaffold_1 58191046 58289580 color=lorange
1 35006531 35010384 scaffold_1 68014142 68022925 color=lorange
1 35123629 35141340 scaffold_1 67736094 67837496 color=lorange
1 35151404 35170721 scaffold_1 67684403 67712425 color=lorange
1 35212939 35219165 scaffold_1 67602585 67613702 color=lorange
1 35233234 35237063 scaffold_1 67530386 67594615 color=lorange
1 35271726 35279308 scaffold_1 61411924 61427161 color=lorange
1 35291874 35309447 scaffold_1 61437318 61475819 color=lorange
1 35478766 35489397 scaffold_1 61641066 61803950 color=lorange
1 35497761 35499517 scaffold_1 61816150 61820662 color=lorange
1 35536472 35537942 scaffold_1 61894108 61895416 color=lorange
1 35542564 35579196 scaffold_1 61904348 61980370 color=lorange
1 35643119 35651126 scaffold_1 62160846 62172517 color=lorange
1 35655563 35667306 scaffold_1 62174730 62205751 color=lorange
1 35674349 35678717 scaffold_1 62224540 62233757 color=lorange
1 35818192 35834646 scaffold_1 62711330 62800830 color=lorange
1 35862966 35873866 scaffold_1 62642486 62667533 color=lorange
1 35877400 35882366 scaffold_1 62642486 62667533 color=lorange
1 35885068 35890717 scaffold_1 62624402 62639819 color=lorange
1 35891564 35898023 scaffold_1 62614521 62623421 color=lorange
1 35893559 35898023 scaffold_1 62614521 62623421 color=lorange
1 35902594 35907977 scaffold_1 62522075 62613039 color=lorange
1 35925751 35929972 scaffold_1 62927281 62932814 color=lorange
1 35937313 35944410 scaffold_1 62942295 62946057 color=lorange
1 35960609 35968208 scaffold_1 62984001 62996148 color=lorange
1 35980489 35983390 scaffold_1 63008459 63011265 color=lorange
1 35985338 35985864 scaffold_1 63013311 63013837 color=lorange
1 37219860 37220217 scaffold_1 66686140 66686501 color=lorange
1 37234778 37235670 scaffold_1 66734340 66736507 color=lorange
1 37263275 37271854 scaffold_1 66834790 66852069 color=lorange
1 37359115 37369208 scaffold_1 67101366 67357251 color=lorange
1 37490783 37497318 scaffold_1 67382948 67387030 color=lorange
1 37507372 37511589 scaffold_1 67400226 67402500 color=lorange
1 37528998 37536601 scaffold_1 67450426 67454978 color=lorange
1 37695877 37700313 scaffold_1 93585134 93733364 color=lorange
1 37823790 37839941 scaffold_1 93290634 93324157 color=lorange
1 37849255 37856963 scaffold_1 93142792 93283185 color=lorange
1 37926943 37928009 scaffold_1 92892284 93085363 color=lorange
1 38061791 38072451 scaffold_1 92823134 92841878 color=lorange
1 38077583 38095522 scaffold_1 92797731 92815458 color=lorange
1 38146308 38161453 scaffold_1 92624408 92652870 color=lorange
1 38163952 38165658 scaffold_1 92622562 92623408 color=lorange
1 38184197 38195328 scaffold_1 92554770 92572152 color=lorange
1 38274179 38280983 scaffold_1 92363341 92391123 color=lorange
1 38743100 38744614 scaffold_1 91127195 91135068 color=lorange
1 38788629 38794398 scaffold_1 91045022 91058938 color=lorange
1 38818875 38825387 scaffold_1 90954820 90961889 color=lorange
1 38871013 38871942 scaffold_1 90858657 90951055 color=lorange
1 38875155 38876270 scaffold_1 90855852 90857180 color=lorange
1 38882225 38885914 scaffold_1 90843146 90851553 color=lorange
1 38899422 38906398 scaffold_1 90797600 90818056 color=lorange
1 38907595 38921639 scaffold_1 90782956 90784341 color=lorange
1 38907595 38921639 scaffold_1 90781478 90795705 color=lorange
1 38907595 38921639 scaffold_1 90781478 90795705 color=lorange
1 38922067 38922516 scaffold_1 90780408 90780873 color=lorange
1 38922067 38922528 scaffold_1 90780408 90780873 color=lorange
1 38948836 38972382 scaffold_1 90679198 90740735 color=lorange
1 38977720 38985708 scaffold_1 90657304 90672661 color=lorange
1 39022818 39026694 scaffold_1 90569573 90599441 color=lorange
1 39027932 39038798 scaffold_1 90549010 90568265 color=lorange
1 39046456 39051872 scaffold_1 90534533 90537452 color=lorange
1 39069437 39078818 scaffold_1 90464782 90484485 color=lorange
1 39127135 39128348 scaffold_1 90402519 90403867 color=lorange
1 39130686 39133518 scaffold_1 90385915 90393103 color=lorange
1 39146786 39166233 scaffold_1 90310735 90356168 color=lorange
1 39492575 39515573 scaffold_16 1044347 1270809 color=lorange
1 39684904 39690451 scaffold_16 1591823 1627835 color=lorange
1 39786432 39800922 scaffold_1 44870428 44944698 color=lorange
1 39805474 39818778 scaffold_1 44965383 45020507 color=lorange
1 39844671 39849482 scaffold_1 40866437 40870078 color=lorange
1 39847658 39849482 scaffold_1 40866437 40870078 color=lorange
1 39871289 39887793 scaffold_1 40750378 40826568 color=lorange
1 39903670 39917876 scaffold_1 40673725 40736887 color=lorange
1 39923156 39933154 scaffold_1 40625741 40668810 color=lorange
1 39978130 39984066 scaffold_1 45085260 45116232 color=lorange
1 40053237 40063848 scaffold_1 36682950 36695352 color=lorange
1 40104722 40111782 scaffold_1 36566144 36630394 color=lorange
1 40115848 40118945 scaffold_1 36532644 36564788 color=lorange
1 40134220 40140398 scaffold_1 36476096 36491170 color=lorange
1 40179629 40181943 scaffold_1 36404237 36412459 color=lorange
1 40184248 40193445 scaffold_1 36375251 36402525 color=lorange
1 40245282 40258082 scaffold_1 36160233 36240108 color=lorange
1 40261698 40279248 scaffold_1 36082999 36143007 color=lorange
1 40384975 40386866 scaffold_1 35761848 35947465 color=lorange
1 40409653 40413325 scaffold_1 35761848 35947465 color=lorange
1 40430816 40435664 scaffold_1 35698272 35702103 color=lorange
1 40467739 40478918 scaffold_1 35587090 35606458 color=lorange
1 40488328 40489758 scaffold_1 35582068 35583498 color=lorange
1 40490966 40500072 scaffold_1 35571883 35581074 color=lorange
1 40501472 40512720 scaffold_1 34994375 35016418 color=lorange
1 40657845 40659498 scaffold_1 32695326 32710181 color=lorange
1 40742896 40751526 scaffold_1 32266378 32328373 color=lorange
1 40853709 40860956 scaffold_1 32266378 32328373 color=lorange
1 40948844 40956728 scaffold_1 31691808 31718506 color=lorange
1 40961331 40972302 scaffold_1 31227301 31684397 color=lorange
1 41128166 41128414 scaffold_1 31227301 31684397 color=lorange
1 41207806 41218524 scaffold_1 30930138 30963374 color=lorange
1 41221513 41239103 scaffold_1 30880611 30920579 color=lorange
1 41322881 41328659 scaffold_1 30501272 30621318 color=lorange
1 41388153 41390457 scaffold_1 30440620 30443782 color=lorange
1 41510953 41539552 scaffold_1 29780794 29816174 color=lorange
1 41570199 41573773 scaffold_1 29668834 29679801 color=lorange
1 41681503 41696703 scaffold_1 29098615 29264459 color=lorange
1 41759859 41760435 scaffold_1 28974693 29039455 color=lorange
1 41815733 41821139 scaffold_1 28674682 28792840 color=lorange
1 41829951 41853204 scaffold_1 28674682 28792840 color=lorange
1 41930143 41930727 scaffold_1 28385435 28386353 color=lorange
1 41935786 41939908 scaffold_1 28364167 28380312 color=lorange
1 41949916 41951601 scaffold_1 28359219 28360065 color=lorange
1 41949916 41951601 scaffold_249 15786 16196 color=lorange
1 41954846 41965140 scaffold_1 28283754 28337627 color=lorange
1 41977056 41992479 scaffold_67 87047 189704 color=lorange
1 41977056 41992479 scaffold_97 17628 27136 color=lorange
1 42164653 42165896 scaffold_67 845654 934116 color=lorange
1 42190067 42197829 scaffold_67 845654 934116 color=lorange
1 42441694 42451922 scaffold_1 34890424 34921572 color=lorange
1 42476088 42482764 scaffold_1 26408866 26427981 color=lorange
1 42496505 42520432 scaffold_1 26054463 26295920 color=lorange
1 42547085 42580067 scaffold_1 26054463 26295920 color=lorange
1 43186004 43208964 scaffold_1 33749965 33867725 color=lorange
1 43214710 43215980 scaffold_365 5579 6764 color=lorange
1 43214710 43215980 scaffold_1 33888867 33890051 color=lorange
1 43219275 43228626 scaffold_1 33902615 33959837 color=lorange
1 43300585 43305033 scaffold_97 47786 289267 color=lorange
1 43363424 43367442 scaffold_1 33710311 33733354 color=lorange
1 43386915 43389969 scaffold_1 33641687 33668989 color=lorange
1 43392913 43398645 scaffold_1 33575553 33642417 color=lorange
1 43427552 43447661 scaffold_1 33370502 33466743 color=lorange
1 43535649 43540780 scaffold_1 33006674 33029162 color=lorange
1 43541552 43542889 scaffold_1 32951892 33000805 color=lorange
1 43555210 43558023 scaffold_1 32951892 33000805 color=lorange
1 43561506 43573245 scaffold_1 32910622 32938248 color=lorange
1 43594014 43599996 scaffold_1 32788950 32840580 color=lorange
1 43601381 43610320 scaffold_1 32722834 32784372 color=lorange
1 43610851 43612762 scaffold_1 32712847 32715507 color=lorange
1 43616264 43626817 scaffold_1 26446252 26486665 color=lorange
1 43667510 43670635 scaffold_1 26582491 26641353 color=lorange
1 43714526 43727718 scaffold_1 26784467 26815706 color=lorange
1 43742550 43746553 scaffold_1 26865026 26865244 color=lorange
1 44124339 44131163 scaffold_1 28094650 28170909 color=lorange
1 44146537 44147490 scaffold_1 28094650 28170909 color=lorange
1 44150711 44153668 scaffold_1 28183911 28193069 color=lorange
1 44156757 44165363 scaffold_1 28195034 28218069 color=lorange
1 44292456 44298961 scaffold_1 23553030 23567725 color=lorange
1 44299940 44308751 scaffold_1 23515462 23550659 color=lorange
1 44319346 44324497 scaffold_1 23466829 23482379 color=lorange
1 44326081 44331372 scaffold_1 23443224 23461367 color=lorange
1 44332355 44335345 scaffold_1 23432414 23441868 color=lorange
1 44336597 44337640 scaffold_1 23422963 23429889 color=lorange
1 44339169 44343943 scaffold_1 23398727 23421542 color=lorange
1 44354941 44358786 scaffold_1 23309882 23337079 color=lorange
1 44354941 44358786 scaffold_30 3643787 3651579 color=lorange
1 44354941 44358786 scaffold_30 3388863 3394443 color=lorange
1 44422972 44429751 scaffold_1 22903608 22934344 color=lorange
1 44479421 44490293 scaffold_1 22641633 22649677 color=lorange
1 44548837 44557577 scaffold_1 22301271 22317734 color=lorange
1 44565350 44567188 scaffold_1 22265847 22273656 color=lorange
1 44599566 44609654 scaffold_1 22134358 22161095 color=lorange
1 44689715 44693164 scaffold_1 21796431 21885948 color=lorange
1 44707851 44714827 scaffold_1 21796431 21885948 color=lorange
1 44764563 44765222 scaffold_1 21582247 21582906 color=lorange
1 45021295 45025738 scaffold_86 583870 593330 color=lorange
1 45079306 45083326 scaffold_86 936900 964768 color=lorange
1 45175083 45175841 scaffold_1 20768753 20769511 color=lorange
1 45189369 45190395 scaffold_1 20675316 20716965 color=lorange
1 45192092 45192397 scaffold_1 20675316 20716965 color=lorange
1 45481575 45488127 scaffold_1 19627877 20167644 color=lorange
1 45531305 45532036 scaffold_1 19391869 19392606 color=lorange
1 45536607 45537646 scaffold_1 19374749 19377033 color=lorange
1 45539532 45539837 scaffold_1 19360445 19360750 color=lorange
1 45542656 45547720 scaffold_1 19328276 19348189 color=lorange
1 45554369 45564710 scaffold_1 19271712 19304552 color=lorange
1 45565126 45567526 scaffold_1 19260223 19271255 color=lorange
1 45584725 45591269 scaffold_1 19168110 19230240 color=lorange
1 45595834 45616906 scaffold_1 18996638 19160554 color=lorange
1 45721687 45741231 scaffold_1 18631284 18719118 color=lorange
1 45881242 45881775 scaffold_1 18154390 18154923 color=lorange
1 45884932 45893338 scaffold_1 18107408 18145782 color=lorange
1 45902758 45904678 scaffold_1 18039378 18068751 color=lorange
1 45905646 45906044 scaffold_1 18063513 18063931 color=lorange
1 45963041 45969715 scaffold_1 17823214 17841548 color=lorange
1 46081323 46085550 scaffold_1 17361735 17367772 color=lorange
1 46216497 46220016 scaffold_1 16824327 16845445 color=lorange
1 46260775 46263386 scaffold_1 16768887 16772558 color=lorange
1 46274415 46280510 scaffold_1 16715089 16736951 color=lorange
1 46286273 46291756 scaffold_1 16667270 16680332 color=lorange
1 46396211 46400395 scaffold_1 16185079 16200079 color=lorange
1 46401563 46405888 scaffold_1 16168045 16183845 color=lorange
1 46413204 46428155 scaffold_1 16098886 16162572 color=lorange
1 46499171 46507530 scaffold_1 15869796 16076760 color=lorange
1 46602381 46602725 scaffold_1 15515685 15582877 color=lorange
1 46612902 46619541 scaffold_1 15515685 15582877 color=lorange
1 46646569 46695906 scaffold_62 1595003 1619552 color=lorange
1 46735589 46746349 scaffold_62 1046171 1113311 color=lorange
1 46735589 46746349 scaffold_62 593493 662073 color=lorange
1 46750730 46752836 scaffold_62 1046171 1113311 color=lorange
1 46750730 46752836 scaffold_62 593493 662073 color=lorange
1 46753782 46755121 scaffold_62 1019647 1037747 color=lorange
1 46753782 46755121 scaffold_62 573293 586972 color=lorange
1 46912066 46919126 scaffold_72 88581 95063 color=lorange
1 47022990 47023745 scaffold_72 572968 573724 color=lorange
1 47040923 47043021 scaffold_72 617091 622889 color=lorange
1 47044636 47046607 scaffold_72 624157 634858 color=lorange
1 47052209 47058107 scaffold_72 656021 677000 color=lorange
1 47059277 47060072 scaffold_72 681863 688730 color=lorange
1 47059277 47060090 scaffold_72 681863 688730 color=lorange
1 47076371 47087164 scaffold_1 13353508 13401105 color=lorange
1 47089712 47094084 scaffold_1 13410922 13425179 color=lorange
1 47182599 47194010 scaffold_16 2671610 2691323 color=lorange
1 47188897 47194010 scaffold_16 2671610 2691323 color=lorange
1 47212721 47233535 scaffold_16 2760489 2945415 color=lorange
1 47311887 47313617 scaffold_16 2357597 2359327 color=lorange
1 47314262 47316059 scaffold_16 2350837 2355527 color=lorange
1 47319739 47346592 scaffold_16 2252439 2342530 color=lorange
1 47353886 47359567 scaffold_16 2071336 2235233 color=lorange
1 47399384 47399638 scaffold_16 2071336 2235233 color=lorange
1 47430146 47437948 scaffold_16 1875263 1925483 color=lorange
1 47512892 47514058 scaffold_1 44617353 44618392 color=lorange
1 47517740 47528858 scaffold_1 44528646 44598219 color=lorange
1 47545548 47548328 scaffold_1 44410489 44449299 color=lorange
1 47556750 47564833 scaffold_1 44366541 44409433 color=lorange
1 47585871 47593353 scaffold_1 44322334 44335454 color=lorange
1 47595714 47601200 scaffold_1 44298874 44321311 color=lorange
1 47690669 47696335 scaffold_145 232131 257402 color=lorange
1 47708682 47713654 scaffold_1 4340765 4355584 color=lorange
1 47708682 47713654 scaffold_145 190668 202083 color=lorange
1 48132851 48148228 scaffold_1 2900049 2954045 color=lorange
1 48181592 48183925 scaffold_1 2817061 2879738 color=lorange
1 48581840 48591007 scaffold_1 1652855 1699881 color=lorange
1 48653174 48663619 scaffold_1 1399939 1420473 color=lorange
1 48670584 48675013 scaffold_1 1380713 1386929 color=lorange
1 48676448 48676978 scaffold_1 1377827 1378357 color=lorange
1 48688722 48692517 scaffold_1 13470751 13480996 color=lorange
1 48688779 48692517 scaffold_1 13470751 13480996 color=lorange
2 274375 286044 scaffold_6 41620474 41658890 color=lorange
2 316796 317101 scaffold_6 41776404 41776676 color=lorange
2 338746 355911 scaffold_6 41792389 41922422 color=lorange
2 431076 445031 scaffold_6 42183130 42225103 color=lorange
2 446612 447153 scaffold_6 42236615 42237149 color=lorange
2 485778 491670 scaffold_6 42371093 42401263 color=lorange
2 493726 495930 scaffold_6 42405846 42408050 color=lorange
2 496921 497556 scaffold_6 42409370 42410005 color=lorange
2 498959 501862 scaffold_6 42411996 42433275 color=lorange
2 509314 518114 scaffold_6 42472333 42521751 color=lorange
2 598132 602533 scaffold_6 42762776 42767608 color=lorange
2 604577 608877 scaffold_6 42772257 42909855 color=lorange
2 657742 666094 scaffold_6 42917888 42946261 color=lorange
2 687235 687795 scaffold_6 43015442 43016002 color=lorange
2 712398 717860 scaffold_6 43120419 43168053 color=lorange
2 751702 758711 scaffold_6 43236706 43287027 color=lorange
2 920067 920757 scaffold_6 41615893 41616562 color=lorange
2 931681 934424 scaffold_6 41527361 41571032 color=lorange
2 936236 942612 scaffold_6 41527361 41571032 color=lorange
2 956149 963478 scaffold_6 41485271 41519345 color=lorange
2 1031943 1032170 scaffold_6 41285588 41451287 color=lorange
2 1067744 1079061 scaffold_6 41077659 41129329 color=lorange
2 1202949 1206357 scaffold_6 40478325 40652221 color=lorange
2 1251771 1257526 scaffold_6 40478325 40652221 color=lorange
2 1309990 1315290 scaffold_6 40343468 40382223 color=lorange
2 1653999 1654229 scaffold_6 38399992 38426494 color=lorange
2 1758160 1764447 scaffold_6 23343704 23357950 color=lorange
2 1758160 1764447 scaffold_6 16981864 16995079 color=lorange
2 1771535 1780290 scaffold_6 23364593 23434208 color=lorange
2 1771535 1780290 scaffold_6 16902998 16975328 color=lorange
2 1806212 1817500 scaffold_6 23464202 23503507 color=lorange
2 1806212 1817500 scaffold_6 16833240 16875985 color=lorange
2 1823102 1824043 scaffold_6 23514966 23515985 color=lorange
2 1823102 1824043 scaffold_6 16819398 16820417 color=lorange
2 1829285 1841529 scaffold_6 23517038 23543671 color=lorange
2 1829285 1841529 scaffold_6 16788377 16818345 color=lorange
2 1842021 1848509 scaffold_6 23544148 23555405 color=lorange
2 1842021 1848509 scaffold_6 16777683 16787899 color=lorange
2 1849177 1850225 scaffold_6 23557938 23559167 color=lorange
2 1849177 1850225 scaffold_6 16775865 16777094 color=lorange
2 1878696 1882906 scaffold_6 23612266 23624800 color=lorange
2 1878696 1882906 scaffold_6 16712424 16724958 color=lorange
2 1927177 1937608 scaffold_6 23708468 23723376 color=lorange
2 1927177 1937608 scaffold_6 16606781 16627269 color=lorange
2 1950037 1951887 scaffold_6 23754245 23756186 color=lorange
2 1950037 1951887 scaffold_6 16570703 16572654 color=lorange
2 1956930 1959044 scaffold_6 23762693 23767123 color=lorange
2 1962702 1966569 scaffold_6 23771277 23775543 color=lorange
2 2086214 2095884 scaffold_6 24111361 24126838 color=lorange
2 2116340 2123089 scaffold_6 24183932 24192258 color=lorange
2 2129521 2130152 scaffold_6 24203590 24234401 color=lorange
2 2152289 2164670 scaffold_6 24255415 24269866 color=lorange
2 2244455 2246609 scaffold_6 24435873 24439235 color=lorange
2 2284827 2289419 scaffold_6 24567755 24578589 color=lorange
2 2420152 2420920 scaffold_6 24968073 24972570 color=lorange
2 2452434 2454711 scaffold_6 25039952 25056633 color=lorange
2 2468113 2483108 scaffold_6 25074434 25191222 color=lorange
2 2489479 2490874 scaffold_6 25074434 25191222 color=lorange
2 2553254 2564587 scaffold_6 25398866 25426082 color=lorange
2 2630191 2633613 scaffold_6 25627769 25668059 color=lorange
2 2646722 2660832 scaffold_6 25669356 25706935 color=lorange
2 2663292 2663657 scaffold_6 25709820 25710185 color=lorange
2 2666476 2670938 scaffold_6 25722054 25732893 color=lorange
2 2683472 2688968 scaffold_6 25782045 25806254 color=lorange
2 2712915 2718537 scaffold_6 25910237 25929646 color=lorange
2 2735774 2744923 scaffold_6 25984051 26010180 color=lorange
2 2742486 2744923 scaffold_6 25984051 26010180 color=lorange
2 2860132 2863335 scaffold_74 53751 148093 color=lorange
2 2891793 2903873 scaffold_74 390442 888587 color=lorange
2 2987379 3008270 scaffold_6 26599764 26657891 color=lorange
2 2987379 3008270 scaffold_198 114200 159104 color=lorange
2 3012387 3013559 scaffold_6 26664624 26669628 color=lorange
2 3101313 3109307 scaffold_6 26913267 27308243 color=lorange
2 3214272 3231777 scaffold_6 27321181 27448973 color=lorange
2 3353896 3363469 scaffold_6 27464149 27497700 color=lorange
2 3382601 3390865 scaffold_6 27568648 27574865 color=lorange
2 3393131 3398229 scaffold_6 27580420 27594540 color=lorange
2 3423429 3430644 scaffold_247 63362 89520 color=lorange
2 3526050 3535312 scaffold_53 1100112 1615548 color=lorange
2 3553465 3566059 scaffold_53 1100112 1615548 color=lorange
2 3573926 3582020 scaffold_53 1100112 1615548 color=lorange
2 3589170 3617082 scaffold_53 975099 1081407 color=lorange
2 3628573 3638072 scaffold_53 862006 932948 color=lorange
2 3669443 3682624 scaffold_53 660030 715074 color=lorange
2 3800050 3802785 scaffold_53 240817 243561 color=lorange
2 3880186 3891515 scaffold_6 46964627 47549210 color=lorange
2 4014325 4020678 scaffold_6 47561238 47597506 color=lorange
2 4026325 4026618 scaffold_6 47681656 47683002 color=lorange
2 4032873 4038912 scaffold_6 47698286 47752309 color=lorange
2 4100068 4102616 scaffold_6 47915131 47971458 color=lorange
2 4114676 4115542 scaffold_6 48018639 48034574 color=lorange
2 4184690 4208008 scaffold_6 48251758 48357743 color=lorange
2 4215028 4215357 scaffold_6 48421220 48421549 color=lorange
2 4294726 4299401 scaffold_6 48968897 49001077 color=lorange
2 4352297 4352731 scaffold_6 49067164 49308773 color=lorange
2 4399771 4405721 scaffold_6 49532013 49541871 color=lorange
2 4419406 4444450 scaffold_6 49723819 49844860 color=lorange
2 4457962 4463486 scaffold_6 49917470 49951426 color=lorange
2 4520190 4529661 scaffold_6 50087079 50203163 color=lorange
2 4540749 4553041 scaffold_6 50294671 50335579 color=lorange
2 4553885 4557372 scaffold_6 50294671 50335579 color=lorange
2 4631400 4634498 scaffold_6 50718213 50952320 color=lorange
2 4693425 4697299 scaffold_6 50718213 50952320 color=lorange
2 4728996 4729424 scaffold_6 50718213 50952320 color=lorange
2 4797196 4817379 scaffold_6 51356401 51415938 color=lorange
2 4834744 4841842 scaffold_6 51517083 51581845 color=lorange
2 4843519 4848704 scaffold_74 1250578 1272350 color=lorange
2 4851578 4854869 scaffold_74 1286673 1305661 color=lorange
2 4851578 4854869 scaffold_6 51596376 51611011 color=lorange
2 4871202 4873338 scaffold_74 1227865 1235114 color=lorange
2 4871202 4873338 scaffold_6 51689975 51699173 color=lorange
2 4875713 4881945 scaffold_6 51850012 51885098 color=lorange
2 4875713 4881945 scaffold_74 1046885 1093470 color=lorange
2 4889189 4892413 scaffold_6 51916945 52018267 color=lorange
2 4893166 4898302 scaffold_9 40395349 40399606 color=lorange
2 4937079 4940789 scaffold_9 31414555 31446687 color=lorange
2 4951956 4954622 scaffold_6 52350046 52376722 color=lorange
2 4956644 4961940 scaffold_6 52452887 52477177 color=lorange
2 4971395 4979345 scaffold_6 52091985 52189452 color=lorange
2 4986981 4994140 scaffold_6 52035607 52087683 color=lorange
2 4999188 5002640 scaffold_6 52538504 52576692 color=lorange
2 5025896 5035200 scaffold_6 52686454 52738368 color=lorange
2 5072547 5078235 scaffold_6 52843961 52860777 color=lorange
2 5087393 5115103 scaffold_6 52956230 53156993 color=lorange
2 5097645 5107339 scaffold_6 52956230 53156993 color=lorange
2 5119850 5134454 scaffold_6 54653385 54916093 color=lorange
2 5138169 5139328 scaffold_6 54653385 54916093 color=lorange
2 5149447 5150937 scaffold_6 54926736 54966466 color=lorange
2 5161974 5166234 scaffold_6 55032850 55202901 color=lorange
2 5217386 5228736 scaffold_6 68251652 68624588 color=lorange
2 5246786 5250354 scaffold_6 67437056 67548845 color=lorange
2 5254288 5261001 scaffold_6 57074798 57197540 color=lorange
2 5273066 5282066 scaffold_6 55565143 55728699 color=lorange
2 5324312 5330025 scaffold_3 8580765 8581427 color=lorange
2 5332027 5333460 scaffold_6 55913357 55971440 color=lorange
2 5881225 5883462 scaffold_6 43334227 43342363 color=lorange
2 5946592 5947106 scaffold_6 43523609 43524122 color=lorange
2 5949953 5951911 scaffold_6 43526809 43534526 color=lorange
2 5955222 5955841 scaffold_6 43538809 43539465 color=lorange
2 5958508 5969034 scaffold_6 43542821 43560372 color=lorange
2 5988597 5991727 scaffold_6 43621289 43625874 color=lorange
2 5993287 6003569 scaffold_6 43628857 43670569 color=lorange
2 6006521 6015566 scaffold_6 43677080 43693563 color=lorange
2 6020373 6034798 scaffold_6 43703199 43776434 color=lorange
2 6068722 6086175 scaffold_6 43845050 43927985 color=lorange
2 6086363 6089572 scaffold_6 43928191 43942511 color=lorange
2 6103037 6107062 scaffold_6 43960720 43996567 color=lorange
2 6111516 6112074 scaffold_6 43960720 43996567 color=lorange
2 6196375 6214456 scaffold_6 44196219 44240483 color=lorange
2 6221466 6225842 scaffold_6 44253399 44266454 color=lorange
2 6238119 6248839 scaffold_6 44253121 44371154 color=lorange
2 6399001 6426551 scaffold_6 44783949 44873910 color=lorange
2 6435117 6441387 scaffold_6 44783949 44873910 color=lorange
2 6517543 6520573 scaffold_6 45156930 45172722 color=lorange
2 6579777 6583429 scaffold_6 45328215 45621378 color=lorange
2 6602072 6611237 scaffold_6 45328215 45621378 color=lorange
2 6698149 6701384 scaffold_6 46153564 46157396 color=lorange
2 6905903 6906322 scaffold_6 46826681 46827100 color=lorange
2 6927940 6938531 scaffold_53 2012583 2058794 color=lorange
2 6946773 6953600 scaffold_53 1951488 1993659 color=lorange
2 6956107 6964096 scaffold_53 1940426 1946557 color=lorange
2 6970793 6972343 scaffold_6 27607967 27609517 color=lorange
2 6975393 6985688 scaffold_6 27622545 27688506 color=lorange
2 7020119 7021660 scaffold_6 27731505 27733312 color=lorange
2 7022117 7025217 scaffold_6 27740289 27743105 color=lorange
2 7105345 7109625 scaffold_6 27898447 27943947 color=lorange
2 7120262 7122599 scaffold_6 27898447 27943947 color=lorange
2 7159727 7164334 scaffold_6 28012967 28016849 color=lorange
2 7179607 7183154 scaffold_6 28058682 28069017 color=lorange
2 7187031 7194337 scaffold_6 28076306 28084902 color=lorange
2 7201604 7201935 scaffold_6 28089270 28090293 color=lorange
2 7241095 7246738 scaffold_6 28091289 28191056 color=lorange
2 7252162 7253532 scaffold_6 28091289 28191056 color=lorange
2 7269230 7282276 scaffold_6 28221237 28244434 color=lorange
2 7301162 7305619 scaffold_6 28274779 28283386 color=lorange
2 7319497 7319803 scaffold_6 28313747 28418423 color=lorange
2 7347458 7358035 scaffold_6 28313747 28418423 color=lorange
2 7363098 7385311 scaffold_6 28426185 28449975 color=lorange
2 7420331 7433201 scaffold_6 28554708 28658074 color=lorange
2 7420331 7433201 scaffold_197 60814 152693 color=lorange
2 7508041 7511750 scaffold_6 28779112 28790465 color=lorange
2 7514748 7519198 scaffold_6 28797259 28802302 color=lorange
2 7574733 7579376 scaffold_6 28905677 28946902 color=lorange
2 7586283 7594740 scaffold_6 28959742 29006647 color=lorange
2 7607797 7608219 scaffold_6 28959742 29006647 color=lorange
2 7646357 7660620 scaffold_6 29100976 29121208 color=lorange
2 7705691 7708821 scaffold_6 29245985 29503711 color=lorange
2 7817630 7825705 scaffold_6 29649778 29682087 color=lorange
2 7833901 7844170 scaffold_6 29688507 29703298 color=lorange
2 7889980 7907435 scaffold_6 29813920 29882551 color=lorange
2 8033601 8038608 scaffold_6 30236817 30373374 color=lorange
2 8123494 8124890 scaffold_6 30591193 30592990 color=lorange
2 8129540 8133858 scaffold_6 30594430 30602887 color=lorange
2 8146306 8178659 scaffold_6 30627683 30713492 color=lorange
2 8456240 8463677 scaffold_6 31671916 31710842 color=lorange
2 8492053 8496649 scaffold_6 31807637 31893221 color=lorange
2 8515207 8530072 scaffold_6 31807637 31893221 color=lorange
2 8539853 8542677 scaffold_6 31904808 31908359 color=lorange
2 8554484 8584225 scaffold_6 31961076 32033330 color=lorange
2 8651868 8666655 scaffold_6 32139401 32220868 color=lorange
2 8675311 8682495 scaffold_6 32244690 32278768 color=lorange
2 8745435 8767350 scaffold_6 32430096 32482445 color=lorange
2 8773964 8784082 scaffold_6 12978814 12994356 color=lorange
2 8784676 8785857 scaffold_6 12995003 12996541 color=lorange
2 8808036 8870501 scaffold_6 13184145 13210159 color=lorange
2 8893169 8898073 scaffold_6 13227013 13232331 color=lorange
2 8900575 8901224 scaffold_6 13234938 13235297 color=lorange
2 8910792 8915596 scaffold_6 13242887 13248913 color=lorange
2 8994398 9005201 scaffold_6 13258970 13519193 color=lorange
2 9009529 9011094 scaffold_6 13534850 13536415 color=lorange
2 9021089 9026074 scaffold_6 13547626 13554605 color=lorange
2 9027481 9034725 scaffold_6 4474564 4480936 color=lorange
2 9035800 9038217 scaffold_6 4472180 4473462 color=lorange
2 9044458 9049132 scaffold_6 4398346 4412662 color=lorange
2 9049946 9054191 scaffold_6 4382206 4387598 color=lorange
2 9080086 9084026 scaffold_6 4255144 4328924 color=lorange
2 9127819 9131137 scaffold_6 4192961 4207522 color=lorange
2 9138448 9140323 scaffold_6 4173756 4176822 color=lorange
2 9146750 9149258 scaffold_6 4153806 4155594 color=lorange
2 9156873 9160307 scaffold_39 1392479 1394881 color=lorange
2 9161483 9162307 scaffold_39 1390443 1391432 color=lorange
2 9300981 9304714 scaffold_39 982702 1024826 color=lorange
2 9308889 9318996 scaffold_39 982702 1024826 color=lorange
2 9361113 9371664 scaffold_39 861034 879688 color=lorange
2 9382603 9388262 scaffold_39 821077 836249 color=lorange
2 9399216 9401764 scaffold_39 810030 812051 color=lorange
2 9409324 9411769 scaffold_6 16029896 16036885 color=lorange
2 9409324 9411769 scaffold_111 181377 186063 color=lorange
2 9449856 9451287 scaffold_6 15529104 15710334 color=lorange
2 9485989 9502632 scaffold_6 15529104 15710334 color=lorange
2 9555330 9568013 scaffold_6 15426403 15455021 color=lorange
2 9624104 9642674 scaffold_39 1420537 1476910 color=lorange
2 9653055 9656731 scaffold_39 1400685 1403149 color=lorange
2 9664245 9681036 scaffold_6 87822497 87844077 color=lorange
2 10197874 10202481 scaffold_6 85953006 85965535 color=lorange
2 10207985 10213610 scaffold_6 85921713 85946451 color=lorange
2 10214755 10216498 scaffold_6 85907808 85919087 color=lorange
2 10220850 10226034 scaffold_6 79219825 79261441 color=lorange
2 10405451 10408191 scaffold_6 79277514 80203270 color=lorange
2 10467217 10479620 scaffold_6 79277514 80203270 color=lorange
2 10781446 10786122 scaffold_6 80270979 80917834 color=lorange
2 10809793 10812439 scaffold_6 81028695 81035002 color=lorange
2 10928786 10942539 scaffold_6 81372042 81517762 color=lorange
2 11392440 11414353 scaffold_77 85553 421229 color=lorange
2 11434706 11444690 scaffold_77 85553 421229 color=lorange
2 11465030 11474403 scaffold_77 479344 504730 color=lorange
2 11471433 11474403 scaffold_77 479344 504730 color=lorange
2 11488543 11490826 scaffold_6 97833869 97838464 color=lorange
2 11502268 11503452 scaffold_6 97886678 97892130 color=lorange
2 11527511 11532776 scaffold_6 97942261 97954328 color=lorange
2 11552197 11558924 scaffold_6 97992883 98035345 color=lorange
2 11571644 11571982 scaffold_6 98057833 98058171 color=lorange
2 11598661 11602126 scaffold_6 98118430 98137091 color=lorange
2 11604966 11606030 scaffold_6 98140443 98142020 color=lorange
2 11612646 11616073 scaffold_6 98150981 98158972 color=lorange
2 11622228 11627247 scaffold_6 98169510 98297468 color=lorange
2 11652037 11657012 scaffold_6 98169510 98297468 color=lorange
2 11667787 11670389 scaffold_6 98297891 98303774 color=lorange
2 11728422 11753919 scaffold_6 98434715 98515130 color=lorange
2 11728422 11753919 scaffold_6 98434715 98515130 color=lorange
2 11764445 11766219 scaffold_6 98434715 98515130 color=lorange
2 11766647 11772304 scaffold_6 98517906 98531199 color=lorange
2 11776473 11781380 scaffold_6 98539148 98561352 color=lorange
2 11802075 11806979 scaffold_6 98654296 98779819 color=lorange
2 11830560 11832052 scaffold_6 98654296 98779819 color=lorange
2 11889115 11893928 scaffold_6 98851095 98912449 color=lorange
2 11897602 11910511 scaffold_6 98851095 98912449 color=lorange
2 11911668 11914091 scaffold_6 98913599 98914802 color=lorange
2 11965032 11979359 scaffold_6 99113869 99162409 color=lorange
2 12095065 12095457 scaffold_6 99441432 99608880 color=lorange
2 12140073 12142962 scaffold_6 99441432 99608880 color=lorange
2 12149188 12151795 scaffold_6 99614565 99634605 color=lorange
2 12232794 12243786 scaffold_6 99816041 99854356 color=lorange
2 12262290 12265569 scaffold_6 99903850 99908024 color=lorange
2 12272920 12276283 scaffold_6 99914675 99942580 color=lorange
2 12290460 12301917 scaffold_6 99956817 100037220 color=lorange
2 12321847 12326013 scaffold_6 100068899 100076388 color=lorange
2 12327746 12338256 scaffold_6 100085315 100118429 color=lorange
2 12645630 12651028 scaffold_162 23814 40857 color=lorange
2 12645630 12651028 scaffold_39 48929 64392 color=lorange
2 12705277 12724050 scaffold_64 1206320 1306848 color=lorange
2 12726984 12733309 scaffold_64 1206320 1306848 color=lorange
2 12736633 12743510 scaffold_64 1310452 1328119 color=lorange
2 13040838 13056146 scaffold_29 615453 926333 color=lorange
2 13102631 13104341 scaffold_29 615453 926333 color=lorange
2 13127177 13134193 scaffold_29 953533 990010 color=lorange
2 13287742 13302433 scaffold_29 1375255 1498138 color=lorange
2 13356491 13360309 scaffold_29 1573263 1576402 color=lorange
2 13361174 13368002 scaffold_29 1577029 1579472 color=lorange
2 13361174 13368002 scaffold_29 1581273 1583465 color=lorange
2 13440819 13445262 scaffold_29 1827530 1837527 color=lorange
2 13483306 13484602 scaffold_29 1923453 1924760 color=lorange
2 13488847 13490543 scaffold_29 1928976 1938152 color=lorange
2 13497671 13506017 scaffold_29 1948657 1975995 color=lorange
2 13557879 13560226 scaffold_29 2125135 2128057 color=lorange
2 13560836 13564228 scaffold_29 2128689 2133763 color=lorange
2 13565070 13572044 scaffold_29 2135605 2158617 color=lorange
2 13576878 13582304 scaffold_29 2171267 2195665 color=lorange
2 13606049 13608328 scaffold_29 2289454 2324043 color=lorange
2 13627071 13632919 scaffold_29 2393431 2402300 color=lorange
2 13634405 13636547 scaffold_29 2402647 2405116 color=lorange
2 13655371 13659794 scaffold_29 2443958 2456773 color=lorange
2 13675185 13692900 scaffold_29 2531759 2587957 color=lorange
2 13701089 13704192 scaffold_29 2490969 2497285 color=lorange
2 13725208 13731138 scaffold_39 784303 800827 color=lorange
2 13732169 13735513 scaffold_39 774328 783763 color=lorange
2 13752303 13772125 scaffold_39 705039 773903 color=lorange
2 13779080 13780299 scaffold_39 686837 690323 color=lorange
2 13794854 13804169 scaffold_39 532443 658588 color=lorange
2 13822840 13830565 scaffold_39 532443 658588 color=lorange
2 13833756 13834956 scaffold_39 517304 530909 color=lorange
2 13833801 13834956 scaffold_39 517304 530909 color=lorange
2 13836993 13839072 scaffold_39 513594 515117 color=lorange
2 13839704 13844755 scaffold_39 497707 512337 color=lorange
2 13845276 13846451 scaffold_39 492672 495066 color=lorange
2 13863836 13867261 scaffold_39 449764 455624 color=lorange
2 13871831 13900863 scaffold_39 344453 438875 color=lorange
2 13983313 13996214 scaffold_39 72616 200997 color=lorange
2 13983313 13996214 scaffold_162 48429 169384 color=lorange
2 14024891 14030951 scaffold_64 973657 990750 color=lorange
2 14039649 14047373 scaffold_28 3582044 3615789 color=lorange
2 14039649 14047373 scaffold_28 4469664 4502945 color=lorange
2 14039649 14047373 scaffold_731 6968 9568 color=lorange
2 14380618 14383716 scaffold_29 4777203 4786848 color=lorange
2 14394975 14395430 scaffold_29 4752396 4752824 color=lorange
2 14578836 14585315 scaffold_29 4158941 4197931 color=lorange
2 14686444 14687832 scaffold_29 3862552 3864042 color=lorange
2 14686444 14687832 scaffold_29 3869996 3871159 color=lorange
2 14686444 14687832 scaffold_29 3868562 3869704 color=lorange
2 14699826 14716450 scaffold_29 3545831 3836907 color=lorange
2 14800295 14808983 scaffold_29 3446789 3489577 color=lorange
2 14811613 14812489 scaffold_29 3434897 3435710 color=lorange
2 14893822 14899671 scaffold_6 12871068 12872821 color=lorange
2 14980050 14980751 scaffold_6 12698696 12699388 color=lorange
2 14980050 14980751 scaffold_17 7667682 7668788 color=lorange
2 15100585 15103682 scaffold_6 12011654 12039821 color=lorange
2 15109127 15113120 scaffold_17 7667682 7668788 color=lorange
2 15221611 15221874 scaffold_6 12011654 12039821 color=lorange
2 15221611 15221874 scaffold_17 7667682 7668788 color=lorange
2 15234458 15235482 scaffold_6 12011654 12039821 color=lorange
2 15286733 15293708 scaffold_6 11883762 11899957 color=lorange
2 15301154 15301742 scaffold_6 11865686 11866275 color=lorange
2 15323354 15332309 scaffold_6 11766377 11850231 color=lorange
2 15333972 15345241 scaffold_6 11737161 11763428 color=lorange
2 15349690 15351111 scaffold_6 11733774 11734980 color=lorange
2 15351278 15354218 scaffold_6 11728040 11733604 color=lorange
2 15611118 15611696 scaffold_6 10395605 10851739 color=lorange
2 15637068 15644748 scaffold_6 10395605 10851739 color=lorange
2 15659842 15672082 scaffold_6 10395605 10851739 color=lorange
2 15708198 15710818 scaffold_6 10395605 10851739 color=lorange
2 15774280 15777662 scaffold_6 10384501 10393203 color=lorange
2 15802432 15808509 scaffold_6 10328026 10338689 color=lorange
2 15829952 15833391 scaffold_6 10157748 10251977 color=lorange
2 15829952 15833391 scaffold_6 9739651 9740409 color=lorange
2 15829952 15833391 scaffold_6 9963453 9969621 color=lorange
2 15888732 15891396 scaffold_6 32489738 32492499 color=lorange
2 15898372 15905835 scaffold_6 32507065 32524083 color=lorange
2 15923297 15927238 scaffold_6 32578032 32582918 color=lorange
2 15930630 15933009 scaffold_6 32586204 32590266 color=lorange
2 15959696 15960677 scaffold_6 32681157 32682565 color=lorange
2 16142095 16185270 scaffold_6 33327326 33484520 color=lorange
2 16212603 16221795 scaffold_6 33563901 33589106 color=lorange
2 16231236 16233826 scaffold_6 33624321 33627093 color=lorange
2 16243639 16246987 scaffold_6 33653795 33669663 color=lorange
2 17026586 17029835 scaffold_6 36495167 36508241 color=lorange
2 17032371 17039303 scaffold_6 36519364 36531662 color=lorange
2 17121577 17127005 scaffold_6 36853143 36885718 color=lorange
2 17216187 17231643 scaffold_6 37214631 37268245 color=lorange
2 17232961 17234710 scaffold_6 37291762 37294373 color=lorange
2 17237647 17239806 scaffold_6 37313806 37317569 color=lorange
2 17271433 17283422 scaffold_6 37427945 37459624 color=lorange
2 17342310 17348854 scaffold_6 37802049 37822384 color=lorange
2 17385133 17386931 scaffold_6 5831366 5832027 color=lorange
2 17468438 17469451 scaffold_6 5623508 5641251 color=lorange
2 17470237 17499121 scaffold_6 5561444 5610073 color=lorange
2 17520622 17521110 scaffold_6 23244676 23245164 color=lorange
2 17520622 17521110 scaffold_6 17117177 17117665 color=lorange
2 17546344 17548793 scaffold_6 5121737 5124493 color=lorange
2 17565898 17568836 scaffold_6 5157836 5163657 color=lorange
2 17569640 17574842 scaffold_6 5164243 5175559 color=lorange
2 17587370 17605985 scaffold_6 5206250 5245687 color=lorange
2 17620042 17636283 scaffold_6 5258700 5305981 color=lorange
2 17660377 17669176 scaffold_6 5351262 5375405 color=lorange
2 17671864 17677274 scaffold_6 5382840 5387984 color=lorange
2 17683758 17687737 scaffold_6 5405814 5409811 color=lorange
2 17701670 17713776 scaffold_6 5443462 5493846 color=lorange
2 17768965 17771657 scaffold_6 23122025 23123760 color=lorange
2 17768965 17771657 scaffold_6 17241131 17242862 color=lorange
2 17772210 17776382 scaffold_6 23108750 23121749 color=lorange
2 17772210 17776382 scaffold_6 17243138 17258782 color=lorange
2 17952664 17955211 scaffold_6 17757287 17761781 color=lorange
2 17952664 17955211 scaffold_6 22624165 22635111 color=lorange
2 18213566 18215642 scaffold_6 18467292 18468988 color=lorange
2 18272517 18275185 scaffold_6 18603658 18607485 color=lorange
2 18272517 18275185 scaffold_6 21718857 21723322 color=lorange
2 18466690 18470516 scaffold_6 18695241 19058476 color=lorange
2 18466690 18470516 scaffold_6 21159109 21422118 color=lorange
2 18478877 18488590 scaffold_6 18695241 19058476 color=lorange
2 18478877 18488590 scaffold_6 21159109 21422118 color=lorange
2 18548922 18557297 scaffold_6 19153717 19204787 color=lorange
2 18548922 18557297 scaffold_6 21159109 21422118 color=lorange
2 18565704 18576872 scaffold_6 21026066 21138203 color=lorange
2 18565704 18576872 scaffold_6 19220223 19345921 color=lorange
2 18594451 18597590 scaffold_6 21026066 21138203 color=lorange
2 18594451 18597590 scaffold_6 19220223 19345921 color=lorange
2 18598832 18599374 scaffold_6 21052631 21053173 color=lorange
2 18598832 18599374 scaffold_6 19316582 19317124 color=lorange
2 18614335 18624521 scaffold_6 21026066 21138203 color=lorange
2 18614335 18624521 scaffold_6 19220223 19345921 color=lorange
2 18699774 18701393 scaffold_6 20587312 20842271 color=lorange
2 18699774 18701393 scaffold_6 19542742 19821576 color=lorange
2 18713234 18722739 scaffold_6 20587312 20842271 color=lorange
2 18713234 18722739 scaffold_6 19542742 19821576 color=lorange
2 18796638 18796907 scaffold_6 20587312 20842271 color=lorange
2 18796638 18796907 scaffold_6 19542742 19821576 color=lorange
2 18874729 18889341 scaffold_6 9050632 9063345 color=lorange
2 18918652 18925573 scaffold_6 9133582 9172382 color=lorange
2 18937385 18939313 scaffold_6 9196542 9197880 color=lorange
2 18942097 18949078 scaffold_6 9200675 9210129 color=lorange
2 18972241 18974992 scaffold_6 9258327 9260232 color=lorange
2 19030014 19033030 scaffold_6 9438472 9460179 color=lorange
2 19146472 19147087 scaffold_6 10157748 10251977 color=lorange
2 19161475 19162233 scaffold_6 9739651 9740409 color=lorange
2 19161475 19162233 scaffold_6 10157748 10251977 color=lorange
2 19255309 19258713 scaffold_6 9963453 9969621 color=lorange
2 19255309 19258713 scaffold_6 9739651 9740409 color=lorange
2 19351387 19351875 scaffold_50 1887188 1889441 color=lorange
2 19378761 19382934 scaffold_50 1994727 2063389 color=lorange
2 19393520 19394263 scaffold_50 1994727 2063389 color=lorange
2 19881423 19895897 scaffold_56 60168 153886 color=lorange
2 19907475 19907828 scaffold_56 60168 153886 color=lorange
2 19910857 19915370 scaffold_56 60168 153886 color=lorange
2 20299958 20305210 scaffold_56 1132906 1133298 color=lorange
2 20331224 20334261 scaffold_56 1206218 1211131 color=lorange
2 20342470 20350197 scaffold_56 1241342 1267543 color=lorange
2 20367463 20376942 scaffold_56 1339717 1749648 color=lorange
2 20855620 20856155 scaffold_6 991249 1045092 color=lorange
2 20883745 20886102 scaffold_6 1073181 1087219 color=lorange
2 20887025 20898958 scaffold_6 1088188 1113561 color=lorange
2 20901545 20903677 scaffold_6 1121426 1123559 color=lorange
2 20911670 20912628 scaffold_6 1209188 1210147 color=lorange
2 20961316 20962811 scaffold_6 20278249 20284168 color=lorange
2 20961316 20962811 scaffold_6 20086989 20090671 color=lorange
2 20963754 20964894 scaffold_6 20274998 20287323 color=lorange
2 20963754 20964894 scaffold_6 20084315 20093797 color=lorange
2 21019343 21022460 scaffold_6 16178934 16186450 color=lorange
2 21019343 21022460 scaffold_111 345901 351865 color=lorange
2 21026525 21028404 scaffold_111 325998 329989 color=lorange
2 21026525 21028404 scaffold_6 16160942 16165603 color=lorange
2 21029226 21030671 scaffold_111 319273 325326 color=lorange
2 21029226 21030671 scaffold_6 16155015 16160280 color=lorange
2 21050626 21063696 scaffold_111 209192 228446 color=lorange
2 21050626 21063696 scaffold_6 16062355 16077729 color=lorange
2 21065489 21069762 scaffold_111 199480 204725 color=lorange
2 21065489 21069762 scaffold_6 16050826 16060191 color=lorange
2 21137431 21141494 scaffold_6 15940486 15950511 color=lorange
2 21137431 21141494 scaffold_111 85150 98134 color=lorange
2 21216274 21216564 scaffold_29 2706136 2782381 color=lorange
2 21356264 21357152 scaffold_29 3338263 3339445 color=lorange
2 21362913 21370352 scaffold_50 2198003 2244698 color=lorange
2 21437831 21448800 scaffold_50 2118957 2141952 color=lorange
2 21451575 21452510 scaffold_50 2118957 2141952 color=lorange
2 21471151 21472856 scaffold_111 385749 388589 color=lorange
2 21471151 21472856 scaffold_6 16224484 16228586 color=lorange
2 21471163 21472856 scaffold_111 385749 388589 color=lorange
2 21471163 21472856 scaffold_6 16224484 16228586 color=lorange
2 21551367 21556616 scaffold_6 16507039 16521264 color=lorange
2 21716270 21731010 scaffold_6 65413452 65462324 color=lorange
2 21835343 21874861 scaffold_6 5732200 5744154 color=lorange
2 21835343 21874861 scaffold_6 5730793 5731794 color=lorange
2 21880217 21916752 scaffold_6 5732200 5744154 color=lorange
2 21933610 21968410 scaffold_6 5732200 5744154 color=lorange
2 21975194 22004481 scaffold_6 66436364 66438649 color=lorange
2 22219278 22230347 scaffold_6 66851949 67228787 color=lorange
2 22430334 22435413 scaffold_6 60727320 60747938 color=lorange
2 22430334 22435413 scaffold_6 58753356 58787295 color=lorange
2 28561275 28572209 scaffold_6 3894246 3915608 color=lorange
2 28925591 28932703 scaffold_6 2941091 2955468 color=lorange
2 28956043 28962334 scaffold_6 2896318 2905154 color=lorange
2 28964689 28965941 scaffold_6 2881274 2895495 color=lorange
2 28975684 28979448 scaffold_6 2881274 2895495 color=lorange
2 29031876 29040081 scaffold_6 2710871 2775802 color=lorange
2 29031876 29040081 scaffold_6 2710871 2775802 color=lorange
2 29049071 29050986 scaffold_6 2740591 2756975 color=lorange
2 29054704 29064312 scaffold_6 2710871 2775802 color=lorange
2 29065135 29075675 scaffold_6 2683203 2709876 color=lorange
2 29091227 29106037 scaffold_6 2620275 2653960 color=lorange
2 29147776 29166142 scaffold_6 87930980 87986469 color=lorange
2 29182682 29190947 scaffold_6 87991221 88024602 color=lorange
2 29199727 29210587 scaffold_6 88038062 88055947 color=lorange
2 29213245 29216902 scaffold_6 88061772 88069455 color=lorange
2 29674250 29676013 scaffold_6 89203609 89205369 color=lorange
2 29724571 29743257 scaffold_6 89215363 89355460 color=lorange
2 29748225 29772337 scaffold_6 89361419 89468464 color=lorange
2 29854837 29865513 scaffold_6 89572341 89588496 color=lorange
2 30041041 30051045 scaffold_6 90058174 90087333 color=lorange
2 30053095 30060144 scaffold_6 90089194 90096181 color=lorange
2 30061561 30069482 scaffold_6 90110731 90114817 color=lorange
2 30082001 30091729 scaffold_6 90134283 90158488 color=lorange
2 30755040 30766302 scaffold_6 91586572 91980074 color=lorange
2 31497509 31498295 scaffold_6 93169550 93465247 color=lorange
2 31607172 31632036 scaffold_6 93169550 93465247 color=lorange
2 31855553 31860345 scaffold_40 5174 8366 color=lorange
2 31855553 31860345 scaffold_40 1020360 1025100 color=lorange
2 31866506 31867614 scaffold_40 1262363 1700870 color=lorange
2 32031586 32044017 scaffold_40 1262363 1700870 color=lorange
2 32048746 32049537 scaffold_40 1262363 1700870 color=lorange
2 32067179 32078983 scaffold_40 1262363 1700870 color=lorange
2 32265400 32266271 scaffold_166 44223 68249 color=lorange
2 32265400 32266271 scaffold_40 2096792 2140032 color=lorange
2 32482394 32484892 scaffold_40 3107484 3243388 color=lorange
2 32482394 32484892 scaffold_40 2588372 2722304 color=lorange
2 33048870 33056298 scaffold_39 1972174 2218584 color=lorange
2 33193235 33199915 scaffold_39 1703904 1725962 color=lorange
2 33225568 33226314 scaffold_39 1647962 1648711 color=lorange
2 33233403 33239680 scaffold_39 1611927 1641081 color=lorange
2 33243155 33248831 scaffold_39 1611927 1641081 color=lorange
2 33260309 33267002 scaffold_40 956080 967077 color=lorange
2 33260309 33267002 scaffold_40 74845 86286 color=lorange
2 33268747 33269196 scaffold_40 953807 954766 color=lorange
2 33268747 33269196 scaffold_40 88458 89415 color=lorange
2 33269673 33270758 scaffold_40 950656 953165 color=lorange
2 33269673 33270758 scaffold_40 90063 92551 color=lorange
2 33273968 33277065 scaffold_40 192622 202509 color=lorange
2 33273968 33277065 scaffold_40 796463 805000 color=lorange
2 33308273 33317219 scaffold_40 620231 739384 color=lorange
2 33308273 33317219 scaffold_40 280806 415684 color=lorange
2 33330216 33338452 scaffold_40 620231 739384 color=lorange
2 33330216 33338452 scaffold_40 280806 415684 color=lorange
2 34116516 34143410 scaffold_6 97498405 97554134 color=lorange
2 34149622 34157376 scaffold_6 97561892 97576423 color=lorange
2 34187317 34198844 scaffold_6 97621252 97641461 color=lorange
2 34226323 34235132 scaffold_6 97684042 97712847 color=lorange
2 34237965 34245900 scaffold_6 97713599 97731692 color=lorange
2 34260592 34269468 scaffold_6 97796637 97817457 color=lorange
2 34276632 34280570 scaffold_77 516478 532574 color=lorange
2 34276632 34280570 scaffold_4 21112596 21115458 color=lorange
2 34284695 34285465 scaffold_77 541452 653245 color=lorange
2 34303196 34305351 scaffold_77 541452 653245 color=lorange
2 34312024 34322569 scaffold_77 671150 710679 color=lorange
2 34383750 34418097 scaffold_77 900261 1136530 color=lorange
2 34441873 34452863 scaffold_77 900261 1136530 color=lorange
2 34793219 34796957 scaffold_6 83494915 83507909 color=lorange
2 34828195 34838655 scaffold_6 83571736 83588498 color=lorange
2 34844240 34847599 scaffold_6 83596559 83604886 color=lorange
2 34844240 34847668 scaffold_6 83596559 83604886 color=lorange
2 34922566 34923827 scaffold_6 83810596 83901616 color=lorange
2 34939263 34967226 scaffold_6 83810596 83901616 color=lorange
2 34971178 34972098 scaffold_6 83978424 83979341 color=lorange
2 34982782 34988587 scaffold_6 83944325 83952556 color=lorange
2 34988903 34998454 scaffold_6 83914604 83943787 color=lorange
2 35050738 35055877 scaffold_6 84183414 84192623 color=lorange
2 35058349 35061881 scaffold_6 84196945 84202935 color=lorange
2 35343864 35396296 scaffold_6 84809372 84957549 color=lorange
2 35730396 35731067 scaffold_6 85717861 85762337 color=lorange
2 35783591 35788269 scaffold_6 85875129 85882543 color=lorange
2 35791920 35796826 scaffold_6 85886052 85888111 color=lorange
2 36026666 36026866 scaffold_6 78137775 78458975 color=lorange
2 36146717 36154464 scaffold_6 78137775 78458975 color=lorange
2 36159133 36170140 scaffold_6 78137775 78458975 color=lorange
2 36188744 36189460 scaffold_6 78101233 78101949 color=lorange
2 36218640 36234367 scaffold_6 77987396 78092786 color=lorange
2 36254073 36257384 scaffold_6 77906189 77909531 color=lorange
2 36299011 36306855 scaffold_6 77712170 77842332 color=lorange
2 36362916 36369351 scaffold_6 77540716 77574668 color=lorange
2 36379686 36399658 scaffold_6 77440835 77507123 color=lorange
2 36393255 36399658 scaffold_6 77440835 77507123 color=lorange
2 36428408 36432148 scaffold_6 77338667 77356936 color=lorange
2 36497499 36499865 scaffold_6 76853958 77170633 color=lorange
2 36516866 36522271 scaffold_6 76853958 77170633 color=lorange
2 36805878 36817397 scaffold_6 75934539 75966313 color=lorange
2 36844332 36855002 scaffold_6 75836169 75875037 color=lorange
2 36851468 36855002 scaffold_6 75836169 75875037 color=lorange
2 36985889 36986650 scaffold_6 75385949 75386710 color=lorange
2 37023108 37036512 scaffold_6 75303012 75326372 color=lorange
2 37071117 37071952 scaffold_6 75192082 75196709 color=lorange
2 37107316 37132453 scaffold_6 75060889 75104847 color=lorange
2 37138911 37156475 scaffold_6 74983651 75038627 color=lorange
2 37193473 37221835 scaffold_6 74794474 74897744 color=lorange
2 37226430 37228028 scaffold_6 74773536 74783775 color=lorange
2 37238696 37240472 scaffold_6 74669521 74734931 color=lorange
2 37450777 37473393 scaffold_6 74374854 74387733 color=lorange
2 37554066 37583573 scaffold_6 74062596 74312313 color=lorange
2 37594106 37602936 scaffold_6 74017133 74044813 color=lorange
2 37639905 37640285 scaffold_6 73838159 73838539 color=lorange
2 37747653 37758234 scaffold_6 73335822 73441281 color=lorange
2 37752840 37758234 scaffold_6 73335822 73441281 color=lorange
2 37783096 37787173 scaffold_6 73335822 73441281 color=lorange
2 38563714 38564406 scaffold_6 71110495 71115174 color=lorange
2 38577743 38596159 scaffold_6 70959969 71046562 color=lorange
2 38671021 38671290 scaffold_6 70584644 70703017 color=lorange
2 38695186 38708912 scaffold_6 70584644 70703017 color=lorange
2 39148730 39153139 scaffold_122 44490 58326 color=lorange
2 39208964 39217970 scaffold_122 293499 320136 color=lorange
2 39251604 39269034 scaffold_6 13902044 14061675 color=lorange
2 39296920 39299899 scaffold_6 13898719 13901482 color=lorange
2 39301627 39304816 scaffold_6 13881849 13890017 color=lorange
2 39317378 39330629 scaffold_6 13801756 13803468 color=lorange
2 39333340 39334940 scaffold_6 13792205 13797411 color=lorange
2 39343098 39347545 scaffold_6 13761575 13780063 color=lorange
2 39364297 39368789 scaffold_6 13722098 13731280 color=lorange
2 39364297 39368969 scaffold_6 13722098 13731280 color=lorange
2 39378027 39390860 scaffold_6 13631760 13686568 color=lorange
2 39417846 39424049 scaffold_6 13556413 13570191 color=lorange
2 39438763 39444841 scaffold_6 4512330 4532432 color=lorange
2 39552593 39562219 scaffold_6 4782048 4801061 color=lorange
2 39567464 39575091 scaffold_6 4809010 4817723 color=lorange
2 39593302 39600129 scaffold_6 4871341 4881989 color=lorange
2 39600764 39601208 scaffold_6 4882667 4883109 color=lorange
2 39612378 39617995 scaffold_6 4907894 4925343 color=lorange
2 39621400 39625664 scaffold_6 4927720 4936303 color=lorange
2 39621406 39625664 scaffold_6 4927720 4936303 color=lorange
2 39626733 39632989 scaffold_6 4939018 4970238 color=lorange
2 39649751 39660256 scaffold_6 5040723 5075489 color=lorange
2 39673464 39674941 scaffold_6 5106358 5107753 color=lorange
2 39675537 39680279 scaffold_6 5109584 5114132 color=lorange
2 39685108 39688223 scaffold_6 5872854 5947425 color=lorange
2 39691605 39699407 scaffold_6 5872854 5947425 color=lorange
2 39719750 39721360 scaffold_6 5872854 5947425 color=lorange
2 39924074 39931399 scaffold_6 6565169 6620804 color=lorange
2 40098857 40101032 scaffold_6 6960903 6964240 color=lorange
2 40176384 40179808 scaffold_6 7174795 7194151 color=lorange
2 40239533 40240663 scaffold_6 7368731 7369861 color=lorange
2 40246334 40247449 scaffold_6 7383633 7389700 color=lorange
2 40256806 40257786 scaffold_6 7415749 7416663 color=lorange
2 40258247 40274388 scaffold_6 7420181 7489107 color=lorange
2 40279225 40297843 scaffold_6 7500310 7573309 color=lorange
2 40329912 40334964 scaffold_6 7663514 7676252 color=lorange
2 40375409 40386266 scaffold_6 7824496 7835826 color=lorange
2 40431981 40433119 scaffold_6 7975089 7980038 color=lorange
2 40503618 40519038 scaffold_6 8201156 8314224 color=lorange
2 40541476 40544931 scaffold_6 8401165 8421159 color=lorange
2 40549657 40558272 scaffold_6 8434259 8451694 color=lorange
2 40563668 40569477 scaffold_6 8472596 8503440 color=lorange
2 40575345 40578149 scaffold_6 8516616 8521877 color=lorange
2 40616824 40620889 scaffold_6 8608583 8634649 color=lorange
2 40705771 40711769 scaffold_6 8850939 9019230 color=lorange
2 40726378 40734475 scaffold_6 8850939 9019230 color=lorange
2 40738200 40743737 scaffold_6 9027064 9041646 color=lorange
2 40749405 40752452 scaffold_40 743155 759719 color=lorange
2 40749405 40752452 scaffold_40 250893 276452 color=lorange
2 40754299 40764599 scaffold_40 765224 788929 color=lorange
2 40754299 40764599 scaffold_40 211622 241739 color=lorange
2 40767546 40770080 scaffold_98 354152 354415 color=lorange
2 40773883 40776375 scaffold_6 101051893 101054659 color=lorange
2 40777416 40777853 scaffold_6 101055306 101055743 color=lorange
2 40934549 40938992 scaffold_40 609392 612515 color=lorange
2 40934549 40938992 scaffold_40 423012 425770 color=lorange
2 41213625 41214436 scaffold_28 505865 506686 color=lorange
2 41213625 41214436 scaffold_28 1168394 1169215 color=lorange
2 41214925 41216376 scaffold_28 1154236 1159827 color=lorange
2 41214925 41216376 scaffold_28 511633 512920 color=lorange
2 41221028 41230216 scaffold_28 1125293 1151526 color=lorange
2 41221028 41230216 scaffold_28 515625 540346 color=lorange
2 41231339 41240288 scaffold_28 541784 571779 color=lorange
2 41231339 41240288 scaffold_28 1093604 1124562 color=lorange
2 41260882 41263318 scaffold_28 1088559 1089997 color=lorange
2 41260882 41263318 scaffold_28 575311 576753 color=lorange
2 41266651 41275351 scaffold_28 2868028 2890888 color=lorange
2 41276270 41278316 scaffold_28 3317352 3320943 color=lorange
2 41276270 41278316 scaffold_28 2891706 2897965 color=lorange
2 41276270 41278316 scaffold_28 2443360 2445481 color=lorange
2 41281030 41287665 scaffold_28 3322340 3344704 color=lorange
2 41281030 41287665 scaffold_28 2899250 2938178 color=lorange
2 41281030 41287665 scaffold_28 2446742 2475218 color=lorange
2 41293651 41298839 scaffold_28 2494499 2524300 color=lorange
2 41330166 41336078 scaffold_28 3469579 3484544 color=lorange
2 41330166 41336078 scaffold_28 3064591 3082402 color=lorange
2 41336364 41338297 scaffold_28 3083701 3085386 color=lorange
2 41336364 41338297 scaffold_28 3485982 3487668 color=lorange
2 41339698 41340466 scaffold_28 3488323 3489360 color=lorange
2 41339698 41340466 scaffold_28 3086117 3087119 color=lorange
2 41343163 41345010 scaffold_28 3498739 3503311 color=lorange
2 41363049 41369361 scaffold_28 479464 500577 color=lorange
2 41363049 41369361 scaffold_28 1173227 1193322 color=lorange
2 41393559 41408549 scaffold_28 1218659 1316759 color=lorange
2 41393559 41408549 scaffold_28 349807 458306 color=lorange
2 41440827 41446934 scaffold_28 28341 145048 color=lorange
2 41440827 41446934 scaffold_28 1536430 1719610 color=lorange
2 41477355 41479094 scaffold_28 1536430 1719610 color=lorange
2 41508914 41509370 scaffold_28 2168355 2232565 color=lorange
2 41509652 41514329 scaffold_28 2179103 2187598 color=lorange
2 41568553 41571035 scaffold_28 1978414 1995102 color=lorange
2 41589363 41597638 scaffold_28 1869875 1893546 color=lorange
2 41616194 41629734 scaffold_28 1735245 1746532 color=lorange
2 41636824 41639594 scaffold_28 2404876 2408696 color=lorange
2 41636824 41639594 scaffold_28 2853547 2857917 color=lorange
2 41642657 41643214 scaffold_28 2860480 2861144 color=lorange
2 41642657 41643214 scaffold_28 2411267 2411931 color=lorange
2 41642657 41643214 scaffold_28 3283463 3284086 color=lorange
2 41705446 41709500 scaffold_28 974422 990616 color=lorange
2 41705446 41709500 scaffold_28 583571 599305 color=lorange
2 41714642 41715928 scaffold_28 607727 649411 color=lorange
2 41714642 41715928 scaffold_28 1001837 1046133 color=lorange
2 41722753 41739664 scaffold_28 607727 649411 color=lorange
2 41722753 41739664 scaffold_28 1001837 1046133 color=lorange
2 41746167 41751985 scaffold_28 863759 878940 color=lorange
2 41746167 41751985 scaffold_28 762087 775813 color=lorange
2 41755549 41765238 scaffold_6 64426057 64531796 color=lorange
2 41755549 41765238 scaffold_6 63020486 63160125 color=lorange
2 41953618 41955465 scaffold_6 63781743 63783590 color=lorange
2 41953618 41955465 scaffold_6 62366197 62368044 color=lorange
2 41959204 41970301 scaffold_6 62004221 62036688 color=lorange
2 41959204 41970301 scaffold_6 63339491 63376963 color=lorange
2 42003341 42059260 scaffold_6 61682411 61812497 color=lorange
2 42085403 42089769 scaffold_6 59145980 59597293 color=lorange
2 42085403 42089769 scaffold_6 61105077 61542385 color=lorange
2 42302895 42314942 scaffold_6 61105077 61542385 color=lorange
2 42302895 42314942 scaffold_6 59145980 59597293 color=lorange
2 42448438 42452735 scaffold_6 60727320 60747938 color=lorange
2 42448438 42452735 scaffold_6 58753356 58787295 color=lorange
2 42540843 42541776 scaffold_6 14187523 14193201 color=lorange
2 42556680 42565115 scaffold_6 14208947 14220984 color=lorange
2 42676989 42683587 scaffold_6 14269834 14667473 color=lorange
2 42786256 42789754 scaffold_6 14678727 14686195 color=lorange
2 42792274 42801541 scaffold_6 14953285 14979592 color=lorange
2 42823450 42832337 scaffold_6 14981886 15062321 color=lorange
2 42835317 42840878 scaffold_6 15066290 15073916 color=lorange
2 42844632 42858131 scaffold_6 15093304 15114253 color=lorange
2 42859742 42863109 scaffold_6 15120099 15129598 color=lorange
2 42875366 42877156 scaffold_6 15158129 15159919 color=lorange
2 42892169 42894283 scaffold_6 15204239 15206791 color=lorange
2 42896626 42898879 scaffold_6 15210040 15222714 color=lorange
2 42959699 42970192 scaffold_6 3954763 3980613 color=lorange
2 42972527 42986489 scaffold_6 3982984 4040263 color=lorange
2 42987458 42990152 scaffold_6 4044112 4045726 color=lorange
2 43030863 43049408 scaffold_6 97446583 97488600 color=lorange
2 43061362 43066895 scaffold_6 97424830 97439273 color=lorange
2 43107102 43108181 scaffold_6 97321661 97322740 color=lorange
2 43169804 43187129 scaffold_6 97084215 97116330 color=lorange
2 43206472 43208749 scaffold_6 97035819 97078262 color=lorange
2 43219618 43236269 scaffold_6 97035819 97078262 color=lorange
2 43234373 43236269 scaffold_6 97035819 97078262 color=lorange
2 43278491 43281921 scaffold_6 96904859 96946062 color=lorange
2 43294578 43294970 scaffold_6 96904859 96946062 color=lorange
2 43447601 43449358 scaffold_6 96466374 96466679 color=lorange
2 43482741 43498302 scaffold_6 96351791 96378437 color=lorange
2 43482741 43498302 scaffold_6 96266231 96332408 color=lorange
2 43505906 43516653 scaffold_6 96266231 96332408 color=lorange
2 43649251 43650738 scaffold_6 95779630 95782401 color=lorange
2 43797089 43808874 scaffold_6 95292691 95374416 color=lorange
2 44370108 44374216 scaffold_6 93614755 93633132 color=lorange
2 44374959 44375882 scaffold_6 93613179 93614200 color=lorange
2 44382907 44392602 scaffold_6 93543319 93584250 color=lorange
2 44412288 44414954 scaffold_6 93531281 93535560 color=lorange
2 44433024 44435038 scaffold_6 93497254 93500805 color=lorange
2 44433024 44435041 scaffold_6 93497254 93500805 color=lorange
2 44438735 44443091 scaffold_6 93472473 93482467 color=lorange
3 149336 151540 scaffold_4 37476630 37558936 color=lorange
3 154309 156215 scaffold_4 37476630 37558936 color=lorange
3 159670 166323 scaffold_4 37437545 37470476 color=lorange
3 421864 423873 scaffold_66 398646 402129 color=lorange
3 421864 423873 scaffold_65 1001725 1005206 color=lorange
3 696010 707900 scaffold_65 267540 448080 color=lorange
3 696010 707900 scaffold_66 655364 1145716 color=lorange
3 753043 758169 scaffold_66 1308120 1328647 color=lorange
3 753043 758169 scaffold_65 71956 83650 color=lorange
3 768434 771161 scaffold_66 1342794 1356353 color=lorange
3 768434 771161 scaffold_65 44133 55250 color=lorange
3 780866 788656 scaffold_66 1375081 1409887 color=lorange
3 780866 788656 scaffold_65 18423 27935 color=lorange
3 825353 836065 scaffold_4 36767346 37013212 color=lorange
3 1033255 1035527 scaffold_4 36109603 36121623 color=lorange
3 1037047 1040900 scaffold_4 35854808 35866435 color=lorange
3 1050994 1053144 scaffold_4 35896166 35901982 color=lorange
3 1053897 1055222 scaffold_4 35904111 35906654 color=lorange
3 1058051 1058563 scaffold_4 35909828 35910343 color=lorange
3 1059295 1060129 scaffold_4 35913409 35914481 color=lorange
3 1061418 1066865 scaffold_4 35916530 35942263 color=lorange
3 1068126 1072404 scaffold_4 35945080 35957193 color=lorange
3 1081724 1087183 scaffold_4 35961484 36000348 color=lorange
3 1112729 1115994 scaffold_4 36033829 36043168 color=lorange
3 1125467 1126954 scaffold_4 36073926 36076086 color=lorange
3 1130513 1134192 scaffold_4 36084968 36100139 color=lorange
3 1134452 1141870 scaffold_4 36084968 36100139 color=lorange
3 1150371 1154494 scaffold_4 35838523 35846574 color=lorange
3 1276092 1290992 scaffold_4 35373430 35424100 color=lorange
3 1325737 1328730 scaffold_4 35270850 35279620 color=lorange
3 1333096 1382529 scaffold_4 34814121 35263477 color=lorange
3 1431117 1439066 scaffold_4 34780188 34801746 color=lorange
3 1445421 1446094 scaffold_4 34728667 34741481 color=lorange
3 1507005 1516149 scaffold_4 34523050 34556067 color=lorange
3 1541872 1543256 scaffold_4 34433753 34438557 color=lorange
3 1564611 1567746 scaffold_4 34305385 34315710 color=lorange
3 1569183 1574138 scaffold_4 34283347 34303920 color=lorange
3 1577968 1583149 scaffold_4 34252109 34274826 color=lorange
3 1586109 1586739 scaffold_4 100811917 100812866 color=lorange
3 1590055 1592807 scaffold_4 100820900 100829147 color=lorange
3 1593806 1597135 scaffold_4 100830165 100845434 color=lorange
3 1631921 1636084 scaffold_4 100917585 100934325 color=lorange
3 1636471 1636941 scaffold_4 100934846 100944671 color=lorange
3 1639947 1641163 scaffold_4 100957486 100958520 color=lorange
3 1641916 1643987 scaffold_4 100959103 100966779 color=lorange
3 1650448 1652750 scaffold_4 100981579 100983583 color=lorange
3 1659645 1662558 scaffold_4 101005031 101015056 color=lorange
3 1681535 1691243 scaffold_4 101072172 101097690 color=lorange
3 1745075 1747696 scaffold_4 101272450 101278265 color=lorange
3 1764968 1770643 scaffold_4 101123250 101357197 color=lorange
3 1896208 1897496 scaffold_4 101902069 101909144 color=lorange
3 1908916 1919207 scaffold_4 101950286 101955005 color=lorange
3 1908916 1919207 scaffold_4 101937585 101949363 color=lorange
3 1922447 1922902 scaffold_4 101958364 101958819 color=lorange
3 1923621 1924197 scaffold_4 101959168 101959920 color=lorange
3 1933858 1936599 scaffold_4 101964224 102001364 color=lorange
3 1939454 1942667 scaffold_4 102014759 102025318 color=lorange
3 1943863 1945533 scaffold_4 102026071 102028372 color=lorange
3 1959597 1962974 scaffold_4 102064329 102073888 color=lorange
3 1966645 1967782 scaffold_4 102478644 102494836 color=lorange
3 1971508 1972549 scaffold_4 102471908 102473531 color=lorange
3 1975939 1983439 scaffold_4 102432828 102468883 color=lorange
3 2020488 2021092 scaffold_4 102310391 102311258 color=lorange
3 2042708 2045638 scaffold_4 102211494 102229023 color=lorange
3 2084576 2086511 scaffold_4 102093273 102102578 color=lorange
3 2088608 2089683 scaffold_4 102104976 102106961 color=lorange
3 2101408 2108287 scaffold_4 102125250 102143702 color=lorange
3 2112685 2113763 scaffold_4 102499774 102510677 color=lorange
3 2112685 2115277 scaffold_4 102499774 102510677 color=lorange
3 2301394 2314790 scaffold_4 103129946 103260225 color=lorange
3 2332768 2336917 scaffold_4 103332400 103373613 color=lorange
3 2353788 2357321 scaffold_4 103425767 103428923 color=lorange
3 2359262 2362760 scaffold_4 103430067 103449491 color=lorange
3 2369212 2374616 scaffold_4 103463359 103498530 color=lorange
3 2380122 2381957 scaffold_4 103518388 103573611 color=lorange
3 2398456 2404100 scaffold_4 103588913 103605651 color=lorange
3 2409095 2420209 scaffold_4 103647444 103656817 color=lorange
3 2443925 2450667 scaffold_4 103804007 103868943 color=lorange
3 2491037 2500000 scaffold_4 103965184 104047955 color=lorange
3 2512633 2514581 scaffold_4 104049002 104055565 color=lorange
3 2518057 2522894 scaffold_4 104060585 104072655 color=lorange
3 2544690 2547003 scaffold_4 104080689 104093453 color=lorange
3 2566027 2568262 scaffold_4 104096499 104312300 color=lorange
3 2595328 2599784 scaffold_4 104096499 104312300 color=lorange
3 2658625 2664392 scaffold_4 98711907 98728742 color=lorange
3 2709552 2712235 scaffold_4 98589220 98596504 color=lorange
3 2715449 2717647 scaffold_4 98567687 98573263 color=lorange
3 2718202 2721687 scaffold_4 98551576 98564916 color=lorange
3 2723179 2729296 scaffold_4 98514968 98546895 color=lorange
3 2730565 2740093 scaffold_4 98491316 98513657 color=lorange
3 2747499 2748062 scaffold_4 98477638 98478877 color=lorange
3 2750062 2759243 scaffold_4 98456898 98473064 color=lorange
3 2766731 2770677 scaffold_4 98382683 98446863 color=lorange
3 2845746 2846051 scaffold_4 98227747 98228313 color=lorange
3 2847190 2849241 scaffold_4 98223987 98225585 color=lorange
3 2856357 2856948 scaffold_4 98200371 98200952 color=lorange
3 2860122 2866368 scaffold_4 98177099 98196878 color=lorange
3 2914141 2928031 scaffold_4 98011152 98163592 color=lorange
3 2941180 2947041 scaffold_4 97981030 97994393 color=lorange
3 2948115 2955304 scaffold_4 97950090 97977732 color=lorange
3 2966263 2976955 scaffold_4 97915462 97924978 color=lorange
3 2977385 2977806 scaffold_4 97908026 97908472 color=lorange
3 3016762 3020011 scaffold_4 105095697 105136251 color=lorange
3 3406938 3407999 scaffold_30 591649 593601 color=lorange
3 3477525 3487188 scaffold_30 755581 835304 color=lorange
3 3503666 3504400 scaffold_30 869415 870149 color=lorange
3 3503666 3504400 scaffold_30 265371 266105 color=lorange
3 3503666 3504400 scaffold_8 28858465 28858935 color=lorange
3 3505250 3508368 scaffold_30 862767 900642 color=lorange
3 3505250 3508368 scaffold_30 259713 301339 color=lorange
3 3526320 3535841 scaffold_30 1186415 1204195 color=lorange
3 3540899 3543624 scaffold_30 1178501 1181214 color=lorange
3 3557773 3562978 scaffold_30 1124143 1137462 color=lorange
3 3613615 3631503 scaffold_30 331456 401648 color=lorange
3 3613615 3631503 scaffold_30 935556 1144574 color=lorange
3 3686667 3714674 scaffold_30 1369459 1374785 color=lorange
3 3743023 3751840 scaffold_30 1473473 1514843 color=lorange
3 3757983 3759500 scaffold_30 1537113 1538783 color=lorange
3 3760318 3762780 scaffold_30 1539542 1542050 color=lorange
3 3833131 3834082 scaffold_30 1795851 1915740 color=lorange
3 4262468 4264510 scaffold_30 3016999 3043304 color=lorange
3 4295564 4308628 scaffold_176 23902 56634 color=lorange
3 4295564 4308628 scaffold_30 3061570 3108389 color=lorange
3 4335857 4360458 scaffold_30 3155845 3230461 color=lorange
3 4335857 4360458 scaffold_176 116047 181428 color=lorange
3 4372443 4376193 scaffold_30 3254174 3264920 color=lorange
3 4396982 4404192 scaffold_30 3340399 3367419 color=lorange
3 4406256 4409184 scaffold_30 3625779 3631818 color=lorange
3 4406256 4409184 scaffold_30 3371598 3376642 color=lorange
3 4419854 4423993 scaffold_30 3643787 3651579 color=lorange
3 4419854 4423993 scaffold_30 3388863 3394443 color=lorange
3 4419854 4423993 scaffold_1 23309882 23337079 color=lorange
3 4424715 4427870 scaffold_30 3654081 3658878 color=lorange
3 4424715 4427870 scaffold_30 3396875 3408750 color=lorange
3 4468625 4469905 scaffold_30 3761142 3762334 color=lorange
3 4468625 4469905 scaffold_30 3504902 3506509 color=lorange
3 4471091 4509975 scaffold_30 3764631 3954645 color=lorange
3 4524064 4527353 scaffold_30 3981644 3993885 color=lorange
3 4524064 4527353 scaffold_30 4429774 4442447 color=lorange
3 5231672 5240058 scaffold_4 104550079 104569680 color=lorange
3 5316654 5321860 scaffold_4 104748171 104784941 color=lorange
3 5324976 5327904 scaffold_4 104806885 104813008 color=lorange
3 5332225 5337836 scaffold_4 104816806 104833322 color=lorange
3 5351488 5352967 scaffold_4 104866178 104868816 color=lorange
3 5353436 5369696 scaffold_4 104871246 104937921 color=lorange
3 5390402 5394061 scaffold_4 91405990 91416797 color=lorange
3 5743880 5746315 scaffold_4 92382922 92605847 color=lorange
3 5773297 5779505 scaffold_4 92382922 92605847 color=lorange
3 5786666 5791961 scaffold_4 92382922 92605847 color=lorange
3 5805023 5816953 scaffold_4 92382922 92605847 color=lorange
3 5824759 5830658 scaffold_4 92625963 92641614 color=lorange
3 5930839 5933058 scaffold_4 92908438 92910619 color=lorange
3 5933781 5934728 scaffold_4 92911908 92934959 color=lorange
3 5933781 5941583 scaffold_4 92911908 92934959 color=lorange
3 5991802 6012104 scaffold_4 93051529 93118083 color=lorange
3 6018766 6033330 scaffold_4 93124548 93247342 color=lorange
3 6196777 6213622 scaffold_4 93603632 93651434 color=lorange
3 6255475 6256314 scaffold_4 98732895 98733866 color=lorange
3 6257855 6259127 scaffold_4 98734587 98736112 color=lorange
3 6343259 6355653 scaffold_4 98949590 99193714 color=lorange
3 6432061 6432737 scaffold_4 98949590 99193714 color=lorange
3 6446651 6453956 scaffold_4 99237508 99251110 color=lorange
3 6454822 6456728 scaffold_4 99251790 99254511 color=lorange
3 6462302 6464571 scaffold_4 99263937 99271995 color=lorange
3 6543536 6556982 scaffold_4 99297678 99509917 color=lorange
3 6557012 6558136 scaffold_4 99517924 99519051 color=lorange
3 6636045 6654191 scaffold_4 99744446 99779304 color=lorange
3 6667496 6668972 scaffold_4 99807255 99810834 color=lorange
3 6974344 6977047 scaffold_4 100485142 100679112 color=lorange
3 7058912 7067099 scaffold_4 100696944 100710870 color=lorange
3 7080326 7085986 scaffold_4 100788933 100803286 color=lorange
3 7103768 7106986 scaffold_4 34228458 34233382 color=lorange
3 7148435 7160458 scaffold_4 34018194 34063934 color=lorange
3 7189440 7193960 scaffold_4 4199761 4214494 color=lorange
3 7207248 7211470 scaffold_4 4177664 4184678 color=lorange
3 7307508 7312015 scaffold_4 3957868 3963443 color=lorange
3 7340900 7341857 scaffold_4 3887034 3888401 color=lorange
3 7391289 7398575 scaffold_4 3799409 3813039 color=lorange
3 7416139 7417965 scaffold_4 3759205 3760819 color=lorange
3 7602407 7609790 scaffold_4 15872485 15893272 color=lorange
3 7610491 7611263 scaffold_4 15870201 15871813 color=lorange
3 7614731 7627564 scaffold_4 15828977 15863424 color=lorange
3 7632978 7634546 scaffold_4 15774068 15820085 color=lorange
3 7635264 7639776 scaffold_4 15774068 15820085 color=lorange
3 7643333 7645113 scaffold_4 15774068 15820085 color=lorange
3 7679714 7681561 scaffold_4 15486520 15767031 color=lorange
3 7780531 7801695 scaffold_4 15302678 15459206 color=lorange
3 7803442 7808864 scaffold_4 15302678 15459206 color=lorange
3 7823760 7827086 scaffold_4 15302678 15459206 color=lorange
3 7835872 7845552 scaffold_4 15302678 15459206 color=lorange
3 7847314 7855937 scaffold_4 15277793 15298264 color=lorange
3 7882312 7886387 scaffold_4 15179684 15188577 color=lorange
3 8195016 8239124 scaffold_4 14199203 14449847 color=lorange
3 8281718 8287340 scaffold_4 13685837 14080425 color=lorange
3 8313204 8313422 scaffold_4 13685837 14080425 color=lorange
3 8375881 8383683 scaffold_4 13685837 14080425 color=lorange
3 8465461 8483121 scaffold_4 13472748 13635934 color=lorange
3 8489385 8495275 scaffold_4 13433661 13449721 color=lorange
3 8498708 8499699 scaffold_4 13429191 13430090 color=lorange
3 8512140 8513009 scaffold_4 13406414 13407543 color=lorange
3 8558160 8567840 scaffold_4 13220299 13264460 color=lorange
3 8558160 8567840 scaffold_2 45429069 45438275 color=lorange
3 8596221 8610472 scaffold_4 13150414 13198859 color=lorange
3 8842912 8851654 scaffold_138 279093 300156 color=lorange
3 8855920 8857395 scaffold_138 305395 306686 color=lorange
3 8855920 8857395 scaffold_63 344398 345498 color=lorange
3 8861125 8863028 scaffold_138 310438 312535 color=lorange
3 8861125 8863028 scaffold_63 351285 354511 color=lorange
3 9049436 9066206 scaffold_63 738175 859183 color=lorange
3 9049436 9066206 scaffold_4 12361614 12402520 color=lorange
3 9424770 9429669 scaffold_4 17087452 17158091 color=lorange
3 9433290 9452961 scaffold_4 17087452 17158091 color=lorange
3 9623210 9623479 scaffold_4 17688490 17688801 color=lorange
3 9625959 9632219 scaffold_4 17697112 17710193 color=lorange
3 9646765 9674064 scaffold_4 17733580 17815030 color=lorange
3 9778959 9785133 scaffold_4 18115670 18125394 color=lorange
3 9787883 9788488 scaffold_4 18127852 18128448 color=lorange
3 9789686 9802421 scaffold_4 18139339 18173289 color=lorange
3 9805024 9819945 scaffold_4 18174896 18215877 color=lorange
3 9927528 9928359 scaffold_4 18535736 18569827 color=lorange
3 9939813 9941757 scaffold_4 18535736 18569827 color=lorange
3 9943106 9952559 scaffold_4 18575983 18601567 color=lorange
3 9955905 9964178 scaffold_4 18602710 18614519 color=lorange
3 9975854 9978611 scaffold_4 18633849 18636187 color=lorange
3 10001663 10004527 scaffold_4 18673854 18680716 color=lorange
3 10238767 10257218 scaffold_4 19306844 19380796 color=lorange
3 10365063 10367666 scaffold_4 19635895 19750284 color=lorange
3 10379614 10403977 scaffold_4 19635895 19750284 color=lorange
3 10439164 10458052 scaffold_4 19834095 19906349 color=lorange
3 10483562 10500812 scaffold_4 19951639 20003210 color=lorange
3 10505180 10511449 scaffold_4 20021180 20033795 color=lorange
3 10520315 10529350 scaffold_4 20050147 20072635 color=lorange
3 10530711 10533046 scaffold_4 20074091 20078273 color=lorange
3 10554863 10560377 scaffold_4 20119154 20131770 color=lorange
3 10561866 10563802 scaffold_4 20133138 20167687 color=lorange
3 10574388 10579238 scaffold_4 20133138 20167687 color=lorange
3 10588304 10588645 scaffold_4 20183536 20183877 color=lorange
3 10597377 10606431 scaffold_4 20207202 20217307 color=lorange
3 10705960 10710582 scaffold_4 20397148 20402652 color=lorange
3 10717746 10719304 scaffold_4 20416414 20417515 color=lorange
3 10720529 10725337 scaffold_4 20419158 20421998 color=lorange
3 10726066 10727720 scaffold_4 20424284 20427834 color=lorange
3 10740202 10742851 scaffold_4 20447116 20448572 color=lorange
3 10753375 10765960 scaffold_4 20469981 20503183 color=lorange
3 10816996 10823148 scaffold_4 20639990 20644424 color=lorange
3 10823205 10834027 scaffold_4 20644483 20661691 color=lorange
3 10856699 10859622 scaffold_4 20712319 20713666 color=lorange
3 10873785 10881467 scaffold_4 20715021 20741393 color=lorange
3 10885267 10889890 scaffold_4 20751673 20763074 color=lorange
3 10912547 10918260 scaffold_4 20804970 20822414 color=lorange
3 10944081 10949042 scaffold_4 20874475 20881378 color=lorange
3 10981352 11006384 scaffold_4 20923495 20973237 color=lorange
3 11033754 11045889 scaffold_4 21021662 21042691 color=lorange
3 11048578 11060743 scaffold_4 21048972 21070544 color=lorange
3 11081376 11083703 scaffold_4 21112596 21115458 color=lorange
3 11081376 11083703 scaffold_77 516478 532574 color=lorange
3 11086758 11095149 scaffold_4 21120229 21130600 color=lorange
3 11101401 11106454 scaffold_4 21138116 21143873 color=lorange
3 11123091 11135038 scaffold_4 21152982 21214316 color=lorange
3 11145740 11163639 scaffold_4 21222375 21280457 color=lorange
3 11282747 11297012 scaffold_4 21367630 21640354 color=lorange
3 11357374 11377115 scaffold_4 21718807 21757418 color=lorange
3 11379527 11384832 scaffold_4 21768093 21777743 color=lorange
3 11398353 11404784 scaffold_4 21804811 21821581 color=lorange
3 11406433 11406957 scaffold_4 21823586 21825208 color=lorange
3 11408534 11422842 scaffold_4 21832310 21857822 color=lorange
3 11440724 11470768 scaffold_4 21889613 22395800 color=lorange
3 11633150 11634488 scaffold_4 22450114 22457729 color=lorange
3 11635148 11636856 scaffold_4 22458473 22465048 color=lorange
3 11637817 11641122 scaffold_4 22465579 22475018 color=lorange
3 11648440 11659404 scaffold_4 22481811 22501556 color=lorange
3 11672685 11676813 scaffold_4 22525698 22530139 color=lorange
3 11689092 11704616 scaffold_4 22549967 22574064 color=lorange
3 11723768 11739888 scaffold_4 22603838 22647131 color=lorange
3 11748318 11762706 scaffold_4 22670851 22701874 color=lorange
3 11771393 11801634 scaffold_4 22714359 22787884 color=lorange
3 11816544 11831467 scaffold_4 22811904 22858705 color=lorange
3 11896051 11902168 scaffold_4 22993790 23002774 color=lorange
3 11904256 11904519 scaffold_4 23004966 23005319 color=lorange
3 11906038 11912446 scaffold_4 23009611 23024675 color=lorange
3 11917213 11922005 scaffold_4 23033090 23042931 color=lorange
3 11934996 11939890 scaffold_4 23080615 23084614 color=lorange
3 11941312 11946088 scaffold_4 23085323 23103858 color=lorange
3 11984203 11992904 scaffold_4 23149647 23184039 color=lorange
3 12019491 12064910 scaffold_4 23259124 23329715 color=lorange
3 12085291 12086549 scaffold_4 23360131 23362898 color=lorange
3 12088722 12093652 scaffold_4 23367799 23382387 color=lorange
3 12101858 12103856 scaffold_4 23418714 23420767 color=lorange
3 12113160 12118569 scaffold_4 23451125 23707042 color=lorange
3 12203628 12203888 scaffold_4 23451125 23707042 color=lorange
3 12253075 12255418 scaffold_4 23777128 23779270 color=lorange
3 12409660 12409914 scaffold_4 24118280 24128712 color=lorange
3 12624722 12630474 scaffold_4 24604769 24617498 color=lorange
3 12632162 12641184 scaffold_4 24620391 24638853 color=lorange
3 12788912 12807431 scaffold_4 24989807 25116293 color=lorange
3 12813993 12829160 scaffold_4 24989807 25116293 color=lorange
3 13384291 13391781 scaffold_4 26416088 26638291 color=lorange
3 13473751 13485543 scaffold_4 26416088 26638291 color=lorange
3 13523100 13556141 scaffold_4 26716892 26804328 color=lorange
3 13556601 13559134 scaffold_4 26815631 26826142 color=lorange
3 13556601 13559143 scaffold_4 26815631 26826142 color=lorange
3 13567147 13571275 scaffold_4 26815631 26826142 color=lorange
3 13580590 13606033 scaffold_4 26843680 27058587 color=lorange
3 13651111 13655412 scaffold_4 26843680 27058587 color=lorange
3 13715299 13724566 scaffold_4 27219779 27272058 color=lorange
3 13751799 13780627 scaffold_4 27306115 27352811 color=lorange
3 13783624 13801038 scaffold_4 27355316 27382187 color=lorange
3 13817659 13824553 scaffold_4 27401341 27412661 color=lorange
3 13861082 13862227 scaffold_4 27490942 27492087 color=lorange
3 13886194 13887036 scaffold_4 27540313 27552319 color=lorange
3 14189101 14195244 scaffold_4 28160136 28192649 color=lorange
3 14257841 14261397 scaffold_4 28286211 28352865 color=lorange
3 14268688 14279703 scaffold_4 28286211 28352865 color=lorange
3 15001821 15019660 scaffold_4 29995664 30035875 color=lorange
3 15026113 15031399 scaffold_4 30045284 30052027 color=lorange
3 15292615 15302923 scaffold_4 30052749 30730603 color=lorange
3 15315973 15335536 scaffold_4 30746990 30783063 color=lorange
3 15344028 15344399 scaffold_4 30785254 30785988 color=lorange
3 15356020 15368865 scaffold_4 30796279 30820776 color=lorange
3 15378197 15389439 scaffold_4 30838557 30855848 color=lorange
3 15392069 15393776 scaffold_4 30858920 30862044 color=lorange
3 15399153 15404173 scaffold_4 30865718 30871283 color=lorange
3 15477695 15482784 scaffold_4 31047123 31054744 color=lorange
3 15492933 15502904 scaffold_4 31103795 31152895 color=lorange
3 15503430 15528738 scaffold_4 31103795 31152895 color=lorange
3 15800157 15809599 scaffold_4 31891487 31937689 color=lorange
3 15823377 15824959 scaffold_4 31962299 31965817 color=lorange
3 15837162 15839803 scaffold_4 31979601 31981501 color=lorange
3 15877617 15890396 scaffold_4 32019692 32127157 color=lorange
3 15885107 15890396 scaffold_4 32019692 32127157 color=lorange
3 15899390 15903391 scaffold_4 32160829 32167512 color=lorange
3 15927766 15936266 scaffold_4 32176481 32223037 color=lorange
3 15994569 16012026 scaffold_4 32264785 32387551 color=lorange
3 15994569 16017157 scaffold_4 32264785 32387551 color=lorange
3 15994569 16017157 scaffold_4 32264785 32387551 color=lorange
3 15994569 16017157 scaffold_4 32264785 32387551 color=lorange
3 16050253 16059525 scaffold_4 32474514 32480681 color=lorange
3 16050253 16059525 scaffold_4 32474514 32480681 color=lorange
3 16073927 16082042 scaffold_4 46187674 46207336 color=lorange
3 16083041 16097600 scaffold_4 46212128 46238392 color=lorange
3 16175978 16183569 scaffold_4 46544434 46556508 color=lorange
3 16191536 16197283 scaffold_4 46617215 46639099 color=lorange
3 16286650 16308019 scaffold_4 46877339 46944044 color=lorange
3 16387881 16408955 scaffold_4 47196970 47301537 color=lorange
3 16440221 16449314 scaffold_4 47310853 47380861 color=lorange
3 16451734 16467233 scaffold_4 47395318 47420595 color=lorange
3 16489647 16501068 scaffold_4 47495323 47510370 color=lorange
3 16489671 16501068 scaffold_4 47495323 47510370 color=lorange
3 16508483 16511078 scaffold_121 25156 43867 color=lorange
3 16923196 16927963 scaffold_4 48943604 49048504 color=lorange
3 16939075 16943550 scaffold_4 49065300 49081576 color=lorange
3 17063501 17107641 scaffold_4 49495981 49637452 color=lorange
3 17123160 17131744 scaffold_4 49702138 49750776 color=lorange
3 17123160 17134789 scaffold_4 49702138 49750776 color=lorange
3 17540665 17543636 scaffold_54 1039990 1120928 color=lorange
3 17791905 17806964 scaffold_72 197082 198728 color=lorange
3 17998239 17998795 scaffold_4 54262726 54461693 color=lorange
3 18068464 18074845 scaffold_4 56076995 56127625 color=lorange
3 18175701 18178391 scaffold_4 57176542 57254833 color=lorange
3 18306286 18306771 scaffold_4 58000070 58000552 color=lorange
3 18308317 18311533 scaffold_7 23115192 23128470 color=lorange
3 18326207 18354273 scaffold_4 57924177 57975493 color=lorange
3 18364159 18367931 scaffold_4 58069825 58074795 color=lorange
3 18376594 18382874 scaffold_4 58014951 58061371 color=lorange
3 18481555 18484183 scaffold_4 57402272 57486647 color=lorange
3 18525140 18528935 scaffold_4 58134342 58195064 color=lorange
3 18538961 18546248 scaffold_4 58134342 58195064 color=lorange
3 18899811 18902755 scaffold_4 58377182 58477836 color=lorange
3 23762846 23773268 scaffold_4 58620059 58695532 color=lorange
3 23777613 23814230 scaffold_4 58715140 58766644 color=lorange
3 23980424 23986770 scaffold_4 59141321 59215791 color=lorange
3 23989591 24007420 scaffold_4 59141321 59215791 color=lorange
3 24141917 24151090 scaffold_4 60038342 60089854 color=lorange
3 24228974 24234924 scaffold_4 82433675 82476122 color=lorange
3 24346756 24356672 scaffold_4 82145438 82280226 color=lorange
3 24359115 24361056 scaffold_4 82132288 82142731 color=lorange
3 24391504 24396415 scaffold_4 82061164 82068180 color=lorange
3 24404654 24431840 scaffold_4 81995302 82046673 color=lorange
3 24448877 24460872 scaffold_4 81590882 81979665 color=lorange
3 24628602 24629606 scaffold_4 81590882 81979665 color=lorange
3 24660398 24661884 scaffold_4 81531400 81540726 color=lorange
3 24668771 24669501 scaffold_4 81515496 81516225 color=lorange
3 24670989 24675391 scaffold_4 81493795 81512242 color=lorange
3 24682742 24707326 scaffold_4 81318478 81484382 color=lorange
3 24791993 24800551 scaffold_4 80939719 80949532 color=lorange
3 24806378 24838118 scaffold_4 80870121 80925951 color=lorange
3 24860324 24870754 scaffold_4 80793092 80835123 color=lorange
3 24963452 24973693 scaffold_4 80619345 80717588 color=lorange
3 24983382 24991943 scaffold_4 80575443 80600238 color=lorange
3 25223939 25225438 scaffold_60 561334 833857 color=lorange
3 25317321 25317566 scaffold_60 561334 833857 color=lorange
3 25853839 25857104 scaffold_4 79427315 79432732 color=lorange
3 25870458 25881625 scaffold_4 79309436 79340293 color=lorange
3 25882014 25886112 scaffold_4 79299944 79309040 color=lorange
3 25886681 25891852 scaffold_4 79288960 79299306 color=lorange
3 25941864 25942103 scaffold_4 78963842 79110967 color=lorange
3 25963203 25969646 scaffold_4 78963842 79110967 color=lorange
3 26073030 26074809 scaffold_4 78598431 78666526 color=lorange
3 26089692 26094199 scaffold_4 78598431 78666526 color=lorange
3 26107017 26110722 scaffold_4 78598431 78666526 color=lorange
3 26225435 26232779 scaffold_4 78336457 78472903 color=lorange
3 26234875 26247868 scaffold_4 78246475 78272387 color=lorange
3 26277654 26287681 scaffold_4 78211944 78240270 color=lorange
3 26330236 26335604 scaffold_4 78098911 78125154 color=lorange
3 26345605 26347798 scaffold_4 78068614 78073296 color=lorange
3 26375575 26384962 scaffold_4 77925607 77983847 color=lorange
3 26401230 26402637 scaffold_4 77858276 77865631 color=lorange
3 26425467 26431100 scaffold_4 77809350 77832345 color=lorange
3 26590705 26593166 scaffold_4 77344128 77348189 color=lorange
3 26607179 26609890 scaffold_4 77303147 77304977 color=lorange
3 26614671 26633737 scaffold_4 77251345 77294444 color=lorange
3 26636503 26640560 scaffold_4 77240995 77248297 color=lorange
3 26649082 26655370 scaffold_4 77215027 77231553 color=lorange
3 26660826 26664412 scaffold_4 77190835 77205608 color=lorange
3 26689850 26703532 scaffold_4 76934130 77151904 color=lorange
3 26770881 26772728 scaffold_4 76934130 77151904 color=lorange
3 26793141 26795219 scaffold_4 76872233 76875644 color=lorange
3 26799339 26827721 scaffold_4 76808720 76869827 color=lorange
3 26897261 26899854 scaffold_4 76650464 76654195 color=lorange
3 26910237 26915797 scaffold_4 76615313 76623480 color=lorange
3 26919464 26942299 scaffold_4 76575311 76610370 color=lorange
3 26931529 26942299 scaffold_4 76575311 76610370 color=lorange
3 26953783 26958115 scaffold_4 76535092 76555749 color=lorange
3 27235654 27242912 scaffold_4 62175193 62221515 color=lorange
3 27320014 27324428 scaffold_4 62353107 62359196 color=lorange
3 27352392 27360546 scaffold_4 62399398 62432228 color=lorange
3 27363400 27364467 scaffold_4 62436403 62437473 color=lorange
3 27511744 27531047 scaffold_4 62749361 62819602 color=lorange
3 27580608 27589778 scaffold_4 62943998 62963130 color=lorange
3 27621130 27627286 scaffold_4 63053091 63131661 color=lorange
3 27713362 27719895 scaffold_4 63434290 63455912 color=lorange
3 27716290 27718606 scaffold_4 63434290 63455912 color=lorange
3 27744071 27748543 scaffold_4 63457892 63478052 color=lorange
3 27750298 27752961 scaffold_4 63481238 63489481 color=lorange
3 27760890 27768017 scaffold_4 63519260 63534405 color=lorange
3 27773081 27775771 scaffold_4 63538843 63571973 color=lorange
3 27792976 27795728 scaffold_4 63538843 63571973 color=lorange
3 27805836 27835206 scaffold_4 63587226 63643211 color=lorange
3 27872035 27872409 scaffold_4 63742271 63795427 color=lorange
3 28331301 28350214 scaffold_4 64892390 65074944 color=lorange
3 28390447 28408143 scaffold_4 64892390 65074944 color=lorange
3 28409190 28417008 scaffold_4 64892390 65074944 color=lorange
3 28409190 28417008 scaffold_4 64892390 65074944 color=lorange
3 28439576 28446659 scaffold_4 65108849 65218950 color=lorange
3 28613681 28640786 scaffold_4 65442736 65507779 color=lorange
3 28657491 28660432 scaffold_4 65533336 65538195 color=lorange
3 28681515 28689421 scaffold_4 66905036 66940994 color=lorange
3 28793176 28801817 scaffold_4 67376310 67401726 color=lorange
3 28872993 28892923 scaffold_4 67640623 67701950 color=lorange
3 28915672 28919472 scaffold_4 67764983 67778346 color=lorange
3 29007048 29021084 scaffold_4 67925095 67991184 color=lorange
3 29007048 29021084 scaffold_4 71143259 71205156 color=lorange
3 29034104 29041663 scaffold_4 71143259 71205156 color=lorange
3 29034104 29041663 scaffold_4 67925095 67991184 color=lorange
3 29048174 29055961 scaffold_4 71216725 71240719 color=lorange
3 29077760 29085125 scaffold_4 71270879 71289721 color=lorange
3 29077760 29085125 scaffold_4 68062764 68076371 color=lorange
3 29094954 29100301 scaffold_4 68086530 68112397 color=lorange
3 29094954 29100301 scaffold_4 71294969 71323035 color=lorange
3 29111519 29114737 scaffold_4 71338147 71342368 color=lorange
3 29111519 29114737 scaffold_4 68127909 68132670 color=lorange
3 29128761 29133260 scaffold_4 71378553 71408389 color=lorange
3 29128761 29133260 scaffold_4 68173891 68200035 color=lorange
3 29136137 29144168 scaffold_4 71378553 71408389 color=lorange
3 29136137 29144168 scaffold_4 68173891 68200035 color=lorange
3 29218824 29225959 scaffold_4 71513512 71566361 color=lorange
3 29218824 29225959 scaffold_4 68304613 68384632 color=lorange
3 29218824 29244043 scaffold_4 71513512 71566361 color=lorange
3 29218824 29244043 scaffold_4 68304613 68384632 color=lorange
3 29282040 29287970 scaffold_4 71663083 71672342 color=lorange
3 29638622 29647426 scaffold_133 315316 329409 color=lorange
3 29638622 29647426 scaffold_133 315365 359112 color=lorange
3 29698334 29710265 scaffold_133 245556 262661 color=lorange
3 29947730 29950567 scaffold_4 5794981 5806324 color=lorange
3 29947730 29950567 scaffold_4 5759669 5771012 color=lorange
3 30047967 30056886 scaffold_4 5431916 5454935 color=lorange
3 30088346 30091983 scaffold_4 5310686 5322602 color=lorange
3 30161254 30172752 scaffold_4 5076514 5116503 color=lorange
3 30188482 30192010 scaffold_4 5032869 5043691 color=lorange
3 30219408 30225203 scaffold_4 4834610 4953564 color=lorange
3 30273147 30277227 scaffold_4 4745405 4765269 color=lorange
3 30273147 30295359 scaffold_4 4745405 4765269 color=lorange
3 30366828 30369514 scaffold_4 4589416 4596736 color=lorange
3 30478390 30489854 scaffold_4 4218604 4260241 color=lorange
3 30499665 30507630 scaffold_4 33965592 33990141 color=lorange
3 30556605 30559691 scaffold_4 33834424 33883592 color=lorange
3 30577839 30580650 scaffold_4 33819919 33830157 color=lorange
3 30583880 30586239 scaffold_4 33813368 33816413 color=lorange
3 30586688 30594479 scaffold_4 33782176 33811540 color=lorange
3 30596378 30608985 scaffold_4 33761633 33776691 color=lorange
3 30596378 30608985 scaffold_4 33777585 33779396 color=lorange
3 30622086 30627365 scaffold_4 33706061 33718473 color=lorange
3 30629713 30637812 scaffold_4 41728630 41746238 color=lorange
3 30638419 30639145 scaffold_4 41747045 41747800 color=lorange
3 30639651 30642619 scaffold_4 2477893 2481294 color=lorange
3 30657753 30660103 scaffold_4 2494453 2555229 color=lorange
3 30664872 30680631 scaffold_4 2494453 2555229 color=lorange
3 30712676 30721311 scaffold_4 2634709 2655613 color=lorange
3 30729423 30731198 scaffold_4 2666035 2669130 color=lorange
3 30736100 30739548 scaffold_4 2677477 2680985 color=lorange
3 30740898 30741815 scaffold_4 2681398 2682318 color=lorange
3 30757345 30764760 scaffold_4 2702918 2727091 color=lorange
3 30798746 30802216 scaffold_4 2731320 2836601 color=lorange
3 30813250 30817462 scaffold_4 2859875 2924955 color=lorange
3 30829815 30835200 scaffold_4 2859875 2924955 color=lorange
3 30892978 30900297 scaffold_4 3080464 3088983 color=lorange
3 30902890 30906110 scaffold_4 3097782 3098494 color=lorange
3 30972056 30980292 scaffold_4 3297088 3359795 color=lorange
3 30992767 30994631 scaffold_4 3297088 3359795 color=lorange
3 31005056 31005901 scaffold_4 3385398 3392809 color=lorange
3 31018390 31021204 scaffold_4 3429419 3444809 color=lorange
3 31025366 31025914 scaffold_4 3429419 3444809 color=lorange
3 31032429 31032749 scaffold_4 3461634 3487841 color=lorange
3 31057167 31059513 scaffold_4 3521577 3528232 color=lorange
3 31146384 31156409 scaffold_4 43470530 43492967 color=lorange
3 31164166 31191106 scaffold_4 43412927 43462657 color=lorange
3 31212019 31216933 scaffold_4 43346690 43348473 color=lorange
3 31253384 31256873 scaffold_4 43289857 43302173 color=lorange
3 31258726 31265462 scaffold_4 43269220 43286395 color=lorange
3 31320568 31320774 scaffold_4 13591537 13591743 color=lorange
3 31320568 31320774 scaffold_4 13581876 13591743 color=lorange
3 31320568 31320774 scaffold_4 43110897 43117906 color=lorange
3 31320568 31320774 scaffold_4 13598456 13598662 color=lorange
3 31320568 31320774 scaffold_4 13594641 13594847 color=lorange
3 31326550 31326756 scaffold_4 13591537 13591743 color=lorange
3 31326550 31326756 scaffold_4 13581876 13591743 color=lorange
3 31326550 31326756 scaffold_4 43110897 43117906 color=lorange
3 31326550 31326756 scaffold_4 13598456 13598662 color=lorange
3 31326550 31326756 scaffold_4 13594641 13594847 color=lorange
3 31335133 31344785 scaffold_4 43020455 43104332 color=lorange
3 31361290 31363747 scaffold_4 43020455 43104332 color=lorange
3 31383104 31387455 scaffold_4 42990575 42999168 color=lorange
3 31389193 31395528 scaffold_4 42981450 42989131 color=lorange
3 31400833 31401891 scaffold_4 42966656 42967807 color=lorange
3 31841247 31841723 scaffold_4 41844628 41845104 color=lorange
3 31851528 31856945 scaffold_4 41793923 41810066 color=lorange
3 31870738 31876136 scaffold_4 41748388 41775313 color=lorange
3 31888948 31889759 scaffold_4 46020328 46021934 color=lorange
3 31911306 31919770 scaffold_4 45978063 45995829 color=lorange
3 32042208 32055132 scaffold_4 41643127 41680837 color=lorange
3 32064219 32070051 scaffold_4 32483134 32496920 color=lorange
3 32327041 32329637 scaffold_4 33203312 33275688 color=lorange
3 32329855 32331018 scaffold_4 33212057 33213220 color=lorange
3 32331970 32341005 scaffold_4 33203312 33275688 color=lorange
3 32348721 32353487 scaffold_4 33284239 33297211 color=lorange
3 32362897 32375017 scaffold_4 44567103 44608608 color=lorange
3 32459937 32464269 scaffold_4 44856497 44923196 color=lorange
3 32698367 32730425 scaffold_4 45518399 45702788 color=lorange
3 32808568 32809784 scaffold_4 33450815 33455843 color=lorange
3 32838106 32842714 scaffold_4 33357819 33412051 color=lorange
3 32849001 32851946 scaffold_4 33322160 33336056 color=lorange
3 32872486 32877963 scaffold_4 2388260 2443087 color=lorange
3 32962201 32994022 scaffold_4 1906440 2343183 color=lorange
3 33182427 33196894 scaffold_4 1533478 1587938 color=lorange
3 33220711 33223248 scaffold_4 1471029 1476235 color=lorange
3 33224014 33225110 scaffold_4 1469050 1469878 color=lorange
3 33281100 33287041 scaffold_4 1282484 1320025 color=lorange
3 33324366 33331022 scaffold_4 1188005 1188337 color=lorange
3 33324366 33331022 scaffold_4 1188548 1188694 color=lorange
3 34500807 34503410 scaffold_4 7574206 7578069 color=lorange
3 34591509 34601623 scaffold_4 7801795 7815342 color=lorange
3 34614195 34625291 scaffold_4 7832971 8296428 color=lorange
3 34825526 34835168 scaffold_4 8332804 8347956 color=lorange
3 34886056 34889040 scaffold_4 61301159 61309023 color=lorange
3 35106144 35116087 scaffold_4 86478184 86508509 color=lorange
3 35121894 35138120 scaffold_108 487855 514244 color=lorange
3 35121894 35138120 scaffold_4 86433499 86467467 color=lorange
3 35144388 35155574 scaffold_108 453724 478082 color=lorange
3 35144388 35155574 scaffold_4 86384623 86422773 color=lorange
3 35202528 35208621 scaffold_4 86255035 86263410 color=lorange
3 35228729 35245902 scaffold_108 151873 223002 color=lorange
3 35228729 35245902 scaffold_4 86082383 86143187 color=lorange
3 35294904 35299921 scaffold_4 85976038 85982329 color=lorange
3 35294904 35299921 scaffold_4 85984768 85985226 color=lorange
3 35333243 35338608 scaffold_4 85886125 85892945 color=lorange
3 35356762 35365796 scaffold_4 85796030 85823614 color=lorange
3 35421029 35438371 scaffold_4 85612151 85635365 color=lorange
3 35453453 35455896 scaffold_4 85543755 85546662 color=lorange
3 35479874 35482987 scaffold_4 85489416 85496989 color=lorange
3 35484399 35484752 scaffold_4 85489021 85489374 color=lorange
3 36004694 36024869 scaffold_4 83748368 83939682 color=lorange
3 36097090 36116271 scaffold_4 83544121 83598893 color=lorange
3 36130668 36144075 scaffold_4 83481724 83513576 color=lorange
3 36150147 36153127 scaffold_4 83450366 83470366 color=lorange
3 36156852 36165965 scaffold_4 83280521 83429303 color=lorange
3 36245177 36253351 scaffold_4 83178441 83198447 color=lorange
3 36253897 36256723 scaffold_4 83172509 83176350 color=lorange
3 36258410 36271492 scaffold_4 82929085 83171069 color=lorange
3 36337239 36344855 scaffold_4 82911128 82924929 color=lorange
3 36374363 36378465 scaffold_4 82770644 82787921 color=lorange
3 36384413 36399729 scaffold_4 82684394 82737182 color=lorange
3 36400943 36408273 scaffold_4 82652213 82676678 color=lorange
3 36418770 36424189 scaffold_4 82612310 82625447 color=lorange
3 36432023 36437579 scaffold_4 82584982 82600217 color=lorange
3 36443490 36457745 scaffold_4 82513270 82583650 color=lorange
3 36459053 36466642 scaffold_4 82477642 82511049 color=lorange
3 36467934 36470547 scaffold_4 91327669 91356028 color=lorange
3 36471759 36478484 scaffold_4 91327669 91356028 color=lorange
3 36494660 36499023 scaffold_4 91292314 91296033 color=lorange
3 36510458 36516593 scaffold_4 91266703 91278271 color=lorange
3 36521392 36523276 scaffold_4 91259081 91262434 color=lorange
3 36525245 36527867 scaffold_4 96795876 96802105 color=lorange
3 36525245 36527867 scaffold_4 96795876 96802105 color=lorange
3 36532764 36552913 scaffold_4 96812283 96870311 color=lorange
3 36560714 36573365 scaffold_4 96890445 96930372 color=lorange
3 36715214 36730919 scaffold_4 97371008 97407004 color=lorange
3 36780404 36782449 scaffold_4 97496673 97624607 color=lorange
3 36802314 36807421 scaffold_4 97496673 97624607 color=lorange
3 36823361 36826563 scaffold_4 97496673 97624607 color=lorange
3 36836376 36837959 scaffold_4 97642046 97643255 color=lorange
3 36903385 36906646 scaffold_4 86519955 86522642 color=lorange
3 36903385 36906646 scaffold_108 560623 563568 color=lorange
3 36957033 36966782 scaffold_108 595033 738930 color=lorange
3 36976481 36979425 scaffold_4 86712144 86716572 color=lorange
3 36981701 36989219 scaffold_4 86723683 86747115 color=lorange
3 37057908 37062261 scaffold_4 86833503 86841609 color=lorange
3 37238316 37240479 scaffold_4 87416977 87500414 color=lorange
3 37299866 37300228 scaffold_4 87639537 87639899 color=lorange
3 37383265 37396318 scaffold_4 87834123 87848206 color=lorange
3 37405788 37407682 scaffold_4 87872875 87875233 color=lorange
3 37410290 37412512 scaffold_4 87885716 87921953 color=lorange
3 37490633 37492402 scaffold_4 88139888 88141144 color=lorange
3 37520768 37521563 scaffold_4 88220960 88223607 color=lorange
3 37523324 37528696 scaffold_4 88226752 88238993 color=lorange
3 37602575 37614055 scaffold_4 88401813 88474243 color=lorange
3 37706804 37709707 scaffold_4 88691037 88694529 color=lorange
3 37712412 37717104 scaffold_4 88699503 88709287 color=lorange
3 38089363 38092051 scaffold_4 90188520 90190778 color=lorange
3 38113121 38115289 scaffold_4 90290664 90294596 color=lorange
3 38140004 38147868 scaffold_4 90378184 90395894 color=lorange
3 38156768 38163722 scaffold_4 90416995 90425237 color=lorange
3 38179334 38211973 scaffold_5 99277597 99278265 color=lorange
3 38218534 38236670 scaffold_4 90708129 90739895 color=lorange
3 38254121 38266470 scaffold_4 90749387 90879368 color=lorange
3 38397293 38404574 scaffold_4 91210134 91227788 color=lorange
3 38411917 38412970 scaffold_4 91248394 91249940 color=lorange
3 38411917 38412988 scaffold_4 91248394 91249940 color=lorange
3 38414762 38417346 scaffold_4 96788421 96793633 color=lorange
3 38473638 38476326 scaffold_4 96514574 96597712 color=lorange
3 38504596 38514129 scaffold_4 96474049 96495234 color=lorange
3 38568307 38569245 scaffold_4 96295826 96296764 color=lorange
3 38571679 38576512 scaffold_4 96273381 96282630 color=lorange
3 38624302 38631382 scaffold_4 96107787 96122064 color=lorange
3 38632535 38650081 scaffold_4 96068765 96103903 color=lorange
3 38663508 38677443 scaffold_4 96015671 96045588 color=lorange
3 38683686 38724103 scaffold_4 96068765 96103903 color=lorange
3 38731970 38732332 scaffold_4 95926143 95926505 color=lorange
3 38733989 38736374 scaffold_4 95918603 95925104 color=lorange
3 38738565 38744836 scaffold_4 95908052 95915306 color=lorange
3 38756524 38761470 scaffold_4 95752687 95887066 color=lorange
3 38792389 38792688 scaffold_4 95752687 95887066 color=lorange
3 38796913 38803809 scaffold_4 95725228 95744393 color=lorange
3 38825892 38832707 scaffold_4 95656212 95722884 color=lorange
3 38850763 38864768 scaffold_4 95533574 95581462 color=lorange
3 38872380 38877388 scaffold_4 95507048 95518164 color=lorange
3 38879868 38894083 scaffold_4 95450580 95499615 color=lorange
3 38898612 38899129 scaffold_4 95450580 95499615 color=lorange
3 38900119 38918172 scaffold_4 95412092 95448925 color=lorange
3 39094570 39097922 scaffold_4 94657722 94821876 color=lorange
3 39389135 39390607 scaffold_4 93765334 93790646 color=lorange
3 39389141 39390607 scaffold_4 93765334 93790646 color=lorange
3 39496363 39496848 scaffold_4 10300011 10300325 color=lorange
3 39535203 39536873 scaffold_4 10383156 10386776 color=lorange
3 39543292 39544850 scaffold_4 10403988 10412846 color=lorange
3 39554835 39555972 scaffold_4 10439833 10444710 color=lorange
3 39664939 39665938 scaffold_4 10764881 10771772 color=lorange
3 39721474 39735533 scaffold_4 10943388 11009954 color=lorange
3 39759941 39762100 scaffold_4 11058474 11060478 color=lorange
3 39764314 39775809 scaffold_4 11066952 11096779 color=lorange
3 39788016 39791338 scaffold_4 11116669 11151528 color=lorange
3 39814383 39816503 scaffold_4 11175848 11181682 color=lorange
3 39828806 39834661 scaffold_4 11220406 11245792 color=lorange
3 39909811 39910678 scaffold_4 44500793 44503104 color=lorange
3 39911131 39914679 scaffold_4 44482726 44498476 color=lorange
3 39916288 39917415 scaffold_4 44474293 44476241 color=lorange
3 39923434 39928314 scaffold_4 44432937 44452111 color=lorange
3 39949214 39955319 scaffold_4 44370924 44393950 color=lorange
3 39956733 39958649 scaffold_4 44202872 44342470 color=lorange
3 39956733 39958649 scaffold_4 44349715 44352486 color=lorange
3 40016864 40025317 scaffold_4 44136285 44155404 color=lorange
3 40113350 40115653 scaffold_4 43756956 43761941 color=lorange
3 40296146 40300408 scaffold_4 16755835 17059364 color=lorange
3 40314470 40321447 scaffold_4 16839050 16861386 color=lorange
3 40369844 40375344 scaffold_4 41619775 41630892 color=lorange
3 40385385 40391599 scaffold_4 41579401 41593288 color=lorange
3 40392882 40396117 scaffold_4 41568968 41577370 color=lorange
3 40399975 40401449 scaffold_4 41548275 41553644 color=lorange
3 40406989 40415879 scaffold_4 41429345 41540115 color=lorange
3 40440781 40441182 scaffold_4 41429345 41540115 color=lorange
3 40666356 40666742 scaffold_4 40678068 40785592 color=lorange
3 40947034 40955947 scaffold_4 39593439 39663639 color=lorange
3 41102411 41107321 scaffold_4 39101211 39110337 color=lorange
3 41121196 41122206 scaffold_4 39056868 39059745 color=lorange
3 41125074 41128360 scaffold_4 38769036 39027419 color=lorange
3 41199046 41203525 scaffold_4 38769036 39027419 color=lorange
3 41204230 41205210 scaffold_4 38767231 38768340 color=lorange
3 41208184 41209850 scaffold_4 38758564 38761075 color=lorange
3 41222080 41233311 scaffold_4 38658777 38707710 color=lorange
3 41327154 41328022 scaffold_4 38395939 38402189 color=lorange
3 41328429 41333333 scaffold_4 38368158 38390610 color=lorange
3 41328735 41333333 scaffold_4 38368158 38390610 color=lorange
3 41433846 41437938 scaffold_4 37923237 37931400 color=lorange
3 41439240 41449988 scaffold_4 37879466 37921371 color=lorange
3 41466448 41471732 scaffold_4 37798182 37823746 color=lorange
3 41473677 41474972 scaffold_4 37790457 37793949 color=lorange
3 41495606 41499131 scaffold_4 10133942 10143858 color=lorange
3 41567241 41569050 scaffold_4 9906789 9910646 color=lorange
3 41570394 41571259 scaffold_4 9902415 9903817 color=lorange
3 41573453 41574390 scaffold_4 9895573 9899632 color=lorange
3 41579483 41595802 scaffold_4 9796673 9890730 color=lorange
3 41674093 41675830 scaffold_4 9220246 9474000 color=lorange
3 41840566 41847521 scaffold_4 8651263 8672554 color=lorange
3 41855122 41862648 scaffold_4 8604423 8649385 color=lorange
3 41904779 41909515 scaffold_4 8490974 8503874 color=lorange
4 45805 48176 scaffold_7 30198159 30208286 color=lorange
4 78246 90525 scaffold_7 30711881 30876050 color=lorange
4 184663 189775 scaffold_15 10843684 10993740 color=lorange
4 226347 238544 scaffold_7 29771519 29883337 color=lorange
4 835539 844935 scaffold_7 28467684 28492884 color=lorange
4 835539 844935 scaffold_10 1682744 1685812 color=lorange
4 862388 869540 scaffold_7 28065650 28075552 color=lorange
4 905354 908617 scaffold_7 27757836 27781992 color=lorange
4 993118 1003473 scaffold_7 27195076 27967928 color=lorange
4 1347044 1349253 scaffold_7 24911549 24933534 color=lorange
4 1353390 1364222 scaffold_7 24813534 24878244 color=lorange
4 1365025 1366676 scaffold_7 24724469 24726821 color=lorange
4 1457426 1463750 scaffold_7 23567931 23608115 color=lorange
4 1483932 1487293 scaffold_7 23622723 23652170 color=lorange
4 1497320 1514645 scaffold_7 23700962 23777281 color=lorange
4 1521349 1522392 scaffold_7 23796720 23807026 color=lorange
4 1566826 1568310 scaffold_7 23951355 23952851 color=lorange
4 1587804 1608017 scaffold_7 23995388 24153797 color=lorange
4 1620685 1623900 scaffold_7 24160774 24182794 color=lorange
4 1625192 1632221 scaffold_7 24193234 24236418 color=lorange
4 1638193 1652855 scaffold_7 24242536 24496765 color=lorange
4 1670892 1674771 scaffold_7 24242536 24496765 color=lorange
4 1718308 1724486 scaffold_7 24504368 24531367 color=lorange
4 1764318 1765167 scaffold_7 23052389 23053915 color=lorange
4 1832180 1833077 scaffold_7 22473274 22478039 color=lorange
4 1836301 1839343 scaffold_7 22436263 22456221 color=lorange
4 1847039 1859750 scaffold_7 22259745 22390155 color=lorange
4 1903975 1905876 scaffold_7 22044983 22054528 color=lorange
4 1938532 1941394 scaffold_20 3437088 3439664 color=lorange
4 1941935 1944326 scaffold_20 3427027 3428817 color=lorange
4 1945452 1948150 scaffold_20 3414925 3424783 color=lorange
4 1952347 1952733 scaffold_20 3412374 3412760 color=lorange
4 1952347 1952733 scaffold_2 13300779 13301165 color=lorange
4 1952347 1952733 scaffold_11 15876359 15878368 color=lorange
4 1952347 1952733 scaffold_11 15876359 15878368 color=lorange
4 1952347 1952733 scaffold_11 15876359 15878368 color=lorange
4 1952347 1952733 scaffold_11 15876359 15878368 color=lorange
4 1952347 1952733 scaffold_11 15876359 15878368 color=lorange
4 1952347 1952733 scaffold_11 15876359 15878368 color=lorange
4 1952347 1952733 scaffold_11 15876359 15878368 color=lorange
4 1952347 1952733 scaffold_11 15876359 15878368 color=lorange
4 1952347 1952733 scaffold_11 15859710 15861995 color=lorange
4 1952347 1952733 scaffold_11 15859710 15861995 color=lorange
4 1952347 1952733 scaffold_11 15859710 15861995 color=lorange
4 1952347 1952733 scaffold_11 15859710 15861995 color=lorange
4 1952347 1952733 scaffold_11 15859710 15861995 color=lorange
4 1952347 1952733 scaffold_11 15859710 15861995 color=lorange
4 1952347 1952733 scaffold_11 15859710 15861995 color=lorange
4 1952347 1952733 scaffold_11 15859710 15861995 color=lorange
4 1952347 1952733 scaffold_11 15859710 15861995 color=lorange
4 1952347 1952733 scaffold_11 15859710 15861995 color=lorange
4 1952347 1952733 scaffold_2 22592966 22593127 color=lorange
4 1988817 1993190 scaffold_20 3157557 3274367 color=lorange
4 2004749 2019925 scaffold_20 3157557 3274367 color=lorange
4 2030899 2032002 scaffold_20 3157557 3274367 color=lorange
4 2045658 2057192 scaffold_20 3117008 3135995 color=lorange
4 2075164 2085164 scaffold_20 3047807 3074029 color=lorange
4 2214138 2218596 scaffold_20 2428784 2726215 color=lorange
4 2314928 2315212 scaffold_20 2428784 2726215 color=lorange
4 2331449 2343848 scaffold_20 1806565 2390214 color=lorange
4 2554492 2564566 scaffold_20 1634079 1664558 color=lorange
4 2975890 2986626 scaffold_20 311552 341884 color=lorange
4 3002312 3013571 scaffold_20 211172 281913 color=lorange
4 3024936 3030240 scaffold_20 216513 225248 color=lorange
4 3030972 3033955 scaffold_20 211172 281913 color=lorange
4 3035144 3040471 scaffold_20 199139 209420 color=lorange
4 3174557 3193557 scaffold_71 1107144 1220945 color=lorange
4 3212271 3238820 scaffold_71 936887 1026207 color=lorange
4 3269873 3271207 scaffold_71 645532 913151 color=lorange
4 3341302 3344188 scaffold_71 645532 913151 color=lorange
4 3647488 3653793 scaffold_38 3273947 3289848 color=lorange
4 3655213 3657729 scaffold_38 3268084 3272821 color=lorange
4 3675569 3677347 scaffold_38 3224259 3227927 color=lorange
4 3698039 3713683 scaffold_38 3140812 3172722 color=lorange
4 3728350 3733552 scaffold_38 3110008 3117347 color=lorange
4 4749067 4757100 scaffold_13 15523400 15711294 color=lorange
4 4819115 4834686 scaffold_13 15469110 15511029 color=lorange
4 4913896 4916852 scaffold_13 15251040 15446316 color=lorange
4 4940908 4947822 scaffold_13 15169791 15200591 color=lorange
4 4974476 4992240 scaffold_13 15018416 15108180 color=lorange
4 5111181 5115552 scaffold_13 14757231 14763521 color=lorange
4 5393863 5413648 scaffold_13 13794463 13855421 color=lorange
4 5505421 5506501 scaffold_13 13461471 13464112 color=lorange
4 5731967 5735360 scaffold_13 12866757 12912056 color=lorange
4 5758401 5764383 scaffold_13 12808076 12825869 color=lorange
4 5791581 5793035 scaffold_13 12723959 12734105 color=lorange
4 5800955 5812743 scaffold_13 12676158 12717466 color=lorange
4 5834584 5837934 scaffold_13 12582525 12620656 color=lorange
4 5838248 5844814 scaffold_13 12582525 12620656 color=lorange
4 5846512 5855330 scaffold_13 12555860 12575469 color=lorange
4 5862584 5865724 scaffold_13 12536562 12543775 color=lorange
4 5868013 5870531 scaffold_13 12530516 12535507 color=lorange
4 5886481 5894410 scaffold_13 12478357 12502591 color=lorange
4 5896915 5901968 scaffold_13 12457538 12472083 color=lorange
4 5908392 5916229 scaffold_13 12400071 12432717 color=lorange
4 5918131 5923781 scaffold_13 12369856 12395564 color=lorange
4 5924501 5929119 scaffold_13 12369856 12395564 color=lorange
4 5934670 5939637 scaffold_13 12358051 12364563 color=lorange
4 6036672 6037364 scaffold_13 12044682 12045374 color=lorange
4 6047668 6051587 scaffold_13 11992693 12003717 color=lorange
4 6410421 6420253 scaffold_13 10714411 10875959 color=lorange
4 6518846 6533042 scaffold_13 10318458 10582354 color=lorange
4 6537761 6540474 scaffold_13 10302050 10308247 color=lorange
4 6545829 6550842 scaffold_13 10281279 10289827 color=lorange
4 6554954 6557047 scaffold_13 10274377 10275701 color=lorange
4 6557936 6560242 scaffold_7 4769205 4774445 color=lorange
4 6560633 6561696 scaffold_7 4775012 4775860 color=lorange
4 6564232 6569857 scaffold_13 6719117 6734238 color=lorange
4 6564232 6569857 scaffold_13 413094 428452 color=lorange
4 6697172 6697483 scaffold_7 2658 164703 color=lorange
4 6697172 6697483 scaffold_7 1533173 1750533 color=lorange
4 6697172 6697483 scaffold_13 6163173 6434987 color=lorange
4 6749770 6755968 scaffold_13 6163173 6434987 color=lorange
4 6749770 6755968 scaffold_7 2658 164703 color=lorange
4 6841750 6843756 scaffold_13 6734794 6737449 color=lorange
4 6841750 6843756 scaffold_13 429008 431425 color=lorange
4 7054519 7066667 scaffold_7 1046226 1075426 color=lorange
4 7202217 7205298 scaffold_7 2658 164703 color=lorange
4 7202217 7205298 scaffold_7 1533173 1750533 color=lorange
4 7202217 7205298 scaffold_13 6163173 6434987 color=lorange
4 7247489 7273729 scaffold_7 1533173 1750533 color=lorange
4 7735827 7749698 scaffold_7 3321540 3392486 color=lorange
4 7754662 7759522 scaffold_7 3423871 3448029 color=lorange
4 7795952 7813746 scaffold_7 3535757 3690333 color=lorange
4 7824403 7828157 scaffold_7 3707617 3716282 color=lorange
4 7828781 7835320 scaffold_7 3724573 3763867 color=lorange
4 7864369 7866099 scaffold_7 3948280 3961210 color=lorange
4 7872887 7876800 scaffold_7 3979143 3983366 color=lorange
4 7877640 7878989 scaffold_7 3984248 3985613 color=lorange
4 7880210 7886245 scaffold_7 5108502 5127561 color=lorange
4 7920684 7921935 scaffold_7 5227640 5253369 color=lorange
4 7920684 7923240 scaffold_7 5227640 5253369 color=lorange
4 7936032 7938154 scaffold_7 5256565 5263073 color=lorange
4 7939765 7941607 scaffold_7 5268057 5277070 color=lorange
4 8605727 8607067 scaffold_7 7150257 7151597 color=lorange
4 8622908 8624862 scaffold_7 7215345 7221047 color=lorange
4 8626058 8633258 scaffold_7 7232444 7285506 color=lorange
4 8641903 8643021 scaffold_7 7309774 7310892 color=lorange
4 8654161 8656689 scaffold_7 7351158 7356662 color=lorange
4 8657175 8665417 scaffold_7 7365203 7396604 color=lorange
4 8685765 8701252 scaffold_7 7465411 7512333 color=lorange
4 8710152 8725956 scaffold_7 7530977 7571055 color=lorange
4 8733239 8740550 scaffold_7 7575036 7592255 color=lorange
4 8742693 8749120 scaffold_7 7598010 7621577 color=lorange
4 8754683 8764673 scaffold_7 7628308 7649291 color=lorange
4 8884123 8886553 scaffold_7 8085178 8094286 color=lorange
4 8890922 8891791 scaffold_7 8104882 8112236 color=lorange
4 8903693 8918447 scaffold_7 8165761 8224964 color=lorange
4 8918818 8920017 scaffold_7 8225372 8237419 color=lorange
4 8941596 8945144 scaffold_7 8281514 8287360 color=lorange
4 8946327 8947667 scaffold_7 8293308 8297225 color=lorange
4 9046562 9046882 scaffold_7 8652049 8652373 color=lorange
4 9047198 9054044 scaffold_7 8656167 8694830 color=lorange
4 9080673 9086210 scaffold_7 8730758 8746829 color=lorange
4 9080673 9086210 scaffold_7 8730758 8746829 color=lorange
4 9134969 9135898 scaffold_7 8760080 8883564 color=lorange
4 9162672 9178196 scaffold_7 8953938 9066755 color=lorange
4 9246392 9258784 scaffold_7 9201926 9247175 color=lorange
4 9260194 9265819 scaffold_7 9260397 9282375 color=lorange
4 9730838 9737914 scaffold_7 10804827 10876993 color=lorange
4 9730838 9750204 scaffold_7 10804827 10876993 color=lorange
4 9740343 9750204 scaffold_7 10804827 10876993 color=lorange
4 9825391 9828973 scaffold_7 11046348 11461816 color=lorange
4 9932637 9955447 scaffold_7 11579999 11629187 color=lorange
4 10679200 10680574 scaffold_7 4978510 4979894 color=lorange
4 10684251 10684961 scaffold_7 4955021 4955618 color=lorange
4 10685261 10695646 scaffold_7 4930991 4954563 color=lorange
4 10696098 10696577 scaffold_7 4929744 4930223 color=lorange
4 10709293 10733102 scaffold_7 4791075 4827964 color=lorange
4 10709293 10733102 scaffold_7 4841736 4906046 color=lorange
4 10734610 10739184 scaffold_7 4777984 4788915 color=lorange
4 10770501 10798045 scaffold_13 499317 545102 color=lorange
4 10770501 10798045 scaffold_13 6816007 6859621 color=lorange
4 10801165 10816215 scaffold_13 6863394 6913047 color=lorange
4 10801165 10816215 scaffold_13 550885 592661 color=lorange
4 10823482 10826313 scaffold_13 604028 607041 color=lorange
4 10823482 10826313 scaffold_13 6928069 6930931 color=lorange
4 10828843 10829236 scaffold_13 6934382 6934776 color=lorange
4 10828843 10829236 scaffold_13 636817 637211 color=lorange
4 10831404 10837923 scaffold_13 6937336 6948359 color=lorange
4 10831404 10837923 scaffold_13 639673 651028 color=lorange
4 10857323 10857754 scaffold_13 6987617 6988048 color=lorange
4 10857323 10857754 scaffold_13 690605 691033 color=lorange
4 10859487 10863644 scaffold_13 692364 695970 color=lorange
4 10859487 10863644 scaffold_13 6992888 6998120 color=lorange
4 10859487 10863644 scaffold_13 692364 695970 color=lorange
4 10859487 10863644 scaffold_13 6992888 6998120 color=lorange
4 10865726 10875717 scaffold_13 7010827 7031003 color=lorange
4 10865726 10875717 scaffold_13 700469 731534 color=lorange
4 10938496 10947468 scaffold_13 7212203 7254090 color=lorange
4 10953370 10958250 scaffold_13 7260766 7265638 color=lorange
4 10953370 10958250 scaffold_13 951485 959486 color=lorange
4 10962332 10967708 scaffold_13 967127 1219196 color=lorange
4 10962332 10967708 scaffold_13 7272905 7508482 color=lorange
4 11219084 11222317 scaffold_13 7957423 7964927 color=lorange
4 11294700 11302712 scaffold_13 8126133 8160355 color=lorange
4 11294700 11302712 scaffold_13 1841292 1887156 color=lorange
4 11304900 11311868 scaffold_13 8171035 8177946 color=lorange
4 11304900 11311868 scaffold_13 1892362 1900813 color=lorange
4 11313867 11314844 scaffold_13 8179473 8180421 color=lorange
4 11313867 11314844 scaffold_13 1902118 1903087 color=lorange
4 11315967 11320428 scaffold_13 8183705 8193789 color=lorange
4 11315967 11320428 scaffold_13 1909951 1929382 color=lorange
4 11375545 11384268 scaffold_13 8313850 8335698 color=lorange
4 11375545 11384268 scaffold_13 2073141 2096656 color=lorange
4 11405536 11416320 scaffold_13 8409193 8433260 color=lorange
4 11421439 11421993 scaffold_13 2203525 2204143 color=lorange
4 11421439 11421993 scaffold_13 8437168 8437786 color=lorange
4 11423178 11426449 scaffold_13 2209527 2214591 color=lorange
4 11423178 11426449 scaffold_13 8442951 8449559 color=lorange
4 11474658 11490496 scaffold_13 2360061 2392937 color=lorange
4 11537428 11539526 scaffold_13 8685564 8830066 color=lorange
4 11537428 11539526 scaffold_13 2430579 2521025 color=lorange
4 11593246 11602907 scaffold_13 2649300 2657682 color=lorange
4 11633359 11653940 scaffold_13 9025510 9064927 color=lorange
4 11683992 11685753 scaffold_13 2861999 2900849 color=lorange
4 11683992 11685753 scaffold_13 9142474 9191530 color=lorange
4 11700797 11701597 scaffold_13 2861999 2900849 color=lorange
4 11700797 11701597 scaffold_13 9142474 9191530 color=lorange
4 11752663 11755701 scaffold_13 9312678 9322684 color=lorange
4 11752663 11755701 scaffold_13 3008137 3013208 color=lorange
4 11815358 11845099 scaffold_13 3110779 3197350 color=lorange
4 11815358 11845099 scaffold_13 9411981 9498541 color=lorange
4 11848101 11854504 scaffold_13 3110779 3197350 color=lorange
4 11848101 11854504 scaffold_13 9411981 9498541 color=lorange
4 11884256 11898032 scaffold_13 9553754 9577971 color=lorange
4 11884256 11898032 scaffold_13 3248079 3268484 color=lorange
4 11898612 11903740 scaffold_13 3280164 3289226 color=lorange
4 11898612 11903740 scaffold_13 9586352 9595559 color=lorange
4 11898612 11903740 scaffold_13 9594483 9595559 color=lorange
4 11898663 11903740 scaffold_13 3280164 3289226 color=lorange
4 11898663 11903740 scaffold_13 9586352 9595559 color=lorange
4 11898663 11903740 scaffold_13 9594483 9595559 color=lorange
4 11976703 11984437 scaffold_13 9769660 9796002 color=lorange
4 11976703 11984437 scaffold_13 3377863 3484665 color=lorange
4 11999383 12005449 scaffold_13 9834075 9844728 color=lorange
4 12005518 12006284 scaffold_13 9846155 9847459 color=lorange
4 12032182 12033770 scaffold_13 9893682 9895253 color=lorange
4 12105275 12122830 scaffold_13 9959141 10233785 color=lorange
4 12137141 12140429 scaffold_13 10256726 10259805 color=lorange
4 12158020 12163779 scaffold_7 4730655 4749628 color=lorange
4 12165591 12169367 scaffold_7 4720162 4725475 color=lorange
4 12248524 12254917 scaffold_7 4508455 4700756 color=lorange
4 12255817 12257114 scaffold_7 4502729 4504100 color=lorange
4 12317342 12319016 scaffold_7 4213765 4215582 color=lorange
4 12323526 12327395 scaffold_7 4191302 4207325 color=lorange
4 12333408 12342460 scaffold_7 4114840 4163534 color=lorange
4 12349956 12351463 scaffold_7 4092528 4095739 color=lorange
4 12363258 12384739 scaffold_7 3991916 4091363 color=lorange
4 12363258 12384739 scaffold_7 3991916 4091363 color=lorange
4 12436276 12438758 scaffold_20 6067789 6122979 color=lorange
4 12678563 12687359 scaffold_20 5508552 5525949 color=lorange
4 12899601 12903305 scaffold_20 5994430 6025437 color=lorange
4 12904062 12906733 scaffold_20 6026023 6028571 color=lorange
4 12955950 12962498 scaffold_20 4760310 4776341 color=lorange
4 12974055 12976709 scaffold_20 4746773 4751202 color=lorange
4 12976840 12978137 scaffold_20 4743752 4746623 color=lorange
4 13036199 13052787 scaffold_20 4600883 4638706 color=lorange
4 13059498 13062253 scaffold_20 4576791 4584410 color=lorange
4 13065079 13070878 scaffold_20 4569647 4572901 color=lorange
4 13080699 13085021 scaffold_20 4534463 4544214 color=lorange
4 13087373 13088028 scaffold_20 4531916 4533019 color=lorange
4 13088523 13090570 scaffold_20 4530325 4530926 color=lorange
4 13091593 13097023 scaffold_20 4471859 4525859 color=lorange
4 13104382 13113754 scaffold_20 4471859 4525859 color=lorange
4 13501435 13506458 scaffold_20 3595650 3605106 color=lorange
4 13507161 13509238 scaffold_20 3588709 3591405 color=lorange
4 13510408 13514870 scaffold_20 3580444 3586844 color=lorange
4 13541288 13549123 scaffold_20 3492604 3534070 color=lorange
4 13583512 13584365 scaffold_7 21796596 21803803 color=lorange
4 13585037 13590341 scaffold_7 21772252 21795910 color=lorange
4 13592895 13595174 scaffold_7 21721501 21765843 color=lorange
4 13600841 13608001 scaffold_7 21657130 21690365 color=lorange
4 13614518 13635749 scaffold_7 14170719 14260879 color=lorange
4 13643011 13653683 scaffold_7 14276955 14329012 color=lorange
4 13708610 13722361 scaffold_7 14412047 14677796 color=lorange
4 13742941 13743501 scaffold_7 14775692 14776252 color=lorange
4 13755325 13756773 scaffold_7 14822413 14825354 color=lorange
4 13757852 13761542 scaffold_7 14829841 14961520 color=lorange
4 13762298 13764120 scaffold_7 14843482 14846125 color=lorange
4 13764237 13784095 scaffold_7 14829841 14961520 color=lorange
4 13788952 13790798 scaffold_7 14968886 14975441 color=lorange
4 13799953 13807634 scaffold_7 15011696 15143611 color=lorange
4 13836241 13849444 scaffold_7 15161290 15201775 color=lorange
4 13856724 13867017 scaffold_7 15214971 15342852 color=lorange
4 13907002 13910639 scaffold_7 15472193 15487600 color=lorange
4 13918044 13924115 scaffold_7 15526284 15586653 color=lorange
4 13926597 13940181 scaffold_7 15526284 15586653 color=lorange
4 13964031 13967816 scaffold_7 15678651 15689252 color=lorange
4 13975279 13981899 scaffold_7 15700966 15848763 color=lorange
4 14072905 14075261 scaffold_7 16064387 16107794 color=lorange
4 14117939 14124638 scaffold_7 16303934 16366792 color=lorange
4 14126651 14129291 scaffold_7 16378699 16461197 color=lorange
4 14169827 14185698 scaffold_7 16471110 16526017 color=lorange
4 14194559 14197249 scaffold_7 16552918 16594043 color=lorange
4 14206757 14210638 scaffold_7 16594942 16639655 color=lorange
4 14211077 14219425 scaffold_7 16594942 16639655 color=lorange
4 14225357 14236575 scaffold_7 16651674 16772822 color=lorange
4 14239125 14245201 scaffold_7 16708289 16728807 color=lorange
4 14247192 14251256 scaffold_7 16651674 16772822 color=lorange
4 14253138 14276068 scaffold_7 16775362 16826022 color=lorange
4 14601006 14616131 scaffold_7 17793380 17928370 color=lorange
4 14601006 14616131 scaffold_59 42762 178315 color=lorange
4 15027801 15034606 scaffold_7 20019065 20039488 color=lorange
4 15027801 15034606 scaffold_7 19647965 19666948 color=lorange
4 15047975 15048265 scaffold_7 20093813 20123934 color=lorange
4 15050499 15055484 scaffold_7 20093813 20123934 color=lorange
4 15050499 15055484 scaffold_7 19745092 19763311 color=lorange
4 15059490 15061962 scaffold_7 20149397 20181537 color=lorange
4 15059490 15061962 scaffold_7 19793861 19820824 color=lorange
4 15064393 15071707 scaffold_7 20211071 20244982 color=lorange
4 15083825 15087549 scaffold_7 20313320 20339707 color=lorange
4 15089897 15091532 scaffold_7 20343192 20361688 color=lorange
4 15118208 15120078 scaffold_7 20466276 20501840 color=lorange
4 15123132 15124730 scaffold_7 20466276 20501840 color=lorange
4 15126303 15131613 scaffold_7 20503339 20515448 color=lorange
4 15142685 15146269 scaffold_7 20552971 20560417 color=lorange
4 15191152 15204062 scaffold_7 20954919 20975372 color=lorange
4 15210902 15212226 scaffold_7 20998418 21001769 color=lorange
4 15213516 15217574 scaffold_7 21008013 21058103 color=lorange
4 15218853 15227366 scaffold_7 21064435 21096935 color=lorange
4 15283858 15288141 scaffold_7 21346320 21388792 color=lorange
4 15289563 15292942 scaffold_7 21400293 21425549 color=lorange
4 15293772 15298735 scaffold_7 21432002 21470508 color=lorange
4 15305470 15306989 scaffold_7 21581522 21626447 color=lorange
4 15310142 15314920 scaffold_7 14063369 14097599 color=lorange
4 15326561 15328486 scaffold_7 14120347 14127445 color=lorange
4 15331011 15342682 scaffold_7 14130138 14164603 color=lorange
4 15348473 15354002 scaffold_7 5005697 5034797 color=lorange
4 15354629 15356164 scaffold_7 5036564 5042546 color=lorange
4 15360864 15368437 scaffold_7 5043868 5057112 color=lorange
4 15385602 15388009 scaffold_7 3987463 3990379 color=lorange
4 15409470 15412104 scaffold_20 6213707 6222728 color=lorange
4 15423608 15426373 scaffold_20 6224653 6267762 color=lorange
4 15427574 15430877 scaffold_20 6303847 6318117 color=lorange
4 15437804 15439289 scaffold_20 6273656 6283690 color=lorange
4 15784206 15785096 scaffold_155 108658 109548 color=lorange
4 15784206 15785096 scaffold_20 7321670 7322560 color=lorange
4 16033412 16035136 scaffold_123 29870 32768 color=lorange
4 16167978 16181675 scaffold_15 10141631 10224686 color=lorange
4 17059104 17064442 scaffold_7 30384935 30463061 color=lorange
4 21597924 21604286 scaffold_7 30138086 30163788 color=lorange
4 21749145 21768062 scaffold_15 10246856 10351881 color=lorange
4 21871735 21877066 scaffold_15 7373657 7428732 color=lorange
4 21940475 21963719 scaffold_15 7098275 7174130 color=lorange
4 21961163 21963719 scaffold_15 7098275 7174130 color=lorange
4 22021607 22022411 scaffold_15 6897281 6984830 color=lorange
4 22021607 22023009 scaffold_15 6897281 6984830 color=lorange
4 22025166 22027515 scaffold_15 6897281 6984830 color=lorange
4 22125841 22159085 scaffold_15 6506932 6632267 color=lorange
4 22168421 22182832 scaffold_15 6355064 6457126 color=lorange
4 22168421 22190243 scaffold_15 6355064 6457126 color=lorange
4 22197934 22199175 scaffold_15 6355064 6457126 color=lorange
4 22303824 22305382 scaffold_15 5900582 5950359 color=lorange
4 22303824 22305382 scaffold_15 5293512 5318541 color=lorange
4 22306523 22309636 scaffold_15 5873705 5884052 color=lorange
4 22306523 22309636 scaffold_15 5238358 5244018 color=lorange
4 22316075 22330684 scaffold_15 5807927 5857475 color=lorange
4 22316075 22330684 scaffold_15 5180041 5234717 color=lorange
4 22334521 22338313 scaffold_15 5739573 5748149 color=lorange
4 22334521 22338313 scaffold_15 5052463 5060432 color=lorange
4 22355972 22364396 scaffold_15 5670223 5686814 color=lorange
4 22355972 22364396 scaffold_15 4849885 4979511 color=lorange
4 22375123 22387944 scaffold_15 4849885 4979511 color=lorange
4 22423181 22436513 scaffold_7 33422647 33533215 color=lorange
4 22423181 22436513 scaffold_7 36041355 36139579 color=lorange
4 22440774 22449495 scaffold_7 36165837 36247398 color=lorange
4 22450742 22450954 scaffold_7 33422647 33533215 color=lorange
4 22450742 22450954 scaffold_7 36041355 36139579 color=lorange
4 22455215 22462192 scaffold_7 36165837 36247398 color=lorange
4 22492858 22494054 scaffold_7 36165837 36247398 color=lorange
4 22646153 22650054 scaffold_7 34265191 34282426 color=lorange
4 22646153 22650054 scaffold_7 36712306 36722371 color=lorange
4 22657811 22661536 scaffold_7 36732020 36748509 color=lorange
4 22657811 22661536 scaffold_7 34291817 34308170 color=lorange
4 22663677 22666434 scaffold_7 36732020 36748509 color=lorange
4 22663677 22666434 scaffold_7 34291817 34308170 color=lorange
4 22668199 22686249 scaffold_7 36749552 36802001 color=lorange
4 22668199 22686249 scaffold_7 34309205 34365778 color=lorange
4 22700509 22709868 scaffold_7 34389179 34429886 color=lorange
4 22700509 22709868 scaffold_7 36867432 36915858 color=lorange
4 22746742 22770913 scaffold_7 37055881 37083064 color=lorange
4 22746742 22770913 scaffold_7 34655598 34697827 color=lorange
4 22781374 22783371 scaffold_7 37107544 37120489 color=lorange
4 22781374 22783371 scaffold_7 34712969 34768651 color=lorange
4 22796402 22805574 scaffold_7 34712969 34768651 color=lorange
4 22796402 22805574 scaffold_7 37175492 37175698 color=lorange
4 22818128 22852258 scaffold_7 37201504 37333707 color=lorange
4 22818128 22852258 scaffold_7 34783787 34872920 color=lorange
4 22952588 22960833 scaffold_7 37527900 37549737 color=lorange
4 22952588 22960833 scaffold_7 35098398 35112440 color=lorange
4 23201224 23207657 scaffold_7 38065904 38105037 color=lorange
4 23232299 23239300 scaffold_7 38112851 38285724 color=lorange
4 23241663 23243371 scaffold_7 38112851 38285724 color=lorange
4 23406256 23418163 scaffold_7 38639388 38657885 color=lorange
4 23419011 23435613 scaffold_7 38673388 38727121 color=lorange
4 23473858 23474364 scaffold_7 38793812 38794330 color=lorange
4 23483733 23485726 scaffold_7 38808265 38837562 color=lorange
4 23488067 23488309 scaffold_7 38808265 38837562 color=lorange
4 23502266 23523616 scaffold_7 38862193 38920717 color=lorange
4 23525403 23534065 scaffold_7 38926764 39027501 color=lorange
4 23544413 23555287 scaffold_7 38926764 39027501 color=lorange
4 23566078 23571795 scaffold_7 39052896 39060621 color=lorange
4 23566078 23571886 scaffold_7 39052896 39060621 color=lorange
4 23589260 23594560 scaffold_7 39117717 39365362 color=lorange
4 23677808 23683299 scaffold_7 39581189 39596930 color=lorange
4 23688922 23706986 scaffold_7 39608625 39696520 color=lorange
4 23713731 23723678 scaffold_7 39697091 39723617 color=lorange
4 23760876 23769450 scaffold_7 39812187 39862934 color=lorange
4 23770071 23782635 scaffold_7 39812187 39862934 color=lorange
4 23975424 23980578 scaffold_7 40438869 40445289 color=lorange
4 24005318 24006876 scaffold_7 40522122 40541512 color=lorange
4 24014990 24016912 scaffold_7 40552156 40559691 color=lorange
4 24167600 24174507 scaffold_7 41070182 41082491 color=lorange
4 24204200 24226916 scaffold_7 41204041 41266136 color=lorange
4 24237472 24254068 scaffold_7 41274589 41399239 color=lorange
4 24311417 24318656 scaffold_7 41479592 41951775 color=lorange
4 24336714 24347042 scaffold_7 41479592 41951775 color=lorange
4 24358592 24370753 scaffold_7 41479592 41951775 color=lorange
4 24443936 24449664 scaffold_7 41479592 41951775 color=lorange
4 24614889 24621687 scaffold_7 42270335 42281847 color=lorange
4 24615408 24621687 scaffold_7 42270335 42281847 color=lorange
4 24704042 24715726 scaffold_7 42566338 42744286 color=lorange
4 24735871 24744705 scaffold_7 42566338 42744286 color=lorange
4 24735871 24744705 scaffold_7 42566338 42744286 color=lorange
4 24812611 24814654 scaffold_7 42916053 43016171 color=lorange
4 24820114 24841696 scaffold_7 42916053 43016171 color=lorange
4 24856782 24858899 scaffold_7 43016249 43024259 color=lorange
4 24885891 24888618 scaffold_7 43089899 43157093 color=lorange
4 24894161 24903520 scaffold_7 43089899 43157093 color=lorange
4 24932764 24949084 scaffold_7 43231339 43290414 color=lorange
4 25020177 25030582 scaffold_7 43479527 43639625 color=lorange
4 25104508 25105992 scaffold_7 43727350 43729269 color=lorange
4 25200098 25223228 scaffold_7 44119997 44196662 color=lorange
4 25238982 25278319 scaffold_7 44249183 44345375 color=lorange
4 25334639 25338121 scaffold_113 612746 634353 color=lorange
4 25334639 25338121 scaffold_7 44690993 44727596 color=lorange
4 25406377 25460822 scaffold_113 238324 509982 color=lorange
4 25406377 25460822 scaffold_7 44930440 45074119 color=lorange
4 25469510 25482376 scaffold_7 45104291 45136756 color=lorange
4 25469510 25482376 scaffold_113 170558 200740 color=lorange
4 25501174 25501734 scaffold_113 98518 99078 color=lorange
4 25501174 25501734 scaffold_7 45186609 45187169 color=lorange
4 25504763 25507248 scaffold_113 89806 96140 color=lorange
4 25504763 25507248 scaffold_7 45189547 45201527 color=lorange
4 25518677 25537361 scaffold_7 45233900 45286414 color=lorange
4 25518677 25537361 scaffold_58 1878490 1884691 color=lorange
4 25546444 25554261 scaffold_58 1849691 1868815 color=lorange
4 25546444 25554261 scaffold_7 45296177 45316506 color=lorange
4 25568293 25575024 scaffold_7 45390203 45424923 color=lorange
4 25568293 25575024 scaffold_58 1756769 1788211 color=lorange
4 25579092 25582275 scaffold_58 1737350 1755159 color=lorange
4 25579092 25582275 scaffold_7 45433083 45461043 color=lorange
4 25601023 25615775 scaffold_58 1661753 1686650 color=lorange
4 25601023 25615775 scaffold_7 45534963 45560739 color=lorange
4 25669850 25676365 scaffold_7 45737429 45775597 color=lorange
4 25669850 25676365 scaffold_58 1478727 1518622 color=lorange
4 25729980 25733749 scaffold_721 11381 16580 color=lorange
4 25729980 25733749 scaffold_58 1350743 1355203 color=lorange
4 25729980 25733749 scaffold_7 45896363 45901562 color=lorange
4 25742892 25752369 scaffold_7 45914938 45955501 color=lorange
4 25742892 25752369 scaffold_58 1317176 1334655 color=lorange
4 25779860 25781392 scaffold_7 46020985 46057130 color=lorange
4 25779860 25781392 scaffold_58 1179047 1231067 color=lorange
4 26489206 26501536 scaffold_7 48088296 48124262 color=lorange
4 26503989 26504720 scaffold_7 48185248 48185988 color=lorange
4 26509420 26513847 scaffold_7 48193764 48216339 color=lorange
4 26510703 26513847 scaffold_7 48193764 48216339 color=lorange
4 26537247 26550045 scaffold_7 48233958 48483916 color=lorange
4 26662076 26669162 scaffold_7 48233958 48483916 color=lorange
4 27086416 27086914 scaffold_7 49606677 49607178 color=lorange
4 27087765 27102306 scaffold_7 49607928 49627720 color=lorange
4 27115724 27123739 scaffold_7 49659660 49675476 color=lorange
4 27124008 27129543 scaffold_7 49676249 49690859 color=lorange
4 27132751 27140335 scaffold_5 57389766 57390869 color=lorange
4 27132751 27140335 scaffold_49 2334344 2335747 color=lorange
4 27132751 27140335 scaffold_14 3248645 3250351 color=lorange
4 27141880 27147748 scaffold_7 49818824 49828054 color=lorange
4 27152645 27156811 scaffold_7 49847272 49868225 color=lorange
4 27178439 27208814 scaffold_7 49913697 50342077 color=lorange
4 27585860 27591651 scaffold_7 50944585 50951714 color=lorange
4 27593947 27598554 scaffold_7 50956843 50975647 color=lorange
4 27637341 27639485 scaffold_7 51089655 51100002 color=lorange
4 27648766 27654461 scaffold_7 51135748 51148455 color=lorange
4 27669320 27673285 scaffold_7 51202354 51208702 color=lorange
4 27687931 27701867 scaffold_7 51248168 51281814 color=lorange
4 27735076 27737208 scaffold_7 51283715 51369334 color=lorange
4 27781887 27819999 scaffold_7 51488922 51593668 color=lorange
4 27834583 27844790 scaffold_7 51622466 51641886 color=lorange
4 27856629 27866676 scaffold_7 51644084 51690420 color=lorange
4 27995618 28007287 scaffold_7 51885566 52057734 color=lorange
4 28017476 28021842 scaffold_7 52069149 52074943 color=lorange
4 28061398 28062493 scaffold_7 52261744 52262271 color=lorange
4 28107468 28117124 scaffold_7 52342827 52394448 color=lorange
4 28148248 28149363 scaffold_7 52467058 52468173 color=lorange
4 28263903 28279980 scaffold_7 52814047 52871926 color=lorange
4 28285269 28291805 scaffold_7 52895506 52902973 color=lorange
4 28467568 28468463 scaffold_7 53401279 53552251 color=lorange
4 28498877 28504674 scaffold_7 53401279 53552251 color=lorange
4 28527394 28536248 scaffold_7 53607120 53696674 color=lorange
4 28571721 28578264 scaffold_7 53745929 53777741 color=lorange
4 28583889 28588488 scaffold_7 53793982 53798322 color=lorange
4 28583889 28588488 scaffold_7 53793982 53798322 color=lorange
4 28592760 28598383 scaffold_7 53811169 53814849 color=lorange
4 28605744 28607243 scaffold_7 53836702 53838201 color=lorange
4 28712213 28719721 scaffold_7 54011136 54125404 color=lorange
4 28759091 28765726 scaffold_7 54228182 54241525 color=lorange
4 28776453 28780548 scaffold_7 54259854 54342661 color=lorange
4 28784056 28795897 scaffold_7 54259854 54342661 color=lorange
4 28798819 28802735 scaffold_7 54347202 54374155 color=lorange
4 28812981 28815919 scaffold_61 290264 293552 color=lorange
4 28839729 28845843 scaffold_61 226393 243896 color=lorange
4 28916439 28927986 scaffold_61 18164 44785 color=lorange
4 29046577 29050484 scaffold_7 63691649 63725426 color=lorange
4 29114086 29126669 scaffold_7 63334915 63534367 color=lorange
4 29238976 29242808 scaffold_7 63273736 63284878 color=lorange
4 29239191 29242808 scaffold_7 63273736 63284878 color=lorange
4 29252702 29259894 scaffold_7 63219912 63244081 color=lorange
4 29269083 29286820 scaffold_7 63165795 63209474 color=lorange
4 29305848 29308938 scaffold_7 63100398 63102649 color=lorange
4 29313408 29317175 scaffold_7 63089508 63098856 color=lorange
4 29318400 29328620 scaffold_7 63068067 63086588 color=lorange
4 29331306 29337766 scaffold_7 63049303 63064723 color=lorange
4 29354989 29366750 scaffold_7 62969488 63001779 color=lorange
4 29398144 29407538 scaffold_7 62862914 62875952 color=lorange
4 29409855 29412422 scaffold_7 62857301 62861201 color=lorange
4 29584882 29590123 scaffold_7 62270066 62488042 color=lorange
4 29635844 29636197 scaffold_7 62220063 62220416 color=lorange
4 29637084 29644441 scaffold_7 62208887 62217623 color=lorange
4 29641302 29644441 scaffold_7 62208887 62217623 color=lorange
4 29646040 29647652 scaffold_7 62195425 62206130 color=lorange
4 29646040 29647817 scaffold_7 62195425 62206130 color=lorange
4 29720566 29726529 scaffold_7 62052274 62071215 color=lorange
4 29765089 29768309 scaffold_7 61970215 61992892 color=lorange
4 29820302 29823534 scaffold_7 61844980 61851029 color=lorange
4 29828176 29829780 scaffold_7 61830706 61832310 color=lorange
4 29841887 29844499 scaffold_7 61804392 61805679 color=lorange
4 29844971 29854585 scaffold_7 61774342 61802490 color=lorange
4 29907453 29913387 scaffold_7 61675494 61681551 color=lorange
4 29938723 29944189 scaffold_7 61620211 61623332 color=lorange
4 29946305 29956124 scaffold_7 61591869 61615766 color=lorange
4 30199657 30207700 scaffold_7 60857182 60876770 color=lorange
4 30229266 30231995 scaffold_7 60794295 60805009 color=lorange
4 30420507 30429357 scaffold_7 60210045 60540368 color=lorange
4 30429379 30433686 scaffold_7 60188525 60196342 color=lorange
4 30436670 30437134 scaffold_7 60188525 60196342 color=lorange
4 30473225 30475885 scaffold_7 60073115 60087671 color=lorange
4 30473225 30475960 scaffold_7 60073115 60087671 color=lorange
4 30476766 30483338 scaffold_7 60050330 60072324 color=lorange
4 30752457 30774438 scaffold_7 59252197 59318847 color=lorange
4 30791864 30804530 scaffold_7 79872561 79899451 color=lorange
4 30791864 30804530 scaffold_44 2720597 2750579 color=lorange
4 30815212 30820092 scaffold_98 836522 849892 color=lorange
4 30897595 30901597 scaffold_7 79655387 79666297 color=lorange
4 30897595 30901597 scaffold_98 608535 618987 color=lorange
4 30976360 30976782 scaffold_7 79428129 79467470 color=lorange
4 30976360 30976782 scaffold_98 438491 438919 color=lorange
4 31205670 31214922 scaffold_7 78763196 78778206 color=lorange
4 31240250 31254432 scaffold_7 78608013 78670081 color=lorange
4 31302333 31318223 scaffold_7 78705043 78734881 color=lorange
4 31322548 31322958 scaffold_7 78760170 78760580 color=lorange
4 31323811 31328596 scaffold_7 78487022 78564054 color=lorange
4 31350682 31351723 scaffold_7 78487022 78564054 color=lorange
4 31357230 31361556 scaffold_7 78463303 78471682 color=lorange
4 31388366 31392311 scaffold_7 78398051 78402032 color=lorange
4 31394056 31401831 scaffold_7 78373794 78396244 color=lorange
4 31543809 31564882 scaffold_7 77859174 78151139 color=lorange
4 31581553 31593271 scaffold_7 77859174 78151139 color=lorange
4 31607479 31618604 scaffold_7 77859174 78151139 color=lorange
4 31626429 31627739 scaffold_7 77803668 77804686 color=lorange
4 31658544 31662149 scaffold_7 77736383 77739018 color=lorange
4 31846192 31865551 scaffold_7 77135061 77406039 color=lorange
4 32035223 32038547 scaffold_7 76745111 76895125 color=lorange
4 32129574 32129951 scaffold_7 76379111 76491321 color=lorange
4 32145652 32146369 scaffold_7 76379111 76491321 color=lorange
4 32168297 32168977 scaffold_7 76379111 76491321 color=lorange
4 32354063 32382442 scaffold_21 5246665 5274105 color=lorange
4 32387890 32396158 scaffold_21 5289174 5403078 color=lorange
4 32576446 32576962 scaffold_21 5801874 5829447 color=lorange
4 32586879 32588770 scaffold_21 5839178 5845558 color=lorange
4 32629216 32634827 scaffold_21 5919565 5932782 color=lorange
4 32636874 32643774 scaffold_21 6076378 6114662 color=lorange
4 32646103 32648360 scaffold_21 6064159 6083341 color=lorange
4 32652370 32658978 scaffold_21 6064159 6083341 color=lorange
4 32672662 32673094 scaffold_7 54407995 54408417 color=lorange
4 32707347 32733532 scaffold_7 54476356 54756512 color=lorange
4 32776706 32788200 scaffold_7 54476356 54756512 color=lorange
4 33216125 33221558 scaffold_7 56035875 56418559 color=lorange
4 33230984 33241763 scaffold_7 56035875 56418559 color=lorange
4 33250340 33259666 scaffold_7 56035875 56418559 color=lorange
4 33280335 33302616 scaffold_7 56035875 56418559 color=lorange
4 33335550 33342426 scaffold_7 57103482 57110224 color=lorange
4 33368059 33371143 scaffold_7 52202191 52209810 color=lorange
4 33382069 33385381 scaffold_7 57133900 57185122 color=lorange
4 33389313 33391530 scaffold_7 57199154 57205372 color=lorange
4 33431349 33444706 scaffold_7 57316683 57354038 color=lorange
4 33487324 33499515 scaffold_7 57467934 57504037 color=lorange
4 33557780 33569776 scaffold_7 57647282 57676883 color=lorange
4 33969365 33974334 scaffold_7 59181928 59211219 color=lorange
4 33984083 33985211 scaffold_159 67605 69592 color=lorange
4 33984083 33985211 scaffold_157 58759 60762 color=lorange
4 34020020 34023470 scaffold_21 6276182 6293535 color=lorange
4 34024409 34025307 scaffold_21 6274474 6275550 color=lorange
4 34027280 34028124 scaffold_21 6270831 6272814 color=lorange
4 34068493 34071680 scaffold_21 6298210 6301898 color=lorange
4 34077598 34078843 scaffold_21 6317376 6331784 color=lorange
4 34095135 34098046 scaffold_21 6389735 6400822 color=lorange
4 34098982 34100608 scaffold_21 6408026 6419155 color=lorange
4 34269452 34275550 scaffold_21 7147952 7181442 color=lorange
4 34372266 34372835 scaffold_159 193256 194975 color=lorange
4 34372266 34372835 scaffold_157 189526 191246 color=lorange
4 34403308 34411694 scaffold_157 87160 109322 color=lorange
4 34403308 34411694 scaffold_159 90495 119188 color=lorange
4 34448258 34449754 scaffold_61 518066 522274 color=lorange
4 34452162 34453207 scaffold_7 64659490 64660977 color=lorange
4 34699586 34702619 scaffold_7 65623964 65638266 color=lorange
4 34711782 34722139 scaffold_7 65656433 65685265 color=lorange
4 34723571 34725032 scaffold_7 65686911 65689080 color=lorange
4 34738209 34742402 scaffold_7 65730318 65745213 color=lorange
4 34738209 34742402 scaffold_7 65730318 65745213 color=lorange
4 34743334 34751557 scaffold_7 65754314 65784678 color=lorange
4 34753025 34758545 scaffold_7 65786185 65792202 color=lorange
4 34775974 34784699 scaffold_7 65869423 65895858 color=lorange
4 34863139 34863579 scaffold_7 66131806 66211978 color=lorange
4 34889406 34911077 scaffold_7 66390923 66404291 color=lorange
4 34969534 34974697 scaffold_7 66595957 66613188 color=lorange
4 34996572 35010096 scaffold_7 66653377 66806720 color=lorange
4 35039944 35052186 scaffold_7 66653377 66806720 color=lorange
4 35059378 35062421 scaffold_7 66834191 66836593 color=lorange
4 35083727 35089392 scaffold_7 66887684 66898542 color=lorange
4 35091039 35092214 scaffold_7 66844491 66907321 color=lorange
4 35096025 35100175 scaffold_7 66912664 67022578 color=lorange
4 35124765 35125910 scaffold_7 66912664 67022578 color=lorange
4 35394262 35414126 scaffold_7 67845749 67945839 color=lorange
4 35420354 35428278 scaffold_7 67845749 67945839 color=lorange
4 35469241 35470108 scaffold_7 68074603 68075387 color=lorange
4 35472759 35473692 scaffold_7 68083425 68084525 color=lorange
4 35656864 35665193 scaffold_7 68085443 68685459 color=lorange
4 35668748 35672974 scaffold_7 68688601 68696468 color=lorange
4 35679010 35682213 scaffold_7 68706203 68710277 color=lorange
4 35683777 35686596 scaffold_7 68711332 68745919 color=lorange
4 35689776 35691110 scaffold_7 68711332 68745919 color=lorange
4 35701272 35704393 scaffold_7 68770348 68774229 color=lorange
4 35792465 35802156 scaffold_7 68977265 69061563 color=lorange
4 35808414 35821649 scaffold_7 68942865 68968019 color=lorange
4 35864318 35867089 scaffold_7 68777321 68783377 color=lorange
4 35869212 35873373 scaffold_7 69330852 69331857 color=lorange
4 35876786 35880527 scaffold_61 702523 715057 color=lorange
4 35888271 35899752 scaffold_61 638527 694531 color=lorange
4 35926280 35930254 scaffold_61 297352 311476 color=lorange
4 35933021 35944470 scaffold_61 315856 354452 color=lorange
4 35993258 35997742 scaffold_61 463127 495468 color=lorange
4 35998910 36003974 scaffold_61 495947 508442 color=lorange
4 36059026 36068322 scaffold_131 326432 365432 color=lorange
4 36059026 36068322 scaffold_7 64418277 64464524 color=lorange
4 36082471 36100551 scaffold_131 252492 294332 color=lorange
4 36082471 36100551 scaffold_7 64339202 64390337 color=lorange
4 36204693 36206309 scaffold_61 1669958 1672635 color=lorange
4 36204693 36206309 scaffold_7 63996134 64001094 color=lorange
4 36216374 36221442 scaffold_61 1626800 1650996 color=lorange
4 36229312 36237099 scaffold_61 1567513 1592716 color=lorange
4 36238920 36245532 scaffold_61 1545722 1559906 color=lorange
4 36248720 36268396 scaffold_61 1333833 1538468 color=lorange
4 36411625 36436690 scaffold_7 69337360 69584184 color=lorange
4 36497943 36500339 scaffold_7 69607583 69611158 color=lorange
4 36501145 36502137 scaffold_7 69611867 69614232 color=lorange
4 36535810 36538827 scaffold_7 69724271 69732981 color=lorange
4 36543815 36546682 scaffold_7 69741706 69745003 color=lorange
4 36548308 36552173 scaffold_7 69746829 69757981 color=lorange
4 36554518 36558194 scaffold_7 69766752 69782926 color=lorange
4 36561420 36565210 scaffold_7 69787318 69800218 color=lorange
4 36568325 36569629 scaffold_7 69802885 69804524 color=lorange
4 36570028 36573916 scaffold_7 69804914 69814067 color=lorange
4 36602808 36604653 scaffold_7 69909808 69920446 color=lorange
4 36634119 36643484 scaffold_7 69963789 70161027 color=lorange
4 36691512 36694521 scaffold_7 69963789 70161027 color=lorange
4 36717905 36720068 scaffold_7 70260011 70333181 color=lorange
4 36752064 36755994 scaffold_7 70214088 70340310 color=lorange
4 36786240 36788322 scaffold_7 70432032 70437030 color=lorange
4 36786240 36788322 scaffold_1 69238428 69239558 color=lorange
4 36786240 36788322 scaffold_19 5026722 5041926 color=lorange
4 36790402 36792042 scaffold_7 70450814 70452139 color=lorange
4 36792378 36793214 scaffold_7 70452565 70453404 color=lorange
4 36795910 36799510 scaffold_7 70459987 70466983 color=lorange
4 36800145 36801900 scaffold_7 70468008 70469777 color=lorange
4 36848261 36848998 scaffold_7 70616910 70617647 color=lorange
4 36849249 36853564 scaffold_7 70621466 70628413 color=lorange
4 36853708 36859228 scaffold_7 70629293 70637176 color=lorange
4 36859548 36865091 scaffold_7 70637976 70656164 color=lorange
4 36868335 36874638 scaffold_7 70664399 70692235 color=lorange
4 36876427 36879242 scaffold_7 70698830 70711009 color=lorange
4 36924644 36931726 scaffold_7 75949320 75970682 color=lorange
4 36924644 36931846 scaffold_7 75949320 75970682 color=lorange
4 36973744 36977672 scaffold_7 75785681 75793942 color=lorange
4 36986654 36988342 scaffold_12 16273784 16308238 color=lorange
4 36991665 36994062 scaffold_7 75731192 75736658 color=lorange
4 37004392 37009203 scaffold_7 75483478 75703536 color=lorange
4 37077782 37078081 scaffold_7 75483478 75703536 color=lorange
4 37092307 37106365 scaffold_7 75310350 75415869 color=lorange
4 37173644 37177395 scaffold_7 75219297 75224121 color=lorange
4 37296217 37296477 scaffold_7 74870978 75072446 color=lorange
4 37301292 37315865 scaffold_7 74870978 75072446 color=lorange
4 37539691 37542590 scaffold_7 74128318 74152503 color=lorange
4 37539691 37550173 scaffold_7 74128318 74152503 color=lorange
4 37554985 37561654 scaffold_7 74095457 74122366 color=lorange
4 37565181 37572754 scaffold_7 74057402 74089683 color=lorange
4 37586449 37594448 scaffold_7 74004724 74014141 color=lorange
4 37774914 37776617 scaffold_7 73452483 73666793 color=lorange
4 37780052 37782793 scaffold_7 73440018 73444802 color=lorange
4 37783631 37789773 scaffold_7 73418546 73435696 color=lorange
4 37783778 37789773 scaffold_7 73418546 73435696 color=lorange
4 37793803 37801801 scaffold_7 73313144 73411422 color=lorange
4 37846752 37863008 scaffold_7 73196511 73237545 color=lorange
4 37869182 37882369 scaffold_7 73158062 73185686 color=lorange
4 37928306 37933652 scaffold_7 73041015 73062361 color=lorange
4 38198409 38211856 scaffold_7 72213123 72230864 color=lorange
4 38220215 38223183 scaffold_7 72194195 72198815 color=lorange
4 38224689 38228229 scaffold_2 68987543 69007200 color=lorange
4 38229328 38230745 scaffold_7 72188843 72191097 color=lorange
4 38229328 38230745 scaffold_10 16458143 16460316 color=lorange
4 38234030 38236713 scaffold_7 72181745 72185564 color=lorange
4 38238758 38264328 scaffold_7 72129649 72174266 color=lorange
4 38279293 38280993 scaffold_7 72083010 72084710 color=lorange
4 38301175 38302323 scaffold_7 72008072 72009138 color=lorange
4 38302718 38306717 scaffold_7 72004191 72006629 color=lorange
4 38306827 38308011 scaffold_7 72002283 72004085 color=lorange
4 38310213 38313351 scaffold_7 71995617 72000887 color=lorange
4 38328938 38336401 scaffold_7 71938789 71993079 color=lorange
4 38337753 38340585 scaffold_7 71929964 71937768 color=lorange
4 38343246 38343938 scaffold_7 71909653 71927295 color=lorange
4 38358450 38363377 scaffold_7 71893370 71907476 color=lorange
4 38365421 38366761 scaffold_7 71885443 71887351 color=lorange
4 38371397 38372605 scaffold_7 71871948 71878188 color=lorange
4 38372637 38374640 scaffold_7 71870277 71871916 color=lorange
4 38376329 38378116 scaffold_7 71849423 71851210 color=lorange
4 38393986 38401781 scaffold_7 71801753 71821225 color=lorange
4 38403227 38409103 scaffold_7 71785558 71799681 color=lorange
4 38454101 38463677 scaffold_7 71685967 71743078 color=lorange
4 38584356 38585319 scaffold_7 71329566 71330639 color=lorange
4 38597177 38600109 scaffold_7 71084323 71315870 color=lorange
4 38705670 38712296 scaffold_7 71047130 71066220 color=lorange
4 38753538 38757369 scaffold_7 70936827 70974439 color=lorange
4 38783246 38799647 scaffold_7 70798277 70898550 color=lorange
4 38799887 38800941 scaffold_7 70796923 70798035 color=lorange
4 38801252 38801935 scaffold_7 70795844 70796524 color=lorange
4 38866642 38879529 scaffold_21 4846316 4881018 color=lorange
4 39007803 39013527 scaffold_21 4348873 4482545 color=lorange
4 39362610 39363805 scaffold_21 3278356 3280305 color=lorange
4 39373831 39378416 scaffold_21 3232646 3248912 color=lorange
4 39381459 39385973 scaffold_21 3253846 3270339 color=lorange
4 39393115 39397926 scaffold_21 3202747 3206833 color=lorange
4 39446664 39459387 scaffold_21 3059482 3146949 color=lorange
4 39478830 39485788 scaffold_21 2969581 3042605 color=lorange
4 39541360 39542431 scaffold_21 2869904 2872264 color=lorange
4 39590965 39591249 scaffold_21 2731939 2732247 color=lorange
4 39738653 39748298 scaffold_21 2225458 2364742 color=lorange
4 39769786 39771572 scaffold_21 2087589 2207341 color=lorange
4 39784212 39787127 scaffold_21 2087589 2207341 color=lorange
4 39801240 39804033 scaffold_21 2087589 2207341 color=lorange
4 39801240 39804048 scaffold_21 2087589 2207341 color=lorange
4 39955213 39956779 scaffold_21 1526911 1570434 color=lorange
4 40151781 40155672 scaffold_21 934990 937580 color=lorange
4 40156722 40158673 scaffold_21 926857 928907 color=lorange
4 40158996 40163160 scaffold_21 912532 926140 color=lorange
4 40165286 40165657 scaffold_21 901006 901377 color=lorange
4 40208479 40209675 scaffold_21 710614 775988 color=lorange
4 40222302 40231326 scaffold_21 710614 775988 color=lorange
4 40236628 40237392 scaffold_21 700429 701193 color=lorange
4 40257779 40260978 scaffold_21 612073 692319 color=lorange
4 40266357 40274310 scaffold_21 580702 603780 color=lorange
4 40288022 40290168 scaffold_21 515595 532060 color=lorange
4 40309890 40322467 scaffold_21 410892 447293 color=lorange
4 40325283 40327628 scaffold_21 393622 400804 color=lorange
4 40332386 40344896 scaffold_21 296174 385714 color=lorange
4 40459600 40461026 scaffold_44 895743 897171 color=lorange
4 40642477 40654740 scaffold_44 632865 670262 color=lorange
4 40656416 40662680 scaffold_44 1590437 1608405 color=lorange
4 40656416 40662680 scaffold_44 676412 750472 color=lorange
4 40701620 40707130 scaffold_44 808270 824802 color=lorange
4 40701620 40707130 scaffold_44 1737041 1754603 color=lorange
4 40719063 40720490 scaffold_44 2788110 2794799 color=lorange
4 40719063 40720490 scaffold_44 1775220 1783594 color=lorange
4 40729468 40734919 scaffold_44 2815441 2833449 color=lorange
4 40729468 40734919 scaffold_44 1802795 1824213 color=lorange
4 40778572 40779192 scaffold_44 2993852 2995807 color=lorange
4 40778572 40779192 scaffold_44 1981016 1982947 color=lorange
4 40828540 40830171 scaffold_7 80285158 80487643 color=lorange
4 40893226 40893924 scaffold_44 2352926 2353624 color=lorange
4 40893226 40893924 scaffold_7 80285158 80487643 color=lorange
4 40922763 40928067 scaffold_7 80173563 80192315 color=lorange
4 40922763 40928067 scaffold_44 2447495 2464321 color=lorange
4 40933190 40948443 scaffold_44 2477523 2516344 color=lorange
4 40933190 40948443 scaffold_7 80098677 80157770 color=lorange
4 40962941 40967001 scaffold_7 80067735 80070636 color=lorange
4 40962941 40967001 scaffold_44 2557197 2560071 color=lorange
4 40983349 40991187 scaffold_7 80027412 80034436 color=lorange
4 40983349 40991187 scaffold_44 2591475 2598547 color=lorange
4 40992101 40996867 scaffold_44 2599212 2605063 color=lorange
4 40992101 40996867 scaffold_7 80015493 80026746 color=lorange
4 41023155 41027525 scaffold_44 2628008 2635216 color=lorange
4 41023155 41027525 scaffold_7 79985574 79995575 color=lorange
4 41028208 41032468 scaffold_7 79952608 79984805 color=lorange
4 41028208 41032468 scaffold_44 2635974 2667351 color=lorange
4 41033113 41039247 scaffold_7 79952608 79984805 color=lorange
4 41033113 41039247 scaffold_44 2635974 2667351 color=lorange
4 41055214 41064396 scaffold_44 2685499 2703646 color=lorange
4 41055214 41064396 scaffold_7 79917120 79932654 color=lorange
5 175 4883 scaffold_3 37559067 37609415 color=lorange
5 19316 24851 scaffold_3 37684683 37809215 color=lorange
5 60009 69646 scaffold_3 37684683 37809215 color=lorange
5 239054 240767 scaffold_3 38674371 38828722 color=lorange
5 281046 293974 scaffold_3 38674371 38828722 color=lorange
5 326682 333407 scaffold_3 38970101 39017679 color=lorange
5 337752 349575 scaffold_3 39027799 39128886 color=lorange
5 404380 409378 scaffold_3 39326123 39353199 color=lorange
5 443404 459233 scaffold_3 39527900 39588429 color=lorange
5 513211 518072 scaffold_3 39866480 39945142 color=lorange
5 524317 526906 scaffold_3 39948581 39972132 color=lorange
5 528124 529829 scaffold_3 39977488 39982921 color=lorange
5 541976 545588 scaffold_3 39999142 40007492 color=lorange
5 547587 553359 scaffold_3 40013095 40033379 color=lorange
5 579685 586642 scaffold_3 40136215 40504734 color=lorange
5 723385 730435 scaffold_101 108532 146148 color=lorange
5 723385 730435 scaffold_43 2911032 2949192 color=lorange
5 731375 734601 scaffold_101 155017 176237 color=lorange
5 731375 734601 scaffold_43 2882228 2909273 color=lorange
5 761624 763887 scaffold_101 176992 291309 color=lorange
5 761624 763887 scaffold_43 2776955 2875236 color=lorange
5 768304 773768 scaffold_101 316678 350948 color=lorange
5 768304 773768 scaffold_43 2712180 2764004 color=lorange
5 779300 789160 scaffold_101 357372 399666 color=lorange
5 779300 789160 scaffold_43 2641298 2702810 color=lorange
5 789700 793411 scaffold_101 418149 434423 color=lorange
5 789700 793411 scaffold_43 2616061 2633633 color=lorange
5 946049 946796 scaffold_43 1208533 1230258 color=lorange
5 999374 999586 scaffold_43 802426 802638 color=lorange
5 1062327 1074681 scaffold_43 449784 542539 color=lorange
5 1089982 1098105 scaffold_3 19836492 19937897 color=lorange
5 1107628 1111956 scaffold_3 19836492 19937897 color=lorange
5 1152922 1156164 scaffold_3 19414511 19627252 color=lorange
5 1185238 1189071 scaffold_3 19414511 19627252 color=lorange
5 1207566 1217248 scaffold_3 19414511 19627252 color=lorange
5 1242704 1248611 scaffold_3 19379343 19402605 color=lorange
5 1251880 1254820 scaffold_3 19371527 19373383 color=lorange
5 1269393 1269638 scaffold_3 19329874 19330255 color=lorange
5 1270448 1274970 scaffold_3 19318266 19328958 color=lorange
5 1304721 1307159 scaffold_3 18805675 19303258 color=lorange
5 1378931 1380872 scaffold_3 18797389 18798529 color=lorange
5 1486925 1495190 scaffold_3 24501697 24518194 color=lorange
5 1500678 1507715 scaffold_3 24531709 24549539 color=lorange
5 2997640 3003846 scaffold_3 32397463 32417488 color=lorange
5 3018628 3021622 scaffold_3 32331562 32350598 color=lorange
5 3050550 3058083 scaffold_3 32185231 32206090 color=lorange
5 3126005 3148797 scaffold_3 101550066 101611722 color=lorange
5 3168615 3170749 scaffold_3 21224873 21237525 color=lorange
5 3172172 3178850 scaffold_3 21196529 21217860 color=lorange
5 3185664 3189331 scaffold_3 21064628 21177480 color=lorange
5 3217000 3224243 scaffold_3 21031167 21064625 color=lorange
5 3233463 3233663 scaffold_3 20997297 20999766 color=lorange
5 3246630 3248828 scaffold_3 20941838 20944036 color=lorange
5 3251891 3255055 scaffold_3 21022334 21025503 color=lorange
5 3746920 3748906 scaffold_3 34489014 34593109 color=lorange
5 3759437 3763505 scaffold_3 34637379 34652067 color=lorange
5 3765495 3766196 scaffold_3 34660011 34660869 color=lorange
5 3823555 3826134 scaffold_3 101369138 101370913 color=lorange
5 3830027 3831193 scaffold_3 101375956 101377128 color=lorange
5 3833614 3835817 scaffold_3 101379144 101386478 color=lorange
5 3857521 3861000 scaffold_3 101444987 101454541 color=lorange
5 3885813 3898503 scaffold_3 36837498 36887838 color=lorange
5 3885813 3898503 scaffold_3 36565338 36831244 color=lorange
5 3981362 3983521 scaffold_37 3568427 3577429 color=lorange
5 3981362 3983521 scaffold_37 1191555 1197854 color=lorange
5 3984656 3989916 scaffold_37 1203217 1231600 color=lorange
5 4032454 4034547 scaffold_3 1926148 1934685 color=lorange
5 4059810 4062892 scaffold_3 8541078 8553769 color=lorange
5 4071091 4074764 scaffold_3 8393942 8402720 color=lorange
5 4077275 4079391 scaffold_3 8377682 8383583 color=lorange
5 4126189 4126967 scaffold_3 6730606 6731612 color=lorange
5 4126189 4126967 scaffold_249 19830 20204 color=lorange
5 4175432 4180823 scaffold_37 1233392 1248736 color=lorange
5 4175432 4180823 scaffold_37 3518042 3540007 color=lorange
5 4184098 4187415 scaffold_37 3501370 3506942 color=lorange
5 4184098 4187415 scaffold_37 1258663 1267942 color=lorange
5 4424158 4434385 scaffold_37 2587116 2606129 color=lorange
5 4424158 4434385 scaffold_37 2129814 2148331 color=lorange
5 4528251 4531401 scaffold_37 2290409 2294581 color=lorange
5 4528251 4531401 scaffold_37 2423686 2429333 color=lorange
5 4550326 4552718 scaffold_3 752071 765722 color=lorange
5 4550326 4552718 scaffold_3 720567 732033 color=lorange
5 4556857 4560991 scaffold_3 773776 779733 color=lorange
5 4556857 4560991 scaffold_3 703802 709508 color=lorange
5 4570752 4580075 scaffold_3 571091 688848 color=lorange
5 4627301 4637343 scaffold_3 436067 468770 color=lorange
5 4627301 4637343 scaffold_3 1046494 1086828 color=lorange
5 4642430 4649174 scaffold_3 1098947 1119148 color=lorange
5 4642430 4649174 scaffold_3 402473 424846 color=lorange
5 4653526 4655328 scaffold_3 1125071 1127330 color=lorange
5 4653526 4655328 scaffold_3 394181 396932 color=lorange
5 4656507 4658306 scaffold_3 1129712 1139407 color=lorange
5 4656507 4658306 scaffold_3 387105 392301 color=lorange
5 4679951 4692113 scaffold_3 1288896 1289246 color=lorange
5 4869766 4870656 scaffold_3 1900269 1902047 color=lorange
5 4872139 4873737 scaffold_3 1902652 1906916 color=lorange
5 4878048 4881063 scaffold_3 1911634 1912705 color=lorange
5 4881955 4886690 scaffold_37 269307 278972 color=lorange
5 4881955 4886690 scaffold_3 5501618 5511546 color=lorange
5 4891759 4896769 scaffold_37 283436 306687 color=lorange
5 4891759 4896769 scaffold_3 5461820 5489230 color=lorange
5 4891759 4896769 scaffold_37 283436 306687 color=lorange
5 4891759 4896769 scaffold_3 5461820 5489230 color=lorange
5 5134459 5142616 scaffold_37 941052 1013582 color=lorange
5 5134459 5142616 scaffold_37 3776230 3813037 color=lorange
5 5677142 5684455 scaffold_3 9940038 9976974 color=lorange
5 5687369 5689689 scaffold_3 21932711 21941009 color=lorange
5 5691331 5697728 scaffold_3 21943301 21952727 color=lorange
5 5985185 6009101 scaffold_3 23293827 23369401 color=lorange
5 6010117 6012461 scaffold_3 23371207 23379332 color=lorange
5 6013975 6015308 scaffold_3 24021371 24027279 color=lorange
5 6013990 6015308 scaffold_3 24021371 24027279 color=lorange
5 6025264 6026750 scaffold_3 23437848 23999496 color=lorange
5 6156852 6160958 scaffold_3 23437848 23999496 color=lorange
5 6223670 6224042 scaffold_3 8010282 8045555 color=lorange
5 6230293 6238139 scaffold_3 8010282 8045555 color=lorange
5 6345431 6349209 scaffold_3 7645719 7661057 color=lorange
5 6393634 6395374 scaffold_3 7514367 7516366 color=lorange
5 6397308 6402640 scaffold_3 7502581 7512294 color=lorange
5 6462120 6465735 scaffold_3 7316136 7328737 color=lorange
5 6468640 6471444 scaffold_3 7297971 7308110 color=lorange
5 6472038 6474644 scaffold_3 7296200 7297486 color=lorange
5 6478286 6492506 scaffold_3 7219997 7284078 color=lorange
5 6498006 6498512 scaffold_3 7198684 7203085 color=lorange
5 6501640 6508714 scaffold_3 7195460 7196126 color=lorange
5 6512376 6514266 scaffold_3 7171001 7174960 color=lorange
5 6512376 6516064 scaffold_3 7171001 7174960 color=lorange
5 6529793 6552258 scaffold_3 7080788 7141606 color=lorange
5 6554114 6557986 scaffold_3 7066773 7077894 color=lorange
5 6554114 6558040 scaffold_3 7066773 7077894 color=lorange
5 6560788 6565004 scaffold_3 7058359 7062571 color=lorange
5 6566080 6567573 scaffold_3 7056077 7057342 color=lorange
5 6568850 6597668 scaffold_3 6977968 7055506 color=lorange
5 6599901 6628970 scaffold_3 6757066 6832873 color=lorange
5 6599901 6628970 scaffold_3 6844053 6853690 color=lorange
5 6636419 6653617 scaffold_3 6854406 6910083 color=lorange
5 6664533 6665039 scaffold_3 11683283 11683789 color=lorange
5 6674350 6678773 scaffold_3 11695385 11703050 color=lorange
5 6680810 6684593 scaffold_3 11703762 11727157 color=lorange
5 6688890 6692090 scaffold_3 11703762 11727157 color=lorange
5 6695522 6697472 scaffold_3 11748347 11750694 color=lorange
5 6698707 6701968 scaffold_3 11753369 11771541 color=lorange
5 6717926 6724339 scaffold_3 11803960 11816751 color=lorange
5 6836071 6839067 scaffold_3 11992529 12001367 color=lorange
5 6882091 6912891 scaffold_3 12285550 12372772 color=lorange
5 7205147 7234006 scaffold_3 13279759 13367115 color=lorange
5 7242572 7243975 scaffold_3 13379293 13381035 color=lorange
5 7330215 7334998 scaffold_3 13615150 13631437 color=lorange
5 7801410 7813744 scaffold_3 15377208 15451081 color=lorange
5 7819210 7820177 scaffold_3 15460247 15465858 color=lorange
5 7829715 7830833 scaffold_3 15482753 15483871 color=lorange
5 7833328 7842458 scaffold_3 15493309 15516228 color=lorange
5 7881500 7892970 scaffold_3 15619463 15639507 color=lorange
5 7907441 7912050 scaffold_3 15667393 15679940 color=lorange
5 7922950 7928482 scaffold_3 15695468 15704761 color=lorange
5 7935440 7945457 scaffold_3 15720278 15735684 color=lorange
5 7975033 7977527 scaffold_3 15822862 15827733 color=lorange
5 7979770 7980654 scaffold_3 15831456 15838036 color=lorange
5 8110687 8124190 scaffold_3 16225844 16279111 color=lorange
5 8149840 8150790 scaffold_3 16371147 16388752 color=lorange
5 8313195 8314177 scaffold_3 17010398 17176163 color=lorange
5 8357503 8380371 scaffold_3 17010398 17176163 color=lorange
5 8444351 8451023 scaffold_3 17510789 17536456 color=lorange
5 8802228 8810295 scaffold_3 18713738 18773578 color=lorange
5 8831897 8838560 scaffold_3 6521513 6534379 color=lorange
5 8922182 8922655 scaffold_3 6268275 6500634 color=lorange
5 9239219 9265707 scaffold_3 3655697 3698060 color=lorange
5 9272133 9273183 scaffold_3 3637220 3645298 color=lorange
5 9282775 9287292 scaffold_3 3623918 3630687 color=lorange
5 9293941 9301348 scaffold_3 3597259 3613296 color=lorange
5 9315583 9328371 scaffold_3 3545513 3575954 color=lorange
5 9858693 9861914 scaffold_3 91488737 91490714 color=lorange
5 9870316 9895343 scaffold_3 91503849 91603161 color=lorange
5 9897530 9903429 scaffold_3 91615264 91621490 color=lorange
5 9904417 9910967 scaffold_3 91623300 91636114 color=lorange
5 9914468 9925112 scaffold_3 91648028 91654417 color=lorange
5 10083480 10086755 scaffold_3 92085201 92089295 color=lorange
5 10090633 10101927 scaffold_3 92130625 92151713 color=lorange
5 10340308 10342965 scaffold_3 88032903 88036228 color=lorange
5 10353188 10355010 scaffold_3 88012439 88017609 color=lorange
5 10358767 10361067 scaffold_3 88005781 88010768 color=lorange
5 10418191 10435215 scaffold_3 87833451 87887885 color=lorange
5 10435798 10440574 scaffold_3 87822291 87832436 color=lorange
5 10442459 10443867 scaffold_3 87818463 87819672 color=lorange
5 10445857 10453792 scaffold_3 87807725 87816762 color=lorange
5 10457059 10466180 scaffold_3 87737796 87803450 color=lorange
5 10615838 10617986 scaffold_3 87468904 87474531 color=lorange
5 10638742 10643220 scaffold_3 87369059 87389857 color=lorange
5 10679794 10706173 scaffold_3 87238179 87315091 color=lorange
5 10708537 10710971 scaffold_3 87234216 87236675 color=lorange
5 10711078 10718158 scaffold_3 87214646 87232704 color=lorange
5 10933772 10951138 scaffold_3 86306215 86390948 color=lorange
5 11036787 11041572 scaffold_3 86107181 86121958 color=lorange
5 11102034 11115564 scaffold_3 85828037 86027047 color=lorange
5 11102034 11115564 scaffold_3 78014659 78106739 color=lorange
5 11139284 11140359 scaffold_3 85828037 86027047 color=lorange
5 11164182 11164736 scaffold_3 77895083 77895316 color=lorange
5 11164182 11164736 scaffold_3 85828037 86027047 color=lorange
5 11186434 11191844 scaffold_3 85763335 85769384 color=lorange
5 11186434 11191844 scaffold_3 77840364 77846400 color=lorange
5 11272423 11301697 scaffold_3 85484933 85641746 color=lorange
5 11272423 11301697 scaffold_3 85484933 85641746 color=lorange
5 11272423 11301697 scaffold_3 77559279 77717477 color=lorange
5 11272423 11301697 scaffold_3 77559279 77717477 color=lorange
5 11348422 11351129 scaffold_3 85311652 85332034 color=lorange
5 11348422 11351129 scaffold_3 77403994 77421554 color=lorange
5 11360711 11364227 scaffold_3 77385489 77395518 color=lorange
5 11360711 11364227 scaffold_3 85291288 85299779 color=lorange
5 11360714 11364227 scaffold_3 77385489 77395518 color=lorange
5 11360714 11364227 scaffold_3 85291288 85299779 color=lorange
5 11365651 11367046 scaffold_3 77383163 77386441 color=lorange
5 11365651 11367046 scaffold_3 85286677 85289951 color=lorange
5 11367085 11369044 scaffold_3 77383163 77386441 color=lorange
5 11367085 11369044 scaffold_3 85286677 85289951 color=lorange
5 11370386 11370835 scaffold_3 85282292 85282729 color=lorange
5 11370386 11370835 scaffold_3 77378760 77379197 color=lorange
5 11371932 11378148 scaffold_3 85266736 85280205 color=lorange
5 11371932 11378148 scaffold_3 77358989 77373669 color=lorange
5 11449206 11456966 scaffold_3 77259419 77275450 color=lorange
5 11449206 11456966 scaffold_3 85158306 85203811 color=lorange
5 11465039 11474325 scaffold_3 85107960 85149620 color=lorange
5 11465039 11474325 scaffold_3 77220127 77251473 color=lorange
5 11533492 11539455 scaffold_3 77141735 77215453 color=lorange
5 11533492 11539455 scaffold_3 85037113 85103586 color=lorange
5 11593307 11595259 scaffold_3 93148816 93151080 color=lorange
5 11621395 11628004 scaffold_3 93198964 93223811 color=lorange
5 11921926 11926280 scaffold_3 93960466 93971685 color=lorange
5 12032336 12041044 scaffold_3 94164702 94200004 color=lorange
5 12095149 12103135 scaffold_3 94298320 94315571 color=lorange
5 12113336 12119135 scaffold_3 94328238 94361028 color=lorange
5 12125546 12135576 scaffold_3 94328238 94361028 color=lorange
5 12151975 12174094 scaffold_3 94433445 94542355 color=lorange
5 12436964 12440261 scaffold_3 95143980 95154319 color=lorange
5 12450044 12453165 scaffold_3 95194385 95197936 color=lorange
5 12450598 12453165 scaffold_3 95194385 95197936 color=lorange
5 12485697 12485927 scaffold_3 95260607 95265086 color=lorange
5 12521343 12526247 scaffold_3 95338119 95343484 color=lorange
5 12559547 12572299 scaffold_3 95358478 95419766 color=lorange
5 12578346 12595840 scaffold_3 95426711 95546556 color=lorange
5 12633938 12634388 scaffold_3 95426711 95546556 color=lorange
5 12694263 12695520 scaffold_3 95664980 95665671 color=lorange
5 12857220 12871694 scaffold_3 96024764 96069002 color=lorange
5 12878604 12887857 scaffold_3 96138291 96232807 color=lorange
5 12951283 12963904 scaffold_3 96295539 96316375 color=lorange
5 13004635 13005964 scaffold_3 106764183 106788220 color=lorange
5 13004635 13005964 scaffold_3 105654897 105680788 color=lorange
5 13025015 13046835 scaffold_3 105475272 105557377 color=lorange
5 13084454 13091440 scaffold_3 105432280 105448453 color=lorange
5 13247536 13263122 scaffold_3 104918983 104945237 color=lorange
5 13363695 13366332 scaffold_3 104619164 104742304 color=lorange
5 13399708 13412003 scaffold_3 104619164 104742304 color=lorange
5 13495996 13536526 scaffold_3 104410114 104490415 color=lorange
5 13545249 13561077 scaffold_3 104358216 104387344 color=lorange
5 13571363 13578695 scaffold_3 104060870 104345057 color=lorange
5 13592788 13604794 scaffold_3 104060870 104345057 color=lorange
5 13693140 13698551 scaffold_3 104060870 104345057 color=lorange
5 14066957 14068511 scaffold_371 22564 26189 color=lorange
5 14066957 14068511 scaffold_3 103078379 103081936 color=lorange
5 14636142 14640395 scaffold_3 101688946 101720076 color=lorange
5 14675126 14683493 scaffold_3 101637887 101648673 color=lorange
5 14689369 14693049 scaffold_3 21258483 21266147 color=lorange
5 14689450 14693049 scaffold_3 21258483 21266147 color=lorange
5 14747928 14777884 scaffold_3 21407080 21448409 color=lorange
5 14747928 14777884 scaffold_3 21448499 21496594 color=lorange
5 14814504 14816042 scaffold_3 21557105 21558914 color=lorange
5 14833304 14841872 scaffold_3 21588530 21630234 color=lorange
5 14857389 14866006 scaffold_3 21588530 21630234 color=lorange
5 14884881 14891175 scaffold_3 21646298 21694340 color=lorange
5 14907440 14908147 scaffold_3 21646298 21694340 color=lorange
5 14936559 14960213 scaffold_3 21757371 21814273 color=lorange
5 14962259 14966802 scaffold_3 21822802 21825862 color=lorange
5 15002178 15005537 scaffold_3 21873863 21918459 color=lorange
5 15012125 15012814 scaffold_3 9984523 9985209 color=lorange
5 15013275 15018571 scaffold_3 9985961 9995980 color=lorange
5 15022554 15034074 scaffold_3 10002632 10022699 color=lorange
5 15042027 15045955 scaffold_3 10037669 10041584 color=lorange
5 15093603 15095199 scaffold_3 10125085 10126274 color=lorange
5 15100137 15100454 scaffold_3 10126550 10127081 color=lorange
5 15160179 15161427 scaffold_3 10238723 10258448 color=lorange
5 15160179 15172039 scaffold_3 10238723 10258448 color=lorange
5 15252272 15259387 scaffold_3 10460766 10483898 color=lorange
5 15285513 15295948 scaffold_3 10541283 10564306 color=lorange
5 15339086 15351345 scaffold_3 10644436 10672558 color=lorange
5 15372864 15396764 scaffold_3 10728179 10805602 color=lorange
5 15416263 15423646 scaffold_3 10935273 10946185 color=lorange
5 15433463 15453540 scaffold_3 10965664 11036854 color=lorange
5 15490934 15491383 scaffold_3 11148176 11262319 color=lorange
5 15509233 15516687 scaffold_3 11148176 11262319 color=lorange
5 15537594 15556725 scaffold_3 11303713 11349423 color=lorange
5 15615970 15632224 scaffold_3 11394742 11601937 color=lorange
5 15674138 15676320 scaffold_3 35054756 35057831 color=lorange
5 15679254 15684957 scaffold_3 35071190 35100302 color=lorange
5 15687128 15688464 scaffold_3 20933888 20936927 color=lorange
5 15690730 15693036 scaffold_3 20912589 20920727 color=lorange
5 15690730 15693036 scaffold_3 20912589 20914895 color=lorange
5 15774003 15777184 scaffold_3 20644144 20680667 color=lorange
5 15786370 15795079 scaffold_3 20644144 20680667 color=lorange
5 15909957 15917482 scaffold_3 20373272 20395878 color=lorange
5 15921310 15936439 scaffold_3 20330280 20370861 color=lorange
5 16016729 16020590 scaffold_3 20048593 20129553 color=lorange
5 16020711 16026857 scaffold_3 20048593 20129553 color=lorange
5 16028282 16033458 scaffold_3 20048593 20129553 color=lorange
5 16034630 16056024 scaffold_3 20048593 20129553 color=lorange
5 16081532 16089140 scaffold_3 19988815 20019716 color=lorange
5 16084416 16089140 scaffold_3 19988815 20019716 color=lorange
5 16096073 16107177 scaffold_3 19966628 19978486 color=lorange
5 16328247 16329350 scaffold_17 7667682 7668788 color=lorange
5 16469991 16475384 scaffold_17 6907829 6980337 color=lorange
5 16478268 16478654 scaffold_17 6907829 6980337 color=lorange
5 16491497 16495972 scaffold_17 6794174 6815995 color=lorange
5 16498093 16509751 scaffold_17 6749295 6780364 color=lorange
5 16498093 16509751 scaffold_10 29369343 29376790 color=lorange
5 16519663 16524543 scaffold_17 6553989 6610813 color=lorange
5 16549640 16552299 scaffold_17 6454990 6475918 color=lorange
5 16554664 16564183 scaffold_17 6402968 6447703 color=lorange
5 16627553 16646202 scaffold_17 5360928 5529385 color=lorange
5 16627553 16646202 scaffold_17 3349170 3487588 color=lorange
5 16968175 16981852 scaffold_69 1295696 1370299 color=lorange
5 16968175 16981852 scaffold_17 611711 669462 color=lorange
5 16991909 16995710 scaffold_17 477025 561774 color=lorange
5 17019492 17025202 scaffold_17 453435 467864 color=lorange
5 17027530 17037408 scaffold_17 417411 434198 color=lorange
5 17039706 17042564 scaffold_17 347839 362177 color=lorange
5 17045314 17048317 scaffold_17 304282 326648 color=lorange
5 17169674 17170624 scaffold_45 2216997 2244271 color=lorange
5 17172848 17180688 scaffold_45 2152196 2190446 color=lorange
5 17182679 17183875 scaffold_45 2124001 2130025 color=lorange
5 17186720 17195683 scaffold_43 331808 411014 color=lorange
5 17214420 17217149 scaffold_3 35188293 35211568 color=lorange
5 17485360 17489831 scaffold_3 36292869 36314306 color=lorange
5 17485447 17489831 scaffold_3 36292869 36314306 color=lorange
5 17545568 17548739 scaffold_3 5621616 5625731 color=lorange
5 17545568 17548739 scaffold_37 124092 127981 color=lorange
5 17545568 17548739 scaffold_37 122488 123036 color=lorange
5 17591448 17597552 scaffold_3 4575310 4590659 color=lorange
5 17599067 17600851 scaffold_3 4569747 4573013 color=lorange
5 17754362 17756235 scaffold_37 45251 47864 color=lorange
5 17754362 17756235 scaffold_3 5559272 5561860 color=lorange
5 17870036 17887972 scaffold_4 42961684 42965070 color=lorange
5 17890825 17910490 scaffold_4 42961684 42965070 color=lorange
5 17890825 17910490 scaffold_4 42961684 42965070 color=lorange
5 17970105 17985297 scaffold_17 9274484 9385637 color=lorange
5 17998068 17999723 scaffold_17 9274484 9385637 color=lorange
5 21988420 21991326 scaffold_3 4832792 4838822 color=lorange
5 22011712 22014996 scaffold_3 4732596 4787462 color=lorange
5 22034053 22053946 scaffold_3 4732596 4787462 color=lorange
5 22055215 22056790 scaffold_3 4727591 4730610 color=lorange
5 22059635 22068304 scaffold_3 4711985 4727374 color=lorange
5 22215804 22222398 scaffold_3 81667014 81670321 color=lorange
5 22215804 22222398 scaffold_3 73808651 73814852 color=lorange
5 22242052 22258844 scaffold_3 81698270 81755848 color=lorange
5 22242052 22258844 scaffold_3 73852554 73893485 color=lorange
5 22299808 22300293 scaffold_3 73999243 73999848 color=lorange
5 22299808 22300293 scaffold_3 81823201 81823805 color=lorange
5 22302613 22318129 scaffold_3 81827347 81871150 color=lorange
5 22302613 22318129 scaffold_3 74006068 74034470 color=lorange
5 22348187 22349487 scaffold_3 40841112 40845105 color=lorange
5 22374234 22378406 scaffold_3 41509118 41530527 color=lorange
5 22632851 22641512 scaffold_3 42485318 42502357 color=lorange
5 22730225 22740437 scaffold_3 42692402 42767540 color=lorange
5 22758521 22769458 scaffold_3 42692402 42767540 color=lorange
5 23372575 23374880 scaffold_3 44791918 44817454 color=lorange
5 23394558 23395298 scaffold_3 44828121 44828861 color=lorange
5 23399597 23400085 scaffold_3 44838304 44838792 color=lorange
5 23404201 23406946 scaffold_3 44887383 44890919 color=lorange
5 23492362 23497222 scaffold_3 45138350 45148090 color=lorange
5 23538606 23551914 scaffold_3 45246583 45281291 color=lorange
5 23570738 23572857 scaffold_3 45334556 45338165 color=lorange
5 23681980 23690241 scaffold_3 45787510 45824410 color=lorange
5 23697237 23698556 scaffold_3 45832634 45849262 color=lorange
5 23712714 23718979 scaffold_3 45851343 45873163 color=lorange
5 23712714 23718979 scaffold_3 45877646 45881609 color=lorange
5 23722509 23747731 scaffold_3 45888616 45961561 color=lorange
5 23768383 23775471 scaffold_3 46054572 46062159 color=lorange
5 23868971 23877648 scaffold_3 46284788 46304248 color=lorange
5 23920073 23940497 scaffold_3 46491151 46496169 color=lorange
5 23956246 23971501 scaffold_3 46522563 46716763 color=lorange
5 24072282 24075096 scaffold_3 46862161 46892129 color=lorange
5 24096467 24097829 scaffold_3 46965608 46968018 color=lorange
5 24100737 24108338 scaffold_3 46976050 46996747 color=lorange
5 24145443 24184431 scaffold_3 46998309 47183291 color=lorange
5 24193826 24198879 scaffold_3 46998309 47183291 color=lorange
5 24270798 24286714 scaffold_3 47249387 47416224 color=lorange
5 24357840 24374138 scaffold_3 47654468 47701021 color=lorange
5 24399817 24408552 scaffold_3 47813088 47875337 color=lorange
5 24448164 24450842 scaffold_3 47939239 47946425 color=lorange
5 24461212 24472463 scaffold_3 47961689 47980703 color=lorange
5 24474398 24484893 scaffold_3 47983332 48006699 color=lorange
5 24502879 24532198 scaffold_3 48046498 48248632 color=lorange
5 24535370 24563969 scaffold_3 48046498 48248632 color=lorange
5 24620821 24627824 scaffold_3 48289632 48386841 color=lorange
5 24661649 24662798 scaffold_3 59321001 59322150 color=lorange
5 24663342 24672024 scaffold_3 59326541 59337142 color=lorange
5 24674028 24692231 scaffold_3 59353763 59477059 color=lorange
5 24721137 24723154 scaffold_3 59478217 59481905 color=lorange
5 24750237 24758393 scaffold_3 59548412 59569216 color=lorange
5 24793774 24794783 scaffold_3 59610163 59624384 color=lorange
5 24798487 24802103 scaffold_3 59610163 59624384 color=lorange
5 24807709 24812829 scaffold_3 59652844 59662945 color=lorange
5 24821248 24824590 scaffold_3 59682272 59685099 color=lorange
5 24927370 24937550 scaffold_3 60096478 60148618 color=lorange
5 24976702 24977946 scaffold_3 60228311 60230319 color=lorange
5 24976702 24978096 scaffold_3 60228311 60230319 color=lorange
5 24994396 25022947 scaffold_3 60247227 60393059 color=lorange
5 25215285 25217528 scaffold_3 60866711 60941097 color=lorange
5 25225382 25237590 scaffold_3 60866711 60941097 color=lorange
5 25255651 25261251 scaffold_3 61018605 61029568 color=lorange
5 25403931 25409658 scaffold_3 61418264 61425516 color=lorange
5 25410441 25414869 scaffold_3 61427199 61433626 color=lorange
5 25466489 25470732 scaffold_3 61613861 61628338 color=lorange
5 25571826 25575650 scaffold_3 61748495 61844670 color=lorange
5 25605078 25608252 scaffold_3 61900576 61907660 color=lorange
5 25706515 25708231 scaffold_3 62167004 62169301 color=lorange
5 25771022 25771480 scaffold_3 62364600 62365073 color=lorange
5 25866718 25867341 scaffold_3 62582096 62582719 color=lorange
5 25877105 25877704 scaffold_3 62605781 62606380 color=lorange
5 25905363 25910983 scaffold_3 62677370 62698745 color=lorange
5 25922065 25929745 scaffold_3 62705299 62722509 color=lorange
5 25948006 25963726 scaffold_3 62766641 62784330 color=lorange
5 26351923 26357205 scaffold_3 63878984 64066099 color=lorange
5 26394971 26444109 scaffold_3 63878984 64066099 color=lorange
5 26590621 26590878 scaffold_3 64477593 64592405 color=lorange
5 26642097 26645581 scaffold_3 64477593 64592405 color=lorange
5 26766292 26802888 scaffold_3 64887102 64947567 color=lorange
5 26805618 26825470 scaffold_3 64955144 65006208 color=lorange
5 26883752 26886067 scaffold_3 65148916 65158836 color=lorange
5 26903591 26907472 scaffold_3 65219476 65261205 color=lorange
5 26916720 26920119 scaffold_3 65219476 65261205 color=lorange
5 26920824 26921421 scaffold_3 65261882 65269988 color=lorange
5 26922632 26925372 scaffold_3 65270974 65308402 color=lorange
5 27010796 27011917 scaffold_3 65585518 65591194 color=lorange
5 27053125 27062182 scaffold_3 65654868 65731331 color=lorange
5 27098435 27101467 scaffold_3 65809650 65822662 color=lorange
5 27186895 27212034 scaffold_3 66133711 66176794 color=lorange
5 27186895 27212034 scaffold_3 66096797 66105059 color=lorange
5 27274945 27282072 scaffold_3 66362972 66384201 color=lorange
5 27284398 27285337 scaffold_3 66390430 66393778 color=lorange
5 27302583 27312234 scaffold_3 66411780 66443089 color=lorange
5 27396374 27402385 scaffold_3 66639402 66647507 color=lorange
5 27403832 27405476 scaffold_3 66652406 66660145 color=lorange
5 27558924 27564697 scaffold_3 67014920 67032243 color=lorange
5 27568877 27571175 scaffold_3 67038844 67042165 color=lorange
5 27657167 27662412 scaffold_3 67258033 67266457 color=lorange
5 27820316 27829315 scaffold_3 67634362 67690871 color=lorange
5 27836145 27845054 scaffold_3 67723421 67742215 color=lorange
5 27848057 27872850 scaffold_3 67747027 67922742 color=lorange
5 27900264 27904528 scaffold_3 67928426 67935639 color=lorange
5 27911479 27918544 scaffold_3 67958503 68014611 color=lorange
5 28094339 28095568 scaffold_51 338022 339251 color=lorange
5 28094339 28095568 scaffold_3 68478233 68479462 color=lorange
5 28879713 28883650 scaffold_3 78398899 78406613 color=lorange
5 28879713 28883650 scaffold_3 70562168 70569816 color=lorange
5 28890598 28890876 scaffold_3 70583652 70612544 color=lorange
5 28890598 28890876 scaffold_3 78416856 78458506 color=lorange
5 28906915 28915879 scaffold_3 70583652 70612544 color=lorange
5 28906915 28915879 scaffold_3 78416856 78458506 color=lorange
5 28947448 28949163 scaffold_3 78524142 78530889 color=lorange
5 28947448 28949163 scaffold_3 70716507 70722432 color=lorange
5 28959619 28970760 scaffold_3 70761018 70784179 color=lorange
5 28959619 28970760 scaffold_3 78572352 78806254 color=lorange
5 29245183 29273994 scaffold_3 79319526 79466567 color=lorange
5 29245183 29273994 scaffold_3 71489946 71628851 color=lorange
5 29245183 29273994 scaffold_3 79290118 79318304 color=lorange
5 29245183 29273994 scaffold_3 71460796 71488673 color=lorange
5 29317113 29338293 scaffold_3 71650336 71695809 color=lorange
5 29317113 29338293 scaffold_3 79491158 79533564 color=lorange
5 29339869 29353765 scaffold_3 79536720 80015090 color=lorange
5 29339869 29353765 scaffold_3 71698069 72198832 color=lorange
5 29379205 29382286 scaffold_3 79536720 80015090 color=lorange
5 29379205 29382286 scaffold_3 71698069 72198832 color=lorange
5 29536374 29539296 scaffold_3 72205507 72209540 color=lorange
5 29536374 29539296 scaffold_3 80021524 80028152 color=lorange
5 29541420 29544494 scaffold_3 80032074 80036766 color=lorange
5 29563094 29563303 scaffold_3 80041911 80077593 color=lorange
5 29563094 29563303 scaffold_3 72227080 72267027 color=lorange
5 29627326 29627928 scaffold_3 80256569 80257291 color=lorange
5 29627326 29627928 scaffold_3 72442201 72442923 color=lorange
5 29639196 29640655 scaffold_3 72463577 72477284 color=lorange
5 29639196 29640655 scaffold_3 80293401 80313099 color=lorange
5 29675612 29700050 scaffold_3 80388924 80616133 color=lorange
5 29675612 29700050 scaffold_3 72528216 72749694 color=lorange
5 29955407 29956102 scaffold_3 73287742 73288410 color=lorange
5 29955407 29956102 scaffold_3 81207214 81207882 color=lorange
5 30021577 30024103 scaffold_3 81361673 81362284 color=lorange
5 30047002 30048696 scaffold_3 81404291 81412366 color=lorange
5 30047002 30061596 scaffold_3 81404291 81412366 color=lorange
5 30163776 30178591 scaffold_3 84636510 84663450 color=lorange
5 30163776 30178591 scaffold_3 76779689 76801447 color=lorange
5 30219343 30224928 scaffold_3 76670029 76684774 color=lorange
5 30219343 30224928 scaffold_3 84523830 84541414 color=lorange
5 30219343 30224973 scaffold_3 76670029 76684774 color=lorange
5 30219343 30224973 scaffold_3 84523830 84541414 color=lorange
5 30324472 30383832 scaffold_3 83631179 84351568 color=lorange
5 30418526 30432051 scaffold_3 75820790 75853974 color=lorange
5 30418526 30432051 scaffold_3 83589161 83622285 color=lorange
5 30535118 30535333 scaffold_3 83203930 83319456 color=lorange
5 30535118 30535333 scaffold_3 75452090 75550962 color=lorange
5 30956930 30959837 scaffold_3 74250034 74271037 color=lorange
5 30956930 30959837 scaffold_3 82103847 82131545 color=lorange
5 31014386 31022447 scaffold_3 81905917 81959204 color=lorange
5 31014386 31022447 scaffold_3 74073462 74116987 color=lorange
5 31036891 31039546 scaffold_3 84826688 84831417 color=lorange
5 31036891 31039546 scaffold_3 76946843 76951602 color=lorange
5 31036891 31039892 scaffold_3 84826688 84831417 color=lorange
5 31036891 31039892 scaffold_3 76946843 76951602 color=lorange
5 31041379 31042175 scaffold_3 4896827 4897311 color=lorange
5 31062514 31068673 scaffold_124 198722 206444 color=lorange
5 31085751 31091454 scaffold_124 58930 76240 color=lorange
5 31094812 31102224 scaffold_124 81427 104457 color=lorange
5 31262592 31267625 scaffold_3 109613527 109668196 color=lorange
5 31356523 31367210 scaffold_3 109788194 110041338 color=lorange
5 31383758 31404957 scaffold_3 109788194 110041338 color=lorange
5 31421306 31425476 scaffold_3 109788194 110041338 color=lorange
5 31432778 31433382 scaffold_3 96868560 96870419 color=lorange
5 31432778 31434767 scaffold_3 96868560 96870419 color=lorange
5 31436473 31438017 scaffold_3 96866239 96867583 color=lorange
5 31445099 31445573 scaffold_3 96844975 96845459 color=lorange
5 31447955 31449683 scaffold_3 96799209 96836833 color=lorange
5 31447955 31449728 scaffold_3 96799209 96836833 color=lorange
5 31450982 31456914 scaffold_3 96802587 96822265 color=lorange
5 31468796 31480827 scaffold_3 96748569 96778830 color=lorange
5 31584928 31592861 scaffold_3 96522747 96585793 color=lorange
5 31596070 31597850 scaffold_3 96514112 96517051 color=lorange
5 31625518 31648077 scaffold_3 96428776 96472025 color=lorange
5 31651550 31655612 scaffold_3 96418775 96422539 color=lorange
5 31656798 31663398 scaffold_3 96407905 96417033 color=lorange
5 31721243 31723181 scaffold_3 105717936 105803676 color=lorange
5 31811995 31825891 scaffold_3 106033211 106084658 color=lorange
5 31833886 31843532 scaffold_3 106099836 106130204 color=lorange
5 31847708 31848191 scaffold_3 107233816 107234423 color=lorange
5 31847708 31848191 scaffold_3 106135020 106135630 color=lorange
5 31852602 31860994 scaffold_3 107265638 107400925 color=lorange
5 31886517 31887063 scaffold_3 107265638 107400925 color=lorange
5 31896329 31896895 scaffold_3 106298257 106298841 color=lorange
5 31896329 31896895 scaffold_3 106295352 106295942 color=lorange
5 31896329 31896895 scaffold_3 107265638 107400925 color=lorange
5 31896329 31896895 scaffold_3 106296307 106296897 color=lorange
5 31927675 31935259 scaffold_3 107529883 107575431 color=lorange
5 31927675 31935259 scaffold_3 106377549 106447984 color=lorange
5 31947069 31950532 scaffold_3 107594875 107599960 color=lorange
5 31988276 32002942 scaffold_3 107672525 107720561 color=lorange
5 32046001 32047545 scaffold_3 108112611 108115166 color=lorange
5 32054224 32069247 scaffold_3 108122824 108164906 color=lorange
5 32230775 32236165 scaffold_3 108617087 108632188 color=lorange
5 32240926 32242408 scaffold_3 107996583 108006754 color=lorange
5 32243233 32244305 scaffold_3 107994998 107995925 color=lorange
5 32281854 32283665 scaffold_3 107915290 107916584 color=lorange
5 32290821 32298546 scaffold_3 107878104 107903174 color=lorange
5 32341662 32343691 scaffold_3 108729899 108730814 color=lorange
5 32378957 32398146 scaffold_3 108963250 108982134 color=lorange
5 32403533 32405466 scaffold_3 108992123 109105753 color=lorange
5 32403533 32410524 scaffold_3 108992123 109105753 color=lorange
5 32501228 32505847 scaffold_3 109526479 109539940 color=lorange
5 32507716 32512914 scaffold_3 109473568 109513594 color=lorange
5 32620133 32628060 scaffold_3 109544936 109576463 color=lorange
5 32620133 32628060 scaffold_3 109544936 109576463 color=lorange
5 32633220 32645462 scaffold_3 96875298 96897994 color=lorange
5 32728363 32729247 scaffold_3 97101304 97102188 color=lorange
5 32947374 32949018 scaffold_3 97618357 97657333 color=lorange
5 32950395 32956645 scaffold_3 97618357 97657333 color=lorange
5 33052910 33056191 scaffold_3 97860313 97868277 color=lorange
5 33091446 33092849 scaffold_3 98160411 98161551 color=lorange
5 33094603 33101736 scaffold_3 98131720 98158346 color=lorange
5 33163268 33167815 scaffold_3 97984210 97984791 color=lorange
5 33173773 33175842 scaffold_3 98166706 98168244 color=lorange
5 33177479 33187995 scaffold_3 98169022 98195354 color=lorange
5 33177479 33187995 scaffold_8 35066132 35066765 color=lorange
5 33371178 33381989 scaffold_3 98637572 98805866 color=lorange
5 33628022 33632251 scaffold_3 99258640 99868484 color=lorange
5 33746331 33749917 scaffold_3 99258640 99868484 color=lorange
5 33787181 33790842 scaffold_3 99258640 99868484 color=lorange
5 33801922 33802766 scaffold_3 99258640 99868484 color=lorange
5 33882672 33887119 scaffold_3 99258640 99868484 color=lorange
5 33896018 33896771 scaffold_3 99879857 99881262 color=lorange
5 33898256 33909856 scaffold_3 99883405 99910658 color=lorange
5 33914661 33925527 scaffold_3 99917601 100334683 color=lorange
5 33975487 33988904 scaffold_3 99917601 100334683 color=lorange
5 34062609 34075154 scaffold_3 99917601 100334683 color=lorange
5 34077014 34090744 scaffold_3 100343102 100359916 color=lorange
5 34077014 34090744 scaffold_3 100338350 100369159 color=lorange
5 34144332 34156914 scaffold_3 100471744 100491153 color=lorange
5 34206916 34209696 scaffold_3 100605217 100607635 color=lorange
5 34210206 34213150 scaffold_3 100612315 100616677 color=lorange
5 34216748 34224411 scaffold_3 100621437 100637134 color=lorange
5 34399019 34402674 scaffold_3 101034627 101039480 color=lorange
5 34406136 34407850 scaffold_3 101045045 101047444 color=lorange
5 34409077 34415971 scaffold_3 101050341 101065550 color=lorange
5 34451027 34455480 scaffold_3 101168164 101197306 color=lorange
5 34467781 34477179 scaffold_3 101230130 101250968 color=lorange
5 34513306 34514321 scaffold_3 101309594 101315728 color=lorange
5 34529848 34535654 scaffold_3 91399377 91408194 color=lorange
5 34551889 34555609 scaffold_3 91342759 91354575 color=lorange
5 34568422 34575523 scaffold_3 91269532 91318086 color=lorange
5 34714622 34728067 scaffold_3 90793482 90874951 color=lorange
5 34768528 34768866 scaffold_3 90686214 90688172 color=lorange
5 34769163 34770367 scaffold_3 90686214 90688172 color=lorange
5 34775594 34778627 scaffold_3 90665873 90682684 color=lorange
5 34811451 34820579 scaffold_3 90469179 90495649 color=lorange
5 34904523 34905560 scaffold_3 90043104 90407949 color=lorange
5 34922328 34925039 scaffold_3 90043104 90407949 color=lorange
5 35124825 35129639 scaffold_3 89860292 89870541 color=lorange
5 35130312 35131711 scaffold_3 89860292 89870541 color=lorange
5 35213707 35220396 scaffold_3 89619601 89642390 color=lorange
5 35223111 35224129 scaffold_3 89614743 89616029 color=lorange
5 35460850 35466624 scaffold_3 88952382 89527870 color=lorange
5 35474134 35476983 scaffold_3 88937455 88943602 color=lorange
5 35501091 35504191 scaffold_3 88885810 88890121 color=lorange
5 35546167 35546754 scaffold_3 88780737 88782240 color=lorange
5 35550975 35555104 scaffold_3 88759647 88773211 color=lorange
5 35602897 35615695 scaffold_3 88625531 88660851 color=lorange
5 35639391 35644242 scaffold_3 88542342 88567113 color=lorange
5 35647703 35651464 scaffold_3 88537504 88539378 color=lorange
5 35647703 35651464 scaffold_3 88532123 88532757 color=lorange
5 35660899 35663691 scaffold_3 88513053 88515524 color=lorange
5 35665260 35667650 scaffold_3 88508275 88510768 color=lorange
5 35675218 35678138 scaffold_3 88489780 88492999 color=lorange
5 35681459 35684259 scaffold_3 88478579 88483202 color=lorange
5 35685140 35698620 scaffold_3 88366859 88476511 color=lorange
5 35725619 35731173 scaffold_3 88366859 88476511 color=lorange
5 35748327 35751061 scaffold_3 88327947 88331321 color=lorange
5 35751978 35752381 scaffold_3 88327055 88327443 color=lorange
5 35760759 35788943 scaffold_3 88236381 88307473 color=lorange
5 35912647 35913129 scaffold_3 92831418 92831906 color=lorange
5 35920132 35921547 scaffold_3 92842176 92843615 color=lorange
5 35957126 35972574 scaffold_3 92952160 92989381 color=lorange
5 35979506 35986780 scaffold_3 92997096 93017814 color=lorange
5 36000037 36012331 scaffold_3 59026937 59073105 color=lorange
5 36143066 36159310 scaffold_3 58566503 59017933 color=lorange
5 36166120 36169488 scaffold_3 58541590 58544958 color=lorange
5 36954761 36956140 scaffold_3 56240969 56478075 color=lorange
5 37020246 37026121 scaffold_3 56240969 56478075 color=lorange
5 37042065 37047223 scaffold_3 56212550 56220922 color=lorange
5 37061669 37063900 scaffold_3 56177453 56189986 color=lorange
5 37631782 37632138 scaffold_3 54470873 54544320 color=lorange
5 37643647 37647466 scaffold_3 54470873 54544320 color=lorange
5 37655352 37655741 scaffold_3 54448051 54448443 color=lorange
5 37697969 37702652 scaffold_3 54308812 54316216 color=lorange
5 37707822 37710785 scaffold_3 54295887 54299726 color=lorange
5 37715060 37737909 scaffold_3 54207072 54284951 color=lorange
5 37747733 37748781 scaffold_3 54187231 54197200 color=lorange
5 37751771 37779127 scaffold_3 54091287 54184694 color=lorange
5 37865225 37881790 scaffold_3 53876568 53916006 color=lorange
5 37865225 37881790 scaffold_558 8187 29390 color=lorange
5 37865225 37881790 scaffold_558 8187 29390 color=lorange
5 38188290 38197176 scaffold_3 52881631 52919598 color=lorange
5 38202863 38205417 scaffold_3 52732864 52874147 color=lorange
5 38276812 38282106 scaffold_3 52565278 52585098 color=lorange
5 38287531 38297712 scaffold_3 52418414 52523361 color=lorange
5 38329803 38331302 scaffold_3 52418414 52523361 color=lorange
5 38368422 38379360 scaffold_3 52289045 52316680 color=lorange
5 38412198 38415952 scaffold_3 52170654 52183382 color=lorange
5 38645468 38648505 scaffold_3 51492032 51501582 color=lorange
5 38795775 38809003 scaffold_3 50920885 50970631 color=lorange
5 38840636 38842009 scaffold_3 50805321 50807143 color=lorange
5 38888278 38890218 scaffold_3 50644265 50657939 color=lorange
5 38986847 39001740 scaffold_3 50135402 50194434 color=lorange
5 39007979 39013243 scaffold_3 50109009 50125665 color=lorange
5 39014360 39019532 scaffold_3 50086011 50107868 color=lorange
5 39026308 39029632 scaffold_3 50070930 50076684 color=lorange
5 39030271 39031443 scaffold_3 50064617 50065727 color=lorange
5 39032251 39032807 scaffold_3 50052233 50052801 color=lorange
5 39033013 39041392 scaffold_3 50031055 50050122 color=lorange
5 39061804 39064591 scaffold_3 49360237 49364782 color=lorange
5 39081225 39082391 scaffold_3 49422887 49424053 color=lorange
5 39136712 39140160 scaffold_3 49664972 49677580 color=lorange
5 39156007 39163841 scaffold_3 49740469 49764300 color=lorange
5 39173108 39175184 scaffold_3 49796885 49807034 color=lorange
5 39227002 39236536 scaffold_3 49953149 49984372 color=lorange
5 39227002 39236536 scaffold_9 19486856 19487932 color=lorange
5 39236842 39241114 scaffold_3 49986632 50013994 color=lorange
5 39290165 39292290 scaffold_3 84900516 84943162 color=lorange
5 39290165 39292290 scaffold_3 77026028 77053035 color=lorange
5 39333193 39338275 scaffold_3 59272211 59289637 color=lorange
5 39362978 39363765 scaffold_3 48586496 48590698 color=lorange
5 39369084 39376499 scaffold_3 48607762 48665872 color=lorange
5 39388448 39389207 scaffold_3 48683167 48701787 color=lorange
5 39425674 39434915 scaffold_3 48844432 48920749 color=lorange
6 392629 392961 scaffold_5 100363825 100364157 color=lorange
6 420654 428233 scaffold_5 100281197 100340293 color=lorange
6 432093 434000 scaffold_5 100232152 100272073 color=lorange
6 476228 483162 scaffold_5 100136000 100215129 color=lorange
6 484772 492508 scaffold_5 100136000 100215129 color=lorange
6 494027 496135 scaffold_5 100136000 100215129 color=lorange
6 565635 588666 scaffold_5 99878315 99949516 color=lorange
6 591642 593575 scaffold_5 99872716 99873747 color=lorange
6 594326 599602 scaffold_5 99860908 99868229 color=lorange
6 664491 688821 scaffold_5 99708233 99780066 color=lorange
6 703210 707535 scaffold_5 99662822 99674429 color=lorange
6 750439 761800 scaffold_5 99543695 99561699 color=lorange
6 773998 778828 scaffold_5 99516843 99520477 color=lorange
6 781056 784351 scaffold_5 99492001 99515078 color=lorange
6 806111 825770 scaffold_5 91986171 92042693 color=lorange
6 834248 838691 scaffold_5 92063934 92082707 color=lorange
6 834248 838691 scaffold_26 4490939 4504254 color=lorange
6 834248 838691 scaffold_26 4189722 4202909 color=lorange
6 875978 877270 scaffold_5 92212784 92214031 color=lorange
6 883761 890056 scaffold_5 96361799 96448670 color=lorange
6 906046 927749 scaffold_5 96361799 96448670 color=lorange
6 930543 933506 scaffold_5 96303580 96356012 color=lorange
6 930543 950440 scaffold_5 96303580 96356012 color=lorange
6 965997 983317 scaffold_5 96237181 96277645 color=lorange
6 995709 1003858 scaffold_5 96163258 96194529 color=lorange
6 1009415 1020914 scaffold_5 96064823 96099489 color=lorange
6 1083705 1092268 scaffold_5 95833566 95862939 color=lorange
6 1167438 1167908 scaffold_5 95469517 95600993 color=lorange
6 1210989 1214031 scaffold_5 95469517 95600993 color=lorange
6 1478713 1480020 scaffold_5 94430020 94682055 color=lorange
6 1561916 1562685 scaffold_5 94430020 94682055 color=lorange
6 1649726 1650253 scaffold_5 94199393 94199890 color=lorange
6 1726666 1733984 scaffold_5 93954813 93967772 color=lorange
6 1740953 1744017 scaffold_5 93929854 93935271 color=lorange
6 1744738 1748174 scaffold_5 93924166 93929699 color=lorange
6 1763727 1766349 scaffold_5 93884308 93889576 color=lorange
6 1892007 1897414 scaffold_5 93510183 93532055 color=lorange
6 1912763 1933516 scaffold_5 93375825 93463250 color=lorange
6 1945080 1949438 scaffold_5 93375825 93463250 color=lorange
6 1967785 1972401 scaffold_5 93298650 93318810 color=lorange
6 1979959 1989477 scaffold_5 93218890 93281568 color=lorange
6 1990870 1994781 scaffold_5 93246997 93255716 color=lorange
6 1990870 1994874 scaffold_5 93246997 93255716 color=lorange
6 1997125 2000130 scaffold_5 93235906 93241887 color=lorange
6 2004189 2006987 scaffold_5 93218890 93281568 color=lorange
6 2314111 2330460 scaffold_5 92300845 92363856 color=lorange
6 2314111 2330460 scaffold_5 92251621 92291462 color=lorange
6 2354159 2359089 scaffold_5 73730225 73739971 color=lorange
6 2359428 2364482 scaffold_5 73741746 73755703 color=lorange
6 2367260 2371091 scaffold_5 73769528 73792966 color=lorange
6 2450632 2450922 scaffold_4 20712319 20713666 color=lorange
6 2462128 2462508 scaffold_5 74084082 74313945 color=lorange
6 2527886 2535493 scaffold_5 74084082 74313945 color=lorange
6 2585205 2591317 scaffold_5 74485855 74741492 color=lorange
6 2618574 2619943 scaffold_5 74485855 74741492 color=lorange
6 2651516 2651866 scaffold_5 74485855 74741492 color=lorange
6 2722096 2723171 scaffold_5 74942561 74945292 color=lorange
6 2866758 2876240 scaffold_5 78451972 78490256 color=lorange
6 2879523 2883608 scaffold_5 78499425 78625895 color=lorange
6 2906560 2906967 scaffold_5 78499425 78625895 color=lorange
6 2924906 2935138 scaffold_5 78635249 78664852 color=lorange
6 2942529 2956509 scaffold_5 78684710 78733909 color=lorange
6 2979132 3000334 scaffold_5 78779509 78852705 color=lorange
6 3064664 3075728 scaffold_5 78972017 78999739 color=lorange
6 3618378 3625639 scaffold_5 80569966 80592166 color=lorange
6 3648174 3652501 scaffold_5 80652884 80725765 color=lorange
6 3701500 3737340 scaffold_5 80916329 81045611 color=lorange
6 3752732 3755772 scaffold_5 80916329 81045611 color=lorange
6 3765427 3765717 scaffold_5 80916329 81045611 color=lorange
6 4368338 4382518 scaffold_5 82882106 82940200 color=lorange
6 4391162 4393538 scaffold_5 82980955 82986818 color=lorange
6 4402746 4403225 scaffold_5 83001678 83002157 color=lorange
6 4417705 4426323 scaffold_5 83052084 83386990 color=lorange
6 4436337 4442512 scaffold_5 83150312 83169490 color=lorange
6 4492457 4496510 scaffold_5 83266813 83347846 color=lorange
6 4512492 4516516 scaffold_5 83052084 83386990 color=lorange
6 4700709 4708306 scaffold_5 84039245 84065091 color=lorange
6 4771013 4777524 scaffold_5 84117489 84537953 color=lorange
6 4940676 4947816 scaffold_5 84851946 84871115 color=lorange
6 5034270 5052290 scaffold_5 85096678 85128421 color=lorange
6 5067148 5078741 scaffold_5 85151741 85175167 color=lorange
6 5126354 5140416 scaffold_5 85355573 85449214 color=lorange
6 5185489 5196735 scaffold_5 85461488 85539576 color=lorange
6 5235080 5236702 scaffold_5 68595789 68596828 color=lorange
6 5257127 5260667 scaffold_5 65580251 65625639 color=lorange
6 5261193 5262311 scaffold_5 65538199 65555886 color=lorange
6 5275996 5277104 scaffold_5 65757848 65761596 color=lorange
6 5278320 5289088 scaffold_5 65765678 65835570 color=lorange
6 5335965 5337178 scaffold_5 65961711 66184739 color=lorange
6 5457370 5460203 scaffold_5 67274225 67298702 color=lorange
6 5461364 5464366 scaffold_5 67240834 67256066 color=lorange
6 5470991 5487683 scaffold_5 66815537 66919473 color=lorange
6 5494815 5497496 scaffold_5 66784483 66787164 color=lorange
6 5503214 5509120 scaffold_5 66192486 66797229 color=lorange
6 5689345 5692413 scaffold_5 63962198 63969174 color=lorange
6 5787363 5805849 scaffold_5 63639595 63691492 color=lorange
6 5880223 5897158 scaffold_94 219792 313454 color=lorange
6 5880223 5897158 scaffold_5 63300611 63401196 color=lorange
6 5936211 5937446 scaffold_94 825084 835590 color=lorange
6 5936211 5937446 scaffold_5 62858769 62871295 color=lorange
6 5968999 5974794 scaffold_5 58528307 58608585 color=lorange
6 5968999 5974794 scaffold_5 62638338 62735652 color=lorange
6 5975229 5978385 scaffold_5 62638338 62735652 color=lorange
6 5975229 5978385 scaffold_5 58528307 58608585 color=lorange
6 5979486 5982195 scaffold_5 62624433 62638161 color=lorange
6 5979486 5982195 scaffold_5 58608762 58627197 color=lorange
6 6014592 6017434 scaffold_5 60203321 60339578 color=lorange
6 6226421 6241922 scaffold_5 60406255 60490059 color=lorange
6 6261850 6262383 scaffold_5 60683321 60796442 color=lorange
6 6289339 6306889 scaffold_5 60683321 60796442 color=lorange
6 6333854 6346535 scaffold_5 60867930 60960119 color=lorange
6 6354542 6369708 scaffold_5 61029424 61083047 color=lorange
6 6432810 6436606 scaffold_5 61307119 61410240 color=lorange
6 6432810 6441791 scaffold_5 61307119 61410240 color=lorange
6 6436776 6441791 scaffold_5 61307119 61410240 color=lorange
6 6697175 6701726 scaffold_5 99397646 99469756 color=lorange
6 6714713 6720821 scaffold_5 98989291 99011427 color=lorange
6 6722737 6727850 scaffold_5 99012276 99014339 color=lorange
6 6840075 6843838 scaffold_5 99242721 99248747 color=lorange
6 6847896 6849371 scaffold_5 99256790 99320417 color=lorange
6 6851556 6872416 scaffold_5 99256790 99320417 color=lorange
6 6874079 6895447 scaffold_5 99322391 99337337 color=lorange
6 6898911 6904989 scaffold_5 99389884 99392729 color=lorange
6 6914107 6925079 scaffold_5 98816839 98827550 color=lorange
6 6997707 7010031 scaffold_5 98923970 98970202 color=lorange
6 6999359 7010031 scaffold_5 98923970 98970202 color=lorange
6 7023814 7024785 scaffold_5 67954138 67965753 color=lorange
6 7044593 7047920 scaffold_5 68044766 68072112 color=lorange
6 7048730 7059459 scaffold_5 68073883 68133862 color=lorange
6 7454095 7462449 scaffold_5 85539964 85549321 color=lorange
6 7462521 7476040 scaffold_5 85549394 85585155 color=lorange
6 7554173 7555700 scaffold_5 91819991 91831119 color=lorange
6 7827402 7850650 scaffold_5 53845978 53953682 color=lorange
6 7869549 7886307 scaffold_5 53694395 53830738 color=lorange
6 8176453 8185408 scaffold_5 56616209 56664458 color=lorange
6 8309611 8317609 scaffold_5 56997466 57148229 color=lorange
6 8383916 8405590 scaffold_5 54362059 54418527 color=lorange
6 8564671 8566083 scaffold_5 102375372 102412615 color=lorange
6 8647414 8664417 scaffold_5 102646586 102715620 color=lorange
6 8668876 8673109 scaffold_5 102724181 102738658 color=lorange
6 8681246 8686192 scaffold_5 102766953 102780740 color=lorange
6 8780299 8782509 scaffold_5 77967210 77978896 color=lorange
6 8784021 8800227 scaffold_5 77983801 78045111 color=lorange
6 8802860 8807264 scaffold_5 78048581 78059323 color=lorange
6 8859106 8861234 scaffold_5 75284514 75292610 color=lorange
6 8861580 8868713 scaffold_5 75292939 75330670 color=lorange
6 8865447 8868713 scaffold_5 75292939 75330670 color=lorange
6 8876055 8881096 scaffold_5 75360683 75377475 color=lorange
6 8894920 8899300 scaffold_5 75421557 75441436 color=lorange
6 8908100 8929750 scaffold_5 75464158 75611473 color=lorange
6 8953267 8959277 scaffold_5 75680047 75702801 color=lorange
6 8961499 8967417 scaffold_5 75734804 75771016 color=lorange
6 9014451 9017327 scaffold_5 75932481 75943436 color=lorange
6 9021593 9029701 scaffold_5 75948386 76003349 color=lorange
6 9039889 9044571 scaffold_5 76038027 76054924 color=lorange
6 9046566 9049581 scaffold_5 76057013 76060248 color=lorange
6 9053162 9058091 scaffold_5 76064954 76098403 color=lorange
6 9108322 9123662 scaffold_5 76479151 76521921 color=lorange
6 9108322 9123662 scaffold_5 76450060 76474171 color=lorange
6 9392521 9395712 scaffold_5 77684170 77693467 color=lorange
6 9396689 9400690 scaffold_5 77696874 77706325 color=lorange
6 9401753 9409228 scaffold_5 77707498 77743561 color=lorange
6 9425300 9437621 scaffold_5 77871641 77937069 color=lorange
6 9469790 9470284 scaffold_5 77786016 77786510 color=lorange
6 9471419 9478253 scaffold_5 103067883 103084563 color=lorange
6 9471419 9478253 scaffold_195 27062 54039 color=lorange
6 9490334 9492050 scaffold_5 103120275 103126946 color=lorange
6 9490334 9492050 scaffold_195 89886 91614 color=lorange
6 9661478 9670265 scaffold_5 98033956 98291941 color=lorange
6 9674401 9678256 scaffold_5 98011454 98019920 color=lorange
6 9679550 9685771 scaffold_5 97989559 98009115 color=lorange
6 9686513 9691063 scaffold_5 97973660 97986734 color=lorange
6 9723997 9738352 scaffold_5 97828631 97871825 color=lorange
6 9739744 9741478 scaffold_5 97823400 97827139 color=lorange
6 9747189 9747888 scaffold_5 97462683 97798629 color=lorange
6 9854774 9867727 scaffold_5 97462683 97798629 color=lorange
6 10034404 10047914 scaffold_5 97081750 97137584 color=lorange
6 10049725 10050364 scaffold_5 97071539 97073888 color=lorange
6 10189449 10196821 scaffold_5 96462830 96564406 color=lorange
6 10200146 10206191 scaffold_5 96494604 96519943 color=lorange
6 10217610 10227163 scaffold_5 73676609 73720637 color=lorange
6 10227700 10233197 scaffold_5 73641236 73673879 color=lorange
6 10240936 10242518 scaffold_5 73526814 73530783 color=lorange
6 10244681 10265843 scaffold_5 73401484 73517796 color=lorange
6 10333290 10334609 scaffold_5 73108872 73109685 color=lorange
6 10352999 10356136 scaffold_68 1389230 1398461 color=lorange
6 10375605 10377370 scaffold_68 1333373 1335895 color=lorange
6 10378057 10379831 scaffold_68 1275592 1331891 color=lorange
6 10394220 10397569 scaffold_68 1275592 1331891 color=lorange
6 10404030 10406715 scaffold_68 1250248 1255119 color=lorange
6 10442096 10452849 scaffold_68 1081737 1103140 color=lorange
6 10457272 10463642 scaffold_68 1032658 1058192 color=lorange
6 10467465 10475302 scaffold_68 996565 1024507 color=lorange
6 10485195 10491453 scaffold_68 947652 974190 color=lorange
6 10500141 10501838 scaffold_68 766989 775161 color=lorange
6 10500141 10501838 scaffold_68 540984 543630 color=lorange
6 10502051 10506537 scaffold_68 492946 540448 color=lorange
6 10502051 10506537 scaffold_68 712323 742919 color=lorange
6 10725701 10726227 scaffold_5 23152002 23152520 color=lorange
6 10736930 10762746 scaffold_5 23169612 23231319 color=lorange
6 10905166 10912200 scaffold_5 54571009 54580503 color=lorange
6 11490593 11492784 scaffold_5 28253936 28384447 color=lorange
6 11505770 11510487 scaffold_5 28253936 28384447 color=lorange
6 11561274 11564846 scaffold_5 28428352 28491978 color=lorange
6 11609091 11613107 scaffold_5 28525972 28576294 color=lorange
6 11617723 11617962 scaffold_5 28550540 28550779 color=lorange
6 11712250 11724125 scaffold_5 28733301 28791959 color=lorange
6 11736837 11740407 scaffold_5 28801317 28807911 color=lorange
6 11745774 11762225 scaffold_5 28812801 28833327 color=lorange
6 11827659 11834062 scaffold_5 28919743 28932834 color=lorange
6 11878903 11892944 scaffold_5 28990938 29011269 color=lorange
6 12133157 12140376 scaffold_5 29458313 29543479 color=lorange
6 12252856 12255331 scaffold_5 37462122 37464407 color=lorange
6 12259398 12291064 scaffold_5 37465490 37509830 color=lorange
6 12307529 12311576 scaffold_5 37531446 37536444 color=lorange
6 12479837 12494799 scaffold_5 37948622 37996049 color=lorange
6 12573328 12589874 scaffold_5 38084780 38165739 color=lorange
6 12638126 12653716 scaffold_5 38249836 38318734 color=lorange
6 12675155 12678725 scaffold_5 38324329 38326458 color=lorange
6 12702556 12706841 scaffold_5 38365225 38431657 color=lorange
6 12707161 12741630 scaffold_5 38365225 38431657 color=lorange
6 12822701 12839953 scaffold_5 38630315 38679795 color=lorange
6 12882978 12893025 scaffold_5 38744374 38798312 color=lorange
6 12907499 12918893 scaffold_5 38812554 38833978 color=lorange
6 12922970 12924961 scaffold_5 38812554 38833978 color=lorange
6 12939719 12940312 scaffold_5 38854855 38855448 color=lorange
6 12941946 12942710 scaffold_5 38858032 38858796 color=lorange
6 12946789 12949543 scaffold_5 38867063 38952758 color=lorange
6 12956543 12994822 scaffold_5 38867063 38952758 color=lorange
6 12956543 12994822 scaffold_5 38867063 38952758 color=lorange
6 13013881 13019104 scaffold_5 38969583 38980585 color=lorange
6 13020573 13027947 scaffold_5 38987226 38990477 color=lorange
6 13037034 13045432 scaffold_5 38994191 39004173 color=lorange
6 13104381 13105714 scaffold_5 39102118 39136335 color=lorange
6 13119271 13121235 scaffold_5 39102118 39136335 color=lorange
6 17541883 17553986 scaffold_5 101860156 101986378 color=lorange
6 17613110 17618681 scaffold_5 101778040 101793095 color=lorange
6 17629040 17631741 scaffold_5 101750337 101761509 color=lorange
6 17649292 17656994 scaffold_5 101693737 101725870 color=lorange
6 17873214 17881582 scaffold_5 101084291 101285659 color=lorange
6 17904804 17911675 scaffold_5 100960774 101030951 color=lorange
6 17914072 17921599 scaffold_5 100960774 101030951 color=lorange
6 17925608 17927178 scaffold_5 100960774 101030951 color=lorange
6 17929288 17948331 scaffold_5 100880911 100957466 color=lorange
6 17959208 17988949 scaffold_5 100695682 100760094 color=lorange
6 18046515 18047568 scaffold_5 100540713 100572167 color=lorange
6 18073793 18078324 scaffold_5 100522278 100524596 color=lorange
6 18109466 18112759 scaffold_5 100366644 100375254 color=lorange
6 18117017 18124626 scaffold_5 100381646 100393984 color=lorange
6 18135012 18141292 scaffold_5 100410260 100422519 color=lorange
6 18158258 18163111 scaffold_5 100445857 100449225 color=lorange
6 18181030 18193403 scaffold_5 100787776 100814799 color=lorange
6 18194325 18206834 scaffold_5 100817458 100835869 color=lorange
6 18220973 18226371 scaffold_5 100866716 100868209 color=lorange
6 18236245 18236499 scaffold_5 88169047 88279518 color=lorange
6 18266880 18275007 scaffold_5 88169047 88279518 color=lorange
6 18277210 18279331 scaffold_5 88169047 88279518 color=lorange
6 18286808 18293757 scaffold_5 88302454 88309981 color=lorange
6 18295149 18297818 scaffold_5 88310916 88317667 color=lorange
6 18393739 18397850 scaffold_5 88510176 88517803 color=lorange
6 18810519 18822542 scaffold_5 89164624 89190301 color=lorange
6 18848438 18850031 scaffold_5 89197435 89232299 color=lorange
6 18914328 18927255 scaffold_5 89347099 89360336 color=lorange
6 18984912 19005985 scaffold_5 89406436 89466293 color=lorange
6 19008293 19010807 scaffold_5 89469235 89476692 color=lorange
6 19868766 19869113 scaffold_5 91566179 91579385 color=lorange
6 19991221 19993052 scaffold_5 91815723 91817391 color=lorange
6 19997130 20002820 scaffold_5 91906353 91929493 color=lorange
6 20128543 20162021 scaffold_5 87800528 88036201 color=lorange
6 20353526 20369259 scaffold_5 87199652 87282242 color=lorange
6 20383277 20384519 scaffold_5 87148400 87149692 color=lorange
6 20400089 20403448 scaffold_5 87090400 87123653 color=lorange
6 20408504 20410698 scaffold_5 87090400 87123653 color=lorange
6 20482426 20484494 scaffold_5 86858232 86859564 color=lorange
6 20490205 20494155 scaffold_5 86843202 86847516 color=lorange
6 20497009 20499081 scaffold_5 86836772 86841720 color=lorange
6 20503481 20512586 scaffold_5 86799679 86827726 color=lorange
6 20606673 20613846 scaffold_5 86294898 86338673 color=lorange
6 20625081 20626310 scaffold_5 86294898 86338673 color=lorange
6 20668883 20679520 scaffold_5 86109264 86226359 color=lorange
6 20685522 20704821 scaffold_5 86074047 86087880 color=lorange
6 20718322 20734557 scaffold_5 85969815 86005392 color=lorange
6 20749889 20758416 scaffold_5 85906659 85934645 color=lorange
6 20760008 20760875 scaffold_5 85896860 85899291 color=lorange
6 20782833 20786396 scaffold_5 85836661 85841170 color=lorange
6 20790121 20797742 scaffold_5 85723495 85826046 color=lorange
6 20865383 20881628 scaffold_5 85591609 85622127 color=lorange
6 20932135 20942552 scaffold_5 98406199 98423005 color=lorange
6 20945572 20945925 scaffold_5 98426021 98474651 color=lorange
6 21048138 21051854 scaffold_5 98533077 98547284 color=lorange
6 21110697 21116147 scaffold_5 67462724 67498607 color=lorange
6 21128090 21138270 scaffold_5 67387485 67450438 color=lorange
6 21142010 21155907 scaffold_5 63989547 64149320 color=lorange
6 21160748 21164453 scaffold_5 64113536 64124656 color=lorange
6 21166127 21169462 scaffold_5 63989547 64149320 color=lorange
6 21171014 21180504 scaffold_5 64169060 64219633 color=lorange
6 21205335 21209420 scaffold_5 64416714 64430309 color=lorange
6 21212334 21213788 scaffold_5 64524186 64556939 color=lorange
6 21212334 21213788 scaffold_5 64445431 64497481 color=lorange
6 21246748 21251336 scaffold_5 64561024 64777907 color=lorange
6 21253073 21259630 scaffold_5 64817379 64864416 color=lorange
6 21288653 21289141 scaffold_5 64886712 65053118 color=lorange
6 21307896 21317995 scaffold_5 68604650 68663298 color=lorange
6 21346979 21347998 scaffold_5 68832974 68833993 color=lorange
6 21523866 21532263 scaffold_5 69264655 69672078 color=lorange
6 21663360 21667951 scaffold_5 70577396 70590400 color=lorange
6 21772144 21780888 scaffold_5 71244036 71310602 color=lorange
6 21793984 21797137 scaffold_5 71341645 71375016 color=lorange
6 21993833 21995728 scaffold_5 72318864 72346428 color=lorange
6 21993833 21995728 scaffold_19 5078010 5078618 color=lorange
6 21997414 21999589 scaffold_5 72352330 72368437 color=lorange
6 22004304 22005769 scaffold_5 72381043 72393247 color=lorange
6 22034555 22046702 scaffold_5 72424990 72629497 color=lorange
6 22051327 22059496 scaffold_5 72635573 72693159 color=lorange
6 22091727 22099397 scaffold_5 23107880 23111008 color=lorange
6 22124903 22130480 scaffold_5 23086346 23092150 color=lorange
6 22135504 22140131 scaffold_5 23071031 23079805 color=lorange
6 22223054 22229004 scaffold_5 22904661 22910649 color=lorange
6 22241752 22245177 scaffold_5 22901037 22902290 color=lorange
6 22258241 22279435 scaffold_5 22830451 22900247 color=lorange
6 22288921 22297529 scaffold_5 22810613 22820168 color=lorange
6 22305482 22307975 scaffold_5 22797238 22803217 color=lorange
6 22322983 22331376 scaffold_5 22745944 22764227 color=lorange
6 22364544 22383406 scaffold_5 22568313 22614732 color=lorange
6 22415241 22421619 scaffold_5 22387121 22525431 color=lorange
6 22634812 22637473 scaffold_5 21692736 21944918 color=lorange
6 22729377 22735304 scaffold_5 21692736 21944918 color=lorange
6 22748896 22756640 scaffold_5 21420877 21676530 color=lorange
6 22903759 22913194 scaffold_5 21370919 21386752 color=lorange
6 22932906 22940633 scaffold_5 21345357 21350953 color=lorange
6 23043962 23045851 scaffold_5 21081276 21121082 color=lorange
6 23306026 23324267 scaffold_5 20527212 20540774 color=lorange
6 23447179 23451775 scaffold_5 20279354 20288113 color=lorange
6 23453255 23469063 scaffold_5 20262342 20278831 color=lorange
6 23453255 23469063 scaffold_5 20262342 20278831 color=lorange
6 23556138 23564568 scaffold_5 34734347 34740005 color=lorange
6 23556138 23564568 scaffold_93 780950 786924 color=lorange
6 23601474 23603826 scaffold_5 34661926 34725269 color=lorange
6 23601474 23603826 scaffold_93 793467 872219 color=lorange
6 23616428 23624226 scaffold_5 34562962 34583338 color=lorange
6 23805659 23820684 scaffold_5 34049026 34090182 color=lorange
6 23825709 23840388 scaffold_5 34012723 34048158 color=lorange
6 23883964 23895973 scaffold_5 33627841 33925450 color=lorange
6 23987066 23990336 scaffold_5 33627841 33925450 color=lorange
6 24190116 24215640 scaffold_5 33022402 33080736 color=lorange
6 24222318 24230552 scaffold_5 33005257 33011704 color=lorange
6 24300538 24303257 scaffold_5 32824377 32830295 color=lorange
6 24310787 24312241 scaffold_5 32816995 32817942 color=lorange
6 24314678 24324233 scaffold_5 32779003 32810774 color=lorange
6 24328470 24330315 scaffold_5 32759630 32762322 color=lorange
6 24332432 24337495 scaffold_5 32721732 32726900 color=lorange
6 24350273 24350527 scaffold_5 32505193 32697850 color=lorange
6 24383875 24392784 scaffold_5 32505193 32697850 color=lorange
6 24409608 24420948 scaffold_5 32505193 32697850 color=lorange
6 24606234 24609632 scaffold_5 31927424 31931660 color=lorange
6 24791012 24800238 scaffold_5 31484690 31500693 color=lorange
6 24796816 24800238 scaffold_5 31484690 31500693 color=lorange
6 24801310 24819859 scaffold_5 22768897 22796531 color=lorange
6 24851587 24857314 scaffold_5 31405822 31415960 color=lorange
6 24863622 24872868 scaffold_5 31382339 31387628 color=lorange
6 24997698 25005125 scaffold_5 30131586 30210848 color=lorange
6 25201619 25226236 scaffold_5 30610248 30784650 color=lorange
6 25590003 25592264 scaffold_5 26638331 26640545 color=lorange
6 25593594 25598903 scaffold_5 26625935 26638187 color=lorange
6 25666118 25668201 scaffold_5 26489759 26493459 color=lorange
6 25672468 25672839 scaffold_5 26489759 26493459 color=lorange
6 25702836 25704221 scaffold_5 26353723 26433725 color=lorange
6 25749586 25759003 scaffold_5 26331177 26336570 color=lorange
6 25761187 25809052 scaffold_5 26247712 26326537 color=lorange
6 25824652 25837157 scaffold_5 26161822 26196413 color=lorange
6 25896895 25897846 scaffold_5 25316117 26009265 color=lorange
6 25922126 25933372 scaffold_5 25316117 26009265 color=lorange
6 26051592 26053409 scaffold_5 25316117 26009265 color=lorange
6 26566385 26580437 scaffold_5 24142142 24238125 color=lorange
6 26630730 26641787 scaffold_5 24039355 24061565 color=lorange
6 26676789 26681139 scaffold_5 23972747 24002175 color=lorange
6 26682032 26688942 scaffold_5 23964628 23971251 color=lorange
6 26694765 26696972 scaffold_5 23950941 23954810 color=lorange
6 26701455 26711036 scaffold_5 23913347 23946219 color=lorange
6 26750710 26752529 scaffold_5 1280226 1284827 color=lorange
6 26750722 26752529 scaffold_5 1280226 1284827 color=lorange
6 26884172 26884588 scaffold_5 1063370 1063786 color=lorange
6 26921607 26933517 scaffold_5 992088 1031001 color=lorange
6 27039435 27043536 scaffold_5 53483144 53518864 color=lorange
6 27049289 27049594 scaffold_5 53531614 53563940 color=lorange
6 27056368 27060153 scaffold_5 53341010 53595510 color=lorange
6 27068713 27076979 scaffold_5 55166497 55177620 color=lorange
6 27113873 27116238 scaffold_5 35921634 35926647 color=lorange
6 27129749 27134983 scaffold_5 37432170 37444262 color=lorange
6 27144384 27155431 scaffold_5 37397260 37423857 color=lorange
6 27186782 27211641 scaffold_5 37186463 37382984 color=lorange
6 27432437 27433729 scaffold_5 36536175 36549126 color=lorange
6 27622684 27623055 scaffold_5 36002287 36173306 color=lorange
6 27686308 27696939 scaffold_5 31296736 31313082 color=lorange
6 27701823 27712036 scaffold_5 31257752 31287206 color=lorange
6 27824666 27828152 scaffold_5 30792450 31007326 color=lorange
6 27882140 27883650 scaffold_5 35929620 35941014 color=lorange
6 27945882 27948018 scaffold_5 23907254 23908997 color=lorange
6 27948478 27952158 scaffold_5 23903355 23906816 color=lorange
6 27955077 27960337 scaffold_5 23888340 23897564 color=lorange
6 27964027 27969347 scaffold_5 23876729 23884598 color=lorange
6 28101170 28111489 scaffold_5 23525134 23540490 color=lorange
6 28129309 28133882 scaffold_5 23444215 23489622 color=lorange
6 28148677 28151264 scaffold_5 23444215 23489622 color=lorange
6 28180174 28182429 scaffold_5 23379602 23382470 color=lorange
6 28191304 28192428 scaffold_5 23370792 23371916 color=lorange
6 28192933 28193749 scaffold_5 2952017 2952749 color=lorange
6 28206606 28210447 scaffold_5 40441759 40458076 color=lorange
6 28289066 28291180 scaffold_5 40656122 40681464 color=lorange
6 28679478 28683835 scaffold_5 44477166 44484277 color=lorange
6 28687701 28697103 scaffold_5 41842823 41880965 color=lorange
6 28756388 28762166 scaffold_5 42065157 42079426 color=lorange
6 28790849 28796052 scaffold_5 42255603 42280733 color=lorange
6 28857248 28868144 scaffold_5 42543637 42593159 color=lorange
6 28952283 28958266 scaffold_5 42808591 42836379 color=lorange
6 28973142 28993585 scaffold_5 42916922 42957552 color=lorange
6 29072881 29077539 scaffold_5 43358531 43388082 color=lorange
6 29078408 29081490 scaffold_5 43388990 43392669 color=lorange
6 29083117 29086009 scaffold_5 43396124 43411334 color=lorange
6 29092591 29094089 scaffold_5 43422387 43432212 color=lorange
6 29188168 29201964 scaffold_5 43700772 43752490 color=lorange
6 29203814 29205673 scaffold_5 22571063 22571617 color=lorange
6 29203814 29205673 scaffold_5 43754630 43755705 color=lorange
6 29243569 29255234 scaffold_5 43909201 43976619 color=lorange
6 29301256 29320210 scaffold_5 44152433 44206914 color=lorange
6 29338795 29349795 scaffold_5 44282767 44317516 color=lorange
6 29350510 29365954 scaffold_5 44323878 44365072 color=lorange
6 29373437 29399660 scaffold_5 44394390 44471538 color=lorange
6 29519730 29528687 scaffold_5 44812858 44900041 color=lorange
6 29530964 29539236 scaffold_5 44905847 45008483 color=lorange
6 29543792 29564083 scaffold_5 44905847 45008483 color=lorange
6 29908205 29930675 scaffold_6 81958143 82115786 color=lorange
6 29986110 29991557 scaffold_6 82359079 82404997 color=lorange
6 29994570 30006148 scaffold_5 16667197 16696498 color=lorange
6 30204164 30211275 scaffold_5 16114589 16148012 color=lorange
6 30278594 30290749 scaffold_5 15798137 15975143 color=lorange
6 30331799 30336789 scaffold_5 15798137 15975143 color=lorange
6 30338673 30340160 scaffold_5 15794251 15795857 color=lorange
6 30343444 30345868 scaffold_5 15784262 15790978 color=lorange
6 30509834 30515292 scaffold_5 15347625 15363557 color=lorange
6 30517963 30533315 scaffold_5 15298343 15343969 color=lorange
6 30535371 30543781 scaffold_5 15275620 15294865 color=lorange
6 30580855 30603900 scaffold_5 15104599 15188173 color=lorange
6 30608096 30611564 scaffold_5 15088115 15095668 color=lorange
6 30624003 30628060 scaffold_5 15047337 15055723 color=lorange
6 30638193 30647810 scaffold_5 14994712 15023705 color=lorange
6 30660177 30666233 scaffold_5 14833678 14858853 color=lorange
6 30678131 30679144 scaffold_7 29720093 29736402 color=lorange
6 30750968 30759160 scaffold_5 14614767 14617478 color=lorange
6 31163047 31164049 scaffold_5 13398232 13399766 color=lorange
6 31275924 31286383 scaffold_5 13051287 13103572 color=lorange
6 31307993 31316576 scaffold_5 12956163 12976457 color=lorange
6 31326843 31327171 scaffold_5 12939611 12940306 color=lorange
6 31328442 31331358 scaffold_5 12936257 12938237 color=lorange
6 31347161 31351696 scaffold_5 12919978 12924713 color=lorange
6 31358102 31363034 scaffold_5 12887930 12915830 color=lorange
6 31368327 31371309 scaffold_5 12880424 12883111 color=lorange
6 31371930 31379571 scaffold_5 12854429 12878622 color=lorange
6 31405011 31423389 scaffold_5 12763683 12833862 color=lorange
6 31405011 31423389 scaffold_5 12754189 12761148 color=lorange
6 31426825 31430157 scaffold_5 12745467 12750230 color=lorange
6 31435400 31444791 scaffold_5 12701673 12727675 color=lorange
6 31570947 31578287 scaffold_5 12380372 12395337 color=lorange
6 31579552 31580193 scaffold_5 12377849 12378496 color=lorange
6 31662807 31670157 scaffold_5 12204034 12209143 color=lorange
6 31677789 31680110 scaffold_5 12195005 12197528 color=lorange
6 31680541 31681975 scaffold_5 12190722 12194081 color=lorange
6 31719764 31724021 scaffold_5 52568993 52591364 color=lorange
6 31725008 31727407 scaffold_5 52546689 52559001 color=lorange
6 31729218 31737723 scaffold_5 43165423 43215656 color=lorange
6 31740296 31750872 scaffold_5 52517885 52542578 color=lorange
6 31809104 31815111 scaffold_5 43089356 43154870 color=lorange
6 31817951 31823859 scaffold_5 52159573 52198966 color=lorange
6 32268637 32270034 scaffold_5 50594312 50595709 color=lorange
6 32351481 32382052 scaffold_5 71483 72503 color=lorange
6 32382242 32383703 scaffold_5 54878360 54908079 color=lorange
6 32435407 32438391 scaffold_5 12055425 12113086 color=lorange
6 32448419 32463109 scaffold_5 12055425 12113086 color=lorange
6 32466697 32467362 scaffold_5 897244 897900 color=lorange
6 32470018 32483507 scaffold_5 824435 883720 color=lorange
6 32694157 32696626 scaffold_5 39335132 39356951 color=lorange
6 32920385 32921893 scaffold_5 2944697 2950457 color=lorange
6 32923111 32924668 scaffold_5 2936142 2942109 color=lorange
6 32948987 32971239 scaffold_5 2768560 2853059 color=lorange
6 32982312 32991399 scaffold_5 2292880 2735128 color=lorange
6 33040208 33042256 scaffold_5 2292880 2735128 color=lorange
6 33057744 33059090 scaffold_5 2292880 2735128 color=lorange
6 33387474 33394252 scaffold_5 9335794 9424399 color=lorange
6 33424185 33427044 scaffold_5 9514519 9519538 color=lorange
6 33739047 33744352 scaffold_5 10190652 10734593 color=lorange
6 33764320 33773292 scaffold_5 10190652 10734593 color=lorange
6 33786158 33790061 scaffold_5 35167809 35184319 color=lorange
6 33786158 33790061 scaffold_93 322046 338653 color=lorange
6 33793243 33802190 scaffold_5 35187889 35212244 color=lorange
6 33793243 33802190 scaffold_93 292246 319700 color=lorange
6 33808114 33818182 scaffold_93 218937 263411 color=lorange
6 33808114 33818182 scaffold_5 35234039 35272558 color=lorange
6 33993089 33994859 scaffold_5 35562780 35566224 color=lorange
6 33996279 33997321 scaffold_5 35567510 35570089 color=lorange
6 34000738 34008498 scaffold_5 35779909 35899092 color=lorange
6 34021803 34031589 scaffold_5 35779909 35899092 color=lorange
6 34021803 34034389 scaffold_5 35779909 35899092 color=lorange
6 34060192 34073375 scaffold_5 35611590 35710926 color=lorange
6 34104155 34109205 scaffold_93 521083 538057 color=lorange
6 34104155 34109205 scaffold_5 35008059 35026959 color=lorange
6 34117462 34120158 scaffold_93 404571 497817 color=lorange
6 34117462 34120158 scaffold_5 35055094 35137037 color=lorange
6 34143902 34149665 scaffold_5 10756220 10778035 color=lorange
6 34160720 34168595 scaffold_5 10816581 10847498 color=lorange
6 34234508 34237972 scaffold_5 10985655 11025801 color=lorange
6 34242407 34242712 scaffold_5 11034381 11034685 color=lorange
6 34248495 34250172 scaffold_5 11043390 11046290 color=lorange
6 34343322 34349262 scaffold_5 11327310 11437704 color=lorange
6 34471489 34482644 scaffold_5 11820759 11932590 color=lorange
6 34518568 34544116 scaffold_5 11938460 12040278 color=lorange
6 34551341 34553842 scaffold_5 12049889 12053888 color=lorange
6 34554679 34556599 scaffold_5 2954342 2956073 color=lorange
6 34554679 34556599 scaffold_11 17826001 17826278 color=lorange
6 34557053 34561441 scaffold_5 2956856 2963485 color=lorange
6 34570054 34576559 scaffold_5 2979836 2993539 color=lorange
6 34902026 34903065 scaffold_5 3494640 3713829 color=lorange
6 34963828 34969213 scaffold_5 3912224 3924946 color=lorange
6 35007135 35018019 scaffold_5 4048580 4088247 color=lorange
6 35052402 35057056 scaffold_5 4213808 4228846 color=lorange
6 35057360 35059096 scaffold_5 4247292 4249569 color=lorange
6 35058518 35059096 scaffold_5 4247292 4249569 color=lorange
6 35080564 35090247 scaffold_5 4302812 4350450 color=lorange
6 35095850 35103195 scaffold_5 4230669 4245737 color=lorange
6 35106471 35107553 scaffold_5 5257434 5268229 color=lorange
6 35113570 35129389 scaffold_5 5210105 5257008 color=lorange
6 35136957 35142727 scaffold_5 5179398 5206817 color=lorange
6 35144349 35146873 scaffold_5 5168420 5175524 color=lorange
6 35156138 35156556 scaffold_5 5143988 5144407 color=lorange
6 35279978 35284201 scaffold_5 4517404 4722721 color=lorange
6 35355458 35357437 scaffold_5 4481673 4488781 color=lorange
6 35361279 35363376 scaffold_5 4473252 4475133 color=lorange
6 35369073 35378825 scaffold_5 4390325 4444139 color=lorange
6 35384007 35399761 scaffold_5 4390325 4444139 color=lorange
6 35414735 35415924 scaffold_5 5271157 5272612 color=lorange
6 35414735 35416059 scaffold_5 5271157 5272612 color=lorange
6 35416969 35421948 scaffold_5 5275029 5287607 color=lorange
6 35755371 35756896 scaffold_5 6020536 6022717 color=lorange
6 35769349 35772843 scaffold_5 6066056 6076060 color=lorange
6 35899856 35910860 scaffold_5 6475245 6526283 color=lorange
6 35937646 35940966 scaffold_5 6706492 6716174 color=lorange
6 35982049 35983536 scaffold_5 6720077 6722559 color=lorange
6 36019149 36019649 scaffold_5 6838356 6838922 color=lorange
6 36035112 36037247 scaffold_5 6870858 6873586 color=lorange
6 36037892 36040027 scaffold_5 6874422 6876030 color=lorange
6 36049706 36050968 scaffold_5 6891893 6893155 color=lorange
6 36109389 36114794 scaffold_5 7085156 7100044 color=lorange
6 36122474 36134609 scaffold_5 7114887 7189377 color=lorange
6 36173554 36177857 scaffold_5 7257742 7269385 color=lorange
6 36240225 36246237 scaffold_5 7460513 7521737 color=lorange
6 36249162 36251825 scaffold_5 7524745 7528536 color=lorange
6 36252647 36254660 scaffold_5 7529666 7539867 color=lorange
6 36330024 36331731 scaffold_5 7751430 7754313 color=lorange
6 36519981 36520871 scaffold_5 7994055 8335150 color=lorange
6 36530286 36534695 scaffold_5 7994055 8335150 color=lorange
6 36674872 36684025 scaffold_5 8786658 8801496 color=lorange
6 36687472 36689054 scaffold_5 8827849 8829798 color=lorange
6 36691343 36698998 scaffold_5 8837713 8878837 color=lorange
6 36715517 36721500 scaffold_5 8900549 8921716 color=lorange
6 36722705 36723529 scaffold_5 8930162 8931939 color=lorange
6 36743966 36755663 scaffold_5 8981165 9032860 color=lorange
6 36761427 36773062 scaffold_5 9048618 9108575 color=lorange
6 36783687 36804383 scaffold_5 9122840 9197621 color=lorange
6 36783687 36804383 scaffold_5 9122840 9197621 color=lorange
6 36845880 36849230 scaffold_5 20231628 20245111 color=lorange
6 37210535 37211583 scaffold_5 18836456 18839663 color=lorange
6 37216345 37229430 scaffold_5 18791961 18827876 color=lorange
6 37319380 37320927 scaffold_5 18332516 18430134 color=lorange
6 37341747 37347478 scaffold_5 18332516 18430134 color=lorange
6 37460488 37470884 scaffold_5 17033011 17033433 color=lorange
6 37549336 37563520 scaffold_5 17402194 17435655 color=lorange
6 37581934 37607302 scaffold_5 17209750 17215702 color=lorange
6 37645562 37650219 scaffold_5 16959101 17201364 color=lorange
6 37671443 37675364 scaffold_5 16959101 17201364 color=lorange
6 37677955 37680809 scaffold_5 16937479 16950303 color=lorange
6 37686649 37688165 scaffold_5 16920545 16922699 color=lorange
6 37689356 37690943 scaffold_5 16916872 16918573 color=lorange
6 37689431 37690943 scaffold_5 16916872 16918573 color=lorange
6 37697389 37707695 scaffold_5 16871985 16909784 color=lorange
6 37710675 37712980 scaffold_5 16863297 16865495 color=lorange
6 37745245 37749857 scaffold_5 16739419 16769163 color=lorange
6 37772823 37775985 scaffold_6 82416925 82455091 color=lorange
6 37872936 37873509 scaffold_5 46416607 46465558 color=lorange
6 37889921 37891516 scaffold_5 46416607 46465558 color=lorange
6 37947211 37964431 scaffold_5 46507139 46647127 color=lorange
6 38107164 38107496 scaffold_5 47372314 47372646 color=lorange
6 38465458 38471877 scaffold_5 48403819 48442321 color=lorange
6 38484187 38499737 scaffold_5 48468513 48789854 color=lorange
6 38615291 38623748 scaffold_5 49214624 49244417 color=lorange
6 38628532 38633785 scaffold_5 49265507 49632374 color=lorange
6 38707813 38712387 scaffold_5 49265507 49632374 color=lorange
6 38815896 38845651 scaffold_5 49739867 50152564 color=lorange
6 38905993 38915849 scaffold_5 50363593 50418463 color=lorange
6 38917395 38919379 scaffold_5 50428398 50443311 color=lorange
7 860934 864271 scaffold_2 40869349 40910325 color=lorange
7 883553 886526 scaffold_2 40997273 41008428 color=lorange
7 901217 907725 scaffold_2 41041773 41055487 color=lorange
7 912354 921056 scaffold_2 41072903 41101055 color=lorange
7 941361 948016 scaffold_2 41189292 41221818 color=lorange
7 1077975 1087312 scaffold_2 41839613 41903424 color=lorange
7 1105771 1112384 scaffold_2 41913689 41937917 color=lorange
7 1136466 1141840 scaffold_2 41975122 41986668 color=lorange
7 1142718 1145087 scaffold_2 41995665 41998993 color=lorange
7 1149978 1158079 scaffold_2 42007111 42258837 color=lorange
7 1227921 1230353 scaffold_2 60942320 61050543 color=lorange
7 1349560 1358888 scaffold_2 65731763 65783281 color=lorange
7 1380895 1383849 scaffold_6 8539692 8540537 color=lorange
7 1471602 1480811 scaffold_2 31467601 31505106 color=lorange
7 1821375 1821641 scaffold_2 33208222 33208494 color=lorange
7 1892259 1897481 scaffold_2 33460147 33483268 color=lorange
7 1952746 1955370 scaffold_2 33657234 33678783 color=lorange
7 1955962 1957879 scaffold_2 33681127 33682970 color=lorange
7 1963635 1964537 scaffold_2 33695405 33696307 color=lorange
7 1968329 1978093 scaffold_2 33708276 33765157 color=lorange
7 1980663 1982830 scaffold_2 33796130 33798786 color=lorange
7 2153601 2162281 scaffold_2 34745884 34773930 color=lorange
7 2153601 2162281 scaffold_117 18826 51218 color=lorange
7 2184736 2186997 scaffold_117 114255 181584 color=lorange
7 2184736 2186997 scaffold_2 34835978 34889937 color=lorange
7 2206028 2213448 scaffold_117 200313 215285 color=lorange
7 2206028 2213448 scaffold_2 34911873 34929031 color=lorange
7 2226769 2240306 scaffold_2 34963442 34998711 color=lorange
7 2290392 2291811 scaffold_2 35247260 35359655 color=lorange
7 2290392 2291811 scaffold_2 36084764 36146906 color=lorange
7 2299856 2312351 scaffold_2 36084764 36146906 color=lorange
7 2299856 2312351 scaffold_2 35247260 35359655 color=lorange
7 2299856 2312351 scaffold_75 1091 13356 color=lorange
7 2544467 2550729 scaffold_75 769506 941972 color=lorange
7 2791885 2802417 scaffold_2 39999750 40833632 color=lorange
7 2921340 2923857 scaffold_2 39999750 40833632 color=lorange
7 2924533 2943869 scaffold_2 39999750 40833632 color=lorange
7 3326071 3329593 scaffold_2 38330351 38343137 color=lorange
7 3331440 3334828 scaffold_2 38323770 38326459 color=lorange
7 3339644 3345140 scaffold_2 38136735 38308659 color=lorange
7 3384820 3385047 scaffold_2 38136735 38308659 color=lorange
7 3403711 3408665 scaffold_2 38075734 38085654 color=lorange
7 3412703 3416423 scaffold_2 38028656 38062092 color=lorange
7 3419965 3428319 scaffold_2 37982546 38002389 color=lorange
7 3532906 3539896 scaffold_2 31305988 31331873 color=lorange
7 3978430 3990295 scaffold_2 13564588 13605808 color=lorange
7 4052071 4072433 scaffold_2 13741850 13813697 color=lorange
7 4052071 4072433 scaffold_2 13741850 13813697 color=lorange
7 4087363 4096440 scaffold_2 13847285 13855689 color=lorange
7 4312118 4322827 scaffold_2 6902000 6924308 color=lorange
7 4691048 4697710 scaffold_2 7569164 7797147 color=lorange
7 4781292 4782233 scaffold_2 9945574 10012443 color=lorange
7 5040841 5041548 scaffold_2 8491796 8492503 color=lorange
7 5709569 5713618 scaffold_2 9945574 10012443 color=lorange
7 5736886 5738093 scaffold_2 9945574 10012443 color=lorange
7 5736886 5738093 scaffold_2 10593506 10754979 color=lorange
7 5736886 5738093 scaffold_2 7569164 7797147 color=lorange
7 5973713 5974429 scaffold_2 10593506 10754979 color=lorange
7 6042445 6043089 scaffold_2 10593506 10754979 color=lorange
7 6042445 6043089 scaffold_2 9945574 10012443 color=lorange
7 6150444 6151205 scaffold_2 11074743 11142817 color=lorange
7 6180568 6183859 scaffold_2 11074743 11142817 color=lorange
7 6399237 6399659 scaffold_134 72374 238669 color=lorange
7 6399237 6399659 scaffold_2 11682614 11852914 color=lorange
7 6459173 6466425 scaffold_2 11682614 11852914 color=lorange
7 6459173 6466425 scaffold_134 72374 238669 color=lorange
7 6550925 6551611 scaffold_2 12026831 12027517 color=lorange
7 6569389 6570472 scaffold_2 12059317 12062978 color=lorange
7 6619177 6621590 scaffold_2 12172515 12175144 color=lorange
7 6623798 6627507 scaffold_2 12178037 12190838 color=lorange
7 6640749 6648112 scaffold_2 12213742 12225328 color=lorange
7 6648978 6674443 scaffold_2 12226670 12299541 color=lorange
7 6676954 6689443 scaffold_2 12304715 12326448 color=lorange
7 6693819 6694190 scaffold_2 21056532 21056900 color=lorange
7 6699855 6703887 scaffold_2 21060240 21067174 color=lorange
7 6706084 6706890 scaffold_2 21070338 21071144 color=lorange
7 7164720 7168860 scaffold_2 27093399 27108825 color=lorange
7 7164720 7168860 scaffold_2 22423268 22442030 color=lorange
7 7194505 7199010 scaffold_2 22482017 22491177 color=lorange
7 7194505 7199010 scaffold_2 27142301 27150314 color=lorange
7 7224097 7226065 scaffold_2 27209038 27243833 color=lorange
7 7224097 7226065 scaffold_2 22551686 22582418 color=lorange
7 7232151 7233699 scaffold_2 22598622 22633182 color=lorange
7 7487728 7491228 scaffold_2 23112690 23340712 color=lorange
7 7606205 7608002 scaffold_2 28188479 28336748 color=lorange
7 7606205 7608002 scaffold_2 23538034 23693518 color=lorange
7 7646605 7649553 scaffold_2 28188479 28336748 color=lorange
7 7646605 7649553 scaffold_2 23538034 23693518 color=lorange
7 8233980 8236800 scaffold_2 25026273 25259834 color=lorange
7 8233980 8236800 scaffold_2 29651346 29903828 color=lorange
7 8249643 8254310 scaffold_2 29935637 29950651 color=lorange
7 8249643 8254310 scaffold_2 25284259 25303703 color=lorange
7 8261814 8276595 scaffold_2 29982641 30019584 color=lorange
7 8261814 8276595 scaffold_2 25334496 25373088 color=lorange
7 8265896 8276595 scaffold_2 29982641 30019584 color=lorange
7 8265896 8276595 scaffold_2 25334496 25373088 color=lorange
7 8395724 8402868 scaffold_2 30451660 30470412 color=lorange
7 8395724 8402868 scaffold_2 25813662 25831434 color=lorange
7 8493330 8516506 scaffold_2 26157599 26214309 color=lorange
7 8493330 8516506 scaffold_2 26157599 26214309 color=lorange
7 8493330 8516506 scaffold_2 30827220 30873605 color=lorange
7 8493330 8516506 scaffold_2 30827220 30873605 color=lorange
7 8517766 8537264 scaffold_2 26227934 26319628 color=lorange
7 8517766 8537264 scaffold_2 30893693 31007389 color=lorange
7 8594508 8601851 scaffold_2 26381283 26398778 color=lorange
7 8594508 8601851 scaffold_2 31088527 31111685 color=lorange
7 8655010 8679946 scaffold_2 12391398 12408183 color=lorange
7 8655010 8679946 scaffold_2 12379542 12386959 color=lorange
7 8688746 8698868 scaffold_2 12352103 12362054 color=lorange
7 8709121 8709620 scaffold_2 21051532 21052458 color=lorange
7 8745677 8755099 scaffold_2 20936045 20974863 color=lorange
7 8761424 8763729 scaffold_2 20924171 20925556 color=lorange
7 8768603 8782413 scaffold_2 20881943 20910300 color=lorange
7 8785115 8792171 scaffold_2 20856128 20918436 color=lorange
7 8804335 8804982 scaffold_2 20833174 20836400 color=lorange
7 8827464 8839822 scaffold_2 20738799 20784123 color=lorange
7 8890066 8890398 scaffold_2 731357 731689 color=lorange
7 8894687 8917898 scaffold_2 736817 770108 color=lorange
7 9573799 9607771 scaffold_2 2376521 2563961 color=lorange
7 9899851 9901604 scaffold_2 5925783 5926744 color=lorange
7 9908453 9911825 scaffold_2 5914897 5917187 color=lorange
7 9912348 9920552 scaffold_2 5884719 5912269 color=lorange
7 9922733 9927782 scaffold_2 5867554 5884131 color=lorange
7 10037813 10042530 scaffold_2 5696006 5728238 color=lorange
7 10052800 10061084 scaffold_2 5742228 5788939 color=lorange
7 10070133 10079667 scaffold_2 5461025 5481838 color=lorange
7 10118442 10125377 scaffold_2 5333233 5333700 color=lorange
7 10118442 10125377 scaffold_2 5336584 5337051 color=lorange
7 10129460 10160542 scaffold_2 5245615 5327485 color=lorange
7 10232700 10239085 scaffold_2 5041418 5073403 color=lorange
7 10232700 10241478 scaffold_2 5041418 5073403 color=lorange
7 10241221 10241478 scaffold_2 5041418 5073403 color=lorange
7 10263722 10279129 scaffold_2 4910393 4994338 color=lorange
7 10309814 10315619 scaffold_2 4869908 4895968 color=lorange
7 10317138 10326900 scaffold_2 4836916 4863849 color=lorange
7 10330636 10336271 scaffold_2 4805163 4827999 color=lorange
7 10342975 10356563 scaffold_2 4785875 4791521 color=lorange
7 10342975 10356563 scaffold_2 4794460 4795002 color=lorange
7 10542288 10543188 scaffold_2 4267362 4283476 color=lorange
7 10546527 10549638 scaffold_2 4267362 4283476 color=lorange
7 10549689 10551279 scaffold_2 4227837 4264419 color=lorange
7 10553072 10569769 scaffold_2 4227837 4264419 color=lorange
7 10593569 10594398 scaffold_2 4195677 4196489 color=lorange
7 10740653 10743933 scaffold_2 3576771 4018137 color=lorange
7 10809668 10818740 scaffold_2 3576771 4018137 color=lorange
7 10843309 10861461 scaffold_2 3576771 4018137 color=lorange
7 10864337 10877812 scaffold_2 3437115 3571182 color=lorange
7 10878571 10912804 scaffold_2 3437115 3571182 color=lorange
7 10913463 10914403 scaffold_2 3413669 3434344 color=lorange
7 10915118 10920142 scaffold_2 3413669 3434344 color=lorange
7 11096104 11102755 scaffold_85 782643 805576 color=lorange
7 11096104 11102755 scaffold_85 734193 752966 color=lorange
7 11120794 11139124 scaffold_85 918477 979244 color=lorange
7 11120794 11139124 scaffold_85 544924 602297 color=lorange
7 11228105 11237620 scaffold_2 2571436 2685592 color=lorange
7 11242885 11260706 scaffold_2 2571436 2685592 color=lorange
7 11298259 11306917 scaffold_2 2788394 2810229 color=lorange
7 11308651 11359962 scaffold_2 6105342 6292456 color=lorange
7 11384010 11386111 scaffold_2 6345676 6356271 color=lorange
7 11388243 11390792 scaffold_2 6345676 6356271 color=lorange
7 11388977 11390792 scaffold_2 6345676 6356271 color=lorange
7 11391831 11394508 scaffold_2 6359408 6364571 color=lorange
7 11400497 11404497 scaffold_2 13869462 13880968 color=lorange
7 11407153 11414934 scaffold_2 13883291 13895802 color=lorange
7 11717227 11726831 scaffold_2 14621389 14643706 color=lorange
7 11752544 11757749 scaffold_2 14704961 14733325 color=lorange
7 11795934 11804337 scaffold_2 14797568 14822411 color=lorange
7 11816197 11818025 scaffold_2 14836691 14874538 color=lorange
7 11859742 11868337 scaffold_2 15067246 15088993 color=lorange
7 11879678 11881662 scaffold_2 15108996 15111973 color=lorange
7 11896725 11902250 scaffold_2 15134350 15155023 color=lorange
7 11993107 11994202 scaffold_2 15289250 15401516 color=lorange
7 12054039 12069822 scaffold_2 15419957 15467836 color=lorange
7 12089408 12091813 scaffold_2 15486966 15751205 color=lorange
7 12207445 12219205 scaffold_2 15754545 15782669 color=lorange
7 12220777 12223273 scaffold_2 15783528 15790503 color=lorange
7 12224427 12228023 scaffold_2 15793492 15799105 color=lorange
7 12464614 12469855 scaffold_2 16392997 16506410 color=lorange
7 12499477 12502717 scaffold_2 16392997 16506410 color=lorange
7 12572716 12578912 scaffold_2 16627851 16651231 color=lorange
7 12580583 12588572 scaffold_2 16653586 16668467 color=lorange
7 12700804 12725376 scaffold_2 66544469 66803785 color=lorange
7 16507602 16508460 scaffold_2 65263966 65265747 color=lorange
7 16556190 16559469 scaffold_2 63837501 63918941 color=lorange
7 16614494 16616247 scaffold_2 65858906 65916109 color=lorange
7 16678760 16687468 scaffold_2 66005457 66011561 color=lorange
7 16723776 16728250 scaffold_2 66166343 66250030 color=lorange
7 16736264 16742116 scaffold_2 66166343 66250030 color=lorange
7 16920270 16922397 scaffold_2 64884328 64952415 color=lorange
7 16920270 16935930 scaffold_2 64884328 64952415 color=lorange
7 16937585 16962162 scaffold_2 65346748 65469480 color=lorange
7 17044050 17059709 scaffold_2 20648721 20683558 color=lorange
7 17066798 17070510 scaffold_2 20633059 20639590 color=lorange
7 17071707 17075979 scaffold_2 17187371 17194581 color=lorange
7 17174002 17189348 scaffold_2 17203624 17459951 color=lorange
7 17190513 17192152 scaffold_2 17203624 17459951 color=lorange
7 17203575 17232015 scaffold_2 17477277 17640185 color=lorange
7 17701308 17714655 scaffold_2 18862975 18900646 color=lorange
7 17772753 17774193 scaffold_2 19060560 19062753 color=lorange
7 17781009 17790433 scaffold_2 19077544 19111673 color=lorange
7 17895605 17906969 scaffold_2 19285437 19395247 color=lorange
7 17916842 17931684 scaffold_2 19285437 19395247 color=lorange
7 18034617 18040916 scaffold_2 19647743 19660041 color=lorange
7 18102594 18120930 scaffold_2 19865527 19954615 color=lorange
7 18187105 18189879 scaffold_2 20071329 20215630 color=lorange
7 18257677 18271832 scaffold_2 20303407 20399472 color=lorange
7 18275817 18278664 scaffold_2 20303407 20399472 color=lorange
7 18400303 18401690 scaffold_2 17134986 17175160 color=lorange
7 18417200 18419883 scaffold_2 17125192 17126463 color=lorange
7 18420441 18421067 scaffold_2 17124246 17124872 color=lorange
7 18421944 18424515 scaffold_2 17121766 17122825 color=lorange
7 18461683 18471772 scaffold_2 17011946 17081244 color=lorange
7 18473629 18490527 scaffold_2 16966912 16995760 color=lorange
7 18473629 18490527 scaffold_2 16995587 16995978 color=lorange
7 18632013 18633629 scaffold_2 16687289 16720425 color=lorange
7 18637964 18644062 scaffold_2 16687289 16720425 color=lorange
7 18646194 18647186 scaffold_2 16683011 16683968 color=lorange
7 18661219 18662709 scaffold_2 16670297 16672742 color=lorange
7 18680748 18690043 scaffold_2 94652665 94671528 color=lorange
7 18691051 18692001 scaffold_2 94650905 94651855 color=lorange
7 18697750 18702069 scaffold_2 94639381 94643927 color=lorange
7 18729487 18747474 scaffold_2 94517754 94635016 color=lorange
7 18751325 18755459 scaffold_2 94517754 94635016 color=lorange
7 18761850 18763691 scaffold_2 94507219 94508001 color=lorange
7 18797571 18808638 scaffold_2 94418196 94441272 color=lorange
7 18811090 18812441 scaffold_2 94415620 94417698 color=lorange
7 18843050 18847313 scaffold_2 94366705 94372822 color=lorange
7 18851988 18852242 scaffold_2 94346737 94346991 color=lorange
7 18862308 18866049 scaffold_2 94332291 94337407 color=lorange
7 18897968 18920476 scaffold_2 94187804 94271297 color=lorange
7 18934524 18939701 scaffold_2 94187804 94271297 color=lorange
7 19011841 19017239 scaffold_2 94016403 94044495 color=lorange
7 19252339 19275846 scaffold_2 93349559 93499516 color=lorange
7 19282553 19289838 scaffold_2 93331966 93338953 color=lorange
7 19294502 19297867 scaffold_2 93308190 93310823 color=lorange
7 19377207 19377554 scaffold_2 93123486 93126906 color=lorange
7 19378558 19390607 scaffold_2 93101163 93120924 color=lorange
7 19378558 19390607 scaffold_2 93123486 93126906 color=lorange
7 19391262 19393738 scaffold_2 93093832 93098410 color=lorange
7 19397337 19403610 scaffold_2 92841852 93089653 color=lorange
7 19438761 19447451 scaffold_2 92841852 93089653 color=lorange
7 19699921 19700914 scaffold_114 82866 115035 color=lorange
7 19703445 19712877 scaffold_114 82866 115035 color=lorange
7 19720688 19726807 scaffold_114 38994 58380 color=lorange
7 19769654 19771581 scaffold_2 92779921 92788950 color=lorange
7 19793529 19812330 scaffold_2 92641433 92777305 color=lorange
7 19817806 19826538 scaffold_2 92603406 92632698 color=lorange
7 19859151 19870529 scaffold_2 92463960 92503998 color=lorange
7 20076219 20082681 scaffold_2 91979953 92025197 color=lorange
7 20100481 20101828 scaffold_2 91936552 91939450 color=lorange
7 20110439 20119435 scaffold_2 91901705 91908802 color=lorange
7 20168783 20180906 scaffold_2 91710445 91738939 color=lorange
7 20183478 20189134 scaffold_2 91633565 91708893 color=lorange
7 20352204 20363881 scaffold_2 101648412 101691614 color=lorange
7 20367254 20375693 scaffold_2 101630630 101639784 color=lorange
7 20397114 20397380 scaffold_2 101577067 101581588 color=lorange
7 20618160 20627036 scaffold_2 101074298 101097926 color=lorange
7 20815563 20820821 scaffold_2 100462165 100466310 color=lorange
7 20858228 20861673 scaffold_2 100368412 100370508 color=lorange
7 20879479 20896001 scaffold_2 100292573 100329274 color=lorange
7 21025458 21029617 scaffold_2 100003402 100013980 color=lorange
7 21041274 21060773 scaffold_2 99915412 99979577 color=lorange
7 21061945 21065316 scaffold_2 99907907 99913886 color=lorange
7 21276991 21288502 scaffold_2 99319421 99459645 color=lorange
7 21322020 21324743 scaffold_2 99240967 99242692 color=lorange
7 21357297 21387336 scaffold_2 99135253 99168241 color=lorange
7 21411955 21416511 scaffold_2 99064113 99074165 color=lorange
7 21435656 21453250 scaffold_2 98650597 99035465 color=lorange
7 21478167 21492831 scaffold_2 98650597 99035465 color=lorange
7 21827898 21835411 scaffold_2 97987334 98015464 color=lorange
7 21839726 21843155 scaffold_2 97977119 97982590 color=lorange
7 21844587 21906366 scaffold_2 97786827 97968242 color=lorange
7 21963089 21972361 scaffold_2 97626598 97637541 color=lorange
7 21963089 21972361 scaffold_2 97626598 97637541 color=lorange
7 21980761 21983872 scaffold_2 97560758 97603046 color=lorange
7 21984203 21986716 scaffold_2 97590098 97594352 color=lorange
7 21988443 21996020 scaffold_2 97560758 97603046 color=lorange
7 22017349 22029327 scaffold_2 97465549 97520282 color=lorange
7 22040059 22044782 scaffold_2 97434061 97451375 color=lorange
7 22056653 22069888 scaffold_2 97374981 97403251 color=lorange
7 22217455 22224493 scaffold_2 96933076 96973277 color=lorange
7 22234774 22237625 scaffold_2 96900885 96904687 color=lorange
7 22263008 22272084 scaffold_2 89340548 89386317 color=lorange
7 22275868 22281078 scaffold_2 89389502 89411556 color=lorange
7 22287991 22318470 scaffold_2 89430713 89538240 color=lorange
7 23611882 23626931 scaffold_2 105335487 105381673 color=lorange
7 23707108 23709103 scaffold_2 105579911 105603042 color=lorange
7 23763907 23766485 scaffold_2 105770952 105773692 color=lorange
7 23767190 23774043 scaffold_2 105774386 105788784 color=lorange
7 23777630 23779168 scaffold_2 105790253 105793728 color=lorange
7 23787666 23791584 scaffold_2 105804743 105811482 color=lorange
7 23824403 23825990 scaffold_2 105891364 105893784 color=lorange
7 24438017 24445810 scaffold_2 107598756 107627317 color=lorange
7 24726403 24732823 scaffold_2 108512623 108528544 color=lorange
7 24747909 24748352 scaffold_2 108548311 108815881 color=lorange
7 24802648 24807764 scaffold_2 108548311 108815881 color=lorange
7 24823840 24829497 scaffold_2 108548311 108815881 color=lorange
7 25081103 25086059 scaffold_2 109463867 109497822 color=lorange
7 25096282 25104940 scaffold_2 109524586 109736741 color=lorange
7 25276212 25302976 scaffold_2 102271438 102360826 color=lorange
7 25314277 25316395 scaffold_2 102381189 102383777 color=lorange
7 25314277 25316434 scaffold_2 102381189 102383777 color=lorange
7 25634678 25637030 scaffold_2 103443680 103445848 color=lorange
7 25643808 25654768 scaffold_2 114986840 115010656 color=lorange
7 25658555 25659261 scaffold_2 114975232 114983776 color=lorange
7 25942208 25945751 scaffold_2 114239120 114245772 color=lorange
7 25976744 25978266 scaffold_2 114151977 114155846 color=lorange
7 26034130 26050240 scaffold_2 114006175 114117352 color=lorange
7 26065796 26068751 scaffold_2 116656251 116660612 color=lorange
7 26222922 26223709 scaffold_2 116410925 116413266 color=lorange
7 26283433 26292387 scaffold_2 116248083 116286932 color=lorange
7 26293646 26300326 scaffold_2 116218066 116231724 color=lorange
7 26301841 26305411 scaffold_2 116202441 116205996 color=lorange
7 26323778 26325726 scaffold_2 116165543 116168176 color=lorange
7 26767790 26771589 scaffold_2 115054749 115058074 color=lorange
7 26775360 26779369 scaffold_2 42312158 42333632 color=lorange
7 26869193 26886133 scaffold_2 42613452 42681614 color=lorange
7 26905519 26908376 scaffold_2 42725386 42734162 color=lorange
7 26912210 26918060 scaffold_2 42742045 42763291 color=lorange
7 26919983 26922515 scaffold_2 42742045 42763291 color=lorange
7 26924616 26935591 scaffold_2 42764966 42786075 color=lorange
7 27199429 27241787 scaffold_2 44183967 44319378 color=lorange
7 27319815 27333272 scaffold_2 44600819 44637721 color=lorange
7 27417729 27422324 scaffold_2 44662714 44896204 color=lorange
7 27425637 27431738 scaffold_2 44910407 44997958 color=lorange
7 27509542 27511974 scaffold_2 45429069 45438275 color=lorange
7 27509542 27511974 scaffold_4 13220299 13264460 color=lorange
7 27519665 27532247 scaffold_2 45455764 45517741 color=lorange
7 27536410 27540073 scaffold_2 45611368 45644342 color=lorange
7 27547812 27548039 scaffold_2 45611368 45644342 color=lorange
7 27685104 27689850 scaffold_2 46069095 46082454 color=lorange
7 27691579 27699182 scaffold_2 46086774 46128390 color=lorange
7 27743691 27761938 scaffold_2 46236244 46311810 color=lorange
7 28341425 28363535 scaffold_2 48158816 48203911 color=lorange
7 28376285 28388441 scaffold_2 48263399 48298716 color=lorange
7 28465359 28487314 scaffold_2 48777804 48913128 color=lorange
7 28494978 28504034 scaffold_2 48777804 48913128 color=lorange
7 28552038 28553096 scaffold_2 49136955 49141141 color=lorange
7 28573300 28575837 scaffold_2 49236853 49261821 color=lorange
7 28606886 28624832 scaffold_2 49401370 49408881 color=lorange
7 28621914 28624832 scaffold_2 49414624 49504365 color=lorange
7 28627912 28629002 scaffold_2 49515033 49522075 color=lorange
7 28664823 28676713 scaffold_2 49683287 49776778 color=lorange
7 28685069 28685497 scaffold_2 49851521 49851949 color=lorange
7 28691072 28696683 scaffold_2 50096752 50118259 color=lorange
7 28709183 28709992 scaffold_2 50167771 50172704 color=lorange
7 28714196 28720820 scaffold_2 50232078 50292181 color=lorange
7 28725342 28727074 scaffold_2 50312361 50315561 color=lorange
7 28733757 28742631 scaffold_2 50368352 50641287 color=lorange
7 28815116 28815703 scaffold_2 50349513 50350130 color=lorange
7 28823880 28824268 scaffold_2 50324968 50325387 color=lorange
7 28824720 28825745 scaffold_2 50655291 50677156 color=lorange
7 28826854 28831067 scaffold_2 50826191 50857388 color=lorange
7 28835917 28838884 scaffold_2 50899180 50921177 color=lorange
7 28844422 28852669 scaffold_2 50950360 51002269 color=lorange
7 28877981 28881925 scaffold_2 72521966 72554817 color=lorange
7 28927993 28939236 scaffold_2 72272506 72309043 color=lorange
7 28962857 28972518 scaffold_2 72139149 72200460 color=lorange
7 29133637 29143297 scaffold_2 71243935 71315653 color=lorange
7 29147903 29150047 scaffold_2 71231301 71234301 color=lorange
7 29154828 29169454 scaffold_2 71159179 71220215 color=lorange
7 29177989 29179429 scaffold_2 71117053 71124005 color=lorange
7 29191520 29202967 scaffold_2 70652475 71069731 color=lorange
7 29268969 29278071 scaffold_2 70549861 70643471 color=lorange
7 29372010 29391094 scaffold_2 69717023 69849896 color=lorange
7 29456792 29458036 scaffold_2 69398890 69401070 color=lorange
7 29460034 29460458 scaffold_2 69359036 69359461 color=lorange
7 29461853 29471129 scaffold_2 68909476 68970243 color=lorange
7 29506455 29508665 scaffold_2 69150816 69159726 color=lorange
7 29600315 29615040 scaffold_2 69285816 69346423 color=lorange
7 29631456 29678853 scaffold_2 68749867 68787739 color=lorange
7 29734744 29737114 scaffold_2 68039146 68043974 color=lorange
7 29741463 29750810 scaffold_2 67963277 68002368 color=lorange
7 29802579 29820819 scaffold_2 67435238 67529914 color=lorange
7 29874757 29880452 scaffold_2 67168061 67238268 color=lorange
7 29917464 29924576 scaffold_2 82960201 82966314 color=lorange
7 29961389 30012289 scaffold_2 94689986 94835151 color=lorange
7 30017800 30019954 scaffold_2 94846427 94852674 color=lorange
7 30204429 30208890 scaffold_2 95473240 95481049 color=lorange
7 30238404 30239373 scaffold_2 95614964 95616804 color=lorange
7 30241061 30243347 scaffold_2 95619966 95629183 color=lorange
7 30250285 30272228 scaffold_2 95646707 95710620 color=lorange
7 30276069 30281330 scaffold_2 95716378 95764456 color=lorange
7 30292346 30293072 scaffold_2 95716378 95764456 color=lorange
7 30351680 30364743 scaffold_2 95895942 95954961 color=lorange
7 30378311 30381679 scaffold_2 96001827 96018236 color=lorange
7 30390168 30392099 scaffold_2 96094522 96096453 color=lorange
7 30390168 30392099 scaffold_2 96104769 96106688 color=lorange
7 30390168 30392099 scaffold_1 96640302 96642269 color=lorange
7 30396344 30398275 scaffold_2 96104769 96106688 color=lorange
7 30396344 30398275 scaffold_1 96640302 96642269 color=lorange
7 30396344 30398275 scaffold_2 96094522 96096453 color=lorange
7 30412957 30422993 scaffold_2 96178276 96207980 color=lorange
7 30439977 30455988 scaffold_2 96238260 96455204 color=lorange
7 30523949 30524623 scaffold_2 96238260 96455204 color=lorange
7 30617671 30622192 scaffold_2 96767655 96789199 color=lorange
7 30630258 30632555 scaffold_2 96851483 96856977 color=lorange
7 30633490 30634989 scaffold_2 89327402 89329810 color=lorange
7 30635682 30639163 scaffold_2 89312076 89316081 color=lorange
7 30652509 30657221 scaffold_2 89201599 89266474 color=lorange
7 30670534 30672761 scaffold_2 89201599 89266474 color=lorange
7 30690547 30691650 scaffold_2 89155136 89157571 color=lorange
7 30690547 30691761 scaffold_2 89155136 89157571 color=lorange
7 30715092 30729067 scaffold_2 89049502 89114467 color=lorange
7 30797605 30805621 scaffold_2 88807215 88815107 color=lorange
7 30797605 30805621 scaffold_2 88815212 88819528 color=lorange
7 30881047 30882450 scaffold_2 88490725 88492122 color=lorange
7 30926533 30939969 scaffold_2 88039873 88286702 color=lorange
7 30951845 30960044 scaffold_2 88039873 88286702 color=lorange
7 31068063 31073558 scaffold_2 87714632 87740693 color=lorange
7 31098275 31103375 scaffold_2 87596929 87658338 color=lorange
7 31218407 31220483 scaffold_2 87137252 87141811 color=lorange
7 31270397 31295309 scaffold_2 86753723 86932563 color=lorange
7 31549792 31551045 scaffold_2 85745948 85750543 color=lorange
7 31581367 31585388 scaffold_2 85611184 85632095 color=lorange
7 31594548 31602596 scaffold_2 85447778 85552213 color=lorange
7 31602842 31626111 scaffold_2 85447778 85552213 color=lorange
7 31602842 31626111 scaffold_1 84149495 84153425 color=lorange
7 31659587 31670377 scaffold_2 85275115 85317719 color=lorange
7 31673706 31681931 scaffold_2 85244382 85245301 color=lorange
7 31700912 31719973 scaffold_2 85130610 85181103 color=lorange
7 31721691 31726799 scaffold_2 85099618 85119954 color=lorange
7 31811701 31826639 scaffold_2 84715652 84759589 color=lorange
7 31881630 31886736 scaffold_2 84506888 84514887 color=lorange
7 31892724 31896738 scaffold_2 84474124 84482958 color=lorange
7 31900834 31907647 scaffold_2 84337589 84450468 color=lorange
7 31957098 31959058 scaffold_2 84127853 84233770 color=lorange
7 31984343 31991948 scaffold_2 84079069 84085207 color=lorange
7 31987765 31991948 scaffold_2 84079069 84085207 color=lorange
7 32023114 32033552 scaffold_2 83929901 83961626 color=lorange
7 32037469 32042202 scaffold_2 83911685 83922244 color=lorange
7 32065417 32077494 scaffold_2 83826624 83848615 color=lorange
7 32082152 32092392 scaffold_2 83809247 83814686 color=lorange
7 32082152 32092392 scaffold_2 83780490 83799812 color=lorange
7 32082152 32092392 scaffold_2 83780490 83799812 color=lorange
7 32093051 32095646 scaffold_2 83765979 83779494 color=lorange
7 32136517 32151974 scaffold_2 83594343 83640199 color=lorange
7 32167111 32167389 scaffold_2 83417304 83510320 color=lorange
7 32186724 32190792 scaffold_2 83417304 83510320 color=lorange
7 32247670 32257613 scaffold_2 83145941 83215492 color=lorange
7 32258341 32263890 scaffold_2 83145941 83215492 color=lorange
7 32266039 32267481 scaffold_2 83128963 83142119 color=lorange
7 32272079 32276568 scaffold_2 83116160 83123616 color=lorange
7 32279471 32283259 scaffold_2 83094565 83112051 color=lorange
7 32318959 32321670 scaffold_2 75918138 76221385 color=lorange
7 32485118 32490861 scaffold_2 76597788 76627232 color=lorange
7 32493103 32496715 scaffold_2 76634611 76659205 color=lorange
7 32505049 32506521 scaffold_2 76689279 76696233 color=lorange
7 32515019 32518899 scaffold_2 76743247 76762630 color=lorange
7 32556330 32580851 scaffold_2 76949552 77092433 color=lorange
7 32582138 32583442 scaffold_2 77194116 77196005 color=lorange
7 32585066 32585995 scaffold_2 77380289 77381218 color=lorange
7 32593524 32600283 scaffold_2 77412872 77476645 color=lorange
7 32593524 32601897 scaffold_2 77412872 77476645 color=lorange
7 32619373 32620457 scaffold_2 77545980 77599050 color=lorange
7 32643480 32647746 scaffold_2 77632534 77690937 color=lorange
7 32655711 32666096 scaffold_2 77695523 77759103 color=lorange
7 32678037 32688564 scaffold_2 77798629 77919833 color=lorange
7 32728539 32738397 scaffold_2 77927285 77963685 color=lorange
7 32740290 32747988 scaffold_2 77967777 77999959 color=lorange
7 32750936 32754396 scaffold_2 78012107 78019561 color=lorange
7 32759416 32760221 scaffold_2 78024134 78033703 color=lorange
7 32762934 32772193 scaffold_2 78046463 78090786 color=lorange
7 32794434 32799191 scaffold_2 78143451 78183343 color=lorange
7 32819475 32831061 scaffold_2 78243768 78308142 color=lorange
7 32837198 32840889 scaffold_2 78347688 78352719 color=lorange
7 32843556 32852703 scaffold_2 78374990 78476606 color=lorange
7 32850844 32852703 scaffold_2 78374990 78476606 color=lorange
7 32920964 32939089 scaffold_2 78723076 78775718 color=lorange
7 32920964 32939089 scaffold_2 78723076 78775718 color=lorange
7 33007722 33008769 scaffold_2 79121416 79157986 color=lorange
7 33017254 33019993 scaffold_2 79121416 79157986 color=lorange
7 33025673 33034591 scaffold_2 79170479 79197731 color=lorange
7 33035517 33035716 scaffold_2 79201307 79207117 color=lorange
7 33051507 33084203 scaffold_2 79269109 79395923 color=lorange
7 33109316 33116553 scaffold_2 79528560 79549791 color=lorange
7 33124447 33126647 scaffold_2 79580836 79622774 color=lorange
7 33124450 33126647 scaffold_2 79580836 79622774 color=lorange
7 33130743 33147307 scaffold_2 79662807 79703890 color=lorange
7 33159171 33163513 scaffold_2 79817030 80260908 color=lorange
7 33203312 33208540 scaffold_2 79817030 80260908 color=lorange
7 33288978 33297954 scaffold_2 79817030 80260908 color=lorange
7 33398811 33409303 scaffold_2 80807674 81045003 color=lorange
7 33418683 33420673 scaffold_2 81057473 81066119 color=lorange
7 33421071 33425589 scaffold_2 81068078 81095941 color=lorange
7 33432643 33437457 scaffold_2 81145376 81164476 color=lorange
7 33437645 33442079 scaffold_2 81166213 81202225 color=lorange
7 33451451 33461861 scaffold_2 81262907 81304027 color=lorange
7 33466669 33470775 scaffold_2 81306686 81352397 color=lorange
7 33478544 33482038 scaffold_2 81362897 81405611 color=lorange
7 33503138 33512011 scaffold_2 81528141 81550608 color=lorange
7 34028211 34030439 scaffold_2 109973856 109980291 color=lorange
7 34043201 34048387 scaffold_2 109923460 109964020 color=lorange
7 34043201 34048387 scaffold_130 387627 421877 color=lorange
7 34052235 34056301 scaffold_2 115020875 115048310 color=lorange
7 34068038 34073155 scaffold_2 110172289 110247259 color=lorange
7 34089068 34091831 scaffold_2 110267508 110275041 color=lorange
7 34089230 34091831 scaffold_2 110267508 110275041 color=lorange
7 34098033 34099534 scaffold_130 300366 304836 color=lorange
7 34098033 34099534 scaffold_130 53094 55084 color=lorange
7 34098033 34099534 scaffold_2 110295059 110297049 color=lorange
7 34505021 34506584 scaffold_2 111919586 111928548 color=lorange
7 34575914 34578376 scaffold_116 334249 591326 color=lorange
7 34575914 34578376 scaffold_2 113604215 113643740 color=lorange
7 34948793 34958571 scaffold_2 113604215 113643740 color=lorange
7 34990689 34992598 scaffold_2 113761732 113763945 color=lorange
7 35034604 35050510 scaffold_2 113879022 113885984 color=lorange
7 35058028 35064251 scaffold_2 113782087 113827103 color=lorange
7 35065625 35069124 scaffold_2 113976705 113984355 color=lorange
7 35383398 35386915 scaffold_2 117254233 117262037 color=lorange
7 35445390 35456948 scaffold_2 59169699 59431020 color=lorange
7 35462150 35463444 scaffold_2 59523913 59600224 color=lorange
7 35536608 35539021 scaffold_55 523966 563144 color=lorange
7 35536608 35539021 scaffold_2 56350219 56367988 color=lorange
7 35540070 35545637 scaffold_55 12126 83438 color=lorange
7 35540070 35545637 scaffold_55 575958 637901 color=lorange
7 35685236 35686060 scaffold_2 55784821 55800818 color=lorange
7 35703763 35706779 scaffold_2 55569632 55600408 color=lorange
7 35709638 35711379 scaffold_2 55463017 55470822 color=lorange
7 35722289 35723601 scaffold_2 55432809 55452688 color=lorange
7 35724413 35731185 scaffold_2 55348591 55418934 color=lorange
7 35732144 35739560 scaffold_2 55242032 55325363 color=lorange
7 35742906 35744860 scaffold_2 55220268 55234673 color=lorange
7 35751727 35759509 scaffold_2 55129217 55176016 color=lorange
7 35814517 35827378 scaffold_2 54543082 54752268 color=lorange
7 35829746 35832343 scaffold_2 54508779 54533463 color=lorange
7 35833225 35834211 scaffold_2 54501853 54502839 color=lorange
7 35846092 35847230 scaffold_2 54375931 54394596 color=lorange
7 35848342 35850440 scaffold_2 54368309 54374392 color=lorange
7 35848354 35850440 scaffold_2 54368309 54374392 color=lorange
7 35859859 35861519 scaffold_2 54248638 54286884 color=lorange
7 35865250 35869839 scaffold_2 54302412 54326935 color=lorange
7 35871475 35874261 scaffold_2 54330861 54355579 color=lorange
7 35877084 35885082 scaffold_2 54085455 54200297 color=lorange
7 35901348 35902825 scaffold_2 53931321 53948455 color=lorange
7 35908866 35912016 scaffold_2 53840288 53899166 color=lorange
7 35968302 35975691 scaffold_2 53490733 53549126 color=lorange
7 36049290 36052797 scaffold_2 52955535 52975098 color=lorange
7 36164789 36173244 scaffold_2 51978705 52027372 color=lorange
7 36193470 36203147 scaffold_2 51780321 52246428 color=lorange
7 36210957 36232300 scaffold_2 51593192 51710226 color=lorange
7 36239749 36243175 scaffold_2 51530104 51531879 color=lorange
7 36243528 36245502 scaffold_2 51509751 51522174 color=lorange
7 36245797 36252875 scaffold_2 51392071 51501912 color=lorange
7 36254427 36256478 scaffold_2 51364714 51384228 color=lorange
7 36254446 36256478 scaffold_2 51364714 51384228 color=lorange
7 36270953 36272086 scaffold_2 51264244 51265371 color=lorange
7 36272823 36273104 scaffold_2 51259112 51259393 color=lorange
7 36511353 36528848 scaffold_2 74662292 74730361 color=lorange
7 36554823 36560473 scaffold_2 74964252 75025840 color=lorange
7 36561905 36563425 scaffold_2 75025224 75029433 color=lorange
7 36598071 36602125 scaffold_2 75397119 75415977 color=lorange
7 36645612 36646728 scaffold_2 75650692 75655743 color=lorange
8 202026 202628 scaffold_42 1412190 1412763 color=lorange
8 225662 230766 scaffold_42 1479994 1527228 color=lorange
8 225662 230766 scaffold_25 2583104 2635285 color=lorange
8 243064 249864 scaffold_42 1576174 1624694 color=lorange
8 243064 249864 scaffold_25 2684441 2724889 color=lorange
8 264575 269184 scaffold_25 2771485 2790315 color=lorange
8 264575 269184 scaffold_42 1674620 1692969 color=lorange
8 277281 277739 scaffold_2 57757011 57770221 color=lorange
8 279973 282722 scaffold_42 1717717 1726273 color=lorange
8 279973 282722 scaffold_25 2816328 2828009 color=lorange
8 288843 295181 scaffold_25 2838139 2872771 color=lorange
8 341868 342590 scaffold_25 3149808 3244016 color=lorange
8 365199 365907 scaffold_25 3149808 3244016 color=lorange
8 431716 435420 scaffold_25 3617020 3642372 color=lorange
8 431716 435420 scaffold_42 2598422 2611625 color=lorange
8 706269 732098 scaffold_27 2827745 2878325 color=lorange
8 706269 732098 scaffold_27 1199879 1221284 color=lorange
8 780902 781198 scaffold_27 3356103 3356399 color=lorange
8 780902 781198 scaffold_8 35310972 35311268 color=lorange
8 986896 990983 scaffold_8 34253559 34268506 color=lorange
8 1041833 1049584 scaffold_8 33795418 33846703 color=lorange
8 1328864 1349668 scaffold_8 31778859 32273058 color=lorange
8 1353083 1358664 scaffold_8 31778859 32273058 color=lorange
8 1367122 1369060 scaffold_8 31695786 31704482 color=lorange
8 1395323 1401296 scaffold_8 31510637 31594926 color=lorange
8 1430424 1439151 scaffold_42 1203315 1231265 color=lorange
8 1430424 1439151 scaffold_25 2337638 2364689 color=lorange
8 1442504 1461523 scaffold_42 1060752 1186454 color=lorange
8 1442504 1461523 scaffold_25 2215106 2324787 color=lorange
8 1463984 1465943 scaffold_25 2184644 2204273 color=lorange
8 1463984 1465943 scaffold_42 1037368 1050040 color=lorange
8 1470296 1474330 scaffold_25 1996634 2138211 color=lorange
8 1476513 1479807 scaffold_25 1973974 1993065 color=lorange
8 1476513 1479807 scaffold_42 833736 845062 color=lorange
8 1483833 1484976 scaffold_25 1950753 1952876 color=lorange
8 1483833 1484976 scaffold_42 812869 814977 color=lorange
8 1486001 1499206 scaffold_42 726393 811838 color=lorange
8 1486001 1499206 scaffold_25 1893986 1949722 color=lorange
8 1520571 1522914 scaffold_25 1775871 1781020 color=lorange
8 1520571 1522914 scaffold_42 593924 604955 color=lorange
8 1580992 1583211 scaffold_42 260737 273471 color=lorange
8 1580992 1583211 scaffold_25 1474161 1488234 color=lorange
8 1595019 1603568 scaffold_42 136606 175546 color=lorange
8 1595019 1603568 scaffold_25 1355269 1395223 color=lorange
8 1668035 1671621 scaffold_25 452289 463537 color=lorange
8 1715045 1718285 scaffold_19 7114576 7131350 color=lorange
8 1715045 1718285 scaffold_25 160671 172695 color=lorange
8 1715045 1718285 scaffold_19 7131526 7132758 color=lorange
8 1760473 1763904 scaffold_19 6877568 6898903 color=lorange
8 1760473 1763904 scaffold_153 162814 184299 color=lorange
8 1822457 1834159 scaffold_19 6343126 6571954 color=lorange
8 1847093 1848479 scaffold_19 6417713 6418591 color=lorange
8 1876327 1877096 scaffold_19 6258350 6262476 color=lorange
8 1878029 1878953 scaffold_19 6255233 6255430 color=lorange
8 1889014 1891035 scaffold_19 6174120 6186315 color=lorange
8 1942143 1947063 scaffold_19 5918916 5951895 color=lorange
8 1953109 1956733 scaffold_19 5864843 5898484 color=lorange
8 1960117 1966467 scaffold_19 5798389 5850503 color=lorange
8 1969213 1969707 scaffold_19 5790050 5792009 color=lorange
8 1969902 1971440 scaffold_19 5786411 5789835 color=lorange
8 1971911 1978937 scaffold_19 5767089 5785125 color=lorange
8 1996276 2000118 scaffold_19 5693047 5718278 color=lorange
8 2000590 2003501 scaffold_19 5678839 5691813 color=lorange
8 2111831 2113744 scaffold_19 5103788 5118673 color=lorange
8 2118210 2120327 scaffold_19 5060264 5074714 color=lorange
8 2126037 2128539 scaffold_19 5026722 5041926 color=lorange
8 2126037 2128539 scaffold_1 69238428 69239558 color=lorange
8 2126037 2128539 scaffold_7 70432032 70437030 color=lorange
8 2144224 2155884 scaffold_19 4587849 4994253 color=lorange
8 2258434 2265964 scaffold_19 4377269 4413040 color=lorange
8 2286532 2296194 scaffold_35 3278861 3331510 color=lorange
8 2286532 2296194 scaffold_32 2576326 2631516 color=lorange
8 2303944 2305475 scaffold_32 2647177 2650334 color=lorange
8 2303944 2305475 scaffold_35 3263413 3266566 color=lorange
8 2320630 2322190 scaffold_32 2689030 2697879 color=lorange
8 2320630 2322190 scaffold_35 3220060 3225747 color=lorange
8 2322689 2326630 scaffold_35 3206905 3219824 color=lorange
8 2322689 2326630 scaffold_32 2698111 2712148 color=lorange
8 2416930 2418598 scaffold_32 2933685 2989617 color=lorange
8 2416930 2418598 scaffold_35 2893876 2942086 color=lorange
8 2429938 2432515 scaffold_32 2933685 2989617 color=lorange
8 2429938 2432515 scaffold_35 2893876 2942086 color=lorange
8 2432959 2435110 scaffold_35 2886737 2892240 color=lorange
8 2432959 2435110 scaffold_32 2991655 2997845 color=lorange
8 2436887 2437633 scaffold_32 3003090 3003965 color=lorange
8 2436887 2437633 scaffold_35 2882039 2882917 color=lorange
8 2447002 2448817 scaffold_35 2410490 2415519 color=lorange
8 2447002 2448817 scaffold_32 3457222 3462844 color=lorange
8 2570633 2573692 scaffold_32 3020141 3046841 color=lorange
8 2570633 2573692 scaffold_35 2831672 2864179 color=lorange
8 2573953 2576682 scaffold_35 2831672 2864179 color=lorange
8 2573953 2576682 scaffold_32 3020141 3046841 color=lorange
8 2617993 2621107 scaffold_35 2875509 2879296 color=lorange
8 2617993 2621107 scaffold_32 3005686 3009187 color=lorange
8 2630818 2632603 scaffold_19 3817003 3823395 color=lorange
8 2650089 2660446 scaffold_19 3651003 3732582 color=lorange
8 2671575 2673878 scaffold_19 3651003 3732582 color=lorange
8 3197290 3198424 scaffold_19 1447997 1451179 color=lorange
8 3302950 3307447 scaffold_19 897692 914444 color=lorange
8 3302950 3307447 scaffold_99 491387 521731 color=lorange
8 3310707 3312456 scaffold_99 431714 436222 color=lorange
8 3310707 3312456 scaffold_19 867891 872399 color=lorange
8 3313739 3314249 scaffold_99 429524 430038 color=lorange
8 3313739 3314249 scaffold_19 865709 866222 color=lorange
8 3314743 3317762 scaffold_99 419013 427022 color=lorange
8 3314743 3317762 scaffold_19 852517 864372 color=lorange
8 3320730 3324059 scaffold_73 1147031 1243854 color=lorange
8 3320730 3324059 scaffold_19 269655 373659 color=lorange
8 3320730 3333968 scaffold_19 269655 373659 color=lorange
8 3320730 3333968 scaffold_73 1147031 1243854 color=lorange
8 3324426 3333968 scaffold_19 269655 373659 color=lorange
8 3324426 3333968 scaffold_73 1147031 1243854 color=lorange
8 3386168 3387532 scaffold_19 548262 549717 color=lorange
8 3386168 3387532 scaffold_99 117724 119119 color=lorange
8 3413594 3416041 scaffold_19 631987 638601 color=lorange
8 3413594 3416041 scaffold_99 189345 195812 color=lorange
8 3477260 3489617 scaffold_32 986467 1045006 color=lorange
8 3522477 3535587 scaffold_35 3954306 3961262 color=lorange
8 3522477 3535587 scaffold_32 1982205 1988469 color=lorange
8 3657985 3660676 scaffold_32 1531590 1541767 color=lorange
8 3665615 3670711 scaffold_32 1500965 1518214 color=lorange
8 3673006 3679932 scaffold_32 1428733 1495968 color=lorange
8 3772742 3775806 scaffold_32 1096408 1389821 color=lorange
8 3811110 3812440 scaffold_32 1096408 1389821 color=lorange
8 3821686 3823101 scaffold_35 3652800 3661414 color=lorange
8 3821686 3823101 scaffold_32 2247839 2261007 color=lorange
8 3900787 3901743 scaffold_19 4232347 4234022 color=lorange
8 3906892 3917042 scaffold_19 4238099 4304804 color=lorange
8 3940648 3944673 scaffold_35 2343121 2360021 color=lorange
8 3940648 3944673 scaffold_32 3511192 3523291 color=lorange
8 3947204 3970727 scaffold_35 2215021 2336747 color=lorange
8 3973984 3983682 scaffold_35 2153742 2194306 color=lorange
8 4030287 4031716 scaffold_35 1907016 1914171 color=lorange
8 4030287 4031716 scaffold_32 3933134 3938984 color=lorange
8 4033646 4037486 scaffold_35 1890600 1901611 color=lorange
8 4033646 4037486 scaffold_32 3945317 3958410 color=lorange
8 4045747 4046290 scaffold_35 1861269 1864857 color=lorange
8 4045747 4046290 scaffold_32 3979640 3982944 color=lorange
8 4046945 4047950 scaffold_35 1859708 1860599 color=lorange
8 4046945 4047950 scaffold_32 3984299 3985180 color=lorange
8 4080522 4085421 scaffold_32 4079550 4097483 color=lorange
8 4080522 4085421 scaffold_35 1727634 1748045 color=lorange
8 4087154 4087651 scaffold_35 1720315 1722390 color=lorange
8 4087154 4087651 scaffold_32 4101917 4103897 color=lorange
8 4088657 4090179 scaffold_35 1711829 1719359 color=lorange
8 4088657 4090179 scaffold_32 4106023 4109108 color=lorange
8 4091540 4093778 scaffold_35 1696644 1704929 color=lorange
8 4091540 4093778 scaffold_32 4112484 4119229 color=lorange
8 4093952 4094901 scaffold_35 1695224 1696415 color=lorange
8 4093952 4094901 scaffold_32 4119458 4120651 color=lorange
8 4096015 4098809 scaffold_32 4162035 4168990 color=lorange
8 4101820 4109297 scaffold_32 4210586 4230615 color=lorange
8 4101820 4109297 scaffold_35 1602052 1626506 color=lorange
8 4114694 4131414 scaffold_32 4242339 4340345 color=lorange
8 4234763 4236475 scaffold_89 889129 890862 color=lorange
8 4234763 4236475 scaffold_35 988879 990612 color=lorange
8 4361317 4365584 scaffold_35 287342 423570 color=lorange
8 4361317 4365584 scaffold_89 248047 383025 color=lorange
8 4367041 4367370 scaffold_35 348126 348455 color=lorange
8 4367041 4367370 scaffold_89 305507 305908 color=lorange
8 4370118 4382886 scaffold_89 248047 383025 color=lorange
8 4370118 4382886 scaffold_35 287342 423570 color=lorange
8 4385026 4386898 scaffold_89 229663 238939 color=lorange
8 4385026 4386898 scaffold_35 260536 276812 color=lorange
8 4460747 4461373 scaffold_47 2082511 2393112 color=lorange
8 4496295 4503964 scaffold_47 2082511 2393112 color=lorange
8 4545596 4548626 scaffold_222 23733 35792 color=lorange
8 4545596 4548626 scaffold_47 1992063 2003588 color=lorange
8 4569147 4569821 scaffold_222 40758 41432 color=lorange
8 4569147 4569821 scaffold_47 1986933 1987607 color=lorange
8 4579022 4582441 scaffold_47 1810343 1863142 color=lorange
8 4588975 4589349 scaffold_47 1781385 1781759 color=lorange
8 4589434 4590573 scaffold_47 1780000 1781304 color=lorange
8 4591412 4594264 scaffold_47 1758641 1777268 color=lorange
8 4594916 4597717 scaffold_47 1746671 1755983 color=lorange
8 4615141 4619156 scaffold_47 1703668 1717530 color=lorange
8 4621157 4623427 scaffold_47 1683499 1698404 color=lorange
8 4629175 4631901 scaffold_47 1197678 1668830 color=lorange
8 4767761 4778168 scaffold_47 1105107 1106003 color=lorange
8 4795005 4802096 scaffold_47 923985 928587 color=lorange
8 4795005 4802096 scaffold_47 933214 934008 color=lorange
8 4813776 4816008 scaffold_47 886353 891071 color=lorange
8 4859271 4866639 scaffold_47 671192 705423 color=lorange
8 4870767 4873641 scaffold_47 652487 655349 color=lorange
8 4889624 4891852 scaffold_47 591099 598371 color=lorange
8 4889639 4891852 scaffold_47 591099 598371 color=lorange
8 4897233 4903071 scaffold_47 559346 581218 color=lorange
8 4998562 5004292 scaffold_8 10487883 10533454 color=lorange
8 5010470 5016641 scaffold_8 10543537 10547199 color=lorange
8 5023709 5032518 scaffold_8 10570133 10591574 color=lorange
8 5062607 5067638 scaffold_8 10664134 10682999 color=lorange
8 5199577 5200003 scaffold_8 11018732 11019177 color=lorange
8 5201580 5204470 scaffold_8 11023457 11026940 color=lorange
8 5205940 5211128 scaffold_8 11028974 11033721 color=lorange
8 5234771 5237452 scaffold_8 11113704 11432398 color=lorange
8 5306058 5311282 scaffold_8 11113704 11432398 color=lorange
8 5606821 5613211 scaffold_8 12301821 12312326 color=lorange
8 5801760 5811708 scaffold_8 12729841 12746785 color=lorange
8 5819370 5826240 scaffold_8 12850968 12856529 color=lorange
8 5829031 5836975 scaffold_8 12791238 12842106 color=lorange
8 5871562 5903271 scaffold_8 12966386 13007727 color=lorange
8 6036232 6036694 scaffold_8 13454993 13455481 color=lorange
8 6207327 6210641 scaffold_8 13776086 13866138 color=lorange
8 6229956 6239928 scaffold_8 13776086 13866138 color=lorange
8 6254468 6256278 scaffold_8 13898764 13901426 color=lorange
8 6266227 6275023 scaffold_8 13915253 13926591 color=lorange
8 6332088 6361408 scaffold_8 14134850 14149591 color=lorange
8 6492466 6500783 scaffold_8 14664933 14686218 color=lorange
8 6502565 6537034 scaffold_8 14688589 14866551 color=lorange
8 6544660 6547703 scaffold_8 14688589 14866551 color=lorange
8 6561108 6563070 scaffold_8 14907576 14910566 color=lorange
8 6564257 6570563 scaffold_8 14911523 14923900 color=lorange
8 6597471 6602403 scaffold_8 14992561 15019247 color=lorange
8 7857946 7858740 scaffold_8 18794934 18869365 color=lorange
8 8066012 8073498 scaffold_8 19444217 19486616 color=lorange
8 8084354 8086405 scaffold_8 19516507 19538697 color=lorange
8 8113035 8114843 scaffold_8 19605081 19608491 color=lorange
8 8122022 8130168 scaffold_8 19618960 19638656 color=lorange
8 8130941 8135638 scaffold_8 19641436 19645401 color=lorange
8 8136840 8139137 scaffold_8 19649053 19651748 color=lorange
8 8150366 8166417 scaffold_8 19718045 19820368 color=lorange
8 8150366 8166417 scaffold_8 19718045 19820368 color=lorange
8 8199242 8212382 scaffold_8 19890204 19929291 color=lorange
8 8262904 8268088 scaffold_8 20061764 20063735 color=lorange
8 8271423 8284741 scaffold_8 20078780 20141114 color=lorange
8 8294788 8299397 scaffold_8 20173761 20177708 color=lorange
8 8316250 8330887 scaffold_8 20230783 20285555 color=lorange
8 8359147 8363269 scaffold_8 20325987 20400721 color=lorange
8 8377428 8393049 scaffold_8 20421701 20455235 color=lorange
8 8607754 8611370 scaffold_8 21142291 21145004 color=lorange
8 8620993 8621500 scaffold_8 21165446 21165997 color=lorange
8 8621553 8622911 scaffold_8 21166051 21167143 color=lorange
8 8651617 8654715 scaffold_8 21222927 21229243 color=lorange
8 8670377 8671418 scaffold_8 21259240 21261137 color=lorange
8 8715787 8718682 scaffold_8 21417069 21429274 color=lorange
8 8729271 8731084 scaffold_8 21456316 21483432 color=lorange
8 8732552 8744422 scaffold_8 21456316 21483432 color=lorange
8 8779458 8790409 scaffold_8 21598602 21623035 color=lorange
8 8779458 8790409 scaffold_8 21598602 21623035 color=lorange
8 8791602 8802889 scaffold_8 21636687 21656070 color=lorange
8 8805270 8819649 scaffold_8 21657083 21715609 color=lorange
8 8865061 8867493 scaffold_8 21811664 21815067 color=lorange
8 8871469 8877554 scaffold_8 21827041 21848448 color=lorange
8 8896986 8904492 scaffold_8 21887291 21945682 color=lorange
8 8937862 8942456 scaffold_8 21993489 22006097 color=lorange
8 8987235 8988396 scaffold_8 22150460 22160942 color=lorange
8 9041400 9047826 scaffold_8 22350789 22376534 color=lorange
8 9188123 9196605 scaffold_8 22861813 22876249 color=lorange
8 9228627 9229721 scaffold_8 22941921 22949801 color=lorange
8 9231738 9246539 scaffold_8 22952830 22984951 color=lorange
8 9247695 9254841 scaffold_8 22993021 23002427 color=lorange
8 9254913 9259714 scaffold_8 23004346 23016703 color=lorange
8 9283041 9284998 scaffold_8 23061891 23072496 color=lorange
8 9350473 9356345 scaffold_8 23279993 23290510 color=lorange
8 9359542 9365323 scaffold_8 23298036 23303988 color=lorange
8 9365669 9366440 scaffold_8 23304312 23305089 color=lorange
8 9368059 9374841 scaffold_8 23307593 23320635 color=lorange
8 9399949 9414451 scaffold_8 23396971 23432296 color=lorange
8 9415279 9416554 scaffold_8 23396971 23432296 color=lorange
8 9432143 9436072 scaffold_8 23474619 23480262 color=lorange
8 9437105 9441608 scaffold_8 23481578 23486439 color=lorange
8 9444344 9465105 scaffold_8 23490788 23526161 color=lorange
8 9470956 9473770 scaffold_8 23548903 23550873 color=lorange
8 9475013 9483967 scaffold_8 23553046 23571422 color=lorange
8 9493916 9495884 scaffold_8 23578180 23580226 color=lorange
8 9759946 9795546 scaffold_8 24131984 24497261 color=lorange
8 9840879 9847620 scaffold_8 24608475 24632233 color=lorange
8 9840879 9850952 scaffold_8 24608475 24632233 color=lorange
8 9869315 9877108 scaffold_8 24766871 24796122 color=lorange
8 10326774 10336149 scaffold_8 26127949 26205457 color=lorange
8 10369685 10373000 scaffold_8 26235598 26286685 color=lorange
8 10393993 10401901 scaffold_8 26296115 26356101 color=lorange
8 10485661 10491697 scaffold_8 26530045 26548808 color=lorange
8 10495435 10497871 scaffold_8 26549153 26567149 color=lorange
8 10508747 10518864 scaffold_8 26593239 26629583 color=lorange
8 10545174 10545713 scaffold_8 26677347 26791125 color=lorange
8 10547423 10562991 scaffold_8 26677347 26791125 color=lorange
8 10576356 10589804 scaffold_8 26818003 26862346 color=lorange
8 10850537 10853009 scaffold_8 27731189 27737379 color=lorange
8 10985880 10996307 scaffold_8 28069903 28097998 color=lorange
8 10998877 11006609 scaffold_8 28104076 28133771 color=lorange
8 11007982 11009335 scaffold_8 28139955 28143789 color=lorange
8 11010958 11013673 scaffold_8 28146427 28151799 color=lorange
8 11022296 11026317 scaffold_8 28166830 28177553 color=lorange
8 11037041 11039792 scaffold_8 28196732 28203053 color=lorange
8 11042561 11054533 scaffold_8 28209380 28255878 color=lorange
8 11088998 11095035 scaffold_8 28338979 28389391 color=lorange
8 11154143 11154589 scaffold_8 28541074 28541520 color=lorange
8 11270502 11286676 scaffold_8 28859823 29034929 color=lorange
8 11373369 11377312 scaffold_8 29186931 29196169 color=lorange
8 11385059 11387224 scaffold_8 29210943 29213764 color=lorange
8 11397443 11398716 scaffold_8 29258481 29260470 color=lorange
8 11442846 11461672 scaffold_8 29338611 29456989 color=lorange
8 11442846 11461672 scaffold_8 29338611 29456989 color=lorange
8 11484662 11497079 scaffold_8 29561868 29582635 color=lorange
8 11499200 11517496 scaffold_8 29589889 29762013 color=lorange
8 11578666 11591998 scaffold_8 29798163 30133564 color=lorange
8 11599735 11608887 scaffold_8 29798163 30133564 color=lorange
8 11608980 11614140 scaffold_8 29798163 30133564 color=lorange
8 11630321 11630674 scaffold_8 29798163 30133564 color=lorange
8 11976937 11983787 scaffold_8 30848751 30870140 color=lorange
8 11986581 11993354 scaffold_8 30876196 30902706 color=lorange
8 11986581 11993354 scaffold_96 367831 402013 color=lorange
8 12015290 12020024 scaffold_96 281079 310637 color=lorange
8 12015290 12020024 scaffold_8 30947861 30976722 color=lorange
8 12015290 12020036 scaffold_96 281079 310637 color=lorange
8 12015290 12020036 scaffold_8 30947861 30976722 color=lorange
8 12021546 12031725 scaffold_8 30977435 31031334 color=lorange
8 12037048 12048975 scaffold_8 31052092 31074799 color=lorange
8 12037048 12048975 scaffold_96 203758 226634 color=lorange
8 12051445 12059690 scaffold_96 134025 182657 color=lorange
8 12051445 12059690 scaffold_8 31083343 31116441 color=lorange
8 12066659 12073705 scaffold_8 31159914 31162077 color=lorange
8 12106200 12112503 scaffold_96 1528 16165 color=lorange
8 12106200 12112503 scaffold_8 31249619 31264256 color=lorange
8 12116618 12118225 scaffold_8 31291284 31293949 color=lorange
8 12120784 12133095 scaffold_8 31296326 31345936 color=lorange
8 12140863 12141708 scaffold_42 1244155 1251184 color=lorange
8 12140863 12141708 scaffold_25 2381126 2382957 color=lorange
8 12160940 12161769 scaffold_42 1304816 1305835 color=lorange
8 12160940 12161769 scaffold_25 2438127 2439146 color=lorange
8 12162276 12179952 scaffold_25 2439661 2484517 color=lorange
8 12162276 12179952 scaffold_42 1306350 1346418 color=lorange
8 12215343 12217689 scaffold_12 2487590 2494539 color=lorange
8 12220124 12222540 scaffold_12 2420220 2480310 color=lorange
8 12220124 12222543 scaffold_12 2420220 2480310 color=lorange
8 12237174 12239221 scaffold_12 2403747 2410376 color=lorange
8 12240440 12252255 scaffold_12 2368897 2391519 color=lorange
8 12328428 12333937 scaffold_12 1998754 2020779 color=lorange
8 12334420 12339777 scaffold_12 1986944 1995954 color=lorange
8 12341831 12346751 scaffold_12 1972647 1984901 color=lorange
8 12347376 12349748 scaffold_12 1970590 1972057 color=lorange
8 12350711 12353802 scaffold_12 1949094 1960667 color=lorange
8 12364011 12366710 scaffold_12 1886558 1895938 color=lorange
8 12409187 12424215 scaffold_12 1693545 1777614 color=lorange
8 12429268 12431647 scaffold_12 1651357 1661641 color=lorange
8 12511720 12513239 scaffold_12 1388979 1400465 color=lorange
8 12514205 12517316 scaffold_12 1371778 1385845 color=lorange
8 12609139 12621224 scaffold_12 864709 972528 color=lorange
8 12635462 12636064 scaffold_25 5971290 5971892 color=lorange
8 12635462 12636064 scaffold_12 864709 972528 color=lorange
8 12641168 12661399 scaffold_25 5859003 5967557 color=lorange
8 12641168 12661399 scaffold_12 787075 861413 color=lorange
8 12661618 12671560 scaffold_25 5807536 5858111 color=lorange
8 12696324 12705420 scaffold_25 5578090 5607825 color=lorange
8 12745409 12748651 scaffold_25 5394657 5402712 color=lorange
8 12745409 12748651 scaffold_12 295366 303423 color=lorange
8 12912972 12941132 scaffold_25 4149380 4473600 color=lorange
8 12949967 12964897 scaffold_25 4149380 4473600 color=lorange
8 13003654 13014176 scaffold_25 4149380 4473600 color=lorange
8 13031197 13037429 scaffold_32 948164 961993 color=lorange
8 13372264 13421845 scaffold_32 11598 154457 color=lorange
8 13497198 13502205 scaffold_73 338962 350978 color=lorange
8 13497198 13502205 scaffold_73 769006 783297 color=lorange
8 13522724 13524034 scaffold_73 722445 723740 color=lorange
8 13522724 13524034 scaffold_73 290680 291972 color=lorange
8 13522724 13524034 scaffold_73 289318 290046 color=lorange
8 13528109 13528651 scaffold_73 733108 733650 color=lorange
8 13533206 13539217 scaffold_73 222728 249856 color=lorange
8 13533206 13539217 scaffold_73 663331 692112 color=lorange
8 13539845 13541462 scaffold_73 658661 663467 color=lorange
8 13539845 13541462 scaffold_73 217434 222184 color=lorange
8 13542610 13545500 scaffold_73 208495 214115 color=lorange
8 13542610 13545500 scaffold_73 648201 653643 color=lorange
8 13542610 13545506 scaffold_73 208495 214115 color=lorange
8 13542610 13545506 scaffold_73 648201 653643 color=lorange
8 13577072 13581472 scaffold_73 534971 637714 color=lorange
8 13577072 13581472 scaffold_73 93992 197492 color=lorange
8 13611280 13612278 scaffold_47 1199 15845 color=lorange
8 13717236 13726760 scaffold_144 216210 267999 color=lorange
8 13717236 13726760 scaffold_47 339972 388162 color=lorange
8 13717236 13726760 scaffold_144 292024 294376 color=lorange
8 13728810 13733757 scaffold_47 397278 417227 color=lorange
8 13728810 13733757 scaffold_1 82933059 82982198 color=lorange
8 13728810 13733757 scaffold_144 292024 294376 color=lorange
8 13738918 13744197 scaffold_47 397278 417227 color=lorange
8 13738918 13744197 scaffold_1 82933059 82982198 color=lorange
8 13738918 13744197 scaffold_144 292024 294376 color=lorange
8 13760750 13765148 scaffold_47 519058 532113 color=lorange
8 16470595 16470870 scaffold_11 17140947 17143435 color=lorange
8 16778307 16788862 scaffold_8 247963 300668 color=lorange
8 16778307 16788862 scaffold_8 4478079 4528421 color=lorange
8 16845258 16852136 scaffold_8 4597929 4616998 color=lorange
8 16845258 16852136 scaffold_8 160310 181606 color=lorange
8 16872575 16880915 scaffold_8 99137 123833 color=lorange
8 16872575 16880915 scaffold_8 4652863 4696060 color=lorange
8 16888186 16903069 scaffold_8 4710078 4778871 color=lorange
8 16888186 16903069 scaffold_8 33041 84905 color=lorange
8 17378213 17387555 scaffold_8 5879854 6474015 color=lorange
8 17378213 17387555 scaffold_8 8428500 9012746 color=lorange
8 17801356 17822054 scaffold_8 6891501 7093370 color=lorange
8 17801356 17822054 scaffold_8 9398541 9612666 color=lorange
8 17892065 17892837 scaffold_8 6891501 7093370 color=lorange
8 17892065 17892837 scaffold_8 9398541 9612666 color=lorange
8 17925222 17928409 scaffold_8 389064 399891 color=lorange
8 17925222 17928409 scaffold_8 4380587 4391138 color=lorange
8 18051349 18052056 scaffold_8 4324598 4325341 color=lorange
8 18463969 18477047 scaffold_8 1374603 1430446 color=lorange
8 18463969 18477047 scaffold_8 3349063 3389844 color=lorange
8 18564102 18573480 scaffold_8 3116573 3135651 color=lorange
8 18564102 18573480 scaffold_8 1591712 1611230 color=lorange
8 18723032 18723247 scaffold_8 2816593 3106775 color=lorange
8 18905884 18911394 scaffold_46 202881 221227 color=lorange
8 18905884 18911394 scaffold_8 2389940 2409652 color=lorange
8 19227975 19250014 scaffold_46 1098466 1123835 color=lorange
8 19288767 19292191 scaffold_46 1198724 1204464 color=lorange
8 19418696 19422845 scaffold_46 1282270 1295521 color=lorange
8 19436505 19443693 scaffold_46 1420990 1428208 color=lorange
8 19662514 19670203 scaffold_46 1935034 2039964 color=lorange
8 19731516 19732346 scaffold_46 2085813 2086646 color=lorange
8 19772062 19777964 scaffold_46 2178459 2187796 color=lorange
8 19780024 19781584 scaffold_46 2189478 2191778 color=lorange
8 19782673 19784209 scaffold_46 2192055 2195450 color=lorange
8 19790167 19794980 scaffold_46 2321345 2348134 color=lorange
8 19821062 19823347 scaffold_46 2527198 2528555 color=lorange
8 19852692 19860452 scaffold_46 2417101 2500714 color=lorange
8 19883304 19889290 scaffold_46 2395054 2404410 color=lorange
8 19895386 19896928 scaffold_46 2663452 2666416 color=lorange
8 19895386 19896928 scaffold_135 105768 240936 color=lorange
8 19903144 19933921 scaffold_135 105768 240936 color=lorange
8 19942941 19943315 scaffold_135 105768 240936 color=lorange
8 19953847 19964833 scaffold_135 261392 279386 color=lorange
8 19953847 19964833 scaffold_46 2674377 2697535 color=lorange
8 20330716 20341026 scaffold_82 163411 218910 color=lorange
8 20348680 20353592 scaffold_82 146189 156801 color=lorange
8 20356511 20369125 scaffold_82 125467 137882 color=lorange
8 20397877 20402010 scaffold_82 98786 106290 color=lorange
8 20450563 20462419 scaffold_22 7079380 7128152 color=lorange
8 20498067 20502239 scaffold_22 6981045 7019670 color=lorange
8 20519924 20521138 scaffold_22 6981045 7019670 color=lorange
8 20543951 20544157 scaffold_22 6850177 6946538 color=lorange
8 20567493 20580078 scaffold_22 6850177 6946538 color=lorange
8 21117091 21118661 scaffold_22 4273975 4275154 color=lorange
8 21120947 21124811 scaffold_22 4276852 4280722 color=lorange
8 21145738 21165351 scaffold_22 4321042 4373559 color=lorange
8 21155645 21165351 scaffold_22 4321042 4373559 color=lorange
8 21441721 21442902 scaffold_22 4885360 5319936 color=lorange
8 21511209 21538072 scaffold_22 4885360 5319936 color=lorange
8 21551367 21563729 scaffold_22 4885360 5319936 color=lorange
8 21566103 21583330 scaffold_22 4885360 5319936 color=lorange
8 21588579 21601303 scaffold_22 4885360 5319936 color=lorange
8 21605923 21607187 scaffold_22 4885360 5319936 color=lorange
8 21685936 21693921 scaffold_22 5445229 5460352 color=lorange
8 21694757 21714839 scaffold_22 5493359 5507334 color=lorange
8 21716379 21717556 scaffold_22 5508991 5511489 color=lorange
8 21777830 21783567 scaffold_22 5583043 5604728 color=lorange
8 21873956 21888046 scaffold_22 5693660 5744842 color=lorange
8 21993711 21993968 scaffold_22 5903294 5903551 color=lorange
8 22015684 22023477 scaffold_22 4159908 4229680 color=lorange
8 22065136 22069369 scaffold_22 4119807 4123194 color=lorange
8 22072054 22082773 scaffold_22 4086430 4116662 color=lorange
8 22084451 22087523 scaffold_22 4078771 4083892 color=lorange
8 22088377 22098863 scaffold_22 4058133 4078265 color=lorange
8 22134791 22139383 scaffold_8 10013604 10017193 color=lorange
8 22491234 22507352 scaffold_22 918862 929255 color=lorange
8 22955671 22963844 scaffold_22 1520174 1550601 color=lorange
8 23512208 23526166 scaffold_22 2625001 2714440 color=lorange
8 23540331 23549246 scaffold_22 2756333 2781756 color=lorange
8 23540331 23549246 scaffold_22 2625001 2714440 color=lorange
8 23601643 23612226 scaffold_22 2871110 3101306 color=lorange
8 23694145 23702167 scaffold_22 2871110 3101306 color=lorange
8 23824941 23832921 scaffold_22 3365111 3390636 color=lorange
8 23907536 23909528 scaffold_22 3516765 3516947 color=lorange
8 24090796 24092145 scaffold_22 3986062 3995183 color=lorange
8 24097449 24099545 scaffold_22 4025716 4027800 color=lorange
8 24153861 24155327 scaffold_12 15767347 15769735 color=lorange
8 24166624 24173092 scaffold_12 15714246 15721968 color=lorange
8 24182362 24184343 scaffold_12 15671275 15686906 color=lorange
8 24255182 24258710 scaffold_8 36539580 36562177 color=lorange
8 24275459 24278245 scaffold_8 36657093 36704366 color=lorange
8 24285691 24297295 scaffold_8 36735201 36802086 color=lorange
8 24301634 24303868 scaffold_8 36851159 36864277 color=lorange
8 24304341 24307681 scaffold_8 36869259 36876763 color=lorange
8 24309713 24312414 scaffold_8 36887610 36898077 color=lorange
8 24371435 24376823 scaffold_8 37140742 37170269 color=lorange
8 24394638 24400995 scaffold_8 37255776 37286154 color=lorange
8 24404257 24407732 scaffold_8 37291389 37331199 color=lorange
8 24411301 24416494 scaffold_8 37340836 37362718 color=lorange
8 24464868 24479424 scaffold_8 37425339 37620342 color=lorange
8 24494795 24497003 scaffold_8 37425339 37620342 color=lorange
8 24502730 24536163 scaffold_8 37626516 38006553 color=lorange
8 24853626 24855692 scaffold_8 38770564 38779853 color=lorange
8 24857435 24860609 scaffold_8 38799252 38811379 color=lorange
8 24861528 24864317 scaffold_8 38865246 38887594 color=lorange
8 24861528 24865989 scaffold_8 38865246 38887594 color=lorange
8 24870665 24879889 scaffold_8 38917867 38953688 color=lorange
8 25118098 25134179 scaffold_8 39438157 40094014 color=lorange
8 25233547 25240625 scaffold_8 40510934 40532801 color=lorange
8 25264208 25267255 scaffold_8 40623892 40646974 color=lorange
8 25289179 25299579 scaffold_8 40732986 40849975 color=lorange
8 25466230 25473588 scaffold_8 41918036 41958720 color=lorange
8 25477116 25484895 scaffold_8 42022573 42103753 color=lorange
8 25504187 25508259 scaffold_8 42319928 42361102 color=lorange
8 25509356 25510836 scaffold_8 42370642 42379195 color=lorange
8 25511724 25513079 scaffold_8 42393752 42403456 color=lorange
8 25519152 25520949 scaffold_8 42465552 42494643 color=lorange
8 25523545 25533594 scaffold_8 42500978 42569645 color=lorange
8 25610310 25612871 scaffold_8 43333772 43337833 color=lorange
8 25610310 25612871 scaffold_8 44589051 44595382 color=lorange
8 25641200 25645706 scaffold_8 44239159 44287639 color=lorange
8 25654738 25657588 scaffold_8 44137016 44147510 color=lorange
8 25654738 25663575 scaffold_8 44137016 44147510 color=lorange
8 25664464 25670735 scaffold_12 5775735 5794312 color=lorange
8 25699294 25701004 scaffold_12 5396272 5418824 color=lorange
8 25719631 25729437 scaffold_12 5254881 5296147 color=lorange
8 25739233 25756487 scaffold_12 5106059 5145478 color=lorange
8 25822256 25825413 scaffold_12 4622437 4741985 color=lorange
8 25835690 25839812 scaffold_12 4622437 4741985 color=lorange
8 25851934 25853114 scaffold_12 4622437 4741985 color=lorange
8 25854356 25855872 scaffold_12 4600327 4618524 color=lorange
8 25877579 25885661 scaffold_12 4485742 4548698 color=lorange
8 25969860 25979737 scaffold_12 4123443 4318497 color=lorange
8 25983555 25986457 scaffold_12 4078423 4087236 color=lorange
8 26095791 26103151 scaffold_12 5907007 5936077 color=lorange
8 26129220 26129630 scaffold_12 5799078 5800778 color=lorange
8 26143692 26144519 scaffold_8 304863 307147 color=lorange
8 26143692 26144519 scaffold_8 4471286 4472963 color=lorange
8 26172339 26176775 scaffold_76 735036 748650 color=lorange
8 26172339 26176775 scaffold_8 35864079 35876488 color=lorange
8 26180943 26181460 scaffold_76 752571 753043 color=lorange
8 26180943 26181460 scaffold_8 35856084 35857797 color=lorange
8 26182100 26182987 scaffold_76 771805 772692 color=lorange
8 26182100 26182987 scaffold_8 35852577 35853464 color=lorange
8 26184110 26195305 scaffold_8 35782080 35848443 color=lorange
8 26184110 26195305 scaffold_76 785217 833748 color=lorange
8 26213103 26220436 scaffold_76 945683 1010985 color=lorange
8 26213103 26220436 scaffold_8 35616900 35677738 color=lorange
8 26221932 26228899 scaffold_8 35576691 35607018 color=lorange
8 26260152 26261131 scaffold_76 1232448 1239807 color=lorange
8 26260152 26261131 scaffold_8 35386696 35394055 color=lorange
8 26264269 26277171 scaffold_27 1640514 1656920 color=lorange
8 26264269 26277171 scaffold_27 993 17403 color=lorange
8 26280873 26300646 scaffold_27 55491 134541 color=lorange
8 26280873 26300646 scaffold_27 1695015 1776026 color=lorange
8 26302601 26303042 scaffold_27 1784376 1796694 color=lorange
8 26302601 26303042 scaffold_27 142880 155123 color=lorange
8 26309745 26313671 scaffold_27 1827113 1884631 color=lorange
8 26309745 26313671 scaffold_27 193868 248592 color=lorange
8 26315467 26330117 scaffold_27 1827113 1884631 color=lorange
8 26315467 26330117 scaffold_27 193868 248592 color=lorange
8 26338504 26339094 scaffold_27 1915150 1927293 color=lorange
8 26338504 26339094 scaffold_27 280369 292700 color=lorange
8 26341679 26346118 scaffold_27 294845 316205 color=lorange
8 26341679 26346118 scaffold_27 1928117 1952588 color=lorange
8 26347675 26362214 scaffold_27 1964910 1965501 color=lorange
8 26347675 26362214 scaffold_27 341459 342049 color=lorange
8 26416969 26428912 scaffold_27 2265645 2301279 color=lorange
8 26416969 26428912 scaffold_27 616230 663208 color=lorange
8 26441806 26443619 scaffold_27 2344634 2360558 color=lorange
8 26441806 26443619 scaffold_27 729673 737484 color=lorange
8 26460367 26465127 scaffold_12 8026292 8058413 color=lorange
8 26485276 26492090 scaffold_12 7382859 7985995 color=lorange
8 26500319 26503158 scaffold_12 7856649 7862200 color=lorange
8 26683572 26685537 scaffold_12 7146352 7193918 color=lorange
8 26691267 26692803 scaffold_12 7141228 7145722 color=lorange
8 26691279 26692803 scaffold_12 7141228 7145722 color=lorange
8 26716125 26717741 scaffold_12 7024755 7026359 color=lorange
8 26724311 26738185 scaffold_12 6953428 7005402 color=lorange
8 26795774 26798154 scaffold_12 6384081 6495408 color=lorange
8 26807738 26809945 scaffold_12 6338583 6364741 color=lorange
8 26819875 26821056 scaffold_12 6247931 6258149 color=lorange
8 26821386 26824661 scaffold_12 6239015 6247178 color=lorange
8 26827583 26830906 scaffold_12 6198423 6227081 color=lorange
8 26831799 26861052 scaffold_12 5959831 6182988 color=lorange
8 26865732 26869373 scaffold_12 3563018 3568635 color=lorange
8 26871045 26876637 scaffold_12 3517719 3558431 color=lorange
8 26881689 26886318 scaffold_12 3483920 3502616 color=lorange
8 26894666 26905593 scaffold_12 3342305 3435205 color=lorange
8 26914147 26920986 scaffold_12 3209736 3274736 color=lorange
8 26921280 26926547 scaffold_12 3209736 3274736 color=lorange
8 26927035 26929439 scaffold_12 3074400 3101861 color=lorange
8 26931772 26934199 scaffold_12 3037501 3062789 color=lorange
8 26935367 26951508 scaffold_12 2939473 2992137 color=lorange
8 26955144 26957686 scaffold_12 2902654 2922675 color=lorange
8 26998908 27000839 scaffold_12 8059475 8067545 color=lorange
8 27012094 27012914 scaffold_12 8157532 8159042 color=lorange
8 27013549 27019158 scaffold_12 8160467 8203827 color=lorange
8 27019900 27020995 scaffold_12 8207545 8212593 color=lorange
8 27021666 27026640 scaffold_12 8225360 8268503 color=lorange
8 27281848 27286557 scaffold_12 10410999 10444472 color=lorange
8 27289286 27299540 scaffold_12 10552657 10653017 color=lorange
8 27289286 27299540 scaffold_12 10534813 10539505 color=lorange
8 27359838 27361048 scaffold_12 10969911 10980901 color=lorange
8 27410633 27422093 scaffold_12 11188243 11242324 color=lorange
8 27410811 27422093 scaffold_12 11188243 11242324 color=lorange
8 27446421 27449930 scaffold_12 11458333 11464853 color=lorange
8 27523163 27535955 scaffold_12 12016890 12117116 color=lorange
8 27559397 27563335 scaffold_12 12240614 12339398 color=lorange
8 27585483 27587960 scaffold_12 12398752 12410113 color=lorange
8 27604814 27606665 scaffold_12 12530977 12597971 color=lorange
8 27766974 27767746 scaffold_12 13435955 13439229 color=lorange
8 27777602 27786496 scaffold_12 13265264 13516135 color=lorange
8 27824245 27833892 scaffold_12 13831094 13887975 color=lorange
8 27850335 27850583 scaffold_12 14021999 14022193 color=lorange
8 27954079 27967349 scaffold_22 398178 463974 color=lorange
8 27978319 27982689 scaffold_1 94003177 94004820 color=lorange
8 28005615 28008876 scaffold_12 16893904 16961702 color=lorange
8 28044712 28048573 scaffold_22 496071 506043 color=lorange
9 233980 235899 scaffold_9 27324793 27332185 color=lorange
9 233980 235917 scaffold_9 27324793 27332185 color=lorange
9 236582 237775 scaffold_9 28972127 28973320 color=lorange
9 241554 254518 scaffold_9 28976604 29027291 color=lorange
9 259518 260859 scaffold_9 28976604 29027291 color=lorange
9 265597 270564 scaffold_9 29034049 29040538 color=lorange
9 271456 277416 scaffold_9 29041522 29053040 color=lorange
9 346737 354625 scaffold_9 29074700 29292506 color=lorange
9 359913 369506 scaffold_24 111121 157484 color=lorange
9 359913 369506 scaffold_139 1434 33668 color=lorange
9 521577 529201 scaffold_24 688515 741712 color=lorange
9 561074 574971 scaffold_24 813719 837918 color=lorange
9 580321 587098 scaffold_24 966154 1011919 color=lorange
9 872050 875260 scaffold_24 1061197 1072755 color=lorange
9 876668 880391 scaffold_24 1074916 1082498 color=lorange
9 910654 911125 scaffold_24 1299615 1328856 color=lorange
9 946656 968727 scaffold_24 1448294 1573007 color=lorange
9 1050081 1054402 scaffold_24 2233814 2237639 color=lorange
9 1054974 1058694 scaffold_24 2288256 2322672 color=lorange
9 1061799 1065325 scaffold_24 2358509 2368206 color=lorange
9 1320229 1333225 scaffold_231 15618 98274 color=lorange
9 1320229 1333225 scaffold_24 3975369 4043554 color=lorange
9 1337901 1345736 scaffold_24 4179868 4221790 color=lorange
9 1353995 1355152 scaffold_9 27314697 27316653 color=lorange
9 1355915 1357929 scaffold_9 27311664 27314088 color=lorange
9 1360293 1364045 scaffold_9 27283773 27304563 color=lorange
9 1377209 1377850 scaffold_9 27236629 27244402 color=lorange
9 1383094 1393874 scaffold_9 27191825 27227356 color=lorange
9 1395674 1399856 scaffold_9 27167547 27189263 color=lorange
9 1422535 1428459 scaffold_9 27096539 27101885 color=lorange
9 1580855 1597584 scaffold_102 536097 584743 color=lorange
9 1580855 1597584 scaffold_9 26344841 26406826 color=lorange
9 2096457 2106268 scaffold_9 23949118 23971260 color=lorange
9 2805188 2816890 scaffold_9 20184963 20210682 color=lorange
9 2960195 2962317 scaffold_9 19229672 19235878 color=lorange
9 2965946 2986805 scaffold_24 5574584 5694775 color=lorange
9 3000061 3006256 scaffold_24 5717309 5783537 color=lorange
9 3318011 3320394 scaffold_5 17478633 17514539 color=lorange
9 3366639 3370983 scaffold_33 2792112 2900504 color=lorange
9 3371691 3387104 scaffold_33 2792112 2900504 color=lorange
9 3402526 3415094 scaffold_9 18325882 18489359 color=lorange
9 3444048 3457403 scaffold_9 18625212 18659742 color=lorange
9 3459520 3464334 scaffold_9 18661699 18689598 color=lorange
9 3477174 3484107 scaffold_9 18748209 18800858 color=lorange
9 3491048 3494576 scaffold_9 18820227 18835290 color=lorange
9 3502218 3509503 scaffold_9 18893624 18948107 color=lorange
9 3510205 3518052 scaffold_9 18951839 18985773 color=lorange
9 3523745 3525405 scaffold_9 19033916 19036166 color=lorange
9 3528643 3531033 scaffold_9 19042390 19071026 color=lorange
9 3536008 3536849 scaffold_24 5474897 5475847 color=lorange
9 3537993 3538993 scaffold_24 5450887 5465327 color=lorange
9 3546586 3557969 scaffold_24 5268099 5332664 color=lorange
9 3729984 3735355 scaffold_11 11254962 11282918 color=lorange
9 3735759 3743964 scaffold_11 11284995 11321565 color=lorange
9 3764788 3767031 scaffold_11 11454959 11464987 color=lorange
9 3768895 3770104 scaffold_11 23316616 23319609 color=lorange
9 3780333 3812409 scaffold_11 23347372 23512456 color=lorange
9 3829969 3846718 scaffold_11 23594024 23681851 color=lorange
9 3940416 3946451 scaffold_9 27412217 27558155 color=lorange
9 3972927 3973385 scaffold_9 27412217 27558155 color=lorange
9 4009102 4017717 scaffold_9 27643107 27668839 color=lorange
9 4232241 4237145 scaffold_9 28361242 28411544 color=lorange
9 4243650 4261171 scaffold_9 28425569 28503300 color=lorange
9 4278415 4285026 scaffold_9 28571021 28583750 color=lorange
9 4287875 4288261 scaffold_9 28587810 28588196 color=lorange
9 4379261 4392062 scaffold_9 28639502 28949740 color=lorange
9 4398032 4398775 scaffold_9 28961114 28961857 color=lorange
9 4408485 4412491 scaffold_11 11493502 11508769 color=lorange
9 4419908 4426468 scaffold_11 11527307 11544524 color=lorange
9 4469142 4479796 scaffold_11 11701813 11760234 color=lorange
9 4469142 4479796 scaffold_141 281788 307139 color=lorange
9 4618499 4625459 scaffold_11 12261748 12285425 color=lorange
9 4618499 4625459 scaffold_11 15166701 15190283 color=lorange
9 4762454 4763341 scaffold_11 14600522 14601226 color=lorange
9 4762454 4763341 scaffold_11 12861325 12862029 color=lorange
9 5012034 5016814 scaffold_11 13600734 13604128 color=lorange
9 5214845 5233478 scaffold_11 14200229 14236868 color=lorange
9 5236187 5239414 scaffold_11 14239901 14329698 color=lorange
9 5242797 5247892 scaffold_11 14264461 14274029 color=lorange
9 5253824 5266048 scaffold_11 14287850 14324458 color=lorange
9 5276022 5285401 scaffold_11 14351844 14378008 color=lorange
9 5292176 5300464 scaffold_11 14385063 14413531 color=lorange
9 5304540 5319640 scaffold_11 15254621 15311207 color=lorange
9 5320439 5333141 scaffold_11 15254621 15311207 color=lorange
9 5333596 5335595 scaffold_11 15319107 15325276 color=lorange
9 5337739 5352109 scaffold_11 15326233 15363474 color=lorange
9 5354056 5358372 scaffold_11 15367957 15376973 color=lorange
9 5363634 5367370 scaffold_11 15389684 15406496 color=lorange
9 5382473 5388122 scaffold_11 15453352 15471831 color=lorange
9 5389667 5395013 scaffold_11 15472586 15507427 color=lorange
9 5395957 5397435 scaffold_11 15472586 15507427 color=lorange
9 5473482 5474247 scaffold_11 15517651 15845782 color=lorange
9 5519571 5521856 scaffold_11 15859710 15861995 color=lorange
9 5519571 5521856 scaffold_11 15876359 15878368 color=lorange
9 5519571 5521856 scaffold_11 15876359 15878368 color=lorange
9 5519571 5521856 scaffold_11 15876359 15878368 color=lorange
9 5519571 5521856 scaffold_11 15876359 15878368 color=lorange
9 5519571 5521856 scaffold_20 3412374 3412760 color=lorange
9 5519571 5521856 scaffold_20 3412374 3412760 color=lorange
9 5519571 5521856 scaffold_20 3412374 3412760 color=lorange
9 5519571 5521856 scaffold_20 3412374 3412760 color=lorange
9 5519571 5521856 scaffold_20 3412374 3412760 color=lorange
9 5519571 5521856 scaffold_20 3412374 3412760 color=lorange
9 5519571 5521856 scaffold_20 3412374 3412760 color=lorange
9 5519571 5521856 scaffold_20 3412374 3412760 color=lorange
9 5519571 5521856 scaffold_20 3412374 3412760 color=lorange
9 5519571 5521856 scaffold_20 3412374 3412760 color=lorange
9 5519571 5521856 scaffold_2 13300779 13301165 color=lorange
9 5519571 5521856 scaffold_2 13300779 13301165 color=lorange
9 5519571 5521856 scaffold_2 13300779 13301165 color=lorange
9 5519571 5521856 scaffold_2 13300779 13301165 color=lorange
9 5519571 5521856 scaffold_2 13300779 13301165 color=lorange
9 5519571 5521856 scaffold_2 13300779 13301165 color=lorange
9 5519571 5521856 scaffold_2 13300779 13301165 color=lorange
9 5519571 5521856 scaffold_2 13300779 13301165 color=lorange
9 5519571 5521856 scaffold_2 13300779 13301165 color=lorange
9 5519571 5521856 scaffold_2 13300779 13301165 color=lorange
9 5519571 5521856 scaffold_2 22592966 22593127 color=lorange
9 5519571 5521856 scaffold_2 22592966 22593127 color=lorange
9 5519571 5521856 scaffold_2 22592966 22593127 color=lorange
9 5519571 5521856 scaffold_2 22592966 22593127 color=lorange
9 5519571 5521856 scaffold_2 22592966 22593127 color=lorange
9 5519571 5521856 scaffold_2 22592966 22593127 color=lorange
9 5519571 5521856 scaffold_2 22592966 22593127 color=lorange
9 5519571 5521856 scaffold_2 22592966 22593127 color=lorange
9 5519571 5521856 scaffold_2 22592966 22593127 color=lorange
9 5519571 5521856 scaffold_2 22592966 22593127 color=lorange
9 5525397 5527104 scaffold_11 15894007 15895798 color=lorange
9 5559914 5560939 scaffold_11 15991841 15992866 color=lorange
9 5570396 5578409 scaffold_11 16045782 16066798 color=lorange
9 5570396 5578901 scaffold_11 16045782 16066798 color=lorange
9 5691344 5692642 scaffold_11 16536158 16537453 color=lorange
9 5746752 5758334 scaffold_11 16636359 16911755 color=lorange
9 5840790 5841707 scaffold_11 17000737 17001654 color=lorange
9 5907990 5919379 scaffold_11 17239314 17542035 color=lorange
9 5982968 5986617 scaffold_11 17239314 17542035 color=lorange
9 6106483 6124133 scaffold_90 76262 270209 color=lorange
9 6106483 6124133 scaffold_11 18289982 18496815 color=lorange
9 6157677 6162834 scaffold_11 18509662 18522722 color=lorange
9 6163475 6166357 scaffold_90 291694 294516 color=lorange
9 6163475 6166357 scaffold_11 18523388 18526012 color=lorange
9 6168583 6171094 scaffold_90 296908 707483 color=lorange
9 6168583 6171094 scaffold_11 18528036 18966792 color=lorange
9 6436627 6439466 scaffold_11 19277979 19288054 color=lorange
9 6532597 6533559 scaffold_11 19522093 19523058 color=lorange
9 6759750 6766818 scaffold_11 20201324 20229418 color=lorange
9 6783576 6786629 scaffold_11 20272751 20279414 color=lorange
9 6863223 6877417 scaffold_11 20311624 20484767 color=lorange
9 7001241 7004126 scaffold_11 20645322 20893700 color=lorange
9 7029006 7036948 scaffold_11 20645322 20893700 color=lorange
9 7071373 7086917 scaffold_11 20977990 21053297 color=lorange
9 7132074 7136241 scaffold_11 21128802 21152244 color=lorange
9 7132074 7136244 scaffold_11 21128802 21152244 color=lorange
9 7144087 7150384 scaffold_11 21169933 21178107 color=lorange
9 7169658 7185503 scaffold_11 21179639 21287000 color=lorange
9 7192249 7196271 scaffold_11 21325896 21337343 color=lorange
9 7198240 7201520 scaffold_11 23312170 23314936 color=lorange
9 7247735 7253712 scaffold_11 23150886 23163704 color=lorange
9 7329929 7339778 scaffold_11 22917120 22940122 color=lorange
9 7342222 7345127 scaffold_11 22904544 22910212 color=lorange
9 7347527 7348306 scaffold_11 22886522 22887298 color=lorange
9 7420096 7423264 scaffold_11 22599131 22611290 color=lorange
9 7454579 7460527 scaffold_11 22493511 22514866 color=lorange
9 7472143 7473570 scaffold_11 22438191 22445357 color=lorange
9 7689731 7697222 scaffold_11 21670796 21850057 color=lorange
9 7713596 7735679 scaffold_11 21631632 21641359 color=lorange
9 7754206 7757843 scaffold_11 21504196 21505982 color=lorange
9 7837766 7839750 scaffold_320 40065 50494 color=lorange
9 7837766 7839750 scaffold_102 590107 601485 color=lorange
9 7837766 7839750 scaffold_9 26411095 26419479 color=lorange
9 8020142 8022674 scaffold_9 39670572 39674925 color=lorange
9 8113048 8114716 scaffold_9 39872535 39881246 color=lorange
9 8235012 8238885 scaffold_9 40149287 40162248 color=lorange
9 8260835 8263049 scaffold_9 40241109 40244071 color=lorange
9 8298407 8306426 scaffold_9 40274758 40365229 color=lorange
9 8314588 8320593 scaffold_9 40382554 40400418 color=lorange
9 8340551 8342671 scaffold_9 39246911 39250824 color=lorange
9 8344763 8350814 scaffold_9 39228536 39243302 color=lorange
9 8355435 8358306 scaffold_52 1767195 1780661 color=lorange
9 8355435 8358306 scaffold_49 1719594 1726603 color=lorange
9 8359325 8362040 scaffold_49 1727346 1735967 color=lorange
9 8359325 8362040 scaffold_52 1781392 1788626 color=lorange
9 8439387 8445994 scaffold_49 1772688 2038288 color=lorange
9 8450970 8457472 scaffold_49 2047648 2090709 color=lorange
9 8459269 8460796 scaffold_49 2105412 2107067 color=lorange
9 8465835 8470078 scaffold_79 65781 91861 color=lorange
9 8475580 8478594 scaffold_9 37676889 37686773 color=lorange
9 8593037 8609988 scaffold_70 253038 335860 color=lorange
9 8617137 8627230 scaffold_49 1541797 1583608 color=lorange
9 8617137 8627230 scaffold_52 1611172 1643637 color=lorange
9 8633876 8634610 scaffold_52 1661082 1661876 color=lorange
9 8633876 8634610 scaffold_49 1602982 1604416 color=lorange
9 8639789 8645735 scaffold_9 40439694 40487590 color=lorange
9 8654012 8656706 scaffold_9 40439694 40487590 color=lorange
9 8659017 8661328 scaffold_9 40435715 40438242 color=lorange
9 8778010 8780365 scaffold_57 974574 1142901 color=lorange
9 8812083 8818526 scaffold_57 556942 575134 color=lorange
9 8832652 8834388 scaffold_57 619818 703355 color=lorange
9 8854937 8864577 scaffold_57 619818 703355 color=lorange
9 8868576 8880071 scaffold_57 1319684 1463914 color=lorange
9 8868576 8880071 scaffold_57 718779 853301 color=lorange
9 9491758 9494033 scaffold_79 175188 204096 color=lorange
9 9491758 9494033 scaffold_70 485530 509270 color=lorange
9 9497689 9502651 scaffold_79 102355 117414 color=lorange
9 9497689 9502651 scaffold_70 392464 416935 color=lorange
9 9499801 9502651 scaffold_79 102355 117414 color=lorange
9 9499801 9502651 scaffold_70 392464 416935 color=lorange
9 9514960 9521119 scaffold_49 2114640 2141176 color=lorange
9 9541472 9553220 scaffold_49 2144917 2240809 color=lorange
9 9581210 9586636 scaffold_49 2314849 2324083 color=lorange
9 9598739 9601826 scaffold_49 2349127 2354804 color=lorange
9 9612526 9623308 scaffold_49 2380494 2420729 color=lorange
9 9612526 9623308 scaffold_49 2380494 2420729 color=lorange
9 9625930 9629001 scaffold_49 2423002 2431143 color=lorange
9 9642651 9647710 scaffold_49 2439554 2470199 color=lorange
9 9679960 9691333 scaffold_11 26333318 26377593 color=lorange
9 9699664 9718629 scaffold_11 26274126 26314536 color=lorange
9 9734698 9745278 scaffold_11 26174300 26215307 color=lorange
9 9751615 9757462 scaffold_11 26089567 26137227 color=lorange
9 9770398 9778648 scaffold_11 26089567 26137227 color=lorange
9 10158843 10163436 scaffold_11 24702510 24933610 color=lorange
9 10269109 10269468 scaffold_11 24516775 24517134 color=lorange
9 10377020 10380775 scaffold_11 23858409 23872578 color=lorange
9 10394770 10400914 scaffold_57 1937210 1957048 color=lorange
9 10394770 10400914 scaffold_9 42402881 42423616 color=lorange
9 10452212 10469259 scaffold_9 42226389 42264879 color=lorange
9 10488845 10504119 scaffold_9 42145105 42210556 color=lorange
9 10512861 10515375 scaffold_9 42160412 42163313 color=lorange
9 10697712 10701043 scaffold_9 41707570 41714053 color=lorange
9 10740385 10752235 scaffold_9 41612631 41689085 color=lorange
9 10774448 10777786 scaffold_9 41693524 41705526 color=lorange
9 10778351 10782124 scaffold_9 41511633 41514272 color=lorange
9 10783226 10802465 scaffold_9 41461791 41510696 color=lorange
9 10805536 10807183 scaffold_9 41457057 41458570 color=lorange
9 10810211 10814331 scaffold_9 41024663 41037507 color=lorange
9 10815059 10817044 scaffold_9 41024663 41037507 color=lorange
9 10896667 10900467 scaffold_9 41176972 41188152 color=lorange
9 10994421 11015945 scaffold_9 41401759 41444869 color=lorange
9 11427365 11435684 scaffold_9 38800726 38934555 color=lorange
9 11481057 11481456 scaffold_9 38800726 38934555 color=lorange
9 11590993 11592612 scaffold_9 39221396 39223198 color=lorange
9 14963425 14967909 scaffold_18 2178918 2195404 color=lorange
9 14968381 14975000 scaffold_18 2178918 2195404 color=lorange
9 15109039 15124138 scaffold_18 1953827 2049699 color=lorange
9 15130481 15136599 scaffold_18 1905714 1937906 color=lorange
9 15140403 15141877 scaffold_18 1905714 1937906 color=lorange
9 15169962 15178488 scaffold_18 1829029 1863012 color=lorange
9 15194629 15196801 scaffold_18 1768092 1781016 color=lorange
9 15218979 15220734 scaffold_18 1694047 1696881 color=lorange
9 15227531 15234001 scaffold_18 1665111 1676425 color=lorange
9 15238296 15240761 scaffold_18 1649780 1656600 color=lorange
9 15249017 15251125 scaffold_18 1639306 1640250 color=lorange
9 15252016 15257151 scaffold_18 1625720 1638169 color=lorange
9 15270568 15282332 scaffold_18 1561664 1589883 color=lorange
9 15326643 15338862 scaffold_18 1460388 1486549 color=lorange
9 15510726 15517700 scaffold_18 1332533 1363205 color=lorange
9 15518646 15526356 scaffold_18 1321893 1331934 color=lorange
9 15527770 15531304 scaffold_18 1301911 1314934 color=lorange
9 15538591 15539616 scaffold_18 1298801 1299826 color=lorange
9 15540452 15542299 scaffold_18 1278111 1296027 color=lorange
9 15550006 15552465 scaffold_18 1266208 1276128 color=lorange
9 15555278 15558220 scaffold_18 1223663 1230128 color=lorange
9 15561638 15565574 scaffold_18 1232156 1235535 color=lorange
9 15568009 15571325 scaffold_18 1240924 1245938 color=lorange
9 15577987 15582307 scaffold_18 1185318 1201729 color=lorange
9 15602188 15610828 scaffold_18 1102695 1135734 color=lorange
9 15651541 15660992 scaffold_18 1040310 1099435 color=lorange
9 15667411 15672699 scaffold_18 1008996 1023464 color=lorange
9 15667411 15672699 scaffold_18 1023135 1023464 color=lorange
9 15702765 15707609 scaffold_18 982869 1003859 color=lorange
9 15721482 15736824 scaffold_18 944043 970671 color=lorange
9 16042719 16049407 scaffold_18 418134 429205 color=lorange
9 16113071 16120757 scaffold_18 160829 244791 color=lorange
9 16273527 16285819 scaffold_33 3635634 3730761 color=lorange
9 16289379 16318081 scaffold_33 3381097 3449435 color=lorange
9 16347289 16348494 scaffold_33 3189928 3199777 color=lorange
9 16374717 16380803 scaffold_33 3005008 3022325 color=lorange
9 16821287 16844718 scaffold_9 16864935 16998704 color=lorange
9 16865633 16881668 scaffold_9 16762385 16826697 color=lorange
9 16886028 16892009 scaffold_9 16707931 16730020 color=lorange
9 16906801 16914247 scaffold_9 16597636 16634247 color=lorange
9 16916330 16948634 scaffold_9 16406484 16593651 color=lorange
9 17109735 17110484 scaffold_9 15870888 15871637 color=lorange
9 17268879 17272125 scaffold_88 580690 581891 color=lorange
9 17268879 17272125 scaffold_9 15263161 15264367 color=lorange
9 17268879 17272125 scaffold_12 1066318 1148955 color=lorange
9 17307378 17311795 scaffold_88 701370 737778 color=lorange
9 17307378 17311795 scaffold_9 15092162 15138687 color=lorange
9 17393189 17393915 scaffold_9 14773548 14798745 color=lorange
9 17416172 17427200 scaffold_9 14623140 14664991 color=lorange
9 17574028 17577104 scaffold_9 14152269 14161577 color=lorange
9 17591876 17595378 scaffold_9 14076630 14089421 color=lorange
9 17598642 17603799 scaffold_9 14044625 14063321 color=lorange
9 17659951 17661200 scaffold_9 13823763 13837101 color=lorange
9 17669916 17672541 scaffold_9 13783263 13793611 color=lorange
9 17699517 17708882 scaffold_9 13696822 13716276 color=lorange
9 17839413 17842432 scaffold_41 3129875 3142275 color=lorange
9 17839413 17842432 scaffold_41 2524054 2550581 color=lorange
9 17839413 17842432 scaffold_41 1207092 1220469 color=lorange
9 17852288 17861434 scaffold_41 3023979 3079807 color=lorange
9 17893057 17902770 scaffold_41 2869655 2896006 color=lorange
9 17893057 17902770 scaffold_41 2281172 2306624 color=lorange
9 17893057 17902770 scaffold_41 1477487 1509193 color=lorange
9 17943667 17946710 scaffold_41 2132260 2143346 color=lorange
9 17943667 17946710 scaffold_41 1645741 1662517 color=lorange
9 17943667 17946710 scaffold_41 106935 122240 color=lorange
9 17957218 17971712 scaffold_41 479914 556165 color=lorange
9 17957218 17971712 scaffold_41 272719 356840 color=lorange
9 17957218 17971712 scaffold_41 1909110 1980230 color=lorange
9 17974544 17983249 scaffold_41 566338 599516 color=lorange
9 17974544 17983249 scaffold_41 366520 408744 color=lorange
9 17974544 17983249 scaffold_41 1868993 1897083 color=lorange
9 17988162 17993608 scaffold_41 604972 619868 color=lorange
9 17988162 17993608 scaffold_41 413205 428110 color=lorange
9 17988162 17993608 scaffold_41 1843205 1862143 color=lorange
9 17994301 17998501 scaffold_41 1829760 1841113 color=lorange
9 17994301 17998501 scaffold_41 623406 632036 color=lorange
9 17994301 17998501 scaffold_41 431203 441079 color=lorange
9 18000526 18001445 scaffold_41 830146 831166 color=lorange
9 18002511 18004757 scaffold_41 912597 922205 color=lorange
9 18010670 18018258 scaffold_41 835020 875027 color=lorange
9 18452572 18453195 scaffold_9 10792019 10792642 color=lorange
9 18452572 18453195 scaffold_9 2416958 2417581 color=lorange
9 18878110 18916225 scaffold_9 12871714 12880109 color=lorange
9 18913442 18916225 scaffold_9 12871714 12880109 color=lorange
9 18937900 18945581 scaffold_9 13036197 13088959 color=lorange
9 18937900 18945581 scaffold_9 80183 172271 color=lorange
9 19070152 19076725 scaffold_9 40655965 40664028 color=lorange
9 19126440 19134155 scaffold_9 40508342 40540716 color=lorange
9 19136180 19136518 scaffold_9 40508342 40540716 color=lorange
9 19144169 19158818 scaffold_49 1659894 1703471 color=lorange
9 19163201 19171676 scaffold_52 1677195 1680281 color=lorange
9 19163201 19171676 scaffold_49 1622539 1625437 color=lorange
9 19176109 19180413 scaffold_52 1663972 1668292 color=lorange
9 19176109 19180413 scaffold_49 1607070 1610566 color=lorange
9 19181852 19183140 scaffold_52 1754915 1756599 color=lorange
9 19181852 19183140 scaffold_49 1704615 1706291 color=lorange
9 19389923 19402901 scaffold_49 902504 952708 color=lorange
9 19389923 19402901 scaffold_52 992999 1045165 color=lorange
9 19434195 19437079 scaffold_52 884090 921590 color=lorange
9 19434195 19437079 scaffold_49 799376 831328 color=lorange
9 19718952 19736987 scaffold_52 31182 140451 color=lorange
9 19754045 19757930 scaffold_128 393159 414218 color=lorange
9 19754045 19757930 scaffold_18 8428953 8454609 color=lorange
9 20012858 20018793 scaffold_18 7663456 7757981 color=lorange
9 20276059 20283089 scaffold_11 3888275 3925483 color=lorange
9 20402195 20409887 scaffold_11 4396976 4422871 color=lorange
9 20412057 20414085 scaffold_11 4435670 4437588 color=lorange
9 20417096 20422720 scaffold_11 4456594 4467458 color=lorange
9 20427307 20443910 scaffold_11 4493505 4566549 color=lorange
9 20470262 20474845 scaffold_11 4644606 4691061 color=lorange
9 20485642 20490373 scaffold_11 4644606 4691061 color=lorange
9 20494629 20508802 scaffold_11 4705964 4767224 color=lorange
9 20536951 20556854 scaffold_11 4885705 4966039 color=lorange
9 20774579 20789640 scaffold_18 5483044 5524738 color=lorange
9 20792430 20794014 scaffold_18 7029617 7030703 color=lorange
9 20794329 20795892 scaffold_18 7027517 7028940 color=lorange
9 20814073 20817512 scaffold_11 3831282 3836128 color=lorange
9 20818545 20820614 scaffold_11 3798989 3801494 color=lorange
9 20822464 20827861 scaffold_11 3772890 3797442 color=lorange
9 20837892 20840578 scaffold_11 3671210 3690721 color=lorange
9 20848733 20857054 scaffold_11 3619255 3652159 color=lorange
9 20870442 20875024 scaffold_11 3422785 3588712 color=lorange
9 20917569 20922733 scaffold_11 3400733 3412434 color=lorange
9 21006669 21027613 scaffold_11 3023321 3318445 color=lorange
9 21006669 21027613 scaffold_11 3023321 3318445 color=lorange
9 21053772 21063872 scaffold_11 2918873 2963048 color=lorange
9 21053772 21063872 scaffold_212 2433 31659 color=lorange
9 21075656 21086987 scaffold_212 84937 121458 color=lorange
9 21075656 21086987 scaffold_11 2858936 2888724 color=lorange
9 21192322 21205533 scaffold_11 1799900 1946367 color=lorange
9 21208619 21218302 scaffold_11 1751939 1784143 color=lorange
9 21229122 21243553 scaffold_11 1623017 1690962 color=lorange
9 21245887 21257988 scaffold_11 1558590 1601969 color=lorange
9 21267712 21274868 scaffold_11 1315121 1521889 color=lorange
9 21529795 21531282 scaffold_36 611317 613134 color=lorange
9 21529795 21531282 scaffold_36 173197 175010 color=lorange
9 21532589 21533866 scaffold_36 613979 642777 color=lorange
9 21532589 21533866 scaffold_36 135816 170388 color=lorange
9 21534846 21542616 scaffold_36 613979 642777 color=lorange
9 21534846 21542616 scaffold_36 135816 170388 color=lorange
9 21543242 21547219 scaffold_36 651048 681862 color=lorange
9 21543242 21547219 scaffold_36 116438 129566 color=lorange
9 21668841 21681959 scaffold_36 1468990 1489431 color=lorange
9 21668841 21681959 scaffold_36 1044538 1064995 color=lorange
9 21718250 21753948 scaffold_36 1569319 2221549 color=lorange
9 21718250 21753948 scaffold_136 244306 342824 color=lorange
9 21764497 21791078 scaffold_36 1569319 2221549 color=lorange
9 21799210 21802442 scaffold_36 3760485 3792078 color=lorange
9 21799210 21802442 scaffold_36 2256812 2293040 color=lorange
9 21799210 21802442 scaffold_174 172215 181727 color=lorange
9 21799210 21802442 scaffold_136 1456 5156 color=lorange
9 22015332 22016903 scaffold_92 30464 39757 color=lorange
9 22031703 22047646 scaffold_18 5621810 5676927 color=lorange
9 22048513 22054177 scaffold_18 5697664 5713923 color=lorange
9 22048603 22054177 scaffold_18 5697664 5713923 color=lorange
9 22058103 22058830 scaffold_18 5677798 5680745 color=lorange
9 22069547 22073191 scaffold_18 5867978 5890297 color=lorange
9 22076454 22090278 scaffold_18 5763121 5821418 color=lorange
9 22141255 22147757 scaffold_9 7588774 7623242 color=lorange
9 22141255 22147757 scaffold_9 5754772 5777149 color=lorange
9 22179664 22194934 scaffold_9 7782503 7885653 color=lorange
9 22179664 22194934 scaffold_9 5471677 5589461 color=lorange
9 22231406 22241753 scaffold_9 5230388 5350927 color=lorange
9 22260911 22264846 scaffold_9 8185607 8205249 color=lorange
9 22260911 22264846 scaffold_9 5194187 5209553 color=lorange
9 22347541 22353081 scaffold_18 3835344 3929722 color=lorange
9 22354640 22357921 scaffold_18 3805426 3811235 color=lorange
9 22369112 22370960 scaffold_18 3801751 3804300 color=lorange
9 22373061 22374386 scaffold_18 3796681 3797692 color=lorange
9 22458230 22473298 scaffold_18 5096375 5261942 color=lorange
9 22462492 22473298 scaffold_18 5096375 5261942 color=lorange
9 22600628 22601800 scaffold_18 4671501 4671866 color=lorange
9 22613206 22639597 scaffold_18 3580804 3702807 color=lorange
9 22613206 22639597 scaffold_18 3580804 3702807 color=lorange
9 22670727 22674596 scaffold_18 3543239 3551766 color=lorange
9 22713334 22725347 scaffold_18 3424655 3458632 color=lorange
9 22779052 22788143 scaffold_18 3259633 3277455 color=lorange
9 22788466 22796940 scaffold_18 3229548 3256394 color=lorange
9 22798415 22800162 scaffold_18 3223385 3224584 color=lorange
9 22798478 22800162 scaffold_18 3223385 3224584 color=lorange
9 22831790 22833081 scaffold_18 3118028 3119451 color=lorange
9 22833696 22840648 scaffold_18 3099736 3116954 color=lorange
9 22862406 22870559 scaffold_406 15094 41674 color=lorange
9 23124347 23127607 scaffold_18 6015103 6028983 color=lorange
9 23210409 23214278 scaffold_18 6090051 6098321 color=lorange
9 23228154 23232350 scaffold_18 6732166 6757111 color=lorange
9 23266580 23270727 scaffold_18 6202153 6241349 color=lorange
9 23275335 23280041 scaffold_18 6202153 6241349 color=lorange
9 23347558 23354237 scaffold_18 6470405 6472439 color=lorange
9 23347558 23354237 scaffold_22 5934663 5935505 color=lorange
9 23427340 23427600 scaffold_5 91930087 91930732 color=lorange
9 23429721 23432835 scaffold_18 6824052 6837993 color=lorange
9 23435682 23440409 scaffold_18 6842654 6871839 color=lorange
9 23447540 23449669 scaffold_18 6916079 6916450 color=lorange
9 23447540 23449669 scaffold_18 6909763 6910227 color=lorange
9 23467813 23469918 scaffold_18 6997003 7025325 color=lorange
9 23508092 23510755 scaffold_18 5609301 5620392 color=lorange
9 23511761 23512669 scaffold_18 5575725 5576564 color=lorange
9 23589296 23598205 scaffold_4 18111866 18115135 color=lorange
9 23615508 23618549 scaffold_22 123144 254222 color=lorange
9 23727466 23732094 scaffold_22 91700 114666 color=lorange
9 23735877 23745026 scaffold_18 3722485 3776064 color=lorange
9 23752346 23752805 scaffold_18 3722485 3776064 color=lorange
9 23758908 23759367 scaffold_18 3722485 3776064 color=lorange
9 23778886 23790729 scaffold_8 9731178 9764128 color=lorange
9 23778886 23790729 scaffold_8 7194100 7225418 color=lorange
9 23808672 23825310 scaffold_18 4508316 4622103 color=lorange
9 23835558 23835770 scaffold_18 4450821 4462019 color=lorange
9 23938105 23941323 scaffold_9 8249626 8252676 color=lorange
9 23938105 23941323 scaffold_9 5163326 5166390 color=lorange
9 23945211 23950598 scaffold_9 5130431 5141691 color=lorange
9 23945211 23950598 scaffold_9 8273536 8295211 color=lorange
9 23958839 23960800 scaffold_9 8347450 8351487 color=lorange
9 23958839 23960800 scaffold_9 5092460 5099583 color=lorange
9 23964541 23964786 scaffold_9 8365940 8651819 color=lorange
9 23964541 23964786 scaffold_9 4712791 5074111 color=lorange
9 23993851 24017434 scaffold_9 4712791 5074111 color=lorange
9 23993851 24017434 scaffold_9 8365940 8651819 color=lorange
9 24120309 24124305 scaffold_9 40806343 40806625 color=lorange
9 24207233 24210860 scaffold_9 40982625 41003031 color=lorange
9 24213428 24219307 scaffold_9 41007938 41012784 color=lorange
9 24222772 24230508 scaffold_9 36714168 36726913 color=lorange
9 24423905 24427732 scaffold_9 35956177 35960004 color=lorange
9 25147821 25151927 scaffold_9 32325499 32329242 color=lorange
9 25315519 25319095 scaffold_9 31536758 31548368 color=lorange
9 25321910 25325029 scaffold_9 31512413 31527125 color=lorange
9 25333839 25334695 scaffold_9 31487685 31489382 color=lorange
9 25336462 25343221 scaffold_9 31455406 31482662 color=lorange
9 25344193 25344645 scaffold_9 31452231 31452690 color=lorange
9 25428123 25431946 scaffold_9 31232655 31258569 color=lorange
9 25436578 25453994 scaffold_9 31136882 31226513 color=lorange
9 25462162 25462776 scaffold_9 31136882 31226513 color=lorange
9 25501756 25502145 scaffold_9 30808863 30989603 color=lorange
9 25530843 25553689 scaffold_9 30808863 30989603 color=lorange
9 25560974 25566533 scaffold_92 66001 86049 color=lorange
9 25567946 25570265 scaffold_92 88564 122146 color=lorange
9 25575065 25576823 scaffold_92 88564 122146 color=lorange
9 25586168 25587999 scaffold_92 145078 161029 color=lorange
9 25586177 25587999 scaffold_92 145078 161029 color=lorange
9 25588600 25593502 scaffold_92 161609 192564 color=lorange
9 25603502 25610185 scaffold_92 242161 252545 color=lorange
9 25619409 25623743 scaffold_92 314049 476985 color=lorange
9 25619409 25623743 scaffold_127 208181 376150 color=lorange
9 25650757 25651008 scaffold_127 208181 376150 color=lorange
9 25650757 25651008 scaffold_92 314049 476985 color=lorange
9 25735498 25739610 scaffold_24 84675 101634 color=lorange
9 25932220 25935260 scaffold_9 29301615 29305899 color=lorange
9 25967524 25971888 scaffold_9 29317834 29477487 color=lorange
9 25973186 25975717 scaffold_9 29478685 29486114 color=lorange
9 25973264 25975717 scaffold_9 29478685 29486114 color=lorange
9 25980310 25981201 scaffold_9 29493306 29495164 color=lorange
9 26000656 26006925 scaffold_9 29568670 29605338 color=lorange
9 26161392 26163200 scaffold_9 30142766 30799424 color=lorange
9 26297950 26304002 scaffold_9 30142766 30799424 color=lorange
X 138981 150011 scaffold_34 4014406 4044865 color=acen
X 158386 163545 scaffold_34 3792490 3810142 color=acen
X 168601 171464 scaffold_34 3835281 3845211 color=acen
X 193854 195000 scaffold_34 3880517 3884414 color=acen
X 196552 203831 scaffold_34 3889595 3923275 color=acen
X 233351 233848 scaffold_34 3986282 3986791 color=acen
X 241820 255285 scaffold_34 3944502 3975277 color=acen
X 257103 258243 scaffold_34 3937917 3942808 color=acen
X 258826 260661 scaffold_34 3737300 3743338 color=acen
X 263033 263796 scaffold_34 3937917 3942808 color=acen
X 417572 422379 scaffold_10 13728939 13866816 color=acen
X 424268 431048 scaffold_10 13728939 13866816 color=acen
X 464635 474448 scaffold_10 1472887 1498277 color=acen
X 513535 516125 scaffold_10 1682744 1685812 color=acen
X 513535 516125 scaffold_7 28467684 28492884 color=acen
X 523071 528695 scaffold_10 1699000 1724739 color=acen
X 531650 560971 scaffold_10 1733802 1843544 color=acen
X 531650 560971 scaffold_10 1733802 1843544 color=acen
X 574643 575098 scaffold_10 1887039 1887494 color=acen
X 647726 659200 scaffold_10 2169110 2201469 color=acen
X 724985 727111 scaffold_10 2493169 2499404 color=acen
X 750844 753497 scaffold_10 2590363 2593347 color=acen
X 754652 757031 scaffold_10 2596717 2599519 color=acen
X 789771 798377 scaffold_10 2616714 2785566 color=acen
X 789771 798377 scaffold_10 2616714 2785566 color=acen
X 820581 821537 scaffold_10 2794402 2795078 color=acen
X 820593 821537 scaffold_10 2794402 2795078 color=acen
X 824312 825629 scaffold_10 2797391 2799147 color=acen
X 851982 853892 scaffold_10 15448200 15455961 color=acen
X 855838 859311 scaffold_10 15427949 15444370 color=acen
X 875141 881262 scaffold_10 15344072 15414227 color=acen
X 1008188 1027283 scaffold_10 14961082 15096044 color=acen
X 1038237 1062845 scaffold_10 14863111 14925997 color=acen
X 1038237 1062845 scaffold_10 14863111 14925997 color=acen
X 1066739 1069814 scaffold_34 3424174 3434036 color=acen
X 1076227 1078798 scaffold_14 5954286 5971456 color=acen
X 1085161 1095219 scaffold_14 5620295 5941784 color=acen
X 1096876 1097295 scaffold_14 5620295 5941784 color=acen
X 1183355 1184223 scaffold_14 5620295 5941784 color=acen
X 1231896 1252475 scaffold_14 4491551 4726020 color=acen
X 1278178 1288844 scaffold_10 27026177 27030808 color=acen
X 1320216 1322170 scaffold_10 27224983 27227050 color=acen
X 1496903 1497139 scaffold_10 22453477 22867263 color=acen
X 1531525 1532025 scaffold_10 22453477 22867263 color=acen
X 1582413 1615577 scaffold_10 22453477 22867263 color=acen
X 2054240 2056785 scaffold_10 24559856 24591539 color=acen
X 2064297 2071466 scaffold_10 24559856 24591539 color=acen
X 2081907 2089702 scaffold_10 24597834 24605228 color=acen
X 2081907 2089888 scaffold_10 24597834 24605228 color=acen
X 2116202 2118791 scaffold_14 9399998 9416984 color=acen
X 2128109 2134582 scaffold_14 9185919 9376086 color=acen
X 2128109 2146244 scaffold_14 9185919 9376086 color=acen
X 2162219 2171233 scaffold_14 9185919 9376086 color=acen
X 2230242 2232775 scaffold_10 27206027 27211255 color=acen
X 2234674 2256455 scaffold_10 27039657 27078708 color=acen
X 2258747 2268599 scaffold_10 27124691 27133747 color=acen
X 2272147 2275480 scaffold_10 27109683 27113073 color=acen
X 2306977 2309983 scaffold_10 11571162 11576283 color=acen
X 2315597 2317089 scaffold_10 11551065 11552554 color=acen
X 2318539 2327044 scaffold_10 11332481 11357097 color=acen
X 2330264 2333723 scaffold_10 11370935 11387606 color=acen
X 2346545 2362486 scaffold_10 11429711 11475893 color=acen
X 2462072 2462461 scaffold_10 20875041 21038089 color=acen
X 2511096 2516261 scaffold_10 21135217 21296753 color=acen
X 2542924 2543930 scaffold_10 21135217 21296753 color=acen
X 2570661 2571244 scaffold_10 21135217 21296753 color=acen
X 2599926 2609379 scaffold_10 21387954 21400726 color=acen
X 2611049 2613299 scaffold_157 19107 30626 color=acen
X 2611049 2613299 scaffold_159 28822 43580 color=acen
X 2625299 2634933 scaffold_10 20754583 20769332 color=acen
X 2644479 2662213 scaffold_10 20704308 20739440 color=acen
X 2664744 2668270 scaffold_10 20668969 20700830 color=acen
X 2701059 2708068 scaffold_10 20571176 20609809 color=acen
X 2715792 2723800 scaffold_10 20571176 20609809 color=acen
X 2730749 2736582 scaffold_10 20542260 20558472 color=acen
X 2745043 2748759 scaffold_10 20513890 20522407 color=acen
X 2745043 2751297 scaffold_10 20513890 20522407 color=acen
X 2749518 2751297 scaffold_10 20513890 20522407 color=acen
X 2752285 2759227 scaffold_10 20486841 20491672 color=acen
X 2765856 2796114 scaffold_10 15543742 16047464 color=acen
X 2946701 2947885 scaffold_10 15543742 16047464 color=acen
X 3042272 3048440 scaffold_10 16255915 16305050 color=acen
X 3074691 3084154 scaffold_10 16330167 16404076 color=acen
X 3110932 3113274 scaffold_10 16458143 16460316 color=acen
X 3110932 3113274 scaffold_7 72188843 72191097 color=acen
X 3129178 3134102 scaffold_10 16475378 16529493 color=acen
X 3135613 3140767 scaffold_10 16475378 16529493 color=acen
X 3145486 3150180 scaffold_10 16475378 16529493 color=acen
X 3156724 3180404 scaffold_10 16556942 16631089 color=acen
X 3762772 3772419 scaffold_10 18185182 18391662 color=acen
X 3951556 3966202 scaffold_10 18616856 18826617 color=acen
X 3971816 3976480 scaffold_10 18833954 18838988 color=acen
X 4000917 4016995 scaffold_10 18910335 18975426 color=acen
X 4030656 4036393 scaffold_10 18994773 19076706 color=acen
X 4137292 4137987 scaffold_10 19255188 19408892 color=acen
X 4167639 4172114 scaffold_10 19255188 19408892 color=acen
X 4196955 4205739 scaffold_10 19255188 19408892 color=acen
X 4300242 4317469 scaffold_10 19672638 19726276 color=acen
X 4324334 4324933 scaffold_10 19764670 19775617 color=acen
X 4324334 4331347 scaffold_10 19764670 19775617 color=acen
X 4740184 4751336 scaffold_14 7735839 7762004 color=acen
X 4765081 4773326 scaffold_14 7625040 7654948 color=acen
X 4819247 4821198 scaffold_14 7473751 7490903 color=acen
X 4826211 4832353 scaffold_14 7424621 7445981 color=acen
X 4845426 4860602 scaffold_14 7363530 7392725 color=acen
X 4861734 4868453 scaffold_14 7346997 7361640 color=acen
X 4954374 4956541 scaffold_14 7118784 7188946 color=acen
X 4984928 4990289 scaffold_10 25440872 25629249 color=acen
X 5081484 5091393 scaffold_10 25703127 25784557 color=acen
X 5094530 5098092 scaffold_10 20354491 20436795 color=acen
X 5113635 5115366 scaffold_10 20354491 20436795 color=acen
X 5122839 5134397 scaffold_10 20278933 20348041 color=acen
X 5168030 5181156 scaffold_10 20236329 20258248 color=acen
X 5184102 5184567 scaffold_10 20231159 20231625 color=acen
X 5206827 5208801 scaffold_10 19930008 20165994 color=acen
X 5249493 5259003 scaffold_10 19930008 20165994 color=acen
X 5264765 5281656 scaffold_10 19930008 20165994 color=acen
X 5305068 5329798 scaffold_10 19813848 19866469 color=acen
X 5342875 5343270 scaffold_10 19776406 19776822 color=acen
X 5390026 5397869 scaffold_10 14736873 14758118 color=acen
X 5556606 5561065 scaffold_10 14331222 14338291 color=acen
X 5679787 5683904 scaffold_10 3933856 3944360 color=acen
X 5679787 5686934 scaffold_10 3933856 3944360 color=acen
X 5720738 5724749 scaffold_10 3878101 3887932 color=acen
X 5732407 5745092 scaffold_10 3799288 3847411 color=acen
X 5753693 5762611 scaffold_10 3768022 3777122 color=acen
X 5765947 5775654 scaffold_10 3725011 3763549 color=acen
X 5818729 5822839 scaffold_10 3600666 3605280 color=acen
X 5818729 5822839 scaffold_47 1758641 1777268 color=acen
X 5822967 5825620 scaffold_10 3600666 3605280 color=acen
X 5829988 5840479 scaffold_10 3576593 3596064 color=acen
X 5983106 5984118 scaffold_10 3142594 3149798 color=acen
X 5983106 5984172 scaffold_10 3142594 3149798 color=acen
X 6072319 6076577 scaffold_10 15465972 15482526 color=acen
X 6109601 6109807 scaffold_10 24868385 24913201 color=acen
X 6123311 6125082 scaffold_10 24868385 24913201 color=acen
X 6150763 6158660 scaffold_10 24992481 25027134 color=acen
X 6164743 6170163 scaffold_10 25040231 25063774 color=acen
X 6176191 6176397 scaffold_10 25082152 25193021 color=acen
X 6186589 6200785 scaffold_10 25082152 25193021 color=acen
X 6232451 6239787 scaffold_10 25288987 25311707 color=acen
X 6243883 6246571 scaffold_10 25321478 25341509 color=acen
X 6249791 6256003 scaffold_10 25342831 25360614 color=acen
X 6291788 6295221 scaffold_14 7082755 7094082 color=acen
X 6297612 6304762 scaffold_10 27236182 27253616 color=acen
X 6320375 6320839 scaffold_10 27236182 27253616 color=acen
X 6336422 6342165 scaffold_10 11847916 11854282 color=acen
X 6369080 6374303 scaffold_10 24761648 24767590 color=acen
X 6381095 6390214 scaffold_10 24719092 24750467 color=acen
X 6423055 6431050 scaffold_10 24612179 24629604 color=acen
X 6623908 6627169 scaffold_10 8192987 8319634 color=acen
X 6657094 6658241 scaffold_10 8140582 8141431 color=acen
X 6659673 6660659 scaffold_10 8138158 8139144 color=acen
X 6662741 6678095 scaffold_10 8099608 8135135 color=acen
X 6682277 6690660 scaffold_10 8073843 8096288 color=acen
X 6698837 6706017 scaffold_10 7995427 8061594 color=acen
X 6830326 6848055 scaffold_10 7564543 7751411 color=acen
X 6915316 6916263 scaffold_10 7449375 7450322 color=acen
X 6926014 6927372 scaffold_10 7376854 7378212 color=acen
X 6931319 6932002 scaffold_10 7350125 7363587 color=acen
X 6943507 6947335 scaffold_10 7330281 7339368 color=acen
X 6959818 6979962 scaffold_10 7233864 7309388 color=acen
X 6998643 6999194 scaffold_10 29434254 29434805 color=acen
X 7003185 7003655 scaffold_10 29439426 29443523 color=acen
X 7032551 7038966 scaffold_10 26996650 27006112 color=acen
X 7061695 7070512 scaffold_10 25787563 25828226 color=acen
X 7084660 7085517 scaffold_10 8487336 8488193 color=acen
X 7092125 7099138 scaffold_10 8435952 8481124 color=acen
X 7123412 7129498 scaffold_10 11538459 11548345 color=acen
X 7145392 7161876 scaffold_10 8545903 8563099 color=acen
X 7177116 7186703 scaffold_14 3463911 3513217 color=acen
X 8403676 8404886 scaffold_26 1998512 1999636 color=acen
X 8403676 8404886 scaffold_26 2691539 2692663 color=acen
X 8403676 8404886 scaffold_26 1864677 1865801 color=acen
X 8403676 8404886 scaffold_103 187070 188194 color=acen
X 8403676 8404886 scaffold_26 437092 438216 color=acen
X 8522368 8522709 scaffold_5 57694304 57696202 color=acen
X 12662017 12676576 scaffold_14 3528822 3585246 color=acen
X 12718899 12719594 scaffold_14 3528822 3585246 color=acen
X 13787885 13792718 scaffold_10 25838813 25847679 color=acen
X 13799895 13812084 scaffold_10 25848738 25858304 color=acen
X 13839480 13846698 scaffold_10 11994188 12077225 color=acen
X 13858101 13873951 scaffold_10 11994188 12077225 color=acen
X 13917055 13923980 scaffold_10 11890022 11943463 color=acen
X 13952774 13988289 scaffold_10 26767828 26951268 color=acen
X 13990237 14012579 scaffold_10 26767828 26951268 color=acen
X 14021313 14029014 scaffold_10 26767828 26951268 color=acen
X 14039656 14068999 scaffold_10 26767828 26951268 color=acen
X 14090573 14116985 scaffold_10 26612750 26687510 color=acen
X 14117790 14123770 scaffold_10 26612750 26687510 color=acen
X 14124031 14130139 scaffold_10 26612750 26687510 color=acen
X 14133037 14144538 scaffold_10 26579384 26603828 color=acen
X 14206843 14224687 scaffold_10 26481702 26546392 color=acen
X 14278649 14303453 scaffold_10 26326158 26362336 color=acen
X 14335684 14341526 scaffold_10 26266900 26275224 color=acen
X 14356064 14366317 scaffold_10 26166229 26186788 color=acen
X 14414890 14422333 scaffold_10 26049652 26074748 color=acen
X 14437387 14444092 scaffold_10 26002250 26008653 color=acen
X 14475255 14480865 scaffold_10 25926902 25944174 color=acen
X 14510170 14512071 scaffold_10 12091049 12095501 color=acen
X 14512873 14516159 scaffold_10 12096269 12106101 color=acen
X 14521800 14528322 scaffold_10 12116567 12124654 color=acen
X 14584683 14599363 scaffold_10 12159816 12300349 color=acen
X 14603239 14610811 scaffold_10 12319679 12327325 color=acen
X 14627412 14631195 scaffold_10 12342046 12347323 color=acen
X 14633471 14634682 scaffold_10 12351130 12364969 color=acen
X 14641682 14644774 scaffold_10 12351130 12364969 color=acen
X 14649053 14653004 scaffold_10 12367072 12372427 color=acen
X 14654622 14661799 scaffold_10 12373122 12381310 color=acen
X 14698925 14700755 scaffold_14 6761947 6817473 color=acen
X 14703620 14708441 scaffold_14 6825245 6841249 color=acen
X 14753209 14755591 scaffold_14 6998258 7007451 color=acen
X 14761105 14793550 scaffold_14 6953186 7074091 color=acen
X 14809614 14813076 scaffold_14 6488100 6498693 color=acen
X 14849413 14869430 scaffold_14 6283419 6332937 color=acen
X 14894311 14899657 scaffold_14 6241306 6255311 color=acen
X 14941781 14946346 scaffold_10 11495422 11517957 color=acen
X 15130183 15134178 scaffold_10 6687562 6704845 color=acen
X 15135800 15140635 scaffold_10 6653030 6679805 color=acen
X 15135800 15149451 scaffold_10 6653030 6679805 color=acen
X 15152511 15153031 scaffold_10 6650289 6650816 color=acen
X 15152511 15153031 scaffold_4 3953882 3954590 color=acen
X 15153972 15160294 scaffold_10 6645347 6649100 color=acen
X 15168824 15200095 scaffold_10 6528440 6635170 color=acen
X 15217537 15219391 scaffold_14 6037025 6041883 color=acen
X 15217537 15219391 scaffold_26 4791673 4793884 color=acen
X 15223404 15233582 scaffold_26 4814757 4841073 color=acen
X 15223404 15233582 scaffold_26 4869549 4908342 color=acen
X 15235409 15237211 scaffold_23 3721193 3773177 color=acen
X 15244622 15247895 scaffold_10 15485202 15501915 color=acen
X 15320919 15326066 scaffold_10 11866802 11875571 color=acen
X 15327107 15344721 scaffold_10 181881 393963 color=acen
X 15352068 15355713 scaffold_10 468196 523753 color=acen
X 15360667 15366035 scaffold_10 562876 757309 color=acen
X 15369649 15381440 scaffold_10 11713040 11836136 color=acen
X 15369649 15381443 scaffold_10 11713040 11836136 color=acen
X 15460970 15465735 scaffold_10 12749639 12770232 color=acen
X 15470170 15480479 scaffold_10 12700659 12743046 color=acen
X 15520658 15524853 scaffold_10 12641372 12650289 color=acen
X 15531721 15535005 scaffold_10 12632636 12636957 color=acen
X 15538871 15544483 scaffold_10 12607728 12630091 color=acen
X 15595151 15600148 scaffold_10 12490161 12579725 color=acen
X 15610043 15615884 scaffold_10 4051806 4067071 color=acen
X 15675138 15682528 scaffold_10 4076750 4239751 color=acen
X 15686714 15690577 scaffold_10 4250951 4264379 color=acen
X 15932570 15935998 scaffold_34 2457166 3040613 color=acen
X 15998743 16000929 scaffold_34 2457166 3040613 color=acen
X 16057956 16062454 scaffold_10 27457426 27464981 color=acen
X 16064359 16065024 scaffold_10 27457426 27458091 color=acen
X 16064359 16065024 scaffold_10 27457426 27464981 color=acen
X 16190532 16193253 scaffold_10 12914172 12915878 color=acen
X 16218415 16230487 scaffold_14 9569718 9692977 color=acen
X 16237318 16258880 scaffold_14 9569718 9692977 color=acen
X 16237318 16258880 scaffold_14 9569718 9692977 color=acen
X 16270841 16271386 scaffold_34 1961987 1962532 color=acen
X 16349098 16363130 scaffold_34 1750908 1815410 color=acen
X 16366614 16374105 scaffold_14 9863371 9892398 color=acen
X 16378272 16380151 scaffold_14 9911761 10069552 color=acen
X 16412070 16413996 scaffold_14 9911761 10069552 color=acen
X 16424408 16426801 scaffold_14 9911761 10069552 color=acen
X 16556516 16567072 scaffold_14 10398714 10577192 color=acen
X 16721602 16723644 scaffold_14 11005903 11007942 color=acen
X 16730633 16737429 scaffold_14 11026340 11039342 color=acen
X 16746379 16749572 scaffold_14 11063748 11082323 color=acen
X 16751093 16755963 scaffold_14 11083946 11095683 color=acen
X 16762795 16768656 scaffold_14 11121688 11136732 color=acen
X 16769842 16772494 scaffold_14 11137597 11139618 color=acen
X 16776840 16779692 scaffold_14 11142739 11187455 color=acen
X 16808299 16809641 scaffold_31 2857992 2925249 color=acen
X 16808299 16809641 scaffold_31 3027543 3113777 color=acen
X 16833344 16849598 scaffold_31 3027543 3113777 color=acen
X 16833344 16849598 scaffold_31 2857992 2925249 color=acen
X 16862944 16867966 scaffold_14 11214118 11229325 color=acen
X 16862944 16867966 scaffold_10 20501619 20511329 color=acen
X 16872206 16884675 scaffold_14 11242743 11426412 color=acen
X 16918997 16934444 scaffold_14 11242743 11426412 color=acen
X 16936214 16945518 scaffold_14 11242743 11426412 color=acen
X 17149963 17150208 scaffold_14 11935206 11990535 color=acen
X 17188129 17191194 scaffold_14 12036712 12073804 color=acen
X 17822614 17833819 scaffold_34 353655 388104 color=acen
X 17840204 17846683 scaffold_34 403854 434878 color=acen
X 17996669 18015043 scaffold_34 817474 872280 color=acen
X 18028767 18040396 scaffold_34 892884 911219 color=acen
X 18166503 18189899 scaffold_34 1121214 1281258 color=acen
X 18217570 18222185 scaffold_34 1355954 1360913 color=acen
X 18278374 18288985 scaffold_34 1473683 1499486 color=acen
X 18292796 18301742 scaffold_34 1505596 1540801 color=acen
X 18350084 18352370 scaffold_34 1549537 1739285 color=acen
X 18380162 18394406 scaffold_34 1549537 1739285 color=acen
X 18380180 18394406 scaffold_34 1549537 1739285 color=acen
X 18618210 18628413 scaffold_10 9087797 9118655 color=acen
X 18628835 18633358 scaffold_10 9119043 9127716 color=acen
X 18733902 18745032 scaffold_10 9378010 9428788 color=acen
X 18753377 18754680 scaffold_10 9378010 9428788 color=acen
X 18792329 18796291 scaffold_10 9570982 9576311 color=acen
X 18805357 18809129 scaffold_10 9599560 9624091 color=acen
X 18834602 18855917 scaffold_10 9692178 9777798 color=acen
X 18914184 18914495 scaffold_10 9890311 10110401 color=acen
X 18933925 18935928 scaffold_10 9890311 10110401 color=acen
X 18940607 18940939 scaffold_10 9890311 10110401 color=acen
X 18970594 18976239 scaffold_10 9890311 10110401 color=acen
X 18998211 19001291 scaffold_10 9890311 10110401 color=acen
X 19495654 19501059 scaffold_10 8417138 8424891 color=acen
X 19505454 19514798 scaffold_10 8383891 8412399 color=acen
X 19519041 19524518 scaffold_10 8343798 8370774 color=acen
X 19558039 19560017 scaffold_10 12836762 12848277 color=acen
X 19669879 19690369 scaffold_10 27523516 27539325 color=acen
X 19731987 19732196 scaffold_10 27567278 27586764 color=acen
X 19747926 19762709 scaffold_10 27567278 27586764 color=acen
X 19770839 19788060 scaffold_10 27591445 27623314 color=acen
X 19816844 19818908 scaffold_10 27638292 27641747 color=acen
X 19825112 19831211 scaffold_10 27646585 27684343 color=acen
X 19850158 19852351 scaffold_10 27646585 27684343 color=acen
X 20009436 20056383 scaffold_10 27891567 28128214 color=acen
X 20116811 20121722 scaffold_10 27891567 28128214 color=acen
X 20142660 20147581 scaffold_10 28139724 28144215 color=acen
X 20150398 20157279 scaffold_10 28146962 28162143 color=acen
X 20160222 20174502 scaffold_10 28166110 28184662 color=acen
X 20186805 20188971 scaffold_10 28198512 28200529 color=acen
X 20263965 20265154 scaffold_10 28306249 28307613 color=acen
X 20269688 20275619 scaffold_10 28311155 28327702 color=acen
X 20294306 20299654 scaffold_10 28344949 28348936 color=acen
X 20767475 20772137 scaffold_10 29282650 29295992 color=acen
X 20772590 20776651 scaffold_10 29282650 29295992 color=acen
X 20797152 20816572 scaffold_10 29327717 29355714 color=acen
X 20833944 20844667 scaffold_10 8492239 8537996 color=acen
X 20851363 20851890 scaffold_10 1446080 1446607 color=acen
X 20855578 20858823 scaffold_10 1436693 1443887 color=acen
X 20860518 20878121 scaffold_10 1394680 1435765 color=acen
X 20885360 20890524 scaffold_10 1363871 1379030 color=acen
X 20885360 20890557 scaffold_10 1363871 1379030 color=acen
X 20904013 20909893 scaffold_10 1314174 1330932 color=acen
X 20915375 20918018 scaffold_10 1290338 1310077 color=acen
X 20928157 20935847 scaffold_14 6569494 6635654 color=acen
X 20952346 20955286 scaffold_14 6693617 6707556 color=acen
X 20952409 20955286 scaffold_14 6693617 6707556 color=acen
X 21021658 21025100 scaffold_10 6324003 6333424 color=acen
X 21055325 21061332 scaffold_10 6456228 6474208 color=acen
X 21072432 21078947 scaffold_10 6489542 6509820 color=acen
X 21130709 21135509 scaffold_10 6120400 6132362 color=acen
X 21149270 21149476 scaffold_10 6094492 6096296 color=acen
X 21382083 21391782 scaffold_332 14539 24142 color=acen
X 21392430 21397003 scaffold_332 3262 13359 color=acen
X 21411817 21417830 scaffold_10 5194270 5222424 color=acen
X 21475392 21495764 scaffold_10 4830034 4835764 color=acen
X 21558175 21559751 scaffold_10 4572781 4575770 color=acen
X 21561438 21568615 scaffold_10 4556926 4566808 color=acen
X 21621492 21623498 scaffold_31 3176096 3181882 color=acen
X 21624143 21635559 scaffold_31 3121809 3169805 color=acen
X 21639061 21647089 scaffold_10 29369343 29376790 color=acen
X 21639061 21647089 scaffold_17 6749295 6780364 color=acen
X 21651513 21658678 scaffold_10 29382231 29388849 color=acen
X 21662756 21670571 scaffold_10 13670206 13688385 color=acen
X 21690007 21691137 scaffold_10 13614568 13615698 color=acen
X 21739285 21744957 scaffold_10 13496113 13507372 color=acen
X 21758452 21769019 scaffold_10 13450398 13465890 color=acen
X 21773606 21797812 scaffold_10 13202882 13443691 color=acen
X 21876819 21878601 scaffold_10 13202882 13443691 color=acen
X 21933988 21936564 scaffold_10 13086982 13111066 color=acen
X 21939332 21957461 scaffold_10 13057371 13083257 color=acen
X 21976841 21979592 scaffold_10 13013469 13016251 color=acen
X 21980574 22001363 scaffold_10 12953315 13007990 color=acen
X 21980574 22001363 scaffold_10 13009387 13011498 color=acen
X 22007891 22016661 scaffold_10 12953315 13007990 color=acen
X 22033919 22034191 scaffold_10 12932385 12937709 color=acen
