scaffold_1 1377827 1378357 1 48676448 48676978 color=lorange
scaffold_1 1380713 1386929 1 48670584 48675013 color=lorange
scaffold_1 1399939 1420473 1 48653174 48663619 color=lorange
scaffold_1 1652855 1699881 1 48581840 48591007 color=lorange
scaffold_1 2817061 2879738 1 48181592 48183925 color=lorange
scaffold_1 2900049 2954045 1 48132851 48148228 color=lorange
scaffold_1 4340765 4355584 1 47708682 47713654 color=lorange
scaffold_1 4434859 4448062 1 31132510 31139606 color=lorange
scaffold_1 4434859 4448062 1 31140305 31143571 color=lorange
scaffold_1 4449610 4470904 1 31144270 31147347 color=lorange
scaffold_1 4760317 4762065 1 31241693 31243450 color=lorange
scaffold_1 4764322 4839081 1 31244269 31252984 color=lorange
scaffold_1 4844167 4883734 1 31254886 31258142 color=lorange
scaffold_1 5075486 5192322 1 31323098 31323622 color=lorange
scaffold_1 5075486 5192322 1 31345428 31359975 color=lorange
scaffold_1 5912852 5926727 1 31559598 31568027 color=lorange
scaffold_1 6012197 6028306 1 31600000 31605117 color=lorange
scaffold_1 6059588 6060321 1 31606061 31606796 color=lorange
scaffold_1 6197605 6203111 1 28092579 28106535 color=lorange
scaffold_1 6224231 6934439 1 28092579 28106535 color=lorange
scaffold_1 7031190 7454408 1 27809061 27819736 color=lorange
scaffold_1 7031190 7454408 1 27824007 27827526 color=lorange
scaffold_1 7743374 7768136 1 26642410 26647079 color=lorange
scaffold_1 7922118 7923020 1 26678088 26678990 color=lorange
scaffold_1 8227585 8276417 1 26812208 26830259 color=lorange
scaffold_1 8412168 8592932 1 26881012 26899270 color=lorange
scaffold_1 8412168 8592932 1 26860632 26869806 color=lorange
scaffold_1 8637533 8639609 1 26913400 26915327 color=lorange
scaffold_1 8766646 8781942 1 26941969 26947211 color=lorange
scaffold_1 9008029 9120355 1 27001495 27011173 color=lorange
scaffold_1 9428428 9432089 1 27101958 27103051 color=lorange
scaffold_1 11492133 11563497 1 26625438 26635670 color=lorange
scaffold_1 11619700 11629453 1 26619489 26621283 color=lorange
scaffold_1 11645844 11902948 1 26590786 26612492 color=lorange
scaffold_1 13259641 13272014 1 26273798 26278840 color=lorange
scaffold_1 13353508 13401105 1 47076371 47087164 color=lorange
scaffold_1 13410922 13425179 1 47089712 47094084 color=lorange
scaffold_1 13470751 13480996 1 48688722 48692517 color=lorange
scaffold_1 13470751 13480996 1 48688779 48692517 color=lorange
scaffold_1 14900023 14973468 1 25486929 25506986 color=lorange
scaffold_1 15515685 15582877 1 46612902 46619541 color=lorange
scaffold_1 15515685 15582877 1 46602381 46602725 color=lorange
scaffold_1 15869796 16076760 1 46499171 46507530 color=lorange
scaffold_1 16098886 16162572 1 46413204 46428155 color=lorange
scaffold_1 16168045 16183845 1 46401563 46405888 color=lorange
scaffold_1 16185079 16200079 1 46396211 46400395 color=lorange
scaffold_1 16667270 16680332 1 46286273 46291756 color=lorange
scaffold_1 16715089 16736951 1 46274415 46280510 color=lorange
scaffold_1 16768887 16772558 1 46260775 46263386 color=lorange
scaffold_1 16824327 16845445 1 46216497 46220016 color=lorange
scaffold_1 17361735 17367772 1 46081323 46085550 color=lorange
scaffold_1 17738837 17739532 1 46002303 46002998 color=lorange
scaffold_1 17823214 17841548 1 45963041 45969715 color=lorange
scaffold_1 18039378 18068751 1 45902758 45904678 color=lorange
scaffold_1 18063513 18063931 1 45905646 45906044 color=lorange
scaffold_1 18107408 18145782 1 45884932 45893338 color=lorange
scaffold_1 18154390 18154923 1 45881242 45881775 color=lorange
scaffold_1 18196852 18376905 1 45845462 45859337 color=lorange
scaffold_1 18631284 18719118 1 45721687 45741231 color=lorange
scaffold_1 18996638 19160554 1 45595834 45616906 color=lorange
scaffold_1 19168110 19230240 1 45584725 45591269 color=lorange
scaffold_1 19271712 19304552 1 45554369 45564710 color=lorange
scaffold_1 19328276 19348189 1 45542656 45547720 color=lorange
scaffold_1 19360445 19360750 1 45539532 45539837 color=lorange
scaffold_1 19374749 19377033 1 45536607 45537646 color=lorange
scaffold_1 19391869 19392606 1 45531305 45532036 color=lorange
scaffold_1 19627877 20167644 1 45481575 45488127 color=lorange
scaffold_1 20675316 20716965 1 45192092 45192397 color=lorange
scaffold_1 20675316 20716965 1 45189369 45190395 color=lorange
scaffold_1 20768753 20769511 1 45175083 45175841 color=lorange
scaffold_1 21582247 21582906 1 44764563 44765222 color=lorange
scaffold_1 21796431 21885948 1 44707851 44714827 color=lorange
scaffold_1 21796431 21885948 1 44689715 44693164 color=lorange
scaffold_1 22134358 22161095 1 44599566 44609654 color=lorange
scaffold_1 22265847 22273656 1 44565350 44567188 color=lorange
scaffold_1 22301271 22317734 1 44548837 44557577 color=lorange
scaffold_1 22349802 22361192 1 44536858 44541641 color=lorange
scaffold_1 22641633 22649677 1 44479421 44490293 color=lorange
scaffold_1 22903608 22934344 1 44422972 44429751 color=lorange
scaffold_1 23309882 23337079 1 44354941 44358786 color=lorange
scaffold_1 23309882 23337079 3 4419854 4423993 color=lorange
scaffold_1 23398727 23421542 1 44339169 44343943 color=lorange
scaffold_1 23422963 23429889 1 44336597 44337640 color=lorange
scaffold_1 23432414 23441868 1 44332355 44335345 color=lorange
scaffold_1 23443224 23461367 1 44326081 44331372 color=lorange
scaffold_1 23466829 23482379 1 44319346 44324497 color=lorange
scaffold_1 23515462 23550659 1 44299940 44308751 color=lorange
scaffold_1 23553030 23567725 1 44292456 44298961 color=lorange
scaffold_1 26054463 26295920 1 42547085 42580067 color=lorange
scaffold_1 26408866 26427981 1 42476088 42482764 color=lorange
scaffold_1 26446252 26486665 1 43616264 43626817 color=lorange
scaffold_1 26582491 26641353 1 43667510 43670635 color=lorange
scaffold_1 26784467 26815706 1 43714526 43727718 color=lorange
scaffold_1 26865026 26865244 1 43742550 43746553 color=lorange
scaffold_1 28094650 28170909 1 44124339 44131163 color=lorange
scaffold_1 28094650 28170909 1 44146537 44147490 color=lorange
scaffold_1 28183911 28193069 1 44150711 44153668 color=lorange
scaffold_1 28195034 28218069 1 44156757 44165363 color=lorange
scaffold_1 28283754 28337627 1 41954846 41965140 color=lorange
scaffold_1 28359219 28360065 1 41949916 41951601 color=lorange
scaffold_1 28364167 28380312 1 41935786 41939908 color=lorange
scaffold_1 28385435 28386353 1 41930143 41930727 color=lorange
scaffold_1 28674682 28792840 1 41829951 41853204 color=lorange
scaffold_1 28674682 28792840 1 41815733 41821139 color=lorange
scaffold_1 28974693 29039455 1 41759859 41760435 color=lorange
scaffold_1 29098615 29264459 1 41681503 41696703 color=lorange
scaffold_1 29668834 29679801 1 41570199 41573773 color=lorange
scaffold_1 29780794 29816174 1 41510953 41539552 color=lorange
scaffold_1 30440620 30443782 1 41388153 41390457 color=lorange
scaffold_1 30501272 30621318 1 41322881 41328659 color=lorange
scaffold_1 30880611 30920579 1 41221513 41239103 color=lorange
scaffold_1 30930138 30963374 1 41207806 41218524 color=lorange
scaffold_1 31227301 31684397 1 40961331 40972302 color=lorange
scaffold_1 31227301 31684397 1 41128166 41128414 color=lorange
scaffold_1 31691808 31718506 1 40948844 40956728 color=lorange
scaffold_1 32266378 32328373 1 40742896 40751526 color=lorange
scaffold_1 32695326 32710181 1 40657845 40659498 color=lorange
scaffold_1 32712847 32715507 1 43610851 43612762 color=lorange
scaffold_1 32722834 32784372 1 43601381 43610320 color=lorange
scaffold_1 32788950 32840580 1 43594014 43599996 color=lorange
scaffold_1 32910622 32938248 1 43561506 43573245 color=lorange
scaffold_1 32951892 33000805 1 43555210 43558023 color=lorange
scaffold_1 32951892 33000805 1 43541552 43542889 color=lorange
scaffold_1 33006674 33029162 1 43535649 43540780 color=lorange
scaffold_1 33370502 33466743 1 43427552 43447661 color=lorange
scaffold_1 33575553 33642417 1 43392913 43398645 color=lorange
scaffold_1 33641687 33668989 1 43386915 43389969 color=lorange
scaffold_1 33710311 33733354 1 43363424 43367442 color=lorange
scaffold_1 33749965 33867725 1 43186004 43208964 color=lorange
scaffold_1 33888867 33890051 1 43214710 43215980 color=lorange
scaffold_1 33902615 33959837 1 43219275 43228626 color=lorange
scaffold_1 34890424 34921572 1 42441694 42451922 color=lorange
scaffold_1 34994375 35016418 1 40501472 40512720 color=lorange
scaffold_1 35571883 35581074 1 40490966 40500072 color=lorange
scaffold_1 35582068 35583498 1 40488328 40489758 color=lorange
scaffold_1 35587090 35606458 1 40467739 40478918 color=lorange
scaffold_1 35698272 35702103 1 40430816 40435664 color=lorange
scaffold_1 35761848 35947465 1 40409653 40413325 color=lorange
scaffold_1 35761848 35947465 1 40384975 40386866 color=lorange
scaffold_1 36082999 36143007 1 40261698 40279248 color=lorange
scaffold_1 36082999 36143007 1 40280272 40286106 color=lorange
scaffold_1 36160233 36240108 1 40245282 40258082 color=lorange
scaffold_1 36375251 36402525 1 40184248 40193445 color=lorange
scaffold_1 36404237 36412459 1 40179629 40181943 color=lorange
scaffold_1 36476096 36491170 1 40134220 40140398 color=lorange
scaffold_1 36532644 36564788 1 40115848 40118945 color=lorange
scaffold_1 36566144 36630394 1 40104722 40111782 color=lorange
scaffold_1 36682950 36695352 1 40053237 40063848 color=lorange
scaffold_1 36905284 36908491 1 9587757 9590694 color=lorange
scaffold_1 36943945 36952533 1 9598591 9601992 color=lorange
scaffold_1 36957200 36984113 1 9605001 9608461 color=lorange
scaffold_1 37103869 37556575 1 9640219 9651368 color=lorange
scaffold_1 37604010 37707551 1 9819262 9844583 color=lorange
scaffold_1 37728269 37824853 1 9854974 9871291 color=lorange
scaffold_1 37959141 38056394 1 32414235 32429993 color=lorange
scaffold_1 38175244 38186267 1 32449086 32460264 color=lorange
scaffold_1 38428372 38432868 1 32545580 32550752 color=lorange
scaffold_1 38685050 38707242 1 32624659 32627159 color=lorange
scaffold_1 38858005 38861279 1 32671109 32672166 color=lorange
scaffold_1 38867054 39068076 1 29464650 29486188 color=lorange
scaffold_1 38867054 39068076 1 29511836 29519572 color=lorange
scaffold_1 39130469 39154802 1 29523912 29529522 color=lorange
scaffold_1 39184774 39238677 1 29542262 29549762 color=lorange
scaffold_1 39248129 39281466 1 29553998 29558311 color=lorange
scaffold_1 39289649 39290161 1 29560713 29561225 color=lorange
scaffold_1 39391784 39478135 1 29580083 29603820 color=lorange
scaffold_1 39543273 39566837 1 29617187 29623906 color=lorange
scaffold_1 40673725 40736887 1 39903670 39917876 color=lorange
scaffold_1 40750378 40826568 1 39871289 39887793 color=lorange
scaffold_1 40866437 40870078 1 39844671 39849482 color=lorange
scaffold_1 40866437 40870078 1 39847658 39849482 color=lorange
scaffold_1 40891896 40892947 1 9586372 9587413 color=lorange
scaffold_1 41122662 41440993 1 30316139 30317724 color=lorange
scaffold_1 42850899 42918821 1 30824447 30836602 color=lorange
scaffold_1 42929663 42939295 1 30837544 30839183 color=lorange
scaffold_1 43381166 43383111 1 31008483 31010156 color=lorange
scaffold_1 43684467 43780975 1 31090785 31109092 color=lorange
scaffold_1 44298874 44321311 1 47595714 47601200 color=lorange
scaffold_1 44322334 44335454 1 47585871 47593353 color=lorange
scaffold_1 44366541 44409433 1 47556750 47564833 color=lorange
scaffold_1 44410489 44449299 1 47545548 47548328 color=lorange
scaffold_1 44528646 44598219 1 47517740 47528858 color=lorange
scaffold_1 44617353 44618392 1 47512892 47514058 color=lorange
scaffold_1 44870428 44944698 1 39786432 39800922 color=lorange
scaffold_1 44965383 45020507 1 39805474 39818778 color=lorange
scaffold_1 45085260 45116232 1 39978130 39984066 color=lorange
scaffold_1 45704511 45740899 1 30068534 30077192 color=lorange
scaffold_1 46041416 46203464 1 30236703 30239009 color=lorange
scaffold_1 46213299 46233278 1 30239981 30244937 color=lorange
scaffold_1 46259257 46316211 1 26195495 26204060 color=lorange
scaffold_1 46259257 46316211 1 26197620 26204060 color=lorange
scaffold_1 46855638 46886336 1 26250979 26256948 color=lorange
scaffold_1 47034325 47045024 1 30259125 30262103 color=lorange
scaffold_1 47880858 47909692 1 10585717 10587403 color=lorange
scaffold_1 47921414 47986156 1 25354727 25361719 color=lorange
scaffold_1 48229377 48265045 1 20523972 20525745 color=lorange
scaffold_1 48933770 48964663 1 18773083 18788343 color=lorange
scaffold_1 48933770 48964663 1 18773194 18788343 color=lorange
scaffold_1 49025564 49392902 1 18808917 18853336 color=lorange
scaffold_1 49639389 49672883 1 18878567 18907225 color=lorange
scaffold_1 49728562 49803157 1 18878567 18907225 color=lorange
scaffold_1 49826393 49919274 1 18927386 18934955 color=lorange
scaffold_1 51765653 51767011 1 19321903 19323258 color=lorange
scaffold_1 51888723 52230009 1 19378565 19382664 color=lorange
scaffold_1 51888723 52230009 1 19356096 19358553 color=lorange
scaffold_1 52397844 52420877 1 19554932 19562541 color=lorange
scaffold_1 52449064 52464437 1 19563317 19566296 color=lorange
scaffold_1 53738246 53762915 1 19940955 19945367 color=lorange
scaffold_1 54073366 54219337 1 20000022 20004432 color=lorange
scaffold_1 54990421 55422295 1 18656868 18680969 color=lorange
scaffold_1 57350176 57355383 1 18106658 18134222 color=lorange
scaffold_1 57623391 57647642 1 8216268 8223129 color=lorange
scaffold_1 58068891 58147293 1 8379525 8401497 color=lorange
scaffold_1 58157625 58182200 1 8403396 8414193 color=lorange
scaffold_1 58191046 58289580 1 34987849 35003593 color=lorange
scaffold_1 58344812 58381592 1 34949600 34970016 color=lorange
scaffold_1 58998658 59010071 1 34753571 34756608 color=lorange
scaffold_1 59426986 59473403 1 34577221 34605157 color=lorange
scaffold_1 59478402 59482258 1 34569662 34574451 color=lorange
scaffold_1 59478402 59482258 1 34569662 34570205 color=lorange
scaffold_1 59642576 59665710 1 34488653 34490082 color=lorange
scaffold_1 59642576 59665710 1 34500406 34501894 color=lorange
scaffold_1 60829279 60833382 1 33927847 33928985 color=lorange
scaffold_1 60865062 60885801 1 17770356 17782018 color=lorange
scaffold_1 60920081 60971787 1 17746740 17760862 color=lorange
scaffold_1 60972918 60983856 1 17787706 17789528 color=lorange
scaffold_1 60983518 60983856 1 17787706 17789528 color=lorange
scaffold_1 61062725 61096597 1 10591004 10602440 color=lorange
scaffold_1 61101754 61119112 1 20030930 20043010 color=lorange
scaffold_1 61120626 61147647 1 20050385 20056662 color=lorange
scaffold_1 61159456 61214858 1 5456704 5458887 color=lorange
scaffold_1 61159456 61214858 1 5435467 5445745 color=lorange
scaffold_1 61411924 61427161 1 35271726 35279308 color=lorange
scaffold_1 61437318 61475819 1 35291874 35309447 color=lorange
scaffold_1 61641066 61803950 1 35478766 35489397 color=lorange
scaffold_1 61816150 61820662 1 35497761 35499517 color=lorange
scaffold_1 61894108 61895416 1 35536472 35537942 color=lorange
scaffold_1 61904348 61980370 1 35542564 35579196 color=lorange
scaffold_1 62160846 62172517 1 35643119 35651126 color=lorange
scaffold_1 62174730 62205751 1 35655563 35667306 color=lorange
scaffold_1 62224540 62233757 1 35674349 35678717 color=lorange
scaffold_1 62522075 62613039 1 35902594 35907977 color=lorange
scaffold_1 62614521 62623421 1 35891564 35898023 color=lorange
scaffold_1 62614521 62623421 1 35893559 35898023 color=lorange
scaffold_1 62624402 62639819 1 35885068 35890717 color=lorange
scaffold_1 62642486 62667533 1 35862966 35873866 color=lorange
scaffold_1 62642486 62667533 1 35877400 35882366 color=lorange
scaffold_1 62711330 62800830 1 35818192 35834646 color=lorange
scaffold_1 62927281 62932814 1 35925751 35929972 color=lorange
scaffold_1 62984001 62996148 1 35960609 35968208 color=lorange
scaffold_1 63008459 63011265 1 35980489 35983390 color=lorange
scaffold_1 63013311 63013837 1 35985338 35985864 color=lorange
scaffold_1 66686140 66686501 1 37219860 37220217 color=lorange
scaffold_1 66734340 66736507 1 37234778 37235670 color=lorange
scaffold_1 66834790 66852069 1 37263275 37271854 color=lorange
scaffold_1 67101366 67357251 1 37359115 37369208 color=lorange
scaffold_1 67382948 67387030 1 37490783 37497318 color=lorange
scaffold_1 67387632 67391644 1 37499916 37504350 color=lorange
scaffold_1 67400226 67402500 1 37507372 37511589 color=lorange
scaffold_1 67450426 67454978 1 37528998 37536601 color=lorange
scaffold_1 67602585 67613702 1 35212939 35219165 color=lorange
scaffold_1 67684403 67712425 1 35151404 35170721 color=lorange
scaffold_1 67736094 67837496 1 35123629 35141340 color=lorange
scaffold_1 68014142 68022925 1 35006531 35010384 color=lorange
scaffold_1 68057986 68072561 1 5362856 5370591 color=lorange
scaffold_1 68534091 68543999 1 5167079 5168981 color=lorange
scaffold_1 68587286 68591339 1 5140827 5142517 color=lorange
scaffold_1 68696864 68774035 1 7736761 7736997 color=lorange
scaffold_1 68834416 68863158 1 4821898 4833124 color=lorange
scaffold_1 69238428 69239558 1 4963085 4964215 color=lorange
scaffold_1 69238428 69239558 8 2126037 2128539 color=lorange
scaffold_1 69238428 69239558 4 36786240 36788322 color=lorange
scaffold_1 69585832 69644042 1 5102235 5109636 color=lorange
scaffold_1 70121043 70185780 1 7598869 7611178 color=lorange
scaffold_1 70244353 70255319 1 7559891 7568162 color=lorange
scaffold_1 70271732 70581030 1 7512192 7543171 color=lorange
scaffold_1 70271732 70581030 1 7484534 7485932 color=lorange
scaffold_1 70271732 70581030 1 7495867 7500758 color=lorange
scaffold_1 70283471 70290498 1 7546455 7547129 color=lorange
scaffold_1 70589382 70825314 1 7314937 7338914 color=lorange
scaffold_1 70845367 70854914 1 7306672 7310699 color=lorange
scaffold_1 70879546 70913065 1 7292174 7299336 color=lorange
scaffold_1 71101321 71177863 1 7166131 7206798 color=lorange
scaffold_1 71186760 71218366 1 7166131 7206798 color=lorange
scaffold_1 71226804 71240831 1 7158893 7160892 color=lorange
scaffold_1 71226804 71240831 1 7154742 7155223 color=lorange
scaffold_1 71258144 71277672 1 7141167 7152659 color=lorange
scaffold_1 71330026 71385948 1 7096013 7116108 color=lorange
scaffold_1 71390355 71418499 1 7085813 7092892 color=lorange
scaffold_1 71489840 71546139 1 7047303 7062451 color=lorange
scaffold_1 71489840 71546139 1 7032508 7038130 color=lorange
scaffold_1 71684054 71970447 1 6878066 6901777 color=lorange
scaffold_1 71684054 71970447 1 6936006 6940096 color=lorange
scaffold_1 71974406 72195687 1 6871882 6875589 color=lorange
scaffold_1 72439323 72509541 1 6717663 6732913 color=lorange
scaffold_1 72439323 72509541 1 6717663 6731209 color=lorange
scaffold_1 72527721 72556904 1 6708175 6712972 color=lorange
scaffold_1 72581912 72583599 1 6698628 6702629 color=lorange
scaffold_1 72590450 72591077 1 6695533 6696416 color=lorange
scaffold_1 72796501 72798535 1 5953032 5954961 color=lorange
scaffold_1 72823651 72891438 1 5960370 5971241 color=lorange
scaffold_1 72893338 72898481 1 5972153 5973422 color=lorange
scaffold_1 72899615 72910498 1 5973981 5976107 color=lorange
scaffold_1 72913315 72928188 1 7141167 7152659 color=lorange
scaffold_1 72976472 73036334 1 7096013 7116108 color=lorange
scaffold_1 73039862 73062777 1 7085813 7092892 color=lorange
scaffold_1 73128806 73184996 1 7047303 7062451 color=lorange
scaffold_1 73128806 73184996 1 7032508 7038130 color=lorange
scaffold_1 73347604 73592647 1 6878066 6901777 color=lorange
scaffold_1 73347604 73592647 1 6936006 6940096 color=lorange
scaffold_1 73596593 73801557 1 6871882 6875589 color=lorange
scaffold_1 74045743 74132250 1 6717663 6732913 color=lorange
scaffold_1 74045743 74132250 1 6717663 6731209 color=lorange
scaffold_1 74153410 74178388 1 6708175 6712972 color=lorange
scaffold_1 74194707 74196400 1 6698628 6702629 color=lorange
scaffold_1 74201057 74201684 1 6695533 6696416 color=lorange
scaffold_1 74345793 74347763 1 5953032 5954961 color=lorange
scaffold_1 74365257 74430653 1 5960370 5971241 color=lorange
scaffold_1 74365257 74430653 1 5960370 5971241 color=lorange
scaffold_1 74436747 74441899 1 5972153 5973422 color=lorange
scaffold_1 74443035 74453495 1 5973981 5976107 color=lorange
scaffold_1 74457951 74458516 1 5977135 5977772 color=lorange
scaffold_1 74478305 74555411 1 5983657 5988245 color=lorange
scaffold_1 74810133 74944647 1 6073650 6087640 color=lorange
scaffold_1 75089962 75169631 1 6098660 6107609 color=lorange
scaffold_1 75180365 75226598 1 6111365 6130026 color=lorange
scaffold_1 75296019 75458000 1 6111365 6130026 color=lorange
scaffold_1 75466172 75481831 1 6132195 6136318 color=lorange
scaffold_1 75566245 75715838 1 5876976 5899463 color=lorange
scaffold_1 76079587 76079835 X 8063703 8065004 color=lorange
scaffold_1 76079587 76079835 8 26362583 26364460 color=lorange
scaffold_1 76079587 76079835 7 2686614 2687687 color=lorange
scaffold_1 76994952 76996729 1 6648062 6649308 color=lorange
scaffold_1 77000983 77014868 1 6639595 6644308 color=lorange
scaffold_1 77031252 77093241 1 6219943 6222270 color=lorange
scaffold_1 77387453 77442209 1 6384537 6405461 color=lorange
scaffold_1 77478794 77577982 1 6412510 6425973 color=lorange
scaffold_1 77626590 77652097 1 6451311 6460430 color=lorange
scaffold_1 77677049 77703563 1 6476065 6479974 color=lorange
scaffold_1 77711234 77739915 1 6487646 6495462 color=lorange
scaffold_1 78107183 78119712 1 6142783 6145889 color=lorange
scaffold_1 78128777 78135609 1 6160193 6164049 color=lorange
scaffold_1 78656125 78663806 1 20081282 20083731 color=lorange
scaffold_1 79078931 79120233 1 11526250 11537691 color=lorange
scaffold_1 79148742 79196847 1 11514903 11521552 color=lorange
scaffold_1 79226357 79246228 1 11504582 11508941 color=lorange
scaffold_1 79253417 79312210 1 11483931 11486056 color=lorange
scaffold_1 80212586 80292071 1 11283299 11286503 color=lorange
scaffold_1 80434048 80743384 1 11199133 11214984 color=lorange
scaffold_1 80434048 80743384 1 11182246 11192132 color=lorange
scaffold_1 81047792 81124281 1 11085642 11095864 color=lorange
scaffold_1 81413516 81452797 1 10994597 11003624 color=lorange
scaffold_1 81502860 81566079 1 10978422 10986290 color=lorange
scaffold_1 81603956 81735537 1 10949995 10968870 color=lorange
scaffold_1 82781365 82876236 1 10706709 10726775 color=lorange
scaffold_1 82933059 82982198 1 10686970 10698111 color=lorange
scaffold_1 82933059 82982198 8 13728810 13733757 color=lorange
scaffold_1 82933059 82982198 8 13738918 13744197 color=lorange
scaffold_1 83249498 83290416 1 10636376 10645176 color=lorange
scaffold_1 84064183 84137459 1 17957029 17960196 color=lorange
scaffold_1 84149495 84153425 7 31602842 31626111 color=lorange
scaffold_1 84191189 84237179 1 17972039 17983988 color=lorange
scaffold_1 84299535 84386591 1 17991204 18020742 color=lorange
scaffold_1 84299535 84386591 1 17991204 18001617 color=lorange
scaffold_1 84634538 84776856 1 18068867 18079431 color=lorange
scaffold_1 85340843 85355529 1 9117602 9124262 color=lorange
scaffold_1 85825818 85827997 1 9318979 9321107 color=lorange
scaffold_1 86447312 86457536 1 9916617 9924892 color=lorange
scaffold_1 86458496 86461267 1 9927888 9929365 color=lorange
scaffold_1 86544312 86554429 1 9949153 9954426 color=lorange
scaffold_1 86658541 86938846 1 10067611 10092362 color=lorange
scaffold_1 86658541 86938846 1 10006757 10017599 color=lorange
scaffold_1 86958457 86979812 1 10110674 10123326 color=lorange
scaffold_1 86991418 87074301 1 10131416 10136238 color=lorange
scaffold_1 87187621 87190281 1 10219137 10221046 color=lorange
scaffold_1 87223489 87224211 1 10232666 10233388 color=lorange
scaffold_1 87438936 87525534 1 10351742 10361026 color=lorange
scaffold_1 87532859 87576024 1 10365029 10381831 color=lorange
scaffold_1 87880098 87897639 1 33867253 33870281 color=lorange
scaffold_1 88130128 88405840 1 33706120 33717946 color=lorange
scaffold_1 88130128 88405840 1 33718764 33721808 color=lorange
scaffold_1 88130128 88405840 1 33625591 33625812 color=lorange
scaffold_1 90075462 90275274 1 32799050 32809300 color=lorange
scaffold_1 90075462 90275274 1 32799050 32809258 color=lorange
scaffold_1 90297134 90304268 1 32787720 32792975 color=lorange
scaffold_1 90310735 90356168 1 39146786 39166233 color=lorange
scaffold_1 90385915 90393103 1 39130686 39133518 color=lorange
scaffold_1 90402519 90403867 1 39127135 39128348 color=lorange
scaffold_1 90431789 90450122 1 39105324 39111842 color=lorange
scaffold_1 90464782 90484485 1 39069437 39078818 color=lorange
scaffold_1 90534533 90537452 1 39046456 39051872 color=lorange
scaffold_1 90549010 90568265 1 39027932 39038798 color=lorange
scaffold_1 90569573 90599441 1 39022818 39026694 color=lorange
scaffold_1 90657304 90672661 1 38977720 38985708 color=lorange
scaffold_1 90679198 90740735 1 38948836 38972382 color=lorange
scaffold_1 90780408 90780873 1 38922067 38922528 color=lorange
scaffold_1 90780408 90780873 1 38922067 38922516 color=lorange
scaffold_1 90781478 90795705 1 38907595 38921639 color=lorange
scaffold_1 90781478 90795705 1 38907595 38921639 color=lorange
scaffold_1 90782956 90784341 1 38907595 38921639 color=lorange
scaffold_1 90797600 90818056 1 38899422 38906398 color=lorange
scaffold_1 90843146 90851553 1 38882225 38885914 color=lorange
scaffold_1 90855852 90857180 1 38875155 38876270 color=lorange
scaffold_1 90858657 90951055 1 38871013 38871942 color=lorange
scaffold_1 90954820 90961889 1 38818875 38825387 color=lorange
scaffold_1 91045022 91058938 1 38788629 38794398 color=lorange
scaffold_1 91089172 91093521 1 38771286 38772127 color=lorange
scaffold_1 91127195 91135068 1 38743100 38744614 color=lorange
scaffold_1 92363341 92391123 1 38274179 38280983 color=lorange
scaffold_1 92554770 92572152 1 38184197 38195328 color=lorange
scaffold_1 92622562 92623408 1 38163952 38165658 color=lorange
scaffold_1 92624408 92652870 1 38146308 38161453 color=lorange
scaffold_1 92797731 92815458 1 38077583 38095522 color=lorange
scaffold_1 92823134 92841878 1 38061791 38072451 color=lorange
scaffold_1 92892284 93085363 1 37926943 37928009 color=lorange
scaffold_1 93142792 93283185 1 37849255 37856963 color=lorange
scaffold_1 93290634 93324157 1 37823790 37839941 color=lorange
scaffold_1 93387409 93387714 8 4897233 4903071 color=lorange
scaffold_1 93585134 93733364 1 37695877 37700313 color=lorange
scaffold_1 94003177 94004820 8 27978319 27982689 color=lorange
scaffold_1 94016683 94055813 1 1335704 1341274 color=lorange
scaffold_1 94016683 94055813 1 1325049 1325282 color=lorange
scaffold_1 94069117 94107239 1 1305498 1320956 color=lorange
scaffold_1 94124874 94125653 1 1293161 1293940 color=lorange
scaffold_1 94173827 94204827 1 969324 972908 color=lorange
scaffold_1 94173827 94204827 1 964364 965759 color=lorange
scaffold_1 94205767 94221548 1 958555 963438 color=lorange
scaffold_1 94290289 94748857 1 785405 793924 color=lorange
scaffold_1 94290289 94748857 1 925505 930101 color=lorange
scaffold_1 94764487 94772105 1 771478 775158 color=lorange
scaffold_1 94872618 95093959 1 658898 667262 color=lorange
scaffold_1 95247844 95284067 1 638727 650775 color=lorange
scaffold_1 95393741 95405156 1 580528 588347 color=lorange
scaffold_1 95423461 95932463 1 420238 434520 color=lorange
scaffold_1 95423461 95932463 1 565344 566258 color=lorange
scaffold_1 95938641 96232995 1 2285627 2296594 color=lorange
scaffold_1 95938641 96232995 1 2412626 2413284 color=lorange
scaffold_1 96566354 96568976 1 2521754 2523211 color=lorange
scaffold_1 96574691 96574894 1 2526272 2526475 color=lorange
scaffold_1 96580640 96617070 1 2530689 2532714 color=lorange
scaffold_1 96632077 96636609 1 2549764 2551806 color=lorange
scaffold_1 96640302 96642269 1 2553680 2555647 color=lorange
scaffold_1 96640302 96642269 1 2553680 2555647 color=lorange
scaffold_1 96640302 96642269 7 30390168 30392099 color=lorange
scaffold_1 97356259 97370609 1 2783751 2788624 color=lorange
scaffold_1 97417048 97514329 1 2822332 2825576 color=lorange
scaffold_1 97524939 97525250 1 2844983 2845294 color=lorange
scaffold_1 97548107 97634333 1 2882545 2887018 color=lorange
scaffold_1 97821464 97830323 1 2940365 2944578 color=lorange
scaffold_1 97859180 97895255 1 2952501 2961064 color=lorange
scaffold_1 97962714 97970140 1 2981134 2982271 color=lorange
scaffold_1 97994988 98195079 1 3052834 3053781 color=lorange
scaffold_1 98225501 98226052 1 3077686 3078237 color=lorange
scaffold_1 98720721 99131244 1 3245076 3246320 color=lorange
scaffold_1 99408141 99416236 1 3495868 3496615 color=lorange
scaffold_1 99486342 99492749 1 3516289 3519972 color=lorange
scaffold_1 99792436 99792852 1 3608102 3608524 color=lorange
scaffold_1 99794599 99806309 1 3609204 3612163 color=lorange
scaffold_1 99830409 100053278 1 3718897 3738529 color=lorange
scaffold_1 99830409 100053278 1 3681107 3695211 color=lorange
scaffold_1 99830409 100053278 1 3703668 3718513 color=lorange
scaffold_1 100067026 100304191 1 3776110 3826426 color=lorange
scaffold_1 100067026 100304191 1 3765985 3775951 color=lorange
scaffold_1 100322676 100397902 1 3869036 3885183 color=lorange
scaffold_1 100322676 100397902 1 3859366 3861717 color=lorange
scaffold_1 100335035 100339385 1 3863015 3865834 color=lorange
scaffold_1 100514528 101523605 1 4315097 4341044 color=lorange
scaffold_1 101538043 102314305 1 4352947 4353905 color=lorange
scaffold_1 101691131 101694410 1 4408205 4411621 color=lorange
scaffold_1 102974726 102978553 1 4792363 4795472 color=lorange
scaffold_1 102983636 103004924 1 4796546 4806854 color=lorange
scaffold_1 103061882 103073512 1 7739234 7744289 color=lorange
scaffold_1 104195683 104443469 1 8119571 8121949 color=lorange
scaffold_1 104472985 104476693 1 8919056 8920991 color=lorange
scaffold_1 104499828 104642110 1 8873376 8880220 color=lorange
scaffold_1 104726528 105459098 1 8828054 8836922 color=lorange
scaffold_1 104726528 105459098 1 8780615 8791431 color=lorange
scaffold_1 104726528 105459098 1 8803907 8814859 color=lorange
scaffold_1 104726528 105459098 1 8821998 8825802 color=lorange
scaffold_1 105524692 105555061 1 8560841 8573249 color=lorange
scaffold_1 105611647 105678773 1 8513344 8537099 color=lorange
scaffold_1 105724780 105880104 1 8439514 8447627 color=lorange
scaffold_1 105955815 105957468 1 1348362 1349064 color=lorange
scaffold_1 106007963 106072937 1 1371125 1393477 color=lorange
scaffold_1 106245507 106315361 1 1433854 1460235 color=lorange
scaffold_1 106380058 106420448 1 1474459 1497350 color=lorange
scaffold_1 107182648 107381560 1 1637419 1641785 color=lorange
scaffold_1 107411481 107436977 1 1704991 1708941 color=lorange
scaffold_1 107932208 107995809 1 1821968 1830983 color=lorange
scaffold_1 108034304 108059292 1 1846278 1850480 color=lorange
scaffold_1 108409642 108442875 1 1958285 1965508 color=lorange
scaffold_1 108467752 108527308 1 1976464 1990060 color=lorange
scaffold_1 108535693 108587477 1 2016846 2024661 color=lorange
scaffold_1 108535693 108587477 1 2010210 2012504 color=lorange
scaffold_1 108591572 108617636 1 1996040 2006289 color=lorange
scaffold_1 108720622 108732506 1 2054634 2057346 color=lorange
scaffold_1 108741781 108757739 1 2062957 2070333 color=lorange
scaffold_1 108798352 108811422 1 2090899 2092314 color=lorange
scaffold_1 108830084 108842445 1 2102025 2108637 color=lorange
scaffold_1 108903018 108910070 1 2118452 2122457 color=lorange
scaffold_1 108911598 108913975 1 2123922 2125448 color=lorange
scaffold_1 108911598 108913975 1 2123922 2125424 color=lorange
scaffold_1 108932721 109310799 1 2132789 2190372 color=lorange
scaffold_1 109456854 109597546 1 17544981 17600613 color=lorange
scaffold_1 109920086 110009083 1 17403755 17411677 color=lorange
scaffold_1 110390940 110396526 1 17207196 17214094 color=lorange
scaffold_1 110390940 110396526 1 17212983 17214094 color=lorange
scaffold_1 110405315 110412145 1 17198100 17204549 color=lorange
scaffold_1 112368568 112383497 1 16340048 16345275 color=lorange
scaffold_1 112512384 112521646 1 16238713 16244681 color=lorange
scaffold_1 112702582 112979873 1 16007301 16012241 color=lorange
scaffold_1 112942546 112956678 1 16016975 16019044 color=lorange
scaffold_1 113046729 113077845 1 15969694 15986272 color=lorange
scaffold_1 113046729 113077845 1 15969694 15986272 color=lorange
scaffold_1 113403210 113407538 1 15826106 15835977 color=lorange
scaffold_1 113536203 113551386 1 15795558 15798369 color=lorange
scaffold_1 113536203 113551386 1 15787505 15789935 color=lorange
scaffold_1 113554419 113557739 1 15744131 15744409 color=lorange
scaffold_1 113569430 113607618 1 15751544 15765563 color=lorange
scaffold_1 113608440 113615084 1 15767756 15775008 color=lorange
scaffold_1 114309496 114314908 1 15473312 15477814 color=lorange
scaffold_1 114321208 114333442 1 15465611 15468173 color=lorange
scaffold_1 114421285 114434012 1 15425528 15428242 color=lorange
scaffold_1 114421285 114434012 1 15429864 15430810 color=lorange
scaffold_1 114559378 114577514 1 15348748 15355613 color=lorange
scaffold_1 114591092 114601049 1 15338688 15341474 color=lorange
scaffold_1 114626044 114626829 1 15329106 15329894 color=lorange
scaffold_1 114628984 114629376 1 15329106 15329894 color=lorange
scaffold_1 115116196 115117077 1 15149240 15150121 color=lorange
scaffold_1 115473155 115495160 1 14986921 14992820 color=lorange
scaffold_1 115528372 115615615 1 14953582 14961423 color=lorange
scaffold_1 115528372 115615615 1 14935576 14936671 color=lorange
scaffold_1 115695301 115701293 1 14890310 14892349 color=lorange
scaffold_1 115759844 115862781 1 14818959 14824316 color=lorange
scaffold_1 115984306 115986842 1 14723531 14728274 color=lorange
scaffold_1 115994672 116127711 1 14699530 14718936 color=lorange
scaffold_1 116909062 116932122 1 14275693 14275944 color=lorange
scaffold_1 117773172 117856232 1 13814975 13848423 color=lorange
scaffold_1 117940127 117968650 1 13763149 13770782 color=lorange
scaffold_1 117982595 118008429 1 13746200 13754280 color=lorange
scaffold_1 118012116 118054937 1 13730451 13744734 color=lorange
scaffold_1 118257810 118342886 1 13600177 13634854 color=lorange
scaffold_1 118257810 118342886 1 13637256 13638610 color=lorange
scaffold_1 118407378 118422552 1 13560710 13566723 color=lorange
scaffold_1 118538644 118641934 1 13467717 13490326 color=lorange
scaffold_1 118538644 118641934 1 13500872 13501609 color=lorange
scaffold_1 118783331 118795131 1 13391285 13397885 color=lorange
scaffold_1 119039882 119042793 1 13283934 13288296 color=lorange
scaffold_1 119067252 119092606 1 13235675 13248586 color=lorange
scaffold_1 119067252 119092606 1 13234701 13248586 color=lorange
scaffold_1 119100156 119123046 1 13168960 13181559 color=lorange
scaffold_1 119130792 119131151 1 13190530 13190893 color=lorange
scaffold_1 119144757 119147931 1 13159884 13162111 color=lorange
scaffold_1 119154083 119158688 1 13149886 13153758 color=lorange
scaffold_1 119160650 119185764 1 13137377 13149255 color=lorange
scaffold_1 119192016 119195830 1 13132824 13135212 color=lorange
scaffold_1 119203674 119215177 1 13120704 13127739 color=lorange
scaffold_1 119278354 119327165 1 13074236 13082140 color=lorange
scaffold_1 119378692 119388059 1 13025151 13029492 color=lorange
scaffold_1 119417960 119421054 1 13004273 13020463 color=lorange
scaffold_1 119524904 119564975 1 12943262 12965401 color=lorange
scaffold_1 119569409 119580375 1 12927970 12937189 color=lorange
scaffold_1 119807021 120090177 1 12718055 12735598 color=lorange
scaffold_1 119807021 120090177 1 12737615 12747948 color=lorange
scaffold_1 119807021 120090177 1 12776713 12809951 color=lorange
scaffold_1 119807021 120090177 1 12787775 12809951 color=lorange
scaffold_1 120291370 120291588 1 12632829 12633056 color=lorange
scaffold_1 120461549 120771405 1 12509726 12534976 color=lorange
scaffold_1 120461549 120771405 1 12557237 12565714 color=lorange
scaffold_1 120852664 120871702 1 12346782 12353807 color=lorange
scaffold_1 120882291 120882766 1 12341563 12342032 color=lorange
scaffold_1 120884145 120920449 1 12323113 12340064 color=lorange
scaffold_1 120924412 120957084 1 12308052 12318267 color=lorange
scaffold_1 120972871 121126936 1 12238705 12246770 color=lorange
scaffold_1 120972871 121126936 1 12223755 12227312 color=lorange
scaffold_1 120972871 121126936 1 12297562 12298017 color=lorange
scaffold_1 122295673 122326701 1 11694481 11707782 color=lorange
scaffold_1 122425750 122438443 1 11643868 11648050 color=lorange
scaffold_2 731357 731689 7 8890066 8890398 color=lorange
scaffold_2 736817 770108 7 8894687 8917898 color=lorange
scaffold_2 1738445 1746009 7 9357342 9361097 color=lorange
scaffold_2 2376521 2563961 7 9573799 9607771 color=lorange
scaffold_2 2571436 2685592 7 11242885 11260706 color=lorange
scaffold_2 2571436 2685592 7 11228105 11237620 color=lorange
scaffold_2 2788394 2810229 7 11298259 11306917 color=lorange
scaffold_2 3413669 3434344 7 10915118 10920142 color=lorange
scaffold_2 3413669 3434344 7 10913463 10914403 color=lorange
scaffold_2 3437115 3571182 7 10878571 10912804 color=lorange
scaffold_2 3437115 3571182 7 10864337 10877812 color=lorange
scaffold_2 3576771 4018137 7 10843309 10861461 color=lorange
scaffold_2 3576771 4018137 7 10809668 10818740 color=lorange
scaffold_2 4195677 4196489 7 10593569 10594398 color=lorange
scaffold_2 4227837 4264419 7 10553072 10569769 color=lorange
scaffold_2 4227837 4264419 7 10549689 10551279 color=lorange
scaffold_2 4267362 4283476 7 10546527 10549638 color=lorange
scaffold_2 4267362 4283476 7 10542288 10543188 color=lorange
scaffold_2 4785875 4791521 7 10342975 10356563 color=lorange
scaffold_2 4794460 4795002 7 10342975 10356563 color=lorange
scaffold_2 4805163 4827999 7 10330636 10336271 color=lorange
scaffold_2 4836916 4863849 7 10317138 10326900 color=lorange
scaffold_2 4869908 4895968 7 10309814 10315619 color=lorange
scaffold_2 4910393 4994338 7 10263722 10279129 color=lorange
scaffold_2 5041418 5073403 7 10232700 10241478 color=lorange
scaffold_2 5041418 5073403 7 10232700 10239085 color=lorange
scaffold_2 5041418 5073403 7 10241221 10241478 color=lorange
scaffold_2 5245615 5327485 7 10129460 10160542 color=lorange
scaffold_2 5333233 5333700 7 10118442 10125377 color=lorange
scaffold_2 5336584 5337051 7 10118442 10125377 color=lorange
scaffold_2 5461025 5481838 7 10070133 10079667 color=lorange
scaffold_2 5696006 5728238 7 10037813 10042530 color=lorange
scaffold_2 5742228 5788939 7 10052800 10061084 color=lorange
scaffold_2 5867554 5884131 7 9922733 9927782 color=lorange
scaffold_2 5884719 5912269 7 9912348 9920552 color=lorange
scaffold_2 5914897 5917187 7 9908453 9911825 color=lorange
scaffold_2 5925783 5926744 7 9899851 9901604 color=lorange
scaffold_2 6105342 6292456 7 11308651 11359962 color=lorange
scaffold_2 6345676 6356271 7 11384010 11386111 color=lorange
scaffold_2 6345676 6356271 7 11388243 11390792 color=lorange
scaffold_2 6345676 6356271 7 11388977 11390792 color=lorange
scaffold_2 6359408 6364571 7 11391831 11394508 color=lorange
scaffold_2 6902000 6924308 7 4312118 4322827 color=lorange
scaffold_2 7569164 7797147 7 4691048 4697710 color=lorange
scaffold_2 7569164 7797147 7 5736886 5738093 color=lorange
scaffold_2 8491796 8492503 7 5040841 5041548 color=lorange
scaffold_2 9046866 9050243 7 6042445 6043089 color=lorange
scaffold_2 9945574 10012443 7 5709569 5713618 color=lorange
scaffold_2 9945574 10012443 7 5736886 5738093 color=lorange
scaffold_2 9945574 10012443 7 6042445 6043089 color=lorange
scaffold_2 9945574 10012443 7 4781292 4782233 color=lorange
scaffold_2 10593506 10754979 7 5973713 5974429 color=lorange
scaffold_2 10593506 10754979 7 6042445 6043089 color=lorange
scaffold_2 10593506 10754979 7 5736886 5738093 color=lorange
scaffold_2 11074743 11142817 7 6150444 6151205 color=lorange
scaffold_2 11074743 11142817 7 6180568 6183859 color=lorange
scaffold_2 11682614 11852914 7 6459173 6466425 color=lorange
scaffold_2 11682614 11852914 7 6399237 6399659 color=lorange
scaffold_2 12026831 12027517 7 6550925 6551611 color=lorange
scaffold_2 12059317 12062978 7 6569389 6570472 color=lorange
scaffold_2 12172515 12175144 7 6619177 6621590 color=lorange
scaffold_2 12178037 12190838 7 6623798 6627507 color=lorange
scaffold_2 12213742 12225328 7 6640749 6648112 color=lorange
scaffold_2 12226670 12299541 7 6648978 6674443 color=lorange
scaffold_2 12304715 12326448 7 6676954 6689443 color=lorange
scaffold_2 12352103 12362054 7 8688746 8698868 color=lorange
scaffold_2 12379542 12386959 7 8655010 8679946 color=lorange
scaffold_2 12391398 12408183 7 8655010 8679946 color=lorange
scaffold_2 13300779 13301165 4 1952347 1952733 color=lorange
scaffold_2 13300779 13301165 1 1294944 1296065 color=lorange
scaffold_2 13300779 13301165 9 5519571 5521856 color=lorange
scaffold_2 13300779 13301165 9 5519571 5521856 color=lorange
scaffold_2 13300779 13301165 9 5519571 5521856 color=lorange
scaffold_2 13300779 13301165 9 5519571 5521856 color=lorange
scaffold_2 13300779 13301165 9 5519571 5521856 color=lorange
scaffold_2 13300779 13301165 9 5519571 5521856 color=lorange
scaffold_2 13300779 13301165 9 5519571 5521856 color=lorange
scaffold_2 13300779 13301165 9 5519571 5521856 color=lorange
scaffold_2 13300779 13301165 9 5519571 5521856 color=lorange
scaffold_2 13300779 13301165 9 5519571 5521856 color=lorange
scaffold_2 13564588 13605808 7 3978430 3990295 color=lorange
scaffold_2 13741850 13813697 7 4052071 4072433 color=lorange
scaffold_2 13847285 13855689 7 4087363 4096440 color=lorange
scaffold_2 13869462 13880968 7 11400497 11404497 color=lorange
scaffold_2 13883291 13895802 7 11407153 11414934 color=lorange
scaffold_2 14621389 14643706 7 11717227 11726831 color=lorange
scaffold_2 14704961 14733325 7 11752544 11757749 color=lorange
scaffold_2 14797568 14822411 7 11795934 11804337 color=lorange
scaffold_2 14836691 14874538 7 11816197 11818025 color=lorange
scaffold_2 15067246 15088993 7 11859742 11868337 color=lorange
scaffold_2 15108996 15111973 7 11879678 11881662 color=lorange
scaffold_2 15134350 15155023 7 11896725 11902250 color=lorange
scaffold_2 15289250 15401516 7 11993107 11994202 color=lorange
scaffold_2 15419957 15467836 7 12054039 12069822 color=lorange
scaffold_2 15486966 15751205 7 12089408 12091813 color=lorange
scaffold_2 15754545 15782669 7 12207445 12219205 color=lorange
scaffold_2 15783528 15790503 7 12220777 12223273 color=lorange
scaffold_2 15793492 15799105 7 12224427 12228023 color=lorange
scaffold_2 16392997 16506410 7 12499477 12502717 color=lorange
scaffold_2 16392997 16506410 7 12464614 12469855 color=lorange
scaffold_2 16627851 16651231 7 12572716 12578912 color=lorange
scaffold_2 16653586 16668467 7 12580583 12588572 color=lorange
scaffold_2 16670297 16672742 7 18661219 18662709 color=lorange
scaffold_2 16683011 16683968 7 18646194 18647186 color=lorange
scaffold_2 16687289 16720425 7 18637964 18644062 color=lorange
scaffold_2 16687289 16720425 7 18632013 18633629 color=lorange
scaffold_2 16966912 16995760 7 18473629 18490527 color=lorange
scaffold_2 16995587 16995978 7 18473629 18490527 color=lorange
scaffold_2 17011946 17081244 7 18461683 18471772 color=lorange
scaffold_2 17121766 17122825 7 18421944 18424515 color=lorange
scaffold_2 17124246 17124872 7 18420441 18421067 color=lorange
scaffold_2 17125192 17126463 7 18417200 18419883 color=lorange
scaffold_2 17134986 17175160 7 18400303 18401690 color=lorange
scaffold_2 17187371 17194581 7 17071707 17075979 color=lorange
scaffold_2 17203624 17459951 7 17174002 17189348 color=lorange
scaffold_2 17203624 17459951 7 17190513 17192152 color=lorange
scaffold_2 17477277 17640185 7 17203575 17232015 color=lorange
scaffold_2 18862975 18900646 7 17701308 17714655 color=lorange
scaffold_2 19060560 19062753 7 17772753 17774193 color=lorange
scaffold_2 19077544 19111673 7 17781009 17790433 color=lorange
scaffold_2 19285437 19395247 7 17895605 17906969 color=lorange
scaffold_2 19285437 19395247 7 17916842 17931684 color=lorange
scaffold_2 19647743 19660041 7 18034617 18040916 color=lorange
scaffold_2 19865527 19954615 7 18102594 18120930 color=lorange
scaffold_2 20071329 20215630 7 18187105 18189879 color=lorange
scaffold_2 20303407 20399472 7 18257677 18271832 color=lorange
scaffold_2 20633059 20639590 7 17066798 17070510 color=lorange
scaffold_2 20648721 20683558 7 17044050 17059709 color=lorange
scaffold_2 20738799 20784123 7 8827464 8839822 color=lorange
scaffold_2 20833174 20836400 7 8804335 8804982 color=lorange
scaffold_2 20856128 20918436 7 8785115 8792171 color=lorange
scaffold_2 20881943 20910300 7 8768603 8782413 color=lorange
scaffold_2 20924171 20925556 7 8761424 8763729 color=lorange
scaffold_2 20936045 20974863 7 8745677 8755099 color=lorange
scaffold_2 21051532 21052458 7 8709121 8709620 color=lorange
scaffold_2 21056532 21056900 7 6693819 6694190 color=lorange
scaffold_2 21060240 21067174 7 6699855 6703887 color=lorange
scaffold_2 21070338 21071144 7 6706084 6706890 color=lorange
scaffold_2 22423268 22442030 7 7164720 7168860 color=lorange
scaffold_2 22482017 22491177 7 7194505 7199010 color=lorange
scaffold_2 22551686 22582418 7 7224097 7226065 color=lorange
scaffold_2 22592966 22593127 4 1952347 1952733 color=lorange
scaffold_2 22592966 22593127 1 1294944 1296065 color=lorange
scaffold_2 22592966 22593127 9 5519571 5521856 color=lorange
scaffold_2 22592966 22593127 9 5519571 5521856 color=lorange
scaffold_2 22592966 22593127 9 5519571 5521856 color=lorange
scaffold_2 22592966 22593127 9 5519571 5521856 color=lorange
scaffold_2 22592966 22593127 9 5519571 5521856 color=lorange
scaffold_2 22592966 22593127 9 5519571 5521856 color=lorange
scaffold_2 22592966 22593127 9 5519571 5521856 color=lorange
scaffold_2 22592966 22593127 9 5519571 5521856 color=lorange
scaffold_2 22592966 22593127 9 5519571 5521856 color=lorange
scaffold_2 22592966 22593127 9 5519571 5521856 color=lorange
scaffold_2 22598622 22633182 7 7232151 7233699 color=lorange
scaffold_2 23112690 23340712 7 7487728 7491228 color=lorange
scaffold_2 23538034 23693518 7 7646605 7649553 color=lorange
scaffold_2 23538034 23693518 7 7606205 7608002 color=lorange
scaffold_2 25026273 25259834 7 8233980 8236800 color=lorange
scaffold_2 25284259 25303703 7 8249643 8254310 color=lorange
scaffold_2 25334496 25373088 7 8261814 8276595 color=lorange
scaffold_2 25334496 25373088 7 8265896 8276595 color=lorange
scaffold_2 25813662 25831434 7 8395724 8402868 color=lorange
scaffold_2 26157599 26214309 7 8493330 8516506 color=lorange
scaffold_2 26157599 26214309 7 8493330 8516506 color=lorange
scaffold_2 26227934 26319628 7 8517766 8537264 color=lorange
scaffold_2 26381283 26398778 7 8594508 8601851 color=lorange
scaffold_2 27093399 27108825 7 7164720 7168860 color=lorange
scaffold_2 27142301 27150314 7 7194505 7199010 color=lorange
scaffold_2 27209038 27243833 7 7224097 7226065 color=lorange
scaffold_2 28188479 28336748 7 7646605 7649553 color=lorange
scaffold_2 28188479 28336748 7 7606205 7608002 color=lorange
scaffold_2 29651346 29903828 7 8233980 8236800 color=lorange
scaffold_2 29935637 29950651 7 8249643 8254310 color=lorange
scaffold_2 29982641 30019584 7 8261814 8276595 color=lorange
scaffold_2 29982641 30019584 7 8265896 8276595 color=lorange
scaffold_2 30451660 30470412 7 8395724 8402868 color=lorange
scaffold_2 30827220 30873605 7 8493330 8516506 color=lorange
scaffold_2 30827220 30873605 7 8493330 8516506 color=lorange
scaffold_2 30893693 31007389 7 8517766 8537264 color=lorange
scaffold_2 31088527 31111685 7 8594508 8601851 color=lorange
scaffold_2 31305988 31331873 7 3532906 3539896 color=lorange
scaffold_2 31467601 31505106 7 1471602 1480811 color=lorange
scaffold_2 33208222 33208494 7 1821375 1821641 color=lorange
scaffold_2 33460147 33483268 7 1892259 1897481 color=lorange
scaffold_2 33657234 33678783 7 1952746 1955370 color=lorange
scaffold_2 33681127 33682970 7 1955962 1957879 color=lorange
scaffold_2 33695405 33696307 7 1963635 1964537 color=lorange
scaffold_2 33708276 33765157 7 1968329 1978093 color=lorange
scaffold_2 33796130 33798786 7 1980663 1982830 color=lorange
scaffold_2 34745884 34773930 7 2153601 2162281 color=lorange
scaffold_2 34835978 34889937 7 2184736 2186997 color=lorange
scaffold_2 34911873 34929031 7 2206028 2213448 color=lorange
scaffold_2 34963442 34998711 7 2226769 2240306 color=lorange
scaffold_2 35247260 35359655 7 2299856 2312351 color=lorange
scaffold_2 35247260 35359655 7 2290392 2291811 color=lorange
scaffold_2 36084764 36146906 7 2299856 2312351 color=lorange
scaffold_2 36084764 36146906 7 2290392 2291811 color=lorange
scaffold_2 37982546 38002389 7 3419965 3428319 color=lorange
scaffold_2 38075734 38085654 7 3403711 3408665 color=lorange
scaffold_2 38136735 38308659 7 3339644 3345140 color=lorange
scaffold_2 38136735 38308659 7 3384820 3385047 color=lorange
scaffold_2 38323770 38326459 7 3331440 3334828 color=lorange
scaffold_2 38330351 38343137 7 3326071 3329593 color=lorange
scaffold_2 39999750 40833632 7 2924533 2943869 color=lorange
scaffold_2 39999750 40833632 7 2791885 2802417 color=lorange
scaffold_2 39999750 40833632 7 2909129 2918744 color=lorange
scaffold_2 39999750 40833632 7 2921340 2923857 color=lorange
scaffold_2 40869349 40910325 7 860934 864271 color=lorange
scaffold_2 40997273 41008428 7 883553 886526 color=lorange
scaffold_2 41041773 41055487 7 901217 907725 color=lorange
scaffold_2 41072903 41101055 7 912354 921056 color=lorange
scaffold_2 41189292 41221818 7 941361 948016 color=lorange
scaffold_2 41839613 41903424 7 1077975 1087312 color=lorange
scaffold_2 41913689 41937917 7 1105771 1112384 color=lorange
scaffold_2 41975122 41986668 7 1136466 1141840 color=lorange
scaffold_2 41995665 41998993 7 1142718 1145087 color=lorange
scaffold_2 42007111 42258837 7 1149978 1158079 color=lorange
scaffold_2 42312158 42333632 7 26775360 26779369 color=lorange
scaffold_2 42613452 42681614 7 26869193 26886133 color=lorange
scaffold_2 42725386 42734162 7 26905519 26908376 color=lorange
scaffold_2 42764966 42786075 7 26924616 26935591 color=lorange
scaffold_2 44183967 44319378 7 27199429 27241787 color=lorange
scaffold_2 44600819 44637721 7 27319815 27333272 color=lorange
scaffold_2 44662714 44896204 7 27417729 27422324 color=lorange
scaffold_2 44910407 44997958 7 27425637 27431738 color=lorange
scaffold_2 45429069 45438275 3 8558160 8567840 color=lorange
scaffold_2 45429069 45438275 7 27509542 27511974 color=lorange
scaffold_2 45455764 45517741 7 27519665 27532247 color=lorange
scaffold_2 45611368 45644342 7 27536410 27540073 color=lorange
scaffold_2 45611368 45644342 7 27547812 27548039 color=lorange
scaffold_2 46069095 46082454 7 27685104 27689850 color=lorange
scaffold_2 46086774 46128390 7 27691579 27699182 color=lorange
scaffold_2 46185845 46228955 7 27714576 27724705 color=lorange
scaffold_2 46236244 46311810 7 27743691 27761938 color=lorange
scaffold_2 48158816 48203911 7 28341425 28363535 color=lorange
scaffold_2 48263399 48298716 7 28376285 28388441 color=lorange
scaffold_2 48777804 48913128 7 28465359 28487314 color=lorange
scaffold_2 48777804 48913128 7 28494978 28504034 color=lorange
scaffold_2 49136955 49141141 7 28552038 28553096 color=lorange
scaffold_2 49236853 49261821 7 28573300 28575837 color=lorange
scaffold_2 49414624 49504365 7 28621914 28624832 color=lorange
scaffold_2 49515033 49522075 7 28627912 28629002 color=lorange
scaffold_2 49683287 49776778 7 28664823 28676713 color=lorange
scaffold_2 49851521 49851949 7 28685069 28685497 color=lorange
scaffold_2 50096752 50118259 7 28691072 28696683 color=lorange
scaffold_2 50167771 50172704 7 28709183 28709992 color=lorange
scaffold_2 50232078 50292181 7 28714196 28720820 color=lorange
scaffold_2 50312361 50315561 7 28725342 28727074 color=lorange
scaffold_2 50324968 50325387 7 28823880 28824268 color=lorange
scaffold_2 50349513 50350130 7 28815116 28815703 color=lorange
scaffold_2 50368352 50641287 7 28733757 28742631 color=lorange
scaffold_2 50655291 50677156 7 28824720 28825745 color=lorange
scaffold_2 50826191 50857388 7 28826854 28831067 color=lorange
scaffold_2 50899180 50921177 7 28835917 28838884 color=lorange
scaffold_2 50950360 51002269 7 28844422 28852669 color=lorange
scaffold_2 51259112 51259393 7 36272823 36273104 color=lorange
scaffold_2 51264244 51265371 7 36270953 36272086 color=lorange
scaffold_2 51364714 51384228 7 36254446 36256478 color=lorange
scaffold_2 51364714 51384228 7 36254427 36256478 color=lorange
scaffold_2 51392071 51501912 7 36245797 36252875 color=lorange
scaffold_2 51509751 51522174 7 36243528 36245502 color=lorange
scaffold_2 51530104 51531879 7 36239749 36243175 color=lorange
scaffold_2 51593192 51710226 7 36210957 36232300 color=lorange
scaffold_2 51780321 52246428 7 36193470 36203147 color=lorange
scaffold_2 51978705 52027372 7 36164789 36173244 color=lorange
scaffold_2 52955535 52975098 7 36049290 36052797 color=lorange
scaffold_2 53490733 53549126 7 35968302 35975691 color=lorange
scaffold_2 53840288 53899166 7 35908866 35912016 color=lorange
scaffold_2 53931321 53948455 7 35901348 35902825 color=lorange
scaffold_2 54085455 54200297 7 35877084 35885082 color=lorange
scaffold_2 54248638 54286884 7 35859859 35861519 color=lorange
scaffold_2 54330861 54355579 7 35871475 35874261 color=lorange
scaffold_2 54368309 54374392 7 35848342 35850440 color=lorange
scaffold_2 54368309 54374392 7 35848354 35850440 color=lorange
scaffold_2 54375931 54394596 7 35846092 35847230 color=lorange
scaffold_2 54501853 54502839 7 35833225 35834211 color=lorange
scaffold_2 54508779 54533463 7 35829746 35832343 color=lorange
scaffold_2 54543082 54752268 7 35814517 35827378 color=lorange
scaffold_2 55129217 55176016 7 35751727 35759509 color=lorange
scaffold_2 55220268 55234673 7 35742906 35744860 color=lorange
scaffold_2 55242032 55325363 7 35732144 35739560 color=lorange
scaffold_2 55348591 55418934 7 35724413 35731185 color=lorange
scaffold_2 55432809 55452688 7 35722289 35723601 color=lorange
scaffold_2 55463017 55470822 7 35709638 35711379 color=lorange
scaffold_2 55569632 55600408 7 35703763 35706779 color=lorange
scaffold_2 55784821 55800818 7 35685236 35686060 color=lorange
scaffold_2 56350219 56367988 7 35536608 35539021 color=lorange
scaffold_2 57295214 57433173 7 35470999 35482863 color=lorange
scaffold_2 57757011 57770221 8 277281 277739 color=lorange
scaffold_2 59169699 59431020 7 35445390 35456948 color=lorange
scaffold_2 59523913 59600224 7 35462150 35463444 color=lorange
scaffold_2 60942320 61050543 7 1227921 1230353 color=lorange
scaffold_2 63837501 63918941 7 16556190 16559469 color=lorange
scaffold_2 64884328 64952415 7 16920270 16935930 color=lorange
scaffold_2 64884328 64952415 7 16920270 16922397 color=lorange
scaffold_2 65263966 65265747 7 16507602 16508460 color=lorange
scaffold_2 65346748 65469480 7 16937585 16962162 color=lorange
scaffold_2 65731763 65783281 7 1349560 1358888 color=lorange
scaffold_2 65858906 65916109 7 16614494 16616247 color=lorange
scaffold_2 66005457 66011561 7 16678760 16687468 color=lorange
scaffold_2 66166343 66250030 7 16723776 16728250 color=lorange
scaffold_2 66166343 66250030 7 16736264 16742116 color=lorange
scaffold_2 66544469 66803785 7 12700804 12725376 color=lorange
scaffold_2 67168061 67238268 7 29874757 29880452 color=lorange
scaffold_2 67435238 67529914 7 29802579 29820819 color=lorange
scaffold_2 67963277 68002368 7 29741463 29750810 color=lorange
scaffold_2 68039146 68043974 7 29734744 29737114 color=lorange
scaffold_2 68749867 68787739 7 29631456 29678853 color=lorange
scaffold_2 68909476 68970243 7 29461853 29471129 color=lorange
scaffold_2 68987543 69007200 4 38224689 38228229 color=lorange
scaffold_2 69150816 69159726 7 29506455 29508665 color=lorange
scaffold_2 69167612 69226508 7 29570296 29588277 color=lorange
scaffold_2 69285816 69346423 7 29600315 29615040 color=lorange
scaffold_2 69359036 69359461 7 29460034 29460458 color=lorange
scaffold_2 69398890 69401070 7 29456792 29458036 color=lorange
scaffold_2 69717023 69849896 7 29372010 29391094 color=lorange
scaffold_2 70549861 70643471 7 29268969 29278071 color=lorange
scaffold_2 70652475 71069731 7 29191520 29202967 color=lorange
scaffold_2 71117053 71124005 7 29177989 29179429 color=lorange
scaffold_2 71159179 71220215 7 29154828 29169454 color=lorange
scaffold_2 71231301 71234301 7 29147903 29150047 color=lorange
scaffold_2 71243935 71315653 7 29133637 29143297 color=lorange
scaffold_2 72139149 72200460 7 28962857 28972518 color=lorange
scaffold_2 72272506 72309043 7 28927993 28939236 color=lorange
scaffold_2 72521966 72554817 7 28877981 28881925 color=lorange
scaffold_2 74662292 74730361 7 36511353 36528848 color=lorange
scaffold_2 74964252 75025840 7 36554823 36560473 color=lorange
scaffold_2 75025224 75029433 7 36561905 36563425 color=lorange
scaffold_2 75397119 75415977 7 36598071 36602125 color=lorange
scaffold_2 75650692 75655743 7 36645612 36646728 color=lorange
scaffold_2 75918138 76221385 7 32318959 32321670 color=lorange
scaffold_2 76597788 76627232 7 32485118 32490861 color=lorange
scaffold_2 76634611 76659205 7 32493103 32496715 color=lorange
scaffold_2 76689279 76696233 7 32505049 32506521 color=lorange
scaffold_2 76743247 76762630 7 32515019 32518899 color=lorange
scaffold_2 76949552 77092433 7 32556330 32580851 color=lorange
scaffold_2 77194116 77196005 7 32582138 32583442 color=lorange
scaffold_2 77380289 77381218 7 32585066 32585995 color=lorange
scaffold_2 77412872 77476645 7 32593524 32601897 color=lorange
scaffold_2 77412872 77476645 7 32593524 32600283 color=lorange
scaffold_2 77545980 77599050 7 32619373 32620457 color=lorange
scaffold_2 77632534 77690937 7 32643480 32647746 color=lorange
scaffold_2 77695523 77759103 7 32655711 32666096 color=lorange
scaffold_2 77798629 77919833 7 32678037 32688564 color=lorange
scaffold_2 77927285 77963685 7 32728539 32738397 color=lorange
scaffold_2 77967777 77999959 7 32740290 32747988 color=lorange
scaffold_2 78012107 78019561 7 32750936 32754396 color=lorange
scaffold_2 78024134 78033703 7 32759416 32760221 color=lorange
scaffold_2 78046463 78090786 7 32762934 32772193 color=lorange
scaffold_2 78143451 78183343 7 32794434 32799191 color=lorange
scaffold_2 78243768 78308142 7 32819475 32831061 color=lorange
scaffold_2 78347688 78352719 7 32837198 32840889 color=lorange
scaffold_2 78374990 78476606 7 32843556 32852703 color=lorange
scaffold_2 78374990 78476606 7 32850844 32852703 color=lorange
scaffold_2 78723076 78775718 7 32920964 32939089 color=lorange
scaffold_2 78723076 78775718 7 32920964 32939089 color=lorange
scaffold_2 79121416 79157986 7 33017254 33019993 color=lorange
scaffold_2 79121416 79157986 7 33007722 33008769 color=lorange
scaffold_2 79170479 79197731 7 33025673 33034591 color=lorange
scaffold_2 79201307 79207117 7 33035517 33035716 color=lorange
scaffold_2 79269109 79395923 7 33051507 33084203 color=lorange
scaffold_2 79528560 79549791 7 33109316 33116553 color=lorange
scaffold_2 79580836 79622774 7 33124447 33126647 color=lorange
scaffold_2 79580836 79622774 7 33124450 33126647 color=lorange
scaffold_2 79662807 79703890 7 33130743 33147307 color=lorange
scaffold_2 79817030 80260908 7 33288978 33297954 color=lorange
scaffold_2 79817030 80260908 7 33203312 33208540 color=lorange
scaffold_2 80807674 81045003 7 33398811 33409303 color=lorange
scaffold_2 81057473 81066119 7 33418683 33420673 color=lorange
scaffold_2 81068078 81095941 7 33421071 33425589 color=lorange
scaffold_2 81145376 81164476 7 33432643 33437457 color=lorange
scaffold_2 81166213 81202225 7 33437645 33442079 color=lorange
scaffold_2 81262907 81304027 7 33451451 33461861 color=lorange
scaffold_2 81306686 81352397 7 33466669 33470775 color=lorange
scaffold_2 81362897 81405611 7 33478544 33482038 color=lorange
scaffold_2 81528141 81550608 7 33503138 33512011 color=lorange
scaffold_2 82960201 82966314 7 29917464 29924576 color=lorange
scaffold_2 83094565 83112051 7 32279471 32283259 color=lorange
scaffold_2 83116160 83123616 7 32272079 32276568 color=lorange
scaffold_2 83128963 83142119 7 32266039 32267481 color=lorange
scaffold_2 83145941 83215492 7 32247670 32257613 color=lorange
scaffold_2 83145941 83215492 7 32258341 32263890 color=lorange
scaffold_2 83417304 83510320 7 32186724 32190792 color=lorange
scaffold_2 83417304 83510320 7 32167111 32167389 color=lorange
scaffold_2 83594343 83640199 7 32136517 32151974 color=lorange
scaffold_2 83765979 83779494 7 32093051 32095646 color=lorange
scaffold_2 83780490 83799812 7 32082152 32092392 color=lorange
scaffold_2 83780490 83799812 7 32082152 32092392 color=lorange
scaffold_2 83809247 83814686 7 32082152 32092392 color=lorange
scaffold_2 83826624 83848615 7 32065417 32077494 color=lorange
scaffold_2 83911685 83922244 7 32037469 32042202 color=lorange
scaffold_2 83929901 83961626 7 32023114 32033552 color=lorange
scaffold_2 84079069 84085207 7 31987765 31991948 color=lorange
scaffold_2 84079069 84085207 7 31984343 31991948 color=lorange
scaffold_2 84127853 84233770 7 31957098 31959058 color=lorange
scaffold_2 84337589 84450468 7 31900834 31907647 color=lorange
scaffold_2 84474124 84482958 7 31892724 31896738 color=lorange
scaffold_2 84506888 84514887 7 31881630 31886736 color=lorange
scaffold_2 84715652 84759589 7 31811701 31826639 color=lorange
scaffold_2 85099618 85119954 7 31721691 31726799 color=lorange
scaffold_2 85130610 85181103 7 31700912 31719973 color=lorange
scaffold_2 85244382 85245301 7 31673706 31681931 color=lorange
scaffold_2 85275115 85317719 7 31659587 31670377 color=lorange
scaffold_2 85447778 85552213 7 31602842 31626111 color=lorange
scaffold_2 85447778 85552213 7 31594548 31602596 color=lorange
scaffold_2 85611184 85632095 7 31581367 31585388 color=lorange
scaffold_2 85745948 85750543 7 31549792 31551045 color=lorange
scaffold_2 86753723 86932563 7 31270397 31295309 color=lorange
scaffold_2 87137252 87141811 7 31218407 31220483 color=lorange
scaffold_2 87596929 87658338 7 31098275 31103375 color=lorange
scaffold_2 87714632 87740693 7 31068063 31073558 color=lorange
scaffold_2 88039873 88286702 7 30926533 30939969 color=lorange
scaffold_2 88039873 88286702 7 30951845 30960044 color=lorange
scaffold_2 88490725 88492122 7 30881047 30882450 color=lorange
scaffold_2 88807215 88815107 7 30797605 30805621 color=lorange
scaffold_2 88815212 88819528 7 30797605 30805621 color=lorange
scaffold_2 89049502 89114467 7 30715092 30729067 color=lorange
scaffold_2 89155136 89157571 7 30690547 30691761 color=lorange
scaffold_2 89155136 89157571 7 30690547 30691650 color=lorange
scaffold_2 89201599 89266474 7 30670534 30672761 color=lorange
scaffold_2 89201599 89266474 7 30652509 30657221 color=lorange
scaffold_2 89312076 89316081 7 30635682 30639163 color=lorange
scaffold_2 89327402 89329810 7 30633490 30634989 color=lorange
scaffold_2 89340548 89386317 7 22263008 22272084 color=lorange
scaffold_2 89389502 89411556 7 22275868 22281078 color=lorange
scaffold_2 89430713 89538240 7 22287991 22318470 color=lorange
scaffold_2 91633565 91708893 7 20183478 20189134 color=lorange
scaffold_2 91710445 91738939 7 20168783 20180906 color=lorange
scaffold_2 91901705 91908802 7 20110439 20119435 color=lorange
scaffold_2 91936552 91939450 7 20100481 20101828 color=lorange
scaffold_2 91979953 92025197 7 20076219 20082681 color=lorange
scaffold_2 92463960 92503998 7 19859151 19870529 color=lorange
scaffold_2 92603406 92632698 7 19817806 19826538 color=lorange
scaffold_2 92641433 92777305 7 19793529 19812330 color=lorange
scaffold_2 92779921 92788950 7 19769654 19771581 color=lorange
scaffold_2 92841852 93089653 7 19438761 19447451 color=lorange
scaffold_2 92841852 93089653 7 19397337 19403610 color=lorange
scaffold_2 93093832 93098410 7 19391262 19393738 color=lorange
scaffold_2 93101163 93120924 7 19378558 19390607 color=lorange
scaffold_2 93123486 93126906 7 19377207 19377554 color=lorange
scaffold_2 93123486 93126906 7 19378558 19390607 color=lorange
scaffold_2 93308190 93310823 7 19294502 19297867 color=lorange
scaffold_2 93331966 93338953 7 19282553 19289838 color=lorange
scaffold_2 93349559 93499516 7 19252339 19275846 color=lorange
scaffold_2 94016403 94044495 7 19011841 19017239 color=lorange
scaffold_2 94187804 94271297 7 18897968 18920476 color=lorange
scaffold_2 94187804 94271297 7 18934524 18939701 color=lorange
scaffold_2 94332291 94337407 7 18862308 18866049 color=lorange
scaffold_2 94346737 94346991 7 18851988 18852242 color=lorange
scaffold_2 94366705 94372822 7 18843050 18847313 color=lorange
scaffold_2 94415620 94417698 7 18811090 18812441 color=lorange
scaffold_2 94418196 94441272 7 18797571 18808638 color=lorange
scaffold_2 94507219 94508001 7 18761850 18763691 color=lorange
scaffold_2 94517754 94635016 7 18729487 18747474 color=lorange
scaffold_2 94517754 94635016 7 18751325 18755459 color=lorange
scaffold_2 94639381 94643927 7 18697750 18702069 color=lorange
scaffold_2 94650905 94651855 7 18691051 18692001 color=lorange
scaffold_2 94652665 94671528 7 18680748 18690043 color=lorange
scaffold_2 94689986 94835151 7 29961389 30012289 color=lorange
scaffold_2 94846427 94852674 7 30017800 30019954 color=lorange
scaffold_2 94857471 95037466 7 30024421 30051303 color=lorange
scaffold_2 95473240 95481049 7 30204429 30208890 color=lorange
scaffold_2 95614964 95616804 7 30238404 30239373 color=lorange
scaffold_2 95619966 95629183 7 30241061 30243347 color=lorange
scaffold_2 95646707 95710620 7 30250285 30272228 color=lorange
scaffold_2 95716378 95764456 7 30276069 30281330 color=lorange
scaffold_2 95716378 95764456 7 30292346 30293072 color=lorange
scaffold_2 95716378 95764456 7 30283896 30286123 color=lorange
scaffold_2 95895942 95954961 7 30351680 30364743 color=lorange
scaffold_2 96001827 96018236 7 30378311 30381679 color=lorange
scaffold_2 96094522 96096453 7 30390168 30392099 color=lorange
scaffold_2 96094522 96096453 1 2553680 2555647 color=lorange
scaffold_2 96094522 96096453 1 2553680 2555647 color=lorange
scaffold_2 96104769 96106688 7 30396344 30398275 color=lorange
scaffold_2 96104769 96106688 7 30390168 30392099 color=lorange
scaffold_2 96104769 96106688 1 2553680 2555647 color=lorange
scaffold_2 96178276 96207980 7 30412957 30422993 color=lorange
scaffold_2 96238260 96455204 7 30439977 30455988 color=lorange
scaffold_2 96238260 96455204 7 30523949 30524623 color=lorange
scaffold_2 96767655 96789199 7 30617671 30622192 color=lorange
scaffold_2 96851483 96856977 7 30630258 30632555 color=lorange
scaffold_2 96900885 96904687 7 22234774 22237625 color=lorange
scaffold_2 96933076 96973277 7 22217455 22224493 color=lorange
scaffold_2 97374981 97403251 7 22056653 22069888 color=lorange
scaffold_2 97434061 97451375 7 22040059 22044782 color=lorange
scaffold_2 97465549 97520282 7 22017349 22029327 color=lorange
scaffold_2 97560758 97603046 7 21988443 21996020 color=lorange
scaffold_2 97560758 97603046 7 21980761 21983872 color=lorange
scaffold_2 97590098 97594352 7 21984203 21986716 color=lorange
scaffold_2 97626598 97637541 7 21963089 21972361 color=lorange
scaffold_2 97626598 97637541 7 21963089 21972361 color=lorange
scaffold_2 97786827 97968242 7 21844587 21906366 color=lorange
scaffold_2 97977119 97982590 7 21839726 21843155 color=lorange
scaffold_2 97987334 98015464 7 21827898 21835411 color=lorange
scaffold_2 98650597 99035465 7 21478167 21492831 color=lorange
scaffold_2 99064113 99074165 7 21411955 21416511 color=lorange
scaffold_2 99135253 99168241 7 21357297 21387336 color=lorange
scaffold_2 99240967 99242692 7 21322020 21324743 color=lorange
scaffold_2 99319421 99459645 7 21276991 21288502 color=lorange
scaffold_2 99907907 99913886 7 21061945 21065316 color=lorange
scaffold_2 99915412 99979577 7 21041274 21060773 color=lorange
scaffold_2 100003402 100013980 7 21025458 21029617 color=lorange
scaffold_2 100292573 100329274 7 20879479 20896001 color=lorange
scaffold_2 100368412 100370508 7 20858228 20861673 color=lorange
scaffold_2 100462165 100466310 7 20815563 20820821 color=lorange
scaffold_2 101074298 101097926 7 20618160 20627036 color=lorange
scaffold_2 101577067 101581588 7 20397114 20397380 color=lorange
scaffold_2 101630630 101639784 7 20367254 20375693 color=lorange
scaffold_2 101648412 101691614 7 20352204 20363881 color=lorange
scaffold_2 102185913 102209753 7 25250923 25263068 color=lorange
scaffold_2 102271438 102360826 7 25276212 25302976 color=lorange
scaffold_2 102381189 102383777 7 25314277 25316434 color=lorange
scaffold_2 102381189 102383777 7 25314277 25316395 color=lorange
scaffold_2 103443680 103445848 7 25634678 25637030 color=lorange
scaffold_2 105335487 105381673 7 23611882 23626931 color=lorange
scaffold_2 105579911 105603042 7 23707108 23709103 color=lorange
scaffold_2 105770952 105773692 7 23763907 23766485 color=lorange
scaffold_2 105774386 105788784 7 23767190 23774043 color=lorange
scaffold_2 105790253 105793728 7 23777630 23779168 color=lorange
scaffold_2 105804743 105811482 7 23787666 23791584 color=lorange
scaffold_2 105891364 105893784 7 23824403 23825990 color=lorange
scaffold_2 107598756 107627317 7 24438017 24445810 color=lorange
scaffold_2 108512623 108528544 7 24726403 24732823 color=lorange
scaffold_2 108548311 108815881 7 24823840 24829497 color=lorange
scaffold_2 108548311 108815881 7 24747909 24748352 color=lorange
scaffold_2 108548311 108815881 7 24802648 24807764 color=lorange
scaffold_2 109463867 109497822 7 25081103 25086059 color=lorange
scaffold_2 109923460 109964020 7 34043201 34048387 color=lorange
scaffold_2 109973856 109980291 7 34028211 34030439 color=lorange
scaffold_2 110172289 110247259 7 34068038 34073155 color=lorange
scaffold_2 110267508 110275041 7 34089068 34091831 color=lorange
scaffold_2 110267508 110275041 7 34089230 34091831 color=lorange
scaffold_2 110295059 110297049 7 34098033 34099534 color=lorange
scaffold_2 111919586 111928548 7 34505021 34506584 color=lorange
scaffold_2 113604215 113643740 7 34948793 34958571 color=lorange
scaffold_2 113761732 113763945 7 34990689 34992598 color=lorange
scaffold_2 113782087 113827103 7 35058028 35064251 color=lorange
scaffold_2 113879022 113885984 7 35034604 35050510 color=lorange
scaffold_2 113976705 113984355 7 35065625 35069124 color=lorange
scaffold_2 114239120 114245772 7 25942208 25945751 color=lorange
scaffold_2 114975232 114983776 7 25658555 25659261 color=lorange
scaffold_2 114986840 115010656 7 25643808 25654768 color=lorange
scaffold_2 115020875 115048310 7 34052235 34056301 color=lorange
scaffold_2 115054749 115058074 7 26767790 26771589 color=lorange
scaffold_2 116165543 116168176 7 26323778 26325726 color=lorange
scaffold_2 116202441 116205996 7 26301841 26305411 color=lorange
scaffold_2 116218066 116231724 7 26293646 26300326 color=lorange
scaffold_2 116248083 116286932 7 26283433 26292387 color=lorange
scaffold_2 116410925 116413266 7 26222922 26223709 color=lorange
scaffold_2 116656251 116660612 7 26065796 26068751 color=lorange
scaffold_2 117254233 117262037 7 35383398 35386915 color=lorange
scaffold_3 387105 392301 5 4656507 4658306 color=lorange
scaffold_3 394181 396932 5 4653526 4655328 color=lorange
scaffold_3 402473 424846 5 4642430 4649174 color=lorange
scaffold_3 436067 468770 5 4627301 4637343 color=lorange
scaffold_3 703802 709508 5 4556857 4560991 color=lorange
scaffold_3 720567 732033 5 4550326 4552718 color=lorange
scaffold_3 752071 765722 5 4550326 4552718 color=lorange
scaffold_3 773776 779733 5 4556857 4560991 color=lorange
scaffold_3 1046494 1086828 5 4627301 4637343 color=lorange
scaffold_3 1098947 1119148 5 4642430 4649174 color=lorange
scaffold_3 1125071 1127330 5 4653526 4655328 color=lorange
scaffold_3 1129712 1139407 5 4656507 4658306 color=lorange
scaffold_3 1288896 1289246 5 4679951 4692113 color=lorange
scaffold_3 1900269 1902047 5 4869766 4870656 color=lorange
scaffold_3 1902652 1906916 5 4872139 4873737 color=lorange
scaffold_3 1911634 1912705 5 4878048 4881063 color=lorange
scaffold_3 1926148 1934685 5 4032454 4034547 color=lorange
scaffold_3 3545513 3575954 5 9315583 9328371 color=lorange
scaffold_3 3597259 3613296 5 9293941 9301348 color=lorange
scaffold_3 3623918 3630687 5 9282775 9287292 color=lorange
scaffold_3 3637220 3645298 5 9272133 9273183 color=lorange
scaffold_3 3655697 3698060 5 9239219 9265707 color=lorange
scaffold_3 4569747 4573013 5 17599067 17600851 color=lorange
scaffold_3 4575310 4590659 5 17591448 17597552 color=lorange
scaffold_3 4711985 4727374 5 22059635 22068304 color=lorange
scaffold_3 4727591 4730610 5 22055215 22056790 color=lorange
scaffold_3 4732596 4787462 5 22034053 22053946 color=lorange
scaffold_3 4732596 4787462 5 22011712 22014996 color=lorange
scaffold_3 4832792 4838822 5 21988420 21991326 color=lorange
scaffold_3 4896827 4897311 5 31041379 31042175 color=lorange
scaffold_3 5461820 5489230 5 4891759 4896769 color=lorange
scaffold_3 5461820 5489230 5 4891759 4896769 color=lorange
scaffold_3 5501618 5511546 5 4881955 4886690 color=lorange
scaffold_3 5559272 5561860 5 17754362 17756235 color=lorange
scaffold_3 5621616 5625731 5 17545568 17548739 color=lorange
scaffold_3 6268275 6500634 5 8922182 8922655 color=lorange
scaffold_3 6521513 6534379 5 8831897 8838560 color=lorange
scaffold_3 6730606 6731612 5 4126189 4126967 color=lorange
scaffold_3 6757066 6832873 5 6599901 6628970 color=lorange
scaffold_3 6844053 6853690 5 6599901 6628970 color=lorange
scaffold_3 6854406 6910083 5 6636419 6653617 color=lorange
scaffold_3 6977968 7055506 5 6568850 6597668 color=lorange
scaffold_3 7056077 7057342 5 6566080 6567573 color=lorange
scaffold_3 7058359 7062571 5 6560788 6565004 color=lorange
scaffold_3 7066773 7077894 5 6554114 6558040 color=lorange
scaffold_3 7066773 7077894 5 6554114 6557986 color=lorange
scaffold_3 7080788 7141606 5 6529793 6552258 color=lorange
scaffold_3 7171001 7174960 5 6512376 6516064 color=lorange
scaffold_3 7171001 7174960 5 6512376 6514266 color=lorange
scaffold_3 7195460 7196126 5 6501640 6508714 color=lorange
scaffold_3 7198684 7203085 5 6498006 6498512 color=lorange
scaffold_3 7219997 7284078 5 6478286 6492506 color=lorange
scaffold_3 7296200 7297486 5 6472038 6474644 color=lorange
scaffold_3 7297971 7308110 5 6468640 6471444 color=lorange
scaffold_3 7316136 7328737 5 6462120 6465735 color=lorange
scaffold_3 7502581 7512294 5 6397308 6402640 color=lorange
scaffold_3 7514367 7516366 5 6393634 6395374 color=lorange
scaffold_3 7645719 7661057 5 6345431 6349209 color=lorange
scaffold_3 8010282 8045555 5 6230293 6238139 color=lorange
scaffold_3 8377682 8383583 5 4077275 4079391 color=lorange
scaffold_3 8393942 8402720 5 4071091 4074764 color=lorange
scaffold_3 8541078 8553769 5 4059810 4062892 color=lorange
scaffold_3 8580765 8581427 2 5324312 5330025 color=lorange
scaffold_3 9940038 9976974 5 5677142 5684455 color=lorange
scaffold_3 9984523 9985209 5 15012125 15012814 color=lorange
scaffold_3 9985961 9995980 5 15013275 15018571 color=lorange
scaffold_3 10002632 10022699 5 15022554 15034074 color=lorange
scaffold_3 10037669 10041584 5 15042027 15045955 color=lorange
scaffold_3 10125085 10126274 5 15093603 15095199 color=lorange
scaffold_3 10126550 10127081 5 15100137 15100454 color=lorange
scaffold_3 10238723 10258448 5 15160179 15172039 color=lorange
scaffold_3 10460766 10483898 5 15252272 15259387 color=lorange
scaffold_3 10541283 10564306 5 15285513 15295948 color=lorange
scaffold_3 10644436 10672558 5 15339086 15351345 color=lorange
scaffold_3 10728179 10805602 5 15372864 15396764 color=lorange
scaffold_3 10935273 10946185 5 15416263 15423646 color=lorange
scaffold_3 10965664 11036854 5 15433463 15453540 color=lorange
scaffold_3 11148176 11262319 5 15509233 15516687 color=lorange
scaffold_3 11148176 11262319 5 15490934 15491383 color=lorange
scaffold_3 11303713 11349423 5 15537594 15556725 color=lorange
scaffold_3 11394742 11601937 5 15615970 15632224 color=lorange
scaffold_3 11683283 11683789 5 6664533 6665039 color=lorange
scaffold_3 11695385 11703050 5 6674350 6678773 color=lorange
scaffold_3 11703762 11727157 5 6688890 6692090 color=lorange
scaffold_3 11703762 11727157 5 6680810 6684593 color=lorange
scaffold_3 11748347 11750694 5 6695522 6697472 color=lorange
scaffold_3 11753369 11771541 5 6698707 6701968 color=lorange
scaffold_3 11803960 11816751 5 6717926 6724339 color=lorange
scaffold_3 11992529 12001367 5 6836071 6839067 color=lorange
scaffold_3 12285550 12372772 5 6882091 6912891 color=lorange
scaffold_3 13279759 13367115 5 7205147 7234006 color=lorange
scaffold_3 13379293 13381035 5 7242572 7243975 color=lorange
scaffold_3 13615150 13631437 5 7330215 7334998 color=lorange
scaffold_3 15377208 15451081 5 7801410 7813744 color=lorange
scaffold_3 15460247 15465858 5 7819210 7820177 color=lorange
scaffold_3 15471593 15481295 5 7822601 7827956 color=lorange
scaffold_3 15482753 15483871 5 7829715 7830833 color=lorange
scaffold_3 15493309 15516228 5 7833328 7842458 color=lorange
scaffold_3 15619463 15639507 5 7881500 7892970 color=lorange
scaffold_3 15667393 15679940 5 7907441 7912050 color=lorange
scaffold_3 15695468 15704761 5 7922950 7928482 color=lorange
scaffold_3 15720278 15735684 5 7935440 7945457 color=lorange
scaffold_3 15822862 15827733 5 7975033 7977527 color=lorange
scaffold_3 15831456 15838036 5 7979770 7980654 color=lorange
scaffold_3 16225844 16279111 5 8110687 8124190 color=lorange
scaffold_3 16371147 16388752 5 8149840 8150790 color=lorange
scaffold_3 17010398 17176163 5 8357503 8380371 color=lorange
scaffold_3 17010398 17176163 5 8313195 8314177 color=lorange
scaffold_3 17510789 17536456 5 8444351 8451023 color=lorange
scaffold_3 18713738 18773578 5 8802228 8810295 color=lorange
scaffold_3 18797389 18798529 5 1378931 1380872 color=lorange
scaffold_3 18805675 19303258 5 1304721 1307159 color=lorange
scaffold_3 19318266 19328958 5 1270448 1274970 color=lorange
scaffold_3 19329874 19330255 5 1269393 1269638 color=lorange
scaffold_3 19371527 19373383 5 1251880 1254820 color=lorange
scaffold_3 19379343 19402605 5 1242704 1248611 color=lorange
scaffold_3 19414511 19627252 5 1207566 1217248 color=lorange
scaffold_3 19414511 19627252 5 1185238 1189071 color=lorange
scaffold_3 19414511 19627252 5 1152922 1156164 color=lorange
scaffold_3 19836492 19937897 5 1089982 1098105 color=lorange
scaffold_3 19836492 19937897 5 1107628 1111956 color=lorange
scaffold_3 19966628 19978486 5 16096073 16107177 color=lorange
scaffold_3 19988815 20019716 5 16081532 16089140 color=lorange
scaffold_3 19988815 20019716 5 16084416 16089140 color=lorange
scaffold_3 20048593 20129553 5 16034630 16056024 color=lorange
scaffold_3 20048593 20129553 5 16020711 16026857 color=lorange
scaffold_3 20048593 20129553 5 16028282 16033458 color=lorange
scaffold_3 20048593 20129553 5 16016729 16020590 color=lorange
scaffold_3 20330280 20370861 5 15921310 15936439 color=lorange
scaffold_3 20373272 20395878 5 15909957 15917482 color=lorange
scaffold_3 20644144 20680667 5 15786370 15795079 color=lorange
scaffold_3 20644144 20680667 5 15774003 15777184 color=lorange
scaffold_3 20912589 20914895 5 15690730 15693036 color=lorange
scaffold_3 20912589 20920727 5 15690730 15693036 color=lorange
scaffold_3 20933888 20936927 5 15687128 15688464 color=lorange
scaffold_3 20941838 20944036 5 3246630 3248828 color=lorange
scaffold_3 20997297 20999766 5 3233463 3233663 color=lorange
scaffold_3 21022334 21025503 5 3251891 3255055 color=lorange
scaffold_3 21031167 21064625 5 3217000 3224243 color=lorange
scaffold_3 21064628 21177480 5 3185664 3189331 color=lorange
scaffold_3 21196529 21217860 5 3172172 3178850 color=lorange
scaffold_3 21224873 21237525 5 3168615 3170749 color=lorange
scaffold_3 21258483 21266147 5 14689369 14693049 color=lorange
scaffold_3 21258483 21266147 5 14689450 14693049 color=lorange
scaffold_3 21407080 21448409 5 14747928 14777884 color=lorange
scaffold_3 21448499 21496594 5 14747928 14777884 color=lorange
scaffold_3 21557105 21558914 5 14814504 14816042 color=lorange
scaffold_3 21588530 21630234 5 14857389 14866006 color=lorange
scaffold_3 21588530 21630234 5 14833304 14841872 color=lorange
scaffold_3 21646298 21694340 5 14884881 14891175 color=lorange
scaffold_3 21646298 21694340 5 14907440 14908147 color=lorange
scaffold_3 21757371 21814273 5 14936559 14960213 color=lorange
scaffold_3 21822802 21825862 5 14962259 14966802 color=lorange
scaffold_3 21873863 21918459 5 15002178 15005537 color=lorange
scaffold_3 21932711 21941009 5 5687369 5689689 color=lorange
scaffold_3 21943301 21952727 5 5691331 5697728 color=lorange
scaffold_3 23293827 23369401 5 5985185 6009101 color=lorange
scaffold_3 23371207 23379332 5 6010117 6012461 color=lorange
scaffold_3 23437848 23999496 5 6025264 6026750 color=lorange
scaffold_3 23437848 23999496 5 6156852 6160958 color=lorange
scaffold_3 24021371 24027279 5 6013975 6015308 color=lorange
scaffold_3 24021371 24027279 5 6013990 6015308 color=lorange
scaffold_3 24501697 24518194 5 1486925 1495190 color=lorange
scaffold_3 24531709 24549539 5 1500678 1507715 color=lorange
scaffold_3 32185231 32206090 5 3050550 3058083 color=lorange
scaffold_3 32331562 32350598 5 3018628 3021622 color=lorange
scaffold_3 32397463 32417488 5 2997640 3003846 color=lorange
scaffold_3 32676450 32690861 5 3277054 3286872 color=lorange
scaffold_3 34489014 34593109 5 3746920 3748906 color=lorange
scaffold_3 34637379 34652067 5 3759437 3763505 color=lorange
scaffold_3 34660011 34660869 5 3765495 3766196 color=lorange
scaffold_3 35054756 35057831 5 15674138 15676320 color=lorange
scaffold_3 35071190 35100302 5 15679254 15684957 color=lorange
scaffold_3 35188293 35211568 5 17214420 17217149 color=lorange
scaffold_3 36292869 36314306 5 17485360 17489831 color=lorange
scaffold_3 36292869 36314306 5 17485447 17489831 color=lorange
scaffold_3 36565338 36831244 5 3885813 3898503 color=lorange
scaffold_3 36837498 36887838 5 3885813 3898503 color=lorange
scaffold_3 37559067 37609415 5 175 4883 color=lorange
scaffold_3 37684683 37809215 5 19316 24851 color=lorange
scaffold_3 37684683 37809215 5 60009 69646 color=lorange
scaffold_3 38674371 38828722 5 281046 293974 color=lorange
scaffold_3 38674371 38828722 5 239054 240767 color=lorange
scaffold_3 38970101 39017679 5 326682 333407 color=lorange
scaffold_3 39027799 39128886 5 337752 349575 color=lorange
scaffold_3 39326123 39353199 5 404380 409378 color=lorange
scaffold_3 39527900 39588429 5 443404 459233 color=lorange
scaffold_3 39866480 39945142 5 513211 518072 color=lorange
scaffold_3 39948581 39972132 5 524317 526906 color=lorange
scaffold_3 39977488 39982921 5 528124 529829 color=lorange
scaffold_3 39999142 40007492 5 541976 545588 color=lorange
scaffold_3 40013095 40033379 5 547587 553359 color=lorange
scaffold_3 40136215 40504734 5 579685 586642 color=lorange
scaffold_3 40841112 40845105 5 22348187 22349487 color=lorange
scaffold_3 41509118 41530527 5 22374234 22378406 color=lorange
scaffold_3 42485318 42502357 5 22632851 22641512 color=lorange
scaffold_3 42692402 42767540 5 22730225 22740437 color=lorange
scaffold_3 42692402 42767540 5 22758521 22769458 color=lorange
scaffold_3 44791918 44817454 5 23372575 23374880 color=lorange
scaffold_3 44828121 44828861 5 23394558 23395298 color=lorange
scaffold_3 44838304 44838792 5 23399597 23400085 color=lorange
scaffold_3 44887383 44890919 5 23404201 23406946 color=lorange
scaffold_3 45138350 45148090 5 23492362 23497222 color=lorange
scaffold_3 45246583 45281291 5 23538606 23551914 color=lorange
scaffold_3 45334556 45338165 5 23570738 23572857 color=lorange
scaffold_3 45787510 45824410 5 23681980 23690241 color=lorange
scaffold_3 45832634 45849262 5 23697237 23698556 color=lorange
scaffold_3 45851343 45873163 5 23712714 23718979 color=lorange
scaffold_3 45877646 45881609 5 23712714 23718979 color=lorange
scaffold_3 45888616 45961561 5 23722509 23747731 color=lorange
scaffold_3 46054572 46062159 5 23768383 23775471 color=lorange
scaffold_3 46284788 46304248 5 23868971 23877648 color=lorange
scaffold_3 46491151 46496169 5 23920073 23940497 color=lorange
scaffold_3 46522563 46716763 5 23956246 23971501 color=lorange
scaffold_3 46862161 46892129 5 24072282 24075096 color=lorange
scaffold_3 46965608 46968018 5 24096467 24097829 color=lorange
scaffold_3 46976050 46996747 5 24100737 24108338 color=lorange
scaffold_3 46998309 47183291 5 24145443 24184431 color=lorange
scaffold_3 46998309 47183291 5 24193826 24198879 color=lorange
scaffold_3 47249387 47416224 5 24270798 24286714 color=lorange
scaffold_3 47654468 47701021 5 24357840 24374138 color=lorange
scaffold_3 47813088 47875337 5 24399817 24408552 color=lorange
scaffold_3 47939239 47946425 5 24448164 24450842 color=lorange
scaffold_3 47961689 47980703 5 24461212 24472463 color=lorange
scaffold_3 47983332 48006699 5 24474398 24484893 color=lorange
scaffold_3 48046498 48248632 5 24502879 24532198 color=lorange
scaffold_3 48046498 48248632 5 24535370 24563969 color=lorange
scaffold_3 48289632 48386841 5 24620821 24627824 color=lorange
scaffold_3 48586496 48590698 5 39362978 39363765 color=lorange
scaffold_3 48607762 48665872 5 39369084 39376499 color=lorange
scaffold_3 48683167 48701787 5 39388448 39389207 color=lorange
scaffold_3 48844432 48920749 5 39425674 39434915 color=lorange
scaffold_3 49360237 49364782 5 39061804 39064591 color=lorange
scaffold_3 49422887 49424053 5 39081225 39082391 color=lorange
scaffold_3 49589873 49594771 5 39121296 39126505 color=lorange
scaffold_3 49621761 49624129 5 39121296 39126505 color=lorange
scaffold_3 49664972 49677580 5 39136712 39140160 color=lorange
scaffold_3 49740469 49764300 5 39156007 39163841 color=lorange
scaffold_3 49796885 49807034 5 39173108 39175184 color=lorange
scaffold_3 49953149 49984372 5 39227002 39236536 color=lorange
scaffold_3 49986632 50013994 5 39236842 39241114 color=lorange
scaffold_3 50031055 50050122 5 39033013 39041392 color=lorange
scaffold_3 50052233 50052801 5 39032251 39032807 color=lorange
scaffold_3 50064617 50065727 5 39030271 39031443 color=lorange
scaffold_3 50070930 50076684 5 39026308 39029632 color=lorange
scaffold_3 50086011 50107868 5 39014360 39019532 color=lorange
scaffold_3 50109009 50125665 5 39007979 39013243 color=lorange
scaffold_3 50135402 50194434 5 38986847 39001740 color=lorange
scaffold_3 50644265 50657939 5 38888278 38890218 color=lorange
scaffold_3 50805321 50807143 5 38840636 38842009 color=lorange
scaffold_3 50920885 50970631 5 38795775 38809003 color=lorange
scaffold_3 51492032 51501582 5 38645468 38648505 color=lorange
scaffold_3 52170654 52183382 5 38412198 38415952 color=lorange
scaffold_3 52289045 52316680 5 38368422 38379360 color=lorange
scaffold_3 52418414 52523361 5 38287531 38297712 color=lorange
scaffold_3 52418414 52523361 5 38329803 38331302 color=lorange
scaffold_3 52565278 52585098 5 38276812 38282106 color=lorange
scaffold_3 52732864 52874147 5 38202863 38205417 color=lorange
scaffold_3 52881631 52919598 5 38188290 38197176 color=lorange
scaffold_3 53876568 53916006 5 37865225 37881790 color=lorange
scaffold_3 54091287 54184694 5 37751771 37779127 color=lorange
scaffold_3 54187231 54197200 5 37747733 37748781 color=lorange
scaffold_3 54207072 54284951 5 37715060 37737909 color=lorange
scaffold_3 54295887 54299726 5 37707822 37710785 color=lorange
scaffold_3 54308812 54316216 5 37697969 37702652 color=lorange
scaffold_3 54448051 54448443 5 37655352 37655741 color=lorange
scaffold_3 54470873 54544320 5 37643647 37647466 color=lorange
scaffold_3 54470873 54544320 5 37631782 37632138 color=lorange
scaffold_3 56177453 56189986 5 37061669 37063900 color=lorange
scaffold_3 56212550 56220922 5 37042065 37047223 color=lorange
scaffold_3 56240969 56478075 5 37020246 37026121 color=lorange
scaffold_3 56240969 56478075 5 36954761 36956140 color=lorange
scaffold_3 58541590 58544958 5 36166120 36169488 color=lorange
scaffold_3 58566503 59017933 5 36143066 36159310 color=lorange
scaffold_3 59026937 59073105 5 36000037 36012331 color=lorange
scaffold_3 59272211 59289637 5 39333193 39338275 color=lorange
scaffold_3 59321001 59322150 5 24661649 24662798 color=lorange
scaffold_3 59326541 59337142 5 24663342 24672024 color=lorange
scaffold_3 59353763 59477059 5 24674028 24692231 color=lorange
scaffold_3 59478217 59481905 5 24721137 24723154 color=lorange
scaffold_3 59548412 59569216 5 24750237 24758393 color=lorange
scaffold_3 59610163 59624384 5 24798487 24802103 color=lorange
scaffold_3 59610163 59624384 5 24793774 24794783 color=lorange
scaffold_3 59652844 59662945 5 24807709 24812829 color=lorange
scaffold_3 59682272 59685099 5 24821248 24824590 color=lorange
scaffold_3 60096478 60148618 5 24927370 24937550 color=lorange
scaffold_3 60228311 60230319 5 24976702 24978096 color=lorange
scaffold_3 60228311 60230319 5 24976702 24977946 color=lorange
scaffold_3 60247227 60393059 5 24994396 25022947 color=lorange
scaffold_3 60866711 60941097 5 25225382 25237590 color=lorange
scaffold_3 60866711 60941097 5 25215285 25217528 color=lorange
scaffold_3 61018605 61029568 5 25255651 25261251 color=lorange
scaffold_3 61418264 61425516 5 25403931 25409658 color=lorange
scaffold_3 61427199 61433626 5 25410441 25414869 color=lorange
scaffold_3 61613861 61628338 5 25466489 25470732 color=lorange
scaffold_3 61748495 61844670 5 25571826 25575650 color=lorange
scaffold_3 61900576 61907660 5 25605078 25608252 color=lorange
scaffold_3 62167004 62169301 5 25706515 25708231 color=lorange
scaffold_3 62364600 62365073 5 25771022 25771480 color=lorange
scaffold_3 62582096 62582719 5 25866718 25867341 color=lorange
scaffold_3 62605781 62606380 5 25877105 25877704 color=lorange
scaffold_3 62677370 62698745 5 25905363 25910983 color=lorange
scaffold_3 62705299 62722509 5 25922065 25929745 color=lorange
scaffold_3 62766641 62784330 5 25948006 25963726 color=lorange
scaffold_3 63878984 64066099 5 26394971 26444109 color=lorange
scaffold_3 63878984 64066099 5 26351923 26357205 color=lorange
scaffold_3 64477593 64592405 5 26642097 26645581 color=lorange
scaffold_3 64477593 64592405 5 26590621 26590878 color=lorange
scaffold_3 64887102 64947567 5 26766292 26802888 color=lorange
scaffold_3 64955144 65006208 5 26805618 26825470 color=lorange
scaffold_3 65148916 65158836 5 26883752 26886067 color=lorange
scaffold_3 65219476 65261205 5 26916720 26920119 color=lorange
scaffold_3 65219476 65261205 5 26903591 26907472 color=lorange
scaffold_3 65261882 65269988 5 26920824 26921421 color=lorange
scaffold_3 65270974 65308402 5 26922632 26925372 color=lorange
scaffold_3 65585518 65591194 5 27010796 27011917 color=lorange
scaffold_3 65654868 65731331 5 27053125 27062182 color=lorange
scaffold_3 65809650 65822662 5 27098435 27101467 color=lorange
scaffold_3 66096797 66105059 5 27186895 27212034 color=lorange
scaffold_3 66133711 66176794 5 27186895 27212034 color=lorange
scaffold_3 66362972 66384201 5 27274945 27282072 color=lorange
scaffold_3 66390430 66393778 5 27284398 27285337 color=lorange
scaffold_3 66411780 66443089 5 27302583 27312234 color=lorange
scaffold_3 66639402 66647507 5 27396374 27402385 color=lorange
scaffold_3 66652406 66660145 5 27403832 27405476 color=lorange
scaffold_3 67014920 67032243 5 27558924 27564697 color=lorange
scaffold_3 67038844 67042165 5 27568877 27571175 color=lorange
scaffold_3 67258033 67266457 5 27657167 27662412 color=lorange
scaffold_3 67634362 67690871 5 27802715 27817522 color=lorange
scaffold_3 67723421 67742215 5 27836145 27845054 color=lorange
scaffold_3 67747027 67922742 5 27848057 27872850 color=lorange
scaffold_3 67928426 67935639 5 27900264 27904528 color=lorange
scaffold_3 67958503 68014611 5 27911479 27918544 color=lorange
scaffold_3 68478233 68479462 5 28094339 28095568 color=lorange
scaffold_3 70562168 70569816 5 28879713 28883650 color=lorange
scaffold_3 70583652 70612544 5 28906915 28915879 color=lorange
scaffold_3 70583652 70612544 5 28890598 28890876 color=lorange
scaffold_3 70716507 70722432 5 28947448 28949163 color=lorange
scaffold_3 70761018 70784179 5 28959619 28970760 color=lorange
scaffold_3 71460796 71488673 5 29245183 29273994 color=lorange
scaffold_3 71489946 71628851 5 29245183 29273994 color=lorange
scaffold_3 71650336 71695809 5 29317113 29338293 color=lorange
scaffold_3 71698069 72198832 5 29339869 29353765 color=lorange
scaffold_3 71698069 72198832 5 29379205 29382286 color=lorange
scaffold_3 72205507 72209540 5 29536374 29539296 color=lorange
scaffold_3 72227080 72267027 5 29563094 29563303 color=lorange
scaffold_3 72442201 72442923 5 29627326 29627928 color=lorange
scaffold_3 72463577 72477284 5 29639196 29640655 color=lorange
scaffold_3 72528216 72749694 5 29675612 29700050 color=lorange
scaffold_3 73287742 73288410 5 29955407 29956102 color=lorange
scaffold_3 73808651 73814852 5 22215804 22222398 color=lorange
scaffold_3 73852554 73893485 5 22242052 22258844 color=lorange
scaffold_3 73999243 73999848 5 22299808 22300293 color=lorange
scaffold_3 74006068 74034470 5 22302613 22318129 color=lorange
scaffold_3 74073462 74116987 5 31014386 31022447 color=lorange
scaffold_3 74250034 74271037 5 30956930 30959837 color=lorange
scaffold_3 75452090 75550962 5 30535118 30535333 color=lorange
scaffold_3 75820790 75853974 5 30418526 30432051 color=lorange
scaffold_3 76670029 76684774 5 30219343 30224973 color=lorange
scaffold_3 76670029 76684774 5 30219343 30224928 color=lorange
scaffold_3 76779689 76801447 5 30163776 30178591 color=lorange
scaffold_3 76946843 76951602 5 31036891 31039892 color=lorange
scaffold_3 76946843 76951602 5 31036891 31039546 color=lorange
scaffold_3 77026028 77053035 5 39290165 39292290 color=lorange
scaffold_3 77141735 77215453 5 11533492 11539455 color=lorange
scaffold_3 77220127 77251473 5 11465039 11474325 color=lorange
scaffold_3 77259419 77275450 5 11449206 11456966 color=lorange
scaffold_3 77358989 77373669 5 11371932 11378148 color=lorange
scaffold_3 77378760 77379197 5 11370386 11370835 color=lorange
scaffold_3 77383163 77386441 5 11367085 11369044 color=lorange
scaffold_3 77383163 77386441 5 11365651 11367046 color=lorange
scaffold_3 77385489 77395518 5 11360711 11364227 color=lorange
scaffold_3 77385489 77395518 5 11360714 11364227 color=lorange
scaffold_3 77403994 77421554 5 11348422 11351129 color=lorange
scaffold_3 77559279 77717477 5 11272423 11301697 color=lorange
scaffold_3 77559279 77717477 5 11272423 11301697 color=lorange
scaffold_3 77840364 77846400 5 11186434 11191844 color=lorange
scaffold_3 77895083 77895316 5 11164182 11164736 color=lorange
scaffold_3 78014659 78106739 5 11102034 11115564 color=lorange
scaffold_3 78398899 78406613 5 28879713 28883650 color=lorange
scaffold_3 78416856 78458506 5 28906915 28915879 color=lorange
scaffold_3 78416856 78458506 5 28890598 28890876 color=lorange
scaffold_3 78524142 78530889 5 28947448 28949163 color=lorange
scaffold_3 78572352 78806254 5 28959619 28970760 color=lorange
scaffold_3 79290118 79318304 5 29245183 29273994 color=lorange
scaffold_3 79319526 79466567 5 29245183 29273994 color=lorange
scaffold_3 79491158 79533564 5 29317113 29338293 color=lorange
scaffold_3 79536720 80015090 5 29339869 29353765 color=lorange
scaffold_3 79536720 80015090 5 29379205 29382286 color=lorange
scaffold_3 80021524 80028152 5 29536374 29539296 color=lorange
scaffold_3 80032074 80036766 5 29541420 29544494 color=lorange
scaffold_3 80041911 80077593 5 29563094 29563303 color=lorange
scaffold_3 80256569 80257291 5 29627326 29627928 color=lorange
scaffold_3 80293401 80313099 5 29639196 29640655 color=lorange
scaffold_3 80388924 80616133 5 29675612 29700050 color=lorange
scaffold_3 81207214 81207882 5 29955407 29956102 color=lorange
scaffold_3 81361673 81362284 5 30021577 30024103 color=lorange
scaffold_3 81404291 81412366 5 30047002 30048696 color=lorange
scaffold_3 81404291 81412366 5 30047002 30061596 color=lorange
scaffold_3 81667014 81670321 5 22215804 22222398 color=lorange
scaffold_3 81698270 81755848 5 22242052 22258844 color=lorange
scaffold_3 81823201 81823805 5 22299808 22300293 color=lorange
scaffold_3 81827347 81871150 5 22302613 22318129 color=lorange
scaffold_3 81905917 81959204 5 31014386 31022447 color=lorange
scaffold_3 82103847 82131545 5 30956930 30959837 color=lorange
scaffold_3 83203930 83319456 5 30535118 30535333 color=lorange
scaffold_3 83589161 83622285 5 30418526 30432051 color=lorange
scaffold_3 83631179 84351568 5 30324472 30383832 color=lorange
scaffold_3 84523830 84541414 5 30219343 30224973 color=lorange
scaffold_3 84523830 84541414 5 30219343 30224928 color=lorange
scaffold_3 84636510 84663450 5 30163776 30178591 color=lorange
scaffold_3 84826688 84831417 5 31036891 31039892 color=lorange
scaffold_3 84826688 84831417 5 31036891 31039546 color=lorange
scaffold_3 84900516 84943162 5 39290165 39292290 color=lorange
scaffold_3 85037113 85103586 5 11533492 11539455 color=lorange
scaffold_3 85107960 85149620 5 11465039 11474325 color=lorange
scaffold_3 85158306 85203811 5 11449206 11456966 color=lorange
scaffold_3 85266736 85280205 5 11371932 11378148 color=lorange
scaffold_3 85282292 85282729 5 11370386 11370835 color=lorange
scaffold_3 85286677 85289951 5 11367085 11369044 color=lorange
scaffold_3 85286677 85289951 5 11365651 11367046 color=lorange
scaffold_3 85291288 85299779 5 11360711 11364227 color=lorange
scaffold_3 85291288 85299779 5 11360714 11364227 color=lorange
scaffold_3 85311652 85332034 5 11348422 11351129 color=lorange
scaffold_3 85484933 85641746 5 11272423 11301697 color=lorange
scaffold_3 85484933 85641746 5 11272423 11301697 color=lorange
scaffold_3 85763335 85769384 5 11186434 11191844 color=lorange
scaffold_3 85828037 86027047 5 11102034 11115564 color=lorange
scaffold_3 85828037 86027047 5 11139284 11140359 color=lorange
scaffold_3 85828037 86027047 5 11164182 11164736 color=lorange
scaffold_3 86107181 86121958 5 11036787 11041572 color=lorange
scaffold_3 86306215 86390948 5 10933772 10951138 color=lorange
scaffold_3 87214646 87232704 5 10711078 10718158 color=lorange
scaffold_3 87234216 87236675 5 10708537 10710971 color=lorange
scaffold_3 87238179 87315091 5 10679794 10706173 color=lorange
scaffold_3 87369059 87389857 5 10638742 10643220 color=lorange
scaffold_3 87468904 87474531 5 10615838 10617986 color=lorange
scaffold_3 87737796 87803450 5 10457059 10466180 color=lorange
scaffold_3 87807725 87816762 5 10445857 10453792 color=lorange
scaffold_3 87818463 87819672 5 10442459 10443867 color=lorange
scaffold_3 87822291 87832436 5 10435798 10440574 color=lorange
scaffold_3 87833451 87887885 5 10418191 10435215 color=lorange
scaffold_3 88005781 88010768 5 10358767 10361067 color=lorange
scaffold_3 88012439 88017609 5 10353188 10355010 color=lorange
scaffold_3 88032903 88036228 5 10340308 10342965 color=lorange
scaffold_3 88236381 88307473 5 35760759 35788943 color=lorange
scaffold_3 88327055 88327443 5 35751978 35752381 color=lorange
scaffold_3 88327947 88331321 5 35748327 35751061 color=lorange
scaffold_3 88366859 88476511 5 35685140 35698620 color=lorange
scaffold_3 88366859 88476511 5 35725619 35731173 color=lorange
scaffold_3 88478579 88483202 5 35681459 35684259 color=lorange
scaffold_3 88489780 88492999 5 35675218 35678138 color=lorange
scaffold_3 88508275 88510768 5 35665260 35667650 color=lorange
scaffold_3 88513053 88515524 5 35660899 35663691 color=lorange
scaffold_3 88532123 88532757 5 35647703 35651464 color=lorange
scaffold_3 88537504 88539378 5 35647703 35651464 color=lorange
scaffold_3 88542342 88567113 5 35639391 35644242 color=lorange
scaffold_3 88573559 88575297 5 35632860 35633858 color=lorange
scaffold_3 88625531 88660851 5 35602897 35615695 color=lorange
scaffold_3 88759647 88773211 5 35550975 35555104 color=lorange
scaffold_3 88780737 88782240 5 35546167 35546754 color=lorange
scaffold_3 88885810 88890121 5 35501091 35504191 color=lorange
scaffold_3 88937455 88943602 5 35474134 35476983 color=lorange
scaffold_3 88952382 89527870 5 35460850 35466624 color=lorange
scaffold_3 89614743 89616029 5 35223111 35224129 color=lorange
scaffold_3 89619601 89642390 5 35213707 35220396 color=lorange
scaffold_3 89860292 89870541 5 35124825 35129639 color=lorange
scaffold_3 89860292 89870541 5 35130312 35131711 color=lorange
scaffold_3 90043104 90407949 5 34904523 34905560 color=lorange
scaffold_3 90043104 90407949 5 34922328 34925039 color=lorange
scaffold_3 90469179 90495649 5 34811451 34820579 color=lorange
scaffold_3 90665873 90682684 5 34775594 34778627 color=lorange
scaffold_3 90686214 90688172 5 34769163 34770367 color=lorange
scaffold_3 90686214 90688172 5 34768528 34768866 color=lorange
scaffold_3 90793482 90874951 5 34714622 34728067 color=lorange
scaffold_3 91269532 91318086 5 34568422 34575523 color=lorange
scaffold_3 91342759 91354575 5 34551889 34555609 color=lorange
scaffold_3 91399377 91408194 5 34529848 34535654 color=lorange
scaffold_3 91488737 91490714 5 9858693 9861914 color=lorange
scaffold_3 91503849 91603161 5 9870316 9895343 color=lorange
scaffold_3 91615264 91621490 5 9897530 9903429 color=lorange
scaffold_3 91623300 91636114 5 9904417 9910967 color=lorange
scaffold_3 91648028 91654417 5 9914468 9925112 color=lorange
scaffold_3 92085201 92089295 5 10083480 10086755 color=lorange
scaffold_3 92130625 92151713 5 10090633 10101927 color=lorange
scaffold_3 92831418 92831906 5 35912647 35913129 color=lorange
scaffold_3 92842176 92843615 5 35920132 35921547 color=lorange
scaffold_3 92952160 92989381 5 35957126 35972574 color=lorange
scaffold_3 92997096 93017814 5 35979506 35986780 color=lorange
scaffold_3 93148816 93151080 5 11593307 11595259 color=lorange
scaffold_3 93198964 93223811 5 11621395 11628004 color=lorange
scaffold_3 93960466 93971685 5 11921926 11926280 color=lorange
scaffold_3 94164702 94200004 5 12032336 12041044 color=lorange
scaffold_3 94298320 94315571 5 12095149 12103135 color=lorange
scaffold_3 94328238 94361028 5 12125546 12135576 color=lorange
scaffold_3 94328238 94361028 5 12113336 12119135 color=lorange
scaffold_3 94433445 94542355 5 12151975 12174094 color=lorange
scaffold_3 95143980 95154319 5 12436964 12440261 color=lorange
scaffold_3 95194385 95197936 5 12450044 12453165 color=lorange
scaffold_3 95194385 95197936 5 12450598 12453165 color=lorange
scaffold_3 95260607 95265086 5 12485697 12485927 color=lorange
scaffold_3 95338119 95343484 5 12521343 12526247 color=lorange
scaffold_3 95358478 95419766 5 12559547 12572299 color=lorange
scaffold_3 95426711 95546556 5 12578346 12595840 color=lorange
scaffold_3 95426711 95546556 5 12633938 12634388 color=lorange
scaffold_3 95664980 95665671 5 12694263 12695520 color=lorange
scaffold_3 96024764 96069002 5 12857220 12871694 color=lorange
scaffold_3 96138291 96232807 5 12878604 12887857 color=lorange
scaffold_3 96295539 96316375 5 12951283 12963904 color=lorange
scaffold_3 96407905 96417033 5 31656798 31663398 color=lorange
scaffold_3 96418775 96422539 5 31651550 31655612 color=lorange
scaffold_3 96428776 96472025 5 31625518 31648077 color=lorange
scaffold_3 96514112 96517051 5 31596070 31597850 color=lorange
scaffold_3 96522747 96585793 5 31584928 31592861 color=lorange
scaffold_3 96748569 96778830 5 31468796 31480827 color=lorange
scaffold_3 96799209 96836833 5 31447955 31449728 color=lorange
scaffold_3 96799209 96836833 5 31447955 31449683 color=lorange
scaffold_3 96802587 96822265 5 31450982 31456914 color=lorange
scaffold_3 96844975 96845459 5 31445099 31445573 color=lorange
scaffold_3 96866239 96867583 5 31436473 31438017 color=lorange
scaffold_3 96868560 96870419 5 31432778 31434767 color=lorange
scaffold_3 96868560 96870419 5 31432778 31433382 color=lorange
scaffold_3 96875298 96897994 5 32633220 32645462 color=lorange
scaffold_3 97101304 97102188 5 32728363 32729247 color=lorange
scaffold_3 97618357 97657333 5 32950395 32956645 color=lorange
scaffold_3 97618357 97657333 5 32947374 32949018 color=lorange
scaffold_3 97860313 97868277 5 33052910 33056191 color=lorange
scaffold_3 97984210 97984791 5 33163268 33167815 color=lorange
scaffold_3 98131720 98158346 5 33094603 33101736 color=lorange
scaffold_3 98160411 98161551 5 33091446 33092849 color=lorange
scaffold_3 98166706 98168244 5 33173773 33175842 color=lorange
scaffold_3 98169022 98195354 5 33177479 33187995 color=lorange
scaffold_3 98637572 98805866 5 33371178 33381989 color=lorange
scaffold_3 99258640 99868484 5 33882672 33887119 color=lorange
scaffold_3 99258640 99868484 5 33801922 33802766 color=lorange
scaffold_3 99258640 99868484 5 33746331 33749917 color=lorange
scaffold_3 99883405 99910658 5 33898256 33909856 color=lorange
scaffold_3 99917601 100334683 5 33975487 33988904 color=lorange
scaffold_3 99917601 100334683 5 34062609 34075154 color=lorange
scaffold_3 99917601 100334683 5 33914661 33925527 color=lorange
scaffold_3 100338350 100369159 5 34077014 34090744 color=lorange
scaffold_3 100343102 100359916 5 34077014 34090744 color=lorange
scaffold_3 100471744 100491153 5 34144332 34156914 color=lorange
scaffold_3 100605217 100607635 5 34206916 34209696 color=lorange
scaffold_3 100612315 100616677 5 34210206 34213150 color=lorange
scaffold_3 100621437 100637134 5 34216748 34224411 color=lorange
scaffold_3 101034627 101039480 5 34399019 34402674 color=lorange
scaffold_3 101045045 101047444 5 34406136 34407850 color=lorange
scaffold_3 101050341 101065550 5 34409077 34415971 color=lorange
scaffold_3 101168164 101197306 5 34451027 34455480 color=lorange
scaffold_3 101230130 101250968 5 34467781 34477179 color=lorange
scaffold_3 101309594 101315728 5 34513306 34514321 color=lorange
scaffold_3 101369138 101370913 5 3823555 3826134 color=lorange
scaffold_3 101375956 101377128 5 3830027 3831193 color=lorange
scaffold_3 101379144 101386478 5 3833614 3835817 color=lorange
scaffold_3 101444987 101454541 5 3857521 3861000 color=lorange
scaffold_3 101550066 101611722 5 3126005 3148797 color=lorange
scaffold_3 101637887 101648673 5 14675126 14683493 color=lorange
scaffold_3 101688946 101720076 5 14636142 14640395 color=lorange
scaffold_3 103078379 103081936 5 14066957 14068511 color=lorange
scaffold_3 104060870 104345057 5 13571363 13578695 color=lorange
scaffold_3 104060870 104345057 5 13592788 13604794 color=lorange
scaffold_3 104060870 104345057 5 13693140 13698551 color=lorange
scaffold_3 104358216 104387344 5 13545249 13561077 color=lorange
scaffold_3 104619164 104742304 5 13399708 13412003 color=lorange
scaffold_3 104619164 104742304 5 13363695 13366332 color=lorange
scaffold_3 104918983 104945237 5 13247536 13263122 color=lorange
scaffold_3 105432280 105448453 5 13084454 13091440 color=lorange
scaffold_3 105475272 105557377 5 13025015 13046835 color=lorange
scaffold_3 105654897 105680788 5 13004635 13005964 color=lorange
scaffold_3 105717936 105803676 5 31721243 31723181 color=lorange
scaffold_3 106033211 106084658 5 31811995 31825891 color=lorange
scaffold_3 106099836 106130204 5 31833886 31843532 color=lorange
scaffold_3 106135020 106135630 5 31847708 31848191 color=lorange
scaffold_3 106295352 106295942 5 31896329 31896895 color=lorange
scaffold_3 106296307 106296897 5 31896329 31896895 color=lorange
scaffold_3 106298257 106298841 5 31896329 31896895 color=lorange
scaffold_3 106377549 106447984 5 31927675 31935259 color=lorange
scaffold_3 106764183 106788220 5 13004635 13005964 color=lorange
scaffold_3 107233816 107234423 5 31847708 31848191 color=lorange
scaffold_3 107265638 107400925 5 31852602 31860994 color=lorange
scaffold_3 107265638 107400925 5 31896329 31896895 color=lorange
scaffold_3 107265638 107400925 5 31886517 31887063 color=lorange
scaffold_3 107529883 107575431 5 31927675 31935259 color=lorange
scaffold_3 107594875 107599960 5 31947069 31950532 color=lorange
scaffold_3 107672525 107720561 5 31988276 32002942 color=lorange
scaffold_3 107878104 107903174 5 32290821 32298546 color=lorange
scaffold_3 107915290 107916584 5 32281854 32283665 color=lorange
scaffold_3 107994998 107995925 5 32243233 32244305 color=lorange
scaffold_3 107996583 108006754 5 32240926 32242408 color=lorange
scaffold_3 108112611 108115166 5 32046001 32047545 color=lorange
scaffold_3 108122824 108164906 5 32054224 32069247 color=lorange
scaffold_3 108617087 108632188 5 32230775 32236165 color=lorange
scaffold_3 108729899 108730814 5 32341662 32343691 color=lorange
scaffold_3 108963250 108982134 5 32378957 32398146 color=lorange
scaffold_3 108992123 109105753 5 32403533 32410524 color=lorange
scaffold_3 108992123 109105753 5 32403533 32405466 color=lorange
scaffold_3 109473568 109513594 5 32507716 32512914 color=lorange
scaffold_3 109526479 109539940 5 32501228 32505847 color=lorange
scaffold_3 109544936 109576463 5 32620133 32628060 color=lorange
scaffold_3 109544936 109576463 5 32620133 32628060 color=lorange
scaffold_3 109613527 109668196 5 31262592 31267625 color=lorange
scaffold_3 109788194 110041338 5 31421306 31425476 color=lorange
scaffold_3 109788194 110041338 5 31383758 31404957 color=lorange
scaffold_3 109788194 110041338 5 31356523 31367210 color=lorange
scaffold_4 1188005 1188337 3 33324366 33331022 color=lorange
scaffold_4 1188548 1188694 3 33324366 33331022 color=lorange
scaffold_4 1282484 1320025 3 33281100 33287041 color=lorange
scaffold_4 1469050 1469878 3 33224014 33225110 color=lorange
scaffold_4 1471029 1476235 3 33220711 33223248 color=lorange
scaffold_4 1533478 1587938 3 33182427 33196894 color=lorange
scaffold_4 1906440 2343183 3 32962201 32994022 color=lorange
scaffold_4 2388260 2443087 3 32872486 32877963 color=lorange
scaffold_4 2477893 2481294 3 30639651 30642619 color=lorange
scaffold_4 2494453 2555229 3 30664872 30680631 color=lorange
scaffold_4 2494453 2555229 3 30657753 30660103 color=lorange
scaffold_4 2634709 2655613 3 30712676 30721311 color=lorange
scaffold_4 2666035 2669130 3 30729423 30731198 color=lorange
scaffold_4 2677477 2680985 3 30736100 30739548 color=lorange
scaffold_4 2681398 2682318 3 30740898 30741815 color=lorange
scaffold_4 2702918 2727091 3 30757345 30764760 color=lorange
scaffold_4 2731320 2836601 3 30798746 30802216 color=lorange
scaffold_4 2859875 2924955 3 30813250 30817462 color=lorange
scaffold_4 2859875 2924955 3 30829815 30835200 color=lorange
scaffold_4 3080464 3088983 3 30892978 30900297 color=lorange
scaffold_4 3097782 3098494 3 30902890 30906110 color=lorange
scaffold_4 3297088 3359795 3 30992767 30994631 color=lorange
scaffold_4 3297088 3359795 3 30972056 30980292 color=lorange
scaffold_4 3385398 3392809 3 31005056 31005901 color=lorange
scaffold_4 3429419 3444809 3 31025366 31025914 color=lorange
scaffold_4 3429419 3444809 3 31018390 31021204 color=lorange
scaffold_4 3461634 3487841 3 31032429 31032749 color=lorange
scaffold_4 3759205 3760819 3 7416139 7417965 color=lorange
scaffold_4 3799409 3813039 3 7391289 7398575 color=lorange
scaffold_4 3887034 3888401 3 7340900 7341857 color=lorange
scaffold_4 3953882 3954590 X 15152511 15153031 color=lorange
scaffold_4 3957868 3963443 3 7307508 7312015 color=lorange
scaffold_4 4177664 4184678 3 7207248 7211470 color=lorange
scaffold_4 4199761 4214494 3 7189440 7193960 color=lorange
scaffold_4 4218604 4260241 3 30478390 30489854 color=lorange
scaffold_4 4589416 4596736 3 30366828 30369514 color=lorange
scaffold_4 4745405 4765269 3 30273147 30295359 color=lorange
scaffold_4 4745405 4765269 3 30273147 30277227 color=lorange
scaffold_4 4834610 4953564 3 30219408 30225203 color=lorange
scaffold_4 5032869 5043691 3 30188482 30192010 color=lorange
scaffold_4 5076514 5116503 3 30161254 30172752 color=lorange
scaffold_4 5310686 5322602 3 30088346 30091983 color=lorange
scaffold_4 5431916 5454935 3 30047967 30056886 color=lorange
scaffold_4 5759669 5771012 3 29947730 29950567 color=lorange
scaffold_4 5794981 5806324 3 29947730 29950567 color=lorange
scaffold_4 7574206 7578069 3 34500807 34503410 color=lorange
scaffold_4 7801795 7815342 3 34591509 34601623 color=lorange
scaffold_4 7832971 8296428 3 34614195 34625291 color=lorange
scaffold_4 8332804 8347956 3 34825526 34835168 color=lorange
scaffold_4 8490974 8503874 3 41904779 41909515 color=lorange
scaffold_4 8604423 8649385 3 41855122 41862648 color=lorange
scaffold_4 8651263 8672554 3 41840566 41847521 color=lorange
scaffold_4 9220246 9474000 3 41674093 41675830 color=lorange
scaffold_4 9796673 9890730 3 41579483 41595802 color=lorange
scaffold_4 9895573 9899632 3 41573453 41574390 color=lorange
scaffold_4 9902415 9903817 3 41570394 41571259 color=lorange
scaffold_4 9906789 9910646 3 41567241 41569050 color=lorange
scaffold_4 10133942 10143858 3 41495606 41499131 color=lorange
scaffold_4 10300011 10300325 3 39496363 39496848 color=lorange
scaffold_4 10383156 10386776 3 39535203 39536873 color=lorange
scaffold_4 10403988 10412846 3 39543292 39544850 color=lorange
scaffold_4 10764881 10771772 3 39664939 39665938 color=lorange
scaffold_4 10943388 11009954 3 39721474 39735533 color=lorange
scaffold_4 11058474 11060478 3 39759941 39762100 color=lorange
scaffold_4 11066952 11096779 3 39764314 39775809 color=lorange
scaffold_4 11116669 11151528 3 39788016 39791338 color=lorange
scaffold_4 11175848 11181682 3 39814383 39816503 color=lorange
scaffold_4 11220406 11245792 3 39828806 39834661 color=lorange
scaffold_4 12361614 12402520 3 9049436 9066206 color=lorange
scaffold_4 13150414 13198859 3 8596221 8610472 color=lorange
scaffold_4 13220299 13264460 3 8558160 8567840 color=lorange
scaffold_4 13220299 13264460 7 27509542 27511974 color=lorange
scaffold_4 13406414 13407543 3 8512140 8513009 color=lorange
scaffold_4 13429191 13430090 3 8498708 8499699 color=lorange
scaffold_4 13433661 13449721 3 8489385 8495275 color=lorange
scaffold_4 13472748 13635934 3 8465461 8483121 color=lorange
scaffold_4 13581876 13591743 3 31326550 31326756 color=lorange
scaffold_4 13581876 13591743 3 31320568 31320774 color=lorange
scaffold_4 13591537 13591743 3 31326550 31326756 color=lorange
scaffold_4 13591537 13591743 3 31320568 31320774 color=lorange
scaffold_4 13594641 13594847 3 31326550 31326756 color=lorange
scaffold_4 13594641 13594847 3 31320568 31320774 color=lorange
scaffold_4 13598456 13598662 3 31326550 31326756 color=lorange
scaffold_4 13598456 13598662 3 31320568 31320774 color=lorange
scaffold_4 13685837 14080425 3 8375881 8383683 color=lorange
scaffold_4 13685837 14080425 3 8313204 8313422 color=lorange
scaffold_4 13685837 14080425 3 8281718 8287340 color=lorange
scaffold_4 14199203 14449847 3 8195016 8239124 color=lorange
scaffold_4 15179684 15188577 3 7882312 7886387 color=lorange
scaffold_4 15277793 15298264 3 7847314 7855937 color=lorange
scaffold_4 15302678 15459206 3 7780531 7801695 color=lorange
scaffold_4 15302678 15459206 3 7835872 7845552 color=lorange
scaffold_4 15302678 15459206 3 7823760 7827086 color=lorange
scaffold_4 15302678 15459206 3 7803442 7808864 color=lorange
scaffold_4 15486520 15767031 3 7679714 7681561 color=lorange
scaffold_4 15774068 15820085 3 7635264 7639776 color=lorange
scaffold_4 15774068 15820085 3 7643333 7645113 color=lorange
scaffold_4 15774068 15820085 3 7632978 7634546 color=lorange
scaffold_4 15828977 15863424 3 7614731 7627564 color=lorange
scaffold_4 15870201 15871813 3 7610491 7611263 color=lorange
scaffold_4 15872485 15893272 3 7602407 7609790 color=lorange
scaffold_4 16755835 17059364 3 40296146 40300408 color=lorange
scaffold_4 16839050 16861386 3 40314470 40321447 color=lorange
scaffold_4 17087452 17158091 3 9433290 9452961 color=lorange
scaffold_4 17087452 17158091 3 9424770 9429669 color=lorange
scaffold_4 17688490 17688801 3 9623210 9623479 color=lorange
scaffold_4 17697112 17710193 3 9625959 9632219 color=lorange
scaffold_4 17733580 17815030 3 9646765 9674064 color=lorange
scaffold_4 18111866 18115135 9 23589296 23598205 color=lorange
scaffold_4 18115670 18125394 3 9778959 9785133 color=lorange
scaffold_4 18127852 18128448 3 9787883 9788488 color=lorange
scaffold_4 18139339 18173289 3 9789686 9802421 color=lorange
scaffold_4 18174896 18215877 3 9805024 9819945 color=lorange
scaffold_4 18535736 18569827 3 9939813 9941757 color=lorange
scaffold_4 18535736 18569827 3 9927528 9928359 color=lorange
scaffold_4 18575983 18601567 3 9943106 9952559 color=lorange
scaffold_4 18602710 18614519 3 9955905 9964178 color=lorange
scaffold_4 18633849 18636187 3 9975854 9978611 color=lorange
scaffold_4 18673854 18680716 3 10001663 10004527 color=lorange
scaffold_4 19306844 19380796 3 10238767 10257218 color=lorange
scaffold_4 19635895 19750284 3 10379614 10403977 color=lorange
scaffold_4 19834095 19906349 3 10439164 10458052 color=lorange
scaffold_4 19951639 20003210 3 10483562 10500812 color=lorange
scaffold_4 20021180 20033795 3 10505180 10511449 color=lorange
scaffold_4 20050147 20072635 3 10520315 10529350 color=lorange
scaffold_4 20074091 20078273 3 10530711 10533046 color=lorange
scaffold_4 20119154 20131770 3 10554863 10560377 color=lorange
scaffold_4 20133138 20167687 3 10574388 10579238 color=lorange
scaffold_4 20133138 20167687 3 10561866 10563802 color=lorange
scaffold_4 20183536 20183877 3 10588304 10588645 color=lorange
scaffold_4 20207202 20217307 3 10597377 10606431 color=lorange
scaffold_4 20397148 20402652 3 10705960 10710582 color=lorange
scaffold_4 20416414 20417515 3 10717746 10719304 color=lorange
scaffold_4 20419158 20421998 3 10720529 10725337 color=lorange
scaffold_4 20424284 20427834 3 10726066 10727720 color=lorange
scaffold_4 20447116 20448572 3 10740202 10742851 color=lorange
scaffold_4 20469981 20503183 3 10753375 10765960 color=lorange
scaffold_4 20639990 20644424 3 10816996 10823148 color=lorange
scaffold_4 20644483 20661691 3 10823205 10834027 color=lorange
scaffold_4 20712319 20713666 3 10856699 10859622 color=lorange
scaffold_4 20712319 20713666 6 2450632 2450922 color=lorange
scaffold_4 20715021 20741393 3 10873785 10881467 color=lorange
scaffold_4 20751673 20763074 3 10885267 10889890 color=lorange
scaffold_4 20804970 20822414 3 10912547 10918260 color=lorange
scaffold_4 20874475 20881378 3 10944081 10949042 color=lorange
scaffold_4 20923495 20973237 3 10981352 11006384 color=lorange
scaffold_4 21021662 21042691 3 11033754 11045889 color=lorange
scaffold_4 21048972 21070544 3 11048578 11060743 color=lorange
scaffold_4 21112596 21115458 3 11081376 11083703 color=lorange
scaffold_4 21112596 21115458 2 34276632 34280570 color=lorange
scaffold_4 21120229 21130600 3 11086758 11095149 color=lorange
scaffold_4 21138116 21143873 3 11101401 11106454 color=lorange
scaffold_4 21152982 21214316 3 11123091 11135038 color=lorange
scaffold_4 21222375 21280457 3 11145740 11163639 color=lorange
scaffold_4 21367630 21640354 3 11282747 11297012 color=lorange
scaffold_4 21718807 21757418 3 11357374 11377115 color=lorange
scaffold_4 21768093 21777743 3 11379527 11384832 color=lorange
scaffold_4 21804811 21821581 3 11398353 11404784 color=lorange
scaffold_4 21823586 21825208 3 11406433 11406957 color=lorange
scaffold_4 21832310 21857822 3 11408534 11422842 color=lorange
scaffold_4 21889613 22395800 3 11440724 11470768 color=lorange
scaffold_4 22450114 22457729 3 11633150 11634488 color=lorange
scaffold_4 22458473 22465048 3 11635148 11636856 color=lorange
scaffold_4 22465579 22475018 3 11637817 11641122 color=lorange
scaffold_4 22481811 22501556 3 11648440 11659404 color=lorange
scaffold_4 22525698 22530139 3 11672685 11676813 color=lorange
scaffold_4 22549967 22574064 3 11689092 11704616 color=lorange
scaffold_4 22603838 22647131 3 11723768 11739888 color=lorange
scaffold_4 22646967 22664438 3 11723768 11739888 color=lorange
scaffold_4 22670851 22701874 3 11748318 11762706 color=lorange
scaffold_4 22714359 22787884 3 11771393 11801634 color=lorange
scaffold_4 22811904 22858705 3 11816544 11831467 color=lorange
scaffold_4 22993790 23002774 3 11896051 11902168 color=lorange
scaffold_4 23004966 23005319 3 11904256 11904519 color=lorange
scaffold_4 23009611 23024675 3 11906038 11912446 color=lorange
scaffold_4 23033090 23042931 3 11917213 11922005 color=lorange
scaffold_4 23080615 23084614 3 11934996 11939890 color=lorange
scaffold_4 23085323 23103858 3 11941312 11946088 color=lorange
scaffold_4 23149647 23184039 3 11984203 11992904 color=lorange
scaffold_4 23259124 23329715 3 12019491 12064910 color=lorange
scaffold_4 23360131 23362898 3 12085291 12086549 color=lorange
scaffold_4 23367799 23382387 3 12088722 12093652 color=lorange
scaffold_4 23418714 23420767 3 12101858 12103856 color=lorange
scaffold_4 23451125 23707042 3 12113160 12118569 color=lorange
scaffold_4 23777128 23779270 3 12253075 12255418 color=lorange
scaffold_4 24118280 24128712 3 12409660 12409914 color=lorange
scaffold_4 24604769 24617498 3 12624722 12630474 color=lorange
scaffold_4 24620391 24638853 3 12632162 12641184 color=lorange
scaffold_4 24989807 25116293 3 12813993 12829160 color=lorange
scaffold_4 24989807 25116293 3 12788912 12807431 color=lorange
scaffold_4 26416088 26638291 3 13473751 13485543 color=lorange
scaffold_4 26416088 26638291 3 13384291 13391781 color=lorange
scaffold_4 26716892 26804328 3 13523100 13556141 color=lorange
scaffold_4 26815631 26826142 3 13567147 13571275 color=lorange
scaffold_4 26815631 26826142 3 13556601 13559143 color=lorange
scaffold_4 26815631 26826142 3 13556601 13559134 color=lorange
scaffold_4 26843680 27058587 3 13580590 13606033 color=lorange
scaffold_4 26843680 27058587 3 13651111 13655412 color=lorange
scaffold_4 27219779 27272058 3 13715299 13724566 color=lorange
scaffold_4 27306115 27352811 3 13751799 13780627 color=lorange
scaffold_4 27355316 27382187 3 13783624 13801038 color=lorange
scaffold_4 27401341 27412661 3 13817659 13824553 color=lorange
scaffold_4 27490942 27492087 3 13861082 13862227 color=lorange
scaffold_4 27540313 27552319 3 13886194 13887036 color=lorange
scaffold_4 28160136 28192649 3 14189101 14195244 color=lorange
scaffold_4 28286211 28352865 3 14268688 14279703 color=lorange
scaffold_4 28286211 28352865 3 14257841 14261397 color=lorange
scaffold_4 29995664 30035875 3 15001821 15019660 color=lorange
scaffold_4 30045284 30052027 3 15026113 15031399 color=lorange
scaffold_4 30052749 30730603 3 15292615 15302923 color=lorange
scaffold_4 30746990 30783063 3 15315973 15335536 color=lorange
scaffold_4 30785254 30785988 3 15344028 15344399 color=lorange
scaffold_4 30796279 30820776 3 15356020 15368865 color=lorange
scaffold_4 30838557 30855848 3 15378197 15389439 color=lorange
scaffold_4 30858920 30862044 3 15392069 15393776 color=lorange
scaffold_4 30865718 30871283 3 15399153 15404173 color=lorange
scaffold_4 31047123 31054744 3 15477695 15482784 color=lorange
scaffold_4 31103795 31152895 3 15503430 15528738 color=lorange
scaffold_4 31103795 31152895 3 15492933 15502904 color=lorange
scaffold_4 31891487 31937689 3 15800157 15809599 color=lorange
scaffold_4 31962299 31965817 3 15823377 15824959 color=lorange
scaffold_4 31979601 31981501 3 15837162 15839803 color=lorange
scaffold_4 32019692 32127157 3 15877617 15890396 color=lorange
scaffold_4 32019692 32127157 3 15885107 15890396 color=lorange
scaffold_4 32160829 32167512 3 15899390 15903391 color=lorange
scaffold_4 32176481 32223037 3 15927766 15936266 color=lorange
scaffold_4 32264785 32387551 3 15994569 16012026 color=lorange
scaffold_4 32474514 32480681 3 16050253 16059525 color=lorange
scaffold_4 32474514 32480681 3 16050253 16059525 color=lorange
scaffold_4 32483134 32496920 3 32064219 32070051 color=lorange
scaffold_4 33203312 33275688 3 32327041 32329637 color=lorange
scaffold_4 33212057 33213220 3 32329855 32331018 color=lorange
scaffold_4 33284239 33297211 3 32348721 32353487 color=lorange
scaffold_4 33322160 33336056 3 32849001 32851946 color=lorange
scaffold_4 33357819 33412051 3 32838106 32842714 color=lorange
scaffold_4 33450815 33455843 3 32808568 32809784 color=lorange
scaffold_4 33706061 33718473 3 30622086 30627365 color=lorange
scaffold_4 33761633 33776691 3 30596378 30608985 color=lorange
scaffold_4 33777585 33779396 3 30596378 30608985 color=lorange
scaffold_4 33782176 33811540 3 30586688 30594479 color=lorange
scaffold_4 33813368 33816413 3 30583880 30586239 color=lorange
scaffold_4 33819919 33830157 3 30577839 30580650 color=lorange
scaffold_4 33834424 33883592 3 30556605 30559691 color=lorange
scaffold_4 33965592 33990141 3 30499665 30507630 color=lorange
scaffold_4 34018194 34063934 3 7148435 7160458 color=lorange
scaffold_4 34228458 34233382 3 7103768 7106986 color=lorange
scaffold_4 34252109 34274826 3 1577968 1583149 color=lorange
scaffold_4 34283347 34303920 3 1569183 1574138 color=lorange
scaffold_4 34305385 34315710 3 1564611 1567746 color=lorange
scaffold_4 34433753 34438557 3 1541872 1543256 color=lorange
scaffold_4 34523050 34556067 3 1507005 1516149 color=lorange
scaffold_4 34728667 34741481 3 1445421 1446094 color=lorange
scaffold_4 34780188 34801746 3 1431117 1439066 color=lorange
scaffold_4 34814121 35263477 3 1333096 1382529 color=lorange
scaffold_4 35270850 35279620 3 1325737 1328730 color=lorange
scaffold_4 35373430 35424100 3 1276092 1290992 color=lorange
scaffold_4 35838523 35846574 3 1150371 1154494 color=lorange
scaffold_4 35854808 35866435 3 1037047 1040900 color=lorange
scaffold_4 35896166 35901982 3 1050994 1053144 color=lorange
scaffold_4 35904111 35906654 3 1053897 1055222 color=lorange
scaffold_4 35909828 35910343 3 1058051 1058563 color=lorange
scaffold_4 35913409 35914481 3 1059295 1060129 color=lorange
scaffold_4 35916530 35942263 3 1061418 1066865 color=lorange
scaffold_4 35945080 35957193 3 1068126 1072404 color=lorange
scaffold_4 35961484 36000348 3 1081724 1087183 color=lorange
scaffold_4 36033829 36043168 3 1112729 1115994 color=lorange
scaffold_4 36073926 36076086 3 1125467 1126954 color=lorange
scaffold_4 36084968 36100139 3 1134452 1141870 color=lorange
scaffold_4 36084968 36100139 3 1130513 1134192 color=lorange
scaffold_4 36109603 36121623 3 1033255 1035527 color=lorange
scaffold_4 36767346 37013212 3 825353 836065 color=lorange
scaffold_4 37437545 37470476 3 159670 166323 color=lorange
scaffold_4 37476630 37558936 3 154309 156215 color=lorange
scaffold_4 37476630 37558936 3 149336 151540 color=lorange
scaffold_4 37790457 37793949 3 41473677 41474972 color=lorange
scaffold_4 37798182 37823746 3 41466448 41471732 color=lorange
scaffold_4 37879466 37921371 3 41439240 41449988 color=lorange
scaffold_4 37923237 37931400 3 41433846 41437938 color=lorange
scaffold_4 38368158 38390610 3 41328429 41333333 color=lorange
scaffold_4 38368158 38390610 3 41328735 41333333 color=lorange
scaffold_4 38395939 38402189 3 41327154 41328022 color=lorange
scaffold_4 38658777 38707710 3 41222080 41233311 color=lorange
scaffold_4 38758564 38761075 3 41208184 41209850 color=lorange
scaffold_4 38767231 38768340 3 41204230 41205210 color=lorange
scaffold_4 38769036 39027419 3 41199046 41203525 color=lorange
scaffold_4 38769036 39027419 3 41125074 41128360 color=lorange
scaffold_4 39056868 39059745 3 41121196 41122206 color=lorange
scaffold_4 39080768 39083590 3 41107540 41113418 color=lorange
scaffold_4 39101211 39110337 3 41102411 41107321 color=lorange
scaffold_4 39593439 39663639 3 40947034 40955947 color=lorange
scaffold_4 40317852 40318313 5 33975487 33988904 color=lorange
scaffold_4 41367903 41404116 3 40446206 40452067 color=lorange
scaffold_4 41429345 41540115 3 40406989 40415879 color=lorange
scaffold_4 41548275 41553644 3 40399975 40401449 color=lorange
scaffold_4 41568968 41577370 3 40392882 40396117 color=lorange
scaffold_4 41579401 41593288 3 40385385 40391599 color=lorange
scaffold_4 41619775 41630892 3 40369844 40375344 color=lorange
scaffold_4 41643127 41680837 3 32042208 32055132 color=lorange
scaffold_4 41728630 41746238 3 30629713 30637812 color=lorange
scaffold_4 41747045 41747800 3 30638419 30639145 color=lorange
scaffold_4 41748388 41775313 3 31870738 31876136 color=lorange
scaffold_4 41793923 41810066 3 31851528 31856945 color=lorange
scaffold_4 41844628 41845104 3 31841247 31841723 color=lorange
scaffold_4 42961684 42965070 5 17890825 17910490 color=lorange
scaffold_4 42961684 42965070 5 17890825 17910490 color=lorange
scaffold_4 42961684 42965070 5 17870036 17887972 color=lorange
scaffold_4 42966656 42967807 3 31400833 31401891 color=lorange
scaffold_4 42981450 42989131 3 31389193 31395528 color=lorange
scaffold_4 42990575 42999168 3 31383104 31387455 color=lorange
scaffold_4 43020455 43104332 3 31335133 31344785 color=lorange
scaffold_4 43020455 43104332 3 31361290 31363747 color=lorange
scaffold_4 43110897 43117906 3 31326550 31326756 color=lorange
scaffold_4 43110897 43117906 3 31320568 31320774 color=lorange
scaffold_4 43269220 43286395 3 31258726 31265462 color=lorange
scaffold_4 43289857 43302173 3 31253384 31256873 color=lorange
scaffold_4 43346690 43348473 3 31212019 31216933 color=lorange
scaffold_4 43412927 43462657 3 31164166 31191106 color=lorange
scaffold_4 43470530 43492967 3 31146384 31156409 color=lorange
scaffold_4 43756956 43761941 3 40113350 40115653 color=lorange
scaffold_4 44136285 44155404 3 40016864 40025317 color=lorange
scaffold_4 44202872 44342470 3 39956733 39958649 color=lorange
scaffold_4 44349715 44352486 3 39956733 39958649 color=lorange
scaffold_4 44370924 44393950 3 39949214 39955319 color=lorange
scaffold_4 44432937 44452111 3 39923434 39928314 color=lorange
scaffold_4 44474293 44476241 3 39916288 39917415 color=lorange
scaffold_4 44482726 44498476 3 39911131 39914679 color=lorange
scaffold_4 44500793 44503104 3 39909811 39910678 color=lorange
scaffold_4 44567103 44608608 3 32362897 32375017 color=lorange
scaffold_4 44856497 44923196 3 32459937 32464269 color=lorange
scaffold_4 45518399 45702788 3 32698367 32730425 color=lorange
scaffold_4 45978063 45995829 3 31911306 31919770 color=lorange
scaffold_4 46020328 46021934 3 31888948 31889759 color=lorange
scaffold_4 46187674 46207336 3 16073927 16082042 color=lorange
scaffold_4 46212128 46238392 3 16083041 16097600 color=lorange
scaffold_4 46544434 46556508 3 16175978 16183569 color=lorange
scaffold_4 46617215 46639099 3 16191536 16197283 color=lorange
scaffold_4 46877339 46944044 3 16286650 16308019 color=lorange
scaffold_4 47196970 47301537 3 16387881 16408955 color=lorange
scaffold_4 47310853 47380861 3 16440221 16449314 color=lorange
scaffold_4 47395318 47420595 3 16451734 16467233 color=lorange
scaffold_4 47495323 47510370 3 16489647 16501068 color=lorange
scaffold_4 47495323 47510370 3 16489671 16501068 color=lorange
scaffold_4 48943604 49048504 3 16923196 16927963 color=lorange
scaffold_4 49065300 49081576 3 16939075 16943550 color=lorange
scaffold_4 49495981 49637452 3 17063501 17107641 color=lorange
scaffold_4 49702138 49750776 3 17123160 17134789 color=lorange
scaffold_4 49702138 49750776 3 17123160 17131744 color=lorange
scaffold_4 56076995 56127625 3 18068464 18074845 color=lorange
scaffold_4 57176542 57254833 3 18175701 18178391 color=lorange
scaffold_4 57402272 57486647 3 18481555 18484183 color=lorange
scaffold_4 57924177 57975493 3 18326207 18354273 color=lorange
scaffold_4 58000070 58000552 3 18306286 18306771 color=lorange
scaffold_4 58014951 58061371 3 18376594 18382874 color=lorange
scaffold_4 58069825 58074795 3 18364159 18367931 color=lorange
scaffold_4 58134342 58195064 3 18538961 18546248 color=lorange
scaffold_4 58134342 58195064 3 18525140 18528935 color=lorange
scaffold_4 58620059 58695532 3 23762846 23773268 color=lorange
scaffold_4 58715140 58766644 3 23777613 23814230 color=lorange
scaffold_4 59141321 59215791 3 23989591 24007420 color=lorange
scaffold_4 59141321 59215791 3 23980424 23986770 color=lorange
scaffold_4 60038342 60089854 3 24141917 24151090 color=lorange
scaffold_4 61301159 61309023 3 34886056 34889040 color=lorange
scaffold_4 62175193 62221515 3 27235654 27242912 color=lorange
scaffold_4 62353107 62359196 3 27320014 27324428 color=lorange
scaffold_4 62399398 62432228 3 27352392 27360546 color=lorange
scaffold_4 62436403 62437473 3 27363400 27364467 color=lorange
scaffold_4 62749361 62819602 3 27511744 27531047 color=lorange
scaffold_4 62943998 62963130 3 27580608 27589778 color=lorange
scaffold_4 63053091 63131661 3 27621130 27627286 color=lorange
scaffold_4 63434290 63455912 3 27713362 27719895 color=lorange
scaffold_4 63434290 63455912 3 27716290 27718606 color=lorange
scaffold_4 63457892 63478052 3 27744071 27748543 color=lorange
scaffold_4 63481238 63489481 3 27750298 27752961 color=lorange
scaffold_4 63519260 63534405 3 27760890 27768017 color=lorange
scaffold_4 63538843 63571973 3 27792976 27795728 color=lorange
scaffold_4 63538843 63571973 3 27773081 27775771 color=lorange
scaffold_4 63587226 63643211 3 27805836 27835206 color=lorange
scaffold_4 63742271 63795427 3 27872035 27872409 color=lorange
scaffold_4 64892390 65074944 3 28390447 28408143 color=lorange
scaffold_4 64892390 65074944 3 28331301 28350214 color=lorange
scaffold_4 64892390 65074944 3 28409190 28417008 color=lorange
scaffold_4 64892390 65074944 3 28409190 28417008 color=lorange
scaffold_4 65108849 65218950 3 28439576 28446659 color=lorange
scaffold_4 65427761 65438191 3 28601850 28609442 color=lorange
scaffold_4 65442736 65507779 3 28613681 28640786 color=lorange
scaffold_4 65533336 65538195 3 28657491 28660432 color=lorange
scaffold_4 66905036 66940994 3 28681515 28689421 color=lorange
scaffold_4 67376310 67401726 3 28793176 28801817 color=lorange
scaffold_4 67640623 67701950 3 28872993 28892923 color=lorange
scaffold_4 67764983 67778346 3 28915672 28919472 color=lorange
scaffold_4 67925095 67991184 3 29007048 29021084 color=lorange
scaffold_4 67925095 67991184 3 29034104 29041663 color=lorange
scaffold_4 68062764 68076371 3 29077760 29085125 color=lorange
scaffold_4 68086530 68112397 3 29094954 29100301 color=lorange
scaffold_4 68127909 68132670 3 29111519 29114737 color=lorange
scaffold_4 68173891 68200035 3 29128761 29133260 color=lorange
scaffold_4 68173891 68200035 3 29136137 29144168 color=lorange
scaffold_4 68304613 68384632 3 29218824 29244043 color=lorange
scaffold_4 68304613 68384632 3 29218824 29225959 color=lorange
scaffold_4 71143259 71205156 3 29007048 29021084 color=lorange
scaffold_4 71143259 71205156 3 29034104 29041663 color=lorange
scaffold_4 71216725 71240719 3 29048174 29055961 color=lorange
scaffold_4 71270879 71289721 3 29077760 29085125 color=lorange
scaffold_4 71294969 71323035 3 29094954 29100301 color=lorange
scaffold_4 71338147 71342368 3 29111519 29114737 color=lorange
scaffold_4 71378553 71408389 3 29128761 29133260 color=lorange
scaffold_4 71378553 71408389 3 29136137 29144168 color=lorange
scaffold_4 71513512 71566361 3 29218824 29244043 color=lorange
scaffold_4 71513512 71566361 3 29218824 29225959 color=lorange
scaffold_4 71663083 71672342 3 29282040 29287970 color=lorange
scaffold_4 76535092 76555749 3 26953783 26958115 color=lorange
scaffold_4 76575311 76610370 3 26919464 26942299 color=lorange
scaffold_4 76575311 76610370 3 26931529 26942299 color=lorange
scaffold_4 76615313 76623480 3 26910237 26915797 color=lorange
scaffold_4 76650464 76654195 3 26897261 26899854 color=lorange
scaffold_4 76808720 76869827 3 26799339 26827721 color=lorange
scaffold_4 76872233 76875644 3 26793141 26795219 color=lorange
scaffold_4 76934130 77151904 3 26689850 26703532 color=lorange
scaffold_4 76934130 77151904 3 26770881 26772728 color=lorange
scaffold_4 77190835 77205608 3 26660826 26664412 color=lorange
scaffold_4 77215027 77231553 3 26649082 26655370 color=lorange
scaffold_4 77240995 77248297 3 26636503 26640560 color=lorange
scaffold_4 77251345 77294444 3 26614671 26633737 color=lorange
scaffold_4 77303147 77304977 3 26607179 26609890 color=lorange
scaffold_4 77344128 77348189 3 26590705 26593166 color=lorange
scaffold_4 77809350 77832345 3 26425467 26431100 color=lorange
scaffold_4 77858276 77865631 3 26401230 26402637 color=lorange
scaffold_4 77925607 77983847 3 26375575 26384962 color=lorange
scaffold_4 78068614 78073296 3 26345605 26347798 color=lorange
scaffold_4 78098911 78125154 3 26330236 26335604 color=lorange
scaffold_4 78211944 78240270 3 26277654 26287681 color=lorange
scaffold_4 78246475 78272387 3 26234875 26247868 color=lorange
scaffold_4 78336457 78472903 3 26225435 26232779 color=lorange
scaffold_4 78598431 78666526 3 26089692 26094199 color=lorange
scaffold_4 78598431 78666526 3 26073030 26074809 color=lorange
scaffold_4 78598431 78666526 3 26107017 26110722 color=lorange
scaffold_4 78963842 79110967 3 25963203 25969646 color=lorange
scaffold_4 78963842 79110967 3 25941864 25942103 color=lorange
scaffold_4 79288960 79299306 3 25886681 25891852 color=lorange
scaffold_4 79299944 79309040 3 25882014 25886112 color=lorange
scaffold_4 79309436 79340293 3 25870458 25881625 color=lorange
scaffold_4 79427315 79432732 3 25853839 25857104 color=lorange
scaffold_4 79797056 79802599 3 25739472 25741644 color=lorange
scaffold_4 80575443 80600238 3 24983382 24991943 color=lorange
scaffold_4 80619345 80717588 3 24963452 24973693 color=lorange
scaffold_4 80793092 80835123 3 24860324 24870754 color=lorange
scaffold_4 80870121 80925951 3 24806378 24838118 color=lorange
scaffold_4 80939719 80949532 3 24791993 24800551 color=lorange
scaffold_4 81318478 81484382 3 24682742 24707326 color=lorange
scaffold_4 81493795 81512242 3 24670989 24675391 color=lorange
scaffold_4 81515496 81516225 3 24668771 24669501 color=lorange
scaffold_4 81531400 81540726 3 24660398 24661884 color=lorange
scaffold_4 81590882 81979665 3 24448877 24460872 color=lorange
scaffold_4 81995302 82046673 3 24404654 24431840 color=lorange
scaffold_4 82061164 82068180 3 24391504 24396415 color=lorange
scaffold_4 82132288 82142731 3 24359115 24361056 color=lorange
scaffold_4 82145438 82280226 3 24346756 24356672 color=lorange
scaffold_4 82433675 82476122 3 24228974 24234924 color=lorange
scaffold_4 82477642 82511049 3 36459053 36466642 color=lorange
scaffold_4 82513270 82583650 3 36443490 36457745 color=lorange
scaffold_4 82584982 82600217 3 36432023 36437579 color=lorange
scaffold_4 82612310 82625447 3 36418770 36424189 color=lorange
scaffold_4 82652213 82676678 3 36400943 36408273 color=lorange
scaffold_4 82684394 82737182 3 36384413 36399729 color=lorange
scaffold_4 82770644 82787921 3 36374363 36378465 color=lorange
scaffold_4 82911128 82924929 3 36337239 36344855 color=lorange
scaffold_4 82929085 83171069 3 36258410 36271492 color=lorange
scaffold_4 83172509 83176350 3 36253897 36256723 color=lorange
scaffold_4 83178441 83198447 3 36245177 36253351 color=lorange
scaffold_4 83280521 83429303 3 36156852 36165965 color=lorange
scaffold_4 83450366 83470366 3 36150147 36153127 color=lorange
scaffold_4 83481724 83513576 3 36130668 36144075 color=lorange
scaffold_4 83544121 83598893 3 36097090 36116271 color=lorange
scaffold_4 83748368 83939682 3 36004694 36024869 color=lorange
scaffold_4 85489021 85489374 3 35484399 35484752 color=lorange
scaffold_4 85489416 85496989 3 35479874 35482987 color=lorange
scaffold_4 85543755 85546662 3 35453453 35455896 color=lorange
scaffold_4 85612151 85635365 3 35421029 35438371 color=lorange
scaffold_4 85796030 85823614 3 35356762 35365796 color=lorange
scaffold_4 85886125 85892945 3 35333243 35338608 color=lorange
scaffold_4 85976038 85982329 3 35294904 35299921 color=lorange
scaffold_4 85984768 85985226 3 35294904 35299921 color=lorange
scaffold_4 86082383 86143187 3 35228729 35245902 color=lorange
scaffold_4 86255035 86263410 3 35202528 35208621 color=lorange
scaffold_4 86384623 86422773 3 35144388 35155574 color=lorange
scaffold_4 86433499 86467467 3 35121894 35138120 color=lorange
scaffold_4 86478184 86508509 3 35106144 35116087 color=lorange
scaffold_4 86519955 86522642 3 36903385 36906646 color=lorange
scaffold_4 86712144 86716572 3 36976481 36979425 color=lorange
scaffold_4 86723683 86747115 3 36981701 36989219 color=lorange
scaffold_4 86833503 86841609 3 37057908 37062261 color=lorange
scaffold_4 87416977 87500414 3 37238316 37240479 color=lorange
scaffold_4 87639537 87639899 3 37299866 37300228 color=lorange
scaffold_4 87834123 87848206 3 37383265 37396318 color=lorange
scaffold_4 87872875 87875233 3 37405788 37407682 color=lorange
scaffold_4 87885716 87921953 3 37410290 37412512 color=lorange
scaffold_4 88139888 88141144 3 37490633 37492402 color=lorange
scaffold_4 88220960 88223607 3 37520768 37521563 color=lorange
scaffold_4 88226752 88238993 3 37523324 37528696 color=lorange
scaffold_4 88401813 88474243 3 37602575 37614055 color=lorange
scaffold_4 88691037 88694529 3 37706804 37709707 color=lorange
scaffold_4 88699503 88709287 3 37712412 37717104 color=lorange
scaffold_4 90188520 90190778 3 38089363 38092051 color=lorange
scaffold_4 90290664 90294596 3 38113121 38115289 color=lorange
scaffold_4 90378184 90395894 3 38140004 38147868 color=lorange
scaffold_4 90416995 90425237 3 38156768 38163722 color=lorange
scaffold_4 90708129 90739895 3 38218534 38236670 color=lorange
scaffold_4 90749387 90879368 3 38254121 38266470 color=lorange
scaffold_4 91210134 91227788 3 38397293 38404574 color=lorange
scaffold_4 91248394 91249940 3 38411917 38412988 color=lorange
scaffold_4 91248394 91249940 3 38411917 38412970 color=lorange
scaffold_4 91259081 91262434 3 36521392 36523276 color=lorange
scaffold_4 91266703 91278271 3 36510458 36516593 color=lorange
scaffold_4 91292314 91296033 3 36494660 36499023 color=lorange
scaffold_4 91327669 91356028 3 36471759 36478484 color=lorange
scaffold_4 91327669 91356028 3 36467934 36470547 color=lorange
scaffold_4 91405990 91416797 3 5390402 5394061 color=lorange
scaffold_4 92382922 92605847 3 5786666 5791961 color=lorange
scaffold_4 92382922 92605847 3 5805023 5816953 color=lorange
scaffold_4 92382922 92605847 3 5773297 5779505 color=lorange
scaffold_4 92625963 92641614 3 5824759 5830658 color=lorange
scaffold_4 92908438 92910619 3 5930839 5933058 color=lorange
scaffold_4 92911908 92934959 3 5933781 5941583 color=lorange
scaffold_4 92911908 92934959 3 5933781 5934728 color=lorange
scaffold_4 93051529 93118083 3 5991802 6012104 color=lorange
scaffold_4 93124548 93247342 3 6018766 6033330 color=lorange
scaffold_4 93603632 93651434 3 6196777 6213622 color=lorange
scaffold_4 93765334 93790646 3 39389135 39390607 color=lorange
scaffold_4 93765334 93790646 3 39389141 39390607 color=lorange
scaffold_4 94657722 94821876 3 39094570 39097922 color=lorange
scaffold_4 95412092 95448925 3 38900119 38918172 color=lorange
scaffold_4 95450580 95499615 3 38879868 38894083 color=lorange
scaffold_4 95450580 95499615 3 38898612 38899129 color=lorange
scaffold_4 95507048 95518164 3 38872380 38877388 color=lorange
scaffold_4 95533574 95581462 3 38850763 38864768 color=lorange
scaffold_4 95656212 95722884 3 38825892 38832707 color=lorange
scaffold_4 95725228 95744393 3 38796913 38803809 color=lorange
scaffold_4 95752687 95887066 3 38756524 38761470 color=lorange
scaffold_4 95752687 95887066 3 38792389 38792688 color=lorange
scaffold_4 95908052 95915306 3 38738565 38744836 color=lorange
scaffold_4 95918603 95925104 3 38733989 38736374 color=lorange
scaffold_4 95926143 95926505 3 38731970 38732332 color=lorange
scaffold_4 96015671 96045588 3 38663508 38677443 color=lorange
scaffold_4 96068765 96103903 3 38632535 38650081 color=lorange
scaffold_4 96068765 96103903 3 38683686 38724103 color=lorange
scaffold_4 96107787 96122064 3 38624302 38631382 color=lorange
scaffold_4 96273381 96282630 3 38571679 38576512 color=lorange
scaffold_4 96295826 96296764 3 38568307 38569245 color=lorange
scaffold_4 96474049 96495234 3 38504596 38514129 color=lorange
scaffold_4 96514574 96597712 3 38473638 38476326 color=lorange
scaffold_4 96788421 96793633 3 38414762 38417346 color=lorange
scaffold_4 96795876 96802105 3 36525245 36527867 color=lorange
scaffold_4 96795876 96802105 3 36525245 36527867 color=lorange
scaffold_4 96812283 96870311 3 36532764 36552913 color=lorange
scaffold_4 96890445 96930372 3 36560714 36573365 color=lorange
scaffold_4 97371008 97407004 3 36715214 36730919 color=lorange
scaffold_4 97496673 97624607 3 36802314 36807421 color=lorange
scaffold_4 97496673 97624607 3 36780404 36782449 color=lorange
scaffold_4 97496673 97624607 3 36823361 36826563 color=lorange
scaffold_4 97642046 97643255 3 36836376 36837959 color=lorange
scaffold_4 97908026 97908472 3 2977385 2977806 color=lorange
scaffold_4 97915462 97924978 3 2966263 2976955 color=lorange
scaffold_4 97950090 97977732 3 2948115 2955304 color=lorange
scaffold_4 97981030 97994393 3 2941180 2947041 color=lorange
scaffold_4 98011152 98163592 3 2914141 2928031 color=lorange
scaffold_4 98177099 98196878 3 2860122 2866368 color=lorange
scaffold_4 98200371 98200952 3 2856357 2856948 color=lorange
scaffold_4 98223987 98225585 3 2847190 2849241 color=lorange
scaffold_4 98227747 98228313 3 2845746 2846051 color=lorange
scaffold_4 98382683 98446863 3 2766731 2770677 color=lorange
scaffold_4 98456898 98473064 3 2750062 2759243 color=lorange
scaffold_4 98477638 98478877 3 2747499 2748062 color=lorange
scaffold_4 98491316 98513657 3 2730565 2740093 color=lorange
scaffold_4 98514968 98546895 3 2723179 2729296 color=lorange
scaffold_4 98551576 98564916 3 2718202 2721687 color=lorange
scaffold_4 98567687 98573263 3 2715449 2717647 color=lorange
scaffold_4 98589220 98596504 3 2709552 2712235 color=lorange
scaffold_4 98711907 98728742 3 2658625 2664392 color=lorange
scaffold_4 98732895 98733866 3 6255475 6256314 color=lorange
scaffold_4 98734587 98736112 3 6257855 6259127 color=lorange
scaffold_4 98949590 99193714 3 6343259 6355653 color=lorange
scaffold_4 98949590 99193714 3 6432061 6432737 color=lorange
scaffold_4 99237508 99251110 3 6446651 6453956 color=lorange
scaffold_4 99251790 99254511 3 6454822 6456728 color=lorange
scaffold_4 99263937 99271995 3 6462302 6464571 color=lorange
scaffold_4 99297678 99509917 3 6543536 6556982 color=lorange
scaffold_4 99517924 99519051 3 6557012 6558136 color=lorange
scaffold_4 99744446 99779304 3 6636045 6654191 color=lorange
scaffold_4 99807255 99810834 3 6667496 6668972 color=lorange
scaffold_4 100485142 100679112 3 7010564 7021442 color=lorange
scaffold_4 100696944 100710870 3 7058912 7067099 color=lorange
scaffold_4 100788933 100803286 3 7080326 7085986 color=lorange
scaffold_4 100811917 100812866 3 1586109 1586739 color=lorange
scaffold_4 100820900 100829147 3 1590055 1592807 color=lorange
scaffold_4 100830165 100845434 3 1593806 1597135 color=lorange
scaffold_4 100917585 100934325 3 1631921 1636084 color=lorange
scaffold_4 100934846 100944671 3 1636471 1636941 color=lorange
scaffold_4 100937115 100938722 1 19934272 19939018 color=lorange
scaffold_4 100957486 100958520 3 1639947 1641163 color=lorange
scaffold_4 100959103 100966779 3 1641916 1643987 color=lorange
scaffold_4 100981579 100983583 3 1650448 1652750 color=lorange
scaffold_4 101005031 101015056 3 1659645 1662558 color=lorange
scaffold_4 101072172 101097690 3 1681535 1691243 color=lorange
scaffold_4 101123250 101357197 3 1764968 1770643 color=lorange
scaffold_4 101272450 101278265 3 1745075 1747696 color=lorange
scaffold_4 101902069 101909144 3 1896208 1897496 color=lorange
scaffold_4 101902069 101909144 3 1896208 1897496 color=lorange
scaffold_4 101937585 101949363 3 1908916 1919207 color=lorange
scaffold_4 101950286 101955005 3 1908916 1919207 color=lorange
scaffold_4 101958364 101958819 3 1922447 1922902 color=lorange
scaffold_4 101959168 101959920 3 1923621 1924197 color=lorange
scaffold_4 101964224 102001364 3 1933858 1936599 color=lorange
scaffold_4 102014759 102025318 3 1939454 1942667 color=lorange
scaffold_4 102026071 102028372 3 1943863 1945533 color=lorange
scaffold_4 102064329 102073888 3 1959597 1962974 color=lorange
scaffold_4 102093273 102102578 3 2084576 2086511 color=lorange
scaffold_4 102104976 102106961 3 2088608 2089683 color=lorange
scaffold_4 102125250 102143702 3 2101408 2108287 color=lorange
scaffold_4 102211494 102229023 3 2042708 2045638 color=lorange
scaffold_4 102310391 102311258 3 2020488 2021092 color=lorange
scaffold_4 102432828 102468883 3 1975939 1983439 color=lorange
scaffold_4 102471908 102473531 3 1971508 1972549 color=lorange
scaffold_4 102478644 102494836 3 1966645 1967782 color=lorange
scaffold_4 102499774 102510677 3 2112685 2115277 color=lorange
scaffold_4 102499774 102510677 3 2112685 2113763 color=lorange
scaffold_4 103129946 103260225 3 2301394 2314790 color=lorange
scaffold_4 103332400 103373613 3 2332768 2336917 color=lorange
scaffold_4 103425767 103428923 3 2353788 2357321 color=lorange
scaffold_4 103430067 103449491 3 2359262 2362760 color=lorange
scaffold_4 103463359 103498530 3 2369212 2374616 color=lorange
scaffold_4 103518388 103573611 3 2380122 2381957 color=lorange
scaffold_4 103588913 103605651 3 2398456 2404100 color=lorange
scaffold_4 103647444 103656817 3 2409095 2420209 color=lorange
scaffold_4 103804007 103868943 3 2443925 2450667 color=lorange
scaffold_4 103965184 104047955 3 2491037 2500000 color=lorange
scaffold_4 104049002 104055565 3 2512633 2514581 color=lorange
scaffold_4 104060585 104072655 3 2518057 2522894 color=lorange
scaffold_4 104080689 104093453 3 2544690 2547003 color=lorange
scaffold_4 104096499 104312300 3 2566027 2568262 color=lorange
scaffold_4 104096499 104312300 3 2595328 2599784 color=lorange
scaffold_4 104550079 104569680 3 5231672 5240058 color=lorange
scaffold_4 104748171 104784941 3 5316654 5321860 color=lorange
scaffold_4 104806885 104813008 3 5324976 5327904 color=lorange
scaffold_4 104816806 104833322 3 5332225 5337836 color=lorange
scaffold_4 104866178 104868816 3 5351488 5352967 color=lorange
scaffold_4 104871246 104937921 3 5353436 5369696 color=lorange
scaffold_4 105087479 105090049 1 19949416 19959913 color=lorange
scaffold_4 105095697 105136251 3 3016762 3020011 color=lorange
scaffold_5 71483 72503 6 32351481 32382052 color=lorange
scaffold_5 824435 883720 6 32470018 32483507 color=lorange
scaffold_5 897244 897900 6 32466697 32467362 color=lorange
scaffold_5 992088 1031001 6 26921607 26933517 color=lorange
scaffold_5 1063370 1063786 6 26884172 26884588 color=lorange
scaffold_5 1280226 1284827 6 26750710 26752529 color=lorange
scaffold_5 1280226 1284827 6 26750722 26752529 color=lorange
scaffold_5 1331713 1341180 6 27927902 27935965 color=lorange
scaffold_5 2292880 2735128 6 32982312 32991399 color=lorange
scaffold_5 2292880 2735128 6 33040208 33042256 color=lorange
scaffold_5 2292880 2735128 6 33057744 33059090 color=lorange
scaffold_5 2757554 2759213 6 32974847 32975605 color=lorange
scaffold_5 2768560 2853059 6 32948987 32971239 color=lorange
scaffold_5 2936142 2942109 6 32923111 32924668 color=lorange
scaffold_5 2944697 2950457 6 32920385 32921893 color=lorange
scaffold_5 2952017 2952749 6 28192933 28193749 color=lorange
scaffold_5 2954342 2956073 6 34554679 34556599 color=lorange
scaffold_5 2956856 2963485 6 34557053 34561441 color=lorange
scaffold_5 2979836 2993539 6 34570054 34576559 color=lorange
scaffold_5 3494640 3713829 6 34902026 34903065 color=lorange
scaffold_5 3912224 3924946 6 34963828 34969213 color=lorange
scaffold_5 4048580 4088247 6 35007135 35018019 color=lorange
scaffold_5 4213808 4228846 6 35052402 35057056 color=lorange
scaffold_5 4230669 4245737 6 35095850 35103195 color=lorange
scaffold_5 4247292 4249569 6 35057360 35059096 color=lorange
scaffold_5 4247292 4249569 6 35058518 35059096 color=lorange
scaffold_5 4302812 4350450 6 35080564 35090247 color=lorange
scaffold_5 4390325 4444139 6 35384007 35399761 color=lorange
scaffold_5 4473252 4475133 6 35361279 35363376 color=lorange
scaffold_5 4517404 4722721 6 35279978 35284201 color=lorange
scaffold_5 5143988 5144407 6 35156138 35156556 color=lorange
scaffold_5 5168420 5175524 6 35144349 35146873 color=lorange
scaffold_5 5179398 5206817 6 35136957 35142727 color=lorange
scaffold_5 5210105 5257008 6 35113570 35129389 color=lorange
scaffold_5 5257434 5268229 6 35106471 35107553 color=lorange
scaffold_5 5271157 5272612 6 35414735 35416059 color=lorange
scaffold_5 5271157 5272612 6 35414735 35415924 color=lorange
scaffold_5 5275029 5287607 6 35416969 35421948 color=lorange
scaffold_5 6020536 6022717 6 35755371 35756896 color=lorange
scaffold_5 6066056 6076060 6 35769349 35772843 color=lorange
scaffold_5 6475245 6526283 6 35899856 35910860 color=lorange
scaffold_5 6706492 6716174 6 35937646 35940966 color=lorange
scaffold_5 6720077 6722559 6 35982049 35983536 color=lorange
scaffold_5 6838356 6838922 6 36019149 36019649 color=lorange
scaffold_5 6870858 6873586 6 36035112 36037247 color=lorange
scaffold_5 6874422 6876030 6 36037892 36040027 color=lorange
scaffold_5 6891893 6893155 6 36049706 36050968 color=lorange
scaffold_5 7085156 7100044 6 36109389 36114794 color=lorange
scaffold_5 7114887 7189377 6 36122474 36134609 color=lorange
scaffold_5 7257742 7269385 6 36173554 36177857 color=lorange
scaffold_5 7460513 7521737 6 36240225 36246237 color=lorange
scaffold_5 7524745 7528536 6 36249162 36251825 color=lorange
scaffold_5 7529666 7539867 6 36252647 36254660 color=lorange
scaffold_5 7751430 7754313 6 36330024 36331731 color=lorange
scaffold_5 7994055 8335150 6 36530286 36534695 color=lorange
scaffold_5 8786658 8801496 6 36674872 36684025 color=lorange
scaffold_5 8827849 8829798 6 36687472 36689054 color=lorange
scaffold_5 8837713 8878837 6 36691343 36698998 color=lorange
scaffold_5 8900549 8921716 6 36715517 36721500 color=lorange
scaffold_5 8930162 8931939 6 36722705 36723529 color=lorange
scaffold_5 8981165 9032860 6 36743966 36755663 color=lorange
scaffold_5 9048618 9108575 6 36761427 36773062 color=lorange
scaffold_5 9122840 9197621 6 36783687 36804383 color=lorange
scaffold_5 9122840 9197621 6 36783687 36804383 color=lorange
scaffold_5 9335794 9424399 6 33387474 33394252 color=lorange
scaffold_5 9514519 9519538 6 33424185 33427044 color=lorange
scaffold_5 10190652 10734593 6 33764320 33773292 color=lorange
scaffold_5 10190652 10734593 6 33739047 33744352 color=lorange
scaffold_5 10756220 10778035 6 34143902 34149665 color=lorange
scaffold_5 10816581 10847498 6 34160720 34168595 color=lorange
scaffold_5 10985655 11025801 6 34234508 34237972 color=lorange
scaffold_5 11034381 11034685 6 34242407 34242712 color=lorange
scaffold_5 11043390 11046290 6 34248495 34250172 color=lorange
scaffold_5 11327310 11437704 6 34343322 34349262 color=lorange
scaffold_5 11820759 11932590 6 34471489 34482644 color=lorange
scaffold_5 11938460 12040278 6 34518568 34544116 color=lorange
scaffold_5 12049889 12053888 6 34551341 34553842 color=lorange
scaffold_5 12055425 12113086 6 32448419 32463109 color=lorange
scaffold_5 12055425 12113086 6 32435407 32438391 color=lorange
scaffold_5 12190722 12194081 6 31680541 31681975 color=lorange
scaffold_5 12195005 12197528 6 31677789 31680110 color=lorange
scaffold_5 12204034 12209143 6 31662807 31670157 color=lorange
scaffold_5 12380372 12395337 6 31570947 31578287 color=lorange
scaffold_5 12701673 12727675 6 31435400 31444791 color=lorange
scaffold_5 12745467 12750230 6 31426825 31430157 color=lorange
scaffold_5 12754189 12761148 6 31405011 31423389 color=lorange
scaffold_5 12763683 12833862 6 31405011 31423389 color=lorange
scaffold_5 12854429 12878622 6 31371930 31379571 color=lorange
scaffold_5 12880424 12883111 6 31368327 31371309 color=lorange
scaffold_5 12887930 12915830 6 31358102 31363034 color=lorange
scaffold_5 12919978 12924713 6 31347161 31351696 color=lorange
scaffold_5 12936257 12938237 6 31328442 31331358 color=lorange
scaffold_5 12939611 12940306 6 31326843 31327171 color=lorange
scaffold_5 12956163 12976457 6 31307993 31316576 color=lorange
scaffold_5 13051287 13103572 6 31275924 31286383 color=lorange
scaffold_5 13398232 13399766 6 31163047 31164049 color=lorange
scaffold_5 14614767 14617478 6 30750968 30759160 color=lorange
scaffold_5 14833678 14858853 6 30660177 30666233 color=lorange
scaffold_5 14994712 15023705 6 30638193 30647810 color=lorange
scaffold_5 15047337 15055723 6 30624003 30628060 color=lorange
scaffold_5 15088115 15095668 6 30608096 30611564 color=lorange
scaffold_5 15104599 15188173 6 30580855 30603900 color=lorange
scaffold_5 15275620 15294865 6 30535371 30543781 color=lorange
scaffold_5 15298343 15343969 6 30517963 30533315 color=lorange
scaffold_5 15347625 15363557 6 30509834 30515292 color=lorange
scaffold_5 15784262 15790978 6 30343444 30345868 color=lorange
scaffold_5 15794251 15795857 6 30338673 30340160 color=lorange
scaffold_5 15798137 15975143 6 30278594 30290749 color=lorange
scaffold_5 15798137 15975143 6 30331799 30336789 color=lorange
scaffold_5 16114589 16148012 6 30204164 30211275 color=lorange
scaffold_5 16667197 16696498 6 29994570 30006148 color=lorange
scaffold_5 16739419 16769163 6 37745245 37749857 color=lorange
scaffold_5 16863297 16865495 6 37710675 37712980 color=lorange
scaffold_5 16871985 16909784 6 37697389 37707695 color=lorange
scaffold_5 16916872 16918573 6 37689356 37690943 color=lorange
scaffold_5 16916872 16918573 6 37689431 37690943 color=lorange
scaffold_5 16920545 16922699 6 37686649 37688165 color=lorange
scaffold_5 16937479 16950303 6 37677955 37680809 color=lorange
scaffold_5 16959101 17201364 6 37671443 37675364 color=lorange
scaffold_5 16959101 17201364 6 37645562 37650219 color=lorange
scaffold_5 17033011 17033433 6 37460488 37470884 color=lorange
scaffold_5 17209750 17215702 6 37581934 37607302 color=lorange
scaffold_5 17402194 17435655 6 37549336 37563520 color=lorange
scaffold_5 17478633 17514539 9 3318011 3320394 color=lorange
scaffold_5 18332516 18430134 6 37341747 37347478 color=lorange
scaffold_5 18332516 18430134 6 37319380 37320927 color=lorange
scaffold_5 18791961 18827876 6 37216345 37229430 color=lorange
scaffold_5 18836456 18839663 6 37210535 37211583 color=lorange
scaffold_5 20231628 20245111 6 36845880 36849230 color=lorange
scaffold_5 20262342 20278831 6 23453255 23469063 color=lorange
scaffold_5 20262342 20278831 6 23453255 23469063 color=lorange
scaffold_5 20279354 20288113 6 23447179 23451775 color=lorange
scaffold_5 20527212 20540774 6 23306026 23324267 color=lorange
scaffold_5 21081276 21121082 6 23043962 23045851 color=lorange
scaffold_5 21345357 21350953 6 22932906 22940633 color=lorange
scaffold_5 21370919 21386752 6 22903759 22913194 color=lorange
scaffold_5 21420877 21676530 6 22748896 22756640 color=lorange
scaffold_5 21692736 21944918 6 22729377 22735304 color=lorange
scaffold_5 22387121 22525431 6 22415241 22421619 color=lorange
scaffold_5 22568313 22614732 6 22364544 22383406 color=lorange
scaffold_5 22571063 22571617 6 29203814 29205673 color=lorange
scaffold_5 22745944 22764227 6 22322983 22331376 color=lorange
scaffold_5 22768897 22796531 6 24801310 24819859 color=lorange
scaffold_5 22797238 22803217 6 22305482 22307975 color=lorange
scaffold_5 22810613 22820168 6 22288921 22297529 color=lorange
scaffold_5 22830451 22900247 6 22258241 22279435 color=lorange
scaffold_5 22901037 22902290 6 22241752 22245177 color=lorange
scaffold_5 22904661 22910649 6 22223054 22229004 color=lorange
scaffold_5 23071031 23079805 6 22135504 22140131 color=lorange
scaffold_5 23086346 23092150 6 22124903 22130480 color=lorange
scaffold_5 23107880 23111008 6 22091727 22099397 color=lorange
scaffold_5 23152002 23152520 6 10725701 10726227 color=lorange
scaffold_5 23169612 23231319 6 10736930 10762746 color=lorange
scaffold_5 23370792 23371916 6 28191304 28192428 color=lorange
scaffold_5 23379602 23382470 6 28180174 28182429 color=lorange
scaffold_5 23444215 23489622 6 28129309 28133882 color=lorange
scaffold_5 23444215 23489622 6 28148677 28151264 color=lorange
scaffold_5 23525134 23540490 6 28101170 28111489 color=lorange
scaffold_5 23876729 23884598 6 27964027 27969347 color=lorange
scaffold_5 23888340 23897564 6 27955077 27960337 color=lorange
scaffold_5 23903355 23906816 6 27948478 27952158 color=lorange
scaffold_5 23907254 23908997 6 27945882 27948018 color=lorange
scaffold_5 23913347 23946219 6 26701455 26711036 color=lorange
scaffold_5 23950941 23954810 6 26694765 26696972 color=lorange
scaffold_5 23964628 23971251 6 26682032 26688942 color=lorange
scaffold_5 23972747 24002175 6 26676789 26681139 color=lorange
scaffold_5 24039355 24061565 6 26630730 26641787 color=lorange
scaffold_5 24142142 24238125 6 26566385 26580437 color=lorange
scaffold_5 25316117 26009265 6 25922126 25933372 color=lorange
scaffold_5 25316117 26009265 6 25896895 25897846 color=lorange
scaffold_5 25316117 26009265 6 26051592 26053409 color=lorange
scaffold_5 26161822 26196413 6 25824652 25837157 color=lorange
scaffold_5 26247712 26326537 6 25761187 25809052 color=lorange
scaffold_5 26331177 26336570 6 25749586 25759003 color=lorange
scaffold_5 26353723 26433725 6 25702836 25704221 color=lorange
scaffold_5 26489759 26493459 6 25666118 25668201 color=lorange
scaffold_5 26489759 26493459 6 25672468 25672839 color=lorange
scaffold_5 26625935 26638187 6 25593594 25598903 color=lorange
scaffold_5 26638331 26640545 6 25590003 25592264 color=lorange
scaffold_5 28253936 28384447 6 11505770 11510487 color=lorange
scaffold_5 28253936 28384447 6 11490593 11492784 color=lorange
scaffold_5 28428352 28491978 6 11561274 11564846 color=lorange
scaffold_5 28550540 28550779 6 11617723 11617962 color=lorange
scaffold_5 28733301 28791959 6 11712250 11724125 color=lorange
scaffold_5 28733301 28791959 6 11728331 11729368 color=lorange
scaffold_5 28801317 28807911 6 11736837 11740407 color=lorange
scaffold_5 28812801 28833327 6 11745774 11762225 color=lorange
scaffold_5 28853836 28890293 6 11772666 11807024 color=lorange
scaffold_5 28919743 28932834 6 11827659 11834062 color=lorange
scaffold_5 28990938 29011269 6 11878903 11892944 color=lorange
scaffold_5 29458313 29543479 6 12133157 12140376 color=lorange
scaffold_5 30131586 30210848 6 24997698 25005125 color=lorange
scaffold_5 30610248 30784650 6 25201619 25226236 color=lorange
scaffold_5 30792450 31007326 6 27824666 27828152 color=lorange
scaffold_5 31257752 31287206 6 27701823 27712036 color=lorange
scaffold_5 31296736 31313082 6 27686308 27696939 color=lorange
scaffold_5 31382339 31387628 6 24863622 24872868 color=lorange
scaffold_5 31405822 31415960 6 24851587 24857314 color=lorange
scaffold_5 31484690 31500693 6 24791012 24800238 color=lorange
scaffold_5 31484690 31500693 6 24796816 24800238 color=lorange
scaffold_5 31927424 31931660 6 24606234 24609632 color=lorange
scaffold_5 32505193 32697850 6 24409608 24420948 color=lorange
scaffold_5 32505193 32697850 6 24383875 24392784 color=lorange
scaffold_5 32505193 32697850 6 24350273 24350527 color=lorange
scaffold_5 32721732 32726900 6 24332432 24337495 color=lorange
scaffold_5 32759630 32762322 6 24328470 24330315 color=lorange
scaffold_5 32779003 32810774 6 24314678 24324233 color=lorange
scaffold_5 32816995 32817942 6 24310787 24312241 color=lorange
scaffold_5 32824377 32830295 6 24300538 24303257 color=lorange
scaffold_5 33005257 33011704 6 24222318 24230552 color=lorange
scaffold_5 33022402 33080736 6 24190116 24215640 color=lorange
scaffold_5 33627841 33925450 6 23883964 23895973 color=lorange
scaffold_5 33627841 33925450 6 23987066 23990336 color=lorange
scaffold_5 34012723 34048158 6 23825709 23840388 color=lorange
scaffold_5 34049026 34090182 6 23805659 23820684 color=lorange
scaffold_5 34562962 34583338 6 23616428 23624226 color=lorange
scaffold_5 34661926 34725269 6 23601474 23603826 color=lorange
scaffold_5 34734347 34740005 6 23556138 23564568 color=lorange
scaffold_5 35008059 35026959 6 34104155 34109205 color=lorange
scaffold_5 35055094 35137037 6 34117462 34120158 color=lorange
scaffold_5 35167809 35184319 6 33786158 33790061 color=lorange
scaffold_5 35187889 35212244 6 33793243 33802190 color=lorange
scaffold_5 35234039 35272558 6 33808114 33818182 color=lorange
scaffold_5 35562780 35566224 6 33993089 33994859 color=lorange
scaffold_5 35567510 35570089 6 33996279 33997321 color=lorange
scaffold_5 35611590 35710926 6 34060192 34073375 color=lorange
scaffold_5 35779909 35899092 6 34021803 34034389 color=lorange
scaffold_5 35779909 35899092 6 34021803 34031589 color=lorange
scaffold_5 35779909 35899092 6 34000738 34008498 color=lorange
scaffold_5 35921634 35926647 6 27113873 27116238 color=lorange
scaffold_5 35929620 35941014 6 27882140 27883650 color=lorange
scaffold_5 36002287 36173306 6 27622684 27623055 color=lorange
scaffold_5 36536175 36549126 6 27432437 27433729 color=lorange
scaffold_5 37186463 37382984 6 27186782 27211641 color=lorange
scaffold_5 37397260 37423857 6 27144384 27155431 color=lorange
scaffold_5 37432170 37444262 6 27129749 27134983 color=lorange
scaffold_5 37462122 37464407 6 12252856 12255331 color=lorange
scaffold_5 37465490 37509830 6 12259398 12291064 color=lorange
scaffold_5 37531446 37536444 6 12307529 12311576 color=lorange
scaffold_5 37948622 37996049 6 12479837 12494799 color=lorange
scaffold_5 38084780 38165739 6 12573328 12589874 color=lorange
scaffold_5 38249836 38318734 6 12638126 12653716 color=lorange
scaffold_5 38324329 38326458 6 12675155 12678725 color=lorange
scaffold_5 38365225 38431657 6 12707161 12741630 color=lorange
scaffold_5 38365225 38431657 6 12702556 12706841 color=lorange
scaffold_5 38630315 38679795 6 12822701 12839953 color=lorange
scaffold_5 38744374 38798312 6 12882978 12893025 color=lorange
scaffold_5 38812554 38833978 6 12907499 12918893 color=lorange
scaffold_5 38854855 38855448 6 12939719 12940312 color=lorange
scaffold_5 38858032 38858796 6 12941946 12942710 color=lorange
scaffold_5 38867063 38952758 6 12956543 12994822 color=lorange
scaffold_5 38867063 38952758 6 12956543 12994822 color=lorange
scaffold_5 38867063 38952758 6 12946789 12949543 color=lorange
scaffold_5 38969583 38980585 6 13013881 13019104 color=lorange
scaffold_5 38987226 38990477 6 13020573 13027947 color=lorange
scaffold_5 38994191 39004173 6 13037034 13045432 color=lorange
scaffold_5 39102118 39136335 6 13104381 13105714 color=lorange
scaffold_5 39102118 39136335 6 13119271 13121235 color=lorange
scaffold_5 39335132 39356951 6 32694157 32696626 color=lorange
scaffold_5 40441759 40458076 6 28206606 28210447 color=lorange
scaffold_5 40656122 40681464 6 28289066 28291180 color=lorange
scaffold_5 41842823 41880965 6 28687701 28697103 color=lorange
scaffold_5 42065157 42079426 6 28756388 28762166 color=lorange
scaffold_5 42255603 42280733 6 28790849 28796052 color=lorange
scaffold_5 42543637 42593159 6 28857248 28868144 color=lorange
scaffold_5 42808591 42836379 6 28952283 28958266 color=lorange
scaffold_5 42916922 42957552 6 28973142 28993585 color=lorange
scaffold_5 43089356 43154870 6 31809104 31815111 color=lorange
scaffold_5 43165423 43215656 6 31729218 31737723 color=lorange
scaffold_5 43358531 43388082 6 29072881 29077539 color=lorange
scaffold_5 43388990 43392669 6 29078408 29081490 color=lorange
scaffold_5 43396124 43411334 6 29083117 29086009 color=lorange
scaffold_5 43422387 43432212 6 29092591 29094089 color=lorange
scaffold_5 43700772 43752490 6 29188168 29201964 color=lorange
scaffold_5 43754630 43755705 6 29203814 29205673 color=lorange
scaffold_5 43909201 43976619 6 29243569 29255234 color=lorange
scaffold_5 44152433 44206914 6 29301256 29320210 color=lorange
scaffold_5 44282767 44317516 6 29338795 29349795 color=lorange
scaffold_5 44323878 44365072 6 29350510 29365954 color=lorange
scaffold_5 44394390 44471538 6 29373437 29399660 color=lorange
scaffold_5 44477166 44484277 6 28679478 28683835 color=lorange
scaffold_5 44812858 44900041 6 29519730 29528687 color=lorange
scaffold_5 44905847 45008483 6 29543792 29564083 color=lorange
scaffold_5 46416607 46465558 6 37889921 37891516 color=lorange
scaffold_5 46416607 46465558 6 37872936 37873509 color=lorange
scaffold_5 46507139 46647127 6 37947211 37964431 color=lorange
scaffold_5 47372314 47372646 6 38107164 38107496 color=lorange
scaffold_5 48403819 48442321 6 38465458 38471877 color=lorange
scaffold_5 48468513 48789854 6 38484187 38499737 color=lorange
scaffold_5 49214624 49244417 6 38615291 38623748 color=lorange
scaffold_5 49265507 49632374 6 38707813 38712387 color=lorange
scaffold_5 49739867 50152564 6 38815896 38845651 color=lorange
scaffold_5 50363593 50418463 6 38905993 38915849 color=lorange
scaffold_5 50428398 50443311 6 38917395 38919379 color=lorange
scaffold_5 50594312 50595709 6 32268637 32270034 color=lorange
scaffold_5 52159573 52198966 6 31817951 31823859 color=lorange
scaffold_5 52223799 52224047 6 31759880 31807098 color=lorange
scaffold_5 52432044 52462200 6 31759880 31807098 color=lorange
scaffold_5 52517885 52542578 6 31740296 31750872 color=lorange
scaffold_5 52546689 52559001 6 31725008 31727407 color=lorange
scaffold_5 52568993 52591364 6 31719764 31724021 color=lorange
scaffold_5 53341010 53595510 6 27056368 27060153 color=lorange
scaffold_5 53483144 53518864 6 27039435 27043536 color=lorange
scaffold_5 53531614 53563940 6 27049289 27049594 color=lorange
scaffold_5 53694395 53830738 6 7869549 7886307 color=lorange
scaffold_5 53845978 53953682 6 7827402 7850650 color=lorange
scaffold_5 54362059 54418527 6 8383916 8405590 color=lorange
scaffold_5 54571009 54580503 6 10905166 10912200 color=lorange
scaffold_5 54878360 54908079 6 32382242 32383703 color=lorange
scaffold_5 55166497 55177620 6 27068713 27076979 color=lorange
scaffold_5 56616209 56664458 6 8176453 8185408 color=lorange
scaffold_5 56997466 57148229 6 8309611 8317609 color=lorange
scaffold_5 57389766 57390869 4 27132751 27140335 color=lorange
scaffold_5 58528307 58608585 6 5968999 5974794 color=lorange
scaffold_5 58528307 58608585 6 5975229 5978385 color=lorange
scaffold_5 58608762 58627197 6 5979486 5982195 color=lorange
scaffold_5 60406255 60490059 6 6226421 6241922 color=lorange
scaffold_5 60683321 60796442 6 6289339 6306889 color=lorange
scaffold_5 60867930 60960119 6 6333854 6346535 color=lorange
scaffold_5 61029424 61083047 6 6354542 6369708 color=lorange
scaffold_5 61307119 61410240 6 6432810 6441791 color=lorange
scaffold_5 61307119 61410240 6 6436776 6441791 color=lorange
scaffold_5 61307119 61410240 6 6432810 6436606 color=lorange
scaffold_5 62624433 62638161 6 5979486 5982195 color=lorange
scaffold_5 62638338 62735652 6 5968999 5974794 color=lorange
scaffold_5 62638338 62735652 6 5975229 5978385 color=lorange
scaffold_5 62858769 62871295 6 5936211 5937446 color=lorange
scaffold_5 63300611 63401196 6 5880223 5897158 color=lorange
scaffold_5 63639595 63691492 6 5787363 5805849 color=lorange
scaffold_5 63962198 63969174 6 5689345 5692413 color=lorange
scaffold_5 63989547 64149320 6 21142010 21155907 color=lorange
scaffold_5 63989547 64149320 6 21166127 21169462 color=lorange
scaffold_5 64113536 64124656 6 21160748 21164453 color=lorange
scaffold_5 64169060 64219633 6 21171014 21180504 color=lorange
scaffold_5 64416714 64430309 6 21205335 21209420 color=lorange
scaffold_5 64445431 64497481 6 21212334 21213788 color=lorange
scaffold_5 64524186 64556939 6 21212334 21213788 color=lorange
scaffold_5 64561024 64777907 6 21246748 21251336 color=lorange
scaffold_5 64817379 64864416 6 21253073 21259630 color=lorange
scaffold_5 65538199 65555886 6 5261193 5262311 color=lorange
scaffold_5 65580251 65625639 6 5257127 5260667 color=lorange
scaffold_5 65757848 65761596 6 5275996 5277104 color=lorange
scaffold_5 65765678 65835570 6 5278320 5289088 color=lorange
scaffold_5 65961711 66184739 6 5335965 5337178 color=lorange
scaffold_5 66192486 66797229 6 5503214 5509120 color=lorange
scaffold_5 66784483 66787164 6 5494815 5497496 color=lorange
scaffold_5 66815537 66919473 6 5470991 5487683 color=lorange
scaffold_5 67240834 67256066 6 5461364 5464366 color=lorange
scaffold_5 67274225 67298702 6 5457370 5460203 color=lorange
scaffold_5 67387485 67450438 6 21128090 21138270 color=lorange
scaffold_5 67462724 67498607 6 21110697 21116147 color=lorange
scaffold_5 67954138 67965753 6 7023814 7024785 color=lorange
scaffold_5 68044766 68072112 6 7044593 7047920 color=lorange
scaffold_5 68073883 68133862 6 7048730 7059459 color=lorange
scaffold_5 68595789 68596828 6 5235080 5236702 color=lorange
scaffold_5 68604650 68663298 6 21307896 21317995 color=lorange
scaffold_5 68832974 68833993 6 21346979 21347998 color=lorange
scaffold_5 69264655 69672078 6 21523866 21532263 color=lorange
scaffold_5 70577396 70590400 6 21663360 21667951 color=lorange
scaffold_5 71244036 71310602 6 21772144 21780888 color=lorange
scaffold_5 71341645 71375016 6 21793984 21797137 color=lorange
scaffold_5 72318864 72346428 6 21993833 21995728 color=lorange
scaffold_5 72352330 72368437 6 21997414 21999589 color=lorange
scaffold_5 72381043 72393247 6 22004304 22005769 color=lorange
scaffold_5 72424990 72629497 6 22034555 22046702 color=lorange
scaffold_5 72635573 72693159 6 22051327 22059496 color=lorange
scaffold_5 73108872 73109685 6 10333290 10334609 color=lorange
scaffold_5 73401484 73517796 6 10244681 10265843 color=lorange
scaffold_5 73526814 73530783 6 10240936 10242518 color=lorange
scaffold_5 73641236 73673879 6 10227700 10233197 color=lorange
scaffold_5 73676609 73720637 6 10217610 10227163 color=lorange
scaffold_5 73730225 73739971 6 2354159 2359089 color=lorange
scaffold_5 73741746 73755703 6 2359428 2364482 color=lorange
scaffold_5 73769528 73792966 6 2367260 2371091 color=lorange
scaffold_5 74084082 74313945 6 2527886 2535493 color=lorange
scaffold_5 74084082 74313945 6 2462128 2462508 color=lorange
scaffold_5 74485855 74741492 6 2585205 2591317 color=lorange
scaffold_5 74485855 74741492 6 2618574 2619943 color=lorange
scaffold_5 74485855 74741492 6 2651516 2651866 color=lorange
scaffold_5 74942561 74945292 6 2722096 2723171 color=lorange
scaffold_5 75284514 75292610 6 8859106 8861234 color=lorange
scaffold_5 75292939 75330670 6 8861580 8868713 color=lorange
scaffold_5 75292939 75330670 6 8865447 8868713 color=lorange
scaffold_5 75360683 75377475 6 8876055 8881096 color=lorange
scaffold_5 75421557 75441436 6 8894920 8899300 color=lorange
scaffold_5 75464158 75611473 6 8908100 8929750 color=lorange
scaffold_5 75680047 75702801 6 8953267 8959277 color=lorange
scaffold_5 75734804 75771016 6 8961499 8967417 color=lorange
scaffold_5 75932481 75943436 6 9014451 9017327 color=lorange
scaffold_5 75948386 76003349 6 9021593 9029701 color=lorange
scaffold_5 76038027 76054924 6 9039889 9044571 color=lorange
scaffold_5 76057013 76060248 6 9046566 9049581 color=lorange
scaffold_5 76064954 76098403 6 9053162 9058091 color=lorange
scaffold_5 76450060 76474171 6 9108322 9123662 color=lorange
scaffold_5 76479151 76521921 6 9108322 9123662 color=lorange
scaffold_5 77684170 77693467 6 9392521 9395712 color=lorange
scaffold_5 77696874 77706325 6 9396689 9400690 color=lorange
scaffold_5 77707498 77743561 6 9401753 9409228 color=lorange
scaffold_5 77786016 77786510 6 9469790 9470284 color=lorange
scaffold_5 77871641 77937069 6 9425300 9437621 color=lorange
scaffold_5 77967210 77978896 6 8780299 8782509 color=lorange
scaffold_5 77983801 78045111 6 8784021 8800227 color=lorange
scaffold_5 78048581 78059323 6 8802860 8807264 color=lorange
scaffold_5 78451972 78490256 6 2866758 2876240 color=lorange
scaffold_5 78499425 78625895 6 2879523 2883608 color=lorange
scaffold_5 78499425 78625895 6 2906560 2906967 color=lorange
scaffold_5 78635249 78664852 6 2924906 2935138 color=lorange
scaffold_5 78684710 78733909 6 2942529 2956509 color=lorange
scaffold_5 78779509 78852705 6 2979132 3000334 color=lorange
scaffold_5 78972017 78999739 6 3064664 3075728 color=lorange
scaffold_5 80569966 80592166 6 3618378 3625639 color=lorange
scaffold_5 80652884 80725765 6 3648174 3652501 color=lorange
scaffold_5 80916329 81045611 6 3701500 3737340 color=lorange
scaffold_5 80916329 81045611 6 3765427 3765717 color=lorange
scaffold_5 80916329 81045611 6 3752732 3755772 color=lorange
scaffold_5 82882106 82940200 6 4368338 4382518 color=lorange
scaffold_5 82980955 82986818 6 4391162 4393538 color=lorange
scaffold_5 83001678 83002157 6 4402746 4403225 color=lorange
scaffold_5 83052084 83386990 6 4417705 4426323 color=lorange
scaffold_5 83150312 83169490 6 4436337 4442512 color=lorange
scaffold_5 83266813 83347846 6 4492457 4496510 color=lorange
scaffold_5 84039245 84065091 6 4700709 4708306 color=lorange
scaffold_5 84117489 84537953 6 4771013 4777524 color=lorange
scaffold_5 84851946 84871115 6 4940676 4947816 color=lorange
scaffold_5 85096678 85128421 6 5034270 5052290 color=lorange
scaffold_5 85151741 85175167 6 5067148 5078741 color=lorange
scaffold_5 85355573 85449214 6 5126354 5140416 color=lorange
scaffold_5 85461488 85539576 6 5185489 5196735 color=lorange
scaffold_5 85539964 85549321 6 7454095 7462449 color=lorange
scaffold_5 85549394 85585155 6 7462521 7476040 color=lorange
scaffold_5 85591609 85622127 6 20865383 20881628 color=lorange
scaffold_5 85723495 85826046 6 20790121 20797742 color=lorange
scaffold_5 85836661 85841170 6 20782833 20786396 color=lorange
scaffold_5 85896860 85899291 6 20760008 20760875 color=lorange
scaffold_5 85906659 85934645 6 20749889 20758416 color=lorange
scaffold_5 85969815 86005392 6 20718322 20734557 color=lorange
scaffold_5 86074047 86087880 6 20685522 20704821 color=lorange
scaffold_5 86109264 86226359 6 20668883 20679520 color=lorange
scaffold_5 86294898 86338673 6 20606673 20613846 color=lorange
scaffold_5 86294898 86338673 6 20625081 20626310 color=lorange
scaffold_5 86799679 86827726 6 20503481 20512586 color=lorange
scaffold_5 86836772 86841720 6 20497009 20499081 color=lorange
scaffold_5 86843202 86847516 6 20490205 20494155 color=lorange
scaffold_5 86858232 86859564 6 20482426 20484494 color=lorange
scaffold_5 87090400 87123653 6 20400089 20403448 color=lorange
scaffold_5 87090400 87123653 6 20408504 20410698 color=lorange
scaffold_5 87148400 87149692 6 20383277 20384519 color=lorange
scaffold_5 87199652 87282242 6 20353526 20369259 color=lorange
scaffold_5 87800528 88036201 6 20128543 20162021 color=lorange
scaffold_5 88169047 88279518 6 18277210 18279331 color=lorange
scaffold_5 88169047 88279518 6 18266880 18275007 color=lorange
scaffold_5 88169047 88279518 6 18236245 18236499 color=lorange
scaffold_5 88302454 88309981 6 18286808 18293757 color=lorange
scaffold_5 88310916 88317667 6 18295149 18297818 color=lorange
scaffold_5 88510176 88517803 6 18393739 18397850 color=lorange
scaffold_5 89164624 89190301 6 18810519 18822542 color=lorange
scaffold_5 89197435 89232299 6 18848438 18850031 color=lorange
scaffold_5 89347099 89360336 6 18914328 18927255 color=lorange
scaffold_5 89406436 89466293 6 18984912 19005985 color=lorange
scaffold_5 89469235 89476692 6 19008293 19010807 color=lorange
scaffold_5 91566179 91579385 6 19868766 19869113 color=lorange
scaffold_5 91815723 91817391 6 19991221 19993052 color=lorange
scaffold_5 91819991 91831119 6 7554173 7555700 color=lorange
scaffold_5 91906353 91929493 6 19997130 20002820 color=lorange
scaffold_5 91930087 91930732 9 23427340 23427600 color=lorange
scaffold_5 91986171 92042693 6 806111 825770 color=lorange
scaffold_5 92063934 92082707 6 834248 838691 color=lorange
scaffold_5 92212784 92214031 6 875978 877270 color=lorange
scaffold_5 92251621 92291462 6 2314111 2330460 color=lorange
scaffold_5 92300845 92363856 6 2314111 2330460 color=lorange
scaffold_5 93218890 93281568 6 1979959 1989477 color=lorange
scaffold_5 93218890 93281568 6 2004189 2006987 color=lorange
scaffold_5 93235906 93241887 6 1997125 2000130 color=lorange
scaffold_5 93246997 93255716 6 1990870 1994874 color=lorange
scaffold_5 93246997 93255716 6 1990870 1994781 color=lorange
scaffold_5 93298650 93318810 6 1967785 1972401 color=lorange
scaffold_5 93375825 93463250 6 1912763 1933516 color=lorange
scaffold_5 93510183 93532055 6 1892007 1897414 color=lorange
scaffold_5 93884308 93889576 6 1763727 1766349 color=lorange
scaffold_5 93924166 93929699 6 1744738 1748174 color=lorange
scaffold_5 93929854 93935271 6 1740953 1744017 color=lorange
scaffold_5 93954813 93967772 6 1726666 1733984 color=lorange
scaffold_5 94199393 94199890 6 1649726 1650253 color=lorange
scaffold_5 94430020 94682055 6 1478713 1480020 color=lorange
scaffold_5 94430020 94682055 6 1561916 1562685 color=lorange
scaffold_5 95469517 95600993 6 1210989 1214031 color=lorange
scaffold_5 95469517 95600993 6 1167438 1167908 color=lorange
scaffold_5 95833566 95862939 6 1083705 1092268 color=lorange
scaffold_5 96064823 96099489 6 1009415 1020914 color=lorange
scaffold_5 96163258 96194529 6 995709 1003858 color=lorange
scaffold_5 96237181 96277645 6 965997 983317 color=lorange
scaffold_5 96303580 96356012 6 930543 950440 color=lorange
scaffold_5 96303580 96356012 6 930543 933506 color=lorange
scaffold_5 96361799 96448670 6 906046 927749 color=lorange
scaffold_5 96361799 96448670 6 883761 890056 color=lorange
scaffold_5 96462830 96564406 6 10189449 10196821 color=lorange
scaffold_5 96494604 96519943 6 10200146 10206191 color=lorange
scaffold_5 97071539 97073888 6 10049725 10050364 color=lorange
scaffold_5 97081750 97137584 6 10034404 10047914 color=lorange
scaffold_5 97462683 97798629 6 9854774 9867727 color=lorange
scaffold_5 97462683 97798629 6 9747189 9747888 color=lorange
scaffold_5 97823400 97827139 6 9739744 9741478 color=lorange
scaffold_5 97828631 97871825 6 9723997 9738352 color=lorange
scaffold_5 97973660 97986734 6 9686513 9691063 color=lorange
scaffold_5 97989559 98009115 6 9679550 9685771 color=lorange
scaffold_5 98011454 98019920 6 9674401 9678256 color=lorange
scaffold_5 98033956 98291941 6 9661478 9670265 color=lorange
scaffold_5 98406199 98423005 6 20932135 20942552 color=lorange
scaffold_5 98426021 98474651 6 20945572 20945925 color=lorange
scaffold_5 98533077 98547284 6 21048138 21051854 color=lorange
scaffold_5 98816839 98827550 6 6914107 6925079 color=lorange
scaffold_5 98923970 98970202 6 6997707 7010031 color=lorange
scaffold_5 98923970 98970202 6 6999359 7010031 color=lorange
scaffold_5 99012276 99014339 6 6722737 6727850 color=lorange
scaffold_5 99242721 99248747 6 6840075 6843838 color=lorange
scaffold_5 99256790 99320417 6 6851556 6872416 color=lorange
scaffold_5 99256790 99320417 6 6847896 6849371 color=lorange
scaffold_5 99277597 99278265 3 38179334 38211973 color=lorange
scaffold_5 99322391 99337337 6 6874079 6895447 color=lorange
scaffold_5 99389884 99392729 6 6898911 6904989 color=lorange
scaffold_5 99397646 99469756 6 6697175 6701726 color=lorange
scaffold_5 99492001 99515078 6 781056 784351 color=lorange
scaffold_5 99516843 99520477 6 773998 778828 color=lorange
scaffold_5 99543695 99561699 6 750439 761800 color=lorange
scaffold_5 99662822 99674429 6 703210 707535 color=lorange
scaffold_5 99708233 99780066 6 664491 688821 color=lorange
scaffold_5 99860908 99868229 6 594326 599602 color=lorange
scaffold_5 99872716 99873747 6 591642 593575 color=lorange
scaffold_5 99878315 99949516 6 565635 588666 color=lorange
scaffold_5 100136000 100215129 6 484772 492508 color=lorange
scaffold_5 100136000 100215129 6 494027 496135 color=lorange
scaffold_5 100136000 100215129 6 476228 483162 color=lorange
scaffold_5 100232152 100272073 6 432093 434000 color=lorange
scaffold_5 100281197 100340293 6 420654 428233 color=lorange
scaffold_5 100363825 100364157 6 392629 392961 color=lorange
scaffold_5 100366644 100375254 6 18109466 18112759 color=lorange
scaffold_5 100381646 100393984 6 18117017 18124626 color=lorange
scaffold_5 100410260 100422519 6 18135012 18141292 color=lorange
scaffold_5 100445857 100449225 6 18158258 18163111 color=lorange
scaffold_5 100522278 100524596 6 18073793 18078324 color=lorange
scaffold_5 100540713 100572167 6 18046515 18047568 color=lorange
scaffold_5 100695682 100760094 6 17959208 17988949 color=lorange
scaffold_5 100787776 100814799 6 18181030 18193403 color=lorange
scaffold_5 100817458 100835869 6 18194325 18206834 color=lorange
scaffold_5 100866716 100868209 6 18220973 18226371 color=lorange
scaffold_5 100880911 100957466 6 17929288 17948331 color=lorange
scaffold_5 100960774 101030951 6 17904804 17911675 color=lorange
scaffold_5 100960774 101030951 6 17914072 17921599 color=lorange
scaffold_5 100960774 101030951 6 17925608 17927178 color=lorange
scaffold_5 101084291 101285659 6 17873214 17881582 color=lorange
scaffold_5 101693737 101725870 6 17649292 17656994 color=lorange
scaffold_5 101750337 101761509 6 17629040 17631741 color=lorange
scaffold_5 101778040 101793095 6 17613110 17618681 color=lorange
scaffold_5 101860156 101986378 6 17541883 17553986 color=lorange
scaffold_5 102375372 102412615 6 8564671 8566083 color=lorange
scaffold_5 102646586 102715620 6 8647414 8664417 color=lorange
scaffold_5 102724181 102738658 6 8668876 8673109 color=lorange
scaffold_5 102766953 102780740 6 8681246 8686192 color=lorange
scaffold_5 103067883 103084563 6 9471419 9478253 color=lorange
scaffold_5 103120275 103126946 6 9490334 9492050 color=lorange
scaffold_6 747295 772371 2 20771044 20777757 color=lorange
scaffold_6 991249 1045092 2 20855620 20856155 color=lorange
scaffold_6 1073181 1087219 2 20883745 20886102 color=lorange
scaffold_6 1088188 1113561 2 20887025 20898958 color=lorange
scaffold_6 1121426 1123559 2 20901545 20903677 color=lorange
scaffold_6 1209188 1210147 2 20911670 20912628 color=lorange
scaffold_6 2620275 2653960 2 29091227 29106037 color=lorange
scaffold_6 2683203 2709876 2 29065135 29075675 color=lorange
scaffold_6 2710871 2775802 2 29054704 29064312 color=lorange
scaffold_6 2710871 2775802 2 29031876 29040081 color=lorange
scaffold_6 2710871 2775802 2 29031876 29040081 color=lorange
scaffold_6 2740591 2756975 2 29043551 29048157 color=lorange
scaffold_6 2740591 2756975 2 29049071 29050986 color=lorange
scaffold_6 2881274 2895495 2 28975684 28979448 color=lorange
scaffold_6 2881274 2895495 2 28964689 28965941 color=lorange
scaffold_6 2896318 2905154 2 28956043 28962334 color=lorange
scaffold_6 2941091 2955468 2 28925591 28932703 color=lorange
scaffold_6 3894246 3915608 2 28561275 28572209 color=lorange
scaffold_6 3954763 3980613 2 42959699 42970192 color=lorange
scaffold_6 3982984 4040263 2 42972527 42986489 color=lorange
scaffold_6 4044112 4045726 2 42987458 42990152 color=lorange
scaffold_6 4153806 4155594 2 9146750 9149258 color=lorange
scaffold_6 4173756 4176822 2 9138448 9140323 color=lorange
scaffold_6 4192961 4207522 2 9127819 9131137 color=lorange
scaffold_6 4255144 4328924 2 9080086 9084026 color=lorange
scaffold_6 4382206 4387598 2 9049946 9054191 color=lorange
scaffold_6 4398346 4412662 2 9044458 9049132 color=lorange
scaffold_6 4472180 4473462 2 9035800 9038217 color=lorange
scaffold_6 4474564 4480936 2 9027481 9034725 color=lorange
scaffold_6 4512330 4532432 2 39438763 39444841 color=lorange
scaffold_6 4782048 4801061 2 39552593 39562219 color=lorange
scaffold_6 4809010 4817723 2 39567464 39575091 color=lorange
scaffold_6 4871341 4881989 2 39593302 39600129 color=lorange
scaffold_6 4882667 4883109 2 39600764 39601208 color=lorange
scaffold_6 4907894 4925343 2 39612378 39617995 color=lorange
scaffold_6 4927720 4936303 2 39621400 39625664 color=lorange
scaffold_6 4927720 4936303 2 39621406 39625664 color=lorange
scaffold_6 4939018 4970238 2 39626733 39632989 color=lorange
scaffold_6 5040723 5075489 2 39649751 39660256 color=lorange
scaffold_6 5106358 5107753 2 39673464 39674941 color=lorange
scaffold_6 5109584 5114132 2 39675537 39680279 color=lorange
scaffold_6 5121737 5124493 2 17546344 17548793 color=lorange
scaffold_6 5157836 5163657 2 17565898 17568836 color=lorange
scaffold_6 5164243 5175559 2 17569640 17574842 color=lorange
scaffold_6 5206250 5245687 2 17587370 17605985 color=lorange
scaffold_6 5258700 5305981 2 17620042 17636283 color=lorange
scaffold_6 5351262 5375405 2 17660377 17669176 color=lorange
scaffold_6 5382840 5387984 2 17671864 17677274 color=lorange
scaffold_6 5405814 5409811 2 17683758 17687737 color=lorange
scaffold_6 5443462 5493846 2 17701670 17713776 color=lorange
scaffold_6 5561444 5610073 2 17470237 17499121 color=lorange
scaffold_6 5623508 5641251 2 17468438 17469451 color=lorange
scaffold_6 5730793 5731794 2 21835343 21874861 color=lorange
scaffold_6 5732200 5744154 2 21880217 21916752 color=lorange
scaffold_6 5831366 5832027 2 17385133 17386931 color=lorange
scaffold_6 5872854 5947425 2 39685108 39688223 color=lorange
scaffold_6 5872854 5947425 2 39719750 39721360 color=lorange
scaffold_6 6565169 6620804 2 39924074 39931399 color=lorange
scaffold_6 6960903 6964240 2 40098857 40101032 color=lorange
scaffold_6 7174795 7194151 2 40176384 40179808 color=lorange
scaffold_6 7368731 7369861 2 40239533 40240663 color=lorange
scaffold_6 7383633 7389700 2 40246334 40247449 color=lorange
scaffold_6 7415749 7416663 2 40256806 40257786 color=lorange
scaffold_6 7420181 7489107 2 40258247 40274388 color=lorange
scaffold_6 7500310 7573309 2 40279225 40297843 color=lorange
scaffold_6 7663514 7676252 2 40329912 40334964 color=lorange
scaffold_6 7824496 7835826 2 40375409 40386266 color=lorange
scaffold_6 7975089 7980038 2 40431981 40433119 color=lorange
scaffold_6 8201156 8314224 2 40503618 40519038 color=lorange
scaffold_6 8401165 8421159 2 40541476 40544931 color=lorange
scaffold_6 8434259 8451694 2 40549657 40558272 color=lorange
scaffold_6 8472596 8503440 2 40563668 40569477 color=lorange
scaffold_6 8516616 8521877 2 40575345 40578149 color=lorange
scaffold_6 8539692 8540537 7 1380895 1383849 color=lorange
scaffold_6 8608583 8634649 2 40616824 40620889 color=lorange
scaffold_6 8850939 9019230 2 40726378 40734475 color=lorange
scaffold_6 9027064 9041646 2 40738200 40743737 color=lorange
scaffold_6 9050632 9063345 2 18874729 18889341 color=lorange
scaffold_6 9133582 9172382 2 18918652 18925573 color=lorange
scaffold_6 9196542 9197880 2 18937385 18939313 color=lorange
scaffold_6 9200675 9210129 2 18942097 18949078 color=lorange
scaffold_6 9258327 9260232 2 18972241 18974992 color=lorange
scaffold_6 9438472 9460179 2 19030014 19033030 color=lorange
scaffold_6 9739651 9740409 2 19161475 19162233 color=lorange
scaffold_6 9739651 9740409 2 15829952 15833391 color=lorange
scaffold_6 9739651 9740409 2 19255309 19258713 color=lorange
scaffold_6 9963453 9969621 2 19255309 19258713 color=lorange
scaffold_6 9963453 9969621 2 19161475 19162233 color=lorange
scaffold_6 9963453 9969621 2 15829952 15833391 color=lorange
scaffold_6 10157748 10251977 2 15829952 15833391 color=lorange
scaffold_6 10157748 10251977 2 19146472 19147087 color=lorange
scaffold_6 10328026 10338689 2 15802432 15808509 color=lorange
scaffold_6 10384501 10393203 2 15774280 15777662 color=lorange
scaffold_6 10395605 10851739 2 15637068 15644748 color=lorange
scaffold_6 10395605 10851739 2 15708198 15710818 color=lorange
scaffold_6 11728040 11733604 2 15351278 15354218 color=lorange
scaffold_6 11733774 11734980 2 15349690 15351111 color=lorange
scaffold_6 11737161 11763428 2 15333972 15345241 color=lorange
scaffold_6 11766377 11850231 2 15323354 15332309 color=lorange
scaffold_6 11865686 11866275 2 15301154 15301742 color=lorange
scaffold_6 11883762 11899957 2 15286733 15293708 color=lorange
scaffold_6 12011654 12039821 2 15234458 15235482 color=lorange
scaffold_6 12011654 12039821 5 16328247 16329350 color=lorange
scaffold_6 12011654 12039821 2 15221611 15221874 color=lorange
scaffold_6 12698696 12699388 2 14980050 14980751 color=lorange
scaffold_6 12871068 12872821 2 14893822 14899671 color=lorange
scaffold_6 12978814 12994356 2 8773964 8784082 color=lorange
scaffold_6 12995003 12996541 2 8784676 8785857 color=lorange
scaffold_6 13184145 13210159 2 8808036 8870501 color=lorange
scaffold_6 13227013 13232331 2 8893169 8898073 color=lorange
scaffold_6 13234938 13235297 2 8900575 8901224 color=lorange
scaffold_6 13242887 13248913 2 8910792 8915596 color=lorange
scaffold_6 13258970 13519193 2 8994398 9005201 color=lorange
scaffold_6 13534850 13536415 2 9009529 9011094 color=lorange
scaffold_6 13547626 13554605 2 9021089 9026074 color=lorange
scaffold_6 13556413 13570191 2 39417846 39424049 color=lorange
scaffold_6 13631760 13686568 2 39378027 39390860 color=lorange
scaffold_6 13722098 13731280 2 39364297 39368969 color=lorange
scaffold_6 13722098 13731280 2 39364297 39368789 color=lorange
scaffold_6 13761575 13780063 2 39343098 39347545 color=lorange
scaffold_6 13792205 13797411 2 39333340 39334940 color=lorange
scaffold_6 13801756 13803468 2 39317378 39330629 color=lorange
scaffold_6 13881849 13890017 2 39301627 39304816 color=lorange
scaffold_6 13898719 13901482 2 39296920 39299899 color=lorange
scaffold_6 13902044 14061675 2 39251604 39269034 color=lorange
scaffold_6 14187523 14193201 2 42540843 42541776 color=lorange
scaffold_6 14208947 14220984 2 42556680 42565115 color=lorange
scaffold_6 14269834 14667473 2 42676989 42683587 color=lorange
scaffold_6 14953285 14979592 2 42792274 42801541 color=lorange
scaffold_6 14981886 15062321 2 42823450 42832337 color=lorange
scaffold_6 15066290 15073916 2 42835317 42840878 color=lorange
scaffold_6 15093304 15114253 2 42844632 42858131 color=lorange
scaffold_6 15120099 15129598 2 42859742 42863109 color=lorange
scaffold_6 15158129 15159919 2 42875366 42877156 color=lorange
scaffold_6 15204239 15206791 2 42892169 42894283 color=lorange
scaffold_6 15210040 15222714 2 42896626 42898879 color=lorange
scaffold_6 15426403 15455021 2 9555330 9568013 color=lorange
scaffold_6 15529104 15710334 2 9485989 9502632 color=lorange
scaffold_6 15940486 15950511 2 21137431 21141494 color=lorange
scaffold_6 16029896 16036885 2 9409324 9411769 color=lorange
scaffold_6 16050826 16060191 2 21065489 21069762 color=lorange
scaffold_6 16062355 16077729 2 21050626 21063696 color=lorange
scaffold_6 16155015 16160280 2 21029226 21030671 color=lorange
scaffold_6 16160942 16165603 2 21026525 21028404 color=lorange
scaffold_6 16178934 16186450 2 21019343 21022460 color=lorange
scaffold_6 16224484 16228586 2 21471151 21472856 color=lorange
scaffold_6 16224484 16228586 2 21471163 21472856 color=lorange
scaffold_6 16507039 16521264 2 21551367 21556616 color=lorange
scaffold_6 16570703 16572654 2 1950037 1951887 color=lorange
scaffold_6 16606781 16627269 2 1927177 1937608 color=lorange
scaffold_6 16712424 16724958 2 1878696 1882906 color=lorange
scaffold_6 16775865 16777094 2 1849177 1850225 color=lorange
scaffold_6 16777683 16787899 2 1842021 1848509 color=lorange
scaffold_6 16788377 16818345 2 1829285 1841529 color=lorange
scaffold_6 16819398 16820417 2 1823102 1824043 color=lorange
scaffold_6 16833240 16875985 2 1806212 1817500 color=lorange
scaffold_6 16902998 16975328 2 1771535 1780290 color=lorange
scaffold_6 16981864 16995079 2 1758160 1764447 color=lorange
scaffold_6 17117177 17117665 2 17520622 17521110 color=lorange
scaffold_6 17241131 17242862 2 17768965 17771657 color=lorange
scaffold_6 17243138 17258782 2 17772210 17776382 color=lorange
scaffold_6 17757287 17761781 2 17952664 17955211 color=lorange
scaffold_6 18603658 18607485 2 18272517 18275185 color=lorange
scaffold_6 18695241 19058476 2 18478877 18488590 color=lorange
scaffold_6 18695241 19058476 2 18466690 18470516 color=lorange
scaffold_6 19153717 19204787 2 18548922 18557297 color=lorange
scaffold_6 19220223 19345921 2 18614335 18624521 color=lorange
scaffold_6 19220223 19345921 2 18565704 18576872 color=lorange
scaffold_6 19220223 19345921 2 18594451 18597590 color=lorange
scaffold_6 19316582 19317124 2 18598832 18599374 color=lorange
scaffold_6 19542742 19821576 2 18713234 18722739 color=lorange
scaffold_6 19542742 19821576 2 18699774 18701393 color=lorange
scaffold_6 19542742 19821576 2 18796638 18796907 color=lorange
scaffold_6 20084315 20093797 2 20963754 20964894 color=lorange
scaffold_6 20086989 20090671 2 20961316 20962811 color=lorange
scaffold_6 20274998 20287323 2 20963754 20964894 color=lorange
scaffold_6 20278249 20284168 2 20961316 20962811 color=lorange
scaffold_6 20587312 20842271 2 18713234 18722739 color=lorange
scaffold_6 20587312 20842271 2 18699774 18701393 color=lorange
scaffold_6 20587312 20842271 2 18796638 18796907 color=lorange
scaffold_6 21026066 21138203 2 18614335 18624521 color=lorange
scaffold_6 21026066 21138203 2 18565704 18576872 color=lorange
scaffold_6 21026066 21138203 2 18594451 18597590 color=lorange
scaffold_6 21052631 21053173 2 18598832 18599374 color=lorange
scaffold_6 21159109 21422118 2 18548922 18557297 color=lorange
scaffold_6 21159109 21422118 2 18478877 18488590 color=lorange
scaffold_6 21159109 21422118 2 18466690 18470516 color=lorange
scaffold_6 21718857 21723322 2 18272517 18275185 color=lorange
scaffold_6 22624165 22635111 2 17952664 17955211 color=lorange
scaffold_6 23108750 23121749 2 17772210 17776382 color=lorange
scaffold_6 23122025 23123760 2 17768965 17771657 color=lorange
scaffold_6 23244676 23245164 2 17520622 17521110 color=lorange
scaffold_6 23343704 23357950 2 1758160 1764447 color=lorange
scaffold_6 23364593 23434208 2 1771535 1780290 color=lorange
scaffold_6 23464202 23503507 2 1806212 1817500 color=lorange
scaffold_6 23514966 23515985 2 1823102 1824043 color=lorange
scaffold_6 23517038 23543671 2 1829285 1841529 color=lorange
scaffold_6 23544148 23555405 2 1842021 1848509 color=lorange
scaffold_6 23557938 23559167 2 1849177 1850225 color=lorange
scaffold_6 23612266 23624800 2 1878696 1882906 color=lorange
scaffold_6 23708468 23723376 2 1927177 1937608 color=lorange
scaffold_6 23754245 23756186 2 1950037 1951887 color=lorange
scaffold_6 23762693 23767123 2 1956930 1959044 color=lorange
scaffold_6 23771277 23775543 2 1962702 1966569 color=lorange
scaffold_6 23915995 23917329 2 2020226 2021548 color=lorange
scaffold_6 24111361 24126838 2 2086214 2095884 color=lorange
scaffold_6 24183932 24192258 2 2116340 2123089 color=lorange
scaffold_6 24203590 24234401 2 2129521 2130152 color=lorange
scaffold_6 24255415 24269866 2 2152289 2164670 color=lorange
scaffold_6 24435873 24439235 2 2244455 2246609 color=lorange
scaffold_6 24567755 24578589 2 2284827 2289419 color=lorange
scaffold_6 24968073 24972570 2 2420152 2420920 color=lorange
scaffold_6 25039952 25056633 2 2452434 2454711 color=lorange
scaffold_6 25074434 25191222 2 2468113 2483108 color=lorange
scaffold_6 25398866 25426082 2 2553254 2564587 color=lorange
scaffold_6 25627769 25668059 2 2630191 2633613 color=lorange
scaffold_6 25669356 25706935 2 2646722 2660832 color=lorange
scaffold_6 25709820 25710185 2 2663292 2663657 color=lorange
scaffold_6 25722054 25732893 2 2666476 2670938 color=lorange
scaffold_6 25910237 25929646 2 2712915 2718537 color=lorange
scaffold_6 25984051 26010180 2 2735774 2744923 color=lorange
scaffold_6 25984051 26010180 2 2742486 2744923 color=lorange
scaffold_6 26599764 26657891 2 2987379 3008270 color=lorange
scaffold_6 26664624 26669628 2 3012387 3013559 color=lorange
scaffold_6 26913267 27308243 2 3101313 3109307 color=lorange
scaffold_6 27321181 27448973 2 3214272 3231777 color=lorange
scaffold_6 27464149 27497700 2 3353896 3363469 color=lorange
scaffold_6 27568648 27574865 2 3382601 3390865 color=lorange
scaffold_6 27580420 27594540 2 3393131 3398229 color=lorange
scaffold_6 27607967 27609517 2 6970793 6972343 color=lorange
scaffold_6 27622545 27688506 2 6975393 6985688 color=lorange
scaffold_6 27700537 27731125 2 7006803 7017191 color=lorange
scaffold_6 27731505 27733312 2 7020119 7021660 color=lorange
scaffold_6 27740289 27743105 2 7022117 7025217 color=lorange
scaffold_6 27898447 27943947 2 7105345 7109625 color=lorange
scaffold_6 27898447 27943947 2 7120262 7122599 color=lorange
scaffold_6 28012967 28016849 2 7159727 7164334 color=lorange
scaffold_6 28058682 28069017 2 7179607 7183154 color=lorange
scaffold_6 28076306 28084902 2 7187031 7194337 color=lorange
scaffold_6 28089270 28090293 2 7201604 7201935 color=lorange
scaffold_6 28091289 28191056 2 7252162 7253532 color=lorange
scaffold_6 28221237 28244434 2 7269230 7282276 color=lorange
scaffold_6 28274779 28283386 2 7301162 7305619 color=lorange
scaffold_6 28313747 28418423 2 7347458 7358035 color=lorange
scaffold_6 28313747 28418423 2 7319497 7319803 color=lorange
scaffold_6 28426185 28449975 2 7363098 7385311 color=lorange
scaffold_6 28554708 28658074 2 7420331 7433201 color=lorange
scaffold_6 28779112 28790465 2 7508041 7511750 color=lorange
scaffold_6 28797259 28802302 2 7514748 7519198 color=lorange
scaffold_6 28905677 28946902 2 7574733 7579376 color=lorange
scaffold_6 28959742 29006647 2 7586283 7594740 color=lorange
scaffold_6 28959742 29006647 2 7607797 7608219 color=lorange
scaffold_6 29100976 29121208 2 7646357 7660620 color=lorange
scaffold_6 29245985 29503711 2 7705691 7708821 color=lorange
scaffold_6 29649778 29682087 2 7817630 7825705 color=lorange
scaffold_6 29688507 29703298 2 7833901 7844170 color=lorange
scaffold_6 29813920 29882551 2 7889980 7907435 color=lorange
scaffold_6 29813920 29882551 2 7872387 7881569 color=lorange
scaffold_6 30236817 30373374 2 8033601 8038608 color=lorange
scaffold_6 30591193 30592990 2 8123494 8124890 color=lorange
scaffold_6 30594430 30602887 2 8129540 8133858 color=lorange
scaffold_6 30627683 30713492 2 8146306 8178659 color=lorange
scaffold_6 31671916 31710842 2 8456240 8463677 color=lorange
scaffold_6 31807637 31893221 2 8515207 8530072 color=lorange
scaffold_6 31807637 31893221 2 8492053 8496649 color=lorange
scaffold_6 31904808 31908359 2 8539853 8542677 color=lorange
scaffold_6 31961076 32033330 2 8554484 8584225 color=lorange
scaffold_6 32139401 32220868 2 8651868 8666655 color=lorange
scaffold_6 32244690 32278768 2 8675311 8682495 color=lorange
scaffold_6 32430096 32482445 2 8745435 8767350 color=lorange
scaffold_6 32489738 32492499 2 15888732 15891396 color=lorange
scaffold_6 32507065 32524083 2 15898372 15905835 color=lorange
scaffold_6 32578032 32582918 2 15923297 15927238 color=lorange
scaffold_6 32586204 32590266 2 15930630 15933009 color=lorange
scaffold_6 32681157 32682565 2 15959696 15960677 color=lorange
scaffold_6 33327326 33484520 2 16142095 16185270 color=lorange
scaffold_6 33563901 33589106 2 16212603 16221795 color=lorange
scaffold_6 33624321 33627093 2 16231236 16233826 color=lorange
scaffold_6 33653795 33669663 2 16243639 16246987 color=lorange
scaffold_6 36495167 36508241 2 17026586 17029835 color=lorange
scaffold_6 36519364 36531662 2 17032371 17039303 color=lorange
scaffold_6 36853143 36885718 2 17121577 17127005 color=lorange
scaffold_6 37214631 37268245 2 17216187 17231643 color=lorange
scaffold_6 37291762 37294373 2 17232961 17234710 color=lorange
scaffold_6 37313806 37317569 2 17237647 17239806 color=lorange
scaffold_6 37427945 37459624 2 17271433 17283422 color=lorange
scaffold_6 37802049 37822384 2 17342310 17348854 color=lorange
scaffold_6 38399992 38426494 2 1653999 1654229 color=lorange
scaffold_6 40343468 40382223 2 1309990 1315290 color=lorange
scaffold_6 40478325 40652221 2 1251771 1257526 color=lorange
scaffold_6 40478325 40652221 2 1202949 1206357 color=lorange
scaffold_6 41077659 41129329 2 1067744 1079061 color=lorange
scaffold_6 41285588 41451287 2 1031943 1032170 color=lorange
scaffold_6 41485271 41519345 2 956149 963478 color=lorange
scaffold_6 41527361 41571032 2 931681 934424 color=lorange
scaffold_6 41527361 41571032 2 936236 942612 color=lorange
scaffold_6 41615893 41616562 2 920067 920757 color=lorange
scaffold_6 41620474 41658890 2 274375 286044 color=lorange
scaffold_6 41776404 41776676 2 316796 317101 color=lorange
scaffold_6 41792389 41922422 2 338746 355911 color=lorange
scaffold_6 42183130 42225103 2 431076 445031 color=lorange
scaffold_6 42236615 42237149 2 446612 447153 color=lorange
scaffold_6 42371093 42401263 2 485778 491670 color=lorange
scaffold_6 42405846 42408050 2 493726 495930 color=lorange
scaffold_6 42409370 42410005 2 496921 497556 color=lorange
scaffold_6 42411996 42433275 2 498959 501862 color=lorange
scaffold_6 42472333 42521751 2 509314 518114 color=lorange
scaffold_6 42762776 42767608 2 598132 602533 color=lorange
scaffold_6 42772257 42909855 2 604577 608877 color=lorange
scaffold_6 42917888 42946261 2 657742 666094 color=lorange
scaffold_6 43015442 43016002 2 687235 687795 color=lorange
scaffold_6 43120419 43168053 2 712398 717860 color=lorange
scaffold_6 43334227 43342363 2 5881225 5883462 color=lorange
scaffold_6 43523609 43524122 2 5946592 5947106 color=lorange
scaffold_6 43526809 43534526 2 5949953 5951911 color=lorange
scaffold_6 43538809 43539465 2 5955222 5955841 color=lorange
scaffold_6 43542821 43560372 2 5958508 5969034 color=lorange
scaffold_6 43621289 43625874 2 5988597 5991727 color=lorange
scaffold_6 43628857 43670569 2 5993287 6003569 color=lorange
scaffold_6 43677080 43693563 2 6006521 6015566 color=lorange
scaffold_6 43703199 43776434 2 6020373 6034798 color=lorange
scaffold_6 43845050 43927985 2 6068722 6086175 color=lorange
scaffold_6 43928191 43942511 2 6086363 6089572 color=lorange
scaffold_6 43960720 43996567 2 6103037 6107062 color=lorange
scaffold_6 43960720 43996567 2 6111516 6112074 color=lorange
scaffold_6 44196219 44240483 2 6196375 6214456 color=lorange
scaffold_6 44253121 44371154 2 6238119 6248839 color=lorange
scaffold_6 44253399 44266454 2 6221466 6225842 color=lorange
scaffold_6 44783949 44873910 2 6399001 6426551 color=lorange
scaffold_6 44783949 44873910 2 6435117 6441387 color=lorange
scaffold_6 45156930 45172722 2 6517543 6520573 color=lorange
scaffold_6 45328215 45621378 2 6602072 6611237 color=lorange
scaffold_6 45328215 45621378 2 6579777 6583429 color=lorange
scaffold_6 46153564 46157396 2 6698149 6701384 color=lorange
scaffold_6 46826681 46827100 2 6905903 6906322 color=lorange
scaffold_6 46964627 47549210 2 3880186 3891515 color=lorange
scaffold_6 47561238 47597506 2 4014325 4020678 color=lorange
scaffold_6 47681656 47683002 2 4026325 4026618 color=lorange
scaffold_6 47698286 47752309 2 4032873 4038912 color=lorange
scaffold_6 47915131 47971458 2 4100068 4102616 color=lorange
scaffold_6 48018639 48034574 2 4114676 4115542 color=lorange
scaffold_6 48251758 48357743 2 4184690 4208008 color=lorange
scaffold_6 48421220 48421549 2 4215028 4215357 color=lorange
scaffold_6 48968897 49001077 2 4294726 4299401 color=lorange
scaffold_6 49067164 49308773 2 4352297 4352731 color=lorange
scaffold_6 49532013 49541871 2 4399771 4405721 color=lorange
scaffold_6 49723819 49844860 2 4419406 4444450 color=lorange
scaffold_6 49917470 49951426 2 4457962 4463486 color=lorange
scaffold_6 50087079 50203163 2 4520190 4529661 color=lorange
scaffold_6 50294671 50335579 2 4540749 4553041 color=lorange
scaffold_6 50294671 50335579 2 4553885 4557372 color=lorange
scaffold_6 50718213 50952320 2 4631400 4634498 color=lorange
scaffold_6 50718213 50952320 2 4728996 4729424 color=lorange
scaffold_6 50718213 50952320 2 4693425 4697299 color=lorange
scaffold_6 51356401 51415938 2 4797196 4817379 color=lorange
scaffold_6 51517083 51581845 2 4834744 4841842 color=lorange
scaffold_6 51596376 51611011 2 4851578 4854869 color=lorange
scaffold_6 51689975 51699173 2 4871202 4873338 color=lorange
scaffold_6 51850012 51885098 2 4875713 4881945 color=lorange
scaffold_6 51916945 52018267 2 4889189 4892413 color=lorange
scaffold_6 52035607 52087683 2 4986981 4994140 color=lorange
scaffold_6 52091985 52189452 2 4971395 4979345 color=lorange
scaffold_6 52350046 52376722 2 4951956 4954622 color=lorange
scaffold_6 52452887 52477177 2 4956644 4961940 color=lorange
scaffold_6 52538504 52576692 2 4999188 5002640 color=lorange
scaffold_6 52843961 52860777 2 5072547 5078235 color=lorange
scaffold_6 52956230 53156993 2 5087393 5115103 color=lorange
scaffold_6 52956230 53156993 2 5097645 5107339 color=lorange
scaffold_6 54653385 54916093 2 5119850 5134454 color=lorange
scaffold_6 54653385 54916093 2 5138169 5139328 color=lorange
scaffold_6 54926736 54966466 2 5149447 5150937 color=lorange
scaffold_6 55032850 55202901 2 5161974 5166234 color=lorange
scaffold_6 55565143 55728699 2 5273066 5282066 color=lorange
scaffold_6 55913357 55971440 2 5332027 5333460 color=lorange
scaffold_6 57074798 57197540 2 5254288 5261001 color=lorange
scaffold_6 58753356 58787295 2 42448438 42452735 color=lorange
scaffold_6 58753356 58787295 2 22430334 22435413 color=lorange
scaffold_6 59145980 59597293 2 42085403 42089769 color=lorange
scaffold_6 59145980 59597293 2 42302895 42314942 color=lorange
scaffold_6 60727320 60747938 2 42448438 42452735 color=lorange
scaffold_6 60727320 60747938 2 22430334 22435413 color=lorange
scaffold_6 61105077 61542385 2 42085403 42089769 color=lorange
scaffold_6 61105077 61542385 2 42302895 42314942 color=lorange
scaffold_6 61682411 61812497 2 42003341 42059260 color=lorange
scaffold_6 62004221 62036688 2 41959204 41970301 color=lorange
scaffold_6 62366197 62368044 2 41953618 41955465 color=lorange
scaffold_6 63020486 63160125 2 41755549 41765238 color=lorange
scaffold_6 63339491 63376963 2 41959204 41970301 color=lorange
scaffold_6 63781743 63783590 2 41953618 41955465 color=lorange
scaffold_6 64426057 64531796 2 41755549 41765238 color=lorange
scaffold_6 65413452 65462324 2 21716270 21731010 color=lorange
scaffold_6 66436364 66438649 2 21975194 22004481 color=lorange
scaffold_6 66851949 67228787 2 22219278 22230347 color=lorange
scaffold_6 67437056 67548845 2 5246786 5250354 color=lorange
scaffold_6 68251652 68624588 2 5217386 5228736 color=lorange
scaffold_6 70584644 70703017 2 38695186 38708912 color=lorange
scaffold_6 70584644 70703017 2 38671021 38671290 color=lorange
scaffold_6 70959969 71046562 2 38577743 38596159 color=lorange
scaffold_6 71110495 71115174 2 38563714 38564406 color=lorange
scaffold_6 73335822 73441281 2 37747653 37758234 color=lorange
scaffold_6 73335822 73441281 2 37783096 37787173 color=lorange
scaffold_6 73531564 73535414 2 37747653 37758234 color=lorange
scaffold_6 73838159 73838539 2 37639905 37640285 color=lorange
scaffold_6 74017133 74044813 2 37594106 37602936 color=lorange
scaffold_6 74062596 74312313 2 37554066 37583573 color=lorange
scaffold_6 74374854 74387733 2 37450777 37473393 color=lorange
scaffold_6 74669521 74734931 2 37238696 37240472 color=lorange
scaffold_6 74773536 74783775 2 37226430 37228028 color=lorange
scaffold_6 74794474 74897744 2 37193473 37221835 color=lorange
scaffold_6 74983651 75038627 2 37138911 37156475 color=lorange
scaffold_6 75060889 75104847 2 37107316 37132453 color=lorange
scaffold_6 75192082 75196709 2 37071117 37071952 color=lorange
scaffold_6 75303012 75326372 2 37023108 37036512 color=lorange
scaffold_6 75385949 75386710 2 36985889 36986650 color=lorange
scaffold_6 75836169 75875037 2 36844332 36855002 color=lorange
scaffold_6 75836169 75875037 2 36851468 36855002 color=lorange
scaffold_6 75934539 75966313 2 36805878 36817397 color=lorange
scaffold_6 76853958 77170633 2 36516866 36522271 color=lorange
scaffold_6 76853958 77170633 2 36497499 36499865 color=lorange
scaffold_6 77338667 77356936 2 36428408 36432148 color=lorange
scaffold_6 77440835 77507123 2 36379686 36399658 color=lorange
scaffold_6 77440835 77507123 2 36393255 36399658 color=lorange
scaffold_6 77540716 77574668 2 36362916 36369351 color=lorange
scaffold_6 77712170 77842332 2 36299011 36306855 color=lorange
scaffold_6 77906189 77909531 2 36254073 36257384 color=lorange
scaffold_6 77987396 78092786 2 36218640 36234367 color=lorange
scaffold_6 78101233 78101949 2 36188744 36189460 color=lorange
scaffold_6 78137775 78458975 2 36159133 36170140 color=lorange
scaffold_6 78137775 78458975 2 36146717 36154464 color=lorange
scaffold_6 78137775 78458975 2 36026666 36026866 color=lorange
scaffold_6 79219825 79261441 2 10220850 10226034 color=lorange
scaffold_6 79277514 80203270 2 10467217 10479620 color=lorange
scaffold_6 79277514 80203270 2 10405451 10408191 color=lorange
scaffold_6 80270979 80917834 2 10781446 10786122 color=lorange
scaffold_6 81028695 81035002 2 10809793 10812439 color=lorange
scaffold_6 81372042 81517762 2 10928786 10942539 color=lorange
scaffold_6 81958143 82115786 6 29908205 29930675 color=lorange
scaffold_6 82359079 82404997 6 29986110 29991557 color=lorange
scaffold_6 82416925 82455091 6 37772823 37775985 color=lorange
scaffold_6 83494915 83507909 2 34793219 34796957 color=lorange
scaffold_6 83571736 83588498 2 34828195 34838655 color=lorange
scaffold_6 83596559 83604886 2 34844240 34847599 color=lorange
scaffold_6 83596559 83604886 2 34844240 34847668 color=lorange
scaffold_6 83810596 83901616 2 34939263 34967226 color=lorange
scaffold_6 83914604 83943787 2 34988903 34998454 color=lorange
scaffold_6 83944325 83952556 2 34982782 34988587 color=lorange
scaffold_6 83978424 83979341 2 34971178 34972098 color=lorange
scaffold_6 84183414 84192623 2 35050738 35055877 color=lorange
scaffold_6 84196945 84202935 2 35058349 35061881 color=lorange
scaffold_6 84809372 84957549 2 35343864 35396296 color=lorange
scaffold_6 85717861 85762337 2 35730396 35731067 color=lorange
scaffold_6 85875129 85882543 2 35783591 35788269 color=lorange
scaffold_6 85886052 85888111 2 35791920 35796826 color=lorange
scaffold_6 85907808 85919087 2 10214755 10216498 color=lorange
scaffold_6 85921713 85946451 2 10207985 10213610 color=lorange
scaffold_6 85953006 85965535 2 10197874 10202481 color=lorange
scaffold_6 87822497 87844077 2 9664245 9681036 color=lorange
scaffold_6 87930980 87986469 2 29147776 29166142 color=lorange
scaffold_6 87991221 88024602 2 29182682 29190947 color=lorange
scaffold_6 88038062 88055947 2 29199727 29210587 color=lorange
scaffold_6 88038062 88055947 2 29199727 29210587 color=lorange
scaffold_6 88061772 88069455 2 29213245 29216902 color=lorange
scaffold_6 89203609 89205369 2 29674250 29676013 color=lorange
scaffold_6 89215363 89355460 2 29724571 29743257 color=lorange
scaffold_6 89361419 89468464 2 29748225 29772337 color=lorange
scaffold_6 89572341 89588496 2 29854837 29865513 color=lorange
scaffold_6 90058174 90087333 2 30041041 30051045 color=lorange
scaffold_6 90089194 90096181 2 30053095 30060144 color=lorange
scaffold_6 90110731 90114817 2 30061561 30069482 color=lorange
scaffold_6 90134283 90158488 2 30082001 30091729 color=lorange
scaffold_6 91586572 91980074 2 30755040 30766302 color=lorange
scaffold_6 93169550 93465247 2 31607172 31632036 color=lorange
scaffold_6 93169550 93465247 2 31497509 31498295 color=lorange
scaffold_6 93472473 93482467 2 44438735 44443091 color=lorange
scaffold_6 93497254 93500805 2 44433024 44435041 color=lorange
scaffold_6 93497254 93500805 2 44433024 44435038 color=lorange
scaffold_6 93531281 93535560 2 44412288 44414954 color=lorange
scaffold_6 93543319 93584250 2 44382907 44392602 color=lorange
scaffold_6 93613179 93614200 2 44374959 44375882 color=lorange
scaffold_6 93614755 93633132 2 44370108 44374216 color=lorange
scaffold_6 95292691 95374416 2 43797089 43808874 color=lorange
scaffold_6 95779630 95782401 2 43649251 43650738 color=lorange
scaffold_6 96266231 96332408 2 43505906 43516653 color=lorange
scaffold_6 96266231 96332408 2 43482741 43498302 color=lorange
scaffold_6 96351791 96378437 2 43482741 43498302 color=lorange
scaffold_6 96466374 96466679 2 43447601 43449358 color=lorange
scaffold_6 96904859 96946062 2 43278491 43281921 color=lorange
scaffold_6 96904859 96946062 2 43294578 43294970 color=lorange
scaffold_6 97035819 97078262 2 43219618 43236269 color=lorange
scaffold_6 97035819 97078262 2 43234373 43236269 color=lorange
scaffold_6 97035819 97078262 2 43206472 43208749 color=lorange
scaffold_6 97084215 97116330 2 43169804 43187129 color=lorange
scaffold_6 97321661 97322740 2 43107102 43108181 color=lorange
scaffold_6 97424830 97439273 2 43061362 43066895 color=lorange
scaffold_6 97446583 97488600 2 43030863 43049408 color=lorange
scaffold_6 97498405 97554134 2 34116516 34143410 color=lorange
scaffold_6 97561892 97576423 2 34149622 34157376 color=lorange
scaffold_6 97621252 97641461 2 34187317 34198844 color=lorange
scaffold_6 97684042 97712847 2 34226323 34235132 color=lorange
scaffold_6 97713599 97731692 2 34237965 34245900 color=lorange
scaffold_6 97796637 97817457 2 34260592 34269468 color=lorange
scaffold_6 97833869 97838464 2 11488543 11490826 color=lorange
scaffold_6 97886678 97892130 2 11502268 11503452 color=lorange
scaffold_6 97942261 97954328 2 11527511 11532776 color=lorange
scaffold_6 97992883 98035345 2 11552197 11558924 color=lorange
scaffold_6 98057833 98058171 2 11571644 11571982 color=lorange
scaffold_6 98118430 98137091 2 11598661 11602126 color=lorange
scaffold_6 98140443 98142020 2 11604966 11606030 color=lorange
scaffold_6 98150981 98158972 2 11612646 11616073 color=lorange
scaffold_6 98169510 98297468 2 11622228 11627247 color=lorange
scaffold_6 98169510 98297468 2 11652037 11657012 color=lorange
scaffold_6 98297891 98303774 2 11667787 11670389 color=lorange
scaffold_6 98434715 98515130 2 11728422 11753919 color=lorange
scaffold_6 98434715 98515130 2 11728422 11753919 color=lorange
scaffold_6 98434715 98515130 2 11764445 11766219 color=lorange
scaffold_6 98517906 98531199 2 11766647 11772304 color=lorange
scaffold_6 98539148 98561352 2 11776473 11781380 color=lorange
scaffold_6 98654296 98779819 2 11802075 11806979 color=lorange
scaffold_6 98654296 98779819 2 11830560 11832052 color=lorange
scaffold_6 98851095 98912449 2 11897602 11910511 color=lorange
scaffold_6 98851095 98912449 2 11889115 11893928 color=lorange
scaffold_6 98913599 98914802 2 11911668 11914091 color=lorange
scaffold_6 99113869 99162409 2 11965032 11979359 color=lorange
scaffold_6 99441432 99608880 2 12095065 12095457 color=lorange
scaffold_6 99441432 99608880 2 12110228 12110491 color=lorange
scaffold_6 99441432 99608880 2 12140073 12142962 color=lorange
scaffold_6 99614565 99634605 2 12149188 12151795 color=lorange
scaffold_6 99816041 99854356 2 12232794 12243786 color=lorange
scaffold_6 99903850 99908024 2 12262290 12265569 color=lorange
scaffold_6 99914675 99942580 2 12272920 12276283 color=lorange
scaffold_6 99956817 100037220 2 12290460 12301917 color=lorange
scaffold_6 100068899 100076388 2 12321847 12326013 color=lorange
scaffold_6 100085315 100118429 2 12327746 12338256 color=lorange
scaffold_6 101051893 101054659 2 40773883 40776375 color=lorange
scaffold_6 101055306 101055743 2 40777416 40777853 color=lorange
scaffold_7 2658 164703 4 6749770 6755968 color=lorange
scaffold_7 2658 164703 4 7202217 7205298 color=lorange
scaffold_7 1046226 1075426 4 7054519 7066667 color=lorange
scaffold_7 1533173 1750533 4 7247489 7273729 color=lorange
scaffold_7 1533173 1750533 4 7202217 7205298 color=lorange
scaffold_7 3321540 3392486 4 7735827 7749698 color=lorange
scaffold_7 3423871 3448029 4 7754662 7759522 color=lorange
scaffold_7 3535757 3690333 4 7795952 7813746 color=lorange
scaffold_7 3707617 3716282 4 7824403 7828157 color=lorange
scaffold_7 3724573 3763867 4 7828781 7835320 color=lorange
scaffold_7 3948280 3961210 4 7864369 7866099 color=lorange
scaffold_7 3979143 3983366 4 7872887 7876800 color=lorange
scaffold_7 3984248 3985613 4 7877640 7878989 color=lorange
scaffold_7 3987463 3990379 4 15385602 15388009 color=lorange
scaffold_7 3991916 4091363 4 12363258 12384739 color=lorange
scaffold_7 3991916 4091363 4 12363258 12384739 color=lorange
scaffold_7 4092528 4095739 4 12349956 12351463 color=lorange
scaffold_7 4114840 4163534 4 12333408 12342460 color=lorange
scaffold_7 4191302 4207325 4 12323526 12327395 color=lorange
scaffold_7 4213765 4215582 4 12317342 12319016 color=lorange
scaffold_7 4502729 4504100 4 12255817 12257114 color=lorange
scaffold_7 4508455 4700756 4 12248524 12254917 color=lorange
scaffold_7 4720162 4725475 4 12165591 12169367 color=lorange
scaffold_7 4730655 4749628 4 12158020 12163779 color=lorange
scaffold_7 4769205 4774445 4 6557936 6560242 color=lorange
scaffold_7 4775012 4775860 4 6560633 6561696 color=lorange
scaffold_7 4777984 4788915 4 10734610 10739184 color=lorange
scaffold_7 4791075 4827964 4 10709293 10733102 color=lorange
scaffold_7 4841736 4906046 4 10709293 10733102 color=lorange
scaffold_7 4929744 4930223 4 10696098 10696577 color=lorange
scaffold_7 4930991 4954563 4 10685261 10695646 color=lorange
scaffold_7 4955021 4955618 4 10684251 10684961 color=lorange
scaffold_7 4978510 4979894 4 10679200 10680574 color=lorange
scaffold_7 5005697 5034797 4 15348473 15354002 color=lorange
scaffold_7 5036564 5042546 4 15354629 15356164 color=lorange
scaffold_7 5043868 5057112 4 15360864 15368437 color=lorange
scaffold_7 5108502 5127561 4 7880210 7886245 color=lorange
scaffold_7 5227640 5253369 4 7920684 7923240 color=lorange
scaffold_7 5227640 5253369 4 7920684 7921935 color=lorange
scaffold_7 5256565 5263073 4 7936032 7938154 color=lorange
scaffold_7 5268057 5277070 4 7939765 7941607 color=lorange
scaffold_7 7150257 7151597 4 8605727 8607067 color=lorange
scaffold_7 7215345 7221047 4 8622908 8624862 color=lorange
scaffold_7 7309774 7310892 4 8641903 8643021 color=lorange
scaffold_7 7351158 7356662 4 8654161 8656689 color=lorange
scaffold_7 7365203 7396604 4 8657175 8665417 color=lorange
scaffold_7 7465411 7512333 4 8685765 8701252 color=lorange
scaffold_7 7530977 7571055 4 8710152 8725956 color=lorange
scaffold_7 7575036 7592255 4 8733239 8740550 color=lorange
scaffold_7 7598010 7621577 4 8742693 8749120 color=lorange
scaffold_7 7628308 7649291 4 8754683 8764673 color=lorange
scaffold_7 8085178 8094286 4 8884123 8886553 color=lorange
scaffold_7 8104882 8112236 4 8890922 8891791 color=lorange
scaffold_7 8165761 8224964 4 8903693 8918447 color=lorange
scaffold_7 8225372 8237419 4 8918818 8920017 color=lorange
scaffold_7 8281514 8287360 4 8941596 8945144 color=lorange
scaffold_7 8293308 8297225 4 8946327 8947667 color=lorange
scaffold_7 8652049 8652373 4 9046562 9046882 color=lorange
scaffold_7 8656167 8694830 4 9047198 9054044 color=lorange
scaffold_7 8730758 8746829 4 9080673 9086210 color=lorange
scaffold_7 8730758 8746829 4 9080673 9086210 color=lorange
scaffold_7 8760080 8883564 4 9134969 9135898 color=lorange
scaffold_7 8953938 9066755 4 9162672 9178196 color=lorange
scaffold_7 9201926 9247175 4 9246392 9258784 color=lorange
scaffold_7 9260397 9282375 4 9260194 9265819 color=lorange
scaffold_7 10804827 10876993 4 9730838 9750204 color=lorange
scaffold_7 10804827 10876993 4 9740343 9750204 color=lorange
scaffold_7 10804827 10876993 4 9730838 9737914 color=lorange
scaffold_7 11046348 11461816 4 9825391 9828973 color=lorange
scaffold_7 11579999 11629187 4 9932637 9955447 color=lorange
scaffold_7 14063369 14097599 4 15310142 15314920 color=lorange
scaffold_7 14120347 14127445 4 15326561 15328486 color=lorange
scaffold_7 14130138 14164603 4 15331011 15342682 color=lorange
scaffold_7 14170719 14260879 4 13614518 13635749 color=lorange
scaffold_7 14276955 14329012 4 13643011 13653683 color=lorange
scaffold_7 14412047 14677796 4 13708610 13722361 color=lorange
scaffold_7 14775692 14776252 4 13742941 13743501 color=lorange
scaffold_7 14822413 14825354 4 13755325 13756773 color=lorange
scaffold_7 14829841 14961520 4 13764237 13784095 color=lorange
scaffold_7 14829841 14961520 4 13757852 13761542 color=lorange
scaffold_7 14843482 14846125 4 13762298 13764120 color=lorange
scaffold_7 14968886 14975441 4 13788952 13790798 color=lorange
scaffold_7 15011696 15143611 4 13799953 13807634 color=lorange
scaffold_7 15161290 15201775 4 13836241 13849444 color=lorange
scaffold_7 15214971 15342852 4 13856724 13867017 color=lorange
scaffold_7 15472193 15487600 4 13907002 13910639 color=lorange
scaffold_7 15526284 15586653 4 13918044 13924115 color=lorange
scaffold_7 15526284 15586653 4 13926597 13940181 color=lorange
scaffold_7 15678651 15689252 4 13964031 13967816 color=lorange
scaffold_7 15700966 15848763 4 13975279 13981899 color=lorange
scaffold_7 16064387 16107794 4 14072905 14075261 color=lorange
scaffold_7 16303934 16366792 4 14117939 14124638 color=lorange
scaffold_7 16378699 16461197 4 14126651 14129291 color=lorange
scaffold_7 16471110 16526017 4 14169827 14185698 color=lorange
scaffold_7 16552918 16594043 4 14194559 14197249 color=lorange
scaffold_7 16594942 16639655 4 14211077 14219425 color=lorange
scaffold_7 16594942 16639655 4 14206757 14210638 color=lorange
scaffold_7 16651674 16772822 4 14225357 14236575 color=lorange
scaffold_7 16651674 16772822 4 14247192 14251256 color=lorange
scaffold_7 16708289 16728807 4 14239125 14245201 color=lorange
scaffold_7 16775362 16826022 4 14253138 14276068 color=lorange
scaffold_7 17793380 17928370 4 14601006 14616131 color=lorange
scaffold_7 19647965 19666948 4 15027801 15034606 color=lorange
scaffold_7 19745092 19763311 4 15050499 15055484 color=lorange
scaffold_7 19793861 19820824 4 15059490 15061962 color=lorange
scaffold_7 20019065 20039488 4 15027801 15034606 color=lorange
scaffold_7 20093813 20123934 4 15050499 15055484 color=lorange
scaffold_7 20093813 20123934 4 15047975 15048265 color=lorange
scaffold_7 20149397 20181537 4 15059490 15061962 color=lorange
scaffold_7 20211071 20244982 4 15064393 15071707 color=lorange
scaffold_7 20313320 20339707 4 15083825 15087549 color=lorange
scaffold_7 20343192 20361688 4 15089897 15091532 color=lorange
scaffold_7 20466276 20501840 4 15118208 15120078 color=lorange
scaffold_7 20466276 20501840 4 15123132 15124730 color=lorange
scaffold_7 20503339 20515448 4 15126303 15131613 color=lorange
scaffold_7 20552971 20560417 4 15142685 15146269 color=lorange
scaffold_7 20954919 20975372 4 15191152 15204062 color=lorange
scaffold_7 20998418 21001769 4 15210902 15212226 color=lorange
scaffold_7 21008013 21058103 4 15213516 15217574 color=lorange
scaffold_7 21064435 21096935 4 15218853 15227366 color=lorange
scaffold_7 21346320 21388792 4 15283858 15288141 color=lorange
scaffold_7 21400293 21425549 4 15289563 15292942 color=lorange
scaffold_7 21432002 21470508 4 15293772 15298735 color=lorange
scaffold_7 21581522 21626447 4 15305470 15306989 color=lorange
scaffold_7 21657130 21690365 4 13600841 13608001 color=lorange
scaffold_7 21721501 21765843 4 13592895 13595174 color=lorange
scaffold_7 21772252 21795910 4 13585037 13590341 color=lorange
scaffold_7 21796596 21803803 4 13583512 13584365 color=lorange
scaffold_7 22044983 22054528 4 1903975 1905876 color=lorange
scaffold_7 22259745 22390155 4 1847039 1859750 color=lorange
scaffold_7 22436263 22456221 4 1836301 1839343 color=lorange
scaffold_7 22473274 22478039 4 1832180 1833077 color=lorange
scaffold_7 23052389 23053915 4 1764318 1765167 color=lorange
scaffold_7 23115192 23128470 3 18308317 18311533 color=lorange
scaffold_7 23567931 23608115 4 1457426 1463750 color=lorange
scaffold_7 23622723 23652170 4 1483932 1487293 color=lorange
scaffold_7 23700962 23777281 4 1497320 1514645 color=lorange
scaffold_7 23796720 23807026 4 1521349 1522392 color=lorange
scaffold_7 23951355 23952851 4 1566826 1568310 color=lorange
scaffold_7 23995388 24153797 4 1587804 1608017 color=lorange
scaffold_7 24160774 24182794 4 1620685 1623900 color=lorange
scaffold_7 24193234 24236418 4 1625192 1632221 color=lorange
scaffold_7 24242536 24496765 4 1638193 1652855 color=lorange
scaffold_7 24242536 24496765 4 1670892 1674771 color=lorange
scaffold_7 24504368 24531367 4 1718308 1724486 color=lorange
scaffold_7 24724469 24726821 4 1365025 1366676 color=lorange
scaffold_7 24813534 24878244 4 1353390 1364222 color=lorange
scaffold_7 24911549 24933534 4 1347044 1349253 color=lorange
scaffold_7 27195076 27967928 4 993118 1003473 color=lorange
scaffold_7 27757836 27781992 4 905354 908617 color=lorange
scaffold_7 28065650 28075552 4 862388 869540 color=lorange
scaffold_7 28467684 28492884 4 835539 844935 color=lorange
scaffold_7 28467684 28492884 X 513535 516125 color=lorange
scaffold_7 29720093 29736402 6 30678131 30679144 color=lorange
scaffold_7 29771519 29883337 4 226347 238544 color=lorange
scaffold_7 30138086 30163788 4 21597924 21604286 color=lorange
scaffold_7 30198159 30208286 4 45805 48176 color=lorange
scaffold_7 30384935 30463061 4 17059104 17064442 color=lorange
scaffold_7 30711881 30876050 4 78246 90525 color=lorange
scaffold_7 33422647 33533215 4 22423181 22436513 color=lorange
scaffold_7 33422647 33533215 4 22450742 22450954 color=lorange
scaffold_7 34265191 34282426 4 22646153 22650054 color=lorange
scaffold_7 34291817 34308170 4 22657811 22661536 color=lorange
scaffold_7 34291817 34308170 4 22663677 22666434 color=lorange
scaffold_7 34309205 34365778 4 22668199 22686249 color=lorange
scaffold_7 34389179 34429886 4 22700509 22709868 color=lorange
scaffold_7 34655598 34697827 4 22746742 22770913 color=lorange
scaffold_7 34712969 34768651 4 22796402 22805574 color=lorange
scaffold_7 34712969 34768651 4 22781374 22783371 color=lorange
scaffold_7 34783787 34872920 4 22818128 22852258 color=lorange
scaffold_7 35098398 35112440 4 22952588 22960833 color=lorange
scaffold_7 36041355 36139579 4 22423181 22436513 color=lorange
scaffold_7 36041355 36139579 4 22450742 22450954 color=lorange
scaffold_7 36165837 36247398 4 22440774 22449495 color=lorange
scaffold_7 36165837 36247398 4 22455215 22462192 color=lorange
scaffold_7 36712306 36722371 4 22646153 22650054 color=lorange
scaffold_7 36732020 36748509 4 22657811 22661536 color=lorange
scaffold_7 36732020 36748509 4 22663677 22666434 color=lorange
scaffold_7 36749552 36802001 4 22668199 22686249 color=lorange
scaffold_7 36867432 36915858 4 22700509 22709868 color=lorange
scaffold_7 37055881 37083064 4 22746742 22770913 color=lorange
scaffold_7 37107544 37120489 4 22781374 22783371 color=lorange
scaffold_7 37175492 37175698 4 22796402 22805574 color=lorange
scaffold_7 37201504 37333707 4 22818128 22852258 color=lorange
scaffold_7 37527900 37549737 4 22952588 22960833 color=lorange
scaffold_7 38065904 38105037 4 23201224 23207657 color=lorange
scaffold_7 38112851 38285724 4 23232299 23239300 color=lorange
scaffold_7 38639388 38657885 4 23406256 23418163 color=lorange
scaffold_7 38673388 38727121 4 23419011 23435613 color=lorange
scaffold_7 38793812 38794330 4 23473858 23474364 color=lorange
scaffold_7 38808265 38837562 4 23483733 23485726 color=lorange
scaffold_7 38808265 38837562 4 23488067 23488309 color=lorange
scaffold_7 38862193 38920717 4 23502266 23523616 color=lorange
scaffold_7 38926764 39027501 4 23525403 23534065 color=lorange
scaffold_7 38926764 39027501 4 23544413 23555287 color=lorange
scaffold_7 39052896 39060621 4 23566078 23571886 color=lorange
scaffold_7 39052896 39060621 4 23566078 23571795 color=lorange
scaffold_7 39117717 39365362 4 23589260 23594560 color=lorange
scaffold_7 39581189 39596930 4 23677808 23683299 color=lorange
scaffold_7 39608625 39696520 4 23688922 23706986 color=lorange
scaffold_7 39697091 39723617 4 23713731 23723678 color=lorange
scaffold_7 39812187 39862934 4 23770071 23782635 color=lorange
scaffold_7 39812187 39862934 4 23760876 23769450 color=lorange
scaffold_7 40438869 40445289 4 23975424 23980578 color=lorange
scaffold_7 40522122 40541512 4 24005318 24006876 color=lorange
scaffold_7 40552156 40559691 4 24014990 24016912 color=lorange
scaffold_7 41070182 41082491 4 24167600 24174507 color=lorange
scaffold_7 41274589 41399239 4 24237472 24254068 color=lorange
scaffold_7 41479592 41951775 4 24336714 24347042 color=lorange
scaffold_7 41479592 41951775 4 24358592 24370753 color=lorange
scaffold_7 41479592 41951775 4 24311417 24318656 color=lorange
scaffold_7 42270335 42281847 4 24614889 24621687 color=lorange
scaffold_7 42270335 42281847 4 24615408 24621687 color=lorange
scaffold_7 42566338 42744286 4 24704042 24715726 color=lorange
scaffold_7 42566338 42744286 4 24735871 24744705 color=lorange
scaffold_7 42566338 42744286 4 24735871 24744705 color=lorange
scaffold_7 42916053 43016171 4 24820114 24841696 color=lorange
scaffold_7 42916053 43016171 4 24812611 24814654 color=lorange
scaffold_7 43016249 43024259 4 24856782 24858899 color=lorange
scaffold_7 43089899 43157093 4 24894161 24903520 color=lorange
scaffold_7 43089899 43157093 4 24885891 24888618 color=lorange
scaffold_7 43231339 43290414 4 24932764 24949084 color=lorange
scaffold_7 43479527 43639625 4 25020177 25030582 color=lorange
scaffold_7 43727350 43729269 4 25104508 25105992 color=lorange
scaffold_7 44119997 44196662 4 25200098 25223228 color=lorange
scaffold_7 44249183 44345375 4 25238982 25278319 color=lorange
scaffold_7 44690993 44727596 4 25334639 25338121 color=lorange
scaffold_7 44930440 45074119 4 25406377 25460822 color=lorange
scaffold_7 45104291 45136756 4 25469510 25482376 color=lorange
scaffold_7 45186609 45187169 4 25501174 25501734 color=lorange
scaffold_7 45189547 45201527 4 25504763 25507248 color=lorange
scaffold_7 45233900 45286414 4 25518677 25537361 color=lorange
scaffold_7 45296177 45316506 4 25546444 25554261 color=lorange
scaffold_7 45390203 45424923 4 25568293 25575024 color=lorange
scaffold_7 45433083 45461043 4 25579092 25582275 color=lorange
scaffold_7 45534963 45560739 4 25601023 25615775 color=lorange
scaffold_7 45606517 45728112 4 25631826 25667685 color=lorange
scaffold_7 45737429 45775597 4 25669850 25676365 color=lorange
scaffold_7 45896363 45901562 4 25729980 25733749 color=lorange
scaffold_7 45914938 45955501 4 25742892 25752369 color=lorange
scaffold_7 46020985 46057130 4 25779860 25781392 color=lorange
scaffold_7 48088296 48124262 4 26489206 26501536 color=lorange
scaffold_7 48185248 48185988 4 26503989 26504720 color=lorange
scaffold_7 48193764 48216339 4 26509420 26513847 color=lorange
scaffold_7 48193764 48216339 4 26510703 26513847 color=lorange
scaffold_7 48233958 48483916 4 26537247 26550045 color=lorange
scaffold_7 48233958 48483916 4 26662076 26669162 color=lorange
scaffold_7 49606677 49607178 4 27086416 27086914 color=lorange
scaffold_7 49607928 49627720 4 27087765 27102306 color=lorange
scaffold_7 49659660 49675476 4 27115724 27123739 color=lorange
scaffold_7 49676249 49690859 4 27124008 27129543 color=lorange
scaffold_7 49694395 49717369 4 27132751 27140335 color=lorange
scaffold_7 49818824 49828054 4 27141880 27147748 color=lorange
scaffold_7 49847272 49868225 4 27152645 27156811 color=lorange
scaffold_7 49913697 50342077 4 27178439 27208814 color=lorange
scaffold_7 50944585 50951714 4 27585860 27591651 color=lorange
scaffold_7 50956843 50975647 4 27593947 27598554 color=lorange
scaffold_7 51089655 51100002 4 27637341 27639485 color=lorange
scaffold_7 51135748 51148455 4 27648766 27654461 color=lorange
scaffold_7 51202354 51208702 4 27669320 27673285 color=lorange
scaffold_7 51248168 51281814 4 27687931 27701867 color=lorange
scaffold_7 51283715 51369334 4 27735076 27737208 color=lorange
scaffold_7 51488922 51593668 4 27781887 27819999 color=lorange
scaffold_7 51622466 51641886 4 27834583 27844790 color=lorange
scaffold_7 51644084 51690420 4 27856629 27866676 color=lorange
scaffold_7 51885566 52057734 4 27995618 28007287 color=lorange
scaffold_7 52069149 52074943 4 28017476 28021842 color=lorange
scaffold_7 52202191 52209810 4 33368059 33371143 color=lorange
scaffold_7 52261744 52262271 4 28061398 28062493 color=lorange
scaffold_7 52342827 52394448 4 28107468 28117124 color=lorange
scaffold_7 52467058 52468173 4 28148248 28149363 color=lorange
scaffold_7 52814047 52871926 4 28263903 28279980 color=lorange
scaffold_7 52895506 52902973 4 28285269 28291805 color=lorange
scaffold_7 53401279 53552251 4 28498877 28504674 color=lorange
scaffold_7 53401279 53552251 4 28467568 28468463 color=lorange
scaffold_7 53607120 53696674 4 28527394 28536248 color=lorange
scaffold_7 53745929 53777741 4 28571721 28578264 color=lorange
scaffold_7 53793982 53798322 4 28583889 28588488 color=lorange
scaffold_7 53793982 53798322 4 28583889 28588488 color=lorange
scaffold_7 53811169 53814849 4 28592760 28598383 color=lorange
scaffold_7 53836702 53838201 4 28605744 28607243 color=lorange
scaffold_7 54011136 54125404 4 28712213 28719721 color=lorange
scaffold_7 54228182 54241525 4 28759091 28765726 color=lorange
scaffold_7 54259854 54342661 4 28784056 28795897 color=lorange
scaffold_7 54259854 54342661 4 28776453 28780548 color=lorange
scaffold_7 54347202 54374155 4 28798819 28802735 color=lorange
scaffold_7 54407995 54408417 4 32672662 32673094 color=lorange
scaffold_7 54476356 54756512 4 32707347 32733532 color=lorange
scaffold_7 54476356 54756512 4 32776706 32788200 color=lorange
scaffold_7 56035875 56418559 4 33280335 33302616 color=lorange
scaffold_7 56035875 56418559 4 33250340 33259666 color=lorange
scaffold_7 56035875 56418559 4 33230984 33241763 color=lorange
scaffold_7 57103482 57110224 4 33335550 33342426 color=lorange
scaffold_7 57133900 57185122 4 33382069 33385381 color=lorange
scaffold_7 57199154 57205372 4 33389313 33391530 color=lorange
scaffold_7 57316683 57354038 4 33431349 33444706 color=lorange
scaffold_7 57467934 57504037 4 33487324 33499515 color=lorange
scaffold_7 57647282 57676883 4 33557780 33569776 color=lorange
scaffold_7 59181928 59211219 4 33969365 33974334 color=lorange
scaffold_7 59252197 59318847 4 30752457 30774438 color=lorange
scaffold_7 60050330 60072324 4 30476766 30483338 color=lorange
scaffold_7 60073115 60087671 4 30473225 30475960 color=lorange
scaffold_7 60073115 60087671 4 30473225 30475885 color=lorange
scaffold_7 60188525 60196342 4 30436670 30437134 color=lorange
scaffold_7 60188525 60196342 4 30429379 30433686 color=lorange
scaffold_7 60210045 60540368 4 30420507 30429357 color=lorange
scaffold_7 60794295 60805009 4 30229266 30231995 color=lorange
scaffold_7 60857182 60876770 4 30199657 30207700 color=lorange
scaffold_7 61117024 61119028 6 21653949 21659220 color=lorange
scaffold_7 61591869 61615766 4 29946305 29956124 color=lorange
scaffold_7 61620211 61623332 4 29938723 29944189 color=lorange
scaffold_7 61675494 61681551 4 29907453 29913387 color=lorange
scaffold_7 61774342 61802490 4 29844971 29854585 color=lorange
scaffold_7 61804392 61805679 4 29841887 29844499 color=lorange
scaffold_7 61830706 61832310 4 29828176 29829780 color=lorange
scaffold_7 61844980 61851029 4 29820302 29823534 color=lorange
scaffold_7 61902704 61905297 4 29796126 29799851 color=lorange
scaffold_7 61970215 61992892 4 29765089 29768309 color=lorange
scaffold_7 62052274 62071215 4 29720566 29726529 color=lorange
scaffold_7 62195425 62206130 4 29646040 29647817 color=lorange
scaffold_7 62195425 62206130 4 29646040 29647652 color=lorange
scaffold_7 62208887 62217623 4 29637084 29644441 color=lorange
scaffold_7 62208887 62217623 4 29641302 29644441 color=lorange
scaffold_7 62220063 62220416 4 29635844 29636197 color=lorange
scaffold_7 62270066 62488042 4 29584882 29590123 color=lorange
scaffold_7 62857301 62861201 4 29409855 29412422 color=lorange
scaffold_7 62862914 62875952 4 29398144 29407538 color=lorange
scaffold_7 62969488 63001779 4 29354989 29366750 color=lorange
scaffold_7 63049303 63064723 4 29331306 29337766 color=lorange
scaffold_7 63068067 63086588 4 29318400 29328620 color=lorange
scaffold_7 63089508 63098856 4 29313408 29317175 color=lorange
scaffold_7 63100398 63102649 4 29305848 29308938 color=lorange
scaffold_7 63165795 63209474 4 29269083 29286820 color=lorange
scaffold_7 63219912 63244081 4 29252702 29259894 color=lorange
scaffold_7 63273736 63284878 4 29238976 29242808 color=lorange
scaffold_7 63273736 63284878 4 29239191 29242808 color=lorange
scaffold_7 63334915 63534367 4 29114086 29126669 color=lorange
scaffold_7 63691649 63725426 4 29046577 29050484 color=lorange
scaffold_7 63996134 64001094 4 36204693 36206309 color=lorange
scaffold_7 64339202 64390337 4 36082471 36100551 color=lorange
scaffold_7 64418277 64464524 4 36059026 36068322 color=lorange
scaffold_7 64659490 64660977 4 34452162 34453207 color=lorange
scaffold_7 65623964 65638266 4 34699586 34702619 color=lorange
scaffold_7 65686911 65689080 4 34723571 34725032 color=lorange
scaffold_7 65730318 65745213 4 34738209 34742402 color=lorange
scaffold_7 65730318 65745213 4 34738209 34742402 color=lorange
scaffold_7 65754314 65784678 4 34743334 34751557 color=lorange
scaffold_7 65786185 65792202 4 34753025 34758545 color=lorange
scaffold_7 65869423 65895858 4 34775974 34784699 color=lorange
scaffold_7 66131806 66211978 4 34863139 34863579 color=lorange
scaffold_7 66390923 66404291 4 34889406 34911077 color=lorange
scaffold_7 66595957 66613188 4 34969534 34974697 color=lorange
scaffold_7 66653377 66806720 4 34996572 35010096 color=lorange
scaffold_7 66653377 66806720 4 35039944 35052186 color=lorange
scaffold_7 66834191 66836593 4 35059378 35062421 color=lorange
scaffold_7 66844491 66907321 4 35091039 35092214 color=lorange
scaffold_7 66887684 66898542 4 35083727 35089392 color=lorange
scaffold_7 66912664 67022578 4 35096025 35100175 color=lorange
scaffold_7 66912664 67022578 4 35124765 35125910 color=lorange
scaffold_7 67845749 67945839 4 35394262 35414126 color=lorange
scaffold_7 67845749 67945839 4 35420354 35428278 color=lorange
scaffold_7 68074603 68075387 4 35469241 35470108 color=lorange
scaffold_7 68083425 68084525 4 35472759 35473692 color=lorange
scaffold_7 68085443 68685459 4 35656864 35665193 color=lorange
scaffold_7 68688601 68696468 4 35668748 35672974 color=lorange
scaffold_7 68706203 68710277 4 35679010 35682213 color=lorange
scaffold_7 68711332 68745919 4 35683777 35686596 color=lorange
scaffold_7 68711332 68745919 4 35689776 35691110 color=lorange
scaffold_7 68770348 68774229 4 35701272 35704393 color=lorange
scaffold_7 68777321 68783377 4 35864318 35867089 color=lorange
scaffold_7 68942865 68968019 4 35808414 35821649 color=lorange
scaffold_7 68977265 69061563 4 35792465 35802156 color=lorange
scaffold_7 69330852 69331857 4 35869212 35873373 color=lorange
scaffold_7 69337360 69584184 4 36411625 36436690 color=lorange
scaffold_7 69607583 69611158 4 36497943 36500339 color=lorange
scaffold_7 69611867 69614232 4 36501145 36502137 color=lorange
scaffold_7 69724271 69732981 4 36535810 36538827 color=lorange
scaffold_7 69741706 69745003 4 36543815 36546682 color=lorange
scaffold_7 69746829 69757981 4 36548308 36552173 color=lorange
scaffold_7 69766752 69782926 4 36554518 36558194 color=lorange
scaffold_7 69787318 69800218 4 36561420 36565210 color=lorange
scaffold_7 69802885 69804524 4 36568325 36569629 color=lorange
scaffold_7 69804914 69814067 4 36570028 36573916 color=lorange
scaffold_7 69909808 69920446 4 36602808 36604653 color=lorange
scaffold_7 69963789 70161027 4 36634119 36643484 color=lorange
scaffold_7 69963789 70161027 4 36691512 36694521 color=lorange
scaffold_7 70214088 70340310 4 36752064 36755994 color=lorange
scaffold_7 70260011 70333181 4 36717905 36720068 color=lorange
scaffold_7 70432032 70437030 4 36786240 36788322 color=lorange
scaffold_7 70432032 70437030 1 4963085 4964215 color=lorange
scaffold_7 70432032 70437030 8 2126037 2128539 color=lorange
scaffold_7 70450814 70452139 4 36790402 36792042 color=lorange
scaffold_7 70452565 70453404 4 36792378 36793214 color=lorange
scaffold_7 70459987 70466983 4 36795910 36799510 color=lorange
scaffold_7 70468008 70469777 4 36800145 36801900 color=lorange
scaffold_7 70616910 70617647 4 36848261 36848998 color=lorange
scaffold_7 70621466 70628413 4 36849249 36853564 color=lorange
scaffold_7 70629293 70637176 4 36853708 36859228 color=lorange
scaffold_7 70637976 70656164 4 36859548 36865091 color=lorange
scaffold_7 70664399 70692235 4 36868335 36874638 color=lorange
scaffold_7 70698830 70711009 4 36876427 36879242 color=lorange
scaffold_7 70795844 70796524 4 38801252 38801935 color=lorange
scaffold_7 70796923 70798035 4 38799887 38800941 color=lorange
scaffold_7 70798277 70898550 4 38783246 38799647 color=lorange
scaffold_7 70936827 70974439 4 38753538 38757369 color=lorange
scaffold_7 71047130 71066220 4 38705670 38712296 color=lorange
scaffold_7 71084323 71315870 4 38597177 38600109 color=lorange
scaffold_7 71329566 71330639 4 38584356 38585319 color=lorange
scaffold_7 71685967 71743078 4 38454101 38463677 color=lorange
scaffold_7 71785558 71799681 4 38403227 38409103 color=lorange
scaffold_7 71801753 71821225 4 38393986 38401781 color=lorange
scaffold_7 71849423 71851210 4 38376329 38378116 color=lorange
scaffold_7 71870277 71871916 4 38372637 38374640 color=lorange
scaffold_7 71871948 71878188 4 38371397 38372605 color=lorange
scaffold_7 71885443 71887351 4 38365421 38366761 color=lorange
scaffold_7 71893370 71907476 4 38358450 38363377 color=lorange
scaffold_7 71909653 71927295 4 38343246 38343938 color=lorange
scaffold_7 71929964 71937768 4 38337753 38340585 color=lorange
scaffold_7 71938789 71993079 4 38328938 38336401 color=lorange
scaffold_7 71995617 72000887 4 38310213 38313351 color=lorange
scaffold_7 72002283 72004085 4 38306827 38308011 color=lorange
scaffold_7 72004191 72006629 4 38302718 38306717 color=lorange
scaffold_7 72008072 72009138 4 38301175 38302323 color=lorange
scaffold_7 72083010 72084710 4 38279293 38280993 color=lorange
scaffold_7 72129649 72174266 4 38238758 38264328 color=lorange
scaffold_7 72181745 72185564 4 38234030 38236713 color=lorange
scaffold_7 72188843 72191097 4 38229328 38230745 color=lorange
scaffold_7 72188843 72191097 X 3110932 3113274 color=lorange
scaffold_7 72194195 72198815 4 38220215 38223183 color=lorange
scaffold_7 72213123 72230864 4 38198409 38211856 color=lorange
scaffold_7 73041015 73062361 4 37928306 37933652 color=lorange
scaffold_7 73158062 73185686 4 37869182 37882369 color=lorange
scaffold_7 73196511 73237545 4 37846752 37863008 color=lorange
scaffold_7 73313144 73411422 4 37793803 37801801 color=lorange
scaffold_7 73418546 73435696 4 37783631 37789773 color=lorange
scaffold_7 73418546 73435696 4 37783778 37789773 color=lorange
scaffold_7 73440018 73444802 4 37780052 37782793 color=lorange
scaffold_7 73445248 73446805 4 37778118 37779855 color=lorange
scaffold_7 73452483 73666793 4 37774914 37776617 color=lorange
scaffold_7 74004724 74014141 4 37586449 37594448 color=lorange
scaffold_7 74057402 74089683 4 37565181 37572754 color=lorange
scaffold_7 74095457 74122366 4 37554985 37561654 color=lorange
scaffold_7 74128318 74152503 4 37539691 37550173 color=lorange
scaffold_7 74128318 74152503 4 37539691 37542590 color=lorange
scaffold_7 74870978 75072446 4 37301292 37315865 color=lorange
scaffold_7 75219297 75224121 4 37173644 37177395 color=lorange
scaffold_7 75310350 75415869 4 37092307 37106365 color=lorange
scaffold_7 75483478 75703536 4 37004392 37009203 color=lorange
scaffold_7 75483478 75703536 4 37077782 37078081 color=lorange
scaffold_7 75708191 75728225 4 36994892 37001727 color=lorange
scaffold_7 75731192 75736658 4 36991665 36994062 color=lorange
scaffold_7 75785681 75793942 4 36973744 36977672 color=lorange
scaffold_7 75949320 75970682 4 36924644 36931846 color=lorange
scaffold_7 75949320 75970682 4 36924644 36931726 color=lorange
scaffold_7 76379111 76491321 4 32129574 32129951 color=lorange
scaffold_7 76379111 76491321 4 32168297 32168977 color=lorange
scaffold_7 76379111 76491321 4 32145652 32146369 color=lorange
scaffold_7 77135061 77406039 4 31846192 31865551 color=lorange
scaffold_7 77736383 77739018 4 31658544 31662149 color=lorange
scaffold_7 77803668 77804686 4 31626429 31627739 color=lorange
scaffold_7 77859174 78151139 4 31581553 31593271 color=lorange
scaffold_7 77859174 78151139 4 31543809 31564882 color=lorange
scaffold_7 78373794 78396244 4 31394056 31401831 color=lorange
scaffold_7 78398051 78402032 4 31388366 31392311 color=lorange
scaffold_7 78463303 78471682 4 31357230 31361556 color=lorange
scaffold_7 78487022 78564054 4 31323811 31328596 color=lorange
scaffold_7 78487022 78564054 4 31350682 31351723 color=lorange
scaffold_7 78608013 78670081 4 31240250 31254432 color=lorange
scaffold_7 78705043 78734881 4 31302333 31318223 color=lorange
scaffold_7 78760170 78760580 4 31322548 31322958 color=lorange
scaffold_7 78763196 78778206 4 31205670 31214922 color=lorange
scaffold_7 79428129 79467470 4 30976360 30976782 color=lorange
scaffold_7 79655387 79666297 4 30897595 30901597 color=lorange
scaffold_7 79872561 79899451 4 30791864 30804530 color=lorange
scaffold_7 79917120 79932654 4 41055214 41064396 color=lorange
scaffold_7 79952608 79984805 4 41028208 41032468 color=lorange
scaffold_7 79952608 79984805 4 41033113 41039247 color=lorange
scaffold_7 79985574 79995575 4 41023155 41027525 color=lorange
scaffold_7 80015493 80026746 4 40992101 40996867 color=lorange
scaffold_7 80027412 80034436 4 40983349 40991187 color=lorange
scaffold_7 80067735 80070636 4 40962941 40967001 color=lorange
scaffold_7 80098677 80157770 4 40933190 40948443 color=lorange
scaffold_7 80173563 80192315 4 40922763 40928067 color=lorange
scaffold_7 80285158 80487643 4 40893226 40893924 color=lorange
scaffold_7 80285158 80487643 4 40828540 40830171 color=lorange
scaffold_8 33041 84905 8 16888186 16903069 color=lorange
scaffold_8 99137 123833 8 16872575 16880915 color=lorange
scaffold_8 160310 181606 8 16845258 16852136 color=lorange
scaffold_8 247963 300668 8 16778307 16788862 color=lorange
scaffold_8 304863 307147 8 26143692 26144519 color=lorange
scaffold_8 389064 399891 8 17925222 17928409 color=lorange
scaffold_8 1374603 1430446 8 18463969 18477047 color=lorange
scaffold_8 1591712 1611230 8 18564102 18573480 color=lorange
scaffold_8 2389940 2409652 8 18905884 18911394 color=lorange
scaffold_8 2816593 3106775 8 18723032 18723247 color=lorange
scaffold_8 3116573 3135651 8 18564102 18573480 color=lorange
scaffold_8 3349063 3389844 8 18463969 18477047 color=lorange
scaffold_8 4324598 4325341 8 18051349 18052056 color=lorange
scaffold_8 4380587 4391138 8 17925222 17928409 color=lorange
scaffold_8 4471286 4472963 8 26143692 26144519 color=lorange
scaffold_8 4478079 4528421 8 16778307 16788862 color=lorange
scaffold_8 4597929 4616998 8 16845258 16852136 color=lorange
scaffold_8 4652863 4696060 8 16872575 16880915 color=lorange
scaffold_8 4710078 4778871 8 16888186 16903069 color=lorange
scaffold_8 5879854 6474015 8 17378213 17387555 color=lorange
scaffold_8 6891501 7093370 8 17801356 17822054 color=lorange
scaffold_8 7194100 7225418 9 23778886 23790729 color=lorange
scaffold_8 8428500 9012746 8 17378213 17387555 color=lorange
scaffold_8 9398541 9612666 8 17801356 17822054 color=lorange
scaffold_8 9731178 9764128 9 23778886 23790729 color=lorange
scaffold_8 10013604 10017193 8 22134791 22139383 color=lorange
scaffold_8 10487883 10533454 8 4998562 5004292 color=lorange
scaffold_8 10543537 10547199 8 5010470 5016641 color=lorange
scaffold_8 10570133 10591574 8 5023709 5032518 color=lorange
scaffold_8 10664134 10682999 8 5062607 5067638 color=lorange
scaffold_8 11018732 11019177 8 5199577 5200003 color=lorange
scaffold_8 11023457 11026940 8 5201580 5204470 color=lorange
scaffold_8 11028974 11033721 8 5205940 5211128 color=lorange
scaffold_8 11113704 11432398 8 5234771 5237452 color=lorange
scaffold_8 11113704 11432398 8 5306058 5311282 color=lorange
scaffold_8 12301821 12312326 8 5606821 5613211 color=lorange
scaffold_8 12729841 12746785 8 5801760 5811708 color=lorange
scaffold_8 12791238 12842106 8 5829031 5836975 color=lorange
scaffold_8 12966386 13007727 8 5871562 5903271 color=lorange
scaffold_8 12966386 13007727 8 5847086 5864208 color=lorange
scaffold_8 13454993 13455481 8 6036232 6036694 color=lorange
scaffold_8 13742929 13760312 8 6190527 6196956 color=lorange
scaffold_8 13776086 13866138 8 6229956 6239928 color=lorange
scaffold_8 13776086 13866138 8 6207327 6210641 color=lorange
scaffold_8 13898764 13901426 8 6254468 6256278 color=lorange
scaffold_8 13915253 13926591 8 6266227 6275023 color=lorange
scaffold_8 14134850 14149591 8 6332088 6361408 color=lorange
scaffold_8 14664933 14686218 8 6492466 6500783 color=lorange
scaffold_8 14688589 14866551 8 6502565 6537034 color=lorange
scaffold_8 14688589 14866551 8 6544660 6547703 color=lorange
scaffold_8 14907576 14910566 8 6561108 6563070 color=lorange
scaffold_8 14911523 14923900 8 6564257 6570563 color=lorange
scaffold_8 14992561 15019247 8 6597471 6602403 color=lorange
scaffold_8 18794934 18869365 8 7857946 7858740 color=lorange
scaffold_8 19444217 19486616 8 8066012 8073498 color=lorange
scaffold_8 19516507 19538697 8 8084354 8086405 color=lorange
scaffold_8 19605081 19608491 8 8113035 8114843 color=lorange
scaffold_8 19618960 19638656 8 8122022 8130168 color=lorange
scaffold_8 19649053 19651748 8 8136840 8139137 color=lorange
scaffold_8 19718045 19820368 8 8150366 8166417 color=lorange
scaffold_8 19718045 19820368 8 8150366 8166417 color=lorange
scaffold_8 19890204 19929291 8 8199242 8212382 color=lorange
scaffold_8 20061764 20063735 8 8262904 8268088 color=lorange
scaffold_8 20078780 20141114 8 8271423 8284741 color=lorange
scaffold_8 20173761 20177708 8 8294788 8299397 color=lorange
scaffold_8 20230783 20285555 8 8316250 8330887 color=lorange
scaffold_8 20325987 20400721 8 8359147 8363269 color=lorange
scaffold_8 20421701 20455235 8 8377428 8393049 color=lorange
scaffold_8 21142291 21145004 8 8607754 8611370 color=lorange
scaffold_8 21165446 21165997 8 8620993 8621500 color=lorange
scaffold_8 21166051 21167143 8 8621553 8622911 color=lorange
scaffold_8 21222927 21229243 8 8651617 8654715 color=lorange
scaffold_8 21259240 21261137 8 8670377 8671418 color=lorange
scaffold_8 21417069 21429274 8 8715787 8718682 color=lorange
scaffold_8 21456316 21483432 8 8732552 8744422 color=lorange
scaffold_8 21456316 21483432 8 8729271 8731084 color=lorange
scaffold_8 21598602 21623035 8 8779458 8790409 color=lorange
scaffold_8 21598602 21623035 8 8779458 8790409 color=lorange
scaffold_8 21636687 21656070 8 8791602 8802889 color=lorange
scaffold_8 21657083 21715609 8 8805270 8819649 color=lorange
scaffold_8 21811664 21815067 8 8865061 8867493 color=lorange
scaffold_8 21827041 21848448 8 8871469 8877554 color=lorange
scaffold_8 21887291 21945682 8 8896986 8904492 color=lorange
scaffold_8 21993489 22006097 8 8937862 8942456 color=lorange
scaffold_8 22150460 22160942 8 8987235 8988396 color=lorange
scaffold_8 22350789 22376534 8 9041400 9047826 color=lorange
scaffold_8 22861813 22876249 8 9188123 9196605 color=lorange
scaffold_8 22941921 22949801 8 9228627 9229721 color=lorange
scaffold_8 22952830 22984951 8 9231738 9246539 color=lorange
scaffold_8 22993021 23002427 8 9247695 9254841 color=lorange
scaffold_8 23004346 23016703 8 9254913 9259714 color=lorange
scaffold_8 23061891 23072496 8 9283041 9284998 color=lorange
scaffold_8 23279993 23290510 8 9350473 9356345 color=lorange
scaffold_8 23298036 23303988 8 9359542 9365323 color=lorange
scaffold_8 23304312 23305089 8 9365669 9366440 color=lorange
scaffold_8 23307593 23320635 8 9368059 9374841 color=lorange
scaffold_8 23396971 23432296 8 9399949 9414451 color=lorange
scaffold_8 23396971 23432296 8 9415279 9416554 color=lorange
scaffold_8 23474619 23480262 8 9432143 9436072 color=lorange
scaffold_8 23481578 23486439 8 9437105 9441608 color=lorange
scaffold_8 23490788 23526161 8 9444344 9465105 color=lorange
scaffold_8 23548903 23550873 8 9470956 9473770 color=lorange
scaffold_8 23553046 23571422 8 9475013 9483967 color=lorange
scaffold_8 23578180 23580226 8 9493916 9495884 color=lorange
scaffold_8 24131984 24497261 8 9759946 9795546 color=lorange
scaffold_8 24502393 24595492 8 9800338 9836965 color=lorange
scaffold_8 24608475 24632233 8 9840879 9850952 color=lorange
scaffold_8 24608475 24632233 8 9840879 9847620 color=lorange
scaffold_8 24766871 24796122 8 9869315 9877108 color=lorange
scaffold_8 26127949 26205457 8 10326774 10336149 color=lorange
scaffold_8 26235598 26286685 8 10369685 10373000 color=lorange
scaffold_8 26296115 26356101 8 10393993 10401901 color=lorange
scaffold_8 26530045 26548808 8 10485661 10491697 color=lorange
scaffold_8 26549153 26567149 8 10495435 10497871 color=lorange
scaffold_8 26593239 26629583 8 10508747 10518864 color=lorange
scaffold_8 26677347 26791125 8 10547423 10562991 color=lorange
scaffold_8 26677347 26791125 8 10545174 10545713 color=lorange
scaffold_8 26818003 26862346 8 10576356 10589804 color=lorange
scaffold_8 27731189 27737379 8 10850537 10853009 color=lorange
scaffold_8 28069903 28097998 8 10985880 10996307 color=lorange
scaffold_8 28104076 28133771 8 10998877 11006609 color=lorange
scaffold_8 28139955 28143789 8 11007982 11009335 color=lorange
scaffold_8 28146427 28151799 8 11010958 11013673 color=lorange
scaffold_8 28166830 28177553 8 11022296 11026317 color=lorange
scaffold_8 28196732 28203053 8 11037041 11039792 color=lorange
scaffold_8 28209380 28255878 8 11042561 11054533 color=lorange
scaffold_8 28263107 28277959 8 11057909 11062913 color=lorange
scaffold_8 28338979 28389391 8 11088998 11095035 color=lorange
scaffold_8 28541074 28541520 8 11154143 11154589 color=lorange
scaffold_8 28858465 28858935 3 3503666 3504400 color=lorange
scaffold_8 28859823 29034929 8 11270502 11286676 color=lorange
scaffold_8 29186931 29196169 8 11373369 11377312 color=lorange
scaffold_8 29210943 29213764 8 11385059 11387224 color=lorange
scaffold_8 29258481 29260470 8 11397443 11398716 color=lorange
scaffold_8 29338611 29456989 8 11442846 11461672 color=lorange
scaffold_8 29338611 29456989 8 11442846 11461672 color=lorange
scaffold_8 29561868 29582635 8 11484662 11497079 color=lorange
scaffold_8 29589889 29762013 8 11499200 11517496 color=lorange
scaffold_8 29798163 30133564 8 11578666 11591998 color=lorange
scaffold_8 29798163 30133564 8 11599735 11608887 color=lorange
scaffold_8 29798163 30133564 8 11630321 11630674 color=lorange
scaffold_8 30848751 30870140 8 11976937 11983787 color=lorange
scaffold_8 30876196 30902706 8 11986581 11993354 color=lorange
scaffold_8 30947861 30976722 8 12015290 12020036 color=lorange
scaffold_8 30947861 30976722 8 12015290 12020024 color=lorange
scaffold_8 30977435 31031334 8 12021546 12031725 color=lorange
scaffold_8 31052092 31074799 8 12037048 12048975 color=lorange
scaffold_8 31083343 31116441 8 12051445 12059690 color=lorange
scaffold_8 31159914 31162077 8 12066659 12073705 color=lorange
scaffold_8 31249619 31264256 8 12106200 12112503 color=lorange
scaffold_8 31291284 31293949 8 12116618 12118225 color=lorange
scaffold_8 31296326 31345936 8 12120784 12133095 color=lorange
scaffold_8 31510637 31594926 8 1395323 1401296 color=lorange
scaffold_8 31695786 31704482 8 1367122 1369060 color=lorange
scaffold_8 31778859 32273058 8 1328864 1349668 color=lorange
scaffold_8 31778859 32273058 8 1353083 1358664 color=lorange
scaffold_8 34253559 34268506 8 986896 990983 color=lorange
scaffold_8 35066132 35066765 5 33177479 33187995 color=lorange
scaffold_8 35310972 35311268 8 780902 781198 color=lorange
scaffold_8 35386696 35394055 8 26260152 26261131 color=lorange
scaffold_8 35416549 35432800 8 26253431 26257363 color=lorange
scaffold_8 35576691 35607018 8 26221932 26228899 color=lorange
scaffold_8 35616900 35677738 8 26213103 26220436 color=lorange
scaffold_8 35782080 35848443 8 26184110 26195305 color=lorange
scaffold_8 35852577 35853464 8 26182100 26182987 color=lorange
scaffold_8 35856084 35857797 8 26180943 26181460 color=lorange
scaffold_8 35864079 35876488 8 26172339 26176775 color=lorange
scaffold_8 36539580 36562177 8 24255182 24258710 color=lorange
scaffold_8 36657093 36704366 8 24275459 24278245 color=lorange
scaffold_8 36735201 36802086 8 24285691 24297295 color=lorange
scaffold_8 36851159 36864277 8 24301634 24303868 color=lorange
scaffold_8 36869259 36876763 8 24304341 24307681 color=lorange
scaffold_8 36887610 36898077 8 24309713 24312414 color=lorange
scaffold_8 37140742 37170269 8 24371435 24376823 color=lorange
scaffold_8 37255776 37286154 8 24394638 24400995 color=lorange
scaffold_8 37291389 37331199 8 24404257 24407732 color=lorange
scaffold_8 37340836 37362718 8 24411301 24416494 color=lorange
scaffold_8 37425339 37620342 8 24464868 24479424 color=lorange
scaffold_8 37425339 37620342 8 24494795 24497003 color=lorange
scaffold_8 37626516 38006553 8 24502730 24536163 color=lorange
scaffold_8 38770564 38779853 8 24853626 24855692 color=lorange
scaffold_8 38799252 38811379 8 24857435 24860609 color=lorange
scaffold_8 38865246 38887594 8 24861528 24865989 color=lorange
scaffold_8 38865246 38887594 8 24861528 24864317 color=lorange
scaffold_8 38917867 38953688 8 24870665 24879889 color=lorange
scaffold_8 39438157 40094014 8 25118098 25134179 color=lorange
scaffold_8 40510934 40532801 8 25233547 25240625 color=lorange
scaffold_8 40623892 40646974 8 25264208 25267255 color=lorange
scaffold_8 40732986 40849975 8 25289179 25299579 color=lorange
scaffold_8 41918036 41958720 8 25466230 25473588 color=lorange
scaffold_8 42022573 42103753 8 25477116 25484895 color=lorange
scaffold_8 42319928 42361102 8 25504187 25508259 color=lorange
scaffold_8 42370642 42379195 8 25509356 25510836 color=lorange
scaffold_8 42393752 42403456 8 25511724 25513079 color=lorange
scaffold_8 42465552 42494643 8 25519152 25520949 color=lorange
scaffold_8 42500978 42569645 8 25523545 25533594 color=lorange
scaffold_8 43333772 43337833 8 25610310 25612871 color=lorange
scaffold_8 44137016 44147510 8 25654738 25657588 color=lorange
scaffold_8 44137016 44147510 8 25654738 25663575 color=lorange
scaffold_8 44239159 44287639 8 25641200 25645706 color=lorange
scaffold_8 44589051 44595382 8 25610310 25612871 color=lorange
scaffold_9 80183 172271 9 18937900 18945581 color=lorange
scaffold_9 2416958 2417581 9 18452572 18453195 color=lorange
scaffold_9 4712791 5074111 9 23993851 24017434 color=lorange
scaffold_9 4712791 5074111 9 23964541 23964786 color=lorange
scaffold_9 5092460 5099583 9 23958839 23960800 color=lorange
scaffold_9 5130431 5141691 9 23945211 23950598 color=lorange
scaffold_9 5163326 5166390 9 23938105 23941323 color=lorange
scaffold_9 5194187 5209553 9 22260911 22264846 color=lorange
scaffold_9 5230388 5350927 9 22231406 22241753 color=lorange
scaffold_9 5471677 5589461 9 22179664 22194934 color=lorange
scaffold_9 7782503 7885653 9 22179664 22194934 color=lorange
scaffold_9 8185607 8205249 9 22260911 22264846 color=lorange
scaffold_9 8249626 8252676 9 23938105 23941323 color=lorange
scaffold_9 8273536 8295211 9 23945211 23950598 color=lorange
scaffold_9 8347450 8351487 9 23958839 23960800 color=lorange
scaffold_9 8365940 8651819 9 23993851 24017434 color=lorange
scaffold_9 8365940 8651819 9 23964541 23964786 color=lorange
scaffold_9 10792019 10792642 9 18452572 18453195 color=lorange
scaffold_9 12871714 12880109 9 18913442 18916225 color=lorange
scaffold_9 12871714 12880109 9 18878110 18916225 color=lorange
scaffold_9 13036197 13088959 9 18937900 18945581 color=lorange
scaffold_9 13696822 13716276 9 17699517 17708882 color=lorange
scaffold_9 13783263 13793611 9 17669916 17672541 color=lorange
scaffold_9 13823763 13837101 9 17659951 17661200 color=lorange
scaffold_9 14044625 14063321 9 17598642 17603799 color=lorange
scaffold_9 14076630 14089421 9 17591876 17595378 color=lorange
scaffold_9 14152269 14161577 9 17574028 17577104 color=lorange
scaffold_9 14623140 14664991 9 17416172 17427200 color=lorange
scaffold_9 14773548 14798745 9 17393189 17393915 color=lorange
scaffold_9 15092162 15138687 9 17307378 17311795 color=lorange
scaffold_9 15263161 15264367 9 17268879 17272125 color=lorange
scaffold_9 15403751 15418586 9 17247753 17251446 color=lorange
scaffold_9 15870888 15871637 9 17109735 17110484 color=lorange
scaffold_9 16406484 16593651 9 16916330 16948634 color=lorange
scaffold_9 16597636 16634247 9 16906801 16914247 color=lorange
scaffold_9 16707931 16730020 9 16886028 16892009 color=lorange
scaffold_9 16762385 16826697 9 16865633 16881668 color=lorange
scaffold_9 16864935 16998704 9 16821287 16844718 color=lorange
scaffold_9 18325882 18489359 9 3402526 3415094 color=lorange
scaffold_9 18625212 18659742 9 3444048 3457403 color=lorange
scaffold_9 18661699 18689598 9 3459520 3464334 color=lorange
scaffold_9 18748209 18800858 9 3477174 3484107 color=lorange
scaffold_9 18820227 18835290 9 3491048 3494576 color=lorange
scaffold_9 18893624 18948107 9 3502218 3509503 color=lorange
scaffold_9 18951839 18985773 9 3510205 3518052 color=lorange
scaffold_9 19033916 19036166 9 3523745 3525405 color=lorange
scaffold_9 19042390 19071026 9 3528643 3531033 color=lorange
scaffold_9 19229672 19235878 9 2960195 2962317 color=lorange
scaffold_9 19486856 19487932 5 39227002 39236536 color=lorange
scaffold_9 20184963 20210682 9 2805188 2816890 color=lorange
scaffold_9 23949118 23971260 9 2096457 2106268 color=lorange
scaffold_9 26344841 26406826 9 1580855 1597584 color=lorange
scaffold_9 26411095 26419479 9 7837766 7839750 color=lorange
scaffold_9 27096539 27101885 9 1422535 1428459 color=lorange
scaffold_9 27167547 27189263 9 1395674 1399856 color=lorange
scaffold_9 27191825 27227356 9 1383094 1393874 color=lorange
scaffold_9 27236629 27244402 9 1377209 1377850 color=lorange
scaffold_9 27283773 27304563 9 1360293 1364045 color=lorange
scaffold_9 27311664 27314088 9 1355915 1357929 color=lorange
scaffold_9 27314697 27316653 9 1353995 1355152 color=lorange
scaffold_9 27324793 27332185 9 233980 235917 color=lorange
scaffold_9 27324793 27332185 9 233980 235899 color=lorange
scaffold_9 27412217 27558155 9 3940416 3946451 color=lorange
scaffold_9 27412217 27558155 9 3972927 3973385 color=lorange
scaffold_9 27643107 27668839 9 4009102 4017717 color=lorange
scaffold_9 28361242 28411544 9 4232241 4237145 color=lorange
scaffold_9 28425569 28503300 9 4243650 4261171 color=lorange
scaffold_9 28571021 28583750 9 4278415 4285026 color=lorange
scaffold_9 28587810 28588196 9 4287875 4288261 color=lorange
scaffold_9 28639502 28949740 9 4379261 4392062 color=lorange
scaffold_9 28961114 28961857 9 4398032 4398775 color=lorange
scaffold_9 28972127 28973320 9 236582 237775 color=lorange
scaffold_9 28976604 29027291 9 241554 254518 color=lorange
scaffold_9 28976604 29027291 9 259518 260859 color=lorange
scaffold_9 29034049 29040538 9 265597 270564 color=lorange
scaffold_9 29041522 29053040 9 271456 277416 color=lorange
scaffold_9 29074700 29292506 9 346737 354625 color=lorange
scaffold_9 29301615 29305899 9 25932220 25935260 color=lorange
scaffold_9 29317834 29477487 9 25967524 25971888 color=lorange
scaffold_9 29478685 29486114 9 25973186 25975717 color=lorange
scaffold_9 29478685 29486114 9 25973264 25975717 color=lorange
scaffold_9 29493306 29495164 9 25980310 25981201 color=lorange
scaffold_9 29568670 29605338 9 26000656 26006925 color=lorange
scaffold_9 30142766 30799424 9 26297950 26304002 color=lorange
scaffold_9 30808863 30989603 9 25530843 25553689 color=lorange
scaffold_9 31136882 31226513 9 25436578 25453994 color=lorange
scaffold_9 31136882 31226513 9 25462162 25462776 color=lorange
scaffold_9 31232655 31258569 9 25428123 25431946 color=lorange
scaffold_9 31414555 31446687 2 4937079 4940789 color=lorange
scaffold_9 31452231 31452690 9 25344193 25344645 color=lorange
scaffold_9 31455406 31482662 9 25336462 25343221 color=lorange
scaffold_9 31487685 31489382 9 25333839 25334695 color=lorange
scaffold_9 31512413 31527125 9 25321910 25325029 color=lorange
scaffold_9 31536758 31548368 9 25315519 25319095 color=lorange
scaffold_9 32325499 32329242 9 25147821 25151927 color=lorange
scaffold_9 35956177 35960004 9 24423905 24427732 color=lorange
scaffold_9 36714168 36726913 9 24222772 24230508 color=lorange
scaffold_9 37676889 37686773 9 8475580 8478594 color=lorange
scaffold_9 38800726 38934555 9 11481057 11481456 color=lorange
scaffold_9 39221396 39223198 9 11590993 11592612 color=lorange
scaffold_9 39228536 39243302 9 8344763 8350814 color=lorange
scaffold_9 39246911 39250824 9 8340551 8342671 color=lorange
scaffold_9 39257448 39270442 9 7850143 7854053 color=lorange
scaffold_9 39670572 39674925 9 8020142 8022674 color=lorange
scaffold_9 39872535 39881246 9 8113048 8114716 color=lorange
scaffold_9 40149287 40162248 9 8235012 8238885 color=lorange
scaffold_9 40241109 40244071 9 8260835 8263049 color=lorange
scaffold_9 40274758 40365229 9 8298407 8306426 color=lorange
scaffold_9 40382554 40400418 9 8314588 8320593 color=lorange
scaffold_9 40395349 40399606 2 4893166 4898302 color=lorange
scaffold_9 40435715 40438242 9 8659017 8661328 color=lorange
scaffold_9 40439694 40487590 9 8639789 8645735 color=lorange
scaffold_9 40508342 40540716 9 19136180 19136518 color=lorange
scaffold_9 40655965 40664028 9 19070152 19076725 color=lorange
scaffold_9 40806343 40806625 9 24120309 24124305 color=lorange
scaffold_9 40982625 41003031 9 24207233 24210860 color=lorange
scaffold_9 41007938 41012784 9 24213428 24219307 color=lorange
scaffold_9 41024663 41037507 9 10810211 10814331 color=lorange
scaffold_9 41024663 41037507 9 10815059 10817044 color=lorange
scaffold_9 41176972 41188152 9 10896667 10900467 color=lorange
scaffold_9 41401759 41444869 9 10994421 11015945 color=lorange
scaffold_9 41457057 41458570 9 10805536 10807183 color=lorange
scaffold_9 41461791 41510696 9 10783226 10802465 color=lorange
scaffold_9 41511633 41514272 9 10778351 10782124 color=lorange
scaffold_9 41612631 41689085 9 10740385 10752235 color=lorange
scaffold_9 41693524 41705526 9 10774448 10777786 color=lorange
scaffold_9 41707570 41714053 9 10697712 10701043 color=lorange
scaffold_9 42145105 42210556 9 10488845 10504119 color=lorange
scaffold_9 42160412 42163313 9 10512861 10515375 color=lorange
scaffold_9 42226389 42264879 9 10452212 10469259 color=lorange
scaffold_9 42402881 42423616 9 10394770 10400914 color=lorange
scaffold_10 181881 393963 X 15327107 15344721 color=acen
scaffold_10 468196 523753 X 15352068 15355713 color=acen
scaffold_10 562876 757309 X 15360667 15366035 color=acen
scaffold_10 1290338 1310077 X 20915375 20918018 color=acen
scaffold_10 1314174 1330932 X 20904013 20909893 color=acen
scaffold_10 1363871 1379030 X 20885360 20890557 color=acen
scaffold_10 1363871 1379030 X 20885360 20890524 color=acen
scaffold_10 1394680 1435765 X 20860518 20878121 color=acen
scaffold_10 1436693 1443887 X 20855578 20858823 color=acen
scaffold_10 1446080 1446607 X 20851363 20851890 color=acen
scaffold_10 1472887 1498277 X 464635 474448 color=acen
scaffold_10 1682744 1685812 X 513535 516125 color=acen
scaffold_10 1682744 1685812 4 835539 844935 color=acen
scaffold_10 1699000 1724739 X 523071 528695 color=acen
scaffold_10 1733802 1843544 X 531650 560971 color=acen
scaffold_10 1733802 1843544 X 531650 560971 color=acen
scaffold_10 1887039 1887494 X 574643 575098 color=acen
scaffold_10 2169110 2201469 X 647726 659200 color=acen
scaffold_10 2493169 2499404 X 724985 727111 color=acen
scaffold_10 2590363 2593347 X 750844 753497 color=acen
scaffold_10 2596717 2599519 X 754652 757031 color=acen
scaffold_10 2616714 2785566 X 789771 798377 color=acen
scaffold_10 2616714 2785566 X 789771 798377 color=acen
scaffold_10 2794402 2795078 X 820581 821537 color=acen
scaffold_10 2794402 2795078 X 820593 821537 color=acen
scaffold_10 2797391 2799147 X 824312 825629 color=acen
scaffold_10 3142594 3149798 X 5983106 5984172 color=acen
scaffold_10 3142594 3149798 X 5983106 5984118 color=acen
scaffold_10 3576593 3596064 X 5829988 5840479 color=acen
scaffold_10 3600666 3605280 X 5822967 5825620 color=acen
scaffold_10 3600666 3605280 X 5818729 5822839 color=acen
scaffold_10 3725011 3763549 X 5765947 5775654 color=acen
scaffold_10 3768022 3777122 X 5753693 5762611 color=acen
scaffold_10 3799288 3847411 X 5732407 5745092 color=acen
scaffold_10 3878101 3887932 X 5720738 5724749 color=acen
scaffold_10 3933856 3944360 X 5679787 5686934 color=acen
scaffold_10 3933856 3944360 X 5679787 5683904 color=acen
scaffold_10 4051806 4067071 X 15610043 15615884 color=acen
scaffold_10 4076750 4239751 X 15675138 15682528 color=acen
scaffold_10 4250951 4264379 X 15686714 15690577 color=acen
scaffold_10 4556926 4566808 X 21561438 21568615 color=acen
scaffold_10 4572781 4575770 X 21558175 21559751 color=acen
scaffold_10 4830034 4835764 X 21475392 21495764 color=acen
scaffold_10 5194270 5222424 X 21411817 21417830 color=acen
scaffold_10 6094492 6096296 X 21149270 21149476 color=acen
scaffold_10 6120400 6132362 X 21130709 21135509 color=acen
scaffold_10 6324003 6333424 X 21021658 21025100 color=acen
scaffold_10 6456228 6474208 X 21055325 21061332 color=acen
scaffold_10 6489542 6509820 X 21072432 21078947 color=acen
scaffold_10 6528440 6635170 X 15168824 15200095 color=acen
scaffold_10 6645347 6649100 X 15153972 15160294 color=acen
scaffold_10 6650289 6650816 X 15152511 15153031 color=acen
scaffold_10 6653030 6679805 X 15135800 15149451 color=acen
scaffold_10 6653030 6679805 X 15135800 15140635 color=acen
scaffold_10 6687562 6704845 X 15130183 15134178 color=acen
scaffold_10 7233864 7309388 X 6959818 6979962 color=acen
scaffold_10 7330281 7339368 X 6943507 6947335 color=acen
scaffold_10 7350125 7363587 X 6931319 6932002 color=acen
scaffold_10 7376854 7378212 X 6926014 6927372 color=acen
scaffold_10 7449375 7450322 X 6915316 6916263 color=acen
scaffold_10 7564543 7751411 X 6830326 6848055 color=acen
scaffold_10 7995427 8061594 X 6698837 6706017 color=acen
scaffold_10 8073843 8096288 X 6682277 6690660 color=acen
scaffold_10 8099608 8135135 X 6662741 6678095 color=acen
scaffold_10 8138158 8139144 X 6659673 6660659 color=acen
scaffold_10 8140582 8141431 X 6657094 6658241 color=acen
scaffold_10 8192987 8319634 X 6623908 6627169 color=acen
scaffold_10 8343798 8370774 X 19519041 19524518 color=acen
scaffold_10 8383891 8412399 X 19505454 19514798 color=acen
scaffold_10 8417138 8424891 X 19495654 19501059 color=acen
scaffold_10 8435952 8481124 X 7092125 7099138 color=acen
scaffold_10 8487336 8488193 X 7084660 7085517 color=acen
scaffold_10 8492239 8537996 X 20833944 20844667 color=acen
scaffold_10 8545903 8563099 X 7145392 7161876 color=acen
scaffold_10 9087797 9118655 X 18618210 18628413 color=acen
scaffold_10 9119043 9127716 X 18628835 18633358 color=acen
scaffold_10 9378010 9428788 X 18733902 18745032 color=acen
scaffold_10 9378010 9428788 X 18753377 18754680 color=acen
scaffold_10 9570982 9576311 X 18792329 18796291 color=acen
scaffold_10 9599560 9624091 X 18805357 18809129 color=acen
scaffold_10 9692178 9777798 X 18834602 18855917 color=acen
scaffold_10 9890311 10110401 X 18970594 18976239 color=acen
scaffold_10 9890311 10110401 X 18933925 18935928 color=acen
scaffold_10 9890311 10110401 X 18914184 18914495 color=acen
scaffold_10 9890311 10110401 X 18940607 18940939 color=acen
scaffold_10 11332481 11357097 X 2318539 2327044 color=acen
scaffold_10 11370935 11387606 X 2330264 2333723 color=acen
scaffold_10 11429711 11475893 X 2346545 2362486 color=acen
scaffold_10 11495422 11517957 X 14941781 14946346 color=acen
scaffold_10 11538459 11548345 X 7123412 7129498 color=acen
scaffold_10 11551065 11552554 X 2315597 2317089 color=acen
scaffold_10 11571162 11576283 X 2306977 2309983 color=acen
scaffold_10 11713040 11836136 X 15369649 15381443 color=acen
scaffold_10 11713040 11836136 X 15369649 15381440 color=acen
scaffold_10 11847916 11854282 X 6336422 6342165 color=acen
scaffold_10 11866802 11875571 X 15320919 15326066 color=acen
scaffold_10 11890022 11943463 X 13917055 13923980 color=acen
scaffold_10 11994188 12077225 X 13839480 13846698 color=acen
scaffold_10 11994188 12077225 X 13858101 13873951 color=acen
scaffold_10 12091049 12095501 X 14510170 14512071 color=acen
scaffold_10 12096269 12106101 X 14512873 14516159 color=acen
scaffold_10 12116567 12124654 X 14521800 14528322 color=acen
scaffold_10 12159816 12300349 X 14584683 14599363 color=acen
scaffold_10 12319679 12327325 X 14603239 14610811 color=acen
scaffold_10 12342046 12347323 X 14627412 14631195 color=acen
scaffold_10 12351130 12364969 X 14633471 14634682 color=acen
scaffold_10 12351130 12364969 X 14641682 14644774 color=acen
scaffold_10 12367072 12372427 X 14649053 14653004 color=acen
scaffold_10 12373122 12381310 X 14654622 14661799 color=acen
scaffold_10 12490161 12579725 X 15595151 15600148 color=acen
scaffold_10 12607728 12630091 X 15538871 15544483 color=acen
scaffold_10 12632636 12636957 X 15531721 15535005 color=acen
scaffold_10 12641372 12650289 X 15520658 15524853 color=acen
scaffold_10 12700659 12743046 X 15470170 15480479 color=acen
scaffold_10 12749639 12770232 X 15460970 15465735 color=acen
scaffold_10 12836762 12848277 X 19558039 19560017 color=acen
scaffold_10 12914172 12915878 X 16190532 16193253 color=acen
scaffold_10 12932385 12937709 X 22033919 22034191 color=acen
scaffold_10 12953315 13007990 X 21980574 22001363 color=acen
scaffold_10 12953315 13007990 X 22007891 22016661 color=acen
scaffold_10 13009387 13011498 X 21980574 22001363 color=acen
scaffold_10 13013469 13016251 X 21976841 21979592 color=acen
scaffold_10 13057371 13083257 X 21939332 21957461 color=acen
scaffold_10 13086982 13111066 X 21933988 21936564 color=acen
scaffold_10 13202882 13443691 X 21773606 21797812 color=acen
scaffold_10 13202882 13443691 X 21876819 21878601 color=acen
scaffold_10 13450398 13465890 X 21758452 21769019 color=acen
scaffold_10 13496113 13507372 X 21739285 21744957 color=acen
scaffold_10 13614568 13615698 X 21690007 21691137 color=acen
scaffold_10 13670206 13688385 X 21662756 21670571 color=acen
scaffold_10 13728939 13866816 X 424268 431048 color=acen
scaffold_10 13728939 13866816 X 417572 422379 color=acen
scaffold_10 14331222 14338291 X 5556606 5561065 color=acen
scaffold_10 14736873 14758118 X 5390026 5397869 color=acen
scaffold_10 14863111 14925997 X 1038237 1062845 color=acen
scaffold_10 14863111 14925997 X 1038237 1062845 color=acen
scaffold_10 15344072 15414227 X 875141 881262 color=acen
scaffold_10 15427949 15444370 X 855838 859311 color=acen
scaffold_10 15448200 15455961 X 851982 853892 color=acen
scaffold_10 15465972 15482526 X 6072319 6076577 color=acen
scaffold_10 15485202 15501915 X 15244622 15247895 color=acen
scaffold_10 15543742 16047464 X 2765856 2796114 color=acen
scaffold_10 15543742 16047464 X 2946701 2947885 color=acen
scaffold_10 16255915 16305050 X 3042272 3048440 color=acen
scaffold_10 16330167 16404076 X 3074691 3084154 color=acen
scaffold_10 16458143 16460316 X 3110932 3113274 color=acen
scaffold_10 16458143 16460316 4 38229328 38230745 color=acen
scaffold_10 16475378 16529493 X 3135613 3140767 color=acen
scaffold_10 16475378 16529493 X 3129178 3134102 color=acen
scaffold_10 16475378 16529493 X 3145486 3150180 color=acen
scaffold_10 16556942 16631089 X 3156724 3180404 color=acen
scaffold_10 18185182 18391662 X 3762772 3772419 color=acen
scaffold_10 18616856 18826617 X 3951556 3966202 color=acen
scaffold_10 18616856 18826617 X 3875246 3878308 color=acen
scaffold_10 18833954 18838988 X 3971816 3976480 color=acen
scaffold_10 18910335 18975426 X 4000917 4016995 color=acen
scaffold_10 18994773 19076706 X 4030656 4036393 color=acen
scaffold_10 19255188 19408892 X 4167639 4172114 color=acen
scaffold_10 19255188 19408892 X 4196955 4205739 color=acen
scaffold_10 19672638 19726276 X 4300242 4317469 color=acen
scaffold_10 19764670 19775617 X 4324334 4331347 color=acen
scaffold_10 19764670 19775617 X 4324334 4324933 color=acen
scaffold_10 19776406 19776822 X 5342875 5343270 color=acen
scaffold_10 19813848 19866469 X 5305068 5329798 color=acen
scaffold_10 19930008 20165994 X 5264765 5281656 color=acen
scaffold_10 19930008 20165994 X 5249493 5259003 color=acen
scaffold_10 19930008 20165994 X 5206827 5208801 color=acen
scaffold_10 20231159 20231625 X 5184102 5184567 color=acen
scaffold_10 20236329 20258248 X 5168030 5181156 color=acen
scaffold_10 20278933 20348041 X 5122839 5134397 color=acen
scaffold_10 20354491 20436795 X 5113635 5115366 color=acen
scaffold_10 20354491 20436795 X 5094530 5098092 color=acen
scaffold_10 20486841 20491672 X 2752285 2759227 color=acen
scaffold_10 20501619 20511329 X 16862944 16867966 color=acen
scaffold_10 20513890 20522407 X 2745043 2751297 color=acen
scaffold_10 20513890 20522407 X 2745043 2748759 color=acen
scaffold_10 20513890 20522407 X 2749518 2751297 color=acen
scaffold_10 20542260 20558472 X 2730749 2736582 color=acen
scaffold_10 20571176 20609809 X 2715792 2723800 color=acen
scaffold_10 20571176 20609809 X 2701059 2708068 color=acen
scaffold_10 20668969 20700830 X 2664744 2668270 color=acen
scaffold_10 20704308 20739440 X 2644479 2662213 color=acen
scaffold_10 20754583 20769332 X 2625299 2634933 color=acen
scaffold_10 21135217 21296753 X 2511096 2516261 color=acen
scaffold_10 21135217 21296753 X 2542924 2543930 color=acen
scaffold_10 21135217 21296753 X 2570661 2571244 color=acen
scaffold_10 21387954 21400726 X 2599926 2609379 color=acen
scaffold_10 22453477 22867263 X 1582413 1615577 color=acen
scaffold_10 22453477 22867263 X 1496903 1497139 color=acen
scaffold_10 22453477 22867263 X 1531525 1532025 color=acen
scaffold_10 24559856 24591539 X 2064297 2071466 color=acen
scaffold_10 24559856 24591539 X 2054240 2056785 color=acen
scaffold_10 24597834 24605228 X 2081907 2089888 color=acen
scaffold_10 24597834 24605228 X 2081907 2089702 color=acen
scaffold_10 24612179 24629604 X 6423055 6431050 color=acen
scaffold_10 24719092 24750467 X 6381095 6390214 color=acen
scaffold_10 24761648 24767590 X 6369080 6374303 color=acen
scaffold_10 24868385 24913201 X 6123311 6125082 color=acen
scaffold_10 24868385 24913201 X 6109601 6109807 color=acen
scaffold_10 24992481 25027134 X 6150763 6158660 color=acen
scaffold_10 25040231 25063774 X 6164743 6170163 color=acen
scaffold_10 25082152 25193021 X 6186589 6200785 color=acen
scaffold_10 25082152 25193021 X 6176191 6176397 color=acen
scaffold_10 25288987 25311707 X 6232451 6239787 color=acen
scaffold_10 25321478 25341509 X 6243883 6246571 color=acen
scaffold_10 25342831 25360614 X 6249791 6256003 color=acen
scaffold_10 25440872 25629249 X 4984928 4990289 color=acen
scaffold_10 25703127 25784557 X 5081484 5091393 color=acen
scaffold_10 25787563 25828226 X 7061695 7070512 color=acen
scaffold_10 25838813 25847679 X 13787885 13792718 color=acen
scaffold_10 25848738 25858304 X 13799895 13812084 color=acen
scaffold_10 25926902 25944174 X 14475255 14480865 color=acen
scaffold_10 26002250 26008653 X 14437387 14444092 color=acen
scaffold_10 26049652 26074748 X 14414890 14422333 color=acen
scaffold_10 26166229 26186788 X 14356064 14366317 color=acen
scaffold_10 26266900 26275224 X 14335684 14341526 color=acen
scaffold_10 26326158 26362336 X 14278649 14303453 color=acen
scaffold_10 26481702 26546392 X 14206843 14224687 color=acen
scaffold_10 26579384 26603828 X 14133037 14144538 color=acen
scaffold_10 26612750 26687510 X 14117790 14123770 color=acen
scaffold_10 26612750 26687510 X 14124031 14130139 color=acen
scaffold_10 26767828 26951268 X 13952774 13988289 color=acen
scaffold_10 26767828 26951268 X 13990237 14012579 color=acen
scaffold_10 26767828 26951268 X 14039656 14068999 color=acen
scaffold_10 26767828 26951268 X 14021313 14029014 color=acen
scaffold_10 26996650 27006112 X 7032551 7038966 color=acen
scaffold_10 27026177 27030808 X 1278178 1288844 color=acen
scaffold_10 27039657 27078708 X 2234674 2256455 color=acen
scaffold_10 27109683 27113073 X 2272147 2275480 color=acen
scaffold_10 27124691 27133747 X 2258747 2268599 color=acen
scaffold_10 27206027 27211255 X 2230242 2232775 color=acen
scaffold_10 27224983 27227050 X 1320216 1322170 color=acen
scaffold_10 27236182 27253616 X 6297612 6304762 color=acen
scaffold_10 27236182 27253616 X 6320375 6320839 color=acen
scaffold_10 27457426 27458091 X 16064359 16065024 color=acen
scaffold_10 27457426 27464981 X 16064359 16065024 color=acen
scaffold_10 27457426 27464981 X 16057956 16062454 color=acen
scaffold_10 27523516 27539325 X 19669879 19690369 color=acen
scaffold_10 27567278 27586764 X 19747926 19762709 color=acen
scaffold_10 27567278 27586764 X 19731987 19732196 color=acen
scaffold_10 27591445 27623314 X 19770839 19788060 color=acen
scaffold_10 27638292 27641747 X 19816844 19818908 color=acen
scaffold_10 27646585 27684343 X 19825112 19831211 color=acen
scaffold_10 27646585 27684343 X 19850158 19852351 color=acen
scaffold_10 27891567 28128214 X 20009436 20056383 color=acen
scaffold_10 27891567 28128214 X 20116811 20121722 color=acen
scaffold_10 28139724 28144215 X 20142660 20147581 color=acen
scaffold_10 28146962 28162143 X 20150398 20157279 color=acen
scaffold_10 28166110 28184662 X 20160222 20174502 color=acen
scaffold_10 28198512 28200529 X 20186805 20188971 color=acen
scaffold_10 28306249 28307613 X 20263965 20265154 color=acen
scaffold_10 28311155 28327702 X 20269688 20275619 color=acen
scaffold_10 28344949 28348936 X 20294306 20299654 color=acen
scaffold_10 29282650 29295992 X 20767475 20772137 color=acen
scaffold_10 29282650 29295992 X 20772590 20776651 color=acen
scaffold_10 29327717 29355714 X 20797152 20816572 color=acen
scaffold_10 29369343 29376790 X 21639061 21647089 color=acen
scaffold_10 29369343 29376790 5 16498093 16509751 color=acen
scaffold_10 29382231 29388849 X 21651513 21658678 color=acen
scaffold_10 29434254 29434805 X 6998643 6999194 color=acen
scaffold_10 29439426 29443523 X 7003185 7003655 color=acen
scaffold_11 1315121 1521889 9 21267712 21274868 color=lorange
scaffold_11 1558590 1601969 9 21245887 21257988 color=lorange
scaffold_11 1623017 1690962 9 21229122 21243553 color=lorange
scaffold_11 1751939 1784143 9 21208619 21218302 color=lorange
scaffold_11 1799900 1946367 9 21192322 21205533 color=lorange
scaffold_11 2858936 2888724 9 21075656 21086987 color=lorange
scaffold_11 2918873 2963048 9 21053772 21063872 color=lorange
scaffold_11 3023321 3318445 9 21006669 21027613 color=lorange
scaffold_11 3023321 3318445 9 21006669 21027613 color=lorange
scaffold_11 3400733 3412434 9 20917569 20922733 color=lorange
scaffold_11 3422785 3588712 9 20870442 20875024 color=lorange
scaffold_11 3619255 3652159 9 20848733 20857054 color=lorange
scaffold_11 3671210 3690721 9 20837892 20840578 color=lorange
scaffold_11 3772890 3797442 9 20822464 20827861 color=lorange
scaffold_11 3798989 3801494 9 20818545 20820614 color=lorange
scaffold_11 3831282 3836128 9 20814073 20817512 color=lorange
scaffold_11 3888275 3925483 9 20276059 20283089 color=lorange
scaffold_11 4396976 4422871 9 20402195 20409887 color=lorange
scaffold_11 4435670 4437588 9 20412057 20414085 color=lorange
scaffold_11 4456594 4467458 9 20417096 20422720 color=lorange
scaffold_11 4493505 4566549 9 20427307 20443910 color=lorange
scaffold_11 4644606 4691061 9 20470262 20474845 color=lorange
scaffold_11 4644606 4691061 9 20485642 20490373 color=lorange
scaffold_11 4705964 4767224 9 20494629 20508802 color=lorange
scaffold_11 4885705 4966039 9 20536951 20556854 color=lorange
scaffold_11 11254962 11282918 9 3729984 3735355 color=lorange
scaffold_11 11284995 11321565 9 3735759 3743964 color=lorange
scaffold_11 11454959 11464987 9 3764788 3767031 color=lorange
scaffold_11 11493502 11508769 9 4408485 4412491 color=lorange
scaffold_11 11527307 11544524 9 4419908 4426468 color=lorange
scaffold_11 11701813 11760234 9 4469142 4479796 color=lorange
scaffold_11 12261748 12285425 9 4618499 4625459 color=lorange
scaffold_11 12861325 12862029 9 4762454 4763341 color=lorange
scaffold_11 13600734 13604128 9 5012034 5016814 color=lorange
scaffold_11 14200229 14236868 9 5214845 5233478 color=lorange
scaffold_11 14239901 14329698 9 5236187 5239414 color=lorange
scaffold_11 14264461 14274029 9 5242797 5247892 color=lorange
scaffold_11 14287850 14324458 9 5253824 5266048 color=lorange
scaffold_11 14351844 14378008 9 5276022 5285401 color=lorange
scaffold_11 14385063 14413531 9 5292176 5300464 color=lorange
scaffold_11 14600522 14601226 9 4762454 4763341 color=lorange
scaffold_11 15166701 15190283 9 4618499 4625459 color=lorange
scaffold_11 15254621 15311207 9 5320439 5333141 color=lorange
scaffold_11 15254621 15311207 9 5304540 5319640 color=lorange
scaffold_11 15319107 15325276 9 5333596 5335595 color=lorange
scaffold_11 15326233 15363474 9 5337739 5352109 color=lorange
scaffold_11 15367957 15376973 9 5354056 5358372 color=lorange
scaffold_11 15389684 15406496 9 5363634 5367370 color=lorange
scaffold_11 15453352 15471831 9 5382473 5388122 color=lorange
scaffold_11 15472586 15507427 9 5389667 5395013 color=lorange
scaffold_11 15472586 15507427 9 5395957 5397435 color=lorange
scaffold_11 15517651 15845782 9 5473482 5474247 color=lorange
scaffold_11 15859710 15861995 9 5519571 5521856 color=lorange
scaffold_11 15859710 15861995 4 1952347 1952733 color=lorange
scaffold_11 15859710 15861995 4 1952347 1952733 color=lorange
scaffold_11 15859710 15861995 4 1952347 1952733 color=lorange
scaffold_11 15859710 15861995 4 1952347 1952733 color=lorange
scaffold_11 15859710 15861995 4 1952347 1952733 color=lorange
scaffold_11 15859710 15861995 4 1952347 1952733 color=lorange
scaffold_11 15859710 15861995 4 1952347 1952733 color=lorange
scaffold_11 15859710 15861995 4 1952347 1952733 color=lorange
scaffold_11 15859710 15861995 4 1952347 1952733 color=lorange
scaffold_11 15859710 15861995 4 1952347 1952733 color=lorange
scaffold_11 15859710 15861995 1 1294944 1296065 color=lorange
scaffold_11 15859710 15861995 1 1294944 1296065 color=lorange
scaffold_11 15859710 15861995 1 1294944 1296065 color=lorange
scaffold_11 15859710 15861995 1 1294944 1296065 color=lorange
scaffold_11 15859710 15861995 1 1294944 1296065 color=lorange
scaffold_11 15859710 15861995 1 1294944 1296065 color=lorange
scaffold_11 15859710 15861995 1 1294944 1296065 color=lorange
scaffold_11 15859710 15861995 1 1294944 1296065 color=lorange
scaffold_11 15859710 15861995 1 1294944 1296065 color=lorange
scaffold_11 15859710 15861995 1 1294944 1296065 color=lorange
scaffold_11 15876359 15878368 9 5519571 5521856 color=lorange
scaffold_11 15876359 15878368 9 5519571 5521856 color=lorange
scaffold_11 15876359 15878368 9 5519571 5521856 color=lorange
scaffold_11 15876359 15878368 9 5519571 5521856 color=lorange
scaffold_11 15876359 15878368 4 1952347 1952733 color=lorange
scaffold_11 15876359 15878368 4 1952347 1952733 color=lorange
scaffold_11 15876359 15878368 4 1952347 1952733 color=lorange
scaffold_11 15876359 15878368 4 1952347 1952733 color=lorange
scaffold_11 15876359 15878368 4 1952347 1952733 color=lorange
scaffold_11 15876359 15878368 4 1952347 1952733 color=lorange
scaffold_11 15876359 15878368 4 1952347 1952733 color=lorange
scaffold_11 15876359 15878368 4 1952347 1952733 color=lorange
scaffold_11 15876359 15878368 1 1294944 1296065 color=lorange
scaffold_11 15876359 15878368 1 1294944 1296065 color=lorange
scaffold_11 15876359 15878368 1 1294944 1296065 color=lorange
scaffold_11 15876359 15878368 1 1294944 1296065 color=lorange
scaffold_11 15876359 15878368 1 1294944 1296065 color=lorange
scaffold_11 15876359 15878368 1 1294944 1296065 color=lorange
scaffold_11 15876359 15878368 1 1294944 1296065 color=lorange
scaffold_11 15876359 15878368 1 1294944 1296065 color=lorange
scaffold_11 15894007 15895798 9 5525397 5527104 color=lorange
scaffold_11 15991841 15992866 9 5559914 5560939 color=lorange
scaffold_11 16045782 16066798 9 5570396 5578901 color=lorange
scaffold_11 16045782 16066798 9 5570396 5578409 color=lorange
scaffold_11 16536158 16537453 9 5691344 5692642 color=lorange
scaffold_11 16636359 16911755 9 5746752 5758334 color=lorange
scaffold_11 17000737 17001654 9 5840790 5841707 color=lorange
scaffold_11 17140947 17143435 8 16470595 16470870 color=lorange
scaffold_11 17239314 17542035 9 5907990 5919379 color=lorange
scaffold_11 17239314 17542035 9 5982968 5986617 color=lorange
scaffold_11 17826001 17826278 6 34554679 34556599 color=lorange
scaffold_11 18289982 18496815 9 6106483 6124133 color=lorange
scaffold_11 18509662 18522722 9 6157677 6162834 color=lorange
scaffold_11 18523388 18526012 9 6163475 6166357 color=lorange
scaffold_11 18528036 18966792 9 6168583 6171094 color=lorange
scaffold_11 19277979 19288054 9 6436627 6439466 color=lorange
scaffold_11 19522093 19523058 9 6532597 6533559 color=lorange
scaffold_11 20201324 20229418 9 6759750 6766818 color=lorange
scaffold_11 20272751 20279414 9 6783576 6786629 color=lorange
scaffold_11 20311624 20484767 9 6863223 6877417 color=lorange
scaffold_11 20645322 20893700 9 7029006 7036948 color=lorange
scaffold_11 20977990 21053297 9 7071373 7086917 color=lorange
scaffold_11 21128802 21152244 9 7132074 7136244 color=lorange
scaffold_11 21128802 21152244 9 7132074 7136241 color=lorange
scaffold_11 21169933 21178107 9 7144087 7150384 color=lorange
scaffold_11 21179639 21287000 9 7169658 7185503 color=lorange
scaffold_11 21325896 21337343 9 7192249 7196271 color=lorange
scaffold_11 21504196 21505982 9 7754206 7757843 color=lorange
scaffold_11 21631632 21641359 9 7713596 7735679 color=lorange
scaffold_11 21670796 21850057 9 7689731 7697222 color=lorange
scaffold_11 22438191 22445357 9 7472143 7473570 color=lorange
scaffold_11 22493511 22514866 9 7454579 7460527 color=lorange
scaffold_11 22599131 22611290 9 7420096 7423264 color=lorange
scaffold_11 22886522 22887298 9 7347527 7348306 color=lorange
scaffold_11 22904544 22910212 9 7342222 7345127 color=lorange
scaffold_11 22917120 22940122 9 7329929 7339778 color=lorange
scaffold_11 23150886 23163704 9 7247735 7253712 color=lorange
scaffold_11 23312170 23314936 9 7198240 7201520 color=lorange
scaffold_11 23316616 23319609 9 3768895 3770104 color=lorange
scaffold_11 23347372 23512456 9 3780333 3812409 color=lorange
scaffold_11 23594024 23681851 9 3829969 3846718 color=lorange
scaffold_11 23858409 23872578 9 10377020 10380775 color=lorange
scaffold_11 24516775 24517134 9 10269109 10269468 color=lorange
scaffold_11 24702510 24933610 9 10158843 10163436 color=lorange
scaffold_11 26089567 26137227 9 9770398 9778648 color=lorange
scaffold_11 26089567 26137227 9 9751615 9757462 color=lorange
scaffold_11 26174300 26215307 9 9734698 9745278 color=lorange
scaffold_11 26333318 26377593 9 9679960 9691333 color=lorange
scaffold_12 295366 303423 8 12745409 12748651 color=lorange
scaffold_12 787075 861413 8 12641168 12661399 color=lorange
scaffold_12 864709 972528 8 12609139 12621224 color=lorange
scaffold_12 864709 972528 8 12635462 12636064 color=lorange
scaffold_12 1066318 1148955 9 17268879 17272125 color=lorange
scaffold_12 1371778 1385845 8 12514205 12517316 color=lorange
scaffold_12 1388979 1400465 8 12511720 12513239 color=lorange
scaffold_12 1651357 1661641 8 12429268 12431647 color=lorange
scaffold_12 1693545 1777614 8 12409187 12424215 color=lorange
scaffold_12 1886558 1895938 8 12364011 12366710 color=lorange
scaffold_12 1949094 1960667 8 12350711 12353802 color=lorange
scaffold_12 1970590 1972057 8 12347376 12349748 color=lorange
scaffold_12 1972647 1984901 8 12341831 12346751 color=lorange
scaffold_12 1986944 1995954 8 12334420 12339777 color=lorange
scaffold_12 1998754 2020779 8 12328428 12333937 color=lorange
scaffold_12 2368897 2391519 8 12240440 12252255 color=lorange
scaffold_12 2403747 2410376 8 12237174 12239221 color=lorange
scaffold_12 2420220 2480310 8 12220124 12222543 color=lorange
scaffold_12 2420220 2480310 8 12220124 12222540 color=lorange
scaffold_12 2487590 2494539 8 12215343 12217689 color=lorange
scaffold_12 2902654 2922675 8 26955144 26957686 color=lorange
scaffold_12 2939473 2992137 8 26935367 26951508 color=lorange
scaffold_12 3037501 3062789 8 26931772 26934199 color=lorange
scaffold_12 3074400 3101861 8 26927035 26929439 color=lorange
scaffold_12 3209736 3274736 8 26914147 26920986 color=lorange
scaffold_12 3209736 3274736 8 26921280 26926547 color=lorange
scaffold_12 3342305 3435205 8 26894666 26905593 color=lorange
scaffold_12 3483920 3502616 8 26881689 26886318 color=lorange
scaffold_12 3517719 3558431 8 26871045 26876637 color=lorange
scaffold_12 3563018 3568635 8 26865732 26869373 color=lorange
scaffold_12 4078423 4087236 8 25983555 25986457 color=lorange
scaffold_12 4123443 4318497 8 25969860 25979737 color=lorange
scaffold_12 4485742 4548698 8 25877579 25885661 color=lorange
scaffold_12 4600327 4618524 8 25854356 25855872 color=lorange
scaffold_12 4622437 4741985 8 25835690 25839812 color=lorange
scaffold_12 4622437 4741985 8 25822256 25825413 color=lorange
scaffold_12 4622437 4741985 8 25851934 25853114 color=lorange
scaffold_12 5106059 5145478 8 25739233 25756487 color=lorange
scaffold_12 5254881 5296147 8 25719631 25729437 color=lorange
scaffold_12 5396272 5418824 8 25699294 25701004 color=lorange
scaffold_12 5775735 5794312 8 25664464 25670735 color=lorange
scaffold_12 5799078 5800778 8 26129220 26129630 color=lorange
scaffold_12 5907007 5936077 8 26095791 26103151 color=lorange
scaffold_12 5959831 6182988 8 26831799 26861052 color=lorange
scaffold_12 6198423 6227081 8 26827583 26830906 color=lorange
scaffold_12 6239015 6247178 8 26821386 26824661 color=lorange
scaffold_12 6247931 6258149 8 26819875 26821056 color=lorange
scaffold_12 6338583 6364741 8 26807738 26809945 color=lorange
scaffold_12 6384081 6495408 8 26795774 26798154 color=lorange
scaffold_12 6953428 7005402 8 26724311 26738185 color=lorange
scaffold_12 7024755 7026359 8 26716125 26717741 color=lorange
scaffold_12 7141228 7145722 8 26691267 26692803 color=lorange
scaffold_12 7141228 7145722 8 26691279 26692803 color=lorange
scaffold_12 7146352 7193918 8 26683572 26685537 color=lorange
scaffold_12 7382859 7985995 8 26635667 26642268 color=lorange
scaffold_12 7856649 7862200 8 26500319 26503158 color=lorange
scaffold_12 8026292 8058413 8 26460367 26465127 color=lorange
scaffold_12 8059475 8067545 8 26998908 27000839 color=lorange
scaffold_12 8157532 8159042 8 27012094 27012914 color=lorange
scaffold_12 8160467 8203827 8 27013549 27019158 color=lorange
scaffold_12 8207545 8212593 8 27019900 27020995 color=lorange
scaffold_12 8225360 8268503 8 27021666 27026640 color=lorange
scaffold_12 10410999 10444472 8 27281848 27286557 color=lorange
scaffold_12 10534813 10539505 8 27289286 27299540 color=lorange
scaffold_12 10552657 10653017 8 27289286 27299540 color=lorange
scaffold_12 10969911 10980901 8 27359838 27361048 color=lorange
scaffold_12 11188243 11242324 8 27410633 27422093 color=lorange
scaffold_12 11188243 11242324 8 27410811 27422093 color=lorange
scaffold_12 11458333 11464853 8 27446421 27449930 color=lorange
scaffold_12 12016890 12117116 8 27523163 27535955 color=lorange
scaffold_12 12240614 12339398 8 27559397 27563335 color=lorange
scaffold_12 12398752 12410113 8 27585483 27587960 color=lorange
scaffold_12 12530977 12597971 8 27604814 27606665 color=lorange
scaffold_12 13265264 13516135 8 27777602 27786496 color=lorange
scaffold_12 13265264 13516135 8 27717195 27718518 color=lorange
scaffold_12 13435955 13439229 8 27766974 27767746 color=lorange
scaffold_12 13831094 13887975 8 27824245 27833892 color=lorange
scaffold_12 14021999 14022193 8 27850335 27850583 color=lorange
scaffold_12 15671275 15686906 8 24182362 24184343 color=lorange
scaffold_12 15714246 15721968 8 24166624 24173092 color=lorange
scaffold_12 15767347 15769735 8 24153861 24155327 color=lorange
scaffold_12 16893904 16961702 8 28005615 28008876 color=lorange
scaffold_13 413094 428452 4 6564232 6569857 color=lorange
scaffold_13 429008 431425 4 6841750 6843756 color=lorange
scaffold_13 499317 545102 4 10770501 10798045 color=lorange
scaffold_13 550885 592661 4 10801165 10816215 color=lorange
scaffold_13 604028 607041 4 10823482 10826313 color=lorange
scaffold_13 636817 637211 4 10828843 10829236 color=lorange
scaffold_13 639673 651028 4 10831404 10837923 color=lorange
scaffold_13 690605 691033 4 10857323 10857754 color=lorange
scaffold_13 692364 695970 4 10859487 10863644 color=lorange
scaffold_13 692364 695970 4 10859487 10863644 color=lorange
scaffold_13 700469 731534 4 10865726 10875717 color=lorange
scaffold_13 951485 959486 4 10953370 10958250 color=lorange
scaffold_13 967127 1219196 4 10962332 10967708 color=lorange
scaffold_13 1841292 1887156 4 11294700 11302712 color=lorange
scaffold_13 1892362 1900813 4 11304900 11311868 color=lorange
scaffold_13 1902118 1903087 4 11313867 11314844 color=lorange
scaffold_13 1909951 1929382 4 11315967 11320428 color=lorange
scaffold_13 2073141 2096656 4 11375545 11384268 color=lorange
scaffold_13 2203525 2204143 4 11421439 11421993 color=lorange
scaffold_13 2209527 2214591 4 11423178 11426449 color=lorange
scaffold_13 2360061 2392937 4 11474658 11490496 color=lorange
scaffold_13 2430579 2521025 4 11504798 11530782 color=lorange
scaffold_13 2430579 2521025 4 11537428 11539526 color=lorange
scaffold_13 2649300 2657682 4 11593246 11602907 color=lorange
scaffold_13 2861999 2900849 4 11700797 11701597 color=lorange
scaffold_13 2861999 2900849 4 11683992 11685753 color=lorange
scaffold_13 3008137 3013208 4 11752663 11755701 color=lorange
scaffold_13 3110779 3197350 4 11815358 11845099 color=lorange
scaffold_13 3110779 3197350 4 11848101 11854504 color=lorange
scaffold_13 3248079 3268484 4 11884256 11898032 color=lorange
scaffold_13 3280164 3289226 4 11898612 11903740 color=lorange
scaffold_13 3280164 3289226 4 11898663 11903740 color=lorange
scaffold_13 3377863 3484665 4 11976703 11984437 color=lorange
scaffold_13 6163173 6434987 4 6749770 6755968 color=lorange
scaffold_13 6163173 6434987 4 7202217 7205298 color=lorange
scaffold_13 6719117 6734238 4 6564232 6569857 color=lorange
scaffold_13 6734794 6737449 4 6841750 6843756 color=lorange
scaffold_13 6816007 6859621 4 10770501 10798045 color=lorange
scaffold_13 6863394 6913047 4 10801165 10816215 color=lorange
scaffold_13 6928069 6930931 4 10823482 10826313 color=lorange
scaffold_13 6934382 6934776 4 10828843 10829236 color=lorange
scaffold_13 6937336 6948359 4 10831404 10837923 color=lorange
scaffold_13 6987617 6988048 4 10857323 10857754 color=lorange
scaffold_13 6992888 6998120 4 10859487 10863644 color=lorange
scaffold_13 6992888 6998120 4 10859487 10863644 color=lorange
scaffold_13 7010827 7031003 4 10865726 10875717 color=lorange
scaffold_13 7212203 7254090 4 10938496 10947468 color=lorange
scaffold_13 7260766 7265638 4 10953370 10958250 color=lorange
scaffold_13 7272905 7508482 4 10962332 10967708 color=lorange
scaffold_13 7957423 7964927 4 11219084 11222317 color=lorange
scaffold_13 8126133 8160355 4 11294700 11302712 color=lorange
scaffold_13 8171035 8177946 4 11304900 11311868 color=lorange
scaffold_13 8179473 8180421 4 11313867 11314844 color=lorange
scaffold_13 8183705 8193789 4 11315967 11320428 color=lorange
scaffold_13 8313850 8335698 4 11375545 11384268 color=lorange
scaffold_13 8409193 8433260 4 11405536 11416320 color=lorange
scaffold_13 8437168 8437786 4 11421439 11421993 color=lorange
scaffold_13 8442951 8449559 4 11423178 11426449 color=lorange
scaffold_13 8685564 8830066 4 11504798 11530782 color=lorange
scaffold_13 8685564 8830066 4 11537428 11539526 color=lorange
scaffold_13 9025510 9064927 4 11633359 11653940 color=lorange
scaffold_13 9142474 9191530 4 11700797 11701597 color=lorange
scaffold_13 9142474 9191530 4 11683992 11685753 color=lorange
scaffold_13 9312678 9322684 4 11752663 11755701 color=lorange
scaffold_13 9411981 9498541 4 11815358 11845099 color=lorange
scaffold_13 9411981 9498541 4 11848101 11854504 color=lorange
scaffold_13 9553754 9577971 4 11884256 11898032 color=lorange
scaffold_13 9586352 9595559 4 11898612 11903740 color=lorange
scaffold_13 9586352 9595559 4 11898663 11903740 color=lorange
scaffold_13 9594483 9595559 4 11898663 11903740 color=lorange
scaffold_13 9594483 9595559 4 11898612 11903740 color=lorange
scaffold_13 9769660 9796002 4 11976703 11984437 color=lorange
scaffold_13 9834075 9844728 4 11999383 12005449 color=lorange
scaffold_13 9846155 9847459 4 12005518 12006284 color=lorange
scaffold_13 9893682 9895253 4 12032182 12033770 color=lorange
scaffold_13 9959141 10233785 4 12105275 12122830 color=lorange
scaffold_13 10256726 10259805 4 12137141 12140429 color=lorange
scaffold_13 10274377 10275701 4 6554954 6557047 color=lorange
scaffold_13 10281279 10289827 4 6545829 6550842 color=lorange
scaffold_13 10302050 10308247 4 6537761 6540474 color=lorange
scaffold_13 10318458 10582354 4 6518846 6533042 color=lorange
scaffold_13 10714411 10875959 4 6410421 6420253 color=lorange
scaffold_13 11992693 12003717 4 6047668 6051587 color=lorange
scaffold_13 12044682 12045374 4 6036672 6037364 color=lorange
scaffold_13 12358051 12364563 4 5934670 5939637 color=lorange
scaffold_13 12369856 12395564 4 5924501 5929119 color=lorange
scaffold_13 12369856 12395564 4 5918131 5923781 color=lorange
scaffold_13 12400071 12432717 4 5908392 5916229 color=lorange
scaffold_13 12457538 12472083 4 5896915 5901968 color=lorange
scaffold_13 12478357 12502591 4 5886481 5894410 color=lorange
scaffold_13 12530516 12535507 4 5868013 5870531 color=lorange
scaffold_13 12536562 12543775 4 5862584 5865724 color=lorange
scaffold_13 12555860 12575469 4 5846512 5855330 color=lorange
scaffold_13 12582525 12620656 4 5834584 5837934 color=lorange
scaffold_13 12582525 12620656 4 5838248 5844814 color=lorange
scaffold_13 12676158 12717466 4 5800955 5812743 color=lorange
scaffold_13 12723959 12734105 4 5791581 5793035 color=lorange
scaffold_13 12808076 12825869 4 5758401 5764383 color=lorange
scaffold_13 12866757 12912056 4 5731967 5735360 color=lorange
scaffold_13 13461471 13464112 4 5505421 5506501 color=lorange
scaffold_13 13794463 13855421 4 5393863 5413648 color=lorange
scaffold_13 14757231 14763521 4 5111181 5115552 color=lorange
scaffold_13 15018416 15108180 4 4974476 4992240 color=lorange
scaffold_13 15169791 15200591 4 4940908 4947822 color=lorange
scaffold_13 15251040 15446316 4 4913896 4916852 color=lorange
scaffold_13 15469110 15511029 4 4819115 4834686 color=lorange
scaffold_13 15523400 15711294 4 4749067 4757100 color=lorange
scaffold_14 3248645 3250351 4 27132751 27140335 color=acen
scaffold_14 3463911 3513217 X 7177116 7186703 color=acen
scaffold_14 3528822 3585246 X 12662017 12676576 color=acen
scaffold_14 4491551 4726020 X 1231896 1252475 color=acen
scaffold_14 5620295 5941784 X 1085161 1095219 color=acen
scaffold_14 5620295 5941784 X 1183355 1184223 color=acen
scaffold_14 5620295 5941784 X 1096876 1097295 color=acen
scaffold_14 5954286 5971456 X 1076227 1078798 color=acen
scaffold_14 6037025 6041883 X 15217537 15219391 color=acen
scaffold_14 6241306 6255311 X 14894311 14899657 color=acen
scaffold_14 6283419 6332937 X 14849413 14869430 color=acen
scaffold_14 6488100 6498693 X 14809614 14813076 color=acen
scaffold_14 6569494 6635654 X 20928157 20935847 color=acen
scaffold_14 6693617 6707556 X 20952346 20955286 color=acen
scaffold_14 6693617 6707556 X 20952409 20955286 color=acen
scaffold_14 6761947 6817473 X 14698925 14700755 color=acen
scaffold_14 6825245 6841249 X 14703620 14708441 color=acen
scaffold_14 6953186 7074091 X 14761105 14793550 color=acen
scaffold_14 6998258 7007451 X 14753209 14755591 color=acen
scaffold_14 7082755 7094082 X 6291788 6295221 color=acen
scaffold_14 7118784 7188946 X 4954374 4956541 color=acen
scaffold_14 7346997 7361640 X 4861734 4868453 color=acen
scaffold_14 7363530 7392725 X 4845426 4860602 color=acen
scaffold_14 7424621 7445981 X 4826211 4832353 color=acen
scaffold_14 7473751 7490903 X 4819247 4821198 color=acen
scaffold_14 7625040 7654948 X 4765081 4773326 color=acen
scaffold_14 7735839 7762004 X 4740184 4751336 color=acen
scaffold_14 9185919 9376086 X 2128109 2146244 color=acen
scaffold_14 9185919 9376086 X 2128109 2134582 color=acen
scaffold_14 9399998 9416984 X 2116202 2118791 color=acen
scaffold_14 9569718 9692977 X 16237318 16258880 color=acen
scaffold_14 9569718 9692977 X 16237318 16258880 color=acen
scaffold_14 9569718 9692977 X 16218415 16230487 color=acen
scaffold_14 9863371 9892398 X 16366614 16374105 color=acen
scaffold_14 9911761 10069552 X 16424408 16426801 color=acen
scaffold_14 9911761 10069552 X 16378272 16380151 color=acen
scaffold_14 9911761 10069552 X 16412070 16413996 color=acen
scaffold_14 10398714 10577192 X 16556516 16567072 color=acen
scaffold_14 11005903 11007942 X 16721602 16723644 color=acen
scaffold_14 11026340 11039342 X 16730633 16737429 color=acen
scaffold_14 11063748 11082323 X 16746379 16749572 color=acen
scaffold_14 11083946 11095683 X 16751093 16755963 color=acen
scaffold_14 11121688 11136732 X 16762795 16768656 color=acen
scaffold_14 11137597 11139618 X 16769842 16772494 color=acen
scaffold_14 11142739 11187455 X 16776840 16779692 color=acen
scaffold_14 11214118 11229325 X 16862944 16867966 color=acen
scaffold_14 11242743 11426412 X 16936214 16945518 color=acen
scaffold_14 11242743 11426412 X 16918997 16934444 color=acen
scaffold_14 11935206 11990535 X 17149963 17150208 color=acen
scaffold_14 12036712 12073804 X 17188129 17191194 color=acen
scaffold_15 4849885 4979511 4 22375123 22387944 color=lorange
scaffold_15 4849885 4979511 4 22355972 22364396 color=lorange
scaffold_15 5052463 5060432 4 22334521 22338313 color=lorange
scaffold_15 5180041 5234717 4 22316075 22330684 color=lorange
scaffold_15 5238358 5244018 4 22306523 22309636 color=lorange
scaffold_15 5293512 5318541 4 22303824 22305382 color=lorange
scaffold_15 5670223 5686814 4 22355972 22364396 color=lorange
scaffold_15 5739573 5748149 4 22334521 22338313 color=lorange
scaffold_15 5807927 5857475 4 22316075 22330684 color=lorange
scaffold_15 5873705 5884052 4 22306523 22309636 color=lorange
scaffold_15 5900582 5950359 4 22303824 22305382 color=lorange
scaffold_15 6355064 6457126 4 22168421 22190243 color=lorange
scaffold_15 6355064 6457126 4 22168421 22182832 color=lorange
scaffold_15 6506932 6632267 4 22125841 22159085 color=lorange
scaffold_15 6897281 6984830 4 22025166 22027515 color=lorange
scaffold_15 6897281 6984830 4 22021607 22023009 color=lorange
scaffold_15 6897281 6984830 4 22021607 22022411 color=lorange
scaffold_15 7098275 7174130 4 21940475 21963719 color=lorange
scaffold_15 7373657 7428732 4 21871735 21877066 color=lorange
scaffold_15 10246856 10351881 4 21749145 21768062 color=lorange
scaffold_15 10843684 10993740 4 184663 189775 color=lorange
scaffold_16 1044347 1270809 1 39492575 39515573 color=lorange
scaffold_16 1591823 1627835 1 39684904 39690451 color=lorange
scaffold_16 1875263 1925483 1 47430146 47437948 color=lorange
scaffold_16 2071336 2235233 1 47353886 47359567 color=lorange
scaffold_16 2071336 2235233 1 47399384 47399638 color=lorange
scaffold_16 2252439 2342530 1 47319739 47346592 color=lorange
scaffold_16 2350837 2355527 1 47314262 47316059 color=lorange
scaffold_16 2357597 2359327 1 47311887 47313617 color=lorange
scaffold_16 2671610 2691323 1 47182599 47194010 color=lorange
scaffold_16 2671610 2691323 1 47188897 47194010 color=lorange
scaffold_16 2760489 2945415 1 47212721 47233535 color=lorange
scaffold_16 3287639 3292543 1 28120320 28123059 color=lorange
scaffold_16 4028294 4103622 1 28434170 28448616 color=lorange
scaffold_16 4404151 4455504 1 28530312 28537999 color=lorange
scaffold_16 5235529 5300896 1 28434170 28448616 color=lorange
scaffold_16 5382722 5386076 1 28470102 28472221 color=lorange
scaffold_16 5599861 5650192 1 28530312 28537999 color=lorange
scaffold_16 6553335 6586448 1 28798865 28811860 color=lorange
scaffold_16 6899694 7016405 1 28943755 28949265 color=lorange
scaffold_16 7024796 7026169 1 28955599 28958098 color=lorange
scaffold_16 7026990 7029587 1 28958568 28960072 color=lorange
scaffold_16 7032958 7047537 1 28961615 28967285 color=lorange
scaffold_16 7049188 7054988 1 28968641 28971333 color=lorange
scaffold_16 8524456 8529819 1 29456760 29458992 color=lorange
scaffold_16 8535019 8678954 1 32692983 32714649 color=lorange
scaffold_17 304282 326648 5 17045314 17048317 color=lorange
scaffold_17 347839 362177 5 17039706 17042564 color=lorange
scaffold_17 417411 434198 5 17027530 17037408 color=lorange
scaffold_17 453435 467864 5 17019492 17025202 color=lorange
scaffold_17 477025 561774 5 16991909 16995710 color=lorange
scaffold_17 611711 669462 5 16968175 16981852 color=lorange
scaffold_17 3349170 3487588 5 16627553 16646202 color=lorange
scaffold_17 5360928 5529385 5 16627553 16646202 color=lorange
scaffold_17 6402968 6447703 5 16554664 16564183 color=lorange
scaffold_17 6454990 6475918 5 16549640 16552299 color=lorange
scaffold_17 6553989 6610813 5 16519663 16524543 color=lorange
scaffold_17 6749295 6780364 5 16498093 16509751 color=lorange
scaffold_17 6749295 6780364 X 21639061 21647089 color=lorange
scaffold_17 6794174 6815995 5 16491497 16495972 color=lorange
scaffold_17 6907829 6980337 5 16469991 16475384 color=lorange
scaffold_17 7667682 7668788 5 16328247 16329350 color=lorange
scaffold_17 7667682 7668788 2 15221611 15221874 color=lorange
scaffold_17 9274484 9385637 5 17970105 17985297 color=lorange
scaffold_17 9274484 9385637 5 17998068 17999723 color=lorange
scaffold_18 160829 244791 9 16113071 16120757 color=lorange
scaffold_18 418134 429205 9 16042719 16049407 color=lorange
scaffold_18 944043 970671 9 15721482 15736824 color=lorange
scaffold_18 982869 1003859 9 15702765 15707609 color=lorange
scaffold_18 1008996 1023464 9 15667411 15672699 color=lorange
scaffold_18 1023135 1023464 9 15667411 15672699 color=lorange
scaffold_18 1040310 1099435 9 15651541 15660992 color=lorange
scaffold_18 1102695 1135734 9 15602188 15610828 color=lorange
scaffold_18 1185318 1201729 9 15577987 15582307 color=lorange
scaffold_18 1223663 1230128 9 15555278 15558220 color=lorange
scaffold_18 1232156 1235535 9 15561638 15565574 color=lorange
scaffold_18 1240924 1245938 9 15568009 15571325 color=lorange
scaffold_18 1266208 1276128 9 15550006 15552465 color=lorange
scaffold_18 1278111 1296027 9 15540452 15542299 color=lorange
scaffold_18 1298801 1299826 9 15538591 15539616 color=lorange
scaffold_18 1301911 1314934 9 15527770 15531304 color=lorange
scaffold_18 1321893 1331934 9 15518646 15526356 color=lorange
scaffold_18 1332533 1363205 9 15510726 15517700 color=lorange
scaffold_18 1460388 1486549 9 15326643 15338862 color=lorange
scaffold_18 1561664 1589883 9 15270568 15282332 color=lorange
scaffold_18 1625720 1638169 9 15252016 15257151 color=lorange
scaffold_18 1639306 1640250 9 15249017 15251125 color=lorange
scaffold_18 1649780 1656600 9 15238296 15240761 color=lorange
scaffold_18 1665111 1676425 9 15227531 15234001 color=lorange
scaffold_18 1694047 1696881 9 15218979 15220734 color=lorange
scaffold_18 1768092 1781016 9 15194629 15196801 color=lorange
scaffold_18 1829029 1863012 9 15169962 15178488 color=lorange
scaffold_18 1905714 1937906 9 15130481 15136599 color=lorange
scaffold_18 1905714 1937906 9 15140403 15141877 color=lorange
scaffold_18 1953827 2049699 9 15109039 15124138 color=lorange
scaffold_18 2178918 2195404 9 14968381 14975000 color=lorange
scaffold_18 2178918 2195404 9 14963425 14967909 color=lorange
scaffold_18 3099736 3116954 9 22833696 22840648 color=lorange
scaffold_18 3118028 3119451 9 22831790 22833081 color=lorange
scaffold_18 3223385 3224584 9 22798415 22800162 color=lorange
scaffold_18 3223385 3224584 9 22798478 22800162 color=lorange
scaffold_18 3229548 3256394 9 22788466 22796940 color=lorange
scaffold_18 3259633 3277455 9 22779052 22788143 color=lorange
scaffold_18 3424655 3458632 9 22713334 22725347 color=lorange
scaffold_18 3543239 3551766 9 22670727 22674596 color=lorange
scaffold_18 3580804 3702807 9 22613206 22639597 color=lorange
scaffold_18 3722485 3776064 9 23735877 23745026 color=lorange
scaffold_18 3722485 3776064 9 23758908 23759367 color=lorange
scaffold_18 3722485 3776064 9 23752346 23752805 color=lorange
scaffold_18 3796681 3797692 9 22373061 22374386 color=lorange
scaffold_18 3801751 3804300 9 22369112 22370960 color=lorange
scaffold_18 3805426 3811235 9 22354640 22357921 color=lorange
scaffold_18 3835344 3929722 9 22347541 22353081 color=lorange
scaffold_18 4450821 4462019 9 23835558 23835770 color=lorange
scaffold_18 4508316 4622103 9 23808672 23825310 color=lorange
scaffold_18 4671501 4671866 9 22600628 22601800 color=lorange
scaffold_18 5096375 5261942 9 22458230 22473298 color=lorange
scaffold_18 5096375 5261942 9 22462492 22473298 color=lorange
scaffold_18 5483044 5524738 9 20774579 20789640 color=lorange
scaffold_18 5575725 5576564 9 23511761 23512669 color=lorange
scaffold_18 5609301 5620392 9 23508092 23510755 color=lorange
scaffold_18 5621810 5676927 9 22031703 22047646 color=lorange
scaffold_18 5677798 5680745 9 22058103 22058830 color=lorange
scaffold_18 5697664 5713923 9 22048513 22054177 color=lorange
scaffold_18 5697664 5713923 9 22048603 22054177 color=lorange
scaffold_18 5763121 5821418 9 22076454 22090278 color=lorange
scaffold_18 5867978 5890297 9 22069547 22073191 color=lorange
scaffold_18 6015103 6028983 9 23124347 23127607 color=lorange
scaffold_18 6090051 6098321 9 23210409 23214278 color=lorange
scaffold_18 6202153 6241349 9 23275335 23280041 color=lorange
scaffold_18 6202153 6241349 9 23266580 23270727 color=lorange
scaffold_18 6470405 6472439 9 23347558 23354237 color=lorange
scaffold_18 6732166 6757111 9 23228154 23232350 color=lorange
scaffold_18 6824052 6837993 9 23429721 23432835 color=lorange
scaffold_18 6842654 6871839 9 23435682 23440409 color=lorange
scaffold_18 6909763 6910227 9 23447540 23449669 color=lorange
scaffold_18 6916079 6916450 9 23447540 23449669 color=lorange
scaffold_18 6997003 7025325 9 23467813 23469918 color=lorange
scaffold_18 7027517 7028940 9 20794329 20795892 color=lorange
scaffold_18 7029617 7030703 9 20792430 20794014 color=lorange
scaffold_18 7663456 7757981 9 20012858 20018793 color=lorange
scaffold_18 8428953 8454609 9 19754045 19757930 color=lorange
scaffold_19 269655 373659 8 3320730 3333968 color=lorange
scaffold_19 269655 373659 8 3324426 3333968 color=lorange
scaffold_19 269655 373659 8 3320730 3324059 color=lorange
scaffold_19 548262 549717 8 3386168 3387532 color=lorange
scaffold_19 631987 638601 8 3413594 3416041 color=lorange
scaffold_19 852517 864372 8 3314743 3317762 color=lorange
scaffold_19 865709 866222 8 3313739 3314249 color=lorange
scaffold_19 867891 872399 8 3310707 3312456 color=lorange
scaffold_19 897692 914444 8 3302950 3307447 color=lorange
scaffold_19 1447997 1451179 8 3197290 3198424 color=lorange
scaffold_19 3651003 3732582 8 2650089 2660446 color=lorange
scaffold_19 3651003 3732582 8 2671575 2673878 color=lorange
scaffold_19 3817003 3823395 8 2630818 2632603 color=lorange
scaffold_19 4232347 4234022 8 3900787 3901743 color=lorange
scaffold_19 4238099 4304804 8 3906892 3917042 color=lorange
scaffold_19 4377269 4413040 8 2258434 2265964 color=lorange
scaffold_19 4587849 4994253 8 2144224 2155884 color=lorange
scaffold_19 5026722 5041926 8 2126037 2128539 color=lorange
scaffold_19 5026722 5041926 1 4963085 4964215 color=lorange
scaffold_19 5026722 5041926 4 36786240 36788322 color=lorange
scaffold_19 5060264 5074714 8 2118210 2120327 color=lorange
scaffold_19 5078010 5078618 6 21993833 21995728 color=lorange
scaffold_19 5103788 5118673 8 2111831 2113744 color=lorange
scaffold_19 5678839 5691813 8 2000590 2003501 color=lorange
scaffold_19 5767089 5785125 8 1971911 1978937 color=lorange
scaffold_19 5786411 5789835 8 1969902 1971440 color=lorange
scaffold_19 5790050 5792009 8 1969213 1969707 color=lorange
scaffold_19 5798389 5850503 8 1960117 1966467 color=lorange
scaffold_19 5864843 5898484 8 1953109 1956733 color=lorange
scaffold_19 5918916 5951895 8 1942143 1947063 color=lorange
scaffold_19 6174120 6186315 8 1889014 1891035 color=lorange
scaffold_19 6255233 6255430 8 1878029 1878953 color=lorange
scaffold_19 6258350 6262476 8 1876327 1877096 color=lorange
scaffold_19 6343126 6571954 8 1822457 1834159 color=lorange
scaffold_19 6417713 6418591 8 1847093 1848479 color=lorange
scaffold_19 6877568 6898903 8 1760473 1763904 color=lorange
scaffold_19 7114576 7131350 8 1715045 1718285 color=lorange
scaffold_19 7131526 7132758 8 1715045 1718285 color=lorange
scaffold_20 199139 209420 4 3035144 3040471 color=lorange
scaffold_20 211172 281913 4 3002312 3013571 color=lorange
scaffold_20 211172 281913 4 3030972 3033955 color=lorange
scaffold_20 216513 225248 4 3024936 3030240 color=lorange
scaffold_20 311552 341884 4 2975890 2986626 color=lorange
scaffold_20 1634079 1664558 4 2554492 2564566 color=lorange
scaffold_20 1806565 2390214 4 2331449 2343848 color=lorange
scaffold_20 2428784 2726215 4 2214138 2218596 color=lorange
scaffold_20 2428784 2726215 4 2314928 2315212 color=lorange
scaffold_20 3047807 3074029 4 2075164 2085164 color=lorange
scaffold_20 3117008 3135995 4 2045658 2057192 color=lorange
scaffold_20 3157557 3274367 4 2004749 2019925 color=lorange
scaffold_20 3157557 3274367 4 2030899 2032002 color=lorange
scaffold_20 3157557 3274367 4 1988817 1993190 color=lorange
scaffold_20 3412374 3412760 4 1952347 1952733 color=lorange
scaffold_20 3412374 3412760 1 1294944 1296065 color=lorange
scaffold_20 3412374 3412760 9 5519571 5521856 color=lorange
scaffold_20 3412374 3412760 9 5519571 5521856 color=lorange
scaffold_20 3412374 3412760 9 5519571 5521856 color=lorange
scaffold_20 3412374 3412760 9 5519571 5521856 color=lorange
scaffold_20 3412374 3412760 9 5519571 5521856 color=lorange
scaffold_20 3412374 3412760 9 5519571 5521856 color=lorange
scaffold_20 3412374 3412760 9 5519571 5521856 color=lorange
scaffold_20 3412374 3412760 9 5519571 5521856 color=lorange
scaffold_20 3412374 3412760 9 5519571 5521856 color=lorange
scaffold_20 3412374 3412760 9 5519571 5521856 color=lorange
scaffold_20 3414925 3424783 4 1945452 1948150 color=lorange
scaffold_20 3427027 3428817 4 1941935 1944326 color=lorange
scaffold_20 3437088 3439664 4 1938532 1941394 color=lorange
scaffold_20 3492604 3534070 4 13541288 13549123 color=lorange
scaffold_20 3580444 3586844 4 13510408 13514870 color=lorange
scaffold_20 3588709 3591405 4 13507161 13509238 color=lorange
scaffold_20 3595650 3605106 4 13501435 13506458 color=lorange
scaffold_20 4334832 4337330 4 13143956 13182087 color=lorange
scaffold_20 4471859 4525859 4 13104382 13113754 color=lorange
scaffold_20 4471859 4525859 4 13091593 13097023 color=lorange
scaffold_20 4530325 4530926 4 13088523 13090570 color=lorange
scaffold_20 4531916 4533019 4 13087373 13088028 color=lorange
scaffold_20 4534463 4544214 4 13080699 13085021 color=lorange
scaffold_20 4569647 4572901 4 13065079 13070878 color=lorange
scaffold_20 4576791 4584410 4 13059498 13062253 color=lorange
scaffold_20 4600883 4638706 4 13036199 13052787 color=lorange
scaffold_20 4743752 4746623 4 12976840 12978137 color=lorange
scaffold_20 4746773 4751202 4 12974055 12976709 color=lorange
scaffold_20 4760310 4776341 4 12955950 12962498 color=lorange
scaffold_20 5508552 5525949 4 12678563 12687359 color=lorange
scaffold_20 5994430 6025437 4 12899601 12903305 color=lorange
scaffold_20 6026023 6028571 4 12904062 12906733 color=lorange
scaffold_20 6067789 6122979 4 12436276 12438758 color=lorange
scaffold_20 6213707 6222728 4 15409470 15412104 color=lorange
scaffold_20 6273656 6283690 4 15437804 15439289 color=lorange
scaffold_20 6303847 6318117 4 15427574 15430877 color=lorange
scaffold_20 7321670 7322560 4 15784206 15785096 color=lorange
scaffold_21 296174 385714 4 40332386 40344896 color=lorange
scaffold_21 393622 400804 4 40325283 40327628 color=lorange
scaffold_21 410892 447293 4 40309890 40322467 color=lorange
scaffold_21 515595 532060 4 40288022 40290168 color=lorange
scaffold_21 580702 603780 4 40266357 40274310 color=lorange
scaffold_21 612073 692319 4 40257779 40260978 color=lorange
scaffold_21 700429 701193 4 40236628 40237392 color=lorange
scaffold_21 710614 775988 4 40222302 40231326 color=lorange
scaffold_21 710614 775988 4 40208479 40209675 color=lorange
scaffold_21 901006 901377 4 40165286 40165657 color=lorange
scaffold_21 912532 926140 4 40158996 40163160 color=lorange
scaffold_21 926857 928907 4 40156722 40158673 color=lorange
scaffold_21 934990 937580 4 40151781 40155672 color=lorange
scaffold_21 1526911 1570434 4 39955213 39956779 color=lorange
scaffold_21 2087589 2207341 4 39769786 39771572 color=lorange
scaffold_21 2087589 2207341 4 39801240 39804048 color=lorange
scaffold_21 2087589 2207341 4 39801240 39804033 color=lorange
scaffold_21 2087589 2207341 4 39784212 39787127 color=lorange
scaffold_21 2225458 2364742 4 39738653 39748298 color=lorange
scaffold_21 2731939 2732247 4 39590965 39591249 color=lorange
scaffold_21 2869904 2872264 4 39541360 39542431 color=lorange
scaffold_21 2969581 3042605 4 39478830 39485788 color=lorange
scaffold_21 3059482 3146949 4 39446664 39459387 color=lorange
scaffold_21 3202747 3206833 4 39393115 39397926 color=lorange
scaffold_21 3232646 3248912 4 39373831 39378416 color=lorange
scaffold_21 3253846 3270339 4 39381459 39385973 color=lorange
scaffold_21 3278356 3280305 4 39362610 39363805 color=lorange
scaffold_21 4348873 4482545 4 39007803 39013527 color=lorange
scaffold_21 4846316 4881018 4 38866642 38879529 color=lorange
scaffold_21 5246665 5274105 4 32354063 32382442 color=lorange
scaffold_21 5289174 5403078 4 32387890 32396158 color=lorange
scaffold_21 5801874 5829447 4 32576446 32576962 color=lorange
scaffold_21 5839178 5845558 4 32586879 32588770 color=lorange
scaffold_21 5919565 5932782 4 32629216 32634827 color=lorange
scaffold_21 5933761 5968854 4 34414006 34421504 color=lorange
scaffold_21 6064159 6083341 4 32652370 32658978 color=lorange
scaffold_21 6064159 6083341 4 32646103 32648360 color=lorange
scaffold_21 6076378 6114662 4 32636874 32643774 color=lorange
scaffold_21 6270831 6272814 4 34027280 34028124 color=lorange
scaffold_21 6274474 6275550 4 34024409 34025307 color=lorange
scaffold_21 6276182 6293535 4 34020020 34023470 color=lorange
scaffold_21 6298210 6301898 4 34068493 34071680 color=lorange
scaffold_21 6317376 6331784 4 34077598 34078843 color=lorange
scaffold_21 6389735 6400822 4 34095135 34098046 color=lorange
scaffold_21 6408026 6419155 4 34098982 34100608 color=lorange
scaffold_21 7147952 7181442 4 34269452 34275550 color=lorange
scaffold_22 91700 114666 9 23727466 23732094 color=lorange
scaffold_22 123144 254222 9 23615508 23618549 color=lorange
scaffold_22 398178 463974 8 27954079 27967349 color=lorange
scaffold_22 496071 506043 8 28044712 28048573 color=lorange
scaffold_22 918862 929255 8 22491234 22507352 color=lorange
scaffold_22 1520174 1550601 8 22955671 22963844 color=lorange
scaffold_22 2625001 2714440 8 23540331 23549246 color=lorange
scaffold_22 2625001 2714440 8 23512208 23526166 color=lorange
scaffold_22 2756333 2781756 8 23540331 23549246 color=lorange
scaffold_22 2871110 3101306 8 23601643 23612226 color=lorange
scaffold_22 2871110 3101306 8 23694145 23702167 color=lorange
scaffold_22 3365111 3390636 8 23824941 23832921 color=lorange
scaffold_22 3516765 3516947 8 23907536 23909528 color=lorange
scaffold_22 3986062 3995183 8 24090796 24092145 color=lorange
scaffold_22 4025716 4027800 8 24097449 24099545 color=lorange
scaffold_22 4058133 4078265 8 22088377 22098863 color=lorange
scaffold_22 4078771 4083892 8 22084451 22087523 color=lorange
scaffold_22 4086430 4116662 8 22072054 22082773 color=lorange
scaffold_22 4119807 4123194 8 22065136 22069369 color=lorange
scaffold_22 4159908 4229680 8 22015684 22023477 color=lorange
scaffold_22 4273975 4275154 8 21117091 21118661 color=lorange
scaffold_22 4276852 4280722 8 21120947 21124811 color=lorange
scaffold_22 4321042 4373559 8 21145738 21165351 color=lorange
scaffold_22 4321042 4373559 8 21155645 21165351 color=lorange
scaffold_22 4885360 5319936 8 21566103 21583330 color=lorange
scaffold_22 4885360 5319936 8 21551367 21563729 color=lorange
scaffold_22 4885360 5319936 8 21511209 21538072 color=lorange
scaffold_22 4885360 5319936 8 21588579 21601303 color=lorange
scaffold_22 5344116 5346358 8 21628501 21629425 color=lorange
scaffold_22 5445229 5460352 8 21685936 21693921 color=lorange
scaffold_22 5493359 5507334 8 21694757 21714839 color=lorange
scaffold_22 5508991 5511489 8 21716379 21717556 color=lorange
scaffold_22 5583043 5604728 8 21777830 21783567 color=lorange
scaffold_22 5693660 5744842 8 21873956 21888046 color=lorange
scaffold_22 5903294 5903551 8 21993711 21993968 color=lorange
scaffold_22 5934663 5935505 9 23347558 23354237 color=lorange
scaffold_22 6850177 6946538 8 20567493 20580078 color=lorange
scaffold_22 6850177 6946538 8 20543951 20544157 color=lorange
scaffold_22 6981045 7019670 8 20519924 20521138 color=lorange
scaffold_22 6981045 7019670 8 20498067 20502239 color=lorange
scaffold_22 7079380 7128152 8 20450563 20462419 color=lorange
scaffold_23 3721193 3773177 X 15235409 15237211 color=acen
scaffold_24 84675 101634 9 25735498 25739610 color=lorange
scaffold_24 111121 157484 9 359913 369506 color=lorange
scaffold_24 688515 741712 9 521577 529201 color=lorange
scaffold_24 813719 837918 9 561074 574971 color=lorange
scaffold_24 966154 1011919 9 580321 587098 color=lorange
scaffold_24 1061197 1072755 9 872050 875260 color=lorange
scaffold_24 1074916 1082498 9 876668 880391 color=lorange
scaffold_24 1299615 1328856 9 910654 911125 color=lorange
scaffold_24 1448294 1573007 9 946656 968727 color=lorange
scaffold_24 2233814 2237639 9 1050081 1054402 color=lorange
scaffold_24 2288256 2322672 9 1054974 1058694 color=lorange
scaffold_24 2358509 2368206 9 1061799 1065325 color=lorange
scaffold_24 3975369 4043554 9 1320229 1333225 color=lorange
scaffold_24 4179868 4221790 9 1337901 1345736 color=lorange
scaffold_24 5268099 5332664 9 3546586 3557969 color=lorange
scaffold_24 5450887 5465327 9 3537993 3538993 color=lorange
scaffold_24 5474897 5475847 9 3536008 3536849 color=lorange
scaffold_24 5574584 5694775 9 2965946 2986805 color=lorange
scaffold_24 5717309 5783537 9 3000061 3006256 color=lorange
scaffold_25 160671 172695 8 1715045 1718285 color=lorange
scaffold_25 452289 463537 8 1668035 1671621 color=lorange
scaffold_25 1355269 1395223 8 1595019 1603568 color=lorange
scaffold_25 1474161 1488234 8 1580992 1583211 color=lorange
scaffold_25 1775871 1781020 8 1520571 1522914 color=lorange
scaffold_25 1893986 1949722 8 1486001 1499206 color=lorange
scaffold_25 1950753 1952876 8 1483833 1484976 color=lorange
scaffold_25 1973974 1993065 8 1476513 1479807 color=lorange
scaffold_25 1996634 2138211 8 1470296 1474330 color=lorange
scaffold_25 2184644 2204273 8 1463984 1465943 color=lorange
scaffold_25 2215106 2324787 8 1442504 1461523 color=lorange
scaffold_25 2337638 2364689 8 1430424 1439151 color=lorange
scaffold_25 2381126 2382957 8 12140863 12141708 color=lorange
scaffold_25 2438127 2439146 8 12160940 12161769 color=lorange
scaffold_25 2439661 2484517 8 12162276 12179952 color=lorange
scaffold_25 2583104 2635285 8 225662 230766 color=lorange
scaffold_25 2684441 2724889 8 243064 249864 color=lorange
scaffold_25 2771485 2790315 8 264575 269184 color=lorange
scaffold_25 2816328 2828009 8 279973 282722 color=lorange
scaffold_25 2838139 2872771 8 288843 295181 color=lorange
scaffold_25 3149808 3244016 8 365199 365907 color=lorange
scaffold_25 3149808 3244016 8 341868 342590 color=lorange
scaffold_25 3617020 3642372 8 431716 435420 color=lorange
scaffold_25 4149380 4473600 8 13003654 13014176 color=lorange
scaffold_25 4149380 4473600 8 12912972 12941132 color=lorange
scaffold_25 5394657 5402712 8 12745409 12748651 color=lorange
scaffold_25 5578090 5607825 8 12696324 12705420 color=lorange
scaffold_25 5807536 5858111 8 12661618 12671560 color=lorange
scaffold_25 5859003 5967557 8 12641168 12661399 color=lorange
scaffold_25 5971290 5971892 8 12635462 12636064 color=lorange
scaffold_26 437092 438216 X 8403676 8404886 color=blue
scaffold_26 1864677 1865801 X 8403676 8404886 color=blue
scaffold_26 1998512 1999636 X 8403676 8404886 color=blue
scaffold_26 2691539 2692663 X 8403676 8404886 color=blue
scaffold_26 4189722 4202909 6 834248 838691 color=blue
scaffold_26 4490939 4504254 6 834248 838691 color=blue
scaffold_26 4791673 4793884 X 15217537 15219391 color=blue
scaffold_26 4814757 4841073 X 15223404 15233582 color=blue
scaffold_26 4869549 4908342 X 15223404 15233582 color=blue
scaffold_27 993 17403 8 26264269 26277171 color=lorange
scaffold_27 55491 134541 8 26280873 26300646 color=lorange
scaffold_27 142880 155123 8 26302601 26303042 color=lorange
scaffold_27 193868 248592 8 26315467 26330117 color=lorange
scaffold_27 193868 248592 8 26309745 26313671 color=lorange
scaffold_27 280369 292700 8 26338504 26339094 color=lorange
scaffold_27 294845 316205 8 26341679 26346118 color=lorange
scaffold_27 341459 342049 8 26347675 26362214 color=lorange
scaffold_27 616230 663208 8 26416969 26428912 color=lorange
scaffold_27 729673 737484 8 26441806 26443619 color=lorange
scaffold_27 1199879 1221284 8 706269 732098 color=lorange
scaffold_27 1640514 1656920 8 26264269 26277171 color=lorange
scaffold_27 1695015 1776026 8 26280873 26300646 color=lorange
scaffold_27 1784376 1796694 8 26302601 26303042 color=lorange
scaffold_27 1827113 1884631 8 26315467 26330117 color=lorange
scaffold_27 1827113 1884631 8 26309745 26313671 color=lorange
scaffold_27 1915150 1927293 8 26338504 26339094 color=lorange
scaffold_27 1928117 1952588 8 26341679 26346118 color=lorange
scaffold_27 1964910 1965501 8 26347675 26362214 color=lorange
scaffold_27 2265645 2301279 8 26416969 26428912 color=lorange
scaffold_27 2344634 2360558 8 26441806 26443619 color=lorange
scaffold_27 2827745 2878325 8 706269 732098 color=lorange
scaffold_27 3356103 3356399 8 780902 781198 color=lorange
scaffold_28 28341 145048 2 41440827 41446934 color=lorange
scaffold_28 349807 458306 2 41393559 41408549 color=lorange
scaffold_28 479464 500577 2 41363049 41369361 color=lorange
scaffold_28 505865 506686 2 41213625 41214436 color=lorange
scaffold_28 511633 512920 2 41214925 41216376 color=lorange
scaffold_28 515625 540346 2 41221028 41230216 color=lorange
scaffold_28 541784 571779 2 41231339 41240288 color=lorange
scaffold_28 575311 576753 2 41260882 41263318 color=lorange
scaffold_28 583571 599305 2 41705446 41709500 color=lorange
scaffold_28 607727 649411 2 41722753 41739664 color=lorange
scaffold_28 607727 649411 2 41714642 41715928 color=lorange
scaffold_28 762087 775813 2 41746167 41751985 color=lorange
scaffold_28 863759 878940 2 41746167 41751985 color=lorange
scaffold_28 974422 990616 2 41705446 41709500 color=lorange
scaffold_28 1001837 1046133 2 41722753 41739664 color=lorange
scaffold_28 1001837 1046133 2 41714642 41715928 color=lorange
scaffold_28 1088559 1089997 2 41260882 41263318 color=lorange
scaffold_28 1093604 1124562 2 41231339 41240288 color=lorange
scaffold_28 1125293 1151526 2 41221028 41230216 color=lorange
scaffold_28 1154236 1159827 2 41214925 41216376 color=lorange
scaffold_28 1168394 1169215 2 41213625 41214436 color=lorange
scaffold_28 1173227 1193322 2 41363049 41369361 color=lorange
scaffold_28 1218659 1316759 2 41393559 41408549 color=lorange
scaffold_28 1536430 1719610 2 41440827 41446934 color=lorange
scaffold_28 1536430 1719610 2 41477355 41479094 color=lorange
scaffold_28 1735245 1746532 2 41616194 41629734 color=lorange
scaffold_28 1978414 1995102 2 41568553 41571035 color=lorange
scaffold_28 2168355 2232565 2 41508914 41509370 color=lorange
scaffold_28 2179103 2187598 2 41509652 41514329 color=lorange
scaffold_28 2404876 2408696 2 41636824 41639594 color=lorange
scaffold_28 2411267 2411931 2 41642657 41643214 color=lorange
scaffold_28 2443360 2445481 2 41276270 41278316 color=lorange
scaffold_28 2446742 2475218 2 41281030 41287665 color=lorange
scaffold_28 2494499 2524300 2 41293651 41298839 color=lorange
scaffold_28 2853547 2857917 2 41636824 41639594 color=lorange
scaffold_28 2860480 2861144 2 41642657 41643214 color=lorange
scaffold_28 2868028 2890888 2 41266651 41275351 color=lorange
scaffold_28 2891706 2897965 2 41276270 41278316 color=lorange
scaffold_28 2899250 2938178 2 41281030 41287665 color=lorange
scaffold_28 3064591 3082402 2 41330166 41336078 color=lorange
scaffold_28 3083701 3085386 2 41336364 41338297 color=lorange
scaffold_28 3086117 3087119 2 41339698 41340466 color=lorange
scaffold_28 3283463 3284086 2 41642657 41643214 color=lorange
scaffold_28 3317352 3320943 2 41276270 41278316 color=lorange
scaffold_28 3322340 3344704 2 41281030 41287665 color=lorange
scaffold_28 3469579 3484544 2 41330166 41336078 color=lorange
scaffold_28 3485982 3487668 2 41336364 41338297 color=lorange
scaffold_28 3488323 3489360 2 41339698 41340466 color=lorange
scaffold_28 3498739 3503311 2 41343163 41345010 color=lorange
scaffold_28 3582044 3615789 2 14039649 14047373 color=lorange
scaffold_28 4469664 4502945 2 14039649 14047373 color=lorange
scaffold_29 615453 926333 2 13040838 13056146 color=lorange
scaffold_29 615453 926333 2 13102631 13104341 color=lorange
scaffold_29 953533 990010 2 13127177 13134193 color=lorange
scaffold_29 1375255 1498138 2 13287742 13302433 color=lorange
scaffold_29 1573263 1576402 2 13356491 13360309 color=lorange
scaffold_29 1577029 1579472 2 13361174 13368002 color=lorange
scaffold_29 1581273 1583465 2 13361174 13368002 color=lorange
scaffold_29 1827530 1837527 2 13440819 13445262 color=lorange
scaffold_29 1923453 1924760 2 13483306 13484602 color=lorange
scaffold_29 1928976 1938152 2 13488847 13490543 color=lorange
scaffold_29 1948657 1975995 2 13497671 13506017 color=lorange
scaffold_29 2125135 2128057 2 13557879 13560226 color=lorange
scaffold_29 2128689 2133763 2 13560836 13564228 color=lorange
scaffold_29 2135605 2158617 2 13565070 13572044 color=lorange
scaffold_29 2171267 2195665 2 13576878 13582304 color=lorange
scaffold_29 2289454 2324043 2 13606049 13608328 color=lorange
scaffold_29 2393431 2402300 2 13627071 13632919 color=lorange
scaffold_29 2402647 2405116 2 13634405 13636547 color=lorange
scaffold_29 2443958 2456773 2 13655371 13659794 color=lorange
scaffold_29 2490969 2497285 2 13701089 13704192 color=lorange
scaffold_29 2531759 2587957 2 13675185 13692900 color=lorange
scaffold_29 2706136 2782381 2 21216274 21216564 color=lorange
scaffold_29 3338263 3339445 2 21356264 21357152 color=lorange
scaffold_29 3397902 3411987 2 14823181 14827525 color=lorange
scaffold_29 3434897 3435710 2 14811613 14812489 color=lorange
scaffold_29 3446789 3489577 2 14800295 14808983 color=lorange
scaffold_29 3545831 3836907 2 14699826 14716450 color=lorange
scaffold_29 3862552 3864042 2 14686444 14687832 color=lorange
scaffold_29 3868562 3869704 2 14686444 14687832 color=lorange
scaffold_29 3869996 3871159 2 14686444 14687832 color=lorange
scaffold_29 4158941 4197931 2 14578836 14585315 color=lorange
scaffold_29 4752396 4752824 2 14394975 14395430 color=lorange
scaffold_29 4777203 4786848 2 14380618 14383716 color=lorange
scaffold_30 151893 230182 3 3477525 3487188 color=lorange
scaffold_30 259713 301339 3 3505250 3508368 color=lorange
scaffold_30 265371 266105 3 3503666 3504400 color=lorange
scaffold_30 331456 401648 3 3613615 3631503 color=lorange
scaffold_30 591649 593601 3 3406938 3407999 color=lorange
scaffold_30 755581 835304 3 3477525 3487188 color=lorange
scaffold_30 862767 900642 3 3505250 3508368 color=lorange
scaffold_30 869415 870149 3 3503666 3504400 color=lorange
scaffold_30 935556 1144574 3 3613615 3631503 color=lorange
scaffold_30 1124143 1137462 3 3557773 3562978 color=lorange
scaffold_30 1178501 1181214 3 3540899 3543624 color=lorange
scaffold_30 1186415 1204195 3 3526320 3535841 color=lorange
scaffold_30 1369459 1374785 3 3686667 3714674 color=lorange
scaffold_30 1473473 1514843 3 3743023 3751840 color=lorange
scaffold_30 1537113 1538783 3 3757983 3759500 color=lorange
scaffold_30 1539542 1542050 3 3760318 3762780 color=lorange
scaffold_30 1795851 1915740 3 3833131 3834082 color=lorange
scaffold_30 3016999 3043304 3 4262468 4264510 color=lorange
scaffold_30 3061570 3108389 3 4295564 4308628 color=lorange
scaffold_30 3155845 3230461 3 4335857 4360458 color=lorange
scaffold_30 3254174 3264920 3 4372443 4376193 color=lorange
scaffold_30 3340399 3367419 3 4396982 4404192 color=lorange
scaffold_30 3371598 3376642 3 4406256 4409184 color=lorange
scaffold_30 3388863 3394443 3 4419854 4423993 color=lorange
scaffold_30 3388863 3394443 1 44354941 44358786 color=lorange
scaffold_30 3396875 3408750 3 4424715 4427870 color=lorange
scaffold_30 3504902 3506509 3 4468625 4469905 color=lorange
scaffold_30 3625779 3631818 3 4406256 4409184 color=lorange
scaffold_30 3643787 3651579 3 4419854 4423993 color=lorange
scaffold_30 3643787 3651579 1 44354941 44358786 color=lorange
scaffold_30 3654081 3658878 3 4424715 4427870 color=lorange
scaffold_30 3761142 3762334 3 4468625 4469905 color=lorange
scaffold_30 3764631 3954645 3 4471091 4509975 color=lorange
scaffold_30 3981644 3993885 3 4524064 4527353 color=lorange
scaffold_30 4429774 4442447 3 4524064 4527353 color=lorange
scaffold_31 2857992 2925249 X 16833344 16849598 color=acen
scaffold_31 2857992 2925249 X 16808299 16809641 color=acen
scaffold_31 3027543 3113777 X 16833344 16849598 color=acen
scaffold_31 3027543 3113777 X 16808299 16809641 color=acen
scaffold_31 3121809 3169805 X 21624143 21635559 color=acen
scaffold_31 3176096 3181882 X 21621492 21623498 color=acen
scaffold_32 11598 154457 8 13372264 13421845 color=lorange
scaffold_32 948164 961993 8 13031197 13037429 color=lorange
scaffold_32 986467 1045006 8 3477260 3489617 color=lorange
scaffold_32 1096408 1389821 8 3772742 3775806 color=lorange
scaffold_32 1096408 1389821 8 3811110 3812440 color=lorange
scaffold_32 1428733 1495968 8 3673006 3679932 color=lorange
scaffold_32 1500965 1518214 8 3665615 3670711 color=lorange
scaffold_32 1531590 1541767 8 3657985 3660676 color=lorange
scaffold_32 1982205 1988469 8 3522477 3535587 color=lorange
scaffold_32 2247839 2261007 8 3821686 3823101 color=lorange
scaffold_32 2299079 2302017 8 3833131 3833796 color=lorange
scaffold_32 2576326 2631516 8 2286532 2296194 color=lorange
scaffold_32 2647177 2650334 8 2303944 2305475 color=lorange
scaffold_32 2689030 2697879 8 2320630 2322190 color=lorange
scaffold_32 2698111 2712148 8 2322689 2326630 color=lorange
scaffold_32 2933685 2989617 8 2429938 2432515 color=lorange
scaffold_32 2933685 2989617 8 2416930 2418598 color=lorange
scaffold_32 2991655 2997845 8 2432959 2435110 color=lorange
scaffold_32 3003090 3003965 8 2436887 2437633 color=lorange
scaffold_32 3005686 3009187 8 2617993 2621107 color=lorange
scaffold_32 3020141 3046841 8 2570633 2573692 color=lorange
scaffold_32 3020141 3046841 8 2573953 2576682 color=lorange
scaffold_32 3457222 3462844 8 2447002 2448817 color=lorange
scaffold_32 3511192 3523291 8 3940648 3944673 color=lorange
scaffold_32 3933134 3938984 8 4030287 4031716 color=lorange
scaffold_32 3945317 3958410 8 4033646 4037486 color=lorange
scaffold_32 3979640 3982944 8 4045747 4046290 color=lorange
scaffold_32 3984299 3985180 8 4046945 4047950 color=lorange
scaffold_32 4079550 4097483 8 4080522 4085421 color=lorange
scaffold_32 4101917 4103897 8 4087154 4087651 color=lorange
scaffold_32 4106023 4109108 8 4088657 4090179 color=lorange
scaffold_32 4112484 4119229 8 4091540 4093778 color=lorange
scaffold_32 4119458 4120651 8 4093952 4094901 color=lorange
scaffold_32 4162035 4168990 8 4096015 4098809 color=lorange
scaffold_32 4210586 4230615 8 4101820 4109297 color=lorange
scaffold_32 4242339 4340345 8 4114694 4131414 color=lorange
scaffold_32 4358700 4549986 8 4181443 4182777 color=lorange
scaffold_33 2792112 2900504 9 3371691 3387104 color=lorange
scaffold_33 2792112 2900504 9 3366639 3370983 color=lorange
scaffold_33 3005008 3022325 9 16374717 16380803 color=lorange
scaffold_33 3189928 3199777 9 16347289 16348494 color=lorange
scaffold_33 3381097 3449435 9 16289379 16318081 color=lorange
scaffold_33 3635634 3730761 9 16273527 16285819 color=lorange
scaffold_34 353655 388104 X 17822614 17833819 color=acen
scaffold_34 403854 434878 X 17840204 17846683 color=acen
scaffold_34 817474 872280 X 17996669 18015043 color=acen
scaffold_34 892884 911219 X 18028767 18040396 color=acen
scaffold_34 1121214 1281258 X 18166503 18189899 color=acen
scaffold_34 1355954 1360913 X 18217570 18222185 color=acen
scaffold_34 1473683 1499486 X 18278374 18288985 color=acen
scaffold_34 1505596 1540801 X 18292796 18301742 color=acen
scaffold_34 1549537 1739285 X 18350084 18352370 color=acen
scaffold_34 1750908 1815410 X 16349098 16363130 color=acen
scaffold_34 1961987 1962532 X 16270841 16271386 color=acen
scaffold_34 2457166 3040613 X 15998743 16000929 color=acen
scaffold_34 3424174 3434036 X 1066739 1069814 color=acen
scaffold_34 3737300 3743338 X 258826 260661 color=acen
scaffold_34 3792490 3810142 X 158386 163545 color=acen
scaffold_34 3835281 3845211 X 168601 171464 color=acen
scaffold_34 3880517 3884414 X 193854 195000 color=acen
scaffold_34 3889595 3923275 X 196552 203831 color=acen
scaffold_34 3937917 3942808 X 257103 258243 color=acen
scaffold_34 3937917 3942808 X 263033 263796 color=acen
scaffold_34 3944502 3975277 X 241820 255285 color=acen
scaffold_34 3986282 3986791 X 233351 233848 color=acen
scaffold_34 4014406 4044865 X 138981 150011 color=acen
scaffold_35 260536 276812 8 4385026 4386898 color=lorange
scaffold_35 287342 423570 8 4370118 4382886 color=lorange
scaffold_35 287342 423570 8 4361317 4365584 color=lorange
scaffold_35 348126 348455 8 4367041 4367370 color=lorange
scaffold_35 988879 990612 8 4234763 4236475 color=lorange
scaffold_35 1602052 1626506 8 4101820 4109297 color=lorange
scaffold_35 1695224 1696415 8 4093952 4094901 color=lorange
scaffold_35 1696644 1704929 8 4091540 4093778 color=lorange
scaffold_35 1711829 1719359 8 4088657 4090179 color=lorange
scaffold_35 1720315 1722390 8 4087154 4087651 color=lorange
scaffold_35 1727634 1748045 8 4080522 4085421 color=lorange
scaffold_35 1859708 1860599 8 4046945 4047950 color=lorange
scaffold_35 1861269 1864857 8 4045747 4046290 color=lorange
scaffold_35 1890600 1901611 8 4033646 4037486 color=lorange
scaffold_35 1907016 1914171 8 4030287 4031716 color=lorange
scaffold_35 2153742 2194306 8 3973984 3983682 color=lorange
scaffold_35 2215021 2336747 8 3947204 3970727 color=lorange
scaffold_35 2343121 2360021 8 3940648 3944673 color=lorange
scaffold_35 2410490 2415519 8 2447002 2448817 color=lorange
scaffold_35 2831672 2864179 8 2570633 2573692 color=lorange
scaffold_35 2831672 2864179 8 2573953 2576682 color=lorange
scaffold_35 2875509 2879296 8 2617993 2621107 color=lorange
scaffold_35 2882039 2882917 8 2436887 2437633 color=lorange
scaffold_35 2886737 2892240 8 2432959 2435110 color=lorange
scaffold_35 2893876 2942086 8 2429938 2432515 color=lorange
scaffold_35 2893876 2942086 8 2416930 2418598 color=lorange
scaffold_35 3206905 3219824 8 2322689 2326630 color=lorange
scaffold_35 3220060 3225747 8 2320630 2322190 color=lorange
scaffold_35 3263413 3266566 8 2303944 2305475 color=lorange
scaffold_35 3278861 3331510 8 2286532 2296194 color=lorange
scaffold_35 3595078 3599431 8 3833131 3833796 color=lorange
scaffold_35 3652800 3661414 8 3821686 3823101 color=lorange
scaffold_35 3954306 3961262 8 3522477 3535587 color=lorange
scaffold_36 116438 129566 9 21543242 21547219 color=lorange
scaffold_36 135816 170388 9 21534846 21542616 color=lorange
scaffold_36 135816 170388 9 21532589 21533866 color=lorange
scaffold_36 173197 175010 9 21529795 21531282 color=lorange
scaffold_36 291460 293391 1 3023508 3025439 color=lorange
scaffold_36 520361 522292 1 3023508 3025439 color=lorange
scaffold_36 611317 613134 9 21529795 21531282 color=lorange
scaffold_36 613979 642777 9 21534846 21542616 color=lorange
scaffold_36 613979 642777 9 21532589 21533866 color=lorange
scaffold_36 651048 681862 9 21543242 21547219 color=lorange
scaffold_36 1044538 1064995 9 21668841 21681959 color=lorange
scaffold_36 1468990 1489431 9 21668841 21681959 color=lorange
scaffold_36 1569319 2221549 9 21718250 21753948 color=lorange
scaffold_36 1569319 2221549 9 21764497 21791078 color=lorange
scaffold_36 2256812 2293040 9 21799210 21802442 color=lorange
scaffold_36 3760485 3792078 9 21799210 21802442 color=lorange
scaffold_37 45251 47864 5 17754362 17756235 color=lorange
scaffold_37 122488 123036 5 17545568 17548739 color=lorange
scaffold_37 124092 127981 5 17545568 17548739 color=lorange
scaffold_37 269307 278972 5 4881955 4886690 color=lorange
scaffold_37 283436 306687 5 4891759 4896769 color=lorange
scaffold_37 283436 306687 5 4891759 4896769 color=lorange
scaffold_37 941052 1013582 5 5134459 5142616 color=lorange
scaffold_37 1191555 1197854 5 3981362 3983521 color=lorange
scaffold_37 1203217 1231600 5 3984656 3989916 color=lorange
scaffold_37 1233392 1248736 5 4175432 4180823 color=lorange
scaffold_37 1258663 1267942 5 4184098 4187415 color=lorange
scaffold_37 2129814 2148331 5 4424158 4434385 color=lorange
scaffold_37 2290409 2294581 5 4528251 4531401 color=lorange
scaffold_37 2423686 2429333 5 4528251 4531401 color=lorange
scaffold_37 2587116 2606129 5 4424158 4434385 color=lorange
scaffold_37 3501370 3506942 5 4184098 4187415 color=lorange
scaffold_37 3518042 3540007 5 4175432 4180823 color=lorange
scaffold_37 3568427 3577429 5 3981362 3983521 color=lorange
scaffold_37 3776230 3813037 5 5134459 5142616 color=lorange
scaffold_38 3110008 3117347 4 3728350 3733552 color=lorange
scaffold_38 3140812 3172722 4 3698039 3713683 color=lorange
scaffold_38 3224259 3227927 4 3675569 3677347 color=lorange
scaffold_38 3268084 3272821 4 3655213 3657729 color=lorange
scaffold_38 3273947 3289848 4 3647488 3653793 color=lorange
scaffold_39 48929 64392 2 12645630 12651028 color=lorange
scaffold_39 72616 200997 2 13983313 13996214 color=lorange
scaffold_39 344453 438875 2 13871831 13900863 color=lorange
scaffold_39 449764 455624 2 13863836 13867261 color=lorange
scaffold_39 492672 495066 2 13845276 13846451 color=lorange
scaffold_39 497707 512337 2 13839704 13844755 color=lorange
scaffold_39 513594 515117 2 13836993 13839072 color=lorange
scaffold_39 517304 530909 2 13833756 13834956 color=lorange
scaffold_39 517304 530909 2 13833801 13834956 color=lorange
scaffold_39 532443 658588 2 13794854 13804169 color=lorange
scaffold_39 532443 658588 2 13822840 13830565 color=lorange
scaffold_39 686837 690323 2 13779080 13780299 color=lorange
scaffold_39 705039 773903 2 13752303 13772125 color=lorange
scaffold_39 774328 783763 2 13732169 13735513 color=lorange
scaffold_39 784303 800827 2 13725208 13731138 color=lorange
scaffold_39 810030 812051 2 9399216 9401764 color=lorange
scaffold_39 821077 836249 2 9382603 9388262 color=lorange
scaffold_39 861034 879688 2 9361113 9371664 color=lorange
scaffold_39 982702 1024826 2 9300981 9304714 color=lorange
scaffold_39 1390443 1391432 2 9161483 9162307 color=lorange
scaffold_39 1392479 1394881 2 9156873 9160307 color=lorange
scaffold_39 1400685 1403149 2 9653055 9656731 color=lorange
scaffold_39 1420537 1476910 2 9624104 9642674 color=lorange
scaffold_39 1611927 1641081 2 33243155 33248831 color=lorange
scaffold_39 1611927 1641081 2 33233403 33239680 color=lorange
scaffold_39 1647962 1648711 2 33225568 33226314 color=lorange
scaffold_39 1703904 1725962 2 33193235 33199915 color=lorange
scaffold_39 1972174 2218584 2 33048870 33056298 color=lorange
scaffold_40 5174 8366 2 31855553 31860345 color=lorange
scaffold_40 74845 86286 2 33260309 33267002 color=lorange
scaffold_40 88458 89415 2 33268747 33269196 color=lorange
scaffold_40 90063 92551 2 33269673 33270758 color=lorange
scaffold_40 192622 202509 2 33273968 33277065 color=lorange
scaffold_40 250893 276452 2 40749405 40752452 color=lorange
scaffold_40 280806 415684 2 33330216 33338452 color=lorange
scaffold_40 280806 415684 2 33308273 33317219 color=lorange
scaffold_40 423012 425770 2 40934549 40938992 color=lorange
scaffold_40 609392 612515 2 40934549 40938992 color=lorange
scaffold_40 620231 739384 2 33330216 33338452 color=lorange
scaffold_40 620231 739384 2 33308273 33317219 color=lorange
scaffold_40 743155 759719 2 40749405 40752452 color=lorange
scaffold_40 796463 805000 2 33273968 33277065 color=lorange
scaffold_40 950656 953165 2 33269673 33270758 color=lorange
scaffold_40 953807 954766 2 33268747 33269196 color=lorange
scaffold_40 956080 967077 2 33260309 33267002 color=lorange
scaffold_40 1020360 1025100 2 31855553 31860345 color=lorange
scaffold_40 1262363 1700870 2 32031586 32044017 color=lorange
scaffold_40 1262363 1700870 2 32067179 32078983 color=lorange
scaffold_40 1262363 1700870 2 32048746 32049537 color=lorange
scaffold_40 1262363 1700870 2 31866506 31867614 color=lorange
scaffold_40 2096792 2140032 2 32265400 32266271 color=lorange
scaffold_40 2588372 2722304 2 32482394 32484892 color=lorange
scaffold_40 3107484 3243388 2 32482394 32484892 color=lorange
scaffold_41 106935 122240 9 17943667 17946710 color=lorange
scaffold_41 272719 356840 9 17957218 17971712 color=lorange
scaffold_41 366520 408744 9 17974544 17983249 color=lorange
scaffold_41 413205 428110 9 17988162 17993608 color=lorange
scaffold_41 431203 441079 9 17994301 17998501 color=lorange
scaffold_41 479914 556165 9 17957218 17971712 color=lorange
scaffold_41 566338 599516 9 17974544 17983249 color=lorange
scaffold_41 604972 619868 9 17988162 17993608 color=lorange
scaffold_41 623406 632036 9 17994301 17998501 color=lorange
scaffold_41 830146 831166 9 18000526 18001445 color=lorange
scaffold_41 835020 875027 9 18010670 18018258 color=lorange
scaffold_41 912597 922205 9 18002511 18004757 color=lorange
scaffold_41 1207092 1220469 9 17839413 17842432 color=lorange
scaffold_41 1477487 1509193 9 17893057 17902770 color=lorange
scaffold_41 1645741 1662517 9 17943667 17946710 color=lorange
scaffold_41 1829760 1841113 9 17994301 17998501 color=lorange
scaffold_41 1843205 1862143 9 17988162 17993608 color=lorange
scaffold_41 1868993 1897083 9 17974544 17983249 color=lorange
scaffold_41 1909110 1980230 9 17957218 17971712 color=lorange
scaffold_41 2132260 2143346 9 17943667 17946710 color=lorange
scaffold_41 2281172 2306624 9 17893057 17902770 color=lorange
scaffold_41 2524054 2550581 9 17839413 17842432 color=lorange
scaffold_41 2869655 2896006 9 17893057 17902770 color=lorange
scaffold_41 3023979 3079807 9 17852288 17861434 color=lorange
scaffold_41 3129875 3142275 9 17839413 17842432 color=lorange
scaffold_42 136606 175546 8 1595019 1603568 color=lorange
scaffold_42 260737 273471 8 1580992 1583211 color=lorange
scaffold_42 593924 604955 8 1520571 1522914 color=lorange
scaffold_42 726393 811838 8 1486001 1499206 color=lorange
scaffold_42 812869 814977 8 1483833 1484976 color=lorange
scaffold_42 833736 845062 8 1476513 1479807 color=lorange
scaffold_42 979557 990703 8 1470296 1474330 color=lorange
scaffold_42 1037368 1050040 8 1463984 1465943 color=lorange
scaffold_42 1060752 1186454 8 1442504 1461523 color=lorange
scaffold_42 1203315 1231265 8 1430424 1439151 color=lorange
scaffold_42 1244155 1251184 8 12140863 12141708 color=lorange
scaffold_42 1304816 1305835 8 12160940 12161769 color=lorange
scaffold_42 1306350 1346418 8 12162276 12179952 color=lorange
scaffold_42 1412190 1412763 8 202026 202628 color=lorange
scaffold_42 1479994 1527228 8 225662 230766 color=lorange
scaffold_42 1576174 1624694 8 243064 249864 color=lorange
scaffold_42 1674620 1692969 8 264575 269184 color=lorange
scaffold_42 1717717 1726273 8 279973 282722 color=lorange
scaffold_42 2598422 2611625 8 431716 435420 color=lorange
scaffold_43 331808 411014 5 17186720 17195683 color=lorange
scaffold_43 449784 542539 5 1062327 1074681 color=lorange
scaffold_43 802426 802638 5 999374 999586 color=lorange
scaffold_43 1208533 1230258 5 946049 946796 color=lorange
scaffold_43 2616061 2633633 5 789700 793411 color=lorange
scaffold_43 2641298 2702810 5 779300 789160 color=lorange
scaffold_43 2712180 2764004 5 768304 773768 color=lorange
scaffold_43 2776955 2875236 5 761624 763887 color=lorange
scaffold_43 2882228 2909273 5 731375 734601 color=lorange
scaffold_43 2911032 2949192 5 723385 730435 color=lorange
scaffold_44 632865 670262 4 40642477 40654740 color=lorange
scaffold_44 676412 750472 4 40656416 40662680 color=lorange
scaffold_44 808270 824802 4 40701620 40707130 color=lorange
scaffold_44 895743 897171 4 40459600 40461026 color=lorange
scaffold_44 1590437 1608405 4 40656416 40662680 color=lorange
scaffold_44 1737041 1754603 4 40701620 40707130 color=lorange
scaffold_44 1775220 1783594 4 40719063 40720490 color=lorange
scaffold_44 1802795 1824213 4 40729468 40734919 color=lorange
scaffold_44 1981016 1982947 4 40778572 40779192 color=lorange
scaffold_44 2352926 2353624 4 40893226 40893924 color=lorange
scaffold_44 2447495 2464321 4 40922763 40928067 color=lorange
scaffold_44 2477523 2516344 4 40933190 40948443 color=lorange
scaffold_44 2557197 2560071 4 40962941 40967001 color=lorange
scaffold_44 2591475 2598547 4 40983349 40991187 color=lorange
scaffold_44 2599212 2605063 4 40992101 40996867 color=lorange
scaffold_44 2628008 2635216 4 41023155 41027525 color=lorange
scaffold_44 2635974 2667351 4 41028208 41032468 color=lorange
scaffold_44 2635974 2667351 4 41033113 41039247 color=lorange
scaffold_44 2685499 2703646 4 41055214 41064396 color=lorange
scaffold_44 2720597 2750579 4 30791864 30804530 color=lorange
scaffold_44 2788110 2794799 4 40719063 40720490 color=lorange
scaffold_44 2815441 2833449 4 40729468 40734919 color=lorange
scaffold_44 2993852 2995807 4 40778572 40779192 color=lorange
scaffold_45 2124001 2130025 5 17182679 17183875 color=lorange
scaffold_45 2152196 2190446 5 17172848 17180688 color=lorange
scaffold_45 2216997 2244271 5 17169674 17170624 color=lorange
scaffold_46 202881 221227 8 18905884 18911394 color=lorange
scaffold_46 1098466 1123835 8 19227975 19250014 color=lorange
scaffold_46 1198724 1204464 8 19288767 19292191 color=lorange
scaffold_46 1282270 1295521 8 19418696 19422845 color=lorange
scaffold_46 1420990 1428208 8 19436505 19443693 color=lorange
scaffold_46 1935034 2039964 8 19662514 19670203 color=lorange
scaffold_46 2085813 2086646 8 19731516 19732346 color=lorange
scaffold_46 2178459 2187796 8 19772062 19777964 color=lorange
scaffold_46 2189478 2191778 8 19780024 19781584 color=lorange
scaffold_46 2192055 2195450 8 19782673 19784209 color=lorange
scaffold_46 2321345 2348134 8 19790167 19794980 color=lorange
scaffold_46 2395054 2404410 8 19883304 19889290 color=lorange
scaffold_46 2417101 2500714 8 19852692 19860452 color=lorange
scaffold_46 2527198 2528555 8 19821062 19823347 color=lorange
scaffold_46 2663452 2666416 8 19895386 19896928 color=lorange
scaffold_46 2674377 2697535 8 19953847 19964833 color=lorange
scaffold_47 1199 15845 8 13611280 13612278 color=lorange
scaffold_47 339972 388162 8 13717236 13726760 color=lorange
scaffold_47 397278 417227 8 13728810 13733757 color=lorange
scaffold_47 397278 417227 8 13738918 13744197 color=lorange
scaffold_47 397278 417227 1 10686970 10698111 color=lorange
scaffold_47 397278 417227 8 13717236 13726760 color=lorange
scaffold_47 519058 532113 8 13760750 13765148 color=lorange
scaffold_47 559346 581218 8 4897233 4903071 color=lorange
scaffold_47 591099 598371 8 4889624 4891852 color=lorange
scaffold_47 591099 598371 8 4889639 4891852 color=lorange
scaffold_47 604100 646790 8 4878142 4889059 color=lorange
scaffold_47 652487 655349 8 4870767 4873641 color=lorange
scaffold_47 671192 705423 8 4859271 4866639 color=lorange
scaffold_47 840564 841736 8 4830643 4832862 color=lorange
scaffold_47 886353 891071 8 4813776 4816008 color=lorange
scaffold_47 923985 928587 8 4795005 4802096 color=lorange
scaffold_47 933214 934008 8 4795005 4802096 color=lorange
scaffold_47 1105107 1106003 8 4767761 4778168 color=lorange
scaffold_47 1197678 1668830 8 4629175 4631901 color=lorange
scaffold_47 1683499 1698404 8 4621157 4623427 color=lorange
scaffold_47 1703668 1717530 8 4615141 4619156 color=lorange
scaffold_47 1746671 1755983 8 4594916 4597717 color=lorange
scaffold_47 1758641 1777268 8 4591412 4594264 color=lorange
scaffold_47 1758641 1777268 X 5818729 5822839 color=lorange
scaffold_47 1780000 1781304 8 4589434 4590573 color=lorange
scaffold_47 1781385 1781759 8 4588975 4589349 color=lorange
scaffold_47 1810343 1863142 8 4579022 4582441 color=lorange
scaffold_47 1986933 1987607 8 4569147 4569821 color=lorange
scaffold_47 1992063 2003588 8 4545596 4548626 color=lorange
scaffold_47 2082511 2393112 8 4496295 4503964 color=lorange
scaffold_47 2082511 2393112 8 4460747 4461373 color=lorange
scaffold_49 799376 831328 9 19434195 19437079 color=lorange
scaffold_49 902504 952708 9 19389923 19402901 color=lorange
scaffold_49 1541797 1583608 9 8617137 8627230 color=lorange
scaffold_49 1602982 1604416 9 8633876 8634610 color=lorange
scaffold_49 1607070 1610566 9 19176109 19180413 color=lorange
scaffold_49 1622539 1625437 9 19163201 19171676 color=lorange
scaffold_49 1659894 1703471 9 19144169 19158818 color=lorange
scaffold_49 1704615 1706291 9 19181852 19183140 color=lorange
scaffold_49 1719594 1726603 9 8355435 8358306 color=lorange
scaffold_49 1727346 1735967 9 8359325 8362040 color=lorange
scaffold_49 1772688 2038288 9 8439387 8445994 color=lorange
scaffold_49 2047648 2090709 9 8450970 8457472 color=lorange
scaffold_49 2105412 2107067 9 8459269 8460796 color=lorange
scaffold_49 2114640 2141176 9 9514960 9521119 color=lorange
scaffold_49 2144917 2240809 9 9541472 9553220 color=lorange
scaffold_49 2314849 2324083 9 9581210 9586636 color=lorange
scaffold_49 2334344 2335747 4 27132751 27140335 color=lorange
scaffold_49 2349127 2354804 9 9598739 9601826 color=lorange
scaffold_49 2380494 2420729 9 9612526 9623308 color=lorange
scaffold_49 2380494 2420729 9 9612526 9623308 color=lorange
scaffold_49 2423002 2431143 9 9625930 9629001 color=lorange
scaffold_49 2439554 2470199 9 9642651 9647710 color=lorange
scaffold_50 1887188 1889441 2 19351387 19351875 color=lorange
scaffold_50 1994727 2063389 2 19393520 19394263 color=lorange
scaffold_50 1994727 2063389 2 19378761 19382934 color=lorange
scaffold_50 2118957 2141952 2 21437831 21448800 color=lorange
scaffold_50 2198003 2244698 2 21362913 21370352 color=lorange
scaffold_51 338022 339251 5 28094339 28095568 color=lorange
scaffold_52 31182 140451 9 19718952 19736987 color=lorange
scaffold_52 884090 921590 9 19434195 19437079 color=lorange
scaffold_52 992999 1045165 9 19389923 19402901 color=lorange
scaffold_52 1611172 1643637 9 8617137 8627230 color=lorange
scaffold_52 1661082 1661876 9 8633876 8634610 color=lorange
scaffold_52 1663972 1668292 9 19176109 19180413 color=lorange
scaffold_52 1677195 1680281 9 19163201 19171676 color=lorange
scaffold_52 1754915 1756599 9 19181852 19183140 color=lorange
scaffold_52 1767195 1780661 9 8355435 8358306 color=lorange
scaffold_52 1781392 1788626 9 8359325 8362040 color=lorange
scaffold_53 240817 243561 2 3800050 3802785 color=lorange
scaffold_53 660030 715074 2 3669443 3682624 color=lorange
scaffold_53 862006 932948 2 3628573 3638072 color=lorange
scaffold_53 975099 1081407 2 3589170 3617082 color=lorange
scaffold_53 1100112 1615548 2 3573926 3582020 color=lorange
scaffold_53 1100112 1615548 2 3553465 3566059 color=lorange
scaffold_53 1100112 1615548 2 3526050 3535312 color=lorange
scaffold_53 1940426 1946557 2 6956107 6964096 color=lorange
scaffold_53 1951488 1993659 2 6946773 6953600 color=lorange
scaffold_53 2012583 2058794 2 6927940 6938531 color=lorange
scaffold_54 1039990 1120928 3 17540665 17543636 color=lorange
scaffold_55 12126 83438 7 35540070 35545637 color=lorange
scaffold_55 523966 563144 7 35536608 35539021 color=lorange
scaffold_55 575958 637901 7 35540070 35545637 color=lorange
scaffold_56 60168 153886 2 19881423 19895897 color=lorange
scaffold_56 60168 153886 2 19910857 19915370 color=lorange
scaffold_56 1132906 1133298 2 20299958 20305210 color=lorange
scaffold_56 1206218 1211131 2 20331224 20334261 color=lorange
scaffold_56 1241342 1267543 2 20342470 20350197 color=lorange
scaffold_56 1339717 1749648 2 20367463 20376942 color=lorange
scaffold_57 556942 575134 9 8812083 8818526 color=lorange
scaffold_57 619818 703355 9 8854937 8864577 color=lorange
scaffold_57 619818 703355 9 8832652 8834388 color=lorange
scaffold_57 718779 853301 9 8868576 8880071 color=lorange
scaffold_57 974574 1142901 9 8778010 8780365 color=lorange
scaffold_57 1319684 1463914 9 8868576 8880071 color=lorange
scaffold_57 1937210 1957048 9 10394770 10400914 color=lorange
scaffold_58 1179047 1231067 4 25779860 25781392 color=lorange
scaffold_58 1317176 1334655 4 25742892 25752369 color=lorange
scaffold_58 1350743 1355203 4 25729980 25733749 color=lorange
scaffold_58 1478727 1518622 4 25669850 25676365 color=lorange
scaffold_58 1531083 1638814 4 25631826 25667685 color=lorange
scaffold_58 1661753 1686650 4 25601023 25615775 color=lorange
scaffold_58 1737350 1755159 4 25579092 25582275 color=lorange
scaffold_58 1756769 1788211 4 25568293 25575024 color=lorange
scaffold_58 1849691 1868815 4 25546444 25554261 color=lorange
scaffold_58 1878490 1884691 4 25518677 25537361 color=lorange
scaffold_59 42762 178315 4 14601006 14616131 color=lorange
scaffold_60 561334 833857 3 25317321 25317566 color=lorange
scaffold_60 561334 833857 3 25223939 25225438 color=lorange
scaffold_61 18164 44785 4 28916439 28927986 color=lorange
scaffold_61 226393 243896 4 28839729 28845843 color=lorange
scaffold_61 272741 280556 4 28818449 28820769 color=lorange
scaffold_61 290264 293552 4 28812981 28815919 color=lorange
scaffold_61 293845 296784 4 28808662 28812511 color=lorange
scaffold_61 297352 311476 4 35926280 35930254 color=lorange
scaffold_61 315856 354452 4 35933021 35944470 color=lorange
scaffold_61 463127 495468 4 35993258 35997742 color=lorange
scaffold_61 495947 508442 4 35998910 36003974 color=lorange
scaffold_61 518066 522274 4 34448258 34449754 color=lorange
scaffold_61 638527 694531 4 35888271 35899752 color=lorange
scaffold_61 702523 715057 4 35876786 35880527 color=lorange
scaffold_61 1333833 1538468 4 36248720 36268396 color=lorange
scaffold_61 1545722 1559906 4 36238920 36245532 color=lorange
scaffold_61 1567513 1592716 4 36229312 36237099 color=lorange
scaffold_61 1626800 1650996 4 36216374 36221442 color=lorange
scaffold_61 1669958 1672635 4 36204693 36206309 color=lorange
scaffold_62 573293 586972 1 46753782 46755121 color=lorange
scaffold_62 593493 662073 1 46735589 46746349 color=lorange
scaffold_62 593493 662073 1 46750730 46752836 color=lorange
scaffold_62 1019647 1037747 1 46753782 46755121 color=lorange
scaffold_62 1046171 1113311 1 46735589 46746349 color=lorange
scaffold_62 1046171 1113311 1 46750730 46752836 color=lorange
scaffold_62 1595003 1619552 1 46646569 46695906 color=lorange
scaffold_63 344398 345498 3 8855920 8857395 color=lorange
scaffold_63 351285 354511 3 8861125 8863028 color=lorange
scaffold_63 738175 859183 3 9049436 9066206 color=lorange
scaffold_64 973657 990750 2 14024891 14030951 color=lorange
scaffold_64 1206320 1306848 2 12726984 12733309 color=lorange
scaffold_64 1206320 1306848 2 12705277 12724050 color=lorange
scaffold_64 1310452 1328119 2 12736633 12743510 color=lorange
scaffold_65 18423 27935 3 780866 788656 color=lorange
scaffold_65 44133 55250 3 768434 771161 color=lorange
scaffold_65 71956 83650 3 753043 758169 color=lorange
scaffold_65 267540 448080 3 696010 707900 color=lorange
scaffold_65 1001725 1005206 3 421864 423873 color=lorange
scaffold_66 398646 402129 3 421864 423873 color=lorange
scaffold_66 655364 1145716 3 696010 707900 color=lorange
scaffold_66 1308120 1328647 3 753043 758169 color=lorange
scaffold_66 1342794 1356353 3 768434 771161 color=lorange
scaffold_66 1375081 1409887 3 780866 788656 color=lorange
scaffold_67 87047 189704 1 41977056 41992479 color=lorange
scaffold_67 845654 934116 1 42190067 42197829 color=lorange
scaffold_67 845654 934116 1 42164653 42165896 color=lorange
scaffold_68 492946 540448 6 10502051 10506537 color=lorange
scaffold_68 540984 543630 6 10500141 10501838 color=lorange
scaffold_68 712323 742919 6 10502051 10506537 color=lorange
scaffold_68 766989 775161 6 10500141 10501838 color=lorange
scaffold_68 947652 974190 6 10485195 10491453 color=lorange
scaffold_68 996565 1024507 6 10467465 10475302 color=lorange
scaffold_68 1032658 1058192 6 10457272 10463642 color=lorange
scaffold_68 1081737 1103140 6 10442096 10452849 color=lorange
scaffold_68 1250248 1255119 6 10404030 10406715 color=lorange
scaffold_68 1275592 1331891 6 10378057 10379831 color=lorange
scaffold_68 1275592 1331891 6 10394220 10397569 color=lorange
scaffold_68 1333373 1335895 6 10375605 10377370 color=lorange
scaffold_68 1389230 1398461 6 10352999 10356136 color=lorange
scaffold_69 1295696 1370299 5 16968175 16981852 color=lorange
scaffold_70 253038 335860 9 8593037 8609988 color=lorange
scaffold_70 392464 416935 9 9497689 9502651 color=lorange
scaffold_70 392464 416935 9 9499801 9502651 color=lorange
scaffold_70 485530 509270 9 9491758 9494033 color=lorange
scaffold_71 645532 913151 4 3341302 3344188 color=lorange
scaffold_71 645532 913151 4 3269873 3271207 color=lorange
scaffold_71 936887 1026207 4 3212271 3238820 color=lorange
scaffold_71 1107144 1220945 4 3174557 3193557 color=lorange
scaffold_72 88581 95063 1 46912066 46919126 color=lorange
scaffold_72 197082 198728 3 17791905 17806964 color=lorange
scaffold_72 572968 573724 1 47022990 47023745 color=lorange
scaffold_72 617091 622889 1 47040923 47043021 color=lorange
scaffold_72 624157 634858 1 47044636 47046607 color=lorange
scaffold_72 656021 677000 1 47052209 47058107 color=lorange
scaffold_72 681863 688730 1 47059277 47060090 color=lorange
scaffold_72 681863 688730 1 47059277 47060072 color=lorange
scaffold_72 764168 789435 1 24822205 24841632 color=lorange
scaffold_72 809512 846636 1 17665264 17676079 color=lorange
scaffold_73 93992 197492 8 13577072 13581472 color=lorange
scaffold_73 208495 214115 8 13542610 13545506 color=lorange
scaffold_73 208495 214115 8 13542610 13545500 color=lorange
scaffold_73 217434 222184 8 13539845 13541462 color=lorange
scaffold_73 222728 249856 8 13533206 13539217 color=lorange
scaffold_73 289318 290046 8 13522724 13524034 color=lorange
scaffold_73 290680 291972 8 13522724 13524034 color=lorange
scaffold_73 338962 350978 8 13497198 13502205 color=lorange
scaffold_73 534971 637714 8 13577072 13581472 color=lorange
scaffold_73 648201 653643 8 13542610 13545506 color=lorange
scaffold_73 648201 653643 8 13542610 13545500 color=lorange
scaffold_73 658661 663467 8 13539845 13541462 color=lorange
scaffold_73 663331 692112 8 13533206 13539217 color=lorange
scaffold_73 722445 723740 8 13522724 13524034 color=lorange
scaffold_73 733108 733650 8 13528109 13528651 color=lorange
scaffold_73 769006 783297 8 13497198 13502205 color=lorange
scaffold_73 1147031 1243854 8 3320730 3333968 color=lorange
scaffold_73 1147031 1243854 8 3324426 3333968 color=lorange
scaffold_73 1147031 1243854 8 3320730 3324059 color=lorange
scaffold_74 53751 148093 2 2860132 2863335 color=lorange
scaffold_74 390442 888587 2 2891793 2903873 color=lorange
scaffold_74 1046885 1093470 2 4875713 4881945 color=lorange
scaffold_74 1227865 1235114 2 4871202 4873338 color=lorange
scaffold_74 1250578 1272350 2 4843519 4848704 color=lorange
scaffold_74 1286673 1305661 2 4851578 4854869 color=lorange
scaffold_75 1091 13356 7 2299856 2312351 color=lorange
scaffold_75 769506 941972 7 2544467 2550729 color=lorange
scaffold_76 735036 748650 8 26172339 26176775 color=lorange
scaffold_76 752571 753043 8 26180943 26181460 color=lorange
scaffold_76 771805 772692 8 26182100 26182987 color=lorange
scaffold_76 785217 833748 8 26184110 26195305 color=lorange
scaffold_76 945683 1010985 8 26213103 26220436 color=lorange
scaffold_76 1186969 1207637 8 26253431 26257363 color=lorange
scaffold_76 1232448 1239807 8 26260152 26261131 color=lorange
scaffold_77 85553 421229 2 11392440 11414353 color=lorange
scaffold_77 85553 421229 2 11434706 11444690 color=lorange
scaffold_77 479344 504730 2 11465030 11474403 color=lorange
scaffold_77 479344 504730 2 11471433 11474403 color=lorange
scaffold_77 516478 532574 2 34276632 34280570 color=lorange
scaffold_77 516478 532574 3 11081376 11083703 color=lorange
scaffold_77 541452 653245 2 34284695 34285465 color=lorange
scaffold_77 541452 653245 2 34303196 34305351 color=lorange
scaffold_77 671150 710679 2 34312024 34322569 color=lorange
scaffold_77 900261 1136530 2 34383750 34418097 color=lorange
scaffold_77 900261 1136530 2 34441873 34452863 color=lorange
scaffold_79 65781 91861 9 8465835 8470078 color=lorange
scaffold_79 102355 117414 9 9497689 9502651 color=lorange
scaffold_79 102355 117414 9 9499801 9502651 color=lorange
scaffold_79 175188 204096 9 9491758 9494033 color=lorange
scaffold_81 167 26578 1 31144270 31147347 color=lorange
scaffold_81 319110 321034 1 31241693 31243450 color=lorange
scaffold_81 324660 391630 1 31244269 31252984 color=lorange
scaffold_81 397163 414216 1 31254886 31258142 color=lorange
scaffold_81 677706 789611 1 31323098 31323622 color=lorange
scaffold_81 677706 789611 1 31345428 31359975 color=lorange
scaffold_82 98786 106290 8 20397877 20402010 color=lorange
scaffold_82 125467 137882 8 20356511 20369125 color=lorange
scaffold_82 146189 156801 8 20348680 20353592 color=lorange
scaffold_82 163411 218910 8 20330716 20341026 color=lorange
scaffold_83 1110329 1142514 X 17240199 17244709 color=acen
scaffold_85 544924 602297 7 11120794 11139124 color=lorange
scaffold_85 734193 752966 7 11096104 11102755 color=lorange
scaffold_85 782643 805576 7 11096104 11102755 color=lorange
scaffold_85 918477 979244 7 11120794 11139124 color=lorange
scaffold_85 1052871 1059770 7 9617010 9623382 color=lorange
scaffold_86 583870 593330 1 45021295 45025738 color=lorange
scaffold_86 936900 964768 1 45079306 45083326 color=lorange
scaffold_87 232097 266335 1 28798865 28811860 color=lorange
scaffold_87 642177 663614 1 28943755 28949265 color=lorange
scaffold_87 672325 678403 1 28955599 28958098 color=lorange
scaffold_87 678884 680886 1 28958568 28960072 color=lorange
scaffold_87 688120 702697 1 28961615 28967285 color=lorange
scaffold_87 704348 709366 1 28968641 28971333 color=lorange
scaffold_88 512440 562214 9 17247753 17251446 color=lorange
scaffold_88 580690 581891 9 17268879 17272125 color=lorange
scaffold_88 701370 737778 9 17307378 17311795 color=lorange
scaffold_89 229663 238939 8 4385026 4386898 color=lorange
scaffold_89 248047 383025 8 4370118 4382886 color=lorange
scaffold_89 248047 383025 8 4361317 4365584 color=lorange
scaffold_89 305507 305908 8 4367041 4367370 color=lorange
scaffold_89 889129 890862 8 4234763 4236475 color=lorange
scaffold_90 76262 270209 9 6106483 6124133 color=lorange
scaffold_90 291694 294516 9 6163475 6166357 color=lorange
scaffold_90 296908 707483 9 6168583 6171094 color=lorange
scaffold_92 30464 39757 9 22015332 22016903 color=lorange
scaffold_92 66001 86049 9 25560974 25566533 color=lorange
scaffold_92 88564 122146 9 25575065 25576823 color=lorange
scaffold_92 88564 122146 9 25567946 25570265 color=lorange
scaffold_92 145078 161029 9 25586168 25587999 color=lorange
scaffold_92 145078 161029 9 25586177 25587999 color=lorange
scaffold_92 161609 192564 9 25588600 25593502 color=lorange
scaffold_92 242161 252545 9 25603502 25610185 color=lorange
scaffold_92 314049 476985 9 25619409 25623743 color=lorange
scaffold_92 314049 476985 9 25650757 25651008 color=lorange
scaffold_93 218937 263411 6 33808114 33818182 color=lorange
scaffold_93 292246 319700 6 33793243 33802190 color=lorange
scaffold_93 322046 338653 6 33786158 33790061 color=lorange
scaffold_93 404571 497817 6 34117462 34120158 color=lorange
scaffold_93 521083 538057 6 34104155 34109205 color=lorange
scaffold_93 780950 786924 6 23556138 23564568 color=lorange
scaffold_93 793467 872219 6 23601474 23603826 color=lorange
scaffold_94 219792 313454 6 5880223 5897158 color=lorange
scaffold_94 825084 835590 6 5936211 5937446 color=lorange
scaffold_96 1528 16165 8 12106200 12112503 color=lorange
scaffold_96 134025 182657 8 12051445 12059690 color=lorange
scaffold_96 203758 226634 8 12037048 12048975 color=lorange
scaffold_96 281079 310637 8 12015290 12020036 color=lorange
scaffold_96 281079 310637 8 12015290 12020024 color=lorange
scaffold_96 367831 402013 8 11986581 11993354 color=lorange
scaffold_97 17628 27136 1 41977056 41992479 color=lorange
scaffold_97 47786 289267 1 43300585 43305033 color=lorange
scaffold_98 354152 354415 2 40767546 40770080 color=lorange
scaffold_98 438491 438919 4 30976360 30976782 color=lorange
scaffold_98 608535 618987 4 30897595 30901597 color=lorange
scaffold_98 836522 849892 4 30815212 30820092 color=lorange
scaffold_99 100540 115555 8 3381843 3385304 color=lorange
scaffold_99 117724 119119 8 3386168 3387532 color=lorange
scaffold_99 189345 195812 8 3413594 3416041 color=lorange
scaffold_99 419013 427022 8 3314743 3317762 color=lorange
scaffold_99 429524 430038 8 3313739 3314249 color=lorange
scaffold_99 431714 436222 8 3310707 3312456 color=lorange
scaffold_99 491387 521731 8 3302950 3307447 color=lorange
scaffold_101 108532 146148 5 723385 730435 color=lorange
scaffold_101 155017 176237 5 731375 734601 color=lorange
scaffold_101 176992 291309 5 761624 763887 color=lorange
scaffold_101 316678 350948 5 768304 773768 color=lorange
scaffold_101 357372 399666 5 779300 789160 color=lorange
scaffold_101 418149 434423 5 789700 793411 color=lorange
scaffold_102 536097 584743 9 1580855 1597584 color=lorange
scaffold_102 590107 601485 9 7837766 7839750 color=lorange
scaffold_103 187070 188194 X 8403676 8404886 color=blue
scaffold_108 151873 223002 3 35228729 35245902 color=lorange
scaffold_108 453724 478082 3 35144388 35155574 color=lorange
scaffold_108 487855 514244 3 35121894 35138120 color=lorange
scaffold_108 560623 563568 3 36903385 36906646 color=lorange
scaffold_111 85150 98134 2 21137431 21141494 color=lorange
scaffold_111 181377 186063 2 9409324 9411769 color=lorange
scaffold_111 199480 204725 2 21065489 21069762 color=lorange
scaffold_111 209192 228446 2 21050626 21063696 color=lorange
scaffold_111 319273 325326 2 21029226 21030671 color=lorange
scaffold_111 325998 329989 2 21026525 21028404 color=lorange
scaffold_111 345901 351865 2 21019343 21022460 color=lorange
scaffold_111 385749 388589 2 21471151 21472856 color=lorange
scaffold_111 385749 388589 2 21471163 21472856 color=lorange
scaffold_113 89806 96140 4 25504763 25507248 color=lorange
scaffold_113 98518 99078 4 25501174 25501734 color=lorange
scaffold_113 170558 200740 4 25469510 25482376 color=lorange
scaffold_113 238324 509982 4 25406377 25460822 color=lorange
scaffold_113 612746 634353 4 25334639 25338121 color=lorange
scaffold_114 38994 58380 7 19720688 19726807 color=lorange
scaffold_114 82866 115035 7 19703445 19712877 color=lorange
scaffold_114 82866 115035 7 19699921 19700914 color=lorange
scaffold_116 334249 591326 7 34575914 34578376 color=lorange
scaffold_117 18826 51218 7 2153601 2162281 color=lorange
scaffold_117 114255 181584 7 2184736 2186997 color=lorange
scaffold_117 200313 215285 7 2206028 2213448 color=lorange
scaffold_121 25156 43867 3 16508483 16511078 color=lorange
scaffold_122 44490 58326 2 39148730 39153139 color=lorange
scaffold_122 293499 320136 2 39208964 39217970 color=lorange
scaffold_123 29870 32768 4 16033412 16035136 color=lorange
scaffold_124 58930 76240 5 31085751 31091454 color=lorange
scaffold_124 81427 104457 5 31094812 31102224 color=lorange
scaffold_124 198722 206444 5 31062514 31068673 color=lorange
scaffold_127 208181 376150 9 25619409 25623743 color=lorange
scaffold_127 208181 376150 9 25650757 25651008 color=lorange
scaffold_128 393159 414218 9 19754045 19757930 color=lorange
scaffold_130 53094 55084 7 34098033 34099534 color=lorange
scaffold_130 300366 304836 7 34098033 34099534 color=lorange
scaffold_130 387627 421877 7 34043201 34048387 color=lorange
scaffold_131 252492 294332 4 36082471 36100551 color=lorange
scaffold_131 326432 365432 4 36059026 36068322 color=lorange
scaffold_133 245556 262661 3 29698334 29710265 color=lorange
scaffold_133 315316 329409 3 29638622 29647426 color=lorange
scaffold_133 315365 359112 3 29638622 29647426 color=lorange
scaffold_134 72374 238669 7 6459173 6466425 color=lorange
scaffold_134 72374 238669 7 6399237 6399659 color=lorange
scaffold_135 105768 240936 8 19903144 19933921 color=lorange
scaffold_135 105768 240936 8 19895386 19896928 color=lorange
scaffold_135 105768 240936 8 19942941 19943315 color=lorange
scaffold_135 261392 279386 8 19953847 19964833 color=lorange
scaffold_136 1456 5156 9 21799210 21802442 color=lorange
scaffold_136 244306 342824 9 21718250 21753948 color=lorange
scaffold_138 279093 300156 3 8842912 8851654 color=lorange
scaffold_138 305395 306686 3 8855920 8857395 color=lorange
scaffold_138 310438 312535 3 8861125 8863028 color=lorange
scaffold_139 1434 33668 9 359913 369506 color=lorange
scaffold_139 72716 76736 9 25735498 25739610 color=lorange
scaffold_141 281788 307139 9 4469142 4479796 color=lorange
scaffold_144 216210 267999 8 13717236 13726760 color=lorange
scaffold_144 292024 294376 8 13728810 13733757 color=lorange
scaffold_144 292024 294376 8 13738918 13744197 color=lorange
scaffold_144 292024 294376 1 10686970 10698111 color=lorange
scaffold_144 292024 294376 8 13717236 13726760 color=lorange
scaffold_145 190668 202083 1 47708682 47713654 color=lorange
scaffold_145 232131 257402 1 47690669 47696335 color=lorange
scaffold_145 277909 297363 1 31132510 31139606 color=lorange
scaffold_145 277909 297363 1 31140305 31143571 color=lorange
scaffold_153 162814 184299 8 1760473 1763904 color=lorange
scaffold_155 108658 109548 4 15784206 15785096 color=lorange
scaffold_157 58759 60762 4 33984083 33985211 color=lorange
scaffold_157 87160 109322 4 34403308 34411694 color=lorange
scaffold_157 189526 191246 4 34372266 34372835 color=lorange
scaffold_159 67605 69592 4 33984083 33985211 color=lorange
scaffold_159 90495 119188 4 34403308 34411694 color=lorange
scaffold_159 193256 194975 4 34372266 34372835 color=lorange
scaffold_160 18452 23722 1 29456760 29458992 color=lorange
scaffold_162 23814 40857 2 12645630 12651028 color=lorange
scaffold_162 48429 169384 2 13983313 13996214 color=lorange
scaffold_166 44223 68249 2 32265400 32266271 color=lorange
scaffold_174 172215 181727 9 21799210 21802442 color=lorange
scaffold_176 23902 56634 3 4295564 4308628 color=lorange
scaffold_176 116047 181428 3 4335857 4360458 color=lorange
scaffold_195 27062 54039 6 9471419 9478253 color=lorange
scaffold_195 89886 91614 6 9490334 9492050 color=lorange
scaffold_197 60814 152693 2 7420331 7433201 color=lorange
scaffold_198 114200 159104 2 2987379 3008270 color=lorange
scaffold_200 104523 110833 7 9357342 9361097 color=lorange
scaffold_212 2433 31659 9 21053772 21063872 color=lorange
scaffold_212 84937 121458 9 21075656 21086987 color=lorange
scaffold_222 23733 35792 8 4545596 4548626 color=lorange
scaffold_222 40758 41432 8 4569147 4569821 color=lorange
scaffold_231 15618 98274 9 1320229 1333225 color=lorange
scaffold_247 63362 89520 2 3423429 3430644 color=lorange
scaffold_249 15786 16196 1 41949916 41951601 color=lorange
scaffold_249 19830 20204 5 4126189 4126967 color=lorange
scaffold_320 40065 50494 9 7837766 7839750 color=lorange
scaffold_332 3262 13359 X 21392430 21397003 color=lorange
scaffold_332 14539 24142 X 21382083 21391782 color=lorange
scaffold_365 5579 6764 1 43214710 43215980 color=lorange
scaffold_371 22564 26189 5 14066957 14068511 color=lorange
scaffold_406 15094 41674 9 22862406 22870559 color=lorange
scaffold_472 11289 32415 1 25354727 25361719 color=lorange
scaffold_558 8187 29390 5 37865225 37881790 color=lorange
scaffold_558 8187 29390 5 37865225 37881790 color=lorange
scaffold_576 1678 11321 1 13168960 13181559 color=lorange
scaffold_576 28914 29273 1 13190530 13190893 color=lorange
scaffold_721 11381 16580 4 25729980 25733749 color=lorange
scaffold_731 6968 9568 2 14039649 14047373 color=lorange
