A_obtectus	chromosome	D_carinulata	chromosome
anno1.g1.t1	A	rna-XM_057799372.1	A
anno1.g2.t1	A	rna-XM_057808275.1	A
anno1.g3.t1	A	rna-XM_057798049.1	A
anno1.g4.t1	A	rna-XM_057798050.1	A
anno1.g5.t1	A	rna-XM_057799202.1	A
anno1.g6.t1	A	rna-XM_057796746.1	A
anno1.g7.t7	A	rna-XM_057799546.1	A
anno1.g10.t1	A	rna-XM_057806935.1	A
anno1.g11.t1	A	rna-XM_057799566.1	A
anno1.g12.t1	A	rna-XM_057798091.1	A
anno1.g14.t1	A	rna-XM_057796787.1	A
anno1.g17.t1	A	rna-XM_057796213.1	A
anno1.g18.t1	A	rna-XM_057795836.1	A
anno1.g19.t1	A	rna-XM_057796139.1	A
anno1.g20.t1	A	rna-XM_057795854.1	A
anno1.g21.t1	A	rna-XM_057796216.1	A
anno1.g22.t1	A	rna-XM_057796206.1	A
anno1.g23.t1	A	rna-XM_057798530.1	A
anno1.g24.t1	A	rna-XM_057797101.1	A
anno1.g25.t1	A	rna-XM_057800483.1	A
anno1.g29.t2	A	rna-XM_057800508.1	A
anno1.g37.t1	A	rna-XM_057808582.1	A
anno1.g38.t1	A	rna-XM_057811104.1	A
anno1.g39.t2	A	rna-XM_057816488.1	A
anno1.g40.t1	A	rna-XM_057816487.1	A
anno1.g43.t1	A	rna-XM_057811483.1	A
anno1.g44.t2	A	rna-XM_057799398.1	A
anno1.g46.t1	A	rna-XM_057800504.1	A
anno1.g47.t1	A	rna-XM_057800507.1	A
anno1.g54.t1	A	rna-XM_057799031.1	A
anno1.g55.t1	A	rna-XM_057806941.1	A
anno1.g56.t1	A	rna-XM_057806724.1	A
anno1.g57.t1	A	rna-XM_057807069.1	A
anno1.g58.t1	A	rna-XM_057796455.1	A
anno1.g61.t1	A	rna-XM_057796884.1	A
anno1.g62.t1	A	rna-XM_057796887.1	A
anno1.g63.t1	A	rna-XM_057796353.1	A
anno1.g64.t1	A	rna-XM_057801402.1	A
anno1.g65.t1	A	rna-XM_057816160.1	A
anno1.g66.t1	A	rna-XM_057799246.1	A
anno1.g67.t1	A	rna-XM_057808576.1	A
anno1.g69.t1	A	rna-XM_057799248.1	A
anno1.g70.t1	A	rna-XM_057799244.1	A
anno1.g71.t1	A	rna-XM_057799240.1	A
anno1.g76.t1	A	rna-XM_057804443.1	A
anno1.g78.t3	A	rna-XM_057813836.1	A
anno1.g81.t1	A	rna-XM_057796221.1	A
anno1.g82.t1	A	rna-XM_057798536.1	A
anno1.g83.t1	A	rna-XM_057796195.1	A
anno1.g85.t1	A	rna-XM_057797950.1	A
anno1.g89.t2	A	rna-XM_057797450.1	A
anno1.g90.t1	A	rna-XM_057803142.1	A
anno1.g91.t1	A	rna-XM_057798922.1	A
anno1.g92.t2	A	rna-XM_057798918.1	A
anno1.g93.t1	A	rna-XM_057798915.1	A
anno1.g94.t1	A	rna-XM_057798914.1	A
anno1.g95.t1	A	rna-XM_057798910.1	A
anno1.g96.t1	A	rna-XM_057798926.1	A
anno1.g97.t1	A	rna-XM_057798924.1	A
anno1.g98.t1	A	rna-XM_057802321.1	A
anno1.g99.t1	A	rna-XM_057811807.1	A
anno1.g100.t1	A	rna-XM_057799358.1	A
anno1.g101.t1	A	rna-XM_057799070.1	A
anno1.g102.t1	A	rna-XM_057801477.1	A
anno1.g104.t1	A	rna-XM_057802495.1	A
anno1.g105.t1	A	rna-XM_057799368.1	A
anno1.g106.t1	A	rna-XM_057799369.1	A
anno1.g107.t1	A	rna-XM_057808921.1	A
anno1.g109.t1	A	rna-XM_057799370.1	A
anno1.g110.t1	A	rna-XM_057797532.1	A
anno1.g111.t1	A	rna-XM_057797911.1	A
anno1.g112.t1	A	rna-XM_057795790.1	A
anno1.g113.t1	A	rna-XM_057797534.1	A
anno1.g114.t1	A	rna-XM_057796264.1	A
anno1.g115.t1	A	rna-XM_057795785.1	A
anno1.g116.t1	A	rna-XM_057795783.1	A
anno1.g117.t1	A	rna-XM_057795907.1	A
anno1.g118.t1	A	rna-XM_057796771.1	A
anno1.g121.t1	A	rna-XM_057795863.1	A
anno1.g123.t1	A	rna-XM_057796002.1	A
anno1.g125.t1	A	rna-XM_057803174.1	A
anno1.g126.t1	A	rna-XM_057796175.1	A
anno1.g130.t1	A	rna-XM_057796154.1	A
anno1.g131.t3	A	rna-XM_057806007.1	A
anno1.g139.t1	A	rna-XM_057802784.1	A
anno1.g149.t1	A	rna-XM_057814016.1	A
anno1.g150.t1	A	rna-XM_057811716.1	A
anno1.g152.t1	A	rna-XM_057802026.1	A
anno1.g153.t1	A	rna-XM_057802167.1	A
anno1.g158.t1	A	rna-XM_057812962.1	A
anno1.g159.t1	A	rna-XM_057800828.1	A
anno1.g161.t1	A	rna-XM_057804330.1	A
anno1.g163.t4	A	rna-XM_057813405.1	A
anno1.g165.t1	A	rna-XM_057812961.1	A
anno1.g166.t1	A	rna-XM_057797544.1	A
anno1.g168.t1	A	rna-XM_057799051.1	A
anno1.g174.t1	A	rna-XM_057802092.1	A
anno1.g175.t1	A	rna-XM_057802018.1	A
anno1.g177.t1	A	rna-XM_057808844.1	A
anno1.g178.t1	A	rna-XM_057808834.1	A
anno1.g179.t1	A	rna-XM_057814937.1	A
anno1.g180.t1	A	rna-XM_057794886.1	A
anno1.g181.t1	A	rna-XM_057796811.1	A
anno1.g183.t1	A	rna-XM_057808842.1	A
anno1.g184.t1	A	rna-XM_057808841.1	A
anno1.g188.t2	A	rna-XM_057805130.1	A
anno1.g189.t1	A	rna-XM_057794938.1	A
anno1.g190.t1	A	rna-XM_057794939.1	A
anno1.g191.t1	A	rna-XM_057794967.1	A
anno1.g192.t1	A	rna-XM_057794966.1	A
anno1.g193.t1	A	rna-XM_057808387.1	A
anno1.g194.t1	A	rna-XM_057799875.1	A
anno1.g197.t2	A	rna-XM_057797003.1	A
anno1.g198.t1	A	rna-XM_057816321.1	A
anno1.g199.t1	A	rna-XM_057802554.1	A
anno1.g200.t1	A	rna-XM_057802558.1	A
anno1.g201.t1	A	rna-XM_057802355.1	A
anno1.g202.t1	A	rna-XM_057802109.1	A
anno1.g204.t1	A	rna-XM_057811085.1	A
anno1.g205.t1	A	rna-XM_057802022.1	A
anno1.g206.t1	A	rna-XM_057812005.1	A
anno1.g207.t2	A	rna-XM_057806141.1	A
anno1.g208.t1	A	rna-XM_057806139.1	A
anno1.g209.t1	A	rna-XM_057806142.1	A
anno1.g210.t1	A	rna-XM_057811619.1	A
anno1.g211.t1	A	rna-XM_057806122.1	A
anno1.g212.t2	A	rna-XM_057812010.1	A
anno1.g213.t2	A	rna-XM_057796630.1	A
anno1.g214.t1	A	rna-XM_057796638.1	A
anno1.g215.t1	A	rna-XM_057796629.1	A
anno1.g216.t1	A	rna-XM_057795503.1	A
anno1.g218.t1	A	rna-XM_057797303.1	A
anno1.g219.t1	A	rna-XM_057797322.1	A
anno1.g220.t1	A	rna-XM_057814661.1	A
anno1.g222.t1	A	rna-XM_057801725.1	A
anno1.g225.t1	A	rna-XM_057799690.1	A
anno1.g226.t1	A	rna-XM_057812006.1	A
anno1.g227.t1	A	rna-XM_057814553.1	A
anno1.g228.t2	A	rna-XM_057813214.1	A
anno1.g229.t1	A	rna-XM_057814547.1	A
anno1.g230.t1	A	rna-XM_057814959.1	A
anno1.g231.t1	A	rna-XM_057795126.1	A
anno1.g232.t1	A	rna-XM_057812009.1	A
anno1.g233.t1	A	rna-XM_057814961.1	A
anno1.g234.t1	A	rna-XM_057812008.1	A
anno1.g235.t1	A	rna-XM_057812963.1	A
anno1.g236.t1	A	rna-XM_057812964.1	A
anno1.g237.t1	A	rna-XM_057816471.1	A
anno1.g238.t1	A	rna-XM_057815583.1	A
anno1.g239.t1	A	rna-XM_057815388.1	A
anno1.g240.t1	A	rna-XM_057800215.1	A
anno1.g241.t1	A	rna-XM_057794997.1	A
anno1.g243.t1	A	rna-XM_057795756.1	A
anno1.g244.t2	A	rna-XM_057798387.1	A
anno1.g250.t2	A	rna-XM_057797276.1	A
anno1.g252.t3	A	rna-XM_057797264.1	A
anno1.g253.t1	A	rna-XM_057796330.1	A
anno1.g255.t1	A	rna-XM_057808064.1	A
anno1.g256.t1	A	rna-XM_057808157.1	A
anno1.g257.t1	A	rna-XM_057797282.1	A
anno1.g267.t1	A	rna-XM_057800560.1	A
anno1.g268.t1	A	rna-XM_057807855.1	A
anno1.g269.t1	A	rna-XM_057808162.1	A
anno1.g273.t1	A	rna-XM_057802963.1	A
anno1.g278.t2	A	rna-XM_057812706.1	A
anno1.g283.t1	A	rna-XM_057811340.1	A
anno1.g286.t1	A	rna-XM_057813491.1	A
anno1.g290.t1	A	rna-XM_057811734.1	A
anno1.g291.t1	A	rna-XM_057811511.1	A
anno1.g297.t1	A	rna-XM_057799050.1	A
anno1.g299.t1	A	rna-XM_057795835.1	A
anno1.g315.t1	A	rna-XM_057800000.1	A
anno1.g316.t1	A	rna-XM_057801031.1	A
anno1.g317.t1	A	rna-XM_057798633.1	A
anno1.g318.t1	A	rna-XM_057798785.1	A
anno1.g319.t1	A	rna-XM_057807234.1	A
anno1.g320.t1	A	rna-XM_057807240.1	A
anno1.g321.t1	A	rna-XM_057807233.1	A
anno1.g323.t1	A	rna-XM_057802965.1	A
anno1.g325.t1	A	rna-XM_057800062.1	A
anno1.g326.t1	A	rna-XM_057799078.1	A
anno1.g327.t1	A	rna-XM_057799076.1	A
anno1.g328.t1	A	rna-XM_057801415.1	A
anno1.g330.t1	A	rna-XM_057814571.1	A
anno1.g331.t1	A	rna-XM_057811726.1	A
anno1.g333.t1	A	rna-XM_057811334.1	A
anno1.g334.t1	A	rna-XM_057811332.1	A
anno1.g336.t1	A	rna-XM_057811342.1	A
anno1.g337.t1	A	rna-XM_057812528.1	A
anno1.g338.t1	A	rna-XM_057812535.1	A
anno1.g340.t2	A	rna-XM_057814458.1	A
anno1.g342.t1	A	rna-XM_057814530.1	A
anno1.g359.t1	A	rna-XM_057798112.1	A
anno1.g360.t2	A	rna-XM_057799774.1	A
anno1.g361.t1	A	rna-XM_057800440.1	A
anno1.g362.t1	A	rna-XM_057805748.1	A
anno1.g365.t1	A	rna-XM_057813989.1	A
anno1.g366.t1	A	rna-XM_057800758.1	A
anno1.g368.t1	A	rna-XM_057814420.1	A
anno1.g370.t2	A	rna-XM_057801026.1	A
anno1.g371.t1	A	rna-XM_057800757.1	A
anno1.g373.t1	A	rna-XM_057811476.1	A
anno1.g375.t2	A	rna-XM_057813064.1	A
anno1.g377.t2	A	rna-XM_057811484.1	A
anno1.g379.t1	A	rna-XM_057800486.1	A
anno1.g380.t1	A	rna-XM_057811467.1	X
anno1.g382.t1	A	rna-XM_057811502.1	X
anno1.g383.t1	A	rna-XM_057796599.1	X
anno1.g384.t1	A	rna-XM_057816872.1	A
anno1.g385.t1	A	rna-XM_057816873.1	A
anno1.g386.t1	A	rna-XM_057816874.1	A
anno1.g387.t3	A	rna-XM_057816876.1	A
anno1.g389.t1	A	rna-XM_057816505.1	A
anno1.g390.t2	A	rna-XM_057815781.1	A
anno1.g392.t1	A	rna-XM_057815891.1	A
anno1.g398.t1	A	rna-XM_057811307.1	A
anno1.g401.t1	A	rna-XM_057811338.1	A
anno1.g405.t2	A	rna-XM_057802214.1	A
anno1.g407.t1	A	rna-XM_057814333.1	A
anno1.g408.t1	A	rna-XM_057814364.1	A
anno1.g409.t1	A	rna-XM_057814362.1	A
anno1.g411.t1	A	rna-XM_057811310.1	A
anno1.g412.t1	A	rna-XM_057811534.1	A
anno1.g414.t1	A	rna-XM_057800795.1	A
anno1.g415.t1	A	rna-XM_057799200.1	A
anno1.g416.t1	A	rna-XM_057813521.1	A
anno1.g417.t1	A	rna-XM_057806911.1	A
anno1.g418.t2	A	rna-XM_057809526.1	A
anno1.g419.t1	A	rna-XM_057812623.1	A
anno1.g420.t1	A	rna-XM_057812622.1	A
anno1.g421.t1	A	rna-XM_057803724.1	X
anno1.g424.t1	A	rna-XM_057801000.1	A
anno1.g428.t1	A	rna-XM_057806153.1	A
anno1.g429.t1	A	rna-XM_057810296.1	A
anno1.g438.t2	A	rna-XM_057811616.1	A
anno1.g444.t1	A	rna-XM_057804709.1	A
anno1.g445.t1	A	rna-XM_057814867.1	A
anno1.g446.t1	A	rna-XM_057806652.1	A
anno1.g447.t1	A	rna-XM_057810783.1	A
anno1.g448.t1	A	rna-XM_057811615.1	A
anno1.g449.t1	A	rna-XM_057811609.1	A
anno1.g450.t1	A	rna-XM_057811618.1	A
anno1.g453.t2	A	rna-XM_057813828.1	A
anno1.g458.t1	A	rna-XM_057806914.1	A
anno1.g459.t1	A	rna-XM_057812912.1	A
anno1.g461.t2	A	rna-XM_057805176.1	A
anno1.g464.t1	A	rna-XM_057802201.1	A
anno1.g466.t2	A	rna-XM_057804517.1	A
anno1.g469.t1	A	rna-XM_057804563.1	A
anno1.g470.t1	A	rna-XM_057800665.1	A
anno1.g471.t1	A	rna-XM_057801416.1	A
anno1.g472.t1	A	rna-XM_057799910.1	A
anno1.g473.t2	A	rna-XM_057799922.1	A
anno1.g475.t1	A	rna-XM_057800286.1	A
anno1.g476.t1	A	rna-XM_057810059.1	X
anno1.g478.t1	A	rna-XM_057810188.1	A
anno1.g479.t1	A	rna-XM_057805755.1	A
anno1.g482.t4	A	rna-XM_057800477.1	A
anno1.g483.t1	A	rna-XM_057805738.1	X
anno1.g485.t1	A	rna-XM_057806464.1	X
anno1.g487.t1	A	rna-XM_057798850.1	A
anno1.g491.t1	A	rna-XM_057814812.1	A
anno1.g493.t2	A	rna-XM_057796429.1	A
anno1.g494.t1	A	rna-XM_057800587.1	A
anno1.g496.t1	A	rna-XM_057800109.1	A
anno1.g499.t2	A	rna-XM_057804930.1	A
anno1.g511.t1	A	rna-XM_057799853.1	A
anno1.g512.t1	A	rna-XM_057804456.1	A
anno1.g515.t2	A	rna-XM_057815563.1	A
anno1.g518.t1	A	rna-XM_057800818.1	A
anno1.g519.t1	A	rna-XM_057800544.1	A
anno1.both_agree_g3233.t2	A	rna-XM_057795478.1	A
anno1.g521.t1	A	rna-XM_057800399.1	A
anno1.g522.t1	A	rna-XM_057801372.1	A
anno1.g523.t1	A	rna-XM_057797931.1	A
anno1.g524.t2	A	rna-XM_057797404.1	A
anno1.g525.t1	A	rna-XM_057797406.1	A
anno1.g526.t1	A	rna-XM_057804489.1	A
anno1.g528.t1	A	rna-XM_057810097.1	A
anno1.g531.t1	A	rna-XM_057804384.1	A
anno1.g533.t1	A	rna-XM_057813230.1	A
anno1.g536.t1	A	rna-XM_057813228.1	A
anno1.g537.t1	A	rna-XM_057812496.1	A
anno1.g538.t1	A	rna-XM_057806596.1	A
anno1.g540.t2	A	rna-XM_057805935.1	A
anno1.g542.t1	A	rna-XM_057806018.1	A
anno1.g544.t2	A	rna-XM_057800871.1	A
anno1.g545.t2	A	rna-XM_057797881.1	A
anno1.g547.t1	A	rna-XM_057806910.1	A
anno1.g548.t1	A	rna-XM_057809494.1	A
anno1.g549.t2	A	rna-XM_057804902.1	A
anno1.g550.t1	A	rna-XM_057797424.1	A
anno1.g553.t1	A	rna-XM_057814326.1	A
anno1.g554.t1	A	rna-XM_057814327.1	A
anno1.g555.t2	A	rna-XM_057797422.1	A
anno1.g558.t1	A	rna-XM_057795875.1	X
anno1.g559.t1	A	rna-XM_057795839.1	X
anno1.g560.t2	A	rna-XM_057795919.1	X
anno1.g561.t1	A	rna-XM_057795909.1	X
anno1.g563.t2	A	rna-XM_057795511.1	X
anno1.g566.t1	A	rna-XM_057804621.1	A
anno1.g573.t1	A	rna-XM_057811110.1	A
anno1.g574.t1	A	rna-XM_057811102.1	A
anno1.g575.t1	A	rna-XM_057800128.1	A
anno1.g582.t1	A	rna-XM_057813411.1	A
anno1.g584.t1	A	rna-XM_057815132.1	A
anno1.g588.t1	A	rna-XM_057812147.1	A
anno1.g590.t2	A	rna-XM_057812150.1	A
anno1.g592.t2	A	rna-XM_057812148.1	A
anno1.g594.t2	A	rna-XM_057812146.1	A
anno1.g595.t1	A	rna-XM_057812141.1	A
anno1.g596.t1	A	rna-XM_057814582.1	A
anno1.g598.t1	A	rna-XM_057811329.1	A
anno1.g599.t1	A	rna-XM_057814367.1	A
anno1.g600.t1	A	rna-XM_057814365.1	A
anno1.g601.t1	A	rna-XM_057814093.1	A
anno1.g602.t1	A	rna-XM_057814092.1	A
anno1.g603.t1	A	rna-XM_057800820.1	A
anno1.g604.t1	A	rna-XM_057811203.1	A
anno1.g605.t1	A	rna-XM_057800093.1	A
anno1.g606.t1	A	rna-XM_057813715.1	A
anno1.g607.t2	A	rna-XM_057800654.1	A
anno1.g608.t1	A	rna-XM_057813328.1	A
anno1.g609.t1	A	rna-XM_057813387.1	A
anno1.g610.t1	A	rna-XM_057813386.1	A
anno1.g611.t2	A	rna-XM_057811457.1	A
anno1.g612.t1	A	rna-XM_057812897.1	A
anno1.g614.t1	A	rna-XM_057795045.1	A
anno1.g618.t1	A	rna-XM_057812874.1	A
anno1.g619.t1	A	rna-XM_057812865.1	A
anno1.g623.t1	A	rna-XM_057812889.1	A
anno1.g624.t1	A	rna-XM_057812890.1	A
anno1.g626.t1	A	rna-XM_057811455.1	A
anno1.g627.t1	A	rna-XM_057815942.1	A
anno1.g628.t1	A	rna-XM_057811114.1	A
anno1.g629.t2	A	rna-XM_057809280.1	A
anno1.g630.t1	A	rna-XM_057813643.1	A
anno1.g633.t1	A	rna-XM_057811452.1	A
anno1.g634.t1	A	rna-XM_057813724.1	A
anno1.g635.t1	A	rna-XM_057797933.1	A
anno1.g636.t1	A	rna-XM_057797491.1	A
anno1.g637.t1	A	rna-XM_057800824.1	A
anno1.g638.t2	A	rna-XM_057800829.1	A
anno1.g639.t1	A	rna-XM_057800825.1	A
anno1.g640.t2	A	rna-XM_057797131.1	A
anno1.g641.t1	A	rna-XM_057797633.1	A
anno1.g642.t1	A	rna-XM_057811645.1	A
anno1.g644.t1	A	rna-XM_057811648.1	A
anno1.g646.t1	A	rna-XM_057811644.1	A
anno1.g649.t1	A	rna-XM_057812094.1	A
anno1.g650.t2	A	rna-XM_057813446.1	A
anno1.g651.t5	A	rna-XM_057813443.1	A
anno1.g652.t2	A	rna-XM_057812085.1	A
anno1.g654.t1	A	rna-XM_057810969.1	A
anno1.g656.t2	A	rna-XM_057806439.1	A
anno1.g660.t2	A	rna-XM_057812858.1	A
anno1.g661.t1	A	rna-XM_057801699.1	A
anno1.g666.t1	A	rna-XM_057810972.1	A
anno1.g676.t1	A	rna-XM_057803324.1	A
anno1.g685.t2	A	rna-XM_057814113.1	A
anno1.g691.t1	A	rna-XM_057811119.1	A
anno1.g693.t4	A	rna-XM_057810320.1	A
anno1.g694.t2	A	rna-XM_057810302.1	A
anno1.g697.t1	A	rna-XM_057810297.1	A
anno1.g699.t1	A	rna-XM_057801350.1	X
anno1.g700.t1	A	rna-XM_057801419.1	X
anno1.g701.t1	A	rna-XM_057812448.1	A
anno1.g703.t1	A	rna-XM_057813316.1	A
anno1.g704.t1	A	rna-XM_057814560.1	A
anno1.g705.t1	A	rna-XM_057816115.1	A
anno1.g707.t1	A	rna-XM_057811095.1	A
anno1.g708.t1	A	rna-XM_057811097.1	A
anno1.g709.t1	A	rna-XM_057806674.1	A
anno1.g710.t1	A	rna-XM_057806668.1	A
anno1.g711.t1	A	rna-XM_057796161.1	A
anno1.g712.t3	A	rna-XM_057813165.1	A
anno1.g713.t1	A	rna-XM_057813477.1	A
anno1.g715.t2	A	rna-XM_057810368.1	A
anno1.g717.t1	A	rna-XM_057815034.1	A
anno1.g718.t1	A	rna-XM_057813834.1	A
anno1.g719.t1	A	rna-XM_057806414.1	A
anno1.g721.t1	A	rna-XM_057803297.1	A
anno1.g722.t1	A	rna-XM_057812651.1	A
anno1.g723.t1	A	rna-XM_057812257.1	A
anno1.g724.t2	A	rna-XM_057799389.1	A
anno1.g725.t1	A	rna-XM_057795306.1	A
anno1.g726.t4	A	rna-XM_057811333.1	X
anno1.g727.t1	A	rna-XM_057800772.1	A
anno1.g728.t1	A	rna-XM_057811488.1	X
anno1.g729.t1	A	rna-XM_057814993.1	A
anno1.g730.t1	A	rna-XM_057816538.1	A
anno1.g731.t1	A	rna-XM_057807303.1	A
anno1.g733.t1	A	rna-XM_057807460.1	A
anno1.g734.t2	A	rna-XM_057807342.1	A
anno1.g735.t1	A	rna-XM_057801807.1	A
anno1.g737.t1	A	rna-XM_057815557.1	A
anno1.g738.t1	A	rna-XM_057807306.1	A
anno1.g739.t1	A	rna-XM_057806855.1	A
anno1.g741.t2	A	rna-XM_057797317.1	A
anno1.g742.t1	A	rna-XM_057798420.1	A
anno1.g743.t1	A	rna-XM_057802701.1	A
anno1.g747.t1	A	rna-XM_057802702.1	A
anno1.g748.t1	A	rna-XM_057802708.1	A
anno1.g752.t1	A	rna-XM_057795969.1	X
anno1.g753.t1	A	rna-XM_057813519.1	X
anno1.g754.t1	A	rna-XM_057813539.1	X
anno1.g757.t1	A	rna-XM_057797557.1	A
anno1.g758.t1	A	rna-XM_057807114.1	A
anno1.g759.t1	A	rna-XM_057813928.1	A
anno1.g760.t1	A	rna-XM_057814020.1	A
anno1.g761.t1	A	rna-XM_057813926.1	A
anno1.g762.t1	A	rna-XM_057800780.1	A
anno1.g764.t1	A	rna-XM_057800775.1	A
anno1.g765.t1	A	rna-XM_057800781.1	A
anno1.g766.t1	A	rna-XM_057809315.1	A
anno1.g769.t1	A	rna-XM_057802041.1	A
anno1.g770.t1	A	rna-XM_057812339.1	A
anno1.g771.t1	A	rna-XM_057813617.1	A
anno1.g772.t1	A	rna-XM_057801486.1	X
anno1.g773.t1	A	rna-XM_057809100.1	A
anno1.g774.t1	A	rna-XM_057810418.1	X
anno1.g781.t1	A	rna-XM_057809093.1	A
anno1.g782.t2	A	rna-XM_057809094.1	A
anno1.g784.t1	A	rna-XM_057806443.1	A
anno1.g785.t1	A	rna-XM_057809274.1	A
anno1.g786.t1	A	rna-XM_057809276.1	A
anno1.g790.t1	A	rna-XM_057811325.1	A
anno1.g793.t1	A	rna-XM_057812993.1	A
anno1.g794.t1	A	rna-XM_057812809.1	A
anno1.g797.t1	A	rna-XM_057812859.1	A
anno1.g799.t1	A	rna-XM_057812860.1	A
anno1.g802.t2	A	rna-XM_057812855.1	A
anno1.g803.t1	A	rna-XM_057812875.1	A
anno1.g804.t2	A	rna-XM_057799068.1	A
anno1.g805.t1	A	rna-XM_057799067.1	A
anno1.g806.t1	A	rna-XM_057798520.1	A
anno1.g807.t1	A	rna-XM_057802016.1	A
anno1.g808.t1	A	rna-XM_057802427.1	A
anno1.g809.t1	A	rna-XM_057802429.1	A
anno1.g810.t1	A	rna-XM_057802413.1	A
anno1.g811.t1	A	rna-XM_057802388.1	A
anno1.g813.t1	A	rna-XM_057805756.1	A
anno1.g814.t1	A	rna-XM_057800402.1	A
anno1.g815.t1	A	rna-XM_057811297.1	A
anno1.g816.t1	A	rna-XM_057812896.1	A
anno1.g820.t1	A	rna-XM_057814109.1	A
anno1.g821.t1	A	rna-XM_057811755.1	A
anno1.g822.t4	A	rna-XM_057795443.1	A
anno1.g823.t1	A	rna-XM_057809103.1	A
anno1.g825.t1	A	rna-XM_057806945.1	A
anno1.g826.t1	A	rna-XM_057816629.1	A
anno1.g828.t1	A	rna-XM_057816755.1	A
anno1.g829.t1	A	rna-XM_057816747.1	A
anno1.g830.t1	A	rna-XM_057797408.1	A
anno1.g833.t4	A	rna-XM_057800060.1	A
anno1.g841.t1	A	rna-XM_057806650.1	A
anno1.g842.t1	A	rna-XM_057814970.1	A
anno1.g843.t1	A	rna-XM_057811462.1	A
anno1.g844.t1	A	rna-XM_057810073.1	A
anno1.g845.t2	A	rna-XM_057795862.1	X
anno1.g846.t1	A	rna-XM_057807042.1	X
anno1.g847.t2	A	rna-XM_057808967.1	A
anno1.g848.t1	A	rna-XM_057803979.1	X
anno1.g849.t1	A	rna-XM_057805074.1	A
anno1.g853.t1	A	rna-XM_057798473.1	A
anno1.g854.t1	A	rna-XM_057798818.1	A
anno1.g857.t2	A	rna-XM_057795749.1	A
anno1.g860.t1	A	rna-XM_057795768.1	A
anno1.g869.t1	A	rna-XM_057816568.1	A
anno1.g873.t1	A	rna-XM_057796400.1	X
anno1.g875.t1	A	rna-XM_057816566.1	A
anno1.g879.t1	A	rna-XM_057795765.1	A
anno1.g881.t1	A	rna-XM_057795752.1	A
anno1.g884.t1	A	rna-XM_057795763.1	A
anno1.g885.t2	A	rna-XM_057795767.1	A
anno1.g886.t1	A	rna-XM_057795851.1	A
anno1.g887.t2	A	rna-XM_057795916.1	A
anno1.g888.t1	A	rna-XM_057799340.1	A
anno1.g889.t1	A	rna-XM_057799576.1	A
anno1.g890.t1	A	rna-XM_057812472.1	A
anno1.g891.t1	A	rna-XM_057799575.1	A
anno1.g892.t2	A	rna-XM_057798120.1	A
anno1.g894.t1	A	rna-XM_057799733.1	X
anno1.g895.t2	A	rna-XM_057797469.1	A
anno1.g896.t1	A	rna-XM_057797466.1	A
anno1.g898.t1	A	rna-XM_057797468.1	A
anno1.g899.t1	A	rna-XM_057797971.1	A
anno1.g901.t1	A	rna-XM_057813467.1	A
anno1.g906.t1	A	rna-XM_057807018.1	A
anno1.g909.t1	A	rna-XM_057805067.1	A
anno1.g910.t1	A	rna-XM_057797448.1	A
anno1.g911.t1	A	rna-XM_057796703.1	A
anno1.g912.t2	A	rna-XM_057807487.1	A
anno1.g914.t1	A	rna-XM_057807489.1	A
anno1.g915.t1	A	rna-XM_057802328.1	A
anno1.g916.t3	A	rna-XM_057801259.1	A
anno1.g917.t1	A	rna-XM_057816035.1	A
anno1.g918.t1	A	rna-XM_057807001.1	A
anno1.g920.t1	A	rna-XM_057796471.1	A
anno1.g921.t2	A	rna-XM_057795945.1	A
anno1.g922.t1	A	rna-XM_057802975.1	A
anno1.g924.t1	A	rna-XM_057801720.1	A
anno1.g925.t1	A	rna-XM_057811317.1	A
anno1.g926.t1	A	rna-XM_057802168.1	A
anno1.g927.t1	A	rna-XM_057800003.1	A
anno1.g928.t1	A	rna-XM_057801258.1	A
anno1.g929.t1	A	rna-XM_057795036.1	A
anno1.g937.t1	A	rna-XM_057815760.1	A
anno1.g938.t1	A	rna-XM_057815561.1	A
anno1.g941.t1	A	rna-XM_057815606.1	A
anno1.g944.t1	A	rna-XM_057805500.1	A
anno1.g945.t1	A	rna-XM_057815943.1	A
anno1.g947.t1	A	rna-XM_057795009.1	A
anno1.g949.t1	A	rna-XM_057795559.1	A
anno1.g950.t2	A	rna-XM_057795789.1	A
anno1.g951.t1	A	rna-XM_057795561.1	A
anno1.g952.t2	A	rna-XM_057813345.1	A
anno1.g953.t1	A	rna-XM_057807770.1	A
anno1.g954.t1	A	rna-XM_057806440.1	A
anno1.g956.t2	A	rna-XM_057801246.1	A
anno1.g957.t1	A	rna-XM_057801250.1	A
anno1.g960.t1	A	rna-XM_057795038.1	A
anno1.g961.t1	A	rna-XM_057795023.1	A
anno1.g967.t1	A	rna-XM_057813177.1	A
anno1.g968.t1	A	rna-XM_057804753.1	A
anno1.g969.t1	A	rna-XM_057814844.1	A
anno1.g970.t2	A	rna-XM_057806614.1	A
anno1.g972.t1	A	rna-XM_057807547.1	A
anno1.g973.t1	A	rna-XM_057807554.1	A
anno1.g974.t1	A	rna-XM_057802983.1	A
anno1.g977.t5	A	rna-XM_057802987.1	A
anno1.g978.t1	A	rna-XM_057801718.1	A
anno1.g979.t1	A	rna-XM_057801719.1	A
anno1.g984.t1	A	rna-XM_057801721.1	A
anno1.g985.t1	A	rna-XM_057795522.1	A
anno1.g986.t1	A	rna-XM_057803897.1	A
anno1.g987.t1	A	rna-XM_057809484.1	A
anno1.g991.t1	A	rna-XM_057800194.1	A
anno1.g994.t1	A	rna-XM_057799839.1	A
anno1.g995.t1	A	rna-XM_057799834.1	A
anno1.g1001.t1	A	rna-XM_057799290.1	A
anno1.g1006.t1	A	rna-XM_057814584.1	A
anno1.g1009.t1	A	rna-XM_057809102.1	A
anno1.g1010.t1	A	rna-XM_057796624.1	A
anno1.g1011.t1	A	rna-XM_057799529.1	A
anno1.g1016.t2	A	rna-XM_057796360.1	A
anno1.g1018.t2	A	rna-XM_057812438.1	A
anno1.g1020.t1	A	rna-XM_057815077.1	A
anno1.g1022.t1	A	rna-XM_057811091.1	A
anno1.g1023.t1	A	rna-XM_057811106.1	A
anno1.g1024.t1	A	rna-XM_057811298.1	A
anno1.g1025.t1	A	rna-XM_057815815.1	A
anno1.g1027.t1	A	rna-XM_057813379.1	A
anno1.g1028.t1	A	rna-XM_057810945.1	A
anno1.g1029.t1	A	rna-XM_057794928.1	A
anno1.g1033.t1	A	rna-XM_057813362.1	A
anno1.g1036.t1	A	rna-XM_057814455.1	A
anno1.g1038.t1	A	rna-XM_057815785.1	A
anno1.g1041.t1	A	rna-XM_057812873.1	A
anno1.g1044.t1	A	rna-XM_057812880.1	A
anno1.g1045.t1	A	rna-XM_057812887.1	A
anno1.g1054.t1	A	rna-XM_057798484.1	A
anno1.g1055.t1	A	rna-XM_057813224.1	A
anno1.g1060.t4	A	rna-XM_057811690.1	A
anno1.g1065.t1	A	rna-XM_057810141.1	A
anno1.g1075.t1	A	rna-XM_057805195.1	A
anno1.g1076.t1	A	rna-XM_057813363.1	A
anno1.g1078.t1	A	rna-XM_057814505.1	A
anno1.g1080.t1	A	rna-XM_057813418.1	A
anno1.g1081.t2	A	rna-XM_057814520.1	A
anno1.g1082.t1	A	rna-XM_057814518.1	A
anno1.g1084.t1	A	rna-XM_057798614.1	A
anno1.g1085.t2	A	rna-XM_057803355.1	A
anno1.g1086.t3	A	rna-XM_057799264.1	A
anno1.g1087.t1	A	rna-XM_057799271.1	A
anno1.g1088.t1	A	rna-XM_057799262.1	A
anno1.g1089.t2	A	rna-XM_057798524.1	A
anno1.g1090.t1	A	rna-XM_057798868.1	A
anno1.g1092.t3	A	rna-XM_057798859.1	A
anno1.g1093.t1	A	rna-XM_057798855.1	A
anno1.g1094.t2	A	rna-XM_057806352.1	X
anno1.g1095.t1	A	rna-XM_057810122.1	A
anno1.g1096.t1	A	rna-XM_057795052.1	X
anno1.g1097.t1	A	rna-XM_057813941.1	X
anno1.g1098.t1	A	rna-XM_057813953.1	X
anno1.g1099.t1	A	rna-XM_057813977.1	X
anno1.g1100.t2	A	rna-XM_057805478.1	A
anno1.g1101.t1	A	rna-XM_057797954.1	X
anno1.g1102.t1	A	rna-XM_057797916.1	X
anno1.g1104.t1	A	rna-XM_057809520.1	A
anno1.g1105.t1	A	rna-XM_057806894.1	A
anno1.g1106.t1	A	rna-XM_057803447.1	A
anno1.g1107.t1	A	rna-XM_057796352.1	A
anno1.g1109.t6	A	rna-XM_057811295.1	A
anno1.g1114.t1	A	rna-XM_057813242.1	A
anno1.g1116.t2	A	rna-XM_057804396.1	A
anno1.g1117.t1	A	rna-XM_057807086.1	A
anno1.g1118.t1	A	rna-XM_057807025.1	A
anno1.g1119.t2	A	rna-XM_057806896.1	A
anno1.g1120.t1	A	rna-XM_057806904.1	A
anno1.g1121.t1	A	rna-XM_057800403.1	A
anno1.g1123.t1	A	rna-XM_057802824.1	A
anno1.g1124.t1	A	rna-XM_057800753.1	A
anno1.g1125.t1	A	rna-XM_057804884.1	A
anno1.g1126.t1	A	rna-XM_057801711.1	A
anno1.g1127.t1	A	rna-XM_057801712.1	A
anno1.g1128.t1	A	rna-XM_057811682.1	A
anno1.g1129.t1	A	rna-XM_057814769.1	A
anno1.g1130.t1	A	rna-XM_057801930.1	A
anno1.g1131.t1	A	rna-XM_057801511.1	A
anno1.g1133.t1	A	rna-XM_057800921.1	A
anno1.g1134.t1	A	rna-XM_057801506.1	A
anno1.g1135.t2	A	rna-XM_057803281.1	A
anno1.g1136.t1	A	rna-XM_057796763.1	A
anno1.g1137.t3	A	rna-XM_057812782.1	A
anno1.g1138.t3	A	rna-XM_057803283.1	A
anno1.g1139.t1	A	rna-XM_057803285.1	A
anno1.g1140.t1	A	rna-XM_057802966.1	A
anno1.g1141.t2	A	rna-XM_057810624.1	A
anno1.g1142.t1	A	rna-XM_057802416.1	A
anno1.g1143.t1	A	rna-XM_057795841.1	A
anno1.g1144.t1	A	rna-XM_057795845.1	A
anno1.g1146.t1	A	rna-XM_057798398.1	A
anno1.g1147.t1	A	rna-XM_057803235.1	A
anno1.g1148.t1	A	rna-XM_057812805.1	A
anno1.g1161.t1	A	rna-XM_057801668.1	A
anno1.g1165.t1	A	rna-XM_057806683.1	A
anno1.g1166.t1	A	rna-XM_057795115.1	A
anno1.g1167.t1	A	rna-XM_057798590.1	A
anno1.g1171.t3	A	rna-XM_057809948.1	A
anno1.g1173.t1	A	rna-XM_057795125.1	X
anno1.g1176.t1	A	rna-XM_057795735.1	A
anno1.g1177.t1	A	rna-XM_057796484.1	A
anno1.g1178.t1	A	rna-XM_057802631.1	A
anno1.g1181.t1	A	rna-XM_057802629.1	A
anno1.g1184.t1	A	rna-XM_057806395.1	A
anno1.g1185.t1	A	rna-XM_057809842.1	A
anno1.g1186.t1	A	rna-XM_057809845.1	A
anno1.g1188.t1	A	rna-XM_057807050.1	A
anno1.g1189.t1	A	rna-XM_057807048.1	A
anno1.g1190.t1	A	rna-XM_057805264.1	X
anno1.g1193.t1	A	rna-XM_057798047.1	A
anno1.g1196.t1	A	rna-XM_057805318.1	X
anno1.g1197.t1	A	rna-XM_057805341.1	X
anno1.g1198.t1	A	rna-XM_057805356.1	X
anno1.g1199.t2	A	rna-XM_057814608.1	A
anno1.g1200.t1	A	rna-XM_057795189.1	A
anno1.g1201.t1	A	rna-XM_057816422.1	A
anno1.g1203.t2	A	rna-XM_057816432.1	A
anno1.g1206.t2	A	rna-XM_057795284.1	A
anno1.g1207.t1	A	rna-XM_057811515.1	X
anno1.g1208.t1	A	rna-XM_057806766.1	A
anno1.g1209.t1	A	rna-XM_057796481.1	A
anno1.g1210.t1	A	rna-XM_057803953.1	A
anno1.g1211.t1	A	rna-XM_057804188.1	A
anno1.g1212.t1	A	rna-XM_057811121.1	A
anno1.g1213.t1	A	rna-XM_057811120.1	A
anno1.g1214.t1	A	rna-XM_057812998.1	A
anno1.g1215.t1	A	rna-XM_057811376.1	A
anno1.g1216.t1	A	rna-XM_057811378.1	A
anno1.g1217.t1	A	rna-XM_057811377.1	A
anno1.g1218.t1	A	rna-XM_057810382.1	A
anno1.g1219.t1	A	rna-XM_057803087.1	A
anno1.g1223.t1	A	rna-XM_057797693.1	A
anno1.g1224.t1	A	rna-XM_057807170.1	A
anno1.g1221.t3	A	rna-XM_057810370.1	A
anno1.g1225.t4	A	rna-XM_057797387.1	A
anno1.g1226.t1	A	rna-XM_057798153.1	A
anno1.g1228.t1	A	rna-XM_057806505.1	A
anno1.g1229.t4	A	rna-XM_057795000.1	A
anno1.g1230.t1	A	rna-XM_057811550.1	X
anno1.g1231.t1	A	rna-XM_057798601.1	A
anno1.g1232.t1	A	rna-XM_057815946.1	A
anno1.g1233.t1	A	rna-XM_057816870.1	A
anno1.g1234.t1	A	rna-XM_057810007.1	A
anno1.g1235.t1	A	rna-XM_057810010.1	A
anno1.g1236.t1	A	rna-XM_057810386.1	A
anno1.g1237.t1	A	rna-XM_057814590.1	A
anno1.g1238.t3	A	rna-XM_057814830.1	A
anno1.g1239.t1	A	rna-XM_057799641.1	A
anno1.g1240.t1	A	rna-XM_057813412.1	A
anno1.g1241.t2	A	rna-XM_057812096.1	A
anno1.g1242.t2	A	rna-XM_057809277.1	X
anno1.g1243.t1	A	rna-XM_057813413.1	A
anno1.g1244.t1	A	rna-XM_057816826.1	A
anno1.g1245.t1	A	rna-XM_057801028.1	A
anno1.g1246.t1	A	rna-XM_057816935.1	X
anno1.g1247.t3	A	rna-XM_057798156.1	A
anno1.g1250.t2	A	rna-XM_057804629.1	A
anno1.g1251.t1	A	rna-XM_057807919.1	A
anno1.g1252.t1	A	rna-XM_057805337.1	A
anno1.g1253.t1	A	rna-XM_057806160.1	A
anno1.g1254.t1	A	rna-XM_057806162.1	A
anno1.g1255.t1	A	rna-XM_057806084.1	A
anno1.g1256.t2	A	rna-XM_057810902.1	A
anno1.g1257.t1	A	rna-XM_057814811.1	A
anno1.g1258.t1	A	rna-XM_057796874.1	A
anno1.g1264.t2	A	rna-XM_057812995.1	A
anno1.g1268.t1	A	rna-XM_057797617.1	A
anno1.g1269.t1	A	rna-XM_057797869.1	A
anno1.g1270.t1	A	rna-XM_057806037.1	X
anno1.g1271.t1	A	rna-XM_057811715.1	A
anno1.g1272.t1	A	rna-XM_057811713.1	A
anno1.g1274.t1	A	rna-XM_057814799.1	A
anno1.g1275.t1	A	rna-XM_057816489.1	A
anno1.g1276.t1	A	rna-XM_057816490.1	A
anno1.g1278.t1	A	rna-XM_057814746.1	A
anno1.g1284.t1	A	rna-XM_057799850.1	A
anno1.g1287.t1	A	rna-XM_057815024.1	A
anno1.g1289.t1	A	rna-XM_057800350.1	A
anno1.g1290.t1	A	rna-XM_057796013.1	A
anno1.g1291.t1	A	rna-XM_057798485.1	A
anno1.g1294.t1	A	rna-XM_057798539.1	A
anno1.g1295.t2	A	rna-XM_057815868.1	A
anno1.g1299.t1	A	rna-XM_057807321.1	A
anno1.g1300.t1	A	rna-XM_057814090.1	A
anno1.g1301.t1	A	rna-XM_057812536.1	A
anno1.g1308.t1	A	rna-XM_057812538.1	A
anno1.g1310.t1	A	rna-XM_057812520.1	A
anno1.g1314.t1	A	rna-XM_057805237.1	A
anno1.g1317.t2	A	rna-XM_057801317.1	A
anno1.g1318.t1	A	rna-XM_057812510.1	A
anno1.g1319.t1	A	rna-XM_057797831.1	A
anno1.g1322.t1	A	rna-XM_057802165.1	A
anno1.g1324.t1	A	rna-XM_057799052.1	A
anno1.g1329.t1	A	rna-XM_057798816.1	A
anno1.g1330.t1	A	rna-XM_057799644.1	A
anno1.g1331.t1	A	rna-XM_057799643.1	A
anno1.g1332.t1	A	rna-XM_057798518.1	A
anno1.g1333.t1	A	rna-XM_057812033.1	A
anno1.g1334.t1	A	rna-XM_057798078.1	A
anno1.g1335.t2	A	rna-XM_057799642.1	A
anno1.g1336.t1	A	rna-XM_057799776.1	A
anno1.g1337.t1	A	rna-XM_057799775.1	A
anno1.g1338.t1	A	rna-XM_057797668.1	A
anno1.g1339.t1	A	rna-XM_057811285.1	A
anno1.g1340.t1	A	rna-XM_057813560.1	A
anno1.g1344.t1	A	rna-XM_057808212.1	A
anno1.g1345.t2	A	rna-XM_057804636.1	A
anno1.g1347.t1	A	rna-XM_057810031.1	A
anno1.g1348.t2	A	rna-XM_057800441.1	A
anno1.g1349.t1	A	rna-XM_057801263.1	X
anno1.g1350.t1	A	rna-XM_057806951.1	A
anno1.g1351.t1	A	rna-XM_057795799.1	X
anno1.g1352.t1	A	rna-XM_057803411.1	A
anno1.g1353.t1	A	rna-XM_057802680.1	A
anno1.g1354.t1	A	rna-XM_057802293.1	A
anno1.g1356.t1	A	rna-XM_057801787.1	A
anno1.g1360.t1	A	rna-XM_057800054.1	A
anno1.g1364.t1	A	rna-XM_057802593.1	A
anno1.g1373.t1	A	rna-XM_057797847.1	A
anno1.g1377.t1	A	rna-XM_057802500.1	A
anno1.g1379.t1	A	rna-XM_057804631.1	A
anno1.g1380.t1	A	rna-XM_057804616.1	A
anno1.g1381.t2	A	rna-XM_057805002.1	A
anno1.g1382.t1	A	rna-XM_057807759.1	A
anno1.g1383.t1	A	rna-XM_057799846.1	A
anno1.g1386.t2	A	rna-XM_057797247.1	X
anno1.g1388.t1	A	rna-XM_057803915.1	A
anno1.g1389.t1	A	rna-XM_057797829.1	A
anno1.g1391.t1	A	rna-XM_057799660.1	A
anno1.g1392.t1	A	rna-XM_057812020.1	A
anno1.g1393.t1	A	rna-XM_057812834.1	A
anno1.g1395.t1	A	rna-XM_057801475.1	A
anno1.g1396.t3	A	rna-XM_057800255.1	A
anno1.g1398.t1	A	rna-XM_057800830.1	A
anno1.g1408.t1	A	rna-XM_057800204.1	A
anno1.g1410.t1	A	rna-XM_057799133.1	A
anno1.g1416.t2	A	rna-XM_057806096.1	A
anno1.g1418.t1	A	rna-XM_057807522.1	A
anno1.g1420.t1	A	rna-XM_057797841.1	X
anno1.g1421.t1	A	rna-XM_057797863.1	X
anno1.g1422.t1	A	rna-XM_057814972.1	A
anno1.g1423.t1	A	rna-XM_057812916.1	A
anno1.g1424.t1	A	rna-XM_057806930.1	A
anno1.g1426.t1	A	rna-XM_057806932.1	A
anno1.g1427.t1	A	rna-XM_057807213.1	A
anno1.g1428.t1	A	rna-XM_057807031.1	A
anno1.g1429.t1	A	rna-XM_057812917.1	A
anno1.g1430.t1	A	rna-XM_057811250.1	A
anno1.g1431.t1	A	rna-XM_057799801.1	A
anno1.g1435.t1	A	rna-XM_057800358.1	A
anno1.g1441.t1	A	rna-XM_057800065.1	A
anno1.g1442.t1	A	rna-XM_057815929.1	A
anno1.g1443.t3	A	rna-XM_057815941.1	A
anno1.g1445.t1	A	rna-XM_057804368.1	A
anno1.g1446.t1	A	rna-XM_057816158.1	A
anno1.g1447.t2	A	rna-XM_057794898.1	A
anno1.g1448.t2	A	rna-XM_057794897.1	A
anno1.g1449.t1	A	rna-XM_057816323.1	A
anno1.g1450.t1	A	rna-XM_057794872.1	A
anno1.g1455.t1	A	rna-XM_057815994.1	A
anno1.g1456.t1	A	rna-XM_057806906.1	A
anno1.g1457.t1	A	rna-XM_057804407.1	A
anno1.g1458.t1	A	rna-XM_057812537.1	A
anno1.g1459.t2	A	rna-XM_057801540.1	A
anno1.g1460.t1	A	rna-XM_057811613.1	A
anno1.g1461.t2	A	rna-XM_057801545.1	A
anno1.g1463.t1	A	rna-XM_057798482.1	A
anno1.g1464.t1	A	rna-XM_057811485.1	A
anno1.g1466.t3	A	rna-XM_057811497.1	A
anno1.g1467.t2	A	rna-XM_057796462.1	A
anno1.g1469.t3	A	rna-XM_057807931.1	A
anno1.g1475.t1	A	rna-XM_057801678.1	A
anno1.g1477.t2	A	rna-XM_057807763.1	A
anno1.g1480.t1	A	rna-XM_057808072.1	A
anno1.g1481.t1	A	rna-XM_057797889.1	A
anno1.g1482.t1	A	rna-XM_057803681.1	A
anno1.g1483.t1	A	rna-XM_057800380.1	A
anno1.g1486.t1	A	rna-XM_057798254.1	A
anno1.g1487.t1	A	rna-XM_057809806.1	A
anno1.g1495.t1	A	rna-XM_057811466.1	A
anno1.g1499.t2	A	rna-XM_057808060.1	A
anno1.g1500.t1	A	rna-XM_057808069.1	A
anno1.g1502.t1	A	rna-XM_057808068.1	A
anno1.g1503.t1	A	rna-XM_057808790.1	A
anno1.g1504.t1	A	rna-XM_057814503.1	A
anno1.g1505.t1	A	rna-XM_057802014.1	A
anno1.g1506.t1	A	rna-XM_057796788.1	A
anno1.g1507.t1	A	rna-XM_057800472.1	A
anno1.g1508.t1	A	rna-XM_057802375.1	A
anno1.g1509.t1	A	rna-XM_057802376.1	A
anno1.g1510.t1	A	rna-XM_057807659.1	A
anno1.g1511.t2	A	rna-XM_057802562.1	A
anno1.g1512.t2	A	rna-XM_057801709.1	A
anno1.g1513.t2	A	rna-XM_057802566.1	A
anno1.g1514.t1	A	rna-XM_057803191.1	A
anno1.g1515.t2	A	rna-XM_057801706.1	A
anno1.g1519.t1	A	rna-XM_057803201.1	A
anno1.g1520.t1	A	rna-XM_057809314.1	X
anno1.g1521.t1	A	rna-XM_057799242.1	A
anno1.g1522.t2	A	rna-XM_057808555.1	A
anno1.g1523.t1	A	rna-XM_057808571.1	A
anno1.g1524.t1	A	rna-XM_057808556.1	A
anno1.g1525.t2	A	rna-XM_057808550.1	A
anno1.g1533.t1	A	rna-XM_057808934.1	A
anno1.g1537.t1	A	rna-XM_057814593.1	A
anno1.g1538.t2	A	rna-XM_057814594.1	A
anno1.g1539.t1	A	rna-XM_057800640.1	A
anno1.g1540.t1	A	rna-XM_057800384.1	A
anno1.g1541.t1	A	rna-XM_057807830.1	A
anno1.g1551.t2	A	rna-XM_057808496.1	A
anno1.g1556.t1	A	rna-XM_057803017.1	A
anno1.g1562.t1	A	rna-XM_057807778.1	A
anno1.g1564.t1	A	rna-XM_057806961.1	A
anno1.g1566.t1	A	rna-XM_057807193.1	A
anno1.g1567.t1	A	rna-XM_057816114.1	A
anno1.g1568.t1	A	rna-XM_057806665.1	A
anno1.g1569.t5	A	rna-XM_057807618.1	A
anno1.g1570.t1	A	rna-XM_057797879.1	A
anno1.g1571.t1	A	rna-XM_057816525.1	A
anno1.g1572.t1	A	rna-XM_057808268.1	A
anno1.g1573.t1	A	rna-XM_057799367.1	A
anno1.g1574.t1	A	rna-XM_057803223.1	A
anno1.g1575.t6	A	rna-XM_057803222.1	A
anno1.g1576.t1	A	rna-XM_057803228.1	A
anno1.g1578.t1	A	rna-XM_057807553.1	A
anno1.g1579.t1	A	rna-XM_057807020.1	A
anno1.g1580.t1	A	rna-XM_057808284.1	A
anno1.g1581.t2	A	rna-XM_057807812.1	A
anno1.g1583.t1	A	rna-XM_057808843.1	A
anno1.g1584.t1	A	rna-XM_057808793.1	A
anno1.g1585.t1	A	rna-XM_057808791.1	A
anno1.g1586.t1	A	rna-XM_057807946.1	A
anno1.g1587.t1	A	rna-XM_057808083.1	A
anno1.g1588.t1	A	rna-XM_057808199.1	A
anno1.g1589.t1	A	rna-XM_057808200.1	A
anno1.g1590.t1	A	rna-XM_057807710.1	A
anno1.g1592.t1	A	rna-XM_057808192.1	A
anno1.g1593.t1	A	rna-XM_057795589.1	A
anno1.g1594.t1	A	rna-XM_057804695.1	X
anno1.g1595.t2	A	rna-XM_057795604.1	A
anno1.g1599.t2	A	rna-XM_057808603.1	A
anno1.g1600.t2	A	rna-XM_057808601.1	A
anno1.g1601.t1	A	rna-XM_057808599.1	A
anno1.g1602.t1	A	rna-XM_057808706.1	A
anno1.g1603.t2	A	rna-XM_057808889.1	A
anno1.g1605.t1	A	rna-XM_057807771.1	A
anno1.g1606.t1	A	rna-XM_057808570.1	A
anno1.g1607.t1	A	rna-XM_057795888.1	A
anno1.g1608.t1	A	rna-XM_057808721.1	A
anno1.g1609.t1	A	rna-XM_057796662.1	A
anno1.g1611.t1	A	rna-XM_057800579.1	A
anno1.g1612.t1	A	rna-XM_057808505.1	A
anno1.g1613.t1	A	rna-XM_057808204.1	A
anno1.g1614.t2	A	rna-XM_057808274.1	A
anno1.g1615.t1	A	rna-XM_057798946.1	A
anno1.g1617.t1	A	rna-XM_057798943.1	A
anno1.g1618.t1	A	rna-XM_057809613.1	A
anno1.g1619.t1	A	rna-XM_057806052.1	A
anno1.g1620.t1	A	rna-XM_057808548.1	A
anno1.g1621.t1	A	rna-XM_057795887.1	A
anno1.g1622.t1	A	rna-XM_057797722.1	A
anno1.g1623.t1	A	rna-XM_057798556.1	A
anno1.g1624.t1	A	rna-XM_057814501.1	A
anno1.g1625.t2	A	rna-XM_057814499.1	A
anno1.g1626.t1	A	rna-XM_057816156.1	A
anno1.g1628.t1	A	rna-XM_057816472.1	A
anno1.g1631.t1	A	rna-XM_057802152.1	A
anno1.g1634.t1	A	rna-XM_057795493.1	A
anno1.g1635.t1	A	rna-XM_057807983.1	A
anno1.g1637.t1	A	rna-XM_057803238.1	A
anno1.g1638.t1	A	rna-XM_057808553.1	A
anno1.g1640.t1	A	rna-XM_057816473.1	A
anno1.g1645.t1	A	rna-XM_057803178.1	A
anno1.g1646.t1	A	rna-XM_057803237.1	A
anno1.g1647.t2	A	rna-XM_057803217.1	A
anno1.g1648.t1	A	rna-XM_057808708.1	A
anno1.g1649.t1	A	rna-XM_057808581.1	A
anno1.g1651.t2	A	rna-XM_057808561.1	A
anno1.g1701.t1	X	rna-XM_057816001.1	A
anno1.g1717.t1	X	rna-XM_057801892.1	X
anno1.g1719.t1	X	rna-XM_057796449.1	X
anno1.g1721.t1	X	rna-XM_057795471.1	X
anno1.g1722.t1	X	rna-XM_057805995.1	X
anno1.g1723.t1	X	rna-XM_057805102.1	A
anno1.g1724.t1	X	rna-XM_057810880.1	X
anno1.g1727.t2	X	rna-XM_057806056.1	X
anno1.g1728.t1	X	rna-XM_057802737.1	X
anno1.g1731.t1	X	rna-XM_057803918.1	X
anno1.g1739.t1	X	rna-XM_057796205.1	A
anno1.g1740.t1	X	rna-XM_057810640.1	X
anno1.g1741.t2	X	rna-XM_057810662.1	X
anno1.g1742.t1	X	rna-XM_057799412.1	X
anno1.g1743.t1	X	rna-XM_057799425.1	X
anno1.g1744.t2	X	rna-XM_057799371.1	X
anno1.g1747.t1	X	rna-XM_057799462.1	X
anno1.g1748.t1	X	rna-XM_057808412.1	X
anno1.g1750.t1	X	rna-XM_057799585.1	X
anno1.g1751.t3	X	rna-XM_057806209.1	X
anno1.g1752.t1	X	rna-XM_057802611.1	X
anno1.g1753.t1	X	rna-XM_057810576.1	X
anno1.g1754.t1	X	rna-XM_057813184.1	X
anno1.g1755.t1	X	rna-XM_057814488.1	X
anno1.g1756.t1	X	rna-XM_057811906.1	X
anno1.g1758.t2	X	rna-XM_057796984.1	X
anno1.g1759.t2	X	rna-XM_057796935.1	X
anno1.g1760.t1	X	rna-XM_057800373.1	X
anno1.g1761.t1	X	rna-XM_057803382.1	X
anno1.g1763.t1	X	rna-XM_057804472.1	X
anno1.g1778.t1	X	rna-XM_057806287.1	A
anno1.g1783.t1	X	rna-XM_057803181.1	X
anno1.g1787.t1	X	rna-XM_057808461.1	X
anno1.g1788.t2	X	rna-XM_057806128.1	X
anno1.g1789.t1	X	rna-XM_057805696.1	X
anno1.g1792.t2	X	rna-XM_057800962.1	X
anno1.g1793.t1	X	rna-XM_057800906.1	X
anno1.g1794.t3	X	rna-XM_057798479.1	X
anno1.g1795.t1	X	rna-XM_057802482.1	A
anno1.g1796.t1	X	rna-XM_057803514.1	X
anno1.g1797.t3	X	rna-XM_057796413.1	X
anno1.g1798.t1	X	rna-XM_057805720.1	X
anno1.g1799.t1	X	rna-XM_057804862.1	X
anno1.g1800.t1	X	rna-XM_057795469.1	X
anno1.g1801.t1	X	rna-XM_057799148.1	X
anno1.g1802.t1	X	rna-XM_057806722.1	X
anno1.g1803.t1	X	rna-XM_057801603.1	X
anno1.g1804.t1	X	rna-XM_057797367.1	X
anno1.g1810.t1	X	rna-XM_057794980.1	X
anno1.g1811.t1	X	rna-XM_057801775.1	X
anno1.g1812.t1	X	rna-XM_057797120.1	X
anno1.g1813.t1	X	rna-XM_057797385.1	X
anno1.g1814.t1	X	rna-XM_057797602.1	X
anno1.g1815.t1	X	rna-XM_057802665.1	X
anno1.g1816.t1	X	rna-XM_057814055.1	X
anno1.g1818.t1	X	rna-XM_057810917.1	X
anno1.g1819.t1	X	rna-XM_057806006.1	X
anno1.g1820.t1	X	rna-XM_057806024.1	X
anno1.g1822.t1	X	rna-XM_057795420.1	X
anno1.g1825.t1	X	rna-XM_057816176.1	X
anno1.g1826.t2	X	rna-XM_057795432.1	X
anno1.g1828.t3	X	rna-XM_057803588.1	X
anno1.g1829.t3	X	rna-XM_057805218.1	X
anno1.g1830.t1	X	rna-XM_057815459.1	X
anno1.g1832.t2	X	rna-XM_057805148.1	X
anno1.g1833.t1	X	rna-XM_057799844.1	X
anno1.g1834.t1	X	rna-XM_057802525.1	X
anno1.g1836.t1	X	rna-XM_057795479.1	X
anno1.g1837.t1	X	rna-XM_057799549.1	X
anno1.g1838.t1	X	rna-XM_057804134.1	X
anno1.g1839.t1	X	rna-XM_057804190.1	X
anno1.g1840.t2	X	rna-XM_057804178.1	X
anno1.g1841.t1	X	rna-XM_057804156.1	X
anno1.g1844.t2	X	rna-XM_057804217.1	X
anno1.g1845.t2	X	rna-XM_057814971.1	A
anno1.g1846.t2	X	rna-XM_057798461.1	X
anno1.g1847.t1	X	rna-XM_057815961.1	X
anno1.g1848.t1	X	rna-XM_057808852.1	X
anno1.g1849.t2	X	rna-XM_057816218.1	X
anno1.g1850.t1	X	rna-XM_057803709.1	X
anno1.g1851.t1	X	rna-XM_057806689.1	X
anno1.g1852.t5	X	rna-XM_057797603.1	X
anno1.g1853.t2	X	rna-XM_057815206.1	X
anno1.g1855.t1	X	rna-XM_057799215.1	X
anno1.g1856.t1	X	rna-XM_057801745.1	X
anno1.g1857.t1	X	rna-XM_057798323.1	X
anno1.g1858.t1	X	rna-XM_057807079.1	X
anno1.g1859.t1	X	rna-XM_057797261.1	X
anno1.g1860.t1	X	rna-XM_057794957.1	X
anno1.g1862.t1	X	rna-XM_057815495.1	X
anno1.g1863.t5	X	rna-XM_057799081.1	X
anno1.g1864.t1	X	rna-XM_057802490.1	X
anno1.g1865.t5	X	rna-XM_057798800.1	X
anno1.g1867.t1	X	rna-XM_057807185.1	X
anno1.g1868.t1	X	rna-XM_057816116.1	X
anno1.g1869.t1	X	rna-XM_057810927.1	A
anno1.g1871.t1	X	rna-XM_057794892.1	X
anno1.g1872.t1	X	rna-XM_057816165.1	X
anno1.g1873.t1	X	rna-XM_057799283.1	X
anno1.g1874.t1	X	rna-XM_057805360.1	A
anno1.g1875.t1	X	rna-XM_057815394.1	A
anno1.g1876.t2	X	rna-XM_057815480.1	X
anno1.g1877.t1	X	rna-XM_057795183.1	X
anno1.g1879.t1	X	rna-XM_057809916.1	X
anno1.g1880.t2	X	rna-XM_057809902.1	X
anno1.g1883.t2	X	rna-XM_057803483.1	X
anno1.g1884.t1	X	rna-XM_057801564.1	X
anno1.g1887.t1	X	rna-XM_057807318.1	X
anno1.g1891.t1	X	rna-XM_057812445.1	X
anno1.g1892.t1	X	rna-XM_057812476.1	X
anno1.g1893.t1	X	rna-XM_057814766.1	A
anno1.g1895.t1	X	rna-XM_057807177.1	X
anno1.g1896.t1	X	rna-XM_057797700.1	X
anno1.g1897.t1	X	rna-XM_057804672.1	X
anno1.g1898.t1	X	rna-XM_057803473.1	A
anno1.g1900.t1	X	rna-XM_057795999.1	X
anno1.g1901.t1	X	rna-XM_057810970.1	X
anno1.g1902.t1	X	rna-XM_057807005.1	X
anno1.g1903.t1	X	rna-XM_057811322.1	X
anno1.g1904.t1	X	rna-XM_057799451.1	X
anno1.g1905.t1	X	rna-XM_057799437.1	X
anno1.g1906.t1	X	rna-XM_057811883.1	X
anno1.g1907.t1	X	rna-XM_057805482.1	X
anno1.g1908.t2	X	rna-XM_057805469.1	X
anno1.g1909.t2	X	rna-XM_057807263.1	X
anno1.g1910.t1	X	rna-XM_057811260.1	X
anno1.g1911.t1	X	rna-XM_057811833.1	A
anno1.g1912.t1	X	rna-XM_057798373.1	X
anno1.g1913.t2	X	rna-XM_057802588.1	X
anno1.g1914.t1	X	rna-XM_057799997.1	X
anno1.g1915.t1	X	rna-XM_057800894.1	A
anno1.g1916.t1	X	rna-XM_057799863.1	X
anno1.g1917.t1	X	rna-XM_057812051.1	A
anno1.g1918.t1	X	rna-XM_057813238.1	A
anno1.g1920.t1	X	rna-XM_057799877.1	X
anno1.g1922.t1	X	rna-XM_057813371.1	X
anno1.g1923.t1	X	rna-XM_057805423.1	X
anno1.g1924.t1	X	rna-XM_057806676.1	A
anno1.g1925.t1	X	rna-XM_057796697.1	X
anno1.g1928.t1	X	rna-XM_057795225.1	A
anno1.g1929.t1	X	rna-XM_057809887.1	X
anno1.g1930.t2	X	rna-XM_057809938.1	X
anno1.g1931.t3	X	rna-XM_057801009.1	X
anno1.g1932.t1	X	rna-XM_057810881.1	X
anno1.g1933.t1	X	rna-XM_057803539.1	X
anno1.g1934.t3	X	rna-XM_057803553.1	X
anno1.g1935.t1	X	rna-XM_057809985.1	X
anno1.g1936.t1	X	rna-XM_057816547.1	X
anno1.g1937.t2	X	rna-XM_057812022.1	X
anno1.g1940.t1	X	rna-XM_057813835.1	X
anno1.g1941.t1	X	rna-XM_057813708.1	X
anno1.g1942.t1	X	rna-XM_057800117.1	X
anno1.g1943.t2	X	rna-XM_057800069.1	X
anno1.g1944.t1	X	rna-XM_057800104.1	X
anno1.g1945.t1	X	rna-XM_057811646.1	X
anno1.g1946.t1	X	rna-XM_057796658.1	X
anno1.g1947.t1	X	rna-XM_057807952.1	X
anno1.g1948.t5	X	rna-XM_057802757.1	X
anno1.g1949.t1	X	rna-XM_057811126.1	X
anno1.g1950.t1	X	rna-XM_057810066.1	X
anno1.g1951.t1	X	rna-XM_057810281.1	X
anno1.g1952.t1	X	rna-XM_057810616.1	X
anno1.g1958.t1	X	rna-XM_057797761.1	X
anno1.g1959.t1	X	rna-XM_057799304.1	A
anno1.g1960.t1	X	rna-XM_057797205.1	X
anno1.g1965.t1	X	rna-XM_057802635.1	A
anno1.g1966.t2	X	rna-XM_057802544.1	X
anno1.g1968.t1	X	rna-XM_057797354.1	X
anno1.g1972.t1	X	rna-XM_057816426.1	X
anno1.g1974.t1	X	rna-XM_057811152.1	X
anno1.g1976.t1	X	rna-XM_057804422.1	X
anno1.g1977.t2	X	rna-XM_057813853.1	X
anno1.g1978.t1	X	rna-XM_057798190.1	X
anno1.g1981.t1	X	rna-XM_057812967.1	X
anno1.g1982.t2	X	rna-XM_057807197.1	X
anno1.g1983.t3	X	rna-XM_057812630.1	X
anno1.g1984.t1	X	rna-XM_057800195.1	X
anno1.g1986.t1	X	rna-XM_057807136.1	X
anno1.g1987.t1	X	rna-XM_057815593.1	A
anno1.g1988.t3	X	rna-XM_057800179.1	X
anno1.g1989.t6	X	rna-XM_057811843.1	X
anno1.g1990.t1	X	rna-XM_057812320.1	X
anno1.g1991.t1	X	rna-XM_057806113.1	X
anno1.g1992.t1	X	rna-XM_057807940.1	A
anno1.g1993.t2	X	rna-XM_057804496.1	X
anno1.g1994.t3	X	rna-XM_057811218.1	X
anno1.g1995.t1	X	rna-XM_057795182.1	X
anno1.g1996.t1	X	rna-XM_057800460.1	X
anno1.g1997.t1	X	rna-XM_057808559.1	X
anno1.g1998.t3	X	rna-XM_057795085.1	X
anno1.g1999.t4	X	rna-XM_057800717.1	X
anno1.g2000.t1	X	rna-XM_057798904.1	X
anno1.g2001.t1	X	rna-XM_057813646.1	X
anno1.g2002.t2	X	rna-XM_057811079.1	X
anno1.g2003.t1	X	rna-XM_057794969.1	X
anno1.g2004.t1	X	rna-XM_057810120.1	X
anno1.g2006.t1	X	rna-XM_057810091.1	X
anno1.g2007.t1	X	rna-XM_057810893.1	X
anno1.g2009.t1	X	rna-XM_057802121.1	X
anno1.g2010.t1	X	rna-XM_057799899.1	A
anno1.g2014.t2	X	rna-XM_057805763.1	X
anno1.g2018.t1	X	rna-XM_057812955.1	X
anno1.g2019.t4	X	rna-XM_057812934.1	X
anno1.g2020.t1	X	rna-XM_057812921.1	X
anno1.g2021.t1	X	rna-XM_057811169.1	X
anno1.g2022.t1	X	rna-XM_057810458.1	X
anno1.g2023.t1	X	rna-XM_057810437.1	X
anno1.g2027.t2	X	rna-XM_057805976.1	X
anno1.g2028.t1	X	rna-XM_057800893.1	X
anno1.g2029.t1	X	rna-XM_057811087.1	A
anno1.g2031.t2	X	rna-XM_057816155.1	X
anno1.g2032.t1	X	rna-XM_057803462.1	X
anno1.g2033.t1	X	rna-XM_057797285.1	X
anno1.g2034.t1	X	rna-XM_057814177.1	A
anno1.g2035.t1	X	rna-XM_057803493.1	X
anno1.g2036.t1	X	rna-XM_057800567.1	X
anno1.g2037.t2	X	rna-XM_057808502.1	X
anno1.g2038.t1	X	rna-XM_057806191.1	X
anno1.g2039.t1	X	rna-XM_057806581.1	X
anno1.g2040.t2	X	rna-XM_057800815.1	X
anno1.g2041.t1	X	rna-XM_057800759.1	X
anno1.g2042.t2	X	rna-XM_057811225.1	X
anno1.g2043.t3	X	rna-XM_057801428.1	X
anno1.g2044.t2	X	rna-XM_057801677.1	X
anno1.g2045.t1	X	rna-XM_057803631.1	X
anno1.g2046.t1	X	rna-XM_057812283.1	X
anno1.g2047.t1	X	rna-XM_057812229.1	X
anno1.g2048.t1	X	rna-XM_057804780.1	A
anno1.g2049.t1	X	rna-XM_057816597.1	X
anno1.g2050.t1	X	rna-XM_057816110.1	X
anno1.g2051.t1	X	rna-XM_057796848.1	X
anno1.g2052.t1	X	rna-XM_057802638.1	X
anno1.g2053.t1	X	rna-XM_057800774.1	X
anno1.g2054.t3	X	rna-XM_057803061.1	X
anno1.g2055.t1	X	rna-XM_057797885.1	X
anno1.g2056.t1	X	rna-XM_057806536.1	X
anno1.g2057.t1	X	rna-XM_057810807.1	X
anno1.g2058.t1	X	rna-XM_057799772.1	X
anno1.g2059.t1	X	rna-XM_057809864.1	X
anno1.g2060.t2	X	rna-XM_057813213.1	A
anno1.g2066.t1	X	rna-XM_057799517.1	X
anno1.g2067.t1	X	rna-XM_057799574.1	X
anno1.g2068.t1	X	rna-XM_057809026.1	X
anno1.g2069.t2	X	rna-XM_057812034.1	X
anno1.g2070.t1	X	rna-XM_057815146.1	X
anno1.g2071.t1	X	rna-XM_057805555.1	X
anno1.g2073.t1	X	rna-XM_057810629.1	X
anno1.g2074.t1	X	rna-XM_057815259.1	X
anno1.g2075.t1	X	rna-XM_057808391.1	X
anno1.g2076.t1	X	rna-XM_057803300.1	X
anno1.g2077.t3	X	rna-XM_057803100.1	X
anno1.g2078.t1	X	rna-XM_057815440.1	X
anno1.g2079.t2	X	rna-XM_057815321.1	X
anno1.g2080.t1	X	rna-XM_057816341.1	X
anno1.g2081.t1	X	rna-XM_057799056.1	X
anno1.g2082.t1	X	rna-XM_057816208.1	X
anno1.g2083.t1	X	rna-XM_057816370.1	X
anno1.g2084.t1	X	rna-XM_057809833.1	X
anno1.g2085.t2	X	rna-XM_057805753.1	X
anno1.g2086.t2	X	rna-XM_057801165.1	X
anno1.g2087.t1	X	rna-XM_057803894.1	X
anno1.g2088.t1	X	rna-XM_057799069.1	X
anno1.g2089.t2	X	rna-XM_057798492.1	X
anno1.g2090.t1	X	rna-XM_057800831.1	X
anno1.g2091.t1	X	rna-XM_057806380.1	X
anno1.g2092.t1	X	rna-XM_057802704.1	X
anno1.g2095.t1	X	rna-XM_057815989.1	X
anno1.both_agree_g7111.t2	X	rna-XM_057798336.1	X
anno1.g2097.t1	X	rna-XM_057802723.1	X
anno1.g2098.t1	X	rna-XM_057801984.1	X
anno1.g2099.t1	X	rna-XM_057813395.1	X
anno1.g2100.t1	X	rna-XM_057812493.1	X
anno1.g2101.t2	X	rna-XM_057816680.1	X
anno1.g2102.t1	X	rna-XM_057809737.1	X
anno1.g2104.t1	X	rna-XM_057798393.1	X
anno1.g2105.t1	X	rna-XM_057810522.1	X
anno1.g2106.t1	X	rna-XM_057813866.1	X
anno1.g2107.t4	X	rna-XM_057813104.1	X
anno1.g2108.t1	X	rna-XM_057813888.1	X
anno1.g2109.t2	X	rna-XM_057811919.1	X
anno1.g2112.t1	X	rna-XM_057798916.1	X
anno1.g2113.t1	X	rna-XM_057808367.1	X
anno1.g2114.t1	X	rna-XM_057804374.1	X
anno1.g2115.t1	X	rna-XM_057798313.1	X
anno1.g2116.t1	X	rna-XM_057801798.1	X
anno1.g2117.t1	X	rna-XM_057799353.1	X
anno1.g2118.t1	X	rna-XM_057808490.1	X
anno1.g2119.t1	X	rna-XM_057816881.1	X
anno1.g2120.t2	X	rna-XM_057797274.1	X
anno1.g2121.t1	X	rna-XM_057798968.1	A
anno1.g2122.t1	X	rna-XM_057811614.1	X
anno1.g2123.t1	X	rna-XM_057815893.1	X
anno1.g2124.t1	X	rna-XM_057806318.1	X
anno1.g2125.t3	X	rna-XM_057799806.1	X
anno1.g2126.t1	X	rna-XM_057800361.1	X
anno1.g2127.t2	X	rna-XM_057804317.1	A
anno1.g2128.t1	X	rna-XM_057803025.1	X
anno1.g2129.t1	X	rna-XM_057803749.1	X
anno1.g2131.t1	X	rna-XM_057805606.1	X
anno1.g2132.t1	X	rna-XM_057803874.1	X
anno1.g2135.t1	X	rna-XM_057800598.1	X
anno1.g2138.t1	X	rna-XM_057795401.1	X
anno1.g2139.t1	X	rna-XM_057814266.1	X
anno1.g2140.t1	X	rna-XM_057799142.1	X
anno1.g2141.t2	X	rna-XM_057814147.1	X
anno1.g2142.t1	X	rna-XM_057806710.1	X
anno1.g2143.t1	X	rna-XM_057810822.1	X
anno1.g2144.t1	X	rna-XM_057816869.1	X
anno1.g2145.t1	X	rna-XM_057797940.1	A
anno1.g2146.t1	X	rna-XM_057805579.1	X
anno1.g2147.t1	X	rna-XM_057800793.1	X
anno1.g2148.t3	X	rna-XM_057816197.1	X
anno1.g2149.t1	X	rna-XM_057796496.1	X
anno1.g2150.t2	X	rna-XM_057802498.1	X
anno1.g2151.t1	X	rna-XM_057803655.1	X
anno1.g2152.t1	X	rna-XM_057803644.1	X
anno1.g2153.t1	X	rna-XM_057803668.1	X
anno1.g2154.t1	X	rna-XM_057808334.1	X
anno1.g2155.t1	X	rna-XM_057806484.1	X
anno1.g2156.t1	X	rna-XM_057806390.1	X
anno1.g2157.t1	X	rna-XM_057814390.1	X
anno1.g2159.t2	X	rna-XM_057815904.1	X
anno1.g2161.t1	X	rna-XM_057799805.1	X
anno1.g2162.t1	X	rna-XM_057799914.1	X
anno1.g2163.t1	X	rna-XM_057816917.1	X
anno1.g2164.t1	X	rna-XM_057798900.1	A
anno1.g2165.t2	X	rna-XM_057807172.1	X
anno1.g2166.t1	X	rna-XM_057795666.1	X
anno1.g2169.t1	X	rna-XM_057794999.1	X
anno1.g2170.t1	X	rna-XM_057797906.1	X
anno1.g2172.t1	X	rna-XM_057795445.1	X
anno1.g2173.t1	X	rna-XM_057816659.1	X
anno1.g2174.t1	X	rna-XM_057795468.1	X
anno1.g2175.t1	X	rna-XM_057802272.1	X
anno1.g2176.t1	X	rna-XM_057804327.1	X
anno1.g2177.t1	X	rna-XM_057804339.1	X
anno1.g2178.t1	X	rna-XM_057798137.1	X
anno1.g2182.t2	X	rna-XM_057803957.1	X
anno1.g2183.t1	X	rna-XM_057800267.1	X
anno1.g2184.t1	X	rna-XM_057805621.1	X
anno1.g2188.t3	X	rna-XM_057803782.1	X
anno1.g2190.t1	X	rna-XM_057800348.1	X
anno1.g2191.t1	X	rna-XM_057806291.1	X
anno1.g2193.t1	X	rna-XM_057813930.1	A
anno1.g2194.t1	X	rna-XM_057801075.1	A
anno1.g2195.t1	X	rna-XM_057802904.1	A
anno1.g2196.t1	X	rna-XM_057799477.1	X
anno1.g2197.t2	X	rna-XM_057811003.1	X
anno1.g2198.t1	X	rna-XM_057811583.1	X
anno1.g2200.t1	X	rna-XM_057800158.1	X
anno1.g2201.t1	X	rna-XM_057800287.1	X
anno1.g2202.t1	X	rna-XM_057796910.1	X
anno1.g2203.t1	X	rna-XM_057807099.1	X
anno1.g2204.t1	X	rna-XM_057800276.1	X
anno1.g2205.t2	X	rna-XM_057805858.1	X
anno1.g2206.t1	X	rna-XM_057805909.1	X
anno1.g2207.t2	X	rna-XM_057805936.1	X
anno1.g2208.t1	X	rna-XM_057805640.1	X
anno1.g2210.t2	X	rna-XM_057801078.1	X
anno1.g2211.t1	X	rna-XM_057797711.1	X
anno1.g2212.t1	X	rna-XM_057815850.1	X
anno1.g2213.t2	X	rna-XM_057813802.1	X
anno1.g2214.t1	X	rna-XM_057813571.1	X
anno1.g2216.t1	X	rna-XM_057813603.1	X
anno1.g2218.t1	X	rna-XM_057816168.1	X
anno1.g2220.t1	X	rna-XM_057816048.1	X
anno1.g2221.t3	X	rna-XM_057802969.1	X
anno1.g2222.t1	X	rna-XM_057802951.1	X
anno1.g2223.t1	X	rna-XM_057815808.1	X
anno1.g2224.t1	X	rna-XM_057805884.1	X
anno1.g2225.t2	X	rna-XM_057805816.1	X
anno1.g2226.t1	X	rna-XM_057804781.1	X
anno1.g2230.t1	X	rna-XM_057799680.1	X
anno1.g2231.t5	X	rna-XM_057800843.1	X
anno1.g2232.t1	X	rna-XM_057795921.1	A
anno1.g2233.t1	X	rna-XM_057807250.1	X
anno1.g2234.t1	X	rna-XM_057816140.1	X
anno1.g2235.t1	X	rna-XM_057799065.1	A
anno1.g2236.t1	X	rna-XM_057802866.1	X
anno1.g2237.t1	X	rna-XM_057801532.1	X
anno1.g2238.t1	X	rna-XM_057814064.1	X
anno1.g2239.t1	X	rna-XM_057814015.1	X
anno1.g2241.t1	X	rna-XM_057816397.1	X
anno1.g2245.t2	A	rna-XM_057796423.1	X
anno1.g2247.t1	A	rna-XM_057812862.1	A
anno1.g2249.t1	A	rna-XM_057807134.1	A
anno1.g2250.t1	A	rna-XM_057808642.1	X
anno1.g2253.t1	A	rna-XM_057804329.1	A
anno1.g2255.t1	A	rna-XM_057816818.1	A
anno1.g2256.t1	A	rna-XM_057816694.1	A
anno1.g2257.t1	A	rna-XM_057808602.1	X
anno1.g2258.t1	A	rna-XM_057808589.1	X
anno1.g2259.t1	A	rna-XM_057794867.1	X
anno1.g2260.t1	A	rna-XM_057816228.1	A
anno1.g2261.t1	A	rna-XM_057806599.1	A
anno1.g2262.t1	A	rna-XM_057802104.1	A
anno1.g2264.t1	A	rna-XM_057798178.1	A
anno1.g2266.t1	A	rna-XM_057798185.1	A
anno1.g2267.t2	A	rna-XM_057802616.1	A
anno1.g2268.t1	A	rna-XM_057804274.1	A
anno1.g2269.t1	A	rna-XM_057798623.1	A
anno1.g2270.t1	A	rna-XM_057816470.1	A
anno1.g2271.t1	A	rna-XM_057815580.1	A
anno1.g2272.t3	A	rna-XM_057816217.1	A
anno1.g2273.t1	A	rna-XM_057804359.1	A
anno1.g2274.t1	A	rna-XM_057798826.1	A
anno1.g2275.t1	A	rna-XM_057800698.1	A
anno1.g2276.t1	A	rna-XM_057807818.1	A
anno1.g2277.t1	A	rna-XM_057802889.1	A
anno1.g2278.t1	A	rna-XM_057798619.1	A
anno1.g2279.t2	A	rna-XM_057806008.1	A
anno1.g2280.t1	A	rna-XM_057802618.1	A
anno1.g2282.t1	A	rna-XM_057799158.1	A
anno1.g2283.t1	A	rna-XM_057815573.1	A
anno1.g2284.t1	A	rna-XM_057801528.1	A
anno1.g2285.t1	A	rna-XM_057801814.1	A
anno1.g2286.t1	A	rna-XM_057809804.1	X
anno1.g2288.t1	A	rna-XM_057799650.1	X
anno1.g2289.t1	A	rna-XM_057796503.1	A
anno1.g2292.t1	A	rna-XM_057804280.1	A
anno1.g2296.t1	A	rna-XM_057806598.1	A
anno1.g2299.t1	A	rna-XM_057801972.1	A
anno1.g2300.t1	A	rna-XM_057802920.1	A
anno1.g2301.t1	A	rna-XM_057806996.1	A
anno1.g2302.t1	A	rna-XM_057806593.1	A
anno1.g2304.t1	A	rna-XM_057808414.1	A
anno1.g2305.t1	A	rna-XM_057808415.1	A
anno1.g2306.t1	A	rna-XM_057798607.1	A
anno1.g2308.t1	A	rna-XM_057798611.1	A
anno1.g2309.t1	A	rna-XM_057810826.1	A
anno1.g2311.t1	A	rna-XM_057798615.1	A
anno1.g2313.t1	A	rna-XM_057798605.1	A
anno1.g2314.t2	A	rna-XM_057810072.1	A
anno1.g2315.t1	A	rna-XM_057805095.1	A
anno1.g2317.t2	A	rna-XM_057805081.1	A
anno1.g2318.t1	A	rna-XM_057805085.1	A
anno1.g2319.t1	A	rna-XM_057805082.1	A
anno1.g2320.t1	A	rna-XM_057805090.1	A
anno1.g2321.t1	A	rna-XM_057803725.1	A
anno1.g2322.t1	A	rna-XM_057803717.1	A
anno1.g2324.t2	A	rna-XM_057815579.1	A
anno1.g2326.t2	A	rna-XM_057808725.1	A
anno1.g2328.t1	A	rna-XM_057813054.1	A
anno1.g2329.t1	A	rna-XM_057815582.1	A
anno1.g2331.t1	A	rna-XM_057795228.1	A
anno1.g2333.t1	A	rna-XM_057813052.1	A
anno1.g2334.t1	A	rna-XM_057816527.1	A
anno1.g2335.t1	A	rna-XM_057816526.1	A
anno1.g2337.t4	A	rna-XM_057806604.1	A
anno1.g2338.t1	A	rna-XM_057803343.1	A
anno1.g2340.t3	A	rna-XM_057812377.1	A
anno1.g2342.t2	A	rna-XM_057816820.1	A
anno1.g2343.t1	A	rna-XM_057805977.1	A
anno1.g2344.t2	A	rna-XM_057802890.1	A
anno1.g2345.t1	A	rna-XM_057806033.1	A
anno1.g2346.t1	A	rna-XM_057813465.1	X
anno1.g2347.t2	A	rna-XM_057797963.1	A
anno1.g2348.t1	A	rna-XM_057797897.1	A
anno1.g2350.t1	A	rna-XM_057797855.1	A
anno1.g2351.t1	A	rna-XM_057799785.1	A
anno1.g2353.t1	A	rna-XM_057799789.1	A
anno1.g2354.t1	A	rna-XM_057798579.1	A
anno1.g2355.t1	A	rna-XM_057812351.1	A
anno1.g2356.t1	A	rna-XM_057810319.1	A
anno1.g2363.t1	A	rna-XM_057812347.1	A
anno1.g2365.t1	A	rna-XM_057806974.1	A
anno1.g2366.t1	A	rna-XM_057806975.1	A
anno1.g2367.t1	A	rna-XM_057806971.1	A
anno1.g2368.t1	A	rna-XM_057810551.1	A
anno1.g2369.t1	A	rna-XM_057796489.1	A
anno1.g2370.t1	A	rna-XM_057810561.1	A
anno1.g2371.t1	A	rna-XM_057810562.1	A
anno1.g2372.t1	A	rna-XM_057807123.1	A
anno1.g2373.t1	A	rna-XM_057798303.1	A
anno1.g2375.t1	A	rna-XM_057809754.1	A
anno1.g2376.t1	A	rna-XM_057806388.1	A
anno1.g2377.t1	A	rna-XM_057799325.1	A
anno1.g2378.t2	A	rna-XM_057799327.1	A
anno1.g2379.t1	A	rna-XM_057806548.1	A
anno1.g2380.t1	A	rna-XM_057813837.1	A
anno1.g2381.t1	A	rna-XM_057816771.1	A
anno1.g2384.t1	A	rna-XM_057816933.1	A
anno1.g2385.t1	A	rna-XM_057816770.1	A
anno1.g2387.t3	A	rna-XM_057816772.1	A
anno1.g2390.t2	A	rna-XM_057816783.1	A
anno1.g2391.t1	A	rna-XM_057809359.1	A
anno1.g2395.t1	A	rna-XM_057797745.1	A
anno1.g2396.t1	A	rna-XM_057801036.1	A
anno1.g2397.t2	A	rna-XM_057814032.1	A
anno1.g2399.t1	A	rna-XM_057814039.1	A
anno1.g2400.t3	A	rna-XM_057813954.1	A
anno1.g2401.t1	A	rna-XM_057812138.1	A
anno1.g2402.t1	A	rna-XM_057812137.1	A
anno1.g2403.t1	A	rna-XM_057812247.1	A
anno1.g2404.t2	A	rna-XM_057812243.1	A
anno1.g2405.t1	A	rna-XM_057810713.1	A
anno1.g2406.t1	A	rna-XM_057799221.1	A
anno1.g2407.t1	A	rna-XM_057804534.1	X
anno1.g2409.t3	A	rna-XM_057815519.1	A
anno1.g2410.t1	A	rna-XM_057795817.1	A
anno1.g2411.t1	A	rna-XM_057799135.1	A
anno1.g2414.t1	A	rna-XM_057796327.1	A
anno1.g2415.t1	A	rna-XM_057799614.1	A
anno1.g2416.t1	A	rna-XM_057805429.1	A
anno1.g2417.t1	A	rna-XM_057805972.1	A
anno1.g2418.t1	A	rna-XM_057807511.1	A
anno1.g2419.t1	A	rna-XM_057811719.1	A
anno1.g2421.t1	A	rna-XM_057813903.1	A
anno1.g2422.t2	A	rna-XM_057810937.1	A
anno1.g2425.t1	A	rna-XM_057812277.1	A
anno1.g2438.t2	A	rna-XM_057812543.1	A
anno1.g2440.t1	A	rna-XM_057812048.1	A
anno1.g2442.t1	A	rna-XM_057812822.1	A
anno1.g2444.t1	A	rna-XM_057798086.1	A
anno1.g2448.t1	A	rna-XM_057807038.1	A
anno1.g2449.t1	A	rna-XM_057798087.1	A
anno1.g2453.t1	A	rna-XM_057807657.1	A
anno1.g2455.t1	A	rna-XM_057807313.1	A
anno1.g2456.t1	A	rna-XM_057807060.1	A
anno1.g2457.t1	A	rna-XM_057806667.1	A
anno1.g2458.t1	A	rna-XM_057802519.1	A
anno1.g2459.t1	A	rna-XM_057810181.1	A
anno1.g2460.t5	A	rna-XM_057802686.1	A
anno1.g2461.t1	A	rna-XM_057802681.1	A
anno1.g2465.t1	A	rna-XM_057805256.1	A
anno1.g2467.t1	A	rna-XM_057805261.1	A
anno1.g2469.t1	A	rna-XM_057813244.1	A
anno1.g2472.t1	A	rna-XM_057811977.1	A
anno1.g2473.t1	A	rna-XM_057810943.1	A
anno1.g2474.t1	A	rna-XM_057803476.1	A
anno1.g2475.t1	A	rna-XM_057803339.1	A
anno1.g2478.t1	A	rna-XM_057804568.1	A
anno1.g2480.t1	A	rna-XM_057803472.1	A
anno1.g2483.t1	A	rna-XM_057804231.1	A
anno1.g2484.t2	A	rna-XM_057804234.1	A
anno1.g2485.t1	A	rna-XM_057804227.1	A
anno1.g2487.t1	A	rna-XM_057803753.1	A
anno1.g2488.t1	A	rna-XM_057801726.1	A
anno1.g2489.t1	A	rna-XM_057796508.1	A
anno1.g2490.t1	A	rna-XM_057801727.1	A
anno1.g2492.t1	A	rna-XM_057803752.1	A
anno1.g2493.t1	A	rna-XM_057803755.1	A
anno1.g2494.t1	A	rna-XM_057803754.1	A
anno1.g2495.t1	A	rna-XM_057795154.1	A
anno1.g2496.t1	A	rna-XM_057816816.1	A
anno1.g2497.t1	A	rna-XM_057805171.1	A
anno1.g2498.t1	A	rna-XM_057816815.1	A
anno1.g2499.t1	A	rna-XM_057816828.1	A
anno1.g2500.t2	A	rna-XM_057799207.1	A
anno1.g2501.t1	A	rna-XM_057797961.1	A
anno1.g2505.t1	A	rna-XM_057797649.1	A
anno1.g2507.t1	A	rna-XM_057806826.1	A
anno1.g2508.t1	A	rna-XM_057806836.1	A
anno1.g2509.t1	A	rna-XM_057815949.1	A
anno1.g2510.t1	A	rna-XM_057810096.1	A
anno1.g2511.t1	A	rna-XM_057796074.1	X
anno1.g2513.t1	A	rna-XM_057799216.1	A
anno1.g2514.t1	A	rna-XM_057799037.1	A
anno1.g2515.t1	A	rna-XM_057797654.1	A
anno1.g2516.t1	A	rna-XM_057797651.1	A
anno1.g2518.t1	A	rna-XM_057797108.1	A
anno1.g2527.t1	A	rna-XM_057811990.1	A
anno1.g2529.t2	A	rna-XM_057811987.1	A
anno1.g2530.t1	A	rna-XM_057816829.1	A
anno1.g2532.t1	A	rna-XM_057813920.1	A
anno1.g2533.t1	A	rna-XM_057802302.1	A
anno1.g2534.t1	A	rna-XM_057800196.1	A
anno1.g2535.t1	A	rna-XM_057800878.1	A
anno1.g2536.t1	A	rna-XM_057798037.1	A
anno1.g2537.t1	A	rna-XM_057809413.1	A
anno1.g2538.t1	A	rna-XM_057803851.1	A
anno1.g2539.t1	A	rna-XM_057801542.1	A
anno1.g2540.t1	A	rna-XM_057815612.1	X
anno1.g2541.t1	A	rna-XM_057805391.1	A
anno1.g2542.t1	A	rna-XM_057813069.1	A
anno1.g2543.t1	A	rna-XM_057808999.1	A
anno1.g2544.t1	A	rna-XM_057795865.1	A
anno1.g2546.t1	A	rna-XM_057807584.1	X
anno1.g2547.t1	A	rna-XM_057814829.1	A
anno1.g2548.t1	A	rna-XM_057806426.1	A
anno1.g2549.t1	A	rna-XM_057799613.1	A
anno1.g2550.t2	A	rna-XM_057809706.1	A
anno1.g2552.t1	A	rna-XM_057809724.1	A
anno1.g2553.t2	A	rna-XM_057799610.1	A
anno1.g2554.t3	A	rna-XM_057799586.1	A
anno1.g2557.t2	A	rna-XM_057810395.1	A
anno1.g2558.t1	A	rna-XM_057798573.1	A
anno1.g2560.t1	A	rna-XM_057798572.1	A
anno1.g2561.t1	A	rna-XM_057805004.1	A
anno1.g2562.t1	A	rna-XM_057805013.1	A
anno1.g2563.t1	A	rna-XM_057805007.1	A
anno1.g2564.t1	A	rna-XM_057815880.1	A
anno1.g2565.t1	A	rna-XM_057800101.1	A
anno1.g2566.t1	A	rna-XM_057809164.1	A
anno1.g2567.t2	A	rna-XM_057799537.1	A
anno1.g2568.t1	A	rna-XM_057809548.1	A
anno1.g2569.t1	A	rna-XM_057809550.1	A
anno1.g2570.t1	A	rna-XM_057809305.1	A
anno1.g2571.t1	A	rna-XM_057805367.1	A
anno1.g2572.t1	A	rna-XM_057805364.1	A
anno1.g2575.t1	A	rna-XM_057803465.1	A
anno1.g2578.t1	A	rna-XM_057803478.1	A
anno1.g2579.t1	A	rna-XM_057802063.1	A
anno1.g2584.t1	A	rna-XM_057802067.1	A
anno1.g2585.t1	A	rna-XM_057802276.1	A
anno1.g2589.t1	A	rna-XM_057802406.1	A
anno1.g2590.t1	A	rna-XM_057802274.1	A
anno1.g2593.t1	A	rna-XM_057814618.1	A
anno1.g2594.t3	A	rna-XM_057814613.1	A
anno1.g2595.t1	A	rna-XM_057809961.1	A
anno1.g2603.t1	A	rna-XM_057805411.1	X
anno1.g2604.t1	A	rna-XM_057806591.1	X
anno1.g2605.t1	A	rna-XM_057796196.1	X
anno1.g2613.t1	A	rna-XM_057810399.1	A
anno1.g2614.t3	A	rna-XM_057799612.1	A
anno1.g2617.t1	A	rna-XM_057811978.1	A
anno1.g2623.t2	A	rna-XM_057816031.1	X
anno1.g2624.t1	A	rna-XM_057796394.1	X
anno1.g2625.t1	A	rna-XM_057816017.1	X
anno1.g2626.t1	A	rna-XM_057796303.1	X
anno1.g2627.t1	A	rna-XM_057807054.1	X
anno1.g2629.t3	A	rna-XM_057796130.1	X
anno1.g2630.t1	A	rna-XM_057806028.1	A
anno1.g2632.t2	A	rna-XM_057806023.1	A
anno1.g2637.t1	A	rna-XM_057814671.1	A
anno1.g2638.t1	A	rna-XM_057809964.1	A
anno1.g2639.t1	A	rna-XM_057810289.1	A
anno1.g2649.t1	A	rna-XM_057798383.1	A
anno1.g2650.t1	A	rna-XM_057814804.1	A
anno1.g2652.t1	A	rna-XM_057809584.1	X
anno1.g2653.t1	A	rna-XM_057799286.1	A
anno1.g2654.t1	A	rna-XM_057805368.1	A
anno1.g2655.t1	A	rna-XM_057806992.1	A
anno1.g2656.t2	A	rna-XM_057807445.1	A
anno1.g2657.t1	A	rna-XM_057816702.1	A
anno1.g2658.t1	A	rna-XM_057810332.1	A
anno1.g2659.t1	A	rna-XM_057806969.1	A
anno1.g2660.t1	A	rna-XM_057806973.1	A
anno1.g2661.t1	A	rna-XM_057806967.1	A
anno1.g2662.t1	A	rna-XM_057806972.1	A
anno1.g2663.t1	A	rna-XM_057815553.1	A
anno1.g2664.t1	A	rna-XM_057812811.1	A
anno1.g2665.t2	A	rna-XM_057812526.1	A
anno1.g2666.t1	A	rna-XM_057800858.1	A
anno1.g2669.t2	A	rna-XM_057799978.1	A
anno1.g2674.t1	A	rna-XM_057800663.1	A
anno1.g2675.t1	A	rna-XM_057800547.1	A
anno1.g2676.t1	A	rna-XM_057804053.1	A
anno1.g2677.t2	A	rna-XM_057801585.1	A
anno1.g2678.t1	A	rna-XM_057797413.1	A
anno1.g2679.t1	A	rna-XM_057801589.1	A
anno1.g2683.t1	A	rna-XM_057816032.1	A
anno1.g2685.t1	A	rna-XM_057801273.1	X
anno1.g2686.t1	A	rna-XM_057813016.1	X
anno1.g2689.t1	A	rna-XM_057803609.1	A
anno1.g2691.t1	A	rna-XM_057801357.1	A
anno1.g2692.t1	A	rna-XM_057800657.1	A
anno1.g2693.t1	A	rna-XM_057810185.1	A
anno1.g2694.t1	A	rna-XM_057813462.1	A
anno1.g2695.t1	A	rna-XM_057813457.1	A
anno1.g2696.t1	A	rna-XM_057813740.1	A
anno1.g2697.t1	A	rna-XM_057813747.1	A
anno1.g2698.t1	A	rna-XM_057813029.1	A
anno1.g2699.t1	A	rna-XM_057813028.1	A
anno1.g2700.t1	A	rna-XM_057813554.1	A
anno1.g2701.t1	A	rna-XM_057801476.1	A
anno1.g2705.t1	A	rna-XM_057801562.1	A
anno1.g2710.t1	A	rna-XM_057801561.1	A
anno1.g2713.t1	A	rna-XM_057812421.1	A
anno1.g2714.t1	A	rna-XM_057800433.1	A
anno1.g2717.t1	A	rna-XM_057795940.1	A
anno1.g2718.t1	A	rna-XM_057811725.1	A
anno1.g2719.t1	A	rna-XM_057806015.1	A
anno1.g2720.t1	A	rna-XM_057799336.1	A
anno1.g2721.t1	A	rna-XM_057799338.1	A
anno1.g2723.t1	A	rna-XM_057809758.1	A
anno1.g2731.t1	A	rna-XM_057814995.1	A
anno1.g2732.t5	A	rna-XM_057809732.1	A
anno1.g2739.t1	A	rna-XM_057802699.1	A
anno1.g2740.t1	A	rna-XM_057804700.1	A
anno1.g2741.t2	A	rna-XM_057796856.1	A
anno1.g2742.t1	A	rna-XM_057807813.1	A
anno1.g2743.t1	A	rna-XM_057804702.1	A
anno1.g2744.t3	A	rna-XM_057807967.1	A
anno1.g2745.t1	A	rna-XM_057813463.1	A
anno1.g2746.t1	A	rna-XM_057811198.1	A
anno1.g2747.t1	A	rna-XM_057812759.1	A
anno1.g2748.t1	A	rna-XM_057798907.1	A
anno1.g2749.t2	A	rna-XM_057798906.1	A
anno1.g2751.t2	A	rna-XM_057816727.1	A
anno1.g2752.t1	A	rna-XM_057812184.1	A
anno1.g2754.t1	A	rna-XM_057816729.1	A
anno1.g2755.t1	A	rna-XM_057815860.1	A
anno1.g2757.t1	A	rna-XM_057815738.1	A
anno1.g2758.t1	A	rna-XM_057815895.1	A
anno1.g2760.t1	A	rna-XM_057815902.1	A
anno1.g2761.t1	A	rna-XM_057795239.1	A
anno1.g2762.t2	A	rna-XM_057795252.1	A
anno1.g2767.t1	A	rna-XM_057795255.1	A
anno1.g2768.t2	A	rna-XM_057814174.1	A
anno1.g2769.t1	A	rna-XM_057809811.1	A
anno1.g2770.t1	A	rna-XM_057809807.1	A
anno1.g2773.t1	A	rna-XM_057797464.1	A
anno1.g2775.t1	A	rna-XM_057816725.1	A
anno1.g2776.t1	A	rna-XM_057816723.1	A
anno1.g2777.t1	A	rna-XM_057816724.1	A
anno1.g2778.t1	A	rna-XM_057815863.1	A
anno1.g2780.t2	A	rna-XM_057816856.1	A
anno1.g2782.t1	A	rna-XM_057798140.1	A
anno1.g2783.t1	A	rna-XM_057799999.1	A
anno1.g2785.t1	A	rna-XM_057809211.1	A
anno1.g2787.t1	A	rna-XM_057798031.1	A
anno1.g2788.t1	A	rna-XM_057808702.1	A
anno1.g2789.t1	A	rna-XM_057808607.1	A
anno1.g2790.t1	A	rna-XM_057808632.1	A
anno1.g2791.t1	A	rna-XM_057808637.1	A
anno1.g2792.t1	A	rna-XM_057808653.1	A
anno1.g2793.t2	A	rna-XM_057808646.1	A
anno1.g2794.t2	A	rna-XM_057808649.1	A
anno1.g2795.t1	A	rna-XM_057808640.1	A
anno1.g2796.t1	A	rna-XM_057808643.1	A
anno1.g2797.t1	A	rna-XM_057808648.1	A
anno1.g2798.t1	A	rna-XM_057808652.1	A
anno1.g2799.t1	A	rna-XM_057808658.1	A
anno1.g2800.t1	A	rna-XM_057796621.1	A
anno1.g2801.t1	A	rna-XM_057796620.1	A
anno1.g2802.t1	A	rna-XM_057809536.1	A
anno1.g2803.t2	A	rna-XM_057805185.1	A
anno1.g2804.t2	A	rna-XM_057799459.1	A
anno1.g2805.t1	A	rna-XM_057799457.1	A
anno1.g2807.t1	A	rna-XM_057801771.1	A
anno1.g2808.t2	A	rna-XM_057795348.1	A
anno1.g2811.t1	A	rna-XM_057805416.1	A
anno1.g2812.t2	A	rna-XM_057795347.1	A
anno1.g2814.t1	A	rna-XM_057802336.1	A
anno1.g2815.t1	A	rna-XM_057814850.1	A
anno1.g2816.t1	A	rna-XM_057816632.1	A
anno1.g2817.t1	A	rna-XM_057816624.1	A
anno1.g2818.t2	A	rna-XM_057816626.1	A
anno1.g2819.t1	A	rna-XM_057815001.1	A
anno1.g2821.t1	A	rna-XM_057807581.1	A
anno1.g2822.t1	A	rna-XM_057807575.1	A
anno1.g2823.t1	A	rna-XM_057807030.1	A
anno1.g2824.t1	A	rna-XM_057797002.1	A
anno1.g2825.t2	A	rna-XM_057806586.1	X
anno1.g2826.t1	A	rna-XM_057797001.1	A
anno1.g2827.t1	A	rna-XM_057798252.1	A
anno1.g2828.t1	A	rna-XM_057811517.1	A
anno1.g2829.t1	A	rna-XM_057802106.1	A
anno1.g2830.t1	A	rna-XM_057816841.1	X
anno1.g2840.t1	A	rna-XM_057803923.1	A
anno1.g2841.t1	A	rna-XM_057803954.1	A
anno1.g2842.t1	A	rna-XM_057811503.1	A
anno1.g2843.t1	A	rna-XM_057810039.1	X
anno1.g2844.t1	A	rna-XM_057810026.1	X
anno1.g2845.t1	A	rna-XM_057798876.1	A
anno1.g2850.t1	A	rna-XM_057807126.1	X
anno1.g2852.t3	A	rna-XM_057813778.1	A
anno1.g2853.t1	A	rna-XM_057811733.1	A
anno1.g2854.t1	A	rna-XM_057811728.1	A
anno1.g2855.t2	A	rna-XM_057813323.1	A
anno1.g2857.t1	A	rna-XM_057812952.1	A
anno1.g2859.t1	A	rna-XM_057804587.1	A
anno1.g2863.t1	A	rna-XM_057804586.1	A
anno1.g2864.t1	A	rna-XM_057804343.1	A
anno1.g2865.t1	A	rna-XM_057804344.1	A
anno1.g2866.t1	A	rna-XM_057811088.1	A
anno1.g2867.t2	A	rna-XM_057805032.1	A
anno1.g2869.t2	A	rna-XM_057805035.1	A
anno1.g2870.t1	A	rna-XM_057804410.1	A
anno1.g2871.t1	A	rna-XM_057802910.1	A
anno1.g2872.t1	A	rna-XM_057801313.1	A
anno1.g2873.t1	A	rna-XM_057812567.1	A
anno1.g2874.t1	A	rna-XM_057801452.1	A
anno1.g2875.t1	A	rna-XM_057806775.1	A
anno1.g2876.t1	A	rna-XM_057809981.1	A
anno1.g2877.t1	A	rna-XM_057810187.1	A
anno1.g2878.t1	A	rna-XM_057810267.1	A
anno1.g2882.t1	A	rna-XM_057801882.1	A
anno1.g2883.t1	A	rna-XM_057814148.1	A
anno1.g2884.t1	A	rna-XM_057806560.1	A
anno1.g2887.t1	A	rna-XM_057815423.1	A
anno1.g2890.t1	A	rna-XM_057806931.1	A
anno1.g2891.t1	A	rna-XM_057804813.1	A
anno1.g2892.t1	A	rna-XM_057801705.1	A
anno1.g2893.t1	A	rna-XM_057802551.1	A
anno1.g2895.t1	A	rna-XM_057815006.1	A
anno1.g2896.t2	A	rna-XM_057815010.1	A
anno1.g2897.t1	A	rna-XM_057812188.1	A
anno1.g2898.t3	A	rna-XM_057814424.1	A
anno1.g2899.t1	A	rna-XM_057812922.1	A
anno1.g2900.t1	A	rna-XM_057811771.1	A
anno1.g2902.t1	A	rna-XM_057812435.1	X
anno1.g2903.t2	A	rna-XM_057799803.1	X
anno1.g2905.t1	A	rna-XM_057812204.1	A
anno1.g2906.t1	A	rna-XM_057814075.1	A
anno1.g2907.t1	A	rna-XM_057805182.1	A
anno1.g2908.t1	A	rna-XM_057816249.1	A
anno1.g2909.t1	A	rna-XM_057815818.1	A
anno1.g2910.t1	A	rna-XM_057813804.1	A
anno1.g2912.t1	A	rna-XM_057810248.1	A
anno1.g2914.t2	A	rna-XM_057810250.1	A
anno1.g2922.t1	A	rna-XM_057810754.1	A
anno1.g2927.t1	A	rna-XM_057810253.1	A
anno1.g2929.t1	A	rna-XM_057795827.1	A
anno1.g2930.t4	A	rna-XM_057810194.1	A
anno1.g2931.t1	A	rna-XM_057810242.1	A
anno1.g2932.t1	A	rna-XM_057804571.1	A
anno1.g2937.t1	A	rna-XM_057810439.1	A
anno1.g2939.t1	A	rna-XM_057810442.1	A
anno1.g2942.t1	A	rna-XM_057810273.1	A
anno1.g2944.t2	A	rna-XM_057810087.1	A
anno1.g2945.t1	A	rna-XM_057810270.1	A
anno1.g2950.t1	A	rna-XM_057809438.1	A
anno1.g2951.t1	A	rna-XM_057809442.1	A
anno1.g2952.t1	A	rna-XM_057797211.1	A
anno1.g2955.t2	A	rna-XM_057797214.1	A
anno1.g2959.t1	A	rna-XM_057795838.1	A
anno1.g2964.t1	A	rna-XM_057795685.1	A
anno1.g2970.t1	A	rna-XM_057799156.1	A
anno1.g2971.t1	A	rna-XM_057799152.1	A
anno1.g2972.t1	A	rna-XM_057799153.1	A
anno1.g2974.t1	A	rna-XM_057799141.1	A
anno1.g2975.t1	A	rna-XM_057799139.1	A
anno1.g2976.t1	A	rna-XM_057799140.1	A
anno1.g2977.t1	A	rna-XM_057799136.1	A
anno1.g2979.t2	A	rna-XM_057795786.1	A
anno1.g2981.t2	A	rna-XM_057816569.1	A
anno1.g2982.t2	A	rna-XM_057800691.1	A
anno1.g2983.t1	A	rna-XM_057810552.1	A
anno1.g2984.t1	A	rna-XM_057801167.1	A
anno1.g2985.t1	A	rna-XM_057795391.1	A
anno1.g2986.t2	A	rna-XM_057795392.1	A
anno1.g2987.t1	A	rna-XM_057806558.1	A
anno1.g2989.t2	A	rna-XM_057806556.1	A
anno1.g2990.t1	A	rna-XM_057815050.1	A
anno1.g2991.t1	A	rna-XM_057806552.1	A
anno1.g2992.t1	A	rna-XM_057801966.1	A
anno1.g2996.t1	A	rna-XM_057806553.1	A
anno1.g2997.t2	A	rna-XM_057797832.1	A
anno1.g2998.t1	A	rna-XM_057799847.1	A
anno1.g3000.t1	A	rna-XM_057808067.1	X
anno1.g3001.t2	A	rna-XM_057808054.1	X
anno1.g3002.t1	A	rna-XM_057807305.1	A
anno1.g3005.t1	A	rna-XM_057813042.1	A
anno1.g3007.t1	A	rna-XM_057813044.1	A
anno1.g3008.t1	A	rna-XM_057809263.1	A
anno1.g3009.t1	A	rna-XM_057804823.1	A
anno1.g3010.t1	A	rna-XM_057804323.1	A
anno1.g3011.t1	A	rna-XM_057805433.1	A
anno1.g3012.t1	A	rna-XM_057805434.1	A
anno1.g3013.t2	A	rna-XM_057806064.1	A
anno1.g3014.t1	A	rna-XM_057806065.1	A
anno1.g3015.t1	A	rna-XM_057805950.1	A
anno1.g3016.t1	A	rna-XM_057805503.1	A
anno1.g3017.t1	A	rna-XM_057805504.1	A
anno1.g3018.t1	A	rna-XM_057806211.1	A
anno1.g3019.t1	A	rna-XM_057806210.1	A
anno1.g3020.t1	A	rna-XM_057805637.1	A
anno1.g3021.t1	A	rna-XM_057806021.1	A
anno1.g3022.t1	A	rna-XM_057807623.1	X
anno1.g3023.t1	A	rna-XM_057816695.1	A
anno1.g3024.t1	A	rna-XM_057806022.1	A
anno1.g3026.t1	A	rna-XM_057812513.1	A
anno1.g3033.t1	A	rna-XM_057807243.1	A
anno1.g3039.t1	A	rna-XM_057807252.1	A
anno1.g3040.t1	A	rna-XM_057810760.1	A
anno1.g3041.t1	A	rna-XM_057810133.1	A
anno1.g3043.t1	A	rna-XM_057802383.1	A
anno1.g3051.t1	A	rna-XM_057802112.1	A
anno1.g3056.t1	A	rna-XM_057802330.1	X
anno1.g3057.t1	A	rna-XM_057809190.1	A
anno1.g3058.t1	A	rna-XM_057804121.1	X
anno1.g3059.t1	A	rna-XM_057807162.1	A
anno1.g3060.t2	A	rna-XM_057807163.1	A
anno1.g3061.t1	A	rna-XM_057794855.1	A
anno1.g3062.t2	A	rna-XM_057807009.1	A
anno1.g3064.t1	A	rna-XM_057809311.1	A
anno1.g3065.t1	A	rna-XM_057810388.1	A
anno1.g3066.t4	A	rna-XM_057816355.1	A
anno1.g3067.t5	A	rna-XM_057809676.1	A
anno1.g3068.t1	A	rna-XM_057809819.1	A
anno1.g3069.t1	A	rna-XM_057804839.1	A
anno1.g3070.t1	A	rna-XM_057811314.1	A
anno1.g3071.t1	A	rna-XM_057804824.1	A
anno1.g3072.t1	A	rna-XM_057799503.1	X
anno1.g3073.t1	A	rna-XM_057796611.1	X
anno1.g3074.t1	A	rna-XM_057804821.1	A
anno1.g3095.t1	A	rna-XM_057809286.1	A
anno1.g3096.t1	A	rna-XM_057803521.1	A
anno1.g3097.t1	A	rna-XM_057809282.1	A
anno1.g3098.t2	A	rna-XM_057809287.1	A
anno1.g3099.t1	A	rna-XM_057797223.1	A
anno1.g3122.t1	A	rna-XM_057809283.1	A
anno1.g3127.t1	A	rna-XM_057809000.1	A
anno1.g3133.t2	A	rna-XM_057808997.1	A
anno1.g3136.t1	A	rna-XM_057812275.1	A
anno1.g3137.t1	A	rna-XM_057811840.1	A
anno1.g3138.t1	A	rna-XM_057796864.1	A
anno1.g3139.t2	A	rna-XM_057811837.1	A
anno1.g3141.t1	A	rna-XM_057811838.1	A
anno1.g3142.t1	A	rna-XM_057811839.1	A
anno1.g3143.t1	A	rna-XM_057812940.1	A
anno1.g3144.t1	A	rna-XM_057812246.1	A
anno1.g3145.t1	A	rna-XM_057814472.1	A
anno1.g3148.t2	A	rna-XM_057814466.1	A
anno1.g3152.t1	A	rna-XM_057811259.1	A
anno1.g3157.t1	A	rna-XM_057814474.1	A
anno1.g3158.t1	A	rna-XM_057812038.1	A
anno1.g3160.t1	A	rna-XM_057811633.1	A
anno1.g3162.t1	A	rna-XM_057813898.1	A
anno1.g3165.t1	A	rna-XM_057814176.1	A
anno1.g3166.t1	A	rna-XM_057812846.1	A
anno1.g3167.t4	A	rna-XM_057812744.1	A
anno1.g3168.t2	A	rna-XM_057812764.1	A
anno1.g3170.t1	A	rna-XM_057812769.1	A
anno1.g3172.t1	A	rna-XM_057812772.1	A
anno1.g3175.t1	A	rna-XM_057810705.1	A
anno1.g3176.t1	A	rna-XM_057810704.1	A
anno1.g3178.t2	A	rna-XM_057812139.1	A
anno1.g3179.t1	A	rna-XM_057815755.1	A
anno1.g3180.t1	A	rna-XM_057812432.1	A
anno1.g3181.t1	A	rna-XM_057812427.1	A
anno1.g3182.t1	A	rna-XM_057812426.1	A
anno1.g3183.t1	A	rna-XM_057808036.1	A
anno1.g3184.t3	A	rna-XM_057799279.1	A
anno1.g3185.t1	A	rna-XM_057798621.1	A
anno1.g3186.t1	A	rna-XM_057797379.1	A
anno1.g3187.t1	A	rna-XM_057800088.1	A
anno1.g3188.t1	A	rna-XM_057796443.1	X
anno1.g3191.t1	A	rna-XM_057800418.1	X
anno1.g3192.t1	A	rna-XM_057800438.1	X
anno1.g3193.t1	A	rna-XM_057810125.1	A
anno1.g3195.t1	A	rna-XM_057810781.1	A
anno1.g3196.t1	A	rna-XM_057807995.1	A
anno1.g3197.t2	A	rna-XM_057809603.1	A
anno1.g3198.t1	A	rna-XM_057805981.1	A
anno1.g3200.t1	A	rna-XM_057804818.1	A
anno1.g3201.t1	A	rna-XM_057805975.1	A
anno1.g3202.t1	A	rna-XM_057813503.1	A
anno1.g3203.t1	A	rna-XM_057808037.1	A
anno1.g3204.t1	A	rna-XM_057809767.1	A
anno1.g3205.t1	A	rna-XM_057801125.1	A
anno1.g3207.t1	A	rna-XM_057796565.1	A
anno1.g3208.t2	A	rna-XM_057808208.1	A
anno1.g3209.t1	A	rna-XM_057801563.1	A
anno1.g3210.t1	A	rna-XM_057808690.1	A
anno1.g3212.t1	A	rna-XM_057797400.1	A
anno1.g3214.t1	A	rna-XM_057797399.1	A
anno1.g3215.t1	A	rna-XM_057816646.1	A
anno1.g3216.t2	A	rna-XM_057809154.1	A
anno1.g3217.t1	A	rna-XM_057804650.1	A
anno1.g3218.t1	A	rna-XM_057800016.1	A
anno1.g3220.t1	A	rna-XM_057798232.1	A
anno1.g3223.t1	A	rna-XM_057799183.1	A
anno1.g3224.t1	A	rna-XM_057798981.1	A
anno1.g3225.t1	A	rna-XM_057813976.1	A
anno1.g3226.t1	A	rna-XM_057812484.1	A
anno1.g3228.t1	A	rna-XM_057810408.1	A
anno1.g3229.t1	A	rna-XM_057806595.1	A
anno1.g3230.t1	A	rna-XM_057815873.1	A
anno1.g3231.t1	A	rna-XM_057806998.1	A
anno1.g3232.t1	A	rna-XM_057806997.1	A
anno1.g3235.t1	A	rna-XM_057803649.1	A
anno1.g3236.t3	A	rna-XM_057806645.1	A
anno1.g3237.t2	A	rna-XM_057806644.1	A
anno1.g3238.t1	A	rna-XM_057797947.1	A
anno1.g3239.t2	A	rna-XM_057805635.1	A
anno1.g3240.t1	A	rna-XM_057805636.1	A
anno1.g3242.t1	A	rna-XM_057805885.1	A
anno1.g3246.t1	A	rna-XM_057807262.1	A
anno1.g3247.t2	A	rna-XM_057807259.1	A
anno1.g3248.t1	A	rna-XM_057798842.1	A
anno1.g3249.t1	A	rna-XM_057798717.1	A
anno1.g3250.t1	A	rna-XM_057797542.1	A
anno1.g3257.t1	A	rna-XM_057816474.1	A
anno1.g3258.t2	A	rna-XM_057813314.1	A
anno1.g3260.t1	A	rna-XM_057814081.1	A
anno1.g3262.t1	A	rna-XM_057799299.1	A
anno1.g3263.t2	A	rna-XM_057802858.1	A
anno1.g3264.t1	A	rna-XM_057796391.1	A
anno1.g3265.t1	A	rna-XM_057795821.1	A
anno1.g3267.t1	A	rna-XM_057795713.1	A
anno1.g3268.t1	A	rna-XM_057797248.1	A
anno1.g3270.t1	A	rna-XM_057797255.1	A
anno1.g3272.t1	A	rna-XM_057813654.1	A
anno1.g3273.t1	A	rna-XM_057815028.1	A
anno1.g3281.t1	A	rna-XM_057795914.1	A
anno1.g3282.t1	A	rna-XM_057796504.1	A
anno1.g3284.t1	A	rna-XM_057811118.1	A
anno1.g3286.t1	A	rna-XM_057811116.1	A
anno1.g3289.t1	A	rna-XM_057810366.1	A
anno1.g3291.t1	A	rna-XM_057803358.1	A
anno1.g3293.t1	A	rna-XM_057808656.1	A
anno1.g3298.t1	A	rna-XM_057805151.1	A
anno1.g3299.t1	A	rna-XM_057812384.1	A
anno1.g3300.t1	A	rna-XM_057812385.1	A
anno1.g3301.t2	A	rna-XM_057803908.1	A
anno1.g3303.t1	A	rna-XM_057801920.1	A
anno1.g3304.t1	A	rna-XM_057803342.1	A
anno1.g3305.t2	A	rna-XM_057814725.1	A
anno1.g3309.t2	A	rna-XM_057814729.1	A
anno1.g3310.t1	A	rna-XM_057811700.1	A
anno1.g3311.t1	A	rna-XM_057813401.1	A
anno1.g3313.t1	A	rna-XM_057814487.1	A
anno1.g3314.t1	A	rna-XM_057814482.1	A
anno1.g3315.t1	A	rna-XM_057803683.1	A
anno1.g3316.t1	A	rna-XM_057802184.1	A
anno1.g3317.t2	A	rna-XM_057797198.1	A
anno1.g3318.t2	A	rna-XM_057804054.1	A
anno1.g3319.t1	A	rna-XM_057809149.1	A
anno1.g3320.t2	A	rna-XM_057809575.1	A
anno1.g3325.t2	A	rna-XM_057814741.1	A
anno1.g3331.t3	A	rna-XM_057809579.1	A
anno1.g3335.t1	A	rna-XM_057809588.1	A
anno1.g3345.t1	A	rna-XM_057801382.1	A
anno1.g3346.t1	A	rna-XM_057800891.1	A
anno1.g3348.t1	A	rna-XM_057800351.1	A
anno1.g3350.t1	A	rna-XM_057814285.1	A
anno1.g3351.t1	A	rna-XM_057811841.1	A
anno1.g3355.t1	A	rna-XM_057795762.1	A
anno1.g3356.t3	A	rna-XM_057803278.1	A
anno1.g3365.t1	A	rna-XM_057807151.1	A
anno1.g3369.t2	A	rna-XM_057809715.1	A
anno1.g3370.t1	A	rna-XM_057809718.1	A
anno1.g3371.t1	A	rna-XM_057798093.1	A
anno1.g3379.t1	A	rna-XM_057810817.1	A
anno1.g3380.t1	A	rna-XM_057810818.1	A
anno1.g3391.t1	A	rna-XM_057810846.1	A
anno1.g3393.t2	A	rna-XM_057810017.1	A
anno1.g3396.t1	A	rna-XM_057810438.1	A
anno1.g3397.t1	A	rna-XM_057816143.1	A
anno1.g3399.t1	A	rna-XM_057815857.1	A
anno1.g3402.t4	A	rna-XM_057815697.1	A
anno1.g3404.t1	A	rna-XM_057814794.1	A
anno1.g3405.t1	A	rna-XM_057801962.1	X
anno1.g3410.t1	A	rna-XM_057815005.1	A
anno1.g3411.t1	A	rna-XM_057813407.1	A
anno1.g3416.t2	A	rna-XM_057811746.1	A
anno1.g3423.t1	A	rna-XM_057797289.1	A
anno1.g3426.t1	A	rna-XM_057797288.1	A
anno1.g3431.t1	A	rna-XM_057801594.1	A
anno1.g3435.t1	A	rna-XM_057795707.1	A
anno1.g3438.t1	A	rna-XM_057796618.1	A
anno1.g3440.t1	A	rna-XM_057798386.1	A
anno1.g3443.t1	A	rna-XM_057815484.1	A
anno1.g3444.t1	A	rna-XM_057798263.1	A
anno1.g3445.t1	A	rna-XM_057802955.1	A
anno1.g3446.t1	A	rna-XM_057802922.1	A
anno1.g3447.t2	A	rna-XM_057801338.1	A
anno1.g3448.t2	A	rna-XM_057801352.1	A
anno1.g3449.t1	A	rna-XM_057797822.1	A
anno1.g3450.t2	A	rna-XM_057804059.1	A
anno1.g3453.t1	A	rna-XM_057810697.1	A
anno1.g3454.t1	A	rna-XM_057810693.1	A
anno1.g3455.t1	A	rna-XM_057814792.1	A
anno1.g3456.t1	A	rna-XM_057812241.1	A
anno1.g3457.t1	A	rna-XM_057794859.1	A
anno1.g3458.t1	A	rna-XM_057796335.1	A
anno1.g3459.t1	A	rna-XM_057795933.1	A
anno1.g3460.t1	A	rna-XM_057796345.1	A
anno1.g3476.t1	A	rna-XM_057808911.1	A
anno1.g3485.t1	A	rna-XM_057808952.1	A
anno1.g3493.t3	A	rna-XM_057808989.1	A
anno1.g3497.t1	A	rna-XM_057809368.1	A
anno1.g3498.t1	A	rna-XM_057808956.1	A
anno1.g3500.t1	A	rna-XM_057814924.1	A
anno1.g3501.t1	A	rna-XM_057816640.1	A
anno1.g3504.t1	A	rna-XM_057809153.1	A
anno1.g3505.t1	A	rna-XM_057808994.1	A
anno1.g3506.t1	A	rna-XM_057816225.1	A
anno1.g3510.t1	A	rna-XM_057806648.1	A
anno1.g3511.t1	A	rna-XM_057797663.1	A
anno1.g3514.t1	A	rna-XM_057795920.1	A
anno1.g3516.t1	A	rna-XM_057796687.1	A
anno1.g3517.t7	A	rna-XM_057796664.1	A
anno1.g3518.t1	A	rna-XM_057806260.1	A
anno1.g3523.t1	A	rna-XM_057811922.1	A
anno1.g3524.t1	A	rna-XM_057810255.1	X
anno1.g3525.t1	A	rna-XM_057810304.1	X
anno1.g3527.t1	A	rna-XM_057813241.1	X
anno1.g3528.t1	A	rna-XM_057807526.1	X
anno1.g3529.t1	A	rna-XM_057807562.1	X
anno1.g3531.t1	A	rna-XM_057796363.1	X
anno1.g3532.t1	A	rna-XM_057812383.1	A
anno1.g3533.t2	A	rna-XM_057813484.1	X
anno1.g3534.t1	A	rna-XM_057804352.1	X
anno1.g3537.t1	A	rna-XM_057807017.1	X
anno1.g3538.t1	A	rna-XM_057797936.1	X
anno1.g3540.t1	A	rna-XM_057796170.1	A
anno1.g3542.t1	A	rna-XM_057805000.1	A
anno1.g3544.t1	A	rna-XM_057803916.1	A
anno1.g3545.t1	A	rna-XM_057797398.1	X
anno1.g3546.t1	A	rna-XM_057808689.1	A
anno1.g3547.t2	A	rna-XM_057806982.1	A
anno1.g3548.t2	A	rna-XM_057808686.1	A
anno1.g3549.t1	A	rna-XM_057804337.1	A
anno1.g3550.t1	A	rna-XM_057808694.1	A
anno1.g3551.t1	A	rna-XM_057810460.1	A
anno1.g3552.t4	A	rna-XM_057804663.1	A
anno1.g3559.t1	A	rna-XM_057797418.1	A
anno1.g3561.t1	A	rna-XM_057806635.1	A
anno1.g3562.t1	A	rna-XM_057809104.1	A
anno1.g3564.t1	A	rna-XM_057808577.1	X
anno1.g3565.t1	A	rna-XM_057808549.1	X
anno1.g3567.t1	A	rna-XM_057808564.1	X
anno1.g3568.t1	A	rna-XM_057808528.1	X
anno1.g3569.t1	A	rna-XM_057795159.1	X
anno1.g3570.t1	A	rna-XM_057805387.1	X
anno1.g3571.t1	A	rna-XM_057796350.1	X
anno1.g3572.t1	A	rna-XM_057806413.1	A
anno1.g3573.t1	A	rna-XM_057805694.1	A
anno1.g3576.t1	A	rna-XM_057801537.1	A
anno1.g3577.t1	A	rna-XM_057802700.1	A
anno1.g3579.t1	A	rna-XM_057812444.1	A
anno1.g3587.t1	A	rna-XM_057812164.1	A
anno1.g3588.t1	A	rna-XM_057811676.1	A
anno1.g3589.t1	A	rna-XM_057811973.1	A
anno1.g3590.t1	A	rna-XM_057811992.1	A
anno1.g3592.t1	A	rna-XM_057811995.1	A
anno1.g3593.t1	A	rna-XM_057806784.1	A
anno1.g3595.t1	A	rna-XM_057797475.1	A
anno1.g3596.t1	A	rna-XM_057798297.1	A
anno1.g3597.t1	A	rna-XM_057795850.1	X
anno1.g3598.t1	A	rna-XM_057797182.1	A
anno1.g3599.t1	A	rna-XM_057802790.1	A
anno1.g3600.t1	A	rna-XM_057802812.1	A
anno1.g3601.t2	A	rna-XM_057802809.1	A
anno1.g3602.t1	A	rna-XM_057814481.1	A
anno1.g3604.t1	A	rna-XM_057812311.1	A
anno1.g3605.t1	A	rna-XM_057808615.1	A
anno1.g3606.t3	A	rna-XM_057808619.1	A
anno1.g3607.t1	A	rna-XM_057808624.1	A
anno1.g3608.t1	A	rna-XM_057806966.1	A
anno1.g3609.t1	A	rna-XM_057796187.1	A
anno1.g3610.t1	A	rna-XM_057796396.1	A
anno1.g3612.t2	A	rna-XM_057812473.1	A
anno1.g3614.t1	A	rna-XM_057797382.1	A
anno1.g3615.t1	A	rna-XM_057809709.1	A
anno1.g3616.t1	A	rna-XM_057808663.1	A
anno1.g3617.t1	A	rna-XM_057808681.1	A
anno1.g3618.t1	A	rna-XM_057807563.1	A
anno1.g3620.t1	A	rna-XM_057798125.1	X
anno1.g3623.t1	A	rna-XM_057797410.1	A
anno1.g3624.t2	A	rna-XM_057798040.1	A
anno1.g3625.t1	A	rna-XM_057812182.1	A
anno1.g3626.t2	A	rna-XM_057808633.1	A
anno1.g3627.t1	A	rna-XM_057798141.1	A
anno1.g3629.t1	A	rna-XM_057804701.1	A
anno1.g3630.t1	A	rna-XM_057796809.1	A
anno1.g3631.t3	A	rna-XM_057795495.1	A
anno1.g3633.t1	A	rna-XM_057801450.1	A
anno1.g3634.t1	A	rna-XM_057801461.1	A
anno1.g3635.t1	A	rna-XM_057801453.1	A
anno1.g3636.t1	A	rna-XM_057795545.1	A
anno1.g3637.t1	A	rna-XM_057800242.1	A
anno1.g3642.t1	A	rna-XM_057800230.1	A
anno1.g3643.t1	A	rna-XM_057797202.1	A
anno1.g3646.t1	A	rna-XM_057797210.1	A
anno1.g3647.t1	A	rna-XM_057801613.1	A
anno1.g3649.t1	A	rna-XM_057806005.1	A
anno1.g3653.t1	A	rna-XM_057797226.1	A
anno1.g3654.t1	A	rna-XM_057810958.1	A
anno1.g3655.t1	A	rna-XM_057812945.1	A
anno1.both_agree_g10486.t1	A	rna-XM_057813675.1	A
anno1.g3658.t1	A	rna-XM_057800539.1	A
anno1.g3659.t1	A	rna-XM_057813893.1	A
anno1.g3660.t1	A	rna-XM_057814376.1	A
anno1.g3661.t1	A	rna-XM_057810928.1	A
anno1.g3662.t1	A	rna-XM_057799230.1	A
anno1.g3663.t1	A	rna-XM_057813820.1	A
anno1.g3664.t2	A	rna-XM_057813818.1	A
anno1.g3665.t1	A	rna-XM_057813807.1	A
anno1.g3666.t1	A	rna-XM_057813810.1	A
anno1.g3667.t3	A	rna-XM_057813815.1	A
anno1.g3668.t1	A	rna-XM_057807141.1	A
anno1.g3669.t2	A	rna-XM_057797209.1	A
anno1.g3670.t1	A	rna-XM_057795848.1	A
anno1.g3671.t1	A	rna-XM_057809862.1	A
anno1.g3673.t1	A	rna-XM_057803509.1	A
anno1.g3674.t1	A	rna-XM_057806261.1	A
anno1.g3676.t1	A	rna-XM_057809624.1	A
anno1.g3677.t1	A	rna-XM_057816523.1	A
anno1.g3679.t1	A	rna-XM_057803650.1	A
anno1.g3680.t1	A	rna-XM_057805645.1	A
anno1.g3682.t1	A	rna-XM_057803582.1	A
anno1.g3683.t2	A	rna-XM_057803587.1	A
anno1.g3684.t1	A	rna-XM_057816827.1	A
anno1.g3689.t1	A	rna-XM_057813823.1	A
anno1.g3690.t1	A	rna-XM_057813825.1	A
anno1.g3691.t1	A	rna-XM_057812018.1	A
anno1.g3693.t1	A	rna-XM_057808698.1	A
anno1.g3695.t2	A	rna-XM_057799333.1	A
anno1.g3696.t1	A	rna-XM_057799097.1	A
anno1.g3697.t1	A	rna-XM_057799096.1	A
anno1.g3698.t2	A	rna-XM_057811846.1	A
anno1.g3699.t1	A	rna-XM_057798409.1	A
anno1.g3700.t2	A	rna-XM_057809614.1	A
anno1.g3701.t1	A	rna-XM_057797715.1	A
anno1.g3704.t3	A	rna-XM_057801363.1	A
anno1.g3705.t1	A	rna-XM_057810955.1	A
anno1.g3706.t1	A	rna-XM_057810952.1	A
anno1.g3707.t1	A	rna-XM_057798446.1	A
anno1.g3708.t1	A	rna-XM_057799099.1	A
anno1.g3709.t1	A	rna-XM_057800428.1	A
anno1.g3710.t2	A	rna-XM_057812344.1	A
anno1.g3711.t1	A	rna-XM_057809929.1	A
anno1.g3712.t1	A	rna-XM_057812345.1	A
anno1.g3715.t1	A	rna-XM_057811257.1	A
anno1.g3716.t1	A	rna-XM_057811972.1	X
anno1.g3722.t1	A	rna-XM_057815129.1	A
anno1.g3724.t1	A	rna-XM_057816494.1	A
anno1.g3725.t1	A	rna-XM_057816189.1	A
anno1.g3727.t1	A	rna-XM_057798177.1	A
anno1.g3728.t1	A	rna-XM_057798181.1	A
anno1.g3729.t2	A	rna-XM_057798183.1	A
anno1.g3730.t1	A	rna-XM_057798180.1	A
anno1.g3733.t1	A	rna-XM_057807194.1	A
anno1.g3744.t1	A	rna-XM_057807530.1	A
anno1.g3747.t2	A	rna-XM_057802207.1	A
anno1.g3750.t1	A	rna-XM_057802145.1	A
anno1.g3752.t3	A	rna-XM_057801897.1	A
anno1.g3753.t1	A	rna-XM_057801900.1	A
anno1.g3764.t1	A	rna-XM_057807108.1	A
anno1.g3766.t1	A	rna-XM_057807100.1	A
anno1.g3767.t1	A	rna-XM_057802915.1	A
anno1.g3774.t1	A	rna-XM_057813624.1	A
anno1.g3783.t3	A	rna-XM_057801905.1	A
anno1.g3786.t1	A	rna-XM_057805701.1	A
anno1.g3787.t1	A	rna-XM_057805709.1	A
anno1.g3788.t1	A	rna-XM_057811261.1	A
anno1.g3789.t1	A	rna-XM_057797000.1	A
anno1.g3791.t1	A	rna-XM_057814696.1	A
anno1.g3793.t1	A	rna-XM_057814700.1	A
anno1.g3795.t1	A	rna-XM_057813010.1	A
anno1.g3796.t1	A	rna-XM_057813429.1	A
anno1.g3797.t1	A	rna-XM_057813464.1	A
anno1.g3798.t1	A	rna-XM_057813466.1	A
anno1.g3799.t1	A	rna-XM_057813460.1	A
anno1.g3800.t1	A	rna-XM_057809620.1	A
anno1.g3801.t1	A	rna-XM_057808957.1	A
anno1.g3803.t1	A	rna-XM_057809288.1	A
anno1.g3804.t1	A	rna-XM_057809303.1	A
anno1.g3805.t1	A	rna-XM_057809949.1	A
anno1.g3806.t1	A	rna-XM_057809559.1	A
anno1.g3808.t1	A	rna-XM_057809010.1	A
anno1.g3809.t1	A	rna-XM_057809012.1	A
anno1.g3810.t1	A	rna-XM_057809017.1	A
anno1.g3811.t1	A	rna-XM_057809022.1	A
anno1.g3812.t1	A	rna-XM_057809685.1	A
anno1.g3813.t1	A	rna-XM_057809295.1	A
anno1.g3814.t1	A	rna-XM_057811051.1	A
anno1.g3815.t1	A	rna-XM_057809209.1	A
anno1.g3816.t1	A	rna-XM_057809208.1	A
anno1.g3817.t1	A	rna-XM_057809837.1	A
anno1.g3823.t1	A	rna-XM_057809700.1	A
anno1.g3825.t1	A	rna-XM_057809698.1	A
anno1.g3826.t3	A	rna-XM_057809483.1	A
anno1.g3827.t1	A	rna-XM_057816226.1	A
anno1.g3828.t1	A	rna-XM_057809038.1	A
anno1.g3830.t1	A	rna-XM_057804495.1	A
anno1.g3833.t1	A	rna-XM_057796920.1	A
anno1.g3842.t2	A	rna-XM_057796914.1	A
anno1.g3845.t1	A	rna-XM_057799241.1	A
anno1.g3846.t1	A	rna-XM_057795970.1	A
anno1.g3848.t1	A	rna-XM_057795971.1	A
anno1.g3849.t2	A	rna-XM_057801465.1	A
anno1.g3850.t1	A	rna-XM_057801449.1	A
anno1.g3852.t1	A	rna-XM_057800241.1	A
anno1.g3853.t1	A	rna-XM_057803139.1	A
anno1.g3854.t1	A	rna-XM_057803141.1	A
anno1.g3856.t2	A	rna-XM_057801354.1	A
anno1.g3857.t1	A	rna-XM_057803153.1	A
anno1.g3858.t1	A	rna-XM_057802176.1	A
anno1.g3859.t2	A	rna-XM_057803145.1	A
anno1.g3861.t1	A	rna-XM_057811054.1	A
anno1.g3862.t2	A	rna-XM_057803127.1	A
anno1.g3863.t2	A	rna-XM_057808237.1	X
anno1.g3864.t1	A	rna-XM_057803125.1	A
anno1.g3867.t1	A	rna-XM_057798628.1	A
anno1.g3868.t1	A	rna-XM_057796198.1	A
anno1.g3869.t1	A	rna-XM_057799329.1	A
anno1.g3870.t1	A	rna-XM_057799331.1	A
anno1.g3871.t1	A	rna-XM_057799330.1	A
anno1.g3873.t2	A	rna-XM_057807328.1	A
anno1.g3874.t1	A	rna-XM_057799328.1	A
anno1.g3875.t1	A	rna-XM_057804349.1	A
anno1.g3876.t1	A	rna-XM_057804982.1	A
anno1.g3877.t1	A	rna-XM_057802891.1	A
anno1.g3878.t1	A	rna-XM_057805435.1	A
anno1.g3879.t1	A	rna-XM_057816737.1	A
anno1.g3880.t1	A	rna-XM_057807440.1	A
anno1.g3881.t1	A	rna-XM_057807443.1	A
anno1.g3882.t1	A	rna-XM_057807068.1	A
anno1.g3883.t1	A	rna-XM_057799321.1	A
anno1.g3884.t1	A	rna-XM_057799314.1	A
anno1.g3885.t1	A	rna-XM_057799305.1	A
anno1.g3887.t1	A	rna-XM_057804139.1	A
anno1.g3888.t1	A	rna-XM_057812303.1	A
anno1.g3889.t1	A	rna-XM_057805083.1	A
anno1.g3890.t1	A	rna-XM_057796390.1	A
anno1.g3891.t1	A	rna-XM_057812251.1	A
anno1.g3892.t1	A	rna-XM_057816142.1	A
anno1.g3900.t1	A	rna-XM_057811751.1	A
anno1.g3904.t1	A	rna-XM_057800470.1	A
anno1.g3910.t3	A	rna-XM_057802455.1	A
anno1.g3913.t1	A	rna-XM_057798730.1	A
anno1.g3914.t1	A	rna-XM_057797875.1	A
anno1.g3915.t1	A	rna-XM_057798839.1	A
anno1.g3916.t4	A	rna-XM_057797771.1	A
anno1.g3917.t1	A	rna-XM_057797779.1	A
anno1.g3918.t1	A	rna-XM_057799366.1	A
anno1.g3919.t1	A	rna-XM_057799365.1	A
anno1.g3920.t1	A	rna-XM_057799362.1	A
anno1.g3921.t1	A	rna-XM_057799074.1	A
anno1.g3922.t1	A	rna-XM_057799077.1	A
anno1.g3925.t2	A	rna-XM_057798198.1	A
anno1.g3926.t1	A	rna-XM_057804295.1	A
anno1.g3932.t1	A	rna-XM_057804325.1	A
anno1.g3933.t1	A	rna-XM_057800639.1	A
anno1.g3935.t1	A	rna-XM_057809281.1	A
anno1.g3936.t1	A	rna-XM_057809645.1	A
anno1.g3941.t1	A	rna-XM_057809652.1	A
anno1.g3940.t1	A	rna-XM_057809240.1	A
anno1.g3944.t1	A	rna-XM_057809772.1	A
anno1.g3945.t1	A	rna-XM_057809760.1	A
anno1.g3949.t1	A	rna-XM_057809023.1	A
anno1.g3952.t2	A	rna-XM_057801345.1	A
anno1.g3954.t2	A	rna-XM_057809408.1	A
anno1.g3953.t3	A	rna-XM_057801360.1	A
anno1.g3955.t1	A	rna-XM_057813973.1	A
anno1.g3957.t1	A	rna-XM_057811979.1	A
anno1.g3958.t1	A	rna-XM_057809343.1	A
anno1.g3959.t1	A	rna-XM_057809307.1	A
anno1.g3960.t1	A	rna-XM_057799620.1	A
anno1.g3961.t1	A	rna-XM_057799619.1	A
anno1.g3962.t1	A	rna-XM_057802884.1	A
anno1.g3963.t1	A	rna-XM_057802883.1	A
anno1.g3964.t2	A	rna-XM_057802870.1	A
anno1.g3965.t1	A	rna-XM_057802878.1	A
anno1.g3966.t1	A	rna-XM_057809428.1	A
anno1.g3967.t2	A	rna-XM_057809427.1	A
anno1.g3968.t1	A	rna-XM_057806943.1	A
anno1.g3971.t1	A	rna-XM_057811989.1	A
anno1.g3973.t1	A	rna-XM_057811971.1	A
anno1.g3974.t1	A	rna-XM_057811996.1	A
anno1.g3975.t1	A	rna-XM_057801543.1	A
anno1.g3976.t1	A	rna-XM_057796617.1	A
anno1.g3978.t1	A	rna-XM_057806490.1	A
anno1.g3979.t1	A	rna-XM_057803951.1	A
anno1.g3982.t1	A	rna-XM_057800888.1	A
anno1.g3984.t2	A	rna-XM_057798996.1	A
anno1.g3985.t1	A	rna-XM_057801526.1	A
anno1.g3986.t1	A	rna-XM_057813220.1	A
anno1.g3987.t1	A	rna-XM_057796254.1	A
anno1.g3988.t1	A	rna-XM_057814480.1	A
anno1.g3990.t1	A	rna-XM_057797203.1	A
anno1.g3991.t3	A	rna-XM_057808660.1	A
anno1.g3992.t1	A	rna-XM_057808677.1	A
anno1.g3993.t1	A	rna-XM_057808623.1	A
anno1.g3994.t1	A	rna-XM_057808626.1	A
anno1.g3995.t1	A	rna-XM_057804565.1	A
anno1.g3996.t1	A	rna-XM_057809705.1	A
anno1.g3997.t1	A	rna-XM_057813313.1	A
anno1.g3998.t1	A	rna-XM_057808665.1	A
anno1.g3999.t1	A	rna-XM_057802863.1	A
anno1.g4000.t1	A	rna-XM_057809593.1	A
anno1.g4001.t1	A	rna-XM_057806928.1	A
anno1.g4006.t1	A	rna-XM_057814089.1	A
anno1.g4007.t1	A	rna-XM_057810630.1	A
anno1.g4008.t1	A	rna-XM_057794933.1	A
anno1.g4009.t2	A	rna-XM_057797151.1	A
anno1.g4014.t1	A	rna-XM_057812814.1	A
anno1.g4016.t1	A	rna-XM_057802520.1	A
anno1.g4017.t3	A	rna-XM_057802159.1	A
anno1.g4018.t1	A	rna-XM_057803573.1	A
anno1.g4021.t1	A	rna-XM_057808388.1	A
anno1.g4022.t1	A	rna-XM_057810628.1	A
anno1.g4025.t1	A	rna-XM_057801309.1	X
anno1.g4033.t1	A	rna-XM_057797821.1	A
anno1.g4035.t1	A	rna-XM_057803317.1	A
anno1.g4036.t1	A	rna-XM_057798194.1	A
anno1.g4038.t1	A	rna-XM_057808146.1	A
anno1.g4042.t1	A	rna-XM_057812425.1	A
anno1.g4043.t1	A	rna-XM_057814849.1	A
anno1.g4046.t1	A	rna-XM_057812366.1	A
anno1.g4048.t1	A	rna-XM_057808144.1	A
anno1.g4049.t1	A	rna-XM_057812424.1	A
anno1.g4052.t1	A	rna-XM_057814876.1	A
anno1.g4055.t1	A	rna-XM_057812368.1	A
anno1.g4060.t1	A	rna-XM_057805771.1	A
anno1.g4061.t1	A	rna-XM_057816867.1	A
anno1.g4062.t1	A	rna-XM_057806107.1	A
anno1.g4064.t2	A	rna-XM_057802154.1	A
anno1.g4065.t1	A	rna-XM_057801438.1	A
anno1.g4067.t1	A	rna-XM_057815650.1	A
anno1.g4068.t1	A	rna-XM_057815644.1	A
anno1.g4069.t1	A	rna-XM_057801439.1	A
anno1.g4074.t1	A	rna-XM_057806109.1	A
anno1.g4078.t1	A	rna-XM_057816700.1	A
anno1.g4079.t1	A	rna-XM_057815872.1	A
anno1.g4081.t1	A	rna-XM_057816701.1	A
anno1.g4082.t1	A	rna-XM_057815845.1	A
anno1.g4083.t1	A	rna-XM_057809590.1	A
anno1.g4084.t1	A	rna-XM_057809591.1	A
anno1.g4086.t1	A	rna-XM_057809250.1	A
anno1.g4087.t1	A	rna-XM_057814589.1	A
anno1.g4088.t1	A	rna-XM_057815833.1	A
anno1.g4089.t1	A	rna-XM_057816641.1	A
anno1.g4090.t2	A	rna-XM_057816643.1	A
anno1.g4091.t1	A	rna-XM_057804805.1	X
anno1.g4092.t1	A	rna-XM_057813344.1	A
anno1.g4093.t1	A	rna-XM_057801340.1	A
anno1.g4094.t1	A	rna-XM_057810279.1	A
anno1.g4095.t1	A	rna-XM_057806147.1	A
anno1.g4096.t1	A	rna-XM_057803726.1	A
anno1.g4097.t1	A	rna-XM_057802513.1	A
anno1.g4098.t1	A	rna-XM_057808015.1	A
anno1.g4100.t2	A	rna-XM_057797447.1	A
anno1.g4101.t1	A	rna-XM_057812231.1	A
anno1.g4102.t1	A	rna-XM_057813252.1	X
anno1.g4103.t1	A	rna-XM_057800414.1	A
anno1.g4104.t1	A	rna-XM_057811770.1	A
anno1.g4105.t1	A	rna-XM_057805173.1	A
anno1.g4106.t1	A	rna-XM_057801364.1	A
anno1.g4107.t1	A	rna-XM_057801730.1	A
anno1.g4108.t6	A	rna-XM_057815270.1	A
anno1.g4109.t1	A	rna-XM_057816731.1	A
anno1.g4110.t1	A	rna-XM_057816730.1	A
anno1.g4111.t1	A	rna-XM_057812632.1	A
anno1.g4112.t1	A	rna-XM_057814169.1	A
anno1.g4113.t1	A	rna-XM_057796764.1	A
anno1.g4114.t1	A	rna-XM_057815504.1	A
anno1.g4115.t1	A	rna-XM_057815511.1	A
anno1.g4116.t1	A	rna-XM_057804983.1	X
anno1.g4117.t2	A	rna-XM_057815436.1	A
anno1.g4118.t1	A	rna-XM_057795196.1	A
anno1.g4120.t1	A	rna-XM_057795198.1	A
anno1.g4121.t1	A	rna-XM_057815502.1	A
anno1.g4122.t1	A	rna-XM_057815516.1	A
anno1.g4123.t1	A	rna-XM_057803577.1	A
anno1.g4124.t1	A	rna-XM_057815520.1	A
anno1.g4125.t1	A	rna-XM_057815513.1	A
anno1.g4126.t2	A	rna-XM_057795760.1	A
anno1.g4127.t1	A	rna-XM_057815517.1	A
anno1.g4128.t1	A	rna-XM_057811354.1	A
anno1.g4129.t1	A	rna-XM_057815514.1	A
anno1.g4130.t1	A	rna-XM_057815522.1	A
anno1.g4131.t1	A	rna-XM_057806657.1	A
anno1.g4132.t1	A	rna-XM_057815831.1	A
anno1.g4133.t1	A	rna-XM_057812800.1	A
anno1.g4134.t1	A	rna-XM_057814949.1	A
anno1.g4136.t3	A	rna-XM_057816169.1	A
anno1.g4137.t1	A	rna-XM_057815361.1	A
anno1.g4138.t1	A	rna-XM_057812801.1	A
anno1.g4139.t1	A	rna-XM_057808009.1	X
anno1.g4142.t1	A	rna-XM_057807416.1	X
anno1.g4143.t1	A	rna-XM_057816830.1	X
anno1.g4146.t1	A	rna-XM_057816100.1	A
anno1.g4147.t2	A	rna-XM_057806938.1	X
anno1.g4148.t1	A	rna-XM_057796181.1	A
anno1.g4149.t1	A	rna-XM_057798172.1	A
anno1.g4151.t2	A	rna-XM_057799039.1	A
anno1.g4152.t1	A	rna-XM_057812989.1	A
anno1.g4153.t1	A	rna-XM_057800955.1	A
anno1.g4154.t1	A	rna-XM_057800103.1	A
anno1.g4155.t4	A	rna-XM_057810865.1	A
anno1.g4157.t1	A	rna-XM_057810142.1	A
anno1.g4158.t2	A	rna-XM_057810778.1	A
anno1.g4159.t1	A	rna-XM_057810034.1	A
anno1.g4160.t1	A	rna-XM_057796200.1	A
anno1.g4162.t1	A	rna-XM_057810412.1	A
anno1.g4164.t1	A	rna-XM_057797042.1	A
anno1.g4165.t1	A	rna-XM_057797038.1	A
anno1.g4167.t1	A	rna-XM_057797037.1	A
anno1.g4168.t1	A	rna-XM_057797036.1	A
anno1.g4170.t1	A	rna-XM_057797034.1	A
anno1.g4171.t1	A	rna-XM_057803946.1	A
anno1.g4172.t2	A	rna-XM_057803945.1	A
anno1.g4173.t1	A	rna-XM_057803939.1	A
anno1.g4174.t1	A	rna-XM_057796606.1	A
anno1.g4176.t2	A	rna-XM_057808418.1	A
anno1.g4177.t2	A	rna-XM_057798447.1	A
anno1.g4178.t1	A	rna-XM_057807838.1	A
anno1.g4179.t1	A	rna-XM_057807746.1	A
anno1.g4182.t1	A	rna-XM_057797018.1	A
anno1.g4183.t1	A	rna-XM_057796477.1	A
anno1.g4184.t1	A	rna-XM_057796472.1	A
anno1.g4185.t2	A	rna-XM_057801649.1	A
anno1.g4186.t1	A	rna-XM_057796030.1	A
anno1.g4187.t1	A	rna-XM_057801647.1	A
anno1.g4188.t1	A	rna-XM_057802027.1	A
anno1.g4190.t2	A	rna-XM_057808897.1	X
anno1.g4189.t2	A	rna-XM_057808886.1	X
anno1.g4192.t2	A	rna-XM_057806859.1	X
anno1.g4193.t1	A	rna-XM_057795063.1	A
anno1.g4194.t1	A	rna-XM_057804101.1	A
anno1.g4199.t1	A	rna-XM_057802899.1	A
anno1.g4201.t1	A	rna-XM_057799041.1	A
anno1.g4202.t1	A	rna-XM_057798513.1	A
anno1.g4209.t1	A	rna-XM_057795350.1	A
anno1.g4211.t2	A	rna-XM_057798506.1	A
anno1.g4212.t1	A	rna-XM_057816330.1	A
anno1.g4213.t1	A	rna-XM_057795730.1	A
anno1.g4214.t2	A	rna-XM_057805009.1	A
anno1.g4216.t1	A	rna-XM_057797219.1	A
anno1.g4217.t1	A	rna-XM_057795363.1	A
anno1.g4218.t1	A	rna-XM_057808635.1	A
anno1.g4219.t1	A	rna-XM_057815669.1	A
anno1.g4221.t1	A	rna-XM_057795226.1	A
anno1.g4222.t1	A	rna-XM_057806011.1	A
anno1.g4223.t1	A	rna-XM_057795280.1	A
anno1.g4224.t1	A	rna-XM_057810859.1	A
anno1.g4225.t1	A	rna-XM_057809826.1	A
anno1.g4226.t1	A	rna-XM_057798550.1	A
anno1.g4227.t1	A	rna-XM_057810282.1	X
anno1.g4228.t1	A	rna-XM_057815870.1	A
anno1.g4229.t1	A	rna-XM_057805177.1	A
anno1.g4230.t1	A	rna-XM_057810417.1	A
anno1.g4231.t1	A	rna-XM_057806305.1	A
anno1.g4233.t3	A	rna-XM_057806295.1	A
anno1.g4234.t1	A	rna-XM_057806319.1	A
anno1.g4235.t2	A	rna-XM_057806308.1	A
anno1.g4236.t1	A	rna-XM_057814605.1	A
anno1.g4237.t2	A	rna-XM_057808667.1	X
anno1.g4238.t1	A	rna-XM_057807265.1	A
anno1.g4239.t1	A	rna-XM_057807447.1	A
anno1.g4240.t1	A	rna-XM_057807285.1	A
anno1.g4241.t1	A	rna-XM_057807277.1	A
anno1.g4242.t1	A	rna-XM_057809407.1	A
anno1.g4243.t2	A	rna-XM_057795439.1	A
anno1.g4244.t1	A	rna-XM_057816808.1	A
anno1.g4245.t1	A	rna-XM_057809394.1	A
anno1.g4246.t1	A	rna-XM_057808680.1	X
anno1.g4249.t1	A	rna-XM_057803060.1	X
anno1.g4250.t1	A	rna-XM_057800542.1	A
anno1.g4251.t1	A	rna-XM_057808654.1	X
anno1.g4253.t1	A	rna-XM_057800581.1	A
anno1.g4254.t1	A	rna-XM_057800251.1	A
anno1.g4261.t1	A	rna-XM_057812108.1	A
anno1.g4262.t2	A	rna-XM_057816929.1	A
anno1.g4263.t1	A	rna-XM_057816748.1	A
anno1.g4267.t1	A	rna-XM_057816745.1	A
anno1.g4268.t2	A	rna-XM_057816871.1	A
anno1.g4269.t1	A	rna-XM_057808747.1	X
anno1.g4270.t1	A	rna-XM_057816316.1	A
anno1.g4271.t1	A	rna-XM_057797167.1	A
anno1.g4272.t1	A	rna-XM_057804680.1	X
anno1.g4273.t2	A	rna-XM_057798542.1	A
anno1.g4274.t1	A	rna-XM_057798543.1	A
anno1.g4275.t1	A	rna-XM_057799088.1	A
anno1.g4276.t1	A	rna-XM_057798369.1	A
anno1.g4277.t1	A	rna-XM_057797393.1	A
anno1.g4278.t1	A	rna-XM_057797826.1	A
anno1.g4279.t1	A	rna-XM_057809265.1	A
anno1.g4280.t1	A	rna-XM_057816253.1	A
anno1.g4281.t1	A	rna-XM_057816414.1	A
anno1.g4282.t1	A	rna-XM_057808819.1	A
anno1.g4283.t2	A	rna-XM_057815888.1	A
anno1.g4284.t1	A	rna-XM_057798048.1	X
anno1.g4285.t1	A	rna-XM_057797462.1	X
anno1.g4286.t1	A	rna-XM_057816331.1	A
anno1.g4287.t1	A	rna-XM_057794866.1	A
anno1.g4288.t1	A	rna-XM_057814839.1	A
anno1.g4289.t1	A	rna-XM_057797332.1	X
anno1.g4290.t1	A	rna-XM_057807573.1	A
anno1.g4291.t1	A	rna-XM_057807267.1	A
anno1.g4292.t2	A	rna-XM_057807283.1	A
anno1.g4293.t1	A	rna-XM_057807574.1	A
anno1.g4294.t1	A	rna-XM_057800413.1	A
anno1.g4295.t1	A	rna-XM_057796004.1	A
anno1.g4296.t1	A	rna-XM_057799953.1	A
anno1.g4297.t1	A	rna-XM_057798066.1	A
anno1.g4298.t2	A	rna-XM_057810151.1	A
anno1.g4299.t1	A	rna-XM_057810148.1	A
anno1.g4300.t1	A	rna-XM_057810149.1	A
anno1.g4301.t1	A	rna-XM_057799033.1	A
anno1.g4302.t1	A	rna-XM_057802774.1	A
anno1.g4304.t1	A	rna-XM_057799917.1	A
anno1.g4305.t1	A	rna-XM_057799919.1	A
anno1.g4307.t1	A	rna-XM_057797949.1	A
anno1.g4308.t1	A	rna-XM_057798481.1	A
anno1.g4309.t1	A	rna-XM_057798119.1	A
anno1.g4310.t1	A	rna-XM_057799652.1	A
anno1.g4312.t1	A	rna-XM_057799656.1	A
anno1.g4313.t1	A	rna-XM_057810800.1	A
anno1.g4314.t1	A	rna-XM_057805514.1	A
anno1.g4315.t1	A	rna-XM_057802247.1	A
anno1.g4316.t1	A	rna-XM_057812825.1	A
anno1.g4317.t3	A	rna-XM_057813365.1	A
anno1.g4319.t1	A	rna-XM_057803189.1	A
anno1.g4320.t1	A	rna-XM_057813924.1	A
anno1.g4321.t2	A	rna-XM_057813922.1	A
anno1.g4322.t1	A	rna-XM_057815051.1	A
anno1.g4323.t1	A	rna-XM_057795574.1	A
anno1.g4324.t1	A	rna-XM_057807420.1	A
anno1.g4325.t1	A	rna-XM_057807415.1	A
anno1.g4327.t1	A	rna-XM_057807424.1	A
anno1.g4328.t1	A	rna-XM_057807422.1	A
anno1.g4329.t2	A	rna-XM_057807426.1	A
anno1.g4330.t1	A	rna-XM_057807433.1	A
anno1.g4331.t2	A	rna-XM_057807430.1	A
anno1.g4332.t1	A	rna-XM_057807410.1	A
anno1.g4333.t1	A	rna-XM_057807408.1	A
anno1.g4334.t1	A	rna-XM_057796966.1	A
anno1.g4336.t1	A	rna-XM_057805166.1	A
anno1.g4338.t1	A	rna-XM_057796313.1	A
anno1.g4339.t1	A	rna-XM_057796322.1	A
anno1.g4340.t1	A	rna-XM_057802555.1	A
anno1.g4341.t1	A	rna-XM_057802086.1	A
anno1.g4343.t1	A	rna-XM_057808079.1	A
anno1.g4346.t1	A	rna-XM_057807881.1	A
anno1.g4348.t2	A	rna-XM_057807888.1	A
anno1.g4349.t1	A	rna-XM_057807887.1	A
anno1.g4350.t1	A	rna-XM_057808824.1	A
anno1.g4352.t1	A	rna-XM_057804225.1	A
anno1.g4353.t1	A	rna-XM_057804214.1	A
anno1.g4354.t1	A	rna-XM_057804221.1	A
anno1.g4355.t4	A	rna-XM_057809567.1	A
anno1.g4356.t2	A	rna-XM_057809702.1	A
anno1.g4357.t1	A	rna-XM_057804203.1	A
anno1.g4358.t1	A	rna-XM_057797177.1	A
anno1.g4359.t1	A	rna-XM_057809571.1	A
anno1.g4363.t1	A	rna-XM_057799167.1	A
anno1.g4367.t1	A	rna-XM_057809856.1	A
anno1.g4368.t1	A	rna-XM_057808827.1	A
anno1.g4369.t1	A	rna-XM_057808826.1	A
anno1.g4370.t1	A	rna-XM_057801126.1	A
anno1.g4371.t1	A	rna-XM_057794922.1	A
anno1.g4372.t1	A	rna-XM_057805114.1	A
anno1.g4373.t1	A	rna-XM_057805120.1	A
anno1.g4374.t2	A	rna-XM_057802378.1	A
anno1.g4376.t2	A	rna-XM_057804758.1	A
anno1.g4379.t1	A	rna-XM_057798028.1	A
anno1.g4380.t2	A	rna-XM_057798029.1	A
anno1.g4382.t1	A	rna-XM_057797827.1	A
anno1.g4384.t1	A	rna-XM_057798679.1	A
anno1.g4386.t1	A	rna-XM_057813863.1	A
anno1.g4390.t1	A	rna-XM_057801401.1	A
anno1.g4403.t1	A	rna-XM_057814707.1	A
anno1.g4404.t1	A	rna-XM_057798688.1	A
anno1.g4405.t1	A	rna-XM_057808727.1	A
anno1.g4406.t2	A	rna-XM_057815112.1	A
anno1.g4407.t2	A	rna-XM_057798684.1	A
anno1.g4408.t1	A	rna-XM_057807718.1	A
anno1.g4409.t2	A	rna-XM_057816267.1	A
anno1.g4410.t1	A	rna-XM_057816191.1	A
anno1.g4411.t1	A	rna-XM_057799743.1	A
anno1.g4412.t1	A	rna-XM_057794902.1	A
anno1.g4413.t1	A	rna-XM_057816113.1	A
anno1.g4416.t1	A	rna-XM_057816199.1	A
anno1.g4418.t1	A	rna-XM_057816200.1	A
anno1.g4419.t1	A	rna-XM_057808051.1	A
anno1.g4421.t2	A	rna-XM_057808077.1	A
anno1.g4422.t1	A	rna-XM_057812486.1	A
anno1.g4423.t1	A	rna-XM_057813306.1	A
anno1.g4424.t1	A	rna-XM_057810453.1	A
anno1.g4425.t1	A	rna-XM_057810801.1	A
anno1.g4427.t1	A	rna-XM_057812849.1	A
anno1.g4429.t1	A	rna-XM_057815957.1	A
anno1.g4430.t2	A	rna-XM_057800349.1	A
anno1.g4431.t5	A	rna-XM_057814434.1	A
anno1.g4432.t1	A	rna-XM_057812314.1	A
anno1.g4433.t1	A	rna-XM_057802108.1	A
anno1.g4434.t1	A	rna-XM_057811707.1	A
anno1.g4435.t1	A	rna-XM_057794901.1	A
anno1.g4436.t1	A	rna-XM_057810067.1	A
anno1.g4437.t1	A	rna-XM_057800379.1	A
anno1.g4440.t1	A	rna-XM_057813377.1	A
anno1.g4442.t1	A	rna-XM_057795903.1	A
anno1.g4443.t1	A	rna-XM_057804845.1	A
anno1.g4444.t1	A	rna-XM_057804848.1	A
anno1.g4445.t1	A	rna-XM_057816447.1	A
anno1.g4446.t1	A	rna-XM_057801336.1	A
anno1.g4448.t1	A	rna-XM_057801335.1	A
anno1.g4450.t1	A	rna-XM_057797445.1	X
anno1.g4452.t1	A	rna-XM_057803020.1	A
anno1.g4453.t1	A	rna-XM_057796336.1	X
anno1.g4454.t1	A	rna-XM_057795361.1	A
anno1.g4455.t1	A	rna-XM_057801310.1	A
anno1.g4460.t1	A	rna-XM_057799664.1	A
anno1.g4463.t1	A	rna-XM_057806513.1	A
anno1.g4465.t1	A	rna-XM_057801314.1	A
anno1.g4476.t3	A	rna-XM_057801286.1	A
anno1.g4477.t1	A	rna-XM_057805812.1	A
anno1.g4478.t3	A	rna-XM_057799480.1	A
anno1.g4479.t4	A	rna-XM_057799466.1	A
anno1.g4480.t1	A	rna-XM_057810547.1	X
anno1.g4484.t1	A	rna-XM_057799247.1	A
anno1.g4485.t1	A	rna-XM_057799712.1	A
anno1.g4486.t2	A	rna-XM_057799718.1	A
anno1.g4487.t1	A	rna-XM_057799723.1	A
anno1.g4489.t1	A	rna-XM_057799722.1	A
anno1.g4492.t1	A	rna-XM_057801947.1	A
anno1.g4493.t1	A	rna-XM_057804630.1	A
anno1.g4494.t2	A	rna-XM_057803016.1	A
anno1.g4495.t1	A	rna-XM_057803019.1	A
anno1.g4496.t1	A	rna-XM_057810622.1	A
anno1.g4497.t2	A	rna-XM_057799709.1	A
anno1.g4500.t2	A	rna-XM_057805530.1	A
anno1.g4501.t2	A	rna-XM_057810032.1	A
anno1.g4503.t1	A	rna-XM_057811086.1	A
anno1.g4504.t3	A	rna-XM_057813270.1	A
anno1.g4505.t1	A	rna-XM_057810755.1	A
anno1.g4507.t1	A	rna-XM_057815047.1	A
anno1.g4508.t1	A	rna-XM_057815634.1	A
anno1.g4509.t1	A	rna-XM_057815629.1	A
anno1.g4511.t1	A	rna-XM_057802138.1	A
anno1.g4517.t1	A	rna-XM_057802131.1	A
anno1.g4520.t1	A	rna-XM_057810731.1	A
anno1.g4521.t1	A	rna-XM_057798709.1	A
anno1.g4523.t1	A	rna-XM_057802137.1	A
anno1.g4525.t1	A	rna-XM_057803023.1	A
anno1.g4526.t1	A	rna-XM_057803032.1	A
anno1.g4527.t1	A	rna-XM_057802329.1	A
anno1.g4528.t1	A	rna-XM_057803790.1	A
anno1.g4532.t1	A	rna-XM_057801927.1	A
anno1.g4533.t1	A	rna-XM_057815940.1	A
anno1.g4534.t1	A	rna-XM_057813923.1	A
anno1.g4537.t1	A	rna-XM_057805810.1	A
anno1.g4538.t1	A	rna-XM_057795349.1	X
anno1.g4544.t1	A	rna-XM_057806099.1	A
anno1.g4545.t1	A	rna-XM_057805041.1	A
anno1.g4547.t1	A	rna-XM_057805045.1	A
anno1.g4548.t1	A	rna-XM_057805048.1	A
anno1.g4549.t2	A	rna-XM_057805052.1	A
anno1.g4550.t2	A	rna-XM_057808011.1	A
anno1.g4551.t1	A	rna-XM_057808342.1	A
anno1.g4552.t2	A	rna-XM_057808325.1	A
anno1.g4554.t2	A	rna-XM_057808330.1	A
anno1.g4556.t1	A	rna-XM_057807966.1	A
anno1.g4558.t1	A	rna-XM_057808333.1	A
anno1.g4561.t1	A	rna-XM_057808923.1	A
anno1.g4562.t1	A	rna-XM_057808924.1	A
anno1.g4563.t1	A	rna-XM_057807796.1	A
anno1.g4564.t1	A	rna-XM_057813336.1	A
anno1.g4566.t1	A	rna-XM_057804088.1	A
anno1.g4567.t1	A	rna-XM_057808161.1	A
anno1.g4568.t1	A	rna-XM_057807722.1	A
anno1.g4570.t2	A	rna-XM_057808332.1	A
anno1.g4573.t1	A	rna-XM_057815597.1	A
anno1.g4575.t1	A	rna-XM_057808124.1	A
anno1.g4576.t1	A	rna-XM_057808514.1	A
anno1.g4577.t1	A	rna-XM_057808297.1	A
anno1.g4578.t1	A	rna-XM_057808580.1	A
anno1.g4581.t1	A	rna-XM_057808298.1	A
anno1.g4582.t1	A	rna-XM_057808302.1	A
anno1.g4583.t1	A	rna-XM_057808299.1	A
anno1.g4585.t1	A	rna-XM_057808187.1	A
anno1.g4586.t1	A	rna-XM_057808126.1	A
anno1.g4591.t1	A	rna-XM_057810922.1	A
anno1.g4592.t1	A	rna-XM_057798844.1	A
anno1.g4598.t1	A	rna-XM_057815879.1	A
anno1.g4600.t1	A	rna-XM_057797022.1	A
anno1.g4601.t1	A	rna-XM_057797021.1	A
anno1.g4602.t1	A	rna-XM_057797019.1	A
anno1.g4603.t1	A	rna-XM_057802059.1	A
anno1.g4605.t1	A	rna-XM_057802356.1	A
anno1.g4606.t2	A	rna-XM_057813933.1	A
anno1.g4611.t1	A	rna-XM_057803267.1	A
anno1.g4616.t1	A	rna-XM_057798817.1	A
anno1.g4617.t2	A	rna-XM_057799766.1	A
anno1.g4620.t1	A	rna-XM_057815114.1	A
anno1.g4621.t2	A	rna-XM_057811347.1	A
anno1.g4622.t1	A	rna-XM_057811345.1	A
anno1.g4623.t2	A	rna-XM_057812100.1	A
anno1.g4624.t1	A	rna-XM_057813076.1	A
anno1.g4625.t1	A	rna-XM_057815310.1	Y
anno1.g4626.t1	A	rna-XM_057800922.1	A
anno1.g4627.t1	A	rna-XM_057801054.1	A
anno1.g4628.t1	A	rna-XM_057813948.1	A
anno1.g4631.t1	A	rna-XM_057811388.1	A
anno1.g4632.t1	A	rna-XM_057816926.1	A
anno1.g4633.t1	A	rna-XM_057815248.1	Y
anno1.g4634.t1	A	rna-XM_057811379.1	A
anno1.g4635.t2	A	rna-XM_057813168.1	A
anno1.g4637.t1	A	rna-XM_057815016.1	A
anno1.g4638.t1	A	rna-XM_057808372.1	A
anno1.g4639.t1	A	rna-XM_057810737.1	A
anno1.g4641.t1	A	rna-XM_057801489.1	A
anno1.g4642.t1	A	rna-XM_057801493.1	A
anno1.g4647.t1	A	rna-XM_057796937.1	A
anno1.g4652.t1	A	rna-XM_057812225.1	A
anno1.g4653.t1	A	rna-XM_057799762.1	A
anno1.g4656.t1	A	rna-XM_057816677.1	A
anno1.g4657.t1	A	rna-XM_057803260.1	A
anno1.g4658.t1	A	rna-XM_057814778.1	A
anno1.g4659.t2	A	rna-XM_057811382.1	A
anno1.g4660.t1	A	rna-XM_057801499.1	A
anno1.g4661.t1	A	rna-XM_057801494.1	A
anno1.g4663.t2	A	rna-XM_057795866.1	A
anno1.g4665.t1	A	rna-XM_057813795.1	A
anno1.g4666.t2	A	rna-XM_057803276.1	A
anno1.g4667.t1	A	rna-XM_057801755.1	A
anno1.g4668.t2	A	rna-XM_057815641.1	A
anno1.g4669.t1	A	rna-XM_057805678.1	A
anno1.g4670.t1	A	rna-XM_057805406.1	A
anno1.g4671.t1	A	rna-XM_057805685.1	A
anno1.g4672.t1	A	rna-XM_057812386.1	A
anno1.g4673.t1	A	rna-XM_057795696.1	A
anno1.g4675.t2	A	rna-XM_057796458.1	A
anno1.g4685.t1	A	rna-XM_057798549.1	A
anno1.g4686.t1	A	rna-XM_057812494.1	A
anno1.g4687.t1	A	rna-XM_057811532.1	A
anno1.g4689.t1	A	rna-XM_057811630.1	A
anno1.g4690.t1	A	rna-XM_057812124.1	A
anno1.g4691.t1	A	rna-XM_057802991.1	X
anno1.g4692.t1	A	rna-XM_057812039.1	A
anno1.g4693.t1	A	rna-XM_057815765.1	X
anno1.g4694.t1	A	rna-XM_057796118.1	X
anno1.g4695.t1	A	rna-XM_057806640.1	X
anno1.g4696.t2	A	rna-XM_057816301.1	A
anno1.g4697.t1	A	rna-XM_057816456.1	A
anno1.g4698.t1	A	rna-XM_057815556.1	A
anno1.g4699.t1	A	rna-XM_057800710.1	A
anno1.g4701.t1	A	rna-XM_057798902.1	A
anno1.g4702.t1	A	rna-XM_057813205.1	A
anno1.g4703.t1	A	rna-XM_057813194.1	A
anno1.both_agree_g12774.t1	A	rna-XM_057797358.1	A
anno1.g4705.t2	A	rna-XM_057800167.1	A
anno1.g4706.t1	A	rna-XM_057800669.1	A
anno1.g4708.t1	A	rna-XM_057800670.1	A
anno1.g4709.t1	A	rna-XM_057814088.1	A
anno1.g4711.t1	A	rna-XM_057800711.1	A
anno1.g4712.t1	A	rna-XM_057800999.1	A
anno1.g4713.t1	A	rna-XM_057800738.1	A
anno1.g4714.t1	A	rna-XM_057802785.1	A
anno1.g4715.t1	A	rna-XM_057794894.1	A
anno1.g4716.t2	A	rna-XM_057813419.1	A
anno1.g4721.t1	A	rna-XM_057811199.1	A
anno1.g4723.t1	A	rna-XM_057795111.1	A
anno1.g4724.t1	A	rna-XM_057795993.1	A
anno1.g4725.t2	A	rna-XM_057797972.1	X
anno1.g4727.t1	A	rna-XM_057810959.1	A
anno1.g4728.t1	A	rna-XM_057795112.1	A
anno1.g4736.t2	A	rna-XM_057811563.1	A
anno1.g4738.t2	A	rna-XM_057801812.1	A
anno1.g4739.t2	A	rna-XM_057803917.1	A
anno1.g4740.t2	A	rna-XM_057813001.1	X
anno1.g4742.t1	A	rna-XM_057812192.1	A
anno1.g4743.t1	A	rna-XM_057802696.1	A
anno1.g4744.t1	A	rna-XM_057816333.1	A
anno1.g4745.t1	A	rna-XM_057801761.1	A
anno1.g4747.t1	A	rna-XM_057804808.1	A
anno1.g4750.t1	A	rna-XM_057812073.1	A
anno1.g4752.t1	A	rna-XM_057811278.1	A
anno1.g4753.t1	A	rna-XM_057812362.1	A
anno1.g4755.t2	A	rna-XM_057812364.1	A
anno1.g4756.t1	A	rna-XM_057812358.1	A
anno1.g4757.t1	A	rna-XM_057812360.1	A
anno1.g4758.t1	A	rna-XM_057815645.1	A
anno1.g4759.t2	A	rna-XM_057815829.1	A
anno1.g4760.t1	A	rna-XM_057812352.1	A
anno1.g4761.t1	A	rna-XM_057812356.1	A
anno1.g4762.t1	A	rna-XM_057815497.1	A
anno1.g4763.t1	A	rna-XM_057815509.1	A
anno1.g4764.t1	A	rna-XM_057811535.1	A
anno1.g4766.t1	A	rna-XM_057808728.1	A
anno1.g4767.t1	A	rna-XM_057805361.1	A
anno1.g4768.t1	A	rna-XM_057805357.1	A
anno1.g4769.t1	A	rna-XM_057816418.1	A
anno1.g4770.t1	A	rna-XM_057816419.1	A
anno1.g4771.t1	A	rna-XM_057815609.1	A
anno1.g4772.t1	A	rna-XM_057816533.1	A
anno1.g4773.t2	A	rna-XM_057797781.1	A
anno1.g4774.t1	A	rna-XM_057799699.1	A
anno1.g4775.t2	A	rna-XM_057804713.1	A
anno1.g4776.t1	A	rna-XM_057802948.1	A
anno1.g4777.t2	A	rna-XM_057801967.1	A
anno1.g4778.t1	A	rna-XM_057800695.1	A
anno1.g4779.t1	A	rna-XM_057800692.1	A
anno1.g4781.t1	A	rna-XM_057800693.1	A
anno1.g4782.t1	A	rna-XM_057800694.1	A
anno1.g4783.t1	A	rna-XM_057800050.1	A
anno1.g4784.t1	A	rna-XM_057815996.1	X
anno1.g4785.t1	A	rna-XM_057797098.1	A
anno1.g4786.t1	A	rna-XM_057815688.1	A
anno1.g4790.t1	A	rna-XM_057814401.1	A
anno1.g4791.t1	A	rna-XM_057814383.1	A
anno1.g4792.t1	A	rna-XM_057811529.1	A
anno1.g4794.t1	A	rna-XM_057811623.1	A
anno1.g4796.t1	A	rna-XM_057811629.1	A
anno1.g4797.t1	A	rna-XM_057795568.1	A
anno1.g4802.t1	A	rna-XM_057797333.1	A
anno1.g4803.t1	A	rna-XM_057804403.1	A
anno1.g4804.t1	A	rna-XM_057805215.1	A
anno1.g4805.t2	A	rna-XM_057805213.1	A
anno1.g4806.t1	A	rna-XM_057808612.1	A
anno1.g4807.t1	A	rna-XM_057809555.1	A
anno1.g4808.t2	A	rna-XM_057804355.1	A
anno1.g4809.t2	A	rna-XM_057804354.1	A
anno1.g4810.t1	A	rna-XM_057803969.1	A
anno1.g4811.t1	A	rna-XM_057801138.1	A
anno1.g4812.t1	A	rna-XM_057812633.1	A
anno1.g4817.t1	A	rna-XM_057798118.1	A
anno1.g4818.t1	A	rna-XM_057798070.1	A
anno1.g4819.t1	A	rna-XM_057798011.1	A
anno1.g4822.t1	A	rna-XM_057812972.1	A
anno1.g4823.t1	A	rna-XM_057813455.1	A
anno1.g4825.t1	A	rna-XM_057805096.1	A
anno1.g4826.t1	A	rna-XM_057805098.1	A
anno1.g4827.t1	A	rna-XM_057805111.1	A
anno1.g4828.t1	A	rna-XM_057805112.1	A
anno1.g4829.t3	A	rna-XM_057805115.1	A
anno1.g4830.t1	A	rna-XM_057809563.1	A
anno1.g4831.t1	A	rna-XM_057796333.1	A
anno1.g4832.t1	A	rna-XM_057796301.1	A
anno1.g4833.t1	A	rna-XM_057812304.1	A
anno1.g4835.t1	A	rna-XM_057812258.1	A
anno1.g4836.t1	A	rna-XM_057802577.1	A
anno1.g4837.t1	A	rna-XM_057803700.1	A
anno1.g4838.t1	A	rna-XM_057802499.1	A
anno1.g4841.t1	A	rna-XM_057802570.1	A
anno1.g4842.t1	A	rna-XM_057802543.1	A
anno1.g4843.t1	A	rna-XM_057795938.1	A
anno1.g4844.t1	A	rna-XM_057795430.1	A
anno1.g4845.t1	A	rna-XM_057815239.1	A
anno1.g4846.t1	A	rna-XM_057798597.1	A
anno1.g4847.t1	A	rna-XM_057816485.1	A
anno1.g4852.t1	A	rna-XM_057796365.1	A
anno1.g4855.t1	A	rna-XM_057795492.1	A
anno1.g4856.t1	A	rna-XM_057812939.1	A
anno1.g4857.t1	A	rna-XM_057810686.1	A
anno1.g4858.t1	A	rna-XM_057797714.1	A
anno1.g4862.t1	A	rna-XM_057816027.1	A
anno1.g4865.t1	A	rna-XM_057814809.1	A
anno1.g4866.t1	A	rna-XM_057811661.1	A
anno1.g4867.t1	A	rna-XM_057811321.1	A
anno1.g4868.t1	A	rna-XM_057811323.1	A
anno1.g4869.t2	A	rna-XM_057805529.1	A
anno1.g4870.t1	A	rna-XM_057805528.1	A
anno1.g4875.t2	A	rna-XM_057805518.1	A
anno1.g4876.t1	A	rna-XM_057805378.1	A
anno1.g4879.t1	A	rna-XM_057805382.1	A
anno1.g4880.t1	A	rna-XM_057812168.1	A
anno1.g4881.t1	A	rna-XM_057811343.1	A
anno1.g4882.t1	A	rna-XM_057811537.1	A
anno1.g4884.t1	A	rna-XM_057798433.1	A
anno1.g4885.t1	A	rna-XM_057811701.1	A
anno1.g4886.t1	A	rna-XM_057803003.1	A
anno1.g4887.t1	A	rna-XM_057802997.1	A
anno1.g4888.t1	A	rna-XM_057808908.1	A
anno1.g4889.t1	A	rna-XM_057796873.1	A
anno1.g4890.t1	A	rna-XM_057796867.1	A
anno1.g4891.t1	A	rna-XM_057796872.1	A
anno1.g4892.t1	A	rna-XM_057800034.1	A
anno1.g4893.t1	A	rna-XM_057811658.1	A
anno1.g4896.t1	A	rna-XM_057812932.1	A
anno1.g4902.t2	A	rna-XM_057796961.1	A
anno1.g4903.t1	A	rna-XM_057795639.1	A
anno1.g4904.t2	A	rna-XM_057795390.1	A
anno1.g4906.t1	A	rna-XM_057816686.1	A
anno1.g4907.t1	A	rna-XM_057815150.1	A
anno1.g4908.t1	A	rna-XM_057816893.1	A
anno1.g4909.t1	A	rna-XM_057816904.1	A
anno1.g4910.t1	A	rna-XM_057816900.1	A
anno1.g4911.t1	A	rna-XM_057795116.1	A
anno1.g4912.t1	A	rna-XM_057798713.1	A
anno1.g4913.t1	A	rna-XM_057798714.1	A
anno1.g4914.t1	A	rna-XM_057799939.1	A
anno1.g4915.t1	A	rna-XM_057813875.1	A
anno1.g4916.t1	A	rna-XM_057795507.1	A
anno1.g4917.t1	A	rna-XM_057800913.1	A
anno1.g4918.t1	A	rna-XM_057797634.1	A
anno1.g4919.t2	A	rna-XM_057798706.1	A
anno1.g4921.t1	A	rna-XM_057799057.1	A
anno1.g4922.t1	A	rna-XM_057799054.1	A
anno1.g4924.t1	A	rna-XM_057797922.1	A
anno1.g4925.t1	A	rna-XM_057797921.1	A
anno1.g4926.t1	A	rna-XM_057797920.1	A
anno1.g4927.t1	A	rna-XM_057797919.1	A
anno1.g4930.t1	A	rna-XM_057811752.1	A
anno1.g4931.t1	A	rna-XM_057798460.1	A
anno1.g4932.t1	A	rna-XM_057798451.1	A
anno1.g4933.t1	A	rna-XM_057798298.1	A
anno1.g4938.t1	A	rna-XM_057802335.1	A
anno1.g4939.t1	A	rna-XM_057802210.1	A
anno1.g4940.t1	A	rna-XM_057802226.1	A
anno1.g4941.t1	A	rna-XM_057802348.1	A
anno1.g4942.t1	A	rna-XM_057800190.1	A
anno1.g4943.t1	A	rna-XM_057800189.1	A
anno1.g4946.t1	A	rna-XM_057800956.1	A
anno1.g4947.t1	A	rna-XM_057798045.1	A
anno1.g4948.t1	A	rna-XM_057811402.1	A
anno1.g4951.t1	A	rna-XM_057806716.1	A
anno1.g4952.t1	A	rna-XM_057806701.1	A
anno1.g4956.t1	A	rna-XM_057805533.1	A
anno1.g4957.t1	A	rna-XM_057805536.1	A
anno1.g4965.t1	A	rna-XM_057811553.1	A
anno1.g4968.t1	A	rna-XM_057803002.1	A
anno1.g4969.t3	A	rna-XM_057802139.1	A
anno1.g4970.t2	A	rna-XM_057802135.1	A
anno1.g4975.t1	A	rna-XM_057810284.1	A
anno1.g4977.t1	A	rna-XM_057810314.1	A
anno1.g4978.t1	A	rna-XM_057812210.1	X
anno1.g4981.t1	A	rna-XM_057795908.1	X
anno1.g4983.t1	A	rna-XM_057795708.1	X
anno1.g4985.t1	A	rna-XM_057806570.1	A
anno1.g4987.t1	A	rna-XM_057810729.1	A
anno1.g4989.t1	A	rna-XM_057810738.1	A
anno1.g4991.t1	A	rna-XM_057816209.1	A
anno1.g4994.t1	A	rna-XM_057816660.1	A
anno1.g4996.t1	A	rna-XM_057795117.1	A
anno1.g4997.t1	A	rna-XM_057795119.1	A
anno1.g5000.t1	A	rna-XM_057795178.1	A
anno1.g5003.t1	A	rna-XM_057799439.1	A
anno1.g5004.t3	A	rna-XM_057799441.1	A
anno1.g5005.t1	A	rna-XM_057799432.1	A
anno1.g5006.t1	A	rna-XM_057799433.1	A
anno1.g5007.t1	A	rna-XM_057798457.1	A
anno1.g5008.t1	A	rna-XM_057798449.1	A
anno1.g5009.t1	A	rna-XM_057800607.1	A
anno1.g5010.t1	A	rna-XM_057800660.1	A
anno1.g5014.t1	A	rna-XM_057800026.1	A
anno1.g5015.t2	A	rna-XM_057800027.1	A
anno1.g5018.t2	A	rna-XM_057801204.1	A
anno1.g5019.t1	A	rna-XM_057801199.1	A
anno1.g5021.t1	A	rna-XM_057798627.1	A
anno1.g5022.t1	A	rna-XM_057810898.1	A
anno1.g5023.t1	A	rna-XM_057808763.1	X
anno1.g5031.t1	A	rna-XM_057802033.1	X
anno1.g5032.t1	A	rna-XM_057798798.1	A
anno1.g5033.t1	A	rna-XM_057801210.1	A
anno1.g5034.t2	A	rna-XM_057801208.1	A
anno1.g5038.t1	A	rna-XM_057795127.1	A
anno1.g5040.t1	A	rna-XM_057815149.1	A
anno1.g5041.t1	A	rna-XM_057816902.1	A
anno1.g5044.t1	A	rna-XM_057815948.1	A
anno1.g5045.t1	A	rna-XM_057816937.1	A
anno1.g5047.t1	A	rna-XM_057816907.1	A
anno1.g5048.t1	A	rna-XM_057816814.1	A
anno1.g5049.t1	A	rna-XM_057816108.1	A
anno1.g5050.t1	A	rna-XM_057815764.1	A
anno1.g5051.t2	A	rna-XM_057810739.1	A
anno1.g5052.t2	A	rna-XM_057808583.1	A
anno1.g5053.t1	A	rna-XM_057808584.1	A
anno1.g5054.t1	A	rna-XM_057808586.1	A
anno1.g5055.t1	A	rna-XM_057800310.1	A
anno1.g5056.t1	A	rna-XM_057815247.1	A
anno1.g5057.t2	A	rna-XM_057815251.1	A
anno1.g5058.t1	A	rna-XM_057801631.1	A
anno1.g5059.t1	A	rna-XM_057801630.1	A
anno1.g5060.t1	A	rna-XM_057798208.1	A
anno1.g5062.t1	A	rna-XM_057803490.1	A
anno1.g5064.t1	A	rna-XM_057801786.1	A
anno1.g5065.t3	A	rna-XM_057798333.1	A
anno1.g5066.t2	A	rna-XM_057797736.1	A
anno1.g5067.t1	A	rna-XM_057803479.1	A
anno1.g5068.t1	A	rna-XM_057815296.1	Y
anno1.g5069.t2	A	rna-XM_057803477.1	A
anno1.g5070.t1	A	rna-XM_057807948.1	A
anno1.g5072.t1	A	rna-XM_057807920.1	A
anno1.g5073.t1	A	rna-XM_057808118.1	A
anno1.g5074.t1	A	rna-XM_057808217.1	A
anno1.g5076.t1	A	rna-XM_057813501.1	A
anno1.g5079.t1	A	rna-XM_057800733.1	A
anno1.g5080.t1	A	rna-XM_057808221.1	A
anno1.g5082.t2	A	rna-XM_057808213.1	A
anno1.g5083.t2	A	rna-XM_057807960.1	A
anno1.g5084.t1	A	rna-XM_057801883.1	A
anno1.g5086.t1	A	rna-XM_057803843.1	A
anno1.g5087.t1	A	rna-XM_057802277.1	A
anno1.g5088.t1	A	rna-XM_057814887.1	A
anno1.g5089.t2	A	rna-XM_057808216.1	A
anno1.g5099.t1	A	rna-XM_057801654.1	A
anno1.g5100.t1	A	rna-XM_057814042.1	A
anno1.g5102.t1	A	rna-XM_057812053.1	A
anno1.g5112.t2	A	rna-XM_057803033.1	A
anno1.g5117.t1	A	rna-XM_057807386.1	A
anno1.g5118.t1	A	rna-XM_057807394.1	A
anno1.g5127.t1	A	rna-XM_057803027.1	A
anno1.g5128.t1	A	rna-XM_057798332.1	A
anno1.g5130.t1	A	rna-XM_057812913.1	A
anno1.g5132.t2	A	rna-XM_057802437.1	A
anno1.g5146.t1	A	rna-XM_057810809.1	A
anno1.g5150.t1	A	rna-XM_057816803.1	A
anno1.g5159.t1	A	rna-XM_057815415.1	A
anno1.g5163.t1	A	rna-XM_057815907.1	A
anno1.g5165.t2	A	rna-XM_057799479.1	A
anno1.g5167.t2	A	rna-XM_057799484.1	A
anno1.g5168.t1	A	rna-XM_057799498.1	A
anno1.g5169.t1	A	rna-XM_057795843.1	A
anno1.g5170.t1	A	rna-XM_057795578.1	X
anno1.g5172.t1	A	rna-XM_057810078.1	A
anno1.g5173.t1	A	rna-XM_057816292.1	A
anno1.g5174.t1	A	rna-XM_057796585.1	X
anno1.g5179.t1	A	rna-XM_057804620.1	X
anno1.g5181.t1	A	rna-XM_057810153.1	A
anno1.g5182.t1	A	rna-XM_057810163.1	A
anno1.g5183.t1	A	rna-XM_057814743.1	A
anno1.g5184.t1	A	rna-XM_057808475.1	X
anno1.g5188.t2	A	rna-XM_057800147.1	A
anno1.g5190.t2	A	rna-XM_057803354.1	A
anno1.g5191.t1	A	rna-XM_057802497.1	A
anno1.g5192.t1	A	rna-XM_057808692.1	A
anno1.g5195.t1	A	rna-XM_057799535.1	A
anno1.g5196.t2	A	rna-XM_057799536.1	A
anno1.g5200.t2	A	rna-XM_057807656.1	A
anno1.g5201.t1	A	rna-XM_057800410.1	A
anno1.g5202.t1	A	rna-XM_057803460.1	A
anno1.g5203.t1	A	rna-XM_057803457.1	A
anno1.g5206.t1	A	rna-XM_057816516.1	X
anno1.g5221.t1	A	rna-XM_057800225.1	A
anno1.g5222.t1	A	rna-XM_057796548.1	X
anno1.g5226.t2	A	rna-XM_057815537.1	X
anno1.g5230.t2	A	rna-XM_057816637.1	X
anno1.g5234.t1	A	rna-XM_057816503.1	X
anno1.g5237.t1	A	rna-XM_057814991.1	A
anno1.g5239.t1	A	rna-XM_057814873.1	A
anno1.g5240.t1	A	rna-XM_057805921.1	A
anno1.g5241.t1	A	rna-XM_057816171.1	A
anno1.g5242.t1	A	rna-XM_057816181.1	A
anno1.g5243.t1	A	rna-XM_057795800.1	A
anno1.g5245.t1	A	rna-XM_057808035.1	X
anno1.g5246.t1	A	rna-XM_057796018.1	X
anno1.g5247.t1	A	rna-XM_057805493.1	A
anno1.g5249.t1	A	rna-XM_057795691.1	A
anno1.g5250.t1	A	rna-XM_057796750.1	A
anno1.g5251.t1	A	rna-XM_057798094.1	A
anno1.g5256.t1	A	rna-XM_057808350.1	A
anno1.g5259.t1	A	rna-XM_057807923.1	A
anno1.g5261.t2	A	rna-XM_057808525.1	A
anno1.g5264.t1	A	rna-XM_057815684.1	X
anno1.g5266.t1	A	rna-XM_057795437.1	A
anno1.g5268.t1	A	rna-XM_057801445.1	A
anno1.g5269.t1	A	rna-XM_057811424.1	X
anno1.g5272.t1	A	rna-XM_057811411.1	X
anno1.g5273.t1	A	rna-XM_057811437.1	X
anno1.g5275.t1	A	rna-XM_057806632.1	X
anno1.g5274.t3	A	rna-XM_057797185.1	X
anno1.g5276.t1	A	rna-XM_057806571.1	X
anno1.g5277.t1	A	rna-XM_057799823.1	A
anno1.g5278.t1	A	rna-XM_057798689.1	A
anno1.g5288.t1	A	rna-XM_057796571.1	X
anno1.g5289.t1	A	rna-XM_057812816.1	A
anno1.g5290.t1	A	rna-XM_057814925.1	A
anno1.g5301.t1	A	rna-XM_057809560.1	A
anno1.g5309.t1	A	rna-XM_057795547.1	A
anno1.g5310.t1	A	rna-XM_057809301.1	A
anno1.g5311.t1	A	rna-XM_057809212.1	A
anno1.g5312.t2	A	rna-XM_057809363.1	A
anno1.g5315.t1	A	rna-XM_057809836.1	A
anno1.g5317.t2	A	rna-XM_057809956.1	A
anno1.g5318.t1	A	rna-XM_057815722.1	A
anno1.g5319.t1	A	rna-XM_057816458.1	A
anno1.g5320.t1	A	rna-XM_057812393.1	A
anno1.g5324.t2	A	rna-XM_057814882.1	A
anno1.g5325.t1	A	rna-XM_057814997.1	A
anno1.g5326.t1	A	rna-XM_057812387.1	A
anno1.g5327.t2	A	rna-XM_057814886.1	A
anno1.g5330.t1	A	rna-XM_057794868.1	A
anno1.g5331.t2	A	rna-XM_057801550.1	A
anno1.g5334.t1	A	rna-XM_057795551.1	A
anno1.g5337.t3	A	rna-XM_057801549.1	A
anno1.g5339.t1	A	rna-XM_057815437.1	A
anno1.g5340.t1	A	rna-XM_057815747.1	A
anno1.g5341.t1	A	rna-XM_057815746.1	A
anno1.g5342.t1	A	rna-XM_057815790.1	A
anno1.g5343.t1	A	rna-XM_057815200.1	A
anno1.g5344.t1	A	rna-XM_057815214.1	A
anno1.g5345.t1	A	rna-XM_057815210.1	A
anno1.g5346.t1	A	rna-XM_057815856.1	A
anno1.g5347.t1	A	rna-XM_057816306.1	A
anno1.g5357.t3	A	rna-XM_057795550.1	A
anno1.g5358.t1	A	rna-XM_057795722.1	A
anno1.g5359.t1	A	rna-XM_057815485.1	A
anno1.g5360.t1	A	rna-XM_057812207.1	A
anno1.g5365.t1	A	rna-XM_057816918.1	A
anno1.g5366.t1	A	rna-XM_057815610.1	A
anno1.g5367.t1	A	rna-XM_057816919.1	A
anno1.g5368.t2	A	rna-XM_057816909.1	A
anno1.g5369.t1	A	rna-XM_057795435.1	A
anno1.g5370.t1	A	rna-XM_057814957.1	A
anno1.g5371.t1	A	rna-XM_057807272.1	A
anno1.g5372.t1	A	rna-XM_057807275.1	A
anno1.g5374.t1	A	rna-XM_057799352.1	A
anno1.g5375.t1	A	rna-XM_057799351.1	A
anno1.g5376.t2	A	rna-XM_057801043.1	A
anno1.g5377.t1	A	rna-XM_057816764.1	A
anno1.g5378.t1	A	rna-XM_057816628.1	A
anno1.g5379.t2	A	rna-XM_057816324.1	A
anno1.g5380.t1	A	rna-XM_057816325.1	A
anno1.g5381.t1	A	rna-XM_057808300.1	X
anno1.g5382.t1	A	rna-XM_057809393.1	A
anno1.g5383.t2	A	rna-XM_057809686.1	A
anno1.g5385.t1	A	rna-XM_057810703.1	A
anno1.g5386.t1	A	rna-XM_057803592.1	A
anno1.g5387.t1	A	rna-XM_057802713.1	A
anno1.g5388.t1	A	rna-XM_057810621.1	A
anno1.g5389.t1	A	rna-XM_057810849.1	A
anno1.g5390.t1	A	rna-XM_057812638.1	A
anno1.g5391.t1	A	rna-XM_057809500.1	A
anno1.g5392.t1	A	rna-XM_057804601.1	X
anno1.g5393.t1	A	rna-XM_057804572.1	X
anno1.g5394.t1	A	rna-XM_057804764.1	X
anno1.g5395.t1	A	rna-XM_057802773.1	A
anno1.g5396.t1	A	rna-XM_057801803.1	A
anno1.g5397.t4	A	rna-XM_057814117.1	A
anno1.g5398.t1	A	rna-XM_057812367.1	A
anno1.g5399.t1	A	rna-XM_057802158.1	A
anno1.g5400.t1	A	rna-XM_057803021.1	A
anno1.g5401.t2	A	rna-XM_057801986.1	A
anno1.g5402.t3	A	rna-XM_057812315.1	A
anno1.g5403.t1	A	rna-XM_057812389.1	A
anno1.g5405.t1	A	rna-XM_057795627.1	A
anno1.g5413.t1	A	rna-XM_057802024.1	X
anno1.g5430.t1	A	rna-XM_057805146.1	A
anno1.g5431.t1	A	rna-XM_057796983.1	A
anno1.g5434.t3	A	rna-XM_057795110.1	A
anno1.g5435.t1	A	rna-XM_057802071.1	A
anno1.g5436.t1	A	rna-XM_057814814.1	A
anno1.g5439.t4	A	rna-XM_057816758.1	X
anno1.g5440.t1	A	rna-XM_057816734.1	X
anno1.g5441.t1	A	rna-XM_057816746.1	X
anno1.g5442.t1	A	rna-XM_057815494.1	X
anno1.g5443.t1	A	rna-XM_057799759.1	X
anno1.g5444.t1	A	rna-XM_057816455.1	X
anno1.g5445.t1	A	rna-XM_057810931.1	A
anno1.g5446.t1	A	rna-XM_057797174.1	A
anno1.g5447.t1	A	rna-XM_057797190.1	A
anno1.g5448.t1	A	rna-XM_057801717.1	A
anno1.g5449.t1	A	rna-XM_057797169.1	A
anno1.g5450.t1	A	rna-XM_057802032.1	A
anno1.g5451.t1	A	rna-XM_057803088.1	X
anno1.g5453.t1	A	rna-XM_057802221.1	X
anno1.g5456.t1	A	rna-XM_057795066.1	A
anno1.g5457.t1	A	rna-XM_057806000.1	X
anno1.g5461.t1	A	rna-XM_057796663.1	A
anno1.g5462.t1	A	rna-XM_057802399.1	X
anno1.g5463.t1	A	rna-XM_057802408.1	X
anno1.g5464.t2	A	rna-XM_057804656.1	X
anno1.g5465.t1	A	rna-XM_057816633.1	A
anno1.g5466.t2	A	rna-XM_057816284.1	A
anno1.g5467.t1	A	rna-XM_057794942.1	A
anno1.g5468.t1	A	rna-XM_057807072.1	A
anno1.g5469.t1	A	rna-XM_057807071.1	A
anno1.g5470.t1	A	rna-XM_057806978.1	A
anno1.g5471.t2	A	rna-XM_057802814.1	A
anno1.g5472.t1	A	rna-XM_057812908.1	A
anno1.g5473.t1	A	rna-XM_057810056.1	A
anno1.g5474.t1	A	rna-XM_057799779.1	A
anno1.g5477.t1	A	rna-XM_057794847.1	A
anno1.g5478.t2	A	rna-XM_057801131.1	A
anno1.g5479.t6	A	rna-XM_057798559.1	X
anno1.g5481.t1	A	rna-XM_057798202.1	X
anno1.g5483.t1	A	rna-XM_057806346.1	A
anno1.g5484.t1	A	rna-XM_057798738.1	A
anno1.g5485.t1	A	rna-XM_057806350.1	A
anno1.g5490.t1	A	rna-XM_057806345.1	A
anno1.g5491.t1	A	rna-XM_057816761.1	A
anno1.g5495.t1	A	rna-XM_057816753.1	A
anno1.g5496.t1	A	rna-XM_057803565.1	A
anno1.g5499.t1	A	rna-XM_057814660.1	A
anno1.g5500.t1	A	rna-XM_057804484.1	X
anno1.g5501.t1	A	rna-XM_057812259.1	A
anno1.g5502.t1	A	rna-XM_057799489.1	A
anno1.g5504.t1	A	rna-XM_057795626.1	A
anno1.g5505.t1	A	rna-XM_057795628.1	A
anno1.g5506.t1	A	rna-XM_057804793.1	X
anno1.g5508.t1	A	rna-XM_057798535.1	X
anno1.g5509.t1	A	rna-XM_057816038.1	X
anno1.g5510.t1	A	rna-XM_057804817.1	X
anno1.g5511.t1	A	rna-XM_057795286.1	A
anno1.g5512.t1	A	rna-XM_057813074.1	A
anno1.g5513.t1	A	rna-XM_057795285.1	A
anno1.g5515.t1	A	rna-XM_057816440.1	A
anno1.g5516.t1	A	rna-XM_057815463.1	A
anno1.g5517.t1	A	rna-XM_057815444.1	A
anno1.g5519.t1	A	rna-XM_057815451.1	A
anno1.g5525.t1	A	rna-XM_057815448.1	A
anno1.g5529.t1	A	rna-XM_057815446.1	A
anno1.g5530.t1	A	rna-XM_057797926.1	A
anno1.g5532.t1	A	rna-XM_057813572.1	A
anno1.g5533.t1	A	rna-XM_057798285.1	A
anno1.g5536.t1	A	rna-XM_057816338.1	A
anno1.g5541.t1	A	rna-XM_057816912.1	A
anno1.g5542.t1	A	rna-XM_057809312.1	A
anno1.g5543.t1	A	rna-XM_057813805.1	A
anno1.g5544.t1	A	rna-XM_057813814.1	A
anno1.g5545.t1	A	rna-XM_057796182.1	A
anno1.g5546.t1	A	rna-XM_057810824.1	A
anno1.g5547.t1	A	rna-XM_057807668.1	X
anno1.g5548.t2	A	rna-XM_057816718.1	X
anno1.g5549.t1	A	rna-XM_057797459.1	A
anno1.g5551.t1	A	rna-XM_057796523.1	X
anno1.g5552.t2	A	rna-XM_057801312.1	A
anno1.g5553.t1	A	rna-XM_057803578.1	A
anno1.g5554.t1	A	rna-XM_057810623.1	A
anno1.g5558.t1	A	rna-XM_057794965.1	A
anno1.g5560.t1	A	rna-XM_057816148.1	A
anno1.g5562.t1	A	rna-XM_057815990.1	A
anno1.g5564.t1	A	rna-XM_057798781.1	A
anno1.g5565.t1	A	rna-XM_057794975.1	A
anno1.g5566.t1	A	rna-XM_057794959.1	A
anno1.g5567.t1	A	rna-XM_057807256.1	A
anno1.g5576.t1	A	rna-XM_057809831.1	A
anno1.g5580.t1	A	rna-XM_057813333.1	A
anno1.g5581.t1	A	rna-XM_057805958.1	A
anno1.g5582.t7	A	rna-XM_057813647.1	A
anno1.g5583.t2	A	rna-XM_057809373.1	A
anno1.g5584.t1	A	rna-XM_057809372.1	A
anno1.g5585.t1	A	rna-XM_057809370.1	A
anno1.g5586.t1	A	rna-XM_057808128.1	A
anno1.g5587.t1	A	rna-XM_057808127.1	A
anno1.g5588.t2	A	rna-XM_057810759.1	A
anno1.g5589.t1	A	rna-XM_057815453.1	A
anno1.g5590.t1	A	rna-XM_057815454.1	A
anno1.g5591.t1	A	rna-XM_057815461.1	A
anno1.g5592.t1	A	rna-XM_057797193.1	A
anno1.g5593.t1	A	rna-XM_057816254.1	A
anno1.g5594.t1	A	rna-XM_057803572.1	A
anno1.g5595.t1	A	rna-XM_057815141.1	A
anno1.g5596.t1	A	rna-XM_057815625.1	A
anno1.g5597.t4	A	rna-XM_057803551.1	A
anno1.g5599.t1	A	rna-XM_057803571.1	A
anno1.g5601.t1	A	rna-XM_057803569.1	A
anno1.g5605.t1	A	rna-XM_057815462.1	A
anno1.g5608.t1	A	rna-XM_057810325.1	A
anno1.g5611.t1	A	rna-XM_057810333.1	A
anno1.g5612.t1	A	rna-XM_057810301.1	A
anno1.g5613.t1	A	rna-XM_057810313.1	A
anno1.g5619.t1	A	rna-XM_057807087.1	A
anno1.g5620.t1	A	rna-XM_057813564.1	A
anno1.g5622.t1	A	rna-XM_057803459.1	A
anno1.g5623.t1	A	rna-XM_057802401.1	A
anno1.g5624.t1	A	rna-XM_057803292.1	A
anno1.g5627.t1	A	rna-XM_057804122.1	A
anno1.g5630.t1	A	rna-XM_057804130.1	A
anno1.g5632.t1	A	rna-XM_057802037.1	A
anno1.g5633.t1	A	rna-XM_057814241.1	A
anno1.g5634.t1	A	rna-XM_057807171.1	A
anno1.g5638.t1	A	rna-XM_057814888.1	A
anno1.g5639.t1	A	rna-XM_057801231.1	X
anno1.g5647.t1	A	rna-XM_057796273.1	A
anno1.g5648.t1	A	rna-XM_057796467.1	A
anno1.g5649.t1	A	rna-XM_057805987.1	A
anno1.g5650.t1	A	rna-XM_057816416.1	A
anno1.g5651.t1	A	rna-XM_057806358.1	A
anno1.g5652.t1	A	rna-XM_057804737.1	X
anno1.g5654.t1	A	rna-XM_057806111.1	A
anno1.g5657.t1	A	rna-XM_057805491.1	A
anno1.g5658.t1	A	rna-XM_057804638.1	X
anno1.g5673.t1	A	rna-XM_057804668.1	X
anno1.g5674.t3	A	rna-XM_057808210.1	X
anno1.g5675.t1	A	rna-XM_057808250.1	X
anno1.g5677.t1	A	rna-XM_057808262.1	X
anno1.g5681.t1	A	rna-XM_057808021.1	X
anno1.g5682.t1	A	rna-XM_057811722.1	A
anno1.g5684.t1	A	rna-XM_057810080.1	A
anno1.g5685.t2	A	rna-XM_057807627.1	X
anno1.g5686.t2	A	rna-XM_057807782.1	X
anno1.g5687.t1	A	rna-XM_057807814.1	X
anno1.g5688.t1	A	rna-XM_057807866.1	X
anno1.g5689.t1	A	rna-XM_057806363.1	A
anno1.g5690.t1	A	rna-XM_057803832.1	A
anno1.g5692.t1	A	rna-XM_057805741.1	A
anno1.g5693.t1	A	rna-XM_057794974.1	A
anno1.g5694.t3	A	rna-XM_057794962.1	A
anno1.g5695.t3	A	rna-XM_057806094.1	A
anno1.g5696.t2	A	rna-XM_057795275.1	A
anno1.g5697.t3	A	rna-XM_057807761.1	X
anno1.g5699.t1	A	rna-XM_057804401.1	A
anno1.g5701.t1	A	rna-XM_057805211.1	A
anno1.g5705.t1	A	rna-XM_057797962.1	A
anno1.g5706.t1	A	rna-XM_057814311.1	X
anno1.g5707.t1	A	rna-XM_057801884.1	A
anno1.g5708.t1	A	rna-XM_057800126.1	X
anno1.g5709.t1	A	rna-XM_057800253.1	X
anno1.g5710.t1	A	rna-XM_057814357.1	X
anno1.g5711.t1	A	rna-XM_057813271.1	X
anno1.g5712.t1	A	rna-XM_057811141.1	A
anno1.g5713.t1	A	rna-XM_057811851.1	A
anno1.g5714.t1	A	rna-XM_057810702.1	A
anno1.g5715.t1	A	rna-XM_057800383.1	A
anno1.g5716.t1	A	rna-XM_057816305.1	A
anno1.g5717.t1	A	rna-XM_057804072.1	A
anno1.g5719.t1	A	rna-XM_057809003.1	A
anno1.g5720.t1	A	rna-XM_057801362.1	X
anno1.g5721.t2	A	rna-XM_057801394.1	X
anno1.g5723.t1	A	rna-XM_057801359.1	A
anno1.g5724.t1	A	rna-XM_057805926.1	A
anno1.g5725.t1	A	rna-XM_057805924.1	A
anno1.g5726.t1	A	rna-XM_057813426.1	A
anno1.g5728.t1	A	rna-XM_057802542.1	A
anno1.g5730.t1	A	rna-XM_057816630.1	A
anno1.g5731.t3	A	rna-XM_057813275.1	A
anno1.g5734.t1	A	rna-XM_057811122.1	A
anno1.g5739.t1	A	rna-XM_057802526.1	A
anno1.g5740.t1	A	rna-XM_057806851.1	A
anno1.g5742.t1	A	rna-XM_057808419.1	A
anno1.g5743.t6	A	rna-XM_057794983.1	A
anno1.g5744.t1	A	rna-XM_057809169.1	A
anno1.g5746.t2	A	rna-XM_057799064.1	A
anno1.g5747.t1	A	rna-XM_057814493.1	A
anno1.g5749.t1	A	rna-XM_057815643.1	A
anno1.g5750.t2	A	rna-XM_057795664.1	A
anno1.g5751.t1	A	rna-XM_057799017.1	A
anno1.g5752.t1	A	rna-XM_057799014.1	A
anno1.g5753.t1	A	rna-XM_057799343.1	A
anno1.g5754.t1	A	rna-XM_057812648.1	A
anno1.g5755.t1	A	rna-XM_057812222.1	A
anno1.g5757.t1	A	rna-XM_057808574.1	A
anno1.g5758.t1	A	rna-XM_057808560.1	A
anno1.g5759.t2	A	rna-XM_057808857.1	A
anno1.g5760.t1	A	rna-XM_057797310.1	A
anno1.g5761.t1	A	rna-XM_057797009.1	A
anno1.g5762.t1	A	rna-XM_057797017.1	A
anno1.g5763.t1	A	rna-XM_057796011.1	A
anno1.g5764.t1	A	rna-XM_057814654.1	A
anno1.g5765.t1	A	rna-XM_057795502.1	A
anno1.g5766.t1	A	rna-XM_057795295.1	A
anno1.g5767.t1	A	rna-XM_057796164.1	A
anno1.g5768.t1	A	rna-XM_057796166.1	A
anno1.g5769.t1	A	rna-XM_057804089.1	A
anno1.g5770.t1	A	rna-XM_057797657.1	A
anno1.g5771.t1	A	rna-XM_057796628.1	A
anno1.g5772.t1	A	rna-XM_057797396.1	A
anno1.g5773.t1	A	rna-XM_057803648.1	A
anno1.g5774.t1	A	rna-XM_057801628.1	A
anno1.g5775.t1	A	rna-XM_057801627.1	A
anno1.g5776.t1	A	rna-XM_057802640.1	A
anno1.g5777.t1	A	rna-XM_057802639.1	A
anno1.g5778.t1	A	rna-XM_057802060.1	A
anno1.g5780.t1	A	rna-XM_057805735.1	A
anno1.g5781.t1	A	rna-XM_057805724.1	A
anno1.g5783.t1	A	rna-XM_057810434.1	A
anno1.g5784.t1	A	rna-XM_057814403.1	X
anno1.g5786.t1	A	rna-XM_057804482.1	A
anno1.g5787.t1	A	rna-XM_057803131.1	A
anno1.g5788.t1	A	rna-XM_057814073.1	A
anno1.g5789.t2	A	rna-XM_057805721.1	A
anno1.g5790.t1	A	rna-XM_057805710.1	A
anno1.g5796.t1	A	rna-XM_057813251.1	A
anno1.g5797.t1	A	rna-XM_057800030.1	A
anno1.g5798.t1	A	rna-XM_057800033.1	X
anno1.g5799.t1	A	rna-XM_057800029.1	A
anno1.g5800.t1	A	rna-XM_057799006.1	A
anno1.g5801.t1	A	rna-XM_057799047.1	A
anno1.g5803.t1	A	rna-XM_057804420.1	A
anno1.g5804.t2	A	rna-XM_057804850.1	A
anno1.g5806.t2	A	rna-XM_057800564.1	A
anno1.g5807.t1	A	rna-XM_057805426.1	A
anno1.g5808.t1	A	rna-XM_057815620.1	A
anno1.g5809.t1	A	rna-XM_057800473.1	A
anno1.g5810.t1	A	rna-XM_057800206.1	A
anno1.g5811.t1	A	rna-XM_057799902.1	A
anno1.g5812.t2	A	rna-XM_057799900.1	A
anno1.g5813.t1	A	rna-XM_057796580.1	A
anno1.g5814.t1	A	rna-XM_057795623.1	A
anno1.g5815.t1	A	rna-XM_057801714.1	A
anno1.g5818.t1	A	rna-XM_057800320.1	A
anno1.g5820.t1	A	rna-XM_057814718.1	X
anno1.g5825.t1	A	rna-XM_057797014.1	A
anno1.g5826.t1	A	rna-XM_057815690.1	A
anno1.g5827.t1	A	rna-XM_057803880.1	A
anno1.g5828.t1	A	rna-XM_057816940.1	A
anno1.g5829.t1	A	rna-XM_057816457.1	A
anno1.g5830.t1	A	rna-XM_057814881.1	A
anno1.g5831.t1	A	rna-XM_057804271.1	A
anno1.g5833.t1	A	rna-XM_057815737.1	A
anno1.g5835.t1	A	rna-XM_057797615.1	A
anno1.g5836.t1	A	rna-XM_057799961.1	A
anno1.g5837.t3	A	rna-XM_057814664.1	A
anno1.g5838.t1	A	rna-XM_057815397.1	A
anno1.g5839.t1	A	rna-XM_057795588.1	A
anno1.g5840.t2	A	rna-XM_057795293.1	A
anno1.g5841.t2	A	rna-XM_057813200.1	A
anno1.g5842.t1	A	rna-XM_057808797.1	A
anno1.g5843.t1	A	rna-XM_057808795.1	A
anno1.g5844.t1	A	rna-XM_057795591.1	A
anno1.g5845.t1	A	rna-XM_057814492.1	A
anno1.g5846.t1	A	rna-XM_057814490.1	A
anno1.g5847.t1	A	rna-XM_057807941.1	A
anno1.g5848.t2	A	rna-XM_057808305.1	A
anno1.g5851.t1	A	rna-XM_057808545.1	A
anno1.g5852.t1	A	rna-XM_057808538.1	A
anno1.g5853.t1	A	rna-XM_057808024.1	A
anno1.g5854.t1	A	rna-XM_057808542.1	A
anno1.g5855.t1	A	rna-XM_057808547.1	A
anno1.g5856.t1	A	rna-XM_057807990.1	A
anno1.g5857.t1	A	rna-XM_057803896.1	A
anno1.g5860.t2	A	rna-XM_057807309.1	A
anno1.g5868.t1	A	rna-XM_057807024.1	A
anno1.g5869.t2	A	rna-XM_057807583.1	A
anno1.g5870.t1	A	rna-XM_057809236.1	A
anno1.g5872.t1	A	rna-XM_057809230.1	A
anno1.g5875.t1	A	rna-XM_057814765.1	A
anno1.g5876.t2	A	rna-XM_057809342.1	A
anno1.g5877.t2	A	rna-XM_057809539.1	A
anno1.g5878.t2	A	rna-XM_057809622.1	A
anno1.g5879.t1	A	rna-XM_057801939.1	A
anno1.g5880.t1	A	rna-XM_057812951.1	A
anno1.g5881.t1	A	rna-XM_057799040.1	A
anno1.g5882.t1	A	rna-XM_057797473.1	A
anno1.g5883.t1	A	rna-XM_057811683.1	A
anno1.g5884.t1	A	rna-XM_057813498.1	A
anno1.g5886.t1	A	rna-XM_057799946.1	A
anno1.g5887.t1	A	rna-XM_057811681.1	A
anno1.g5888.t3	A	rna-XM_057813346.1	A
anno1.g5889.t1	A	rna-XM_057813031.1	A
anno1.g5890.t2	A	rna-XM_057795312.1	A
anno1.g5891.t1	A	rna-XM_057812095.1	A
anno1.g5893.t1	A	rna-XM_057803035.1	A
anno1.g5895.t1	A	rna-XM_057815533.1	A
anno1.g5897.t1	A	rna-XM_057815532.1	A
anno1.g5898.t1	A	rna-XM_057815682.1	A
anno1.g5899.t1	A	rna-XM_057813476.1	A
anno1.g5900.t1	A	rna-XM_057815933.1	A
anno1.g5901.t1	A	rna-XM_057806984.1	A
anno1.g5912.t1	A	rna-XM_057815751.1	A
anno1.g5916.t5	A	rna-XM_057815775.1	A
anno1.g5917.t1	A	rna-XM_057810452.1	A
anno1.g5919.t1	A	rna-XM_057808610.1	A
anno1.g5920.t1	A	rna-XM_057799655.1	A
anno1.g5921.t1	A	rna-XM_057811850.1	A
anno1.g5922.t1	A	rna-XM_057798219.1	A
anno1.g5923.t1	A	rna-XM_057798214.1	A
anno1.g5924.t1	A	rna-XM_057798212.1	A
anno1.g5925.t1	A	rna-XM_057798230.1	A
anno1.g5926.t1	A	rna-XM_057798229.1	A
anno1.g5927.t1	A	rna-XM_057799627.1	A
anno1.g5928.t1	A	rna-XM_057798043.1	A
anno1.g5929.t1	A	rna-XM_057797846.1	A
anno1.g5930.t1	A	rna-XM_057812021.1	A
anno1.g5931.t1	A	rna-XM_057812019.1	A
anno1.g5932.t1	A	rna-XM_057813353.1	A
anno1.g5935.t1	A	rna-XM_057798287.1	A
anno1.g5936.t2	A	rna-XM_057815706.1	A
anno1.g5937.t1	A	rna-XM_057815719.1	A
anno1.g5938.t1	A	rna-XM_057801434.1	A
anno1.g5940.t1	A	rna-XM_057801433.1	A
anno1.g5941.t1	A	rna-XM_057795997.1	A
anno1.g5944.t1	A	rna-XM_057807927.1	A
anno1.g5946.t1	A	rna-XM_057808487.1	A
anno1.g5947.t1	A	rna-XM_057795622.1	A
anno1.g5948.t1	A	rna-XM_057795617.1	A
anno1.g5949.t2	A	rna-XM_057816349.1	A
anno1.g5950.t1	A	rna-XM_057816233.1	A
anno1.g5952.t1	A	rna-XM_057814716.1	A
anno1.g5953.t1	A	rna-XM_057814663.1	A
anno1.g5955.t1	A	rna-XM_057811289.1	A
anno1.g5960.t1	A	rna-XM_057802648.1	A
anno1.g5961.t1	A	rna-XM_057811518.1	A
anno1.g5962.t1	A	rna-XM_057805294.1	X
anno1.g5964.t1	A	rna-XM_057804819.1	A
anno1.g5966.t1	A	rna-XM_057797531.1	A
anno1.g5969.t1	A	rna-XM_057804843.1	A
anno1.g5973.t1	A	rna-XM_057797790.1	A
anno1.g5979.t3	A	rna-XM_057802572.1	A
anno1.g5981.t1	A	rna-XM_057803763.1	A
anno1.g5982.t1	A	rna-XM_057812681.1	A
anno1.g5983.t2	A	rna-XM_057802363.1	A
anno1.g5984.t2	A	rna-XM_057802153.1	A
anno1.g5985.t1	A	rna-XM_057810780.1	A
anno1.g5987.t1	A	rna-XM_057798035.1	A
anno1.g5990.t1	A	rna-XM_057795853.1	A
anno1.g5994.t1	A	rna-XM_057797411.1	A
anno1.g5995.t2	A	rna-XM_057797307.1	A
anno1.g5996.t1	A	rna-XM_057797417.1	A
anno1.g5997.t1	A	rna-XM_057798845.1	A
anno1.g5998.t1	A	rna-XM_057799293.1	A
anno1.g6004.t1	A	rna-XM_057806121.1	A
anno1.g6005.t1	A	rna-XM_057805677.1	A
anno1.g6006.t1	A	rna-XM_057806208.1	A
anno1.g6009.t1	A	rna-XM_057805425.1	A
anno1.g6010.t1	A	rna-XM_057796163.1	A
anno1.g6011.t2	A	rna-XM_057795852.1	A
anno1.g6013.t1	A	rna-XM_057796240.1	A
anno1.g6014.t1	A	rna-XM_057816719.1	A
anno1.g6015.t1	A	rna-XM_057816704.1	A
anno1.g6017.t1	A	rna-XM_057815768.1	A
anno1.g6018.t1	A	rna-XM_057816687.1	A
anno1.g6019.t1	A	rna-XM_057816785.1	A
anno1.g6021.t1	A	rna-XM_057803767.1	A
anno1.g6022.t1	A	rna-XM_057794993.1	A
anno1.g6023.t1	A	rna-XM_057800770.1	A
anno1.g6025.t1	A	rna-XM_057799970.1	A
anno1.g6027.t1	A	rna-XM_057797025.1	A
anno1.g6028.t1	A	rna-XM_057797026.1	A
anno1.g6029.t1	A	rna-XM_057797031.1	A
anno1.g6030.t1	A	rna-XM_057797030.1	A
anno1.g6031.t2	A	rna-XM_057799294.1	X
anno1.g6032.t1	A	rna-XM_057806695.1	A
anno1.g6033.t1	A	rna-XM_057799349.1	A
anno1.g6038.t1	A	rna-XM_057815875.1	A
anno1.g6040.t1	A	rna-XM_057800100.1	A
anno1.g6041.t1	A	rna-XM_057807794.1	A
anno1.g6042.t1	A	rna-XM_057807716.1	A
anno1.g6043.t1	A	rna-XM_057807715.1	A
anno1.g6044.t1	A	rna-XM_057807869.1	A
anno1.g6045.t1	A	rna-XM_057807850.1	A
anno1.g6046.t1	A	rna-XM_057813704.1	A
anno1.g6047.t1	A	rna-XM_057813695.1	A
anno1.g6048.t1	A	rna-XM_057813697.1	A
anno1.g6050.t1	A	rna-XM_057813705.1	A
anno1.g6051.t1	A	rna-XM_057814381.1	A
anno1.g6052.t1	A	rna-XM_057814395.1	A
anno1.g6053.t1	A	rna-XM_057816750.1	A
anno1.g6057.t2	A	rna-XM_057805907.1	A
anno1.g6059.t1	A	rna-XM_057806539.1	A
anno1.g6060.t1	A	rna-XM_057806540.1	A
anno1.g6062.t1	A	rna-XM_057800140.1	A
anno1.g6064.t2	A	rna-XM_057805917.1	A
anno1.g6068.t1	A	rna-XM_057805899.1	A
anno1.g6069.t1	A	rna-XM_057805898.1	A
anno1.g6070.t1	A	rna-XM_057805900.1	A
anno1.g6071.t3	A	rna-XM_057805919.1	A
anno1.g6072.t1	A	rna-XM_057805915.1	A
anno1.g6075.t1	A	rna-XM_057805904.1	A
anno1.g6076.t1	A	rna-XM_057801436.1	A
anno1.g6077.t1	A	rna-XM_057807773.1	A
anno1.g6078.t2	A	rna-XM_057807772.1	A
anno1.g6081.t1	A	rna-XM_057814413.1	A
anno1.g6082.t1	A	rna-XM_057815541.1	A
anno1.g6085.t1	A	rna-XM_057809970.1	A
anno1.g6086.t1	A	rna-XM_057796277.1	A
anno1.g6087.t2	A	rna-XM_057815960.1	A
anno1.g6088.t1	A	rna-XM_057811197.1	A
anno1.g6089.t1	A	rna-XM_057814587.1	A
anno1.g6090.t1	A	rna-XM_057807146.1	A
anno1.g6091.t1	A	rna-XM_057807034.1	A
anno1.g6093.t1	A	rna-XM_057805372.1	A
anno1.g6094.t1	A	rna-XM_057815956.1	A
anno1.g6095.t1	A	rna-XM_057816507.1	A
anno1.g6096.t1	A	rna-XM_057800697.1	X
anno1.g6097.t1	A	rna-XM_057795075.1	A
anno1.g6099.t1	A	rna-XM_057815411.1	A
anno1.g6100.t1	A	rna-XM_057815400.1	A
anno1.g6104.t3	A	rna-XM_057816118.1	A
anno1.g6107.t1	A	rna-XM_057800192.1	A
anno1.g6108.t1	A	rna-XM_057810839.1	A
anno1.g6110.t1	A	rna-XM_057816250.1	A
anno1.g6114.t1	A	rna-XM_057816892.1	A
anno1.g6115.t1	A	rna-XM_057816891.1	A
anno1.g6116.t1	A	rna-XM_057816884.1	A
anno1.g6117.t1	A	rna-XM_057816882.1	A
anno1.g6118.t1	A	rna-XM_057816883.1	A
anno1.g6120.t1	A	rna-XM_057798090.1	A
anno1.g6121.t1	A	rna-XM_057811478.1	A
anno1.g6122.t2	A	rna-XM_057811472.1	A
anno1.g6123.t1	A	rna-XM_057811460.1	A
anno1.g6124.t1	A	rna-XM_057811272.1	A
anno1.g6125.t1	A	rna-XM_057813391.1	A
anno1.g6126.t1	A	rna-XM_057801530.1	A
anno1.g6129.t1	A	rna-XM_057813137.1	A
anno1.g6134.t2	A	rna-XM_057796625.1	A
anno1.g6135.t1	A	rna-XM_057797321.1	A
anno1.g6136.t2	A	rna-XM_057797300.1	A
anno1.g6137.t2	A	rna-XM_057797309.1	A
anno1.g6138.t1	A	rna-XM_057797306.1	A
anno1.g6142.t1	A	rna-XM_057810957.1	X
anno1.g6143.t1	A	rna-XM_057800159.1	A
anno1.g6144.t1	A	rna-XM_057804421.1	A
anno1.g6153.t1	A	rna-XM_057800478.1	A
anno1.g6154.t2	A	rna-XM_057804425.1	A
anno1.g6155.t1	A	rna-XM_057802260.1	X
anno1.g6156.t1	A	rna-XM_057809629.1	A
anno1.g6157.t1	A	rna-XM_057803682.1	A
anno1.g6158.t2	A	rna-XM_057803679.1	A
anno1.g6160.t1	A	rna-XM_057802146.1	A
anno1.g6162.t1	A	rna-XM_057806132.1	A
anno1.g6163.t1	A	rna-XM_057795798.1	A
anno1.g6164.t1	A	rna-XM_057796332.1	A
anno1.g6165.t1	A	rna-XM_057813651.1	A
anno1.g6166.t2	A	rna-XM_057804247.1	A
anno1.g6168.t1	A	rna-XM_057804253.1	A
anno1.g6173.t1	A	rna-XM_057796521.1	A
anno1.g6175.t1	A	rna-XM_057808364.1	A
anno1.g6176.t1	A	rna-XM_057808365.1	A
anno1.g6177.t2	A	rna-XM_057811667.1	A
anno1.g6178.t1	A	rna-XM_057812016.1	A
anno1.g6181.t1	A	rna-XM_057813492.1	A
anno1.g6183.t3	A	rna-XM_057798880.1	A
anno1.g6187.t1	A	rna-XM_057811688.1	A
anno1.g6196.t1	A	rna-XM_057800442.1	A
anno1.g6197.t2	A	rna-XM_057810144.1	X
anno1.g6198.t1	A	rna-XM_057810167.1	X
anno1.g6201.t1	A	rna-XM_057802604.1	A
anno1.g6205.t1	A	rna-XM_057811969.1	A
anno1.g6206.t1	A	rna-XM_057800405.1	A
anno1.g6209.t1	A	rna-XM_057801171.1	A
anno1.g6211.t1	A	rna-XM_057799941.1	A
anno1.g6212.t2	A	rna-XM_057800901.1	A
anno1.g6215.t1	A	rna-XM_057803829.1	A
anno1.g6219.t1	A	rna-XM_057797093.1	A
anno1.g6220.t13	A	rna-XM_057796035.1	A
anno1.g6221.t1	A	rna-XM_057796871.1	A
anno1.g6222.t1	A	rna-XM_057815668.1	A
anno1.g6223.t1	A	rna-XM_057811301.1	A
anno1.g6224.t1	A	rna-XM_057809433.1	A
anno1.g6225.t1	A	rna-XM_057809774.1	A
anno1.g6227.t1	A	rna-XM_057809779.1	A
anno1.g6228.t1	A	rna-XM_057809781.1	A
anno1.g6229.t2	A	rna-XM_057804661.1	A
anno1.g6230.t1	A	rna-XM_057815558.1	A
anno1.g6231.t1	A	rna-XM_057805879.1	X
anno1.g6232.t1	A	rna-XM_057802333.1	A
anno1.g6234.t1	A	rna-XM_057802332.1	A
anno1.g6235.t2	A	rna-XM_057808226.1	A
anno1.g6236.t1	A	rna-XM_057808228.1	A
anno1.g6241.t1	A	rna-XM_057797384.1	A
anno1.g6242.t1	A	rna-XM_057797388.1	A
anno1.g6243.t1	A	rna-XM_057798721.1	A
anno1.g6244.t1	A	rna-XM_057795530.1	A
anno1.g6245.t1	A	rna-XM_057797992.1	A
anno1.g6249.t1	A	rna-XM_057811208.1	A
anno1.g6250.t1	A	rna-XM_057813375.1	A
anno1.g6251.t1	A	rna-XM_057810020.1	A
anno1.g6252.t1	A	rna-XM_057810410.1	A
anno1.g6254.t2	A	rna-XM_057810040.1	A
anno1.g6255.t1	A	rna-XM_057811202.1	A
anno1.g6256.t2	A	rna-XM_057811356.1	A
anno1.g6259.t1	A	rna-XM_057807437.1	A
anno1.g6262.t2	A	rna-XM_057807479.1	A
anno1.g6264.t1	A	rna-XM_057807485.1	A
anno1.g6265.t2	A	rna-XM_057807524.1	A
anno1.g6268.t1	A	rna-XM_057807083.1	A
anno1.g6269.t1	A	rna-XM_057809802.1	A
anno1.g6270.t1	A	rna-XM_057809801.1	A
anno1.g6271.t1	A	rna-XM_057803932.1	A
anno1.g6272.t1	A	rna-XM_057809248.1	A
anno1.g6273.t1	A	rna-XM_057815356.1	A
anno1.g6275.t1	A	rna-XM_057799909.1	A
anno1.g6276.t2	A	rna-XM_057800583.1	A
anno1.g6277.t3	A	rna-XM_057799071.1	A
anno1.g6278.t1	A	rna-XM_057799073.1	A
anno1.g6280.t1	A	rna-XM_057799681.1	A
anno1.g6281.t1	A	rna-XM_057799679.1	A
anno1.g6282.t1	A	rna-XM_057797942.1	A
anno1.g6285.t1	A	rna-XM_057798148.1	A
anno1.g6290.t1	A	rna-XM_057797951.1	A
anno1.g6295.t1	A	rna-XM_057797995.1	A
anno1.g6296.t1	A	rna-XM_057809198.1	A
anno1.g6297.t1	A	rna-XM_057797479.1	A
anno1.g6298.t2	A	rna-XM_057812943.1	A
anno1.g6299.t2	A	rna-XM_057811480.1	A
anno1.g6301.t1	A	rna-XM_057798129.1	A
anno1.g6303.t1	A	rna-XM_057799687.1	A
anno1.g6304.t1	A	rna-XM_057799688.1	A
anno1.g6306.t2	A	rna-XM_057799745.1	A
anno1.g6307.t1	A	rna-XM_057795223.1	A
anno1.g6308.t1	A	rna-XM_057801316.1	A
anno1.g6309.t1	A	rna-XM_057806842.1	A
anno1.g6310.t1	A	rna-XM_057797419.1	A
anno1.g6311.t1	A	rna-XM_057804154.1	A
anno1.g6312.t2	A	rna-XM_057804144.1	A
anno1.g6313.t1	A	rna-XM_057808650.1	A
anno1.g6314.t1	A	rna-XM_057796552.1	A
anno1.g6315.t1	A	rna-XM_057796556.1	A
anno1.g6316.t1	A	rna-XM_057815552.1	A
anno1.g6317.t1	A	rna-XM_057801881.1	A
anno1.g6318.t1	A	rna-XM_057804929.1	A
anno1.g6319.t1	A	rna-XM_057796554.1	A
anno1.g6320.t1	A	rna-XM_057796016.1	A
anno1.g6321.t1	A	rna-XM_057815115.1	A
anno1.g6322.t1	A	rna-XM_057813621.1	A
anno1.g6323.t1	A	rna-XM_057802467.1	A
anno1.g6325.t1	A	rna-XM_057800210.1	A
anno1.g6326.t1	A	rna-XM_057800889.1	A
anno1.g6327.t1	A	rna-XM_057806506.1	A
anno1.g6328.t1	A	rna-XM_057808081.1	A
anno1.g6329.t1	A	rna-XM_057807853.1	A
anno1.g6330.t3	A	rna-XM_057814770.1	A
anno1.g6331.t1	A	rna-XM_057803728.1	A
anno1.g6332.t1	A	rna-XM_057816878.1	A
anno1.g6335.t2	A	rna-XM_057816831.1	A
anno1.g6337.t1	A	rna-XM_057796699.1	A
anno1.g6339.t1	A	rna-XM_057796696.1	A
anno1.g6340.t1	A	rna-XM_057799940.1	A
anno1.g6344.t1	A	rna-XM_057795743.1	A
anno1.g6345.t1	A	rna-XM_057796451.1	A
anno1.g6347.t1	A	rna-XM_057800224.1	A
anno1.g6348.t1	A	rna-XM_057795742.1	A
anno1.g6349.t1	A	rna-XM_057796445.1	A
anno1.g6350.t2	A	rna-XM_057796575.1	A
anno1.g6352.t1	A	rna-XM_057796576.1	A
anno1.g6355.t1	A	rna-XM_057811368.1	A
anno1.g6356.t1	A	rna-XM_057816099.1	A
anno1.g6357.t1	A	rna-XM_057796152.1	A
anno1.g6358.t2	A	rna-XM_057799361.1	A
anno1.g6359.t3	A	rna-XM_057801633.1	A
anno1.g6360.t1	A	rna-XM_057800217.1	A
anno1.g6365.t1	A	rna-XM_057808357.1	A
anno1.g6366.t1	A	rna-XM_057808358.1	A
anno1.g6368.t1	A	rna-XM_057801913.1	A
anno1.g6369.t1	A	rna-XM_057801915.1	A
anno1.g6370.t1	A	rna-XM_057801911.1	A
anno1.g6371.t1	A	rna-XM_057804319.1	A
anno1.g6372.t1	A	rna-XM_057804316.1	A
anno1.g6373.t1	A	rna-XM_057813891.1	A
anno1.g6374.t1	A	rna-XM_057813885.1	A
anno1.g6375.t1	A	rna-XM_057812136.1	A
anno1.g6376.t1	A	rna-XM_057804632.1	A
anno1.g6377.t2	A	rna-XM_057812879.1	A
anno1.g6379.t1	A	rna-XM_057800031.1	A
anno1.g6380.t1	A	rna-XM_057800049.1	A
anno1.g6383.t1	A	rna-XM_057814604.1	A
anno1.g6387.t1	A	rna-XM_057808906.1	A
anno1.g6388.t1	A	rna-XM_057811740.1	A
anno1.g6390.t1	A	rna-XM_057810459.1	A
anno1.g6391.t1	A	rna-XM_057811710.1	A
anno1.g6393.t1	A	rna-XM_057811221.1	A
anno1.g6394.t1	A	rna-XM_057809495.1	X
anno1.g6395.t1	A	rna-XM_057809541.1	X
anno1.g6396.t1	A	rna-XM_057808356.1	A
anno1.g6397.t1	A	rna-XM_057808378.1	A
anno1.g6398.t1	A	rna-XM_057807161.1	X
anno1.g6399.t2	A	rna-XM_057800382.1	A
anno1.g6401.t1	A	rna-XM_057798512.1	A
anno1.g6404.t1	A	rna-XM_057800376.1	A
anno1.g6410.t1	A	rna-XM_057804770.1	A
anno1.g6412.t1	A	rna-XM_057794904.1	A
anno1.g6416.t1	A	rna-XM_057802705.1	A
anno1.g6419.t1	A	rna-XM_057801348.1	A
anno1.g6420.t1	A	rna-XM_057797709.1	A
anno1.g6421.t1	A	rna-XM_057797953.1	A
anno1.g6422.t2	A	rna-XM_057798872.1	A
anno1.g6423.t1	A	rna-XM_057798853.1	A
anno1.g6425.t1	A	rna-XM_057798871.1	A
anno1.g6427.t1	A	rna-XM_057798824.1	A
anno1.g6431.t1	A	rna-XM_057815142.1	A
anno1.g6443.t1	A	rna-XM_057800521.1	A
anno1.g6444.t1	A	rna-XM_057796651.1	A
anno1.g6445.t1	A	rna-XM_057796646.1	A
anno1.g6446.t1	A	rna-XM_057796648.1	A
anno1.g6447.t1	A	rna-XM_057796529.1	A
anno1.g6449.t2	A	rna-XM_057799878.1	A
anno1.g6450.t1	A	rna-XM_057797524.1	X
anno1.g6451.t1	A	rna-XM_057811717.1	A
anno1.g6452.t1	A	rna-XM_057797409.1	A
anno1.g6453.t1	A	rna-XM_057797965.1	A
anno1.g6454.t1	A	rna-XM_057809431.1	A
anno1.g6455.t1	A	rna-XM_057811764.1	A
anno1.g6456.t1	A	rna-XM_057813378.1	A
anno1.g6457.t1	A	rna-XM_057801505.1	A
anno1.g6460.t1	A	rna-XM_057795744.1	A
anno1.g6461.t1	A	rna-XM_057796297.1	A
anno1.g6462.t1	A	rna-XM_057796298.1	A
anno1.g6463.t1	A	rna-XM_057796299.1	A
anno1.g6464.t1	A	rna-XM_057796302.1	A
anno1.g6466.t2	A	rna-XM_057796304.1	A
anno1.g6467.t1	A	rna-XM_057796307.1	A
anno1.g6469.t1	A	rna-XM_057796296.1	A
anno1.g6470.t1	A	rna-XM_057796293.1	A
anno1.g6471.t1	A	rna-XM_057795944.1	A
anno1.g6472.t1	A	rna-XM_057795936.1	A
anno1.g6478.t1	A	rna-XM_057796279.1	A
anno1.g6479.t1	A	rna-XM_057795949.1	A
anno1.g6482.t1	A	rna-XM_057796137.1	A
anno1.g6485.t1	A	rna-XM_057813938.1	A
anno1.g6486.t1	A	rna-XM_057795934.1	A
anno1.g6487.t2	A	rna-XM_057796276.1	A
anno1.g6488.t1	A	rna-XM_057811966.1	A
anno1.g6491.t1	A	rna-XM_057801117.1	A
anno1.g6492.t2	A	rna-XM_057801038.1	A
anno1.g6493.t1	A	rna-XM_057801069.1	A
anno1.g6494.t1	A	rna-XM_057801040.1	A
anno1.g6495.t1	A	rna-XM_057800281.1	A
anno1.g6496.t4	A	rna-XM_057816528.1	A
anno1.g6497.t1	A	rna-XM_057801091.1	A
anno1.g6498.t1	A	rna-XM_057795917.1	A
anno1.g6511.t2	A	rna-XM_057795542.1	A
anno1.g6512.t1	A	rna-XM_057795775.1	A
anno1.g6513.t2	A	rna-XM_057795828.1	A
anno1.g6514.t1	A	rna-XM_057795607.1	A
anno1.g6516.t3	A	rna-XM_057796924.1	A
anno1.g6517.t2	A	rna-XM_057796454.1	A
anno1.g6518.t1	A	rna-XM_057805121.1	A
anno1.g6520.t4	A	rna-XM_057803398.1	A
anno1.g6521.t1	A	rna-XM_057803406.1	A
anno1.g6522.t2	A	rna-XM_057803405.1	A
anno1.g6523.t1	A	rna-XM_057803157.1	A
anno1.g6524.t1	A	rna-XM_057811767.1	A
anno1.g6525.t1	A	rna-XM_057811269.1	A
anno1.g6526.t1	A	rna-XM_057812274.1	A
anno1.g6528.t3	A	rna-XM_057799021.1	A
anno1.g6530.t1	A	rna-XM_057798811.1	A
anno1.g6531.t1	A	rna-XM_057797543.1	A
anno1.g6532.t1	A	rna-XM_057801560.1	A
anno1.g6533.t1	A	rna-XM_057801559.1	A
anno1.g6534.t1	A	rna-XM_057795807.1	A
anno1.g6535.t1	A	rna-XM_057796707.1	A
anno1.g6536.t1	A	rna-XM_057795816.1	A
anno1.g6537.t1	A	rna-XM_057795831.1	A
anno1.g6538.t1	A	rna-XM_057796108.1	A
anno1.g6539.t2	A	rna-XM_057796105.1	A
anno1.g6540.t1	A	rna-XM_057802830.1	A
anno1.g6541.t1	A	rna-XM_057802831.1	A
anno1.g6542.t1	A	rna-XM_057802267.1	A
anno1.g6544.t1	A	rna-XM_057803421.1	A
anno1.g6545.t1	A	rna-XM_057803414.1	A
anno1.g6546.t1	A	rna-XM_057802600.1	A
anno1.g6547.t1	A	rna-XM_057802970.1	A
anno1.g6548.t1	A	rna-XM_057802972.1	A
anno1.g6549.t1	A	rna-XM_057812831.1	X
anno1.g6553.t1	A	rna-XM_057796661.1	A
anno1.g6554.t1	A	rna-XM_057796659.1	A
anno1.g6555.t2	A	rna-XM_057800439.1	A
anno1.g6556.t1	A	rna-XM_057798052.1	A
anno1.g6557.t1	A	rna-XM_057810636.1	A
anno1.g6558.t2	A	rna-XM_057810035.1	A
anno1.g6559.t1	A	rna-XM_057810637.1	A
anno1.g6560.t1	A	rna-XM_057807347.1	A
anno1.g6561.t1	A	rna-XM_057807346.1	A
anno1.g6562.t1	A	rna-XM_057807467.1	A
anno1.g6563.t1	A	rna-XM_057807477.1	A
anno1.g6564.t3	A	rna-XM_057807464.1	A
anno1.g6565.t1	A	rna-XM_057796218.1	A
anno1.g6566.t1	A	rna-XM_057797039.1	A
anno1.g6569.t1	A	rna-XM_057802423.1	A
anno1.g6570.t5	A	rna-XM_057808916.1	A
anno1.g6571.t1	A	rna-XM_057798944.1	A
anno1.g6572.t2	A	rna-XM_057799233.1	A
anno1.g6573.t1	A	rna-XM_057798966.1	A
anno1.g6575.t1	A	rna-XM_057808096.1	A
anno1.g6576.t1	A	rna-XM_057799339.1	A
anno1.g6577.t1	A	rna-XM_057798999.1	A
anno1.g6578.t1	A	rna-XM_057808106.1	A
anno1.g6579.t1	A	rna-XM_057799357.1	A
anno1.g6580.t1	A	rna-XM_057816076.1	X
anno1.g6581.t1	A	rna-XM_057816127.1	X
anno1.g6584.t1	A	rna-XM_057808900.1	A
anno1.g6585.t1	A	rna-XM_057808588.1	A
anno1.g6586.t1	A	rna-XM_057808590.1	A
anno1.g6587.t1	A	rna-XM_057797507.1	A
anno1.g6588.t1	A	rna-XM_057797519.1	A
anno1.g6593.t1	A	rna-XM_057802976.1	A
anno1.g6594.t1	A	rna-XM_057802973.1	A
anno1.g6596.t1	A	rna-XM_057802266.1	A
anno1.g6602.t1	A	rna-XM_057813699.1	A
anno1.g6605.t2	A	rna-XM_057798480.1	A
anno1.g6609.t1	A	rna-XM_057806089.1	X
anno1.g6611.t1	A	rna-XM_057810564.1	A
anno1.g6615.t2	A	rna-XM_057796266.1	A
anno1.g6616.t1	A	rna-XM_057797298.1	A
anno1.g6617.t1	A	rna-XM_057797292.1	A
anno1.g6618.t1	A	rna-XM_057808125.1	A
anno1.g6624.t1	A	rna-XM_057816931.1	A
anno1.g6626.t1	A	rna-XM_057799911.1	A
anno1.g6628.t1	A	rna-XM_057804727.1	A
anno1.g6629.t1	A	rna-XM_057803176.1	A
anno1.g6630.t1	A	rna-XM_057813567.1	A
anno1.g6631.t1	A	rna-XM_057802181.1	A
anno1.g6632.t1	A	rna-XM_057799045.1	A
anno1.g6633.t1	A	rna-XM_057800850.1	A
anno1.g6635.t2	A	rna-XM_057810109.1	A
anno1.g6637.t1	A	rna-XM_057796389.1	A
anno1.g6638.t2	A	rna-XM_057815973.1	A
anno1.g6642.t1	A	rna-XM_057806660.1	A
anno1.g6643.t4	A	rna-XM_057796075.1	A
anno1.g6644.t1	A	rna-XM_057796071.1	A
anno1.g6646.t1	A	rna-XM_057804376.1	A
anno1.g6648.t1	A	rna-XM_057804382.1	A
anno1.g6649.t1	A	rna-XM_057799288.1	A
anno1.g6650.t1	A	rna-XM_057799285.1	A
anno1.g6651.t1	A	rna-XM_057815008.1	A
anno1.g6654.t1	A	rna-XM_057816258.1	A
anno1.g6655.t1	A	rna-XM_057807973.1	A
anno1.g6656.t1	A	rna-XM_057807971.1	A
anno1.g6657.t1	A	rna-XM_057801804.1	A
anno1.g6658.t1	A	rna-XM_057808203.1	A
anno1.g6659.t1	A	rna-XM_057812824.1	A
anno1.g6661.t1	A	rna-XM_057808167.1	A
anno1.g6662.t1	A	rna-XM_057808910.1	A
anno1.g6664.t1	A	rna-XM_057807858.1	A
anno1.g6665.t1	A	rna-XM_057808233.1	A
anno1.g6669.t1	A	rna-XM_057808154.1	A
anno1.g6673.t1	A	rna-XM_057808114.1	A
anno1.g6674.t1	A	rna-XM_057807676.1	A
anno1.g6675.t1	A	rna-XM_057807992.1	A
anno1.g6679.t1	A	rna-XM_057808506.1	A
anno1.g6681.t1	A	rna-XM_057807975.1	A
anno1.g6682.t2	A	rna-XM_057808140.1	A
anno1.g6684.t2	A	rna-XM_057802234.1	A
anno1.g6685.t1	A	rna-XM_057802230.1	A
anno1.g6687.t1	A	rna-XM_057803147.1	A
anno1.g6688.t1	A	rna-XM_057809797.1	A
anno1.g6689.t1	A	rna-XM_057796549.1	A
anno1.g6690.t1	A	rna-XM_057796555.1	A
anno1.g6691.t3	A	rna-XM_057796560.1	A
anno1.g6692.t1	A	rna-XM_057811290.1	A
anno1.g6693.t1	A	rna-XM_057807723.1	A
anno1.g6694.t1	A	rna-XM_057807726.1	A
anno1.g6698.t1	A	rna-XM_057813709.1	A
anno1.g6699.t2	A	rna-XM_057814536.1	A
anno1.g6700.t1	A	rna-XM_057814538.1	A
anno1.g6701.t2	A	rna-XM_057815074.1	A
anno1.g6702.t1	A	rna-XM_057813596.1	A
anno1.g6703.t1	A	rna-XM_057813586.1	A
anno1.g6704.t1	A	rna-XM_057798302.1	A
anno1.g6705.t2	A	rna-XM_057797823.1	A
anno1.g6707.t1	A	rna-XM_057815143.1	A
anno1.g6708.t2	A	rna-XM_057808922.1	X
anno1.g6709.t1	A	rna-XM_057808260.1	A
anno1.g6710.t3	A	rna-XM_057808258.1	A
anno1.g6711.t1	A	rna-XM_057807646.1	A
anno1.g6712.t2	A	rna-XM_057800459.1	A
anno1.g6713.t1	A	rna-XM_057813850.1	A
anno1.g6722.t1	A	rna-XM_057800233.1	A
anno1.g6723.t1	A	rna-XM_057800475.1	A
anno1.g6724.t1	A	rna-XM_057810840.1	A
anno1.g6725.t2	A	rna-XM_057810834.1	A
anno1.g6730.t1	A	rna-XM_057810278.1	A
anno1.g6733.t1	A	rna-XM_057803881.1	A
anno1.g6735.t1	A	rna-XM_057803928.1	A
anno1.g6736.t1	A	rna-XM_057803956.1	A
anno1.g6737.t3	A	rna-XM_057803889.1	A
anno1.g6738.t1	A	rna-XM_057803888.1	A
anno1.g6739.t1	A	rna-XM_057795605.1	A
anno1.g6740.t1	A	rna-XM_057803892.1	A
anno1.g6741.t1	A	rna-XM_057803930.1	A
anno1.g6745.t1	A	rna-XM_057803958.1	A
anno1.g6746.t1	A	rna-XM_057800674.1	A
anno1.g6750.t1	A	rna-XM_057800563.1	A
anno1.g6751.t1	A	rna-XM_057797054.1	A
anno1.g6752.t2	A	rna-XM_057800609.1	A
anno1.g6753.t1	A	rna-XM_057800611.1	A
anno1.g6755.t1	A	rna-XM_057800866.1	A
anno1.g6758.t1	A	rna-XM_057797819.1	A
anno1.g6759.t1	A	rna-XM_057794963.1	A
anno1.g6762.t2	A	rna-XM_057796417.1	A
anno1.g6763.t1	A	rna-XM_057797664.1	A
anno1.g6764.t1	A	rna-XM_057797662.1	A
anno1.g6765.t1	A	rna-XM_057798089.1	A
anno1.g6766.t1	A	rna-XM_057813949.1	A
anno1.g6770.t1	A	rna-XM_057800315.1	A
anno1.g6772.t1	A	rna-XM_057795782.1	A
anno1.g6776.t1	A	rna-XM_057808904.1	A
anno1.g6779.t1	A	rna-XM_057807503.1	A
anno1.g6787.t1	A	rna-XM_057813176.1	A
anno1.g6791.t2	A	rna-XM_057796968.1	A
anno1.g6792.t2	A	rna-XM_057797616.1	A
anno1.g6795.t1	A	rna-XM_057808138.1	A
anno1.g6796.t1	A	rna-XM_057808141.1	A
anno1.g6798.t1	A	rna-XM_057807648.1	A
anno1.g6799.t1	A	rna-XM_057808039.1	A
anno1.g6800.t1	A	rna-XM_057808030.1	A
anno1.g6804.t1	A	rna-XM_057807752.1	A
anno1.g6805.t1	A	rna-XM_057808040.1	A
anno1.g6806.t2	A	rna-XM_057808253.1	A
anno1.g6807.t1	A	rna-XM_057814946.1	A
anno1.g6808.t1	A	rna-XM_057808905.1	A
anno1.g6809.t1	A	rna-XM_057800429.1	A
anno1.g6812.t1	A	rna-XM_057795320.1	A
anno1.g6813.t1	A	rna-XM_057809337.1	X
anno1.g6814.t1	A	rna-XM_057809326.1	X
anno1.g6815.t2	A	rna-XM_057801022.1	A
anno1.g6817.t1	A	rna-XM_057799960.1	A
anno1.g6818.t1	A	rna-XM_057797828.1	A
anno1.g6819.t1	A	rna-XM_057800451.1	X
anno1.g6820.t1	A	rna-XM_057814744.1	A
anno1.g6821.t2	A	rna-XM_057804976.1	A
anno1.g6824.t1	A	rna-XM_057797111.1	A
anno1.g6825.t1	A	rna-XM_057816205.1	A
anno1.g6826.t1	A	rna-XM_057795366.1	A
anno1.g6827.t1	A	rna-XM_057801018.1	A
anno1.g6828.t1	A	rna-XM_057800612.1	A
anno1.g6829.t2	A	rna-XM_057811115.1	X
anno1.g6830.t1	A	rna-XM_057795399.1	A
anno1.g6833.t1	A	rna-XM_057795408.1	A
anno1.g6837.t1	A	rna-XM_057815616.1	A
anno1.g6838.t1	A	rna-XM_057816636.1	A
anno1.g6839.t3	A	rna-XM_057816845.1	A
anno1.g6840.t1	A	rna-XM_057816854.1	A
anno1.g6844.t1	A	rna-XM_057815878.1	A
anno1.g6845.t1	A	rna-XM_057816204.1	A
anno1.g6846.t1	A	rna-XM_057808909.1	X
anno1.g6847.t1	A	rna-XM_057795318.1	A
anno1.g6848.t1	A	rna-XM_057810139.1	A
anno1.g6849.t2	A	rna-XM_057799181.1	A
anno1.g6850.t1	A	rna-XM_057810140.1	A
anno1.g6851.t1	A	rna-XM_057808229.1	A
anno1.g6852.t2	A	rna-XM_057799855.1	A
anno1.g6853.t1	A	rna-XM_057814374.1	A
anno1.g6854.t1	A	rna-XM_057815091.1	A
anno1.g6855.t1	A	rna-XM_057813514.1	A
anno1.g6856.t1	A	rna-XM_057815067.1	A
anno1.g6857.t1	A	rna-XM_057807510.1	A
anno1.g6858.t3	A	rna-XM_057814938.1	A
anno1.g6859.t1	A	rna-XM_057814944.1	A
anno1.g6860.t1	A	rna-XM_057814943.1	A
anno1.g6866.t1	A	rna-XM_057815021.1	A
anno1.g6867.t2	A	rna-XM_057805996.1	A
anno1.g6869.t1	A	rna-XM_057806013.1	A
anno1.g6872.t1	A	rna-XM_057794860.1	A
anno1.g6873.t1	A	rna-XM_057794900.1	A
anno1.g6874.t1	A	rna-XM_057798685.1	A
anno1.g6875.t1	A	rna-XM_057801487.1	A
anno1.g6876.t1	A	rna-XM_057801500.1	A
anno1.g6877.t1	A	rna-XM_057812796.1	A
anno1.g6878.t1	A	rna-XM_057808404.1	A
anno1.g6879.t1	A	rna-XM_057808411.1	A
anno1.g6880.t1	A	rna-XM_057800457.1	A
anno1.g6881.t1	A	rna-XM_057800456.1	A
anno1.g6883.t1	A	rna-XM_057815510.1	A
anno1.g6885.t5	A	rna-XM_057800565.1	A
anno1.g6886.t1	A	rna-XM_057795668.1	A
anno1.g6887.t1	A	rna-XM_057796444.1	A
anno1.g6903.t1	A	rna-XM_057806289.1	A
anno1.g6906.t1	A	rna-XM_057802323.1	A
anno1.g6907.t1	A	rna-XM_057797643.1	A
anno1.g6908.t1	A	rna-XM_057800715.1	A
anno1.g6910.t1	A	rna-XM_057800713.1	A
anno1.g6911.t1	A	rna-XM_057797500.1	A
anno1.g6912.t1	A	rna-XM_057797729.1	A
anno1.g6913.t1	A	rna-XM_057797724.1	A
anno1.g6914.t1	A	rna-XM_057813800.1	A
anno1.g6916.t1	A	rna-XM_057801479.1	A
anno1.g6918.t1	A	rna-XM_057810463.1	A
anno1.g6919.t1	A	rna-XM_057814714.1	A
anno1.g6920.t1	A	rna-XM_057801480.1	A
anno1.g6921.t1	A	rna-XM_057810454.1	A
anno1.g6922.t2	A	rna-XM_057810457.1	A
anno1.g6923.t1	A	rna-XM_057810075.1	A
anno1.g6924.t2	A	rna-XM_057812198.1	A
anno1.g6926.t1	A	rna-XM_057812036.1	A
anno1.g6928.t1	A	rna-XM_057810887.1	A
anno1.g6929.t1	A	rna-XM_057810179.1	A
anno1.g6930.t2	A	rna-XM_057797880.1	A
anno1.g6932.t1	A	rna-XM_057814960.1	A
anno1.g6933.t1	A	rna-XM_057814878.1	A
anno1.g6940.t2	A	rna-XM_057804953.1	A
anno1.g6948.t1	A	rna-XM_057804950.1	A
anno1.g6951.t1	A	rna-XM_057815199.1	Y
anno1.g6959.t2	A	rna-XM_057802369.1	A
anno1.g6960.t1	A	rna-XM_057811664.1	A
anno1.g6961.t1	A	rna-XM_057802560.1	A
anno1.g6962.t2	A	rna-XM_057802559.1	A
anno1.g6964.t2	A	rna-XM_057805878.1	A
anno1.g6965.t1	A	rna-XM_057805563.1	A
anno1.g6967.t1	A	rna-XM_057805997.1	A
anno1.g6968.t1	A	rna-XM_057805380.1	A
anno1.g6969.t5	A	rna-XM_057813785.1	A
anno1.g6970.t2	A	rna-XM_057797530.1	A
anno1.g6971.t1	A	rna-XM_057810444.1	A
anno1.g6973.t1	A	rna-XM_057812522.1	A
anno1.g6976.t1	A	rna-XM_057795942.1	A
anno1.g6978.t1	A	rna-XM_057796460.1	A
anno1.g6979.t1	A	rna-XM_057796461.1	A
anno1.g6980.t1	A	rna-XM_057811262.1	A
anno1.g6981.t1	A	rna-XM_057811732.1	A
anno1.g6982.t1	A	rna-XM_057806491.1	A
anno1.g6983.t1	A	rna-XM_057806488.1	A
anno1.g6984.t1	A	rna-XM_057802072.1	A
anno1.g6986.t1	A	rna-XM_057800409.1	A
anno1.g6994.t1	A	rna-XM_057814865.1	A
anno1.g6995.t1	A	rna-XM_057804919.1	A
anno1.g6999.t1	A	rna-XM_057813619.1	A
anno1.g7001.t1	A	rna-XM_057795586.1	A
anno1.g7003.t2	A	rna-XM_057813628.1	A
anno1.g7004.t1	A	rna-XM_057807085.1	A
anno1.g7012.t1	A	rna-XM_057805110.1	A
anno1.g7013.t1	A	rna-XM_057805101.1	A
anno1.g7014.t1	A	rna-XM_057805105.1	A
anno1.g7015.t1	A	rna-XM_057801878.1	A
anno1.g7016.t1	A	rna-XM_057805104.1	A
anno1.g7017.t1	A	rna-XM_057806425.1	A
anno1.g7018.t1	A	rna-XM_057805094.1	A
anno1.g7020.t1	A	rna-XM_057803937.1	A
anno1.g7023.t1	A	rna-XM_057804583.1	A
anno1.g7024.t2	A	rna-XM_057804578.1	A
anno1.g7025.t1	A	rna-XM_057803885.1	A
anno1.g7026.t1	A	rna-XM_057808254.1	A
anno1.g7027.t1	A	rna-XM_057808898.1	A
anno1.g7028.t1	A	rna-XM_057815073.1	A
anno1.g7029.t1	A	rna-XM_057797033.1	A
anno1.g7030.t1	A	rna-XM_057797027.1	A
anno1.g7031.t1	A	rna-XM_057797029.1	A
anno1.g7032.t1	A	rna-XM_057797072.1	A
anno1.g7033.t1	A	rna-XM_057815293.1	Y
anno1.g7034.t1	A	rna-XM_057797068.1	A
anno1.g7036.t1	A	rna-XM_057797067.1	A
anno1.g7039.t2	A	rna-XM_057796835.1	A
anno1.g7042.t1	A	rna-XM_057801222.1	A
anno1.g7043.t1	A	rna-XM_057801221.1	A
anno1.g7044.t1	A	rna-XM_057799912.1	A
anno1.g7045.t1	A	rna-XM_057801838.1	A
anno1.g7047.t2	A	rna-XM_057813630.1	A
anno1.g7048.t1	A	rna-XM_057813627.1	A
anno1.g7049.t1	A	rna-XM_057813632.1	A
anno1.g7050.t1	A	rna-XM_057802273.1	A
anno1.g7051.t1	A	rna-XM_057799967.1	A
anno1.g7053.t1	A	rna-XM_057800353.1	A
anno1.g7058.t1	A	rna-XM_057794924.1	A
anno1.g7063.t1	A	rna-XM_057815590.1	A
anno1.g7068.t1	A	rna-XM_057799962.1	A
anno1.g7074.t1	A	rna-XM_057802607.1	A
anno1.g7075.t1	A	rna-XM_057802578.1	A
anno1.g7077.t2	A	rna-XM_057802634.1	A
anno1.g7078.t1	A	rna-XM_057807002.1	A
anno1.g7079.t1	A	rna-XM_057811999.1	A
anno1.g7080.t1	A	rna-XM_057806060.1	A
anno1.g7082.t1	A	rna-XM_057816402.1	A
anno1.g7084.t1	A	rna-XM_057814863.1	A
anno1.g7088.t1	A	rna-XM_057811098.1	A
anno1.g7092.t1	A	rna-XM_057804671.1	A
anno1.g7097.t1	A	rna-XM_057797856.1	A
anno1.g7101.t1	A	rna-XM_057799354.1	A
anno1.g7108.t1	A	rna-XM_057815859.1	A
anno1.g7109.t1	A	rna-XM_057815700.1	A
anno1.g7110.t1	A	rna-XM_057816541.1	A
anno1.g7111.t1	A	rna-XM_057816698.1	A
anno1.g7112.t1	A	rna-XM_057795205.1	A
anno1.g7113.t1	A	rna-XM_057803912.1	A
anno1.g7115.t1	A	rna-XM_057805169.1	A
anno1.g7132.t1	A	rna-XM_057812563.1	A
anno1.g7134.t1	A	rna-XM_057805055.1	A
anno1.g7137.t1	A	rna-XM_057814557.1	A
anno1.g7138.t1	A	rna-XM_057813634.1	A
anno1.g7141.t1	A	rna-XM_057797168.1	A
anno1.g7142.t1	A	rna-XM_057797170.1	A
anno1.g7143.t1	A	rna-XM_057797105.1	A
anno1.g7144.t2	A	rna-XM_057797156.1	A
anno1.g7145.t3	A	rna-XM_057795402.1	A
anno1.g7146.t1	A	rna-XM_057797083.1	A
anno1.g7147.t2	A	rna-XM_057797090.1	A
anno1.g7150.t1	A	rna-XM_057813788.1	A
anno1.g7151.t1	A	rna-XM_057799697.1	A
anno1.g7152.t2	A	rna-XM_057813341.1	A
anno1.g7154.t1	A	rna-XM_057813734.1	A
anno1.g7155.t1	A	rna-XM_057804844.1	A
anno1.g7156.t1	A	rna-XM_057805160.1	A
anno1.g7157.t1	A	rna-XM_057798563.1	A
anno1.g7160.t2	A	rna-XM_057798564.1	A
anno1.g7161.t1	A	rna-XM_057798819.1	A
anno1.g7162.t1	A	rna-XM_057797756.1	A
anno1.g7163.t1	A	rna-XM_057800751.1	A
anno1.g7164.t1	A	rna-XM_057799764.1	A
anno1.g7165.t1	A	rna-XM_057799773.1	A
anno1.g7167.t1	A	rna-XM_057798985.1	A
anno1.g7168.t1	A	rna-XM_057799046.1	A
anno1.g7170.t1	A	rna-XM_057799404.1	A
anno1.g7171.t1	A	rna-XM_057802187.1	A
anno1.g7175.t1	A	rna-XM_057802281.1	A
anno1.g7176.t1	A	rna-XM_057802596.1	A
anno1.g7177.t1	A	rna-XM_057802595.1	A
anno1.g7178.t1	A	rna-XM_057802280.1	A
anno1.g7179.t1	A	rna-XM_057808012.1	A
anno1.g7180.t1	A	rna-XM_057811185.1	A
anno1.g7181.t2	A	rna-XM_057812122.1	A
anno1.g7188.t1	A	rna-XM_057813027.1	A
anno1.g7189.t2	A	rna-XM_057812818.1	A
anno1.g7190.t2	A	rna-XM_057812670.1	A
anno1.g7191.t1	A	rna-XM_057812661.1	A
anno1.g7192.t1	A	rna-XM_057813026.1	A
anno1.g7194.t1	A	rna-XM_057812686.1	A
anno1.g7196.t1	A	rna-XM_057797023.1	A
anno1.g7197.t2	A	rna-XM_057815420.1	A
anno1.g7198.t1	A	rna-XM_057797125.1	A
anno1.g7202.t2	A	rna-XM_057807774.1	A
anno1.g7206.t1	A	rna-XM_057808518.1	A
anno1.g7208.t1	A	rna-XM_057808265.1	A
anno1.g7209.t1	A	rna-XM_057808108.1	A
anno1.g7210.t1	A	rna-XM_057807747.1	A
anno1.g7211.t1	A	rna-XM_057814437.1	A
anno1.g7212.t1	A	rna-XM_057811673.1	A
anno1.g7214.t1	A	rna-XM_057813324.1	A
anno1.g7215.t2	A	rna-XM_057813456.1	A
anno1.g7216.t1	A	rna-XM_057801616.1	A
anno1.g7217.t1	A	rna-XM_057801620.1	A
anno1.g7218.t2	A	rna-XM_057802211.1	A
anno1.g7219.t1	A	rna-XM_057802322.1	A
anno1.g7220.t2	A	rna-XM_057801917.1	A
anno1.g7225.t1	A	rna-XM_057813196.1	A
anno1.g7226.t1	A	rna-XM_057807335.1	A
anno1.g7239.t1	A	rna-XM_057813868.1	A
anno1.g7245.t1	A	rna-XM_057809201.1	A
anno1.g7246.t1	A	rna-XM_057806400.1	X
anno1.g7254.t1	A	rna-XM_057801995.1	A
anno1.g7255.t1	A	rna-XM_057813794.1	A
anno1.g7258.t1	A	rna-XM_057806364.1	A
anno1.g7259.t1	A	rna-XM_057806362.1	A
anno1.g7260.t2	A	rna-XM_057806356.1	A
anno1.g7261.t2	A	rna-XM_057799419.1	A
anno1.g7262.t1	A	rna-XM_057799420.1	A
anno1.g7263.t1	A	rna-XM_057799409.1	A
anno1.g7264.t2	A	rna-XM_057799417.1	A
anno1.g7266.t1	A	rna-XM_057813636.1	A
anno1.g7267.t1	A	rna-XM_057805093.1	A
anno1.g7268.t2	A	rna-XM_057802081.1	A
anno1.g7269.t1	A	rna-XM_057802074.1	A
anno1.g7270.t1	A	rna-XM_057802076.1	A
anno1.g7280.t1	A	rna-XM_057806238.1	A
anno1.g7281.t1	A	rna-XM_057805883.1	A
anno1.g7282.t1	A	rna-XM_057816742.1	A
anno1.g7283.t1	A	rna-XM_057805097.1	A
anno1.g7284.t1	A	rna-XM_057800359.1	A
anno1.g7285.t1	A	rna-XM_057800360.1	A
anno1.g7287.t1	A	rna-XM_057796934.1	A
anno1.g7289.t2	A	rna-XM_057815896.1	A
anno1.g7290.t2	A	rna-XM_057816427.1	A
anno1.g7291.t1	A	rna-XM_057816429.1	A
anno1.g7295.t1	A	rna-XM_057797990.1	A
anno1.g7297.t1	A	rna-XM_057798248.1	A
anno1.g7298.t1	A	rna-XM_057798571.1	A
anno1.g7301.t1	A	rna-XM_057800372.1	A
anno1.g7302.t1	A	rna-XM_057800378.1	A
anno1.g7305.t1	A	rna-XM_057800020.1	A
anno1.g7306.t1	A	rna-XM_057795711.1	A
anno1.g7307.t1	A	rna-XM_057796248.1	A
anno1.g7308.t1	A	rna-XM_057807336.1	A
anno1.g7309.t1	A	rna-XM_057804138.1	A
anno1.g7310.t1	A	rna-XM_057806965.1	A
anno1.g7311.t1	A	rna-XM_057815569.1	A
anno1.g7312.t1	A	rna-XM_057802349.1	A
anno1.g7313.t1	A	rna-XM_057812378.1	A
anno1.g7314.t2	A	rna-XM_057816112.1	A
anno1.g7315.t1	A	rna-XM_057816749.1	A
anno1.g7322.t1	A	rna-XM_057808504.1	A
anno1.g7323.t2	A	rna-XM_057813216.1	A
anno1.g7324.t1	A	rna-XM_057811506.1	A
anno1.g7325.t1	A	rna-XM_057806624.1	A
anno1.g7326.t1	A	rna-XM_057816825.1	A
anno1.g7328.t1	A	rna-XM_057815794.1	A
anno1.g7330.t1	A	rna-XM_057807795.1	A
anno1.g7332.t1	A	rna-XM_057809540.1	A
anno1.g7333.t1	A	rna-XM_057812111.1	A
anno1.g7334.t1	A	rna-XM_057812112.1	A
anno1.g7335.t1	A	rna-XM_057814632.1	A
anno1.g7336.t1	A	rna-XM_057814631.1	A
anno1.g7337.t1	A	rna-XM_057814630.1	A
anno1.g7339.t1	A	rna-XM_057804641.1	A
anno1.g7343.t1	A	rna-XM_057804906.1	A
anno1.g7347.t1	A	rna-XM_057802781.1	A
anno1.g7348.t1	A	rna-XM_057801969.1	A
anno1.g7349.t1	A	rna-XM_057801510.1	A
anno1.g7350.t1	A	rna-XM_057816650.1	A
anno1.g7351.t1	A	rna-XM_057795418.1	A
anno1.g7352.t1	A	rna-XM_057805079.1	A
anno1.g7353.t1	A	rna-XM_057812798.1	A
anno1.g7354.t1	A	rna-XM_057814017.1	A
anno1.g7355.t1	A	rna-XM_057797834.1	A
anno1.g7357.t2	A	rna-XM_057806977.1	A
anno1.g7358.t1	A	rna-XM_057811756.1	A
anno1.g7359.t1	A	rna-XM_057811757.1	A
anno1.g7360.t1	A	rna-XM_057811761.1	A
anno1.g7361.t1	A	rna-XM_057811739.1	A
anno1.g7362.t1	A	rna-XM_057811737.1	A
anno1.g7363.t1	A	rna-XM_057814139.1	A
anno1.g7369.t1	A	rna-XM_057798438.1	A
anno1.g7371.t1	A	rna-XM_057816029.1	A
anno1.g7372.t1	A	rna-XM_057801734.1	A
anno1.g7373.t1	A	rna-XM_057801737.1	A
anno1.g7374.t1	A	rna-XM_057802028.1	A
anno1.g7377.t2	A	rna-XM_057797672.1	A
anno1.g7378.t1	A	rna-XM_057801932.1	A
anno1.g7379.t1	A	rna-XM_057795795.1	A
anno1.g7380.t2	A	rna-XM_057805123.1	A
anno1.g7381.t1	A	rna-XM_057809532.1	A
anno1.g7382.t1	A	rna-XM_057796812.1	A
anno1.g7383.t1	A	rna-XM_057796507.1	A
anno1.g7385.t1	A	rna-XM_057814694.1	A
anno1.g7386.t1	A	rna-XM_057813872.1	A
anno1.g7387.t1	A	rna-XM_057814103.1	A
anno1.g7389.t1	A	rna-XM_057816255.1	A
anno1.g7390.t1	A	rna-XM_057795414.1	A
anno1.g7391.t1	A	rna-XM_057795412.1	A
anno1.g7392.t1	A	rna-XM_057795650.1	A
anno1.g7393.t1	A	rna-XM_057796337.1	A
anno1.g7394.t1	A	rna-XM_057798389.1	A
anno1.g7395.t1	A	rna-XM_057798820.1	A
anno1.g7396.t1	A	rna-XM_057804901.1	A
anno1.g7397.t3	A	rna-XM_057809336.1	A
anno1.g7399.t1	A	rna-XM_057807295.1	A
anno1.g7400.t1	A	rna-XM_057796162.1	A
anno1.g7401.t1	A	rna-XM_057808969.1	A
anno1.g7402.t1	A	rna-XM_057798276.1	A
anno1.g7403.t1	A	rna-XM_057809417.1	A
anno1.g7404.t1	A	rna-XM_057809418.1	A
anno1.g7405.t1	A	rna-XM_057809681.1	A
anno1.g7407.t1	A	rna-XM_057797312.1	A
anno1.g7408.t2	A	rna-XM_057804909.1	A
anno1.g7409.t2	A	rna-XM_057804911.1	A
anno1.g7411.t1	A	rna-XM_057804914.1	A
anno1.g7412.t1	A	rna-XM_057807586.1	A
anno1.g7413.t1	A	rna-XM_057798284.1	A
anno1.g7414.t1	A	rna-XM_057798278.1	A
anno1.g7415.t1	A	rna-XM_057812446.1	A
anno1.g7416.t1	A	rna-XM_057812302.1	A
anno1.g7417.t1	A	rna-XM_057812550.1	A
anno1.g7418.t1	A	rna-XM_057804093.1	A
anno1.g7419.t1	A	rna-XM_057814866.1	A
anno1.g7420.t1	A	rna-XM_057806762.1	A
anno1.g7421.t1	A	rna-XM_057802301.1	A
anno1.g7423.t1	A	rna-XM_057803290.1	A
anno1.g7424.t1	A	rna-XM_057806749.1	A
anno1.g7425.t1	A	rna-XM_057814894.1	A
anno1.g7426.t1	A	rna-XM_057805377.1	X
anno1.g7427.t1	A	rna-XM_057805243.1	X
anno1.g7428.t2	A	rna-XM_057805235.1	X
anno1.g7430.t1	A	rna-XM_057802956.1	A
anno1.g7431.t1	A	rna-XM_057795287.1	A
anno1.g7432.t1	A	rna-XM_057795282.1	A
anno1.g7433.t1	A	rna-XM_057795575.1	A
anno1.g7434.t1	A	rna-XM_057816442.1	A
anno1.g7435.t1	A	rna-XM_057796009.1	X
anno1.g7436.t1	A	rna-XM_057811540.1	X
anno1.g7437.t1	A	rna-XM_057809207.1	A
anno1.g7438.t1	A	rna-XM_057809165.1	A
anno1.g7439.t1	A	rna-XM_057816661.1	A
anno1.g7440.t1	A	rna-XM_057816532.1	A
anno1.g7441.t1	A	rna-XM_057816146.1	A
anno1.g7443.t1	A	rna-XM_057815471.1	A
anno1.g7444.t1	A	rna-XM_057815469.1	A
anno1.g7445.t1	A	rna-XM_057815465.1	A
anno1.g7446.t1	A	rna-XM_057816441.1	A
anno1.g7447.t1	A	rna-XM_057815894.1	A
anno1.g7448.t1	A	rna-XM_057816443.1	A
anno1.g7449.t1	A	rna-XM_057816428.1	A
anno1.g7450.t2	A	rna-XM_057816439.1	A
anno1.g7452.t1	A	rna-XM_057814835.1	A
anno1.g7453.t1	A	rna-XM_057812388.1	A
anno1.g7455.t1	A	rna-XM_057815906.1	A
anno1.g7457.t1	A	rna-XM_057808362.1	A
anno1.g7458.t1	A	rna-XM_057811564.1	A
anno1.g7460.t1	A	rna-XM_057806954.1	A
anno1.g7461.t1	A	rna-XM_057806678.1	A
anno1.g7462.t1	A	rna-XM_057806679.1	A
anno1.g7463.t1	A	rna-XM_057811685.1	A
anno1.g7465.t2	A	rna-XM_057811602.1	A
anno1.g7466.t7	A	rna-XM_057811579.1	A
anno1.g7467.t1	A	rna-XM_057811573.1	A
anno1.g7468.t1	A	rna-XM_057806655.1	A
anno1.g7470.t1	A	rna-XM_057806653.1	A
anno1.g7473.t1	A	rna-XM_057806654.1	A
anno1.g7474.t1	A	rna-XM_057807546.1	A
anno1.g7477.t1	A	rna-XM_057795415.1	A
anno1.g7478.t1	A	rna-XM_057795256.1	A
anno1.g7479.t1	A	rna-XM_057806673.1	A
anno1.g7480.t1	A	rna-XM_057805124.1	A
anno1.g7481.t1	A	rna-XM_057805216.1	A
anno1.g7482.t1	A	rna-XM_057807863.1	A
anno1.g7483.t1	A	rna-XM_057804191.1	A
anno1.g7484.t1	A	rna-XM_057805089.1	A
anno1.g7485.t1	A	rna-XM_057795271.1	A
anno1.g7486.t1	A	rna-XM_057807137.1	A
anno1.g7487.t1	A	rna-XM_057795083.1	A
anno1.g7488.t1	A	rna-XM_057795082.1	A
anno1.g7490.t1	A	rna-XM_057795086.1	A
anno1.g7491.t1	A	rna-XM_057795185.1	A
anno1.both_agree_g17796.t1	A	rna-XM_057798821.1	A
anno1.g7494.t2	A	rna-XM_057795188.1	A
anno1.g7495.t1	A	rna-XM_057795187.1	A
anno1.g7496.t1	A	rna-XM_057796169.1	A
anno1.g7497.t1	A	rna-XM_057795747.1	A
anno1.g7498.t1	A	rna-XM_057795885.1	A
anno1.g7501.t1	A	rna-XM_057807228.1	A
anno1.g7503.t1	A	rna-XM_057807224.1	A
anno1.g7506.t1	A	rna-XM_057807061.1	A
anno1.g7511.t2	A	rna-XM_057806690.1	A
anno1.g7512.t1	A	rna-XM_057806920.1	A
anno1.g7514.t1	A	rna-XM_057810192.1	A
anno1.g7515.t1	A	rna-XM_057795053.1	A
anno1.g7516.t3	A	rna-XM_057809219.1	A
anno1.g7518.t1	A	rna-XM_057809348.1	A
anno1.g7520.t2	A	rna-XM_057815508.1	A
anno1.g7521.t2	A	rna-XM_057815503.1	A
anno1.g7522.t1	A	rna-XM_057814994.1	A
anno1.g7524.t1	A	rna-XM_057809345.1	A
anno1.g7530.t1	A	rna-XM_057803831.1	A
anno1.g7531.t1	A	rna-XM_057805056.1	A
anno1.g7532.t2	A	rna-XM_057795724.1	A
anno1.g7533.t1	A	rna-XM_057806747.1	A
anno1.g7534.t1	A	rna-XM_057807073.1	A
anno1.g7535.t2	A	rna-XM_057806641.1	A
anno1.g7536.t1	A	rna-XM_057807270.1	A
anno1.g7537.t1	A	rna-XM_057811962.1	A
anno1.g7538.t1	A	rna-XM_057802013.1	A
anno1.g7540.t1	A	rna-XM_057803083.1	A
anno1.g7541.t1	A	rna-XM_057803078.1	A
anno1.g7542.t1	A	rna-XM_057809656.1	A
anno1.g7544.t1	A	rna-XM_057809269.1	A
anno1.g7545.t2	A	rna-XM_057809889.1	A
anno1.g7546.t1	A	rna-XM_057809272.1	A
anno1.g7547.t1	A	rna-XM_057809271.1	A
anno1.g7548.t1	A	rna-XM_057809546.1	A
anno1.g7549.t1	A	rna-XM_057809095.1	A
anno1.g7550.t1	A	rna-XM_057809247.1	A
anno1.g7551.t1	A	rna-XM_057809086.1	A
anno1.g7552.t1	A	rna-XM_057809554.1	A
anno1.g7553.t1	A	rna-XM_057809924.1	A
anno1.g7554.t1	A	rna-XM_057803295.1	A
anno1.g7555.t2	A	rna-XM_057803089.1	A
anno1.g7556.t1	A	rna-XM_057803075.1	A
anno1.g7559.t1	A	rna-XM_057803082.1	A
anno1.g7560.t1	A	rna-XM_057809662.1	A
anno1.g7562.t1	A	rna-XM_057809663.1	A
anno1.g7563.t1	A	rna-XM_057809903.1	A
anno1.g7564.t1	A	rna-XM_057809659.1	A
anno1.g7565.t1	A	rna-XM_057809665.1	A
anno1.g7566.t1	A	rna-XM_057809928.1	A
anno1.g7567.t1	A	rna-XM_057809445.1	A
anno1.g7568.t2	A	rna-XM_057797786.1	A
anno1.g7569.t1	A	rna-XM_057797782.1	A
anno1.g7571.t1	A	rna-XM_057801261.1	A
anno1.g7573.t1	A	rna-XM_057807571.1	A
anno1.g7574.t1	A	rna-XM_057807560.1	A
anno1.g7575.t1	A	rna-XM_057807561.1	A
anno1.g7576.t1	A	rna-XM_057797389.1	A
anno1.g7577.t1	A	rna-XM_057797397.1	A
anno1.g7580.t2	A	rna-XM_057797395.1	A
anno1.g7582.t1	A	rna-XM_057800280.1	A
anno1.g7583.t2	A	rna-XM_057800412.1	A
anno1.g7584.t1	A	rna-XM_057808638.1	A
anno1.g7585.t1	A	rna-XM_057808636.1	A
anno1.g7586.t1	A	rna-XM_057808674.1	A
anno1.g7587.t1	A	rna-XM_057809505.1	A
anno1.g7589.t1	A	rna-XM_057802295.1	A
anno1.g7590.t2	A	rna-XM_057801685.1	A
anno1.g7591.t1	A	rna-XM_057801675.1	A
anno1.g7592.t1	A	rna-XM_057801676.1	A
anno1.g7594.t1	A	rna-XM_057801703.1	A
anno1.g7595.t1	A	rna-XM_057815124.1	A
anno1.g7596.t1	A	rna-XM_057801671.1	A
anno1.g7598.t1	A	rna-XM_057801695.1	A
anno1.g7599.t1	A	rna-XM_057806396.1	A
anno1.g7601.t1	A	rna-XM_057801704.1	A
anno1.g7602.t2	A	rna-XM_057795434.1	A
anno1.g7603.t1	A	rna-XM_057811148.1	A
anno1.g7604.t1	A	rna-XM_057812423.1	X
anno1.g7605.t1	A	rna-XM_057816905.1	A
anno1.g7606.t1	A	rna-XM_057804172.1	A
anno1.g7609.t1	A	rna-XM_057804391.1	A
anno1.g7614.t2	A	rna-XM_057804236.1	A
anno1.g7621.t1	A	rna-XM_057804127.1	A
anno1.g7622.t1	A	rna-XM_057804285.1	A
anno1.g7624.t1	A	rna-XM_057804393.1	A
anno1.g7628.t1	A	rna-XM_057804465.1	A
anno1.g7632.t1	A	rna-XM_057804107.1	A
anno1.g7633.t2	A	rna-XM_057805369.1	A
anno1.g7636.t1	A	rna-XM_057804566.1	A
anno1.g7637.t1	A	rna-XM_057804567.1	A
anno1.g7638.t2	A	rna-XM_057804263.1	A
anno1.g7639.t1	A	rna-XM_057812799.1	A
anno1.g7640.t1	A	rna-XM_057812797.1	A
anno1.g7641.t1	A	rna-XM_057799831.1	X
anno1.g7643.t1	A	rna-XM_057795142.1	A
anno1.g7644.t1	A	rna-XM_057795826.1	X
anno1.g7645.t1	A	rna-XM_057807186.1	A
anno1.g7646.t1	A	rna-XM_057797655.1	X
anno1.g7647.t1	A	rna-XM_057815652.1	X
anno1.g7648.t1	A	rna-XM_057816578.1	A
anno1.g7651.t1	A	rna-XM_057812017.1	A
anno1.g7652.t1	A	rna-XM_057811562.1	A
anno1.g7656.t1	A	rna-XM_057797678.1	A
anno1.g7657.t1	A	rna-XM_057814189.1	A
anno1.g7664.t3	A	rna-XM_057813014.1	A
anno1.g7665.t1	A	rna-XM_057814691.1	A
anno1.g7666.t1	A	rna-XM_057813287.1	A
anno1.g7681.t1	A	rna-XM_057816353.1	A
anno1.g7683.t1	A	rna-XM_057810508.1	A
anno1.g7684.t2	A	rna-XM_057810505.1	A
anno1.g7685.t2	A	rna-XM_057810519.1	A
anno1.g7688.t1	A	rna-XM_057810521.1	A
anno1.g7689.t1	A	rna-XM_057810518.1	A
anno1.g7690.t1	A	rna-XM_057810504.1	A
anno1.g7691.t1	A	rna-XM_057801405.1	A
anno1.g7692.t2	A	rna-XM_057801502.1	A
anno1.g7693.t1	A	rna-XM_057814281.1	A
anno1.g7694.t1	A	rna-XM_057814276.1	A
anno1.g7695.t1	A	rna-XM_057801032.1	A
anno1.g7701.t1	A	rna-XM_057802888.1	X
anno1.g7703.t1	A	rna-XM_057809958.1	X
anno1.g7704.t1	A	rna-XM_057810323.1	A
anno1.g7706.t1	A	rna-XM_057800048.1	X
anno1.g7713.t1	A	rna-XM_057812909.1	A
anno1.g7714.t1	A	rna-XM_057797983.1	A
anno1.g7715.t1	A	rna-XM_057812910.1	A
anno1.g7718.t1	A	rna-XM_057812498.1	A
anno1.g7719.t1	A	rna-XM_057813877.1	X
anno1.g7722.t1	A	rna-XM_057812557.1	A
anno1.g7724.t1	A	rna-XM_057812562.1	A
anno1.g7725.t1	A	rna-XM_057812697.1	A
anno1.g7727.t1	A	rna-XM_057795247.1	A
anno1.g7728.t1	A	rna-XM_057808339.1	A
anno1.g7730.t1	A	rna-XM_057808337.1	A
anno1.g7731.t1	A	rna-XM_057795249.1	A
anno1.g7733.t1	A	rna-XM_057795180.1	A
anno1.g7734.t1	A	rna-XM_057795181.1	A
anno1.g7737.t1	A	rna-XM_057813657.1	A
anno1.g7740.t1	A	rna-XM_057797903.1	A
anno1.g7742.t1	A	rna-XM_057816519.1	A
anno1.g7744.t1	A	rna-XM_057804699.1	A
anno1.g7745.t1	A	rna-XM_057799455.1	A
anno1.g7746.t1	A	rna-XM_057806789.1	A
anno1.g7748.t1	A	rna-XM_057803065.1	A
anno1.g7749.t1	A	rna-XM_057805647.1	A
anno1.g7751.t2	A	rna-XM_057813340.1	A
anno1.g7752.t1	A	rna-XM_057806424.1	A
anno1.g7760.t2	A	rna-XM_057805670.1	A
anno1.g7761.t1	A	rna-XM_057799397.1	A
anno1.g7768.t1	A	rna-XM_057804117.1	A
anno1.g7771.t1	A	rna-XM_057802283.1	X
anno1.g7772.t1	A	rna-XM_057798848.1	A
anno1.g7773.t1	A	rna-XM_057797924.1	A
anno1.g7774.t1	A	rna-XM_057797787.1	A
anno1.g7775.t1	A	rna-XM_057797783.1	A
anno1.g7776.t1	A	rna-XM_057802278.1	A
anno1.g7777.t1	A	rna-XM_057797461.1	A
anno1.g7779.t1	A	rna-XM_057815611.1	A
anno1.g7781.t2	A	rna-XM_057794887.1	A
anno1.g7782.t1	A	rna-XM_057816664.1	A
anno1.g7783.t1	A	rna-XM_057815903.1	A
anno1.g7784.t1	A	rna-XM_057816939.1	A
anno1.g7788.t1	A	rna-XM_057812429.1	A
anno1.both_agree_g18375.t3	A	rna-XM_057794852.1	A
anno1.g7790.t1	A	rna-XM_057809324.1	A
anno1.g7793.t1	A	rna-XM_057810367.1	A
anno1.g7796.t2	A	rna-XM_057812458.1	A
anno1.g7797.t1	A	rna-XM_057795931.1	X
anno1.g7798.t1	A	rna-XM_057804708.1	A
anno1.g7799.t1	A	rna-XM_057806913.1	A
anno1.g7801.t2	A	rna-XM_057814464.1	A
anno1.g7802.t1	A	rna-XM_057803167.1	A
anno1.g7804.t1	A	rna-XM_057801766.1	A
anno1.g7805.t1	A	rna-XM_057803329.1	A
anno1.g7813.t1	A	rna-XM_057814709.1	A
anno1.g7815.t1	A	rna-XM_057801773.1	A
anno1.g7816.t1	A	rna-XM_057799661.1	A
anno1.g7817.t1	A	rna-XM_057798000.1	A
anno1.g7818.t1	A	rna-XM_057801701.1	A
anno1.g7819.t1	A	rna-XM_057801412.1	A
anno1.g7820.t2	A	rna-XM_057805138.1	A
anno1.g7826.t1	A	rna-XM_057807438.1	A
anno1.g7828.t2	A	rna-XM_057805234.1	A
anno1.g7836.t1	A	rna-XM_057805421.1	A
anno1.g7837.t1	A	rna-XM_057796829.1	A
anno1.g7841.t1	A	rna-XM_057808687.1	A
anno1.g7842.t3	A	rna-XM_057808691.1	A
anno1.g7844.t3	A	rna-XM_057796225.1	A
anno1.g7845.t1	A	rna-XM_057796167.1	A
anno1.g7848.t1	A	rna-XM_057808409.1	A
anno1.g7849.t1	A	rna-XM_057800517.1	A
anno1.g7850.t1	A	rna-XM_057797006.1	A
anno1.g7851.t1	A	rna-XM_057796858.1	A
anno1.g7854.t1	A	rna-XM_057803044.1	A
anno1.g7857.t2	A	rna-XM_057804045.1	A
anno1.g7863.t2	A	rna-XM_057798490.1	A
anno1.g7864.t1	A	rna-XM_057814411.1	A
anno1.g7869.t1	A	rna-XM_057813135.1	A
anno1.g7870.t2	A	rna-XM_057807026.1	A
anno1.g7871.t1	A	rna-XM_057813062.1	A
anno1.g7872.t1	A	rna-XM_057813253.1	A
anno1.g7873.t1	A	rna-XM_057802859.1	A
anno1.g7874.t2	A	rna-XM_057810415.1	A
anno1.g7875.t2	A	rna-XM_057801501.1	A
anno1.g7876.t1	A	rna-XM_057800324.1	A
anno1.g7879.t1	A	rna-XM_057816239.1	A
anno1.g7880.t1	A	rna-XM_057812864.1	A
anno1.g7882.t1	A	rna-XM_057812771.1	X
anno1.g7885.t5	A	rna-XM_057800484.1	A
anno1.g7890.t3	A	rna-XM_057809090.1	A
anno1.g7891.t1	A	rna-XM_057795021.1	A
anno1.g7892.t1	A	rna-XM_057806247.1	A
anno1.g7893.t1	A	rna-XM_057804851.1	A
anno1.g7898.t1	A	rna-XM_057816123.1	A
anno1.g7900.t2	A	rna-XM_057804173.1	A
anno1.g7904.t1	A	rna-XM_057805483.1	A
anno1.g7909.t1	A	rna-XM_057811328.1	A
anno1.g7912.t2	A	rna-XM_057802694.1	A
anno1.g7914.t1	A	rna-XM_057795583.1	A
anno1.g7916.t1	A	rna-XM_057804941.1	A
anno1.g7922.t2	A	rna-XM_057796894.1	X
anno1.g7924.t1	A	rna-XM_057795114.1	X
anno1.g7925.t1	A	rna-XM_057816809.1	X
anno1.g7935.t1	A	rna-XM_057811242.1	A
anno1.g7943.t1	A	rna-XM_057810046.1	A
anno1.g7944.t1	A	rna-XM_057805159.1	A
anno1.g7949.t1	A	rna-XM_057798407.1	A
anno1.g7951.t1	A	rna-XM_057808614.1	A
anno1.g7953.t1	A	rna-XM_057808613.1	A
anno1.g7955.t1	A	rna-XM_057816658.1	A
anno1.g7959.t1	A	rna-XM_057816259.1	A
anno1.g7963.t1	A	rna-XM_057799094.1	A
anno1.g7964.t1	A	rna-XM_057799098.1	A
anno1.g7965.t2	A	rna-XM_057809530.1	A
anno1.g7968.t1	A	rna-XM_057808611.1	A
anno1.g7969.t1	A	rna-XM_057798322.1	A
anno1.g7970.t1	A	rna-XM_057809127.1	A
anno1.g7973.t1	A	rna-XM_057804066.1	A
anno1.g7976.t1	A	rna-XM_057795823.1	A
anno1.g7977.t1	A	rna-XM_057813169.1	A
anno1.g7978.t1	A	rna-XM_057812178.1	A
anno1.g7979.t2	A	rna-XM_057806861.1	A
anno1.g7981.t1	A	rna-XM_057795288.1	A
anno1.g7983.t1	A	rna-XM_057795389.1	A
anno1.g7984.t1	A	rna-XM_057795292.1	A
anno1.g7987.t1	A	rna-XM_057812497.1	A
anno1.g7988.t3	A	rna-XM_057812794.1	A
anno1.g7991.t1	A	rna-XM_057797859.1	A
anno1.g7992.t1	A	rna-XM_057814095.1	X
anno1.g7993.t1	A	rna-XM_057800580.1	A
anno1.g7997.t1	A	rna-XM_057808323.1	X
anno1.g7998.t1	A	rna-XM_057796944.1	A
anno1.g7999.t1	A	rna-XM_057797934.1	A
anno1.g8000.t1	A	rna-XM_057795582.1	A
anno1.g8012.t1	A	rna-XM_057802941.1	A
anno1.g8013.t1	A	rna-XM_057805021.1	A
anno1.g8014.t1	A	rna-XM_057813618.1	A
anno1.g8016.t1	A	rna-XM_057801844.1	A
anno1.g8020.t1	A	rna-XM_057801846.1	A
anno1.g8021.t1	A	rna-XM_057801858.1	A
anno1.g8024.t1	A	rna-XM_057801851.1	A
anno1.g8025.t1	A	rna-XM_057801848.1	A
anno1.g8026.t3	A	rna-XM_057801839.1	A
anno1.g8027.t1	A	rna-XM_057801849.1	A
anno1.g8028.t1	A	rna-XM_057808004.1	A
anno1.g8029.t1	A	rna-XM_057796600.1	A
anno1.g8031.t1	A	rna-XM_057808007.1	A
anno1.g8032.t3	A	rna-XM_057801837.1	A
anno1.g8033.t1	A	rna-XM_057801847.1	A
anno1.g8034.t1	A	rna-XM_057807081.1	A
anno1.g8035.t1	A	rna-XM_057794908.1	A
anno1.g8037.t1	A	rna-XM_057794910.1	A
anno1.g8045.t1	A	rna-XM_057799514.1	A
anno1.g8046.t1	A	rna-XM_057799520.1	A
anno1.g8047.t1	A	rna-XM_057807470.1	A
anno1.g8049.t4	A	rna-XM_057812471.1	A
anno1.g8050.t1	A	rna-XM_057806066.1	A
anno1.g8056.t1	A	rna-XM_057812287.1	A
anno1.g8057.t1	A	rna-XM_057812286.1	A
anno1.g8058.t1	A	rna-XM_057797375.1	A
anno1.g8060.t1	A	rna-XM_057797712.1	A
anno1.g8062.t1	A	rna-XM_057795896.1	X
anno1.g8065.t1	A	rna-XM_057806601.1	A
anno1.g8066.t1	A	rna-XM_057807113.1	A
anno1.g8067.t1	A	rna-XM_057804828.1	X
anno1.g8068.t2	A	rna-XM_057809005.1	A
anno1.g8069.t2	A	rna-XM_057811363.1	A
anno1.g8070.t1	A	rna-XM_057810920.1	A
anno1.g8071.t2	A	rna-XM_057808189.1	A
anno1.g8075.t1	A	rna-XM_057807875.1	A
anno1.g8076.t2	A	rna-XM_057807876.1	A
anno1.g8077.t1	A	rna-XM_057807806.1	A
anno1.g8079.t1	A	rna-XM_057807807.1	A
anno1.g8080.t1	A	rna-XM_057814255.1	A
anno1.g8081.t1	A	rna-XM_057814258.1	A
anno1.g8082.t1	A	rna-XM_057814271.1	A
anno1.g8084.t1	A	rna-XM_057808817.1	A
anno1.g8086.t1	A	rna-XM_057808048.1	A
anno1.g8094.t1	A	rna-XM_057810341.1	X
anno1.g8099.t1	A	rna-XM_057806043.1	A
anno1.g8100.t4	A	rna-XM_057815739.1	A
anno1.g8101.t1	A	rna-XM_057807558.1	A
anno1.g8103.t4	A	rna-XM_057807551.1	A
anno1.g8106.t1	A	rna-XM_057810180.1	X
anno1.g8107.t2	A	rna-XM_057814153.1	A
anno1.g8111.t1	A	rna-XM_057802202.1	A
anno1.g8112.t2	A	rna-XM_057813895.1	A
anno1.g8115.t2	A	rna-XM_057805445.1	A
anno1.g8116.t1	A	rna-XM_057805448.1	A
anno1.g8117.t1	A	rna-XM_057811729.1	A
anno1.g8118.t1	A	rna-XM_057814728.1	A
anno1.g8119.t1	A	rna-XM_057814721.1	A
anno1.g8120.t1	A	rna-XM_057813109.1	A
anno1.g8121.t1	A	rna-XM_057813123.1	A
anno1.g8122.t1	A	rna-XM_057813117.1	A
anno1.g8123.t2	A	rna-XM_057797874.1	X
anno1.g8124.t2	A	rna-XM_057805409.1	A
anno1.g8125.t1	A	rna-XM_057798188.1	A
anno1.g8130.t1	A	rna-XM_057803279.1	A
anno1.g8131.t1	A	rna-XM_057805991.1	A
anno1.g8132.t1	A	rna-XM_057805989.1	A
anno1.g8133.t1	A	rna-XM_057805484.1	A
anno1.g8134.t1	A	rna-XM_057805496.1	A
anno1.g8138.t1	A	rna-XM_057806272.1	A
anno1.g8139.t2	A	rna-XM_057805937.1	A
anno1.g8140.t2	A	rna-XM_057806075.1	A
anno1.g8141.t2	A	rna-XM_057805281.1	A
anno1.g8142.t2	A	rna-XM_057806074.1	A
anno1.g8143.t1	A	rna-XM_057805149.1	X
anno1.g8144.t1	A	rna-XM_057795669.1	A
anno1.g8145.t1	A	rna-XM_057810924.1	A
anno1.g8146.t1	A	rna-XM_057800739.1	X
anno1.g8147.t2	A	rna-XM_057796485.1	A
anno1.g8150.t1	A	rna-XM_057796909.1	X
anno1.g8151.t1	A	rna-XM_057796479.1	A
anno1.g8152.t1	A	rna-XM_057795771.1	A
anno1.g8153.t1	A	rna-XM_057795684.1	A
anno1.g8155.t1	A	rna-XM_057796426.1	A
anno1.g8156.t1	A	rna-XM_057813125.1	A
anno1.g8157.t1	A	rna-XM_057813124.1	A
anno1.g8167.t1	A	rna-XM_057812212.1	A
anno1.g8172.t1	A	rna-XM_057812502.1	A
anno1.g8180.t2	A	rna-XM_057811403.1	A
anno1.g8181.t1	A	rna-XM_057800479.1	A
anno1.g8182.t1	A	rna-XM_057805454.1	A
anno1.g8183.t1	A	rna-XM_057805419.1	A
anno1.g8184.t1	A	rna-XM_057805441.1	A
anno1.g8185.t1	A	rna-XM_057809939.1	A
anno1.g8190.t1	A	rna-XM_057805541.1	A
anno1.g8192.t1	A	rna-XM_057806233.1	A
anno1.g8193.t1	A	rna-XM_057806193.1	A
anno1.g8195.t1	A	rna-XM_057799129.1	A
anno1.g8196.t1	A	rna-XM_057799854.1	A
anno1.g8197.t1	A	rna-XM_057814210.1	A
anno1.g8198.t1	A	rna-XM_057800533.1	A
anno1.g8199.t2	A	rna-XM_057814242.1	A
anno1.g8200.t3	A	rna-XM_057808462.1	A
anno1.g8201.t1	A	rna-XM_057808006.1	A
anno1.g8202.t1	A	rna-XM_057814731.1	X
anno1.g8203.t1	A	rna-XM_057808816.1	A
anno1.g8204.t1	A	rna-XM_057816807.1	A
anno1.g8205.t2	A	rna-XM_057815166.1	A
anno1.g8206.t1	A	rna-XM_057807549.1	A
anno1.g8207.t1	A	rna-XM_057796440.1	A
anno1.g8208.t1	A	rna-XM_057814652.1	A
anno1.g8209.t3	A	rna-XM_057814650.1	A
anno1.g8211.t1	A	rna-XM_057814653.1	A
anno1.g8212.t1	A	rna-XM_057811265.1	A
anno1.g8213.t1	A	rna-XM_057812232.1	A
anno1.g8214.t1	A	rna-XM_057813032.1	A
anno1.g8215.t1	A	rna-XM_057813033.1	A
anno1.g8219.t1	A	rna-XM_057811556.1	A
anno1.g8220.t2	A	rna-XM_057809382.1	X
anno1.g8221.t1	A	rna-XM_057813051.1	A
anno1.g8222.t1	A	rna-XM_057813046.1	A
anno1.g8225.t1	A	rna-XM_057814206.1	A
anno1.g8228.t1	A	rna-XM_057811548.1	A
anno1.g8232.t1	A	rna-XM_057805815.1	A
anno1.g8233.t1	A	rna-XM_057813551.1	A
anno1.g8234.t1	A	rna-XM_057813548.1	A
anno1.g8235.t1	A	rna-XM_057813538.1	A
anno1.g8236.t1	A	rna-XM_057813540.1	A
anno1.g8237.t1	A	rna-XM_057797275.1	A
anno1.g8239.t1	A	rna-XM_057805939.1	A
anno1.g8240.t1	A	rna-XM_057797268.1	A
anno1.g8241.t2	A	rna-XM_057797284.1	A
anno1.g8244.t1	A	rna-XM_057814208.1	A
anno1.g8250.t1	A	rna-XM_057813219.1	A
anno1.g8252.t6	A	rna-XM_057808521.1	A
anno1.g8256.t1	A	rna-XM_057798558.1	A
anno1.g8257.t1	A	rna-XM_057798372.1	A
anno1.g8258.t2	A	rna-XM_057803119.1	A
anno1.g8259.t2	A	rna-XM_057803111.1	A
anno1.g8260.t1	A	rna-XM_057812307.1	A
anno1.g8261.t1	A	rna-XM_057803105.1	A
anno1.g8262.t2	A	rna-XM_057803102.1	A
anno1.g8264.t2	A	rna-XM_057804176.1	A
anno1.g8267.t2	A	rna-XM_057815671.1	X
anno1.g8268.t2	A	rna-XM_057797231.1	X
anno1.g8269.t2	A	rna-XM_057798072.1	X
anno1.g8271.t1	A	rna-XM_057797315.1	A
anno1.g8272.t2	A	rna-XM_057803012.1	A
anno1.g8273.t3	A	rna-XM_057806180.1	A
anno1.g8274.t2	A	rna-XM_057806178.1	A
anno1.g8275.t1	A	rna-XM_057806541.1	A
anno1.g8276.t3	A	rna-XM_057806176.1	A
anno1.g8277.t1	A	rna-XM_057806174.1	A
anno1.g8278.t1	A	rna-XM_057806156.1	A
anno1.g8279.t1	A	rna-XM_057806163.1	A
anno1.g8282.t2	A	rna-XM_057806167.1	A
anno1.g8283.t2	A	rna-XM_057806171.1	A
anno1.g8284.t1	A	rna-XM_057806726.1	A
anno1.g8285.t1	A	rna-XM_057807115.1	A
anno1.g8287.t1	A	rna-XM_057806994.1	A
anno1.g8288.t1	A	rna-XM_057806691.1	A
anno1.g8289.t1	A	rna-XM_057801774.1	A
anno1.g8290.t1	A	rna-XM_057798905.1	A
anno1.g8291.t3	A	rna-XM_057813542.1	A
anno1.g8292.t5	A	rna-XM_057804795.1	A
anno1.g8299.t2	A	rna-XM_057803170.1	A
anno1.g8300.t1	A	rna-XM_057804956.1	X
anno1.g8301.t1	A	rna-XM_057805019.1	X
anno1.g8302.t1	A	rna-XM_057806812.1	A
anno1.g8303.t2	A	rna-XM_057806814.1	A
anno1.g8304.t1	A	rna-XM_057805319.1	A
anno1.g8306.t2	A	rna-XM_057805695.1	A
anno1.g8307.t1	A	rna-XM_057805973.1	A
anno1.g8308.t3	A	rna-XM_057805551.1	A
anno1.g8309.t1	A	rna-XM_057805547.1	A
anno1.g8310.t1	A	rna-XM_057805556.1	A
anno1.g8311.t1	A	rna-XM_057813035.1	A
anno1.g8313.t1	A	rna-XM_057813038.1	A
anno1.g8314.t1	A	rna-XM_057813040.1	A
anno1.g8316.t1	A	rna-XM_057807417.1	X
anno1.g8317.t1	A	rna-XM_057804719.1	X
anno1.g8319.t1	A	rna-XM_057798533.1	A
anno1.g8320.t1	A	rna-XM_057805107.1	X
anno1.g8321.t1	A	rna-XM_057803049.1	A
anno1.g8322.t2	A	rna-XM_057808188.1	A
anno1.g8323.t1	A	rna-XM_057800406.1	A
anno1.g8325.t1	A	rna-XM_057811080.1	A
anno1.g8326.t1	A	rna-XM_057805988.1	A
anno1.g8327.t1	A	rna-XM_057806841.1	A
anno1.g8328.t1	A	rna-XM_057807324.1	A
anno1.g8344.t3	A	rna-XM_057804604.1	A
anno1.g8346.t1	A	rna-XM_057804617.1	A
anno1.g8347.t1	A	rna-XM_057795158.1	A
anno1.g8348.t1	A	rna-XM_057812190.1	A
anno1.g8349.t1	A	rna-XM_057815820.1	A
anno1.g8350.t1	A	rna-XM_057813039.1	A
anno1.g8351.t1	A	rna-XM_057813041.1	A
anno1.g8354.t1	A	rna-XM_057804926.1	A
anno1.g8356.t1	A	rna-XM_057804925.1	A
anno1.g8357.t1	A	rna-XM_057808276.1	X
anno1.g8358.t1	A	rna-XM_057813592.1	A
anno1.g8359.t1	A	rna-XM_057813595.1	A
anno1.g8360.t2	A	rna-XM_057811395.1	A
anno1.g8361.t1	A	rna-XM_057804635.1	A
anno1.g8362.t2	A	rna-XM_057811394.1	A
anno1.g8365.t1	A	rna-XM_057811392.1	A
anno1.g8366.t1	A	rna-XM_057808170.1	A
anno1.g8367.t2	A	rna-XM_057797280.1	A
anno1.g8368.t1	A	rna-XM_057797281.1	A
anno1.g8369.t2	A	rna-XM_057797259.1	A
anno1.g8370.t1	A	rna-XM_057808236.1	A
anno1.g8371.t1	A	rna-XM_057798637.1	A
anno1.g8372.t1	A	rna-XM_057797256.1	A
anno1.g8373.t1	A	rna-XM_057807497.1	A
anno1.g8374.t1	A	rna-XM_057806095.1	A
anno1.g8375.t1	A	rna-XM_057816282.1	A
anno1.g8378.t1	A	rna-XM_057805276.1	A
anno1.g8379.t1	A	rna-XM_057816010.1	A
anno1.g8380.t1	A	rna-XM_057816008.1	A
anno1.g8381.t1	A	rna-XM_057816004.1	A
anno1.g8383.t1	A	rna-XM_057815347.1	A
anno1.g8384.t1	A	rna-XM_057816196.1	A
anno1.g8386.t1	A	rna-XM_057816801.1	A
anno1.g8387.t1	A	rna-XM_057816011.1	A
anno1.g8388.t1	A	rna-XM_057816012.1	A
anno1.g8389.t2	A	rna-XM_057814683.1	A
anno1.g8390.t2	A	rna-XM_057814680.1	A
anno1.g8391.t1	A	rna-XM_057814681.1	A
anno1.g8392.t1	A	rna-XM_057796135.1	A
anno1.g8393.t1	A	rna-XM_057803338.1	A
anno1.g8398.t2	A	rna-XM_057816739.1	A
anno1.g8399.t1	A	rna-XM_057809214.1	A
anno1.g8401.t2	A	rna-XM_057798712.1	A
anno1.g8410.t1	A	rna-XM_057814209.1	A
anno1.g8411.t1	A	rna-XM_057799842.1	A
anno1.g8415.t2	A	rna-XM_057803159.1	A
anno1.g8417.t1	A	rna-XM_057801778.1	A
anno1.g8418.t1	A	rna-XM_057803334.1	A
anno1.g8419.t1	A	rna-XM_057801779.1	A
anno1.g8421.t1	A	rna-XM_057808160.1	A
anno1.g8425.t2	A	rna-XM_057808159.1	A
anno1.g8426.t1	A	rna-XM_057795824.1	A
anno1.g8427.t1	A	rna-XM_057796381.1	A
anno1.g8430.t2	A	rna-XM_057808787.1	A
anno1.g8433.t2	A	rna-XM_057808783.1	A
anno1.g8436.t1	A	rna-XM_057808782.1	A
anno1.g8437.t1	A	rna-XM_057799843.1	A
anno1.g8438.t5	A	rna-XM_057807935.1	A
anno1.g8440.t2	A	rna-XM_057813141.1	A
anno1.g8442.t1	A	rna-XM_057815727.1	A
anno1.g8443.t1	A	rna-XM_057813585.1	A
anno1.g8445.t1	A	rna-XM_057797474.1	A
anno1.g8446.t1	A	rna-XM_057800624.1	X
anno1.g8447.t2	A	rna-XM_057816151.1	A
anno1.g8448.t1	A	rna-XM_057815752.1	A
anno1.g8449.t1	A	rna-XM_057803735.1	A
anno1.g8451.t1	A	rna-XM_057816688.1	A
anno1.g8452.t1	A	rna-XM_057797857.1	A
anno1.g8453.t1	A	rna-XM_057811406.1	A
anno1.g8454.t1	A	rna-XM_057799539.1	A
anno1.g8455.t1	A	rna-XM_057799444.1	A
anno1.g8456.t1	A	rna-XM_057799400.1	A
anno1.g8457.t1	A	rna-XM_057797301.1	A
anno1.g8458.t1	A	rna-XM_057797318.1	A
anno1.g8459.t1	A	rna-XM_057797319.1	A
anno1.g8460.t1	A	rna-XM_057797314.1	A
anno1.g8463.t1	A	rna-XM_057796120.1	A
anno1.g8464.t1	A	rna-XM_057796123.1	A
anno1.g8465.t1	A	rna-XM_057796124.1	A
anno1.g8466.t1	A	rna-XM_057796127.1	A
anno1.g8467.t1	A	rna-XM_057797348.1	A
anno1.g8468.t3	A	rna-XM_057797352.1	A
anno1.g8469.t1	A	rna-XM_057797350.1	A
anno1.g8470.t1	A	rna-XM_057796102.1	A
anno1.g8471.t1	A	rna-XM_057796125.1	A
anno1.g8472.t1	A	rna-XM_057796134.1	A
anno1.g8473.t1	A	rna-XM_057797520.1	A
anno1.g8474.t2	A	rna-XM_057798527.1	A
anno1.g8475.t2	A	rna-XM_057814773.1	A
anno1.g8476.t1	A	rna-XM_057813481.1	A
anno1.g8477.t2	A	rna-XM_057813478.1	A
anno1.g8481.t2	A	rna-XM_057808019.1	A
anno1.g8485.t1	A	rna-XM_057811961.1	X
anno1.g8486.t1	A	rna-XM_057814777.1	A
anno1.g8488.t1	A	rna-XM_057811994.1	X
anno1.g8491.t1	A	rna-XM_057811912.1	A
anno1.g8492.t1	A	rna-XM_057810855.1	X
anno1.g8494.t1	A	rna-XM_057808344.1	A
anno1.g8495.t1	A	rna-XM_057808074.1	A
anno1.g8497.t1	A	rna-XM_057800431.1	A
anno1.g8498.t1	A	rna-XM_057800323.1	A
anno1.g8499.t2	A	rna-XM_057800416.1	A
anno1.g8500.t1	A	rna-XM_057800749.1	A
anno1.g8501.t1	A	rna-XM_057805147.1	A
anno1.g8504.t1	A	rna-XM_057800745.1	A
anno1.g8506.t1	A	rna-XM_057800743.1	A
anno1.g8507.t1	A	rna-XM_057800741.1	A
anno1.g8508.t1	A	rna-XM_057804103.1	A
anno1.g8509.t1	A	rna-XM_057798042.1	A
anno1.g8510.t1	A	rna-XM_057808883.1	A
anno1.g8511.t2	A	rna-XM_057798041.1	A
anno1.g8512.t1	A	rna-XM_057797421.1	A
anno1.g8513.t5	A	rna-XM_057797702.1	A
anno1.g8514.t2	A	rna-XM_057797807.1	A
anno1.g8516.t1	A	rna-XM_057799754.1	A
anno1.g8520.t1	A	rna-XM_057800146.1	A
anno1.g8521.t2	A	rna-XM_057801973.1	A
anno1.g8522.t2	A	rna-XM_057799760.1	A
anno1.g8525.t1	A	rna-XM_057798363.1	A
anno1.g8527.t2	A	rna-XM_057798343.1	A
anno1.g8528.t2	A	rna-XM_057798288.1	A
anno1.g8529.t1	A	rna-XM_057795160.1	A
anno1.g8534.t1	A	rna-XM_057795173.1	A
anno1.g8535.t1	A	rna-XM_057795174.1	A
anno1.g8536.t1	A	rna-XM_057800420.1	A
anno1.g8537.t1	A	rna-XM_057815883.1	A
anno1.g8540.t1	A	rna-XM_057816231.1	A
anno1.g8541.t1	A	rna-XM_057816832.1	A
anno1.g8544.t1	A	rna-XM_057800964.1	A
anno1.g8545.t1	A	rna-XM_057800702.1	A
anno1.g8546.t1	A	rna-XM_057806058.1	A
anno1.g8547.t1	A	rna-XM_057806059.1	A
anno1.g8548.t1	A	rna-XM_057806340.1	A
anno1.g8549.t1	A	rna-XM_057806336.1	A
anno1.g8551.t2	A	rna-XM_057812213.1	A
anno1.g8552.t1	A	rna-XM_057800953.1	A
anno1.g8553.t1	A	rna-XM_057800998.1	A
anno1.g8554.t1	A	rna-XM_057798260.1	A
anno1.g8555.t1	A	rna-XM_057801061.1	A
anno1.g8557.t1	A	rna-XM_057800264.1	A
anno1.g8558.t1	A	rna-XM_057797726.1	A
anno1.g8559.t1	A	rna-XM_057797732.1	A
anno1.g8560.t1	A	rna-XM_057797728.1	A
anno1.g8561.t2	A	rna-XM_057814889.1	A
anno1.g8562.t1	A	rna-XM_057814245.1	A
anno1.g8563.t1	A	rna-XM_057801539.1	A
anno1.g8564.t1	A	rna-XM_057801527.1	A
anno1.g8565.t1	A	rna-XM_057810084.1	A
anno1.g8566.t1	A	rna-XM_057804588.1	A
anno1.g8567.t3	A	rna-XM_057806372.1	A
anno1.g8568.t1	A	rna-XM_057799874.1	A
anno1.g8569.t1	A	rna-XM_057804353.1	A
anno1.g8570.t2	A	rna-XM_057801956.1	A
anno1.g8572.t2	A	rna-XM_057814977.1	A
anno1.g8573.t1	A	rna-XM_057801971.1	A
anno1.g8574.t1	A	rna-XM_057811656.1	A
anno1.g8575.t1	A	rna-XM_057811655.1	A
anno1.g8580.t1	A	rna-XM_057800132.1	A
anno1.g8582.t1	A	rna-XM_057807929.1	A
anno1.g8583.t1	A	rna-XM_057807928.1	A
anno1.g8584.t1	A	rna-XM_057808107.1	A
anno1.g8588.t1	A	rna-XM_057808166.1	A
anno1.g8589.t1	A	rna-XM_057797793.1	A
anno1.g8590.t1	A	rna-XM_057797956.1	A
anno1.g8591.t1	A	rna-XM_057805122.1	A
anno1.g8592.t1	A	rna-XM_057797671.1	A
anno1.g8593.t2	A	rna-XM_057798640.1	A
anno1.g8594.t2	A	rna-XM_057795584.1	A
anno1.g8595.t1	A	rna-XM_057804840.1	X
anno1.g8596.t2	A	rna-XM_057809688.1	X
anno1.g8597.t1	A	rna-XM_057808288.1	X
anno1.g8601.t1	A	rna-XM_057799864.1	A
anno1.g8602.t1	A	rna-XM_057806335.1	A
anno1.g8603.t1	A	rna-XM_057806337.1	A
anno1.g8604.t1	A	rna-XM_057800213.1	A
anno1.g8605.t1	A	rna-XM_057800313.1	A
anno1.g8606.t1	A	rna-XM_057800369.1	A
anno1.g8607.t2	A	rna-XM_057801612.1	A
anno1.g8608.t1	A	rna-XM_057801598.1	A
anno1.g8610.t2	A	rna-XM_057801609.1	A
anno1.g8613.t1	A	rna-XM_057805750.1	A
anno1.g8615.t1	A	rna-XM_057795951.1	A
anno1.g8616.t1	A	rna-XM_057796782.1	A
anno1.g8617.t1	A	rna-XM_057796623.1	A
anno1.g8618.t2	A	rna-XM_057806019.1	A
anno1.g8620.t1	A	rna-XM_057810932.1	A
anno1.g8621.t1	A	rna-XM_057800249.1	A
anno1.g8622.t1	A	rna-XM_057795523.1	A
anno1.g8623.t1	A	rna-XM_057796109.1	A
anno1.g8625.t1	A	rna-XM_057798364.1	A
anno1.g8626.t1	A	rna-XM_057811810.1	A
anno1.g8629.t1	A	rna-XM_057801414.1	A
anno1.g8633.t1	A	rna-XM_057814201.1	A
anno1.g8641.t1	A	rna-XM_057814204.1	A
anno1.g8642.t2	A	rna-XM_057805497.1	A
anno1.g8644.t1	A	rna-XM_057814252.1	A
anno1.g8645.t1	A	rna-XM_057807043.1	A
anno1.g8646.t1	A	rna-XM_057816477.1	A
anno1.g8647.t1	A	rna-XM_057816479.1	A
anno1.g8648.t1	A	rna-XM_057804313.1	A
anno1.g8649.t1	A	rna-XM_057804299.1	A
anno1.g8650.t1	A	rna-XM_057794905.1	A
anno1.g8651.t1	A	rna-XM_057806934.1	A
anno1.g8657.t1	A	rna-XM_057806756.1	A
anno1.g8658.t1	A	rna-XM_057808328.1	A
anno1.g8659.t1	A	rna-XM_057812023.1	A
anno1.g8665.t1	A	rna-XM_057807808.1	A
anno1.g8667.t2	A	rna-XM_057808063.1	A
anno1.g8668.t2	A	rna-XM_057807801.1	A
anno1.g8669.t1	A	rna-XM_057808833.1	A
anno1.g8670.t2	A	rna-XM_057807798.1	A
anno1.g8671.t1	A	rna-XM_057807797.1	A
anno1.g8673.t1	A	rna-XM_057807674.1	A
anno1.g8674.t1	A	rna-XM_057807629.1	A
anno1.g8675.t1	A	rna-XM_057807630.1	A
anno1.g8676.t1	A	rna-XM_057804918.1	A
anno1.g8678.t2	A	rna-XM_057800371.1	A
anno1.g8679.t1	A	rna-XM_057800805.1	A
anno1.g8680.t1	A	rna-XM_057812689.1	A
anno1.g8681.t2	A	rna-XM_057813349.1	A
anno1.both_agree_g20002.t1	A	rna-XM_057808853.1	X
anno1.g8685.t1	A	rna-XM_057808805.1	A
anno1.g8686.t1	A	rna-XM_057814540.1	A
anno1.g8696.t1	A	rna-XM_057810526.1	A
anno1.g8697.t1	A	rna-XM_057814386.1	A
anno1.g8699.t1	A	rna-XM_057810524.1	A
anno1.g8700.t1	A	rna-XM_057810769.1	A
anno1.g8701.t1	A	rna-XM_057796865.1	A
anno1.g8702.t1	A	rna-XM_057810098.1	A
anno1.g8703.t1	A	rna-XM_057805131.1	A
anno1.g8705.t2	A	rna-XM_057803298.1	A
anno1.g8707.t1	A	rna-XM_057801658.1	A
anno1.g8708.t1	A	rna-XM_057802594.1	A
anno1.g8709.t1	A	rna-XM_057803901.1	A
anno1.g8710.t1	A	rna-XM_057808854.1	A
anno1.g8713.t1	A	rna-XM_057808851.1	A
anno1.g8715.t1	A	rna-XM_057795343.1	A
anno1.g8717.t1	A	rna-XM_057795344.1	A
anno1.g8723.t1	A	rna-XM_057800362.1	A
anno1.g8725.t1	A	rna-XM_057795064.1	A
anno1.g8726.t1	A	rna-XM_057800070.1	A
anno1.g8727.t1	A	rna-XM_057800071.1	A
anno1.g8728.t1	A	rna-XM_057812070.1	A
anno1.g8729.t1	A	rna-XM_057810380.1	A
anno1.g8730.t2	A	rna-XM_057811546.1	A
anno1.g8732.t1	A	rna-XM_057795820.1	A
anno1.g8734.t2	A	rna-XM_057796022.1	A
anno1.g8737.t2	A	rna-XM_057814393.1	A
anno1.g8740.t1	A	rna-XM_057796027.1	A
anno1.g8742.t1	A	rna-XM_057800637.1	A
anno1.g8744.t1	A	rna-XM_057798376.1	A
anno1.g8746.t1	A	rna-XM_057812029.1	A
anno1.g8747.t1	A	rna-XM_057812028.1	A
anno1.g8751.t1	A	rna-XM_057815681.1	A
anno1.g8752.t10	A	rna-XM_057803974.1	A
anno1.g8753.t2	A	rna-XM_057804230.1	X
anno1.g8754.t1	A	rna-XM_057815984.1	A
anno1.g8760.t1	A	rna-XM_057802952.1	A
anno1.g8761.t1	A	rna-XM_057802938.1	A
anno1.g8762.t1	A	rna-XM_057802946.1	A
anno1.g8763.t1	A	rna-XM_057802954.1	A
anno1.g8764.t1	A	rna-XM_057803166.1	A
anno1.g8765.t2	A	rna-XM_057807244.1	A
anno1.g8769.t1	A	rna-XM_057804418.1	A
anno1.g8770.t2	A	rna-XM_057798553.1	A
anno1.g8772.t1	A	rna-XM_057800023.1	A
anno1.g8773.t3	A	rna-XM_057814389.1	A
anno1.g8774.t1	A	rna-XM_057814402.1	A
anno1.g8776.t1	A	rna-XM_057815699.1	A
anno1.g8777.t2	A	rna-XM_057811432.1	A
anno1.g8778.t2	A	rna-XM_057814782.1	A
anno1.g8783.t1	A	rna-XM_057815062.1	A
anno1.g8784.t1	A	rna-XM_057815065.1	A
anno1.g8785.t1	A	rna-XM_057816736.1	A
anno1.g8786.t1	A	rna-XM_057811047.1	X
anno1.g8788.t1	A	rna-XM_057813098.1	A
anno1.g8790.t1	A	rna-XM_057813099.1	A
anno1.g8795.t1	A	rna-XM_057804800.1	A
anno1.g8797.t1	A	rna-XM_057814399.1	A
anno1.g8798.t1	A	rna-XM_057814380.1	A
anno1.g8799.t1	A	rna-XM_057808416.1	A
anno1.g8801.t2	A	rna-XM_057810178.1	A
anno1.g8802.t1	A	rna-XM_057810177.1	A
anno1.g8804.t1	A	rna-XM_057811194.1	A
anno1.g8806.t1	A	rna-XM_057810894.1	A
anno1.g8809.t1	A	rna-XM_057796721.1	A
anno1.g8811.t1	A	rna-XM_057796732.1	A
anno1.g8812.t1	A	rna-XM_057804080.1	A
anno1.g8817.t1	A	rna-XM_057804961.1	A
anno1.g8819.t1	A	rna-XM_057804968.1	A
anno1.g8822.t1	A	rna-XM_057804944.1	A
anno1.g8823.t1	A	rna-XM_057804967.1	A
anno1.g8824.t1	A	rna-XM_057811539.1	A
anno1.g8825.t1	A	rna-XM_057800268.1	A
anno1.g8826.t1	A	rna-XM_057804972.1	A
anno1.g8828.t1	A	rna-XM_057804973.1	A
anno1.g8830.t1	A	rna-XM_057804971.1	A
anno1.g8831.t1	A	rna-XM_057804963.1	A
anno1.g8832.t2	A	rna-XM_057804955.1	A
anno1.g8833.t1	A	rna-XM_057806367.1	A
anno1.g8835.t2	A	rna-XM_057796688.1	A
anno1.g8836.t1	A	rna-XM_057796690.1	A
anno1.g8840.t4	A	rna-XM_057812451.1	A
anno1.g8841.t1	A	rna-XM_057804408.1	A
anno1.g8845.t1	A	rna-XM_057814810.1	A
anno1.g8846.t1	A	rna-XM_057813088.1	A
anno1.g8848.t1	A	rna-XM_057813080.1	A
anno1.g8849.t1	A	rna-XM_057813081.1	A
anno1.g8850.t1	A	rna-XM_057813085.1	A
anno1.g8851.t1	A	rna-XM_057813078.1	A
anno1.g8854.t1	A	rna-XM_057814786.1	A
anno1.g8855.t2	A	rna-XM_057814787.1	A
anno1.g8857.t2	A	rna-XM_057812709.1	A
anno1.g8858.t1	A	rna-XM_057812106.1	A
anno1.g8859.t1	A	rna-XM_057813710.1	A
anno1.g8860.t1	A	rna-XM_057811636.1	A
anno1.g8861.t1	A	rna-XM_057804960.1	A
anno1.g8862.t1	A	rna-XM_057804707.1	X
anno1.g8863.t1	A	rna-XM_057806434.1	A
anno1.g8864.t2	A	rna-XM_057799042.1	A
anno1.g8865.t1	A	rna-XM_057795519.1	A
anno1.g8869.t1	A	rna-XM_057815063.1	A
anno1.g8870.t1	A	rna-XM_057801303.1	A
anno1.g8871.t1	A	rna-XM_057801285.1	A
anno1.g8872.t1	A	rna-XM_057801289.1	A
anno1.g8873.t1	A	rna-XM_057809626.1	A
anno1.g8874.t2	A	rna-XM_057801290.1	A
anno1.g8875.t1	A	rna-XM_057809551.1	A
anno1.g8876.t1	A	rna-XM_057809552.1	A
anno1.g8879.t1	A	rna-XM_057801440.1	A
anno1.g8880.t1	A	rna-XM_057810900.1	A
anno1.g8883.t1	A	rna-XM_057799060.1	A
anno1.g8884.t1	A	rna-XM_057812099.1	A
anno1.g8885.t3	A	rna-XM_057813945.1	A
anno1.g8888.t1	A	rna-XM_057800989.1	A
anno1.g8889.t1	A	rna-XM_057800975.1	A
anno1.g8891.t4	A	rna-XM_057801073.1	A
anno1.g8895.t1	A	rna-XM_057800930.1	A
anno1.g8896.t1	A	rna-XM_057796757.1	A
anno1.g8900.t1	A	rna-XM_057816136.1	A
anno1.g8902.t2	A	rna-XM_057815792.1	A
anno1.g8905.t1	A	rna-XM_057796907.1	A
anno1.g8909.t2	A	rna-XM_057812276.1	A
anno1.g8910.t1	A	rna-XM_057812691.1	A
anno1.g8911.t1	A	rna-XM_057811724.1	A
anno1.g8912.t1	A	rna-XM_057800055.1	A
anno1.g8913.t1	A	rna-XM_057796015.1	A
anno1.g8914.t1	A	rna-XM_057796876.1	A
anno1.g8915.t2	A	rna-XM_057805158.1	A
anno1.g8916.t1	A	rna-XM_057801272.1	A
anno1.g8917.t1	A	rna-XM_057801269.1	A
anno1.g8918.t1	A	rna-XM_057801148.1	A
anno1.g8919.t1	A	rna-XM_057807800.1	A
anno1.g8920.t2	A	rna-XM_057800790.1	A
anno1.g8921.t1	A	rna-XM_057804726.1	A
anno1.g8922.t1	A	rna-XM_057813250.1	A
anno1.g8923.t1	A	rna-XM_057797749.1	A
anno1.g8924.t1	A	rna-XM_057797076.1	A
anno1.g8925.t1	A	rna-XM_057815801.1	A
anno1.g8928.t1	A	rna-XM_057815618.1	A
anno1.g8929.t2	A	rna-XM_057800549.1	A
anno1.g8930.t1	A	rna-XM_057800556.1	A
anno1.g8942.t1	A	rna-XM_057809534.1	A
anno1.g8943.t1	A	rna-XM_057814405.1	A
anno1.g8944.t1	A	rna-XM_057814410.1	A
anno1.g8946.t1	A	rna-XM_057796861.1	A
anno1.g8950.t1	A	rna-XM_057813767.1	A
anno1.g8951.t1	A	rna-XM_057805249.1	A
anno1.g8953.t1	A	rna-XM_057807021.1	A
anno1.g8955.t1	A	rna-XM_057810381.1	A
anno1.g8956.t1	A	rna-XM_057812025.1	A
anno1.g8957.t1	A	rna-XM_057810372.1	A
anno1.g8958.t1	A	rna-XM_057810369.1	A
anno1.g8959.t1	A	rna-XM_057810095.1	A
anno1.g8960.t2	A	rna-XM_057810377.1	A
anno1.g8961.t1	A	rna-XM_057805259.1	A
anno1.g8963.t1	A	rna-XM_057795462.1	A
anno1.g8965.t2	A	rna-XM_057813762.1	A
anno1.g8968.t1	A	rna-XM_057804783.1	A
anno1.g8972.t2	A	rna-XM_057803895.1	A
anno1.g8976.t1	A	rna-XM_057800744.1	A
anno1.g8978.t4	A	rna-XM_057799813.1	A
anno1.g8985.t1	A	rna-XM_057803603.1	A
anno1.g8986.t1	A	rna-XM_057803600.1	A
anno1.g8987.t1	A	rna-XM_057796368.1	A
anno1.g8989.t1	A	rna-XM_057798238.1	A
anno1.g8991.t1	A	rna-XM_057803646.1	A
anno1.g8996.t1	A	rna-XM_057803770.1	A
anno1.g8999.t2	A	rna-XM_057802821.1	A
anno1.g9008.t1	A	rna-XM_057808296.1	A
anno1.g9009.t1	A	rna-XM_057809297.1	A
anno1.g9010.t3	A	rna-XM_057803097.1	A
anno1.g9011.t1	A	rna-XM_057804286.1	A
anno1.g9012.t2	A	rna-XM_057816756.1	A
anno1.g9015.t1	A	rna-XM_057811447.1	A
anno1.g9017.t1	A	rna-XM_057805029.1	A
anno1.g9018.t1	A	rna-XM_057801554.1	A
anno1.g9019.t1	A	rna-XM_057801590.1	A
anno1.g9020.t1	A	rna-XM_057816806.1	A
anno1.g9022.t2	A	rna-XM_057815901.1	A
anno1.g9027.t1	A	rna-XM_057809319.1	A
anno1.g9029.t1	A	rna-XM_057796751.1	A
anno1.g9034.t1	A	rna-XM_057803426.1	A
anno1.g9038.t1	A	rna-XM_057809756.1	A
anno1.g9044.t1	A	rna-XM_057798126.1	A
anno1.g9046.t2	A	rna-XM_057802404.1	A
anno1.g9052.t1	A	rna-XM_057808329.1	A
anno1.g9053.t1	A	rna-XM_057808341.1	A
anno1.g9054.t1	A	rna-XM_057799157.1	A
anno1.g9055.t1	A	rna-XM_057802480.1	A
anno1.g9056.t1	A	rna-XM_057801657.1	A
anno1.g9057.t1	A	rna-XM_057802522.1	A
anno1.g9058.t1	A	rna-XM_057802068.1	A
anno1.g9059.t1	A	rna-XM_057802469.1	A
anno1.g9060.t1	A	rna-XM_057806179.1	A
anno1.g9061.t1	A	rna-XM_057805384.1	A
anno1.g9062.t1	A	rna-XM_057813981.1	A
anno1.g9063.t1	A	rna-XM_057813830.1	A
anno1.g9064.t1	A	rna-XM_057813832.1	A
anno1.g9065.t1	A	rna-XM_057806779.1	X
anno1.g9066.t1	A	rna-XM_057813441.1	A
anno1.g9067.t1	A	rna-XM_057816480.1	X
anno1.g9068.t1	A	rna-XM_057795299.1	A
anno1.g9069.t2	A	rna-XM_057804792.1	A
anno1.g9070.t1	A	rna-XM_057804791.1	A
anno1.g9072.t1	A	rna-XM_057802945.1	A
anno1.g9073.t1	A	rna-XM_057802949.1	A
anno1.g9074.t1	A	rna-XM_057809148.1	A
anno1.g9075.t1	A	rna-XM_057808598.1	A
anno1.g9079.t1	A	rna-XM_057802254.1	A
anno1.g9080.t2	A	rna-XM_057798697.1	A
anno1.g9081.t1	A	rna-XM_057810751.1	A
anno1.g9082.t1	A	rna-XM_057810748.1	A
anno1.g9083.t1	A	rna-XM_057804988.1	A
anno1.g9084.t1	A	rna-XM_057804576.1	A
anno1.g9085.t1	A	rna-XM_057804068.1	A
anno1.g9086.t1	A	rna-XM_057812914.1	A
anno1.g9087.t2	A	rna-XM_057815780.1	A
anno1.g9088.t1	A	rna-XM_057814753.1	A
anno1.g9090.t1	A	rna-XM_057800344.1	A
anno1.g9091.t1	A	rna-XM_057811442.1	A
anno1.g9092.t1	A	rna-XM_057804335.1	A
anno1.g9093.t2	A	rna-XM_057814369.1	A
anno1.g9095.t1	A	rna-XM_057813865.1	A
anno1.g9096.t1	A	rna-XM_057814444.1	A
anno1.g9097.t1	A	rna-XM_057813408.1	A
anno1.g9098.t1	A	rna-XM_057813605.1	A
anno1.g9099.t1	A	rna-XM_057810490.1	X
anno1.g9100.t2	A	rna-XM_057810784.1	X
anno1.g9101.t2	A	rna-XM_057803737.1	A
anno1.g9102.t1	A	rna-XM_057811193.1	A
anno1.g9103.t1	A	rna-XM_057811431.1	A
anno1.g9104.t1	A	rna-XM_057811429.1	A
anno1.g9105.t1	A	rna-XM_057800239.1	A
anno1.g9106.t1	A	rna-XM_057799998.1	A
anno1.g9107.t1	A	rna-XM_057799996.1	A
anno1.g9109.t1	A	rna-XM_057801224.1	A
anno1.g9110.t2	A	rna-XM_057813862.1	A
anno1.g9111.t1	A	rna-XM_057814442.1	A
anno1.g9113.t1	A	rna-XM_057807870.1	A
anno1.g9114.t1	A	rna-XM_057807669.1	A
anno1.g9115.t1	A	rna-XM_057808832.1	A
anno1.g9116.t2	A	rna-XM_057808448.1	A
anno1.g9117.t1	A	rna-XM_057807950.1	A
anno1.g9118.t1	A	rna-XM_057807867.1	A
anno1.g9119.t1	A	rna-XM_057808169.1	A
anno1.g9120.t1	A	rna-XM_057807685.1	A
anno1.g9121.t1	A	rna-XM_057808450.1	A
anno1.g9122.t1	A	rna-XM_057808456.1	A
anno1.g9123.t1	A	rna-XM_057807871.1	A
anno1.g9124.t1	A	rna-XM_057807666.1	A
anno1.g9125.t2	A	rna-XM_057808028.1	A
anno1.g9126.t1	A	rna-XM_057808025.1	A
anno1.g9127.t1	A	rna-XM_057807717.1	A
anno1.g9128.t1	A	rna-XM_057807864.1	A
anno1.g9130.t2	A	rna-XM_057803797.1	A
anno1.g9132.t1	A	rna-XM_057801940.1	A
anno1.g9137.t3	A	rna-XM_057808849.1	A
anno1.g9138.t1	A	rna-XM_057808856.1	A
anno1.g9140.t1	A	rna-XM_057810891.1	A
anno1.g9141.t1	A	rna-XM_057798392.1	A
anno1.g9142.t1	A	rna-XM_057803814.1	A
anno1.g9143.t1	A	rna-XM_057801926.1	A
anno1.g9145.t2	A	rna-XM_057797074.1	A
anno1.g9146.t1	A	rna-XM_057803059.1	A
anno1.g9147.t3	A	rna-XM_057806399.1	A
anno1.g9148.t1	A	rna-XM_057814934.1	A
anno1.g9149.t1	A	rna-XM_057796003.1	A
anno1.g9150.t1	A	rna-XM_057805141.1	A
anno1.g9151.t1	A	rna-XM_057810105.1	A
anno1.g9153.t1	A	rna-XM_057810117.1	A
anno1.g9154.t1	A	rna-XM_057810115.1	A
anno1.g9156.t1	A	rna-XM_057804625.1	A
anno1.g9157.t1	A	rna-XM_057804473.1	A
anno1.g9158.t1	A	rna-XM_057804388.1	A
anno1.g9159.t2	A	rna-XM_057804471.1	A
anno1.g9160.t1	A	rna-XM_057799289.1	A
anno1.g9161.t2	A	rna-XM_057804467.1	A
anno1.g9162.t2	A	rna-XM_057807991.1	A
anno1.g9164.t1	A	rna-XM_057808926.1	A
anno1.g9173.t1	A	rna-XM_057810732.1	A
anno1.g9186.t1	A	rna-XM_057808880.1	A
anno1.g9192.t1	A	rna-XM_057807942.1	A
anno1.g9193.t1	A	rna-XM_057810681.1	A
anno1.g9195.t1	A	rna-XM_057816512.1	A
anno1.g9196.t1	A	rna-XM_057795536.1	A
anno1.g9197.t1	A	rna-XM_057815588.1	A
anno1.g9198.t1	A	rna-XM_057815767.1	A
anno1.g9199.t2	A	rna-XM_057795128.1	A
anno1.g9207.t2	A	rna-XM_057802813.1	A
anno1.g9209.t1	A	rna-XM_057795067.1	A
anno1.g9210.t1	A	rna-XM_057800366.1	A
anno1.g9211.t2	A	rna-XM_057796093.1	A
anno1.g9212.t1	A	rna-XM_057796608.1	A
anno1.g9213.t1	A	rna-XM_057796607.1	A
anno1.g9214.t1	A	rna-XM_057810175.1	A
anno1.g9215.t1	A	rna-XM_057802164.1	A
anno1.g9216.t1	A	rna-XM_057801919.1	A
anno1.g9217.t1	A	rna-XM_057813518.1	A
anno1.g9219.t2	A	rna-XM_057802443.1	A
anno1.g9221.t1	A	rna-XM_057813659.1	A
anno1.g9222.t1	A	rna-XM_057804778.1	A
anno1.g9223.t1	A	rna-XM_057810315.1	A
anno1.g9224.t1	A	rna-XM_057798073.1	A
anno1.g9225.t2	A	rna-XM_057812808.1	A
anno1.g9226.t1	A	rna-XM_057813499.1	A
anno1.g9227.t1	A	rna-XM_057795516.1	A
anno1.g9229.t1	A	rna-XM_057806516.1	A
anno1.g9234.t2	A	rna-XM_057803464.1	A
anno1.g9235.t1	A	rna-XM_057798737.1	A
anno1.g9236.t1	A	rna-XM_057799118.1	A
anno1.g9238.t1	A	rna-XM_057812211.1	A
anno1.g9239.t1	A	rna-XM_057815675.1	A
anno1.g9240.t3	A	rna-XM_057813515.1	A
anno1.g9241.t4	A	rna-XM_057812044.1	A
anno1.g9242.t2	A	rna-XM_057800121.1	A
anno1.g9243.t1	A	rna-XM_057805165.1	A
anno1.g9244.t1	A	rna-XM_057803909.1	A
anno1.g9245.t1	A	rna-XM_057815750.1	A
anno1.g9246.t1	A	rna-XM_057804822.1	A
anno1.g9247.t2	A	rna-XM_057804830.1	A
anno1.g9248.t1	A	rna-XM_057813660.1	A
anno1.g9249.t1	A	rna-XM_057799087.1	A
anno1.g9250.t1	A	rna-XM_057812485.1	A
anno1.g9251.t1	A	rna-XM_057804597.1	A
anno1.g9256.t1	A	rna-XM_057797148.1	A
anno1.g9257.t3	A	rna-XM_057805125.1	A
anno1.g9259.t1	A	rna-XM_057797407.1	A
anno1.g9261.t1	A	rna-XM_057802366.1	A
anno1.g9265.t1	A	rna-XM_057804179.1	A
anno1.g9269.t1	A	rna-XM_057795764.1	A
anno1.g9270.t3	A	rna-XM_057796846.1	A
anno1.g9272.t1	A	rna-XM_057810883.1	A
anno1.g9273.t1	A	rna-XM_057810884.1	A
anno1.g9274.t1	A	rna-XM_057810523.1	A
anno1.g9275.t1	A	rna-XM_057808001.1	A
anno1.g9277.t1	A	rna-XM_057796356.1	A
anno1.g9278.t1	A	rna-XM_057796513.1	A
anno1.g9279.t1	A	rna-XM_057804493.1	A
anno1.g9281.t1	A	rna-XM_057813516.1	A
anno1.g9282.t1	A	rna-XM_057808813.1	A
anno1.g9283.t1	A	rna-XM_057808811.1	A
anno1.g9284.t2	A	rna-XM_057808800.1	A
anno1.g9285.t2	A	rna-XM_057808798.1	A
anno1.g9286.t1	A	rna-XM_057812422.1	A
anno1.g9288.t1	A	rna-XM_057803441.1	A
anno1.g9289.t2	A	rna-XM_057802268.1	A
anno1.g9292.t1	A	rna-XM_057801747.1	A
anno1.g9294.t1	A	rna-XM_057797789.1	A
anno1.g9297.t4	A	rna-XM_057803607.1	A
anno1.g9298.t1	A	rna-XM_057803608.1	A
anno1.g9299.t1	A	rna-XM_057802049.1	A
anno1.g9309.t1	A	rna-XM_057813068.1	A
anno1.g9310.t2	A	rna-XM_057809375.1	A
anno1.g9311.t1	A	rna-XM_057809378.1	A
anno1.g9312.t1	A	rna-XM_057809377.1	A
anno1.g9313.t1	A	rna-XM_057806225.1	A
anno1.g9315.t1	A	rna-XM_057805460.1	A
anno1.g9316.t1	A	rna-XM_057795140.1	A
anno1.g9317.t1	A	rna-XM_057795141.1	A
anno1.g9318.t1	A	rna-XM_057795135.1	A
anno1.g9319.t1	A	rna-XM_057795132.1	A
anno1.g9320.t1	A	rna-XM_057802306.1	A
anno1.g9321.t2	A	rna-XM_057795080.1	A
anno1.g9322.t1	A	rna-XM_057803491.1	A
anno1.g9323.t1	A	rna-XM_057815562.1	A
anno1.g9324.t1	A	rna-XM_057795077.1	A
anno1.g9325.t1	A	rna-XM_057795289.1	A
anno1.g9326.t1	A	rna-XM_057815523.1	A
anno1.g9327.t3	A	rna-XM_057815472.1	A
anno1.g9328.t1	A	rna-XM_057810535.1	A
anno1.g9333.t1	A	rna-XM_057815972.1	A
anno1.g9336.t2	A	rna-XM_057809341.1	A
anno1.g9337.t1	A	rna-XM_057804705.1	A
anno1.g9338.t1	A	rna-XM_057809809.1	A
anno1.g9339.t1	A	rna-XM_057814818.1	A
anno1.g9340.t2	A	rna-XM_057811348.1	A
anno1.g9341.t1	A	rna-XM_057803525.1	A
anno1.g9344.t2	A	rna-XM_057803530.1	A
anno1.g9348.t1	A	rna-XM_057810257.1	A
anno1.g9349.t1	A	rna-XM_057814893.1	A
anno1.g9350.t1	A	rna-XM_057803036.1	A
anno1.g9351.t1	A	rna-XM_057803063.1	A
anno1.g9353.t2	A	rna-XM_057806483.1	A
anno1.g9357.t1	A	rna-XM_057814923.1	A
anno1.g9358.t1	A	rna-XM_057813208.1	A
anno1.g9359.t1	A	rna-XM_057812566.1	A
anno1.g9362.t2	A	rna-XM_057812265.1	A
anno1.g9364.t1	A	rna-XM_057814892.1	A
anno1.g9367.t1	A	rna-XM_057800599.1	A
anno1.g9369.t1	A	rna-XM_057795585.1	A
anno1.g9370.t1	A	rna-XM_057795281.1	A
anno1.g9371.t1	A	rna-XM_057814917.1	A
anno1.g9372.t1	A	rna-XM_057814916.1	A
anno1.g9374.t2	A	rna-XM_057795177.1	A
anno1.g9375.t1	A	rna-XM_057814913.1	A
anno1.g9376.t1	A	rna-XM_057814912.1	A
anno1.g9377.t2	A	rna-XM_057814910.1	A
anno1.g9378.t2	A	rna-XM_057814908.1	A
anno1.g9379.t1	A	rna-XM_057814907.1	A
anno1.g9380.t3	A	rna-XM_057814898.1	A
anno1.g9381.t1	A	rna-XM_057814895.1	A
anno1.g9383.t1	A	rna-XM_057811842.1	A
anno1.g9386.t1	A	rna-XM_057803148.1	A
anno1.g9387.t2	A	rna-XM_057809384.1	A
anno1.g9389.t1	A	rna-XM_057803136.1	A
anno1.g9390.t1	A	rna-XM_057800912.1	A
anno1.g9391.t2	A	rna-XM_057800336.1	A
anno1.g9396.t1	A	rna-XM_057799923.1	A
anno1.g9397.t1	A	rna-XM_057810715.1	A
anno1.g9399.t1	A	rna-XM_057812040.1	A
anno1.g9403.t1	A	rna-XM_057798210.1	A
anno1.g9405.t1	A	rna-XM_057798209.1	A
anno1.g9406.t1	A	rna-XM_057811834.1	A
anno1.g9407.t1	A	rna-XM_057809545.1	A
anno1.g9408.t1	A	rna-XM_057809085.1	A
anno1.g9409.t1	A	rna-XM_057809415.1	A
anno1.g9413.t1	A	rna-XM_057812820.1	A
anno1.g9414.t1	A	rna-XM_057809882.1	A
anno1.g9415.t1	A	rna-XM_057809871.1	A
anno1.g9416.t1	A	rna-XM_057809881.1	A
anno1.g9419.t1	A	rna-XM_057809868.1	A
anno1.g9420.t2	A	rna-XM_057809865.1	A
anno1.g9423.t1	A	rna-XM_057801653.1	A
anno1.g9424.t1	A	rna-XM_057801652.1	A
anno1.g9425.t1	A	rna-XM_057806392.1	A
anno1.g9426.t1	A	rna-XM_057803371.1	X
anno1.g9427.t1	A	rna-XM_057814151.1	A
anno1.g9428.t1	A	rna-XM_057814150.1	A
anno1.g9430.t1	A	rna-XM_057815131.1	A
anno1.g9431.t1	A	rna-XM_057814146.1	A
anno1.g9434.t2	A	rna-XM_057812477.1	A
anno1.g9435.t1	A	rna-XM_057812479.1	A
anno1.g9437.t1	A	rna-XM_057815128.1	A
anno1.g9438.t8	A	rna-XM_057815078.1	A
anno1.g9439.t1	A	rna-XM_057815127.1	A
anno1.g9440.t2	A	rna-XM_057798074.1	A
anno1.g9441.t1	A	rna-XM_057815117.1	A
anno1.g9442.t1	A	rna-XM_057815122.1	A
anno1.g9443.t1	A	rna-XM_057809352.1	A
anno1.g9446.t1	A	rna-XM_057813840.1	A
anno1.g9447.t1	A	rna-XM_057814646.1	A
anno1.g9450.t1	A	rna-XM_057813846.1	A
anno1.g9451.t1	A	rna-XM_057813851.1	A
anno1.g9452.t1	A	rna-XM_057813854.1	A
anno1.g9453.t1	A	rna-XM_057813093.1	A
anno1.g9454.t1	A	rna-XM_057805495.1	A
anno1.g9456.t1	A	rna-XM_057809216.1	A
anno1.g9457.t1	A	rna-XM_057809218.1	A
anno1.g9458.t2	A	rna-XM_057813472.1	A
anno1.g9459.t1	A	rna-XM_057795732.1	A
anno1.g9462.t1	A	rna-XM_057811607.1	A
anno1.g9464.t1	A	rna-XM_057802842.1	A
anno1.g9465.t1	A	rna-XM_057801287.1	A
anno1.g9467.t1	A	rna-XM_057801473.1	A
anno1.g9468.t1	A	rna-XM_057813073.1	A
anno1.g9469.t1	A	rna-XM_057812918.1	A
anno1.g9471.t1	A	rna-XM_057802077.1	A
anno1.g9472.t1	A	rna-XM_057797212.1	A
anno1.g9473.t1	A	rna-XM_057802395.1	X
anno1.g9474.t1	A	rna-XM_057797184.1	A
anno1.g9476.t1	A	rna-XM_057794918.1	A
anno1.g9477.t2	A	rna-XM_057794917.1	A
anno1.g9478.t1	A	rna-XM_057811723.1	A
anno1.g9479.t1	A	rna-XM_057800212.1	A
anno1.g9480.t1	A	rna-XM_057800672.1	A
anno1.g9481.t1	A	rna-XM_057811101.1	A
anno1.g9482.t1	A	rna-XM_057809838.1	A
anno1.g9485.t2	A	rna-XM_057795297.1	A
anno1.g9486.t1	A	rna-XM_057816678.1	A
anno1.g9487.t1	A	rna-XM_057796261.1	A
anno1.g9488.t2	A	rna-XM_057802603.1	A
anno1.g9489.t2	A	rna-XM_057802394.1	A
anno1.g9495.t1	A	rna-XM_057803249.1	A
anno1.g9496.t2	A	rna-XM_057803266.1	A
anno1.g9497.t1	A	rna-XM_057813072.1	A
anno1.g9498.t1	A	rna-XM_057813020.1	A
anno1.g9501.t1	A	rna-XM_057813311.1	A
anno1.g9503.t3	A	rna-XM_057803971.1	A
anno1.g9506.t2	A	rna-XM_057810162.1	A
anno1.g9508.t1	A	rna-XM_057805946.1	A
anno1.g9509.t1	A	rna-XM_057806079.1	A
anno1.g9511.t1	A	rna-XM_057810094.1	A
anno1.g9512.t1	A	rna-XM_057803091.1	A
anno1.g9515.t1	A	rna-XM_057803101.1	A
anno1.g9516.t1	A	rna-XM_057808095.1	A
anno1.g9522.t1	A	rna-XM_057808143.1	A
anno1.g9523.t1	A	rna-XM_057803123.1	A
anno1.g9524.t1	A	rna-XM_057796538.1	A
anno1.g9525.t1	A	rna-XM_057796539.1	A
anno1.g9526.t3	A	rna-XM_057799867.1	A
anno1.g9527.t1	A	rna-XM_057812193.1	A
anno1.g9529.t2	A	rna-XM_057813254.1	A
anno1.g9530.t1	A	rna-XM_057812514.1	A
anno1.g9531.t1	A	rna-XM_057812635.1	A
anno1.g9532.t1	A	rna-XM_057802090.1	A
anno1.g9534.t1	A	rna-XM_057815138.1	A
anno1.g9544.t1	A	rna-XM_057814247.1	A
anno1.g9545.t1	A	rna-XM_057812503.1	A
anno1.g9546.t1	A	rna-XM_057807765.1	A
anno1.g9547.t3	A	rna-XM_057807636.1	A
anno1.g9548.t2	A	rna-XM_057808847.1	A
anno1.g9549.t2	A	rna-XM_057808846.1	A
anno1.g9552.t1	A	rna-XM_057808501.1	A
anno1.g9555.t1	A	rna-XM_057803268.1	A
anno1.g9556.t2	A	rna-XM_057802670.1	A
anno1.g9557.t1	A	rna-XM_057807279.1	A
anno1.g9558.t1	A	rna-XM_057808295.1	A
anno1.g9560.t1	A	rna-XM_057808855.1	A
anno1.g9561.t1	A	rna-XM_057801623.1	A
anno1.g9562.t2	A	rna-XM_057808046.1	A
anno1.g9563.t1	A	rna-XM_057808289.1	A
anno1.g9564.t4	A	rna-XM_057807899.1	A
anno1.g9565.t1	A	rna-XM_057807912.1	A
anno1.g9566.t2	A	rna-XM_057808230.1	A
anno1.g9568.t1	A	rna-XM_057798702.1	A
anno1.g9569.t1	A	rna-XM_057809371.1	X
anno1.g9570.t1	A	rna-XM_057809349.1	X
anno1.g9571.t1	A	rna-XM_057808945.1	X
anno1.g9572.t1	A	rna-XM_057809069.1	A
anno1.g9573.t1	A	rna-XM_057809053.1	A
anno1.g9575.t1	A	rna-XM_057809051.1	A
anno1.g9576.t1	A	rna-XM_057809071.1	A
anno1.g9577.t1	A	rna-XM_057809067.1	A
anno1.g9578.t1	A	rna-XM_057809068.1	A
anno1.g9579.t1	A	rna-XM_057809079.1	A
anno1.g9580.t1	A	rna-XM_057808814.1	A
anno1.g9581.t2	A	rna-XM_057808488.1	A
anno1.g9582.t1	A	rna-XM_057808494.1	A
anno1.g9583.t1	A	rna-XM_057808248.1	A
anno1.g9585.t2	A	rna-XM_057812810.1	A
anno1.g9586.t1	A	rna-XM_057810845.1	A
anno1.g9587.t1	A	rna-XM_057810844.1	A
anno1.g9588.t1	A	rna-XM_057810841.1	A
anno1.g9589.t1	A	rna-XM_057807788.1	A
anno1.g9590.t1	A	rna-XM_057807784.1	A
anno1.g9591.t1	A	rna-XM_057802431.1	A
anno1.g9592.t1	A	rna-XM_057802418.1	A
anno1.g9594.t2	A	rna-XM_057802539.1	A
anno1.g9595.t3	A	rna-XM_057802619.1	A
anno1.g9596.t1	A	rna-XM_057802382.1	A
anno1.g9597.t1	A	rna-XM_057815125.1	A
anno1.g9599.t1	A	rna-XM_057815130.1	A
anno1.g9600.t1	A	rna-XM_057815089.1	A
anno1.g9602.t1	A	rna-XM_057807317.1	A
anno1.g9605.t1	A	rna-XM_057805452.1	A
anno1.g9606.t1	A	rna-XM_057805442.1	A
anno1.g9607.t1	A	rna-XM_057806106.1	A
anno1.g9608.t1	A	rna-XM_057805489.1	A
anno1.g9609.t1	A	rna-XM_057805488.1	A
anno1.g9610.t1	A	rna-XM_057806017.1	A
anno1.g9611.t1	A	rna-XM_057810886.1	A
anno1.g9612.t1	A	rna-XM_057810815.1	A
anno1.g9614.t2	A	rna-XM_057805188.1	A
anno1.g9615.t1	A	rna-XM_057805186.1	A
anno1.g9616.t1	A	rna-XM_057815770.1	A
anno1.g9617.t1	A	rna-XM_057815834.1	A
anno1.g9619.t1	A	rna-XM_057816759.1	A
anno1.g9623.t1	A	rna-XM_057804367.1	A
anno1.g9624.t1	A	rna-XM_057813908.1	A
anno1.g9625.t1	A	rna-XM_057813907.1	A
anno1.g9626.t1	A	rna-XM_057813905.1	A
anno1.g9627.t1	A	rna-XM_057813884.1	A
anno1.g9628.t3	A	rna-XM_057813393.1	A
anno1.g9629.t1	A	rna-XM_057802299.1	A
anno1.g9631.t1	A	rna-XM_057816652.1	A
anno1.g9632.t1	A	rna-XM_057807939.1	A
anno1.g9635.t1	A	rna-XM_057809689.1	A
anno1.g9636.t1	A	rna-XM_057809391.1	A
anno1.g9637.t1	A	rna-XM_057809387.1	A
anno1.g9639.t1	A	rna-XM_057809380.1	A
anno1.g9641.t1	A	rna-XM_057797364.1	A
anno1.g9644.t1	A	rna-XM_057799449.1	A
anno1.g9647.t2	A	rna-XM_057814145.1	A
anno1.g9648.t1	A	rna-XM_057813427.1	A
anno1.g9649.t1	A	rna-XM_057804794.1	A
anno1.g9650.t1	A	rna-XM_057810903.1	A
anno1.g9651.t1	A	rna-XM_057813428.1	A
anno1.g9652.t1	A	rna-XM_057815784.1	A
anno1.g9654.t1	A	rna-XM_057816860.1	A
anno1.g9655.t2	A	rna-XM_057815935.1	A
anno1.g9656.t1	A	rna-XM_057795426.1	A
anno1.g9657.t1	A	rna-XM_057815670.1	A
anno1.g9658.t1	A	rna-XM_057806823.1	A
anno1.g9659.t1	A	rna-XM_057807947.1	A
anno1.g9660.t1	A	rna-XM_057808499.1	A
anno1.g9661.t1	A	rna-XM_057808041.1	A
anno1.g9663.t2	A	rna-XM_057803463.1	A
anno1.g9664.t1	A	rna-XM_057802470.1	A
anno1.g9665.t2	A	rna-XM_057801655.1	A
anno1.g9666.t1	A	rna-XM_057805502.1	A
anno1.g9668.t3	A	rna-XM_057802523.1	A
anno1.g9669.t3	A	rna-XM_057802473.1	A
anno1.g9673.t1	A	rna-XM_057810776.1	A
anno1.g9674.t1	A	rna-XM_057810772.1	A
anno1.g9677.t1	A	rna-XM_057810544.1	A
anno1.g9679.t1	A	rna-XM_057810541.1	A
anno1.g9680.t1	A	rna-XM_057801769.1	A
anno1.g9681.t1	A	rna-XM_057810538.1	A
anno1.g9684.t2	A	rna-XM_057810537.1	A
anno1.g9685.t1	A	rna-XM_057810534.1	A
anno1.g9686.t1	A	rna-XM_057810533.1	A
anno1.g9687.t1	A	rna-XM_057810771.1	A
anno1.g9688.t2	A	rna-XM_057810530.1	A
anno1.g9689.t2	A	rna-XM_057810546.1	A
anno1.g9692.t1	A	rna-XM_057810548.1	A
anno1.g9693.t1	A	rna-XM_057810549.1	A
anno1.g9694.t2	A	rna-XM_057801909.1	A
anno1.g9695.t1	A	rna-XM_057800105.1	A
anno1.g9696.t2	A	rna-XM_057802353.1	A
anno1.g9697.t1	A	rna-XM_057803356.1	A
anno1.g9698.t1	A	rna-XM_057803357.1	A
anno1.g9700.t2	A	rna-XM_057805241.1	A
anno1.g9701.t1	A	rna-XM_057807824.1	A
anno1.g9702.t1	A	rna-XM_057804478.1	A
anno1.g9703.t1	A	rna-XM_057804266.1	A
anno1.g9704.t1	A	rna-XM_057802944.1	A
anno1.g9705.t1	A	rna-XM_057795712.1	A
anno1.g9706.t1	A	rna-XM_057810428.1	A
anno1.g9707.t2	A	rna-XM_057795710.1	A
anno1.g9709.t1	A	rna-XM_057800129.1	A
anno1.g9711.t3	A	rna-XM_057800112.1	A
anno1.g9712.t1	A	rna-XM_057808085.1	A
anno1.g9713.t1	A	rna-XM_057808099.1	A
anno1.g9714.t1	A	rna-XM_057807632.1	A
anno1.g9715.t2	A	rna-XM_057807452.1	A
anno1.g9716.t1	A	rna-XM_057806942.1	A
anno1.g9722.t1	A	rna-XM_057814156.1	A
anno1.g9723.t1	A	rna-XM_057807330.1	A
anno1.g9725.t1	A	rna-XM_057808231.1	A
anno1.g9726.t1	A	rna-XM_057803481.1	A
anno1.g9727.t1	A	rna-XM_057803485.1	A
anno1.g9729.t1	A	rna-XM_057797221.1	A
anno1.g9730.t1	A	rna-XM_057797227.1	A
anno1.g9731.t1	A	rna-XM_057811471.1	A
anno1.g9732.t1	A	rna-XM_057797216.1	A
anno1.g9733.t2	A	rna-XM_057797215.1	A
anno1.g9734.t1	A	rna-XM_057796862.1	X
anno1.g9735.t1	A	rna-XM_057803793.1	A
anno1.g9736.t1	A	rna-XM_057801235.1	A
anno1.g9737.t1	A	rna-XM_057801223.1	A
anno1.g9738.t1	A	rna-XM_057803046.1	A
anno1.g9739.t1	A	rna-XM_057807695.1	X
anno1.g9740.t2	A	rna-XM_057799450.1	A
anno1.g9742.t1	A	rna-XM_057807681.1	X
anno1.g9745.t2	A	rna-XM_057811745.1	A
anno1.g9746.t1	A	rna-XM_057811525.1	A
anno1.g9747.t1	A	rna-XM_057810954.1	A
anno1.g9748.t1	A	rna-XM_057813187.1	A
anno1.g9749.t1	A	rna-XM_057813204.1	A
anno1.g9750.t1	A	rna-XM_057812007.1	A
anno1.g9751.t2	A	rna-XM_057814962.1	A
anno1.g9752.t1	A	rna-XM_057805762.1	A
anno1.g9753.t1	A	rna-XM_057814414.1	A
anno1.g9754.t2	A	rna-XM_057806206.1	A
anno1.g9755.t1	A	rna-XM_057806205.1	A
anno1.g9756.t1	A	rna-XM_057806207.1	A
anno1.g9757.t1	A	rna-XM_057803660.1	A
anno1.g9758.t2	A	rna-XM_057803654.1	A
anno1.g9759.t1	A	rna-XM_057794992.1	A
anno1.g9760.t1	A	rna-XM_057800920.1	A
anno1.g9761.t1	A	rna-XM_057807963.1	A
anno1.g9763.t1	A	rna-XM_057795222.1	A
anno1.g9764.t1	A	rna-XM_057815070.1	A
anno1.g9766.t1	A	rna-XM_057805634.1	A
anno1.g9773.t1	A	rna-XM_057811617.1	A
anno1.g9780.t3	A	rna-XM_057810620.1	A
anno1.g9785.t2	A	rna-XM_057810580.1	A
anno1.g9786.t3	A	rna-XM_057810573.1	A
anno1.g9787.t1	A	rna-XM_057810572.1	A
anno1.g9788.t1	A	rna-XM_057810570.1	A
anno1.g9789.t2	A	rna-XM_057810568.1	A
anno1.g9790.t1	A	rna-XM_057805162.1	A
anno1.g9792.t1	A	rna-XM_057808724.1	A
anno1.g9794.t2	A	rna-XM_057807834.1	A
anno1.g9795.t1	A	rna-XM_057807836.1	A
anno1.g9800.t1	A	rna-XM_057803647.1	A
anno1.g9804.t1	A	rna-XM_057801147.1	A
anno1.g9805.t1	A	rna-XM_057815673.1	A
anno1.g9806.t1	A	rna-XM_057806480.1	A
anno1.g9807.t1	A	rna-XM_057815589.1	A
anno1.g9808.t1	A	rna-XM_057810582.1	A
anno1.g9809.t1	A	rna-XM_057810575.1	A
anno1.g9810.t1	A	rna-XM_057807093.1	A
anno1.g9811.t1	A	rna-XM_057798538.1	A
anno1.g9814.t1	A	rna-XM_057806554.1	A
anno1.g9818.t4	A	rna-XM_057812982.1	A
anno1.g9819.t2	A	rna-XM_057810934.1	A
anno1.g9820.t1	A	rna-XM_057813267.1	A
anno1.g9821.t1	A	rna-XM_057801593.1	A
anno1.g9822.t1	A	rna-XM_057801592.1	A
anno1.g9823.t1	A	rna-XM_057807634.1	X
anno1.g9825.t1	A	rna-XM_057805005.1	A
anno1.g9826.t1	A	rna-XM_057811416.1	A
anno1.g9827.t2	A	rna-XM_057803604.1	A
anno1.g9828.t1	A	rna-XM_057811410.1	A
anno1.g9830.t1	A	rna-XM_057813937.1	A
anno1.g9831.t1	A	rna-XM_057811446.1	A
anno1.g9832.t1	A	rna-XM_057807454.1	A
anno1.g9835.t1	A	rna-XM_057807455.1	A
anno1.g9836.t1	A	rna-XM_057807098.1	A
anno1.g9837.t1	A	rna-XM_057807110.1	A
anno1.g9838.t1	A	rna-XM_057807097.1	A
anno1.g9839.t1	A	rna-XM_057807096.1	A
anno1.g9842.t1	A	rna-XM_057813305.1	A
anno1.g9843.t3	A	rna-XM_057814288.1	A
anno1.g9845.t1	A	rna-XM_057799232.1	A
anno1.g9847.t1	A	rna-XM_057799237.1	A
anno1.g9851.t1	A	rna-XM_057796930.1	A
anno1.g9852.t1	A	rna-XM_057802317.1	A
anno1.g9854.t1	A	rna-XM_057802314.1	A
anno1.g9855.t1	A	rna-XM_057801937.1	A
anno1.g9857.t2	A	rna-XM_057802656.1	A
anno1.g9861.t1	A	rna-XM_057797975.1	A
anno1.g9862.t1	A	rna-XM_057798199.1	A
anno1.g9865.t1	A	rna-XM_057798701.1	A
anno1.g9866.t1	A	rna-XM_057798678.1	A
anno1.g9869.t1	A	rna-XM_057802360.1	A
anno1.g9870.t1	A	rna-XM_057803162.1	A
anno1.g9871.t1	A	rna-XM_057798898.1	A
anno1.g9872.t1	A	rna-XM_057795946.1	A
anno1.g9874.t2	A	rna-XM_057807178.1	A
anno1.g9876.t1	A	rna-XM_057801255.1	A
anno1.g9877.t2	A	rna-XM_057811709.1	A
anno1.g9879.t1	A	rna-XM_057800346.1	A
anno1.g9881.t1	A	rna-XM_057814186.1	A
anno1.g9882.t1	A	rna-XM_057807507.1	A
anno1.g9883.t2	A	rna-XM_057807506.1	A
anno1.g9884.t1	A	rna-XM_057808498.1	A
anno1.g9886.t2	A	rna-XM_057807628.1	A
anno1.g9887.t1	A	rna-XM_057808158.1	A
anno1.g9888.t1	A	rna-XM_057808831.1	A
anno1.g9889.t1	A	rna-XM_057808830.1	A
anno1.g9890.t1	A	rna-XM_057811149.1	A
anno1.g9891.t1	A	rna-XM_057811247.1	A
anno1.g9893.t1	A	rna-XM_057808245.1	A
anno1.g9894.t1	A	rna-XM_057798076.1	A
anno1.g9895.t2	A	rna-XM_057808815.1	A
anno1.g9896.t1	A	rna-XM_057811926.1	A
anno1.g9899.t1	A	rna-XM_057796437.1	A
anno1.g9906.t1	A	rna-XM_057813383.1	X
anno1.g9908.t2	A	rna-XM_057804226.1	A
anno1.g9909.t1	A	rna-XM_057807893.1	A
anno1.g9910.t1	A	rna-XM_057807897.1	A
anno1.g9915.t2	A	rna-XM_057803919.1	A
anno1.g9918.t1	A	rna-XM_057809210.1	A
anno1.g9919.t2	A	rna-XM_057809925.1	A
anno1.g9920.t2	A	rna-XM_057799753.1	A
anno1.g9922.t1	A	rna-XM_057798023.1	A
anno1.g9924.t1	A	rna-XM_057798024.1	A
anno1.g9925.t1	A	rna-XM_057799750.1	A
anno1.g9926.t2	A	rna-XM_057797968.1	A
anno1.g9927.t1	A	rna-XM_057807809.1	A
anno1.g9933.t1	A	rna-XM_057810867.1	A
anno1.g9934.t1	A	rna-XM_057798804.1	A
anno1.g9935.t1	A	rna-XM_057797737.1	A
anno1.g9936.t1	A	rna-XM_057798304.1	A
anno1.g9937.t1	A	rna-XM_057797741.1	A
anno1.g9939.t1	A	rna-XM_057798007.1	A
anno1.g9942.t1	A	rna-XM_057797747.1	A
anno1.g9943.t1	A	rna-XM_057815598.1	A
anno1.g9944.t1	A	rna-XM_057797746.1	A
anno1.g9946.t2	A	rna-XM_057795924.1	A
anno1.g9948.t1	A	rna-XM_057800162.1	A
anno1.g9949.t1	A	rna-XM_057806455.1	A
anno1.g9950.t1	A	rna-XM_057809787.1	A
anno1.g9951.t1	A	rna-XM_057809794.1	A
anno1.g9952.t1	A	rna-XM_057813674.1	A
anno1.g9953.t1	A	rna-XM_057815044.1	A
anno1.g9957.t1	A	rna-XM_057815042.1	A
anno1.g9961.t1	A	rna-XM_057796947.1	A
anno1.g9962.t1	A	rna-XM_057796956.1	A
anno1.g9963.t1	A	rna-XM_057816735.1	A
anno1.g9965.t1	A	rna-XM_057813792.1	A
anno1.g9966.t2	A	rna-XM_057812256.1	A
anno1.g9967.t1	A	rna-XM_057812047.1	A
anno1.g9968.t1	A	rna-XM_057803071.1	A
anno1.g9969.t2	A	rna-XM_057812456.1	A
anno1.g9970.t1	A	rna-XM_057814243.1	A
anno1.g9971.t1	A	rna-XM_057815396.1	A
anno1.g9972.t1	A	rna-XM_057807333.1	A
anno1.g9974.t1	A	rna-XM_057795630.1	A
anno1.g9975.t1	A	rna-XM_057796963.1	A
anno1.g9976.t1	A	rna-XM_057796957.1	A
anno1.g9977.t1	A	rna-XM_057796960.1	A
anno1.g9978.t1	A	rna-XM_057801448.1	A
anno1.g9979.t1	A	rna-XM_057796021.1	A
anno1.g9980.t1	A	rna-XM_057809101.1	A
anno1.g9981.t1	A	rna-XM_057810164.1	A
anno1.g9982.t1	A	rna-XM_057814415.1	A
anno1.g9983.t1	A	rna-XM_057804703.1	A
anno1.g9984.t1	A	rna-XM_057808065.1	A
anno1.g9993.t2	A	rna-XM_057795772.1	A
anno1.g9994.t1	A	rna-XM_057813382.1	A
anno1.g9995.t1	A	rna-XM_057809869.1	A
anno1.g9996.t2	A	rna-XM_057809937.1	A
anno1.g9997.t1	A	rna-XM_057808958.1	A
anno1.g9998.t1	A	rna-XM_057809074.1	A
anno1.g10000.t1	A	rna-XM_057809317.1	A
anno1.g10001.t1	A	rna-XM_057797551.1	A
anno1.g10002.t1	A	rna-XM_057815277.1	Y
anno1.g10003.t1	A	rna-XM_057809701.1	A
anno1.g10006.t1	A	rna-XM_057797549.1	A
anno1.g10007.t1	A	rna-XM_057797550.1	A
anno1.g10008.t2	A	rna-XM_057805687.1	A
anno1.g10009.t1	A	rna-XM_057796691.1	A
anno1.g10011.t1	A	rna-XM_057799958.1	A
anno1.g10012.t1	A	rna-XM_057797788.1	A
anno1.g10016.t1	A	rna-XM_057801019.1	A
anno1.g10017.t1	A	rna-XM_057797645.1	A
anno1.g10018.t1	A	rna-XM_057797815.1	A
anno1.g10019.t1	A	rna-XM_057809344.1	A
anno1.g10020.t1	A	rna-XM_057809046.1	A
anno1.g10021.t1	A	rna-XM_057811417.1	A
anno1.g10022.t1	A	rna-XM_057811439.1	A
anno1.g10024.t1	A	rna-XM_057799696.1	A
anno1.g10025.t4	A	rna-XM_057798676.1	A
anno1.g10026.t1	A	rna-XM_057812012.1	A
anno1.g10027.t1	A	rna-XM_057809076.1	A
anno1.g10029.t1	A	rna-XM_057809542.1	A
anno1.g10030.t1	A	rna-XM_057801130.1	A
anno1.g10031.t1	A	rna-XM_057801137.1	A
anno1.g10032.t1	A	rna-XM_057801132.1	A
anno1.g10033.t1	A	rna-XM_057797194.1	A
anno1.g10034.t2	A	rna-XM_057799693.1	A
anno1.g10035.t1	A	rna-XM_057812511.1	A
anno1.g10036.t1	A	rna-XM_057809544.1	A
anno1.g10037.t1	A	rna-XM_057803486.1	A
anno1.g10038.t1	A	rna-XM_057803480.1	A
anno1.g10039.t1	A	rna-XM_057803484.1	A
anno1.g10040.t1	A	rna-XM_057802084.1	A
anno1.g10041.t1	A	rna-XM_057809063.1	A
anno1.g10042.t1	A	rna-XM_057802023.1	A
anno1.g10043.t1	A	rna-XM_057797122.1	A
anno1.g10046.t1	A	rna-XM_057797113.1	A
anno1.g10047.t1	A	rna-XM_057797159.1	A
anno1.g10050.t1	A	rna-XM_057797123.1	A
anno1.g10052.t2	A	rna-XM_057797153.1	A
anno1.g10054.t1	A	rna-XM_057797181.1	A
anno1.g10061.t1	A	rna-XM_057797138.1	A
anno1.g10063.t1	A	rna-XM_057797145.1	A
anno1.g10066.t1	A	rna-XM_057797109.1	A
anno1.g10067.t1	A	rna-XM_057797110.1	A
anno1.g10069.t1	A	rna-XM_057812495.1	A
anno1.g10071.t1	A	rna-XM_057803733.1	A
anno1.g10072.t1	A	rna-XM_057803615.1	X
anno1.g10073.t1	A	rna-XM_057803259.1	A
anno1.g10074.t1	A	rna-XM_057801119.1	A
anno1.g10075.t1	A	rna-XM_057801121.1	A
anno1.g10078.t1	A	rna-XM_057814185.1	A
anno1.g10079.t3	A	rna-XM_057814178.1	A
anno1.g10080.t1	A	rna-XM_057815800.1	A
anno1.g10081.t1	A	rna-XM_057811428.1	A
anno1.g10082.t1	A	rna-XM_057813470.1	A
anno1.g10083.t1	A	rna-XM_057797172.1	A
anno1.g10084.t1	A	rna-XM_057797188.1	A
anno1.g10085.t1	A	rna-XM_057796220.1	A
anno1.g10088.t1	A	rna-XM_057796219.1	A
anno1.g10089.t1	A	rna-XM_057797114.1	A
anno1.g10090.t1	A	rna-XM_057797116.1	A
anno1.g10091.t1	A	rna-XM_057797175.1	A
anno1.g10092.t1	A	rna-XM_057814580.1	A
anno1.g10094.t1	A	rna-XM_057812480.1	A
anno1.g10095.t1	A	rna-XM_057812959.1	A
anno1.g10096.t2	A	rna-XM_057812447.1	A
anno1.g10097.t2	A	rna-XM_057801118.1	A
anno1.g10099.t1	A	rna-XM_057813388.1	A
anno1.g10100.t1	A	rna-XM_057795419.1	A
anno1.g10101.t1	A	rna-XM_057796514.1	A
anno1.g10103.t1	A	rna-XM_057796530.1	A
anno1.g10104.t2	A	rna-XM_057796532.1	A
anno1.g10105.t2	A	rna-XM_057805758.1	A
anno1.g10106.t1	A	rna-XM_057802351.1	A
anno1.g10107.t1	A	rna-XM_057802453.1	A
anno1.g10108.t1	A	rna-XM_057802338.1	A
anno1.g10110.t1	A	rna-XM_057806393.1	A
anno1.g10111.t1	A	rna-XM_057804126.1	A
anno1.g10112.t1	A	rna-XM_057797326.1	A
anno1.g10113.t1	A	rna-XM_057796605.1	A
anno1.g10115.t1	A	rna-XM_057794884.1	A
anno1.g10116.t1	A	rna-XM_057798546.1	A
anno1.g10117.t1	A	rna-XM_057797279.1	A
anno1.g10119.t1	A	rna-XM_057795360.1	A
anno1.g10120.t2	A	rna-XM_057797525.1	A
anno1.g10121.t1	A	rna-XM_057811441.1	A
anno1.g10122.t1	A	rna-XM_057806852.1	A
anno1.g10123.t1	A	rna-XM_057811705.1	A
anno1.g10124.t1	A	rna-XM_057800954.1	A
anno1.g10126.t1	A	rna-XM_057800322.1	A
anno1.g10127.t1	A	rna-XM_057813686.1	A
anno1.g10128.t1	A	rna-XM_057798792.1	A
anno1.g10129.t1	A	rna-XM_057812947.1	A
anno1.g10130.t1	A	rna-XM_057812631.1	A
anno1.g10134.t1	A	rna-XM_057798931.1	A
anno1.g10135.t1	A	rna-XM_057808942.1	A
anno1.g10137.t1	A	rna-XM_057807686.1	A
anno1.g10140.t1	A	rna-XM_057807701.1	A
anno1.g10141.t1	A	rna-XM_057807673.1	A
anno1.g10142.t1	A	rna-XM_057807917.1	A
anno1.g10143.t1	A	rna-XM_057811958.1	A
anno1.g10155.t2	A	rna-XM_057813186.1	A
anno1.g10156.t1	A	rna-XM_057811952.1	A
anno1.g10165.t1	A	rna-XM_057807179.1	A
anno1.g10166.t1	A	rna-XM_057807176.1	A
anno1.g10167.t1	A	rna-XM_057807175.1	A
anno1.g10169.t1	A	rna-XM_057807006.1	A
anno1.g10170.t1	A	rna-XM_057807174.1	A
anno1.g10172.t1	A	rna-XM_057807167.1	A
anno1.g10173.t1	A	rna-XM_057808901.1	A
anno1.g10174.t1	A	rna-XM_057811076.1	A
anno1.g10175.t1	A	rna-XM_057800890.1	A
anno1.g10176.t1	A	rna-XM_057801154.1	A
anno1.g10177.t1	A	rna-XM_057806546.1	A
anno1.g10178.t1	A	rna-XM_057799238.1	A
anno1.g10179.t1	A	rna-XM_057799048.1	A
anno1.g10180.t1	A	rna-XM_057805749.1	A
anno1.g10181.t1	A	rna-XM_057808304.1	A
anno1.g10182.t1	A	rna-XM_057809641.1	A
anno1.g10183.t2	A	rna-XM_057809642.1	A
anno1.g10184.t2	A	rna-XM_057799323.1	A
anno1.g10187.t1	A	rna-XM_057804181.1	A
anno1.g10189.t1	A	rna-XM_057810404.1	A
anno1.g10190.t1	A	rna-XM_057809193.1	A
anno1.g10191.t2	A	rna-XM_057809691.1	A
anno1.g10192.t1	A	rna-XM_057809693.1	A
anno1.g10193.t1	A	rna-XM_057809694.1	A
anno1.g10194.t1	A	rna-XM_057809695.1	A
anno1.g10195.t1	A	rna-XM_057808995.1	A
anno1.g10199.t1	A	rna-XM_057804975.1	A
anno1.g10200.t1	A	rna-XM_057804959.1	A
anno1.g10201.t1	A	rna-XM_057804945.1	A
anno1.g10202.t1	A	rna-XM_057804949.1	A
anno1.g10203.t2	A	rna-XM_057804952.1	A
anno1.g10204.t1	A	rna-XM_057801240.1	A
anno1.g10206.t1	A	rna-XM_057795686.1	A
anno1.g10208.t1	A	rna-XM_057795609.1	A
anno1.g10236.t1	A	rna-XM_057795520.1	A
anno1.g10237.t1	A	rna-XM_057800232.1	A
anno1.g10239.t1	A	rna-XM_057801153.1	A
anno1.g10240.t1	A	rna-XM_057814871.1	A
anno1.g10243.t1	A	rna-XM_057807007.1	A
anno1.g10244.t1	A	rna-XM_057807145.1	A
anno1.g10247.t1	A	rna-XM_057803601.1	X
anno1.g10249.t1	A	rna-XM_057816762.1	A
anno1.g10250.t1	A	rna-XM_057805221.1	A
anno1.g10251.t1	A	rna-XM_057804136.1	A
anno1.g10252.t1	A	rna-XM_057800390.1	A
anno1.g10255.t1	A	rna-XM_057799504.1	A
anno1.g10256.t1	A	rna-XM_057799710.1	A
anno1.g10258.t1	A	rna-XM_057799497.1	A
anno1.g10260.t1	A	rna-XM_057799494.1	A
anno1.g10261.t1	A	rna-XM_057800028.1	A
anno1.g10262.t1	A	rna-XM_057815916.1	A
anno1.g10263.t1	A	rna-XM_057810501.1	A
anno1.g10264.t1	A	rna-XM_057810121.1	A
anno1.g10265.t1	A	rna-XM_057810825.1	A
anno1.g10268.t1	A	rna-XM_057810829.1	A
anno1.g10269.t1	A	rna-XM_057795417.1	A
anno1.g10270.t1	A	rna-XM_057795416.1	A
anno1.g10271.t1	A	rna-XM_057816651.1	A
anno1.g10272.t1	A	rna-XM_057800950.1	A
anno1.g10273.t2	A	rna-XM_057800991.1	A
anno1.g10274.t1	A	rna-XM_057802291.1	A
anno1.g10275.t2	A	rna-XM_057806365.1	A
anno1.g10277.t1	A	rna-XM_057806254.1	A
anno1.g10278.t1	A	rna-XM_057815817.1	A
anno1.g10282.t3	A	rna-XM_057815526.1	A
anno1.g10289.t1	A	rna-XM_057814768.1	A
anno1.g10290.t1	A	rna-XM_057806794.1	A
anno1.g10291.t1	A	rna-XM_057806636.1	A
anno1.g10292.t1	A	rna-XM_057809726.1	A
anno1.g10293.t1	A	rna-XM_057807077.1	A
anno1.g10294.t1	A	rna-XM_057808361.1	A
anno1.g10295.t1	A	rna-XM_057808360.1	A
anno1.g10296.t1	A	rna-XM_057795693.1	A
anno1.g10297.t1	A	rna-XM_057795694.1	A
anno1.g10298.t1	A	rna-XM_057815827.1	A
anno1.g10300.t1	A	rna-XM_057816842.1	A
anno1.g10302.t1	A	rna-XM_057796540.1	A
anno1.g10304.t1	A	rna-XM_057804065.1	A
anno1.g10305.t1	A	rna-XM_057805262.1	A
anno1.g10306.t1	A	rna-XM_057804164.1	A
anno1.g10308.t1	A	rna-XM_057804083.1	A
anno1.g10309.t1	A	rna-XM_057804838.1	A
anno1.g10310.t1	A	rna-XM_057804826.1	A
anno1.g10311.t1	A	rna-XM_057795833.1	A
anno1.g10312.t1	A	rna-XM_057801621.1	A
anno1.g10313.t1	A	rna-XM_057811077.1	A
anno1.g10314.t1	A	rna-XM_057800205.1	A
anno1.g10315.t3	A	rna-XM_057804820.1	A
anno1.g10317.t1	A	rna-XM_057800266.1	A
anno1.g10323.t1	A	rna-XM_057796292.1	A
anno1.g10324.t1	A	rna-XM_057795099.1	A
anno1.g10326.t1	A	rna-XM_057795098.1	A
anno1.g10328.t1	A	rna-XM_057815527.1	A
anno1.g10329.t1	A	rna-XM_057815693.1	A
anno1.g10332.t1	A	rna-XM_057816318.1	A
anno1.g10333.t1	A	rna-XM_057803760.1	X
anno1.g10334.t1	A	rna-XM_057816868.1	A
anno1.g10336.t1	A	rna-XM_057810359.1	A
anno1.g10337.t1	A	rna-XM_057813520.1	A
anno1.g10338.t1	A	rna-XM_057803978.1	A
anno1.g10341.t1	A	rna-XM_057809195.1	A
anno1.g10346.t1	A	rna-XM_057809199.1	A
anno1.g10352.t1	A	rna-XM_057801700.1	A
anno1.g10353.t1	A	rna-XM_057816788.1	A
anno1.g10354.t2	A	rna-XM_057816930.1	A
anno1.g10355.t1	A	rna-XM_057815991.1	A
anno1.g10356.t1	A	rna-XM_057807090.1	A
anno1.g10357.t2	A	rna-XM_057813490.1	A
anno1.g10358.t1	A	rna-XM_057800735.1	A
anno1.g10359.t2	A	rna-XM_057802787.1	A
anno1.g10360.t1	A	rna-XM_057815866.1	A
anno1.g10361.t1	A	rna-XM_057813688.1	A
anno1.g10362.t3	A	rna-XM_057796199.1	A
anno1.g10363.t1	A	rna-XM_057798757.1	X
anno1.g10364.t2	A	rna-XM_057799725.1	A
anno1.g10365.t1	A	rna-XM_057800837.1	A
anno1.g10366.t1	A	rna-XM_057815999.1	A
anno1.g10368.t2	A	rna-XM_057797499.1	A
anno1.g10369.t2	A	rna-XM_057814969.1	A
anno1.g10370.t1	A	rna-XM_057804193.1	A
anno1.g10371.t1	A	rna-XM_057798167.1	A
anno1.g10372.t1	A	rna-XM_057798171.1	A
anno1.g10373.t1	A	rna-XM_057814287.1	A
anno1.g10374.t1	A	rna-XM_057803121.1	A
anno1.g10375.t1	A	rna-XM_057798170.1	A
anno1.g10376.t1	A	rna-XM_057813641.1	A
anno1.g10379.t1	A	rna-XM_057816484.1	A
anno1.g10383.t2	A	rna-XM_057814942.1	A
anno1.g10384.t1	A	rna-XM_057798004.1	A
anno1.g10385.t1	A	rna-XM_057797498.1	A
anno1.g10386.t1	A	rna-XM_057797984.1	A
anno1.g10387.t1	A	rna-XM_057798002.1	A
anno1.g10388.t2	A	rna-XM_057798797.1	A
anno1.g10391.t1	A	rna-XM_057814719.1	A
anno1.g10392.t1	A	rna-XM_057813102.1	A
anno1.g10393.t1	A	rna-XM_057799984.1	A
anno1.g10394.t2	A	rna-XM_057815993.1	A
anno1.g10396.t1	A	rna-XM_057796614.1	A
anno1.g10397.t1	A	rna-XM_057796159.1	A
anno1.g10400.t1	A	rna-XM_057806785.1	A
anno1.g10402.t1	A	rna-XM_057806776.1	A
anno1.g10404.t3	A	rna-XM_057807058.1	A
anno1.g10406.t1	A	rna-XM_057809503.1	A
anno1.g10407.t1	A	rna-XM_057810654.1	A
anno1.g10408.t1	A	rna-XM_057810448.1	A
anno1.g10409.t1	A	rna-XM_057810449.1	A
anno1.g10410.t1	A	rna-XM_057809805.1	A
anno1.g10411.t1	A	rna-XM_057802924.1	A
anno1.g10412.t1	A	rna-XM_057798186.1	A
anno1.g10413.t1	A	rna-XM_057809501.1	A
anno1.g10415.t1	A	rna-XM_057809697.1	A
anno1.g10416.t1	A	rna-XM_057809273.1	A
anno1.g10417.t1	A	rna-XM_057798083.1	A
anno1.g10418.t1	A	rna-XM_057809162.1	A
anno1.g10419.t1	A	rna-XM_057809163.1	A
anno1.g10420.t1	A	rna-XM_057809643.1	A
anno1.g10421.t2	A	rna-XM_057807198.1	A
anno1.g10423.t1	A	rna-XM_057807201.1	A
anno1.g10424.t1	A	rna-XM_057807203.1	A
anno1.g10425.t1	A	rna-XM_057802097.1	A
anno1.g10426.t1	A	rna-XM_057807204.1	A
anno1.g10427.t1	A	rna-XM_057801936.1	A
anno1.g10431.t1	A	rna-XM_057799220.1	A
anno1.g10434.t2	A	rna-XM_057802584.1	A
anno1.g10435.t1	A	rna-XM_057802370.1	A
anno1.g10436.t2	A	rna-XM_057802224.1	A
anno1.g10438.t1	A	rna-XM_057798327.1	A
anno1.g10440.t1	A	rna-XM_057807205.1	A
anno1.g10441.t1	A	rna-XM_057799218.1	A
anno1.g10442.t1	A	rna-XM_057804289.1	A
anno1.g10443.t1	A	rna-XM_057804717.1	A
anno1.g10447.t1	A	rna-XM_057804297.1	A
anno1.g10456.t1	A	rna-XM_057807062.1	A
anno1.g10458.t1	A	rna-XM_057807953.1	A
anno1.g10467.t1	A	rna-XM_057798182.1	A
anno1.g10469.t1	A	rna-XM_057798577.1	A
anno1.g10470.t1	A	rna-XM_057798578.1	A
anno1.g10473.t1	A	rna-XM_057806853.1	A
anno1.g10475.t1	A	rna-XM_057806822.1	A
anno1.g10476.t1	A	rna-XM_057807192.1	A
anno1.g10478.t1	A	rna-XM_057802877.1	A
anno1.g10479.t1	A	rna-XM_057802900.1	A
anno1.g10482.t1	A	rna-XM_057802882.1	A
anno1.g10483.t1	A	rna-XM_057809936.1	A
anno1.g10486.t5	A	rna-XM_057809600.1	A
anno1.g10488.t2	A	rna-XM_057809594.1	A
anno1.g10492.t1	A	rna-XM_057802886.1	A
anno1.g10495.t1	A	rna-XM_057802905.1	A
anno1.g10496.t2	A	rna-XM_057802885.1	A
anno1.g10499.t1	A	rna-XM_057809043.1	A
anno1.g10501.t1	A	rna-XM_057809602.1	A
anno1.g10502.t1	A	rna-XM_057802484.1	A
anno1.g10503.t1	A	rna-XM_057802102.1	A
anno1.g10504.t3	A	rna-XM_057813285.1	X
anno1.g10507.t2	A	rna-XM_057805537.1	A
anno1.g10510.t1	A	rna-XM_057805486.1	A
anno1.g10511.t2	A	rna-XM_057806321.1	A
anno1.g10513.t1	A	rna-XM_057806334.1	A
anno1.g10514.t1	A	rna-XM_057805941.1	A
anno1.g10516.t2	A	rna-XM_057806583.1	A
anno1.g10517.t2	A	rna-XM_057806572.1	A
anno1.g10520.t1	A	rna-XM_057799983.1	A
anno1.g10521.t1	A	rna-XM_057799990.1	A
anno1.g10522.t1	A	rna-XM_057800689.1	A
anno1.g10523.t1	A	rna-XM_057796272.1	A
anno1.g10525.t1	A	rna-XM_057805688.1	A
anno1.g10526.t1	A	rna-XM_057814546.1	A
anno1.g10527.t2	A	rna-XM_057802583.1	A
anno1.g10528.t1	A	rna-XM_057814555.1	A
anno1.g10529.t2	A	rna-XM_057816339.1	A
anno1.g10530.t1	A	rna-XM_057800395.1	A
anno1.g10531.t1	A	rna-XM_057796112.1	A
anno1.g10532.t2	A	rna-XM_057795731.1	A
anno1.g10533.t1	A	rna-XM_057795729.1	A
anno1.g10534.t1	A	rna-XM_057795737.1	A
anno1.g10535.t1	A	rna-XM_057796284.1	A
anno1.g10537.t2	A	rna-XM_057801406.1	A
anno1.g10538.t1	A	rna-XM_057804864.1	X
anno1.g10539.t1	A	rna-XM_057800335.1	A
anno1.g10540.t1	A	rna-XM_057815049.1	A
anno1.g10541.t2	A	rna-XM_057813558.1	A
anno1.g10543.t2	A	rna-XM_057806323.1	A
anno1.g10545.t1	A	rna-XM_057804957.1	A
anno1.g10546.t1	A	rna-XM_057804958.1	A
anno1.g10550.t1	A	rna-XM_057798790.1	A
anno1.g10552.t1	A	rna-XM_057810976.1	A
anno1.g10553.t1	A	rna-XM_057795305.1	A
anno1.g10556.t1	A	rna-XM_057816150.1	A
anno1.g10559.t1	A	rna-XM_057798055.1	A
anno1.g10560.t4	A	rna-XM_057806134.1	A
anno1.g10561.t1	A	rna-XM_057806136.1	A
anno1.g10562.t1	A	rna-XM_057805424.1	A
anno1.g10563.t1	A	rna-XM_057814548.1	A
anno1.g10564.t1	A	rna-XM_057812515.1	A
anno1.g10565.t1	A	rna-XM_057811754.1	A
anno1.g10571.t1	A	rna-XM_057806606.1	A
anno1.g10578.t1	A	rna-XM_057798016.1	X
anno1.g10579.t1	A	rna-XM_057814727.1	A
anno1.g10580.t1	A	rna-XM_057810499.1	A
anno1.g10582.t1	A	rna-XM_057797497.1	A
anno1.g10584.t1	A	rna-XM_057797496.1	A
anno1.g10586.t1	A	rna-XM_057810496.1	A
anno1.g10587.t1	A	rna-XM_057806774.1	A
anno1.g10589.t1	A	rna-XM_057810644.1	A
anno1.g10590.t1	A	rna-XM_057814964.1	A
anno1.g10591.t1	A	rna-XM_057814965.1	A
anno1.g10592.t2	A	rna-XM_057805557.1	A
anno1.g10593.t1	A	rna-XM_057816936.1	A
anno1.g10595.t1	A	rna-XM_057801232.1	A
anno1.g10596.t3	A	rna-XM_057801034.1	A
anno1.g10597.t1	A	rna-XM_057801082.1	A
anno1.g10598.t1	A	rna-XM_057801051.1	A
anno1.g10599.t2	A	rna-XM_057800603.1	A
anno1.g10600.t1	A	rna-XM_057797208.1	A
anno1.g10602.t1	A	rna-XM_057816417.1	A
anno1.g10603.t1	A	rna-XM_057799694.1	A
anno1.g10604.t1	A	rna-XM_057801963.1	A
anno1.g10605.t1	A	rna-XM_057800051.1	A
anno1.g10606.t2	A	rna-XM_057801981.1	A
anno1.g10607.t1	A	rna-XM_057801980.1	A
anno1.g10608.t1	A	rna-XM_057801233.1	A
anno1.g10609.t1	A	rna-XM_057798360.1	X
anno1.g10610.t1	A	rna-XM_057807605.1	A
anno1.g10611.t1	A	rna-XM_057807603.1	A
anno1.g10612.t1	A	rna-XM_057807587.1	A
anno1.g10615.t1	A	rna-XM_057812628.1	A
anno1.g10616.t1	A	rna-XM_057797427.1	A
anno1.g10617.t1	A	rna-XM_057797429.1	A
anno1.g10618.t1	A	rna-XM_057813121.1	A
anno1.g10619.t1	A	rna-XM_057797430.1	A
anno1.g10620.t2	A	rna-XM_057806799.1	X
anno1.g10621.t1	A	rna-XM_057800819.1	A
anno1.g10623.t2	A	rna-XM_057797647.1	A
anno1.g10624.t1	A	rna-XM_057802892.1	A
anno1.g10625.t2	A	rna-XM_057797648.1	A
anno1.g10626.t2	A	rna-XM_057806155.1	A
anno1.g10627.t1	A	rna-XM_057802914.1	A
anno1.g10630.t7	A	rna-XM_057806374.1	A
anno1.g10631.t1	A	rna-XM_057806373.1	A
anno1.g10632.t1	A	rna-XM_057802896.1	A
anno1.g10633.t1	A	rna-XM_057802894.1	A
anno1.g10634.t1	A	rna-XM_057802909.1	A
anno1.g10635.t1	A	rna-XM_057802903.1	A
anno1.g10636.t1	A	rna-XM_057802898.1	A
anno1.g10637.t1	A	rna-XM_057802902.1	A
anno1.g10638.t1	A	rna-XM_057802908.1	A
anno1.g10639.t1	A	rna-XM_057809783.1	A
anno1.g10643.t1	A	rna-XM_057809478.1	A
anno1.g10644.t1	A	rna-XM_057809465.1	A
anno1.g10646.t1	A	rna-XM_057810364.1	A
anno1.g10648.t1	A	rna-XM_057801047.1	A
anno1.g10649.t1	A	rna-XM_057801089.1	A
anno1.g10650.t1	A	rna-XM_057805980.1	A
anno1.g10651.t1	A	rna-XM_057805986.1	A
anno1.g10652.t1	A	rna-XM_057800993.1	A
anno1.g10653.t1	A	rna-XM_057800958.1	A
anno1.g10654.t1	A	rna-XM_057800931.1	A
anno1.g10655.t1	A	rna-XM_057800929.1	A
anno1.g10656.t1	A	rna-XM_057800978.1	A
anno1.g10657.t1	A	rna-XM_057801086.1	A
anno1.g10658.t1	A	rna-XM_057801053.1	A
anno1.g10659.t2	A	rna-XM_057801080.1	A
anno1.g10660.t1	A	rna-XM_057814883.1	A
anno1.g10661.t2	A	rna-XM_057804715.1	A
anno1.g10663.t1	A	rna-XM_057809002.1	A
anno1.g10664.t1	A	rna-XM_057801087.1	A
anno1.g10665.t1	A	rna-XM_057801059.1	A
anno1.g10666.t1	A	rna-XM_057801083.1	A
anno1.g10667.t1	A	rna-XM_057801085.1	A
anno1.g10668.t1	A	rna-XM_057801076.1	A
anno1.g10669.t1	A	rna-XM_057816212.1	A
anno1.g10670.t1	A	rna-XM_057805143.1	A
anno1.g10671.t1	A	rna-XM_057810361.1	A
anno1.g10672.t1	A	rna-XM_057801071.1	A
anno1.g10673.t1	A	rna-XM_057801052.1	A
anno1.g10674.t4	A	rna-XM_057799671.1	A
anno1.g10675.t1	A	rna-XM_057805408.1	A
anno1.g10677.t2	A	rna-XM_057813876.1	A
anno1.g10678.t1	A	rna-XM_057797484.1	A
anno1.g10679.t2	A	rna-XM_057813563.1	A
anno1.g10680.t1	A	rna-XM_057812540.1	A
anno1.g10681.t1	A	rna-XM_057813486.1	A
anno1.g10682.t1	A	rna-XM_057816696.1	A
anno1.g10685.t1	A	rna-XM_057800721.1	A
anno1.g10687.t1	A	rna-XM_057800718.1	A
anno1.g10688.t1	A	rna-XM_057800719.1	A
anno1.g10689.t1	A	rna-XM_057800798.1	A
anno1.g10690.t1	A	rna-XM_057800172.1	A
anno1.g10691.t1	A	rna-XM_057800259.1	A
anno1.g10692.t1	A	rna-XM_057800260.1	A
anno1.g10693.t1	A	rna-XM_057800273.1	A
anno1.g10695.t1	A	rna-XM_057800275.1	A
anno1.g10696.t1	A	rna-XM_057800312.1	A
anno1.g10697.t1	A	rna-XM_057800289.1	A
anno1.g10698.t1	A	rna-XM_057797470.1	A
anno1.g10699.t1	A	rna-XM_057799794.1	A
anno1.g10700.t2	A	rna-XM_057802589.1	A
anno1.g10701.t1	A	rna-XM_057802587.1	A
anno1.g10704.t1	A	rna-XM_057815819.1	A
anno1.g10705.t1	A	rna-XM_057812214.1	A
anno1.g10706.t1	A	rna-XM_057816811.1	A
anno1.g10707.t5	A	rna-XM_057815171.1	A
anno1.g10708.t1	A	rna-XM_057804827.1	A
anno1.g10711.t2	A	rna-XM_057800937.1	A
anno1.g10716.t2	A	rna-XM_057804732.1	A
anno1.g10717.t1	A	rna-XM_057804730.1	A
anno1.g10718.t1	A	rna-XM_057804969.1	A
anno1.g10719.t1	A	rna-XM_057800896.1	A
anno1.g10720.t1	A	rna-XM_057815869.1	A
anno1.g10722.t1	A	rna-XM_057800897.1	A
anno1.g10723.t1	A	rna-XM_057804145.1	A
anno1.g10724.t1	A	rna-XM_057812941.1	A
anno1.g10725.t2	A	rna-XM_057803659.1	A
anno1.g10727.t1	A	rna-XM_057797337.1	A
anno1.g10728.t1	A	rna-XM_057796912.1	A
anno1.g10729.t1	A	rna-XM_057800271.1	A
anno1.g10730.t1	A	rna-XM_057800270.1	A
anno1.g10732.t1	A	rna-XM_057816294.1	A
anno1.g10733.t1	A	rna-XM_057816645.1	A
anno1.g10734.t2	A	rna-XM_057816298.1	A
anno1.g10735.t1	A	rna-XM_057814968.1	A
anno1.g10736.t1	A	rna-XM_057811129.1	A
anno1.g10741.t1	A	rna-XM_057811150.1	A
anno1.g10742.t1	A	rna-XM_057809461.1	A
anno1.g10743.t1	A	rna-XM_057806845.1	A
anno1.g10744.t1	A	rna-XM_057806847.1	A
anno1.g10745.t2	A	rna-XM_057807187.1	A
anno1.g10746.t1	A	rna-XM_057811456.1	A
anno1.g10747.t1	A	rna-XM_057809105.1	A
anno1.g10748.t1	A	rna-XM_057802959.1	A
anno1.g10749.t1	A	rna-XM_057802957.1	A
anno1.g10750.t1	A	rna-XM_057800377.1	A
anno1.g10751.t1	A	rna-XM_057802961.1	A
anno1.g10752.t1	A	rna-XM_057806924.1	A
anno1.g10754.t1	A	rna-XM_057802103.1	A
anno1.g10755.t1	A	rna-XM_057802893.1	A
anno1.g10756.t1	A	rna-XM_057814758.1	A
anno1.g10757.t1	A	rna-XM_057798005.1	A
anno1.g10758.t2	A	rna-XM_057813774.1	A
anno1.g10759.t1	A	rna-XM_057813339.1	A
anno1.g10760.t1	A	rna-XM_057811795.1	A
anno1.g10761.t1	A	rna-XM_057810935.1	X
anno1.g10763.t2	A	rna-XM_057814072.1	A
anno1.g10764.t2	A	rna-XM_057814068.1	A
anno1.g10765.t2	A	rna-XM_057814070.1	A
anno1.g10767.t1	A	rna-XM_057813392.1	A
anno1.g10769.t2	A	rna-XM_057813940.1	A
anno1.g10774.t1	A	rna-XM_057810885.1	A
anno1.g10780.t1	A	rna-XM_057807810.1	A
anno1.g10781.t1	A	rna-XM_057804999.1	A
anno1.g10782.t1	A	rna-XM_057811533.1	A
anno1.g10783.t1	A	rna-XM_057811708.1	A
anno1.g10785.t2	A	rna-XM_057806908.1	A
anno1.g10786.t1	A	rna-XM_057806899.1	A
anno1.g10787.t1	A	rna-XM_057809712.1	A
anno1.g10788.t1	A	rna-XM_057809714.1	A
anno1.g10793.t3	A	rna-XM_057809719.1	A
anno1.g10794.t1	A	rna-XM_057809746.1	A
anno1.g10795.t2	A	rna-XM_057798928.1	A
anno1.g10796.t1	A	rna-XM_057812994.1	A
anno1.g10797.t1	A	rna-XM_057813115.1	A
anno1.g10798.t1	A	rna-XM_057814621.1	X
anno1.g10800.t1	A	rna-XM_057802643.1	A
anno1.g10802.t1	A	rna-XM_057806750.1	A
anno1.g10808.t1	A	rna-XM_057805737.1	A
anno1.g10809.t1	A	rna-XM_057806543.1	A
anno1.g10810.t1	A	rna-XM_057806544.1	A
anno1.g10811.t1	A	rna-XM_057795905.1	A
anno1.g10812.t2	A	rna-XM_057807125.1	A
anno1.g10813.t2	A	rna-XM_057809329.1	A
anno1.g10821.t1	A	rna-XM_057803630.1	A
anno1.g10826.t2	A	rna-XM_057814104.1	A
anno1.g10827.t1	A	rna-XM_057814927.1	A
anno1.g10832.t1	A	rna-XM_057803322.1	A
anno1.g10833.t1	A	rna-XM_057814096.1	A
anno1.g10835.t1	A	rna-XM_057814576.1	A
anno1.g10836.t1	A	rna-XM_057812140.1	A
anno1.g10837.t1	A	rna-XM_057814579.1	A
anno1.g10838.t2	A	rna-XM_057814573.1	A
anno1.g10839.t1	A	rna-XM_057814575.1	A
anno1.g10840.t1	A	rna-XM_057814572.1	A
anno1.g10847.t1	A	rna-XM_057804338.1	A
anno1.g10848.t2	A	rna-XM_057811803.1	A
anno1.g10849.t1	A	rna-XM_057811789.1	A
anno1.g10851.t1	A	rna-XM_057801425.1	A
anno1.g10852.t2	A	rna-XM_057811793.1	A
anno1.g10853.t1	A	rna-XM_057811785.1	A
anno1.g10854.t1	A	rna-XM_057814586.1	A
anno1.g10855.t1	A	rna-XM_057811798.1	A
anno1.g10856.t1	A	rna-XM_057815787.1	A
anno1.g10857.t1	A	rna-XM_057795209.1	A
anno1.g10858.t2	A	rna-XM_057814140.1	A
anno1.g10859.t1	A	rna-XM_057797765.1	A
anno1.g10861.t1	A	rna-XM_057807222.1	A
anno1.g10862.t1	A	rna-XM_057796412.1	A
anno1.g10863.t2	A	rna-XM_057796414.1	A
anno1.g10864.t2	A	rna-XM_057797872.1	A
anno1.g10865.t1	A	rna-XM_057814268.1	A
anno1.g10866.t1	A	rna-XM_057808960.1	A
anno1.g10868.t1	A	rna-XM_057809367.1	A
anno1.g10869.t1	A	rna-XM_057809132.1	A
anno1.g10870.t2	A	rna-XM_057809512.1	A
anno1.g10871.t1	A	rna-XM_057809514.1	A
anno1.g10872.t1	A	rna-XM_057809411.1	A
anno1.g10875.t1	A	rna-XM_057806672.1	A
anno1.g10876.t1	A	rna-XM_057796808.1	A
anno1.g10878.t1	A	rna-XM_057801879.1	A
anno1.g10879.t1	A	rna-XM_057803494.1	A
anno1.g10882.t1	A	rna-XM_057812652.1	A
anno1.g10883.t1	A	rna-XM_057812234.1	A
anno1.g10888.t1	A	rna-XM_057812236.1	A
anno1.g10889.t1	A	rna-XM_057814097.1	A
anno1.g10890.t2	A	rna-XM_057801941.1	A
anno1.g10891.t1	A	rna-XM_057805829.1	A
anno1.g10892.t1	A	rna-XM_057811774.1	A
anno1.g10893.t1	A	rna-XM_057811773.1	A
anno1.g10894.t1	A	rna-XM_057814067.1	A
anno1.g10895.t1	A	rna-XM_057812708.1	A
anno1.g10897.t1	A	rna-XM_057808397.1	A
anno1.g10898.t1	A	rna-XM_057808390.1	A
anno1.g10899.t1	A	rna-XM_057808402.1	A
anno1.g10900.t1	A	rna-XM_057811326.1	A
anno1.g10901.t1	A	rna-XM_057811303.1	A
anno1.g10902.t1	A	rna-XM_057813988.1	A
anno1.g10903.t1	A	rna-XM_057806944.1	A
anno1.g10904.t1	A	rna-XM_057809360.1	X
anno1.g10905.t1	A	rna-XM_057813986.1	A
anno1.g10906.t1	A	rna-XM_057813983.1	A
anno1.g10907.t1	A	rna-XM_057812470.1	A
anno1.g10908.t1	A	rna-XM_057809183.1	A
anno1.g10910.t1	A	rna-XM_057809174.1	A
anno1.g10911.t1	A	rna-XM_057804183.1	A
anno1.g10914.t2	A	rna-XM_057814822.1	A
anno1.g10915.t1	A	rna-XM_057814843.1	A
anno1.g10916.t2	A	rna-XM_057816041.1	A
anno1.g10917.t1	A	rna-XM_057812162.1	A
anno1.g10918.t1	A	rna-XM_057811017.1	A
anno1.g10919.t2	A	rna-XM_057811034.1	A
anno1.g10920.t2	A	rna-XM_057811009.1	A
anno1.g10921.t3	A	rna-XM_057811050.1	A
anno1.g10922.t1	A	rna-XM_057805890.1	A
anno1.g10935.t1	A	rna-XM_057811013.1	A
anno1.g10936.t1	A	rna-XM_057811032.1	A
anno1.g10938.t1	A	rna-XM_057799928.1	A
anno1.g10939.t1	A	rna-XM_057801323.1	A
anno1.g10940.t1	A	rna-XM_057797228.1	A
anno1.g10941.t1	A	rna-XM_057798020.1	A
anno1.g10943.t1	A	rna-XM_057798021.1	A
anno1.g10945.t1	A	rna-XM_057800633.1	A
anno1.g10946.t1	A	rna-XM_057809227.1	A
anno1.g10947.t1	A	rna-XM_057800662.1	A
anno1.g10948.t2	A	rna-XM_057798344.1	A
anno1.g10949.t1	A	rna-XM_057797431.1	A
anno1.g10954.t1	A	rna-XM_057809160.1	A
anno1.g10955.t1	A	rna-XM_057809251.1	A
anno1.g10956.t1	A	rna-XM_057809927.1	A
anno1.g10957.t1	A	rna-XM_057809926.1	A
anno1.g10958.t1	A	rna-XM_057809923.1	A
anno1.g10959.t1	A	rna-XM_057809930.1	A
anno1.g10960.t1	A	rna-XM_057809921.1	A
anno1.g10961.t1	A	rna-XM_057809918.1	A
anno1.g10962.t1	A	rna-XM_057798200.1	A
anno1.g10963.t1	A	rna-XM_057798972.1	A
anno1.g10968.t1	A	rna-XM_057808209.1	A
anno1.g10969.t1	A	rna-XM_057801244.1	X
anno1.g10970.t1	A	rna-XM_057812488.1	A
anno1.g10971.t1	A	rna-XM_057813982.1	A
anno1.g10973.t1	A	rna-XM_057801890.1	A
anno1.g10974.t2	A	rna-XM_057801115.1	X
anno1.g10975.t1	A	rna-XM_057812763.1	A
anno1.g10976.t2	A	rna-XM_057809888.1	A
anno1.g10977.t1	A	rna-XM_057809885.1	A
anno1.g10978.t1	A	rna-XM_057798207.1	A
anno1.g10980.t1	A	rna-XM_057796349.1	A
anno1.g10981.t1	A	rna-XM_057796338.1	A
anno1.g10983.t1	A	rna-XM_057796590.1	A
anno1.g10991.t1	A	rna-XM_057796593.1	A
anno1.g10993.t1	A	rna-XM_057796226.1	A
anno1.g10994.t2	A	rna-XM_057804331.1	A
anno1.g10995.t1	A	rna-XM_057809266.1	X
anno1.g10996.t1	A	rna-XM_057795960.1	A
anno1.g10998.t1	A	rna-XM_057801928.1	A
anno1.g10999.t2	A	rna-XM_057801872.1	A
anno1.g11000.t1	A	rna-XM_057795091.1	A
anno1.g11003.t1	A	rna-XM_057807319.1	A
anno1.g11004.t1	A	rna-XM_057806821.1	A
anno1.g11008.t1	A	rna-XM_057799116.1	A
anno1.g11009.t1	A	rna-XM_057804875.1	A
anno1.g11010.t3	A	rna-XM_057804882.1	A
anno1.g11011.t1	A	rna-XM_057799913.1	A
anno1.g11012.t1	A	rna-XM_057800208.1	A
anno1.g11013.t1	A	rna-XM_057809703.1	A
anno1.g11014.t2	A	rna-XM_057809057.1	A
anno1.g11017.t2	A	rna-XM_057815748.1	A
anno1.g11018.t1	A	rna-XM_057806474.1	A
anno1.g11020.t1	A	rna-XM_057798244.1	A
anno1.g11021.t3	A	rna-XM_057811777.1	A
anno1.g11022.t1	A	rna-XM_057813855.1	A
anno1.g11023.t3	A	rna-XM_057813857.1	A
anno1.g11026.t1	A	rna-XM_057811419.1	A
anno1.g11027.t1	A	rna-XM_057795899.1	A
anno1.g11028.t2	A	rna-XM_057809191.1	A
anno1.g11029.t1	A	rna-XM_057798580.1	A
anno1.g11030.t1	A	rna-XM_057797894.1	A
anno1.g11033.t1	A	rna-XM_057796488.1	X
anno1.g11034.t1	A	rna-XM_057795901.1	A
anno1.g11035.t1	A	rna-XM_057800200.1	A
anno1.g11036.t1	A	rna-XM_057799728.1	A
anno1.g11038.t1	A	rna-XM_057805948.1	X
anno1.g11039.t1	A	rna-XM_057794977.1	A
anno1.g11040.t1	A	rna-XM_057803838.1	A
anno1.g11041.t1	A	rna-XM_057810362.1	A
anno1.g11042.t1	A	rna-XM_057812795.1	A
anno1.g11043.t1	A	rna-XM_057812791.1	A
anno1.g11044.t2	A	rna-XM_057796601.1	A
anno1.g11047.t1	A	rna-XM_057812789.1	A
anno1.g11050.t1	A	rna-XM_057803309.1	X
anno1.g11051.t2	A	rna-XM_057802935.1	A
anno1.g11052.t1	A	rna-XM_057802927.1	A
anno1.g11054.t1	A	rna-XM_057813555.1	A
anno1.g11056.t2	A	rna-XM_057804880.1	A
anno1.g11057.t1	A	rna-XM_057814891.1	A
anno1.g11058.t4	A	rna-XM_057796177.1	A
anno1.g11060.t1	A	rna-XM_057799845.1	A
anno1.g11062.t1	A	rna-XM_057811053.1	A
anno1.g11063.t1	A	rna-XM_057811064.1	A
anno1.g11064.t2	A	rna-XM_057811061.1	A
anno1.g11065.t1	A	rna-XM_057798054.1	A
anno1.g11066.t2	A	rna-XM_057811059.1	A
anno1.g11067.t1	A	rna-XM_057811029.1	A
anno1.g11068.t1	A	rna-XM_057797938.1	A
anno1.g11070.t1	A	rna-XM_057797795.1	A
anno1.g11071.t1	A	rna-XM_057812063.1	A
anno1.g11072.t1	A	rna-XM_057802605.1	A
anno1.g11073.t1	A	rna-XM_057812057.1	A
anno1.g11075.t1	A	rna-XM_057805370.1	A
anno1.g11076.t1	A	rna-XM_057805383.1	A
anno1.g11077.t1	A	rna-XM_057806786.1	A
anno1.g11078.t1	A	rna-XM_057806790.1	A
anno1.g11079.t1	A	rna-XM_057795558.1	A
anno1.g11081.t1	A	rna-XM_057795557.1	A
anno1.g11082.t2	A	rna-XM_057795555.1	A
anno1.g11084.t1	A	rna-XM_057807626.1	X
anno1.g11085.t1	A	rna-XM_057806793.1	A
anno1.g11086.t1	A	rna-XM_057799897.1	A
anno1.g11087.t1	A	rna-XM_057795953.1	A
anno1.g11088.t1	A	rna-XM_057795954.1	A
anno1.g11089.t1	A	rna-XM_057800231.1	A
anno1.g11090.t1	A	rna-XM_057810102.1	A
anno1.g11092.t1	A	rna-XM_057800915.1	A
anno1.g11093.t1	A	rna-XM_057800408.1	A
anno1.g11095.t1	A	rna-XM_057800851.1	A
anno1.g11096.t1	A	rna-XM_057802318.1	A
anno1.g11103.t1	A	rna-XM_057801015.1	A
anno1.g11104.t1	A	rna-XM_057796931.1	A
anno1.g11108.t2	A	rna-XM_057808153.1	A
anno1.g11109.t1	A	rna-XM_057807385.1	A
anno1.g11110.t1	A	rna-XM_057807046.1	A
anno1.g11111.t1	A	rna-XM_057795477.1	A
anno1.g11112.t1	A	rna-XM_057800272.1	A
anno1.g11113.t2	A	rna-XM_057801049.1	A
anno1.g11115.t1	A	rna-XM_057814759.1	A
anno1.g11117.t1	A	rna-XM_057812082.1	A
anno1.g11118.t1	A	rna-XM_057812115.1	A
anno1.g11121.t1	A	rna-XM_057812121.1	A
anno1.g11124.t1	A	rna-XM_057814757.1	A
anno1.g11126.t1	A	rna-XM_057800319.1	A
anno1.g11127.t2	A	rna-XM_057797331.1	A
anno1.g11129.t1	A	rna-XM_057816098.1	A
anno1.g11130.t2	A	rna-XM_057798566.1	A
anno1.g11131.t1	A	rna-XM_057795935.1	A
anno1.g11134.t1	A	rna-XM_057807181.1	A
anno1.g11136.t1	A	rna-XM_057796355.1	A
anno1.g11137.t1	A	rna-XM_057801220.1	A
anno1.g11140.t3	A	rna-XM_057815107.1	A
anno1.g11144.t1	A	rna-XM_057799730.1	A
anno1.g11145.t2	A	rna-XM_057815621.1	A
anno1.g11146.t1	A	rna-XM_057795394.1	A
anno1.g11156.t1	A	rna-XM_057803702.1	A
anno1.g11157.t1	A	rna-XM_057803710.1	A
anno1.g11158.t1	A	rna-XM_057802832.1	A
anno1.g11159.t1	A	rna-XM_057801764.1	A
anno1.g11160.t1	A	rna-XM_057816314.1	A
anno1.g11161.t1	A	rna-XM_057816263.1	A
anno1.g11164.t1	A	rna-XM_057816317.1	A
anno1.g11168.t1	A	rna-XM_057815383.1	A
anno1.g11169.t2	A	rna-XM_057815745.1	A
anno1.g11170.t1	A	rna-XM_057816421.1	A
anno1.g11171.t1	A	rna-XM_057816812.1	A
anno1.g11172.t1	A	rna-XM_057805817.1	A
anno1.g11173.t1	A	rna-XM_057804900.1	A
anno1.g11174.t1	A	rna-XM_057812442.1	A
anno1.g11175.t1	A	rna-XM_057813061.1	A
anno1.g11177.t1	A	rna-XM_057815546.1	A
anno1.g11179.t1	A	rna-XM_057805803.1	A
anno1.g11180.t1	A	rna-XM_057813517.1	A
anno1.g11181.t1	A	rna-XM_057807816.1	A
anno1.g11182.t1	A	rna-XM_057801614.1	X
anno1.g11183.t8	A	rna-XM_057797558.1	A
anno1.g11185.t1	A	rna-XM_057798240.1	A
anno1.g11186.t1	A	rna-XM_057797660.1	A
anno1.g11187.t1	A	rna-XM_057813019.1	A
anno1.g11188.t1	A	rna-XM_057814755.1	A
anno1.g11190.t1	A	rna-XM_057800008.1	X
anno1.g11191.t1	A	rna-XM_057797870.1	A
anno1.g11192.t1	A	rna-XM_057804879.1	A
anno1.g11193.t1	A	rna-XM_057801686.1	A
anno1.g11195.t2	A	rna-XM_057802044.1	A
anno1.g11196.t1	A	rna-XM_057802636.1	A
anno1.g11197.t1	A	rna-XM_057814564.1	A
anno1.g11198.t1	A	rna-XM_057814563.1	A
anno1.g11200.t1	A	rna-XM_057813432.1	A
anno1.g11201.t1	A	rna-XM_057803818.1	A
anno1.g11203.t1	A	rna-XM_057803428.1	A
anno1.g11204.t1	A	rna-XM_057803417.1	A
anno1.g11205.t1	A	rna-XM_057803416.1	A
anno1.g11207.t1	A	rna-XM_057803455.1	A
anno1.g11208.t3	A	rna-XM_057810189.1	A
anno1.g11209.t1	A	rna-XM_057805507.1	A
anno1.g11210.t1	A	rna-XM_057814406.1	A
anno1.g11211.t1	A	rna-XM_057804273.1	A
anno1.g11212.t1	A	rna-XM_057803495.1	A
anno1.g11213.t1	A	rna-XM_057805891.1	A
anno1.g11216.t1	A	rna-XM_057804677.1	A
anno1.g11217.t1	A	rna-XM_057809498.1	A
anno1.g11219.t1	A	rna-XM_057809496.1	A
anno1.g11220.t1	A	rna-XM_057809083.1	A
anno1.g11221.t1	A	rna-XM_057809082.1	A
anno1.g11222.t1	A	rna-XM_057809180.1	A
anno1.g11223.t1	A	rna-XM_057805030.1	A
anno1.g11226.t1	A	rna-XM_057805170.1	A
anno1.g11227.t1	A	rna-XM_057814862.1	A
anno1.g11228.t1	A	rna-XM_057814845.1	A
anno1.g11229.t1	A	rna-XM_057814848.1	A
anno1.g11230.t1	A	rna-XM_057814846.1	A
anno1.g11231.t2	A	rna-XM_057814926.1	A
anno1.g11232.t2	A	rna-XM_057804787.1	A
anno1.g11233.t1	A	rna-XM_057812505.1	A
anno1.g11234.t1	A	rna-XM_057812489.1	A
anno1.g11235.t1	A	rna-XM_057802547.1	A
anno1.g11236.t1	A	rna-XM_057808683.1	A
anno1.g11237.t1	A	rna-XM_057808682.1	A
anno1.g11238.t1	A	rna-XM_057808659.1	A
anno1.g11240.t1	A	rna-XM_057808678.1	A
anno1.g11241.t2	A	rna-XM_057797833.1	A
anno1.g11242.t1	A	rna-XM_057797959.1	A
anno1.g11244.t1	A	rna-XM_057814404.1	A
anno1.g11246.t1	A	rna-XM_057800834.1	A
anno1.g11247.t1	A	rna-XM_057802692.1	A
anno1.g11250.t2	A	rna-XM_057809129.1	A
anno1.g11251.t1	A	rna-XM_057813058.1	A
anno1.g11253.t1	A	rna-XM_057810401.1	A
anno1.g11254.t1	A	rna-XM_057813384.1	A
anno1.g11255.t1	A	rna-XM_057813059.1	A
anno1.g11256.t1	A	rna-XM_057813229.1	X
anno1.g11257.t1	A	rna-XM_057797948.1	A
anno1.g11258.t1	A	rna-XM_057798875.1	A
anno1.g11259.t1	A	rna-XM_057804061.1	A
anno1.g11260.t1	A	rna-XM_057811316.1	A
anno1.g11263.t1	A	rna-XM_057809972.1	X
anno1.g11267.t1	A	rna-XM_057810071.1	X
anno1.g11268.t1	A	rna-XM_057809959.1	X
anno1.g11269.t1	A	rna-XM_057810005.1	X
anno1.g11270.t1	A	rna-XM_057809993.1	X
anno1.g11274.t1	A	rna-XM_057803638.1	A
anno1.g11279.t1	A	rna-XM_057814418.1	A
anno1.g11280.t1	A	rna-XM_057803640.1	A
anno1.g11284.t1	A	rna-XM_057808634.1	A
anno1.g11285.t1	A	rna-XM_057808631.1	A
anno1.g11286.t2	A	rna-XM_057813583.1	A
anno1.g11287.t1	A	rna-XM_057802296.1	A
anno1.g11295.t2	A	rna-XM_057812842.1	A
anno1.g11296.t1	A	rna-XM_057802655.1	A
anno1.g11297.t1	A	rna-XM_057802149.1	A
anno1.g11298.t1	A	rna-XM_057802150.1	A
anno1.g11307.t1	A	rna-XM_057812215.1	A
anno1.g11308.t1	A	rna-XM_057803816.1	A
anno1.g11309.t2	A	rna-XM_057812836.1	A
anno1.g11310.t1	A	rna-XM_057814800.1	A
anno1.g11311.t1	A	rna-XM_057806958.1	A
anno1.g11312.t1	A	rna-XM_057806929.1	A
anno1.g11313.t2	A	rna-XM_057803641.1	A
anno1.g11314.t2	A	rna-XM_057803632.1	A
anno1.g11315.t1	A	rna-XM_057807183.1	A
anno1.g11316.t1	A	rna-XM_057802236.1	A
anno1.g11317.t1	A	rna-XM_057814577.1	A
anno1.g11318.t1	A	rna-XM_057798727.1	A
anno1.g11320.t2	A	rna-XM_057797917.1	A
anno1.g11326.t1	A	rna-XM_057799143.1	A
anno1.g11327.t1	A	rna-XM_057797502.1	A
anno1.g11328.t1	A	rna-XM_057814723.1	A
anno1.g11329.t1	A	rna-XM_057813614.1	A
anno1.g11330.t2	A	rna-XM_057813606.1	A
anno1.g11332.t2	A	rna-XM_057813615.1	A
anno1.g11333.t1	A	rna-XM_057802057.1	A
anno1.g11337.t1	A	rna-XM_057801583.1	A
anno1.g11338.t2	A	rna-XM_057801571.1	A
anno1.g11339.t1	A	rna-XM_057799824.1	A
anno1.g11340.t3	A	rna-XM_057813142.1	A
anno1.g11345.t1	A	rna-XM_057804915.1	A
anno1.g11350.t2	A	rna-XM_057799639.1	A
anno1.g11351.t2	A	rna-XM_057813209.1	A
anno1.g11352.t1	A	rna-XM_057800606.1	A
anno1.g11353.t1	A	rna-XM_057813173.1	A
anno1.g11354.t3	A	rna-XM_057813178.1	A
anno1.g11355.t1	A	rna-XM_057804992.1	A
anno1.g11356.t1	A	rna-XM_057805258.1	A
anno1.g11357.t1	A	rna-XM_057808503.1	A
anno1.g11360.t1	A	rna-XM_057797344.1	A
anno1.g11361.t1	A	rna-XM_057808709.1	A
anno1.g11363.t2	A	rna-XM_057807819.1	A
anno1.g11364.t1	A	rna-XM_057803798.1	A
anno1.g11365.t1	A	rna-XM_057811684.1	A
anno1.g11366.t2	A	rna-XM_057801680.1	A
anno1.g11367.t1	A	rna-XM_057801663.1	A
anno1.g11368.t1	A	rna-XM_057801661.1	A
anno1.g11369.t7	A	rna-XM_057796967.1	A
anno1.g11372.t1	A	rna-XM_057796971.1	A
anno1.g11376.t1	A	rna-XM_057802364.1	A
anno1.g11378.t1	A	rna-XM_057801781.1	A
anno1.g11382.t1	A	rna-XM_057795893.1	A
anno1.g11383.t1	A	rna-XM_057795891.1	A
anno1.g11390.t1	A	rna-XM_057795648.1	A
anno1.g11391.t1	A	rna-XM_057800535.1	A
anno1.g11392.t1	A	rna-XM_057813185.1	A
anno1.g11393.t1	A	rna-XM_057812644.1	A
anno1.g11394.t1	A	rna-XM_057812642.1	A
anno1.g11395.t1	A	rna-XM_057813255.1	A
anno1.g11400.t1	A	rna-XM_057801241.1	A
anno1.g11401.t1	A	rna-XM_057801245.1	A
anno1.g11403.t4	A	rna-XM_057801242.1	A
anno1.g11404.t1	A	rna-XM_057811547.1	A
anno1.g11406.t1	A	rna-XM_057798242.1	A
anno1.g11407.t1	A	rna-XM_057814801.1	A
anno1.g11409.t1	A	rna-XM_057816486.1	A
anno1.g11410.t1	A	rna-XM_057816478.1	A
anno1.g11411.t2	A	rna-XM_057816481.1	A
anno1.g11412.t2	A	rna-XM_057803442.1	A
anno1.g11414.t1	A	rna-XM_057803445.1	A
anno1.g11415.t3	A	rna-XM_057802646.1	A
anno1.g11417.t1	A	rna-XM_057796965.1	A
anno1.g11421.t1	A	rna-XM_057803878.1	A
anno1.g11422.t1	A	rna-XM_057808403.1	A
anno1.g11423.t1	A	rna-XM_057805821.1	A
anno1.g11424.t1	A	rna-XM_057804350.1	A
anno1.g11425.t1	A	rna-XM_057804340.1	A
anno1.g11432.t1	A	rna-XM_057808222.1	A
anno1.g11433.t1	A	rna-XM_057796511.1	A
anno1.g11435.t1	A	rna-XM_057796464.1	A
anno1.g11436.t1	A	rna-XM_057795241.1	A
anno1.g11437.t1	A	rna-XM_057811787.1	A
anno1.g11439.t1	A	rna-XM_057812011.1	A
anno1.g11440.t2	A	rna-XM_057795230.1	A
anno1.g11442.t1	A	rna-XM_057804412.1	A
anno1.g11449.t1	A	rna-XM_057809616.1	A
anno1.g11450.t1	A	rna-XM_057815962.1	A
anno1.g11453.t1	A	rna-XM_057816102.1	A
anno1.g11459.t4	A	rna-XM_057800728.1	A
anno1.g11469.t1	A	rna-XM_057812464.1	A
anno1.g11470.t1	A	rna-XM_057800898.1	A
anno1.g11471.t1	A	rna-XM_057813987.1	A
anno1.g11474.t1	A	rna-XM_057815458.1	A
anno1.g11479.t1	A	rna-XM_057802110.1	A
anno1.g11485.t1	A	rna-XM_057799281.1	A
anno1.g11487.t1	A	rna-XM_057801353.1	A
anno1.g11489.t1	A	rna-XM_057799284.1	A
anno1.g11493.t2	A	rna-XM_057810655.1	A
anno1.g11495.t1	A	rna-XM_057797095.1	A
anno1.g11496.t2	A	rna-XM_057806475.1	A
anno1.g11498.t1	A	rna-XM_057813321.1	X
anno1.g11499.t1	A	rna-XM_057814583.1	X
anno1.g11501.t1	A	rna-XM_057804423.1	A
anno1.g11503.t1	A	rna-XM_057813950.1	A
anno1.g11508.t1	A	rna-XM_057802238.1	A
anno1.g11511.t1	A	rna-XM_057801762.1	A
anno1.g11515.t1	A	rna-XM_057808845.1	A
anno1.g11517.t1	A	rna-XM_057809203.1	A
anno1.g11518.t1	A	rna-XM_057809170.1	A
anno1.g11519.t4	A	rna-XM_057807611.1	A
anno1.g11520.t1	A	rna-XM_057807616.1	A
anno1.g11525.t1	A	rna-XM_057811856.1	X
anno1.g11527.t2	A	rna-XM_057799579.1	A
anno1.g11532.t1	A	rna-XM_057796378.1	A
anno1.g11533.t2	A	rna-XM_057796364.1	A
anno1.g11534.t1	A	rna-XM_057796367.1	A
anno1.g11535.t2	A	rna-XM_057804063.1	A
anno1.g11536.t1	A	rna-XM_057816454.1	X
anno1.g11537.t1	A	rna-XM_057806080.1	A
anno1.g11538.t1	A	rna-XM_057800107.1	A
anno1.g11539.t1	A	rna-XM_057805415.1	A
anno1.g11541.t2	A	rna-XM_057814018.1	A
anno1.g11542.t1	A	rna-XM_057812254.1	A
anno1.g11543.t1	A	rna-XM_057801134.1	A
anno1.g11544.t1	A	rna-XM_057805230.1	A
anno1.g11545.t1	A	rna-XM_057801068.1	A
anno1.g11547.t1	A	rna-XM_057813943.1	A
anno1.g11548.t1	A	rna-XM_057800262.1	A
anno1.g11549.t3	A	rna-XM_057802580.1	A
anno1.g11550.t2	A	rna-XM_057796494.1	A
anno1.g11552.t1	A	rna-XM_057796172.1	A
anno1.g11554.t1	A	rna-XM_057796616.1	A
anno1.g11558.t1	A	rna-XM_057795663.1	A
anno1.g11559.t1	A	rna-XM_057794856.1	A
anno1.g11560.t1	A	rna-XM_057796377.1	A
anno1.g11561.t1	A	rna-XM_057806844.1	A
anno1.g11562.t1	A	rna-XM_057816743.1	A
anno1.g11565.t1	A	rna-XM_057810833.1	X
anno1.g11566.t2	A	rna-XM_057796183.1	A
anno1.g11571.t2	A	rna-XM_057803906.1	A
anno1.g11572.t2	A	rna-XM_057803955.1	A
anno1.g11573.t1	A	rna-XM_057809884.1	A
anno1.g11574.t2	A	rna-XM_057797005.1	A
anno1.g11575.t1	A	rna-XM_057809419.1	A
anno1.g11576.t1	A	rna-XM_057809424.1	A
anno1.g11577.t1	A	rna-XM_057809304.1	A
anno1.g11578.t1	A	rna-XM_057799092.1	A
anno1.g11579.t1	A	rna-XM_057798010.1	A
anno1.g11580.t1	A	rna-XM_057803943.1	A
anno1.g11582.t1	A	rna-XM_057804459.1	A
anno1.g11583.t2	A	rna-XM_057804458.1	A
anno1.g11584.t2	A	rna-XM_057804452.1	A
anno1.g11585.t1	A	rna-XM_057813471.1	A
anno1.g11586.t1	A	rna-XM_057811804.1	A
anno1.g11587.t1	A	rna-XM_057814058.1	A
anno1.g11589.t1	A	rna-XM_057815559.1	A
anno1.g11590.t2	A	rna-XM_057815565.1	A
anno1.g11591.t1	A	rna-XM_057815595.1	A
anno1.g11593.t1	A	rna-XM_057815788.1	A
anno1.g11596.t1	A	rna-XM_057815789.1	A
anno1.g11597.t1	A	rna-XM_057815615.1	A
anno1.g11598.t1	A	rna-XM_057815954.1	A
anno1.g11611.t1	A	rna-XM_057803345.1	A
anno1.g11617.t1	A	rna-XM_057795240.1	A
anno1.g11618.t1	A	rna-XM_057795263.1	A
anno1.g11619.t1	A	rna-XM_057816412.1	A
anno1.g11620.t1	A	rna-XM_057816411.1	A
anno1.g11624.t1	A	rna-XM_057811469.1	A
anno1.g11626.t1	A	rna-XM_057815889.1	A
anno1.g11627.t2	A	rna-XM_057795216.1	A
anno1.g11628.t1	A	rna-XM_057795211.1	A
anno1.g11629.t1	A	rna-XM_057805689.1	A
anno1.g11643.t2	A	rna-XM_057816603.1	A
anno1.g11644.t1	A	rna-XM_057816138.1	A
anno1.g11647.t1	A	rna-XM_057816141.1	A
anno1.g11648.t1	A	rna-XM_057813183.1	A
anno1.g11649.t1	A	rna-XM_057813180.1	A
anno1.g11651.t1	A	rna-XM_057810998.1	A
anno1.g11653.t1	A	rna-XM_057810999.1	A
anno1.g11657.t1	A	rna-XM_057814059.1	A
anno1.g11658.t1	A	rna-XM_057795398.1	A
anno1.g11659.t1	A	rna-XM_057796197.1	A
anno1.g11660.t2	A	rna-XM_057800518.1	A
anno1.g11661.t1	A	rna-XM_057801211.1	A
anno1.g11662.t1	A	rna-XM_057801218.1	A
anno1.g11663.t3	A	rna-XM_057799507.1	A
anno1.g11665.t1	A	rna-XM_057805278.1	A
anno1.g11667.t1	A	rna-XM_057805275.1	A
anno1.g11668.t1	A	rna-XM_057809518.1	A
anno1.g11669.t1	A	rna-XM_057808693.1	A
anno1.g11671.t1	A	rna-XM_057808699.1	A
anno1.g11672.t1	A	rna-XM_057795251.1	A
anno1.g11673.t1	A	rna-XM_057795248.1	A
anno1.g11674.t1	A	rna-XM_057814662.1	A
anno1.g11675.t1	A	rna-XM_057811786.1	A
anno1.g11677.t2	A	rna-XM_057803952.1	A
anno1.g11678.t2	A	rna-XM_057813978.1	A
anno1.g11679.t1	A	rna-XM_057811271.1	A
anno1.g11680.t1	A	rna-XM_057795243.1	A
anno1.g11681.t1	A	rna-XM_057809316.1	A
anno1.g11682.t1	A	rna-XM_057811495.1	A
anno1.g11683.t1	A	rna-XM_057809566.1	A
anno1.g11686.t1	A	rna-XM_057802850.1	A
anno1.g11687.t1	A	rna-XM_057802851.1	A
anno1.g11688.t1	A	rna-XM_057802849.1	A
anno1.g11689.t1	A	rna-XM_057810411.1	A
anno1.g11690.t1	A	rna-XM_057802857.1	A
anno1.g11691.t1	A	rna-XM_057804051.1	A
anno1.g11693.t1	A	rna-XM_057814988.1	A
anno1.g11695.t1	A	rna-XM_057799925.1	A
anno1.g11696.t1	A	rna-XM_057801324.1	A
anno1.g11697.t1	A	rna-XM_057801325.1	A
anno1.g11698.t1	A	rna-XM_057796785.1	A
anno1.g11699.t3	A	rna-XM_057811780.1	A
anno1.g11700.t2	A	rna-XM_057810997.1	A
anno1.g11701.t1	A	rna-XM_057811006.1	A
anno1.g11702.t2	A	rna-XM_057811033.1	A
anno1.g11703.t2	A	rna-XM_057799640.1	A
anno1.g11704.t1	A	rna-XM_057799188.1	A
anno1.g11705.t1	A	rna-XM_057803155.1	A
anno1.g11707.t2	A	rna-XM_057802855.1	A
anno1.g11710.t1	A	rna-XM_057795777.1	A
anno1.g11713.t1	A	rna-XM_057797488.1	A
anno1.g11714.t1	A	rna-XM_057796979.1	A
anno1.g11716.t1	A	rna-XM_057797487.1	A
anno1.g11717.t1	A	rna-XM_057799453.1	A
anno1.g11720.t1	A	rna-XM_057799452.1	A
anno1.g11721.t1	A	rna-XM_057812833.1	A
anno1.g11722.t1	A	rna-XM_057804861.1	A
anno1.g11723.t1	A	rna-XM_057804857.1	A
anno1.g11724.t3	A	rna-XM_057804866.1	A
anno1.g11727.t1	A	rna-XM_057802496.1	A
anno1.g11728.t1	A	rna-XM_057803877.1	A
anno1.g11729.t3	A	rna-XM_057807217.1	A
anno1.g11730.t1	A	rna-XM_057810373.1	A
anno1.g11731.t1	A	rna-XM_057805697.1	A
anno1.g11735.t2	A	rna-XM_057811800.1	A
anno1.g11737.t1	A	rna-XM_057814060.1	A
anno1.g11740.t1	A	rna-XM_057810923.1	A
anno1.g11753.t1	A	rna-XM_057812171.1	A
anno1.g11755.t1	A	rna-XM_057805654.1	X
anno1.g11756.t1	A	rna-XM_057797376.1	A
anno1.g11759.t1	A	rna-XM_057802666.1	A
anno1.g11760.t1	A	rna-XM_057812894.1	X
anno1.g11767.t1	A	rna-XM_057804561.1	X
anno1.g11769.t1	A	rna-XM_057813713.1	A
anno1.g11773.t1	A	rna-XM_057813315.1	A
anno1.g11774.t2	A	rna-XM_057806903.1	A
anno1.g11776.t1	A	rna-XM_057816042.1	A
anno1.g11777.t1	A	rna-XM_057800668.1	A
anno1.g11778.t1	A	rna-XM_057806768.1	A
anno1.g11782.t1	A	rna-XM_057802098.1	A
anno1.g11783.t1	A	rna-XM_057797796.1	A
anno1.g11784.t1	A	rna-XM_057802460.1	A
anno1.g11785.t1	A	rna-XM_057802319.1	A
anno1.g11787.t1	A	rna-XM_057803103.1	A
anno1.g11790.t1	A	rna-XM_057800632.1	A
anno1.g11791.t1	A	rna-XM_057812166.1	X
anno1.g11792.t1	A	rna-XM_057798557.1	A
anno1.g11793.t1	A	rna-XM_057798215.1	X
anno1.g11794.t1	A	rna-XM_057800490.1	X
anno1.g11795.t1	A	rna-XM_057799865.1	A
anno1.g11797.t3	A	rna-XM_057799291.1	A
anno1.g11798.t1	A	rna-XM_057805058.1	A
anno1.g11799.t1	A	rna-XM_057812976.1	A
anno1.g11800.t2	A	rna-XM_057811073.1	A
anno1.g11801.t1	A	rna-XM_057811069.1	A
anno1.g11802.t1	A	rna-XM_057811067.1	A
anno1.g11803.t1	A	rna-XM_057796950.1	A
anno1.g11804.t1	A	rna-XM_057799224.1	A
anno1.g11805.t1	A	rna-XM_057815786.1	X
anno1.g11806.t1	A	rna-XM_057799229.1	A
anno1.g11807.t1	A	rna-XM_057807236.1	A
anno1.g11808.t1	A	rna-XM_057808273.1	A
anno1.g11809.t1	A	rna-XM_057811788.1	A
anno1.g11810.t1	A	rna-XM_057805280.1	A
anno1.g11811.t1	A	rna-XM_057805274.1	A
anno1.g11812.t1	A	rna-XM_057812134.1	A
anno1.g11814.t1	A	rna-XM_057802400.1	A
anno1.g11816.t1	A	rna-XM_057800541.1	A
anno1.g11820.t1	A	rna-XM_057800337.1	A
anno1.g11823.t1	A	rna-XM_057800417.1	A
anno1.g11825.t1	A	rna-XM_057800538.1	A
anno1.g11826.t1	A	rna-XM_057804899.1	A
anno1.g11827.t1	A	rna-XM_057802075.1	A
anno1.g11828.t1	A	rna-XM_057804591.1	A
anno1.g11833.t2	A	rna-XM_057801093.1	A
anno1.g11840.t1	A	rna-XM_057814834.1	A
anno1.g11842.t1	A	rna-XM_057814808.1	A
anno1.g11843.t1	A	rna-XM_057809124.1	A
anno1.g11851.t1	A	rna-XM_057810700.1	A
anno1.g11852.t1	A	rna-XM_057802034.1	A
anno1.g11854.t3	A	rna-XM_057802663.1	A
anno1.g11855.t1	A	rna-XM_057810464.1	A
anno1.g11856.t1	A	rna-XM_057810465.1	A
anno1.g11857.t3	A	rna-XM_057810475.1	A
anno1.g11859.t1	A	rna-XM_057810503.1	A
anno1.g11861.t1	A	rna-XM_057810694.1	A
anno1.g11863.t1	A	rna-XM_057799401.1	A
anno1.g11866.t1	A	rna-XM_057798331.1	A
anno1.g11868.t1	A	rna-XM_057803800.1	A
anno1.g11869.t1	A	rna-XM_057799724.1	A
anno1.g11870.t3	A	rna-XM_057816895.1	A
anno1.g11871.t1	A	rna-XM_057799403.1	A
anno1.g11872.t1	A	rna-XM_057799197.1	A
anno1.g11873.t1	A	rna-XM_057799195.1	A
anno1.g11876.t1	A	rna-XM_057796546.1	A
anno1.g11878.t1	A	rna-XM_057809621.1	A
anno1.g11881.t1	A	rna-XM_057812636.1	A
anno1.g11882.t1	A	rna-XM_057796626.1	A
anno1.g11883.t1	A	rna-XM_057800434.1	A
anno1.g11886.t3	A	rna-XM_057809108.1	A
anno1.g11887.t1	A	rna-XM_057809128.1	A
anno1.g11892.t1	A	rna-XM_057814827.1	A
anno1.g11893.t1	A	rna-XM_057814860.1	A
anno1.g11895.t2	A	rna-XM_057816732.1	A
anno1.g11896.t1	A	rna-XM_057806600.1	A
anno1.g11901.t1	A	rna-XM_057810929.1	A
anno1.g11902.t3	A	rna-XM_057810909.1	A
anno1.g11903.t1	A	rna-XM_057810918.1	A
anno1.g11907.t1	A	rna-XM_057799491.1	A
anno1.g11910.t1	A	rna-XM_057796834.1	A
anno1.g11918.t2	A	rna-XM_057811451.1	A
anno1.g11919.t1	A	rna-XM_057797888.1	A
anno1.g11921.t1	A	rna-XM_057813573.1	A
anno1.g11924.t1	A	rna-XM_057813931.1	A
anno1.g11925.t1	A	rna-XM_057811404.1	A
anno1.g11926.t1	A	rna-XM_057803801.1	A
anno1.g11927.t1	A	rna-XM_057798846.1	A
anno1.g11929.t1	A	rna-XM_057806306.1	A
anno1.g11930.t2	A	rna-XM_057799254.1	A
anno1.g11931.t1	A	rna-XM_057804034.1	A
anno1.g11933.t2	A	rna-XM_057798436.1	A
anno1.g11934.t1	A	rna-XM_057804922.1	A
anno1.g11936.t1	A	rna-XM_057805001.1	A
anno1.g11938.t1	A	rna-XM_057799938.1	A
anno1.g11939.t1	A	rna-XM_057800546.1	A
anno1.g11942.t2	A	rna-XM_057801020.1	A
anno1.g11943.t1	A	rna-XM_057800543.1	A
anno1.g11944.t1	A	rna-XM_057813936.1	A
anno1.g11946.t1	A	rna-XM_057812551.1	A
anno1.g11947.t1	A	rna-XM_057812098.1	A
anno1.g11948.t1	A	rna-XM_057812133.1	A
anno1.g11949.t1	A	rna-XM_057798729.1	A
anno1.g11951.t1	A	rna-XM_057796224.1	A
anno1.g11965.t1	A	rna-XM_057798439.1	A
anno1.g11966.t1	A	rna-XM_057816779.1	X
anno1.g11967.t1	A	rna-XM_057802008.1	A
anno1.g11968.t1	A	rna-XM_057802010.1	A
anno1.g11969.t1	A	rna-XM_057809975.1	A
anno1.g11970.t2	A	rna-XM_057809965.1	A
anno1.g11973.t1	A	rna-XM_057801908.1	A
anno1.g11977.t1	A	rna-XM_057812173.1	A
anno1.g11978.t1	A	rna-XM_057814976.1	A
anno1.g11981.t1	A	rna-XM_057814496.1	A
anno1.g11986.t1	A	rna-XM_057813881.1	A
anno1.g11987.t1	A	rna-XM_057798502.1	A
anno1.g11992.t1	A	rna-XM_057800859.1	A
anno1.g11993.t1	A	rna-XM_057809814.1	A
anno1.g12001.t1	A	rna-XM_057799239.1	A
anno1.g12022.t1	A	rna-XM_057806732.1	A
anno1.g12023.t1	A	rna-XM_057806948.1	A
anno1.g12024.t1	A	rna-XM_057807373.1	A
anno1.g12025.t1	A	rna-XM_057807355.1	A
anno1.g12026.t1	A	rna-XM_057807367.1	A
anno1.g12027.t1	A	rna-XM_057807375.1	A
anno1.g12028.t2	A	rna-XM_057807376.1	A
anno1.g12029.t2	A	rna-XM_057797092.1	A
anno1.g12030.t1	A	rna-XM_057816144.1	A
anno1.g12031.t1	A	rna-XM_057795155.1	A
anno1.g12032.t1	A	rna-XM_057795107.1	A
anno1.g12033.t1	A	rna-XM_057812177.1	A
anno1.g12034.t1	A	rna-XM_057808371.1	A
anno1.g12035.t1	A	rna-XM_057808363.1	A
anno1.g12039.t3	A	rna-XM_057815967.1	A
anno1.g12040.t1	A	rna-XM_057812719.1	A
anno1.g12041.t1	A	rna-XM_057812441.1	A
anno1.g12042.t1	A	rna-XM_057803507.1	A
anno1.g12044.t2	A	rna-XM_057812742.1	A
anno1.g12045.t1	A	rna-XM_057814485.1	A
anno1.g12047.t1	A	rna-XM_057801836.1	A
anno1.g12048.t1	A	rna-XM_057811324.1	A
anno1.g12049.t1	A	rna-XM_057812568.1	A
anno1.g12050.t1	A	rna-XM_057814446.1	A
anno1.g12052.t1	A	rna-XM_057801692.1	A
anno1.g12053.t1	A	rna-XM_057797535.1	A
anno1.g12054.t1	A	rna-XM_057806901.1	A
anno1.g12057.t1	A	rna-XM_057814715.1	A
anno1.g12058.t1	A	rna-XM_057813024.1	A
anno1.g12059.t1	A	rna-XM_057814708.1	A
anno1.g12064.t1	A	rna-XM_057804836.1	A
anno1.g12067.t1	A	rna-XM_057800980.1	A
anno1.g12068.t1	A	rna-XM_057800984.1	A
anno1.g12071.t2	A	rna-XM_057800992.1	A
anno1.g12073.t1	A	rna-XM_057800988.1	A
anno1.g12074.t2	A	rna-XM_057800917.1	A
anno1.g12075.t1	A	rna-XM_057797403.1	A
anno1.g12076.t1	A	rna-XM_057797402.1	A
anno1.g12089.t1	A	rna-XM_057799044.1	A
anno1.g12091.t1	A	rna-XM_057798833.1	A
anno1.g12092.t1	A	rna-XM_057798829.1	A
anno1.g12093.t1	A	rna-XM_057798834.1	A
anno1.g12094.t1	A	rna-XM_057799055.1	A
anno1.g12095.t1	A	rna-XM_057799344.1	A
anno1.g12096.t2	A	rna-XM_057799345.1	A
anno1.g12102.t2	A	rna-XM_057798308.1	A
anno1.g12106.t1	A	rna-XM_057798306.1	A
anno1.g12116.t1	A	rna-XM_057797805.1	A
anno1.g12117.t1	A	rna-XM_057797806.1	A
anno1.g12120.t1	A	rna-XM_057798174.1	A
anno1.g12121.t1	A	rna-XM_057798570.1	A
anno1.g12123.t2	A	rna-XM_057798063.1	A
anno1.g12124.t1	A	rna-XM_057798095.1	A
anno1.g12126.t1	A	rna-XM_057816703.1	X
anno1.g12131.t1	A	rna-XM_057797758.1	A
anno1.g12133.t2	A	rna-XM_057813202.1	A
anno1.g12135.t1	A	rna-XM_057797757.1	A
anno1.g12136.t1	A	rna-XM_057798236.1	A
anno1.g12138.t1	A	rna-XM_057802510.1	A
anno1.g12140.t1	A	rna-XM_057813974.1	A
anno1.g12141.t1	A	rna-XM_057798290.1	A
anno1.g12142.t1	A	rna-XM_057799700.1	A
anno1.g12143.t1	A	rna-XM_057806778.1	A
anno1.g12158.t1	A	rna-XM_057812848.1	A
anno1.g12163.t1	A	rna-XM_057811816.1	A
anno1.g12164.t1	A	rna-XM_057811815.1	A
anno1.g12165.t1	A	rna-XM_057813556.1	A
anno1.g12166.t1	A	rna-XM_057813557.1	A
anno1.g12168.t1	A	rna-XM_057795526.1	A
anno1.g12169.t3	A	rna-XM_057795093.1	A
anno1.g12170.t1	A	rna-XM_057816299.1	A
anno1.g12171.t1	A	rna-XM_057814879.1	A
anno1.g12172.t1	A	rna-XM_057814838.1	A
anno1.g12173.t1	A	rna-XM_057795137.1	A
anno1.g12174.t1	A	rna-XM_057807294.1	A
anno1.g12178.t1	A	rna-XM_057800130.1	A
anno1.g12181.t2	A	rna-XM_057799036.1	A
anno1.g12183.t1	A	rna-XM_057799009.1	A
anno1.g12185.t1	A	rna-XM_057798903.1	A
anno1.g12186.t1	A	rna-XM_057796362.1	A
anno1.g12187.t1	A	rna-XM_057798069.1	A
anno1.g12190.t1	A	rna-XM_057798734.1	A
anno1.g12192.t1	A	rna-XM_057797825.1	A
anno1.g12198.t1	A	rna-XM_057804356.1	A
anno1.g12199.t1	A	rna-XM_057809847.1	A
anno1.g12200.t2	A	rna-XM_057815430.1	A
anno1.g12202.t1	A	rna-XM_057800444.1	A
anno1.g12203.t1	A	rna-XM_057803848.1	A
anno1.g12204.t1	A	rna-XM_057802862.1	A
anno1.g12205.t1	A	rna-XM_057807880.1	A
anno1.g12206.t1	A	rna-XM_057815840.1	A
anno1.g12207.t2	A	rna-XM_057808278.1	A
anno1.g12208.t1	A	rna-XM_057794853.1	A
anno1.g12210.t2	A	rna-XM_057805136.1	A
anno1.g12211.t1	A	rna-XM_057815743.1	A
anno1.g12212.t1	A	rna-XM_057798136.1	A
anno1.g12215.t1	A	rna-XM_057798352.1	A
anno1.g12216.t2	A	rna-XM_057809499.1	A
anno1.g12218.t1	A	rna-XM_057799582.1	A
anno1.g12221.t1	A	rna-XM_057807281.1	A
anno1.g12222.t1	A	rna-XM_057808370.1	A
anno1.g12223.t1	A	rna-XM_057808369.1	A
anno1.g12224.t1	A	rna-XM_057795552.1	A
anno1.g12226.t1	A	rna-XM_057808354.1	A
anno1.g12228.t1	A	rna-XM_057804102.1	A
anno1.g12238.t1	A	rna-XM_057803927.1	A
anno1.g12242.t1	A	rna-XM_057808876.1	A
anno1.g12247.t1	A	rna-XM_057799169.1	A
anno1.g12256.t1	A	rna-XM_057798149.1	A
anno1.g12263.t1	A	rna-XM_057800331.1	A
anno1.g12265.t1	A	rna-XM_057801163.1	A
anno1.g12266.t3	A	rna-XM_057813509.1	A
anno1.g12267.t1	A	rna-XM_057804400.1	A
anno1.g12268.t1	A	rna-XM_057806788.1	A
anno1.g12270.t1	A	rna-XM_057815551.1	A
anno1.g12271.t1	A	rna-XM_057796229.1	A
anno1.g12272.t1	A	rna-XM_057813670.1	A
anno1.g12273.t1	A	rna-XM_057813668.1	A
anno1.g12274.t1	A	rna-XM_057796997.1	A
anno1.g12275.t1	A	rna-XM_057813671.1	A
anno1.g12276.t1	A	rna-XM_057815983.1	A
anno1.g12278.t2	A	rna-XM_057797890.1	A
anno1.g12279.t1	A	rna-XM_057805990.1	A
anno1.g12280.t1	A	rna-XM_057799185.1	A
anno1.g12281.t1	A	rna-XM_057799187.1	A
anno1.g12282.t2	A	rna-XM_057809850.1	A
anno1.g12285.t1	A	rna-XM_057809479.1	A
anno1.g12286.t1	A	rna-XM_057809432.1	A
anno1.g12289.t1	A	rna-XM_057809481.1	A
anno1.g12290.t1	A	rna-XM_057809044.1	A
anno1.g12291.t2	A	rna-XM_057809519.1	A
anno1.g12292.t1	A	rna-XM_057807878.1	A
anno1.g12296.t1	A	rna-XM_057807872.1	A
anno1.g12297.t1	A	rna-XM_057804725.1	A
anno1.g12298.t3	A	rna-XM_057802313.1	A
anno1.g12299.t1	A	rna-XM_057809084.1	A
anno1.g12300.t1	A	rna-XM_057809947.1	A
anno1.g12301.t1	A	rna-XM_057799756.1	A
anno1.g12302.t1	A	rna-XM_057809353.1	A
anno1.g12303.t1	A	rna-XM_057808973.1	A
anno1.g12304.t1	A	rna-XM_057809296.1	A
anno1.g12305.t2	A	rna-XM_057809446.1	A
anno1.g12306.t3	A	rna-XM_057809944.1	A
anno1.g12307.t2	A	rna-XM_057809167.1	A
anno1.g12308.t1	A	rna-XM_057809150.1	A
anno1.g12309.t1	A	rna-XM_057809942.1	A
anno1.g12311.t3	A	rna-XM_057808049.1	A
anno1.g12312.t1	A	rna-XM_057796384.1	A
anno1.g12313.t1	A	rna-XM_057798121.1	A
anno1.g12314.t1	A	rna-XM_057797635.1	A
anno1.g12315.t1	A	rna-XM_057795264.1	A
anno1.g12316.t1	A	rna-XM_057816682.1	A
anno1.g12317.t1	A	rna-XM_057803581.1	A
anno1.g12318.t1	A	rna-XM_057810701.1	A
anno1.g12319.t1	A	rna-XM_057810699.1	A
anno1.g12320.t1	A	rna-XM_057816517.1	A
anno1.g12321.t1	A	rna-XM_057816522.1	A
anno1.g12323.t1	A	rna-XM_057795567.1	A
anno1.g12324.t1	A	rna-XM_057795566.1	A
anno1.g12325.t1	A	rna-XM_057803412.1	A
anno1.g12326.t1	A	rna-XM_057795246.1	A
anno1.g12327.t1	A	rna-XM_057813790.1	A
anno1.g12328.t1	A	rna-XM_057812980.1	A
anno1.g12329.t1	A	rna-XM_057802227.1	A
anno1.g12332.t1	A	rna-XM_057808373.1	A
anno1.g12333.t2	A	rna-XM_057797324.1	A
anno1.g12335.t1	A	rna-XM_057798406.1	A
anno1.g12336.t1	A	rna-XM_057796242.1	A
anno1.g12338.t1	A	rna-XM_057801965.1	A
anno1.g12339.t1	A	rna-XM_057801150.1	A
anno1.g12340.t1	A	rna-XM_057800398.1	A
anno1.g12342.t1	A	rna-XM_057810899.1	A
anno1.g12343.t1	A	rna-XM_057807672.1	A
anno1.g12346.t1	A	rna-XM_057808829.1	A
anno1.g12347.t1	A	rna-XM_057812003.1	A
anno1.g12348.t1	A	rna-XM_057812004.1	A
anno1.g12349.t1	A	rna-XM_057804622.1	A
anno1.g12351.t3	A	rna-XM_057804623.1	A
anno1.g12353.t1	A	rna-XM_057801754.1	A
anno1.g12354.t1	A	rna-XM_057813911.1	A
anno1.g12355.t1	A	rna-XM_057803506.1	A
anno1.g12356.t1	A	rna-XM_057803269.1	A
anno1.g12357.t1	A	rna-XM_057814239.1	A
anno1.g12358.t1	A	rna-XM_057803852.1	A
anno1.g12359.t1	A	rna-XM_057795577.1	A
anno1.g12360.t1	A	rna-XM_057808047.1	A
anno1.g12361.t1	A	rna-XM_057801802.1	A
anno1.g12362.t1	A	rna-XM_057801801.1	A
anno1.g12363.t2	A	rna-XM_057814235.1	A
anno1.g12364.t1	A	rna-XM_057814215.1	A
anno1.g12365.t1	A	rna-XM_057814214.1	A
anno1.g12366.t1	A	rna-XM_057814231.1	A
anno1.g12367.t2	A	rna-XM_057814202.1	A
anno1.g12368.t1	A	rna-XM_057814213.1	A
anno1.g12369.t1	A	rna-XM_057807404.1	X
anno1.g12370.t1	A	rna-XM_057814216.1	A
anno1.g12371.t2	A	rna-XM_057814225.1	A
anno1.g12372.t1	A	rna-XM_057801596.1	A
anno1.g12377.t1	A	rna-XM_057801818.1	A
anno1.g12378.t1	A	rna-XM_057801805.1	A
anno1.g12380.t1	A	rna-XM_057796012.1	A
anno1.g12381.t1	A	rna-XM_057809649.1	A
anno1.g12383.t1	A	rna-XM_057805813.1	A
anno1.g12384.t1	A	rna-XM_057805809.1	A
anno1.g12385.t1	A	rna-XM_057805811.1	A
anno1.g12386.t1	A	rna-XM_057805819.1	A
anno1.g12387.t1	A	rna-XM_057805777.1	A
anno1.g12388.t1	A	rna-XM_057813303.1	A
anno1.g12389.t1	A	rna-XM_057805467.1	A
anno1.g12390.t1	A	rna-XM_057805285.1	A
anno1.g12395.t2	A	rna-XM_057813047.1	A
anno1.g12396.t1	A	rna-XM_057804834.1	A
anno1.g12397.t4	A	rna-XM_057800292.1	A
anno1.g12399.t1	A	rna-XM_057815987.1	A
anno1.g12400.t1	A	rna-XM_057800317.1	A
anno1.g12401.t1	A	rna-XM_057797328.1	A
anno1.g12402.t1	A	rna-XM_057807675.1	A
anno1.g12403.t1	A	rna-XM_057816124.1	A
anno1.g12404.t1	A	rna-XM_057815813.1	A
anno1.g12406.t2	A	rna-XM_057816496.1	A
anno1.g12407.t1	A	rna-XM_057796438.1	A
anno1.g12408.t1	A	rna-XM_057795699.1	A
anno1.g12409.t1	A	rna-XM_057802724.1	A
anno1.g12412.t1	A	rna-XM_057795812.1	A
anno1.g12413.t2	A	rna-XM_057795674.1	A
anno1.g12414.t1	A	rna-XM_057795681.1	A
anno1.g12416.t1	A	rna-XM_057797696.1	A
anno1.g12417.t1	A	rna-XM_057797994.1	A
anno1.g12418.t1	A	rna-XM_057806736.1	A
anno1.g12420.t1	A	rna-XM_057816859.1	A
anno1.g12422.t1	A	rna-XM_057798603.1	A
anno1.g12431.t1	A	rna-XM_057809943.1	A
anno1.g12432.t1	A	rna-XM_057802608.1	A
anno1.g12435.t2	A	rna-XM_057795776.1	A
anno1.g12437.t1	A	rna-XM_057803496.1	A
anno1.g12438.t1	A	rna-XM_057796543.1	A
anno1.g12439.t1	A	rna-XM_057801442.1	A
anno1.g12440.t1	A	rna-XM_057806963.1	A
anno1.g12441.t1	A	rna-XM_057814451.1	A
anno1.g12442.t2	A	rna-XM_057812768.1	A
anno1.g12444.t1	A	rna-XM_057813892.1	A
anno1.g12445.t3	A	rna-XM_057813626.1	A
anno1.g12446.t1	A	rna-XM_057804799.1	A
anno1.g12451.t1	A	rna-XM_057797438.1	A
anno1.g12452.t1	A	rna-XM_057798687.1	A
anno1.g12453.t1	A	rna-XM_057802472.1	A
anno1.g12454.t1	A	rna-XM_057802483.1	A
anno1.g12455.t1	A	rna-XM_057811672.1	A
anno1.g12456.t1	A	rna-XM_057807266.1	A
anno1.g12457.t1	A	rna-XM_057813053.1	A
anno1.g12458.t1	A	rna-XM_057815667.1	A
anno1.g12459.t1	A	rna-XM_057799835.1	A
anno1.g12461.t1	A	rna-XM_057797852.1	A
anno1.g12462.t1	A	rna-XM_057800087.1	A
anno1.g12463.t1	A	rna-XM_057800005.1	A
anno1.g12464.t1	A	rna-XM_057812035.1	A
anno1.g12465.t1	A	rna-XM_057816540.1	A
anno1.g12466.t1	A	rna-XM_057816492.1	A
anno1.g12467.t1	A	rna-XM_057806737.1	A
anno1.g12468.t1	A	rna-XM_057816180.1	A
anno1.g12469.t1	A	rna-XM_057816173.1	A
anno1.g12470.t1	A	rna-XM_057800083.1	A
anno1.g12471.t1	A	rna-XM_057800085.1	A
anno1.g12472.t1	A	rna-XM_057811662.1	A
anno1.g12473.t1	A	rna-XM_057815027.1	A
anno1.g12474.t1	A	rna-XM_057815040.1	A
anno1.g12475.t2	A	rna-XM_057801504.1	A
anno1.g12476.t2	A	rna-XM_057804584.1	A
anno1.g12477.t1	A	rna-XM_057803899.1	A
anno1.g12478.t1	A	rna-XM_057804111.1	A
anno1.g12479.t1	A	rna-XM_057812252.1	A
anno1.g12480.t1	A	rna-XM_057798585.1	A
anno1.g12481.t1	A	rna-XM_057800053.1	A
anno1.g12482.t1	A	rna-XM_057814840.1	A
anno1.g12483.t2	A	rna-XM_057800089.1	A
anno1.g12485.t1	A	rna-XM_057800090.1	A
anno1.g12487.t1	A	rna-XM_057808215.1	A
anno1.g12488.t1	A	rna-XM_057800086.1	A
anno1.g12489.t1	A	rna-XM_057804365.1	A
anno1.g12491.t1	A	rna-XM_057803548.1	A
anno1.g12494.t1	A	rna-XM_057796634.1	A
anno1.g12500.t1	A	rna-XM_057798164.1	A
anno1.g12501.t1	A	rna-XM_057795019.1	A
anno1.g12502.t1	A	rna-XM_057815605.1	A
anno1.g12503.t1	A	rna-XM_057815683.1	A
anno1.g12510.t1	A	rna-XM_057801371.1	A
anno1.g12511.t2	A	rna-XM_057795517.1	A
anno1.g12512.t1	A	rna-XM_057801503.1	A
anno1.g12514.t1	A	rna-XM_057801507.1	A
anno1.g12515.t1	A	rna-XM_057808097.1	X
anno1.g12516.t1	A	rna-XM_057816444.1	A
anno1.g12517.t1	A	rna-XM_057806763.1	A
anno1.g12519.t1	A	rna-XM_057815603.1	A
anno1.g12526.t1	A	rna-XM_057804079.1	A
anno1.g12529.t1	A	rna-XM_057796259.1	A
anno1.g12530.t1	A	rna-XM_057796958.1	A
anno1.g12531.t1	A	rna-XM_057796711.1	A
anno1.g12532.t1	A	rna-XM_057806795.1	A
anno1.g12533.t1	A	rna-XM_057805167.1	A
anno1.g12534.t1	A	rna-XM_057797363.1	A
anno1.g12535.t1	A	rna-XM_057797360.1	A
anno1.g12536.t1	A	rna-XM_057797361.1	A
anno1.g12537.t1	A	rna-XM_057800006.1	A
anno1.g12538.t1	A	rna-XM_057795136.1	A
anno1.g12540.t1	A	rna-XM_057794862.1	A
anno1.g12541.t1	A	rna-XM_057816182.1	A
anno1.g12542.t1	A	rna-XM_057800082.1	A
anno1.g12543.t1	A	rna-XM_057800079.1	A
anno1.g12544.t1	A	rna-XM_057800073.1	A
anno1.g12545.t1	A	rna-XM_057800081.1	A
anno1.g12546.t1	A	rna-XM_057800072.1	A
anno1.g12547.t1	A	rna-XM_057800078.1	A
anno1.g12548.t1	A	rna-XM_057800074.1	A
anno1.g12552.t1	A	rna-XM_057800075.1	A
anno1.g12553.t1	A	rna-XM_057794899.1	A
anno1.g12554.t1	A	rna-XM_057797304.1	A
anno1.g12555.t1	A	rna-XM_057803742.1	A
anno1.g12556.t1	A	rna-XM_057800585.1	A
anno1.g12557.t1	A	rna-XM_057801207.1	A
anno1.g12559.t1	A	rna-XM_057801195.1	A
anno1.g12561.t1	A	rna-XM_057814029.1	A
anno1.g12564.t1	A	rna-XM_057816534.1	A
anno1.g12565.t1	A	rna-XM_057815555.1	A
anno1.g12566.t1	A	rna-XM_057815843.1	A
anno1.g12567.t1	A	rna-XM_057802981.1	A
anno1.g12568.t1	A	rna-XM_057797299.1	A
anno1.g12569.t1	A	rna-XM_057797269.1	A
anno1.g12570.t1	A	rna-XM_057796113.1	A
anno1.g12571.t1	A	rna-XM_057797206.1	A
anno1.g12575.t1	A	rna-XM_057800558.1	A
anno1.g12580.t1	A	rna-XM_057806688.1	A
anno1.g12582.t1	A	rna-XM_057811450.1	X
anno1.g12587.t1	A	rna-XM_057815322.1	Y
anno1.g12592.t1	A	rna-XM_057813693.1	X
anno1.g12593.t2	A	rna-XM_057799545.1	A
anno1.g12594.t1	A	rna-XM_057801595.1	A
anno1.g12595.t1	A	rna-XM_057804573.1	A
anno1.g12596.t1	A	rna-XM_057813801.1	A
anno1.g12597.t1	A	rna-XM_057814008.1	A
anno1.g12600.t1	A	rna-XM_057810949.1	A
anno1.g12601.t1	A	rna-XM_057813438.1	A
anno1.g12604.t1	A	rna-XM_057812678.1	A
anno1.g12605.t1	A	rna-XM_057812679.1	A
anno1.g12606.t1	A	rna-XM_057812553.1	A
anno1.g12607.t1	A	rna-XM_057806088.1	A
anno1.g12608.t1	A	rna-XM_057806093.1	A
anno1.g12610.t1	A	rna-XM_057806047.1	A
anno1.g12613.t7	A	rna-XM_057812570.1	A
anno1.g12619.t1	A	rna-XM_057806092.1	A
anno1.g12622.t2	A	rna-XM_057806250.1	A
anno1.g12625.t1	A	rna-XM_057802854.1	X
anno1.g12627.t1	A	rna-XM_057813239.1	A
anno1.g12629.t1	A	rna-XM_057797636.1	A
anno1.g12630.t1	A	rna-XM_057798131.1	A
anno1.g12631.t1	A	rna-XM_057798692.1	A
anno1.g12632.t1	A	rna-XM_057800164.1	A
anno1.g12633.t1	A	rna-XM_057797357.1	X
anno1.g12634.t1	A	rna-XM_057801267.1	A
anno1.g12635.t1	A	rna-XM_057804314.1	A
anno1.g12637.t2	A	rna-XM_057807287.1	A
anno1.g12638.t1	A	rna-XM_057806843.1	A
anno1.g12639.t1	A	rna-XM_057806858.1	A
anno1.g12640.t1	A	rna-XM_057807064.1	A
anno1.g12641.t1	A	rna-XM_057807067.1	A
anno1.g12645.t1	A	rna-XM_057807066.1	A
anno1.g12685.t1	A	rna-XM_057810968.1	A
anno1.g12690.t2	A	rna-XM_057814952.1	A
anno1.g12691.t2	A	rna-XM_057814951.1	A
anno1.g12693.t3	A	rna-XM_057813839.1	A
anno1.g12695.t1	A	rna-XM_057810967.1	A
anno1.g12696.t1	A	rna-XM_057805877.1	A
anno1.g12697.t1	A	rna-XM_057810966.1	A
anno1.g12698.t1	A	rna-XM_057814256.1	A
anno1.g12699.t1	A	rna-XM_057814084.1	A
anno1.g12700.t1	A	rna-XM_057813440.1	A
anno1.g12701.t1	A	rna-XM_057814990.1	A
anno1.g12703.t1	A	rna-XM_057815002.1	A
anno1.g12704.t1	A	rna-XM_057813231.1	A
anno1.g12705.t1	A	rna-XM_057813232.1	A
anno1.g12706.t1	A	rna-XM_057810329.1	A
anno1.g12707.t1	A	rna-XM_057811806.1	A
anno1.g12709.t1	A	rna-XM_057802822.1	A
anno1.g12711.t1	A	rna-XM_057802171.1	A
anno1.g12713.t1	A	rna-XM_057798620.1	A
anno1.g12714.t1	A	rna-XM_057800024.1	A
anno1.g12715.t1	A	rna-XM_057814791.1	A
anno1.g12716.t2	A	rna-XM_057810263.1	A
anno1.g12717.t1	A	rna-XM_057810354.1	A
anno1.g12718.t1	A	rna-XM_057810942.1	A
anno1.g12719.t1	A	rna-XM_057795088.1	A
anno1.g12720.t2	A	rna-XM_057816521.1	A
anno1.g12721.t1	A	rna-XM_057801758.1	A
anno1.g12722.t1	A	rna-XM_057815836.1	A
anno1.g12724.t3	A	rna-XM_057815835.1	A
anno1.g12725.t1	A	rna-XM_057816529.1	A
anno1.g12728.t1	A	rna-XM_057806411.1	A
anno1.g12729.t1	A	rna-XM_057809491.1	A
anno1.g12730.t1	A	rna-XM_057809627.1	A
anno1.g12731.t3	A	rna-XM_057802200.1	A
anno1.g12732.t2	A	rna-XM_057806435.1	A
anno1.g12733.t1	A	rna-XM_057813921.1	A
anno1.g12735.t1	A	rna-XM_057795570.1	A
anno1.g12736.t2	A	rna-XM_057795573.1	A
anno1.g12737.t1	A	rna-XM_057815921.1	A
anno1.g12738.t1	A	rna-XM_057803508.1	A
anno1.g12740.t1	A	rna-XM_057815925.1	A
anno1.g12742.t3	A	rna-XM_057815923.1	A
anno1.g12743.t1	A	rna-XM_057815926.1	A
anno1.g12744.t1	A	rna-XM_057796274.1	X
anno1.g12745.t2	A	rna-XM_057816649.1	A
anno1.g12746.t1	A	rna-XM_057815919.1	A
anno1.g12747.t1	A	rna-XM_057815918.1	A
anno1.g12748.t1	A	rna-XM_057801743.1	A
anno1.g12749.t1	A	rna-XM_057816760.1	A
anno1.g12750.t1	A	rna-XM_057809967.1	A
anno1.g12751.t1	A	rna-XM_057810345.1	A
anno1.g12752.t1	A	rna-XM_057810343.1	A
anno1.g12753.t2	A	rna-XM_057810342.1	A
anno1.g12754.t1	A	rna-XM_057809974.1	A
anno1.g12755.t2	A	rna-XM_057810347.1	A
anno1.g12756.t1	A	rna-XM_057803787.1	A
anno1.g12757.t1	A	rna-XM_057802203.1	A
anno1.g12758.t2	A	rna-XM_057802449.1	A
anno1.g12759.t1	A	rna-XM_057802452.1	A
anno1.g12760.t1	A	rna-XM_057810719.1	A
anno1.g12762.t1	A	rna-XM_057810717.1	A
anno1.g12763.t1	A	rna-XM_057812813.1	A
anno1.g12764.t1	A	rna-XM_057798006.1	A
anno1.g12765.t2	A	rna-XM_057801333.1	A
anno1.g12767.t2	A	rna-XM_057801329.1	A
anno1.g12768.t1	A	rna-XM_057798082.1	A
anno1.g12769.t1	A	rna-XM_057797909.1	A
anno1.g12770.t1	A	rna-XM_057798404.1	A
anno1.g12771.t2	A	rna-XM_057798134.1	A
anno1.g12772.t2	A	rna-XM_057797908.1	A
anno1.g12774.t1	A	rna-XM_057797690.1	A
anno1.g12775.t1	A	rna-XM_057797684.1	A
anno1.g12776.t1	A	rna-XM_057797683.1	A
anno1.g12777.t3	A	rna-XM_057808345.1	A
anno1.g12778.t1	A	rna-XM_057807750.1	A
anno1.g12779.t1	A	rna-XM_057807749.1	A
anno1.g12780.t1	A	rna-XM_057814966.1	A
anno1.g12781.t1	A	rna-XM_057808511.1	A
anno1.g12783.t2	A	rna-XM_057813733.1	A
anno1.g12784.t1	A	rna-XM_057809863.1	A
anno1.g12785.t1	A	rna-XM_057815291.1	Y
anno1.g12789.t1	A	rna-XM_057798189.1	A
anno1.g12791.t1	A	rna-XM_057806802.1	A
anno1.g12792.t1	A	rna-XM_057806806.1	A
anno1.g12793.t1	A	rna-XM_057804301.1	X
anno1.g12794.t1	A	rna-XM_057806727.1	A
anno1.g12796.t1	A	rna-XM_057799816.1	A
anno1.g12798.t1	A	rna-XM_057814476.1	X
anno1.g12800.t1	A	rna-XM_057800740.1	A
anno1.g12803.t1	A	rna-XM_057799429.1	A
anno1.g12806.t1	A	rna-XM_057799820.1	A
anno1.g12810.t1	A	rna-XM_057799822.1	A
anno1.g12813.t1	A	rna-XM_057809932.1	A
anno1.g12814.t1	A	rna-XM_057802173.1	A
anno1.g12815.t1	A	rna-XM_057803218.1	A
anno1.g12816.t1	A	rna-XM_057803226.1	A
anno1.g12817.t2	A	rna-XM_057803229.1	A
anno1.g12818.t2	A	rna-XM_057803211.1	A
anno1.g12819.t4	A	rna-XM_057803672.1	A
anno1.g12820.t1	A	rna-XM_057803670.1	A
anno1.g12821.t1	A	rna-XM_057803669.1	A
anno1.g12822.t1	A	rna-XM_057803188.1	A
anno1.g12823.t2	A	rna-XM_057803182.1	A
anno1.g12824.t1	A	rna-XM_057812936.1	A
anno1.g12825.t1	A	rna-XM_057816676.1	A
anno1.g12826.t1	A	rna-XM_057816721.1	A
anno1.g12829.t1	A	rna-XM_057815602.1	A
anno1.g12837.t1	A	rna-XM_057797955.1	A
anno1.g12840.t1	A	rna-XM_057803893.1	A
anno1.g12841.t1	A	rna-XM_057802552.1	A
anno1.g12842.t1	A	rna-XM_057799034.1	A
anno1.g12843.t1	A	rna-XM_057802442.1	A
anno1.g12844.t2	A	rna-XM_057802384.1	A
anno1.g12853.t1	A	rna-XM_057802237.1	A
anno1.g12854.t1	A	rna-XM_057799272.1	A
anno1.g12860.t1	A	rna-XM_057799274.1	A
anno1.g12861.t1	A	rna-XM_057808400.1	A
anno1.g12862.t1	A	rna-XM_057808394.1	A
anno1.g12865.t1	A	rna-XM_057816266.1	A
anno1.g12868.t1	A	rna-XM_057816475.1	A
anno1.g12869.t1	A	rna-XM_057815826.1	A
anno1.g12870.t1	A	rna-XM_057815807.1	A
anno1.g12872.t1	A	rna-XM_057795465.1	A
anno1.g12874.t1	A	rna-XM_057809318.1	A
anno1.g12876.t1	A	rna-XM_057807027.1	A
anno1.g12879.t1	A	rna-XM_057798599.1	A
anno1.g12881.t1	A	rna-XM_057797673.1	A
anno1.both_agree_g26688.t1	A	rna-XM_057806936.1	A
anno1.g12885.t1	A	rna-XM_057811454.1	A
anno1.g12886.t1	A	rna-XM_057806927.1	A
anno1.g12887.t1	A	rna-XM_057811249.1	A
anno1.g12888.t1	A	rna-XM_057808014.1	A
anno1.g12889.t1	A	rna-XM_057804665.1	A
anno1.g12890.t3	A	rna-XM_057794987.1	A
anno1.g12891.t1	A	rna-XM_057808013.1	A
anno1.g12892.t1	A	rna-XM_057811762.1	A
anno1.g12893.t1	A	rna-XM_057801870.1	A
anno1.g12894.t1	A	rna-XM_057806839.1	A
anno1.g12895.t1	A	rna-XM_057801865.1	A
anno1.g12896.t1	A	rna-XM_057801864.1	A
anno1.g12897.t1	A	rna-XM_057801863.1	A
anno1.g12899.t1	A	rna-XM_057801861.1	A
anno1.g12900.t1	A	rna-XM_057801862.1	A
anno1.g12901.t1	A	rna-XM_057807282.1	A
anno1.g12902.t1	A	rna-XM_057805993.1	A
anno1.g12904.t1	A	rna-XM_057806415.1	A
anno1.g12905.t1	A	rna-XM_057805978.1	A
anno1.g12906.t1	A	rna-XM_057805979.1	A
anno1.g12907.t1	A	rna-XM_057805340.1	A
anno1.g12910.t1	A	rna-XM_057801871.1	A
anno1.g12911.t1	A	rna-XM_057805628.1	A
anno1.g12921.t1	A	rna-XM_057805620.1	A
anno1.g12925.t1	A	rna-XM_057805568.1	A
anno1.g12928.t2	A	rna-XM_057805619.1	A
anno1.g12929.t1	A	rna-XM_057806253.1	A
anno1.g12930.t1	A	rna-XM_057815865.1	A
anno1.g12931.t1	A	rna-XM_057806469.1	A
anno1.g12932.t1	A	rna-XM_057806473.1	A
anno1.g12933.t1	A	rna-XM_057806467.1	A
anno1.g12934.t1	A	rna-XM_057805827.1	A
anno1.g12935.t1	A	rna-XM_057805992.1	A
anno1.g12936.t1	A	rna-XM_057805266.1	A
anno1.g12937.t4	A	rna-XM_057805267.1	A
anno1.g12938.t1	A	rna-XM_057805268.1	A
anno1.g12939.t1	A	rna-XM_057805272.1	A
anno1.g12940.t1	A	rna-XM_057806461.1	A
anno1.g12941.t1	A	rna-XM_057806463.1	A
anno1.g12942.t1	A	rna-XM_057806460.1	A
anno1.g12943.t1	A	rna-XM_057801825.1	A
anno1.g12945.t2	A	rna-XM_057814272.1	A
anno1.g12946.t1	A	rna-XM_057801824.1	A
anno1.g12947.t1	A	rna-XM_057801828.1	A
anno1.g12948.t1	A	rna-XM_057815059.1	A
anno1.g12950.t1	A	rna-XM_057801831.1	A
anno1.g12951.t1	A	rna-XM_057801835.1	A
anno1.g12952.t1	A	rna-XM_057796524.1	A
anno1.g12961.t1	A	rna-XM_057814238.1	A
anno1.g12963.t1	A	rna-XM_057803169.1	A
anno1.g12964.t1	A	rna-XM_057801463.1	A
anno1.g12965.t1	A	rna-XM_057798885.1	A
anno1.g12966.t1	A	rna-XM_057807829.1	A
anno1.g12968.t1	A	rna-XM_057798895.1	A
anno1.g12969.t1	A	rna-XM_057798896.1	A
anno1.g12971.t1	A	rna-XM_057802633.1	A
anno1.g12972.t1	A	rna-XM_057810112.1	A
anno1.g12973.t1	A	rna-XM_057814240.1	A
anno1.g12974.t1	A	rna-XM_057814236.1	A
anno1.g12975.t1	A	rna-XM_057801854.1	A
anno1.g12978.t1	A	rna-XM_057816675.1	A
anno1.g12979.t2	A	rna-XM_057816672.1	A
anno1.g12980.t1	A	rna-XM_057816671.1	A
anno1.g12981.t1	A	rna-XM_057815951.1	A
anno1.g12982.t1	A	rna-XM_057806016.1	A
anno1.g12983.t1	A	rna-XM_057805927.1	A
anno1.g12984.t1	A	rna-XM_057811128.1	A
anno1.g12988.t3	A	rna-XM_057816551.1	A
anno1.g12989.t1	A	rna-XM_057816548.1	A
anno1.g12992.t1	A	rna-XM_057815884.1	A
anno1.g12993.t1	A	rna-XM_057815851.1	A
anno1.g12995.t3	A	rna-XM_057816245.1	A
anno1.g13001.t1	A	rna-XM_057805417.1	A
anno1.g13002.t1	A	rna-XM_057805691.1	A
anno1.g13003.t2	A	rna-XM_057803395.1	A
anno1.g13004.t2	A	rna-XM_057808519.1	A
anno1.g13005.t2	A	rna-XM_057807029.1	X
anno1.g13009.t3	A	rna-XM_057813991.1	A
anno1.g13010.t1	A	rna-XM_057812740.1	A
anno1.g13012.t1	A	rna-XM_057801799.1	A
anno1.g13013.t1	A	rna-XM_057808032.1	A
anno1.g13014.t1	A	rna-XM_057799280.1	A
anno1.g13015.t2	A	rna-XM_057799851.1	A
anno1.g13016.t1	A	rna-XM_057808182.1	A
anno1.g13018.t1	A	rna-XM_057803175.1	A
anno1.g13019.t1	A	rna-XM_057801975.1	A
anno1.g13020.t1	A	rna-XM_057802100.1	A
anno1.g13021.t1	A	rna-XM_057810735.1	A
anno1.g13022.t1	A	rna-XM_057810730.1	A
anno1.g13023.t1	A	rna-XM_057801968.1	A
anno1.g13024.t1	A	rna-XM_057801978.1	A
anno1.g13025.t1	A	rna-XM_057798463.1	A
anno1.g13026.t1	A	rna-XM_057798152.1	A
anno1.g13028.t1	A	rna-XM_057797739.1	A
anno1.g13030.t1	A	rna-XM_057800052.1	A
anno1.g13032.t1	A	rna-XM_057800223.1	A
anno1.g13033.t1	A	rna-XM_057808895.1	A
anno1.g13034.t1	A	rna-XM_057808044.1	A
anno1.g13035.t1	A	rna-XM_057801538.1	A
anno1.g13036.t2	A	rna-XM_057801518.1	A
anno1.g13037.t1	A	rna-XM_057801522.1	A
anno1.g13038.t1	A	rna-XM_057798894.1	A
anno1.g13039.t1	A	rna-XM_057801547.1	A
anno1.g13040.t2	A	rna-XM_057803177.1	A
anno1.g13042.t1	A	rna-XM_057813997.1	A
anno1.g13043.t1	A	rna-XM_057814475.1	A
anno1.g13044.t1	A	rna-XM_057812715.1	A
anno1.g13045.t1	A	rna-XM_057813994.1	A
anno1.g13046.t1	A	rna-XM_057812045.1	A
anno1.g13048.t1	A	rna-XM_057799856.1	A
anno1.g13049.t1	A	rna-XM_057801790.1	A
anno1.g13052.t1	A	rna-XM_057805440.1	A
anno1.g13053.t1	A	rna-XM_057805438.1	A
anno1.g13054.t1	A	rna-XM_057806468.1	A
anno1.g13055.t1	A	rna-XM_057814453.1	A
anno1.g13056.t1	A	rna-XM_057814447.1	A
anno1.g13057.t1	A	rna-XM_057813381.1	A
anno1.g13059.t2	A	rna-XM_057813999.1	A
anno1.g13066.t3	A	rna-XM_057805322.1	A
anno1.g13067.t2	A	rna-XM_057805348.1	A
anno1.g13069.t1	A	rna-XM_057797927.1	A
anno1.g13072.t1	A	rna-XM_057812754.1	A
anno1.g13073.t2	A	rna-XM_057799499.1	A
anno1.g13074.t1	A	rna-XM_057799512.1	A
anno1.g13076.t1	A	rna-XM_057812826.1	A
anno1.g13077.t1	A	rna-XM_057813522.1	A
anno1.g13081.t1	A	rna-XM_057798175.1	A
anno1.g13082.t1	A	rna-XM_057803900.1	A
anno1.g13083.t1	A	rna-XM_057795372.1	A
anno1.g13087.t1	A	rna-XM_057808982.1	A
anno1.g13088.t1	A	rna-XM_057795383.1	A
anno1.g13089.t1	A	rna-XM_057795377.1	A
anno1.g13090.t2	A	rna-XM_057795376.1	A
anno1.g13091.t1	A	rna-XM_057808978.1	A
anno1.g13101.t1	A	rna-XM_057806154.1	A
anno1.g13102.t1	A	rna-XM_057798305.1	A
anno1.g13109.t1	A	rna-XM_057805825.1	A
anno1.g13110.t1	A	rna-XM_057802826.1	A
anno1.g13111.t1	A	rna-XM_057805828.1	A
anno1.g13112.t1	A	rna-XM_057813995.1	A
anno1.g13113.t2	A	rna-XM_057814003.1	A
anno1.g13114.t1	A	rna-XM_057814007.1	A
anno1.g13116.t2	A	rna-XM_057797837.1	A
anno1.g13119.t2	A	rna-XM_057814025.1	A
anno1.g13120.t1	A	rna-XM_057814031.1	A
anno1.g13121.t1	A	rna-XM_057814030.1	A
anno1.g13125.t1	A	rna-XM_057813000.1	A
anno1.g13131.t1	A	rna-XM_057801381.1	A
anno1.g13132.t1	A	rna-XM_057796441.1	A
anno1.g13134.t1	A	rna-XM_057814051.1	A
anno1.g13135.t2	A	rna-XM_057814789.1	A
anno1.g13136.t1	A	rna-XM_057813151.1	A
anno1.g13137.t1	A	rna-XM_057802734.1	A
anno1.g13138.t1	A	rna-XM_057798067.1	A
anno1.g13140.t1	A	rna-XM_057803090.1	A
anno1.g13141.t1	A	rna-XM_057796770.1	A
anno1.g13142.t1	A	rna-XM_057796896.1	A
anno1.g13145.t2	A	rna-XM_057795902.1	A
anno1.g13148.t1	A	rna-XM_057795721.1	A
anno1.g13149.t1	A	rna-XM_057816175.1	A
anno1.g13151.t1	A	rna-XM_057796753.1	A
anno1.g13152.t1	A	rna-XM_057816184.1	A
anno1.g13153.t1	A	rna-XM_057795440.1	A
anno1.g13154.t1	A	rna-XM_057795442.1	A
anno1.g13155.t1	A	rna-XM_057812413.1	A
anno1.g13156.t1	A	rna-XM_057812410.1	A
anno1.g13157.t3	A	rna-XM_057812404.1	A
anno1.g13161.t1	A	rna-XM_057812131.1	A
anno1.g13162.t1	A	rna-XM_057811924.1	A
anno1.g13165.t1	A	rna-XM_057812402.1	A
anno1.g13166.t1	A	rna-XM_057812403.1	A
anno1.g13167.t1	A	rna-XM_057816570.1	A
anno1.g13168.t1	A	rna-XM_057814167.1	A
anno1.g13169.t1	A	rna-XM_057811699.1	A
anno1.g13171.t1	A	rna-XM_057811923.1	A
anno1.g13173.t1	A	rna-XM_057807094.1	A
anno1.g13175.t1	A	rna-XM_057806699.1	A
anno1.g13176.t1	A	rna-XM_057806718.1	A
anno1.g13177.t1	A	rna-XM_057795265.1	A
anno1.g13178.t1	A	rna-XM_057806715.1	A
anno1.g13179.t1	A	rna-XM_057806714.1	A
anno1.g13180.t1	A	rna-XM_057806721.1	A
anno1.g13181.t1	A	rna-XM_057805057.1	A
anno1.g13183.t1	A	rna-XM_057804639.1	A
anno1.g13185.t1	A	rna-XM_057799747.1	X
anno1.g13186.t1	A	rna-XM_057813756.1	A
anno1.g13188.t1	A	rna-XM_057813752.1	A
anno1.g13189.t1	A	rna-XM_057804627.1	A
anno1.g13190.t1	A	rna-XM_057815137.1	A
anno1.g13191.t1	A	rna-XM_057815147.1	A
anno1.g13192.t1	A	rna-XM_057815144.1	A
anno1.g13193.t1	A	rna-XM_057810690.1	A
anno1.g13194.t1	A	rna-XM_057804071.1	A
anno1.g13195.t1	A	rna-XM_057805254.1	A
anno1.g13196.t1	A	rna-XM_057810758.1	A
anno1.g13197.t2	A	rna-XM_057806565.1	A
anno1.g13198.t1	A	rna-XM_057805451.1	A
anno1.g13202.t1	A	rna-XM_057806214.1	A
anno1.g13205.t1	A	rna-XM_057799252.1	X
anno1.g13208.t1	A	rna-XM_057810664.1	A
anno1.g13209.t1	A	rna-XM_057814989.1	A
anno1.g13210.t1	A	rna-XM_057811852.1	A
anno1.g13212.t1	A	rna-XM_057809490.1	A
anno1.g13213.t1	A	rna-XM_057814958.1	A
anno1.g13214.t3	A	rna-XM_057812802.1	A
anno1.g13216.t1	A	rna-XM_057798270.1	A
anno1.g13217.t1	A	rna-XM_057811288.1	A
anno1.g13218.t1	A	rna-XM_057805934.1	A
anno1.g13219.t1	A	rna-XM_057807112.1	X
anno1.g13220.t1	A	rna-XM_057807308.1	A
anno1.g13221.t1	A	rna-XM_057803014.1	A
anno1.g13222.t1	A	rna-XM_057802493.1	A
anno1.g13223.t1	A	rna-XM_057801886.1	A
anno1.g13224.t1	A	rna-XM_057807232.1	A
anno1.g13227.t1	A	rna-XM_057806819.1	A
anno1.g13231.t1	A	rna-XM_057807615.1	A
anno1.g13232.t2	A	rna-XM_057807606.1	A
anno1.g13234.t1	A	rna-XM_057807348.1	A
anno1.g13236.t1	A	rna-XM_057807349.1	A
anno1.g13237.t2	A	rna-XM_057806293.1	A
anno1.g13238.t1	A	rna-XM_057805181.1	A
anno1.g13239.t1	A	rna-XM_057808530.1	A
anno1.g13241.t1	A	rna-XM_057807918.1	A
anno1.g13242.t1	A	rna-XM_057807655.1	A
anno1.g13243.t1	A	rna-XM_057804728.1	X
anno1.g13245.t1	A	rna-XM_057811828.1	A
anno1.g13246.t1	A	rna-XM_057811831.1	A
anno1.g13247.t1	A	rna-XM_057807664.1	A
anno1.g13248.t3	A	rna-XM_057811821.1	A
anno1.g13249.t1	A	rna-XM_057811830.1	A
anno1.g13250.t1	A	rna-XM_057804618.1	A
anno1.g13251.t1	A	rna-XM_057808534.1	A
anno1.g13254.t1	A	rna-XM_057810473.1	A
anno1.g13256.t1	A	rna-XM_057808122.1	A
anno1.g13257.t1	A	rna-XM_057808119.1	A
anno1.g13259.t1	A	rna-XM_057808536.1	A
anno1.g13260.t1	A	rna-XM_057808537.1	A
anno1.g13261.t1	A	rna-XM_057808535.1	A
anno1.g13262.t1	A	rna-XM_057801074.1	A
anno1.g13263.t1	A	rna-XM_057801410.1	A
anno1.g13264.t1	A	rna-XM_057801441.1	A
anno1.g13265.t1	A	rna-XM_057801444.1	A
anno1.g13266.t1	A	rna-XM_057801446.1	A
anno1.g13267.t1	A	rna-XM_057810433.1	A
anno1.g13268.t1	A	rna-XM_057810429.1	A
anno1.g13269.t1	A	rna-XM_057810259.1	A
anno1.g13270.t1	A	rna-XM_057810023.1	A
anno1.g13271.t1	A	rna-XM_057803394.1	X
anno1.g13272.t1	A	rna-XM_057806781.1	A
anno1.g13273.t1	A	rna-XM_057803407.1	X
anno1.g13274.t1	A	rna-XM_057811920.1	A
anno1.g13275.t1	A	rna-XM_057802940.1	A
anno1.g13276.t1	A	rna-XM_057807665.1	A
anno1.g13277.t1	A	rna-XM_057797189.1	A
anno1.g13283.t1	A	rna-XM_057801697.1	A
anno1.g13285.t1	A	rna-XM_057808116.1	A
anno1.g13286.t1	A	rna-XM_057807662.1	A
anno1.g13287.t1	A	rna-XM_057807663.1	A
anno1.g13288.t2	A	rna-XM_057811820.1	A
anno1.g13289.t1	A	rna-XM_057811819.1	A
anno1.g13292.t2	A	rna-XM_057810820.1	A
anno1.g13293.t7	A	rna-XM_057810850.1	A
anno1.g13294.t2	A	rna-XM_057802002.1	A
anno1.g13295.t1	A	rna-XM_057816101.1	A
anno1.g13296.t1	A	rna-XM_057796993.1	A
anno1.g13298.t1	A	rna-XM_057796996.1	A
anno1.g13301.t1	A	rna-XM_057807297.1	A
anno1.g13304.t1	A	rna-XM_057807301.1	A
anno1.g13305.t1	A	rna-XM_057804405.1	A
anno1.g13306.t2	A	rna-XM_057803664.1	A
anno1.g13309.t1	A	rna-XM_057805457.1	A
anno1.g13313.t1	A	rna-XM_057808181.1	A
anno1.g13314.t1	A	rna-XM_057812507.1	A
anno1.g13315.t1	A	rna-XM_057814416.1	A
anno1.g13316.t1	A	rna-XM_057811650.1	A
anno1.g13317.t1	A	rna-XM_057800067.1	A
anno1.g13318.t1	A	rna-XM_057796091.1	A
anno1.g13319.t1	A	rna-XM_057805217.1	A
anno1.g13320.t1	A	rna-XM_057803099.1	A
anno1.g13321.t1	A	rna-XM_057805303.1	A
anno1.g13322.t2	A	rna-XM_057802193.1	A
anno1.g13323.t1	A	rna-XM_057804090.1	A
anno1.g13324.t2	A	rna-XM_057815529.1	A
anno1.g13325.t1	A	rna-XM_057816203.1	A
anno1.g13326.t1	A	rna-XM_057795943.1	A
anno1.g13327.t1	A	rna-XM_057795886.1	A
anno1.g13328.t1	A	rna-XM_057795662.1	A
anno1.g13329.t1	A	rna-XM_057796715.1	A
anno1.g13330.t1	A	rna-XM_057796718.1	A
anno1.g13331.t1	A	rna-XM_057799192.1	A
anno1.g13332.t1	A	rna-XM_057798161.1	A
anno1.g13333.t1	A	rna-XM_057798160.1	A
anno1.g13334.t1	A	rna-XM_057800263.1	A
anno1.g13335.t1	A	rna-XM_057807839.1	A
anno1.g13336.t1	A	rna-XM_057814921.1	A
anno1.g13337.t6	A	rna-XM_057795322.1	A
anno1.both_agree_g316.t1	A	rna-XM_057804414.1	X
anno1.g13341.t1	A	rna-XM_057810695.1	A
anno1.g13342.t1	A	rna-XM_057810665.1	A
anno1.g13344.t1	A	rna-XM_057800673.1	A
anno1.g13345.t2	A	rna-XM_057800389.1	A
anno1.g13346.t2	A	rna-XM_057800386.1	A
anno1.g13347.t1	A	rna-XM_057800387.1	A
anno1.g13350.t2	A	rna-XM_057800393.1	A
anno1.g13351.t1	A	rna-XM_057801383.1	A
anno1.g13352.t2	A	rna-XM_057800394.1	A
anno1.g13357.t1	A	rna-XM_057807711.1	A
anno1.g13358.t1	A	rna-XM_057807714.1	A
anno1.g13360.t2	A	rna-XM_057815917.1	A
anno1.g13361.t1	A	rna-XM_057804194.1	A
anno1.g13364.t2	A	rna-XM_057799735.1	A
anno1.g13365.t1	A	rna-XM_057794879.1	A
anno1.g13370.t1	A	rna-XM_057813829.1	A
anno1.g13371.t1	A	rna-XM_057812443.1	A
anno1.g13374.t1	A	rna-XM_057812001.1	A
anno1.g13375.t1	A	rna-XM_057811190.1	A
anno1.g13376.t2	A	rna-XM_057799012.1	A
anno1.g13377.t1	A	rna-XM_057808017.1	A
anno1.g13379.t2	A	rna-XM_057814945.1	A
anno1.g13380.t1	A	rna-XM_057798294.1	A
anno1.g13381.t2	A	rna-XM_057800325.1	A
anno1.g13382.t1	A	rna-XM_057809960.1	X
anno1.g13383.t1	A	rna-XM_057796357.1	X
anno1.g13384.t1	A	rna-XM_057795527.1	A
anno1.g13385.t1	A	rna-XM_057804920.1	A
anno1.g13386.t1	A	rna-XM_057803740.1	A
anno1.g13387.t1	A	rna-XM_057813167.1	A
anno1.g13388.t1	A	rna-XM_057811188.1	A
anno1.g13389.t1	A	rna-XM_057803744.1	A
anno1.g13390.t1	A	rna-XM_057814116.1	A
anno1.g13391.t1	A	rna-XM_057815687.1	A
anno1.g13392.t1	A	rna-XM_057795424.1	A
anno1.g13393.t1	A	rna-XM_057795421.1	A
anno1.g13395.t1	A	rna-XM_057801169.1	A
anno1.g13397.t1	A	rna-XM_057798935.1	A
anno1.g13401.t1	A	rna-XM_057798399.1	A
anno1.g13402.t1	A	rna-XM_057798705.1	A
anno1.g13404.t2	A	rna-XM_057799573.1	A
anno1.g13405.t1	A	rna-XM_057799571.1	A
anno1.g13407.t1	A	rna-XM_057795427.1	A
anno1.g13408.t1	A	rna-XM_057796869.1	A
anno1.g13409.t1	A	rna-XM_057796857.1	A
anno1.g13411.t1	A	rna-XM_057798493.1	A
anno1.g13412.t1	A	rna-XM_057796410.1	A
anno1.g13414.t2	A	rna-XM_057798942.1	A
anno1.g13415.t1	A	rna-XM_057797744.1	A
anno1.g13416.t1	A	rna-XM_057797988.1	A
anno1.g13418.t1	A	rna-XM_057800142.1	A
anno1.g13420.t1	A	rna-XM_057798939.1	A
anno1.g13421.t1	A	rna-XM_057798936.1	A
anno1.g13422.t1	A	rna-XM_057798402.1	A
anno1.g13425.t1	A	rna-XM_057797273.1	A
anno1.g13426.t1	A	rna-XM_057810089.1	A
anno1.g13427.t2	A	rna-XM_057808474.1	A
anno1.g13429.t1	A	rna-XM_057810749.1	A
anno1.g13430.t1	A	rna-XM_057810753.1	A
anno1.g13431.t1	A	rna-XM_057800407.1	X
anno1.g13432.t3	A	rna-XM_057815134.1	A
anno1.g13436.t1	A	rna-XM_057801270.1	A
anno1.g13439.t1	A	rna-XM_057801274.1	A
anno1.g13440.t1	A	rna-XM_057801275.1	A
anno1.g13441.t1	A	rna-XM_057809795.1	A
anno1.g13448.t1	A	rna-XM_057795313.1	A
anno1.g13451.t1	A	rna-XM_057814828.1	A
anno1.g13470.t1	A	rna-XM_057806402.1	A
anno1.g13472.t1	A	rna-XM_057796860.1	A
anno1.g13473.t1	A	rna-XM_057814837.1	A
anno1.g13476.t1	A	rna-XM_057816300.1	A
anno1.g13478.t1	A	rna-XM_057812457.1	A
anno1.g13481.t1	A	rna-XM_057815258.1	Y
anno1.g13483.t1	A	rna-XM_057804328.1	A
anno1.g13484.t1	A	rna-XM_057804782.1	A
anno1.g13487.t1	A	rna-XM_057796880.1	A
anno1.g13488.t1	A	rna-XM_057796882.1	A
anno1.g13489.t1	A	rna-XM_057806923.1	A
anno1.g13491.t1	A	rna-XM_057810733.1	A
anno1.g13494.t1	A	rna-XM_057796010.1	A
anno1.g13495.t1	A	rna-XM_057795883.1	A
anno1.both_agree_g557.t1	A	rna-XM_057795846.1	A
anno1.g13500.t1	A	rna-XM_057795950.1	A
anno1.g13509.t1	A	rna-XM_057810093.1	A
anno1.g13510.t1	A	rna-XM_057810131.1	A
anno1.g13513.t1	A	rna-XM_057810744.1	A
anno1.g13514.t1	A	rna-XM_057810767.1	A
anno1.g13520.t1	A	rna-XM_057810069.1	A
anno1.g13523.t1	A	rna-XM_057810015.1	A
anno1.g13524.t1	A	rna-XM_057810012.1	A
anno1.g13527.t1	A	rna-XM_057810764.1	A
anno1.g13528.t1	A	rna-XM_057810763.1	A
anno1.g13531.t1	A	rna-XM_057798927.1	A
anno1.g13533.t1	A	rna-XM_057797444.1	A
anno1.g13536.t1	A	rna-XM_057810445.1	A
anno1.g13537.t1	A	rna-XM_057810745.1	A
anno1.g13541.t1	A	rna-XM_057810266.1	A
anno1.g13545.t1	A	rna-XM_057810083.1	A
anno1.g13546.t1	A	rna-XM_057810425.1	A
anno1.g13547.t1	A	rna-XM_057810743.1	A
anno1.g13548.t1	A	rna-XM_057808477.1	A
anno1.g13551.t1	A	rna-XM_057797441.1	A
anno1.g13553.t1	A	rna-XM_057797439.1	A
anno1.g13555.t1	A	rna-XM_057808424.1	A
anno1.g13556.t2	A	rna-XM_057808422.1	A
anno1.g13558.t1	A	rna-XM_057797443.1	A
anno1.g13559.t1	A	rna-XM_057808470.1	A
anno1.g13560.t1	A	rna-XM_057808473.1	A
anno1.g13561.t1	A	rna-XM_057807915.1	A
anno1.g13562.t1	A	rna-XM_057807859.1	A
anno1.g13563.t2	A	rna-XM_057801431.1	A
anno1.g13564.t1	A	rna-XM_057800391.1	A
anno1.g13565.t1	A	rna-XM_057805209.1	A
anno1.g13566.t1	A	rna-XM_057794870.1	A
anno1.g13567.t1	A	rna-XM_057794869.1	A
anno1.g13568.t1	A	rna-XM_057815964.1	A
anno1.g13575.t1	A	rna-XM_057815862.1	X
anno1.g13576.t1	A	rna-XM_057802186.1	X
anno1.g13577.t1	A	rna-XM_057795973.1	A
anno1.g13583.t1	A	rna-XM_057796747.1	A
anno1.g13587.t1	A	rna-XM_057815160.1	Y
anno1.g13588.t2	A	rna-XM_057807925.1	X
anno1.g13589.t1	A	rna-XM_057807803.1	X
anno1.g13591.t1	A	rna-XM_057803042.1	A
anno1.g13595.t1	A	rna-XM_057803038.1	A
anno1.g13596.t1	A	rna-XM_057810688.1	A
anno1.g13597.t1	A	rna-XM_057798773.1	A
anno1.g13599.t1	A	rna-XM_057802612.1	A
anno1.g13600.t1	A	rna-XM_057806983.1	A
anno1.g13601.t1	A	rna-XM_057795429.1	A
anno1.g13602.t1	A	rna-XM_057815232.1	A
anno1.g13603.t2	A	rna-XM_057795051.1	A
anno1.g13604.t1	A	rna-XM_057795058.1	A
anno1.g13605.t1	A	rna-XM_057795055.1	A
anno1.g13607.t1	A	rna-XM_057795356.1	A
anno1.g13608.t1	A	rna-XM_057816281.1	A
anno1.g13609.t1	A	rna-XM_057806594.1	X
anno1.g13610.t1	A	rna-XM_057803348.1	X
anno1.g13611.t1	A	rna-XM_057794952.1	A
anno1.g13612.t1	A	rna-XM_057795311.1	A
anno1.g13613.t1	A	rna-XM_057810022.1	A
anno1.g13614.t1	A	rna-XM_057810421.1	A
anno1.g13615.t1	A	rna-XM_057810450.1	A
anno1.g13616.t1	A	rna-XM_057810021.1	A
anno1.g13617.t1	A	rna-XM_057796863.1	A
anno1.g13618.t2	A	rna-XM_057809987.1	A
anno1.g13619.t1	A	rna-XM_057802865.1	A
anno1.g13620.t1	A	rna-XM_057805456.1	A
anno1.g13625.t1	A	rna-XM_057814752.1	A
anno1.g13626.t1	A	rna-XM_057808431.1	A
anno1.g13628.t1	A	rna-XM_057796430.1	A
anno1.g13629.t1	A	rna-XM_057795734.1	A
anno1.g13630.t1	A	rna-XM_057795641.1	A
anno1.g13631.t1	A	rna-XM_057796227.1	A
anno1.g13637.t1	A	rna-XM_057808432.1	A
anno1.g13638.t2	A	rna-XM_057808433.1	A
anno1.g13639.t3	A	rna-XM_057796285.1	A
anno1.g13640.t1	A	rna-XM_057796827.1	A
anno1.g13641.t1	A	rna-XM_057804389.1	A
anno1.g13643.t3	A	rna-XM_057796936.1	A
anno1.g13644.t4	A	rna-XM_057796815.1	A
anno1.g13646.t1	A	rna-XM_057808423.1	A
anno1.g13648.t2	A	rna-XM_057806773.1	A
anno1.g13650.t1	A	rna-XM_057801084.1	A
anno1.g13651.t2	A	rna-XM_057803072.1	A
anno1.g13652.t1	A	rna-XM_057816334.1	A
anno1.g13655.t1	A	rna-XM_057795309.1	A
anno1.g13656.t1	A	rna-XM_057813543.1	A
anno1.g13657.t1	A	rna-XM_057808016.1	A
anno1.g13658.t1	A	rna-XM_057807699.1	A
anno1.g13659.t1	A	rna-XM_057801565.1	A
anno1.g13660.t1	A	rna-XM_057809262.1	A
anno1.g13661.t1	A	rna-XM_057798497.1	A
anno1.g13662.t2	A	rna-XM_057816901.1	A
anno1.g13663.t1	A	rna-XM_057802837.1	A
anno1.g13664.t1	A	rna-XM_057802838.1	A
anno1.g13665.t1	A	rna-XM_057800400.1	A
anno1.g13666.t1	A	rna-XM_057802239.1	A
anno1.g13667.t1	A	rna-XM_057803745.1	A
anno1.g13668.t2	A	rna-XM_057802438.1	A
anno1.g13669.t2	A	rna-XM_057811812.1	A
anno1.g13671.t1	A	rna-XM_057812806.1	A
anno1.g13672.t1	A	rna-XM_057809976.1	A
anno1.g13673.t1	A	rna-XM_057802839.1	A
anno1.g13674.t1	A	rna-XM_057800696.1	A
anno1.g13675.t1	A	rna-XM_057807886.1	A
anno1.g13676.t1	A	rna-XM_057805669.1	A
anno1.g13677.t1	A	rna-XM_057798929.1	A
anno1.g13678.t1	A	rna-XM_057795983.1	A
anno1.g13679.t1	A	rna-XM_057795995.1	A
anno1.g13680.t1	A	rna-XM_057795990.1	A
anno1.g13681.t1	A	rna-XM_057795992.1	A
anno1.g13682.t1	A	rna-XM_057795988.1	A
anno1.g13684.t1	A	rna-XM_057805310.1	A
anno1.g13685.t1	A	rna-XM_057795310.1	A
anno1.g13686.t1	A	rna-XM_057810862.1	A
anno1.g13691.t1	A	rna-XM_057805168.1	A
anno1.g13694.t1	A	rna-XM_057802731.1	A
anno1.g13696.t1	A	rna-XM_057796831.1	A
anno1.g13706.t1	A	rna-XM_057814783.1	A
anno1.g13709.t1	A	rna-XM_057804091.1	A
anno1.g13710.t1	A	rna-XM_057804451.1	A
anno1.g13712.t1	A	rna-XM_057798371.1	A
anno1.g13713.t1	A	rna-XM_057808979.1	A
anno1.g13714.t1	A	rna-XM_057815395.1	A
anno1.g13715.t1	A	rna-XM_057806430.1	A
anno1.g13716.t1	A	rna-XM_057806584.1	A
anno1.g13717.t1	A	rna-XM_057806429.1	A
anno1.g13718.t1	A	rna-XM_057800661.1	A
anno1.g13719.t1	A	rna-XM_057805492.1	A
anno1.g13720.t1	A	rna-XM_057805501.1	A
anno1.g13723.t1	A	rna-XM_057805546.1	A
anno1.g13725.t3	A	rna-XM_057806457.1	A
anno1.g13726.t1	A	rna-XM_057806458.1	A
anno1.g13729.t1	A	rna-XM_057813163.1	A
anno1.g13730.t1	A	rna-XM_057813153.1	A
anno1.g13733.t2	A	rna-XM_057811913.1	A
anno1.g13734.t1	A	rna-XM_057811910.1	A
anno1.g13736.t2	A	rna-XM_057810638.1	A
anno1.g13738.t1	A	rna-XM_057814106.1	A
anno1.g13739.t2	A	rna-XM_057810639.1	A
anno1.g13741.t1	A	rna-XM_057813764.1	A
anno1.g13742.t1	A	rna-XM_057813758.1	A
anno1.g13745.t1	A	rna-XM_057812084.1	A
anno1.g13746.t1	A	rna-XM_057814049.1	A
anno1.g13747.t1	A	rna-XM_057814788.1	A
anno1.g13749.t1	A	rna-XM_057811293.1	A
anno1.g13750.t1	A	rna-XM_057811291.1	A
anno1.g13751.t2	A	rna-XM_057814047.1	A
anno1.g13753.t1	A	rna-XM_057795649.1	A
anno1.g13754.t2	A	rna-XM_057814706.1	X
anno1.g13755.t2	A	rna-XM_057814658.1	X
anno1.g13756.t1	A	rna-XM_057796490.1	A
anno1.g13757.t1	A	rna-XM_057796144.1	A
anno1.g13758.t1	A	rna-XM_057795658.1	A
anno1.g13760.t1	A	rna-XM_057795813.1	A
anno1.g13761.t1	A	rna-XM_057795948.1	A
anno1.g13762.t1	A	rna-XM_057798870.1	A
anno1.g13763.t1	A	rna-XM_057795947.1	A
anno1.g13764.t1	A	rna-XM_057795957.1	A
anno1.g13767.t2	A	rna-XM_057798604.1	A
anno1.g13768.t1	A	rna-XM_057805544.1	A
anno1.g13769.t1	A	rna-XM_057796468.1	X
anno1.g13770.t1	A	rna-XM_057802031.1	A
anno1.g13771.t1	A	rna-XM_057797191.1	A
anno1.g13772.t1	A	rna-XM_057815421.1	A
anno1.g13773.t3	A	rna-XM_057811927.1	A
anno1.g13774.t1	A	rna-XM_057811934.1	A
anno1.g13775.t2	A	rna-XM_057811932.1	A
anno1.g13778.t1	A	rna-XM_057811938.1	A
anno1.g13783.t1	A	rna-XM_057811939.1	A
anno1.g13785.t1	A	rna-XM_057811945.1	A
anno1.g13788.t1	A	rna-XM_057814620.1	A
anno1.g13789.t1	A	rna-XM_057811959.1	A
anno1.g13791.t2	A	rna-XM_057811967.1	A
anno1.g13792.t1	A	rna-XM_057811948.1	A
anno1.g13793.t1	A	rna-XM_057811964.1	A
anno1.g13794.t1	A	rna-XM_057811965.1	A
anno1.g13795.t1	A	rna-XM_057811963.1	A
anno1.g13796.t1	A	rna-XM_057811960.1	A
anno1.g13798.t1	A	rna-XM_057807841.1	A
anno1.g13799.t1	A	rna-XM_057807670.1	A
anno1.g13800.t1	A	rna-XM_057807320.1	A
anno1.g13801.t1	A	rna-XM_057807713.1	A
anno1.g13802.t1	A	rna-XM_057807671.1	A
anno1.g13803.t1	A	rna-XM_057799792.1	A
anno1.g13805.t1	A	rna-XM_057807789.1	A
anno1.g13806.t1	A	rna-XM_057808507.1	A
anno1.g13807.t1	A	rna-XM_057798465.1	A
anno1.g13808.t1	A	rna-XM_057810656.1	A
anno1.g13810.t9	A	rna-XM_057805039.1	A
anno1.g13811.t1	A	rna-XM_057810692.1	A
anno1.g13812.t1	A	rna-XM_057809768.1	A
anno1.g13813.t1	A	rna-XM_057806585.1	A
anno1.g13814.t1	A	rna-XM_057794903.1	X
anno1.g13815.t2	A	rna-XM_057806926.1	X
anno1.g13816.t1	A	rna-XM_057806949.1	X
anno1.g13817.t1	A	rna-XM_057798683.1	A
anno1.g13818.t1	A	rna-XM_057798635.1	A
anno1.g13820.t1	A	rna-XM_057798631.1	A
anno1.g13821.t1	A	rna-XM_057798632.1	A
anno1.g13822.t3	A	rna-XM_057798629.1	A
anno1.g13824.t1	A	rna-XM_057798841.1	A
anno1.g13825.t1	A	rna-XM_057810810.1	A
anno1.g13827.t1	A	rna-XM_057798065.1	A
anno1.g13828.t2	A	rna-XM_057799626.1	A
anno1.g13829.t1	A	rna-XM_057799625.1	A
anno1.g13830.t1	A	rna-XM_057798704.1	A
anno1.g13833.t3	A	rna-XM_057810081.1	A
anno1.g13834.t1	A	rna-XM_057795319.1	A
anno1.g13835.t1	A	rna-XM_057806909.1	A
anno1.g13836.t1	A	rna-XM_057801797.1	A
anno1.g13837.t1	A	rna-XM_057807045.1	A
anno1.g13838.t1	A	rna-XM_057795254.1	A
anno1.g13839.t1	A	rna-XM_057807242.1	A
anno1.g13841.t1	A	rna-XM_057806723.1	A
anno1.g13844.t1	A	rna-XM_057806675.1	A
anno1.g13848.t1	A	rna-XM_057806311.1	A
anno1.g13849.t2	A	rna-XM_057811657.1	X
anno1.g13853.t1	A	rna-XM_057806177.1	X
anno1.g13854.t1	A	rna-XM_057808306.1	A
anno1.g13855.t6	A	rna-XM_057808307.1	A
anno1.g13857.t1	A	rna-XM_057805405.1	A
anno1.g13859.t1	A	rna-XM_057799145.1	A
anno1.g13861.t1	A	rna-XM_057807856.1	A
anno1.g13864.t2	A	rna-XM_057806236.1	A
anno1.g13865.t1	A	rna-XM_057805558.1	A
anno1.g13866.t1	A	rna-XM_057807343.1	X
anno1.g13867.t1	A	rna-XM_057815013.1	X
anno1.g13868.t1	A	rna-XM_057806907.1	X
anno1.g13869.t1	A	rna-XM_057806968.1	X
anno1.g13870.t2	A	rna-XM_057809493.1	A
anno1.g13871.t1	A	rna-XM_057809523.1	A
anno1.g13872.t1	A	rna-XM_057803537.1	A
anno1.g13878.t1	A	rna-XM_057816583.1	A
anno1.g13880.t1	A	rna-XM_057816467.1	A
anno1.g13881.t1	A	rna-XM_057809306.1	A
anno1.g13882.t1	A	rna-XM_057803822.1	A
anno1.g13883.t1	A	rna-XM_057809414.1	A
anno1.g13884.t1	A	rna-XM_057809489.1	A
anno1.g13896.t1	A	rna-XM_057796442.1	A
anno1.g13899.t2	A	rna-XM_057816592.1	A
anno1.g13904.t1	A	rna-XM_057796386.1	A
anno1.g13906.t2	A	rna-XM_057798361.1	A
anno1.g13907.t1	A	rna-XM_057795913.1	A
anno1.g13909.t1	A	rna-XM_057795629.1	A
anno1.g13910.t1	A	rna-XM_057802232.1	A
anno1.g13911.t1	A	rna-XM_057814992.1	A
anno1.g13912.t1	A	rna-XM_057803940.1	A
anno1.g13913.t1	A	rna-XM_057811292.1	X
anno1.g13916.t1	A	rna-XM_057811351.1	A
anno1.g13917.t2	A	rna-XM_057803522.1	A
anno1.g13918.t1	A	rna-XM_057803536.1	A
anno1.g13919.t1	A	rna-XM_057809042.1	A
anno1.g13920.t1	A	rna-XM_057816275.1	A
anno1.g13921.t1	A	rna-XM_057798618.1	A
anno1.g13922.t1	A	rna-XM_057803830.1	A
anno1.g13923.t2	A	rna-XM_057811276.1	X
anno1.g13930.t2	A	rna-XM_057814168.1	A
anno1.g13931.t1	A	rna-XM_057814597.1	A
anno1.g13934.t4	A	rna-XM_057797813.1	X
anno1.g13936.t1	A	rna-XM_057797824.1	X
anno1.g13938.t1	A	rna-XM_057803751.1	A
anno1.g13939.t3	A	rna-XM_057816515.1	A
anno1.g13940.t2	A	rna-XM_057811659.1	A
anno1.g13941.t2	A	rna-XM_057811127.1	A
anno1.g13942.t1	A	rna-XM_057810823.1	A
anno1.g13943.t1	A	rna-XM_057811848.1	A
anno1.g13944.t2	A	rna-XM_057811849.1	A
anno1.g13945.t4	A	rna-XM_057802324.1	A
anno1.g13946.t1	A	rna-XM_057810819.1	A
anno1.g13947.t1	A	rna-XM_057814441.1	A
anno1.g13949.t1	A	rna-XM_057813489.1	A
anno1.g13950.t1	A	rna-XM_057802011.1	A
anno1.g13951.t1	A	rna-XM_057813494.1	A
anno1.g13952.t1	A	rna-XM_057812974.1	A
anno1.g13954.t1	A	rna-XM_057812935.1	A
anno1.g13955.t1	A	rna-XM_057812933.1	A
anno1.g13956.t1	A	rna-XM_057812657.1	A
anno1.g13957.t1	A	rna-XM_057812655.1	A
anno1.g13958.t1	A	rna-XM_057814622.1	A
anno1.g13959.t2	A	rna-XM_057814628.1	A
anno1.g13960.t1	A	rna-XM_057812219.1	A
anno1.g13961.t1	A	rna-XM_057815064.1	A
anno1.g13962.t1	A	rna-XM_057810679.1	A
anno1.g13965.t1	A	rna-XM_057813783.1	A
anno1.g13966.t1	A	rna-XM_057810186.1	A
anno1.g13967.t1	A	rna-XM_057813817.1	A
anno1.g13968.t1	A	rna-XM_057810671.1	A
anno1.g13969.t1	A	rna-XM_057807209.1	A
anno1.g13973.t1	A	rna-XM_057798523.1	A
anno1.g13976.t1	A	rna-XM_057798151.1	A
anno1.g13978.t1	A	rna-XM_057797987.1	A
anno1.g13979.t1	A	rna-XM_057811078.1	A
anno1.g13980.t1	A	rna-XM_057805240.1	A
anno1.g13981.t1	A	rna-XM_057804678.1	A
anno1.g13982.t1	A	rna-XM_057798390.1	A
anno1.g13983.t2	A	rna-XM_057804684.1	A
anno1.g13984.t2	A	rna-XM_057812596.1	X
anno1.g13985.t1	A	rna-XM_057804984.1	A
anno1.g13986.t1	A	rna-XM_057804985.1	A
anno1.g13987.t1	A	rna-XM_057800415.1	A
anno1.g13988.t1	A	rna-XM_057805059.1	A
anno1.g13990.t1	A	rna-XM_057807934.1	A
anno1.g13991.t2	A	rna-XM_057803920.1	A
anno1.g13993.t1	A	rna-XM_057804189.1	A
anno1.g13996.t1	A	rna-XM_057804681.1	A
anno1.g14019.t1	A	rna-XM_057802794.1	A
anno1.g14035.t1	A	rna-XM_057798187.1	A
anno1.g14040.t1	A	rna-XM_057803489.1	A
anno1.g14049.t1	A	rna-XM_057812152.1	A
anno1.g14056.t1	A	rna-XM_057806623.1	A
anno1.g14124.t2	A	rna-XM_057813374.1	A
anno1.g14126.t1	A	rna-XM_057805309.1	A
anno1.g14127.t2	A	rna-XM_057808384.1	A
anno1.g14130.t1	A	rna-XM_057811832.1	A
anno1.g14133.t1	A	rna-XM_057804916.1	X
anno1.g14134.t1	A	rna-XM_057805006.1	X
anno1.g14135.t1	A	rna-XM_057805161.1	X
anno1.g14137.t2	A	rna-XM_057815672.1	A
anno1.g14139.t2	A	rna-XM_057805054.1	X
anno1.g14140.t1	A	rna-XM_057799189.1	A
anno1.g14141.t1	A	rna-XM_057816033.1	A
anno1.g14143.t1	A	rna-XM_057810137.1	A
anno1.g14145.t1	A	rna-XM_057799540.1	A
anno1.g14151.t1	A	rna-XM_057815161.1	Y
anno1.g14152.t1	A	rna-XM_057797365.1	A
anno1.g14153.t1	A	rna-XM_057797372.1	A
anno1.g14154.t2	A	rna-XM_057797858.1	A
anno1.g14155.t1	A	rna-XM_057805766.1	A
anno1.g14156.t2	A	rna-XM_057797734.1	A
anno1.g14157.t1	A	rna-XM_057798330.1	A
anno1.g14158.t1	A	rna-XM_057794858.1	A
anno1.g14159.t1	A	rna-XM_057795805.1	A
anno1.g14160.t1	A	rna-XM_057811679.1	A
anno1.g14161.t1	A	rna-XM_057805051.1	A
anno1.g14162.t1	A	rna-XM_057810914.1	A
anno1.g14163.t2	A	rna-XM_057810930.1	A
anno1.g14167.t1	A	rna-XM_057813170.1	A
anno1.g14168.t2	A	rna-XM_057807979.1	A
anno1.g14169.t1	A	rna-XM_057812305.1	A
anno1.g14170.t1	A	rna-XM_057815278.1	Y
anno1.g14171.t1	A	rna-XM_057812984.1	A
anno1.g14173.t1	A	rna-XM_057810895.1	A
anno1.g14174.t1	A	rna-XM_057798986.1	A
anno1.g14175.t1	A	rna-XM_057794934.1	A
anno1.g14177.t1	A	rna-XM_057800309.1	A
anno1.g14178.t1	A	rna-XM_057797878.1	A
anno1.g14180.t3	A	rna-XM_057800679.1	A
anno1.g14181.t1	A	rna-XM_057800643.1	A
anno1.g14183.t1	A	rna-XM_057800653.1	A
anno1.g14185.t1	A	rna-XM_057800243.1	A
anno1.g14186.t1	A	rna-XM_057797642.1	A
anno1.g14187.t1	A	rna-XM_057800651.1	A
anno1.g14196.t1	A	rna-XM_057811384.1	A
anno1.g14199.t1	A	rna-XM_057807535.1	A
anno1.g14200.t1	A	rna-XM_057798431.1	A
anno1.g14202.t1	A	rna-XM_057795207.1	A
anno1.g14203.t1	A	rna-XM_057801136.1	A
anno1.g14204.t1	A	rna-XM_057804837.1	A
anno1.g14205.t2	A	rna-XM_057807683.1	A
anno1.g14213.t1	A	rna-XM_057803437.1	A
anno1.g14216.t1	A	rna-XM_057809231.1	A
anno1.g14226.t1	A	rna-XM_057815763.1	A
anno1.g14227.t4	A	rna-XM_057816855.1	A
anno1.g14228.t1	A	rna-XM_057800152.1	A
anno1.g14229.t1	A	rna-XM_057801795.1	A
anno1.g14230.t1	A	rna-XM_057799825.1	A
anno1.g14231.t1	A	rna-XM_057814445.1	A
anno1.g14235.t1	A	rna-XM_057811687.1	A
anno1.g14236.t1	A	rna-XM_057811014.1	A
anno1.g14237.t1	A	rna-XM_057815685.1	A
anno1.g14238.t2	A	rna-XM_057811438.1	A
anno1.g14242.t1	A	rna-XM_057813318.1	A
anno1.g14246.t2	A	rna-XM_057813664.1	A
anno1.g14247.t1	A	rna-XM_057813320.1	A
anno1.g14249.t4	A	rna-XM_057813322.1	A
anno1.g14251.t1	A	rna-XM_057796361.1	A
anno1.g14253.t1	A	rna-XM_057795533.1	A
anno1.g14254.t1	A	rna-XM_057811385.1	A
anno1.g14255.t1	A	rna-XM_057810398.1	A
anno1.g14256.t1	A	rna-XM_057811405.1	A
anno1.g14261.t1	A	rna-XM_057811396.1	A
anno1.g14262.t1	A	rna-XM_057813932.1	A
anno1.g14263.t1	A	rna-XM_057797792.1	A
anno1.g14264.t1	A	rna-XM_057813584.1	A
anno1.g14265.t1	A	rna-XM_057813574.1	A
anno1.g14266.t2	A	rna-XM_057813598.1	A
anno1.g14268.t1	A	rna-XM_057812958.1	A
anno1.g14270.t1	A	rna-XM_057798636.1	A
anno1.g14271.t1	A	rna-XM_057798691.1	A
anno1.g14272.t1	A	rna-XM_057798681.1	A
anno1.g14273.t1	A	rna-XM_057805088.1	X
anno1.g14281.t1	A	rna-XM_057806112.1	A
anno1.g14286.t1	A	rna-XM_057807757.1	A
anno1.g14287.t1	A	rna-XM_057798261.1	A
anno1.g14290.t1	A	rna-XM_057807278.1	A
anno1.g14291.t1	A	rna-XM_057804109.1	X
anno1.g14292.t1	A	rna-XM_057806120.1	A
anno1.g14293.t1	A	rna-XM_057810687.1	A
anno1.g14294.t1	A	rna-XM_057797868.1	A
anno1.g14295.t2	A	rna-XM_057813796.1	A
anno1.g14300.t1	A	rna-XM_057805499.1	A
anno1.g14308.t1	A	rna-XM_057801808.1	A
anno1.g14310.t1	A	rna-XM_057812637.1	A
anno1.g14311.t1	A	rna-XM_057798515.1	A
anno1.g14312.t1	A	rna-XM_057811516.1	A
anno1.g14314.t1	A	rna-XM_057807082.1	A
anno1.g14315.t1	A	rna-XM_057800895.1	A
anno1.g14324.t1	A	rna-XM_057795855.1	A
anno1.g14326.t1	A	rna-XM_057803492.1	A
anno1.g14327.t1	A	rna-XM_057799493.1	A
anno1.g14337.t1	A	rna-XM_057812923.1	A
anno1.g14342.t1	A	rna-XM_057816938.1	A
anno1.g14356.t1	A	rna-XM_057805822.1	A
anno1.g14364.t1	A	rna-XM_057803372.1	A
anno1.g14370.t1	A	rna-XM_057808644.1	A
anno1.g14372.t1	A	rna-XM_057799646.1	A
anno1.g14377.t2	A	rna-XM_057795355.1	A
anno1.g14380.t1	A	rna-XM_057816767.1	A
anno1.g14384.t1	A	rna-XM_057813222.1	A
anno1.g14385.t1	A	rna-XM_057810285.1	A
anno1.g14389.t1	A	rna-XM_057795698.1	A
anno1.g14390.t2	A	rna-XM_057795792.1	A
anno1.g14391.t1	A	rna-XM_057795794.1	A
anno1.g14392.t1	A	rna-XM_057796581.1	A
anno1.g14394.t1	A	rna-XM_057805638.1	A
anno1.g14400.t2	A	rna-XM_057804148.1	A
anno1.g14401.t1	A	rna-XM_057814932.1	A
anno1.g14403.t1	A	rna-XM_057814929.1	A
anno1.g14404.t1	A	rna-XM_057814928.1	A
anno1.g14410.t1	A	rna-XM_057806304.1	X
anno1.g14411.t2	A	rna-XM_057798886.1	A
anno1.g14412.t1	A	rna-XM_057795224.1	A
anno1.g14413.t1	A	rna-XM_057798521.1	A
anno1.g14414.t1	A	rna-XM_057815899.1	A
anno1.g14415.t1	A	rna-XM_057815898.1	A
anno1.g14416.t1	A	rna-XM_057816497.1	A
anno1.g14419.t1	A	rna-XM_057809244.1	A
anno1.g14420.t1	A	rna-XM_057807501.1	A
anno1.g14421.t1	A	rna-XM_057799205.1	A
anno1.g14422.t1	A	rna-XM_057815371.1	A
anno1.g14423.t1	A	rna-XM_057815379.1	A
anno1.g14425.t1	A	rna-XM_057815897.1	A
anno1.g14426.t1	A	rna-XM_057806103.1	A
anno1.g14427.t1	A	rna-XM_057806101.1	A
anno1.g14428.t1	A	rna-XM_057805807.1	A
anno1.g14429.t1	A	rna-XM_057805814.1	A
anno1.g14431.t1	A	rna-XM_057801820.1	A
anno1.g14432.t1	A	rna-XM_057815708.1	A
anno1.g14433.t1	A	rna-XM_057795504.1	A
anno1.g14434.t1	A	rna-XM_057795929.1	A
anno1.g14435.t1	A	rna-XM_057801656.1	A
anno1.g14440.t1	A	rna-XM_057813351.1	A
anno1.g14441.t1	A	rna-XM_057812436.1	A
anno1.g14445.t2	A	rna-XM_057804399.1	A
anno1.g14447.t1	A	rna-XM_057808008.1	A
anno1.g14450.t2	A	rna-XM_057815887.1	A
anno1.g14452.t1	A	rna-XM_057798009.1	A
anno1.g14453.t1	A	rna-XM_057798464.1	A
anno1.g14454.t1	A	rna-XM_057806086.1	A
anno1.g14470.t1	Y	rna-XM_057802624.1	A
anno1.g14472.t1	X	rna-XM_057810286.1	A
anno1.g14475.t1	A	rna-XM_057815692.1	A
anno1.g14479.t1	A	rna-XM_057805955.1	A
anno1.g14486.t1	A	rna-XM_057813685.1	A
anno1.g14488.t2	A	rna-XM_057813683.1	A
anno1.g14489.t1	A	rna-XM_057813676.1	A
anno1.g14492.t1	A	rna-XM_057813679.1	A
anno1.g14495.t5	A	rna-XM_057814795.1	A
anno1.g14497.t2	A	rna-XM_057813402.1	A
anno1.g14499.t1	A	rna-XM_057814874.1	A
anno1.g14500.t2	A	rna-XM_057814851.1	A
anno1.g14503.t1	A	rna-XM_057814875.1	A
anno1.g14504.t1	A	rna-XM_057816648.1	X
anno1.g14505.t2	A	rna-XM_057816562.1	X
anno1.g14510.t1	A	rna-XM_057813134.1	X
anno1.g14517.t1	A	rna-XM_057811677.1	A
anno1.g14520.t1	A	rna-XM_057804184.1	A
anno1.g14534.t1	A	rna-XM_057809435.1	A
anno1.g14536.t1	A	rna-XM_057804244.1	A
anno1.g14540.t1	A	rna-XM_057813902.1	A
anno1.g14548.t1	A	rna-XM_057796765.1	A
anno1.g14549.t1	A	rna-XM_057796769.1	A
anno1.g14551.t1	A	rna-XM_057795881.1	A
anno1.g14557.t1	A	rna-XM_057812541.1	A
anno1.g14558.t1	A	rna-XM_057801546.1	A
anno1.g14565.t1	A	rna-XM_057805044.1	A
anno1.g14571.t1	A	rna-XM_057798280.1	A
anno1.g14579.t1	A	rna-XM_057813265.1	A
anno1.g14580.t1	A	rna-XM_057807246.1	A
anno1.g14582.t1	A	rna-XM_057798625.1	A
anno1.g14588.t1	A	rna-XM_057806916.1	A
anno1.g14589.t1	A	rna-XM_057807269.1	A
anno1.g14595.t1	A	rna-XM_057796760.1	A
anno1.g14596.t1	A	rna-XM_057796469.1	A
anno1.g14597.t2	A	rna-XM_057808353.1	A
anno1.g14599.t1	A	rna-XM_057798778.1	A
anno1.g14604.t1	A	rna-XM_057802365.1	A
anno1.g14606.t1	A	rna-XM_057801891.1	A
anno1.g14608.t1	A	rna-XM_057809813.1	A
anno1.g14612.t6	A	rna-XM_057799423.1	A
anno1.g14616.t1	A	rna-XM_057814832.1	A
anno1.g14621.t1	A	rna-XM_057804371.1	A
anno1.g14622.t2	A	rna-XM_057806353.1	A
anno1.g14623.t1	A	rna-XM_057808700.1	A
anno1.g14624.t1	A	rna-XM_057799860.1	A
anno1.g14625.t2	A	rna-XM_057799929.1	A
anno1.g14626.t1	A	rna-XM_057804385.1	A
anno1.g14627.t1	A	rna-XM_057800516.1	A
anno1.g14630.t1	A	rna-XM_057811908.1	A
anno1.g14636.t1	A	rna-XM_057809759.1	A
anno1.g14637.t1	A	rna-XM_057809728.1	A
anno1.g14638.t2	A	rna-XM_057806228.1	A
anno1.g14639.t1	A	rna-XM_057807974.1	A
anno1.g14640.t1	A	rna-XM_057806231.1	A
anno1.g14644.t1	A	rna-XM_057800096.1	A
anno1.g14659.t2	A	rna-XM_057807471.1	A
anno1.g14662.t1	A	rna-XM_057806915.1	A
anno1.g14667.t1	A	rna-XM_057802040.1	A
anno1.g14670.t1	A	rna-XM_057798838.1	A
anno1.g14675.t1	A	rna-XM_057806761.1	A
anno1.g14679.t1	A	rna-XM_057806281.1	A
anno1.g14681.t1	A	rna-XM_057797099.1	A
anno1.g14683.t1	A	rna-XM_057804771.1	A
anno1.g14689.t1	A	rna-XM_057804765.1	A
anno1.g14691.t2	A	rna-XM_057811640.1	A
anno1.g14692.t1	A	rna-XM_057811637.1	A
anno1.g14693.t2	A	rna-XM_057811639.1	A
anno1.g14694.t1	A	rna-XM_057813164.1	A
anno1.g14695.t1	A	rna-XM_057799729.1	A
anno1.g14697.t1	A	rna-XM_057812239.1	A
anno1.g14698.t1	A	rna-XM_057800137.1	A
anno1.g14702.t2	A	rna-XM_057811508.1	A
anno1.g14705.t1	A	rna-XM_057811504.1	A
anno1.g14706.t1	A	rna-XM_057811494.1	A
anno1.g14707.t1	A	rna-XM_057797898.1	A
anno1.g14711.t1	A	rna-XM_057811763.1	A
anno1.g14712.t1	A	rna-XM_057799541.1	A
anno1.g14720.t1	A	rna-XM_057797526.1	A
anno1.g14722.t1	A	rna-XM_057796941.1	A
anno1.g14729.t1	A	rna-XM_057802144.1	A
anno1.g14730.t1	A	rna-XM_057802140.1	A
anno1.g14731.t1	A	rna-XM_057802142.1	A
anno1.g14743.t1	A	rna-XM_057815858.1	A
anno1.g14744.t1	A	rna-XM_057816248.1	A
anno1.g14745.t1	A	rna-XM_057795300.1	A
anno1.g14750.t1	A	rna-XM_057800397.1	A
anno1.g14755.t1	A	rna-XM_057802492.1	A
anno1.g14756.t1	A	rna-XM_057802294.1	A
anno1.g14761.t1	A	rna-XM_057797506.1	A
anno1.g14762.t1	A	rna-XM_057807802.1	A
anno1.g14768.t1	A	rna-XM_057805358.1	A
anno1.g14774.t1	A	rna-XM_057803794.1	A
anno1.g14784.t1	A	rna-XM_057809771.1	A
anno1.g14785.t1	A	rna-XM_057809029.1	A
anno1.g14786.t1	A	rna-XM_057809024.1	A
anno1.g14788.t2	A	rna-XM_057804995.1	A
anno1.g14789.t1	A	rna-XM_057806959.1	A
anno1.g14797.t1	A	rna-XM_057809605.1	A
anno1.g14798.t1	A	rna-XM_057806027.1	A
anno1.g14800.t1	A	rna-XM_057811986.1	A
anno1.g14806.t1	A	rna-XM_057806119.1	A
anno1.g14816.t1	A	rna-XM_057812221.1	A
anno1.g14819.t1	A	rna-XM_057800846.1	A
anno1.g14820.t1	A	rna-XM_057798328.1	A
anno1.g14821.t1	A	rna-XM_057812301.1	A
anno1.g14822.t1	A	rna-XM_057795695.1	A
anno1.g14823.t1	A	rna-XM_057796964.1	A
anno1.g14834.t1	A	rna-XM_057814014.1	A
anno1.g14835.t1	A	rna-XM_057797335.1	A
anno1.g14840.t1	A	rna-XM_057812114.1	A
