A_obtectus	chromosome	B_siliquastri	chromosome
anno1.g1.t1	A	BRAKERILHT00000011050	A
anno1.g2.t1	A	BRAKERILHT00000010651	A
anno1.g3.t1	A	BRAKERILHT00000010748	A
anno1.g4.t1	A	BRAKERILHT00000010567	A
anno1.g5.t1	A	BRAKERILHT00000010853	A
anno1.g6.t1	A	BRAKERILHT00000011279	A
anno1.g7.t7	A	BRAKERILHT00000011786	A
anno1.g8.t1	A	BRAKERILHT00000012101	A
anno1.g10.t1	A	BRAKERILHT00000011750	A
anno1.g11.t1	A	BRAKERILHT00000011369	A
anno1.g12.t1	A	BRAKERILHT00000010589	A
anno1.g14.t1	A	BRAKERILHT00000011635	A
anno1.g17.t1	A	BRAKERILHT00000011326	A
anno1.g18.t1	A	BRAKERILHT00000010469	A
anno1.g19.t1	A	BRAKERILHT00000011009	A
anno1.g21.t1	A	BRAKERILHT00000010696	A
anno1.g22.t1	A	BRAKERILHT00000011236	A
anno1.g23.t1	A	BRAKERILHT00000011879	A
anno1.g24.t1	A	BRAKERILHT00000012209	A
anno1.g27.t1	A	BRAKERILHT00000011134	A
anno1.g28.t1	A	BRAKERILHT00000011614	A
anno1.g37.t1	A	BRAKERILHT00000011620	A
anno1.g38.t1	A	BRAKERILHT00000011331	A
anno1.g39.t2	A	BRAKERILHT00000011695	A
anno1.g40.t1	A	BRAKERILHT00000012284	A
anno1.g43.t1	A	BRAKERILHT00000010899	A
anno1.g45.t1	A	BRAKERILHT00000011412	A
anno1.g48.t2	A	BRAKERILHT00000010817	A
anno1.g50.t1	A	BRAKERILHT00000011353	A
anno1.g54.t1	A	BRAKERILHT00000010645	A
anno1.g55.t1	A	BRAKERILHT00000011083	A
anno1.g56.t1	A	BRAKERILHT00000011681	A
anno1.g57.t1	A	BRAKERILHT00000010652	A
anno1.g58.t1	A	BRAKERILHT00000012211	A
anno1.g60.t1	A	BRAKERILHT00000017263	X
anno1.g61.t1	A	BRAKERILHT00000012217	A
anno1.g62.t1	A	BRAKERILHT00000010827	A
anno1.g65.t1	A	BRAKERILHT00000011801	A
anno1.g66.t1	A	BRAKERILHT00000011245	A
anno1.g67.t1	A	BRAKERILHT00000010935	A
anno1.g68.t1	A	BRAKERILHT00000017142	X
anno1.g71.t1	A	BRAKERILHT00000011586	A
anno1.g73.t1	A	BRAKERILHT00000011508	A
anno1.g75.t1	A	BRAKERILHT00000011085	A
anno1.g76.t1	A	BRAKERILHT00000011960	A
anno1.g78.t3	A	BRAKERILHT00000011294	A
anno1.g80.t1	A	BRAKERILHT00000011857	A
anno1.g81.t1	A	BRAKERILHT00000012317	A
anno1.g82.t1	A	BRAKERILHT00000010801	A
anno1.g83.t1	A	BRAKERILHT00000010989	A
anno1.g85.t1	A	BRAKERILHT00000012093	A
anno1.g86.t1	A	BRAKERILHT00000011176	A
anno1.g87.t1	A	BRAKERILHT00000012061	A
anno1.g88.t1	A	BRAKERILHT00000010863	A
anno1.g89.t2	A	BRAKERILHT00000011706	A
anno1.g90.t1	A	BRAKERILHT00000010595	A
anno1.g91.t1	A	BRAKERILHT00000010810	A
anno1.g92.t2	A	BRAKERILHT00000012063	A
anno1.g93.t1	A	BRAKERILHT00000011380	A
anno1.g94.t1	A	BRAKERILHT00000011206	A
anno1.g95.t1	A	BRAKERILHT00000010598	A
anno1.g96.t1	A	BRAKERILHT00000010528	A
anno1.g97.t1	A	BRAKERILHT00000011957	A
anno1.g98.t1	A	BRAKERILHT00000011506	A
anno1.g99.t1	A	BRAKERILHT00000012201	A
anno1.g100.t1	A	BRAKERILHT00000011093	A
anno1.g101.t1	A	BRAKERILHT00000012347	A
anno1.g102.t1	A	BRAKERILHT00000014793	A
anno1.g105.t1	A	BRAKERILHT00000012123	A
anno1.g106.t1	A	BRAKERILHT00000010893	A
anno1.g107.t1	A	BRAKERILHT00000011043	A
anno1.g109.t1	A	BRAKERILHT00000011705	A
anno1.g110.t1	A	BRAKERILHT00000011873	A
anno1.g111.t1	A	BRAKERILHT00000011881	A
anno1.g112.t1	A	BRAKERILHT00000012150	A
anno1.g113.t1	A	BRAKERILHT00000010920	A
anno1.g114.t1	A	BRAKERILHT00000011607	A
anno1.g115.t1	A	BRAKERILHT00000011982	A
anno1.g116.t1	A	BRAKERILHT00000011754	A
anno1.g117.t1	A	BRAKERILHT00000012265	A
anno1.g118.t1	A	BRAKERILHT00000010509	A
anno1.g119.t3	A	BRAKERILHT00000011450	A
anno1.g121.t1	A	BRAKERILHT00000012117	A
anno1.g123.t1	A	BRAKERILHT00000010615	A
anno1.g126.t1	A	BRAKERILHT00000012146	A
anno1.g130.t1	A	BRAKERILHT00000011625	A
anno1.g131.t3	A	BRAKERILHT00000011684	A
anno1.g135.t1	A	BRAKERILHT00000012320	A
anno1.g136.t1	A	BRAKERILHT00000011086	A
anno1.g146.t2	A	BRAKERILHT00000011014	A
anno1.g149.t1	A	BRAKERILHT00000011861	A
anno1.g152.t1	A	BRAKERILHT00000011951	A
anno1.g158.t1	A	BRAKERILHT00000011221	A
anno1.g159.t1	A	BRAKERILHT00000011566	A
anno1.g161.t1	A	BRAKERILHT00000010454	A
anno1.g165.t1	A	BRAKERILHT00000010666	A
anno1.g166.t1	A	BRAKERILHT00000012309	A
anno1.g168.t1	A	BRAKERILHT00000011773	A
anno1.g169.t1	A	BRAKERILHT00000011472	A
anno1.g173.t1	A	BRAKERILHT00000012346	A
anno1.g174.t1	A	BRAKERILHT00000011389	A
anno1.g175.t1	A	BRAKERILHT00000011335	A
anno1.g178.t1	A	BRAKERILHT00000012222	A
anno1.g179.t1	A	BRAKERILHT00000010681	A
anno1.g180.t1	A	BRAKERILHT00000011590	A
anno1.g181.t1	A	BRAKERILHT00000010457	A
anno1.g182.t1	A	BRAKERILHT00000011112	A
anno1.g183.t1	A	BRAKERILHT00000011548	A
anno1.g184.t1	A	BRAKERILHT00000010427	A
anno1.g185.t1	A	BRAKERILHT00000011358	A
anno1.g186.t1	A	BRAKERILHT00000012191	A
anno1.g187.t1	A	BRAKERILHT00000011398	A
anno1.g188.t2	A	BRAKERILHT00000012050	A
anno1.g189.t1	A	BRAKERILHT00000011672	A
anno1.g190.t1	A	BRAKERILHT00000012229	A
anno1.g191.t1	A	BRAKERILHT00000010594	A
anno1.g192.t1	A	BRAKERILHT00000011123	A
anno1.g193.t1	A	BRAKERILHT00000011408	A
anno1.g194.t1	A	BRAKERILHT00000011258	A
anno1.g197.t2	A	BRAKERILHT00000010501	A
anno1.g198.t1	A	BRAKERILHT00000011848	A
anno1.g199.t1	A	BRAKERILHT00000010682	A
anno1.g200.t1	A	BRAKERILHT00000012296	A
anno1.g202.t1	A	BRAKERILHT00000011691	A
anno1.g204.t1	A	BRAKERILHT00000011154	A
anno1.g205.t1	A	BRAKERILHT00000011414	A
anno1.g206.t1	A	BRAKERILHT00000011726	A
anno1.g207.t2	A	BRAKERILHT00000011876	A
anno1.g208.t1	A	BRAKERILHT00000010519	A
anno1.g209.t1	A	BRAKERILHT00000011019	A
anno1.g210.t1	A	BRAKERILHT00000011567	A
anno1.g211.t1	A	BRAKERILHT00000012065	A
anno1.g212.t2	A	BRAKERILHT00000011166	A
anno1.g213.t2	A	BRAKERILHT00000011860	A
anno1.g214.t1	A	BRAKERILHT00000012202	A
anno1.g215.t1	A	BRAKERILHT00000012300	A
anno1.g216.t1	A	BRAKERILHT00000010572	A
anno1.g217.t2	A	BRAKERILHT00000010577	A
anno1.g218.t1	A	BRAKERILHT00000011411	A
anno1.g219.t1	A	BRAKERILHT00000011006	A
anno1.g220.t1	A	BRAKERILHT00000012076	A
anno1.g222.t1	A	BRAKERILHT00000011300	A
anno1.g224.t1	A	BRAKERILHT00000010640	A
anno1.g225.t1	A	BRAKERILHT00000012187	A
anno1.g226.t1	A	BRAKERILHT00000010921	A
anno1.g227.t1	A	BRAKERILHT00000011546	A
anno1.g228.t2	A	BRAKERILHT00000011989	A
anno1.g229.t1	A	BRAKERILHT00000010716	A
anno1.g230.t1	A	BRAKERILHT00000011120	A
anno1.g231.t1	A	BRAKERILHT00000010579	A
anno1.g233.t1	A	BRAKERILHT00000011423	A
anno1.g234.t1	A	BRAKERILHT00000011723	A
anno1.g235.t1	A	BRAKERILHT00000010513	A
anno1.g236.t1	A	BRAKERILHT00000012267	A
anno1.g237.t1	A	BRAKERILHT00000011400	A
anno1.g238.t1	A	BRAKERILHT00000010756	A
anno1.g239.t1	A	BRAKERILHT00000010706	A
anno1.g240.t1	A	BRAKERILHT00000011812	A
anno1.g241.t1	A	BRAKERILHT00000012082	A
anno1.g242.t1	A	BRAKERILHT00000011755	A
anno1.g244.t2	A	BRAKERILHT00000012302	A
anno1.g250.t2	A	BRAKERILHT00000012282	A
anno1.g252.t3	A	BRAKERILHT00000011269	A
anno1.g253.t1	A	BRAKERILHT00000012032	A
anno1.g257.t1	A	BRAKERILHT00000012102	A
anno1.g267.t1	A	BRAKERILHT00000010620	A
anno1.g268.t1	A	BRAKERILHT00000012090	A
anno1.g269.t1	A	BRAKERILHT00000011433	A
anno1.g271.t2	A	BRAKERILHT00000012022	A
anno1.g273.t1	A	BRAKERILHT00000010916	A
anno1.g276.t2	A	BRAKERILHT00000011936	A
anno1.g278.t2	A	BRAKERILHT00000011089	A
anno1.g283.t1	A	BRAKERILHT00000011214	A
anno1.g286.t1	A	BRAKERILHT00000010812	A
anno1.g290.t1	A	BRAKERILHT00000010553	A
anno1.g292.t1	A	BRAKERILHT00000010744	A
anno1.g297.t1	A	BRAKERILHT00000011887	A
anno1.g299.t1	A	BRAKERILHT00000012151	A
anno1.g300.t1	A	BRAKERILHT00000007640	A
anno1.g307.t1	A	BRAKERILHT00000010737	A
anno1.g308.t1	A	BRAKERILHT00000011141	A
anno1.g309.t1	A	BRAKERILHT00000011752	A
anno1.g314.t1	A	BRAKERILHT00000011998	A
anno1.g315.t1	A	BRAKERILHT00000010502	A
anno1.g316.t1	A	BRAKERILHT00000011181	A
anno1.g317.t1	A	BRAKERILHT00000011574	A
anno1.g319.t1	A	BRAKERILHT00000012294	A
anno1.g320.t1	A	BRAKERILHT00000011956	A
anno1.g321.t1	A	BRAKERILHT00000010650	A
anno1.g322.t2	A	BRAKERILHT00000011256	A
anno1.g325.t1	A	BRAKERILHT00000010795	A
anno1.g326.t1	A	BRAKERILHT00000011474	A
anno1.g327.t1	A	BRAKERILHT00000011537	A
anno1.g328.t1	A	BRAKERILHT00000008298	A
anno1.g330.t1	A	BRAKERILHT00000010693	A
anno1.g331.t1	A	BRAKERILHT00000010467	A
anno1.g333.t1	A	BRAKERILHT00000011664	A
anno1.g334.t1	A	BRAKERILHT00000011131	A
anno1.g336.t1	A	BRAKERILHT00000011544	A
anno1.g337.t1	A	BRAKERILHT00000011702	A
anno1.g338.t1	A	BRAKERILHT00000011430	A
anno1.g339.t1	A	BRAKERILHT00000010622	A
anno1.g340.t2	A	BRAKERILHT00000010912	A
anno1.g342.t1	A	BRAKERILHT00000012013	A
anno1.g346.t1	A	BRAKERILHT00000011568	A
anno1.g354.t1	A	BRAKERILHT00000010844	A
anno1.g359.t1	A	BRAKERILHT00000010601	A
anno1.g360.t2	A	BRAKERILHT00000011132	A
anno1.g361.t1	A	BRAKERILHT00000012024	A
anno1.g364.t1	A	BRAKERILHT00000010674	A
anno1.g365.t1	A	BRAKERILHT00000011323	A
anno1.g366.t1	A	BRAKERILHT00000011016	A
anno1.g368.t1	A	BRAKERILHT00000012070	A
anno1.g370.t2	A	BRAKERILHT00000010578	A
anno1.g371.t1	A	BRAKERILHT00000011218	A
anno1.g372.t1	A	BRAKERILHT00000012041	A
anno1.g373.t1	A	BRAKERILHT00000011507	A
anno1.g375.t2	A	BRAKERILHT00000010969	A
anno1.g377.t2	A	BRAKERILHT00000010511	A
anno1.g379.t1	A	BRAKERILHT00000011263	A
anno1.g380.t1	A	BRAKERILHT00000010858	A
anno1.g382.t1	A	BRAKERILHT00000011612	A
anno1.g383.t1	A	BRAKERILHT00000012035	A
anno1.g384.t1	A	BRAKERILHT00000011859	A
anno1.g385.t1	A	BRAKERILHT00000010896	A
anno1.g386.t1	A	BRAKERILHT00000011034	A
anno1.g387.t3	A	BRAKERILHT00000012306	A
anno1.g389.t1	A	BRAKERILHT00000011833	A
anno1.g390.t2	A	BRAKERILHT00000011542	A
anno1.g391.t1	A	BRAKERILHT00000010498	A
anno1.g392.t1	A	BRAKERILHT00000010735	A
anno1.g393.t1	A	BRAKERILHT00000012298	A
anno1.g401.t1	A	BRAKERILHT00000011690	A
anno1.g405.t2	A	BRAKERILHT00000011762	A
anno1.g407.t1	A	BRAKERILHT00000011997	A
anno1.g408.t1	A	BRAKERILHT00000011168	A
anno1.g409.t1	A	BRAKERILHT00000011479	A
anno1.g410.t1	A	BRAKERILHT00000012220	A
anno1.g411.t1	A	BRAKERILHT00000010843	A
anno1.g412.t1	A	BRAKERILHT00000011142	A
anno1.g414.t1	A	BRAKERILHT00000012281	A
anno1.g415.t1	A	BRAKERILHT00000011634	A
anno1.g416.t1	A	BRAKERILHT00000012012	A
anno1.g417.t1	A	BRAKERILHT00000012193	A
anno1.g418.t2	A	BRAKERILHT00000010691	A
anno1.g419.t1	A	BRAKERILHT00000011370	A
anno1.g420.t1	A	BRAKERILHT00000012069	A
anno1.g421.t1	A	BRAKERILHT00000010807	A
anno1.g422.t1	A	BRAKERILHT00000011015	A
anno1.g424.t1	A	BRAKERILHT00000012141	A
anno1.g425.t2	A	BRAKERILHT00000011718	A
anno1.g427.t3	A	BRAKERILHT00000011996	A
anno1.g435.t1	A	BRAKERILHT00000010903	A
anno1.g436.t2	A	BRAKERILHT00000010490	A
anno1.g441.t1	A	BRAKERILHT00000011247	A
anno1.g443.t1	A	BRAKERILHT00000011798	A
anno1.g444.t1	A	BRAKERILHT00000010539	A
anno1.g445.t1	A	BRAKERILHT00000011923	A
anno1.g446.t1	A	BRAKERILHT00000010983	A
anno1.g447.t1	A	BRAKERILHT00000011461	A
anno1.g448.t1	A	BRAKERILHT00000012334	A
anno1.g449.t1	A	BRAKERILHT00000010815	A
anno1.g452.t1	A	BRAKERILHT00000012016	A
anno1.g457.t2	A	BRAKERILHT00000011058	A
anno1.g458.t1	A	BRAKERILHT00000011594	A
anno1.g460.t1	A	BRAKERILHT00000011647	A
anno1.g461.t2	A	BRAKERILHT00000012241	A
anno1.g466.t2	A	BRAKERILHT00000012197	A
anno1.g469.t1	A	BRAKERILHT00000011087	A
anno1.g470.t1	A	BRAKERILHT00000011382	A
anno1.g471.t1	A	BRAKERILHT00000010967	A
anno1.g472.t1	A	BRAKERILHT00000011516	A
anno1.g473.t2	A	BRAKERILHT00000011104	A
anno1.g475.t1	A	BRAKERILHT00000010725	A
anno1.g476.t1	A	BRAKERILHT00000010826	A
anno1.g477.t1	A	BRAKERILHT00000011985	A
anno1.g478.t1	A	BRAKERILHT00000010833	A
anno1.g484.t1	A	BRAKERILHT00000011200	A
anno1.g485.t1	A	BRAKERILHT00000011004	A
anno1.g487.t1	A	BRAKERILHT00000010452	A
anno1.g493.t2	A	BRAKERILHT00000010950	A
anno1.g494.t1	A	BRAKERILHT00000011174	A
anno1.g498.t1	A	BRAKERILHT00000011399	A
anno1.g499.t2	A	BRAKERILHT00000011383	A
anno1.g501.t1	A	BRAKERILHT00000010766	A
anno1.g502.t1	A	BRAKERILHT00000012310	A
anno1.g511.t1	A	BRAKERILHT00000011208	A
anno1.g512.t1	A	BRAKERILHT00000010671	A
anno1.g514.t1	A	BRAKERILHT00000010699	A
anno1.g515.t2	A	BRAKERILHT00000012214	A
anno1.g518.t1	A	BRAKERILHT00000010570	A
anno1.g519.t1	A	BRAKERILHT00000010820	A
anno1.both_agree_g3233.t2	A	BRAKERILHT00000012053	A
anno1.g521.t1	A	BRAKERILHT00000011633	A
anno1.g522.t1	A	BRAKERILHT00000010683	A
anno1.g523.t1	A	BRAKERILHT00000012185	A
anno1.g524.t2	A	BRAKERILHT00000011939	A
anno1.g525.t1	A	BRAKERILHT00000011376	A
anno1.g526.t1	A	BRAKERILHT00000010956	A
anno1.g528.t1	A	BRAKERILHT00000011489	A
anno1.g531.t1	A	BRAKERILHT00000011346	A
anno1.g532.t1	A	BRAKERILHT00000011310	A
anno1.g533.t1	A	BRAKERILHT00000012272	A
anno1.g536.t1	A	BRAKERILHT00000010722	A
anno1.g537.t1	A	BRAKERILHT00000011901	A
anno1.g538.t1	A	BRAKERILHT00000011317	A
anno1.g540.t2	A	BRAKERILHT00000011795	A
anno1.g541.t1	A	BRAKERILHT00000011964	A
anno1.g542.t1	A	BRAKERILHT00000012120	A
anno1.g545.t2	A	BRAKERILHT00000011329	A
anno1.g547.t1	A	BRAKERILHT00000010677	A
anno1.g548.t1	A	BRAKERILHT00000012162	A
anno1.g549.t2	A	BRAKERILHT00000012158	A
anno1.g550.t1	A	BRAKERILHT00000011545	A
anno1.g551.t1	A	BRAKERILHT00000011391	A
anno1.g552.t1	A	BRAKERILHT00000010981	A
anno1.g553.t1	A	BRAKERILHT00000010805	A
anno1.g554.t1	A	BRAKERILHT00000012339	A
anno1.g555.t2	A	BRAKERILHT00000011092	A
anno1.g556.t1	A	BRAKERILHT00000010434	A
anno1.g558.t1	A	BRAKERILHT00000011385	A
anno1.g559.t1	A	BRAKERILHT00000011021	A
anno1.g560.t2	A	BRAKERILHT00000010590	A
anno1.g561.t1	A	BRAKERILHT00000011893	A
anno1.g563.t2	A	BRAKERILHT00000012338	A
anno1.g564.t1	A	BRAKERILHT00000012148	A
anno1.g566.t1	A	BRAKERILHT00000011682	A
anno1.g572.t1	A	BRAKERILHT00000011826	A
anno1.g573.t1	A	BRAKERILHT00000012031	A
anno1.g574.t1	A	BRAKERILHT00000012084	A
anno1.g575.t1	A	BRAKERILHT00000014694	A
anno1.g582.t1	A	BRAKERILHT00000011144	A
anno1.g584.t1	A	BRAKERILHT00000010966	A
anno1.g585.t2	A	BRAKERILHT00000010564	A
anno1.g586.t1	A	BRAKERILHT00000015997	A
anno1.g590.t2	A	BRAKERILHT00000011324	A
anno1.g592.t2	A	BRAKERILHT00000011751	A
anno1.g594.t2	A	BRAKERILHT00000010679	A
anno1.g595.t1	A	BRAKERILHT00000012057	A
anno1.g596.t1	A	BRAKERILHT00000011403	A
anno1.g597.t2	A	BRAKERILHT00000012066	A
anno1.g598.t1	A	BRAKERILHT00000012312	A
anno1.g599.t1	A	BRAKERILHT00000010909	A
anno1.g600.t1	A	BRAKERILHT00000010667	A
anno1.g601.t1	A	BRAKERILHT00000011211	A
anno1.g602.t1	A	BRAKERILHT00000011595	A
anno1.g603.t1	A	BRAKERILHT00000012138	A
anno1.g604.t1	A	BRAKERILHT00000014637	A
anno1.g605.t1	A	BRAKERILHT00000010929	A
anno1.g606.t1	A	BRAKERILHT00000010878	A
anno1.g607.t2	A	BRAKERILHT00000012131	A
anno1.g608.t1	A	BRAKERILHT00000011022	A
anno1.g609.t1	A	BRAKERILHT00000011451	A
anno1.g610.t1	A	BRAKERILHT00000011884	A
anno1.g611.t2	A	BRAKERILHT00000010829	A
anno1.g612.t1	A	BRAKERILHT00000011345	A
anno1.g613.t1	A	BRAKERILHT00000011904	A
anno1.g614.t1	A	BRAKERILHT00000012181	A
anno1.g617.t1	A	BRAKERILHT00000011496	A
anno1.g618.t1	A	BRAKERILHT00000011051	A
anno1.g620.t1	A	BRAKERILHT00000010520	A
anno1.g623.t1	A	BRAKERILHT00000011285	A
anno1.g624.t1	A	BRAKERILHT00000012106	A
anno1.g626.t1	A	BRAKERILHT00000011447	A
anno1.g627.t1	A	BRAKERILHT00000010559	A
anno1.g628.t1	A	BRAKERILHT00000011102	A
anno1.g629.t2	A	BRAKERILHT00000011585	A
anno1.g630.t1	A	BRAKERILHT00000012137	A
anno1.g631.t1	A	BRAKERILHT00000012297	A
anno1.g633.t1	A	BRAKERILHT00000010834	A
anno1.g634.t1	A	BRAKERILHT00000011390	A
anno1.g635.t1	A	BRAKERILHT00000010838	A
anno1.g636.t1	A	BRAKERILHT00000012240	A
anno1.g637.t1	A	BRAKERILHT00000011710	A
anno1.g639.t1	A	BRAKERILHT00000011495	A
anno1.g640.t2	A	BRAKERILHT00000010723	A
anno1.g641.t1	A	BRAKERILHT00000010721	A
anno1.g642.t1	A	BRAKERILHT00000011242	A
anno1.g644.t1	A	BRAKERILHT00000011772	A
anno1.g645.t1	A	BRAKERILHT00000012336	A
anno1.g646.t1	A	BRAKERILHT00000010968	A
anno1.g649.t1	A	BRAKERILHT00000012108	A
anno1.g650.t2	A	BRAKERILHT00000012213	A
anno1.g651.t5	A	BRAKERILHT00000011640	A
anno1.g652.t2	A	BRAKERILHT00000011645	A
anno1.g654.t1	A	BRAKERILHT00000012247	A
anno1.g656.t2	A	BRAKERILHT00000011902	A
anno1.g660.t2	A	BRAKERILHT00000010942	A
anno1.g661.t1	A	BRAKERILHT00000011737	A
anno1.g666.t1	A	BRAKERILHT00000010512	A
anno1.g688.t2	A	BRAKERILHT00000010794	A
anno1.g691.t1	A	BRAKERILHT00000011903	A
anno1.g693.t4	A	BRAKERILHT00000011872	A
anno1.g694.t2	A	BRAKERILHT00000011295	A
anno1.g697.t1	A	BRAKERILHT00000012130	A
anno1.g699.t1	A	BRAKERILHT00000011046	A
anno1.g700.t1	A	BRAKERILHT00000011427	A
anno1.g701.t1	A	BRAKERILHT00000011429	A
anno1.g703.t1	A	BRAKERILHT00000011871	A
anno1.g704.t1	A	BRAKERILHT00000011626	A
anno1.g705.t1	A	BRAKERILHT00000010440	A
anno1.g707.t1	A	BRAKERILHT00000011890	A
anno1.g708.t1	A	BRAKERILHT00000011569	A
anno1.g709.t1	A	BRAKERILHT00000011874	A
anno1.g710.t1	A	BRAKERILHT00000010485	A
anno1.g711.t1	A	BRAKERILHT00000011204	A
anno1.g712.t3	A	BRAKERILHT00000011721	A
anno1.g713.t1	A	BRAKERILHT00000012139	A
anno1.g715.t2	A	BRAKERILHT00000010764	A
anno1.g717.t1	A	BRAKERILHT00000011393	A
anno1.g718.t1	A	BRAKERILHT00000011070	A
anno1.g719.t1	A	BRAKERILHT00000012198	A
anno1.g720.t2	A	BRAKERILHT00000011927	A
anno1.g721.t1	A	BRAKERILHT00000010654	A
anno1.g722.t1	A	BRAKERILHT00000011811	A
anno1.g723.t1	A	BRAKERILHT00000011963	A
anno1.g724.t2	A	BRAKERILHT00000011062	A
anno1.g725.t1	A	BRAKERILHT00000011845	A
anno1.g726.t4	A	BRAKERILHT00000010420	A
anno1.g727.t1	A	BRAKERILHT00000010538	A
anno1.g728.t1	A	BRAKERILHT00000012006	A
anno1.g729.t1	A	BRAKERILHT00000016841	A
anno1.g730.t1	A	BRAKERILHT00000010926	A
anno1.g731.t1	A	BRAKERILHT00000011644	A
anno1.g733.t1	A	BRAKERILHT00000012210	A
anno1.g734.t2	A	BRAKERILHT00000011361	A
anno1.g735.t1	A	BRAKERILHT00000010626	A
anno1.g737.t1	A	BRAKERILHT00000012003	A
anno1.g738.t1	A	BRAKERILHT00000011216	A
anno1.g739.t1	A	BRAKERILHT00000010703	A
anno1.g740.t1	A	BRAKERILHT00000011038	A
anno1.g741.t2	A	BRAKERILHT00000011856	A
anno1.g742.t1	A	BRAKERILHT00000011010	A
anno1.g743.t1	A	BRAKERILHT00000011788	A
anno1.g747.t1	A	BRAKERILHT00000012121	A
anno1.g748.t1	A	BRAKERILHT00000012020	A
anno1.g752.t1	A	BRAKERILHT00000010639	A
anno1.g753.t1	A	BRAKERILHT00000010939	A
anno1.g754.t1	A	BRAKERILHT00000011490	A
anno1.g755.t1	A	BRAKERILHT00000011831	A
anno1.g756.t1	A	BRAKERILHT00000012128	A
anno1.g757.t1	A	BRAKERILHT00000010988	A
anno1.g758.t1	A	BRAKERILHT00000010535	A
anno1.g759.t1	A	BRAKERILHT00000011630	A
anno1.g760.t1	A	BRAKERILHT00000010609	A
anno1.g761.t1	A	BRAKERILHT00000012271	A
anno1.g762.t1	A	BRAKERILHT00000010948	A
anno1.g763.t1	A	BRAKERILHT00000010867	A
anno1.g764.t1	A	BRAKERILHT00000010484	A
anno1.g765.t1	A	BRAKERILHT00000011564	A
anno1.g768.t1	A	BRAKERILHT00000011336	A
anno1.g769.t1	A	BRAKERILHT00000012325	A
anno1.g771.t1	A	BRAKERILHT00000011077	A
anno1.g772.t1	A	BRAKERILHT00000012326	A
anno1.g773.t1	A	BRAKERILHT00000012167	A
anno1.g774.t1	A	BRAKERILHT00000010894	A
anno1.g781.t1	A	BRAKERILHT00000012256	A
anno1.g782.t2	A	BRAKERILHT00000011453	A
anno1.g784.t1	A	BRAKERILHT00000011151	A
anno1.g785.t1	A	BRAKERILHT00000010831	A
anno1.g786.t1	A	BRAKERILHT00000010729	A
anno1.g787.t1	A	BRAKERILHT00000011809	A
anno1.g790.t1	A	BRAKERILHT00000012251	A
anno1.g793.t1	A	BRAKERILHT00000011846	A
anno1.g794.t1	A	BRAKERILHT00000011148	A
anno1.g797.t1	A	BRAKERILHT00000011222	A
anno1.g799.t1	A	BRAKERILHT00000012030	A
anno1.g802.t2	A	BRAKERILHT00000011108	A
anno1.g803.t1	A	BRAKERILHT00000010947	A
anno1.g804.t2	A	BRAKERILHT00000011759	A
anno1.g805.t1	A	BRAKERILHT00000010446	A
anno1.g806.t1	A	BRAKERILHT00000011708	A
anno1.g807.t1	A	BRAKERILHT00000010724	A
anno1.g808.t1	A	BRAKERILHT00000012046	A
anno1.g809.t1	A	BRAKERILHT00000011248	A
anno1.g810.t1	A	BRAKERILHT00000011744	A
anno1.g811.t1	A	BRAKERILHT00000012331	A
anno1.g812.t1	A	BRAKERILHT00000010979	A
anno1.g813.t1	A	BRAKERILHT00000011896	A
anno1.g814.t1	A	BRAKERILHT00000010783	A
anno1.g815.t1	A	BRAKERILHT00000011478	A
anno1.g816.t1	A	BRAKERILHT00000010775	A
anno1.g820.t1	A	BRAKERILHT00000011815	A
anno1.g821.t1	A	BRAKERILHT00000011325	A
anno1.g822.t4	A	BRAKERILHT00000011841	A
anno1.g823.t1	A	BRAKERILHT00000012260	A
anno1.g826.t1	A	BRAKERILHT00000012002	A
anno1.g827.t2	A	BRAKERILHT00000010495	A
anno1.g828.t1	A	BRAKERILHT00000010907	A
anno1.g829.t1	A	BRAKERILHT00000011943	A
anno1.g830.t1	A	BRAKERILHT00000010444	A
anno1.g833.t4	A	BRAKERILHT00000011947	A
anno1.g837.t1	A	BRAKERILHT00000000233	A
anno1.g841.t1	A	BRAKERILHT00000010540	A
anno1.g842.t1	A	BRAKERILHT00000011922	A
anno1.g843.t1	A	BRAKERILHT00000011514	A
anno1.g844.t1	A	BRAKERILHT00000011823	A
anno1.g845.t2	A	BRAKERILHT00000011194	A
anno1.g846.t1	A	BRAKERILHT00000012049	A
anno1.g847.t2	A	BRAKERILHT00000010917	A
anno1.g848.t1	A	BRAKERILHT00000010522	A
anno1.g849.t1	A	BRAKERILHT00000012253	A
anno1.g850.t1	A	BRAKERILHT00000011843	A
anno1.g853.t1	A	BRAKERILHT00000011201	A
anno1.g854.t1	A	BRAKERILHT00000012092	A
anno1.g855.t3	A	BRAKERILHT00000011003	A
anno1.g857.t2	A	BRAKERILHT00000011689	A
anno1.g864.t1	A	BRAKERILHT00000010612	A
anno1.g868.t1	A	BRAKERILHT00000011125	A
anno1.g869.t1	A	BRAKERILHT00000011975	A
anno1.g873.t1	A	BRAKERILHT00000011110	A
anno1.g875.t1	A	BRAKERILHT00000011532	A
anno1.g876.t2	A	BRAKERILHT00000012174	A
anno1.g879.t1	A	BRAKERILHT00000010689	A
anno1.g881.t1	A	BRAKERILHT00000011628	A
anno1.g882.t1	A	BRAKERILHT00000012244	A
anno1.g884.t1	A	BRAKERILHT00000010751	A
anno1.g885.t2	A	BRAKERILHT00000011501	A
anno1.g886.t1	A	BRAKERILHT00000011636	A
anno1.g887.t2	A	BRAKERILHT00000012205	A
anno1.g888.t1	A	BRAKERILHT00000011096	A
anno1.g889.t1	A	BRAKERILHT00000011064	A
anno1.g890.t1	A	BRAKERILHT00000012190	A
anno1.g891.t1	A	BRAKERILHT00000011659	A
anno1.g892.t2	A	BRAKERILHT00000011342	A
anno1.g893.t1	A	BRAKERILHT00000011940	A
anno1.g894.t1	A	BRAKERILHT00000011482	A
anno1.g895.t2	A	BRAKERILHT00000010976	A
anno1.g896.t1	A	BRAKERILHT00000010585	A
anno1.g897.t1	A	BRAKERILHT00000010712	A
anno1.g898.t1	A	BRAKERILHT00000012195	A
anno1.g899.t1	A	BRAKERILHT00000011782	A
anno1.g906.t1	A	BRAKERILHT00000012199	A
anno1.g909.t1	A	BRAKERILHT00000010803	A
anno1.g910.t1	A	BRAKERILHT00000012337	A
anno1.g911.t1	A	BRAKERILHT00000010811	A
anno1.g912.t2	A	BRAKERILHT00000011032	A
anno1.g914.t1	A	BRAKERILHT00000011555	A
anno1.g916.t3	A	BRAKERILHT00000011095	A
anno1.g917.t1	A	BRAKERILHT00000011119	A
anno1.g918.t1	A	BRAKERILHT00000012113	A
anno1.g920.t1	A	BRAKERILHT00000011958	A
anno1.g921.t2	A	BRAKERILHT00000011500	A
anno1.g922.t1	A	BRAKERILHT00000010845	A
anno1.g923.t1	A	BRAKERILHT00000012333	A
anno1.g924.t1	A	BRAKERILHT00000011637	A
anno1.g925.t1	A	BRAKERILHT00000011244	A
anno1.g926.t1	A	BRAKERILHT00000010588	A
anno1.g927.t1	A	BRAKERILHT00000012088	A
anno1.g928.t1	A	BRAKERILHT00000012168	A
anno1.g929.t1	A	BRAKERILHT00000011840	A
anno1.g936.t1	A	BRAKERILHT00000015668	A
anno1.g937.t1	A	BRAKERILHT00000011187	A
anno1.g938.t1	A	BRAKERILHT00000010762	A
anno1.g941.t1	A	BRAKERILHT00000010747	A
anno1.g946.t1	A	BRAKERILHT00000011475	A
anno1.g947.t1	A	BRAKERILHT00000010946	A
anno1.g949.t1	A	BRAKERILHT00000012287	A
anno1.g952.t2	A	BRAKERILHT00000011971	A
anno1.g953.t1	A	BRAKERILHT00000010477	A
anno1.g954.t1	A	BRAKERILHT00000002516	A
anno1.g956.t2	A	BRAKERILHT00000012172	A
anno1.g957.t1	A	BRAKERILHT00000010659	A
anno1.g960.t1	A	BRAKERILHT00000011410	A
anno1.g961.t1	A	BRAKERILHT00000010996	A
anno1.g962.t1	A	BRAKERILHT00000011272	A
anno1.g963.t2	A	BRAKERILHT00000010861	A
anno1.g969.t1	A	BRAKERILHT00000011790	A
anno1.g970.t2	A	BRAKERILHT00000010702	A
anno1.g972.t1	A	BRAKERILHT00000012000	A
anno1.g973.t1	A	BRAKERILHT00000010627	A
anno1.g974.t1	A	BRAKERILHT00000011539	A
anno1.g977.t5	A	BRAKERILHT00000010944	A
anno1.g978.t1	A	BRAKERILHT00000011584	A
anno1.g979.t1	A	BRAKERILHT00000012270	A
anno1.g984.t1	A	BRAKERILHT00000012001	A
anno1.g985.t1	A	BRAKERILHT00000012327	A
anno1.g986.t1	A	BRAKERILHT00000011618	A
anno1.g987.t1	A	BRAKERILHT00000011024	A
anno1.g991.t1	A	BRAKERILHT00000004848	A
anno1.g994.t1	A	BRAKERILHT00000011714	A
anno1.g995.t1	A	BRAKERILHT00000012107	A
anno1.g1001.t1	A	BRAKERILHT00000001096	A
anno1.g1002.t1	A	BRAKERILHT00000011452	A
anno1.g1006.t1	A	BRAKERILHT00000010510	A
anno1.g1007.t1	A	BRAKERILHT00000017819	X
anno1.g1010.t1	A	BRAKERILHT00000012072	A
anno1.g1011.t1	A	BRAKERILHT00000011819	A
anno1.g1013.t1	A	BRAKERILHT00000014939	A
anno1.g1016.t2	A	BRAKERILHT00000011225	A
anno1.g1021.t2	A	BRAKERILHT00000011071	A
anno1.g1022.t1	A	BRAKERILHT00000011816	A
anno1.g1023.t1	A	BRAKERILHT00000012189	A
anno1.g1024.t1	A	BRAKERILHT00000011456	A
anno1.g1025.t1	A	BRAKERILHT00000010790	A
anno1.g1028.t1	A	BRAKERILHT00000010676	A
anno1.g1029.t1	A	BRAKERILHT00000012133	A
anno1.g1033.t1	A	BRAKERILHT00000011113	A
anno1.g1036.t1	A	BRAKERILHT00000011733	A
anno1.g1038.t1	A	BRAKERILHT00000011313	A
anno1.g1041.t1	A	BRAKERILHT00000010862	A
anno1.g1045.t1	A	BRAKERILHT00000011678	A
anno1.g1050.t1	A	BRAKERILHT00000011926	A
anno1.g1054.t1	A	BRAKERILHT00000010665	A
anno1.g1055.t1	A	BRAKERILHT00000011747	A
anno1.g1060.t4	A	BRAKERILHT00000011735	A
anno1.g1065.t1	A	BRAKERILHT00000010549	A
anno1.g1075.t1	A	BRAKERILHT00000010922	A
anno1.g1076.t1	A	BRAKERILHT00000011445	A
anno1.g1077.t1	A	BRAKERILHT00000012099	A
anno1.g1078.t1	A	BRAKERILHT00000011818	A
anno1.g1081.t2	A	BRAKERILHT00000011045	A
anno1.g1082.t1	A	BRAKERILHT00000011855	A
anno1.g1084.t1	A	BRAKERILHT00000011781	A
anno1.g1085.t2	A	BRAKERILHT00000010891	A
anno1.g1086.t3	A	BRAKERILHT00000012134	A
anno1.g1087.t1	A	BRAKERILHT00000010634	A
anno1.g1088.t1	A	BRAKERILHT00000010619	A
anno1.g1089.t2	A	BRAKERILHT00000011789	A
anno1.g1090.t1	A	BRAKERILHT00000011359	A
anno1.g1091.t1	A	BRAKERILHT00000011449	A
anno1.g1092.t3	A	BRAKERILHT00000010784	A
anno1.g1093.t1	A	BRAKERILHT00000012143	A
anno1.g1094.t2	A	BRAKERILHT00000010773	A
anno1.g1095.t1	A	BRAKERILHT00000011056	A
anno1.g1096.t1	A	BRAKERILHT00000011116	A
anno1.g1097.t1	A	BRAKERILHT00000011868	A
anno1.g1098.t1	A	BRAKERILHT00000010497	A
anno1.g1099.t1	A	BRAKERILHT00000010776	A
anno1.g1100.t2	A	BRAKERILHT00000011299	A
anno1.g1101.t1	A	BRAKERILHT00000011616	A
anno1.g1102.t1	A	BRAKERILHT00000012169	A
anno1.g1104.t1	A	BRAKERILHT00000010876	A
anno1.g1105.t1	A	BRAKERILHT00000011155	A
anno1.g1106.t1	A	BRAKERILHT00000012037	A
anno1.g1108.t1	A	BRAKERILHT00000017515	X
anno1.g1109.t6	A	BRAKERILHT00000010426	A
anno1.g1113.t1	A	BRAKERILHT00000010743	A
anno1.g1114.t1	A	BRAKERILHT00000011577	A
anno1.g1116.t2	A	BRAKERILHT00000011291	A
anno1.g1117.t1	A	BRAKERILHT00000011741	A
anno1.g1118.t1	A	BRAKERILHT00000012152	A
anno1.g1119.t2	A	BRAKERILHT00000010757	A
anno1.g1120.t1	A	BRAKERILHT00000011561	A
anno1.g1121.t1	A	BRAKERILHT00000011885	A
anno1.g1123.t1	A	BRAKERILHT00000011622	A
anno1.g1124.t1	A	BRAKERILHT00000012161	A
anno1.g1125.t1	A	BRAKERILHT00000010637	A
anno1.g1126.t1	A	BRAKERILHT00000011657	A
anno1.g1127.t1	A	BRAKERILHT00000011487	A
anno1.g1128.t1	A	BRAKERILHT00000011990	A
anno1.g1129.t1	A	BRAKERILHT00000011257	A
anno1.g1130.t1	A	BRAKERILHT00000011804	A
anno1.g1131.t1	A	BRAKERILHT00000010806	A
anno1.g1133.t1	A	BRAKERILHT00000011059	A
anno1.g1134.t1	A	BRAKERILHT00000011044	A
anno1.g1135.t2	A	BRAKERILHT00000011559	A
anno1.g1137.t3	A	BRAKERILHT00000011866	A
anno1.g1139.t1	A	BRAKERILHT00000010480	A
anno1.g1140.t1	A	BRAKERILHT00000011180	A
anno1.g1141.t2	A	BRAKERILHT00000011700	A
anno1.g1142.t1	A	BRAKERILHT00000011448	A
anno1.g1143.t1	A	BRAKERILHT00000010664	A
anno1.g1144.t1	A	BRAKERILHT00000012218	A
anno1.g1146.t1	A	BRAKERILHT00000010631	A
anno1.g1147.t1	A	BRAKERILHT00000011075	A
anno1.g1148.t1	A	BRAKERILHT00000011653	A
anno1.g1149.t1	A	BRAKERILHT00000012023	A
anno1.g1151.t1	A	BRAKERILHT00000011387	A
anno1.g1154.t1	A	BRAKERILHT00000011137	A
anno1.g1161.t1	A	BRAKERILHT00000011921	A
anno1.g1165.t1	A	BRAKERILHT00000011252	A
anno1.g1166.t1	A	BRAKERILHT00000011405	A
anno1.g1168.t1	A	BRAKERILHT00000011322	A
anno1.g1171.t3	A	BRAKERILHT00000010546	A
anno1.g1172.t1	A	BRAKERILHT00000010927	A
anno1.g1173.t1	A	BRAKERILHT00000007689	A
anno1.g1175.t2	A	BRAKERILHT00000012223	A
anno1.g1176.t1	A	BRAKERILHT00000010711	A
anno1.g1177.t1	A	BRAKERILHT00000010804	A
anno1.g1178.t1	A	BRAKERILHT00000011813	A
anno1.g1181.t1	A	BRAKERILHT00000010630	A
anno1.g1182.t1	A	BRAKERILHT00000011648	A
anno1.g1183.t1	A	BRAKERILHT00000011770	A
anno1.g1185.t1	A	BRAKERILHT00000011271	A
anno1.g1187.t2	A	BRAKERILHT00000010855	A
anno1.g1188.t1	A	BRAKERILHT00000011983	A
anno1.g1189.t1	A	BRAKERILHT00000010938	A
anno1.g1190.t1	A	BRAKERILHT00000010809	A
anno1.g1193.t1	A	BRAKERILHT00000011600	A
anno1.g1195.t1	A	BRAKERILHT00000011596	A
anno1.g1196.t1	A	BRAKERILHT00000010488	A
anno1.g1197.t1	A	BRAKERILHT00000011052	A
anno1.g1198.t1	A	BRAKERILHT00000011899	A
anno1.g1199.t2	A	BRAKERILHT00000010900	A
anno1.g1200.t1	A	BRAKERILHT00000011693	A
anno1.g1201.t1	A	BRAKERILHT00000011161	A
anno1.g1202.t2	A	BRAKERILHT00000011877	A
anno1.g1203.t2	A	BRAKERILHT00000010516	A
anno1.g1206.t2	A	BRAKERILHT00000010732	A
anno1.g1207.t1	A	BRAKERILHT00000011140	A
anno1.g1208.t1	A	BRAKERILHT00000010949	A
anno1.g1209.t1	A	BRAKERILHT00000011484	A
anno1.g1210.t1	A	BRAKERILHT00000012027	A
anno1.g1211.t1	A	BRAKERILHT00000010633	A
anno1.g1212.t1	A	BRAKERILHT00000011920	A
anno1.g1213.t1	A	BRAKERILHT00000010505	A
anno1.g1214.t1	A	BRAKERILHT00000011065	A
anno1.g1215.t1	A	BRAKERILHT00000011606	A
anno1.g1216.t1	A	BRAKERILHT00000012094	A
anno1.g1217.t1	A	BRAKERILHT00000011565	A
anno1.g1218.t1	A	BRAKERILHT00000012011	A
anno1.g1219.t1	A	BRAKERILHT00000010550	A
anno1.g1223.t1	A	BRAKERILHT00000011680	A
anno1.g1224.t1	A	BRAKERILHT00000010970	A
anno1.g1221.t3	A	BRAKERILHT00000011372	A
anno1.g1225.t4	A	BRAKERILHT00000012289	A
anno1.g1226.t1	A	BRAKERILHT00000011787	A
anno1.g1228.t1	A	BRAKERILHT00000011925	A
anno1.g1229.t4	A	BRAKERILHT00000010635	A
anno1.g1230.t1	A	BRAKERILHT00000011068	A
anno1.g1231.t1	A	BRAKERILHT00000011528	A
anno1.g1232.t1	A	BRAKERILHT00000012147	A
anno1.g1233.t1	A	BRAKERILHT00000010884	A
anno1.g1234.t1	A	BRAKERILHT00000012047	A
anno1.g1235.t1	A	BRAKERILHT00000010800	A
anno1.g1236.t1	A	BRAKERILHT00000011268	A
anno1.g1237.t1	A	BRAKERILHT00000010733	A
anno1.g1238.t3	A	BRAKERILHT00000011265	A
anno1.g1239.t1	A	BRAKERILHT00000011011	A
anno1.g1240.t1	A	BRAKERILHT00000011598	A
anno1.g1241.t2	A	BRAKERILHT00000012059	A
anno1.g1242.t2	A	BRAKERILHT00000011173	A
anno1.g1243.t1	A	BRAKERILHT00000011709	A
anno1.g1244.t1	A	BRAKERILHT00000012034	A
anno1.g1245.t1	A	BRAKERILHT00000010603	A
anno1.g1246.t1	A	BRAKERILHT00000010918	A
anno1.g1247.t3	A	BRAKERILHT00000010518	A
anno1.g1248.t1	A	BRAKERILHT00000010825	A
anno1.g1249.t1	A	BRAKERILHT00000010808	A
anno1.g1250.t2	A	BRAKERILHT00000012228	A
anno1.g1251.t1	A	BRAKERILHT00000011704	A
anno1.g1252.t1	A	BRAKERILHT00000011175	A
anno1.g1253.t1	A	BRAKERILHT00000010573	A
anno1.g1254.t1	A	BRAKERILHT00000011950	A
anno1.g1255.t1	A	BRAKERILHT00000011262	A
anno1.g1256.t2	A	BRAKERILHT00000011687	A
anno1.g1257.t1	A	BRAKERILHT00000011165	A
anno1.g1258.t1	A	BRAKERILHT00000010643	A
anno1.g1259.t1	A	BRAKERILHT00000013941	A
anno1.g1262.t2	A	BRAKERILHT00000012231	A
anno1.g1263.t1	A	BRAKERILHT00000011806	A
anno1.g1264.t2	A	BRAKERILHT00000010458	A
anno1.g1265.t1	A	BRAKERILHT00000011518	A
anno1.g1268.t1	A	BRAKERILHT00000011481	A
anno1.g1269.t1	A	BRAKERILHT00000011556	A
anno1.g1271.t1	A	BRAKERILHT00000011363	A
anno1.g1274.t1	A	BRAKERILHT00000011994	A
anno1.g1275.t1	A	BRAKERILHT00000011207	A
anno1.g1278.t1	A	BRAKERILHT00000012056	A
anno1.g1284.t1	A	BRAKERILHT00000010624	A
anno1.g1286.t1	A	BRAKERILHT00000011665	A
anno1.g1287.t1	A	BRAKERILHT00000010902	A
anno1.g1289.t1	A	BRAKERILHT00000011810	A
anno1.g1290.t1	A	BRAKERILHT00000011169	A
anno1.g1291.t1	A	BRAKERILHT00000010597	A
anno1.g1294.t1	A	BRAKERILHT00000010890	A
anno1.g1295.t2	A	BRAKERILHT00000011347	A
anno1.g1299.t1	A	BRAKERILHT00000011756	A
anno1.g1301.t1	A	BRAKERILHT00000012112	A
anno1.g1305.t1	A	BRAKERILHT00000011875	A
anno1.g1308.t1	A	BRAKERILHT00000011807	A
anno1.g1310.t1	A	BRAKERILHT00000011255	A
anno1.g1311.t1	A	BRAKERILHT00000010872	A
anno1.g1313.t1	A	BRAKERILHT00000012225	A
anno1.g1314.t1	A	BRAKERILHT00000010713	A
anno1.g1315.t1	A	BRAKERILHT00000012301	A
anno1.g1316.t1	A	BRAKERILHT00000011233	A
anno1.g1317.t2	A	BRAKERILHT00000011692	A
anno1.g1318.t1	A	BRAKERILHT00000011115	A
anno1.g1319.t1	A	BRAKERILHT00000011529	A
anno1.g1320.t1	A	BRAKERILHT00000012177	A
anno1.g1322.t1	A	BRAKERILHT00000010417	A
anno1.g1323.t1	A	BRAKERILHT00000011808	A
anno1.g1324.t1	A	BRAKERILHT00000011536	A
anno1.g1330.t1	A	BRAKERILHT00000010739	A
anno1.g1331.t1	A	BRAKERILHT00000011535	A
anno1.g1334.t1	A	BRAKERILHT00000010606	A
anno1.g1335.t2	A	BRAKERILHT00000010999	A
anno1.g1336.t1	A	BRAKERILHT00000011443	A
anno1.g1337.t1	A	BRAKERILHT00000011498	A
anno1.g1338.t1	A	BRAKERILHT00000010415	A
anno1.g1339.t1	A	BRAKERILHT00000011349	A
anno1.g1340.t1	A	BRAKERILHT00000011768	A
anno1.g1344.t1	A	BRAKERILHT00000011886	A
anno1.g1345.t2	A	BRAKERILHT00000010602	A
anno1.g1346.t2	A	BRAKERILHT00000010461	A
anno1.g1347.t1	A	BRAKERILHT00000011852	A
anno1.g1348.t2	A	BRAKERILHT00000011224	A
anno1.g1349.t1	A	BRAKERILHT00000011493	A
anno1.g1350.t1	A	BRAKERILHT00000011031	A
anno1.g1351.t1	A	BRAKERILHT00000010715	A
anno1.g1352.t1	A	BRAKERILHT00000011954	A
anno1.g1353.t1	A	BRAKERILHT00000010432	A
anno1.g1354.t1	A	BRAKERILHT00000011835	A
anno1.g1355.t1	A	BRAKERILHT00000010517	A
anno1.g1356.t1	A	BRAKERILHT00000012087	A
anno1.g1360.t1	A	BRAKERILHT00000011589	A
anno1.g1364.t1	A	BRAKERILHT00000011178	A
anno1.g1365.t1	A	BRAKERILHT00000010847	A
anno1.g1369.t1	A	BRAKERILHT00000012104	A
anno1.g1373.t1	A	BRAKERILHT00000010431	A
anno1.g1379.t1	A	BRAKERILHT00000010961	A
anno1.g1381.t2	A	BRAKERILHT00000010752	A
anno1.g1382.t1	A	BRAKERILHT00000011267	A
anno1.g1383.t1	A	BRAKERILHT00000011828	A
anno1.g1386.t2	A	BRAKERILHT00000010754	A
anno1.g1388.t1	A	BRAKERILHT00000010475	A
anno1.g1389.t1	A	BRAKERILHT00000011306	A
anno1.g1390.t2	A	BRAKERILHT00000012184	A
anno1.g1391.t1	A	BRAKERILHT00000010726	A
anno1.g1392.t1	A	BRAKERILHT00000012292	A
anno1.g1393.t1	A	BRAKERILHT00000012062	A
anno1.g1395.t1	A	BRAKERILHT00000011162	A
anno1.g1396.t3	A	BRAKERILHT00000012164	A
anno1.g1397.t1	A	BRAKERILHT00000011619	A
anno1.g1398.t1	A	BRAKERILHT00000010648	A
anno1.g1404.t1	A	BRAKERILHT00000000757	A
anno1.g1407.t1	A	BRAKERILHT00000010992	A
anno1.g1413.t1	A	BRAKERILHT00000010499	A
anno1.g1415.t2	A	BRAKERILHT00000011185	A
anno1.g1416.t2	A	BRAKERILHT00000012080	A
anno1.g1417.t1	A	BRAKERILHT00000010455	A
anno1.g1418.t1	A	BRAKERILHT00000012207	A
anno1.g1420.t1	A	BRAKERILHT00000010910	A
anno1.g1422.t1	A	BRAKERILHT00000011377	A
anno1.g1423.t1	A	BRAKERILHT00000012291	A
anno1.g1424.t1	A	BRAKERILHT00000011122	A
anno1.g1425.t1	A	BRAKERILHT00000012173	A
anno1.g1427.t1	A	BRAKERILHT00000011057	A
anno1.g1428.t1	A	BRAKERILHT00000010437	A
anno1.g1429.t1	A	BRAKERILHT00000011486	A
anno1.g1431.t1	A	BRAKERILHT00000011910	A
anno1.g1435.t1	A	BRAKERILHT00000010859	A
anno1.g1439.t2	A	BRAKERILHT00000011660	A
anno1.g1441.t1	A	BRAKERILHT00000012232	A
anno1.g1442.t1	A	BRAKERILHT00000011397	A
anno1.g1443.t3	A	BRAKERILHT00000010877	A
anno1.g1445.t1	A	BRAKERILHT00000010558	A
anno1.g1446.t1	A	BRAKERILHT00000011289	A
anno1.g1447.t2	A	BRAKERILHT00000010924	A
anno1.g1448.t2	A	BRAKERILHT00000011446	A
anno1.g1449.t1	A	BRAKERILHT00000011995	A
anno1.g1450.t1	A	BRAKERILHT00000011352	A
anno1.g1451.t1	A	BRAKERILHT00000011865	A
anno1.g1455.t1	A	BRAKERILHT00000012100	A
anno1.g1456.t1	A	BRAKERILHT00000011992	A
anno1.g1457.t1	A	BRAKERILHT00000011550	A
anno1.g1458.t1	A	BRAKERILHT00000012077	A
anno1.g1459.t2	A	BRAKERILHT00000011892	A
anno1.g1460.t1	A	BRAKERILHT00000010787	A
anno1.g1461.t2	A	BRAKERILHT00000012303	A
anno1.g1463.t1	A	BRAKERILHT00000010453	A
anno1.g1464.t1	A	BRAKERILHT00000011153	A
anno1.g1466.t3	A	BRAKERILHT00000011538	A
anno1.g1468.t1	A	BRAKERILHT00000010614	A
anno1.g1469.t3	A	BRAKERILHT00000011694	A
anno1.g1474.t1	A	BRAKERILHT00000011651	A
anno1.g1475.t1	A	BRAKERILHT00000010749	A
anno1.g1477.t2	A	BRAKERILHT00000010526	A
anno1.g1480.t1	A	BRAKERILHT00000011771	A
anno1.g1481.t1	A	BRAKERILHT00000011223	A
anno1.g1482.t1	A	BRAKERILHT00000011109	A
anno1.g1483.t1	A	BRAKERILHT00000011976	A
anno1.g1486.t1	A	BRAKERILHT00000010524	A
anno1.g1487.t1	A	BRAKERILHT00000011907	A
anno1.g1490.t1	A	BRAKERILHT00000011318	A
anno1.g1492.t3	A	BRAKERILHT00000011196	A
anno1.g1495.t1	A	BRAKERILHT00000010769	A
anno1.g1499.t2	A	BRAKERILHT00000012145	A
anno1.g1500.t1	A	BRAKERILHT00000011126	A
anno1.g1502.t1	A	BRAKERILHT00000010616	A
anno1.g1503.t1	A	BRAKERILHT00000011988	A
anno1.g1504.t1	A	BRAKERILHT00000011396	A
anno1.g1505.t1	A	BRAKERILHT00000011013	A
anno1.g1506.t1	A	BRAKERILHT00000012017	A
anno1.g1507.t1	A	BRAKERILHT00000010742	A
anno1.g1508.t1	A	BRAKERILHT00000011163	A
anno1.g1509.t1	A	BRAKERILHT00000010720	A
anno1.g1510.t1	A	BRAKERILHT00000011240	A
anno1.g1511.t2	A	BRAKERILHT00000011766	A
anno1.g1512.t2	A	BRAKERILHT00000012055	A
anno1.g1513.t2	A	BRAKERILHT00000010694	A
anno1.g1514.t1	A	BRAKERILHT00000012227	A
anno1.g1515.t2	A	BRAKERILHT00000011775	A
anno1.g1519.t1	A	BRAKERILHT00000011572	A
anno1.g1520.t1	A	BRAKERILHT00000010557	A
anno1.g1521.t1	A	BRAKERILHT00000012293	A
anno1.g1522.t2	A	BRAKERILHT00000010952	A
anno1.g1523.t1	A	BRAKERILHT00000010422	A
anno1.g1524.t1	A	BRAKERILHT00000011551	A
anno1.g1525.t2	A	BRAKERILHT00000011599	A
anno1.g1528.t1	A	BRAKERILHT00000012236	A
anno1.g1533.t1	A	BRAKERILHT00000011719	A
anno1.g1535.t2	A	BRAKERILHT00000012140	A
anno1.g1537.t1	A	BRAKERILHT00000010610	A
anno1.g1538.t2	A	BRAKERILHT00000011027	A
anno1.g1539.t1	A	BRAKERILHT00000011439	A
anno1.g1540.t1	A	BRAKERILHT00000011889	A
anno1.g1541.t1	A	BRAKERILHT00000010919	A
anno1.g1542.t1	A	BRAKERILHT00000010871	A
anno1.g1549.t1	A	BRAKERILHT00000011298	A
anno1.g1550.t2	A	BRAKERILHT00000012079	A
anno1.g1556.t1	A	BRAKERILHT00000010932	A
anno1.g1557.t1	A	BRAKERILHT00000011522	A
anno1.g1562.t1	A	BRAKERILHT00000010985	A
anno1.g1564.t1	A	BRAKERILHT00000012344	A
anno1.g1566.t1	A	BRAKERILHT00000010960	A
anno1.g1567.t1	A	BRAKERILHT00000011785	A
anno1.g1568.t1	A	BRAKERILHT00000010428	A
anno1.g1569.t5	A	BRAKERILHT00000011311	A
anno1.g1570.t1	A	BRAKERILHT00000010782	A
anno1.g1571.t1	A	BRAKERILHT00000012341	A
anno1.g1572.t1	A	BRAKERILHT00000010450	A
anno1.g1573.t1	A	BRAKERILHT00000010984	A
anno1.g1574.t1	A	BRAKERILHT00000010443	A
anno1.g1575.t6	A	BRAKERILHT00000011777	A
anno1.g1576.t1	A	BRAKERILHT00000012042	A
anno1.g1577.t1	A	BRAKERILHT00000011504	A
anno1.g1578.t1	A	BRAKERILHT00000012215	A
anno1.g1579.t1	A	BRAKERILHT00000010562	A
anno1.g1580.t1	A	BRAKERILHT00000012194	A
anno1.g1581.t2	A	BRAKERILHT00000011366	A
anno1.g1583.t1	A	BRAKERILHT00000011517	A
anno1.g1584.t1	A	BRAKERILHT00000010728	A
anno1.g1585.t1	A	BRAKERILHT00000010642	A
anno1.g1586.t1	A	BRAKERILHT00000012073	A
anno1.g1587.t1	A	BRAKERILHT00000011734	A
anno1.g1588.t1	A	BRAKERILHT00000012183	A
anno1.g1589.t1	A	BRAKERILHT00000011362	A
anno1.g1590.t1	A	BRAKERILHT00000012242	A
anno1.g1591.t1	A	BRAKERILHT00000010547	A
anno1.g1593.t1	A	BRAKERILHT00000012350	A
anno1.g1594.t1	A	BRAKERILHT00000010888	A
anno1.g1595.t2	A	BRAKERILHT00000010822	A
anno1.g1596.t1	A	BRAKERILHT00000010850	A
anno1.g1597.t1	A	BRAKERILHT00000011760	A
anno1.g1598.t1	A	BRAKERILHT00000010532	A
anno1.g1599.t2	A	BRAKERILHT00000010439	A
anno1.g1600.t2	A	BRAKERILHT00000011784	A
anno1.g1601.t1	A	BRAKERILHT00000011264	A
anno1.g1602.t1	A	BRAKERILHT00000010707	A
anno1.g1603.t2	A	BRAKERILHT00000011226	A
anno1.g1604.t1	A	BRAKERILHT00000011494	A
anno1.g1605.t1	A	BRAKERILHT00000011079	A
anno1.g1606.t1	A	BRAKERILHT00000012342	A
anno1.g1607.t1	A	BRAKERILHT00000011547	A
anno1.g1608.t1	A	BRAKERILHT00000010763	A
anno1.g1609.t1	A	BRAKERILHT00000011254	A
anno1.g1612.t1	A	BRAKERILHT00000010849	A
anno1.g1613.t1	A	BRAKERILHT00000011274	A
anno1.g1614.t2	A	BRAKERILHT00000011467	A
anno1.g1615.t1	A	BRAKERILHT00000011238	A
anno1.g1617.t1	A	BRAKERILHT00000010474	A
anno1.g1618.t1	A	BRAKERILHT00000006596	A
anno1.g1619.t1	A	BRAKERILHT00000012067	A
anno1.g1620.t1	A	BRAKERILHT00000011527	A
anno1.g1621.t1	A	BRAKERILHT00000011230	A
anno1.g1622.t1	A	BRAKERILHT00000010832	A
anno1.g1623.t1	A	BRAKERILHT00000011261	A
anno1.g1624.t1	A	BRAKERILHT00000011973	A
anno1.g1625.t2	A	BRAKERILHT00000010471	A
anno1.g1626.t1	A	BRAKERILHT00000011894	A
anno1.g1628.t1	A	BRAKERILHT00000011440	A
anno1.g1631.t1	A	BRAKERILHT00000011191	A
anno1.g1633.t1	A	BRAKERILHT00000011235	A
anno1.g1634.t1	A	BRAKERILHT00000011511	A
anno1.g1635.t1	A	BRAKERILHT00000011641	A
anno1.g1637.t1	A	BRAKERILHT00000011028	A
anno1.g1638.t1	A	BRAKERILHT00000010607	A
anno1.g1645.t1	A	BRAKERILHT00000011368	A
anno1.g1646.t1	A	BRAKERILHT00000012216	A
anno1.g1647.t2	A	BRAKERILHT00000010813	A
anno1.g1648.t1	A	BRAKERILHT00000011674	A
anno1.g1650.t1	A	BRAKERILHT00000010655	A
anno1.g1651.t2	A	BRAKERILHT00000012203	A
anno1.g1658.t1	X	BRAKERILHT00000017194	X
anno1.g1689.t1	X	BRAKERILHT00000008142	A
anno1.g1691.t1	X	BRAKERILHT00000002769	A
anno1.g1702.t1	X	BRAKERILHT00000000423	A
anno1.g1716.t1	X	BRAKERILHT00000017156	X
anno1.g1717.t1	X	BRAKERILHT00000017305	X
anno1.g1718.t1	X	BRAKERILHT00000017233	X
anno1.g1719.t1	X	BRAKERILHT00000017562	X
anno1.g1720.t1	X	BRAKERILHT00000017865	X
anno1.g1721.t1	X	BRAKERILHT00000017603	X
anno1.g1722.t1	X	BRAKERILHT00000017449	X
anno1.g1723.t1	X	BRAKERILHT00000018003	X
anno1.g1726.t1	X	BRAKERILHT00000017889	X
anno1.g1727.t2	X	BRAKERILHT00000017367	X
anno1.g1728.t1	X	BRAKERILHT00000017802	X
anno1.g1731.t1	X	BRAKERILHT00000017566	X
anno1.g1739.t1	X	BRAKERILHT00000017295	X
anno1.g1740.t1	X	BRAKERILHT00000017488	X
anno1.g1741.t2	X	BRAKERILHT00000017181	X
anno1.g1742.t1	X	BRAKERILHT00000017330	X
anno1.g1743.t1	X	BRAKERILHT00000017629	X
anno1.g1744.t2	X	BRAKERILHT00000017772	X
anno1.g1747.t1	X	BRAKERILHT00000017001	X
anno1.g1748.t1	X	BRAKERILHT00000014508	A
anno1.g1749.t1	X	BRAKERILHT00000017211	X
anno1.g1750.t1	X	BRAKERILHT00000017462	X
anno1.g1751.t3	X	BRAKERILHT00000017408	X
anno1.g1752.t1	X	BRAKERILHT00000017568	X
anno1.g1753.t1	X	BRAKERILHT00000017053	X
anno1.g1754.t1	X	BRAKERILHT00000017438	X
anno1.g1759.t2	X	BRAKERILHT00000005628	A
anno1.g1761.t1	X	BRAKERILHT00000011671	A
anno1.g1764.t1	X	BRAKERILHT00000017252	X
anno1.g1772.t1	X	BRAKERILHT00000015237	A
anno1.g1773.t1	X	BRAKERILHT00000000923	A
anno1.g1774.t1	X	BRAKERILHT00000017067	X
anno1.g1781.t4	X	BRAKERILHT00000017914	X
anno1.g1782.t1	X	BRAKERILHT00000017983	X
anno1.g1783.t1	X	BRAKERILHT00000017840	X
anno1.g1787.t1	X	BRAKERILHT00000017947	X
anno1.g1788.t2	X	BRAKERILHT00000018010	X
anno1.g1789.t1	X	BRAKERILHT00000017864	X
anno1.g1791.t1	X	BRAKERILHT00000017943	X
anno1.g1793.t1	X	BRAKERILHT00000017127	X
anno1.g1794.t3	X	BRAKERILHT00000017190	X
anno1.g1795.t1	X	BRAKERILHT00000017199	X
anno1.g1797.t3	X	BRAKERILHT00000017854	X
anno1.g1798.t1	X	BRAKERILHT00000017589	X
anno1.g1799.t1	X	BRAKERILHT00000017004	X
anno1.g1800.t1	X	BRAKERILHT00000017301	X
anno1.g1801.t1	X	BRAKERILHT00000017763	X
anno1.g1802.t1	X	BRAKERILHT00000018054	X
anno1.g1803.t1	X	BRAKERILHT00000017760	X
anno1.g1804.t1	X	BRAKERILHT00000018035	X
anno1.g1805.t1	X	BRAKERILHT00000017797	X
anno1.g1808.t1	X	BRAKERILHT00000017176	X
anno1.g1809.t1	X	BRAKERILHT00000017684	X
anno1.g1810.t1	X	BRAKERILHT00000018007	X
anno1.g1811.t1	X	BRAKERILHT00000017222	X
anno1.g1812.t1	X	BRAKERILHT00000017380	X
anno1.g1814.t1	X	BRAKERILHT00000017486	X
anno1.g1815.t1	X	BRAKERILHT00000017554	X
anno1.g1816.t1	X	BRAKERILHT00000017561	X
anno1.g1818.t1	X	BRAKERILHT00000017195	X
anno1.g1820.t1	X	BRAKERILHT00000017513	X
anno1.g1821.t2	X	BRAKERILHT00000018021	X
anno1.g1822.t1	X	BRAKERILHT00000018022	X
anno1.g1825.t1	X	BRAKERILHT00000017749	X
anno1.g1826.t2	X	BRAKERILHT00000017023	X
anno1.g1827.t1	X	BRAKERILHT00000017267	X
anno1.g1828.t3	X	BRAKERILHT00000017707	X
anno1.g1829.t3	X	BRAKERILHT00000017108	X
anno1.g1830.t1	X	BRAKERILHT00000017911	X
anno1.g1832.t2	X	BRAKERILHT00000017919	X
anno1.g1833.t1	X	BRAKERILHT00000017387	X
anno1.g1834.t1	X	BRAKERILHT00000017155	X
anno1.g1835.t1	X	BRAKERILHT00000018016	X
anno1.g1836.t1	X	BRAKERILHT00000018024	X
anno1.g1837.t1	X	BRAKERILHT00000017804	X
anno1.g1838.t1	X	BRAKERILHT00000017270	X
anno1.g1839.t1	X	BRAKERILHT00000017041	X
anno1.g1840.t2	X	BRAKERILHT00000017177	X
anno1.g1841.t1	X	BRAKERILHT00000017753	X
anno1.g1843.t1	X	BRAKERILHT00000017934	X
anno1.g1844.t2	X	BRAKERILHT00000017006	X
anno1.g1845.t2	X	BRAKERILHT00000017502	X
anno1.g1846.t2	X	BRAKERILHT00000017460	X
anno1.g1847.t1	X	BRAKERILHT00000017569	X
anno1.g1848.t1	X	BRAKERILHT00000017107	X
anno1.g1849.t2	X	BRAKERILHT00000017552	X
anno1.g1850.t1	X	BRAKERILHT00000017135	X
anno1.g1851.t1	X	BRAKERILHT00000017978	X
anno1.g1852.t5	X	BRAKERILHT00000017922	X
anno1.g1853.t2	X	BRAKERILHT00000017546	X
anno1.g1855.t1	X	BRAKERILHT00000017521	X
anno1.g1856.t1	X	BRAKERILHT00000017466	X
anno1.g1857.t1	X	BRAKERILHT00000017783	X
anno1.g1858.t1	X	BRAKERILHT00000017340	X
anno1.g1859.t1	X	BRAKERILHT00000017109	X
anno1.g1860.t1	X	BRAKERILHT00000017832	X
anno1.g1861.t1	X	BRAKERILHT00000017574	X
anno1.g1863.t5	X	BRAKERILHT00000017526	X
anno1.g1864.t1	X	BRAKERILHT00000016992	X
anno1.g1865.t5	X	BRAKERILHT00000017216	X
anno1.g1867.t1	X	BRAKERILHT00000017938	X
anno1.g1868.t1	X	BRAKERILHT00000017856	X
anno1.g1869.t1	X	BRAKERILHT00000017220	X
anno1.g1871.t1	X	BRAKERILHT00000018008	X
anno1.g1872.t1	X	BRAKERILHT00000017973	X
anno1.g1873.t1	X	BRAKERILHT00000017705	X
anno1.g1875.t1	X	BRAKERILHT00000017234	X
anno1.g1876.t2	X	BRAKERILHT00000017441	X
anno1.g1877.t1	X	BRAKERILHT00000017891	X
anno1.g1878.t1	X	BRAKERILHT00000017047	X
anno1.g1879.t1	X	BRAKERILHT00000017284	X
anno1.g1880.t2	X	BRAKERILHT00000017770	X
anno1.g1881.t1	X	BRAKERILHT00000017230	X
anno1.g1882.t1	X	BRAKERILHT00000017948	X
anno1.g1883.t2	X	BRAKERILHT00000017720	X
anno1.g1884.t1	X	BRAKERILHT00000017116	X
anno1.g1885.t1	X	BRAKERILHT00000017102	X
anno1.g1887.t1	X	BRAKERILHT00000017830	X
anno1.g1890.t1	X	BRAKERILHT00000017148	X
anno1.g1891.t1	X	BRAKERILHT00000018064	X
anno1.g1892.t1	X	BRAKERILHT00000017534	X
anno1.g1893.t1	X	BRAKERILHT00000017093	X
anno1.g1895.t1	X	BRAKERILHT00000017923	X
anno1.g1896.t1	X	BRAKERILHT00000017178	X
anno1.g1897.t1	X	BRAKERILHT00000018023	X
anno1.g1898.t1	X	BRAKERILHT00000017132	X
anno1.g1900.t1	X	BRAKERILHT00000017507	X
anno1.g1901.t1	X	BRAKERILHT00000017745	X
anno1.g1902.t1	X	BRAKERILHT00000017576	X
anno1.g1903.t1	X	BRAKERILHT00000017890	X
anno1.g1904.t1	X	BRAKERILHT00000017218	X
anno1.g1905.t1	X	BRAKERILHT00000018018	X
anno1.g1906.t1	X	BRAKERILHT00000017296	X
anno1.g1907.t1	X	BRAKERILHT00000017007	X
anno1.g1908.t2	X	BRAKERILHT00000017264	X
anno1.g1909.t2	X	BRAKERILHT00000017649	X
anno1.g1910.t1	X	BRAKERILHT00000017255	X
anno1.g1911.t1	X	BRAKERILHT00000017571	X
anno1.g1913.t2	X	BRAKERILHT00000017476	X
anno1.g1914.t1	X	BRAKERILHT00000017170	X
anno1.g1915.t1	X	BRAKERILHT00000017204	X
anno1.g1916.t1	X	BRAKERILHT00000017791	X
anno1.g1917.t1	X	BRAKERILHT00000017439	X
anno1.g1918.t1	X	BRAKERILHT00000017182	X
anno1.g1920.t1	X	BRAKERILHT00000017431	X
anno1.g1922.t1	X	BRAKERILHT00000017964	X
anno1.g1923.t1	X	BRAKERILHT00000017331	X
anno1.g1924.t1	X	BRAKERILHT00000017996	X
anno1.g1925.t1	X	BRAKERILHT00000017059	X
anno1.g1926.t1	X	BRAKERILHT00000017979	X
anno1.g1928.t1	X	BRAKERILHT00000017543	X
anno1.g1929.t1	X	BRAKERILHT00000017866	X
anno1.g1930.t2	X	BRAKERILHT00000018026	X
anno1.g1931.t3	X	BRAKERILHT00000017161	X
anno1.g1932.t1	X	BRAKERILHT00000017874	X
anno1.g1933.t1	X	BRAKERILHT00000017559	X
anno1.g1934.t3	X	BRAKERILHT00000017425	X
anno1.g1935.t1	X	BRAKERILHT00000017666	X
anno1.g1936.t1	X	BRAKERILHT00000016991	X
anno1.g1937.t2	X	BRAKERILHT00000017359	X
anno1.g1941.t1	X	BRAKERILHT00000017035	X
anno1.g1942.t1	X	BRAKERILHT00000017154	X
anno1.g1943.t2	X	BRAKERILHT00000017694	X
anno1.g1944.t1	X	BRAKERILHT00000017645	X
anno1.g1945.t1	X	BRAKERILHT00000017945	X
anno1.g1946.t1	X	BRAKERILHT00000017226	X
anno1.g1947.t1	X	BRAKERILHT00000017477	X
anno1.g1948.t5	X	BRAKERILHT00000017353	X
anno1.g1949.t1	X	BRAKERILHT00000017049	X
anno1.g1950.t1	X	BRAKERILHT00000017809	X
anno1.g1951.t1	X	BRAKERILHT00000017217	X
anno1.g1952.t1	X	BRAKERILHT00000018002	X
anno1.g1958.t1	X	BRAKERILHT00000017272	X
anno1.g1959.t1	X	BRAKERILHT00000017025	X
anno1.g1960.t1	X	BRAKERILHT00000017060	X
anno1.g1962.t1	X	BRAKERILHT00000017280	X
anno1.g1965.t1	X	BRAKERILHT00000017325	X
anno1.g1966.t2	X	BRAKERILHT00000017005	X
anno1.g1967.t1	X	BRAKERILHT00000017268	X
anno1.g1969.t1	X	BRAKERILHT00000017807	X
anno1.g1970.t1	X	BRAKERILHT00000002881	A
anno1.g1972.t1	X	BRAKERILHT00000017883	X
anno1.g1974.t1	X	BRAKERILHT00000017033	X
anno1.g1977.t2	X	BRAKERILHT00000017708	X
anno1.g1978.t1	X	BRAKERILHT00000017644	X
anno1.g1979.t1	X	BRAKERILHT00000017781	X
anno1.g1981.t1	X	BRAKERILHT00000017163	X
anno1.g1982.t2	X	BRAKERILHT00000017632	X
anno1.g1983.t3	X	BRAKERILHT00000017160	X
anno1.g1984.t1	X	BRAKERILHT00000017869	X
anno1.g1985.t1	X	BRAKERILHT00000005553	A
anno1.g1986.t1	X	BRAKERILHT00000017191	X
anno1.g1987.t1	X	BRAKERILHT00000018042	X
anno1.g1988.t3	X	BRAKERILHT00000017529	X
anno1.g1989.t6	X	BRAKERILHT00000017150	X
anno1.g1990.t1	X	BRAKERILHT00000017658	X
anno1.g1991.t1	X	BRAKERILHT00000017083	X
anno1.g1992.t1	X	BRAKERILHT00000008183	A
anno1.g1993.t2	X	BRAKERILHT00000017845	X
anno1.g1994.t3	X	BRAKERILHT00000017364	X
anno1.g1995.t1	X	BRAKERILHT00000017496	X
anno1.g1996.t1	X	BRAKERILHT00000017722	X
anno1.g1997.t1	X	BRAKERILHT00000017980	X
anno1.g2004.t1	X	BRAKERILHT00000017793	X
anno1.g2006.t1	X	BRAKERILHT00000017480	X
anno1.g2007.t1	X	BRAKERILHT00000017298	X
anno1.g2009.t1	X	BRAKERILHT00000017592	X
anno1.g2010.t1	X	BRAKERILHT00000017581	X
anno1.g2013.t1	X	BRAKERILHT00000017256	X
anno1.g2014.t2	X	BRAKERILHT00000017724	X
anno1.g2016.t1	X	BRAKERILHT00000017974	X
anno1.g2018.t1	X	BRAKERILHT00000017742	X
anno1.g2019.t4	X	BRAKERILHT00000017765	X
anno1.g2020.t1	X	BRAKERILHT00000017145	X
anno1.g2021.t1	X	BRAKERILHT00000017352	X
anno1.g2022.t1	X	BRAKERILHT00000017597	X
anno1.g2023.t1	X	BRAKERILHT00000017183	X
anno1.g2028.t1	X	BRAKERILHT00000017862	X
anno1.g2029.t1	X	BRAKERILHT00000017365	X
anno1.g2031.t2	X	BRAKERILHT00000017612	X
anno1.g2032.t1	X	BRAKERILHT00000017187	X
anno1.g2033.t1	X	BRAKERILHT00000017884	X
anno1.g2034.t1	X	BRAKERILHT00000018040	X
anno1.g2035.t1	X	BRAKERILHT00000017002	X
anno1.g2036.t1	X	BRAKERILHT00000017015	X
anno1.g2037.t2	X	BRAKERILHT00000017309	X
anno1.g2038.t1	X	BRAKERILHT00000017311	X
anno1.g2039.t1	X	BRAKERILHT00000018044	X
anno1.g2040.t2	X	BRAKERILHT00000017757	X
anno1.g2041.t1	X	BRAKERILHT00000017453	X
anno1.g2042.t2	X	BRAKERILHT00000017478	X
anno1.g2043.t3	X	BRAKERILHT00000017852	X
anno1.g2044.t2	X	BRAKERILHT00000017153	X
anno1.g2045.t1	X	BRAKERILHT00000017618	X
anno1.g2046.t1	X	BRAKERILHT00000017257	X
anno1.g2047.t1	X	BRAKERILHT00000017029	X
anno1.g2048.t1	X	BRAKERILHT00000017679	X
anno1.g2050.t1	X	BRAKERILHT00000017701	X
anno1.g2051.t1	X	BRAKERILHT00000017523	X
anno1.g2052.t1	X	BRAKERILHT00000018029	X
anno1.g2053.t1	X	BRAKERILHT00000017868	X
anno1.g2064.t2	X	BRAKERILHT00000017395	X
anno1.g2066.t1	X	BRAKERILHT00000017287	X
anno1.g2067.t1	X	BRAKERILHT00000017955	X
anno1.g2068.t1	X	BRAKERILHT00000017748	X
anno1.g2069.t2	X	BRAKERILHT00000017347	X
anno1.g2070.t1	X	BRAKERILHT00000017377	X
anno1.g2071.t1	X	BRAKERILHT00000017609	X
anno1.g2073.t1	X	BRAKERILHT00000017003	X
anno1.g2074.t1	X	BRAKERILHT00000017867	X
anno1.g2075.t1	X	BRAKERILHT00000017118	X
anno1.g2076.t1	X	BRAKERILHT00000017434	X
anno1.g2077.t3	X	BRAKERILHT00000017887	X
anno1.g2078.t1	X	BRAKERILHT00000017721	X
anno1.g2079.t2	X	BRAKERILHT00000017511	X
anno1.g2080.t1	X	BRAKERILHT00000017959	X
anno1.g2081.t1	X	BRAKERILHT00000017126	X
anno1.g2082.t1	X	BRAKERILHT00000017972	X
anno1.g2083.t1	X	BRAKERILHT00000017918	X
anno1.g2084.t1	X	BRAKERILHT00000018056	X
anno1.g2085.t2	X	BRAKERILHT00000017811	X
anno1.g2086.t2	X	BRAKERILHT00000017971	X
anno1.g2087.t1	X	BRAKERILHT00000017253	X
anno1.g2088.t1	X	BRAKERILHT00000017411	X
anno1.g2089.t2	X	BRAKERILHT00000017013	X
anno1.g2090.t1	X	BRAKERILHT00000017794	X
anno1.g2091.t1	X	BRAKERILHT00000017953	X
anno1.g2092.t1	X	BRAKERILHT00000017660	X
anno1.g2095.t1	X	BRAKERILHT00000017120	X
anno1.both_agree_g7111.t2	X	BRAKERILHT00000017903	X
anno1.g2097.t1	X	BRAKERILHT00000017259	X
anno1.g2098.t1	X	BRAKERILHT00000017628	X
anno1.g2099.t1	X	BRAKERILHT00000017277	X
anno1.g2100.t1	X	BRAKERILHT00000017101	X
anno1.g2101.t2	X	BRAKERILHT00000017905	X
anno1.g2102.t1	X	BRAKERILHT00000017229	X
anno1.g2103.t1	X	BRAKERILHT00000017044	X
anno1.g2104.t1	X	BRAKERILHT00000017808	X
anno1.g2105.t1	X	BRAKERILHT00000017631	X
anno1.g2106.t1	X	BRAKERILHT00000017357	X
anno1.g2107.t4	X	BRAKERILHT00000017998	X
anno1.g2108.t1	X	BRAKERILHT00000017463	X
anno1.g2109.t2	X	BRAKERILHT00000017946	X
anno1.g2110.t1	X	BRAKERILHT00000017726	X
anno1.g2112.t1	X	BRAKERILHT00000017192	X
anno1.g2113.t1	X	BRAKERILHT00000017761	X
anno1.g2114.t1	X	BRAKERILHT00000017008	X
anno1.g2115.t1	X	BRAKERILHT00000017040	X
anno1.g2116.t1	X	BRAKERILHT00000017735	X
anno1.g2117.t1	X	BRAKERILHT00000017081	X
anno1.g2118.t1	X	BRAKERILHT00000017528	X
anno1.g2119.t1	X	BRAKERILHT00000017288	X
anno1.g2121.t1	X	BRAKERILHT00000017413	X
anno1.g2122.t1	X	BRAKERILHT00000017881	X
anno1.g2123.t1	X	BRAKERILHT00000017634	X
anno1.g2124.t1	X	BRAKERILHT00000018030	X
anno1.g2125.t3	X	BRAKERILHT00000017321	X
anno1.g2126.t1	X	BRAKERILHT00000017247	X
anno1.g2127.t2	X	BRAKERILHT00000017798	X
anno1.g2128.t1	X	BRAKERILHT00000017663	X
anno1.g2129.t1	X	BRAKERILHT00000017982	X
anno1.g2131.t1	X	BRAKERILHT00000017692	X
anno1.g2132.t1	X	BRAKERILHT00000017696	X
anno1.g2133.t1	X	BRAKERILHT00000017448	X
anno1.g2134.t1	X	BRAKERILHT00000017942	X
anno1.g2135.t1	X	BRAKERILHT00000017481	X
anno1.g2137.t1	X	BRAKERILHT00000017401	X
anno1.g2138.t1	X	BRAKERILHT00000017625	X
anno1.g2139.t1	X	BRAKERILHT00000017882	X
anno1.g2140.t1	X	BRAKERILHT00000017021	X
anno1.g2141.t2	X	BRAKERILHT00000017010	X
anno1.g2142.t1	X	BRAKERILHT00000017371	X
anno1.g2143.t1	X	BRAKERILHT00000017626	X
anno1.g2144.t1	X	BRAKERILHT00000017276	X
anno1.g2146.t1	X	BRAKERILHT00000017400	X
anno1.g2147.t1	X	BRAKERILHT00000017180	X
anno1.g2148.t3	X	BRAKERILHT00000018037	X
anno1.g2149.t1	X	BRAKERILHT00000017769	X
anno1.g2150.t2	X	BRAKERILHT00000017396	X
anno1.g2151.t1	X	BRAKERILHT00000017210	X
anno1.g2152.t1	X	BRAKERILHT00000017676	X
anno1.g2153.t1	X	BRAKERILHT00000017997	X
anno1.g2154.t1	X	BRAKERILHT00000017405	X
anno1.g2155.t1	X	BRAKERILHT00000017839	X
anno1.g2156.t1	X	BRAKERILHT00000017294	X
anno1.g2157.t1	X	BRAKERILHT00000016988	X
anno1.g2158.t1	X	BRAKERILHT00000017896	X
anno1.g2159.t2	X	BRAKERILHT00000017784	X
anno1.g2161.t1	X	BRAKERILHT00000017958	X
anno1.g2162.t1	X	BRAKERILHT00000017024	X
anno1.g2164.t1	X	BRAKERILHT00000017052	X
anno1.g2165.t2	X	BRAKERILHT00000017122	X
anno1.g2166.t1	X	BRAKERILHT00000017933	X
anno1.g2169.t1	X	BRAKERILHT00000017968	X
anno1.g2170.t1	X	BRAKERILHT00000017459	X
anno1.g2172.t1	X	BRAKERILHT00000017112	X
anno1.g2173.t1	X	BRAKERILHT00000017350	X
anno1.g2174.t1	X	BRAKERILHT00000017436	X
anno1.g2175.t1	X	BRAKERILHT00000017344	X
anno1.g2176.t1	X	BRAKERILHT00000017158	X
anno1.g2177.t1	X	BRAKERILHT00000018005	X
anno1.g2178.t1	X	BRAKERILHT00000017307	X
anno1.g2179.t1	X	BRAKERILHT00000017051	X
anno1.g2182.t2	X	BRAKERILHT00000017689	X
anno1.g2183.t1	X	BRAKERILHT00000017993	X
anno1.g2184.t1	X	BRAKERILHT00000017469	X
anno1.g2185.t1	X	BRAKERILHT00000017279	X
anno1.g2186.t2	X	BRAKERILHT00000017572	X
anno1.g2187.t1	X	BRAKERILHT00000017851	X
anno1.g2188.t3	X	BRAKERILHT00000017780	X
anno1.g2190.t1	X	BRAKERILHT00000017988	X
anno1.g2191.t1	X	BRAKERILHT00000017186	X
anno1.g2193.t1	X	BRAKERILHT00000017088	X
anno1.g2195.t1	X	BRAKERILHT00000017542	X
anno1.g2196.t1	X	BRAKERILHT00000017743	X
anno1.g2197.t2	X	BRAKERILHT00000017539	X
anno1.g2198.t1	X	BRAKERILHT00000017131	X
anno1.g2200.t1	X	BRAKERILHT00000017686	X
anno1.g2201.t1	X	BRAKERILHT00000017346	X
anno1.g2202.t1	X	BRAKERILHT00000018004	X
anno1.g2203.t1	X	BRAKERILHT00000017202	X
anno1.g2204.t1	X	BRAKERILHT00000017273	X
anno1.g2205.t2	X	BRAKERILHT00000017058	X
anno1.g2206.t1	X	BRAKERILHT00000017045	X
anno1.g2207.t2	X	BRAKERILHT00000017069	X
anno1.g2208.t1	X	BRAKERILHT00000017879	X
anno1.g2209.t1	X	BRAKERILHT00000017501	X
anno1.g2210.t2	X	BRAKERILHT00000017535	X
anno1.g2211.t1	X	BRAKERILHT00000017223	X
anno1.g2212.t1	X	BRAKERILHT00000017695	X
anno1.g2213.t2	X	BRAKERILHT00000017956	X
anno1.g2214.t1	X	BRAKERILHT00000017099	X
anno1.g2215.t1	X	BRAKERILHT00000017564	X
anno1.g2216.t1	X	BRAKERILHT00000017467	X
anno1.g2218.t1	X	BRAKERILHT00000017671	X
anno1.g2220.t1	X	BRAKERILHT00000018001	X
anno1.g2221.t3	X	BRAKERILHT00000017915	X
anno1.g2222.t1	X	BRAKERILHT00000017642	X
anno1.g2223.t1	X	BRAKERILHT00000017941	X
anno1.g2224.t1	X	BRAKERILHT00000017713	X
anno1.g2225.t2	X	BRAKERILHT00000017334	X
anno1.g2226.t1	X	BRAKERILHT00000017844	X
anno1.g2227.t2	X	BRAKERILHT00000017318	X
anno1.g2228.t1	X	BRAKERILHT00000017621	X
anno1.g2230.t1	X	BRAKERILHT00000017747	X
anno1.g2231.t5	X	BRAKERILHT00000017342	X
anno1.g2232.t1	X	BRAKERILHT00000017647	X
anno1.g2233.t1	X	BRAKERILHT00000018041	X
anno1.g2235.t1	X	BRAKERILHT00000017410	X
anno1.g2236.t1	X	BRAKERILHT00000018011	X
anno1.g2237.t1	X	BRAKERILHT00000017912	X
anno1.g2238.t1	X	BRAKERILHT00000017718	X
anno1.g2239.t1	X	BRAKERILHT00000017455	X
anno1.g2240.t1	X	BRAKERILHT00000017418	X
anno1.g2241.t1	X	BRAKERILHT00000012600	A
anno1.g2245.t2	A	BRAKERILHT00000004162	A
anno1.g2247.t1	A	BRAKERILHT00000003937	A
anno1.g2248.t1	A	BRAKERILHT00000003394	A
anno1.g2249.t1	A	BRAKERILHT00000003225	A
anno1.g2250.t1	A	BRAKERILHT00000003123	A
anno1.g2253.t1	A	BRAKERILHT00000002473	A
anno1.g2255.t1	A	BRAKERILHT00000003156	A
anno1.g2256.t1	A	BRAKERILHT00000003736	A
anno1.g2257.t1	A	BRAKERILHT00000002888	A
anno1.g2258.t1	A	BRAKERILHT00000002223	A
anno1.g2259.t1	A	BRAKERILHT00000003739	A
anno1.g2260.t1	A	BRAKERILHT00000002470	A
anno1.g2261.t1	A	BRAKERILHT00000003365	A
anno1.g2262.t1	A	BRAKERILHT00000002900	A
anno1.g2264.t1	A	BRAKERILHT00000002772	A
anno1.g2266.t1	A	BRAKERILHT00000004393	A
anno1.g2267.t2	A	BRAKERILHT00000003667	A
anno1.g2268.t1	A	BRAKERILHT00000002637	A
anno1.g2269.t1	A	BRAKERILHT00000003262	A
anno1.g2270.t1	A	BRAKERILHT00000002292	A
anno1.g2271.t1	A	BRAKERILHT00000003928	A
anno1.g2272.t3	A	BRAKERILHT00000002387	A
anno1.g2273.t1	A	BRAKERILHT00000003110	A
anno1.g2274.t1	A	BRAKERILHT00000002703	A
anno1.g2275.t1	A	BRAKERILHT00000003831	A
anno1.g2276.t1	A	BRAKERILHT00000003921	A
anno1.g2277.t1	A	BRAKERILHT00000003952	A
anno1.g2278.t1	A	BRAKERILHT00000003450	A
anno1.g2279.t2	A	BRAKERILHT00000003203	A
anno1.g2281.t1	A	BRAKERILHT00000003081	A
anno1.g2282.t1	A	BRAKERILHT00000003696	A
anno1.g2283.t1	A	BRAKERILHT00000004371	A
anno1.g2284.t1	A	BRAKERILHT00000003820	A
anno1.g2285.t1	A	BRAKERILHT00000003240	A
anno1.g2286.t1	A	BRAKERILHT00000003067	A
anno1.g2287.t1	A	BRAKERILHT00000002427	A
anno1.g2288.t1	A	BRAKERILHT00000004049	A
anno1.g2289.t1	A	BRAKERILHT00000003324	A
anno1.g2290.t1	A	BRAKERILHT00000002623	A
anno1.g2292.t1	A	BRAKERILHT00000002871	A
anno1.g2302.t1	A	BRAKERILHT00000014906	A
anno1.g2306.t1	A	BRAKERILHT00000004029	A
anno1.g2308.t1	A	BRAKERILHT00000004139	A
anno1.g2309.t1	A	BRAKERILHT00000014886	A
anno1.g2311.t1	A	BRAKERILHT00000003062	A
anno1.g2314.t2	A	BRAKERILHT00000004423	A
anno1.g2315.t1	A	BRAKERILHT00000003773	A
anno1.g2317.t2	A	BRAKERILHT00000003163	A
anno1.g2319.t1	A	BRAKERILHT00000002525	A
anno1.g2320.t1	A	BRAKERILHT00000002341	A
anno1.g2321.t1	A	BRAKERILHT00000004007	A
anno1.g2322.t1	A	BRAKERILHT00000003541	A
anno1.g2324.t2	A	BRAKERILHT00000002968	A
anno1.g2325.t1	A	BRAKERILHT00000003197	A
anno1.g2326.t2	A	BRAKERILHT00000004174	A
anno1.g2328.t1	A	BRAKERILHT00000002708	A
anno1.g2329.t1	A	BRAKERILHT00000003835	A
anno1.g2331.t1	A	BRAKERILHT00000003774	A
anno1.g2333.t1	A	BRAKERILHT00000002761	A
anno1.g2334.t1	A	BRAKERILHT00000004265	A
anno1.g2335.t1	A	BRAKERILHT00000003861	A
anno1.g2337.t4	A	BRAKERILHT00000003268	A
anno1.g2338.t1	A	BRAKERILHT00000002784	A
anno1.g2339.t1	A	BRAKERILHT00000003885	A
anno1.g2340.t3	A	BRAKERILHT00000003363	A
anno1.g2342.t2	A	BRAKERILHT00000003126	A
anno1.g2343.t1	A	BRAKERILHT00000003390	A
anno1.g2344.t2	A	BRAKERILHT00000004042	A
anno1.g2346.t1	A	BRAKERILHT00000002518	A
anno1.g2347.t2	A	BRAKERILHT00000004014	A
anno1.g2348.t1	A	BRAKERILHT00000003145	A
anno1.g2349.t1	A	BRAKERILHT00000002586	A
anno1.g2350.t1	A	BRAKERILHT00000004320	A
anno1.g2351.t1	A	BRAKERILHT00000003795	A
anno1.g2352.t1	A	BRAKERILHT00000002819	A
anno1.g2353.t1	A	BRAKERILHT00000004069	A
anno1.g2354.t1	A	BRAKERILHT00000003475	A
anno1.g2355.t1	A	BRAKERILHT00000002734	A
anno1.g2356.t1	A	BRAKERILHT00000004124	A
anno1.g2362.t1	A	BRAKERILHT00000002714	A
anno1.g2363.t1	A	BRAKERILHT00000003091	A
anno1.g2364.t1	A	BRAKERILHT00000002785	A
anno1.g2365.t1	A	BRAKERILHT00000002397	A
anno1.g2366.t1	A	BRAKERILHT00000004038	A
anno1.g2367.t1	A	BRAKERILHT00000003907	A
anno1.g2368.t1	A	BRAKERILHT00000003536	A
anno1.g2369.t1	A	BRAKERILHT00000002656	A
anno1.g2370.t1	A	BRAKERILHT00000003369	A
anno1.g2371.t1	A	BRAKERILHT00000004016	A
anno1.g2372.t1	A	BRAKERILHT00000003032	A
anno1.g2373.t1	A	BRAKERILHT00000004355	A
anno1.g2374.t1	A	BRAKERILHT00000003843	A
anno1.g2376.t1	A	BRAKERILHT00000003076	A
anno1.g2377.t1	A	BRAKERILHT00000003697	A
anno1.g2378.t2	A	BRAKERILHT00000004039	A
anno1.g2379.t1	A	BRAKERILHT00000002381	A
anno1.g2380.t1	A	BRAKERILHT00000002959	A
anno1.g2381.t1	A	BRAKERILHT00000003346	A
anno1.g2382.t1	A	BRAKERILHT00000003107	A
anno1.g2384.t1	A	BRAKERILHT00000003530	A
anno1.g2385.t1	A	BRAKERILHT00000003049	A
anno1.g2387.t3	A	BRAKERILHT00000002638	A
anno1.g2388.t1	A	BRAKERILHT00000003372	A
anno1.g2390.t2	A	BRAKERILHT00000003264	A
anno1.g2391.t1	A	BRAKERILHT00000004272	A
anno1.g2392.t1	A	BRAKERILHT00000003036	A
anno1.g2395.t1	A	BRAKERILHT00000003415	A
anno1.g2396.t1	A	BRAKERILHT00000003950	A
anno1.g2397.t2	A	BRAKERILHT00000002685	A
anno1.g2399.t1	A	BRAKERILHT00000003675	A
anno1.g2400.t3	A	BRAKERILHT00000004199	A
anno1.g2402.t1	A	BRAKERILHT00000002207	A
anno1.g2403.t1	A	BRAKERILHT00000003690	A
anno1.g2404.t2	A	BRAKERILHT00000003533	A
anno1.g2405.t1	A	BRAKERILHT00000003028	A
anno1.g2406.t1	A	BRAKERILHT00000004013	A
anno1.g2407.t1	A	BRAKERILHT00000003349	A
anno1.g2408.t1	A	BRAKERILHT00000002867	A
anno1.g2409.t3	A	BRAKERILHT00000003274	A
anno1.g2410.t1	A	BRAKERILHT00000002928	A
anno1.g2411.t1	A	BRAKERILHT00000003467	A
anno1.g2414.t1	A	BRAKERILHT00000010686	A
anno1.g2415.t1	A	BRAKERILHT00000003413	A
anno1.g2416.t1	A	BRAKERILHT00000002810	A
anno1.g2417.t1	A	BRAKERILHT00000002306	A
anno1.g2418.t1	A	BRAKERILHT00000002842	A
anno1.g2421.t1	A	BRAKERILHT00000004422	A
anno1.g2422.t2	A	BRAKERILHT00000003715	A
anno1.g2425.t1	A	BRAKERILHT00000002488	A
anno1.g2426.t1	A	BRAKERILHT00000003526	A
anno1.g2427.t1	A	BRAKERILHT00000003095	A
anno1.g2435.t1	A	BRAKERILHT00000003440	A
anno1.g2437.t1	A	BRAKERILHT00000004159	A
anno1.g2438.t2	A	BRAKERILHT00000002922	A
anno1.g2440.t1	A	BRAKERILHT00000003193	A
anno1.g2442.t1	A	BRAKERILHT00000004204	A
anno1.g2444.t1	A	BRAKERILHT00000002695	A
anno1.g2448.t1	A	BRAKERILHT00000003664	A
anno1.g2450.t1	A	BRAKERILHT00000003204	A
anno1.g2453.t1	A	BRAKERILHT00000002974	A
anno1.g2454.t1	A	BRAKERILHT00000002465	A
anno1.g2455.t1	A	BRAKERILHT00000004224	A
anno1.g2456.t1	A	BRAKERILHT00000003684	A
anno1.g2458.t1	A	BRAKERILHT00000003571	A
anno1.g2459.t1	A	BRAKERILHT00000003701	A
anno1.g2460.t5	A	BRAKERILHT00000002908	A
anno1.g2462.t1	A	BRAKERILHT00000002283	A
anno1.g2465.t1	A	BRAKERILHT00000003898	A
anno1.g2469.t1	A	BRAKERILHT00000003135	A
anno1.g2472.t1	A	BRAKERILHT00000003606	A
anno1.g2473.t1	A	BRAKERILHT00000002240	A
anno1.g2474.t1	A	BRAKERILHT00000004131	A
anno1.g2475.t1	A	BRAKERILHT00000003454	A
anno1.g2478.t1	A	BRAKERILHT00000004168	A
anno1.g2480.t1	A	BRAKERILHT00000002438	A
anno1.g2481.t1	A	BRAKERILHT00000002879	A
anno1.g2483.t1	A	BRAKERILHT00000002544	A
anno1.g2485.t1	A	BRAKERILHT00000002450	A
anno1.g2486.t1	A	BRAKERILHT00000003593	A
anno1.g2487.t1	A	BRAKERILHT00000003423	A
anno1.g2488.t1	A	BRAKERILHT00000002359	A
anno1.g2489.t1	A	BRAKERILHT00000004087	A
anno1.g2490.t1	A	BRAKERILHT00000003017	A
anno1.g2491.t1	A	BRAKERILHT00000003804	A
anno1.g2492.t1	A	BRAKERILHT00000004025	A
anno1.g2493.t1	A	BRAKERILHT00000002613	A
anno1.g2494.t1	A	BRAKERILHT00000004127	A
anno1.g2495.t1	A	BRAKERILHT00000003038	A
anno1.g2496.t1	A	BRAKERILHT00000002339	A
anno1.g2497.t1	A	BRAKERILHT00000004411	A
anno1.g2498.t1	A	BRAKERILHT00000003115	A
anno1.g2499.t1	A	BRAKERILHT00000002876	A
anno1.g2500.t2	A	BRAKERILHT00000004360	A
anno1.g2501.t1	A	BRAKERILHT00000003889	A
anno1.g2504.t1	A	BRAKERILHT00000004214	A
anno1.g2505.t1	A	BRAKERILHT00000003850	A
anno1.g2508.t1	A	BRAKERILHT00000002725	A
anno1.g2509.t1	A	BRAKERILHT00000002624	A
anno1.g2510.t1	A	BRAKERILHT00000004229	A
anno1.g2511.t1	A	BRAKERILHT00000002600	A
anno1.g2513.t1	A	BRAKERILHT00000003540	A
anno1.g2514.t1	A	BRAKERILHT00000002955	A
anno1.g2515.t1	A	BRAKERILHT00000002599	A
anno1.g2518.t1	A	BRAKERILHT00000002279	A
anno1.g2519.t1	A	BRAKERILHT00000003909	A
anno1.g2529.t2	A	BRAKERILHT00000004128	A
anno1.g2530.t1	A	BRAKERILHT00000002363	A
anno1.g2531.t1	A	BRAKERILHT00000002897	A
anno1.g2532.t1	A	BRAKERILHT00000003367	A
anno1.g2533.t1	A	BRAKERILHT00000004247	A
anno1.g2534.t1	A	BRAKERILHT00000002598	A
anno1.g2535.t1	A	BRAKERILHT00000003194	A
anno1.g2536.t1	A	BRAKERILHT00000004044	A
anno1.g2537.t1	A	BRAKERILHT00000002429	A
anno1.g2538.t1	A	BRAKERILHT00000002758	A
anno1.g2539.t1	A	BRAKERILHT00000003504	A
anno1.g2540.t1	A	BRAKERILHT00000002217	A
anno1.g2541.t1	A	BRAKERILHT00000002887	A
anno1.g2542.t1	A	BRAKERILHT00000002188	A
anno1.g2543.t1	A	BRAKERILHT00000002519	A
anno1.g2545.t1	A	BRAKERILHT00000003488	A
anno1.g2546.t1	A	BRAKERILHT00000004269	A
anno1.g2547.t1	A	BRAKERILHT00000004083	A
anno1.g2548.t1	A	BRAKERILHT00000003079	A
anno1.g2549.t1	A	BRAKERILHT00000002935	A
anno1.g2550.t2	A	BRAKERILHT00000003210	A
anno1.g2551.t1	A	BRAKERILHT00000003436	A
anno1.g2552.t1	A	BRAKERILHT00000003676	A
anno1.g2553.t2	A	BRAKERILHT00000004430	A
anno1.g2557.t2	A	BRAKERILHT00000003501	A
anno1.g2558.t1	A	BRAKERILHT00000003170	A
anno1.g2560.t1	A	BRAKERILHT00000004132	A
anno1.g2561.t1	A	BRAKERILHT00000004297	A
anno1.g2562.t1	A	BRAKERILHT00000003331	A
anno1.g2563.t1	A	BRAKERILHT00000002824	A
anno1.g2564.t1	A	BRAKERILHT00000004059	A
anno1.g2565.t1	A	BRAKERILHT00000003781	A
anno1.g2566.t1	A	BRAKERILHT00000002821	A
anno1.g2567.t2	A	BRAKERILHT00000004379	A
anno1.g2568.t1	A	BRAKERILHT00000004402	A
anno1.g2569.t1	A	BRAKERILHT00000002437	A
anno1.g2570.t1	A	BRAKERILHT00000003582	A
anno1.g2571.t1	A	BRAKERILHT00000003180	A
anno1.g2572.t1	A	BRAKERILHT00000002742	A
anno1.g2575.t1	A	BRAKERILHT00000002948	A
anno1.g2578.t1	A	BRAKERILHT00000002677	A
anno1.g2579.t1	A	BRAKERILHT00000003296	A
anno1.g2584.t1	A	BRAKERILHT00000002649	A
anno1.g2581.t1	A	BRAKERILHT00000003289	A
anno1.g2585.t1	A	BRAKERILHT00000003211	A
anno1.g2589.t1	A	BRAKERILHT00000004018	A
anno1.g2590.t1	A	BRAKERILHT00000004447	A
anno1.g2591.t1	A	BRAKERILHT00000003144	A
anno1.g2594.t3	A	BRAKERILHT00000004438	A
anno1.g2595.t1	A	BRAKERILHT00000002199	A
anno1.g2599.t1	A	BRAKERILHT00000003446	A
anno1.g2602.t1	A	BRAKERILHT00000004434	A
anno1.g2603.t1	A	BRAKERILHT00000003778	A
anno1.g2604.t1	A	BRAKERILHT00000002849	A
anno1.g2605.t1	A	BRAKERILHT00000003977	A
anno1.g2607.t1	A	BRAKERILHT00000003661	A
anno1.g2613.t1	A	BRAKERILHT00000004175	A
anno1.g2614.t3	A	BRAKERILHT00000002547	A
anno1.g2617.t1	A	BRAKERILHT00000002603	A
anno1.g2618.t1	A	BRAKERILHT00000004392	A
anno1.g2623.t2	A	BRAKERILHT00000004101	A
anno1.g2625.t1	A	BRAKERILHT00000003174	A
anno1.g2626.t1	A	BRAKERILHT00000002543	A
anno1.g2630.t1	A	BRAKERILHT00000003783	A
anno1.g2632.t2	A	BRAKERILHT00000002718	A
anno1.g2637.t1	A	BRAKERILHT00000003806	A
anno1.g2638.t1	A	BRAKERILHT00000003603	A
anno1.g2639.t1	A	BRAKERILHT00000003294	A
anno1.g2640.t1	A	BRAKERILHT00000003672	A
anno1.g2642.t1	A	BRAKERILHT00000004419	A
anno1.g2649.t1	A	BRAKERILHT00000002996	A
anno1.g2650.t1	A	BRAKERILHT00000003490	A
anno1.g2652.t1	A	BRAKERILHT00000002665	A
anno1.g2653.t1	A	BRAKERILHT00000012119	A
anno1.g2654.t1	A	BRAKERILHT00000003162	A
anno1.g2655.t1	A	BRAKERILHT00000003321	A
anno1.g2656.t2	A	BRAKERILHT00000004448	A
anno1.g2657.t1	A	BRAKERILHT00000002355	A
anno1.g2658.t1	A	BRAKERILHT00000002830	A
anno1.g2659.t1	A	BRAKERILHT00000004114	A
anno1.g2661.t1	A	BRAKERILHT00000002506	A
anno1.g2662.t1	A	BRAKERILHT00000002202	A
anno1.g2663.t1	A	BRAKERILHT00000014427	A
anno1.g2664.t1	A	BRAKERILHT00000003447	A
anno1.g2665.t2	A	BRAKERILHT00000002981	A
anno1.g2666.t1	A	BRAKERILHT00000002362	A
anno1.g2667.t1	A	BRAKERILHT00000004115	A
anno1.g2668.t1	A	BRAKERILHT00000002662	A
anno1.g2669.t2	A	BRAKERILHT00000004209	A
anno1.g2674.t1	A	BRAKERILHT00000002413	A
anno1.g2675.t1	A	BRAKERILHT00000004207	A
anno1.g2676.t1	A	BRAKERILHT00000003855	A
anno1.g2677.t2	A	BRAKERILHT00000003577	A
anno1.g2678.t1	A	BRAKERILHT00000002814	A
anno1.g2679.t1	A	BRAKERILHT00000003829	A
anno1.g2681.t1	A	BRAKERILHT00000003061	A
anno1.g2682.t1	A	BRAKERILHT00000002288	A
anno1.g2683.t1	A	BRAKERILHT00000002800	A
anno1.g2684.t1	A	BRAKERILHT00000004084	A
anno1.g2685.t1	A	BRAKERILHT00000003917	A
anno1.g2686.t1	A	BRAKERILHT00000002566	A
anno1.g2687.t3	A	BRAKERILHT00000003864	A
anno1.g2688.t1	A	BRAKERILHT00000004237	A
anno1.g2692.t1	A	BRAKERILHT00000003893	A
anno1.g2693.t1	A	BRAKERILHT00000002262	A
anno1.g2694.t1	A	BRAKERILHT00000003381	A
anno1.g2695.t1	A	BRAKERILHT00000002895	A
anno1.g2696.t1	A	BRAKERILHT00000003769	A
anno1.g2697.t1	A	BRAKERILHT00000004129	A
anno1.g2698.t1	A	BRAKERILHT00000002274	A
anno1.g2699.t1	A	BRAKERILHT00000002494	A
anno1.g2700.t1	A	BRAKERILHT00000003729	A
anno1.g2701.t1	A	BRAKERILHT00000002239	A
anno1.g2705.t1	A	BRAKERILHT00000003670	A
anno1.g2709.t1	A	BRAKERILHT00000002751	A
anno1.g2710.t1	A	BRAKERILHT00000002348	A
anno1.g2713.t1	A	BRAKERILHT00000003561	A
anno1.g2714.t1	A	BRAKERILHT00000003000	A
anno1.g2715.t1	A	BRAKERILHT00000002312	A
anno1.g2717.t1	A	BRAKERILHT00000003941	A
anno1.g2718.t1	A	BRAKERILHT00000003649	A
anno1.g2719.t1	A	BRAKERILHT00000003097	A
anno1.g2720.t1	A	BRAKERILHT00000002986	A
anno1.g2721.t1	A	BRAKERILHT00000002889	A
anno1.g2723.t1	A	BRAKERILHT00000002401	A
anno1.g2724.t1	A	BRAKERILHT00000003904	A
anno1.both_agree_g8538.t1	A	BRAKERILHT00000003717	A
anno1.g2732.t5	A	BRAKERILHT00000003975	A
anno1.g2734.t1	A	BRAKERILHT00000003408	A
anno1.g2738.t1	A	BRAKERILHT00000002189	A
anno1.g2739.t1	A	BRAKERILHT00000003779	A
anno1.g2741.t2	A	BRAKERILHT00000003878	A
anno1.g2742.t1	A	BRAKERILHT00000003374	A
anno1.g2743.t1	A	BRAKERILHT00000002925	A
anno1.g2744.t3	A	BRAKERILHT00000002396	A
anno1.g2745.t1	A	BRAKERILHT00000002433	A
anno1.g2747.t1	A	BRAKERILHT00000003871	A
anno1.g2748.t1	A	BRAKERILHT00000002926	A
anno1.g2749.t2	A	BRAKERILHT00000002296	A
anno1.g2751.t2	A	BRAKERILHT00000003764	A
anno1.g2753.t1	A	BRAKERILHT00000002556	A
anno1.g2754.t1	A	BRAKERILHT00000002910	A
anno1.g2755.t1	A	BRAKERILHT00000003287	A
anno1.g2756.t1	A	BRAKERILHT00000002538	A
anno1.g2757.t1	A	BRAKERILHT00000002976	A
anno1.g2758.t1	A	BRAKERILHT00000003731	A
anno1.g2760.t1	A	BRAKERILHT00000002831	A
anno1.g2761.t1	A	BRAKERILHT00000002196	A
anno1.g2762.t2	A	BRAKERILHT00000003465	A
anno1.g2763.t2	A	BRAKERILHT00000004431	A
anno1.g2764.t1	A	BRAKERILHT00000003175	A
anno1.g2765.t1	A	BRAKERILHT00000002521	A
anno1.g2767.t1	A	BRAKERILHT00000003420	A
anno1.g2768.t2	A	BRAKERILHT00000002443	A
anno1.g2769.t1	A	BRAKERILHT00000004212	A
anno1.g2770.t1	A	BRAKERILHT00000003647	A
anno1.g2773.t1	A	BRAKERILHT00000003207	A
anno1.g2774.t2	A	BRAKERILHT00000003939	A
anno1.g2775.t1	A	BRAKERILHT00000003329	A
anno1.g2776.t1	A	BRAKERILHT00000002944	A
anno1.g2777.t1	A	BRAKERILHT00000002463	A
anno1.g2778.t1	A	BRAKERILHT00000002358	A
anno1.g2780.t2	A	BRAKERILHT00000002562	A
anno1.g2782.t1	A	BRAKERILHT00000004155	A
anno1.g2783.t1	A	BRAKERILHT00000003532	A
anno1.g2784.t1	A	BRAKERILHT00000002588	A
anno1.g2785.t1	A	BRAKERILHT00000004105	A
anno1.g2786.t1	A	BRAKERILHT00000004310	A
anno1.g2788.t1	A	BRAKERILHT00000002852	A
anno1.g2789.t1	A	BRAKERILHT00000003443	A
anno1.g2790.t1	A	BRAKERILHT00000003323	A
anno1.g2791.t1	A	BRAKERILHT00000004409	A
anno1.g2792.t1	A	BRAKERILHT00000003070	A
anno1.g2793.t2	A	BRAKERILHT00000003508	A
anno1.g2794.t2	A	BRAKERILHT00000002798	A
anno1.g2795.t1	A	BRAKERILHT00000003421	A
anno1.g2796.t1	A	BRAKERILHT00000002706	A
anno1.g2797.t1	A	BRAKERILHT00000002457	A
anno1.g2798.t1	A	BRAKERILHT00000004090	A
anno1.g2799.t1	A	BRAKERILHT00000003650	A
anno1.g2800.t1	A	BRAKERILHT00000004182	A
anno1.g2801.t1	A	BRAKERILHT00000003681	A
anno1.g2802.t1	A	BRAKERILHT00000004189	A
anno1.g2803.t2	A	BRAKERILHT00000003847	A
anno1.g2804.t2	A	BRAKERILHT00000003304	A
anno1.g2805.t1	A	BRAKERILHT00000003791	A
anno1.g2808.t2	A	BRAKERILHT00000003983	A
anno1.g2812.t2	A	BRAKERILHT00000003161	A
anno1.g2815.t1	A	BRAKERILHT00000004126	A
anno1.g2816.t1	A	BRAKERILHT00000002327	A
anno1.g2817.t1	A	BRAKERILHT00000003656	A
anno1.g2818.t2	A	BRAKERILHT00000002243	A
anno1.g2819.t1	A	BRAKERILHT00000004250	A
anno1.g2820.t1	A	BRAKERILHT00000002699	A
anno1.g2821.t1	A	BRAKERILHT00000003762	A
anno1.g2822.t1	A	BRAKERILHT00000002285	A
anno1.g2823.t1	A	BRAKERILHT00000002874	A
anno1.g2824.t1	A	BRAKERILHT00000002549	A
anno1.g2825.t2	A	BRAKERILHT00000002764	A
anno1.g2826.t1	A	BRAKERILHT00000003384	A
anno1.g2827.t1	A	BRAKERILHT00000003295	A
anno1.g2828.t1	A	BRAKERILHT00000002715	A
anno1.g2829.t1	A	BRAKERILHT00000004415	A
anno1.g2830.t1	A	BRAKERILHT00000003595	A
anno1.g2833.t1	A	BRAKERILHT00000002479	A
anno1.g2840.t1	A	BRAKERILHT00000004895	A
anno1.g2841.t1	A	BRAKERILHT00000006458	A
anno1.g2842.t1	A	BRAKERILHT00000005861	A
anno1.g2843.t1	A	BRAKERILHT00000005304	A
anno1.g2844.t1	A	BRAKERILHT00000004629	A
anno1.g2845.t1	A	BRAKERILHT00000005163	A
anno1.g2850.t1	A	BRAKERILHT00000004137	A
anno1.g2851.t1	A	BRAKERILHT00000003386	A
anno1.g2852.t3	A	BRAKERILHT00000003418	A
anno1.g2853.t1	A	BRAKERILHT00000003025	A
anno1.g2854.t1	A	BRAKERILHT00000004222	A
anno1.g2855.t2	A	BRAKERILHT00000003232	A
anno1.g2857.t1	A	BRAKERILHT00000002259	A
anno1.g2858.t1	A	BRAKERILHT00000003747	A
anno1.g2859.t1	A	BRAKERILHT00000002989	A
anno1.g2862.t1	A	BRAKERILHT00000002230	A
anno1.g2863.t1	A	BRAKERILHT00000003869	A
anno1.g2865.t1	A	BRAKERILHT00000003116	A
anno1.g2866.t1	A	BRAKERILHT00000003444	A
anno1.g2867.t2	A	BRAKERILHT00000003168	A
anno1.g2869.t2	A	BRAKERILHT00000004421	A
anno1.g2870.t1	A	BRAKERILHT00000002659	A
anno1.g2871.t1	A	BRAKERILHT00000002840	A
anno1.g2872.t1	A	BRAKERILHT00000003320	A
anno1.g2873.t1	A	BRAKERILHT00000003568	A
anno1.g2874.t1	A	BRAKERILHT00000003965	A
anno1.g2875.t1	A	BRAKERILHT00000003011	A
anno1.g2876.t1	A	BRAKERILHT00000002364	A
anno1.g2878.t1	A	BRAKERILHT00000003982	A
anno1.g2880.t1	A	BRAKERILHT00000002739	A
anno1.g2879.t3	A	BRAKERILHT00000003913	A
anno1.g2882.t1	A	BRAKERILHT00000003019	A
anno1.g2883.t1	A	BRAKERILHT00000002186	A
anno1.g2884.t1	A	BRAKERILHT00000003528	A
anno1.g2887.t1	A	BRAKERILHT00000002778	A
anno1.g2889.t1	A	BRAKERILHT00000002658	A
anno1.g2890.t1	A	BRAKERILHT00000003707	A
anno1.g2891.t1	A	BRAKERILHT00000002323	A
anno1.g2892.t1	A	BRAKERILHT00000013858	A
anno1.g2893.t1	A	BRAKERILHT00000004098	A
anno1.g2895.t1	A	BRAKERILHT00000003396	A
anno1.g2896.t2	A	BRAKERILHT00000003636	A
anno1.g2897.t1	A	BRAKERILHT00000003306	A
anno1.g2898.t3	A	BRAKERILHT00000004099	A
anno1.g2899.t1	A	BRAKERILHT00000002206	A
anno1.g2900.t1	A	BRAKERILHT00000002275	A
anno1.g2902.t1	A	BRAKERILHT00000003918	A
anno1.g2903.t2	A	BRAKERILHT00000002492	A
anno1.g2905.t1	A	BRAKERILHT00000004271	A
anno1.g2906.t1	A	BRAKERILHT00000002663	A
anno1.g2907.t1	A	BRAKERILHT00000004068	A
anno1.g2908.t1	A	BRAKERILHT00000003559	A
anno1.g2909.t1	A	BRAKERILHT00000003138	A
anno1.g2910.t1	A	BRAKERILHT00000003282	A
anno1.g2912.t1	A	BRAKERILHT00000003963	A
anno1.g2913.t1	A	BRAKERILHT00000002668	A
anno1.g2914.t2	A	BRAKERILHT00000003278	A
anno1.g2920.t1	A	BRAKERILHT00000003086	A
anno1.g2922.t1	A	BRAKERILHT00000003555	A
anno1.g2923.t1	A	BRAKERILHT00000003942	A
anno1.g2925.t1	A	BRAKERILHT00000002192	A
anno1.g2926.t1	A	BRAKERILHT00000003316	A
anno1.g2927.t1	A	BRAKERILHT00000003962	A
anno1.g2928.t1	A	BRAKERILHT00000003621	A
anno1.g2929.t1	A	BRAKERILHT00000010621	A
anno1.g2930.t4	A	BRAKERILHT00000002524	A
anno1.g2931.t1	A	BRAKERILHT00000004093	A
anno1.g2932.t1	A	BRAKERILHT00000003166	A
anno1.g2937.t1	A	BRAKERILHT00000003996	A
anno1.g2939.t1	A	BRAKERILHT00000002627	A
anno1.g2941.t1	A	BRAKERILHT00000003989	A
anno1.g2942.t1	A	BRAKERILHT00000003584	A
anno1.g2944.t2	A	BRAKERILHT00000003682	A
anno1.g2945.t1	A	BRAKERILHT00000002388	A
anno1.g2950.t1	A	BRAKERILHT00000002182	A
anno1.g2951.t1	A	BRAKERILHT00000002416	A
anno1.g2952.t1	A	BRAKERILHT00000004056	A
anno1.g2953.t2	A	BRAKERILHT00000003385	A
anno1.g2955.t2	A	BRAKERILHT00000003964	A
anno1.g2959.t1	A	BRAKERILHT00000002927	A
anno1.g2961.t1	A	BRAKERILHT00000006258	A
anno1.g2963.t1	A	BRAKERILHT00000002678	A
anno1.g2964.t1	A	BRAKERILHT00000004235	A
anno1.g2965.t1	A	BRAKERILHT00000009500	A
anno1.g2970.t1	A	BRAKERILHT00000002915	A
anno1.g2971.t1	A	BRAKERILHT00000002278	A
anno1.g2972.t1	A	BRAKERILHT00000003912	A
anno1.g2974.t1	A	BRAKERILHT00000003053	A
anno1.g2975.t1	A	BRAKERILHT00000003886	A
anno1.g2976.t1	A	BRAKERILHT00000002299	A
anno1.g2981.t2	A	BRAKERILHT00000003121	A
anno1.g2982.t2	A	BRAKERILHT00000003286	A
anno1.g2983.t1	A	BRAKERILHT00000003990	A
anno1.g2984.t1	A	BRAKERILHT00000003819	A
anno1.g2985.t1	A	BRAKERILHT00000002632	A
anno1.g2986.t2	A	BRAKERILHT00000003024	A
anno1.g2990.t1	A	BRAKERILHT00000002374	A
anno1.g2991.t1	A	BRAKERILHT00000003742	A
anno1.g2992.t1	A	BRAKERILHT00000004262	A
anno1.g2996.t1	A	BRAKERILHT00000002964	A
anno1.g2997.t2	A	BRAKERILHT00000002738	A
anno1.g2998.t1	A	BRAKERILHT00000003243	A
anno1.g2999.t2	A	BRAKERILHT00000003688	A
anno1.g3000.t1	A	BRAKERILHT00000004223	A
anno1.g3001.t2	A	BRAKERILHT00000003594	A
anno1.g3002.t1	A	BRAKERILHT00000003241	A
anno1.g3005.t1	A	BRAKERILHT00000002582	A
anno1.g3006.t2	A	BRAKERILHT00000004221	A
anno1.g3007.t1	A	BRAKERILHT00000003539	A
anno1.g3009.t1	A	BRAKERILHT00000003021	A
anno1.g3010.t1	A	BRAKERILHT00000003255	A
anno1.g3011.t1	A	BRAKERILHT00000002610	A
anno1.g3012.t1	A	BRAKERILHT00000003256	A
anno1.g3013.t2	A	BRAKERILHT00000002612	A
anno1.g3014.t1	A	BRAKERILHT00000003882	A
anno1.g3015.t1	A	BRAKERILHT00000003442	A
anno1.g3016.t1	A	BRAKERILHT00000003236	A
anno1.g3017.t1	A	BRAKERILHT00000002728	A
anno1.g3018.t1	A	BRAKERILHT00000004210	A
anno1.g3019.t1	A	BRAKERILHT00000003609	A
anno1.g3020.t1	A	BRAKERILHT00000003522	A
anno1.g3021.t1	A	BRAKERILHT00000004028	A
anno1.g3022.t1	A	BRAKERILHT00000002375	A
anno1.g3024.t1	A	BRAKERILHT00000003018	A
anno1.g3026.t1	A	BRAKERILHT00000003556	A
anno1.g3028.t1	A	BRAKERILHT00000002820	A
anno1.g3031.t2	A	BRAKERILHT00000004285	A
anno1.g3039.t1	A	BRAKERILHT00000004256	A
anno1.g3041.t1	A	BRAKERILHT00000002750	A
anno1.g3043.t1	A	BRAKERILHT00000004143	A
anno1.g3044.t1	A	BRAKERILHT00000003080	A
anno1.g3050.t1	A	BRAKERILHT00000002672	A
anno1.g3051.t1	A	BRAKERILHT00000004437	A
anno1.g3052.t1	A	BRAKERILHT00000017551	X
anno1.g3056.t1	A	BRAKERILHT00000002253	A
anno1.g3057.t1	A	BRAKERILHT00000004026	A
anno1.g3058.t1	A	BRAKERILHT00000004138	A
anno1.g3059.t1	A	BRAKERILHT00000003077	A
anno1.g3060.t2	A	BRAKERILHT00000003748	A
anno1.g3061.t1	A	BRAKERILHT00000002324	A
anno1.g3062.t2	A	BRAKERILHT00000003100	A
anno1.g3063.t1	A	BRAKERILHT00000002601	A
anno1.g3064.t1	A	BRAKERILHT00000002919	A
anno1.g3065.t1	A	BRAKERILHT00000002688	A
anno1.g3066.t4	A	BRAKERILHT00000004020	A
anno1.g3067.t5	A	BRAKERILHT00000003543	A
anno1.g3068.t1	A	BRAKERILHT00000002781	A
anno1.g3069.t1	A	BRAKERILHT00000002577	A
anno1.g3070.t1	A	BRAKERILHT00000003155	A
anno1.g3071.t1	A	BRAKERILHT00000003615	A
anno1.g3072.t1	A	BRAKERILHT00000002755	A
anno1.g3073.t1	A	BRAKERILHT00000002425	A
anno1.g3074.t1	A	BRAKERILHT00000003872	A
anno1.g3081.t1	A	BRAKERILHT00000017468	X
anno1.g3093.t1	A	BRAKERILHT00000002257	A
anno1.g3094.t1	A	BRAKERILHT00000003798	A
anno1.g3095.t1	A	BRAKERILHT00000003449	A
anno1.g3096.t1	A	BRAKERILHT00000003616	A
anno1.g3097.t1	A	BRAKERILHT00000003069	A
anno1.g3098.t2	A	BRAKERILHT00000003985	A
anno1.g3099.t1	A	BRAKERILHT00000003223	A
anno1.g3100.t1	A	BRAKERILHT00000003704	A
anno1.g3127.t1	A	BRAKERILHT00000003235	A
anno1.g3129.t2	A	BRAKERILHT00000002747	A
anno1.g3130.t1	A	BRAKERILHT00000015292	A
anno1.g3133.t2	A	BRAKERILHT00000003405	A
anno1.g3134.t1	A	BRAKERILHT00000002194	A
anno1.g3135.t1	A	BRAKERILHT00000002861	A
anno1.g3136.t1	A	BRAKERILHT00000003949	A
anno1.g3137.t1	A	BRAKERILHT00000002607	A
anno1.g3138.t1	A	BRAKERILHT00000003254	A
anno1.g3139.t2	A	BRAKERILHT00000003805	A
anno1.g3141.t1	A	BRAKERILHT00000004188	A
anno1.g3142.t1	A	BRAKERILHT00000002590	A
anno1.g3143.t1	A	BRAKERILHT00000003483	A
anno1.g3144.t1	A	BRAKERILHT00000004017	A
anno1.g3147.t1	A	BRAKERILHT00000003545	A
anno1.g3148.t2	A	BRAKERILHT00000003860	A
anno1.g3157.t1	A	BRAKERILHT00000002576	A
anno1.g3160.t1	A	BRAKERILHT00000003250	A
anno1.g3162.t1	A	BRAKERILHT00000004363	A
anno1.g3164.t1	A	BRAKERILHT00000004065	A
anno1.g3165.t1	A	BRAKERILHT00000003654	A
anno1.g3167.t4	A	BRAKERILHT00000003716	A
anno1.g3168.t2	A	BRAKERILHT00000003673	A
anno1.g3170.t1	A	BRAKERILHT00000002504	A
anno1.g3171.t1	A	BRAKERILHT00000011337	A
anno1.g3172.t1	A	BRAKERILHT00000002242	A
anno1.g3175.t1	A	BRAKERILHT00000003016	A
anno1.g3176.t1	A	BRAKERILHT00000003728	A
anno1.g3179.t1	A	BRAKERILHT00000003967	A
anno1.g3180.t1	A	BRAKERILHT00000003098	A
anno1.g3181.t1	A	BRAKERILHT00000003489	A
anno1.g3182.t1	A	BRAKERILHT00000004111	A
anno1.g3183.t1	A	BRAKERILHT00000003261	A
anno1.g3184.t3	A	BRAKERILHT00000003330	A
anno1.g3185.t1	A	BRAKERILHT00000004399	A
anno1.g3186.t1	A	BRAKERILHT00000002480	A
anno1.g3187.t1	A	BRAKERILHT00000003237	A
anno1.g3188.t1	A	BRAKERILHT00000003515	A
anno1.g3189.t1	A	BRAKERILHT00000004145	A
anno1.g3190.t2	A	BRAKERILHT00000002873	A
anno1.g3191.t1	A	BRAKERILHT00000004424	A
anno1.g3192.t1	A	BRAKERILHT00000003753	A
anno1.g3193.t1	A	BRAKERILHT00000004445	A
anno1.g3194.t1	A	BRAKERILHT00000003648	A
anno1.g3195.t1	A	BRAKERILHT00000004264	A
anno1.g3196.t1	A	BRAKERILHT00000003745	A
anno1.g3197.t2	A	BRAKERILHT00000003064	A
anno1.g3198.t1	A	BRAKERILHT00000002573	A
anno1.g3200.t1	A	BRAKERILHT00000004002	A
anno1.g3201.t1	A	BRAKERILHT00000003491	A
anno1.g3202.t1	A	BRAKERILHT00000002679	A
anno1.g3203.t1	A	BRAKERILHT00000002909	A
anno1.g3204.t1	A	BRAKERILHT00000003550	A
anno1.g3205.t1	A	BRAKERILHT00000004218	A
anno1.g3207.t1	A	BRAKERILHT00000002592	A
anno1.g3208.t2	A	BRAKERILHT00000003231	A
anno1.g3209.t1	A	BRAKERILHT00000004217	A
anno1.g3210.t1	A	BRAKERILHT00000002640	A
anno1.g3212.t1	A	BRAKERILHT00000003546	A
anno1.g3214.t1	A	BRAKERILHT00000004037	A
anno1.g3215.t1	A	BRAKERILHT00000002266	A
anno1.g3216.t2	A	BRAKERILHT00000003945	A
anno1.g3217.t1	A	BRAKERILHT00000003735	A
anno1.g3218.t1	A	BRAKERILHT00000003112	A
anno1.g3219.t2	A	BRAKERILHT00000002499	A
anno1.g3220.t1	A	BRAKERILHT00000003876	A
anno1.g3222.t1	A	BRAKERILHT00000004332	A
anno1.g3223.t1	A	BRAKERILHT00000003712	A
anno1.g3224.t1	A	BRAKERILHT00000002440	A
anno1.g3225.t1	A	BRAKERILHT00000002412	A
anno1.g3226.t1	A	BRAKERILHT00000004057	A
anno1.g3228.t1	A	BRAKERILHT00000003327	A
anno1.g3229.t1	A	BRAKERILHT00000003960	A
anno1.g3230.t1	A	BRAKERILHT00000002342	A
anno1.g3231.t1	A	BRAKERILHT00000002261	A
anno1.g3232.t1	A	BRAKERILHT00000002894	A
anno1.g3235.t1	A	BRAKERILHT00000002660	A
anno1.g3236.t3	A	BRAKERILHT00000003890	A
anno1.g3237.t2	A	BRAKERILHT00000002330	A
anno1.g3238.t1	A	BRAKERILHT00000002847	A
anno1.g3239.t2	A	BRAKERILHT00000003607	A
anno1.g3240.t1	A	BRAKERILHT00000004208	A
anno1.g3242.t1	A	BRAKERILHT00000003198	A
anno1.g3245.t1	A	BRAKERILHT00000003811	A
anno1.g3246.t1	A	BRAKERILHT00000003158	A
anno1.g3247.t2	A	BRAKERILHT00000002563	A
anno1.g3248.t1	A	BRAKERILHT00000002790	A
anno1.g3249.t1	A	BRAKERILHT00000003832	A
anno1.g3250.t1	A	BRAKERILHT00000002719	A
anno1.g3251.t1	A	BRAKERILHT00000003879	A
anno1.g3255.t1	A	BRAKERILHT00000004374	A
anno1.g3257.t1	A	BRAKERILHT00000004995	A
anno1.g3259.t1	A	BRAKERILHT00000006372	A
anno1.g3261.t1	A	BRAKERILHT00000004116	A
anno1.g3262.t1	A	BRAKERILHT00000004370	A
anno1.g3263.t2	A	BRAKERILHT00000002712	A
anno1.g3264.t1	A	BRAKERILHT00000004380	A
anno1.g3266.t1	A	BRAKERILHT00000003087	A
anno1.g3267.t1	A	BRAKERILHT00000004372	A
anno1.g3268.t1	A	BRAKERILHT00000003600	A
anno1.g3270.t1	A	BRAKERILHT00000003078	A
anno1.g3272.t1	A	BRAKERILHT00000002602	A
anno1.g3273.t1	A	BRAKERILHT00000003768	A
anno1.g3277.t1	A	BRAKERILHT00000017239	X
anno1.g3279.t1	A	BRAKERILHT00000002674	A
anno1.g3280.t1	A	BRAKERILHT00000003954	A
anno1.g3281.t1	A	BRAKERILHT00000002204	A
anno1.g3282.t1	A	BRAKERILHT00000003635	A
anno1.g3284.t1	A	BRAKERILHT00000010544	A
anno1.g3290.t1	A	BRAKERILHT00000011020	A
anno1.g3291.t1	A	BRAKERILHT00000010593	A
anno1.g3293.t1	A	BRAKERILHT00000002892	A
anno1.g3298.t1	A	BRAKERILHT00000002993	A
anno1.g3299.t1	A	BRAKERILHT00000003626	A
anno1.g3300.t1	A	BRAKERILHT00000003299	A
anno1.g3301.t2	A	BRAKERILHT00000002676	A
anno1.g3303.t1	A	BRAKERILHT00000002983	A
anno1.g3304.t1	A	BRAKERILHT00000002193	A
anno1.g3305.t2	A	BRAKERILHT00000002523	A
anno1.g3306.t1	A	BRAKERILHT00000003552	A
anno1.g3309.t2	A	BRAKERILHT00000002336	A
anno1.g3310.t1	A	BRAKERILHT00000003332	A
anno1.g3311.t1	A	BRAKERILHT00000002995	A
anno1.g3312.t1	A	BRAKERILHT00000003473	A
anno1.g3313.t1	A	BRAKERILHT00000003969	A
anno1.g3314.t1	A	BRAKERILHT00000002234	A
anno1.g3315.t1	A	BRAKERILHT00000003111	A
anno1.g3316.t1	A	BRAKERILHT00000003391	A
anno1.g3317.t2	A	BRAKERILHT00000003119	A
anno1.g3318.t2	A	BRAKERILHT00000004408	A
anno1.g3319.t1	A	BRAKERILHT00000003751	A
anno1.g3320.t2	A	BRAKERILHT00000002252	A
anno1.g3324.t1	A	BRAKERILHT00000003627	A
anno1.g3325.t2	A	BRAKERILHT00000004134	A
anno1.g3331.t3	A	BRAKERILHT00000004096	A
anno1.g3335.t1	A	BRAKERILHT00000003142	A
anno1.g3345.t1	A	BRAKERILHT00000002745	A
anno1.g3346.t1	A	BRAKERILHT00000002768	A
anno1.g3348.t1	A	BRAKERILHT00000004055	A
anno1.g3350.t1	A	BRAKERILHT00000002360	A
anno1.g3351.t1	A	BRAKERILHT00000004008	A
anno1.g3352.t1	A	BRAKERILHT00000017532	X
anno1.g3353.t1	A	BRAKERILHT00000003269	A
anno1.g3355.t1	A	BRAKERILHT00000011981	A
anno1.g3359.t1	A	BRAKERILHT00000006495	A
anno1.g3360.t1	A	BRAKERILHT00000008413	A
anno1.g3365.t1	A	BRAKERILHT00000002511	A
anno1.g3369.t2	A	BRAKERILHT00000003340	A
anno1.g3370.t1	A	BRAKERILHT00000003782	A
anno1.g3371.t1	A	BRAKERILHT00000002203	A
anno1.g3375.t1	A	BRAKERILHT00000016710	A
anno1.g3380.t1	A	BRAKERILHT00000002536	A
anno1.g3388.t1	A	BRAKERILHT00000004328	A
anno1.g3391.t1	A	BRAKERILHT00000002302	A
anno1.g3392.t1	A	BRAKERILHT00000004306	A
anno1.g3393.t2	A	BRAKERILHT00000003986	A
anno1.g3396.t1	A	BRAKERILHT00000002319	A
anno1.g3397.t1	A	BRAKERILHT00000002977	A
anno1.g3401.t2	A	BRAKERILHT00000003427	A
anno1.g3402.t4	A	BRAKERILHT00000003979	A
anno1.g3404.t1	A	BRAKERILHT00000003305	A
anno1.g3409.t1	A	BRAKERILHT00000000586	A
anno1.g3410.t1	A	BRAKERILHT00000002461	A
anno1.g3411.t1	A	BRAKERILHT00000003424	A
anno1.g3416.t2	A	BRAKERILHT00000003298	A
anno1.g3421.t2	A	BRAKERILHT00000002822	A
anno1.g3423.t1	A	BRAKERILHT00000004070	A
anno1.g3424.t1	A	BRAKERILHT00000002343	A
anno1.g3425.t1	A	BRAKERILHT00000003560	A
anno1.g3426.t1	A	BRAKERILHT00000004305	A
anno1.g3429.t1	A	BRAKERILHT00000004078	A
anno1.g3430.t1	A	BRAKERILHT00000003122	A
anno1.g3433.t1	A	BRAKERILHT00000017297	X
anno1.g3435.t1	A	BRAKERILHT00000002777	A
anno1.g3438.t1	A	BRAKERILHT00000002727	A
anno1.g3440.t1	A	BRAKERILHT00000003219	A
anno1.g3441.t1	A	BRAKERILHT00000002594	A
anno1.g3442.t1	A	BRAKERILHT00000003862	A
anno1.g3443.t1	A	BRAKERILHT00000003129	A
anno1.g3444.t1	A	BRAKERILHT00000002634	A
anno1.g3445.t1	A	BRAKERILHT00000012243	A
anno1.g3446.t1	A	BRAKERILHT00000002332	A
anno1.g3447.t2	A	BRAKERILHT00000003010	A
anno1.g3448.t2	A	BRAKERILHT00000004420	A
anno1.g3449.t1	A	BRAKERILHT00000002833	A
anno1.g3450.t2	A	BRAKERILHT00000004071	A
anno1.g3453.t1	A	BRAKERILHT00000002295	A
anno1.g3454.t1	A	BRAKERILHT00000003838	A
anno1.g3455.t1	A	BRAKERILHT00000002633	A
anno1.g3456.t1	A	BRAKERILHT00000004368	A
anno1.g3457.t1	A	BRAKERILHT00000002866	A
anno1.g3458.t1	A	BRAKERILHT00000003140	A
anno1.g3459.t1	A	BRAKERILHT00000002631	A
anno1.g3460.t1	A	BRAKERILHT00000004104	A
anno1.g3469.t1	A	BRAKERILHT00000003317	A
anno1.g3471.t1	A	BRAKERILHT00000003492	A
anno1.g3474.t1	A	BRAKERILHT00000016849	A
anno1.g3476.t1	A	BRAKERILHT00000004186	A
anno1.g3477.t1	A	BRAKERILHT00000003246	A
anno1.g3478.t1	A	BRAKERILHT00000002783	A
anno1.g3488.t1	A	BRAKERILHT00000004413	A
anno1.g3493.t3	A	BRAKERILHT00000004261	A
anno1.g3497.t1	A	BRAKERILHT00000004164	A
anno1.g3498.t1	A	BRAKERILHT00000002469	A
anno1.g3499.t2	A	BRAKERILHT00000003581	A
anno1.g3500.t1	A	BRAKERILHT00000003997	A
anno1.g3501.t1	A	BRAKERILHT00000003361	A
anno1.g3503.t2	A	BRAKERILHT00000003199	A
anno1.g3504.t1	A	BRAKERILHT00000002548	A
anno1.g3505.t1	A	BRAKERILHT00000004278	A
anno1.g3506.t1	A	BRAKERILHT00000003181	A
anno1.g3509.t1	A	BRAKERILHT00000002690	A
anno1.g3510.t1	A	BRAKERILHT00000004022	A
anno1.g3511.t1	A	BRAKERILHT00000003503	A
anno1.g3514.t1	A	BRAKERILHT00000003538	A
anno1.g3516.t1	A	BRAKERILHT00000003253	A
anno1.g3517.t7	A	BRAKERILHT00000003482	A
anno1.g3523.t1	A	BRAKERILHT00000004376	A
anno1.g3524.t1	A	BRAKERILHT00000003302	A
anno1.g3525.t1	A	BRAKERILHT00000003789	A
anno1.g3528.t1	A	BRAKERILHT00000004288	A
anno1.g3529.t1	A	BRAKERILHT00000002514	A
anno1.g3531.t1	A	BRAKERILHT00000002991	A
anno1.g3532.t1	A	BRAKERILHT00000003343	A
anno1.g3533.t2	A	BRAKERILHT00000003931	A
anno1.g3534.t1	A	BRAKERILHT00000002740	A
anno1.g3537.t1	A	BRAKERILHT00000002681	A
anno1.g3538.t1	A	BRAKERILHT00000004194	A
anno1.g3540.t1	A	BRAKERILHT00000003499	A
anno1.g3541.t1	A	BRAKERILHT00000000245	A
anno1.g3542.t1	A	BRAKERILHT00000004136	A
anno1.g3543.t1	A	BRAKERILHT00000004179	A
anno1.g3544.t1	A	BRAKERILHT00000002551	A
anno1.g3545.t1	A	BRAKERILHT00000002485	A
anno1.g3546.t1	A	BRAKERILHT00000003202	A
anno1.g3547.t2	A	BRAKERILHT00000004202	A
anno1.g3548.t2	A	BRAKERILHT00000002687	A
anno1.g3549.t1	A	BRAKERILHT00000002318	A
anno1.g3550.t1	A	BRAKERILHT00000002967	A
anno1.g3551.t1	A	BRAKERILHT00000003934	A
anno1.g3552.t4	A	BRAKERILHT00000002458	A
anno1.g3553.t1	A	BRAKERILHT00000003605	A
anno1.g3559.t1	A	BRAKERILHT00000002646	A
anno1.g3561.t1	A	BRAKERILHT00000002500	A
anno1.g3562.t1	A	BRAKERILHT00000003130	A
anno1.g3564.t1	A	BRAKERILHT00000003074	A
anno1.g3565.t1	A	BRAKERILHT00000003695	A
anno1.g3567.t1	A	BRAKERILHT00000004113	A
anno1.g3568.t1	A	BRAKERILHT00000002218	A
anno1.g3569.t1	A	BRAKERILHT00000003825	A
anno1.g3570.t1	A	BRAKERILHT00000004367	A
anno1.g3571.t1	A	BRAKERILHT00000003511	A
anno1.g3572.t1	A	BRAKERILHT00000003035	A
anno1.g3573.t1	A	BRAKERILHT00000002568	A
anno1.g3576.t1	A	BRAKERILHT00000003943	A
anno1.g3577.t1	A	BRAKERILHT00000003734	A
anno1.g3579.t1	A	BRAKERILHT00000002298	A
anno1.g3582.t1	A	BRAKERILHT00000002444	A
anno1.g3584.t1	A	BRAKERILHT00000004336	A
anno1.g3587.t1	A	BRAKERILHT00000003406	A
anno1.g3588.t1	A	BRAKERILHT00000004354	A
anno1.g3589.t1	A	BRAKERILHT00000002744	A
anno1.g3590.t1	A	BRAKERILHT00000004227	A
anno1.g3592.t1	A	BRAKERILHT00000002932	A
anno1.g3593.t1	A	BRAKERILHT00000004287	A
anno1.g3594.t1	A	BRAKERILHT00000003892	A
anno1.g3595.t1	A	BRAKERILHT00000002417	A
anno1.g3596.t1	A	BRAKERILHT00000003430	A
anno1.g3597.t1	A	BRAKERILHT00000004072	A
anno1.g3598.t1	A	BRAKERILHT00000002606	A
anno1.g3599.t1	A	BRAKERILHT00000002815	A
anno1.g3600.t1	A	BRAKERILHT00000003378	A
anno1.g3601.t2	A	BRAKERILHT00000004085	A
anno1.g3602.t1	A	BRAKERILHT00000004406	A
anno1.g3604.t1	A	BRAKERILHT00000002770	A
anno1.g3605.t1	A	BRAKERILHT00000003858	A
anno1.g3606.t3	A	BRAKERILHT00000002232	A
anno1.g3607.t1	A	BRAKERILHT00000002554	A
anno1.g3608.t1	A	BRAKERILHT00000003244	A
anno1.g3609.t1	A	BRAKERILHT00000004035	A
anno1.g3610.t1	A	BRAKERILHT00000002392	A
anno1.g3612.t2	A	BRAKERILHT00000002741	A
anno1.g3613.t1	A	BRAKERILHT00000003056	A
anno1.g3614.t1	A	BRAKERILHT00000003691	A
anno1.g3615.t1	A	BRAKERILHT00000003537	A
anno1.g3616.t1	A	BRAKERILHT00000004198	A
anno1.g3618.t1	A	BRAKERILHT00000003865	A
anno1.g3620.t1	A	BRAKERILHT00000003047	A
anno1.g3622.t1	A	BRAKERILHT00000016206	A
anno1.g3623.t1	A	BRAKERILHT00000000479	A
anno1.g3624.t2	A	BRAKERILHT00000002812	A
anno1.g3625.t1	A	BRAKERILHT00000002271	A
anno1.g3626.t2	A	BRAKERILHT00000004231	A
anno1.g3627.t1	A	BRAKERILHT00000002743	A
anno1.g3629.t1	A	BRAKERILHT00000003407	A
anno1.g3630.t1	A	BRAKERILHT00000004245	A
anno1.g3631.t3	A	BRAKERILHT00000003214	A
anno1.g3632.t1	A	BRAKERILHT00000002696	A
anno1.g3633.t1	A	BRAKERILHT00000003856	A
anno1.g3634.t1	A	BRAKERILHT00000002291	A
anno1.g3635.t1	A	BRAKERILHT00000003322	A
anno1.g3636.t1	A	BRAKERILHT00000004404	A
anno1.g3637.t1	A	BRAKERILHT00000002352	A
anno1.g3638.t1	A	BRAKERILHT00000004183	A
anno1.g3640.t1	A	BRAKERILHT00000006113	A
anno1.g3642.t1	A	BRAKERILHT00000003610	A
anno1.g3643.t1	A	BRAKERILHT00000003247	A
anno1.g3646.t1	A	BRAKERILHT00000003978	A
anno1.g3647.t1	A	BRAKERILHT00000004196	A
anno1.g3650.t1	A	BRAKERILHT00000002210	A
anno1.g3651.t2	A	BRAKERILHT00000003797	A
anno1.g3653.t1	A	BRAKERILHT00000004157	A
anno1.g3654.t1	A	BRAKERILHT00000002903	A
anno1.g3655.t1	A	BRAKERILHT00000003258	A
anno1.both_agree_g10486.t1	A	BRAKERILHT00000004252	A
anno1.g3658.t1	A	BRAKERILHT00000004173	A
anno1.g3659.t1	A	BRAKERILHT00000003044	A
anno1.g3660.t1	A	BRAKERILHT00000003590	A
anno1.g3661.t1	A	BRAKERILHT00000002448	A
anno1.g3662.t1	A	BRAKERILHT00000002642	A
anno1.g3663.t1	A	BRAKERILHT00000004323	A
anno1.g3664.t2	A	BRAKERILHT00000002707	A
anno1.g3665.t1	A	BRAKERILHT00000003063	A
anno1.g3666.t1	A	BRAKERILHT00000004211	A
anno1.g3667.t3	A	BRAKERILHT00000003575	A
anno1.g3669.t2	A	BRAKERILHT00000002328	A
anno1.g3670.t1	A	BRAKERILHT00000002963	A
anno1.g3671.t1	A	BRAKERILHT00000003824	A
anno1.g3672.t1	A	BRAKERILHT00000002180	A
anno1.g3673.t1	A	BRAKERILHT00000002961	A
anno1.g3674.t1	A	BRAKERILHT00000004185	A
anno1.g3675.t1	A	BRAKERILHT00000002811	A
anno1.g3676.t1	A	BRAKERILHT00000003435	A
anno1.g3677.t1	A	BRAKERILHT00000003066	A
anno1.g3679.t1	A	BRAKERILHT00000003248	A
anno1.g3680.t1	A	BRAKERILHT00000004161	A
anno1.g3682.t1	A	BRAKERILHT00000003315	A
anno1.g3683.t2	A	BRAKERILHT00000003160	A
anno1.g3684.t1	A	BRAKERILHT00000002686	A
anno1.g3689.t1	A	BRAKERILHT00000002669	A
anno1.g3690.t1	A	BRAKERILHT00000004331	A
anno1.g3691.t1	A	BRAKERILHT00000003651	A
anno1.g3692.t1	A	BRAKERILHT00000002431	A
anno1.g3693.t1	A	BRAKERILHT00000003031	A
anno1.g3695.t2	A	BRAKERILHT00000004160	A
anno1.g3696.t1	A	BRAKERILHT00000004344	A
anno1.g3697.t1	A	BRAKERILHT00000003833	A
anno1.g3698.t2	A	BRAKERILHT00000003868	A
anno1.g3699.t1	A	BRAKERILHT00000002801	A
anno1.g3700.t2	A	BRAKERILHT00000002258	A
anno1.g3701.t1	A	BRAKERILHT00000004089	A
anno1.g3704.t3	A	BRAKERILHT00000002451	A
anno1.g3705.t1	A	BRAKERILHT00000003052	A
anno1.g3706.t1	A	BRAKERILHT00000002503	A
anno1.g3707.t1	A	BRAKERILHT00000004292	A
anno1.g3708.t1	A	BRAKERILHT00000002951	A
anno1.g3709.t1	A	BRAKERILHT00000002409	A
anno1.g3710.t2	A	BRAKERILHT00000004397	A
anno1.g3711.t1	A	BRAKERILHT00000002200	A
anno1.g3712.t1	A	BRAKERILHT00000002860	A
anno1.g3713.t1	A	BRAKERILHT00000003752	A
anno1.g3715.t1	A	BRAKERILHT00000003959	A
anno1.g3716.t1	A	BRAKERILHT00000002495	A
anno1.g3718.t2	A	BRAKERILHT00000003020	A
anno1.g3722.t1	A	BRAKERILHT00000002513	A
anno1.g3723.t1	A	BRAKERILHT00000003303	A
anno1.g3724.t1	A	BRAKERILHT00000003169	A
anno1.g3726.t1	A	BRAKERILHT00000002855	A
anno1.g3727.t1	A	BRAKERILHT00000003159	A
anno1.g3728.t1	A	BRAKERILHT00000003388	A
anno1.g3729.t2	A	BRAKERILHT00000003687	A
anno1.g3730.t1	A	BRAKERILHT00000004383	A
anno1.g3733.t1	A	BRAKERILHT00000003109	A
anno1.g3737.t1	A	BRAKERILHT00000003840	A
anno1.g3742.t1	A	BRAKERILHT00000011836	A
anno1.g3743.t1	A	BRAKERILHT00000003285	A
anno1.g3744.t1	A	BRAKERILHT00000003788	A
anno1.g3747.t2	A	BRAKERILHT00000003988	A
anno1.g3748.t1	A	BRAKERILHT00000002187	A
anno1.g3749.t2	A	BRAKERILHT00000003451	A
anno1.g3750.t1	A	BRAKERILHT00000003632	A
anno1.g3752.t3	A	BRAKERILHT00000004216	A
anno1.g3753.t1	A	BRAKERILHT00000003137	A
anno1.g3756.t2	A	BRAKERILHT00000003480	A
anno1.g3764.t1	A	BRAKERILHT00000003102	A
anno1.g3765.t1	A	BRAKERILHT00000017897	X
anno1.g3766.t1	A	BRAKERILHT00000003842	A
anno1.g3767.t1	A	BRAKERILHT00000003534	A
anno1.g3774.t1	A	BRAKERILHT00000004123	A
anno1.g3778.t1	A	BRAKERILHT00000002654	A
anno1.g3779.t2	A	BRAKERILHT00000004061	A
anno1.g3786.t1	A	BRAKERILHT00000002591	A
anno1.g3787.t1	A	BRAKERILHT00000004041	A
anno1.g3788.t1	A	BRAKERILHT00000002527	A
anno1.g3789.t1	A	BRAKERILHT00000002787	A
anno1.g3790.t1	A	BRAKERILHT00000003401	A
anno1.g3791.t1	A	BRAKERILHT00000002209	A
anno1.g3793.t1	A	BRAKERILHT00000002845	A
anno1.g3795.t1	A	BRAKERILHT00000003164	A
anno1.g3796.t1	A	BRAKERILHT00000003409	A
anno1.g3797.t1	A	BRAKERILHT00000002422	A
anno1.g3798.t1	A	BRAKERILHT00000003283	A
anno1.g3799.t1	A	BRAKERILHT00000002721	A
anno1.g3801.t1	A	BRAKERILHT00000003226	A
anno1.g3803.t1	A	BRAKERILHT00000003705	A
anno1.g3804.t1	A	BRAKERILHT00000004248	A
anno1.g3805.t1	A	BRAKERILHT00000004077	A
anno1.g3806.t1	A	BRAKERILHT00000004396	A
anno1.g3807.t1	A	BRAKERILHT00000003089	A
anno1.g3808.t1	A	BRAKERILHT00000003991	A
anno1.g3809.t1	A	BRAKERILHT00000003455	A
anno1.g3810.t1	A	BRAKERILHT00000002671	A
anno1.g3811.t1	A	BRAKERILHT00000004307	A
anno1.g3812.t1	A	BRAKERILHT00000002310	A
anno1.g3813.t1	A	BRAKERILHT00000003563	A
anno1.g3814.t1	A	BRAKERILHT00000004062	A
anno1.g3815.t1	A	BRAKERILHT00000004353	A
anno1.g3816.t1	A	BRAKERILHT00000002574	A
anno1.g3817.t1	A	BRAKERILHT00000003146	A
anno1.g3819.t1	A	BRAKERILHT00000002351	A
anno1.g3821.t1	A	BRAKERILHT00000004119	A
anno1.g3823.t1	A	BRAKERILHT00000003307	A
anno1.g3824.t1	A	BRAKERILHT00000002507	A
anno1.g3825.t1	A	BRAKERILHT00000004296	A
anno1.g3826.t3	A	BRAKERILHT00000004277	A
anno1.g3827.t1	A	BRAKERILHT00000003493	A
anno1.g3828.t1	A	BRAKERILHT00000002970	A
anno1.g3829.t1	A	BRAKERILHT00000002181	A
anno1.g3830.t1	A	BRAKERILHT00000003958	A
anno1.g3831.t1	A	BRAKERILHT00000003633	A
anno1.g3832.t1	A	BRAKERILHT00000003477	A
anno1.g3833.t1	A	BRAKERILHT00000002505	A
anno1.g3836.t1	A	BRAKERILHT00000002347	A
anno1.g3837.t1	A	BRAKERILHT00000003313	A
anno1.g3839.t1	A	BRAKERILHT00000002979	A
anno1.g3842.t2	A	BRAKERILHT00000004273	A
anno1.g3843.t1	A	BRAKERILHT00000007853	A
anno1.g3845.t1	A	BRAKERILHT00000003815	A
anno1.g3846.t1	A	BRAKERILHT00000003309	A
anno1.g3848.t1	A	BRAKERILHT00000003927	A
anno1.g3849.t2	A	BRAKERILHT00000002432	A
anno1.g3850.t1	A	BRAKERILHT00000002445	A
anno1.g3852.t1	A	BRAKERILHT00000003680	A
anno1.g3853.t1	A	BRAKERILHT00000002694	A
anno1.g3854.t1	A	BRAKERILHT00000004191	A
anno1.g3856.t2	A	BRAKERILHT00000002683	A
anno1.g3857.t1	A	BRAKERILHT00000003196	A
anno1.g3858.t1	A	BRAKERILHT00000003434	A
anno1.g3859.t2	A	BRAKERILHT00000003326	A
anno1.g3860.t1	A	BRAKERILHT00000002337	A
anno1.g3861.t1	A	BRAKERILHT00000003622	A
anno1.g3862.t2	A	BRAKERILHT00000002670	A
anno1.g3863.t2	A	BRAKERILHT00000002667	A
anno1.g3864.t1	A	BRAKERILHT00000003973	A
anno1.g3867.t1	A	BRAKERILHT00000003345	A
anno1.g3868.t1	A	BRAKERILHT00000002992	A
anno1.g3869.t1	A	BRAKERILHT00000003749	A
anno1.g3870.t1	A	BRAKERILHT00000004267	A
anno1.g3871.t1	A	BRAKERILHT00000002460	A
anno1.g3873.t2	A	BRAKERILHT00000003914	A
anno1.g3875.t1	A	BRAKERILHT00000003348	A
anno1.g3876.t1	A	BRAKERILHT00000002914	A
anno1.g3877.t1	A	BRAKERILHT00000002406	A
anno1.g3878.t1	A	BRAKERILHT00000003042	A
anno1.g3879.t1	A	BRAKERILHT00000004169	A
anno1.g3880.t1	A	BRAKERILHT00000003702	A
anno1.g3881.t1	A	BRAKERILHT00000003222	A
anno1.g3882.t1	A	BRAKERILHT00000003338	A
anno1.g3883.t1	A	BRAKERILHT00000002723	A
anno1.g3884.t1	A	BRAKERILHT00000003216	A
anno1.g3885.t1	A	BRAKERILHT00000003726	A
anno1.g3886.t2	A	BRAKERILHT00000002361	A
anno1.g3887.t1	A	BRAKERILHT00000002862	A
anno1.g3888.t1	A	BRAKERILHT00000003383	A
anno1.g3889.t1	A	BRAKERILHT00000004019	A
anno1.g3890.t1	A	BRAKERILHT00000003916	A
anno1.g3891.t1	A	BRAKERILHT00000002393	A
anno1.g3892.t1	A	BRAKERILHT00000003694	A
anno1.g3893.t1	A	BRAKERILHT00000003665	A
anno1.g3896.t1	A	BRAKERILHT00000006917	A
anno1.g3900.t1	A	BRAKERILHT00000002793	A
anno1.g3903.t1	A	BRAKERILHT00000018083	Y
anno1.g3904.t1	A	BRAKERILHT00000002934	A
anno1.g3905.t1	A	BRAKERILHT00000004432	A
anno1.g3906.t1	A	BRAKERILHT00000003177	A
anno1.g3911.t1	A	BRAKERILHT00000002583	A
anno1.g3912.t1	A	BRAKERILHT00000003572	A
anno1.g3913.t1	A	BRAKERILHT00000002490	A
anno1.g3914.t1	A	BRAKERILHT00000003229	A
anno1.g3916.t4	A	BRAKERILHT00000004433	A
anno1.g3917.t1	A	BRAKERILHT00000002512	A
anno1.g3918.t1	A	BRAKERILHT00000002766	A
anno1.g3919.t1	A	BRAKERILHT00000003400	A
anno1.g3920.t1	A	BRAKERILHT00000004382	A
anno1.g3921.t1	A	BRAKERILHT00000002213	A
anno1.g3922.t1	A	BRAKERILHT00000003209	A
anno1.g3924.t1	A	BRAKERILHT00000002376	A
anno1.g3925.t2	A	BRAKERILHT00000002835	A
anno1.g3926.t1	A	BRAKERILHT00000003297	A
anno1.g3932.t1	A	BRAKERILHT00000003786	A
anno1.g3933.t1	A	BRAKERILHT00000004281	A
anno1.g3934.t1	A	BRAKERILHT00000002508	A
anno1.g3935.t1	A	BRAKERILHT00000003176	A
anno1.g3936.t1	A	BRAKERILHT00000004429	A
anno1.g3937.t1	A	BRAKERILHT00000003770	A
anno1.g3939.t1	A	BRAKERILHT00000003245	A
anno1.g3940.t1	A	BRAKERILHT00000002557	A
anno1.g3944.t1	A	BRAKERILHT00000002441	A
anno1.g3945.t1	A	BRAKERILHT00000002368	A
anno1.g3947.t3	A	BRAKERILHT00000004106	A
anno1.g3949.t1	A	BRAKERILHT00000003153	A
anno1.g3952.t2	A	BRAKERILHT00000002836	A
anno1.g3954.t2	A	BRAKERILHT00000002476	A
anno1.g3953.t3	A	BRAKERILHT00000002303	A
anno1.g3955.t1	A	BRAKERILHT00000003592	A
anno1.g3957.t1	A	BRAKERILHT00000004346	A
anno1.g3958.t1	A	BRAKERILHT00000002224	A
anno1.g3959.t1	A	BRAKERILHT00000002872	A
anno1.g3960.t1	A	BRAKERILHT00000003500	A
anno1.g3961.t1	A	BRAKERILHT00000003527	A
anno1.g3962.t1	A	BRAKERILHT00000002418	A
anno1.g3963.t1	A	BRAKERILHT00000003233	A
anno1.g3964.t2	A	BRAKERILHT00000003429	A
anno1.g3965.t1	A	BRAKERILHT00000004312	A
anno1.g3966.t1	A	BRAKERILHT00000002520	A
anno1.g3967.t2	A	BRAKERILHT00000003132	A
anno1.g3968.t1	A	BRAKERILHT00000002498	A
anno1.g3969.t1	A	BRAKERILHT00000003497	A
anno1.g3971.t1	A	BRAKERILHT00000002795	A
anno1.g3973.t1	A	BRAKERILHT00000003569	A
anno1.g3974.t1	A	BRAKERILHT00000003057	A
anno1.g3975.t1	A	BRAKERILHT00000002569	A
anno1.g3976.t1	A	BRAKERILHT00000003766	A
anno1.g3977.t1	A	BRAKERILHT00000003557	A
anno1.g3978.t1	A	BRAKERILHT00000002817	A
anno1.g3979.t1	A	BRAKERILHT00000004102	A
anno1.g3980.t1	A	BRAKERILHT00000006362	A
anno1.g3981.t1	A	BRAKERILHT00000004152	A
anno1.g3982.t1	A	BRAKERILHT00000002489	A
anno1.g3983.t1	A	BRAKERILHT00000002940	A
anno1.g3984.t2	A	BRAKERILHT00000003439	A
anno1.g3985.t1	A	BRAKERILHT00000003800	A
anno1.g3986.t1	A	BRAKERILHT00000002216	A
anno1.g3987.t1	A	BRAKERILHT00000004335	A
anno1.g3988.t1	A	BRAKERILHT00000002622	A
anno1.g3990.t1	A	BRAKERILHT00000002653	A
anno1.g3991.t3	A	BRAKERILHT00000002220	A
anno1.g3992.t1	A	BRAKERILHT00000002452	A
anno1.g3993.t1	A	BRAKERILHT00000003586	A
anno1.g3994.t1	A	BRAKERILHT00000002183	A
anno1.g3995.t1	A	BRAKERILHT00000002957	A
anno1.g3996.t1	A	BRAKERILHT00000003780	A
anno1.g3997.t1	A	BRAKERILHT00000002231	A
anno1.g3998.t1	A	BRAKERILHT00000004416	A
anno1.g3999.t1	A	BRAKERILHT00000003510	A
anno1.g4000.t1	A	BRAKERILHT00000003995	A
anno1.g4001.t1	A	BRAKERILHT00000003470	A
anno1.g4002.t3	A	BRAKERILHT00000003645	A
anno1.g4004.t1	A	BRAKERILHT00000010973	A
anno1.g4006.t1	A	BRAKERILHT00000003810	A
anno1.g4007.t1	A	BRAKERILHT00000004377	A
anno1.g4008.t1	A	BRAKERILHT00000004158	A
anno1.g4011.t1	A	BRAKERILHT00000003150	A
anno1.g4013.t1	A	BRAKERILHT00000003901	A
anno1.g4014.t1	A	BRAKERILHT00000003339	A
anno1.g4016.t1	A	BRAKERILHT00000002853	A
anno1.g4017.t3	A	BRAKERILHT00000002315	A
anno1.g4018.t1	A	BRAKERILHT00000002475	A
anno1.g4020.t1	A	BRAKERILHT00000003612	A
anno1.g4021.t1	A	BRAKERILHT00000002737	A
anno1.g4022.t1	A	BRAKERILHT00000003883	A
anno1.g4025.t1	A	BRAKERILHT00000002878	A
anno1.g4026.t1	A	BRAKERILHT00000003392	A
anno1.g4029.t1	A	BRAKERILHT00000003755	A
anno1.g4033.t1	A	BRAKERILHT00000003009	A
anno1.g4034.t1	A	BRAKERILHT00000004166	A
anno1.g4036.t1	A	BRAKERILHT00000004051	A
anno1.g4037.t1	A	BRAKERILHT00000003496	A
anno1.g4042.t1	A	BRAKERILHT00000003535	A
anno1.g4043.t1	A	BRAKERILHT00000002774	A
anno1.g4044.t4	A	BRAKERILHT00000002350	A
anno1.g4046.t1	A	BRAKERILHT00000004110	A
anno1.g4048.t1	A	BRAKERILHT00000002664	A
anno1.g4049.t1	A	BRAKERILHT00000004318	A
anno1.g4055.t1	A	BRAKERILHT00000004238	A
anno1.g4058.t1	A	BRAKERILHT00000007051	A
anno1.g4060.t1	A	BRAKERILHT00000007024	A
anno1.g4061.t1	A	BRAKERILHT00000006991	A
anno1.g4062.t1	A	BRAKERILHT00000007375	A
anno1.g4063.t1	A	BRAKERILHT00000008297	A
anno1.g4064.t2	A	BRAKERILHT00000008065	A
anno1.g4066.t1	A	BRAKERILHT00000008328	A
anno1.g4067.t1	A	BRAKERILHT00000006542	A
anno1.g4068.t1	A	BRAKERILHT00000007718	A
anno1.g4070.t1	A	BRAKERILHT00000006854	A
anno1.g4074.t1	A	BRAKERILHT00000008099	A
anno1.g4077.t1	A	BRAKERILHT00000008390	A
anno1.g4078.t1	A	BRAKERILHT00000008456	A
anno1.g4079.t1	A	BRAKERILHT00000007895	A
anno1.g4080.t2	A	BRAKERILHT00000007219	A
anno1.g4081.t1	A	BRAKERILHT00000006767	A
anno1.g4082.t1	A	BRAKERILHT00000006811	A
anno1.g4083.t1	A	BRAKERILHT00000007340	A
anno1.g4084.t1	A	BRAKERILHT00000008145	A
anno1.g4086.t1	A	BRAKERILHT00000007800	A
anno1.g4087.t1	A	BRAKERILHT00000006638	A
anno1.g4088.t1	A	BRAKERILHT00000008100	A
anno1.g4089.t1	A	BRAKERILHT00000007540	A
anno1.g4090.t2	A	BRAKERILHT00000007127	A
anno1.g4092.t1	A	BRAKERILHT00000006742	A
anno1.g4093.t1	A	BRAKERILHT00000007237	A
anno1.g4094.t1	A	BRAKERILHT00000007750	A
anno1.g4095.t1	A	BRAKERILHT00000007288	A
anno1.g4096.t1	A	BRAKERILHT00000006575	A
anno1.g4097.t1	A	BRAKERILHT00000007444	A
anno1.g4098.t1	A	BRAKERILHT00000006776	A
anno1.g4100.t2	A	BRAKERILHT00000007182	A
anno1.g4101.t1	A	BRAKERILHT00000008221	A
anno1.g4102.t1	A	BRAKERILHT00000007602	A
anno1.g4103.t1	A	BRAKERILHT00000008160	A
anno1.g4104.t1	A	BRAKERILHT00000006908	A
anno1.g4105.t1	A	BRAKERILHT00000007967	A
anno1.g4106.t1	A	BRAKERILHT00000008422	A
anno1.g4107.t1	A	BRAKERILHT00000007203	A
anno1.g4108.t6	A	BRAKERILHT00000006662	A
anno1.g4109.t1	A	BRAKERILHT00000006666	A
anno1.g4110.t1	A	BRAKERILHT00000008094	A
anno1.g4111.t1	A	BRAKERILHT00000007520	A
anno1.g4112.t1	A	BRAKERILHT00000007432	A
anno1.g4113.t1	A	BRAKERILHT00000006860	A
anno1.g4114.t1	A	BRAKERILHT00000007850	A
anno1.g4115.t1	A	BRAKERILHT00000008311	A
anno1.g4116.t1	A	BRAKERILHT00000008212	A
anno1.g4117.t2	A	BRAKERILHT00000008344	A
anno1.g4118.t1	A	BRAKERILHT00000007138	A
anno1.g4119.t1	A	BRAKERILHT00000008404	A
anno1.g4120.t1	A	BRAKERILHT00000007094	A
anno1.g4121.t1	A	BRAKERILHT00000008098	A
anno1.g4122.t1	A	BRAKERILHT00000008224	A
anno1.g4123.t1	A	BRAKERILHT00000007684	A
anno1.g4124.t1	A	BRAKERILHT00000007812	A
anno1.g4125.t1	A	BRAKERILHT00000007216	A
anno1.g4126.t2	A	BRAKERILHT00000006722	A
anno1.g4127.t1	A	BRAKERILHT00000007543	A
anno1.g4128.t1	A	BRAKERILHT00000006907	A
anno1.g4129.t1	A	BRAKERILHT00000007891	A
anno1.g4130.t1	A	BRAKERILHT00000006967	A
anno1.g4131.t1	A	BRAKERILHT00000008415	A
anno1.g4132.t1	A	BRAKERILHT00000007876	A
anno1.g4134.t1	A	BRAKERILHT00000007531	A
anno1.g4135.t1	A	BRAKERILHT00000007463	A
anno1.g4136.t3	A	BRAKERILHT00000006760	A
anno1.g4137.t1	A	BRAKERILHT00000008348	A
anno1.g4138.t1	A	BRAKERILHT00000007714	A
anno1.g4139.t1	A	BRAKERILHT00000007605	A
anno1.g4140.t1	A	BRAKERILHT00000008021	A
anno1.g4141.t1	A	BRAKERILHT00000007496	A
anno1.g4142.t1	A	BRAKERILHT00000008083	A
anno1.g4143.t1	A	BRAKERILHT00000008151	A
anno1.g4146.t1	A	BRAKERILHT00000008011	A
anno1.g4147.t2	A	BRAKERILHT00000007933	A
anno1.g4148.t1	A	BRAKERILHT00000008388	A
anno1.g4149.t1	A	BRAKERILHT00000008337	A
anno1.g4151.t2	A	BRAKERILHT00000007013	A
anno1.g4152.t1	A	BRAKERILHT00000007720	A
anno1.g4153.t1	A	BRAKERILHT00000008174	A
anno1.g4154.t1	A	BRAKERILHT00000006582	A
anno1.g4155.t4	A	BRAKERILHT00000006753	A
anno1.g4156.t1	A	BRAKERILHT00000008455	A
anno1.g4157.t1	A	BRAKERILHT00000007780	A
anno1.g4158.t2	A	BRAKERILHT00000006770	A
anno1.g4159.t1	A	BRAKERILHT00000007628	A
anno1.g4161.t1	A	BRAKERILHT00000006512	A
anno1.g4162.t1	A	BRAKERILHT00000007042	A
anno1.g4164.t1	A	BRAKERILHT00000008181	A
anno1.g4165.t1	A	BRAKERILHT00000007064	A
anno1.g4166.t2	A	BRAKERILHT00000006997	A
anno1.g4167.t1	A	BRAKERILHT00000006945	A
anno1.g4168.t1	A	BRAKERILHT00000007713	A
anno1.g4169.t1	A	BRAKERILHT00000007122	A
anno1.g4171.t1	A	BRAKERILHT00000006601	A
anno1.g4172.t2	A	BRAKERILHT00000008029	A
anno1.g4173.t1	A	BRAKERILHT00000007991	A
anno1.g4174.t1	A	BRAKERILHT00000007947	A
anno1.g4176.t2	A	BRAKERILHT00000007373	A
anno1.g4177.t2	A	BRAKERILHT00000007694	A
anno1.g4178.t1	A	BRAKERILHT00000007380	A
anno1.g4179.t1	A	BRAKERILHT00000007206	A
anno1.g4182.t1	A	BRAKERILHT00000007833	A
anno1.g4183.t1	A	BRAKERILHT00000006524	A
anno1.g4184.t1	A	BRAKERILHT00000006990	A
anno1.g4185.t2	A	BRAKERILHT00000006841	A
anno1.g4186.t1	A	BRAKERILHT00000007738	A
anno1.g4187.t1	A	BRAKERILHT00000008166	A
anno1.g4188.t1	A	BRAKERILHT00000006831	A
anno1.g4190.t2	A	BRAKERILHT00000007524	A
anno1.g4191.t1	A	BRAKERILHT00000007063	A
anno1.g4189.t2	A	BRAKERILHT00000008336	A
anno1.g4192.t2	A	BRAKERILHT00000007856	A
anno1.g4193.t1	A	BRAKERILHT00000007119	A
anno1.g4194.t1	A	BRAKERILHT00000008077	A
anno1.g4197.t1	A	BRAKERILHT00000006502	A
anno1.g4199.t1	A	BRAKERILHT00000006621	A
anno1.g4200.t1	A	BRAKERILHT00000007151	A
anno1.g4201.t1	A	BRAKERILHT00000006851	A
anno1.g4202.t1	A	BRAKERILHT00000008107	A
anno1.g4203.t1	A	BRAKERILHT00000011195	A
anno1.g4205.t1	A	BRAKERILHT00000007706	A
anno1.g4206.t1	A	BRAKERILHT00000007816	A
anno1.g4207.t1	A	BRAKERILHT00000006622	A
anno1.g4208.t1	A	BRAKERILHT00000007175	A
anno1.g4209.t1	A	BRAKERILHT00000006626	A
anno1.g4210.t1	A	BRAKERILHT00000008007	A
anno1.g4211.t2	A	BRAKERILHT00000007722	A
anno1.g4212.t1	A	BRAKERILHT00000007130	A
anno1.g4213.t1	A	BRAKERILHT00000006728	A
anno1.g4214.t2	A	BRAKERILHT00000008179	A
anno1.g4215.t1	A	BRAKERILHT00000007406	A
anno1.g4216.t1	A	BRAKERILHT00000006897	A
anno1.g4217.t1	A	BRAKERILHT00000006636	A
anno1.g4218.t1	A	BRAKERILHT00000008069	A
anno1.g4219.t1	A	BRAKERILHT00000007478	A
anno1.g4220.t1	A	BRAKERILHT00000007482	A
anno1.g4221.t1	A	BRAKERILHT00000008357	A
anno1.g4222.t1	A	BRAKERILHT00000006893	A
anno1.g4223.t1	A	BRAKERILHT00000007763	A
anno1.g4224.t1	A	BRAKERILHT00000008353	A
anno1.g4225.t1	A	BRAKERILHT00000006719	A
anno1.g4226.t1	A	BRAKERILHT00000008193	A
anno1.g4227.t1	A	BRAKERILHT00000007898	A
anno1.g4228.t1	A	BRAKERILHT00000007087	A
anno1.g4229.t1	A	BRAKERILHT00000007449	A
anno1.g4230.t1	A	BRAKERILHT00000007746	A
anno1.g4231.t1	A	BRAKERILHT00000007207	A
anno1.g4233.t3	A	BRAKERILHT00000007785	A
anno1.g4234.t1	A	BRAKERILHT00000008399	A
anno1.g4235.t2	A	BRAKERILHT00000006916	A
anno1.g4236.t1	A	BRAKERILHT00000007005	A
anno1.g4237.t2	A	BRAKERILHT00000007737	A
anno1.g4238.t1	A	BRAKERILHT00000007426	A
anno1.g4239.t1	A	BRAKERILHT00000008097	A
anno1.g4240.t1	A	BRAKERILHT00000006664	A
anno1.g4241.t1	A	BRAKERILHT00000007606	A
anno1.g4242.t1	A	BRAKERILHT00000007530	A
anno1.g4243.t2	A	BRAKERILHT00000007034	A
anno1.g4244.t1	A	BRAKERILHT00000007342	A
anno1.g4245.t1	A	BRAKERILHT00000006925	A
anno1.g4246.t1	A	BRAKERILHT00000007522	A
anno1.g4247.t1	A	BRAKERILHT00000008093	A
anno1.g4249.t1	A	BRAKERILHT00000008034	A
anno1.g4250.t1	A	BRAKERILHT00000006923	A
anno1.g4251.t1	A	BRAKERILHT00000007384	A
anno1.g4253.t1	A	BRAKERILHT00000007875	A
anno1.g4254.t1	A	BRAKERILHT00000008191	A
anno1.g4256.t1	A	BRAKERILHT00000007002	A
anno1.g4261.t1	A	BRAKERILHT00000007788	A
anno1.g4262.t2	A	BRAKERILHT00000008001	A
anno1.g4263.t1	A	BRAKERILHT00000006941	A
anno1.g4267.t1	A	BRAKERILHT00000007124	A
anno1.g4268.t2	A	BRAKERILHT00000007597	A
anno1.g4269.t1	A	BRAKERILHT00000007651	A
anno1.g4270.t1	A	BRAKERILHT00000007912	A
anno1.g4271.t1	A	BRAKERILHT00000007224	A
anno1.g4272.t1	A	BRAKERILHT00000007938	A
anno1.g4273.t2	A	BRAKERILHT00000006655	A
anno1.g4274.t1	A	BRAKERILHT00000006594	A
anno1.g4275.t1	A	BRAKERILHT00000007866	A
anno1.g4276.t1	A	BRAKERILHT00000007423	A
anno1.g4277.t1	A	BRAKERILHT00000008132	A
anno1.g4278.t1	A	BRAKERILHT00000007287	A
anno1.g4279.t1	A	BRAKERILHT00000006552	A
anno1.g4280.t1	A	BRAKERILHT00000007984	A
anno1.g4281.t1	A	BRAKERILHT00000007973	A
anno1.g4282.t1	A	BRAKERILHT00000008371	A
anno1.g4283.t2	A	BRAKERILHT00000007978	A
anno1.g4284.t1	A	BRAKERILHT00000007099	A
anno1.g4285.t1	A	BRAKERILHT00000007695	A
anno1.g4286.t1	A	BRAKERILHT00000007965	A
anno1.g4287.t1	A	BRAKERILHT00000008294	A
anno1.g4288.t1	A	BRAKERILHT00000007395	A
anno1.g4289.t1	A	BRAKERILHT00000007212	A
anno1.g4290.t1	A	BRAKERILHT00000006743	A
anno1.g4291.t1	A	BRAKERILHT00000007414	A
anno1.g4292.t2	A	BRAKERILHT00000007615	A
anno1.g4293.t1	A	BRAKERILHT00000007810	A
anno1.g4294.t1	A	BRAKERILHT00000006915	A
anno1.g4295.t1	A	BRAKERILHT00000007230	A
anno1.g4296.t1	A	BRAKERILHT00000006529	A
anno1.g4297.t1	A	BRAKERILHT00000006738	A
anno1.g4298.t2	A	BRAKERILHT00000006790	A
anno1.g4299.t1	A	BRAKERILHT00000007222	A
anno1.g4300.t1	A	BRAKERILHT00000007935	A
anno1.g4301.t1	A	BRAKERILHT00000007250	A
anno1.g4302.t1	A	BRAKERILHT00000007871	A
anno1.g4303.t1	A	BRAKERILHT00000007091	A
anno1.g4304.t1	A	BRAKERILHT00000007673	A
anno1.g4305.t1	A	BRAKERILHT00000008109	A
anno1.g4306.t2	A	BRAKERILHT00000006716	A
anno1.g4307.t1	A	BRAKERILHT00000007761	A
anno1.g4308.t1	A	BRAKERILHT00000006518	A
anno1.g4310.t1	A	BRAKERILHT00000007018	A
anno1.g4311.t1	A	BRAKERILHT00000008296	A
anno1.g4312.t1	A	BRAKERILHT00000007025	A
anno1.g4313.t1	A	BRAKERILHT00000007598	A
anno1.g4314.t1	A	BRAKERILHT00000007859	A
anno1.g4315.t1	A	BRAKERILHT00000008443	A
anno1.g4316.t1	A	BRAKERILHT00000007376	A
anno1.g4317.t3	A	BRAKERILHT00000007954	A
anno1.g4319.t1	A	BRAKERILHT00000007234	A
anno1.g4320.t1	A	BRAKERILHT00000006823	A
anno1.g4321.t2	A	BRAKERILHT00000007553	A
anno1.g4322.t1	A	BRAKERILHT00000007779	A
anno1.g4323.t1	A	BRAKERILHT00000007570	A
anno1.g4324.t1	A	BRAKERILHT00000008155	A
anno1.g4325.t1	A	BRAKERILHT00000007346	A
anno1.g4327.t1	A	BRAKERILHT00000007950	A
anno1.g4328.t1	A	BRAKERILHT00000008172	A
anno1.g4329.t2	A	BRAKERILHT00000008341	A
anno1.g4330.t1	A	BRAKERILHT00000007926	A
anno1.g4331.t2	A	BRAKERILHT00000007294	A
anno1.g4332.t1	A	BRAKERILHT00000006815	A
anno1.g4333.t1	A	BRAKERILHT00000007227	A
anno1.g4334.t1	A	BRAKERILHT00000007925	A
anno1.g4335.t1	A	BRAKERILHT00000008382	A
anno1.g4336.t1	A	BRAKERILHT00000006602	A
anno1.g4338.t1	A	BRAKERILHT00000006836	A
anno1.g4339.t1	A	BRAKERILHT00000008140	A
anno1.g4340.t1	A	BRAKERILHT00000006557	A
anno1.g4341.t1	A	BRAKERILHT00000006992	A
anno1.g4343.t1	A	BRAKERILHT00000006824	A
anno1.g4346.t1	A	BRAKERILHT00000008310	A
anno1.g4348.t2	A	BRAKERILHT00000006950	A
anno1.g4349.t1	A	BRAKERILHT00000008253	A
anno1.g4350.t1	A	BRAKERILHT00000007608	A
anno1.g4352.t1	A	BRAKERILHT00000007992	A
anno1.g4353.t1	A	BRAKERILHT00000007546	A
anno1.g4354.t1	A	BRAKERILHT00000007836	A
anno1.g4355.t4	A	BRAKERILHT00000006867	A
anno1.g4356.t2	A	BRAKERILHT00000007999	A
anno1.g4357.t1	A	BRAKERILHT00000007090	A
anno1.g4359.t1	A	BRAKERILHT00000006554	A
anno1.g4360.t1	A	BRAKERILHT00000008235	A
anno1.g4363.t1	A	BRAKERILHT00000015181	A
anno1.g4367.t1	A	BRAKERILHT00000008204	A
anno1.g4368.t1	A	BRAKERILHT00000006519	A
anno1.g4369.t1	A	BRAKERILHT00000007274	A
anno1.g4370.t1	A	BRAKERILHT00000006785	A
anno1.g4371.t1	A	BRAKERILHT00000007215	A
anno1.g4372.t1	A	BRAKERILHT00000007892	A
anno1.g4373.t1	A	BRAKERILHT00000008467	A
anno1.g4374.t2	A	BRAKERILHT00000007770	A
anno1.g4375.t1	A	BRAKERILHT00000006996	A
anno1.g4376.t2	A	BRAKERILHT00000006627	A
anno1.g4377.t1	A	BRAKERILHT00000006894	A
anno1.g4378.t1	A	BRAKERILHT00000008359	A
anno1.g4379.t1	A	BRAKERILHT00000007400	A
anno1.g4382.t1	A	BRAKERILHT00000006849	A
anno1.g4383.t1	A	BRAKERILHT00000008057	A
anno1.g4384.t1	A	BRAKERILHT00000007490	A
anno1.g4386.t1	A	BRAKERILHT00000007137	A
anno1.g4387.t1	A	BRAKERILHT00000006483	A
anno1.g4388.t1	A	BRAKERILHT00000007803	A
anno1.g4391.t1	A	BRAKERILHT00000008276	A
anno1.g4393.t1	A	BRAKERILHT00000007600	A
anno1.g4394.t1	A	BRAKERILHT00000006484	A
anno1.g4403.t1	A	BRAKERILHT00000007135	A
anno1.g4405.t1	A	BRAKERILHT00000007701	A
anno1.g4406.t2	A	BRAKERILHT00000008195	A
anno1.g4407.t2	A	BRAKERILHT00000006589	A
anno1.g4408.t1	A	BRAKERILHT00000007329	A
anno1.g4409.t2	A	BRAKERILHT00000007917	A
anno1.g4410.t1	A	BRAKERILHT00000008280	A
anno1.g4411.t1	A	BRAKERILHT00000007843	A
anno1.g4412.t1	A	BRAKERILHT00000007030	A
anno1.g4413.t1	A	BRAKERILHT00000008420	A
anno1.g4416.t1	A	BRAKERILHT00000006957	A
anno1.g4418.t1	A	BRAKERILHT00000007125	A
anno1.g4419.t1	A	BRAKERILHT00000007675	A
anno1.g4420.t1	A	BRAKERILHT00000006755	A
anno1.g4422.t1	A	BRAKERILHT00000007831	A
anno1.g4423.t1	A	BRAKERILHT00000007649	A
anno1.g4424.t1	A	BRAKERILHT00000008234	A
anno1.g4425.t1	A	BRAKERILHT00000007500	A
anno1.g4427.t1	A	BRAKERILHT00000006892	A
anno1.g4429.t1	A	BRAKERILHT00000007464	A
anno1.g4430.t2	A	BRAKERILHT00000006905	A
anno1.g4431.t5	A	BRAKERILHT00000008345	A
anno1.g4432.t1	A	BRAKERILHT00000006689	A
anno1.g4433.t1	A	BRAKERILHT00000007104	A
anno1.g4434.t1	A	BRAKERILHT00000006629	A
anno1.g4435.t1	A	BRAKERILHT00000008286	A
anno1.g4436.t1	A	BRAKERILHT00000007824	A
anno1.g4437.t1	A	BRAKERILHT00000007068	A
anno1.g4442.t1	A	BRAKERILHT00000008440	A
anno1.g4443.t1	A	BRAKERILHT00000007868	A
anno1.g4444.t1	A	BRAKERILHT00000008243	A
anno1.g4445.t1	A	BRAKERILHT00000007497	A
anno1.g4446.t1	A	BRAKERILHT00000008104	A
anno1.g4448.t1	A	BRAKERILHT00000007483	A
anno1.g4450.t1	A	BRAKERILHT00000006633	A
anno1.g4452.t1	A	BRAKERILHT00000008039	A
anno1.g4453.t1	A	BRAKERILHT00000008350	A
anno1.g4454.t1	A	BRAKERILHT00000007145	A
anno1.g4455.t1	A	BRAKERILHT00000008190	A
anno1.g4459.t1	A	BRAKERILHT00000007233	A
anno1.g4460.t1	A	BRAKERILHT00000006864	A
anno1.g4467.t2	A	BRAKERILHT00000007358	A
anno1.g4471.t1	A	BRAKERILHT00000008192	A
anno1.g4474.t2	A	BRAKERILHT00000007769	A
anno1.g4476.t3	A	BRAKERILHT00000007309	A
anno1.g4477.t1	A	BRAKERILHT00000007101	A
anno1.g4478.t3	A	BRAKERILHT00000006701	A
anno1.g4479.t4	A	BRAKERILHT00000007511	A
anno1.g4483.t1	A	BRAKERILHT00000001788	A
anno1.g4484.t1	A	BRAKERILHT00000007190	A
anno1.g4485.t1	A	BRAKERILHT00000007529	A
anno1.g4486.t2	A	BRAKERILHT00000008116	A
anno1.g4487.t1	A	BRAKERILHT00000008421	A
anno1.g4489.t1	A	BRAKERILHT00000006982	A
anno1.g4492.t1	A	BRAKERILHT00000006826	A
anno1.g4493.t1	A	BRAKERILHT00000007419	A
anno1.g4494.t2	A	BRAKERILHT00000007971	A
anno1.g4495.t1	A	BRAKERILHT00000006690	A
anno1.g4496.t1	A	BRAKERILHT00000007246	A
anno1.g4500.t2	A	BRAKERILHT00000008417	A
anno1.g4501.t2	A	BRAKERILHT00000007558	A
anno1.g4504.t3	A	BRAKERILHT00000006559	A
anno1.g4505.t1	A	BRAKERILHT00000007162	A
anno1.g4507.t1	A	BRAKERILHT00000007430	A
anno1.g4508.t1	A	BRAKERILHT00000007363	A
anno1.g4509.t1	A	BRAKERILHT00000007963	A
anno1.g4517.t1	A	BRAKERILHT00000007378	A
anno1.g4521.t1	A	BRAKERILHT00000007096	A
anno1.g4523.t1	A	BRAKERILHT00000007956	A
anno1.g4524.t1	A	BRAKERILHT00000007388	A
anno1.g4525.t1	A	BRAKERILHT00000008299	A
anno1.g4526.t1	A	BRAKERILHT00000007835	A
anno1.g4527.t1	A	BRAKERILHT00000007566	A
anno1.g4528.t1	A	BRAKERILHT00000006837	A
anno1.g4532.t1	A	BRAKERILHT00000007743	A
anno1.g4533.t1	A	BRAKERILHT00000008309	A
anno1.g4531.t4	A	BRAKERILHT00000008398	A
anno1.g4534.t1	A	BRAKERILHT00000006932	A
anno1.g4538.t1	A	BRAKERILHT00000017672	X
anno1.g4543.t1	A	BRAKERILHT00000008450	A
anno1.g4544.t1	A	BRAKERILHT00000007311	A
anno1.g4547.t1	A	BRAKERILHT00000007958	A
anno1.g4548.t1	A	BRAKERILHT00000008409	A
anno1.g4549.t2	A	BRAKERILHT00000006959	A
anno1.g4550.t2	A	BRAKERILHT00000007032	A
anno1.g4551.t1	A	BRAKERILHT00000007626	A
anno1.g4552.t2	A	BRAKERILHT00000007301	A
anno1.g4554.t2	A	BRAKERILHT00000007747	A
anno1.g4556.t1	A	BRAKERILHT00000008040	A
anno1.g4558.t1	A	BRAKERILHT00000007327	A
anno1.g4561.t1	A	BRAKERILHT00000008198	A
anno1.g4562.t1	A	BRAKERILHT00000007646	A
anno1.g4563.t1	A	BRAKERILHT00000007247	A
anno1.g4564.t1	A	BRAKERILHT00000007972	A
anno1.g4565.t1	A	BRAKERILHT00000008018	A
anno1.g4566.t1	A	BRAKERILHT00000007029	A
anno1.g4567.t1	A	BRAKERILHT00000006509	A
anno1.g4568.t1	A	BRAKERILHT00000007499	A
anno1.g4570.t2	A	BRAKERILHT00000007332	A
anno1.g4573.t1	A	BRAKERILHT00000007517	A
anno1.g4574.t1	A	BRAKERILHT00000008457	A
anno1.g4575.t1	A	BRAKERILHT00000006740	A
anno1.g4577.t1	A	BRAKERILHT00000008329	A
anno1.g4578.t1	A	BRAKERILHT00000007512	A
anno1.g4581.t1	A	BRAKERILHT00000006881	A
anno1.g4582.t1	A	BRAKERILHT00000006677	A
anno1.g4583.t1	A	BRAKERILHT00000007295	A
anno1.g4585.t1	A	BRAKERILHT00000008434	A
anno1.g4586.t1	A	BRAKERILHT00000007067	A
anno1.g4591.t1	A	BRAKERILHT00000007217	A
anno1.g4592.t1	A	BRAKERILHT00000012503	A
anno1.g4595.t1	A	BRAKERILHT00000006853	A
anno1.g4596.t1	A	BRAKERILHT00000013985	A
anno1.g4598.t1	A	BRAKERILHT00000008005	A
anno1.g4600.t1	A	BRAKERILHT00000007587	A
anno1.g4601.t1	A	BRAKERILHT00000007822	A
anno1.g4602.t1	A	BRAKERILHT00000006808	A
anno1.g4603.t1	A	BRAKERILHT00000007698	A
anno1.g4605.t1	A	BRAKERILHT00000007103	A
anno1.g4606.t2	A	BRAKERILHT00000007818	A
anno1.g4611.t1	A	BRAKERILHT00000007121	A
anno1.g4615.t1	A	BRAKERILHT00000007932	A
anno1.g4617.t2	A	BRAKERILHT00000007493	A
anno1.g4618.t1	A	BRAKERILHT00000008053	A
anno1.g4620.t1	A	BRAKERILHT00000006635	A
anno1.g4621.t2	A	BRAKERILHT00000007168	A
anno1.g4622.t1	A	BRAKERILHT00000008156	A
anno1.g4623.t2	A	BRAKERILHT00000006973	A
anno1.g4624.t1	A	BRAKERILHT00000007253	A
anno1.g4625.t1	A	BRAKERILHT00000017375	X
anno1.g4626.t1	A	BRAKERILHT00000007031	A
anno1.g4627.t1	A	BRAKERILHT00000008464	A
anno1.g4628.t1	A	BRAKERILHT00000006779	A
anno1.g4631.t1	A	BRAKERILHT00000006516	A
anno1.g4633.t1	A	BRAKERILHT00000017039	X
anno1.g4634.t1	A	BRAKERILHT00000008185	A
anno1.g4635.t2	A	BRAKERILHT00000007623	A
anno1.g4636.t1	A	BRAKERILHT00000006534	A
anno1.g4637.t1	A	BRAKERILHT00000006657	A
anno1.g4638.t1	A	BRAKERILHT00000007784	A
anno1.g4639.t1	A	BRAKERILHT00000007326	A
anno1.g4640.t1	A	BRAKERILHT00000007374	A
anno1.g4641.t1	A	BRAKERILHT00000006572	A
anno1.g4642.t1	A	BRAKERILHT00000007613	A
anno1.g4643.t1	A	BRAKERILHT00000008033	A
anno1.g4644.t1	A	BRAKERILHT00000007719	A
anno1.g4648.t1	A	BRAKERILHT00000007981	A
anno1.g4651.t1	A	BRAKERILHT00000007324	A
anno1.g4652.t1	A	BRAKERILHT00000006812	A
anno1.g4653.t1	A	BRAKERILHT00000008262	A
anno1.g4655.t1	A	BRAKERILHT00000006593	A
anno1.g4656.t1	A	BRAKERILHT00000006713	A
anno1.g4657.t1	A	BRAKERILHT00000007226	A
anno1.g4658.t1	A	BRAKERILHT00000007321	A
anno1.g4659.t2	A	BRAKERILHT00000007058	A
anno1.g4660.t1	A	BRAKERILHT00000007003	A
anno1.g4661.t1	A	BRAKERILHT00000006623	A
anno1.g4662.t2	A	BRAKERILHT00000007726	A
anno1.g4663.t2	A	BRAKERILHT00000008036	A
anno1.g4665.t1	A	BRAKERILHT00000007385	A
anno1.g4667.t1	A	BRAKERILHT00000008110	A
anno1.g4668.t2	A	BRAKERILHT00000007389	A
anno1.g4669.t1	A	BRAKERILHT00000008416	A
anno1.g4670.t1	A	BRAKERILHT00000006971	A
anno1.g4671.t1	A	BRAKERILHT00000007046	A
anno1.g4672.t1	A	BRAKERILHT00000007592	A
anno1.g4673.t1	A	BRAKERILHT00000008154	A
anno1.g4675.t2	A	BRAKERILHT00000006709	A
anno1.g4685.t1	A	BRAKERILHT00000006517	A
anno1.g4686.t1	A	BRAKERILHT00000007924	A
anno1.g4687.t1	A	BRAKERILHT00000008169	A
anno1.g4688.t1	A	BRAKERILHT00000006551	A
anno1.g4689.t1	A	BRAKERILHT00000007259	A
anno1.g4690.t1	A	BRAKERILHT00000007731	A
anno1.g4691.t1	A	BRAKERILHT00000006816	A
anno1.g4692.t1	A	BRAKERILHT00000007302	A
anno1.g4693.t1	A	BRAKERILHT00000007919	A
anno1.g4694.t1	A	BRAKERILHT00000006780	A
anno1.g4695.t1	A	BRAKERILHT00000008449	A
anno1.g4696.t2	A	BRAKERILHT00000007657	A
anno1.g4697.t1	A	BRAKERILHT00000007282	A
anno1.g4698.t1	A	BRAKERILHT00000007648	A
anno1.g4699.t1	A	BRAKERILHT00000007048	A
anno1.g4701.t1	A	BRAKERILHT00000007341	A
anno1.g4702.t1	A	BRAKERILHT00000006927	A
anno1.g4703.t1	A	BRAKERILHT00000007518	A
anno1.both_agree_g12774.t1	A	BRAKERILHT00000007066	A
anno1.g4706.t1	A	BRAKERILHT00000007189	A
anno1.g4708.t1	A	BRAKERILHT00000017422	X
anno1.g4709.t1	A	BRAKERILHT00000006771	A
anno1.g4711.t1	A	BRAKERILHT00000006496	A
anno1.g4712.t1	A	BRAKERILHT00000007019	A
anno1.g4713.t1	A	BRAKERILHT00000007642	A
anno1.g4714.t1	A	BRAKERILHT00000007069	A
anno1.g4715.t1	A	BRAKERILHT00000007519	A
anno1.g4716.t2	A	BRAKERILHT00000006774	A
anno1.g4717.t1	A	BRAKERILHT00000006679	A
anno1.g4719.t1	A	BRAKERILHT00000007744	A
anno1.g4721.t1	A	BRAKERILHT00000006855	A
anno1.g4722.t2	A	BRAKERILHT00000007272	A
anno1.g4723.t1	A	BRAKERILHT00000007014	A
anno1.g4724.t1	A	BRAKERILHT00000006714	A
anno1.g4725.t2	A	BRAKERILHT00000007943	A
anno1.g4727.t1	A	BRAKERILHT00000008255	A
anno1.g4728.t1	A	BRAKERILHT00000007357	A
anno1.g4736.t2	A	BRAKERILHT00000006856	A
anno1.g4739.t2	A	BRAKERILHT00000006801	A
anno1.g4740.t2	A	BRAKERILHT00000007225	A
anno1.g4741.t1	A	BRAKERILHT00000007799	A
anno1.g4742.t1	A	BRAKERILHT00000007437	A
anno1.g4743.t1	A	BRAKERILHT00000006739	A
anno1.g4744.t1	A	BRAKERILHT00000007076	A
anno1.g4745.t1	A	BRAKERILHT00000008392	A
anno1.g4747.t1	A	BRAKERILHT00000006744	A
anno1.g4748.t2	A	BRAKERILHT00000008163	A
anno1.g4749.t1	A	BRAKERILHT00000007079	A
anno1.g4750.t1	A	BRAKERILHT00000007393	A
anno1.g4751.t1	A	BRAKERILHT00000007964	A
anno1.g4753.t1	A	BRAKERILHT00000007654	A
anno1.g4755.t2	A	BRAKERILHT00000008216	A
anno1.g4756.t1	A	BRAKERILHT00000006975	A
anno1.g4757.t1	A	BRAKERILHT00000007870	A
anno1.g4758.t1	A	BRAKERILHT00000006694	A
anno1.g4759.t2	A	BRAKERILHT00000007716	A
anno1.g4760.t1	A	BRAKERILHT00000008068	A
anno1.g4761.t1	A	BRAKERILHT00000006604	A
anno1.g4762.t1	A	BRAKERILHT00000007977	A
anno1.g4763.t1	A	BRAKERILHT00000008291	A
anno1.g4764.t1	A	BRAKERILHT00000006797	A
anno1.g4765.t1	A	BRAKERILHT00000007112	A
anno1.g4766.t1	A	BRAKERILHT00000008202	A
anno1.g4767.t1	A	BRAKERILHT00000008238	A
anno1.g4768.t1	A	BRAKERILHT00000008196	A
anno1.g4769.t1	A	BRAKERILHT00000006615	A
anno1.g4770.t1	A	BRAKERILHT00000007059	A
anno1.g4771.t1	A	BRAKERILHT00000007507	A
anno1.g4772.t1	A	BRAKERILHT00000007413	A
anno1.g4773.t2	A	BRAKERILHT00000007914	A
anno1.g4774.t1	A	BRAKERILHT00000008347	A
anno1.g4775.t2	A	BRAKERILHT00000006765	A
anno1.g4776.t1	A	BRAKERILHT00000006576	A
anno1.g4777.t2	A	BRAKERILHT00000006600	A
anno1.g4778.t1	A	BRAKERILHT00000008028	A
anno1.g4779.t1	A	BRAKERILHT00000007339	A
anno1.g4780.t1	A	BRAKERILHT00000006792	A
anno1.g4781.t1	A	BRAKERILHT00000007819	A
anno1.g4783.t1	A	BRAKERILHT00000007213	A
anno1.g4784.t1	A	BRAKERILHT00000007624	A
anno1.g4785.t1	A	BRAKERILHT00000008173	A
anno1.g4786.t1	A	BRAKERILHT00000008157	A
anno1.g4787.t1	A	BRAKERILHT00000006528	A
anno1.g4790.t1	A	BRAKERILHT00000007427	A
anno1.g4791.t1	A	BRAKERILHT00000006731	A
anno1.g4792.t1	A	BRAKERILHT00000008304	A
anno1.g4794.t1	A	BRAKERILHT00000008223	A
anno1.g4795.t1	A	BRAKERILHT00000008081	A
anno1.g4796.t1	A	BRAKERILHT00000008211	A
anno1.g4797.t1	A	BRAKERILHT00000007790	A
anno1.g4802.t1	A	BRAKERILHT00000006887	A
anno1.g4803.t1	A	BRAKERILHT00000008393	A
anno1.g4804.t1	A	BRAKERILHT00000007957	A
anno1.g4805.t2	A	BRAKERILHT00000007532	A
anno1.g4806.t1	A	BRAKERILHT00000007171	A
anno1.g4807.t1	A	BRAKERILHT00000006613	A
anno1.g4808.t2	A	BRAKERILHT00000008358	A
anno1.g4809.t2	A	BRAKERILHT00000007942	A
anno1.g4810.t1	A	BRAKERILHT00000007472	A
anno1.g4811.t1	A	BRAKERILHT00000006879	A
anno1.g4812.t1	A	BRAKERILHT00000007581	A
anno1.g4815.t1	A	BRAKERILHT00000007635	A
anno1.g4817.t1	A	BRAKERILHT00000008463	A
anno1.g4818.t1	A	BRAKERILHT00000007291	A
anno1.g4819.t1	A	BRAKERILHT00000008201	A
anno1.g4822.t1	A	BRAKERILHT00000008372	A
anno1.g4823.t1	A	BRAKERILHT00000006876	A
anno1.g4825.t1	A	BRAKERILHT00000007768	A
anno1.g4826.t1	A	BRAKERILHT00000008267	A
anno1.g4827.t1	A	BRAKERILHT00000008076	A
anno1.g4828.t1	A	BRAKERILHT00000006616	A
anno1.g4829.t3	A	BRAKERILHT00000007502	A
anno1.g4830.t1	A	BRAKERILHT00000008269	A
anno1.g4831.t1	A	BRAKERILHT00000008149	A
anno1.g4832.t1	A	BRAKERILHT00000008460	A
anno1.g4833.t1	A	BRAKERILHT00000007021	A
anno1.g4835.t1	A	BRAKERILHT00000008469	A
anno1.g4836.t1	A	BRAKERILHT00000007001	A
anno1.g4837.t1	A	BRAKERILHT00000007586	A
anno1.g4838.t1	A	BRAKERILHT00000007401	A
anno1.g4841.t1	A	BRAKERILHT00000008327	A
anno1.g4842.t1	A	BRAKERILHT00000007962	A
anno1.g4843.t1	A	BRAKERILHT00000007371	A
anno1.g4844.t1	A	BRAKERILHT00000008015	A
anno1.g4845.t1	A	BRAKERILHT00000007685	A
anno1.g4846.t1	A	BRAKERILHT00000007854	A
anno1.g4847.t1	A	BRAKERILHT00000006952	A
anno1.g4852.t1	A	BRAKERILHT00000007078	A
anno1.g4853.t1	A	BRAKERILHT00000007659	A
anno1.g4855.t1	A	BRAKERILHT00000008027	A
anno1.g4856.t1	A	BRAKERILHT00000006598	A
anno1.g4857.t1	A	BRAKERILHT00000007407	A
anno1.g4858.t1	A	BRAKERILHT00000007820	A
anno1.g4860.t1	A	BRAKERILHT00000007150	A
anno1.g4861.t1	A	BRAKERILHT00000007460	A
anno1.g4862.t1	A	BRAKERILHT00000007901	A
anno1.g4865.t1	A	BRAKERILHT00000007053	A
anno1.g4866.t1	A	BRAKERILHT00000007882	A
anno1.g4867.t1	A	BRAKERILHT00000006715	A
anno1.g4868.t1	A	BRAKERILHT00000007006	A
anno1.g4869.t2	A	BRAKERILHT00000008302	A
anno1.g4870.t1	A	BRAKERILHT00000006651	A
anno1.g4872.t2	A	BRAKERILHT00000007167	A
anno1.g4874.t1	A	BRAKERILHT00000008078	A
anno1.g4875.t2	A	BRAKERILHT00000006642	A
anno1.g4876.t1	A	BRAKERILHT00000007554	A
anno1.g4879.t1	A	BRAKERILHT00000008105	A
anno1.g4880.t1	A	BRAKERILHT00000007403	A
anno1.g4881.t1	A	BRAKERILHT00000008210	A
anno1.g4882.t1	A	BRAKERILHT00000007036	A
anno1.g4884.t1	A	BRAKERILHT00000006587	A
anno1.g4885.t1	A	BRAKERILHT00000006910	A
anno1.g4886.t1	A	BRAKERILHT00000008380	A
anno1.g4887.t1	A	BRAKERILHT00000006577	A
anno1.g4888.t1	A	BRAKERILHT00000008014	A
anno1.g4889.t1	A	BRAKERILHT00000008396	A
anno1.g4890.t1	A	BRAKERILHT00000007033	A
anno1.g4891.t1	A	BRAKERILHT00000006729	A
anno1.g4892.t1	A	BRAKERILHT00000007802	A
anno1.g4893.t1	A	BRAKERILHT00000008178	A
anno1.g4896.t1	A	BRAKERILHT00000007009	A
anno1.g4900.t1	A	BRAKERILHT00000007202	A
anno1.g4902.t2	A	BRAKERILHT00000008087	A
anno1.g4903.t1	A	BRAKERILHT00000007277	A
anno1.g4904.t2	A	BRAKERILHT00000008119	A
anno1.g4906.t1	A	BRAKERILHT00000006859	A
anno1.g4907.t1	A	BRAKERILHT00000007429	A
anno1.g4908.t1	A	BRAKERILHT00000007735	A
anno1.g4909.t1	A	BRAKERILHT00000008324	A
anno1.g4910.t1	A	BRAKERILHT00000006976	A
anno1.g4911.t1	A	BRAKERILHT00000007556	A
anno1.g4912.t1	A	BRAKERILHT00000008114	A
anno1.g4913.t1	A	BRAKERILHT00000006877	A
anno1.g4914.t1	A	BRAKERILHT00000007456	A
anno1.g4915.t1	A	BRAKERILHT00000006772	A
anno1.g4916.t1	A	BRAKERILHT00000007873	A
anno1.g4917.t1	A	BRAKERILHT00000006532	A
anno1.g4918.t1	A	BRAKERILHT00000008086	A
anno1.g4919.t2	A	BRAKERILHT00000007528	A
anno1.g4921.t1	A	BRAKERILHT00000007062	A
anno1.g4922.t1	A	BRAKERILHT00000006614	A
anno1.g4924.t1	A	BRAKERILHT00000008228	A
anno1.g4925.t1	A	BRAKERILHT00000007749	A
anno1.g4926.t1	A	BRAKERILHT00000007989	A
anno1.g4927.t1	A	BRAKERILHT00000007338	A
anno1.g4929.t2	A	BRAKERILHT00000007949	A
anno1.g4930.t1	A	BRAKERILHT00000008264	A
anno1.g4932.t1	A	BRAKERILHT00000006817	A
anno1.g4933.t1	A	BRAKERILHT00000007265	A
anno1.g4935.t1	A	BRAKERILHT00000007826	A
anno1.g4936.t1	A	BRAKERILHT00000008122	A
anno1.g4938.t1	A	BRAKERILHT00000008414	A
anno1.g4939.t1	A	BRAKERILHT00000006546	A
anno1.g4940.t1	A	BRAKERILHT00000007144	A
anno1.g4941.t1	A	BRAKERILHT00000007969	A
anno1.g4942.t1	A	BRAKERILHT00000008022	A
anno1.g4943.t1	A	BRAKERILHT00000006750	A
anno1.g4946.t1	A	BRAKERILHT00000007568	A
anno1.g4947.t1	A	BRAKERILHT00000008120	A
anno1.g4948.t1	A	BRAKERILHT00000007228	A
anno1.g4951.t1	A	BRAKERILHT00000007986	A
anno1.g4952.t1	A	BRAKERILHT00000007686	A
anno1.g4956.t1	A	BRAKERILHT00000006843	A
anno1.g4957.t1	A	BRAKERILHT00000007683	A
anno1.g4959.t1	A	BRAKERILHT00000007193	A
anno1.g4962.t1	A	BRAKERILHT00000007848	A
anno1.g4964.t1	A	BRAKERILHT00000007200	A
anno1.g4965.t1	A	BRAKERILHT00000007939	A
anno1.g4968.t1	A	BRAKERILHT00000007707	A
anno1.g4969.t3	A	BRAKERILHT00000007126	A
anno1.g4970.t2	A	BRAKERILHT00000008331	A
anno1.g4975.t1	A	BRAKERILHT00000007759	A
anno1.g4976.t1	A	BRAKERILHT00000007916	A
anno1.g4977.t1	A	BRAKERILHT00000007335	A
anno1.g4978.t1	A	BRAKERILHT00000006531	A
anno1.g4983.t1	A	BRAKERILHT00000008226	A
anno1.g4985.t1	A	BRAKERILHT00000006717	A
anno1.g4986.t1	A	BRAKERILHT00000007839	A
anno1.g4987.t1	A	BRAKERILHT00000008410	A
anno1.g4989.t1	A	BRAKERILHT00000008137	A
anno1.g4991.t1	A	BRAKERILHT00000006794	A
anno1.g4992.t1	A	BRAKERILHT00000008257	A
anno1.g4994.t1	A	BRAKERILHT00000008153	A
anno1.g4995.t1	A	BRAKERILHT00000007758	A
anno1.g4996.t1	A	BRAKERILHT00000007303	A
anno1.g4997.t1	A	BRAKERILHT00000006805	A
anno1.g4999.t1	A	BRAKERILHT00000006592	A
anno1.g5000.t1	A	BRAKERILHT00000008245	A
anno1.g5002.t1	A	BRAKERILHT00000006799	A
anno1.g5003.t1	A	BRAKERILHT00000008233	A
anno1.g5004.t3	A	BRAKERILHT00000008008	A
anno1.g5005.t1	A	BRAKERILHT00000008431	A
anno1.g5006.t1	A	BRAKERILHT00000007861	A
anno1.g5007.t1	A	BRAKERILHT00000007289	A
anno1.g5008.t1	A	BRAKERILHT00000008268	A
anno1.g5009.t1	A	BRAKERILHT00000008061	A
anno1.g5010.t1	A	BRAKERILHT00000006625	A
anno1.g5011.t1	A	BRAKERILHT00000008284	A
anno1.g5014.t1	A	BRAKERILHT00000006979	A
anno1.g5015.t2	A	BRAKERILHT00000007551	A
anno1.g5017.t2	A	BRAKERILHT00000007498	A
anno1.g5018.t2	A	BRAKERILHT00000008063	A
anno1.g5019.t1	A	BRAKERILHT00000007793	A
anno1.g5020.t1	A	BRAKERILHT00000006882	A
anno1.g5021.t1	A	BRAKERILHT00000007445	A
anno1.g5022.t1	A	BRAKERILHT00000007904	A
anno1.g5023.t1	A	BRAKERILHT00000006588	A
anno1.g5028.t1	A	BRAKERILHT00000007944	A
anno1.g5031.t1	A	BRAKERILHT00000006798	A
anno1.g5033.t1	A	BRAKERILHT00000008041	A
anno1.g5034.t2	A	BRAKERILHT00000007501	A
anno1.g5035.t1	A	BRAKERILHT00000007008	A
anno1.g5036.t1	A	BRAKERILHT00000006956	A
anno1.g5038.t1	A	BRAKERILHT00000006822	A
anno1.g5039.t1	A	BRAKERILHT00000008349	A
anno1.g5040.t1	A	BRAKERILHT00000007533	A
anno1.g5041.t1	A	BRAKERILHT00000007455	A
anno1.g5044.t1	A	BRAKERILHT00000008052	A
anno1.g5045.t1	A	BRAKERILHT00000007488	A
anno1.g5047.t1	A	BRAKERILHT00000007789	A
anno1.g5048.t1	A	BRAKERILHT00000006610	A
anno1.g5049.t1	A	BRAKERILHT00000008019	A
anno1.g5050.t1	A	BRAKERILHT00000008475	A
anno1.g5051.t2	A	BRAKERILHT00000007883	A
anno1.g5052.t2	A	BRAKERILHT00000007300	A
anno1.g5053.t1	A	BRAKERILHT00000006920	A
anno1.g5054.t1	A	BRAKERILHT00000008197	A
anno1.g5055.t1	A	BRAKERILHT00000007645	A
anno1.g5056.t1	A	BRAKERILHT00000006806	A
anno1.g5057.t2	A	BRAKERILHT00000008274	A
anno1.g5058.t1	A	BRAKERILHT00000007732	A
anno1.g5059.t1	A	BRAKERILHT00000008323	A
anno1.g5062.t1	A	BRAKERILHT00000006711	A
anno1.g5065.t3	A	BRAKERILHT00000007951	A
anno1.g5066.t2	A	BRAKERILHT00000006802	A
anno1.g5067.t1	A	BRAKERILHT00000007344	A
anno1.g5068.t1	A	BRAKERILHT00000004788	A
anno1.g5069.t2	A	BRAKERILHT00000007348	A
anno1.g5070.t1	A	BRAKERILHT00000007902	A
anno1.g5072.t1	A	BRAKERILHT00000007467	A
anno1.g5073.t1	A	BRAKERILHT00000008346	A
anno1.g5074.t1	A	BRAKERILHT00000007670	A
anno1.g5076.t1	A	BRAKERILHT00000008432	A
anno1.g5079.t1	A	BRAKERILHT00000017245	X
anno1.g5080.t1	A	BRAKERILHT00000006756	A
anno1.g5082.t2	A	BRAKERILHT00000006514	A
anno1.g5083.t2	A	BRAKERILHT00000006733	A
anno1.g5084.t1	A	BRAKERILHT00000006547	A
anno1.g5086.t1	A	BRAKERILHT00000007071	A
anno1.g5087.t1	A	BRAKERILHT00000006646	A
anno1.g5088.t1	A	BRAKERILHT00000008229	A
anno1.g5089.t2	A	BRAKERILHT00000007741	A
anno1.g5090.t1	A	BRAKERILHT00000007268	A
anno1.g5095.t1	A	BRAKERILHT00000008320	A
anno1.g5099.t1	A	BRAKERILHT00000008231	A
anno1.g5100.t1	A	BRAKERILHT00000007257	A
anno1.g5102.t1	A	BRAKERILHT00000006584	A
anno1.g5110.t1	A	BRAKERILHT00000007508	A
anno1.g5112.t2	A	BRAKERILHT00000007509	A
anno1.g5118.t1	A	BRAKERILHT00000008127	A
anno1.g5120.t1	A	BRAKERILHT00000010576	A
anno1.g5127.t1	A	BRAKERILHT00000008059	A
anno1.g5128.t1	A	BRAKERILHT00000007372	A
anno1.g5130.t1	A	BRAKERILHT00000007913	A
anno1.g5132.t2	A	BRAKERILHT00000007328	A
anno1.g5137.t1	A	BRAKERILHT00000006919	A
anno1.g5146.t1	A	BRAKERILHT00000018031	X
anno1.g5149.t1	A	BRAKERILHT00000007715	A
anno1.g5150.t1	A	BRAKERILHT00000007085	A
anno1.g5155.t1	A	BRAKERILHT00000016997	X
anno1.g5159.t1	A	BRAKERILHT00000007607	A
anno1.g5163.t1	A	BRAKERILHT00000007627	A
anno1.g5165.t2	A	BRAKERILHT00000007061	A
anno1.g5168.t1	A	BRAKERILHT00000008222	A
anno1.g5169.t1	A	BRAKERILHT00000007369	A
anno1.g5170.t1	A	BRAKERILHT00000007562	A
anno1.g5172.t1	A	BRAKERILHT00000007424	A
anno1.g5173.t1	A	BRAKERILHT00000007975	A
anno1.g5174.t1	A	BRAKERILHT00000007814	A
anno1.g5179.t1	A	BRAKERILHT00000007097	A
anno1.g5181.t1	A	BRAKERILHT00000006869	A
anno1.g5182.t1	A	BRAKERILHT00000008082	A
anno1.g5183.t1	A	BRAKERILHT00000007526	A
anno1.g5184.t1	A	BRAKERILHT00000007195	A
anno1.g5188.t2	A	BRAKERILHT00000008419	A
anno1.g5190.t2	A	BRAKERILHT00000007110	A
anno1.g5191.t1	A	BRAKERILHT00000006548	A
anno1.g5193.t1	A	BRAKERILHT00000002564	A
anno1.g5195.t1	A	BRAKERILHT00000007489	A
anno1.g5196.t2	A	BRAKERILHT00000008152	A
anno1.g5198.t1	A	BRAKERILHT00000007897	A
anno1.g5199.t2	A	BRAKERILHT00000007280	A
anno1.g5200.t2	A	BRAKERILHT00000006544	A
anno1.g5201.t1	A	BRAKERILHT00000008186	A
anno1.g5202.t1	A	BRAKERILHT00000007629	A
anno1.g5203.t1	A	BRAKERILHT00000007041	A
anno1.g5205.t1	A	BRAKERILHT00000008012	A
anno1.g5212.t1	A	BRAKERILHT00000015760	A
anno1.g5221.t1	A	BRAKERILHT00000007447	A
anno1.g5222.t1	A	BRAKERILHT00000006609	A
anno1.g5224.t1	A	BRAKERILHT00000017704	X
anno1.g5226.t2	A	BRAKERILHT00000008046	A
anno1.g5227.t1	A	BRAKERILHT00000008260	A
anno1.g5230.t2	A	BRAKERILHT00000006725	A
anno1.g5234.t1	A	BRAKERILHT00000007285	A
anno1.g5235.t1	A	BRAKERILHT00000007860	A
anno1.g5237.t1	A	BRAKERILHT00000007576	A
anno1.g5239.t1	A	BRAKERILHT00000006895	A
anno1.g5240.t1	A	BRAKERILHT00000008246	A
anno1.g5241.t1	A	BRAKERILHT00000008364	A
anno1.g5242.t1	A	BRAKERILHT00000007089	A
anno1.g5243.t1	A	BRAKERILHT00000007928	A
anno1.g5245.t1	A	BRAKERILHT00000008266	A
anno1.g5246.t1	A	BRAKERILHT00000008035	A
anno1.g5247.t1	A	BRAKERILHT00000007331	A
anno1.g5249.t1	A	BRAKERILHT00000007116	A
anno1.g5250.t1	A	BRAKERILHT00000007712	A
anno1.g5251.t1	A	BRAKERILHT00000007923	A
anno1.g5256.t1	A	BRAKERILHT00000008448	A
anno1.g5259.t1	A	BRAKERILHT00000008263	A
anno1.g5261.t2	A	BRAKERILHT00000007415	A
anno1.g5262.t1	A	BRAKERILHT00000006705	A
anno1.g5263.t1	A	BRAKERILHT00000006507	A
anno1.g5264.t1	A	BRAKERILHT00000008165	A
anno1.g5266.t1	A	BRAKERILHT00000006848	A
anno1.g5268.t1	A	BRAKERILHT00000007998	A
anno1.g5269.t1	A	BRAKERILHT00000006704	A
anno1.g5271.t2	A	BRAKERILHT00000007083	A
anno1.g5272.t1	A	BRAKERILHT00000008180	A
anno1.g5275.t1	A	BRAKERILHT00000007485	A
anno1.g5274.t3	A	BRAKERILHT00000008147	A
anno1.g5276.t1	A	BRAKERILHT00000007711	A
anno1.g5278.t1	A	BRAKERILHT00000007889	A
anno1.g5289.t1	A	BRAKERILHT00000008445	A
anno1.g5301.t1	A	BRAKERILHT00000008072	A
anno1.g5309.t1	A	BRAKERILHT00000007940	A
anno1.g5310.t1	A	BRAKERILHT00000007174	A
anno1.g5311.t1	A	BRAKERILHT00000008042	A
anno1.g5312.t2	A	BRAKERILHT00000007016	A
anno1.g5313.t1	A	BRAKERILHT00000006861	A
anno1.g5315.t1	A	BRAKERILHT00000007143	A
anno1.g5317.t2	A	BRAKERILHT00000007136	A
anno1.g5318.t1	A	BRAKERILHT00000006680	A
anno1.g5319.t1	A	BRAKERILHT00000007834	A
anno1.g5320.t1	A	BRAKERILHT00000007767	A
anno1.g5321.t1	A	BRAKERILHT00000007676	A
anno1.g5324.t2	A	BRAKERILHT00000007936	A
anno1.g5325.t1	A	BRAKERILHT00000007442	A
anno1.g5326.t1	A	BRAKERILHT00000007681	A
anno1.g5327.t2	A	BRAKERILHT00000007727	A
anno1.g5330.t1	A	BRAKERILHT00000006586	A
anno1.g5331.t2	A	BRAKERILHT00000008128	A
anno1.g5334.t1	A	BRAKERILHT00000007583	A
anno1.g5337.t3	A	BRAKERILHT00000006712	A
anno1.g5339.t1	A	BRAKERILHT00000007772	A
anno1.g5340.t1	A	BRAKERILHT00000007352	A
anno1.g5341.t1	A	BRAKERILHT00000006912	A
anno1.g5342.t1	A	BRAKERILHT00000008017	A
anno1.g5343.t1	A	BRAKERILHT00000008265	A
anno1.g5344.t1	A	BRAKERILHT00000006707	A
anno1.g5345.t1	A	BRAKERILHT00000007612	A
anno1.g5346.t1	A	BRAKERILHT00000007773	A
anno1.g5347.t1	A	BRAKERILHT00000007330	A
anno1.g5348.t1	A	BRAKERILHT00000007109	A
anno1.g5356.t1	A	BRAKERILHT00000007139	A
anno1.g5357.t3	A	BRAKERILHT00000007075	A
anno1.g5358.t1	A	BRAKERILHT00000006523	A
anno1.g5359.t1	A	BRAKERILHT00000008016	A
anno1.g5360.t1	A	BRAKERILHT00000001785	A
anno1.g5365.t1	A	BRAKERILHT00000007730	A
anno1.g5366.t1	A	BRAKERILHT00000008170	A
anno1.g5367.t1	A	BRAKERILHT00000006560	A
anno1.g5368.t2	A	BRAKERILHT00000006998	A
anno1.g5369.t1	A	BRAKERILHT00000007921	A
anno1.g5371.t1	A	BRAKERILHT00000006768	A
anno1.g5372.t1	A	BRAKERILHT00000007211	A
anno1.g5374.t1	A	BRAKERILHT00000007421	A
anno1.g5375.t1	A	BRAKERILHT00000006763	A
anno1.g5376.t2	A	BRAKERILHT00000008220	A
anno1.g5377.t1	A	BRAKERILHT00000007620	A
anno1.g5378.t1	A	BRAKERILHT00000007308	A
anno1.g5379.t2	A	BRAKERILHT00000007815	A
anno1.g5380.t1	A	BRAKERILHT00000006624	A
anno1.g5381.t1	A	BRAKERILHT00000008362	A
anno1.g5382.t1	A	BRAKERILHT00000007382	A
anno1.g5384.t1	A	BRAKERILHT00000006782	A
anno1.g5385.t1	A	BRAKERILHT00000006570	A
anno1.g5386.t1	A	BRAKERILHT00000007666	A
anno1.g5387.t1	A	BRAKERILHT00000006758	A
anno1.g5388.t1	A	BRAKERILHT00000007279	A
anno1.g5389.t1	A	BRAKERILHT00000007862	A
anno1.g5390.t1	A	BRAKERILHT00000008428	A
anno1.g5391.t1	A	BRAKERILHT00000006687	A
anno1.g5392.t1	A	BRAKERILHT00000007073	A
anno1.g5393.t1	A	BRAKERILHT00000007669	A
anno1.g5395.t1	A	BRAKERILHT00000008209	A
anno1.g5396.t1	A	BRAKERILHT00000007293	A
anno1.g5397.t4	A	BRAKERILHT00000007047	A
anno1.g5398.t1	A	BRAKERILHT00000007004	A
anno1.g5399.t1	A	BRAKERILHT00000007434	A
anno1.g5400.t1	A	BRAKERILHT00000006500	A
anno1.g5402.t3	A	BRAKERILHT00000007702	A
anno1.g5403.t1	A	BRAKERILHT00000008164	A
anno1.g5405.t1	A	BRAKERILHT00000008391	A
anno1.g5406.t2	A	BRAKERILHT00000006813	A
anno1.g5413.t1	A	BRAKERILHT00000007817	A
anno1.g5415.t1	A	BRAKERILHT00000007451	A
anno1.g5424.t1	A	BRAKERILHT00000007210	A
anno1.g5430.t1	A	BRAKERILHT00000006828	A
anno1.g5431.t1	A	BRAKERILHT00000007729	A
anno1.g5434.t3	A	BRAKERILHT00000008106	A
anno1.g5435.t1	A	BRAKERILHT00000007102	A
anno1.g5436.t1	A	BRAKERILHT00000007392	A
anno1.g5439.t4	A	BRAKERILHT00000007974	A
anno1.g5440.t1	A	BRAKERILHT00000008375	A
anno1.g5441.t1	A	BRAKERILHT00000006641	A
anno1.g5442.t1	A	BRAKERILHT00000007173	A
anno1.g5443.t1	A	BRAKERILHT00000007516	A
anno1.g5444.t1	A	BRAKERILHT00000007918	A
anno1.g5445.t1	A	BRAKERILHT00000007221	A
anno1.g5446.t1	A	BRAKERILHT00000006605	A
anno1.g5447.t1	A	BRAKERILHT00000008406	A
anno1.g5448.t1	A	BRAKERILHT00000008095	A
anno1.g5449.t1	A	BRAKERILHT00000007367	A
anno1.g5450.t1	A	BRAKERILHT00000008023	A
anno1.g5451.t1	A	BRAKERILHT00000007578	A
anno1.g5452.t1	A	BRAKERILHT00000012953	A
anno1.g5453.t1	A	BRAKERILHT00000007140	A
anno1.g5456.t1	A	BRAKERILHT00000007798	A
anno1.g5457.t1	A	BRAKERILHT00000007353	A
anno1.g5458.t1	A	BRAKERILHT00000007054	A
anno1.g5459.t1	A	BRAKERILHT00000008131	A
anno1.g5461.t1	A	BRAKERILHT00000008049	A
anno1.g5462.t1	A	BRAKERILHT00000007506	A
anno1.g5463.t1	A	BRAKERILHT00000007948	A
anno1.g5464.t2	A	BRAKERILHT00000007386	A
anno1.g5465.t1	A	BRAKERILHT00000008427	A
anno1.g5466.t2	A	BRAKERILHT00000007996	A
anno1.g5467.t1	A	BRAKERILHT00000007567	A
anno1.g5468.t1	A	BRAKERILHT00000008292	A
anno1.g5469.t1	A	BRAKERILHT00000007625	A
anno1.g5470.t1	A	BRAKERILHT00000007383	A
anno1.g5471.t2	A	BRAKERILHT00000006942	A
anno1.g5472.t1	A	BRAKERILHT00000006573	A
anno1.g5473.t1	A	BRAKERILHT00000017385	X
anno1.g5474.t1	A	BRAKERILHT00000007970	A
anno1.g5477.t1	A	BRAKERILHT00000008032	A
anno1.g5478.t2	A	BRAKERILHT00000006549	A
anno1.g5479.t6	A	BRAKERILHT00000007106	A
anno1.g5480.t1	A	BRAKERILHT00000007609	A
anno1.g5481.t1	A	BRAKERILHT00000008333	A
anno1.g5482.t2	A	BRAKERILHT00000007514	A
anno1.g5483.t1	A	BRAKERILHT00000007159	A
anno1.g5485.t1	A	BRAKERILHT00000006612	A
anno1.g5488.t1	A	BRAKERILHT00000007505	A
anno1.g5489.t2	A	BRAKERILHT00000008232	A
anno1.g5490.t1	A	BRAKERILHT00000007307	A
anno1.g5491.t1	A	BRAKERILHT00000007728	A
anno1.g5495.t1	A	BRAKERILHT00000008199	A
anno1.g5496.t1	A	BRAKERILHT00000007209	A
anno1.g5498.t1	A	BRAKERILHT00000007115	A
anno1.g5499.t1	A	BRAKERILHT00000006520	A
anno1.g5500.t1	A	BRAKERILHT00000006904	A
anno1.g5501.t1	A	BRAKERILHT00000006872	A
anno1.g5502.t1	A	BRAKERILHT00000008356	A
anno1.g5503.t1	A	BRAKERILHT00000007523	A
anno1.g5504.t1	A	BRAKERILHT00000007476	A
anno1.g5505.t1	A	BRAKERILHT00000008070	A
anno1.g5507.t2	A	BRAKERILHT00000007595	A
anno1.g5508.t1	A	BRAKERILHT00000007155	A
anno1.g5509.t1	A	BRAKERILHT00000007273	A
anno1.g5510.t1	A	BRAKERILHT00000008405	A
anno1.g5511.t1	A	BRAKERILHT00000007869	A
anno1.g5512.t1	A	BRAKERILHT00000006541	A
anno1.g5513.t1	A	BRAKERILHT00000008330	A
anno1.g5515.t1	A	BRAKERILHT00000007851	A
anno1.g5516.t1	A	BRAKERILHT00000006652	A
anno1.g5517.t1	A	BRAKERILHT00000007796	A
anno1.g5519.t1	A	BRAKERILHT00000006800	A
anno1.g5523.t1	A	BRAKERILHT00000007636	A
anno1.g5525.t1	A	BRAKERILHT00000006565	A
anno1.g5526.t1	A	BRAKERILHT00000007362	A
anno1.g5529.t1	A	BRAKERILHT00000006545	A
anno1.g5530.t1	A	BRAKERILHT00000007905	A
anno1.g5532.t1	A	BRAKERILHT00000008303	A
anno1.g5535.t1	A	BRAKERILHT00000007244	A
anno1.g5536.t1	A	BRAKERILHT00000008218	A
anno1.g5537.t2	A	BRAKERILHT00000007692	A
anno1.g5541.t1	A	BRAKERILHT00000006993	A
anno1.g5542.t1	A	BRAKERILHT00000006550	A
anno1.g5543.t1	A	BRAKERILHT00000008227	A
anno1.g5544.t1	A	BRAKERILHT00000006650	A
anno1.g5545.t1	A	BRAKERILHT00000007176	A
anno1.g5546.t1	A	BRAKERILHT00000007634	A
anno1.g5547.t1	A	BRAKERILHT00000008051	A
anno1.g5548.t2	A	BRAKERILHT00000007908	A
anno1.g5549.t1	A	BRAKERILHT00000008307	A
anno1.g5551.t1	A	BRAKERILHT00000007559	A
anno1.g5552.t2	A	BRAKERILHT00000008002	A
anno1.g5553.t1	A	BRAKERILHT00000006611	A
anno1.g5554.t1	A	BRAKERILHT00000007755	A
anno1.g5558.t1	A	BRAKERILHT00000006486	A
anno1.g5560.t1	A	BRAKERILHT00000007454	A
anno1.g5563.t1	A	BRAKERILHT00000006885	A
anno1.g5564.t1	A	BRAKERILHT00000008374	A
anno1.g5565.t1	A	BRAKERILHT00000007156	A
anno1.g5566.t1	A	BRAKERILHT00000006787	A
anno1.g5567.t1	A	BRAKERILHT00000008313	A
anno1.g5569.t1	A	BRAKERILHT00000006511	A
anno1.g5577.t1	A	BRAKERILHT00000010906	A
anno1.g5580.t1	A	BRAKERILHT00000007425	A
anno1.g5581.t1	A	BRAKERILHT00000006868	A
anno1.g5582.t7	A	BRAKERILHT00000008277	A
anno1.g5583.t2	A	BRAKERILHT00000008442	A
anno1.g5584.t1	A	BRAKERILHT00000006526	A
anno1.g5585.t1	A	BRAKERILHT00000007072	A
anno1.g5587.t1	A	BRAKERILHT00000007306	A
anno1.g5588.t2	A	BRAKERILHT00000008004	A
anno1.g5589.t1	A	BRAKERILHT00000007218	A
anno1.g5590.t1	A	BRAKERILHT00000007920	A
anno1.g5591.t1	A	BRAKERILHT00000006807	A
anno1.g5592.t1	A	BRAKERILHT00000008144	A
anno1.g5593.t1	A	BRAKERILHT00000007703	A
anno1.g5594.t1	A	BRAKERILHT00000007011	A
anno1.g5595.t1	A	BRAKERILHT00000006599	A
anno1.g5596.t1	A	BRAKERILHT00000000605	A
anno1.g5597.t4	A	BRAKERILHT00000007314	A
anno1.g5599.t1	A	BRAKERILHT00000007552	A
anno1.g5601.t1	A	BRAKERILHT00000007050	A
anno1.g5605.t1	A	BRAKERILHT00000006499	A
anno1.g5608.t1	A	BRAKERILHT00000008252	A
anno1.g5611.t1	A	BRAKERILHT00000007491	A
anno1.g5612.t1	A	BRAKERILHT00000007164	A
anno1.g5613.t1	A	BRAKERILHT00000007397	A
anno1.g5615.t1	A	BRAKERILHT00000007462	A
anno1.g5617.t1	A	BRAKERILHT00000007808	A
anno1.g5619.t1	A	BRAKERILHT00000008241	A
anno1.g5620.t1	A	BRAKERILHT00000007088	A
anno1.g5621.t1	A	BRAKERILHT00000006665	A
anno1.g5622.t1	A	BRAKERILHT00000006699	A
anno1.g5623.t1	A	BRAKERILHT00000007983	A
anno1.g5624.t1	A	BRAKERILHT00000007594	A
anno1.g5625.t1	A	BRAKERILHT00000007365	A
anno1.g5627.t1	A	BRAKERILHT00000007846	A
anno1.g5629.t1	A	BRAKERILHT00000006948	A
anno1.g5630.t1	A	BRAKERILHT00000006994	A
anno1.g5632.t1	A	BRAKERILHT00000007572	A
anno1.g5633.t1	A	BRAKERILHT00000015641	A
anno1.g5634.t1	A	BRAKERILHT00000006683	A
anno1.g5637.t1	A	BRAKERILHT00000005055	A
anno1.g5638.t1	A	BRAKERILHT00000005844	A
anno1.g5639.t1	A	BRAKERILHT00000006830	A
anno1.g5641.t1	A	BRAKERILHT00000017731	X
anno1.g5645.t1	A	BRAKERILHT00000006852	A
anno1.g5646.t1	A	BRAKERILHT00000014523	A
anno1.g5647.t1	A	BRAKERILHT00000006574	A
anno1.g5648.t1	A	BRAKERILHT00000007229	A
anno1.g5649.t1	A	BRAKERILHT00000008217	A
anno1.g5650.t1	A	BRAKERILHT00000008418	A
anno1.g5651.t1	A	BRAKERILHT00000008351	A
anno1.g5652.t1	A	BRAKERILHT00000006891	A
anno1.g5653.t1	A	BRAKERILHT00000007479	A
anno1.g5654.t1	A	BRAKERILHT00000008158	A
anno1.g5657.t1	A	BRAKERILHT00000006617	A
anno1.g5658.t1	A	BRAKERILHT00000007178	A
anno1.g5660.t1	A	BRAKERILHT00000008062	A
anno1.g5663.t1	A	BRAKERILHT00000007035	A
anno1.g5673.t1	A	BRAKERILHT00000006778	A
anno1.g5674.t3	A	BRAKERILHT00000008459	A
anno1.g5675.t1	A	BRAKERILHT00000008205	A
anno1.g5676.t1	A	BRAKERILHT00000007664	A
anno1.g5677.t1	A	BRAKERILHT00000008321	A
anno1.g5678.t1	A	BRAKERILHT00000006858	A
anno1.g5679.t1	A	BRAKERILHT00000007439	A
anno1.g5681.t1	A	BRAKERILHT00000007574	A
anno1.g5682.t1	A	BRAKERILHT00000008088	A
anno1.g5683.t1	A	BRAKERILHT00000006661	A
anno1.g5684.t1	A	BRAKERILHT00000007196	A
anno1.g5685.t2	A	BRAKERILHT00000008476	A
anno1.g5686.t2	A	BRAKERILHT00000007086	A
anno1.g5687.t1	A	BRAKERILHT00000007473	A
anno1.g5688.t1	A	BRAKERILHT00000008171	A
anno1.g5689.t1	A	BRAKERILHT00000007724	A
anno1.g5690.t1	A	BRAKERILHT00000007157	A
anno1.g5692.t1	A	BRAKERILHT00000006489	A
anno1.g5693.t1	A	BRAKERILHT00000007441	A
anno1.g5694.t3	A	BRAKERILHT00000006781	A
anno1.g5695.t3	A	BRAKERILHT00000008367	A
anno1.g5696.t2	A	BRAKERILHT00000008471	A
anno1.g5697.t3	A	BRAKERILHT00000008378	A
anno1.both_agree_g14676.t1	A	BRAKERILHT00000007588	A
anno1.g5701.t1	A	BRAKERILHT00000007930	A
anno1.g5705.t1	A	BRAKERILHT00000008248	A
anno1.g5707.t1	A	BRAKERILHT00000007347	A
anno1.g5708.t1	A	BRAKERILHT00000008091	A
anno1.g5709.t1	A	BRAKERILHT00000006535	A
anno1.g5710.t1	A	BRAKERILHT00000007830	A
anno1.g5711.t1	A	BRAKERILHT00000007325	A
anno1.g5712.t1	A	BRAKERILHT00000008458	A
anno1.g5713.t1	A	BRAKERILHT00000006536	A
anno1.g5714.t1	A	BRAKERILHT00000007199	A
anno1.g5716.t1	A	BRAKERILHT00000008090	A
anno1.g5717.t1	A	BRAKERILHT00000006788	A
anno1.g5718.t1	A	BRAKERILHT00000006827	A
anno1.g5719.t1	A	BRAKERILHT00000008376	A
anno1.g5720.t1	A	BRAKERILHT00000007614	A
anno1.g5721.t2	A	BRAKERILHT00000007169	A
anno1.g5723.t1	A	BRAKERILHT00000006287	A
anno1.g5725.t1	A	BRAKERILHT00000008207	A
anno1.g5726.t1	A	BRAKERILHT00000007410	A
anno1.g5727.t1	A	BRAKERILHT00000006620	A
anno1.g5728.t1	A	BRAKERILHT00000007841	A
anno1.g5729.t2	A	BRAKERILHT00000008339	A
anno1.g5730.t1	A	BRAKERILHT00000006732	A
anno1.g5731.t3	A	BRAKERILHT00000008103	A
anno1.g5734.t1	A	BRAKERILHT00000007740	A
anno1.g5735.t1	A	BRAKERILHT00000007252	A
anno1.g5736.t1	A	BRAKERILHT00000017474	X
anno1.g5739.t1	A	BRAKERILHT00000006603	A
anno1.g5740.t1	A	BRAKERILHT00000007118	A
anno1.g5742.t1	A	BRAKERILHT00000001526	A
anno1.g5743.t6	A	BRAKERILHT00000000666	A
anno1.g5744.t1	A	BRAKERILHT00000000251	A
anno1.g5745.t1	A	BRAKERILHT00000000833	A
anno1.g5746.t2	A	BRAKERILHT00000002013	A
anno1.g5747.t1	A	BRAKERILHT00000001506	A
anno1.g5749.t1	A	BRAKERILHT00000001219	A
anno1.g5750.t2	A	BRAKERILHT00000000738	A
anno1.g5751.t1	A	BRAKERILHT00000001789	A
anno1.g5752.t1	A	BRAKERILHT00000000561	A
anno1.g5753.t1	A	BRAKERILHT00000001144	A
anno1.g5754.t1	A	BRAKERILHT00000016168	A
anno1.g5755.t1	A	BRAKERILHT00000001967	A
anno1.g5757.t1	A	BRAKERILHT00000001088	A
anno1.g5758.t1	A	BRAKERILHT00000000232	A
anno1.g5759.t2	A	BRAKERILHT00000001051	A
anno1.g5760.t1	A	BRAKERILHT00000000054	A
anno1.g5761.t1	A	BRAKERILHT00000000958	A
anno1.g5762.t1	A	BRAKERILHT00000001808	A
anno1.g5763.t1	A	BRAKERILHT00000001712	A
anno1.g5764.t1	A	BRAKERILHT00000001954	A
anno1.g5765.t1	A	BRAKERILHT00000000710	A
anno1.g5766.t1	A	BRAKERILHT00000000218	A
anno1.g5767.t1	A	BRAKERILHT00000001664	A
anno1.g5768.t1	A	BRAKERILHT00000000435	A
anno1.g5769.t1	A	BRAKERILHT00000002127	A
anno1.g5770.t1	A	BRAKERILHT00000000827	A
anno1.g5771.t1	A	BRAKERILHT00000001563	A
anno1.g5772.t1	A	BRAKERILHT00000000224	A
anno1.g5773.t1	A	BRAKERILHT00000000713	A
anno1.g5774.t1	A	BRAKERILHT00000001135	A
anno1.g5775.t1	A	BRAKERILHT00000001642	A
anno1.g5778.t1	A	BRAKERILHT00000000280	A
anno1.g5779.t1	A	BRAKERILHT00000001578	A
anno1.g5780.t1	A	BRAKERILHT00000000976	A
anno1.g5781.t1	A	BRAKERILHT00000000249	A
anno1.g5782.t1	A	BRAKERILHT00000000864	A
anno1.g5784.t1	A	BRAKERILHT00000000696	A
anno1.g5785.t2	A	BRAKERILHT00000001475	A
anno1.g5786.t1	A	BRAKERILHT00000001973	A
anno1.g5787.t1	A	BRAKERILHT00000000198	A
anno1.g5788.t1	A	BRAKERILHT00000001931	A
anno1.g5789.t2	A	BRAKERILHT00000000924	A
anno1.g5790.t1	A	BRAKERILHT00000001054	A
anno1.g5791.t1	A	BRAKERILHT00000000048	A
anno1.g5796.t1	A	BRAKERILHT00000001492	A
anno1.g5797.t1	A	BRAKERILHT00000000498	A
anno1.g5798.t1	A	BRAKERILHT00000000800	A
anno1.g5799.t1	A	BRAKERILHT00000000550	A
anno1.g5800.t1	A	BRAKERILHT00000000514	A
anno1.g5803.t1	A	BRAKERILHT00000001261	A
anno1.g5804.t2	A	BRAKERILHT00000000671	A
anno1.g5806.t2	A	BRAKERILHT00000000788	A
anno1.g5807.t1	A	BRAKERILHT00000000137	A
anno1.g5808.t1	A	BRAKERILHT00000000511	A
anno1.g5809.t1	A	BRAKERILHT00000000770	A
anno1.g5810.t1	A	BRAKERILHT00000000012	A
anno1.g5811.t1	A	BRAKERILHT00000000883	A
anno1.g5812.t2	A	BRAKERILHT00000001522	A
anno1.g5813.t1	A	BRAKERILHT00000001047	A
anno1.g5814.t1	A	BRAKERILHT00000001340	A
anno1.g5815.t1	A	BRAKERILHT00000001660	A
anno1.g5818.t1	A	BRAKERILHT00000001867	A
anno1.g5825.t1	A	BRAKERILHT00000002151	A
anno1.g5826.t1	A	BRAKERILHT00000000026	A
anno1.g5827.t1	A	BRAKERILHT00000001378	A
anno1.g5828.t1	A	BRAKERILHT00000000152	A
anno1.g5829.t1	A	BRAKERILHT00000001497	A
anno1.g5830.t1	A	BRAKERILHT00000000538	A
anno1.g5831.t1	A	BRAKERILHT00000002088	A
anno1.g5833.t1	A	BRAKERILHT00000000764	A
anno1.g5834.t1	A	BRAKERILHT00000001594	A
anno1.g5835.t1	A	BRAKERILHT00000000986	A
anno1.g5836.t1	A	BRAKERILHT00000000729	A
anno1.g5837.t3	A	BRAKERILHT00000000119	A
anno1.g5838.t1	A	BRAKERILHT00000000003	A
anno1.g5839.t1	A	BRAKERILHT00000001891	A
anno1.g5840.t2	A	BRAKERILHT00000001183	A
anno1.g5841.t2	A	BRAKERILHT00000001777	A
anno1.g5842.t1	A	BRAKERILHT00000000540	A
anno1.g5843.t1	A	BRAKERILHT00000001194	A
anno1.g5844.t1	A	BRAKERILHT00000000006	A
anno1.g5845.t1	A	BRAKERILHT00000000345	A
anno1.g5846.t1	A	BRAKERILHT00000000971	A
anno1.g5847.t1	A	BRAKERILHT00000001977	A
anno1.g5848.t2	A	BRAKERILHT00000001430	A
anno1.g5851.t1	A	BRAKERILHT00000001342	A
anno1.g5852.t1	A	BRAKERILHT00000000230	A
anno1.g5853.t1	A	BRAKERILHT00000001344	A
anno1.g5854.t1	A	BRAKERILHT00000000063	A
anno1.g5855.t1	A	BRAKERILHT00000000673	A
anno1.g5856.t1	A	BRAKERILHT00000002006	A
anno1.g5858.t1	A	BRAKERILHT00000001156	A
anno1.g5859.t1	A	BRAKERILHT00000000552	A
anno1.g5860.t2	A	BRAKERILHT00000000041	A
anno1.g5861.t3	A	BRAKERILHT00000000653	A
anno1.g5862.t1	A	BRAKERILHT00000000870	A
anno1.g5864.t1	A	BRAKERILHT00000000354	A
anno1.g5866.t2	A	BRAKERILHT00000001580	A
anno1.g5868.t1	A	BRAKERILHT00000001314	A
anno1.g5869.t2	A	BRAKERILHT00000000600	A
anno1.g5870.t1	A	BRAKERILHT00000001823	A
anno1.g5871.t1	A	BRAKERILHT00000001576	A
anno1.g5872.t1	A	BRAKERILHT00000000816	A
anno1.g5873.t1	A	BRAKERILHT00000006265	A
anno1.g5874.t1	A	BRAKERILHT00000006754	A
anno1.g5875.t1	A	BRAKERILHT00000000592	A
anno1.g5876.t2	A	BRAKERILHT00000000692	A
anno1.g5877.t2	A	BRAKERILHT00000001275	A
anno1.g5878.t2	A	BRAKERILHT00000001158	A
anno1.g5879.t1	A	BRAKERILHT00000001902	A
anno1.g5880.t1	A	BRAKERILHT00000000933	A
anno1.g5881.t1	A	BRAKERILHT00000000367	A
anno1.g5882.t1	A	BRAKERILHT00000000949	A
anno1.g5883.t1	A	BRAKERILHT00000001565	A
anno1.g5884.t1	A	BRAKERILHT00000001684	A
anno1.g5886.t1	A	BRAKERILHT00000000123	A
anno1.g5887.t1	A	BRAKERILHT00000000613	A
anno1.g5888.t3	A	BRAKERILHT00000001812	A
anno1.g5889.t1	A	BRAKERILHT00000000663	A
anno1.g5890.t2	A	BRAKERILHT00000000469	A
anno1.g5891.t1	A	BRAKERILHT00000001319	A
anno1.g5893.t1	A	BRAKERILHT00000000900	A
anno1.g5894.t1	A	BRAKERILHT00000001055	A
anno1.g5895.t1	A	BRAKERILHT00000001541	A
anno1.g5897.t1	A	BRAKERILHT00000000029	A
anno1.g5898.t1	A	BRAKERILHT00000000279	A
anno1.g5899.t1	A	BRAKERILHT00000000554	A
anno1.g5900.t1	A	BRAKERILHT00000000980	A
anno1.g5901.t1	A	BRAKERILHT00000000430	A
anno1.g5910.t2	A	BRAKERILHT00000001521	A
anno1.g5912.t1	A	BRAKERILHT00000001362	A
anno1.g5913.t1	A	BRAKERILHT00000001851	A
anno1.g5916.t5	A	BRAKERILHT00000001854	A
anno1.g5917.t1	A	BRAKERILHT00000001735	A
anno1.g5919.t1	A	BRAKERILHT00000001543	A
anno1.g5920.t1	A	BRAKERILHT00000000733	A
anno1.g5921.t1	A	BRAKERILHT00000000261	A
anno1.g5923.t1	A	BRAKERILHT00000000343	A
anno1.g5924.t1	A	BRAKERILHT00000001227	A
anno1.g5925.t1	A	BRAKERILHT00000001283	A
anno1.g5926.t1	A	BRAKERILHT00000001502	A
anno1.g5927.t1	A	BRAKERILHT00000002101	A
anno1.g5928.t1	A	BRAKERILHT00000000533	A
anno1.g5929.t1	A	BRAKERILHT00000000612	A
anno1.g5930.t1	A	BRAKERILHT00000001181	A
anno1.g5931.t1	A	BRAKERILHT00000001787	A
anno1.g5932.t1	A	BRAKERILHT00000000213	A
anno1.g5935.t1	A	BRAKERILHT00000000772	A
anno1.g5936.t2	A	BRAKERILHT00000000959	A
anno1.g5937.t1	A	BRAKERILHT00000001586	A
anno1.g5938.t1	A	BRAKERILHT00000000353	A
anno1.g5940.t1	A	BRAKERILHT00000001214	A
anno1.g5941.t1	A	BRAKERILHT00000001148	A
anno1.g5942.t1	A	BRAKERILHT00000001809	A
anno1.g5943.t1	A	BRAKERILHT00000000529	A
anno1.g5944.t1	A	BRAKERILHT00000000806	A
anno1.g5945.t1	A	BRAKERILHT00000000555	A
anno1.g5946.t1	A	BRAKERILHT00000001295	A
anno1.g5947.t1	A	BRAKERILHT00000000380	A
anno1.g5948.t1	A	BRAKERILHT00000001969	A
anno1.g5949.t2	A	BRAKERILHT00000001633	A
anno1.g5950.t1	A	BRAKERILHT00000001350	A
anno1.g5951.t1	A	BRAKERILHT00000000112	A
anno1.g5952.t1	A	BRAKERILHT00000000522	A
anno1.g5953.t1	A	BRAKERILHT00000001706	A
anno1.g5955.t1	A	BRAKERILHT00000001292	A
anno1.g5960.t1	A	BRAKERILHT00000003591	A
anno1.g5961.t1	A	BRAKERILHT00000000004	A
anno1.g5962.t1	A	BRAKERILHT00000000996	A
anno1.g5964.t1	A	BRAKERILHT00000000057	A
anno1.g5966.t1	A	BRAKERILHT00000001331	A
anno1.g5968.t1	A	BRAKERILHT00000017960	X
anno1.g5969.t1	A	BRAKERILHT00000000075	A
anno1.g5973.t1	A	BRAKERILHT00000001366	A
anno1.g5980.t1	A	BRAKERILHT00000000176	A
anno1.g5979.t3	A	BRAKERILHT00000001123	A
anno1.g5981.t1	A	BRAKERILHT00000000688	A
anno1.g5982.t1	A	BRAKERILHT00000001029	A
anno1.g5983.t2	A	BRAKERILHT00000000778	A
anno1.g5985.t1	A	BRAKERILHT00000000989	A
anno1.g5987.t1	A	BRAKERILHT00000002064	A
anno1.g5989.t2	A	BRAKERILHT00000002081	A
anno1.g5994.t1	A	BRAKERILHT00000002140	A
anno1.g5995.t2	A	BRAKERILHT00000001501	A
anno1.g5996.t1	A	BRAKERILHT00000000918	A
anno1.g5997.t1	A	BRAKERILHT00000000440	A
anno1.g5998.t1	A	BRAKERILHT00000001488	A
anno1.g6000.t1	A	BRAKERILHT00000000196	A
anno1.g6001.t1	A	BRAKERILHT00000000228	A
anno1.g6002.t1	A	BRAKERILHT00000001940	A
anno1.g6003.t1	A	BRAKERILHT00000000717	A
anno1.g6004.t1	A	BRAKERILHT00000001164	A
anno1.g6005.t1	A	BRAKERILHT00000000246	A
anno1.g6006.t1	A	BRAKERILHT00000001829	A
anno1.g6007.t1	A	BRAKERILHT00000000983	A
anno1.g6009.t1	A	BRAKERILHT00000001587	A
anno1.g6010.t1	A	BRAKERILHT00000001772	A
anno1.g6012.t1	A	BRAKERILHT00000000526	A
anno1.g6013.t1	A	BRAKERILHT00000001764	A
anno1.g6014.t1	A	BRAKERILHT00000000269	A
anno1.g6015.t1	A	BRAKERILHT00000001972	A
anno1.g6017.t1	A	BRAKERILHT00000002177	A
anno1.g6018.t1	A	BRAKERILHT00000000917	A
anno1.g6019.t1	A	BRAKERILHT00000000467	A
anno1.g6020.t1	A	BRAKERILHT00000001888	A
anno1.g6021.t1	A	BRAKERILHT00000000767	A
anno1.g6022.t1	A	BRAKERILHT00000001950	A
anno1.g6023.t1	A	BRAKERILHT00000000068	A
anno1.g6024.t1	A	BRAKERILHT00000002062	A
anno1.g6025.t1	A	BRAKERILHT00000000731	A
anno1.g6027.t1	A	BRAKERILHT00000002017	A
anno1.g6028.t1	A	BRAKERILHT00000001529	A
anno1.g6029.t1	A	BRAKERILHT00000001058	A
anno1.g6030.t1	A	BRAKERILHT00000000106	A
anno1.g6031.t2	A	BRAKERILHT00000001052	A
anno1.g6032.t1	A	BRAKERILHT00000001268	A
anno1.g6033.t1	A	BRAKERILHT00000001234	A
anno1.g6038.t1	A	BRAKERILHT00000002170	A
anno1.g6039.t2	A	BRAKERILHT00000001540	A
anno1.g6040.t1	A	BRAKERILHT00000001844	A
anno1.g6041.t1	A	BRAKERILHT00000001207	A
anno1.g6042.t1	A	BRAKERILHT00000000898	A
anno1.g6043.t1	A	BRAKERILHT00000000295	A
anno1.g6044.t1	A	BRAKERILHT00000000328	A
anno1.g6045.t1	A	BRAKERILHT00000001836	A
anno1.g6046.t1	A	BRAKERILHT00000001372	A
anno1.g6047.t1	A	BRAKERILHT00000000670	A
anno1.g6048.t1	A	BRAKERILHT00000000141	A
anno1.g6050.t1	A	BRAKERILHT00000000470	A
anno1.g6051.t1	A	BRAKERILHT00000001233	A
anno1.g6052.t1	A	BRAKERILHT00000000298	A
anno1.g6057.t2	A	BRAKERILHT00000001180	A
anno1.g6060.t1	A	BRAKERILHT00000000899	A
anno1.g6061.t1	A	BRAKERILHT00000000215	A
anno1.g6068.t1	A	BRAKERILHT00000000466	A
anno1.g6069.t1	A	BRAKERILHT00000001408	A
anno1.g6071.t3	A	BRAKERILHT00000002158	A
anno1.g6073.t1	A	BRAKERILHT00000000031	A
anno1.g6075.t1	A	BRAKERILHT00000002025	A
anno1.g6076.t1	A	BRAKERILHT00000001062	A
anno1.g6077.t1	A	BRAKERILHT00000002132	A
anno1.g6078.t2	A	BRAKERILHT00000000616	A
anno1.g6079.t2	A	BRAKERILHT00000001722	A
anno1.g6080.t1	A	BRAKERILHT00000000992	A
anno1.g6081.t1	A	BRAKERILHT00000000699	A
anno1.g6082.t1	A	BRAKERILHT00000001472	A
anno1.g6084.t1	A	BRAKERILHT00000000444	A
anno1.g6085.t1	A	BRAKERILHT00000001033	A
anno1.g6087.t2	A	BRAKERILHT00000001481	A
anno1.g6088.t1	A	BRAKERILHT00000000060	A
anno1.g6089.t1	A	BRAKERILHT00000002098	A
anno1.g6090.t1	A	BRAKERILHT00000002138	A
anno1.g6091.t1	A	BRAKERILHT00000001898	A
anno1.g6094.t1	A	BRAKERILHT00000001438	A
anno1.g6095.t1	A	BRAKERILHT00000000739	A
anno1.g6096.t1	A	BRAKERILHT00000000248	A
anno1.g6097.t1	A	BRAKERILHT00000001441	A
anno1.both_agree_g15325.t1	A	BRAKERILHT00000000203	A
anno1.g6099.t1	A	BRAKERILHT00000000066	A
anno1.g6100.t1	A	BRAKERILHT00000002119	A
anno1.g6101.t1	A	BRAKERILHT00000002682	A
anno1.g6104.t3	A	BRAKERILHT00000001965	A
anno1.g6105.t1	A	BRAKERILHT00000000740	A
anno1.g6107.t1	A	BRAKERILHT00000001609	A
anno1.g6108.t1	A	BRAKERILHT00000001080	A
anno1.g6109.t1	A	BRAKERILHT00000000505	A
anno1.g6110.t1	A	BRAKERILHT00000001364	A
anno1.g6113.t1	A	BRAKERILHT00000000967	A
anno1.g6114.t1	A	BRAKERILHT00000001553	A
anno1.g6115.t1	A	BRAKERILHT00000001138	A
anno1.g6116.t1	A	BRAKERILHT00000000667	A
anno1.g6117.t1	A	BRAKERILHT00000000415	A
anno1.g6118.t1	A	BRAKERILHT00000001774	A
anno1.g6119.t3	A	BRAKERILHT00000001427	A
anno1.g6121.t1	A	BRAKERILHT00000001143	A
anno1.g6122.t2	A	BRAKERILHT00000000163	A
anno1.g6123.t1	A	BRAKERILHT00000000866	A
anno1.g6124.t1	A	BRAKERILHT00000000250	A
anno1.g6125.t1	A	BRAKERILHT00000001454	A
anno1.g6126.t1	A	BRAKERILHT00000002111	A
anno1.g6129.t1	A	BRAKERILHT00000001873	A
anno1.g6131.t1	A	BRAKERILHT00000001237	A
anno1.g6134.t2	A	BRAKERILHT00000001884	A
anno1.g6135.t1	A	BRAKERILHT00000000880	A
anno1.g6136.t2	A	BRAKERILHT00000000656	A
anno1.g6137.t2	A	BRAKERILHT00000001272	A
anno1.g6138.t1	A	BRAKERILHT00000002126	A
anno1.g6139.t1	A	BRAKERILHT00000002137	A
anno1.g6142.t1	A	BRAKERILHT00000001327	A
anno1.g6143.t1	A	BRAKERILHT00000016185	A
anno1.g6144.t1	A	BRAKERILHT00000000675	A
anno1.g6145.t1	A	BRAKERILHT00000000061	A
anno1.g6146.t1	A	BRAKERILHT00000001869	A
anno1.g6154.t2	A	BRAKERILHT00000000796	A
anno1.g6155.t1	A	BRAKERILHT00000001108	A
anno1.g6156.t1	A	BRAKERILHT00000001727	A
anno1.g6157.t1	A	BRAKERILHT00000002019	A
anno1.g6158.t2	A	BRAKERILHT00000001738	A
anno1.g6160.t1	A	BRAKERILHT00000001979	A
anno1.g6162.t1	A	BRAKERILHT00000001277	A
anno1.g6163.t1	A	BRAKERILHT00000001101	A
anno1.g6164.t1	A	BRAKERILHT00000000844	A
anno1.g6165.t1	A	BRAKERILHT00000000642	A
anno1.g6166.t2	A	BRAKERILHT00000001795	A
anno1.g6168.t1	A	BRAKERILHT00000001312	A
anno1.g6169.t1	A	BRAKERILHT00000000313	A
anno1.g6173.t1	A	BRAKERILHT00000001071	A
anno1.g6174.t2	A	BRAKERILHT00000000484	A
anno1.g6175.t1	A	BRAKERILHT00000002055	A
anno1.g6176.t1	A	BRAKERILHT00000000818	A
anno1.g6177.t2	A	BRAKERILHT00000000239	A
anno1.g6178.t1	A	BRAKERILHT00000001828	A
anno1.g6181.t1	A	BRAKERILHT00000001178	A
anno1.g6183.t3	A	BRAKERILHT00000001496	A
anno1.g6185.t1	A	BRAKERILHT00000000742	A
anno1.g6186.t1	A	BRAKERILHT00000001321	A
anno1.g6187.t1	A	BRAKERILHT00000001705	A
anno1.g6188.t1	A	BRAKERILHT00000011638	A
anno1.g6189.t1	A	BRAKERILHT00000001451	A
anno1.g6196.t1	A	BRAKERILHT00000000483	A
anno1.g6197.t2	A	BRAKERILHT00000000964	A
anno1.g6201.t1	A	BRAKERILHT00000000659	A
anno1.g6205.t1	A	BRAKERILHT00000000746	A
anno1.g6206.t1	A	BRAKERILHT00000001669	A
anno1.g6209.t1	A	BRAKERILHT00000001037	A
anno1.g6210.t1	A	BRAKERILHT00000000436	A
anno1.g6211.t1	A	BRAKERILHT00000000438	A
anno1.g6212.t2	A	BRAKERILHT00000001723	A
anno1.g6214.t1	A	BRAKERILHT00000000973	A
anno1.g6219.t1	A	BRAKERILHT00000001635	A
anno1.g6220.t13	A	BRAKERILHT00000001118	A
anno1.g6221.t1	A	BRAKERILHT00000000394	A
anno1.g6222.t1	A	BRAKERILHT00000000036	A
anno1.g6223.t1	A	BRAKERILHT00000001582	A
anno1.g6224.t1	A	BRAKERILHT00000000094	A
anno1.g6225.t1	A	BRAKERILHT00000001893	A
anno1.g6226.t1	A	BRAKERILHT00000002061	A
anno1.g6227.t1	A	BRAKERILHT00000001406	A
anno1.g6228.t1	A	BRAKERILHT00000002022	A
anno1.g6229.t2	A	BRAKERILHT00000000091	A
anno1.g6230.t1	A	BRAKERILHT00000001110	A
anno1.g6231.t1	A	BRAKERILHT00000002092	A
anno1.g6232.t1	A	BRAKERILHT00000000500	A
anno1.g6233.t1	A	BRAKERILHT00000000865	A
anno1.g6234.t1	A	BRAKERILHT00000001355	A
anno1.g6235.t2	A	BRAKERILHT00000001228	A
anno1.g6237.t1	A	BRAKERILHT00000001691	A
anno1.g6238.t1	A	BRAKERILHT00000000478	A
anno1.g6240.t1	A	BRAKERILHT00000002029	A
anno1.g6241.t1	A	BRAKERILHT00000000825	A
anno1.g6242.t1	A	BRAKERILHT00000000848	A
anno1.g6243.t1	A	BRAKERILHT00000001360	A
anno1.g6244.t1	A	BRAKERILHT00000000142	A
anno1.g6245.t1	A	BRAKERILHT00000001418	A
anno1.g6248.t1	A	BRAKERILHT00000017505	X
anno1.g6250.t1	A	BRAKERILHT00000000518	A
anno1.g6251.t1	A	BRAKERILHT00000001103	A
anno1.g6252.t1	A	BRAKERILHT00000001031	A
anno1.g6253.t1	A	BRAKERILHT00000000442	A
anno1.g6254.t2	A	BRAKERILHT00000002002	A
anno1.g6255.t1	A	BRAKERILHT00000001595	A
anno1.g6256.t2	A	BRAKERILHT00000000396	A
anno1.g6259.t1	A	BRAKERILHT00000000559	A
anno1.g6261.t1	A	BRAKERILHT00000000974	A
anno1.g6262.t2	A	BRAKERILHT00000002116	A
anno1.g6263.t1	A	BRAKERILHT00000001200	A
anno1.g6264.t1	A	BRAKERILHT00000001767	A
anno1.g6265.t2	A	BRAKERILHT00000000055	A
anno1.g6266.t1	A	BRAKERILHT00000000932	A
anno1.g6267.t1	A	BRAKERILHT00000000450	A
anno1.g6268.t1	A	BRAKERILHT00000001059	A
anno1.g6269.t1	A	BRAKERILHT00000001288	A
anno1.g6270.t1	A	BRAKERILHT00000001741	A
anno1.g6271.t1	A	BRAKERILHT00000001793	A
anno1.g6272.t1	A	BRAKERILHT00000000227	A
anno1.g6273.t1	A	BRAKERILHT00000001682	A
anno1.g6274.t1	A	BRAKERILHT00000000080	A
anno1.g6275.t1	A	BRAKERILHT00000001990	A
anno1.g6276.t2	A	BRAKERILHT00000000389	A
anno1.g6277.t3	A	BRAKERILHT00000001001	A
anno1.g6278.t1	A	BRAKERILHT00000001618	A
anno1.g6279.t1	A	BRAKERILHT00000000437	A
anno1.g6280.t1	A	BRAKERILHT00000001159	A
anno1.g6281.t1	A	BRAKERILHT00000001604	A
anno1.g6282.t1	A	BRAKERILHT00000002065	A
anno1.g6283.t1	A	BRAKERILHT00000000185	A
anno1.g6285.t1	A	BRAKERILHT00000000928	A
anno1.g6290.t1	A	BRAKERILHT00000000944	A
anno1.g6291.t1	A	BRAKERILHT00000001562	A
anno1.g6292.t1	A	BRAKERILHT00000001445	A
anno1.g6293.t1	A	BRAKERILHT00000002036	A
anno1.g6295.t1	A	BRAKERILHT00000000485	A
anno1.g6296.t1	A	BRAKERILHT00000000254	A
anno1.g6297.t1	A	BRAKERILHT00000001444	A
anno1.g6298.t2	A	BRAKERILHT00000001939	A
anno1.g6300.t2	A	BRAKERILHT00000001456	A
anno1.g6301.t1	A	BRAKERILHT00000000995	A
anno1.g6302.t1	A	BRAKERILHT00000000528	A
anno1.g6303.t1	A	BRAKERILHT00000001649	A
anno1.g6304.t1	A	BRAKERILHT00000001139	A
anno1.g6306.t2	A	BRAKERILHT00000000716	A
anno1.g6307.t1	A	BRAKERILHT00000000166	A
anno1.g6308.t1	A	BRAKERILHT00000001745	A
anno1.g6309.t1	A	BRAKERILHT00000001203	A
anno1.g6310.t1	A	BRAKERILHT00000000812	A
anno1.g6311.t1	A	BRAKERILHT00000001904	A
anno1.g6312.t2	A	BRAKERILHT00000001417	A
anno1.g6313.t1	A	BRAKERILHT00000000968	A
anno1.g6314.t1	A	BRAKERILHT00000001673	A
anno1.g6316.t1	A	BRAKERILHT00000016252	A
anno1.g6317.t1	A	BRAKERILHT00000000102	A
anno1.g6318.t1	A	BRAKERILHT00000000747	A
anno1.g6319.t1	A	BRAKERILHT00000001328	A
anno1.g6320.t1	A	BRAKERILHT00000001913	A
anno1.g6321.t1	A	BRAKERILHT00000001279	A
anno1.g6322.t1	A	BRAKERILHT00000001894	A
anno1.g6323.t1	A	BRAKERILHT00000001297	A
anno1.g6325.t1	A	BRAKERILHT00000000902	A
anno1.g6326.t1	A	BRAKERILHT00000001208	A
anno1.g6328.t1	A	BRAKERILHT00000002155	A
anno1.g6329.t1	A	BRAKERILHT00000000317	A
anno1.g6330.t3	A	BRAKERILHT00000000678	A
anno1.g6331.t1	A	BRAKERILHT00000001173	A
anno1.g6332.t1	A	BRAKERILHT00000000834	A
anno1.g6333.t1	A	BRAKERILHT00000001436	A
anno1.g6335.t2	A	BRAKERILHT00000001676	A
anno1.g6337.t1	A	BRAKERILHT00000002012	A
anno1.g6339.t1	A	BRAKERILHT00000000723	A
anno1.g6338.t1	A	BRAKERILHT00000000153	A
anno1.g6340.t1	A	BRAKERILHT00000000530	A
anno1.g6344.t1	A	BRAKERILHT00000000858	A
anno1.g6345.t1	A	BRAKERILHT00000001477	A
anno1.g6346.t1	A	BRAKERILHT00000000207	A
anno1.g6347.t1	A	BRAKERILHT00000000546	A
anno1.g6348.t1	A	BRAKERILHT00000000981	A
anno1.g6349.t1	A	BRAKERILHT00000001935	A
anno1.g6350.t2	A	BRAKERILHT00000000751	A
anno1.g6352.t1	A	BRAKERILHT00000001204	A
anno1.g6353.t1	A	BRAKERILHT00000000114	A
anno1.g6355.t1	A	BRAKERILHT00000001687	A
anno1.g6356.t1	A	BRAKERILHT00000000962	A
anno1.g6357.t1	A	BRAKERILHT00000001532	A
anno1.g6358.t2	A	BRAKERILHT00000001909	A
anno1.g6359.t3	A	BRAKERILHT00000000202	A
anno1.g6360.t1	A	BRAKERILHT00000001999	A
anno1.g6365.t1	A	BRAKERILHT00000001498	A
anno1.g6366.t1	A	BRAKERILHT00000001266	A
anno1.g6367.t2	A	BRAKERILHT00000000293	A
anno1.g6368.t1	A	BRAKERILHT00000001663	A
anno1.g6369.t1	A	BRAKERILHT00000001814	A
anno1.g6370.t1	A	BRAKERILHT00000000259	A
anno1.g6371.t1	A	BRAKERILHT00000000493	A
anno1.g6373.t1	A	BRAKERILHT00000001478	A
anno1.g6374.t1	A	BRAKERILHT00000000805	A
anno1.g6375.t1	A	BRAKERILHT00000000807	A
anno1.g6376.t1	A	BRAKERILHT00000001429	A
anno1.g6377.t2	A	BRAKERILHT00000000237	A
anno1.g6379.t1	A	BRAKERILHT00000000018	A
anno1.g6380.t1	A	BRAKERILHT00000001715	A
anno1.g6383.t1	A	BRAKERILHT00000002168	A
anno1.g6386.t2	A	BRAKERILHT00000001711	A
anno1.g6388.t1	A	BRAKERILHT00000000977	A
anno1.g6390.t1	A	BRAKERILHT00000000748	A
anno1.g6391.t1	A	BRAKERILHT00000001426	A
anno1.g6393.t1	A	BRAKERILHT00000000850	A
anno1.g6394.t1	A	BRAKERILHT00000000534	A
anno1.g6395.t1	A	BRAKERILHT00000002075	A
anno1.g6397.t1	A	BRAKERILHT00000001246	A
anno1.g6401.t1	A	BRAKERILHT00000001718	A
anno1.g6404.t1	A	BRAKERILHT00000001975	A
anno1.g6407.t1	A	BRAKERILHT00000000115	A
anno1.g6410.t1	A	BRAKERILHT00000000943	A
anno1.g6411.t2	A	BRAKERILHT00000001716	A
anno1.g6416.t1	A	BRAKERILHT00000001105	A
anno1.g6419.t1	A	BRAKERILHT00000000192	A
anno1.g6420.t1	A	BRAKERILHT00000001881	A
anno1.g6421.t1	A	BRAKERILHT00000002033	A
anno1.g6423.t1	A	BRAKERILHT00000000486	A
anno1.g6425.t1	A	BRAKERILHT00000000307	A
anno1.g6426.t1	A	BRAKERILHT00000016456	A
anno1.g6427.t1	A	BRAKERILHT00000001574	A
anno1.g6431.t1	A	BRAKERILHT00000001323	A
anno1.g6436.t1	A	BRAKERILHT00000001235	A
anno1.g6440.t1	A	BRAKERILHT00000000664	A
anno1.g6442.t1	A	BRAKERILHT00000000401	A
anno1.g6443.t1	A	BRAKERILHT00000000402	A
anno1.g6444.t1	A	BRAKERILHT00000001810	A
anno1.g6445.t1	A	BRAKERILHT00000000320	A
anno1.g6446.t1	A	BRAKERILHT00000000835	A
anno1.g6447.t1	A	BRAKERILHT00000002043	A
anno1.g6449.t2	A	BRAKERILHT00000000407	A
anno1.g6450.t1	A	BRAKERILHT00000000556	A
anno1.g6451.t1	A	BRAKERILHT00000001392	A
anno1.g6452.t1	A	BRAKERILHT00000000970	A
anno1.g6453.t1	A	BRAKERILHT00000000954	A
anno1.g6454.t1	A	BRAKERILHT00000001439	A
anno1.g6455.t1	A	BRAKERILHT00000001333	A
anno1.g6456.t1	A	BRAKERILHT00000000190	A
anno1.g6457.t1	A	BRAKERILHT00000000604	A
anno1.g6460.t1	A	BRAKERILHT00000000299	A
anno1.g6461.t1	A	BRAKERILHT00000000840	A
anno1.g6462.t1	A	BRAKERILHT00000000693	A
anno1.g6463.t1	A	BRAKERILHT00000001982	A
anno1.g6464.t1	A	BRAKERILHT00000001686	A
anno1.g6465.t1	A	BRAKERILHT00000000972	A
anno1.g6466.t2	A	BRAKERILHT00000000489	A
anno1.g6467.t1	A	BRAKERILHT00000001719	A
anno1.g6468.t1	A	BRAKERILHT00000001231	A
anno1.g6469.t1	A	BRAKERILHT00000001572	A
anno1.g6470.t1	A	BRAKERILHT00000002114	A
anno1.g6471.t1	A	BRAKERILHT00000001490	A
anno1.g6472.t1	A	BRAKERILHT00000000661	A
anno1.g6474.t1	A	BRAKERILHT00000000862	A
anno1.g6475.t1	A	BRAKERILHT00000002130	A
anno1.both_agree_g16014.t3	A	BRAKERILHT00000001612	A
anno1.g6478.t1	A	BRAKERILHT00000000101	A
anno1.g6479.t1	A	BRAKERILHT00000000602	A
anno1.g6482.t1	A	BRAKERILHT00000001195	A
anno1.g6485.t1	A	BRAKERILHT00000001942	A
anno1.g6486.t1	A	BRAKERILHT00000000289	A
anno1.g6487.t2	A	BRAKERILHT00000000643	A
anno1.g6488.t1	A	BRAKERILHT00000001754	A
anno1.g6491.t1	A	BRAKERILHT00000000210	A
anno1.g6492.t2	A	BRAKERILHT00000001598	A
anno1.g6493.t1	A	BRAKERILHT00000000015	A
anno1.g6494.t1	A	BRAKERILHT00000001161	A
anno1.g6495.t1	A	BRAKERILHT00000000214	A
anno1.g6497.t1	A	BRAKERILHT00000001469	A
anno1.g6498.t1	A	BRAKERILHT00000000955	A
anno1.g6501.t1	A	BRAKERILHT00000016745	A
anno1.g6511.t2	A	BRAKERILHT00000000589	A
anno1.g6512.t1	A	BRAKERILHT00000000814	A
anno1.g6513.t2	A	BRAKERILHT00000001570	A
anno1.g6514.t1	A	BRAKERILHT00000001274	A
anno1.g6515.t1	A	BRAKERILHT00000007390	A
anno1.g6516.t3	A	BRAKERILHT00000000357	A
anno1.g6517.t2	A	BRAKERILHT00000000582	A
anno1.g6518.t1	A	BRAKERILHT00000001593	A
anno1.g6519.t1	A	BRAKERILHT00000002072	A
anno1.g6520.t4	A	BRAKERILHT00000001386	A
anno1.g6521.t1	A	BRAKERILHT00000000160	A
anno1.g6522.t2	A	BRAKERILHT00000000760	A
anno1.g6523.t1	A	BRAKERILHT00000001089	A
anno1.g6524.t1	A	BRAKERILHT00000001694	A
anno1.g6525.t1	A	BRAKERILHT00000001643	A
anno1.g6526.t1	A	BRAKERILHT00000000434	A
anno1.g6528.t3	A	BRAKERILHT00000000011	A
anno1.g6529.t1	A	BRAKERILHT00000001695	A
anno1.g6530.t1	A	BRAKERILHT00000001550	A
anno1.g6531.t1	A	BRAKERILHT00000001518	A
anno1.g6532.t1	A	BRAKERILHT00000001937	A
anno1.g6533.t1	A	BRAKERILHT00000001453	A
anno1.g6534.t1	A	BRAKERILHT00000001278	A
anno1.g6535.t1	A	BRAKERILHT00000000303	A
anno1.g6536.t1	A	BRAKERILHT00000001988	A
anno1.g6537.t1	A	BRAKERILHT00000001505	A
anno1.g6539.t2	A	BRAKERILHT00000001028	A
anno1.g6541.t1	A	BRAKERILHT00000001077	A
anno1.g6542.t1	A	BRAKERILHT00000000007	A
anno1.g6544.t1	A	BRAKERILHT00000001875	A
anno1.g6545.t1	A	BRAKERILHT00000000891	A
anno1.g6546.t1	A	BRAKERILHT00000001583	A
anno1.g6547.t1	A	BRAKERILHT00000000069	A
anno1.g6548.t1	A	BRAKERILHT00000000414	A
anno1.g6549.t1	A	BRAKERILHT00000002122	A
anno1.g6553.t1	A	BRAKERILHT00000001334	A
anno1.g6554.t1	A	BRAKERILHT00000001757	A
anno1.g6555.t2	A	BRAKERILHT00000001286	A
anno1.g6556.t1	A	BRAKERILHT00000000579	A
anno1.g6557.t1	A	BRAKERILHT00000000087	A
anno1.g6558.t2	A	BRAKERILHT00000001281	A
anno1.g6559.t1	A	BRAKERILHT00000000860	A
anno1.g6561.t1	A	BRAKERILHT00000000404	A
anno1.g6562.t1	A	BRAKERILHT00000002120	A
anno1.g6563.t1	A	BRAKERILHT00000001606	A
anno1.g6564.t3	A	BRAKERILHT00000002083	A
anno1.g6565.t1	A	BRAKERILHT00000001602	A
anno1.g6566.t1	A	BRAKERILHT00000000588	A
anno1.g6567.t1	A	BRAKERILHT00000001868	A
anno1.g6569.t1	A	BRAKERILHT00000000548	A
anno1.g6570.t5	A	BRAKERILHT00000001133	A
anno1.g6571.t1	A	BRAKERILHT00000000758	A
anno1.g6572.t2	A	BRAKERILHT00000000161	A
anno1.g6573.t1	A	BRAKERILHT00000000096	A
anno1.g6575.t1	A	BRAKERILHT00000001336	A
anno1.g6576.t1	A	BRAKERILHT00000002093	A
anno1.g6577.t1	A	BRAKERILHT00000001617	A
anno1.g6578.t1	A	BRAKERILHT00000000847	A
anno1.g6579.t1	A	BRAKERILHT00000000379	A
anno1.g6580.t1	A	BRAKERILHT00000000691	A
anno1.g6581.t1	A	BRAKERILHT00000002000	A
anno1.g6584.t1	A	BRAKERILHT00000001256	A
anno1.g6585.t1	A	BRAKERILHT00000001905	A
anno1.g6586.t1	A	BRAKERILHT00000000720	A
anno1.g6587.t1	A	BRAKERILHT00000000449	A
anno1.g6588.t1	A	BRAKERILHT00000001258	A
anno1.g6589.t1	A	BRAKERILHT00000001729	A
anno1.g6593.t1	A	BRAKERILHT00000000314	A
anno1.g6594.t1	A	BRAKERILHT00000000836	A
anno1.g6596.t1	A	BRAKERILHT00000001736	A
anno1.g6602.t1	A	BRAKERILHT00000000446	A
anno1.g6605.t2	A	BRAKERILHT00000001559	A
anno1.g6606.t1	A	BRAKERILHT00000000428	A
anno1.g6609.t1	A	BRAKERILHT00000001743	A
anno1.g6610.t1	A	BRAKERILHT00000002112	A
anno1.g6611.t1	A	BRAKERILHT00000000543	A
anno1.g6615.t2	A	BRAKERILHT00000000445	A
anno1.g6616.t1	A	BRAKERILHT00000000482	A
anno1.g6617.t1	A	BRAKERILHT00000000947	A
anno1.g6618.t1	A	BRAKERILHT00000004389	A
anno1.g6624.t1	A	BRAKERILHT00000000216	A
anno1.g6625.t1	A	BRAKERILHT00000001790	A
anno1.g6626.t1	A	BRAKERILHT00000001185	A
anno1.g6627.t1	A	BRAKERILHT00000001918	A
anno1.g6628.t1	A	BRAKERILHT00000000372	A
anno1.g6629.t1	A	BRAKERILHT00000001556	A
anno1.g6630.t1	A	BRAKERILHT00000001373	A
anno1.g6631.t1	A	BRAKERILHT00000000427	A
anno1.g6632.t1	A	BRAKERILHT00000000631	A
anno1.g6633.t1	A	BRAKERILHT00000000156	A
anno1.g6635.t2	A	BRAKERILHT00000001581	A
anno1.g6636.t1	A	BRAKERILHT00000000904	A
anno1.g6637.t1	A	BRAKERILHT00000000459	A
anno1.g6638.t2	A	BRAKERILHT00000000370	A
anno1.g6639.t1	A	BRAKERILHT00000001352	A
anno1.g6642.t1	A	BRAKERILHT00000001309	A
anno1.g6643.t4	A	BRAKERILHT00000000776	A
anno1.g6644.t1	A	BRAKERILHT00000000750	A
anno1.g6645.t2	A	BRAKERILHT00000001412	A
anno1.g6646.t1	A	BRAKERILHT00000000432	A
anno1.g6648.t1	A	BRAKERILHT00000001104	A
anno1.g6649.t1	A	BRAKERILHT00000001179	A
anno1.g6650.t1	A	BRAKERILHT00000000241	A
anno1.g6651.t1	A	BRAKERILHT00000000525	A
anno1.g6653.t1	A	BRAKERILHT00000009498	A
anno1.g6655.t1	A	BRAKERILHT00000001487	A
anno1.g6658.t1	A	BRAKERILHT00000001064	A
anno1.g6659.t1	A	BRAKERILHT00000000914	A
anno1.g6661.t1	A	BRAKERILHT00000000288	A
anno1.g6662.t1	A	BRAKERILHT00000000457	A
anno1.g6664.t1	A	BRAKERILHT00000002018	A
anno1.g6665.t1	A	BRAKERILHT00000000340	A
anno1.g6666.t1	A	BRAKERILHT00000001217	A
anno1.g6667.t1	A	BRAKERILHT00000000027	A
anno1.g6669.t1	A	BRAKERILHT00000001701	A
anno1.g6670.t1	A	BRAKERILHT00000001044	A
anno1.g6673.t1	A	BRAKERILHT00000000463	A
anno1.g6674.t1	A	BRAKERILHT00000001927	A
anno1.g6675.t1	A	BRAKERILHT00000001467	A
anno1.g6676.t1	A	BRAKERILHT00000001306	A
anno1.g6677.t1	A	BRAKERILHT00000000273	A
anno1.g6682.t2	A	BRAKERILHT00000001886	A
anno1.g6684.t2	A	BRAKERILHT00000001095	A
anno1.g6685.t1	A	BRAKERILHT00000000601	A
anno1.g6687.t1	A	BRAKERILHT00000000460	A
anno1.g6688.t1	A	BRAKERILHT00000000387	A
anno1.g6689.t1	A	BRAKERILHT00000001247	A
anno1.g6690.t1	A	BRAKERILHT00000002045	A
anno1.g6691.t3	A	BRAKERILHT00000001339	A
anno1.g6692.t1	A	BRAKERILHT00000010548	A
anno1.g6693.t1	A	BRAKERILHT00000000619	A
anno1.g6694.t1	A	BRAKERILHT00000000854	A
anno1.g6695.t1	A	BRAKERILHT00000000544	A
anno1.g6699.t2	A	BRAKERILHT00000000133	A
anno1.g6700.t1	A	BRAKERILHT00000001885	A
anno1.g6701.t2	A	BRAKERILHT00000001012	A
anno1.g6702.t1	A	BRAKERILHT00000001516	A
anno1.g6703.t1	A	BRAKERILHT00000001359	A
anno1.g6704.t1	A	BRAKERILHT00000000878	A
anno1.g6705.t2	A	BRAKERILHT00000000737	A
anno1.g6706.t1	A	BRAKERILHT00000001251	A
anno1.g6707.t1	A	BRAKERILHT00000001734	A
anno1.g6708.t2	A	BRAKERILHT00000000874	A
anno1.g6710.t3	A	BRAKERILHT00000000413	A
anno1.g6711.t1	A	BRAKERILHT00000002124	A
anno1.g6712.t2	A	BRAKERILHT00000001166	A
anno1.g6713.t1	A	BRAKERILHT00000000350	A
anno1.g6722.t1	A	BRAKERILHT00000000240	A
anno1.g6723.t1	A	BRAKERILHT00000001801	A
anno1.g6724.t1	A	BRAKERILHT00000001020	A
anno1.g6725.t2	A	BRAKERILHT00000000331	A
anno1.g6729.t1	A	BRAKERILHT00000007142	A
anno1.g6730.t1	A	BRAKERILHT00000000662	A
anno1.g6732.t1	A	BRAKERILHT00000001311	A
anno1.g6733.t1	A	BRAKERILHT00000000296	A
anno1.g6735.t1	A	BRAKERILHT00000001035	A
anno1.g6736.t1	A	BRAKERILHT00000001462	A
anno1.g6737.t3	A	BRAKERILHT00000000993	A
anno1.g6738.t1	A	BRAKERILHT00000000531	A
anno1.g6739.t1	A	BRAKERILHT00000000634	A
anno1.g6740.t1	A	BRAKERILHT00000001137	A
anno1.g6741.t1	A	BRAKERILHT00000001863	A
anno1.g6744.t1	A	BRAKERILHT00000001448	A
anno1.g6745.t1	A	BRAKERILHT00000000292	A
anno1.g6746.t1	A	BRAKERILHT00000001190	A
anno1.g6748.t1	A	BRAKERILHT00000001027	A
anno1.g6749.t1	A	BRAKERILHT00000001127	A
anno1.g6750.t1	A	BRAKERILHT00000000822	A
anno1.g6751.t1	A	BRAKERILHT00000000164	A
anno1.g6752.t2	A	BRAKERILHT00000000608	A
anno1.g6753.t1	A	BRAKERILHT00000001575	A
anno1.g6755.t1	A	BRAKERILHT00000001326	A
anno1.g6758.t1	A	BRAKERILHT00000002056	A
anno1.g6760.t1	A	BRAKERILHT00000001588	A
anno1.g6763.t1	A	BRAKERILHT00000001351	A
anno1.g6764.t1	A	BRAKERILHT00000001041	A
anno1.g6765.t1	A	BRAKERILHT00000000098	A
anno1.g6766.t1	A	BRAKERILHT00000000361	A
anno1.g6767.t2	A	BRAKERILHT00000001797	A
anno1.g6768.t4	A	BRAKERILHT00000002042	A
anno1.g6769.t1	A	BRAKERILHT00000000625	A
anno1.g6770.t1	A	BRAKERILHT00000001098	A
anno1.g6771.t1	A	BRAKERILHT00000000472	A
anno1.g6772.t1	A	BRAKERILHT00000002010	A
anno1.g6773.t1	A	BRAKERILHT00000001535	A
anno1.g6776.t1	A	BRAKERILHT00000000966	A
anno1.g6778.t1	A	BRAKERILHT00000001169	A
anno1.g6779.t1	A	BRAKERILHT00000001668	A
anno1.g6786.t1	A	BRAKERILHT00000001577	A
anno1.g6787.t1	A	BRAKERILHT00000000335	A
anno1.g6791.t2	A	BRAKERILHT00000001831	A
anno1.g6792.t2	A	BRAKERILHT00000001213	A
anno1.g6795.t1	A	BRAKERILHT00000001259	A
anno1.g6796.t1	A	BRAKERILHT00000000792	A
anno1.g6798.t1	A	BRAKERILHT00000001941	A
anno1.g6799.t1	A	BRAKERILHT00000000177	A
anno1.g6800.t1	A	BRAKERILHT00000001486	A
anno1.g6804.t1	A	BRAKERILHT00000000824	A
anno1.g6805.t1	A	BRAKERILHT00000002030	A
anno1.g6806.t2	A	BRAKERILHT00000001149	A
anno1.g6807.t1	A	BRAKERILHT00000000679	A
anno1.g6808.t1	A	BRAKERILHT00000000058	A
anno1.g6809.t1	A	BRAKERILHT00000000256	A
anno1.g6812.t1	A	BRAKERILHT00000000226	A
anno1.g6813.t1	A	BRAKERILHT00000001082	A
anno1.g6814.t1	A	BRAKERILHT00000001856	A
anno1.g6815.t2	A	BRAKERILHT00000000179	A
anno1.g6816.t1	A	BRAKERILHT00000006724	A
anno1.g6817.t1	A	BRAKERILHT00000001461	A
anno1.g6818.t1	A	BRAKERILHT00000008322	A
anno1.g6819.t1	A	BRAKERILHT00000001407	A
anno1.g6820.t1	A	BRAKERILHT00000002165	A
anno1.g6821.t2	A	BRAKERILHT00000001517	A
anno1.g6823.t2	A	BRAKERILHT00000001013	A
anno1.g6824.t1	A	BRAKERILHT00000000187	A
anno1.g6826.t1	A	BRAKERILHT00000001107	A
anno1.g6827.t1	A	BRAKERILHT00000001621	A
anno1.g6828.t1	A	BRAKERILHT00000000047	A
anno1.g6829.t2	A	BRAKERILHT00000000650	A
anno1.g6830.t1	A	BRAKERILHT00000001464	A
anno1.g6831.t1	A	BRAKERILHT00000000851	A
anno1.g6832.t1	A	BRAKERILHT00000000025	A
anno1.g6833.t1	A	BRAKERILHT00000002059	A
anno1.g6837.t1	A	BRAKERILHT00000001152	A
anno1.g6838.t1	A	BRAKERILHT00000000264	A
anno1.g6839.t3	A	BRAKERILHT00000001762	A
anno1.g6840.t1	A	BRAKERILHT00000001933	A
anno1.g6842.t2	A	BRAKERILHT00000001393	A
anno1.g6844.t1	A	BRAKERILHT00000001761	A
anno1.g6845.t1	A	BRAKERILHT00000001784	A
anno1.g6846.t1	A	BRAKERILHT00000001130	A
anno1.g6847.t1	A	BRAKERILHT00000000683	A
anno1.g6848.t1	A	BRAKERILHT00000000108	A
anno1.g6849.t2	A	BRAKERILHT00000000938	A
anno1.g6850.t1	A	BRAKERILHT00000000332	A
anno1.g6851.t1	A	BRAKERILHT00000002143	A
anno1.g6853.t1	A	BRAKERILHT00000001533	A
anno1.g6854.t1	A	BRAKERILHT00000001150	A
anno1.g6855.t1	A	BRAKERILHT00000000575	A
anno1.g6856.t1	A	BRAKERILHT00000000195	A
anno1.g6858.t3	A	BRAKERILHT00000000234	A
anno1.g6859.t1	A	BRAKERILHT00000001449	A
anno1.g6860.t1	A	BRAKERILHT00000002063	A
anno1.g6862.t1	A	BRAKERILHT00000000265	A
anno1.g6864.t1	A	BRAKERILHT00000004706	A
anno1.g6866.t1	A	BRAKERILHT00000001358	A
anno1.g6867.t2	A	BRAKERILHT00000000982	A
anno1.g6869.t1	A	BRAKERILHT00000001176	A
anno1.g6872.t1	A	BRAKERILHT00000000383	A
anno1.g6873.t1	A	BRAKERILHT00000000700	A
anno1.g6874.t1	A	BRAKERILHT00000001974	A
anno1.g6875.t1	A	BRAKERILHT00000001508	A
anno1.g6876.t1	A	BRAKERILHT00000002066	A
anno1.g6878.t1	A	BRAKERILHT00000000517	A
anno1.g6879.t1	A	BRAKERILHT00000001117	A
anno1.g6880.t1	A	BRAKERILHT00000000297	A
anno1.g6881.t1	A	BRAKERILHT00000000890	A
anno1.g6882.t2	A	BRAKERILHT00000002100	A
anno1.g6883.t1	A	BRAKERILHT00000002041	A
anno1.g6884.t1	A	BRAKERILHT00000000474	A
anno1.g6885.t5	A	BRAKERILHT00000001330	A
anno1.g6886.t1	A	BRAKERILHT00000002020	A
anno1.g6887.t1	A	BRAKERILHT00000001060	A
anno1.g6890.t1	A	BRAKERILHT00000017536	X
anno1.g6901.t1	A	BRAKERILHT00000001485	A
anno1.g6903.t1	A	BRAKERILHT00000016396	A
anno1.g6906.t1	A	BRAKERILHT00000002008	A
anno1.g6907.t1	A	BRAKERILHT00000001914	A
anno1.g6908.t1	A	BRAKERILHT00000000762	A
anno1.g6910.t1	A	BRAKERILHT00000000135	A
anno1.g6911.t1	A	BRAKERILHT00000001693	A
anno1.g6912.t1	A	BRAKERILHT00000002159	A
anno1.g6914.t1	A	BRAKERILHT00000001551	A
anno1.g6916.t1	A	BRAKERILHT00000000905	A
anno1.g6917.t1	A	BRAKERILHT00000000507	A
anno1.g6918.t1	A	BRAKERILHT00000002141	A
anno1.g6919.t1	A	BRAKERILHT00000000551	A
anno1.g6920.t1	A	BRAKERILHT00000000377	A
anno1.g6921.t1	A	BRAKERILHT00000000885	A
anno1.g6922.t2	A	BRAKERILHT00000001390	A
anno1.g6923.t1	A	BRAKERILHT00000000172	A
anno1.g6924.t2	A	BRAKERILHT00000000487	A
anno1.g6926.t1	A	BRAKERILHT00000001416	A
anno1.g6928.t1	A	BRAKERILHT00000000252	A
anno1.g6929.t1	A	BRAKERILHT00000001768	A
anno1.g6930.t2	A	BRAKERILHT00000001628	A
anno1.g6932.t1	A	BRAKERILHT00000000875	A
anno1.g6933.t1	A	BRAKERILHT00000002050	A
anno1.g6940.t2	A	BRAKERILHT00000001460	A
anno1.g6943.t2	A	BRAKERILHT00000003896	A
anno1.g6948.t1	A	BRAKERILHT00000000590	A
anno1.g6957.t1	A	BRAKERILHT00000007858	A
anno1.g6959.t2	A	BRAKERILHT00000000985	A
anno1.g6960.t1	A	BRAKERILHT00000000557	A
anno1.g6961.t1	A	BRAKERILHT00000000397	A
anno1.g6962.t2	A	BRAKERILHT00000001032	A
anno1.g6964.t2	A	BRAKERILHT00000001639	A
anno1.g6965.t1	A	BRAKERILHT00000000086	A
anno1.g6967.t1	A	BRAKERILHT00000001307	A
anno1.g6968.t1	A	BRAKERILHT00000002078	A
anno1.g6969.t5	A	BRAKERILHT00000001479	A
anno1.g6970.t2	A	BRAKERILHT00000001641	A
anno1.g6971.t1	A	BRAKERILHT00000000083	A
anno1.g6972.t2	A	BRAKERILHT00000000399	A
anno1.g6973.t1	A	BRAKERILHT00000001004	A
anno1.g6976.t1	A	BRAKERILHT00000002071	A
anno1.g6980.t1	A	BRAKERILHT00000001623	A
anno1.g6981.t1	A	BRAKERILHT00000000201	A
anno1.g6982.t1	A	BRAKERILHT00000001872	A
anno1.g6983.t1	A	BRAKERILHT00000000475	A
anno1.g6984.t1	A	BRAKERILHT00000000309	A
anno1.g6986.t1	A	BRAKERILHT00000001952	A
anno1.g6988.t1	A	BRAKERILHT00000001443	A
anno1.g6994.t1	A	BRAKERILHT00000001601	A
anno1.g6997.t1	A	BRAKERILHT00000001199	A
anno1.g6998.t1	A	BRAKERILHT00000017927	X
anno1.g6999.t1	A	BRAKERILHT00000000410	A
anno1.g7000.t1	A	BRAKERILHT00000001775	A
anno1.g7002.t1	A	BRAKERILHT00000000014	A
anno1.g7010.t2	A	BRAKERILHT00000001239	A
anno1.g7011.t1	A	BRAKERILHT00000000919	A
anno1.g7012.t1	A	BRAKERILHT00000001388	A
anno1.g7013.t1	A	BRAKERILHT00000002031	A
anno1.g7014.t1	A	BRAKERILHT00000000464	A
anno1.g7015.t1	A	BRAKERILHT00000000759	A
anno1.g7016.t1	A	BRAKERILHT00000001402	A
anno1.g7018.t1	A	BRAKERILHT00000000139	A
anno1.g7020.t1	A	BRAKERILHT00000000648	A
anno1.g7024.t2	A	BRAKERILHT00000001097	A
anno1.g7025.t1	A	BRAKERILHT00000001713	A
anno1.g7026.t1	A	BRAKERILHT00000000019	A
anno1.g7027.t1	A	BRAKERILHT00000000322	A
anno1.g7029.t1	A	BRAKERILHT00000000623	A
anno1.g7030.t1	A	BRAKERILHT00000001670	A
anno1.g7031.t1	A	BRAKERILHT00000000071	A
anno1.g7032.t1	A	BRAKERILHT00000001971	A
anno1.g7034.t1	A	BRAKERILHT00000000346	A
anno1.g7035.t1	A	BRAKERILHT00000001573	A
anno1.g7036.t1	A	BRAKERILHT00000000558	A
anno1.g7039.t2	A	BRAKERILHT00000001121	A
anno1.g7040.t1	A	BRAKERILHT00000000660	A
anno1.g7041.t1	A	BRAKERILHT00000005890	A
anno1.g7042.t1	A	BRAKERILHT00000000167	A
anno1.g7043.t1	A	BRAKERILHT00000001661	A
anno1.g7045.t1	A	BRAKERILHT00000001383	A
anno1.g7047.t2	A	BRAKERILHT00000000889	A
anno1.g7048.t1	A	BRAKERILHT00000000422	A
anno1.g7049.t1	A	BRAKERILHT00000001324	A
anno1.g7050.t1	A	BRAKERILHT00000001674	A
anno1.g7051.t1	A	BRAKERILHT00000000365	A
anno1.g7053.t1	A	BRAKERILHT00000001463	A
anno1.g7058.t1	A	BRAKERILHT00000001264	A
anno1.g7063.t1	A	BRAKERILHT00000000560	A
anno1.g7064.t1	A	BRAKERILHT00000001198	A
anno1.g7065.t1	A	BRAKERILHT00000000821	A
anno1.g7066.t1	A	BRAKERILHT00000001989	A
anno1.g7067.t1	A	BRAKERILHT00000000390	A
anno1.g7068.t1	A	BRAKERILHT00000000845	A
anno1.g7070.t2	A	BRAKERILHT00000000798	A
anno1.g7071.t2	A	BRAKERILHT00000000527	A
anno1.g7074.t1	A	BRAKERILHT00000000284	A
anno1.g7075.t1	A	BRAKERILHT00000000786	A
anno1.g7077.t2	A	BRAKERILHT00000001742	A
anno1.g7078.t1	A	BRAKERILHT00000000044	A
anno1.g7082.t1	A	BRAKERILHT00000002108	A
anno1.g7088.t1	A	BRAKERILHT00000001002	A
anno1.g7089.t1	A	BRAKERILHT00000002076	A
anno1.g7090.t2	A	BRAKERILHT00000001596	A
anno1.g7092.t1	A	BRAKERILHT00000001806	A
anno1.g7097.t1	A	BRAKERILHT00000000341	A
anno1.g7100.t1	A	BRAKERILHT00000001985	A
anno1.g7104.t1	A	BRAKERILHT00000001571	A
anno1.g7108.t1	A	BRAKERILHT00000001976	A
anno1.g7109.t1	A	BRAKERILHT00000000194	A
anno1.g7110.t1	A	BRAKERILHT00000000787	A
anno1.g7111.t1	A	BRAKERILHT00000001112	A
anno1.g7112.t1	A	BRAKERILHT00000001710	A
anno1.g7113.t1	A	BRAKERILHT00000001296	A
anno1.g7115.t1	A	BRAKERILHT00000002090	A
anno1.g7132.t1	A	BRAKERILHT00000000433	A
anno1.g7134.t1	A	BRAKERILHT00000000627	A
anno1.g7137.t1	A	BRAKERILHT00000000909	A
anno1.g7138.t1	A	BRAKERILHT00000000461	A
anno1.g7139.t1	A	BRAKERILHT00000000378	A
anno1.g7140.t1	A	BRAKERILHT00000001262	A
anno1.g7141.t1	A	BRAKERILHT00000000100	A
anno1.g7142.t1	A	BRAKERILHT00000001849	A
anno1.g7143.t1	A	BRAKERILHT00000002121	A
anno1.g7144.t2	A	BRAKERILHT00000000120	A
anno1.g7145.t3	A	BRAKERILHT00000002073	A
anno1.g7146.t1	A	BRAKERILHT00000001084	A
anno1.g7147.t2	A	BRAKERILHT00000000621	A
anno1.g7150.t1	A	BRAKERILHT00000001011	A
anno1.g7151.t1	A	BRAKERILHT00000001657	A
anno1.g7152.t2	A	BRAKERILHT00000000473	A
anno1.g7154.t1	A	BRAKERILHT00000000382	A
anno1.g7155.t1	A	BRAKERILHT00000001960	A
anno1.g7156.t1	A	BRAKERILHT00000001590	A
anno1.g7157.t1	A	BRAKERILHT00000001857	A
anno1.g7160.t2	A	BRAKERILHT00000000151	A
anno1.g7161.t1	A	BRAKERILHT00000000635	A
anno1.g7162.t1	A	BRAKERILHT00000001083	A
anno1.g7163.t1	A	BRAKERILHT00000001131	A
anno1.g7164.t1	A	BRAKERILHT00000000654	A
anno1.g7165.t1	A	BRAKERILHT00000001523	A
anno1.g7166.t1	A	BRAKERILHT00000001057	A
anno1.g7167.t1	A	BRAKERILHT00000000222	A
anno1.g7168.t1	A	BRAKERILHT00000000884	A
anno1.g7170.t1	A	BRAKERILHT00000000082	A
anno1.g7171.t1	A	BRAKERILHT00000001644	A
anno1.g7175.t1	A	BRAKERILHT00000001702	A
anno1.g7176.t1	A	BRAKERILHT00000000426	A
anno1.g7177.t1	A	BRAKERILHT00000001995	A
anno1.g7178.t1	A	BRAKERILHT00000000364	A
anno1.g7179.t1	A	BRAKERILHT00000002060	A
anno1.g7180.t1	A	BRAKERILHT00000000564	A
anno1.g7181.t2	A	BRAKERILHT00000001022	A
anno1.g7183.t1	A	BRAKERILHT00000000416	A
anno1.g7188.t1	A	BRAKERILHT00000001996	A
anno1.g7189.t2	A	BRAKERILHT00000001371	A
anno1.g7190.t2	A	BRAKERILHT00000000906	A
anno1.g7191.t1	A	BRAKERILHT00000002087	A
anno1.g7192.t1	A	BRAKERILHT00000000578	A
anno1.g7194.t1	A	BRAKERILHT00000001400	A
anno1.g7196.t1	A	BRAKERILHT00000001167	A
anno1.g7197.t2	A	BRAKERILHT00000000453	A
anno1.g7198.t1	A	BRAKERILHT00000001140	A
anno1.g7202.t2	A	BRAKERILHT00000000278	A
anno1.g7206.t1	A	BRAKERILHT00000001512	A
anno1.g7207.t2	A	BRAKERILHT00000000532	A
anno1.g7208.t1	A	BRAKERILHT00000001308	A
anno1.g7209.t1	A	BRAKERILHT00000001776	A
anno1.g7210.t1	A	BRAKERILHT00000000680	A
anno1.g7211.t1	A	BRAKERILHT00000001510	A
anno1.g7212.t1	A	BRAKERILHT00000002131	A
anno1.g7213.t1	A	BRAKERILHT00000000810	A
anno1.g7214.t1	A	BRAKERILHT00000001813	A
anno1.g7215.t2	A	BRAKERILHT00000000263	A
anno1.g7216.t1	A	BRAKERILHT00000001685	A
anno1.g7217.t1	A	BRAKERILHT00000000209	A
anno1.g7218.t2	A	BRAKERILHT00000000576	A
anno1.g7219.t1	A	BRAKERILHT00000001163	A
anno1.g7220.t2	A	BRAKERILHT00000002048	A
anno1.g7224.t1	A	BRAKERILHT00000001480	A
anno1.g7225.t1	A	BRAKERILHT00000001466	A
anno1.g7226.t1	A	BRAKERILHT00000001794	A
anno1.g7239.t1	A	BRAKERILHT00000001634	A
anno1.g7240.t2	A	BRAKERILHT00000001655	A
anno1.g7245.t1	A	BRAKERILHT00000001624	A
anno1.g7246.t1	A	BRAKERILHT00000017778	X
anno1.g7253.t2	A	BRAKERILHT00000000077	A
anno1.g7254.t1	A	BRAKERILHT00000000325	A
anno1.g7255.t1	A	BRAKERILHT00000002172	A
anno1.g7259.t1	A	BRAKERILHT00000000132	A
anno1.g7260.t2	A	BRAKERILHT00000000562	A
anno1.g7261.t2	A	BRAKERILHT00000002149	A
anno1.g7263.t1	A	BRAKERILHT00000001211	A
anno1.g7264.t2	A	BRAKERILHT00000000646	A
anno1.g7265.t1	A	BRAKERILHT00000000017	A
anno1.g7266.t1	A	BRAKERILHT00000000839	A
anno1.g7267.t1	A	BRAKERILHT00000001218	A
anno1.g7268.t2	A	BRAKERILHT00000000629	A
anno1.g7269.t1	A	BRAKERILHT00000001963	A
anno1.g7270.t1	A	BRAKERILHT00000000286	A
anno1.g7271.t1	A	BRAKERILHT00000001046	A
anno1.g7273.t2	A	BRAKERILHT00000002070	A
anno1.g7280.t1	A	BRAKERILHT00000001600	A
anno1.g7281.t1	A	BRAKERILHT00000000946	A
anno1.g7282.t1	A	BRAKERILHT00000002074	A
anno1.g7283.t1	A	BRAKERILHT00000001147	A
anno1.g7284.t1	A	BRAKERILHT00000001009	A
anno1.g7285.t1	A	BRAKERILHT00000000503	A
anno1.g7286.t1	A	BRAKERILHT00000000255	A
anno1.g7287.t1	A	BRAKERILHT00000005237	A
anno1.g7289.t2	A	BRAKERILHT00000013161	A
anno1.g7290.t2	A	BRAKERILHT00000013430	A
anno1.g7291.t1	A	BRAKERILHT00000013884	A
anno1.g7295.t1	A	BRAKERILHT00000013738	A
anno1.g7296.t1	A	BRAKERILHT00000012384	A
anno1.g7297.t1	A	BRAKERILHT00000013282	A
anno1.g7298.t1	A	BRAKERILHT00000012559	A
anno1.g7299.t1	A	BRAKERILHT00000012545	A
anno1.g7300.t1	A	BRAKERILHT00000013290	A
anno1.g7301.t1	A	BRAKERILHT00000012888	A
anno1.g7302.t1	A	BRAKERILHT00000013335	A
anno1.g7303.t1	A	BRAKERILHT00000013789	A
anno1.g7305.t1	A	BRAKERILHT00000012555	A
anno1.g7306.t1	A	BRAKERILHT00000013075	A
anno1.g7307.t1	A	BRAKERILHT00000013250	A
anno1.g7308.t1	A	BRAKERILHT00000012484	A
anno1.g7309.t1	A	BRAKERILHT00000011341	A
anno1.g7310.t1	A	BRAKERILHT00000013503	A
anno1.g7312.t1	A	BRAKERILHT00000013225	A
anno1.g7313.t1	A	BRAKERILHT00000012990	A
anno1.g7314.t2	A	BRAKERILHT00000012994	A
anno1.g7315.t1	A	BRAKERILHT00000013379	A
anno1.g7316.t3	A	BRAKERILHT00000012569	A
anno1.g7317.t1	A	BRAKERILHT00000013009	A
anno1.g7320.t2	A	BRAKERILHT00000013963	A
anno1.g7323.t2	A	BRAKERILHT00000013491	A
anno1.g7324.t1	A	BRAKERILHT00000013145	A
anno1.g7325.t1	A	BRAKERILHT00000013543	A
anno1.g7326.t1	A	BRAKERILHT00000013633	A
anno1.g7328.t1	A	BRAKERILHT00000012386	A
anno1.g7330.t1	A	BRAKERILHT00000013487	A
anno1.g7333.t1	A	BRAKERILHT00000012760	A
anno1.g7334.t1	A	BRAKERILHT00000012897	A
anno1.g7335.t1	A	BRAKERILHT00000013281	A
anno1.g7336.t1	A	BRAKERILHT00000013907	A
anno1.g7337.t1	A	BRAKERILHT00000012511	A
anno1.g7340.t1	A	BRAKERILHT00000013753	A
anno1.g7343.t1	A	BRAKERILHT00000013577	A
anno1.g7346.t1	A	BRAKERILHT00000013772	A
anno1.g7347.t1	A	BRAKERILHT00000012859	A
anno1.g7348.t1	A	BRAKERILHT00000012434	A
anno1.g7349.t1	A	BRAKERILHT00000012686	A
anno1.g7350.t1	A	BRAKERILHT00000013996	A
anno1.g7351.t1	A	BRAKERILHT00000013279	A
anno1.g7352.t1	A	BRAKERILHT00000013140	A
anno1.g7353.t1	A	BRAKERILHT00000013502	A
anno1.g7354.t1	A	BRAKERILHT00000012508	A
anno1.g7355.t1	A	BRAKERILHT00000013651	A
anno1.g7356.t1	A	BRAKERILHT00000013063	A
anno1.g7357.t2	A	BRAKERILHT00000013635	A
anno1.g7358.t1	A	BRAKERILHT00000012437	A
anno1.g7359.t1	A	BRAKERILHT00000013400	A
anno1.g7360.t1	A	BRAKERILHT00000013421	A
anno1.g7361.t1	A	BRAKERILHT00000013818	A
anno1.g7362.t1	A	BRAKERILHT00000013058	A
anno1.g7363.t1	A	BRAKERILHT00000012876	A
anno1.g7364.t2	A	BRAKERILHT00000013249	A
anno1.g7366.t1	A	BRAKERILHT00000013530	A
anno1.g7368.t1	A	BRAKERILHT00000013360	A
anno1.g7369.t1	A	BRAKERILHT00000012558	A
anno1.g7370.t1	A	BRAKERILHT00000013585	A
anno1.g7371.t1	A	BRAKERILHT00000012476	A
anno1.g7372.t1	A	BRAKERILHT00000012598	A
anno1.g7373.t1	A	BRAKERILHT00000013006	A
anno1.g7374.t1	A	BRAKERILHT00000012773	A
anno1.g7375.t1	A	BRAKERILHT00000012527	A
anno1.g7376.t1	A	BRAKERILHT00000013800	A
anno1.g7377.t2	A	BRAKERILHT00000013054	A
anno1.g7378.t1	A	BRAKERILHT00000012481	A
anno1.g7379.t1	A	BRAKERILHT00000013986	A
anno1.g7380.t2	A	BRAKERILHT00000013448	A
anno1.g7381.t1	A	BRAKERILHT00000013351	A
anno1.g7382.t1	A	BRAKERILHT00000013889	A
anno1.g7383.t1	A	BRAKERILHT00000012375	A
anno1.g7385.t1	A	BRAKERILHT00000013294	A
anno1.g7386.t1	A	BRAKERILHT00000012870	A
anno1.g7387.t1	A	BRAKERILHT00000013625	A
anno1.g7389.t1	A	BRAKERILHT00000013106	A
anno1.g7390.t1	A	BRAKERILHT00000012660	A
anno1.g7391.t1	A	BRAKERILHT00000013670	A
anno1.g7392.t1	A	BRAKERILHT00000013393	A
anno1.g7393.t1	A	BRAKERILHT00000012594	A
anno1.g7394.t1	A	BRAKERILHT00000013155	A
anno1.g7395.t1	A	BRAKERILHT00000012759	A
anno1.g7396.t1	A	BRAKERILHT00000013483	A
anno1.g7397.t3	A	BRAKERILHT00000012932	A
anno1.g7398.t2	A	BRAKERILHT00000013788	A
anno1.g7399.t1	A	BRAKERILHT00000012469	A
anno1.g7400.t1	A	BRAKERILHT00000013686	A
anno1.g7401.t1	A	BRAKERILHT00000013109	A
anno1.g7402.t1	A	BRAKERILHT00000013924	A
anno1.g7403.t1	A	BRAKERILHT00000012429	A
anno1.g7404.t1	A	BRAKERILHT00000012865	A
anno1.g7405.t1	A	BRAKERILHT00000013405	A
anno1.g7407.t1	A	BRAKERILHT00000012623	A
anno1.g7408.t2	A	BRAKERILHT00000013004	A
anno1.g7409.t2	A	BRAKERILHT00000013782	A
anno1.g7411.t1	A	BRAKERILHT00000013951	A
anno1.g7412.t1	A	BRAKERILHT00000013366	A
anno1.g7413.t1	A	BRAKERILHT00000013001	A
anno1.g7414.t1	A	BRAKERILHT00000012809	A
anno1.g7415.t1	A	BRAKERILHT00000013257	A
anno1.g7416.t1	A	BRAKERILHT00000012671	A
anno1.g7417.t1	A	BRAKERILHT00000013955	A
anno1.g7418.t1	A	BRAKERILHT00000013036	A
anno1.g7419.t1	A	BRAKERILHT00000012669	A
anno1.g7420.t1	A	BRAKERILHT00000013710	A
anno1.g7421.t1	A	BRAKERILHT00000013287	A
anno1.g7422.t1	A	BRAKERILHT00000012904	A
anno1.g7423.t1	A	BRAKERILHT00000012530	A
anno1.g7424.t1	A	BRAKERILHT00000012978	A
anno1.g7425.t1	A	BRAKERILHT00000013331	A
anno1.g7426.t1	A	BRAKERILHT00000013879	A
anno1.g7428.t2	A	BRAKERILHT00000012766	A
anno1.g7430.t1	A	BRAKERILHT00000014020	A
anno1.g7431.t1	A	BRAKERILHT00000012414	A
anno1.g7432.t1	A	BRAKERILHT00000013634	A
anno1.g7434.t1	A	BRAKERILHT00000013256	A
anno1.g7435.t1	A	BRAKERILHT00000013501	A
anno1.g7436.t1	A	BRAKERILHT00000013159	A
anno1.g7437.t1	A	BRAKERILHT00000012757	A
anno1.g7438.t1	A	BRAKERILHT00000013041	A
anno1.g7439.t1	A	BRAKERILHT00000012636	A
anno1.g7440.t1	A	BRAKERILHT00000013349	A
anno1.g7441.t1	A	BRAKERILHT00000012816	A
anno1.g7442.t1	A	BRAKERILHT00000012724	A
anno1.g7444.t1	A	BRAKERILHT00000014015	A
anno1.g7445.t1	A	BRAKERILHT00000013031	A
anno1.g7446.t1	A	BRAKERILHT00000012650	A
anno1.g7447.t1	A	BRAKERILHT00000013761	A
anno1.g7448.t1	A	BRAKERILHT00000012879	A
anno1.g7449.t1	A	BRAKERILHT00000013946	A
anno1.g7450.t2	A	BRAKERILHT00000012739	A
anno1.g7451.t2	A	BRAKERILHT00000012353	A
anno1.g7452.t1	A	BRAKERILHT00000013748	A
anno1.g7453.t1	A	BRAKERILHT00000013337	A
anno1.g7454.t1	A	BRAKERILHT00000012696	A
anno1.g7455.t1	A	BRAKERILHT00000013089	A
anno1.g7458.t1	A	BRAKERILHT00000012910	A
anno1.g7459.t1	A	BRAKERILHT00000012400	A
anno1.g7460.t1	A	BRAKERILHT00000013147	A
anno1.g7461.t1	A	BRAKERILHT00000013822	A
anno1.g7462.t1	A	BRAKERILHT00000012725	A
anno1.g7464.t1	A	BRAKERILHT00000013492	A
anno1.g7465.t2	A	BRAKERILHT00000013286	A
anno1.g7466.t7	A	BRAKERILHT00000012518	A
anno1.g7467.t1	A	BRAKERILHT00000012784	A
anno1.g7468.t1	A	BRAKERILHT00000012961	A
anno1.g7469.t1	A	BRAKERILHT00000013314	A
anno1.g7470.t1	A	BRAKERILHT00000012721	A
anno1.g7473.t1	A	BRAKERILHT00000013080	A
anno1.g7474.t1	A	BRAKERILHT00000013624	A
anno1.g7477.t1	A	BRAKERILHT00000012769	A
anno1.g7478.t1	A	BRAKERILHT00000012939	A
anno1.g7479.t1	A	BRAKERILHT00000012549	A
anno1.g7480.t1	A	BRAKERILHT00000013680	A
anno1.g7481.t1	A	BRAKERILHT00000013298	A
anno1.g7482.t1	A	BRAKERILHT00000012380	A
anno1.g7484.t1	A	BRAKERILHT00000012663	A
anno1.g7485.t1	A	BRAKERILHT00000012970	A
anno1.g7486.t1	A	BRAKERILHT00000013167	A
anno1.g7487.t1	A	BRAKERILHT00000013921	A
anno1.g7488.t1	A	BRAKERILHT00000012645	A
anno1.g7490.t1	A	BRAKERILHT00000012943	A
anno1.g7491.t1	A	BRAKERILHT00000012438	A
anno1.both_agree_g17796.t1	A	BRAKERILHT00000012572	A
anno1.g7494.t2	A	BRAKERILHT00000013390	A
anno1.g7495.t1	A	BRAKERILHT00000012999	A
anno1.g7497.t1	A	BRAKERILHT00000013885	A
anno1.g7501.t1	A	BRAKERILHT00000012966	A
anno1.g7503.t1	A	BRAKERILHT00000013197	A
anno1.g7506.t1	A	BRAKERILHT00000014007	A
anno1.g7511.t2	A	BRAKERILHT00000012581	A
anno1.g7512.t1	A	BRAKERILHT00000013719	A
anno1.g7514.t1	A	BRAKERILHT00000013251	A
anno1.g7516.t3	A	BRAKERILHT00000013797	A
anno1.g7517.t1	A	BRAKERILHT00000012490	A
anno1.g7518.t1	A	BRAKERILHT00000013069	A
anno1.g7519.t1	A	BRAKERILHT00000012575	A
anno1.g7520.t2	A	BRAKERILHT00000013894	A
anno1.g7521.t2	A	BRAKERILHT00000013541	A
anno1.g7522.t1	A	BRAKERILHT00000012359	A
anno1.g7530.t1	A	BRAKERILHT00000013114	A
anno1.g7531.t1	A	BRAKERILHT00000013659	A
anno1.g7532.t2	A	BRAKERILHT00000012676	A
anno1.g7533.t1	A	BRAKERILHT00000013597	A
anno1.g7534.t1	A	BRAKERILHT00000012634	A
anno1.g7535.t2	A	BRAKERILHT00000012550	A
anno1.g7536.t1	A	BRAKERILHT00000012821	A
anno1.g7537.t1	A	BRAKERILHT00000013264	A
anno1.g7538.t1	A	BRAKERILHT00000013021	A
anno1.g7540.t1	A	BRAKERILHT00000012542	A
anno1.g7541.t1	A	BRAKERILHT00000013455	A
anno1.g7542.t1	A	BRAKERILHT00000012467	A
anno1.g7544.t1	A	BRAKERILHT00000012992	A
anno1.g7545.t2	A	BRAKERILHT00000012587	A
anno1.g7546.t1	A	BRAKERILHT00000013093	A
anno1.g7547.t1	A	BRAKERILHT00000013714	A
anno1.g7548.t1	A	BRAKERILHT00000012507	A
anno1.g7549.t1	A	BRAKERILHT00000013231	A
anno1.g7550.t1	A	BRAKERILHT00000012750	A
anno1.g7551.t1	A	BRAKERILHT00000013970	A
anno1.g7552.t1	A	BRAKERILHT00000013611	A
anno1.g7553.t1	A	BRAKERILHT00000013908	A
anno1.g7554.t1	A	BRAKERILHT00000013352	A
anno1.g7555.t2	A	BRAKERILHT00000012983	A
anno1.g7556.t1	A	BRAKERILHT00000012372	A
anno1.g7558.t1	A	BRAKERILHT00000013174	A
anno1.g7559.t1	A	BRAKERILHT00000012552	A
anno1.g7560.t1	A	BRAKERILHT00000013928	A
anno1.g7562.t1	A	BRAKERILHT00000013657	A
anno1.g7563.t1	A	BRAKERILHT00000013371	A
anno1.g7564.t1	A	BRAKERILHT00000012927	A
anno1.g7565.t1	A	BRAKERILHT00000012666	A
anno1.g7566.t1	A	BRAKERILHT00000014005	A
anno1.g7567.t1	A	BRAKERILHT00000013535	A
anno1.g7568.t2	A	BRAKERILHT00000013404	A
anno1.g7569.t1	A	BRAKERILHT00000012772	A
anno1.g7570.t1	A	BRAKERILHT00000013154	A
anno1.g7571.t1	A	BRAKERILHT00000013278	A
anno1.g7574.t1	A	BRAKERILHT00000012916	A
anno1.g7575.t1	A	BRAKERILHT00000013498	A
anno1.g7576.t1	A	BRAKERILHT00000012763	A
anno1.g7577.t1	A	BRAKERILHT00000012917	A
anno1.g7580.t2	A	BRAKERILHT00000012642	A
anno1.g7581.t1	A	BRAKERILHT00000013561	A
anno1.g7582.t1	A	BRAKERILHT00000013916	A
anno1.g7583.t2	A	BRAKERILHT00000013649	A
anno1.g7586.t1	A	BRAKERILHT00000013185	A
anno1.g7587.t1	A	BRAKERILHT00000012924	A
anno1.g7589.t1	A	BRAKERILHT00000001936	A
anno1.g7590.t2	A	BRAKERILHT00000013288	A
anno1.g7591.t1	A	BRAKERILHT00000012804	A
anno1.g7592.t1	A	BRAKERILHT00000013563	A
anno1.g7593.t1	A	BRAKERILHT00000013722	A
anno1.g7594.t1	A	BRAKERILHT00000012412	A
anno1.g7595.t1	A	BRAKERILHT00000012652	A
anno1.g7596.t1	A	BRAKERILHT00000013033	A
anno1.g7597.t1	A	BRAKERILHT00000013028	A
anno1.g7598.t1	A	BRAKERILHT00000013604	A
anno1.g7599.t1	A	BRAKERILHT00000013947	A
anno1.g7601.t1	A	BRAKERILHT00000012417	A
anno1.g7603.t1	A	BRAKERILHT00000013203	A
anno1.g7604.t1	A	BRAKERILHT00000013546	A
anno1.g7605.t1	A	BRAKERILHT00000013896	A
anno1.g7606.t1	A	BRAKERILHT00000012528	A
anno1.g7609.t1	A	BRAKERILHT00000013336	A
anno1.g7614.t2	A	BRAKERILHT00000013815	A
anno1.g7621.t1	A	BRAKERILHT00000013471	A
anno1.g7622.t1	A	BRAKERILHT00000013429	A
anno1.g7624.t1	A	BRAKERILHT00000012408	A
anno1.g7628.t1	A	BRAKERILHT00000012820	A
anno1.g7632.t1	A	BRAKERILHT00000013527	A
anno1.g7633.t2	A	BRAKERILHT00000013065	A
anno1.g7636.t1	A	BRAKERILHT00000013416	A
anno1.g7637.t1	A	BRAKERILHT00000013002	A
anno1.g7638.t2	A	BRAKERILHT00000013950	A
anno1.g7639.t1	A	BRAKERILHT00000013586	A
anno1.g7640.t1	A	BRAKERILHT00000012828	A
anno1.g7641.t1	A	BRAKERILHT00000012430	A
anno1.g7643.t1	A	BRAKERILHT00000013754	A
anno1.g7644.t1	A	BRAKERILHT00000013537	A
anno1.g7645.t1	A	BRAKERILHT00000014017	A
anno1.g7646.t1	A	BRAKERILHT00000012589	A
anno1.g7647.t1	A	BRAKERILHT00000013312	A
anno1.g7648.t1	A	BRAKERILHT00000013765	A
anno1.g7649.t1	A	BRAKERILHT00000012373	A
anno1.g7650.t1	A	BRAKERILHT00000013479	A
anno1.g7651.t1	A	BRAKERILHT00000013847	A
anno1.g7652.t1	A	BRAKERILHT00000012730	A
anno1.g7654.t1	A	BRAKERILHT00000014023	A
anno1.g7655.t1	A	BRAKERILHT00000012544	A
anno1.g7657.t1	A	BRAKERILHT00000013507	A
anno1.g7664.t3	A	BRAKERILHT00000013415	A
anno1.g7665.t1	A	BRAKERILHT00000013419	A
anno1.g7666.t1	A	BRAKERILHT00000012925	A
anno1.g7669.t1	A	BRAKERILHT00000013960	A
anno1.g7670.t1	A	BRAKERILHT00000012758	A
anno1.g7671.t1	A	BRAKERILHT00000012541	A
anno1.g7678.t2	A	BRAKERILHT00000013113	A
anno1.g7679.t1	A	BRAKERILHT00000013981	A
anno1.g7681.t1	A	BRAKERILHT00000012929	A
anno1.g7682.t1	A	BRAKERILHT00000013032	A
anno1.g7683.t1	A	BRAKERILHT00000013340	A
anno1.g7684.t2	A	BRAKERILHT00000013118	A
anno1.g7686.t1	A	BRAKERILHT00000013664	A
anno1.g7688.t1	A	BRAKERILHT00000012921	A
anno1.g7689.t1	A	BRAKERILHT00000013464	A
anno1.g7690.t1	A	BRAKERILHT00000013833	A
anno1.g7691.t1	A	BRAKERILHT00000012788	A
anno1.g7692.t2	A	BRAKERILHT00000012703	A
anno1.g7693.t1	A	BRAKERILHT00000013297	A
anno1.g7694.t1	A	BRAKERILHT00000013674	A
anno1.g7695.t1	A	BRAKERILHT00000012378	A
anno1.g7696.t1	A	BRAKERILHT00000014004	A
anno1.g7701.t1	A	BRAKERILHT00000013301	A
anno1.g7702.t1	A	BRAKERILHT00000013654	A
anno1.g7703.t1	A	BRAKERILHT00000012672	A
anno1.g7704.t1	A	BRAKERILHT00000012863	A
anno1.g7705.t1	A	BRAKERILHT00000013143	A
anno1.g7706.t1	A	BRAKERILHT00000012668	A
anno1.g7713.t1	A	BRAKERILHT00000013798	A
anno1.g7715.t1	A	BRAKERILHT00000013247	A
anno1.g7718.t1	A	BRAKERILHT00000012564	A
anno1.g7719.t1	A	BRAKERILHT00000013974	A
anno1.g7722.t1	A	BRAKERILHT00000013144	A
anno1.g7724.t1	A	BRAKERILHT00000012573	A
anno1.g7725.t1	A	BRAKERILHT00000013998	A
anno1.g7726.t1	A	BRAKERILHT00000012877	A
anno1.g7727.t1	A	BRAKERILHT00000012591	A
anno1.g7728.t1	A	BRAKERILHT00000013078	A
anno1.g7730.t1	A	BRAKERILHT00000012360	A
anno1.g7731.t1	A	BRAKERILHT00000013361	A
anno1.g7733.t1	A	BRAKERILHT00000013968	A
anno1.g7734.t1	A	BRAKERILHT00000012778	A
anno1.g7737.t1	A	BRAKERILHT00000013377	A
anno1.g7742.t1	A	BRAKERILHT00000012407	A
anno1.g7744.t1	A	BRAKERILHT00000012862	A
anno1.g7745.t1	A	BRAKERILHT00000012854	A
anno1.g7747.t1	A	BRAKERILHT00000012376	A
anno1.g7748.t1	A	BRAKERILHT00000013824	A
anno1.g7749.t1	A	BRAKERILHT00000013241	A
anno1.g7750.t1	A	BRAKERILHT00000012881	A
anno1.g7751.t2	A	BRAKERILHT00000012446	A
anno1.g7752.t1	A	BRAKERILHT00000013117	A
anno1.g7755.t1	A	BRAKERILHT00000013636	A
anno1.g7758.t1	A	BRAKERILHT00000012947	A
anno1.g7759.t1	A	BRAKERILHT00000013304	A
anno1.g7760.t2	A	BRAKERILHT00000013172	A
anno1.g7761.t1	A	BRAKERILHT00000013533	A
anno1.g7768.t1	A	BRAKERILHT00000012478	A
anno1.g7771.t1	A	BRAKERILHT00000012944	A
anno1.g7772.t1	A	BRAKERILHT00000013647	A
anno1.g7773.t1	A	BRAKERILHT00000013403	A
anno1.g7774.t1	A	BRAKERILHT00000013370	A
anno1.g7775.t1	A	BRAKERILHT00000012410	A
anno1.g7776.t1	A	BRAKERILHT00000015005	A
anno1.g7777.t1	A	BRAKERILHT00000013235	A
anno1.g7779.t1	A	BRAKERILHT00000013881	A
anno1.g7781.t2	A	BRAKERILHT00000012651	A
anno1.g7782.t1	A	BRAKERILHT00000013439	A
anno1.g7783.t1	A	BRAKERILHT00000013469	A
anno1.g7784.t1	A	BRAKERILHT00000013292	A
anno1.g7785.t1	A	BRAKERILHT00000013857	A
anno1.g7788.t1	A	BRAKERILHT00000013158	A
anno1.both_agree_g18375.t3	A	BRAKERILHT00000013254	A
anno1.g7790.t1	A	BRAKERILHT00000012487	A
anno1.g7791.t1	A	BRAKERILHT00000012985	A
anno1.g7792.t1	A	BRAKERILHT00000013906	A
anno1.g7793.t1	A	BRAKERILHT00000012691	A
anno1.g7794.t2	A	BRAKERILHT00000013179	A
anno1.g7796.t2	A	BRAKERILHT00000013056	A
anno1.g7797.t1	A	BRAKERILHT00000012627	A
anno1.g7798.t1	A	BRAKERILHT00000013826	A
anno1.g7799.t1	A	BRAKERILHT00000013356	A
anno1.g7801.t2	A	BRAKERILHT00000012894	A
anno1.g7802.t1	A	BRAKERILHT00000014008	A
anno1.g7804.t1	A	BRAKERILHT00000013531	A
anno1.g7805.t1	A	BRAKERILHT00000013055	A
anno1.g7806.t2	A	BRAKERILHT00000012565	A
anno1.g7807.t1	A	BRAKERILHT00000013926	A
anno1.g7810.t1	A	BRAKERILHT00000013792	A
anno1.g7811.t1	A	BRAKERILHT00000012355	A
anno1.g7813.t1	A	BRAKERILHT00000012856	A
anno1.g7814.t1	A	BRAKERILHT00000013334	A
anno1.g7815.t1	A	BRAKERILHT00000012949	A
anno1.g7816.t1	A	BRAKERILHT00000013443	A
anno1.g7817.t1	A	BRAKERILHT00000013913	A
anno1.g7818.t1	A	BRAKERILHT00000013183	A
anno1.g7819.t1	A	BRAKERILHT00000012906	A
anno1.g7820.t2	A	BRAKERILHT00000012506	A
anno1.g7822.t1	A	BRAKERILHT00000013171	A
anno1.g7825.t1	A	BRAKERILHT00000006358	A
anno1.g7826.t1	A	BRAKERILHT00000013591	A
anno1.g7827.t1	A	BRAKERILHT00000000892	A
anno1.g7828.t2	A	BRAKERILHT00000013025	A
anno1.g7829.t1	A	BRAKERILHT00000012654	A
anno1.g7830.t1	A	BRAKERILHT00000013606	A
anno1.g7833.t2	A	BRAKERILHT00000013047	A
anno1.g7835.t1	A	BRAKERILHT00000012805	A
anno1.g7836.t1	A	BRAKERILHT00000012653	A
anno1.g7837.t1	A	BRAKERILHT00000013382	A
anno1.g7838.t1	A	BRAKERILHT00000013605	A
anno1.g7839.t1	A	BRAKERILHT00000013964	A
anno1.g7840.t1	A	BRAKERILHT00000012398	A
anno1.g7841.t1	A	BRAKERILHT00000013128	A
anno1.g7842.t3	A	BRAKERILHT00000013275	A
anno1.g7843.t1	A	BRAKERILHT00000013617	A
anno1.g7844.t3	A	BRAKERILHT00000013860	A
anno1.g7845.t1	A	BRAKERILHT00000012548	A
anno1.g7848.t1	A	BRAKERILHT00000013046	A
anno1.g7849.t1	A	BRAKERILHT00000012472	A
anno1.g7850.t1	A	BRAKERILHT00000013513	A
anno1.g7851.t1	A	BRAKERILHT00000013878	A
anno1.g7852.t1	A	BRAKERILHT00000000607	A
anno1.g7854.t1	A	BRAKERILHT00000012439	A
anno1.g7856.t1	A	BRAKERILHT00000012839	A
anno1.g7857.t2	A	BRAKERILHT00000013363	A
anno1.g7858.t1	A	BRAKERILHT00000013841	A
anno1.g7859.t1	A	BRAKERILHT00000017533	X
anno1.g7861.t1	A	BRAKERILHT00000012988	A
anno1.g7862.t1	A	BRAKERILHT00000012449	A
anno1.g7863.t2	A	BRAKERILHT00000012635	A
anno1.g7864.t1	A	BRAKERILHT00000013930	A
anno1.g7866.t1	A	BRAKERILHT00000005836	A
anno1.g7870.t2	A	BRAKERILHT00000012771	A
anno1.g7871.t1	A	BRAKERILHT00000012740	A
anno1.g7872.t1	A	BRAKERILHT00000013519	A
anno1.g7874.t2	A	BRAKERILHT00000013854	A
anno1.g7875.t2	A	BRAKERILHT00000012568	A
anno1.g7876.t1	A	BRAKERILHT00000013107	A
anno1.g7877.t1	A	BRAKERILHT00000013186	A
anno1.g7880.t1	A	BRAKERILHT00000013703	A
anno1.g7882.t1	A	BRAKERILHT00000013876	A
anno1.g7884.t1	A	BRAKERILHT00000011237	A
anno1.g7885.t5	A	BRAKERILHT00000013272	A
anno1.g7887.t1	A	BRAKERILHT00000012912	A
anno1.g7890.t3	A	BRAKERILHT00000012899	A
anno1.g7891.t1	A	BRAKERILHT00000013940	A
anno1.g7892.t1	A	BRAKERILHT00000003059	A
anno1.g7893.t1	A	BRAKERILHT00000012540	A
anno1.g7898.t1	A	BRAKERILHT00000013589	A
anno1.g7909.t1	A	BRAKERILHT00000012900	A
anno1.g7912.t2	A	BRAKERILHT00000013474	A
anno1.g7914.t1	A	BRAKERILHT00000013727	A
anno1.g7916.t1	A	BRAKERILHT00000013973	A
anno1.g7922.t2	A	BRAKERILHT00000013805	A
anno1.g7924.t1	A	BRAKERILHT00000012889	A
anno1.g7925.t1	A	BRAKERILHT00000012422	A
anno1.g7941.t1	A	BRAKERILHT00000017068	X
anno1.g7942.t1	A	BRAKERILHT00000001752	A
anno1.g7944.t1	A	BRAKERILHT00000012837	A
anno1.g7951.t1	A	BRAKERILHT00000013019	A
anno1.g7953.t1	A	BRAKERILHT00000013227	A
anno1.g7955.t1	A	BRAKERILHT00000013720	A
anno1.g7959.t1	A	BRAKERILHT00000012566	A
anno1.g7962.t1	A	BRAKERILHT00000012196	A
anno1.g7963.t1	A	BRAKERILHT00000013213	A
anno1.g7964.t1	A	BRAKERILHT00000013523	A
anno1.g7965.t2	A	BRAKERILHT00000012872	A
anno1.g7968.t1	A	BRAKERILHT00000012607	A
anno1.g7969.t1	A	BRAKERILHT00000013368	A
anno1.g7970.t1	A	BRAKERILHT00000013542	A
anno1.g7973.t1	A	BRAKERILHT00000013206	A
anno1.g7976.t1	A	BRAKERILHT00000012637	A
anno1.g7977.t1	A	BRAKERILHT00000012824	A
anno1.g7978.t1	A	BRAKERILHT00000013887	A
anno1.g7979.t2	A	BRAKERILHT00000013260	A
anno1.g7980.t1	A	BRAKERILHT00000012351	A
anno1.g7981.t1	A	BRAKERILHT00000013074	A
anno1.g7982.t1	A	BRAKERILHT00000012488	A
anno1.g7983.t1	A	BRAKERILHT00000013865	A
anno1.g7984.t1	A	BRAKERILHT00000012786	A
anno1.g7987.t1	A	BRAKERILHT00000013029	A
anno1.g7988.t3	A	BRAKERILHT00000013427	A
anno1.g7990.t1	A	BRAKERILHT00000012539	A
anno1.g7991.t1	A	BRAKERILHT00000013675	A
anno1.g7992.t1	A	BRAKERILHT00000013342	A
anno1.g7993.t1	A	BRAKERILHT00000012954	A
anno1.g7997.t1	A	BRAKERILHT00000013201	A
anno1.g7998.t1	A	BRAKERILHT00000012369	A
anno1.g7999.t1	A	BRAKERILHT00000012892	A
anno1.g8000.t1	A	BRAKERILHT00000013600	A
anno1.g8006.t1	A	BRAKERILHT00000013958	A
anno1.g8009.t1	A	BRAKERILHT00000012767	A
anno1.g8011.t1	A	BRAKERILHT00000013219	A
anno1.g8012.t1	A	BRAKERILHT00000009491	A
anno1.g8013.t1	A	BRAKERILHT00000012699	A
anno1.g8014.t1	A	BRAKERILHT00000013832	A
anno1.g8015.t1	A	BRAKERILHT00000013034	A
anno1.g8016.t1	A	BRAKERILHT00000012480	A
anno1.g8017.t1	A	BRAKERILHT00000013374	A
anno1.g8020.t1	A	BRAKERILHT00000013344	A
anno1.g8021.t1	A	BRAKERILHT00000013954	A
anno1.g8024.t1	A	BRAKERILHT00000012659	A
anno1.g8025.t1	A	BRAKERILHT00000014028	A
anno1.g8026.t3	A	BRAKERILHT00000013716	A
anno1.g8027.t1	A	BRAKERILHT00000012411	A
anno1.g8028.t1	A	BRAKERILHT00000013594	A
anno1.g8029.t1	A	BRAKERILHT00000012381	A
anno1.g8031.t1	A	BRAKERILHT00000012620	A
anno1.g8032.t3	A	BRAKERILHT00000012690	A
anno1.g8033.t1	A	BRAKERILHT00000012708	A
anno1.g8034.t1	A	BRAKERILHT00000013202	A
anno1.g8035.t1	A	BRAKERILHT00000013454	A
anno1.g8037.t1	A	BRAKERILHT00000013067	A
anno1.g8045.t1	A	BRAKERILHT00000012579	A
anno1.g8046.t1	A	BRAKERILHT00000012604	A
anno1.g8047.t1	A	BRAKERILHT00000013385	A
anno1.g8048.t1	A	BRAKERILHT00000012458	A
anno1.g8050.t1	A	BRAKERILHT00000013642	A
anno1.g8056.t1	A	BRAKERILHT00000013570	A
anno1.g8057.t1	A	BRAKERILHT00000012936	A
anno1.g8058.t1	A	BRAKERILHT00000013434	A
anno1.g8059.t1	A	BRAKERILHT00000013999	A
anno1.g8060.t1	A	BRAKERILHT00000012975	A
anno1.g8062.t1	A	BRAKERILHT00000012492	A
anno1.g8063.t1	A	BRAKERILHT00000013184	A
anno1.g8064.t1	A	BRAKERILHT00000012716	A
anno1.g8065.t1	A	BRAKERILHT00000013917	A
anno1.g8066.t1	A	BRAKERILHT00000013560	A
anno1.g8067.t1	A	BRAKERILHT00000012463	A
anno1.g8068.t2	A	BRAKERILHT00000012926	A
anno1.g8069.t2	A	BRAKERILHT00000012538	A
anno1.g8070.t1	A	BRAKERILHT00000013026	A
anno1.g8071.t2	A	BRAKERILHT00000013339	A
anno1.g8073.t1	A	BRAKERILHT00000013111	A
anno1.g8074.t1	A	BRAKERILHT00000013863	A
anno1.g8075.t1	A	BRAKERILHT00000012867	A
anno1.g8076.t2	A	BRAKERILHT00000013801	A
anno1.g8077.t1	A	BRAKERILHT00000013893	A
anno1.g8079.t1	A	BRAKERILHT00000013453	A
anno1.g8080.t1	A	BRAKERILHT00000013904	A
anno1.g8081.t1	A	BRAKERILHT00000012720	A
anno1.g8082.t1	A	BRAKERILHT00000013204	A
anno1.g8083.t1	A	BRAKERILHT00000012986	A
anno1.g8084.t1	A	BRAKERILHT00000013462	A
anno1.g8086.t1	A	BRAKERILHT00000008148	A
anno1.g8094.t1	A	BRAKERILHT00000013504	A
anno1.g8098.t1	A	BRAKERILHT00000013497	A
anno1.g8099.t1	A	BRAKERILHT00000012969	A
anno1.g8100.t4	A	BRAKERILHT00000013101	A
anno1.g8101.t1	A	BRAKERILHT00000012700	A
anno1.g8103.t4	A	BRAKERILHT00000012980	A
anno1.g8104.t1	A	BRAKERILHT00000015764	A
anno1.g8105.t1	A	BRAKERILHT00000017144	X
anno1.g8106.t1	A	BRAKERILHT00000013702	A
anno1.g8107.t2	A	BRAKERILHT00000012681	A
anno1.g8112.t2	A	BRAKERILHT00000014001	A
anno1.g8114.t1	A	BRAKERILHT00000013582	A
anno1.g8115.t2	A	BRAKERILHT00000013120	A
anno1.g8116.t1	A	BRAKERILHT00000013994	A
anno1.g8117.t1	A	BRAKERILHT00000013522	A
anno1.g8118.t1	A	BRAKERILHT00000012664	A
anno1.g8119.t1	A	BRAKERILHT00000013124	A
anno1.g8120.t1	A	BRAKERILHT00000013579	A
anno1.g8121.t1	A	BRAKERILHT00000013468	A
anno1.g8122.t1	A	BRAKERILHT00000013937	A
anno1.g8123.t2	A	BRAKERILHT00000012746	A
anno1.g8124.t2	A	BRAKERILHT00000012551	A
anno1.g8125.t1	A	BRAKERILHT00000012356	A
anno1.g8126.t1	A	BRAKERILHT00000012853	A
anno1.g8129.t1	A	BRAKERILHT00000013092	A
anno1.g8130.t1	A	BRAKERILHT00000013131	A
anno1.g8131.t1	A	BRAKERILHT00000013859	A
anno1.g8133.t1	A	BRAKERILHT00000013291	A
anno1.g8134.t1	A	BRAKERILHT00000012931	A
anno1.g8138.t1	A	BRAKERILHT00000012374	A
anno1.g8139.t2	A	BRAKERILHT00000012844	A
anno1.g8140.t2	A	BRAKERILHT00000012625	A
anno1.g8141.t2	A	BRAKERILHT00000013008	A
anno1.g8142.t2	A	BRAKERILHT00000013578	A
anno1.g8143.t1	A	BRAKERILHT00000013890	A
anno1.g8144.t1	A	BRAKERILHT00000013655	A
anno1.g8145.t1	A	BRAKERILHT00000013191	A
anno1.g8147.t2	A	BRAKERILHT00000013037	A
anno1.g8148.t1	A	BRAKERILHT00000013015	A
anno1.g8151.t1	A	BRAKERILHT00000012796	A
anno1.g8152.t1	A	BRAKERILHT00000013396	A
anno1.g8154.t1	A	BRAKERILHT00000012641	A
anno1.g8155.t1	A	BRAKERILHT00000013180	A
anno1.g8156.t1	A	BRAKERILHT00000012609	A
anno1.g8157.t1	A	BRAKERILHT00000013758	A
anno1.g8159.t1	A	BRAKERILHT00000005544	A
anno1.g8165.t1	A	BRAKERILHT00000010416	A
anno1.g8166.t1	A	BRAKERILHT00000012571	A
anno1.g8167.t1	A	BRAKERILHT00000012397	A
anno1.g8172.t1	A	BRAKERILHT00000012628	A
anno1.g8174.t1	A	BRAKERILHT00000007366	A
anno1.g8180.t2	A	BRAKERILHT00000013391	A
anno1.g8181.t1	A	BRAKERILHT00000013539	A
anno1.g8182.t1	A	BRAKERILHT00000013181	A
anno1.g8184.t1	A	BRAKERILHT00000012421	A
anno1.g8185.t1	A	BRAKERILHT00000014228	A
anno1.g8190.t1	A	BRAKERILHT00000013456	A
anno1.g8192.t1	A	BRAKERILHT00000013209	A
anno1.g8193.t1	A	BRAKERILHT00000013343	A
anno1.g8194.t1	A	BRAKERILHT00000012971	A
anno1.g8195.t1	A	BRAKERILHT00000013544	A
anno1.g8196.t1	A	BRAKERILHT00000013931	A
anno1.g8198.t1	A	BRAKERILHT00000013387	A
anno1.g8199.t2	A	BRAKERILHT00000012913	A
anno1.g8200.t3	A	BRAKERILHT00000012391	A
anno1.g8201.t1	A	BRAKERILHT00000013621	A
anno1.g8202.t1	A	BRAKERILHT00000013130	A
anno1.g8203.t1	A	BRAKERILHT00000012445	A
anno1.g8204.t1	A	BRAKERILHT00000013837	A
anno1.g8205.t2	A	BRAKERILHT00000013592	A
anno1.g8206.t1	A	BRAKERILHT00000012764	A
anno1.g8208.t1	A	BRAKERILHT00000013852	A
anno1.g8209.t3	A	BRAKERILHT00000012810	A
anno1.g8210.t2	A	BRAKERILHT00000013043	A
anno1.g8211.t1	A	BRAKERILHT00000012753	A
anno1.g8212.t1	A	BRAKERILHT00000013711	A
anno1.g8213.t1	A	BRAKERILHT00000012918	A
anno1.g8214.t1	A	BRAKERILHT00000012680	A
anno1.g8215.t1	A	BRAKERILHT00000012795	A
anno1.g8219.t1	A	BRAKERILHT00000013262	A
anno1.g8220.t2	A	BRAKERILHT00000013806	A
anno1.g8221.t1	A	BRAKERILHT00000013380	A
anno1.g8222.t1	A	BRAKERILHT00000013626	A
anno1.g8225.t1	A	BRAKERILHT00000012928	A
anno1.g8227.t1	A	BRAKERILHT00000000301	A
anno1.g8228.t1	A	BRAKERILHT00000013853	A
anno1.g8231.t1	A	BRAKERILHT00000013359	A
anno1.g8232.t1	A	BRAKERILHT00000013829	A
anno1.g8234.t1	A	BRAKERILHT00000012629	A
anno1.g8235.t1	A	BRAKERILHT00000012516	A
anno1.g8236.t1	A	BRAKERILHT00000013721	A
anno1.g8239.t1	A	BRAKERILHT00000012709	A
anno1.g8240.t1	A	BRAKERILHT00000013975	A
anno1.g8241.t2	A	BRAKERILHT00000012776	A
anno1.g8244.t1	A	BRAKERILHT00000012639	A
anno1.g8250.t1	A	BRAKERILHT00000013076	A
anno1.g8254.t1	A	BRAKERILHT00000013778	A
anno1.g8256.t1	A	BRAKERILHT00000012602	A
anno1.g8257.t1	A	BRAKERILHT00000012770	A
anno1.g8258.t2	A	BRAKERILHT00000013477	A
anno1.g8259.t2	A	BRAKERILHT00000013024	A
anno1.g8260.t1	A	BRAKERILHT00000012519	A
anno1.g8261.t1	A	BRAKERILHT00000013718	A
anno1.g8262.t2	A	BRAKERILHT00000013259	A
anno1.g8263.t1	A	BRAKERILHT00000012794	A
anno1.g8264.t2	A	BRAKERILHT00000013125	A
anno1.g8265.t1	A	BRAKERILHT00000013691	A
anno1.g8267.t2	A	BRAKERILHT00000013423	A
anno1.g8268.t2	A	BRAKERILHT00000013196	A
anno1.g8269.t2	A	BRAKERILHT00000012465	A
anno1.g8271.t1	A	BRAKERILHT00000013872	A
anno1.g8272.t2	A	BRAKERILHT00000013156	A
anno1.g8273.t3	A	BRAKERILHT00000013384	A
anno1.g8274.t2	A	BRAKERILHT00000013713	A
anno1.g8275.t1	A	BRAKERILHT00000012743	A
anno1.g8276.t3	A	BRAKERILHT00000012736	A
anno1.g8277.t1	A	BRAKERILHT00000012833	A
anno1.g8278.t1	A	BRAKERILHT00000013388	A
anno1.g8279.t1	A	BRAKERILHT00000012404	A
anno1.g8282.t2	A	BRAKERILHT00000013618	A
anno1.g8283.t2	A	BRAKERILHT00000013584	A
anno1.g8284.t1	A	BRAKERILHT00000013013	A
anno1.g8285.t1	A	BRAKERILHT00000012584	A
anno1.g8286.t1	A	BRAKERILHT00000012477	A
anno1.g8287.t1	A	BRAKERILHT00000012744	A
anno1.g8288.t1	A	BRAKERILHT00000013216	A
anno1.g8289.t1	A	BRAKERILHT00000013418	A
anno1.g8291.t3	A	BRAKERILHT00000013059	A
anno1.g8292.t5	A	BRAKERILHT00000012496	A
anno1.g8299.t2	A	BRAKERILHT00000012722	A
anno1.g8300.t1	A	BRAKERILHT00000012713	A
anno1.g8301.t1	A	BRAKERILHT00000012958	A
anno1.g8302.t1	A	BRAKERILHT00000013436	A
anno1.g8303.t2	A	BRAKERILHT00000013746	A
anno1.g8304.t1	A	BRAKERILHT00000012707	A
anno1.g8306.t2	A	BRAKERILHT00000013576	A
anno1.g8307.t1	A	BRAKERILHT00000012792	A
anno1.g8309.t1	A	BRAKERILHT00000012441	A
anno1.g8310.t1	A	BRAKERILHT00000013731	A
anno1.g8311.t1	A	BRAKERILHT00000013409	A
anno1.g8313.t1	A	BRAKERILHT00000013528	A
anno1.g8314.t1	A	BRAKERILHT00000013990	A
anno1.g8315.t1	A	BRAKERILHT00000012354	A
anno1.g8316.t1	A	BRAKERILHT00000012842	A
anno1.g8317.t1	A	BRAKERILHT00000013306	A
anno1.g8319.t1	A	BRAKERILHT00000013739	A
anno1.g8320.t1	A	BRAKERILHT00000012537	A
anno1.g8321.t1	A	BRAKERILHT00000013475	A
anno1.g8322.t2	A	BRAKERILHT00000013867	A
anno1.g8323.t1	A	BRAKERILHT00000012731	A
anno1.g8324.t1	A	BRAKERILHT00000013305	A
anno1.g8325.t1	A	BRAKERILHT00000013658	A
anno1.g8326.t1	A	BRAKERILHT00000012533	A
anno1.g8327.t1	A	BRAKERILHT00000013920	A
anno1.g8328.t1	A	BRAKERILHT00000013252	A
anno1.g8344.t3	A	BRAKERILHT00000012535	A
anno1.g8346.t1	A	BRAKERILHT00000012890	A
anno1.g8347.t1	A	BRAKERILHT00000012392	A
anno1.g8348.t1	A	BRAKERILHT00000013510	A
anno1.g8349.t1	A	BRAKERILHT00000013813	A
anno1.g8350.t1	A	BRAKERILHT00000013364	A
anno1.g8351.t1	A	BRAKERILHT00000012815	A
anno1.g8354.t1	A	BRAKERILHT00000012638	A
anno1.g8356.t1	A	BRAKERILHT00000013564	A
anno1.g8357.t1	A	BRAKERILHT00000013401	A
anno1.g8359.t1	A	BRAKERILHT00000012838	A
anno1.g8360.t2	A	BRAKERILHT00000012603	A
anno1.g8361.t1	A	BRAKERILHT00000013188	A
anno1.g8362.t2	A	BRAKERILHT00000013895	A
anno1.g8365.t1	A	BRAKERILHT00000013693	A
anno1.g8366.t1	A	BRAKERILHT00000012610	A
anno1.g8367.t2	A	BRAKERILHT00000013182	A
anno1.g8368.t1	A	BRAKERILHT00000013233	A
anno1.g8369.t2	A	BRAKERILHT00000013781	A
anno1.g8370.t1	A	BRAKERILHT00000012717	A
anno1.g8371.t1	A	BRAKERILHT00000013402	A
anno1.g8372.t1	A	BRAKERILHT00000013424	A
anno1.g8373.t1	A	BRAKERILHT00000012366	A
anno1.g8374.t1	A	BRAKERILHT00000013688	A
anno1.g8375.t1	A	BRAKERILHT00000013315	A
anno1.g8377.t1	A	BRAKERILHT00000012959	A
anno1.g8378.t1	A	BRAKERILHT00000013104	A
anno1.g8379.t1	A	BRAKERILHT00000012534	A
anno1.g8380.t1	A	BRAKERILHT00000013980	A
anno1.g8381.t1	A	BRAKERILHT00000013308	A
anno1.g8382.t1	A	BRAKERILHT00000013112	A
anno1.g8383.t1	A	BRAKERILHT00000012942	A
anno1.g8384.t1	A	BRAKERILHT00000012674	A
anno1.g8386.t1	A	BRAKERILHT00000012560	A
anno1.g8387.t1	A	BRAKERILHT00000012955	A
anno1.g8388.t1	A	BRAKERILHT00000013357	A
anno1.g8389.t2	A	BRAKERILHT00000012383	A
anno1.g8390.t2	A	BRAKERILHT00000012884	A
anno1.g8391.t1	A	BRAKERILHT00000013243	A
anno1.g8392.t1	A	BRAKERILHT00000013868	A
anno1.g8393.t1	A	BRAKERILHT00000013139	A
anno1.g8394.t1	A	BRAKERILHT00000012974	A
anno1.g8395.t1	A	BRAKERILHT00000013862	A
anno1.g8398.t2	A	BRAKERILHT00000012509	A
anno1.g8399.t1	A	BRAKERILHT00000012818	A
anno1.g8400.t1	A	BRAKERILHT00000012517	A
anno1.g8401.t2	A	BRAKERILHT00000013499	A
anno1.g8410.t1	A	BRAKERILHT00000012922	A
anno1.g8411.t1	A	BRAKERILHT00000013347	A
anno1.g8413.t1	A	BRAKERILHT00000013614	A
anno1.g8414.t1	A	BRAKERILHT00000013053	A
anno1.g8415.t2	A	BRAKERILHT00000013490	A
anno1.g8416.t1	A	BRAKERILHT00000013861	A
anno1.g8417.t1	A	BRAKERILHT00000013289	A
anno1.g8418.t1	A	BRAKERILHT00000012834	A
anno1.g8419.t1	A	BRAKERILHT00000013392	A
anno1.g8421.t1	A	BRAKERILHT00000013517	A
anno1.g8425.t2	A	BRAKERILHT00000013957	A
anno1.g8427.t1	A	BRAKERILHT00000013601	A
anno1.g8428.t1	A	BRAKERILHT00000013007	A
anno1.g8430.t2	A	BRAKERILHT00000012802	A
anno1.g8433.t2	A	BRAKERILHT00000013816	A
anno1.g8436.t1	A	BRAKERILHT00000013725	A
anno1.g8437.t1	A	BRAKERILHT00000012460	A
anno1.g8438.t5	A	BRAKERILHT00000013864	A
anno1.g8440.t2	A	BRAKERILHT00000013690	A
anno1.g8441.t1	A	BRAKERILHT00000013514	A
anno1.g8443.t1	A	BRAKERILHT00000013417	A
anno1.g8444.t1	A	BRAKERILHT00000013638	A
anno1.g8445.t1	A	BRAKERILHT00000013742	A
anno1.g8446.t1	A	BRAKERILHT00000013410	A
anno1.g8447.t2	A	BRAKERILHT00000013010	A
anno1.g8449.t1	A	BRAKERILHT00000013939	A
anno1.g8451.t1	A	BRAKERILHT00000013565	A
anno1.g8452.t1	A	BRAKERILHT00000013170	A
anno1.g8453.t1	A	BRAKERILHT00000012585	A
anno1.g8454.t1	A	BRAKERILHT00000012402	A
anno1.g8455.t1	A	BRAKERILHT00000013508	A
anno1.g8456.t1	A	BRAKERILHT00000013794	A
anno1.g8457.t1	A	BRAKERILHT00000013303	A
anno1.g8458.t1	A	BRAKERILHT00000013569	A
anno1.g8459.t1	A	BRAKERILHT00000013923	A
anno1.g8460.t1	A	BRAKERILHT00000012952	A
anno1.g8463.t1	A	BRAKERILHT00000012394	A
anno1.g8464.t1	A	BRAKERILHT00000012655	A
anno1.g8465.t1	A	BRAKERILHT00000013023	A
anno1.g8466.t1	A	BRAKERILHT00000013901	A
anno1.g8467.t1	A	BRAKERILHT00000012705	A
anno1.g8468.t3	A	BRAKERILHT00000012860	A
anno1.g8469.t1	A	BRAKERILHT00000013229	A
anno1.g8471.t1	A	BRAKERILHT00000014024	A
anno1.g8472.t1	A	BRAKERILHT00000012857	A
anno1.g8473.t1	A	BRAKERILHT00000013085	A
anno1.g8474.t2	A	BRAKERILHT00000012718	A
anno1.g8475.t2	A	BRAKERILHT00000013442	A
anno1.g8476.t1	A	BRAKERILHT00000013079	A
anno1.g8477.t2	A	BRAKERILHT00000013780	A
anno1.g8485.t1	A	BRAKERILHT00000013383	A
anno1.g8486.t1	A	BRAKERILHT00000013549	A
anno1.g8488.t1	A	BRAKERILHT00000012914	A
anno1.g8489.t1	A	BRAKERILHT00000013855	A
anno1.g8491.t1	A	BRAKERILHT00000013603	A
anno1.g8492.t1	A	BRAKERILHT00000013150	A
anno1.g8493.t1	A	BRAKERILHT00000013814	A
anno1.g8494.t1	A	BRAKERILHT00000012791	A
anno1.g8495.t1	A	BRAKERILHT00000013666	A
anno1.g8496.t1	A	BRAKERILHT00000017018	X
anno1.g8498.t1	A	BRAKERILHT00000013681	A
anno1.g8500.t1	A	BRAKERILHT00000012452	A
anno1.g8501.t1	A	BRAKERILHT00000012941	A
anno1.g8504.t1	A	BRAKERILHT00000013849	A
anno1.g8506.t1	A	BRAKERILHT00000012357	A
anno1.g8507.t1	A	BRAKERILHT00000012960	A
anno1.g8508.t1	A	BRAKERILHT00000013274	A
anno1.g8510.t1	A	BRAKERILHT00000013653	A
anno1.g8511.t2	A	BRAKERILHT00000014019	A
anno1.g8512.t1	A	BRAKERILHT00000012711	A
anno1.g8513.t5	A	BRAKERILHT00000012972	A
anno1.g8514.t2	A	BRAKERILHT00000013672	A
anno1.g8516.t1	A	BRAKERILHT00000013811	A
anno1.g8517.t1	A	BRAKERILHT00000017237	X
anno1.g8520.t1	A	BRAKERILHT00000013552	A
anno1.g8521.t2	A	BRAKERILHT00000013190	A
anno1.g8522.t2	A	BRAKERILHT00000012499	A
anno1.g8527.t2	A	BRAKERILHT00000012532	A
anno1.g8529.t1	A	BRAKERILHT00000013039	A
anno1.g8530.t1	A	BRAKERILHT00000013127	A
anno1.g8531.t1	A	BRAKERILHT00000001132	A
anno1.g8534.t1	A	BRAKERILHT00000012601	A
anno1.g8535.t1	A	BRAKERILHT00000013103	A
anno1.g8536.t1	A	BRAKERILHT00000013323	A
anno1.g8537.t1	A	BRAKERILHT00000013756	A
anno1.g8538.t2	A	BRAKERILHT00000013712	A
anno1.g8540.t1	A	BRAKERILHT00000013644	A
anno1.g8541.t1	A	BRAKERILHT00000013995	A
anno1.g8544.t1	A	BRAKERILHT00000012406	A
anno1.g8545.t1	A	BRAKERILHT00000012695	A
anno1.g8547.t1	A	BRAKERILHT00000012979	A
anno1.g8548.t1	A	BRAKERILHT00000013458	A
anno1.g8549.t1	A	BRAKERILHT00000013827	A
anno1.g8552.t1	A	BRAKERILHT00000013017	A
anno1.g8553.t1	A	BRAKERILHT00000013771	A
anno1.g8554.t1	A	BRAKERILHT00000012937	A
anno1.g8555.t1	A	BRAKERILHT00000013299	A
anno1.g8556.t1	A	BRAKERILHT00000012525	A
anno1.g8557.t1	A	BRAKERILHT00000013110	A
anno1.g8558.t1	A	BRAKERILHT00000013463	A
anno1.g8559.t1	A	BRAKERILHT00000013706	A
anno1.g8560.t1	A	BRAKERILHT00000013607	A
anno1.g8561.t2	A	BRAKERILHT00000013733	A
anno1.g8562.t1	A	BRAKERILHT00000012423	A
anno1.g8563.t1	A	BRAKERILHT00000013426	A
anno1.g8564.t1	A	BRAKERILHT00000012738	A
anno1.g8565.t1	A	BRAKERILHT00000012823	A
anno1.g8566.t1	A	BRAKERILHT00000014014	A
anno1.g8567.t3	A	BRAKERILHT00000012502	A
anno1.g8568.t1	A	BRAKERILHT00000013452	A
anno1.g8569.t1	A	BRAKERILHT00000013679	A
anno1.g8570.t2	A	BRAKERILHT00000012956	A
anno1.g8572.t2	A	BRAKERILHT00000013914	A
anno1.g8573.t1	A	BRAKERILHT00000013328	A
anno1.g8574.t1	A	BRAKERILHT00000012582	A
anno1.g8575.t1	A	BRAKERILHT00000013846	A
anno1.g8582.t1	A	BRAKERILHT00000013694	A
anno1.g8584.t1	A	BRAKERILHT00000012967	A
anno1.g8586.t1	A	BRAKERILHT00000012561	A
anno1.g8588.t1	A	BRAKERILHT00000013341	A
anno1.g8589.t1	A	BRAKERILHT00000013767	A
anno1.g8590.t1	A	BRAKERILHT00000013081	A
anno1.g8591.t1	A	BRAKERILHT00000012633	A
anno1.g8592.t1	A	BRAKERILHT00000014013	A
anno1.g8593.t2	A	BRAKERILHT00000012848	A
anno1.g8594.t2	A	BRAKERILHT00000012362	A
anno1.g8595.t1	A	BRAKERILHT00000013783	A
anno1.g8596.t2	A	BRAKERILHT00000012451	A
anno1.g8597.t1	A	BRAKERILHT00000013132	A
anno1.g8601.t1	A	BRAKERILHT00000012817	A
anno1.g8602.t1	A	BRAKERILHT00000012665	A
anno1.g8603.t1	A	BRAKERILHT00000013038	A
anno1.g8604.t1	A	BRAKERILHT00000013599	A
anno1.g8605.t1	A	BRAKERILHT00000012997	A
anno1.g8606.t1	A	BRAKERILHT00000013877	A
anno1.g8608.t1	A	BRAKERILHT00000012991	A
anno1.g8609.t1	A	BRAKERILHT00000012996	A
anno1.g8610.t2	A	BRAKERILHT00000014027	A
anno1.g8613.t1	A	BRAKERILHT00000013661	A
anno1.g8615.t1	A	BRAKERILHT00000013230	A
anno1.g8616.t1	A	BRAKERILHT00000013133	A
anno1.g8617.t1	A	BRAKERILHT00000013187	A
anno1.g8618.t2	A	BRAKERILHT00000012727	A
anno1.g8619.t1	A	BRAKERILHT00000012401	A
anno1.g8621.t1	A	BRAKERILHT00000013667	A
anno1.g8622.t1	A	BRAKERILHT00000013211	A
anno1.g8623.t1	A	BRAKERILHT00000013099	A
anno1.g8625.t1	A	BRAKERILHT00000012615	A
anno1.g8626.t1	A	BRAKERILHT00000013590	A
anno1.g8627.t2	A	BRAKERILHT00000013135	A
anno1.g8629.t1	A	BRAKERILHT00000012836	A
anno1.g8631.t1	A	BRAKERILHT00000012576	A
anno1.g8632.t1	A	BRAKERILHT00000013897	A
anno1.g8633.t1	A	BRAKERILHT00000013641	A
anno1.g8634.t1	A	BRAKERILHT00000013293	A
anno1.g8635.t1	A	BRAKERILHT00000012945	A
anno1.g8636.t1	A	BRAKERILHT00000012536	A
anno1.g8637.t1	A	BRAKERILHT00000013845	A
anno1.g8638.t1	A	BRAKERILHT00000013348	A
anno1.g8639.t1	A	BRAKERILHT00000012984	A
anno1.g8640.t2	A	BRAKERILHT00000013440	A
anno1.g8641.t1	A	BRAKERILHT00000012976	A
anno1.g8642.t2	A	BRAKERILHT00000012435	A
anno1.g8644.t1	A	BRAKERILHT00000013669	A
anno1.g8645.t1	A	BRAKERILHT00000013350	A
anno1.g8646.t1	A	BRAKERILHT00000012831	A
anno1.g8647.t1	A	BRAKERILHT00000013619	A
anno1.g8648.t1	A	BRAKERILHT00000013173	A
anno1.g8650.t1	A	BRAKERILHT00000012875	A
anno1.g8651.t1	A	BRAKERILHT00000013810	A
anno1.g8653.t1	A	BRAKERILHT00000013572	A
anno1.g8657.t1	A	BRAKERILHT00000012523	A
anno1.g8658.t1	A	BRAKERILHT00000013785	A
anno1.g8659.t1	A	BRAKERILHT00000012851	A
anno1.g8663.t1	A	BRAKERILHT00000012498	A
anno1.g8664.t1	A	BRAKERILHT00000010188	A
anno1.g8665.t1	A	BRAKERILHT00000009603	A
anno1.g8666.t1	A	BRAKERILHT00000010149	A
anno1.g8667.t2	A	BRAKERILHT00000009806	A
anno1.g8668.t2	A	BRAKERILHT00000009982	A
anno1.g8669.t1	A	BRAKERILHT00000008578	A
anno1.g8670.t2	A	BRAKERILHT00000009098	A
anno1.g8671.t1	A	BRAKERILHT00000009054	A
anno1.g8673.t1	A	BRAKERILHT00000009314	A
anno1.g8674.t1	A	BRAKERILHT00000009986	A
anno1.g8675.t1	A	BRAKERILHT00000008908	A
anno1.g8676.t1	A	BRAKERILHT00000009094	A
anno1.g8677.t1	A	BRAKERILHT00000009537	A
anno1.g8678.t2	A	BRAKERILHT00000009306	A
anno1.g8679.t1	A	BRAKERILHT00000009345	A
anno1.g8680.t1	A	BRAKERILHT00000009791	A
anno1.g8681.t2	A	BRAKERILHT00000010201	A
anno1.both_agree_g20002.t1	A	BRAKERILHT00000009355	A
anno1.g8685.t1	A	BRAKERILHT00000009932	A
anno1.g8686.t1	A	BRAKERILHT00000009317	A
anno1.g8690.t1	A	BRAKERILHT00000008960	A
anno1.g8696.t1	A	BRAKERILHT00000009512	A
anno1.g8699.t1	A	BRAKERILHT00000010336	A
anno1.g8700.t1	A	BRAKERILHT00000010322	A
anno1.g8701.t1	A	BRAKERILHT00000008932	A
anno1.g8702.t1	A	BRAKERILHT00000009447	A
anno1.g8703.t1	A	BRAKERILHT00000009543	A
anno1.g8707.t1	A	BRAKERILHT00000010109	A
anno1.g8708.t1	A	BRAKERILHT00000008665	A
anno1.g8709.t1	A	BRAKERILHT00000009195	A
anno1.g8710.t1	A	BRAKERILHT00000009642	A
anno1.g8713.t1	A	BRAKERILHT00000010179	A
anno1.g8717.t1	A	BRAKERILHT00000010404	A
anno1.g8718.t1	A	BRAKERILHT00000008900	A
anno1.g8720.t1	A	BRAKERILHT00000010271	A
anno1.g8722.t1	A	BRAKERILHT00000009109	A
anno1.g8723.t1	A	BRAKERILHT00000008936	A
anno1.g8724.t1	A	BRAKERILHT00000009867	A
anno1.g8725.t1	A	BRAKERILHT00000010307	A
anno1.g8726.t1	A	BRAKERILHT00000009251	A
anno1.g8727.t1	A	BRAKERILHT00000009702	A
anno1.g8728.t1	A	BRAKERILHT00000010343	A
anno1.g8729.t1	A	BRAKERILHT00000009926	A
anno1.g8730.t2	A	BRAKERILHT00000009353	A
anno1.g8732.t1	A	BRAKERILHT00000008522	A
anno1.g8737.t2	A	BRAKERILHT00000009917	A
anno1.g8740.t1	A	BRAKERILHT00000009083	A
anno1.g8741.t2	A	BRAKERILHT00000010205	A
anno1.g8742.t1	A	BRAKERILHT00000009102	A
anno1.g8743.t1	A	BRAKERILHT00000010182	A
anno1.g8744.t1	A	BRAKERILHT00000009158	A
anno1.g8746.t1	A	BRAKERILHT00000009631	A
anno1.g8747.t1	A	BRAKERILHT00000008965	A
anno1.g8748.t2	A	BRAKERILHT00000009916	A
anno1.g8749.t1	A	BRAKERILHT00000008848	A
anno1.g8751.t1	A	BRAKERILHT00000008869	A
anno1.g8752.t10	A	BRAKERILHT00000008876	A
anno1.g8753.t2	A	BRAKERILHT00000009572	A
anno1.g8754.t1	A	BRAKERILHT00000009494	A
anno1.g8758.t1	A	BRAKERILHT00000009100	A
anno1.g8760.t1	A	BRAKERILHT00000008717	A
anno1.g8761.t1	A	BRAKERILHT00000010376	A
anno1.g8762.t1	A	BRAKERILHT00000010327	A
anno1.g8763.t1	A	BRAKERILHT00000009023	A
anno1.g8764.t1	A	BRAKERILHT00000008511	A
anno1.g8765.t2	A	BRAKERILHT00000010148	A
anno1.g8767.t1	A	BRAKERILHT00000003642	A
anno1.g8768.t2	A	BRAKERILHT00000010101	A
anno1.g8769.t1	A	BRAKERILHT00000009714	A
anno1.g8771.t1	A	BRAKERILHT00000011912	A
anno1.g8772.t1	A	BRAKERILHT00000010266	A
anno1.g8773.t3	A	BRAKERILHT00000008659	A
anno1.g8774.t1	A	BRAKERILHT00000009507	A
anno1.g8775.t2	A	BRAKERILHT00000008689	A
anno1.g8776.t1	A	BRAKERILHT00000009984	A
anno1.g8777.t2	A	BRAKERILHT00000009499	A
anno1.g8778.t2	A	BRAKERILHT00000009588	A
anno1.g8782.t1	A	BRAKERILHT00000009010	A
anno1.g8783.t1	A	BRAKERILHT00000009273	A
anno1.g8784.t1	A	BRAKERILHT00000008757	A
anno1.g8785.t1	A	BRAKERILHT00000009593	A
anno1.g8786.t1	A	BRAKERILHT00000009042	A
anno1.g8787.t2	A	BRAKERILHT00000009813	A
anno1.g8788.t1	A	BRAKERILHT00000010363	A
anno1.g8790.t1	A	BRAKERILHT00000009437	A
anno1.g8801.t2	A	BRAKERILHT00000009389	A
anno1.g8802.t1	A	BRAKERILHT00000009650	A
anno1.g8804.t1	A	BRAKERILHT00000010317	A
anno1.g8806.t1	A	BRAKERILHT00000009698	A
anno1.g8808.t1	A	BRAKERILHT00000009476	A
anno1.g8809.t1	A	BRAKERILHT00000009330	A
anno1.g8811.t1	A	BRAKERILHT00000009737	A
anno1.g8812.t1	A	BRAKERILHT00000009341	A
anno1.g8813.t1	A	BRAKERILHT00000009394	A
anno1.g8816.t1	A	BRAKERILHT00000009075	A
anno1.g8817.t1	A	BRAKERILHT00000009517	A
anno1.g8819.t1	A	BRAKERILHT00000008487	A
anno1.g8822.t1	A	BRAKERILHT00000009577	A
anno1.g8823.t1	A	BRAKERILHT00000009162	A
anno1.g8824.t1	A	BRAKERILHT00000008831	A
anno1.g8825.t1	A	BRAKERILHT00000008606	A
anno1.g8826.t1	A	BRAKERILHT00000010292	A
anno1.g8828.t1	A	BRAKERILHT00000009935	A
anno1.g8831.t1	A	BRAKERILHT00000008691	A
anno1.g8832.t2	A	BRAKERILHT00000009787	A
anno1.g8833.t1	A	BRAKERILHT00000008486	A
anno1.g8835.t2	A	BRAKERILHT00000008846	A
anno1.g8836.t1	A	BRAKERILHT00000009422	A
anno1.g8838.t1	A	BRAKERILHT00000010242	A
anno1.g8839.t1	A	BRAKERILHT00000008803	A
anno1.g8840.t4	A	BRAKERILHT00000009146	A
anno1.g8841.t1	A	BRAKERILHT00000009711	A
anno1.g8843.t1	A	BRAKERILHT00000009922	A
anno1.g8844.t1	A	BRAKERILHT00000007084	A
anno1.g8845.t1	A	BRAKERILHT00000009454	A
anno1.g8846.t1	A	BRAKERILHT00000008886	A
anno1.g8848.t1	A	BRAKERILHT00000009284	A
anno1.g8849.t1	A	BRAKERILHT00000009870	A
anno1.g8850.t1	A	BRAKERILHT00000010388	A
anno1.g8851.t1	A	BRAKERILHT00000008864	A
anno1.g8855.t2	A	BRAKERILHT00000009591	A
anno1.g8857.t2	A	BRAKERILHT00000008773	A
anno1.g8858.t1	A	BRAKERILHT00000009207	A
anno1.g8859.t1	A	BRAKERILHT00000009738	A
anno1.g8860.t1	A	BRAKERILHT00000009891	A
anno1.g8861.t1	A	BRAKERILHT00000008482	A
anno1.g8862.t1	A	BRAKERILHT00000008777	A
anno1.g8864.t2	A	BRAKERILHT00000010408	A
anno1.g8865.t1	A	BRAKERILHT00000009721	A
anno1.g8866.t1	A	BRAKERILHT00000016638	A
anno1.g8867.t1	A	BRAKERILHT00000009779	A
anno1.g8870.t1	A	BRAKERILHT00000009202	A
anno1.g8871.t1	A	BRAKERILHT00000008914	A
anno1.g8872.t1	A	BRAKERILHT00000010295	A
anno1.g8873.t1	A	BRAKERILHT00000009544	A
anno1.g8874.t2	A	BRAKERILHT00000010130	A
anno1.g8877.t1	A	BRAKERILHT00000009654	A
anno1.g8879.t1	A	BRAKERILHT00000013045	A
anno1.g8880.t1	A	BRAKERILHT00000009836	A
anno1.g8883.t1	A	BRAKERILHT00000001569	A
anno1.g8884.t1	A	BRAKERILHT00000009379	A
anno1.g8885.t3	A	BRAKERILHT00000009065	A
anno1.g8891.t4	A	BRAKERILHT00000010211	A
anno1.g8892.t2	A	BRAKERILHT00000009124	A
anno1.g8893.t3	A	BRAKERILHT00000009538	A
anno1.g8895.t1	A	BRAKERILHT00000010072	A
anno1.g8896.t1	A	BRAKERILHT00000009978	A
anno1.g8898.t2	A	BRAKERILHT00000009029	A
anno1.g8900.t1	A	BRAKERILHT00000008493	A
anno1.g8902.t2	A	BRAKERILHT00000010359	A
anno1.g8905.t1	A	BRAKERILHT00000008666	A
anno1.g8906.t1	A	BRAKERILHT00000010178	A
anno1.g8909.t2	A	BRAKERILHT00000009965	A
anno1.g8910.t1	A	BRAKERILHT00000008589	A
anno1.g8911.t1	A	BRAKERILHT00000008974	A
anno1.g8912.t1	A	BRAKERILHT00000008710	A
anno1.g8913.t1	A	BRAKERILHT00000009709	A
anno1.g8914.t1	A	BRAKERILHT00000009566	A
anno1.g8915.t2	A	BRAKERILHT00000008505	A
anno1.g8916.t1	A	BRAKERILHT00000009520	A
anno1.g8917.t1	A	BRAKERILHT00000009879	A
anno1.g8918.t1	A	BRAKERILHT00000010371	A
anno1.g8919.t1	A	BRAKERILHT00000008903	A
anno1.g8920.t2	A	BRAKERILHT00000008565	A
anno1.g8921.t1	A	BRAKERILHT00000008989	A
anno1.g8922.t1	A	BRAKERILHT00000010398	A
anno1.g8923.t1	A	BRAKERILHT00000010254	A
anno1.g8924.t1	A	BRAKERILHT00000009256	A
anno1.g8925.t1	A	BRAKERILHT00000008858	A
anno1.g8930.t1	A	BRAKERILHT00000010120	A
anno1.g8939.t1	A	BRAKERILHT00000010875	A
anno1.g8940.t2	A	BRAKERILHT00000009392	A
anno1.g8944.t1	A	BRAKERILHT00000009590	A
anno1.g8946.t1	A	BRAKERILHT00000008747	A
anno1.g8947.t1	A	BRAKERILHT00000006316	A
anno1.g8950.t1	A	BRAKERILHT00000009869	A
anno1.g8953.t1	A	BRAKERILHT00000009137	A
anno1.g8955.t1	A	BRAKERILHT00000010166	A
anno1.g8956.t1	A	BRAKERILHT00000008768	A
anno1.g8957.t1	A	BRAKERILHT00000010140	A
anno1.g8958.t1	A	BRAKERILHT00000009019	A
anno1.g8960.t2	A	BRAKERILHT00000010103	A
anno1.g8963.t1	A	BRAKERILHT00000009268	A
anno1.g8964.t1	A	BRAKERILHT00000009583	A
anno1.g8965.t2	A	BRAKERILHT00000009522	A
anno1.g8968.t1	A	BRAKERILHT00000010306	A
anno1.g8972.t2	A	BRAKERILHT00000009368	A
anno1.g8974.t1	A	BRAKERILHT00000008576	A
anno1.g8975.t1	A	BRAKERILHT00000008984	A
anno1.g8976.t1	A	BRAKERILHT00000009325	A
anno1.g8985.t1	A	BRAKERILHT00000010142	A
anno1.g8986.t1	A	BRAKERILHT00000010020	A
anno1.g8987.t1	A	BRAKERILHT00000009579	A
anno1.g8988.t1	A	BRAKERILHT00000009670	A
anno1.g8991.t1	A	BRAKERILHT00000010403	A
anno1.g8992.t2	A	BRAKERILHT00000009857	A
anno1.g8995.t1	A	BRAKERILHT00000009343	A
anno1.g8996.t1	A	BRAKERILHT00000008752	A
anno1.g8999.t2	A	BRAKERILHT00000009758	A
anno1.g9006.t1	A	BRAKERILHT00000002293	A
anno1.g9008.t1	A	BRAKERILHT00000010341	A
anno1.g9009.t1	A	BRAKERILHT00000009192	A
anno1.g9010.t3	A	BRAKERILHT00000008627	A
anno1.g9015.t1	A	BRAKERILHT00000009895	A
anno1.g9017.t1	A	BRAKERILHT00000009924	A
anno1.g9018.t1	A	BRAKERILHT00000009508	A
anno1.g9019.t1	A	BRAKERILHT00000008523	A
anno1.g9020.t1	A	BRAKERILHT00000009570	A
anno1.g9022.t2	A	BRAKERILHT00000008838	A
anno1.g9026.t1	A	BRAKERILHT00000009189	A
anno1.g9027.t1	A	BRAKERILHT00000008585	A
anno1.g9029.t1	A	BRAKERILHT00000009804	A
anno1.g9034.t1	A	BRAKERILHT00000009992	A
anno1.g9038.t1	A	BRAKERILHT00000010278	A
anno1.g9040.t1	A	BRAKERILHT00000009487	A
anno1.g9041.t1	A	BRAKERILHT00000010164	A
anno1.g9043.t1	A	BRAKERILHT00000009635	A
anno1.g9044.t1	A	BRAKERILHT00000008641	A
anno1.g9045.t1	A	BRAKERILHT00000009972	A
anno1.g9046.t2	A	BRAKERILHT00000008693	A
anno1.g9049.t1	A	BRAKERILHT00000009923	A
anno1.g9052.t1	A	BRAKERILHT00000009401	A
anno1.g9053.t1	A	BRAKERILHT00000008956	A
anno1.g9054.t1	A	BRAKERILHT00000009793	A
anno1.g9055.t1	A	BRAKERILHT00000010316	A
anno1.g9056.t1	A	BRAKERILHT00000009077	A
anno1.g9057.t1	A	BRAKERILHT00000009630	A
anno1.g9058.t1	A	BRAKERILHT00000009936	A
anno1.g9059.t1	A	BRAKERILHT00000009248	A
anno1.g9060.t1	A	BRAKERILHT00000008804	A
anno1.g9061.t1	A	BRAKERILHT00000009264	A
anno1.g9062.t1	A	BRAKERILHT00000010088	A
anno1.g9063.t1	A	BRAKERILHT00000009038	A
anno1.g9064.t1	A	BRAKERILHT00000009655	A
anno1.g9065.t1	A	BRAKERILHT00000009861	A
anno1.g9066.t1	A	BRAKERILHT00000008590	A
anno1.g9067.t1	A	BRAKERILHT00000009003	A
anno1.g9068.t1	A	BRAKERILHT00000008787	A
anno1.g9069.t2	A	BRAKERILHT00000010303	A
anno1.g9070.t1	A	BRAKERILHT00000009208	A
anno1.g9072.t1	A	BRAKERILHT00000009912	A
anno1.g9073.t1	A	BRAKERILHT00000008544	A
anno1.g9074.t1	A	BRAKERILHT00000009218	A
anno1.g9075.t1	A	BRAKERILHT00000010094	A
anno1.g9077.t1	A	BRAKERILHT00000009628	A
anno1.g9079.t1	A	BRAKERILHT00000009531	A
anno1.g9080.t2	A	BRAKERILHT00000008746	A
anno1.g9081.t1	A	BRAKERILHT00000009412	A
anno1.g9082.t1	A	BRAKERILHT00000009817	A
anno1.g9083.t1	A	BRAKERILHT00000008503	A
anno1.g9084.t1	A	BRAKERILHT00000010054	A
anno1.g9085.t1	A	BRAKERILHT00000009528	A
anno1.g9086.t1	A	BRAKERILHT00000010227	A
anno1.g9087.t2	A	BRAKERILHT00000008929	A
anno1.g9088.t1	A	BRAKERILHT00000010134	A
anno1.g9089.t1	A	BRAKERILHT00000009320	A
anno1.g9090.t1	A	BRAKERILHT00000009898	A
anno1.g9091.t1	A	BRAKERILHT00000009110	A
anno1.g9093.t2	A	BRAKERILHT00000010314	A
anno1.g9095.t1	A	BRAKERILHT00000009382	A
anno1.g9096.t1	A	BRAKERILHT00000009104	A
anno1.g9098.t1	A	BRAKERILHT00000008692	A
anno1.g9099.t1	A	BRAKERILHT00000010114	A
anno1.g9100.t2	A	BRAKERILHT00000009436	A
anno1.g9101.t2	A	BRAKERILHT00000009301	A
anno1.g9102.t1	A	BRAKERILHT00000008920	A
anno1.g9103.t1	A	BRAKERILHT00000008760	A
anno1.g9104.t1	A	BRAKERILHT00000010413	A
anno1.g9105.t1	A	BRAKERILHT00000008485	A
anno1.g9106.t1	A	BRAKERILHT00000010160	A
anno1.g9107.t1	A	BRAKERILHT00000009623	A
anno1.g9109.t1	A	BRAKERILHT00000009292	A
anno1.g9110.t2	A	BRAKERILHT00000009439	A
anno1.g9111.t1	A	BRAKERILHT00000009797	A
anno1.g9113.t1	A	BRAKERILHT00000008623	A
anno1.g9114.t1	A	BRAKERILHT00000009240	A
anno1.g9115.t1	A	BRAKERILHT00000008515	A
anno1.g9116.t2	A	BRAKERILHT00000010050	A
anno1.g9117.t1	A	BRAKERILHT00000010360	A
anno1.g9118.t1	A	BRAKERILHT00000009690	A
anno1.g9119.t1	A	BRAKERILHT00000009120	A
anno1.g9120.t1	A	BRAKERILHT00000008607	A
anno1.g9121.t1	A	BRAKERILHT00000009981	A
anno1.g9122.t1	A	BRAKERILHT00000009547	A
anno1.g9124.t1	A	BRAKERILHT00000008912	A
anno1.g9125.t2	A	BRAKERILHT00000009312	A
anno1.g9126.t1	A	BRAKERILHT00000009835	A
anno1.g9127.t1	A	BRAKERILHT00000010185	A
anno1.g9128.t1	A	BRAKERILHT00000008843	A
anno1.g9129.t1	A	BRAKERILHT00000009275	A
anno1.g9130.t2	A	BRAKERILHT00000009732	A
anno1.g9132.t1	A	BRAKERILHT00000010289	A
anno1.g9133.t1	A	BRAKERILHT00000008751	A
anno1.g9136.t1	A	BRAKERILHT00000009188	A
anno1.g9137.t3	A	BRAKERILHT00000009629	A
anno1.g9138.t1	A	BRAKERILHT00000010075	A
anno1.g9140.t1	A	BRAKERILHT00000008572	A
anno1.g9141.t1	A	BRAKERILHT00000008982	A
anno1.g9142.t1	A	BRAKERILHT00000010407	A
anno1.g9143.t1	A	BRAKERILHT00000008489	A
anno1.g9144.t2	A	BRAKERILHT00000009489	A
anno1.g9145.t2	A	BRAKERILHT00000008638	A
anno1.g9146.t1	A	BRAKERILHT00000012701	A
anno1.g9147.t3	A	BRAKERILHT00000012670	A
anno1.g9148.t1	A	BRAKERILHT00000010224	A
anno1.g9149.t1	A	BRAKERILHT00000009636	A
anno1.g9150.t1	A	BRAKERILHT00000008968	A
anno1.g9151.t1	A	BRAKERILHT00000009265	A
anno1.g9152.t1	A	BRAKERILHT00000010108	A
anno1.g9153.t1	A	BRAKERILHT00000009406	A
anno1.g9154.t1	A	BRAKERILHT00000009093	A
anno1.g9156.t1	A	BRAKERILHT00000009554	A
anno1.g9158.t1	A	BRAKERILHT00000009462	A
anno1.g9159.t2	A	BRAKERILHT00000009885	A
anno1.g9160.t1	A	BRAKERILHT00000002154	A
anno1.g9161.t2	A	BRAKERILHT00000010311	A
anno1.g9162.t2	A	BRAKERILHT00000008737	A
anno1.g9164.t1	A	BRAKERILHT00000010281	A
anno1.g9171.t1	A	BRAKERILHT00000008877	A
anno1.g9173.t1	A	BRAKERILHT00000009865	A
anno1.g9174.t1	A	BRAKERILHT00000010300	A
anno1.g9176.t1	A	BRAKERILHT00000010223	A
anno1.g9178.t1	A	BRAKERILHT00000008368	A
anno1.g9179.t1	A	BRAKERILHT00000010276	A
anno1.g9180.t1	A	BRAKERILHT00000009493	A
anno1.g9184.t1	A	BRAKERILHT00000010059	A
anno1.g9186.t1	A	BRAKERILHT00000008798	A
anno1.g9187.t1	A	BRAKERILHT00000008958	A
anno1.g9192.t1	A	BRAKERILHT00000009988	A
anno1.g9193.t1	A	BRAKERILHT00000008817	A
anno1.g9194.t1	A	BRAKERILHT00000010282	A
anno1.g9195.t1	A	BRAKERILHT00000009396	A
anno1.g9197.t1	A	BRAKERILHT00000009842	A
anno1.g9198.t1	A	BRAKERILHT00000009178	A
anno1.g9199.t2	A	BRAKERILHT00000009608	A
anno1.g9206.t1	A	BRAKERILHT00000010062	A
anno1.g9207.t2	A	BRAKERILHT00000009407	A
anno1.g9208.t1	A	BRAKERILHT00000011749	A
anno1.g9209.t1	A	BRAKERILHT00000008676	A
anno1.g9210.t1	A	BRAKERILHT00000010225	A
anno1.g9211.t2	A	BRAKERILHT00000008941	A
anno1.g9212.t1	A	BRAKERILHT00000009339	A
anno1.g9213.t1	A	BRAKERILHT00000009527	A
anno1.g9214.t1	A	BRAKERILHT00000009759	A
anno1.g9215.t1	A	BRAKERILHT00000008696	A
anno1.g9216.t1	A	BRAKERILHT00000010096	A
anno1.g9217.t1	A	BRAKERILHT00000010212	A
anno1.g9219.t2	A	BRAKERILHT00000008832	A
anno1.g9221.t1	A	BRAKERILHT00000008529	A
anno1.g9222.t1	A	BRAKERILHT00000010043	A
anno1.g9223.t1	A	BRAKERILHT00000009596	A
anno1.g9224.t1	A	BRAKERILHT00000009605	A
anno1.g9225.t2	A	BRAKERILHT00000009826	A
anno1.g9226.t1	A	BRAKERILHT00000009352	A
anno1.g9227.t1	A	BRAKERILHT00000009550	A
anno1.g9232.t1	A	BRAKERILHT00000008966	A
anno1.g9233.t1	A	BRAKERILHT00000000624	A
anno1.g9235.t1	A	BRAKERILHT00000013516	A
anno1.g9236.t1	A	BRAKERILHT00000009969	A
anno1.g9238.t1	A	BRAKERILHT00000010184	A
anno1.g9239.t1	A	BRAKERILHT00000009140	A
anno1.g9240.t3	A	BRAKERILHT00000010045	A
anno1.g9241.t4	A	BRAKERILHT00000010353	A
anno1.g9242.t2	A	BRAKERILHT00000010159	A
anno1.g9243.t1	A	BRAKERILHT00000004279	A
anno1.g9245.t1	A	BRAKERILHT00000000766	A
anno1.g9246.t1	A	BRAKERILHT00000009615	A
anno1.g9247.t2	A	BRAKERILHT00000008884	A
anno1.g9248.t1	A	BRAKERILHT00000008596	A
anno1.g9249.t1	A	BRAKERILHT00000010042	A
anno1.g9250.t1	A	BRAKERILHT00000009048	A
anno1.g9251.t1	A	BRAKERILHT00000009278	A
anno1.g9253.t1	A	BRAKERILHT00000009152	A
anno1.g9257.t3	A	BRAKERILHT00000009165	A
anno1.g9259.t1	A	BRAKERILHT00000009619	A
anno1.g9260.t1	A	BRAKERILHT00000010234	A
anno1.g9261.t1	A	BRAKERILHT00000008854	A
anno1.both_agree_g20916.t1	A	BRAKERILHT00000009428	A
anno1.g9265.t1	A	BRAKERILHT00000008728	A
anno1.g9268.t1	A	BRAKERILHT00000009880	A
anno1.g9269.t1	A	BRAKERILHT00000009581	A
anno1.g9270.t3	A	BRAKERILHT00000008748	A
anno1.g9271.t1	A	BRAKERILHT00000009657	A
anno1.g9272.t1	A	BRAKERILHT00000009305	A
anno1.g9273.t1	A	BRAKERILHT00000009897	A
anno1.g9274.t1	A	BRAKERILHT00000009850	A
anno1.g9275.t1	A	BRAKERILHT00000010319	A
anno1.g9276.t1	A	BRAKERILHT00000009674	A
anno1.g9277.t1	A	BRAKERILHT00000009005	A
anno1.g9278.t1	A	BRAKERILHT00000010085	A
anno1.g9279.t1	A	BRAKERILHT00000009641	A
anno1.g9280.t1	A	BRAKERILHT00000010008	A
anno1.g9281.t1	A	BRAKERILHT00000009756	A
anno1.g9282.t1	A	BRAKERILHT00000010018	A
anno1.g9283.t1	A	BRAKERILHT00000009461	A
anno1.g9284.t2	A	BRAKERILHT00000008872	A
anno1.g9285.t2	A	BRAKERILHT00000009735	A
anno1.g9286.t1	A	BRAKERILHT00000009126	A
anno1.g9287.t1	A	BRAKERILHT00000008600	A
anno1.g9288.t1	A	BRAKERILHT00000009166	A
anno1.g9289.t2	A	BRAKERILHT00000008830	A
anno1.g9290.t1	A	BRAKERILHT00000009782	A
anno1.g9291.t1	A	BRAKERILHT00000010348	A
anno1.g9292.t1	A	BRAKERILHT00000009967	A
anno1.g9294.t1	A	BRAKERILHT00000009232	A
anno1.g9295.t1	A	BRAKERILHT00000008675	A
anno1.g9297.t4	A	BRAKERILHT00000009496	A
anno1.g9298.t1	A	BRAKERILHT00000009925	A
anno1.g9299.t1	A	BRAKERILHT00000008673	A
anno1.g9300.t1	A	BRAKERILHT00000009086	A
anno1.g9301.t1	A	BRAKERILHT00000010210	A
anno1.g9306.t1	A	BRAKERILHT00000009350	A
anno1.g9308.t1	A	BRAKERILHT00000009532	A
anno1.g9309.t1	A	BRAKERILHT00000008731	A
anno1.g9310.t2	A	BRAKERILHT00000010239	A
anno1.g9312.t1	A	BRAKERILHT00000009557	A
anno1.g9314.t1	A	BRAKERILHT00000017976	X
anno1.g9315.t1	A	BRAKERILHT00000008526	A
anno1.g9316.t1	A	BRAKERILHT00000010031	A
anno1.g9317.t1	A	BRAKERILHT00000008990	A
anno1.g9318.t1	A	BRAKERILHT00000008962	A
anno1.g9319.t1	A	BRAKERILHT00000009142	A
anno1.g9320.t1	A	BRAKERILHT00000009792	A
anno1.g9321.t2	A	BRAKERILHT00000009413	A
anno1.g9322.t1	A	BRAKERILHT00000008893	A
anno1.g9323.t1	A	BRAKERILHT00000008662	A
anno1.g9324.t1	A	BRAKERILHT00000009513	A
anno1.g9325.t1	A	BRAKERILHT00000009949	A
anno1.g9326.t1	A	BRAKERILHT00000008902	A
anno1.g9327.t3	A	BRAKERILHT00000009308	A
anno1.g9328.t1	A	BRAKERILHT00000009356	A
anno1.g9329.t1	A	BRAKERILHT00000008586	A
anno1.g9330.t1	A	BRAKERILHT00000010349	A
anno1.g9333.t1	A	BRAKERILHT00000009762	A
anno1.g9336.t2	A	BRAKERILHT00000010091	A
anno1.g9337.t1	A	BRAKERILHT00000009288	A
anno1.g9338.t1	A	BRAKERILHT00000010358	A
anno1.g9339.t1	A	BRAKERILHT00000009747	A
anno1.g9340.t2	A	BRAKERILHT00000008492	A
anno1.g9341.t1	A	BRAKERILHT00000010006	A
anno1.g9344.t2	A	BRAKERILHT00000009652	A
anno1.g9347.t1	A	BRAKERILHT00000008866	A
anno1.g9348.t1	A	BRAKERILHT00000008556	A
anno1.g9349.t1	A	BRAKERILHT00000009944	A
anno1.g9350.t1	A	BRAKERILHT00000008937	A
anno1.g9351.t1	A	BRAKERILHT00000010331	A
anno1.g9353.t2	A	BRAKERILHT00000000235	A
anno1.g9354.t1	A	BRAKERILHT00000009404	A
anno1.g9355.t1	A	BRAKERILHT00000010222	A
anno1.g9357.t1	A	BRAKERILHT00000009014	A
anno1.g9358.t1	A	BRAKERILHT00000008917	A
anno1.g9359.t1	A	BRAKERILHT00000009930	A
anno1.g9360.t1	A	BRAKERILHT00000009526	A
anno1.g9361.t1	A	BRAKERILHT00000008643	A
anno1.g9362.t2	A	BRAKERILHT00000009319	A
anno1.g9363.t1	A	BRAKERILHT00000009768	A
anno1.g9364.t1	A	BRAKERILHT00000009546	A
anno1.g9366.t1	A	BRAKERILHT00000010333	A
anno1.g9367.t1	A	BRAKERILHT00000010362	A
anno1.g9368.t1	A	BRAKERILHT00000008480	A
anno1.g9369.t1	A	BRAKERILHT00000009050	A
anno1.g9370.t1	A	BRAKERILHT00000008882	A
anno1.g9371.t1	A	BRAKERILHT00000009680	A
anno1.g9372.t1	A	BRAKERILHT00000010272	A
anno1.g9373.t2	A	BRAKERILHT00000009096	A
anno1.g9374.t2	A	BRAKERILHT00000010040	A
anno1.g9375.t1	A	BRAKERILHT00000009726	A
anno1.g9376.t1	A	BRAKERILHT00000008795	A
anno1.g9377.t2	A	BRAKERILHT00000010084	A
anno1.g9378.t2	A	BRAKERILHT00000009918	A
anno1.g9379.t1	A	BRAKERILHT00000008510	A
anno1.g9380.t3	A	BRAKERILHT00000008835	A
anno1.g9381.t1	A	BRAKERILHT00000010332	A
anno1.g9382.t1	A	BRAKERILHT00000009647	A
anno1.g9383.t1	A	BRAKERILHT00000009194	A
anno1.g9386.t1	A	BRAKERILHT00000010248	A
anno1.g9389.t1	A	BRAKERILHT00000009488	A
anno1.g9390.t1	A	BRAKERILHT00000009293	A
anno1.g9391.t2	A	BRAKERILHT00000008992	A
anno1.g9394.t1	A	BRAKERILHT00000009911	A
anno1.g9395.t1	A	BRAKERILHT00000009576	A
anno1.g9396.t1	A	BRAKERILHT00000009007	A
anno1.g9397.t1	A	BRAKERILHT00000008789	A
anno1.g9398.t1	A	BRAKERILHT00000009877	A
anno1.g9399.t1	A	BRAKERILHT00000010284	A
anno1.g9403.t1	A	BRAKERILHT00000009199	A
anno1.g9405.t1	A	BRAKERILHT00000009894	A
anno1.g9406.t1	A	BRAKERILHT00000010308	A
anno1.g9407.t1	A	BRAKERILHT00000008608	A
anno1.g9408.t1	A	BRAKERILHT00000009622	A
anno1.g9409.t1	A	BRAKERILHT00000008771	A
anno1.g9410.t1	A	BRAKERILHT00000010209	A
anno1.g9412.t1	A	BRAKERILHT00000009881	A
anno1.g9413.t1	A	BRAKERILHT00000009167	A
anno1.g9414.t1	A	BRAKERILHT00000008682	A
anno1.g9415.t1	A	BRAKERILHT00000008720	A
anno1.g9416.t1	A	BRAKERILHT00000009243	A
anno1.g9418.t1	A	BRAKERILHT00000013869	A
anno1.g9419.t1	A	BRAKERILHT00000010158	A
anno1.g9420.t2	A	BRAKERILHT00000009044	A
anno1.g9421.t1	A	BRAKERILHT00000008512	A
anno1.g9422.t1	A	BRAKERILHT00000008772	A
anno1.g9423.t1	A	BRAKERILHT00000009592	A
anno1.g9424.t1	A	BRAKERILHT00000010143	A
anno1.g9425.t1	A	BRAKERILHT00000008715	A
anno1.g9426.t1	A	BRAKERILHT00000009253	A
anno1.g9427.t1	A	BRAKERILHT00000010167	A
anno1.g9428.t1	A	BRAKERILHT00000008535	A
anno1.g9429.t2	A	BRAKERILHT00000010372	A
anno1.g9430.t1	A	BRAKERILHT00000010001	A
anno1.g9431.t1	A	BRAKERILHT00000009684	A
anno1.g9434.t2	A	BRAKERILHT00000009427	A
anno1.g9437.t1	A	BRAKERILHT00000009380	A
anno1.g9438.t8	A	BRAKERILHT00000008564	A
anno1.g9439.t1	A	BRAKERILHT00000010313	A
anno1.g9440.t2	A	BRAKERILHT00000009892	A
anno1.g9441.t1	A	BRAKERILHT00000009183	A
anno1.g9442.t1	A	BRAKERILHT00000009015	A
anno1.g9446.t1	A	BRAKERILHT00000008488	A
anno1.g9447.t1	A	BRAKERILHT00000010117	A
anno1.g9450.t1	A	BRAKERILHT00000008907	A
anno1.g9451.t1	A	BRAKERILHT00000010346	A
anno1.g9452.t1	A	BRAKERILHT00000009950	A
anno1.g9453.t1	A	BRAKERILHT00000010255	A
anno1.g9454.t1	A	BRAKERILHT00000009486	A
anno1.g9455.t1	A	BRAKERILHT00000011283	A
anno1.g9456.t1	A	BRAKERILHT00000009108	A
anno1.g9457.t1	A	BRAKERILHT00000008736	A
anno1.g9458.t2	A	BRAKERILHT00000010206	A
anno1.g9459.t1	A	BRAKERILHT00000009770	A
anno1.g9462.t1	A	BRAKERILHT00000009277	A
anno1.g9463.t1	A	BRAKERILHT00000008745	A
anno1.g9464.t1	A	BRAKERILHT00000008571	A
anno1.g9465.t1	A	BRAKERILHT00000009957	A
anno1.g9467.t1	A	BRAKERILHT00000009678	A
anno1.g9468.t1	A	BRAKERILHT00000009112	A
anno1.g9469.t1	A	BRAKERILHT00000008781	A
anno1.g9470.t1	A	BRAKERILHT00000008996	A
anno1.g9471.t1	A	BRAKERILHT00000010086	A
anno1.g9472.t1	A	BRAKERILHT00000008779	A
anno1.g9473.t1	A	BRAKERILHT00000010065	A
anno1.g9474.t1	A	BRAKERILHT00000008678	A
anno1.g9475.t1	A	BRAKERILHT00000008961	A
anno1.g9476.t1	A	BRAKERILHT00000009144	A
anno1.g9477.t2	A	BRAKERILHT00000009434	A
anno1.g9478.t1	A	BRAKERILHT00000010002	A
anno1.g9479.t1	A	BRAKERILHT00000008945	A
anno1.g9480.t1	A	BRAKERILHT00000009296	A
anno1.g9481.t1	A	BRAKERILHT00000009775	A
anno1.g9482.t1	A	BRAKERILHT00000009403	A
anno1.g9483.t1	A	BRAKERILHT00000009833	A
anno1.g9484.t1	A	BRAKERILHT00000008575	A
anno1.g9485.t2	A	BRAKERILHT00000008979	A
anno1.g9486.t1	A	BRAKERILHT00000009675	A
anno1.g9487.t1	A	BRAKERILHT00000010095	A
anno1.g9488.t2	A	BRAKERILHT00000008939	A
anno1.g9489.t2	A	BRAKERILHT00000009307	A
anno1.g9494.t1	A	BRAKERILHT00000008977	A
anno1.g9495.t1	A	BRAKERILHT00000009827	A
anno1.g9496.t2	A	BRAKERILHT00000009411	A
anno1.g9498.t1	A	BRAKERILHT00000008580	A
anno1.g9500.t1	A	BRAKERILHT00000009323	A
anno1.g9501.t1	A	BRAKERILHT00000009136	A
anno1.g9503.t3	A	BRAKERILHT00000009387	A
anno1.g9504.t2	A	BRAKERILHT00000008855	A
anno1.g9506.t2	A	BRAKERILHT00000010236	A
anno1.g9508.t1	A	BRAKERILHT00000009687	A
anno1.g9509.t1	A	BRAKERILHT00000008548	A
anno1.g9511.t1	A	BRAKERILHT00000008883	A
anno1.g9512.t1	A	BRAKERILHT00000009360	A
anno1.g9515.t1	A	BRAKERILHT00000009644	A
anno1.g9516.t1	A	BRAKERILHT00000010391	A
anno1.g9522.t1	A	BRAKERILHT00000010005	A
anno1.g9523.t1	A	BRAKERILHT00000009180	A
anno1.g9524.t1	A	BRAKERILHT00000009026	A
anno1.g9525.t1	A	BRAKERILHT00000010326	A
anno1.g9526.t3	A	BRAKERILHT00000010328	A
anno1.g9527.t1	A	BRAKERILHT00000008938	A
anno1.g9528.t1	A	BRAKERILHT00000009227	A
anno1.g9529.t2	A	BRAKERILHT00000009069	A
anno1.g9530.t1	A	BRAKERILHT00000009610	A
anno1.g9531.t1	A	BRAKERILHT00000009946	A
anno1.g9532.t1	A	BRAKERILHT00000008539	A
anno1.g9534.t1	A	BRAKERILHT00000009334	A
anno1.g9540.t1	A	BRAKERILHT00000001611	A
anno1.g9544.t1	A	BRAKERILHT00000010092	A
anno1.g9545.t1	A	BRAKERILHT00000010263	A
anno1.g9546.t1	A	BRAKERILHT00000010334	A
anno1.g9547.t3	A	BRAKERILHT00000008942	A
anno1.g9548.t2	A	BRAKERILHT00000008552	A
anno1.g9549.t2	A	BRAKERILHT00000009951	A
anno1.g9551.t1	A	BRAKERILHT00000009066	A
anno1.g9552.t1	A	BRAKERILHT00000008999	A
anno1.g9554.t1	A	BRAKERILHT00000009772	A
anno1.g9555.t1	A	BRAKERILHT00000010189	A
anno1.g9556.t2	A	BRAKERILHT00000009151	A
anno1.g9557.t1	A	BRAKERILHT00000009587	A
anno1.g9558.t1	A	BRAKERILHT00000008836	A
anno1.g9559.t1	A	BRAKERILHT00000009242	A
anno1.g9560.t1	A	BRAKERILHT00000008826	A
anno1.g9561.t1	A	BRAKERILHT00000008729	A
anno1.g9562.t2	A	BRAKERILHT00000009634	A
anno1.g9563.t1	A	BRAKERILHT00000008557	A
anno1.g9564.t4	A	BRAKERILHT00000010011	A
anno1.g9565.t1	A	BRAKERILHT00000008582	A
anno1.g9567.t1	A	BRAKERILHT00000009122	A
anno1.g9569.t1	A	BRAKERILHT00000009734	A
anno1.g9570.t1	A	BRAKERILHT00000009017	A
anno1.g9571.t1	A	BRAKERILHT00000008797	A
anno1.g9572.t1	A	BRAKERILHT00000010170	A
anno1.g9573.t1	A	BRAKERILHT00000010339	A
anno1.g9574.t2	A	BRAKERILHT00000008520	A
anno1.g9575.t1	A	BRAKERILHT00000009466	A
anno1.g9576.t1	A	BRAKERILHT00000010007	A
anno1.g9577.t1	A	BRAKERILHT00000008887	A
anno1.g9578.t1	A	BRAKERILHT00000009393	A
anno1.g9579.t1	A	BRAKERILHT00000009469	A
anno1.g9580.t1	A	BRAKERILHT00000009365	A
anno1.g9581.t2	A	BRAKERILHT00000009571	A
anno1.g9582.t1	A	BRAKERILHT00000009696	A
anno1.g9583.t1	A	BRAKERILHT00000010396	A
anno1.g9584.t1	A	BRAKERILHT00000009551	A
anno1.g9585.t2	A	BRAKERILHT00000008709	A
anno1.g9586.t1	A	BRAKERILHT00000009106	A
anno1.g9587.t1	A	BRAKERILHT00000009562	A
anno1.g9588.t1	A	BRAKERILHT00000010251	A
anno1.g9589.t1	A	BRAKERILHT00000010375	A
anno1.g9590.t1	A	BRAKERILHT00000010273	A
anno1.g9591.t1	A	BRAKERILHT00000009145	A
anno1.g9592.t1	A	BRAKERILHT00000008897	A
anno1.g9594.t2	A	BRAKERILHT00000010048	A
anno1.g9595.t3	A	BRAKERILHT00000008629	A
anno1.g9596.t1	A	BRAKERILHT00000009448	A
anno1.g9597.t1	A	BRAKERILHT00000009138	A
anno1.g9599.t1	A	BRAKERILHT00000009993	A
anno1.g9600.t1	A	BRAKERILHT00000008499	A
anno1.g9602.t1	A	BRAKERILHT00000009704	A
anno1.g9603.t1	A	BRAKERILHT00000008668	A
anno1.g9605.t1	A	BRAKERILHT00000009701	A
anno1.g9606.t1	A	BRAKERILHT00000010233	A
anno1.g9607.t1	A	BRAKERILHT00000009381	A
anno1.g9608.t1	A	BRAKERILHT00000009470	A
anno1.g9609.t1	A	BRAKERILHT00000010037	A
anno1.g9610.t1	A	BRAKERILHT00000008657	A
anno1.g9611.t1	A	BRAKERILHT00000009089	A
anno1.g9612.t1	A	BRAKERILHT00000009769	A
anno1.g9613.t1	A	BRAKERILHT00000010199	A
anno1.g9614.t2	A	BRAKERILHT00000009002	A
anno1.g9615.t1	A	BRAKERILHT00000010352	A
anno1.g9616.t1	A	BRAKERILHT00000009033	A
anno1.g9617.t1	A	BRAKERILHT00000009810	A
anno1.g9618.t1	A	BRAKERILHT00000009666	A
anno1.g9619.t1	A	BRAKERILHT00000008755	A
anno1.g9620.t1	A	BRAKERILHT00000009385	A
anno1.g9622.t1	A	BRAKERILHT00000010221	A
anno1.g9623.t1	A	BRAKERILHT00000008988	A
anno1.g9624.t1	A	BRAKERILHT00000008685	A
anno1.g9625.t1	A	BRAKERILHT00000009771	A
anno1.g9626.t1	A	BRAKERILHT00000008954	A
anno1.g9627.t1	A	BRAKERILHT00000008615	A
anno1.g9628.t3	A	BRAKERILHT00000009999	A
anno1.g9629.t1	A	BRAKERILHT00000009348	A
anno1.g9630.t2	A	BRAKERILHT00000009424	A
anno1.g9634.t1	A	BRAKERILHT00000008881	A
anno1.g9635.t1	A	BRAKERILHT00000010260	A
anno1.g9636.t1	A	BRAKERILHT00000009707	A
anno1.g9637.t1	A	BRAKERILHT00000010154	A
anno1.g9638.t1	A	BRAKERILHT00000008508	A
anno1.g9639.t1	A	BRAKERILHT00000010257	A
anno1.g9640.t1	A	BRAKERILHT00000008630	A
anno1.g9641.t1	A	BRAKERILHT00000009755	A
anno1.g9644.t1	A	BRAKERILHT00000009444	A
anno1.g9646.t1	A	BRAKERILHT00000006308	A
anno1.g9647.t2	A	BRAKERILHT00000009409	A
anno1.g9648.t1	A	BRAKERILHT00000009766	A
anno1.g9649.t1	A	BRAKERILHT00000009211	A
anno1.g9650.t1	A	BRAKERILHT00000008904	A
anno1.g9651.t1	A	BRAKERILHT00000009824	A
anno1.g9652.t1	A	BRAKERILHT00000010030	A
anno1.g9654.t1	A	BRAKERILHT00000008946	A
anno1.g9655.t2	A	BRAKERILHT00000010340	A
anno1.g9656.t1	A	BRAKERILHT00000009433	A
anno1.g9657.t1	A	BRAKERILHT00000009370	A
anno1.g9658.t1	A	BRAKERILHT00000010152	A
anno1.g9659.t1	A	BRAKERILHT00000009717	A
anno1.g9661.t1	A	BRAKERILHT00000009501	A
anno1.g9663.t2	A	BRAKERILHT00000009906	A
anno1.g9664.t1	A	BRAKERILHT00000010198	A
anno1.g9665.t2	A	BRAKERILHT00000010093	A
anno1.g9666.t1	A	BRAKERILHT00000009006	A
anno1.g9669.t3	A	BRAKERILHT00000010301	A
anno1.g9670.t1	A	BRAKERILHT00000008688	A
anno1.g9671.t1	A	BRAKERILHT00000009976	A
anno1.g9673.t1	A	BRAKERILHT00000009669	A
anno1.g9674.t1	A	BRAKERILHT00000009115	A
anno1.g9676.t1	A	BRAKERILHT00000008796	A
anno1.g9677.t1	A	BRAKERILHT00000010274	A
anno1.g9679.t1	A	BRAKERILHT00000009328	A
anno1.g9680.t1	A	BRAKERILHT00000009871	A
anno1.g9681.t1	A	BRAKERILHT00000008640	A
anno1.g9682.t1	A	BRAKERILHT00000008998	A
anno1.g9684.t2	A	BRAKERILHT00000010044	A
anno1.g9685.t1	A	BRAKERILHT00000010197	A
anno1.g9686.t1	A	BRAKERILHT00000009155	A
anno1.g9687.t1	A	BRAKERILHT00000008994	A
anno1.g9688.t2	A	BRAKERILHT00000010090	A
anno1.g9689.t2	A	BRAKERILHT00000008546	A
anno1.g9690.t1	A	BRAKERILHT00000017494	X
anno1.g9692.t1	A	BRAKERILHT00000009940	A
anno1.g9693.t1	A	BRAKERILHT00000009116	A
anno1.g9694.t2	A	BRAKERILHT00000008601	A
anno1.g9695.t1	A	BRAKERILHT00000008740	A
anno1.g9696.t2	A	BRAKERILHT00000009668	A
anno1.g9697.t1	A	BRAKERILHT00000009289	A
anno1.g9698.t1	A	BRAKERILHT00000008528	A
anno1.g9699.t1	A	BRAKERILHT00000009597	A
anno1.g9700.t2	A	BRAKERILHT00000010245	A
anno1.g9701.t1	A	BRAKERILHT00000009561	A
anno1.g9702.t1	A	BRAKERILHT00000008915	A
anno1.g9703.t1	A	BRAKERILHT00000009980	A
anno1.g9704.t1	A	BRAKERILHT00000009815	A
anno1.g9705.t1	A	BRAKERILHT00000010365	A
anno1.g9706.t1	A	BRAKERILHT00000008497	A
anno1.g9707.t2	A	BRAKERILHT00000009037	A
anno1.g9709.t1	A	BRAKERILHT00000009612	A
anno1.g9710.t3	A	BRAKERILHT00000010172	A
anno1.g9711.t3	A	BRAKERILHT00000009241	A
anno1.g9712.t1	A	BRAKERILHT00000010100	A
anno1.g9713.t1	A	BRAKERILHT00000009216	A
anno1.g9714.t1	A	BRAKERILHT00000010390	A
anno1.g9715.t2	A	BRAKERILHT00000009425	A
anno1.g9716.t1	A	BRAKERILHT00000009740	A
anno1.g9717.t1	A	BRAKERILHT00000011909	A
anno1.g9719.t2	A	BRAKERILHT00000010297	A
anno1.g9721.t1	A	BRAKERILHT00000009708	A
anno1.g9722.t1	A	BRAKERILHT00000010235	A
anno1.g9723.t1	A	BRAKERILHT00000009831	A
anno1.g9724.t1	A	BRAKERILHT00000008700	A
anno1.g9725.t1	A	BRAKERILHT00000009790	A
anno1.g9726.t1	A	BRAKERILHT00000008622	A
anno1.g9727.t1	A	BRAKERILHT00000009677	A
anno1.g9729.t1	A	BRAKERILHT00000009927	A
anno1.g9731.t1	A	BRAKERILHT00000010267	A
anno1.g9732.t1	A	BRAKERILHT00000009105	A
anno1.g9733.t2	A	BRAKERILHT00000008933	A
anno1.g9734.t1	A	BRAKERILHT00000009182	A
anno1.g9735.t1	A	BRAKERILHT00000008648	A
anno1.g9736.t1	A	BRAKERILHT00000009799	A
anno1.g9737.t1	A	BRAKERILHT00000009000	A
anno1.g9738.t1	A	BRAKERILHT00000009533	A
anno1.g9739.t1	A	BRAKERILHT00000009091	A
anno1.g9740.t2	A	BRAKERILHT00000009168	A
anno1.g9741.t1	A	BRAKERILHT00000009695	A
anno1.g9742.t1	A	BRAKERILHT00000008650	A
anno1.g9744.t1	A	BRAKERILHT00000010238	A
anno1.g9745.t2	A	BRAKERILHT00000009076	A
anno1.g9746.t1	A	BRAKERILHT00000009646	A
anno1.g9747.t1	A	BRAKERILHT00000010034	A
anno1.g9748.t1	A	BRAKERILHT00000010039	A
anno1.g9749.t1	A	BRAKERILHT00000009902	A
anno1.g9750.t1	A	BRAKERILHT00000010029	A
anno1.g9751.t2	A	BRAKERILHT00000008518	A
anno1.g9752.t1	A	BRAKERILHT00000009886	A
anno1.g9753.t1	A	BRAKERILHT00000009161	A
anno1.g9754.t2	A	BRAKERILHT00000008513	A
anno1.g9755.t1	A	BRAKERILHT00000008967	A
anno1.g9756.t1	A	BRAKERILHT00000009503	A
anno1.g9757.t1	A	BRAKERILHT00000008963	A
anno1.g9758.t2	A	BRAKERILHT00000008674	A
anno1.g9759.t1	A	BRAKERILHT00000008620	A
anno1.g9760.t1	A	BRAKERILHT00000008878	A
anno1.g9761.t1	A	BRAKERILHT00000009516	A
anno1.g9763.t1	A	BRAKERILHT00000010378	A
anno1.g9764.t1	A	BRAKERILHT00000008517	A
anno1.g9766.t1	A	BRAKERILHT00000010173	A
anno1.g9773.t1	A	BRAKERILHT00000006300	A
anno1.g9775.t1	A	BRAKERILHT00000006396	A
anno1.g9779.t1	A	BRAKERILHT00000007804	A
anno1.g9780.t3	A	BRAKERILHT00000010373	A
anno1.g9785.t2	A	BRAKERILHT00000008561	A
anno1.g9786.t3	A	BRAKERILHT00000010019	A
anno1.g9787.t1	A	BRAKERILHT00000010203	A
anno1.g9788.t1	A	BRAKERILHT00000010337	A
anno1.g9789.t2	A	BRAKERILHT00000009475	A
anno1.g9790.t1	A	BRAKERILHT00000010394	A
anno1.g9791.t1	A	BRAKERILHT00000009620	A
anno1.g9792.t1	A	BRAKERILHT00000009239	A
anno1.g9793.t1	A	BRAKERILHT00000010111	A
anno1.g9794.t2	A	BRAKERILHT00000009564	A
anno1.g9796.t1	A	BRAKERILHT00000008567	A
anno1.g9804.t1	A	BRAKERILHT00000006216	A
anno1.g9805.t1	A	BRAKERILHT00000014813	A
anno1.g9807.t1	A	BRAKERILHT00000008805	A
anno1.g9808.t1	A	BRAKERILHT00000009061	A
anno1.g9809.t1	A	BRAKERILHT00000009490	A
anno1.g9810.t1	A	BRAKERILHT00000009818	A
anno1.g9811.t1	A	BRAKERILHT00000008540	A
anno1.g9812.t1	A	BRAKERILHT00000010204	A
anno1.g9813.t2	A	BRAKERILHT00000009582	A
anno1.g9814.t1	A	BRAKERILHT00000009092	A
anno1.g9816.t1	A	BRAKERILHT00000009059	A
anno1.g9817.t1	A	BRAKERILHT00000010296	A
anno1.g9818.t4	A	BRAKERILHT00000008494	A
anno1.g9819.t2	A	BRAKERILHT00000009369	A
anno1.g9820.t1	A	BRAKERILHT00000009764	A
anno1.g9821.t1	A	BRAKERILHT00000010176	A
anno1.g9822.t1	A	BRAKERILHT00000008750	A
anno1.g9823.t1	A	BRAKERILHT00000009658	A
anno1.g9825.t1	A	BRAKERILHT00000008637	A
anno1.g9826.t1	A	BRAKERILHT00000010128	A
anno1.g9827.t2	A	BRAKERILHT00000009676	A
anno1.g9828.t1	A	BRAKERILHT00000008997	A
anno1.g9830.t1	A	BRAKERILHT00000008833	A
anno1.g9831.t1	A	BRAKERILHT00000010354	A
anno1.g9832.t1	A	BRAKERILHT00000009457	A
anno1.g9835.t1	A	BRAKERILHT00000009429	A
anno1.g9836.t1	A	BRAKERILHT00000008890	A
anno1.g9837.t1	A	BRAKERILHT00000009435	A
anno1.g9838.t1	A	BRAKERILHT00000009129	A
anno1.g9839.t1	A	BRAKERILHT00000008628	A
anno1.g9842.t1	A	BRAKERILHT00000009331	A
anno1.g9843.t3	A	BRAKERILHT00000010217	A
anno1.g9845.t1	A	BRAKERILHT00000009471	A
anno1.g9846.t1	A	BRAKERILHT00000008948	A
anno1.g9847.t1	A	BRAKERILHT00000010155	A
anno1.g9848.t1	A	BRAKERILHT00000009078	A
anno1.g9849.t1	A	BRAKERILHT00000010338	A
anno1.g9851.t1	A	BRAKERILHT00000008714	A
anno1.g9852.t1	A	BRAKERILHT00000009347	A
anno1.g9853.t1	A	BRAKERILHT00000009812	A
anno1.g9854.t1	A	BRAKERILHT00000010318	A
anno1.g9855.t1	A	BRAKERILHT00000008784	A
anno1.g9857.t2	A	BRAKERILHT00000008931	A
anno1.g9861.t1	A	BRAKERILHT00000010258	A
anno1.g9865.t1	A	BRAKERILHT00000010056	A
anno1.g9866.t1	A	BRAKERILHT00000008811	A
anno1.g9869.t1	A	BRAKERILHT00000009795	A
anno1.g9870.t1	A	BRAKERILHT00000010196	A
anno1.g9871.t1	A	BRAKERILHT00000008690	A
anno1.g9872.t1	A	BRAKERILHT00000010055	A
anno1.g9874.t2	A	BRAKERILHT00000010325	A
anno1.g9876.t1	A	BRAKERILHT00000009909	A
anno1.g9877.t2	A	BRAKERILHT00000009234	A
anno1.g9878.t1	A	BRAKERILHT00000009727	A
anno1.g9879.t1	A	BRAKERILHT00000009728	A
anno1.g9881.t1	A	BRAKERILHT00000010024	A
anno1.g9882.t1	A	BRAKERILHT00000009397	A
anno1.g9883.t2	A	BRAKERILHT00000009931	A
anno1.g9884.t1	A	BRAKERILHT00000009609	A
anno1.g9886.t2	A	BRAKERILHT00000009062	A
anno1.g9887.t1	A	BRAKERILHT00000008516	A
anno1.g9888.t1	A	BRAKERILHT00000010395	A
anno1.g9889.t1	A	BRAKERILHT00000010125	A
anno1.g9891.t1	A	BRAKERILHT00000009574	A
anno1.g9892.t1	A	BRAKERILHT00000008502	A
anno1.g9893.t1	A	BRAKERILHT00000010269	A
anno1.g9894.t1	A	BRAKERILHT00000008611	A
anno1.g9895.t2	A	BRAKERILHT00000009125	A
anno1.g9899.t1	A	BRAKERILHT00000008609	A
anno1.g9906.t1	A	BRAKERILHT00000009133	A
anno1.g9909.t1	A	BRAKERILHT00000008237	A
anno1.g9910.t1	A	BRAKERILHT00000007266	A
anno1.g9914.t1	A	BRAKERILHT00000009954	A
anno1.g9915.t2	A	BRAKERILHT00000008885	A
anno1.g9918.t1	A	BRAKERILHT00000009408	A
anno1.g9919.t2	A	BRAKERILHT00000009363	A
anno1.g9920.t2	A	BRAKERILHT00000008490	A
anno1.g9922.t1	A	BRAKERILHT00000009556	A
anno1.g9924.t1	A	BRAKERILHT00000009452	A
anno1.g9925.t1	A	BRAKERILHT00000008916	A
anno1.g9927.t1	A	BRAKERILHT00000010310	A
anno1.g9929.t2	A	BRAKERILHT00000009774	A
anno1.g9933.t1	A	BRAKERILHT00000009229	A
anno1.g9934.t1	A	BRAKERILHT00000009966	A
anno1.g9935.t1	A	BRAKERILHT00000009617	A
anno1.g9936.t1	A	BRAKERILHT00000008894	A
anno1.g9937.t1	A	BRAKERILHT00000009257	A
anno1.g9938.t1	A	BRAKERILHT00000008610	A
anno1.g9939.t1	A	BRAKERILHT00000009829	A
anno1.g9941.t1	A	BRAKERILHT00000009047	A
anno1.g9942.t1	A	BRAKERILHT00000009729	A
anno1.g9943.t1	A	BRAKERILHT00000000997	A
anno1.g9944.t1	A	BRAKERILHT00000010193	A
anno1.g9945.t1	A	BRAKERILHT00000008790	A
anno1.g9946.t2	A	BRAKERILHT00000009311	A
anno1.g9947.t1	A	BRAKERILHT00000009858	A
anno1.g9948.t1	A	BRAKERILHT00000008980	A
anno1.g9949.t1	A	BRAKERILHT00000008708	A
anno1.g9950.t1	A	BRAKERILHT00000010099	A
anno1.g9951.t1	A	BRAKERILHT00000009560	A
anno1.g9952.t1	A	BRAKERILHT00000009260	A
anno1.g9953.t1	A	BRAKERILHT00000008742	A
anno1.g9957.t1	A	BRAKERILHT00000010367	A
anno1.g9958.t1	A	BRAKERILHT00000009855	A
anno1.g9961.t1	A	BRAKERILHT00000009384	A
anno1.g9962.t1	A	BRAKERILHT00000008780	A
anno1.g9963.t1	A	BRAKERILHT00000009643	A
anno1.g9965.t1	A	BRAKERILHT00000009088	A
anno1.g9968.t1	A	BRAKERILHT00000008653	A
anno1.g9969.t2	A	BRAKERILHT00000008587	A
anno1.g9970.t1	A	BRAKERILHT00000008853	A
anno1.g9971.t1	A	BRAKERILHT00000009179	A
anno1.g9972.t1	A	BRAKERILHT00000008633	A
anno1.g9974.t1	A	BRAKERILHT00000009970	A
anno1.g9975.t1	A	BRAKERILHT00000009884	A
anno1.g9976.t1	A	BRAKERILHT00000009326	A
anno1.g9977.t1	A	BRAKERILHT00000009453	A
anno1.g9978.t1	A	BRAKERILHT00000010400	A
anno1.g9979.t1	A	BRAKERILHT00000008874	A
anno1.g9980.t1	A	BRAKERILHT00000009302	A
anno1.g9981.t1	A	BRAKERILHT00000009121	A
anno1.g9982.t1	A	BRAKERILHT00000010113	A
anno1.g9983.t1	A	BRAKERILHT00000010246	A
anno1.g9984.t1	A	BRAKERILHT00000008626	A
anno1.g9987.t1	A	BRAKERILHT00000010195	A
anno1.g9988.t1	A	BRAKERILHT00000008753	A
anno1.g9990.t1	A	BRAKERILHT00000008654	A
anno1.g9993.t2	A	BRAKERILHT00000009716	A
anno1.g9994.t1	A	BRAKERILHT00000010392	A
anno1.g9995.t1	A	BRAKERILHT00000010194	A
anno1.g9996.t2	A	BRAKERILHT00000009973	A
anno1.g9997.t1	A	BRAKERILHT00000009310	A
anno1.g9998.t1	A	BRAKERILHT00000009873	A
anno1.g9999.t1	A	BRAKERILHT00000009859	A
anno1.g10000.t1	A	BRAKERILHT00000009653	A
anno1.g10001.t1	A	BRAKERILHT00000008851	A
anno1.g10003.t1	A	BRAKERILHT00000008730	A
anno1.g10004.t1	A	BRAKERILHT00000009639	A
anno1.g10005.t1	A	BRAKERILHT00000009338	A
anno1.g10006.t1	A	BRAKERILHT00000009765	A
anno1.g10007.t1	A	BRAKERILHT00000010321	A
anno1.g10008.t2	A	BRAKERILHT00000009908	A
anno1.g10011.t1	A	BRAKERILHT00000008718	A
anno1.g10012.t1	A	BRAKERILHT00000009667	A
anno1.g10016.t1	A	BRAKERILHT00000008632	A
anno1.g10017.t1	A	BRAKERILHT00000008972	A
anno1.g10018.t1	A	BRAKERILHT00000009505	A
anno1.g10019.t1	A	BRAKERILHT00000010060	A
anno1.g10020.t1	A	BRAKERILHT00000009031	A
anno1.g10021.t1	A	BRAKERILHT00000010121	A
anno1.g10022.t1	A	BRAKERILHT00000010165	A
anno1.g10023.t1	A	BRAKERILHT00000009524	A
anno1.g10024.t1	A	BRAKERILHT00000009111	A
anno1.g10025.t4	A	BRAKERILHT00000008726	A
anno1.g10026.t1	A	BRAKERILHT00000009776	A
anno1.g10027.t1	A	BRAKERILHT00000008919	A
anno1.g10028.t1	A	BRAKERILHT00000009820	A
anno1.g10029.t1	A	BRAKERILHT00000009962	A
anno1.g10030.t1	A	BRAKERILHT00000008983	A
anno1.g10031.t1	A	BRAKERILHT00000009441	A
anno1.g10032.t1	A	BRAKERILHT00000010366	A
anno1.g10033.t1	A	BRAKERILHT00000008536	A
anno1.g10034.t2	A	BRAKERILHT00000009057	A
anno1.g10036.t1	A	BRAKERILHT00000008820	A
anno1.g10037.t1	A	BRAKERILHT00000010191	A
anno1.g10038.t1	A	BRAKERILHT00000009901	A
anno1.g10040.t1	A	BRAKERILHT00000008646	A
anno1.g10041.t1	A	BRAKERILHT00000008713	A
anno1.g10042.t1	A	BRAKERILHT00000009604	A
anno1.g10043.t1	A	BRAKERILHT00000009974	A
anno1.g10046.t1	A	BRAKERILHT00000009419	A
anno1.g10047.t1	A	BRAKERILHT00000008896	A
anno1.g10048.t1	A	BRAKERILHT00000008612	A
anno1.g10050.t1	A	BRAKERILHT00000008621	A
anno1.g10052.t2	A	BRAKERILHT00000009442	A
anno1.g10054.t1	A	BRAKERILHT00000010381	A
anno1.g10055.t1	A	BRAKERILHT00000009660	A
anno1.g10061.t1	A	BRAKERILHT00000010017	A
anno1.g10062.t2	A	BRAKERILHT00000009780	A
anno1.g10063.t1	A	BRAKERILHT00000009223	A
anno1.g10067.t1	A	BRAKERILHT00000009686	A
anno1.g10069.t1	A	BRAKERILHT00000009903	A
anno1.g10071.t1	A	BRAKERILHT00000009383	A
anno1.g10072.t1	A	BRAKERILHT00000008524	A
anno1.g10073.t1	A	BRAKERILHT00000010035	A
anno1.g10074.t1	A	BRAKERILHT00000010279	A
anno1.g10075.t1	A	BRAKERILHT00000009172	A
anno1.g10076.t1	A	BRAKERILHT00000009222	A
anno1.g10078.t1	A	BRAKERILHT00000009723	A
anno1.g10079.t3	A	BRAKERILHT00000010399	A
anno1.g10080.t1	A	BRAKERILHT00000009212	A
anno1.g10081.t1	A	BRAKERILHT00000009868	A
anno1.g10082.t1	A	BRAKERILHT00000008545	A
anno1.g10083.t1	A	BRAKERILHT00000009008	A
anno1.g10084.t1	A	BRAKERILHT00000010122	A
anno1.g10085.t1	A	BRAKERILHT00000009269	A
anno1.g10086.t1	A	BRAKERILHT00000010364	A
anno1.g10087.t1	A	BRAKERILHT00000009474	A
anno1.g10088.t1	A	BRAKERILHT00000009989	A
anno1.g10089.t1	A	BRAKERILHT00000010180	A
anno1.g10090.t1	A	BRAKERILHT00000009584	A
anno1.g10091.t1	A	BRAKERILHT00000010409	A
anno1.g10092.t1	A	BRAKERILHT00000008834	A
anno1.g10094.t1	A	BRAKERILHT00000008570	A
anno1.g10095.t1	A	BRAKERILHT00000009009	A
anno1.g10096.t2	A	BRAKERILHT00000009468	A
anno1.g10097.t2	A	BRAKERILHT00000008794	A
anno1.g10099.t1	A	BRAKERILHT00000009090	A
anno1.g10100.t1	A	BRAKERILHT00000010344	A
anno1.g10101.t1	A	BRAKERILHT00000009157	A
anno1.g10102.t1	A	BRAKERILHT00000010067	A
anno1.g10103.t1	A	BRAKERILHT00000009594	A
anno1.g10104.t2	A	BRAKERILHT00000010345	A
anno1.g10105.t2	A	BRAKERILHT00000009777	A
anno1.g10106.t1	A	BRAKERILHT00000009327	A
anno1.g10107.t1	A	BRAKERILHT00000009971	A
anno1.g10108.t1	A	BRAKERILHT00000010320	A
anno1.g10110.t1	A	BRAKERILHT00000010061	A
anno1.g10111.t1	A	BRAKERILHT00000008644	A
anno1.g10112.t1	A	BRAKERILHT00000009117	A
anno1.g10113.t1	A	BRAKERILHT00000008477	A
anno1.g10114.t1	A	BRAKERILHT00000009800	A
anno1.g10115.t1	A	BRAKERILHT00000009961	A
anno1.g10116.t1	A	BRAKERILHT00000008533	A
anno1.g10117.t1	A	BRAKERILHT00000009052	A
anno1.g10118.t2	A	BRAKERILHT00000009600	A
anno1.g10119.t1	A	BRAKERILHT00000010147	A
anno1.g10120.t2	A	BRAKERILHT00000010174	A
anno1.g10121.t1	A	BRAKERILHT00000009798	A
anno1.g10122.t1	A	BRAKERILHT00000009315	A
anno1.g10123.t1	A	BRAKERILHT00000010023	A
anno1.g10124.t1	A	BRAKERILHT00000008597	A
anno1.g10126.t1	A	BRAKERILHT00000009127	A
anno1.g10127.t1	A	BRAKERILHT00000008506	A
anno1.g10128.t1	A	BRAKERILHT00000009386	A
anno1.g10129.t1	A	BRAKERILHT00000009197	A
anno1.g10130.t1	A	BRAKERILHT00000009746	A
anno1.g10134.t1	A	BRAKERILHT00000008687	A
anno1.g10137.t1	A	BRAKERILHT00000008892	A
anno1.g10140.t1	A	BRAKERILHT00000008661	A
anno1.g10141.t1	A	BRAKERILHT00000008863	A
anno1.g10142.t1	A	BRAKERILHT00000009548	A
anno1.g10143.t1	A	BRAKERILHT00000009875	A
anno1.g10144.t1	A	BRAKERILHT00000009814	A
anno1.g10148.t1	A	BRAKERILHT00000009854	A
anno1.g10155.t2	A	BRAKERILHT00000010243	A
anno1.g10156.t1	A	BRAKERILHT00000009710	A
anno1.g10162.t1	A	BRAKERILHT00000006399	A
anno1.g10163.t2	A	BRAKERILHT00000006201	A
anno1.g10166.t1	A	BRAKERILHT00000004799	A
anno1.g10167.t1	A	BRAKERILHT00000005509	A
anno1.g10168.t1	A	BRAKERILHT00000006468	A
anno1.g10169.t1	A	BRAKERILHT00000004519	A
anno1.g10170.t1	A	BRAKERILHT00000004947	A
anno1.g10171.t1	A	BRAKERILHT00000005116	A
anno1.g10172.t1	A	BRAKERILHT00000004588	A
anno1.g10173.t1	A	BRAKERILHT00000006012	A
anno1.g10174.t1	A	BRAKERILHT00000005569	A
anno1.g10175.t1	A	BRAKERILHT00000005830	A
anno1.g10176.t1	A	BRAKERILHT00000004594	A
anno1.g10177.t1	A	BRAKERILHT00000006197	A
anno1.g10178.t1	A	BRAKERILHT00000005487	A
anno1.g10179.t1	A	BRAKERILHT00000005052	A
anno1.g10180.t1	A	BRAKERILHT00000005179	A
anno1.g10181.t1	A	BRAKERILHT00000012276	A
anno1.g10182.t1	A	BRAKERILHT00000005547	A
anno1.g10183.t2	A	BRAKERILHT00000005127	A
anno1.g10184.t2	A	BRAKERILHT00000005716	A
anno1.g10185.t1	A	BRAKERILHT00000004775	A
anno1.g10187.t1	A	BRAKERILHT00000005214	A
anno1.g10188.t1	A	BRAKERILHT00000005916	A
anno1.g10190.t1	A	BRAKERILHT00000006345	A
anno1.g10191.t2	A	BRAKERILHT00000005280	A
anno1.g10193.t1	A	BRAKERILHT00000005719	A
anno1.g10194.t1	A	BRAKERILHT00000006377	A
anno1.g10195.t1	A	BRAKERILHT00000005541	A
anno1.g10196.t1	A	BRAKERILHT00000005993	A
anno1.g10197.t1	A	BRAKERILHT00000004529	A
anno1.g10198.t1	A	BRAKERILHT00000005318	A
anno1.g10199.t1	A	BRAKERILHT00000005709	A
anno1.g10200.t1	A	BRAKERILHT00000006281	A
anno1.g10201.t1	A	BRAKERILHT00000004791	A
anno1.g10202.t1	A	BRAKERILHT00000005864	A
anno1.g10203.t2	A	BRAKERILHT00000005653	A
anno1.g10204.t1	A	BRAKERILHT00000004585	A
anno1.g10205.t1	A	BRAKERILHT00000005009	A
anno1.g10206.t1	A	BRAKERILHT00000005136	A
anno1.g10207.t1	A	BRAKERILHT00000005698	A
anno1.g10208.t1	A	BRAKERILHT00000005879	A
anno1.g10234.t1	A	BRAKERILHT00000014751	A
anno1.g10236.t1	A	BRAKERILHT00000005501	A
anno1.g10237.t1	A	BRAKERILHT00000005821	A
anno1.g10238.t1	A	BRAKERILHT00000004582	A
anno1.g10239.t1	A	BRAKERILHT00000004692	A
anno1.g10240.t1	A	BRAKERILHT00000005259	A
anno1.g10241.t2	A	BRAKERILHT00000005845	A
anno1.g10243.t1	A	BRAKERILHT00000006386	A
anno1.g10244.t1	A	BRAKERILHT00000005058	A
anno1.g10245.t1	A	BRAKERILHT00000004551	A
anno1.g10247.t1	A	BRAKERILHT00000005162	A
anno1.g10248.t1	A	BRAKERILHT00000005358	A
anno1.g10249.t1	A	BRAKERILHT00000005932	A
anno1.g10250.t1	A	BRAKERILHT00000005998	A
anno1.g10251.t1	A	BRAKERILHT00000006253	A
anno1.g10252.t1	A	BRAKERILHT00000004816	A
anno1.g10254.t1	A	BRAKERILHT00000005241	A
anno1.g10255.t1	A	BRAKERILHT00000005816	A
anno1.g10256.t1	A	BRAKERILHT00000006376	A
anno1.g10257.t1	A	BRAKERILHT00000006404	A
anno1.g10258.t1	A	BRAKERILHT00000004525	A
anno1.g10260.t1	A	BRAKERILHT00000005972	A
anno1.g10261.t1	A	BRAKERILHT00000005486	A
anno1.g10262.t1	A	BRAKERILHT00000005081	A
anno1.g10263.t1	A	BRAKERILHT00000004794	A
anno1.g10264.t1	A	BRAKERILHT00000006239	A
anno1.g10265.t1	A	BRAKERILHT00000005955	A
anno1.g10268.t1	A	BRAKERILHT00000005361	A
anno1.g10269.t1	A	BRAKERILHT00000004837	A
anno1.g10270.t1	A	BRAKERILHT00000005402	A
anno1.g10271.t1	A	BRAKERILHT00000005837	A
anno1.g10272.t1	A	BRAKERILHT00000006282	A
anno1.g10273.t2	A	BRAKERILHT00000005188	A
anno1.g10274.t1	A	BRAKERILHT00000005614	A
anno1.g10275.t2	A	BRAKERILHT00000005091	A
anno1.g10276.t1	A	BRAKERILHT00000005404	A
anno1.g10278.t1	A	BRAKERILHT00000004690	A
anno1.g10279.t1	A	BRAKERILHT00000006284	A
anno1.g10282.t3	A	BRAKERILHT00000006240	A
anno1.g10286.t1	A	BRAKERILHT00000005302	A
anno1.g10288.t1	A	BRAKERILHT00000015372	A
anno1.g10289.t1	A	BRAKERILHT00000005629	A
anno1.g10290.t1	A	BRAKERILHT00000006324	A
anno1.g10291.t1	A	BRAKERILHT00000005153	A
anno1.g10292.t1	A	BRAKERILHT00000004864	A
anno1.g10293.t1	A	BRAKERILHT00000013609	A
anno1.g10294.t1	A	BRAKERILHT00000005322	A
anno1.g10295.t1	A	BRAKERILHT00000005906	A
anno1.g10296.t1	A	BRAKERILHT00000005789	A
anno1.g10297.t1	A	BRAKERILHT00000006106	A
anno1.g10298.t1	A	BRAKERILHT00000004644	A
anno1.g10299.t1	A	BRAKERILHT00000005189	A
anno1.g10300.t1	A	BRAKERILHT00000005227	A
anno1.g10301.t1	A	BRAKERILHT00000005040	A
anno1.g10302.t1	A	BRAKERILHT00000003677	A
anno1.g10303.t2	A	BRAKERILHT00000005352	A
anno1.g10304.t1	A	BRAKERILHT00000005988	A
anno1.g10305.t1	A	BRAKERILHT00000005770	A
anno1.g10306.t1	A	BRAKERILHT00000004670	A
anno1.g10307.t1	A	BRAKERILHT00000006116	A
anno1.g10308.t1	A	BRAKERILHT00000006171	A
anno1.g10309.t1	A	BRAKERILHT00000005121	A
anno1.g10310.t1	A	BRAKERILHT00000005959	A
anno1.g10311.t1	A	BRAKERILHT00000004804	A
anno1.g10312.t1	A	BRAKERILHT00000005349	A
anno1.g10313.t1	A	BRAKERILHT00000005605	A
anno1.g10314.t1	A	BRAKERILHT00000005441	A
anno1.g10315.t3	A	BRAKERILHT00000004563	A
anno1.g10316.t1	A	BRAKERILHT00000005590	A
anno1.g10317.t1	A	BRAKERILHT00000005909	A
anno1.g10323.t1	A	BRAKERILHT00000006338	A
anno1.g10324.t1	A	BRAKERILHT00000004574	A
anno1.g10325.t1	A	BRAKERILHT00000004984	A
anno1.g10326.t1	A	BRAKERILHT00000005687	A
anno1.g10328.t1	A	BRAKERILHT00000004768	A
anno1.g10329.t1	A	BRAKERILHT00000005293	A
anno1.g10330.t1	A	BRAKERILHT00000005804	A
anno1.g10332.t1	A	BRAKERILHT00000004680	A
anno1.g10333.t1	A	BRAKERILHT00000006248	A
anno1.g10336.t1	A	BRAKERILHT00000005754	A
anno1.g10339.t1	A	BRAKERILHT00000004587	A
anno1.g10340.t1	A	BRAKERILHT00000006303	A
anno1.g10341.t1	A	BRAKERILHT00000004710	A
anno1.g10342.t1	A	BRAKERILHT00000004671	A
anno1.g10346.t1	A	BRAKERILHT00000004887	A
anno1.g10352.t1	A	BRAKERILHT00000006440	A
anno1.g10353.t1	A	BRAKERILHT00000005747	A
anno1.g10354.t2	A	BRAKERILHT00000005268	A
anno1.g10355.t1	A	BRAKERILHT00000005135	A
anno1.g10356.t1	A	BRAKERILHT00000004698	A
anno1.g10357.t2	A	BRAKERILHT00000005631	A
anno1.g10358.t1	A	BRAKERILHT00000006137	A
anno1.g10359.t2	A	BRAKERILHT00000004505	A
anno1.g10360.t1	A	BRAKERILHT00000005967	A
anno1.g10361.t1	A	BRAKERILHT00000006370	A
anno1.g10362.t3	A	BRAKERILHT00000004548	A
anno1.g10364.t2	A	BRAKERILHT00000006232	A
anno1.g10365.t1	A	BRAKERILHT00000005902	A
anno1.g10366.t1	A	BRAKERILHT00000004808	A
anno1.g10367.t1	A	BRAKERILHT00000005650	A
anno1.g10369.t2	A	BRAKERILHT00000005181	A
anno1.g10370.t1	A	BRAKERILHT00000005676	A
anno1.g10371.t1	A	BRAKERILHT00000005277	A
anno1.g10373.t1	A	BRAKERILHT00000006119	A
anno1.g10374.t1	A	BRAKERILHT00000005791	A
anno1.g10375.t1	A	BRAKERILHT00000005310	A
anno1.g10376.t1	A	BRAKERILHT00000006198	A
anno1.g10379.t1	A	BRAKERILHT00000006091	A
anno1.g10383.t2	A	BRAKERILHT00000004635	A
anno1.g10385.t1	A	BRAKERILHT00000006092	A
anno1.g10386.t1	A	BRAKERILHT00000004539	A
anno1.g10387.t1	A	BRAKERILHT00000004962	A
anno1.g10388.t2	A	BRAKERILHT00000005465	A
anno1.g10391.t1	A	BRAKERILHT00000005380	A
anno1.g10392.t1	A	BRAKERILHT00000005843	A
anno1.g10393.t1	A	BRAKERILHT00000005197	A
anno1.g10394.t2	A	BRAKERILHT00000005908	A
anno1.g10396.t1	A	BRAKERILHT00000004633	A
anno1.g10397.t1	A	BRAKERILHT00000005850	A
anno1.g10400.t1	A	BRAKERILHT00000005063	A
anno1.g10401.t1	A	BRAKERILHT00000005489	A
anno1.g10402.t1	A	BRAKERILHT00000005382	A
anno1.g10403.t1	A	BRAKERILHT00000005644	A
anno1.g10404.t3	A	BRAKERILHT00000005930	A
anno1.g10407.t1	A	BRAKERILHT00000005952	A
anno1.g10408.t1	A	BRAKERILHT00000005364	A
anno1.g10409.t1	A	BRAKERILHT00000004631	A
anno1.g10410.t1	A	BRAKERILHT00000005960	A
anno1.g10411.t1	A	BRAKERILHT00000005089	A
anno1.g10412.t1	A	BRAKERILHT00000005794	A
anno1.g10413.t1	A	BRAKERILHT00000004983	A
anno1.g10414.t1	A	BRAKERILHT00000004927	A
anno1.g10417.t1	A	BRAKERILHT00000004639	A
anno1.g10418.t1	A	BRAKERILHT00000006095	A
anno1.g10419.t1	A	BRAKERILHT00000005775	A
anno1.g10420.t1	A	BRAKERILHT00000005196	A
anno1.g10421.t2	A	BRAKERILHT00000004971	A
anno1.g10423.t1	A	BRAKERILHT00000006422	A
anno1.g10424.t1	A	BRAKERILHT00000006062	A
anno1.g10425.t1	A	BRAKERILHT00000006251	A
anno1.g10426.t1	A	BRAKERILHT00000005483	A
anno1.g10427.t1	A	BRAKERILHT00000005680	A
anno1.g10430.t1	A	BRAKERILHT00000005354	A
anno1.g10431.t1	A	BRAKERILHT00000005815	A
anno1.g10434.t2	A	BRAKERILHT00000004908	A
anno1.g10435.t1	A	BRAKERILHT00000005345	A
anno1.g10436.t2	A	BRAKERILHT00000006255	A
anno1.g10437.t2	A	BRAKERILHT00000004656	A
anno1.g10438.t1	A	BRAKERILHT00000005979	A
anno1.g10440.t1	A	BRAKERILHT00000004911	A
anno1.g10441.t1	A	BRAKERILHT00000005975	A
anno1.g10442.t1	A	BRAKERILHT00000004907	A
anno1.g10443.t1	A	BRAKERILHT00000005807	A
anno1.g10447.t1	A	BRAKERILHT00000005528	A
anno1.g10456.t1	A	BRAKERILHT00000004570	A
anno1.g10457.t1	A	BRAKERILHT00000006143	A
anno1.g10458.t1	A	BRAKERILHT00000005579	A
anno1.g10467.t1	A	BRAKERILHT00000004534	A
anno1.g10469.t1	A	BRAKERILHT00000006381	A
anno1.g10470.t1	A	BRAKERILHT00000004542	A
anno1.g10471.t1	A	BRAKERILHT00000013616	A
anno1.g10475.t1	A	BRAKERILHT00000004556	A
anno1.g10476.t1	A	BRAKERILHT00000005067	A
anno1.g10478.t1	A	BRAKERILHT00000006466	A
anno1.g10482.t1	A	BRAKERILHT00000004772	A
anno1.g10483.t1	A	BRAKERILHT00000005389	A
anno1.g10486.t5	A	BRAKERILHT00000004664	A
anno1.g10488.t2	A	BRAKERILHT00000005785	A
anno1.g10489.t1	A	BRAKERILHT00000005798	A
anno1.g10492.t1	A	BRAKERILHT00000005865	A
anno1.g10494.t1	A	BRAKERILHT00000006045	A
anno1.g10495.t1	A	BRAKERILHT00000006305	A
anno1.g10496.t2	A	BRAKERILHT00000006094	A
anno1.g10499.t1	A	BRAKERILHT00000005848	A
anno1.g10501.t1	A	BRAKERILHT00000006268	A
anno1.g10502.t1	A	BRAKERILHT00000005989	A
anno1.g10503.t1	A	BRAKERILHT00000005397	A
anno1.g10504.t3	A	BRAKERILHT00000005987	A
anno1.g10505.t1	A	BRAKERILHT00000005612	A
anno1.g10506.t1	A	BRAKERILHT00000005038	A
anno1.g10507.t2	A	BRAKERILHT00000005279	A
anno1.g10510.t1	A	BRAKERILHT00000006406	A
anno1.g10511.t2	A	BRAKERILHT00000005003	A
anno1.g10513.t1	A	BRAKERILHT00000005688	A
anno1.g10514.t1	A	BRAKERILHT00000005141	A
anno1.g10515.t1	A	BRAKERILHT00000005166	A
anno1.g10516.t2	A	BRAKERILHT00000005445	A
anno1.g10517.t2	A	BRAKERILHT00000006057	A
anno1.g10518.t2	A	BRAKERILHT00000006225	A
anno1.g10520.t1	A	BRAKERILHT00000005146	A
anno1.g10521.t1	A	BRAKERILHT00000004682	A
anno1.g10522.t1	A	BRAKERILHT00000005744	A
anno1.g10523.t1	A	BRAKERILHT00000005260	A
anno1.g10524.t1	A	BRAKERILHT00000004823	A
anno1.g10525.t1	A	BRAKERILHT00000006436	A
anno1.g10526.t1	A	BRAKERILHT00000004621	A
anno1.g10527.t2	A	BRAKERILHT00000005255	A
anno1.g10528.t1	A	BRAKERILHT00000005822	A
anno1.g10529.t2	A	BRAKERILHT00000006431	A
anno1.g10530.t1	A	BRAKERILHT00000004830	A
anno1.g10531.t1	A	BRAKERILHT00000006331	A
anno1.g10532.t2	A	BRAKERILHT00000004868	A
anno1.g10533.t1	A	BRAKERILHT00000005400	A
anno1.g10534.t1	A	BRAKERILHT00000006004	A
anno1.g10535.t1	A	BRAKERILHT00000005606	A
anno1.g10537.t2	A	BRAKERILHT00000006124	A
anno1.g10538.t1	A	BRAKERILHT00000004476	A
anno1.g10539.t1	A	BRAKERILHT00000005301	A
anno1.g10540.t1	A	BRAKERILHT00000005032	A
anno1.g10541.t2	A	BRAKERILHT00000005592	A
anno1.g10543.t2	A	BRAKERILHT00000005427	A
anno1.g10544.t1	A	BRAKERILHT00000004853	A
anno1.g10545.t1	A	BRAKERILHT00000005757	A
anno1.g10546.t1	A	BRAKERILHT00000005140	A
anno1.g10549.t1	A	BRAKERILHT00000005918	A
anno1.g10550.t1	A	BRAKERILHT00000009933	A
anno1.g10552.t1	A	BRAKERILHT00000005936	A
anno1.g10553.t1	A	BRAKERILHT00000006393	A
anno1.g10554.t1	A	BRAKERILHT00000004514	A
anno1.g10555.t2	A	BRAKERILHT00000006448	A
anno1.g10556.t1	A	BRAKERILHT00000006357	A
anno1.g10557.t2	A	BRAKERILHT00000005907	A
anno1.g10558.t1	A	BRAKERILHT00000006065	A
anno1.g10559.t1	A	BRAKERILHT00000006182	A
anno1.g10560.t4	A	BRAKERILHT00000006019	A
anno1.g10561.t1	A	BRAKERILHT00000004640	A
anno1.g10562.t1	A	BRAKERILHT00000005808	A
anno1.g10563.t1	A	BRAKERILHT00000006267	A
anno1.g10564.t1	A	BRAKERILHT00000004912	A
anno1.g10565.t1	A	BRAKERILHT00000005356	A
anno1.g10566.t1	A	BRAKERILHT00000005523	A
anno1.g10568.t1	A	BRAKERILHT00000012526	A
anno1.g10569.t1	A	BRAKERILHT00000011344	A
anno1.g10571.t1	A	BRAKERILHT00000004795	A
anno1.g10572.t2	A	BRAKERILHT00000005223	A
anno1.g10573.t1	A	BRAKERILHT00000005954	A
anno1.g10574.t1	A	BRAKERILHT00000005951	A
anno1.g10575.t1	A	BRAKERILHT00000004948	A
anno1.g10577.t1	A	BRAKERILHT00000004515	A
anno1.g10578.t1	A	BRAKERILHT00000006101	A
anno1.g10579.t1	A	BRAKERILHT00000005664	A
anno1.g10580.t1	A	BRAKERILHT00000006359	A
anno1.g10581.t1	A	BRAKERILHT00000004776	A
anno1.g10583.t1	A	BRAKERILHT00000005668	A
anno1.g10584.t1	A	BRAKERILHT00000006127	A
anno1.g10586.t1	A	BRAKERILHT00000005520	A
anno1.g10587.t1	A	BRAKERILHT00000005079	A
anno1.g10589.t1	A	BRAKERILHT00000004659	A
anno1.g10590.t1	A	BRAKERILHT00000005695	A
anno1.g10591.t1	A	BRAKERILHT00000005109	A
anno1.g10592.t2	A	BRAKERILHT00000006428	A
anno1.g10593.t1	A	BRAKERILHT00000005566	A
anno1.g10594.t1	A	BRAKERILHT00000006432	A
anno1.g10595.t1	A	BRAKERILHT00000005165	A
anno1.g10596.t3	A	BRAKERILHT00000004628	A
anno1.g10597.t1	A	BRAKERILHT00000006301	A
anno1.g10598.t1	A	BRAKERILHT00000005743	A
anno1.g10599.t2	A	BRAKERILHT00000005375	A
anno1.g10600.t1	A	BRAKERILHT00000005793	A
anno1.g10602.t1	A	BRAKERILHT00000005210	A
anno1.g10603.t1	A	BRAKERILHT00000004894	A
anno1.g10604.t1	A	BRAKERILHT00000006346	A
anno1.g10605.t1	A	BRAKERILHT00000005124	A
anno1.g10607.t1	A	BRAKERILHT00000004547	A
anno1.g10608.t1	A	BRAKERILHT00000006199	A
anno1.g10609.t1	A	BRAKERILHT00000005630	A
anno1.g10610.t1	A	BRAKERILHT00000005792	A
anno1.g10611.t1	A	BRAKERILHT00000005192	A
anno1.g10612.t1	A	BRAKERILHT00000006039	A
anno1.g10615.t1	A	BRAKERILHT00000005422	A
anno1.g10616.t1	A	BRAKERILHT00000005867	A
anno1.g10617.t1	A	BRAKERILHT00000004724	A
anno1.g10618.t1	A	BRAKERILHT00000005409	A
anno1.g10620.t2	A	BRAKERILHT00000005132	A
anno1.g10621.t1	A	BRAKERILHT00000005481	A
anno1.g10622.t1	A	BRAKERILHT00000006146	A
anno1.g10623.t2	A	BRAKERILHT00000004849	A
anno1.g10624.t1	A	BRAKERILHT00000005024	A
anno1.g10625.t2	A	BRAKERILHT00000006147	A
anno1.g10626.t2	A	BRAKERILHT00000004589	A
anno1.g10627.t1	A	BRAKERILHT00000005756	A
anno1.g10630.t7	A	BRAKERILHT00000006471	A
anno1.g10631.t1	A	BRAKERILHT00000005170	A
anno1.g10632.t1	A	BRAKERILHT00000004468	A
anno1.g10633.t1	A	BRAKERILHT00000006289	A
anno1.g10634.t1	A	BRAKERILHT00000005385	A
anno1.g10635.t1	A	BRAKERILHT00000005714	A
anno1.g10636.t1	A	BRAKERILHT00000006029	A
anno1.g10637.t1	A	BRAKERILHT00000005497	A
anno1.g10638.t1	A	BRAKERILHT00000006063	A
anno1.g10639.t1	A	BRAKERILHT00000005095	A
anno1.g10640.t1	A	BRAKERILHT00000005516	A
anno1.g10643.t1	A	BRAKERILHT00000005537	A
anno1.g10644.t1	A	BRAKERILHT00000004803	A
anno1.g10645.t1	A	BRAKERILHT00000005112	A
anno1.g10646.t1	A	BRAKERILHT00000005002	A
anno1.g10647.t1	A	BRAKERILHT00000005562	A
anno1.g10648.t1	A	BRAKERILHT00000004836	A
anno1.g10649.t1	A	BRAKERILHT00000005367	A
anno1.g10650.t1	A	BRAKERILHT00000005337	A
anno1.g10651.t1	A	BRAKERILHT00000005939	A
anno1.g10652.t1	A	BRAKERILHT00000004790	A
anno1.g10653.t1	A	BRAKERILHT00000004856	A
anno1.g10654.t1	A	BRAKERILHT00000006348	A
anno1.g10655.t1	A	BRAKERILHT00000005225	A
anno1.g10657.t1	A	BRAKERILHT00000004798	A
anno1.g10658.t1	A	BRAKERILHT00000005599	A
anno1.g10659.t2	A	BRAKERILHT00000005154	A
anno1.g10660.t1	A	BRAKERILHT00000005046	A
anno1.g10661.t2	A	BRAKERILHT00000004520	A
anno1.g10663.t1	A	BRAKERILHT00000004819	A
anno1.g10665.t1	A	BRAKERILHT00000006375	A
anno1.g10666.t1	A	BRAKERILHT00000005945	A
anno1.g10667.t1	A	BRAKERILHT00000005470	A
anno1.g10668.t1	A	BRAKERILHT00000005037	A
anno1.g10669.t1	A	BRAKERILHT00000005431	A
anno1.g10670.t1	A	BRAKERILHT00000005138	A
anno1.g10671.t1	A	BRAKERILHT00000004457	A
anno1.g10672.t1	A	BRAKERILHT00000004616	A
anno1.g10673.t1	A	BRAKERILHT00000004702	A
anno1.g10674.t4	A	BRAKERILHT00000006306	A
anno1.g10675.t1	A	BRAKERILHT00000005828	A
anno1.g10676.t2	A	BRAKERILHT00000004846	A
anno1.g10677.t2	A	BRAKERILHT00000005519	A
anno1.g10678.t1	A	BRAKERILHT00000005126	A
anno1.g10679.t2	A	BRAKERILHT00000004673	A
anno1.g10680.t1	A	BRAKERILHT00000006014	A
anno1.g10681.t1	A	BRAKERILHT00000004666	A
anno1.g10682.t1	A	BRAKERILHT00000005625	A
anno1.g10684.t1	A	BRAKERILHT00000006032	A
anno1.g10685.t1	A	BRAKERILHT00000004475	A
anno1.g10687.t1	A	BRAKERILHT00000005398	A
anno1.g10688.t1	A	BRAKERILHT00000005426	A
anno1.g10689.t1	A	BRAKERILHT00000006312	A
anno1.g10690.t1	A	BRAKERILHT00000004723	A
anno1.g10691.t1	A	BRAKERILHT00000006481	A
anno1.g10692.t1	A	BRAKERILHT00000005201	A
anno1.g10693.t1	A	BRAKERILHT00000005086	A
anno1.g10694.t1	A	BRAKERILHT00000004526	A
anno1.g10695.t1	A	BRAKERILHT00000004569	A
anno1.g10696.t1	A	BRAKERILHT00000006016	A
anno1.g10697.t1	A	BRAKERILHT00000005333	A
anno1.g10698.t1	A	BRAKERILHT00000004763	A
anno1.g10699.t1	A	BRAKERILHT00000006129	A
anno1.g10700.t2	A	BRAKERILHT00000005468	A
anno1.g10701.t1	A	BRAKERILHT00000004482	A
anno1.g10703.t1	A	BRAKERILHT00000006023	A
anno1.g10704.t1	A	BRAKERILHT00000006073	A
anno1.g10705.t1	A	BRAKERILHT00000005655	A
anno1.g10706.t1	A	BRAKERILHT00000005168	A
anno1.g10707.t5	A	BRAKERILHT00000006276	A
anno1.g10708.t1	A	BRAKERILHT00000005847	A
anno1.g10711.t2	A	BRAKERILHT00000005128	A
anno1.g10713.t1	A	BRAKERILHT00000008952	A
anno1.g10715.t1	A	BRAKERILHT00000008859	A
anno1.g10716.t2	A	BRAKERILHT00000009934	A
anno1.g10717.t1	A	BRAKERILHT00000009071	A
anno1.g10718.t1	A	BRAKERILHT00000008664	A
anno1.g10720.t1	A	BRAKERILHT00000009135	A
anno1.g10721.t1	A	BRAKERILHT00000009509	A
anno1.g10722.t1	A	BRAKERILHT00000008828	A
anno1.g10723.t1	A	BRAKERILHT00000009371	A
anno1.g10725.t2	A	BRAKERILHT00000010187	A
anno1.g10726.t1	A	BRAKERILHT00000008634	A
anno1.g10727.t1	A	BRAKERILHT00000009937	A
anno1.g10728.t1	A	BRAKERILHT00000008978	A
anno1.g10729.t1	A	BRAKERILHT00000004979	A
anno1.g10730.t1	A	BRAKERILHT00000005175	A
anno1.g10732.t1	A	BRAKERILHT00000006260	A
anno1.g10733.t1	A	BRAKERILHT00000004835	A
anno1.g10734.t2	A	BRAKERILHT00000005393	A
anno1.g10735.t1	A	BRAKERILHT00000005783	A
anno1.g10736.t1	A	BRAKERILHT00000005474	A
anno1.g10738.t1	A	BRAKERILHT00000006361	A
anno1.g10740.t1	A	BRAKERILHT00000006238	A
anno1.g10741.t1	A	BRAKERILHT00000005750	A
anno1.g10742.t1	A	BRAKERILHT00000005517	A
anno1.g10743.t1	A	BRAKERILHT00000006135	A
anno1.g10744.t1	A	BRAKERILHT00000005082	A
anno1.g10745.t2	A	BRAKERILHT00000005511	A
anno1.g10746.t1	A	BRAKERILHT00000004727	A
anno1.g10747.t1	A	BRAKERILHT00000006222	A
anno1.g10748.t1	A	BRAKERILHT00000005920	A
anno1.g10749.t1	A	BRAKERILHT00000005065	A
anno1.g10750.t1	A	BRAKERILHT00000004511	A
anno1.g10751.t1	A	BRAKERILHT00000005568	A
anno1.g10752.t1	A	BRAKERILHT00000005021	A
anno1.g10754.t1	A	BRAKERILHT00000006015	A
anno1.g10755.t1	A	BRAKERILHT00000005578	A
anno1.g10756.t1	A	BRAKERILHT00000005016	A
anno1.g10757.t1	A	BRAKERILHT00000004479	A
anno1.g10758.t2	A	BRAKERILHT00000004636	A
anno1.g10759.t1	A	BRAKERILHT00000006093	A
anno1.g10761.t1	A	BRAKERILHT00000005554	A
anno1.g10762.t1	A	BRAKERILHT00000004963	A
anno1.g10763.t2	A	BRAKERILHT00000004941	A
anno1.g10764.t2	A	BRAKERILHT00000004784	A
anno1.g10765.t2	A	BRAKERILHT00000005686	A
anno1.g10766.t1	A	BRAKERILHT00000005921	A
anno1.g10768.t3	A	BRAKERILHT00000004555	A
anno1.g10769.t2	A	BRAKERILHT00000005370	A
anno1.g10774.t1	A	BRAKERILHT00000006288	A
anno1.g10776.t1	A	BRAKERILHT00000006299	A
anno1.g10777.t1	A	BRAKERILHT00000005895	A
anno1.g10778.t1	A	BRAKERILHT00000005377	A
anno1.g10779.t1	A	BRAKERILHT00000006235	A
anno1.g10780.t1	A	BRAKERILHT00000005786	A
anno1.g10781.t1	A	BRAKERILHT00000004889	A
anno1.g10782.t1	A	BRAKERILHT00000005990	A
anno1.g10785.t2	A	BRAKERILHT00000005118	A
anno1.g10786.t1	A	BRAKERILHT00000005696	A
anno1.g10787.t1	A	BRAKERILHT00000005780	A
anno1.g10788.t1	A	BRAKERILHT00000005202	A
anno1.g10791.t1	A	BRAKERILHT00000005962	A
anno1.g10793.t3	A	BRAKERILHT00000005546	A
anno1.g10794.t1	A	BRAKERILHT00000005180	A
anno1.g10795.t2	A	BRAKERILHT00000005810	A
anno1.g10796.t1	A	BRAKERILHT00000005254	A
anno1.g10797.t1	A	BRAKERILHT00000005327	A
anno1.g10798.t1	A	BRAKERILHT00000006008	A
anno1.g10800.t1	A	BRAKERILHT00000004648	A
anno1.g10802.t1	A	BRAKERILHT00000006439	A
anno1.g10808.t1	A	BRAKERILHT00000004704	A
anno1.g10809.t1	A	BRAKERILHT00000005910	A
anno1.g10810.t1	A	BRAKERILHT00000005308	A
anno1.g10811.t1	A	BRAKERILHT00000004842	A
anno1.g10812.t2	A	BRAKERILHT00000005414	A
anno1.g10814.t1	A	BRAKERILHT00000005200	A
anno1.g10817.t1	A	BRAKERILHT00000004992	A
anno1.g10818.t1	A	BRAKERILHT00000005461	A
anno1.g10821.t1	A	BRAKERILHT00000005456	A
anno1.g10826.t2	A	BRAKERILHT00000006380	A
anno1.g10827.t1	A	BRAKERILHT00000004906	A
anno1.g10829.t1	A	BRAKERILHT00000005767	A
anno1.g10833.t1	A	BRAKERILHT00000006329	A
anno1.g10835.t1	A	BRAKERILHT00000005408	A
anno1.g10836.t1	A	BRAKERILHT00000004896	A
anno1.g10837.t1	A	BRAKERILHT00000005388	A
anno1.g10838.t2	A	BRAKERILHT00000006144	A
anno1.g10839.t1	A	BRAKERILHT00000006336	A
anno1.g10840.t1	A	BRAKERILHT00000004741	A
anno1.g10843.t1	A	BRAKERILHT00000013656	A
anno1.g10844.t2	A	BRAKERILHT00000005425	A
anno1.g10847.t1	A	BRAKERILHT00000004461	A
anno1.g10848.t2	A	BRAKERILHT00000005133	A
anno1.g10849.t1	A	BRAKERILHT00000005690	A
anno1.g10850.t1	A	BRAKERILHT00000004986	A
anno1.g10851.t1	A	BRAKERILHT00000006277	A
anno1.g10852.t2	A	BRAKERILHT00000005732	A
anno1.g10853.t1	A	BRAKERILHT00000006234	A
anno1.g10854.t1	A	BRAKERILHT00000004877	A
anno1.g10855.t1	A	BRAKERILHT00000005438	A
anno1.g10856.t1	A	BRAKERILHT00000005507	A
anno1.g10857.t1	A	BRAKERILHT00000006291	A
anno1.g10858.t2	A	BRAKERILHT00000006335	A
anno1.g10859.t1	A	BRAKERILHT00000006444	A
anno1.g10860.t1	A	BRAKERILHT00000005840	A
anno1.g10861.t1	A	BRAKERILHT00000006455	A
anno1.g10862.t1	A	BRAKERILHT00000004452	A
anno1.g10863.t2	A	BRAKERILHT00000005028	A
anno1.g10864.t2	A	BRAKERILHT00000005296	A
anno1.g10865.t1	A	BRAKERILHT00000006151	A
anno1.g10866.t1	A	BRAKERILHT00000006443	A
anno1.g10868.t1	A	BRAKERILHT00000004770	A
anno1.g10869.t1	A	BRAKERILHT00000006236	A
anno1.g10870.t2	A	BRAKERILHT00000005915	A
anno1.g10871.t1	A	BRAKERILHT00000005321	A
anno1.g10872.t1	A	BRAKERILHT00000004465	A
anno1.g10874.t1	A	BRAKERILHT00000005042	A
anno1.g10875.t1	A	BRAKERILHT00000005818	A
anno1.g10876.t1	A	BRAKERILHT00000005452	A
anno1.g10877.t1	A	BRAKERILHT00000006156	A
anno1.g10878.t1	A	BRAKERILHT00000004693	A
anno1.g10879.t1	A	BRAKERILHT00000005236	A
anno1.g10880.t1	A	BRAKERILHT00000005101	A
anno1.g10881.t1	A	BRAKERILHT00000004503	A
anno1.g10882.t1	A	BRAKERILHT00000004651	A
anno1.g10883.t1	A	BRAKERILHT00000006112	A
anno1.g10888.t1	A	BRAKERILHT00000006150	A
anno1.g10889.t1	A	BRAKERILHT00000006454	A
anno1.g10890.t2	A	BRAKERILHT00000005039	A
anno1.g10892.t1	A	BRAKERILHT00000004738	A
anno1.g10893.t1	A	BRAKERILHT00000004611	A
anno1.g10894.t1	A	BRAKERILHT00000005076	A
anno1.g10895.t1	A	BRAKERILHT00000006317	A
anno1.g10897.t1	A	BRAKERILHT00000005701	A
anno1.g10898.t1	A	BRAKERILHT00000004862	A
anno1.g10899.t1	A	BRAKERILHT00000005992	A
anno1.g10900.t1	A	BRAKERILHT00000005748	A
anno1.g10901.t1	A	BRAKERILHT00000005434	A
anno1.g10903.t1	A	BRAKERILHT00000006313	A
anno1.g10904.t1	A	BRAKERILHT00000005455	A
anno1.g10905.t1	A	BRAKERILHT00000005143	A
anno1.g10906.t1	A	BRAKERILHT00000005429	A
anno1.g10907.t1	A	BRAKERILHT00000004870	A
anno1.g10908.t1	A	BRAKERILHT00000005855	A
anno1.g10909.t1	A	BRAKERILHT00000006206	A
anno1.g10910.t1	A	BRAKERILHT00000004491	A
anno1.g10913.t1	A	BRAKERILHT00000004484	A
anno1.g10914.t2	A	BRAKERILHT00000006033	A
anno1.g10915.t1	A	BRAKERILHT00000004695	A
anno1.g10917.t1	A	BRAKERILHT00000006102	A
anno1.g10918.t1	A	BRAKERILHT00000004982	A
anno1.g10919.t2	A	BRAKERILHT00000006360	A
anno1.g10920.t2	A	BRAKERILHT00000004756	A
anno1.g10921.t3	A	BRAKERILHT00000005211	A
anno1.g10922.t1	A	BRAKERILHT00000006402	A
anno1.g10924.t1	A	BRAKERILHT00000005853	A
anno1.g10925.t1	A	BRAKERILHT00000005224	A
anno1.g10936.t1	A	BRAKERILHT00000004697	A
anno1.g10938.t1	A	BRAKERILHT00000005125	A
anno1.g10939.t1	A	BRAKERILHT00000004521	A
anno1.g10940.t1	A	BRAKERILHT00000006183	A
anno1.g10943.t1	A	BRAKERILHT00000005543	A
anno1.g10945.t1	A	BRAKERILHT00000005666	A
anno1.g10946.t1	A	BRAKERILHT00000004951	A
anno1.g10947.t1	A	BRAKERILHT00000004552	A
anno1.g10948.t2	A	BRAKERILHT00000004990	A
anno1.g10949.t1	A	BRAKERILHT00000005148	A
anno1.g10951.t1	A	BRAKERILHT00000006115	A
anno1.g10954.t1	A	BRAKERILHT00000006108	A
anno1.g10955.t1	A	BRAKERILHT00000006271	A
anno1.g10956.t1	A	BRAKERILHT00000005903	A
anno1.g10957.t1	A	BRAKERILHT00000005319	A
anno1.g10958.t1	A	BRAKERILHT00000006043	A
anno1.g10959.t1	A	BRAKERILHT00000006170	A
anno1.g10960.t1	A	BRAKERILHT00000005603	A
anno1.g10961.t1	A	BRAKERILHT00000005102	A
anno1.g10962.t1	A	BRAKERILHT00000004802	A
anno1.g10963.t1	A	BRAKERILHT00000005075	A
anno1.g10967.t1	A	BRAKERILHT00000004641	A
anno1.g10968.t1	A	BRAKERILHT00000004922	A
anno1.g10969.t1	A	BRAKERILHT00000004917	A
anno1.g10970.t1	A	BRAKERILHT00000006438	A
anno1.g10971.t1	A	BRAKERILHT00000006364	A
anno1.g10972.t1	A	BRAKERILHT00000005525	A
anno1.g10973.t1	A	BRAKERILHT00000004946	A
anno1.g10974.t2	A	BRAKERILHT00000004645	A
anno1.g10975.t1	A	BRAKERILHT00000005623	A
anno1.g10976.t2	A	BRAKERILHT00000004781	A
anno1.g10977.t1	A	BRAKERILHT00000005813	A
anno1.g10978.t1	A	BRAKERILHT00000005226	A
anno1.g10979.t1	A	BRAKERILHT00000004828	A
anno1.g10980.t1	A	BRAKERILHT00000005526	A
anno1.g10981.t1	A	BRAKERILHT00000004952	A
anno1.g10983.t1	A	BRAKERILHT00000004725	A
anno1.g10990.t1	A	BRAKERILHT00000005715	A
anno1.g10991.t1	A	BRAKERILHT00000005105	A
anno1.g10995.t1	A	BRAKERILHT00000004662	A
anno1.g10996.t1	A	BRAKERILHT00000005994	A
anno1.g10998.t1	A	BRAKERILHT00000005889	A
anno1.g10999.t2	A	BRAKERILHT00000005366	A
anno1.g11000.t1	A	BRAKERILHT00000004575	A
anno1.g11003.t1	A	BRAKERILHT00000005103	A
anno1.g11004.t1	A	BRAKERILHT00000005681	A
anno1.g11005.t1	A	BRAKERILHT00000005092	A
anno1.g11007.t1	A	BRAKERILHT00000006261	A
anno1.g11008.t1	A	BRAKERILHT00000004944	A
anno1.g11009.t1	A	BRAKERILHT00000006430	A
anno1.g11010.t3	A	BRAKERILHT00000004719	A
anno1.g11011.t1	A	BRAKERILHT00000004957	A
anno1.g11012.t1	A	BRAKERILHT00000004818	A
anno1.g11013.t1	A	BRAKERILHT00000006118	A
anno1.g11014.t2	A	BRAKERILHT00000004550	A
anno1.g11017.t2	A	BRAKERILHT00000005285	A
anno1.g11018.t1	A	BRAKERILHT00000004716	A
anno1.g11019.t6	A	BRAKERILHT00000005482	A
anno1.g11020.t1	A	BRAKERILHT00000005030	A
anno1.g11021.t3	A	BRAKERILHT00000004535	A
anno1.g11022.t1	A	BRAKERILHT00000006098	A
anno1.g11023.t3	A	BRAKERILHT00000005764	A
anno1.g11024.t1	A	BRAKERILHT00000005986	A
anno1.g11025.t1	A	BRAKERILHT00000006166	A
anno1.g11026.t1	A	BRAKERILHT00000004685	A
anno1.g11027.t1	A	BRAKERILHT00000005692	A
anno1.g11028.t2	A	BRAKERILHT00000006387	A
anno1.g11030.t1	A	BRAKERILHT00000005117	A
anno1.g11031.t2	A	BRAKERILHT00000005558	A
anno1.g11033.t1	A	BRAKERILHT00000006011	A
anno1.g11034.t1	A	BRAKERILHT00000005717	A
anno1.g11038.t1	A	BRAKERILHT00000005035	A
anno1.g11039.t1	A	BRAKERILHT00000005229	A
anno1.g11040.t1	A	BRAKERILHT00000006270	A
anno1.g11041.t1	A	BRAKERILHT00000004615	A
anno1.g11042.t1	A	BRAKERILHT00000004471	A
anno1.g11043.t1	A	BRAKERILHT00000005726	A
anno1.g11044.t2	A	BRAKERILHT00000006297	A
anno1.g11046.t2	A	BRAKERILHT00000005524	A
anno1.g11047.t1	A	BRAKERILHT00000005442	A
anno1.g11048.t1	A	BRAKERILHT00000005885	A
anno1.g11050.t1	A	BRAKERILHT00000004978	A
anno1.g11051.t2	A	BRAKERILHT00000004687	A
anno1.g11052.t1	A	BRAKERILHT00000004883	A
anno1.g11054.t1	A	BRAKERILHT00000005633	A
anno1.g11056.t2	A	BRAKERILHT00000005495	A
anno1.g11057.t1	A	BRAKERILHT00000005874	A
anno1.g11058.t4	A	BRAKERILHT00000005707	A
anno1.g11059.t1	A	BRAKERILHT00000004881	A
anno1.g11060.t1	A	BRAKERILHT00000006355	A
anno1.g11062.t1	A	BRAKERILHT00000006379	A
anno1.g11063.t1	A	BRAKERILHT00000005534	A
anno1.g11064.t2	A	BRAKERILHT00000005216	A
anno1.g11065.t1	A	BRAKERILHT00000004879	A
anno1.g11066.t2	A	BRAKERILHT00000006217	A
anno1.g11067.t1	A	BRAKERILHT00000005926	A
anno1.g11068.t1	A	BRAKERILHT00000004753	A
anno1.g11070.t1	A	BRAKERILHT00000005169	A
anno1.g11071.t1	A	BRAKERILHT00000004590	A
anno1.g11072.t1	A	BRAKERILHT00000005320	A
anno1.g11073.t1	A	BRAKERILHT00000004863	A
anno1.g11074.t2	A	BRAKERILHT00000005159	A
anno1.g11075.t1	A	BRAKERILHT00000004464	A
anno1.g11076.t1	A	BRAKERILHT00000006319	A
anno1.g11077.t1	A	BRAKERILHT00000005886	A
anno1.g11078.t1	A	BRAKERILHT00000004730	A
anno1.g11081.t1	A	BRAKERILHT00000006478	A
anno1.g11082.t2	A	BRAKERILHT00000004935	A
anno1.g11083.t2	A	BRAKERILHT00000006415	A
anno1.g11084.t1	A	BRAKERILHT00000005713	A
anno1.g11086.t1	A	BRAKERILHT00000006188	A
anno1.g11087.t1	A	BRAKERILHT00000004608	A
anno1.g11088.t1	A	BRAKERILHT00000005269	A
anno1.g11089.t1	A	BRAKERILHT00000005607	A
anno1.g11090.t1	A	BRAKERILHT00000000628	A
anno1.g11092.t1	A	BRAKERILHT00000005171	A
anno1.g11095.t1	A	BRAKERILHT00000005585	A
anno1.g11096.t1	A	BRAKERILHT00000005868	A
anno1.g11098.t1	A	BRAKERILHT00000005336	A
anno1.g11102.t1	A	BRAKERILHT00000004745	A
anno1.g11105.t1	A	BRAKERILHT00000006327	A
anno1.g11106.t1	A	BRAKERILHT00000005512	A
anno1.g11107.t1	A	BRAKERILHT00000005060	A
anno1.g11108.t2	A	BRAKERILHT00000005763	A
anno1.g11110.t1	A	BRAKERILHT00000004762	A
anno1.g11111.t1	A	BRAKERILHT00000004961	A
anno1.g11112.t1	A	BRAKERILHT00000005641	A
anno1.g11113.t2	A	BRAKERILHT00000006407	A
anno1.g11115.t1	A	BRAKERILHT00000006392	A
anno1.g11117.t1	A	BRAKERILHT00000005187	A
anno1.g11118.t1	A	BRAKERILHT00000005755	A
anno1.g11119.t1	A	BRAKERILHT00000006054	A
anno1.g11120.t1	A	BRAKERILHT00000004599	A
anno1.g11121.t1	A	BRAKERILHT00000005381	A
anno1.g11124.t1	A	BRAKERILHT00000005982	A
anno1.g11127.t2	A	BRAKERILHT00000004707	A
anno1.g11129.t1	A	BRAKERILHT00000005022	A
anno1.g11130.t2	A	BRAKERILHT00000004871	A
anno1.g11131.t1	A	BRAKERILHT00000006445	A
anno1.g11132.t1	A	BRAKERILHT00000006254	A
anno1.g11134.t1	A	BRAKERILHT00000006298	A
anno1.g11136.t1	A	BRAKERILHT00000005884	A
anno1.g11137.t1	A	BRAKERILHT00000006020	A
anno1.g11138.t1	A	BRAKERILHT00000005029	A
anno1.g11140.t3	A	BRAKERILHT00000004677	A
anno1.g11144.t1	A	BRAKERILHT00000006148	A
anno1.g11145.t2	A	BRAKERILHT00000005588	A
anno1.g11155.t1	A	BRAKERILHT00000005632	A
anno1.g11156.t1	A	BRAKERILHT00000004647	A
anno1.g11157.t1	A	BRAKERILHT00000005635	A
anno1.g11158.t1	A	BRAKERILHT00000004517	A
anno1.g11159.t1	A	BRAKERILHT00000004945	A
anno1.g11160.t1	A	BRAKERILHT00000005108	A
anno1.g11161.t1	A	BRAKERILHT00000004605	A
anno1.g11164.t1	A	BRAKERILHT00000005177	A
anno1.g11167.t1	A	BRAKERILHT00000006315	A
anno1.g11168.t1	A	BRAKERILHT00000004897	A
anno1.g11170.t1	A	BRAKERILHT00000004571	A
anno1.g11171.t1	A	BRAKERILHT00000005944	A
anno1.g11172.t1	A	BRAKERILHT00000006157	A
anno1.g11173.t1	A	BRAKERILHT00000006343	A
anno1.g11174.t1	A	BRAKERILHT00000004774	A
anno1.g11175.t1	A	BRAKERILHT00000004466	A
anno1.g11177.t1	A	BRAKERILHT00000006389	A
anno1.g11178.t1	A	BRAKERILHT00000005919	A
anno1.g11179.t1	A	BRAKERILHT00000005231	A
anno1.g11180.t1	A	BRAKERILHT00000005842	A
anno1.g11181.t1	A	BRAKERILHT00000005875	A
anno1.g11183.t8	A	BRAKERILHT00000006083	A
anno1.g11185.t1	A	BRAKERILHT00000004495	A
anno1.g11186.t1	A	BRAKERILHT00000005178	A
anno1.g11187.t1	A	BRAKERILHT00000006088	A
anno1.g11188.t1	A	BRAKERILHT00000005276	A
anno1.g11190.t1	A	BRAKERILHT00000005723	A
anno1.g11193.t1	A	BRAKERILHT00000005549	A
anno1.g11195.t2	A	BRAKERILHT00000006107	A
anno1.g11196.t1	A	BRAKERILHT00000004663	A
anno1.g11197.t1	A	BRAKERILHT00000005232	A
anno1.g11198.t1	A	BRAKERILHT00000006224	A
anno1.g11199.t1	A	BRAKERILHT00000004859	A
anno1.g11200.t1	A	BRAKERILHT00000005326	A
anno1.g11201.t1	A	BRAKERILHT00000005923	A
anno1.g11203.t1	A	BRAKERILHT00000004560	A
anno1.g11204.t1	A	BRAKERILHT00000004490	A
anno1.g11205.t1	A	BRAKERILHT00000006060	A
anno1.g11206.t1	A	BRAKERILHT00000005841	A
anno1.g11207.t1	A	BRAKERILHT00000005390	A
anno1.g11208.t3	A	BRAKERILHT00000004700	A
anno1.g11209.t1	A	BRAKERILHT00000005298	A
anno1.g11210.t1	A	BRAKERILHT00000004580	A
anno1.g11211.t1	A	BRAKERILHT00000006187	A
anno1.g11212.t1	A	BRAKERILHT00000005513	A
anno1.g11213.t1	A	BRAKERILHT00000005665	A
anno1.g11216.t1	A	BRAKERILHT00000005963	A
anno1.g11219.t1	A	BRAKERILHT00000004510	A
anno1.g11220.t1	A	BRAKERILHT00000005888	A
anno1.g11221.t1	A	BRAKERILHT00000006403	A
anno1.g11222.t1	A	BRAKERILHT00000004920	A
anno1.g11223.t1	A	BRAKERILHT00000005510	A
anno1.g11226.t1	A	BRAKERILHT00000005973	A
anno1.g11227.t1	A	BRAKERILHT00000005368	A
anno1.g11228.t1	A	BRAKERILHT00000005720	A
anno1.g11229.t1	A	BRAKERILHT00000006321	A
anno1.g11230.t1	A	BRAKERILHT00000005795	A
anno1.g11231.t2	A	BRAKERILHT00000004620	A
anno1.g11232.t2	A	BRAKERILHT00000005877	A
anno1.g11233.t1	A	BRAKERILHT00000005147	A
anno1.g11234.t1	A	BRAKERILHT00000004604	A
anno1.g11235.t1	A	BRAKERILHT00000006274	A
anno1.g11236.t1	A	BRAKERILHT00000005942	A
anno1.g11237.t1	A	BRAKERILHT00000005514	A
anno1.g11238.t1	A	BRAKERILHT00000004652	A
anno1.g11240.t1	A	BRAKERILHT00000006110	A
anno1.g11241.t2	A	BRAKERILHT00000005800	A
anno1.g11242.t1	A	BRAKERILHT00000005235	A
anno1.g11244.t1	A	BRAKERILHT00000005066	A
anno1.g11246.t1	A	BRAKERILHT00000005264	A
anno1.g11247.t1	A	BRAKERILHT00000005728	A
anno1.g11248.t1	A	BRAKERILHT00000005831	A
anno1.g11249.t1	A	BRAKERILHT00000004494	A
anno1.g11250.t2	A	BRAKERILHT00000004489	A
anno1.g11251.t1	A	BRAKERILHT00000005061	A
anno1.g11253.t1	A	BRAKERILHT00000005616	A
anno1.g11254.t1	A	BRAKERILHT00000006168	A
anno1.g11255.t1	A	BRAKERILHT00000004771	A
anno1.g11256.t1	A	BRAKERILHT00000005348	A
anno1.g11257.t1	A	BRAKERILHT00000005904	A
anno1.g11258.t1	A	BRAKERILHT00000006341	A
anno1.g11259.t1	A	BRAKERILHT00000004572	A
anno1.g11260.t1	A	BRAKERILHT00000005679	A
anno1.g11263.t1	A	BRAKERILHT00000005208	A
anno1.g11265.t1	A	BRAKERILHT00000006340	A
anno1.g11267.t1	A	BRAKERILHT00000004607	A
anno1.g11268.t1	A	BRAKERILHT00000006071	A
anno1.g11270.t1	A	BRAKERILHT00000006141	A
anno1.g11274.t1	A	BRAKERILHT00000005372	A
anno1.g11280.t1	A	BRAKERILHT00000004801	A
anno1.g11284.t1	A	BRAKERILHT00000005935	A
anno1.g11285.t1	A	BRAKERILHT00000006390	A
anno1.g11286.t2	A	BRAKERILHT00000005670	A
anno1.g11287.t1	A	BRAKERILHT00000005056	A
anno1.g11294.t2	A	BRAKERILHT00000005376	A
anno1.g11296.t1	A	BRAKERILHT00000005858	A
anno1.g11297.t1	A	BRAKERILHT00000006302	A
anno1.g11298.t1	A	BRAKERILHT00000005817	A
anno1.g11307.t1	A	BRAKERILHT00000005852	A
anno1.g11308.t1	A	BRAKERILHT00000004699	A
anno1.g11309.t2	A	BRAKERILHT00000004614	A
anno1.g11310.t1	A	BRAKERILHT00000005823	A
anno1.g11311.t1	A	BRAKERILHT00000005471	A
anno1.g11312.t1	A	BRAKERILHT00000006196	A
anno1.g11313.t2	A	BRAKERILHT00000004825	A
anno1.g11314.t2	A	BRAKERILHT00000005031	A
anno1.g11315.t1	A	BRAKERILHT00000005557	A
anno1.g11316.t1	A	BRAKERILHT00000006413	A
anno1.g11317.t1	A	BRAKERILHT00000004829	A
anno1.g11318.t1	A	BRAKERILHT00000005219	A
anno1.g11319.t2	A	BRAKERILHT00000004769	A
anno1.g11320.t2	A	BRAKERILHT00000005675	A
anno1.g11322.t1	A	BRAKERILHT00000005913	A
anno1.g11326.t1	A	BRAKERILHT00000005571	A
anno1.g11327.t1	A	BRAKERILHT00000005887	A
anno1.g11328.t1	A	BRAKERILHT00000005457	A
anno1.g11329.t1	A	BRAKERILHT00000006024	A
anno1.g11330.t2	A	BRAKERILHT00000005195	A
anno1.g11332.t2	A	BRAKERILHT00000005776	A
anno1.g11333.t1	A	BRAKERILHT00000006149	A
anno1.g11336.t1	A	BRAKERILHT00000006283	A
anno1.g11337.t1	A	BRAKERILHT00000005447	A
anno1.g11338.t2	A	BRAKERILHT00000005094	A
anno1.g11339.t1	A	BRAKERILHT00000005244	A
anno1.g11340.t3	A	BRAKERILHT00000005220	A
anno1.g11345.t1	A	BRAKERILHT00000005739	A
anno1.g11346.t1	A	BRAKERILHT00000006457	A
anno1.g11348.t1	A	BRAKERILHT00000005999	A
anno1.g11350.t2	A	BRAKERILHT00000004820	A
anno1.g11351.t2	A	BRAKERILHT00000005396	A
anno1.g11352.t1	A	BRAKERILHT00000006053	A
anno1.g11353.t1	A	BRAKERILHT00000005490	A
anno1.g11354.t3	A	BRAKERILHT00000004958	A
anno1.g11355.t1	A	BRAKERILHT00000004623	A
anno1.g11356.t1	A	BRAKERILHT00000006279	A
anno1.g11357.t1	A	BRAKERILHT00000005421	A
anno1.g11358.t1	A	BRAKERILHT00000004926	A
anno1.g11360.t1	A	BRAKERILHT00000005291	A
anno1.g11361.t1	A	BRAKERILHT00000005594	A
anno1.g11363.t2	A	BRAKERILHT00000006210	A
anno1.g11364.t1	A	BRAKERILHT00000004483	A
anno1.g11365.t1	A	BRAKERILHT00000006214	A
anno1.g11366.t2	A	BRAKERILHT00000004486	A
anno1.g11367.t1	A	BRAKERILHT00000006397	A
anno1.g11368.t1	A	BRAKERILHT00000004714	A
anno1.g11369.t7	A	BRAKERILHT00000005522	A
anno1.g11370.t1	A	BRAKERILHT00000005339	A
anno1.g11372.t1	A	BRAKERILHT00000005772	A
anno1.g11376.t1	A	BRAKERILHT00000006426	A
anno1.g11378.t1	A	BRAKERILHT00000005122	A
anno1.g11381.t1	A	BRAKERILHT00000004834	A
anno1.g11383.t1	A	BRAKERILHT00000006408	A
anno1.g11390.t1	A	BRAKERILHT00000005243	A
anno1.g11391.t1	A	BRAKERILHT00000004783	A
anno1.g11392.t1	A	BRAKERILHT00000006420	A
anno1.g11393.t1	A	BRAKERILHT00000004537	A
anno1.g11395.t1	A	BRAKERILHT00000005943	A
anno1.g11398.t1	A	BRAKERILHT00000006374	A
anno1.g11399.t1	A	BRAKERILHT00000005246	A
anno1.g11400.t1	A	BRAKERILHT00000005667	A
anno1.g11401.t1	A	BRAKERILHT00000006126	A
anno1.g11402.t1	A	BRAKERILHT00000004502	A
anno1.g11403.t4	A	BRAKERILHT00000006409	A
anno1.g11404.t1	A	BRAKERILHT00000006204	A
anno1.g11406.t1	A	BRAKERILHT00000005233	A
anno1.g11407.t1	A	BRAKERILHT00000004546	A
anno1.g11409.t1	A	BRAKERILHT00000005088	A
anno1.g11410.t1	A	BRAKERILHT00000005912	A
anno1.g11411.t2	A	BRAKERILHT00000005958	A
anno1.g11412.t2	A	BRAKERILHT00000005363	A
anno1.g11414.t1	A	BRAKERILHT00000005648	A
anno1.g11415.t3	A	BRAKERILHT00000005779	A
anno1.g11417.t1	A	BRAKERILHT00000005995	A
anno1.g11419.t1	A	BRAKERILHT00000004973	A
anno1.g11421.t1	A	BRAKERILHT00000004487	A
anno1.g11422.t1	A	BRAKERILHT00000005673	A
anno1.g11423.t1	A	BRAKERILHT00000005267	A
anno1.g11424.t1	A	BRAKERILHT00000005050	A
anno1.g11425.t1	A	BRAKERILHT00000006097	A
anno1.g11426.t1	A	BRAKERILHT00000004626	A
anno1.g11427.t1	A	BRAKERILHT00000005253	A
anno1.g11432.t1	A	BRAKERILHT00000004559	A
anno1.g11433.t1	A	BRAKERILHT00000005949	A
anno1.g11435.t1	A	BRAKERILHT00000004757	A
anno1.g11436.t1	A	BRAKERILHT00000004634	A
anno1.g11437.t1	A	BRAKERILHT00000005897	A
anno1.g11439.t1	A	BRAKERILHT00000006310	A
anno1.g11440.t2	A	BRAKERILHT00000005622	A
anno1.g11441.t1	A	BRAKERILHT00000006044	A
anno1.g11443.t1	A	BRAKERILHT00000005379	A
anno1.g11449.t1	A	BRAKERILHT00000005120	A
anno1.g11450.t1	A	BRAKERILHT00000006429	A
anno1.g11459.t4	A	BRAKERILHT00000006427	A
anno1.g11462.t1	A	BRAKERILHT00000004977	A
anno1.g11469.t1	A	BRAKERILHT00000005258	A
anno1.g11474.t1	A	BRAKERILHT00000004994	A
anno1.g11479.t1	A	BRAKERILHT00000005281	A
anno1.g11481.t1	A	BRAKERILHT00000004779	A
anno1.g11485.t1	A	BRAKERILHT00000005601	A
anno1.g11487.t1	A	BRAKERILHT00000005436	A
anno1.g11489.t1	A	BRAKERILHT00000005099	A
anno1.g11491.t1	A	BRAKERILHT00000015996	A
anno1.g11492.t2	A	BRAKERILHT00000015875	A
anno1.g11493.t2	A	BRAKERILHT00000005742	A
anno1.g11494.t2	A	BRAKERILHT00000004643	A
anno1.g11495.t1	A	BRAKERILHT00000005015	A
anno1.g11496.t2	A	BRAKERILHT00000004916	A
anno1.g11497.t1	A	BRAKERILHT00000005898	A
anno1.g11498.t1	A	BRAKERILHT00000005084	A
anno1.g11499.t1	A	BRAKERILHT00000005801	A
anno1.g11501.t1	A	BRAKERILHT00000004940	A
anno1.g11502.t1	A	BRAKERILHT00000005563	A
anno1.g11503.t1	A	BRAKERILHT00000005536	A
anno1.g11510.t1	A	BRAKERILHT00000005433	A
anno1.g11511.t1	A	BRAKERILHT00000005498	A
anno1.g11514.t1	A	BRAKERILHT00000010788	A
anno1.g11517.t1	A	BRAKERILHT00000005892	A
anno1.g11518.t1	A	BRAKERILHT00000006447	A
anno1.g11519.t4	A	BRAKERILHT00000004746	A
anno1.g11520.t1	A	BRAKERILHT00000005282	A
anno1.g11521.t2	A	BRAKERILHT00000005596	A
anno1.g11524.t1	A	BRAKERILHT00000005454	A
anno1.g11525.t1	A	BRAKERILHT00000006038	A
anno1.g11527.t2	A	BRAKERILHT00000005410	A
anno1.g11528.t1	A	BRAKERILHT00000006829	A
anno1.g11532.t1	A	BRAKERILHT00000005924	A
anno1.g11533.t2	A	BRAKERILHT00000005047	A
anno1.g11534.t1	A	BRAKERILHT00000004516	A
anno1.g11535.t2	A	BRAKERILHT00000005561	A
anno1.g11536.t1	A	BRAKERILHT00000006018	A
anno1.g11538.t1	A	BRAKERILHT00000004456	A
anno1.g11539.t1	A	BRAKERILHT00000005360	A
anno1.g11540.t1	A	BRAKERILHT00000005863	A
anno1.g11541.t2	A	BRAKERILHT00000005087	A
anno1.g11542.t1	A	BRAKERILHT00000003658	A
anno1.g11543.t1	A	BRAKERILHT00000005332	A
anno1.g11544.t1	A	BRAKERILHT00000009351	A
anno1.g11545.t1	A	BRAKERILHT00000006026	A
anno1.g11546.t2	A	BRAKERILHT00000006223	A
anno1.g11547.t1	A	BRAKERILHT00000005811	A
anno1.g11548.t1	A	BRAKERILHT00000005444	A
anno1.g11549.t3	A	BRAKERILHT00000005980	A
anno1.g11550.t2	A	BRAKERILHT00000006121	A
anno1.g11552.t1	A	BRAKERILHT00000005938	A
anno1.g11554.t1	A	BRAKERILHT00000005300	A
anno1.g11558.t1	A	BRAKERILHT00000006467	A
anno1.g11559.t1	A	BRAKERILHT00000005033	A
anno1.g11560.t1	A	BRAKERILHT00000005467	A
anno1.g11561.t1	A	BRAKERILHT00000006152	A
anno1.g11564.t1	A	BRAKERILHT00000005729	A
anno1.g11565.t1	A	BRAKERILHT00000005529	A
anno1.g11566.t2	A	BRAKERILHT00000005014	A
anno1.g11567.t1	A	BRAKERILHT00000006411	A
anno1.g11569.t1	A	BRAKERILHT00000006472	A
anno1.g11570.t1	A	BRAKERILHT00000005123	A
anno1.g11572.t2	A	BRAKERILHT00000004681	A
anno1.g11573.t1	A	BRAKERILHT00000004764	A
anno1.g11574.t2	A	BRAKERILHT00000005586	A
anno1.g11575.t1	A	BRAKERILHT00000005394	A
anno1.g11576.t1	A	BRAKERILHT00000004713	A
anno1.g11577.t1	A	BRAKERILHT00000006070	A
anno1.g11578.t1	A	BRAKERILHT00000004867	A
anno1.g11579.t1	A	BRAKERILHT00000005286	A
anno1.g11580.t1	A	BRAKERILHT00000006046	A
anno1.g11581.t1	A	BRAKERILHT00000004481	A
anno1.g11583.t2	A	BRAKERILHT00000005329	A
anno1.g11585.t1	A	BRAKERILHT00000005882	A
anno1.g11586.t1	A	BRAKERILHT00000004814	A
anno1.g11587.t1	A	BRAKERILHT00000005369	A
anno1.g11588.t1	A	BRAKERILHT00000005072	A
anno1.g11589.t1	A	BRAKERILHT00000006295	A
anno1.g11590.t2	A	BRAKERILHT00000004925	A
anno1.g11591.t1	A	BRAKERILHT00000005317	A
anno1.g11592.t1	A	BRAKERILHT00000016584	A
anno1.g11593.t1	A	BRAKERILHT00000004722	A
anno1.g11594.t1	A	BRAKERILHT00000006133	A
anno1.g11596.t1	A	BRAKERILHT00000005323	A
anno1.g11597.t1	A	BRAKERILHT00000005662	A
anno1.g11598.t1	A	BRAKERILHT00000005139	A
anno1.g11599.t1	A	BRAKERILHT00000006087	A
anno1.g11600.t1	A	BRAKERILHT00000005642	A
anno1.g11601.t1	A	BRAKERILHT00000004970	A
anno1.g11602.t1	A	BRAKERILHT00000006385	A
anno1.g11603.t1	A	BRAKERILHT00000005946	A
anno1.g11604.t1	A	BRAKERILHT00000005142	A
anno1.g11605.t1	A	BRAKERILHT00000004807	A
anno1.g11606.t1	A	BRAKERILHT00000006474	A
anno1.g11607.t1	A	BRAKERILHT00000006125	A
anno1.g11608.t1	A	BRAKERILHT00000005194	A
anno1.g11609.t1	A	BRAKERILHT00000006371	A
anno1.g11610.t1	A	BRAKERILHT00000004766	A
anno1.g11611.t1	A	BRAKERILHT00000004826	A
anno1.g11612.t2	A	BRAKERILHT00000004660	A
anno1.g11613.t1	A	BRAKERILHT00000005730	A
anno1.g11615.t1	A	BRAKERILHT00000005185	A
anno1.g11616.t1	A	BRAKERILHT00000005699	A
anno1.g11617.t1	A	BRAKERILHT00000004840	A
anno1.g11618.t1	A	BRAKERILHT00000006309	A
anno1.g11619.t1	A	BRAKERILHT00000006056	A
anno1.g11620.t1	A	BRAKERILHT00000005491	A
anno1.g11624.t1	A	BRAKERILHT00000005560	A
anno1.g11626.t1	A	BRAKERILHT00000004613	A
anno1.g11627.t2	A	BRAKERILHT00000004733	A
anno1.g11628.t1	A	BRAKERILHT00000004470	A
anno1.g11629.t1	A	BRAKERILHT00000005346	A
anno1.g11631.t1	A	BRAKERILHT00000005582	A
anno1.g11633.t1	A	BRAKERILHT00000002502	A
anno1.g11639.t1	A	BRAKERILHT00000005435	A
anno1.g11640.t1	A	BRAKERILHT00000005479	A
anno1.g11642.t1	A	BRAKERILHT00000005506	A
anno1.g11643.t2	A	BRAKERILHT00000005834	A
anno1.g11644.t1	A	BRAKERILHT00000005395	A
anno1.g11646.t1	A	BRAKERILHT00000005492	A
anno1.g11647.t1	A	BRAKERILHT00000005555	A
anno1.g11648.t1	A	BRAKERILHT00000005997	A
anno1.g11649.t1	A	BRAKERILHT00000004686	A
anno1.g11650.t1	A	BRAKERILHT00000004622	A
anno1.g11651.t1	A	BRAKERILHT00000005774	A
anno1.g11655.t1	A	BRAKERILHT00000004684	A
anno1.g11657.t1	A	BRAKERILHT00000005548	A
anno1.g11658.t1	A	BRAKERILHT00000004901	A
anno1.g11659.t1	A	BRAKERILHT00000005324	A
anno1.g11660.t2	A	BRAKERILHT00000006177	A
anno1.g11661.t1	A	BRAKERILHT00000004625	A
anno1.g11662.t1	A	BRAKERILHT00000005008	A
anno1.g11664.t2	A	BRAKERILHT00000006096	A
anno1.g11663.t3	A	BRAKERILHT00000005753	A
anno1.g11665.t1	A	BRAKERILHT00000006178	A
anno1.g11667.t1	A	BRAKERILHT00000005472	A
anno1.g11668.t1	A	BRAKERILHT00000005417	A
anno1.g11669.t1	A	BRAKERILHT00000004750	A
anno1.g11670.t1	A	BRAKERILHT00000005981	A
anno1.g11671.t1	A	BRAKERILHT00000005340	A
anno1.g11672.t1	A	BRAKERILHT00000005206	A
anno1.g11673.t1	A	BRAKERILHT00000004638	A
anno1.g11674.t1	A	BRAKERILHT00000006365	A
anno1.g11675.t1	A	BRAKERILHT00000005806	A
anno1.g11677.t2	A	BRAKERILHT00000004991	A
anno1.g11679.t1	A	BRAKERILHT00000011739	A
anno1.g11680.t1	A	BRAKERILHT00000004845	A
anno1.g11681.t1	A	BRAKERILHT00000004759	A
anno1.g11682.t1	A	BRAKERILHT00000005207	A
anno1.g11683.t1	A	BRAKERILHT00000006433	A
anno1.g11684.t1	A	BRAKERILHT00000005484	A
anno1.g11685.t1	A	BRAKERILHT00000005043	A
anno1.g11686.t1	A	BRAKERILHT00000004485	A
anno1.g11687.t1	A	BRAKERILHT00000006068	A
anno1.g11688.t1	A	BRAKERILHT00000005627	A
anno1.g11689.t1	A	BRAKERILHT00000005976	A
anno1.g11690.t1	A	BRAKERILHT00000004524	A
anno1.g11691.t1	A	BRAKERILHT00000005312	A
anno1.g11693.t1	A	BRAKERILHT00000006259	A
anno1.g11695.t1	A	BRAKERILHT00000004782	A
anno1.g11696.t1	A	BRAKERILHT00000005263	A
anno1.g11697.t1	A	BRAKERILHT00000004841	A
anno1.g11698.t1	A	BRAKERILHT00000006213	A
anno1.g11699.t3	A	BRAKERILHT00000005234	A
anno1.g11700.t2	A	BRAKERILHT00000005071	A
anno1.g11701.t1	A	BRAKERILHT00000004627	A
anno1.g11702.t2	A	BRAKERILHT00000006161	A
anno1.g11703.t2	A	BRAKERILHT00000005587	A
anno1.g11705.t1	A	BRAKERILHT00000005760	A
anno1.g11706.t1	A	BRAKERILHT00000004689	A
anno1.g11707.t2	A	BRAKERILHT00000005252	A
anno1.g11708.t1	A	BRAKERILHT00000004933	A
anno1.g11710.t1	A	BRAKERILHT00000006256	A
anno1.g11711.t1	A	BRAKERILHT00000005803	A
anno1.g11712.t1	A	BRAKERILHT00000005965	A
anno1.g11713.t1	A	BRAKERILHT00000004657	A
anno1.g11714.t1	A	BRAKERILHT00000006181	A
anno1.g11715.t1	A	BRAKERILHT00000006425	A
anno1.g11716.t1	A	BRAKERILHT00000004758	A
anno1.g11717.t1	A	BRAKERILHT00000005054	A
anno1.g11720.t1	A	BRAKERILHT00000005499	A
anno1.g11721.t1	A	BRAKERILHT00000004549	A
anno1.g11722.t1	A	BRAKERILHT00000005996	A
anno1.g11723.t1	A	BRAKERILHT00000005860	A
anno1.g11724.t3	A	BRAKERILHT00000004975	A
anno1.g11727.t1	A	BRAKERILHT00000006352	A
anno1.g11728.t1	A	BRAKERILHT00000005530	A
anno1.g11729.t3	A	BRAKERILHT00000004749	A
anno1.g11730.t1	A	BRAKERILHT00000005953	A
anno1.g11731.t1	A	BRAKERILHT00000005412	A
anno1.g11735.t2	A	BRAKERILHT00000005559	A
anno1.g11737.t1	A	BRAKERILHT00000004980	A
anno1.g11740.t1	A	BRAKERILHT00000004488	A
anno1.g11742.t1	A	BRAKERILHT00000005626	A
anno1.g11743.t1	A	BRAKERILHT00000017591	X
anno1.g11750.t1	A	BRAKERILHT00000005928	A
anno1.g11751.t1	A	BRAKERILHT00000006451	A
anno1.g11752.t1	A	BRAKERILHT00000004674	A
anno1.g11753.t1	A	BRAKERILHT00000006120	A
anno1.g11759.t1	A	BRAKERILHT00000005869	A
anno1.g11760.t1	A	BRAKERILHT00000005051	A
anno1.g11767.t1	A	BRAKERILHT00000005265	A
anno1.g11769.t1	A	BRAKERILHT00000006184	A
anno1.g11773.t1	A	BRAKERILHT00000004504	A
anno1.g11774.t2	A	BRAKERILHT00000006185	A
anno1.g11776.t1	A	BRAKERILHT00000005839	A
anno1.g11777.t1	A	BRAKERILHT00000004654	A
anno1.g11778.t1	A	BRAKERILHT00000005961	A
anno1.g11782.t1	A	BRAKERILHT00000005580	A
anno1.g11783.t1	A	BRAKERILHT00000005303	A
anno1.g11784.t1	A	BRAKERILHT00000004736	A
anno1.g11785.t1	A	BRAKERILHT00000005249	A
anno1.g11787.t1	A	BRAKERILHT00000006459	A
anno1.g11790.t1	A	BRAKERILHT00000005151	A
anno1.g11791.t1	A	BRAKERILHT00000006292	A
anno1.g11792.t1	A	BRAKERILHT00000004717	A
anno1.g11793.t1	A	BRAKERILHT00000005017	A
anno1.g11794.t1	A	BRAKERILHT00000005460	A
anno1.g11795.t1	A	BRAKERILHT00000004974	A
anno1.g11796.t1	A	BRAKERILHT00000004637	A
anno1.g11797.t3	A	BRAKERILHT00000005144	A
anno1.g11798.t1	A	BRAKERILHT00000004667	A
anno1.g11799.t1	A	BRAKERILHT00000005881	A
anno1.g11800.t2	A	BRAKERILHT00000005446	A
anno1.g11801.t1	A	BRAKERILHT00000005012	A
anno1.g11802.t1	A	BRAKERILHT00000005671	A
anno1.g11803.t1	A	BRAKERILHT00000004553	A
anno1.g11804.t1	A	BRAKERILHT00000005069	A
anno1.g11805.t1	A	BRAKERILHT00000006394	A
anno1.g11806.t1	A	BRAKERILHT00000005643	A
anno1.g11807.t1	A	BRAKERILHT00000005977	A
anno1.g11808.t1	A	BRAKERILHT00000005657	A
anno1.g11809.t1	A	BRAKERILHT00000004619	A
anno1.g11811.t1	A	BRAKERILHT00000005292	A
anno1.g11813.t1	A	BRAKERILHT00000005190	A
anno1.g11814.t1	A	BRAKERILHT00000005957	A
anno1.g11815.t1	A	BRAKERILHT00000004522	A
anno1.g11816.t1	A	BRAKERILHT00000005661	A
anno1.g11820.t1	A	BRAKERILHT00000005113	A
anno1.g11821.t1	A	BRAKERILHT00000006191	A
anno1.g11822.t1	A	BRAKERILHT00000004703	A
anno1.g11823.t1	A	BRAKERILHT00000005274	A
anno1.g11825.t1	A	BRAKERILHT00000004960	A
anno1.g11826.t1	A	BRAKERILHT00000004956	A
anno1.g11827.t1	A	BRAKERILHT00000006434	A
anno1.g11828.t1	A	BRAKERILHT00000005173	A
anno1.g11831.t1	A	BRAKERILHT00000004469	A
anno1.g11833.t2	A	BRAKERILHT00000004953	A
anno1.g11835.t1	A	BRAKERILHT00000013309	A
anno1.g11840.t1	A	BRAKERILHT00000015804	A
anno1.g11843.t1	A	BRAKERILHT00000016066	A
anno1.g11852.t1	A	BRAKERILHT00000016242	A
anno1.g11854.t3	A	BRAKERILHT00000016713	A
anno1.g11855.t1	A	BRAKERILHT00000016255	A
anno1.g11856.t1	A	BRAKERILHT00000015943	A
anno1.g11857.t3	A	BRAKERILHT00000016946	A
anno1.g11863.t1	A	BRAKERILHT00000015897	A
anno1.g11866.t1	A	BRAKERILHT00000014235	A
anno1.g11868.t1	A	BRAKERILHT00000017829	X
anno1.g11869.t1	A	BRAKERILHT00000016977	A
anno1.g11870.t3	A	BRAKERILHT00000016994	X
anno1.g11872.t1	A	BRAKERILHT00000016086	A
anno1.g11873.t1	A	BRAKERILHT00000016848	A
anno1.g11876.t1	A	BRAKERILHT00000016687	A
anno1.g11877.t1	A	BRAKERILHT00000015939	A
anno1.g11878.t1	A	BRAKERILHT00000016075	A
anno1.g11879.t1	A	BRAKERILHT00000016660	A
anno1.g11881.t1	A	BRAKERILHT00000016089	A
anno1.g11882.t1	A	BRAKERILHT00000016601	A
anno1.g11883.t1	A	BRAKERILHT00000016187	A
anno1.g11886.t3	A	BRAKERILHT00000016804	A
anno1.g11887.t1	A	BRAKERILHT00000016415	A
anno1.g11888.t1	A	BRAKERILHT00000016045	A
anno1.g11890.t1	A	BRAKERILHT00000015653	A
anno1.g11892.t1	A	BRAKERILHT00000016575	A
anno1.g11893.t1	A	BRAKERILHT00000015792	A
anno1.g11894.t1	A	BRAKERILHT00000016392	A
anno1.g11895.t2	A	BRAKERILHT00000016226	A
anno1.g11901.t1	A	BRAKERILHT00000016535	A
anno1.g11902.t3	A	BRAKERILHT00000016853	A
anno1.g11903.t1	A	BRAKERILHT00000015919	A
anno1.g11906.t1	A	BRAKERILHT00000016468	A
anno1.g11907.t1	A	BRAKERILHT00000015685	A
anno1.g11910.t1	A	BRAKERILHT00000016155	A
anno1.g11918.t2	A	BRAKERILHT00000016081	A
anno1.g11919.t1	A	BRAKERILHT00000016670	A
anno1.g11921.t1	A	BRAKERILHT00000015441	A
anno1.g11924.t1	A	BRAKERILHT00000015285	A
anno1.g11925.t1	A	BRAKERILHT00000014744	A
anno1.g11926.t1	A	BRAKERILHT00000014641	A
anno1.g11927.t1	A	BRAKERILHT00000015096	A
anno1.g11929.t1	A	BRAKERILHT00000014464	A
anno1.g11930.t2	A	BRAKERILHT00000014930	A
anno1.g11931.t1	A	BRAKERILHT00000015412	A
anno1.g11933.t2	A	BRAKERILHT00000014074	A
anno1.g11934.t1	A	BRAKERILHT00000014719	A
anno1.g11935.t1	A	BRAKERILHT00000014778	A
anno1.g11936.t1	A	BRAKERILHT00000014331	A
anno1.g11938.t1	A	BRAKERILHT00000015324	A
anno1.g11939.t1	A	BRAKERILHT00000014868	A
anno1.g11940.t1	A	BRAKERILHT00000014375	A
anno1.g11941.t1	A	BRAKERILHT00000017203	X
anno1.g11942.t2	A	BRAKERILHT00000014822	A
anno1.g11943.t1	A	BRAKERILHT00000015381	A
anno1.g11944.t1	A	BRAKERILHT00000015198	A
anno1.g11946.t1	A	BRAKERILHT00000015304	A
anno1.g11947.t1	A	BRAKERILHT00000014104	A
anno1.g11948.t1	A	BRAKERILHT00000014444	A
anno1.g11949.t1	A	BRAKERILHT00000014907	A
anno1.g11951.t1	A	BRAKERILHT00000016157	A
anno1.g11953.t1	A	BRAKERILHT00000015702	A
anno1.g11960.t1	A	BRAKERILHT00000016103	A
anno1.g11961.t1	A	BRAKERILHT00000016944	A
anno1.g11965.t1	A	BRAKERILHT00000016734	A
anno1.g11966.t1	A	BRAKERILHT00000016145	A
anno1.g11967.t1	A	BRAKERILHT00000016610	A
anno1.g11969.t1	A	BRAKERILHT00000016907	A
anno1.g11970.t2	A	BRAKERILHT00000015652	A
anno1.g11971.t1	A	BRAKERILHT00000014265	A
anno1.g11973.t1	A	BRAKERILHT00000015070	A
anno1.g11975.t1	A	BRAKERILHT00000015507	A
anno1.g11977.t1	A	BRAKERILHT00000015299	A
anno1.g11978.t1	A	BRAKERILHT00000014892	A
anno1.g11979.t1	A	BRAKERILHT00000014722	A
anno1.g11980.t1	A	BRAKERILHT00000014408	A
anno1.g11981.t1	A	BRAKERILHT00000015436	A
anno1.g11983.t1	A	BRAKERILHT00000015387	A
anno1.g11984.t1	A	BRAKERILHT00000014133	A
anno1.g11986.t1	A	BRAKERILHT00000014529	A
anno1.g11987.t1	A	BRAKERILHT00000014741	A
anno1.g11988.t1	A	BRAKERILHT00000014397	A
anno1.g11990.t1	A	BRAKERILHT00000018050	X
anno1.g11991.t1	A	BRAKERILHT00000014853	A
anno1.g11992.t1	A	BRAKERILHT00000014648	A
anno1.g11993.t1	A	BRAKERILHT00000011049	A
anno1.g11999.t1	A	BRAKERILHT00000006172	A
anno1.g12001.t1	A	BRAKERILHT00000014684	A
anno1.g12004.t1	A	BRAKERILHT00000002221	A
anno1.g12006.t1	A	BRAKERILHT00000017990	X
anno1.g12013.t2	A	BRAKERILHT00000017087	X
anno1.g12022.t1	A	BRAKERILHT00000014349	A
anno1.g12023.t1	A	BRAKERILHT00000015450	A
anno1.g12024.t1	A	BRAKERILHT00000014707	A
anno1.g12025.t1	A	BRAKERILHT00000015073	A
anno1.g12026.t1	A	BRAKERILHT00000015539	A
anno1.g12027.t1	A	BRAKERILHT00000014975	A
anno1.g12028.t2	A	BRAKERILHT00000014289	A
anno1.g12029.t2	A	BRAKERILHT00000014636	A
anno1.g12031.t1	A	BRAKERILHT00000015051	A
anno1.g12032.t1	A	BRAKERILHT00000015537	A
anno1.g12033.t1	A	BRAKERILHT00000014634	A
anno1.g12034.t1	A	BRAKERILHT00000015140	A
anno1.g12035.t1	A	BRAKERILHT00000014626	A
anno1.g12038.t1	A	BRAKERILHT00000014789	A
anno1.g12039.t3	A	BRAKERILHT00000015404	A
anno1.g12040.t1	A	BRAKERILHT00000014526	A
anno1.g12041.t1	A	BRAKERILHT00000015358	A
anno1.g12042.t1	A	BRAKERILHT00000015268	A
anno1.g12043.t1	A	BRAKERILHT00000014927	A
anno1.g12044.t2	A	BRAKERILHT00000014073	A
anno1.g12045.t1	A	BRAKERILHT00000014913	A
anno1.g12046.t1	A	BRAKERILHT00000014465	A
anno1.g12047.t1	A	BRAKERILHT00000014318	A
anno1.g12048.t1	A	BRAKERILHT00000014826	A
anno1.g12049.t1	A	BRAKERILHT00000014378	A
anno1.g12050.t1	A	BRAKERILHT00000014808	A
anno1.g12051.t1	A	BRAKERILHT00000014141	A
anno1.g12052.t1	A	BRAKERILHT00000015495	A
anno1.g12053.t1	A	BRAKERILHT00000014161	A
anno1.g12054.t1	A	BRAKERILHT00000014597	A
anno1.g12056.t1	A	BRAKERILHT00000015378	A
anno1.g12057.t1	A	BRAKERILHT00000014451	A
anno1.g12058.t1	A	BRAKERILHT00000014874	A
anno1.g12059.t1	A	BRAKERILHT00000014720	A
anno1.g12060.t1	A	BRAKERILHT00000015443	A
anno1.g12063.t1	A	BRAKERILHT00000015395	A
anno1.g12064.t1	A	BRAKERILHT00000014353	A
anno1.g12065.t1	A	BRAKERILHT00000014816	A
anno1.g12066.t1	A	BRAKERILHT00000014848	A
anno1.g12067.t1	A	BRAKERILHT00000015310	A
anno1.g12068.t1	A	BRAKERILHT00000015127	A
anno1.g12071.t2	A	BRAKERILHT00000015520	A
anno1.g12072.t1	A	BRAKERILHT00000015235	A
anno1.g12074.t2	A	BRAKERILHT00000014082	A
anno1.g12075.t1	A	BRAKERILHT00000014918	A
anno1.g12076.t1	A	BRAKERILHT00000015367	A
anno1.g12080.t1	A	BRAKERILHT00000014066	A
anno1.g12086.t1	A	BRAKERILHT00000015492	A
anno1.g12088.t2	A	BRAKERILHT00000015164	A
anno1.g12092.t1	A	BRAKERILHT00000015134	A
anno1.g12094.t1	A	BRAKERILHT00000015535	A
anno1.g12095.t1	A	BRAKERILHT00000014325	A
anno1.g12096.t2	A	BRAKERILHT00000015095	A
anno1.g12102.t2	A	BRAKERILHT00000014233	A
anno1.g12106.t1	A	BRAKERILHT00000014914	A
anno1.g12116.t1	A	BRAKERILHT00000015216	A
anno1.g12117.t1	A	BRAKERILHT00000014055	A
anno1.g12120.t1	A	BRAKERILHT00000014902	A
anno1.g12121.t1	A	BRAKERILHT00000015482	A
anno1.g12123.t2	A	BRAKERILHT00000014749	A
anno1.g12124.t1	A	BRAKERILHT00000015169	A
anno1.g12126.t1	A	BRAKERILHT00000014847	A
anno1.g12131.t1	A	BRAKERILHT00000015355	A
anno1.g12132.t1	A	BRAKERILHT00000014645	A
anno1.g12133.t2	A	BRAKERILHT00000014776	A
anno1.g12134.t1	A	BRAKERILHT00000014781	A
anno1.g12136.t1	A	BRAKERILHT00000014731	A
anno1.g12140.t1	A	BRAKERILHT00000014050	A
anno1.g12141.t1	A	BRAKERILHT00000015022	A
anno1.g12142.t1	A	BRAKERILHT00000015335	A
anno1.g12143.t1	A	BRAKERILHT00000014658	A
anno1.g12154.t1	A	BRAKERILHT00000014589	A
anno1.g12155.t1	A	BRAKERILHT00000015034	A
anno1.g12156.t1	A	BRAKERILHT00000015491	A
anno1.g12157.t1	A	BRAKERILHT00000014358	A
anno1.g12158.t1	A	BRAKERILHT00000014846	A
anno1.g12162.t1	A	BRAKERILHT00000002133	A
anno1.g12163.t1	A	BRAKERILHT00000015293	A
anno1.g12164.t1	A	BRAKERILHT00000014136	A
anno1.g12165.t1	A	BRAKERILHT00000014982	A
anno1.g12166.t1	A	BRAKERILHT00000015511	A
anno1.g12168.t1	A	BRAKERILHT00000014536	A
anno1.g12169.t3	A	BRAKERILHT00000015192	A
anno1.g12170.t1	A	BRAKERILHT00000014035	A
anno1.g12171.t1	A	BRAKERILHT00000014311	A
anno1.g12172.t1	A	BRAKERILHT00000014103	A
anno1.g12173.t1	A	BRAKERILHT00000015240	A
anno1.g12174.t1	A	BRAKERILHT00000014798	A
anno1.g12177.t1	A	BRAKERILHT00000015180	A
anno1.g12178.t1	A	BRAKERILHT00000015172	A
anno1.g12181.t2	A	BRAKERILHT00000014651	A
anno1.g12183.t1	A	BRAKERILHT00000015011	A
anno1.g12185.t1	A	BRAKERILHT00000015006	A
anno1.g12186.t1	A	BRAKERILHT00000014283	A
anno1.g12187.t1	A	BRAKERILHT00000014632	A
anno1.g12188.t1	A	BRAKERILHT00000014471	A
anno1.g12190.t1	A	BRAKERILHT00000015544	A
anno1.g12191.t1	A	BRAKERILHT00000014114	A
anno1.g12192.t1	A	BRAKERILHT00000014659	A
anno1.g12193.t1	A	BRAKERILHT00000014155	A
anno1.g12194.t1	A	BRAKERILHT00000015273	A
anno1.g12195.t1	A	BRAKERILHT00000014819	A
anno1.g12197.t1	A	BRAKERILHT00000014163	A
anno1.g12198.t1	A	BRAKERILHT00000014815	A
anno1.g12199.t1	A	BRAKERILHT00000014148	A
anno1.g12200.t2	A	BRAKERILHT00000014138	A
anno1.g12201.t1	A	BRAKERILHT00000014282	A
anno1.g12203.t1	A	BRAKERILHT00000004034	A
anno1.g12205.t1	A	BRAKERILHT00000015175	A
anno1.g12206.t1	A	BRAKERILHT00000015527	A
anno1.g12207.t2	A	BRAKERILHT00000014121	A
anno1.g12208.t1	A	BRAKERILHT00000014476	A
anno1.g12209.t2	A	BRAKERILHT00000015454	A
anno1.g12211.t1	A	BRAKERILHT00000014703	A
anno1.g12212.t1	A	BRAKERILHT00000014204	A
anno1.g12213.t1	A	BRAKERILHT00000010765	A
anno1.g12214.t1	A	BRAKERILHT00000015558	A
anno1.g12215.t1	A	BRAKERILHT00000015206	A
anno1.g12216.t2	A	BRAKERILHT00000015465	A
anno1.g12217.t1	A	BRAKERILHT00000014127	A
anno1.g12218.t1	A	BRAKERILHT00000014486	A
anno1.g12219.t1	A	BRAKERILHT00000015342	A
anno1.g12220.t1	A	BRAKERILHT00000014514	A
anno1.g12222.t1	A	BRAKERILHT00000015325	A
anno1.g12223.t1	A	BRAKERILHT00000014083	A
anno1.g12224.t1	A	BRAKERILHT00000014390	A
anno1.g12226.t1	A	BRAKERILHT00000014862	A
anno1.g12227.t2	A	BRAKERILHT00000014984	A
anno1.g12228.t1	A	BRAKERILHT00000015117	A
anno1.g12230.t2	A	BRAKERILHT00000015046	A
anno1.g12231.t1	A	BRAKERILHT00000016123	A
anno1.g12238.t1	A	BRAKERILHT00000014078	A
anno1.g12242.t1	A	BRAKERILHT00000014093	A
anno1.g12247.t1	A	BRAKERILHT00000014199	A
anno1.g12249.t1	A	BRAKERILHT00000014107	A
anno1.g12250.t1	A	BRAKERILHT00000015015	A
anno1.g12256.t1	A	BRAKERILHT00000014134	A
anno1.g12257.t1	A	BRAKERILHT00000012262	A
anno1.g12260.t1	A	BRAKERILHT00000000802	A
anno1.g12263.t1	A	BRAKERILHT00000014113	A
anno1.g12265.t1	A	BRAKERILHT00000014039	A
anno1.g12266.t3	A	BRAKERILHT00000015260	A
anno1.g12267.t1	A	BRAKERILHT00000014775	A
anno1.g12268.t1	A	BRAKERILHT00000015409	A
anno1.g12270.t1	A	BRAKERILHT00000014260	A
anno1.g12271.t1	A	BRAKERILHT00000015394	A
anno1.g12272.t1	A	BRAKERILHT00000015013	A
anno1.g12273.t1	A	BRAKERILHT00000014478	A
anno1.g12274.t1	A	BRAKERILHT00000014882	A
anno1.g12275.t1	A	BRAKERILHT00000014442	A
anno1.g12276.t1	A	BRAKERILHT00000015510	A
anno1.g12277.t1	A	BRAKERILHT00000014278	A
anno1.g12278.t2	A	BRAKERILHT00000014631	A
anno1.g12279.t1	A	BRAKERILHT00000002771	A
anno1.g12280.t1	A	BRAKERILHT00000014998	A
anno1.g12281.t1	A	BRAKERILHT00000014895	A
anno1.g12282.t2	A	BRAKERILHT00000014829	A
anno1.g12285.t1	A	BRAKERILHT00000015009	A
anno1.g12286.t1	A	BRAKERILHT00000015449	A
anno1.g12287.t1	A	BRAKERILHT00000017617	X
anno1.g12289.t1	A	BRAKERILHT00000014152	A
anno1.g12290.t1	A	BRAKERILHT00000014595	A
anno1.g12291.t2	A	BRAKERILHT00000014398	A
anno1.g12292.t1	A	BRAKERILHT00000014824	A
anno1.g12296.t1	A	BRAKERILHT00000014069	A
anno1.g12297.t1	A	BRAKERILHT00000014622	A
anno1.g12298.t3	A	BRAKERILHT00000014980	A
anno1.g12299.t1	A	BRAKERILHT00000015483	A
anno1.g12300.t1	A	BRAKERILHT00000014044	A
anno1.g12301.t1	A	BRAKERILHT00000014587	A
anno1.g12302.t1	A	BRAKERILHT00000014935	A
anno1.g12303.t1	A	BRAKERILHT00000015469	A
anno1.g12304.t1	A	BRAKERILHT00000015345	A
anno1.g12305.t2	A	BRAKERILHT00000015397	A
anno1.g12306.t3	A	BRAKERILHT00000014216	A
anno1.g12307.t2	A	BRAKERILHT00000014462	A
anno1.g12308.t1	A	BRAKERILHT00000014933	A
anno1.g12309.t1	A	BRAKERILHT00000015462	A
anno1.g12310.t1	A	BRAKERILHT00000014254	A
anno1.g12311.t3	A	BRAKERILHT00000014293	A
anno1.g12313.t1	A	BRAKERILHT00000015098	A
anno1.g12314.t1	A	BRAKERILHT00000014841	A
anno1.g12315.t1	A	BRAKERILHT00000014528	A
anno1.g12316.t1	A	BRAKERILHT00000014174	A
anno1.g12318.t1	A	BRAKERILHT00000014222	A
anno1.g12319.t1	A	BRAKERILHT00000015054	A
anno1.g12320.t1	A	BRAKERILHT00000014646	A
anno1.g12323.t1	A	BRAKERILHT00000015031	A
anno1.g12324.t1	A	BRAKERILHT00000014075	A
anno1.g12325.t1	A	BRAKERILHT00000014319	A
anno1.g12326.t1	A	BRAKERILHT00000015571	A
anno1.g12327.t1	A	BRAKERILHT00000014870	A
anno1.g12328.t1	A	BRAKERILHT00000014527	A
anno1.g12329.t1	A	BRAKERILHT00000014577	A
anno1.g12330.t1	A	BRAKERILHT00000017531	X
anno1.g12332.t1	A	BRAKERILHT00000015321	A
anno1.g12333.t2	A	BRAKERILHT00000014753	A
anno1.g12335.t1	A	BRAKERILHT00000014324	A
anno1.g12336.t1	A	BRAKERILHT00000014079	A
anno1.g12337.t1	A	BRAKERILHT00000015226	A
anno1.g12338.t1	A	BRAKERILHT00000014891	A
anno1.g12339.t1	A	BRAKERILHT00000014416	A
anno1.g12340.t1	A	BRAKERILHT00000015501	A
anno1.g12342.t1	A	BRAKERILHT00000015045	A
anno1.g12343.t1	A	BRAKERILHT00000014468	A
anno1.g12345.t1	A	BRAKERILHT00000015546	A
anno1.g12346.t1	A	BRAKERILHT00000015220	A
anno1.g12349.t1	A	BRAKERILHT00000014672	A
anno1.g12351.t3	A	BRAKERILHT00000014322	A
anno1.g12352.t1	A	BRAKERILHT00000014111	A
anno1.g12353.t1	A	BRAKERILHT00000015160	A
anno1.g12354.t1	A	BRAKERILHT00000015193	A
anno1.g12355.t1	A	BRAKERILHT00000014663	A
anno1.g12356.t1	A	BRAKERILHT00000014256	A
anno1.g12357.t1	A	BRAKERILHT00000015133	A
anno1.g12358.t1	A	BRAKERILHT00000015588	A
anno1.g12359.t1	A	BRAKERILHT00000014438	A
anno1.g12360.t1	A	BRAKERILHT00000014957	A
anno1.g12362.t1	A	BRAKERILHT00000015197	A
anno1.g12363.t2	A	BRAKERILHT00000015125	A
anno1.g12364.t1	A	BRAKERILHT00000014540	A
anno1.g12365.t1	A	BRAKERILHT00000015000	A
anno1.g12366.t1	A	BRAKERILHT00000014263	A
anno1.g12367.t2	A	BRAKERILHT00000014038	A
anno1.g12368.t1	A	BRAKERILHT00000014087	A
anno1.g12369.t1	A	BRAKERILHT00000014477	A
anno1.g12370.t1	A	BRAKERILHT00000014825	A
anno1.g12371.t2	A	BRAKERILHT00000015056	A
anno1.g12372.t1	A	BRAKERILHT00000014029	A
anno1.g12373.t1	A	BRAKERILHT00000015078	A
anno1.g12377.t1	A	BRAKERILHT00000014377	A
anno1.g12378.t1	A	BRAKERILHT00000014811	A
anno1.g12379.t1	A	BRAKERILHT00000014827	A
anno1.g12380.t1	A	BRAKERILHT00000015270	A
anno1.g12381.t1	A	BRAKERILHT00000014125	A
anno1.g12382.t1	A	BRAKERILHT00000014555	A
anno1.g12384.t1	A	BRAKERILHT00000014630	A
anno1.g12385.t1	A	BRAKERILHT00000015090	A
anno1.g12387.t1	A	BRAKERILHT00000014512	A
anno1.g12388.t1	A	BRAKERILHT00000014967	A
anno1.g12389.t1	A	BRAKERILHT00000015178	A
anno1.g12390.t1	A	BRAKERILHT00000015587	A
anno1.g12391.t1	A	BRAKERILHT00000014164	A
anno1.g12393.t1	A	BRAKERILHT00000015487	A
anno1.g12394.t1	A	BRAKERILHT00000014303	A
anno1.g12395.t2	A	BRAKERILHT00000015346	A
anno1.g12396.t1	A	BRAKERILHT00000014171	A
anno1.g12397.t4	A	BRAKERILHT00000014830	A
anno1.g12399.t1	A	BRAKERILHT00000015528	A
anno1.g12400.t1	A	BRAKERILHT00000014430	A
anno1.g12401.t1	A	BRAKERILHT00000014755	A
anno1.g12402.t1	A	BRAKERILHT00000014884	A
anno1.g12403.t1	A	BRAKERILHT00000015248	A
anno1.g12404.t1	A	BRAKERILHT00000015388	A
anno1.g12406.t2	A	BRAKERILHT00000014229	A
anno1.g12407.t1	A	BRAKERILHT00000014573	A
anno1.g12408.t1	A	BRAKERILHT00000014156	A
anno1.g12412.t1	A	BRAKERILHT00000014682	A
anno1.g12413.t2	A	BRAKERILHT00000015411	A
anno1.g12414.t1	A	BRAKERILHT00000014076	A
anno1.g12416.t1	A	BRAKERILHT00000014371	A
anno1.g12417.t1	A	BRAKERILHT00000014609	A
anno1.g12418.t1	A	BRAKERILHT00000015849	A
anno1.g12420.t1	A	BRAKERILHT00000010213	A
anno1.g12421.t1	A	BRAKERILHT00000015351	A
anno1.g12422.t1	A	BRAKERILHT00000015463	A
anno1.g12424.t1	A	BRAKERILHT00000014202	A
anno1.g12429.t1	A	BRAKERILHT00000015012	A
anno1.g12431.t1	A	BRAKERILHT00000015362	A
anno1.g12432.t1	A	BRAKERILHT00000014117	A
anno1.g12434.t1	A	BRAKERILHT00000015437	A
anno1.g12435.t2	A	BRAKERILHT00000015607	A
anno1.g12436.t1	A	BRAKERILHT00000014380	A
anno1.g12437.t1	A	BRAKERILHT00000014700	A
anno1.g12438.t1	A	BRAKERILHT00000014525	A
anno1.g12439.t1	A	BRAKERILHT00000014387	A
anno1.g12440.t1	A	BRAKERILHT00000015234	A
anno1.g12441.t1	A	BRAKERILHT00000014743	A
anno1.g12443.t1	A	BRAKERILHT00000014420	A
anno1.g12444.t1	A	BRAKERILHT00000015468	A
anno1.g12445.t3	A	BRAKERILHT00000015426	A
anno1.g12446.t1	A	BRAKERILHT00000014406	A
anno1.g12447.t1	A	BRAKERILHT00000014739	A
anno1.g12451.t1	A	BRAKERILHT00000014034	A
anno1.g12452.t1	A	BRAKERILHT00000015267	A
anno1.g12453.t1	A	BRAKERILHT00000015366	A
anno1.g12454.t1	A	BRAKERILHT00000014291	A
anno1.g12455.t1	A	BRAKERILHT00000014644	A
anno1.g12456.t1	A	BRAKERILHT00000015183	A
anno1.g12457.t1	A	BRAKERILHT00000015531	A
anno1.g12458.t1	A	BRAKERILHT00000014109	A
anno1.g12459.t1	A	BRAKERILHT00000014459	A
anno1.g12461.t1	A	BRAKERILHT00000014419	A
anno1.g12462.t1	A	BRAKERILHT00000014475	A
anno1.g12463.t1	A	BRAKERILHT00000015189	A
anno1.g12464.t1	A	BRAKERILHT00000014934	A
anno1.g12465.t1	A	BRAKERILHT00000015361	A
anno1.g12466.t1	A	BRAKERILHT00000015064	A
anno1.g12467.t1	A	BRAKERILHT00000014051	A
anno1.g12468.t1	A	BRAKERILHT00000015554	A
anno1.g12469.t1	A	BRAKERILHT00000014244	A
anno1.g12472.t1	A	BRAKERILHT00000014582	A
anno1.g12473.t1	A	BRAKERILHT00000015337	A
anno1.g12475.t2	A	BRAKERILHT00000014986	A
anno1.g12476.t2	A	BRAKERILHT00000015076	A
anno1.g12478.t1	A	BRAKERILHT00000014713	A
anno1.g12479.t1	A	BRAKERILHT00000015298	A
anno1.g12480.t1	A	BRAKERILHT00000014166	A
anno1.g12481.t1	A	BRAKERILHT00000015440	A
anno1.g12482.t1	A	BRAKERILHT00000014569	A
anno1.g12483.t2	A	BRAKERILHT00000014185	A
anno1.g12487.t1	A	BRAKERILHT00000015161	A
anno1.g12488.t1	A	BRAKERILHT00000014618	A
anno1.g12489.t1	A	BRAKERILHT00000014857	A
anno1.g12492.t1	A	BRAKERILHT00000015557	A
anno1.g12493.t1	A	BRAKERILHT00000014450	A
anno1.g12494.t1	A	BRAKERILHT00000014118	A
anno1.g12498.t1	A	BRAKERILHT00000015213	A
anno1.g12500.t1	A	BRAKERILHT00000014277	A
anno1.g12501.t1	A	BRAKERILHT00000014576	A
anno1.g12506.t1	A	BRAKERILHT00000014362	A
anno1.g12508.t1	A	BRAKERILHT00000015115	A
anno1.g12510.t1	A	BRAKERILHT00000014669	A
anno1.g12511.t2	A	BRAKERILHT00000014234	A
anno1.g12512.t1	A	BRAKERILHT00000014881	A
anno1.g12513.t1	A	BRAKERILHT00000015205	A
anno1.g12514.t1	A	BRAKERILHT00000014783	A
anno1.g12515.t1	A	BRAKERILHT00000014560	A
anno1.g12516.t1	A	BRAKERILHT00000014214	A
anno1.g12517.t1	A	BRAKERILHT00000014729	A
anno1.g12519.t1	A	BRAKERILHT00000015610	A
anno1.g12520.t2	A	BRAKERILHT00000015499	A
anno1.g12521.t1	A	BRAKERILHT00000014548	A
anno1.g12523.t1	A	BRAKERILHT00000015512	A
anno1.g12525.t2	A	BRAKERILHT00000016149	A
anno1.g12526.t1	A	BRAKERILHT00000014802	A
anno1.g12529.t1	A	BRAKERILHT00000014279	A
anno1.g12530.t1	A	BRAKERILHT00000015485	A
anno1.g12531.t1	A	BRAKERILHT00000014060	A
anno1.g12532.t1	A	BRAKERILHT00000014610	A
anno1.g12533.t1	A	BRAKERILHT00000014964	A
anno1.g12535.t1	A	BRAKERILHT00000014382	A
anno1.g12536.t1	A	BRAKERILHT00000015591	A
anno1.g12537.t1	A	BRAKERILHT00000014710	A
anno1.g12538.t1	A	BRAKERILHT00000014869	A
anno1.g12540.t1	A	BRAKERILHT00000014504	A
anno1.g12541.t1	A	BRAKERILHT00000015576	A
anno1.g12542.t1	A	BRAKERILHT00000014691	A
anno1.g12543.t1	A	BRAKERILHT00000014974	A
anno1.g12544.t1	A	BRAKERILHT00000014814	A
anno1.g12545.t1	A	BRAKERILHT00000014058	A
anno1.g12546.t1	A	BRAKERILHT00000014120	A
anno1.g12547.t1	A	BRAKERILHT00000014517	A
anno1.g12548.t1	A	BRAKERILHT00000014699	A
anno1.g12552.t1	A	BRAKERILHT00000015431	A
anno1.g12553.t1	A	BRAKERILHT00000015092	A
anno1.g12554.t1	A	BRAKERILHT00000014721	A
anno1.g12556.t1	A	BRAKERILHT00000015522	A
anno1.g12557.t1	A	BRAKERILHT00000014642	A
anno1.g12563.t1	A	BRAKERILHT00000015008	A
anno1.g12564.t1	A	BRAKERILHT00000015357	A
anno1.g12566.t1	A	BRAKERILHT00000014647	A
anno1.g12567.t1	A	BRAKERILHT00000014206	A
anno1.g12568.t1	A	BRAKERILHT00000015455	A
anno1.g12569.t1	A	BRAKERILHT00000015111	A
anno1.g12570.t1	A	BRAKERILHT00000015391	A
anno1.g12571.t1	A	BRAKERILHT00000014151	A
anno1.g12572.t2	A	BRAKERILHT00000014792	A
anno1.g12573.t1	A	BRAKERILHT00000015141	A
anno1.g12574.t1	A	BRAKERILHT00000015477	A
anno1.g12575.t1	A	BRAKERILHT00000014167	A
anno1.g12579.t1	A	BRAKERILHT00000014275	A
anno1.g12582.t1	A	BRAKERILHT00000015146	A
anno1.g12587.t1	A	BRAKERILHT00000013189	A
anno1.g12591.t1	A	BRAKERILHT00000014767	A
anno1.g12592.t1	A	BRAKERILHT00000015173	A
anno1.g12593.t2	A	BRAKERILHT00000015606	A
anno1.g12595.t1	A	BRAKERILHT00000014267	A
anno1.g12596.t1	A	BRAKERILHT00000014695	A
anno1.g12597.t1	A	BRAKERILHT00000014045	A
anno1.g12598.t1	A	BRAKERILHT00000014480	A
anno1.g12601.t1	A	BRAKERILHT00000015283	A
anno1.g12603.t1	A	BRAKERILHT00000014327	A
anno1.g12604.t1	A	BRAKERILHT00000014785	A
anno1.g12605.t1	A	BRAKERILHT00000015118	A
anno1.g12606.t1	A	BRAKERILHT00000014184	A
anno1.g12607.t1	A	BRAKERILHT00000014401	A
anno1.g12608.t1	A	BRAKERILHT00000014740	A
anno1.g12610.t1	A	BRAKERILHT00000014403	A
anno1.g12611.t1	A	BRAKERILHT00000015503	A
anno1.g12612.t1	A	BRAKERILHT00000014652	A
anno1.g12613.t7	A	BRAKERILHT00000015217	A
anno1.g12617.t1	A	BRAKERILHT00000004163	A
anno1.g12619.t1	A	BRAKERILHT00000014541	A
anno1.g12622.t2	A	BRAKERILHT00000014911	A
anno1.g12625.t1	A	BRAKERILHT00000015261	A
anno1.g12627.t1	A	BRAKERILHT00000015526	A
anno1.g12629.t1	A	BRAKERILHT00000015603	A
anno1.g12630.t1	A	BRAKERILHT00000014817	A
anno1.g12631.t1	A	BRAKERILHT00000014763	A
anno1.g12634.t1	A	BRAKERILHT00000015425	A
anno1.g12635.t1	A	BRAKERILHT00000015074	A
anno1.g12636.t1	A	BRAKERILHT00000014157	A
anno1.g12637.t2	A	BRAKERILHT00000014861	A
anno1.g12639.t1	A	BRAKERILHT00000014241	A
anno1.g12640.t1	A	BRAKERILHT00000015344	A
anno1.g12641.t1	A	BRAKERILHT00000014955	A
anno1.g12643.t1	A	BRAKERILHT00000014061	A
anno1.g12644.t1	A	BRAKERILHT00000015166	A
anno1.g12645.t1	A	BRAKERILHT00000015137	A
anno1.g12646.t2	A	BRAKERILHT00000015574	A
anno1.g12647.t1	A	BRAKERILHT00000015466	A
anno1.g12650.t1	A	BRAKERILHT00000014449	A
anno1.g12651.t1	A	BRAKERILHT00000015364	A
anno1.g12654.t1	A	BRAKERILHT00000015390	A
anno1.g12658.t1	A	BRAKERILHT00000014041	A
anno1.g12664.t1	A	BRAKERILHT00000015153	A
anno1.g12671.t2	A	BRAKERILHT00000014085	A
anno1.g12672.t1	A	BRAKERILHT00000014248	A
anno1.g12673.t1	A	BRAKERILHT00000014676	A
anno1.g12685.t1	A	BRAKERILHT00000014129	A
anno1.g12690.t2	A	BRAKERILHT00000015502	A
anno1.g12691.t2	A	BRAKERILHT00000014917	A
anno1.g12692.t1	A	BRAKERILHT00000014456	A
anno1.g12693.t3	A	BRAKERILHT00000015037	A
anno1.g12695.t1	A	BRAKERILHT00000014524	A
anno1.g12696.t1	A	BRAKERILHT00000015609	A
anno1.g12697.t1	A	BRAKERILHT00000014367	A
anno1.g12698.t1	A	BRAKERILHT00000014704	A
anno1.g12699.t1	A	BRAKERILHT00000014588	A
anno1.g12701.t1	A	BRAKERILHT00000014433	A
anno1.g12703.t1	A	BRAKERILHT00000015067	A
anno1.g12704.t1	A	BRAKERILHT00000015515	A
anno1.g12705.t1	A	BRAKERILHT00000014545	A
anno1.g12706.t1	A	BRAKERILHT00000014455	A
anno1.g12707.t1	A	BRAKERILHT00000014338	A
anno1.g12708.t1	A	BRAKERILHT00000015129	A
anno1.g12709.t1	A	BRAKERILHT00000014421	A
anno1.g12710.t1	A	BRAKERILHT00000015547	A
anno1.g12711.t1	A	BRAKERILHT00000014110	A
anno1.g12712.t1	A	BRAKERILHT00000014535	A
anno1.g12713.t1	A	BRAKERILHT00000014329	A
anno1.g12714.t1	A	BRAKERILHT00000015472	A
anno1.g12715.t1	A	BRAKERILHT00000015386	A
anno1.g12716.t2	A	BRAKERILHT00000014628	A
anno1.g12717.t1	A	BRAKERILHT00000015243	A
anno1.g12718.t1	A	BRAKERILHT00000014054	A
anno1.g12719.t1	A	BRAKERILHT00000014697	A
anno1.g12720.t2	A	BRAKERILHT00000015155	A
anno1.g12721.t1	A	BRAKERILHT00000015467	A
anno1.g12722.t1	A	BRAKERILHT00000014320	A
anno1.g12724.t3	A	BRAKERILHT00000014586	A
anno1.g12725.t1	A	BRAKERILHT00000015204	A
anno1.g12728.t1	A	BRAKERILHT00000015549	A
anno1.g12729.t1	A	BRAKERILHT00000014273	A
anno1.g12730.t1	A	BRAKERILHT00000014537	A
anno1.g12731.t3	A	BRAKERILHT00000014557	A
anno1.g12732.t2	A	BRAKERILHT00000014503	A
anno1.g12733.t1	A	BRAKERILHT00000015430	A
anno1.g12734.t1	A	BRAKERILHT00000015518	A
anno1.g12735.t1	A	BRAKERILHT00000014559	A
anno1.g12736.t2	A	BRAKERILHT00000015265	A
anno1.g12737.t1	A	BRAKERILHT00000014932	A
anno1.g12738.t1	A	BRAKERILHT00000014850	A
anno1.g12739.t1	A	BRAKERILHT00000014516	A
anno1.g12740.t1	A	BRAKERILHT00000014738	A
anno1.g12742.t3	A	BRAKERILHT00000014404	A
anno1.g12743.t1	A	BRAKERILHT00000015027	A
anno1.g12744.t1	A	BRAKERILHT00000015513	A
anno1.g12745.t2	A	BRAKERILHT00000014407	A
anno1.g12746.t1	A	BRAKERILHT00000014812	A
anno1.g12747.t1	A	BRAKERILHT00000015049	A
anno1.g12748.t1	A	BRAKERILHT00000015275	A
anno1.g12749.t1	A	BRAKERILHT00000014381	A
anno1.g12750.t1	A	BRAKERILHT00000014832	A
anno1.g12751.t1	A	BRAKERILHT00000015274	A
anno1.g12752.t1	A	BRAKERILHT00000014158	A
anno1.g12753.t2	A	BRAKERILHT00000015252	A
anno1.g12754.t1	A	BRAKERILHT00000014409	A
anno1.g12755.t2	A	BRAKERILHT00000015227	A
anno1.g12756.t1	A	BRAKERILHT00000015308	A
anno1.g12757.t1	A	BRAKERILHT00000014414	A
anno1.g12758.t2	A	BRAKERILHT00000014766	A
anno1.g12759.t1	A	BRAKERILHT00000015082	A
anno1.g12760.t1	A	BRAKERILHT00000014425	A
anno1.g12761.t1	A	BRAKERILHT00000015555	A
anno1.g12762.t1	A	BRAKERILHT00000014643	A
anno1.g12763.t1	A	BRAKERILHT00000014281	A
anno1.g12765.t2	A	BRAKERILHT00000015007	A
anno1.g12767.t2	A	BRAKERILHT00000014463	A
anno1.g12768.t1	A	BRAKERILHT00000014360	A
anno1.g12769.t1	A	BRAKERILHT00000014926	A
anno1.g12770.t1	A	BRAKERILHT00000015258	A
anno1.g12771.t2	A	BRAKERILHT00000014784	A
anno1.g12772.t2	A	BRAKERILHT00000015548	A
anno1.g12774.t1	A	BRAKERILHT00000015209	A
anno1.g12775.t1	A	BRAKERILHT00000015021	A
anno1.g12776.t1	A	BRAKERILHT00000014441	A
anno1.g12777.t3	A	BRAKERILHT00000015327	A
anno1.g12778.t1	A	BRAKERILHT00000014788	A
anno1.g12779.t1	A	BRAKERILHT00000014466	A
anno1.g12780.t1	A	BRAKERILHT00000014332	A
anno1.g12781.t1	A	BRAKERILHT00000015570	A
anno1.g12782.t1	A	BRAKERILHT00000015038	A
anno1.g12783.t2	A	BRAKERILHT00000015398	A
anno1.g12784.t1	A	BRAKERILHT00000014165	A
anno1.g12788.t1	A	BRAKERILHT00000014236	A
anno1.g12789.t1	A	BRAKERILHT00000003669	A
anno1.g12791.t1	A	BRAKERILHT00000003029	A
anno1.g12792.t1	A	BRAKERILHT00000002215	A
anno1.g12793.t1	A	BRAKERILHT00000004048	A
anno1.g12794.t1	A	BRAKERILHT00000003826	A
anno1.g12795.t1	A	BRAKERILHT00000002760	A
anno1.g12796.t1	A	BRAKERILHT00000015080	A
anno1.g12797.t1	A	BRAKERILHT00000016989	X
anno1.g12798.t1	A	BRAKERILHT00000014191	A
anno1.g12800.t1	A	BRAKERILHT00000014910	A
anno1.g12802.t1	A	BRAKERILHT00000014361	A
anno1.g12803.t1	A	BRAKERILHT00000015533	A
anno1.g12804.t1	A	BRAKERILHT00000015107	A
anno1.g12806.t1	A	BRAKERILHT00000015185	A
anno1.g12807.t1	A	BRAKERILHT00000015459	A
anno1.g12808.t2	A	BRAKERILHT00000015003	A
anno1.g12809.t1	A	BRAKERILHT00000014572	A
anno1.g12810.t1	A	BRAKERILHT00000014908	A
anno1.g12813.t1	A	BRAKERILHT00000015187	A
anno1.g12814.t1	A	BRAKERILHT00000015435	A
anno1.g12815.t1	A	BRAKERILHT00000014106	A
anno1.g12816.t1	A	BRAKERILHT00000014968	A
anno1.g12817.t2	A	BRAKERILHT00000015400	A
anno1.g12818.t2	A	BRAKERILHT00000015442	A
anno1.g12819.t4	A	BRAKERILHT00000014292	A
anno1.g12820.t1	A	BRAKERILHT00000014057	A
anno1.g12821.t1	A	BRAKERILHT00000014176	A
anno1.g12822.t1	A	BRAKERILHT00000015582	A
anno1.g12823.t2	A	BRAKERILHT00000015041	A
anno1.g12825.t1	A	BRAKERILHT00000014983	A
anno1.g12826.t1	A	BRAKERILHT00000015244	A
anno1.g12827.t1	A	BRAKERILHT00000015347	A
anno1.g12829.t1	A	BRAKERILHT00000015190	A
anno1.g12836.t1	A	BRAKERILHT00000014688	A
anno1.g12839.t1	A	BRAKERILHT00000015052	A
anno1.g12840.t1	A	BRAKERILHT00000015315	A
anno1.g12842.t1	A	BRAKERILHT00000014314	A
anno1.g12843.t1	A	BRAKERILHT00000014989	A
anno1.g12844.t2	A	BRAKERILHT00000015330	A
anno1.g12854.t1	A	BRAKERILHT00000014818	A
anno1.g12855.t1	A	BRAKERILHT00000014562	A
anno1.g12860.t1	A	BRAKERILHT00000014139	A
anno1.g12861.t1	A	BRAKERILHT00000015050	A
anno1.g12862.t1	A	BRAKERILHT00000014143	A
anno1.g12865.t1	A	BRAKERILHT00000014047	A
anno1.g12866.t1	A	BRAKERILHT00000014186	A
anno1.g12868.t1	A	BRAKERILHT00000014945	A
anno1.g12869.t1	A	BRAKERILHT00000014218	A
anno1.g12870.t1	A	BRAKERILHT00000014820	A
anno1.g12871.t1	A	BRAKERILHT00000014947	A
anno1.g12872.t1	A	BRAKERILHT00000015396	A
anno1.g12874.t1	A	BRAKERILHT00000015271	A
anno1.g12876.t1	A	BRAKERILHT00000015062	A
anno1.g12879.t1	A	BRAKERILHT00000014040	A
anno1.g12881.t1	A	BRAKERILHT00000003787	A
anno1.g12882.t1	A	BRAKERILHT00000014354	A
anno1.both_agree_g26688.t1	A	BRAKERILHT00000014393	A
anno1.g12886.t1	A	BRAKERILHT00000015519	A
anno1.g12888.t1	A	BRAKERILHT00000014590	A
anno1.g12889.t1	A	BRAKERILHT00000014132	A
anno1.g12890.t3	A	BRAKERILHT00000015302	A
anno1.g12891.t1	A	BRAKERILHT00000014835	A
anno1.g12892.t1	A	BRAKERILHT00000014806	A
anno1.g12893.t1	A	BRAKERILHT00000014366	A
anno1.g12894.t1	A	BRAKERILHT00000015517	A
anno1.g12895.t1	A	BRAKERILHT00000015085	A
anno1.g12896.t1	A	BRAKERILHT00000015471	A
anno1.g12897.t1	A	BRAKERILHT00000015089	A
anno1.g12899.t1	A	BRAKERILHT00000014666	A
anno1.g12900.t1	A	BRAKERILHT00000015493	A
anno1.g12901.t1	A	BRAKERILHT00000014542	A
anno1.g12902.t1	A	BRAKERILHT00000014993	A
anno1.g12903.t1	A	BRAKERILHT00000014115	A
anno1.g12904.t1	A	BRAKERILHT00000015536	A
anno1.g12905.t1	A	BRAKERILHT00000015151	A
anno1.g12906.t1	A	BRAKERILHT00000014804	A
anno1.g12907.t1	A	BRAKERILHT00000014288	A
anno1.g12908.t1	A	BRAKERILHT00000014347	A
anno1.g12910.t1	A	BRAKERILHT00000015589	A
anno1.g12911.t1	A	BRAKERILHT00000014506	A
anno1.g12914.t1	A	BRAKERILHT00000015124	A
anno1.g12915.t1	A	BRAKERILHT00000014070	A
anno1.g12916.t1	A	BRAKERILHT00000014961	A
anno1.g12920.t1	A	BRAKERILHT00000014328	A
anno1.g12921.t1	A	BRAKERILHT00000015059	A
anno1.g12923.t1	A	BRAKERILHT00000014625	A
anno1.g12925.t1	A	BRAKERILHT00000014175	A
anno1.g12926.t1	A	BRAKERILHT00000015228	A
anno1.g12928.t2	A	BRAKERILHT00000015138	A
anno1.g12929.t1	A	BRAKERILHT00000014890	A
anno1.g12931.t1	A	BRAKERILHT00000014436	A
anno1.g12932.t1	A	BRAKERILHT00000014144	A
anno1.g12933.t1	A	BRAKERILHT00000014126	A
anno1.g12935.t1	A	BRAKERILHT00000015356	A
anno1.g12936.t1	A	BRAKERILHT00000014640	A
anno1.g12937.t4	A	BRAKERILHT00000014297	A
anno1.g12938.t1	A	BRAKERILHT00000015529	A
anno1.g12939.t1	A	BRAKERILHT00000015203	A
anno1.g12940.t1	A	BRAKERILHT00000014461	A
anno1.g12941.t1	A	BRAKERILHT00000014112	A
anno1.g12942.t1	A	BRAKERILHT00000015380	A
anno1.g12943.t1	A	BRAKERILHT00000014770	A
anno1.g12944.t1	A	BRAKERILHT00000014305	A
anno1.g12945.t2	A	BRAKERILHT00000015560	A
anno1.g12946.t1	A	BRAKERILHT00000014280	A
anno1.g12947.t1	A	BRAKERILHT00000015379	A
anno1.g12948.t1	A	BRAKERILHT00000004109	A
anno1.g12950.t1	A	BRAKERILHT00000015445	A
anno1.g12951.t1	A	BRAKERILHT00000014196	A
anno1.g12952.t1	A	BRAKERILHT00000015423	A
anno1.g12953.t1	A	BRAKERILHT00000014909	A
anno1.g12955.t1	A	BRAKERILHT00000012224	A
anno1.g12960.t1	A	BRAKERILHT00000015128	A
anno1.g12961.t1	A	BRAKERILHT00000015432	A
anno1.g12963.t1	A	BRAKERILHT00000014257	A
anno1.g12964.t1	A	BRAKERILHT00000014689	A
anno1.g12965.t1	A	BRAKERILHT00000015135	A
anno1.g12966.t1	A	BRAKERILHT00000015573	A
anno1.g12967.t1	A	BRAKERILHT00000014428	A
anno1.g12968.t1	A	BRAKERILHT00000014873	A
anno1.g12969.t1	A	BRAKERILHT00000015306	A
anno1.g12970.t1	A	BRAKERILHT00000014162	A
anno1.g12972.t1	A	BRAKERILHT00000014584	A
anno1.g12973.t1	A	BRAKERILHT00000015075	A
anno1.g12974.t1	A	BRAKERILHT00000014373	A
anno1.g12975.t1	A	BRAKERILHT00000015121	A
anno1.g12976.t1	A	BRAKERILHT00000014556	A
anno1.g12977.t1	A	BRAKERILHT00000014215	A
anno1.g12978.t1	A	BRAKERILHT00000015238	A
anno1.g12979.t2	A	BRAKERILHT00000014036	A
anno1.g12981.t1	A	BRAKERILHT00000015303	A
anno1.g12982.t1	A	BRAKERILHT00000014750	A
anno1.g12983.t1	A	BRAKERILHT00000014831	A
anno1.g12988.t3	A	BRAKERILHT00000014733	A
anno1.g12989.t1	A	BRAKERILHT00000014098	A
anno1.g12990.t1	A	BRAKERILHT00000014446	A
anno1.g12991.t1	A	BRAKERILHT00000015152	A
anno1.g12992.t1	A	BRAKERILHT00000015464	A
anno1.g12993.t1	A	BRAKERILHT00000014245	A
anno1.g12996.t1	A	BRAKERILHT00000014056	A
anno1.g12995.t3	A	BRAKERILHT00000015583	A
anno1.g12998.t1	A	BRAKERILHT00000014585	A
anno1.g13001.t1	A	BRAKERILHT00000014856	A
anno1.g13002.t1	A	BRAKERILHT00000014972	A
anno1.g13003.t2	A	BRAKERILHT00000014313	A
anno1.g13004.t2	A	BRAKERILHT00000015572	A
anno1.g13006.t1	A	BRAKERILHT00000014493	A
anno1.g13009.t3	A	BRAKERILHT00000015032	A
anno1.g13010.t1	A	BRAKERILHT00000014782	A
anno1.g13011.t1	A	BRAKERILHT00000014578	A
anno1.g13012.t1	A	BRAKERILHT00000015103	A
anno1.g13013.t1	A	BRAKERILHT00000015389	A
anno1.g13014.t1	A	BRAKERILHT00000014629	A
anno1.g13015.t2	A	BRAKERILHT00000014316	A
anno1.g13016.t1	A	BRAKERILHT00000014123	A
anno1.g13018.t1	A	BRAKERILHT00000015004	A
anno1.g13019.t1	A	BRAKERILHT00000014499	A
anno1.g13020.t1	A	BRAKERILHT00000015144	A
anno1.g13021.t1	A	BRAKERILHT00000015568	A
anno1.g13022.t1	A	BRAKERILHT00000014059	A
anno1.g13023.t1	A	BRAKERILHT00000014053	A
anno1.g13024.t1	A	BRAKERILHT00000014515	A
anno1.g13025.t1	A	BRAKERILHT00000014978	A
anno1.g13026.t1	A	BRAKERILHT00000014251	A
anno1.g13027.t1	A	BRAKERILHT00000014678	A
anno1.g13028.t1	A	BRAKERILHT00000015145	A
anno1.g13030.t1	A	BRAKERILHT00000015448	A
anno1.g13032.t1	A	BRAKERILHT00000014423	A
anno1.g13033.t1	A	BRAKERILHT00000014726	A
anno1.g13034.t1	A	BRAKERILHT00000015114	A
anno1.g13035.t1	A	BRAKERILHT00000014780	A
anno1.g13036.t2	A	BRAKERILHT00000015247	A
anno1.g13037.t1	A	BRAKERILHT00000015419	A
anno1.g13038.t1	A	BRAKERILHT00000014189	A
anno1.g13039.t1	A	BRAKERILHT00000014507	A
anno1.g13040.t2	A	BRAKERILHT00000014896	A
anno1.g13042.t1	A	BRAKERILHT00000014180	A
anno1.g13043.t1	A	BRAKERILHT00000014851	A
anno1.g13044.t1	A	BRAKERILHT00000014543	A
anno1.g13045.t1	A	BRAKERILHT00000014343	A
anno1.g13046.t1	A	BRAKERILHT00000014903	A
anno1.g13049.t1	A	BRAKERILHT00000015177	A
anno1.g13051.t1	A	BRAKERILHT00000014071	A
anno1.g13052.t1	A	BRAKERILHT00000014509	A
anno1.g13053.t1	A	BRAKERILHT00000014620	A
anno1.g13054.t1	A	BRAKERILHT00000015116	A
anno1.g13055.t1	A	BRAKERILHT00000014942	A
anno1.g13056.t1	A	BRAKERILHT00000014593	A
anno1.g13057.t1	A	BRAKERILHT00000014484	A
anno1.g13058.t1	A	BRAKERILHT00000014237	A
anno1.g13059.t2	A	BRAKERILHT00000015256	A
anno1.g13066.t3	A	BRAKERILHT00000015058	A
anno1.g13067.t2	A	BRAKERILHT00000014650	A
anno1.g13069.t1	A	BRAKERILHT00000015601	A
anno1.g13070.t1	A	BRAKERILHT00000014203	A
anno1.g13071.t1	A	BRAKERILHT00000014345	A
anno1.g13072.t1	A	BRAKERILHT00000015586	A
anno1.g13073.t2	A	BRAKERILHT00000015157	A
anno1.g13074.t1	A	BRAKERILHT00000014100	A
anno1.g13075.t1	A	BRAKERILHT00000015594	A
anno1.g13076.t1	A	BRAKERILHT00000014410	A
anno1.g13077.t1	A	BRAKERILHT00000014213	A
anno1.g13081.t1	A	BRAKERILHT00000014919	A
anno1.g13082.t1	A	BRAKERILHT00000015360	A
anno1.g13084.t2	A	BRAKERILHT00000015314	A
anno1.g13085.t1	A	BRAKERILHT00000015060	A
anno1.g13086.t1	A	BRAKERILHT00000014201	A
anno1.g13087.t1	A	BRAKERILHT00000015350	A
anno1.g13088.t1	A	BRAKERILHT00000015421	A
anno1.g13089.t1	A	BRAKERILHT00000014062	A
anno1.g13091.t1	A	BRAKERILHT00000014259	A
anno1.g13101.t1	A	BRAKERILHT00000014762	A
anno1.g13102.t1	A	BRAKERILHT00000014976	A
anno1.g13109.t1	A	BRAKERILHT00000015338	A
anno1.g13110.t1	A	BRAKERILHT00000015245	A
anno1.g13111.t1	A	BRAKERILHT00000014173	A
anno1.g13112.t1	A	BRAKERILHT00000015393	A
anno1.g13113.t2	A	BRAKERILHT00000015540	A
anno1.g13114.t1	A	BRAKERILHT00000014304	A
anno1.g13116.t2	A	BRAKERILHT00000015093	A
anno1.g13118.t2	A	BRAKERILHT00000010566	A
anno1.g13119.t2	A	BRAKERILHT00000014623	A
anno1.g13120.t1	A	BRAKERILHT00000014904	A
anno1.g13121.t1	A	BRAKERILHT00000014716	A
anno1.g13125.t1	A	BRAKERILHT00000016528	A
anno1.g13130.t1	A	BRAKERILHT00000015794	A
anno1.g13131.t1	A	BRAKERILHT00000016169	A
anno1.g13134.t1	A	BRAKERILHT00000016649	A
anno1.g13135.t2	A	BRAKERILHT00000015931	A
anno1.g13136.t1	A	BRAKERILHT00000016366	A
anno1.g13137.t1	A	BRAKERILHT00000016241	A
anno1.g13138.t1	A	BRAKERILHT00000016707	A
anno1.g13139.t1	A	BRAKERILHT00000016320	A
anno1.g13140.t1	A	BRAKERILHT00000016130	A
anno1.g13141.t1	A	BRAKERILHT00000016338	A
anno1.g13142.t1	A	BRAKERILHT00000015980	A
anno1.g13143.t1	A	BRAKERILHT00000015762	A
anno1.g13144.t1	A	BRAKERILHT00000016557	A
anno1.g13146.t1	A	BRAKERILHT00000016380	A
anno1.g13147.t1	A	BRAKERILHT00000016902	A
anno1.g13148.t1	A	BRAKERILHT00000016135	A
anno1.g13149.t1	A	BRAKERILHT00000016532	A
anno1.g13150.t1	A	BRAKERILHT00000016697	A
anno1.g13151.t1	A	BRAKERILHT00000015718	A
anno1.g13152.t1	A	BRAKERILHT00000016976	A
anno1.g13153.t1	A	BRAKERILHT00000016600	A
anno1.g13154.t1	A	BRAKERILHT00000016843	A
anno1.g13155.t1	A	BRAKERILHT00000016236	A
anno1.g13156.t1	A	BRAKERILHT00000016398	A
anno1.g13157.t3	A	BRAKERILHT00000015795	A
anno1.g13161.t1	A	BRAKERILHT00000016233	A
anno1.g13162.t1	A	BRAKERILHT00000016094	A
anno1.g13163.t2	A	BRAKERILHT00000015786	A
anno1.g13165.t1	A	BRAKERILHT00000016143	A
anno1.g13166.t1	A	BRAKERILHT00000015932	A
anno1.g13167.t1	A	BRAKERILHT00000015910	A
anno1.g13168.t1	A	BRAKERILHT00000016308	A
anno1.g13169.t1	A	BRAKERILHT00000016647	A
anno1.g13171.t1	A	BRAKERILHT00000015611	A
anno1.g13175.t1	A	BRAKERILHT00000016813	A
anno1.g13176.t1	A	BRAKERILHT00000016163	A
anno1.g13177.t1	A	BRAKERILHT00000015704	A
anno1.g13179.t1	A	BRAKERILHT00000016563	A
anno1.g13181.t1	A	BRAKERILHT00000016573	A
anno1.g13182.t1	A	BRAKERILHT00000016280	A
anno1.g13183.t1	A	BRAKERILHT00000016493	A
anno1.g13184.t1	A	BRAKERILHT00000016193	A
anno1.g13185.t1	A	BRAKERILHT00000015881	A
anno1.g13186.t1	A	BRAKERILHT00000016987	A
anno1.g13187.t1	A	BRAKERILHT00000016346	A
anno1.g13188.t1	A	BRAKERILHT00000016210	A
anno1.g13189.t1	A	BRAKERILHT00000015819	A
anno1.g13190.t1	A	BRAKERILHT00000016897	A
anno1.g13191.t1	A	BRAKERILHT00000016505	A
anno1.g13192.t1	A	BRAKERILHT00000016808	A
anno1.g13193.t1	A	BRAKERILHT00000016526	A
anno1.g13194.t1	A	BRAKERILHT00000016844	A
anno1.g13196.t1	A	BRAKERILHT00000015899	A
anno1.g13197.t2	A	BRAKERILHT00000016146	A
anno1.g13198.t1	A	BRAKERILHT00000015670	A
anno1.g13199.t1	A	BRAKERILHT00000016413	A
anno1.g13200.t1	A	BRAKERILHT00000016154	A
anno1.g13202.t1	A	BRAKERILHT00000015991	A
anno1.g13204.t1	A	BRAKERILHT00000015626	A
anno1.g13208.t1	A	BRAKERILHT00000016683	A
anno1.g13209.t1	A	BRAKERILHT00000016588	A
anno1.g13211.t1	A	BRAKERILHT00000016544	A
anno1.g13212.t1	A	BRAKERILHT00000016635	A
anno1.g13213.t1	A	BRAKERILHT00000016263	A
anno1.g13214.t3	A	BRAKERILHT00000016522	A
anno1.g13215.t2	A	BRAKERILHT00000015924	A
anno1.g13216.t1	A	BRAKERILHT00000016819	A
anno1.g13217.t1	A	BRAKERILHT00000015945	A
anno1.g13219.t1	A	BRAKERILHT00000016189	A
anno1.g13220.t1	A	BRAKERILHT00000016824	A
anno1.g13221.t1	A	BRAKERILHT00000016222	A
anno1.g13222.t1	A	BRAKERILHT00000016305	A
anno1.g13224.t1	A	BRAKERILHT00000015893	A
anno1.g13225.t1	A	BRAKERILHT00000016736	A
anno1.g13226.t1	A	BRAKERILHT00000016410	A
anno1.g13227.t1	A	BRAKERILHT00000015966	A
anno1.g13230.t1	A	BRAKERILHT00000015940	A
anno1.g13231.t1	A	BRAKERILHT00000016230	A
anno1.g13232.t2	A	BRAKERILHT00000015647	A
anno1.g13233.t1	A	BRAKERILHT00000013505	A
anno1.g13234.t1	A	BRAKERILHT00000016464	A
anno1.g13235.t1	A	BRAKERILHT00000016763	A
anno1.g13236.t1	A	BRAKERILHT00000015666	A
anno1.g13237.t2	A	BRAKERILHT00000015950	A
anno1.g13238.t1	A	BRAKERILHT00000011675	A
anno1.g13239.t1	A	BRAKERILHT00000016070	A
anno1.g13241.t1	A	BRAKERILHT00000016855	A
anno1.g13242.t1	A	BRAKERILHT00000015859	A
anno1.g13244.t1	A	BRAKERILHT00000016227	A
anno1.g13245.t1	A	BRAKERILHT00000016775	A
anno1.g13246.t1	A	BRAKERILHT00000015981	A
anno1.g13247.t1	A	BRAKERILHT00000016020	A
anno1.g13248.t3	A	BRAKERILHT00000015890	A
anno1.g13249.t1	A	BRAKERILHT00000016261	A
anno1.g13250.t1	A	BRAKERILHT00000016724	A
anno1.g13251.t1	A	BRAKERILHT00000016979	A
anno1.g13252.t1	A	BRAKERILHT00000016010	A
anno1.g13253.t1	A	BRAKERILHT00000016666	A
anno1.g13254.t1	A	BRAKERILHT00000015684	A
anno1.g13255.t1	A	BRAKERILHT00000016596	A
anno1.g13256.t1	A	BRAKERILHT00000016788	A
anno1.g13257.t1	A	BRAKERILHT00000016404	A
anno1.g13259.t1	A	BRAKERILHT00000016507	A
anno1.g13260.t1	A	BRAKERILHT00000016299	A
anno1.g13262.t1	A	BRAKERILHT00000015638	A
anno1.g13264.t1	A	BRAKERILHT00000016013	A
anno1.g13265.t1	A	BRAKERILHT00000016794	A
anno1.g13266.t1	A	BRAKERILHT00000015745	A
anno1.g13267.t1	A	BRAKERILHT00000016044	A
anno1.g13268.t1	A	BRAKERILHT00000015766	A
anno1.g13270.t1	A	BRAKERILHT00000016307	A
anno1.g13271.t1	A	BRAKERILHT00000016381	A
anno1.g13272.t1	A	BRAKERILHT00000016083	A
anno1.g13273.t1	A	BRAKERILHT00000016463	A
anno1.g13274.t1	A	BRAKERILHT00000015663	A
anno1.g13275.t1	A	BRAKERILHT00000016501	A
anno1.g13276.t1	A	BRAKERILHT00000015982	A
anno1.g13277.t1	A	BRAKERILHT00000016965	A
anno1.g13279.t1	A	BRAKERILHT00000016249	A
anno1.g13280.t2	A	BRAKERILHT00000015625	A
anno1.g13281.t1	A	BRAKERILHT00000015703	A
anno1.g13282.t1	A	BRAKERILHT00000016684	A
anno1.g13283.t1	A	BRAKERILHT00000015844	A
anno1.g13285.t1	A	BRAKERILHT00000016936	A
anno1.g13286.t1	A	BRAKERILHT00000015667	A
anno1.g13287.t1	A	BRAKERILHT00000016062	A
anno1.g13288.t2	A	BRAKERILHT00000016444	A
anno1.g13289.t1	A	BRAKERILHT00000016634	A
anno1.g13290.t1	A	BRAKERILHT00000016458	A
anno1.g13292.t2	A	BRAKERILHT00000016811	A
anno1.g13293.t7	A	BRAKERILHT00000016554	A
anno1.g13294.t2	A	BRAKERILHT00000016329	A
anno1.g13295.t1	A	BRAKERILHT00000015933	A
anno1.g13296.t1	A	BRAKERILHT00000016837	A
anno1.g13297.t1	A	BRAKERILHT00000015838	A
anno1.g13298.t1	A	BRAKERILHT00000016433	A
anno1.g13299.t1	A	BRAKERILHT00000016826	A
anno1.g13300.t1	A	BRAKERILHT00000016326	A
anno1.g13301.t1	A	BRAKERILHT00000015709	A
anno1.g13304.t1	A	BRAKERILHT00000016080	A
anno1.g13305.t1	A	BRAKERILHT00000016124	A
anno1.g13306.t2	A	BRAKERILHT00000015957	A
anno1.g13307.t1	A	BRAKERILHT00000011722	A
anno1.g13308.t1	A	BRAKERILHT00000015669	A
anno1.g13309.t1	A	BRAKERILHT00000016698	A
anno1.g13310.t1	A	BRAKERILHT00000015927	A
anno1.g13311.t1	A	BRAKERILHT00000016512	A
anno1.g13313.t1	A	BRAKERILHT00000016454	A
anno1.g13314.t1	A	BRAKERILHT00000016754	A
anno1.g13315.t1	A	BRAKERILHT00000016694	A
anno1.g13317.t1	A	BRAKERILHT00000016918	A
anno1.g13318.t1	A	BRAKERILHT00000015987	A
anno1.g13319.t1	A	BRAKERILHT00000016137	A
anno1.g13320.t1	A	BRAKERILHT00000015840	A
anno1.g13321.t1	A	BRAKERILHT00000016779	A
anno1.g13323.t1	A	BRAKERILHT00000016782	A
anno1.g13324.t2	A	BRAKERILHT00000016384	A
anno1.g13325.t1	A	BRAKERILHT00000016871	A
anno1.g13326.t1	A	BRAKERILHT00000016165	A
anno1.g13327.t1	A	BRAKERILHT00000016919	A
anno1.g13328.t1	A	BRAKERILHT00000015677	A
anno1.g13329.t1	A	BRAKERILHT00000015975	A
anno1.g13330.t1	A	BRAKERILHT00000016356	A
anno1.g13331.t1	A	BRAKERILHT00000014077	A
anno1.g13332.t1	A	BRAKERILHT00000015316	A
anno1.g13333.t1	A	BRAKERILHT00000015068	A
anno1.g13334.t1	A	BRAKERILHT00000016723	A
anno1.g13335.t1	A	BRAKERILHT00000015636	A
anno1.g13336.t1	A	BRAKERILHT00000015831	A
anno1.g13337.t6	A	BRAKERILHT00000016466	A
anno1.g13341.t1	A	BRAKERILHT00000016099	A
anno1.g13342.t1	A	BRAKERILHT00000016411	A
anno1.g13344.t1	A	BRAKERILHT00000016337	A
anno1.g13345.t2	A	BRAKERILHT00000016430	A
anno1.g13346.t2	A	BRAKERILHT00000015921	A
anno1.g13347.t1	A	BRAKERILHT00000016854	A
anno1.g13348.t1	A	BRAKERILHT00000016591	A
anno1.g13349.t1	A	BRAKERILHT00000016518	A
anno1.g13350.t2	A	BRAKERILHT00000015776	A
anno1.g13351.t1	A	BRAKERILHT00000016055	A
anno1.g13352.t2	A	BRAKERILHT00000016656	A
anno1.g13357.t1	A	BRAKERILHT00000016749	A
anno1.g13358.t1	A	BRAKERILHT00000016369	A
anno1.g13360.t2	A	BRAKERILHT00000015815	A
anno1.g13361.t1	A	BRAKERILHT00000015812	A
anno1.g13364.t2	A	BRAKERILHT00000016031	A
anno1.g13365.t1	A	BRAKERILHT00000016818	A
anno1.g13366.t1	A	BRAKERILHT00000016286	A
anno1.g13369.t1	A	BRAKERILHT00000016836	A
anno1.g13370.t1	A	BRAKERILHT00000016235	A
anno1.g13371.t1	A	BRAKERILHT00000016372	A
anno1.g13375.t1	A	BRAKERILHT00000015753	A
anno1.g13376.t2	A	BRAKERILHT00000016108	A
anno1.g13377.t1	A	BRAKERILHT00000016623	A
anno1.g13378.t2	A	BRAKERILHT00000015680	A
anno1.g13379.t2	A	BRAKERILHT00000016744	A
anno1.g13380.t1	A	BRAKERILHT00000015847	A
anno1.g13381.t2	A	BRAKERILHT00000016920	A
anno1.g13382.t1	A	BRAKERILHT00000015985	A
anno1.g13383.t1	A	BRAKERILHT00000015694	A
anno1.g13384.t1	A	BRAKERILHT00000015693	A
anno1.g13385.t1	A	BRAKERILHT00000016777	A
anno1.g13386.t1	A	BRAKERILHT00000016577	A
anno1.g13387.t1	A	BRAKERILHT00000015689	A
anno1.g13388.t1	A	BRAKERILHT00000016653	A
anno1.g13389.t1	A	BRAKERILHT00000016445	A
anno1.g13390.t1	A	BRAKERILHT00000016793	A
anno1.g13391.t1	A	BRAKERILHT00000016405	A
anno1.g13392.t1	A	BRAKERILHT00000016162	A
anno1.g13393.t1	A	BRAKERILHT00000015955	A
anno1.g13395.t1	A	BRAKERILHT00000016798	A
anno1.g13396.t1	A	BRAKERILHT00000016472	A
anno1.g13397.t1	A	BRAKERILHT00000015818	A
anno1.g13398.t1	A	BRAKERILHT00000015675	A
anno1.g13401.t1	A	BRAKERILHT00000015967	A
anno1.g13402.t1	A	BRAKERILHT00000015841	A
anno1.g13403.t1	A	BRAKERILHT00000001997	A
anno1.g13404.t2	A	BRAKERILHT00000016983	A
anno1.g13405.t1	A	BRAKERILHT00000016899	A
anno1.g13407.t1	A	BRAKERILHT00000016962	A
anno1.g13408.t1	A	BRAKERILHT00000016352	A
anno1.g13409.t1	A	BRAKERILHT00000016790	A
anno1.g13410.t1	A	BRAKERILHT00000016030	A
anno1.g13411.t1	A	BRAKERILHT00000016278	A
anno1.g13412.t1	A	BRAKERILHT00000016882	A
anno1.g13415.t1	A	BRAKERILHT00000015809	A
anno1.g13416.t1	A	BRAKERILHT00000015705	A
anno1.g13421.t1	A	BRAKERILHT00000016759	A
anno1.g13422.t1	A	BRAKERILHT00000016604	A
anno1.g13425.t1	A	BRAKERILHT00000016323	A
anno1.g13426.t1	A	BRAKERILHT00000016412	A
anno1.g13427.t2	A	BRAKERILHT00000016558	A
anno1.g13429.t1	A	BRAKERILHT00000016250	A
anno1.g13431.t1	A	BRAKERILHT00000015777	A
anno1.g13432.t3	A	BRAKERILHT00000016862	A
anno1.g13436.t1	A	BRAKERILHT00000016567	A
anno1.g13439.t1	A	BRAKERILHT00000016125	A
anno1.g13440.t1	A	BRAKERILHT00000016277	A
anno1.g13442.t1	A	BRAKERILHT00000016175	A
anno1.g13448.t1	A	BRAKERILHT00000016721	A
anno1.g13451.t1	A	BRAKERILHT00000015644	A
anno1.g13468.t2	A	BRAKERILHT00000015774	A
anno1.g13470.t1	A	BRAKERILHT00000016757	A
anno1.g13472.t1	A	BRAKERILHT00000015894	A
anno1.g13473.t1	A	BRAKERILHT00000016188	A
anno1.g13476.t1	A	BRAKERILHT00000015771	A
anno1.g13478.t1	A	BRAKERILHT00000015960	A
anno1.g13483.t1	A	BRAKERILHT00000016613	A
anno1.g13484.t1	A	BRAKERILHT00000016238	A
anno1.g13485.t1	A	BRAKERILHT00000015845	A
anno1.g13486.t1	A	BRAKERILHT00000016864	A
anno1.g13487.t1	A	BRAKERILHT00000016426	A
anno1.g13488.t1	A	BRAKERILHT00000016060	A
anno1.g13489.t1	A	BRAKERILHT00000015835	A
anno1.g13491.t1	A	BRAKERILHT00000016510	A
anno1.g13494.t1	A	BRAKERILHT00000016966	A
anno1.g13495.t1	A	BRAKERILHT00000015992	A
anno1.g13499.t1	A	BRAKERILHT00000016686	A
anno1.both_agree_g557.t1	A	BRAKERILHT00000015785	A
anno1.g13500.t1	A	BRAKERILHT00000016537	A
anno1.g13502.t1	A	BRAKERILHT00000016834	A
anno1.g13506.t1	A	BRAKERILHT00000016209	A
anno1.g13509.t1	A	BRAKERILHT00000015952	A
anno1.g13513.t1	A	BRAKERILHT00000016262	A
anno1.g13514.t1	A	BRAKERILHT00000016704	A
anno1.g13520.t1	A	BRAKERILHT00000016592	A
anno1.g13523.t1	A	BRAKERILHT00000016400	A
anno1.g13524.t1	A	BRAKERILHT00000016014	A
anno1.g13525.t1	A	BRAKERILHT00000016711	A
anno1.g13526.t1	A	BRAKERILHT00000016408	A
anno1.g13527.t1	A	BRAKERILHT00000016630	A
anno1.g13531.t1	A	BRAKERILHT00000016142	A
anno1.g13533.t1	A	BRAKERILHT00000015715	A
anno1.g13534.t1	A	BRAKERILHT00000015923	A
anno1.g13536.t1	A	BRAKERILHT00000016939	A
anno1.g13537.t1	A	BRAKERILHT00000016662	A
anno1.g13540.t1	A	BRAKERILHT00000016961	A
anno1.g13543.t1	A	BRAKERILHT00000016589	A
anno1.g13544.t1	A	BRAKERILHT00000016217	A
anno1.g13545.t1	A	BRAKERILHT00000015829	A
anno1.g13546.t1	A	BRAKERILHT00000015620	A
anno1.g13547.t1	A	BRAKERILHT00000016984	A
anno1.g13548.t1	A	BRAKERILHT00000016509	A
anno1.g13551.t1	A	BRAKERILHT00000015733	A
anno1.g13555.t1	A	BRAKERILHT00000016450	A
anno1.g13556.t2	A	BRAKERILHT00000015807	A
anno1.g13558.t1	A	BRAKERILHT00000016816	A
anno1.g13559.t1	A	BRAKERILHT00000016873	A
anno1.g13560.t1	A	BRAKERILHT00000016553	A
anno1.g13561.t1	A	BRAKERILHT00000016409	A
anno1.g13562.t1	A	BRAKERILHT00000015646	A
anno1.g13563.t2	A	BRAKERILHT00000016667	A
anno1.g13564.t1	A	BRAKERILHT00000015699	A
anno1.g13565.t1	A	BRAKERILHT00000016077	A
anno1.g13566.t1	A	BRAKERILHT00000016474	A
anno1.g13567.t1	A	BRAKERILHT00000016746	A
anno1.g13568.t1	A	BRAKERILHT00000016150	A
anno1.g13574.t1	A	BRAKERILHT00000015799	A
anno1.g13575.t1	A	BRAKERILHT00000015687	A
anno1.g13577.t1	A	BRAKERILHT00000016674	A
anno1.g13578.t1	A	BRAKERILHT00000004805	A
anno1.g13583.t1	A	BRAKERILHT00000016334	A
anno1.g13588.t2	A	BRAKERILHT00000015814	A
anno1.g13590.t2	A	BRAKERILHT00000016877	A
anno1.g13591.t1	A	BRAKERILHT00000016719	A
anno1.g13595.t1	A	BRAKERILHT00000016342	A
anno1.g13596.t1	A	BRAKERILHT00000002106	A
anno1.g13599.t1	A	BRAKERILHT00000016496	A
anno1.g13600.t1	A	BRAKERILHT00000015714	A
anno1.g13601.t1	A	BRAKERILHT00000016893	A
anno1.g13602.t1	A	BRAKERILHT00000015686	A
anno1.g13603.t2	A	BRAKERILHT00000016618	A
anno1.g13604.t1	A	BRAKERILHT00000016475	A
anno1.g13605.t1	A	BRAKERILHT00000016067	A
anno1.g13606.t1	A	BRAKERILHT00000016845	A
anno1.g13607.t1	A	BRAKERILHT00000016540	A
anno1.g13608.t1	A	BRAKERILHT00000016438	A
anno1.g13609.t1	A	BRAKERILHT00000016679	A
anno1.g13610.t1	A	BRAKERILHT00000016225	A
anno1.g13611.t1	A	BRAKERILHT00000016912	A
anno1.g13612.t1	A	BRAKERILHT00000016603	A
anno1.g13613.t1	A	BRAKERILHT00000002724	A
anno1.g13614.t1	A	BRAKERILHT00000016243	A
anno1.g13615.t1	A	BRAKERILHT00000015868	A
anno1.g13616.t1	A	BRAKERILHT00000016166	A
anno1.g13617.t1	A	BRAKERILHT00000016901	A
anno1.g13618.t2	A	BRAKERILHT00000015949	A
anno1.g13619.t1	A	BRAKERILHT00000016942	A
anno1.g13620.t1	A	BRAKERILHT00000016494	A
anno1.g13621.t1	A	BRAKERILHT00000016622	A
anno1.g13622.t1	A	BRAKERILHT00000015805	A
anno1.g13624.t1	A	BRAKERILHT00000016074	A
anno1.g13625.t1	A	BRAKERILHT00000016581	A
anno1.g13626.t1	A	BRAKERILHT00000016712	A
anno1.g13628.t1	A	BRAKERILHT00000016065	A
anno1.g13629.t1	A	BRAKERILHT00000016566	A
anno1.g13630.t1	A	BRAKERILHT00000016677	A
anno1.g13636.t1	A	BRAKERILHT00000015650	A
anno1.g13637.t1	A	BRAKERILHT00000015808	A
anno1.g13638.t2	A	BRAKERILHT00000016245	A
anno1.g13639.t3	A	BRAKERILHT00000015737	A
anno1.g13640.t1	A	BRAKERILHT00000016560	A
anno1.g13641.t1	A	BRAKERILHT00000016345	A
anno1.g13643.t3	A	BRAKERILHT00000015918	A
anno1.g13644.t4	A	BRAKERILHT00000015741	A
anno1.g13645.t1	A	BRAKERILHT00000016569	A
anno1.g13646.t1	A	BRAKERILHT00000016521	A
anno1.g13648.t2	A	BRAKERILHT00000016295	A
anno1.g13649.t1	A	BRAKERILHT00000016373	A
anno1.g13650.t1	A	BRAKERILHT00000016053	A
anno1.g13652.t1	A	BRAKERILHT00000016359	A
anno1.g13655.t1	A	BRAKERILHT00000016617	A
anno1.g13656.t1	A	BRAKERILHT00000015961	A
anno1.g13657.t1	A	BRAKERILHT00000015968	A
anno1.g13658.t1	A	BRAKERILHT00000015976	A
anno1.g13659.t1	A	BRAKERILHT00000016925	A
anno1.g13660.t1	A	BRAKERILHT00000015860	A
anno1.g13661.t1	A	BRAKERILHT00000016178	A
anno1.g13662.t2	A	BRAKERILHT00000016202	A
anno1.g13663.t1	A	BRAKERILHT00000015758	A
anno1.g13664.t1	A	BRAKERILHT00000015889	A
anno1.g13665.t1	A	BRAKERILHT00000016517	A
anno1.g13666.t1	A	BRAKERILHT00000016432	A
anno1.g13667.t1	A	BRAKERILHT00000016104	A
anno1.g13671.t1	A	BRAKERILHT00000016689	A
anno1.g13672.t1	A	BRAKERILHT00000016240	A
anno1.g13673.t1	A	BRAKERILHT00000016717	A
anno1.g13674.t1	A	BRAKERILHT00000015926	A
anno1.g13675.t1	A	BRAKERILHT00000016079	A
anno1.g13676.t1	A	BRAKERILHT00000016731	A
anno1.g13677.t1	A	BRAKERILHT00000016729	A
anno1.g13678.t1	A	BRAKERILHT00000015640	A
anno1.g13680.t1	A	BRAKERILHT00000016132	A
anno1.g13681.t1	A	BRAKERILHT00000016429	A
anno1.g13682.t1	A	BRAKERILHT00000016499	A
anno1.g13684.t1	A	BRAKERILHT00000015911	A
anno1.g13685.t1	A	BRAKERILHT00000016867	A
anno1.g13686.t1	A	BRAKERILHT00000016050	A
anno1.g13687.t2	A	BRAKERILHT00000016657	A
anno1.g13691.t1	A	BRAKERILHT00000016441	A
anno1.g13694.t1	A	BRAKERILHT00000015869	A
anno1.g13696.t1	A	BRAKERILHT00000016985	A
anno1.g13704.t1	A	BRAKERILHT00000015637	A
anno1.g13706.t1	A	BRAKERILHT00000015770	A
anno1.g13709.t1	A	BRAKERILHT00000016378	A
anno1.g13710.t1	A	BRAKERILHT00000015963	A
anno1.g13711.t1	A	BRAKERILHT00000016389	A
anno1.g13712.t1	A	BRAKERILHT00000015998	A
anno1.g13713.t1	A	BRAKERILHT00000015788	A
anno1.g13714.t1	A	BRAKERILHT00000016771	A
anno1.g13715.t1	A	BRAKERILHT00000015690	A
anno1.g13716.t1	A	BRAKERILHT00000015988	A
anno1.g13717.t1	A	BRAKERILHT00000016465	A
anno1.g13718.t1	A	BRAKERILHT00000016783	A
anno1.g13719.t1	A	BRAKERILHT00000015756	A
anno1.g13720.t1	A	BRAKERILHT00000016127	A
anno1.g13721.t1	A	BRAKERILHT00000015901	A
anno1.g13723.t1	A	BRAKERILHT00000016727	A
anno1.g13725.t3	A	BRAKERILHT00000016231	A
anno1.g13726.t1	A	BRAKERILHT00000016386	A
anno1.g13727.t1	A	BRAKERILHT00000015895	A
anno1.g13729.t1	A	BRAKERILHT00000016709	A
anno1.g13730.t1	A	BRAKERILHT00000016257	A
anno1.g13732.t1	A	BRAKERILHT00000015839	A
anno1.g13733.t2	A	BRAKERILHT00000016761	A
anno1.g13734.t1	A	BRAKERILHT00000016449	A
anno1.g13735.t1	A	BRAKERILHT00000016040	A
anno1.g13736.t2	A	BRAKERILHT00000016529	A
anno1.g13739.t2	A	BRAKERILHT00000016355	A
anno1.g13741.t1	A	BRAKERILHT00000016574	A
anno1.g13742.t1	A	BRAKERILHT00000016699	A
anno1.g13745.t1	A	BRAKERILHT00000016869	A
anno1.g13746.t1	A	BRAKERILHT00000016928	A
anno1.g13747.t1	A	BRAKERILHT00000015833	A
anno1.g13749.t1	A	BRAKERILHT00000016179	A
anno1.g13750.t1	A	BRAKERILHT00000016473	A
anno1.g13751.t2	A	BRAKERILHT00000015993	A
anno1.g13752.t1	A	BRAKERILHT00000015691	A
anno1.g13753.t1	A	BRAKERILHT00000016594	A
anno1.g13754.t2	A	BRAKERILHT00000016615	A
anno1.g13755.t2	A	BRAKERILHT00000016228	A
anno1.g13756.t1	A	BRAKERILHT00000015784	A
anno1.g13757.t1	A	BRAKERILHT00000016904	A
anno1.g13758.t1	A	BRAKERILHT00000015751	A
anno1.g13760.t1	A	BRAKERILHT00000016176	A
anno1.g13761.t1	A	BRAKERILHT00000016932	A
anno1.g13762.t1	A	BRAKERILHT00000016012	A
anno1.g13763.t1	A	BRAKERILHT00000016597	A
anno1.g13764.t1	A	BRAKERILHT00000015672	A
anno1.g13765.t1	A	BRAKERILHT00000016933	A
anno1.g13766.t1	A	BRAKERILHT00000015935	A
anno1.g13767.t2	A	BRAKERILHT00000015649	A
anno1.g13768.t1	A	BRAKERILHT00000016003	A
anno1.g13769.t1	A	BRAKERILHT00000016564	A
anno1.g13770.t1	A	BRAKERILHT00000016960	A
anno1.g13771.t1	A	BRAKERILHT00000015811	A
anno1.g13772.t1	A	BRAKERILHT00000015902	A
anno1.g13773.t3	A	BRAKERILHT00000016971	A
anno1.g13774.t1	A	BRAKERILHT00000016513	A
anno1.g13775.t2	A	BRAKERILHT00000016219	A
anno1.g13777.t1	A	BRAKERILHT00000016681	A
anno1.g13778.t1	A	BRAKERILHT00000016322	A
anno1.g13779.t1	A	BRAKERILHT00000016017	A
anno1.g13783.t1	A	BRAKERILHT00000016572	A
anno1.g13785.t1	A	BRAKERILHT00000016270	A
anno1.g13786.t1	A	BRAKERILHT00000016361	A
anno1.g13787.t1	A	BRAKERILHT00000016923	A
anno1.g13788.t1	A	BRAKERILHT00000015929	A
anno1.g13789.t1	A	BRAKERILHT00000015614	A
anno1.g13791.t2	A	BRAKERILHT00000016254	A
anno1.g13792.t1	A	BRAKERILHT00000016650	A
anno1.g13793.t1	A	BRAKERILHT00000015768	A
anno1.g13794.t1	A	BRAKERILHT00000016058	A
anno1.g13795.t1	A	BRAKERILHT00000016141	A
anno1.g13796.t1	A	BRAKERILHT00000016934	A
anno1.g13797.t1	A	BRAKERILHT00000015664	A
anno1.g13798.t1	A	BRAKERILHT00000016636	A
anno1.g13799.t1	A	BRAKERILHT00000016764	A
anno1.g13800.t1	A	BRAKERILHT00000015856	A
anno1.g13801.t1	A	BRAKERILHT00000016160	A
anno1.g13802.t1	A	BRAKERILHT00000015615	A
anno1.g13803.t1	A	BRAKERILHT00000015994	A
anno1.g13805.t1	A	BRAKERILHT00000016787	A
anno1.g13806.t1	A	BRAKERILHT00000016148	A
anno1.g13807.t1	A	BRAKERILHT00000016462	A
anno1.g13808.t1	A	BRAKERILHT00000016908	A
anno1.g13810.t9	A	BRAKERILHT00000016306	A
anno1.g13811.t1	A	BRAKERILHT00000015913	A
anno1.g13813.t1	A	BRAKERILHT00000016120	A
anno1.g13814.t1	A	BRAKERILHT00000016339	A
anno1.g13815.t2	A	BRAKERILHT00000015731	A
anno1.g13816.t1	A	BRAKERILHT00000016114	A
anno1.g13817.t1	A	BRAKERILHT00000016276	A
anno1.g13818.t1	A	BRAKERILHT00000016495	A
anno1.g13820.t1	A	BRAKERILHT00000016118	A
anno1.g13821.t1	A	BRAKERILHT00000016781	A
anno1.g13822.t3	A	BRAKERILHT00000016354	A
anno1.g13824.t1	A	BRAKERILHT00000016115	A
anno1.g13827.t1	A	BRAKERILHT00000012529	A
anno1.g13828.t2	A	BRAKERILHT00000016502	A
anno1.g13829.t1	A	BRAKERILHT00000016890	A
anno1.g13830.t1	A	BRAKERILHT00000016271	A
anno1.g13833.t3	A	BRAKERILHT00000015850	A
anno1.g13834.t1	A	BRAKERILHT00000016144	A
anno1.g13835.t1	A	BRAKERILHT00000015983	A
anno1.g13836.t1	A	BRAKERILHT00000015630	A
anno1.g13837.t1	A	BRAKERILHT00000016606	A
anno1.g13838.t1	A	BRAKERILHT00000016136	A
anno1.g13839.t1	A	BRAKERILHT00000015679	A
anno1.g13841.t1	A	BRAKERILHT00000015880	A
anno1.g13844.t1	A	BRAKERILHT00000015740	A
anno1.g13848.t1	A	BRAKERILHT00000016498	A
anno1.g13849.t2	A	BRAKERILHT00000015883	A
anno1.g13853.t1	A	BRAKERILHT00000016742	A
anno1.g13855.t6	A	BRAKERILHT00000016929	A
anno1.g13856.t1	A	BRAKERILHT00000016455	A
anno1.g13857.t1	A	BRAKERILHT00000016071	A
anno1.g13859.t1	A	BRAKERILHT00000016889	A
anno1.g13860.t1	A	BRAKERILHT00000016269	A
anno1.g13861.t1	A	BRAKERILHT00000015948	A
anno1.g13864.t2	A	BRAKERILHT00000016152	A
anno1.g13865.t1	A	BRAKERILHT00000016112	A
anno1.g13866.t1	A	BRAKERILHT00000016642	A
anno1.g13867.t1	A	BRAKERILHT00000016477	A
anno1.g13868.t1	A	BRAKERILHT00000016797	A
anno1.g13869.t1	A	BRAKERILHT00000015743	A
anno1.g13870.t2	A	BRAKERILHT00000016214	A
anno1.g13871.t1	A	BRAKERILHT00000016511	A
anno1.g13872.t1	A	BRAKERILHT00000016856	A
anno1.g13878.t1	A	BRAKERILHT00000016491	A
anno1.g13880.t1	A	BRAKERILHT00000016100	A
anno1.g13881.t1	A	BRAKERILHT00000016586	A
anno1.g13882.t1	A	BRAKERILHT00000016568	A
anno1.g13883.t1	A	BRAKERILHT00000016287	A
anno1.g13884.t1	A	BRAKERILHT00000015947	A
anno1.g13885.t1	A	BRAKERILHT00000015810	A
anno1.g13894.t1	A	BRAKERILHT00000016318	A
anno1.g13896.t1	A	BRAKERILHT00000016973	A
anno1.g13899.t2	A	BRAKERILHT00000015717	A
anno1.g13900.t1	A	BRAKERILHT00000016343	A
anno1.g13901.t1	A	BRAKERILHT00000016651	A
anno1.g13902.t1	A	BRAKERILHT00000016550	A
anno1.g13906.t2	A	BRAKERILHT00000016580	A
anno1.g13909.t1	A	BRAKERILHT00000016259	A
anno1.g13910.t1	A	BRAKERILHT00000016388	A
anno1.g13911.t1	A	BRAKERILHT00000016685	A
anno1.g13912.t1	A	BRAKERILHT00000016913	A
anno1.g13913.t1	A	BRAKERILHT00000016212	A
anno1.g13915.t1	A	BRAKERILHT00000016739	A
anno1.g13917.t2	A	BRAKERILHT00000016253	A
anno1.g13918.t1	A	BRAKERILHT00000015954	A
anno1.g13919.t1	A	BRAKERILHT00000015936	A
anno1.g13920.t1	A	BRAKERILHT00000016246	A
anno1.g13921.t1	A	BRAKERILHT00000016552	A
anno1.g13922.t1	A	BRAKERILHT00000016874	A
anno1.g13923.t2	A	BRAKERILHT00000016088	A
anno1.g13929.t1	A	BRAKERILHT00000016268	A
anno1.g13930.t2	A	BRAKERILHT00000015658	A
anno1.g13931.t1	A	BRAKERILHT00000016637	A
anno1.g13935.t1	A	BRAKERILHT00000016167	A
anno1.g13934.t4	A	BRAKERILHT00000016555	A
anno1.g13936.t1	A	BRAKERILHT00000016443	A
anno1.g13938.t1	A	BRAKERILHT00000016658	A
anno1.g13939.t3	A	BRAKERILHT00000015682	A
anno1.g13940.t2	A	BRAKERILHT00000016602	A
anno1.g13941.t2	A	BRAKERILHT00000016701	A
anno1.g13942.t1	A	BRAKERILHT00000015616	A
anno1.g13943.t1	A	BRAKERILHT00000016027	A
anno1.g13944.t2	A	BRAKERILHT00000016956	A
anno1.g13945.t4	A	BRAKERILHT00000016184	A
anno1.g13946.t1	A	BRAKERILHT00000015752	A
anno1.g13947.t1	A	BRAKERILHT00000016827	A
anno1.g13949.t1	A	BRAKERILHT00000016023	A
anno1.g13950.t1	A	BRAKERILHT00000016298	A
anno1.g13952.t1	A	BRAKERILHT00000016688	A
anno1.g13955.t1	A	BRAKERILHT00000016041	A
anno1.g13956.t1	A	BRAKERILHT00000016435	A
anno1.g13957.t1	A	BRAKERILHT00000016716	A
anno1.g13958.t1	A	BRAKERILHT00000016117	A
anno1.g13959.t2	A	BRAKERILHT00000016403	A
anno1.g13960.t1	A	BRAKERILHT00000016894	A
anno1.g13961.t1	A	BRAKERILHT00000002434	A
anno1.g13962.t1	A	BRAKERILHT00000015629	A
anno1.g13963.t1	A	BRAKERILHT00000016107	A
anno1.g13964.t2	A	BRAKERILHT00000015797	A
anno1.g13965.t1	A	BRAKERILHT00000015698	A
anno1.g13966.t1	A	BRAKERILHT00000016599	A
anno1.g13967.t1	A	BRAKERILHT00000016348	A
anno1.g13968.t1	A	BRAKERILHT00000016541	A
anno1.g13969.t1	A	BRAKERILHT00000016753	A
anno1.g13972.t1	A	BRAKERILHT00000016379	A
anno1.g13973.t1	A	BRAKERILHT00000015938	A
anno1.g13974.t1	A	BRAKERILHT00000016349	A
anno1.g13976.t1	A	BRAKERILHT00000016846	A
anno1.g13978.t1	A	BRAKERILHT00000016043	A
anno1.g13979.t1	A	BRAKERILHT00000015730	A
anno1.g13981.t1	A	BRAKERILHT00000016751	A
anno1.g13982.t1	A	BRAKERILHT00000016488	A
anno1.g13983.t2	A	BRAKERILHT00000016203	A
anno1.g13984.t2	A	BRAKERILHT00000015874	A
anno1.g13985.t1	A	BRAKERILHT00000016953	A
anno1.g13986.t1	A	BRAKERILHT00000016640	A
anno1.g13987.t1	A	BRAKERILHT00000016174	A
anno1.g13988.t1	A	BRAKERILHT00000015962	A
anno1.g13989.t1	A	BRAKERILHT00000015662	A
anno1.g13990.t1	A	BRAKERILHT00000016451	A
anno1.g13991.t2	A	BRAKERILHT00000015862	A
anno1.g13993.t1	A	BRAKERILHT00000016766	A
anno1.g13995.t1	A	BRAKERILHT00000016646	A
anno1.g13996.t1	A	BRAKERILHT00000015864	A
anno1.g14004.t1	A	BRAKERILHT00000006568	A
anno1.g14006.t1	A	BRAKERILHT00000016330	A
anno1.g14064.t1	A	BRAKERILHT00000007208	A
anno1.g14120.t1	A	BRAKERILHT00000017553	X
anno1.g14124.t2	A	BRAKERILHT00000014119	A
anno1.g14127.t2	A	BRAKERILHT00000014564	A
anno1.g14130.t1	A	BRAKERILHT00000014787	A
anno1.g14133.t1	A	BRAKERILHT00000014591	A
anno1.g14134.t1	A	BRAKERILHT00000015500	A
anno1.g14136.t1	A	BRAKERILHT00000014350	A
anno1.g14137.t2	A	BRAKERILHT00000014833	A
anno1.g14139.t2	A	BRAKERILHT00000014413	A
anno1.g14140.t1	A	BRAKERILHT00000015552	A
anno1.g14141.t1	A	BRAKERILHT00000014943	A
anno1.g14143.t1	A	BRAKERILHT00000014337	A
anno1.g14145.t1	A	BRAKERILHT00000014758	A
anno1.g14150.t1	A	BRAKERILHT00000011241	A
anno1.g14152.t1	A	BRAKERILHT00000014312	A
anno1.g14153.t1	A	BRAKERILHT00000014454	A
anno1.g14154.t2	A	BRAKERILHT00000014916	A
anno1.g14155.t1	A	BRAKERILHT00000014794	A
anno1.g14156.t2	A	BRAKERILHT00000014730	A
anno1.g14157.t1	A	BRAKERILHT00000014385	A
anno1.g14158.t1	A	BRAKERILHT00000016747	A
anno1.g14159.t1	A	BRAKERILHT00000016024	A
anno1.g14160.t1	A	BRAKERILHT00000016414	A
anno1.g14161.t1	A	BRAKERILHT00000016545	A
anno1.g14162.t1	A	BRAKERILHT00000015749	A
anno1.g14163.t2	A	BRAKERILHT00000016516	A
anno1.g14165.t1	A	BRAKERILHT00000016333	A
anno1.g14167.t1	A	BRAKERILHT00000016087	A
anno1.g14168.t2	A	BRAKERILHT00000015707	A
anno1.g14169.t1	A	BRAKERILHT00000016730	A
anno1.g14173.t1	A	BRAKERILHT00000016101	A
anno1.g14174.t1	A	BRAKERILHT00000015827	A
anno1.g14175.t1	A	BRAKERILHT00000015828	A
anno1.g14177.t1	A	BRAKERILHT00000016796	A
anno1.g14178.t1	A	BRAKERILHT00000016503	A
anno1.g14180.t3	A	BRAKERILHT00000016054	A
anno1.g14182.t1	A	BRAKERILHT00000016735	A
anno1.g14185.t1	A	BRAKERILHT00000016954	A
anno1.g14186.t1	A	BRAKERILHT00000016585	A
anno1.g14187.t1	A	BRAKERILHT00000016975	A
anno1.g14196.t1	A	BRAKERILHT00000014709	A
anno1.g14200.t1	A	BRAKERILHT00000016016	A
anno1.g14202.t1	A	BRAKERILHT00000014232	A
anno1.g14203.t1	A	BRAKERILHT00000015246	A
anno1.g14204.t1	A	BRAKERILHT00000014771	A
anno1.g14205.t2	A	BRAKERILHT00000014372	A
anno1.g14208.t2	A	BRAKERILHT00000018038	X
anno1.g14213.t1	A	BRAKERILHT00000014596	A
anno1.g14223.t1	A	BRAKERILHT00000014660	A
anno1.g14225.t1	A	BRAKERILHT00000014956	A
anno1.g14226.t1	A	BRAKERILHT00000015420	A
anno1.g14227.t4	A	BRAKERILHT00000014673	A
anno1.g14228.t1	A	BRAKERILHT00000014359	A
anno1.g14229.t1	A	BRAKERILHT00000015295	A
anno1.g14230.t1	A	BRAKERILHT00000014849	A
anno1.g14231.t1	A	BRAKERILHT00000014842	A
anno1.g14233.t1	A	BRAKERILHT00000000243	A
anno1.g14235.t1	A	BRAKERILHT00000014580	A
anno1.g14236.t1	A	BRAKERILHT00000014553	A
anno1.g14237.t1	A	BRAKERILHT00000014936	A
anno1.g14238.t2	A	BRAKERILHT00000015264	A
anno1.g14243.t1	A	BRAKERILHT00000014893	A
anno1.g14246.t2	A	BRAKERILHT00000014561	A
anno1.g14247.t1	A	BRAKERILHT00000015065	A
anno1.g14248.t1	A	BRAKERILHT00000015077	A
anno1.g14249.t4	A	BRAKERILHT00000014135	A
anno1.g14250.t1	A	BRAKERILHT00000014764	A
anno1.g14251.t1	A	BRAKERILHT00000011623	A
anno1.g14254.t1	A	BRAKERILHT00000015451	A
anno1.g14255.t1	A	BRAKERILHT00000015210	A
anno1.g14256.t1	A	BRAKERILHT00000015097	A
anno1.g14261.t1	A	BRAKERILHT00000014638	A
anno1.g14263.t1	A	BRAKERILHT00000014351	A
anno1.g14264.t1	A	BRAKERILHT00000015525	A
anno1.g14265.t1	A	BRAKERILHT00000014929	A
anno1.g14266.t2	A	BRAKERILHT00000014474	A
anno1.g14268.t1	A	BRAKERILHT00000015375	A
anno1.g14269.t1	A	BRAKERILHT00000014226	A
anno1.g14270.t1	A	BRAKERILHT00000014457	A
anno1.g14271.t1	A	BRAKERILHT00000014897	A
anno1.g14272.t1	A	BRAKERILHT00000014286	A
anno1.g14273.t1	A	BRAKERILHT00000015014	A
anno1.g14281.t1	A	BRAKERILHT00000014614	A
anno1.g14282.t1	A	BRAKERILHT00000015272	A
anno1.g14287.t1	A	BRAKERILHT00000008465	A
anno1.g14288.t1	A	BRAKERILHT00000007885	A
anno1.g14290.t1	A	BRAKERILHT00000015490	A
anno1.g14291.t1	A	BRAKERILHT00000014195	A
anno1.g14292.t1	A	BRAKERILHT00000014253	A
anno1.g14293.t1	A	BRAKERILHT00000014607	A
anno1.g14294.t1	A	BRAKERILHT00000001780	A
anno1.g14295.t2	A	BRAKERILHT00000015035	A
anno1.g14300.t1	A	BRAKERILHT00000013556	A
anno1.g14308.t1	A	BRAKERILHT00000015505	A
anno1.g14309.t1	A	BRAKERILHT00000015072	A
anno1.g14310.t1	A	BRAKERILHT00000000961	A
anno1.g14311.t1	A	BRAKERILHT00000000509	A
anno1.g14312.t1	A	BRAKERILHT00000012447	A
anno1.g14313.t1	A	BRAKERILHT00000000038	A
anno1.g14320.t1	A	BRAKERILHT00000000725	A
anno1.g14325.t1	A	BRAKERILHT00000003611	A
anno1.g14326.t1	A	BRAKERILHT00000000684	A
anno1.g14327.t1	A	BRAKERILHT00000000144	A
anno1.g14337.t1	A	BRAKERILHT00000008793	A
anno1.g14356.t1	A	BRAKERILHT00000014877	A
anno1.g14362.t1	A	BRAKERILHT00000010171	A
anno1.g14364.t1	A	BRAKERILHT00000003026	A
anno1.g14369.t1	A	BRAKERILHT00000003030	A
anno1.g14370.t1	A	BRAKERILHT00000003054	A
anno1.g14372.t1	A	BRAKERILHT00000010840	A
anno1.g14376.t2	A	BRAKERILHT00000003353	A
anno1.g14377.t2	A	BRAKERILHT00000003644	A
anno1.g14380.t1	A	BRAKERILHT00000012171	A
anno1.g14384.t1	A	BRAKERILHT00000006522	A
anno1.g14389.t1	A	BRAKERILHT00000000769	A
anno1.g14390.t2	A	BRAKERILHT00000001210	A
anno1.g14391.t1	A	BRAKERILHT00000000754	A
anno1.g14392.t1	A	BRAKERILHT00000000338	A
anno1.g14394.t1	A	BRAKERILHT00000002021	A
anno1.g14400.t2	A	BRAKERILHT00000014511	A
anno1.g14401.t1	A	BRAKERILHT00000014867	A
anno1.g14402.t3	A	BRAKERILHT00000014901	A
anno1.g14403.t1	A	BRAKERILHT00000015336	A
anno1.g14404.t1	A	BRAKERILHT00000014193	A
anno1.g14410.t1	A	BRAKERILHT00000014554	A
anno1.g14411.t2	A	BRAKERILHT00000014108	A
anno1.g14412.t1	A	BRAKERILHT00000014317	A
anno1.g14413.t1	A	BRAKERILHT00000014969	A
anno1.g14415.t1	A	BRAKERILHT00000015219	A
anno1.g14416.t1	A	BRAKERILHT00000015577	A
anno1.g14417.t1	A	BRAKERILHT00000014889	A
anno1.g14418.t1	A	BRAKERILHT00000015524	A
anno1.g14419.t1	A	BRAKERILHT00000014445	A
anno1.g14420.t1	A	BRAKERILHT00000014864	A
anno1.g14421.t1	A	BRAKERILHT00000014531	A
anno1.g14422.t1	A	BRAKERILHT00000014160	A
anno1.g14423.t1	A	BRAKERILHT00000015413	A
anno1.g14425.t1	A	BRAKERILHT00000015033	A
anno1.g14427.t1	A	BRAKERILHT00000014692	A
anno1.g14428.t1	A	BRAKERILHT00000014530	A
anno1.g14431.t1	A	BRAKERILHT00000015575	A
anno1.g14432.t1	A	BRAKERILHT00000015530	A
anno1.g14433.t1	A	BRAKERILHT00000014255	A
anno1.g14434.t1	A	BRAKERILHT00000014777	A
anno1.g14435.t1	A	BRAKERILHT00000014487	A
anno1.g14436.t1	A	BRAKERILHT00000014081	A
anno1.g14437.t1	A	BRAKERILHT00000001036	A
anno1.g14441.t1	A	BRAKERILHT00000015567	A
anno1.g14442.t1	A	BRAKERILHT00000014221	A
anno1.g14443.t1	A	BRAKERILHT00000015266	A
anno1.g14445.t2	A	BRAKERILHT00000014718	A
anno1.g14450.t2	A	BRAKERILHT00000014374	A
anno1.g14452.t1	A	BRAKERILHT00000015120	A
anno1.g14453.t1	A	BRAKERILHT00000015300	A
anno1.g14454.t1	A	BRAKERILHT00000015229	A
anno1.g14470.t1	Y	BRAKERILHT00000009964	A
anno1.g14472.t1	X	BRAKERILHT00000003784	A
anno1.g14475.t1	A	BRAKERILHT00000004493	A
anno1.g14480.t1	A	BRAKERILHT00000005205	A
anno1.g14486.t1	A	BRAKERILHT00000004260	A
anno1.g14487.t1	A	BRAKERILHT00000002468	A
anno1.g14488.t2	A	BRAKERILHT00000004000	A
anno1.g14489.t1	A	BRAKERILHT00000002365	A
anno1.g14492.t1	A	BRAKERILHT00000003822	A
anno1.g14495.t5	A	BRAKERILHT00000004133	A
anno1.g14497.t2	A	BRAKERILHT00000004253	A
anno1.g14498.t1	A	BRAKERILHT00000003915	A
anno1.g14499.t1	A	BRAKERILHT00000004321	A
anno1.g14500.t2	A	BRAKERILHT00000003143	A
anno1.g14503.t1	A	BRAKERILHT00000003639	A
anno1.g14504.t1	A	BRAKERILHT00000002449	A
anno1.g14505.t2	A	BRAKERILHT00000003906	A
anno1.g14510.t1	A	BRAKERILHT00000010575	A
anno1.g14514.t1	A	BRAKERILHT00000012305	A
anno1.g14517.t1	A	BRAKERILHT00000011829	A
anno1.g14519.t1	A	BRAKERILHT00000012036	A
anno1.g14520.t1	A	BRAKERILHT00000011012	A
anno1.g14529.t1	A	BRAKERILHT00000012208	A
anno1.g14531.t2	A	BRAKERILHT00000005542	A
anno1.g14534.t1	A	BRAKERILHT00000006461	A
anno1.g14536.t1	A	BRAKERILHT00000006208	A
anno1.g14537.t1	A	BRAKERILHT00000010064	A
anno1.g14541.t1	A	BRAKERILHT00000002247	A
anno1.g14548.t1	A	BRAKERILHT00000015820	A
anno1.g14550.t3	A	BRAKERILHT00000016181	A
anno1.g14557.t1	A	BRAKERILHT00000004299	A
anno1.g14558.t1	A	BRAKERILHT00000003514	A
anno1.g14565.t1	A	BRAKERILHT00000007260	A
anno1.g14580.t1	A	BRAKERILHT00000002462	A
anno1.g14582.t1	A	BRAKERILHT00000002225	A
anno1.g14586.t1	A	BRAKERILHT00000007343	A
anno1.g14587.t1	A	BRAKERILHT00000008247	A
anno1.g14588.t1	A	BRAKERILHT00000006960	A
anno1.g14589.t1	A	BRAKERILHT00000007129	A
anno1.g14595.t1	A	BRAKERILHT00000008113	A
anno1.g14597.t2	A	BRAKERILHT00000007775	A
anno1.g14599.t1	A	BRAKERILHT00000010591	A
anno1.g14600.t1	A	BRAKERILHT00000002233	A
anno1.g14604.t1	A	BRAKERILHT00000007756	A
anno1.g14606.t1	A	BRAKERILHT00000007240	A
anno1.g14608.t1	A	BRAKERILHT00000006775	A
anno1.g14612.t6	A	BRAKERILHT00000006682	A
anno1.g14616.t1	A	BRAKERILHT00000015071	A
anno1.g14621.t1	A	BRAKERILHT00000000801	A
anno1.g14622.t2	A	BRAKERILHT00000002104	A
anno1.g14624.t1	A	BRAKERILHT00000000275	A
anno1.g14625.t2	A	BRAKERILHT00000002157	A
anno1.g14626.t1	A	BRAKERILHT00000001241	A
anno1.g14627.t1	A	BRAKERILHT00000001038	A
anno1.g14628.t1	A	BRAKERILHT00000000777	A
anno1.g14630.t1	A	BRAKERILHT00000016974	A
anno1.g14636.t1	A	BRAKERILHT00000002921	A
anno1.g14637.t1	A	BRAKERILHT00000002382	A
anno1.g14638.t2	A	BRAKERILHT00000004005	A
anno1.g14639.t1	A	BRAKERILHT00000014084	A
anno1.g14640.t1	A	BRAKERILHT00000002378	A
anno1.g14641.t1	A	BRAKERILHT00000015826	A
anno1.g14643.t1	A	BRAKERILHT00000014422	A
anno1.g14644.t1	A	BRAKERILHT00000015233	A
anno1.g14650.t1	A	BRAKERILHT00000010839	A
anno1.g14651.t1	A	BRAKERILHT00000003857	A
anno1.g14657.t1	A	BRAKERILHT00000000157	A
anno1.g14658.t2	A	BRAKERILHT00000011915	A
anno1.g14659.t2	A	BRAKERILHT00000010542	A
anno1.g14664.t1	A	BRAKERILHT00000011167	A
anno1.g14667.t1	A	BRAKERILHT00000010857	A
anno1.g14669.t1	A	BRAKERILHT00000000455	A
anno1.g14670.t1	A	BRAKERILHT00000000028	A
anno1.g14674.t2	A	BRAKERILHT00000000893	A
anno1.g14675.t1	A	BRAKERILHT00000001270	A
anno1.g14676.t1	A	BRAKERILHT00000000042	A
anno1.g14677.t1	A	BRAKERILHT00000001232	A
anno1.g14679.t1	A	BRAKERILHT00000000718	A
anno1.g14680.t1	A	BRAKERILHT00000001548	A
anno1.g14687.t1	A	BRAKERILHT00000001093	A
anno1.g14689.t1	A	BRAKERILHT00000000093	A
anno1.g14691.t2	A	BRAKERILHT00000012258	A
anno1.g14692.t1	A	BRAKERILHT00000010770	A
anno1.g14693.t2	A	BRAKERILHT00000010937	A
anno1.g14694.t1	A	BRAKERILHT00000011800	A
anno1.g14695.t1	A	BRAKERILHT00000010945	A
anno1.g14697.t1	A	BRAKERILHT00000011794	A
anno1.g14698.t1	A	BRAKERILHT00000012018	A
anno1.g14702.t2	A	BRAKERILHT00000011147	A
anno1.g14705.t1	A	BRAKERILHT00000011962	A
anno1.g14706.t1	A	BRAKERILHT00000011413	A
anno1.g14707.t1	A	BRAKERILHT00000012200	A
anno1.g14711.t1	A	BRAKERILHT00000005738	A
anno1.g14712.t1	A	BRAKERILHT00000005295	A
anno1.g14718.t1	A	BRAKERILHT00000014959	A
anno1.g14720.t1	A	BRAKERILHT00000001675	A
anno1.g14722.t1	A	BRAKERILHT00000000020	A
anno1.g14728.t1	A	BRAKERILHT00000006989	A
anno1.g14729.t1	A	BRAKERILHT00000007249	A
anno1.g14730.t1	A	BRAKERILHT00000007825	A
anno1.g14731.t1	A	BRAKERILHT00000007263	A
anno1.g14737.t1	A	BRAKERILHT00000004950	A
anno1.g14738.t1	A	BRAKERILHT00000004518	A
anno1.g14739.t2	A	BRAKERILHT00000006130	A
anno1.g14740.t1	A	BRAKERILHT00000005660	A
anno1.g14743.t1	A	BRAKERILHT00000002710	A
anno1.g14744.t1	A	BRAKERILHT00000004427	A
anno1.g14745.t1	A	BRAKERILHT00000003486	A
anno1.g14746.t1	A	BRAKERILHT00000003547	A
anno1.g14750.t1	A	BRAKERILHT00000001411	A
anno1.g14754.t1	A	BRAKERILHT00000003519	A
anno1.g14755.t1	A	BRAKERILHT00000004050	A
anno1.g14759.t1	X	BRAKERILHT00000016998	X
anno1.g14761.t1	A	BRAKERILHT00000001040	A
anno1.g14762.t1	A	BRAKERILHT00000008909	A
anno1.g14765.t1	A	BRAKERILHT00000009095	A
anno1.g14767.t1	A	BRAKERILHT00000015223	A
anno1.g14768.t1	A	BRAKERILHT00000007453	A
anno1.g14774.t1	A	BRAKERILHT00000008993	A
anno1.g14784.t1	A	BRAKERILHT00000003272	A
anno1.g14786.t1	A	BRAKERILHT00000003461	A
anno1.g14789.t1	A	BRAKERILHT00000004401	A
anno1.g14793.t1	A	BRAKERILHT00000002645	A
anno1.g14796.t2	A	BRAKERILHT00000010954	A
anno1.g14798.t1	A	BRAKERILHT00000003134	A
anno1.g14800.t1	A	BRAKERILHT00000002286	A
anno1.g14806.t1	A	BRAKERILHT00000000536	A
anno1.g14808.t1	X	BRAKERILHT00000011932	A
anno1.g14813.t1	A	BRAKERILHT00000002236	A
anno1.g14816.t1	A	BRAKERILHT00000001034	A
anno1.g14818.t1	A	BRAKERILHT00000015719	A
anno1.g14819.t1	A	BRAKERILHT00000016090	A
anno1.g14820.t1	A	BRAKERILHT00000016884	A
anno1.g14821.t1	A	BRAKERILHT00000005383	A
anno1.g14822.t1	A	BRAKERILHT00000004839	A
anno1.g14823.t1	A	BRAKERILHT00000006395	A
anno1.g14824.t1	A	BRAKERILHT00000003631	A
anno1.g14828.t1	A	BRAKERILHT00000002713	A
anno1.g14835.t1	A	BRAKERILHT00000014321	A
anno1.g14838.t2	A	BRAKERILHT00000001932	A
anno1.g14840.t1	A	BRAKERILHT00000013237	A
