B_siliquastri	chromosome	D_carinulata	chromosome
BRAKERILHT00000000982	A	rna-XM_057805996.1	A
BRAKERILHT00000001176	A	rna-XM_057806013.1	A
BRAKERILHT00000000383	A	rna-XM_057794860.1	A
BRAKERILHT00000000700	A	rna-XM_057794900.1	A
BRAKERILHT00000001687	A	rna-XM_057811368.1	A
BRAKERILHT00000000962	A	rna-XM_057816099.1	A
BRAKERILHT00000001532	A	rna-XM_057796152.1	A
BRAKERILHT00000001909	A	rna-XM_057799361.1	A
BRAKERILHT00000000202	A	rna-XM_057801633.1	A
BRAKERILHT00000001999	A	rna-XM_057800217.1	A
BRAKERILHT00000001498	A	rna-XM_057808357.1	A
BRAKERILHT00000001266	A	rna-XM_057808358.1	A
BRAKERILHT00000001663	A	rna-XM_057801913.1	A
BRAKERILHT00000001814	A	rna-XM_057801915.1	A
BRAKERILHT00000000259	A	rna-XM_057801911.1	A
BRAKERILHT00000001246	A	rna-XM_057808378.1	A
BRAKERILHT00000002075	A	rna-XM_057809541.1	X
BRAKERILHT00000000534	A	rna-XM_057809495.1	X
BRAKERILHT00000000850	A	rna-XM_057811221.1	A
BRAKERILHT00000001426	A	rna-XM_057811710.1	A
BRAKERILHT00000000008	A	rna-XM_057810461.1	A
BRAKERILHT00000000748	A	rna-XM_057810459.1	A
BRAKERILHT00000000977	A	rna-XM_057811740.1	A
BRAKERILHT00000001398	A	rna-XM_057800044.1	A
BRAKERILHT00000002168	A	rna-XM_057814604.1	A
BRAKERILHT00000000212	A	rna-XM_057800036.1	A
BRAKERILHT00000001715	A	rna-XM_057800049.1	A
BRAKERILHT00000000018	A	rna-XM_057800031.1	A
BRAKERILHT00000000237	A	rna-XM_057812879.1	A
BRAKERILHT00000001429	A	rna-XM_057804632.1	A
BRAKERILHT00000000807	A	rna-XM_057812136.1	A
BRAKERILHT00000000805	A	rna-XM_057813885.1	A
BRAKERILHT00000001478	A	rna-XM_057813891.1	A
BRAKERILHT00000001932	A	rna-XM_057816528.1	A
BRAKERILHT00000000493	A	rna-XM_057804319.1	A
BRAKERILHT00000000093	A	rna-XM_057804765.1	A
BRAKERILHT00000001093	A	rna-XM_057794904.1	A
BRAKERILHT00000001716	A	rna-XM_057804762.1	A
BRAKERILHT00000000943	A	rna-XM_057804770.1	A
BRAKERILHT00000000115	A	rna-XM_057797099.1	A
BRAKERILHT00000000718	A	rna-XM_057806281.1	A
BRAKERILHT00000001975	A	rna-XM_057800376.1	A
BRAKERILHT00000001718	A	rna-XM_057798512.1	A
BRAKERILHT00000001270	A	rna-XM_057806761.1	A
BRAKERILHT00000000893	A	rna-XM_057800382.1	A
BRAKERILHT00000001105	A	rna-XM_057802705.1	A
BRAKERILHT00000001881	A	rna-XM_057797709.1	A
BRAKERILHT00000001358	A	rna-XM_057815021.1	A
BRAKERILHT00000000265	A	rna-XM_057814418.1	A
BRAKERILHT00000001974	A	rna-XM_057798685.1	A
BRAKERILHT00000001508	A	rna-XM_057801487.1	A
BRAKERILHT00000002066	A	rna-XM_057801500.1	A
BRAKERILHT00000000517	A	rna-XM_057808404.1	A
BRAKERILHT00000001117	A	rna-XM_057808411.1	A
BRAKERILHT00000000297	A	rna-XM_057800457.1	A
BRAKERILHT00000000890	A	rna-XM_057800456.1	A
BRAKERILHT00000002041	A	rna-XM_057815510.1	A
BRAKERILHT00000000474	A	rna-XM_057805276.1	A
BRAKERILHT00000001330	A	rna-XM_057800565.1	A
BRAKERILHT00000002020	A	rna-XM_057795668.1	A
BRAKERILHT00000001060	A	rna-XM_057796444.1	A
BRAKERILHT00000001204	A	rna-XM_057796576.1	A
BRAKERILHT00000000751	A	rna-XM_057796575.1	A
BRAKERILHT00000001935	A	rna-XM_057796445.1	A
BRAKERILHT00000001584	A	rna-XM_057796447.1	A
BRAKERILHT00000000981	A	rna-XM_057795742.1	A
BRAKERILHT00000000546	A	rna-XM_057800224.1	A
BRAKERILHT00000001477	A	rna-XM_057796451.1	A
BRAKERILHT00000000858	A	rna-XM_057795743.1	A
BRAKERILHT00000000530	A	rna-XM_057799940.1	A
BRAKERILHT00000000723	A	rna-XM_057796696.1	A
BRAKERILHT00000002012	A	rna-XM_057796699.1	A
BRAKERILHT00000001676	A	rna-XM_057816831.1	A
BRAKERILHT00000000476	A	rna-XM_057796692.1	A
BRAKERILHT00000002047	A	rna-XM_057795665.1	A
BRAKERILHT00000000834	A	rna-XM_057816878.1	A
BRAKERILHT00000001173	A	rna-XM_057803728.1	A
BRAKERILHT00000002138	A	rna-XM_057807146.1	A
BRAKERILHT00000001898	A	rna-XM_057807034.1	A
BRAKERILHT00000000494	A	rna-XM_057807032.1	A
BRAKERILHT00000001438	A	rna-XM_057815956.1	A
BRAKERILHT00000000739	A	rna-XM_057816507.1	A
BRAKERILHT00000000248	A	rna-XM_057800697.1	X
BRAKERILHT00000001441	A	rna-XM_057795075.1	A
BRAKERILHT00000000066	A	rna-XM_057815411.1	A
BRAKERILHT00000002119	A	rna-XM_057815400.1	A
BRAKERILHT00000001965	A	rna-XM_057816118.1	A
BRAKERILHT00000000603	A	rna-XM_057816250.1	A
BRAKERILHT00000001553	A	rna-XM_057816892.1	A
BRAKERILHT00000001138	A	rna-XM_057816891.1	A
BRAKERILHT00000000667	A	rna-XM_057816884.1	A
BRAKERILHT00000000415	A	rna-XM_057816882.1	A
BRAKERILHT00000001774	A	rna-XM_057816883.1	A
BRAKERILHT00000000236	A	rna-XM_057802641.1	A
BRAKERILHT00000000989	A	rna-XM_057810780.1	A
BRAKERILHT00000002064	A	rna-XM_057798035.1	A
BRAKERILHT00000000536	A	rna-XM_057806119.1	A
BRAKERILHT00000000223	A	rna-XM_057799662.1	A
BRAKERILHT00000001764	A	rna-XM_057796240.1	A
BRAKERILHT00000000526	A	rna-XM_057795853.1	A
BRAKERILHT00000000841	A	rna-XM_057795852.1	A
BRAKERILHT00000001772	A	rna-XM_057796163.1	A
BRAKERILHT00000001164	A	rna-XM_057806121.1	A
BRAKERILHT00000000246	A	rna-XM_057805677.1	A
BRAKERILHT00000001829	A	rna-XM_057806208.1	A
BRAKERILHT00000001587	A	rna-XM_057805425.1	A
BRAKERILHT00000000999	A	rna-XM_057801013.1	A
BRAKERILHT00000001785	A	rna-XM_057812207.1	A
BRAKERILHT00000001391	A	rna-XM_057810951.1	A
BRAKERILHT00000000372	A	rna-XM_057804727.1	A
BRAKERILHT00000001556	A	rna-XM_057803176.1	A
BRAKERILHT00000001373	A	rna-XM_057813567.1	A
BRAKERILHT00000001997	A	rna-XM_057802724.1	A
BRAKERILHT00000000427	A	rna-XM_057802181.1	A
BRAKERILHT00000002134	A	rna-XM_057800816.1	A
BRAKERILHT00000000272	A	rna-XM_057800527.1	A
BRAKERILHT00000001867	A	rna-XM_057800320.1	A
BRAKERILHT00000000511	A	rna-XM_057815620.1	A
BRAKERILHT00000000605	A	rna-XM_057815625.1	A
BRAKERILHT00000001283	A	rna-XM_057798230.1	A
BRAKERILHT00000001502	A	rna-XM_057798229.1	A
BRAKERILHT00000002101	A	rna-XM_057799627.1	A
BRAKERILHT00000000533	A	rna-XM_057798043.1	A
BRAKERILHT00000000612	A	rna-XM_057797846.1	A
BRAKERILHT00000001181	A	rna-XM_057812021.1	A
BRAKERILHT00000001787	A	rna-XM_057812019.1	A
BRAKERILHT00000000213	A	rna-XM_057813353.1	A
BRAKERILHT00000001253	A	rna-XM_057808090.1	A
BRAKERILHT00000001261	A	rna-XM_057804420.1	A
BRAKERILHT00000000671	A	rna-XM_057804850.1	A
BRAKERILHT00000000788	A	rna-XM_057800564.1	A
BRAKERILHT00000000137	A	rna-XM_057805426.1	A
BRAKERILHT00000000801	A	rna-XM_057804371.1	A
BRAKERILHT00000001104	A	rna-XM_057804382.1	A
BRAKERILHT00000000432	A	rna-XM_057804376.1	A
BRAKERILHT00000001412	A	rna-XM_057796071.1	A
BRAKERILHT00000000776	A	rna-XM_057796075.1	A
BRAKERILHT00000001309	A	rna-XM_057806660.1	A
BRAKERILHT00000001226	A	rna-XM_057815981.1	A
BRAKERILHT00000000370	A	rna-XM_057815973.1	A
BRAKERILHT00000002160	A	rna-XM_057811308.1	A
BRAKERILHT00000000459	A	rna-XM_057796389.1	A
BRAKERILHT00000001581	A	rna-XM_057810109.1	A
BRAKERILHT00000000156	A	rna-XM_057800850.1	A
BRAKERILHT00000000631	A	rna-XM_057799045.1	A
BRAKERILHT00000001227	A	rna-XM_057798212.1	A
BRAKERILHT00000000343	A	rna-XM_057798214.1	A
BRAKERILHT00000000261	A	rna-XM_057811850.1	A
BRAKERILHT00000000733	A	rna-XM_057799655.1	A
BRAKERILHT00000001543	A	rna-XM_057808610.1	A
BRAKERILHT00000001735	A	rna-XM_057810452.1	A
BRAKERILHT00000001854	A	rna-XM_057815775.1	A
BRAKERILHT00000001851	A	rna-XM_057815751.1	A
BRAKERILHT00000000269	A	rna-XM_057816719.1	A
BRAKERILHT00000001972	A	rna-XM_057816704.1	A
BRAKERILHT00000002177	A	rna-XM_057815768.1	A
BRAKERILHT00000000628	A	rna-XM_057810102.1	A
BRAKERILHT00000000917	A	rna-XM_057816687.1	A
BRAKERILHT00000000467	A	rna-XM_057816785.1	A
BRAKERILHT00000000767	A	rna-XM_057803767.1	A
BRAKERILHT00000000309	A	rna-XM_057802072.1	A
BRAKERILHT00000000475	A	rna-XM_057806488.1	A
BRAKERILHT00000001872	A	rna-XM_057806491.1	A
BRAKERILHT00000000685	A	rna-XM_057802683.1	X
BRAKERILHT00000000201	A	rna-XM_057811732.1	A
BRAKERILHT00000001623	A	rna-XM_057811262.1	A
BRAKERILHT00000002071	A	rna-XM_057795942.1	A
BRAKERILHT00000001717	A	rna-XM_057796942.1	A
BRAKERILHT00000000020	A	rna-XM_057796941.1	A
BRAKERILHT00000001331	A	rna-XM_057797531.1	A
BRAKERILHT00000001675	A	rna-XM_057797526.1	A
BRAKERILHT00000000447	A	rna-XM_057797504.1	A
BRAKERILHT00000001366	A	rna-XM_057797790.1	A
BRAKERILHT00000001879	A	rna-XM_057802573.1	A
BRAKERILHT00000001123	A	rna-XM_057802572.1	A
BRAKERILHT00000000688	A	rna-XM_057803763.1	A
BRAKERILHT00000001029	A	rna-XM_057812681.1	A
BRAKERILHT00000000778	A	rna-XM_057802363.1	A
BRAKERILHT00000001143	A	rna-XM_057811478.1	A
BRAKERILHT00000000163	A	rna-XM_057811472.1	A
BRAKERILHT00000001726	A	rna-XM_057815009.1	A
BRAKERILHT00000000866	A	rna-XM_057811460.1	A
BRAKERILHT00000000438	A	rna-XM_057799941.1	A
BRAKERILHT00000001723	A	rna-XM_057800901.1	A
BRAKERILHT00000000973	A	rna-XM_057807082.1	A
BRAKERILHT00000000038	A	rna-XM_057803829.1	A
BRAKERILHT00000001355	A	rna-XM_057802332.1	A
BRAKERILHT00000000500	A	rna-XM_057802333.1	A
BRAKERILHT00000002092	A	rna-XM_057805879.1	X
BRAKERILHT00000001110	A	rna-XM_057815558.1	A
BRAKERILHT00000000091	A	rna-XM_057804661.1	A
BRAKERILHT00000002022	A	rna-XM_057809781.1	A
BRAKERILHT00000001406	A	rna-XM_057809779.1	A
BRAKERILHT00000001893	A	rna-XM_057809774.1	A
BRAKERILHT00000000094	A	rna-XM_057809433.1	A
BRAKERILHT00000001582	A	rna-XM_057811301.1	A
BRAKERILHT00000000036	A	rna-XM_057815668.1	A
BRAKERILHT00000000394	A	rna-XM_057796871.1	A
BRAKERILHT00000001118	A	rna-XM_057796035.1	A
BRAKERILHT00000001635	A	rna-XM_057797093.1	A
BRAKERILHT00000000961	A	rna-XM_057812637.1	A
BRAKERILHT00000000509	A	rna-XM_057798515.1	A
BRAKERILHT00000000766	A	rna-XM_057815750.1	A
BRAKERILHT00000001228	A	rna-XM_057808226.1	A
BRAKERILHT00000001691	A	rna-XM_057808228.1	A
BRAKERILHT00000000825	A	rna-XM_057797384.1	A
BRAKERILHT00000000848	A	rna-XM_057797388.1	A
BRAKERILHT00000001360	A	rna-XM_057798721.1	A
BRAKERILHT00000000142	A	rna-XM_057795530.1	A
BRAKERILHT00000001418	A	rna-XM_057797992.1	A
BRAKERILHT00000001740	A	rna-XM_057815014.1	A
BRAKERILHT00000000642	A	rna-XM_057813651.1	A
BRAKERILHT00000001101	A	rna-XM_057795798.1	A
BRAKERILHT00000002021	A	rna-XM_057805638.1	A
BRAKERILHT00000000338	A	rna-XM_057796581.1	A
BRAKERILHT00000000754	A	rna-XM_057795794.1	A
BRAKERILHT00000001210	A	rna-XM_057795792.1	A
BRAKERILHT00000000769	A	rna-XM_057795698.1	A
BRAKERILHT00000001088	A	rna-XM_057808574.1	A
BRAKERILHT00000001778	A	rna-XM_057808573.1	A
BRAKERILHT00000000232	A	rna-XM_057808560.1	A
BRAKERILHT00000001051	A	rna-XM_057808857.1	A
BRAKERILHT00000000803	A	rna-XM_057808711.1	A
BRAKERILHT00000000054	A	rna-XM_057797310.1	A
BRAKERILHT00000001103	A	rna-XM_057810020.1	A
BRAKERILHT00000001031	A	rna-XM_057810410.1	A
BRAKERILHT00000002002	A	rna-XM_057810040.1	A
BRAKERILHT00000001595	A	rna-XM_057811202.1	A
BRAKERILHT00000000396	A	rna-XM_057811356.1	A
BRAKERILHT00000001454	A	rna-XM_057813391.1	A
BRAKERILHT00000000617	A	rna-XM_057811272.1	A
BRAKERILHT00000000900	A	rna-XM_057803035.1	A
BRAKERILHT00000001319	A	rna-XM_057812095.1	A
BRAKERILHT00000000469	A	rna-XM_057795312.1	A
BRAKERILHT00000000663	A	rna-XM_057813031.1	A
BRAKERILHT00000000800	A	rna-XM_057800033.1	X
BRAKERILHT00000001257	A	rna-XM_057799622.1	A
BRAKERILHT00000001492	A	rna-XM_057813251.1	A
BRAKERILHT00000000417	A	rna-XM_057798448.1	A
BRAKERILHT00000001096	A	rna-XM_057799290.1	A
BRAKERILHT00000002154	A	rna-XM_057799289.1	A
BRAKERILHT00000001662	A	rna-XM_057797658.1	A
BRAKERILHT00000001488	A	rna-XM_057799293.1	A
BRAKERILHT00000002106	A	rna-XM_057810688.1	A
BRAKERILHT00000000514	A	rna-XM_057799006.1	A
BRAKERILHT00000000997	A	rna-XM_057815598.1	A
BRAKERILHT00000001660	A	rna-XM_057801714.1	A
BRAKERILHT00000000245	A	rna-XM_057801594.1	A
BRAKERILHT00000001439	A	rna-XM_057809431.1	A
BRAKERILHT00000000970	A	rna-XM_057797409.1	A
BRAKERILHT00000000479	A	rna-XM_057797410.1	A
BRAKERILHT00000001392	A	rna-XM_057811717.1	A
BRAKERILHT00000000947	A	rna-XM_057797292.1	A
BRAKERILHT00000000482	A	rna-XM_057797298.1	A
BRAKERILHT00000000445	A	rna-XM_057796266.1	A
BRAKERILHT00000000543	A	rna-XM_057810564.1	A
BRAKERILHT00000001743	A	rna-XM_057806089.1	X
BRAKERILHT00000002102	A	rna-XM_057807555.1	A
BRAKERILHT00000001559	A	rna-XM_057798480.1	A
BRAKERILHT00000000588	A	rna-XM_057797039.1	A
BRAKERILHT00000001602	A	rna-XM_057796218.1	A
BRAKERILHT00000002083	A	rna-XM_057807464.1	A
BRAKERILHT00000001606	A	rna-XM_057807477.1	A
BRAKERILHT00000002120	A	rna-XM_057807467.1	A
BRAKERILHT00000000404	A	rna-XM_057807346.1	A
BRAKERILHT00000000860	A	rna-XM_057810637.1	A
BRAKERILHT00000001281	A	rna-XM_057810035.1	A
BRAKERILHT00000000087	A	rna-XM_057810636.1	A
BRAKERILHT00000000579	A	rna-XM_057798052.1	A
BRAKERILHT00000001286	A	rna-XM_057800439.1	A
BRAKERILHT00000001757	A	rna-XM_057796659.1	A
BRAKERILHT00000001334	A	rna-XM_057796661.1	A
BRAKERILHT00000000638	A	rna-XM_057796642.1	A
BRAKERILHT00000000548	A	rna-XM_057802423.1	A
BRAKERILHT00000001133	A	rna-XM_057808916.1	A
BRAKERILHT00000000758	A	rna-XM_057798944.1	A
BRAKERILHT00000000096	A	rna-XM_057798966.1	A
BRAKERILHT00000001336	A	rna-XM_057808096.1	A
BRAKERILHT00000002093	A	rna-XM_057799339.1	A
BRAKERILHT00000001617	A	rna-XM_057798999.1	A
BRAKERILHT00000000847	A	rna-XM_057808106.1	A
BRAKERILHT00000000379	A	rna-XM_057799357.1	A
BRAKERILHT00000002000	A	rna-XM_057816127.1	X
BRAKERILHT00000000691	A	rna-XM_057816076.1	X
BRAKERILHT00000001256	A	rna-XM_057808900.1	A
BRAKERILHT00000001905	A	rna-XM_057808588.1	A
BRAKERILHT00000000720	A	rna-XM_057808590.1	A
BRAKERILHT00000000449	A	rna-XM_057797507.1	A
BRAKERILHT00000001258	A	rna-XM_057797519.1	A
BRAKERILHT00000000314	A	rna-XM_057802976.1	A
BRAKERILHT00000000836	A	rna-XM_057802973.1	A
BRAKERILHT00000000414	A	rna-XM_057802971.1	A
BRAKERILHT00000000069	A	rna-XM_057802970.1	A
BRAKERILHT00000001583	A	rna-XM_057802600.1	A
BRAKERILHT00000000891	A	rna-XM_057803414.1	A
BRAKERILHT00000001273	A	rna-XM_057802634.1	A
BRAKERILHT00000001736	A	rna-XM_057802266.1	A
BRAKERILHT00000000007	A	rna-XM_057802267.1	A
BRAKERILHT00000001077	A	rna-XM_057802831.1	A
BRAKERILHT00000001028	A	rna-XM_057796105.1	A
BRAKERILHT00000001505	A	rna-XM_057795831.1	A
BRAKERILHT00000001988	A	rna-XM_057795816.1	A
BRAKERILHT00000000682	A	rna-XM_057796569.1	A
BRAKERILHT00000000021	A	rna-XM_057796707.1	A
BRAKERILHT00000001278	A	rna-XM_057795807.1	A
BRAKERILHT00000001453	A	rna-XM_057801559.1	A
BRAKERILHT00000001937	A	rna-XM_057801560.1	A
BRAKERILHT00000001518	A	rna-XM_057797543.1	A
BRAKERILHT00000001550	A	rna-XM_057798811.1	A
BRAKERILHT00000000011	A	rna-XM_057799021.1	A
BRAKERILHT00000000434	A	rna-XM_057812274.1	A
BRAKERILHT00000001643	A	rna-XM_057811269.1	A
BRAKERILHT00000001694	A	rna-XM_057811767.1	A
BRAKERILHT00000001089	A	rna-XM_057803157.1	A
BRAKERILHT00000000760	A	rna-XM_057803405.1	A
BRAKERILHT00000000160	A	rna-XM_057803406.1	A
BRAKERILHT00000001386	A	rna-XM_057803398.1	A
BRAKERILHT00000001593	A	rna-XM_057805121.1	A
BRAKERILHT00000000582	A	rna-XM_057796454.1	A
BRAKERILHT00000000088	A	rna-XM_057796929.1	A
BRAKERILHT00000000357	A	rna-XM_057796924.1	A
BRAKERILHT00000000936	A	rna-XM_057795739.1	A
BRAKERILHT00000001274	A	rna-XM_057795607.1	A
BRAKERILHT00000001570	A	rna-XM_057795828.1	A
BRAKERILHT00000000814	A	rna-XM_057795775.1	A
BRAKERILHT00000000589	A	rna-XM_057795542.1	A
BRAKERILHT00000000439	A	rna-XM_057795779.1	A
BRAKERILHT00000001129	A	rna-XM_057802440.1	A
BRAKERILHT00000000955	A	rna-XM_057795917.1	A
BRAKERILHT00000001469	A	rna-XM_057801091.1	A
BRAKERILHT00000000214	A	rna-XM_057800281.1	A
BRAKERILHT00000001161	A	rna-XM_057801040.1	A
BRAKERILHT00000000015	A	rna-XM_057801069.1	A
BRAKERILHT00000001598	A	rna-XM_057801038.1	A
BRAKERILHT00000000210	A	rna-XM_057801117.1	A
BRAKERILHT00000001766	A	rna-XM_057795476.1	A
BRAKERILHT00000000643	A	rna-XM_057796276.1	A
BRAKERILHT00000000289	A	rna-XM_057795934.1	A
BRAKERILHT00000001195	A	rna-XM_057796137.1	A
BRAKERILHT00000002156	A	rna-XM_057796278.1	A
BRAKERILHT00000000602	A	rna-XM_057795949.1	A
BRAKERILHT00000000101	A	rna-XM_057796279.1	A
BRAKERILHT00000001827	A	rna-XM_057796281.1	A
BRAKERILHT00000001749	A	rna-XM_057796283.1	A
BRAKERILHT00000000661	A	rna-XM_057795936.1	A
BRAKERILHT00000002114	A	rna-XM_057796293.1	A
BRAKERILHT00000000790	A	rna-XM_057796296.1	A
BRAKERILHT00000001546	A	rna-XM_057796307.1	A
BRAKERILHT00000000489	A	rna-XM_057796304.1	A
BRAKERILHT00000001686	A	rna-XM_057796302.1	A
BRAKERILHT00000001982	A	rna-XM_057796299.1	A
BRAKERILHT00000000693	A	rna-XM_057796298.1	A
BRAKERILHT00000000840	A	rna-XM_057796297.1	A
BRAKERILHT00000000299	A	rna-XM_057795744.1	A
BRAKERILHT00000000604	A	rna-XM_057801505.1	A
BRAKERILHT00000001333	A	rna-XM_057811764.1	A
BRAKERILHT00000000190	A	rna-XM_057813378.1	A
BRAKERILHT00000000827	A	rna-XM_057797657.1	A
BRAKERILHT00000001563	A	rna-XM_057796628.1	A
BRAKERILHT00000002127	A	rna-XM_057804089.1	A
BRAKERILHT00000000435	A	rna-XM_057796166.1	A
BRAKERILHT00000001664	A	rna-XM_057796164.1	A
BRAKERILHT00000000224	A	rna-XM_057797396.1	A
BRAKERILHT00000000713	A	rna-XM_057803648.1	A
BRAKERILHT00000001135	A	rna-XM_057801628.1	A
BRAKERILHT00000001642	A	rna-XM_057801627.1	A
BRAKERILHT00000000280	A	rna-XM_057802060.1	A
BRAKERILHT00000001005	A	rna-XM_057802397.1	A
BRAKERILHT00000001931	A	rna-XM_057814073.1	A
BRAKERILHT00000000198	A	rna-XM_057803131.1	A
BRAKERILHT00000000696	A	rna-XM_057814403.1	X
BRAKERILHT00000001973	A	rna-XM_057804482.1	A
BRAKERILHT00000000180	A	rna-XM_057804278.1	A
BRAKERILHT00000000765	A	rna-XM_057815243.1	Y
BRAKERILHT00000000249	A	rna-XM_057805724.1	A
BRAKERILHT00000000976	A	rna-XM_057805735.1	A
BRAKERILHT00000001578	A	rna-XM_057815642.1	A
BRAKERILHT00000000924	A	rna-XM_057805721.1	A
BRAKERILHT00000001054	A	rna-XM_057805710.1	A
BRAKERILHT00000000761	A	rna-XM_057805830.1	A
BRAKERILHT00000000028	A	rna-XM_057798838.1	A
BRAKERILHT00000001574	A	rna-XM_057798824.1	A
BRAKERILHT00000000307	A	rna-XM_057798871.1	A
BRAKERILHT00000000486	A	rna-XM_057798853.1	A
BRAKERILHT00000002033	A	rna-XM_057797953.1	A
BRAKERILHT00000001179	A	rna-XM_057799288.1	A
BRAKERILHT00000000241	A	rna-XM_057799285.1	A
BRAKERILHT00000001812	A	rna-XM_057813346.1	A
BRAKERILHT00000000613	A	rna-XM_057811681.1	A
BRAKERILHT00000000123	A	rna-XM_057799946.1	A
BRAKERILHT00000001684	A	rna-XM_057813498.1	A
BRAKERILHT00000001565	A	rna-XM_057811683.1	A
BRAKERILHT00000000949	A	rna-XM_057797473.1	A
BRAKERILHT00000000367	A	rna-XM_057799040.1	A
BRAKERILHT00000000933	A	rna-XM_057812951.1	A
BRAKERILHT00000001902	A	rna-XM_057801939.1	A
BRAKERILHT00000001158	A	rna-XM_057809622.1	A
BRAKERILHT00000001275	A	rna-XM_057809539.1	A
BRAKERILHT00000000692	A	rna-XM_057809342.1	A
BRAKERILHT00000000592	A	rna-XM_057814765.1	A
BRAKERILHT00000000816	A	rna-XM_057809230.1	A
BRAKERILHT00000001823	A	rna-XM_057809236.1	A
BRAKERILHT00000000600	A	rna-XM_057807583.1	A
BRAKERILHT00000001580	A	rna-XM_057807024.1	A
BRAKERILHT00000000041	A	rna-XM_057807309.1	A
BRAKERILHT00000002118	A	rna-XM_057806945.1	A
BRAKERILHT00000000552	A	rna-XM_057803896.1	A
BRAKERILHT00000001148	A	rna-XM_057795997.1	A
BRAKERILHT00000001214	A	rna-XM_057801433.1	A
BRAKERILHT00000000353	A	rna-XM_057801434.1	A
BRAKERILHT00000000959	A	rna-XM_057815706.1	A
BRAKERILHT00000001586	A	rna-XM_057815719.1	A
BRAKERILHT00000000772	A	rna-XM_057798287.1	A
BRAKERILHT00000001086	A	rna-XM_057801023.1	A
BRAKERILHT00000001036	A	rna-XM_057803389.1	A
BRAKERILHT00000001378	A	rna-XM_057803880.1	A
BRAKERILHT00000002088	A	rna-XM_057804271.1	A
BRAKERILHT00000000538	A	rna-XM_057814881.1	A
BRAKERILHT00000001497	A	rna-XM_057816457.1	A
BRAKERILHT00000000152	A	rna-XM_057816940.1	A
BRAKERILHT00000000764	A	rna-XM_057815737.1	A
BRAKERILHT00000000986	A	rna-XM_057797615.1	A
BRAKERILHT00000000729	A	rna-XM_057799961.1	A
BRAKERILHT00000000119	A	rna-XM_057814664.1	A
BRAKERILHT00000001541	A	rna-XM_057815533.1	A
BRAKERILHT00000000029	A	rna-XM_057815532.1	A
BRAKERILHT00000000279	A	rna-XM_057815682.1	A
BRAKERILHT00000000554	A	rna-XM_057813476.1	A
BRAKERILHT00000000980	A	rna-XM_057815933.1	A
BRAKERILHT00000001501	A	rna-XM_057797307.1	A
BRAKERILHT00000002140	A	rna-XM_057797411.1	A
BRAKERILHT00000000430	A	rna-XM_057806984.1	A
BRAKERILHT00000000918	A	rna-XM_057797417.1	A
BRAKERILHT00000000440	A	rna-XM_057798845.1	A
BRAKERILHT00000000498	A	rna-XM_057800030.1	A
BRAKERILHT00000000550	A	rna-XM_057800029.1	A
BRAKERILHT00000001185	A	rna-XM_057799911.1	A
BRAKERILHT00000000216	A	rna-XM_057816931.1	A
BRAKERILHT00000000855	A	rna-XM_057815258.1	Y
BRAKERILHT00000001114	A	rna-XM_057796386.1	A
BRAKERILHT00000001064	A	rna-XM_057808203.1	A
BRAKERILHT00000000954	A	rna-XM_057797965.1	A
BRAKERILHT00000000586	A	rna-XM_057806260.1	A
BRAKERILHT00000002004	A	rna-XM_057815358.1	Y
BRAKERILHT00000001180	A	rna-XM_057805907.1	A
BRAKERILHT00000001233	A	rna-XM_057814381.1	A
BRAKERILHT00000000899	A	rna-XM_057806540.1	A
BRAKERILHT00000001440	A	rna-XM_057816163.1	A
BRAKERILHT00000001758	A	rna-XM_057811016.1	A
BRAKERILHT00000000298	A	rna-XM_057814395.1	A
BRAKERILHT00000000402	A	rna-XM_057800521.1	A
BRAKERILHT00000000835	A	rna-XM_057796648.1	A
BRAKERILHT00000000320	A	rna-XM_057796646.1	A
BRAKERILHT00000002043	A	rna-XM_057796529.1	A
BRAKERILHT00000001047	A	rna-XM_057796580.1	A
BRAKERILHT00000001340	A	rna-XM_057795623.1	A
BRAKERILHT00000000556	A	rna-XM_057797524.1	X
BRAKERILHT00000000407	A	rna-XM_057799878.1	A
BRAKERILHT00000001271	A	rna-XM_057800432.1	A
BRAKERILHT00000001522	A	rna-XM_057799900.1	A
BRAKERILHT00000000883	A	rna-XM_057799902.1	A
BRAKERILHT00000000012	A	rna-XM_057800206.1	A
BRAKERILHT00000002126	A	rna-XM_057797306.1	A
BRAKERILHT00000001272	A	rna-XM_057797309.1	A
BRAKERILHT00000000656	A	rna-XM_057797300.1	A
BRAKERILHT00000000880	A	rna-XM_057797321.1	A
BRAKERILHT00000001884	A	rna-XM_057796625.1	A
BRAKERILHT00000001873	A	rna-XM_057813137.1	A
BRAKERILHT00000002111	A	rna-XM_057801530.1	A
BRAKERILHT00000000057	A	rna-XM_057804819.1	A
BRAKERILHT00000000920	A	rna-XM_057805248.1	A
BRAKERILHT00000001125	A	rna-XM_057804596.1	A
BRAKERILHT00000000075	A	rna-XM_057804843.1	A
BRAKERILHT00000001795	A	rna-XM_057804247.1	A
BRAKERILHT00000001312	A	rna-XM_057804253.1	A
BRAKERILHT00000001544	A	rna-XM_057809443.1	X
BRAKERILHT00000001071	A	rna-XM_057796521.1	A
BRAKERILHT00000002055	A	rna-XM_057808364.1	A
BRAKERILHT00000000818	A	rna-XM_057808365.1	A
BRAKERILHT00000000239	A	rna-XM_057811667.1	A
BRAKERILHT00000001828	A	rna-XM_057812016.1	A
BRAKERILHT00000001178	A	rna-XM_057813492.1	A
BRAKERILHT00000000596	A	rna-XM_057811111.1	A
BRAKERILHT00000001496	A	rna-XM_057798880.1	A
BRAKERILHT00000002085	A	rna-XM_057803355.1	A
BRAKERILHT00000000497	A	rna-XM_057811688.1	A
BRAKERILHT00000001864	A	rna-XM_057814479.1	A
BRAKERILHT00000001451	A	rna-XM_057810167.1	X
BRAKERILHT00000000964	A	rna-XM_057810144.1	X
BRAKERILHT00000000483	A	rna-XM_057800442.1	A
BRAKERILHT00000000107	A	rna-XM_057800283.1	A
BRAKERILHT00000000746	A	rna-XM_057811969.1	A
BRAKERILHT00000001669	A	rna-XM_057800405.1	A
BRAKERILHT00000001725	A	rna-XM_057800847.1	A
BRAKERILHT00000001037	A	rna-XM_057801171.1	A
BRAKERILHT00000000657	A	rna-XM_057808697.1	A
BRAKERILHT00000000003	A	rna-XM_057815397.1	A
BRAKERILHT00000001891	A	rna-XM_057795588.1	A
BRAKERILHT00000001327	A	rna-XM_057810957.1	X
BRAKERILHT00000000719	A	rna-XM_057814918.1	A
BRAKERILHT00000000675	A	rna-XM_057804421.1	A
BRAKERILHT00000000796	A	rna-XM_057804425.1	A
BRAKERILHT00000001108	A	rna-XM_057802260.1	X
BRAKERILHT00000001727	A	rna-XM_057809629.1	A
BRAKERILHT00000002019	A	rna-XM_057803682.1	A
BRAKERILHT00000001738	A	rna-XM_057803679.1	A
BRAKERILHT00000001979	A	rna-XM_057802146.1	A
BRAKERILHT00000001788	A	rna-XM_057797955.1	A
BRAKERILHT00000001277	A	rna-XM_057806132.1	A
BRAKERILHT00000000089	A	rna-XM_057816741.1	A
BRAKERILHT00000002074	A	rna-XM_057816742.1	A
BRAKERILHT00000001147	A	rna-XM_057805097.1	A
BRAKERILHT00000001009	A	rna-XM_057800359.1	A
BRAKERILHT00000000503	A	rna-XM_057800360.1	A
BRAKERILHT00000000519	A	rna-XM_057800628.1	A
BRAKERILHT00000001415	A	rna-XM_057801516.1	A
BRAKERILHT00000001165	A	rna-XM_057800277.1	A
BRAKERILHT00000001038	A	rna-XM_057800516.1	A
BRAKERILHT00000001241	A	rna-XM_057804385.1	A
BRAKERILHT00000001967	A	rna-XM_057812222.1	A
BRAKERILHT00000001034	A	rna-XM_057812221.1	A
BRAKERILHT00000001506	A	rna-XM_057814493.1	A
BRAKERILHT00000002013	A	rna-XM_057799064.1	A
BRAKERILHT00000000251	A	rna-XM_057809169.1	A
BRAKERILHT00000000666	A	rna-XM_057794983.1	A
BRAKERILHT00000001526	A	rna-XM_057808419.1	A
BRAKERILHT00000001808	A	rna-XM_057797017.1	A
BRAKERILHT00000001016	A	rna-XM_057797015.1	A
BRAKERILHT00000001954	A	rna-XM_057814654.1	A
BRAKERILHT00000000710	A	rna-XM_057795502.1	A
BRAKERILHT00000000218	A	rna-XM_057795295.1	A
BRAKERILHT00000000770	A	rna-XM_057800473.1	A
BRAKERILHT00000000004	A	rna-XM_057811518.1	A
BRAKERILHT00000000996	A	rna-XM_057805294.1	X
BRAKERILHT00000001640	A	rna-XM_057811289.1	A
BRAKERILHT00000001706	A	rna-XM_057814663.1	A
BRAKERILHT00000000522	A	rna-XM_057814716.1	A
BRAKERILHT00000001350	A	rna-XM_057816233.1	A
BRAKERILHT00000001633	A	rna-XM_057816349.1	A
BRAKERILHT00000001969	A	rna-XM_057795617.1	A
BRAKERILHT00000000380	A	rna-XM_057795622.1	A
BRAKERILHT00000001295	A	rna-XM_057808487.1	A
BRAKERILHT00000000806	A	rna-XM_057807927.1	A
BRAKERILHT00000000230	A	rna-XM_057808538.1	A
BRAKERILHT00000001344	A	rna-XM_057808024.1	A
BRAKERILHT00000000063	A	rna-XM_057808542.1	A
BRAKERILHT00000000673	A	rna-XM_057808547.1	A
BRAKERILHT00000001342	A	rna-XM_057808545.1	A
BRAKERILHT00000002006	A	rna-XM_057807990.1	A
BRAKERILHT00000001430	A	rna-XM_057808305.1	A
BRAKERILHT00000001977	A	rna-XM_057807941.1	A
BRAKERILHT00000000971	A	rna-XM_057814490.1	A
BRAKERILHT00000000345	A	rna-XM_057814492.1	A
BRAKERILHT00000001632	A	rna-XM_057795591.1	A
BRAKERILHT00000001194	A	rna-XM_057808795.1	A
BRAKERILHT00000000540	A	rna-XM_057808797.1	A
BRAKERILHT00000001777	A	rna-XM_057813200.1	A
BRAKERILHT00000001183	A	rna-XM_057795293.1	A
BRAKERILHT00000001452	A	rna-XM_057795294.1	A
BRAKERILHT00000000844	A	rna-XM_057796332.1	A
BRAKERILHT00000000518	A	rna-XM_057813375.1	A
BRAKERILHT00000000958	A	rna-XM_057797009.1	A
BRAKERILHT00000002151	A	rna-XM_057797014.1	A
BRAKERILHT00000000026	A	rna-XM_057815690.1	A
BRAKERILHT00000001689	A	rna-XM_057814489.1	A
BRAKERILHT00000001219	A	rna-XM_057815643.1	A
BRAKERILHT00000000738	A	rna-XM_057795664.1	A
BRAKERILHT00000001789	A	rna-XM_057799017.1	A
BRAKERILHT00000000561	A	rna-XM_057799014.1	A
BRAKERILHT00000001144	A	rna-XM_057799343.1	A
BRAKERILHT00000002157	A	rna-XM_057799929.1	A
BRAKERILHT00000000275	A	rna-XM_057799860.1	A
BRAKERILHT00000001780	A	rna-XM_057797868.1	A
BRAKERILHT00000000082	A	rna-XM_057799404.1	A
BRAKERILHT00000001702	A	rna-XM_057802281.1	A
BRAKERILHT00000000946	A	rna-XM_057805883.1	A
BRAKERILHT00000001600	A	rna-XM_057806238.1	A
BRAKERILHT00000000235	A	rna-XM_057806483.1	A
BRAKERILHT00000001189	A	rna-XM_057806241.1	A
BRAKERILHT00000001765	A	rna-XM_057805676.1	A
BRAKERILHT00000002104	A	rna-XM_057806353.1	A
BRAKERILHT00000000562	A	rna-XM_057806356.1	A
BRAKERILHT00000000132	A	rna-XM_057806362.1	A
BRAKERILHT00000000674	A	rna-XM_057806357.1	A
BRAKERILHT00000002172	A	rna-XM_057813794.1	A
BRAKERILHT00000000325	A	rna-XM_057801995.1	A
BRAKERILHT00000001624	A	rna-XM_057809201.1	A
BRAKERILHT00000001655	A	rna-XM_057813868.1	A
BRAKERILHT00000001794	A	rna-XM_057807335.1	A
BRAKERILHT00000001466	A	rna-XM_057813196.1	A
BRAKERILHT00000002068	A	rna-XM_057807331.1	A
BRAKERILHT00000002048	A	rna-XM_057801917.1	A
BRAKERILHT00000001163	A	rna-XM_057802322.1	A
BRAKERILHT00000000576	A	rna-XM_057802211.1	A
BRAKERILHT00000001685	A	rna-XM_057801616.1	A
BRAKERILHT00000000263	A	rna-XM_057813456.1	A
BRAKERILHT00000001813	A	rna-XM_057813324.1	A
BRAKERILHT00000002131	A	rna-XM_057811673.1	A
BRAKERILHT00000001510	A	rna-XM_057814437.1	A
BRAKERILHT00000000505	A	rna-XM_057813791.1	A
BRAKERILHT00000001011	A	rna-XM_057813788.1	A
BRAKERILHT00000001657	A	rna-XM_057799697.1	A
BRAKERILHT00000000473	A	rna-XM_057813341.1	A
BRAKERILHT00000000382	A	rna-XM_057813734.1	A
BRAKERILHT00000001960	A	rna-XM_057804844.1	A
BRAKERILHT00000001628	A	rna-XM_057797880.1	A
BRAKERILHT00000000875	A	rna-XM_057814960.1	A
BRAKERILHT00000002050	A	rna-XM_057814878.1	A
BRAKERILHT00000001460	A	rna-XM_057804953.1	A
BRAKERILHT00000000590	A	rna-XM_057804950.1	A
BRAKERILHT00000001768	A	rna-XM_057810179.1	A
BRAKERILHT00000000252	A	rna-XM_057810887.1	A
BRAKERILHT00000001416	A	rna-XM_057812036.1	A
BRAKERILHT00000002040	A	rna-XM_057812202.1	A
BRAKERILHT00000000487	A	rna-XM_057812198.1	A
BRAKERILHT00000001597	A	rna-XM_057812203.1	A
BRAKERILHT00000000172	A	rna-XM_057810075.1	A
BRAKERILHT00000001390	A	rna-XM_057810457.1	A
BRAKERILHT00000000885	A	rna-XM_057810454.1	A
BRAKERILHT00000002141	A	rna-XM_057810463.1	A
BRAKERILHT00000000551	A	rna-XM_057814714.1	A
BRAKERILHT00000001737	A	rna-XM_057814702.1	A
BRAKERILHT00000000377	A	rna-XM_057801480.1	A
BRAKERILHT00000000905	A	rna-XM_057801479.1	A
BRAKERILHT00000001551	A	rna-XM_057813800.1	A
BRAKERILHT00000002159	A	rna-XM_057797729.1	A
BRAKERILHT00000001693	A	rna-XM_057797500.1	A
BRAKERILHT00000000135	A	rna-XM_057800713.1	A
BRAKERILHT00000000762	A	rna-XM_057800715.1	A
BRAKERILHT00000001914	A	rna-XM_057797643.1	A
BRAKERILHT00000002008	A	rna-XM_057802323.1	A
BRAKERILHT00000001145	A	rna-XM_057795809.1	A
BRAKERILHT00000000985	A	rna-XM_057802369.1	A
BRAKERILHT00000000557	A	rna-XM_057811664.1	A
BRAKERILHT00000000397	A	rna-XM_057802560.1	A
BRAKERILHT00000001032	A	rna-XM_057802559.1	A
BRAKERILHT00000001639	A	rna-XM_057805878.1	A
BRAKERILHT00000000086	A	rna-XM_057805563.1	A
BRAKERILHT00000001307	A	rna-XM_057805997.1	A
BRAKERILHT00000002078	A	rna-XM_057805380.1	A
BRAKERILHT00000001479	A	rna-XM_057813785.1	A
BRAKERILHT00000001641	A	rna-XM_057797530.1	A
BRAKERILHT00000000083	A	rna-XM_057810444.1	A
BRAKERILHT00000001004	A	rna-XM_057812522.1	A
BRAKERILHT00000000559	A	rna-XM_057807437.1	A
BRAKERILHT00000000974	A	rna-XM_057807439.1	A
BRAKERILHT00000002116	A	rna-XM_057807479.1	A
BRAKERILHT00000000724	A	rna-XM_057807482.1	A
BRAKERILHT00000001767	A	rna-XM_057807485.1	A
BRAKERILHT00000000055	A	rna-XM_057807524.1	A
BRAKERILHT00000001059	A	rna-XM_057807083.1	A
BRAKERILHT00000001288	A	rna-XM_057809802.1	A
BRAKERILHT00000001741	A	rna-XM_057809801.1	A
BRAKERILHT00000000227	A	rna-XM_057809248.1	A
BRAKERILHT00000001682	A	rna-XM_057815356.1	A
BRAKERILHT00000000715	A	rna-XM_057801390.1	A
BRAKERILHT00000001990	A	rna-XM_057799909.1	A
BRAKERILHT00000000389	A	rna-XM_057800583.1	A
BRAKERILHT00000001001	A	rna-XM_057799071.1	A
BRAKERILHT00000001618	A	rna-XM_057799073.1	A
BRAKERILHT00000001159	A	rna-XM_057799681.1	A
BRAKERILHT00000001604	A	rna-XM_057799679.1	A
BRAKERILHT00000002065	A	rna-XM_057797942.1	A
BRAKERILHT00000000928	A	rna-XM_057798148.1	A
BRAKERILHT00000000944	A	rna-XM_057797951.1	A
BRAKERILHT00000000485	A	rna-XM_057797995.1	A
BRAKERILHT00000000254	A	rna-XM_057809198.1	A
BRAKERILHT00000001444	A	rna-XM_057797479.1	A
BRAKERILHT00000001939	A	rna-XM_057812943.1	A
BRAKERILHT00000001456	A	rna-XM_057801126.1	A
BRAKERILHT00000000995	A	rna-XM_057798129.1	A
BRAKERILHT00000001649	A	rna-XM_057799684.1	A
BRAKERILHT00000001139	A	rna-XM_057799688.1	A
BRAKERILHT00000000716	A	rna-XM_057799745.1	A
BRAKERILHT00000000166	A	rna-XM_057795223.1	A
BRAKERILHT00000001745	A	rna-XM_057801316.1	A
BRAKERILHT00000001203	A	rna-XM_057806842.1	A
BRAKERILHT00000000812	A	rna-XM_057797419.1	A
BRAKERILHT00000001417	A	rna-XM_057804144.1	A
BRAKERILHT00000001904	A	rna-XM_057804154.1	A
BRAKERILHT00000000968	A	rna-XM_057808650.1	A
BRAKERILHT00000001673	A	rna-XM_057796552.1	A
BRAKERILHT00000000102	A	rna-XM_057801881.1	A
BRAKERILHT00000000747	A	rna-XM_057804929.1	A
BRAKERILHT00000001328	A	rna-XM_057796554.1	A
BRAKERILHT00000001913	A	rna-XM_057796016.1	A
BRAKERILHT00000001279	A	rna-XM_057815115.1	A
BRAKERILHT00000001894	A	rna-XM_057813621.1	A
BRAKERILHT00000000902	A	rna-XM_057800210.1	A
BRAKERILHT00000001208	A	rna-XM_057800889.1	A
BRAKERILHT00000002155	A	rna-XM_057808081.1	A
BRAKERILHT00000000317	A	rna-XM_057807853.1	A
BRAKERILHT00000000678	A	rna-XM_057814770.1	A
BRAKERILHT00000002098	A	rna-XM_057814587.1	A
BRAKERILHT00000000060	A	rna-XM_057811197.1	A
BRAKERILHT00000001571	A	rna-XM_057802648.1	A
BRAKERILHT00000000341	A	rna-XM_057797856.1	A
BRAKERILHT00000001806	A	rna-XM_057804671.1	A
BRAKERILHT00000001002	A	rna-XM_057811098.1	A
BRAKERILHT00000001198	A	rna-XM_057814863.1	A
BRAKERILHT00000000560	A	rna-XM_057815590.1	A
BRAKERILHT00000002108	A	rna-XM_057816402.1	A
BRAKERILHT00000001569	A	rna-XM_057799060.1	A
BRAKERILHT00000000607	A	rna-XM_057811255.1	A
BRAKERILHT00000002063	A	rna-XM_057814943.1	A
BRAKERILHT00000001449	A	rna-XM_057814944.1	A
BRAKERILHT00000000234	A	rna-XM_057814938.1	A
BRAKERILHT00000001784	A	rna-XM_057816204.1	A
BRAKERILHT00000001130	A	rna-XM_057808909.1	X
BRAKERILHT00000000683	A	rna-XM_057795318.1	A
BRAKERILHT00000000108	A	rna-XM_057810139.1	A
BRAKERILHT00000000938	A	rna-XM_057799181.1	A
BRAKERILHT00000000332	A	rna-XM_057810140.1	A
BRAKERILHT00000002143	A	rna-XM_057808229.1	A
BRAKERILHT00000001533	A	rna-XM_057814374.1	A
BRAKERILHT00000001150	A	rna-XM_057815091.1	A
BRAKERILHT00000000575	A	rna-XM_057813514.1	A
BRAKERILHT00000000195	A	rna-XM_057815067.1	A
BRAKERILHT00000001761	A	rna-XM_057815878.1	A
BRAKERILHT00000001933	A	rna-XM_057816854.1	A
BRAKERILHT00000001762	A	rna-XM_057816845.1	A
BRAKERILHT00000000264	A	rna-XM_057816636.1	A
BRAKERILHT00000001152	A	rna-XM_057815616.1	A
BRAKERILHT00000002059	A	rna-XM_057795408.1	A
BRAKERILHT00000001464	A	rna-XM_057795399.1	A
BRAKERILHT00000000650	A	rna-XM_057811115.1	X
BRAKERILHT00000000047	A	rna-XM_057800612.1	A
BRAKERILHT00000001621	A	rna-XM_057801018.1	A
BRAKERILHT00000001107	A	rna-XM_057795366.1	A
BRAKERILHT00000000187	A	rna-XM_057797111.1	A
BRAKERILHT00000000073	A	rna-XM_057804976.1	A
BRAKERILHT00000002165	A	rna-XM_057814744.1	A
BRAKERILHT00000001407	A	rna-XM_057800451.1	X
BRAKERILHT00000001461	A	rna-XM_057799960.1	A
BRAKERILHT00000000179	A	rna-XM_057801022.1	A
BRAKERILHT00000001856	A	rna-XM_057809326.1	X
BRAKERILHT00000001082	A	rna-XM_057809337.1	X
BRAKERILHT00000000226	A	rna-XM_057795320.1	A
BRAKERILHT00000000256	A	rna-XM_057800429.1	A
BRAKERILHT00000001668	A	rna-XM_057807503.1	A
BRAKERILHT00000000966	A	rna-XM_057808904.1	A
BRAKERILHT00000002010	A	rna-XM_057795782.1	A
BRAKERILHT00000001535	A	rna-XM_057802398.1	A
BRAKERILHT00000001098	A	rna-XM_057800315.1	A
BRAKERILHT00000000361	A	rna-XM_057813949.1	A
BRAKERILHT00000000098	A	rna-XM_057798089.1	A
BRAKERILHT00000001041	A	rna-XM_057797662.1	A
BRAKERILHT00000001351	A	rna-XM_057797664.1	A
BRAKERILHT00000002056	A	rna-XM_057797819.1	A
BRAKERILHT00000001326	A	rna-XM_057800866.1	A
BRAKERILHT00000000608	A	rna-XM_057800609.1	A
BRAKERILHT00000001575	A	rna-XM_057800611.1	A
BRAKERILHT00000000164	A	rna-XM_057797054.1	A
BRAKERILHT00000000822	A	rna-XM_057800563.1	A
BRAKERILHT00000001190	A	rna-XM_057800674.1	A
BRAKERILHT00000000292	A	rna-XM_057803958.1	A
BRAKERILHT00000001863	A	rna-XM_057803930.1	A
BRAKERILHT00000001137	A	rna-XM_057803892.1	A
BRAKERILHT00000000634	A	rna-XM_057795605.1	A
BRAKERILHT00000000993	A	rna-XM_057803889.1	A
BRAKERILHT00000000531	A	rna-XM_057803888.1	A
BRAKERILHT00000001462	A	rna-XM_057803956.1	A
BRAKERILHT00000001035	A	rna-XM_057803928.1	A
BRAKERILHT00000000296	A	rna-XM_057803881.1	A
BRAKERILHT00000000662	A	rna-XM_057810278.1	A
BRAKERILHT00000000331	A	rna-XM_057810834.1	A
BRAKERILHT00000001020	A	rna-XM_057810840.1	A
BRAKERILHT00000001202	A	rna-XM_057810843.1	A
BRAKERILHT00000001801	A	rna-XM_057800475.1	A
BRAKERILHT00000000240	A	rna-XM_057800233.1	A
BRAKERILHT00000000350	A	rna-XM_057802170.1	A
BRAKERILHT00000001166	A	rna-XM_057800459.1	A
BRAKERILHT00000002124	A	rna-XM_057807646.1	A
BRAKERILHT00000000413	A	rna-XM_057808258.1	A
BRAKERILHT00000000874	A	rna-XM_057808922.1	X
BRAKERILHT00000001734	A	rna-XM_057815143.1	A
BRAKERILHT00000000737	A	rna-XM_057797823.1	A
BRAKERILHT00000000878	A	rna-XM_057798302.1	A
BRAKERILHT00000001359	A	rna-XM_057813586.1	A
BRAKERILHT00000001516	A	rna-XM_057813596.1	A
BRAKERILHT00000001012	A	rna-XM_057815074.1	A
BRAKERILHT00000000133	A	rna-XM_057814536.1	A
BRAKERILHT00000001413	A	rna-XM_057814531.1	A
BRAKERILHT00000000446	A	rna-XM_057813699.1	A
BRAKERILHT00000002133	A	rna-XM_057797177.1	A
BRAKERILHT00000000854	A	rna-XM_057807726.1	A
BRAKERILHT00000000619	A	rna-XM_057807723.1	A
BRAKERILHT00000001339	A	rna-XM_057796560.1	A
BRAKERILHT00000002045	A	rna-XM_057796555.1	A
BRAKERILHT00000000903	A	rna-XM_057796550.1	A
BRAKERILHT00000001247	A	rna-XM_057796549.1	A
BRAKERILHT00000000387	A	rna-XM_057809797.1	A
BRAKERILHT00000000460	A	rna-XM_057803147.1	A
BRAKERILHT00000000601	A	rna-XM_057802230.1	A
BRAKERILHT00000001095	A	rna-XM_057802234.1	A
BRAKERILHT00000001886	A	rna-XM_057808140.1	A
BRAKERILHT00000000273	A	rna-XM_057807975.1	A
BRAKERILHT00000001306	A	rna-XM_057808506.1	A
BRAKERILHT00000001467	A	rna-XM_057807992.1	A
BRAKERILHT00000001927	A	rna-XM_057807676.1	A
BRAKERILHT00000000032	A	rna-XM_057808114.1	A
BRAKERILHT00000001701	A	rna-XM_057808154.1	A
BRAKERILHT00000000340	A	rna-XM_057808233.1	A
BRAKERILHT00000002018	A	rna-XM_057807858.1	A
BRAKERILHT00000000457	A	rna-XM_057808910.1	A
BRAKERILHT00000000288	A	rna-XM_057808167.1	A
BRAKERILHT00000000914	A	rna-XM_057812824.1	A
BRAKERILHT00000000470	A	rna-XM_057813705.1	A
BRAKERILHT00000000141	A	rna-XM_057813697.1	A
BRAKERILHT00000000670	A	rna-XM_057813695.1	A
BRAKERILHT00000001372	A	rna-XM_057813704.1	A
BRAKERILHT00000001836	A	rna-XM_057807850.1	A
BRAKERILHT00000000328	A	rna-XM_057807869.1	A
BRAKERILHT00000000295	A	rna-XM_057807715.1	A
BRAKERILHT00000000898	A	rna-XM_057807716.1	A
BRAKERILHT00000001207	A	rna-XM_057807794.1	A
BRAKERILHT00000001844	A	rna-XM_057800100.1	A
BRAKERILHT00000002170	A	rna-XM_057815875.1	A
BRAKERILHT00000000310	A	rna-XM_057804935.1	A
BRAKERILHT00000001234	A	rna-XM_057799349.1	A
BRAKERILHT00000001268	A	rna-XM_057806695.1	A
BRAKERILHT00000001052	A	rna-XM_057799294.1	X
BRAKERILHT00000000322	A	rna-XM_057808898.1	A
BRAKERILHT00000000019	A	rna-XM_057808254.1	A
BRAKERILHT00000001713	A	rna-XM_057803885.1	A
BRAKERILHT00000001097	A	rna-XM_057804578.1	A
BRAKERILHT00000000648	A	rna-XM_057803937.1	A
BRAKERILHT00000000139	A	rna-XM_057805094.1	A
BRAKERILHT00000001402	A	rna-XM_057805104.1	A
BRAKERILHT00000000759	A	rna-XM_057801878.1	A
BRAKERILHT00000000464	A	rna-XM_057805105.1	A
BRAKERILHT00000002031	A	rna-XM_057805101.1	A
BRAKERILHT00000001388	A	rna-XM_057805110.1	A
BRAKERILHT00000001239	A	rna-XM_057813628.1	A
BRAKERILHT00000000014	A	rna-XM_057795586.1	A
BRAKERILHT00000000410	A	rna-XM_057813619.1	A
BRAKERILHT00000001601	A	rna-XM_057814865.1	A
BRAKERILHT00000000412	A	rna-XM_057800868.1	A
BRAKERILHT00000001952	A	rna-XM_057800409.1	A
BRAKERILHT00000001950	A	rna-XM_057794993.1	A
BRAKERILHT00000000068	A	rna-XM_057800770.1	A
BRAKERILHT00000000731	A	rna-XM_057799970.1	A
BRAKERILHT00000001853	A	rna-XM_057798514.1	A
BRAKERILHT00000002017	A	rna-XM_057797025.1	A
BRAKERILHT00000001529	A	rna-XM_057797026.1	A
BRAKERILHT00000001058	A	rna-XM_057797031.1	A
BRAKERILHT00000000106	A	rna-XM_057797030.1	A
BRAKERILHT00000000623	A	rna-XM_057797033.1	A
BRAKERILHT00000001670	A	rna-XM_057797027.1	A
BRAKERILHT00000000071	A	rna-XM_057797029.1	A
BRAKERILHT00000001297	A	rna-XM_057802467.1	A
BRAKERILHT00000001971	A	rna-XM_057797072.1	A
BRAKERILHT00000000346	A	rna-XM_057797068.1	A
BRAKERILHT00000000558	A	rna-XM_057797067.1	A
BRAKERILHT00000001121	A	rna-XM_057796835.1	A
BRAKERILHT00000001661	A	rna-XM_057801221.1	A
BRAKERILHT00000001383	A	rna-XM_057801838.1	A
BRAKERILHT00000000889	A	rna-XM_057813630.1	A
BRAKERILHT00000000422	A	rna-XM_057813627.1	A
BRAKERILHT00000001324	A	rna-XM_057813632.1	A
BRAKERILHT00000001674	A	rna-XM_057802273.1	A
BRAKERILHT00000000365	A	rna-XM_057799967.1	A
BRAKERILHT00000000845	A	rna-XM_057799962.1	A
BRAKERILHT00000001463	A	rna-XM_057800353.1	A
BRAKERILHT00000001131	A	rna-XM_057800751.1	A
BRAKERILHT00000001083	A	rna-XM_057797756.1	A
BRAKERILHT00000000635	A	rna-XM_057798819.1	A
BRAKERILHT00000000151	A	rna-XM_057798564.1	A
BRAKERILHT00000001857	A	rna-XM_057798563.1	A
BRAKERILHT00000001590	A	rna-XM_057805160.1	A
BRAKERILHT00000000909	A	rna-XM_057814557.1	A
BRAKERILHT00000000461	A	rna-XM_057813634.1	A
BRAKERILHT00000000100	A	rna-XM_057797168.1	A
BRAKERILHT00000001849	A	rna-XM_057797170.1	A
BRAKERILHT00000002121	A	rna-XM_057797105.1	A
BRAKERILHT00000000120	A	rna-XM_057797156.1	A
BRAKERILHT00000002073	A	rna-XM_057795402.1	A
BRAKERILHT00000001084	A	rna-XM_057797083.1	A
BRAKERILHT00000000621	A	rna-XM_057797090.1	A
BRAKERILHT00000001411	A	rna-XM_057800247.1	A
BRAKERILHT00000001609	A	rna-XM_057800192.1	A
BRAKERILHT00000001080	A	rna-XM_057810839.1	A
BRAKERILHT00000000680	A	rna-XM_057807747.1	A
BRAKERILHT00000001776	A	rna-XM_057808108.1	A
BRAKERILHT00000001308	A	rna-XM_057808265.1	A
BRAKERILHT00000001053	A	rna-XM_057807804.1	A
BRAKERILHT00000001512	A	rna-XM_057808518.1	A
BRAKERILHT00000000278	A	rna-XM_057807774.1	A
BRAKERILHT00000001140	A	rna-XM_057797125.1	A
BRAKERILHT00000000453	A	rna-XM_057815420.1	A
BRAKERILHT00000001167	A	rna-XM_057797023.1	A
BRAKERILHT00000001400	A	rna-XM_057812686.1	A
BRAKERILHT00000001216	A	rna-XM_057812685.1	A
BRAKERILHT00000000578	A	rna-XM_057813026.1	A
BRAKERILHT00000002087	A	rna-XM_057812661.1	A
BRAKERILHT00000000906	A	rna-XM_057812670.1	A
BRAKERILHT00000001371	A	rna-XM_057812818.1	A
BRAKERILHT00000001996	A	rna-XM_057813027.1	A
BRAKERILHT00000001022	A	rna-XM_057812122.1	A
BRAKERILHT00000000564	A	rna-XM_057811185.1	A
BRAKERILHT00000001560	A	rna-XM_057808010.1	A
BRAKERILHT00000002060	A	rna-XM_057808012.1	A
BRAKERILHT00000000364	A	rna-XM_057802280.1	A
BRAKERILHT00000001995	A	rna-XM_057802595.1	A
BRAKERILHT00000000426	A	rna-XM_057802596.1	A
BRAKERILHT00000002149	A	rna-XM_057799419.1	A
BRAKERILHT00000001211	A	rna-XM_057799409.1	A
BRAKERILHT00000000646	A	rna-XM_057799417.1	A
BRAKERILHT00000000017	A	rna-XM_057799422.1	A
BRAKERILHT00000000839	A	rna-XM_057813636.1	A
BRAKERILHT00000001218	A	rna-XM_057805093.1	A
BRAKERILHT00000001236	A	rna-XM_057802074.1	A
BRAKERILHT00000000629	A	rna-XM_057802081.1	A
BRAKERILHT00000000286	A	rna-XM_057802076.1	A
BRAKERILHT00000000684	A	rna-XM_057803492.1	A
BRAKERILHT00000001644	A	rna-XM_057802187.1	A
BRAKERILHT00000000144	A	rna-XM_057799493.1	A
BRAKERILHT00000000884	A	rna-XM_057799046.1	A
BRAKERILHT00000000222	A	rna-XM_057798985.1	A
BRAKERILHT00000000654	A	rna-XM_057799764.1	A
BRAKERILHT00000001523	A	rna-XM_057799773.1	A
BRAKERILHT00000000284	A	rna-XM_057802607.1	A
BRAKERILHT00000000786	A	rna-XM_057802578.1	A
BRAKERILHT00000001264	A	rna-XM_057794924.1	A
BRAKERILHT00000000044	A	rna-XM_057807002.1	A
BRAKERILHT00000000058	A	rna-XM_057808905.1	A
BRAKERILHT00000000679	A	rna-XM_057814946.1	A
BRAKERILHT00000001149	A	rna-XM_057808253.1	A
BRAKERILHT00000000496	A	rna-XM_057807754.1	A
BRAKERILHT00000000824	A	rna-XM_057807752.1	A
BRAKERILHT00000001486	A	rna-XM_057808030.1	A
BRAKERILHT00000000177	A	rna-XM_057808039.1	A
BRAKERILHT00000001941	A	rna-XM_057807648.1	A
BRAKERILHT00000000792	A	rna-XM_057808141.1	A
BRAKERILHT00000001259	A	rna-XM_057808138.1	A
BRAKERILHT00000001213	A	rna-XM_057797616.1	A
BRAKERILHT00000001831	A	rna-XM_057796968.1	A
BRAKERILHT00000000335	A	rna-XM_057813176.1	A
BRAKERILHT00000000627	A	rna-XM_057805055.1	A
BRAKERILHT00000001267	A	rna-XM_057805150.1	A
BRAKERILHT00000000433	A	rna-XM_057812563.1	A
BRAKERILHT00000001010	A	rna-XM_057805163.1	A
BRAKERILHT00000001282	A	rna-XM_057809486.1	A
BRAKERILHT00000002090	A	rna-XM_057805169.1	A
BRAKERILHT00000001296	A	rna-XM_057803912.1	A
BRAKERILHT00000001710	A	rna-XM_057795205.1	A
BRAKERILHT00000001112	A	rna-XM_057816698.1	A
BRAKERILHT00000000787	A	rna-XM_057816541.1	A
BRAKERILHT00000000194	A	rna-XM_057815700.1	A
BRAKERILHT00000001976	A	rna-XM_057815859.1	A
BRAKERILHT00000001481	A	rna-XM_057815960.1	A
BRAKERILHT00000001033	A	rna-XM_057809970.1	A
BRAKERILHT00000000444	A	rna-XM_057812358.1	A
BRAKERILHT00000001472	A	rna-XM_057815541.1	A
BRAKERILHT00000000199	A	rna-XM_057815536.1	A
BRAKERILHT00000000699	A	rna-XM_057814413.1	A
BRAKERILHT00000002132	A	rna-XM_057807773.1	A
BRAKERILHT00000000616	A	rna-XM_057807772.1	A
BRAKERILHT00000001062	A	rna-XM_057801436.1	A
BRAKERILHT00000002025	A	rna-XM_057805904.1	A
BRAKERILHT00000001721	A	rna-XM_057805912.1	A
BRAKERILHT00000002009	A	rna-XM_057805901.1	A
BRAKERILHT00000002158	A	rna-XM_057805919.1	A
BRAKERILHT00000001408	A	rna-XM_057805898.1	A
BRAKERILHT00000001090	A	rna-XM_057805896.1	A
BRAKERILHT00000000466	A	rna-XM_057805899.1	A
BRAKERILHT00000002688	A	rna-XM_057810388.1	A
BRAKERILHT00000004020	A	rna-XM_057816355.1	A
BRAKERILHT00000003543	A	rna-XM_057809676.1	A
BRAKERILHT00000002781	A	rna-XM_057809819.1	A
BRAKERILHT00000002577	A	rna-XM_057804839.1	A
BRAKERILHT00000004034	A	rna-XM_057803848.1	A
BRAKERILHT00000003155	A	rna-XM_057811314.1	A
BRAKERILHT00000003615	A	rna-XM_057804824.1	A
BRAKERILHT00000002755	A	rna-XM_057799503.1	X
BRAKERILHT00000002425	A	rna-XM_057796611.1	X
BRAKERILHT00000003872	A	rna-XM_057804821.1	A
BRAKERILHT00000003231	A	rna-XM_057808208.1	A
BRAKERILHT00000002592	A	rna-XM_057796565.1	A
BRAKERILHT00000004218	A	rna-XM_057801125.1	A
BRAKERILHT00000003550	A	rna-XM_057809767.1	A
BRAKERILHT00000002909	A	rna-XM_057808037.1	A
BRAKERILHT00000002679	A	rna-XM_057813503.1	A
BRAKERILHT00000003491	A	rna-XM_057805975.1	A
BRAKERILHT00000004002	A	rna-XM_057804818.1	A
BRAKERILHT00000002573	A	rna-XM_057805981.1	A
BRAKERILHT00000003064	A	rna-XM_057809603.1	A
BRAKERILHT00000003745	A	rna-XM_057807995.1	A
BRAKERILHT00000004264	A	rna-XM_057810781.1	A
BRAKERILHT00000002502	A	rna-XM_057803359.1	X
BRAKERILHT00000002919	A	rna-XM_057809311.1	A
BRAKERILHT00000002324	A	rna-XM_057794855.1	A
BRAKERILHT00000003748	A	rna-XM_057807163.1	A
BRAKERILHT00000003077	A	rna-XM_057807162.1	A
BRAKERILHT00000004138	A	rna-XM_057804121.1	X
BRAKERILHT00000004026	A	rna-XM_057809190.1	A
BRAKERILHT00000002253	A	rna-XM_057802330.1	X
BRAKERILHT00000004437	A	rna-XM_057802112.1	A
BRAKERILHT00000004143	A	rna-XM_057802383.1	A
BRAKERILHT00000002750	A	rna-XM_057810133.1	A
BRAKERILHT00000004256	A	rna-XM_057807252.1	A
BRAKERILHT00000003556	A	rna-XM_057812513.1	A
BRAKERILHT00000003018	A	rna-XM_057806022.1	A
BRAKERILHT00000002375	A	rna-XM_057807623.1	X
BRAKERILHT00000004028	A	rna-XM_057806021.1	A
BRAKERILHT00000003522	A	rna-XM_057805637.1	A
BRAKERILHT00000003609	A	rna-XM_057806210.1	A
BRAKERILHT00000004210	A	rna-XM_057806211.1	A
BRAKERILHT00000002728	A	rna-XM_057805504.1	A
BRAKERILHT00000003236	A	rna-XM_057805503.1	A
BRAKERILHT00000003442	A	rna-XM_057805950.1	A
BRAKERILHT00000003882	A	rna-XM_057806065.1	A
BRAKERILHT00000002612	A	rna-XM_057806064.1	A
BRAKERILHT00000003256	A	rna-XM_057805434.1	A
BRAKERILHT00000002610	A	rna-XM_057805433.1	A
BRAKERILHT00000003255	A	rna-XM_057804323.1	A
BRAKERILHT00000003021	A	rna-XM_057804823.1	A
BRAKERILHT00000003539	A	rna-XM_057813044.1	A
BRAKERILHT00000002582	A	rna-XM_057813042.1	A
BRAKERILHT00000003241	A	rna-XM_057807305.1	A
BRAKERILHT00000003594	A	rna-XM_057808054.1	X
BRAKERILHT00000004223	A	rna-XM_057808067.1	X
BRAKERILHT00000003243	A	rna-XM_057799847.1	A
BRAKERILHT00000002738	A	rna-XM_057797832.1	A
BRAKERILHT00000002964	A	rna-XM_057806553.1	A
BRAKERILHT00000004262	A	rna-XM_057801966.1	A
BRAKERILHT00000003742	A	rna-XM_057806552.1	A
BRAKERILHT00000002374	A	rna-XM_057815050.1	A
BRAKERILHT00000003024	A	rna-XM_057795392.1	A
BRAKERILHT00000002632	A	rna-XM_057795391.1	A
BRAKERILHT00000003274	A	rna-XM_057815519.1	A
BRAKERILHT00000003349	A	rna-XM_057804534.1	X
BRAKERILHT00000004013	A	rna-XM_057799221.1	A
BRAKERILHT00000003028	A	rna-XM_057810713.1	A
BRAKERILHT00000003690	A	rna-XM_057812247.1	A
BRAKERILHT00000002385	A	rna-XM_057812279.1	A
BRAKERILHT00000002207	A	rna-XM_057812137.1	A
BRAKERILHT00000004199	A	rna-XM_057813954.1	A
BRAKERILHT00000003675	A	rna-XM_057814039.1	A
BRAKERILHT00000003192	A	rna-XM_057797008.1	A
BRAKERILHT00000002685	A	rna-XM_057814032.1	A
BRAKERILHT00000003950	A	rna-XM_057809851.1	X
BRAKERILHT00000003415	A	rna-XM_057797745.1	A
BRAKERILHT00000002380	A	rna-XM_057812506.1	A
BRAKERILHT00000004272	A	rna-XM_057809359.1	A
BRAKERILHT00000003264	A	rna-XM_057816783.1	A
BRAKERILHT00000002638	A	rna-XM_057816772.1	A
BRAKERILHT00000003372	A	rna-XM_057807385.1	A
BRAKERILHT00000003049	A	rna-XM_057816770.1	A
BRAKERILHT00000003530	A	rna-XM_057816933.1	A
BRAKERILHT00000003346	A	rna-XM_057816771.1	A
BRAKERILHT00000002959	A	rna-XM_057813837.1	A
BRAKERILHT00000002834	A	rna-XM_057803475.1	A
BRAKERILHT00000002287	A	rna-XM_057803747.1	A
BRAKERILHT00000004127	A	rna-XM_057803754.1	A
BRAKERILHT00000002613	A	rna-XM_057803755.1	A
BRAKERILHT00000004025	A	rna-XM_057803752.1	A
BRAKERILHT00000003017	A	rna-XM_057801727.1	A
BRAKERILHT00000002359	A	rna-XM_057801726.1	A
BRAKERILHT00000004087	A	rna-XM_057796508.1	A
BRAKERILHT00000003423	A	rna-XM_057803753.1	A
BRAKERILHT00000003593	A	rna-XM_057800200.1	A
BRAKERILHT00000002450	A	rna-XM_057804227.1	A
BRAKERILHT00000002544	A	rna-XM_057804231.1	A
BRAKERILHT00000004168	A	rna-XM_057804568.1	A
BRAKERILHT00000002438	A	rna-XM_057803472.1	A
BRAKERILHT00000003211	A	rna-XM_057802276.1	A
BRAKERILHT00000004447	A	rna-XM_057802274.1	A
BRAKERILHT00000004018	A	rna-XM_057802406.1	A
BRAKERILHT00000002649	A	rna-XM_057802067.1	A
BRAKERILHT00000003296	A	rna-XM_057802063.1	A
BRAKERILHT00000002677	A	rna-XM_057803478.1	A
BRAKERILHT00000002948	A	rna-XM_057803465.1	A
BRAKERILHT00000004131	A	rna-XM_057803476.1	A
BRAKERILHT00000003454	A	rna-XM_057803339.1	A
BRAKERILHT00000003135	A	rna-XM_057813244.1	A
BRAKERILHT00000002536	A	rna-XM_057810818.1	A
BRAKERILHT00000002302	A	rna-XM_057810846.1	A
BRAKERILHT00000003334	A	rna-XM_057810645.1	A
BRAKERILHT00000003986	A	rna-XM_057810017.1	A
BRAKERILHT00000002319	A	rna-XM_057810438.1	A
BRAKERILHT00000002977	A	rna-XM_057816143.1	A
BRAKERILHT00000003427	A	rna-XM_057815857.1	A
BRAKERILHT00000003979	A	rna-XM_057815697.1	A
BRAKERILHT00000003305	A	rna-XM_057814794.1	A
BRAKERILHT00000004080	A	rna-XM_057812907.1	A
BRAKERILHT00000003424	A	rna-XM_057813407.1	A
BRAKERILHT00000003298	A	rna-XM_057811746.1	A
BRAKERILHT00000004309	A	rna-XM_057809786.1	A
BRAKERILHT00000002633	A	rna-XM_057814792.1	A
BRAKERILHT00000004368	A	rna-XM_057812241.1	A
BRAKERILHT00000003838	A	rna-XM_057810693.1	A
BRAKERILHT00000002295	A	rna-XM_057810697.1	A
BRAKERILHT00000004071	A	rna-XM_057804059.1	A
BRAKERILHT00000003574	A	rna-XM_057805363.1	A
BRAKERILHT00000002810	A	rna-XM_057805429.1	A
BRAKERILHT00000002306	A	rna-XM_057805972.1	A
BRAKERILHT00000003794	A	rna-XM_057815165.1	Y
BRAKERILHT00000002842	A	rna-XM_057807511.1	A
BRAKERILHT00000002247	A	rna-XM_057811719.1	A
BRAKERILHT00000004422	A	rna-XM_057813903.1	A
BRAKERILHT00000003715	A	rna-XM_057810937.1	A
BRAKERILHT00000002488	A	rna-XM_057812277.1	A
BRAKERILHT00000002922	A	rna-XM_057812543.1	A
BRAKERILHT00000003193	A	rna-XM_057812048.1	A
BRAKERILHT00000004204	A	rna-XM_057812822.1	A
BRAKERILHT00000002695	A	rna-XM_057798086.1	A
BRAKERILHT00000003204	A	rna-XM_057798087.1	A
BRAKERILHT00000003664	A	rna-XM_057807038.1	A
BRAKERILHT00000003579	A	rna-XM_057803341.1	A
BRAKERILHT00000002305	A	rna-XM_057807060.1	A
BRAKERILHT00000002353	A	rna-XM_057807313.1	A
BRAKERILHT00000002974	A	rna-XM_057807657.1	A
BRAKERILHT00000002618	A	rna-XM_057807314.1	A
BRAKERILHT00000003606	A	rna-XM_057811977.1	A
BRAKERILHT00000004006	A	rna-XM_057812242.1	A
BRAKERILHT00000002240	A	rna-XM_057810943.1	A
BRAKERILHT00000002742	A	rna-XM_057805364.1	A
BRAKERILHT00000003180	A	rna-XM_057805367.1	A
BRAKERILHT00000003582	A	rna-XM_057809305.1	A
BRAKERILHT00000004402	A	rna-XM_057809548.1	A
BRAKERILHT00000002437	A	rna-XM_057809550.1	A
BRAKERILHT00000004379	A	rna-XM_057799537.1	A
BRAKERILHT00000002821	A	rna-XM_057809164.1	A
BRAKERILHT00000003781	A	rna-XM_057800101.1	A
BRAKERILHT00000004059	A	rna-XM_057815880.1	A
BRAKERILHT00000002824	A	rna-XM_057805007.1	A
BRAKERILHT00000003331	A	rna-XM_057805013.1	A
BRAKERILHT00000004297	A	rna-XM_057805004.1	A
BRAKERILHT00000004132	A	rna-XM_057798572.1	A
BRAKERILHT00000003170	A	rna-XM_057798573.1	A
BRAKERILHT00000003501	A	rna-XM_057810395.1	A
BRAKERILHT00000004175	A	rna-XM_057810399.1	A
BRAKERILHT00000002547	A	rna-XM_057799612.1	A
BRAKERILHT00000003479	A	rna-XM_057799586.1	A
BRAKERILHT00000004430	A	rna-XM_057799610.1	A
BRAKERILHT00000003676	A	rna-XM_057809724.1	A
BRAKERILHT00000003210	A	rna-XM_057809706.1	A
BRAKERILHT00000002935	A	rna-XM_057799613.1	A
BRAKERILHT00000003079	A	rna-XM_057806426.1	A
BRAKERILHT00000004083	A	rna-XM_057814829.1	A
BRAKERILHT00000004269	A	rna-XM_057807584.1	X
BRAKERILHT00000002519	A	rna-XM_057808999.1	A
BRAKERILHT00000002188	A	rna-XM_057813069.1	A
BRAKERILHT00000003952	A	rna-XM_057802889.1	A
BRAKERILHT00000003450	A	rna-XM_057798619.1	A
BRAKERILHT00000003667	A	rna-XM_057802616.1	A
BRAKERILHT00000004393	A	rna-XM_057798185.1	A
BRAKERILHT00000002772	A	rna-XM_057798178.1	A
BRAKERILHT00000003658	A	rna-XM_057812254.1	A
BRAKERILHT00000002637	A	rna-XM_057804274.1	A
BRAKERILHT00000003262	A	rna-XM_057798623.1	A
BRAKERILHT00000003928	A	rna-XM_057815580.1	A
BRAKERILHT00000002292	A	rna-XM_057816470.1	A
BRAKERILHT00000002387	A	rna-XM_057816217.1	A
BRAKERILHT00000004371	A	rna-XM_057815573.1	A
BRAKERILHT00000003696	A	rna-XM_057799158.1	A
BRAKERILHT00000002915	A	rna-XM_057799156.1	A
BRAKERILHT00000002278	A	rna-XM_057799152.1	A
BRAKERILHT00000003053	A	rna-XM_057799141.1	A
BRAKERILHT00000002299	A	rna-XM_057799140.1	A
BRAKERILHT00000003894	A	rna-XM_057799117.1	A
BRAKERILHT00000003121	A	rna-XM_057816569.1	A
BRAKERILHT00000003753	A	rna-XM_057800438.1	X
BRAKERILHT00000004424	A	rna-XM_057800418.1	X
BRAKERILHT00000003515	A	rna-XM_057796443.1	X
BRAKERILHT00000003237	A	rna-XM_057800088.1	A
BRAKERILHT00000002480	A	rna-XM_057797379.1	A
BRAKERILHT00000004399	A	rna-XM_057798621.1	A
BRAKERILHT00000003330	A	rna-XM_057799279.1	A
BRAKERILHT00000003261	A	rna-XM_057808036.1	A
BRAKERILHT00000004111	A	rna-XM_057812426.1	A
BRAKERILHT00000003489	A	rna-XM_057812427.1	A
BRAKERILHT00000003698	A	rna-XM_057812428.1	A
BRAKERILHT00000003098	A	rna-XM_057812432.1	A
BRAKERILHT00000003967	A	rna-XM_057815755.1	A
BRAKERILHT00000003728	A	rna-XM_057810704.1	A
BRAKERILHT00000003016	A	rna-XM_057810705.1	A
BRAKERILHT00000002242	A	rna-XM_057812772.1	A
BRAKERILHT00000002504	A	rna-XM_057812769.1	A
BRAKERILHT00000003673	A	rna-XM_057812764.1	A
BRAKERILHT00000003716	A	rna-XM_057812744.1	A
BRAKERILHT00000003071	A	rna-XM_057814171.1	A
BRAKERILHT00000003654	A	rna-XM_057814176.1	A
BRAKERILHT00000002435	A	rna-XM_057813896.1	A
BRAKERILHT00000004363	A	rna-XM_057813898.1	A
BRAKERILHT00000003250	A	rna-XM_057811633.1	A
BRAKERILHT00000002576	A	rna-XM_057814474.1	A
BRAKERILHT00000003860	A	rna-XM_057814466.1	A
BRAKERILHT00000004017	A	rna-XM_057812246.1	A
BRAKERILHT00000003483	A	rna-XM_057812940.1	A
BRAKERILHT00000002590	A	rna-XM_057811839.1	A
BRAKERILHT00000004188	A	rna-XM_057811838.1	A
BRAKERILHT00000003805	A	rna-XM_057811837.1	A
BRAKERILHT00000003254	A	rna-XM_057796864.1	A
BRAKERILHT00000002607	A	rna-XM_057811840.1	A
BRAKERILHT00000003949	A	rna-XM_057812275.1	A
BRAKERILHT00000003571	A	rna-XM_057802519.1	A
BRAKERILHT00000003701	A	rna-XM_057810181.1	A
BRAKERILHT00000002908	A	rna-XM_057802686.1	A
BRAKERILHT00000002283	A	rna-XM_057802681.1	A
BRAKERILHT00000003898	A	rna-XM_057805256.1	A
BRAKERILHT00000003848	A	rna-XM_057805255.1	A
BRAKERILHT00000003217	A	rna-XM_057813642.1	A
BRAKERILHT00000002600	A	rna-XM_057796074.1	X
BRAKERILHT00000004229	A	rna-XM_057810096.1	A
BRAKERILHT00000002624	A	rna-XM_057815949.1	A
BRAKERILHT00000004378	A	rna-XM_057796095.1	A
BRAKERILHT00000002725	A	rna-XM_057806836.1	A
BRAKERILHT00000003909	A	rna-XM_057806826.1	A
BRAKERILHT00000002279	A	rna-XM_057797108.1	A
BRAKERILHT00000003850	A	rna-XM_057797649.1	A
BRAKERILHT00000004214	A	rna-XM_057797651.1	A
BRAKERILHT00000002599	A	rna-XM_057797654.1	A
BRAKERILHT00000002955	A	rna-XM_057799037.1	A
BRAKERILHT00000003540	A	rna-XM_057799216.1	A
BRAKERILHT00000003889	A	rna-XM_057797961.1	A
BRAKERILHT00000004360	A	rna-XM_057799207.1	A
BRAKERILHT00000002876	A	rna-XM_057816828.1	A
BRAKERILHT00000004411	A	rna-XM_057805171.1	A
BRAKERILHT00000003115	A	rna-XM_057816815.1	A
BRAKERILHT00000002339	A	rna-XM_057816816.1	A
BRAKERILHT00000003038	A	rna-XM_057795154.1	A
BRAKERILHT00000002381	A	rna-XM_057806548.1	A
BRAKERILHT00000004039	A	rna-XM_057799327.1	A
BRAKERILHT00000003697	A	rna-XM_057799325.1	A
BRAKERILHT00000003076	A	rna-XM_057806388.1	A
BRAKERILHT00000004103	A	rna-XM_057797546.1	A
BRAKERILHT00000003463	A	rna-XM_057809631.1	A
BRAKERILHT00000004355	A	rna-XM_057798303.1	A
BRAKERILHT00000003032	A	rna-XM_057807123.1	A
BRAKERILHT00000003369	A	rna-XM_057810561.1	A
BRAKERILHT00000004016	A	rna-XM_057810562.1	A
BRAKERILHT00000003536	A	rna-XM_057810551.1	A
BRAKERILHT00000003907	A	rna-XM_057806971.1	A
BRAKERILHT00000004038	A	rna-XM_057806975.1	A
BRAKERILHT00000002397	A	rna-XM_057806974.1	A
BRAKERILHT00000002714	A	rna-XM_057812342.1	A
BRAKERILHT00000003091	A	rna-XM_057812347.1	A
BRAKERILHT00000003471	A	rna-XM_057810316.1	A
BRAKERILHT00000004124	A	rna-XM_057810319.1	A
BRAKERILHT00000002734	A	rna-XM_057812351.1	A
BRAKERILHT00000003475	A	rna-XM_057798579.1	A
BRAKERILHT00000004069	A	rna-XM_057799789.1	A
BRAKERILHT00000003795	A	rna-XM_057799785.1	A
BRAKERILHT00000004320	A	rna-XM_057797855.1	A
BRAKERILHT00000003145	A	rna-XM_057797897.1	A
BRAKERILHT00000004014	A	rna-XM_057797963.1	A
BRAKERILHT00000002518	A	rna-XM_057813465.1	X
BRAKERILHT00000004042	A	rna-XM_057802890.1	A
BRAKERILHT00000003390	A	rna-XM_057805977.1	A
BRAKERILHT00000003126	A	rna-XM_057816820.1	A
BRAKERILHT00000003608	A	rna-XM_057812379.1	A
BRAKERILHT00000003363	A	rna-XM_057812377.1	A
BRAKERILHT00000002277	A	rna-XM_057803596.1	A
BRAKERILHT00000002784	A	rna-XM_057803343.1	A
BRAKERILHT00000003268	A	rna-XM_057806604.1	A
BRAKERILHT00000003861	A	rna-XM_057816526.1	A
BRAKERILHT00000004265	A	rna-XM_057816527.1	A
BRAKERILHT00000002761	A	rna-XM_057813052.1	A
BRAKERILHT00000002708	A	rna-XM_057813054.1	A
BRAKERILHT00000003774	A	rna-XM_057795228.1	A
BRAKERILHT00000004174	A	rna-XM_057808725.1	A
BRAKERILHT00000002968	A	rna-XM_057815579.1	A
BRAKERILHT00000003835	A	rna-XM_057815582.1	A
BRAKERILHT00000004241	A	rna-XM_057816491.1	A
BRAKERILHT00000003541	A	rna-XM_057803717.1	A
BRAKERILHT00000004253	A	rna-XM_057813402.1	A
BRAKERILHT00000003514	A	rna-XM_057801546.1	A
BRAKERILHT00000002233	A	rna-XM_057803372.1	A
BRAKERILHT00000003943	A	rna-XM_057801537.1	A
BRAKERILHT00000002298	A	rna-XM_057812444.1	A
BRAKERILHT00000002809	A	rna-XM_057812165.1	A
BRAKERILHT00000003406	A	rna-XM_057812164.1	A
BRAKERILHT00000004354	A	rna-XM_057811676.1	A
BRAKERILHT00000004227	A	rna-XM_057811992.1	A
BRAKERILHT00000002744	A	rna-XM_057811973.1	A
BRAKERILHT00000002932	A	rna-XM_057811995.1	A
BRAKERILHT00000004287	A	rna-XM_057806784.1	A
BRAKERILHT00000002417	A	rna-XM_057797475.1	A
BRAKERILHT00000003430	A	rna-XM_057798297.1	A
BRAKERILHT00000004072	A	rna-XM_057795850.1	X
BRAKERILHT00000002606	A	rna-XM_057797182.1	A
BRAKERILHT00000002815	A	rna-XM_057802790.1	A
BRAKERILHT00000004085	A	rna-XM_057802809.1	A
BRAKERILHT00000004406	A	rna-XM_057814481.1	A
BRAKERILHT00000002770	A	rna-XM_057812311.1	A
BRAKERILHT00000003858	A	rna-XM_057808615.1	A
BRAKERILHT00000002232	A	rna-XM_057808619.1	A
BRAKERILHT00000002554	A	rna-XM_057808624.1	A
BRAKERILHT00000003244	A	rna-XM_057806966.1	A
BRAKERILHT00000004035	A	rna-XM_057796187.1	A
BRAKERILHT00000002392	A	rna-XM_057796396.1	A
BRAKERILHT00000004057	A	rna-XM_057812484.1	A
BRAKERILHT00000002412	A	rna-XM_057813976.1	A
BRAKERILHT00000002440	A	rna-XM_057798981.1	A
BRAKERILHT00000003712	A	rna-XM_057799183.1	A
BRAKERILHT00000003876	A	rna-XM_057798232.1	A
BRAKERILHT00000003112	A	rna-XM_057800016.1	A
BRAKERILHT00000003735	A	rna-XM_057804650.1	A
BRAKERILHT00000003945	A	rna-XM_057809154.1	A
BRAKERILHT00000002266	A	rna-XM_057816646.1	A
BRAKERILHT00000004037	A	rna-XM_057797399.1	A
BRAKERILHT00000003546	A	rna-XM_057797400.1	A
BRAKERILHT00000003070	A	rna-XM_057808653.1	A
BRAKERILHT00000003323	A	rna-XM_057808632.1	A
BRAKERILHT00000003787	A	rna-XM_057800013.1	A
BRAKERILHT00000003443	A	rna-XM_057808607.1	A
BRAKERILHT00000002852	A	rna-XM_057808702.1	A
BRAKERILHT00000002894	A	rna-XM_057806997.1	A
BRAKERILHT00000002261	A	rna-XM_057806998.1	A
BRAKERILHT00000002342	A	rna-XM_057815873.1	A
BRAKERILHT00000003960	A	rna-XM_057806595.1	A
BRAKERILHT00000003327	A	rna-XM_057810408.1	A
BRAKERILHT00000003169	A	rna-XM_057816494.1	A
BRAKERILHT00000002513	A	rna-XM_057815129.1	A
BRAKERILHT00000002290	A	rna-XM_057815142.1	A
BRAKERILHT00000002860	A	rna-XM_057812345.1	A
BRAKERILHT00000002200	A	rna-XM_057809929.1	A
BRAKERILHT00000004397	A	rna-XM_057812344.1	A
BRAKERILHT00000003779	A	rna-XM_057802699.1	A
BRAKERILHT00000004050	A	rna-XM_057802492.1	A
BRAKERILHT00000003519	A	rna-XM_057802294.1	A
BRAKERILHT00000002378	A	rna-XM_057806231.1	A
BRAKERILHT00000004005	A	rna-XM_057806228.1	A
BRAKERILHT00000002382	A	rna-XM_057809728.1	A
BRAKERILHT00000002921	A	rna-XM_057809759.1	A
BRAKERILHT00000003975	A	rna-XM_057809732.1	A
BRAKERILHT00000002401	A	rna-XM_057809758.1	A
BRAKERILHT00000002301	A	rna-XM_057809740.1	A
BRAKERILHT00000002179	A	rna-XM_057799338.1	A
BRAKERILHT00000002986	A	rna-XM_057799336.1	A
BRAKERILHT00000003097	A	rna-XM_057806015.1	A
BRAKERILHT00000003649	A	rna-XM_057811725.1	A
BRAKERILHT00000003941	A	rna-XM_057795940.1	A
BRAKERILHT00000003000	A	rna-XM_057800433.1	A
BRAKERILHT00000003561	A	rna-XM_057812421.1	A
BRAKERILHT00000003670	A	rna-XM_057801562.1	A
BRAKERILHT00000002348	A	rna-XM_057801561.1	A
BRAKERILHT00000002239	A	rna-XM_057801476.1	A
BRAKERILHT00000003729	A	rna-XM_057813554.1	A
BRAKERILHT00000002494	A	rna-XM_057813028.1	A
BRAKERILHT00000002274	A	rna-XM_057813029.1	A
BRAKERILHT00000004129	A	rna-XM_057813747.1	A
BRAKERILHT00000003769	A	rna-XM_057813740.1	A
BRAKERILHT00000002895	A	rna-XM_057813457.1	A
BRAKERILHT00000003381	A	rna-XM_057813462.1	A
BRAKERILHT00000002771	A	rna-XM_057805990.1	A
BRAKERILHT00000002262	A	rna-XM_057810185.1	A
BRAKERILHT00000003893	A	rna-XM_057800657.1	A
BRAKERILHT00000004237	A	rna-XM_057803609.1	A
BRAKERILHT00000002566	A	rna-XM_057813016.1	X
BRAKERILHT00000003917	A	rna-XM_057801273.1	X
BRAKERILHT00000002800	A	rna-XM_057816032.1	A
BRAKERILHT00000003061	A	rna-XM_057801589.1	A
BRAKERILHT00000002814	A	rna-XM_057797413.1	A
BRAKERILHT00000003577	A	rna-XM_057801585.1	A
BRAKERILHT00000003855	A	rna-XM_057804053.1	A
BRAKERILHT00000004207	A	rna-XM_057800547.1	A
BRAKERILHT00000002413	A	rna-XM_057800663.1	A
BRAKERILHT00000004209	A	rna-XM_057799978.1	A
BRAKERILHT00000002362	A	rna-XM_057800858.1	A
BRAKERILHT00000002981	A	rna-XM_057812526.1	A
BRAKERILHT00000003447	A	rna-XM_057812811.1	A
BRAKERILHT00000002202	A	rna-XM_057806972.1	A
BRAKERILHT00000002506	A	rna-XM_057806967.1	A
BRAKERILHT00000004114	A	rna-XM_057806969.1	A
BRAKERILHT00000002830	A	rna-XM_057810332.1	A
BRAKERILHT00000002355	A	rna-XM_057816702.1	A
BRAKERILHT00000004448	A	rna-XM_057807445.1	A
BRAKERILHT00000003321	A	rna-XM_057806992.1	A
BRAKERILHT00000003162	A	rna-XM_057805368.1	A
BRAKERILHT00000002665	A	rna-XM_057809584.1	X
BRAKERILHT00000003974	A	rna-XM_057810813.1	A
BRAKERILHT00000002996	A	rna-XM_057798383.1	A
BRAKERILHT00000003490	A	rna-XM_057814804.1	A
BRAKERILHT00000002541	A	rna-XM_057812503.1	A
BRAKERILHT00000003301	A	rna-XM_057814671.1	A
BRAKERILHT00000003603	A	rna-XM_057809964.1	A
BRAKERILHT00000003784	A	rna-XM_057810286.1	A
BRAKERILHT00000003294	A	rna-XM_057810289.1	A
BRAKERILHT00000002973	A	rna-XM_057801869.1	X
BRAKERILHT00000002718	A	rna-XM_057806023.1	A
BRAKERILHT00000004338	A	rna-XM_057806028.1	A
BRAKERILHT00000003003	A	rna-XM_057802516.1	X
BRAKERILHT00000003661	A	rna-XM_057796130.1	X
BRAKERILHT00000003977	A	rna-XM_057796196.1	X
BRAKERILHT00000002849	A	rna-XM_057806591.1	X
BRAKERILHT00000003778	A	rna-XM_057805411.1	X
BRAKERILHT00000004434	A	rna-XM_057807054.1	X
BRAKERILHT00000002543	A	rna-XM_057796303.1	X
BRAKERILHT00000003174	A	rna-XM_057816017.1	X
BRAKERILHT00000003446	A	rna-XM_057796394.1	X
BRAKERILHT00000004101	A	rna-XM_057816031.1	X
BRAKERILHT00000002199	A	rna-XM_057809961.1	A
BRAKERILHT00000004438	A	rna-XM_057814613.1	A
BRAKERILHT00000004392	A	rna-XM_057814618.1	A
BRAKERILHT00000002603	A	rna-XM_057811978.1	A
BRAKERILHT00000003144	A	rna-XM_057811990.1	A
BRAKERILHT00000003604	A	rna-XM_057796994.1	A
BRAKERILHT00000004128	A	rna-XM_057811987.1	A
BRAKERILHT00000002363	A	rna-XM_057816829.1	A
BRAKERILHT00000003367	A	rna-XM_057813920.1	A
BRAKERILHT00000004247	A	rna-XM_057802302.1	A
BRAKERILHT00000002598	A	rna-XM_057800196.1	A
BRAKERILHT00000003194	A	rna-XM_057800878.1	A
BRAKERILHT00000004044	A	rna-XM_057798037.1	A
BRAKERILHT00000002429	A	rna-XM_057809413.1	A
BRAKERILHT00000002758	A	rna-XM_057803851.1	A
BRAKERILHT00000003504	A	rna-XM_057801542.1	A
BRAKERILHT00000002217	A	rna-XM_057815612.1	X
BRAKERILHT00000002887	A	rna-XM_057805391.1	A
BRAKERILHT00000003203	A	rna-XM_057806008.1	A
BRAKERILHT00000003831	A	rna-XM_057800698.1	A
BRAKERILHT00000003921	A	rna-XM_057807818.1	A
BRAKERILHT00000002703	A	rna-XM_057798826.1	A
BRAKERILHT00000003202	A	rna-XM_057808689.1	A
BRAKERILHT00000004202	A	rna-XM_057806982.1	A
BRAKERILHT00000002687	A	rna-XM_057808686.1	A
BRAKERILHT00000002318	A	rna-XM_057804337.1	A
BRAKERILHT00000002967	A	rna-XM_057808694.1	A
BRAKERILHT00000003934	A	rna-XM_057798476.1	A
BRAKERILHT00000002458	A	rna-XM_057804663.1	A
BRAKERILHT00000002646	A	rna-XM_057797418.1	A
BRAKERILHT00000003734	A	rna-XM_057802700.1	A
BRAKERILHT00000004389	A	rna-XM_057808125.1	A
BRAKERILHT00000002500	A	rna-XM_057806635.1	A
BRAKERILHT00000003130	A	rna-XM_057809104.1	A
BRAKERILHT00000003074	A	rna-XM_057808577.1	X
BRAKERILHT00000003695	A	rna-XM_057808549.1	X
BRAKERILHT00000004113	A	rna-XM_057808564.1	X
BRAKERILHT00000002218	A	rna-XM_057808528.1	X
BRAKERILHT00000003825	A	rna-XM_057795159.1	X
BRAKERILHT00000004367	A	rna-XM_057805387.1	X
BRAKERILHT00000003511	A	rna-XM_057796350.1	X
BRAKERILHT00000003035	A	rna-XM_057806413.1	A
BRAKERILHT00000002568	A	rna-XM_057805694.1	A
BRAKERILHT00000004041	A	rna-XM_057805709.1	A
BRAKERILHT00000002591	A	rna-XM_057805701.1	A
BRAKERILHT00000003534	A	rna-XM_057802915.1	A
BRAKERILHT00000004067	A	rna-XM_057807100.1	A
BRAKERILHT00000003102	A	rna-XM_057807108.1	A
BRAKERILHT00000003669	A	rna-XM_057798189.1	A
BRAKERILHT00000003029	A	rna-XM_057806802.1	A
BRAKERILHT00000002215	A	rna-XM_057806806.1	A
BRAKERILHT00000004048	A	rna-XM_057804301.1	X
BRAKERILHT00000003826	A	rna-XM_057806727.1	A
BRAKERILHT00000002462	A	rna-XM_057807246.1	A
BRAKERILHT00000003937	A	rna-XM_057812862.1	A
BRAKERILHT00000004197	A	rna-XM_057816928.1	A
BRAKERILHT00000003225	A	rna-XM_057807134.1	A
BRAKERILHT00000003736	A	rna-XM_057816694.1	A
BRAKERILHT00000003156	A	rna-XM_057816818.1	A
BRAKERILHT00000002473	A	rna-XM_057804329.1	A
BRAKERILHT00000004162	A	rna-XM_057796423.1	X
BRAKERILHT00000003123	A	rna-XM_057808642.1	X
BRAKERILHT00000002888	A	rna-XM_057808602.1	X
BRAKERILHT00000002223	A	rna-XM_057808589.1	X
BRAKERILHT00000003739	A	rna-XM_057794867.1	X
BRAKERILHT00000002470	A	rna-XM_057816228.1	A
BRAKERILHT00000003365	A	rna-XM_057806599.1	A
BRAKERILHT00000004321	A	rna-XM_057814874.1	A
BRAKERILHT00000003143	A	rna-XM_057814851.1	A
BRAKERILHT00000003639	A	rna-XM_057814875.1	A
BRAKERILHT00000002449	A	rna-XM_057816648.1	X
BRAKERILHT00000003906	A	rna-XM_057816562.1	X
BRAKERILHT00000004194	A	rna-XM_057797936.1	X
BRAKERILHT00000002681	A	rna-XM_057807017.1	X
BRAKERILHT00000002740	A	rna-XM_057804352.1	X
BRAKERILHT00000003931	A	rna-XM_057813484.1	X
BRAKERILHT00000003343	A	rna-XM_057812383.1	A
BRAKERILHT00000002991	A	rna-XM_057796363.1	X
BRAKERILHT00000002514	A	rna-XM_057807562.1	X
BRAKERILHT00000004288	A	rna-XM_057807526.1	X
BRAKERILHT00000003789	A	rna-XM_057810304.1	X
BRAKERILHT00000003302	A	rna-XM_057810255.1	X
BRAKERILHT00000004376	A	rna-XM_057811922.1	A
BRAKERILHT00000003808	A	rna-XM_057797217.1	A
BRAKERILHT00000003936	A	rna-XM_057796664.1	A
BRAKERILHT00000003253	A	rna-XM_057796687.1	A
BRAKERILHT00000003538	A	rna-XM_057795920.1	A
BRAKERILHT00000003503	A	rna-XM_057797663.1	A
BRAKERILHT00000004022	A	rna-XM_057806648.1	A
BRAKERILHT00000003181	A	rna-XM_057816225.1	A
BRAKERILHT00000002623	A	rna-XM_057795855.1	A
BRAKERILHT00000003611	A	rna-XM_057796503.1	A
BRAKERILHT00000004007	A	rna-XM_057803725.1	A
BRAKERILHT00000002341	A	rna-XM_057805090.1	A
BRAKERILHT00000002525	A	rna-XM_057805082.1	A
BRAKERILHT00000003163	A	rna-XM_057805081.1	A
BRAKERILHT00000003773	A	rna-XM_057805095.1	A
BRAKERILHT00000004423	A	rna-XM_057810072.1	A
BRAKERILHT00000003208	A	rna-XM_057805091.1	A
BRAKERILHT00000002225	A	rna-XM_057798625.1	A
BRAKERILHT00000003900	A	rna-XM_057798605.1	A
BRAKERILHT00000003062	A	rna-XM_057798615.1	A
BRAKERILHT00000004139	A	rna-XM_057798611.1	A
BRAKERILHT00000004029	A	rna-XM_057798607.1	A
BRAKERILHT00000003677	A	rna-XM_057796540.1	A
BRAKERILHT00000002871	A	rna-XM_057804280.1	A
BRAKERILHT00000002715	A	rna-XM_057811517.1	A
BRAKERILHT00000004415	A	rna-XM_057802106.1	A
BRAKERILHT00000003595	A	rna-XM_057816841.1	X
BRAKERILHT00000002479	A	rna-XM_057811722.1	A
BRAKERILHT00000004137	A	rna-XM_057807126.1	X
BRAKERILHT00000003418	A	rna-XM_057813778.1	A
BRAKERILHT00000003025	A	rna-XM_057811733.1	A
BRAKERILHT00000004222	A	rna-XM_057811728.1	A
BRAKERILHT00000003232	A	rna-XM_057813323.1	A
BRAKERILHT00000002259	A	rna-XM_057812952.1	A
BRAKERILHT00000002989	A	rna-XM_057804587.1	A
BRAKERILHT00000003869	A	rna-XM_057804586.1	A
BRAKERILHT00000003116	A	rna-XM_057804344.1	A
BRAKERILHT00000003444	A	rna-XM_057811088.1	A
BRAKERILHT00000003168	A	rna-XM_057805032.1	A
BRAKERILHT00000004421	A	rna-XM_057805035.1	A
BRAKERILHT00000002659	A	rna-XM_057804410.1	A
BRAKERILHT00000002840	A	rna-XM_057802910.1	A
BRAKERILHT00000003320	A	rna-XM_057801313.1	A
BRAKERILHT00000003568	A	rna-XM_057812567.1	A
BRAKERILHT00000003965	A	rna-XM_057801452.1	A
BRAKERILHT00000003011	A	rna-XM_057806775.1	A
BRAKERILHT00000002364	A	rna-XM_057809981.1	A
BRAKERILHT00000003982	A	rna-XM_057810267.1	A
BRAKERILHT00000003257	A	rna-XM_057807133.1	A
BRAKERILHT00000003019	A	rna-XM_057801882.1	A
BRAKERILHT00000002186	A	rna-XM_057814148.1	A
BRAKERILHT00000003528	A	rna-XM_057806560.1	A
BRAKERILHT00000004240	A	rna-XM_057815423.1	A
BRAKERILHT00000003707	A	rna-XM_057806931.1	A
BRAKERILHT00000002323	A	rna-XM_057804813.1	A
BRAKERILHT00000004098	A	rna-XM_057802551.1	A
BRAKERILHT00000003396	A	rna-XM_057815006.1	A
BRAKERILHT00000003636	A	rna-XM_057815010.1	A
BRAKERILHT00000003306	A	rna-XM_057812188.1	A
BRAKERILHT00000003460	A	rna-XM_057814424.1	A
BRAKERILHT00000002206	A	rna-XM_057812922.1	A
BRAKERILHT00000002275	A	rna-XM_057811771.1	A
BRAKERILHT00000003918	A	rna-XM_057812435.1	X
BRAKERILHT00000002492	A	rna-XM_057799803.1	X
BRAKERILHT00000004271	A	rna-XM_057812204.1	A
BRAKERILHT00000002663	A	rna-XM_057814075.1	A
BRAKERILHT00000004068	A	rna-XM_057805182.1	A
BRAKERILHT00000003559	A	rna-XM_057816249.1	A
BRAKERILHT00000003138	A	rna-XM_057815818.1	A
BRAKERILHT00000002340	A	rna-XM_057815072.1	A
BRAKERILHT00000003282	A	rna-XM_057813804.1	A
BRAKERILHT00000002345	A	rna-XM_057810256.1	A
BRAKERILHT00000002998	A	rna-XM_057810244.1	A
BRAKERILHT00000003963	A	rna-XM_057810248.1	A
BRAKERILHT00000003278	A	rna-XM_057810250.1	A
BRAKERILHT00000003086	A	rna-XM_057810254.1	A
BRAKERILHT00000003555	A	rna-XM_057810754.1	A
BRAKERILHT00000003962	A	rna-XM_057810253.1	A
BRAKERILHT00000002524	A	rna-XM_057810194.1	A
BRAKERILHT00000004206	A	rna-XM_057810242.1	A
BRAKERILHT00000003166	A	rna-XM_057804571.1	A
BRAKERILHT00000003464	A	rna-XM_057803932.1	A
BRAKERILHT00000002722	A	rna-XM_057796753.1	A
BRAKERILHT00000003996	A	rna-XM_057810439.1	A
BRAKERILHT00000002627	A	rna-XM_057810442.1	A
BRAKERILHT00000002388	A	rna-XM_057810270.1	A
BRAKERILHT00000003682	A	rna-XM_057810087.1	A
BRAKERILHT00000002182	A	rna-XM_057809438.1	A
BRAKERILHT00000002416	A	rna-XM_057809442.1	A
BRAKERILHT00000004056	A	rna-XM_057797211.1	A
BRAKERILHT00000002769	A	rna-XM_057806286.1	A
BRAKERILHT00000002733	A	rna-XM_057800157.1	A
BRAKERILHT00000003964	A	rna-XM_057797214.1	A
BRAKERILHT00000002927	A	rna-XM_057795838.1	A
BRAKERILHT00000002678	A	rna-XM_057795786.1	A
BRAKERILHT00000004235	A	rna-XM_057795685.1	A
BRAKERILHT00000003219	A	rna-XM_057798386.1	A
BRAKERILHT00000003549	A	rna-XM_057796618.1	A
BRAKERILHT00000002777	A	rna-XM_057795707.1	A
BRAKERILHT00000003560	A	rna-XM_057797288.1	A
BRAKERILHT00000004070	A	rna-XM_057797289.1	A
BRAKERILHT00000002511	A	rna-XM_057807151.1	A
BRAKERILHT00000004104	A	rna-XM_057796345.1	A
BRAKERILHT00000003140	A	rna-XM_057796335.1	A
BRAKERILHT00000002866	A	rna-XM_057794859.1	A
BRAKERILHT00000003361	A	rna-XM_057816640.1	A
BRAKERILHT00000003997	A	rna-XM_057814924.1	A
BRAKERILHT00000002938	A	rna-XM_057808343.1	A
BRAKERILHT00000004186	A	rna-XM_057808911.1	A
BRAKERILHT00000004164	A	rna-XM_057809368.1	A
BRAKERILHT00000002469	A	rna-XM_057808956.1	A
BRAKERILHT00000003581	A	rna-XM_057808952.1	A
BRAKERILHT00000004261	A	rna-XM_057808989.1	A
BRAKERILHT00000002548	A	rna-XM_057809153.1	A
BRAKERILHT00000004278	A	rna-XM_057808994.1	A
BRAKERILHT00000003625	A	rna-XM_057798732.1	A
BRAKERILHT00000003295	A	rna-XM_057798252.1	A
BRAKERILHT00000003384	A	rna-XM_057797001.1	A
BRAKERILHT00000002764	A	rna-XM_057806586.1	X
BRAKERILHT00000002549	A	rna-XM_057797002.1	A
BRAKERILHT00000004180	A	rna-XM_057807028.1	A
BRAKERILHT00000002874	A	rna-XM_057807030.1	A
BRAKERILHT00000002285	A	rna-XM_057807575.1	A
BRAKERILHT00000003762	A	rna-XM_057807581.1	A
BRAKERILHT00000004250	A	rna-XM_057815001.1	A
BRAKERILHT00000003043	A	rna-XM_057815007.1	A
BRAKERILHT00000002243	A	rna-XM_057816626.1	A
BRAKERILHT00000003656	A	rna-XM_057816624.1	A
BRAKERILHT00000002327	A	rna-XM_057816632.1	A
BRAKERILHT00000004126	A	rna-XM_057814850.1	A
BRAKERILHT00000003353	A	rna-XM_057802336.1	A
BRAKERILHT00000003791	A	rna-XM_057799457.1	A
BRAKERILHT00000003304	A	rna-XM_057799459.1	A
BRAKERILHT00000003847	A	rna-XM_057805185.1	A
BRAKERILHT00000004189	A	rna-XM_057809536.1	A
BRAKERILHT00000003681	A	rna-XM_057796620.1	A
BRAKERILHT00000004182	A	rna-XM_057796621.1	A
BRAKERILHT00000003650	A	rna-XM_057808658.1	A
BRAKERILHT00000004090	A	rna-XM_057808652.1	A
BRAKERILHT00000002457	A	rna-XM_057808648.1	A
BRAKERILHT00000002798	A	rna-XM_057808649.1	A
BRAKERILHT00000003421	A	rna-XM_057808640.1	A
BRAKERILHT00000002706	A	rna-XM_057808643.1	A
BRAKERILHT00000003054	A	rna-XM_057808644.1	A
BRAKERILHT00000003508	A	rna-XM_057808646.1	A
BRAKERILHT00000003362	A	rna-XM_057808651.1	A
BRAKERILHT00000004409	A	rna-XM_057808637.1	A
BRAKERILHT00000002640	A	rna-XM_057808690.1	A
BRAKERILHT00000003110	A	rna-XM_057804359.1	A
BRAKERILHT00000003820	A	rna-XM_057801528.1	A
BRAKERILHT00000003240	A	rna-XM_057801814.1	A
BRAKERILHT00000003067	A	rna-XM_057809804.1	X
BRAKERILHT00000004049	A	rna-XM_057799650.1	X
BRAKERILHT00000002900	A	rna-XM_057802104.1	A
BRAKERILHT00000002220	A	rna-XM_057808660.1	A
BRAKERILHT00000002452	A	rna-XM_057808677.1	A
BRAKERILHT00000003586	A	rna-XM_057808623.1	A
BRAKERILHT00000002957	A	rna-XM_057804565.1	A
BRAKERILHT00000002183	A	rna-XM_057808626.1	A
BRAKERILHT00000003780	A	rna-XM_057809705.1	A
BRAKERILHT00000002231	A	rna-XM_057813313.1	A
BRAKERILHT00000004416	A	rna-XM_057808665.1	A
BRAKERILHT00000003983	A	rna-XM_057795348.1	A
BRAKERILHT00000003161	A	rna-XM_057795347.1	A
BRAKERILHT00000004149	A	rna-XM_057795352.1	A
BRAKERILHT00000003644	A	rna-XM_057795355.1	A
BRAKERILHT00000002399	A	rna-XM_057798263.1	A
BRAKERILHT00000003129	A	rna-XM_057815484.1	A
BRAKERILHT00000003467	A	rna-XM_057799135.1	A
BRAKERILHT00000002928	A	rna-XM_057795817.1	A
BRAKERILHT00000004345	A	rna-XM_057801167.1	A
BRAKERILHT00000003341	A	rna-XM_057810552.1	A
BRAKERILHT00000003286	A	rna-XM_057800691.1	A
BRAKERILHT00000002643	A	rna-XM_057800690.1	A
BRAKERILHT00000002724	A	rna-XM_057810022.1	A
BRAKERILHT00000004105	A	rna-XM_057809211.1	A
BRAKERILHT00000003532	A	rna-XM_057799999.1	A
BRAKERILHT00000004155	A	rna-XM_057798140.1	A
BRAKERILHT00000002562	A	rna-XM_057816856.1	A
BRAKERILHT00000003865	A	rna-XM_057807563.1	A
BRAKERILHT00000003047	A	rna-XM_057798125.1	X
BRAKERILHT00000003553	A	rna-XM_057808966.1	A
BRAKERILHT00000002812	A	rna-XM_057798040.1	A
BRAKERILHT00000002271	A	rna-XM_057812182.1	A
BRAKERILHT00000002743	A	rna-XM_057798141.1	A
BRAKERILHT00000004231	A	rna-XM_057808633.1	A
BRAKERILHT00000003407	A	rna-XM_057804701.1	A
BRAKERILHT00000004245	A	rna-XM_057796809.1	A
BRAKERILHT00000003214	A	rna-XM_057795495.1	A
BRAKERILHT00000002291	A	rna-XM_057801461.1	A
BRAKERILHT00000003856	A	rna-XM_057801450.1	A
BRAKERILHT00000003322	A	rna-XM_057801453.1	A
BRAKERILHT00000004404	A	rna-XM_057795545.1	A
BRAKERILHT00000002352	A	rna-XM_057800242.1	A
BRAKERILHT00000003159	A	rna-XM_057798177.1	A
BRAKERILHT00000003618	A	rna-XM_057798184.1	A
BRAKERILHT00000003388	A	rna-XM_057798181.1	A
BRAKERILHT00000003687	A	rna-XM_057798183.1	A
BRAKERILHT00000004383	A	rna-XM_057798180.1	A
BRAKERILHT00000003109	A	rna-XM_057807194.1	A
BRAKERILHT00000003709	A	rna-XM_057806820.1	A
BRAKERILHT00000004311	A	rna-XM_057806697.1	A
BRAKERILHT00000003788	A	rna-XM_057807530.1	A
BRAKERILHT00000003988	A	rna-XM_057802207.1	A
BRAKERILHT00000003451	A	rna-XM_057802343.1	A
BRAKERILHT00000003632	A	rna-XM_057802145.1	A
BRAKERILHT00000004216	A	rna-XM_057801897.1	A
BRAKERILHT00000003137	A	rna-XM_057801900.1	A
BRAKERILHT00000004123	A	rna-XM_057813624.1	A
BRAKERILHT00000002193	A	rna-XM_057803342.1	A
BRAKERILHT00000002983	A	rna-XM_057801920.1	A
BRAKERILHT00000002676	A	rna-XM_057803908.1	A
BRAKERILHT00000003299	A	rna-XM_057812385.1	A
BRAKERILHT00000003626	A	rna-XM_057812384.1	A
BRAKERILHT00000004279	A	rna-XM_057805165.1	A
BRAKERILHT00000002993	A	rna-XM_057805151.1	A
BRAKERILHT00000002892	A	rna-XM_057808656.1	A
BRAKERILHT00000004135	A	rna-XM_057795727.1	A
BRAKERILHT00000002204	A	rna-XM_057795914.1	A
BRAKERILHT00000003635	A	rna-XM_057796504.1	A
BRAKERILHT00000003954	A	rna-XM_057811665.1	A
BRAKERILHT00000003768	A	rna-XM_057815028.1	A
BRAKERILHT00000002523	A	rna-XM_057814725.1	A
BRAKERILHT00000002221	A	rna-XM_057809841.1	A
BRAKERILHT00000003413	A	rna-XM_057799614.1	A
BRAKERILHT00000002660	A	rna-XM_057803649.1	A
BRAKERILHT00000003890	A	rna-XM_057806645.1	A
BRAKERILHT00000002330	A	rna-XM_057806644.1	A
BRAKERILHT00000002847	A	rna-XM_057797947.1	A
BRAKERILHT00000003607	A	rna-XM_057805635.1	A
BRAKERILHT00000004208	A	rna-XM_057805636.1	A
BRAKERILHT00000003198	A	rna-XM_057805885.1	A
BRAKERILHT00000003158	A	rna-XM_057807262.1	A
BRAKERILHT00000002563	A	rna-XM_057807259.1	A
BRAKERILHT00000002790	A	rna-XM_057798842.1	A
BRAKERILHT00000003832	A	rna-XM_057798717.1	A
BRAKERILHT00000002719	A	rna-XM_057797542.1	A
BRAKERILHT00000003468	A	rna-XM_057799295.1	A
BRAKERILHT00000004370	A	rna-XM_057799299.1	A
BRAKERILHT00000002862	A	rna-XM_057804139.1	A
BRAKERILHT00000002361	A	rna-XM_057804402.1	A
BRAKERILHT00000003726	A	rna-XM_057799305.1	A
BRAKERILHT00000003216	A	rna-XM_057799314.1	A
BRAKERILHT00000002723	A	rna-XM_057799321.1	A
BRAKERILHT00000003338	A	rna-XM_057807068.1	A
BRAKERILHT00000003222	A	rna-XM_057807443.1	A
BRAKERILHT00000003702	A	rna-XM_057807440.1	A
BRAKERILHT00000004169	A	rna-XM_057816737.1	A
BRAKERILHT00000003042	A	rna-XM_057805435.1	A
BRAKERILHT00000002406	A	rna-XM_057802891.1	A
BRAKERILHT00000002914	A	rna-XM_057804982.1	A
BRAKERILHT00000003348	A	rna-XM_057804349.1	A
BRAKERILHT00000003914	A	rna-XM_057807328.1	A
BRAKERILHT00000003741	A	rna-XM_057799333.1	A
BRAKERILHT00000003610	A	rna-XM_057800230.1	A
BRAKERILHT00000003247	A	rna-XM_057797202.1	A
BRAKERILHT00000003978	A	rna-XM_057797210.1	A
BRAKERILHT00000004196	A	rna-XM_057801613.1	A
BRAKERILHT00000004157	A	rna-XM_057797226.1	A
BRAKERILHT00000002903	A	rna-XM_057810958.1	A
BRAKERILHT00000002213	A	rna-XM_057799074.1	A
BRAKERILHT00000003817	A	rna-XM_057799080.1	A
BRAKERILHT00000003209	A	rna-XM_057799077.1	A
BRAKERILHT00000002835	A	rna-XM_057798198.1	A
BRAKERILHT00000003297	A	rna-XM_057804295.1	A
BRAKERILHT00000003786	A	rna-XM_057804325.1	A
BRAKERILHT00000004281	A	rna-XM_057800639.1	A
BRAKERILHT00000003176	A	rna-XM_057809281.1	A
BRAKERILHT00000004429	A	rna-XM_057809645.1	A
BRAKERILHT00000003770	A	rna-XM_057809652.1	A
BRAKERILHT00000002557	A	rna-XM_057809240.1	A
BRAKERILHT00000002441	A	rna-XM_057809772.1	A
BRAKERILHT00000003319	A	rna-XM_057809760.1	A
BRAKERILHT00000003272	A	rna-XM_057809771.1	A
BRAKERILHT00000004106	A	rna-XM_057809029.1	A
BRAKERILHT00000003461	A	rna-XM_057809024.1	A
BRAKERILHT00000003153	A	rna-XM_057809023.1	A
BRAKERILHT00000002377	A	rna-XM_057804995.1	A
BRAKERILHT00000004401	A	rna-XM_057806959.1	A
BRAKERILHT00000002836	A	rna-XM_057801345.1	A
BRAKERILHT00000002303	A	rna-XM_057801360.1	A
BRAKERILHT00000002476	A	rna-XM_057809408.1	A
BRAKERILHT00000003592	A	rna-XM_057813973.1	A
BRAKERILHT00000004346	A	rna-XM_057811979.1	A
BRAKERILHT00000002224	A	rna-XM_057809343.1	A
BRAKERILHT00000002872	A	rna-XM_057809307.1	A
BRAKERILHT00000003500	A	rna-XM_057799620.1	A
BRAKERILHT00000003527	A	rna-XM_057799619.1	A
BRAKERILHT00000003009	A	rna-XM_057797821.1	A
BRAKERILHT00000004051	A	rna-XM_057798194.1	A
BRAKERILHT00000004318	A	rna-XM_057812424.1	A
BRAKERILHT00000003535	A	rna-XM_057812425.1	A
BRAKERILHT00000002774	A	rna-XM_057814849.1	A
BRAKERILHT00000002350	A	rna-XM_057814876.1	A
BRAKERILHT00000004110	A	rna-XM_057812366.1	A
BRAKERILHT00000003922	A	rna-XM_057812368.1	A
BRAKERILHT00000002418	A	rna-XM_057802884.1	A
BRAKERILHT00000003233	A	rna-XM_057802883.1	A
BRAKERILHT00000003429	A	rna-XM_057802870.1	A
BRAKERILHT00000004312	A	rna-XM_057802878.1	A
BRAKERILHT00000002520	A	rna-XM_057809428.1	A
BRAKERILHT00000003132	A	rna-XM_057809427.1	A
BRAKERILHT00000002498	A	rna-XM_057806943.1	A
BRAKERILHT00000002255	A	rna-XM_057809608.1	A
BRAKERILHT00000003497	A	rna-XM_057809605.1	A
BRAKERILHT00000003134	A	rna-XM_057806027.1	A
BRAKERILHT00000002795	A	rna-XM_057811989.1	A
BRAKERILHT00000002286	A	rna-XM_057811986.1	A
BRAKERILHT00000003569	A	rna-XM_057811971.1	A
BRAKERILHT00000003057	A	rna-XM_057811996.1	A
BRAKERILHT00000002569	A	rna-XM_057801543.1	A
BRAKERILHT00000002817	A	rna-XM_057806490.1	A
BRAKERILHT00000002475	A	rna-XM_057803573.1	A
BRAKERILHT00000002294	A	rna-XM_057802439.1	X
BRAKERILHT00000002737	A	rna-XM_057808388.1	A
BRAKERILHT00000003883	A	rna-XM_057810628.1	A
BRAKERILHT00000002878	A	rna-XM_057801309.1	X
BRAKERILHT00000002410	A	rna-XM_057806255.1	A
BRAKERILHT00000004158	A	rna-XM_057794933.1	A
BRAKERILHT00000004377	A	rna-XM_057810630.1	A
BRAKERILHT00000003810	A	rna-XM_057814089.1	A
BRAKERILHT00000002622	A	rna-XM_057814480.1	A
BRAKERILHT00000004335	A	rna-XM_057796254.1	A
BRAKERILHT00000003800	A	rna-XM_057801526.1	A
BRAKERILHT00000002216	A	rna-XM_057813220.1	A
BRAKERILHT00000003439	A	rna-XM_057798996.1	A
BRAKERILHT00000002489	A	rna-XM_057800888.1	A
BRAKERILHT00000004102	A	rna-XM_057803951.1	A
BRAKERILHT00000002315	A	rna-XM_057802159.1	A
BRAKERILHT00000002853	A	rna-XM_057802520.1	A
BRAKERILHT00000003339	A	rna-XM_057812814.1	A
BRAKERILHT00000002653	A	rna-XM_057797203.1	A
BRAKERILHT00000003645	A	rna-XM_057797151.1	A
BRAKERILHT00000003583	A	rna-XM_057804487.1	A
BRAKERILHT00000004008	A	rna-XM_057811841.1	A
BRAKERILHT00000002360	A	rna-XM_057814285.1	A
BRAKERILHT00000002768	A	rna-XM_057800891.1	A
BRAKERILHT00000004442	A	rna-XM_057800887.1	A
BRAKERILHT00000002501	A	rna-XM_057800874.1	A
BRAKERILHT00000004217	A	rna-XM_057801563.1	A
BRAKERILHT00000003391	A	rna-XM_057802184.1	A
BRAKERILHT00000003119	A	rna-XM_057797198.1	A
BRAKERILHT00000002483	A	rna-XM_057804054.1	A
BRAKERILHT00000003751	A	rna-XM_057809149.1	A
BRAKERILHT00000002252	A	rna-XM_057809575.1	A
BRAKERILHT00000004096	A	rna-XM_057809579.1	A
BRAKERILHT00000003142	A	rna-XM_057809588.1	A
BRAKERILHT00000003798	A	rna-XM_057809283.1	A
BRAKERILHT00000003449	A	rna-XM_057809286.1	A
BRAKERILHT00000003069	A	rna-XM_057809282.1	A
BRAKERILHT00000003616	A	rna-XM_057803521.1	A
BRAKERILHT00000003223	A	rna-XM_057797223.1	A
BRAKERILHT00000002433	A	rna-XM_057813463.1	A
BRAKERILHT00000002396	A	rna-XM_057807967.1	A
BRAKERILHT00000002925	A	rna-XM_057804702.1	A
BRAKERILHT00000003374	A	rna-XM_057807813.1	A
BRAKERILHT00000003878	A	rna-XM_057796856.1	A
BRAKERILHT00000002409	A	rna-XM_057800428.1	A
BRAKERILHT00000002951	A	rna-XM_057799099.1	A
BRAKERILHT00000004292	A	rna-XM_057798446.1	A
BRAKERILHT00000002503	A	rna-XM_057810952.1	A
BRAKERILHT00000003052	A	rna-XM_057810955.1	A
BRAKERILHT00000002451	A	rna-XM_057801363.1	A
BRAKERILHT00000004089	A	rna-XM_057797715.1	A
BRAKERILHT00000002258	A	rna-XM_057809614.1	A
BRAKERILHT00000002801	A	rna-XM_057798409.1	A
BRAKERILHT00000003868	A	rna-XM_057811846.1	A
BRAKERILHT00000003833	A	rna-XM_057799096.1	A
BRAKERILHT00000004344	A	rna-XM_057799097.1	A
BRAKERILHT00000002992	A	rna-XM_057796198.1	A
BRAKERILHT00000003345	A	rna-XM_057798628.1	A
BRAKERILHT00000003973	A	rna-XM_057803125.1	A
BRAKERILHT00000002667	A	rna-XM_057808237.1	X
BRAKERILHT00000002670	A	rna-XM_057803127.1	A
BRAKERILHT00000003622	A	rna-XM_057811054.1	A
BRAKERILHT00000003326	A	rna-XM_057803145.1	A
BRAKERILHT00000003948	A	rna-XM_057802185.1	A
BRAKERILHT00000003434	A	rna-XM_057802176.1	A
BRAKERILHT00000003196	A	rna-XM_057803153.1	A
BRAKERILHT00000002683	A	rna-XM_057801354.1	A
BRAKERILHT00000002694	A	rna-XM_057803139.1	A
BRAKERILHT00000004191	A	rna-XM_057803141.1	A
BRAKERILHT00000003680	A	rna-XM_057800241.1	A
BRAKERILHT00000002445	A	rna-XM_057801449.1	A
BRAKERILHT00000002432	A	rna-XM_057801465.1	A
BRAKERILHT00000003927	A	rna-XM_057795971.1	A
BRAKERILHT00000003309	A	rna-XM_057795970.1	A
BRAKERILHT00000003815	A	rna-XM_057799241.1	A
BRAKERILHT00000003148	A	rna-XM_057796914.1	A
BRAKERILHT00000002505	A	rna-XM_057796920.1	A
BRAKERILHT00000003958	A	rna-XM_057804495.1	A
BRAKERILHT00000002970	A	rna-XM_057809038.1	A
BRAKERILHT00000003493	A	rna-XM_057816226.1	A
BRAKERILHT00000004277	A	rna-XM_057809483.1	A
BRAKERILHT00000004296	A	rna-XM_057809698.1	A
BRAKERILHT00000003307	A	rna-XM_057809700.1	A
BRAKERILHT00000003146	A	rna-XM_057809837.1	A
BRAKERILHT00000002780	A	rna-XM_057809482.1	A
BRAKERILHT00000002574	A	rna-XM_057809208.1	A
BRAKERILHT00000004353	A	rna-XM_057809209.1	A
BRAKERILHT00000004062	A	rna-XM_057811051.1	A
BRAKERILHT00000003563	A	rna-XM_057809295.1	A
BRAKERILHT00000002804	A	rna-XM_057809146.1	A
BRAKERILHT00000002310	A	rna-XM_057809685.1	A
BRAKERILHT00000004307	A	rna-XM_057809022.1	A
BRAKERILHT00000002671	A	rna-XM_057809017.1	A
BRAKERILHT00000002265	A	rna-XM_057809014.1	A
BRAKERILHT00000003455	A	rna-XM_057809012.1	A
BRAKERILHT00000003991	A	rna-XM_057809010.1	A
BRAKERILHT00000004396	A	rna-XM_057809559.1	A
BRAKERILHT00000004077	A	rna-XM_057809949.1	A
BRAKERILHT00000004248	A	rna-XM_057809303.1	A
BRAKERILHT00000003705	A	rna-XM_057809288.1	A
BRAKERILHT00000003226	A	rna-XM_057808957.1	A
BRAKERILHT00000002721	A	rna-XM_057813460.1	A
BRAKERILHT00000003771	A	rna-XM_057813459.1	A
BRAKERILHT00000003283	A	rna-XM_057813466.1	A
BRAKERILHT00000002422	A	rna-XM_057813464.1	A
BRAKERILHT00000003409	A	rna-XM_057813429.1	A
BRAKERILHT00000003164	A	rna-XM_057813010.1	A
BRAKERILHT00000002845	A	rna-XM_057814700.1	A
BRAKERILHT00000002209	A	rna-XM_057814696.1	A
BRAKERILHT00000002787	A	rna-XM_057797000.1	A
BRAKERILHT00000002394	A	rna-XM_057811261.1	A
BRAKERILHT00000004299	A	rna-XM_057812541.1	A
BRAKERILHT00000004133	A	rna-XM_057814795.1	A
BRAKERILHT00000003258	A	rna-XM_057812945.1	A
BRAKERILHT00000003749	A	rna-XM_057799329.1	A
BRAKERILHT00000004267	A	rna-XM_057799331.1	A
BRAKERILHT00000002460	A	rna-XM_057799330.1	A
BRAKERILHT00000002669	A	rna-XM_057813823.1	A
BRAKERILHT00000004331	A	rna-XM_057813825.1	A
BRAKERILHT00000003651	A	rna-XM_057812018.1	A
BRAKERILHT00000002431	A	rna-XM_057813826.1	A
BRAKERILHT00000003959	A	rna-XM_057811257.1	A
BRAKERILHT00000003031	A	rna-XM_057808698.1	A
BRAKERILHT00000002495	A	rna-XM_057811972.1	X
BRAKERILHT00000004225	A	rna-XM_057813821.1	A
BRAKERILHT00000003248	A	rna-XM_057803650.1	A
BRAKERILHT00000004161	A	rna-XM_057805645.1	A
BRAKERILHT00000003315	A	rna-XM_057803582.1	A
BRAKERILHT00000003160	A	rna-XM_057803587.1	A
BRAKERILHT00000002686	A	rna-XM_057816827.1	A
BRAKERILHT00000003066	A	rna-XM_057816523.1	A
BRAKERILHT00000003435	A	rna-XM_057809624.1	A
BRAKERILHT00000002434	A	rna-XM_057815064.1	A
BRAKERILHT00000004185	A	rna-XM_057806261.1	A
BRAKERILHT00000002961	A	rna-XM_057803509.1	A
BRAKERILHT00000003824	A	rna-XM_057809862.1	A
BRAKERILHT00000002963	A	rna-XM_057795848.1	A
BRAKERILHT00000002328	A	rna-XM_057797209.1	A
BRAKERILHT00000004211	A	rna-XM_057813810.1	A
BRAKERILHT00000003575	A	rna-XM_057813815.1	A
BRAKERILHT00000003063	A	rna-XM_057813807.1	A
BRAKERILHT00000002707	A	rna-XM_057813818.1	A
BRAKERILHT00000004323	A	rna-XM_057813820.1	A
BRAKERILHT00000004173	A	rna-XM_057800539.1	A
BRAKERILHT00000003044	A	rna-XM_057813893.1	A
BRAKERILHT00000003590	A	rna-XM_057814376.1	A
BRAKERILHT00000002448	A	rna-XM_057810928.1	A
BRAKERILHT00000002642	A	rna-XM_057799230.1	A
BRAKERILHT00000004252	A	rna-XM_057813675.1	A
BRAKERILHT00000004136	A	rna-XM_057805000.1	A
BRAKERILHT00000003486	A	rna-XM_057795300.1	A
BRAKERILHT00000003499	A	rna-XM_057796170.1	A
BRAKERILHT00000004427	A	rna-XM_057816248.1	A
BRAKERILHT00000002710	A	rna-XM_057815858.1	A
BRAKERILHT00000004260	A	rna-XM_057813685.1	A
BRAKERILHT00000004000	A	rna-XM_057813683.1	A
BRAKERILHT00000002365	A	rna-XM_057813676.1	A
BRAKERILHT00000003822	A	rna-XM_057813679.1	A
BRAKERILHT00000002551	A	rna-XM_057803916.1	A
BRAKERILHT00000002485	A	rna-XM_057797398.1	X
BRAKERILHT00000003111	A	rna-XM_057803683.1	A
BRAKERILHT00000002234	A	rna-XM_057814482.1	A
BRAKERILHT00000003969	A	rna-XM_057814487.1	A
BRAKERILHT00000002995	A	rna-XM_057813401.1	A
BRAKERILHT00000003332	A	rna-XM_057811700.1	A
BRAKERILHT00000002336	A	rna-XM_057814729.1	A
BRAKERILHT00000004134	A	rna-XM_057814741.1	A
BRAKERILHT00000004420	A	rna-XM_057801352.1	A
BRAKERILHT00000002833	A	rna-XM_057797822.1	A
BRAKERILHT00000002332	A	rna-XM_057802922.1	A
BRAKERILHT00000003470	A	rna-XM_057806928.1	A
BRAKERILHT00000003010	A	rna-XM_057801338.1	A
BRAKERILHT00000003037	A	rna-XM_057811083.1	A
BRAKERILHT00000003510	A	rna-XM_057802863.1	A
BRAKERILHT00000003995	A	rna-XM_057809593.1	A
BRAKERILHT00000002404	A	rna-XM_057809040.1	A
BRAKERILHT00000004060	A	rna-XM_057815596.1	A
BRAKERILHT00000003340	A	rna-XM_057809715.1	A
BRAKERILHT00000003782	A	rna-XM_057809718.1	A
BRAKERILHT00000002203	A	rna-XM_057798093.1	A
BRAKERILHT00000003398	A	rna-XM_057809721.1	A
BRAKERILHT00000003405	A	rna-XM_057808997.1	A
BRAKERILHT00000003235	A	rna-XM_057809000.1	A
BRAKERILHT00000003871	A	rna-XM_057812759.1	A
BRAKERILHT00000002926	A	rna-XM_057798907.1	A
BRAKERILHT00000002296	A	rna-XM_057798906.1	A
BRAKERILHT00000003764	A	rna-XM_057816727.1	A
BRAKERILHT00000002910	A	rna-XM_057816729.1	A
BRAKERILHT00000003287	A	rna-XM_057815860.1	A
BRAKERILHT00000003453	A	rna-XM_057815968.1	A
BRAKERILHT00000002976	A	rna-XM_057815738.1	A
BRAKERILHT00000003731	A	rna-XM_057815895.1	A
BRAKERILHT00000002831	A	rna-XM_057815902.1	A
BRAKERILHT00000002196	A	rna-XM_057795239.1	A
BRAKERILHT00000003465	A	rna-XM_057795252.1	A
BRAKERILHT00000003420	A	rna-XM_057795255.1	A
BRAKERILHT00000002443	A	rna-XM_057814174.1	A
BRAKERILHT00000004212	A	rna-XM_057809811.1	A
BRAKERILHT00000003647	A	rna-XM_057809807.1	A
BRAKERILHT00000003207	A	rna-XM_057797464.1	A
BRAKERILHT00000003939	A	rna-XM_057815570.1	A
BRAKERILHT00000003329	A	rna-XM_057816725.1	A
BRAKERILHT00000002944	A	rna-XM_057816723.1	A
BRAKERILHT00000002463	A	rna-XM_057816724.1	A
BRAKERILHT00000002358	A	rna-XM_057815863.1	A
BRAKERILHT00000004198	A	rna-XM_057808663.1	A
BRAKERILHT00000003537	A	rna-XM_057809709.1	A
BRAKERILHT00000003691	A	rna-XM_057797382.1	A
BRAKERILHT00000002741	A	rna-XM_057812473.1	A
BRAKERILHT00000004382	A	rna-XM_057799362.1	A
BRAKERILHT00000003400	A	rna-XM_057799365.1	A
BRAKERILHT00000002766	A	rna-XM_057799366.1	A
BRAKERILHT00000002512	A	rna-XM_057797779.1	A
BRAKERILHT00000004433	A	rna-XM_057797771.1	A
BRAKERILHT00000002645	A	rna-XM_057798839.1	A
BRAKERILHT00000003229	A	rna-XM_057797875.1	A
BRAKERILHT00000002490	A	rna-XM_057798730.1	A
BRAKERILHT00000002934	A	rna-XM_057800470.1	A
BRAKERILHT00000002793	A	rna-XM_057811751.1	A
BRAKERILHT00000003260	A	rna-XM_057809507.1	A
BRAKERILHT00000004109	A	rna-XM_057815059.1	A
BRAKERILHT00000003665	A	rna-XM_057815053.1	A
BRAKERILHT00000002946	A	rna-XM_057816142.1	A
BRAKERILHT00000002393	A	rna-XM_057812251.1	A
BRAKERILHT00000003916	A	rna-XM_057796390.1	A
BRAKERILHT00000004019	A	rna-XM_057805083.1	A
BRAKERILHT00000003383	A	rna-XM_057812303.1	A
BRAKERILHT00000002712	A	rna-XM_057802858.1	A
BRAKERILHT00000004380	A	rna-XM_057796391.1	A
BRAKERILHT00000003087	A	rna-XM_057795823.1	A
BRAKERILHT00000004372	A	rna-XM_057795713.1	A
BRAKERILHT00000003600	A	rna-XM_057797248.1	A
BRAKERILHT00000003078	A	rna-XM_057797255.1	A
BRAKERILHT00000002602	A	rna-XM_057813654.1	A
BRAKERILHT00000005560	A	rna-XM_057811469.1	A
BRAKERILHT00000004613	A	rna-XM_057815889.1	A
BRAKERILHT00000004733	A	rna-XM_057795216.1	A
BRAKERILHT00000004470	A	rna-XM_057795211.1	A
BRAKERILHT00000005346	A	rna-XM_057805689.1	A
BRAKERILHT00000005834	A	rna-XM_057816603.1	A
BRAKERILHT00000005395	A	rna-XM_057816138.1	A
BRAKERILHT00000005555	A	rna-XM_057816141.1	A
BRAKERILHT00000005997	A	rna-XM_057813183.1	A
BRAKERILHT00000004686	A	rna-XM_057813180.1	A
BRAKERILHT00000004622	A	rna-XM_057810999.1	A
BRAKERILHT00000005774	A	rna-XM_057810998.1	A
BRAKERILHT00000005559	A	rna-XM_057811800.1	A
BRAKERILHT00000004980	A	rna-XM_057814060.1	A
BRAKERILHT00000005548	A	rna-XM_057814059.1	A
BRAKERILHT00000005806	A	rna-XM_057811786.1	A
BRAKERILHT00000006365	A	rna-XM_057814662.1	A
BRAKERILHT00000004638	A	rna-XM_057795248.1	A
BRAKERILHT00000005206	A	rna-XM_057795251.1	A
BRAKERILHT00000005340	A	rna-XM_057808699.1	A
BRAKERILHT00000004750	A	rna-XM_057808693.1	A
BRAKERILHT00000005417	A	rna-XM_057809518.1	A
BRAKERILHT00000005472	A	rna-XM_057805275.1	A
BRAKERILHT00000006178	A	rna-XM_057805278.1	A
BRAKERILHT00000005753	A	rna-XM_057799507.1	A
BRAKERILHT00000005008	A	rna-XM_057801218.1	A
BRAKERILHT00000004625	A	rna-XM_057801211.1	A
BRAKERILHT00000006177	A	rna-XM_057800518.1	A
BRAKERILHT00000005324	A	rna-XM_057796197.1	A
BRAKERILHT00000004901	A	rna-XM_057795398.1	A
BRAKERILHT00000004991	A	rna-XM_057803952.1	A
BRAKERILHT00000005115	A	rna-XM_057803981.1	A
BRAKERILHT00000006044	A	rna-XM_057804412.1	A
BRAKERILHT00000005622	A	rna-XM_057795230.1	A
BRAKERILHT00000006310	A	rna-XM_057812011.1	A
BRAKERILHT00000005897	A	rna-XM_057811787.1	A
BRAKERILHT00000004634	A	rna-XM_057795241.1	A
BRAKERILHT00000004757	A	rna-XM_057796464.1	A
BRAKERILHT00000005949	A	rna-XM_057796511.1	A
BRAKERILHT00000005120	A	rna-XM_057809616.1	A
BRAKERILHT00000004759	A	rna-XM_057809316.1	A
BRAKERILHT00000006433	A	rna-XM_057809566.1	A
BRAKERILHT00000004485	A	rna-XM_057802850.1	A
BRAKERILHT00000006068	A	rna-XM_057802851.1	A
BRAKERILHT00000005627	A	rna-XM_057802849.1	A
BRAKERILHT00000005188	A	rna-XM_057800991.1	A
BRAKERILHT00000006282	A	rna-XM_057800950.1	A
BRAKERILHT00000005837	A	rna-XM_057816651.1	A
BRAKERILHT00000005402	A	rna-XM_057795416.1	A
BRAKERILHT00000004837	A	rna-XM_057795417.1	A
BRAKERILHT00000005361	A	rna-XM_057810829.1	A
BRAKERILHT00000005955	A	rna-XM_057810825.1	A
BRAKERILHT00000006239	A	rna-XM_057810121.1	A
BRAKERILHT00000004794	A	rna-XM_057810501.1	A
BRAKERILHT00000005081	A	rna-XM_057815916.1	A
BRAKERILHT00000005486	A	rna-XM_057800028.1	A
BRAKERILHT00000005972	A	rna-XM_057799494.1	A
BRAKERILHT00000004525	A	rna-XM_057799497.1	A
BRAKERILHT00000006376	A	rna-XM_057799710.1	A
BRAKERILHT00000005816	A	rna-XM_057799504.1	A
BRAKERILHT00000004816	A	rna-XM_057800390.1	A
BRAKERILHT00000006253	A	rna-XM_057804136.1	A
BRAKERILHT00000005998	A	rna-XM_057805221.1	A
BRAKERILHT00000005932	A	rna-XM_057816762.1	A
BRAKERILHT00000005162	A	rna-XM_057803601.1	X
BRAKERILHT00000005501	A	rna-XM_057795520.1	A
BRAKERILHT00000005821	A	rna-XM_057800232.1	A
BRAKERILHT00000004692	A	rna-XM_057801153.1	A
BRAKERILHT00000005259	A	rna-XM_057814871.1	A
BRAKERILHT00000006386	A	rna-XM_057807007.1	A
BRAKERILHT00000005058	A	rna-XM_057807145.1	A
BRAKERILHT00000006091	A	rna-XM_057816484.1	A
BRAKERILHT00000004635	A	rna-XM_057814942.1	A
BRAKERILHT00000005181	A	rna-XM_057814969.1	A
BRAKERILHT00000005676	A	rna-XM_057804193.1	A
BRAKERILHT00000005709	A	rna-XM_057804975.1	A
BRAKERILHT00000006281	A	rna-XM_057804959.1	A
BRAKERILHT00000004791	A	rna-XM_057804945.1	A
BRAKERILHT00000005864	A	rna-XM_057804949.1	A
BRAKERILHT00000005653	A	rna-XM_057804952.1	A
BRAKERILHT00000005879	A	rna-XM_057795609.1	A
BRAKERILHT00000005136	A	rna-XM_057795686.1	A
BRAKERILHT00000004585	A	rna-XM_057801240.1	A
BRAKERILHT00000005005	A	rna-XM_057801700.1	A
BRAKERILHT00000005747	A	rna-XM_057816788.1	A
BRAKERILHT00000005268	A	rna-XM_057816930.1	A
BRAKERILHT00000005135	A	rna-XM_057815991.1	A
BRAKERILHT00000004698	A	rna-XM_057807090.1	A
BRAKERILHT00000006137	A	rna-XM_057800735.1	A
BRAKERILHT00000005631	A	rna-XM_057813490.1	A
BRAKERILHT00000004505	A	rna-XM_057802787.1	A
BRAKERILHT00000005967	A	rna-XM_057815866.1	A
BRAKERILHT00000004548	A	rna-XM_057796199.1	A
BRAKERILHT00000006370	A	rna-XM_057813688.1	A
BRAKERILHT00000005902	A	rna-XM_057800837.1	A
BRAKERILHT00000004808	A	rna-XM_057815999.1	A
BRAKERILHT00000006092	A	rna-XM_057797498.1	A
BRAKERILHT00000004539	A	rna-XM_057797984.1	A
BRAKERILHT00000004962	A	rna-XM_057798002.1	A
BRAKERILHT00000005465	A	rna-XM_057798797.1	A
BRAKERILHT00000005380	A	rna-XM_057814719.1	A
BRAKERILHT00000005843	A	rna-XM_057813102.1	A
BRAKERILHT00000005197	A	rna-XM_057799984.1	A
BRAKERILHT00000005908	A	rna-XM_057815993.1	A
BRAKERILHT00000006198	A	rna-XM_057813641.1	A
BRAKERILHT00000004633	A	rna-XM_057796614.1	A
BRAKERILHT00000005850	A	rna-XM_057796159.1	A
BRAKERILHT00000005063	A	rna-XM_057806785.1	A
BRAKERILHT00000005382	A	rna-XM_057806776.1	A
BRAKERILHT00000005828	A	rna-XM_057805408.1	A
BRAKERILHT00000006306	A	rna-XM_057799671.1	A
BRAKERILHT00000004702	A	rna-XM_057801052.1	A
BRAKERILHT00000004616	A	rna-XM_057801071.1	A
BRAKERILHT00000004457	A	rna-XM_057810361.1	A
BRAKERILHT00000005138	A	rna-XM_057805143.1	A
BRAKERILHT00000005431	A	rna-XM_057816212.1	A
BRAKERILHT00000005037	A	rna-XM_057801076.1	A
BRAKERILHT00000005470	A	rna-XM_057801085.1	A
BRAKERILHT00000005945	A	rna-XM_057801083.1	A
BRAKERILHT00000006375	A	rna-XM_057801059.1	A
BRAKERILHT00000004819	A	rna-XM_057809002.1	A
BRAKERILHT00000005240	A	rna-XM_057801037.1	A
BRAKERILHT00000004520	A	rna-XM_057804715.1	A
BRAKERILHT00000005046	A	rna-XM_057814883.1	A
BRAKERILHT00000005154	A	rna-XM_057801080.1	A
BRAKERILHT00000005599	A	rna-XM_057801053.1	A
BRAKERILHT00000004798	A	rna-XM_057801086.1	A
BRAKERILHT00000005225	A	rna-XM_057800929.1	A
BRAKERILHT00000006348	A	rna-XM_057800931.1	A
BRAKERILHT00000004856	A	rna-XM_057800958.1	A
BRAKERILHT00000004790	A	rna-XM_057800993.1	A
BRAKERILHT00000005939	A	rna-XM_057805986.1	A
BRAKERILHT00000005337	A	rna-XM_057805980.1	A
BRAKERILHT00000005367	A	rna-XM_057801089.1	A
BRAKERILHT00000004836	A	rna-XM_057801047.1	A
BRAKERILHT00000005002	A	rna-XM_057810364.1	A
BRAKERILHT00000004803	A	rna-XM_057809465.1	A
BRAKERILHT00000005537	A	rna-XM_057809478.1	A
BRAKERILHT00000005968	A	rna-XM_057809455.1	A
BRAKERILHT00000005095	A	rna-XM_057809783.1	A
BRAKERILHT00000006063	A	rna-XM_057802908.1	A
BRAKERILHT00000005497	A	rna-XM_057802902.1	A
BRAKERILHT00000006029	A	rna-XM_057802898.1	A
BRAKERILHT00000005714	A	rna-XM_057802903.1	A
BRAKERILHT00000005385	A	rna-XM_057802909.1	A
BRAKERILHT00000006289	A	rna-XM_057802894.1	A
BRAKERILHT00000005721	A	rna-XM_057802896.1	A
BRAKERILHT00000005170	A	rna-XM_057806373.1	A
BRAKERILHT00000006471	A	rna-XM_057806374.1	A
BRAKERILHT00000005756	A	rna-XM_057802914.1	A
BRAKERILHT00000006147	A	rna-XM_057797648.1	A
BRAKERILHT00000004589	A	rna-XM_057806155.1	A
BRAKERILHT00000005024	A	rna-XM_057802892.1	A
BRAKERILHT00000004849	A	rna-XM_057797647.1	A
BRAKERILHT00000005481	A	rna-XM_057797925.1	X
BRAKERILHT00000005132	A	rna-XM_057806799.1	X
BRAKERILHT00000005409	A	rna-XM_057813121.1	A
BRAKERILHT00000004724	A	rna-XM_057797429.1	A
BRAKERILHT00000005867	A	rna-XM_057797427.1	A
BRAKERILHT00000005422	A	rna-XM_057812628.1	A
BRAKERILHT00000005048	A	rna-XM_057807587.1	A
BRAKERILHT00000005192	A	rna-XM_057807603.1	A
BRAKERILHT00000005792	A	rna-XM_057807605.1	A
BRAKERILHT00000005630	A	rna-XM_057798360.1	X
BRAKERILHT00000006199	A	rna-XM_057801233.1	A
BRAKERILHT00000004547	A	rna-XM_057801980.1	A
BRAKERILHT00000005124	A	rna-XM_057800051.1	A
BRAKERILHT00000006346	A	rna-XM_057801963.1	A
BRAKERILHT00000004894	A	rna-XM_057799694.1	A
BRAKERILHT00000005210	A	rna-XM_057816417.1	A
BRAKERILHT00000005793	A	rna-XM_057797208.1	A
BRAKERILHT00000005375	A	rna-XM_057800603.1	A
BRAKERILHT00000005743	A	rna-XM_057801051.1	A
BRAKERILHT00000006301	A	rna-XM_057801082.1	A
BRAKERILHT00000004628	A	rna-XM_057801034.1	A
BRAKERILHT00000005165	A	rna-XM_057801232.1	A
BRAKERILHT00000005566	A	rna-XM_057816936.1	A
BRAKERILHT00000005004	A	rna-XM_057795089.1	A
BRAKERILHT00000006428	A	rna-XM_057805557.1	A
BRAKERILHT00000005109	A	rna-XM_057814965.1	A
BRAKERILHT00000005695	A	rna-XM_057814964.1	A
BRAKERILHT00000005805	A	rna-XM_057814963.1	A
BRAKERILHT00000004659	A	rna-XM_057810644.1	A
BRAKERILHT00000005079	A	rna-XM_057806774.1	A
BRAKERILHT00000005520	A	rna-XM_057810496.1	A
BRAKERILHT00000006359	A	rna-XM_057810499.1	A
BRAKERILHT00000006127	A	rna-XM_057797496.1	A
BRAKERILHT00000005664	A	rna-XM_057814727.1	A
BRAKERILHT00000006101	A	rna-XM_057798016.1	X
BRAKERILHT00000004795	A	rna-XM_057806606.1	A
BRAKERILHT00000004513	A	rna-XM_057806607.1	A
BRAKERILHT00000005356	A	rna-XM_057811754.1	A
BRAKERILHT00000004912	A	rna-XM_057812515.1	A
BRAKERILHT00000006267	A	rna-XM_057814548.1	A
BRAKERILHT00000005808	A	rna-XM_057805424.1	A
BRAKERILHT00000004640	A	rna-XM_057806136.1	A
BRAKERILHT00000006019	A	rna-XM_057806134.1	A
BRAKERILHT00000006182	A	rna-XM_057798055.1	A
BRAKERILHT00000006357	A	rna-XM_057816150.1	A
BRAKERILHT00000004846	A	rna-XM_057816868.1	A
BRAKERILHT00000005754	A	rna-XM_057810359.1	A
BRAKERILHT00000005629	A	rna-XM_057814768.1	A
BRAKERILHT00000006324	A	rna-XM_057806794.1	A
BRAKERILHT00000004591	A	rna-XM_057806769.1	A
BRAKERILHT00000005153	A	rna-XM_057806636.1	A
BRAKERILHT00000004864	A	rna-XM_057809726.1	A
BRAKERILHT00000005322	A	rna-XM_057808361.1	A
BRAKERILHT00000005906	A	rna-XM_057808360.1	A
BRAKERILHT00000005789	A	rna-XM_057795693.1	A
BRAKERILHT00000006106	A	rna-XM_057795694.1	A
BRAKERILHT00000004644	A	rna-XM_057815827.1	A
BRAKERILHT00000005227	A	rna-XM_057816842.1	A
BRAKERILHT00000006209	A	rna-XM_057816498.1	A
BRAKERILHT00000005161	A	rna-XM_057816243.1	A
BRAKERILHT00000004690	A	rna-XM_057815817.1	A
BRAKERILHT00000005091	A	rna-XM_057806365.1	A
BRAKERILHT00000005614	A	rna-XM_057802291.1	A
BRAKERILHT00000005976	A	rna-XM_057810411.1	A
BRAKERILHT00000004524	A	rna-XM_057802857.1	A
BRAKERILHT00000005312	A	rna-XM_057804051.1	A
BRAKERILHT00000006259	A	rna-XM_057814988.1	A
BRAKERILHT00000004782	A	rna-XM_057799925.1	A
BRAKERILHT00000005263	A	rna-XM_057801324.1	A
BRAKERILHT00000004841	A	rna-XM_057801325.1	A
BRAKERILHT00000006213	A	rna-XM_057799749.1	A
BRAKERILHT00000005234	A	rna-XM_057811780.1	A
BRAKERILHT00000005071	A	rna-XM_057810997.1	A
BRAKERILHT00000004627	A	rna-XM_057811006.1	A
BRAKERILHT00000006161	A	rna-XM_057811033.1	A
BRAKERILHT00000005587	A	rna-XM_057799640.1	A
BRAKERILHT00000005760	A	rna-XM_057803155.1	A
BRAKERILHT00000005252	A	rna-XM_057802855.1	A
BRAKERILHT00000006256	A	rna-XM_057795777.1	A
BRAKERILHT00000004657	A	rna-XM_057797488.1	A
BRAKERILHT00000006181	A	rna-XM_057796979.1	A
BRAKERILHT00000004758	A	rna-XM_057797487.1	A
BRAKERILHT00000005054	A	rna-XM_057799453.1	A
BRAKERILHT00000005499	A	rna-XM_057799452.1	A
BRAKERILHT00000004549	A	rna-XM_057812833.1	A
BRAKERILHT00000005996	A	rna-XM_057804861.1	A
BRAKERILHT00000005856	A	rna-XM_057804865.1	A
BRAKERILHT00000005860	A	rna-XM_057804857.1	A
BRAKERILHT00000004975	A	rna-XM_057804866.1	A
BRAKERILHT00000005412	A	rna-XM_057805697.1	A
BRAKERILHT00000004749	A	rna-XM_057807217.1	A
BRAKERILHT00000005953	A	rna-XM_057810373.1	A
BRAKERILHT00000005530	A	rna-XM_057803877.1	A
BRAKERILHT00000006352	A	rna-XM_057802496.1	A
BRAKERILHT00000004487	A	rna-XM_057803878.1	A
BRAKERILHT00000005995	A	rna-XM_057796965.1	A
BRAKERILHT00000005779	A	rna-XM_057802646.1	A
BRAKERILHT00000005648	A	rna-XM_057803445.1	A
BRAKERILHT00000005363	A	rna-XM_057803442.1	A
BRAKERILHT00000005958	A	rna-XM_057816481.1	A
BRAKERILHT00000005912	A	rna-XM_057816478.1	A
BRAKERILHT00000005088	A	rna-XM_057816486.1	A
BRAKERILHT00000004546	A	rna-XM_057814801.1	A
BRAKERILHT00000005233	A	rna-XM_057798242.1	A
BRAKERILHT00000006204	A	rna-XM_057811547.1	A
BRAKERILHT00000006409	A	rna-XM_057801242.1	A
BRAKERILHT00000004502	A	rna-XM_057811685.1	A
BRAKERILHT00000006126	A	rna-XM_057801245.1	A
BRAKERILHT00000005667	A	rna-XM_057801241.1	A
BRAKERILHT00000005198	A	rna-XM_057811370.1	A
BRAKERILHT00000005943	A	rna-XM_057812642.1	A
BRAKERILHT00000004537	A	rna-XM_057812644.1	A
BRAKERILHT00000006420	A	rna-XM_057813185.1	A
BRAKERILHT00000004783	A	rna-XM_057800535.1	A
BRAKERILHT00000005243	A	rna-XM_057795648.1	A
BRAKERILHT00000004834	A	rna-XM_057795893.1	A
BRAKERILHT00000005328	A	rna-XM_057795891.1	A
BRAKERILHT00000005773	A	rna-XM_057801399.1	A
BRAKERILHT00000004676	A	rna-XM_057800840.1	A
BRAKERILHT00000005122	A	rna-XM_057801781.1	A
BRAKERILHT00000006426	A	rna-XM_057802364.1	A
BRAKERILHT00000005772	A	rna-XM_057796971.1	A
BRAKERILHT00000005339	A	rna-XM_057807244.1	A
BRAKERILHT00000005522	A	rna-XM_057796967.1	A
BRAKERILHT00000004714	A	rna-XM_057801661.1	A
BRAKERILHT00000006397	A	rna-XM_057801663.1	A
BRAKERILHT00000004486	A	rna-XM_057801680.1	A
BRAKERILHT00000006214	A	rna-XM_057811684.1	A
BRAKERILHT00000004483	A	rna-XM_057803798.1	A
BRAKERILHT00000006210	A	rna-XM_057807819.1	A
BRAKERILHT00000005594	A	rna-XM_057808709.1	A
BRAKERILHT00000005291	A	rna-XM_057797344.1	A
BRAKERILHT00000005421	A	rna-XM_057808503.1	A
BRAKERILHT00000006279	A	rna-XM_057805258.1	A
BRAKERILHT00000004623	A	rna-XM_057804992.1	A
BRAKERILHT00000004958	A	rna-XM_057813178.1	A
BRAKERILHT00000005490	A	rna-XM_057813173.1	A
BRAKERILHT00000006053	A	rna-XM_057800606.1	A
BRAKERILHT00000005396	A	rna-XM_057813209.1	A
BRAKERILHT00000004820	A	rna-XM_057799639.1	A
BRAKERILHT00000005739	A	rna-XM_057804915.1	A
BRAKERILHT00000005220	A	rna-XM_057813142.1	A
BRAKERILHT00000005244	A	rna-XM_057799824.1	A
BRAKERILHT00000005094	A	rna-XM_057801571.1	A
BRAKERILHT00000005447	A	rna-XM_057801583.1	A
BRAKERILHT00000004895	A	rna-XM_057803923.1	A
BRAKERILHT00000006458	A	rna-XM_057803954.1	A
BRAKERILHT00000005861	A	rna-XM_057811503.1	A
BRAKERILHT00000005304	A	rna-XM_057810039.1	X
BRAKERILHT00000004629	A	rna-XM_057810026.1	X
BRAKERILHT00000005163	A	rna-XM_057798876.1	A
BRAKERILHT00000004607	A	rna-XM_057810071.1	X
BRAKERILHT00000006071	A	rna-XM_057809959.1	X
BRAKERILHT00000006340	A	rna-XM_057810005.1	X
BRAKERILHT00000006141	A	rna-XM_057809993.1	X
BRAKERILHT00000005208	A	rna-XM_057809972.1	X
BRAKERILHT00000004996	A	rna-XM_057811316.1	A
BRAKERILHT00000004572	A	rna-XM_057804061.1	A
BRAKERILHT00000006341	A	rna-XM_057798875.1	A
BRAKERILHT00000005904	A	rna-XM_057797948.1	A
BRAKERILHT00000005348	A	rna-XM_057813229.1	X
BRAKERILHT00000004771	A	rna-XM_057813059.1	A
BRAKERILHT00000006168	A	rna-XM_057813384.1	A
BRAKERILHT00000005616	A	rna-XM_057810401.1	A
BRAKERILHT00000005061	A	rna-XM_057813058.1	A
BRAKERILHT00000004489	A	rna-XM_057809129.1	A
BRAKERILHT00000005251	A	rna-XM_057800835.1	A
BRAKERILHT00000005728	A	rna-XM_057802692.1	A
BRAKERILHT00000005264	A	rna-XM_057800834.1	A
BRAKERILHT00000006128	A	rna-XM_057805116.1	A
BRAKERILHT00000005670	A	rna-XM_057813583.1	A
BRAKERILHT00000006390	A	rna-XM_057808631.1	A
BRAKERILHT00000005935	A	rna-XM_057808634.1	A
BRAKERILHT00000005372	A	rna-XM_057803638.1	A
BRAKERILHT00000004801	A	rna-XM_057803640.1	A
BRAKERILHT00000005066	A	rna-XM_057814404.1	A
BRAKERILHT00000005235	A	rna-XM_057797959.1	A
BRAKERILHT00000005800	A	rna-XM_057797833.1	A
BRAKERILHT00000006110	A	rna-XM_057808678.1	A
BRAKERILHT00000004652	A	rna-XM_057808659.1	A
BRAKERILHT00000005514	A	rna-XM_057808682.1	A
BRAKERILHT00000005942	A	rna-XM_057808683.1	A
BRAKERILHT00000006274	A	rna-XM_057802547.1	A
BRAKERILHT00000004604	A	rna-XM_057812489.1	A
BRAKERILHT00000005147	A	rna-XM_057812505.1	A
BRAKERILHT00000005877	A	rna-XM_057804787.1	A
BRAKERILHT00000005073	A	rna-XM_057800058.1	A
BRAKERILHT00000004620	A	rna-XM_057814926.1	A
BRAKERILHT00000005795	A	rna-XM_057814846.1	A
BRAKERILHT00000006321	A	rna-XM_057814848.1	A
BRAKERILHT00000005720	A	rna-XM_057814845.1	A
BRAKERILHT00000005368	A	rna-XM_057814862.1	A
BRAKERILHT00000006145	A	rna-XM_057805170.1	A
BRAKERILHT00000005510	A	rna-XM_057805030.1	A
BRAKERILHT00000004920	A	rna-XM_057809180.1	A
BRAKERILHT00000006403	A	rna-XM_057809082.1	A
BRAKERILHT00000005888	A	rna-XM_057809083.1	A
BRAKERILHT00000004510	A	rna-XM_057809496.1	A
BRAKERILHT00000005963	A	rna-XM_057804677.1	A
BRAKERILHT00000005665	A	rna-XM_057805891.1	A
BRAKERILHT00000005513	A	rna-XM_057803495.1	A
BRAKERILHT00000006187	A	rna-XM_057804273.1	A
BRAKERILHT00000004580	A	rna-XM_057814406.1	A
BRAKERILHT00000005298	A	rna-XM_057805507.1	A
BRAKERILHT00000006280	A	rna-XM_057813534.1	A
BRAKERILHT00000004700	A	rna-XM_057810189.1	A
BRAKERILHT00000005390	A	rna-XM_057803455.1	A
BRAKERILHT00000006060	A	rna-XM_057803416.1	A
BRAKERILHT00000004490	A	rna-XM_057803417.1	A
BRAKERILHT00000004560	A	rna-XM_057803428.1	A
BRAKERILHT00000005991	A	rna-XM_057805142.1	A
BRAKERILHT00000005923	A	rna-XM_057803818.1	A
BRAKERILHT00000005326	A	rna-XM_057813432.1	A
BRAKERILHT00000006224	A	rna-XM_057814563.1	A
BRAKERILHT00000005232	A	rna-XM_057814564.1	A
BRAKERILHT00000004663	A	rna-XM_057802636.1	A
BRAKERILHT00000006107	A	rna-XM_057802044.1	A
BRAKERILHT00000005549	A	rna-XM_057801686.1	A
BRAKERILHT00000005723	A	rna-XM_057800008.1	X
BRAKERILHT00000005276	A	rna-XM_057814755.1	A
BRAKERILHT00000006088	A	rna-XM_057813019.1	A
BRAKERILHT00000005178	A	rna-XM_057797660.1	A
BRAKERILHT00000004495	A	rna-XM_057798240.1	A
BRAKERILHT00000006083	A	rna-XM_057797558.1	A
BRAKERILHT00000005842	A	rna-XM_057813517.1	A
BRAKERILHT00000005231	A	rna-XM_057805803.1	A
BRAKERILHT00000006389	A	rna-XM_057815546.1	A
BRAKERILHT00000006157	A	rna-XM_057805817.1	A
BRAKERILHT00000006343	A	rna-XM_057804900.1	A
BRAKERILHT00000004774	A	rna-XM_057812442.1	A
BRAKERILHT00000004466	A	rna-XM_057813061.1	A
BRAKERILHT00000005944	A	rna-XM_057816812.1	A
BRAKERILHT00000004897	A	rna-XM_057815383.1	A
BRAKERILHT00000005177	A	rna-XM_057816317.1	A
BRAKERILHT00000004605	A	rna-XM_057816263.1	A
BRAKERILHT00000005108	A	rna-XM_057816314.1	A
BRAKERILHT00000004945	A	rna-XM_057801764.1	A
BRAKERILHT00000004517	A	rna-XM_057802832.1	A
BRAKERILHT00000006351	A	rna-XM_057803715.1	A
BRAKERILHT00000005635	A	rna-XM_057803710.1	A
BRAKERILHT00000004647	A	rna-XM_057803702.1	A
BRAKERILHT00000006164	A	rna-XM_057802296.1	A
BRAKERILHT00000005817	A	rna-XM_057802150.1	A
BRAKERILHT00000004918	A	rna-XM_057801265.1	A
BRAKERILHT00000006302	A	rna-XM_057802149.1	A
BRAKERILHT00000005858	A	rna-XM_057802655.1	A
BRAKERILHT00000005376	A	rna-XM_057812842.1	A
BRAKERILHT00000005852	A	rna-XM_057812215.1	A
BRAKERILHT00000004699	A	rna-XM_057803816.1	A
BRAKERILHT00000004614	A	rna-XM_057812836.1	A
BRAKERILHT00000005823	A	rna-XM_057814800.1	A
BRAKERILHT00000005471	A	rna-XM_057806958.1	A
BRAKERILHT00000006196	A	rna-XM_057806929.1	A
BRAKERILHT00000004825	A	rna-XM_057803641.1	A
BRAKERILHT00000005031	A	rna-XM_057803632.1	A
BRAKERILHT00000005557	A	rna-XM_057807183.1	A
BRAKERILHT00000006413	A	rna-XM_057802236.1	A
BRAKERILHT00000004829	A	rna-XM_057814577.1	A
BRAKERILHT00000005219	A	rna-XM_057798727.1	A
BRAKERILHT00000005675	A	rna-XM_057797917.1	A
BRAKERILHT00000005571	A	rna-XM_057799143.1	A
BRAKERILHT00000005457	A	rna-XM_057814723.1	A
BRAKERILHT00000006024	A	rna-XM_057813614.1	A
BRAKERILHT00000005195	A	rna-XM_057813606.1	A
BRAKERILHT00000005776	A	rna-XM_057813615.1	A
BRAKERILHT00000006149	A	rna-XM_057802057.1	A
BRAKERILHT00000004677	A	rna-XM_057815107.1	A
BRAKERILHT00000005588	A	rna-XM_057815621.1	A
BRAKERILHT00000006148	A	rna-XM_057799730.1	A
BRAKERILHT00000004661	A	rna-XM_057796615.1	A
BRAKERILHT00000006020	A	rna-XM_057801220.1	A
BRAKERILHT00000004523	A	rna-XM_057801213.1	A
BRAKERILHT00000005884	A	rna-XM_057796355.1	A
BRAKERILHT00000006298	A	rna-XM_057807181.1	A
BRAKERILHT00000004871	A	rna-XM_057798566.1	A
BRAKERILHT00000005022	A	rna-XM_057816098.1	A
BRAKERILHT00000006300	A	rna-XM_057811617.1	A
BRAKERILHT00000004707	A	rna-XM_057797331.1	A
BRAKERILHT00000006396	A	rna-XM_057800319.1	A
BRAKERILHT00000005982	A	rna-XM_057814757.1	A
BRAKERILHT00000005381	A	rna-XM_057812121.1	A
BRAKERILHT00000005755	A	rna-XM_057812115.1	A
BRAKERILHT00000005187	A	rna-XM_057812082.1	A
BRAKERILHT00000006392	A	rna-XM_057814759.1	A
BRAKERILHT00000006354	A	rna-XM_057814934.1	A
BRAKERILHT00000006407	A	rna-XM_057801049.1	A
BRAKERILHT00000005641	A	rna-XM_057800272.1	A
BRAKERILHT00000004961	A	rna-XM_057795477.1	A
BRAKERILHT00000004762	A	rna-XM_057807046.1	A
BRAKERILHT00000005763	A	rna-XM_057808153.1	A
BRAKERILHT00000005512	A	rna-XM_057796931.1	A
BRAKERILHT00000006327	A	rna-XM_057801015.1	A
BRAKERILHT00000005868	A	rna-XM_057802318.1	A
BRAKERILHT00000005585	A	rna-XM_057800851.1	A
BRAKERILHT00000005171	A	rna-XM_057800915.1	A
BRAKERILHT00000005607	A	rna-XM_057800231.1	A
BRAKERILHT00000006188	A	rna-XM_057799897.1	A
BRAKERILHT00000004608	A	rna-XM_057795953.1	A
BRAKERILHT00000005269	A	rna-XM_057795954.1	A
BRAKERILHT00000005713	A	rna-XM_057807626.1	X
BRAKERILHT00000004935	A	rna-XM_057795555.1	A
BRAKERILHT00000006478	A	rna-XM_057795557.1	A
BRAKERILHT00000006034	A	rna-XM_057795803.1	A
BRAKERILHT00000006308	A	rna-XM_057814556.1	A
BRAKERILHT00000004730	A	rna-XM_057806790.1	A
BRAKERILHT00000005886	A	rna-XM_057806786.1	A
BRAKERILHT00000006319	A	rna-XM_057805383.1	A
BRAKERILHT00000004464	A	rna-XM_057805370.1	A
BRAKERILHT00000005159	A	rna-XM_057799122.1	A
BRAKERILHT00000006292	A	rna-XM_057812166.1	X
BRAKERILHT00000004717	A	rna-XM_057798557.1	A
BRAKERILHT00000005017	A	rna-XM_057798215.1	X
BRAKERILHT00000005460	A	rna-XM_057800490.1	X
BRAKERILHT00000005752	A	rna-XM_057801147.1	A
BRAKERILHT00000005533	A	rna-XM_057815218.1	Y
BRAKERILHT00000004953	A	rna-XM_057801093.1	A
BRAKERILHT00000004974	A	rna-XM_057799865.1	A
BRAKERILHT00000005144	A	rna-XM_057799291.1	A
BRAKERILHT00000004667	A	rna-XM_057805058.1	A
BRAKERILHT00000005999	A	rna-XM_057806513.1	A
BRAKERILHT00000004944	A	rna-XM_057799116.1	A
BRAKERILHT00000004753	A	rna-XM_057797938.1	A
BRAKERILHT00000006025	A	rna-XM_057797554.1	A
BRAKERILHT00000005169	A	rna-XM_057797795.1	A
BRAKERILHT00000004590	A	rna-XM_057812063.1	A
BRAKERILHT00000005320	A	rna-XM_057802605.1	A
BRAKERILHT00000004863	A	rna-XM_057812057.1	A
BRAKERILHT00000005738	A	rna-XM_057811763.1	A
BRAKERILHT00000005295	A	rna-XM_057799541.1	A
BRAKERILHT00000005574	A	rna-XM_057800631.1	A
BRAKERILHT00000005151	A	rna-XM_057800632.1	A
BRAKERILHT00000005249	A	rna-XM_057802319.1	A
BRAKERILHT00000006459	A	rna-XM_057803103.1	A
BRAKERILHT00000004736	A	rna-XM_057802460.1	A
BRAKERILHT00000005303	A	rna-XM_057797796.1	A
BRAKERILHT00000005580	A	rna-XM_057802098.1	A
BRAKERILHT00000005869	A	rna-XM_057802666.1	A
BRAKERILHT00000005862	A	rna-XM_057802491.1	A
BRAKERILHT00000005237	A	rna-XM_057796934.1	A
BRAKERILHT00000005717	A	rna-XM_057795901.1	A
BRAKERILHT00000006287	A	rna-XM_057801359.1	A
BRAKERILHT00000005117	A	rna-XM_057797894.1	A
BRAKERILHT00000005692	A	rna-XM_057795899.1	A
BRAKERILHT00000006387	A	rna-XM_057809191.1	A
BRAKERILHT00000004685	A	rna-XM_057811419.1	A
BRAKERILHT00000006011	A	rna-XM_057796488.1	X
BRAKERILHT00000005273	A	rna-XM_057806516.1	A
BRAKERILHT00000005229	A	rna-XM_057794977.1	A
BRAKERILHT00000005440	A	rna-XM_057799485.1	A
BRAKERILHT00000006270	A	rna-XM_057803838.1	A
BRAKERILHT00000004615	A	rna-XM_057810362.1	A
BRAKERILHT00000005035	A	rna-XM_057805948.1	X
BRAKERILHT00000004471	A	rna-XM_057812795.1	A
BRAKERILHT00000005878	A	rna-XM_057801380.1	A
BRAKERILHT00000005726	A	rna-XM_057812791.1	A
BRAKERILHT00000005442	A	rna-XM_057812789.1	A
BRAKERILHT00000004687	A	rna-XM_057802935.1	A
BRAKERILHT00000004883	A	rna-XM_057802927.1	A
BRAKERILHT00000004673	A	rna-XM_057813563.1	A
BRAKERILHT00000006014	A	rna-XM_057812540.1	A
BRAKERILHT00000004666	A	rna-XM_057813486.1	A
BRAKERILHT00000005625	A	rna-XM_057816696.1	A
BRAKERILHT00000004475	A	rna-XM_057800721.1	A
BRAKERILHT00000005398	A	rna-XM_057800718.1	A
BRAKERILHT00000005426	A	rna-XM_057800719.1	A
BRAKERILHT00000005893	A	rna-XM_057800716.1	A
BRAKERILHT00000004723	A	rna-XM_057800172.1	A
BRAKERILHT00000006481	A	rna-XM_057800259.1	A
BRAKERILHT00000005201	A	rna-XM_057800260.1	A
BRAKERILHT00000005086	A	rna-XM_057800273.1	A
BRAKERILHT00000004569	A	rna-XM_057800275.1	A
BRAKERILHT00000006016	A	rna-XM_057800312.1	A
BRAKERILHT00000005333	A	rna-XM_057800289.1	A
BRAKERILHT00000004763	A	rna-XM_057797470.1	A
BRAKERILHT00000006129	A	rna-XM_057799794.1	A
BRAKERILHT00000005468	A	rna-XM_057802589.1	A
BRAKERILHT00000004482	A	rna-XM_057802587.1	A
BRAKERILHT00000006073	A	rna-XM_057815819.1	A
BRAKERILHT00000005655	A	rna-XM_057812214.1	A
BRAKERILHT00000005168	A	rna-XM_057816811.1	A
BRAKERILHT00000006276	A	rna-XM_057815171.1	A
BRAKERILHT00000005847	A	rna-XM_057804827.1	A
BRAKERILHT00000004979	A	rna-XM_057800271.1	A
BRAKERILHT00000005175	A	rna-XM_057800270.1	A
BRAKERILHT00000006260	A	rna-XM_057816294.1	A
BRAKERILHT00000004835	A	rna-XM_057816645.1	A
BRAKERILHT00000005393	A	rna-XM_057816298.1	A
BRAKERILHT00000005783	A	rna-XM_057814968.1	A
BRAKERILHT00000005474	A	rna-XM_057811129.1	A
BRAKERILHT00000005247	A	rna-XM_057811172.1	A
BRAKERILHT00000006238	A	rna-XM_057814191.1	A
BRAKERILHT00000005750	A	rna-XM_057811150.1	A
BRAKERILHT00000006135	A	rna-XM_057806845.1	A
BRAKERILHT00000005517	A	rna-XM_057809461.1	A
BRAKERILHT00000005082	A	rna-XM_057806847.1	A
BRAKERILHT00000006055	A	rna-XM_057809452.1	A
BRAKERILHT00000005511	A	rna-XM_057807187.1	A
BRAKERILHT00000004727	A	rna-XM_057811456.1	A
BRAKERILHT00000006222	A	rna-XM_057809105.1	A
BRAKERILHT00000005920	A	rna-XM_057802959.1	A
BRAKERILHT00000005065	A	rna-XM_057802957.1	A
BRAKERILHT00000004511	A	rna-XM_057800377.1	A
BRAKERILHT00000006384	A	rna-XM_057813536.1	A
BRAKERILHT00000005568	A	rna-XM_057802961.1	A
BRAKERILHT00000005021	A	rna-XM_057806924.1	A
BRAKERILHT00000004668	A	rna-XM_057806195.1	A
BRAKERILHT00000006015	A	rna-XM_057802103.1	A
BRAKERILHT00000005578	A	rna-XM_057802893.1	A
BRAKERILHT00000005016	A	rna-XM_057814758.1	A
BRAKERILHT00000004479	A	rna-XM_057798005.1	A
BRAKERILHT00000004636	A	rna-XM_057813774.1	A
BRAKERILHT00000006093	A	rna-XM_057813339.1	A
BRAKERILHT00000005554	A	rna-XM_057810935.1	X
BRAKERILHT00000004941	A	rna-XM_057814072.1	A
BRAKERILHT00000004784	A	rna-XM_057814068.1	A
BRAKERILHT00000005921	A	rna-XM_057814081.1	A
BRAKERILHT00000006372	A	rna-XM_057813392.1	A
BRAKERILHT00000004555	A	rna-XM_057813314.1	A
BRAKERILHT00000004995	A	rna-XM_057816474.1	A
BRAKERILHT00000005370	A	rna-XM_057813940.1	A
BRAKERILHT00000006288	A	rna-XM_057810885.1	A
BRAKERILHT00000004708	A	rna-XM_057808376.1	A
BRAKERILHT00000005786	A	rna-XM_057807810.1	A
BRAKERILHT00000004889	A	rna-XM_057804999.1	A
BRAKERILHT00000005924	A	rna-XM_057796378.1	A
BRAKERILHT00000005047	A	rna-XM_057796364.1	A
BRAKERILHT00000004516	A	rna-XM_057796367.1	A
BRAKERILHT00000005561	A	rna-XM_057804063.1	A
BRAKERILHT00000006018	A	rna-XM_057816454.1	X
BRAKERILHT00000004456	A	rna-XM_057800107.1	A
BRAKERILHT00000005360	A	rna-XM_057805415.1	A
BRAKERILHT00000005087	A	rna-XM_057814018.1	A
BRAKERILHT00000005332	A	rna-XM_057801134.1	A
BRAKERILHT00000006026	A	rna-XM_057801068.1	A
BRAKERILHT00000005811	A	rna-XM_057813943.1	A
BRAKERILHT00000005152	A	rna-XM_057800269.1	A
BRAKERILHT00000005444	A	rna-XM_057800262.1	A
BRAKERILHT00000005980	A	rna-XM_057802580.1	A
BRAKERILHT00000006121	A	rna-XM_057796494.1	A
BRAKERILHT00000005938	A	rna-XM_057796172.1	A
BRAKERILHT00000005300	A	rna-XM_057796616.1	A
BRAKERILHT00000006467	A	rna-XM_057795663.1	A
BRAKERILHT00000004848	A	rna-XM_057800194.1	A
BRAKERILHT00000005033	A	rna-XM_057794856.1	A
BRAKERILHT00000005467	A	rna-XM_057796377.1	A
BRAKERILHT00000006152	A	rna-XM_057806844.1	A
BRAKERILHT00000004581	A	rna-XM_057816743.1	A
BRAKERILHT00000005529	A	rna-XM_057810833.1	X
BRAKERILHT00000004459	A	rna-XM_057796465.1	A
BRAKERILHT00000005014	A	rna-XM_057796183.1	A
BRAKERILHT00000006208	A	rna-XM_057804244.1	A
BRAKERILHT00000005866	A	rna-XM_057809690.1	A
BRAKERILHT00000006461	A	rna-XM_057809435.1	A
BRAKERILHT00000005307	A	rna-XM_057809940.1	A
BRAKERILHT00000005410	A	rna-XM_057799579.1	A
BRAKERILHT00000006038	A	rna-XM_057811856.1	X
BRAKERILHT00000006318	A	rna-XM_057807245.1	A
BRAKERILHT00000005282	A	rna-XM_057807616.1	A
BRAKERILHT00000004746	A	rna-XM_057807611.1	A
BRAKERILHT00000006447	A	rna-XM_057809170.1	A
BRAKERILHT00000005892	A	rna-XM_057809203.1	A
BRAKERILHT00000004473	A	rna-XM_057801763.1	A
BRAKERILHT00000005498	A	rna-XM_057801762.1	A
BRAKERILHT00000006334	A	rna-XM_057802372.1	A
BRAKERILHT00000005536	A	rna-XM_057813950.1	A
BRAKERILHT00000006021	A	rna-XM_057798587.1	A
BRAKERILHT00000004940	A	rna-XM_057804423.1	A
BRAKERILHT00000005801	A	rna-XM_057814583.1	X
BRAKERILHT00000005084	A	rna-XM_057813321.1	X
BRAKERILHT00000004648	A	rna-XM_057802643.1	A
BRAKERILHT00000006008	A	rna-XM_057814621.1	X
BRAKERILHT00000005327	A	rna-XM_057813115.1	A
BRAKERILHT00000005254	A	rna-XM_057812994.1	A
BRAKERILHT00000005810	A	rna-XM_057798928.1	A
BRAKERILHT00000005180	A	rna-XM_057809746.1	A
BRAKERILHT00000005546	A	rna-XM_057809719.1	A
BRAKERILHT00000005202	A	rna-XM_057809714.1	A
BRAKERILHT00000005780	A	rna-XM_057809712.1	A
BRAKERILHT00000005696	A	rna-XM_057806899.1	A
BRAKERILHT00000005118	A	rna-XM_057806908.1	A
BRAKERILHT00000005990	A	rna-XM_057811533.1	A
BRAKERILHT00000005970	A	rna-XM_057811219.1	A
BRAKERILHT00000005544	A	rna-XM_057802794.1	A
BRAKERILHT00000005205	A	rna-XM_057798890.1	A
BRAKERILHT00000004805	A	rna-XM_057810056.1	A
BRAKERILHT00000005564	A	rna-XM_057804555.1	X
BRAKERILHT00000005764	A	rna-XM_057813857.1	A
BRAKERILHT00000006098	A	rna-XM_057813855.1	A
BRAKERILHT00000004535	A	rna-XM_057811777.1	A
BRAKERILHT00000005030	A	rna-XM_057798244.1	A
BRAKERILHT00000005482	A	rna-XM_057803448.1	A
BRAKERILHT00000004716	A	rna-XM_057806474.1	A
BRAKERILHT00000005285	A	rna-XM_057815748.1	A
BRAKERILHT00000004779	A	rna-XM_057805654.1	X
BRAKERILHT00000005281	A	rna-XM_057802110.1	A
BRAKERILHT00000006120	A	rna-XM_057812171.1	A
BRAKERILHT00000005258	A	rna-XM_057812464.1	A
BRAKERILHT00000004488	A	rna-XM_057810923.1	A
BRAKERILHT00000005849	A	rna-XM_057800728.1	A
BRAKERILHT00000005748	A	rna-XM_057811326.1	A
BRAKERILHT00000005434	A	rna-XM_057811303.1	A
BRAKERILHT00000006313	A	rna-XM_057806944.1	A
BRAKERILHT00000005455	A	rna-XM_057809360.1	X
BRAKERILHT00000005143	A	rna-XM_057813986.1	A
BRAKERILHT00000005429	A	rna-XM_057813983.1	A
BRAKERILHT00000004870	A	rna-XM_057812470.1	A
BRAKERILHT00000005855	A	rna-XM_057809183.1	A
BRAKERILHT00000004491	A	rna-XM_057809174.1	A
BRAKERILHT00000005628	A	rna-XM_057796935.1	X
BRAKERILHT00000004695	A	rna-XM_057814843.1	A
BRAKERILHT00000004844	A	rna-XM_057814822.1	A
BRAKERILHT00000006102	A	rna-XM_057812162.1	A
BRAKERILHT00000004982	A	rna-XM_057811017.1	A
BRAKERILHT00000005887	A	rna-XM_057797502.1	A
BRAKERILHT00000006360	A	rna-XM_057811034.1	A
BRAKERILHT00000004756	A	rna-XM_057811009.1	A
BRAKERILHT00000005211	A	rna-XM_057811050.1	A
BRAKERILHT00000006402	A	rna-XM_057805890.1	A
BRAKERILHT00000005224	A	rna-XM_057811013.1	A
BRAKERILHT00000004697	A	rna-XM_057811032.1	A
BRAKERILHT00000005125	A	rna-XM_057799928.1	A
BRAKERILHT00000004521	A	rna-XM_057801323.1	A
BRAKERILHT00000006183	A	rna-XM_057797228.1	A
BRAKERILHT00000005543	A	rna-XM_057798021.1	A
BRAKERILHT00000005666	A	rna-XM_057800633.1	A
BRAKERILHT00000004951	A	rna-XM_057809227.1	A
BRAKERILHT00000004552	A	rna-XM_057800662.1	A
BRAKERILHT00000005874	A	rna-XM_057814891.1	A
BRAKERILHT00000005707	A	rna-XM_057796177.1	A
BRAKERILHT00000006355	A	rna-XM_057799845.1	A
BRAKERILHT00000006379	A	rna-XM_057811053.1	A
BRAKERILHT00000005534	A	rna-XM_057811064.1	A
BRAKERILHT00000005216	A	rna-XM_057811061.1	A
BRAKERILHT00000004879	A	rna-XM_057798054.1	A
BRAKERILHT00000006217	A	rna-XM_057811059.1	A
BRAKERILHT00000005926	A	rna-XM_057811029.1	A
BRAKERILHT00000005681	A	rna-XM_057806821.1	A
BRAKERILHT00000005103	A	rna-XM_057807319.1	A
BRAKERILHT00000004575	A	rna-XM_057795091.1	A
BRAKERILHT00000005366	A	rna-XM_057801872.1	A
BRAKERILHT00000005889	A	rna-XM_057801928.1	A
BRAKERILHT00000005994	A	rna-XM_057795960.1	A
BRAKERILHT00000004662	A	rna-XM_057809266.1	X
BRAKERILHT00000005105	A	rna-XM_057796593.1	A
BRAKERILHT00000004725	A	rna-XM_057796590.1	A
BRAKERILHT00000006109	A	rna-XM_057796586.1	A
BRAKERILHT00000004658	A	rna-XM_057796338.1	A
BRAKERILHT00000006410	A	rna-XM_057796349.1	A
BRAKERILHT00000005226	A	rna-XM_057798207.1	A
BRAKERILHT00000005813	A	rna-XM_057809885.1	A
BRAKERILHT00000004781	A	rna-XM_057809888.1	A
BRAKERILHT00000005623	A	rna-XM_057812763.1	A
BRAKERILHT00000004645	A	rna-XM_057801115.1	X
BRAKERILHT00000004946	A	rna-XM_057801890.1	A
BRAKERILHT00000005525	A	rna-XM_057796257.1	A
BRAKERILHT00000006364	A	rna-XM_057813982.1	A
BRAKERILHT00000006438	A	rna-XM_057812488.1	A
BRAKERILHT00000004917	A	rna-XM_057801244.1	X
BRAKERILHT00000004922	A	rna-XM_057808209.1	A
BRAKERILHT00000006089	A	rna-XM_057796011.1	A
BRAKERILHT00000005075	A	rna-XM_057798972.1	A
BRAKERILHT00000004802	A	rna-XM_057798200.1	A
BRAKERILHT00000005102	A	rna-XM_057809918.1	A
BRAKERILHT00000005603	A	rna-XM_057809921.1	A
BRAKERILHT00000006170	A	rna-XM_057809930.1	A
BRAKERILHT00000006043	A	rna-XM_057809923.1	A
BRAKERILHT00000005319	A	rna-XM_057809926.1	A
BRAKERILHT00000005903	A	rna-XM_057809927.1	A
BRAKERILHT00000006271	A	rna-XM_057809251.1	A
BRAKERILHT00000006108	A	rna-XM_057809160.1	A
BRAKERILHT00000005148	A	rna-XM_057797431.1	A
BRAKERILHT00000004990	A	rna-XM_057798344.1	A
BRAKERILHT00000004553	A	rna-XM_057796950.1	A
BRAKERILHT00000004839	A	rna-XM_057795695.1	A
BRAKERILHT00000006395	A	rna-XM_057796964.1	A
BRAKERILHT00000005383	A	rna-XM_057812301.1	A
BRAKERILHT00000005661	A	rna-XM_057800541.1	A
BRAKERILHT00000005078	A	rna-XM_057805244.1	A
BRAKERILHT00000004619	A	rna-XM_057811788.1	A
BRAKERILHT00000005292	A	rna-XM_057805274.1	A
BRAKERILHT00000004956	A	rna-XM_057804899.1	A
BRAKERILHT00000006434	A	rna-XM_057802075.1	A
BRAKERILHT00000004538	A	rna-XM_057804591.1	A
BRAKERILHT00000006394	A	rna-XM_057815786.1	X
BRAKERILHT00000005069	A	rna-XM_057799224.1	A
BRAKERILHT00000005643	A	rna-XM_057799229.1	A
BRAKERILHT00000005977	A	rna-XM_057807236.1	A
BRAKERILHT00000005657	A	rna-XM_057808273.1	A
BRAKERILHT00000004960	A	rna-XM_057800538.1	A
BRAKERILHT00000005838	A	rna-XM_057799981.1	A
BRAKERILHT00000005274	A	rna-XM_057800417.1	A
BRAKERILHT00000005608	A	rna-XM_057801615.1	X
BRAKERILHT00000005113	A	rna-XM_057800337.1	A
BRAKERILHT00000005961	A	rna-XM_057806768.1	A
BRAKERILHT00000004654	A	rna-XM_057800668.1	A
BRAKERILHT00000006184	A	rna-XM_057813713.1	A
BRAKERILHT00000005495	A	rna-XM_057804880.1	A
BRAKERILHT00000005051	A	rna-XM_057812894.1	X
BRAKERILHT00000005265	A	rna-XM_057804561.1	X
BRAKERILHT00000005839	A	rna-XM_057816042.1	A
BRAKERILHT00000005844	A	rna-XM_057814888.1	A
BRAKERILHT00000006185	A	rna-XM_057806903.1	A
BRAKERILHT00000004504	A	rna-XM_057813315.1	A
BRAKERILHT00000004719	A	rna-XM_057804882.1	A
BRAKERILHT00000006430	A	rna-XM_057804875.1	A
BRAKERILHT00000005881	A	rna-XM_057812976.1	A
BRAKERILHT00000005446	A	rna-XM_057811073.1	A
BRAKERILHT00000005012	A	rna-XM_057811069.1	A
BRAKERILHT00000005671	A	rna-XM_057811067.1	A
BRAKERILHT00000004957	A	rna-XM_057799913.1	A
BRAKERILHT00000004818	A	rna-XM_057800208.1	A
BRAKERILHT00000006118	A	rna-XM_057809703.1	A
BRAKERILHT00000004550	A	rna-XM_057809057.1	A
BRAKERILHT00000005601	A	rna-XM_057799281.1	A
BRAKERILHT00000005436	A	rna-XM_057801353.1	A
BRAKERILHT00000005099	A	rna-XM_057799284.1	A
BRAKERILHT00000005742	A	rna-XM_057810655.1	A
BRAKERILHT00000005015	A	rna-XM_057797095.1	A
BRAKERILHT00000004916	A	rna-XM_057806475.1	A
BRAKERILHT00000006439	A	rna-XM_057806750.1	A
BRAKERILHT00000004732	A	rna-XM_057806753.1	A
BRAKERILHT00000006134	A	rna-XM_057806754.1	A
BRAKERILHT00000005633	A	rna-XM_057813555.1	A
BRAKERILHT00000005830	A	rna-XM_057800890.1	A
BRAKERILHT00000004594	A	rna-XM_057801154.1	A
BRAKERILHT00000006197	A	rna-XM_057806546.1	A
BRAKERILHT00000005487	A	rna-XM_057799238.1	A
BRAKERILHT00000005052	A	rna-XM_057799048.1	A
BRAKERILHT00000005179	A	rna-XM_057805749.1	A
BRAKERILHT00000005127	A	rna-XM_057809642.1	A
BRAKERILHT00000005547	A	rna-XM_057809641.1	A
BRAKERILHT00000005716	A	rna-XM_057799323.1	A
BRAKERILHT00000004775	A	rna-XM_057799324.1	A
BRAKERILHT00000005214	A	rna-XM_057804181.1	A
BRAKERILHT00000006345	A	rna-XM_057809193.1	A
BRAKERILHT00000005280	A	rna-XM_057809691.1	A
BRAKERILHT00000005719	A	rna-XM_057809694.1	A
BRAKERILHT00000006377	A	rna-XM_057809695.1	A
BRAKERILHT00000005238	A	rna-XM_057809696.1	A
BRAKERILHT00000005541	A	rna-XM_057808995.1	A
BRAKERILHT00000005415	A	rna-XM_057796987.1	A
BRAKERILHT00000005277	A	rna-XM_057798167.1	A
BRAKERILHT00000006119	A	rna-XM_057814287.1	A
BRAKERILHT00000006232	A	rna-XM_057799725.1	A
BRAKERILHT00000005791	A	rna-XM_057803121.1	A
BRAKERILHT00000005310	A	rna-XM_057798170.1	A
BRAKERILHT00000004887	A	rna-XM_057809199.1	A
BRAKERILHT00000005104	A	rna-XM_057809204.1	A
BRAKERILHT00000004710	A	rna-XM_057809195.1	A
BRAKERILHT00000005770	A	rna-XM_057805262.1	A
BRAKERILHT00000005988	A	rna-XM_057804065.1	A
BRAKERILHT00000004653	A	rna-XM_057804718.1	A
BRAKERILHT00000004670	A	rna-XM_057804164.1	A
BRAKERILHT00000006171	A	rna-XM_057804083.1	A
BRAKERILHT00000005605	A	rna-XM_057811077.1	A
BRAKERILHT00000005349	A	rna-XM_057801621.1	A
BRAKERILHT00000004804	A	rna-XM_057795833.1	A
BRAKERILHT00000005959	A	rna-XM_057804826.1	A
BRAKERILHT00000005441	A	rna-XM_057800205.1	A
BRAKERILHT00000005121	A	rna-XM_057804838.1	A
BRAKERILHT00000004563	A	rna-XM_057804820.1	A
BRAKERILHT00000005909	A	rna-XM_057800266.1	A
BRAKERILHT00000006338	A	rna-XM_057796292.1	A
BRAKERILHT00000004574	A	rna-XM_057795099.1	A
BRAKERILHT00000004999	A	rna-XM_057795103.1	A
BRAKERILHT00000005687	A	rna-XM_057795098.1	A
BRAKERILHT00000004768	A	rna-XM_057815527.1	A
BRAKERILHT00000005293	A	rna-XM_057815693.1	A
BRAKERILHT00000006240	A	rna-XM_057815526.1	A
BRAKERILHT00000004680	A	rna-XM_057816318.1	A
BRAKERILHT00000006248	A	rna-XM_057803760.1	X
BRAKERILHT00000005519	A	rna-XM_057813876.1	A
BRAKERILHT00000005126	A	rna-XM_057797484.1	A
BRAKERILHT00000005785	A	rna-XM_057809594.1	A
BRAKERILHT00000006268	A	rna-XM_057809602.1	A
BRAKERILHT00000004664	A	rna-XM_057809597.1	A
BRAKERILHT00000005848	A	rna-XM_057809043.1	A
BRAKERILHT00000005389	A	rna-XM_057809936.1	A
BRAKERILHT00000004772	A	rna-XM_057802882.1	A
BRAKERILHT00000006094	A	rna-XM_057802885.1	A
BRAKERILHT00000005688	A	rna-XM_057806334.1	A
BRAKERILHT00000005003	A	rna-XM_057806321.1	A
BRAKERILHT00000006406	A	rna-XM_057805486.1	A
BRAKERILHT00000005222	A	rna-XM_057805761.1	A
BRAKERILHT00000005279	A	rna-XM_057805537.1	A
BRAKERILHT00000005987	A	rna-XM_057813285.1	X
BRAKERILHT00000005397	A	rna-XM_057802102.1	A
BRAKERILHT00000005989	A	rna-XM_057802484.1	A
BRAKERILHT00000005569	A	rna-XM_057811076.1	A
BRAKERILHT00000006012	A	rna-XM_057808901.1	A
BRAKERILHT00000004588	A	rna-XM_057807167.1	A
BRAKERILHT00000004947	A	rna-XM_057807174.1	A
BRAKERILHT00000004519	A	rna-XM_057807006.1	A
BRAKERILHT00000005509	A	rna-XM_057807175.1	A
BRAKERILHT00000004799	A	rna-XM_057807176.1	A
BRAKERILHT00000006399	A	rna-XM_057807179.1	A
BRAKERILHT00000005930	A	rna-XM_057807058.1	A
BRAKERILHT00000005952	A	rna-XM_057810654.1	A
BRAKERILHT00000005364	A	rna-XM_057810448.1	A
BRAKERILHT00000004631	A	rna-XM_057810449.1	A
BRAKERILHT00000005960	A	rna-XM_057809805.1	A
BRAKERILHT00000005089	A	rna-XM_057802924.1	A
BRAKERILHT00000006368	A	rna-XM_057798186.1	A
BRAKERILHT00000004983	A	rna-XM_057809501.1	A
BRAKERILHT00000004927	A	rna-XM_057809503.1	A
BRAKERILHT00000004639	A	rna-XM_057798083.1	A
BRAKERILHT00000006095	A	rna-XM_057809162.1	A
BRAKERILHT00000005775	A	rna-XM_057809163.1	A
BRAKERILHT00000005196	A	rna-XM_057809643.1	A
BRAKERILHT00000006422	A	rna-XM_057807201.1	A
BRAKERILHT00000006062	A	rna-XM_057807203.1	A
BRAKERILHT00000005483	A	rna-XM_057807204.1	A
BRAKERILHT00000006251	A	rna-XM_057802097.1	A
BRAKERILHT00000005680	A	rna-XM_057801936.1	A
BRAKERILHT00000005345	A	rna-XM_057802370.1	A
BRAKERILHT00000004908	A	rna-XM_057802584.1	A
BRAKERILHT00000005979	A	rna-XM_057798327.1	A
BRAKERILHT00000005815	A	rna-XM_057799220.1	A
BRAKERILHT00000004911	A	rna-XM_057807205.1	A
BRAKERILHT00000005975	A	rna-XM_057799218.1	A
BRAKERILHT00000004907	A	rna-XM_057804289.1	A
BRAKERILHT00000005807	A	rna-XM_057804717.1	A
BRAKERILHT00000005528	A	rna-XM_057804297.1	A
BRAKERILHT00000005067	A	rna-XM_057807192.1	A
BRAKERILHT00000004556	A	rna-XM_057806822.1	A
BRAKERILHT00000004570	A	rna-XM_057807062.1	A
BRAKERILHT00000006143	A	rna-XM_057806853.1	A
BRAKERILHT00000005579	A	rna-XM_057807953.1	A
BRAKERILHT00000004542	A	rna-XM_057798578.1	A
BRAKERILHT00000006381	A	rna-XM_057798577.1	A
BRAKERILHT00000004534	A	rna-XM_057798182.1	A
BRAKERILHT00000004737	A	rna-XM_057800604.1	A
BRAKERILHT00000005865	A	rna-XM_057802886.1	A
BRAKERILHT00000006466	A	rna-XM_057802877.1	A
BRAKERILHT00000006045	A	rna-XM_057802900.1	A
BRAKERILHT00000006305	A	rna-XM_057802905.1	A
BRAKERILHT00000005141	A	rna-XM_057805941.1	A
BRAKERILHT00000005445	A	rna-XM_057806583.1	A
BRAKERILHT00000006057	A	rna-XM_057806572.1	A
BRAKERILHT00000006225	A	rna-XM_057810755.1	A
BRAKERILHT00000005146	A	rna-XM_057799983.1	A
BRAKERILHT00000004682	A	rna-XM_057799990.1	A
BRAKERILHT00000005744	A	rna-XM_057800689.1	A
BRAKERILHT00000005260	A	rna-XM_057796272.1	A
BRAKERILHT00000006436	A	rna-XM_057805688.1	A
BRAKERILHT00000004621	A	rna-XM_057814546.1	A
BRAKERILHT00000005255	A	rna-XM_057802583.1	A
BRAKERILHT00000005822	A	rna-XM_057814555.1	A
BRAKERILHT00000006431	A	rna-XM_057816339.1	A
BRAKERILHT00000004830	A	rna-XM_057800395.1	A
BRAKERILHT00000006331	A	rna-XM_057796112.1	A
BRAKERILHT00000004868	A	rna-XM_057795731.1	A
BRAKERILHT00000005400	A	rna-XM_057795729.1	A
BRAKERILHT00000006004	A	rna-XM_057795737.1	A
BRAKERILHT00000005606	A	rna-XM_057796284.1	A
BRAKERILHT00000006124	A	rna-XM_057801406.1	A
BRAKERILHT00000004476	A	rna-XM_057804864.1	X
BRAKERILHT00000005301	A	rna-XM_057800335.1	A
BRAKERILHT00000005634	A	rna-XM_057806145.1	A
BRAKERILHT00000004743	A	rna-XM_057800333.1	A
BRAKERILHT00000005032	A	rna-XM_057815049.1	A
BRAKERILHT00000005592	A	rna-XM_057813558.1	A
BRAKERILHT00000005427	A	rna-XM_057806323.1	A
BRAKERILHT00000005757	A	rna-XM_057804957.1	A
BRAKERILHT00000005140	A	rna-XM_057804958.1	A
BRAKERILHT00000006049	A	rna-XM_057816111.1	A
BRAKERILHT00000005936	A	rna-XM_057810976.1	A
BRAKERILHT00000006393	A	rna-XM_057795305.1	A
BRAKERILHT00000005491	A	rna-XM_057816411.1	A
BRAKERILHT00000006056	A	rna-XM_057816412.1	A
BRAKERILHT00000004840	A	rna-XM_057795240.1	A
BRAKERILHT00000005185	A	rna-XM_057803345.1	A
BRAKERILHT00000004826	A	rna-XM_057803344.1	A
BRAKERILHT00000005139	A	rna-XM_057815954.1	A
BRAKERILHT00000005662	A	rna-XM_057815615.1	A
BRAKERILHT00000005323	A	rna-XM_057815789.1	A
BRAKERILHT00000004760	A	rna-XM_057816493.1	A
BRAKERILHT00000004722	A	rna-XM_057815788.1	A
BRAKERILHT00000005317	A	rna-XM_057815595.1	A
BRAKERILHT00000004925	A	rna-XM_057815565.1	A
BRAKERILHT00000006295	A	rna-XM_057815559.1	A
BRAKERILHT00000005369	A	rna-XM_057814058.1	A
BRAKERILHT00000004814	A	rna-XM_057811804.1	A
BRAKERILHT00000005882	A	rna-XM_057813471.1	A
BRAKERILHT00000005329	A	rna-XM_057804458.1	A
BRAKERILHT00000006046	A	rna-XM_057803943.1	A
BRAKERILHT00000005286	A	rna-XM_057798010.1	A
BRAKERILHT00000004867	A	rna-XM_057799092.1	A
BRAKERILHT00000004681	A	rna-XM_057803955.1	A
BRAKERILHT00000004764	A	rna-XM_057809884.1	A
BRAKERILHT00000005586	A	rna-XM_057797005.1	A
BRAKERILHT00000005394	A	rna-XM_057809419.1	A
BRAKERILHT00000004713	A	rna-XM_057809424.1	A
BRAKERILHT00000006070	A	rna-XM_057809304.1	A
BRAKERILHT00000004493	A	rna-XM_057815692.1	A
BRAKERILHT00000004845	A	rna-XM_057795243.1	A
BRAKERILHT00000006429	A	rna-XM_057815962.1	A
BRAKERILHT00000004626	A	rna-XM_057816102.1	A
BRAKERILHT00000006097	A	rna-XM_057804340.1	A
BRAKERILHT00000005050	A	rna-XM_057804350.1	A
BRAKERILHT00000005267	A	rna-XM_057805821.1	A
BRAKERILHT00000005673	A	rna-XM_057808403.1	A
BRAKERILHT00000005992	A	rna-XM_057808402.1	A
BRAKERILHT00000004862	A	rna-XM_057808390.1	A
BRAKERILHT00000005701	A	rna-XM_057808397.1	A
BRAKERILHT00000006317	A	rna-XM_057812708.1	A
BRAKERILHT00000005076	A	rna-XM_057814067.1	A
BRAKERILHT00000004611	A	rna-XM_057811773.1	A
BRAKERILHT00000004738	A	rna-XM_057811774.1	A
BRAKERILHT00000005039	A	rna-XM_057801941.1	A
BRAKERILHT00000006454	A	rna-XM_057814097.1	A
BRAKERILHT00000006150	A	rna-XM_057812236.1	A
BRAKERILHT00000006112	A	rna-XM_057812234.1	A
BRAKERILHT00000004651	A	rna-XM_057812652.1	A
BRAKERILHT00000005818	A	rna-XM_057806672.1	A
BRAKERILHT00000005452	A	rna-XM_057796808.1	A
BRAKERILHT00000006156	A	rna-XM_057797724.1	A
BRAKERILHT00000005236	A	rna-XM_057803494.1	A
BRAKERILHT00000004465	A	rna-XM_057809411.1	A
BRAKERILHT00000005321	A	rna-XM_057809514.1	A
BRAKERILHT00000005915	A	rna-XM_057809512.1	A
BRAKERILHT00000006236	A	rna-XM_057809132.1	A
BRAKERILHT00000004770	A	rna-XM_057809367.1	A
BRAKERILHT00000006443	A	rna-XM_057808960.1	A
BRAKERILHT00000006151	A	rna-XM_057814268.1	A
BRAKERILHT00000005296	A	rna-XM_057797872.1	A
BRAKERILHT00000005028	A	rna-XM_057796414.1	A
BRAKERILHT00000004452	A	rna-XM_057796412.1	A
BRAKERILHT00000006455	A	rna-XM_057807222.1	A
BRAKERILHT00000006444	A	rna-XM_057797765.1	A
BRAKERILHT00000006335	A	rna-XM_057814140.1	A
BRAKERILHT00000006291	A	rna-XM_057795209.1	A
BRAKERILHT00000005507	A	rna-XM_057815787.1	A
BRAKERILHT00000005438	A	rna-XM_057811798.1	A
BRAKERILHT00000004877	A	rna-XM_057814586.1	A
BRAKERILHT00000006234	A	rna-XM_057811785.1	A
BRAKERILHT00000005732	A	rna-XM_057811793.1	A
BRAKERILHT00000006277	A	rna-XM_057801425.1	A
BRAKERILHT00000005690	A	rna-XM_057811789.1	A
BRAKERILHT00000005133	A	rna-XM_057811803.1	A
BRAKERILHT00000004461	A	rna-XM_057804338.1	A
BRAKERILHT00000004741	A	rna-XM_057814572.1	A
BRAKERILHT00000006336	A	rna-XM_057814575.1	A
BRAKERILHT00000006144	A	rna-XM_057814573.1	A
BRAKERILHT00000005388	A	rna-XM_057814579.1	A
BRAKERILHT00000004896	A	rna-XM_057812140.1	A
BRAKERILHT00000005408	A	rna-XM_057814576.1	A
BRAKERILHT00000005740	A	rna-XM_057795260.1	A
BRAKERILHT00000006329	A	rna-XM_057814096.1	A
BRAKERILHT00000005456	A	rna-XM_057803630.1	A
BRAKERILHT00000005552	A	rna-XM_057802396.1	A
BRAKERILHT00000006380	A	rna-XM_057814104.1	A
BRAKERILHT00000004906	A	rna-XM_057814927.1	A
BRAKERILHT00000005766	A	rna-XM_057812831.1	X
BRAKERILHT00000005767	A	rna-XM_057809329.1	A
BRAKERILHT00000005414	A	rna-XM_057807125.1	A
BRAKERILHT00000004842	A	rna-XM_057795905.1	A
BRAKERILHT00000005308	A	rna-XM_057806544.1	A
BRAKERILHT00000005910	A	rna-XM_057806543.1	A
BRAKERILHT00000004704	A	rna-XM_057805737.1	A
BRAKERILHT00000008147	A	rna-XM_057797185.1	X
BRAKERILHT00000007711	A	rna-XM_057806571.1	X
BRAKERILHT00000007990	A	rna-XM_057811364.1	X
BRAKERILHT00000006704	A	rna-XM_057811424.1	X
BRAKERILHT00000008275	A	rna-XM_057796559.1	X
BRAKERILHT00000007814	A	rna-XM_057796585.1	X
BRAKERILHT00000007998	A	rna-XM_057801445.1	A
BRAKERILHT00000007562	A	rna-XM_057795578.1	X
BRAKERILHT00000007097	A	rna-XM_057804620.1	X
BRAKERILHT00000006848	A	rna-XM_057795437.1	A
BRAKERILHT00000008423	A	rna-XM_057800321.1	A
BRAKERILHT00000007234	A	rna-XM_057803189.1	A
BRAKERILHT00000006809	A	rna-XM_057805043.1	X
BRAKERILHT00000008212	A	rna-XM_057804983.1	X
BRAKERILHT00000008165	A	rna-XM_057815684.1	X
BRAKERILHT00000007489	A	rna-XM_057799535.1	A
BRAKERILHT00000008152	A	rna-XM_057799536.1	A
BRAKERILHT00000007415	A	rna-XM_057808525.1	A
BRAKERILHT00000007650	A	rna-XM_057808524.1	A
BRAKERILHT00000008263	A	rna-XM_057807923.1	A
BRAKERILHT00000008448	A	rna-XM_057808350.1	A
BRAKERILHT00000007775	A	rna-XM_057808353.1	A
BRAKERILHT00000008113	A	rna-XM_057796760.1	A
BRAKERILHT00000007923	A	rna-XM_057798094.1	A
BRAKERILHT00000007712	A	rna-XM_057796750.1	A
BRAKERILHT00000007116	A	rna-XM_057795691.1	A
BRAKERILHT00000007331	A	rna-XM_057805493.1	A
BRAKERILHT00000008035	A	rna-XM_057796018.1	X
BRAKERILHT00000008266	A	rna-XM_057808035.1	X
BRAKERILHT00000007928	A	rna-XM_057795800.1	A
BRAKERILHT00000008376	A	rna-XM_057809003.1	A
BRAKERILHT00000007614	A	rna-XM_057801362.1	X
BRAKERILHT00000007169	A	rna-XM_057801394.1	X
BRAKERILHT00000006788	A	rna-XM_057804072.1	A
BRAKERILHT00000008090	A	rna-XM_057816305.1	A
BRAKERILHT00000007390	A	rna-XM_057800383.1	A
BRAKERILHT00000007199	A	rna-XM_057810702.1	A
BRAKERILHT00000006536	A	rna-XM_057811851.1	A
BRAKERILHT00000008458	A	rna-XM_057811141.1	A
BRAKERILHT00000007325	A	rna-XM_057813271.1	X
BRAKERILHT00000007830	A	rna-XM_057814357.1	X
BRAKERILHT00000006535	A	rna-XM_057800253.1	X
BRAKERILHT00000008091	A	rna-XM_057800126.1	X
BRAKERILHT00000007557	A	rna-XM_057814193.1	X
BRAKERILHT00000007347	A	rna-XM_057801884.1	A
BRAKERILHT00000008248	A	rna-XM_057797962.1	A
BRAKERILHT00000007089	A	rna-XM_057816181.1	A
BRAKERILHT00000008364	A	rna-XM_057816171.1	A
BRAKERILHT00000006747	A	rna-XM_057805924.1	A
BRAKERILHT00000007410	A	rna-XM_057813426.1	A
BRAKERILHT00000007541	A	rna-XM_057805923.1	A
BRAKERILHT00000006732	A	rna-XM_057816630.1	A
BRAKERILHT00000007724	A	rna-XM_057806363.1	A
BRAKERILHT00000007157	A	rna-XM_057803832.1	A
BRAKERILHT00000006489	A	rna-XM_057805741.1	A
BRAKERILHT00000007441	A	rna-XM_057794974.1	A
BRAKERILHT00000008367	A	rna-XM_057806094.1	A
BRAKERILHT00000007782	A	rna-XM_057806243.1	A
BRAKERILHT00000007223	A	rna-XM_057797380.1	A
BRAKERILHT00000008471	A	rna-XM_057795275.1	A
BRAKERILHT00000007920	A	rna-XM_057815454.1	A
BRAKERILHT00000007218	A	rna-XM_057815453.1	A
BRAKERILHT00000006807	A	rna-XM_057815461.1	A
BRAKERILHT00000008144	A	rna-XM_057797193.1	A
BRAKERILHT00000007703	A	rna-XM_057816254.1	A
BRAKERILHT00000007011	A	rna-XM_057803572.1	A
BRAKERILHT00000006599	A	rna-XM_057815141.1	A
BRAKERILHT00000007314	A	rna-XM_057803551.1	A
BRAKERILHT00000007552	A	rna-XM_057803571.1	A
BRAKERILHT00000007050	A	rna-XM_057803569.1	A
BRAKERILHT00000006499	A	rna-XM_057815462.1	A
BRAKERILHT00000008252	A	rna-XM_057810325.1	A
BRAKERILHT00000006921	A	rna-XM_057810313.1	A
BRAKERILHT00000007164	A	rna-XM_057810301.1	A
BRAKERILHT00000007491	A	rna-XM_057810333.1	A
BRAKERILHT00000008241	A	rna-XM_057807087.1	A
BRAKERILHT00000008442	A	rna-XM_057809373.1	A
BRAKERILHT00000006526	A	rna-XM_057809372.1	A
BRAKERILHT00000007072	A	rna-XM_057809370.1	A
BRAKERILHT00000007306	A	rna-XM_057808127.1	A
BRAKERILHT00000008171	A	rna-XM_057807866.1	X
BRAKERILHT00000008476	A	rna-XM_057807627.1	X
BRAKERILHT00000007473	A	rna-XM_057807814.1	X
BRAKERILHT00000007086	A	rna-XM_057807782.1	X
BRAKERILHT00000007196	A	rna-XM_057810080.1	A
BRAKERILHT00000007574	A	rna-XM_057808021.1	X
BRAKERILHT00000006858	A	rna-XM_057808262.1	X
BRAKERILHT00000008205	A	rna-XM_057808250.1	X
BRAKERILHT00000008459	A	rna-XM_057808210.1	X
BRAKERILHT00000006778	A	rna-XM_057804668.1	X
BRAKERILHT00000007290	A	rna-XM_057808121.1	X
BRAKERILHT00000008062	A	rna-XM_057811939.1	A
BRAKERILHT00000007178	A	rna-XM_057804638.1	X
BRAKERILHT00000006617	A	rna-XM_057805491.1	A
BRAKERILHT00000008158	A	rna-XM_057806111.1	A
BRAKERILHT00000006891	A	rna-XM_057804737.1	X
BRAKERILHT00000008351	A	rna-XM_057806358.1	A
BRAKERILHT00000008418	A	rna-XM_057816416.1	A
BRAKERILHT00000008217	A	rna-XM_057805987.1	A
BRAKERILHT00000007229	A	rna-XM_057796467.1	A
BRAKERILHT00000006574	A	rna-XM_057796273.1	A
BRAKERILHT00000006830	A	rna-XM_057801231.1	X
BRAKERILHT00000007515	A	rna-XM_057797229.1	A
BRAKERILHT00000006683	A	rna-XM_057807171.1	A
BRAKERILHT00000007572	A	rna-XM_057802037.1	A
BRAKERILHT00000006994	A	rna-XM_057804130.1	A
BRAKERILHT00000007846	A	rna-XM_057804122.1	A
BRAKERILHT00000008293	A	rna-XM_057810368.1	A
BRAKERILHT00000006966	A	rna-XM_057801398.1	A
BRAKERILHT00000007594	A	rna-XM_057803292.1	A
BRAKERILHT00000007983	A	rna-XM_057802401.1	A
BRAKERILHT00000006699	A	rna-XM_057803459.1	A
BRAKERILHT00000007088	A	rna-XM_057813564.1	A
BRAKERILHT00000008277	A	rna-XM_057813647.1	A
BRAKERILHT00000006868	A	rna-XM_057805958.1	A
BRAKERILHT00000007425	A	rna-XM_057813333.1	A
BRAKERILHT00000008313	A	rna-XM_057807256.1	A
BRAKERILHT00000006787	A	rna-XM_057794959.1	A
BRAKERILHT00000008374	A	rna-XM_057798781.1	A
BRAKERILHT00000007156	A	rna-XM_057794975.1	A
BRAKERILHT00000006486	A	rna-XM_057794965.1	A
BRAKERILHT00000007755	A	rna-XM_057810623.1	A
BRAKERILHT00000006611	A	rna-XM_057803578.1	A
BRAKERILHT00000008002	A	rna-XM_057801312.1	A
BRAKERILHT00000007559	A	rna-XM_057796523.1	X
BRAKERILHT00000008307	A	rna-XM_057797459.1	A
BRAKERILHT00000007908	A	rna-XM_057816718.1	X
BRAKERILHT00000008051	A	rna-XM_057807668.1	X
BRAKERILHT00000007634	A	rna-XM_057810824.1	A
BRAKERILHT00000007176	A	rna-XM_057796182.1	A
BRAKERILHT00000006650	A	rna-XM_057813814.1	A
BRAKERILHT00000008227	A	rna-XM_057813805.1	A
BRAKERILHT00000006550	A	rna-XM_057809312.1	A
BRAKERILHT00000006993	A	rna-XM_057816912.1	A
BRAKERILHT00000008218	A	rna-XM_057816338.1	A
BRAKERILHT00000008303	A	rna-XM_057813572.1	A
BRAKERILHT00000007905	A	rna-XM_057797926.1	A
BRAKERILHT00000006545	A	rna-XM_057815446.1	A
BRAKERILHT00000007966	A	rna-XM_057815458.1	A
BRAKERILHT00000006565	A	rna-XM_057815448.1	A
BRAKERILHT00000006800	A	rna-XM_057815451.1	A
BRAKERILHT00000007796	A	rna-XM_057815444.1	A
BRAKERILHT00000008134	A	rna-XM_057815447.1	A
BRAKERILHT00000006652	A	rna-XM_057815463.1	A
BRAKERILHT00000007851	A	rna-XM_057816440.1	A
BRAKERILHT00000008330	A	rna-XM_057795285.1	A
BRAKERILHT00000006763	A	rna-XM_057799351.1	A
BRAKERILHT00000007421	A	rna-XM_057799352.1	A
BRAKERILHT00000008106	A	rna-XM_057795110.1	A
BRAKERILHT00000007102	A	rna-XM_057802071.1	A
BRAKERILHT00000006828	A	rna-XM_057805146.1	A
BRAKERILHT00000007817	A	rna-XM_057802024.1	X
BRAKERILHT00000007451	A	rna-XM_057796983.1	A
BRAKERILHT00000006721	A	rna-XM_057812624.1	A
BRAKERILHT00000007550	A	rna-XM_057806918.1	A
BRAKERILHT00000006960	A	rna-XM_057806916.1	A
BRAKERILHT00000007129	A	rna-XM_057807269.1	A
BRAKERILHT00000007402	A	rna-XM_057807273.1	A
BRAKERILHT00000007864	A	rna-XM_057801348.1	A
BRAKERILHT00000008391	A	rna-XM_057795627.1	A
BRAKERILHT00000006813	A	rna-XM_057801986.1	A
BRAKERILHT00000007702	A	rna-XM_057812315.1	A
BRAKERILHT00000008164	A	rna-XM_057812389.1	A
BRAKERILHT00000006500	A	rna-XM_057803021.1	A
BRAKERILHT00000007434	A	rna-XM_057802158.1	A
BRAKERILHT00000006529	A	rna-XM_057799953.1	A
BRAKERILHT00000008337	A	rna-XM_057798172.1	A
BRAKERILHT00000008388	A	rna-XM_057796181.1	A
BRAKERILHT00000007933	A	rna-XM_057806938.1	X
BRAKERILHT00000007075	A	rna-XM_057795550.1	A
BRAKERILHT00000008016	A	rna-XM_057815485.1	A
BRAKERILHT00000007330	A	rna-XM_057816306.1	A
BRAKERILHT00000007773	A	rna-XM_057815856.1	A
BRAKERILHT00000008265	A	rna-XM_057815200.1	A
BRAKERILHT00000006707	A	rna-XM_057815214.1	A
BRAKERILHT00000007612	A	rna-XM_057815210.1	A
BRAKERILHT00000008017	A	rna-XM_057815790.1	A
BRAKERILHT00000006912	A	rna-XM_057815746.1	A
BRAKERILHT00000007352	A	rna-XM_057815747.1	A
BRAKERILHT00000007849	A	rna-XM_057815694.1	A
BRAKERILHT00000007772	A	rna-XM_057815437.1	A
BRAKERILHT00000008344	A	rna-XM_057815436.1	A
BRAKERILHT00000007138	A	rna-XM_057795196.1	A
BRAKERILHT00000006964	A	rna-XM_057795201.1	A
BRAKERILHT00000007094	A	rna-XM_057795198.1	A
BRAKERILHT00000007684	A	rna-XM_057803577.1	A
BRAKERILHT00000007812	A	rna-XM_057815520.1	A
BRAKERILHT00000007216	A	rna-XM_057815513.1	A
BRAKERILHT00000006722	A	rna-XM_057795760.1	A
BRAKERILHT00000008224	A	rna-XM_057815516.1	A
BRAKERILHT00000008098	A	rna-XM_057815502.1	A
BRAKERILHT00000007543	A	rna-XM_057815517.1	A
BRAKERILHT00000006907	A	rna-XM_057811354.1	A
BRAKERILHT00000007891	A	rna-XM_057815514.1	A
BRAKERILHT00000006967	A	rna-XM_057815522.1	A
BRAKERILHT00000008415	A	rna-XM_057806657.1	A
BRAKERILHT00000007876	A	rna-XM_057815831.1	A
BRAKERILHT00000008141	A	rna-XM_057812800.1	A
BRAKERILHT00000007531	A	rna-XM_057814949.1	A
BRAKERILHT00000006760	A	rna-XM_057816169.1	A
BRAKERILHT00000008348	A	rna-XM_057815361.1	A
BRAKERILHT00000008148	A	rna-XM_057808048.1	A
BRAKERILHT00000007714	A	rna-XM_057812801.1	A
BRAKERILHT00000007605	A	rna-XM_057808009.1	X
BRAKERILHT00000008426	A	rna-XM_057806431.1	X
BRAKERILHT00000008151	A	rna-XM_057816830.1	X
BRAKERILHT00000008083	A	rna-XM_057807416.1	X
BRAKERILHT00000006954	A	rna-XM_057804028.1	X
BRAKERILHT00000008011	A	rna-XM_057816100.1	A
BRAKERILHT00000006523	A	rna-XM_057795722.1	A
BRAKERILHT00000007334	A	rna-XM_057815953.1	A
BRAKERILHT00000007730	A	rna-XM_057816918.1	A
BRAKERILHT00000008170	A	rna-XM_057815610.1	A
BRAKERILHT00000006560	A	rna-XM_057816919.1	A
BRAKERILHT00000006998	A	rna-XM_057816909.1	A
BRAKERILHT00000007921	A	rna-XM_057795435.1	A
BRAKERILHT00000006768	A	rna-XM_057807272.1	A
BRAKERILHT00000007211	A	rna-XM_057807275.1	A
BRAKERILHT00000007392	A	rna-XM_057814814.1	A
BRAKERILHT00000007974	A	rna-XM_057816758.1	X
BRAKERILHT00000008375	A	rna-XM_057816734.1	X
BRAKERILHT00000006641	A	rna-XM_057816746.1	X
BRAKERILHT00000007173	A	rna-XM_057815494.1	X
BRAKERILHT00000007516	A	rna-XM_057799759.1	X
BRAKERILHT00000007918	A	rna-XM_057816455.1	X
BRAKERILHT00000007221	A	rna-XM_057810931.1	A
BRAKERILHT00000006605	A	rna-XM_057797174.1	A
BRAKERILHT00000008406	A	rna-XM_057797190.1	A
BRAKERILHT00000008095	A	rna-XM_057801717.1	A
BRAKERILHT00000007367	A	rna-XM_057797169.1	A
BRAKERILHT00000008023	A	rna-XM_057802032.1	A
BRAKERILHT00000007578	A	rna-XM_057803088.1	X
BRAKERILHT00000007798	A	rna-XM_057795066.1	A
BRAKERILHT00000007353	A	rna-XM_057806000.1	X
BRAKERILHT00000006922	A	rna-XM_057802233.1	X
BRAKERILHT00000006873	A	rna-XM_057798038.1	X
BRAKERILHT00000008049	A	rna-XM_057796663.1	A
BRAKERILHT00000007506	A	rna-XM_057802399.1	X
BRAKERILHT00000007948	A	rna-XM_057802408.1	X
BRAKERILHT00000007386	A	rna-XM_057804656.1	X
BRAKERILHT00000008427	A	rna-XM_057816633.1	A
BRAKERILHT00000007996	A	rna-XM_057816284.1	A
BRAKERILHT00000007567	A	rna-XM_057794942.1	A
BRAKERILHT00000008292	A	rna-XM_057807072.1	A
BRAKERILHT00000007625	A	rna-XM_057807071.1	A
BRAKERILHT00000007383	A	rna-XM_057806978.1	A
BRAKERILHT00000006942	A	rna-XM_057802814.1	A
BRAKERILHT00000006573	A	rna-XM_057812908.1	A
BRAKERILHT00000007893	A	rna-XM_057809517.1	A
BRAKERILHT00000007970	A	rna-XM_057799779.1	A
BRAKERILHT00000008032	A	rna-XM_057794847.1	A
BRAKERILHT00000006549	A	rna-XM_057801131.1	A
BRAKERILHT00000007106	A	rna-XM_057798559.1	X
BRAKERILHT00000007435	A	rna-XM_057811528.1	X
BRAKERILHT00000007609	A	rna-XM_057808094.1	A
BRAKERILHT00000008333	A	rna-XM_057798202.1	X
BRAKERILHT00000007159	A	rna-XM_057806346.1	A
BRAKERILHT00000006612	A	rna-XM_057806350.1	A
BRAKERILHT00000008232	A	rna-XM_057798238.1	A
BRAKERILHT00000007307	A	rna-XM_057806345.1	A
BRAKERILHT00000007728	A	rna-XM_057816761.1	A
BRAKERILHT00000008199	A	rna-XM_057816753.1	A
BRAKERILHT00000007209	A	rna-XM_057803565.1	A
BRAKERILHT00000006520	A	rna-XM_057814660.1	A
BRAKERILHT00000006904	A	rna-XM_057804484.1	X
BRAKERILHT00000006872	A	rna-XM_057812259.1	A
BRAKERILHT00000008356	A	rna-XM_057799489.1	A
BRAKERILHT00000007476	A	rna-XM_057795626.1	A
BRAKERILHT00000008070	A	rna-XM_057795628.1	A
BRAKERILHT00000007155	A	rna-XM_057798535.1	X
BRAKERILHT00000007273	A	rna-XM_057816038.1	X
BRAKERILHT00000008405	A	rna-XM_057804817.1	X
BRAKERILHT00000007869	A	rna-XM_057795286.1	A
BRAKERILHT00000006541	A	rna-XM_057813074.1	A
BRAKERILHT00000008220	A	rna-XM_057801043.1	A
BRAKERILHT00000007620	A	rna-XM_057816764.1	A
BRAKERILHT00000007308	A	rna-XM_057816628.1	A
BRAKERILHT00000006624	A	rna-XM_057816325.1	A
BRAKERILHT00000007815	A	rna-XM_057816324.1	A
BRAKERILHT00000008362	A	rna-XM_057808300.1	X
BRAKERILHT00000007382	A	rna-XM_057809393.1	A
BRAKERILHT00000007601	A	rna-XM_057810703.1	A
BRAKERILHT00000008026	A	rna-XM_057810759.1	A
BRAKERILHT00000007666	A	rna-XM_057803592.1	A
BRAKERILHT00000006758	A	rna-XM_057802713.1	A
BRAKERILHT00000007279	A	rna-XM_057810621.1	A
BRAKERILHT00000007862	A	rna-XM_057810849.1	A
BRAKERILHT00000008428	A	rna-XM_057812638.1	A
BRAKERILHT00000006687	A	rna-XM_057809500.1	A
BRAKERILHT00000007073	A	rna-XM_057804601.1	X
BRAKERILHT00000007669	A	rna-XM_057804572.1	X
BRAKERILHT00000008209	A	rna-XM_057802773.1	A
BRAKERILHT00000007293	A	rna-XM_057801803.1	A
BRAKERILHT00000007047	A	rna-XM_057814117.1	A
BRAKERILHT00000008378	A	rna-XM_057807761.1	X
BRAKERILHT00000007111	A	rna-XM_057815298.1	Y
BRAKERILHT00000007285	A	rna-XM_057816503.1	X
BRAKERILHT00000007860	A	rna-XM_057801116.1	A
BRAKERILHT00000006725	A	rna-XM_057816637.1	X
BRAKERILHT00000008046	A	rna-XM_057815537.1	X
BRAKERILHT00000006609	A	rna-XM_057796548.1	X
BRAKERILHT00000007447	A	rna-XM_057800225.1	A
BRAKERILHT00000007041	A	rna-XM_057803457.1	A
BRAKERILHT00000007629	A	rna-XM_057803460.1	A
BRAKERILHT00000006544	A	rna-XM_057807656.1	A
BRAKERILHT00000007897	A	rna-XM_057808692.1	A
BRAKERILHT00000006596	A	rna-XM_057809613.1	A
BRAKERILHT00000007850	A	rna-XM_057815504.1	A
BRAKERILHT00000008311	A	rna-XM_057815511.1	A
BRAKERILHT00000006860	A	rna-XM_057796764.1	A
BRAKERILHT00000007432	A	rna-XM_057814169.1	A
BRAKERILHT00000007520	A	rna-XM_057812632.1	A
BRAKERILHT00000008094	A	rna-XM_057816730.1	A
BRAKERILHT00000006666	A	rna-XM_057816731.1	A
BRAKERILHT00000006662	A	rna-XM_057815270.1	A
BRAKERILHT00000007203	A	rna-XM_057801730.1	A
BRAKERILHT00000006908	A	rna-XM_057811770.1	A
BRAKERILHT00000008099	A	rna-XM_057806109.1	A
BRAKERILHT00000007375	A	rna-XM_057806107.1	A
BRAKERILHT00000006991	A	rna-XM_057816867.1	A
BRAKERILHT00000008390	A	rna-XM_057816866.1	A
BRAKERILHT00000008251	A	rna-XM_057816941.1	A
BRAKERILHT00000008456	A	rna-XM_057816700.1	A
BRAKERILHT00000007895	A	rna-XM_057815872.1	A
BRAKERILHT00000006767	A	rna-XM_057816701.1	A
BRAKERILHT00000006638	A	rna-XM_057814589.1	A
BRAKERILHT00000007800	A	rna-XM_057809250.1	A
BRAKERILHT00000008145	A	rna-XM_057809591.1	A
BRAKERILHT00000007340	A	rna-XM_057809590.1	A
BRAKERILHT00000006811	A	rna-XM_057815845.1	A
BRAKERILHT00000008100	A	rna-XM_057815833.1	A
BRAKERILHT00000007540	A	rna-XM_057816641.1	A
BRAKERILHT00000007127	A	rna-XM_057816643.1	A
BRAKERILHT00000006742	A	rna-XM_057813344.1	A
BRAKERILHT00000007237	A	rna-XM_057801340.1	A
BRAKERILHT00000007005	A	rna-XM_057814605.1	A
BRAKERILHT00000006916	A	rna-XM_057806308.1	A
BRAKERILHT00000008399	A	rna-XM_057806319.1	A
BRAKERILHT00000007785	A	rna-XM_057806295.1	A
BRAKERILHT00000007207	A	rna-XM_057806305.1	A
BRAKERILHT00000007746	A	rna-XM_057810417.1	A
BRAKERILHT00000007449	A	rna-XM_057805177.1	A
BRAKERILHT00000007087	A	rna-XM_057815870.1	A
BRAKERILHT00000008221	A	rna-XM_057812231.1	A
BRAKERILHT00000007182	A	rna-XM_057797447.1	A
BRAKERILHT00000007602	A	rna-XM_057813252.1	X
BRAKERILHT00000008160	A	rna-XM_057800414.1	A
BRAKERILHT00000008422	A	rna-XM_057801364.1	A
BRAKERILHT00000007967	A	rna-XM_057805173.1	A
BRAKERILHT00000006542	A	rna-XM_057815650.1	A
BRAKERILHT00000007718	A	rna-XM_057815644.1	A
BRAKERILHT00000008328	A	rna-XM_057801439.1	A
BRAKERILHT00000006854	A	rna-XM_057801438.1	A
BRAKERILHT00000008065	A	rna-XM_057802154.1	A
BRAKERILHT00000007444	A	rna-XM_057802513.1	A
BRAKERILHT00000007275	A	rna-XM_057803727.1	A
BRAKERILHT00000006575	A	rna-XM_057803726.1	A
BRAKERILHT00000007288	A	rna-XM_057806147.1	A
BRAKERILHT00000007750	A	rna-XM_057810279.1	A
BRAKERILHT00000006925	A	rna-XM_057809394.1	A
BRAKERILHT00000007342	A	rna-XM_057816808.1	A
BRAKERILHT00000007034	A	rna-XM_057795439.1	A
BRAKERILHT00000007530	A	rna-XM_057809407.1	A
BRAKERILHT00000007606	A	rna-XM_057807277.1	A
BRAKERILHT00000006664	A	rna-XM_057807285.1	A
BRAKERILHT00000008097	A	rna-XM_057807447.1	A
BRAKERILHT00000007426	A	rna-XM_057807265.1	A
BRAKERILHT00000007737	A	rna-XM_057808667.1	X
BRAKERILHT00000007522	A	rna-XM_057808680.1	X
BRAKERILHT00000008034	A	rna-XM_057803060.1	X
BRAKERILHT00000006923	A	rna-XM_057800542.1	A
BRAKERILHT00000007384	A	rna-XM_057808654.1	X
BRAKERILHT00000007875	A	rna-XM_057800581.1	A
BRAKERILHT00000008191	A	rna-XM_057800251.1	A
BRAKERILHT00000007788	A	rna-XM_057812108.1	A
BRAKERILHT00000007360	A	rna-XM_057816810.1	A
BRAKERILHT00000008001	A	rna-XM_057816929.1	A
BRAKERILHT00000006941	A	rna-XM_057816748.1	A
BRAKERILHT00000007124	A	rna-XM_057816745.1	A
BRAKERILHT00000007597	A	rna-XM_057816871.1	A
BRAKERILHT00000007651	A	rna-XM_057808747.1	X
BRAKERILHT00000007912	A	rna-XM_057816316.1	A
BRAKERILHT00000007938	A	rna-XM_057804680.1	X
BRAKERILHT00000007224	A	rna-XM_057797167.1	A
BRAKERILHT00000006655	A	rna-XM_057798542.1	A
BRAKERILHT00000006594	A	rna-XM_057798543.1	A
BRAKERILHT00000007866	A	rna-XM_057799088.1	A
BRAKERILHT00000007423	A	rna-XM_057798369.1	A
BRAKERILHT00000007245	A	rna-XM_057797392.1	A
BRAKERILHT00000007287	A	rna-XM_057797826.1	A
BRAKERILHT00000006552	A	rna-XM_057809265.1	A
BRAKERILHT00000007984	A	rna-XM_057816253.1	A
BRAKERILHT00000007973	A	rna-XM_057816414.1	A
BRAKERILHT00000007395	A	rna-XM_057814839.1	A
BRAKERILHT00000008294	A	rna-XM_057794866.1	A
BRAKERILHT00000007965	A	rna-XM_057816331.1	A
BRAKERILHT00000007695	A	rna-XM_057797462.1	X
BRAKERILHT00000007099	A	rna-XM_057798048.1	X
BRAKERILHT00000007978	A	rna-XM_057815888.1	A
BRAKERILHT00000008371	A	rna-XM_057808819.1	A
BRAKERILHT00000007615	A	rna-XM_057807283.1	A
BRAKERILHT00000007414	A	rna-XM_057807267.1	A
BRAKERILHT00000006743	A	rna-XM_057807573.1	A
BRAKERILHT00000007212	A	rna-XM_057797332.1	X
BRAKERILHT00000007810	A	rna-XM_057807574.1	A
BRAKERILHT00000006915	A	rna-XM_057800413.1	A
BRAKERILHT00000007230	A	rna-XM_057796004.1	A
BRAKERILHT00000007004	A	rna-XM_057812367.1	A
BRAKERILHT00000006840	A	rna-XM_057804401.1	A
BRAKERILHT00000007930	A	rna-XM_057805211.1	A
BRAKERILHT00000008246	A	rna-XM_057805921.1	A
BRAKERILHT00000008103	A	rna-XM_057813275.1	A
BRAKERILHT00000006895	A	rna-XM_057814873.1	A
BRAKERILHT00000007576	A	rna-XM_057814991.1	A
BRAKERILHT00000007740	A	rna-XM_057811122.1	A
BRAKERILHT00000007705	A	rna-XM_057812675.1	A
BRAKERILHT00000007252	A	rna-XM_057811128.1	A
BRAKERILHT00000006603	A	rna-XM_057802526.1	A
BRAKERILHT00000007118	A	rna-XM_057806851.1	A
BRAKERILHT00000007940	A	rna-XM_057795547.1	A
BRAKERILHT00000007622	A	rna-XM_057807610.1	X
BRAKERILHT00000008180	A	rna-XM_057811411.1	X
BRAKERILHT00000007889	A	rna-XM_057798689.1	A
BRAKERILHT00000008445	A	rna-XM_057812816.1	A
BRAKERILHT00000008037	A	rna-XM_057814241.1	A
BRAKERILHT00000007485	A	rna-XM_057806632.1	X
BRAKERILHT00000007174	A	rna-XM_057809301.1	A
BRAKERILHT00000008042	A	rna-XM_057809212.1	A
BRAKERILHT00000007016	A	rna-XM_057809363.1	A
BRAKERILHT00000007764	A	rna-XM_057809562.1	A
BRAKERILHT00000007143	A	rna-XM_057809836.1	A
BRAKERILHT00000007136	A	rna-XM_057809956.1	A
BRAKERILHT00000006680	A	rna-XM_057815722.1	A
BRAKERILHT00000007834	A	rna-XM_057816458.1	A
BRAKERILHT00000007767	A	rna-XM_057812393.1	A
BRAKERILHT00000007442	A	rna-XM_057814997.1	A
BRAKERILHT00000007681	A	rna-XM_057812387.1	A
BRAKERILHT00000007727	A	rna-XM_057814886.1	A
BRAKERILHT00000007936	A	rna-XM_057814882.1	A
BRAKERILHT00000008128	A	rna-XM_057801550.1	A
BRAKERILHT00000006712	A	rna-XM_057801549.1	A
BRAKERILHT00000007583	A	rna-XM_057795551.1	A
BRAKERILHT00000007217	A	rna-XM_057810922.1	A
BRAKERILHT00000007517	A	rna-XM_057815597.1	A
BRAKERILHT00000007067	A	rna-XM_057808126.1	A
BRAKERILHT00000008434	A	rna-XM_057808187.1	A
BRAKERILHT00000007295	A	rna-XM_057808299.1	A
BRAKERILHT00000006677	A	rna-XM_057808302.1	A
BRAKERILHT00000006881	A	rna-XM_057808298.1	A
BRAKERILHT00000007512	A	rna-XM_057808580.1	A
BRAKERILHT00000008329	A	rna-XM_057808297.1	A
BRAKERILHT00000006740	A	rna-XM_057808124.1	A
BRAKERILHT00000006487	A	rna-XM_057808251.1	A
BRAKERILHT00000007972	A	rna-XM_057813336.1	A
BRAKERILHT00000007757	A	rna-XM_057795531.1	A
BRAKERILHT00000007247	A	rna-XM_057807796.1	A
BRAKERILHT00000008198	A	rna-XM_057808923.1	A
BRAKERILHT00000007646	A	rna-XM_057808924.1	A
BRAKERILHT00000007029	A	rna-XM_057804088.1	A
BRAKERILHT00000006509	A	rna-XM_057808161.1	A
BRAKERILHT00000007327	A	rna-XM_057808333.1	A
BRAKERILHT00000007499	A	rna-XM_057807722.1	A
BRAKERILHT00000008040	A	rna-XM_057807966.1	A
BRAKERILHT00000007332	A	rna-XM_057808332.1	A
BRAKERILHT00000007747	A	rna-XM_057808330.1	A
BRAKERILHT00000007301	A	rna-XM_057808325.1	A
BRAKERILHT00000007626	A	rna-XM_057808342.1	A
BRAKERILHT00000007032	A	rna-XM_057808011.1	A
BRAKERILHT00000006959	A	rna-XM_057805052.1	A
BRAKERILHT00000008409	A	rna-XM_057805048.1	A
BRAKERILHT00000007958	A	rna-XM_057805045.1	A
BRAKERILHT00000007260	A	rna-XM_057805044.1	A
BRAKERILHT00000008450	A	rna-XM_057805041.1	A
BRAKERILHT00000007311	A	rna-XM_057806099.1	A
BRAKERILHT00000008135	A	rna-XM_057806098.1	A
BRAKERILHT00000007051	A	rna-XM_057805810.1	A
BRAKERILHT00000007024	A	rna-XM_057805771.1	A
BRAKERILHT00000006932	A	rna-XM_057813923.1	A
BRAKERILHT00000008309	A	rna-XM_057815940.1	A
BRAKERILHT00000007743	A	rna-XM_057801927.1	A
BRAKERILHT00000007656	A	rna-XM_057802113.1	A
BRAKERILHT00000006837	A	rna-XM_057803790.1	A
BRAKERILHT00000007566	A	rna-XM_057802329.1	A
BRAKERILHT00000007835	A	rna-XM_057803032.1	A
BRAKERILHT00000006676	A	rna-XM_057803023.1	A
BRAKERILHT00000007096	A	rna-XM_057798709.1	A
BRAKERILHT00000007388	A	rna-XM_057810731.1	A
BRAKERILHT00000007956	A	rna-XM_057802137.1	A
BRAKERILHT00000007378	A	rna-XM_057802131.1	A
BRAKERILHT00000007263	A	rna-XM_057802142.1	A
BRAKERILHT00000007825	A	rna-XM_057802140.1	A
BRAKERILHT00000007249	A	rna-XM_057802144.1	A
BRAKERILHT00000006989	A	rna-XM_057802138.1	A
BRAKERILHT00000006567	A	rna-XM_057802163.1	A
BRAKERILHT00000007963	A	rna-XM_057815629.1	A
BRAKERILHT00000007363	A	rna-XM_057815634.1	A
BRAKERILHT00000007430	A	rna-XM_057815047.1	A
BRAKERILHT00000006839	A	rna-XM_057814283.1	A
BRAKERILHT00000006708	A	rna-XM_057801379.1	A
BRAKERILHT00000006559	A	rna-XM_057813270.1	A
BRAKERILHT00000007558	A	rna-XM_057810032.1	A
BRAKERILHT00000008417	A	rna-XM_057805530.1	A
BRAKERILHT00000007843	A	rna-XM_057799743.1	A
BRAKERILHT00000007030	A	rna-XM_057794902.1	A
BRAKERILHT00000008420	A	rna-XM_057816113.1	A
BRAKERILHT00000006957	A	rna-XM_057816199.1	A
BRAKERILHT00000007125	A	rna-XM_057816200.1	A
BRAKERILHT00000007700	A	rna-XM_057808515.1	A
BRAKERILHT00000007675	A	rna-XM_057808051.1	A
BRAKERILHT00000007831	A	rna-XM_057812486.1	A
BRAKERILHT00000007649	A	rna-XM_057813306.1	A
BRAKERILHT00000008234	A	rna-XM_057810453.1	A
BRAKERILHT00000007500	A	rna-XM_057810801.1	A
BRAKERILHT00000007474	A	rna-XM_057812850.1	A
BRAKERILHT00000006892	A	rna-XM_057812849.1	A
BRAKERILHT00000007464	A	rna-XM_057815957.1	A
BRAKERILHT00000006905	A	rna-XM_057800349.1	A
BRAKERILHT00000008345	A	rna-XM_057814434.1	A
BRAKERILHT00000006629	A	rna-XM_057811707.1	A
BRAKERILHT00000007104	A	rna-XM_057802108.1	A
BRAKERILHT00000006689	A	rna-XM_057812314.1	A
BRAKERILHT00000008286	A	rna-XM_057794901.1	A
BRAKERILHT00000007824	A	rna-XM_057810067.1	A
BRAKERILHT00000007068	A	rna-XM_057800379.1	A
BRAKERILHT00000006522	A	rna-XM_057813222.1	A
BRAKERILHT00000008440	A	rna-XM_057795903.1	A
BRAKERILHT00000007868	A	rna-XM_057804845.1	A
BRAKERILHT00000008243	A	rna-XM_057804848.1	A
BRAKERILHT00000007497	A	rna-XM_057816447.1	A
BRAKERILHT00000008039	A	rna-XM_057803020.1	A
BRAKERILHT00000006633	A	rna-XM_057797445.1	X
BRAKERILHT00000007483	A	rna-XM_057801335.1	A
BRAKERILHT00000008104	A	rna-XM_057801336.1	A
BRAKERILHT00000008350	A	rna-XM_057796336.1	X
BRAKERILHT00000007145	A	rna-XM_057795361.1	A
BRAKERILHT00000008190	A	rna-XM_057801310.1	A
BRAKERILHT00000006864	A	rna-XM_057799664.1	A
BRAKERILHT00000006793	A	rna-XM_057801292.1	A
BRAKERILHT00000007264	A	rna-XM_057801291.1	A
BRAKERILHT00000007309	A	rna-XM_057801286.1	A
BRAKERILHT00000007101	A	rna-XM_057805812.1	A
BRAKERILHT00000006701	A	rna-XM_057799480.1	A
BRAKERILHT00000007511	A	rna-XM_057799466.1	A
BRAKERILHT00000007190	A	rna-XM_057799247.1	A
BRAKERILHT00000007529	A	rna-XM_057799712.1	A
BRAKERILHT00000008116	A	rna-XM_057799718.1	A
BRAKERILHT00000008421	A	rna-XM_057799723.1	A
BRAKERILHT00000006982	A	rna-XM_057799722.1	A
BRAKERILHT00000008407	A	rna-XM_057799719.1	A
BRAKERILHT00000007853	A	rna-XM_057799709.1	A
BRAKERILHT00000007246	A	rna-XM_057810622.1	A
BRAKERILHT00000006690	A	rna-XM_057803019.1	A
BRAKERILHT00000007971	A	rna-XM_057803016.1	A
BRAKERILHT00000007419	A	rna-XM_057804630.1	A
BRAKERILHT00000006826	A	rna-XM_057801947.1	A
BRAKERILHT00000007698	A	rna-XM_057802059.1	A
BRAKERILHT00000007103	A	rna-XM_057802356.1	A
BRAKERILHT00000007818	A	rna-XM_057813933.1	A
BRAKERILHT00000007226	A	rna-XM_057803260.1	A
BRAKERILHT00000006713	A	rna-XM_057816677.1	A
BRAKERILHT00000007121	A	rna-XM_057803267.1	A
BRAKERILHT00000008262	A	rna-XM_057799762.1	A
BRAKERILHT00000006812	A	rna-XM_057812225.1	A
BRAKERILHT00000007981	A	rna-XM_057798817.1	A
BRAKERILHT00000007493	A	rna-XM_057799766.1	A
BRAKERILHT00000006635	A	rna-XM_057815114.1	A
BRAKERILHT00000007168	A	rna-XM_057811347.1	A
BRAKERILHT00000008156	A	rna-XM_057811345.1	A
BRAKERILHT00000006973	A	rna-XM_057812100.1	A
BRAKERILHT00000007253	A	rna-XM_057813076.1	A
BRAKERILHT00000007031	A	rna-XM_057800922.1	A
BRAKERILHT00000008464	A	rna-XM_057801054.1	A
BRAKERILHT00000006779	A	rna-XM_057813948.1	A
BRAKERILHT00000007321	A	rna-XM_057814778.1	A
BRAKERILHT00000007058	A	rna-XM_057811382.1	A
BRAKERILHT00000006516	A	rna-XM_057811388.1	A
BRAKERILHT00000008185	A	rna-XM_057811379.1	A
BRAKERILHT00000007623	A	rna-XM_057813168.1	A
BRAKERILHT00000006657	A	rna-XM_057815016.1	A
BRAKERILHT00000007820	A	rna-XM_057797714.1	A
BRAKERILHT00000007407	A	rna-XM_057810686.1	A
BRAKERILHT00000006866	A	rna-XM_057802107.1	A
BRAKERILHT00000006598	A	rna-XM_057812939.1	A
BRAKERILHT00000008027	A	rna-XM_057795492.1	A
BRAKERILHT00000007078	A	rna-XM_057796365.1	A
BRAKERILHT00000006952	A	rna-XM_057816485.1	A
BRAKERILHT00000007105	A	rna-XM_057798597.1	A
BRAKERILHT00000007685	A	rna-XM_057815239.1	A
BRAKERILHT00000008015	A	rna-XM_057795430.1	A
BRAKERILHT00000007371	A	rna-XM_057795938.1	A
BRAKERILHT00000007962	A	rna-XM_057802543.1	A
BRAKERILHT00000008327	A	rna-XM_057802570.1	A
BRAKERILHT00000006865	A	rna-XM_057802571.1	A
BRAKERILHT00000007401	A	rna-XM_057802499.1	A
BRAKERILHT00000007586	A	rna-XM_057803700.1	A
BRAKERILHT00000007001	A	rna-XM_057802577.1	A
BRAKERILHT00000008469	A	rna-XM_057812258.1	A
BRAKERILHT00000007021	A	rna-XM_057812304.1	A
BRAKERILHT00000008460	A	rna-XM_057796301.1	A
BRAKERILHT00000006814	A	rna-XM_057796333.1	A
BRAKERILHT00000008269	A	rna-XM_057809563.1	A
BRAKERILHT00000007929	A	rna-XM_057803360.1	A
BRAKERILHT00000007502	A	rna-XM_057805115.1	A
BRAKERILHT00000006616	A	rna-XM_057805112.1	A
BRAKERILHT00000008076	A	rna-XM_057805111.1	A
BRAKERILHT00000008267	A	rna-XM_057805098.1	A
BRAKERILHT00000007768	A	rna-XM_057805096.1	A
BRAKERILHT00000006876	A	rna-XM_057813455.1	A
BRAKERILHT00000008372	A	rna-XM_057812972.1	A
BRAKERILHT00000008201	A	rna-XM_057798011.1	A
BRAKERILHT00000007291	A	rna-XM_057798070.1	A
BRAKERILHT00000008463	A	rna-XM_057798118.1	A
BRAKERILHT00000007160	A	rna-XM_057804811.1	A
BRAKERILHT00000007581	A	rna-XM_057812633.1	A
BRAKERILHT00000006879	A	rna-XM_057801138.1	A
BRAKERILHT00000007472	A	rna-XM_057803969.1	A
BRAKERILHT00000007942	A	rna-XM_057804354.1	A
BRAKERILHT00000008358	A	rna-XM_057804355.1	A
BRAKERILHT00000006613	A	rna-XM_057809555.1	A
BRAKERILHT00000007171	A	rna-XM_057808612.1	A
BRAKERILHT00000007532	A	rna-XM_057805213.1	A
BRAKERILHT00000007957	A	rna-XM_057805215.1	A
BRAKERILHT00000008393	A	rna-XM_057804403.1	A
BRAKERILHT00000006887	A	rna-XM_057797333.1	A
BRAKERILHT00000007790	A	rna-XM_057795568.1	A
BRAKERILHT00000008211	A	rna-XM_057811629.1	A
BRAKERILHT00000008081	A	rna-XM_057811623.1	A
BRAKERILHT00000008304	A	rna-XM_057811529.1	A
BRAKERILHT00000006731	A	rna-XM_057814383.1	A
BRAKERILHT00000007427	A	rna-XM_057814401.1	A
BRAKERILHT00000008157	A	rna-XM_057815688.1	A
BRAKERILHT00000008173	A	rna-XM_057797098.1	A
BRAKERILHT00000007213	A	rna-XM_057800050.1	A
BRAKERILHT00000007819	A	rna-XM_057800693.1	A
BRAKERILHT00000007339	A	rna-XM_057800692.1	A
BRAKERILHT00000008028	A	rna-XM_057800695.1	A
BRAKERILHT00000006600	A	rna-XM_057801967.1	A
BRAKERILHT00000006576	A	rna-XM_057802948.1	A
BRAKERILHT00000006765	A	rna-XM_057804713.1	A
BRAKERILHT00000006762	A	rna-XM_057805436.1	A
BRAKERILHT00000008347	A	rna-XM_057799699.1	A
BRAKERILHT00000007914	A	rna-XM_057797781.1	A
BRAKERILHT00000007413	A	rna-XM_057816533.1	A
BRAKERILHT00000007507	A	rna-XM_057815609.1	A
BRAKERILHT00000007059	A	rna-XM_057816419.1	A
BRAKERILHT00000006615	A	rna-XM_057816418.1	A
BRAKERILHT00000008196	A	rna-XM_057805357.1	A
BRAKERILHT00000008238	A	rna-XM_057805361.1	A
BRAKERILHT00000008202	A	rna-XM_057808728.1	A
BRAKERILHT00000006797	A	rna-XM_057811535.1	A
BRAKERILHT00000008291	A	rna-XM_057815509.1	A
BRAKERILHT00000007977	A	rna-XM_057815497.1	A
BRAKERILHT00000006604	A	rna-XM_057812356.1	A
BRAKERILHT00000008068	A	rna-XM_057812352.1	A
BRAKERILHT00000007716	A	rna-XM_057815829.1	A
BRAKERILHT00000006694	A	rna-XM_057815645.1	A
BRAKERILHT00000007870	A	rna-XM_057812360.1	A
BRAKERILHT00000007276	A	rna-XM_057812359.1	A
BRAKERILHT00000006539	A	rna-XM_057812364.1	A
BRAKERILHT00000007654	A	rna-XM_057812362.1	A
BRAKERILHT00000007964	A	rna-XM_057811278.1	A
BRAKERILHT00000007393	A	rna-XM_057812073.1	A
BRAKERILHT00000007079	A	rna-XM_057811632.1	A
BRAKERILHT00000008392	A	rna-XM_057804808.1	A
BRAKERILHT00000007076	A	rna-XM_057816333.1	A
BRAKERILHT00000006739	A	rna-XM_057802696.1	A
BRAKERILHT00000007437	A	rna-XM_057812192.1	A
BRAKERILHT00000007458	A	rna-XM_057813694.1	A
BRAKERILHT00000007225	A	rna-XM_057813001.1	X
BRAKERILHT00000006801	A	rna-XM_057803917.1	A
BRAKERILHT00000007744	A	rna-XM_057801812.1	A
BRAKERILHT00000006856	A	rna-XM_057811563.1	A
BRAKERILHT00000006855	A	rna-XM_057811199.1	A
BRAKERILHT00000007014	A	rna-XM_057795111.1	A
BRAKERILHT00000006714	A	rna-XM_057795993.1	A
BRAKERILHT00000007943	A	rna-XM_057797972.1	X
BRAKERILHT00000007357	A	rna-XM_057795112.1	A
BRAKERILHT00000008255	A	rna-XM_057810959.1	A
BRAKERILHT00000007313	A	rna-XM_057799778.1	A
BRAKERILHT00000006774	A	rna-XM_057813419.1	A
BRAKERILHT00000007519	A	rna-XM_057794894.1	A
BRAKERILHT00000007069	A	rna-XM_057802785.1	A
BRAKERILHT00000007348	A	rna-XM_057803477.1	A
BRAKERILHT00000007902	A	rna-XM_057807948.1	A
BRAKERILHT00000007467	A	rna-XM_057807920.1	A
BRAKERILHT00000008346	A	rna-XM_057808118.1	A
BRAKERILHT00000007081	A	rna-XM_057808217.1	A
BRAKERILHT00000008432	A	rna-XM_057813501.1	A
BRAKERILHT00000007655	A	rna-XM_057808221.1	A
BRAKERILHT00000006514	A	rna-XM_057808213.1	A
BRAKERILHT00000006733	A	rna-XM_057807960.1	A
BRAKERILHT00000006547	A	rna-XM_057801883.1	A
BRAKERILHT00000007689	A	rna-XM_057795125.1	X
BRAKERILHT00000007071	A	rna-XM_057803843.1	A
BRAKERILHT00000006646	A	rna-XM_057802277.1	A
BRAKERILHT00000008229	A	rna-XM_057814887.1	A
BRAKERILHT00000007741	A	rna-XM_057808216.1	A
BRAKERILHT00000008231	A	rna-XM_057801654.1	A
BRAKERILHT00000007257	A	rna-XM_057814042.1	A
BRAKERILHT00000007765	A	rna-XM_057804710.1	A
BRAKERILHT00000008102	A	rna-XM_057796373.1	A
BRAKERILHT00000007328	A	rna-XM_057802437.1	A
BRAKERILHT00000007913	A	rna-XM_057812913.1	A
BRAKERILHT00000008465	A	rna-XM_057798261.1	A
BRAKERILHT00000007885	A	rna-XM_057802542.1	A
BRAKERILHT00000007372	A	rna-XM_057802447.1	A
BRAKERILHT00000008059	A	rna-XM_057803027.1	A
BRAKERILHT00000007509	A	rna-XM_057803033.1	A
BRAKERILHT00000007161	A	rna-XM_057802575.1	A
BRAKERILHT00000008127	A	rna-XM_057807394.1	A
BRAKERILHT00000007453	A	rna-XM_057805358.1	A
BRAKERILHT00000008381	A	rna-XM_057816342.1	A
BRAKERILHT00000007715	A	rna-XM_057816803.1	A
BRAKERILHT00000008117	A	rna-XM_057815736.1	A
BRAKERILHT00000008306	A	rna-XM_057816247.1	A
BRAKERILHT00000007607	A	rna-XM_057815415.1	A
BRAKERILHT00000007627	A	rna-XM_057815907.1	A
BRAKERILHT00000007061	A	rna-XM_057799479.1	A
BRAKERILHT00000008222	A	rna-XM_057799498.1	A
BRAKERILHT00000007668	A	rna-XM_057807793.1	A
BRAKERILHT00000007292	A	rna-XM_057807932.1	A
BRAKERILHT00000006745	A	rna-XM_057808263.1	A
BRAKERILHT00000007369	A	rna-XM_057795843.1	A
BRAKERILHT00000007110	A	rna-XM_057803354.1	A
BRAKERILHT00000006548	A	rna-XM_057802497.1	A
BRAKERILHT00000008416	A	rna-XM_057805678.1	A
BRAKERILHT00000006971	A	rna-XM_057805406.1	A
BRAKERILHT00000007046	A	rna-XM_057805685.1	A
BRAKERILHT00000007592	A	rna-XM_057812386.1	A
BRAKERILHT00000008154	A	rna-XM_057795696.1	A
BRAKERILHT00000006709	A	rna-XM_057796458.1	A
BRAKERILHT00000007560	A	rna-XM_057803872.1	A
BRAKERILHT00000006517	A	rna-XM_057798549.1	A
BRAKERILHT00000007924	A	rna-XM_057812494.1	A
BRAKERILHT00000008169	A	rna-XM_057811532.1	A
BRAKERILHT00000007259	A	rna-XM_057811630.1	A
BRAKERILHT00000007731	A	rna-XM_057812124.1	A
BRAKERILHT00000006816	A	rna-XM_057802991.1	X
BRAKERILHT00000007302	A	rna-XM_057812039.1	A
BRAKERILHT00000007919	A	rna-XM_057815765.1	X
BRAKERILHT00000006780	A	rna-XM_057796118.1	X
BRAKERILHT00000008449	A	rna-XM_057806640.1	X
BRAKERILHT00000007657	A	rna-XM_057816301.1	A
BRAKERILHT00000007282	A	rna-XM_057816456.1	A
BRAKERILHT00000007648	A	rna-XM_057815556.1	A
BRAKERILHT00000007048	A	rna-XM_057800710.1	A
BRAKERILHT00000007341	A	rna-XM_057798902.1	A
BRAKERILHT00000006927	A	rna-XM_057813205.1	A
BRAKERILHT00000007518	A	rna-XM_057813194.1	A
BRAKERILHT00000007066	A	rna-XM_057797358.1	A
BRAKERILHT00000007189	A	rna-XM_057800669.1	A
BRAKERILHT00000006771	A	rna-XM_057814088.1	A
BRAKERILHT00000006496	A	rna-XM_057800711.1	A
BRAKERILHT00000007019	A	rna-XM_057800999.1	A
BRAKERILHT00000007642	A	rna-XM_057800738.1	A
BRAKERILHT00000008183	A	rna-XM_057807940.1	A
BRAKERILHT00000006776	A	rna-XM_057808015.1	A
BRAKERILHT00000007898	A	rna-XM_057810282.1	X
BRAKERILHT00000008452	A	rna-XM_057798550.1	A
BRAKERILHT00000006719	A	rna-XM_057809826.1	A
BRAKERILHT00000007478	A	rna-XM_057815669.1	A
BRAKERILHT00000007482	A	rna-XM_057795225.1	A
BRAKERILHT00000008357	A	rna-XM_057795226.1	A
BRAKERILHT00000006893	A	rna-XM_057806011.1	A
BRAKERILHT00000007763	A	rna-XM_057795280.1	A
BRAKERILHT00000008353	A	rna-XM_057810859.1	A
BRAKERILHT00000008069	A	rna-XM_057808635.1	A
BRAKERILHT00000006636	A	rna-XM_057795363.1	A
BRAKERILHT00000006897	A	rna-XM_057797219.1	A
BRAKERILHT00000008179	A	rna-XM_057805009.1	A
BRAKERILHT00000006728	A	rna-XM_057795730.1	A
BRAKERILHT00000007130	A	rna-XM_057816330.1	A
BRAKERILHT00000007722	A	rna-XM_057798506.1	A
BRAKERILHT00000006626	A	rna-XM_057795350.1	A
BRAKERILHT00000008107	A	rna-XM_057798513.1	A
BRAKERILHT00000006851	A	rna-XM_057799041.1	A
BRAKERILHT00000006621	A	rna-XM_057802899.1	A
BRAKERILHT00000007667	A	rna-XM_057794982.1	A
BRAKERILHT00000008077	A	rna-XM_057804101.1	A
BRAKERILHT00000007119	A	rna-XM_057795063.1	A
BRAKERILHT00000007856	A	rna-XM_057806859.1	X
BRAKERILHT00000008336	A	rna-XM_057808886.1	X
BRAKERILHT00000007524	A	rna-XM_057808897.1	X
BRAKERILHT00000006831	A	rna-XM_057802027.1	A
BRAKERILHT00000008166	A	rna-XM_057801647.1	A
BRAKERILHT00000007975	A	rna-XM_057816292.1	A
BRAKERILHT00000008005	A	rna-XM_057815879.1	A
BRAKERILHT00000007587	A	rna-XM_057797022.1	A
BRAKERILHT00000007822	A	rna-XM_057797021.1	A
BRAKERILHT00000006808	A	rna-XM_057797019.1	A
BRAKERILHT00000008280	A	rna-XM_057816191.1	A
BRAKERILHT00000007917	A	rna-XM_057816267.1	A
BRAKERILHT00000007329	A	rna-XM_057807718.1	A
BRAKERILHT00000006589	A	rna-XM_057798684.1	A
BRAKERILHT00000008195	A	rna-XM_057815112.1	A
BRAKERILHT00000007701	A	rna-XM_057808727.1	A
BRAKERILHT00000007135	A	rna-XM_057814707.1	A
BRAKERILHT00000008276	A	rna-XM_057801401.1	A
BRAKERILHT00000007137	A	rna-XM_057813863.1	A
BRAKERILHT00000007490	A	rna-XM_057798679.1	A
BRAKERILHT00000006849	A	rna-XM_057797827.1	A
BRAKERILHT00000007400	A	rna-XM_057798028.1	A
BRAKERILHT00000007770	A	rna-XM_057802378.1	A
BRAKERILHT00000006627	A	rna-XM_057804758.1	A
BRAKERILHT00000008467	A	rna-XM_057805120.1	A
BRAKERILHT00000007892	A	rna-XM_057805114.1	A
BRAKERILHT00000007215	A	rna-XM_057794922.1	A
BRAKERILHT00000007274	A	rna-XM_057808826.1	A
BRAKERILHT00000006519	A	rna-XM_057808827.1	A
BRAKERILHT00000008204	A	rna-XM_057809856.1	A
BRAKERILHT00000007057	A	rna-XM_057809573.1	A
BRAKERILHT00000006554	A	rna-XM_057809571.1	A
BRAKERILHT00000007090	A	rna-XM_057804203.1	A
BRAKERILHT00000007999	A	rna-XM_057809702.1	A
BRAKERILHT00000006867	A	rna-XM_057809567.1	A
BRAKERILHT00000007364	A	rna-XM_057804224.1	A
BRAKERILHT00000007836	A	rna-XM_057804221.1	A
BRAKERILHT00000007546	A	rna-XM_057804214.1	A
BRAKERILHT00000007992	A	rna-XM_057804225.1	A
BRAKERILHT00000007608	A	rna-XM_057808824.1	A
BRAKERILHT00000008253	A	rna-XM_057807887.1	A
BRAKERILHT00000006950	A	rna-XM_057807888.1	A
BRAKERILHT00000008310	A	rna-XM_057807881.1	A
BRAKERILHT00000008237	A	rna-XM_057807893.1	A
BRAKERILHT00000007373	A	rna-XM_057808418.1	A
BRAKERILHT00000007806	A	rna-XM_057796311.1	A
BRAKERILHT00000008140	A	rna-XM_057796322.1	A
BRAKERILHT00000006836	A	rna-XM_057796313.1	A
BRAKERILHT00000006557	A	rna-XM_057802555.1	A
BRAKERILHT00000006992	A	rna-XM_057802086.1	A
BRAKERILHT00000006824	A	rna-XM_057808079.1	A
BRAKERILHT00000007266	A	rna-XM_057807897.1	A
BRAKERILHT00000007694	A	rna-XM_057798447.1	A
BRAKERILHT00000007206	A	rna-XM_057807746.1	A
BRAKERILHT00000007380	A	rna-XM_057807838.1	A
BRAKERILHT00000007833	A	rna-XM_057797018.1	A
BRAKERILHT00000006524	A	rna-XM_057796477.1	A
BRAKERILHT00000006990	A	rna-XM_057796472.1	A
BRAKERILHT00000007691	A	rna-XM_057796474.1	A
BRAKERILHT00000008123	A	rna-XM_057802400.1	A
BRAKERILHT00000006841	A	rna-XM_057801649.1	A
BRAKERILHT00000007738	A	rna-XM_057796030.1	A
BRAKERILHT00000007424	A	rna-XM_057810078.1	A
BRAKERILHT00000006869	A	rna-XM_057810153.1	A
BRAKERILHT00000008082	A	rna-XM_057810163.1	A
BRAKERILHT00000007526	A	rna-XM_057814743.1	A
BRAKERILHT00000007195	A	rna-XM_057808475.1	X
BRAKERILHT00000008419	A	rna-XM_057800147.1	A
BRAKERILHT00000007935	A	rna-XM_057810149.1	A
BRAKERILHT00000007222	A	rna-XM_057810148.1	A
BRAKERILHT00000006790	A	rna-XM_057810151.1	A
BRAKERILHT00000008174	A	rna-XM_057800955.1	A
BRAKERILHT00000007720	A	rna-XM_057812989.1	A
BRAKERILHT00000007013	A	rna-XM_057799039.1	A
BRAKERILHT00000006582	A	rna-XM_057800103.1	A
BRAKERILHT00000006753	A	rna-XM_057810865.1	A
BRAKERILHT00000007780	A	rna-XM_057810142.1	A
BRAKERILHT00000006770	A	rna-XM_057810778.1	A
BRAKERILHT00000007628	A	rna-XM_057810034.1	A
BRAKERILHT00000006512	A	rna-XM_057796200.1	A
BRAKERILHT00000007042	A	rna-XM_057810412.1	A
BRAKERILHT00000008181	A	rna-XM_057797042.1	A
BRAKERILHT00000008453	A	rna-XM_057797038.1	A
BRAKERILHT00000006945	A	rna-XM_057797037.1	A
BRAKERILHT00000007713	A	rna-XM_057797036.1	A
BRAKERILHT00000007122	A	rna-XM_057797034.1	A
BRAKERILHT00000006601	A	rna-XM_057803946.1	A
BRAKERILHT00000008029	A	rna-XM_057803945.1	A
BRAKERILHT00000007991	A	rna-XM_057803939.1	A
BRAKERILHT00000007947	A	rna-XM_057796606.1	A
BRAKERILHT00000006602	A	rna-XM_057805166.1	A
BRAKERILHT00000007925	A	rna-XM_057796966.1	A
BRAKERILHT00000007227	A	rna-XM_057807408.1	A
BRAKERILHT00000006815	A	rna-XM_057807410.1	A
BRAKERILHT00000007294	A	rna-XM_057807430.1	A
BRAKERILHT00000007926	A	rna-XM_057807433.1	A
BRAKERILHT00000008172	A	rna-XM_057807422.1	A
BRAKERILHT00000008341	A	rna-XM_057807426.1	A
BRAKERILHT00000007950	A	rna-XM_057807424.1	A
BRAKERILHT00000007346	A	rna-XM_057807415.1	A
BRAKERILHT00000008155	A	rna-XM_057807420.1	A
BRAKERILHT00000007570	A	rna-XM_057795574.1	A
BRAKERILHT00000007779	A	rna-XM_057815051.1	A
BRAKERILHT00000007553	A	rna-XM_057813922.1	A
BRAKERILHT00000006823	A	rna-XM_057813924.1	A
BRAKERILHT00000008298	A	rna-XM_057802644.1	A
BRAKERILHT00000007954	A	rna-XM_057813365.1	A
BRAKERILHT00000007376	A	rna-XM_057812825.1	A
BRAKERILHT00000008443	A	rna-XM_057802247.1	A
BRAKERILHT00000007859	A	rna-XM_057805514.1	A
BRAKERILHT00000007598	A	rna-XM_057810800.1	A
BRAKERILHT00000007025	A	rna-XM_057799656.1	A
BRAKERILHT00000007018	A	rna-XM_057799652.1	A
BRAKERILHT00000006716	A	rna-XM_057797887.1	A
BRAKERILHT00000007761	A	rna-XM_057797949.1	A
BRAKERILHT00000006518	A	rna-XM_057798481.1	A
BRAKERILHT00000008109	A	rna-XM_057799919.1	A
BRAKERILHT00000007673	A	rna-XM_057799917.1	A
BRAKERILHT00000007091	A	rna-XM_057808587.1	A
BRAKERILHT00000008322	A	rna-XM_057797828.1	A
BRAKERILHT00000007871	A	rna-XM_057802774.1	A
BRAKERILHT00000007250	A	rna-XM_057799033.1	A
BRAKERILHT00000007389	A	rna-XM_057815641.1	A
BRAKERILHT00000008110	A	rna-XM_057801755.1	A
BRAKERILHT00000007385	A	rna-XM_057813795.1	A
BRAKERILHT00000008036	A	rna-XM_057795866.1	A
BRAKERILHT00000007726	A	rna-XM_057796937.1	A
BRAKERILHT00000006623	A	rna-XM_057801494.1	A
BRAKERILHT00000007003	A	rna-XM_057801499.1	A
BRAKERILHT00000007613	A	rna-XM_057801493.1	A
BRAKERILHT00000006572	A	rna-XM_057801489.1	A
BRAKERILHT00000007326	A	rna-XM_057810737.1	A
BRAKERILHT00000007784	A	rna-XM_057808372.1	A
BRAKERILHT00000008400	A	rna-XM_057816014.1	A
BRAKERILHT00000007460	A	rna-XM_057798899.1	A
BRAKERILHT00000007901	A	rna-XM_057816027.1	A
BRAKERILHT00000007053	A	rna-XM_057814809.1	A
BRAKERILHT00000007882	A	rna-XM_057811661.1	A
BRAKERILHT00000006715	A	rna-XM_057811321.1	A
BRAKERILHT00000007006	A	rna-XM_057811323.1	A
BRAKERILHT00000008302	A	rna-XM_057805529.1	A
BRAKERILHT00000006651	A	rna-XM_057805528.1	A
BRAKERILHT00000006642	A	rna-XM_057805518.1	A
BRAKERILHT00000007554	A	rna-XM_057805378.1	A
BRAKERILHT00000008105	A	rna-XM_057805382.1	A
BRAKERILHT00000007403	A	rna-XM_057812168.1	A
BRAKERILHT00000008210	A	rna-XM_057811343.1	A
BRAKERILHT00000007036	A	rna-XM_057811537.1	A
BRAKERILHT00000006587	A	rna-XM_057798433.1	A
BRAKERILHT00000006910	A	rna-XM_057811701.1	A
BRAKERILHT00000008380	A	rna-XM_057803003.1	A
BRAKERILHT00000006577	A	rna-XM_057802997.1	A
BRAKERILHT00000008014	A	rna-XM_057808908.1	A
BRAKERILHT00000008396	A	rna-XM_057796873.1	A
BRAKERILHT00000007033	A	rna-XM_057796867.1	A
BRAKERILHT00000006729	A	rna-XM_057796872.1	A
BRAKERILHT00000007802	A	rna-XM_057800034.1	A
BRAKERILHT00000008178	A	rna-XM_057811658.1	A
BRAKERILHT00000007009	A	rna-XM_057812932.1	A
BRAKERILHT00000008087	A	rna-XM_057796961.1	A
BRAKERILHT00000007277	A	rna-XM_057795639.1	A
BRAKERILHT00000008119	A	rna-XM_057795390.1	A
BRAKERILHT00000006859	A	rna-XM_057816686.1	A
BRAKERILHT00000007429	A	rna-XM_057815150.1	A
BRAKERILHT00000007735	A	rna-XM_057816893.1	A
BRAKERILHT00000008324	A	rna-XM_057816904.1	A
BRAKERILHT00000006976	A	rna-XM_057816900.1	A
BRAKERILHT00000007556	A	rna-XM_057795116.1	A
BRAKERILHT00000008114	A	rna-XM_057798713.1	A
BRAKERILHT00000006877	A	rna-XM_057798714.1	A
BRAKERILHT00000007456	A	rna-XM_057799939.1	A
BRAKERILHT00000006772	A	rna-XM_057813875.1	A
BRAKERILHT00000007873	A	rna-XM_057795507.1	A
BRAKERILHT00000006532	A	rna-XM_057800913.1	A
BRAKERILHT00000008086	A	rna-XM_057797634.1	A
BRAKERILHT00000007528	A	rna-XM_057798706.1	A
BRAKERILHT00000007062	A	rna-XM_057799057.1	A
BRAKERILHT00000006614	A	rna-XM_057799054.1	A
BRAKERILHT00000008228	A	rna-XM_057797922.1	A
BRAKERILHT00000007749	A	rna-XM_057797921.1	A
BRAKERILHT00000007989	A	rna-XM_057797920.1	A
BRAKERILHT00000007338	A	rna-XM_057797919.1	A
BRAKERILHT00000007949	A	rna-XM_057801786.1	A
BRAKERILHT00000008264	A	rna-XM_057811752.1	A
BRAKERILHT00000006817	A	rna-XM_057798451.1	A
BRAKERILHT00000007265	A	rna-XM_057798298.1	A
BRAKERILHT00000007052	A	rna-XM_057799423.1	A
BRAKERILHT00000006775	A	rna-XM_057809813.1	A
BRAKERILHT00000007240	A	rna-XM_057801891.1	A
BRAKERILHT00000007756	A	rna-XM_057802365.1	A
BRAKERILHT00000008414	A	rna-XM_057802335.1	A
BRAKERILHT00000007807	A	rna-XM_057798813.1	A
BRAKERILHT00000006546	A	rna-XM_057802210.1	A
BRAKERILHT00000007144	A	rna-XM_057802226.1	A
BRAKERILHT00000007969	A	rna-XM_057802348.1	A
BRAKERILHT00000008022	A	rna-XM_057800190.1	A
BRAKERILHT00000006750	A	rna-XM_057800189.1	A
BRAKERILHT00000006965	A	rna-XM_057810127.1	A
BRAKERILHT00000007568	A	rna-XM_057800956.1	A
BRAKERILHT00000008120	A	rna-XM_057798045.1	A
BRAKERILHT00000006706	A	rna-XM_057808062.1	A
BRAKERILHT00000007228	A	rna-XM_057811402.1	A
BRAKERILHT00000007986	A	rna-XM_057806716.1	A
BRAKERILHT00000007686	A	rna-XM_057806701.1	A
BRAKERILHT00000006843	A	rna-XM_057805533.1	A
BRAKERILHT00000007683	A	rna-XM_057805536.1	A
BRAKERILHT00000007678	A	rna-XM_057805320.1	A
BRAKERILHT00000007939	A	rna-XM_057811553.1	A
BRAKERILHT00000007707	A	rna-XM_057803002.1	A
BRAKERILHT00000007126	A	rna-XM_057802139.1	A
BRAKERILHT00000008331	A	rna-XM_057802135.1	A
BRAKERILHT00000007759	A	rna-XM_057810284.1	A
BRAKERILHT00000007335	A	rna-XM_057810314.1	A
BRAKERILHT00000006531	A	rna-XM_057812210.1	X
BRAKERILHT00000008226	A	rna-XM_057795708.1	X
BRAKERILHT00000006717	A	rna-XM_057806570.1	A
BRAKERILHT00000006938	A	rna-XM_057804752.1	A
BRAKERILHT00000008410	A	rna-XM_057810729.1	A
BRAKERILHT00000008137	A	rna-XM_057810738.1	A
BRAKERILHT00000006585	A	rna-XM_057816209.1	A
BRAKERILHT00000008153	A	rna-XM_057816660.1	A
BRAKERILHT00000007303	A	rna-XM_057795117.1	A
BRAKERILHT00000006805	A	rna-XM_057795119.1	A
BRAKERILHT00000007979	A	rna-XM_057795124.1	A
BRAKERILHT00000008408	A	rna-XM_057816656.1	A
BRAKERILHT00000008245	A	rna-XM_057795178.1	A
BRAKERILHT00000008233	A	rna-XM_057799439.1	A
BRAKERILHT00000008008	A	rna-XM_057799441.1	A
BRAKERILHT00000006540	A	rna-XM_057799434.1	A
BRAKERILHT00000008431	A	rna-XM_057799432.1	A
BRAKERILHT00000007861	A	rna-XM_057799433.1	A
BRAKERILHT00000007289	A	rna-XM_057798457.1	A
BRAKERILHT00000008268	A	rna-XM_057798449.1	A
BRAKERILHT00000008061	A	rna-XM_057800607.1	A
BRAKERILHT00000006625	A	rna-XM_057800660.1	A
BRAKERILHT00000006979	A	rna-XM_057800026.1	A
BRAKERILHT00000007551	A	rna-XM_057800027.1	A
BRAKERILHT00000008063	A	rna-XM_057801204.1	A
BRAKERILHT00000007793	A	rna-XM_057801199.1	A
BRAKERILHT00000007445	A	rna-XM_057798627.1	A
BRAKERILHT00000007904	A	rna-XM_057810898.1	A
BRAKERILHT00000006588	A	rna-XM_057808763.1	X
BRAKERILHT00000006584	A	rna-XM_057812053.1	A
BRAKERILHT00000006798	A	rna-XM_057802033.1	X
BRAKERILHT00000008041	A	rna-XM_057801210.1	A
BRAKERILHT00000007501	A	rna-XM_057801208.1	A
BRAKERILHT00000006822	A	rna-XM_057795127.1	A
BRAKERILHT00000007533	A	rna-XM_057815149.1	A
BRAKERILHT00000007455	A	rna-XM_057816902.1	A
BRAKERILHT00000008052	A	rna-XM_057815948.1	A
BRAKERILHT00000007488	A	rna-XM_057816937.1	A
BRAKERILHT00000007789	A	rna-XM_057816907.1	A
BRAKERILHT00000006610	A	rna-XM_057816814.1	A
BRAKERILHT00000008019	A	rna-XM_057816108.1	A
BRAKERILHT00000008475	A	rna-XM_057815764.1	A
BRAKERILHT00000007883	A	rna-XM_057810739.1	A
BRAKERILHT00000007300	A	rna-XM_057808583.1	A
BRAKERILHT00000006920	A	rna-XM_057808584.1	A
BRAKERILHT00000008197	A	rna-XM_057808586.1	A
BRAKERILHT00000007645	A	rna-XM_057800310.1	A
BRAKERILHT00000006806	A	rna-XM_057815247.1	A
BRAKERILHT00000008274	A	rna-XM_057815251.1	A
BRAKERILHT00000007732	A	rna-XM_057801631.1	A
BRAKERILHT00000008323	A	rna-XM_057801630.1	A
BRAKERILHT00000006711	A	rna-XM_057803490.1	A
BRAKERILHT00000007951	A	rna-XM_057798333.1	A
BRAKERILHT00000006802	A	rna-XM_057797736.1	A
BRAKERILHT00000007344	A	rna-XM_057803479.1	A
BRAKERILHT00000009698	A	rna-XM_057810894.1	A
BRAKERILHT00000010250	A	rna-XM_057810178.1	A
BRAKERILHT00000009650	A	rna-XM_057810177.1	A
BRAKERILHT00000010317	A	rna-XM_057811194.1	A
BRAKERILHT00000010220	A	rna-XM_057808173.1	A
BRAKERILHT00000009932	A	rna-XM_057808805.1	A
BRAKERILHT00000009355	A	rna-XM_057808853.1	X
BRAKERILHT00000010201	A	rna-XM_057813349.1	A
BRAKERILHT00000009791	A	rna-XM_057812689.1	A
BRAKERILHT00000009345	A	rna-XM_057800805.1	A
BRAKERILHT00000009306	A	rna-XM_057800371.1	A
BRAKERILHT00000009095	A	rna-XM_057795138.1	X
BRAKERILHT00000009094	A	rna-XM_057804918.1	A
BRAKERILHT00000008908	A	rna-XM_057807630.1	A
BRAKERILHT00000009986	A	rna-XM_057807629.1	A
BRAKERILHT00000009314	A	rna-XM_057807674.1	A
BRAKERILHT00000008909	A	rna-XM_057807802.1	A
BRAKERILHT00000008684	A	rna-XM_057807798.1	A
BRAKERILHT00000009054	A	rna-XM_057807797.1	A
BRAKERILHT00000008578	A	rna-XM_057808833.1	A
BRAKERILHT00000009982	A	rna-XM_057807801.1	A
BRAKERILHT00000009806	A	rna-XM_057808063.1	A
BRAKERILHT00000009603	A	rna-XM_057807808.1	A
BRAKERILHT00000009575	A	rna-XM_057807762.1	A
BRAKERILHT00000010179	A	rna-XM_057808851.1	A
BRAKERILHT00000009642	A	rna-XM_057808854.1	A
BRAKERILHT00000009195	A	rna-XM_057803901.1	A
BRAKERILHT00000008665	A	rna-XM_057802594.1	A
BRAKERILHT00000008856	A	rna-XM_057801658.1	A
BRAKERILHT00000009543	A	rna-XM_057805131.1	A
BRAKERILHT00000009447	A	rna-XM_057810098.1	A
BRAKERILHT00000008932	A	rna-XM_057796865.1	A
BRAKERILHT00000010322	A	rna-XM_057810769.1	A
BRAKERILHT00000010336	A	rna-XM_057810524.1	A
BRAKERILHT00000009512	A	rna-XM_057810526.1	A
BRAKERILHT00000010205	A	rna-XM_057796022.1	A
BRAKERILHT00000009083	A	rna-XM_057796027.1	A
BRAKERILHT00000008522	A	rna-XM_057795820.1	A
BRAKERILHT00000009353	A	rna-XM_057811546.1	A
BRAKERILHT00000009926	A	rna-XM_057810380.1	A
BRAKERILHT00000009520	A	rna-XM_057801272.1	A
BRAKERILHT00000009879	A	rna-XM_057801269.1	A
BRAKERILHT00000008804	A	rna-XM_057806179.1	A
BRAKERILHT00000010371	A	rna-XM_057801148.1	A
BRAKERILHT00000008903	A	rna-XM_057807800.1	A
BRAKERILHT00000008565	A	rna-XM_057800790.1	A
BRAKERILHT00000008989	A	rna-XM_057804726.1	A
BRAKERILHT00000010254	A	rna-XM_057797749.1	A
BRAKERILHT00000008746	A	rna-XM_057798697.1	A
BRAKERILHT00000009412	A	rna-XM_057810751.1	A
BRAKERILHT00000009817	A	rna-XM_057810748.1	A
BRAKERILHT00000008503	A	rna-XM_057804988.1	A
BRAKERILHT00000008670	A	rna-XM_057804986.1	A
BRAKERILHT00000010054	A	rna-XM_057804576.1	A
BRAKERILHT00000009528	A	rna-XM_057804068.1	A
BRAKERILHT00000010227	A	rna-XM_057812914.1	A
BRAKERILHT00000008817	A	rna-XM_057810681.1	A
BRAKERILHT00000009988	A	rna-XM_057807942.1	A
BRAKERILHT00000009852	A	rna-XM_057796352.1	A
BRAKERILHT00000009028	A	rna-XM_057808880.1	A
BRAKERILHT00000009748	A	rna-XM_057808877.1	A
BRAKERILHT00000010300	A	rna-XM_057810732.1	A
BRAKERILHT00000010281	A	rna-XM_057808926.1	A
BRAKERILHT00000008737	A	rna-XM_057807991.1	A
BRAKERILHT00000010311	A	rna-XM_057804467.1	A
BRAKERILHT00000009885	A	rna-XM_057804471.1	A
BRAKERILHT00000008968	A	rna-XM_057805141.1	A
BRAKERILHT00000009265	A	rna-XM_057810105.1	A
BRAKERILHT00000009406	A	rna-XM_057810117.1	A
BRAKERILHT00000009093	A	rna-XM_057810115.1	A
BRAKERILHT00000009554	A	rna-XM_057804625.1	A
BRAKERILHT00000009462	A	rna-XM_057804388.1	A
BRAKERILHT00000008945	A	rna-XM_057800212.1	A
BRAKERILHT00000009296	A	rna-XM_057800672.1	A
BRAKERILHT00000009775	A	rna-XM_057811101.1	A
BRAKERILHT00000009978	A	rna-XM_057796757.1	A
BRAKERILHT00000009718	A	rna-XM_057804733.1	A
BRAKERILHT00000009337	A	rna-XM_057815289.1	Y
BRAKERILHT00000009934	A	rna-XM_057804732.1	A
BRAKERILHT00000009071	A	rna-XM_057804730.1	A
BRAKERILHT00000008664	A	rna-XM_057804969.1	A
BRAKERILHT00000008944	A	rna-XM_057802254.1	A
BRAKERILHT00000009956	A	rna-XM_057803384.1	A
BRAKERILHT00000009218	A	rna-XM_057809148.1	A
BRAKERILHT00000008544	A	rna-XM_057802949.1	A
BRAKERILHT00000009912	A	rna-XM_057802945.1	A
BRAKERILHT00000009491	A	rna-XM_057802941.1	A
BRAKERILHT00000009208	A	rna-XM_057804791.1	A
BRAKERILHT00000010303	A	rna-XM_057804792.1	A
BRAKERILHT00000008787	A	rna-XM_057795299.1	A
BRAKERILHT00000009003	A	rna-XM_057816480.1	X
BRAKERILHT00000009861	A	rna-XM_057806779.1	X
BRAKERILHT00000008590	A	rna-XM_057813441.1	A
BRAKERILHT00000010086	A	rna-XM_057802077.1	A
BRAKERILHT00000008779	A	rna-XM_057797212.1	A
BRAKERILHT00000010065	A	rna-XM_057802395.1	X
BRAKERILHT00000008678	A	rna-XM_057797184.1	A
BRAKERILHT00000009144	A	rna-XM_057794918.1	A
BRAKERILHT00000009434	A	rna-XM_057794917.1	A
BRAKERILHT00000010002	A	rna-XM_057811723.1	A
BRAKERILHT00000009341	A	rna-XM_057804080.1	A
BRAKERILHT00000009737	A	rna-XM_057796732.1	A
BRAKERILHT00000010061	A	rna-XM_057806393.1	A
BRAKERILHT00000008644	A	rna-XM_057804126.1	A
BRAKERILHT00000008676	A	rna-XM_057795067.1	A
BRAKERILHT00000010225	A	rna-XM_057800366.1	A
BRAKERILHT00000008941	A	rna-XM_057796093.1	A
BRAKERILHT00000009339	A	rna-XM_057796608.1	A
BRAKERILHT00000009401	A	rna-XM_057808329.1	A
BRAKERILHT00000008956	A	rna-XM_057808341.1	A
BRAKERILHT00000009793	A	rna-XM_057799157.1	A
BRAKERILHT00000010316	A	rna-XM_057802480.1	A
BRAKERILHT00000009077	A	rna-XM_057801657.1	A
BRAKERILHT00000009630	A	rna-XM_057802522.1	A
BRAKERILHT00000009936	A	rna-XM_057802068.1	A
BRAKERILHT00000009248	A	rna-XM_057802469.1	A
BRAKERILHT00000009264	A	rna-XM_057805384.1	A
BRAKERILHT00000010088	A	rna-XM_057813981.1	A
BRAKERILHT00000009655	A	rna-XM_057813832.1	A
BRAKERILHT00000009038	A	rna-XM_057813830.1	A
BRAKERILHT00000009117	A	rna-XM_057797326.1	A
BRAKERILHT00000008477	A	rna-XM_057796605.1	A
BRAKERILHT00000009969	A	rna-XM_057799118.1	A
BRAKERILHT00000009550	A	rna-XM_057795516.1	A
BRAKERILHT00000009352	A	rna-XM_057813499.1	A
BRAKERILHT00000009826	A	rna-XM_057812808.1	A
BRAKERILHT00000009087	A	rna-XM_057801002.1	A
BRAKERILHT00000009605	A	rna-XM_057798073.1	A
BRAKERILHT00000009596	A	rna-XM_057804649.1	A
BRAKERILHT00000010043	A	rna-XM_057804778.1	A
BRAKERILHT00000008529	A	rna-XM_057813659.1	A
BRAKERILHT00000008832	A	rna-XM_057802443.1	A
BRAKERILHT00000010212	A	rna-XM_057813518.1	A
BRAKERILHT00000010096	A	rna-XM_057801919.1	A
BRAKERILHT00000008696	A	rna-XM_057802164.1	A
BRAKERILHT00000009090	A	rna-XM_057813388.1	A
BRAKERILHT00000009777	A	rna-XM_057805758.1	A
BRAKERILHT00000010184	A	rna-XM_057812211.1	A
BRAKERILHT00000008794	A	rna-XM_057801118.1	A
BRAKERILHT00000010320	A	rna-XM_057802338.1	A
BRAKERILHT00000009549	A	rna-XM_057802586.1	A
BRAKERILHT00000009971	A	rna-XM_057802453.1	A
BRAKERILHT00000008923	A	rna-XM_057802410.1	A
BRAKERILHT00000009327	A	rna-XM_057802351.1	A
BRAKERILHT00000009759	A	rna-XM_057810175.1	A
BRAKERILHT00000008704	A	rna-XM_057796594.1	A
BRAKERILHT00000009527	A	rna-XM_057796607.1	A
BRAKERILHT00000009964	A	rna-XM_057802624.1	A
BRAKERILHT00000008693	A	rna-XM_057802404.1	A
BRAKERILHT00000008641	A	rna-XM_057798126.1	A
BRAKERILHT00000009992	A	rna-XM_057803426.1	A
BRAKERILHT00000009804	A	rna-XM_057796751.1	A
BRAKERILHT00000008585	A	rna-XM_057809319.1	A
BRAKERILHT00000008926	A	rna-XM_057815825.1	A
BRAKERILHT00000008838	A	rna-XM_057815901.1	A
BRAKERILHT00000009570	A	rna-XM_057816806.1	A
BRAKERILHT00000009608	A	rna-XM_057795128.1	A
BRAKERILHT00000009178	A	rna-XM_057815767.1	A
BRAKERILHT00000008929	A	rna-XM_057815780.1	A
BRAKERILHT00000009396	A	rna-XM_057816512.1	A
BRAKERILHT00000009842	A	rna-XM_057815588.1	A
BRAKERILHT00000010134	A	rna-XM_057814753.1	A
BRAKERILHT00000009898	A	rna-XM_057800344.1	A
BRAKERILHT00000009110	A	rna-XM_057811442.1	A
BRAKERILHT00000010314	A	rna-XM_057814369.1	A
BRAKERILHT00000010386	A	rna-XM_057801122.1	A
BRAKERILHT00000008767	A	rna-XM_057801124.1	A
BRAKERILHT00000009292	A	rna-XM_057801224.1	A
BRAKERILHT00000009623	A	rna-XM_057799996.1	A
BRAKERILHT00000010160	A	rna-XM_057799998.1	A
BRAKERILHT00000008485	A	rna-XM_057800239.1	A
BRAKERILHT00000008760	A	rna-XM_057811431.1	A
BRAKERILHT00000008920	A	rna-XM_057811193.1	A
BRAKERILHT00000009301	A	rna-XM_057803737.1	A
BRAKERILHT00000009436	A	rna-XM_057810784.1	X
BRAKERILHT00000010114	A	rna-XM_057810490.1	X
BRAKERILHT00000008692	A	rna-XM_057813605.1	A
BRAKERILHT00000009104	A	rna-XM_057814444.1	A
BRAKERILHT00000009382	A	rna-XM_057813865.1	A
BRAKERILHT00000009439	A	rna-XM_057813862.1	A
BRAKERILHT00000009797	A	rna-XM_057814442.1	A
BRAKERILHT00000008623	A	rna-XM_057807870.1	A
BRAKERILHT00000009240	A	rna-XM_057807669.1	A
BRAKERILHT00000008515	A	rna-XM_057808832.1	A
BRAKERILHT00000010050	A	rna-XM_057808448.1	A
BRAKERILHT00000009324	A	rna-XM_057808243.1	A
BRAKERILHT00000008924	A	rna-XM_057808244.1	A
BRAKERILHT00000010360	A	rna-XM_057807950.1	A
BRAKERILHT00000009690	A	rna-XM_057807867.1	A
BRAKERILHT00000009120	A	rna-XM_057808169.1	A
BRAKERILHT00000008607	A	rna-XM_057807685.1	A
BRAKERILHT00000008918	A	rna-XM_057808450.1	A
BRAKERILHT00000009547	A	rna-XM_057808456.1	A
BRAKERILHT00000008912	A	rna-XM_057807666.1	A
BRAKERILHT00000009312	A	rna-XM_057808028.1	A
BRAKERILHT00000009835	A	rna-XM_057808025.1	A
BRAKERILHT00000010185	A	rna-XM_057807717.1	A
BRAKERILHT00000008843	A	rna-XM_057807864.1	A
BRAKERILHT00000009732	A	rna-XM_057803797.1	A
BRAKERILHT00000008751	A	rna-XM_057801940.1	A
BRAKERILHT00000009188	A	rna-XM_057803794.1	A
BRAKERILHT00000009629	A	rna-XM_057808849.1	A
BRAKERILHT00000010075	A	rna-XM_057808856.1	A
BRAKERILHT00000008572	A	rna-XM_057810891.1	A
BRAKERILHT00000008982	A	rna-XM_057798392.1	A
BRAKERILHT00000010407	A	rna-XM_057803814.1	A
BRAKERILHT00000008489	A	rna-XM_057801926.1	A
BRAKERILHT00000008638	A	rna-XM_057797074.1	A
BRAKERILHT00000009256	A	rna-XM_057797076.1	A
BRAKERILHT00000008858	A	rna-XM_057815801.1	A
BRAKERILHT00000010359	A	rna-XM_057815792.1	A
BRAKERILHT00000009816	A	rna-XM_057815796.1	A
BRAKERILHT00000008532	A	rna-XM_057815791.1	A
BRAKERILHT00000008493	A	rna-XM_057816136.1	A
BRAKERILHT00000009029	A	rna-XM_057800549.1	A
BRAKERILHT00000010120	A	rna-XM_057800556.1	A
BRAKERILHT00000008604	A	rna-XM_057802111.1	A
BRAKERILHT00000009392	A	rna-XM_057799813.1	A
BRAKERILHT00000009325	A	rna-XM_057800744.1	A
BRAKERILHT00000008984	A	rna-XM_057809534.1	A
BRAKERILHT00000008576	A	rna-XM_057814405.1	A
BRAKERILHT00000010283	A	rna-XM_057812216.1	A
BRAKERILHT00000009590	A	rna-XM_057814410.1	A
BRAKERILHT00000009368	A	rna-XM_057803895.1	A
BRAKERILHT00000008747	A	rna-XM_057796861.1	A
BRAKERILHT00000010306	A	rna-XM_057804783.1	A
BRAKERILHT00000009869	A	rna-XM_057813767.1	A
BRAKERILHT00000009522	A	rna-XM_057813762.1	A
BRAKERILHT00000009583	A	rna-XM_057805249.1	A
BRAKERILHT00000009268	A	rna-XM_057795462.1	A
BRAKERILHT00000010398	A	rna-XM_057813250.1	A
BRAKERILHT00000009670	A	rna-XM_057810095.1	A
BRAKERILHT00000009019	A	rna-XM_057810369.1	A
BRAKERILHT00000010140	A	rna-XM_057810372.1	A
BRAKERILHT00000008768	A	rna-XM_057812025.1	A
BRAKERILHT00000010166	A	rna-XM_057810381.1	A
BRAKERILHT00000010103	A	rna-XM_057810377.1	A
BRAKERILHT00000009137	A	rna-XM_057807021.1	A
BRAKERILHT00000009579	A	rna-XM_057796368.1	A
BRAKERILHT00000010020	A	rna-XM_057803600.1	A
BRAKERILHT00000010142	A	rna-XM_057803603.1	A
BRAKERILHT00000009004	A	rna-XM_057802582.1	A
BRAKERILHT00000010403	A	rna-XM_057803646.1	A
BRAKERILHT00000008752	A	rna-XM_057803770.1	A
BRAKERILHT00000009758	A	rna-XM_057802821.1	A
BRAKERILHT00000008627	A	rna-XM_057803097.1	A
BRAKERILHT00000009192	A	rna-XM_057809297.1	A
BRAKERILHT00000010341	A	rna-XM_057808296.1	A
BRAKERILHT00000008680	A	rna-XM_057805018.1	A
BRAKERILHT00000009924	A	rna-XM_057805029.1	A
BRAKERILHT00000009508	A	rna-XM_057801554.1	A
BRAKERILHT00000008523	A	rna-XM_057801590.1	A
BRAKERILHT00000010033	A	rna-XM_057800343.1	A
BRAKERILHT00000010068	A	rna-XM_057816283.1	A
BRAKERILHT00000008681	A	rna-XM_057795070.1	A
BRAKERILHT00000009407	A	rna-XM_057802813.1	A
BRAKERILHT00000008781	A	rna-XM_057812918.1	A
BRAKERILHT00000009112	A	rna-XM_057813073.1	A
BRAKERILHT00000009678	A	rna-XM_057801473.1	A
BRAKERILHT00000009957	A	rna-XM_057801287.1	A
BRAKERILHT00000008571	A	rna-XM_057802842.1	A
BRAKERILHT00000009277	A	rna-XM_057811607.1	A
BRAKERILHT00000009770	A	rna-XM_057795732.1	A
BRAKERILHT00000010206	A	rna-XM_057813472.1	A
BRAKERILHT00000008736	A	rna-XM_057809218.1	A
BRAKERILHT00000009108	A	rna-XM_057809216.1	A
BRAKERILHT00000009744	A	rna-XM_057811187.1	A
BRAKERILHT00000009302	A	rna-XM_057809101.1	A
BRAKERILHT00000008874	A	rna-XM_057796021.1	A
BRAKERILHT00000010400	A	rna-XM_057801448.1	A
BRAKERILHT00000009453	A	rna-XM_057796960.1	A
BRAKERILHT00000009030	A	rna-XM_057796959.1	A
BRAKERILHT00000008602	A	rna-XM_057808180.1	A
BRAKERILHT00000010113	A	rna-XM_057814415.1	A
BRAKERILHT00000010246	A	rna-XM_057804703.1	A
BRAKERILHT00000008734	A	rna-XM_057808070.1	A
BRAKERILHT00000008626	A	rna-XM_057808065.1	A
BRAKERILHT00000009658	A	rna-XM_057807634.1	X
BRAKERILHT00000008750	A	rna-XM_057801592.1	A
BRAKERILHT00000010176	A	rna-XM_057801593.1	A
BRAKERILHT00000009764	A	rna-XM_057813267.1	A
BRAKERILHT00000009369	A	rna-XM_057810934.1	A
BRAKERILHT00000008494	A	rna-XM_057812982.1	A
BRAKERILHT00000008694	A	rna-XM_057816135.1	A
BRAKERILHT00000009092	A	rna-XM_057806554.1	A
BRAKERILHT00000008540	A	rna-XM_057798538.1	A
BRAKERILHT00000009818	A	rna-XM_057807093.1	A
BRAKERILHT00000009490	A	rna-XM_057810575.1	A
BRAKERILHT00000009061	A	rna-XM_057810582.1	A
BRAKERILHT00000008805	A	rna-XM_057815589.1	A
BRAKERILHT00000009841	A	rna-XM_057812830.1	A
BRAKERILHT00000010382	A	rna-XM_057804162.1	A
BRAKERILHT00000008567	A	rna-XM_057815996.1	X
BRAKERILHT00000009564	A	rna-XM_057807834.1	A
BRAKERILHT00000009239	A	rna-XM_057808724.1	A
BRAKERILHT00000010394	A	rna-XM_057805162.1	A
BRAKERILHT00000009475	A	rna-XM_057810568.1	A
BRAKERILHT00000008844	A	rna-XM_057810566.1	A
BRAKERILHT00000010337	A	rna-XM_057810570.1	A
BRAKERILHT00000009171	A	rna-XM_057810571.1	A
BRAKERILHT00000010203	A	rna-XM_057810572.1	A
BRAKERILHT00000010019	A	rna-XM_057810573.1	A
BRAKERILHT00000008561	A	rna-XM_057810580.1	A
BRAKERILHT00000010373	A	rna-XM_057810620.1	A
BRAKERILHT00000010173	A	rna-XM_057805634.1	A
BRAKERILHT00000008517	A	rna-XM_057815070.1	A
BRAKERILHT00000010378	A	rna-XM_057795222.1	A
BRAKERILHT00000009516	A	rna-XM_057807963.1	A
BRAKERILHT00000008878	A	rna-XM_057800920.1	A
BRAKERILHT00000009147	A	rna-XM_057794992.1	A
BRAKERILHT00000008674	A	rna-XM_057803654.1	A
BRAKERILHT00000008963	A	rna-XM_057803660.1	A
BRAKERILHT00000009503	A	rna-XM_057806207.1	A
BRAKERILHT00000008967	A	rna-XM_057806205.1	A
BRAKERILHT00000008513	A	rna-XM_057806206.1	A
BRAKERILHT00000009161	A	rna-XM_057814414.1	A
BRAKERILHT00000009886	A	rna-XM_057805762.1	A
BRAKERILHT00000008518	A	rna-XM_057814962.1	A
BRAKERILHT00000010029	A	rna-XM_057812007.1	A
BRAKERILHT00000009902	A	rna-XM_057813204.1	A
BRAKERILHT00000010039	A	rna-XM_057813187.1	A
BRAKERILHT00000009646	A	rna-XM_057811525.1	A
BRAKERILHT00000009076	A	rna-XM_057811745.1	A
BRAKERILHT00000010238	A	rna-XM_057815011.1	A
BRAKERILHT00000008650	A	rna-XM_057807681.1	X
BRAKERILHT00000010219	A	rna-XM_057807695.1	X
BRAKERILHT00000009168	A	rna-XM_057799450.1	A
BRAKERILHT00000009533	A	rna-XM_057803046.1	A
BRAKERILHT00000009945	A	rna-XM_057814762.1	A
BRAKERILHT00000009704	A	rna-XM_057807317.1	A
BRAKERILHT00000009701	A	rna-XM_057805452.1	A
BRAKERILHT00000010233	A	rna-XM_057805442.1	A
BRAKERILHT00000008852	A	rna-XM_057806249.1	A
BRAKERILHT00000009381	A	rna-XM_057806106.1	A
BRAKERILHT00000009470	A	rna-XM_057805489.1	A
BRAKERILHT00000010037	A	rna-XM_057805488.1	A
BRAKERILHT00000008657	A	rna-XM_057806017.1	A
BRAKERILHT00000009089	A	rna-XM_057810886.1	A
BRAKERILHT00000009769	A	rna-XM_057810815.1	A
BRAKERILHT00000009002	A	rna-XM_057805188.1	A
BRAKERILHT00000010352	A	rna-XM_057805186.1	A
BRAKERILHT00000008837	A	rna-XM_057811622.1	A
BRAKERILHT00000010294	A	rna-XM_057805187.1	A
BRAKERILHT00000009033	A	rna-XM_057815770.1	A
BRAKERILHT00000009810	A	rna-XM_057815834.1	A
BRAKERILHT00000008755	A	rna-XM_057816759.1	A
BRAKERILHT00000009540	A	rna-XM_057804375.1	A
BRAKERILHT00000008988	A	rna-XM_057804367.1	A
BRAKERILHT00000008685	A	rna-XM_057813908.1	A
BRAKERILHT00000009771	A	rna-XM_057813907.1	A
BRAKERILHT00000008954	A	rna-XM_057813905.1	A
BRAKERILHT00000008615	A	rna-XM_057813884.1	A
BRAKERILHT00000009999	A	rna-XM_057813393.1	A
BRAKERILHT00000009348	A	rna-XM_057802299.1	A
BRAKERILHT00000009424	A	rna-XM_057807939.1	A
BRAKERILHT00000010260	A	rna-XM_057809689.1	A
BRAKERILHT00000009707	A	rna-XM_057809391.1	A
BRAKERILHT00000009518	A	rna-XM_057809389.1	A
BRAKERILHT00000010154	A	rna-XM_057809387.1	A
BRAKERILHT00000009864	A	rna-XM_057798047.1	A
BRAKERILHT00000008727	A	rna-XM_057809383.1	A
BRAKERILHT00000010257	A	rna-XM_057809380.1	A
BRAKERILHT00000009755	A	rna-XM_057797364.1	A
BRAKERILHT00000009444	A	rna-XM_057799449.1	A
BRAKERILHT00000009837	A	rna-XM_057814145.1	A
BRAKERILHT00000009411	A	rna-XM_057803266.1	A
BRAKERILHT00000009827	A	rna-XM_057803249.1	A
BRAKERILHT00000009307	A	rna-XM_057802394.1	A
BRAKERILHT00000008939	A	rna-XM_057802603.1	A
BRAKERILHT00000010095	A	rna-XM_057796261.1	A
BRAKERILHT00000009675	A	rna-XM_057816678.1	A
BRAKERILHT00000008979	A	rna-XM_057795297.1	A
BRAKERILHT00000009403	A	rna-XM_057809838.1	A
BRAKERILHT00000010211	A	rna-XM_057801073.1	A
BRAKERILHT00000010072	A	rna-XM_057800930.1	A
BRAKERILHT00000009065	A	rna-XM_057813945.1	A
BRAKERILHT00000009379	A	rna-XM_057812099.1	A
BRAKERILHT00000009836	A	rna-XM_057810900.1	A
BRAKERILHT00000009654	A	rna-XM_057809278.1	A
BRAKERILHT00000010130	A	rna-XM_057801290.1	A
BRAKERILHT00000009544	A	rna-XM_057809626.1	A
BRAKERILHT00000010295	A	rna-XM_057801289.1	A
BRAKERILHT00000008914	A	rna-XM_057801285.1	A
BRAKERILHT00000009202	A	rna-XM_057801303.1	A
BRAKERILHT00000009779	A	rna-XM_057795640.1	A
BRAKERILHT00000009721	A	rna-XM_057795519.1	A
BRAKERILHT00000010408	A	rna-XM_057799042.1	A
BRAKERILHT00000008777	A	rna-XM_057804707.1	X
BRAKERILHT00000008482	A	rna-XM_057804960.1	A
BRAKERILHT00000009891	A	rna-XM_057811636.1	A
BRAKERILHT00000009591	A	rna-XM_057814787.1	A
BRAKERILHT00000008761	A	rna-XM_057814785.1	A
BRAKERILHT00000009738	A	rna-XM_057813710.1	A
BRAKERILHT00000009207	A	rna-XM_057812106.1	A
BRAKERILHT00000008773	A	rna-XM_057812709.1	A
BRAKERILHT00000009589	A	rna-XM_057813090.1	A
BRAKERILHT00000009159	A	rna-XM_057813094.1	A
BRAKERILHT00000008864	A	rna-XM_057813078.1	A
BRAKERILHT00000010388	A	rna-XM_057813085.1	A
BRAKERILHT00000009870	A	rna-XM_057813081.1	A
BRAKERILHT00000009284	A	rna-XM_057813080.1	A
BRAKERILHT00000009720	A	rna-XM_057813082.1	A
BRAKERILHT00000009378	A	rna-XM_057813088.1	A
BRAKERILHT00000009454	A	rna-XM_057814810.1	A
BRAKERILHT00000009146	A	rna-XM_057812451.1	A
BRAKERILHT00000009711	A	rna-XM_057804408.1	A
BRAKERILHT00000009422	A	rna-XM_057796690.1	A
BRAKERILHT00000008846	A	rna-XM_057796688.1	A
BRAKERILHT00000008486	A	rna-XM_057806367.1	A
BRAKERILHT00000009787	A	rna-XM_057804955.1	A
BRAKERILHT00000008691	A	rna-XM_057804963.1	A
BRAKERILHT00000009075	A	rna-XM_057804971.1	A
BRAKERILHT00000009517	A	rna-XM_057804961.1	A
BRAKERILHT00000009935	A	rna-XM_057804973.1	A
BRAKERILHT00000008487	A	rna-XM_057804968.1	A
BRAKERILHT00000010292	A	rna-XM_057804972.1	A
BRAKERILHT00000008606	A	rna-XM_057800268.1	A
BRAKERILHT00000009135	A	rna-XM_057815869.1	A
BRAKERILHT00000008828	A	rna-XM_057800897.1	A
BRAKERILHT00000009371	A	rna-XM_057804145.1	A
BRAKERILHT00000010187	A	rna-XM_057803659.1	A
BRAKERILHT00000009937	A	rna-XM_057797337.1	A
BRAKERILHT00000008666	A	rna-XM_057796907.1	A
BRAKERILHT00000008978	A	rna-XM_057796912.1	A
BRAKERILHT00000009515	A	rna-XM_057796734.1	A
BRAKERILHT00000009965	A	rna-XM_057812276.1	A
BRAKERILHT00000008589	A	rna-XM_057812691.1	A
BRAKERILHT00000008974	A	rna-XM_057811724.1	A
BRAKERILHT00000008710	A	rna-XM_057800055.1	A
BRAKERILHT00000009709	A	rna-XM_057796015.1	A
BRAKERILHT00000009566	A	rna-XM_057796876.1	A
BRAKERILHT00000008505	A	rna-XM_057805158.1	A
BRAKERILHT00000009140	A	rna-XM_057815675.1	A
BRAKERILHT00000009834	A	rna-XM_057812041.1	A
BRAKERILHT00000009541	A	rna-XM_057802403.1	A
BRAKERILHT00000008869	A	rna-XM_057815681.1	A
BRAKERILHT00000008876	A	rna-XM_057803974.1	A
BRAKERILHT00000009494	A	rna-XM_057815984.1	A
BRAKERILHT00000008717	A	rna-XM_057802952.1	A
BRAKERILHT00000010376	A	rna-XM_057802938.1	A
BRAKERILHT00000010327	A	rna-XM_057802946.1	A
BRAKERILHT00000009023	A	rna-XM_057802954.1	A
BRAKERILHT00000009714	A	rna-XM_057804418.1	A
BRAKERILHT00000010266	A	rna-XM_057800023.1	A
BRAKERILHT00000008659	A	rna-XM_057814389.1	A
BRAKERILHT00000009507	A	rna-XM_057814402.1	A
BRAKERILHT00000009317	A	rna-XM_057814386.1	A
BRAKERILHT00000010404	A	rna-XM_057795344.1	A
BRAKERILHT00000010271	A	rna-XM_057795343.1	A
BRAKERILHT00000009109	A	rna-XM_057807029.1	X
BRAKERILHT00000009303	A	rna-XM_057794881.1	X
BRAKERILHT00000008936	A	rna-XM_057800362.1	A
BRAKERILHT00000010307	A	rna-XM_057795064.1	A
BRAKERILHT00000009251	A	rna-XM_057800070.1	A
BRAKERILHT00000009702	A	rna-XM_057800071.1	A
BRAKERILHT00000010343	A	rna-XM_057812070.1	A
BRAKERILHT00000008831	A	rna-XM_057811539.1	A
BRAKERILHT00000008519	A	rna-XM_057810101.1	A
BRAKERILHT00000009162	A	rna-XM_057804967.1	A
BRAKERILHT00000009577	A	rna-XM_057804944.1	A
BRAKERILHT00000008808	A	rna-XM_057796399.1	A
BRAKERILHT00000009330	A	rna-XM_057796721.1	A
BRAKERILHT00000009631	A	rna-XM_057812029.1	A
BRAKERILHT00000008965	A	rna-XM_057812028.1	A
BRAKERILHT00000010345	A	rna-XM_057796532.1	A
BRAKERILHT00000009594	A	rna-XM_057796530.1	A
BRAKERILHT00000009157	A	rna-XM_057796514.1	A
BRAKERILHT00000009588	A	rna-XM_057799159.1	X
BRAKERILHT00000009499	A	rna-XM_057811432.1	A
BRAKERILHT00000009984	A	rna-XM_057815699.1	A
BRAKERILHT00000009102	A	rna-XM_057800637.1	A
BRAKERILHT00000009158	A	rna-XM_057798376.1	A
BRAKERILHT00000009917	A	rna-XM_057814393.1	A
BRAKERILHT00000010344	A	rna-XM_057795419.1	A
BRAKERILHT00000009048	A	rna-XM_057812485.1	A
BRAKERILHT00000009615	A	rna-XM_057804822.1	A
BRAKERILHT00000008884	A	rna-XM_057804830.1	A
BRAKERILHT00000008596	A	rna-XM_057813660.1	A
BRAKERILHT00000009456	A	rna-XM_057812646.1	A
BRAKERILHT00000010042	A	rna-XM_057799087.1	A
BRAKERILHT00000009437	A	rna-XM_057813099.1	A
BRAKERILHT00000010363	A	rna-XM_057813098.1	A
BRAKERILHT00000009813	A	rna-XM_057813106.1	A
BRAKERILHT00000009042	A	rna-XM_057811047.1	X
BRAKERILHT00000009593	A	rna-XM_057816736.1	A
BRAKERILHT00000008757	A	rna-XM_057815065.1	A
BRAKERILHT00000009273	A	rna-XM_057815062.1	A
BRAKERILHT00000009166	A	rna-XM_057803441.1	A
BRAKERILHT00000010018	A	rna-XM_057808813.1	A
BRAKERILHT00000009461	A	rna-XM_057808811.1	A
BRAKERILHT00000008872	A	rna-XM_057808800.1	A
BRAKERILHT00000009735	A	rna-XM_057808798.1	A
BRAKERILHT00000009126	A	rna-XM_057812422.1	A
BRAKERILHT00000009756	A	rna-XM_057813516.1	A
BRAKERILHT00000009641	A	rna-XM_057804493.1	A
BRAKERILHT00000009815	A	rna-XM_057802944.1	A
BRAKERILHT00000010365	A	rna-XM_057795712.1	A
BRAKERILHT00000008497	A	rna-XM_057810428.1	A
BRAKERILHT00000009037	A	rna-XM_057795710.1	A
BRAKERILHT00000009612	A	rna-XM_057800129.1	A
BRAKERILHT00000009241	A	rna-XM_057800112.1	A
BRAKERILHT00000010100	A	rna-XM_057808085.1	A
BRAKERILHT00000009216	A	rna-XM_057808099.1	A
BRAKERILHT00000010390	A	rna-XM_057807632.1	A
BRAKERILHT00000009950	A	rna-XM_057813854.1	A
BRAKERILHT00000010346	A	rna-XM_057813851.1	A
BRAKERILHT00000008907	A	rna-XM_057813846.1	A
BRAKERILHT00000010117	A	rna-XM_057814646.1	A
BRAKERILHT00000008488	A	rna-XM_057813840.1	A
BRAKERILHT00000008686	A	rna-XM_057800165.1	A
BRAKERILHT00000009000	A	rna-XM_057801223.1	A
BRAKERILHT00000009799	A	rna-XM_057801235.1	A
BRAKERILHT00000008648	A	rna-XM_057803793.1	A
BRAKERILHT00000008933	A	rna-XM_057797215.1	A
BRAKERILHT00000009182	A	rna-XM_057796862.1	X
BRAKERILHT00000009105	A	rna-XM_057797216.1	A
BRAKERILHT00000010267	A	rna-XM_057811471.1	A
BRAKERILHT00000009927	A	rna-XM_057797221.1	A
BRAKERILHT00000009677	A	rna-XM_057803485.1	A
BRAKERILHT00000008622	A	rna-XM_057803481.1	A
BRAKERILHT00000009790	A	rna-XM_057808231.1	A
BRAKERILHT00000010334	A	rna-XM_057807765.1	A
BRAKERILHT00000008942	A	rna-XM_057807636.1	A
BRAKERILHT00000008552	A	rna-XM_057808847.1	A
BRAKERILHT00000009951	A	rna-XM_057808846.1	A
BRAKERILHT00000008999	A	rna-XM_057808501.1	A
BRAKERILHT00000009772	A	rna-XM_057803272.1	A
BRAKERILHT00000010189	A	rna-XM_057803268.1	A
BRAKERILHT00000009151	A	rna-XM_057802670.1	A
BRAKERILHT00000009587	A	rna-XM_057807279.1	A
BRAKERILHT00000009242	A	rna-XM_057808295.1	A
BRAKERILHT00000008826	A	rna-XM_057808855.1	A
BRAKERILHT00000008729	A	rna-XM_057801623.1	A
BRAKERILHT00000009634	A	rna-XM_057808046.1	A
BRAKERILHT00000008557	A	rna-XM_057808289.1	A
BRAKERILHT00000010011	A	rna-XM_057807899.1	A
BRAKERILHT00000008582	A	rna-XM_057807912.1	A
BRAKERILHT00000009734	A	rna-XM_057809371.1	X
BRAKERILHT00000009017	A	rna-XM_057809349.1	X
BRAKERILHT00000008797	A	rna-XM_057808945.1	X
BRAKERILHT00000010170	A	rna-XM_057809069.1	A
BRAKERILHT00000008520	A	rna-XM_057808578.1	A
BRAKERILHT00000010339	A	rna-XM_057809053.1	A
BRAKERILHT00000009466	A	rna-XM_057809051.1	A
BRAKERILHT00000010007	A	rna-XM_057809071.1	A
BRAKERILHT00000008887	A	rna-XM_057809067.1	A
BRAKERILHT00000009469	A	rna-XM_057809079.1	A
BRAKERILHT00000009365	A	rna-XM_057808814.1	A
BRAKERILHT00000009571	A	rna-XM_057808488.1	A
BRAKERILHT00000009696	A	rna-XM_057808494.1	A
BRAKERILHT00000010396	A	rna-XM_057808248.1	A
BRAKERILHT00000008709	A	rna-XM_057812810.1	A
BRAKERILHT00000009106	A	rna-XM_057810845.1	A
BRAKERILHT00000009562	A	rna-XM_057810844.1	A
BRAKERILHT00000010251	A	rna-XM_057810841.1	A
BRAKERILHT00000010375	A	rna-XM_057807788.1	A
BRAKERILHT00000010273	A	rna-XM_057807784.1	A
BRAKERILHT00000009145	A	rna-XM_057802431.1	A
BRAKERILHT00000008897	A	rna-XM_057802418.1	A
BRAKERILHT00000010048	A	rna-XM_057802539.1	A
BRAKERILHT00000008629	A	rna-XM_057802619.1	A
BRAKERILHT00000009448	A	rna-XM_057802382.1	A
BRAKERILHT00000009138	A	rna-XM_057815125.1	A
BRAKERILHT00000009993	A	rna-XM_057815130.1	A
BRAKERILHT00000008499	A	rna-XM_057815089.1	A
BRAKERILHT00000009015	A	rna-XM_057815122.1	A
BRAKERILHT00000009183	A	rna-XM_057815117.1	A
BRAKERILHT00000009892	A	rna-XM_057798074.1	A
BRAKERILHT00000010313	A	rna-XM_057815127.1	A
BRAKERILHT00000008564	A	rna-XM_057815078.1	A
BRAKERILHT00000009380	A	rna-XM_057815128.1	A
BRAKERILHT00000009691	A	rna-XM_057815123.1	A
BRAKERILHT00000009427	A	rna-XM_057812477.1	A
BRAKERILHT00000009684	A	rna-XM_057814146.1	A
BRAKERILHT00000010001	A	rna-XM_057815131.1	A
BRAKERILHT00000008535	A	rna-XM_057814150.1	A
BRAKERILHT00000009253	A	rna-XM_057803371.1	X
BRAKERILHT00000008715	A	rna-XM_057806392.1	A
BRAKERILHT00000010143	A	rna-XM_057801652.1	A
BRAKERILHT00000009592	A	rna-XM_057801653.1	A
BRAKERILHT00000009821	A	rna-XM_057796831.1	A
BRAKERILHT00000009044	A	rna-XM_057809865.1	A
BRAKERILHT00000010158	A	rna-XM_057809868.1	A
BRAKERILHT00000009243	A	rna-XM_057809881.1	A
BRAKERILHT00000010368	A	rna-XM_057809871.1	A
BRAKERILHT00000008682	A	rna-XM_057809882.1	A
BRAKERILHT00000009167	A	rna-XM_057812820.1	A
BRAKERILHT00000008771	A	rna-XM_057809415.1	A
BRAKERILHT00000009622	A	rna-XM_057809085.1	A
BRAKERILHT00000008608	A	rna-XM_057809545.1	A
BRAKERILHT00000010308	A	rna-XM_057811834.1	A
BRAKERILHT00000009894	A	rna-XM_057798209.1	A
BRAKERILHT00000009199	A	rna-XM_057798210.1	A
BRAKERILHT00000008793	A	rna-XM_057812923.1	A
BRAKERILHT00000010284	A	rna-XM_057812040.1	A
BRAKERILHT00000009187	A	rna-XM_057800476.1	A
BRAKERILHT00000008789	A	rna-XM_057810715.1	A
BRAKERILHT00000010163	A	rna-XM_057815005.1	A
BRAKERILHT00000009007	A	rna-XM_057799923.1	A
BRAKERILHT00000008992	A	rna-XM_057800336.1	A
BRAKERILHT00000009293	A	rna-XM_057800912.1	A
BRAKERILHT00000009488	A	rna-XM_057803136.1	A
BRAKERILHT00000010248	A	rna-XM_057803148.1	A
BRAKERILHT00000009194	A	rna-XM_057811842.1	A
BRAKERILHT00000010332	A	rna-XM_057814895.1	A
BRAKERILHT00000008835	A	rna-XM_057814898.1	A
BRAKERILHT00000008510	A	rna-XM_057814907.1	A
BRAKERILHT00000009918	A	rna-XM_057814908.1	A
BRAKERILHT00000010084	A	rna-XM_057814910.1	A
BRAKERILHT00000008795	A	rna-XM_057814912.1	A
BRAKERILHT00000009726	A	rna-XM_057814913.1	A
BRAKERILHT00000009150	A	rna-XM_057814915.1	A
BRAKERILHT00000010040	A	rna-XM_057795177.1	A
BRAKERILHT00000009504	A	rna-XM_057814914.1	A
BRAKERILHT00000010272	A	rna-XM_057814916.1	A
BRAKERILHT00000009983	A	rna-XM_057813838.1	A
BRAKERILHT00000009680	A	rna-XM_057814917.1	A
BRAKERILHT00000008882	A	rna-XM_057795281.1	A
BRAKERILHT00000009478	A	rna-XM_057799918.1	A
BRAKERILHT00000009050	A	rna-XM_057795585.1	A
BRAKERILHT00000010362	A	rna-XM_057800599.1	A
BRAKERILHT00000009546	A	rna-XM_057814892.1	A
BRAKERILHT00000009319	A	rna-XM_057812265.1	A
BRAKERILHT00000009118	A	rna-XM_057812273.1	A
BRAKERILHT00000009416	A	rna-XM_057811253.1	A
BRAKERILHT00000009930	A	rna-XM_057812566.1	A
BRAKERILHT00000008917	A	rna-XM_057813208.1	A
BRAKERILHT00000009014	A	rna-XM_057814923.1	A
BRAKERILHT00000008556	A	rna-XM_057810257.1	A
BRAKERILHT00000009944	A	rna-XM_057814893.1	A
BRAKERILHT00000008937	A	rna-XM_057803036.1	A
BRAKERILHT00000010331	A	rna-XM_057803063.1	A
BRAKERILHT00000008758	A	rna-XM_057803530.1	A
BRAKERILHT00000010006	A	rna-XM_057803525.1	A
BRAKERILHT00000008492	A	rna-XM_057811348.1	A
BRAKERILHT00000009747	A	rna-XM_057814818.1	A
BRAKERILHT00000010358	A	rna-XM_057809809.1	A
BRAKERILHT00000010091	A	rna-XM_057809341.1	A
BRAKERILHT00000009288	A	rna-XM_057804705.1	A
BRAKERILHT00000009762	A	rna-XM_057815972.1	A
BRAKERILHT00000009356	A	rna-XM_057810535.1	A
BRAKERILHT00000009308	A	rna-XM_057815472.1	A
BRAKERILHT00000008902	A	rna-XM_057815523.1	A
BRAKERILHT00000009949	A	rna-XM_057795289.1	A
BRAKERILHT00000009513	A	rna-XM_057795077.1	A
BRAKERILHT00000008662	A	rna-XM_057815562.1	A
BRAKERILHT00000008893	A	rna-XM_057803491.1	A
BRAKERILHT00000009413	A	rna-XM_057795080.1	A
BRAKERILHT00000009792	A	rna-XM_057802306.1	A
BRAKERILHT00000009142	A	rna-XM_057795132.1	A
BRAKERILHT00000008962	A	rna-XM_057795135.1	A
BRAKERILHT00000008990	A	rna-XM_057795141.1	A
BRAKERILHT00000010031	A	rna-XM_057795140.1	A
BRAKERILHT00000008526	A	rna-XM_057805460.1	A
BRAKERILHT00000009557	A	rna-XM_057809377.1	A
BRAKERILHT00000010239	A	rna-XM_057809375.1	A
BRAKERILHT00000008731	A	rna-XM_057813068.1	A
BRAKERILHT00000008673	A	rna-XM_057802049.1	A
BRAKERILHT00000009925	A	rna-XM_057803608.1	A
BRAKERILHT00000009496	A	rna-XM_057803607.1	A
BRAKERILHT00000008559	A	rna-XM_057797789.1	A
BRAKERILHT00000009225	A	rna-XM_057801747.1	A
BRAKERILHT00000008830	A	rna-XM_057802268.1	A
BRAKERILHT00000010353	A	rna-XM_057812044.1	A
BRAKERILHT00000010159	A	rna-XM_057800121.1	A
BRAKERILHT00000009278	A	rna-XM_057804597.1	A
BRAKERILHT00000010045	A	rna-XM_057813515.1	A
BRAKERILHT00000009165	A	rna-XM_057805125.1	A
BRAKERILHT00000009619	A	rna-XM_057797407.1	A
BRAKERILHT00000008728	A	rna-XM_057804179.1	A
BRAKERILHT00000009581	A	rna-XM_057795764.1	A
BRAKERILHT00000008748	A	rna-XM_057796846.1	A
BRAKERILHT00000009305	A	rna-XM_057810883.1	A
BRAKERILHT00000009745	A	rna-XM_057810863.1	A
BRAKERILHT00000010319	A	rna-XM_057808001.1	A
BRAKERILHT00000009850	A	rna-XM_057810523.1	A
BRAKERILHT00000009674	A	rna-XM_057796534.1	A
BRAKERILHT00000009005	A	rna-XM_057796356.1	A
BRAKERILHT00000010085	A	rna-XM_057796513.1	A
BRAKERILHT00000009980	A	rna-XM_057804266.1	A
BRAKERILHT00000008915	A	rna-XM_057804478.1	A
BRAKERILHT00000009315	A	rna-XM_057806852.1	A
BRAKERILHT00000009798	A	rna-XM_057811441.1	A
BRAKERILHT00000010174	A	rna-XM_057797525.1	A
BRAKERILHT00000010147	A	rna-XM_057795360.1	A
BRAKERILHT00000009052	A	rna-XM_057797279.1	A
BRAKERILHT00000008533	A	rna-XM_057798546.1	A
BRAKERILHT00000009961	A	rna-XM_057794884.1	A
BRAKERILHT00000009331	A	rna-XM_057813305.1	A
BRAKERILHT00000010217	A	rna-XM_057814288.1	A
BRAKERILHT00000008948	A	rna-XM_057799233.1	A
BRAKERILHT00000010155	A	rna-XM_057799237.1	A
BRAKERILHT00000009471	A	rna-XM_057799232.1	A
BRAKERILHT00000008931	A	rna-XM_057802656.1	A
BRAKERILHT00000009933	A	rna-XM_057798790.1	A
BRAKERILHT00000008784	A	rna-XM_057801937.1	A
BRAKERILHT00000010318	A	rna-XM_057802314.1	A
BRAKERILHT00000010136	A	rna-XM_057802315.1	A
BRAKERILHT00000009812	A	rna-XM_057802316.1	A
BRAKERILHT00000009347	A	rna-XM_057802317.1	A
BRAKERILHT00000008714	A	rna-XM_057796930.1	A
BRAKERILHT00000009686	A	rna-XM_057797110.1	A
BRAKERILHT00000009903	A	rna-XM_057812495.1	A
BRAKERILHT00000009383	A	rna-XM_057803733.1	A
BRAKERILHT00000008524	A	rna-XM_057803615.1	X
BRAKERILHT00000010035	A	rna-XM_057803259.1	A
BRAKERILHT00000010279	A	rna-XM_057801119.1	A
BRAKERILHT00000009172	A	rna-XM_057801121.1	A
BRAKERILHT00000009723	A	rna-XM_057814185.1	A
BRAKERILHT00000010399	A	rna-XM_057814178.1	A
BRAKERILHT00000008898	A	rna-XM_057803743.1	A
BRAKERILHT00000009212	A	rna-XM_057814187.1	A
BRAKERILHT00000009868	A	rna-XM_057811428.1	A
BRAKERILHT00000010354	A	rna-XM_057811446.1	A
BRAKERILHT00000008833	A	rna-XM_057813937.1	A
BRAKERILHT00000008997	A	rna-XM_057811410.1	A
BRAKERILHT00000009676	A	rna-XM_057803604.1	A
BRAKERILHT00000010128	A	rna-XM_057811416.1	A
BRAKERILHT00000008637	A	rna-XM_057805005.1	A
BRAKERILHT00000009752	A	rna-XM_057795911.1	A
BRAKERILHT00000009716	A	rna-XM_057795772.1	A
BRAKERILHT00000010392	A	rna-XM_057813382.1	A
BRAKERILHT00000010194	A	rna-XM_057809869.1	A
BRAKERILHT00000009873	A	rna-XM_057809074.1	A
BRAKERILHT00000009310	A	rna-XM_057808958.1	A
BRAKERILHT00000009973	A	rna-XM_057809937.1	A
BRAKERILHT00000009653	A	rna-XM_057809317.1	A
BRAKERILHT00000009765	A	rna-XM_057797549.1	A
BRAKERILHT00000008588	A	rna-XM_057798100.1	A
BRAKERILHT00000008730	A	rna-XM_057809701.1	A
BRAKERILHT00000008851	A	rna-XM_057797551.1	A
BRAKERILHT00000010321	A	rna-XM_057797550.1	A
BRAKERILHT00000009908	A	rna-XM_057805687.1	A
BRAKERILHT00000008718	A	rna-XM_057799958.1	A
BRAKERILHT00000009667	A	rna-XM_057797788.1	A
BRAKERILHT00000008632	A	rna-XM_057801019.1	A
BRAKERILHT00000008983	A	rna-XM_057801130.1	A
BRAKERILHT00000009441	A	rna-XM_057801137.1	A
BRAKERILHT00000010366	A	rna-XM_057801132.1	A
BRAKERILHT00000008536	A	rna-XM_057797194.1	A
BRAKERILHT00000009057	A	rna-XM_057799693.1	A
BRAKERILHT00000008820	A	rna-XM_057809544.1	A
BRAKERILHT00000009604	A	rna-XM_057802023.1	A
BRAKERILHT00000009901	A	rna-XM_057803480.1	A
BRAKERILHT00000010191	A	rna-XM_057803486.1	A
BRAKERILHT00000008972	A	rna-XM_057797645.1	A
BRAKERILHT00000009505	A	rna-XM_057797815.1	A
BRAKERILHT00000010060	A	rna-XM_057809344.1	A
BRAKERILHT00000009031	A	rna-XM_057809046.1	A
BRAKERILHT00000010121	A	rna-XM_057811417.1	A
BRAKERILHT00000010165	A	rna-XM_057811439.1	A
BRAKERILHT00000009111	A	rna-XM_057799696.1	A
BRAKERILHT00000008726	A	rna-XM_057798676.1	A
BRAKERILHT00000009776	A	rna-XM_057812012.1	A
BRAKERILHT00000008919	A	rna-XM_057809076.1	A
BRAKERILHT00000009962	A	rna-XM_057809542.1	A
BRAKERILHT00000008713	A	rna-XM_057809063.1	A
BRAKERILHT00000008646	A	rna-XM_057802084.1	A
BRAKERILHT00000009795	A	rna-XM_057802360.1	A
BRAKERILHT00000008911	A	rna-XM_057803158.1	A
BRAKERILHT00000010000	A	rna-XM_057798898.1	A
BRAKERILHT00000008560	A	rna-XM_057795946.1	A
BRAKERILHT00000010325	A	rna-XM_057807178.1	A
BRAKERILHT00000009909	A	rna-XM_057801255.1	A
BRAKERILHT00000009234	A	rna-XM_057811709.1	A
BRAKERILHT00000008811	A	rna-XM_057798678.1	A
BRAKERILHT00000010056	A	rna-XM_057798701.1	A
BRAKERILHT00000009056	A	rna-XM_057797966.1	A
BRAKERILHT00000009377	A	rna-XM_057797967.1	A
BRAKERILHT00000010258	A	rna-XM_057797975.1	A
BRAKERILHT00000009223	A	rna-XM_057797145.1	A
BRAKERILHT00000010017	A	rna-XM_057797138.1	A
BRAKERILHT00000009373	A	rna-XM_057797150.1	A
BRAKERILHT00000010381	A	rna-XM_057797181.1	A
BRAKERILHT00000009442	A	rna-XM_057797153.1	A
BRAKERILHT00000008621	A	rna-XM_057797123.1	A
BRAKERILHT00000008896	A	rna-XM_057797159.1	A
BRAKERILHT00000009419	A	rna-XM_057797113.1	A
BRAKERILHT00000009974	A	rna-XM_057797122.1	A
BRAKERILHT00000008545	A	rna-XM_057813470.1	A
BRAKERILHT00000009008	A	rna-XM_057797172.1	A
BRAKERILHT00000009584	A	rna-XM_057797116.1	A
BRAKERILHT00000010180	A	rna-XM_057797114.1	A
BRAKERILHT00000008756	A	rna-XM_057797115.1	A
BRAKERILHT00000009989	A	rna-XM_057796219.1	A
BRAKERILHT00000009269	A	rna-XM_057796220.1	A
BRAKERILHT00000010122	A	rna-XM_057797188.1	A
BRAKERILHT00000010409	A	rna-XM_057797175.1	A
BRAKERILHT00000008834	A	rna-XM_057814580.1	A
BRAKERILHT00000008570	A	rna-XM_057812480.1	A
BRAKERILHT00000009009	A	rna-XM_057812959.1	A
BRAKERILHT00000009468	A	rna-XM_057812447.1	A
BRAKERILHT00000010243	A	rna-XM_057813186.1	A
BRAKERILHT00000010138	A	rna-XM_057811952.1	A
BRAKERILHT00000009875	A	rna-XM_057811958.1	A
BRAKERILHT00000009548	A	rna-XM_057807917.1	A
BRAKERILHT00000008863	A	rna-XM_057807673.1	A
BRAKERILHT00000008661	A	rna-XM_057807701.1	A
BRAKERILHT00000008892	A	rna-XM_057807686.1	A
BRAKERILHT00000008687	A	rna-XM_057798931.1	A
BRAKERILHT00000009746	A	rna-XM_057812631.1	A
BRAKERILHT00000009197	A	rna-XM_057812947.1	A
BRAKERILHT00000009386	A	rna-XM_057798792.1	A
BRAKERILHT00000008506	A	rna-XM_057813686.1	A
BRAKERILHT00000009127	A	rna-XM_057800322.1	A
BRAKERILHT00000008597	A	rna-XM_057800954.1	A
BRAKERILHT00000010023	A	rna-XM_057811705.1	A
BRAKERILHT00000010024	A	rna-XM_057814186.1	A
BRAKERILHT00000009728	A	rna-XM_057800346.1	A
BRAKERILHT00000009397	A	rna-XM_057807507.1	A
BRAKERILHT00000009931	A	rna-XM_057807506.1	A
BRAKERILHT00000009609	A	rna-XM_057808498.1	A
BRAKERILHT00000009062	A	rna-XM_057807628.1	A
BRAKERILHT00000008516	A	rna-XM_057808158.1	A
BRAKERILHT00000010395	A	rna-XM_057808831.1	A
BRAKERILHT00000010125	A	rna-XM_057808830.1	A
BRAKERILHT00000010137	A	rna-XM_057811247.1	A
BRAKERILHT00000010269	A	rna-XM_057808245.1	A
BRAKERILHT00000008611	A	rna-XM_057798076.1	A
BRAKERILHT00000009125	A	rna-XM_057808815.1	A
BRAKERILHT00000008609	A	rna-XM_057796437.1	A
BRAKERILHT00000009133	A	rna-XM_057813383.1	X
BRAKERILHT00000008885	A	rna-XM_057803919.1	A
BRAKERILHT00000009408	A	rna-XM_057809210.1	A
BRAKERILHT00000009363	A	rna-XM_057809925.1	A
BRAKERILHT00000008490	A	rna-XM_057799753.1	A
BRAKERILHT00000009169	A	rna-XM_057799744.1	A
BRAKERILHT00000009556	A	rna-XM_057798023.1	A
BRAKERILHT00000009452	A	rna-XM_057798024.1	A
BRAKERILHT00000008916	A	rna-XM_057799750.1	A
BRAKERILHT00000010310	A	rna-XM_057807809.1	A
BRAKERILHT00000008987	A	rna-XM_057799454.1	A
BRAKERILHT00000009966	A	rna-XM_057798804.1	A
BRAKERILHT00000009617	A	rna-XM_057797737.1	A
BRAKERILHT00000008894	A	rna-XM_057798304.1	A
BRAKERILHT00000009257	A	rna-XM_057797741.1	A
BRAKERILHT00000009829	A	rna-XM_057798007.1	A
BRAKERILHT00000009047	A	rna-XM_057798176.1	A
BRAKERILHT00000009729	A	rna-XM_057797747.1	A
BRAKERILHT00000010193	A	rna-XM_057797746.1	A
BRAKERILHT00000009311	A	rna-XM_057795924.1	A
BRAKERILHT00000008980	A	rna-XM_057800162.1	A
BRAKERILHT00000010099	A	rna-XM_057809787.1	A
BRAKERILHT00000009560	A	rna-XM_057809794.1	A
BRAKERILHT00000009260	A	rna-XM_057813674.1	A
BRAKERILHT00000008742	A	rna-XM_057815044.1	A
BRAKERILHT00000010367	A	rna-XM_057815042.1	A
BRAKERILHT00000008587	A	rna-XM_057812456.1	A
BRAKERILHT00000008653	A	rna-XM_057803071.1	A
BRAKERILHT00000009088	A	rna-XM_057813792.1	A
BRAKERILHT00000009643	A	rna-XM_057816735.1	A
BRAKERILHT00000008854	A	rna-XM_057802366.1	A
BRAKERILHT00000008633	A	rna-XM_057807333.1	A
BRAKERILHT00000009179	A	rna-XM_057815396.1	A
BRAKERILHT00000008853	A	rna-XM_057814243.1	A
BRAKERILHT00000009384	A	rna-XM_057796947.1	A
BRAKERILHT00000008780	A	rna-XM_057796956.1	A
BRAKERILHT00000009326	A	rna-XM_057796957.1	A
BRAKERILHT00000009884	A	rna-XM_057796963.1	A
BRAKERILHT00000009970	A	rna-XM_057795630.1	A
BRAKERILHT00000009121	A	rna-XM_057810164.1	A
BRAKERILHT00000009415	A	rna-XM_057816634.1	A
BRAKERILHT00000009486	A	rna-XM_057805495.1	A
BRAKERILHT00000010255	A	rna-XM_057813093.1	A
BRAKERILHT00000008849	A	rna-XM_057807109.1	A
BRAKERILHT00000008628	A	rna-XM_057807096.1	A
BRAKERILHT00000009129	A	rna-XM_057807097.1	A
BRAKERILHT00000009435	A	rna-XM_057807110.1	A
BRAKERILHT00000008890	A	rna-XM_057807098.1	A
BRAKERILHT00000009429	A	rna-XM_057807455.1	A
BRAKERILHT00000009457	A	rna-XM_057807454.1	A
BRAKERILHT00000009425	A	rna-XM_057807452.1	A
BRAKERILHT00000009740	A	rna-XM_057806942.1	A
BRAKERILHT00000009831	A	rna-XM_057807330.1	A
BRAKERILHT00000009402	A	rna-XM_057814156.1	A
BRAKERILHT00000010092	A	rna-XM_057814247.1	A
BRAKERILHT00000009334	A	rna-XM_057815138.1	A
BRAKERILHT00000008539	A	rna-XM_057802090.1	A
BRAKERILHT00000009946	A	rna-XM_057812635.1	A
BRAKERILHT00000009610	A	rna-XM_057812514.1	A
BRAKERILHT00000009069	A	rna-XM_057813254.1	A
BRAKERILHT00000008938	A	rna-XM_057812193.1	A
BRAKERILHT00000010328	A	rna-XM_057799867.1	A
BRAKERILHT00000009026	A	rna-XM_057796538.1	A
BRAKERILHT00000010326	A	rna-XM_057796539.1	A
BRAKERILHT00000009180	A	rna-XM_057803123.1	A
BRAKERILHT00000010208	A	rna-XM_057808142.1	A
BRAKERILHT00000010005	A	rna-XM_057808143.1	A
BRAKERILHT00000008839	A	rna-XM_057808943.1	A
BRAKERILHT00000010391	A	rna-XM_057808095.1	A
BRAKERILHT00000009644	A	rna-XM_057803101.1	A
BRAKERILHT00000009360	A	rna-XM_057803091.1	A
BRAKERILHT00000008883	A	rna-XM_057810094.1	A
BRAKERILHT00000008548	A	rna-XM_057806079.1	A
BRAKERILHT00000009687	A	rna-XM_057805946.1	A
BRAKERILHT00000010236	A	rna-XM_057810162.1	A
BRAKERILHT00000009387	A	rna-XM_057803971.1	A
BRAKERILHT00000009136	A	rna-XM_057813311.1	A
BRAKERILHT00000009323	A	rna-XM_057814786.1	A
BRAKERILHT00000008580	A	rna-XM_057813020.1	A
BRAKERILHT00000009766	A	rna-XM_057813427.1	A
BRAKERILHT00000009211	A	rna-XM_057804794.1	A
BRAKERILHT00000008904	A	rna-XM_057810903.1	A
BRAKERILHT00000009824	A	rna-XM_057813428.1	A
BRAKERILHT00000010030	A	rna-XM_057815784.1	A
BRAKERILHT00000010213	A	rna-XM_057816859.1	A
BRAKERILHT00000008946	A	rna-XM_057816860.1	A
BRAKERILHT00000010340	A	rna-XM_057815935.1	A
BRAKERILHT00000009433	A	rna-XM_057795426.1	A
BRAKERILHT00000009370	A	rna-XM_057815670.1	A
BRAKERILHT00000010152	A	rna-XM_057806823.1	A
BRAKERILHT00000009717	A	rna-XM_057807947.1	A
BRAKERILHT00000009501	A	rna-XM_057808041.1	A
BRAKERILHT00000009328	A	rna-XM_057810541.1	A
BRAKERILHT00000009871	A	rna-XM_057801769.1	A
BRAKERILHT00000010274	A	rna-XM_057810544.1	A
BRAKERILHT00000009115	A	rna-XM_057810772.1	A
BRAKERILHT00000009669	A	rna-XM_057810776.1	A
BRAKERILHT00000009228	A	rna-XM_057810540.1	A
BRAKERILHT00000010301	A	rna-XM_057802473.1	A
BRAKERILHT00000010302	A	rna-XM_057809687.1	A
BRAKERILHT00000009006	A	rna-XM_057805502.1	A
BRAKERILHT00000010093	A	rna-XM_057801655.1	A
BRAKERILHT00000010198	A	rna-XM_057802470.1	A
BRAKERILHT00000009906	A	rna-XM_057803463.1	A
BRAKERILHT00000008762	A	rna-XM_057802930.1	A
BRAKERILHT00000009561	A	rna-XM_057807824.1	A
BRAKERILHT00000010245	A	rna-XM_057805241.1	A
BRAKERILHT00000008528	A	rna-XM_057803357.1	A
BRAKERILHT00000009289	A	rna-XM_057803356.1	A
BRAKERILHT00000009668	A	rna-XM_057802353.1	A
BRAKERILHT00000008740	A	rna-XM_057800105.1	A
BRAKERILHT00000008601	A	rna-XM_057801909.1	A
BRAKERILHT00000009116	A	rna-XM_057810549.1	A
BRAKERILHT00000009940	A	rna-XM_057810548.1	A
BRAKERILHT00000008546	A	rna-XM_057810546.1	A
BRAKERILHT00000009335	A	rna-XM_057810777.1	A
BRAKERILHT00000009899	A	rna-XM_057810770.1	A
BRAKERILHT00000010090	A	rna-XM_057810530.1	A
BRAKERILHT00000008994	A	rna-XM_057810771.1	A
BRAKERILHT00000009155	A	rna-XM_057810533.1	A
BRAKERILHT00000010197	A	rna-XM_057810534.1	A
BRAKERILHT00000010044	A	rna-XM_057810537.1	A
BRAKERILHT00000008640	A	rna-XM_057810538.1	A
BRAKERILHT00000010423	A	rna-XM_057802489.1	A
BRAKERILHT00000010829	A	rna-XM_057811457.1	A
BRAKERILHT00000011884	A	rna-XM_057813386.1	A
BRAKERILHT00000011451	A	rna-XM_057813387.1	A
BRAKERILHT00000011022	A	rna-XM_057813328.1	A
BRAKERILHT00000012131	A	rna-XM_057800654.1	A
BRAKERILHT00000010878	A	rna-XM_057813715.1	A
BRAKERILHT00000010929	A	rna-XM_057800093.1	A
BRAKERILHT00000012138	A	rna-XM_057800820.1	A
BRAKERILHT00000011595	A	rna-XM_057814092.1	A
BRAKERILHT00000011211	A	rna-XM_057814093.1	A
BRAKERILHT00000010667	A	rna-XM_057814365.1	A
BRAKERILHT00000010909	A	rna-XM_057814367.1	A
BRAKERILHT00000012312	A	rna-XM_057811329.1	A
BRAKERILHT00000011403	A	rna-XM_057814582.1	A
BRAKERILHT00000012057	A	rna-XM_057812141.1	A
BRAKERILHT00000010679	A	rna-XM_057812146.1	A
BRAKERILHT00000011324	A	rna-XM_057812150.1	A
BRAKERILHT00000011751	A	rna-XM_057812148.1	A
BRAKERILHT00000010966	A	rna-XM_057815132.1	A
BRAKERILHT00000011144	A	rna-XM_057813411.1	A
BRAKERILHT00000012084	A	rna-XM_057811102.1	A
BRAKERILHT00000010544	A	rna-XM_057811118.1	A
BRAKERILHT00000012031	A	rna-XM_057811110.1	A
BRAKERILHT00000011826	A	rna-XM_057811116.1	A
BRAKERILHT00000012035	A	rna-XM_057796599.1	X
BRAKERILHT00000011612	A	rna-XM_057811502.1	X
BRAKERILHT00000010858	A	rna-XM_057811467.1	X
BRAKERILHT00000011214	A	rna-XM_057811340.1	A
BRAKERILHT00000011664	A	rna-XM_057811334.1	A
BRAKERILHT00000011131	A	rna-XM_057811332.1	A
BRAKERILHT00000011544	A	rna-XM_057811342.1	A
BRAKERILHT00000010467	A	rna-XM_057811726.1	A
BRAKERILHT00000010693	A	rna-XM_057814571.1	A
BRAKERILHT00000012272	A	rna-XM_057813230.1	A
BRAKERILHT00000010722	A	rna-XM_057813228.1	A
BRAKERILHT00000010563	A	rna-XM_057812496.1	A
BRAKERILHT00000011317	A	rna-XM_057806596.1	A
BRAKERILHT00000011795	A	rna-XM_057805935.1	A
BRAKERILHT00000012120	A	rna-XM_057806018.1	A
BRAKERILHT00000011329	A	rna-XM_057797881.1	A
BRAKERILHT00000010677	A	rna-XM_057806910.1	A
BRAKERILHT00000012162	A	rna-XM_057809494.1	A
BRAKERILHT00000012158	A	rna-XM_057804902.1	A
BRAKERILHT00000011545	A	rna-XM_057797424.1	A
BRAKERILHT00000010805	A	rna-XM_057814326.1	A
BRAKERILHT00000012339	A	rna-XM_057814327.1	A
BRAKERILHT00000010718	A	rna-XM_057814290.1	A
BRAKERILHT00000011092	A	rna-XM_057797422.1	A
BRAKERILHT00000011385	A	rna-XM_057795875.1	X
BRAKERILHT00000011021	A	rna-XM_057795839.1	X
BRAKERILHT00000010590	A	rna-XM_057795919.1	X
BRAKERILHT00000011893	A	rna-XM_057795909.1	X
BRAKERILHT00000011406	A	rna-XM_057798794.1	A
BRAKERILHT00000012338	A	rna-XM_057795511.1	X
BRAKERILHT00000011020	A	rna-XM_057810366.1	A
BRAKERILHT00000011682	A	rna-XM_057804621.1	A
BRAKERILHT00000011859	A	rna-XM_057816872.1	A
BRAKERILHT00000010896	A	rna-XM_057816873.1	A
BRAKERILHT00000011034	A	rna-XM_057816874.1	A
BRAKERILHT00000012306	A	rna-XM_057816876.1	A
BRAKERILHT00000010760	A	rna-XM_057815781.1	A
BRAKERILHT00000010735	A	rna-XM_057815891.1	A
BRAKERILHT00000011997	A	rna-XM_057814333.1	A
BRAKERILHT00000011556	A	rna-XM_057797869.1	A
BRAKERILHT00000010975	A	rna-XM_057796962.1	X
BRAKERILHT00000012231	A	rna-XM_057806037.1	X
BRAKERILHT00000011806	A	rna-XM_057811713.1	A
BRAKERILHT00000010458	A	rna-XM_057812995.1	A
BRAKERILHT00000011994	A	rna-XM_057814799.1	A
BRAKERILHT00000011665	A	rna-XM_057816490.1	A
BRAKERILHT00000011207	A	rna-XM_057816489.1	A
BRAKERILHT00000010624	A	rna-XM_057799850.1	A
BRAKERILHT00000011384	A	rna-XM_057814746.1	A
BRAKERILHT00000010902	A	rna-XM_057815024.1	A
BRAKERILHT00000011810	A	rna-XM_057800350.1	A
BRAKERILHT00000011169	A	rna-XM_057796013.1	A
BRAKERILHT00000010990	A	rna-XM_057798485.1	A
BRAKERILHT00000010890	A	rna-XM_057798539.1	A
BRAKERILHT00000011347	A	rna-XM_057815868.1	A
BRAKERILHT00000011756	A	rna-XM_057807321.1	A
BRAKERILHT00000011875	A	rna-XM_057814090.1	A
BRAKERILHT00000012112	A	rna-XM_057812536.1	A
BRAKERILHT00000011807	A	rna-XM_057812538.1	A
BRAKERILHT00000011255	A	rna-XM_057812520.1	A
BRAKERILHT00000011919	A	rna-XM_057804116.1	A
BRAKERILHT00000010713	A	rna-XM_057805237.1	A
BRAKERILHT00000011771	A	rna-XM_057808072.1	A
BRAKERILHT00000011223	A	rna-XM_057797889.1	A
BRAKERILHT00000011109	A	rna-XM_057803681.1	A
BRAKERILHT00000011976	A	rna-XM_057800380.1	A
BRAKERILHT00000010524	A	rna-XM_057798254.1	A
BRAKERILHT00000011352	A	rna-XM_057794872.1	A
BRAKERILHT00000011995	A	rna-XM_057816323.1	A
BRAKERILHT00000011446	A	rna-XM_057794897.1	A
BRAKERILHT00000010924	A	rna-XM_057794898.1	A
BRAKERILHT00000011289	A	rna-XM_057816158.1	A
BRAKERILHT00000010440	A	rna-XM_057816115.1	A
BRAKERILHT00000012129	A	rna-XM_057799532.1	A
BRAKERILHT00000011819	A	rna-XM_057799529.1	A
BRAKERILHT00000011078	A	rna-XM_057799826.1	A
BRAKERILHT00000011714	A	rna-XM_057799839.1	A
BRAKERILHT00000012107	A	rna-XM_057799834.1	A
BRAKERILHT00000011024	A	rna-XM_057809484.1	A
BRAKERILHT00000011618	A	rna-XM_057803897.1	A
BRAKERILHT00000012327	A	rna-XM_057795522.1	A
BRAKERILHT00000012001	A	rna-XM_057801721.1	A
BRAKERILHT00000012270	A	rna-XM_057801719.1	A
BRAKERILHT00000011584	A	rna-XM_057801718.1	A
BRAKERILHT00000010944	A	rna-XM_057802987.1	A
BRAKERILHT00000011539	A	rna-XM_057802983.1	A
BRAKERILHT00000011143	A	rna-XM_057806437.1	A
BRAKERILHT00000011902	A	rna-XM_057806439.1	A
BRAKERILHT00000011737	A	rna-XM_057801699.1	A
BRAKERILHT00000011963	A	rna-XM_057812257.1	A
BRAKERILHT00000011811	A	rna-XM_057812651.1	A
BRAKERILHT00000010654	A	rna-XM_057803297.1	A
BRAKERILHT00000012198	A	rna-XM_057806414.1	A
BRAKERILHT00000011070	A	rna-XM_057813834.1	A
BRAKERILHT00000012060	A	rna-XM_057815034.1	A
BRAKERILHT00000012139	A	rna-XM_057813477.1	A
BRAKERILHT00000011721	A	rna-XM_057813165.1	A
BRAKERILHT00000011204	A	rna-XM_057796161.1	A
BRAKERILHT00000010485	A	rna-XM_057806668.1	A
BRAKERILHT00000011874	A	rna-XM_057806674.1	A
BRAKERILHT00000011569	A	rna-XM_057811097.1	A
BRAKERILHT00000011890	A	rna-XM_057811095.1	A
BRAKERILHT00000011903	A	rna-XM_057811119.1	A
BRAKERILHT00000011872	A	rna-XM_057810320.1	A
BRAKERILHT00000011295	A	rna-XM_057810302.1	A
BRAKERILHT00000012130	A	rna-XM_057813404.1	A
BRAKERILHT00000011046	A	rna-XM_057801350.1	X
BRAKERILHT00000011427	A	rna-XM_057801419.1	X
BRAKERILHT00000011429	A	rna-XM_057812448.1	A
BRAKERILHT00000011871	A	rna-XM_057813316.1	A
BRAKERILHT00000011626	A	rna-XM_057814560.1	A
BRAKERILHT00000010794	A	rna-XM_057814113.1	A
BRAKERILHT00000012251	A	rna-XM_057811325.1	A
BRAKERILHT00000011846	A	rna-XM_057812993.1	A
BRAKERILHT00000011148	A	rna-XM_057812809.1	A
BRAKERILHT00000011222	A	rna-XM_057812859.1	A
BRAKERILHT00000012030	A	rna-XM_057812860.1	A
BRAKERILHT00000011108	A	rna-XM_057812855.1	A
BRAKERILHT00000010947	A	rna-XM_057812875.1	A
BRAKERILHT00000010988	A	rna-XM_057797557.1	A
BRAKERILHT00000012325	A	rna-XM_057802041.1	A
BRAKERILHT00000011336	A	rna-XM_057816170.1	A
BRAKERILHT00000011049	A	rna-XM_057809814.1	A
BRAKERILHT00000011564	A	rna-XM_057800781.1	A
BRAKERILHT00000010484	A	rna-XM_057800775.1	A
BRAKERILHT00000010948	A	rna-XM_057800780.1	A
BRAKERILHT00000012271	A	rna-XM_057813926.1	A
BRAKERILHT00000010609	A	rna-XM_057814020.1	A
BRAKERILHT00000011630	A	rna-XM_057813928.1	A
BRAKERILHT00000010535	A	rna-XM_057807114.1	A
BRAKERILHT00000012276	A	rna-XM_057808304.1	A
BRAKERILHT00000011077	A	rna-XM_057813617.1	A
BRAKERILHT00000010662	A	rna-XM_057812753.1	A
BRAKERILHT00000012167	A	rna-XM_057809100.1	A
BRAKERILHT00000012326	A	rna-XM_057801486.1	X
BRAKERILHT00000010894	A	rna-XM_057810418.1	X
BRAKERILHT00000012256	A	rna-XM_057809093.1	A
BRAKERILHT00000011453	A	rna-XM_057809094.1	A
BRAKERILHT00000011151	A	rna-XM_057806443.1	A
BRAKERILHT00000010831	A	rna-XM_057809274.1	A
BRAKERILHT00000010729	A	rna-XM_057809276.1	A
BRAKERILHT00000012224	A	rna-XM_057811999.1	A
BRAKERILHT00000011909	A	rna-XM_057806288.1	A
BRAKERILHT00000011739	A	rna-XM_057811271.1	A
BRAKERILHT00000010686	A	rna-XM_057796327.1	A
BRAKERILHT00000010627	A	rna-XM_057807554.1	A
BRAKERILHT00000012000	A	rna-XM_057807547.1	A
BRAKERILHT00000010678	A	rna-XM_057810201.1	X
BRAKERILHT00000012171	A	rna-XM_057816767.1	A
BRAKERILHT00000011550	A	rna-XM_057804407.1	A
BRAKERILHT00000012077	A	rna-XM_057812537.1	A
BRAKERILHT00000012303	A	rna-XM_057801545.1	A
BRAKERILHT00000011765	A	rna-XM_057801544.1	A
BRAKERILHT00000010453	A	rna-XM_057798482.1	A
BRAKERILHT00000011153	A	rna-XM_057811485.1	A
BRAKERILHT00000011538	A	rna-XM_057811497.1	A
BRAKERILHT00000010795	A	rna-XM_057800062.1	A
BRAKERILHT00000011346	A	rna-XM_057804384.1	A
BRAKERILHT00000011489	A	rna-XM_057810097.1	A
BRAKERILHT00000010956	A	rna-XM_057804489.1	A
BRAKERILHT00000010510	A	rna-XM_057814584.1	A
BRAKERILHT00000011892	A	rna-XM_057801540.1	A
BRAKERILHT00000010857	A	rna-XM_057802040.1	A
BRAKERILHT00000011647	A	rna-XM_057805176.1	A
BRAKERILHT00000011167	A	rna-XM_057812912.1	A
BRAKERILHT00000011594	A	rna-XM_057806914.1	A
BRAKERILHT00000011058	A	rna-XM_057806915.1	A
BRAKERILHT00000010542	A	rna-XM_057807471.1	A
BRAKERILHT00000011915	A	rna-XM_057813828.1	A
BRAKERILHT00000011898	A	rna-XM_057806890.1	A
BRAKERILHT00000011798	A	rna-XM_057815646.1	A
BRAKERILHT00000011262	A	rna-XM_057806084.1	A
BRAKERILHT00000011687	A	rna-XM_057810902.1	A
BRAKERILHT00000011165	A	rna-XM_057814811.1	A
BRAKERILHT00000011481	A	rna-XM_057797617.1	A
BRAKERILHT00000011168	A	rna-XM_057814364.1	A
BRAKERILHT00000011479	A	rna-XM_057814362.1	A
BRAKERILHT00000012220	A	rna-XM_057811307.1	A
BRAKERILHT00000010843	A	rna-XM_057811310.1	A
BRAKERILHT00000011142	A	rna-XM_057811534.1	A
BRAKERILHT00000011690	A	rna-XM_057811338.1	A
BRAKERILHT00000012281	A	rna-XM_057800795.1	A
BRAKERILHT00000010874	A	rna-XM_057798504.1	A
BRAKERILHT00000011634	A	rna-XM_057799200.1	A
BRAKERILHT00000012012	A	rna-XM_057813521.1	A
BRAKERILHT00000011762	A	rna-XM_057802214.1	A
BRAKERILHT00000012193	A	rna-XM_057806911.1	A
BRAKERILHT00000010691	A	rna-XM_057812792.1	A
BRAKERILHT00000011370	A	rna-XM_057812623.1	A
BRAKERILHT00000012069	A	rna-XM_057812622.1	A
BRAKERILHT00000010807	A	rna-XM_057803724.1	X
BRAKERILHT00000012141	A	rna-XM_057801000.1	A
BRAKERILHT00000010490	A	rna-XM_057806153.1	A
BRAKERILHT00000012016	A	rna-XM_057811616.1	A
BRAKERILHT00000011661	A	rna-XM_057811618.1	A
BRAKERILHT00000010815	A	rna-XM_057811609.1	A
BRAKERILHT00000012334	A	rna-XM_057811615.1	A
BRAKERILHT00000011461	A	rna-XM_057810783.1	A
BRAKERILHT00000010983	A	rna-XM_057806652.1	A
BRAKERILHT00000011923	A	rna-XM_057814867.1	A
BRAKERILHT00000010539	A	rna-XM_057804709.1	A
BRAKERILHT00000011950	A	rna-XM_057806162.1	A
BRAKERILHT00000010573	A	rna-XM_057806160.1	A
BRAKERILHT00000011175	A	rna-XM_057805337.1	A
BRAKERILHT00000011704	A	rna-XM_057807919.1	A
BRAKERILHT00000012228	A	rna-XM_057804629.1	A
BRAKERILHT00000010653	A	rna-XM_057798805.1	A
BRAKERILHT00000010518	A	rna-XM_057798156.1	A
BRAKERILHT00000010918	A	rna-XM_057816935.1	X
BRAKERILHT00000010603	A	rna-XM_057801028.1	A
BRAKERILHT00000012034	A	rna-XM_057816826.1	A
BRAKERILHT00000011709	A	rna-XM_057813413.1	A
BRAKERILHT00000011173	A	rna-XM_057809277.1	X
BRAKERILHT00000012059	A	rna-XM_057812096.1	A
BRAKERILHT00000011598	A	rna-XM_057813412.1	A
BRAKERILHT00000011011	A	rna-XM_057799641.1	A
BRAKERILHT00000012058	A	rna-XM_057798018.1	A
BRAKERILHT00000011265	A	rna-XM_057814830.1	A
BRAKERILHT00000010733	A	rna-XM_057814590.1	A
BRAKERILHT00000011436	A	rna-XM_057810386.1	A
BRAKERILHT00000012047	A	rna-XM_057810007.1	A
BRAKERILHT00000010800	A	rna-XM_057810010.1	A
BRAKERILHT00000010884	A	rna-XM_057816870.1	A
BRAKERILHT00000012147	A	rna-XM_057815946.1	A
BRAKERILHT00000011528	A	rna-XM_057798601.1	A
BRAKERILHT00000011068	A	rna-XM_057811550.1	X
BRAKERILHT00000010635	A	rna-XM_057795000.1	A
BRAKERILHT00000011925	A	rna-XM_057806505.1	A
BRAKERILHT00000011680	A	rna-XM_057797693.1	A
BRAKERILHT00000011787	A	rna-XM_057798153.1	A
BRAKERILHT00000012289	A	rna-XM_057797387.1	A
BRAKERILHT00000011372	A	rna-XM_057810370.1	A
BRAKERILHT00000010970	A	rna-XM_057807170.1	A
BRAKERILHT00000010550	A	rna-XM_057803087.1	A
BRAKERILHT00000012011	A	rna-XM_057810382.1	A
BRAKERILHT00000011565	A	rna-XM_057811377.1	A
BRAKERILHT00000012094	A	rna-XM_057811378.1	A
BRAKERILHT00000011606	A	rna-XM_057811376.1	A
BRAKERILHT00000011065	A	rna-XM_057812998.1	A
BRAKERILHT00000010505	A	rna-XM_057811120.1	A
BRAKERILHT00000011920	A	rna-XM_057811121.1	A
BRAKERILHT00000010633	A	rna-XM_057804188.1	A
BRAKERILHT00000012027	A	rna-XM_057803953.1	A
BRAKERILHT00000011484	A	rna-XM_057796481.1	A
BRAKERILHT00000010949	A	rna-XM_057806766.1	A
BRAKERILHT00000011140	A	rna-XM_057811515.1	X
BRAKERILHT00000010732	A	rna-XM_057795284.1	A
BRAKERILHT00000010516	A	rna-XM_057816432.1	A
BRAKERILHT00000011300	A	rna-XM_057801725.1	A
BRAKERILHT00000012076	A	rna-XM_057814661.1	A
BRAKERILHT00000011006	A	rna-XM_057797322.1	A
BRAKERILHT00000011411	A	rna-XM_057797303.1	A
BRAKERILHT00000010577	A	rna-XM_057795854.1	A
BRAKERILHT00000010572	A	rna-XM_057795503.1	A
BRAKERILHT00000011801	A	rna-XM_057816160.1	A
BRAKERILHT00000012217	A	rna-XM_057796884.1	A
BRAKERILHT00000010827	A	rna-XM_057796887.1	A
BRAKERILHT00000012288	A	rna-XM_057815399.1	A
BRAKERILHT00000011237	A	rna-XM_057800838.1	A
BRAKERILHT00000010769	A	rna-XM_057811466.1	A
BRAKERILHT00000010576	A	rna-XM_057802500.1	A
BRAKERILHT00000010749	A	rna-XM_057801678.1	A
BRAKERILHT00000011907	A	rna-XM_057809806.1	A
BRAKERILHT00000010526	A	rna-XM_057807763.1	A
BRAKERILHT00000011692	A	rna-XM_057801317.1	A
BRAKERILHT00000011115	A	rna-XM_057812510.1	A
BRAKERILHT00000011529	A	rna-XM_057797831.1	A
BRAKERILHT00000012177	A	rna-XM_057814974.1	A
BRAKERILHT00000010417	A	rna-XM_057802165.1	A
BRAKERILHT00000011472	A	rna-XM_057802167.1	A
BRAKERILHT00000011951	A	rna-XM_057802026.1	A
BRAKERILHT00000011241	A	rna-XM_057815161.1	Y
BRAKERILHT00000011590	A	rna-XM_057794886.1	A
BRAKERILHT00000011389	A	rna-XM_057802092.1	A
BRAKERILHT00000011335	A	rna-XM_057802018.1	A
BRAKERILHT00000010457	A	rna-XM_057796811.1	A
BRAKERILHT00000011112	A	rna-XM_057808844.1	A
BRAKERILHT00000011548	A	rna-XM_057808842.1	A
BRAKERILHT00000010681	A	rna-XM_057814937.1	A
BRAKERILHT00000011515	A	rna-XM_057808834.1	A
BRAKERILHT00000010427	A	rna-XM_057808841.1	A
BRAKERILHT00000011063	A	rna-XM_057805130.1	A
BRAKERILHT00000011152	A	rna-XM_057805246.1	A
BRAKERILHT00000011672	A	rna-XM_057794938.1	A
BRAKERILHT00000012229	A	rna-XM_057794939.1	A
BRAKERILHT00000010594	A	rna-XM_057794967.1	A
BRAKERILHT00000011123	A	rna-XM_057794966.1	A
BRAKERILHT00000011408	A	rna-XM_057808387.1	A
BRAKERILHT00000011258	A	rna-XM_057799875.1	A
BRAKERILHT00000010905	A	rna-XM_057799882.1	A
BRAKERILHT00000010501	A	rna-XM_057797003.1	A
BRAKERILHT00000011848	A	rna-XM_057816321.1	A
BRAKERILHT00000010682	A	rna-XM_057802554.1	A
BRAKERILHT00000012296	A	rna-XM_057802558.1	A
BRAKERILHT00000011691	A	rna-XM_057802109.1	A
BRAKERILHT00000011154	A	rna-XM_057811085.1	A
BRAKERILHT00000011414	A	rna-XM_057802022.1	A
BRAKERILHT00000011876	A	rna-XM_057806141.1	A
BRAKERILHT00000010519	A	rna-XM_057806139.1	A
BRAKERILHT00000011019	A	rna-XM_057806142.1	A
BRAKERILHT00000011567	A	rna-XM_057811619.1	A
BRAKERILHT00000012065	A	rna-XM_057806122.1	A
BRAKERILHT00000011166	A	rna-XM_057812010.1	A
BRAKERILHT00000011860	A	rna-XM_057796630.1	A
BRAKERILHT00000012202	A	rna-XM_057796638.1	A
BRAKERILHT00000012300	A	rna-XM_057796629.1	A
BRAKERILHT00000010514	A	rna-XM_057798143.1	A
BRAKERILHT00000011087	A	rna-XM_057804563.1	A
BRAKERILHT00000011382	A	rna-XM_057800665.1	A
BRAKERILHT00000010967	A	rna-XM_057801416.1	A
BRAKERILHT00000011516	A	rna-XM_057799910.1	A
BRAKERILHT00000011104	A	rna-XM_057799922.1	A
BRAKERILHT00000010568	A	rna-XM_057814657.1	A
BRAKERILHT00000010725	A	rna-XM_057800286.1	A
BRAKERILHT00000010826	A	rna-XM_057810059.1	X
BRAKERILHT00000011985	A	rna-XM_057800109.1	A
BRAKERILHT00000010833	A	rna-XM_057810188.1	A
BRAKERILHT00000011399	A	rna-XM_057805755.1	A
BRAKERILHT00000011345	A	rna-XM_057812897.1	A
BRAKERILHT00000011904	A	rna-XM_057812865.1	A
BRAKERILHT00000012181	A	rna-XM_057795045.1	A
BRAKERILHT00000011051	A	rna-XM_057812874.1	A
BRAKERILHT00000011285	A	rna-XM_057812889.1	A
BRAKERILHT00000012106	A	rna-XM_057812890.1	A
BRAKERILHT00000010772	A	rna-XM_057797495.1	A
BRAKERILHT00000011447	A	rna-XM_057811455.1	A
BRAKERILHT00000010834	A	rna-XM_057811452.1	A
BRAKERILHT00000012137	A	rna-XM_057813643.1	A
BRAKERILHT00000011585	A	rna-XM_057809280.1	A
BRAKERILHT00000011102	A	rna-XM_057811114.1	A
BRAKERILHT00000010559	A	rna-XM_057815942.1	A
BRAKERILHT00000011390	A	rna-XM_057813724.1	A
BRAKERILHT00000010838	A	rna-XM_057797933.1	A
BRAKERILHT00000012240	A	rna-XM_057797491.1	A
BRAKERILHT00000011710	A	rna-XM_057800824.1	A
BRAKERILHT00000010962	A	rna-XM_057800825.1	A
BRAKERILHT00000010723	A	rna-XM_057797131.1	A
BRAKERILHT00000010721	A	rna-XM_057797633.1	A
BRAKERILHT00000011772	A	rna-XM_057811648.1	A
BRAKERILHT00000010968	A	rna-XM_057811644.1	A
BRAKERILHT00000011668	A	rna-XM_057811645.1	A
BRAKERILHT00000012108	A	rna-XM_057812094.1	A
BRAKERILHT00000011105	A	rna-XM_057813451.1	A
BRAKERILHT00000012213	A	rna-XM_057813446.1	A
BRAKERILHT00000011640	A	rna-XM_057813443.1	A
BRAKERILHT00000011645	A	rna-XM_057812085.1	A
BRAKERILHT00000010512	A	rna-XM_057810972.1	A
BRAKERILHT00000012247	A	rna-XM_057810969.1	A
BRAKERILHT00000010942	A	rna-XM_057812858.1	A
BRAKERILHT00000011252	A	rna-XM_057806683.1	A
BRAKERILHT00000011137	A	rna-XM_057813303.1	A
BRAKERILHT00000011653	A	rna-XM_057812805.1	A
BRAKERILHT00000011376	A	rna-XM_057797406.1	A
BRAKERILHT00000011939	A	rna-XM_057797404.1	A
BRAKERILHT00000011776	A	rna-XM_057813221.1	A
BRAKERILHT00000011931	A	rna-XM_057814280.1	A
BRAKERILHT00000012201	A	rna-XM_057811807.1	A
BRAKERILHT00000011790	A	rna-XM_057814844.1	A
BRAKERILHT00000010702	A	rna-XM_057806614.1	A
BRAKERILHT00000012199	A	rna-XM_057807018.1	A
BRAKERILHT00000010803	A	rna-XM_057805067.1	A
BRAKERILHT00000012337	A	rna-XM_057797448.1	A
BRAKERILHT00000012072	A	rna-XM_057796624.1	A
BRAKERILHT00000010621	A	rna-XM_057795827.1	A
BRAKERILHT00000011225	A	rna-XM_057796360.1	A
BRAKERILHT00000011623	A	rna-XM_057796361.1	A
BRAKERILHT00000010783	A	rna-XM_057800402.1	A
BRAKERILHT00000012185	A	rna-XM_057797931.1	A
BRAKERILHT00000010683	A	rna-XM_057801372.1	A
BRAKERILHT00000011633	A	rna-XM_057800399.1	A
BRAKERILHT00000012053	A	rna-XM_057795478.1	A
BRAKERILHT00000010765	A	rna-XM_057800587.1	A
BRAKERILHT00000010820	A	rna-XM_057800544.1	A
BRAKERILHT00000010570	A	rna-XM_057800818.1	A
BRAKERILHT00000010950	A	rna-XM_057796429.1	A
BRAKERILHT00000012214	A	rna-XM_057815563.1	A
BRAKERILHT00000010699	A	rna-XM_057814812.1	A
BRAKERILHT00000010671	A	rna-XM_057804456.1	A
BRAKERILHT00000011208	A	rna-XM_057799853.1	A
BRAKERILHT00000010684	A	rna-XM_057801509.1	A
BRAKERILHT00000010452	A	rna-XM_057798850.1	A
BRAKERILHT00000011004	A	rna-XM_057806464.1	X
BRAKERILHT00000011200	A	rna-XM_057807161.1	X
BRAKERILHT00000011541	A	rna-XM_057805738.1	X
BRAKERILHT00000010766	A	rna-XM_057800477.1	A
BRAKERILHT00000011611	A	rna-XM_057814456.1	A
BRAKERILHT00000011383	A	rna-XM_057804930.1	A
BRAKERILHT00000010575	A	rna-XM_057813134.1	X
BRAKERILHT00000010926	A	rna-XM_057816538.1	A
BRAKERILHT00000011644	A	rna-XM_057807303.1	A
BRAKERILHT00000012210	A	rna-XM_057807460.1	A
BRAKERILHT00000011361	A	rna-XM_057807342.1	A
BRAKERILHT00000010626	A	rna-XM_057801807.1	A
BRAKERILHT00000011038	A	rna-XM_057806728.1	A
BRAKERILHT00000010703	A	rna-XM_057806855.1	A
BRAKERILHT00000011216	A	rna-XM_057807306.1	A
BRAKERILHT00000012003	A	rna-XM_057815557.1	A
BRAKERILHT00000011856	A	rna-XM_057797317.1	A
BRAKERILHT00000011788	A	rna-XM_057802701.1	A
BRAKERILHT00000011805	A	rna-XM_057803361.1	A
BRAKERILHT00000012121	A	rna-XM_057802702.1	A
BRAKERILHT00000012020	A	rna-XM_057802708.1	A
BRAKERILHT00000010639	A	rna-XM_057795969.1	X
BRAKERILHT00000010939	A	rna-XM_057813519.1	X
BRAKERILHT00000011490	A	rna-XM_057813539.1	X
BRAKERILHT00000012006	A	rna-XM_057811488.1	X
BRAKERILHT00000010538	A	rna-XM_057800772.1	A
BRAKERILHT00000010420	A	rna-XM_057811333.1	X
BRAKERILHT00000011845	A	rna-XM_057795306.1	A
BRAKERILHT00000011062	A	rna-XM_057799389.1	A
BRAKERILHT00000011921	A	rna-XM_057801668.1	A
BRAKERILHT00000011405	A	rna-XM_057795115.1	A
BRAKERILHT00000010555	A	rna-XM_057798590.1	A
BRAKERILHT00000010546	A	rna-XM_057809948.1	A
BRAKERILHT00000011533	A	rna-XM_057806616.1	A
BRAKERILHT00000010711	A	rna-XM_057795735.1	A
BRAKERILHT00000010804	A	rna-XM_057796484.1	A
BRAKERILHT00000011813	A	rna-XM_057802631.1	A
BRAKERILHT00000010630	A	rna-XM_057802629.1	A
BRAKERILHT00000011271	A	rna-XM_057809842.1	A
BRAKERILHT00000011983	A	rna-XM_057807050.1	A
BRAKERILHT00000010938	A	rna-XM_057807048.1	A
BRAKERILHT00000010809	A	rna-XM_057805264.1	X
BRAKERILHT00000012269	A	rna-XM_057805279.1	X
BRAKERILHT00000010488	A	rna-XM_057805318.1	X
BRAKERILHT00000011052	A	rna-XM_057805341.1	X
BRAKERILHT00000011899	A	rna-XM_057805356.1	X
BRAKERILHT00000010900	A	rna-XM_057814608.1	A
BRAKERILHT00000011693	A	rna-XM_057795189.1	A
BRAKERILHT00000011161	A	rna-XM_057816422.1	A
BRAKERILHT00000012187	A	rna-XM_057799690.1	A
BRAKERILHT00000010921	A	rna-XM_057812006.1	A
BRAKERILHT00000011546	A	rna-XM_057814553.1	A
BRAKERILHT00000011989	A	rna-XM_057813214.1	A
BRAKERILHT00000010716	A	rna-XM_057814547.1	A
BRAKERILHT00000011120	A	rna-XM_057814959.1	A
BRAKERILHT00000010579	A	rna-XM_057795126.1	A
BRAKERILHT00000011423	A	rna-XM_057814961.1	A
BRAKERILHT00000011723	A	rna-XM_057812008.1	A
BRAKERILHT00000010513	A	rna-XM_057812963.1	A
BRAKERILHT00000012267	A	rna-XM_057812964.1	A
BRAKERILHT00000011400	A	rna-XM_057816471.1	A
BRAKERILHT00000010756	A	rna-XM_057815583.1	A
BRAKERILHT00000010706	A	rna-XM_057815388.1	A
BRAKERILHT00000012082	A	rna-XM_057794997.1	A
BRAKERILHT00000012315	A	rna-XM_057801423.1	A
BRAKERILHT00000011755	A	rna-XM_057795756.1	A
BRAKERILHT00000012302	A	rna-XM_057798387.1	A
BRAKERILHT00000012311	A	rna-XM_057798798.1	A
BRAKERILHT00000012282	A	rna-XM_057797276.1	A
BRAKERILHT00000011269	A	rna-XM_057797264.1	A
BRAKERILHT00000012102	A	rna-XM_057797282.1	A
BRAKERILHT00000011752	A	rna-XM_057808157.1	A
BRAKERILHT00000011141	A	rna-XM_057808064.1	A
BRAKERILHT00000012032	A	rna-XM_057796330.1	A
BRAKERILHT00000011796	A	rna-XM_057795856.1	A
BRAKERILHT00000012151	A	rna-XM_057795835.1	A
BRAKERILHT00000010620	A	rna-XM_057800560.1	A
BRAKERILHT00000012090	A	rna-XM_057807855.1	A
BRAKERILHT00000011433	A	rna-XM_057808162.1	A
BRAKERILHT00000011643	A	rna-XM_057808919.1	A
BRAKERILHT00000012145	A	rna-XM_057808060.1	A
BRAKERILHT00000011126	A	rna-XM_057808069.1	A
BRAKERILHT00000010616	A	rna-XM_057808068.1	A
BRAKERILHT00000011988	A	rna-XM_057808790.1	A
BRAKERILHT00000011396	A	rna-XM_057814503.1	A
BRAKERILHT00000011013	A	rna-XM_057802014.1	A
BRAKERILHT00000012017	A	rna-XM_057796788.1	A
BRAKERILHT00000010742	A	rna-XM_057800472.1	A
BRAKERILHT00000011254	A	rna-XM_057796662.1	A
BRAKERILHT00000011803	A	rna-XM_057796644.1	A
BRAKERILHT00000010849	A	rna-XM_057808505.1	A
BRAKERILHT00000011274	A	rna-XM_057808204.1	A
BRAKERILHT00000011467	A	rna-XM_057808274.1	A
BRAKERILHT00000011238	A	rna-XM_057798946.1	A
BRAKERILHT00000010474	A	rna-XM_057798943.1	A
BRAKERILHT00000012067	A	rna-XM_057806052.1	A
BRAKERILHT00000011527	A	rna-XM_057808548.1	A
BRAKERILHT00000011230	A	rna-XM_057795887.1	A
BRAKERILHT00000010832	A	rna-XM_057797722.1	A
BRAKERILHT00000011261	A	rna-XM_057798556.1	A
BRAKERILHT00000011973	A	rna-XM_057814501.1	A
BRAKERILHT00000010471	A	rna-XM_057814499.1	A
BRAKERILHT00000011440	A	rna-XM_057816472.1	A
BRAKERILHT00000011894	A	rna-XM_057816156.1	A
BRAKERILHT00000010607	A	rna-XM_057808553.1	A
BRAKERILHT00000011028	A	rna-XM_057803238.1	A
BRAKERILHT00000011191	A	rna-XM_057802152.1	A
BRAKERILHT00000011235	A	rna-XM_057807983.1	A
BRAKERILHT00000010932	A	rna-XM_057803017.1	A
BRAKERILHT00000012219	A	rna-XM_057808131.1	A
BRAKERILHT00000012079	A	rna-XM_057808496.1	A
BRAKERILHT00000012266	A	rna-XM_057807949.1	A
BRAKERILHT00000010919	A	rna-XM_057807830.1	A
BRAKERILHT00000011889	A	rna-XM_057800384.1	A
BRAKERILHT00000011439	A	rna-XM_057800640.1	A
BRAKERILHT00000011027	A	rna-XM_057814594.1	A
BRAKERILHT00000010610	A	rna-XM_057814593.1	A
BRAKERILHT00000011719	A	rna-XM_057808934.1	A
BRAKERILHT00000010540	A	rna-XM_057806650.1	A
BRAKERILHT00000011922	A	rna-XM_057814970.1	A
BRAKERILHT00000011514	A	rna-XM_057811462.1	A
BRAKERILHT00000011823	A	rna-XM_057810073.1	A
BRAKERILHT00000011194	A	rna-XM_057795862.1	X
BRAKERILHT00000012049	A	rna-XM_057807042.1	X
BRAKERILHT00000010917	A	rna-XM_057808967.1	A
BRAKERILHT00000010522	A	rna-XM_057803979.1	X
BRAKERILHT00000012253	A	rna-XM_057805074.1	A
BRAKERILHT00000011201	A	rna-XM_057798473.1	A
BRAKERILHT00000011003	A	rna-XM_057799170.1	A
BRAKERILHT00000011782	A	rna-XM_057797971.1	A
BRAKERILHT00000012195	A	rna-XM_057797468.1	A
BRAKERILHT00000010585	A	rna-XM_057797466.1	A
BRAKERILHT00000010976	A	rna-XM_057797469.1	A
BRAKERILHT00000011482	A	rna-XM_057799733.1	X
BRAKERILHT00000011342	A	rna-XM_057798120.1	A
BRAKERILHT00000011659	A	rna-XM_057799575.1	A
BRAKERILHT00000012190	A	rna-XM_057812472.1	A
BRAKERILHT00000011064	A	rna-XM_057799576.1	A
BRAKERILHT00000011096	A	rna-XM_057799340.1	A
BRAKERILHT00000011377	A	rna-XM_057814972.1	A
BRAKERILHT00000012291	A	rna-XM_057812916.1	A
BRAKERILHT00000010882	A	rna-XM_057806930.1	A
BRAKERILHT00000011057	A	rna-XM_057807213.1	A
BRAKERILHT00000010437	A	rna-XM_057807031.1	A
BRAKERILHT00000011486	A	rna-XM_057812917.1	A
BRAKERILHT00000010816	A	rna-XM_057811677.1	A
BRAKERILHT00000012036	A	rna-XM_057811250.1	A
BRAKERILHT00000011012	A	rna-XM_057804184.1	A
BRAKERILHT00000011910	A	rna-XM_057799801.1	A
BRAKERILHT00000010875	A	rna-XM_057796462.1	A
BRAKERILHT00000011694	A	rna-XM_057807931.1	A
BRAKERILHT00000011537	A	rna-XM_057799076.1	A
BRAKERILHT00000011474	A	rna-XM_057799078.1	A
BRAKERILHT00000010720	A	rna-XM_057802376.1	A
BRAKERILHT00000011240	A	rna-XM_057807659.1	A
BRAKERILHT00000011766	A	rna-XM_057802562.1	A
BRAKERILHT00000012055	A	rna-XM_057801709.1	A
BRAKERILHT00000010694	A	rna-XM_057802566.1	A
BRAKERILHT00000011199	A	rna-XM_057801706.1	A
BRAKERILHT00000010557	A	rna-XM_057809314.1	X
BRAKERILHT00000012227	A	rna-XM_057803191.1	A
BRAKERILHT00000011039	A	rna-XM_057802175.1	A
BRAKERILHT00000012293	A	rna-XM_057799242.1	A
BRAKERILHT00000010952	A	rna-XM_057808555.1	A
BRAKERILHT00000010422	A	rna-XM_057808571.1	A
BRAKERILHT00000011883	A	rna-XM_057808556.1	A
BRAKERILHT00000011599	A	rna-XM_057808550.1	A
BRAKERILHT00000011163	A	rna-XM_057802375.1	A
BRAKERILHT00000010763	A	rna-XM_057808721.1	A
BRAKERILHT00000012207	A	rna-XM_057807522.1	A
BRAKERILHT00000010910	A	rna-XM_057797841.1	X
BRAKERILHT00000010499	A	rna-XM_057797863.1	X
BRAKERILHT00000012205	A	rna-XM_057795916.1	A
BRAKERILHT00000011636	A	rna-XM_057795851.1	A
BRAKERILHT00000011501	A	rna-XM_057795767.1	A
BRAKERILHT00000010751	A	rna-XM_057795763.1	A
BRAKERILHT00000011628	A	rna-XM_057795752.1	A
BRAKERILHT00000010689	A	rna-XM_057795765.1	A
BRAKERILHT00000011532	A	rna-XM_057816566.1	A
BRAKERILHT00000011110	A	rna-XM_057796400.1	X
BRAKERILHT00000010475	A	rna-XM_057803915.1	A
BRAKERILHT00000012287	A	rna-XM_057795559.1	A
BRAKERILHT00000010946	A	rna-XM_057795009.1	A
BRAKERILHT00000012238	A	rna-XM_057815943.1	A
BRAKERILHT00000010747	A	rna-XM_057815606.1	A
BRAKERILHT00000010762	A	rna-XM_057815561.1	A
BRAKERILHT00000011187	A	rna-XM_057815760.1	A
BRAKERILHT00000011840	A	rna-XM_057795036.1	A
BRAKERILHT00000012168	A	rna-XM_057801258.1	A
BRAKERILHT00000012088	A	rna-XM_057800003.1	A
BRAKERILHT00000010588	A	rna-XM_057802168.1	A
BRAKERILHT00000011244	A	rna-XM_057811317.1	A
BRAKERILHT00000011637	A	rna-XM_057801720.1	A
BRAKERILHT00000010845	A	rna-XM_057802975.1	A
BRAKERILHT00000011500	A	rna-XM_057795945.1	A
BRAKERILHT00000011958	A	rna-XM_057796471.1	A
BRAKERILHT00000012113	A	rna-XM_057807001.1	A
BRAKERILHT00000011119	A	rna-XM_057816035.1	A
BRAKERILHT00000011095	A	rna-XM_057801259.1	A
BRAKERILHT00000010548	A	rna-XM_057802328.1	A
BRAKERILHT00000011555	A	rna-XM_057807489.1	A
BRAKERILHT00000011032	A	rna-XM_057807487.1	A
BRAKERILHT00000010811	A	rna-XM_057796703.1	A
BRAKERILHT00000012232	A	rna-XM_057800065.1	A
BRAKERILHT00000011397	A	rna-XM_057815929.1	A
BRAKERILHT00000010877	A	rna-XM_057815941.1	A
BRAKERILHT00000010558	A	rna-XM_057804368.1	A
BRAKERILHT00000011947	A	rna-XM_057800060.1	A
BRAKERILHT00000010444	A	rna-XM_057797408.1	A
BRAKERILHT00000011943	A	rna-XM_057816747.1	A
BRAKERILHT00000010907	A	rna-XM_057816755.1	A
BRAKERILHT00000012002	A	rna-XM_057816629.1	A
BRAKERILHT00000012260	A	rna-XM_057809103.1	A
BRAKERILHT00000011841	A	rna-XM_057795443.1	A
BRAKERILHT00000011325	A	rna-XM_057811755.1	A
BRAKERILHT00000011815	A	rna-XM_057814109.1	A
BRAKERILHT00000010940	A	rna-XM_057812896.1	A
BRAKERILHT00000011478	A	rna-XM_057811297.1	A
BRAKERILHT00000011816	A	rna-XM_057811091.1	A
BRAKERILHT00000012189	A	rna-XM_057811106.1	A
BRAKERILHT00000011456	A	rna-XM_057811298.1	A
BRAKERILHT00000010790	A	rna-XM_057815815.1	A
BRAKERILHT00000010676	A	rna-XM_057810945.1	A
BRAKERILHT00000012133	A	rna-XM_057794928.1	A
BRAKERILHT00000011082	A	rna-XM_057814454.1	A
BRAKERILHT00000011113	A	rna-XM_057813362.1	A
BRAKERILHT00000011733	A	rna-XM_057814455.1	A
BRAKERILHT00000011313	A	rna-XM_057815785.1	A
BRAKERILHT00000010862	A	rna-XM_057812873.1	A
BRAKERILHT00000011671	A	rna-XM_057812852.1	A
BRAKERILHT00000011678	A	rna-XM_057812887.1	A
BRAKERILHT00000010549	A	rna-XM_057810141.1	A
BRAKERILHT00000011617	A	rna-XM_057800531.1	A
BRAKERILHT00000011735	A	rna-XM_057811690.1	A
BRAKERILHT00000010665	A	rna-XM_057798484.1	A
BRAKERILHT00000010922	A	rna-XM_057805195.1	A
BRAKERILHT00000011445	A	rna-XM_057813363.1	A
BRAKERILHT00000011818	A	rna-XM_057814505.1	A
BRAKERILHT00000011926	A	rna-XM_057813418.1	A
BRAKERILHT00000011045	A	rna-XM_057814520.1	A
BRAKERILHT00000011855	A	rna-XM_057814518.1	A
BRAKERILHT00000011781	A	rna-XM_057814330.1	A
BRAKERILHT00000012134	A	rna-XM_057799264.1	A
BRAKERILHT00000010634	A	rna-XM_057799271.1	A
BRAKERILHT00000010619	A	rna-XM_057799262.1	A
BRAKERILHT00000011789	A	rna-XM_057798524.1	A
BRAKERILHT00000011359	A	rna-XM_057798868.1	A
BRAKERILHT00000010784	A	rna-XM_057798859.1	A
BRAKERILHT00000012143	A	rna-XM_057798855.1	A
BRAKERILHT00000010773	A	rna-XM_057806352.1	X
BRAKERILHT00000011056	A	rna-XM_057810122.1	A
BRAKERILHT00000011116	A	rna-XM_057795052.1	X
BRAKERILHT00000011868	A	rna-XM_057813941.1	X
BRAKERILHT00000010497	A	rna-XM_057813953.1	X
BRAKERILHT00000010776	A	rna-XM_057813977.1	X
BRAKERILHT00000011299	A	rna-XM_057806496.1	A
BRAKERILHT00000011616	A	rna-XM_057797954.1	X
BRAKERILHT00000012169	A	rna-XM_057797916.1	X
BRAKERILHT00000012243	A	rna-XM_057802955.1	A
BRAKERILHT00000010876	A	rna-XM_057809520.1	A
BRAKERILHT00000011155	A	rna-XM_057806894.1	A
BRAKERILHT00000011675	A	rna-XM_057805181.1	A
BRAKERILHT00000012037	A	rna-XM_057803447.1	A
BRAKERILHT00000010426	A	rna-XM_057811295.1	A
BRAKERILHT00000011577	A	rna-XM_057813242.1	A
BRAKERILHT00000011441	A	rna-XM_057802667.1	A
BRAKERILHT00000011291	A	rna-XM_057804396.1	A
BRAKERILHT00000011741	A	rna-XM_057807086.1	A
BRAKERILHT00000012152	A	rna-XM_057807025.1	A
BRAKERILHT00000010757	A	rna-XM_057806896.1	A
BRAKERILHT00000011561	A	rna-XM_057806904.1	A
BRAKERILHT00000011885	A	rna-XM_057800403.1	A
BRAKERILHT00000011622	A	rna-XM_057802824.1	A
BRAKERILHT00000012161	A	rna-XM_057800753.1	A
BRAKERILHT00000011487	A	rna-XM_057801712.1	A
BRAKERILHT00000011990	A	rna-XM_057811682.1	A
BRAKERILHT00000011257	A	rna-XM_057814769.1	A
BRAKERILHT00000011804	A	rna-XM_057801930.1	A
BRAKERILHT00000012119	A	rna-XM_057799286.1	A
BRAKERILHT00000010806	A	rna-XM_057801511.1	A
BRAKERILHT00000011059	A	rna-XM_057800921.1	A
BRAKERILHT00000011044	A	rna-XM_057801506.1	A
BRAKERILHT00000011559	A	rna-XM_057803281.1	A
BRAKERILHT00000011866	A	rna-XM_057812782.1	A
BRAKERILHT00000010480	A	rna-XM_057803285.1	A
BRAKERILHT00000011180	A	rna-XM_057802966.1	A
BRAKERILHT00000011700	A	rna-XM_057810624.1	A
BRAKERILHT00000010625	A	rna-XM_057796802.1	A
BRAKERILHT00000011448	A	rna-XM_057802416.1	A
BRAKERILHT00000010664	A	rna-XM_057795841.1	A
BRAKERILHT00000010631	A	rna-XM_057798398.1	A
BRAKERILHT00000011075	A	rna-XM_057803235.1	A
BRAKERILHT00000011896	A	rna-XM_057805756.1	A
BRAKERILHT00000010979	A	rna-XM_057801942.1	A
BRAKERILHT00000012186	A	rna-XM_057807943.1	A
BRAKERILHT00000012331	A	rna-XM_057802388.1	A
BRAKERILHT00000011744	A	rna-XM_057802413.1	A
BRAKERILHT00000011248	A	rna-XM_057802429.1	A
BRAKERILHT00000010724	A	rna-XM_057802016.1	A
BRAKERILHT00000012046	A	rna-XM_057802427.1	A
BRAKERILHT00000011708	A	rna-XM_057798520.1	A
BRAKERILHT00000010973	A	rna-XM_057798519.1	A
BRAKERILHT00000010446	A	rna-XM_057799067.1	A
BRAKERILHT00000011759	A	rna-XM_057799068.1	A
BRAKERILHT00000012347	A	rna-XM_057799070.1	A
BRAKERILHT00000011093	A	rna-XM_057799358.1	A
BRAKERILHT00000011506	A	rna-XM_057802321.1	A
BRAKERILHT00000011957	A	rna-XM_057798924.1	A
BRAKERILHT00000010528	A	rna-XM_057798926.1	A
BRAKERILHT00000010598	A	rna-XM_057798910.1	A
BRAKERILHT00000011206	A	rna-XM_057798914.1	A
BRAKERILHT00000011380	A	rna-XM_057798915.1	A
BRAKERILHT00000012063	A	rna-XM_057798918.1	A
BRAKERILHT00000010810	A	rna-XM_057798922.1	A
BRAKERILHT00000010595	A	rna-XM_057803142.1	A
BRAKERILHT00000011706	A	rna-XM_057797450.1	A
BRAKERILHT00000012093	A	rna-XM_057797950.1	A
BRAKERILHT00000010567	A	rna-XM_057798050.1	A
BRAKERILHT00000011670	A	rna-XM_057797713.1	A
BRAKERILHT00000012203	A	rna-XM_057808561.1	A
BRAKERILHT00000011674	A	rna-XM_057808708.1	A
BRAKERILHT00000012211	A	rna-XM_057796455.1	A
BRAKERILHT00000010787	A	rna-XM_057811613.1	A
BRAKERILHT00000011341	A	rna-XM_057804138.1	A
BRAKERILHT00000012216	A	rna-XM_057803237.1	A
BRAKERILHT00000011311	A	rna-XM_057807618.1	A
BRAKERILHT00000010782	A	rna-XM_057797879.1	A
BRAKERILHT00000012341	A	rna-XM_057816525.1	A
BRAKERILHT00000010450	A	rna-XM_057808268.1	A
BRAKERILHT00000010984	A	rna-XM_057799367.1	A
BRAKERILHT00000012042	A	rna-XM_057803228.1	A
BRAKERILHT00000011250	A	rna-XM_057803232.1	A
BRAKERILHT00000011777	A	rna-XM_057803222.1	A
BRAKERILHT00000010443	A	rna-XM_057803223.1	A
BRAKERILHT00000010972	A	rna-XM_057803203.1	A
BRAKERILHT00000011999	A	rna-XM_057803210.1	A
BRAKERILHT00000011975	A	rna-XM_057816568.1	A
BRAKERILHT00000011981	A	rna-XM_057795762.1	A
BRAKERILHT00000011689	A	rna-XM_057795749.1	A
BRAKERILHT00000010996	A	rna-XM_057795023.1	A
BRAKERILHT00000011410	A	rna-XM_057795038.1	A
BRAKERILHT00000010659	A	rna-XM_057801250.1	A
BRAKERILHT00000012172	A	rna-XM_057801246.1	A
BRAKERILHT00000010477	A	rna-XM_057807770.1	A
BRAKERILHT00000011971	A	rna-XM_057813345.1	A
BRAKERILHT00000011306	A	rna-XM_057797829.1	A
BRAKERILHT00000010754	A	rna-XM_057797247.1	X
BRAKERILHT00000010726	A	rna-XM_057799660.1	A
BRAKERILHT00000012292	A	rna-XM_057812020.1	A
BRAKERILHT00000012062	A	rna-XM_057812834.1	A
BRAKERILHT00000011162	A	rna-XM_057801475.1	A
BRAKERILHT00000012164	A	rna-XM_057800255.1	A
BRAKERILHT00000010648	A	rna-XM_057800830.1	A
BRAKERILHT00000011185	A	rna-XM_057800204.1	A
BRAKERILHT00000012080	A	rna-XM_057806096.1	A
BRAKERILHT00000010455	A	rna-XM_057799133.1	A
BRAKERILHT00000012342	A	rna-XM_057808570.1	A
BRAKERILHT00000011547	A	rna-XM_057795888.1	A
BRAKERILHT00000011079	A	rna-XM_057807771.1	A
BRAKERILHT00000011226	A	rna-XM_057808889.1	A
BRAKERILHT00000010707	A	rna-XM_057808706.1	A
BRAKERILHT00000011264	A	rna-XM_057808599.1	A
BRAKERILHT00000011784	A	rna-XM_057808601.1	A
BRAKERILHT00000010439	A	rna-XM_057808603.1	A
BRAKERILHT00000010532	A	rna-XM_057808598.1	A
BRAKERILHT00000011760	A	rna-XM_057812349.1	A
BRAKERILHT00000011129	A	rna-XM_057795769.1	A
BRAKERILHT00000010476	A	rna-XM_057796486.1	A
BRAKERILHT00000010822	A	rna-XM_057795604.1	A
BRAKERILHT00000012350	A	rna-XM_057795589.1	A
BRAKERILHT00000010888	A	rna-XM_057804695.1	X
BRAKERILHT00000012183	A	rna-XM_057808199.1	A
BRAKERILHT00000010802	A	rna-XM_057808195.1	A
BRAKERILHT00000011362	A	rna-XM_057808200.1	A
BRAKERILHT00000012242	A	rna-XM_057807710.1	A
BRAKERILHT00000011734	A	rna-XM_057808083.1	A
BRAKERILHT00000012073	A	rna-XM_057807946.1	A
BRAKERILHT00000010642	A	rna-XM_057808791.1	A
BRAKERILHT00000010728	A	rna-XM_057808793.1	A
BRAKERILHT00000011517	A	rna-XM_057808843.1	A
BRAKERILHT00000011366	A	rna-XM_057807812.1	A
BRAKERILHT00000012194	A	rna-XM_057808284.1	A
BRAKERILHT00000010562	A	rna-XM_057807020.1	A
BRAKERILHT00000012215	A	rna-XM_057807553.1	A
BRAKERILHT00000010824	A	rna-XM_057803178.1	A
BRAKERILHT00000011511	A	rna-XM_057795493.1	A
BRAKERILHT00000010985	A	rna-XM_057807778.1	A
BRAKERILHT00000012344	A	rna-XM_057806961.1	A
BRAKERILHT00000011785	A	rna-XM_057816114.1	A
BRAKERILHT00000010960	A	rna-XM_057807193.1	A
BRAKERILHT00000010428	A	rna-XM_057806665.1	A
BRAKERILHT00000011828	A	rna-XM_057799846.1	A
BRAKERILHT00000011267	A	rna-XM_057807759.1	A
BRAKERILHT00000010752	A	rna-XM_057805002.1	A
BRAKERILHT00000012104	A	rna-XM_057804616.1	A
BRAKERILHT00000010961	A	rna-XM_057804631.1	A
BRAKERILHT00000010431	A	rna-XM_057797847.1	A
BRAKERILHT00000011178	A	rna-XM_057802593.1	A
BRAKERILHT00000011589	A	rna-XM_057800258.1	A
BRAKERILHT00000010517	A	rna-XM_057803335.1	A
BRAKERILHT00000012087	A	rna-XM_057801787.1	A
BRAKERILHT00000012257	A	rna-XM_057803358.1	A
BRAKERILHT00000011835	A	rna-XM_057802293.1	A
BRAKERILHT00000010432	A	rna-XM_057802680.1	A
BRAKERILHT00000011954	A	rna-XM_057803411.1	A
BRAKERILHT00000011437	A	rna-XM_057808207.1	A
BRAKERILHT00000010715	A	rna-XM_057795799.1	X
BRAKERILHT00000011031	A	rna-XM_057806951.1	A
BRAKERILHT00000011493	A	rna-XM_057801263.1	X
BRAKERILHT00000011955	A	rna-XM_057800441.1	A
BRAKERILHT00000011852	A	rna-XM_057810031.1	A
BRAKERILHT00000010602	A	rna-XM_057804636.1	A
BRAKERILHT00000011886	A	rna-XM_057808212.1	A
BRAKERILHT00000011768	A	rna-XM_057813560.1	A
BRAKERILHT00000010415	A	rna-XM_057797668.1	A
BRAKERILHT00000011498	A	rna-XM_057799775.1	A
BRAKERILHT00000011443	A	rna-XM_057799776.1	A
BRAKERILHT00000010999	A	rna-XM_057799642.1	A
BRAKERILHT00000010606	A	rna-XM_057798078.1	A
BRAKERILHT00000011535	A	rna-XM_057799643.1	A
BRAKERILHT00000010739	A	rna-XM_057799644.1	A
BRAKERILHT00000010840	A	rna-XM_057799646.1	A
BRAKERILHT00000011536	A	rna-XM_057799052.1	A
BRAKERILHT00000011773	A	rna-XM_057799051.1	A
BRAKERILHT00000012309	A	rna-XM_057797544.1	A
BRAKERILHT00000010666	A	rna-XM_057812961.1	A
BRAKERILHT00000011221	A	rna-XM_057812962.1	A
BRAKERILHT00000011566	A	rna-XM_057800828.1	A
BRAKERILHT00000012068	A	rna-XM_057813405.1	A
BRAKERILHT00000010454	A	rna-XM_057804330.1	A
BRAKERILHT00000011018	A	rna-XM_057813409.1	A
BRAKERILHT00000011086	A	rna-XM_057811716.1	A
BRAKERILHT00000011861	A	rna-XM_057814016.1	A
BRAKERILHT00000010899	A	rna-XM_057811483.1	A
BRAKERILHT00000012284	A	rna-XM_057816487.1	A
BRAKERILHT00000011695	A	rna-XM_057816488.1	A
BRAKERILHT00000011331	A	rna-XM_057811104.1	A
BRAKERILHT00000011620	A	rna-XM_057808582.1	A
BRAKERILHT00000011891	A	rna-XM_057800488.1	A
BRAKERILHT00000011412	A	rna-XM_057800508.1	A
BRAKERILHT00000011614	A	rna-XM_057800504.1	A
BRAKERILHT00000011134	A	rna-XM_057800507.1	A
BRAKERILHT00000010817	A	rna-XM_057800483.1	A
BRAKERILHT00000012209	A	rna-XM_057797101.1	A
BRAKERILHT00000011879	A	rna-XM_057798530.1	A
BRAKERILHT00000010645	A	rna-XM_057799031.1	A
BRAKERILHT00000011083	A	rna-XM_057806941.1	A
BRAKERILHT00000011681	A	rna-XM_057806724.1	A
BRAKERILHT00000010652	A	rna-XM_057807069.1	A
BRAKERILHT00000010650	A	rna-XM_057807233.1	A
BRAKERILHT00000011956	A	rna-XM_057807240.1	A
BRAKERILHT00000012294	A	rna-XM_057807234.1	A
BRAKERILHT00000011574	A	rna-XM_057798633.1	A
BRAKERILHT00000011181	A	rna-XM_057801031.1	A
BRAKERILHT00000010502	A	rna-XM_057800000.1	A
BRAKERILHT00000011293	A	rna-XM_057800486.1	A
BRAKERILHT00000011702	A	rna-XM_057812528.1	A
BRAKERILHT00000011430	A	rna-XM_057812535.1	A
BRAKERILHT00000010912	A	rna-XM_057814458.1	A
BRAKERILHT00000012013	A	rna-XM_057814530.1	A
BRAKERILHT00000012258	A	rna-XM_057811640.1	A
BRAKERILHT00000010770	A	rna-XM_057811637.1	A
BRAKERILHT00000010937	A	rna-XM_057811639.1	A
BRAKERILHT00000011800	A	rna-XM_057813164.1	A
BRAKERILHT00000010945	A	rna-XM_057799729.1	A
BRAKERILHT00000011794	A	rna-XM_057812239.1	A
BRAKERILHT00000012018	A	rna-XM_057800137.1	A
BRAKERILHT00000011147	A	rna-XM_057811508.1	A
BRAKERILHT00000011962	A	rna-XM_057811504.1	A
BRAKERILHT00000011413	A	rna-XM_057811494.1	A
BRAKERILHT00000012200	A	rna-XM_057797898.1	A
BRAKERILHT00000010601	A	rna-XM_057798112.1	A
BRAKERILHT00000011132	A	rna-XM_057799774.1	A
BRAKERILHT00000012024	A	rna-XM_057800440.1	A
BRAKERILHT00000011323	A	rna-XM_057813989.1	A
BRAKERILHT00000011016	A	rna-XM_057800758.1	A
BRAKERILHT00000011379	A	rna-XM_057801129.1	A
BRAKERILHT00000012070	A	rna-XM_057814420.1	A
BRAKERILHT00000010578	A	rna-XM_057801026.1	A
BRAKERILHT00000011218	A	rna-XM_057800757.1	A
BRAKERILHT00000011507	A	rna-XM_057811476.1	A
BRAKERILHT00000010969	A	rna-XM_057813064.1	A
BRAKERILHT00000010511	A	rna-XM_057811484.1	A
BRAKERILHT00000011887	A	rna-XM_057799050.1	A
BRAKERILHT00000010812	A	rna-XM_057813491.1	A
BRAKERILHT00000011089	A	rna-XM_057812706.1	A
BRAKERILHT00000010553	A	rna-XM_057811734.1	A
BRAKERILHT00000011936	A	rna-XM_057811511.1	A
BRAKERILHT00000010916	A	rna-XM_057802963.1	A
BRAKERILHT00000011266	A	rna-XM_057795849.1	A
BRAKERILHT00000010859	A	rna-XM_057800358.1	A
BRAKERILHT00000011685	A	rna-XM_057803392.1	A
BRAKERILHT00000012100	A	rna-XM_057815994.1	A
BRAKERILHT00000011992	A	rna-XM_057806906.1	A
BRAKERILHT00000011245	A	rna-XM_057799246.1	A
BRAKERILHT00000010935	A	rna-XM_057808576.1	A
BRAKERILHT00000011586	A	rna-XM_057799240.1	A
BRAKERILHT00000011097	A	rna-XM_057811207.1	A
BRAKERILHT00000011960	A	rna-XM_057804443.1	A
BRAKERILHT00000011849	A	rna-XM_057795858.1	A
BRAKERILHT00000011294	A	rna-XM_057813836.1	A
BRAKERILHT00000012317	A	rna-XM_057796221.1	A
BRAKERILHT00000010801	A	rna-XM_057798536.1	A
BRAKERILHT00000010989	A	rna-XM_057796195.1	A
BRAKERILHT00000010611	A	rna-XM_057798537.1	A
BRAKERILHT00000012123	A	rna-XM_057799368.1	A
BRAKERILHT00000010893	A	rna-XM_057799369.1	A
BRAKERILHT00000011043	A	rna-XM_057808921.1	A
BRAKERILHT00000011705	A	rna-XM_057799370.1	A
BRAKERILHT00000011873	A	rna-XM_057797532.1	A
BRAKERILHT00000011881	A	rna-XM_057797911.1	A
BRAKERILHT00000012150	A	rna-XM_057795790.1	A
BRAKERILHT00000010920	A	rna-XM_057797534.1	A
BRAKERILHT00000011607	A	rna-XM_057796264.1	A
BRAKERILHT00000011982	A	rna-XM_057795785.1	A
BRAKERILHT00000011754	A	rna-XM_057795783.1	A
BRAKERILHT00000012265	A	rna-XM_057795907.1	A
BRAKERILHT00000010509	A	rna-XM_057796771.1	A
BRAKERILHT00000011000	A	rna-XM_057796778.1	A
BRAKERILHT00000011183	A	rna-XM_057796779.1	A
BRAKERILHT00000011966	A	rna-XM_057795863.1	A
BRAKERILHT00000010615	A	rna-XM_057796002.1	A
BRAKERILHT00000011722	A	rna-XM_057797538.1	A
BRAKERILHT00000012146	A	rna-XM_057796175.1	A
BRAKERILHT00000011684	A	rna-XM_057797178.1	A
BRAKERILHT00000011625	A	rna-XM_057796154.1	A
BRAKERILHT00000010469	A	rna-XM_057795836.1	A
BRAKERILHT00000011009	A	rna-XM_057796139.1	A
BRAKERILHT00000010696	A	rna-XM_057796216.1	A
BRAKERILHT00000011236	A	rna-XM_057796206.1	A
BRAKERILHT00000011326	A	rna-XM_057796213.1	A
BRAKERILHT00000011635	A	rna-XM_057796787.1	A
BRAKERILHT00000012118	A	rna-XM_057796305.1	A
BRAKERILHT00000010589	A	rna-XM_057798091.1	A
BRAKERILHT00000011369	A	rna-XM_057799566.1	A
BRAKERILHT00000011750	A	rna-XM_057806935.1	A
BRAKERILHT00000011786	A	rna-XM_057799546.1	A
BRAKERILHT00000011279	A	rna-XM_057796746.1	A
BRAKERILHT00000010853	A	rna-XM_057799202.1	A
BRAKERILHT00000011050	A	rna-XM_057799372.1	A
BRAKERILHT00000010651	A	rna-XM_057808275.1	A
BRAKERILHT00000010748	A	rna-XM_057798049.1	A
BRAKERILHT00000012748	A	rna-XM_057797678.1	A
BRAKERILHT00000013824	A	rna-XM_057803065.1	A
BRAKERILHT00000012854	A	rna-XM_057799455.1	A
BRAKERILHT00000012862	A	rna-XM_057804699.1	A
BRAKERILHT00000012591	A	rna-XM_057795247.1	A
BRAKERILHT00000013078	A	rna-XM_057808339.1	A
BRAKERILHT00000013084	A	rna-XM_057796758.1	A
BRAKERILHT00000012360	A	rna-XM_057808337.1	A
BRAKERILHT00000013361	A	rna-XM_057795249.1	A
BRAKERILHT00000013968	A	rna-XM_057795180.1	A
BRAKERILHT00000012778	A	rna-XM_057795181.1	A
BRAKERILHT00000012999	A	rna-XM_057795187.1	A
BRAKERILHT00000013481	A	rna-XM_057795185.1	A
BRAKERILHT00000013390	A	rna-XM_057795188.1	A
BRAKERILHT00000012943	A	rna-XM_057795086.1	A
BRAKERILHT00000012645	A	rna-XM_057795082.1	A
BRAKERILHT00000013727	A	rna-XM_057795583.1	A
BRAKERILHT00000013600	A	rna-XM_057795582.1	A
BRAKERILHT00000013018	A	rna-XM_057807078.1	A
BRAKERILHT00000012846	A	rna-XM_057795463.1	A
BRAKERILHT00000013973	A	rna-XM_057804941.1	A
BRAKERILHT00000012919	A	rna-XM_057798458.1	A
BRAKERILHT00000012531	A	rna-XM_057810782.1	A
BRAKERILHT00000013206	A	rna-XM_057804066.1	A
BRAKERILHT00000013100	A	rna-XM_057803305.1	A
BRAKERILHT00000013542	A	rna-XM_057809127.1	A
BRAKERILHT00000013368	A	rna-XM_057798322.1	A
BRAKERILHT00000012607	A	rna-XM_057808611.1	A
BRAKERILHT00000012872	A	rna-XM_057809530.1	A
BRAKERILHT00000012929	A	rna-XM_057816353.1	A
BRAKERILHT00000013858	A	rna-XM_057801705.1	A
BRAKERILHT00000013340	A	rna-XM_057810508.1	A
BRAKERILHT00000013118	A	rna-XM_057810505.1	A
BRAKERILHT00000012921	A	rna-XM_057810521.1	A
BRAKERILHT00000013464	A	rna-XM_057810518.1	A
BRAKERILHT00000013833	A	rna-XM_057810504.1	A
BRAKERILHT00000012788	A	rna-XM_057801405.1	A
BRAKERILHT00000012703	A	rna-XM_057801502.1	A
BRAKERILHT00000013297	A	rna-XM_057814281.1	A
BRAKERILHT00000013674	A	rna-XM_057814276.1	A
BRAKERILHT00000012378	A	rna-XM_057801032.1	A
BRAKERILHT00000013735	A	rna-XM_057809235.1	X
BRAKERILHT00000013301	A	rna-XM_057802888.1	X
BRAKERILHT00000012672	A	rna-XM_057809958.1	X
BRAKERILHT00000012863	A	rna-XM_057810323.1	A
BRAKERILHT00000012668	A	rna-XM_057800048.1	X
BRAKERILHT00000013247	A	rna-XM_057812910.1	A
BRAKERILHT00000013798	A	rna-XM_057812909.1	A
BRAKERILHT00000013435	A	rna-XM_057812705.1	A
BRAKERILHT00000013998	A	rna-XM_057812697.1	A
BRAKERILHT00000012573	A	rna-XM_057812562.1	A
BRAKERILHT00000013144	A	rna-XM_057812557.1	A
BRAKERILHT00000012564	A	rna-XM_057812498.1	A
BRAKERILHT00000013422	A	rna-XM_057805666.1	A
BRAKERILHT00000013050	A	rna-XM_057805668.1	A
BRAKERILHT00000012881	A	rna-XM_057801873.1	A
BRAKERILHT00000013241	A	rna-XM_057805647.1	A
BRAKERILHT00000012446	A	rna-XM_057813340.1	A
BRAKERILHT00000013117	A	rna-XM_057806424.1	A
BRAKERILHT00000013764	A	rna-XM_057802652.1	A
BRAKERILHT00000013172	A	rna-XM_057805670.1	A
BRAKERILHT00000013533	A	rna-XM_057799397.1	A
BRAKERILHT00000012478	A	rna-XM_057804117.1	A
BRAKERILHT00000012944	A	rna-XM_057802283.1	X
BRAKERILHT00000013377	A	rna-XM_057813657.1	A
BRAKERILHT00000012407	A	rna-XM_057816519.1	A
BRAKERILHT00000013974	A	rna-XM_057813877.1	X
BRAKERILHT00000013035	A	rna-XM_057806062.1	A
BRAKERILHT00000013805	A	rna-XM_057796894.1	X
BRAKERILHT00000013389	A	rna-XM_057801925.1	X
BRAKERILHT00000012900	A	rna-XM_057811328.1	A
BRAKERILHT00000012422	A	rna-XM_057816809.1	X
BRAKERILHT00000012925	A	rna-XM_057813287.1	A
BRAKERILHT00000013419	A	rna-XM_057814691.1	A
BRAKERILHT00000013415	A	rna-XM_057813014.1	A
BRAKERILHT00000013874	A	rna-XM_057814189.1	A
BRAKERILHT00000013165	A	rna-XM_057805229.1	A
BRAKERILHT00000012730	A	rna-XM_057811562.1	A
BRAKERILHT00000013847	A	rna-XM_057812017.1	A
BRAKERILHT00000013107	A	rna-XM_057800324.1	A
BRAKERILHT00000012568	A	rna-XM_057801501.1	A
BRAKERILHT00000013854	A	rna-XM_057810415.1	A
BRAKERILHT00000013519	A	rna-XM_057802859.1	A
BRAKERILHT00000013336	A	rna-XM_057804391.1	A
BRAKERILHT00000013983	A	rna-XM_057804236.1	A
BRAKERILHT00000013471	A	rna-XM_057804127.1	A
BRAKERILHT00000013429	A	rna-XM_057804285.1	A
BRAKERILHT00000013322	A	rna-XM_057804722.1	A
BRAKERILHT00000012408	A	rna-XM_057804393.1	A
BRAKERILHT00000013918	A	rna-XM_057804465.1	A
BRAKERILHT00000013068	A	rna-XM_057804721.1	A
BRAKERILHT00000013527	A	rna-XM_057804107.1	A
BRAKERILHT00000013065	A	rna-XM_057805369.1	A
BRAKERILHT00000013002	A	rna-XM_057804567.1	A
BRAKERILHT00000012619	A	rna-XM_057804566.1	A
BRAKERILHT00000013950	A	rna-XM_057804263.1	A
BRAKERILHT00000013586	A	rna-XM_057812799.1	A
BRAKERILHT00000012828	A	rna-XM_057812797.1	A
BRAKERILHT00000012430	A	rna-XM_057799831.1	X
BRAKERILHT00000013754	A	rna-XM_057795142.1	A
BRAKERILHT00000013537	A	rna-XM_057795826.1	X
BRAKERILHT00000014017	A	rna-XM_057807186.1	A
BRAKERILHT00000012589	A	rna-XM_057797655.1	X
BRAKERILHT00000013312	A	rna-XM_057815652.1	X
BRAKERILHT00000013765	A	rna-XM_057816578.1	A
BRAKERILHT00000013943	A	rna-XM_057797691.1	A
BRAKERILHT00000012410	A	rna-XM_057797783.1	A
BRAKERILHT00000013370	A	rna-XM_057797787.1	A
BRAKERILHT00000013403	A	rna-XM_057797924.1	A
BRAKERILHT00000013647	A	rna-XM_057798848.1	A
BRAKERILHT00000013934	A	rna-XM_057797991.1	A
BRAKERILHT00000013738	A	rna-XM_057797990.1	A
BRAKERILHT00000013282	A	rna-XM_057798248.1	A
BRAKERILHT00000012559	A	rna-XM_057798571.1	A
BRAKERILHT00000012888	A	rna-XM_057800372.1	A
BRAKERILHT00000013335	A	rna-XM_057800378.1	A
BRAKERILHT00000012555	A	rna-XM_057800020.1	A
BRAKERILHT00000013075	A	rna-XM_057795711.1	A
BRAKERILHT00000013250	A	rna-XM_057796248.1	A
BRAKERILHT00000012484	A	rna-XM_057807336.1	A
BRAKERILHT00000013503	A	rna-XM_057806965.1	A
BRAKERILHT00000013225	A	rna-XM_057802349.1	A
BRAKERILHT00000012990	A	rna-XM_057812378.1	A
BRAKERILHT00000012994	A	rna-XM_057816112.1	A
BRAKERILHT00000013379	A	rna-XM_057816749.1	A
BRAKERILHT00000013009	A	rna-XM_057809540.1	A
BRAKERILHT00000013487	A	rna-XM_057807795.1	A
BRAKERILHT00000012386	A	rna-XM_057815794.1	A
BRAKERILHT00000013633	A	rna-XM_057816825.1	A
BRAKERILHT00000013543	A	rna-XM_057806624.1	A
BRAKERILHT00000013145	A	rna-XM_057811506.1	A
BRAKERILHT00000013491	A	rna-XM_057813216.1	A
BRAKERILHT00000013237	A	rna-XM_057812113.1	A
BRAKERILHT00000012760	A	rna-XM_057812111.1	A
BRAKERILHT00000012897	A	rna-XM_057812112.1	A
BRAKERILHT00000013281	A	rna-XM_057814632.1	A
BRAKERILHT00000013907	A	rna-XM_057814631.1	A
BRAKERILHT00000012511	A	rna-XM_057814630.1	A
BRAKERILHT00000012447	A	rna-XM_057811516.1	A
BRAKERILHT00000012859	A	rna-XM_057802781.1	A
BRAKERILHT00000013213	A	rna-XM_057799094.1	A
BRAKERILHT00000013885	A	rna-XM_057795747.1	A
BRAKERILHT00000012600	A	rna-XM_057807225.1	A
BRAKERILHT00000013094	A	rna-XM_057807228.1	A
BRAKERILHT00000013197	A	rna-XM_057807224.1	A
BRAKERILHT00000014007	A	rna-XM_057807061.1	A
BRAKERILHT00000012581	A	rna-XM_057806690.1	A
BRAKERILHT00000013719	A	rna-XM_057806920.1	A
BRAKERILHT00000013659	A	rna-XM_057805056.1	A
BRAKERILHT00000013114	A	rna-XM_057803831.1	A
BRAKERILHT00000012832	A	rna-XM_057809402.1	A
BRAKERILHT00000013604	A	rna-XM_057809345.1	A
BRAKERILHT00000013033	A	rna-XM_057801671.1	A
BRAKERILHT00000012652	A	rna-XM_057815124.1	A
BRAKERILHT00000012412	A	rna-XM_057801703.1	A
BRAKERILHT00000013563	A	rna-XM_057801676.1	A
BRAKERILHT00000012804	A	rna-XM_057801675.1	A
BRAKERILHT00000013288	A	rna-XM_057801685.1	A
BRAKERILHT00000012924	A	rna-XM_057809505.1	A
BRAKERILHT00000013185	A	rna-XM_057808674.1	A
BRAKERILHT00000013649	A	rna-XM_057800412.1	A
BRAKERILHT00000013916	A	rna-XM_057800280.1	A
BRAKERILHT00000013561	A	rna-XM_057799947.1	A
BRAKERILHT00000012642	A	rna-XM_057797395.1	A
BRAKERILHT00000012917	A	rna-XM_057797397.1	A
BRAKERILHT00000012524	A	rna-XM_057797401.1	A
BRAKERILHT00000012763	A	rna-XM_057797389.1	A
BRAKERILHT00000013498	A	rna-XM_057807561.1	A
BRAKERILHT00000012916	A	rna-XM_057807560.1	A
BRAKERILHT00000012772	A	rna-XM_057797782.1	A
BRAKERILHT00000013404	A	rna-XM_057797786.1	A
BRAKERILHT00000013535	A	rna-XM_057809445.1	A
BRAKERILHT00000014005	A	rna-XM_057809928.1	A
BRAKERILHT00000012666	A	rna-XM_057809665.1	A
BRAKERILHT00000012927	A	rna-XM_057809659.1	A
BRAKERILHT00000013371	A	rna-XM_057809903.1	A
BRAKERILHT00000013657	A	rna-XM_057809663.1	A
BRAKERILHT00000013928	A	rna-XM_057809662.1	A
BRAKERILHT00000012552	A	rna-XM_057803082.1	A
BRAKERILHT00000013174	A	rna-XM_057803075.1	A
BRAKERILHT00000012983	A	rna-XM_057803089.1	A
BRAKERILHT00000013352	A	rna-XM_057803295.1	A
BRAKERILHT00000013908	A	rna-XM_057809924.1	A
BRAKERILHT00000013611	A	rna-XM_057809554.1	A
BRAKERILHT00000013970	A	rna-XM_057809086.1	A
BRAKERILHT00000012750	A	rna-XM_057809247.1	A
BRAKERILHT00000013231	A	rna-XM_057809095.1	A
BRAKERILHT00000012953	A	rna-XM_057802495.1	A
BRAKERILHT00000012507	A	rna-XM_057809546.1	A
BRAKERILHT00000013714	A	rna-XM_057809271.1	A
BRAKERILHT00000013093	A	rna-XM_057809272.1	A
BRAKERILHT00000012587	A	rna-XM_057809889.1	A
BRAKERILHT00000012992	A	rna-XM_057809269.1	A
BRAKERILHT00000013362	A	rna-XM_057809680.1	A
BRAKERILHT00000012467	A	rna-XM_057809656.1	A
BRAKERILHT00000013455	A	rna-XM_057803078.1	A
BRAKERILHT00000012542	A	rna-XM_057803083.1	A
BRAKERILHT00000013021	A	rna-XM_057802013.1	A
BRAKERILHT00000012737	A	rna-XM_057803085.1	A
BRAKERILHT00000013264	A	rna-XM_057811962.1	A
BRAKERILHT00000012821	A	rna-XM_057807270.1	A
BRAKERILHT00000012550	A	rna-XM_057806641.1	A
BRAKERILHT00000012634	A	rna-XM_057807073.1	A
BRAKERILHT00000013597	A	rna-XM_057806747.1	A
BRAKERILHT00000012676	A	rna-XM_057795724.1	A
BRAKERILHT00000013251	A	rna-XM_057810192.1	A
BRAKERILHT00000013797	A	rna-XM_057809219.1	A
BRAKERILHT00000013069	A	rna-XM_057809348.1	A
BRAKERILHT00000013947	A	rna-XM_057806396.1	A
BRAKERILHT00000012417	A	rna-XM_057801704.1	A
BRAKERILHT00000013203	A	rna-XM_057811148.1	A
BRAKERILHT00000013546	A	rna-XM_057812423.1	X
BRAKERILHT00000013896	A	rna-XM_057816905.1	A
BRAKERILHT00000012528	A	rna-XM_057804172.1	A
BRAKERILHT00000012915	A	rna-XM_057801696.1	A
BRAKERILHT00000012740	A	rna-XM_057813062.1	A
BRAKERILHT00000012771	A	rna-XM_057807026.1	A
BRAKERILHT00000012520	A	rna-XM_057815915.1	A
BRAKERILHT00000013559	A	rna-XM_057815914.1	A
BRAKERILHT00000013930	A	rna-XM_057814411.1	A
BRAKERILHT00000013841	A	rna-XM_057808455.1	A
BRAKERILHT00000013363	A	rna-XM_057804045.1	A
BRAKERILHT00000012439	A	rna-XM_057803044.1	A
BRAKERILHT00000013878	A	rna-XM_057796858.1	A
BRAKERILHT00000013513	A	rna-XM_057797006.1	A
BRAKERILHT00000012472	A	rna-XM_057800517.1	A
BRAKERILHT00000013046	A	rna-XM_057808409.1	A
BRAKERILHT00000012548	A	rna-XM_057796167.1	A
BRAKERILHT00000013860	A	rna-XM_057796225.1	A
BRAKERILHT00000013275	A	rna-XM_057808691.1	A
BRAKERILHT00000013505	A	rna-XM_057802662.1	A
BRAKERILHT00000013128	A	rna-XM_057808687.1	A
BRAKERILHT00000013723	A	rna-XM_057814151.1	A
BRAKERILHT00000012827	A	rna-XM_057805247.1	A
BRAKERILHT00000013382	A	rna-XM_057796829.1	A
BRAKERILHT00000012653	A	rna-XM_057805421.1	A
BRAKERILHT00000012798	A	rna-XM_057804652.1	A
BRAKERILHT00000012654	A	rna-XM_057805234.1	A
BRAKERILHT00000013591	A	rna-XM_057807438.1	A
BRAKERILHT00000012506	A	rna-XM_057805138.1	A
BRAKERILHT00000012906	A	rna-XM_057801412.1	A
BRAKERILHT00000013556	A	rna-XM_057805499.1	A
BRAKERILHT00000013260	A	rna-XM_057806861.1	A
BRAKERILHT00000012566	A	rna-XM_057816259.1	A
BRAKERILHT00000013227	A	rna-XM_057808613.1	A
BRAKERILHT00000013720	A	rna-XM_057816658.1	A
BRAKERILHT00000012837	A	rna-XM_057805159.1	A
BRAKERILHT00000013236	A	rna-XM_057804110.1	A
BRAKERILHT00000013743	A	rna-XM_057813169.1	A
BRAKERILHT00000013887	A	rna-XM_057812178.1	A
BRAKERILHT00000013157	A	rna-XM_057804109.1	X
BRAKERILHT00000013523	A	rna-XM_057799098.1	A
BRAKERILHT00000012819	A	rna-XM_057798977.1	A
BRAKERILHT00000012434	A	rna-XM_057801969.1	A
BRAKERILHT00000012686	A	rna-XM_057801510.1	A
BRAKERILHT00000013996	A	rna-XM_057816650.1	A
BRAKERILHT00000013279	A	rna-XM_057795418.1	A
BRAKERILHT00000013140	A	rna-XM_057805079.1	A
BRAKERILHT00000013502	A	rna-XM_057812798.1	A
BRAKERILHT00000012508	A	rna-XM_057814017.1	A
BRAKERILHT00000013437	A	rna-XM_057812641.1	X
BRAKERILHT00000013425	A	rna-XM_057807041.1	A
BRAKERILHT00000013876	A	rna-XM_057812771.1	X
BRAKERILHT00000013703	A	rna-XM_057812864.1	A
BRAKERILHT00000013235	A	rna-XM_057797461.1	A
BRAKERILHT00000013881	A	rna-XM_057815611.1	A
BRAKERILHT00000012651	A	rna-XM_057794887.1	A
BRAKERILHT00000013439	A	rna-XM_057816664.1	A
BRAKERILHT00000013469	A	rna-XM_057815903.1	A
BRAKERILHT00000012733	A	rna-XM_057795113.1	A
BRAKERILHT00000013292	A	rna-XM_057816939.1	A
BRAKERILHT00000012522	A	rna-XM_057802337.1	A
BRAKERILHT00000013158	A	rna-XM_057812429.1	A
BRAKERILHT00000013254	A	rna-XM_057794852.1	A
BRAKERILHT00000012487	A	rna-XM_057809324.1	A
BRAKERILHT00000012691	A	rna-XM_057810367.1	A
BRAKERILHT00000013056	A	rna-XM_057812458.1	A
BRAKERILHT00000012627	A	rna-XM_057795931.1	X
BRAKERILHT00000013826	A	rna-XM_057804708.1	A
BRAKERILHT00000013356	A	rna-XM_057806913.1	A
BRAKERILHT00000012894	A	rna-XM_057814464.1	A
BRAKERILHT00000014008	A	rna-XM_057803167.1	A
BRAKERILHT00000013531	A	rna-XM_057801766.1	A
BRAKERILHT00000013055	A	rna-XM_057803329.1	A
BRAKERILHT00000012856	A	rna-XM_057814709.1	A
BRAKERILHT00000012949	A	rna-XM_057801773.1	A
BRAKERILHT00000013443	A	rna-XM_057799661.1	A
BRAKERILHT00000013913	A	rna-XM_057798000.1	A
BRAKERILHT00000012698	A	rna-XM_057801691.1	A
BRAKERILHT00000013183	A	rna-XM_057801701.1	A
BRAKERILHT00000012838	A	rna-XM_057813595.1	A
BRAKERILHT00000013401	A	rna-XM_057808276.1	X
BRAKERILHT00000013564	A	rna-XM_057804925.1	A
BRAKERILHT00000012638	A	rna-XM_057804926.1	A
BRAKERILHT00000012535	A	rna-XM_057804604.1	A
BRAKERILHT00000012890	A	rna-XM_057804617.1	A
BRAKERILHT00000012392	A	rna-XM_057795158.1	A
BRAKERILHT00000013510	A	rna-XM_057812190.1	A
BRAKERILHT00000013813	A	rna-XM_057815820.1	A
BRAKERILHT00000013364	A	rna-XM_057813039.1	A
BRAKERILHT00000012815	A	rna-XM_057813041.1	A
BRAKERILHT00000013252	A	rna-XM_057807324.1	A
BRAKERILHT00000013920	A	rna-XM_057806841.1	A
BRAKERILHT00000012463	A	rna-XM_057804828.1	X
BRAKERILHT00000013560	A	rna-XM_057807113.1	A
BRAKERILHT00000013917	A	rna-XM_057806601.1	A
BRAKERILHT00000013184	A	rna-XM_057806646.1	A
BRAKERILHT00000012492	A	rna-XM_057795896.1	X
BRAKERILHT00000012975	A	rna-XM_057797712.1	A
BRAKERILHT00000013434	A	rna-XM_057797375.1	A
BRAKERILHT00000012936	A	rna-XM_057812286.1	A
BRAKERILHT00000012626	A	rna-XM_057814170.1	A
BRAKERILHT00000013834	A	rna-XM_057812287.1	A
BRAKERILHT00000012538	A	rna-XM_057811363.1	A
BRAKERILHT00000013026	A	rna-XM_057810920.1	A
BRAKERILHT00000013339	A	rna-XM_057808189.1	A
BRAKERILHT00000013773	A	rna-XM_057811355.1	A
BRAKERILHT00000013801	A	rna-XM_057807876.1	A
BRAKERILHT00000013893	A	rna-XM_057807806.1	A
BRAKERILHT00000013453	A	rna-XM_057807807.1	A
BRAKERILHT00000012722	A	rna-XM_057803170.1	A
BRAKERILHT00000012496	A	rna-XM_057804795.1	A
BRAKERILHT00000013059	A	rna-XM_057813542.1	A
BRAKERILHT00000013418	A	rna-XM_057801774.1	A
BRAKERILHT00000013216	A	rna-XM_057806691.1	A
BRAKERILHT00000012744	A	rna-XM_057806994.1	A
BRAKERILHT00000012584	A	rna-XM_057807115.1	A
BRAKERILHT00000013013	A	rna-XM_057806726.1	A
BRAKERILHT00000013584	A	rna-XM_057806171.1	A
BRAKERILHT00000013618	A	rna-XM_057806167.1	A
BRAKERILHT00000012404	A	rna-XM_057806163.1	A
BRAKERILHT00000013388	A	rna-XM_057806156.1	A
BRAKERILHT00000012833	A	rna-XM_057806174.1	A
BRAKERILHT00000013049	A	rna-XM_057806175.1	A
BRAKERILHT00000012500	A	rna-XM_057806541.1	A
BRAKERILHT00000013713	A	rna-XM_057806178.1	A
BRAKERILHT00000013384	A	rna-XM_057806180.1	A
BRAKERILHT00000013156	A	rna-XM_057803012.1	A
BRAKERILHT00000013872	A	rna-XM_057797315.1	A
BRAKERILHT00000012465	A	rna-XM_057798072.1	X
BRAKERILHT00000013196	A	rna-XM_057797231.1	X
BRAKERILHT00000013423	A	rna-XM_057815671.1	X
BRAKERILHT00000013125	A	rna-XM_057804176.1	A
BRAKERILHT00000013259	A	rna-XM_057803102.1	A
BRAKERILHT00000013718	A	rna-XM_057803105.1	A
BRAKERILHT00000012519	A	rna-XM_057812307.1	A
BRAKERILHT00000013477	A	rna-XM_057803119.1	A
BRAKERILHT00000012563	A	rna-XM_057808521.1	A
BRAKERILHT00000012776	A	rna-XM_057797284.1	A
BRAKERILHT00000013975	A	rna-XM_057797268.1	A
BRAKERILHT00000013613	A	rna-XM_057805939.1	A
BRAKERILHT00000012590	A	rna-XM_057812194.1	A
BRAKERILHT00000013076	A	rna-XM_057813219.1	A
BRAKERILHT00000013721	A	rna-XM_057813540.1	A
BRAKERILHT00000012516	A	rna-XM_057813538.1	A
BRAKERILHT00000012629	A	rna-XM_057813548.1	A
BRAKERILHT00000013829	A	rna-XM_057805815.1	A
BRAKERILHT00000013853	A	rna-XM_057811548.1	A
BRAKERILHT00000012928	A	rna-XM_057814206.1	A
BRAKERILHT00000012639	A	rna-XM_057814208.1	A
BRAKERILHT00000013626	A	rna-XM_057813046.1	A
BRAKERILHT00000013380	A	rna-XM_057813051.1	A
BRAKERILHT00000012491	A	rna-XM_057816256.1	A
BRAKERILHT00000013806	A	rna-XM_057809382.1	X
BRAKERILHT00000013262	A	rna-XM_057811556.1	A
BRAKERILHT00000012795	A	rna-XM_057813033.1	A
BRAKERILHT00000012680	A	rna-XM_057813032.1	A
BRAKERILHT00000012918	A	rna-XM_057812232.1	A
BRAKERILHT00000013711	A	rna-XM_057811265.1	A
BRAKERILHT00000012753	A	rna-XM_057814653.1	A
BRAKERILHT00000012810	A	rna-XM_057814650.1	A
BRAKERILHT00000013852	A	rna-XM_057814652.1	A
BRAKERILHT00000012764	A	rna-XM_057807549.1	A
BRAKERILHT00000013592	A	rna-XM_057815166.1	A
BRAKERILHT00000013837	A	rna-XM_057816807.1	A
BRAKERILHT00000012445	A	rna-XM_057808816.1	A
BRAKERILHT00000013130	A	rna-XM_057814731.1	X
BRAKERILHT00000013621	A	rna-XM_057808006.1	A
BRAKERILHT00000012391	A	rna-XM_057808462.1	A
BRAKERILHT00000012913	A	rna-XM_057814242.1	A
BRAKERILHT00000013387	A	rna-XM_057800533.1	A
BRAKERILHT00000013931	A	rna-XM_057799854.1	A
BRAKERILHT00000013544	A	rna-XM_057799129.1	A
BRAKERILHT00000013343	A	rna-XM_057806193.1	A
BRAKERILHT00000013209	A	rna-XM_057806233.1	A
BRAKERILHT00000013456	A	rna-XM_057805541.1	A
BRAKERILHT00000012421	A	rna-XM_057805441.1	A
BRAKERILHT00000013181	A	rna-XM_057805454.1	A
BRAKERILHT00000013539	A	rna-XM_057800479.1	A
BRAKERILHT00000013391	A	rna-XM_057811403.1	A
BRAKERILHT00000013731	A	rna-XM_057805556.1	A
BRAKERILHT00000012441	A	rna-XM_057805547.1	A
BRAKERILHT00000012792	A	rna-XM_057805973.1	A
BRAKERILHT00000013576	A	rna-XM_057805695.1	A
BRAKERILHT00000012707	A	rna-XM_057805319.1	A
BRAKERILHT00000012461	A	rna-XM_057806812.1	A
BRAKERILHT00000013746	A	rna-XM_057806814.1	A
BRAKERILHT00000012958	A	rna-XM_057805019.1	X
BRAKERILHT00000012713	A	rna-XM_057804956.1	X
BRAKERILHT00000013890	A	rna-XM_057805149.1	X
BRAKERILHT00000013655	A	rna-XM_057795669.1	A
BRAKERILHT00000013191	A	rna-XM_057810924.1	A
BRAKERILHT00000013037	A	rna-XM_057796485.1	A
BRAKERILHT00000012796	A	rna-XM_057796479.1	A
BRAKERILHT00000013396	A	rna-XM_057795771.1	A
BRAKERILHT00000013180	A	rna-XM_057796426.1	A
BRAKERILHT00000012609	A	rna-XM_057813125.1	A
BRAKERILHT00000013758	A	rna-XM_057813124.1	A
BRAKERILHT00000013355	A	rna-XM_057815654.1	A
BRAKERILHT00000012503	A	rna-XM_057798844.1	A
BRAKERILHT00000012397	A	rna-XM_057812212.1	A
BRAKERILHT00000012628	A	rna-XM_057812502.1	A
BRAKERILHT00000013409	A	rna-XM_057813035.1	A
BRAKERILHT00000013528	A	rna-XM_057813038.1	A
BRAKERILHT00000013990	A	rna-XM_057813040.1	A
BRAKERILHT00000012842	A	rna-XM_057807417.1	X
BRAKERILHT00000013306	A	rna-XM_057804719.1	X
BRAKERILHT00000013739	A	rna-XM_057798533.1	A
BRAKERILHT00000012537	A	rna-XM_057805107.1	X
BRAKERILHT00000013475	A	rna-XM_057803049.1	A
BRAKERILHT00000013867	A	rna-XM_057808188.1	A
BRAKERILHT00000012731	A	rna-XM_057800406.1	A
BRAKERILHT00000013658	A	rna-XM_057811080.1	A
BRAKERILHT00000012533	A	rna-XM_057805988.1	A
BRAKERILHT00000012926	A	rna-XM_057809005.1	A
BRAKERILHT00000013831	A	rna-XM_057801203.1	A
BRAKERILHT00000013462	A	rna-XM_057808817.1	A
BRAKERILHT00000013504	A	rna-XM_057810341.1	X
BRAKERILHT00000012969	A	rna-XM_057806043.1	A
BRAKERILHT00000013271	A	rna-XM_057806036.1	A
BRAKERILHT00000012700	A	rna-XM_057807558.1	A
BRAKERILHT00000012980	A	rna-XM_057807551.1	A
BRAKERILHT00000013258	A	rna-XM_057802960.1	A
BRAKERILHT00000013702	A	rna-XM_057810180.1	X
BRAKERILHT00000012681	A	rna-XM_057814153.1	A
BRAKERILHT00000012557	A	rna-XM_057813130.1	A
BRAKERILHT00000014001	A	rna-XM_057813895.1	A
BRAKERILHT00000013749	A	rna-XM_057813112.1	A
BRAKERILHT00000013120	A	rna-XM_057805445.1	A
BRAKERILHT00000013994	A	rna-XM_057805448.1	A
BRAKERILHT00000013522	A	rna-XM_057811729.1	A
BRAKERILHT00000012664	A	rna-XM_057814728.1	A
BRAKERILHT00000013124	A	rna-XM_057814721.1	A
BRAKERILHT00000013579	A	rna-XM_057813109.1	A
BRAKERILHT00000013468	A	rna-XM_057813123.1	A
BRAKERILHT00000013937	A	rna-XM_057813117.1	A
BRAKERILHT00000012746	A	rna-XM_057797874.1	X
BRAKERILHT00000012356	A	rna-XM_057798188.1	A
BRAKERILHT00000013547	A	rna-XM_057814647.1	A
BRAKERILHT00000013131	A	rna-XM_057803279.1	A
BRAKERILHT00000013859	A	rna-XM_057805991.1	A
BRAKERILHT00000012931	A	rna-XM_057805496.1	A
BRAKERILHT00000014010	A	rna-XM_057806272.1	A
BRAKERILHT00000012844	A	rna-XM_057805937.1	A
BRAKERILHT00000013904	A	rna-XM_057814255.1	A
BRAKERILHT00000012720	A	rna-XM_057814258.1	A
BRAKERILHT00000013204	A	rna-XM_057814271.1	A
BRAKERILHT00000013642	A	rna-XM_057806066.1	A
BRAKERILHT00000012458	A	rna-XM_057812471.1	A
BRAKERILHT00000013385	A	rna-XM_057807470.1	A
BRAKERILHT00000012579	A	rna-XM_057799514.1	A
BRAKERILHT00000012604	A	rna-XM_057799520.1	A
BRAKERILHT00000013067	A	rna-XM_057794910.1	A
BRAKERILHT00000013454	A	rna-XM_057794908.1	A
BRAKERILHT00000013202	A	rna-XM_057807081.1	A
BRAKERILHT00000012706	A	rna-XM_057807080.1	A
BRAKERILHT00000012708	A	rna-XM_057801847.1	A
BRAKERILHT00000013921	A	rna-XM_057795083.1	A
BRAKERILHT00000013167	A	rna-XM_057807137.1	A
BRAKERILHT00000012970	A	rna-XM_057795271.1	A
BRAKERILHT00000012663	A	rna-XM_057805089.1	A
BRAKERILHT00000012380	A	rna-XM_057807863.1	A
BRAKERILHT00000013566	A	rna-XM_057805216.1	A
BRAKERILHT00000013680	A	rna-XM_057805124.1	A
BRAKERILHT00000012549	A	rna-XM_057806673.1	A
BRAKERILHT00000012939	A	rna-XM_057795256.1	A
BRAKERILHT00000012769	A	rna-XM_057795415.1	A
BRAKERILHT00000013624	A	rna-XM_057807546.1	A
BRAKERILHT00000013080	A	rna-XM_057806654.1	A
BRAKERILHT00000012721	A	rna-XM_057806653.1	A
BRAKERILHT00000012961	A	rna-XM_057806655.1	A
BRAKERILHT00000012371	A	rna-XM_057806651.1	A
BRAKERILHT00000012784	A	rna-XM_057811573.1	A
BRAKERILHT00000012898	A	rna-XM_057811601.1	A
BRAKERILHT00000012518	A	rna-XM_057811579.1	A
BRAKERILHT00000013286	A	rna-XM_057811602.1	A
BRAKERILHT00000013149	A	rna-XM_057806634.1	A
BRAKERILHT00000012725	A	rna-XM_057806679.1	A
BRAKERILHT00000013147	A	rna-XM_057806954.1	A
BRAKERILHT00000013822	A	rna-XM_057806678.1	A
BRAKERILHT00000012910	A	rna-XM_057811564.1	A
BRAKERILHT00000013337	A	rna-XM_057812388.1	A
BRAKERILHT00000013748	A	rna-XM_057814835.1	A
BRAKERILHT00000012359	A	rna-XM_057814994.1	A
BRAKERILHT00000013541	A	rna-XM_057815503.1	A
BRAKERILHT00000013894	A	rna-XM_057815508.1	A
BRAKERILHT00000012684	A	rna-XM_057816460.1	A
BRAKERILHT00000013161	A	rna-XM_057815896.1	A
BRAKERILHT00000013430	A	rna-XM_057816427.1	A
BRAKERILHT00000013884	A	rna-XM_057816429.1	A
BRAKERILHT00000014016	A	rna-XM_057816434.1	A
BRAKERILHT00000012739	A	rna-XM_057816439.1	A
BRAKERILHT00000013946	A	rna-XM_057816428.1	A
BRAKERILHT00000012879	A	rna-XM_057816443.1	A
BRAKERILHT00000013761	A	rna-XM_057815894.1	A
BRAKERILHT00000012650	A	rna-XM_057816441.1	A
BRAKERILHT00000013031	A	rna-XM_057815465.1	A
BRAKERILHT00000014015	A	rna-XM_057815469.1	A
BRAKERILHT00000012816	A	rna-XM_057816146.1	A
BRAKERILHT00000013349	A	rna-XM_057816532.1	A
BRAKERILHT00000012636	A	rna-XM_057816661.1	A
BRAKERILHT00000013041	A	rna-XM_057809165.1	A
BRAKERILHT00000012757	A	rna-XM_057809207.1	A
BRAKERILHT00000013159	A	rna-XM_057811540.1	X
BRAKERILHT00000013501	A	rna-XM_057796009.1	X
BRAKERILHT00000012895	A	rna-XM_057795796.1	A
BRAKERILHT00000013256	A	rna-XM_057816442.1	A
BRAKERILHT00000013634	A	rna-XM_057795282.1	A
BRAKERILHT00000012414	A	rna-XM_057795287.1	A
BRAKERILHT00000012766	A	rna-XM_057805235.1	X
BRAKERILHT00000013269	A	rna-XM_057805350.1	A
BRAKERILHT00000014020	A	rna-XM_057802956.1	A
BRAKERILHT00000013879	A	rna-XM_057805377.1	X
BRAKERILHT00000013331	A	rna-XM_057814894.1	A
BRAKERILHT00000012978	A	rna-XM_057806749.1	A
BRAKERILHT00000012530	A	rna-XM_057803290.1	A
BRAKERILHT00000014027	A	rna-XM_057801609.1	A
BRAKERILHT00000012991	A	rna-XM_057801598.1	A
BRAKERILHT00000012498	A	rna-XM_057801612.1	A
BRAKERILHT00000013877	A	rna-XM_057800369.1	A
BRAKERILHT00000012997	A	rna-XM_057800313.1	A
BRAKERILHT00000013599	A	rna-XM_057800213.1	A
BRAKERILHT00000013038	A	rna-XM_057806337.1	A
BRAKERILHT00000012665	A	rna-XM_057806335.1	A
BRAKERILHT00000012817	A	rna-XM_057799864.1	A
BRAKERILHT00000012399	A	rna-XM_057800626.1	A
BRAKERILHT00000013132	A	rna-XM_057808288.1	X
BRAKERILHT00000012451	A	rna-XM_057809688.1	X
BRAKERILHT00000013783	A	rna-XM_057804840.1	X
BRAKERILHT00000012362	A	rna-XM_057795584.1	A
BRAKERILHT00000012848	A	rna-XM_057798640.1	A
BRAKERILHT00000014013	A	rna-XM_057797671.1	A
BRAKERILHT00000012633	A	rna-XM_057805122.1	A
BRAKERILHT00000013081	A	rna-XM_057797956.1	A
BRAKERILHT00000013767	A	rna-XM_057797793.1	A
BRAKERILHT00000012369	A	rna-XM_057796944.1	A
BRAKERILHT00000012892	A	rna-XM_057797934.1	A
BRAKERILHT00000013785	A	rna-XM_057808328.1	A
BRAKERILHT00000012851	A	rna-XM_057812023.1	A
BRAKERILHT00000012967	A	rna-XM_057808107.1	A
BRAKERILHT00000012561	A	rna-XM_057807928.1	A
BRAKERILHT00000013694	A	rna-XM_057807929.1	A
BRAKERILHT00000013341	A	rna-XM_057808166.1	A
BRAKERILHT00000013201	A	rna-XM_057808323.1	X
BRAKERILHT00000013540	A	rna-XM_057799703.1	X
BRAKERILHT00000012954	A	rna-XM_057800580.1	A
BRAKERILHT00000013342	A	rna-XM_057814095.1	X
BRAKERILHT00000013675	A	rna-XM_057797859.1	A
BRAKERILHT00000013427	A	rna-XM_057812794.1	A
BRAKERILHT00000013029	A	rna-XM_057812497.1	A
BRAKERILHT00000012786	A	rna-XM_057795292.1	A
BRAKERILHT00000013865	A	rna-XM_057795335.1	X
BRAKERILHT00000013074	A	rna-XM_057795288.1	A
BRAKERILHT00000013666	A	rna-XM_057808074.1	A
BRAKERILHT00000012603	A	rna-XM_057811395.1	A
BRAKERILHT00000013188	A	rna-XM_057804635.1	A
BRAKERILHT00000013895	A	rna-XM_057811394.1	A
BRAKERILHT00000013693	A	rna-XM_057811392.1	A
BRAKERILHT00000012610	A	rna-XM_057808170.1	A
BRAKERILHT00000013182	A	rna-XM_057797280.1	A
BRAKERILHT00000013233	A	rna-XM_057797281.1	A
BRAKERILHT00000013781	A	rna-XM_057797259.1	A
BRAKERILHT00000012717	A	rna-XM_057808236.1	A
BRAKERILHT00000013402	A	rna-XM_057798637.1	A
BRAKERILHT00000013424	A	rna-XM_057797256.1	A
BRAKERILHT00000012366	A	rna-XM_057807497.1	A
BRAKERILHT00000013688	A	rna-XM_057806095.1	A
BRAKERILHT00000013315	A	rna-XM_057816282.1	A
BRAKERILHT00000012534	A	rna-XM_057816010.1	A
BRAKERILHT00000013980	A	rna-XM_057816008.1	A
BRAKERILHT00000013308	A	rna-XM_057816004.1	A
BRAKERILHT00000012942	A	rna-XM_057815347.1	A
BRAKERILHT00000012674	A	rna-XM_057816196.1	A
BRAKERILHT00000012560	A	rna-XM_057816801.1	A
BRAKERILHT00000012955	A	rna-XM_057816011.1	A
BRAKERILHT00000013357	A	rna-XM_057816012.1	A
BRAKERILHT00000012383	A	rna-XM_057814683.1	A
BRAKERILHT00000012884	A	rna-XM_057814680.1	A
BRAKERILHT00000013243	A	rna-XM_057814681.1	A
BRAKERILHT00000013868	A	rna-XM_057796135.1	A
BRAKERILHT00000013139	A	rna-XM_057803338.1	A
BRAKERILHT00000013717	A	rna-XM_057803005.1	A
BRAKERILHT00000012509	A	rna-XM_057816739.1	A
BRAKERILHT00000012818	A	rna-XM_057809214.1	A
BRAKERILHT00000013499	A	rna-XM_057798712.1	A
BRAKERILHT00000012922	A	rna-XM_057814209.1	A
BRAKERILHT00000013347	A	rna-XM_057799842.1	A
BRAKERILHT00000013283	A	rna-XM_057799138.1	A
BRAKERILHT00000013490	A	rna-XM_057803159.1	A
BRAKERILHT00000013289	A	rna-XM_057801778.1	A
BRAKERILHT00000013630	A	rna-XM_057803331.1	A
BRAKERILHT00000013020	A	rna-XM_057803332.1	A
BRAKERILHT00000013803	A	rna-XM_057803333.1	A
BRAKERILHT00000012834	A	rna-XM_057803334.1	A
BRAKERILHT00000013392	A	rna-XM_057801779.1	A
BRAKERILHT00000013517	A	rna-XM_057808160.1	A
BRAKERILHT00000013957	A	rna-XM_057808159.1	A
BRAKERILHT00000013601	A	rna-XM_057796381.1	A
BRAKERILHT00000012802	A	rna-XM_057808787.1	A
BRAKERILHT00000013816	A	rna-XM_057808783.1	A
BRAKERILHT00000013725	A	rna-XM_057808782.1	A
BRAKERILHT00000013332	A	rna-XM_057808729.1	A
BRAKERILHT00000012460	A	rna-XM_057799843.1	A
BRAKERILHT00000013864	A	rna-XM_057807935.1	A
BRAKERILHT00000013690	A	rna-XM_057813141.1	A
BRAKERILHT00000013514	A	rna-XM_057815727.1	A
BRAKERILHT00000013417	A	rna-XM_057813585.1	A
BRAKERILHT00000013742	A	rna-XM_057797474.1	A
BRAKERILHT00000013410	A	rna-XM_057800624.1	X
BRAKERILHT00000013010	A	rna-XM_057816151.1	A
BRAKERILHT00000013939	A	rna-XM_057803735.1	A
BRAKERILHT00000013565	A	rna-XM_057816688.1	A
BRAKERILHT00000013170	A	rna-XM_057797857.1	A
BRAKERILHT00000012585	A	rna-XM_057811406.1	A
BRAKERILHT00000012402	A	rna-XM_057799539.1	A
BRAKERILHT00000013508	A	rna-XM_057799444.1	A
BRAKERILHT00000013071	A	rna-XM_057797763.1	A
BRAKERILHT00000013794	A	rna-XM_057799400.1	A
BRAKERILHT00000012726	A	rna-XM_057797759.1	A
BRAKERILHT00000013303	A	rna-XM_057797301.1	A
BRAKERILHT00000013569	A	rna-XM_057797318.1	A
BRAKERILHT00000013923	A	rna-XM_057797319.1	A
BRAKERILHT00000012952	A	rna-XM_057797314.1	A
BRAKERILHT00000013326	A	rna-XM_057796756.1	A
BRAKERILHT00000012394	A	rna-XM_057796120.1	A
BRAKERILHT00000012464	A	rna-XM_057796121.1	A
BRAKERILHT00000012655	A	rna-XM_057796123.1	A
BRAKERILHT00000013023	A	rna-XM_057796124.1	A
BRAKERILHT00000013901	A	rna-XM_057796127.1	A
BRAKERILHT00000012705	A	rna-XM_057797348.1	A
BRAKERILHT00000012860	A	rna-XM_057797352.1	A
BRAKERILHT00000013229	A	rna-XM_057797350.1	A
BRAKERILHT00000014024	A	rna-XM_057796125.1	A
BRAKERILHT00000012857	A	rna-XM_057796134.1	A
BRAKERILHT00000013085	A	rna-XM_057797520.1	A
BRAKERILHT00000012718	A	rna-XM_057798527.1	A
BRAKERILHT00000013442	A	rna-XM_057814773.1	A
BRAKERILHT00000013079	A	rna-XM_057813481.1	A
BRAKERILHT00000013780	A	rna-XM_057813478.1	A
BRAKERILHT00000013549	A	rna-XM_057814777.1	A
BRAKERILHT00000013383	A	rna-XM_057811961.1	X
BRAKERILHT00000012914	A	rna-XM_057811994.1	X
BRAKERILHT00000013855	A	rna-XM_057808019.1	A
BRAKERILHT00000013603	A	rna-XM_057811912.1	A
BRAKERILHT00000013150	A	rna-XM_057810855.1	X
BRAKERILHT00000013039	A	rna-XM_057795160.1	A
BRAKERILHT00000014000	A	rna-XM_057816229.1	A
BRAKERILHT00000012601	A	rna-XM_057795173.1	A
BRAKERILHT00000013103	A	rna-XM_057795174.1	A
BRAKERILHT00000013323	A	rna-XM_057800420.1	A
BRAKERILHT00000013756	A	rna-XM_057815883.1	A
BRAKERILHT00000013712	A	rna-XM_057815842.1	A
BRAKERILHT00000013644	A	rna-XM_057816231.1	A
BRAKERILHT00000013995	A	rna-XM_057816832.1	A
BRAKERILHT00000013827	A	rna-XM_057806336.1	A
BRAKERILHT00000013458	A	rna-XM_057806340.1	A
BRAKERILHT00000012979	A	rna-XM_057806059.1	A
BRAKERILHT00000012695	A	rna-XM_057800702.1	A
BRAKERILHT00000012406	A	rna-XM_057800964.1	A
BRAKERILHT00000013017	A	rna-XM_057800953.1	A
BRAKERILHT00000013771	A	rna-XM_057800998.1	A
BRAKERILHT00000012937	A	rna-XM_057798260.1	A
BRAKERILHT00000013299	A	rna-XM_057801061.1	A
BRAKERILHT00000013110	A	rna-XM_057800264.1	A
BRAKERILHT00000013463	A	rna-XM_057797726.1	A
BRAKERILHT00000013706	A	rna-XM_057797732.1	A
BRAKERILHT00000013607	A	rna-XM_057797728.1	A
BRAKERILHT00000013733	A	rna-XM_057814889.1	A
BRAKERILHT00000012423	A	rna-XM_057814245.1	A
BRAKERILHT00000013073	A	rna-XM_057801404.1	A
BRAKERILHT00000013426	A	rna-XM_057801539.1	A
BRAKERILHT00000012738	A	rna-XM_057801527.1	A
BRAKERILHT00000013083	A	rna-XM_057800119.1	A
BRAKERILHT00000012823	A	rna-XM_057810084.1	A
BRAKERILHT00000014014	A	rna-XM_057804588.1	A
BRAKERILHT00000012502	A	rna-XM_057806372.1	A
BRAKERILHT00000013452	A	rna-XM_057799874.1	A
BRAKERILHT00000012368	A	rna-XM_057814986.1	A
BRAKERILHT00000013679	A	rna-XM_057804353.1	A
BRAKERILHT00000012956	A	rna-XM_057801956.1	A
BRAKERILHT00000013914	A	rna-XM_057814977.1	A
BRAKERILHT00000013548	A	rna-XM_057811536.1	A
BRAKERILHT00000013328	A	rna-XM_057801971.1	A
BRAKERILHT00000012582	A	rna-XM_057811656.1	A
BRAKERILHT00000013846	A	rna-XM_057811655.1	A
BRAKERILHT00000013552	A	rna-XM_057800132.1	A
BRAKERILHT00000013190	A	rna-XM_057801973.1	A
BRAKERILHT00000012499	A	rna-XM_057799760.1	A
BRAKERILHT00000013811	A	rna-XM_057799754.1	A
BRAKERILHT00000013672	A	rna-XM_057797807.1	A
BRAKERILHT00000012972	A	rna-XM_057797702.1	A
BRAKERILHT00000012711	A	rna-XM_057797421.1	A
BRAKERILHT00000014019	A	rna-XM_057798041.1	A
BRAKERILHT00000013653	A	rna-XM_057808883.1	A
BRAKERILHT00000013274	A	rna-XM_057804103.1	A
BRAKERILHT00000012960	A	rna-XM_057800741.1	A
BRAKERILHT00000012357	A	rna-XM_057800743.1	A
BRAKERILHT00000013849	A	rna-XM_057800745.1	A
BRAKERILHT00000013609	A	rna-XM_057807077.1	A
BRAKERILHT00000012941	A	rna-XM_057805147.1	A
BRAKERILHT00000012452	A	rna-XM_057800749.1	A
BRAKERILHT00000013681	A	rna-XM_057800323.1	A
BRAKERILHT00000013221	A	rna-XM_057800001.1	A
BRAKERILHT00000012791	A	rna-XM_057808344.1	A
BRAKERILHT00000012529	A	rna-XM_057808517.1	A
BRAKERILHT00000012690	A	rna-XM_057801837.1	A
BRAKERILHT00000012620	A	rna-XM_057808007.1	A
BRAKERILHT00000012381	A	rna-XM_057796600.1	A
BRAKERILHT00000013594	A	rna-XM_057808004.1	A
BRAKERILHT00000012411	A	rna-XM_057801849.1	A
BRAKERILHT00000013716	A	rna-XM_057801839.1	A
BRAKERILHT00000014028	A	rna-XM_057801848.1	A
BRAKERILHT00000012835	A	rna-XM_057801851.1	A
BRAKERILHT00000013954	A	rna-XM_057801858.1	A
BRAKERILHT00000013344	A	rna-XM_057801846.1	A
BRAKERILHT00000012480	A	rna-XM_057801844.1	A
BRAKERILHT00000012699	A	rna-XM_057805027.1	A
BRAKERILHT00000012418	A	rna-XM_057801994.1	A
BRAKERILHT00000013045	A	rna-XM_057801440.1	A
BRAKERILHT00000013966	A	rna-XM_057805230.1	A
BRAKERILHT00000012523	A	rna-XM_057806756.1	A
BRAKERILHT00000013267	A	rna-XM_057806743.1	A
BRAKERILHT00000013810	A	rna-XM_057806934.1	A
BRAKERILHT00000013242	A	rna-XM_057794906.1	A
BRAKERILHT00000012875	A	rna-XM_057794905.1	A
BRAKERILHT00000013173	A	rna-XM_057804313.1	A
BRAKERILHT00000013619	A	rna-XM_057816479.1	A
BRAKERILHT00000012831	A	rna-XM_057816477.1	A
BRAKERILHT00000012435	A	rna-XM_057805497.1	A
BRAKERILHT00000013578	A	rna-XM_057806074.1	A
BRAKERILHT00000013008	A	rna-XM_057805281.1	A
BRAKERILHT00000012625	A	rna-XM_057806075.1	A
BRAKERILHT00000013669	A	rna-XM_057814252.1	A
BRAKERILHT00000013602	A	rna-XM_057814195.1	A
BRAKERILHT00000012836	A	rna-XM_057801414.1	A
BRAKERILHT00000013641	A	rna-XM_057814201.1	A
BRAKERILHT00000012976	A	rna-XM_057814204.1	A
BRAKERILHT00000013350	A	rna-XM_057806630.1	A
BRAKERILHT00000013474	A	rna-XM_057802694.1	A
BRAKERILHT00000013836	A	rna-XM_057804964.1	A
BRAKERILHT00000012889	A	rna-XM_057804173.1	A
BRAKERILHT00000012540	A	rna-XM_057804851.1	A
BRAKERILHT00000012701	A	rna-XM_057803059.1	A
BRAKERILHT00000013940	A	rna-XM_057795021.1	A
BRAKERILHT00000012899	A	rna-XM_057809090.1	A
BRAKERILHT00000012670	A	rna-XM_057806399.1	A
BRAKERILHT00000013651	A	rna-XM_057797834.1	A
BRAKERILHT00000013400	A	rna-XM_057811757.1	A
BRAKERILHT00000012437	A	rna-XM_057811756.1	A
BRAKERILHT00000013635	A	rna-XM_057806977.1	A
BRAKERILHT00000013421	A	rna-XM_057811761.1	A
BRAKERILHT00000013818	A	rna-XM_057811739.1	A
BRAKERILHT00000013058	A	rna-XM_057811737.1	A
BRAKERILHT00000012876	A	rna-XM_057814139.1	A
BRAKERILHT00000013360	A	rna-XM_057800714.1	A
BRAKERILHT00000012558	A	rna-XM_057798438.1	A
BRAKERILHT00000012476	A	rna-XM_057816029.1	A
BRAKERILHT00000012598	A	rna-XM_057801734.1	A
BRAKERILHT00000013006	A	rna-XM_057801737.1	A
BRAKERILHT00000012773	A	rna-XM_057802028.1	A
BRAKERILHT00000013054	A	rna-XM_057797672.1	A
BRAKERILHT00000012481	A	rna-XM_057801932.1	A
BRAKERILHT00000013986	A	rna-XM_057795795.1	A
BRAKERILHT00000013448	A	rna-XM_057805123.1	A
BRAKERILHT00000013351	A	rna-XM_057809532.1	A
BRAKERILHT00000013889	A	rna-XM_057796812.1	A
BRAKERILHT00000012375	A	rna-XM_057796507.1	A
BRAKERILHT00000013294	A	rna-XM_057814694.1	A
BRAKERILHT00000012870	A	rna-XM_057813872.1	A
BRAKERILHT00000013625	A	rna-XM_057814103.1	A
BRAKERILHT00000013106	A	rna-XM_057816255.1	A
BRAKERILHT00000012660	A	rna-XM_057795414.1	A
BRAKERILHT00000012594	A	rna-XM_057796337.1	A
BRAKERILHT00000013393	A	rna-XM_057795650.1	A
BRAKERILHT00000013670	A	rna-XM_057795412.1	A
BRAKERILHT00000013155	A	rna-XM_057798389.1	A
BRAKERILHT00000012759	A	rna-XM_057798820.1	A
BRAKERILHT00000013483	A	rna-XM_057804901.1	A
BRAKERILHT00000012932	A	rna-XM_057809336.1	A
BRAKERILHT00000012469	A	rna-XM_057807295.1	A
BRAKERILHT00000013686	A	rna-XM_057796162.1	A
BRAKERILHT00000013109	A	rna-XM_057808969.1	A
BRAKERILHT00000013924	A	rna-XM_057798276.1	A
BRAKERILHT00000012429	A	rna-XM_057809417.1	A
BRAKERILHT00000012865	A	rna-XM_057809418.1	A
BRAKERILHT00000013405	A	rna-XM_057809681.1	A
BRAKERILHT00000012623	A	rna-XM_057797312.1	A
BRAKERILHT00000013004	A	rna-XM_057804909.1	A
BRAKERILHT00000013577	A	rna-XM_057804906.1	A
BRAKERILHT00000013944	A	rna-XM_057804886.1	A
BRAKERILHT00000013782	A	rna-XM_057804911.1	A
BRAKERILHT00000013951	A	rna-XM_057804914.1	A
BRAKERILHT00000013366	A	rna-XM_057807586.1	A
BRAKERILHT00000013001	A	rna-XM_057798284.1	A
BRAKERILHT00000012809	A	rna-XM_057798278.1	A
BRAKERILHT00000013257	A	rna-XM_057812446.1	A
BRAKERILHT00000012671	A	rna-XM_057812302.1	A
BRAKERILHT00000013955	A	rna-XM_057812550.1	A
BRAKERILHT00000013036	A	rna-XM_057804093.1	A
BRAKERILHT00000012669	A	rna-XM_057814866.1	A
BRAKERILHT00000013710	A	rna-XM_057806762.1	A
BRAKERILHT00000013287	A	rna-XM_057802301.1	A
BRAKERILHT00000013661	A	rna-XM_057805750.1	A
BRAKERILHT00000013230	A	rna-XM_057795951.1	A
BRAKERILHT00000013133	A	rna-XM_057796782.1	A
BRAKERILHT00000013187	A	rna-XM_057796623.1	A
BRAKERILHT00000012727	A	rna-XM_057806019.1	A
BRAKERILHT00000012401	A	rna-XM_057804788.1	A
BRAKERILHT00000013612	A	rna-XM_057807849.1	A
BRAKERILHT00000013667	A	rna-XM_057800249.1	A
BRAKERILHT00000013211	A	rna-XM_057795523.1	A
BRAKERILHT00000013099	A	rna-XM_057796109.1	A
BRAKERILHT00000013590	A	rna-XM_057811810.1	A
BRAKERILHT00000012532	A	rna-XM_057798343.1	A
BRAKERILHT00000014966	A	rna-XM_057816834.1	A
BRAKERILHT00000015404	A	rna-XM_057815967.1	A
BRAKERILHT00000014526	A	rna-XM_057812719.1	A
BRAKERILHT00000015358	A	rna-XM_057812441.1	A
BRAKERILHT00000014318	A	rna-XM_057801836.1	A
BRAKERILHT00000014913	A	rna-XM_057814485.1	A
BRAKERILHT00000014073	A	rna-XM_057812742.1	A
BRAKERILHT00000015268	A	rna-XM_057803507.1	A
BRAKERILHT00000014826	A	rna-XM_057811324.1	A
BRAKERILHT00000014378	A	rna-XM_057812568.1	A
BRAKERILHT00000014808	A	rna-XM_057814446.1	A
BRAKERILHT00000015062	A	rna-XM_057807027.1	A
BRAKERILHT00000015495	A	rna-XM_057801692.1	A
BRAKERILHT00000014161	A	rna-XM_057797535.1	A
BRAKERILHT00000014597	A	rna-XM_057806901.1	A
BRAKERILHT00000014554	A	rna-XM_057806304.1	X
BRAKERILHT00000015071	A	rna-XM_057814832.1	A
BRAKERILHT00000014193	A	rna-XM_057814928.1	A
BRAKERILHT00000015336	A	rna-XM_057814929.1	A
BRAKERILHT00000014508	A	rna-XM_057816133.1	A
BRAKERILHT00000014867	A	rna-XM_057814932.1	A
BRAKERILHT00000014141	A	rna-XM_057802827.1	A
BRAKERILHT00000014789	A	rna-XM_057802455.1	A
BRAKERILHT00000015572	A	rna-XM_057808519.1	A
BRAKERILHT00000014313	A	rna-XM_057803395.1	A
BRAKERILHT00000014972	A	rna-XM_057805691.1	A
BRAKERILHT00000014856	A	rna-XM_057805417.1	A
BRAKERILHT00000014831	A	rna-XM_057805927.1	A
BRAKERILHT00000014417	A	rna-XM_057816238.1	A
BRAKERILHT00000014750	A	rna-XM_057806016.1	A
BRAKERILHT00000015303	A	rna-XM_057815951.1	A
BRAKERILHT00000014036	A	rna-XM_057816672.1	A
BRAKERILHT00000015238	A	rna-XM_057816675.1	A
BRAKERILHT00000015121	A	rna-XM_057801854.1	A
BRAKERILHT00000014373	A	rna-XM_057814236.1	A
BRAKERILHT00000015075	A	rna-XM_057814240.1	A
BRAKERILHT00000014584	A	rna-XM_057810112.1	A
BRAKERILHT00000015306	A	rna-XM_057798896.1	A
BRAKERILHT00000014873	A	rna-XM_057798895.1	A
BRAKERILHT00000015573	A	rna-XM_057807829.1	A
BRAKERILHT00000015135	A	rna-XM_057798885.1	A
BRAKERILHT00000014257	A	rna-XM_057803169.1	A
BRAKERILHT00000015432	A	rna-XM_057814238.1	A
BRAKERILHT00000015423	A	rna-XM_057796524.1	A
BRAKERILHT00000014196	A	rna-XM_057801835.1	A
BRAKERILHT00000015445	A	rna-XM_057801831.1	A
BRAKERILHT00000015113	A	rna-XM_057801829.1	A
BRAKERILHT00000015379	A	rna-XM_057801828.1	A
BRAKERILHT00000015428	A	rna-XM_057814585.1	A
BRAKERILHT00000014280	A	rna-XM_057801824.1	A
BRAKERILHT00000014746	A	rna-XM_057801821.1	A
BRAKERILHT00000015560	A	rna-XM_057814272.1	A
BRAKERILHT00000014305	A	rna-XM_057812936.1	A
BRAKERILHT00000014770	A	rna-XM_057801825.1	A
BRAKERILHT00000014122	A	rna-XM_057816242.1	A
BRAKERILHT00000014983	A	rna-XM_057816676.1	A
BRAKERILHT00000015244	A	rna-XM_057816721.1	A
BRAKERILHT00000015190	A	rna-XM_057815602.1	A
BRAKERILHT00000015262	A	rna-XM_057797848.1	A
BRAKERILHT00000014108	A	rna-XM_057798886.1	A
BRAKERILHT00000014317	A	rna-XM_057795224.1	A
BRAKERILHT00000014969	A	rna-XM_057798521.1	A
BRAKERILHT00000015219	A	rna-XM_057815898.1	A
BRAKERILHT00000015577	A	rna-XM_057816497.1	A
BRAKERILHT00000014445	A	rna-XM_057809244.1	A
BRAKERILHT00000014864	A	rna-XM_057807502.1	A
BRAKERILHT00000014531	A	rna-XM_057799205.1	A
BRAKERILHT00000014160	A	rna-XM_057815371.1	A
BRAKERILHT00000015413	A	rna-XM_057815379.1	A
BRAKERILHT00000015033	A	rna-XM_057815897.1	A
BRAKERILHT00000014692	A	rna-XM_057806101.1	A
BRAKERILHT00000014530	A	rna-XM_057805807.1	A
BRAKERILHT00000015575	A	rna-XM_057801820.1	A
BRAKERILHT00000014607	A	rna-XM_057810687.1	A
BRAKERILHT00000014253	A	rna-XM_057806120.1	A
BRAKERILHT00000014614	A	rna-XM_057806112.1	A
BRAKERILHT00000015587	A	rna-XM_057805285.1	A
BRAKERILHT00000015178	A	rna-XM_057805467.1	A
BRAKERILHT00000014512	A	rna-XM_057805777.1	A
BRAKERILHT00000015090	A	rna-XM_057805811.1	A
BRAKERILHT00000014630	A	rna-XM_057805809.1	A
BRAKERILHT00000014125	A	rna-XM_057809649.1	A
BRAKERILHT00000015270	A	rna-XM_057796012.1	A
BRAKERILHT00000014811	A	rna-XM_057801805.1	A
BRAKERILHT00000014377	A	rna-XM_057801818.1	A
BRAKERILHT00000015056	A	rna-XM_057814225.1	A
BRAKERILHT00000014825	A	rna-XM_057814216.1	A
BRAKERILHT00000014477	A	rna-XM_057807404.1	X
BRAKERILHT00000014087	A	rna-XM_057814213.1	A
BRAKERILHT00000014038	A	rna-XM_057814202.1	A
BRAKERILHT00000014263	A	rna-XM_057814231.1	A
BRAKERILHT00000015000	A	rna-XM_057814214.1	A
BRAKERILHT00000014540	A	rna-XM_057814215.1	A
BRAKERILHT00000015125	A	rna-XM_057814235.1	A
BRAKERILHT00000015032	A	rna-XM_057813991.1	A
BRAKERILHT00000014782	A	rna-XM_057812740.1	A
BRAKERILHT00000015103	A	rna-XM_057801799.1	A
BRAKERILHT00000015197	A	rna-XM_057801801.1	A
BRAKERILHT00000014314	A	rna-XM_057799034.1	A
BRAKERILHT00000014989	A	rna-XM_057802442.1	A
BRAKERILHT00000015330	A	rna-XM_057802384.1	A
BRAKERILHT00000015590	A	rna-XM_057815913.1	A
BRAKERILHT00000014688	A	rna-XM_057802237.1	A
BRAKERILHT00000014384	A	rna-XM_057802091.1	A
BRAKERILHT00000014818	A	rna-XM_057799272.1	A
BRAKERILHT00000014139	A	rna-XM_057799274.1	A
BRAKERILHT00000015050	A	rna-XM_057808400.1	A
BRAKERILHT00000014143	A	rna-XM_057808394.1	A
BRAKERILHT00000014218	A	rna-XM_057815826.1	A
BRAKERILHT00000014820	A	rna-XM_057815807.1	A
BRAKERILHT00000015396	A	rna-XM_057795465.1	A
BRAKERILHT00000014945	A	rna-XM_057816475.1	A
BRAKERILHT00000015382	A	rna-XM_057816272.1	A
BRAKERILHT00000014616	A	rna-XM_057816266.1	A
BRAKERILHT00000014100	A	rna-XM_057799512.1	A
BRAKERILHT00000015157	A	rna-XM_057799499.1	A
BRAKERILHT00000015594	A	rna-XM_057800410.1	A
BRAKERILHT00000015421	A	rna-XM_057795383.1	A
BRAKERILHT00000014062	A	rna-XM_057795377.1	A
BRAKERILHT00000015350	A	rna-XM_057808982.1	A
BRAKERILHT00000014259	A	rna-XM_057808978.1	A
BRAKERILHT00000015360	A	rna-XM_057803900.1	A
BRAKERILHT00000014919	A	rna-XM_057798175.1	A
BRAKERILHT00000014213	A	rna-XM_057813522.1	A
BRAKERILHT00000014410	A	rna-XM_057812826.1	A
BRAKERILHT00000014762	A	rna-XM_057806154.1	A
BRAKERILHT00000015093	A	rna-XM_057797837.1	A
BRAKERILHT00000014904	A	rna-XM_057814031.1	A
BRAKERILHT00000014623	A	rna-XM_057814025.1	A
BRAKERILHT00000014716	A	rna-XM_057814030.1	A
BRAKERILHT00000014343	A	rna-XM_057813994.1	A
BRAKERILHT00000014543	A	rna-XM_057812715.1	A
BRAKERILHT00000014851	A	rna-XM_057814475.1	A
BRAKERILHT00000015407	A	rna-XM_057814000.1	A
BRAKERILHT00000014180	A	rna-XM_057813997.1	A
BRAKERILHT00000015245	A	rna-XM_057802826.1	A
BRAKERILHT00000015393	A	rna-XM_057813995.1	A
BRAKERILHT00000015540	A	rna-XM_057814003.1	A
BRAKERILHT00000014304	A	rna-XM_057814007.1	A
BRAKERILHT00000014903	A	rna-XM_057812045.1	A
BRAKERILHT00000015256	A	rna-XM_057813999.1	A
BRAKERILHT00000014484	A	rna-XM_057813381.1	A
BRAKERILHT00000014593	A	rna-XM_057814447.1	A
BRAKERILHT00000014942	A	rna-XM_057814453.1	A
BRAKERILHT00000015116	A	rna-XM_057806468.1	A
BRAKERILHT00000014620	A	rna-XM_057805438.1	A
BRAKERILHT00000014509	A	rna-XM_057805440.1	A
BRAKERILHT00000015177	A	rna-XM_057801790.1	A
BRAKERILHT00000014733	A	rna-XM_057816551.1	A
BRAKERILHT00000014843	A	rna-XM_057816550.1	A
BRAKERILHT00000014098	A	rna-XM_057816548.1	A
BRAKERILHT00000015464	A	rna-XM_057815884.1	A
BRAKERILHT00000014245	A	rna-XM_057815851.1	A
BRAKERILHT00000015583	A	rna-XM_057816245.1	A
BRAKERILHT00000014877	A	rna-XM_057805822.1	A
BRAKERILHT00000015338	A	rna-XM_057805825.1	A
BRAKERILHT00000014173	A	rna-XM_057805828.1	A
BRAKERILHT00000015222	A	rna-XM_057806466.1	A
BRAKERILHT00000015380	A	rna-XM_057806460.1	A
BRAKERILHT00000014112	A	rna-XM_057806463.1	A
BRAKERILHT00000014461	A	rna-XM_057806461.1	A
BRAKERILHT00000015203	A	rna-XM_057805272.1	A
BRAKERILHT00000015529	A	rna-XM_057805268.1	A
BRAKERILHT00000014297	A	rna-XM_057805267.1	A
BRAKERILHT00000014640	A	rna-XM_057805266.1	A
BRAKERILHT00000015356	A	rna-XM_057805992.1	A
BRAKERILHT00000014126	A	rna-XM_057806467.1	A
BRAKERILHT00000014144	A	rna-XM_057806473.1	A
BRAKERILHT00000014436	A	rna-XM_057806469.1	A
BRAKERILHT00000014890	A	rna-XM_057806253.1	A
BRAKERILHT00000015138	A	rna-XM_057805619.1	A
BRAKERILHT00000015579	A	rna-XM_057805568.1	A
BRAKERILHT00000015277	A	rna-XM_057805620.1	A
BRAKERILHT00000014506	A	rna-XM_057805628.1	A
BRAKERILHT00000014838	A	rna-XM_057802248.1	A
BRAKERILHT00000015589	A	rna-XM_057801871.1	A
BRAKERILHT00000014288	A	rna-XM_057805340.1	A
BRAKERILHT00000014804	A	rna-XM_057805979.1	A
BRAKERILHT00000015151	A	rna-XM_057805978.1	A
BRAKERILHT00000015536	A	rna-XM_057806415.1	A
BRAKERILHT00000014451	A	rna-XM_057814715.1	A
BRAKERILHT00000014987	A	rna-XM_057814710.1	A
BRAKERILHT00000014634	A	rna-XM_057812177.1	A
BRAKERILHT00000015189	A	rna-XM_057800005.1	A
BRAKERILHT00000015537	A	rna-XM_057795107.1	A
BRAKERILHT00000015051	A	rna-XM_057795155.1	A
BRAKERILHT00000014636	A	rna-XM_057797092.1	A
BRAKERILHT00000014289	A	rna-XM_057807376.1	A
BRAKERILHT00000014975	A	rna-XM_057807375.1	A
BRAKERILHT00000015539	A	rna-XM_057807367.1	A
BRAKERILHT00000015073	A	rna-XM_057807355.1	A
BRAKERILHT00000014707	A	rna-XM_057807373.1	A
BRAKERILHT00000015450	A	rna-XM_057806948.1	A
BRAKERILHT00000014349	A	rna-XM_057806732.1	A
BRAKERILHT00000014684	A	rna-XM_057799239.1	A
BRAKERILHT00000015070	A	rna-XM_057801908.1	A
BRAKERILHT00000015507	A	rna-XM_057807879.1	A
BRAKERILHT00000015299	A	rna-XM_057812173.1	A
BRAKERILHT00000014892	A	rna-XM_057814976.1	A
BRAKERILHT00000015436	A	rna-XM_057814496.1	A
BRAKERILHT00000015154	A	rna-XM_057813288.1	A
BRAKERILHT00000014529	A	rna-XM_057813881.1	A
BRAKERILHT00000015598	A	rna-XM_057814494.1	A
BRAKERILHT00000014397	A	rna-XM_057798502.1	A
BRAKERILHT00000014907	A	rna-XM_057798729.1	A
BRAKERILHT00000014050	A	rna-XM_057813974.1	A
BRAKERILHT00000014776	A	rna-XM_057813202.1	A
BRAKERILHT00000014731	A	rna-XM_057798236.1	A
BRAKERILHT00000014645	A	rna-XM_057797757.1	A
BRAKERILHT00000015355	A	rna-XM_057797758.1	A
BRAKERILHT00000015006	A	rna-XM_057798903.1	A
BRAKERILHT00000014283	A	rna-XM_057796362.1	A
BRAKERILHT00000014632	A	rna-XM_057798069.1	A
BRAKERILHT00000014659	A	rna-XM_057797825.1	A
BRAKERILHT00000014815	A	rna-XM_057804356.1	A
BRAKERILHT00000014148	A	rna-XM_057809847.1	A
BRAKERILHT00000014138	A	rna-XM_057815430.1	A
BRAKERILHT00000014648	A	rna-XM_057800859.1	A
BRAKERILHT00000015175	A	rna-XM_057807880.1	A
BRAKERILHT00000015527	A	rna-XM_057815840.1	A
BRAKERILHT00000014121	A	rna-XM_057808278.1	A
BRAKERILHT00000014476	A	rna-XM_057794853.1	A
BRAKERILHT00000015044	A	rna-XM_057796598.1	A
BRAKERILHT00000015454	A	rna-XM_057805136.1	A
BRAKERILHT00000014703	A	rna-XM_057815743.1	A
BRAKERILHT00000014204	A	rna-XM_057798136.1	A
BRAKERILHT00000014486	A	rna-XM_057799582.1	A
BRAKERILHT00000015465	A	rna-XM_057809499.1	A
BRAKERILHT00000015206	A	rna-XM_057798352.1	A
BRAKERILHT00000015558	A	rna-XM_057807281.1	A
BRAKERILHT00000015325	A	rna-XM_057808370.1	A
BRAKERILHT00000014083	A	rna-XM_057808369.1	A
BRAKERILHT00000014390	A	rna-XM_057795552.1	A
BRAKERILHT00000014862	A	rna-XM_057808354.1	A
BRAKERILHT00000015117	A	rna-XM_057804102.1	A
BRAKERILHT00000015543	A	rna-XM_057798193.1	A
BRAKERILHT00000014078	A	rna-XM_057803927.1	A
BRAKERILHT00000014093	A	rna-XM_057808876.1	A
BRAKERILHT00000014829	A	rna-XM_057809850.1	A
BRAKERILHT00000015561	A	rna-XM_057809166.1	A
BRAKERILHT00000015009	A	rna-XM_057809479.1	A
BRAKERILHT00000015449	A	rna-XM_057809432.1	A
BRAKERILHT00000014152	A	rna-XM_057809481.1	A
BRAKERILHT00000014595	A	rna-XM_057809044.1	A
BRAKERILHT00000014398	A	rna-XM_057809519.1	A
BRAKERILHT00000014824	A	rna-XM_057807878.1	A
BRAKERILHT00000014069	A	rna-XM_057807872.1	A
BRAKERILHT00000014622	A	rna-XM_057804725.1	A
BRAKERILHT00000014980	A	rna-XM_057802313.1	A
BRAKERILHT00000014258	A	rna-XM_057809084.1	A
BRAKERILHT00000014044	A	rna-XM_057809947.1	A
BRAKERILHT00000014587	A	rna-XM_057799756.1	A
BRAKERILHT00000014935	A	rna-XM_057809353.1	A
BRAKERILHT00000015469	A	rna-XM_057808973.1	A
BRAKERILHT00000015345	A	rna-XM_057809296.1	A
BRAKERILHT00000015397	A	rna-XM_057809446.1	A
BRAKERILHT00000014216	A	rna-XM_057809944.1	A
BRAKERILHT00000014462	A	rna-XM_057809167.1	A
BRAKERILHT00000014933	A	rna-XM_057809150.1	A
BRAKERILHT00000015462	A	rna-XM_057809942.1	A
BRAKERILHT00000014293	A	rna-XM_057808049.1	A
BRAKERILHT00000015569	A	rna-XM_057798121.1	A
BRAKERILHT00000014841	A	rna-XM_057797635.1	A
BRAKERILHT00000014528	A	rna-XM_057795264.1	A
BRAKERILHT00000014174	A	rna-XM_057816682.1	A
BRAKERILHT00000014222	A	rna-XM_057810701.1	A
BRAKERILHT00000015054	A	rna-XM_057810699.1	A
BRAKERILHT00000014646	A	rna-XM_057816517.1	A
BRAKERILHT00000015031	A	rna-XM_057795567.1	A
BRAKERILHT00000014075	A	rna-XM_057795566.1	A
BRAKERILHT00000014319	A	rna-XM_057803412.1	A
BRAKERILHT00000015571	A	rna-XM_057795246.1	A
BRAKERILHT00000014870	A	rna-XM_057813790.1	A
BRAKERILHT00000014527	A	rna-XM_057812980.1	A
BRAKERILHT00000014159	A	rna-XM_057803834.1	A
BRAKERILHT00000014577	A	rna-XM_057802227.1	A
BRAKERILHT00000015321	A	rna-XM_057808373.1	A
BRAKERILHT00000014753	A	rna-XM_057797324.1	A
BRAKERILHT00000014324	A	rna-XM_057798406.1	A
BRAKERILHT00000014079	A	rna-XM_057796242.1	A
BRAKERILHT00000015226	A	rna-XM_057801999.1	A
BRAKERILHT00000014891	A	rna-XM_057801965.1	A
BRAKERILHT00000014416	A	rna-XM_057801150.1	A
BRAKERILHT00000015501	A	rna-XM_057800398.1	A
BRAKERILHT00000015045	A	rna-XM_057810899.1	A
BRAKERILHT00000014468	A	rna-XM_057807672.1	A
BRAKERILHT00000015220	A	rna-XM_057808829.1	A
BRAKERILHT00000014672	A	rna-XM_057804622.1	A
BRAKERILHT00000014322	A	rna-XM_057804623.1	A
BRAKERILHT00000015160	A	rna-XM_057801754.1	A
BRAKERILHT00000014663	A	rna-XM_057803506.1	A
BRAKERILHT00000014256	A	rna-XM_057803269.1	A
BRAKERILHT00000015133	A	rna-XM_057814239.1	A
BRAKERILHT00000015588	A	rna-XM_057803852.1	A
BRAKERILHT00000014438	A	rna-XM_057795577.1	A
BRAKERILHT00000014957	A	rna-XM_057808047.1	A
BRAKERILHT00000015422	A	rna-XM_057803365.1	A
BRAKERILHT00000015389	A	rna-XM_057808032.1	A
BRAKERILHT00000014629	A	rna-XM_057799280.1	A
BRAKERILHT00000014316	A	rna-XM_057799851.1	A
BRAKERILHT00000014123	A	rna-XM_057808182.1	A
BRAKERILHT00000015004	A	rna-XM_057803175.1	A
BRAKERILHT00000014499	A	rna-XM_057801975.1	A
BRAKERILHT00000015144	A	rna-XM_057802100.1	A
BRAKERILHT00000015568	A	rna-XM_057810735.1	A
BRAKERILHT00000014059	A	rna-XM_057810730.1	A
BRAKERILHT00000014053	A	rna-XM_057801968.1	A
BRAKERILHT00000014515	A	rna-XM_057801978.1	A
BRAKERILHT00000014978	A	rna-XM_057798463.1	A
BRAKERILHT00000014251	A	rna-XM_057798152.1	A
BRAKERILHT00000015145	A	rna-XM_057797739.1	A
BRAKERILHT00000015448	A	rna-XM_057800052.1	A
BRAKERILHT00000015114	A	rna-XM_057808044.1	A
BRAKERILHT00000014726	A	rna-XM_057808895.1	A
BRAKERILHT00000014423	A	rna-XM_057800223.1	A
BRAKERILHT00000014780	A	rna-XM_057801538.1	A
BRAKERILHT00000015247	A	rna-XM_057801518.1	A
BRAKERILHT00000015419	A	rna-XM_057801522.1	A
BRAKERILHT00000014189	A	rna-XM_057798894.1	A
BRAKERILHT00000014507	A	rna-XM_057801547.1	A
BRAKERILHT00000014896	A	rna-XM_057803177.1	A
BRAKERILHT00000015041	A	rna-XM_057803182.1	A
BRAKERILHT00000015582	A	rna-XM_057803188.1	A
BRAKERILHT00000014176	A	rna-XM_057803669.1	A
BRAKERILHT00000014057	A	rna-XM_057803670.1	A
BRAKERILHT00000014292	A	rna-XM_057803672.1	A
BRAKERILHT00000015442	A	rna-XM_057803211.1	A
BRAKERILHT00000015400	A	rna-XM_057803229.1	A
BRAKERILHT00000014968	A	rna-XM_057803226.1	A
BRAKERILHT00000014752	A	rna-XM_057803224.1	A
BRAKERILHT00000014106	A	rna-XM_057803218.1	A
BRAKERILHT00000015435	A	rna-XM_057802173.1	A
BRAKERILHT00000015187	A	rna-XM_057809932.1	A
BRAKERILHT00000015424	A	rna-XM_057804404.1	A
BRAKERILHT00000014908	A	rna-XM_057799822.1	A
BRAKERILHT00000015185	A	rna-XM_057799820.1	A
BRAKERILHT00000015533	A	rna-XM_057799429.1	A
BRAKERILHT00000014910	A	rna-XM_057800740.1	A
BRAKERILHT00000014191	A	rna-XM_057814476.1	X
BRAKERILHT00000015080	A	rna-XM_057799816.1	A
BRAKERILHT00000014165	A	rna-XM_057809863.1	A
BRAKERILHT00000014696	A	rna-XM_057802548.1	A
BRAKERILHT00000014287	A	rna-XM_057813733.1	A
BRAKERILHT00000015570	A	rna-XM_057808511.1	A
BRAKERILHT00000014332	A	rna-XM_057814966.1	A
BRAKERILHT00000014466	A	rna-XM_057807749.1	A
BRAKERILHT00000014788	A	rna-XM_057807750.1	A
BRAKERILHT00000015327	A	rna-XM_057808345.1	A
BRAKERILHT00000014441	A	rna-XM_057797683.1	A
BRAKERILHT00000015021	A	rna-XM_057797684.1	A
BRAKERILHT00000015209	A	rna-XM_057797690.1	A
BRAKERILHT00000015548	A	rna-XM_057797908.1	A
BRAKERILHT00000014784	A	rna-XM_057798134.1	A
BRAKERILHT00000015258	A	rna-XM_057798404.1	A
BRAKERILHT00000014926	A	rna-XM_057797909.1	A
BRAKERILHT00000014360	A	rna-XM_057798082.1	A
BRAKERILHT00000014463	A	rna-XM_057801329.1	A
BRAKERILHT00000015007	A	rna-XM_057801333.1	A
BRAKERILHT00000014281	A	rna-XM_057812813.1	A
BRAKERILHT00000015174	A	rna-XM_057810714.1	A
BRAKERILHT00000014643	A	rna-XM_057810717.1	A
BRAKERILHT00000014425	A	rna-XM_057810719.1	A
BRAKERILHT00000014766	A	rna-XM_057802449.1	A
BRAKERILHT00000015082	A	rna-XM_057802452.1	A
BRAKERILHT00000015308	A	rna-XM_057803787.1	A
BRAKERILHT00000014414	A	rna-XM_057803789.1	A
BRAKERILHT00000015227	A	rna-XM_057810347.1	A
BRAKERILHT00000014409	A	rna-XM_057809974.1	A
BRAKERILHT00000015252	A	rna-XM_057810342.1	A
BRAKERILHT00000014158	A	rna-XM_057810343.1	A
BRAKERILHT00000015274	A	rna-XM_057810345.1	A
BRAKERILHT00000014832	A	rna-XM_057809967.1	A
BRAKERILHT00000014381	A	rna-XM_057816760.1	A
BRAKERILHT00000015275	A	rna-XM_057801743.1	A
BRAKERILHT00000015049	A	rna-XM_057815918.1	A
BRAKERILHT00000014812	A	rna-XM_057815919.1	A
BRAKERILHT00000014800	A	rna-XM_057816647.1	A
BRAKERILHT00000014407	A	rna-XM_057816649.1	A
BRAKERILHT00000015513	A	rna-XM_057796274.1	X
BRAKERILHT00000015027	A	rna-XM_057815926.1	A
BRAKERILHT00000014404	A	rna-XM_057815923.1	A
BRAKERILHT00000014738	A	rna-XM_057815925.1	A
BRAKERILHT00000014850	A	rna-XM_057803508.1	A
BRAKERILHT00000014932	A	rna-XM_057815921.1	A
BRAKERILHT00000015265	A	rna-XM_057795573.1	A
BRAKERILHT00000014559	A	rna-XM_057795570.1	A
BRAKERILHT00000015430	A	rna-XM_057813921.1	A
BRAKERILHT00000014858	A	rna-XM_057806435.1	A
BRAKERILHT00000014557	A	rna-XM_057802200.1	A
BRAKERILHT00000014537	A	rna-XM_057809627.1	A
BRAKERILHT00000014273	A	rna-XM_057809491.1	A
BRAKERILHT00000015549	A	rna-XM_057806411.1	A
BRAKERILHT00000015204	A	rna-XM_057816529.1	A
BRAKERILHT00000014586	A	rna-XM_057815835.1	A
BRAKERILHT00000014320	A	rna-XM_057815836.1	A
BRAKERILHT00000015467	A	rna-XM_057801758.1	A
BRAKERILHT00000015155	A	rna-XM_057816521.1	A
BRAKERILHT00000014697	A	rna-XM_057795088.1	A
BRAKERILHT00000014054	A	rna-XM_057810942.1	A
BRAKERILHT00000015243	A	rna-XM_057810354.1	A
BRAKERILHT00000014628	A	rna-XM_057810263.1	A
BRAKERILHT00000015386	A	rna-XM_057814791.1	A
BRAKERILHT00000015472	A	rna-XM_057800024.1	A
BRAKERILHT00000014329	A	rna-XM_057798620.1	A
BRAKERILHT00000014110	A	rna-XM_057802171.1	A
BRAKERILHT00000014421	A	rna-XM_057802822.1	A
BRAKERILHT00000014338	A	rna-XM_057811806.1	A
BRAKERILHT00000014455	A	rna-XM_057810329.1	A
BRAKERILHT00000014545	A	rna-XM_057813232.1	A
BRAKERILHT00000015515	A	rna-XM_057813231.1	A
BRAKERILHT00000015067	A	rna-XM_057815002.1	A
BRAKERILHT00000014433	A	rna-XM_057814990.1	A
BRAKERILHT00000014588	A	rna-XM_057814084.1	A
BRAKERILHT00000014704	A	rna-XM_057814256.1	A
BRAKERILHT00000014367	A	rna-XM_057810966.1	A
BRAKERILHT00000015609	A	rna-XM_057805877.1	A
BRAKERILHT00000014524	A	rna-XM_057810967.1	A
BRAKERILHT00000014129	A	rna-XM_057810968.1	A
BRAKERILHT00000015037	A	rna-XM_057813839.1	A
BRAKERILHT00000014917	A	rna-XM_057814951.1	A
BRAKERILHT00000015502	A	rna-XM_057814952.1	A
BRAKERILHT00000014511	A	rna-XM_057804148.1	A
BRAKERILHT00000015586	A	rna-XM_057812754.1	A
BRAKERILHT00000015601	A	rna-XM_057797927.1	A
BRAKERILHT00000014650	A	rna-XM_057805348.1	A
BRAKERILHT00000015058	A	rna-XM_057805322.1	A
BRAKERILHT00000014040	A	rna-XM_057809318.1	A
BRAKERILHT00000014354	A	rna-XM_057811454.1	A
BRAKERILHT00000014393	A	rna-XM_057806936.1	A
BRAKERILHT00000015519	A	rna-XM_057806927.1	A
BRAKERILHT00000014590	A	rna-XM_057808014.1	A
BRAKERILHT00000014132	A	rna-XM_057804665.1	A
BRAKERILHT00000015302	A	rna-XM_057794987.1	A
BRAKERILHT00000014835	A	rna-XM_057808013.1	A
BRAKERILHT00000014806	A	rna-XM_057811762.1	A
BRAKERILHT00000014366	A	rna-XM_057801870.1	A
BRAKERILHT00000015517	A	rna-XM_057806839.1	A
BRAKERILHT00000015085	A	rna-XM_057801865.1	A
BRAKERILHT00000015471	A	rna-XM_057801864.1	A
BRAKERILHT00000015089	A	rna-XM_057801863.1	A
BRAKERILHT00000014666	A	rna-XM_057801861.1	A
BRAKERILHT00000015108	A	rna-XM_057801862.1	A
BRAKERILHT00000014542	A	rna-XM_057807282.1	A
BRAKERILHT00000014993	A	rna-XM_057805993.1	A
BRAKERILHT00000015101	A	rna-XM_057795060.1	A
BRAKERILHT00000015119	A	rna-XM_057815292.1	Y
BRAKERILHT00000014626	A	rna-XM_057808363.1	A
BRAKERILHT00000015140	A	rna-XM_057808371.1	A
BRAKERILHT00000014478	A	rna-XM_057813668.1	A
BRAKERILHT00000015013	A	rna-XM_057813670.1	A
BRAKERILHT00000015394	A	rna-XM_057796229.1	A
BRAKERILHT00000014260	A	rna-XM_057815551.1	A
BRAKERILHT00000015409	A	rna-XM_057806788.1	A
BRAKERILHT00000014775	A	rna-XM_057804400.1	A
BRAKERILHT00000015260	A	rna-XM_057813509.1	A
BRAKERILHT00000014039	A	rna-XM_057801163.1	A
BRAKERILHT00000014113	A	rna-XM_057800331.1	A
BRAKERILHT00000014134	A	rna-XM_057798149.1	A
BRAKERILHT00000014199	A	rna-XM_057799169.1	A
BRAKERILHT00000015181	A	rna-XM_057799167.1	A
BRAKERILHT00000015457	A	rna-XM_057802282.1	A
BRAKERILHT00000015161	A	rna-XM_057808215.1	A
BRAKERILHT00000015233	A	rna-XM_057800096.1	A
BRAKERILHT00000014422	A	rna-XM_057800090.1	A
BRAKERILHT00000014185	A	rna-XM_057800089.1	A
BRAKERILHT00000014618	A	rna-XM_057800086.1	A
BRAKERILHT00000014857	A	rna-XM_057804365.1	A
BRAKERILHT00000015100	A	rna-XM_057811715.1	A
BRAKERILHT00000014118	A	rna-XM_057796634.1	A
BRAKERILHT00000015005	A	rna-XM_057802278.1	A
BRAKERILHT00000015115	A	rna-XM_057800779.1	A
BRAKERILHT00000014669	A	rna-XM_057801371.1	A
BRAKERILHT00000014234	A	rna-XM_057795517.1	A
BRAKERILHT00000014881	A	rna-XM_057801503.1	A
BRAKERILHT00000014783	A	rna-XM_057801507.1	A
BRAKERILHT00000014560	A	rna-XM_057808097.1	X
BRAKERILHT00000014214	A	rna-XM_057816444.1	A
BRAKERILHT00000014729	A	rna-XM_057806763.1	A
BRAKERILHT00000015610	A	rna-XM_057815603.1	A
BRAKERILHT00000015499	A	rna-XM_057815683.1	A
BRAKERILHT00000014548	A	rna-XM_057815605.1	A
BRAKERILHT00000014576	A	rna-XM_057795019.1	A
BRAKERILHT00000014049	A	rna-XM_057805765.1	A
BRAKERILHT00000014277	A	rna-XM_057798164.1	A
BRAKERILHT00000014802	A	rna-XM_057804079.1	A
BRAKERILHT00000014279	A	rna-XM_057796259.1	A
BRAKERILHT00000015485	A	rna-XM_057796958.1	A
BRAKERILHT00000014964	A	rna-XM_057805167.1	A
BRAKERILHT00000014610	A	rna-XM_057806795.1	A
BRAKERILHT00000014060	A	rna-XM_057796711.1	A
BRAKERILHT00000014382	A	rna-XM_057797360.1	A
BRAKERILHT00000015591	A	rna-XM_057797361.1	A
BRAKERILHT00000014710	A	rna-XM_057800006.1	A
BRAKERILHT00000014869	A	rna-XM_057795136.1	A
BRAKERILHT00000014504	A	rna-XM_057794862.1	A
BRAKERILHT00000015576	A	rna-XM_057816182.1	A
BRAKERILHT00000014691	A	rna-XM_057800082.1	A
BRAKERILHT00000014974	A	rna-XM_057800079.1	A
BRAKERILHT00000014814	A	rna-XM_057800073.1	A
BRAKERILHT00000014058	A	rna-XM_057800081.1	A
BRAKERILHT00000014517	A	rna-XM_057800078.1	A
BRAKERILHT00000014120	A	rna-XM_057800072.1	A
BRAKERILHT00000014699	A	rna-XM_057800074.1	A
BRAKERILHT00000015431	A	rna-XM_057800075.1	A
BRAKERILHT00000015092	A	rna-XM_057794899.1	A
BRAKERILHT00000014721	A	rna-XM_057797304.1	A
BRAKERILHT00000015522	A	rna-XM_057800585.1	A
BRAKERILHT00000014301	A	rna-XM_057801195.1	A
BRAKERILHT00000014642	A	rna-XM_057801207.1	A
BRAKERILHT00000015008	A	rna-XM_057814029.1	A
BRAKERILHT00000015357	A	rna-XM_057816534.1	A
BRAKERILHT00000014647	A	rna-XM_057815843.1	A
BRAKERILHT00000014206	A	rna-XM_057802981.1	A
BRAKERILHT00000015111	A	rna-XM_057797269.1	A
BRAKERILHT00000015455	A	rna-XM_057797299.1	A
BRAKERILHT00000015391	A	rna-XM_057796113.1	A
BRAKERILHT00000014151	A	rna-XM_057797206.1	A
BRAKERILHT00000015141	A	rna-XM_057800167.1	A
BRAKERILHT00000014167	A	rna-XM_057800558.1	A
BRAKERILHT00000015146	A	rna-XM_057811450.1	X
BRAKERILHT00000014045	A	rna-XM_057814008.1	A
BRAKERILHT00000014695	A	rna-XM_057813801.1	A
BRAKERILHT00000014267	A	rna-XM_057804573.1	A
BRAKERILHT00000015606	A	rna-XM_057799545.1	A
BRAKERILHT00000015173	A	rna-XM_057813693.1	X
BRAKERILHT00000014845	A	rna-XM_057810949.1	A
BRAKERILHT00000015283	A	rna-XM_057813438.1	A
BRAKERILHT00000014604	A	rna-XM_057812929.1	A
BRAKERILHT00000014785	A	rna-XM_057812678.1	A
BRAKERILHT00000015118	A	rna-XM_057812679.1	A
BRAKERILHT00000014184	A	rna-XM_057812553.1	A
BRAKERILHT00000015217	A	rna-XM_057812570.1	A
BRAKERILHT00000015099	A	rna-XM_057812157.1	A
BRAKERILHT00000014403	A	rna-XM_057806047.1	A
BRAKERILHT00000014401	A	rna-XM_057806088.1	A
BRAKERILHT00000014740	A	rna-XM_057806093.1	A
BRAKERILHT00000014541	A	rna-XM_057806092.1	A
BRAKERILHT00000015229	A	rna-XM_057805485.1	A
BRAKERILHT00000015194	A	rna-XM_057806081.1	A
BRAKERILHT00000014911	A	rna-XM_057806250.1	A
BRAKERILHT00000015300	A	rna-XM_057798464.1	A
BRAKERILHT00000014571	A	rna-XM_057797553.1	A
BRAKERILHT00000015120	A	rna-XM_057798009.1	A
BRAKERILHT00000014871	A	rna-XM_057802854.1	X
BRAKERILHT00000015526	A	rna-XM_057813239.1	A
BRAKERILHT00000014374	A	rna-XM_057815887.1	A
BRAKERILHT00000015603	A	rna-XM_057797636.1	A
BRAKERILHT00000014817	A	rna-XM_057798131.1	A
BRAKERILHT00000014763	A	rna-XM_057798692.1	A
BRAKERILHT00000014720	A	rna-XM_057814708.1	A
BRAKERILHT00000014874	A	rna-XM_057813024.1	A
BRAKERILHT00000014918	A	rna-XM_057797403.1	A
BRAKERILHT00000015367	A	rna-XM_057797402.1	A
BRAKERILHT00000014235	A	rna-XM_057798331.1	A
BRAKERILHT00000014694	A	rna-XM_057800128.1	A
BRAKERILHT00000015567	A	rna-XM_057809356.1	A
BRAKERILHT00000014221	A	rna-XM_057813351.1	A
BRAKERILHT00000014718	A	rna-XM_057804399.1	A
BRAKERILHT00000014041	A	rna-XM_057801144.1	A
BRAKERILHT00000015024	A	rna-XM_057808008.1	A
BRAKERILHT00000015137	A	rna-XM_057807066.1	A
BRAKERILHT00000015344	A	rna-XM_057807064.1	A
BRAKERILHT00000014955	A	rna-XM_057807067.1	A
BRAKERILHT00000014241	A	rna-XM_057806858.1	A
BRAKERILHT00000014861	A	rna-XM_057807287.1	A
BRAKERILHT00000015425	A	rna-XM_057801267.1	A
BRAKERILHT00000014353	A	rna-XM_057804836.1	A
BRAKERILHT00000015310	A	rna-XM_057800980.1	A
BRAKERILHT00000015127	A	rna-XM_057800984.1	A
BRAKERILHT00000015520	A	rna-XM_057800992.1	A
BRAKERILHT00000014082	A	rna-XM_057800917.1	A
BRAKERILHT00000014999	A	rna-XM_057814014.1	A
BRAKERILHT00000015420	A	rna-XM_057815763.1	A
BRAKERILHT00000014673	A	rna-XM_057816855.1	A
BRAKERILHT00000015078	A	rna-XM_057806440.1	A
BRAKERILHT00000014813	A	rna-XM_057815673.1	A
BRAKERILHT00000014359	A	rna-XM_057800152.1	A
BRAKERILHT00000015295	A	rna-XM_057801795.1	A
BRAKERILHT00000014849	A	rna-XM_057799825.1	A
BRAKERILHT00000014842	A	rna-XM_057814445.1	A
BRAKERILHT00000014580	A	rna-XM_057811687.1	A
BRAKERILHT00000014135	A	rna-XM_057813322.1	A
BRAKERILHT00000015065	A	rna-XM_057813320.1	A
BRAKERILHT00000014561	A	rna-XM_057813664.1	A
BRAKERILHT00000015264	A	rna-XM_057811438.1	A
BRAKERILHT00000014936	A	rna-XM_057815685.1	A
BRAKERILHT00000014553	A	rna-XM_057811014.1	A
BRAKERILHT00000014232	A	rna-XM_057795207.1	A
BRAKERILHT00000015091	A	rna-XM_057816162.1	A
BRAKERILHT00000014748	A	rna-XM_057816154.1	A
BRAKERILHT00000014400	A	rna-XM_057816153.1	A
BRAKERILHT00000015505	A	rna-XM_057801808.1	A
BRAKERILHT00000014372	A	rna-XM_057807683.1	A
BRAKERILHT00000014771	A	rna-XM_057804837.1	A
BRAKERILHT00000015246	A	rna-XM_057801136.1	A
BRAKERILHT00000015346	A	rna-XM_057813047.1	A
BRAKERILHT00000014171	A	rna-XM_057804834.1	A
BRAKERILHT00000014830	A	rna-XM_057800292.1	A
BRAKERILHT00000015354	A	rna-XM_057799885.1	A
BRAKERILHT00000014664	A	rna-XM_057800467.1	A
BRAKERILHT00000015528	A	rna-XM_057815987.1	A
BRAKERILHT00000014430	A	rna-XM_057800317.1	A
BRAKERILHT00000014755	A	rna-XM_057797328.1	A
BRAKERILHT00000014884	A	rna-XM_057807675.1	A
BRAKERILHT00000015248	A	rna-XM_057816124.1	A
BRAKERILHT00000015388	A	rna-XM_057815813.1	A
BRAKERILHT00000014229	A	rna-XM_057816496.1	A
BRAKERILHT00000014573	A	rna-XM_057796438.1	A
BRAKERILHT00000014156	A	rna-XM_057795699.1	A
BRAKERILHT00000014682	A	rna-XM_057795812.1	A
BRAKERILHT00000014076	A	rna-XM_057795681.1	A
BRAKERILHT00000015411	A	rna-XM_057795674.1	A
BRAKERILHT00000014371	A	rna-XM_057797696.1	A
BRAKERILHT00000014609	A	rna-XM_057797994.1	A
BRAKERILHT00000015463	A	rna-XM_057798603.1	A
BRAKERILHT00000015012	A	rna-XM_057803909.1	A
BRAKERILHT00000014459	A	rna-XM_057799835.1	A
BRAKERILHT00000014109	A	rna-XM_057815667.1	A
BRAKERILHT00000015531	A	rna-XM_057813053.1	A
BRAKERILHT00000015183	A	rna-XM_057807266.1	A
BRAKERILHT00000014644	A	rna-XM_057811672.1	A
BRAKERILHT00000014291	A	rna-XM_057802483.1	A
BRAKERILHT00000015366	A	rna-XM_057802472.1	A
BRAKERILHT00000015267	A	rna-XM_057798687.1	A
BRAKERILHT00000014034	A	rna-XM_057797438.1	A
BRAKERILHT00000014481	A	rna-XM_057798789.1	A
BRAKERILHT00000014419	A	rna-XM_057797852.1	A
BRAKERILHT00000014475	A	rna-XM_057800087.1	A
BRAKERILHT00000014934	A	rna-XM_057812035.1	A
BRAKERILHT00000015361	A	rna-XM_057816540.1	A
BRAKERILHT00000015064	A	rna-XM_057816492.1	A
BRAKERILHT00000014051	A	rna-XM_057806737.1	A
BRAKERILHT00000015554	A	rna-XM_057816180.1	A
BRAKERILHT00000014244	A	rna-XM_057816173.1	A
BRAKERILHT00000014582	A	rna-XM_057811662.1	A
BRAKERILHT00000015337	A	rna-XM_057815027.1	A
BRAKERILHT00000014986	A	rna-XM_057801504.1	A
BRAKERILHT00000015076	A	rna-XM_057804584.1	A
BRAKERILHT00000014713	A	rna-XM_057804111.1	A
BRAKERILHT00000015298	A	rna-XM_057812252.1	A
BRAKERILHT00000014734	A	rna-XM_057807214.1	A
BRAKERILHT00000014166	A	rna-XM_057798585.1	A
BRAKERILHT00000015440	A	rna-XM_057800053.1	A
BRAKERILHT00000014569	A	rna-XM_057814840.1	A
BRAKERILHT00000015251	A	rna-XM_057804675.1	A
BRAKERILHT00000014406	A	rna-XM_057804799.1	A
BRAKERILHT00000014534	A	rna-XM_057813626.1	A
BRAKERILHT00000015468	A	rna-XM_057813892.1	A
BRAKERILHT00000014420	A	rna-XM_057804626.1	A
BRAKERILHT00000014743	A	rna-XM_057814451.1	A
BRAKERILHT00000015234	A	rna-XM_057806963.1	A
BRAKERILHT00000014387	A	rna-XM_057801442.1	A
BRAKERILHT00000014525	A	rna-XM_057796543.1	A
BRAKERILHT00000014700	A	rna-XM_057803496.1	A
BRAKERILHT00000015607	A	rna-XM_057795776.1	A
BRAKERILHT00000015437	A	rna-XM_057816326.1	A
BRAKERILHT00000014117	A	rna-XM_057802608.1	A
BRAKERILHT00000015362	A	rna-XM_057809943.1	A
BRAKERILHT00000014895	A	rna-XM_057799187.1	A
BRAKERILHT00000014998	A	rna-XM_057799185.1	A
BRAKERILHT00000014631	A	rna-XM_057797890.1	A
BRAKERILHT00000015510	A	rna-XM_057815983.1	A
BRAKERILHT00000014442	A	rna-XM_057813671.1	A
BRAKERILHT00000014882	A	rna-XM_057796997.1	A
BRAKERILHT00000014412	A	rna-XM_057801596.1	A
BRAKERILHT00000014677	A	rna-XM_057808222.1	A
BRAKERILHT00000014660	A	rna-XM_057795533.1	A
BRAKERILHT00000014321	A	rna-XM_057797335.1	A
BRAKERILHT00000015451	A	rna-XM_057811385.1	A
BRAKERILHT00000015210	A	rna-XM_057810398.1	A
BRAKERILHT00000015097	A	rna-XM_057811405.1	A
BRAKERILHT00000014638	A	rna-XM_057811396.1	A
BRAKERILHT00000014351	A	rna-XM_057797792.1	A
BRAKERILHT00000015525	A	rna-XM_057813584.1	A
BRAKERILHT00000014929	A	rna-XM_057813574.1	A
BRAKERILHT00000015333	A	rna-XM_057813598.1	A
BRAKERILHT00000014212	A	rna-XM_057812956.1	A
BRAKERILHT00000015375	A	rna-XM_057812958.1	A
BRAKERILHT00000014457	A	rna-XM_057798636.1	A
BRAKERILHT00000014897	A	rna-XM_057798691.1	A
BRAKERILHT00000014286	A	rna-XM_057798681.1	A
BRAKERILHT00000014574	A	rna-XM_057798638.1	A
BRAKERILHT00000015014	A	rna-XM_057805088.1	X
BRAKERILHT00000014119	A	rna-XM_057813374.1	A
BRAKERILHT00000014564	A	rna-XM_057808384.1	A
BRAKERILHT00000015292	A	rna-XM_057798773.1	A
BRAKERILHT00000014153	A	rna-XM_057805033.1	X
BRAKERILHT00000014591	A	rna-XM_057804916.1	X
BRAKERILHT00000015500	A	rna-XM_057805006.1	X
BRAKERILHT00000014833	A	rna-XM_057815672.1	A
BRAKERILHT00000014787	A	rna-XM_057811832.1	A
BRAKERILHT00000014413	A	rna-XM_057805054.1	X
BRAKERILHT00000015552	A	rna-XM_057799189.1	A
BRAKERILHT00000014943	A	rna-XM_057816033.1	A
BRAKERILHT00000015381	A	rna-XM_057800543.1	A
BRAKERILHT00000014491	A	rna-XM_057805481.1	A
BRAKERILHT00000014822	A	rna-XM_057801020.1	A
BRAKERILHT00000014375	A	rna-XM_057801016.1	A
BRAKERILHT00000014809	A	rna-XM_057802604.1	A
BRAKERILHT00000014868	A	rna-XM_057800546.1	A
BRAKERILHT00000015324	A	rna-XM_057799938.1	A
BRAKERILHT00000014331	A	rna-XM_057805001.1	A
BRAKERILHT00000014719	A	rna-XM_057804922.1	A
BRAKERILHT00000014074	A	rna-XM_057798436.1	A
BRAKERILHT00000015412	A	rna-XM_057804034.1	A
BRAKERILHT00000014930	A	rna-XM_057799254.1	A
BRAKERILHT00000014464	A	rna-XM_057806306.1	A
BRAKERILHT00000015096	A	rna-XM_057798846.1	A
BRAKERILHT00000014641	A	rna-XM_057803801.1	A
BRAKERILHT00000014744	A	rna-XM_057811404.1	A
BRAKERILHT00000015285	A	rna-XM_057813931.1	A
BRAKERILHT00000015441	A	rna-XM_057813573.1	A
BRAKERILHT00000014709	A	rna-XM_057811384.1	A
BRAKERILHT00000015068	A	rna-XM_057798160.1	A
BRAKERILHT00000015316	A	rna-XM_057798161.1	A
BRAKERILHT00000014077	A	rna-XM_057799192.1	A
BRAKERILHT00000014385	A	rna-XM_057798330.1	A
BRAKERILHT00000014730	A	rna-XM_057797734.1	A
BRAKERILHT00000014794	A	rna-XM_057805766.1	A
BRAKERILHT00000014916	A	rna-XM_057797858.1	A
BRAKERILHT00000014454	A	rna-XM_057797372.1	A
BRAKERILHT00000014312	A	rna-XM_057797365.1	A
BRAKERILHT00000014758	A	rna-XM_057799540.1	A
BRAKERILHT00000014337	A	rna-XM_057810137.1	A
BRAKERILHT00000014886	A	rna-XM_057810826.1	A
BRAKERILHT00000015198	A	rna-XM_057813936.1	A
BRAKERILHT00000015304	A	rna-XM_057812551.1	A
BRAKERILHT00000014104	A	rna-XM_057812098.1	A
BRAKERILHT00000014444	A	rna-XM_057812133.1	A
BRAKERILHT00000015022	A	rna-XM_057798290.1	A
BRAKERILHT00000015335	A	rna-XM_057799700.1	A
BRAKERILHT00000014658	A	rna-XM_057806778.1	A
BRAKERILHT00000015207	A	rna-XM_057798815.1	A
BRAKERILHT00000015289	A	rna-XM_057804803.1	A
BRAKERILHT00000014846	A	rna-XM_057812848.1	A
BRAKERILHT00000015293	A	rna-XM_057811816.1	A
BRAKERILHT00000014136	A	rna-XM_057811815.1	A
BRAKERILHT00000014982	A	rna-XM_057813556.1	A
BRAKERILHT00000015511	A	rna-XM_057813557.1	A
BRAKERILHT00000014536	A	rna-XM_057795526.1	A
BRAKERILHT00000014984	A	rna-XM_057798489.1	A
BRAKERILHT00000015192	A	rna-XM_057795093.1	A
BRAKERILHT00000014035	A	rna-XM_057816299.1	A
BRAKERILHT00000014798	A	rna-XM_057807294.1	A
BRAKERILHT00000015240	A	rna-XM_057795137.1	A
BRAKERILHT00000014103	A	rna-XM_057814838.1	A
BRAKERILHT00000014311	A	rna-XM_057814879.1	A
BRAKERILHT00000014761	A	rna-XM_057801517.1	A
BRAKERILHT00000015172	A	rna-XM_057800130.1	A
BRAKERILHT00000014651	A	rna-XM_057799036.1	A
BRAKERILHT00000015011	A	rna-XM_057799009.1	A
BRAKERILHT00000014847	A	rna-XM_057816703.1	X
BRAKERILHT00000015122	A	rna-XM_057815310.1	Y
BRAKERILHT00000014749	A	rna-XM_057798063.1	A
BRAKERILHT00000015169	A	rna-XM_057798095.1	A
BRAKERILHT00000014243	A	rna-XM_057798570.1	A
BRAKERILHT00000014902	A	rna-XM_057798174.1	A
BRAKERILHT00000014055	A	rna-XM_057797806.1	A
BRAKERILHT00000015216	A	rna-XM_057797805.1	A
BRAKERILHT00000014233	A	rna-XM_057798308.1	A
BRAKERILHT00000014914	A	rna-XM_057798306.1	A
BRAKERILHT00000015534	A	rna-XM_057798807.1	A
BRAKERILHT00000015095	A	rna-XM_057799345.1	A
BRAKERILHT00000014325	A	rna-XM_057799344.1	A
BRAKERILHT00000014760	A	rna-XM_057799055.1	A
BRAKERILHT00000015134	A	rna-XM_057798829.1	A
BRAKERILHT00000014066	A	rna-XM_057798833.1	A
BRAKERILHT00000014613	A	rna-XM_057798831.1	A
BRAKERILHT00000014793	A	rna-XM_057801477.1	A
BRAKERILHT00000015040	A	rna-XM_057801424.1	A
BRAKERILHT00000014764	A	rna-XM_057809231.1	A
BRAKERILHT00000014084	A	rna-XM_057807974.1	A
BRAKERILHT00000014906	A	rna-XM_057806593.1	A
BRAKERILHT00000014596	A	rna-XM_057803437.1	A
BRAKERILHT00000014228	A	rna-XM_057809939.1	A
BRAKERILHT00000015372	A	rna-XM_057813520.1	A
BRAKERILHT00000014637	A	rna-XM_057811203.1	A
BRAKERILHT00000014427	A	rna-XM_057815553.1	A
BRAKERILHT00000015530	A	rna-XM_057815708.1	A
BRAKERILHT00000015035	A	rna-XM_057813796.1	A
BRAKERILHT00000015490	A	rna-XM_057807278.1	A
BRAKERILHT00000014255	A	rna-XM_057795504.1	A
BRAKERILHT00000014777	A	rna-XM_057795929.1	A
BRAKERILHT00000014487	A	rna-XM_057801656.1	A
BRAKERILHT00000016615	A	rna-XM_057814706.1	X
BRAKERILHT00000016594	A	rna-XM_057795649.1	A
BRAKERILHT00000015993	A	rna-XM_057814047.1	A
BRAKERILHT00000016473	A	rna-XM_057811291.1	A
BRAKERILHT00000016179	A	rna-XM_057811293.1	A
BRAKERILHT00000015833	A	rna-XM_057814788.1	A
BRAKERILHT00000016928	A	rna-XM_057814049.1	A
BRAKERILHT00000016869	A	rna-XM_057812084.1	A
BRAKERILHT00000016699	A	rna-XM_057813758.1	A
BRAKERILHT00000016574	A	rna-XM_057813764.1	A
BRAKERILHT00000016355	A	rna-XM_057810639.1	A
BRAKERILHT00000016529	A	rna-XM_057810638.1	A
BRAKERILHT00000016449	A	rna-XM_057811910.1	A
BRAKERILHT00000016761	A	rna-XM_057811913.1	A
BRAKERILHT00000016602	A	rna-XM_057811659.1	A
BRAKERILHT00000016701	A	rna-XM_057811127.1	A
BRAKERILHT00000015616	A	rna-XM_057810823.1	A
BRAKERILHT00000016027	A	rna-XM_057811848.1	A
BRAKERILHT00000016956	A	rna-XM_057811849.1	A
BRAKERILHT00000016184	A	rna-XM_057802324.1	A
BRAKERILHT00000015752	A	rna-XM_057810819.1	A
BRAKERILHT00000016827	A	rna-XM_057814441.1	A
BRAKERILHT00000016023	A	rna-XM_057813489.1	A
BRAKERILHT00000016688	A	rna-XM_057812974.1	A
BRAKERILHT00000016041	A	rna-XM_057812933.1	A
BRAKERILHT00000016435	A	rna-XM_057812657.1	A
BRAKERILHT00000016716	A	rna-XM_057812655.1	A
BRAKERILHT00000016117	A	rna-XM_057814622.1	A
BRAKERILHT00000016403	A	rna-XM_057814628.1	A
BRAKERILHT00000016894	A	rna-XM_057812219.1	A
BRAKERILHT00000015629	A	rna-XM_057810679.1	A
BRAKERILHT00000016388	A	rna-XM_057802232.1	A
BRAKERILHT00000016685	A	rna-XM_057814992.1	A
BRAKERILHT00000016913	A	rna-XM_057803940.1	A
BRAKERILHT00000016212	A	rna-XM_057811292.1	X
BRAKERILHT00000016253	A	rna-XM_057803522.1	A
BRAKERILHT00000015954	A	rna-XM_057803536.1	A
BRAKERILHT00000016856	A	rna-XM_057803537.1	A
BRAKERILHT00000015721	A	rna-XM_057803540.1	A
BRAKERILHT00000015717	A	rna-XM_057816592.1	A
BRAKERILHT00000016491	A	rna-XM_057816583.1	A
BRAKERILHT00000016586	A	rna-XM_057809306.1	A
BRAKERILHT00000016568	A	rna-XM_057803822.1	A
BRAKERILHT00000016287	A	rna-XM_057809414.1	A
BRAKERILHT00000015947	A	rna-XM_057809489.1	A
BRAKERILHT00000016973	A	rna-XM_057796442.1	A
BRAKERILHT00000015938	A	rna-XM_057798523.1	A
BRAKERILHT00000016846	A	rna-XM_057798151.1	A
BRAKERILHT00000016541	A	rna-XM_057810671.1	A
BRAKERILHT00000016753	A	rna-XM_057807209.1	A
BRAKERILHT00000016941	A	rna-XM_057807036.1	A
BRAKERILHT00000015864	A	rna-XM_057804681.1	A
BRAKERILHT00000016766	A	rna-XM_057804189.1	A
BRAKERILHT00000015862	A	rna-XM_057803920.1	A
BRAKERILHT00000016451	A	rna-XM_057807934.1	A
BRAKERILHT00000015962	A	rna-XM_057805059.1	A
BRAKERILHT00000016174	A	rna-XM_057800415.1	A
BRAKERILHT00000016640	A	rna-XM_057804985.1	A
BRAKERILHT00000016953	A	rna-XM_057804984.1	A
BRAKERILHT00000015874	A	rna-XM_057812596.1	X
BRAKERILHT00000016203	A	rna-XM_057804684.1	A
BRAKERILHT00000016488	A	rna-XM_057798390.1	A
BRAKERILHT00000016751	A	rna-XM_057804678.1	A
BRAKERILHT00000015730	A	rna-XM_057811078.1	A
BRAKERILHT00000016043	A	rna-XM_057797987.1	A
BRAKERILHT00000016348	A	rna-XM_057813817.1	A
BRAKERILHT00000016599	A	rna-XM_057810186.1	A
BRAKERILHT00000015698	A	rna-XM_057813783.1	A
BRAKERILHT00000016595	A	rna-XM_057811813.1	A
BRAKERILHT00000016466	A	rna-XM_057795322.1	A
BRAKERILHT00000015831	A	rna-XM_057814921.1	A
BRAKERILHT00000015636	A	rna-XM_057807839.1	A
BRAKERILHT00000016723	A	rna-XM_057800263.1	A
BRAKERILHT00000016580	A	rna-XM_057798361.1	A
BRAKERILHT00000016259	A	rna-XM_057795629.1	A
BRAKERILHT00000016783	A	rna-XM_057800661.1	A
BRAKERILHT00000016465	A	rna-XM_057806429.1	A
BRAKERILHT00000015988	A	rna-XM_057806584.1	A
BRAKERILHT00000015690	A	rna-XM_057806430.1	A
BRAKERILHT00000015933	A	rna-XM_057816101.1	A
BRAKERILHT00000016329	A	rna-XM_057802002.1	A
BRAKERILHT00000016554	A	rna-XM_057810850.1	A
BRAKERILHT00000016228	A	rna-XM_057814658.1	X
BRAKERILHT00000015784	A	rna-XM_057796490.1	A
BRAKERILHT00000016904	A	rna-XM_057796144.1	A
BRAKERILHT00000016374	A	rna-XM_057795778.1	A
BRAKERILHT00000015751	A	rna-XM_057795658.1	A
BRAKERILHT00000016176	A	rna-XM_057795813.1	A
BRAKERILHT00000016932	A	rna-XM_057795948.1	A
BRAKERILHT00000016012	A	rna-XM_057798870.1	A
BRAKERILHT00000016597	A	rna-XM_057795947.1	A
BRAKERILHT00000015672	A	rna-XM_057795957.1	A
BRAKERILHT00000015649	A	rna-XM_057798604.1	A
BRAKERILHT00000016003	A	rna-XM_057805544.1	A
BRAKERILHT00000016564	A	rna-XM_057796468.1	X
BRAKERILHT00000016960	A	rna-XM_057802031.1	A
BRAKERILHT00000015811	A	rna-XM_057797191.1	A
BRAKERILHT00000015902	A	rna-XM_057815421.1	A
BRAKERILHT00000016971	A	rna-XM_057811927.1	A
BRAKERILHT00000016513	A	rna-XM_057811934.1	A
BRAKERILHT00000016219	A	rna-XM_057811932.1	A
BRAKERILHT00000016322	A	rna-XM_057811938.1	A
BRAKERILHT00000016270	A	rna-XM_057811945.1	A
BRAKERILHT00000016923	A	rna-XM_057814620.1	A
BRAKERILHT00000015759	A	rna-XM_057811959.1	A
BRAKERILHT00000016254	A	rna-XM_057811967.1	A
BRAKERILHT00000016650	A	rna-XM_057811948.1	A
BRAKERILHT00000015768	A	rna-XM_057811964.1	A
BRAKERILHT00000016058	A	rna-XM_057811965.1	A
BRAKERILHT00000016141	A	rna-XM_057811963.1	A
BRAKERILHT00000016934	A	rna-XM_057811960.1	A
BRAKERILHT00000016636	A	rna-XM_057807841.1	A
BRAKERILHT00000016764	A	rna-XM_057807670.1	A
BRAKERILHT00000015856	A	rna-XM_057807320.1	A
BRAKERILHT00000016160	A	rna-XM_057807713.1	A
BRAKERILHT00000015615	A	rna-XM_057807671.1	A
BRAKERILHT00000015994	A	rna-XM_057799792.1	A
BRAKERILHT00000016787	A	rna-XM_057807789.1	A
BRAKERILHT00000016148	A	rna-XM_057808507.1	A
BRAKERILHT00000016462	A	rna-XM_057798465.1	A
BRAKERILHT00000015907	A	rna-XM_057810656.1	A
BRAKERILHT00000016306	A	rna-XM_057805039.1	A
BRAKERILHT00000015913	A	rna-XM_057810692.1	A
BRAKERILHT00000016120	A	rna-XM_057806585.1	A
BRAKERILHT00000016339	A	rna-XM_057794903.1	X
BRAKERILHT00000015731	A	rna-XM_057806926.1	X
BRAKERILHT00000016114	A	rna-XM_057806949.1	X
BRAKERILHT00000016276	A	rna-XM_057798683.1	A
BRAKERILHT00000016495	A	rna-XM_057798635.1	A
BRAKERILHT00000016118	A	rna-XM_057798631.1	A
BRAKERILHT00000016781	A	rna-XM_057798632.1	A
BRAKERILHT00000016265	A	rna-XM_057798629.1	A
BRAKERILHT00000016115	A	rna-XM_057798841.1	A
BRAKERILHT00000016502	A	rna-XM_057799626.1	A
BRAKERILHT00000016890	A	rna-XM_057799625.1	A
BRAKERILHT00000016271	A	rna-XM_057798704.1	A
BRAKERILHT00000015850	A	rna-XM_057810081.1	A
BRAKERILHT00000016144	A	rna-XM_057795319.1	A
BRAKERILHT00000015983	A	rna-XM_057806909.1	A
BRAKERILHT00000015630	A	rna-XM_057801797.1	A
BRAKERILHT00000016606	A	rna-XM_057807045.1	A
BRAKERILHT00000016136	A	rna-XM_057795254.1	A
BRAKERILHT00000015679	A	rna-XM_057807242.1	A
BRAKERILHT00000015880	A	rna-XM_057806723.1	A
BRAKERILHT00000015740	A	rna-XM_057806675.1	A
BRAKERILHT00000016737	A	rna-XM_057806693.1	A
BRAKERILHT00000016498	A	rna-XM_057806311.1	A
BRAKERILHT00000016111	A	rna-XM_057800282.1	A
BRAKERILHT00000015883	A	rna-XM_057811657.1	X
BRAKERILHT00000016742	A	rna-XM_057806177.1	X
BRAKERILHT00000016929	A	rna-XM_057808307.1	A
BRAKERILHT00000016071	A	rna-XM_057805405.1	A
BRAKERILHT00000016088	A	rna-XM_057811276.1	X
BRAKERILHT00000016152	A	rna-XM_057806236.1	A
BRAKERILHT00000016112	A	rna-XM_057805558.1	A
BRAKERILHT00000016642	A	rna-XM_057807343.1	X
BRAKERILHT00000016477	A	rna-XM_057815013.1	X
BRAKERILHT00000016797	A	rna-XM_057806907.1	X
BRAKERILHT00000015743	A	rna-XM_057806968.1	X
BRAKERILHT00000016214	A	rna-XM_057809493.1	A
BRAKERILHT00000016511	A	rna-XM_057809523.1	A
BRAKERILHT00000015936	A	rna-XM_057809042.1	A
BRAKERILHT00000016246	A	rna-XM_057816275.1	A
BRAKERILHT00000016552	A	rna-XM_057798618.1	A
BRAKERILHT00000016874	A	rna-XM_057803830.1	A
BRAKERILHT00000015756	A	rna-XM_057805492.1	A
BRAKERILHT00000016127	A	rna-XM_057805501.1	A
BRAKERILHT00000015901	A	rna-XM_057810867.1	A
BRAKERILHT00000016727	A	rna-XM_057805546.1	A
BRAKERILHT00000016614	A	rna-XM_057805690.1	A
BRAKERILHT00000016231	A	rna-XM_057806457.1	A
BRAKERILHT00000016386	A	rna-XM_057806458.1	A
BRAKERILHT00000015895	A	rna-XM_057813153.1	A
BRAKERILHT00000016709	A	rna-XM_057813163.1	A
BRAKERILHT00000015839	A	rna-XM_057804314.1	A
BRAKERILHT00000015682	A	rna-XM_057816515.1	A
BRAKERILHT00000016658	A	rna-XM_057803751.1	A
BRAKERILHT00000016443	A	rna-XM_057797824.1	X
BRAKERILHT00000016555	A	rna-XM_057797813.1	X
BRAKERILHT00000016637	A	rna-XM_057814597.1	A
BRAKERILHT00000015658	A	rna-XM_057814168.1	A
BRAKERILHT00000016771	A	rna-XM_057815395.1	A
BRAKERILHT00000015998	A	rna-XM_057798371.1	A
BRAKERILHT00000016100	A	rna-XM_057816467.1	A
BRAKERILHT00000016965	A	rna-XM_057797189.1	A
BRAKERILHT00000015982	A	rna-XM_057807665.1	A
BRAKERILHT00000016501	A	rna-XM_057802940.1	A
BRAKERILHT00000015663	A	rna-XM_057811920.1	A
BRAKERILHT00000015981	A	rna-XM_057811831.1	A
BRAKERILHT00000015696	A	rna-XM_057811828.1	A
BRAKERILHT00000015844	A	rna-XM_057801697.1	A
BRAKERILHT00000016936	A	rna-XM_057808116.1	A
BRAKERILHT00000016617	A	rna-XM_057795309.1	A
BRAKERILHT00000015961	A	rna-XM_057813543.1	A
BRAKERILHT00000015968	A	rna-XM_057808016.1	A
BRAKERILHT00000015676	A	rna-XM_057807707.1	A
BRAKERILHT00000015976	A	rna-XM_057807699.1	A
BRAKERILHT00000016925	A	rna-XM_057801565.1	A
BRAKERILHT00000015860	A	rna-XM_057809262.1	A
BRAKERILHT00000016178	A	rna-XM_057798497.1	A
BRAKERILHT00000016464	A	rna-XM_057807348.1	A
BRAKERILHT00000015666	A	rna-XM_057807349.1	A
BRAKERILHT00000015950	A	rna-XM_057806293.1	A
BRAKERILHT00000016867	A	rna-XM_057795310.1	A
BRAKERILHT00000016050	A	rna-XM_057810862.1	A
BRAKERILHT00000016359	A	rna-XM_057816334.1	A
BRAKERILHT00000016657	A	rna-XM_057803072.1	A
BRAKERILHT00000015945	A	rna-XM_057811288.1	A
BRAKERILHT00000015871	A	rna-XM_057809354.1	A
BRAKERILHT00000016819	A	rna-XM_057798270.1	A
BRAKERILHT00000016189	A	rna-XM_057807112.1	X
BRAKERILHT00000016824	A	rna-XM_057807308.1	A
BRAKERILHT00000016222	A	rna-XM_057803014.1	A
BRAKERILHT00000016305	A	rna-XM_057802493.1	A
BRAKERILHT00000015893	A	rna-XM_057807232.1	A
BRAKERILHT00000015966	A	rna-XM_057806819.1	A
BRAKERILHT00000016230	A	rna-XM_057807615.1	A
BRAKERILHT00000015647	A	rna-XM_057807606.1	A
BRAKERILHT00000016202	A	rna-XM_057816901.1	A
BRAKERILHT00000015889	A	rna-XM_057802838.1	A
BRAKERILHT00000015758	A	rna-XM_057802837.1	A
BRAKERILHT00000016517	A	rna-XM_057800400.1	A
BRAKERILHT00000016432	A	rna-XM_057802239.1	A
BRAKERILHT00000016104	A	rna-XM_057803745.1	A
BRAKERILHT00000016689	A	rna-XM_057812806.1	A
BRAKERILHT00000016240	A	rna-XM_057809976.1	A
BRAKERILHT00000016717	A	rna-XM_057802839.1	A
BRAKERILHT00000015926	A	rna-XM_057800696.1	A
BRAKERILHT00000016079	A	rna-XM_057807886.1	A
BRAKERILHT00000016731	A	rna-XM_057805669.1	A
BRAKERILHT00000016729	A	rna-XM_057798929.1	A
BRAKERILHT00000015640	A	rna-XM_057795983.1	A
BRAKERILHT00000016132	A	rna-XM_057795990.1	A
BRAKERILHT00000016429	A	rna-XM_057795992.1	A
BRAKERILHT00000016499	A	rna-XM_057795988.1	A
BRAKERILHT00000015911	A	rna-XM_057805310.1	A
BRAKERILHT00000015637	A	rna-XM_057794926.1	A
BRAKERILHT00000015770	A	rna-XM_057814783.1	A
BRAKERILHT00000016378	A	rna-XM_057804091.1	A
BRAKERILHT00000015963	A	rna-XM_057804451.1	A
BRAKERILHT00000016227	A	rna-XM_057804728.1	X
BRAKERILHT00000015859	A	rna-XM_057807655.1	A
BRAKERILHT00000016855	A	rna-XM_057807918.1	A
BRAKERILHT00000016070	A	rna-XM_057808530.1	A
BRAKERILHT00000016020	A	rna-XM_057807664.1	A
BRAKERILHT00000015890	A	rna-XM_057811821.1	A
BRAKERILHT00000016261	A	rna-XM_057811830.1	A
BRAKERILHT00000016724	A	rna-XM_057804618.1	A
BRAKERILHT00000016979	A	rna-XM_057808534.1	A
BRAKERILHT00000015684	A	rna-XM_057810473.1	A
BRAKERILHT00000016788	A	rna-XM_057808122.1	A
BRAKERILHT00000016404	A	rna-XM_057808119.1	A
BRAKERILHT00000016507	A	rna-XM_057808536.1	A
BRAKERILHT00000016299	A	rna-XM_057808537.1	A
BRAKERILHT00000015638	A	rna-XM_057801074.1	A
BRAKERILHT00000016013	A	rna-XM_057801441.1	A
BRAKERILHT00000016794	A	rna-XM_057801444.1	A
BRAKERILHT00000015745	A	rna-XM_057801446.1	A
BRAKERILHT00000016044	A	rna-XM_057810433.1	A
BRAKERILHT00000015766	A	rna-XM_057810429.1	A
BRAKERILHT00000016307	A	rna-XM_057810023.1	A
BRAKERILHT00000016381	A	rna-XM_057803394.1	X
BRAKERILHT00000016083	A	rna-XM_057806781.1	A
BRAKERILHT00000016463	A	rna-XM_057803407.1	X
BRAKERILHT00000016068	A	rna-XM_057804457.1	A
BRAKERILHT00000016811	A	rna-XM_057810820.1	A
BRAKERILHT00000016634	A	rna-XM_057811819.1	A
BRAKERILHT00000016444	A	rna-XM_057811820.1	A
BRAKERILHT00000016062	A	rna-XM_057807663.1	A
BRAKERILHT00000015667	A	rna-XM_057807662.1	A
BRAKERILHT00000016235	A	rna-XM_057813829.1	A
BRAKERILHT00000016372	A	rna-XM_057812443.1	A
BRAKERILHT00000015753	A	rna-XM_057811190.1	A
BRAKERILHT00000016108	A	rna-XM_057799012.1	A
BRAKERILHT00000016623	A	rna-XM_057808017.1	A
BRAKERILHT00000016744	A	rna-XM_057814945.1	A
BRAKERILHT00000015847	A	rna-XM_057798294.1	A
BRAKERILHT00000016920	A	rna-XM_057800325.1	A
BRAKERILHT00000015985	A	rna-XM_057809960.1	X
BRAKERILHT00000015694	A	rna-XM_057796357.1	X
BRAKERILHT00000015693	A	rna-XM_057795527.1	A
BRAKERILHT00000016777	A	rna-XM_057804920.1	A
BRAKERILHT00000016577	A	rna-XM_057803740.1	A
BRAKERILHT00000015689	A	rna-XM_057813167.1	A
BRAKERILHT00000016653	A	rna-XM_057811188.1	A
BRAKERILHT00000016445	A	rna-XM_057803744.1	A
BRAKERILHT00000016793	A	rna-XM_057814116.1	A
BRAKERILHT00000016405	A	rna-XM_057815687.1	A
BRAKERILHT00000016162	A	rna-XM_057795424.1	A
BRAKERILHT00000015955	A	rna-XM_057795421.1	A
BRAKERILHT00000016962	A	rna-XM_057795427.1	A
BRAKERILHT00000016352	A	rna-XM_057796869.1	A
BRAKERILHT00000016790	A	rna-XM_057796857.1	A
BRAKERILHT00000016927	A	rna-XM_057796989.1	A
BRAKERILHT00000016278	A	rna-XM_057798493.1	A
BRAKERILHT00000016882	A	rna-XM_057796410.1	A
BRAKERILHT00000015809	A	rna-XM_057797744.1	A
BRAKERILHT00000015705	A	rna-XM_057797988.1	A
BRAKERILHT00000016798	A	rna-XM_057801169.1	A
BRAKERILHT00000016472	A	rna-XM_057800142.1	A
BRAKERILHT00000015818	A	rna-XM_057798935.1	A
BRAKERILHT00000015675	A	rna-XM_057798939.1	A
BRAKERILHT00000016759	A	rna-XM_057798936.1	A
BRAKERILHT00000016604	A	rna-XM_057798402.1	A
BRAKERILHT00000015967	A	rna-XM_057798399.1	A
BRAKERILHT00000015841	A	rna-XM_057798705.1	A
BRAKERILHT00000016983	A	rna-XM_057799573.1	A
BRAKERILHT00000016899	A	rna-XM_057799571.1	A
BRAKERILHT00000015713	A	rna-XM_057801344.1	A
BRAKERILHT00000016323	A	rna-XM_057797273.1	A
BRAKERILHT00000016412	A	rna-XM_057810089.1	A
BRAKERILHT00000016558	A	rna-XM_057808474.1	A
BRAKERILHT00000016250	A	rna-XM_057810749.1	A
BRAKERILHT00000015777	A	rna-XM_057800407.1	X
BRAKERILHT00000016862	A	rna-XM_057815134.1	A
BRAKERILHT00000016175	A	rna-XM_057809795.1	A
BRAKERILHT00000016567	A	rna-XM_057801270.1	A
BRAKERILHT00000016277	A	rna-XM_057801275.1	A
BRAKERILHT00000016125	A	rna-XM_057801274.1	A
BRAKERILHT00000016721	A	rna-XM_057795313.1	A
BRAKERILHT00000015644	A	rna-XM_057814828.1	A
BRAKERILHT00000016188	A	rna-XM_057814837.1	A
BRAKERILHT00000015894	A	rna-XM_057796860.1	A
BRAKERILHT00000015771	A	rna-XM_057816300.1	A
BRAKERILHT00000016757	A	rna-XM_057806402.1	A
BRAKERILHT00000015960	A	rna-XM_057812457.1	A
BRAKERILHT00000015995	A	rna-XM_057814684.1	A
BRAKERILHT00000016613	A	rna-XM_057804328.1	A
BRAKERILHT00000016238	A	rna-XM_057804782.1	A
BRAKERILHT00000015845	A	rna-XM_057807658.1	A
BRAKERILHT00000016426	A	rna-XM_057796880.1	A
BRAKERILHT00000016060	A	rna-XM_057796882.1	A
BRAKERILHT00000015835	A	rna-XM_057806923.1	A
BRAKERILHT00000016056	A	rna-XM_057810733.1	A
BRAKERILHT00000016966	A	rna-XM_057796010.1	A
BRAKERILHT00000015992	A	rna-XM_057795883.1	A
BRAKERILHT00000016073	A	rna-XM_057795882.1	A
BRAKERILHT00000016391	A	rna-XM_057795682.1	A
BRAKERILHT00000015785	A	rna-XM_057795846.1	A
BRAKERILHT00000016537	A	rna-XM_057795950.1	A
BRAKERILHT00000016341	A	rna-XM_057810761.1	A
BRAKERILHT00000015952	A	rna-XM_057810093.1	A
BRAKERILHT00000016726	A	rna-XM_057810762.1	A
BRAKERILHT00000016939	A	rna-XM_057810445.1	A
BRAKERILHT00000016662	A	rna-XM_057810745.1	A
BRAKERILHT00000016262	A	rna-XM_057810744.1	A
BRAKERILHT00000016704	A	rna-XM_057810767.1	A
BRAKERILHT00000015829	A	rna-XM_057810083.1	A
BRAKERILHT00000016592	A	rna-XM_057810069.1	A
BRAKERILHT00000015620	A	rna-XM_057810425.1	A
BRAKERILHT00000016400	A	rna-XM_057810015.1	A
BRAKERILHT00000016014	A	rna-XM_057810012.1	A
BRAKERILHT00000016630	A	rna-XM_057810764.1	A
BRAKERILHT00000015639	A	rna-XM_057810763.1	A
BRAKERILHT00000016984	A	rna-XM_057810743.1	A
BRAKERILHT00000016509	A	rna-XM_057808477.1	A
BRAKERILHT00000016142	A	rna-XM_057798927.1	A
BRAKERILHT00000015715	A	rna-XM_057797444.1	A
BRAKERILHT00000015733	A	rna-XM_057797441.1	A
BRAKERILHT00000016816	A	rna-XM_057797443.1	A
BRAKERILHT00000016450	A	rna-XM_057808424.1	A
BRAKERILHT00000015807	A	rna-XM_057808422.1	A
BRAKERILHT00000016873	A	rna-XM_057808470.1	A
BRAKERILHT00000016553	A	rna-XM_057808473.1	A
BRAKERILHT00000015646	A	rna-XM_057807859.1	A
BRAKERILHT00000016718	A	rna-XM_057807914.1	A
BRAKERILHT00000016409	A	rna-XM_057807915.1	A
BRAKERILHT00000016667	A	rna-XM_057801431.1	A
BRAKERILHT00000015699	A	rna-XM_057800391.1	A
BRAKERILHT00000016077	A	rna-XM_057805209.1	A
BRAKERILHT00000016474	A	rna-XM_057794870.1	A
BRAKERILHT00000016746	A	rna-XM_057794869.1	A
BRAKERILHT00000016150	A	rna-XM_057815964.1	A
BRAKERILHT00000015925	A	rna-XM_057801430.1	A
BRAKERILHT00000016185	A	rna-XM_057800159.1	A
BRAKERILHT00000016877	A	rna-XM_057807803.1	X
BRAKERILHT00000015814	A	rna-XM_057807925.1	X
BRAKERILHT00000016334	A	rna-XM_057796747.1	A
BRAKERILHT00000016674	A	rna-XM_057795973.1	A
BRAKERILHT00000015687	A	rna-XM_057815862.1	X
BRAKERILHT00000016076	A	rna-XM_057815871.1	X
BRAKERILHT00000016365	A	rna-XM_057810933.1	A
BRAKERILHT00000016635	A	rna-XM_057809490.1	A
BRAKERILHT00000016263	A	rna-XM_057814958.1	A
BRAKERILHT00000016522	A	rna-XM_057812802.1	A
BRAKERILHT00000016295	A	rna-XM_057806773.1	A
BRAKERILHT00000016053	A	rna-XM_057801084.1	A
BRAKERILHT00000016441	A	rna-XM_057805168.1	A
BRAKERILHT00000015659	A	rna-XM_057808426.1	A
BRAKERILHT00000016581	A	rna-XM_057814752.1	A
BRAKERILHT00000015650	A	rna-XM_057808423.1	A
BRAKERILHT00000016712	A	rna-XM_057808431.1	A
BRAKERILHT00000015808	A	rna-XM_057808432.1	A
BRAKERILHT00000016245	A	rna-XM_057808433.1	A
BRAKERILHT00000015737	A	rna-XM_057796285.1	A
BRAKERILHT00000016345	A	rna-XM_057804389.1	A
BRAKERILHT00000015741	A	rna-XM_057796815.1	A
BRAKERILHT00000015918	A	rna-XM_057796936.1	A
BRAKERILHT00000016677	A	rna-XM_057795641.1	A
BRAKERILHT00000016566	A	rna-XM_057795734.1	A
BRAKERILHT00000016065	A	rna-XM_057796430.1	A
BRAKERILHT00000015877	A	rna-XM_057813233.1	A
BRAKERILHT00000016813	A	rna-XM_057806699.1	A
BRAKERILHT00000016163	A	rna-XM_057806718.1	A
BRAKERILHT00000015704	A	rna-XM_057795265.1	A
BRAKERILHT00000016563	A	rna-XM_057806714.1	A
BRAKERILHT00000016573	A	rna-XM_057805057.1	A
BRAKERILHT00000016280	A	rna-XM_057814718.1	X
BRAKERILHT00000016493	A	rna-XM_057804639.1	A
BRAKERILHT00000015881	A	rna-XM_057799747.1	X
BRAKERILHT00000016987	A	rna-XM_057813756.1	A
BRAKERILHT00000016210	A	rna-XM_057813752.1	A
BRAKERILHT00000016206	A	rna-XM_057815874.1	A
BRAKERILHT00000016505	A	rna-XM_057815147.1	A
BRAKERILHT00000016808	A	rna-XM_057815144.1	A
BRAKERILHT00000016897	A	rna-XM_057815137.1	A
BRAKERILHT00000015819	A	rna-XM_057804627.1	A
BRAKERILHT00000016099	A	rna-XM_057810695.1	A
BRAKERILHT00000016411	A	rna-XM_057810665.1	A
BRAKERILHT00000015997	A	rna-XM_057803489.1	A
BRAKERILHT00000015787	A	rna-XM_057795057.1	X
BRAKERILHT00000016243	A	rna-XM_057810421.1	A
BRAKERILHT00000015868	A	rna-XM_057810450.1	A
BRAKERILHT00000016166	A	rna-XM_057810021.1	A
BRAKERILHT00000016494	A	rna-XM_057805456.1	A
BRAKERILHT00000016942	A	rna-XM_057802865.1	A
BRAKERILHT00000015949	A	rna-XM_057809987.1	A
BRAKERILHT00000016901	A	rna-XM_057796863.1	A
BRAKERILHT00000015910	A	rna-XM_057816570.1	A
BRAKERILHT00000016308	A	rna-XM_057814167.1	A
BRAKERILHT00000016647	A	rna-XM_057811699.1	A
BRAKERILHT00000015611	A	rna-XM_057811923.1	A
BRAKERILHT00000015786	A	rna-XM_057807094.1	A
BRAKERILHT00000016094	A	rna-XM_057811924.1	A
BRAKERILHT00000016233	A	rna-XM_057812131.1	A
BRAKERILHT00000016528	A	rna-XM_057813000.1	A
BRAKERILHT00000016649	A	rna-XM_057814051.1	A
BRAKERILHT00000015931	A	rna-XM_057814789.1	A
BRAKERILHT00000016366	A	rna-XM_057813151.1	A
BRAKERILHT00000016042	A	rna-XM_057806840.1	X
BRAKERILHT00000016241	A	rna-XM_057802734.1	A
BRAKERILHT00000016707	A	rna-XM_057798067.1	A
BRAKERILHT00000016130	A	rna-XM_057803090.1	A
BRAKERILHT00000016338	A	rna-XM_057796770.1	A
BRAKERILHT00000015980	A	rna-XM_057796896.1	A
BRAKERILHT00000015762	A	rna-XM_057795881.1	A
BRAKERILHT00000016181	A	rna-XM_057795902.1	A
BRAKERILHT00000016380	A	rna-XM_057796769.1	A
BRAKERILHT00000015820	A	rna-XM_057796765.1	A
BRAKERILHT00000016135	A	rna-XM_057795721.1	A
BRAKERILHT00000016532	A	rna-XM_057816175.1	A
BRAKERILHT00000016976	A	rna-XM_057816184.1	A
BRAKERILHT00000016600	A	rna-XM_057795440.1	A
BRAKERILHT00000016843	A	rna-XM_057795442.1	A
BRAKERILHT00000016236	A	rna-XM_057812413.1	A
BRAKERILHT00000016398	A	rna-XM_057812410.1	A
BRAKERILHT00000015795	A	rna-XM_057812404.1	A
BRAKERILHT00000016143	A	rna-XM_057812402.1	A
BRAKERILHT00000015932	A	rna-XM_057812403.1	A
BRAKERILHT00000016032	A	rna-XM_057800596.1	A
BRAKERILHT00000016337	A	rna-XM_057800673.1	A
BRAKERILHT00000016430	A	rna-XM_057800389.1	A
BRAKERILHT00000015804	A	rna-XM_057814834.1	A
BRAKERILHT00000016575	A	rna-XM_057814827.1	A
BRAKERILHT00000015792	A	rna-XM_057814860.1	A
BRAKERILHT00000016392	A	rna-XM_057797506.1	A
BRAKERILHT00000016226	A	rna-XM_057816732.1	A
BRAKERILHT00000015919	A	rna-XM_057810918.1	A
BRAKERILHT00000016853	A	rna-XM_057810909.1	A
BRAKERILHT00000016535	A	rna-XM_057810929.1	A
BRAKERILHT00000015849	A	rna-XM_057806736.1	A
BRAKERILHT00000016149	A	rna-XM_057811915.1	A
BRAKERILHT00000016603	A	rna-XM_057795311.1	A
BRAKERILHT00000016912	A	rna-XM_057794952.1	A
BRAKERILHT00000016225	A	rna-XM_057803348.1	X
BRAKERILHT00000016679	A	rna-XM_057806594.1	X
BRAKERILHT00000016438	A	rna-XM_057816281.1	A
BRAKERILHT00000016540	A	rna-XM_057795356.1	A
BRAKERILHT00000016067	A	rna-XM_057795055.1	A
BRAKERILHT00000016384	A	rna-XM_057815529.1	A
BRAKERILHT00000016871	A	rna-XM_057816203.1	A
BRAKERILHT00000016165	A	rna-XM_057795943.1	A
BRAKERILHT00000016919	A	rna-XM_057795886.1	A
BRAKERILHT00000015677	A	rna-XM_057795662.1	A
BRAKERILHT00000015975	A	rna-XM_057796715.1	A
BRAKERILHT00000016356	A	rna-XM_057796718.1	A
BRAKERILHT00000016747	A	rna-XM_057794858.1	A
BRAKERILHT00000016024	A	rna-XM_057795805.1	A
BRAKERILHT00000016414	A	rna-XM_057811679.1	A
BRAKERILHT00000016545	A	rna-XM_057805051.1	A
BRAKERILHT00000016252	A	rna-XM_057815552.1	A
BRAKERILHT00000016754	A	rna-XM_057812507.1	A
BRAKERILHT00000016454	A	rna-XM_057808181.1	A
BRAKERILHT00000015957	A	rna-XM_057803664.1	A
BRAKERILHT00000015613	A	rna-XM_057804564.1	A
BRAKERILHT00000016124	A	rna-XM_057804405.1	A
BRAKERILHT00000016080	A	rna-XM_057807301.1	A
BRAKERILHT00000015709	A	rna-XM_057807297.1	A
BRAKERILHT00000016520	A	rna-XM_057796981.1	A
BRAKERILHT00000016433	A	rna-XM_057796996.1	A
BRAKERILHT00000016837	A	rna-XM_057796993.1	A
BRAKERILHT00000016767	A	rna-XM_057795524.1	A
BRAKERILHT00000015783	A	rna-XM_057801238.1	A
BRAKERILHT00000015815	A	rna-XM_057815917.1	A
BRAKERILHT00000015812	A	rna-XM_057804194.1	A
BRAKERILHT00000016031	A	rna-XM_057799735.1	A
BRAKERILHT00000016818	A	rna-XM_057794879.1	A
BRAKERILHT00000015660	A	rna-XM_057812898.1	A
BRAKERILHT00000016081	A	rna-XM_057811451.1	A
BRAKERILHT00000015685	A	rna-XM_057799491.1	A
BRAKERILHT00000016670	A	rna-XM_057797888.1	A
BRAKERILHT00000016155	A	rna-XM_057796834.1	A
BRAKERILHT00000016418	A	rna-XM_057804104.1	A
BRAKERILHT00000016975	A	rna-XM_057800651.1	A
BRAKERILHT00000016585	A	rna-XM_057797642.1	A
BRAKERILHT00000015828	A	rna-XM_057794934.1	A
BRAKERILHT00000015827	A	rna-XM_057798986.1	A
BRAKERILHT00000016796	A	rna-XM_057800309.1	A
BRAKERILHT00000016803	A	rna-XM_057798431.1	A
BRAKERILHT00000016503	A	rna-XM_057797878.1	A
BRAKERILHT00000016888	A	rna-XM_057800688.1	A
BRAKERILHT00000016054	A	rna-XM_057800679.1	A
BRAKERILHT00000015965	A	rna-XM_057800643.1	A
BRAKERILHT00000016841	A	rna-XM_057814993.1	A
BRAKERILHT00000016516	A	rna-XM_057810930.1	A
BRAKERILHT00000016087	A	rna-XM_057813170.1	A
BRAKERILHT00000015707	A	rna-XM_057807979.1	A
BRAKERILHT00000016730	A	rna-XM_057812305.1	A
BRAKERILHT00000016330	A	rna-XM_057812984.1	A
BRAKERILHT00000016101	A	rna-XM_057810895.1	A
BRAKERILHT00000016954	A	rna-XM_057800243.1	A
BRAKERILHT00000015653	A	rna-XM_057804517.1	A
BRAKERILHT00000016045	A	rna-XM_057814808.1	A
BRAKERILHT00000016066	A	rna-XM_057809124.1	A
BRAKERILHT00000016415	A	rna-XM_057809128.1	A
BRAKERILHT00000016804	A	rna-XM_057809108.1	A
BRAKERILHT00000016187	A	rna-XM_057800434.1	A
BRAKERILHT00000016601	A	rna-XM_057796626.1	A
BRAKERILHT00000016977	A	rna-XM_057799724.1	A
BRAKERILHT00000016086	A	rna-XM_057799197.1	A
BRAKERILHT00000016848	A	rna-XM_057799195.1	A
BRAKERILHT00000016075	A	rna-XM_057809621.1	A
BRAKERILHT00000015939	A	rna-XM_057796546.1	A
BRAKERILHT00000015920	A	rna-XM_057796393.1	A
BRAKERILHT00000016089	A	rna-XM_057812636.1	A
BRAKERILHT00000015749	A	rna-XM_057810914.1	A
BRAKERILHT00000016168	A	rna-XM_057812648.1	A
BRAKERILHT00000016884	A	rna-XM_057798328.1	A
BRAKERILHT00000015897	A	rna-XM_057799401.1	A
BRAKERILHT00000016694	A	rna-XM_057814416.1	A
BRAKERILHT00000016918	A	rna-XM_057800067.1	A
BRAKERILHT00000015987	A	rna-XM_057796091.1	A
BRAKERILHT00000016137	A	rna-XM_057805217.1	A
BRAKERILHT00000015840	A	rna-XM_057803099.1	A
BRAKERILHT00000016779	A	rna-XM_057805303.1	A
BRAKERILHT00000016470	A	rna-XM_057804090.1	A
BRAKERILHT00000016475	A	rna-XM_057795058.1	A
BRAKERILHT00000016618	A	rna-XM_057795051.1	A
BRAKERILHT00000015686	A	rna-XM_057815232.1	A
BRAKERILHT00000016893	A	rna-XM_057795429.1	A
BRAKERILHT00000015714	A	rna-XM_057806983.1	A
BRAKERILHT00000016496	A	rna-XM_057802612.1	A
BRAKERILHT00000016342	A	rna-XM_057803038.1	A
BRAKERILHT00000016719	A	rna-XM_057803042.1	A
BRAKERILHT00000015826	A	rna-XM_057811852.1	A
BRAKERILHT00000016974	A	rna-XM_057811908.1	A
BRAKERILHT00000016588	A	rna-XM_057814989.1	A
BRAKERILHT00000016157	A	rna-XM_057796224.1	A
BRAKERILHT00000016734	A	rna-XM_057798439.1	A
BRAKERILHT00000016895	A	rna-XM_057798310.1	A
BRAKERILHT00000015813	A	rna-XM_057798309.1	A
BRAKERILHT00000016145	A	rna-XM_057816779.1	X
BRAKERILHT00000016610	A	rna-XM_057802008.1	A
BRAKERILHT00000016907	A	rna-XM_057809975.1	A
BRAKERILHT00000015652	A	rna-XM_057809965.1	A
BRAKERILHT00000016710	A	rna-XM_057810700.1	A
BRAKERILHT00000016242	A	rna-XM_057802034.1	A
BRAKERILHT00000016713	A	rna-XM_057802663.1	A
BRAKERILHT00000016255	A	rna-XM_057810464.1	A
BRAKERILHT00000015943	A	rna-XM_057810465.1	A
BRAKERILHT00000016946	A	rna-XM_057810475.1	A
BRAKERILHT00000015719	A	rna-XM_057810694.1	A
BRAKERILHT00000016090	A	rna-XM_057800846.1	A
BRAKERILHT00000015642	A	rna-XM_057810683.1	A
BRAKERILHT00000016683	A	rna-XM_057810664.1	A
BRAKERILHT00000015921	A	rna-XM_057800386.1	A
BRAKERILHT00000015776	A	rna-XM_057800393.1	A
BRAKERILHT00000016055	A	rna-XM_057801383.1	A
BRAKERILHT00000016656	A	rna-XM_057800394.1	A
BRAKERILHT00000016369	A	rna-XM_057807714.1	A
BRAKERILHT00000016749	A	rna-XM_057807711.1	A
BRAKERILHT00000015763	A	rna-XM_057800764.1	A
BRAKERILHT00000016526	A	rna-XM_057810690.1	A
BRAKERILHT00000016844	A	rna-XM_057804071.1	A
BRAKERILHT00000015899	A	rna-XM_057810758.1	A
BRAKERILHT00000016146	A	rna-XM_057806565.1	A
BRAKERILHT00000015670	A	rna-XM_057813317.1	A
BRAKERILHT00000016154	A	rna-XM_057799252.1	X
BRAKERILHT00000015991	A	rna-XM_057806214.1	A
BRAKERILHT00000017523	X	rna-XM_057796848.1	X
BRAKERILHT00000017701	X	rna-XM_057816110.1	X
BRAKERILHT00000018029	X	rna-XM_057802638.1	X
BRAKERILHT00000017955	X	rna-XM_057799574.1	X
BRAKERILHT00000017174	X	rna-XM_057799560.1	X
BRAKERILHT00000016994	X	rna-XM_057816895.1	A
BRAKERILHT00000017287	X	rna-XM_057799517.1	X
BRAKERILHT00000017748	X	rna-XM_057809026.1	X
BRAKERILHT00000017347	X	rna-XM_057812034.1	X
BRAKERILHT00000017257	X	rna-XM_057812283.1	X
BRAKERILHT00000017029	X	rna-XM_057812229.1	X
BRAKERILHT00000017679	X	rna-XM_057804780.1	A
BRAKERILHT00000017053	X	rna-XM_057810576.1	X
BRAKERILHT00000017568	X	rna-XM_057802611.1	X
BRAKERILHT00000017408	X	rna-XM_057806209.1	X
BRAKERILHT00000017462	X	rna-XM_057799585.1	X
BRAKERILHT00000017001	X	rna-XM_057799462.1	X
BRAKERILHT00000017772	X	rna-XM_057799371.1	X
BRAKERILHT00000017629	X	rna-XM_057799425.1	X
BRAKERILHT00000017330	X	rna-XM_057799412.1	X
BRAKERILHT00000017181	X	rna-XM_057810662.1	X
BRAKERILHT00000017488	X	rna-XM_057810640.1	X
BRAKERILHT00000018028	X	rna-XM_057803309.1	X
BRAKERILHT00000017093	X	rna-XM_057814766.1	A
BRAKERILHT00000017923	X	rna-XM_057807177.1	X
BRAKERILHT00000017178	X	rna-XM_057797700.1	X
BRAKERILHT00000018023	X	rna-XM_057804672.1	X
BRAKERILHT00000017132	X	rna-XM_057803473.1	A
BRAKERILHT00000017507	X	rna-XM_057795999.1	X
BRAKERILHT00000017745	X	rna-XM_057810970.1	X
BRAKERILHT00000017845	X	rna-XM_057804496.1	X
BRAKERILHT00000017364	X	rna-XM_057811218.1	X
BRAKERILHT00000017496	X	rna-XM_057795182.1	X
BRAKERILHT00000017722	X	rna-XM_057800460.1	X
BRAKERILHT00000017980	X	rna-XM_057808559.1	X
BRAKERILHT00000017325	X	rna-XM_057802635.1	A
BRAKERILHT00000017562	X	rna-XM_057796449.1	X
BRAKERILHT00000017724	X	rna-XM_057805763.1	X
BRAKERILHT00000017187	X	rna-XM_057803462.1	X
BRAKERILHT00000018030	X	rna-XM_057806318.1	X
BRAKERILHT00000017183	X	rna-XM_057810437.1	X
BRAKERILHT00000018040	X	rna-XM_057814177.1	A
BRAKERILHT00000017884	X	rna-XM_057797285.1	X
BRAKERILHT00000017280	X	rna-XM_057797354.1	X
BRAKERILHT00000017415	X	rna-XM_057812967.1	X
BRAKERILHT00000017883	X	rna-XM_057816426.1	X
BRAKERILHT00000017966	X	rna-XM_057811152.1	X
BRAKERILHT00000017135	X	rna-XM_057803709.1	X
BRAKERILHT00000017978	X	rna-XM_057806689.1	X
BRAKERILHT00000017922	X	rna-XM_057797603.1	X
BRAKERILHT00000017959	X	rna-XM_057816341.1	X
BRAKERILHT00000017718	X	rna-XM_057814064.1	X
BRAKERILHT00000017455	X	rna-XM_057814015.1	X
BRAKERILHT00000017648	X	rna-XM_057794913.1	X
BRAKERILHT00000017199	X	rna-XM_057802482.1	A
BRAKERILHT00000017003	X	rna-XM_057810629.1	X
BRAKERILHT00000017867	X	rna-XM_057815259.1	X
BRAKERILHT00000017609	X	rna-XM_057805555.1	X
BRAKERILHT00000017377	X	rna-XM_057815146.1	X
BRAKERILHT00000017120	X	rna-XM_057815989.1	X
BRAKERILHT00000017742	X	rna-XM_057812955.1	X
BRAKERILHT00000017765	X	rna-XM_057812934.1	X
BRAKERILHT00000017145	X	rna-XM_057812921.1	X
BRAKERILHT00000017352	X	rna-XM_057811169.1	X
BRAKERILHT00000017597	X	rna-XM_057810458.1	X
BRAKERILHT00000017295	X	rna-XM_057796205.1	A
BRAKERILHT00000017868	X	rna-XM_057800774.1	X
BRAKERILHT00000017015	X	rna-XM_057800567.1	X
BRAKERILHT00000017511	X	rna-XM_057815321.1	X
BRAKERILHT00000017721	X	rna-XM_057815440.1	X
BRAKERILHT00000017887	X	rna-XM_057803100.1	X
BRAKERILHT00000017434	X	rna-XM_057803300.1	X
BRAKERILHT00000017118	X	rna-XM_057808391.1	X
BRAKERILHT00000017947	X	rna-XM_057808461.1	X
BRAKERILHT00000017641	X	rna-XM_057812521.1	X
BRAKERILHT00000017840	X	rna-XM_057803181.1	X
BRAKERILHT00000017774	X	rna-XM_057814100.1	X
BRAKERILHT00000017778	X	rna-XM_057806400.1	X
BRAKERILHT00000017127	X	rna-XM_057800906.1	X
BRAKERILHT00000017190	X	rna-XM_057798479.1	X
BRAKERILHT00000017612	X	rna-XM_057816155.1	X
BRAKERILHT00000017081	X	rna-XM_057799353.1	X
BRAKERILHT00000017735	X	rna-XM_057801798.1	X
BRAKERILHT00000017040	X	rna-XM_057798313.1	X
BRAKERILHT00000017008	X	rna-XM_057804374.1	X
BRAKERILHT00000017761	X	rna-XM_057808367.1	X
BRAKERILHT00000017260	X	rna-XM_057799201.1	X
BRAKERILHT00000017521	X	rna-XM_057799215.1	X
BRAKERILHT00000017466	X	rna-XM_057801745.1	X
BRAKERILHT00000017783	X	rna-XM_057798323.1	X
BRAKERILHT00000017340	X	rna-XM_057807079.1	X
BRAKERILHT00000017109	X	rna-XM_057797261.1	X
BRAKERILHT00000017832	X	rna-XM_057794957.1	X
BRAKERILHT00000017234	X	rna-XM_057815394.1	A
BRAKERILHT00000017705	X	rna-XM_057799283.1	X
BRAKERILHT00000017463	X	rna-XM_057813888.1	X
BRAKERILHT00000017946	X	rna-XM_057811919.1	X
BRAKERILHT00000017025	X	rna-XM_057799304.1	A
BRAKERILHT00000017272	X	rna-XM_057797761.1	X
BRAKERILHT00000017644	X	rna-XM_057798190.1	X
BRAKERILHT00000017781	X	rna-XM_057811252.1	X
BRAKERILHT00000018041	X	rna-XM_057807250.1	X
BRAKERILHT00000017634	X	rna-XM_057815893.1	X
BRAKERILHT00000017881	X	rna-XM_057811614.1	X
BRAKERILHT00000017413	X	rna-XM_057798968.1	A
BRAKERILHT00000017247	X	rna-XM_057800361.1	X
BRAKERILHT00000017321	X	rna-XM_057799806.1	X
BRAKERILHT00000017968	X	rna-XM_057794999.1	X
BRAKERILHT00000017798	X	rna-XM_057804317.1	A
BRAKERILHT00000017410	X	rna-XM_057816140.1	X
BRAKERILHT00000017136	X	rna-XM_057797774.1	X
BRAKERILHT00000018027	X	rna-XM_057807237.1	X
BRAKERILHT00000018011	X	rna-XM_057802866.1	X
BRAKERILHT00000017088	X	rna-XM_057813930.1	A
BRAKERILHT00000017186	X	rna-XM_057806291.1	X
BRAKERILHT00000017988	X	rna-XM_057800348.1	X
BRAKERILHT00000017780	X	rna-XM_057803782.1	X
BRAKERILHT00000018003	X	rna-XM_057805102.1	A
BRAKERILHT00000017554	X	rna-XM_057802665.1	X
BRAKERILHT00000017561	X	rna-XM_057814055.1	X
BRAKERILHT00000017195	X	rna-XM_057810917.1	X
BRAKERILHT00000017513	X	rna-XM_057806024.1	X
BRAKERILHT00000017486	X	rna-XM_057797602.1	X
BRAKERILHT00000017380	X	rna-XM_057797120.1	X
BRAKERILHT00000017222	X	rna-XM_057801775.1	X
BRAKERILHT00000018007	X	rna-XM_057794980.1	X
BRAKERILHT00000017892	X	rna-XM_057802650.1	X
BRAKERILHT00000017443	X	rna-XM_057803905.1	X
BRAKERILHT00000018035	X	rna-XM_057797367.1	X
BRAKERILHT00000017259	X	rna-XM_057802723.1	X
BRAKERILHT00000017628	X	rna-XM_057801984.1	X
BRAKERILHT00000017277	X	rna-XM_057813395.1	X
BRAKERILHT00000017101	X	rna-XM_057812493.1	X
BRAKERILHT00000017905	X	rna-XM_057816680.1	X
BRAKERILHT00000017229	X	rna-XM_057809737.1	X
BRAKERILHT00000017808	X	rna-XM_057798393.1	X
BRAKERILHT00000017631	X	rna-XM_057810522.1	X
BRAKERILHT00000017357	X	rna-XM_057813866.1	X
BRAKERILHT00000017998	X	rna-XM_057813104.1	X
BRAKERILHT00000017973	X	rna-XM_057816165.1	X
BRAKERILHT00000017122	X	rna-XM_057807172.1	X
BRAKERILHT00000017933	X	rna-XM_057795666.1	X
BRAKERILHT00000017052	X	rna-XM_057798900.1	A
BRAKERILHT00000017449	X	rna-XM_057805995.1	X
BRAKERILHT00000017603	X	rna-XM_057795471.1	X
BRAKERILHT00000017005	X	rna-XM_057802544.1	X
BRAKERILHT00000017422	X	rna-XM_057802304.1	X
BRAKERILHT00000017010	X	rna-XM_057814147.1	X
BRAKERILHT00000017371	X	rna-XM_057806710.1	X
BRAKERILHT00000017626	X	rna-XM_057810822.1	X
BRAKERILHT00000017276	X	rna-XM_057816869.1	X
BRAKERILHT00000017400	X	rna-XM_057805579.1	X
BRAKERILHT00000017180	X	rna-XM_057800793.1	X
BRAKERILHT00000018037	X	rna-XM_057816197.1	X
BRAKERILHT00000017769	X	rna-XM_057796496.1	X
BRAKERILHT00000017909	X	rna-XM_057806519.1	X
BRAKERILHT00000017396	X	rna-XM_057802498.1	X
BRAKERILHT00000017210	X	rna-XM_057803655.1	X
BRAKERILHT00000017676	X	rna-XM_057803644.1	X
BRAKERILHT00000017997	X	rna-XM_057803668.1	X
BRAKERILHT00000017405	X	rna-XM_057808334.1	X
BRAKERILHT00000017839	X	rna-XM_057806484.1	X
BRAKERILHT00000017890	X	rna-XM_057811322.1	X
BRAKERILHT00000017576	X	rna-XM_057807005.1	X
BRAKERILHT00000017083	X	rna-XM_057806113.1	X
BRAKERILHT00000017964	X	rna-XM_057813371.1	X
BRAKERILHT00000017793	X	rna-XM_057810120.1	X
BRAKERILHT00000017480	X	rna-XM_057810091.1	X
BRAKERILHT00000017298	X	rna-XM_057810893.1	X
BRAKERILHT00000017002	X	rna-XM_057803493.1	X
BRAKERILHT00000017592	X	rna-XM_057802121.1	X
BRAKERILHT00000017189	X	rna-XM_057811208.1	A
BRAKERILHT00000017549	X	rna-XM_057806547.1	A
BRAKERILHT00000016997	X	rna-XM_057815181.1	Y
BRAKERILHT00000017921	X	rna-XM_057815204.1	Y
BRAKERILHT00000017588	X	rna-XM_057808447.1	A
BRAKERILHT00000017087	X	rna-XM_057801962.1	X
BRAKERILHT00000017239	X	rna-XM_057815237.1	Y
BRAKERILHT00000017927	X	rna-XM_057811232.1	A
BRAKERILHT00000017599	X	rna-XM_057811245.1	A
BRAKERILHT00000018038	X	rna-XM_057807143.1	A
BRAKERILHT00000017494	X	rna-XM_057801557.1	A
BRAKERILHT00000017206	X	rna-XM_057806564.1	A
BRAKERILHT00000017262	X	rna-XM_057810052.1	A
BRAKERILHT00000017245	X	rna-XM_057800733.1	A
BRAKERILHT00000018031	X	rna-XM_057806514.1	A
BRAKERILHT00000017404	X	rna-XM_057808374.1	A
BRAKERILHT00000017939	X	rna-XM_057815309.1	Y
BRAKERILHT00000017533	X	rna-XM_057815245.1	Y
BRAKERILHT00000017509	X	rna-XM_057795315.1	A
BRAKERILHT00000017581	X	rna-XM_057799899.1	A
BRAKERILHT00000017615	X	rna-XM_057810046.1	A
BRAKERILHT00000017123	X	rna-XM_057800789.1	A
BRAKERILHT00000017531	X	rna-XM_057803311.1	A
BRAKERILHT00000017039	X	rna-XM_057815248.1	Y
BRAKERILHT00000017255	X	rna-XM_057811260.1	X
BRAKERILHT00000017571	X	rna-XM_057811833.1	A
BRAKERILHT00000017059	X	rna-XM_057796697.1	X
BRAKERILHT00000017996	X	rna-XM_057806676.1	A
BRAKERILHT00000017331	X	rna-XM_057805423.1	X
BRAKERILHT00000017658	X	rna-XM_057812320.1	X
BRAKERILHT00000017150	X	rna-XM_057811843.1	X
BRAKERILHT00000017356	X	rna-XM_057799081.1	X
BRAKERILHT00000016992	X	rna-XM_057802490.1	X
BRAKERILHT00000017216	X	rna-XM_057798800.1	X
BRAKERILHT00000017062	X	rna-XM_057806339.1	X
BRAKERILHT00000017938	X	rna-XM_057807185.1	X
BRAKERILHT00000017856	X	rna-XM_057816116.1	X
BRAKERILHT00000017072	X	rna-XM_057810536.1	X
BRAKERILHT00000018008	X	rna-XM_057794892.1	X
BRAKERILHT00000017204	X	rna-XM_057800894.1	A
BRAKERILHT00000017170	X	rna-XM_057799997.1	X
BRAKERILHT00000017476	X	rna-XM_057802588.1	X
BRAKERILHT00000017866	X	rna-XM_057809887.1	X
BRAKERILHT00000018026	X	rna-XM_057809938.1	X
BRAKERILHT00000017161	X	rna-XM_057801009.1	X
BRAKERILHT00000017874	X	rna-XM_057810881.1	X
BRAKERILHT00000017559	X	rna-XM_057803539.1	X
BRAKERILHT00000017258	X	rna-XM_057803553.1	X
BRAKERILHT00000017425	X	rna-XM_057811004.1	X
BRAKERILHT00000017666	X	rna-XM_057809985.1	X
BRAKERILHT00000016991	X	rna-XM_057816547.1	X
BRAKERILHT00000017359	X	rna-XM_057812022.1	X
BRAKERILHT00000017985	X	rna-XM_057813824.1	X
BRAKERILHT00000017035	X	rna-XM_057813708.1	X
BRAKERILHT00000017154	X	rna-XM_057800117.1	X
BRAKERILHT00000017645	X	rna-XM_057800104.1	X
BRAKERILHT00000017694	X	rna-XM_057800069.1	X
BRAKERILHT00000017945	X	rna-XM_057811646.1	X
BRAKERILHT00000017226	X	rna-XM_057796658.1	X
BRAKERILHT00000017477	X	rna-XM_057807952.1	X
BRAKERILHT00000017353	X	rna-XM_057802757.1	X
BRAKERILHT00000017049	X	rna-XM_057811126.1	X
BRAKERILHT00000017848	X	rna-XM_057801880.1	X
BRAKERILHT00000017903	X	rna-XM_057798336.1	X
BRAKERILHT00000017201	X	rna-XM_057811634.1	X
BRAKERILHT00000017294	X	rna-XM_057806390.1	X
BRAKERILHT00000016988	X	rna-XM_057814390.1	X
BRAKERILHT00000017896	X	rna-XM_057799188.1	A
BRAKERILHT00000017367	X	rna-XM_057806056.1	X
BRAKERILHT00000017672	X	rna-XM_057795349.1	X
BRAKERILHT00000017809	X	rna-XM_057810066.1	X
BRAKERILHT00000017217	X	rna-XM_057810281.1	X
BRAKERILHT00000017288	X	rna-XM_057816881.1	X
BRAKERILHT00000017528	X	rna-XM_057808490.1	X
BRAKERILHT00000017305	X	rna-XM_057801892.1	X
BRAKERILHT00000017760	X	rna-XM_057801603.1	X
BRAKERILHT00000018054	X	rna-XM_057806722.1	X
BRAKERILHT00000017763	X	rna-XM_057799148.1	X
BRAKERILHT00000017301	X	rna-XM_057795469.1	X
BRAKERILHT00000017004	X	rna-XM_057804862.1	X
BRAKERILHT00000017589	X	rna-XM_057805720.1	X
BRAKERILHT00000017219	X	rna-XM_057796413.1	X
BRAKERILHT00000017686	X	rna-XM_057800158.1	X
BRAKERILHT00000017346	X	rna-XM_057800287.1	X
BRAKERILHT00000018004	X	rna-XM_057796910.1	X
BRAKERILHT00000017202	X	rna-XM_057807099.1	X
BRAKERILHT00000017879	X	rna-XM_057805640.1	X
BRAKERILHT00000017069	X	rna-XM_057805936.1	X
BRAKERILHT00000017045	X	rna-XM_057805909.1	X
BRAKERILHT00000017058	X	rna-XM_057805858.1	X
BRAKERILHT00000017713	X	rna-XM_057805884.1	X
BRAKERILHT00000017957	X	rna-XM_057805897.1	X
BRAKERILHT00000017334	X	rna-XM_057805816.1	X
BRAKERILHT00000017844	X	rna-XM_057804781.1	X
BRAKERILHT00000017023	X	rna-XM_057795432.1	X
BRAKERILHT00000017749	X	rna-XM_057816176.1	X
BRAKERILHT00000018022	X	rna-XM_057795420.1	X
BRAKERILHT00000017743	X	rna-XM_057799477.1	X
BRAKERILHT00000017708	X	rna-XM_057813853.1	X
BRAKERILHT00000017552	X	rna-XM_057816218.1	X
BRAKERILHT00000017107	X	rna-XM_057808852.1	X
BRAKERILHT00000017569	X	rna-XM_057815961.1	X
BRAKERILHT00000017460	X	rna-XM_057798461.1	X
BRAKERILHT00000017502	X	rna-XM_057814971.1	A
BRAKERILHT00000017006	X	rna-XM_057804217.1	X
BRAKERILHT00000017613	X	rna-XM_057804201.1	X
BRAKERILHT00000017753	X	rna-XM_057804156.1	X
BRAKERILHT00000017177	X	rna-XM_057804178.1	X
BRAKERILHT00000017041	X	rna-XM_057804190.1	X
BRAKERILHT00000017270	X	rna-XM_057804134.1	X
BRAKERILHT00000017804	X	rna-XM_057799549.1	X
BRAKERILHT00000018024	X	rna-XM_057795479.1	X
BRAKERILHT00000017155	X	rna-XM_057802525.1	X
BRAKERILHT00000017387	X	rna-XM_057799844.1	X
BRAKERILHT00000017919	X	rna-XM_057805148.1	X
BRAKERILHT00000017911	X	rna-XM_057815459.1	X
BRAKERILHT00000017747	X	rna-XM_057799680.1	X
BRAKERILHT00000017441	X	rna-XM_057815480.1	X
BRAKERILHT00000017891	X	rna-XM_057795183.1	X
BRAKERILHT00000017284	X	rna-XM_057809916.1	X
BRAKERILHT00000017770	X	rna-XM_057809902.1	X
BRAKERILHT00000017720	X	rna-XM_057803483.1	X
BRAKERILHT00000017116	X	rna-XM_057801564.1	X
BRAKERILHT00000017830	X	rna-XM_057807318.1	X
BRAKERILHT00000018064	X	rna-XM_057812445.1	X
BRAKERILHT00000017534	X	rna-XM_057812476.1	X
BRAKERILHT00000017060	X	rna-XM_057797205.1	X
BRAKERILHT00000018002	X	rna-XM_057810616.1	X
BRAKERILHT00000017618	X	rna-XM_057803631.1	X
BRAKERILHT00000017512	X	rna-XM_057801690.1	X
BRAKERILHT00000017153	X	rna-XM_057801677.1	X
BRAKERILHT00000017852	X	rna-XM_057801428.1	X
BRAKERILHT00000017478	X	rna-XM_057811225.1	X
BRAKERILHT00000017453	X	rna-XM_057800759.1	X
BRAKERILHT00000017757	X	rna-XM_057800815.1	X
BRAKERILHT00000017293	X	rna-XM_057812014.1	X
BRAKERILHT00000018044	X	rna-XM_057806581.1	X
BRAKERILHT00000017311	X	rna-XM_057806191.1	X
BRAKERILHT00000017309	X	rna-XM_057808502.1	X
BRAKERILHT00000017192	X	rna-XM_057798916.1	X
BRAKERILHT00000017663	X	rna-XM_057803025.1	X
BRAKERILHT00000017982	X	rna-XM_057803749.1	X
BRAKERILHT00000017692	X	rna-XM_057805606.1	X
BRAKERILHT00000017696	X	rna-XM_057803874.1	X
BRAKERILHT00000017448	X	rna-XM_057800598.1	X
BRAKERILHT00000017625	X	rna-XM_057795401.1	X
BRAKERILHT00000017882	X	rna-XM_057814266.1	X
BRAKERILHT00000017021	X	rna-XM_057799142.1	X
BRAKERILHT00000017374	X	rna-XM_057801834.1	X
BRAKERILHT00000017539	X	rna-XM_057811003.1	X
BRAKERILHT00000017864	X	rna-XM_057805696.1	X
BRAKERILHT00000018010	X	rna-XM_057801788.1	X
BRAKERILHT00000017707	X	rna-XM_057803588.1	X
BRAKERILHT00000017108	X	rna-XM_057805218.1	X
BRAKERILHT00000017584	X	rna-XM_057808359.1	X
BRAKERILHT00000017529	X	rna-XM_057800179.1	X
BRAKERILHT00000018042	X	rna-XM_057815593.1	A
BRAKERILHT00000017191	X	rna-XM_057807136.1	X
BRAKERILHT00000017932	X	rna-XM_057807149.1	X
BRAKERILHT00000017869	X	rna-XM_057800195.1	X
BRAKERILHT00000017160	X	rna-XM_057812630.1	X
BRAKERILHT00000017632	X	rna-XM_057807197.1	X
BRAKERILHT00000017784	X	rna-XM_057815904.1	X
BRAKERILHT00000017958	X	rna-XM_057799805.1	X
BRAKERILHT00000017024	X	rna-XM_057799914.1	X
BRAKERILHT00000017459	X	rna-XM_057797906.1	X
BRAKERILHT00000017112	X	rna-XM_057795445.1	X
BRAKERILHT00000017350	X	rna-XM_057816659.1	X
BRAKERILHT00000017436	X	rna-XM_057795468.1	X
BRAKERILHT00000017344	X	rna-XM_057802272.1	X
BRAKERILHT00000018005	X	rna-XM_057804339.1	X
BRAKERILHT00000017307	X	rna-XM_057798137.1	X
BRAKERILHT00000017689	X	rna-XM_057803957.1	X
BRAKERILHT00000017993	X	rna-XM_057800267.1	X
BRAKERILHT00000017469	X	rna-XM_057805621.1	X
BRAKERILHT00000017546	X	rna-XM_057815206.1	X
BRAKERILHT00000017862	X	rna-XM_057800893.1	X
BRAKERILHT00000017218	X	rna-XM_057799451.1	X
BRAKERILHT00000018018	X	rna-XM_057799437.1	X
BRAKERILHT00000017296	X	rna-XM_057811883.1	X
BRAKERILHT00000017007	X	rna-XM_057805482.1	X
BRAKERILHT00000017264	X	rna-XM_057805469.1	X
BRAKERILHT00000017649	X	rna-XM_057807263.1	X
BRAKERILHT00000017431	X	rna-XM_057799877.1	X
BRAKERILHT00000017131	X	rna-XM_057811583.1	X
BRAKERILHT00000017220	X	rna-XM_057810927.1	A
BRAKERILHT00000017791	X	rna-XM_057799863.1	X
BRAKERILHT00000017439	X	rna-XM_057812051.1	A
BRAKERILHT00000017182	X	rna-XM_057799915.1	X
BRAKERILHT00000017953	X	rna-XM_057806380.1	X
BRAKERILHT00000017660	X	rna-XM_057802704.1	X
BRAKERILHT00000017889	X	rna-XM_057810880.1	X
BRAKERILHT00000017566	X	rna-XM_057803918.1	X
BRAKERILHT00000017829	X	rna-XM_057803800.1	A
BRAKERILHT00000017802	X	rna-XM_057802737.1	X
BRAKERILHT00000017794	X	rna-XM_057800831.1	X
BRAKERILHT00000017013	X	rna-XM_057798492.1	X
BRAKERILHT00000017411	X	rna-XM_057799069.1	X
BRAKERILHT00000017253	X	rna-XM_057803894.1	X
BRAKERILHT00000017971	X	rna-XM_057801165.1	X
BRAKERILHT00000017811	X	rna-XM_057805753.1	X
BRAKERILHT00000018056	X	rna-XM_057809833.1	X
BRAKERILHT00000017269	X	rna-XM_057810491.1	X
BRAKERILHT00000017643	X	rna-XM_057803013.1	X
BRAKERILHT00000017918	X	rna-XM_057816370.1	X
BRAKERILHT00000017972	X	rna-XM_057816208.1	X
BRAKERILHT00000017126	X	rna-XM_057799056.1	X
BRAKERILHT00000017483	X	rna-XM_057801614.1	X
BRAKERILHT00000017342	X	rna-XM_057800843.1	X
BRAKERILHT00000017647	X	rna-XM_057795921.1	A
BRAKERILHT00000017912	X	rna-XM_057801532.1	X
BRAKERILHT00000017042	X	rna-XM_057804230.1	X
BRAKERILHT00000017273	X	rna-XM_057800276.1	X
BRAKERILHT00000017535	X	rna-XM_057801078.1	X
BRAKERILHT00000017223	X	rna-XM_057797711.1	X
BRAKERILHT00000017695	X	rna-XM_057815850.1	X
BRAKERILHT00000017956	X	rna-XM_057813802.1	X
BRAKERILHT00000017099	X	rna-XM_057813571.1	X
BRAKERILHT00000017467	X	rna-XM_057813603.1	X
BRAKERILHT00000017941	X	rna-XM_057815808.1	X
BRAKERILHT00000017642	X	rna-XM_057802951.1	X
BRAKERILHT00000017915	X	rna-XM_057802969.1	X
BRAKERILHT00000017671	X	rna-XM_057816168.1	X
BRAKERILHT00000018001	X	rna-XM_057816048.1	X
BRAKERILHT00000017542	X	rna-XM_057802904.1	A
BRAKERILHT00000017553	X	rna-XM_057810809.1	A
BRAKERILHT00000018070	Y	rna-XM_057800752.1	A
BRAKERILHT00000018085	Y	rna-XM_057804991.1	A
