B_varius	chromosome	A_obtectus	chromosome
anno1.g19.t1	A	anno1.g11873.t1	A
anno1.g20.t1	A	anno1.g13066.t3	A
anno1.g21.t2	A	anno1.g13067.t2	A
anno1.g27.t1	A	anno1.g13072.t1	A
anno1.g28.t2	A	anno1.g13073.t2	A
anno1.g29.t1	A	anno1.g13074.t1	A
anno1.g30.t1	A	anno1.g13076.t1	A
anno1.g31.t2	A	anno1.g13077.t1	A
anno1.g33.t1	A	anno1.g13081.t1	A
anno1.g34.t1	A	anno1.g13082.t1	A
anno1.g36.t1	A	anno1.g13091.t1	A
anno1.g39.t1	A	anno1.g13086.t1	A
anno1.g44.t1	A	anno1.g13083.t1	A
anno1.g45.t1	A	anno1.g13090.t2	A
anno1.g46.t1	A	anno1.g1070.t1	A
anno1.g47.t1	A	anno1.g13089.t1	A
anno1.g52.t1	A	anno1.g3227.t1	A
anno1.g53.t1	A	anno1.g2542.t1	A
anno1.g54.t1	A	anno1.g13102.t1	A
anno1.g55.t1	A	anno1.g13088.t1	A
anno1.g60.t1	A	anno1.g13101.t1	A
anno1.g61.t1	A	anno1.g13116.t2	A
anno1.g70.t1	A	anno1.g13119.t2	A
anno1.g71.t1	A	anno1.g13120.t1	A
anno1.g72.t1	A	anno1.g13121.t1	A
anno1.g82.t1	A	anno1.g12841.t1	A
anno1.g83.t1	A	anno1.g12842.t1	A
anno1.g84.t1	A	anno1.g12843.t1	A
anno1.g85.t2	A	anno1.g12844.t2	A
anno1.g90.t2	A	anno1.g13928.t1	A
anno1.g98.t1	A	anno1.g12836.t1	A
anno1.g99.t1	A	anno1.g6086.t1	A
anno1.g102.t1	A	anno1.g12854.t1	A
anno1.g103.t1	A	anno1.g12860.t1	A
anno1.g104.t1	A	anno1.g12861.t1	A
anno1.g105.t1	A	anno1.g12862.t1	A
anno1.g106.t1	A	anno1.g12856.t1	A
anno1.g107.t1	A	anno1.g12864.t1	A
anno1.g108.t1	A	anno1.g12866.t1	A
anno1.g109.t1	A	anno1.g12865.t1	A
anno1.g110.t1	A	anno1.g12868.t1	A
anno1.g111.t1	A	anno1.g12872.t1	A
anno1.g112.t1	A	anno1.g12869.t1	A
anno1.g113.t1	A	anno1.g12874.t1	A
anno1.g114.t1	A	anno1.g12879.t1	A
anno1.g115.t1	A	anno1.g12885.t1	A
anno1.g116.t1	A	anno1.g12889.t1	A
anno1.g117.t1	A	anno1.g12888.t1	A
anno1.g118.t1	A	anno1.g12887.t1	A
anno1.g119.t2	A	anno1.g12886.t1	A
anno1.g120.t1	A	anno1.both_agree_g26688.t1	A
anno1.g121.t4	A	anno1.g12890.t3	A
anno1.g122.t1	A	anno1.g12891.t1	A
anno1.g123.t1	A	anno1.g12892.t1	A
anno1.g125.t1	A	anno1.g12894.t1	A
anno1.g126.t1	A	anno1.g12895.t1	A
anno1.g127.t1	A	anno1.g12896.t1	A
anno1.g128.t1	A	anno1.g12897.t1	A
anno1.g129.t1	A	anno1.g12899.t1	A
anno1.g131.t1	A	anno1.g12900.t1	A
anno1.g132.t1	A	anno1.g12901.t1	A
anno1.g133.t1	A	anno1.g12902.t1	A
anno1.g134.t1	A	anno1.g12903.t1	A
anno1.g135.t1	A	anno1.g12904.t1	A
anno1.g136.t1	A	anno1.g12905.t1	A
anno1.g137.t2	A	anno1.g12906.t1	A
anno1.g138.t1	A	anno1.g10293.t1	A
anno1.g139.t1	A	anno1.g12907.t1	A
anno1.g140.t1	A	anno1.g12908.t1	A
anno1.g142.t1	A	anno1.g12910.t1	A
anno1.g144.t1	A	anno1.g12912.t1	A
anno1.g145.t1	A	anno1.g12914.t1	A
anno1.g151.t1	A	anno1.g12923.t1	A
anno1.g153.t3	A	anno1.g12925.t1	A
anno1.g159.t2	A	anno1.g12928.t2	A
anno1.g160.t1	A	anno1.g12929.t1	A
anno1.g161.t1	A	anno1.g12930.t1	A
anno1.g162.t1	A	anno1.g12931.t1	A
anno1.g163.t1	A	anno1.g12932.t1	A
anno1.g164.t2	A	anno1.g12933.t1	A
anno1.g165.t1	A	anno1.g12934.t1	A
anno1.g166.t1	A	anno1.g12935.t1	A
anno1.g167.t1	A	anno1.g12936.t1	A
anno1.g168.t1	A	anno1.g12937.t4	A
anno1.g169.t1	A	anno1.g12938.t1	A
anno1.g170.t1	A	anno1.g12939.t1	A
anno1.g171.t1	A	anno1.g12940.t1	A
anno1.g172.t1	A	anno1.g12941.t1	A
anno1.g173.t1	A	anno1.g12942.t1	A
anno1.g175.t1	A	anno1.g13111.t1	A
anno1.g176.t1	A	anno1.g13109.t1	A
anno1.g177.t1	A	anno1.g12994.t1	A
anno1.g178.t1	A	anno1.g12995.t3	A
anno1.g179.t1	A	anno1.g12993.t1	A
anno1.g180.t1	A	anno1.g12992.t1	A
anno1.g181.t1	A	anno1.g12990.t1	A
anno1.g182.t1	A	anno1.g12989.t1	A
anno1.g184.t1	A	anno1.g14443.t1	A
anno1.g186.t2	A	anno1.g12988.t3	A
anno1.g187.t1	A	anno1.g13048.t1	A
anno1.g189.t1	A	anno1.g13049.t1	A
anno1.g190.t1	A	anno1.g104.t1	A
anno1.g192.t1	A	anno1.g13051.t1	A
anno1.g193.t1	A	anno1.g13053.t1	A
anno1.g194.t1	A	anno1.g13052.t1	A
anno1.g195.t1	A	anno1.g13054.t1	A
anno1.g196.t1	A	anno1.g13055.t1	A
anno1.g197.t1	A	anno1.g13056.t1	A
anno1.g198.t1	A	anno1.g13057.t1	A
anno1.g199.t1	A	anno1.g13058.t1	A
anno1.g200.t1	A	anno1.g13059.t2	A
anno1.g202.t1	A	anno1.g14435.t1	A
anno1.g203.t1	A	anno1.g13046.t1	A
anno1.g204.t1	A	anno1.g13114.t1	A
anno1.g205.t1	A	anno1.g13112.t1	A
anno1.g206.t1	A	anno1.g13110.t1	A
anno1.g207.t1	A	anno1.g13042.t1	A
anno1.g210.t1	A	anno1.g13043.t1	A
anno1.g211.t2	A	anno1.g13044.t1	A
anno1.g212.t2	A	anno1.g13045.t1	A
anno1.g216.t2	A	anno1.g13009.t3	A
anno1.g217.t1	A	anno1.g13012.t1	A
anno1.g218.t1	A	anno1.g12361.t1	A
anno1.g219.t1	A	anno1.g12362.t1	A
anno1.g220.t1	A	anno1.g12363.t2	A
anno1.g221.t1	A	anno1.g12364.t1	A
anno1.g222.t1	A	anno1.g12365.t1	A
anno1.g226.t1	A	anno1.g12369.t1	A
anno1.g227.t1	A	anno1.g12370.t1	A
anno1.g228.t1	A	anno1.g12371.t2	A
anno1.g229.t1	A	anno1.g12377.t1	A
anno1.g230.t1	A	anno1.g12378.t1	A
anno1.g231.t1	A	anno1.g12379.t1	A
anno1.g232.t2	A	anno1.g12381.t1	A
anno1.g235.t1	A	anno1.g12382.t1	A
anno1.g236.t1	A	anno1.g12383.t1	A
anno1.g237.t1	A	anno1.g12384.t1	A
anno1.g238.t1	A	anno1.g12385.t1	A
anno1.g239.t1	A	anno1.g12386.t1	A
anno1.g240.t1	A	anno1.g12389.t1	A
anno1.g242.t4	A	anno1.g12390.t1	A
anno1.g243.t1	A	anno1.g12391.t1	A
anno1.g244.t1	A	anno1.g12393.t1	A
anno1.g245.t1	A	anno1.g12394.t1	A
anno1.g246.t2	A	anno1.g14281.t1	A
anno1.g247.t1	A	anno1.g14282.t1	A
anno1.g248.t1	A	anno1.g14292.t1	A
anno1.g249.t1	A	anno1.g13218.t1	A
anno1.g250.t1	A	anno1.g14286.t1	A
anno1.g251.t1	A	anno1.g14431.t1	A
anno1.g252.t1	A	anno1.g14430.t1	A
anno1.g253.t1	A	anno1.g14429.t1	A
anno1.g254.t2	A	anno1.g14428.t1	A
anno1.g255.t1	A	anno1.g14427.t1	A
anno1.g256.t1	A	anno1.g14426.t1	A
anno1.g257.t2	A	anno1.g14425.t1	A
anno1.g258.t1	A	anno1.g14423.t1	A
anno1.g259.t1	A	anno1.g14422.t1	A
anno1.g260.t2	A	anno1.g14421.t1	A
anno1.g261.t1	A	anno1.g14419.t1	A
anno1.g262.t1	A	anno1.g14418.t1	A
anno1.g263.t1	A	anno1.g14417.t1	A
anno1.g265.t1	A	anno1.g14415.t1	A
anno1.g266.t1	A	anno1.g14414.t1	A
anno1.g267.t1	A	anno1.g14413.t1	A
anno1.g268.t1	A	anno1.g14412.t1	A
anno1.g269.t1	A	anno1.g14411.t2	A
anno1.g271.t1	A	anno1.g12829.t1	A
anno1.g272.t1	A	anno1.g12827.t1	A
anno1.g273.t1	A	anno1.g12824.t1	A
anno1.g274.t1	A	anno1.g12943.t1	A
anno1.g275.t1	A	anno1.g12944.t1	A
anno1.g283.t2	A	anno1.g5962.t1	A
anno1.g284.t3	A	anno1.g12950.t1	A
anno1.g285.t1	A	anno1.g12952.t1	A
anno1.g287.t1	A	anno1.g12953.t1	A
anno1.g291.t1	A	anno1.g12961.t1	A
anno1.g292.t1	A	anno1.g12963.t1	A
anno1.g293.t1	A	anno1.g12964.t1	A
anno1.g294.t1	A	anno1.g12965.t1	A
anno1.g295.t2	A	anno1.g12966.t1	A
anno1.g296.t1	A	anno1.g12968.t1	A
anno1.g297.t1	A	anno1.g12969.t1	A
anno1.g299.t1	A	anno1.g13888.t1	A
anno1.g306.t1	A	anno1.g12971.t1	A
anno1.g307.t1	A	anno1.g12972.t1	A
anno1.g308.t1	A	anno1.g12973.t1	A
anno1.g309.t2	A	anno1.g12974.t1	A
anno1.g310.t2	A	anno1.g12975.t1	A
anno1.g312.t2	A	anno1.g12976.t1	A
anno1.g314.t1	A	anno1.g12977.t1	A
anno1.g315.t2	A	anno1.g12979.t2	A
anno1.g316.t1	A	anno1.g12980.t1	A
anno1.g318.t1	A	anno1.g8977.t1	A
anno1.g320.t1	A	anno1.g13001.t1	A
anno1.g321.t1	A	anno1.g13002.t1	A
anno1.g322.t2	A	anno1.g13003.t2	A
anno1.g323.t2	A	anno1.g13004.t2	A
anno1.g324.t1	A	anno1.g13005.t2	A
anno1.g329.t1	A	anno1.g12840.t1	A
anno1.g330.t1	A	anno1.g12038.t1	A
anno1.g332.t1	A	anno1.g12372.t1	A
anno1.g335.t1	A	anno1.g12040.t1	A
anno1.g336.t1	A	anno1.g12041.t1	A
anno1.g337.t1	A	anno1.g12047.t1	A
anno1.g338.t1	A	anno1.g12045.t1	A
anno1.g339.t1	A	anno1.g12044.t2	A
anno1.g340.t1	A	anno1.g12042.t1	A
anno1.g341.t1	A	anno1.g12048.t1	A
anno1.g342.t1	A	anno1.g12049.t1	A
anno1.g343.t1	A	anno1.g12050.t1	A
anno1.g344.t1	A	anno1.g12051.t1	A
anno1.g346.t1	A	anno1.g12052.t1	A
anno1.g347.t1	A	anno1.g12053.t1	A
anno1.g348.t1	A	anno1.g12054.t1	A
anno1.g350.t1	A	anno1.g14410.t1	A
anno1.g351.t1	A	anno1.g14408.t1	A
anno1.g352.t1	A	anno1.g14616.t1	A
anno1.g353.t1	A	anno1.g14403.t1	A
anno1.g354.t1	A	anno1.g14401.t1	A
anno1.g355.t1	A	anno1.g14400.t2	A
anno1.g359.t2	A	anno1.g12690.t2	A
anno1.g360.t1	A	anno1.g12691.t2	A
anno1.g361.t1	A	anno1.g12692.t1	A
anno1.g362.t2	A	anno1.g12693.t3	A
anno1.g364.t1	A	anno1.g12697.t1	A
anno1.g365.t1	A	anno1.g12698.t1	A
anno1.g366.t1	A	anno1.g12699.t1	A
anno1.g367.t1	A	anno1.g12700.t1	A
anno1.g368.t1	A	anno1.g12701.t1	A
anno1.g369.t1	A	anno1.g12703.t1	A
anno1.g370.t1	A	anno1.g12704.t1	A
anno1.g371.t1	A	anno1.g12705.t1	A
anno1.g374.t1	A	anno1.g12706.t1	A
anno1.g375.t1	A	anno1.g12707.t1	A
anno1.g376.t1	A	anno1.g12708.t1	A
anno1.g378.t1	A	anno1.g12709.t1	A
anno1.g379.t1	A	anno1.g12711.t1	A
anno1.g381.t1	A	anno1.g12712.t1	A
anno1.g382.t1	A	anno1.g12713.t1	A
anno1.g383.t1	A	anno1.g12714.t1	A
anno1.g384.t1	A	anno1.g12715.t1	A
anno1.g385.t2	A	anno1.g12716.t2	A
anno1.g386.t1	A	anno1.g12717.t1	A
anno1.g387.t1	A	anno1.g12718.t1	A
anno1.g388.t1	A	anno1.g12719.t1	A
anno1.g389.t1	A	anno1.g12720.t2	A
anno1.g391.t1	A	anno1.g12721.t1	A
anno1.g392.t1	A	anno1.g12722.t1	A
anno1.g395.t2	A	anno1.g12724.t3	A
anno1.g396.t1	A	anno1.g12725.t1	A
anno1.g397.t1	A	anno1.g12728.t1	A
anno1.g398.t1	A	anno1.g12729.t1	A
anno1.g399.t1	A	anno1.g12730.t1	A
anno1.g400.t1	A	anno1.g12731.t3	A
anno1.g401.t3	A	anno1.g12732.t2	A
anno1.g402.t1	A	anno1.g12734.t1	A
anno1.g403.t1	A	anno1.g12735.t1	A
anno1.g404.t2	A	anno1.g12736.t2	A
anno1.g405.t1	A	anno1.g12737.t1	A
anno1.g406.t2	A	anno1.g12738.t1	A
anno1.g407.t1	A	anno1.g12739.t1	A
anno1.g408.t1	A	anno1.g12740.t1	A
anno1.g409.t1	A	anno1.g12742.t3	A
anno1.g410.t1	A	anno1.g12743.t1	A
anno1.g411.t1	A	anno1.g12744.t1	A
anno1.g412.t1	A	anno1.g12745.t2	A
anno1.g413.t1	A	anno1.g12746.t1	A
anno1.g415.t1	A	anno1.g12747.t1	A
anno1.g416.t2	A	anno1.g12748.t1	A
anno1.g417.t1	A	anno1.g12749.t1	A
anno1.g418.t1	A	anno1.g12750.t1	A
anno1.g419.t1	A	anno1.g12751.t1	A
anno1.g420.t1	A	anno1.g12752.t1	A
anno1.g421.t1	A	anno1.g12753.t2	A
anno1.g422.t1	A	anno1.g12754.t1	A
anno1.g423.t3	A	anno1.g12755.t2	A
anno1.g425.t2	A	anno1.g12756.t1	A
anno1.g426.t2	A	anno1.g12758.t2	A
anno1.g427.t1	A	anno1.g12760.t1	A
anno1.g429.t1	A	anno1.g12761.t1	A
anno1.g430.t2	A	anno1.g12763.t1	A
anno1.g431.t1	A	anno1.g12764.t1	A
anno1.g432.t1	A	anno1.g12765.t2	A
anno1.g433.t1	A	anno1.g12767.t2	A
anno1.g434.t2	A	anno1.g12768.t1	A
anno1.g435.t1	A	anno1.g12769.t1	A
anno1.g441.t1	A	anno1.g12770.t1	A
anno1.g442.t1	A	anno1.g12771.t2	A
anno1.g443.t2	A	anno1.g12772.t2	A
anno1.g445.t1	A	anno1.g12775.t1	A
anno1.g446.t1	A	anno1.g12776.t1	A
anno1.g447.t1	A	anno1.g12777.t3	A
anno1.g448.t1	A	anno1.g12778.t1	A
anno1.g449.t1	A	anno1.g12779.t1	A
anno1.g450.t1	A	anno1.g12780.t1	A
anno1.g451.t1	A	anno1.g12781.t1	A
anno1.g452.t1	A	anno1.g12782.t1	A
anno1.g453.t1	A	anno1.g12783.t2	A
anno1.g454.t1	A	anno1.g12786.t1	A
anno1.g455.t1	A	anno1.g12796.t1	A
anno1.g456.t1	A	anno1.g12798.t1	A
anno1.g457.t1	A	anno1.g12800.t1	A
anno1.g458.t1	A	anno1.g12801.t1	A
anno1.g459.t1	A	anno1.g12802.t1	A
anno1.g460.t1	A	anno1.g12804.t1	A
anno1.g461.t1	A	anno1.g12805.t1	A
anno1.g462.t1	A	anno1.g12806.t1	A
anno1.g463.t1	A	anno1.g12807.t1	A
anno1.g464.t2	A	anno1.g12808.t2	A
anno1.g465.t1	A	anno1.g12809.t1	A
anno1.g466.t1	A	anno1.g12810.t1	A
anno1.g467.t1	A	anno1.g146.t2	A
anno1.g472.t1	A	anno1.g12816.t1	A
anno1.g473.t1	A	anno1.g12817.t2	A
anno1.g474.t3	A	anno1.g12818.t2	A
anno1.g475.t4	A	anno1.g12819.t4	A
anno1.g476.t1	A	anno1.g12820.t1	A
anno1.g477.t3	A	anno1.g12821.t1	A
anno1.g478.t2	A	anno1.g12822.t1	A
anno1.g479.t1	A	anno1.g13040.t2	A
anno1.g480.t1	A	anno1.g13039.t1	A
anno1.g481.t1	A	anno1.g13038.t1	A
anno1.g482.t1	A	anno1.g13037.t1	A
anno1.g483.t2	A	anno1.g13036.t2	A
anno1.g484.t1	A	anno1.g13035.t1	A
anno1.g485.t1	A	anno1.g13032.t1	A
anno1.g486.t1	A	anno1.g13033.t1	A
anno1.g487.t1	A	anno1.g13034.t1	A
anno1.g488.t1	A	anno1.g13030.t1	A
anno1.g489.t1	A	anno1.g13029.t1	A
anno1.g490.t1	A	anno1.g13025.t1	A
anno1.g492.t1	A	anno1.g13024.t1	A
anno1.g493.t1	A	anno1.g13023.t1	A
anno1.g494.t2	A	anno1.g13022.t1	A
anno1.g495.t1	A	anno1.g13021.t1	A
anno1.g496.t1	A	anno1.g13020.t1	A
anno1.g497.t1	A	anno1.g13019.t1	A
anno1.g498.t1	A	anno1.g13018.t1	A
anno1.g499.t1	A	anno1.g13016.t1	A
anno1.g500.t2	A	anno1.g13015.t2	A
anno1.g501.t1	A	anno1.g13014.t1	A
anno1.g503.t1	A	anno1.g13013.t1	A
anno1.g505.t1	A	anno1.g12360.t1	A
anno1.g506.t2	A	anno1.g12359.t1	A
anno1.g507.t1	A	anno1.g12358.t1	A
anno1.g509.t1	A	anno1.g12357.t1	A
anno1.g510.t1	A	anno1.g3330.t1	A
anno1.g511.t1	A	anno1.g12355.t1	A
anno1.g513.t1	A	anno1.g12354.t1	A
anno1.g514.t1	A	anno1.g12353.t1	A
anno1.g515.t1	A	anno1.g12351.t3	A
anno1.g516.t1	A	anno1.g12349.t1	A
anno1.g517.t1	A	anno1.g12348.t1	A
anno1.g518.t1	A	anno1.g12347.t1	A
anno1.g519.t1	A	anno1.g12346.t1	A
anno1.g520.t1	A	anno1.g12345.t1	A
anno1.g521.t1	A	anno1.g12344.t2	A
anno1.g522.t1	A	anno1.g12343.t1	A
anno1.g523.t1	A	anno1.g12342.t1	A
anno1.g524.t1	A	anno1.g12341.t1	A
anno1.g525.t1	A	anno1.g12340.t1	A
anno1.g526.t1	A	anno1.g12339.t1	A
anno1.g527.t1	A	anno1.g12338.t1	A
anno1.g528.t1	A	anno1.g12337.t1	A
anno1.g530.t1	A	anno1.g12336.t1	A
anno1.g531.t1	A	anno1.g12335.t1	A
anno1.g532.t2	A	anno1.g12333.t2	A
anno1.g533.t1	A	anno1.g12332.t1	A
anno1.g534.t1	A	anno1.g12329.t1	A
anno1.g536.t1	A	anno1.g12328.t1	A
anno1.g537.t1	A	anno1.g12327.t1	A
anno1.g538.t1	A	anno1.g12326.t1	A
anno1.g539.t1	A	anno1.g12325.t1	A
anno1.g540.t1	A	anno1.g12324.t1	A
anno1.g541.t1	A	anno1.g12323.t1	A
anno1.g542.t1	A	anno1.g14718.t1	A
anno1.g543.t1	A	anno1.g12321.t1	A
anno1.g544.t1	A	anno1.g12320.t1	A
anno1.g545.t1	A	anno1.g12319.t1	A
anno1.g546.t1	A	anno1.g12318.t1	A
anno1.g548.t1	A	anno1.g12317.t1	A
anno1.g549.t1	A	anno1.g12316.t1	A
anno1.g550.t1	A	anno1.g12315.t1	A
anno1.g552.t1	A	anno1.g4265.t1	A
anno1.g553.t1	A	anno1.g12314.t1	A
anno1.g554.t1	A	anno1.g12313.t1	A
anno1.g555.t1	A	anno1.g12311.t3	A
anno1.g557.t1	A	anno1.g12308.t1	A
anno1.g563.t2	A	anno1.g12306.t3	A
anno1.g564.t3	A	anno1.g12305.t2	A
anno1.g565.t1	A	anno1.g12304.t1	A
anno1.g566.t1	A	anno1.g12303.t1	A
anno1.g567.t1	A	anno1.g12302.t1	A
anno1.g568.t1	A	anno1.g12301.t1	A
anno1.g569.t1	A	anno1.g12300.t1	A
anno1.g570.t1	A	anno1.g12299.t1	A
anno1.g571.t1	A	anno1.g12298.t3	A
anno1.g572.t1	A	anno1.g12297.t1	A
anno1.g573.t1	A	anno1.g12296.t1	A
anno1.g574.t1	A	anno1.g12292.t1	A
anno1.g575.t1	A	anno1.g12291.t2	A
anno1.g576.t1	A	anno1.g12290.t1	A
anno1.g577.t1	A	anno1.g12289.t1	A
anno1.g581.t1	A	anno1.g12242.t1	A
anno1.g587.t1	A	anno1.g13085.t1	A
anno1.g591.t1	A	anno1.g12228.t1	A
anno1.g592.t1	A	anno1.g12226.t1	A
anno1.g593.t1	A	anno1.g12224.t1	A
anno1.g594.t1	A	anno1.g12223.t1	A
anno1.g595.t4	A	anno1.g12222.t1	A
anno1.g596.t1	A	anno1.g12221.t1	A
anno1.g597.t2	A	anno1.g12215.t1	A
anno1.g598.t1	A	anno1.g12216.t2	A
anno1.g599.t1	A	anno1.g12217.t1	A
anno1.g600.t2	A	anno1.g12218.t1	A
anno1.g601.t1	A	anno1.g12219.t1	A
anno1.g605.t1	A	anno1.g12210.t2	A
anno1.g606.t1	A	anno1.g12209.t2	A
anno1.g609.t1	A	anno1.g12208.t1	A
anno1.g610.t3	A	anno1.g12207.t2	A
anno1.g611.t1	A	anno1.g12206.t1	A
anno1.g612.t1	A	anno1.g12205.t1	A
anno1.g613.t1	A	anno1.g6729.t1	A
anno1.g616.t2	A	anno1.g12200.t2	A
anno1.g617.t1	A	anno1.g12199.t1	A
anno1.g618.t1	A	anno1.g12198.t1	A
anno1.g619.t1	A	anno1.g12185.t1	A
anno1.g620.t1	A	anno1.g12184.t1	A
anno1.g621.t1	A	anno1.g12132.t1	A
anno1.g622.t1	A	anno1.g12136.t1	A
anno1.g624.t1	A	anno1.g12133.t2	A
anno1.g625.t1	A	anno1.g12134.t1	A
anno1.g629.t1	A	anno1.g11949.t1	A
anno1.g630.t1	A	anno1.g11987.t1	A
anno1.g632.t2	A	anno1.g11988.t1	A
anno1.g633.t1	A	anno1.g11981.t1	A
anno1.g634.t1	A	anno1.g11978.t1	A
anno1.g635.t1	A	anno1.g11977.t1	A
anno1.g640.t1	A	anno1.g11973.t1	A
anno1.g643.t1	A	anno1.g12001.t1	A
anno1.g645.t1	A	anno1.g12022.t1	A
anno1.g646.t1	A	anno1.g12023.t1	A
anno1.g647.t1	A	anno1.g12024.t1	A
anno1.g648.t1	A	anno1.g12025.t1	A
anno1.g649.t1	A	anno1.g12026.t1	A
anno1.g650.t1	A	anno1.g12027.t1	A
anno1.g651.t1	A	anno1.g12028.t2	A
anno1.g652.t1	A	anno1.g12029.t2	A
anno1.g653.t1	A	anno1.g12030.t1	A
anno1.g654.t1	A	anno1.g12031.t1	A
anno1.g655.t1	A	anno1.g12032.t1	A
anno1.g656.t1	A	anno1.g12033.t1	A
anno1.g657.t1	A	anno1.g12034.t1	A
anno1.g658.t1	A	anno1.g12035.t1	A
anno1.g660.t1	A	anno1.g12056.t1	A
anno1.g661.t1	A	anno1.g12057.t1	A
anno1.g662.t1	A	anno1.g12058.t1	A
anno1.g663.t1	A	anno1.g12059.t1	A
anno1.g664.t1	A	anno1.g12064.t1	A
anno1.g665.t1	A	anno1.g12065.t1	A
anno1.g669.t1	A	anno1.g12066.t1	A
anno1.g675.t1	A	anno1.g12067.t1	A
anno1.g676.t1	A	anno1.g12068.t1	A
anno1.g677.t1	A	anno1.g12071.t2	A
anno1.g678.t1	A	anno1.g12072.t1	A
anno1.g680.t1	A	anno1.g12073.t1	A
anno1.g681.t2	A	anno1.g12074.t2	A
anno1.g682.t1	A	anno1.g12075.t1	A
anno1.g683.t1	A	anno1.g12076.t1	A
anno1.g684.t1	A	anno1.g12086.t1	A
anno1.g685.t2	A	anno1.g12080.t1	A
anno1.g686.t1	A	anno1.g12092.t1	A
anno1.g687.t1	A	anno1.g12093.t1	A
anno1.g688.t2	A	anno1.g12094.t1	A
anno1.g689.t1	A	anno1.g12095.t1	A
anno1.g690.t2	A	anno1.g12096.t2	A
anno1.g691.t1	A	anno1.g12089.t1	A
anno1.g692.t1	A	anno1.g12106.t1	A
anno1.g693.t1	A	anno1.g12116.t1	A
anno1.g694.t1	A	anno1.g12117.t1	A
anno1.g695.t1	A	anno1.g12120.t1	A
anno1.g696.t1	A	anno1.g12121.t1	A
anno1.g697.t1	A	anno1.g12122.t1	A
anno1.g699.t2	A	anno1.g12123.t2	A
anno1.g700.t1	A	anno1.g12126.t1	A
anno1.g702.t1	A	anno1.g12181.t2	A
anno1.g703.t1	A	anno1.g12178.t1	A
anno1.g704.t1	A	anno1.g12174.t1	A
anno1.g705.t1	A	anno1.g12173.t1	A
anno1.g706.t1	A	anno1.g12172.t1	A
anno1.g707.t1	A	anno1.g12171.t1	A
anno1.g708.t1	A	anno1.g12170.t1	A
anno1.g709.t2	A	anno1.g12169.t3	A
anno1.g710.t1	A	anno1.g12166.t1	A
anno1.g711.t1	A	anno1.g12165.t1	A
anno1.g712.t1	A	anno1.g12164.t1	A
anno1.g713.t1	A	anno1.g12162.t1	A
anno1.g714.t1	A	anno1.g12163.t1	A
anno1.g715.t1	A	anno1.g12158.t1	A
anno1.g717.t1	A	anno1.g13481.t1	A
anno1.g722.t1	A	anno1.g12143.t1	A
anno1.g723.t1	A	anno1.g12142.t1	A
anno1.g724.t1	A	anno1.g12141.t1	A
anno1.g725.t2	A	anno1.g11948.t1	A
anno1.g726.t1	A	anno1.g11947.t1	A
anno1.g727.t1	A	anno1.g11946.t1	A
anno1.g728.t1	A	anno1.g11944.t1	A
anno1.g729.t1	A	anno1.g11943.t1	A
anno1.g730.t1	A	anno1.g11942.t2	A
anno1.g733.t1	A	anno1.g11939.t1	A
anno1.g734.t1	A	anno1.g11938.t1	A
anno1.g735.t1	A	anno1.g11936.t1	A
anno1.g736.t1	A	anno1.g11935.t1	A
anno1.g737.t1	A	anno1.g11934.t1	A
anno1.g738.t2	A	anno1.g11933.t2	A
anno1.g741.t1	A	anno1.g11931.t1	A
anno1.g742.t4	A	anno1.g11930.t2	A
anno1.g743.t1	A	anno1.g11927.t1	A
anno1.g744.t1	A	anno1.g11926.t1	A
anno1.g745.t1	A	anno1.g11925.t1	A
anno1.g746.t1	A	anno1.g11924.t1	A
anno1.g747.t1	A	anno1.g14196.t1	A
anno1.g748.t1	A	anno1.g13333.t1	A
anno1.g749.t1	A	anno1.g13332.t1	A
anno1.g750.t1	A	anno1.g13331.t1	A
anno1.g751.t1	A	anno1.g14157.t1	A
anno1.g752.t1	A	anno1.g14156.t2	A
anno1.g753.t1	A	anno1.g14155.t1	A
anno1.g754.t1	A	anno1.g14154.t2	A
anno1.g755.t2	A	anno1.g14153.t1	A
anno1.g756.t1	A	anno1.g14152.t1	A
anno1.g759.t1	A	anno1.g14145.t1	A
anno1.g760.t1	A	anno1.g14143.t1	A
anno1.g761.t1	A	anno1.g14141.t1	A
anno1.g762.t1	A	anno1.g14140.t1	A
anno1.g763.t1	A	anno1.g14139.t2	A
anno1.g764.t1	A	anno1.g14130.t1	A
anno1.g765.t2	A	anno1.g14137.t2	A
anno1.g766.t1	A	anno1.g14136.t1	A
anno1.g767.t2	A	anno1.g14135.t1	A
anno1.g768.t1	A	anno1.g14134.t1	A
anno1.g769.t1	A	anno1.g14133.t1	A
anno1.g771.t1	A	anno1.g14127.t2	A
anno1.g772.t1	A	anno1.g14126.t1	A
anno1.g773.t2	A	anno1.g14124.t2	A
anno1.g774.t1	A	anno1.g14273.t1	A
anno1.g777.t1	A	anno1.g14272.t1	A
anno1.g778.t1	A	anno1.g14271.t1	A
anno1.g779.t1	A	anno1.g14270.t1	A
anno1.g780.t1	A	anno1.g14269.t1	A
anno1.g781.t1	A	anno1.g14268.t1	A
anno1.g782.t1	A	anno1.g9690.t1	A
anno1.g788.t2	A	anno1.g14266.t2	A
anno1.g789.t1	A	anno1.g14265.t1	A
anno1.g790.t1	A	anno1.g14264.t1	A
anno1.g791.t1	A	anno1.g14263.t1	A
anno1.g792.t1	A	anno1.g14262.t1	A
anno1.g793.t1	A	anno1.g14261.t1	A
anno1.g794.t1	A	anno1.g14256.t1	A
anno1.g795.t1	A	anno1.g14255.t1	A
anno1.g796.t1	A	anno1.g14254.t1	A
anno1.g797.t1	A	anno1.g14835.t1	A
anno1.g798.t2	A	anno1.g14253.t1	A
anno1.g801.t1	A	anno1.g14225.t1	A
anno1.g802.t1	A	anno1.g14226.t1	A
anno1.g803.t1	A	anno1.g9805.t1	A
anno1.g804.t1	A	anno1.g14228.t1	A
anno1.g805.t1	A	anno1.g14229.t1	A
anno1.g806.t2	A	anno1.g14230.t1	A
anno1.g807.t1	A	anno1.g14231.t1	A
anno1.g808.t1	A	anno1.g14235.t1	A
anno1.g809.t1	A	anno1.g14249.t4	A
anno1.g810.t2	A	anno1.g14247.t1	A
anno1.g811.t1	A	anno1.g14246.t2	A
anno1.g812.t1	A	anno1.g14238.t2	A
anno1.g813.t1	A	anno1.g14237.t1	A
anno1.g814.t1	A	anno1.g14236.t1	A
anno1.g815.t1	A	anno1.g14202.t1	A
anno1.g818.t1	A	anno1.g14309.t1	A
anno1.g819.t1	A	anno1.g1049.t1	A
anno1.g822.t1	A	anno1.g14308.t1	A
anno1.g824.t3	A	anno1.g14205.t2	A
anno1.g825.t1	A	anno1.g14204.t1	A
anno1.g826.t2	A	anno1.g14203.t1	A
anno1.g827.t1	A	anno1.g12395.t2	A
anno1.g828.t1	A	anno1.g12396.t1	A
anno1.g829.t4	A	anno1.g12397.t4	A
anno1.g831.t1	A	anno1.g12398.t1	A
anno1.g834.t1	A	anno1.g12400.t1	A
anno1.g835.t2	A	anno1.g12401.t1	A
anno1.g836.t1	A	anno1.g12402.t1	A
anno1.g837.t1	A	anno1.g12403.t1	A
anno1.g838.t1	A	anno1.g12404.t1	A
anno1.g839.t1	A	anno1.g12406.t2	A
anno1.g840.t1	A	anno1.g12407.t1	A
anno1.g841.t1	A	anno1.g12408.t1	A
anno1.g842.t1	A	anno1.g12412.t1	A
anno1.g843.t2	A	anno1.g12413.t2	A
anno1.g844.t1	A	anno1.g12416.t1	A
anno1.g846.t1	A	anno1.g12417.t1	A
anno1.g847.t1	A	anno1.g12422.t1	A
anno1.g850.t1	A	anno1.g12429.t1	A
anno1.g853.t1	A	anno1.g12458.t1	A
anno1.g854.t1	A	anno1.g12457.t1	A
anno1.g855.t1	A	anno1.g12456.t1	A
anno1.g856.t1	A	anno1.g12455.t1	A
anno1.g857.t1	A	anno1.g12454.t1	A
anno1.g858.t1	A	anno1.g12453.t1	A
anno1.g859.t1	A	anno1.g12452.t1	A
anno1.g861.t1	A	anno1.g8608.t1	A
anno1.g862.t1	A	anno1.g12460.t1	A
anno1.g863.t1	A	anno1.g12461.t1	A
anno1.g864.t1	A	anno1.g12462.t1	A
anno1.g865.t1	A	anno1.g12463.t1	A
anno1.g866.t1	A	anno1.g12464.t1	A
anno1.g868.t1	A	anno1.g12465.t1	A
anno1.g869.t1	A	anno1.g12466.t1	A
anno1.g870.t1	A	anno1.g12467.t1	A
anno1.g871.t1	A	anno1.g12468.t1	A
anno1.g872.t1	A	anno1.g5106.t1	A
anno1.g873.t1	A	anno1.g12469.t1	A
anno1.g874.t1	A	anno1.g12470.t1	A
anno1.g875.t1	A	anno1.g12471.t1	A
anno1.g876.t1	A	anno1.g12472.t1	A
anno1.g878.t1	A	anno1.g12473.t1	A
anno1.g879.t1	A	anno1.g12475.t2	A
anno1.g880.t1	A	anno1.g12476.t2	A
anno1.g881.t1	A	anno1.g12477.t1	A
anno1.g882.t1	A	anno1.g12478.t1	A
anno1.g883.t1	A	anno1.g12479.t1	A
anno1.g884.t1	A	anno1.g12480.t1	A
anno1.g885.t1	A	anno1.g12418.t1	A
anno1.g886.t1	A	anno1.g12482.t1	A
anno1.g887.t1	A	anno1.g12449.t1	A
anno1.g889.t1	A	anno1.g12447.t1	A
anno1.g890.t1	A	anno1.g12446.t1	A
anno1.g891.t1	A	anno1.g12445.t3	A
anno1.g892.t1	A	anno1.g12442.t2	A
anno1.g893.t1	A	anno1.g12443.t1	A
anno1.g894.t1	A	anno1.g12444.t1	A
anno1.g895.t1	A	anno1.g11919.t1	A
anno1.g896.t1	A	anno1.g12441.t1	A
anno1.g897.t1	A	anno1.g12440.t1	A
anno1.g902.t1	A	anno1.g12439.t1	A
anno1.g903.t1	A	anno1.g6652.t1	A
anno1.g904.t1	A	anno1.g12437.t1	A
anno1.g905.t1	A	anno1.g12436.t1	A
anno1.g907.t1	A	anno1.g12432.t1	A
anno1.g908.t1	A	anno1.g12431.t1	A
anno1.g909.t2	A	anno1.g12281.t1	A
anno1.g910.t1	A	anno1.g12280.t1	A
anno1.g911.t1	A	anno1.g12278.t2	A
anno1.g912.t1	A	anno1.g12277.t1	A
anno1.g913.t1	A	anno1.g12276.t1	A
anno1.g914.t1	A	anno1.g12275.t1	A
anno1.g915.t1	A	anno1.g12274.t1	A
anno1.g916.t1	A	anno1.g12273.t1	A
anno1.g917.t1	A	anno1.g12272.t1	A
anno1.g918.t1	A	anno1.g12271.t1	A
anno1.g919.t1	A	anno1.g12270.t1	A
anno1.g920.t1	A	anno1.g12268.t1	A
anno1.g921.t1	A	anno1.g12267.t1	A
anno1.g922.t2	A	anno1.g12266.t3	A
anno1.g923.t1	A	anno1.g12265.t1	A
anno1.g925.t1	A	anno1.g12249.t1	A
anno1.g926.t2	A	anno1.g12247.t1	A
anno1.g930.t1	A	anno1.g7276.t1	A
anno1.g931.t2	A	anno1.g4363.t1	A
anno1.g934.t1	A	anno1.g12487.t1	A
anno1.g937.t1	A	anno1.g14644.t1	A
anno1.g940.t1	A	anno1.g12485.t1	A
anno1.g942.t1	A	anno1.g1163.t3	A
anno1.g943.t1	A	anno1.g12483.t2	A
anno1.g944.t1	A	anno1.g12488.t1	A
anno1.g945.t1	A	anno1.g12489.t1	A
anno1.g947.t1	A	anno1.g12492.t1	A
anno1.g948.t1	A	anno1.g12493.t1	A
anno1.g949.t1	A	anno1.g12494.t1	A
anno1.g950.t1	A	anno1.g12070.t1	A
anno1.g953.t1	A	anno1.g12509.t2	A
anno1.g954.t1	A	anno1.g12510.t1	A
anno1.g955.t1	A	anno1.g12511.t2	A
anno1.g956.t1	A	anno1.g12512.t1	A
anno1.g957.t1	A	anno1.g12513.t1	A
anno1.g958.t2	A	anno1.g12514.t1	A
anno1.g959.t1	A	anno1.g12515.t1	A
anno1.g960.t1	A	anno1.g12516.t1	A
anno1.g961.t1	A	anno1.g12517.t1	A
anno1.g962.t1	A	anno1.g12506.t1	A
anno1.g963.t1	A	anno1.g12519.t1	A
anno1.g964.t2	A	anno1.g12503.t1	A
anno1.g965.t1	A	anno1.g12502.t1	A
anno1.g966.t1	A	anno1.g12501.t1	A
anno1.g968.t1	A	anno1.g12500.t1	A
anno1.g969.t2	A	anno1.g12523.t1	A
anno1.g971.t1	A	anno1.g1012.t1	A
anno1.g972.t1	A	anno1.g3102.t1	A
anno1.g973.t1	A	anno1.g12525.t2	A
anno1.g974.t1	A	anno1.g12526.t1	A
anno1.g975.t1	A	anno1.g12529.t1	A
anno1.g976.t1	A	anno1.g12530.t1	A
anno1.g977.t1	A	anno1.g12533.t1	A
anno1.g978.t1	A	anno1.g12532.t1	A
anno1.g979.t1	A	anno1.g12531.t1	A
anno1.g980.t1	A	anno1.g12535.t1	A
anno1.g981.t1	A	anno1.g12536.t1	A
anno1.g983.t1	A	anno1.g12537.t1	A
anno1.g985.t1	A	anno1.g12540.t1	A
anno1.g986.t1	A	anno1.g12541.t1	A
anno1.g988.t1	A	anno1.g12543.t1	A
anno1.g989.t1	A	anno1.g12544.t1	A
anno1.g990.t1	A	anno1.g12545.t1	A
anno1.g991.t1	A	anno1.g12546.t1	A
anno1.g992.t1	A	anno1.g12548.t1	A
anno1.g996.t1	A	anno1.g12553.t1	A
anno1.g997.t1	A	anno1.g12554.t1	A
anno1.g998.t1	A	anno1.g12555.t1	A
anno1.g999.t1	A	anno1.g12556.t1	A
anno1.g1000.t1	A	anno1.g12557.t1	A
anno1.g1002.t1	A	anno1.g12563.t1	A
anno1.g1003.t1	A	anno1.g12564.t1	A
anno1.g1004.t2	A	anno1.g12565.t1	A
anno1.g1006.t1	A	anno1.g12566.t1	A
anno1.g1007.t2	A	anno1.g12567.t1	A
anno1.g1008.t1	A	anno1.g12568.t1	A
anno1.g1009.t1	A	anno1.g12570.t1	A
anno1.g1010.t1	A	anno1.g12572.t2	A
anno1.g1012.t1	A	anno1.g11832.t1	A
anno1.g1013.t1	A	anno1.g12573.t1	A
anno1.g1014.t1	A	anno1.g12574.t1	A
anno1.g1016.t1	A	anno1.g12582.t1	A
anno1.g1018.t1	A	anno1.g9233.t1	A
anno1.g1021.t1	A	anno1.g12579.t1	A
anno1.g1022.t1	A	anno1.g14182.t1	A
anno1.g1024.t1	A	anno1.g12598.t1	A
anno1.g1025.t1	A	anno1.g12597.t1	A
anno1.g1026.t1	A	anno1.g12596.t1	A
anno1.g1027.t1	A	anno1.g12595.t1	A
anno1.g1028.t1	A	anno1.g12594.t1	A
anno1.g1029.t1	A	anno1.g12593.t2	A
anno1.g1030.t1	A	anno1.g12592.t1	A
anno1.g1031.t1	A	anno1.g12591.t1	A
anno1.g1032.t1	A	anno1.g12601.t1	A
anno1.g1035.t1	A	anno1.g11553.t1	A
anno1.g1036.t1	A	anno1.g12604.t1	A
anno1.g1037.t1	A	anno1.g12605.t1	A
anno1.g1038.t1	A	anno1.g12606.t1	A
anno1.g1039.t3	A	anno1.g12613.t7	A
anno1.g1041.t1	A	anno1.g12612.t1	A
anno1.g1043.t1	A	anno1.g12611.t1	A
anno1.g1044.t1	A	anno1.g12610.t1	A
anno1.g1045.t1	A	anno1.g12608.t1	A
anno1.g1046.t1	A	anno1.g14454.t1	A
anno1.g1047.t1	A	anno1.g14453.t1	A
anno1.g1048.t1	A	anno1.g9742.t1	A
anno1.g1049.t1	A	anno1.g14452.t1	A
anno1.g1050.t2	A	anno1.g12625.t1	A
anno1.g1052.t1	A	anno1.g12627.t1	A
anno1.g1053.t1	A	anno1.g14450.t2	A
anno1.g1054.t1	A	anno1.g12629.t1	A
anno1.g1055.t1	A	anno1.g12630.t1	A
anno1.g1056.t1	A	anno1.g12631.t1	A
anno1.g1057.t1	A	anno1.g12632.t1	A
anno1.g1058.t1	A	anno1.g12633.t1	A
anno1.g1059.t1	A	anno1.g12634.t1	A
anno1.g1060.t1	A	anno1.g12635.t1	A
anno1.g1061.t1	A	anno1.g12636.t1	A
anno1.g1064.t1	A	anno1.g12638.t1	A
anno1.g1065.t1	A	anno1.g12639.t1	A
anno1.g1067.t1	A	anno1.g12641.t1	A
anno1.g1069.t2	A	anno1.g12645.t1	A
anno1.g1070.t1	A	anno1.g12646.t2	A
anno1.g1071.t1	A	anno1.g12647.t1	A
anno1.g1079.t1	A	anno1.g12650.t1	A
anno1.g1082.t1	A	anno1.g12654.t1	A
anno1.g1083.t1	A	anno1.g12655.t1	A
anno1.g1084.t1	A	anno1.g12657.t1	A
anno1.g1085.t1	A	anno1.g3352.t1	A
anno1.g1086.t1	A	anno1.g12664.t1	A
anno1.g1090.t1	A	anno1.g12672.t1	A
anno1.g1095.t1	A	anno1.g14432.t1	A
anno1.g1096.t2	A	anno1.g14433.t1	A
anno1.g1098.t2	A	anno1.g14434.t1	A
anno1.g1099.t1	A	anno1.g14291.t1	A
anno1.g1100.t1	A	anno1.g14295.t2	A
anno1.g1101.t1	A	anno1.g14290.t1	A
anno1.g1102.t1	A	anno1.g14250.t1	A
anno1.g1108.t2	A	anno1.g14213.t1	A
anno1.g1109.t1	A	anno1.g8185.t1	A
anno1.g1110.t1	A	anno1.g11881.t1	A
anno1.g1111.t1	A	anno1.g11879.t1	A
anno1.g1112.t1	A	anno1.g11876.t1	A
anno1.g1113.t2	A	anno1.g11869.t1	A
anno1.g1114.t1	A	anno1.g11872.t1	A
anno1.g1117.t1	A	anno1.g13904.t1	A
anno1.g1120.t2	A	anno1.g14820.t1	A
anno1.g1121.t1	A	anno1.g11863.t1	A
anno1.g1129.t1	A	anno1.g6316.t1	A
anno1.g1133.t2	A	anno1.g575.t1	A
anno1.g1134.t2	A	anno1.g2663.t1	A
anno1.g1137.t1	A	anno1.g6818.t1	A
anno1.g1155.t1	A	anno1.g11887.t1	A
anno1.g1159.t1	A	anno1.g13134.t1	A
anno1.g1161.t2	A	anno1.g13161.t1	A
anno1.g1162.t1	A	anno1.g13163.t2	A
anno1.g1164.t1	A	anno1.g13162.t1	A
anno1.g1166.t1	A	anno1.g13171.t1	A
anno1.g1169.t1	A	anno1.g13168.t1	A
anno1.g1171.t1	A	anno1.g13167.t1	A
anno1.g1172.t1	A	anno1.g13169.t1	A
anno1.g1173.t1	A	anno1.g13175.t1	A
anno1.g1174.t1	A	anno1.g13176.t1	A
anno1.g1175.t1	A	anno1.g13158.t1	A
anno1.g1176.t1	A	anno1.g5669.t1	A
anno1.g1177.t1	A	anno1.g13179.t1	A
anno1.g1178.t1	A	anno1.g13180.t1	A
anno1.g1179.t1	A	anno1.g13181.t1	A
anno1.g1180.t1	A	anno1.g13182.t1	A
anno1.g1181.t1	A	anno1.g13183.t1	A
anno1.g1182.t1	A	anno1.g13184.t1	A
anno1.g1183.t1	A	anno1.g13185.t1	A
anno1.g1184.t1	A	anno1.g13186.t1	A
anno1.g1186.t1	A	anno1.g13188.t1	A
anno1.g1187.t1	A	anno1.g13191.t1	A
anno1.g1188.t1	A	anno1.g13190.t1	A
anno1.g1189.t1	A	anno1.g13189.t1	A
anno1.g1191.t1	A	anno1.g13341.t1	A
anno1.g1192.t1	A	anno1.g13342.t1	A
anno1.g1193.t1	A	anno1.both_agree_g316.t1	A
anno1.g1194.t1	A	anno1.g13337.t6	A
anno1.g1195.t1	A	anno1.g13336.t1	A
anno1.g1196.t1	A	anno1.g13334.t1	A
anno1.g1197.t1	A	anno1.g13906.t2	A
anno1.g1198.t1	A	anno1.g13907.t1	A
anno1.g1199.t1	A	anno1.g13909.t1	A
anno1.g1200.t2	A	anno1.g13910.t1	A
anno1.g1201.t1	A	anno1.g13911.t1	A
anno1.g1202.t1	A	anno1.g13912.t1	A
anno1.g1203.t1	A	anno1.g13913.t1	A
anno1.g1204.t1	A	anno1.g13915.t1	A
anno1.g1205.t1	A	anno1.g13916.t1	A
anno1.g1206.t1	A	anno1.g13917.t2	A
anno1.g1207.t1	A	anno1.g13918.t1	A
anno1.g1208.t1	A	anno1.g13872.t1	A
anno1.g1209.t1	A	anno1.g13902.t1	A
anno1.g1212.t1	A	anno1.g13899.t2	A
anno1.g1213.t1	A	anno1.g13878.t1	A
anno1.g1214.t1	A	anno1.g13880.t1	A
anno1.g1215.t1	A	anno1.g13881.t1	A
anno1.g1216.t1	A	anno1.g13882.t1	A
anno1.g1217.t1	A	anno1.g13883.t1	A
anno1.g1218.t1	A	anno1.g13884.t1	A
anno1.g1219.t1	A	anno1.g13885.t1	A
anno1.g1223.t1	A	anno1.g13896.t1	A
anno1.g1244.t1	A	anno1.g5561.t1	A
anno1.g1246.t1	A	anno1.g732.t1	A
anno1.g1248.t1	A	anno1.g13973.t1	A
anno1.g1249.t1	A	anno1.g13974.t1	A
anno1.g1256.t1	A	anno1.g13976.t1	A
anno1.g1258.t1	A	anno1.g13977.t1	A
anno1.g1259.t1	A	anno1.g13978.t1	A
anno1.g1260.t1	A	anno1.g3244.t1	A
anno1.g1261.t1	A	anno1.g13979.t1	A
anno1.g1262.t1	A	anno1.g14579.t1	A
anno1.g1264.t1	A	anno1.g1020.t1	A
anno1.g1265.t1	A	anno1.g13980.t1	A
anno1.g1266.t1	A	anno1.g13981.t1	A
anno1.g1267.t1	A	anno1.g13982.t1	A
anno1.g1268.t2	A	anno1.g13983.t2	A
anno1.g1269.t2	A	anno1.g13984.t2	A
anno1.g1270.t1	A	anno1.g13985.t1	A
anno1.g1271.t1	A	anno1.g13986.t1	A
anno1.g1273.t1	A	anno1.g13987.t1	A
anno1.g1274.t1	A	anno1.g13988.t1	A
anno1.g1275.t1	A	anno1.g13989.t1	A
anno1.g1276.t1	A	anno1.g13991.t2	A
anno1.g1277.t1	A	anno1.g5834.t1	A
anno1.g1280.t1	A	anno1.g13996.t1	A
anno1.g1291.t1	A	anno1.g14004.t1	A
anno1.g1300.t3	A	anno1.g13969.t1	A
anno1.g1301.t1	A	anno1.g13968.t1	A
anno1.g1302.t1	A	anno1.g13967.t1	A
anno1.g1303.t1	A	anno1.g13966.t1	A
anno1.g1304.t1	A	anno1.g13965.t1	A
anno1.g1306.t1	A	anno1.g13964.t2	A
anno1.g1307.t1	A	anno1.g11998.t1	A
anno1.g1308.t1	A	anno1.g4415.t1	A
anno1.g1313.t1	A	anno1.g13962.t1	A
anno1.g1314.t1	A	anno1.g13960.t1	A
anno1.g1315.t2	A	anno1.g13959.t2	A
anno1.g1317.t1	A	anno1.g3496.t1	A
anno1.g1318.t1	A	anno1.g13958.t1	A
anno1.g1322.t1	A	anno1.g13957.t1	A
anno1.g1323.t1	A	anno1.g13955.t1	A
anno1.g1324.t1	A	anno1.g13954.t1	A
anno1.g1325.t1	A	anno1.g13953.t2	A
anno1.g1326.t1	A	anno1.g13952.t1	A
anno1.g1327.t1	A	anno1.g13951.t1	A
anno1.g1328.t1	A	anno1.g13950.t1	A
anno1.g1329.t1	A	anno1.g12146.t1	A
anno1.g1331.t1	A	anno1.g13949.t1	A
anno1.g1332.t2	A	anno1.g6943.t2	A
anno1.g1333.t1	A	anno1.g13947.t1	A
anno1.g1335.t1	A	anno1.g13946.t1	A
anno1.g1336.t1	A	anno1.g13945.t4	A
anno1.g1337.t1	A	anno1.g13944.t2	A
anno1.g1338.t1	A	anno1.g13943.t1	A
anno1.g1339.t1	A	anno1.g13942.t1	A
anno1.g1340.t1	A	anno1.g13941.t2	A
anno1.g1341.t1	A	anno1.g13940.t2	A
anno1.g1342.t1	A	anno1.g13733.t2	A
anno1.g1343.t1	A	anno1.g13734.t1	A
anno1.g1344.t1	A	anno1.g13735.t1	A
anno1.g1346.t1	A	anno1.g13737.t1	A
anno1.g1348.t1	A	anno1.g13736.t2	A
anno1.g1349.t2	A	anno1.g13739.t2	A
anno1.g1351.t1	A	anno1.g13741.t1	A
anno1.g1352.t1	A	anno1.g13742.t1	A
anno1.g1353.t1	A	anno1.g13745.t1	A
anno1.g1354.t1	A	anno1.g13746.t1	A
anno1.g1355.t1	A	anno1.g13194.t1	A
anno1.g1356.t1	A	anno1.g13193.t1	A
anno1.g1357.t2	A	anno1.g13130.t1	A
anno1.g1358.t1	A	anno1.g13357.t1	A
anno1.g1359.t1	A	anno1.g13358.t1	A
anno1.g1360.t2	A	anno1.g13352.t2	A
anno1.g1361.t1	A	anno1.g13351.t1	A
anno1.g1362.t2	A	anno1.g13350.t2	A
anno1.g1363.t1	A	anno1.g13349.t1	A
anno1.g1364.t1	A	anno1.g13347.t1	A
anno1.g1365.t3	A	anno1.g13346.t2	A
anno1.g1366.t1	A	anno1.g13345.t2	A
anno1.g1367.t2	A	anno1.g13344.t1	A
anno1.g1368.t1	A	anno1.g1069.t2	A
anno1.g1375.t1	A	anno1.g13166.t1	A
anno1.g1376.t1	A	anno1.g13165.t1	A
anno1.g1377.t1	A	anno1.g13157.t3	A
anno1.g1379.t1	A	anno1.g13156.t1	A
anno1.g1380.t1	A	anno1.g13155.t1	A
anno1.g1381.t1	A	anno1.g13154.t1	A
anno1.g1382.t1	A	anno1.g13153.t1	A
anno1.g1383.t1	A	anno1.g13152.t1	A
anno1.g1385.t1	A	anno1.g6340.t1	A
anno1.g1387.t1	A	anno1.g13149.t1	A
anno1.g1388.t2	A	anno1.g13148.t1	A
anno1.g1390.t1	A	anno1.g13146.t1	A
anno1.g1391.t1	A	anno1.g14550.t3	A
anno1.g1393.t1	A	anno1.g14551.t1	A
anno1.g1395.t1	A	anno1.g13143.t1	A
anno1.g1397.t3	A	anno1.g13142.t1	A
anno1.g1398.t1	A	anno1.g13140.t1	A
anno1.g1399.t1	A	anno1.g13139.t1	A
anno1.g1400.t1	A	anno1.g13138.t1	A
anno1.g1401.t1	A	anno1.g13137.t1	A
anno1.g1403.t1	A	anno1.g13136.t1	A
anno1.g1405.t1	A	anno1.g11883.t1	A
anno1.g1406.t1	A	anno1.g11882.t1	A
anno1.g1407.t4	A	anno1.g11886.t3	A
anno1.g1408.t1	A	anno1.g11843.t1	A
anno1.g1409.t1	A	anno1.g11888.t1	A
anno1.g1410.t1	A	anno1.g11841.t1	A
anno1.g1411.t1	A	anno1.g11892.t1	A
anno1.g1412.t1	A	anno1.g11893.t1	A
anno1.g1413.t2	A	anno1.g11895.t2	A
anno1.g1414.t1	A	anno1.g11896.t1	A
anno1.g1415.t1	A	anno1.g11901.t1	A
anno1.g1416.t2	A	anno1.g11902.t3	A
anno1.g1417.t1	A	anno1.g11903.t1	A
anno1.g1418.t1	A	anno1.g11907.t1	A
anno1.g1419.t1	A	anno1.g14187.t1	A
anno1.g1420.t1	A	anno1.g11910.t1	A
anno1.g1421.t2	A	anno1.g11918.t2	A
anno1.g1422.t1	A	anno1.g14186.t1	A
anno1.g1423.t1	A	anno1.g14185.t1	A
anno1.g1424.t2	A	anno1.g14181.t1	A
anno1.g1427.t1	A	anno1.g14180.t3	A
anno1.g1429.t1	A	anno1.g14178.t1	A
anno1.g1432.t1	A	anno1.g14177.t1	A
anno1.g1433.t1	A	anno1.g14174.t1	A
anno1.g1436.t1	A	anno1.g14163.t2	A
anno1.g1437.t1	A	anno1.g14167.t1	A
anno1.g1439.t1	A	anno1.g14168.t2	A
anno1.g1440.t1	A	anno1.g14169.t1	A
anno1.g1441.t1	A	anno1.g14006.t1	A
anno1.g1442.t2	A	anno1.g14173.t1	A
anno1.g1443.t1	A	anno1.g14162.t1	A
anno1.g1444.t1	A	anno1.g14161.t1	A
anno1.g1445.t2	A	anno1.g14160.t1	A
anno1.g1446.t1	A	anno1.g14159.t1	A
anno1.g1447.t1	A	anno1.g14158.t1	A
anno1.g1448.t1	A	anno1.g13328.t1	A
anno1.g1449.t1	A	anno1.g13329.t1	A
anno1.g1450.t1	A	anno1.g13330.t1	A
anno1.g1451.t1	A	anno1.g13325.t1	A
anno1.g1452.t3	A	anno1.g13324.t2	A
anno1.g1453.t1	A	anno1.g13323.t1	A
anno1.g1456.t1	A	anno1.g13321.t1	A
anno1.g1458.t1	A	anno1.g13320.t1	A
anno1.g1459.t1	A	anno1.g13319.t1	A
anno1.g1460.t1	A	anno1.g13318.t1	A
anno1.g1462.t1	A	anno1.g8227.t1	A
anno1.g1463.t1	A	anno1.g13317.t1	A
anno1.g1464.t2	A	anno1.g13315.t1	A
anno1.g1465.t1	A	anno1.g13316.t1	A
anno1.g1466.t2	A	anno1.g13314.t1	A
anno1.g1467.t1	A	anno1.g13313.t1	A
anno1.g1468.t1	A	anno1.g13311.t1	A
anno1.g1473.t1	A	anno1.g13308.t1	A
anno1.g1474.t1	A	anno1.g13306.t2	A
anno1.g1475.t1	A	anno1.g13305.t1	A
anno1.g1476.t1	A	anno1.g13304.t1	A
anno1.g1477.t1	A	anno1.g13300.t1	A
anno1.g1479.t1	A	anno1.g13298.t1	A
anno1.g1480.t1	A	anno1.g13297.t1	A
anno1.g1481.t1	A	anno1.g13296.t1	A
anno1.g1485.t1	A	anno1.g13360.t2	A
anno1.g1486.t1	A	anno1.g13365.t1	A
anno1.g1487.t4	A	anno1.g6416.t1	A
anno1.g1488.t1	A	anno1.g13698.t1	A
anno1.g1489.t1	A	anno1.g13374.t1	A
anno1.g1491.t1	A	anno1.g13376.t2	A
anno1.g1492.t1	A	anno1.g13377.t1	A
anno1.g1493.t1	A	anno1.g13378.t2	A
anno1.g1494.t1	A	anno1.g13379.t2	A
anno1.g1495.t1	A	anno1.g13381.t2	A
anno1.g1496.t1	A	anno1.g13382.t1	A
anno1.g1497.t1	A	anno1.g13383.t1	A
anno1.g1498.t1	A	anno1.g13384.t1	A
anno1.g1500.t1	A	anno1.g13385.t1	A
anno1.g1501.t1	A	anno1.g13386.t1	A
anno1.g1503.t1	A	anno1.g13387.t1	A
anno1.g1504.t2	A	anno1.g13388.t1	A
anno1.g1505.t1	A	anno1.g13389.t1	A
anno1.g1506.t1	A	anno1.g13390.t1	A
anno1.g1507.t1	A	anno1.g13391.t1	A
anno1.g1508.t1	A	anno1.g13392.t1	A
anno1.g1509.t1	A	anno1.g13393.t1	A
anno1.g1510.t1	A	anno1.g13407.t1	A
anno1.g1511.t1	A	anno1.g13408.t1	A
anno1.g1512.t1	A	anno1.g13409.t1	A
anno1.g1513.t1	A	anno1.g13410.t1	A
anno1.g1514.t1	A	anno1.g13411.t1	A
anno1.g1515.t1	A	anno1.g13412.t1	A
anno1.g1516.t1	A	anno1.g13414.t2	A
anno1.g1517.t1	A	anno1.g13416.t1	A
anno1.g1518.t1	A	anno1.g13395.t1	A
anno1.g1519.t1	A	anno1.g13396.t1	A
anno1.g1520.t1	A	anno1.g13397.t1	A
anno1.g1521.t1	A	anno1.g13398.t1	A
anno1.g1522.t1	A	anno1.g13399.t1	A
anno1.g1523.t1	A	anno1.g13422.t1	A
anno1.g1524.t1	A	anno1.g13401.t1	A
anno1.g1525.t1	A	anno1.g13402.t1	A
anno1.g1526.t2	A	anno1.g13404.t2	A
anno1.g1527.t1	A	anno1.g13405.t1	A
anno1.g1529.t1	A	anno1.g13425.t1	A
anno1.g1531.t2	A	anno1.g13426.t1	A
anno1.g1534.t1	A	anno1.g13427.t2	A
anno1.g1535.t1	A	anno1.g13429.t1	A
anno1.g1536.t1	A	anno1.g13430.t1	A
anno1.g1537.t1	A	anno1.g13431.t1	A
anno1.g1538.t1	A	anno1.g13432.t3	A
anno1.g1541.t2	A	anno1.g13442.t1	A
anno1.g1542.t1	A	anno1.g13436.t1	A
anno1.g1543.t1	A	anno1.g13440.t1	A
anno1.g1544.t1	A	anno1.g13438.t1	A
anno1.g1545.t1	A	anno1.g13448.t1	A
anno1.g1546.t1	A	anno1.g13451.t1	A
anno1.g1547.t1	A	anno1.g13473.t1	A
anno1.g1548.t1	A	anno1.g13472.t1	A
anno1.g1549.t1	A	anno1.g13476.t1	A
anno1.g1550.t1	A	anno1.g13470.t1	A
anno1.g1551.t1	A	anno1.g13478.t1	A
anno1.g1553.t1	A	anno1.g13483.t1	A
anno1.g1554.t1	A	anno1.g13484.t1	A
anno1.g1555.t1	A	anno1.g13485.t1	A
anno1.g1556.t1	A	anno1.g13486.t1	A
anno1.g1557.t2	A	anno1.g13487.t1	A
anno1.g1558.t1	A	anno1.g13488.t1	A
anno1.g1559.t1	A	anno1.g13489.t1	A
anno1.g1561.t1	A	anno1.g13491.t1	A
anno1.g1562.t1	A	anno1.g13494.t1	A
anno1.g1563.t1	A	anno1.g13495.t1	A
anno1.g1564.t1	A	anno1.g13493.t1	A
anno1.g1565.t1	A	anno1.g13500.t1	A
anno1.g1566.t1	A	anno1.g12269.t1	A
anno1.g1568.t1	A	anno1.g13502.t1	A
anno1.g1570.t1	A	anno1.g13534.t1	A
anno1.g1574.t1	A	anno1.g13506.t1	A
anno1.g1576.t1	A	anno1.g13507.t1	A
anno1.g1578.t1	A	anno1.g13510.t1	A
anno1.g1579.t1	A	anno1.g13536.t1	A
anno1.g1581.t1	A	anno1.g13514.t1	A
anno1.g1582.t1	A	anno1.g13515.t1	A
anno1.g1585.t1	A	anno1.g13541.t1	A
anno1.g1587.t1	A	anno1.g13543.t1	A
anno1.g1589.t1	A	anno1.g13545.t1	A
anno1.g1590.t1	A	anno1.g13520.t1	A
anno1.g1591.t1	A	anno1.g13546.t1	A
anno1.g1592.t1	A	anno1.g13523.t1	A
anno1.g1593.t1	A	anno1.g13524.t1	A
anno1.g1595.t1	A	anno1.g13526.t1	A
anno1.g1598.t1	A	anno1.g13547.t1	A
anno1.g1599.t1	A	anno1.g13548.t1	A
anno1.g1600.t1	A	anno1.g13531.t1	A
anno1.g1601.t1	A	anno1.g13533.t1	A
anno1.g1602.t2	A	anno1.g13551.t1	A
anno1.g1603.t1	A	anno1.g13553.t1	A
anno1.g1604.t1	A	anno1.g13558.t1	A
anno1.g1606.t1	A	anno1.g13555.t1	A
anno1.g1607.t1	A	anno1.g13556.t2	A
anno1.g1608.t1	A	anno1.g14305.t1	A
anno1.g1609.t2	A	anno1.g13559.t1	A
anno1.g1610.t1	A	anno1.g13560.t1	A
anno1.g1611.t1	A	anno1.g13562.t1	A
anno1.g1612.t1	A	anno1.g13561.t1	A
anno1.g1615.t1	A	anno1.g11733.t1	A
anno1.g1618.t1	A	anno1.g13564.t1	A
anno1.g1619.t1	A	anno1.g13565.t1	A
anno1.g1620.t1	A	anno1.g13566.t1	A
anno1.g1621.t2	A	anno1.g13567.t1	A
anno1.g1622.t1	A	anno1.g13568.t1	A
anno1.g1623.t1	A	anno1.g13574.t1	A
anno1.g1624.t1	A	anno1.g13575.t1	A
anno1.g1625.t1	A	anno1.g13576.t1	A
anno1.g1626.t1	A	anno1.g13577.t1	A
anno1.g1630.t1	A	anno1.g13583.t1	A
anno1.g1634.t1	A	anno1.g13588.t2	A
anno1.g1635.t2	A	anno1.g13590.t2	A
anno1.g1636.t1	A	anno1.g13591.t1	A
anno1.g1640.t1	A	anno1.g13593.t1	A
anno1.g1641.t1	A	anno1.g13598.t1	A
anno1.g1642.t1	A	anno1.g13599.t1	A
anno1.g1643.t1	A	anno1.g13600.t1	A
anno1.g1644.t1	A	anno1.g13601.t1	A
anno1.g1645.t1	A	anno1.g13602.t1	A
anno1.g1646.t1	A	anno1.g13603.t2	A
anno1.g1647.t1	A	anno1.g13604.t1	A
anno1.g1648.t1	A	anno1.g13605.t1	A
anno1.g1649.t1	A	anno1.g13607.t1	A
anno1.g1650.t1	A	anno1.g13609.t1	A
anno1.g1651.t1	A	anno1.g13610.t1	A
anno1.g1652.t1	A	anno1.g13611.t1	A
anno1.g1653.t1	A	anno1.g13612.t1	A
anno1.g1654.t1	A	anno1.g13613.t1	A
anno1.g1656.t1	A	anno1.g13614.t1	A
anno1.g1657.t1	A	anno1.g13615.t1	A
anno1.g1658.t1	A	anno1.g13616.t1	A
anno1.g1659.t1	A	anno1.g13617.t1	A
anno1.g1660.t1	A	anno1.g13618.t2	A
anno1.g1661.t1	A	anno1.g13619.t1	A
anno1.g1662.t1	A	anno1.g13620.t1	A
anno1.g1663.t1	A	anno1.g13621.t1	A
anno1.g1668.t1	A	anno1.g13628.t1	A
anno1.g1669.t1	A	anno1.g13629.t1	A
anno1.g1670.t1	A	anno1.g13630.t1	A
anno1.g1671.t1	A	anno1.g13631.t1	A
anno1.g1672.t1	A	anno1.g13643.t3	A
anno1.g1673.t3	A	anno1.g13644.t4	A
anno1.g1675.t1	A	anno1.g13640.t1	A
anno1.g1677.t2	A	anno1.g13639.t3	A
anno1.g1678.t2	A	anno1.g13638.t2	A
anno1.g1679.t1	A	anno1.g13637.t1	A
anno1.g1680.t1	A	anno1.g13626.t1	A
anno1.g1682.t1	A	anno1.g13646.t1	A
anno1.g1683.t1	A	anno1.g13691.t1	A
anno1.g1684.t1	A	anno1.g13649.t1	A
anno1.g1685.t1	A	anno1.g13650.t1	A
anno1.g1686.t2	A	anno1.g13687.t2	A
anno1.g1687.t1	A	anno1.g13652.t1	A
anno1.g1689.t1	A	anno1.g13686.t1	A
anno1.g1690.t1	A	anno1.g13685.t1	A
anno1.g1691.t1	A	anno1.g13655.t1	A
anno1.g1692.t1	A	anno1.g13656.t1	A
anno1.g1693.t1	A	anno1.g13657.t1	A
anno1.g1694.t1	A	anno1.g13658.t1	A
anno1.g1695.t1	A	anno1.g13659.t1	A
anno1.g1696.t1	A	anno1.g13660.t1	A
anno1.g1697.t1	A	anno1.g13661.t1	A
anno1.g1699.t1	A	anno1.g13662.t2	A
anno1.g1701.t1	A	anno1.g13664.t1	A
anno1.g1700.t1	A	anno1.g13663.t1	A
anno1.g1702.t1	A	anno1.g13665.t1	A
anno1.g1703.t1	A	anno1.g13666.t1	A
anno1.g1704.t2	A	anno1.g13667.t1	A
anno1.g1706.t1	A	anno1.g13668.t2	A
anno1.g1708.t1	A	anno1.g13669.t2	A
anno1.g1709.t1	A	anno1.g13670.t1	A
anno1.g1710.t1	A	anno1.g13671.t1	A
anno1.g1715.t1	A	anno1.g13672.t1	A
anno1.g1716.t1	A	anno1.g13673.t1	A
anno1.g1717.t1	A	anno1.g13674.t1	A
anno1.g1718.t1	A	anno1.g13675.t1	A
anno1.g1719.t1	A	anno1.g13676.t1	A
anno1.g1721.t1	A	anno1.g13677.t1	A
anno1.g1722.t1	A	anno1.g13678.t1	A
anno1.g1723.t1	A	anno1.g13679.t1	A
anno1.g1724.t1	A	anno1.g13680.t1	A
anno1.g1725.t1	A	anno1.g13681.t1	A
anno1.g1726.t1	A	anno1.g13682.t1	A
anno1.g1727.t1	A	anno1.g13683.t1	A
anno1.g1728.t3	A	anno1.g13684.t1	A
anno1.g1729.t1	A	anno1.g13694.t1	A
anno1.g1733.t1	A	anno1.g13706.t1	A
anno1.g1736.t1	A	anno1.g13709.t1	A
anno1.g1737.t1	A	anno1.g13710.t1	A
anno1.g1739.t1	A	anno1.g13712.t1	A
anno1.g1740.t1	A	anno1.g13713.t1	A
anno1.g1741.t1	A	anno1.g13714.t1	A
anno1.g1742.t1	A	anno1.g13715.t1	A
anno1.g1743.t1	A	anno1.g13716.t1	A
anno1.g1744.t1	A	anno1.g13717.t1	A
anno1.g1745.t1	A	anno1.g13718.t1	A
anno1.g1747.t1	A	anno1.g13719.t1	A
anno1.g1748.t1	A	anno1.g13720.t1	A
anno1.g1750.t1	A	anno1.g13721.t1	A
anno1.g1752.t2	A	anno1.g13725.t3	A
anno1.g1753.t1	A	anno1.g13726.t1	A
anno1.g1754.t1	A	anno1.g13730.t1	A
anno1.g1755.t1	A	anno1.g13732.t1	A
anno1.g1756.t1	A	anno1.g13939.t3	A
anno1.g1757.t1	A	anno1.g13938.t1	A
anno1.g1758.t1	A	anno1.g13937.t1	A
anno1.g1759.t1	A	anno1.g13936.t1	A
anno1.g1760.t1	A	anno1.g13934.t4	A
anno1.g1764.t1	A	anno1.g13931.t1	A
anno1.g1765.t1	A	anno1.g13930.t2	A
anno1.g1766.t1	A	anno1.g13927.t1	A
anno1.g1767.t2	A	anno1.g13923.t2	A
anno1.g1768.t1	A	anno1.g13922.t1	A
anno1.g1769.t1	A	anno1.g13920.t1	A
anno1.g1770.t1	A	anno1.g13919.t1	A
anno1.g1771.t1	A	anno1.g13871.t1	A
anno1.g1772.t1	A	anno1.g13870.t2	A
anno1.g1773.t1	A	anno1.g13869.t1	A
anno1.g1774.t1	A	anno1.g13868.t1	A
anno1.g1775.t1	A	anno1.g13867.t1	A
anno1.g1777.t1	A	anno1.g13865.t1	A
anno1.g1778.t1	A	anno1.g13860.t1	A
anno1.g1779.t1	A	anno1.g13859.t1	A
anno1.g1780.t1	A	anno1.g13857.t1	A
anno1.g1781.t5	A	anno1.g13855.t6	A
anno1.g1782.t1	A	anno1.g13854.t1	A
anno1.g1784.t1	A	anno1.g13849.t2	A
anno1.g1785.t3	A	anno1.g13848.t1	A
anno1.g1786.t2	A	anno1.g13847.t1	A
anno1.g1789.t1	A	anno1.g13844.t1	A
anno1.g1791.t1	A	anno1.g13841.t1	A
anno1.g1792.t1	A	anno1.g13838.t1	A
anno1.g1793.t1	A	anno1.g13837.t1	A
anno1.g1794.t1	A	anno1.g13836.t1	A
anno1.g1795.t1	A	anno1.g13835.t1	A
anno1.g1796.t1	A	anno1.g13834.t1	A
anno1.g1797.t1	A	anno1.g13833.t3	A
anno1.g1798.t1	A	anno1.g13830.t1	A
anno1.g1799.t1	A	anno1.g13829.t1	A
anno1.g1800.t1	A	anno1.g13828.t2	A
anno1.g1801.t1	A	anno1.g13824.t1	A
anno1.g1802.t2	A	anno1.g13822.t3	A
anno1.g1803.t1	A	anno1.g13821.t1	A
anno1.g1805.t1	A	anno1.g13820.t1	A
anno1.g1806.t1	A	anno1.g13817.t1	A
anno1.g1807.t2	A	anno1.g13816.t1	A
anno1.g1808.t1	A	anno1.g13815.t2	A
anno1.g1809.t1	A	anno1.g13814.t1	A
anno1.g1810.t1	A	anno1.g13813.t1	A
anno1.g1811.t1	A	anno1.g13812.t1	A
anno1.g1812.t1	A	anno1.g13811.t1	A
anno1.g1814.t1	A	anno1.g13809.t1	A
anno1.g1815.t1	A	anno1.g13808.t1	A
anno1.g1816.t1	A	anno1.g13807.t1	A
anno1.g1817.t1	A	anno1.g13806.t1	A
anno1.g1818.t2	A	anno1.g13805.t1	A
anno1.g1819.t1	A	anno1.g13803.t1	A
anno1.g1820.t1	A	anno1.g13802.t1	A
anno1.g1821.t1	A	anno1.g13801.t1	A
anno1.g1822.t1	A	anno1.g13800.t1	A
anno1.g1823.t1	A	anno1.g13799.t1	A
anno1.g1824.t1	A	anno1.g13798.t1	A
anno1.g1825.t1	A	anno1.g13797.t1	A
anno1.g1826.t1	A	anno1.g13796.t1	A
anno1.g1829.t1	A	anno1.g13793.t1	A
anno1.g1830.t1	A	anno1.g13795.t1	A
anno1.g1831.t1	A	anno1.g13794.t1	A
anno1.g1832.t1	A	anno1.g13792.t1	A
anno1.g1834.t1	A	anno1.g13791.t2	A
anno1.g1835.t1	A	anno1.g13789.t1	A
anno1.g1836.t1	A	anno1.g8767.t1	A
anno1.g1837.t1	A	anno1.g13788.t1	A
anno1.g1838.t1	A	anno1.g13787.t1	A
anno1.g1839.t1	A	anno1.g13786.t1	A
anno1.g1840.t1	A	anno1.g13785.t1	A
anno1.g1841.t1	A	anno1.g13784.t1	A
anno1.g1843.t1	A	anno1.g13779.t1	A
anno1.g1844.t1	A	anno1.g13778.t1	A
anno1.g1845.t1	A	anno1.g13777.t1	A
anno1.g1846.t2	A	anno1.g13775.t2	A
anno1.g1847.t2	A	anno1.g13774.t1	A
anno1.g1848.t1	A	anno1.g13773.t3	A
anno1.g1849.t1	A	anno1.g13772.t1	A
anno1.g1850.t1	A	anno1.g13771.t1	A
anno1.g1851.t2	A	anno1.g13770.t1	A
anno1.g1853.t1	A	anno1.g13769.t1	A
anno1.g1854.t1	A	anno1.g13768.t1	A
anno1.g1855.t2	A	anno1.g13767.t2	A
anno1.g1856.t1	A	anno1.g13765.t1	A
anno1.g1857.t1	A	anno1.g13764.t1	A
anno1.g1858.t1	A	anno1.g13763.t1	A
anno1.g1859.t1	A	anno1.g13762.t1	A
anno1.g1860.t1	A	anno1.g13761.t1	A
anno1.g1861.t1	A	anno1.g7242.t1	A
anno1.g1865.t1	A	anno1.g13757.t1	A
anno1.g1866.t1	A	anno1.g13756.t1	A
anno1.g1867.t1	A	anno1.g13754.t2	A
anno1.g1868.t1	A	anno1.g13753.t1	A
anno1.g1869.t2	A	anno1.g13751.t2	A
anno1.g1870.t1	A	anno1.g13752.t1	A
anno1.g1871.t1	A	anno1.g13750.t1	A
anno1.g1872.t1	A	anno1.g13749.t1	A
anno1.g1873.t1	A	anno1.g13747.t1	A
anno1.g1874.t1	A	anno1.g13195.t1	A
anno1.g1875.t1	A	anno1.g13196.t1	A
anno1.g1876.t2	A	anno1.g13197.t2	A
anno1.g1877.t1	A	anno1.g13198.t1	A
anno1.g1878.t1	A	anno1.g13200.t1	A
anno1.g1882.t1	A	anno1.g13204.t1	A
anno1.g1883.t2	A	anno1.g13208.t1	A
anno1.g1884.t1	A	anno1.g14819.t1	A
anno1.g1885.t1	A	anno1.g11861.t1	A
anno1.g1886.t1	A	anno1.g11859.t1	A
anno1.g1887.t1	A	anno1.g11857.t3	A
anno1.g1888.t2	A	anno1.g11856.t1	A
anno1.g1889.t1	A	anno1.g1001.t1	A
anno1.g1890.t1	A	anno1.g11855.t1	A
anno1.g1891.t1	A	anno1.g11854.t3	A
anno1.g1892.t1	A	anno1.g11852.t1	A
anno1.g1893.t1	A	anno1.g3375.t1	A
anno1.g1894.t1	A	anno1.g11970.t2	A
anno1.g1895.t1	A	anno1.g11969.t1	A
anno1.g1896.t1	A	anno1.g11968.t1	A
anno1.g1897.t1	A	anno1.g11967.t1	A
anno1.g1898.t1	A	anno1.g11966.t1	A
anno1.g1900.t1	A	anno1.g11965.t1	A
anno1.g1904.t1	A	anno1.g11960.t1	A
anno1.g1905.t2	A	anno1.g11961.t1	A
anno1.g1910.t1	A	anno1.g11951.t1	A
anno1.g1914.t1	A	anno1.g7660.t1	A
anno1.g1916.t1	A	anno1.g13272.t1	A
anno1.g1917.t2	A	anno1.g13273.t1	A
anno1.g1919.t1	A	anno1.g13237.t2	A
anno1.g1920.t1	A	anno1.g9460.t2	A
anno1.g1921.t1	A	anno1.g13236.t1	A
anno1.g1922.t1	A	anno1.g13234.t1	A
anno1.g1926.t1	A	anno1.g13232.t2	A
anno1.g1927.t1	A	anno1.g13231.t1	A
anno1.g1928.t1	A	anno1.g8104.t1	A
anno1.g1929.t1	A	anno1.g13227.t1	A
anno1.g1931.t1	A	anno1.g13225.t1	A
anno1.g1936.t1	A	anno1.g13224.t1	A
anno1.g1937.t2	A	anno1.g13223.t1	A
anno1.g1939.t1	A	anno1.g13222.t1	A
anno1.g1940.t1	A	anno1.g13221.t1	A
anno1.g1941.t1	A	anno1.g13220.t1	A
anno1.g1946.t1	A	anno1.g13216.t1	A
anno1.g1948.t2	A	anno1.g13217.t1	A
anno1.g1949.t2	A	anno1.g13215.t2	A
anno1.g1950.t1	A	anno1.g13214.t3	A
anno1.g1951.t1	A	anno1.g13213.t1	A
anno1.g1952.t1	A	anno1.g13212.t1	A
anno1.g1958.t1	A	anno1.g13211.t1	A
anno1.g1957.t1	A	anno1.g13210.t1	A
anno1.g1959.t2	A	anno1.g14630.t1	A
anno1.g1960.t2	A	anno1.g13271.t1	A
anno1.g1961.t3	A	anno1.g13270.t1	A
anno1.g1963.t1	A	anno1.g13266.t1	A
anno1.g1964.t1	A	anno1.g13265.t1	A
anno1.g1965.t1	A	anno1.g13264.t1	A
anno1.g1966.t1	A	anno1.g13263.t1	A
anno1.g1967.t1	A	anno1.g13262.t1	A
anno1.g1968.t1	A	anno1.g13261.t1	A
anno1.g1969.t1	A	anno1.g13260.t1	A
anno1.g1970.t1	A	anno1.g13259.t1	A
anno1.g1971.t1	A	anno1.g13256.t1	A
anno1.g1972.t1	A	anno1.g13252.t1	A
anno1.g1973.t1	A	anno1.g13254.t1	A
anno1.g1974.t1	A	anno1.g13251.t1	A
anno1.g1976.t1	A	anno1.g13250.t1	A
anno1.g1978.t2	A	anno1.g13248.t3	A
anno1.g1979.t1	A	anno1.g13249.t1	A
anno1.g1981.t1	A	anno1.g13239.t1	A
anno1.g1982.t1	A	anno1.g13241.t1	A
anno1.g1983.t1	A	anno1.g13242.t1	A
anno1.g1984.t1	A	anno1.g13244.t1	A
anno1.g1985.t2	A	anno1.g13245.t1	A
anno1.g1986.t1	A	anno1.g13246.t1	A
anno1.g1988.t1	A	anno1.g13275.t1	A
anno1.g1989.t1	A	anno1.g13276.t1	A
anno1.g1990.t1	A	anno1.g4800.t1	A
anno1.g1991.t1	A	anno1.g4488.t1	A
anno1.g1992.t1	A	anno1.g13277.t1	A
anno1.g1993.t1	A	anno1.g13279.t1	A
anno1.g1994.t2	A	anno1.g13280.t2	A
anno1.g1996.t1	A	anno1.g13282.t1	A
anno1.g1998.t1	A	anno1.g13283.t1	A
anno1.g1999.t1	A	anno1.g12660.t1	A
anno1.g2005.t1	A	anno1.g13285.t1	A
anno1.g2006.t1	A	anno1.g13286.t1	A
anno1.g2007.t1	A	anno1.g13287.t1	A
anno1.g2008.t1	A	anno1.g13288.t2	A
anno1.g2009.t1	A	anno1.g13289.t1	A
anno1.g2011.t1	A	anno1.g13290.t1	A
anno1.g2013.t2	A	anno1.g13292.t2	A
anno1.g2014.t2	A	anno1.g13293.t7	A
anno1.g2015.t2	A	anno1.g13294.t2	A
anno1.g2016.t1	A	anno1.g13295.t1	A
anno1.g2017.t2	A	anno1.g2143.t1	X
anno1.g2018.t1	A	anno1.g6537.t1	A
anno1.g2019.t1	A	anno1.g6536.t1	A
anno1.g2020.t1	A	anno1.g6535.t1	A
anno1.g2021.t2	A	anno1.g6534.t1	A
anno1.g2022.t1	A	anno1.g6538.t1	A
anno1.g2023.t1	A	anno1.g6539.t2	A
anno1.g2024.t2	A	anno1.g6540.t1	A
anno1.g2025.t1	A	anno1.g6541.t1	A
anno1.g2026.t1	A	anno1.g6542.t1	A
anno1.g2027.t1	A	anno1.g6596.t1	A
anno1.g2029.t1	A	anno1.g6544.t1	A
anno1.g2030.t1	A	anno1.g6545.t1	A
anno1.g2031.t2	A	anno1.g6546.t1	A
anno1.g2032.t1	A	anno1.g6547.t1	A
anno1.g2033.t1	A	anno1.g6549.t1	A
anno1.g2034.t1	A	anno1.g6594.t1	A
anno1.g2035.t1	A	anno1.g6593.t1	A
anno1.g2036.t1	A	anno1.g6588.t1	A
anno1.g2037.t3	A	anno1.g6587.t1	A
anno1.g2039.t1	A	anno1.g6585.t1	A
anno1.g2040.t1	A	anno1.g6584.t1	A
anno1.g2041.t2	A	anno1.g6580.t1	A
anno1.g2042.t1	A	anno1.g6581.t1	A
anno1.g2043.t1	A	anno1.g6579.t1	A
anno1.g2044.t1	A	anno1.g6578.t1	A
anno1.g2045.t1	A	anno1.g6577.t1	A
anno1.g2046.t1	A	anno1.g6576.t1	A
anno1.g2047.t1	A	anno1.g6575.t1	A
anno1.g2048.t1	A	anno1.g6573.t1	A
anno1.g2049.t1	A	anno1.g6571.t1	A
anno1.g2050.t1	A	anno1.g6572.t2	A
anno1.g2051.t1	A	anno1.g6570.t5	A
anno1.g2052.t1	A	anno1.g6569.t1	A
anno1.g2055.t1	A	anno1.g6553.t1	A
anno1.g2056.t1	A	anno1.g6554.t1	A
anno1.g2057.t2	A	anno1.g6555.t2	A
anno1.g2058.t1	A	anno1.g6556.t1	A
anno1.g2059.t1	A	anno1.g6557.t1	A
anno1.g2060.t1	A	anno1.g6558.t2	A
anno1.g2062.t1	A	anno1.g6559.t1	A
anno1.g2063.t1	A	anno1.g6560.t1	A
anno1.g2064.t1	A	anno1.g6561.t1	A
anno1.g2065.t1	A	anno1.g6562.t1	A
anno1.g2066.t1	A	anno1.g6563.t1	A
anno1.g2069.t1	A	anno1.g14441.t1	A
anno1.g2070.t1	A	anno1.g6566.t1	A
anno1.g2071.t1	A	anno1.g6567.t1	A
anno1.g2072.t1	A	anno1.g6605.t2	A
anno1.g2073.t1	A	anno1.g6606.t1	A
anno1.g2075.t1	A	anno1.g6611.t1	A
anno1.g2076.t1	A	anno1.g6614.t1	A
anno1.g2077.t1	A	anno1.g6615.t2	A
anno1.g2078.t2	A	anno1.g6616.t1	A
anno1.g2079.t1	A	anno1.g6617.t1	A
anno1.g2080.t1	A	anno1.g6451.t1	A
anno1.g2083.t1	A	anno1.g3623.t1	A
anno1.g2084.t1	A	anno1.g6452.t1	A
anno1.g2085.t1	A	anno1.g6454.t1	A
anno1.g2086.t1	A	anno1.g3541.t1	A
anno1.g2087.t1	A	anno1.g5815.t1	A
anno1.g2088.t1	A	anno1.g9943.t1	A
anno1.g2089.t1	A	anno1.g5880.t1	A
anno1.g2090.t1	A	anno1.g5879.t1	A
anno1.g2091.t3	A	anno1.g5878.t2	A
anno1.g2092.t1	A	anno1.g4961.t1	A
anno1.g2093.t1	A	anno1.g6648.t1	A
anno1.g2094.t1	A	anno1.g6646.t1	A
anno1.g2096.t1	A	anno1.g6635.t2	A
anno1.g2097.t2	A	anno1.g6637.t1	A
anno1.g2102.t1	A	anno1.g6639.t1	A
anno1.g2104.t1	A	anno1.g6642.t1	A
anno1.g2105.t1	A	anno1.g6633.t1	A
anno1.g2106.t1	A	anno1.g6632.t1	A
anno1.g2108.t1	A	anno1.g6630.t1	A
anno1.g2109.t1	A	anno1.g6629.t1	A
anno1.g2110.t1	A	anno1.g6626.t1	A
anno1.g2111.t1	A	anno1.g6624.t1	A
anno1.g2113.t2	A	anno1.g5876.t2	A
anno1.g2114.t1	A	anno1.g5877.t2	A
anno1.g2115.t1	A	anno1.g14621.t1	A
anno1.g2119.t3	A	anno1.g5818.t1	A
anno1.g2120.t1	A	anno1.g5808.t1	A
anno1.g2121.t2	A	anno1.g5805.t1	A
anno1.g2122.t1	A	anno1.g5807.t1	A
anno1.g2123.t1	A	anno1.g5806.t2	A
anno1.g2124.t1	A	anno1.g5804.t2	A
anno1.g2125.t1	A	anno1.g5803.t1	A
anno1.g2128.t1	A	anno1.g5794.t1	A
anno1.g2133.t1	A	anno1.g5795.t1	A
anno1.g2136.t1	A	anno1.g6440.t1	A
anno1.g2138.t1	A	anno1.g5934.t1	A
anno1.g2139.t1	A	anno1.g5932.t1	A
anno1.g2140.t1	A	anno1.g5931.t1	A
anno1.g2141.t1	A	anno1.g5930.t1	A
anno1.g2142.t1	A	anno1.g5929.t1	A
anno1.g2143.t1	A	anno1.g5928.t1	A
anno1.g2144.t1	A	anno1.g5927.t1	A
anno1.g2145.t1	A	anno1.g5926.t1	A
anno1.g2146.t1	A	anno1.g5925.t1	A
anno1.g2147.t1	A	anno1.g5924.t1	A
anno1.g2148.t1	A	anno1.g5923.t1	A
anno1.g2149.t1	A	anno1.g5922.t1	A
anno1.g2150.t1	A	anno1.g5921.t1	A
anno1.g2152.t1	A	anno1.g5920.t1	A
anno1.g2153.t1	A	anno1.g5919.t1	A
anno1.g2154.t1	A	anno1.g5917.t1	A
anno1.g2155.t1	A	anno1.g5916.t5	A
anno1.g2156.t1	A	anno1.g5913.t1	A
anno1.g2157.t1	A	anno1.g5909.t1	A
anno1.g2158.t1	A	anno1.g6014.t1	A
anno1.g2159.t1	A	anno1.g6015.t1	A
anno1.g2160.t1	A	anno1.g6017.t1	A
anno1.g2161.t1	A	anno1.g6018.t1	A
anno1.g2162.t1	A	anno1.g6021.t1	A
anno1.g2163.t3	A	anno1.g6984.t1	A
anno1.g2164.t1	A	anno1.g6983.t1	A
anno1.g2165.t1	A	anno1.g6982.t1	A
anno1.g2166.t1	A	anno1.g6981.t1	A
anno1.g2167.t1	A	anno1.g6980.t1	A
anno1.g2169.t1	A	anno1.g6979.t1	A
anno1.g2170.t2	A	anno1.g6978.t1	A
anno1.g2171.t1	A	anno1.g6976.t1	A
anno1.g2173.t1	A	anno1.g14722.t1	A
anno1.g2174.t1	A	anno1.g5966.t1	A
anno1.g2175.t2	A	anno1.g14720.t1	A
anno1.g2177.t1	A	anno1.g14761.t1	A
anno1.g2178.t1	A	anno1.g5973.t1	A
anno1.g2180.t1	A	anno1.g5980.t1	A
anno1.g2182.t3	A	anno1.g5979.t3	A
anno1.g2183.t1	A	anno1.g5981.t1	A
anno1.g2184.t1	A	anno1.g5982.t1	A
anno1.g2185.t2	A	anno1.g5983.t2	A
anno1.g2186.t1	A	anno1.g5984.t2	A
anno1.g2188.t1	A	anno1.g5985.t1	A
anno1.g2190.t1	A	anno1.g5987.t1	A
anno1.g2191.t1	A	anno1.g14806.t1	A
anno1.g2194.t1	A	anno1.g6013.t1	A
anno1.g2195.t2	A	anno1.g5989.t2	A
anno1.g2196.t1	A	anno1.g5990.t1	A
anno1.g2197.t1	A	anno1.g6010.t1	A
anno1.g2198.t1	A	anno1.g6001.t1	A
anno1.g2199.t1	A	anno1.g6002.t1	A
anno1.g2200.t1	A	anno1.g6005.t1	A
anno1.g2201.t1	A	anno1.g6009.t1	A
anno1.g2204.t2	A	anno1.g5355.t1	A
anno1.g2208.t1	A	anno1.g5799.t1	A
anno1.g2209.t1	A	anno1.g5797.t1	A
anno1.g2210.t1	A	anno1.g5801.t1	A
anno1.g2211.t3	A	anno1.g5800.t1	A
anno1.g2212.t1	A	anno1.g5881.t1	A
anno1.g2213.t1	A	anno1.g5882.t1	A
anno1.g2214.t1	A	anno1.g5883.t1	A
anno1.g2215.t1	A	anno1.g5884.t1	A
anno1.g2216.t1	A	anno1.g7260.t2	A
anno1.g2217.t2	A	anno1.g7259.t1	A
anno1.g2218.t1	A	anno1.g7258.t1	A
anno1.g2220.t1	A	anno1.g7255.t1	A
anno1.g2221.t1	A	anno1.g7254.t1	A
anno1.g2222.t1	A	anno1.g7245.t1	A
anno1.g2223.t1	A	anno1.g7253.t2	A
anno1.g2224.t1	A	anno1.g7239.t1	A
anno1.g2225.t1	A	anno1.g13585.t1	A
anno1.g2226.t2	A	anno1.g7226.t1	A
anno1.g2227.t1	A	anno1.g7224.t1	A
anno1.g2228.t2	A	anno1.g7220.t2	A
anno1.g2229.t1	A	anno1.g7219.t1	A
anno1.g2230.t2	A	anno1.g7218.t2	A
anno1.g2231.t1	A	anno1.g7217.t1	A
anno1.g2232.t1	A	anno1.g7215.t2	A
anno1.g2233.t1	A	anno1.g7214.t1	A
anno1.g2234.t1	A	anno1.g7123.t1	A
anno1.g2235.t2	A	anno1.g7212.t1	A
anno1.g2236.t2	A	anno1.g7211.t1	A
anno1.g2237.t2	A	anno1.g6109.t1	A
anno1.g2238.t1	A	anno1.g7150.t1	A
anno1.g2239.t1	A	anno1.g7151.t1	A
anno1.g2240.t1	A	anno1.g7152.t2	A
anno1.g2241.t1	A	anno1.g7154.t1	A
anno1.g2242.t1	A	anno1.g7155.t1	A
anno1.g2243.t1	A	anno1.g6932.t1	A
anno1.g2244.t1	A	anno1.g6933.t1	A
anno1.g2245.t1	A	anno1.g6940.t2	A
anno1.g2246.t1	A	anno1.g6948.t1	A
anno1.g2247.t1	A	anno1.g6929.t1	A
anno1.g2248.t1	A	anno1.g6928.t1	A
anno1.g2250.t3	A	anno1.g6924.t2	A
anno1.g2251.t1	A	anno1.g6923.t1	A
anno1.g2252.t2	A	anno1.g6922.t2	A
anno1.g2253.t1	A	anno1.g6921.t1	A
anno1.g2254.t1	A	anno1.g6918.t1	A
anno1.g2255.t1	A	anno1.g6919.t1	A
anno1.g2257.t1	A	anno1.g6920.t1	A
anno1.g2258.t1	A	anno1.g6916.t1	A
anno1.g2259.t1	A	anno1.g6914.t1	A
anno1.g2260.t1	A	anno1.g6913.t1	A
anno1.g2261.t1	A	anno1.g6912.t1	A
anno1.g2262.t1	A	anno1.g6911.t1	A
anno1.g2263.t1	A	anno1.g6910.t1	A
anno1.g2264.t1	A	anno1.g6908.t1	A
anno1.g2265.t1	A	anno1.g6907.t1	A
anno1.g2266.t1	A	anno1.g6906.t1	A
anno1.g2270.t1	A	anno1.g12112.t1	A
anno1.g2274.t1	A	anno1.g6959.t2	A
anno1.g2275.t1	A	anno1.g6960.t1	A
anno1.g2276.t1	A	anno1.g7589.t1	A
anno1.g2277.t1	A	anno1.g7588.t1	A
anno1.g2278.t1	A	anno1.g6961.t1	A
anno1.g2280.t1	A	anno1.g6962.t2	A
anno1.g2281.t1	A	anno1.g6964.t2	A
anno1.g2282.t1	A	anno1.g6965.t1	A
anno1.g2284.t1	A	anno1.g6968.t1	A
anno1.g2285.t4	A	anno1.g6969.t5	A
anno1.g2286.t1	A	anno1.g6970.t2	A
anno1.g2287.t2	A	anno1.g6971.t1	A
anno1.g2288.t1	A	anno1.g6972.t2	A
anno1.g2289.t1	A	anno1.g6973.t1	A
anno1.g2291.t2	A	anno1.g6261.t1	A
anno1.g2292.t1	A	anno1.g6262.t2	A
anno1.g2294.t1	A	anno1.g6264.t1	A
anno1.g2296.t1	A	anno1.g6265.t2	A
anno1.g2297.t1	A	anno1.g6268.t1	A
anno1.g2298.t1	A	anno1.g6269.t1	A
anno1.g2299.t1	A	anno1.g6270.t1	A
anno1.g2300.t1	A	anno1.g6272.t1	A
anno1.g2301.t1	A	anno1.g6273.t1	A
anno1.g2302.t1	A	anno1.g6274.t1	A
anno1.g2305.t1	A	anno1.g6275.t1	A
anno1.g2306.t1	A	anno1.g6276.t2	A
anno1.g2307.t3	A	anno1.g6277.t3	A
anno1.g2308.t1	A	anno1.g6278.t1	A
anno1.g2309.t1	A	anno1.g6279.t1	A
anno1.g2310.t1	A	anno1.g6280.t1	A
anno1.g2311.t1	A	anno1.g6281.t1	A
anno1.g2312.t1	A	anno1.g6285.t1	A
anno1.g2313.t1	A	anno1.g6291.t1	A
anno1.g2314.t1	A	anno1.g6292.t1	A
anno1.g2315.t1	A	anno1.g6296.t1	A
anno1.g2316.t1	A	anno1.g6297.t1	A
anno1.g2317.t1	A	anno1.g6298.t2	A
anno1.g2318.t1	A	anno1.g6299.t2	A
anno1.g2319.t1	A	anno1.g6300.t2	A
anno1.g2320.t1	A	anno1.g6301.t1	A
anno1.g2321.t1	A	anno1.g6302.t1	A
anno1.g2322.t1	A	anno1.g6303.t1	A
anno1.g2324.t2	A	anno1.g6304.t1	A
anno1.g2325.t1	A	anno1.g6306.t2	A
anno1.g2326.t1	A	anno1.g6307.t1	A
anno1.g2327.t1	A	anno1.g6308.t1	A
anno1.g2328.t1	A	anno1.g6309.t1	A
anno1.g2329.t1	A	anno1.g6310.t1	A
anno1.g2330.t1	A	anno1.g6311.t1	A
anno1.g2331.t1	A	anno1.g6312.t2	A
anno1.g2332.t1	A	anno1.g6314.t1	A
anno1.g2333.t1	A	anno1.g6315.t1	A
anno1.g2334.t1	A	anno1.g6317.t1	A
anno1.g2335.t1	A	anno1.g6318.t1	A
anno1.g2336.t1	A	anno1.g6319.t1	A
anno1.g2337.t1	A	anno1.g6320.t1	A
anno1.g2338.t1	A	anno1.g6322.t1	A
anno1.g2339.t1	A	anno1.g6324.t2	A
anno1.g2340.t1	A	anno1.g6325.t1	A
anno1.g2341.t1	A	anno1.g6326.t1	A
anno1.g2342.t1	A	anno1.g6328.t1	A
anno1.g2344.t1	A	anno1.g6329.t1	A
anno1.g2345.t3	A	anno1.g6330.t3	A
anno1.g2346.t1	A	anno1.g14623.t1	A
anno1.g2347.t1	A	anno1.g14294.t1	A
anno1.g2348.t1	A	anno1.g7170.t1	A
anno1.g2349.t1	A	anno1.g7175.t1	A
anno1.g2350.t1	A	anno1.g7281.t1	A
anno1.g2358.t1	A	anno1.g1678.t1	X
anno1.g2361.t1	A	anno1.g12773.t1	A
anno1.g2365.t1	A	anno1.g2024.t1	X
anno1.g2368.t1	A	anno1.g14622.t2	A
anno1.g2369.t1	A	anno1.g5885.t1	A
anno1.g2370.t1	A	anno1.g5886.t1	A
anno1.g2371.t1	A	anno1.g5887.t1	A
anno1.g2372.t1	A	anno1.g5888.t3	A
anno1.g2373.t2	A	anno1.g5889.t1	A
anno1.g2374.t4	A	anno1.g5890.t2	A
anno1.g2378.t1	A	anno1.g5891.t1	A
anno1.g2379.t1	A	anno1.g5893.t1	A
anno1.g2380.t1	A	anno1.g6124.t1	A
anno1.g2381.t2	A	anno1.g6125.t1	A
anno1.g2382.t2	A	anno1.g6256.t2	A
anno1.g2383.t1	A	anno1.g6255.t1	A
anno1.g2385.t2	A	anno1.g6254.t2	A
anno1.g2387.t1	A	anno1.g6252.t1	A
anno1.g2388.t1	A	anno1.g6251.t1	A
anno1.g2389.t2	A	anno1.g6250.t1	A
anno1.g2390.t1	A	anno1.g7274.t1	A
anno1.g2393.t1	A	anno1.g6245.t1	A
anno1.g2394.t1	A	anno1.g6143.t1	A
anno1.g2395.t1	A	anno1.g6244.t1	A
anno1.g2397.t1	A	anno1.g6242.t1	A
anno1.g2398.t1	A	anno1.g6241.t1	A
anno1.g2399.t1	A	anno1.g6240.t1	A
anno1.g2401.t2	A	anno1.g6236.t1	A
anno1.g2402.t1	A	anno1.g6235.t2	A
anno1.g2403.t1	A	anno1.g6234.t1	A
anno1.g2404.t1	A	anno1.g6232.t1	A
anno1.g2405.t1	A	anno1.g6231.t1	A
anno1.g2406.t1	A	anno1.g13370.t1	A
anno1.g2410.t1	A	anno1.g6230.t1	A
anno1.g2411.t2	A	anno1.g6229.t2	A
anno1.g2412.t1	A	anno1.g6228.t1	A
anno1.g2413.t1	A	anno1.g6227.t1	A
anno1.g2415.t2	A	anno1.g6225.t1	A
anno1.g2417.t1	A	anno1.g6224.t1	A
anno1.g2418.t1	A	anno1.g6223.t1	A
anno1.g2419.t1	A	anno1.g6222.t1	A
anno1.g2420.t1	A	anno1.g6221.t1	A
anno1.g2421.t2	A	anno1.g6220.t13	A
anno1.g2422.t1	A	anno1.g12675.t1	A
anno1.g2424.t1	A	anno1.g6802.t1	A
anno1.g2426.t1	A	anno1.g14310.t1	A
anno1.g2427.t1	A	anno1.g14311.t1	A
anno1.g2428.t1	A	anno1.g14313.t1	A
anno1.g2429.t1	A	anno1.g6214.t1	A
anno1.g2430.t1	A	anno1.g14315.t1	A
anno1.g2431.t4	A	anno1.g6212.t2	A
anno1.g2432.t1	A	anno1.g6211.t1	A
anno1.g2433.t2	A	anno1.g6123.t1	A
anno1.g2435.t1	A	anno1.g6122.t2	A
anno1.g2436.t1	A	anno1.g6121.t1	A
anno1.g2437.t1	A	anno1.g6119.t3	A
anno1.g2438.t3	A	anno1.g6118.t1	A
anno1.g2439.t1	A	anno1.g6117.t1	A
anno1.g2440.t1	A	anno1.g6116.t1	A
anno1.g2441.t1	A	anno1.g6115.t1	A
anno1.g2442.t1	A	anno1.g6114.t1	A
anno1.g2444.t1	A	anno1.g6113.t1	A
anno1.g2445.t1	A	anno1.g6110.t1	A
anno1.g2446.t3	A	anno1.g6104.t3	A
anno1.g2447.t1	A	anno1.g6100.t1	A
anno1.g2448.t1	A	anno1.g6099.t1	A
anno1.g2449.t1	A	anno1.both_agree_g15325.t1	A
anno1.g2451.t2	A	anno1.g6097.t1	A
anno1.g2452.t1	A	anno1.g6096.t1	A
anno1.g2453.t1	A	anno1.g6095.t1	A
anno1.g2454.t1	A	anno1.g6094.t1	A
anno1.g2455.t1	A	anno1.g6093.t1	A
anno1.g2458.t1	A	anno1.g6091.t1	A
anno1.g2459.t1	A	anno1.g6090.t1	A
anno1.g2460.t1	A	anno1.g6331.t1	A
anno1.g2461.t1	A	anno1.g6332.t1	A
anno1.g2464.t1	A	anno1.g6335.t2	A
anno1.g2466.t1	A	anno1.g6337.t1	A
anno1.g2469.t1	A	anno1.g3339.t1	A
anno1.g2470.t1	A	anno1.g6339.t1	A
anno1.g2471.t1	A	anno1.g6344.t1	A
anno1.g2472.t1	A	anno1.g6345.t1	A
anno1.g2473.t1	A	anno1.g6346.t1	A
anno1.g2474.t1	A	anno1.g6347.t1	A
anno1.g2475.t1	A	anno1.g6348.t1	A
anno1.g2477.t2	A	anno1.g6349.t1	A
anno1.g2478.t1	A	anno1.g6350.t2	A
anno1.g2479.t1	A	anno1.g6353.t1	A
anno1.g2480.t1	A	anno1.g6887.t1	A
anno1.g2481.t1	A	anno1.g6886.t1	A
anno1.g2482.t2	A	anno1.g6885.t5	A
anno1.g2483.t1	A	anno1.g6884.t1	A
anno1.g2484.t1	A	anno1.g6883.t1	A
anno1.g2486.t1	A	anno1.g6882.t2	A
anno1.g2487.t1	A	anno1.g6881.t1	A
anno1.g2488.t1	A	anno1.g6880.t1	A
anno1.g2489.t1	A	anno1.g6879.t1	A
anno1.g2490.t1	A	anno1.g6878.t1	A
anno1.g2491.t1	A	anno1.g6877.t1	A
anno1.g2492.t1	A	anno1.g6876.t1	A
anno1.g2493.t1	A	anno1.g6875.t1	A
anno1.g2494.t1	A	anno1.g6874.t1	A
anno1.g2495.t1	A	anno1.g6862.t1	A
anno1.g2496.t1	A	anno1.g6868.t1	A
anno1.g2497.t1	A	anno1.g6869.t1	A
anno1.g2498.t1	A	anno1.g6872.t1	A
anno1.g2499.t1	A	anno1.g6873.t1	A
anno1.g2500.t1	A	anno1.g6355.t1	A
anno1.g2501.t1	A	anno1.g11870.t3	A
anno1.g2502.t1	A	anno1.g6357.t1	A
anno1.g2503.t1	A	anno1.g6358.t2	A
anno1.g2504.t1	A	anno1.g6359.t3	A
anno1.g2505.t1	A	anno1.g6365.t1	A
anno1.g2506.t1	A	anno1.g6366.t1	A
anno1.g2508.t2	A	anno1.g6367.t2	A
anno1.g2509.t1	A	anno1.g6368.t1	A
anno1.g2510.t1	A	anno1.g6369.t1	A
anno1.g2511.t1	A	anno1.g6370.t1	A
anno1.g2512.t1	A	anno1.g6397.t1	A
anno1.g2513.t1	A	anno1.g604.t1	A
anno1.g2514.t1	A	anno1.g6396.t1	A
anno1.g2515.t1	A	anno1.g6395.t1	A
anno1.g2516.t1	A	anno1.g6394.t1	A
anno1.g2517.t1	A	anno1.g6393.t1	A
anno1.g2518.t2	A	anno1.g6392.t1	A
anno1.g2519.t1	A	anno1.g6391.t1	A
anno1.g2520.t1	A	anno1.g6390.t1	A
anno1.g2521.t2	A	anno1.g6388.t1	A
anno1.g2522.t1	A	anno1.g6387.t1	A
anno1.g2526.t2	A	anno1.g6386.t2	A
anno1.g2528.t1	A	anno1.g2544.t1	A
anno1.g2532.t1	A	anno1.g6380.t1	A
anno1.g2533.t1	A	anno1.g6379.t1	A
anno1.g2534.t1	A	anno1.g6377.t2	A
anno1.g2535.t2	A	anno1.g6376.t1	A
anno1.g2536.t1	A	anno1.g6375.t1	A
anno1.g2537.t1	A	anno1.g6374.t1	A
anno1.g2538.t1	A	anno1.g6373.t1	A
anno1.g2539.t1	A	anno1.g14838.t2	A
anno1.g2540.t1	A	anno1.g6372.t1	A
anno1.g2541.t1	A	anno1.g6371.t1	A
anno1.g2542.t1	A	anno1.g14683.t1	A
anno1.g2543.t1	A	anno1.g14689.t1	A
anno1.g2544.t1	A	anno1.g6412.t1	A
anno1.g2545.t1	A	anno1.g6411.t2	A
anno1.g2546.t1	A	anno1.g14684.t1	A
anno1.g2547.t1	A	anno1.g14682.t1	A
anno1.g2548.t1	A	anno1.g14680.t1	A
anno1.g2549.t1	A	anno1.g14679.t1	A
anno1.g2550.t1	A	anno1.g6404.t1	A
anno1.g2551.t1	A	anno1.g14677.t1	A
anno1.g2552.t1	A	anno1.g14676.t1	A
anno1.g2553.t1	A	anno1.g6401.t1	A
anno1.g2554.t1	A	anno1.g14675.t1	A
anno1.g2555.t2	A	anno1.g14674.t2	A
anno1.g2556.t1	A	anno1.g6398.t1	A
anno1.g2559.t1	A	anno1.g12587.t1	A
anno1.g2560.t1	A	anno1.g6419.t1	A
anno1.g2561.t1	A	anno1.g6420.t1	A
anno1.g2563.t1	A	anno1.g6422.t2	A
anno1.g2564.t1	A	anno1.g6425.t1	A
anno1.g2567.t1	A	anno1.g6427.t1	A
anno1.g2568.t1	A	anno1.g14670.t1	A
anno1.g2569.t1	A	anno1.g14669.t1	A
anno1.g2579.t2	A	anno1.g5792.t6	A
anno1.g2581.t1	A	anno1.g5790.t1	A
anno1.g2582.t2	A	anno1.g5789.t2	A
anno1.g2583.t1	A	anno1.g5779.t1	A
anno1.g2584.t1	A	anno1.g5780.t1	A
anno1.g2585.t1	A	anno1.g5781.t1	A
anno1.g2586.t1	A	anno1.g5782.t1	A
anno1.g2587.t1	A	anno1.g5784.t1	A
anno1.g2588.t1	A	anno1.g5786.t1	A
anno1.g2589.t2	A	anno1.g5787.t1	A
anno1.g2590.t1	A	anno1.g5788.t1	A
anno1.g2598.t1	A	anno1.g5778.t1	A
anno1.g2599.t1	A	anno1.g5776.t1	A
anno1.g2600.t1	A	anno1.g5775.t1	A
anno1.g2601.t1	A	anno1.g5774.t1	A
anno1.g2602.t1	A	anno1.g5773.t1	A
anno1.g2603.t1	A	anno1.g5772.t1	A
anno1.g2604.t1	A	anno1.g5767.t1	A
anno1.g2605.t1	A	anno1.g5768.t1	A
anno1.g2606.t1	A	anno1.g5769.t1	A
anno1.g2607.t1	A	anno1.g5771.t1	A
anno1.g2608.t1	A	anno1.g5770.t1	A
anno1.g2609.t1	A	anno1.g6019.t1	A
anno1.g2610.t1	A	anno1.g6456.t1	A
anno1.g2611.t1	A	anno1.g6455.t1	A
anno1.g2613.t1	A	anno1.g6457.t1	A
anno1.g2616.t1	A	anno1.g6460.t1	A
anno1.g2617.t1	A	anno1.g6461.t1	A
anno1.g2618.t1	A	anno1.g6462.t1	A
anno1.g2619.t1	A	anno1.g6463.t1	A
anno1.g2620.t1	A	anno1.g6464.t1	A
anno1.g2621.t1	A	anno1.g6465.t1	A
anno1.g2622.t1	A	anno1.g6467.t1	A
anno1.g2624.t1	A	anno1.g6468.t1	A
anno1.g2626.t1	A	anno1.g6471.t1	A
anno1.g2627.t1	A	anno1.g6472.t1	A
anno1.g2629.t1	A	anno1.g6474.t1	A
anno1.g2633.t1	A	anno1.g6475.t1	A
anno1.g2635.t1	A	anno1.g6479.t1	A
anno1.g2637.t1	A	anno1.g6485.t1	A
anno1.g2639.t1	A	anno1.g6487.t2	A
anno1.g2640.t1	A	anno1.g6488.t1	A
anno1.g2642.t1	A	anno1.g6491.t1	A
anno1.g2644.t1	A	anno1.g6492.t2	A
anno1.g2645.t2	A	anno1.g6493.t1	A
anno1.g2646.t1	A	anno1.g6494.t1	A
anno1.g2647.t1	A	anno1.g6498.t1	A
anno1.g2659.t1	A	anno1.g6511.t2	A
anno1.g2661.t2	A	anno1.g6512.t1	A
anno1.g2662.t1	A	anno1.g6513.t2	A
anno1.g2663.t1	A	anno1.g1367.t1	A
anno1.g2664.t1	A	anno1.g6514.t1	A
anno1.g2667.t2	A	anno1.g6516.t3	A
anno1.g2669.t2	A	anno1.g6517.t2	A
anno1.g2670.t1	A	anno1.g6518.t1	A
anno1.g2671.t1	A	anno1.g6519.t1	A
anno1.g2673.t1	A	anno1.g6520.t4	A
anno1.g2674.t1	A	anno1.g6521.t1	A
anno1.g2675.t1	A	anno1.g6522.t2	A
anno1.g2678.t1	A	anno1.g6523.t1	A
anno1.g2679.t1	A	anno1.g6525.t1	A
anno1.g2680.t1	A	anno1.g6526.t1	A
anno1.g2682.t1	A	anno1.g6528.t3	A
anno1.g2683.t1	A	anno1.g6529.t1	A
anno1.g2684.t1	A	anno1.g6530.t1	A
anno1.g2685.t1	A	anno1.g6531.t1	A
anno1.g2686.t1	A	anno1.g6532.t1	A
anno1.g2687.t1	A	anno1.g6533.t1	A
anno1.g2688.t1	A	anno1.g5875.t1	A
anno1.g2689.t1	A	anno1.g5872.t1	A
anno1.g2690.t1	A	anno1.g5871.t1	A
anno1.g2691.t2	A	anno1.g5870.t1	A
anno1.g2692.t1	A	anno1.g5869.t2	A
anno1.g2694.t1	A	anno1.g5866.t2	A
anno1.g2706.t1	A	anno1.g5860.t2	A
anno1.g2708.t1	A	anno1.g5859.t1	A
anno1.g2710.t1	A	anno1.g10288.t1	A
anno1.g2718.t1	A	anno1.g5997.t1	A
anno1.g2722.t2	A	anno1.g1696.t1	X
anno1.g2734.t2	A	anno1.g5996.t1	A
anno1.g2735.t1	A	anno1.g9293.t1	A
anno1.g2736.t1	A	anno1.g5995.t2	A
anno1.g2738.t1	A	anno1.g5994.t1	A
anno1.g2739.t1	A	anno1.g5901.t1	A
anno1.g2740.t1	A	anno1.g5898.t1	A
anno1.g2741.t1	A	anno1.g5895.t1	A
anno1.g2743.t1	A	anno1.g6950.t1	A
anno1.g2744.t3	A	anno1.g5837.t3	A
anno1.g2746.t1	A	anno1.g5835.t1	A
anno1.g2748.t1	A	anno1.g5836.t1	A
anno1.g2751.t1	A	anno1.g6501.t1	A
anno1.g2757.t1	A	anno1.g5830.t1	A
anno1.g2759.t1	A	anno1.g5831.t1	A
anno1.g2762.t1	A	anno1.g5827.t1	A
anno1.g2763.t1	A	anno1.g9802.t1	A
anno1.g2764.t1	A	anno1.g5935.t1	A
anno1.g2766.t1	A	anno1.g5937.t1	A
anno1.g2767.t1	A	anno1.g5938.t1	A
anno1.g2768.t1	A	anno1.g5940.t1	A
anno1.g2769.t1	A	anno1.g5941.t1	A
anno1.g2770.t1	A	anno1.g5899.t1	A
anno1.g2771.t1	A	anno1.g9160.t1	A
anno1.g2772.t1	A	anno1.g2653.t1	A
anno1.g2775.t1	A	anno1.g5796.t1	A
anno1.g2778.t1	A	anno1.g6657.t1	A
anno1.g2779.t1	A	anno1.g6658.t1	A
anno1.g2780.t1	A	anno1.g6656.t1	A
anno1.g2781.t2	A	anno1.g6655.t1	A
anno1.g2782.t2	A	anno1.g6654.t1	A
anno1.g2783.t1	A	anno1.g6653.t1	A
anno1.g2784.t1	A	anno1.g6651.t1	A
anno1.g2785.t1	A	anno1.g5998.t1	A
anno1.g2786.t1	A	anno1.g13961.t1	A
anno1.g2787.t1	A	anno1.g5798.t1	A
anno1.g2790.t2	A	anno1.g6453.t1	A
anno1.g2791.t1	A	anno1.g6649.t1	A
anno1.g2792.t1	A	anno1.g6650.t1	A
anno1.g2794.t1	A	anno1.g6051.t1	A
anno1.g2795.t1	A	anno1.g6052.t1	A
anno1.g2796.t1	A	anno1.g6053.t1	A
anno1.g2804.t1	A	anno1.g6059.t1	A
anno1.g2805.t1	A	anno1.g6060.t1	A
anno1.g2806.t1	A	anno1.g6061.t1	A
anno1.g2808.t3	A	anno1.g6062.t1	A
anno1.g2811.t1	A	anno1.g6064.t2	A
anno1.g2812.t2	A	anno1.g6065.t1	A
anno1.g2814.t1	A	anno1.g6066.t1	A
anno1.g2815.t1	A	anno1.g6071.t3	A
anno1.g2818.t1	A	anno1.g6072.t1	A
anno1.g2821.t1	A	anno1.g6075.t1	A
anno1.g2822.t1	A	anno1.g6076.t1	A
anno1.g2823.t2	A	anno1.g6078.t2	A
anno1.g2824.t1	A	anno1.g6077.t1	A
anno1.g2825.t1	A	anno1.g6079.t2	A
anno1.g2826.t1	A	anno1.g6080.t1	A
anno1.g2827.t1	A	anno1.g6081.t1	A
anno1.g2829.t1	A	anno1.g6082.t1	A
anno1.g2833.t1	A	anno1.g8044.t1	A
anno1.g2842.t1	A	anno1.g7108.t1	A
anno1.g2843.t1	A	anno1.g7109.t1	A
anno1.g2844.t1	A	anno1.g7110.t1	A
anno1.g2845.t1	A	anno1.g7111.t1	A
anno1.g2846.t1	A	anno1.g7112.t1	A
anno1.g2847.t1	A	anno1.g7113.t1	A
anno1.g2848.t1	A	anno1.g7115.t1	A
anno1.g2851.t1	A	anno1.g9992.t1	A
anno1.g2862.t1	A	anno1.g7204.t1	A
anno1.g2866.t1	A	anno1.g1686.t1	X
anno1.g2869.t1	A	anno1.g7134.t1	A
anno1.g2876.t1	A	anno1.g8462.t1	A
anno1.g2882.t2	A	anno1.g6791.t2	A
anno1.g2883.t1	A	anno1.g6792.t2	A
anno1.g2884.t1	A	anno1.g6795.t1	A
anno1.g2885.t1	A	anno1.g6796.t1	A
anno1.g2886.t1	A	anno1.g6798.t1	A
anno1.g2888.t1	A	anno1.g6800.t1	A
anno1.g2889.t1	A	anno1.g6804.t1	A
anno1.g2890.t2	A	anno1.g6805.t1	A
anno1.g2891.t1	A	anno1.g6806.t2	A
anno1.g2892.t1	A	anno1.g6807.t1	A
anno1.g2893.t1	A	anno1.g6808.t1	A
anno1.g2894.t2	A	anno1.g6860.t1	A
anno1.g2895.t1	A	anno1.g6859.t1	A
anno1.g2897.t2	A	anno1.g6858.t3	A
anno1.g2898.t1	A	anno1.g6857.t1	A
anno1.g2899.t1	A	anno1.g6856.t1	A
anno1.g2900.t1	A	anno1.g6855.t1	A
anno1.g2901.t1	A	anno1.g6854.t1	A
anno1.g2902.t1	A	anno1.g6853.t1	A
anno1.g2903.t1	A	anno1.g6852.t2	A
anno1.g2904.t1	A	anno1.g6851.t1	A
anno1.g2905.t1	A	anno1.g6850.t1	A
anno1.g2906.t2	A	anno1.g6849.t2	A
anno1.g2907.t1	A	anno1.g6848.t1	A
anno1.g2908.t1	A	anno1.g6847.t1	A
anno1.g2909.t1	A	anno1.g6846.t1	A
anno1.g2910.t1	A	anno1.g6845.t1	A
anno1.g2911.t1	A	anno1.g6844.t1	A
anno1.g2912.t1	A	anno1.g6842.t2	A
anno1.g2914.t1	A	anno1.g6840.t1	A
anno1.g2915.t4	A	anno1.g6839.t3	A
anno1.g2916.t1	A	anno1.g6838.t1	A
anno1.g2917.t1	A	anno1.g6837.t1	A
anno1.g2918.t1	A	anno1.g6832.t1	A
anno1.g2919.t1	A	anno1.g6831.t1	A
anno1.g2920.t1	A	anno1.g6830.t1	A
anno1.g2921.t2	A	anno1.g6828.t1	A
anno1.g2922.t1	A	anno1.g6829.t2	A
anno1.g2923.t1	A	anno1.g6827.t1	A
anno1.g2924.t1	A	anno1.g6826.t1	A
anno1.g2925.t1	A	anno1.g6825.t1	A
anno1.g2926.t1	A	anno1.g6824.t1	A
anno1.g2928.t3	A	anno1.g6821.t2	A
anno1.g2929.t1	A	anno1.g6820.t1	A
anno1.g2930.t1	A	anno1.g6819.t1	A
anno1.g2931.t1	A	anno1.g380.t1	A
anno1.g2932.t1	A	anno1.g6817.t1	A
anno1.g2936.t1	A	anno1.g6815.t2	A
anno1.g2937.t1	A	anno1.g6814.t1	A
anno1.g2938.t1	A	anno1.g6813.t1	A
anno1.g2940.t1	A	anno1.g6812.t1	A
anno1.g2941.t1	A	anno1.g6811.t1	A
anno1.g2942.t1	A	anno1.g6809.t1	A
anno1.g2944.t1	A	anno1.g6783.t1	A
anno1.g2945.t1	A	anno1.g5140.t1	A
anno1.g2947.t1	A	anno1.g6776.t1	A
anno1.g2948.t1	A	anno1.g6771.t1	A
anno1.g2950.t1	A	anno1.g6772.t1	A
anno1.g2951.t1	A	anno1.g6773.t1	A
anno1.g2953.t1	A	anno1.g6770.t1	A
anno1.g2954.t1	A	anno1.g6768.t4	A
anno1.g2955.t2	A	anno1.g6767.t2	A
anno1.g2956.t1	A	anno1.g1359.t1	A
anno1.g2958.t1	A	anno1.g6765.t1	A
anno1.g2959.t1	A	anno1.g6764.t1	A
anno1.g2960.t1	A	anno1.g6763.t1	A
anno1.g2962.t2	A	anno1.g6755.t1	A
anno1.g2963.t1	A	anno1.g6757.t1	A
anno1.g2964.t1	A	anno1.g6758.t1	A
anno1.g2967.t1	A	anno1.g6753.t1	A
anno1.g2968.t1	A	anno1.g6752.t2	A
anno1.g2969.t1	A	anno1.g6751.t1	A
anno1.g2972.t1	A	anno1.g6750.t1	A
anno1.g2973.t2	A	anno1.g6749.t1	A
anno1.g2975.t1	A	anno1.g6748.t1	A
anno1.g2976.t1	A	anno1.g6745.t1	A
anno1.g2977.t1	A	anno1.g6744.t1	A
anno1.g2978.t1	A	anno1.g6741.t1	A
anno1.g2979.t1	A	anno1.g6740.t1	A
anno1.g2980.t1	A	anno1.g6739.t1	A
anno1.g2981.t2	A	anno1.g6737.t3	A
anno1.g2982.t1	A	anno1.g6736.t1	A
anno1.g2983.t1	A	anno1.g6735.t1	A
anno1.g2984.t1	A	anno1.g6733.t1	A
anno1.g2985.t1	A	anno1.g6732.t1	A
anno1.g2991.t1	A	anno1.g6730.t1	A
anno1.g2995.t1	A	anno1.g6725.t2	A
anno1.g2996.t1	A	anno1.g6724.t1	A
anno1.g2997.t1	A	anno1.g6723.t1	A
anno1.g2998.t2	A	anno1.g6722.t1	A
anno1.g3004.t1	A	anno1.g5816.t1	A
anno1.both_agree_g6056.t1	A	anno1.g6713.t1	A
anno1.g3011.t1	A	anno1.g6712.t2	A
anno1.g3012.t1	A	anno1.g6711.t1	A
anno1.g3013.t1	A	anno1.g6710.t3	A
anno1.g3014.t1	A	anno1.g6709.t1	A
anno1.g3015.t1	A	anno1.g6708.t2	A
anno1.g3017.t1	A	anno1.g6707.t1	A
anno1.g3020.t1	A	anno1.g6705.t2	A
anno1.g3021.t1	A	anno1.g6704.t1	A
anno1.g3022.t1	A	anno1.g6703.t1	A
anno1.g3023.t1	A	anno1.g6702.t1	A
anno1.g3024.t2	A	anno1.g6701.t2	A
anno1.g3025.t1	A	anno1.g6699.t2	A
anno1.g3026.t1	A	anno1.g6700.t1	A
anno1.g3027.t1	A	anno1.g6698.t1	A
anno1.g3028.t3	A	anno1.g6697.t2	A
anno1.g3030.t1	A	anno1.g6695.t1	A
anno1.g3031.t1	A	anno1.g6694.t1	A
anno1.g3032.t1	A	anno1.g6693.t1	A
anno1.g3033.t1	A	anno1.g6691.t3	A
anno1.g3034.t1	A	anno1.g6690.t1	A
anno1.g3035.t1	A	anno1.g6689.t1	A
anno1.g3037.t1	A	anno1.g6688.t1	A
anno1.g3038.t1	A	anno1.g6687.t1	A
anno1.g3039.t2	A	anno1.g6685.t1	A
anno1.g3040.t1	A	anno1.g6684.t2	A
anno1.g3041.t1	A	anno1.g6682.t2	A
anno1.g3043.t1	A	anno1.g6677.t1	A
anno1.g3044.t1	A	anno1.g6676.t1	A
anno1.g3045.t1	A	anno1.g6674.t1	A
anno1.g3055.t1	A	anno1.g6669.t1	A
anno1.g3058.t1	A	anno1.g6665.t1	A
anno1.g3059.t1	A	anno1.g6664.t1	A
anno1.g3060.t1	A	anno1.g2766.t1	A
anno1.g3061.t1	A	anno1.g6662.t1	A
anno1.g3062.t1	A	anno1.g6661.t1	A
anno1.g3063.t1	A	anno1.g6659.t1	A
anno1.g3064.t1	A	anno1.g6050.t1	A
anno1.g3065.t1	A	anno1.g6048.t1	A
anno1.g3066.t1	A	anno1.g6047.t1	A
anno1.g3067.t1	A	anno1.g6046.t1	A
anno1.g3068.t1	A	anno1.g6045.t1	A
anno1.g3069.t1	A	anno1.g6044.t1	A
anno1.g3070.t1	A	anno1.g6043.t1	A
anno1.g3071.t1	A	anno1.g6042.t1	A
anno1.g3072.t1	A	anno1.g6041.t1	A
anno1.g3073.t1	A	anno1.g6040.t1	A
anno1.g3074.t1	A	anno1.g6039.t2	A
anno1.g3077.t1	A	anno1.g6033.t1	A
anno1.g3079.t2	A	anno1.g6032.t1	A
anno1.g3080.t1	A	anno1.g6031.t2	A
anno1.g3082.t1	A	anno1.g7027.t1	A
anno1.g3083.t1	A	anno1.g7026.t1	A
anno1.g3084.t1	A	anno1.g7025.t1	A
anno1.g3085.t1	A	anno1.g7024.t2	A
anno1.g3086.t1	A	anno1.g7023.t1	A
anno1.g3087.t1	A	anno1.g7020.t1	A
anno1.g3089.t1	A	anno1.g7018.t1	A
anno1.g3090.t1	A	anno1.g7017.t1	A
anno1.g3091.t1	A	anno1.g7016.t1	A
anno1.g3092.t1	A	anno1.g7013.t1	A
anno1.g3093.t1	A	anno1.g7012.t1	A
anno1.g3095.t1	A	anno1.g7003.t2	A
anno1.g3096.t1	A	anno1.g7001.t1	A
anno1.g3098.t1	A	anno1.g7000.t1	A
anno1.g3099.t1	A	anno1.g6999.t1	A
anno1.g3106.t1	A	anno1.g6997.t1	A
anno1.g3108.t1	A	anno1.g6994.t1	A
anno1.g3110.t1	A	anno1.g14320.t1	A
anno1.g3111.t1	A	anno1.g6988.t1	A
anno1.g3112.t1	A	anno1.g6986.t1	A
anno1.g3115.t1	A	anno1.g6023.t1	A
anno1.g3118.t1	A	anno1.g6025.t1	A
anno1.g3120.t1	A	anno1.g6027.t1	A
anno1.g3123.t1	A	anno1.g6028.t1	A
anno1.g3124.t1	A	anno1.g6029.t1	A
anno1.g3125.t1	A	anno1.g6030.t1	A
anno1.g3126.t1	A	anno1.g7029.t1	A
anno1.g3127.t1	A	anno1.g7030.t1	A
anno1.g3128.t1	A	anno1.g7031.t1	A
anno1.g3129.t1	A	anno1.g6323.t1	A
anno1.g3130.t1	A	anno1.g7032.t1	A
anno1.g3131.t1	A	anno1.g7034.t1	A
anno1.g3132.t1	A	anno1.g7035.t1	A
anno1.g3135.t1	A	anno1.g7036.t1	A
anno1.g3136.t2	A	anno1.g7039.t2	A
anno1.g3137.t1	A	anno1.g7040.t1	A
anno1.g3138.t1	A	anno1.g7042.t1	A
anno1.g3139.t1	A	anno1.g7043.t1	A
anno1.g3140.t1	A	anno1.g7044.t1	A
anno1.g3141.t1	A	anno1.g7045.t1	A
anno1.g3142.t2	A	anno1.g7047.t2	A
anno1.g3143.t2	A	anno1.g7048.t1	A
anno1.g3144.t1	A	anno1.g7049.t1	A
anno1.g3145.t2	A	anno1.g7051.t1	A
anno1.g3146.t1	A	anno1.g7068.t1	A
anno1.g3147.t1	A	anno1.g7070.t2	A
anno1.g3150.t1	A	anno1.g7163.t1	A
anno1.g3151.t1	A	anno1.g7162.t1	A
anno1.g3152.t1	A	anno1.g7161.t1	A
anno1.g3153.t1	A	anno1.g10148.t1	A
anno1.g3157.t1	A	anno1.g7160.t2	A
anno1.g3158.t1	A	anno1.g7157.t1	A
anno1.g3160.t1	A	anno1.g7138.t1	A
anno1.g3161.t1	A	anno1.g7071.t2	A
anno1.g3162.t1	A	anno1.g7139.t1	A
anno1.g3165.t1	A	anno1.g7141.t1	A
anno1.g3166.t1	A	anno1.g7142.t1	A
anno1.g3167.t1	A	anno1.g7143.t1	A
anno1.g3169.t1	A	anno1.g7144.t2	A
anno1.g3170.t4	A	anno1.g7145.t3	A
anno1.g3171.t2	A	anno1.g7146.t1	A
anno1.g3172.t2	A	anno1.g7147.t2	A
anno1.g3173.t1	A	anno1.g14750.t1	A
anno1.g3174.t1	A	anno1.g6106.t1	A
anno1.g3175.t1	A	anno1.g6107.t1	A
anno1.g3176.t1	A	anno1.g6108.t1	A
anno1.g3177.t1	A	anno1.g7210.t1	A
anno1.g3178.t1	A	anno1.g7209.t1	A
anno1.g3179.t1	A	anno1.g7208.t1	A
anno1.g3183.t3	A	anno1.g7198.t1	A
anno1.g3184.t1	A	anno1.g7197.t2	A
anno1.g3185.t1	A	anno1.g7196.t1	A
anno1.g3186.t1	A	anno1.g7194.t1	A
anno1.g3188.t1	A	anno1.g7192.t1	A
anno1.g3189.t1	A	anno1.g7191.t1	A
anno1.g3190.t2	A	anno1.g7190.t2	A
anno1.g3191.t1	A	anno1.g7189.t2	A
anno1.g3192.t1	A	anno1.g7188.t1	A
anno1.g3194.t1	A	anno1.g11072.t1	A
anno1.g3195.t1	A	anno1.g7183.t1	A
anno1.g3196.t1	A	anno1.g7181.t2	A
anno1.g3197.t1	A	anno1.g7180.t1	A
anno1.g3199.t1	A	anno1.g7179.t1	A
anno1.g3200.t1	A	anno1.g7178.t1	A
anno1.g3201.t1	A	anno1.g7177.t1	A
anno1.g3202.t1	A	anno1.g7176.t1	A
anno1.g3203.t1	A	anno1.g7261.t2	A
anno1.g3205.t1	A	anno1.g7262.t1	A
anno1.g3206.t1	A	anno1.g7263.t1	A
anno1.g3208.t1	A	anno1.g7264.t2	A
anno1.g3209.t1	A	anno1.g7265.t1	A
anno1.g3213.t1	A	anno1.g7273.t2	A
anno1.g3214.t1	A	anno1.g7266.t1	A
anno1.g3215.t1	A	anno1.g7267.t1	A
anno1.g3217.t2	A	anno1.g7268.t2	A
anno1.g3218.t1	A	anno1.g7270.t1	A
anno1.g3220.t1	A	anno1.g7271.t1	A
anno1.g3221.t1	A	anno1.g14326.t1	A
anno1.g3222.t1	A	anno1.g7171.t1	A
anno1.g3223.t1	A	anno1.g14327.t1	A
anno1.g3224.t1	A	anno1.g7168.t1	A
anno1.g3225.t1	A	anno1.g7167.t1	A
anno1.g3226.t1	A	anno1.g7074.t1	A
anno1.g3227.t1	A	anno1.g7075.t1	A
anno1.g3228.t1	A	anno1.g7058.t1	A
anno1.g3229.t1	A	anno1.g7077.t2	A
anno1.g3230.t1	A	anno1.g7078.t1	A
anno1.g3232.t1	A	anno1.g7080.t1	A
anno1.g3233.t1	A	anno1.g7082.t1	A
anno1.g3234.t1	A	anno1.g7063.t1	A
anno1.g3235.t1	A	anno1.g7064.t1	A
anno1.g3236.t1	A	anno1.g7065.t1	A
anno1.g3238.t1	A	anno1.g7067.t1	A
anno1.g3241.t1	A	anno1.g7090.t2	A
anno1.g3245.t1	A	anno1.g7092.t1	A
anno1.g3247.t1	A	anno1.g7097.t1	A
anno1.g3251.t1	A	anno1.g6088.t1	A
anno1.g3253.t2	A	anno1.g6089.t1	A
anno1.g3254.t1	A	anno1.g14624.t1	A
anno1.g3256.t2	A	anno1.g14625.t2	A
anno1.g3257.t1	A	anno1.g14626.t1	A
anno1.g3258.t1	A	anno1.g14628.t1	A
anno1.g3263.t1	A	anno1.g1766.t1	X
anno1.g3267.t1	A	anno1.g7285.t1	A
anno1.g3269.t1	A	anno1.g7284.t1	A
anno1.g3270.t1	A	anno1.g7283.t1	A
anno1.g3271.t1	A	anno1.g7282.t1	A
anno1.g3273.t1	A	anno1.g14300.t1	A
anno1.g3274.t1	A	anno1.g6162.t1	A
anno1.g3275.t1	A	anno1.g6158.t2	A
anno1.g3276.t1	A	anno1.g6157.t1	A
anno1.g3277.t1	A	anno1.g6156.t1	A
anno1.g3278.t1	A	anno1.g6154.t2	A
anno1.g3279.t1	A	anno1.g6901.t1	A
anno1.g3282.t1	A	anno1.g6146.t1	A
anno1.g3283.t1	A	anno1.g6144.t1	A
anno1.g3284.t1	A	anno1.g6142.t1	A
anno1.g3286.t1	A	anno1.g6138.t1	A
anno1.g3287.t1	A	anno1.g6136.t2	A
anno1.g3288.t1	A	anno1.g6135.t1	A
anno1.g3289.t1	A	anno1.g6134.t2	A
anno1.g3294.t1	A	anno1.g6131.t1	A
anno1.g3295.t1	A	anno1.g6126.t1	A
anno1.g3296.t1	A	anno1.g5964.t1	A
anno1.g3299.t1	A	anno1.g6153.t1	A
anno1.g3300.t1	A	anno1.g6206.t1	A
anno1.g3303.t1	A	anno1.g6201.t1	A
anno1.g3305.t1	A	anno1.g6197.t2	A
anno1.g3306.t1	A	anno1.g6198.t1	A
anno1.g3310.t1	A	anno1.g6187.t1	A
anno1.g3311.t1	A	anno1.g6186.t1	A
anno1.g3313.t1	A	anno1.g6185.t1	A
anno1.g3318.t1	A	anno1.g6184.t1	A
anno1.g3320.t3	A	anno1.g6183.t3	A
anno1.g3321.t1	A	anno1.g6181.t1	A
anno1.g3322.t1	A	anno1.g6180.t1	A
anno1.g3323.t1	A	anno1.g6178.t1	A
anno1.g3324.t1	A	anno1.g6177.t2	A
anno1.g3325.t1	A	anno1.g6176.t1	A
anno1.g3329.t1	A	anno1.g6175.t1	A
anno1.g3330.t1	A	anno1.g6174.t2	A
anno1.g3331.t1	A	anno1.g6169.t1	A
anno1.g3332.t1	A	anno1.g6168.t1	A
anno1.g3334.t1	A	anno1.g6166.t2	A
anno1.g3335.t1	A	anno1.g5969.t1	A
anno1.g3338.t2	A	anno1.g6209.t1	A
anno1.g3340.t1	A	anno1.g5838.t1	A
anno1.g3341.t1	A	anno1.g5839.t1	A
anno1.g3343.t1	A	anno1.g5840.t2	A
anno1.g3344.t2	A	anno1.g5841.t2	A
anno1.g3345.t1	A	anno1.g5842.t1	A
anno1.g3346.t1	A	anno1.g5843.t1	A
anno1.g3347.t1	A	anno1.g5844.t1	A
anno1.g3348.t1	A	anno1.g5845.t1	A
anno1.g3349.t1	A	anno1.g5846.t1	A
anno1.g3351.t1	A	anno1.g5847.t1	A
anno1.g3352.t1	A	anno1.g11431.t1	A
anno1.g3353.t1	A	anno1.g5848.t2	A
anno1.g3354.t2	A	anno1.g5851.t1	A
anno1.g3355.t1	A	anno1.g5855.t1	A
anno1.g3356.t1	A	anno1.g5854.t1	A
anno1.g3357.t1	A	anno1.g5853.t1	A
anno1.g3358.t1	A	anno1.g5852.t1	A
anno1.g3359.t1	A	anno1.g5947.t1	A
anno1.g3360.t1	A	anno1.g5948.t1	A
anno1.g3361.t1	A	anno1.g5949.t2	A
anno1.g3362.t1	A	anno1.g5950.t1	A
anno1.g3363.t1	A	anno1.g5951.t1	A
anno1.g3364.t1	A	anno1.g5952.t1	A
anno1.g3365.t1	A	anno1.g5953.t1	A
anno1.g3366.t1	A	anno1.g11997.t1	A
anno1.g3367.t1	A	anno1.g5955.t1	A
anno1.g3369.t1	A	anno1.g5961.t1	A
anno1.g3371.t1	A	anno1.g6164.t1	A
anno1.g3375.t1	A	anno1.g14394.t1	A
anno1.g3376.t1	A	anno1.g14393.t1	A
anno1.g3377.t1	A	anno1.g14392.t1	A
anno1.g3378.t1	A	anno1.g14391.t1	A
anno1.g3379.t1	A	anno1.g14390.t2	A
anno1.g3380.t1	A	anno1.g14389.t1	A
anno1.g3381.t1	A	anno1.g5757.t1	A
anno1.g3383.t1	A	anno1.g5758.t1	A
anno1.g3384.t2	A	anno1.g5759.t2	A
anno1.g3388.t1	A	anno1.g5760.t1	A
anno1.g3389.t1	A	anno1.g5761.t1	A
anno1.g3391.t1	A	anno1.g5825.t1	A
anno1.g3393.t1	A	anno1.g5826.t1	A
anno1.g3394.t1	A	anno1.g5749.t1	A
anno1.g3395.t1	A	anno1.g5750.t2	A
anno1.g3396.t2	A	anno1.g5751.t1	A
anno1.g3397.t1	A	anno1.g5752.t1	A
anno1.g3398.t1	A	anno1.g5753.t1	A
anno1.g3400.t1	A	anno1.g967.t1	A
anno1.g3404.t1	A	anno1.g5755.t1	A
anno1.g3405.t1	A	anno1.g14816.t1	A
anno1.g3406.t2	A	anno1.g5747.t1	A
anno1.g3407.t1	A	anno1.g5746.t2	A
anno1.g3409.t1	A	anno1.g5745.t1	A
anno1.g3410.t1	A	anno1.g5744.t1	A
anno1.g3411.t3	A	anno1.g5743.t6	A
anno1.g3413.t2	A	anno1.g5742.t1	A
anno1.g3417.t2	A	anno1.g5762.t1	A
anno1.g3419.t1	A	anno1.g5763.t1	A
anno1.g3421.t1	A	anno1.g5764.t1	A
anno1.g3422.t1	A	anno1.g5765.t1	A
anno1.g3423.t1	A	anno1.g5813.t1	A
anno1.g3424.t1	A	anno1.g5814.t1	A
anno1.g3425.t1	A	anno1.g6450.t1	A
anno1.g3426.t1	A	anno1.g6449.t2	A
anno1.g3428.t1	A	anno1.g5812.t2	A
anno1.g3429.t1	A	anno1.g5811.t1	A
anno1.g3430.t1	A	anno1.g5810.t1	A
anno1.g3431.t1	A	anno1.g5809.t1	A
anno1.g3432.t1	A	anno1.g5766.t1	A
anno1.g3437.t1	A	anno1.g6447.t1	A
anno1.g3438.t1	A	anno1.g6445.t1	A
anno1.g3439.t1	A	anno1.g6446.t1	A
anno1.g3440.t1	A	anno1.g6444.t1	A
anno1.g3442.t1	A	anno1.g6443.t1	A
anno1.g3443.t1	A	anno1.g11023.t3	A
anno1.g3444.t2	A	anno1.g11022.t1	A
anno1.g3445.t1	A	anno1.g11021.t3	A
anno1.g3446.t1	A	anno1.g11020.t1	A
anno1.g3447.t5	A	anno1.g11019.t6	A
anno1.g3448.t2	A	anno1.g11018.t1	A
anno1.g3452.t3	A	anno1.g11014.t2	A
anno1.g3453.t1	A	anno1.g11013.t1	A
anno1.g3454.t1	A	anno1.g11012.t1	A
anno1.g3456.t1	A	anno1.g11011.t1	A
anno1.g3457.t1	A	anno1.g11802.t1	A
anno1.g3458.t2	A	anno1.g11801.t1	A
anno1.g3459.t2	A	anno1.g11800.t2	A
anno1.g3460.t1	A	anno1.g11799.t1	A
anno1.g3461.t1	A	anno1.g11009.t1	A
anno1.g3462.t2	A	anno1.g11010.t3	A
anno1.g3463.t1	A	anno1.g11826.t1	A
anno1.g3464.t1	A	anno1.g11810.t1	A
anno1.g3465.t1	A	anno1.g11811.t1	A
anno1.g3467.t1	A	anno1.g11809.t1	A
anno1.g3469.t1	A	anno1.g11813.t1	A
anno1.g3470.t2	A	anno1.g11814.t1	A
anno1.g3471.t1	A	anno1.g11816.t1	A
anno1.g3472.t1	A	anno1.g14821.t1	A
anno1.g3473.t1	A	anno1.g14822.t1	A
anno1.g3474.t1	A	anno1.g14823.t1	A
anno1.g3475.t2	A	anno1.g11803.t1	A
anno1.g3476.t1	A	anno1.g11827.t1	A
anno1.g3477.t1	A	anno1.g14120.t1	A
anno1.g3478.t1	A	anno1.g11828.t1	A
anno1.g3482.t1	A	anno1.g11829.t1	A
anno1.g3484.t1	A	anno1.g11830.t1	A
anno1.g3489.t2	A	anno1.g11804.t1	A
anno1.g3490.t1	A	anno1.g11805.t1	A
anno1.g3491.t1	A	anno1.g11806.t1	A
anno1.g3492.t1	A	anno1.g11807.t1	A
anno1.g3493.t2	A	anno1.g11808.t1	A
anno1.g3494.t1	A	anno1.g11812.t1	A
anno1.g3495.t1	A	anno1.g11769.t1	A
anno1.g3496.t1	A	anno1.g11777.t1	A
anno1.g3497.t1	A	anno1.g11778.t1	A
anno1.g3498.t1	A	anno1.g11820.t1	A
anno1.g3499.t1	A	anno1.g11822.t1	A
anno1.g3500.t1	A	anno1.g11823.t1	A
anno1.g3501.t1	A	anno1.g11825.t1	A
anno1.g3502.t2	A	anno1.g11773.t1	A
anno1.g3503.t1	A	anno1.g11774.t2	A
anno1.g3504.t1	A	anno1.g5638.t1	A
anno1.g3505.t1	A	anno1.g5637.t1	A
anno1.g3506.t1	A	anno1.g11776.t1	A
anno1.g3507.t1	A	anno1.g11767.t1	A
anno1.g3508.t1	A	anno1.g11760.t1	A
anno1.g3509.t2	A	anno1.g11056.t2	A
anno1.g3510.t1	A	anno1.g11057.t1	A
anno1.g3511.t1	A	anno1.g11058.t4	A
anno1.g3512.t1	A	anno1.g11059.t1	A
anno1.g3513.t1	A	anno1.g11060.t1	A
anno1.g3514.t1	A	anno1.g11062.t1	A
anno1.g3516.t2	A	anno1.g11064.t2	A
anno1.g3517.t1	A	anno1.g11065.t1	A
anno1.g3518.t1	A	anno1.g11066.t2	A
anno1.g3519.t3	A	anno1.g11067.t1	A
anno1.g3520.t1	A	anno1.g11004.t1	A
anno1.g3521.t1	A	anno1.g11003.t1	A
anno1.g3522.t1	A	anno1.g11000.t1	A
anno1.g3523.t1	A	anno1.g10999.t2	A
anno1.g3524.t1	A	anno1.g10998.t1	A
anno1.g3525.t1	A	anno1.g10996.t1	A
anno1.g3526.t1	A	anno1.g10995.t1	A
anno1.g3527.t1	A	anno1.g10994.t2	A
anno1.g3528.t1	A	anno1.g10993.t1	A
anno1.g3529.t1	A	anno1.g10991.t1	A
anno1.g3530.t1	A	anno1.g10983.t1	A
anno1.g3532.t1	A	anno1.g10981.t1	A
anno1.g3533.t1	A	anno1.g10980.t1	A
anno1.g3534.t1	A	anno1.g10979.t1	A
anno1.g3535.t2	A	anno1.g10978.t1	A
anno1.g3536.t1	A	anno1.g10977.t1	A
anno1.g3537.t1	A	anno1.g10975.t1	A
anno1.g3538.t1	A	anno1.g10974.t2	A
anno1.g3539.t1	A	anno1.g10973.t1	A
anno1.g3540.t1	A	anno1.g10971.t1	A
anno1.g3541.t1	A	anno1.g10970.t1	A
anno1.g3543.t2	A	anno1.g11327.t1	A
anno1.g3544.t1	A	anno1.g10969.t1	A
anno1.g3545.t1	A	anno1.g10968.t1	A
anno1.g3549.t1	A	anno1.g10963.t1	A
anno1.g3550.t1	A	anno1.g10962.t1	A
anno1.g3552.t1	A	anno1.g10961.t1	A
anno1.g3553.t1	A	anno1.g10960.t1	A
anno1.g3554.t1	A	anno1.g10959.t1	A
anno1.g3555.t1	A	anno1.g10958.t1	A
anno1.g3556.t1	A	anno1.g10957.t1	A
anno1.g3557.t1	A	anno1.g10956.t1	A
anno1.g3558.t1	A	anno1.g9250.t1	A
anno1.g3559.t1	A	anno1.g10955.t1	A
anno1.g3560.t1	A	anno1.g10954.t1	A
anno1.g3561.t1	A	anno1.g10952.t1	A
anno1.g3562.t1	A	anno1.g10951.t1	A
anno1.g3563.t1	A	anno1.g10949.t1	A
anno1.g3565.t1	A	anno1.g10948.t2	A
anno1.g3566.t1	A	anno1.g10947.t1	A
anno1.g3567.t1	A	anno1.g10946.t1	A
anno1.g3568.t1	A	anno1.g10945.t1	A
anno1.g3569.t1	A	anno1.g10944.t1	A
anno1.g3570.t1	A	anno1.g10943.t1	A
anno1.g3571.t1	A	anno1.g10941.t1	A
anno1.g3572.t1	A	anno1.g10940.t1	A
anno1.g3573.t1	A	anno1.g10939.t1	A
anno1.g3574.t1	A	anno1.g10938.t1	A
anno1.g3575.t1	A	anno1.g10935.t1	A
anno1.g3576.t1	A	anno1.g10936.t1	A
anno1.g3577.t1	A	anno1.g10925.t1	A
anno1.g3578.t1	A	anno1.g10922.t1	A
anno1.g3579.t1	A	anno1.g10921.t3	A
anno1.g3580.t3	A	anno1.g10920.t2	A
anno1.g3581.t3	A	anno1.g10919.t2	A
anno1.g3582.t2	A	anno1.g10918.t1	A
anno1.g3583.t1	A	anno1.g10917.t1	A
anno1.g3584.t2	A	anno1.g10914.t2	A
anno1.g3585.t2	A	anno1.g10916.t2	A
anno1.g3586.t1	A	anno1.g10915.t1	A
anno1.g3587.t1	A	anno1.g10913.t1	A
anno1.g3588.t1	A	anno1.g10911.t1	A
anno1.g3589.t1	A	anno1.g10910.t1	A
anno1.g3591.t1	A	anno1.g10908.t1	A
anno1.g3592.t1	A	anno1.g10907.t1	A
anno1.g3593.t1	A	anno1.g10906.t1	A
anno1.g3594.t1	A	anno1.g10905.t1	A
anno1.g3595.t1	A	anno1.g10904.t1	A
anno1.g3596.t1	A	anno1.g10903.t1	A
anno1.g3597.t1	A	anno1.g10902.t1	A
anno1.g3598.t1	A	anno1.g10901.t1	A
anno1.g3599.t1	A	anno1.g10900.t1	A
anno1.g3600.t1	A	anno1.g11459.t4	A
anno1.g3601.t1	A	anno1.g11740.t1	A
anno1.g3602.t1	A	anno1.g11462.t1	A
anno1.g3603.t1	A	anno1.g11466.t1	A
anno1.g3604.t1	A	anno1.g11469.t1	A
anno1.g3605.t1	A	anno1.g11748.t1	A
anno1.g3606.t1	A	anno1.g11749.t2	A
anno1.g3607.t1	A	anno1.g11750.t1	A
anno1.g3608.t1	A	anno1.g11751.t1	A
anno1.g3609.t1	A	anno1.g11479.t1	A
anno1.g3610.t1	A	anno1.g11481.t1	A
anno1.g3611.t1	A	anno1.g11756.t1	A
anno1.g3612.t1	A	anno1.g11485.t1	A
anno1.g3614.t1	A	anno1.g11489.t1	A
anno1.g3615.t2	A	anno1.g11493.t2	A
anno1.g3616.t1	A	anno1.g11494.t2	A
anno1.g3618.t1	A	anno1.g11495.t1	A
anno1.g3620.t1	A	anno1.g10802.t1	A
anno1.g3622.t1	A	anno1.g10805.t1	A
anno1.g3623.t1	A	anno1.g10808.t1	A
anno1.g3625.t1	A	anno1.g10809.t1	A
anno1.g3626.t1	A	anno1.g10810.t1	A
anno1.g3627.t1	A	anno1.g10811.t1	A
anno1.g3628.t2	A	anno1.g10812.t2	A
anno1.g3629.t2	A	anno1.g10813.t2	A
anno1.g3630.t1	A	anno1.g10827.t1	A
anno1.g3631.t1	A	anno1.g10826.t2	A
anno1.g3632.t1	A	anno1.g10817.t1	A
anno1.g3633.t1	A	anno1.g10818.t1	A
anno1.g3634.t1	A	anno1.g10819.t1	A
anno1.g3637.t1	A	anno1.g10821.t1	A
anno1.g3640.t1	A	anno1.g10825.t1	A
anno1.g3644.t1	A	anno1.g10835.t1	A
anno1.g3645.t1	A	anno1.g10836.t1	A
anno1.g3646.t1	A	anno1.g10837.t1	A
anno1.g3647.t1	A	anno1.g10838.t2	A
anno1.g3648.t1	A	anno1.g10839.t1	A
anno1.g3650.t1	A	anno1.g10840.t1	A
anno1.g3651.t1	A	anno1.g10844.t2	A
anno1.g3652.t1	A	anno1.g10845.t1	A
anno1.g3653.t1	A	anno1.g10846.t1	A
anno1.g3654.t1	A	anno1.g10847.t1	A
anno1.g3655.t1	A	anno1.g10848.t2	A
anno1.g3656.t1	A	anno1.g10849.t1	A
anno1.g3657.t1	A	anno1.g11615.t1	A
anno1.g3658.t1	A	anno1.g11613.t1	A
anno1.g3659.t1	A	anno1.g11612.t2	A
anno1.g3660.t1	A	anno1.g11611.t1	A
anno1.g3662.t1	A	anno1.g11608.t1	A
anno1.g3663.t1	A	anno1.g11610.t1	A
anno1.g3664.t1	A	anno1.g11607.t1	A
anno1.g3665.t1	A	anno1.g11598.t1	A
anno1.g3666.t1	A	anno1.g11597.t1	A
anno1.g3667.t1	A	anno1.g11596.t1	A
anno1.g3668.t1	A	anno1.g11594.t1	A
anno1.g3669.t1	A	anno1.g11593.t1	A
anno1.g3670.t1	A	anno1.g11591.t1	A
anno1.g3671.t1	A	anno1.g11590.t2	A
anno1.g3672.t1	A	anno1.g11589.t1	A
anno1.g3673.t2	A	anno1.g11587.t1	A
anno1.g3674.t1	A	anno1.g11586.t1	A
anno1.g3675.t2	A	anno1.g11585.t1	A
anno1.g3676.t1	A	anno1.g11584.t2	A
anno1.g3677.t1	A	anno1.g11583.t2	A
anno1.g3678.t1	A	anno1.g11582.t1	A
anno1.g3679.t1	A	anno1.g11581.t1	A
anno1.g3680.t1	A	anno1.g11580.t1	A
anno1.g3681.t1	A	anno1.g11579.t1	A
anno1.g3682.t1	A	anno1.g11578.t1	A
anno1.g3683.t1	A	anno1.g11570.t1	A
anno1.g3684.t1	A	anno1.g11571.t2	A
anno1.g3685.t1	A	anno1.g11572.t2	A
anno1.g3686.t1	A	anno1.g11573.t1	A
anno1.g3687.t1	A	anno1.g11574.t2	A
anno1.g3688.t1	A	anno1.g11575.t1	A
anno1.g3689.t1	A	anno1.g11576.t1	A
anno1.g3690.t1	A	anno1.g11577.t1	A
anno1.g3691.t1	A	anno1.g14475.t1	A
anno1.g3692.t1	A	anno1.g11680.t1	A
anno1.g3693.t3	A	anno1.g11426.t1	A
anno1.g3695.t1	A	anno1.g11425.t1	A
anno1.g3698.t1	A	anno1.g11424.t1	A
anno1.g3699.t1	A	anno1.g11423.t1	A
anno1.g3700.t2	A	anno1.g11422.t1	A
anno1.g3701.t1	A	anno1.g10899.t1	A
anno1.g3702.t1	A	anno1.g10898.t1	A
anno1.g3703.t1	A	anno1.g10897.t1	A
anno1.g3704.t1	A	anno1.g10895.t1	A
anno1.g3706.t1	A	anno1.g10893.t1	A
anno1.g3707.t1	A	anno1.g10892.t1	A
anno1.g3708.t1	A	anno1.g10891.t1	A
anno1.g3709.t2	A	anno1.g10890.t2	A
anno1.g3710.t1	A	anno1.g10889.t1	A
anno1.g3712.t1	A	anno1.g10888.t1	A
anno1.g3718.t1	A	anno1.g10882.t1	A
anno1.g3719.t1	A	anno1.g11487.t1	A
anno1.g3723.t1	A	anno1.g10875.t1	A
anno1.g3724.t2	A	anno1.g10876.t1	A
anno1.g3725.t1	A	anno1.g10877.t1	A
anno1.g3727.t1	A	anno1.g10878.t1	A
anno1.g3728.t1	A	anno1.g10879.t1	A
anno1.g3729.t1	A	anno1.g10872.t1	A
anno1.g3730.t1	A	anno1.g10871.t1	A
anno1.g3731.t1	A	anno1.g10870.t2	A
anno1.g3732.t1	A	anno1.g10869.t1	A
anno1.g3733.t1	A	anno1.g10868.t1	A
anno1.g3734.t2	A	anno1.g10866.t1	A
anno1.g3735.t1	A	anno1.g10865.t1	A
anno1.g3736.t2	A	anno1.g10864.t2	A
anno1.g3737.t1	A	anno1.g10863.t2	A
anno1.g3738.t1	A	anno1.g10862.t1	A
anno1.g3739.t1	A	anno1.g10861.t1	A
anno1.g3740.t1	A	anno1.g10860.t1	A
anno1.g3741.t1	A	anno1.g10859.t1	A
anno1.g3742.t1	A	anno1.g10858.t2	A
anno1.g3743.t1	A	anno1.g10857.t1	A
anno1.g3744.t1	A	anno1.g10856.t1	A
anno1.g3745.t1	A	anno1.g10855.t1	A
anno1.g3746.t1	A	anno1.g10854.t1	A
anno1.g3747.t1	A	anno1.g10853.t1	A
anno1.g3748.t1	A	anno1.g10852.t2	A
anno1.g3749.t1	A	anno1.g10851.t1	A
anno1.g3751.t1	A	anno1.g10850.t1	A
anno1.g3752.t1	A	anno1.g11617.t1	A
anno1.g3753.t1	A	anno1.g11619.t1	A
anno1.g3754.t1	A	anno1.g11620.t1	A
anno1.g3755.t1	A	anno1.g11621.t1	A
anno1.g3756.t1	A	anno1.g11624.t1	A
anno1.g3757.t2	A	anno1.g11627.t2	A
anno1.g3758.t1	A	anno1.g11628.t1	A
anno1.g3759.t1	A	anno1.g11629.t1	A
anno1.g3760.t1	A	anno1.g11631.t1	A
anno1.g3761.t1	A	anno1.g11634.t1	A
anno1.g3764.t1	A	anno1.g11642.t1	A
anno1.g3766.t1	A	anno1.g11643.t2	A
anno1.g3767.t1	A	anno1.g11639.t1	A
anno1.g3769.t1	A	anno1.g11644.t1	A
anno1.g3770.t1	A	anno1.g11646.t1	A
anno1.g3771.t1	A	anno1.g11647.t1	A
anno1.g3772.t1	A	anno1.g11648.t1	A
anno1.g3773.t1	A	anno1.g11649.t1	A
anno1.g3774.t1	A	anno1.g11650.t1	A
anno1.g3775.t1	A	anno1.g11735.t2	A
anno1.g3777.t1	A	anno1.g11737.t1	A
anno1.g3778.t1	A	anno1.g11738.t1	A
anno1.g3779.t1	A	anno1.g11658.t1	A
anno1.g3780.t1	A	anno1.g11659.t1	A
anno1.g3781.t2	A	anno1.g11660.t2	A
anno1.g3782.t1	A	anno1.g11661.t1	A
anno1.g3783.t1	A	anno1.g11662.t1	A
anno1.g3784.t1	A	anno1.g11663.t3	A
anno1.g3785.t1	A	anno1.g11665.t1	A
anno1.g3786.t1	A	anno1.g11667.t1	A
anno1.g3787.t1	A	anno1.g11668.t1	A
anno1.g3788.t1	A	anno1.g11669.t1	A
anno1.g3789.t1	A	anno1.g11670.t1	A
anno1.g3790.t1	A	anno1.g11671.t1	A
anno1.g3791.t1	A	anno1.g11672.t1	A
anno1.g3792.t1	A	anno1.g11673.t1	A
anno1.g3793.t1	A	anno1.g11674.t1	A
anno1.g3794.t2	A	anno1.g11675.t1	A
anno1.g3795.t2	A	anno1.g11677.t2	A
anno1.g3796.t1	A	anno1.g11678.t2	A
anno1.g3797.t1	A	anno1.g11443.t1	A
anno1.g3798.t1	A	anno1.g11442.t1	A
anno1.g3799.t1	A	anno1.g11441.t1	A
anno1.g3800.t1	A	anno1.g11440.t2	A
anno1.g3802.t1	A	anno1.g11439.t1	A
anno1.g3803.t1	A	anno1.g11437.t1	A
anno1.g3804.t1	A	anno1.g11436.t1	A
anno1.g3805.t1	A	anno1.g11435.t1	A
anno1.g3806.t1	A	anno1.g11433.t1	A
anno1.g3807.t1	A	anno1.g11449.t1	A
anno1.g3808.t1	A	anno1.g11681.t1	A
anno1.g3809.t1	A	anno1.g11682.t1	A
anno1.g3810.t2	A	anno1.g11029.t1	A
anno1.g3811.t1	A	anno1.g11683.t1	A
anno1.g3812.t1	A	anno1.g11684.t1	A
anno1.g3813.t1	A	anno1.g11685.t1	A
anno1.g3814.t1	A	anno1.g11686.t1	A
anno1.g3815.t1	A	anno1.g11687.t1	A
anno1.g3816.t1	A	anno1.g11688.t1	A
anno1.g3817.t1	A	anno1.g11689.t1	A
anno1.g3818.t2	A	anno1.g11690.t1	A
anno1.g3819.t1	A	anno1.g11691.t1	A
anno1.g3820.t1	A	anno1.g11695.t1	A
anno1.g3821.t1	A	anno1.g11696.t1	A
anno1.g3822.t2	A	anno1.g11697.t1	A
anno1.g3823.t1	A	anno1.g11698.t1	A
anno1.g3824.t2	A	anno1.g11699.t3	A
anno1.g3825.t1	A	anno1.g11700.t2	A
anno1.g3826.t1	A	anno1.g11701.t1	A
anno1.g3827.t2	A	anno1.g11702.t2	A
anno1.g3828.t1	A	anno1.g11703.t2	A
anno1.g3829.t1	A	anno1.g2158.t1	X
anno1.g3830.t1	A	anno1.g11705.t1	A
anno1.g3832.t1	A	anno1.g11706.t1	A
anno1.g3833.t2	A	anno1.g11707.t2	A
anno1.g3834.t1	A	anno1.g11708.t1	A
anno1.g3835.t1	A	anno1.g11710.t1	A
anno1.g3836.t1	A	anno1.g11711.t1	A
anno1.g3837.t1	A	anno1.g11712.t1	A
anno1.g3838.t1	A	anno1.g11713.t1	A
anno1.g3839.t1	A	anno1.g11714.t1	A
anno1.g3840.t1	A	anno1.g11715.t1	A
anno1.g3841.t1	A	anno1.g11716.t1	A
anno1.g3842.t1	A	anno1.g11717.t1	A
anno1.g3844.t2	A	anno1.g11719.t1	A
anno1.g3845.t2	A	anno1.g11720.t1	A
anno1.g3846.t1	A	anno1.g11721.t1	A
anno1.g3847.t1	A	anno1.g11722.t1	A
anno1.g3849.t1	A	anno1.g11723.t1	A
anno1.g3850.t2	A	anno1.g11724.t3	A
anno1.g3851.t6	A	anno1.g11729.t3	A
anno1.g3853.t1	A	anno1.g11728.t1	A
anno1.g3854.t1	A	anno1.g11727.t1	A
anno1.g3855.t1	A	anno1.g11421.t1	A
anno1.g3856.t1	A	anno1.g11419.t1	A
anno1.g3857.t1	A	anno1.g11417.t1	A
anno1.g3858.t1	A	anno1.g11414.t1	A
anno1.g3860.t1	A	anno1.g10967.t1	A
anno1.g3859.t3	A	anno1.g11412.t2	A
anno1.g3862.t1	A	anno1.g11411.t2	A
anno1.g3863.t1	A	anno1.g11410.t1	A
anno1.g3864.t1	A	anno1.g11409.t1	A
anno1.g3865.t1	A	anno1.g11407.t1	A
anno1.g3866.t1	A	anno1.g11406.t1	A
anno1.g3867.t1	A	anno1.g11404.t1	A
anno1.g3868.t2	A	anno1.g11403.t4	A
anno1.g3869.t1	A	anno1.g11402.t1	A
anno1.g3870.t1	A	anno1.g11401.t1	A
anno1.g3871.t1	A	anno1.g11400.t1	A
anno1.g3872.t1	A	anno1.g11399.t1	A
anno1.g3876.t1	A	anno1.g11398.t1	A
anno1.g3878.t1	A	anno1.g11393.t1	A
anno1.g3879.t1	A	anno1.g11392.t1	A
anno1.g3880.t1	A	anno1.g11391.t1	A
anno1.g3881.t1	A	anno1.g11390.t1	A
anno1.g3882.t1	A	anno1.g14740.t1	A
anno1.g3883.t1	A	anno1.g14738.t1	A
anno1.g3884.t1	A	anno1.g14737.t1	A
anno1.g3885.t2	A	anno1.g11383.t1	A
anno1.g3888.t1	A	anno1.g11376.t1	A
anno1.g3889.t4	A	anno1.g11375.t3	A
anno1.g3890.t1	A	anno1.g11370.t1	A
anno1.g3893.t1	A	anno1.g11369.t7	A
anno1.g3894.t1	A	anno1.g11367.t1	A
anno1.g3895.t1	A	anno1.g11878.t1	A
anno1.g3896.t1	A	anno1.g11366.t2	A
anno1.g3897.t1	A	anno1.g11365.t1	A
anno1.g3898.t3	A	anno1.g11364.t1	A
anno1.g3899.t1	A	anno1.g11363.t2	A
anno1.g3900.t1	A	anno1.g11361.t1	A
anno1.g3901.t1	A	anno1.g11360.t1	A
anno1.g3902.t1	A	anno1.g11357.t1	A
anno1.g3903.t1	A	anno1.g11356.t1	A
anno1.g3904.t1	A	anno1.g11355.t1	A
anno1.g3905.t2	A	anno1.g11354.t3	A
anno1.g3906.t1	A	anno1.g11353.t1	A
anno1.g3907.t1	A	anno1.g11352.t1	A
anno1.g3908.t2	A	anno1.g11351.t2	A
anno1.g3909.t1	A	anno1.g11350.t2	A
anno1.g3911.t1	A	anno1.g11346.t1	A
anno1.g3912.t1	A	anno1.g11345.t1	A
anno1.g3913.t2	A	anno1.g11340.t3	A
anno1.g3914.t1	A	anno1.g11339.t1	A
anno1.g3915.t3	A	anno1.g11338.t2	A
anno1.g3916.t1	A	anno1.g11337.t1	A
anno1.g3917.t1	A	anno1.g2840.t1	A
anno1.g3918.t1	A	anno1.g2841.t1	A
anno1.g3919.t1	A	anno1.g2842.t1	A
anno1.g3920.t1	A	anno1.g2843.t1	A
anno1.g3921.t1	A	anno1.g2844.t1	A
anno1.g3922.t1	A	anno1.g2845.t1	A
anno1.g3924.t1	A	anno1.g11267.t1	A
anno1.g3925.t1	A	anno1.g11268.t1	A
anno1.g3926.t1	A	anno1.g11265.t1	A
anno1.g3927.t1	A	anno1.g11270.t1	A
anno1.g3928.t1	A	anno1.g11263.t1	A
anno1.g3930.t1	A	anno1.g11259.t1	A
anno1.g3932.t1	A	anno1.g11258.t1	A
anno1.g3933.t1	A	anno1.g11257.t1	A
anno1.g3934.t2	A	anno1.g11256.t1	A
anno1.g3935.t1	A	anno1.g11255.t1	A
anno1.g3936.t1	A	anno1.g11254.t1	A
anno1.g3937.t1	A	anno1.g11253.t1	A
anno1.g3938.t1	A	anno1.g11251.t1	A
anno1.g3939.t1	A	anno1.g11250.t2	A
anno1.g3943.t1	A	anno1.g11246.t1	A
anno1.g3945.t1	A	anno1.g11286.t2	A
anno1.g3946.t1	A	anno1.g11285.t1	A
anno1.g3947.t1	A	anno1.g11284.t1	A
anno1.g3948.t1	A	anno1.g11274.t1	A
anno1.g3949.t1	A	anno1.g11280.t1	A
anno1.g3951.t1	A	anno1.g11279.t1	A
anno1.g3952.t1	A	anno1.g11244.t1	A
anno1.g3953.t1	A	anno1.g11242.t1	A
anno1.g3954.t3	A	anno1.g11241.t2	A
anno1.g3955.t1	A	anno1.g11240.t1	A
anno1.g3956.t1	A	anno1.g11238.t1	A
anno1.g3957.t1	A	anno1.g11237.t1	A
anno1.g3958.t1	A	anno1.g11236.t1	A
anno1.g3959.t1	A	anno1.g11235.t1	A
anno1.g3960.t1	A	anno1.g11234.t1	A
anno1.g3961.t1	A	anno1.g11233.t1	A
anno1.g3962.t1	A	anno1.g11232.t2	A
anno1.g3963.t3	A	anno1.g11231.t2	A
anno1.g3964.t1	A	anno1.g11230.t1	A
anno1.g3965.t1	A	anno1.g11229.t1	A
anno1.g3966.t1	A	anno1.g11228.t1	A
anno1.g3969.t1	A	anno1.g11226.t1	A
anno1.g3970.t2	A	anno1.g11225.t2	A
anno1.g3971.t1	A	anno1.g11224.t1	A
anno1.g3972.t1	A	anno1.g11223.t1	A
anno1.g3974.t1	A	anno1.g11222.t1	A
anno1.g3975.t1	A	anno1.g11221.t1	A
anno1.g3976.t1	A	anno1.g11220.t1	A
anno1.g3977.t1	A	anno1.g11219.t1	A
anno1.g3978.t1	A	anno1.g11217.t1	A
anno1.g3979.t1	A	anno1.g11216.t1	A
anno1.g3980.t1	A	anno1.g11215.t1	A
anno1.g3983.t1	A	anno1.g11213.t1	A
anno1.g3985.t1	A	anno1.g11212.t1	A
anno1.g3986.t1	A	anno1.g11211.t1	A
anno1.g3987.t1	A	anno1.g11210.t1	A
anno1.g3988.t1	A	anno1.g11209.t1	A
anno1.g3989.t1	A	anno1.g9700.t2	A
anno1.g3990.t1	A	anno1.g11208.t3	A
anno1.g3991.t1	A	anno1.g11207.t1	A
anno1.g3992.t1	A	anno1.g11206.t1	A
anno1.g3993.t2	A	anno1.g11205.t1	A
anno1.g3994.t1	A	anno1.g11204.t1	A
anno1.g3995.t1	A	anno1.g11203.t1	A
anno1.g3997.t1	A	anno1.g11201.t1	A
anno1.g3998.t1	A	anno1.g11200.t1	A
anno1.g3999.t1	A	anno1.g11199.t1	A
anno1.g4000.t2	A	anno1.g11197.t1	A
anno1.g4001.t1	A	anno1.g11196.t1	A
anno1.g4002.t1	A	anno1.g11195.t2	A
anno1.g4003.t1	A	anno1.g11193.t1	A
anno1.g4004.t1	A	anno1.g11192.t1	A
anno1.g4005.t1	A	anno1.g11191.t1	A
anno1.g4006.t1	A	anno1.g11190.t1	A
anno1.g4007.t1	A	anno1.g11188.t1	A
anno1.g4008.t2	A	anno1.g11187.t1	A
anno1.g4010.t1	A	anno1.g11186.t1	A
anno1.g4011.t1	A	anno1.g11185.t1	A
anno1.g4012.t9	A	anno1.g11183.t8	A
anno1.g4013.t1	A	anno1.g11182.t1	A
anno1.g4014.t1	A	anno1.g11181.t1	A
anno1.g4015.t1	A	anno1.g11180.t1	A
anno1.g4016.t1	A	anno1.g11179.t1	A
anno1.g4017.t1	A	anno1.g11178.t1	A
anno1.g4018.t1	A	anno1.g11177.t1	A
anno1.g4019.t1	A	anno1.g11172.t1	A
anno1.g4020.t1	A	anno1.g11173.t1	A
anno1.g4021.t1	A	anno1.g11174.t1	A
anno1.g4022.t1	A	anno1.g11175.t1	A
anno1.g4023.t1	A	anno1.g11170.t1	A
anno1.g4025.t1	A	anno1.g11169.t2	A
anno1.g4026.t2	A	anno1.g11168.t1	A
anno1.g4027.t1	A	anno1.g11167.t1	A
anno1.g4029.t1	A	anno1.g11164.t1	A
anno1.g4032.t1	A	anno1.g11161.t1	A
anno1.g4033.t1	A	anno1.g11160.t1	A
anno1.g4034.t1	A	anno1.g11159.t1	A
anno1.g4035.t1	A	anno1.g11158.t1	A
anno1.g4038.t1	A	anno1.g11157.t1	A
anno1.g4039.t1	A	anno1.g11156.t1	A
anno1.g4041.t1	A	anno1.g11155.t1	A
anno1.g4046.t1	A	anno1.g11287.t1	A
anno1.g4047.t1	A	anno1.g11298.t1	A
anno1.g4048.t1	A	anno1.g11297.t1	A
anno1.g4049.t1	A	anno1.g11296.t1	A
anno1.g4050.t2	A	anno1.g11294.t2	A
anno1.g4051.t1	A	anno1.g11307.t1	A
anno1.g4052.t1	A	anno1.g11308.t1	A
anno1.g4054.t2	A	anno1.g11309.t2	A
anno1.g4055.t1	A	anno1.g11310.t1	A
anno1.g4056.t2	A	anno1.g11311.t1	A
anno1.g4057.t1	A	anno1.g11312.t1	A
anno1.g4058.t2	A	anno1.g11313.t2	A
anno1.g4060.t1	A	anno1.g11314.t2	A
anno1.g4061.t1	A	anno1.g11316.t1	A
anno1.g4062.t1	A	anno1.g11317.t1	A
anno1.g4063.t1	A	anno1.g11318.t1	A
anno1.g4067.t1	A	anno1.g11320.t2	A
anno1.g4069.t1	A	anno1.g11301.t1	A
anno1.g4072.t1	A	anno1.g11326.t1	A
anno1.g4073.t1	A	anno1.g11328.t1	A
anno1.g4074.t1	A	anno1.g11329.t1	A
anno1.g4076.t2	A	anno1.g11332.t2	A
anno1.g4077.t1	A	anno1.g11333.t1	A
anno1.g4078.t2	A	anno1.g11140.t3	A
anno1.g4079.t2	A	anno1.g11146.t1	A
anno1.g4080.t1	A	anno1.g11145.t2	A
anno1.g4081.t1	A	anno1.g11144.t1	A
anno1.g4083.t1	A	anno1.g11138.t1	A
anno1.g4084.t1	A	anno1.g11137.t1	A
anno1.g4085.t1	A	anno1.g11136.t1	A
anno1.g4088.t1	A	anno1.g11134.t1	A
anno1.g4089.t2	A	anno1.g11130.t2	A
anno1.g4090.t1	A	anno1.g11129.t1	A
anno1.g4093.t1	A	anno1.g9773.t1	A
anno1.g4094.t1	A	anno1.g11127.t2	A
anno1.g4097.t1	A	anno1.g9775.t1	A
anno1.g4098.t1	A	anno1.g11124.t1	A
anno1.g4099.t1	A	anno1.g11121.t1	A
anno1.g4100.t1	A	anno1.g11118.t1	A
anno1.g4101.t1	A	anno1.g11120.t1	A
anno1.g4102.t1	A	anno1.g11117.t1	A
anno1.g4103.t2	A	anno1.g11115.t1	A
anno1.g4104.t1	A	anno1.g11113.t2	A
anno1.g4105.t1	A	anno1.g11112.t1	A
anno1.g4106.t1	A	anno1.g11111.t1	A
anno1.g4107.t1	A	anno1.g11110.t1	A
anno1.g4108.t1	A	anno1.g11109.t1	A
anno1.g4109.t1	A	anno1.g11108.t2	A
anno1.g4110.t1	A	anno1.g11107.t1	A
anno1.g4111.t1	A	anno1.g11106.t1	A
anno1.g4112.t1	A	anno1.g11105.t1	A
anno1.g4113.t2	A	anno1.g11102.t1	A
anno1.g4114.t1	A	anno1.g11099.t2	A
anno1.g4115.t1	A	anno1.g11098.t1	A
anno1.g4116.t1	A	anno1.g11096.t1	A
anno1.g4117.t1	A	anno1.g11092.t1	A
anno1.g4118.t1	A	anno1.g11089.t1	A
anno1.g4119.t1	A	anno1.g11091.t1	A
anno1.g4120.t1	A	anno1.g11086.t1	A
anno1.g4121.t4	A	anno1.g11087.t1	A
anno1.g4122.t1	A	anno1.both_agree_g12774.t1	A
anno1.g4123.t1	A	anno1.g11088.t1	A
anno1.g4124.t1	A	anno1.g11085.t1	A
anno1.g4125.t1	A	anno1.g11084.t1	A
anno1.g4126.t2	A	anno1.g11083.t2	A
anno1.g4127.t2	A	anno1.g11082.t2	A
anno1.g4128.t1	A	anno1.g11081.t1	A
anno1.g4129.t1	A	anno1.g11080.t1	A
anno1.g4133.t1	A	anno1.g11078.t1	A
anno1.g4134.t1	A	anno1.g11077.t1	A
anno1.g4135.t1	A	anno1.g11076.t1	A
anno1.g4136.t2	A	anno1.g11075.t1	A
anno1.g4137.t1	A	anno1.g11074.t2	A
anno1.g4138.t4	A	anno1.g11791.t1	A
anno1.g4139.t1	A	anno1.g11792.t1	A
anno1.g4140.t1	A	anno1.g11793.t1	A
anno1.g4141.t1	A	anno1.g11794.t1	A
anno1.g4142.t1	A	anno1.g9806.t1	A
anno1.g4143.t2	A	anno1.g9804.t1	A
anno1.g4145.t1	A	anno1.g11833.t2	A
anno1.g4149.t1	A	anno1.g11795.t1	A
anno1.g4150.t1	A	anno1.g11796.t1	A
anno1.g4151.t2	A	anno1.g11797.t3	A
anno1.g4152.t1	A	anno1.g11798.t1	A
anno1.g4153.t1	A	anno1.g11008.t1	A
anno1.g4155.t1	A	anno1.g11007.t1	A
anno1.g4157.t3	A	anno1.g11005.t1	A
anno1.g4158.t1	A	anno1.g11068.t1	A
anno1.g4163.t1	A	anno1.g11073.t1	A
anno1.g4164.t2	A	anno1.g11790.t1	A
anno1.g4166.t1	A	anno1.g14712.t1	A
anno1.g4167.t1	A	anno1.g14711.t1	A
anno1.g4169.t1	A	anno1.g11789.t1	A
anno1.g4170.t1	A	anno1.g11785.t1	A
anno1.g4171.t1	A	anno1.g11784.t1	A
anno1.g4172.t1	A	anno1.g11783.t1	A
anno1.g4175.t1	A	anno1.g11782.t1	A
anno1.g4176.t1	A	anno1.g11759.t1	A
anno1.g4177.t1	A	anno1.g11025.t1	A
anno1.g4178.t1	A	anno1.g11026.t1	A
anno1.g4179.t1	A	anno1.g11024.t1	A
anno1.g4180.t1	A	anno1.g6902.t1	A
anno1.g4183.t1	A	anno1.g11027.t1	A
anno1.g4184.t1	A	anno1.g11030.t1	A
anno1.g4185.t1	A	anno1.g11034.t1	A
anno1.g4186.t3	A	anno1.g11031.t2	A
anno1.g4187.t1	A	anno1.g11033.t1	A
anno1.g4188.t1	A	anno1.g11038.t1	A
anno1.g4189.t1	A	anno1.g11037.t1	A
anno1.g4191.t1	A	anno1.g11028.t2	A
anno1.g4192.t1	A	anno1.g11036.t1	A
anno1.g4193.t1	A	anno1.g11035.t1	A
anno1.g4195.t1	A	anno1.g11040.t1	A
anno1.g4212.t1	A	anno1.g11041.t1	A
anno1.g4213.t1	A	anno1.g11042.t1	A
anno1.g4216.t1	A	anno1.g11043.t1	A
anno1.g4217.t1	A	anno1.g11047.t1	A
anno1.g4218.t1	A	anno1.g11051.t2	A
anno1.g4222.t1	A	anno1.g11052.t1	A
anno1.g4229.t1	A	anno1.g11054.t1	A
anno1.g4237.t1	A	anno1.g11533.t2	A
anno1.g4238.t1	A	anno1.g11534.t1	A
anno1.g4239.t2	A	anno1.g11535.t2	A
anno1.g4240.t1	A	anno1.g11536.t1	A
anno1.g4241.t1	A	anno1.g11537.t1	A
anno1.g4242.t1	A	anno1.g11538.t1	A
anno1.g4243.t1	A	anno1.g11539.t1	A
anno1.g4244.t1	A	anno1.g11540.t1	A
anno1.g4245.t1	A	anno1.g11541.t2	A
anno1.g4246.t1	A	anno1.g11542.t1	A
anno1.g4247.t1	A	anno1.g11543.t1	A
anno1.g4248.t1	A	anno1.g11545.t1	A
anno1.g4249.t1	A	anno1.g11546.t2	A
anno1.g4250.t1	A	anno1.g11547.t1	A
anno1.g4253.t1	A	anno1.g11548.t1	A
anno1.g4254.t1	A	anno1.g5564.t1	A
anno1.g4255.t1	A	anno1.g11549.t3	A
anno1.g4256.t1	A	anno1.g11550.t2	A
anno1.g4262.t1	A	anno1.g11558.t1	A
anno1.g4263.t1	A	anno1.g11559.t1	A
anno1.g4264.t1	A	anno1.g11560.t1	A
anno1.g4265.t1	A	anno1.g11561.t1	A
anno1.g4266.t1	A	anno1.g11562.t1	A
anno1.g4268.t1	A	anno1.g11565.t1	A
anno1.g4270.t1	A	anno1.g11566.t2	A
anno1.g4273.t1	A	anno1.g11567.t1	A
anno1.g4275.t1	A	anno1.g14536.t1	A
anno1.g4276.t1	A	anno1.g3843.t1	A
anno1.g4278.t1	A	anno1.g14533.t1	A
anno1.g4280.t1	A	anno1.g14531.t2	A
anno1.g4283.t3	A	anno1.g11527.t2	A
anno1.g4284.t1	A	anno1.g11525.t1	A
anno1.g4285.t1	A	anno1.g11524.t1	A
anno1.g4286.t1	A	anno1.g11520.t1	A
anno1.g4287.t1	A	anno1.g11521.t2	A
anno1.g4288.t4	A	anno1.g11519.t4	A
anno1.g4289.t1	A	anno1.g11518.t1	A
anno1.g4290.t1	A	anno1.g11517.t1	A
anno1.g4292.t1	A	anno1.g11515.t1	A
anno1.g4295.t1	A	anno1.g9036.t1	A
anno1.g4300.t1	A	anno1.g14571.t1	A
anno1.g4307.t1	A	anno1.g12018.t2	A
anno1.g4313.t1	A	anno1.g9507.t1	A
anno1.g4330.t1	A	anno1.g1778.t1	X
anno1.g4332.t1	A	anno1.g7126.t1	A
anno1.g4341.t1	A	anno1.g3480.t1	A
anno1.g4374.t1	A	anno1.g11511.t1	A
anno1.g4376.t1	A	anno1.g11508.t1	A
anno1.g4380.t1	A	anno1.g11502.t1	A
anno1.g4381.t1	A	anno1.g11501.t1	A
anno1.g4382.t1	A	anno1.g11498.t1	A
anno1.g4383.t1	A	anno1.g10800.t1	A
anno1.g4384.t1	A	anno1.g10798.t1	A
anno1.g4385.t1	A	anno1.g10797.t1	A
anno1.g4386.t1	A	anno1.g10796.t1	A
anno1.g4387.t2	A	anno1.g10795.t2	A
anno1.g4389.t2	A	anno1.g10794.t1	A
anno1.g4391.t2	A	anno1.g10793.t3	A
anno1.g4392.t1	A	anno1.g10791.t1	A
anno1.g4393.t1	A	anno1.g10790.t1	A
anno1.g4394.t1	A	anno1.g10788.t1	A
anno1.g4396.t1	A	anno1.g10787.t1	A
anno1.g4398.t1	A	anno1.g10785.t2	A
anno1.g4399.t1	A	anno1.g10784.t1	A
anno1.g4400.t3	A	anno1.g10782.t1	A
anno1.g4414.t1	A	anno1.g5092.t1	A
anno1.g4420.t1	A	anno1.g11371.t1	A
anno1.g4425.t1	A	anno1.g1889.t1	X
anno1.g4450.t1	A	anno1.g5131.t1	A
anno1.g4458.t1	A	anno1.g1046.t1	A
anno1.g4467.t1	A	anno1.g9014.t1	A
anno1.g4474.t1	A	anno1.g1677.t1	X
anno1.g4484.t1	A	anno1.g11139.t1	A
anno1.g4492.t1	A	anno1.g6834.t1	A
anno1.g4494.t1	A	anno1.g7236.t1	A
anno1.g4499.t1	A	anno1.g14080.t1	A
anno1.g4516.t1	A	anno1.g10151.t1	A
anno1.g4517.t1	A	anno1.g6909.t1	A
anno1.g4525.t1	A	anno1.g7892.t1	A
anno1.g4535.t1	A	anno1.g3277.t1	A
anno1.g4539.t1	A	anno1.g7780.t1	A
anno1.g4554.t1	A	anno1.g10781.t1	A
anno1.g4555.t1	A	anno1.g10780.t1	A
anno1.g4556.t1	A	anno1.g10778.t1	A
anno1.g4557.t1	A	anno1.g10776.t1	A
anno1.g4558.t1	A	anno1.g10774.t1	A
anno1.g4559.t1	A	anno1.g10769.t2	A
anno1.g4560.t1	A	anno1.g3257.t1	A
anno1.g4561.t1	A	anno1.g10768.t3	A
anno1.g4563.t1	A	anno1.g10767.t1	A
anno1.g4564.t1	A	anno1.g10766.t1	A
anno1.g4565.t2	A	anno1.g10764.t2	A
anno1.g4566.t1	A	anno1.g10762.t1	A
anno1.g4567.t1	A	anno1.g10761.t1	A
anno1.g4568.t1	A	anno1.g10759.t1	A
anno1.g4569.t1	A	anno1.g10758.t2	A
anno1.g4570.t1	A	anno1.g10757.t1	A
anno1.g4571.t1	A	anno1.g10756.t1	A
anno1.g4572.t1	A	anno1.g10755.t1	A
anno1.g4573.t1	A	anno1.g10754.t1	A
anno1.g4574.t1	A	anno1.g10751.t1	A
anno1.g4575.t1	A	anno1.g10750.t1	A
anno1.g4576.t1	A	anno1.g10749.t1	A
anno1.g4578.t1	A	anno1.g10748.t1	A
anno1.g4579.t1	A	anno1.g10747.t1	A
anno1.g4580.t1	A	anno1.g10746.t1	A
anno1.g4581.t1	A	anno1.g10745.t2	A
anno1.g4583.t2	A	anno1.g10744.t1	A
anno1.g4585.t2	A	anno1.g10743.t1	A
anno1.g4586.t1	A	anno1.g10742.t1	A
anno1.g4587.t3	A	anno1.g10741.t1	A
anno1.g4588.t1	A	anno1.g10740.t1	A
anno1.g4590.t1	A	anno1.g3685.t1	A
anno1.g4594.t1	A	anno1.g10736.t1	A
anno1.g4596.t1	A	anno1.g10734.t2	A
anno1.g4597.t1	A	anno1.g10733.t1	A
anno1.g4598.t1	A	anno1.g10732.t1	A
anno1.g4604.t1	A	anno1.g4001.t1	A
anno1.g4605.t1	A	anno1.g10730.t1	A
anno1.g4606.t1	A	anno1.g10729.t1	A
anno1.g4607.t1	A	anno1.g4574.t1	A
anno1.g4608.t2	A	anno1.g10711.t2	A
anno1.g4609.t1	A	anno1.g10708.t1	A
anno1.g4610.t1	A	anno1.g10707.t5	A
anno1.g4612.t1	A	anno1.g10706.t1	A
anno1.g4613.t1	A	anno1.g10705.t1	A
anno1.g4614.t1	A	anno1.g10704.t1	A
anno1.g4615.t2	A	anno1.g10700.t2	A
anno1.g4616.t1	A	anno1.g10699.t1	A
anno1.g4617.t1	A	anno1.g10698.t1	A
anno1.g4619.t1	A	anno1.g10697.t1	A
anno1.g4623.t2	A	anno1.g10696.t1	A
anno1.g4624.t1	A	anno1.g10695.t1	A
anno1.g4625.t1	A	anno1.g10694.t1	A
anno1.g4627.t1	A	anno1.g10693.t1	A
anno1.g4628.t2	A	anno1.g10691.t1	A
anno1.g4629.t2	A	anno1.g10690.t1	A
anno1.g4630.t1	A	anno1.g10689.t1	A
anno1.g4632.t1	A	anno1.g10688.t1	A
anno1.g4633.t1	A	anno1.g12202.t1	A
anno1.g4634.t1	A	anno1.g10685.t1	A
anno1.g4635.t1	A	anno1.g10684.t1	A
anno1.g4636.t1	A	anno1.g10683.t1	A
anno1.g4637.t1	A	anno1.g10682.t1	A
anno1.g4638.t1	A	anno1.g10681.t1	A
anno1.g4640.t1	A	anno1.g10680.t1	A
anno1.g4641.t1	A	anno1.g10679.t2	A
anno1.g4642.t1	A	anno1.g10678.t1	A
anno1.g4643.t3	A	anno1.g10677.t2	A
anno1.g4644.t1	A	anno1.g10333.t1	A
anno1.g4646.t1	A	anno1.g10332.t1	A
anno1.g4647.t2	A	anno1.g10331.t2	A
anno1.g4648.t1	A	anno1.g10329.t1	A
anno1.g4649.t1	A	anno1.g10328.t1	A
anno1.g4651.t1	A	anno1.g10325.t1	A
anno1.g4652.t1	A	anno1.g10324.t1	A
anno1.g4653.t1	A	anno1.g10323.t1	A
anno1.g4654.t1	A	anno1.g10317.t1	A
anno1.g4655.t1	A	anno1.g10315.t3	A
anno1.g4656.t1	A	anno1.g10309.t1	A
anno1.g4657.t1	A	anno1.g10314.t1	A
anno1.g4658.t1	A	anno1.g10310.t1	A
anno1.g4659.t1	A	anno1.g10311.t1	A
anno1.g4660.t1	A	anno1.g10313.t1	A
anno1.g4661.t1	A	anno1.g10308.t1	A
anno1.g4663.t1	A	anno1.g10307.t1	A
anno1.g4664.t2	A	anno1.g10306.t1	A
anno1.g4665.t3	A	anno1.g10303.t2	A
anno1.g4667.t1	A	anno1.g10304.t1	A
anno1.g4668.t1	A	anno1.g10305.t1	A
anno1.g4670.t1	A	anno1.g6363.t1	A
anno1.g4672.t1	A	anno1.g10338.t1	A
anno1.g4673.t1	A	anno1.g10340.t1	A
anno1.g4674.t1	A	anno1.g10341.t1	A
anno1.g4675.t2	A	anno1.g10342.t1	A
anno1.g4676.t1	A	anno1.g10346.t1	A
anno1.g4677.t1	A	anno1.g10375.t1	A
anno1.g4678.t4	A	anno1.g10374.t1	A
anno1.g4679.t1	A	anno1.g10373.t1	A
anno1.g4680.t1	A	anno1.g10371.t1	A
anno1.g4683.t1	A	anno1.g10195.t1	A
anno1.g4686.t1	A	anno1.g10194.t1	A
anno1.g4688.t1	A	anno1.g10193.t1	A
anno1.g4689.t1	A	anno1.g10190.t1	A
anno1.g4690.t1	A	anno1.g10189.t1	A
anno1.g4691.t1	A	anno1.g10188.t1	A
anno1.g4692.t1	A	anno1.g10187.t1	A
anno1.g4693.t1	A	anno1.g10185.t1	A
anno1.g4695.t1	A	anno1.g7406.t2	A
anno1.g4697.t2	A	anno1.g10184.t2	A
anno1.g4699.t1	A	anno1.g10182.t1	A
anno1.g4700.t2	A	anno1.g10183.t2	A
anno1.g4701.t1	A	anno1.g10180.t1	A
anno1.g4702.t2	A	anno1.g10179.t1	A
anno1.g4703.t1	A	anno1.g10178.t1	A
anno1.g4704.t1	A	anno1.g10177.t1	A
anno1.g4705.t1	A	anno1.g10176.t1	A
anno1.g4706.t1	A	anno1.g10175.t1	A
anno1.g4707.t1	A	anno1.g10174.t1	A
anno1.g4708.t1	A	anno1.g13132.t1	A
anno1.g4709.t1	A	anno1.g10173.t1	A
anno1.g4710.t1	A	anno1.g10172.t1	A
anno1.g4712.t1	A	anno1.g10171.t1	A
anno1.g4713.t1	A	anno1.g10170.t1	A
anno1.g4714.t1	A	anno1.g10169.t1	A
anno1.g4715.t1	A	anno1.g10168.t1	A
anno1.g4717.t2	A	anno1.g10167.t1	A
anno1.g4718.t1	A	anno1.g10166.t1	A
anno1.g4719.t3	A	anno1.g10165.t1	A
anno1.g4720.t2	A	anno1.g10163.t2	A
anno1.g4721.t3	A	anno1.g10404.t3	A
anno1.g4722.t1	A	anno1.g10409.t1	A
anno1.g4723.t2	A	anno1.g10410.t1	A
anno1.g4724.t1	A	anno1.g10411.t1	A
anno1.g4725.t2	A	anno1.g10412.t1	A
anno1.g4728.t1	A	anno1.g10413.t1	A
anno1.g4729.t1	A	anno1.g10414.t1	A
anno1.g4730.t1	A	anno1.g10415.t1	A
anno1.g4731.t1	A	anno1.g10416.t1	A
anno1.g4732.t1	A	anno1.g10417.t1	A
anno1.g4733.t1	A	anno1.g10419.t1	A
anno1.g4734.t1	A	anno1.g10420.t1	A
anno1.g4735.t2	A	anno1.g10421.t2	A
anno1.g4737.t1	A	anno1.g10423.t1	A
anno1.g4738.t1	A	anno1.g10424.t1	A
anno1.g4739.t1	A	anno1.g10426.t1	A
anno1.g4740.t1	A	anno1.g10425.t1	A
anno1.g4741.t1	A	anno1.g10427.t1	A
anno1.g4742.t3	A	anno1.g10436.t2	A
anno1.g4743.t1	A	anno1.g10435.t1	A
anno1.g4744.t2	A	anno1.g10434.t2	A
anno1.g4745.t2	A	anno1.g10437.t2	A
anno1.g4746.t1	A	anno1.g10432.t1	A
anno1.g4747.t1	A	anno1.g10431.t1	A
anno1.g4748.t1	A	anno1.g10430.t1	A
anno1.g4749.t1	A	anno1.g10440.t1	A
anno1.g4750.t1	A	anno1.g10441.t1	A
anno1.g4754.t1	A	anno1.g10443.t1	A
anno1.g4755.t1	A	anno1.g10444.t1	A
anno1.g4757.t1	A	anno1.g10446.t1	A
anno1.g4759.t1	A	anno1.g10447.t1	A
anno1.g4760.t1	A	anno1.g10476.t1	A
anno1.g4761.t1	A	anno1.g10475.t1	A
anno1.g4762.t1	A	anno1.g10456.t1	A
anno1.g4763.t1	A	anno1.g10457.t1	A
anno1.g4764.t1	A	anno1.g10472.t1	A
anno1.g4767.t1	A	anno1.g10470.t1	A
anno1.g4768.t1	A	anno1.g10469.t1	A
anno1.g4771.t1	A	anno1.g10492.t1	A
anno1.g4772.t1	A	anno1.g10493.t1	A
anno1.g4774.t1	A	anno1.g10494.t1	A
anno1.g4775.t2	A	anno1.g10495.t1	A
anno1.g4776.t2	A	anno1.g10496.t2	A
anno1.g4777.t1	A	anno1.g10482.t1	A
anno1.g4778.t1	A	anno1.g10483.t1	A
anno1.g4779.t1	A	anno1.g10499.t1	A
anno1.g4780.t1	A	anno1.g10486.t5	A
anno1.g4781.t1	A	anno1.g10501.t1	A
anno1.g4782.t1	A	anno1.g10488.t2	A
anno1.g4783.t1	A	anno1.g5873.t1	A
anno1.g4784.t1	A	anno1.g10491.t2	A
anno1.g4785.t1	A	anno1.g10503.t1	A
anno1.g4786.t1	A	anno1.g10504.t3	A
anno1.g4787.t1	A	anno1.g10505.t1	A
anno1.g4788.t1	A	anno1.g10506.t1	A
anno1.g4789.t1	A	anno1.g10507.t2	A
anno1.g4792.t1	A	anno1.g10510.t1	A
anno1.g4793.t2	A	anno1.g10511.t2	A
anno1.g4794.t1	A	anno1.g10513.t1	A
anno1.g4795.t1	A	anno1.g10514.t1	A
anno1.g4797.t1	A	anno1.g10516.t2	A
anno1.g4796.t4	A	anno1.g10517.t2	A
anno1.g4798.t1	A	anno1.g10518.t2	A
anno1.g4800.t1	A	anno1.g10520.t1	A
anno1.g4801.t1	A	anno1.g10521.t1	A
anno1.g4802.t1	A	anno1.g10522.t1	A
anno1.g4803.t1	A	anno1.g10524.t1	A
anno1.g4804.t1	A	anno1.g10525.t1	A
anno1.g4805.t1	A	anno1.g10527.t2	A
anno1.g4806.t1	A	anno1.g10528.t1	A
anno1.g4807.t2	A	anno1.g10529.t2	A
anno1.g4808.t1	A	anno1.g10531.t1	A
anno1.g4809.t2	A	anno1.g10532.t2	A
anno1.g4810.t1	A	anno1.g10533.t1	A
anno1.g4811.t1	A	anno1.g10534.t1	A
anno1.g4812.t1	A	anno1.g10535.t1	A
anno1.g4814.t1	A	anno1.g10537.t2	A
anno1.g4815.t1	A	anno1.g10539.t1	A
anno1.g4819.t1	A	anno1.g10540.t1	A
anno1.g4820.t2	A	anno1.g10541.t2	A
anno1.g4821.t3	A	anno1.g10543.t2	A
anno1.g4822.t1	A	anno1.g10544.t1	A
anno1.g4823.t1	A	anno1.g10545.t1	A
anno1.g4824.t1	A	anno1.g10546.t1	A
anno1.g4827.t1	A	anno1.g10552.t1	A
anno1.g4828.t1	A	anno1.g10553.t1	A
anno1.g4829.t1	A	anno1.g10554.t1	A
anno1.g4830.t2	A	anno1.g10555.t2	A
anno1.g4831.t3	A	anno1.g10557.t2	A
anno1.g4832.t1	A	anno1.g10558.t1	A
anno1.g4833.t1	A	anno1.g10559.t1	A
anno1.g4834.t4	A	anno1.g10560.t4	A
anno1.g4835.t1	A	anno1.g10561.t1	A
anno1.g4836.t1	A	anno1.g10562.t1	A
anno1.g4838.t1	A	anno1.g10563.t1	A
anno1.g4839.t2	A	anno1.g10564.t1	A
anno1.g4840.t1	A	anno1.g10565.t1	A
anno1.g4841.t1	A	anno1.g10567.t1	A
anno1.g4842.t1	A	anno1.g10703.t1	A
anno1.g4844.t1	A	anno1.g5473.t1	A
anno1.g4846.t1	A	anno1.g3407.t1	A
anno1.g4851.t1	A	anno1.g10573.t1	A
anno1.g4853.t1	A	anno1.g10574.t1	A
anno1.g4854.t1	A	anno1.g10577.t1	A
anno1.g4856.t1	A	anno1.g10578.t1	A
anno1.g4857.t1	A	anno1.g10579.t1	A
anno1.g4858.t1	A	anno1.g10584.t1	A
anno1.g4859.t1	A	anno1.g10583.t1	A
anno1.g4860.t1	A	anno1.g10582.t1	A
anno1.g4861.t1	A	anno1.g10581.t1	A
anno1.g4862.t1	A	anno1.g10580.t1	A
anno1.g4863.t2	A	anno1.g10586.t1	A
anno1.g4864.t1	A	anno1.g10587.t1	A
anno1.g4865.t1	A	anno1.g10588.t3	A
anno1.g4866.t1	A	anno1.g10589.t1	A
anno1.g4867.t1	A	anno1.g10400.t1	A
anno1.g4868.t1	A	anno1.g10397.t1	A
anno1.g4869.t1	A	anno1.g10396.t1	A
anno1.g4870.t1	A	anno1.g10376.t1	A
anno1.g4871.t2	A	anno1.g10394.t2	A
anno1.g4872.t1	A	anno1.g10393.t1	A
anno1.g4873.t1	A	anno1.g10392.t1	A
anno1.g4874.t1	A	anno1.g10391.t1	A
anno1.g4876.t3	A	anno1.g10388.t2	A
anno1.g4877.t1	A	anno1.g10843.t1	A
anno1.g4878.t1	A	anno1.g10387.t1	A
anno1.g4881.t1	A	anno1.g10386.t1	A
anno1.g4882.t1	A	anno1.g10385.t1	A
anno1.g4883.t1	A	anno1.g10384.t1	A
anno1.g4884.t1	A	anno1.g10367.t1	A
anno1.g4885.t1	A	anno1.g10366.t1	A
anno1.g4886.t1	A	anno1.g10365.t1	A
anno1.g4887.t1	A	anno1.g10361.t1	A
anno1.g4888.t1	A	anno1.g10362.t3	A
anno1.g4889.t1	A	anno1.g10363.t1	A
anno1.g4890.t1	A	anno1.g10360.t1	A
anno1.g4891.t2	A	anno1.g10359.t2	A
anno1.g4892.t1	A	anno1.g10357.t2	A
anno1.g4893.t1	A	anno1.g10358.t1	A
anno1.g4894.t1	A	anno1.g10356.t1	A
anno1.g4895.t1	A	anno1.g10353.t1	A
anno1.g4897.t1	A	anno1.g10352.t1	A
anno1.g4898.t1	A	anno1.g10383.t2	A
anno1.g4899.t1	A	anno1.g10369.t2	A
anno1.g4900.t1	A	anno1.g10370.t1	A
anno1.g4901.t1	A	anno1.g10196.t1	A
anno1.g4902.t1	A	anno1.g10197.t1	A
anno1.g4903.t1	A	anno1.g10198.t1	A
anno1.g4906.t1	A	anno1.g10199.t1	A
anno1.g4907.t1	A	anno1.g10200.t1	A
anno1.g4909.t1	A	anno1.g11039.t1	A
anno1.g4910.t1	A	anno1.g10201.t1	A
anno1.g4911.t1	A	anno1.g10202.t1	A
anno1.g4912.t1	A	anno1.g10203.t2	A
anno1.g4913.t1	A	anno1.g10204.t1	A
anno1.g4914.t1	A	anno1.g10206.t1	A
anno1.g4915.t1	A	anno1.g10207.t1	A
anno1.g4916.t1	A	anno1.g10208.t1	A
anno1.g4917.t1	A	anno1.g10244.t1	A
anno1.g4918.t1	A	anno1.g10243.t1	A
anno1.g4919.t1	A	anno1.g10241.t2	A
anno1.g4920.t1	A	anno1.g10240.t1	A
anno1.g4921.t1	A	anno1.g10239.t1	A
anno1.g4922.t1	A	anno1.g10238.t1	A
anno1.g4923.t1	A	anno1.g10237.t1	A
anno1.g4924.t1	A	anno1.g10236.t1	A
anno1.g4925.t1	A	anno1.g10247.t1	A
anno1.g4926.t2	A	anno1.g10245.t1	A
anno1.g4927.t1	A	anno1.g10246.t1	A
anno1.g4928.t1	A	anno1.g10248.t1	A
anno1.g4929.t1	A	anno1.g10249.t1	A
anno1.g4930.t1	A	anno1.g10250.t1	A
anno1.g4932.t1	A	anno1.g10251.t1	A
anno1.g4933.t1	A	anno1.g10252.t1	A
anno1.g4934.t1	A	anno1.g10254.t1	A
anno1.g4935.t1	A	anno1.g10255.t1	A
anno1.g4936.t1	A	anno1.g10256.t1	A
anno1.g4937.t1	A	anno1.g10257.t1	A
anno1.g4938.t1	A	anno1.g10258.t1	A
anno1.g4939.t1	A	anno1.g1604.t1	A
anno1.g4940.t1	A	anno1.g10260.t1	A
anno1.g4941.t1	A	anno1.g10261.t1	A
anno1.g4942.t1	A	anno1.g10262.t1	A
anno1.g4943.t1	A	anno1.g10263.t1	A
anno1.g4944.t1	A	anno1.g10264.t1	A
anno1.g4945.t1	A	anno1.g5897.t1	A
anno1.g4946.t1	A	anno1.g10265.t1	A
anno1.g4947.t1	A	anno1.g10268.t1	A
anno1.g4948.t1	A	anno1.g10269.t1	A
anno1.g4949.t1	A	anno1.g10270.t1	A
anno1.g4950.t1	A	anno1.g10271.t1	A
anno1.g4951.t1	A	anno1.g10272.t1	A
anno1.g4952.t1	A	anno1.g10273.t2	A
anno1.g4953.t1	A	anno1.g10274.t1	A
anno1.g4954.t2	A	anno1.g10275.t2	A
anno1.g4955.t1	A	anno1.g10278.t1	A
anno1.g4956.t1	A	anno1.g10277.t1	A
anno1.g4958.t1	A	anno1.g10301.t1	A
anno1.g4962.t1	A	anno1.g10298.t1	A
anno1.g4963.t1	A	anno1.g10297.t1	A
anno1.g4964.t1	A	anno1.g10296.t1	A
anno1.g4965.t1	A	anno1.g10295.t1	A
anno1.g4966.t1	A	anno1.g10294.t1	A
anno1.g4967.t2	A	anno1.g10292.t1	A
anno1.g4968.t1	A	anno1.g10291.t1	A
anno1.g4969.t1	A	anno1.g10290.t1	A
anno1.g4970.t1	A	anno1.g10289.t1	A
anno1.g4971.t1	A	anno1.g10336.t1	A
anno1.g4973.t1	A	anno1.g10676.t2	A
anno1.g4974.t1	A	anno1.g10334.t1	A
anno1.g4975.t1	A	anno1.g10675.t1	A
anno1.g4976.t3	A	anno1.g10674.t4	A
anno1.g4977.t1	A	anno1.g10673.t1	A
anno1.g4978.t1	A	anno1.g10672.t1	A
anno1.g4979.t1	A	anno1.g10671.t1	A
anno1.g4980.t1	A	anno1.g10670.t1	A
anno1.g4981.t1	A	anno1.g10669.t1	A
anno1.g4982.t1	A	anno1.g10668.t1	A
anno1.g4983.t1	A	anno1.g10667.t1	A
anno1.g4984.t1	A	anno1.g10666.t1	A
anno1.g4986.t1	A	anno1.g10665.t1	A
anno1.g4987.t1	A	anno1.g10664.t1	A
anno1.g4988.t1	A	anno1.g10663.t1	A
anno1.g4989.t1	A	anno1.g10660.t1	A
anno1.g4990.t1	A	anno1.g10659.t2	A
anno1.g4991.t1	A	anno1.g2566.t1	A
anno1.g4992.t1	A	anno1.g10658.t1	A
anno1.g4993.t1	A	anno1.g10657.t1	A
anno1.g4994.t1	A	anno1.g10656.t1	A
anno1.g4995.t1	A	anno1.g10655.t1	A
anno1.g4996.t1	A	anno1.g10654.t1	A
anno1.g4998.t1	A	anno1.g10653.t1	A
anno1.g4999.t1	A	anno1.g10652.t1	A
anno1.g5001.t1	A	anno1.g10651.t1	A
anno1.g5002.t1	A	anno1.g10650.t1	A
anno1.g5004.t1	A	anno1.g10649.t1	A
anno1.g5005.t1	A	anno1.g10648.t1	A
anno1.g5006.t2	A	anno1.g10646.t1	A
anno1.g5007.t1	A	anno1.g10645.t1	A
anno1.g5008.t1	A	anno1.g5992.t1	A
anno1.g5009.t1	A	anno1.g10644.t1	A
anno1.g5010.t1	A	anno1.g10643.t1	A
anno1.g5013.t1	A	anno1.g10640.t1	A
anno1.g5014.t1	A	anno1.g10639.t1	A
anno1.g5017.t1	A	anno1.g10638.t1	A
anno1.g5018.t1	A	anno1.g10637.t1	A
anno1.g5019.t1	A	anno1.g10636.t1	A
anno1.g5020.t1	A	anno1.g10635.t1	A
anno1.g5021.t1	A	anno1.g10634.t1	A
anno1.g5022.t1	A	anno1.g10633.t1	A
anno1.g5023.t2	A	anno1.g10632.t1	A
anno1.g5024.t1	A	anno1.g10631.t1	A
anno1.g5025.t2	A	anno1.g10630.t7	A
anno1.g5028.t1	A	anno1.g10627.t1	A
anno1.g5029.t1	A	anno1.g10625.t2	A
anno1.g5030.t1	A	anno1.g10626.t2	A
anno1.g5032.t1	A	anno1.g10623.t2	A
anno1.g5034.t1	A	anno1.g10622.t1	A
anno1.g5036.t1	A	anno1.g10619.t1	A
anno1.g5037.t2	A	anno1.g10618.t1	A
anno1.g5038.t1	A	anno1.g10617.t1	A
anno1.g5039.t1	A	anno1.g10616.t1	A
anno1.g5040.t1	A	anno1.g10615.t1	A
anno1.g5041.t1	A	anno1.g10612.t1	A
anno1.g5043.t1	A	anno1.g10611.t1	A
anno1.g5044.t1	A	anno1.g10610.t1	A
anno1.g5045.t1	A	anno1.g10608.t1	A
anno1.g5046.t2	A	anno1.g10607.t1	A
anno1.g5047.t1	A	anno1.g10606.t2	A
anno1.g5048.t1	A	anno1.g10605.t1	A
anno1.g5049.t1	A	anno1.g10604.t1	A
anno1.g5050.t1	A	anno1.g10603.t1	A
anno1.g5051.t1	A	anno1.g10602.t1	A
anno1.g5052.t1	A	anno1.g10600.t1	A
anno1.g5053.t1	A	anno1.g10599.t2	A
anno1.g5054.t1	A	anno1.g10598.t1	A
anno1.g5055.t2	A	anno1.g10597.t1	A
anno1.g5056.t3	A	anno1.g10596.t3	A
anno1.g5057.t1	A	anno1.g10595.t1	A
anno1.g5058.t1	A	anno1.g10594.t1	A
anno1.g5059.t1	A	anno1.g10593.t1	A
anno1.g5062.t1	A	anno1.g10592.t2	A
anno1.g5063.t1	A	anno1.g10591.t1	A
anno1.g5069.t1	A	anno1.g4820.t1	A
anno1.g5070.t2	A	anno1.g4822.t1	A
anno1.g5071.t2	A	anno1.g4823.t1	A
anno1.g5072.t1	A	anno1.g4825.t1	A
anno1.g5073.t1	A	anno1.g4826.t1	A
anno1.g5074.t1	A	anno1.g4827.t1	A
anno1.g5075.t1	A	anno1.g4183.t1	A
anno1.g5076.t1	A	anno1.g4184.t1	A
anno1.g5078.t2	A	anno1.g4185.t2	A
anno1.g5079.t1	A	anno1.g4186.t1	A
anno1.g5080.t1	A	anno1.g4187.t1	A
anno1.g5081.t1	A	anno1.g4188.t1	A
anno1.g5082.t1	A	anno1.g4182.t1	A
anno1.g5084.t1	A	anno1.g4178.t1	A
anno1.g5085.t1	A	anno1.g4179.t1	A
anno1.g5086.t1	A	anno1.g4181.t1	A
anno1.g5087.t2	A	anno1.g4177.t2	A
anno1.both_agree_g10124.t1	A	anno1.g4176.t2	A
anno1.g5089.t1	A	anno1.g4338.t1	A
anno1.g5090.t1	A	anno1.g4340.t1	A
anno1.g5091.t1	A	anno1.g4341.t1	A
anno1.g5092.t1	A	anno1.g4343.t1	A
anno1.g5093.t1	A	anno1.g9910.t1	A
anno1.g5094.t2	A	anno1.g9909.t1	A
anno1.g5095.t1	A	anno1.g4346.t1	A
anno1.g5096.t1	A	anno1.g9908.t2	A
anno1.g5097.t1	A	anno1.g4348.t2	A
anno1.g5098.t1	A	anno1.g4349.t1	A
anno1.g5099.t1	A	anno1.g4350.t1	A
anno1.g5100.t1	A	anno1.g4352.t1	A
anno1.g5101.t3	A	anno1.g4353.t1	A
anno1.g5102.t1	A	anno1.g4354.t1	A
anno1.g5104.t1	A	anno1.g4355.t4	A
anno1.g5105.t1	A	anno1.g4357.t1	A
anno1.g5106.t1	A	anno1.g4359.t1	A
anno1.g5108.t1	A	anno1.g4367.t1	A
anno1.g5109.t1	A	anno1.g4368.t1	A
anno1.g5110.t1	A	anno1.g4369.t1	A
anno1.g5111.t1	A	anno1.g4370.t1	A
anno1.g5112.t1	A	anno1.g4371.t1	A
anno1.g5113.t1	A	anno1.g4372.t1	A
anno1.g5114.t1	A	anno1.g4373.t1	A
anno1.g5115.t1	A	anno1.g4374.t2	A
anno1.g5116.t1	A	anno1.g4375.t1	A
anno1.g5117.t2	A	anno1.g4376.t2	A
anno1.g5119.t1	A	anno1.g4377.t1	A
anno1.g5120.t1	A	anno1.g4378.t1	A
anno1.g5121.t1	A	anno1.g4379.t1	A
anno1.g5122.t1	A	anno1.g4380.t2	A
anno1.g5123.t2	A	anno1.g4381.t1	A
anno1.g5124.t1	A	anno1.g4382.t1	A
anno1.g5125.t1	A	anno1.g4383.t1	A
anno1.g5126.t1	A	anno1.g4384.t1	A
anno1.g5127.t1	A	anno1.g4386.t1	A
anno1.g5128.t1	A	anno1.g4387.t1	A
anno1.g5130.t1	A	anno1.g4390.t1	A
anno1.g5131.t1	A	anno1.g4391.t1	A
anno1.g5132.t1	A	anno1.g4403.t1	A
anno1.g5133.t1	A	anno1.g4404.t1	A
anno1.g5134.t1	A	anno1.g4405.t1	A
anno1.g5135.t2	A	anno1.g4406.t2	A
anno1.g5137.t2	A	anno1.g4407.t2	A
anno1.g5138.t1	A	anno1.g4408.t1	A
anno1.g5139.t3	A	anno1.g4410.t1	A
anno1.g5140.t1	A	anno1.g4602.t1	A
anno1.g5141.t1	A	anno1.g4601.t1	A
anno1.g5142.t1	A	anno1.g4600.t1	A
anno1.g5143.t1	A	anno1.g4598.t1	A
anno1.g5146.t1	A	anno1.g5173.t1	A
anno1.g5147.t1	A	anno1.g5172.t1	A
anno1.g5148.t4	A	anno1.g5181.t1	A
anno1.g5149.t1	A	anno1.g5182.t1	A
anno1.g5150.t1	A	anno1.g5183.t1	A
anno1.g5151.t2	A	anno1.g5184.t1	A
anno1.g5153.t1	A	anno1.g5188.t2	A
anno1.g5154.t1	A	anno1.g4300.t1	A
anno1.g5155.t1	A	anno1.g4299.t1	A
anno1.g5156.t2	A	anno1.g4298.t2	A
anno1.g5157.t1	A	anno1.g4153.t1	A
anno1.g5158.t1	A	anno1.g4151.t2	A
anno1.g5160.t3	A	anno1.g4155.t4	A
anno1.g5161.t1	A	anno1.g4156.t1	A
anno1.g5162.t2	A	anno1.g4157.t1	A
anno1.g5163.t1	A	anno1.g4158.t2	A
anno1.g5164.t2	A	anno1.g4159.t1	A
anno1.g5167.t1	A	anno1.g4161.t1	A
anno1.g5169.t1	A	anno1.g4162.t1	A
anno1.g5172.t1	A	anno1.g4164.t1	A
anno1.g5173.t1	A	anno1.g4165.t1	A
anno1.g5174.t1	A	anno1.g4166.t2	A
anno1.g5175.t1	A	anno1.g4167.t1	A
anno1.g5176.t1	A	anno1.g4168.t1	A
anno1.g5177.t2	A	anno1.g4169.t1	A
anno1.g5178.t1	A	anno1.g4171.t1	A
anno1.g5179.t1	A	anno1.g4172.t2	A
anno1.g5180.t1	A	anno1.g4173.t1	A
anno1.g5181.t1	A	anno1.g4174.t1	A
anno1.g5182.t1	A	anno1.g4336.t1	A
anno1.g5183.t1	A	anno1.g4335.t1	A
anno1.g5184.t1	A	anno1.g4334.t1	A
anno1.g5185.t1	A	anno1.g4333.t1	A
anno1.g5186.t1	A	anno1.g4332.t1	A
anno1.g5187.t2	A	anno1.g4331.t2	A
anno1.g5188.t1	A	anno1.g4330.t1	A
anno1.g5189.t1	A	anno1.g4329.t2	A
anno1.g5190.t1	A	anno1.g4328.t1	A
anno1.g5191.t4	A	anno1.g4327.t1	A
anno1.g5192.t1	A	anno1.g4325.t1	A
anno1.g5194.t1	A	anno1.g4324.t1	A
anno1.g5195.t1	A	anno1.g4323.t1	A
anno1.g5196.t1	A	anno1.g4322.t1	A
anno1.g5197.t1	A	anno1.g4321.t2	A
anno1.g5198.t1	A	anno1.g4320.t1	A
anno1.g5200.t2	A	anno1.g4317.t3	A
anno1.g5201.t2	A	anno1.g4316.t1	A
anno1.g5202.t1	A	anno1.g4315.t1	A
anno1.g5203.t1	A	anno1.g4314.t1	A
anno1.g5205.t1	A	anno1.g4313.t1	A
anno1.g5206.t1	A	anno1.g4312.t1	A
anno1.g5207.t1	A	anno1.g4311.t1	A
anno1.g5208.t1	A	anno1.g4310.t1	A
anno1.g5210.t2	A	anno1.g4307.t1	A
anno1.g5211.t1	A	anno1.g4308.t1	A
anno1.g5212.t1	A	anno1.g4309.t1	A
anno1.g5213.t1	A	anno1.g4305.t1	A
anno1.g5214.t1	A	anno1.g4304.t1	A
anno1.g5215.t1	A	anno1.g4303.t1	A
anno1.g5216.t1	A	anno1.g4301.t1	A
anno1.g5217.t1	A	anno1.g4668.t2	A
anno1.g5218.t1	A	anno1.g4667.t1	A
anno1.g5219.t2	A	anno1.g4666.t2	A
anno1.g5220.t1	A	anno1.g4665.t1	A
anno1.g5221.t3	A	anno1.g4663.t2	A
anno1.g5222.t1	A	anno1.g4662.t2	A
anno1.g5223.t1	A	anno1.g4661.t1	A
anno1.g5224.t1	A	anno1.g4660.t1	A
anno1.g5225.t1	A	anno1.g4642.t1	A
anno1.g5226.t2	A	anno1.g4639.t1	A
anno1.g5227.t1	A	anno1.g4638.t1	A
anno1.both_agree_g10316.t2	A	anno1.g4859.t1	A
anno1.g5232.t1	A	anno1.g4862.t1	A
anno1.g5233.t1	A	anno1.g4865.t1	A
anno1.g5234.t1	A	anno1.g4866.t1	A
anno1.g5235.t1	A	anno1.g4867.t1	A
anno1.g5236.t1	A	anno1.g4868.t1	A
anno1.g5237.t1	A	anno1.g4869.t2	A
anno1.g5238.t1	A	anno1.g4870.t1	A
anno1.g5239.t1	A	anno1.g4871.t1	A
anno1.g5240.t2	A	anno1.g4872.t2	A
anno1.g5241.t1	A	anno1.g4874.t1	A
anno1.g5242.t1	A	anno1.g4875.t2	A
anno1.g5243.t1	A	anno1.g4876.t1	A
anno1.g5244.t1	A	anno1.g4879.t1	A
anno1.g5245.t1	A	anno1.g4880.t1	A
anno1.g5246.t1	A	anno1.g4881.t1	A
anno1.g5247.t1	A	anno1.g4882.t1	A
anno1.g5248.t1	A	anno1.g4883.t1	A
anno1.g5249.t1	A	anno1.g4884.t1	A
anno1.g5251.t2	A	anno1.g4885.t1	A
anno1.g5252.t1	A	anno1.g4886.t1	A
anno1.g5253.t1	A	anno1.g4887.t1	A
anno1.g5254.t1	A	anno1.g4888.t1	A
anno1.g5255.t1	A	anno1.g4889.t1	A
anno1.g5256.t1	A	anno1.g4890.t1	A
anno1.g5257.t1	A	anno1.g4891.t1	A
anno1.g5258.t1	A	anno1.g4892.t1	A
anno1.g5259.t1	A	anno1.g4893.t1	A
anno1.g5261.t1	A	anno1.g4900.t1	A
anno1.g5262.t1	A	anno1.g4902.t2	A
anno1.g5263.t1	A	anno1.g4903.t1	A
anno1.g5264.t1	A	anno1.g4904.t2	A
anno1.g5265.t1	A	anno1.g4906.t1	A
anno1.g5266.t1	A	anno1.g4907.t1	A
anno1.g5267.t2	A	anno1.g4908.t1	A
anno1.g5268.t1	A	anno1.g4909.t1	A
anno1.g5269.t1	A	anno1.g4910.t1	A
anno1.g5270.t1	A	anno1.g4911.t1	A
anno1.g5271.t1	A	anno1.g4912.t1	A
anno1.g5272.t1	A	anno1.g4913.t1	A
anno1.g5273.t1	A	anno1.g4914.t1	A
anno1.g5274.t1	A	anno1.g4915.t1	A
anno1.g5275.t1	A	anno1.g4916.t1	A
anno1.g5276.t1	A	anno1.g4917.t1	A
anno1.g5277.t1	A	anno1.g4918.t1	A
anno1.g5278.t1	A	anno1.g4921.t1	A
anno1.g5279.t1	A	anno1.g4922.t1	A
anno1.g5280.t1	A	anno1.g4924.t1	A
anno1.g5281.t1	A	anno1.g4925.t1	A
anno1.g5282.t1	A	anno1.g4926.t1	A
anno1.g5283.t1	A	anno1.g4927.t1	A
anno1.g5284.t1	A	anno1.g4929.t2	A
anno1.g5285.t1	A	anno1.g4930.t1	A
anno1.g5286.t1	A	anno1.g4931.t1	A
anno1.g5287.t1	A	anno1.g4932.t1	A
anno1.g5288.t1	A	anno1.g4933.t1	A
anno1.g5290.t2	A	anno1.g14612.t6	A
anno1.g5291.t1	A	anno1.g14608.t1	A
anno1.g5292.t2	A	anno1.g14606.t1	A
anno1.g5293.t1	A	anno1.g11516.t1	A
anno1.g5295.t2	A	anno1.g14604.t1	A
anno1.g5296.t1	A	anno1.g4938.t1	A
anno1.g5297.t1	A	anno1.g4939.t1	A
anno1.g5298.t1	A	anno1.g4940.t1	A
anno1.g5299.t1	A	anno1.g4941.t1	A
anno1.g5300.t1	A	anno1.g4942.t1	A
anno1.g5301.t1	A	anno1.g4943.t1	A
anno1.g5302.t1	A	anno1.g1992.t1	X
anno1.g5303.t1	A	anno1.g4098.t1	A
anno1.g5304.t1	A	anno1.g4099.t1	A
anno1.g5305.t1	A	anno1.g4227.t1	A
anno1.g5306.t1	A	anno1.g4226.t1	A
anno1.g5307.t1	A	anno1.g4193.t1	A
anno1.g5309.t1	A	anno1.g4199.t1	A
anno1.g5310.t1	A	anno1.g4202.t1	A
anno1.g5312.t1	A	anno1.g4206.t1	A
anno1.g5313.t1	A	anno1.g4207.t1	A
anno1.g5314.t1	A	anno1.g4208.t1	A
anno1.g5315.t1	A	anno1.g4209.t1	A
anno1.g5316.t1	A	anno1.g4211.t2	A
anno1.g5317.t1	A	anno1.g4213.t1	A
anno1.g5318.t1	A	anno1.g4214.t2	A
anno1.g5319.t1	A	anno1.g4216.t1	A
anno1.g5320.t1	A	anno1.g4217.t1	A
anno1.g5321.t1	A	anno1.g4218.t1	A
anno1.g5322.t1	A	anno1.g4219.t1	A
anno1.g5323.t1	A	anno1.g4220.t1	A
anno1.g5324.t1	A	anno1.g4221.t1	A
anno1.g5325.t1	A	anno1.g4222.t1	A
anno1.g5326.t1	A	anno1.g4223.t1	A
anno1.g5327.t1	A	anno1.g4225.t1	A
anno1.g5328.t1	A	anno1.g5190.t2	A
anno1.g5329.t1	A	anno1.g5191.t1	A
anno1.g5331.t1	A	anno1.g4190.t2	A
anno1.g5330.t1	A	anno1.g4189.t2	A
anno1.g5332.t2	A	anno1.g4192.t2	A
anno1.g5333.t1	A	anno1.g5169.t1	A
anno1.g5339.t1	A	anno1.g5168.t1	A
anno1.g5340.t2	A	anno1.g5167.t2	A
anno1.g5341.t1	A	anno1.g5165.t2	A
anno1.g5342.t1	A	anno1.g5163.t1	A
anno1.g5343.t3	A	anno1.g5159.t1	A
anno1.g5346.t1	A	anno1.g5150.t1	A
anno1.g5349.t1	A	anno1.g14768.t1	A
anno1.g5350.t2	A	anno1.g5118.t1	A
anno1.g5351.t1	A	anno1.g5117.t1	A
anno1.g5353.t2	A	anno1.g5112.t2	A
anno1.g5354.t1	A	anno1.g5127.t1	A
anno1.g5355.t1	A	anno1.g5128.t1	A
anno1.g5356.t1	A	anno1.g14288.t1	A
anno1.g5357.t1	A	anno1.g14287.t1	A
anno1.g5358.t1	A	anno1.g5130.t1	A
anno1.g5359.t1	A	anno1.g5132.t2	A
anno1.g5364.t1	A	anno1.g5100.t1	A
anno1.g5365.t1	A	anno1.g5099.t1	A
anno1.g5366.t1	A	anno1.g5098.t2	A
anno1.g5367.t1	A	anno1.g5095.t1	A
anno1.g5368.t1	A	anno1.g5089.t2	A
anno1.g5369.t1	A	anno1.g5088.t1	A
anno1.g5370.t2	A	anno1.g5087.t1	A
anno1.g5371.t1	A	anno1.g5086.t1	A
anno1.g5372.t1	A	anno1.g5085.t1	A
anno1.g5373.t1	A	anno1.g5084.t1	A
anno1.g5374.t2	A	anno1.g5083.t2	A
anno1.g5375.t1	A	anno1.g5082.t2	A
anno1.g5377.t1	A	anno1.g5076.t1	A
anno1.g5379.t3	A	anno1.g5074.t1	A
anno1.g5380.t1	A	anno1.g5073.t1	A
anno1.g5381.t1	A	anno1.g5072.t1	A
anno1.g5382.t1	A	anno1.g5070.t1	A
anno1.g5383.t1	A	anno1.g5069.t2	A
anno1.g5384.t1	A	anno1.g6726.t1	A
anno1.g5385.t1	A	anno1.g5067.t1	A
anno1.g5386.t1	A	anno1.g5066.t2	A
anno1.g5387.t2	A	anno1.g5065.t3	A
anno1.g5388.t1	A	anno1.g5062.t1	A
anno1.g5389.t1	A	anno1.g5060.t1	A
anno1.g5390.t2	A	anno1.g5059.t1	A
anno1.g5391.t1	A	anno1.g5058.t1	A
anno1.g5392.t1	A	anno1.g5057.t2	A
anno1.g5393.t1	A	anno1.g5056.t1	A
anno1.g5394.t1	A	anno1.g5055.t1	A
anno1.g5395.t1	A	anno1.g5054.t1	A
anno1.g5396.t3	A	anno1.g5053.t1	A
anno1.g5397.t1	A	anno1.g5052.t2	A
anno1.g5398.t1	A	anno1.g5051.t2	A
anno1.g5399.t1	A	anno1.g5050.t1	A
anno1.g5401.t1	A	anno1.g5048.t1	A
anno1.g5403.t1	A	anno1.g5047.t1	A
anno1.g5404.t1	A	anno1.g5045.t1	A
anno1.g5405.t1	A	anno1.g5044.t1	A
anno1.g5406.t1	A	anno1.g5041.t1	A
anno1.g5407.t1	A	anno1.g5040.t1	A
anno1.g5408.t1	A	anno1.g5039.t1	A
anno1.g5409.t1	A	anno1.g5038.t1	A
anno1.g5410.t1	A	anno1.g5036.t1	A
anno1.g5411.t1	A	anno1.g5035.t1	A
anno1.g5412.t2	A	anno1.g5034.t2	A
anno1.g5414.t2	A	anno1.g5033.t1	A
anno1.g5416.t1	A	anno1.g5031.t1	A
anno1.g5418.t1	A	anno1.g5028.t1	A
anno1.g5419.t1	A	anno1.g5022.t1	A
anno1.g5420.t1	A	anno1.g5021.t1	A
anno1.g5421.t1	A	anno1.g5020.t1	A
anno1.g5423.t1	A	anno1.g5019.t1	A
anno1.g5424.t1	A	anno1.g5018.t2	A
anno1.g5425.t1	A	anno1.g5017.t2	A
anno1.g5426.t1	A	anno1.g5015.t2	A
anno1.g5427.t1	A	anno1.g5014.t1	A
anno1.g5428.t1	A	anno1.g5011.t1	A
anno1.g5430.t1	A	anno1.g14442.t1	A
anno1.g5431.t1	A	anno1.g5010.t1	A
anno1.g5432.t1	A	anno1.g5009.t1	A
anno1.g5433.t1	A	anno1.g5008.t1	A
anno1.g5435.t1	A	anno1.g5007.t1	A
anno1.g5436.t1	A	anno1.g5006.t1	A
anno1.g5438.t2	A	anno1.g5005.t1	A
anno1.g5439.t3	A	anno1.g5004.t3	A
anno1.g5440.t1	A	anno1.g5003.t1	A
anno1.g5441.t1	A	anno1.g5002.t1	A
anno1.g5445.t3	A	anno1.g4999.t1	A
anno1.g5446.t1	A	anno1.g4996.t1	A
anno1.g5447.t1	A	anno1.g4995.t1	A
anno1.g5448.t1	A	anno1.g4994.t1	A
anno1.g5450.t1	A	anno1.g4993.t1	A
anno1.g5451.t1	A	anno1.g4992.t1	A
anno1.g5452.t1	A	anno1.g4989.t1	A
anno1.g5454.t1	A	anno1.g4987.t1	A
anno1.g5455.t1	A	anno1.g4986.t1	A
anno1.g5456.t1	A	anno1.g4985.t1	A
anno1.g5458.t2	A	anno1.g4983.t1	A
anno1.g5459.t1	A	anno1.g4981.t1	A
anno1.g5460.t1	A	anno1.g4978.t1	A
anno1.g5461.t1	A	anno1.g4977.t1	A
anno1.g5463.t1	A	anno1.g4976.t1	A
anno1.g5464.t1	A	anno1.g4975.t1	A
anno1.g5465.t1	A	anno1.g4970.t2	A
anno1.g5466.t1	A	anno1.g4969.t3	A
anno1.g5467.t1	A	anno1.g4968.t1	A
anno1.g5469.t1	A	anno1.g4966.t1	A
anno1.g5470.t1	A	anno1.g4965.t1	A
anno1.g5473.t1	A	anno1.g4964.t1	A
anno1.g5474.t1	A	anno1.g4962.t1	A
anno1.g5475.t1	A	anno1.g134.t1	A
anno1.g5476.t1	A	anno1.g4960.t1	A
anno1.g5477.t1	A	anno1.g4957.t1	A
anno1.g5478.t1	A	anno1.g4956.t1	A
anno1.g5481.t1	A	anno1.g4952.t1	A
anno1.g5483.t1	A	anno1.g4951.t1	A
anno1.g5484.t2	A	anno1.g4948.t1	A
anno1.g5487.t1	A	anno1.g4947.t1	A
anno1.g5488.t1	A	anno1.g4946.t1	A
anno1.g5490.t1	A	anno1.g4819.t1	A
anno1.g5492.t1	A	anno1.g4815.t1	A
anno1.g5493.t1	A	anno1.g4812.t1	A
anno1.g5494.t1	A	anno1.g4811.t1	A
anno1.g5495.t1	A	anno1.g4810.t1	A
anno1.g5496.t3	A	anno1.g4809.t2	A
anno1.g5497.t1	A	anno1.g4807.t1	A
anno1.g5498.t1	A	anno1.g4806.t1	A
anno1.g5499.t2	A	anno1.g4805.t2	A
anno1.g5500.t1	A	anno1.g4804.t1	A
anno1.g5501.t1	A	anno1.g4803.t1	A
anno1.g5502.t1	A	anno1.g4802.t1	A
anno1.g5503.t1	A	anno1.g4797.t1	A
anno1.g5504.t1	A	anno1.g4796.t1	A
anno1.g5505.t1	A	anno1.g4794.t1	A
anno1.g5506.t1	A	anno1.g4792.t1	A
anno1.g5507.t1	A	anno1.g4791.t1	A
anno1.g5508.t1	A	anno1.g4790.t1	A
anno1.g5511.t1	A	anno1.g4786.t1	A
anno1.g5512.t1	A	anno1.g4785.t1	A
anno1.g5513.t1	A	anno1.g4784.t1	A
anno1.g5514.t1	A	anno1.g4783.t1	A
anno1.g5515.t1	A	anno1.g4782.t1	A
anno1.g5516.t1	A	anno1.g4781.t1	A
anno1.g5517.t1	A	anno1.g4780.t1	A
anno1.g5518.t1	A	anno1.g4779.t1	A
anno1.g5519.t2	A	anno1.g4778.t1	A
anno1.g5520.t1	A	anno1.g4777.t2	A
anno1.g5521.t1	A	anno1.g4776.t1	A
anno1.g5522.t1	A	anno1.g4775.t2	A
anno1.g5523.t1	A	anno1.g4774.t1	A
anno1.g5524.t1	A	anno1.g4773.t2	A
anno1.g5525.t2	A	anno1.g4772.t1	A
anno1.g5526.t1	A	anno1.g4771.t1	A
anno1.g5527.t1	A	anno1.g4770.t1	A
anno1.g5528.t1	A	anno1.g4769.t1	A
anno1.g5529.t1	A	anno1.g4768.t1	A
anno1.g5530.t1	A	anno1.g4767.t1	A
anno1.g5531.t1	A	anno1.g4766.t1	A
anno1.g5532.t1	A	anno1.g4765.t1	A
anno1.g5533.t1	A	anno1.g4763.t1	A
anno1.g5534.t1	A	anno1.g4761.t1	A
anno1.g5535.t1	A	anno1.g4760.t1	A
anno1.g5536.t1	A	anno1.g4759.t2	A
anno1.g5537.t1	A	anno1.g4758.t1	A
anno1.g5538.t1	A	anno1.g4757.t1	A
anno1.g5539.t1	A	anno1.g4756.t1	A
anno1.g5540.t2	A	anno1.g4755.t2	A
anno1.g5543.t1	A	anno1.g4753.t1	A
anno1.g5546.t1	A	anno1.g4751.t1	A
anno1.g5547.t1	A	anno1.g4750.t1	A
anno1.g5548.t1	A	anno1.g4749.t1	A
anno1.g5549.t1	A	anno1.g4748.t2	A
anno1.g5550.t1	A	anno1.g4747.t1	A
anno1.g5552.t1	A	anno1.g4746.t1	A
anno1.g5554.t1	A	anno1.g4745.t1	A
anno1.g5555.t1	A	anno1.g4744.t1	A
anno1.g5556.t1	A	anno1.g4743.t1	A
anno1.g5557.t1	A	anno1.g4742.t1	A
anno1.g5560.t1	A	anno1.g4741.t1	A
anno1.g5561.t1	A	anno1.g4740.t2	A
anno1.g5562.t1	A	anno1.g4739.t2	A
anno1.g5563.t1	A	anno1.g4719.t1	A
anno1.g5564.t1	A	anno1.g4736.t2	A
anno1.g5565.t1	A	anno1.g4721.t1	A
anno1.g5566.t2	A	anno1.g4723.t1	A
anno1.g5567.t1	A	anno1.g4724.t1	A
anno1.g5568.t1	A	anno1.g4725.t2	A
anno1.g5569.t1	A	anno1.g4728.t1	A
anno1.g5571.t1	A	anno1.g4727.t1	A
anno1.g5572.t1	A	anno1.g4715.t1	A
anno1.g5574.t3	A	anno1.g4714.t1	A
anno1.g5575.t1	A	anno1.g4713.t1	A
anno1.g5576.t1	A	anno1.g4712.t1	A
anno1.g5577.t1	A	anno1.g4711.t1	A
anno1.g5579.t1	A	anno1.g7825.t1	A
anno1.g5581.t1	A	anno1.g4502.t1	A
anno1.g5583.t1	A	anno1.g4709.t1	A
anno1.g5589.t1	A	anno1.g4703.t1	A
anno1.g5590.t1	A	anno1.g4702.t1	A
anno1.g5591.t1	A	anno1.g4701.t1	A
anno1.g5592.t1	A	anno1.g5874.t1	A
anno1.g5594.t1	A	anno1.g4699.t1	A
anno1.g5595.t1	A	anno1.g4698.t1	A
anno1.g5596.t1	A	anno1.g4697.t1	A
anno1.g5597.t1	A	anno1.g4696.t2	A
anno1.g5598.t1	A	anno1.g4695.t1	A
anno1.g5599.t1	A	anno1.g4694.t1	A
anno1.g5600.t1	A	anno1.g4693.t1	A
anno1.g5601.t1	A	anno1.g4692.t1	A
anno1.g5602.t1	A	anno1.g4691.t1	A
anno1.g5603.t1	A	anno1.g4690.t1	A
anno1.g5604.t1	A	anno1.g4689.t1	A
anno1.g5605.t1	A	anno1.g4688.t1	A
anno1.g5615.t2	A	anno1.g4685.t1	A
anno1.g5617.t1	A	anno1.g4686.t1	A
anno1.g5618.t1	A	anno1.g4687.t1	A
anno1.g5621.t1	A	anno1.g3980.t1	A
anno1.g5622.t1	A	anno1.g4675.t2	A
anno1.g5623.t1	A	anno1.g4673.t1	A
anno1.g5624.t1	A	anno1.g4672.t1	A
anno1.g5625.t1	A	anno1.g4671.t1	A
anno1.g5626.t1	A	anno1.g4670.t1	A
anno1.g5627.t1	A	anno1.g4669.t1	A
anno1.g5628.t1	A	anno1.g4828.t1	A
anno1.g5629.t1	A	anno1.g4829.t3	A
anno1.g5631.t1	A	anno1.g4830.t1	A
anno1.g5632.t1	A	anno1.g4831.t1	A
anno1.g5633.t1	A	anno1.g4832.t1	A
anno1.g5634.t1	A	anno1.g4833.t1	A
anno1.g5635.t1	A	anno1.g4835.t1	A
anno1.g5636.t1	A	anno1.g4836.t1	A
anno1.g5637.t1	A	anno1.g4837.t1	A
anno1.g5638.t1	A	anno1.g4838.t1	A
anno1.g5642.t1	A	anno1.g4842.t1	A
anno1.g5643.t1	A	anno1.g4843.t1	A
anno1.g5645.t1	A	anno1.g4844.t1	A
anno1.g5646.t1	A	anno1.g4845.t1	A
anno1.g5647.t1	A	anno1.g4846.t1	A
anno1.g5648.t1	A	anno1.g4847.t1	A
anno1.g5649.t1	A	anno1.g4851.t1	A
anno1.g5650.t1	A	anno1.g4852.t1	A
anno1.g5651.t1	A	anno1.g4853.t1	A
anno1.g5652.t1	A	anno1.g4855.t1	A
anno1.g5653.t1	A	anno1.g4856.t1	A
anno1.g5654.t1	A	anno1.g4857.t1	A
anno1.g5655.t1	A	anno1.g4637.t1	A
anno1.g5656.t1	A	anno1.g4636.t1	A
anno1.g5657.t1	A	anno1.g4635.t2	A
anno1.g5658.t1	A	anno1.g4634.t1	A
anno1.g5659.t1	A	anno1.g4631.t1	A
anno1.g5660.t2	A	anno1.g4659.t2	A
anno1.g5661.t1	A	anno1.g4658.t1	A
anno1.g5662.t1	A	anno1.g4628.t1	A
anno1.g5663.t1	A	anno1.g4627.t1	A
anno1.g5664.t1	A	anno1.g4626.t1	A
anno1.g5665.t1	A	anno1.g4624.t1	A
anno1.g5666.t1	A	anno1.g4623.t2	A
anno1.g5667.t1	A	anno1.g4621.t2	A
anno1.g5668.t1	A	anno1.g4620.t1	A
anno1.g5669.t1	A	anno1.g4618.t1	A
anno1.g5670.t1	A	anno1.g4617.t2	A
anno1.g5671.t1	A	anno1.g4615.t1	A
anno1.g5672.t1	A	anno1.g4651.t1	A
anno1.g5673.t1	A	anno1.g4652.t1	A
anno1.g5674.t1	A	anno1.g4653.t1	A
anno1.g5675.t2	A	anno1.g4611.t1	A
anno1.g5676.t1	A	anno1.g4656.t1	A
anno1.g5678.t1	A	anno1.g4657.t1	A
anno1.g5679.t3	A	anno1.g4606.t2	A
anno1.g5680.t1	A	anno1.g4605.t1	A
anno1.g5681.t1	A	anno1.g4603.t1	A
anno1.g5683.t1	A	anno1.g4492.t1	A
anno1.g5684.t1	A	anno1.g4493.t1	A
anno1.g5685.t1	A	anno1.g4494.t2	A
anno1.g5686.t1	A	anno1.g4495.t1	A
anno1.g5687.t1	A	anno1.g4496.t1	A
anno1.g5689.t1	A	anno1.g4489.t1	A
anno1.g5690.t1	A	anno1.g4487.t1	A
anno1.g5691.t1	A	anno1.g4486.t2	A
anno1.g5692.t2	A	anno1.g4485.t1	A
anno1.g5693.t1	A	anno1.g4484.t1	A
anno1.g5698.t1	A	anno1.g4482.t1	A
anno1.g5700.t2	A	anno1.g4479.t4	A
anno1.g5701.t1	A	anno1.g4478.t3	A
anno1.g5702.t1	A	anno1.g4477.t1	A
anno1.g5703.t1	A	anno1.g4476.t3	A
anno1.g5704.t1	A	anno1.g4474.t2	A
anno1.g5709.t1	A	anno1.g4467.t2	A
anno1.g5711.t1	A	anno1.g4465.t1	A
anno1.g5714.t1	A	anno1.g4464.t1	A
anno1.g5719.t1	A	anno1.g14303.t1	A
anno1.g5720.t1	A	anno1.g4460.t1	A
anno1.g5726.t1	A	anno1.g4455.t1	A
anno1.g5727.t1	A	anno1.g4454.t1	A
anno1.g5728.t1	A	anno1.g4453.t1	A
anno1.g5729.t1	A	anno1.g4446.t1	A
anno1.g5730.t1	A	anno1.g4448.t1	A
anno1.g5731.t1	A	anno1.g4450.t1	A
anno1.g5732.t1	A	anno1.g4444.t1	A
anno1.g5733.t2	A	anno1.g4443.t1	A
anno1.g5734.t2	A	anno1.g4442.t1	A
anno1.g5735.t1	A	anno1.g4440.t1	A
anno1.g5736.t2	A	anno1.g14384.t1	A
anno1.g5737.t1	A	anno1.g14385.t1	A
anno1.g5738.t1	A	anno1.g4437.t1	A
anno1.g5739.t1	A	anno1.g4436.t1	A
anno1.g5740.t1	A	anno1.g4435.t1	A
anno1.g5741.t1	A	anno1.g4432.t1	A
anno1.g5742.t1	A	anno1.g4433.t1	A
anno1.g5743.t1	A	anno1.g4434.t1	A
anno1.g5749.t2	A	anno1.g4431.t5	A
anno1.g5750.t1	A	anno1.g4430.t2	A
anno1.g5751.t2	A	anno1.g4429.t1	A
anno1.g5753.t1	A	anno1.g4427.t1	A
anno1.g5755.t1	A	anno1.g4425.t1	A
anno1.g5756.t1	A	anno1.g4424.t1	A
anno1.g5757.t1	A	anno1.g4423.t1	A
anno1.g5758.t1	A	anno1.g4422.t1	A
anno1.g5759.t1	A	anno1.g4421.t2	A
anno1.g5760.t1	A	anno1.g4420.t1	A
anno1.g5761.t5	A	anno1.g4419.t1	A
anno1.g5762.t1	A	anno1.g1709.t1	X
anno1.g5764.t1	A	anno1.g4418.t1	A
anno1.g5765.t1	A	anno1.g4416.t1	A
anno1.g5766.t1	A	anno1.g4413.t1	A
anno1.g5767.t1	A	anno1.g4412.t1	A
anno1.g5768.t1	A	anno1.g4411.t1	A
anno1.g5769.t2	A	anno1.g4500.t2	A
anno1.g5771.t1	A	anno1.g4533.t1	A
anno1.g5772.t1	A	anno1.g4501.t2	A
anno1.g5774.t1	A	anno1.g4503.t1	A
anno1.g5775.t3	A	anno1.g4504.t3	A
anno1.g5776.t2	A	anno1.g4506.t2	A
anno1.g5780.t1	A	anno1.g4507.t1	A
anno1.g5781.t1	A	anno1.g4508.t1	A
anno1.g5788.t1	A	anno1.g4511.t1	A
anno1.g5789.t1	A	anno1.g14729.t1	A
anno1.g5791.t1	A	anno1.g14730.t1	A
anno1.g5792.t1	A	anno1.g14731.t1	A
anno1.g5793.t1	A	anno1.g4517.t1	A
anno1.g5795.t1	A	anno1.g4523.t1	A
anno1.g5796.t1	A	anno1.g4520.t1	A
anno1.g5797.t1	A	anno1.g4521.t1	A
anno1.g5798.t1	A	anno1.g4525.t1	A
anno1.g5799.t1	A	anno1.g4526.t1	A
anno1.g5800.t1	A	anno1.g4527.t1	A
anno1.g5802.t1	A	anno1.g944.t1	A
anno1.g5803.t1	A	anno1.g4528.t1	A
anno1.g5804.t1	A	anno1.g4532.t1	A
anno1.g5806.t1	A	anno1.g4531.t4	A
anno1.g5807.t1	A	anno1.g4060.t1	A
anno1.g5809.t1	A	anno1.g4058.t1	A
anno1.g5810.t1	A	anno1.g4538.t1	A
anno1.g5812.t3	A	anno1.g4544.t1	A
anno1.g5813.t2	A	anno1.g4543.t1	A
anno1.g5814.t1	A	anno1.g14565.t1	A
anno1.g5815.t1	A	anno1.g4547.t1	A
anno1.g5818.t1	A	anno1.g4548.t1	A
anno1.g5819.t1	A	anno1.g4549.t2	A
anno1.g5820.t2	A	anno1.g4550.t2	A
anno1.g5821.t1	A	anno1.g4551.t1	A
anno1.g5822.t1	A	anno1.g4558.t1	A
anno1.g5825.t2	A	anno1.g4554.t2	A
anno1.g5826.t1	A	anno1.g4570.t2	A
anno1.g5827.t1	A	anno1.g4568.t1	A
anno1.g5828.t1	A	anno1.g4567.t1	A
anno1.g5829.t1	A	anno1.g4566.t1	A
anno1.g5830.t1	A	anno1.g4561.t1	A
anno1.g5831.t1	A	anno1.g4562.t1	A
anno1.g5832.t2	A	anno1.g4563.t1	A
anno1.g5833.t1	A	anno1.g4564.t1	A
anno1.g5834.t1	A	anno1.g4565.t1	A
anno1.g5836.t1	A	anno1.g4575.t1	A
anno1.g5837.t1	A	anno1.g4576.t1	A
anno1.g5838.t1	A	anno1.g4577.t1	A
anno1.g5839.t1	A	anno1.g4578.t1	A
anno1.g5840.t1	A	anno1.g4581.t1	A
anno1.g5841.t1	A	anno1.g4582.t1	A
anno1.g5842.t1	A	anno1.g4583.t1	A
anno1.g5843.t2	A	anno1.g4585.t1	A
anno1.g5844.t1	A	anno1.g4586.t1	A
anno1.g5847.t1	A	anno1.g4573.t1	A
anno1.g5848.t1	A	anno1.g4591.t1	A
anno1.g5855.t1	A	anno1.g7867.t1	A
anno1.g5858.t1	A	anno1.g10512.t1	A
anno1.g5861.t1	A	anno1.g3721.t1	A
anno1.g5864.t1	A	anno1.g14342.t1	A
anno1.g5866.t1	A	anno1.g5136.t1	A
anno1.g5874.t1	A	anno1.g3903.t1	A
anno1.g5882.t1	A	anno1.g5334.t1	A
anno1.g5883.t1	A	anno1.g5337.t3	A
anno1.g5884.t1	A	anno1.g5331.t2	A
anno1.g5888.t3	A	anno1.g5330.t1	A
anno1.g5889.t1	A	anno1.g5324.t2	A
anno1.g5890.t2	A	anno1.g5327.t2	A
anno1.g5891.t2	A	anno1.g5326.t1	A
anno1.g5893.t1	A	anno1.g5320.t1	A
anno1.g5896.t1	A	anno1.g7513.t2	A
anno1.g5897.t1	A	anno1.g5318.t1	A
anno1.g5898.t2	A	anno1.g5317.t2	A
anno1.g5899.t1	A	anno1.g5316.t2	A
anno1.g5900.t1	A	anno1.g5315.t1	A
anno1.g5904.t1	A	anno1.g5312.t2	A
anno1.g5905.t1	A	anno1.g5310.t1	A
anno1.g5907.t1	A	anno1.g5309.t1	A
anno1.g5908.t1	A	anno1.g5308.t1	A
anno1.g5920.t1	A	anno1.g4260.t1	A
anno1.g5921.t1	A	anno1.g3106.t1	A
anno1.g5923.t1	A	anno1.g1661.t1	X
anno1.g5924.t1	A	anno1.g5146.t1	A
anno1.g5928.t1	A	anno1.g5278.t1	A
anno1.g5929.t1	A	anno1.g5288.t1	A
anno1.g5930.t1	A	anno1.g12150.t1	A
anno1.g5932.t1	A	anno1.g5290.t1	A
anno1.g5934.t1	A	anno1.g5276.t1	A
anno1.g5935.t1	A	anno1.g5174.t1	A
anno1.g5944.t1	A	anno1.g7945.t1	A
anno1.g5945.t1	A	anno1.g10550.t1	A
anno1.g5948.t1	A	anno1.g5170.t1	A
anno1.g5951.t1	A	anno1.g5269.t1	A
anno1.g5952.t1	A	anno1.g5271.t2	A
anno1.g5954.t1	A	anno1.g5272.t1	A
anno1.g5955.t1	A	anno1.g5740.t1	A
anno1.g5956.t1	A	anno1.g3358.t1	A
anno1.g5957.t1	A	anno1.g3359.t1	A
anno1.g5958.t1	A	anno1.g3360.t1	A
anno1.g5967.t1	A	anno1.g13587.t1	A
anno1.g5971.t1	A	anno1.g5735.t1	A
anno1.g5972.t1	A	anno1.g9345.t1	A
anno1.g5973.t1	A	anno1.g5734.t1	A
anno1.g5974.t1	A	anno1.g5731.t3	A
anno1.g5975.t3	A	anno1.g5237.t1	A
anno1.g5976.t1	A	anno1.g5239.t1	A
anno1.g5977.t1	A	anno1.g5240.t1	A
anno1.g5978.t1	A	anno1.g5701.t1	A
anno1.g5979.t1	A	anno1.both_agree_g14676.t1	A
anno1.g5983.t1	A	anno1.g5697.t3	A
anno1.g5984.t1	A	anno1.g10234.t1	A
anno1.g5987.t1	A	anno1.g5221.t1	A
anno1.g5988.t1	A	anno1.g5222.t1	A
anno1.g5989.t1	A	anno1.g5226.t2	A
anno1.g5991.t1	A	anno1.g5227.t1	A
anno1.g5993.t1	A	anno1.g5230.t2	A
anno1.g5995.t1	A	anno1.g5234.t1	A
anno1.g5998.t1	A	anno1.g5206.t1	A
anno1.g5999.t1	A	anno1.g5205.t1	A
anno1.g6001.t1	A	anno1.g5203.t1	A
anno1.g6002.t1	A	anno1.g5202.t1	A
anno1.g6003.t1	A	anno1.g5201.t1	A
anno1.g6005.t1	A	anno1.g5200.t2	A
anno1.g6006.t2	A	anno1.g5199.t2	A
anno1.g6007.t1	A	anno1.g5198.t1	A
anno1.g6008.t1	A	anno1.g1618.t1	A
anno1.g6009.t1	A	anno1.g4114.t1	A
anno1.g6010.t1	A	anno1.g4115.t1	A
anno1.g6011.t1	A	anno1.g4113.t1	A
anno1.g6012.t1	A	anno1.g4112.t1	A
anno1.g6013.t1	A	anno1.g4111.t1	A
anno1.g6014.t1	A	anno1.g4110.t1	A
anno1.g6015.t1	A	anno1.g4109.t1	A
anno1.g6016.t4	A	anno1.g4108.t6	A
anno1.g6017.t1	A	anno1.g4107.t1	A
anno1.g6018.t2	A	anno1.g4104.t1	A
anno1.g6020.t1	A	anno1.g4061.t1	A
anno1.g6021.t1	A	anno1.g4077.t1	A
anno1.g6022.t1	A	anno1.g5829.t1	A
anno1.g6023.t1	A	anno1.g4078.t1	A
anno1.g6024.t1	A	anno1.g4079.t1	A
anno1.g6025.t2	A	anno1.g4080.t2	A
anno1.g6026.t1	A	anno1.g4081.t1	A
anno1.g6027.t1	A	anno1.g4087.t1	A
anno1.g6028.t1	A	anno1.g4085.t1	A
anno1.g6029.t1	A	anno1.g4084.t1	A
anno1.g6030.t1	A	anno1.g4082.t1	A
anno1.g6032.t1	A	anno1.g4088.t1	A
anno1.g6033.t1	A	anno1.g4089.t1	A
anno1.g6034.t1	A	anno1.g4090.t2	A
anno1.g6037.t1	A	anno1.g4091.t1	A
anno1.g6039.t1	A	anno1.g4092.t1	A
anno1.g6040.t2	A	anno1.g4284.t1	A
anno1.g6041.t1	A	anno1.g4285.t1	A
anno1.g6042.t1	A	anno1.g4286.t1	A
anno1.g6043.t1	A	anno1.g4287.t1	A
anno1.g6044.t1	A	anno1.g4288.t1	A
anno1.g6045.t2	A	anno1.g4281.t1	A
anno1.g6046.t1	A	anno1.g4280.t1	A
anno1.g6047.t1	A	anno1.g4279.t1	A
anno1.g6048.t1	A	anno1.g4278.t1	A
anno1.g6050.t1	A	anno1.g4276.t1	A
anno1.g6051.t1	A	anno1.g4275.t1	A
anno1.g6052.t2	A	anno1.g4274.t1	A
anno1.g6053.t1	A	anno1.g4273.t2	A
anno1.g6054.t1	A	anno1.g4271.t1	A
anno1.g6056.t1	A	anno1.g4272.t1	A
anno1.g6057.t1	A	anno1.g4270.t1	A
anno1.g6058.t1	A	anno1.g4269.t1	A
anno1.g6059.t2	A	anno1.g4268.t2	A
anno1.g6060.t1	A	anno1.g4267.t1	A
anno1.g6061.t1	A	anno1.g4263.t1	A
anno1.g6062.t2	A	anno1.g4262.t2	A
anno1.g6064.t1	A	anno1.g4261.t1	A
anno1.g6065.t1	A	anno1.g13998.t1	A
anno1.g6067.t1	A	anno1.g4254.t1	A
anno1.g6068.t1	A	anno1.g4251.t1	A
anno1.g6069.t1	A	anno1.g4250.t1	A
anno1.g6070.t2	A	anno1.g4249.t1	A
anno1.g6071.t1	A	anno1.g4248.t1	A
anno1.g6072.t1	A	anno1.g4246.t1	A
anno1.g6073.t1	A	anno1.g4247.t1	A
anno1.g6074.t1	A	anno1.g4237.t2	A
anno1.g6075.t1	A	anno1.g4238.t1	A
anno1.g6076.t3	A	anno1.g4239.t1	A
anno1.g6078.t1	A	anno1.g4240.t1	A
anno1.g6079.t1	A	anno1.g4241.t1	A
anno1.g6080.t1	A	anno1.g4242.t1	A
anno1.g6081.t2	A	anno1.g4243.t2	A
anno1.g6082.t1	A	anno1.g4244.t1	A
anno1.g6083.t1	A	anno1.g4245.t1	A
anno1.g6085.t1	A	anno1.g4094.t1	A
anno1.g6086.t1	A	anno1.g4095.t1	A
anno1.g6087.t1	A	anno1.g4096.t1	A
anno1.g6090.t1	A	anno1.g4097.t1	A
anno1.g6092.t3	A	anno1.g4071.t2	A
anno1.g6093.t1	A	anno1.g4070.t1	A
anno1.g6094.t1	A	anno1.g4069.t1	A
anno1.g6095.t1	A	anno1.g4068.t1	A
anno1.g6096.t2	A	anno1.g4067.t1	A
anno1.g6097.t1	A	anno1.g4105.t1	A
anno1.g6098.t1	A	anno1.g4106.t1	A
anno1.g6099.t1	A	anno1.g4103.t1	A
anno1.g6100.t1	A	anno1.g4102.t1	A
anno1.g6101.t1	A	anno1.g4100.t2	A
anno1.g6102.t1	A	anno1.g4228.t1	A
anno1.g6103.t1	A	anno1.g4229.t1	A
anno1.g6104.t1	A	anno1.g4230.t1	A
anno1.g6105.t2	A	anno1.g4233.t3	A
anno1.g6106.t2	A	anno1.g4235.t2	A
anno1.g6107.t2	A	anno1.g4236.t1	A
anno1.g6108.t1	A	anno1.g4093.t1	A
anno1.g6109.t1	A	anno1.g4291.t1	A
anno1.g6110.t1	A	anno1.g4292.t2	A
anno1.g6111.t1	A	anno1.g4282.t1	A
anno1.g6113.t1	A	anno1.g4283.t2	A
anno1.g6116.t1	A	anno1.g5358.t1	A
anno1.g6119.t1	A	anno1.g4142.t1	A
anno1.g6120.t1	A	anno1.g4143.t1	A
anno1.g6121.t1	A	anno1.g6995.t1	A
anno1.g6122.t1	A	anno1.g4141.t1	A
anno1.g6127.t1	A	anno1.g4139.t1	A
anno1.g6128.t1	A	anno1.g4138.t1	A
anno1.g6129.t1	A	anno1.g8086.t1	A
anno1.g6130.t1	A	anno1.g4137.t1	A
anno1.g6131.t1	A	anno1.g4136.t3	A
anno1.g6132.t1	A	anno1.g4134.t1	A
anno1.g6133.t1	A	anno1.g4133.t1	A
anno1.g6134.t1	A	anno1.g4132.t1	A
anno1.g6135.t2	A	anno1.g4131.t1	A
anno1.g6136.t1	A	anno1.g4130.t1	A
anno1.g6137.t1	A	anno1.g4129.t1	A
anno1.g6140.t1	A	anno1.g4128.t1	A
anno1.g6141.t1	A	anno1.g4127.t1	A
anno1.g6142.t2	A	anno1.g4121.t1	A
anno1.g6143.t1	A	anno1.g4122.t1	A
anno1.g6144.t2	A	anno1.g4126.t2	A
anno1.g6145.t1	A	anno1.g4125.t1	A
anno1.g6146.t1	A	anno1.g4124.t1	A
anno1.g6147.t1	A	anno1.g4123.t1	A
anno1.g6148.t1	A	anno1.g4120.t1	A
anno1.g6149.t1	A	anno1.g4119.t1	A
anno1.g6150.t1	A	anno1.g4118.t1	A
anno1.g6151.t1	A	anno1.g5339.t1	A
anno1.g6152.t1	A	anno1.g5340.t1	A
anno1.g6153.t2	A	anno1.g5341.t1	A
anno1.g6154.t1	A	anno1.g5342.t1	A
anno1.g6155.t1	A	anno1.g5345.t1	A
anno1.g6156.t1	A	anno1.g5344.t1	A
anno1.g6157.t2	A	anno1.g5343.t1	A
anno1.g6158.t1	A	anno1.g5347.t1	A
anno1.g6159.t1	A	anno1.g1773.t1	X
anno1.g6160.t1	A	anno1.g5348.t1	A
anno1.g6161.t1	A	anno1.g5359.t1	A
anno1.g6162.t1	A	anno1.g5357.t3	A
anno1.g6163.t1	A	anno1.g4147.t2	A
anno1.g6164.t1	A	anno1.g4148.t1	A
anno1.g6165.t1	A	anno1.g4149.t1	A
anno1.g6166.t1	A	anno1.g4297.t1	A
anno1.g6167.t1	A	anno1.g4296.t1	A
anno1.g6168.t1	A	anno1.g4294.t1	A
anno1.g6169.t1	A	anno1.g4293.t1	A
anno1.g6170.t1	A	anno1.g4289.t1	A
anno1.g6171.t1	A	anno1.g4290.t1	A
anno1.g6172.t1	A	anno1.g5365.t1	A
anno1.g6173.t1	A	anno1.g5366.t1	A
anno1.g6174.t1	A	anno1.g5367.t1	A
anno1.g6175.t2	A	anno1.g5368.t2	A
anno1.g6177.t1	A	anno1.g5370.t1	A
anno1.g6178.t1	A	anno1.g5371.t1	A
anno1.g6179.t1	A	anno1.g5372.t1	A
anno1.g6180.t1	A	anno1.g5374.t1	A
anno1.g6181.t1	A	anno1.g5375.t1	A
anno1.g6182.t1	A	anno1.g5376.t2	A
anno1.g6183.t1	A	anno1.g5377.t1	A
anno1.g6184.t1	A	anno1.g5378.t1	A
anno1.g6185.t2	A	anno1.g5379.t2	A
anno1.g6186.t1	A	anno1.g5380.t1	A
anno1.g6187.t1	A	anno1.g5381.t1	A
anno1.g6189.t1	A	anno1.g5383.t2	A
anno1.g6190.t1	A	anno1.g5384.t1	A
anno1.g6191.t1	A	anno1.g5382.t1	A
anno1.g6192.t1	A	anno1.g5385.t1	A
anno1.g6193.t1	A	anno1.g5588.t2	A
anno1.g6195.t1	A	anno1.g5386.t1	A
anno1.g6196.t1	A	anno1.g5387.t1	A
anno1.g6197.t1	A	anno1.g5388.t1	A
anno1.g6198.t1	A	anno1.g5389.t1	A
anno1.g6199.t1	A	anno1.g5390.t1	A
anno1.g6200.t1	A	anno1.g5391.t1	A
anno1.g6201.t1	A	anno1.g5392.t1	A
anno1.g6202.t1	A	anno1.g5393.t1	A
anno1.g6203.t1	A	anno1.g5394.t1	A
anno1.g6204.t1	A	anno1.g5395.t1	A
anno1.g6205.t1	A	anno1.g5396.t1	A
anno1.g6206.t2	A	anno1.g5397.t4	A
anno1.g6207.t1	A	anno1.g5398.t1	A
anno1.g6208.t1	A	anno1.g5399.t1	A
anno1.g6209.t1	A	anno1.g5400.t1	A
anno1.g6210.t1	A	anno1.g5403.t1	A
anno1.g6211.t3	A	anno1.g5402.t3	A
anno1.g6213.t1	A	anno1.g5406.t2	A
anno1.g6214.t1	A	anno1.g5405.t1	A
anno1.g6216.t1	A	anno1.g13963.t1	A
anno1.g6219.t1	A	anno1.g14589.t1	A
anno1.g6220.t1	A	anno1.g14588.t1	A
anno1.g6221.t1	A	anno1.g14587.t1	A
anno1.g6223.t1	A	anno1.g14586.t1	A
anno1.g6233.t1	A	anno1.g5422.t1	A
anno1.g6234.t1	A	anno1.g5424.t1	A
anno1.g6236.t1	A	anno1.g5430.t1	A
anno1.g6237.t1	A	anno1.g5431.t1	A
anno1.g6239.t1	A	anno1.g5434.t3	A
anno1.g6240.t1	A	anno1.g5435.t1	A
anno1.g6241.t1	A	anno1.g5436.t1	A
anno1.g6242.t1	A	anno1.g5439.t4	A
anno1.g6243.t1	A	anno1.g5440.t1	A
anno1.g6244.t1	A	anno1.g5441.t1	A
anno1.g6245.t1	A	anno1.g5442.t1	A
anno1.g6246.t1	A	anno1.g5443.t1	A
anno1.g6247.t1	A	anno1.g5444.t1	A
anno1.g6248.t1	A	anno1.g5445.t1	A
anno1.g6249.t1	A	anno1.g5446.t1	A
anno1.g6250.t1	A	anno1.g5447.t1	A
anno1.g6251.t1	A	anno1.g5448.t1	A
anno1.g6252.t2	A	anno1.g5449.t1	A
anno1.g6253.t1	A	anno1.g5450.t1	A
anno1.g6254.t1	A	anno1.g5451.t1	A
anno1.g6255.t1	A	anno1.g5456.t1	A
anno1.g6256.t1	A	anno1.g5459.t1	A
anno1.g6258.t1	A	anno1.g5461.t1	A
anno1.g6259.t1	A	anno1.g5462.t1	A
anno1.g6260.t1	A	anno1.g5463.t1	A
anno1.g6261.t1	A	anno1.g5464.t2	A
anno1.g6262.t1	A	anno1.g5465.t1	A
anno1.g6263.t2	A	anno1.g5466.t2	A
anno1.g6264.t1	A	anno1.g5467.t1	A
anno1.g6265.t1	A	anno1.g5468.t1	A
anno1.g6266.t1	A	anno1.g5469.t1	A
anno1.g6267.t1	A	anno1.g5470.t1	A
anno1.g6268.t2	A	anno1.g5471.t2	A
anno1.g6269.t1	A	anno1.g5472.t1	A
anno1.g6270.t1	A	anno1.g5474.t1	A
anno1.g6272.t1	A	anno1.g5477.t1	A
anno1.g6273.t1	A	anno1.g5478.t2	A
anno1.g6274.t1	A	anno1.g5479.t6	A
anno1.g6275.t1	A	anno1.g5481.t1	A
anno1.g6276.t1	A	anno1.g5483.t1	A
anno1.g6277.t1	A	anno1.g5485.t1	A
anno1.g6279.t1	A	anno1.g5488.t1	A
anno1.g6280.t1	A	anno1.g5490.t1	A
anno1.g6281.t1	A	anno1.g5491.t1	A
anno1.g6282.t1	A	anno1.g5495.t1	A
anno1.g6283.t1	A	anno1.g5496.t1	A
anno1.g6284.t1	A	anno1.g5498.t1	A
anno1.g6285.t1	A	anno1.g5499.t1	A
anno1.g6286.t1	A	anno1.g5500.t1	A
anno1.g6287.t1	A	anno1.g5502.t1	A
anno1.g6288.t1	A	anno1.g5504.t1	A
anno1.g6289.t1	A	anno1.g5505.t1	A
anno1.g6290.t1	A	anno1.g5506.t1	A
anno1.g6291.t1	A	anno1.g5507.t2	A
anno1.g6292.t1	A	anno1.g5508.t1	A
anno1.g6293.t1	A	anno1.g5509.t1	A
anno1.g6294.t1	A	anno1.g5510.t1	A
anno1.g6295.t1	A	anno1.g5512.t1	A
anno1.g6296.t1	A	anno1.g5511.t1	A
anno1.g6297.t1	A	anno1.g5513.t1	A
anno1.g6298.t1	A	anno1.g5515.t1	A
anno1.g6299.t1	A	anno1.g5516.t1	A
anno1.g6301.t1	A	anno1.g5517.t1	A
anno1.g6302.t1	A	anno1.g5518.t1	A
anno1.g6305.t1	A	anno1.g5519.t1	A
anno1.g6307.t1	A	anno1.g5523.t1	A
anno1.g6308.t1	A	anno1.g5526.t1	A
anno1.g6309.t1	A	anno1.g11474.t1	A
anno1.g6311.t1	A	anno1.g1064.t1	A
anno1.g6313.t1	A	anno1.g5529.t1	A
anno1.g6316.t1	A	anno1.g5530.t1	A
anno1.g6319.t1	A	anno1.g5532.t1	A
anno1.g6320.t1	A	anno1.g5533.t1	A
anno1.g6321.t1	A	anno1.g5540.t1	A
anno1.g6323.t1	A	anno1.g5535.t1	A
anno1.g6324.t1	A	anno1.g5536.t1	A
anno1.g6325.t1	A	anno1.g5541.t1	A
anno1.g6326.t1	A	anno1.g5542.t1	A
anno1.g6327.t1	A	anno1.g5543.t1	A
anno1.g6328.t1	A	anno1.g5544.t1	A
anno1.g6329.t1	A	anno1.g5545.t1	A
anno1.g6330.t1	A	anno1.g5546.t1	A
anno1.g6331.t1	A	anno1.g5547.t1	A
anno1.g6332.t1	A	anno1.g5548.t2	A
anno1.g6333.t1	A	anno1.g5549.t1	A
anno1.g6334.t1	A	anno1.g5551.t1	A
anno1.g6335.t1	A	anno1.g5552.t2	A
anno1.g6336.t1	A	anno1.g5553.t1	A
anno1.g6337.t1	A	anno1.g5554.t1	A
anno1.g6339.t1	A	anno1.g5558.t1	A
anno1.g6340.t1	A	anno1.g5565.t1	A
anno1.g6341.t1	A	anno1.g5700.t1	A
anno1.g6343.t1	A	anno1.g5560.t1	A
anno1.g6344.t1	A	anno1.g5567.t1	A
anno1.g6347.t1	A	anno1.g5576.t1	A
anno1.g6348.t1	A	anno1.g5579.t1	A
anno1.g6349.t2	A	anno1.g5581.t1	A
anno1.g6350.t1	A	anno1.g5621.t1	A
anno1.g6351.t1	A	anno1.g5622.t1	A
anno1.g6353.t1	A	anno1.g5623.t1	A
anno1.g6354.t1	A	anno1.g5624.t1	A
anno1.g6355.t1	A	anno1.g5625.t1	A
anno1.g6357.t1	A	anno1.g5627.t1	A
anno1.g6358.t1	A	anno1.g5630.t1	A
anno1.g6359.t1	A	anno1.g5632.t1	A
anno1.g6360.t1	A	anno1.g5634.t1	A
anno1.g6362.t1	A	anno1.g5639.t1	A
anno1.g6363.t1	A	anno1.g5640.t1	A
anno1.g6368.t1	A	anno1.g1776.t1	X
anno1.g6369.t1	A	anno1.g5643.t1	A
anno1.g6370.t1	A	anno1.g5644.t1	A
anno1.g6373.t1	A	anno1.g5646.t1	A
anno1.g6374.t1	A	anno1.g5647.t1	A
anno1.g6375.t1	A	anno1.g5648.t1	A
anno1.g6376.t1	A	anno1.g5649.t1	A
anno1.g6377.t1	A	anno1.g5650.t1	A
anno1.g6378.t1	A	anno1.g5651.t1	A
anno1.g6379.t1	A	anno1.g5652.t1	A
anno1.g6380.t1	A	anno1.g5653.t1	A
anno1.g6381.t1	A	anno1.g5654.t1	A
anno1.g6382.t1	A	anno1.g5657.t1	A
anno1.g6384.t1	A	anno1.g5658.t1	A
anno1.g6385.t1	A	anno1.g7617.t1	A
anno1.g6386.t1	A	anno1.g5659.t1	A
anno1.g6387.t1	A	anno1.g7658.t1	A
anno1.g6393.t1	A	anno1.g5673.t1	A
anno1.g6394.t1	A	anno1.g5674.t3	A
anno1.g6395.t2	A	anno1.g5675.t1	A
anno1.g6396.t1	A	anno1.g5676.t1	A
anno1.g6398.t1	A	anno1.g5679.t1	A
anno1.g6399.t1	A	anno1.g5681.t1	A
anno1.g6400.t1	A	anno1.g5682.t1	A
anno1.g6401.t1	A	anno1.g5684.t1	A
anno1.g6402.t2	A	anno1.g5685.t2	A
anno1.g6403.t1	A	anno1.g5686.t2	A
anno1.g6404.t1	A	anno1.g5687.t1	A
anno1.g6405.t1	A	anno1.g5688.t1	A
anno1.g6406.t1	A	anno1.g5587.t1	A
anno1.g6407.t1	A	anno1.g5585.t1	A
anno1.g6408.t1	A	anno1.g5584.t1	A
anno1.g6409.t1	A	anno1.g5583.t2	A
anno1.g6410.t1	A	anno1.g5619.t1	A
anno1.g6411.t1	A	anno1.g5617.t1	A
anno1.g6415.t1	A	anno1.g5615.t1	A
anno1.g6418.t1	A	anno1.g5611.t1	A
anno1.g6420.t1	A	anno1.g5612.t1	A
anno1.g6421.t1	A	anno1.g5613.t1	A
anno1.g6422.t1	A	anno1.g5608.t1	A
anno1.g6425.t1	A	anno1.g5601.t1	A
anno1.g6426.t1	A	anno1.g5599.t1	A
anno1.g6428.t4	A	anno1.g5597.t4	A
anno1.g6429.t1	A	anno1.g5595.t1	A
anno1.g6430.t1	A	anno1.g5594.t1	A
anno1.g6431.t1	A	anno1.g5593.t1	A
anno1.g6432.t1	A	anno1.g5592.t1	A
anno1.g6433.t1	A	anno1.g5591.t1	A
anno1.g6434.t1	A	anno1.g5590.t1	A
anno1.g6435.t1	A	anno1.g5589.t1	A
anno1.g6436.t2	A	anno1.g5696.t2	A
anno1.g6438.t1	A	anno1.g5695.t3	A
anno1.g6439.t1	A	anno1.g5694.t3	A
anno1.g6440.t1	A	anno1.g5693.t1	A
anno1.g6441.t1	A	anno1.g5692.t1	A
anno1.g6442.t1	A	anno1.g5690.t1	A
anno1.g6443.t1	A	anno1.g5689.t1	A
anno1.g6444.t1	A	anno1.g5730.t1	A
anno1.g6445.t1	A	anno1.g5729.t2	A
anno1.g6446.t1	A	anno1.g5725.t1	A
anno1.g6447.t1	A	anno1.g5726.t1	A
anno1.g6448.t1	A	anno1.g5724.t1	A
anno1.g6450.t1	A	anno1.g5723.t1	A
anno1.g6451.t1	A	anno1.g5722.t2	A
anno1.g6452.t1	A	anno1.g5718.t1	A
anno1.g6453.t1	A	anno1.g5719.t1	A
anno1.g6454.t1	A	anno1.g5720.t1	A
anno1.g6455.t1	A	anno1.g5721.t2	A
anno1.g6456.t1	A	anno1.g5717.t1	A
anno1.g6458.t1	A	anno1.g5716.t1	A
anno1.g6459.t1	A	anno1.g6515.t1	A
anno1.g6460.t1	A	anno1.g5714.t1	A
anno1.g6461.t1	A	anno1.g5712.t1	A
anno1.g6463.t2	A	anno1.g5711.t1	A
anno1.g6464.t1	A	anno1.g5710.t1	A
anno1.g6465.t1	A	anno1.g5709.t1	A
anno1.g6466.t1	A	anno1.g5708.t1	A
anno1.g6467.t1	A	anno1.g5707.t1	A
anno1.g6468.t1	A	anno1.g5706.t1	A
anno1.g6469.t1	A	anno1.g5705.t1	A
anno1.g6470.t1	A	anno1.g5242.t1	A
anno1.g6471.t1	A	anno1.g5241.t1	A
anno1.g6472.t1	A	anno1.g5243.t1	A
anno1.g6473.t1	A	anno1.g5245.t1	A
anno1.g6474.t2	A	anno1.g5246.t1	A
anno1.g6475.t1	A	anno1.g5247.t1	A
anno1.g6476.t2	A	anno1.g5249.t1	A
anno1.g6478.t1	A	anno1.g14595.t1	A
anno1.g6479.t1	A	anno1.g14597.t2	A
anno1.g6480.t1	A	anno1.g5256.t1	A
anno1.g6481.t1	A	anno1.g5261.t2	A
anno1.g6482.t1	A	anno1.g5262.t1	A
anno1.g6483.t1	A	anno1.g5263.t1	A
anno1.g6484.t1	A	anno1.g5195.t1	A
anno1.g6485.t1	A	anno1.g5196.t2	A
anno1.g6486.t1	A	anno1.g5264.t1	A
anno1.g6487.t1	A	anno1.g4116.t1	A
anno1.g6488.t1	A	anno1.g13238.t1	A
anno1.g6489.t1	A	anno1.g5266.t1	A
anno1.g6490.t1	A	anno1.g5268.t1	A
anno1.g6492.t1	A	anno1.g5275.t1	A
anno1.g6493.t1	A	anno1.g5273.t1	A
anno1.g6494.t2	A	anno1.g3991.t3	A
anno1.g6495.t1	A	anno1.g3993.t1	A
anno1.g6496.t2	A	anno1.g3994.t1	A
anno1.g6497.t1	A	anno1.g3995.t1	A
anno1.g6498.t1	A	anno1.g3996.t1	A
anno1.g6499.t1	A	anno1.g3997.t1	A
anno1.g6500.t1	A	anno1.g3998.t1	A
anno1.g6501.t1	A	anno1.g3444.t1	A
anno1.g6502.t1	A	anno1.g3440.t1	A
anno1.g6503.t1	A	anno1.g3438.t1	A
anno1.g6504.t1	A	anno1.g3435.t1	A
anno1.g6505.t1	A	anno1.g3430.t1	A
anno1.g6506.t1	A	anno1.g3425.t1	A
anno1.g6507.t1	A	anno1.g3423.t1	A
anno1.g6508.t1	A	anno1.g3424.t1	A
anno1.g6511.t1	A	anno1.g3365.t1	A
anno1.g6512.t1	A	anno1.g3471.t1	A
anno1.g6515.t1	A	anno1.g3460.t1	A
anno1.g6516.t1	A	anno1.g3458.t1	A
anno1.g6518.t1	A	anno1.g3457.t1	A
anno1.g6519.t1	A	anno1.g3501.t1	A
anno1.g6520.t1	A	anno1.g3500.t1	A
anno1.g6521.t1	A	anno1.g3476.t1	A
anno1.g6522.t1	A	anno1.g8989.t1	A
anno1.g6523.t1	A	anno1.g3497.t1	A
anno1.g6524.t1	A	anno1.g3498.t1	A
anno1.g6525.t1	A	anno1.g3499.t2	A
anno1.g6526.t2	A	anno1.g3493.t3	A
anno1.g6527.t1	A	anno1.g3503.t2	A
anno1.g6528.t1	A	anno1.g3504.t1	A
anno1.g6529.t1	A	anno1.g3505.t1	A
anno1.g6531.t1	A	anno1.g2827.t1	A
anno1.g6532.t1	A	anno1.g2826.t1	A
anno1.g6533.t4	A	anno1.g2825.t2	A
anno1.g6534.t1	A	anno1.g2824.t1	A
anno1.g6538.t1	A	anno1.g2823.t1	A
anno1.g6539.t1	A	anno1.g2822.t1	A
anno1.g6541.t2	A	anno1.g2821.t1	A
anno1.g6545.t1	A	anno1.g12409.t1	A
anno1.g6546.t1	A	anno1.g2820.t1	A
anno1.g6547.t1	A	anno1.g2817.t1	A
anno1.g6548.t2	A	anno1.g2818.t2	A
anno1.g6549.t1	A	anno1.g2816.t1	A
anno1.g6550.t1	A	anno1.g2815.t1	A
anno1.g6551.t1	A	anno1.g14376.t2	A
anno1.g6552.t1	A	anno1.g2811.t1	A
anno1.g6553.t2	A	anno1.g2810.t2	A
anno1.g6556.t1	A	anno1.g2808.t2	A
anno1.g6561.t1	A	anno1.g2805.t1	A
anno1.g6562.t1	A	anno1.g2804.t2	A
anno1.g6563.t1	A	anno1.g2803.t2	A
anno1.g6564.t1	A	anno1.g2802.t1	A
anno1.g6565.t1	A	anno1.g2801.t1	A
anno1.g6566.t1	A	anno1.g2800.t1	A
anno1.g6567.t1	A	anno1.g2799.t1	A
anno1.g6568.t2	A	anno1.g2798.t1	A
anno1.g6569.t1	A	anno1.g2797.t1	A
anno1.g6570.t1	A	anno1.g2794.t2	A
anno1.g6571.t1	A	anno1.g2792.t1	A
anno1.g6572.t1	A	anno1.g14369.t1	A
anno1.g6573.t1	A	anno1.g2796.t1	A
anno1.g6574.t1	A	anno1.g2795.t1	A
anno1.g6575.t1	A	anno1.g2790.t1	A
anno1.g6576.t1	A	anno1.g2791.t1	A
anno1.g6578.t2	A	anno1.g2789.t1	A
anno1.g6579.t1	A	anno1.g2788.t1	A
anno1.g6580.t1	A	anno1.g2787.t1	A
anno1.g6581.t1	A	anno1.g2786.t1	A
anno1.g6583.t2	A	anno1.g2785.t1	A
anno1.g6584.t1	A	anno1.g2783.t1	A
anno1.g6585.t1	A	anno1.g2782.t1	A
anno1.g6586.t1	A	anno1.g2780.t2	A
anno1.g6587.t1	A	anno1.g2779.t1	A
anno1.g6588.t1	A	anno1.g2778.t1	A
anno1.g6589.t1	A	anno1.g2777.t1	A
anno1.g6590.t1	A	anno1.g2776.t1	A
anno1.g6591.t1	A	anno1.g2775.t1	A
anno1.g6592.t1	A	anno1.g2774.t2	A
anno1.g6593.t1	A	anno1.g2773.t1	A
anno1.g6594.t1	A	anno1.g2770.t1	A
anno1.g6595.t1	A	anno1.g2769.t1	A
anno1.g6596.t1	A	anno1.g2768.t2	A
anno1.g6598.t1	A	anno1.g2767.t1	A
anno1.g6599.t2	A	anno1.g2762.t2	A
anno1.g6600.t1	A	anno1.g2764.t1	A
anno1.g6601.t1	A	anno1.g2763.t2	A
anno1.g6603.t1	A	anno1.g2761.t1	A
anno1.g6604.t1	A	anno1.g2756.t1	A
anno1.g6605.t1	A	anno1.g2754.t1	A
anno1.g6606.t1	A	anno1.g2751.t2	A
anno1.g6607.t1	A	anno1.g2752.t1	A
anno1.g6608.t2	A	anno1.g2749.t2	A
anno1.g6609.t1	A	anno1.g2748.t1	A
anno1.g6611.t1	A	anno1.g2747.t1	A
anno1.g6612.t1	A	anno1.g2746.t1	A
anno1.g6613.t1	A	anno1.g2745.t1	A
anno1.g6614.t1	A	anno1.g2744.t3	A
anno1.g6615.t2	A	anno1.g2743.t1	A
anno1.g6617.t2	A	anno1.g2742.t1	A
anno1.g6618.t2	A	anno1.g2741.t2	A
anno1.g6619.t1	A	anno1.g2740.t1	A
anno1.g6620.t1	A	anno1.g3709.t1	A
anno1.g6621.t1	A	anno1.g3708.t1	A
anno1.g6622.t2	A	anno1.g3707.t1	A
anno1.g6623.t1	A	anno1.g3706.t1	A
anno1.g6624.t1	A	anno1.g3705.t1	A
anno1.g6625.t1	A	anno1.g3704.t3	A
anno1.g6626.t2	A	anno1.g3701.t1	A
anno1.g6627.t1	A	anno1.g3700.t2	A
anno1.g6628.t1	A	anno1.g3699.t1	A
anno1.g6629.t1	A	anno1.g3698.t2	A
anno1.g6630.t1	A	anno1.g3697.t1	A
anno1.g6631.t1	A	anno1.g3696.t1	A
anno1.g6632.t1	A	anno1.g3596.t1	A
anno1.g6633.t1	A	anno1.g3595.t1	A
anno1.g6634.t1	A	anno1.g3594.t1	A
anno1.g6635.t1	A	anno1.g3593.t1	A
anno1.g6636.t1	A	anno1.g3592.t1	A
anno1.g6637.t1	A	anno1.g3589.t1	A
anno1.g6638.t1	A	anno1.g3590.t1	A
anno1.g6639.t2	A	anno1.g3588.t1	A
anno1.g6640.t1	A	anno1.g3587.t1	A
anno1.g6642.t1	A	anno1.g3582.t1	A
anno1.g6643.t1	A	anno1.g3579.t1	A
anno1.g6644.t1	A	anno1.g3576.t1	A
anno1.g6645.t1	A	anno1.g3574.t1	A
anno1.g6646.t1	A	anno1.g14558.t1	A
anno1.g6647.t2	A	anno1.g14497.t2	A
anno1.g6648.t1	A	anno1.g14498.t1	A
anno1.g6649.t2	A	anno1.g14499.t1	A
anno1.g6650.t1	A	anno1.g14500.t2	A
anno1.g6651.t1	A	anno1.g14503.t1	A
anno1.g6652.t1	A	anno1.g14505.t2	A
anno1.g6653.t1	A	anno1.g3537.t1	A
anno1.g6654.t1	A	anno1.g3534.t1	A
anno1.g6655.t1	A	anno1.g3533.t2	A
anno1.g6656.t1	A	anno1.g3532.t1	A
anno1.g6657.t1	A	anno1.g3531.t1	A
anno1.g6658.t1	A	anno1.g3528.t1	A
anno1.g6659.t1	A	anno1.g3527.t1	A
anno1.g6660.t1	A	anno1.g3525.t1	A
anno1.g6661.t2	A	anno1.g3524.t1	A
anno1.g6662.t1	A	anno1.g3523.t1	A
anno1.g6663.t1	A	anno1.g3517.t7	A
anno1.g6664.t1	A	anno1.g3514.t1	A
anno1.g6665.t1	A	anno1.g3511.t1	A
anno1.g6666.t1	A	anno1.g3510.t1	A
anno1.g6667.t2	A	anno1.g3509.t1	A
anno1.g6668.t1	A	anno1.g3506.t1	A
anno1.g6669.t1	A	anno1.g2290.t1	A
anno1.g6670.t1	A	anno1.g2964.t1	A
anno1.g6672.t1	A	anno1.g2963.t1	A
anno1.g6674.t1	A	anno1.g2959.t1	A
anno1.g6676.t1	A	anno1.g2955.t2	A
anno1.g6678.t1	A	anno1.g2953.t2	A
anno1.g6679.t1	A	anno1.g2952.t1	A
anno1.g6680.t1	A	anno1.g6955.t1	A
anno1.g6681.t1	A	anno1.g2951.t1	A
anno1.g6683.t1	A	anno1.g2944.t2	A
anno1.g6684.t1	A	anno1.g2942.t1	A
anno1.g6685.t1	A	anno1.g2939.t1	A
anno1.g6686.t1	A	anno1.g1888.t1	X
anno1.g6688.t1	A	anno1.g2937.t1	A
anno1.g6689.t1	A	anno1.g2931.t1	A
anno1.g6691.t1	A	anno1.g2932.t1	A
anno1.g6692.t5	A	anno1.g2930.t4	A
anno1.g6694.t1	A	anno1.g2928.t1	A
anno1.g6695.t1	A	anno1.g2927.t1	A
anno1.g6696.t2	A	anno1.g2926.t1	A
anno1.g6697.t1	A	anno1.g2925.t1	A
anno1.g6700.t1	A	anno1.g12585.t1	A
anno1.g6701.t1	A	anno1.g2914.t2	A
anno1.g6702.t1	A	anno1.g2910.t1	A
anno1.g6703.t1	A	anno1.g2909.t1	A
anno1.g6704.t1	A	anno1.g2908.t1	A
anno1.g6705.t1	A	anno1.g2907.t1	A
anno1.g6706.t1	A	anno1.g2906.t1	A
anno1.g6707.t1	A	anno1.g2905.t1	A
anno1.g6708.t2	A	anno1.g2903.t2	A
anno1.g6709.t1	A	anno1.g2902.t1	A
anno1.g6711.t1	A	anno1.g2899.t1	A
anno1.g6712.t2	A	anno1.g2898.t3	A
anno1.g6713.t1	A	anno1.g2897.t1	A
anno1.g6714.t1	A	anno1.g2896.t2	A
anno1.g6715.t1	A	anno1.g2895.t1	A
anno1.g6717.t1	A	anno1.g2893.t1	A
anno1.g6718.t1	A	anno1.g3845.t1	A
anno1.g6719.t1	A	anno1.g3846.t1	A
anno1.g6720.t1	A	anno1.g3847.t1	A
anno1.g6721.t1	A	anno1.g3848.t1	A
anno1.g6722.t2	A	anno1.g3849.t2	A
anno1.g6723.t1	A	anno1.g3850.t1	A
anno1.g6724.t1	A	anno1.g3852.t1	A
anno1.g6725.t1	A	anno1.g3854.t1	A
anno1.g6726.t1	A	anno1.g3853.t1	A
anno1.g6727.t1	A	anno1.g3857.t1	A
anno1.g6728.t2	A	anno1.g3856.t2	A
anno1.g6729.t1	A	anno1.g3858.t1	A
anno1.g6731.t2	A	anno1.g3859.t2	A
anno1.g6732.t1	A	anno1.g3860.t1	A
anno1.g6733.t1	A	anno1.g3861.t1	A
anno1.g6734.t2	A	anno1.g3862.t2	A
anno1.g6735.t1	A	anno1.g3863.t2	A
anno1.g6736.t1	A	anno1.g3864.t1	A
anno1.g6737.t1	A	anno1.g3867.t1	A
anno1.g6738.t1	A	anno1.g3868.t1	A
anno1.g6739.t1	A	anno1.g3597.t1	A
anno1.g6740.t1	A	anno1.g3598.t1	A
anno1.g6743.t1	A	anno1.g3599.t1	A
anno1.g6744.t1	A	anno1.g3601.t2	A
anno1.g6745.t1	A	anno1.g3602.t1	A
anno1.g6746.t1	A	anno1.g3604.t1	A
anno1.g6747.t1	A	anno1.g3605.t1	A
anno1.g6748.t1	A	anno1.g3606.t3	A
anno1.g6749.t1	A	anno1.g3607.t1	A
anno1.g6750.t2	A	anno1.g3608.t1	A
anno1.g6751.t1	A	anno1.g3609.t1	A
anno1.g6752.t1	A	anno1.g3610.t1	A
anno1.g6753.t1	A	anno1.g3611.t1	A
anno1.g6754.t1	A	anno1.g3612.t2	A
anno1.g6755.t2	A	anno1.g3613.t1	A
anno1.g6756.t1	A	anno1.g3614.t1	A
anno1.g6757.t1	A	anno1.g3615.t1	A
anno1.g6758.t1	A	anno1.g3616.t1	A
anno1.g6759.t1	A	anno1.g3617.t1	A
anno1.g6760.t1	A	anno1.g3618.t1	A
anno1.g6761.t1	A	anno1.g3620.t1	A
anno1.g6763.t1	A	anno1.g3625.t1	A
anno1.g6764.t1	A	anno1.g3627.t1	A
anno1.g6765.t1	A	anno1.g3626.t2	A
anno1.g6766.t1	A	anno1.g3629.t1	A
anno1.g6767.t1	A	anno1.g3630.t1	A
anno1.g6768.t1	A	anno1.g3631.t3	A
anno1.g6769.t1	A	anno1.g3632.t1	A
anno1.g6771.t1	A	anno1.g3634.t1	A
anno1.g6772.t1	A	anno1.g3633.t1	A
anno1.g6773.t2	A	anno1.g3635.t1	A
anno1.g6774.t1	A	anno1.g3636.t1	A
anno1.g6775.t1	A	anno1.g3637.t1	A
anno1.g6776.t1	A	anno1.g3638.t1	A
anno1.g6777.t1	A	anno1.g3642.t1	A
anno1.g6778.t1	A	anno1.g3646.t1	A
anno1.g6779.t1	A	anno1.g3649.t1	A
anno1.g6780.t1	A	anno1.g3650.t1	A
anno1.g6781.t1	A	anno1.g3651.t2	A
anno1.g6782.t1	A	anno1.g3653.t1	A
anno1.g6783.t1	A	anno1.g3654.t1	A
anno1.g6784.t1	A	anno1.g3655.t1	A
anno1.g6785.t1	A	anno1.g14495.t5	A
anno1.g6786.t1	A	anno1.g14557.t1	A
anno1.g6787.t1	A	anno1.g3788.t1	A
anno1.g6788.t1	A	anno1.g3789.t1	A
anno1.g6789.t1	A	anno1.g3790.t1	A
anno1.g6790.t1	A	anno1.g3791.t1	A
anno1.g6791.t1	A	anno1.g3793.t1	A
anno1.g6792.t1	A	anno1.g3795.t1	A
anno1.g6793.t1	A	anno1.g3796.t1	A
anno1.g6794.t1	A	anno1.g3797.t1	A
anno1.g6795.t1	A	anno1.g3798.t1	A
anno1.g6797.t1	A	anno1.g3799.t1	A
anno1.g6798.t1	A	anno1.g3800.t1	A
anno1.g6799.t1	A	anno1.g3801.t1	A
anno1.g6800.t1	A	anno1.g3803.t1	A
anno1.g6801.t1	A	anno1.g3805.t1	A
anno1.g6802.t1	A	anno1.g3806.t1	A
anno1.g6803.t1	A	anno1.g3809.t1	A
anno1.g6804.t1	A	anno1.g3811.t1	A
anno1.g6806.t1	A	anno1.g3812.t1	A
anno1.g6807.t2	A	anno1.g14548.t1	A
anno1.g6808.t1	A	anno1.g3813.t1	A
anno1.g6809.t1	A	anno1.g3814.t1	A
anno1.g6810.t1	A	anno1.g3815.t1	A
anno1.g6811.t1	A	anno1.g3816.t1	A
anno1.g6812.t1	A	anno1.g3817.t1	A
anno1.g6814.t1	A	anno1.g3819.t1	A
anno1.g6815.t1	A	anno1.g3820.t1	A
anno1.g6821.t1	A	anno1.g3821.t1	A
anno1.g6823.t1	A	anno1.g14778.t1	A
anno1.g6824.t2	A	anno1.g3824.t1	A
anno1.g6825.t1	A	anno1.g3826.t3	A
anno1.g6826.t1	A	anno1.g3828.t1	A
anno1.g6827.t1	A	anno1.g3829.t1	A
anno1.g6829.t2	A	anno1.g3831.t1	A
anno1.g6830.t1	A	anno1.g3833.t1	A
anno1.g6832.t1	A	anno1.g3836.t1	A
anno1.g6833.t2	A	anno1.g3842.t2	A
anno1.g6834.t1	A	anno1.g3838.t1	A
anno1.g6835.t1	A	anno1.g2874.t1	A
anno1.g6836.t2	A	anno1.g2875.t1	A
anno1.g6837.t2	A	anno1.g2876.t1	A
anno1.g6838.t1	A	anno1.g2877.t1	A
anno1.g6839.t1	A	anno1.g2878.t1	A
anno1.g6840.t1	A	anno1.g4536.t1	A
anno1.both_agree_g13101.t1	A	anno1.g2879.t3	A
anno1.g6843.t2	A	anno1.g2882.t1	A
anno1.g6845.t1	A	anno1.g2884.t1	A
anno1.g6846.t1	A	anno1.g64.t1	A
anno1.g6847.t1	A	anno1.g2887.t1	A
anno1.g6850.t1	A	anno1.g2890.t1	A
anno1.g6851.t1	A	anno1.g2891.t1	A
anno1.g6852.t1	A	anno1.g2892.t1	A
anno1.g6854.t1	A	anno1.g3019.t1	A
anno1.g6855.t1	A	anno1.g3018.t1	A
anno1.g6856.t1	A	anno1.g3017.t1	A
anno1.g6857.t1	A	anno1.g3015.t1	A
anno1.g6858.t1	A	anno1.g3014.t1	A
anno1.g6859.t1	A	anno1.g3013.t2	A
anno1.g6860.t2	A	anno1.g3012.t1	A
anno1.g6861.t1	A	anno1.g3011.t1	A
anno1.g6862.t1	A	anno1.g3010.t1	A
anno1.g6863.t1	A	anno1.g3009.t1	A
anno1.g6864.t2	A	anno1.g3005.t1	A
anno1.g6865.t1	A	anno1.g3002.t1	A
anno1.g6866.t1	A	anno1.g3001.t2	A
anno1.g6867.t2	A	anno1.g3000.t1	A
anno1.g6868.t1	A	anno1.g2999.t2	A
anno1.g6869.t2	A	anno1.g2998.t1	A
anno1.g6870.t2	A	anno1.g2997.t2	A
anno1.g6871.t1	A	anno1.g2996.t1	A
anno1.g6874.t1	A	anno1.g3052.t1	A
anno1.g6875.t1	A	anno1.g2992.t1	A
anno1.g6876.t1	A	anno1.g2991.t1	A
anno1.g6877.t1	A	anno1.g2990.t1	A
anno1.g6878.t1	A	anno1.g2989.t2	A
anno1.g6879.t1	A	anno1.g2986.t2	A
anno1.g6880.t1	A	anno1.g2987.t1	A
anno1.g6882.t1	A	anno1.g2985.t1	A
anno1.g6883.t1	A	anno1.g2409.t3	A
anno1.g6884.t2	A	anno1.g2407.t1	A
anno1.g6885.t1	A	anno1.g2406.t1	A
anno1.g6886.t1	A	anno1.g2405.t1	A
anno1.g6887.t1	A	anno1.g2404.t2	A
anno1.g6888.t1	A	anno1.g2403.t1	A
anno1.g6890.t1	A	anno1.g2402.t1	A
anno1.g6891.t1	A	anno1.g2401.t1	A
anno1.g6892.t1	A	anno1.g2400.t3	A
anno1.g6893.t1	A	anno1.g2399.t1	A
anno1.g6895.t1	A	anno1.g2397.t2	A
anno1.g6896.t1	A	anno1.g2396.t1	A
anno1.g6897.t1	A	anno1.g2395.t1	A
anno1.g6898.t1	A	anno1.g2391.t1	A
anno1.g6899.t1	A	anno1.g2390.t2	A
anno1.g6900.t2	A	anno1.g2387.t3	A
anno1.g6901.t1	A	anno1.g2385.t1	A
anno1.g6902.t1	A	anno1.g2384.t1	A
anno1.g6903.t1	A	anno1.g2382.t1	A
anno1.g6904.t1	A	anno1.g2380.t1	A
anno1.g6905.t1	A	anno1.g13648.t2	A
anno1.g6906.t1	A	anno1.g2494.t1	A
anno1.g6907.t1	A	anno1.g2493.t1	A
anno1.g6908.t1	A	anno1.g2492.t1	A
anno1.g6909.t1	A	anno1.g2491.t1	A
anno1.g6910.t1	A	anno1.g2490.t1	A
anno1.g6911.t1	A	anno1.g2488.t1	A
anno1.g6912.t1	A	anno1.g2487.t1	A
anno1.g6913.t1	A	anno1.g2486.t1	A
anno1.g6914.t2	A	anno1.g2485.t1	A
anno1.g6915.t1	A	anno1.g2484.t2	A
anno1.g6916.t1	A	anno1.g2483.t1	A
anno1.g6917.t1	A	anno1.g2476.t1	A
anno1.g6918.t1	A	anno1.g2477.t1	A
anno1.g6921.t1	A	anno1.g2480.t1	A
anno1.g6922.t1	A	anno1.g2590.t1	A
anno1.g6923.t1	A	anno1.g2589.t1	A
anno1.g6924.t1	A	anno1.g2581.t1	A
anno1.g6925.t1	A	anno1.g2584.t1	A
anno1.g6926.t2	A	anno1.g2578.t1	A
anno1.g6927.t1	A	anno1.g2474.t1	A
anno1.g6928.t1	A	anno1.g2475.t1	A
anno1.g6929.t1	A	anno1.g2469.t1	A
anno1.g6930.t1	A	anno1.g2458.t1	A
anno1.g6931.t1	A	anno1.g2459.t1	A
anno1.g6932.t3	A	anno1.g2460.t5	A
anno1.g6933.t1	A	anno1.g2462.t1	A
anno1.g6934.t1	A	anno1.g2465.t1	A
anno1.g6936.t2	A	anno1.g2467.t1	A
anno1.g6937.t1	A	anno1.g2511.t1	A
anno1.g6938.t1	A	anno1.g2510.t1	A
anno1.g6940.t1	A	anno1.g2508.t1	A
anno1.g6941.t1	A	anno1.g2507.t1	A
anno1.g6942.t1	A	anno1.g2518.t1	A
anno1.g6943.t1	A	anno1.g2505.t1	A
anno1.g6944.t1	A	anno1.g2504.t1	A
anno1.g6945.t1	A	anno1.g2515.t1	A
anno1.g6946.t1	A	anno1.g2514.t1	A
anno1.g6947.t1	A	anno1.g2513.t1	A
anno1.g6949.t2	A	anno1.g2512.t2	A
anno1.g6950.t1	A	anno1.g2500.t2	A
anno1.g6951.t1	A	anno1.g2499.t1	A
anno1.g6952.t1	A	anno1.g2497.t1	A
anno1.g6953.t2	A	anno1.g2498.t1	A
anno1.g6954.t1	A	anno1.g2496.t1	A
anno1.g6955.t1	A	anno1.g2495.t1	A
anno1.g6956.t1	A	anno1.g2379.t1	A
anno1.g6957.t2	A	anno1.g2378.t2	A
anno1.g6958.t1	A	anno1.g2377.t1	A
anno1.g6959.t1	A	anno1.g2376.t1	A
anno1.g6960.t1	A	anno1.g2375.t1	A
anno1.g6963.t1	A	anno1.g2374.t1	A
anno1.g6964.t1	A	anno1.g2373.t1	A
anno1.g6965.t2	A	anno1.g2372.t1	A
anno1.g6966.t1	A	anno1.g2370.t1	A
anno1.g6967.t1	A	anno1.g2371.t1	A
anno1.g6968.t1	A	anno1.g2368.t1	A
anno1.g6969.t1	A	anno1.g2367.t1	A
anno1.g6970.t1	A	anno1.g2366.t1	A
anno1.g6972.t1	A	anno1.g2364.t1	A
anno1.g6974.t1	A	anno1.g2355.t1	A
anno1.g6975.t1	A	anno1.g2354.t1	A
anno1.g6976.t1	A	anno1.g2353.t1	A
anno1.g6978.t1	A	anno1.g2351.t1	A
anno1.g6981.t1	A	anno1.g2349.t1	A
anno1.g6982.t1	A	anno1.g2348.t1	A
anno1.g6983.t1	A	anno1.g2347.t2	A
anno1.g6984.t1	A	anno1.g2346.t1	A
anno1.g6985.t1	A	anno1.g2345.t1	A
anno1.g6986.t3	A	anno1.g2344.t2	A
anno1.g6987.t1	A	anno1.g2343.t1	A
anno1.g6988.t1	A	anno1.g2342.t2	A
anno1.g6991.t1	A	anno1.g2340.t3	A
anno1.g6992.t1	A	anno1.g2339.t1	A
anno1.g6993.t3	A	anno1.g2337.t4	A
anno1.g6995.t1	A	anno1.g2335.t1	A
anno1.g6996.t1	A	anno1.g2334.t1	A
anno1.g6997.t1	A	anno1.g2333.t1	A
anno1.g6998.t1	A	anno1.g2328.t1	A
anno1.g7000.t1	A	anno1.g2331.t1	A
anno1.g7001.t1	A	anno1.g2326.t2	A
anno1.g7002.t2	A	anno1.g2325.t1	A
anno1.g7003.t1	A	anno1.g2324.t2	A
anno1.g7004.t1	A	anno1.g2329.t1	A
anno1.g7006.t1	A	anno1.g2322.t1	A
anno1.g7007.t1	A	anno1.g2321.t1	A
anno1.g7008.t1	A	anno1.g2320.t1	A
anno1.g7009.t1	A	anno1.g2319.t1	A
anno1.g7010.t1	A	anno1.g2318.t1	A
anno1.g7011.t2	A	anno1.g2317.t2	A
anno1.g7012.t1	A	anno1.g2315.t1	A
anno1.g7014.t1	A	anno1.g2314.t2	A
anno1.g7016.t1	A	anno1.g2309.t1	A
anno1.g7017.t1	A	anno1.g14582.t1	A
anno1.g7019.t1	A	anno1.g2311.t1	A
anno1.g7020.t1	A	anno1.g2308.t1	A
anno1.g7021.t1	A	anno1.g2306.t1	A
anno1.g7023.t1	A	anno1.g10302.t1	A
anno1.g7024.t1	A	anno1.g2292.t1	A
anno1.g7025.t1	A	anno1.g2828.t1	A
anno1.g7026.t2	A	anno1.g2829.t1	A
anno1.g7028.t1	A	anno1.g2830.t1	A
anno1.g7034.t2	A	anno1.g2850.t1	A
anno1.g7037.t1	A	anno1.g2851.t1	A
anno1.g7039.t1	A	anno1.g2852.t3	A
anno1.g7040.t1	A	anno1.g2853.t1	A
anno1.g7041.t1	A	anno1.g2854.t1	A
anno1.g7042.t1	A	anno1.g2855.t2	A
anno1.g7043.t1	A	anno1.g2857.t1	A
anno1.g7044.t1	A	anno1.g2858.t1	A
anno1.g7050.t1	A	anno1.g2860.t1	A
anno1.g7054.t1	A	anno1.g2859.t1	A
anno1.g7055.t1	A	anno1.g2862.t1	A
anno1.g7056.t1	A	anno1.g2863.t1	A
anno1.g7057.t1	A	anno1.g2864.t1	A
anno1.g7058.t1	A	anno1.g2865.t1	A
anno1.g7059.t1	A	anno1.g2866.t1	A
anno1.g7060.t1	A	anno1.g2869.t2	A
anno1.g7061.t1	A	anno1.g2870.t1	A
anno1.g7064.t4	A	anno1.g2871.t1	A
anno1.g7065.t1	A	anno1.g2872.t1	A
anno1.g7067.t1	A	anno1.g2873.t1	A
anno1.g7068.t1	A	anno1.g3020.t1	A
anno1.g7069.t1	A	anno1.g3021.t1	A
anno1.g7072.t1	A	anno1.g3022.t1	A
anno1.g7073.t1	A	anno1.g3023.t1	A
anno1.g7074.t3	A	anno1.g3026.t1	A
anno1.g7080.t1	A	anno1.g3039.t1	A
anno1.g7081.t1	A	anno1.g3043.t1	A
anno1.g7082.t1	A	anno1.g3044.t1	A
anno1.g7085.t1	A	anno1.g3050.t1	A
anno1.g7086.t1	A	anno1.g3051.t1	A
anno1.g7088.t1	A	anno1.g3056.t1	A
anno1.g7089.t1	A	anno1.g3057.t1	A
anno1.g7090.t1	A	anno1.g3058.t1	A
anno1.g7091.t1	A	anno1.g3059.t1	A
anno1.g7092.t4	A	anno1.g3060.t2	A
anno1.g7093.t1	A	anno1.g3061.t1	A
anno1.g7094.t2	A	anno1.g3062.t2	A
anno1.g7095.t2	A	anno1.g3063.t1	A
anno1.g7096.t1	A	anno1.g3064.t1	A
anno1.g7097.t1	A	anno1.g3065.t1	A
anno1.g7100.t1	A	anno1.g3066.t4	A
anno1.g7101.t3	A	anno1.g3067.t5	A
anno1.g7102.t1	A	anno1.g3068.t1	A
anno1.g7103.t1	A	anno1.g3069.t1	A
anno1.g7104.t1	A	anno1.g12203.t1	A
anno1.g7105.t1	A	anno1.g3070.t1	A
anno1.g7106.t1	A	anno1.g3071.t1	A
anno1.g7107.t1	A	anno1.g3072.t1	A
anno1.g7108.t1	A	anno1.g3073.t1	A
anno1.g7109.t1	A	anno1.g3074.t1	A
anno1.g7111.t1	A	anno1.g3208.t2	A
anno1.g7112.t1	A	anno1.g3207.t1	A
anno1.g7113.t1	A	anno1.g3205.t1	A
anno1.g7114.t1	A	anno1.g3204.t1	A
anno1.g7115.t1	A	anno1.g3203.t1	A
anno1.g7116.t1	A	anno1.g3202.t1	A
anno1.g7117.t1	A	anno1.g3201.t1	A
anno1.g7118.t1	A	anno1.g3200.t1	A
anno1.g7120.t1	A	anno1.g3198.t1	A
anno1.g7121.t1	A	anno1.g3197.t2	A
anno1.g7122.t1	A	anno1.g3196.t1	A
anno1.g7123.t1	A	anno1.g3195.t1	A
anno1.g7124.t1	A	anno1.g3194.t1	A
anno1.g7125.t1	A	anno1.g3193.t1	A
anno1.g7126.t1	A	anno1.g3192.t1	A
anno1.g7127.t1	A	anno1.g3191.t1	A
anno1.g7128.t1	A	anno1.g3190.t2	A
anno1.g7129.t1	A	anno1.g3189.t1	A
anno1.g7130.t1	A	anno1.g3188.t1	A
anno1.g7131.t1	A	anno1.g3187.t1	A
anno1.g7132.t1	A	anno1.g3186.t1	A
anno1.g7133.t2	A	anno1.g3185.t1	A
anno1.g7134.t3	A	anno1.g3184.t3	A
anno1.g7135.t1	A	anno1.g3183.t1	A
anno1.g7136.t2	A	anno1.g3182.t1	A
anno1.g7137.t1	A	anno1.g3181.t1	A
anno1.g7139.t1	A	anno1.g3180.t1	A
anno1.g7140.t1	A	anno1.g3179.t1	A
anno1.g7141.t1	A	anno1.g3178.t2	A
anno1.g7142.t1	A	anno1.g3177.t1	A
anno1.g7143.t1	A	anno1.g3175.t1	A
anno1.g7144.t1	A	anno1.g3172.t1	A
anno1.g7146.t2	A	anno1.g3170.t1	A
anno1.g7147.t2	A	anno1.g3167.t4	A
anno1.g7148.t1	A	anno1.g3168.t2	A
anno1.g7149.t1	A	anno1.g3166.t1	A
anno1.g7150.t1	A	anno1.g3165.t1	A
anno1.g7152.t1	A	anno1.g3162.t1	A
anno1.g7153.t1	A	anno1.g3160.t1	A
anno1.g7154.t1	A	anno1.g3158.t1	A
anno1.g7155.t1	A	anno1.g3157.t1	A
anno1.g7157.t1	A	anno1.g3148.t2	A
anno1.g7161.t1	A	anno1.g3144.t1	A
anno1.g7162.t1	A	anno1.g3143.t1	A
anno1.g7163.t1	A	anno1.g3142.t1	A
anno1.g7164.t1	A	anno1.g3141.t1	A
anno1.g7165.t1	A	anno1.g3139.t2	A
anno1.g7166.t1	A	anno1.g3137.t1	A
anno1.g7167.t1	A	anno1.g3136.t1	A
anno1.g7168.t1	A	anno1.g3379.t1	A
anno1.g7169.t1	A	anno1.g3380.t1	A
anno1.g7170.t2	A	anno1.g3391.t1	A
anno1.g7172.t1	A	anno1.g3393.t2	A
anno1.g7173.t1	A	anno1.g3396.t1	A
anno1.g7174.t1	A	anno1.g3397.t1	A
anno1.g7175.t1	A	anno1.g3401.t2	A
anno1.g7176.t3	A	anno1.g3402.t4	A
anno1.g7178.t1	A	anno1.g3404.t1	A
anno1.g7179.t1	A	anno1.g3410.t1	A
anno1.g7180.t1	A	anno1.g3411.t1	A
anno1.g7181.t1	A	anno1.g3416.t2	A
anno1.g7182.t1	A	anno1.g9038.t1	A
anno1.g7183.t1	A	anno1.g7033.t1	A
anno1.g7184.t1	A	anno1.g3455.t1	A
anno1.g7185.t1	A	anno1.g3456.t1	A
anno1.g7186.t1	A	anno1.g3454.t1	A
anno1.g7187.t2	A	anno1.g3453.t1	A
anno1.g7188.t3	A	anno1.g3450.t2	A
anno1.g7190.t1	A	anno1.g2416.t1	A
anno1.g7191.t1	A	anno1.g2417.t1	A
anno1.g7192.t1	A	anno1.g2418.t1	A
anno1.g7193.t1	A	anno1.g2419.t1	A
anno1.g7194.t1	A	anno1.g2421.t1	A
anno1.g7195.t1	A	anno1.g2422.t2	A
anno1.g7196.t1	A	anno1.g2425.t1	A
anno1.g7197.t1	A	anno1.g2427.t1	A
anno1.g7198.t1	A	anno1.g2438.t2	A
anno1.g7199.t1	A	anno1.g2440.t1	A
anno1.g7202.t1	A	anno1.g2444.t1	A
anno1.g7203.t1	A	anno1.g2449.t1	A
anno1.g7207.t1	A	anno1.g2457.t1	A
anno1.g7208.t1	A	anno1.g2456.t1	A
anno1.g7209.t1	A	anno1.g2455.t1	A
anno1.g7210.t1	A	anno1.g2454.t1	A
anno1.g7211.t2	A	anno1.g2453.t1	A
anno1.g7213.t1	A	anno1.g2472.t1	A
anno1.g7214.t1	A	anno1.g2473.t1	A
anno1.g7216.t1	A	anno1.g2571.t1	A
anno1.g7217.t1	A	anno1.g2572.t1	A
anno1.g7218.t1	A	anno1.g2570.t1	A
anno1.g7219.t1	A	anno1.g2568.t1	A
anno1.g7220.t1	A	anno1.g2567.t2	A
anno1.g7221.t1	A	anno1.g2565.t1	A
anno1.g7222.t1	A	anno1.g2563.t1	A
anno1.g7224.t1	A	anno1.g2562.t1	A
anno1.g7225.t1	A	anno1.g2561.t1	A
anno1.g7226.t1	A	anno1.g2560.t1	A
anno1.g7227.t1	A	anno1.g2558.t1	A
anno1.g7228.t2	A	anno1.g2557.t2	A
anno1.g7229.t1	A	anno1.g2613.t1	A
anno1.g7230.t1	A	anno1.g2614.t3	A
anno1.g7233.t1	A	anno1.g2553.t2	A
anno1.g7234.t1	A	anno1.g2552.t1	A
anno1.g7235.t1	A	anno1.g2550.t2	A
anno1.g7236.t1	A	anno1.g2551.t1	A
anno1.g7237.t2	A	anno1.g2549.t1	A
anno1.g7238.t1	A	anno1.g2548.t1	A
anno1.g7239.t1	A	anno1.g2547.t1	A
anno1.g7241.t1	A	anno1.g2546.t1	A
anno1.g7245.t1	A	anno1.g2543.t1	A
anno1.g7246.t1	A	anno1.g2278.t1	A
anno1.g7247.t1	A	anno1.g2277.t1	A
anno1.g7248.t1	A	anno1.g2264.t1	A
anno1.g7250.t1	A	anno1.g2266.t1	A
anno1.g7251.t2	A	anno1.g2267.t2	A
anno1.g7254.t1	A	anno1.g2280.t1	A
anno1.g7257.t1	A	anno1.g2269.t1	A
anno1.g7258.t1	A	anno1.g2271.t1	A
anno1.g7259.t1	A	anno1.g2270.t1	A
anno1.g7261.t1	A	anno1.g2189.t1	X
anno1.g7264.t1	A	anno1.g2977.t1	A
anno1.g7265.t1	A	anno1.g2975.t1	A
anno1.g7266.t1	A	anno1.g2976.t1	A
anno1.g7267.t1	A	anno1.g2974.t1	A
anno1.g7268.t1	A	anno1.g2972.t1	A
anno1.g7270.t1	A	anno1.g2971.t1	A
anno1.g7272.t1	A	anno1.g2970.t1	A
anno1.g7275.t1	A	anno1.g3037.t1	A
anno1.g7279.t1	A	anno1.g3718.t2	A
anno1.g7288.t1	A	anno1.g2282.t1	A
anno1.g7292.t1	A	anno1.g2272.t3	A
anno1.g7293.t2	A	anno1.g2283.t1	A
anno1.g7294.t1	A	anno1.g2981.t2	A
anno1.g7296.t1	A	anno1.g2983.t1	A
anno1.g7307.t1	A	anno1.g2984.t1	A
anno1.g7310.t1	A	anno1.g2408.t1	A
anno1.g7318.t1	A	anno1.g2410.t1	A
anno1.g7321.t1	A	anno1.g2411.t1	A
anno1.g7322.t1	A	anno1.g7656.t1	A
anno1.g7324.t1	A	anno1.g12159.t1	A
anno1.g7325.t1	A	anno1.g2415.t1	A
anno1.g7326.t1	A	anno1.g3449.t1	A
anno1.g7327.t1	A	anno1.g1498.t1	A
anno1.g7328.t1	A	anno1.g3448.t2	A
anno1.g7329.t1	A	anno1.g3447.t2	A
anno1.g7330.t1	A	anno1.g13935.t1	A
anno1.g7331.t1	A	anno1.g3446.t1	A
anno1.g7332.t1	A	anno1.g3999.t1	A
anno1.g7333.t1	A	anno1.g3445.t1	A
anno1.g7336.t1	A	anno1.g9234.t2	A
anno1.g7337.t1	A	anno1.g3008.t1	A
anno1.g7338.t1	A	anno1.g4000.t1	A
anno1.g7343.t1	A	anno1.g3369.t2	A
anno1.g7345.t1	A	anno1.g3370.t1	A
anno1.g7347.t1	A	anno1.g3371.t1	A
anno1.g7352.t1	A	anno1.g3127.t1	A
anno1.g7353.t1	A	anno1.g3100.t1	A
anno1.g7354.t1	A	anno1.g3101.t1	A
anno1.g7355.t1	A	anno1.g3099.t1	A
anno1.g7356.t2	A	anno1.g3096.t1	A
anno1.g7357.t1	A	anno1.g3097.t1	A
anno1.g7358.t1	A	anno1.g3098.t2	A
anno1.g7359.t1	A	anno1.g3095.t1	A
anno1.g7361.t1	A	anno1.g3122.t1	A
anno1.g7362.t1	A	anno1.g3093.t1	A
anno1.g7366.t1	A	anno1.g3335.t1	A
anno1.g7367.t2	A	anno1.g3331.t3	A
anno1.g7368.t2	A	anno1.g3320.t2	A
anno1.g7369.t1	A	anno1.g3319.t1	A
anno1.g7370.t1	A	anno1.g3318.t2	A
anno1.g7371.t2	A	anno1.g3317.t2	A
anno1.g7372.t1	A	anno1.g3316.t1	A
anno1.g7373.t1	A	anno1.g3209.t1	A
anno1.g7375.t1	A	anno1.g12845.t1	A
anno1.g7389.t1	A	anno1.g3345.t1	A
anno1.g7390.t1	A	anno1.g3346.t1	A
anno1.g7392.t1	A	anno1.g3348.t1	A
anno1.g7393.t1	A	anno1.g3350.t1	A
anno1.both_agree_g14163.t2	A	anno1.g3351.t1	A
anno1.g7395.t1	A	anno1.g3353.t1	A
anno1.g7397.t1	A	anno1.g3356.t3	A
anno1.g7399.t1	A	anno1.g3081.t1	A
anno1.g7401.t1	A	anno1.g3990.t1	A
anno1.g7400.t1	A	anno1.g4013.t1	A
anno1.g7402.t1	A	anno1.g4014.t1	A
anno1.g7403.t1	A	anno1.g4015.t1	A
anno1.g7404.t1	A	anno1.g4016.t1	A
anno1.g7405.t1	A	anno1.g4017.t3	A
anno1.g7406.t1	A	anno1.g3979.t1	A
anno1.g7407.t1	A	anno1.g3981.t1	A
anno1.g7408.t1	A	anno1.g3982.t1	A
anno1.g7409.t1	A	anno1.g3983.t1	A
anno1.g7411.t1	A	anno1.g3984.t2	A
anno1.g7412.t1	A	anno1.g3986.t1	A
anno1.g7413.t1	A	anno1.g3985.t1	A
anno1.g7414.t1	A	anno1.g3987.t1	A
anno1.g7415.t1	A	anno1.g3988.t1	A
anno1.g7416.t1	A	anno1.g4006.t1	A
anno1.g7417.t2	A	anno1.g4008.t1	A
anno1.g7420.t1	A	anno1.g4025.t1	A
anno1.g7421.t1	A	anno1.g4026.t1	A
anno1.g7424.t1	A	anno1.g4022.t1	A
anno1.g7425.t1	A	anno1.g4021.t1	A
anno1.g7427.t1	A	anno1.g4020.t1	A
anno1.g7428.t1	A	anno1.g12243.t1	A
anno1.g7429.t1	A	anno1.g14828.t1	A
anno1.g7431.t1	A	anno1.g2241.t1	X
anno1.g7432.t1	A	anno1.g4018.t1	A
anno1.g7433.t1	A	anno1.g3978.t1	A
anno1.g7434.t1	A	anno1.g3977.t1	A
anno1.g7435.t1	A	anno1.g3976.t1	A
anno1.g7437.t1	A	anno1.g3975.t1	A
anno1.g7438.t1	A	anno1.g3973.t1	A
anno1.g7439.t1	A	anno1.g14800.t1	A
anno1.g7440.t1	A	anno1.g3971.t1	A
anno1.g7443.t1	A	anno1.g14798.t1	A
anno1.g7444.t1	A	anno1.g3969.t1	A
anno1.g7446.t1	A	anno1.g3968.t1	A
anno1.g7447.t1	A	anno1.g3966.t1	A
anno1.g7448.t1	A	anno1.g3965.t1	A
anno1.g7450.t1	A	anno1.g3962.t1	A
anno1.g7453.t1	A	anno1.g4052.t1	A
anno1.g7454.t1	A	anno1.g4051.t2	A
anno1.g7455.t1	A	anno1.g4042.t1	A
anno1.g7456.t2	A	anno1.g4049.t1	A
anno1.g7457.t1	A	anno1.g4048.t1	A
anno1.g7458.t1	A	anno1.g4038.t1	A
anno1.g7459.t1	A	anno1.g4037.t1	A
anno1.g7460.t2	A	anno1.g4036.t1	A
anno1.g7463.t1	A	anno1.g3213.t1	A
anno1.g7464.t1	A	anno1.g4034.t1	A
anno1.g7466.t1	A	anno1.g4033.t1	A
anno1.g7467.t2	A	anno1.g3961.t1	A
anno1.g7468.t1	A	anno1.g3960.t1	A
anno1.g7469.t1	A	anno1.g3959.t1	A
anno1.g7470.t1	A	anno1.g3958.t1	A
anno1.g7471.t1	A	anno1.g3957.t1	A
anno1.g7473.t1	A	anno1.g3955.t1	A
anno1.g7474.t1	A	anno1.g3954.t2	A
anno1.g7475.t1	A	anno1.g3953.t3	A
anno1.g7476.t1	A	anno1.g3952.t2	A
anno1.g7478.t2	A	anno1.g14789.t1	A
anno1.g7479.t1	A	anno1.g14788.t2	A
anno1.g7480.t1	A	anno1.g3949.t1	A
anno1.g7481.t1	A	anno1.g14786.t1	A
anno1.g7482.t1	A	anno1.g14785.t1	A
anno1.g7483.t2	A	anno1.g14784.t1	A
anno1.g7484.t2	A	anno1.g3944.t1	A
anno1.g7486.t1	A	anno1.g3940.t1	A
anno1.g7487.t1	A	anno1.g3939.t1	A
anno1.g7488.t2	A	anno1.g3941.t1	A
anno1.g7489.t1	A	anno1.g3936.t1	A
anno1.g7490.t1	A	anno1.g3935.t1	A
anno1.g7491.t1	A	anno1.g3934.t1	A
anno1.g7492.t2	A	anno1.g2720.t1	A
anno1.g7493.t1	A	anno1.g2721.t1	A
anno1.g7498.t1	A	anno1.g2723.t1	A
anno1.g7499.t1	A	anno1.g2724.t1	A
anno1.g7500.t1	A	anno1.g2734.t1	A
anno1.g7501.t1	A	anno1.g2730.t2	A
anno1.g7503.t1	A	anno1.g2731.t1	A
anno1.g7504.t1	A	anno1.g2732.t5	A
anno1.g7505.t1	A	anno1.g14636.t1	A
anno1.g7506.t3	A	anno1.g14637.t1	A
anno1.g7507.t3	A	anno1.g14638.t2	A
anno1.g7508.t1	A	anno1.g14754.t1	A
anno1.g7509.t1	A	anno1.g14755.t1	A
anno1.g7511.t1	A	anno1.g2739.t1	A
anno1.g7512.t1	A	anno1.g3710.t2	A
anno1.g7513.t1	A	anno1.g3711.t1	A
anno1.g7514.t1	A	anno1.g3712.t1	A
anno1.g7515.t1	A	anno1.g3713.t1	A
anno1.g7516.t1	A	anno1.g3722.t1	A
anno1.g7518.t1	A	anno1.g3724.t1	A
anno1.g7519.t1	A	anno1.g3725.t1	A
anno1.g7520.t2	A	anno1.g3726.t1	A
anno1.g7521.t1	A	anno1.g3727.t1	A
anno1.g7522.t1	A	anno1.g3728.t1	A
anno1.g7523.t1	A	anno1.g3729.t2	A
anno1.g7524.t1	A	anno1.g3730.t1	A
anno1.g7526.t1	A	anno1.g3733.t1	A
anno1.g7530.t1	A	anno1.g3744.t1	A
anno1.g7531.t1	A	anno1.g3747.t2	A
anno1.g7533.t1	A	anno1.g3750.t1	A
anno1.g7534.t3	A	anno1.g3783.t3	A
anno1.g7535.t2	A	anno1.g3752.t3	A
anno1.g7537.t1	A	anno1.g3755.t1	A
anno1.g7538.t1	A	anno1.g3304.t1	A
anno1.g7539.t1	A	anno1.g3303.t1	A
anno1.g7540.t1	A	anno1.g3301.t2	A
anno1.g7541.t1	A	anno1.g3300.t1	A
anno1.g7542.t1	A	anno1.g3299.t1	A
anno1.g7543.t1	A	anno1.g9243.t1	A
anno1.g7544.t2	A	anno1.g3298.t1	A
anno1.g7546.t1	A	anno1.g3293.t1	A
anno1.g7549.t1	A	anno1.g3281.t1	A
anno1.g7550.t1	A	anno1.g3282.t1	A
anno1.g7551.t1	A	anno1.g3280.t1	A
anno1.g7552.t1	A	anno1.g3279.t1	A
anno1.g7553.t1	A	anno1.g3272.t1	A
anno1.g7554.t1	A	anno1.g3270.t1	A
anno1.g7555.t1	A	anno1.g3268.t1	A
anno1.g7556.t1	A	anno1.g3267.t1	A
anno1.g7557.t1	A	anno1.g3266.t1	A
anno1.g7558.t1	A	anno1.g3265.t1	A
anno1.g7559.t2	A	anno1.g3264.t1	A
anno1.g7560.t1	A	anno1.g3888.t1	A
anno1.g7561.t2	A	anno1.g3889.t1	A
anno1.g7562.t1	A	anno1.g3890.t1	A
anno1.g7563.t1	A	anno1.g3891.t1	A
anno1.g7567.t1	A	anno1.g3892.t1	A
anno1.g7568.t1	A	anno1.g3893.t1	A
anno1.g7573.t1	A	anno1.g12948.t1	A
anno1.g7575.t1	A	anno1.g3900.t1	A
anno1.g7576.t1	A	anno1.g3904.t1	A
anno1.g7577.t1	A	anno1.g3906.t1	A
anno1.g7578.t2	A	anno1.g3910.t3	A
anno1.g7580.t1	A	anno1.g3913.t1	A
anno1.g7581.t1	A	anno1.g3914.t1	A
anno1.g7582.t1	A	anno1.g14793.t1	A
anno1.g7583.t1	A	anno1.g818.t1	A
anno1.g7585.t2	A	anno1.g3916.t4	A
anno1.g7586.t1	A	anno1.g3917.t1	A
anno1.g7587.t1	A	anno1.g3918.t1	A
anno1.g7588.t1	A	anno1.g3919.t1	A
anno1.g7589.t1	A	anno1.g3920.t1	A
anno1.g7590.t1	A	anno1.g3921.t1	A
anno1.g7592.t1	A	anno1.g3922.t1	A
anno1.g7593.t1	A	anno1.g3924.t1	A
anno1.g7594.t2	A	anno1.g3925.t2	A
anno1.g7595.t1	A	anno1.g3926.t1	A
anno1.g7596.t1	A	anno1.g3932.t1	A
anno1.g7597.t1	A	anno1.g3933.t1	A
anno1.g7598.t1	A	anno1.g2719.t1	A
anno1.g7599.t1	A	anno1.g2718.t1	A
anno1.g7600.t1	A	anno1.g2717.t1	A
anno1.g7601.t1	A	anno1.g2715.t1	A
anno1.g7602.t1	A	anno1.g2714.t1	A
anno1.g7603.t1	A	anno1.g2713.t1	A
anno1.g7604.t1	A	anno1.g2705.t1	A
anno1.g7605.t2	A	anno1.g2710.t1	A
anno1.g7607.t1	A	anno1.g2709.t1	A
anno1.g7608.t1	A	anno1.g2701.t1	A
anno1.g7609.t1	A	anno1.g2700.t1	A
anno1.g7610.t1	A	anno1.g2699.t1	A
anno1.g7611.t1	A	anno1.g2698.t1	A
anno1.g7612.t1	A	anno1.g2697.t1	A
anno1.g7613.t1	A	anno1.g2696.t1	A
anno1.g7615.t1	A	anno1.g2695.t1	A
anno1.g7616.t1	A	anno1.g2694.t1	A
anno1.g7617.t1	A	anno1.g12279.t1	A
anno1.g7618.t2	A	anno1.g2693.t1	A
anno1.g7619.t1	A	anno1.g2692.t1	A
anno1.g7621.t1	A	anno1.g2687.t3	A
anno1.g7622.t1	A	anno1.g2686.t1	A
anno1.g7623.t1	A	anno1.g2685.t1	A
anno1.g7624.t1	A	anno1.g2679.t1	A
anno1.g7627.t1	A	anno1.g2678.t1	A
anno1.g7628.t2	A	anno1.g2677.t2	A
anno1.g7629.t1	A	anno1.g2676.t1	A
anno1.g7630.t1	A	anno1.g2675.t1	A
anno1.g7631.t1	A	anno1.g2674.t1	A
anno1.g7632.t1	A	anno1.g2669.t2	A
anno1.g7633.t1	A	anno1.g2667.t1	A
anno1.g7634.t1	A	anno1.g2666.t1	A
anno1.g7636.t1	A	anno1.g2665.t2	A
anno1.g7637.t1	A	anno1.g2664.t1	A
anno1.g7638.t1	A	anno1.g2662.t1	A
anno1.g7639.t1	A	anno1.g2661.t1	A
anno1.g7640.t1	A	anno1.g2660.t1	A
anno1.g7641.t1	A	anno1.g2659.t1	A
anno1.g7642.t1	A	anno1.g2658.t1	A
anno1.g7643.t1	A	anno1.g2657.t1	A
anno1.g7644.t1	A	anno1.g2656.t2	A
anno1.g7645.t1	A	anno1.g2655.t1	A
anno1.g7646.t1	A	anno1.g2654.t1	A
anno1.g7647.t1	A	anno1.g2652.t1	A
anno1.g7648.t1	A	anno1.g14233.t1	A
anno1.g7649.t1	A	anno1.g2649.t1	A
anno1.g7650.t1	A	anno1.g2650.t1	A
anno1.g7651.t1	A	anno1.g2637.t1	A
anno1.g7652.t1	A	anno1.g2638.t1	A
anno1.g7653.t1	A	anno1.g14472.t1	X
anno1.g7654.t1	A	anno1.g2639.t1	A
anno1.g7655.t1	A	anno1.g2640.t1	A
anno1.g7656.t1	A	anno1.g2632.t2	A
anno1.g7658.t1	A	anno1.g2630.t1	A
anno1.g7661.t1	A	anno1.g2607.t1	A
anno1.g7662.t1	A	anno1.g2606.t1	A
anno1.g7664.t1	A	anno1.g2605.t1	A
anno1.g7666.t1	A	anno1.g2604.t1	A
anno1.g7667.t1	A	anno1.g2603.t1	A
anno1.g7668.t1	A	anno1.g2602.t1	A
anno1.g7669.t1	A	anno1.g2626.t1	A
anno1.g7670.t1	A	anno1.g2625.t1	A
anno1.g7671.t1	A	anno1.g2599.t1	A
anno1.g7672.t1	A	anno1.g2623.t2	A
anno1.g7673.t1	A	anno1.g2595.t1	A
anno1.g7674.t1	A	anno1.g2594.t3	A
anno1.g7675.t1	A	anno1.g2618.t1	A
anno1.g7676.t1	A	anno1.g2617.t1	A
anno1.g7677.t1	A	anno1.g2591.t1	A
anno1.g7679.t2	A	anno1.g2529.t2	A
anno1.g7680.t1	A	anno1.g2530.t1	A
anno1.g7681.t2	A	anno1.g2531.t1	A
anno1.g7682.t2	A	anno1.g2532.t1	A
anno1.g7683.t1	A	anno1.g2533.t1	A
anno1.g7684.t2	A	anno1.g2534.t1	A
anno1.g7685.t1	A	anno1.g2535.t1	A
anno1.g7686.t1	A	anno1.g2536.t1	A
anno1.g7687.t2	A	anno1.g2538.t1	A
anno1.g7688.t1	A	anno1.g2539.t1	A
anno1.g7689.t1	A	anno1.g2540.t1	A
anno1.g7691.t1	A	anno1.g2541.t1	A
anno1.g7692.t2	A	anno1.g2279.t2	A
anno1.g7694.t1	A	anno1.g2275.t1	A
anno1.g7695.t1	A	anno1.g2276.t1	A
anno1.g7696.t1	A	anno1.g2274.t1	A
anno1.g7697.t1	A	anno1.g2273.t1	A
anno1.g7698.t1	A	anno1.g2284.t1	A
anno1.g7699.t1	A	anno1.g2286.t1	A
anno1.g7700.t1	A	anno1.g2287.t1	A
anno1.g7701.t1	A	anno1.g2288.t1	A
anno1.g7702.t1	A	anno1.g2262.t1	A
anno1.g7704.t3	A	anno1.g10509.t1	A
anno1.g7708.t1	A	anno1.g2261.t1	A
anno1.g7709.t1	A	anno1.g2260.t1	A
anno1.g7710.t1	A	anno1.g2259.t1	A
anno1.g7711.t1	A	anno1.g2258.t1	A
anno1.g7712.t2	A	anno1.g2257.t1	A
anno1.g7713.t2	A	anno1.g2250.t1	A
anno1.g7714.t1	A	anno1.g2251.t2	A
anno1.g7715.t1	A	anno1.g2253.t1	A
anno1.g7716.t1	A	anno1.g2256.t1	A
anno1.g7717.t1	A	anno1.g2249.t1	A
anno1.g7718.t1	A	anno1.g14580.t1	A
anno1.g7720.t1	A	anno1.g12795.t1	A
anno1.g7721.t1	A	anno1.g12794.t1	A
anno1.g7722.t1	A	anno1.g12793.t1	A
anno1.g7723.t1	A	anno1.g12791.t1	A
anno1.g7725.t1	A	anno1.g12789.t1	A
anno1.g7728.t1	A	anno1.g3764.t1	A
anno1.g7729.t1	A	anno1.g3766.t1	A
anno1.g7730.t1	A	anno1.g3767.t1	A
anno1.g7731.t1	A	anno1.g3786.t1	A
anno1.g7732.t1	A	anno1.g3787.t1	A
anno1.g7733.t1	A	anno1.g3573.t1	A
anno1.g7734.t1	A	anno1.g3572.t1	A
anno1.g7735.t1	A	anno1.g3571.t1	A
anno1.g7736.t1	A	anno1.g3570.t1	A
anno1.g7738.t1	A	anno1.g3569.t1	A
anno1.g7739.t1	A	anno1.g3568.t1	A
anno1.g7741.t1	A	anno1.g3567.t1	A
anno1.g7742.t1	A	anno1.g3565.t1	A
anno1.g7743.t1	A	anno1.g3564.t1	A
anno1.g7744.t1	A	anno1.g3562.t1	A
anno1.g7745.t1	A	anno1.g3561.t1	A
anno1.g7746.t1	A	anno1.g6618.t1	A
anno1.g7747.t1	A	anno1.g3577.t1	A
anno1.g7748.t3	A	anno1.g3555.t2	A
anno1.g7749.t4	A	anno1.g3552.t4	A
anno1.g7750.t1	A	anno1.g3551.t1	A
anno1.g7751.t1	A	anno1.g3550.t1	A
anno1.g7752.t1	A	anno1.g3549.t1	A
anno1.g7753.t1	A	anno1.g3548.t2	A
anno1.g7754.t1	A	anno1.g3547.t2	A
anno1.g7755.t1	A	anno1.g3546.t1	A
anno1.g7756.t1	A	anno1.g3210.t1	A
anno1.g7757.t1	A	anno1.g3212.t1	A
anno1.g7758.t1	A	anno1.g3214.t1	A
anno1.g7759.t1	A	anno1.g3215.t1	A
anno1.g7761.t2	A	anno1.g3216.t2	A
anno1.g7762.t1	A	anno1.g3217.t1	A
anno1.g7763.t1	A	anno1.g3218.t1	A
anno1.g7764.t1	A	anno1.g3219.t2	A
anno1.g7765.t2	A	anno1.g3220.t1	A
anno1.g7766.t1	A	anno1.g3222.t1	A
anno1.g7767.t1	A	anno1.g3224.t1	A
anno1.g7768.t1	A	anno1.g3225.t1	A
anno1.g7769.t1	A	anno1.g3226.t1	A
anno1.g7771.t1	A	anno1.g3228.t1	A
anno1.g7772.t1	A	anno1.g3229.t1	A
anno1.g7773.t1	A	anno1.g3230.t1	A
anno1.g7774.t2	A	anno1.g3231.t1	A
anno1.g7775.t1	A	anno1.g3232.t1	A
anno1.g7776.t2	A	anno1.g3235.t1	A
anno1.g7777.t1	A	anno1.g3236.t3	A
anno1.g7778.t1	A	anno1.g3237.t2	A
anno1.g7779.t1	A	anno1.g3238.t1	A
anno1.g7780.t2	A	anno1.g3239.t2	A
anno1.g7781.t1	A	anno1.g3240.t1	A
anno1.g7783.t1	A	anno1.g3245.t1	A
anno1.g7784.t1	A	anno1.g3246.t1	A
anno1.g7785.t1	A	anno1.g3247.t2	A
anno1.g7786.t1	A	anno1.g3248.t1	A
anno1.g7788.t1	A	anno1.g3250.t1	A
anno1.g7789.t1	A	anno1.g3251.t1	A
anno1.g7792.t1	A	anno1.g3261.t1	A
anno1.g7793.t1	A	anno1.g3262.t1	A
anno1.g7794.t2	A	anno1.g3887.t1	A
anno1.g7795.t1	A	anno1.g3886.t2	A
anno1.g7796.t1	A	anno1.g3885.t1	A
anno1.g7797.t1	A	anno1.g3883.t1	A
anno1.g7798.t1	A	anno1.g3882.t1	A
anno1.g7799.t1	A	anno1.g3880.t1	A
anno1.g7800.t1	A	anno1.g3881.t1	A
anno1.g7802.t1	A	anno1.g3879.t1	A
anno1.g7803.t1	A	anno1.g3878.t1	A
anno1.g7804.t1	A	anno1.g3877.t1	A
anno1.g7807.t1	A	anno1.g3875.t1	A
anno1.g7808.t1	A	anno1.g3876.t1	A
anno1.g7809.t1	A	anno1.g3871.t1	A
anno1.g7810.t1	A	anno1.g3869.t1	A
anno1.g7811.t1	A	anno1.g3716.t1	A
anno1.g7812.t1	A	anno1.g3693.t1	A
anno1.g7818.t1	A	anno1.g3691.t1	A
anno1.g7819.t1	A	anno1.g3690.t1	A
anno1.g7820.t1	A	anno1.g3689.t1	A
anno1.g7822.t1	A	anno1.g3663.t1	A
anno1.g7823.t1	A	anno1.g3664.t2	A
anno1.g7824.t1	A	anno1.g3665.t1	A
anno1.g7825.t1	A	anno1.g3666.t1	A
anno1.g7826.t1	A	anno1.g3669.t2	A
anno1.g7827.t1	A	anno1.g3670.t1	A
anno1.g7828.t1	A	anno1.g3671.t1	A
anno1.g7829.t1	A	anno1.g3672.t1	A
anno1.g7830.t1	A	anno1.g3673.t1	A
anno1.g7832.t1	A	anno1.g3674.t1	A
anno1.g7833.t1	A	anno1.g3675.t1	A
anno1.g7834.t1	A	anno1.g3676.t1	A
anno1.g7835.t1	A	anno1.g3677.t1	A
anno1.g7836.t1	A	anno1.g3684.t1	A
anno1.g7837.t1	A	anno1.g3683.t2	A
anno1.g7838.t1	A	anno1.g3682.t1	A
anno1.g7839.t1	A	anno1.g3681.t1	A
anno1.g7840.t1	A	anno1.g3680.t1	A
anno1.g7841.t1	A	anno1.g3679.t1	A
anno1.g7842.t1	A	anno1.g3658.t1	A
anno1.g7843.t1	A	anno1.g3659.t1	A
anno1.g7844.t1	A	anno1.g3660.t1	A
anno1.g7845.t1	A	anno1.g3661.t1	A
anno1.g7846.t2	A	anno1.g3662.t1	A
anno1.g7847.t1	A	anno1.g3315.t1	A
anno1.g7848.t1	A	anno1.g3545.t1	A
anno1.g7849.t1	A	anno1.g3543.t1	A
anno1.g7850.t1	A	anno1.g3544.t1	A
anno1.g7851.t1	A	anno1.g3542.t1	A
anno1.g7852.t1	A	anno1.g14745.t1	A
anno1.g7853.t1	A	anno1.g14744.t1	A
anno1.g7854.t1	A	anno1.g14743.t1	A
anno1.g7855.t1	A	anno1.g3553.t1	A
anno1.g7856.t1	A	anno1.g14486.t1	A
anno1.g7857.t1	A	anno1.g14489.t1	A
anno1.g7859.t1	A	anno1.g14492.t1	A
anno1.g7860.t1	A	anno1.both_agree_g10486.t1	A
anno1.g7861.t1	A	anno1.g3314.t1	A
anno1.g7862.t1	A	anno1.g3313.t1	A
anno1.g7863.t1	A	anno1.g3311.t1	A
anno1.g7864.t1	A	anno1.g3310.t1	A
anno1.g7865.t2	A	anno1.g3309.t2	A
anno1.g7866.t1	A	anno1.g3325.t2	A
anno1.g7867.t1	A	anno1.g3305.t2	A
anno1.g7868.t1	A	anno1.g8790.t1	A
anno1.g7869.t1	A	anno1.g8788.t1	A
anno1.g7870.t1	A	anno1.g8787.t2	A
anno1.g7871.t1	A	anno1.g8786.t1	A
anno1.g7872.t2	A	anno1.g8785.t1	A
anno1.g7873.t1	A	anno1.g8784.t1	A
anno1.g7874.t1	A	anno1.g8783.t1	A
anno1.g7875.t1	A	anno1.g8782.t1	A
anno1.g7876.t1	A	anno1.g8781.t1	A
anno1.g7877.t1	A	anno1.g9120.t1	A
anno1.g7878.t1	A	anno1.g9121.t1	A
anno1.g7879.t1	A	anno1.g9122.t1	A
anno1.g7880.t1	A	anno1.g9123.t1	A
anno1.g7881.t1	A	anno1.g9124.t1	A
anno1.g7882.t1	A	anno1.g9125.t2	A
anno1.g7883.t2	A	anno1.g9126.t1	A
anno1.g7884.t1	A	anno1.g9127.t1	A
anno1.g7885.t1	A	anno1.g9128.t1	A
anno1.g7886.t1	A	anno1.g9129.t1	A
anno1.g7887.t2	A	anno1.g9130.t2	A
anno1.g7888.t1	A	anno1.g14774.t1	A
anno1.g7889.t1	A	anno1.g9132.t1	A
anno1.g7891.t1	A	anno1.g9133.t1	A
anno1.g7892.t1	A	anno1.g9138.t1	A
anno1.g7894.t2	A	anno1.g9137.t3	A
anno1.g7895.t1	A	anno1.g9140.t1	A
anno1.g7896.t1	A	anno1.g9141.t1	A
anno1.g7897.t1	A	anno1.g9142.t1	A
anno1.g7898.t1	A	anno1.g9143.t1	A
anno1.g7899.t1	A	anno1.g3520.t1	A
anno1.g7900.t1	A	anno1.g9144.t2	A
anno1.g7901.t1	A	anno1.g8924.t1	A
anno1.g7902.t1	A	anno1.g8925.t1	A
anno1.g7903.t1	A	anno1.g8902.t2	A
anno1.g7905.t1	A	anno1.g1373.t1	A
anno1.g7906.t1	A	anno1.g8928.t1	A
anno1.g7907.t1	A	anno1.g8929.t2	A
anno1.g7908.t1	A	anno1.g8930.t1	A
anno1.g7910.t1	A	anno1.g8933.t1	A
anno1.g7913.t1	A	anno1.g8940.t2	A
anno1.g7914.t1	A	anno1.g8941.t1	A
anno1.g7915.t1	A	anno1.g8975.t1	A
anno1.g7916.t1	A	anno1.g8974.t1	A
anno1.g7918.t1	A	anno1.g8944.t1	A
anno1.g7919.t1	A	anno1.g8972.t2	A
anno1.g7920.t1	A	anno1.g8946.t1	A
anno1.g7921.t1	A	anno1.g8968.t1	A
anno1.g7922.t2	A	anno1.g8965.t2	A
anno1.g7923.t1	A	anno1.g8950.t1	A
anno1.g7924.t1	A	anno1.g8964.t1	A
anno1.g7925.t1	A	anno1.g8952.t1	A
anno1.g7926.t1	A	anno1.g8922.t1	A
anno1.g7927.t1	A	anno1.g8988.t1	A
anno1.g7928.t1	A	anno1.g8958.t1	A
anno1.g7929.t1	A	anno1.g8957.t1	A
anno1.g7930.t1	A	anno1.g8956.t1	A
anno1.g7931.t1	A	anno1.g8955.t1	A
anno1.g7932.t1	A	anno1.g8960.t2	A
anno1.g7933.t1	A	anno1.g8961.t1	A
anno1.g7934.t1	A	anno1.g8962.t2	A
anno1.g7935.t1	A	anno1.g8987.t1	A
anno1.g7936.t1	A	anno1.g8986.t1	A
anno1.g7937.t1	A	anno1.g8985.t1	A
anno1.g7940.t1	A	anno1.g8991.t1	A
anno1.g7942.t2	A	anno1.g9207.t2	A
anno1.g7944.t2	A	anno1.g8996.t1	A
anno1.g7947.t1	A	anno1.g8999.t2	A
anno1.g7948.t1	A	anno1.g9090.t1	A
anno1.g7949.t2	A	anno1.g9088.t1	A
anno1.g7950.t1	A	anno1.g9087.t2	A
anno1.g7951.t1	A	anno1.g9194.t1	A
anno1.g7952.t1	A	anno1.g9195.t1	A
anno1.g7953.t1	A	anno1.g9196.t1	A
anno1.g7954.t1	A	anno1.g9197.t1	A
anno1.g7955.t1	A	anno1.g9198.t1	A
anno1.g7956.t2	A	anno1.g9199.t2	A
anno1.g7957.t1	A	anno1.g9020.t1	A
anno1.g7966.t1	A	anno1.g9022.t2	A
anno1.g7969.t1	A	anno1.g9026.t1	A
anno1.g7970.t1	A	anno1.g9027.t1	A
anno1.g7973.t1	A	anno1.g9029.t1	A
anno1.g7976.t1	A	anno1.g9034.t1	A
anno1.g7979.t1	A	anno1.g9043.t1	A
anno1.g7980.t1	A	anno1.g9045.t1	A
anno1.g7982.t2	A	anno1.g9046.t2	A
anno1.g7983.t1	A	anno1.g9051.t1	A
anno1.g7984.t2	A	anno1.g9052.t1	A
anno1.g7985.t1	A	anno1.g9053.t1	A
anno1.g7986.t1	A	anno1.g2268.t1	A
anno1.g7987.t1	A	anno1.g9055.t1	A
anno1.g7988.t1	A	anno1.g9056.t1	A
anno1.g7989.t2	A	anno1.g9091.t1	A
anno1.g7991.t2	A	anno1.g9093.t2	A
anno1.g7994.t1	A	anno1.g9109.t1	A
anno1.g7995.t1	A	anno1.g9107.t1	A
anno1.g7996.t1	A	anno1.g9106.t1	A
anno1.g7997.t1	A	anno1.g9103.t1	A
anno1.g7998.t1	A	anno1.g9102.t1	A
anno1.g7999.t2	A	anno1.g9101.t2	A
anno1.g8000.t2	A	anno1.g9100.t2	A
anno1.g8001.t1	A	anno1.g9099.t1	A
anno1.g8002.t1	A	anno1.g9098.t1	A
anno1.g8003.t1	A	anno1.g9097.t1	A
anno1.g8004.t1	A	anno1.g9096.t1	A
anno1.g8005.t1	A	anno1.g9095.t1	A
anno1.g8006.t1	A	anno1.g9110.t2	A
anno1.g8007.t1	A	anno1.g9111.t1	A
anno1.g8008.t1	A	anno1.g9112.t1	A
anno1.g8009.t1	A	anno1.g9113.t1	A
anno1.g8010.t1	A	anno1.g9114.t1	A
anno1.g8011.t1	A	anno1.g9115.t1	A
anno1.g8012.t1	A	anno1.g9116.t2	A
anno1.g8015.t1	A	anno1.g9117.t1	A
anno1.g8016.t1	A	anno1.g9062.t1	A
anno1.g8017.t1	A	anno1.g9061.t1	A
anno1.g8018.t3	A	anno1.g9059.t1	A
anno1.g8019.t1	A	anno1.g9058.t1	A
anno1.g8020.t2	A	anno1.g9057.t1	A
anno1.g8022.t1	A	anno1.g9011.t1	A
anno1.g8023.t3	A	anno1.g9010.t3	A
anno1.g8024.t1	A	anno1.g9009.t1	A
anno1.g8027.t1	A	anno1.g9008.t1	A
anno1.g8028.t1	A	anno1.g8775.t2	A
anno1.g8029.t1	A	anno1.g8742.t1	A
anno1.g8031.t4	A	anno1.g8744.t1	A
anno1.g8032.t1	A	anno1.g8737.t2	A
anno1.g8033.t1	A	anno1.g10100.t1	A
anno1.g8035.t1	A	anno1.g10101.t1	A
anno1.g8036.t1	A	anno1.g10102.t1	A
anno1.g8037.t1	A	anno1.g10103.t1	A
anno1.g8038.t2	A	anno1.g10104.t2	A
anno1.g8039.t2	A	anno1.g8748.t2	A
anno1.g8040.t1	A	anno1.g8746.t1	A
anno1.g8041.t1	A	anno1.g10099.t1	A
anno1.g8043.t1	A	anno1.g10105.t2	A
anno1.g8045.t1	A	anno1.g9238.t1	A
anno1.g8046.t1	A	anno1.g529.t1	A
anno1.g8048.t1	A	anno1.g10097.t2	A
anno1.g8049.t1	A	anno1.g10106.t1	A
anno1.g8051.t1	A	anno1.g10107.t1	A
anno1.g8052.t2	A	anno1.g10109.t1	A
anno1.g8053.t1	A	anno1.g10110.t1	A
anno1.g8054.t1	A	anno1.g10111.t1	A
anno1.g8055.t1	A	anno1.g10112.t1	A
anno1.g8056.t1	A	anno1.g10113.t1	A
anno1.g8057.t2	A	anno1.g9236.t1	A
anno1.g8058.t1	A	anno1.g14116.t1	A
anno1.g8060.t2	A	anno1.g9227.t1	A
anno1.g8062.t2	A	anno1.g9225.t2	A
anno1.g8064.t1	A	anno1.g9224.t1	A
anno1.g8065.t1	A	anno1.g9223.t1	A
anno1.g8066.t1	A	anno1.g9222.t1	A
anno1.g8067.t1	A	anno1.g9221.t1	A
anno1.g8069.t2	A	anno1.g9219.t2	A
anno1.g8071.t1	A	anno1.g9217.t1	A
anno1.g8072.t1	A	anno1.g9216.t1	A
anno1.g8073.t1	A	anno1.g9215.t1	A
anno1.g8074.t1	A	anno1.g9214.t1	A
anno1.g8075.t1	A	anno1.g9213.t1	A
anno1.g8077.t1	A	anno1.g9212.t1	A
anno1.g8078.t1	A	anno1.g9211.t2	A
anno1.g8079.t2	A	anno1.g9210.t1	A
anno1.g8080.t1	A	anno1.g9206.t1	A
anno1.g8083.t1	A	anno1.g9019.t1	A
anno1.g8084.t2	A	anno1.g9018.t1	A
anno1.g8085.t1	A	anno1.g9017.t1	A
anno1.g8088.t1	A	anno1.g9015.t1	A
anno1.g8089.t1	A	anno1.g9012.t2	A
anno1.g8090.t1	A	anno1.g8776.t1	A
anno1.g8091.t1	A	anno1.g8777.t2	A
anno1.g8092.t2	A	anno1.g8778.t2	A
anno1.g8094.t1	A	anno1.g9119.t1	A
anno1.g8095.t1	A	anno1.g9118.t1	A
anno1.g8096.t1	A	anno1.g8817.t1	A
anno1.g8097.t1	A	anno1.g8816.t1	A
anno1.g8098.t1	A	anno1.g8831.t1	A
anno1.g8099.t1	A	anno1.g8832.t2	A
anno1.g8101.t1	A	anno1.g8833.t1	A
anno1.g8102.t1	A	anno1.g8835.t2	A
anno1.g8103.t1	A	anno1.g8836.t1	A
anno1.g8104.t1	A	anno1.g8841.t1	A
anno1.g8106.t1	A	anno1.g8838.t1	A
anno1.g8107.t1	A	anno1.g8839.t1	A
anno1.g8108.t1	A	anno1.g8840.t4	A
anno1.g8109.t1	A	anno1.g8845.t1	A
anno1.g8110.t1	A	anno1.g8846.t1	A
anno1.g8113.t1	A	anno1.g8848.t1	A
anno1.g8114.t1	A	anno1.g8849.t1	A
anno1.g8115.t1	A	anno1.g8850.t1	A
anno1.g8116.t1	A	anno1.g8851.t1	A
anno1.g8117.t3	A	anno1.g8857.t2	A
anno1.g8118.t1	A	anno1.g8858.t1	A
anno1.g8119.t1	A	anno1.g8859.t1	A
anno1.g8121.t1	A	anno1.g8854.t1	A
anno1.g8122.t1	A	anno1.g8855.t2	A
anno1.g8123.t1	A	anno1.g8860.t1	A
anno1.g8124.t1	A	anno1.g8861.t1	A
anno1.g8127.t1	A	anno1.g8862.t1	A
anno1.g8128.t1	A	anno1.g8863.t1	A
anno1.g8129.t1	A	anno1.g8865.t1	A
anno1.g8130.t1	A	anno1.g8864.t2	A
anno1.g8131.t1	A	anno1.g8867.t1	A
anno1.g8134.t1	A	anno1.g8869.t1	A
anno1.g8135.t1	A	anno1.g8870.t1	A
anno1.g8136.t1	A	anno1.g8871.t1	A
anno1.g8138.t1	A	anno1.g8872.t1	A
anno1.g8139.t1	A	anno1.g8873.t1	A
anno1.g8140.t2	A	anno1.g8874.t2	A
anno1.g8141.t2	A	anno1.g8875.t1	A
anno1.g8142.t1	A	anno1.g8876.t1	A
anno1.g8143.t1	A	anno1.g8877.t1	A
anno1.g8145.t1	A	anno1.g8884.t1	A
anno1.g8146.t1	A	anno1.g8885.t3	A
anno1.g8147.t1	A	anno1.g8886.t1	A
anno1.g8148.t1	A	anno1.g8887.t1	A
anno1.g8149.t1	A	anno1.g8894.t1	A
anno1.g8150.t1	A	anno1.g8895.t1	A
anno1.g8151.t1	A	anno1.g8891.t4	A
anno1.g8153.t1	A	anno1.g8892.t2	A
anno1.g8154.t1	A	anno1.g8893.t3	A
anno1.g8155.t1	A	anno1.g8896.t1	A
anno1.g8157.t1	A	anno1.g10713.t1	A
anno1.g8160.t2	A	anno1.g10716.t2	A
anno1.g8161.t1	A	anno1.g10717.t1	A
anno1.g8162.t1	A	anno1.g10718.t1	A
anno1.g8163.t1	A	anno1.g10719.t1	A
anno1.g8164.t1	A	anno1.g10720.t1	A
anno1.g8165.t2	A	anno1.g10721.t1	A
anno1.g8166.t2	A	anno1.g10722.t1	A
anno1.g8167.t1	A	anno1.g10723.t1	A
anno1.g8168.t1	A	anno1.g10724.t1	A
anno1.g8169.t1	A	anno1.g10725.t2	A
anno1.g8170.t1	A	anno1.g10726.t1	A
anno1.g8171.t1	A	anno1.g10727.t1	A
anno1.g8172.t1	A	anno1.g8905.t1	A
anno1.g8173.t1	A	anno1.g10728.t1	A
anno1.g8174.t1	A	anno1.g8906.t1	A
anno1.g8175.t1	A	anno1.g8909.t2	A
anno1.g8176.t1	A	anno1.g8910.t1	A
anno1.g8178.t2	A	anno1.g8911.t1	A
anno1.g8179.t1	A	anno1.g8912.t1	A
anno1.g8180.t1	A	anno1.g8913.t1	A
anno1.g8181.t1	A	anno1.g8914.t1	A
anno1.g8182.t2	A	anno1.g8915.t2	A
anno1.g8183.t1	A	anno1.g8916.t1	A
anno1.g8184.t1	A	anno1.g8917.t1	A
anno1.g8185.t1	A	anno1.g8918.t1	A
anno1.g8186.t1	A	anno1.g8919.t1	A
anno1.g8187.t1	A	anno1.g8920.t2	A
anno1.g8188.t1	A	anno1.g8921.t1	A
anno1.g8189.t1	A	anno1.g8923.t1	A
anno1.g8190.t1	A	anno1.g9080.t2	A
anno1.g8191.t1	A	anno1.g9081.t1	A
anno1.g8192.t1	A	anno1.g9082.t1	A
anno1.g8193.t1	A	anno1.g9083.t1	A
anno1.g8194.t2	A	anno1.g9084.t1	A
anno1.g8195.t1	A	anno1.g9085.t1	A
anno1.g8196.t1	A	anno1.g9086.t1	A
anno1.g8198.t1	A	anno1.g9193.t1	A
anno1.g8199.t1	A	anno1.g9192.t1	A
anno1.g8201.t1	A	anno1.g1734.t1	X
anno1.g8204.t1	A	anno1.g9187.t1	A
anno1.g8205.t1	A	anno1.g7943.t1	A
anno1.g8206.t1	A	anno1.g9177.t1	A
anno1.g8208.t1	A	anno1.g14298.t1	A
anno1.g8211.t1	A	anno1.g9179.t1	A
anno1.g8212.t1	A	anno1.g9178.t1	A
anno1.g8219.t1	A	anno1.g9173.t1	A
anno1.g8222.t1	A	anno1.g9171.t1	A
anno1.g8227.t1	A	anno1.g9186.t1	A
anno1.g8236.t1	A	anno1.g9164.t1	A
anno1.g8237.t1	A	anno1.g9163.t1	A
anno1.g8238.t1	A	anno1.g9161.t2	A
anno1.g8241.t1	A	anno1.g9159.t2	A
anno1.g8242.t1	A	anno1.g9158.t1	A
anno1.g8243.t1	A	anno1.g9157.t1	A
anno1.g8244.t1	A	anno1.g9156.t1	A
anno1.g8245.t1	A	anno1.g9154.t1	A
anno1.g8247.t1	A	anno1.g9153.t1	A
anno1.g8248.t1	A	anno1.g9152.t1	A
anno1.g8249.t1	A	anno1.g9151.t1	A
anno1.g8251.t1	A	anno1.g9150.t1	A
anno1.g8255.t1	A	anno1.g9073.t1	A
anno1.g8257.t1	A	anno1.g9074.t1	A
anno1.g8258.t1	A	anno1.g9072.t1	A
anno1.g8259.t1	A	anno1.g8012.t1	A
anno1.g8260.t1	A	anno1.g9070.t1	A
anno1.g8261.t1	A	anno1.g9069.t2	A
anno1.g8262.t1	A	anno1.g9068.t1	A
anno1.g8263.t1	A	anno1.g9067.t1	A
anno1.g8264.t1	A	anno1.g9066.t1	A
anno1.g8265.t1	A	anno1.g9064.t1	A
anno1.g8266.t1	A	anno1.g8828.t1	A
anno1.g8267.t1	A	anno1.g8819.t1	A
anno1.g8268.t1	A	anno1.g8826.t1	A
anno1.g8269.t1	A	anno1.g8825.t1	A
anno1.g8270.t1	A	anno1.g8824.t1	A
anno1.g8272.t1	A	anno1.g8823.t1	A
anno1.g8273.t1	A	anno1.g8822.t1	A
anno1.g8277.t1	A	anno1.g8809.t1	A
anno1.g8278.t1	A	anno1.g8811.t1	A
anno1.g8279.t1	A	anno1.g8812.t1	A
anno1.g8280.t1	A	anno1.g2305.t1	A
anno1.g8281.t1	A	anno1.g2304.t1	A
anno1.g8282.t1	A	anno1.g2303.t1	A
anno1.g8283.t1	A	anno1.g2301.t1	A
anno1.g8284.t1	A	anno1.g2300.t1	A
anno1.g8285.t1	A	anno1.g2299.t1	A
anno1.g8287.t1	A	anno1.g8797.t1	A
anno1.g8288.t2	A	anno1.g8798.t1	A
anno1.g8289.t1	A	anno1.g8799.t1	A
anno1.g8290.t1	A	anno1.g8806.t1	A
anno1.g8292.t1	A	anno1.g8801.t2	A
anno1.g8293.t1	A	anno1.g8802.t1	A
anno1.g8294.t1	A	anno1.g8804.t1	A
anno1.g8297.t2	A	anno1.g8685.t1	A
anno1.g8302.t1	A	anno1.both_agree_g20002.t1	A
anno1.g8303.t1	A	anno1.g8681.t2	A
anno1.g8304.t2	A	anno1.g8680.t1	A
anno1.g8306.t1	A	anno1.g14767.t1	A
anno1.g8307.t1	A	anno1.g8668.t2	A
anno1.g8308.t1	A	anno1.g8669.t1	A
anno1.g8309.t1	A	anno1.g8671.t1	A
anno1.g8310.t1	A	anno1.g14762.t1	A
anno1.g8311.t1	A	anno1.g8673.t1	A
anno1.g8312.t1	A	anno1.g8674.t1	A
anno1.g8314.t1	A	anno1.g8675.t1	A
anno1.g8315.t1	A	anno1.g8676.t1	A
anno1.g8318.t1	A	anno1.g8677.t1	A
anno1.g8319.t1	A	anno1.g8664.t1	A
anno1.g8320.t1	A	anno1.g14765.t1	A
anno1.g8321.t2	A	anno1.g8678.t2	A
anno1.g8322.t2	A	anno1.g8679.t1	A
anno1.g8327.t1	A	anno1.g8666.t1	A
anno1.g8328.t1	A	anno1.g8665.t1	A
anno1.g8329.t1	A	anno1.g8035.t1	A
anno1.g8331.t1	A	anno1.g8713.t1	A
anno1.g8332.t1	A	anno1.g8710.t1	A
anno1.g8333.t1	A	anno1.g8709.t1	A
anno1.g8334.t1	A	anno1.g8708.t1	A
anno1.g8335.t1	A	anno1.g8707.t1	A
anno1.g8336.t1	A	anno1.g8705.t2	A
anno1.g8337.t2	A	anno1.g8703.t1	A
anno1.g8338.t1	A	anno1.g8702.t1	A
anno1.g8339.t1	A	anno1.g8701.t1	A
anno1.g8340.t1	A	anno1.g8700.t1	A
anno1.g8342.t1	A	anno1.g8689.t2	A
anno1.g8343.t1	A	anno1.g8695.t1	A
anno1.g8344.t1	A	anno1.g8734.t2	A
anno1.g8345.t1	A	anno1.g8740.t1	A
anno1.g8346.t1	A	anno1.g8732.t1	A
anno1.g8347.t1	A	anno1.g8730.t2	A
anno1.g8348.t2	A	anno1.g8729.t1	A
anno1.g8349.t1	A	anno1.g8728.t1	A
anno1.g8350.t1	A	anno1.g9245.t1	A
anno1.g8351.t1	A	anno1.g8727.t1	A
anno1.g8352.t1	A	anno1.g8726.t1	A
anno1.g8353.t1	A	anno1.g8725.t1	A
anno1.g8354.t2	A	anno1.g8724.t1	A
anno1.g8355.t1	A	anno1.g8723.t1	A
anno1.g8357.t2	A	anno1.g8722.t1	A
anno1.g8358.t1	A	anno1.g8714.t1	A
anno1.g8359.t1	A	anno1.g8720.t1	A
anno1.g8360.t1	A	anno1.g8717.t1	A
anno1.g8361.t1	A	anno1.g8697.t1	A
anno1.g8362.t1	A	anno1.g8774.t1	A
anno1.g8363.t1	A	anno1.g8773.t3	A
anno1.g8367.t1	A	anno1.g8772.t1	A
anno1.g8376.t1	A	anno1.g14079.t1	A
anno1.g8379.t1	A	anno1.g8771.t1	A
anno1.g8380.t1	A	anno1.g8770.t2	A
anno1.g8389.t1	A	anno1.g8769.t1	A
anno1.g8391.t1	A	anno1.g8768.t2	A
anno1.g8392.t1	A	anno1.g3131.t1	A
anno1.g8393.t1	A	anno1.g3433.t1	A
anno1.g8396.t1	A	anno1.g8765.t2	A
anno1.g8397.t2	A	anno1.g8764.t1	A
anno1.g8398.t1	A	anno1.g8763.t1	A
anno1.g8400.t1	A	anno1.g8761.t1	A
anno1.g8401.t1	A	anno1.g8760.t1	A
anno1.g8402.t1	A	anno1.g8759.t1	A
anno1.g8403.t1	A	anno1.g8758.t1	A
anno1.g8404.t1	A	anno1.g8753.t2	A
anno1.g8405.t1	A	anno1.g8754.t1	A
anno1.g8406.t2	A	anno1.g8752.t10	A
anno1.g8407.t1	A	anno1.g8751.t1	A
anno1.g8417.t1	A	anno1.g9239.t1	A
anno1.g8418.t1	A	anno1.g9246.t1	A
anno1.g8419.t1	A	anno1.g9247.t2	A
anno1.g8420.t1	A	anno1.g9248.t1	A
anno1.g8421.t1	A	anno1.g9241.t4	A
anno1.g8422.t2	A	anno1.g12614.t1	A
anno1.g8428.t1	A	anno1.g9249.t1	A
anno1.g8429.t2	A	anno1.g9244.t1	A
anno1.g8436.t1	A	anno1.g9242.t2	A
anno1.g8437.t1	A	anno1.g9240.t3	A
anno1.g8439.t1	A	anno1.g9251.t1	A
anno1.g8447.t1	A	anno1.g9257.t3	A
anno1.g8450.t1	A	anno1.g9259.t1	A
anno1.g8451.t1	A	anno1.g9269.t1	A
anno1.g8452.t1	A	anno1.g9270.t3	A
anno1.g8453.t1	A	anno1.g9272.t1	A
anno1.g8457.t1	A	anno1.g9273.t1	A
anno1.g8458.t1	A	anno1.g9274.t1	A
anno1.g8459.t1	A	anno1.g5283.t1	A
anno1.g8460.t1	A	anno1.g9276.t1	A
anno1.g8461.t1	A	anno1.g9277.t1	A
anno1.g8462.t2	A	anno1.g9278.t1	A
anno1.g8464.t2	A	anno1.g9279.t1	A
anno1.g8465.t1	A	anno1.g9280.t1	A
anno1.g8466.t1	A	anno1.g9281.t1	A
anno1.g8467.t1	A	anno1.g9286.t1	A
anno1.g8468.t1	A	anno1.g9285.t2	A
anno1.g8469.t1	A	anno1.g9284.t2	A
anno1.g8470.t1	A	anno1.g9283.t1	A
anno1.g8471.t1	A	anno1.g9287.t1	A
anno1.g8473.t1	A	anno1.g6020.t1	A
anno1.g8475.t3	A	anno1.g9289.t2	A
anno1.g8477.t1	A	anno1.g9290.t1	A
anno1.g8478.t1	A	anno1.g9292.t1	A
anno1.g8479.t2	A	anno1.g9294.t1	A
anno1.g8482.t1	A	anno1.g9295.t1	A
anno1.g8483.t1	A	anno1.g10709.t1	A
anno1.g8485.t4	A	anno1.g9297.t4	A
anno1.g8486.t1	A	anno1.g9298.t1	A
anno1.g8487.t1	A	anno1.g9299.t1	A
anno1.g8488.t1	A	anno1.g9300.t1	A
anno1.g8489.t1	A	anno1.g9301.t1	A
anno1.g8491.t1	A	anno1.g9306.t1	A
anno1.g8492.t1	A	anno1.g9308.t1	A
anno1.g8493.t1	A	anno1.g9309.t1	A
anno1.g8494.t2	A	anno1.g9310.t2	A
anno1.g8495.t1	A	anno1.g9312.t1	A
anno1.g8496.t1	A	anno1.g9313.t1	A
anno1.g8497.t1	A	anno1.g9315.t1	A
anno1.g8498.t2	A	anno1.g9316.t1	A
anno1.g8499.t1	A	anno1.g9317.t1	A
anno1.g8500.t1	A	anno1.g9318.t1	A
anno1.g8501.t1	A	anno1.g9319.t1	A
anno1.g8502.t1	A	anno1.g9320.t1	A
anno1.g8503.t1	A	anno1.g9321.t2	A
anno1.g8504.t1	A	anno1.g9322.t1	A
anno1.g8505.t1	A	anno1.g9323.t1	A
anno1.g8506.t1	A	anno1.g9324.t1	A
anno1.g8507.t1	A	anno1.g1007.t1	A
anno1.g8509.t1	A	anno1.g9325.t1	A
anno1.g8510.t1	A	anno1.g9326.t1	A
anno1.g8511.t2	A	anno1.g9327.t3	A
anno1.g8513.t1	A	anno1.g14609.t1	A
anno1.g8515.t1	A	anno1.g9333.t1	A
anno1.g8517.t2	A	anno1.g9336.t2	A
anno1.g8518.t1	A	anno1.g9338.t1	A
anno1.g8519.t1	A	anno1.g9339.t1	A
anno1.g8520.t3	A	anno1.g9340.t2	A
anno1.g8521.t1	A	anno1.g9341.t1	A
anno1.g8522.t1	A	anno1.g9344.t2	A
anno1.g8523.t1	A	anno1.g9351.t1	A
anno1.g8524.t2	A	anno1.g9350.t1	A
anno1.g8525.t1	A	anno1.g9349.t1	A
anno1.g8526.t1	A	anno1.g9348.t1	A
anno1.g8527.t1	A	anno1.g9347.t1	A
anno1.g8528.t3	A	anno1.g9354.t1	A
anno1.g8529.t1	A	anno1.g9355.t1	A
anno1.g8531.t1	A	anno1.g9357.t1	A
anno1.g8532.t1	A	anno1.g9358.t1	A
anno1.g8533.t1	A	anno1.g9359.t1	A
anno1.g8534.t1	A	anno1.g9360.t1	A
anno1.g8535.t1	A	anno1.g9361.t1	A
anno1.g8536.t1	A	anno1.g9362.t2	A
anno1.g8538.t1	A	anno1.g9363.t1	A
anno1.g8540.t1	A	anno1.g9364.t1	A
anno1.g8542.t1	A	anno1.g9368.t1	A
anno1.g8543.t1	A	anno1.g9369.t1	A
anno1.g8545.t1	A	anno1.g9370.t1	A
anno1.g8546.t1	A	anno1.g9371.t1	A
anno1.g8548.t1	A	anno1.g9372.t1	A
anno1.g8549.t1	A	anno1.g9374.t2	A
anno1.g8551.t1	A	anno1.g9375.t1	A
anno1.g8552.t1	A	anno1.g9376.t1	A
anno1.g8553.t3	A	anno1.g9377.t2	A
anno1.g8554.t2	A	anno1.g9378.t2	A
anno1.g8555.t1	A	anno1.g9379.t1	A
anno1.g8556.t1	A	anno1.g9380.t3	A
anno1.g8557.t1	A	anno1.g9381.t1	A
anno1.g8560.t1	A	anno1.g9382.t1	A
anno1.g8561.t1	A	anno1.g9383.t1	A
anno1.g8563.t1	A	anno1.g9389.t1	A
anno1.g8564.t1	A	anno1.g9390.t1	A
anno1.g8565.t1	A	anno1.g9391.t2	A
anno1.g8568.t1	A	anno1.g9397.t1	A
anno1.g8569.t1	A	anno1.g9399.t1	A
anno1.g8570.t1	A	anno1.g14337.t1	A
anno1.g8571.t1	A	anno1.g9403.t1	A
anno1.g8572.t1	A	anno1.g9405.t1	A
anno1.g8573.t1	A	anno1.g9406.t1	A
anno1.g8574.t1	A	anno1.g9407.t1	A
anno1.g8575.t1	A	anno1.g9408.t1	A
anno1.g8577.t1	A	anno1.g9409.t1	A
anno1.g8579.t2	A	anno1.g9412.t1	A
anno1.g8580.t1	A	anno1.g9414.t1	A
anno1.g8581.t1	A	anno1.g9416.t1	A
anno1.g8582.t1	A	anno1.g9419.t1	A
anno1.g8583.t3	A	anno1.g9420.t2	A
anno1.g8584.t1	A	anno1.g9421.t1	A
anno1.g8585.t1	A	anno1.g13696.t1	A
anno1.g8586.t1	A	anno1.g9423.t1	A
anno1.g8587.t1	A	anno1.g9424.t1	A
anno1.g8588.t1	A	anno1.g9425.t1	A
anno1.g8589.t1	A	anno1.g9426.t1	A
anno1.g8590.t2	A	anno1.g9429.t2	A
anno1.g8591.t1	A	anno1.g9430.t1	A
anno1.g8592.t1	A	anno1.g9431.t1	A
anno1.g8593.t1	A	anno1.g9434.t2	A
anno1.g8594.t5	A	anno1.g9438.t8	A
anno1.g8595.t1	A	anno1.g9439.t1	A
anno1.g8596.t1	A	anno1.g9440.t2	A
anno1.g8597.t1	A	anno1.g9442.t1	A
anno1.g8599.t1	A	anno1.g9599.t1	A
anno1.g8600.t1	A	anno1.g9597.t1	A
anno1.g8601.t1	A	anno1.g9596.t1	A
anno1.g8602.t2	A	anno1.g9595.t3	A
anno1.g8603.t1	A	anno1.g9594.t2	A
anno1.g8604.t1	A	anno1.g9593.t1	A
anno1.g8605.t1	A	anno1.g9592.t1	A
anno1.g8606.t1	A	anno1.g9591.t1	A
anno1.g8607.t2	A	anno1.g9590.t1	A
anno1.g8608.t1	A	anno1.g9589.t1	A
anno1.g8609.t1	A	anno1.g9588.t1	A
anno1.g8610.t1	A	anno1.g9587.t1	A
anno1.g8611.t1	A	anno1.g9586.t1	A
anno1.g8612.t1	A	anno1.g9696.t2	A
anno1.g8613.t1	A	anno1.g9698.t1	A
anno1.g8614.t1	A	anno1.g9699.t1	A
anno1.g8615.t1	A	anno1.g9702.t1	A
anno1.g8616.t2	A	anno1.g9703.t1	A
anno1.g8617.t1	A	anno1.g9704.t1	A
anno1.g8618.t1	A	anno1.g9705.t1	A
anno1.g8619.t1	A	anno1.g9706.t1	A
anno1.g8620.t1	A	anno1.g9707.t2	A
anno1.g8621.t1	A	anno1.g9708.t1	A
anno1.g8622.t1	A	anno1.g9709.t1	A
anno1.g8623.t2	A	anno1.g9710.t3	A
anno1.g8624.t1	A	anno1.g9712.t1	A
anno1.g8625.t1	A	anno1.g9713.t1	A
anno1.g8626.t1	A	anno1.g9714.t1	A
anno1.g8627.t2	A	anno1.g9452.t1	A
anno1.g8628.t1	A	anno1.g9451.t1	A
anno1.g8629.t1	A	anno1.g9447.t1	A
anno1.g8630.t1	A	anno1.g9446.t1	A
anno1.g8631.t1	A	anno1.g9275.t1	A
anno1.g8632.t1	A	anno1.g9443.t1	A
anno1.g8635.t1	A	anno1.g9737.t1	A
anno1.g8636.t2	A	anno1.g9736.t1	A
anno1.g8637.t1	A	anno1.g9735.t1	A
anno1.g8638.t2	A	anno1.g9734.t1	A
anno1.g8639.t1	A	anno1.g9732.t1	A
anno1.g8640.t1	A	anno1.g9730.t1	A
anno1.g8641.t1	A	anno1.g9731.t1	A
anno1.g8642.t1	A	anno1.g9729.t1	A
anno1.g8643.t1	A	anno1.g9727.t1	A
anno1.g8644.t1	A	anno1.g9726.t1	A
anno1.g8645.t1	A	anno1.g9725.t1	A
anno1.g8646.t4	A	anno1.g9547.t3	A
anno1.g8647.t2	A	anno1.g9548.t2	A
anno1.g8648.t1	A	anno1.g9549.t2	A
anno1.g8649.t1	A	anno1.g9551.t1	A
anno1.g8650.t1	A	anno1.g9552.t1	A
anno1.g8652.t1	A	anno1.g9553.t1	A
anno1.g8653.t1	A	anno1.g9554.t1	A
anno1.g8654.t1	A	anno1.g9555.t1	A
anno1.g8655.t1	A	anno1.g9556.t2	A
anno1.g8656.t2	A	anno1.g9557.t1	A
anno1.g8657.t1	A	anno1.g9558.t1	A
anno1.g8658.t1	A	anno1.g9559.t1	A
anno1.g8660.t1	A	anno1.g9560.t1	A
anno1.g8661.t1	A	anno1.g9561.t1	A
anno1.g8662.t1	A	anno1.g9562.t2	A
anno1.g8664.t1	A	anno1.g9564.t4	A
anno1.g8666.t1	A	anno1.g9565.t1	A
anno1.g8667.t1	A	anno1.g9566.t2	A
anno1.g8668.t1	A	anno1.g9567.t1	A
anno1.g8669.t1	A	anno1.g9568.t1	A
anno1.g8670.t1	A	anno1.g9569.t1	A
anno1.g8671.t1	A	anno1.g9570.t1	A
anno1.g8672.t2	A	anno1.g9571.t1	A
anno1.g8674.t1	A	anno1.g9572.t1	A
anno1.g8675.t2	A	anno1.g9573.t1	A
anno1.g8677.t1	A	anno1.g9575.t1	A
anno1.g8678.t1	A	anno1.g9576.t1	A
anno1.g8679.t1	A	anno1.g9577.t1	A
anno1.g8680.t2	A	anno1.g9578.t1	A
anno1.g8681.t1	A	anno1.g9579.t1	A
anno1.g8682.t1	A	anno1.g9580.t1	A
anno1.g8683.t2	A	anno1.g9581.t2	A
anno1.g8684.t1	A	anno1.g9582.t1	A
anno1.g8685.t1	A	anno1.g9583.t1	A
anno1.g8686.t2	A	anno1.g9585.t2	A
anno1.g8687.t2	A	anno1.g9695.t1	A
anno1.g8688.t1	A	anno1.g9694.t2	A
anno1.g8691.t1	A	anno1.g9692.t1	A
anno1.g8692.t1	A	anno1.g9689.t2	A
anno1.g8694.t1	A	anno1.g9685.t1	A
anno1.g8695.t1	A	anno1.g9684.t2	A
anno1.g8696.t1	A	anno1.g9683.t1	A
anno1.g8699.t1	A	anno1.g9682.t1	A
anno1.g8700.t1	A	anno1.g9680.t1	A
anno1.g8701.t2	A	anno1.g9669.t3	A
anno1.g8702.t1	A	anno1.g9668.t3	A
anno1.g8704.t1	A	anno1.g9666.t1	A
anno1.g8705.t1	A	anno1.g9665.t2	A
anno1.g8706.t1	A	anno1.g9664.t1	A
anno1.g8707.t1	A	anno1.g9663.t2	A
anno1.g8709.t1	A	anno1.g9662.t1	A
anno1.g8710.t1	A	anno1.g9661.t1	A
anno1.g8711.t1	A	anno1.g9659.t1	A
anno1.g8712.t1	A	anno1.g9658.t1	A
anno1.g8713.t1	A	anno1.g9657.t1	A
anno1.g8714.t1	A	anno1.g9656.t1	A
anno1.g8715.t1	A	anno1.g9655.t2	A
anno1.g8716.t1	A	anno1.g9654.t1	A
anno1.g8717.t1	A	anno1.g12420.t1	A
anno1.g8718.t1	A	anno1.g9652.t1	A
anno1.g8719.t1	A	anno1.g9651.t1	A
anno1.g8720.t2	A	anno1.g9650.t1	A
anno1.g8721.t1	A	anno1.g9649.t1	A
anno1.g8722.t2	A	anno1.g9648.t1	A
anno1.g8723.t2	A	anno1.g9498.t1	A
anno1.g8724.t1	A	anno1.g9500.t1	A
anno1.g8725.t1	A	anno1.g9501.t1	A
anno1.g8730.t1	A	anno1.g9503.t3	A
anno1.g8731.t1	A	anno1.g9504.t2	A
anno1.g8732.t1	A	anno1.g13367.t1	A
anno1.g8733.t1	A	anno1.g9506.t2	A
anno1.g8734.t1	A	anno1.g9508.t1	A
anno1.g8735.t1	A	anno1.g9509.t1	A
anno1.g8736.t1	A	anno1.g9510.t1	A
anno1.g8737.t1	A	anno1.g9511.t1	A
anno1.g8738.t1	A	anno1.g9512.t1	A
anno1.g8740.t1	A	anno1.g9515.t1	A
anno1.g8741.t1	A	anno1.g9516.t1	A
anno1.g8742.t1	A	anno1.g9523.t1	A
anno1.g8743.t1	A	anno1.g9524.t1	A
anno1.g8744.t2	A	anno1.g9525.t1	A
anno1.g8745.t1	A	anno1.g9526.t3	A
anno1.g8746.t1	A	anno1.g9527.t1	A
anno1.g8747.t1	A	anno1.g9528.t1	A
anno1.g8748.t2	A	anno1.g9529.t2	A
anno1.g8749.t1	A	anno1.g9530.t1	A
anno1.g8750.t2	A	anno1.g9531.t1	A
anno1.g8751.t1	A	anno1.g9532.t1	A
anno1.g8752.t1	A	anno1.g9534.t1	A
anno1.g8753.t1	A	anno1.g5670.t1	A
anno1.g8754.t1	A	anno1.g5114.t1	A
anno1.g8755.t1	A	anno1.g9544.t1	A
anno1.g8758.t1	A	anno1.g9721.t1	A
anno1.g8761.t1	A	anno1.g9719.t2	A
anno1.g8762.t1	A	anno1.g7100.t1	A
anno1.g8765.t1	A	anno1.g9716.t1	A
anno1.g8766.t1	A	anno1.g9715.t2	A
anno1.g8767.t1	A	anno1.g9832.t1	A
anno1.g8768.t1	A	anno1.g9833.t1	A
anno1.g8770.t1	A	anno1.g9835.t1	A
anno1.g8771.t1	A	anno1.g9836.t1	A
anno1.g8772.t2	A	anno1.g9837.t1	A
anno1.g8773.t1	A	anno1.g9838.t1	A
anno1.g8774.t1	A	anno1.g9839.t1	A
anno1.g8775.t1	A	anno1.g9453.t1	A
anno1.g8776.t1	A	anno1.g9454.t1	A
anno1.g8779.t1	A	anno1.g9456.t1	A
anno1.g8780.t1	A	anno1.g9457.t1	A
anno1.g8781.t1	A	anno1.g9458.t2	A
anno1.g8782.t1	A	anno1.g9459.t1	A
anno1.g8783.t1	A	anno1.g9462.t1	A
anno1.g8784.t1	A	anno1.g9463.t1	A
anno1.g8785.t1	A	anno1.g9464.t1	A
anno1.g8786.t1	A	anno1.g9465.t1	A
anno1.g8787.t1	A	anno1.g9467.t1	A
anno1.g8788.t1	A	anno1.g9468.t1	A
anno1.g8789.t1	A	anno1.g9469.t1	A
anno1.g8790.t2	A	anno1.g9470.t1	A
anno1.g8791.t3	A	anno1.g9471.t1	A
anno1.g8792.t1	A	anno1.g9472.t1	A
anno1.g8793.t1	A	anno1.g9473.t1	A
anno1.g8794.t1	A	anno1.g9474.t1	A
anno1.g8795.t1	A	anno1.g9475.t1	A
anno1.g8796.t1	A	anno1.g9476.t1	A
anno1.g8797.t1	A	anno1.g9477.t2	A
anno1.g8798.t1	A	anno1.g9478.t1	A
anno1.g8799.t1	A	anno1.g9479.t1	A
anno1.g8800.t1	A	anno1.g9480.t1	A
anno1.g8801.t2	A	anno1.g9481.t1	A
anno1.g8803.t1	A	anno1.g9482.t1	A
anno1.g8804.t1	A	anno1.g9483.t1	A
anno1.g8805.t1	A	anno1.g9484.t1	A
anno1.g8806.t1	A	anno1.g9485.t2	A
anno1.g8807.t1	A	anno1.g9486.t1	A
anno1.g8808.t1	A	anno1.g9487.t1	A
anno1.g8809.t2	A	anno1.g9488.t2	A
anno1.g8810.t1	A	anno1.g9489.t2	A
anno1.g8817.t1	A	anno1.g9495.t1	A
anno1.g8818.t3	A	anno1.g9496.t2	A
anno1.g8819.t1	A	anno1.g9497.t1	A
anno1.g8820.t1	A	anno1.g9647.t2	A
anno1.g8822.t1	A	anno1.g9644.t1	A
anno1.g8823.t1	A	anno1.g9641.t1	A
anno1.g8824.t1	A	anno1.g9639.t1	A
anno1.g8825.t1	A	anno1.g13864.t2	A
anno1.g8826.t1	A	anno1.g9387.t2	A
anno1.g8827.t1	A	anno1.g9637.t1	A
anno1.g8829.t1	A	anno1.g9636.t1	A
anno1.g8830.t2	A	anno1.g9635.t1	A
anno1.g8831.t1	A	anno1.g9634.t1	A
anno1.g8832.t2	A	anno1.g9630.t2	A
anno1.g8833.t1	A	anno1.g9631.t1	A
anno1.g8834.t1	A	anno1.g9629.t1	A
anno1.g8835.t1	A	anno1.g9628.t3	A
anno1.g8836.t1	A	anno1.g9627.t1	A
anno1.g8837.t1	A	anno1.g9626.t1	A
anno1.g8838.t1	A	anno1.g9625.t1	A
anno1.g8839.t1	A	anno1.g9624.t1	A
anno1.g8840.t1	A	anno1.g9623.t1	A
anno1.g8841.t1	A	anno1.g9619.t1	A
anno1.g8842.t1	A	anno1.g9618.t1	A
anno1.g8843.t1	A	anno1.g9617.t1	A
anno1.g8844.t1	A	anno1.g9615.t1	A
anno1.g8845.t1	A	anno1.g9614.t2	A
anno1.g8846.t1	A	anno1.g9613.t1	A
anno1.g8847.t1	A	anno1.g9612.t1	A
anno1.g8848.t1	A	anno1.g9611.t1	A
anno1.g8849.t1	A	anno1.g9610.t1	A
anno1.g8850.t1	A	anno1.g9609.t1	A
anno1.g8851.t1	A	anno1.g9608.t1	A
anno1.g8852.t1	A	anno1.g9607.t1	A
anno1.g8853.t1	A	anno1.g9606.t1	A
anno1.g8854.t1	A	anno1.g9605.t1	A
anno1.g8856.t1	A	anno1.g9738.t1	A
anno1.g8857.t1	A	anno1.g9739.t1	A
anno1.g8858.t1	A	anno1.g9743.t1	A
anno1.g8859.t1	A	anno1.g9744.t1	A
anno1.g8860.t1	A	anno1.g9745.t2	A
anno1.g8861.t1	A	anno1.g9746.t1	A
anno1.g8862.t1	A	anno1.g9749.t1	A
anno1.g8863.t1	A	anno1.g9750.t1	A
anno1.g8864.t1	A	anno1.g9751.t2	A
anno1.g8865.t1	A	anno1.g9753.t1	A
anno1.g8866.t1	A	anno1.g9755.t1	A
anno1.g8867.t1	A	anno1.g9756.t1	A
anno1.g8868.t1	A	anno1.g9757.t1	A
anno1.g8869.t1	A	anno1.g9758.t2	A
anno1.g8870.t1	A	anno1.g9759.t1	A
anno1.g8871.t1	A	anno1.g9760.t1	A
anno1.g8872.t1	A	anno1.g9761.t1	A
anno1.g8873.t1	A	anno1.g9763.t1	A
anno1.g8874.t1	A	anno1.g9764.t1	A
anno1.g8876.t1	A	anno1.g9779.t1	A
anno1.g8877.t5	A	anno1.g9780.t3	A
anno1.g8878.t1	A	anno1.g9785.t2	A
anno1.g8879.t2	A	anno1.g9786.t3	A
anno1.g8880.t1	A	anno1.g9787.t1	A
anno1.g8881.t1	A	anno1.g9788.t1	A
anno1.g8882.t1	A	anno1.g9789.t2	A
anno1.g8884.t2	A	anno1.g9790.t1	A
anno1.g8885.t1	A	anno1.g9791.t1	A
anno1.g8886.t1	A	anno1.g9792.t1	A
anno1.g8887.t1	A	anno1.g9794.t2	A
anno1.g8888.t1	A	anno1.g9795.t1	A
anno1.g8889.t1	A	anno1.g9796.t1	A
anno1.g8892.t1	A	anno1.g9800.t1	A
anno1.g8894.t1	A	anno1.g9807.t1	A
anno1.g8895.t1	A	anno1.g9808.t1	A
anno1.g8896.t1	A	anno1.g9809.t1	A
anno1.g8897.t1	A	anno1.g9810.t1	A
anno1.g8898.t1	A	anno1.g9811.t1	A
anno1.g8899.t1	A	anno1.g9813.t2	A
anno1.g8900.t1	A	anno1.g9814.t1	A
anno1.g8902.t1	A	anno1.g9818.t4	A
anno1.g8903.t1	A	anno1.g9819.t2	A
anno1.g8904.t1	A	anno1.g9820.t1	A
anno1.g8905.t1	A	anno1.g9821.t1	A
anno1.g8906.t1	A	anno1.g9822.t1	A
anno1.g8907.t1	A	anno1.g9823.t1	A
anno1.g8908.t1	A	anno1.g9824.t1	A
anno1.g8909.t1	A	anno1.g9984.t1	A
anno1.g8912.t1	A	anno1.g9983.t1	A
anno1.g8913.t1	A	anno1.g9982.t1	A
anno1.g8916.t1	A	anno1.g9977.t1	A
anno1.g8917.t1	A	anno1.g9978.t1	A
anno1.g8918.t1	A	anno1.g9979.t1	A
anno1.g8919.t1	A	anno1.g9980.t1	A
anno1.g8921.t1	A	anno1.g9981.t1	A
anno1.g8923.t1	A	anno1.g9974.t1	A
anno1.g8924.t1	A	anno1.g9975.t1	A
anno1.g8925.t1	A	anno1.g9976.t1	A
anno1.g8926.t1	A	anno1.g9962.t1	A
anno1.g8927.t1	A	anno1.g9961.t1	A
anno1.g8928.t2	A	anno1.g9970.t1	A
anno1.g8929.t1	A	anno1.g9971.t1	A
anno1.g8930.t1	A	anno1.g9972.t1	A
anno1.g8931.t1	A	anno1.both_agree_g20916.t1	A
anno1.g8932.t1	A	anno1.g9261.t1	A
anno1.g8933.t1	A	anno1.g9963.t1	A
anno1.g8934.t1	A	anno1.g9965.t1	A
anno1.g8935.t1	A	anno1.g9966.t2	A
anno1.g8936.t1	A	anno1.g9967.t1	A
anno1.g8937.t1	A	anno1.g9968.t1	A
anno1.g8938.t1	A	anno1.g9969.t2	A
anno1.g8939.t1	A	anno1.g9958.t1	A
anno1.g8940.t1	A	anno1.g9957.t1	A
anno1.g8941.t1	A	anno1.g9956.t1	A
anno1.g8942.t1	A	anno1.g9952.t1	A
anno1.g8943.t1	A	anno1.g9951.t1	A
anno1.g8944.t1	A	anno1.g9950.t1	A
anno1.g8945.t1	A	anno1.g9949.t1	A
anno1.g8946.t1	A	anno1.g9948.t1	A
anno1.g8948.t1	A	anno1.g7756.t1	A
anno1.g8949.t1	A	anno1.g9947.t1	A
anno1.g8950.t1	A	anno1.g9946.t2	A
anno1.g8951.t1	A	anno1.g9944.t1	A
anno1.g8952.t1	A	anno1.g9942.t1	A
anno1.g8953.t1	A	anno1.g9941.t1	A
anno1.g8955.t1	A	anno1.g9939.t1	A
anno1.g8958.t1	A	anno1.g9936.t1	A
anno1.g8959.t1	A	anno1.g9935.t1	A
anno1.g8960.t1	A	anno1.g9934.t1	A
anno1.g8961.t1	A	anno1.g9933.t1	A
anno1.g8963.t1	A	anno1.g9927.t1	A
anno1.g8964.t2	A	anno1.g9920.t2	A
anno1.g8965.t1	A	anno1.g9922.t1	A
anno1.g8966.t1	A	anno1.g9924.t1	A
anno1.g8967.t1	A	anno1.g9925.t1	A
anno1.g8968.t1	A	anno1.g9926.t2	A
anno1.g8969.t2	A	anno1.g9919.t2	A
anno1.g8970.t1	A	anno1.g9918.t1	A
anno1.g8971.t1	A	anno1.g9915.t2	A
anno1.g8973.t1	A	anno1.g9914.t1	A
anno1.g8975.t1	A	anno1.g9895.t2	A
anno1.g8976.t1	A	anno1.g9894.t1	A
anno1.g8977.t1	A	anno1.g9893.t1	A
anno1.g8979.t1	A	anno1.g9892.t1	A
anno1.g8980.t1	A	anno1.g9891.t1	A
anno1.g8981.t1	A	anno1.g9889.t1	A
anno1.g8982.t2	A	anno1.g9888.t1	A
anno1.g8983.t1	A	anno1.g9887.t1	A
anno1.g8984.t1	A	anno1.g9886.t2	A
anno1.g8985.t1	A	anno1.g9884.t1	A
anno1.g8986.t1	A	anno1.g9883.t2	A
anno1.g8987.t1	A	anno1.g9882.t1	A
anno1.g8988.t1	A	anno1.g9878.t1	A
anno1.g8989.t1	A	anno1.g9879.t1	A
anno1.g8990.t1	A	anno1.g9881.t1	A
anno1.g8991.t1	A	anno1.g10123.t1	A
anno1.g8992.t1	A	anno1.g10124.t1	A
anno1.g8993.t1	A	anno1.g10126.t1	A
anno1.g8994.t1	A	anno1.g10127.t1	A
anno1.g8996.t1	A	anno1.g10129.t1	A
anno1.g8997.t1	A	anno1.g10130.t1	A
anno1.g8998.t3	A	anno1.g10134.t1	A
anno1.g9001.t1	A	anno1.g10137.t1	A
anno1.g9002.t1	A	anno1.g10140.t1	A
anno1.g9003.t1	A	anno1.g10141.t1	A
anno1.g9004.t1	A	anno1.g10142.t1	A
anno1.g9005.t1	A	anno1.g10143.t1	A
anno1.g9009.t1	A	anno1.g10156.t1	A
anno1.g9010.t1	A	anno1.g10155.t2	A
anno1.g9011.t1	A	anno1.g10096.t2	A
anno1.g9012.t1	A	anno1.g10095.t1	A
anno1.g9013.t1	A	anno1.g10094.t1	A
anno1.g9016.t1	A	anno1.g13278.t1	A
anno1.g9017.t2	A	anno1.g10092.t1	A
anno1.g9018.t1	A	anno1.g10091.t1	A
anno1.g9019.t1	A	anno1.g10090.t1	A
anno1.g9020.t1	A	anno1.g10089.t1	A
anno1.g9022.t1	A	anno1.g10088.t1	A
anno1.g9023.t1	A	anno1.g10087.t1	A
anno1.g9024.t1	A	anno1.g10086.t1	A
anno1.g9025.t1	A	anno1.g10084.t1	A
anno1.g9026.t1	A	anno1.g10083.t1	A
anno1.g9027.t1	A	anno1.g10082.t1	A
anno1.g9028.t1	A	anno1.g10046.t1	A
anno1.g9029.t1	A	anno1.g10047.t1	A
anno1.g9030.t1	A	anno1.g10050.t1	A
anno1.g9033.t1	A	anno1.g10051.t1	A
anno1.g9034.t2	A	anno1.g10052.t2	A
anno1.g9037.t1	A	anno1.g10060.t1	A
anno1.g9038.t2	A	anno1.g10061.t1	A
anno1.g9040.t1	A	anno1.g10063.t1	A
anno1.g9041.t1	A	anno1.g10066.t1	A
anno1.g9042.t1	A	anno1.g10067.t1	A
anno1.g9043.t1	A	anno1.g10068.t1	A
anno1.g9044.t1	A	anno1.g10069.t1	A
anno1.g9045.t1	A	anno1.g10070.t1	A
anno1.g9046.t1	A	anno1.g10071.t1	A
anno1.g9047.t1	A	anno1.g10072.t1	A
anno1.g9048.t1	A	anno1.g10073.t1	A
anno1.g9049.t2	A	anno1.g10074.t1	A
anno1.g9050.t1	A	anno1.g10075.t1	A
anno1.g9052.t2	A	anno1.g10076.t1	A
anno1.g9053.t1	A	anno1.g10078.t1	A
anno1.g9054.t1	A	anno1.g10079.t3	A
anno1.g9056.t1	A	anno1.g10080.t1	A
anno1.g9057.t1	A	anno1.g10081.t1	A
anno1.g9058.t2	A	anno1.g9831.t1	A
anno1.g9059.t1	A	anno1.g9830.t1	A
anno1.g9060.t2	A	anno1.g9828.t1	A
anno1.g9061.t2	A	anno1.g9827.t2	A
anno1.g9062.t1	A	anno1.g9826.t1	A
anno1.g9063.t1	A	anno1.g9825.t1	A
anno1.g9064.t3	A	anno1.g9987.t1	A
anno1.g9065.t1	A	anno1.g9990.t1	A
anno1.g9067.t1	A	anno1.g9993.t2	A
anno1.g9069.t2	A	anno1.g9994.t1	A
anno1.g9070.t1	A	anno1.g9995.t1	A
anno1.g9071.t1	A	anno1.g9998.t1	A
anno1.g9072.t1	A	anno1.g9999.t1	A
anno1.g9073.t1	A	anno1.g9997.t1	A
anno1.g9074.t1	A	anno1.g9996.t2	A
anno1.g9075.t1	A	anno1.g10000.t1	A
anno1.g9076.t1	A	anno1.g10006.t1	A
anno1.g9077.t1	A	anno1.g10005.t1	A
anno1.g9079.t1	A	anno1.g10004.t1	A
anno1.g9080.t1	A	anno1.g10003.t1	A
anno1.g9081.t1	A	anno1.g10007.t1	A
anno1.g9082.t1	A	anno1.g10010.t1	A
anno1.g9083.t1	A	anno1.g10008.t2	A
anno1.g9084.t1	A	anno1.g10011.t1	A
anno1.g9085.t1	A	anno1.g10016.t1	A
anno1.g9086.t1	A	anno1.g10017.t1	A
anno1.g9087.t1	A	anno1.g10018.t1	A
anno1.g9088.t1	A	anno1.g10019.t1	A
anno1.g9089.t1	A	anno1.g10021.t1	A
anno1.g9090.t2	A	anno1.g10022.t1	A
anno1.g9091.t1	A	anno1.g10023.t1	A
anno1.g9092.t1	A	anno1.g10024.t1	A
anno1.g9093.t1	A	anno1.g10025.t4	A
anno1.g9095.t1	A	anno1.g10026.t1	A
anno1.g9096.t1	A	anno1.g10027.t1	A
anno1.g9097.t1	A	anno1.g10029.t1	A
anno1.g9098.t1	A	anno1.g10030.t1	A
anno1.g9099.t1	A	anno1.g10031.t1	A
anno1.g9100.t1	A	anno1.g10032.t1	A
anno1.g9101.t1	A	anno1.g10033.t1	A
anno1.g9102.t1	A	anno1.g10034.t2	A
anno1.g9103.t2	A	anno1.g10035.t1	A
anno1.g9104.t1	A	anno1.g10036.t1	A
anno1.g9105.t1	A	anno1.g10037.t1	A
anno1.g9106.t1	A	anno1.g10038.t1	A
anno1.g9107.t1	A	anno1.g10039.t1	A
anno1.g9108.t1	A	anno1.g10042.t1	A
anno1.g9109.t1	A	anno1.g10041.t1	A
anno1.g9110.t1	A	anno1.g10040.t1	A
anno1.g9111.t1	A	anno1.g9867.t1	A
anno1.g9112.t1	A	anno1.g9869.t1	A
anno1.g9113.t1	A	anno1.g9870.t1	A
anno1.g9114.t1	A	anno1.g3643.t1	A
anno1.g9115.t1	A	anno1.g9871.t1	A
anno1.g9116.t1	A	anno1.g9873.t1	A
anno1.g9118.t1	A	anno1.g9877.t2	A
anno1.g9119.t1	A	anno1.g9866.t1	A
anno1.g9120.t1	A	anno1.g9865.t1	A
anno1.g9121.t1	A	anno1.g9861.t1	A
anno1.g9122.t1	A	anno1.g9862.t1	A
anno1.g9123.t1	A	anno1.g9857.t2	A
anno1.g9125.t1	A	anno1.g9855.t1	A
anno1.g9126.t4	A	anno1.g9851.t1	A
anno1.g9127.t1	A	anno1.g9852.t1	A
anno1.g9128.t1	A	anno1.g9849.t1	A
anno1.g9129.t1	A	anno1.g9848.t1	A
anno1.g9130.t1	A	anno1.g9845.t1	A
anno1.g9131.t1	A	anno1.g9847.t1	A
anno1.g9132.t1	A	anno1.g9843.t3	A
anno1.g9133.t2	A	anno1.g9842.t1	A
anno1.g9134.t1	A	anno1.g10114.t1	A
anno1.g9135.t1	A	anno1.g10115.t1	A
anno1.g9136.t1	A	anno1.g10116.t1	A
anno1.g9137.t1	A	anno1.g10119.t1	A
anno1.g9138.t1	A	anno1.g10120.t2	A
anno1.g9139.t1	A	anno1.g10121.t1	A
anno1.g9140.t1	A	anno1.g10122.t1	A
anno1.g9144.t1	A	anno1.g7496.t1	A
anno1.g9146.t1	A	anno1.g7436.t1	A
anno1.g9147.t1	A	anno1.g7437.t1	A
anno1.g9148.t2	A	anno1.g7439.t1	A
anno1.g9149.t1	A	anno1.g7440.t1	A
anno1.g9150.t1	A	anno1.g7441.t1	A
anno1.g9152.t1	A	anno1.g7443.t1	A
anno1.g9153.t1	A	anno1.g7444.t1	A
anno1.g9154.t1	A	anno1.g7445.t1	A
anno1.g9155.t1	A	anno1.g7446.t1	A
anno1.g9156.t1	A	anno1.g7447.t1	A
anno1.g9158.t1	A	anno1.g7448.t1	A
anno1.g9159.t1	A	anno1.g7449.t1	A
anno1.g9160.t2	A	anno1.g7450.t2	A
anno1.g9161.t1	A	anno1.g7451.t2	A
anno1.g9163.t1	A	anno1.g7290.t2	A
anno1.g9164.t1	A	anno1.g7289.t2	A
anno1.g9166.t2	A	anno1.g7520.t2	A
anno1.g9167.t1	A	anno1.g7521.t2	A
anno1.g9168.t1	A	anno1.g7522.t1	A
anno1.g9169.t1	A	anno1.g7452.t1	A
anno1.g9170.t1	A	anno1.g7453.t1	A
anno1.g9171.t1	A	anno1.g7455.t1	A
anno1.g9172.t1	A	anno1.g7454.t1	A
anno1.g9174.t1	A	anno1.g7457.t1	A
anno1.g9175.t1	A	anno1.g7459.t1	A
anno1.g9176.t1	A	anno1.g7460.t1	A
anno1.g9177.t1	A	anno1.g7461.t1	A
anno1.g9178.t1	A	anno1.g7462.t1	A
anno1.g9179.t1	A	anno1.g7463.t1	A
anno1.g9180.t1	A	anno1.g7464.t1	A
anno1.g9184.t1	A	anno1.g7465.t2	A
anno1.g9185.t7	A	anno1.g7466.t7	A
anno1.g9186.t1	A	anno1.g7467.t1	A
anno1.g9187.t1	A	anno1.g7468.t1	A
anno1.g9188.t1	A	anno1.g7469.t1	A
anno1.g9189.t1	A	anno1.g7470.t1	A
anno1.g9190.t2	A	anno1.g7473.t1	A
anno1.g9191.t1	A	anno1.g7474.t1	A
anno1.g9192.t1	A	anno1.g7477.t1	A
anno1.g9193.t1	A	anno1.g7478.t1	A
anno1.g9194.t1	A	anno1.g7904.t1	A
anno1.g9195.t1	A	anno1.g7479.t1	A
anno1.g9196.t1	A	anno1.g7480.t1	A
anno1.g9197.t1	A	anno1.g7481.t1	A
anno1.g9198.t1	A	anno1.g7482.t1	A
anno1.g9199.t1	A	anno1.g7483.t1	A
anno1.g9201.t3	A	anno1.g7485.t1	A
anno1.g9202.t1	A	anno1.g7486.t1	A
anno1.g9203.t2	A	anno1.g7487.t1	A
anno1.g9204.t1	A	anno1.g7488.t1	A
anno1.g9205.t1	A	anno1.g7490.t1	A
anno1.g9206.t1	A	anno1.g7491.t1	A
anno1.g9207.t1	A	anno1.both_agree_g17796.t1	A
anno1.g9209.t1	A	anno1.g7493.t1	A
anno1.g9210.t1	A	anno1.g7494.t2	A
anno1.g9211.t1	A	anno1.g7495.t1	A
anno1.g9212.t1	A	anno1.g7734.t1	A
anno1.g9213.t1	A	anno1.g7733.t1	A
anno1.g9214.t1	A	anno1.g7731.t1	A
anno1.g9215.t1	A	anno1.g7730.t1	A
anno1.g9216.t1	A	anno1.g7728.t1	A
anno1.g9217.t1	A	anno1.g7727.t1	A
anno1.g9218.t1	A	anno1.g7726.t1	A
anno1.g9219.t1	A	anno1.g7744.t1	A
anno1.g9220.t1	A	anno1.g7745.t1	A
anno1.g9221.t1	A	anno1.g7746.t1	A
anno1.g9222.t1	A	anno1.g7747.t1	A
anno1.g9223.t1	A	anno1.g7748.t1	A
anno1.g9224.t1	A	anno1.g7749.t1	A
anno1.g9227.t1	A	anno1.g7750.t1	A
anno1.g9228.t3	A	anno1.g7751.t2	A
anno1.g9229.t1	A	anno1.g7752.t1	A
anno1.g9231.t1	A	anno1.g9747.t1	A
anno1.g9232.t1	A	anno1.g7757.t1	A
anno1.g9233.t1	A	anno1.g7760.t2	A
anno1.g9234.t1	A	anno1.g7761.t1	A
anno1.g9235.t1	A	anno1.g7768.t1	A
anno1.g9236.t1	A	anno1.g7771.t1	A
anno1.g9237.t1	A	anno1.g7737.t1	A
anno1.g9238.t2	A	anno1.g7742.t1	A
anno1.g9239.t1	A	anno1.g7719.t1	A
anno1.g9241.t1	A	anno1.g7718.t1	A
anno1.g9244.t1	A	anno1.g7722.t1	A
anno1.g9246.t1	A	anno1.g7724.t1	A
anno1.g9247.t1	A	anno1.g7725.t1	A
anno1.g9248.t1	A	anno1.g7713.t1	A
anno1.g9249.t1	A	anno1.g7714.t1	A
anno1.g9250.t1	A	anno1.g7715.t1	A
anno1.g9252.t1	A	anno1.g7705.t1	A
anno1.g9253.t1	A	anno1.g7938.t1	A
anno1.g9254.t2	A	anno1.g7704.t1	A
anno1.g9255.t1	A	anno1.g7703.t1	A
anno1.g9256.t1	A	anno1.g7702.t1	A
anno1.g9257.t1	A	anno1.g7701.t1	A
anno1.g9261.t3	A	anno1.g7696.t1	A
anno1.g9266.t1	A	anno1.g7695.t1	A
anno1.g9267.t1	A	anno1.g7694.t1	A
anno1.g9268.t1	A	anno1.g7693.t1	A
anno1.g9269.t1	A	anno1.g7692.t2	A
anno1.g9270.t1	A	anno1.g7691.t1	A
anno1.g9271.t1	A	anno1.g7690.t1	A
anno1.g9272.t1	A	anno1.g7689.t1	A
anno1.g9273.t1	A	anno1.g7688.t1	A
anno1.g9274.t1	A	anno1.g7686.t1	A
anno1.g9275.t1	A	anno1.g7685.t2	A
anno1.g9276.t2	A	anno1.g7684.t2	A
anno1.g9277.t1	A	anno1.g7683.t1	A
anno1.g9279.t1	A	anno1.g10568.t1	A
anno1.g9280.t1	A	anno1.g7682.t1	A
anno1.g9282.t1	A	anno1.g7679.t1	A
anno1.g9283.t1	A	anno1.g7678.t2	A
anno1.g9291.t1	A	anno1.g7671.t1	A
anno1.g9292.t1	A	anno1.g7670.t1	A
anno1.g9293.t1	A	anno1.g7669.t1	A
anno1.g9294.t1	A	anno1.g14275.t1	A
anno1.g9297.t1	A	anno1.g7666.t1	A
anno1.g9298.t1	A	anno1.g7665.t1	A
anno1.g9300.t2	A	anno1.g7664.t3	A
anno1.g9301.t2	A	anno1.g7663.t1	A
anno1.g9302.t1	A	anno1.g9418.t1	A
anno1.g9304.t1	A	anno1.g7659.t1	A
anno1.g9306.t1	A	anno1.g7657.t1	A
anno1.g9307.t1	A	anno1.g7652.t1	A
anno1.g9309.t1	A	anno1.g7875.t2	A
anno1.g9310.t1	A	anno1.g7874.t2	A
anno1.g9311.t1	A	anno1.g7873.t1	A
anno1.g9312.t1	A	anno1.g7872.t1	A
anno1.g9313.t1	A	anno1.g7871.t1	A
anno1.g9314.t1	A	anno1.g7870.t2	A
anno1.g9315.t1	A	anno1.g7869.t1	A
anno1.g9316.t1	A	anno1.g7864.t1	A
anno1.g9317.t1	A	anno1.g7863.t2	A
anno1.g9318.t2	A	anno1.g7861.t1	A
anno1.g9319.t1	A	anno1.g7858.t1	A
anno1.g9320.t1	A	anno1.g7857.t2	A
anno1.g9321.t1	A	anno1.g7856.t1	A
anno1.g9322.t1	A	anno1.g7855.t1	A
anno1.g9323.t1	A	anno1.g7854.t1	A
anno1.g9324.t1	A	anno1.g7851.t1	A
anno1.g9325.t1	A	anno1.g7850.t1	A
anno1.g9326.t1	A	anno1.g7849.t1	A
anno1.g9328.t2	A	anno1.g7848.t1	A
anno1.g9329.t1	A	anno1.g7845.t1	A
anno1.g9330.t2	A	anno1.g7844.t3	A
anno1.g9331.t1	A	anno1.g7843.t1	A
anno1.g9332.t1	A	anno1.g7842.t3	A
anno1.g9333.t1	A	anno1.g7841.t1	A
anno1.g9334.t2	A	anno1.g7838.t1	A
anno1.g9335.t1	A	anno1.g7839.t1	A
anno1.g9336.t1	A	anno1.g7837.t1	A
anno1.g9337.t1	A	anno1.g7836.t1	A
anno1.g9338.t1	A	anno1.g7835.t1	A
anno1.g9339.t1	A	anno1.g7834.t1	A
anno1.g9341.t2	A	anno1.g7833.t2	A
anno1.g9342.t1	A	anno1.g7831.t1	A
anno1.g9343.t1	A	anno1.g7828.t2	A
anno1.g9344.t2	A	anno1.g7826.t1	A
anno1.g9345.t1	A	anno1.g7820.t2	A
anno1.g9346.t1	A	anno1.g7819.t1	A
anno1.g9347.t1	A	anno1.g7818.t1	A
anno1.g9350.t1	A	anno1.g7817.t1	A
anno1.g9351.t1	A	anno1.g7816.t1	A
anno1.g9352.t1	A	anno1.g7815.t1	A
anno1.g9353.t1	A	anno1.g7814.t1	A
anno1.g9354.t1	A	anno1.g7813.t1	A
anno1.g9355.t2	A	anno1.g7811.t1	A
anno1.g9356.t1	A	anno1.g7810.t1	A
anno1.g9357.t1	A	anno1.g7809.t1	A
anno1.g9360.t1	A	anno1.g7807.t1	A
anno1.g9361.t1	A	anno1.g7806.t2	A
anno1.g9362.t1	A	anno1.g7805.t1	A
anno1.g9363.t1	A	anno1.g7804.t1	A
anno1.g9364.t1	A	anno1.g7802.t1	A
anno1.g9365.t1	A	anno1.g7801.t2	A
anno1.g9366.t1	A	anno1.g7799.t1	A
anno1.g9367.t1	A	anno1.g7798.t1	A
anno1.g9368.t1	A	anno1.g7797.t1	A
anno1.g9369.t2	A	anno1.g7796.t2	A
anno1.g9370.t1	A	anno1.g7794.t2	A
anno1.g9371.t1	A	anno1.g7793.t1	A
anno1.g9372.t1	A	anno1.g7790.t1	A
anno1.both_agree_g17420.t4	A	anno1.both_agree_g18375.t3	A
anno1.g9374.t1	A	anno1.g7788.t1	A
anno1.g9375.t1	A	anno1.g7785.t1	A
anno1.g9378.t2	A	anno1.g7782.t1	A
anno1.g9379.t2	A	anno1.g7781.t2	A
anno1.g9380.t2	A	anno1.g7779.t1	A
anno1.g9381.t1	A	anno1.g7888.t2	A
anno1.g9382.t1	A	anno1.g7777.t1	A
anno1.g9383.t1	A	anno1.g7877.t1	A
anno1.g9385.t1	A	anno1.g7880.t1	A
anno1.g9386.t1	A	anno1.g7882.t1	A
anno1.g9391.t1	A	anno1.g7885.t5	A
anno1.g9392.t1	A	anno1.g7887.t1	A
anno1.g9393.t1	A	anno1.g7354.t1	A
anno1.g9394.t1	A	anno1.g7353.t1	A
anno1.g9395.t1	A	anno1.g7352.t1	A
anno1.g9396.t1	A	anno1.g7351.t1	A
anno1.g9398.t1	A	anno1.g7350.t1	A
anno1.g9399.t1	A	anno1.g7349.t1	A
anno1.g9400.t1	A	anno1.g7348.t1	A
anno1.g9401.t1	A	anno1.g7347.t1	A
anno1.g9402.t1	A	anno1.g7341.t1	A
anno1.g9403.t1	A	anno1.g7346.t1	A
anno1.g9404.t1	A	anno1.g7340.t1	A
anno1.g9405.t1	A	anno1.g7339.t1	A
anno1.g9406.t1	A	anno1.g7338.t1	A
anno1.g9407.t1	A	anno1.g7337.t1	A
anno1.g9408.t1	A	anno1.g7336.t1	A
anno1.g9409.t1	A	anno1.g7335.t1	A
anno1.g9410.t2	A	anno1.g7334.t1	A
anno1.g9411.t1	A	anno1.g14840.t1	A
anno1.g9412.t1	A	anno1.g7322.t1	A
anno1.g9413.t1	A	anno1.g7323.t2	A
anno1.g9414.t1	A	anno1.g7324.t1	A
anno1.g9415.t1	A	anno1.g7325.t1	A
anno1.g9416.t1	A	anno1.g7326.t1	A
anno1.g9417.t2	A	anno1.g7645.t1	A
anno1.g9418.t1	A	anno1.g7646.t1	A
anno1.g9419.t2	A	anno1.g7647.t1	A
anno1.g9420.t1	A	anno1.g7648.t1	A
anno1.g9421.t1	A	anno1.g7649.t1	A
anno1.g9423.t1	A	anno1.g11569.t1	A
anno1.g9427.t1	A	anno1.g7776.t1	A
anno1.g9428.t1	A	anno1.g7775.t1	A
anno1.g9429.t1	A	anno1.g7773.t1	A
anno1.g9430.t1	A	anno1.g7772.t1	A
anno1.g9432.t1	A	anno1.g7297.t1	A
anno1.g9435.t1	A	anno1.g7299.t1	A
anno1.g9436.t1	A	anno1.g7300.t1	A
anno1.g9438.t1	A	anno1.g7301.t1	A
anno1.g9439.t1	A	anno1.g7303.t1	A
anno1.g9440.t2	A	anno1.g7305.t1	A
anno1.g9441.t1	A	anno1.g7306.t1	A
anno1.g9442.t2	A	anno1.g7307.t1	A
anno1.g9444.t1	A	anno1.g7308.t1	A
anno1.g9446.t1	A	anno1.g7310.t1	A
anno1.g9447.t1	A	anno1.g7311.t1	A
anno1.g9448.t1	A	anno1.g7312.t1	A
anno1.g9449.t1	A	anno1.g7313.t1	A
anno1.g9450.t1	A	anno1.g7314.t2	A
anno1.g9451.t1	A	anno1.g7315.t1	A
anno1.g9452.t2	A	anno1.g7316.t3	A
anno1.g9453.t1	A	anno1.g7332.t1	A
anno1.g9454.t1	A	anno1.g7318.t1	A
anno1.g9456.t2	A	anno1.g7320.t2	A
anno1.g9457.t1	A	anno1.g7330.t1	A
anno1.g9458.t1	A	anno1.g7328.t1	A
anno1.g9460.t1	A	anno1.g7644.t1	A
anno1.g9461.t1	A	anno1.g7643.t1	A
anno1.g9462.t1	A	anno1.g7641.t1	A
anno1.g9463.t1	A	anno1.g7640.t1	A
anno1.g9464.t1	A	anno1.g7639.t1	A
anno1.g9465.t1	A	anno1.g7638.t2	A
anno1.g9466.t1	A	anno1.g7637.t1	A
anno1.g9467.t1	A	anno1.g7636.t1	A
anno1.g9469.t1	A	anno1.g7633.t2	A
anno1.g9471.t2	A	anno1.g7628.t1	A
anno1.g9472.t1	A	anno1.g7624.t1	A
anno1.g9473.t3	A	anno1.g7622.t1	A
anno1.g9474.t1	A	anno1.g5274.t3	A
anno1.g9478.t3	A	anno1.g7614.t2	A
anno1.g9481.t1	A	anno1.g7609.t1	A
anno1.g9482.t1	A	anno1.g7606.t1	A
anno1.g9483.t1	A	anno1.g7604.t1	A
anno1.g9484.t1	A	anno1.g7605.t1	A
anno1.g9485.t1	A	anno1.g7603.t1	A
anno1.g9486.t2	A	anno1.g7602.t2	A
anno1.g9487.t1	A	anno1.g7601.t1	A
anno1.g9488.t1	A	anno1.g7599.t1	A
anno1.g9489.t1	A	anno1.g7598.t1	A
anno1.g9490.t1	A	anno1.g7597.t1	A
anno1.g9491.t1	A	anno1.g7596.t1	A
anno1.g9492.t1	A	anno1.g7595.t1	A
anno1.g9493.t1	A	anno1.g7594.t1	A
anno1.g9494.t1	A	anno1.g7593.t1	A
anno1.g9495.t2	A	anno1.g7592.t1	A
anno1.g9496.t1	A	anno1.g7591.t1	A
anno1.g9497.t1	A	anno1.g7590.t2	A
anno1.g9498.t1	A	anno1.g7587.t1	A
anno1.g9499.t1	A	anno1.g7586.t1	A
anno1.g9500.t2	A	anno1.g7585.t1	A
anno1.g9501.t1	A	anno1.g7583.t2	A
anno1.g9502.t1	A	anno1.g7582.t1	A
anno1.g9503.t2	A	anno1.g7580.t2	A
anno1.g9506.t1	A	anno1.g7576.t1	A
anno1.g9507.t1	A	anno1.g7575.t1	A
anno1.g9508.t1	A	anno1.g7574.t1	A
anno1.g9509.t1	A	anno1.g7573.t1	A
anno1.g9510.t1	A	anno1.g7572.t1	A
anno1.g9511.t1	A	anno1.g7569.t1	A
anno1.g9512.t2	A	anno1.g7568.t2	A
anno1.g9514.t1	A	anno1.g7566.t1	A
anno1.g9515.t1	A	anno1.g7565.t1	A
anno1.g9516.t1	A	anno1.g7564.t1	A
anno1.g9517.t3	A	anno1.g7563.t1	A
anno1.g9519.t1	A	anno1.g7562.t1	A
anno1.g9520.t1	A	anno1.g7560.t1	A
anno1.g9521.t1	A	anno1.g7559.t1	A
anno1.g9522.t1	A	anno1.g7558.t1	A
anno1.g9523.t1	A	anno1.g7556.t1	A
anno1.g9524.t1	A	anno1.g7555.t2	A
anno1.g9525.t1	A	anno1.g7554.t1	A
anno1.g9526.t1	A	anno1.g7553.t1	A
anno1.g9527.t1	A	anno1.g7552.t1	A
anno1.g9528.t1	A	anno1.g7551.t1	A
anno1.g9529.t1	A	anno1.g7550.t1	A
anno1.g9530.t3	A	anno1.g7549.t1	A
anno1.g9531.t1	A	anno1.g7548.t1	A
anno1.g9532.t1	A	anno1.g7547.t1	A
anno1.g9533.t1	A	anno1.g7546.t1	A
anno1.g9534.t3	A	anno1.g7545.t2	A
anno1.g9535.t1	A	anno1.g7544.t1	A
anno1.g9536.t1	A	anno1.g7542.t1	A
anno1.g9537.t1	A	anno1.g7541.t1	A
anno1.g9539.t1	A	anno1.g7540.t1	A
anno1.g9541.t2	A	anno1.g7538.t1	A
anno1.g9542.t1	A	anno1.g7537.t1	A
anno1.g9543.t1	A	anno1.g7536.t1	A
anno1.g9544.t2	A	anno1.g7533.t1	A
anno1.g9545.t1	A	anno1.g7534.t1	A
anno1.g9546.t1	A	anno1.g7535.t2	A
anno1.g9547.t1	A	anno1.g7532.t2	A
anno1.g9548.t1	A	anno1.g7531.t1	A
anno1.g9551.t1	A	anno1.g7524.t1	A
anno1.g9552.t1	A	anno1.g7518.t1	A
anno1.g9553.t1	A	anno1.g7516.t3	A
anno1.g9555.t1	A	anno1.g7515.t1	A
anno1.g9556.t1	A	anno1.g7514.t1	A
anno1.g9559.t2	A	anno1.g7512.t1	A
anno1.g9561.t1	A	anno1.g7506.t1	A
anno1.g9565.t1	A	anno1.g7503.t1	A
anno1.g9568.t1	A	anno1.g7501.t1	A
anno1.g9571.t1	A	anno1.g7498.t1	A
anno1.g9572.t1	A	anno1.g7497.t1	A
anno1.g9573.t1	A	anno1.g7434.t1	A
anno1.g9574.t1	A	anno1.g7433.t1	A
anno1.g9575.t1	A	anno1.g7432.t1	A
anno1.g9576.t1	A	anno1.g7431.t1	A
anno1.g9577.t1	A	anno1.g7430.t1	A
anno1.g9578.t1	A	anno1.g7429.t3	A
anno1.g9579.t1	A	anno1.g7428.t2	A
anno1.g9580.t1	A	anno1.g7427.t1	A
anno1.g9583.t1	A	anno1.g7425.t1	A
anno1.g9585.t1	A	anno1.g7424.t1	A
anno1.g9586.t1	A	anno1.g7423.t1	A
anno1.g9588.t2	A	anno1.g7422.t1	A
anno1.g9589.t1	A	anno1.g7421.t1	A
anno1.g9590.t1	A	anno1.g7420.t1	A
anno1.g9591.t1	A	anno1.g7419.t1	A
anno1.g9592.t1	A	anno1.g7417.t1	A
anno1.g9593.t1	A	anno1.g7416.t1	A
anno1.g9594.t1	A	anno1.g7415.t1	A
anno1.g9595.t1	A	anno1.g7412.t1	A
anno1.g9596.t1	A	anno1.g7411.t1	A
anno1.g9597.t2	A	anno1.g7409.t2	A
anno1.g9599.t1	A	anno1.g7343.t1	A
anno1.g9600.t1	A	anno1.g7408.t2	A
anno1.g9601.t1	A	anno1.g7407.t1	A
anno1.g9604.t1	A	anno1.g7404.t1	A
anno1.g9605.t2	A	anno1.g7403.t1	A
anno1.g9606.t1	A	anno1.g7402.t1	A
anno1.g9607.t1	A	anno1.g7401.t1	A
anno1.g9608.t1	A	anno1.g7400.t1	A
anno1.g9609.t2	A	anno1.g7398.t2	A
anno1.g9611.t1	A	anno1.g7399.t1	A
anno1.g9612.t1	A	anno1.g7397.t3	A
anno1.g9613.t1	A	anno1.g7396.t1	A
anno1.g9615.t1	A	anno1.g7395.t1	A
anno1.g9616.t1	A	anno1.g7394.t1	A
anno1.g9617.t1	A	anno1.g7393.t1	A
anno1.g9618.t1	A	anno1.g7392.t1	A
anno1.g9619.t1	A	anno1.g7391.t1	A
anno1.g9620.t1	A	anno1.g7390.t1	A
anno1.g9621.t1	A	anno1.g11992.t1	A
anno1.g9622.t1	A	anno1.g7389.t1	A
anno1.g9623.t1	A	anno1.g7388.t1	A
anno1.g9624.t1	A	anno1.g7387.t1	A
anno1.g9625.t1	A	anno1.g7386.t1	A
anno1.g9626.t1	A	anno1.g5158.t1	A
anno1.g9627.t1	A	anno1.g7383.t1	A
anno1.g9628.t1	A	anno1.g7382.t1	A
anno1.g9629.t1	A	anno1.g7381.t1	A
anno1.g9631.t2	A	anno1.g7380.t2	A
anno1.g9632.t1	A	anno1.g7379.t1	A
anno1.g9633.t1	A	anno1.g7374.t1	A
anno1.g9634.t1	A	anno1.g7372.t1	A
anno1.g9635.t1	A	anno1.g7373.t1	A
anno1.g9636.t1	A	anno1.g7371.t1	A
anno1.g9638.t2	A	anno1.g7369.t1	A
anno1.g9639.t1	A	anno1.g7366.t1	A
anno1.g9640.t1	A	anno1.g7365.t2	A
anno1.g9641.t2	A	anno1.g7364.t2	A
anno1.g9642.t1	A	anno1.g7363.t1	A
anno1.g9643.t1	A	anno1.g7362.t1	A
anno1.g9644.t1	A	anno1.g7361.t1	A
anno1.g9645.t1	A	anno1.g7360.t1	A
anno1.g9647.t1	A	anno1.g7359.t1	A
anno1.g9649.t1	A	anno1.g7357.t2	A
anno1.g9651.t1	A	anno1.g7356.t1	A
anno1.g9652.t1	A	anno1.g7355.t1	A
anno1.g9653.t1	A	anno1.g9147.t3	A
anno1.g9654.t1	A	anno1.g9146.t1	A
anno1.g9655.t2	A	anno1.g7890.t3	A
anno1.g9656.t2	A	anno1.g7891.t1	A
anno1.g9657.t1	A	anno1.g12876.t1	A
anno1.g9658.t1	A	anno1.g7912.t2	A
anno1.g9661.t1	A	anno1.g7900.t2	A
anno1.g9663.t1	A	anno1.g7893.t1	A
anno1.g9666.t1	A	anno1.g7909.t1	A
anno1.g9667.t1	A	anno1.g7924.t1	A
anno1.g9673.t1	A	anno1.g8000.t1	A
anno1.g9690.t1	A	anno1.g7221.t1	A
anno1.g9695.t1	A	anno1.g7916.t1	A
anno1.g9697.t1	A	anno1.g7922.t2	A
anno1.g9698.t1	A	anno1.g13851.t1	A
anno1.g9704.t1	A	anno1.g7919.t3	A
anno1.g9709.t1	A	anno1.g7955.t1	A
anno1.g9710.t1	A	anno1.g7944.t1	A
anno1.g9711.t1	A	anno1.g7925.t1	A
anno1.g9712.t1	A	anno1.g7963.t1	A
anno1.g9713.t1	A	anno1.g7959.t1	A
anno1.g9714.t1	A	anno1.g7951.t1	A
anno1.g9716.t1	A	anno1.g7953.t1	A
anno1.g9717.t1	A	anno1.g7968.t1	A
anno1.g9719.t1	A	anno1.g7965.t2	A
anno1.g9720.t1	A	anno1.g7964.t1	A
anno1.g9722.t1	A	anno1.g7969.t1	A
anno1.g9723.t1	A	anno1.g7970.t1	A
anno1.g9727.t2	A	anno1.g7973.t1	A
anno1.g9731.t1	A	anno1.g7976.t1	A
anno1.g9732.t1	A	anno1.g7977.t1	A
anno1.g9735.t1	A	anno1.g6435.t1	A
anno1.g9736.t1	A	anno1.g7978.t1	A
anno1.g9737.t1	A	anno1.g7979.t2	A
anno1.g9738.t1	A	anno1.g7980.t1	A
anno1.g9740.t1	A	anno1.g7981.t1	A
anno1.g9741.t1	A	anno1.g7982.t1	A
anno1.g9742.t1	A	anno1.g7983.t1	A
anno1.g9745.t2	A	anno1.g7987.t1	A
anno1.g9746.t1	A	anno1.g7988.t3	A
anno1.g9747.t1	A	anno1.g7990.t1	A
anno1.g9748.t1	A	anno1.g4945.t1	A
anno1.g9749.t1	A	anno1.g7991.t1	A
anno1.g9751.t1	A	anno1.g7992.t1	A
anno1.g9752.t1	A	anno1.g7995.t1	A
anno1.g9754.t1	A	anno1.g5633.t1	A
anno1.g9756.t1	A	anno1.g7997.t1	A
anno1.g9757.t2	A	anno1.g7998.t1	A
anno1.g9758.t1	A	anno1.g7999.t1	A
anno1.g9760.t1	A	anno1.g8658.t1	A
anno1.g9761.t1	A	anno1.g8659.t1	A
anno1.g9763.t1	A	anno1.g8584.t1	A
anno1.g9764.t1	A	anno1.g8586.t1	A
anno1.g9765.t1	A	anno1.g8588.t1	A
anno1.g9766.t1	A	anno1.g8589.t1	A
anno1.g9767.t1	A	anno1.g8590.t1	A
anno1.g9768.t1	A	anno1.g8591.t1	A
anno1.g9769.t1	A	anno1.g8592.t1	A
anno1.g9772.t3	A	anno1.g8593.t2	A
anno1.g9773.t2	A	anno1.g8594.t2	A
anno1.g9774.t1	A	anno1.g8595.t1	A
anno1.g9775.t1	A	anno1.g8597.t1	A
anno1.g9777.t1	A	anno1.g14302.t1	A
anno1.g9778.t1	A	anno1.g6249.t1	A
anno1.g9783.t1	A	anno1.g8601.t1	A
anno1.g9784.t1	A	anno1.g8602.t1	A
anno1.g9785.t1	A	anno1.g8603.t1	A
anno1.g9786.t1	A	anno1.g8604.t1	A
anno1.g9787.t1	A	anno1.g8606.t1	A
anno1.g9788.t1	A	anno1.g7949.t1	A
anno1.g9791.t1	A	anno1.g8662.t1	A
anno1.g9792.t1	A	anno1.g8613.t1	A
anno1.g9796.t1	A	anno1.g6951.t1	A
anno1.g9801.t1	A	anno1.g14481.t1	A
anno1.g9805.t1	A	anno1.g8616.t1	A
anno1.g9806.t1	A	anno1.g8617.t1	A
anno1.g9807.t1	A	anno1.g8618.t2	A
anno1.g9815.t1	A	anno1.g8619.t1	A
anno1.g9816.t1	A	anno1.g8620.t1	A
anno1.g9818.t2	A	anno1.g8621.t1	A
anno1.g9819.t1	A	anno1.g8622.t1	A
anno1.g9820.t1	A	anno1.g8623.t1	A
anno1.g9821.t1	A	anno1.g8624.t1	A
anno1.g9823.t1	A	anno1.g8625.t1	A
anno1.g9824.t1	A	anno1.g8626.t1	A
anno1.g9825.t1	A	anno1.g8628.t1	A
anno1.g9826.t1	A	anno1.g8527.t2	A
anno1.g9827.t1	A	anno1.g8528.t2	A
anno1.g9828.t1	A	anno1.g14258.t1	A
anno1.g9829.t1	A	anno1.g8529.t1	A
anno1.g9830.t1	A	anno1.g14267.t1	A
anno1.g9833.t1	A	anno1.g8535.t1	A
anno1.g9834.t1	A	anno1.g8536.t1	A
anno1.g9835.t1	A	anno1.g8537.t1	A
anno1.g9836.t1	A	anno1.g8538.t2	A
anno1.g9837.t1	A	anno1.g8540.t1	A
anno1.g9838.t1	A	anno1.g8551.t2	A
anno1.g9839.t1	A	anno1.g8549.t1	A
anno1.g9840.t1	A	anno1.g8548.t1	A
anno1.g9841.t1	A	anno1.g8547.t1	A
anno1.g9842.t1	A	anno1.g8546.t1	A
anno1.g9843.t1	A	anno1.g8545.t1	A
anno1.g9845.t1	A	anno1.g8544.t1	A
anno1.g9847.t2	A	anno1.g8552.t1	A
anno1.g9848.t1	A	anno1.g8553.t1	A
anno1.g9849.t1	A	anno1.g8554.t1	A
anno1.g9850.t1	A	anno1.g8555.t1	A
anno1.g9851.t1	A	anno1.g8556.t1	A
anno1.g9852.t1	A	anno1.g8557.t1	A
anno1.g9853.t1	A	anno1.g8558.t1	A
anno1.g9854.t1	A	anno1.g8559.t1	A
anno1.g9855.t1	A	anno1.g8560.t1	A
anno1.g9856.t1	A	anno1.g8561.t2	A
anno1.g9857.t1	A	anno1.g8562.t1	A
anno1.g9859.t1	A	anno1.g8563.t1	A
anno1.g9860.t1	A	anno1.g8564.t1	A
anno1.g9862.t1	A	anno1.g8565.t1	A
anno1.g9863.t1	A	anno1.g8566.t1	A
anno1.g9865.t1	A	anno1.g8567.t3	A
anno1.g9866.t1	A	anno1.g8568.t1	A
anno1.g9869.t1	A	anno1.g8569.t1	A
anno1.g9871.t1	A	anno1.g8570.t2	A
anno1.g9872.t1	A	anno1.g8572.t2	A
anno1.g9874.t1	A	anno1.g8573.t1	A
anno1.g9875.t1	A	anno1.g8574.t1	A
anno1.g9876.t1	A	anno1.g8518.t2	A
anno1.g9877.t1	A	anno1.g8576.t1	A
anno1.g9878.t1	A	anno1.g8520.t1	A
anno1.g9879.t1	A	anno1.g8580.t1	A
anno1.g9880.t2	A	anno1.g8521.t2	A
anno1.g9881.t2	A	anno1.g8522.t2	A
anno1.g9882.t1	A	anno1.g8525.t1	A
anno1.g9883.t1	A	anno1.g8516.t1	A
anno1.g9885.t1	A	anno1.g8514.t2	A
anno1.g9886.t2	A	anno1.g8513.t5	A
anno1.g9887.t1	A	anno1.g8512.t1	A
anno1.g9888.t3	A	anno1.g8511.t2	A
anno1.g9889.t1	A	anno1.g8510.t1	A
anno1.g9890.t1	A	anno1.g8508.t1	A
anno1.g9891.t1	A	anno1.g8507.t1	A
anno1.g9892.t1	A	anno1.g8506.t1	A
anno1.g9893.t1	A	anno1.g8505.t1	A
anno1.g9894.t1	A	anno1.g8504.t1	A
anno1.g9895.t1	A	anno1.g8501.t1	A
anno1.g9896.t1	A	anno1.g8500.t1	A
anno1.g9897.t1	A	anno1.g8499.t2	A
anno1.g9899.t1	A	anno1.g8498.t1	A
anno1.g9900.t1	A	anno1.g8497.t1	A
anno1.g9901.t1	A	anno1.g8495.t1	A
anno1.g9902.t1	A	anno1.g13827.t1	A
anno1.g9903.t1	A	anno1.g8493.t1	A
anno1.g9904.t1	A	anno1.g8492.t1	A
anno1.g9905.t1	A	anno1.g8491.t1	A
anno1.g9906.t2	A	anno1.g8489.t1	A
anno1.g9907.t1	A	anno1.g8488.t1	A
anno1.g9908.t1	A	anno1.g8485.t1	A
anno1.g9909.t1	A	anno1.g8486.t1	A
anno1.g9910.t1	A	anno1.g8477.t2	A
anno1.g9913.t1	A	anno1.g8476.t1	A
anno1.g9914.t1	A	anno1.g8475.t2	A
anno1.g9915.t1	A	anno1.g8474.t2	A
anno1.g9916.t1	A	anno1.g8473.t1	A
anno1.g9917.t1	A	anno1.g8472.t1	A
anno1.g9918.t1	A	anno1.g8471.t1	A
anno1.g9919.t1	A	anno1.g8470.t1	A
anno1.g9920.t1	A	anno1.g8469.t1	A
anno1.g9921.t1	A	anno1.g8468.t3	A
anno1.g9922.t1	A	anno1.g8467.t1	A
anno1.g9923.t1	A	anno1.g8466.t1	A
anno1.g9924.t1	A	anno1.g8465.t1	A
anno1.g9925.t1	A	anno1.g8464.t1	A
anno1.g9928.t2	A	anno1.g8463.t1	A
anno1.g9929.t1	A	anno1.g8460.t1	A
anno1.g9930.t1	A	anno1.g8459.t1	A
anno1.g9931.t1	A	anno1.g8458.t1	A
anno1.g9932.t1	A	anno1.g8457.t1	A
anno1.g9934.t1	A	anno1.g8456.t1	A
anno1.g9936.t1	A	anno1.g8455.t1	A
anno1.g9937.t1	A	anno1.g8454.t1	A
anno1.g9938.t1	A	anno1.g8453.t1	A
anno1.g9939.t1	A	anno1.g8452.t1	A
anno1.g9940.t2	A	anno1.g8451.t1	A
anno1.g9941.t1	A	anno1.g8449.t1	A
anno1.g9942.t1	A	anno1.g8448.t1	A
anno1.g9943.t2	A	anno1.g8447.t2	A
anno1.g9944.t1	A	anno1.g8446.t1	A
anno1.g9945.t1	A	anno1.g8445.t1	A
anno1.g9946.t2	A	anno1.g8444.t1	A
anno1.g9947.t1	A	anno1.g8443.t1	A
anno1.g9948.t1	A	anno1.g8442.t1	A
anno1.g9949.t1	A	anno1.g8441.t1	A
anno1.g9950.t2	A	anno1.g8440.t2	A
anno1.g9951.t1	A	anno1.g8438.t5	A
anno1.g9952.t1	A	anno1.g8437.t1	A
anno1.g9955.t1	A	anno1.g8433.t2	A
anno1.g9956.t5	A	anno1.g8430.t2	A
anno1.g9957.t1	A	anno1.g8429.t1	A
anno1.g9959.t1	A	anno1.g12427.t1	A
anno1.g9960.t1	A	anno1.g8426.t1	A
anno1.g9961.t2	A	anno1.g8425.t2	A
anno1.g9962.t1	A	anno1.g8423.t1	A
anno1.g9963.t1	A	anno1.g8421.t1	A
anno1.g9964.t1	A	anno1.g8419.t1	A
anno1.g9965.t1	A	anno1.g7898.t1	A
anno1.g9967.t1	A	anno1.g8416.t1	A
anno1.g9969.t1	A	anno1.g8415.t2	A
anno1.g9970.t1	A	anno1.g8414.t1	A
anno1.g9972.t1	A	anno1.g8411.t1	A
anno1.g9973.t1	A	anno1.g8410.t1	A
anno1.g9975.t1	A	anno1.g8401.t2	A
anno1.g9977.t1	A	anno1.g8400.t1	A
anno1.g9978.t1	A	anno1.g8399.t1	A
anno1.g9980.t1	A	anno1.g8398.t2	A
anno1.g9981.t1	A	anno1.g8395.t1	A
anno1.g9982.t1	A	anno1.g8394.t1	A
anno1.g9984.t1	A	anno1.g8393.t1	A
anno1.g9985.t1	A	anno1.g8392.t1	A
anno1.g9986.t2	A	anno1.g8390.t2	A
anno1.g9987.t2	A	anno1.g8389.t2	A
anno1.g9988.t1	A	anno1.g8388.t1	A
anno1.g9989.t1	A	anno1.g8387.t1	A
anno1.g9990.t1	A	anno1.g8386.t1	A
anno1.g9991.t1	A	anno1.g8385.t1	A
anno1.g9992.t1	A	anno1.g8384.t1	A
anno1.g9994.t1	A	anno1.g8383.t1	A
anno1.g9995.t2	A	anno1.g8381.t1	A
anno1.g9996.t1	A	anno1.g8380.t1	A
anno1.g9997.t1	A	anno1.g8379.t1	A
anno1.g9998.t1	A	anno1.g8378.t1	A
anno1.g9999.t1	A	anno1.g14095.t1	A
anno1.g10000.t1	A	anno1.g8377.t1	A
anno1.g10001.t1	A	anno1.g8374.t1	A
anno1.g10002.t1	A	anno1.g8373.t1	A
anno1.g10003.t1	A	anno1.g8372.t1	A
anno1.g10004.t1	A	anno1.g8371.t1	A
anno1.g10005.t2	A	anno1.g8370.t1	A
anno1.g10006.t2	A	anno1.g8369.t2	A
anno1.g10007.t1	A	anno1.g8368.t1	A
anno1.g10008.t1	A	anno1.g8367.t2	A
anno1.g10009.t1	A	anno1.g8366.t1	A
anno1.g10010.t1	A	anno1.g8365.t1	A
anno1.g10013.t1	A	anno1.g8362.t2	A
anno1.g10014.t1	A	anno1.g8361.t1	A
anno1.g10015.t1	A	anno1.g8360.t2	A
anno1.g10016.t1	A	anno1.g8359.t1	A
anno1.g10017.t1	A	anno1.g8358.t1	A
anno1.g10018.t1	A	anno1.g8357.t1	A
anno1.g10019.t1	A	anno1.g8356.t1	A
anno1.g10020.t1	A	anno1.g8354.t1	A
anno1.g10021.t2	A	anno1.g8344.t3	A
anno1.g10022.t1	A	anno1.g8346.t1	A
anno1.g10023.t1	A	anno1.g8347.t1	A
anno1.g10024.t1	A	anno1.g8348.t1	A
anno1.g10025.t1	A	anno1.g8349.t1	A
anno1.g10026.t1	A	anno1.g8350.t1	A
anno1.g10027.t1	A	anno1.g8351.t1	A
anno1.g10028.t1	A	anno1.g8328.t1	A
anno1.g10029.t1	A	anno1.g8327.t1	A
anno1.g10030.t2	A	anno1.g8067.t1	A
anno1.g10031.t1	A	anno1.g8066.t1	A
anno1.g10032.t1	A	anno1.g8065.t1	A
anno1.g10033.t1	A	anno1.g8064.t1	A
anno1.g10034.t1	A	anno1.g8063.t1	A
anno1.g10035.t1	A	anno1.g8062.t1	A
anno1.g10036.t1	A	anno1.g8061.t1	A
anno1.g10037.t1	A	anno1.g8060.t1	A
anno1.g10038.t1	A	anno1.g8058.t1	A
anno1.g10039.t1	A	anno1.g8057.t1	A
anno1.g10042.t1	A	anno1.g8056.t1	A
anno1.g10043.t2	A	anno1.g8069.t2	A
anno1.g10044.t1	A	anno1.g8070.t1	A
anno1.g10045.t2	A	anno1.g8071.t2	A
anno1.g10049.t1	A	anno1.g8074.t1	A
anno1.g10050.t1	A	anno1.g8075.t1	A
anno1.g10051.t2	A	anno1.g8076.t2	A
anno1.g10052.t1	A	anno1.g8077.t1	A
anno1.g10053.t1	A	anno1.g8079.t1	A
anno1.g10055.t1	A	anno1.g8299.t2	A
anno1.g10057.t1	A	anno1.g8292.t5	A
anno1.g10060.t1	A	anno1.g8291.t3	A
anno1.g10061.t2	A	anno1.g8288.t1	A
anno1.g10062.t1	A	anno1.g8287.t1	A
anno1.g10063.t1	A	anno1.g8285.t1	A
anno1.g10064.t1	A	anno1.g8284.t1	A
anno1.g10065.t1	A	anno1.g8283.t2	A
anno1.g10066.t2	A	anno1.g8282.t2	A
anno1.g10068.t1	A	anno1.g8279.t1	A
anno1.g10069.t1	A	anno1.g8278.t1	A
anno1.g10071.t1	A	anno1.g8277.t1	A
anno1.g10072.t1	A	anno1.g8276.t3	A
anno1.g10074.t1	A	anno1.g8275.t1	A
anno1.g10080.t1	A	anno1.g8274.t2	A
anno1.g10081.t2	A	anno1.g8273.t3	A
anno1.g10082.t1	A	anno1.g8272.t2	A
anno1.g10083.t1	A	anno1.g8271.t1	A
anno1.g10086.t1	A	anno1.g8112.t2	A
anno1.g10087.t1	A	anno1.g8111.t1	A
anno1.g10089.t1	A	anno1.g8106.t1	A
anno1.g10090.t1	A	anno1.g8181.t1	A
anno1.g10092.t2	A	anno1.g8103.t4	A
anno1.g10093.t1	A	anno1.g8101.t1	A
anno1.g10094.t1	A	anno1.g8100.t4	A
anno1.g10096.t1	A	anno1.g8099.t1	A
anno1.g10097.t1	A	anno1.g8098.t1	A
anno1.g10098.t1	A	anno1.g8094.t1	A
anno1.g10099.t1	A	anno1.g8084.t1	A
anno1.g10101.t1	A	anno1.g8068.t2	A
anno1.g10102.t1	A	anno1.g8326.t1	A
anno1.g10103.t1	A	anno1.g8325.t1	A
anno1.g10104.t1	A	anno1.g8324.t1	A
anno1.g10105.t2	A	anno1.g8323.t1	A
anno1.g10106.t2	A	anno1.g8322.t2	A
anno1.g10107.t1	A	anno1.g8321.t1	A
anno1.g10110.t1	A	anno1.g8320.t1	A
anno1.g10111.t1	A	anno1.g8319.t1	A
anno1.g10112.t1	A	anno1.g8317.t1	A
anno1.g10113.t1	A	anno1.g8316.t1	A
anno1.g10114.t1	A	anno1.g8314.t1	A
anno1.g10115.t1	A	anno1.g8313.t1	A
anno1.g10117.t1	A	anno1.g8311.t1	A
anno1.g10119.t1	A	anno1.g8172.t1	A
anno1.g10123.t1	A	anno1.g8157.t1	A
anno1.g10124.t1	A	anno1.g8156.t1	A
anno1.g10125.t1	A	anno1.g8155.t1	A
anno1.g10126.t1	A	anno1.g8154.t1	A
anno1.g10127.t1	A	anno1.g8153.t1	A
anno1.g10128.t1	A	anno1.g8152.t1	A
anno1.g10129.t2	A	anno1.g8151.t1	A
anno1.g10131.t1	A	anno1.g8149.t1	A
anno1.g10133.t2	A	anno1.g8147.t2	A
anno1.g10134.t1	A	anno1.g8145.t1	A
anno1.g10135.t1	A	anno1.g8144.t1	A
anno1.g10136.t1	A	anno1.g8143.t1	A
anno1.g10137.t1	A	anno1.g8300.t1	A
anno1.g10138.t1	A	anno1.g8301.t1	A
anno1.g10139.t1	A	anno1.g8302.t1	A
anno1.g10140.t1	A	anno1.g8303.t2	A
anno1.g10141.t1	A	anno1.g8304.t1	A
anno1.g10143.t1	A	anno1.g8306.t2	A
anno1.g10144.t2	A	anno1.g8307.t1	A
anno1.g10145.t1	A	anno1.g8308.t3	A
anno1.g10147.t1	A	anno1.g8309.t1	A
anno1.g10148.t1	A	anno1.g8310.t1	A
anno1.g10149.t2	A	anno1.g8180.t2	A
anno1.g10150.t1	A	anno1.g8182.t1	A
anno1.g10151.t1	A	anno1.g8183.t1	A
anno1.g10152.t1	A	anno1.g8184.t1	A
anno1.g10153.t1	A	anno1.g1259.t1	A
anno1.g10154.t3	A	anno1.g8190.t1	A
anno1.g10155.t1	A	anno1.g8192.t1	A
anno1.g10156.t1	A	anno1.g8193.t1	A
anno1.g10157.t1	A	anno1.g8194.t1	A
anno1.g10158.t1	A	anno1.g8195.t1	A
anno1.g10159.t1	A	anno1.g8196.t1	A
anno1.g10160.t1	A	anno1.g8197.t1	A
anno1.g10161.t1	A	anno1.g8198.t1	A
anno1.g10162.t1	A	anno1.g8199.t2	A
anno1.g10163.t1	A	anno1.g8200.t3	A
anno1.g10164.t1	A	anno1.g8201.t1	A
anno1.g10165.t1	A	anno1.g8202.t1	A
anno1.g10166.t1	A	anno1.g8203.t1	A
anno1.g10168.t1	A	anno1.g8204.t1	A
anno1.g10169.t1	A	anno1.g8205.t2	A
anno1.g10170.t1	A	anno1.g8207.t1	A
anno1.g10171.t1	A	anno1.g8208.t1	A
anno1.g10172.t1	A	anno1.g8210.t2	A
anno1.g10173.t1	A	anno1.g8211.t1	A
anno1.g10174.t1	A	anno1.g8214.t1	A
anno1.g10175.t1	A	anno1.g8215.t1	A
anno1.g10177.t2	A	anno1.g8217.t1	A
anno1.g10178.t1	A	anno1.g8219.t1	A
anno1.g10179.t1	A	anno1.g8220.t2	A
anno1.g10180.t1	A	anno1.g8221.t1	A
anno1.g10181.t1	A	anno1.g8222.t1	A
anno1.g10183.t1	A	anno1.g8225.t1	A
anno1.g10184.t1	A	anno1.g8244.t1	A
anno1.g10185.t1	A	anno1.g8228.t1	A
anno1.g10187.t1	A	anno1.g8231.t1	A
anno1.g10188.t1	A	anno1.g8232.t1	A
anno1.g10189.t1	A	anno1.g8233.t1	A
anno1.g10190.t1	A	anno1.g8234.t1	A
anno1.g10191.t1	A	anno1.g8235.t1	A
anno1.g10192.t1	A	anno1.g8236.t1	A
anno1.g10193.t1	A	anno1.g8237.t1	A
anno1.g10194.t1	A	anno1.g8250.t1	A
anno1.g10196.t1	A	anno1.g8239.t1	A
anno1.g10198.t1	A	anno1.g8240.t1	A
anno1.g10199.t2	A	anno1.g8241.t2	A
anno1.g10200.t1	A	anno1.g8254.t1	A
anno1.g10201.t1	A	anno1.g8256.t1	A
anno1.g10202.t1	A	anno1.g8257.t1	A
anno1.g10203.t1	A	anno1.g8258.t2	A
anno1.g10204.t2	A	anno1.g8259.t2	A
anno1.g10205.t1	A	anno1.g8260.t1	A
anno1.g10206.t1	A	anno1.g8261.t1	A
anno1.g10207.t1	A	anno1.g8262.t2	A
anno1.g10208.t1	A	anno1.g8263.t1	A
anno1.g10209.t1	A	anno1.g8264.t2	A
anno1.g10210.t2	A	anno1.g8267.t2	A
anno1.g10211.t1	A	anno1.g8268.t2	A
anno1.g10212.t1	A	anno1.g8269.t2	A
anno1.g10213.t1	A	anno1.g8115.t2	A
anno1.g10214.t1	A	anno1.g8116.t1	A
anno1.g10215.t1	A	anno1.g8117.t1	A
anno1.g10216.t1	A	anno1.g8119.t1	A
anno1.g10217.t2	A	anno1.g8120.t1	A
anno1.g10218.t1	A	anno1.g8121.t1	A
anno1.g10219.t1	A	anno1.g8122.t1	A
anno1.g10220.t1	A	anno1.g8123.t2	A
anno1.g10222.t1	A	anno1.g8124.t2	A
anno1.g10223.t1	A	anno1.g8125.t1	A
anno1.g10227.t1	A	anno1.g8131.t1	A
anno1.g10228.t1	A	anno1.g8132.t1	A
anno1.g10229.t1	A	anno1.g8134.t1	A
anno1.g10230.t1	A	anno1.g8133.t1	A
anno1.g10232.t1	A	anno1.g8138.t1	A
anno1.g10233.t3	A	anno1.g8139.t2	A
anno1.g10235.t1	A	anno1.g8140.t2	A
anno1.g10236.t2	A	anno1.g8142.t2	A
anno1.g10237.t1	A	anno1.g8141.t2	A
anno1.g10238.t1	A	anno1.g8646.t1	A
anno1.g10239.t1	A	anno1.g8647.t1	A
anno1.g10240.t1	A	anno1.g8648.t1	A
anno1.g10241.t1	A	anno1.g8649.t1	A
anno1.g10242.t1	A	anno1.g8650.t1	A
anno1.g10245.t1	A	anno1.g8657.t1	A
anno1.g10248.t1	A	anno1.g8009.t1	A
anno1.g10250.t1	A	anno1.g8010.t1	A
anno1.g10251.t1	A	anno1.g8013.t1	A
anno1.g10252.t1	A	anno1.g8014.t1	A
anno1.g10253.t1	A	anno1.g8016.t1	A
anno1.g10254.t1	A	anno1.g8017.t1	A
anno1.g10255.t1	A	anno1.g8020.t1	A
anno1.g10256.t2	A	anno1.g8021.t1	A
anno1.g10257.t2	A	anno1.g8032.t3	A
anno1.g10259.t1	A	anno1.g8031.t1	A
anno1.g10260.t1	A	anno1.g8029.t1	A
anno1.g10261.t1	A	anno1.g8028.t1	A
anno1.g10262.t1	A	anno1.g8027.t1	A
anno1.g10263.t1	A	anno1.g8026.t3	A
anno1.g10265.t1	A	anno1.g8025.t1	A
anno1.g10266.t1	A	anno1.g8024.t1	A
anno1.g10267.t1	A	anno1.g8033.t1	A
anno1.g10269.t1	A	anno1.g8206.t1	A
anno1.g10270.t1	A	anno1.g8034.t1	A
anno1.g10271.t1	A	anno1.g4319.t1	A
anno1.g10272.t1	A	anno1.g12785.t1	A
anno1.g10273.t1	A	anno1.g8046.t1	A
anno1.g10275.t2	A	anno1.g8047.t1	A
anno1.g10277.t1	A	anno1.g8048.t1	A
anno1.g10278.t1	A	anno1.g8050.t1	A
anno1.g10281.t1	A	anno1.g8082.t1	A
anno1.g10282.t1	A	anno1.g8081.t1	A
anno1.g10283.t1	A	anno1.g8080.t1	A
anno1.g10284.t1	A	anno1.g8644.t1	A
anno1.g10285.t1	A	anno1.g8632.t1	A
anno1.g10286.t1	A	anno1.g8635.t1	A
anno1.g10287.t1	A	anno1.g8638.t1	A
anno1.g10288.t3	A	anno1.g8639.t1	A
anno1.g10289.t1	A	anno1.g8640.t2	A
anno1.g10290.t1	A	anno1.g8641.t1	A
anno1.g10291.t2	A	anno1.g730.t1	A
anno1.g10292.t1	A	anno1.g731.t1	A
anno1.g10294.t1	A	anno1.g733.t1	A
anno1.g10295.t4	A	anno1.g734.t2	A
anno1.g10297.t1	A	anno1.g735.t1	A
anno1.g10298.t1	A	anno1.g739.t1	A
anno1.g10299.t1	A	anno1.g738.t1	A
anno1.g10300.t1	A	anno1.g737.t1	A
anno1.g10301.t2	A	anno1.g741.t2	A
anno1.g10302.t1	A	anno1.g742.t1	A
anno1.g10303.t1	A	anno1.g743.t1	A
anno1.g10304.t1	A	anno1.g584.t1	A
anno1.g10305.t1	A	anno1.g582.t1	A
anno1.g10306.t1	A	anno1.g574.t1	A
anno1.g10307.t1	A	anno1.g3284.t1	A
anno1.g10308.t1	A	anno1.g773.t1	A
anno1.g10309.t1	A	anno1.g772.t1	A
anno1.g10310.t1	A	anno1.g774.t1	A
anno1.g10313.t1	A	anno1.g10181.t1	A
anno1.g10314.t2	A	anno1.g768.t1	A
anno1.g10316.t1	A	anno1.g766.t1	A
anno1.g10317.t1	A	anno1.g765.t1	A
anno1.g10318.t1	A	anno1.g764.t1	A
anno1.g10319.t1	A	anno1.g762.t1	A
anno1.g10320.t1	A	anno1.g759.t1	A
anno1.g10321.t2	A	anno1.g760.t1	A
anno1.g10322.t1	A	anno1.g761.t1	A
anno1.g10323.t1	A	anno1.g758.t1	A
anno1.g10325.t1	A	anno1.g803.t1	A
anno1.g10326.t1	A	anno1.g802.t2	A
anno1.g10327.t1	A	anno1.g801.t1	A
anno1.g10328.t1	A	anno1.g799.t1	A
anno1.g10329.t1	A	anno1.g797.t1	A
anno1.g10330.t1	A	anno1.g794.t1	A
anno1.g10331.t1	A	anno1.g793.t1	A
anno1.g10332.t1	A	anno1.g790.t1	A
anno1.g10333.t2	A	anno1.g685.t2	A
anno1.g10339.t1	A	anno1.g704.t1	A
anno1.g10340.t1	A	anno1.g703.t1	A
anno1.g10341.t1	A	anno1.g701.t1	A
anno1.g10342.t1	A	anno1.g700.t1	A
anno1.g10343.t1	A	anno1.g699.t1	A
anno1.g10346.t1	A	anno1.g697.t1	A
anno1.g10347.t3	A	anno1.g694.t2	A
anno1.g10348.t2	A	anno1.g693.t4	A
anno1.g10349.t1	A	anno1.g691.t1	A
anno1.g10350.t1	A	anno1.g754.t1	A
anno1.g10352.t1	A	anno1.g755.t1	A
anno1.g10353.t1	A	anno1.g756.t1	A
anno1.g10354.t1	A	anno1.g728.t1	A
anno1.g10355.t1	A	anno1.g727.t1	A
anno1.g10356.t2	A	anno1.g726.t4	A
anno1.g10357.t1	A	anno1.g725.t1	A
anno1.g10358.t4	A	anno1.g724.t2	A
anno1.g10359.t1	A	anno1.g721.t1	A
anno1.g10360.t1	A	anno1.g722.t1	A
anno1.g10361.t1	A	anno1.g723.t1	A
anno1.g10362.t1	A	anno1.g720.t2	A
anno1.g10364.t1	A	anno1.g719.t1	A
anno1.g10365.t1	A	anno1.g718.t1	A
anno1.g10366.t2	A	anno1.g717.t1	A
anno1.g10367.t1	A	anno1.g707.t1	A
anno1.g10368.t1	A	anno1.g709.t1	A
anno1.g10369.t1	A	anno1.g710.t1	A
anno1.g10370.t1	A	anno1.g711.t1	A
anno1.g10371.t1	A	anno1.g712.t3	A
anno1.g10372.t2	A	anno1.g713.t1	A
anno1.g10373.t3	A	anno1.g715.t2	A
anno1.g10374.t2	A	anno1.g752.t1	A
anno1.g10375.t1	A	anno1.g748.t1	A
anno1.g10377.t1	A	anno1.g747.t1	A
anno1.g10379.t1	A	anno1.g779.t1	A
anno1.g10380.t1	A	anno1.g781.t1	A
anno1.g10381.t2	A	anno1.g782.t2	A
anno1.g10382.t1	A	anno1.g784.t1	A
anno1.g10383.t1	A	anno1.g785.t1	A
anno1.g10384.t1	A	anno1.g786.t1	A
anno1.g10386.t1	A	anno1.g787.t1	A
anno1.g10387.t1	A	anno1.g656.t2	A
anno1.g10388.t1	A	anno1.g661.t1	A
anno1.g10389.t1	A	anno1.g1161.t1	A
anno1.g10390.t1	A	anno1.g1171.t3	A
anno1.g10391.t1	A	anno1.g1172.t1	A
anno1.g10395.t1	A	anno1.g1173.t1	A
anno1.g10396.t2	A	anno1.g4896.t1	A
anno1.g10397.t1	A	anno1.g1175.t2	A
anno1.g10399.t1	A	anno1.g1176.t1	A
anno1.g10400.t1	A	anno1.g1177.t1	A
anno1.g10401.t1	A	anno1.g1178.t1	A
anno1.g10402.t1	A	anno1.g1179.t2	A
anno1.g10404.t1	A	anno1.g1181.t1	A
anno1.g10405.t1	A	anno1.g1182.t1	A
anno1.g10406.t1	A	anno1.g1184.t1	A
anno1.g10407.t2	A	anno1.g1185.t1	A
anno1.g10408.t1	A	anno1.g1186.t1	A
anno1.g10409.t2	A	anno1.g1188.t1	A
anno1.g10410.t1	A	anno1.g1189.t1	A
anno1.g10411.t1	A	anno1.g1190.t1	A
anno1.g10413.t1	A	anno1.g1196.t1	A
anno1.g10414.t1	A	anno1.g1197.t1	A
anno1.g10415.t1	A	anno1.g1198.t1	A
anno1.g10416.t2	A	anno1.g1199.t2	A
anno1.g10417.t1	A	anno1.g1200.t1	A
anno1.g10418.t1	A	anno1.g1201.t1	A
anno1.g10420.t1	A	anno1.g1202.t2	A
anno1.g10421.t1	A	anno1.g1203.t2	A
anno1.g10425.t2	A	anno1.g1206.t2	A
anno1.g10426.t1	A	anno1.g1207.t1	A
anno1.g10427.t1	A	anno1.g1208.t1	A
anno1.g10428.t1	A	anno1.g1209.t1	A
anno1.g10429.t1	A	anno1.g1211.t1	A
anno1.g10430.t1	A	anno1.g1213.t1	A
anno1.g10431.t1	A	anno1.g1216.t1	A
anno1.g10432.t1	A	anno1.g1217.t1	A
anno1.g10433.t1	A	anno1.g1218.t1	A
anno1.g10434.t1	A	anno1.g1224.t1	A
anno1.g10435.t1	A	anno1.g1221.t3	A
anno1.g10436.t1	A	anno1.g1226.t1	A
anno1.g10438.t1	A	anno1.g1228.t1	A
anno1.g10439.t1	A	anno1.g1229.t4	A
anno1.g10440.t1	A	anno1.g1230.t1	A
anno1.g10441.t2	A	anno1.g1231.t1	A
anno1.g10442.t1	A	anno1.g1232.t1	A
anno1.g10443.t1	A	anno1.g1233.t1	A
anno1.g10444.t1	A	anno1.g384.t1	A
anno1.g10445.t1	A	anno1.g385.t1	A
anno1.g10446.t2	A	anno1.g386.t1	A
anno1.g10447.t1	A	anno1.g387.t3	A
anno1.g10449.t1	A	anno1.g389.t1	A
anno1.g10450.t2	A	anno1.g390.t2	A
anno1.g10451.t1	A	anno1.g391.t1	A
anno1.g10452.t1	A	anno1.g392.t1	A
anno1.g10453.t2	A	anno1.g407.t1	A
anno1.g10454.t1	A	anno1.g11743.t1	A
anno1.g10455.t1	A	anno1.g408.t1	A
anno1.g10456.t1	A	anno1.g409.t1	A
anno1.g10457.t1	A	anno1.g410.t1	A
anno1.g10458.t1	A	anno1.g411.t1	A
anno1.g10459.t1	A	anno1.g412.t1	A
anno1.g10460.t1	A	anno1.g413.t1	A
anno1.g10461.t1	A	anno1.g414.t1	A
anno1.g10463.t1	A	anno1.g403.t1	A
anno1.g10464.t1	A	anno1.g416.t1	A
anno1.g10465.t1	A	anno1.g405.t2	A
anno1.g10466.t1	A	anno1.g417.t1	A
anno1.g10468.t1	A	anno1.g418.t2	A
anno1.g10469.t2	A	anno1.g419.t1	A
anno1.g10470.t1	A	anno1.g420.t1	A
anno1.g10471.t2	A	anno1.g421.t1	A
anno1.g10472.t1	A	anno1.g422.t1	A
anno1.g10473.t1	A	anno1.g423.t2	A
anno1.g10474.t3	A	anno1.g424.t1	A
anno1.g10475.t1	A	anno1.g428.t1	A
anno1.g10477.t1	A	anno1.g438.t2	A
anno1.g10479.t2	A	anno1.g450.t1	A
anno1.g10480.t1	A	anno1.g449.t1	A
anno1.g10481.t1	A	anno1.g448.t1	A
anno1.g10482.t1	A	anno1.g447.t1	A
anno1.g10483.t1	A	anno1.g446.t1	A
anno1.g10484.t1	A	anno1.g445.t1	A
anno1.g10485.t1	A	anno1.g444.t1	A
anno1.g10486.t1	A	anno1.g1251.t1	A
anno1.g10487.t1	A	anno1.g1252.t1	A
anno1.g10488.t1	A	anno1.g1253.t1	A
anno1.g10489.t2	A	anno1.g1254.t1	A
anno1.g10490.t1	A	anno1.g1255.t1	A
anno1.g10491.t1	A	anno1.g1256.t2	A
anno1.g10492.t1	A	anno1.g1257.t1	A
anno1.g10494.t1	A	anno1.g1258.t1	A
anno1.g10495.t1	A	anno1.g1260.t3	A
anno1.g10496.t1	A	anno1.g1269.t1	A
anno1.g10497.t1	A	anno1.g13274.t1	A
anno1.g10498.t2	A	anno1.g1270.t1	A
anno1.g10500.t1	A	anno1.g1271.t1	A
anno1.g10501.t1	A	anno1.g1272.t1	A
anno1.g10502.t1	A	anno1.g1264.t2	A
anno1.g10503.t1	A	anno1.g1274.t1	A
anno1.g10504.t1	A	anno1.g1286.t1	A
anno1.g10505.t1	A	anno1.g1275.t1	A
anno1.g10507.t1	A	anno1.g1284.t1	A
anno1.g10509.t1	A	anno1.g1278.t1	A
anno1.g10514.t2	A	anno1.g1287.t1	A
anno1.g10515.t1	A	anno1.g1288.t1	A
anno1.g10516.t1	A	anno1.g1289.t1	A
anno1.g10517.t1	A	anno1.g1290.t1	A
anno1.g10519.t1	A	anno1.g1294.t1	A
anno1.g10520.t1	A	anno1.g1295.t2	A
anno1.g10522.t1	A	anno1.g1304.t1	A
anno1.g10523.t1	A	anno1.g1305.t1	A
anno1.g10524.t1	A	anno1.g1301.t1	A
anno1.g10525.t1	A	anno1.g1308.t1	A
anno1.g10526.t1	A	anno1.g1310.t1	A
anno1.g10530.t1	A	anno1.g1311.t1	A
anno1.g10532.t1	A	anno1.g1313.t1	A
anno1.g10533.t1	A	anno1.g1314.t1	A
anno1.g10537.t1	A	anno1.g1315.t1	A
anno1.g10538.t1	A	anno1.g1480.t1	A
anno1.g10539.t2	A	anno1.g1481.t1	A
anno1.g10540.t1	A	anno1.g1482.t1	A
anno1.g10541.t1	A	anno1.g1486.t1	A
anno1.g10542.t1	A	anno1.g1450.t1	A
anno1.g10543.t1	A	anno1.g1449.t1	A
anno1.g10544.t1	A	anno1.g1448.t2	A
anno1.g10545.t2	A	anno1.g1447.t2	A
anno1.g10546.t1	A	anno1.g1446.t1	A
anno1.g10548.t1	A	anno1.g1011.t1	A
anno1.g10550.t1	A	anno1.g994.t1	A
anno1.g10551.t1	A	anno1.g995.t1	A
anno1.g10552.t1	A	anno1.g5064.t1	A
anno1.g10554.t1	A	anno1.g991.t1	A
anno1.g10555.t1	A	anno1.g986.t1	A
anno1.g10556.t1	A	anno1.g985.t1	A
anno1.g10557.t1	A	anno1.g979.t1	A
anno1.g10558.t1	A	anno1.g978.t1	A
anno1.g10559.t1	A	anno1.g977.t5	A
anno1.g10560.t1	A	anno1.g974.t1	A
anno1.g10561.t1	A	anno1.g973.t1	A
anno1.g10562.t1	A	anno1.g972.t1	A
anno1.g10563.t1	A	anno1.g969.t1	A
anno1.g10564.t1	A	anno1.g970.t2	A
anno1.g10565.t1	A	anno1.g906.t1	A
anno1.g10566.t2	A	anno1.g909.t1	A
anno1.g10567.t1	A	anno1.g910.t1	A
anno1.g10568.t1	A	anno1.g1010.t1	A
anno1.g10569.t1	A	anno1.g2929.t1	A
anno1.g10570.t1	A	anno1.g1016.t2	A
anno1.g10571.t1	A	anno1.g14251.t1	A
anno1.g10572.t1	A	anno1.g814.t1	A
anno1.g10573.t2	A	anno1.g523.t1	A
anno1.g10574.t1	A	anno1.g522.t1	A
anno1.g10575.t1	A	anno1.g521.t1	A
anno1.g10576.t2	A	anno1.both_agree_g3233.t2	A
anno1.g10578.t1	A	anno1.g494.t1	A
anno1.g10579.t1	A	anno1.g519.t1	A
anno1.g10580.t1	A	anno1.g493.t2	A
anno1.g10581.t1	A	anno1.g515.t2	A
anno1.g10582.t1	A	anno1.g514.t1	A
anno1.g10583.t1	A	anno1.g512.t1	A
anno1.g10584.t1	A	anno1.g511.t1	A
anno1.g10587.t2	A	anno1.g487.t1	A
anno1.g10588.t1	A	anno1.g485.t1	A
anno1.g10589.t1	A	anno1.g484.t1	A
anno1.g10590.t1	A	anno1.g502.t1	A
anno1.g10591.t5	A	anno1.g482.t4	A
anno1.g10593.t1	A	anno1.g499.t2	A
anno1.g10594.t1	A	anno1.g498.t1	A
anno1.g10595.t1	A	anno1.g478.t1	A
anno1.g10596.t1	A	anno1.g477.t1	A
anno1.g10597.t1	A	anno1.g476.t1	A
anno1.g10598.t1	A	anno1.g473.t2	A
anno1.g10599.t1	A	anno1.g472.t1	A
anno1.g10600.t1	A	anno1.g471.t1	A
anno1.g10601.t1	A	anno1.g470.t1	A
anno1.g10602.t1	A	anno1.g469.t1	A
anno1.g10603.t2	A	anno1.g468.t1	A
anno1.g10604.t1	A	anno1.g464.t1	A
anno1.g10605.t1	A	anno1.g5068.t1	A
anno1.g10606.t1	A	anno1.g14667.t1	A
anno1.g10607.t1	A	anno1.g461.t2	A
anno1.g10610.t1	A	anno1.g460.t1	A
anno1.g10611.t1	A	anno1.g14664.t1	A
anno1.g10612.t1	A	anno1.g458.t1	A
anno1.g10613.t1	A	anno1.g457.t2	A
anno1.g10614.t2	A	anno1.g14659.t2	A
anno1.g10616.t2	A	anno1.g14658.t2	A
anno1.g10621.t1	A	anno1.g443.t1	A
anno1.g10623.t1	A	anno1.g1250.t2	A
anno1.g10624.t1	A	anno1.g1249.t1	A
anno1.g10627.t1	A	anno1.g1247.t3	A
anno1.g10628.t1	A	anno1.g1246.t1	A
anno1.g10629.t1	A	anno1.g1245.t1	A
anno1.g10630.t1	A	anno1.g1244.t1	A
anno1.g10631.t2	A	anno1.g1243.t1	A
anno1.g10632.t1	A	anno1.g1242.t2	A
anno1.g10633.t1	A	anno1.g1241.t2	A
anno1.g10634.t1	A	anno1.g1240.t1	A
anno1.g10635.t1	A	anno1.g1239.t1	A
anno1.g10636.t1	A	anno1.g5306.t1	A
anno1.g10639.t3	A	anno1.g1238.t3	A
anno1.g10640.t1	A	anno1.g1237.t1	A
anno1.g10641.t1	A	anno1.g1236.t1	A
anno1.g10642.t1	A	anno1.g1234.t1	A
anno1.g10643.t1	A	anno1.g1235.t1	A
anno1.g10645.t2	A	anno1.g383.t1	A
anno1.g10646.t1	A	anno1.g382.t1	A
anno1.g10647.t2	A	anno1.g283.t1	A
anno1.g10648.t2	A	anno1.g333.t1	A
anno1.g10650.t1	A	anno1.g334.t1	A
anno1.g10653.t1	A	anno1.g3741.t1	A
anno1.g10654.t1	A	anno1.g336.t1	A
anno1.g10658.t1	A	anno1.g533.t1	A
anno1.g10659.t1	A	anno1.g536.t1	A
anno1.g10661.t2	A	anno1.g538.t1	A
anno1.g10662.t1	A	anno1.g542.t1	A
anno1.g10663.t1	A	anno1.g544.t2	A
anno1.g10664.t1	A	anno1.g545.t2	A
anno1.g10665.t1	A	anno1.g547.t1	A
anno1.g10666.t1	A	anno1.g548.t1	A
anno1.g10667.t1	A	anno1.g549.t2	A
anno1.g10668.t1	A	anno1.g550.t1	A
anno1.g10669.t1	A	anno1.g554.t1	A
anno1.g10671.t1	A	anno1.g555.t2	A
anno1.g10672.t1	A	anno1.g556.t1	A
anno1.g10673.t1	A	anno1.g558.t1	A
anno1.g10674.t1	A	anno1.g559.t1	A
anno1.g10675.t1	A	anno1.g560.t2	A
anno1.g10676.t1	A	anno1.g561.t1	A
anno1.g10677.t1	A	anno1.g563.t2	A
anno1.g10678.t3	A	anno1.g3291.t1	A
anno1.g10679.t1	A	anno1.g3289.t1	A
anno1.g10680.t1	A	anno1.g566.t1	A
anno1.g10681.t1	A	anno1.g572.t1	A
anno1.g10682.t1	A	anno1.g573.t1	A
anno1.g10683.t1	A	anno1.g588.t1	A
anno1.g10684.t2	A	anno1.g592.t2	A
anno1.g10685.t1	A	anno1.g593.t2	A
anno1.g10686.t1	A	anno1.g594.t2	A
anno1.g10687.t1	A	anno1.g595.t1	A
anno1.g10688.t1	A	anno1.g6938.t1	A
anno1.g10690.t2	A	anno1.g596.t1	A
anno1.g10691.t1	A	anno1.g598.t1	A
anno1.g10692.t1	A	anno1.g599.t1	A
anno1.g10693.t1	A	anno1.g600.t1	A
anno1.g10694.t1	A	anno1.g601.t1	A
anno1.g10695.t1	A	anno1.g602.t1	A
anno1.g10696.t1	A	anno1.g603.t1	A
anno1.g10697.t1	A	anno1.g605.t1	A
anno1.g10698.t1	A	anno1.g606.t1	A
anno1.g10699.t1	A	anno1.g607.t2	A
anno1.g10701.t2	A	anno1.g2691.t1	A
anno1.g10702.t2	A	anno1.g608.t1	A
anno1.g10710.t1	A	anno1.g609.t1	A
anno1.g10711.t1	A	anno1.g610.t1	A
anno1.g10712.t2	A	anno1.g611.t2	A
anno1.g10713.t1	A	anno1.g612.t1	A
anno1.g10714.t1	A	anno1.g613.t1	A
anno1.g10715.t1	A	anno1.g618.t1	A
anno1.g10716.t1	A	anno1.g620.t1	A
anno1.g10717.t1	A	anno1.g623.t1	A
anno1.g10718.t1	A	anno1.g624.t1	A
anno1.g10720.t1	A	anno1.g626.t1	A
anno1.g10721.t1	A	anno1.g633.t1	A
anno1.g10722.t1	A	anno1.g631.t1	A
anno1.g10723.t1	A	anno1.g629.t2	A
anno1.g10725.t1	A	anno1.g628.t1	A
anno1.g10726.t1	A	anno1.g729.t1	A
anno1.g10727.t1	A	anno1.g627.t1	A
anno1.g10728.t1	A	anno1.g634.t1	A
anno1.g10729.t1	A	anno1.g635.t1	A
anno1.g10730.t1	A	anno1.g636.t1	A
anno1.g10731.t1	A	anno1.g637.t1	A
anno1.g10732.t1	A	anno1.g638.t2	A
anno1.g10733.t1	A	anno1.g639.t1	A
anno1.g10734.t1	A	anno1.g640.t2	A
anno1.g10737.t1	A	anno1.g641.t1	A
anno1.g10738.t1	A	anno1.g14078.t1	A
anno1.g10740.t1	A	anno1.g644.t1	A
anno1.g10741.t1	A	anno1.g645.t1	A
anno1.g10742.t1	A	anno1.g646.t1	A
anno1.g10743.t1	A	anno1.g12004.t1	A
anno1.g10744.t1	A	anno1.g649.t1	A
anno1.g10746.t2	A	anno1.g650.t2	A
anno1.g10747.t2	A	anno1.g668.t3	A
anno1.g10748.t1	A	anno1.g652.t2	A
anno1.g10749.t1	A	anno1.g9235.t1	A
anno1.g10751.t1	A	anno1.g14329.t1	X
anno1.g10752.t2	A	anno1.g660.t2	A
anno1.g10753.t1	A	anno1.g1165.t1	A
anno1.g10754.t1	A	anno1.g10002.t1	A
anno1.g10758.t1	A	anno1.g1151.t1	A
anno1.g10759.t2	A	anno1.g1149.t1	A
anno1.g10761.t1	A	anno1.g14490.t1	A
anno1.g10762.t1	A	anno1.g1148.t1	A
anno1.g10763.t1	A	anno1.g13118.t2	A
anno1.g10764.t1	A	anno1.g1006.t1	A
anno1.g10766.t1	A	anno1.g11418.t1	A
anno1.g10770.t1	A	anno1.g525.t1	A
anno1.g10771.t1	A	anno1.g14380.t1	A
anno1.g10782.t1	A	anno1.g14345.t1	A
anno1.g10785.t2	A	anno1.g524.t2	A
anno1.g10786.t1	A	anno1.g1018.t2	A
anno1.g10794.t3	A	anno1.g326.t1	A
anno1.g10795.t1	A	anno1.g327.t1	A
anno1.g10797.t1	A	anno1.g325.t1	A
anno1.g10798.t1	A	anno1.g58.t1	A
anno1.g10800.t1	A	anno1.g61.t1	A
anno1.g10801.t1	A	anno1.g62.t1	A
anno1.g10802.t1	A	anno1.g63.t1	A
anno1.g10805.t1	A	anno1.g184.t1	A
anno1.g10806.t1	A	anno1.g178.t1	A
anno1.g10807.t1	A	anno1.g179.t1	A
anno1.g10808.t1	A	anno1.g183.t1	A
anno1.g10809.t1	A	anno1.g182.t1	A
anno1.g10810.t1	A	anno1.g181.t1	A
anno1.g10813.t1	A	anno1.g175.t1	A
anno1.g10814.t1	A	anno1.g174.t1	A
anno1.g10816.t1	A	anno1.g173.t1	A
anno1.g10821.t1	A	anno1.g152.t1	A
anno1.g10822.t1	A	anno1.g169.t1	A
anno1.g10824.t1	A	anno1.g1323.t1	A
anno1.g10826.t1	A	anno1.g1322.t1	A
anno1.g10830.t1	A	anno1.g1320.t1	A
anno1.g10831.t1	A	anno1.g1319.t1	A
anno1.g10832.t1	A	anno1.g1318.t1	A
anno1.g10834.t3	A	anno1.g1317.t2	A
anno1.g10835.t1	A	anno1.g1316.t1	A
anno1.g10836.t1	A	anno1.g1484.t1	A
anno1.g10837.t2	A	anno1.g1477.t2	A
anno1.g10838.t1	A	anno1.g1487.t1	A
anno1.g10839.t1	A	anno1.g1474.t1	A
anno1.g10840.t3	A	anno1.g1492.t3	A
anno1.g10842.t1	A	anno1.g1494.t1	A
anno1.g10843.t1	A	anno1.g1495.t1	A
anno1.g10852.t1	A	anno1.g840.t1	A
anno1.g10853.t1	A	anno1.g841.t1	A
anno1.g10854.t1	A	anno1.g842.t1	A
anno1.g10855.t1	A	anno1.g843.t1	A
anno1.g10856.t1	A	anno1.g844.t1	A
anno1.g10857.t2	A	anno1.g845.t2	A
anno1.g10858.t1	A	anno1.g846.t1	A
anno1.g10861.t1	A	anno1.g848.t1	A
anno1.g10862.t2	A	anno1.g849.t1	A
anno1.g10863.t1	A	anno1.g850.t1	A
anno1.g10864.t1	A	anno1.g852.t1	A
anno1.g10865.t1	A	anno1.g853.t1	A
anno1.g10867.t3	A	anno1.g855.t3	A
anno1.g10871.t1	A	anno1.g903.t5	A
anno1.g10873.t3	A	anno1.g899.t1	A
anno1.g10874.t1	A	anno1.g897.t1	A
anno1.g10875.t1	A	anno1.g896.t1	A
anno1.g10876.t2	A	anno1.g895.t2	A
anno1.g10877.t1	A	anno1.g894.t1	A
anno1.g10879.t1	A	anno1.g893.t1	A
anno1.g10880.t1	A	anno1.g892.t2	A
anno1.g10882.t1	A	anno1.g891.t1	A
anno1.g10883.t1	A	anno1.g890.t1	A
anno1.g10884.t1	A	anno1.g889.t1	A
anno1.g10885.t1	A	anno1.g888.t1	A
anno1.g10886.t1	A	anno1.g887.t2	A
anno1.g10887.t1	A	anno1.g886.t1	A
anno1.g10888.t1	A	anno1.g885.t2	A
anno1.g10889.t1	A	anno1.g884.t1	A
anno1.g10891.t1	A	anno1.g881.t1	A
anno1.g10892.t1	A	anno1.g6785.t1	A
anno1.g10893.t1	A	anno1.g879.t1	A
anno1.g10894.t1	A	anno1.g875.t1	A
anno1.g10895.t1	A	anno1.g874.t1	A
anno1.g10896.t1	A	anno1.g873.t1	A
anno1.g10897.t1	A	anno1.g5754.t1	A
anno1.g10898.t1	A	anno1.g869.t1	A
anno1.g10899.t1	A	anno1.g864.t1	A
anno1.g10901.t1	A	anno1.g860.t1	A
anno1.g10902.t1	A	anno1.g3355.t1	A
anno1.g10903.t1	A	anno1.g857.t2	A
anno1.g10904.t1	A	anno1.g960.t1	A
anno1.g10905.t1	A	anno1.g957.t1	A
anno1.g10906.t1	A	anno1.g956.t2	A
anno1.g10907.t1	A	anno1.g953.t1	A
anno1.g10908.t2	A	anno1.g952.t2	A
anno1.g10909.t1	A	anno1.g951.t1	A
anno1.g10910.t1	A	anno1.g950.t2	A
anno1.g10911.t1	A	anno1.g949.t1	A
anno1.g10912.t1	A	anno1.g948.t1	A
anno1.g10913.t1	A	anno1.g947.t1	A
anno1.g10914.t1	A	anno1.g945.t1	A
anno1.g10915.t1	A	anno1.g941.t1	A
anno1.g10916.t1	A	anno1.g942.t1	A
anno1.g10918.t1	A	anno1.g938.t1	A
anno1.g10919.t1	A	anno1.g937.t1	A
anno1.g10920.t1	A	anno1.g929.t1	A
anno1.g10921.t1	A	anno1.g928.t1	A
anno1.g10922.t1	A	anno1.g926.t1	A
anno1.g10923.t1	A	anno1.g925.t1	A
anno1.g10924.t1	A	anno1.g8422.t1	A
anno1.g10925.t1	A	anno1.g924.t1	A
anno1.g10926.t1	A	anno1.g922.t1	A
anno1.g10927.t1	A	anno1.g921.t2	A
anno1.g10928.t1	A	anno1.g920.t1	A
anno1.g10929.t1	A	anno1.g918.t1	A
anno1.g10930.t1	A	anno1.g11866.t1	A
anno1.g10931.t1	A	anno1.g917.t1	A
anno1.g10932.t1	A	anno1.g916.t3	A
anno1.g10933.t1	A	anno1.g915.t1	A
anno1.g10934.t1	A	anno1.g914.t1	A
anno1.g10935.t1	A	anno1.g912.t2	A
anno1.g10936.t1	A	anno1.g911.t1	A
anno1.g10937.t1	A	anno1.g1441.t1	A
anno1.g10938.t1	A	anno1.g1443.t3	A
anno1.g10939.t1	A	anno1.g1445.t1	A
anno1.g10940.t1	A	anno1.g833.t4	A
anno1.g10941.t1	A	anno1.g830.t1	A
anno1.g10942.t1	A	anno1.g829.t1	A
anno1.g10943.t1	A	anno1.g828.t1	A
anno1.g10944.t1	A	anno1.g827.t2	A
anno1.g10945.t1	A	anno1.g826.t1	A
anno1.g10948.t1	A	anno1.g823.t1	A
anno1.g10949.t3	A	anno1.g822.t4	A
anno1.g10950.t1	A	anno1.g821.t1	A
anno1.g10951.t1	A	anno1.g820.t1	A
anno1.g10952.t3	A	anno1.g815.t1	A
anno1.g10953.t1	A	anno1.g1021.t2	A
anno1.g10954.t1	A	anno1.g1022.t1	A
anno1.g10955.t1	A	anno1.g1023.t1	A
anno1.g10956.t1	A	anno1.g1024.t1	A
anno1.g10957.t1	A	anno1.g1025.t1	A
anno1.g10958.t1	A	anno1.g1027.t1	A
anno1.g10959.t3	A	anno1.g1028.t1	A
anno1.g10960.t1	A	anno1.g1029.t1	A
anno1.g10961.t1	A	anno1.g1033.t1	A
anno1.g10963.t1	A	anno1.g1036.t1	A
anno1.g10965.t1	A	anno1.g1041.t1	A
anno1.g10967.t1	A	anno1.g1044.t1	A
anno1.g10968.t1	A	anno1.g1045.t1	A
anno1.g10969.t1	A	anno1.g1065.t1	A
anno1.g10970.t2	A	anno1.g1060.t4	A
anno1.g10971.t1	A	anno1.g1055.t1	A
anno1.g10972.t1	A	anno1.g8439.t1	A
anno1.g10973.t3	A	anno1.g1054.t1	A
anno1.g10974.t1	A	anno1.g1052.t1	A
anno1.g10977.t2	A	anno1.g1075.t1	A
anno1.g10978.t1	A	anno1.g121.t1	A
anno1.g10979.t1	A	anno1.g123.t1	A
anno1.g10980.t1	A	anno1.g125.t1	A
anno1.g10981.t1	A	anno1.g126.t1	A
anno1.g10983.t1	A	anno1.g131.t3	A
anno1.g10984.t1	A	anno1.g130.t1	A
anno1.g10986.t1	A	anno1.g18.t1	A
anno1.g10988.t2	A	anno1.g19.t1	A
anno1.g10989.t1	A	anno1.g20.t1	A
anno1.g10990.t1	A	anno1.g21.t1	A
anno1.g10991.t1	A	anno1.g22.t1	A
anno1.g10995.t2	A	anno1.g17.t1	A
anno1.g10996.t1	A	anno1.g14.t1	A
anno1.g10998.t1	A	anno1.g12.t1	A
anno1.g10999.t2	A	anno1.g11.t1	A
anno1.g11000.t3	A	anno1.g7.t7	A
anno1.g11001.t1	A	anno1.g8.t1	A
anno1.g11002.t2	A	anno1.g6.t1	A
anno1.g11004.t1	A	anno1.g1.t1	A
anno1.g11005.t1	A	anno1.g1805.t1	X
anno1.g11006.t1	A	anno1.g2.t1	A
anno1.g11007.t1	A	anno1.g3.t1	A
anno1.g11008.t1	A	anno1.g4.t1	A
anno1.g11009.t1	A	anno1.g8706.t1	A
anno1.g11010.t1	A	anno1.g85.t1	A
anno1.g11011.t1	A	anno1.g89.t2	A
anno1.g11012.t1	A	anno1.g90.t1	A
anno1.g11013.t1	A	anno1.g91.t1	A
anno1.g11015.t1	A	anno1.g92.t2	A
anno1.g11016.t1	A	anno1.g94.t1	A
anno1.g11020.t1	A	anno1.g96.t1	A
anno1.g11021.t1	A	anno1.g97.t1	A
anno1.g11022.t1	A	anno1.g98.t1	A
anno1.g11023.t1	A	anno1.g100.t1	A
anno1.g11024.t1	A	anno1.g101.t1	A
anno1.g11025.t1	A	anno1.g804.t2	A
anno1.g11026.t1	A	anno1.g805.t1	A
anno1.g11028.t1	A	anno1.g806.t1	A
anno1.g11029.t1	A	anno1.g808.t1	A
anno1.g11030.t1	A	anno1.g807.t1	A
anno1.g11031.t1	A	anno1.g809.t1	A
anno1.g11032.t1	A	anno1.g810.t1	A
anno1.g11033.t1	A	anno1.g811.t1	A
anno1.g11034.t1	A	anno1.g812.t1	A
anno1.g11036.t1	A	anno1.g813.t1	A
anno1.g11037.t1	A	anno1.g1147.t1	A
anno1.g11038.t1	A	anno1.g1146.t1	A
anno1.g11041.t1	A	anno1.g1143.t1	A
anno1.g11042.t1	A	anno1.g1144.t1	A
anno1.g11043.t1	A	anno1.g1142.t1	A
anno1.g11044.t3	A	anno1.g1141.t2	A
anno1.g11045.t1	A	anno1.g1140.t1	A
anno1.g11046.t1	A	anno1.g1139.t1	A
anno1.g11047.t2	A	anno1.g1138.t3	A
anno1.g11048.t3	A	anno1.g1137.t3	A
anno1.g11049.t1	A	anno1.g1136.t1	A
anno1.g11050.t1	A	anno1.g1135.t2	A
anno1.g11051.t1	A	anno1.g1134.t1	A
anno1.g11052.t1	A	anno1.g1133.t1	A
anno1.g11053.t1	A	anno1.g1131.t1	A
anno1.g11054.t1	A	anno1.g1130.t1	A
anno1.g11055.t1	A	anno1.g1129.t1	A
anno1.g11056.t1	A	anno1.g1128.t1	A
anno1.g11057.t1	A	anno1.g1126.t1	A
anno1.g11058.t1	A	anno1.g1127.t1	A
anno1.g11059.t1	A	anno1.g1124.t1	A
anno1.g11060.t1	A	anno1.g1121.t1	A
anno1.g11061.t1	A	anno1.g1120.t1	A
anno1.g11062.t2	A	anno1.g1118.t1	A
anno1.g11063.t1	A	anno1.g1117.t1	A
anno1.g11064.t4	A	anno1.g1116.t2	A
anno1.g11065.t1	A	anno1.g1114.t1	A
anno1.g11067.t1	A	anno1.g1113.t1	A
anno1.g11069.t1	A	anno1.g4708.t1	A
anno1.g11070.t5	A	anno1.g1109.t6	A
anno1.g11071.t1	A	anno1.g1106.t1	A
anno1.g11072.t1	A	anno1.g1105.t1	A
anno1.g11073.t2	A	anno1.g1104.t1	A
anno1.g11074.t1	A	anno1.g1102.t1	A
anno1.g11075.t1	A	anno1.g1101.t1	A
anno1.g11077.t1	A	anno1.g1099.t1	A
anno1.g11078.t1	A	anno1.g1098.t1	A
anno1.g11079.t1	A	anno1.g1097.t1	A
anno1.g11080.t1	A	anno1.g1096.t1	A
anno1.g11081.t1	A	anno1.g1094.t2	A
anno1.g11082.t1	A	anno1.g1093.t1	A
anno1.g11083.t4	A	anno1.g1092.t3	A
anno1.g11084.t1	A	anno1.g1091.t1	A
anno1.g11085.t1	A	anno1.g1090.t1	A
anno1.g11086.t1	A	anno1.g1089.t2	A
anno1.g11087.t1	A	anno1.g1088.t1	A
anno1.g11088.t1	A	anno1.g1087.t1	A
anno1.g11089.t1	A	anno1.g1086.t3	A
anno1.g11091.t1	A	anno1.g1081.t2	A
anno1.g11093.t1	A	anno1.g1050.t1	A
anno1.g11094.t1	A	anno1.g7917.t1	A
anno1.g11095.t2	A	anno1.g1078.t1	A
anno1.g11096.t1	A	anno1.g1077.t1	A
anno1.g11097.t1	A	anno1.g119.t3	A
anno1.g11099.t1	A	anno1.g118.t1	A
anno1.g11100.t1	A	anno1.g114.t1	A
anno1.g11101.t1	A	anno1.g113.t1	A
anno1.g11102.t1	A	anno1.g112.t1	A
anno1.g11103.t3	A	anno1.g111.t1	A
anno1.g11105.t1	A	anno1.g110.t1	A
anno1.g11106.t1	A	anno1.g109.t1	A
anno1.g11107.t1	A	anno1.g107.t1	A
anno1.g11108.t1	A	anno1.g106.t1	A
anno1.g11109.t1	A	anno1.g105.t1	A
anno1.g11110.t1	A	anno1.g83.t1	A
anno1.g11111.t1	A	anno1.g82.t1	A
anno1.g11112.t1	A	anno1.g81.t1	A
anno1.g11113.t1	A	anno1.g80.t1	A
anno1.g11116.t1	A	anno1.g78.t3	A
anno1.g11119.t1	A	anno1.g75.t1	A
anno1.g11120.t2	A	anno1.g76.t1	A
anno1.g11121.t1	A	anno1.g73.t1	A
anno1.g11125.t1	A	anno1.g71.t1	A
anno1.g11126.t3	A	anno1.g70.t1	A
anno1.g11127.t1	A	anno1.g69.t1	A
anno1.g11128.t1	A	anno1.g67.t1	A
anno1.g11129.t1	A	anno1.g66.t1	A
anno1.g11130.t1	A	anno1.g1456.t1	A
anno1.g11131.t1	A	anno1.g1455.t1	A
anno1.g11136.t2	A	anno1.g1435.t1	A
anno1.both_agree_g20471.t1	A	anno1.g11786.t1	A
anno1.g11141.t1	A	anno1.g271.t2	A
anno1.g11142.t1	A	anno1.g273.t1	A
anno1.g11143.t1	A	anno1.g293.t1	A
anno1.g11144.t1	A	anno1.g276.t2	A
anno1.g11145.t2	A	anno1.g290.t1	A
anno1.g11146.t1	A	anno1.g278.t2	A
anno1.g11147.t1	A	anno1.g288.t1	A
anno1.g11148.t1	A	anno1.g287.t1	A
anno1.g11150.t1	A	anno1.g286.t1	A
anno1.g11152.t1	A	anno1.g297.t1	A
anno1.g11153.t2	A	anno1.g377.t2	A
anno1.g11154.t2	A	anno1.g375.t2	A
anno1.g11155.t1	A	anno1.g373.t1	A
anno1.g11156.t1	A	anno1.g372.t1	A
anno1.g11157.t1	A	anno1.g371.t1	A
anno1.g11158.t1	A	anno1.g370.t2	A
anno1.g11159.t1	A	anno1.g368.t1	A
anno1.g11160.t2	A	anno1.g367.t1	A
anno1.g11162.t1	A	anno1.g366.t1	A
anno1.g11163.t1	A	anno1.g365.t1	A
anno1.g11164.t1	A	anno1.g363.t1	A
anno1.g11165.t1	A	anno1.g362.t1	A
anno1.g11166.t1	A	anno1.g361.t1	A
anno1.g11167.t1	A	anno1.g360.t2	A
anno1.g11168.t1	A	anno1.g359.t1	A
anno1.g11169.t1	A	anno1.g14707.t1	A
anno1.g11170.t1	A	anno1.g14706.t1	A
anno1.g11171.t1	A	anno1.g14705.t1	A
anno1.both_agree_g20522.t1	A	anno1.g354.t1	A
anno1.g11175.t1	A	anno1.g353.t1	A
anno1.g11176.t1	A	anno1.g14698.t1	A
anno1.g11177.t1	A	anno1.g99.t1	A
anno1.g11178.t1	A	anno1.g14697.t1	A
anno1.g11179.t1	A	anno1.g14696.t1	A
anno1.g11180.t1	A	anno1.g14695.t1	A
anno1.g11181.t1	A	anno1.g14693.t2	A
anno1.g11182.t1	A	anno1.g14692.t1	A
anno1.g11183.t2	A	anno1.g14691.t2	A
anno1.g11184.t1	A	anno1.g342.t1	A
anno1.g11185.t1	A	anno1.g346.t1	A
anno1.g11186.t1	A	anno1.g341.t1	A
anno1.g11187.t1	A	anno1.g340.t2	A
anno1.g11188.t2	A	anno1.g343.t1	A
anno1.g11189.t1	A	anno1.g338.t1	A
anno1.g11191.t1	A	anno1.g337.t1	A
anno1.g11192.t1	A	anno1.g315.t1	A
anno1.g11193.t1	A	anno1.g316.t1	A
anno1.g11194.t1	A	anno1.g317.t1	A
anno1.g11195.t1	A	anno1.g319.t1	A
anno1.g11196.t1	A	anno1.g320.t1	A
anno1.g11197.t1	A	anno1.g321.t1	A
anno1.g11198.t1	A	anno1.g322.t2	A
anno1.g11199.t1	A	anno1.g323.t1	A
anno1.g11200.t1	A	anno1.g57.t1	A
anno1.g11201.t1	A	anno1.g56.t1	A
anno1.g11202.t1	A	anno1.g55.t1	A
anno1.g11203.t1	A	anno1.g54.t1	A
anno1.g11204.t1	A	anno1.g23.t1	A
anno1.g11205.t1	A	anno1.g50.t1	A
anno1.g11206.t1	A	anno1.g24.t1	A
anno1.g11207.t1	A	anno1.g48.t2	A
anno1.g11208.t1	A	anno1.g27.t1	A
anno1.g11209.t1	A	anno1.g46.t1	A
anno1.g11210.t1	A	anno1.g29.t2	A
anno1.g11211.t1	A	anno1.g44.t2	A
anno1.g11213.t1	A	anno1.g38.t1	A
anno1.g11214.t2	A	anno1.g39.t2	A
anno1.g11215.t1	A	anno1.g40.t1	A
anno1.g11217.t1	A	anno1.g149.t1	A
anno1.g11218.t1	A	anno1.g136.t1	A
anno1.g11219.t1	A	anno1.g135.t1	A
anno1.g11220.t1	A	anno1.g328.t1	A
anno1.g11221.t1	A	anno1.g161.t1	A
anno1.g11222.t2	A	anno1.g163.t4	A
anno1.g11223.t1	A	anno1.g159.t1	A
anno1.g11224.t1	A	anno1.g158.t1	A
anno1.g11225.t1	A	anno1.g165.t1	A
anno1.g11226.t1	A	anno1.g154.t1	A
anno1.g11227.t1	A	anno1.g168.t1	A
anno1.g11228.t1	A	anno1.g1324.t1	A
anno1.g11229.t1	A	anno1.g14372.t1	A
anno1.g11231.t1	A	anno1.g1330.t1	A
anno1.g11232.t1	A	anno1.g1331.t1	A
anno1.g11233.t1	A	anno1.g1332.t1	A
anno1.g11234.t1	A	anno1.g1333.t1	A
anno1.g11235.t1	A	anno1.g1334.t1	A
anno1.g11236.t2	A	anno1.g1335.t2	A
anno1.g11237.t1	A	anno1.g1336.t1	A
anno1.g11238.t1	A	anno1.g1337.t1	A
anno1.g11239.t1	A	anno1.g1338.t1	A
anno1.g11241.t1	A	anno1.g1339.t1	A
anno1.g11242.t1	A	anno1.g1340.t1	A
anno1.g11243.t2	A	anno1.g1344.t1	A
anno1.g11244.t2	A	anno1.g1345.t2	A
anno1.g11245.t2	A	anno1.g1346.t2	A
anno1.g11246.t2	A	anno1.g1348.t2	A
anno1.g11247.t1	A	anno1.g1349.t1	A
anno1.g11248.t1	A	anno1.g1350.t1	A
anno1.g11249.t2	A	anno1.g1351.t1	A
anno1.g11250.t2	A	anno1.g1352.t1	A
anno1.g11252.t1	A	anno1.g1353.t1	A
anno1.g11254.t1	A	anno1.g1356.t1	A
anno1.g11255.t2	A	anno1.g1355.t1	A
anno1.g11256.t1	A	anno1.g1360.t1	A
anno1.g11257.t1	A	anno1.g12231.t1	A
anno1.g11260.t2	A	anno1.g1365.t1	A
anno1.g11261.t1	A	anno1.g1364.t1	A
anno1.g11263.t1	A	anno1.g1379.t1	A
anno1.g11264.t1	A	anno1.g1380.t1	A
anno1.g11265.t1	A	anno1.g1381.t2	A
anno1.g11266.t1	A	anno1.g1382.t1	A
anno1.g11267.t1	A	anno1.g1383.t1	A
anno1.g11268.t1	A	anno1.g1388.t1	A
anno1.g11269.t1	A	anno1.g1389.t1	A
anno1.g11270.t1	A	anno1.g1386.t2	A
anno1.g11271.t1	A	anno1.g1390.t2	A
anno1.g11272.t1	A	anno1.g1391.t1	A
anno1.g11273.t1	A	anno1.g1392.t1	A
anno1.g11274.t1	A	anno1.g1393.t1	A
anno1.g11275.t1	A	anno1.g1395.t1	A
anno1.g11276.t1	A	anno1.g1396.t3	A
anno1.g11277.t1	A	anno1.g1397.t1	A
anno1.g11278.t1	A	anno1.g1398.t1	A
anno1.g11280.t1	A	anno1.g1407.t1	A
anno1.g11281.t1	A	anno1.g1415.t2	A
anno1.g11282.t1	A	anno1.g1416.t2	A
anno1.g11283.t1	A	anno1.g1417.t1	A
anno1.g11284.t1	A	anno1.g1418.t1	A
anno1.g11285.t1	A	anno1.g1419.t1	A
anno1.g11286.t1	A	anno1.g1420.t1	A
anno1.g11287.t1	A	anno1.g1413.t1	A
anno1.g11288.t1	A	anno1.g1422.t1	A
anno1.g11289.t1	A	anno1.g1423.t1	A
anno1.g11290.t1	A	anno1.g1424.t1	A
anno1.g11291.t1	A	anno1.g1426.t1	A
anno1.g11292.t1	A	anno1.g1427.t1	A
anno1.g11293.t1	A	anno1.g1428.t1	A
anno1.g11294.t1	A	anno1.g1429.t1	A
anno1.g11296.t1	A	anno1.g14517.t1	A
anno1.g11297.t1	A	anno1.g1430.t1	A
anno1.g11298.t1	A	anno1.g14520.t1	A
anno1.g11300.t1	A	anno1.g1431.t1	A
anno1.g11301.t1	A	anno1.g1472.t1	A
anno1.g11302.t1	A	anno1.g1467.t2	A
anno1.g11303.t1	A	anno1.g1469.t3	A
anno1.g11306.t2	A	anno1.g1466.t3	A
anno1.g11307.t1	A	anno1.g1464.t1	A
anno1.g11308.t1	A	anno1.g1463.t1	A
anno1.g11309.t1	A	anno1.g1461.t2	A
anno1.g11310.t1	A	anno1.g1460.t1	A
anno1.g11311.t1	A	anno1.g1459.t2	A
anno1.g11312.t1	A	anno1.g1458.t1	A
anno1.g11313.t1	A	anno1.g1457.t1	A
anno1.g11314.t1	A	anno1.g65.t1	A
anno1.g11315.t1	A	anno1.g188.t2	A
anno1.g11317.t3	A	anno1.g190.t1	A
anno1.g11318.t1	A	anno1.g191.t1	A
anno1.g11319.t1	A	anno1.g192.t1	A
anno1.g11320.t1	A	anno1.g193.t1	A
anno1.g11321.t2	A	anno1.g194.t1	A
anno1.g11327.t2	A	anno1.g195.t1	A
anno1.g11328.t1	A	anno1.g196.t1	A
anno1.g11329.t1	A	anno1.g197.t2	A
anno1.g11331.t2	A	anno1.g198.t1	A
anno1.g11333.t2	A	anno1.g199.t1	A
anno1.g11334.t1	A	anno1.g200.t1	A
anno1.g11335.t1	A	anno1.g201.t1	A
anno1.g11336.t1	A	anno1.g202.t1	A
anno1.g11337.t1	A	anno1.g204.t1	A
anno1.g11338.t1	A	anno1.g205.t1	A
anno1.g11339.t1	A	anno1.g206.t1	A
anno1.g11340.t1	A	anno1.g207.t2	A
anno1.g11341.t1	A	anno1.g208.t1	A
anno1.g11342.t1	A	anno1.g209.t1	A
anno1.g11343.t1	A	anno1.g210.t1	A
anno1.g11344.t2	A	anno1.g211.t1	A
anno1.g11345.t1	A	anno1.g212.t2	A
anno1.g11346.t1	A	anno1.g214.t1	A
anno1.g11347.t1	A	anno1.g215.t1	A
anno1.g11348.t1	A	anno1.g216.t1	A
anno1.g11349.t1	A	anno1.g217.t2	A
anno1.g11350.t1	A	anno1.g218.t1	A
anno1.g11351.t1	A	anno1.g219.t1	A
anno1.g11352.t1	A	anno1.g220.t1	A
anno1.g11353.t1	A	anno1.g223.t1	A
anno1.g11354.t1	A	anno1.g224.t1	A
anno1.g11355.t1	A	anno1.g225.t1	A
anno1.g11356.t1	A	anno1.g226.t1	A
anno1.g11357.t1	A	anno1.g227.t1	A
anno1.g11358.t1	A	anno1.g228.t2	A
anno1.g11359.t1	A	anno1.g229.t1	A
anno1.g11360.t1	A	anno1.g230.t1	A
anno1.g11362.t1	A	anno1.g232.t1	A
anno1.g11363.t1	A	anno1.g233.t1	A
anno1.g11364.t1	A	anno1.g234.t1	A
anno1.g11365.t1	A	anno1.g236.t1	A
anno1.g11366.t1	A	anno1.g235.t1	A
anno1.g11367.t1	A	anno1.g237.t1	A
anno1.g11368.t1	A	anno1.g238.t1	A
anno1.g11369.t1	A	anno1.g239.t1	A
anno1.g11371.t1	A	anno1.g1541.t1	A
anno1.g11372.t1	A	anno1.g240.t1	A
anno1.g11373.t1	A	anno1.g241.t1	A
anno1.g11376.t1	A	anno1.g243.t1	A
anno1.g11377.t1	A	anno1.g244.t2	A
anno1.g11378.t1	A	anno1.g250.t2	A
anno1.g11379.t1	A	anno1.g252.t3	A
anno1.g11380.t1	A	anno1.g256.t1	A
anno1.g11381.t1	A	anno1.g308.t1	A
anno1.g11382.t1	A	anno1.g307.t1	A
anno1.g11383.t1	A	anno1.g253.t1	A
anno1.g11385.t1	A	anno1.g299.t1	A
anno1.g11386.t2	A	anno1.g267.t1	A
anno1.g11387.t1	A	anno1.g268.t1	A
anno1.g11390.t1	A	anno1.g1499.t2	A
anno1.g11391.t1	A	anno1.g1500.t1	A
anno1.g11392.t1	A	anno1.g1502.t1	A
anno1.g11393.t1	A	anno1.g1503.t1	A
anno1.g11394.t1	A	anno1.g1504.t1	A
anno1.g11395.t1	A	anno1.g1505.t1	A
anno1.both_agree_g20798.t3	A	anno1.g1506.t1	A
anno1.g11397.t1	A	anno1.g1507.t1	A
anno1.g11398.t1	A	anno1.g1609.t1	A
anno1.g11399.t1	A	anno1.g1611.t1	A
anno1.g11401.t1	A	anno1.g1613.t1	A
anno1.g11402.t2	A	anno1.g1614.t2	A
anno1.g11404.t1	A	anno1.g1615.t1	A
anno1.g11408.t1	A	anno1.g1617.t1	A
anno1.g11409.t1	A	anno1.g1619.t1	A
anno1.g11410.t1	A	anno1.g1620.t1	A
anno1.g11411.t2	A	anno1.g1621.t1	A
anno1.g11412.t1	A	anno1.g1623.t1	A
anno1.g11413.t1	A	anno1.g1624.t1	A
anno1.g11414.t1	A	anno1.g1625.t2	A
anno1.g11415.t1	A	anno1.g1628.t1	A
anno1.g11416.t1	A	anno1.g1640.t1	A
anno1.g11417.t1	A	anno1.g1626.t1	A
anno1.g11419.t1	A	anno1.g1638.t1	A
anno1.g11418.t1	A	anno1.g1637.t1	A
anno1.g11420.t1	A	anno1.g1631.t1	A
anno1.g11421.t1	A	anno1.g1635.t1	A
anno1.g11424.t1	A	anno1.g1557.t1	A
anno1.g11425.t1	A	anno1.g1551.t2	A
anno1.g11426.t1	A	anno1.g1549.t1	A
anno1.g11427.t1	A	anno1.g1542.t1	A
anno1.g11429.t1	A	anno1.g1540.t1	A
anno1.g11435.t1	A	anno1.g1539.t1	A
anno1.g11436.t1	A	anno1.g1538.t2	A
anno1.g11437.t1	A	anno1.g1537.t1	A
anno1.g11438.t1	A	anno1.g1521.t1	A
anno1.g11439.t2	A	anno1.g1522.t2	A
anno1.g11440.t1	A	anno1.g1523.t1	A
anno1.g11441.t1	A	anno1.g1524.t1	A
anno1.g11442.t2	A	anno1.g1525.t2	A
anno1.g11445.t1	A	anno1.g1527.t1	A
anno1.g11447.t1	A	anno1.g1528.t1	A
anno1.g11449.t2	A	anno1.g435.t1	A
anno1.g11450.t1	A	anno1.g1533.t1	A
anno1.g11452.t3	A	anno1.g1535.t2	A
anno1.g11453.t1	A	anno1.g1510.t1	A
anno1.g11454.t2	A	anno1.g1511.t2	A
anno1.g11455.t2	A	anno1.g1512.t2	A
anno1.g11456.t2	A	anno1.g1513.t2	A
anno1.g11457.t1	A	anno1.g1515.t2	A
anno1.g11458.t2	A	anno1.g1519.t1	A
anno1.g11459.t1	A	anno1.g1520.t1	A
anno1.g11460.t1	A	anno1.g1514.t1	A
anno1.g11461.t1	A	anno1.g1508.t1	A
anno1.g11462.t1	A	anno1.g1509.t1	A
anno1.g11465.t1	A	anno1.g1588.t1	A
anno1.g11468.t1	A	anno1.g1589.t1	A
anno1.g11469.t1	A	anno1.g1591.t1	A
anno1.g11470.t1	A	anno1.g1592.t1	A
anno1.g11471.t1	A	anno1.g1594.t1	A
anno1.g11472.t1	A	anno1.g1593.t1	A
anno1.g11473.t1	A	anno1.g1595.t2	A
anno1.g11475.t1	A	anno1.g1599.t2	A
anno1.g11476.t1	A	anno1.g1600.t2	A
anno1.g11477.t1	A	anno1.g1601.t1	A
anno1.g11478.t1	A	anno1.g1602.t1	A
anno1.g11480.t1	A	anno1.g1586.t1	A
anno1.g11481.t1	A	anno1.g1587.t1	A
anno1.g11482.t1	A	anno1.g1608.t1	A
anno1.g11483.t1	A	anno1.g1607.t1	A
anno1.g11484.t1	A	anno1.g1605.t1	A
anno1.g11485.t2	A	anno1.g1603.t2	A
anno1.g11486.t1	A	anno1.g1584.t1	A
anno1.g11487.t1	A	anno1.g1583.t1	A
anno1.g11488.t1	A	anno1.g1581.t2	A
anno1.g11490.t1	A	anno1.g1580.t1	A
anno1.g11491.t1	A	anno1.g1579.t1	A
anno1.g11493.t1	A	anno1.g1578.t1	A
anno1.g11494.t2	A	anno1.g1645.t1	A
anno1.g11495.t1	A	anno1.g1634.t1	A
anno1.g11496.t1	A	anno1.g1562.t1	A
anno1.g11498.t1	A	anno1.g1567.t1	A
anno1.g11499.t1	A	anno1.g1566.t1	A
anno1.g11501.t1	A	anno1.g1568.t1	A
anno1.g11502.t1	A	anno1.g1572.t1	A
anno1.g11503.t1	A	anno1.g1571.t1	A
anno1.g11504.t1	A	anno1.g1570.t1	A
anno1.g11505.t2	A	anno1.g1569.t5	A
anno1.g11506.t1	A	anno1.g7914.t1	A
anno1.g11507.t1	A	anno1.g1573.t1	A
anno1.g11512.t1	A	anno1.g1575.t6	A
anno1.g11514.t1	A	anno1.g1646.t1	A
anno1.g11515.t2	A	anno1.g1647.t2	A
anno1.g11516.t1	A	anno1.g102.t1	A
anno1.g11517.t1	A	anno1.g1648.t1	A
anno1.g11518.t1	A	anno1.g1649.t1	A
anno1.g11519.t1	A	anno1.g1650.t1	A
anno1.g11520.t1	A	anno1.g1651.t2	A
anno1.g11525.t1	X	anno1.g2414.t1	A
anno1.g11526.t1	X	anno1.g6864.t1	A
anno1.g11527.t1	X	anno1.g1040.t1	A
anno1.g11540.t1	X	anno1.g12911.t1	A
anno1.g11541.t1	X	anno1.g2046.t1	X
anno1.g11542.t1	X	anno1.g1795.t1	X
anno1.g11543.t1	X	anno1.g2047.t1	X
anno1.g11544.t1	X	anno1.g2069.t2	X
anno1.g11546.t1	X	anno1.g2068.t1	X
anno1.g11548.t1	X	anno1.g2066.t1	X
anno1.g11556.t1	X	anno1.g2067.t1	X
anno1.g11557.t1	X	anno1.g2052.t1	X
anno1.g11558.t1	X	anno1.g2050.t1	X
anno1.g11559.t1	X	anno1.g2051.t1	X
anno1.g11571.t1	X	anno1.g14049.t1	A
anno1.g11586.t1	X	anno1.g7292.t1	A
anno1.g11597.t1	X	anno1.g12069.t1	A
anno1.g11603.t1	X	anno1.g2596.t1	A
anno1.g11620.t1	X	anno1.g5049.t1	A
anno1.g11635.t1	X	anno1.g3130.t1	A
anno1.g11645.t1	X	anno1.g4901.t1	A
anno1.g11667.t1	X	anno1.g3473.t1	A
anno1.g11689.t1	X	anno1.g838.t1	A
anno1.g11696.t1	X	anno1.g14037.t1	A
anno1.g11700.t1	X	anno1.g14199.t1	A
anno1.g11709.t1	X	anno1.g12797.t1	A
anno1.g11729.t1	X	anno1.g14081.t1	A
anno1.g11735.t1	X	anno1.g12151.t1	A
anno1.g11742.t1	X	anno1.g8981.t1	A
anno1.g11757.t1	X	anno1.g9492.t1	A
anno1.g11765.t1	X	anno1.g5166.t1	A
anno1.g11784.t1	X	anno1.g3622.t1	A
anno1.g11817.t1	X	anno1.g4814.t1	A
anno1.g11819.t1	X	anno1.g11239.t1	A
anno1.g11826.t1	X	anno1.g4463.t1	A
anno1.g11828.t1	X	anno1.g7740.t1	A
anno1.g11830.t1	X	anno1.g14170.t1	A
anno1.g11836.t1	X	anno1.g2239.t1	X
anno1.g11840.t1	X	anno1.g2238.t1	X
anno1.g11843.t2	X	anno1.g1802.t1	X
anno1.g11844.t1	X	anno1.g2118.t1	X
anno1.g11845.t1	X	anno1.g2163.t1	X
anno1.g11847.t1	X	anno1.g2119.t1	X
anno1.g11849.t1	X	anno1.g1803.t1	X
anno1.g11850.t1	X	anno1.g1717.t1	X
anno1.g11851.t1	X	anno1.g2124.t1	X
anno1.g11852.t1	X	anno1.g2080.t1	X
anno1.g11853.t1	X	anno1.g1798.t1	X
anno1.g11855.t1	X	anno1.g2165.t2	X
anno1.g11856.t1	X	anno1.g2164.t1	X
anno1.g11857.t1	X	anno1.g1977.t2	X
anno1.g11859.t1	X	anno1.g1800.t1	X
anno1.g11861.t1	X	anno1.g1799.t1	X
anno1.g11888.t1	X	anno1.g1723.t1	X
anno1.g11890.t2	X	anno1.g1815.t1	X
anno1.g11891.t1	X	anno1.g1816.t1	X
anno1.g11892.t1	X	anno1.g1818.t1	X
anno1.g11893.t1	X	anno1.g1875.t1	X
anno1.g11894.t1	X	anno1.g1874.t1	X
anno1.g11895.t1	X	anno1.g1873.t1	X
anno1.g11896.t1	X	anno1.g1872.t1	X
anno1.g11897.t1	X	anno1.g1869.t1	X
anno1.g11898.t1	X	anno1.g1916.t1	X
anno1.g11899.t1	X	anno1.g1917.t1	X
anno1.g11900.t1	X	anno1.g1918.t1	X
anno1.g11901.t1	X	anno1.g1920.t1	X
anno1.g11902.t2	X	anno1.g1909.t2	X
anno1.g11903.t2	X	anno1.g1908.t2	X
anno1.g11904.t3	X	anno1.g1907.t1	X
anno1.g11905.t1	X	anno1.g1906.t1	X
anno1.g11906.t1	X	anno1.g1905.t1	X
anno1.g11907.t1	X	anno1.g1904.t1	X
anno1.g11908.t1	X	anno1.g1903.t1	X
anno1.g11909.t1	X	anno1.g1902.t1	X
anno1.g11910.t1	X	anno1.g1991.t1	X
anno1.g11911.t1	X	anno1.g1990.t1	X
anno1.g11913.t2	X	anno1.g1989.t6	X
anno1.g11914.t2	X	anno1.g1863.t5	X
anno1.g11915.t1	X	anno1.g1864.t1	X
anno1.g11916.t4	X	anno1.g1865.t5	X
anno1.g11919.t1	X	anno1.g1867.t1	X
anno1.g11920.t1	X	anno1.g1868.t1	X
anno1.g11921.t2	X	anno1.g3426.t1	A
anno1.g11922.t1	X	anno1.g1915.t1	X
anno1.g11923.t1	X	anno1.g1914.t1	X
anno1.g11924.t1	X	anno1.g1913.t2	X
anno1.g11925.t1	X	anno1.g1912.t1	X
anno1.g11926.t1	X	anno1.g1911.t1	X
anno1.g11927.t1	X	anno1.g1910.t1	X
anno1.g11928.t2	X	anno1.g1922.t1	X
anno1.g11929.t1	X	anno1.g1923.t1	X
anno1.g11930.t1	X	anno1.g1924.t1	X
anno1.g11931.t2	X	anno1.g1925.t1	X
anno1.g11932.t1	X	anno1.g1926.t1	X
anno1.g11933.t1	X	anno1.g1928.t1	X
anno1.g11934.t1	X	anno1.g1929.t1	X
anno1.g11935.t2	X	anno1.g1930.t2	X
anno1.g11936.t2	X	anno1.g1931.t3	X
anno1.g11938.t1	X	anno1.g1932.t1	X
anno1.g11939.t1	X	anno1.g1933.t1	X
anno1.g11941.t2	X	anno1.g1934.t3	X
anno1.g11942.t1	X	anno1.g1935.t1	X
anno1.g11943.t1	X	anno1.g1936.t1	X
anno1.g11944.t1	X	anno1.g1937.t2	X
anno1.g11945.t1	X	anno1.g1761.t1	X
anno1.g11946.t1	X	anno1.g1762.t1	X
anno1.g11948.t1	X	anno1.g1763.t1	X
anno1.g11949.t1	X	anno1.g2054.t3	X
anno1.g11950.t1	X	anno1.g2055.t1	X
anno1.g11951.t2	X	anno1.g2056.t1	X
anno1.g11952.t2	X	anno1.g2059.t1	X
anno1.g11953.t1	X	anno1.g2058.t1	X
anno1.g11954.t1	X	anno1.g2057.t1	X
anno1.g11955.t1	X	anno1.g2060.t2	X
anno1.g11956.t1	X	anno1.g2061.t1	X
anno1.g11957.t2	X	anno1.g2062.t1	X
anno1.g11958.t2	X	anno1.g2063.t2	X
anno1.g11960.t1	X	anno1.g433.t1	A
anno1.g11969.t1	X	anno1.g2027.t2	X
anno1.g11970.t1	X	anno1.g2002.t2	X
anno1.g11971.t2	X	anno1.g2001.t1	X
anno1.g11972.t1	X	anno1.g2000.t1	X
anno1.g11973.t2	X	anno1.g1999.t4	X
anno1.g11974.t2	X	anno1.g1998.t3	X
anno1.g11975.t1	X	anno1.g11868.t1	A
anno1.g11976.t1	X	anno1.g1997.t1	X
anno1.g11977.t1	X	anno1.g2237.t1	X
anno1.g11978.t2	X	anno1.g2232.t1	X
anno1.g11979.t1	X	anno1.g2231.t5	X
anno1.g11980.t1	X	anno1.g2230.t1	X
anno1.g11982.t1	X	anno1.g2226.t1	X
anno1.g11983.t1	X	anno1.g2225.t2	X
anno1.g11985.t1	X	anno1.g2224.t1	X
anno1.g11987.t1	X	anno1.g2205.t2	X
anno1.g11988.t1	X	anno1.g1742.t1	X
anno1.g11989.t1	X	anno1.g1743.t1	X
anno1.g11990.t1	X	anno1.g1744.t2	X
anno1.g11991.t1	X	anno1.g1747.t1	X
anno1.g11992.t1	X	anno1.g1748.t1	X
anno1.g11993.t1	X	anno1.g1749.t1	X
anno1.g11994.t1	X	anno1.g1750.t1	X
anno1.g11995.t1	X	anno1.g2188.t3	X
anno1.g11996.t2	X	anno1.g11017.t2	A
anno1.g11997.t1	X	anno1.g2190.t1	X
anno1.g11998.t1	X	anno1.g2191.t1	X
anno1.g11999.t1	X	anno1.g2185.t1	X
anno1.g12000.t2	X	anno1.g2186.t2	X
anno1.g12001.t2	X	anno1.g2236.t1	X
anno1.g12003.t1	X	anno1.g2234.t1	X
anno1.g12004.t2	X	anno1.g1996.t1	X
anno1.g12005.t1	X	anno1.g1995.t1	X
anno1.g12006.t1	X	anno1.g1994.t3	X
anno1.g12007.t1	X	anno1.g1993.t2	X
anno1.g12008.t1	X	anno1.g1901.t1	X
anno1.g12009.t2	X	anno1.g1900.t1	X
anno1.g12010.t1	X	anno1.g1804.t1	X
anno1.g12011.t1	X	anno1.g2097.t1	X
anno1.g12012.t1	X	anno1.g2098.t1	X
anno1.g12013.t1	X	anno1.g2100.t1	X
anno1.g12014.t1	X	anno1.g2101.t2	X
anno1.g12015.t5	X	anno1.g2102.t1	X
anno1.g12016.t1	X	anno1.g2104.t1	X
anno1.g12017.t2	X	anno1.g2105.t1	X
anno1.g12018.t1	X	anno1.g2106.t1	X
anno1.g12019.t1	X	anno1.g2107.t4	X
anno1.g12020.t1	X	anno1.g2108.t1	X
anno1.g12021.t1	X	anno1.g2109.t2	X
anno1.g12022.t1	X	anno1.g1959.t1	X
anno1.g12023.t1	X	anno1.g1958.t1	X
anno1.g12024.t1	X	anno1.g1978.t1	X
anno1.g12026.t1	X	anno1.g2233.t1	X
anno1.g12027.t1	X	anno1.g2123.t1	X
anno1.g12028.t1	X	anno1.g2122.t1	X
anno1.g12029.t1	X	anno1.g2121.t1	X
anno1.g12030.t1	X	anno1.g2126.t1	X
anno1.g12031.t2	X	anno1.g2125.t3	X
anno1.g12032.t1	X	anno1.g2169.t1	X
anno1.g12033.t1	X	anno1.g2120.t2	X
anno1.g12034.t1	X	anno1.g2127.t2	X
anno1.g12035.t1	X	anno1.g2113.t1	X
anno1.g12036.t2	X	anno1.g2114.t1	X
anno1.g12037.t1	X	anno1.g2115.t1	X
anno1.g12038.t1	X	anno1.g2116.t1	X
anno1.g12039.t1	X	anno1.g2117.t1	X
anno1.g12040.t1	X	anno1.g2029.t1	X
anno1.g12041.t2	X	anno1.g2031.t2	X
anno1.g12042.t3	X	anno1.g1794.t3	X
anno1.g12043.t1	X	anno1.g1793.t1	X
anno1.g12044.t2	X	anno1.g1792.t2	X
anno1.g12045.t1	X	anno1.g1791.t1	X
anno1.g12047.t1	X	anno1.g1783.t1	X
anno1.g12048.t1	X	anno1.g1782.t1	X
anno1.g12049.t4	X	anno1.g1781.t4	X
anno1.g12052.t1	X	anno1.g1787.t1	X
anno1.g12053.t1	X	anno1.g2075.t1	X
anno1.g12054.t1	X	anno1.g2076.t1	X
anno1.g12055.t1	X	anno1.g2077.t3	X
anno1.g12056.t1	X	anno1.g2078.t1	X
anno1.g12057.t2	X	anno1.g2079.t2	X
anno1.g12058.t2	X	anno1.g2036.t1	X
anno1.g12059.t1	X	anno1.g2053.t1	X
anno1.g12060.t1	X	anno1.g1739.t1	X
anno1.g12061.t1	X	anno1.g2016.t1	X
anno1.g12062.t1	X	anno1.g2018.t1	X
anno1.g12063.t1	X	anno1.g2019.t4	X
anno1.g12064.t1	X	anno1.g2021.t1	X
anno1.g12065.t1	X	anno1.g2022.t1	X
anno1.g12066.t1	X	anno1.g2023.t1	X
anno1.g12067.t1	X	anno1.g2034.t1	X
anno1.g12068.t4	X	anno1.g2033.t1	X
anno1.g12069.t1	X	anno1.g1962.t1	X
anno1.g12070.t2	X	anno1.g1981.t1	X
anno1.g12072.t3	X	anno1.g1972.t1	X
anno1.g12074.t1	X	anno1.g1974.t1	X
anno1.g12075.t2	X	anno1.g1796.t1	X
anno1.g12076.t2	X	anno1.g1966.t2	X
anno1.g12077.t2	X	anno1.g1720.t1	X
anno1.g12078.t1	X	anno1.g1721.t1	X
anno1.g12079.t1	X	anno1.g1722.t1	X
anno1.g12080.t1	X	anno1.g1822.t1	X
anno1.g12081.t1	X	anno1.g1825.t1	X
anno1.g12082.t1	X	anno1.g1826.t2	X
anno1.g12083.t1	X	anno1.g1828.t3	X
anno1.g12084.t1	X	anno1.g1829.t3	X
anno1.g12086.t1	X	anno1.g1988.t3	X
anno1.g12087.t3	X	anno1.g1987.t1	X
anno1.g12088.t1	X	anno1.g1986.t1	X
anno1.g12090.t1	X	anno1.g1984.t1	X
anno1.g12091.t1	X	anno1.g1983.t3	X
anno1.g12092.t2	X	anno1.g1982.t2	X
anno1.g12093.t1	X	anno1.g2159.t2	X
anno1.g12094.t1	X	anno1.g2161.t1	X
anno1.g12095.t1	X	anno1.g2162.t1	X
anno1.g12096.t1	X	anno1.g2170.t1	X
anno1.g12097.t1	X	anno1.g2172.t1	X
anno1.g12098.t1	X	anno1.g2173.t1	X
anno1.g12099.t1	X	anno1.g2174.t1	X
anno1.g12100.t1	X	anno1.g2175.t1	X
anno1.g12101.t1	X	anno1.g2177.t1	X
anno1.g12102.t1	X	anno1.g2178.t1	X
anno1.g12104.t1	X	anno1.g2180.t1	X
anno1.g12105.t1	X	anno1.g2183.t1	X
anno1.g12106.t1	X	anno1.g2184.t1	X
anno1.g12109.t1	X	anno1.g2204.t1	X
anno1.g12110.t1	X	anno1.g2210.t2	X
anno1.g12111.t1	X	anno1.g2211.t1	X
anno1.g12112.t1	X	anno1.g2212.t1	X
anno1.g12113.t2	X	anno1.g2213.t2	X
anno1.g12114.t1	X	anno1.g2214.t1	X
anno1.g12115.t1	X	anno1.g2216.t1	X
anno1.g12116.t1	X	anno1.g2223.t1	X
anno1.g12117.t1	X	anno1.g2222.t1	X
anno1.g12118.t1	X	anno1.g2221.t3	X
anno1.g12119.t3	X	anno1.g2218.t1	X
anno1.g12121.t1	X	anno1.g2220.t1	X
anno1.g12122.t1	X	anno1.g2194.t1	X
anno1.g12123.t1	X	anno1.g2195.t1	X
anno1.g12124.t1	X	anno1.g2196.t1	X
anno1.g12125.t1	X	anno1.g2197.t2	X
anno1.g12126.t1	X	anno1.g2198.t1	X
anno1.g12127.t1	X	anno1.g2200.t1	X
anno1.g12128.t1	X	anno1.g2201.t1	X
anno1.g12129.t1	X	anno1.g2202.t1	X
anno1.g12130.t1	X	anno1.g2203.t1	X
anno1.g12131.t1	X	anno1.g2209.t1	X
anno1.g12132.t1	X	anno1.g2208.t1	X
anno1.g12133.t1	X	anno1.g2207.t2	X
anno1.g12134.t1	X	anno1.g2206.t1	X
anno1.g12135.t2	X	anno1.g1741.t2	X
anno1.g12136.t1	X	anno1.g1740.t1	X
anno1.g12137.t1	X	anno1.g11050.t1	A
anno1.g12140.t1	X	anno1.g1764.t1	X
anno1.g12141.t3	X	anno1.g1895.t1	X
anno1.g12142.t1	X	anno1.g1896.t1	X
anno1.g12143.t1	X	anno1.g1897.t1	X
anno1.g12144.t1	X	anno1.g1898.t1	X
anno1.g12148.t1	X	anno1.g1810.t1	X
anno1.g12149.t1	X	anno1.g1811.t1	X
anno1.g12150.t1	X	anno1.g1812.t1	X
anno1.g12151.t1	X	anno1.g1813.t1	X
anno1.g12152.t1	X	anno1.g1814.t1	X
anno1.g12153.t1	X	anno1.g1820.t1	X
anno1.g12154.t1	X	anno1.g1819.t1	X
anno1.g12155.t1	X	anno1.g1861.t1	X
anno1.g12156.t1	X	anno1.g1860.t1	X
anno1.g12157.t1	X	anno1.g1751.t3	X
anno1.g12158.t2	X	anno1.g1821.t2	X
anno1.g12159.t1	X	anno1.g2048.t1	X
anno1.g12160.t1	X	anno1.g2049.t1	X
anno1.g12161.t2	X	anno1.g1760.t1	X
anno1.g12163.t1	X	anno1.g1940.t1	X
anno1.g12164.t1	X	anno1.g1939.t1	X
anno1.g12165.t1	X	anno1.g1942.t1	X
anno1.g12166.t1	X	anno1.g1943.t2	X
anno1.g12167.t1	X	anno1.g1944.t1	X
anno1.g12168.t1	X	anno1.g1945.t1	X
anno1.g12169.t1	X	anno1.g1946.t1	X
anno1.g12170.t1	X	anno1.g1947.t1	X
anno1.g12171.t2	X	anno1.g1948.t5	X
anno1.g12173.t1	X	anno1.g1949.t1	X
anno1.g12174.t2	X	anno1.g1950.t1	X
anno1.g12175.t1	X	anno1.g1951.t1	X
anno1.g12176.t1	X	anno1.g1965.t1	X
anno1.g12177.t1	X	anno1.g1718.t1	X
anno1.g12178.t1	X	anno1.g2014.t2	X
anno1.g12179.t1	X	anno1.g2013.t1	X
anno1.g12183.t1	X	anno1.g2010.t1	X
anno1.g12184.t1	X	anno1.g2009.t1	X
anno1.g12185.t1	X	anno1.g2035.t1	X
anno1.g12186.t1	X	anno1.g2028.t1	X
anno1.g12187.t1	X	anno1.g2003.t1	X
anno1.g12188.t1	X	anno1.g2004.t1	X
anno1.g12189.t1	X	anno1.g2006.t1	X
anno1.g12190.t1	X	anno1.g2138.t1	X
anno1.g12191.t1	X	anno1.g2139.t1	X
anno1.g12192.t1	X	anno1.g2140.t1	X
anno1.g12193.t1	X	anno1.g2141.t2	X
anno1.g12194.t1	X	anno1.g2142.t1	X
anno1.g12195.t1	X	anno1.g1759.t2	X
anno1.g12197.t1	X	anno1.g1801.t1	X
anno1.g12198.t1	X	anno1.g2166.t1	X
anno1.g12199.t3	X	anno1.g1797.t3	X
anno1.g12200.t1	X	anno1.g1789.t1	X
anno1.g12201.t1	X	anno1.g1788.t2	X
anno1.g12204.t1	X	anno1.g2073.t1	X
anno1.g12205.t1	X	anno1.g2074.t1	X
anno1.g12206.t1	X	anno1.g2007.t1	X
anno1.g12207.t1	X	anno1.both_agree_g7111.t2	X
anno1.g12211.t1	X	anno1.g2095.t1	X
anno1.g12212.t1	X	anno1.g2070.t1	X
anno1.g12213.t1	X	anno1.g2071.t1	X
anno1.g12215.t1	X	anno1.g2137.t1	X
anno1.g12216.t1	X	anno1.g2135.t1	X
anno1.g12217.t1	X	anno1.g2134.t1	X
anno1.g12218.t1	X	anno1.g2132.t1	X
anno1.g12219.t1	X	anno1.g2131.t1	X
anno1.g12220.t1	X	anno1.g2129.t1	X
anno1.g12221.t1	X	anno1.g2128.t1	X
anno1.g12223.t2	X	anno1.g2037.t2	X
anno1.g12224.t1	X	anno1.g2038.t1	X
anno1.g12225.t1	X	anno1.g2039.t1	X
anno1.g12227.t1	X	anno1.g2040.t2	X
anno1.g12229.t5	X	anno1.g2041.t1	X
anno1.g12230.t1	X	anno1.g2042.t2	X
anno1.g12231.t1	X	anno1.g2043.t3	X
anno1.g12232.t2	X	anno1.g2044.t2	X
anno1.g12234.t1	X	anno1.g2045.t1	X
anno1.g12235.t1	X	anno1.g1952.t1	X
anno1.g12236.t1	X	anno1.g1960.t1	X
anno1.g12237.t1	X	anno1.g1892.t1	X
anno1.g12238.t1	X	anno1.g14347.t1	A
anno1.g12239.t1	X	anno1.g1891.t1	X
anno1.g12240.t1	X	anno1.g1890.t1	X
anno1.g12241.t1	X	anno1.g1887.t1	X
anno1.g12242.t1	X	anno1.g1883.t2	X
anno1.g12243.t1	X	anno1.g1882.t1	X
anno1.g12244.t1	X	anno1.g1881.t1	X
anno1.g12245.t1	X	anno1.g1879.t1	X
anno1.g12246.t1	X	anno1.g1878.t1	X
anno1.g12247.t1	X	anno1.g1877.t1	X
anno1.g12248.t1	X	anno1.g1876.t2	X
anno1.g12249.t1	X	anno1.g1862.t1	X
anno1.g12250.t1	X	anno1.g1830.t1	X
anno1.g12251.t1	X	anno1.g1832.t2	X
anno1.g12252.t1	X	anno1.g1833.t1	X
anno1.g12253.t1	X	anno1.g1834.t1	X
anno1.g12254.t1	X	anno1.g1835.t1	X
anno1.g12255.t1	X	anno1.g1836.t1	X
anno1.g12256.t1	X	anno1.g1837.t1	X
anno1.g12257.t1	X	anno1.g1838.t1	X
anno1.g12258.t1	X	anno1.g1839.t1	X
anno1.g12259.t1	X	anno1.g1840.t2	X
anno1.g12260.t1	X	anno1.g1841.t1	X
anno1.g12261.t3	X	anno1.g1844.t2	X
anno1.g12262.t1	X	anno1.g1845.t2	X
anno1.g12263.t1	X	anno1.g1847.t1	X
anno1.g12265.t1	X	anno1.g1848.t1	X
anno1.g12266.t3	X	anno1.g1849.t2	X
anno1.g12269.t1	X	anno1.g1850.t1	X
anno1.g12270.t1	X	anno1.g1851.t1	X
anno1.g12271.t1	X	anno1.g1852.t5	X
anno1.g12274.t1	X	anno1.g1855.t1	X
anno1.g12275.t1	X	anno1.g1856.t1	X
anno1.g12276.t1	X	anno1.g1857.t1	X
anno1.g12277.t1	X	anno1.g1858.t1	X
anno1.g12278.t1	X	anno1.g1859.t1	X
anno1.g12281.t1	X	anno1.g1752.t1	X
anno1.g12282.t1	X	anno1.g1753.t1	X
anno1.g12283.t1	X	anno1.g1754.t1	X
anno1.g12284.t1	X	anno1.g1755.t1	X
anno1.g12285.t2	X	anno1.g1756.t1	X
anno1.g12286.t4	X	anno1.g1758.t2	X
anno1.g12287.t1	X	anno1.g2032.t1	X
anno1.g12289.t1	X	anno1.g2081.t1	X
anno1.g12290.t1	X	anno1.g2082.t1	X
anno1.g12291.t1	X	anno1.g2088.t1	X
anno1.g12292.t1	X	anno1.g2087.t1	X
anno1.g12293.t1	X	anno1.g2086.t2	X
anno1.g12294.t1	X	anno1.g2085.t2	X
anno1.g12295.t1	X	anno1.g2084.t1	X
anno1.g12299.t1	X	anno1.g2083.t1	X
anno1.g12301.t1	X	anno1.g9876.t1	A
anno1.g12302.t1	X	anno1.g2090.t1	X
anno1.g12303.t1	X	anno1.g2091.t1	X
anno1.g12304.t1	X	anno1.g2092.t1	X
anno1.g12305.t1	X	anno1.g1724.t1	X
anno1.g12306.t1	X	anno1.g1731.t1	X
anno1.g12307.t1	X	anno1.g1728.t1	X
anno1.g12309.t1	X	anno1.g1727.t2	X
anno1.g12311.t1	X	anno1.g2187.t1	X
anno1.g12312.t1	X	anno1.g2157.t1	X
anno1.g12313.t1	X	anno1.g2147.t1	X
anno1.g12314.t1	X	anno1.g2148.t3	X
anno1.g12315.t1	X	anno1.g2149.t1	X
anno1.g12317.t2	X	anno1.g2150.t2	X
anno1.g12318.t1	X	anno1.g2151.t1	X
anno1.g12319.t1	X	anno1.g2152.t1	X
anno1.g12320.t1	X	anno1.g2153.t1	X
anno1.g12321.t1	X	anno1.g2154.t1	X
anno1.g12322.t1	X	anno1.g2155.t1	X
anno1.g12324.t1	X	anno1.g2156.t1	X
anno1.g12325.t1	X	anno1.g2144.t1	X
anno1.g12326.t1	X	anno1.g2146.t1	X
anno1.g12344.t1	Y	anno1.g1853.t2	X
anno1.g12359.t1	Y	anno1.g12648.t1	A
anno1.g12360.t1	Y	anno1.g12099.t1	A
anno1.g12364.t1	Y	anno1.g5438.t1	A
anno1.g12367.t1	Y	anno1.g12138.t1	A
anno1.g12369.t1	Y	anno1.g12139.t1	A
anno1.g12375.t1	Y	anno1.g3644.t1	A
anno1.g12390.t1	Y	anno1.g2240.t1	X
anno1.g12399.t1	Y	anno1.g5475.t1	A
anno1.g12403.t1	Y	anno1.g7101.t1	A
anno1.g8.t1	A	anno1.g7567.t1	A
anno1.g12.t1	A	anno1.g3992.t1	A
anno1.g13.t1	A	anno1.g14599.t1	A
anno1.g15.t1	A	anno1.g9906.t1	A
