C_chinensis	chromosome	D_sublineata	chromosome
anno1.g4945.t2	A	rna-XM_056779552.1	A
anno1.g4947.t1	A	rna-XM_056779179.1	A
anno1.g4948.t2	A	rna-XM_056778890.1	A
anno1.g4949.t1	A	rna-XM_056776313.1	A
anno1.g4939.t1	A	rna-XM_056776375.1	A
anno1.g4914.t2	A	rna-XM_056780950.1	A
anno1.g4915.t1	A	rna-XM_056780547.1	A
anno1.g4917.t1	A	rna-XM_056791796.1	A
anno1.g4918.t1	A	rna-XM_056785399.1	A
anno1.g4919.t1	A	rna-XM_056784486.1	A
anno1.g4920.t1	A	rna-XM_056786822.1	A
anno1.g4921.t1	A	rna-XM_056784488.1	A
anno1.g4922.t1	A	rna-XM_056786537.1	A
anno1.g4923.t2	A	rna-XM_056786184.1	A
anno1.g4924.t1	A	rna-XM_056778865.1	A
anno1.g4925.t1	A	rna-XM_056785845.1	A
anno1.g4929.t1	A	rna-XM_056787633.1	A
anno1.g4931.t2	A	rna-XM_056779620.1	A
anno1.g4932.t1	A	rna-XM_056785325.1	A
anno1.g4933.t1	A	rna-XM_056785326.1	A
anno1.g4934.t1	A	rna-XM_056782515.1	A
anno1.g4935.t1	A	rna-XM_056785327.1	A
anno1.g4936.t2	A	rna-XM_056784820.1	A
anno1.g4911.t2	A	rna-XM_056782913.1	A
anno1.g4913.t1	A	rna-XM_056781979.1	A
anno1.g4893.t1	A	rna-XM_056785477.1	A
anno1.g4894.t1	A	rna-XM_056781063.1	A
anno1.g4895.t2	A	rna-XM_056781059.1	A
anno1.g4896.t1	A	rna-XM_056781066.1	A
anno1.g4897.t1	A	rna-XM_056781067.1	A
anno1.g4898.t1	A	rna-XM_056780923.1	A
anno1.g4899.t1	A	rna-XM_056781058.1	A
anno1.g4900.t1	A	rna-XM_056781057.1	A
anno1.g4901.t1	A	rna-XM_056784493.1	A
anno1.g4902.t1	A	rna-XM_056781484.1	A
anno1.g4903.t1	A	rna-XM_056781552.1	A
anno1.g4904.t1	A	rna-XM_056781551.1	A
anno1.g4905.t1	A	rna-XM_056781553.1	A
anno1.g4880.t1	A	rna-XM_056777110.1	A
anno1.g4881.t2	A	rna-XM_056780097.1	A
anno1.g4882.t1	A	rna-XM_056791550.1	A
anno1.g4884.t1	A	rna-XM_056785431.1	A
anno1.g4885.t1	A	rna-XM_056774340.1	A
anno1.g4886.t1	A	rna-XM_056792118.1	A
anno1.g4887.t1	A	rna-XM_056792123.1	A
anno1.g4889.t1	A	rna-XM_056787698.1	A
anno1.g4877.t1	A	rna-XM_056775560.1	A
anno1.g10458.t1	A	rna-XM_056781373.1	A
anno1.g4863.t1	A	rna-XM_056776901.1	A
anno1.g4864.t1	A	rna-XM_056777281.1	A
anno1.g4865.t2	A	rna-XM_056776886.1	A
anno1.g4866.t1	A	rna-XM_056792739.1	A
anno1.g4868.t1	A	rna-XM_056786299.1	A
anno1.g4870.t1	A	rna-XM_056786038.1	A
anno1.g4836.t1	A	rna-XM_056775445.1	A
anno1.g4839.t1	A	rna-XM_056776115.1	A
anno1.g4840.t1	A	rna-XM_056786106.1	A
anno1.g4841.t1	A	rna-XM_056782843.1	A
anno1.g4842.t1	A	rna-XM_056781778.1	A
anno1.g4843.t1	A	rna-XM_056779009.1	A
anno1.g4844.t1	A	rna-XM_056778708.1	A
anno1.g4845.t1	A	rna-XM_056785493.1	A
anno1.g4846.t2	A	rna-XM_056791554.1	A
anno1.g4847.t1	A	rna-XM_056787154.1	A
anno1.g4848.t2	A	rna-XM_056789985.1	X
anno1.g4850.t1	A	rna-XM_056780060.1	A
anno1.g4851.t1	A	rna-XM_056784134.1	A
anno1.g4852.t1	A	rna-XM_056785416.1	A
anno1.g4854.t1	A	rna-XM_056784170.1	A
anno1.g4858.t2	A	rna-XM_056792449.1	A
anno1.g4826.t1	A	rna-XM_056786134.1	A
anno1.g4827.t2	A	rna-XM_056786133.1	A
anno1.g4832.t1	A	rna-XM_056786148.1	A
anno1.g4810.t1	A	rna-XM_056786549.1	A
anno1.g4811.t1	A	rna-XM_056785686.1	A
anno1.g4812.t1	A	rna-XM_056791645.1	A
anno1.g4813.t1	A	rna-XM_056788554.1	A
anno1.g4814.t1	A	rna-XM_056789248.1	X
anno1.g4815.t1	A	rna-XM_056789249.1	X
anno1.g4816.t1	A	rna-XM_056787530.1	A
anno1.g4817.t1	A	rna-XM_056790661.1	X
anno1.g4818.t3	A	rna-XM_056778347.1	A
anno1.g4821.t1	A	rna-XM_056781570.1	A
anno1.g4823.t2	A	rna-XM_056781938.1	A
anno1.g4774.t1	A	rna-XM_056784681.1	A
anno1.g4776.t1	A	rna-XM_056785914.1	A
anno1.g4777.t1	A	rna-XM_056785922.1	A
anno1.g4778.t1	A	rna-XM_056785921.1	A
anno1.g4780.t1	A	rna-XM_056784133.1	A
anno1.g4781.t1	A	rna-XM_056784130.1	A
anno1.g4782.t1	A	rna-XM_056784132.1	A
anno1.g4783.t2	A	rna-XM_056784131.1	A
anno1.g4784.t1	A	rna-XM_056778443.1	A
anno1.g4786.t3	A	rna-XM_056778441.1	A
anno1.g4787.t1	A	rna-XM_056778444.1	A
anno1.g4788.t1	A	rna-XM_056780043.1	A
anno1.g4789.t1	A	rna-XM_056780035.1	A
anno1.g4790.t1	A	rna-XM_056782333.1	A
anno1.g4791.t1	A	rna-XM_056782337.1	A
anno1.g4792.t2	A	rna-XM_056780089.1	A
anno1.g4793.t1	A	rna-XM_056780659.1	A
anno1.g4795.t1	A	rna-XM_056780627.1	A
anno1.g4797.t1	A	rna-XM_056773812.1	A
anno1.g4798.t1	A	rna-XM_056792844.1	A
anno1.g4801.t1	A	rna-XM_056785842.1	A
anno1.g4802.t1	A	rna-XM_056785841.1	A
anno1.g4803.t1	A	rna-XM_056785829.1	A
anno1.g4752.t2	A	rna-XM_056792652.1	A
anno1.g4753.t1	A	rna-XM_056790752.1	X
anno1.g4755.t1	A	rna-XM_056792035.1	A
anno1.g4757.t1	A	rna-XM_056775293.1	A
anno1.g4758.t1	A	rna-XM_056787517.1	A
anno1.g4759.t1	A	rna-XM_056774127.1	A
anno1.g4760.t1	A	rna-XM_056774128.1	A
anno1.g4761.t1	A	rna-XM_056779654.1	A
anno1.g4762.t2	A	rna-XM_056788896.1	A
anno1.g4763.t2	A	rna-XM_056790745.1	X
anno1.g4764.t1	A	rna-XM_056790305.1	X
anno1.g4765.t1	A	rna-XM_056780090.1	A
anno1.g4767.t1	A	rna-XM_056789508.1	X
anno1.g4768.t1	A	rna-XM_056791370.1	A
anno1.g4769.t1	A	rna-XM_056787899.1	A
anno1.g4771.t1	A	rna-XM_056779277.1	A
anno1.g4721.t1	A	rna-XM_056791462.1	A
anno1.g4722.t1	A	rna-XM_056792979.1	A
anno1.g4723.t1	A	rna-XM_056783024.1	A
anno1.g4725.t1	A	rna-XM_056779500.1	A
anno1.g4726.t1	A	rna-XM_056783987.1	A
anno1.g4727.t1	A	rna-XM_056775660.1	A
anno1.g4728.t1	A	rna-XM_056781522.1	A
anno1.g4731.t1	A	rna-XM_056786816.1	A
anno1.g4733.t1	A	rna-XM_056778508.1	A
anno1.g4734.t1	A	rna-XM_056783306.1	A
anno1.g4736.t1	A	rna-XM_056779902.1	A
anno1.g4737.t1	A	rna-XM_056780887.1	A
anno1.g4738.t2	A	rna-XM_056792960.1	A
anno1.g4739.t2	A	rna-XM_056773574.1	A
anno1.g4740.t2	A	rna-XM_056792958.1	A
anno1.g4741.t1	A	rna-XM_056784678.1	A
anno1.g4742.t1	A	rna-XM_056791705.1	A
anno1.g4743.t3	A	rna-XM_056791706.1	A
anno1.g4744.t1	A	rna-XM_056791708.1	A
anno1.g4745.t1	A	rna-XM_056784426.1	A
anno1.g4746.t1	A	rna-XM_056780238.1	A
anno1.g4711.t1	A	rna-XM_056775245.1	A
anno1.g4712.t1	A	rna-XM_056775526.1	A
anno1.g4715.t1	A	rna-XM_056775888.1	A
anno1.g4716.t2	A	rna-XM_056790536.1	X
anno1.g4717.t1	A	rna-XM_056775889.1	A
anno1.g4699.t2	A	rna-XM_056782790.1	A
anno1.g4700.t1	A	rna-XM_056783210.1	A
anno1.g4702.t1	A	rna-XM_056783317.1	A
anno1.g4703.t1	A	rna-XM_056779292.1	A
anno1.g10306.t1	A	rna-XM_056789463.1	X
anno1.g10302.t1	A	rna-XM_056789400.1	X
anno1.g10299.t1	A	rna-XM_056780428.1	A
anno1.g4689.t1	A	rna-XM_056784752.1	A
anno1.g4691.t2	A	rna-XM_056793066.1	A
anno1.g4694.t1	A	rna-XM_056793057.1	A
anno1.g4695.t1	A	rna-XM_056792761.1	A
anno1.g10285.t1	A	rna-XM_056777550.1	A
anno1.g4664.t1	A	rna-XM_056784215.1	A
anno1.g4665.t2	A	rna-XM_056785520.1	A
anno1.g4666.t1	A	rna-XM_056783514.1	A
anno1.g4667.t2	A	rna-XM_056774288.1	A
anno1.g4668.t1	A	rna-XM_056778209.1	A
anno1.g4669.t2	A	rna-XM_056792657.1	A
anno1.g4670.t1	A	rna-XM_056786721.1	A
anno1.g4671.t1	A	rna-XM_056787646.1	A
anno1.g4677.t2	A	rna-XM_056787800.1	A
anno1.g4678.t2	A	rna-XM_056773620.1	A
anno1.g4679.t1	A	rna-XM_056789082.1	X
anno1.g4681.t1	A	rna-XM_056788314.1	A
anno1.g4682.t1	A	rna-XM_056788184.1	A
anno1.g10279.t1	A	rna-XM_056781982.1	A
anno1.g4657.t1	A	rna-XM_056783122.1	A
anno1.g4658.t1	A	rna-XM_056791638.1	A
anno1.g4661.t1	A	rna-XM_056774389.1	A
anno1.g4662.t1	A	rna-XM_056775605.1	A
anno1.g10207.t1	A	rna-XM_056778965.1	A
anno1.g10199.t1	A	rna-XM_056773725.1	A
anno1.g10194.t1	A	rna-XM_056775185.1	A
anno1.g10196.t2	A	rna-XM_056775443.1	A
anno1.g4649.t1	A	rna-XM_056778974.1	A
anno1.g4650.t1	A	rna-XM_056788655.1	A
anno1.g4651.t1	A	rna-XM_056788593.1	A
anno1.g4648.t1	A	rna-XM_056790793.1	X
anno1.g4606.t1	A	rna-XM_056774248.1	A
anno1.g4607.t1	A	rna-XM_056788450.1	A
anno1.g4608.t2	A	rna-XM_056788441.1	A
anno1.g4609.t1	A	rna-XM_056786716.1	A
anno1.g4610.t1	A	rna-XM_056781051.1	A
anno1.g4611.t1	A	rna-XM_056777393.1	A
anno1.both_agree_g2172.t1	A	rna-XM_056775299.1	A
anno1.g4614.t1	A	rna-XM_056773922.1	A
anno1.g4617.t2	A	rna-XM_056785622.1	A
anno1.g4618.t1	A	rna-XM_056791584.1	A
anno1.g4619.t1	A	rna-XM_056792209.1	A
anno1.g4620.t1	A	rna-XM_056782399.1	A
anno1.g4621.t1	A	rna-XM_056782398.1	A
anno1.g4622.t1	A	rna-XM_056790754.1	X
anno1.g4625.t1	A	rna-XM_056776447.1	A
anno1.g4626.t1	A	rna-XM_056777099.1	A
anno1.g4627.t1	A	rna-XM_056777100.1	A
anno1.g4628.t1	A	rna-XM_056787942.1	A
anno1.g4629.t1	A	rna-XM_056792252.1	A
anno1.g4630.t2	A	rna-XM_056777593.1	A
anno1.g4631.t1	A	rna-XM_056779876.1	A
anno1.g4632.t1	A	rna-XM_056779877.1	A
anno1.g4633.t1	A	rna-XM_056782983.1	A
anno1.g4634.t1	A	rna-XM_056779707.1	A
anno1.g4635.t1	A	rna-XM_056787010.1	A
anno1.both_agree_g2201.t3	A	rna-XM_056788218.1	A
anno1.g4638.t1	A	rna-XM_056778594.1	A
anno1.g4639.t2	A	rna-XM_056779871.1	A
anno1.g4640.t1	A	rna-XM_056779873.1	A
anno1.g4641.t1	A	rna-XM_056779872.1	A
anno1.g4642.t1	A	rna-XM_056778606.1	A
anno1.g4643.t2	A	rna-XM_056792780.1	A
anno1.g4644.t1	A	rna-XM_056774089.1	A
anno1.g10167.t1	A	rna-XM_056778958.1	A
anno1.g4565.t1	A	rna-XM_056780386.1	A
anno1.g4566.t1	A	rna-XM_056782037.1	A
anno1.g4567.t1	A	rna-XM_056782043.1	A
anno1.g4568.t2	A	rna-XM_056779029.1	A
anno1.g4569.t1	A	rna-XM_056792317.1	A
anno1.g4572.t1	A	rna-XM_056773742.1	A
anno1.g4575.t2	A	rna-XM_056779252.1	A
anno1.g4577.t1	A	rna-XM_056779313.1	A
anno1.g4579.t1	A	rna-XM_056777986.1	A
anno1.g4580.t3	A	rna-XM_056777970.1	A
anno1.g4582.t1	A	rna-XM_056777650.1	A
anno1.g4583.t1	A	rna-XM_056777651.1	A
anno1.g4584.t1	A	rna-XM_056777653.1	A
anno1.g4585.t1	A	rna-XM_056779371.1	A
anno1.g4586.t1	A	rna-XM_056780032.1	A
anno1.g4587.t1	A	rna-XM_056780033.1	A
anno1.g4588.t1	A	rna-XM_056779372.1	A
anno1.g4589.t1	A	rna-XM_056779373.1	A
anno1.g4594.t1	A	rna-XM_056779030.1	A
anno1.g4595.t2	A	rna-XM_056780217.1	A
anno1.g4596.t1	A	rna-XM_056776045.1	A
anno1.g4597.t1	A	rna-XM_056789399.1	X
anno1.g4599.t1	A	rna-XM_056792848.1	A
anno1.g4548.t2	A	rna-XM_056793169.1	A
anno1.g4549.t1	A	rna-XM_056793166.1	A
anno1.g4551.t1	A	rna-XM_056793175.1	A
anno1.g4552.t2	A	rna-XM_056774447.1	A
anno1.g4554.t1	A	rna-XM_056781242.1	A
anno1.g4556.t1	A	rna-XM_056793171.1	A
anno1.g4557.t1	A	rna-XM_056793179.1	A
anno1.g4558.t1	A	rna-XM_056793168.1	A
anno1.g4559.t1	A	rna-XM_056793183.1	A
anno1.g4560.t1	A	rna-XM_056793185.1	A
anno1.g4561.t1	A	rna-XM_056778133.1	A
anno1.g4562.t1	A	rna-XM_056781434.1	A
anno1.g4547.t1	A	rna-XM_056792227.1	A
anno1.g4545.t1	A	rna-XM_056787864.1	A
anno1.g4546.t1	A	rna-XM_056778227.1	A
anno1.g4532.t1	A	rna-XM_056778787.1	A
anno1.g4533.t1	A	rna-XM_056779783.1	A
anno1.g4536.t1	A	rna-XM_056779016.1	A
anno1.g4538.t1	A	rna-XM_056792643.1	A
anno1.g4539.t1	A	rna-XM_056783111.1	A
anno1.g4528.t1	A	rna-XM_056792953.1	A
anno1.g4529.t1	A	rna-XM_056773682.1	A
anno1.g10130.t1	A	rna-XM_056785474.1	A
anno1.g10129.t1	A	rna-XM_056776529.1	A
anno1.g10128.t1	A	rna-XM_056787267.1	A
anno1.g4513.t1	A	rna-XM_056789212.1	X
anno1.g4517.t1	A	rna-XM_056783761.1	A
anno1.g4519.t1	A	rna-XM_056775433.1	A
anno1.g4523.t1	A	rna-XM_056776215.1	A
anno1.g10123.t1	A	rna-XM_056785536.1	A
anno1.g10124.t1	A	rna-XM_056782270.1	A
anno1.g4479.t1	A	rna-XM_056788797.1	A
anno1.g4480.t1	A	rna-XM_056780724.1	A
anno1.g4481.t1	A	rna-XM_056780794.1	A
anno1.g4482.t1	A	rna-XM_056781588.1	A
anno1.g4483.t2	A	rna-XM_056780513.1	A
anno1.g4486.t1	A	rna-XM_056781548.1	A
anno1.g4489.t2	A	rna-XM_056781862.1	A
anno1.g4490.t1	A	rna-XM_056781864.1	A
anno1.g4491.t1	A	rna-XM_056778769.1	A
anno1.g4492.t1	A	rna-XM_056778764.1	A
anno1.g4494.t1	A	rna-XM_056782586.1	A
anno1.g4495.t1	A	rna-XM_056774831.1	A
anno1.g4496.t4	A	rna-XM_056786975.1	A
anno1.g4497.t1	A	rna-XM_056786998.1	A
anno1.g4498.t1	A	rna-XM_056791609.1	A
anno1.g4499.t1	A	rna-XM_056789189.1	A
anno1.g4500.t1	A	rna-XM_056789176.1	A
anno1.g4502.t1	A	rna-XM_056776841.1	A
anno1.g4503.t1	A	rna-XM_056785796.1	A
anno1.g4504.t1	A	rna-XM_056774377.1	A
anno1.g4505.t1	A	rna-XM_056774363.1	A
anno1.g4506.t1	A	rna-XM_056792980.1	A
anno1.g4507.t1	A	rna-XM_056775231.1	A
anno1.g4509.t1	A	rna-XM_056785738.1	A
anno1.g4511.t2	A	rna-XM_056786702.1	A
anno1.g4461.t1	A	rna-XM_056779122.1	A
anno1.g4462.t1	A	rna-XM_056779710.1	A
anno1.g4464.t1	A	rna-XM_056779142.1	A
anno1.g4465.t1	A	rna-XM_056779140.1	A
anno1.g4466.t1	A	rna-XM_056779709.1	A
anno1.g4467.t2	A	rna-XM_056778481.1	A
anno1.g4468.t1	A	rna-XM_056778823.1	A
anno1.g4469.t1	A	rna-XM_056782730.1	A
anno1.g4471.t1	A	rna-XM_056778483.1	A
anno1.g4472.t1	A	rna-XM_056778822.1	A
anno1.g4473.t1	A	rna-XM_056779263.1	A
anno1.g4474.t1	A	rna-XM_056786438.1	A
anno1.g4475.t1	A	rna-XM_056778729.1	A
anno1.g4476.t2	A	rna-XM_056775531.1	A
anno1.g10081.t1	A	rna-XM_056781074.1	A
anno1.g10083.t1	A	rna-XM_056781070.1	A
anno1.g10074.t1	A	rna-XM_056776602.1	A
anno1.g10073.t1	A	rna-XM_056780739.1	A
anno1.g10064.t2	A	rna-XM_056782393.1	A
anno1.g10065.t1	A	rna-XM_056784572.1	A
anno1.g10068.t2	A	rna-XM_056775905.1	A
anno1.g10070.t2	A	rna-XM_056778474.1	A
anno1.g10071.t1	A	rna-XM_056779936.1	A
anno1.g4444.t1	A	rna-XM_056788738.1	A
anno1.g10042.t1	A	rna-XM_056778667.1	A
anno1.g10035.t1	A	rna-XM_056792456.1	A
anno1.g10036.t1	A	rna-XM_056792450.1	A
anno1.g4435.t1	A	rna-XM_056779230.1	A
anno1.g4438.t1	A	rna-XM_056780046.1	A
anno1.g10018.t1	A	rna-XM_056782327.1	A
anno1.g10020.t1	A	rna-XM_056788553.1	A
anno1.g4429.t1	A	rna-XM_056778213.1	A
anno1.g4430.t1	A	rna-XM_056787279.1	A
anno1.g4431.t2	A	rna-XM_056779114.1	A
anno1.g4432.t1	A	rna-XM_056785261.1	A
anno1.g4433.t1	A	rna-XM_056783222.1	A
anno1.g4434.t1	A	rna-XM_056783398.1	A
anno1.g10015.t1	A	rna-XM_056788721.1	A
anno1.g10011.t1	A	rna-XM_056777185.1	A
anno1.g4396.t1	A	rna-XM_056785723.1	A
anno1.g4397.t1	A	rna-XM_056785618.1	A
anno1.g4398.t1	A	rna-XM_056773567.1	A
anno1.g4399.t1	A	rna-XM_056787462.1	A
anno1.g4400.t1	A	rna-XM_056773597.1	A
anno1.g4402.t1	A	rna-XM_056783337.1	A
anno1.g4403.t3	A	rna-XM_056774999.1	A
anno1.g4405.t1	A	rna-XM_056775316.1	A
anno1.g4406.t1	A	rna-XM_056775207.1	A
anno1.g4408.t1	A	rna-XM_056781130.1	A
anno1.g4409.t1	A	rna-XM_056781138.1	A
anno1.g4410.t1	A	rna-XM_056781144.1	A
anno1.g4411.t1	A	rna-XM_056781393.1	A
anno1.g4412.t1	A	rna-XM_056786037.1	A
anno1.g4413.t2	A	rna-XM_056786525.1	A
anno1.g4416.t1	A	rna-XM_056786528.1	A
anno1.g4417.t3	A	rna-XM_056784029.1	A
anno1.g4420.t1	A	rna-XM_056784826.1	A
anno1.g4421.t1	A	rna-XM_056784230.1	A
anno1.g4422.t3	A	rna-XM_056784979.1	A
anno1.g4423.t2	A	rna-XM_056784814.1	A
anno1.g4425.t1	A	rna-XM_056784817.1	A
anno1.g4380.t2	A	rna-XM_056776979.1	A
anno1.g4381.t1	A	rna-XM_056787796.1	A
anno1.g4382.t1	A	rna-XM_056784349.1	A
anno1.g4387.t2	A	rna-XM_056778883.1	A
anno1.g4388.t1	A	rna-XM_056775263.1	A
anno1.g4365.t1	A	rna-XM_056780509.1	A
anno1.g4367.t1	A	rna-XM_056780982.1	A
anno1.g4368.t1	A	rna-XM_056782245.1	A
anno1.g4372.t1	A	rna-XM_056780780.1	A
anno1.g9967.t1	A	rna-XM_056792573.1	A
anno1.g9953.t1	A	rna-XM_056782851.1	A
anno1.g9961.t1	A	rna-XM_056784408.1	A
anno1.g9962.t1	A	rna-XM_056791794.1	A
anno1.g4331.t1	A	rna-XM_056791106.1	X
anno1.g4332.t1	A	rna-XM_056784593.1	A
anno1.g4333.t1	A	rna-XM_056781114.1	A
anno1.g4334.t1	A	rna-XM_056792929.1	A
anno1.g4335.t1	A	rna-XM_056787690.1	A
anno1.g4336.t1	A	rna-XM_056787706.1	A
anno1.g4337.t1	A	rna-XM_056787648.1	A
anno1.g4338.t1	A	rna-XM_056789200.1	X
anno1.g4339.t2	A	rna-XM_056789199.1	X
anno1.g4340.t1	A	rna-XM_056789095.1	X
anno1.g4341.t1	A	rna-XM_056791084.1	X
anno1.g4343.t1	A	rna-XM_056775089.1	A
anno1.g4344.t1	A	rna-XM_056774964.1	A
anno1.g4349.t1	A	rna-XM_056776196.1	A
anno1.g4352.t19	A	rna-XM_056778118.1	A
anno1.g4353.t1	A	rna-XM_056778113.1	A
anno1.g4354.t1	A	rna-XM_056790786.1	X
anno1.g4356.t1	A	rna-XM_056789546.1	X
anno1.g4357.t1	A	rna-XM_056782912.1	A
anno1.g4358.t5	A	rna-XM_056776259.1	A
anno1.g9943.t1	A	rna-XM_056786380.1	A
anno1.g9937.t1	A	rna-XM_056784072.1	A
anno1.g4330.t1	A	rna-XM_056779533.1	A
anno1.g9933.t1	A	rna-XM_056784809.1	A
anno1.g9934.t1	A	rna-XM_056784655.1	A
anno1.g9930.t1	A	rna-XM_056781769.1	A
anno1.g4328.t1	A	rna-XM_056789887.1	X
anno1.g4329.t1	A	rna-XM_056779848.1	A
anno1.g9909.t1	A	rna-XM_056788311.1	A
anno1.g9912.t1	A	rna-XM_056775010.1	A
anno1.g9913.t1	A	rna-XM_056782416.1	A
anno1.g9915.t1	A	rna-XM_056779637.1	A
anno1.g9907.t1	A	rna-XM_056782319.1	A
anno1.g4317.t1	A	rna-XM_056779269.1	A
anno1.g4318.t1	A	rna-XM_056779278.1	A
anno1.g4319.t1	A	rna-XM_056774771.1	A
anno1.g4320.t1	A	rna-XM_056775004.1	A
anno1.g4321.t1	A	rna-XM_056774729.1	A
anno1.g4322.t1	A	rna-XM_056790631.1	X
anno1.g4324.t1	A	rna-XM_056775184.1	A
anno1.g4325.t1	A	rna-XM_056774761.1	A
anno1.g4326.t1	A	rna-XM_056790635.1	X
anno1.g9834.t1	A	rna-XM_056774506.1	A
anno1.g9835.t2	A	rna-XM_056774878.1	A
anno1.g9831.t1	A	rna-XM_056792595.1	A
anno1.g4289.t1	A	rna-XM_056779549.1	A
anno1.g4290.t1	A	rna-XM_056787519.1	A
anno1.g4291.t1	A	rna-XM_056775208.1	A
anno1.g4292.t2	A	rna-XM_056775715.1	A
anno1.g4294.t1	A	rna-XM_056775332.1	A
anno1.g4296.t1	A	rna-XM_056775552.1	A
anno1.g4299.t1	A	rna-XM_056791432.1	A
anno1.g4302.t1	A	rna-XM_056775542.1	A
anno1.g4303.t1	A	rna-XM_056785380.1	A
anno1.g4304.t1	A	rna-XM_056785385.1	A
anno1.g4305.t1	A	rna-XM_056785386.1	A
anno1.g4306.t1	A	rna-XM_056785382.1	A
anno1.g4308.t1	A	rna-XM_056785378.1	A
anno1.g9829.t1	A	rna-XM_056775514.1	A
anno1.g4279.t1	A	rna-XM_056775202.1	A
anno1.g4280.t1	A	rna-XM_056776545.1	A
anno1.g4282.t1	A	rna-XM_056776564.1	A
anno1.g4285.t3	A	rna-XM_056775649.1	A
anno1.g4266.t1	A	rna-XM_056785415.1	A
anno1.g4267.t1	A	rna-XM_056781107.1	A
anno1.g4268.t1	A	rna-XM_056785412.1	A
anno1.g4273.t1	A	rna-XM_056784148.1	A
anno1.g4262.t1	A	rna-XM_056780954.1	A
anno1.g4263.t1	A	rna-XM_056781626.1	A
anno1.g4164.t1	A	rna-XM_056781292.1	A
anno1.g4165.t1	A	rna-XM_056784956.1	A
anno1.g4171.t1	A	rna-XM_056777096.1	A
anno1.g4173.t1	A	rna-XM_056785710.1	A
anno1.g4174.t1	A	rna-XM_056785719.1	A
anno1.g4175.t1	A	rna-XM_056786585.1	A
anno1.g4176.t1	A	rna-XM_056783962.1	A
anno1.g4177.t1	A	rna-XM_056777148.1	A
anno1.g4178.t1	A	rna-XM_056777621.1	A
anno1.g4181.t1	A	rna-XM_056779911.1	A
anno1.g4182.t1	A	rna-XM_056792567.1	A
anno1.g4183.t2	A	rna-XM_056784543.1	A
anno1.g4184.t1	A	rna-XM_056784566.1	A
anno1.g4185.t1	A	rna-XM_056773754.1	A
anno1.g4186.t1	A	rna-XM_056780623.1	A
anno1.g4187.t1	A	rna-XM_056785096.1	A
anno1.g4188.t1	A	rna-XM_056777613.1	A
anno1.g4189.t1	A	rna-XM_056782414.1	A
anno1.g4190.t1	A	rna-XM_056783240.1	A
anno1.g4191.t2	A	rna-XM_056781407.1	A
anno1.g4192.t1	A	rna-XM_056781406.1	A
anno1.g4193.t2	A	rna-XM_056781405.1	A
anno1.g4194.t2	A	rna-XM_056781404.1	A
anno1.g4195.t2	A	rna-XM_056780076.1	A
anno1.g4197.t1	A	rna-XM_056780078.1	A
anno1.g4198.t1	A	rna-XM_056788201.1	A
anno1.g4199.t1	A	rna-XM_056774779.1	A
anno1.g4200.t1	A	rna-XM_056785525.1	A
anno1.g4201.t1	A	rna-XM_056783705.1	A
anno1.g4202.t2	A	rna-XM_056791834.1	A
anno1.g4203.t1	A	rna-XM_056785760.1	A
anno1.g4204.t1	A	rna-XM_056778453.1	A
anno1.g4205.t1	A	rna-XM_056778439.1	A
anno1.g4206.t1	A	rna-XM_056792214.1	A
anno1.g4207.t1	A	rna-XM_056779893.1	A
anno1.g4208.t1	A	rna-XM_056786605.1	A
anno1.g4209.t1	A	rna-XM_056786599.1	A
anno1.g4210.t1	A	rna-XM_056786610.1	A
anno1.g4211.t2	A	rna-XM_056786649.1	A
anno1.g4213.t1	A	rna-XM_056786611.1	A
anno1.g4214.t3	A	rna-XM_056786607.1	A
anno1.g4215.t1	A	rna-XM_056786596.1	A
anno1.g4216.t1	A	rna-XM_056786595.1	A
anno1.g4217.t1	A	rna-XM_056779867.1	A
anno1.g4219.t1	A	rna-XM_056788165.1	A
anno1.g4220.t1	A	rna-XM_056779400.1	A
anno1.g4221.t1	A	rna-XM_056787157.1	A
anno1.g4222.t2	A	rna-XM_056787164.1	A
anno1.g4223.t1	A	rna-XM_056787168.1	A
anno1.g4224.t1	A	rna-XM_056779291.1	A
anno1.g4225.t1	A	rna-XM_056779289.1	A
anno1.g4226.t1	A	rna-XM_056779290.1	A
anno1.g4228.t1	A	rna-XM_056779604.1	A
anno1.g4229.t1	A	rna-XM_056779605.1	A
anno1.g4235.t1	A	rna-XM_056788505.1	A
anno1.g4238.t1	A	rna-XM_056788802.1	A
anno1.g4240.t1	A	rna-XM_056788346.1	A
anno1.g4241.t1	A	rna-XM_056788799.1	A
anno1.g4242.t2	A	rna-XM_056788537.1	A
anno1.g4244.t4	A	rna-XM_056788382.1	A
anno1.g4245.t1	A	rna-XM_056782418.1	A
anno1.g4246.t1	A	rna-XM_056780865.1	A
anno1.g4247.t1	A	rna-XM_056792710.1	A
anno1.g4248.t1	A	rna-XM_056783559.1	A
anno1.g4249.t2	A	rna-XM_056788181.1	A
anno1.g4250.t1	A	rna-XM_056788177.1	A
anno1.g4251.t1	A	rna-XM_056788180.1	A
anno1.g4252.t1	A	rna-XM_056782371.1	A
anno1.g4254.t1	A	rna-XM_056790571.1	X
anno1.g4255.t1	A	rna-XM_056786861.1	A
anno1.g4256.t1	A	rna-XM_056788287.1	A
anno1.g4257.t16	A	rna-XM_056788902.1	A
anno1.g4258.t1	A	rna-XM_056788295.1	A
anno1.g4259.t1	A	rna-XM_056793129.1	A
anno1.g4149.t1	A	rna-XM_056774941.1	A
anno1.g4150.t1	A	rna-XM_056775379.1	A
anno1.g4152.t2	A	rna-XM_056788160.1	A
anno1.g4154.t1	A	rna-XM_056780355.1	A
anno1.g4155.t1	A	rna-XM_056787600.1	A
anno1.g4156.t1	A	rna-XM_056774090.1	A
anno1.g4157.t1	A	rna-XM_056775033.1	A
anno1.g4158.t1	A	rna-XM_056774859.1	A
anno1.g4159.t2	A	rna-XM_056774812.1	A
anno1.g4160.t1	A	rna-XM_056782710.1	A
anno1.g4162.t1	A	rna-XM_056780194.1	A
anno1.g9730.t1	A	rna-XM_056783100.1	A
anno1.g9731.t1	A	rna-XM_056791917.1	A
anno1.g4127.t1	A	rna-XM_056792239.1	A
anno1.g4128.t1	A	rna-XM_056779766.1	A
anno1.g4130.t1	A	rna-XM_056786622.1	A
anno1.g4133.t1	A	rna-XM_056783855.1	A
anno1.g4134.t2	A	rna-XM_056783854.1	A
anno1.g4135.t1	A	rna-XM_056775714.1	A
anno1.g4136.t1	A	rna-XM_056781590.1	A
anno1.g4137.t1	A	rna-XM_056788411.1	A
anno1.g4139.t1	A	rna-XM_056791813.1	A
anno1.g4140.t1	A	rna-XM_056779994.1	A
anno1.g4141.t1	A	rna-XM_056779995.1	A
anno1.g4142.t1	A	rna-XM_056778919.1	A
anno1.g4143.t1	A	rna-XM_056779997.1	A
anno1.g4146.t1	A	rna-XM_056788657.1	A
anno1.g9719.t1	A	rna-XM_056792120.1	A
anno1.g9720.t1	A	rna-XM_056792122.1	A
anno1.g9714.t1	A	rna-XM_056774209.1	A
anno1.g4119.t1	A	rna-XM_056780878.1	A
anno1.g4123.t1	A	rna-XM_056789752.1	A
anno1.g4124.t1	A	rna-XM_056789714.1	A
anno1.g4125.t1	A	rna-XM_056789695.1	A
anno1.g9708.t2	A	rna-XM_056775826.1	A
anno1.g9710.t1	A	rna-XM_056774754.1	A
anno1.g4106.t1	A	rna-XM_056780617.1	A
anno1.g4108.t2	A	rna-XM_056781313.1	A
anno1.g9615.t1	A	rna-XM_056782246.1	A
anno1.g9616.t1	A	rna-XM_056782118.1	A
anno1.g4070.t1	A	rna-XM_056779794.1	A
anno1.g4071.t1	A	rna-XM_056779806.1	A
anno1.g4072.t1	A	rna-XM_056779808.1	A
anno1.g4073.t1	A	rna-XM_056779316.1	A
anno1.g4074.t1	A	rna-XM_056779118.1	A
anno1.g4075.t1	A	rna-XM_056778652.1	A
anno1.g4076.t1	A	rna-XM_056778655.1	A
anno1.g4077.t1	A	rna-XM_056774666.1	A
anno1.g4078.t1	A	rna-XM_056784825.1	A
anno1.g4079.t1	A	rna-XM_056780536.1	A
anno1.g4081.t1	A	rna-XM_056790951.1	A
anno1.g4082.t1	A	rna-XM_056790629.1	A
anno1.g4083.t1	A	rna-XM_056789846.1	A
anno1.g4084.t1	A	rna-XM_056790021.1	A
anno1.g4085.t1	A	rna-XM_056786730.1	A
anno1.g4087.t1	A	rna-XM_056774849.1	A
anno1.g4088.t1	A	rna-XM_056791336.1	A
anno1.g4089.t1	A	rna-XM_056786755.1	A
anno1.g4090.t1	A	rna-XM_056791276.1	A
anno1.g4091.t1	A	rna-XM_056791391.1	A
anno1.g4092.t2	A	rna-XM_056791072.1	A
anno1.g4093.t1	A	rna-XM_056792742.1	A
anno1.g4094.t1	A	rna-XM_056792857.1	A
anno1.g4095.t1	A	rna-XM_056792141.1	A
anno1.g4097.t1	A	rna-XM_056776455.1	A
anno1.g4098.t1	A	rna-XM_056782678.1	A
anno1.g4099.t1	A	rna-XM_056773547.1	A
anno1.g4100.t3	A	rna-XM_056783205.1	A
anno1.g4101.t1	A	rna-XM_056778555.1	A
anno1.g4102.t1	A	rna-XM_056780735.1	A
anno1.g4056.t1	A	rna-XM_056779592.1	A
anno1.g4057.t1	A	rna-XM_056779014.1	A
anno1.g4058.t1	A	rna-XM_056779422.1	A
anno1.g4059.t1	A	rna-XM_056779119.1	A
anno1.g4060.t1	A	rna-XM_056789968.1	X
anno1.g4061.t1	A	rna-XM_056779421.1	A
anno1.g4062.t1	A	rna-XM_056773969.1	A
anno1.g4066.t1	A	rna-XM_056774084.1	A
anno1.g4067.t1	A	rna-XM_056774085.1	A
anno1.g4034.t2	A	rna-XM_056777731.1	A
anno1.g4036.t1	A	rna-XM_056785646.1	A
anno1.g4037.t1	A	rna-XM_056785642.1	A
anno1.g4041.t1	A	rna-XM_056789312.1	X
anno1.g4050.t1	A	rna-XM_056789311.1	X
anno1.g4052.t2	A	rna-XM_056789589.1	X
anno1.g9584.t1	A	rna-XM_056780152.1	A
anno1.g4023.t1	A	rna-XM_056791642.1	A
anno1.g4024.t3	A	rna-XM_056784671.1	A
anno1.g4025.t1	A	rna-XM_056782537.1	A
anno1.g4026.t1	A	rna-XM_056786918.1	A
anno1.g4029.t1	A	rna-XM_056782858.1	A
anno1.g4030.t1	A	rna-XM_056783223.1	A
anno1.g4019.t1	A	rna-XM_056776080.1	A
anno1.g4020.t1	A	rna-XM_056776087.1	A
anno1.g4004.t1	A	rna-XM_056784329.1	A
anno1.g4005.t1	A	rna-XM_056784183.1	A
anno1.g4006.t1	A	rna-XM_056784706.1	A
anno1.g4009.t1	A	rna-XM_056782409.1	A
anno1.g4010.t1	A	rna-XM_056782818.1	A
anno1.g4011.t1	A	rna-XM_056780802.1	A
anno1.g4013.t1	A	rna-XM_056781203.1	A
anno1.g4015.t1	A	rna-XM_056787799.1	A
anno1.g4017.t1	A	rna-XM_056781717.1	A
anno1.g9571.t2	A	rna-XM_056786093.1	A
anno1.g9566.t1	A	rna-XM_056780996.1	A
anno1.g3865.t1	A	rna-XM_056785587.1	A
anno1.g3864.t1	A	rna-XM_056785053.1	A
anno1.g3866.t1	A	rna-XM_056778794.1	A
anno1.g3867.t1	A	rna-XM_056774261.1	A
anno1.g3868.t2	A	rna-XM_056774260.1	A
anno1.g3871.t2	A	rna-XM_056787512.1	A
anno1.g3872.t2	A	rna-XM_056792628.1	A
anno1.g3873.t1	A	rna-XM_056782481.1	A
anno1.g3874.t1	A	rna-XM_056782967.1	A
anno1.g3875.t1	A	rna-XM_056776203.1	A
anno1.g3877.t2	A	rna-XM_056774002.1	A
anno1.g3878.t1	A	rna-XM_056774010.1	A
anno1.g3880.t1	A	rna-XM_056779413.1	A
anno1.g3881.t1	A	rna-XM_056789094.1	X
anno1.g3882.t1	A	rna-XM_056779642.1	A
anno1.g3883.t1	A	rna-XM_056785064.1	A
anno1.g3885.t1	A	rna-XM_056774351.1	A
anno1.g3886.t1	A	rna-XM_056785564.1	A
anno1.g3887.t1	A	rna-XM_056782280.1	A
anno1.g3888.t1	A	rna-XM_056783657.1	A
anno1.g3889.t1	A	rna-XM_056783966.1	A
anno1.g3891.t1	A	rna-XM_056791747.1	A
anno1.g3895.t1	A	rna-XM_056792275.1	A
anno1.g3896.t1	A	rna-XM_056788066.1	A
anno1.g3897.t1	A	rna-XM_056788064.1	A
anno1.g3899.t1	A	rna-XM_056792216.1	A
anno1.g3900.t1	A	rna-XM_056774818.1	A
anno1.g3901.t3	A	rna-XM_056787057.1	A
anno1.g3904.t1	A	rna-XM_056786091.1	A
anno1.g3906.t1	A	rna-XM_056786123.1	A
anno1.g3907.t2	A	rna-XM_056786613.1	A
anno1.g3908.t2	A	rna-XM_056786632.1	A
anno1.g3909.t1	A	rna-XM_056786390.1	A
anno1.g3910.t1	A	rna-XM_056786400.1	A
anno1.g3913.t3	A	rna-XM_056786339.1	A
anno1.g3915.t1	A	rna-XM_056786071.1	A
anno1.g3920.t1	A	rna-XM_056786625.1	A
anno1.g3923.t2	A	rna-XM_056793245.1	A
anno1.g3924.t1	A	rna-XM_056778623.1	A
anno1.g3927.t1	A	rna-XM_056792525.1	A
anno1.g3928.t1	A	rna-XM_056785031.1	A
anno1.g3929.t1	A	rna-XM_056792784.1	A
anno1.g3930.t1	A	rna-XM_056792313.1	A
anno1.g3931.t2	A	rna-XM_056791744.1	A
anno1.g3933.t1	A	rna-XM_056780364.1	A
anno1.g3934.t4	A	rna-XM_056782424.1	A
anno1.g3935.t1	A	rna-XM_056779758.1	A
anno1.g3936.t1	A	rna-XM_056779759.1	A
anno1.g3937.t1	A	rna-XM_056785458.1	A
anno1.g3938.t1	A	rna-XM_056777896.1	A
anno1.g3939.t1	A	rna-XM_056777895.1	A
anno1.g3941.t1	A	rna-XM_056777771.1	A
anno1.g3942.t1	A	rna-XM_056785446.1	A
anno1.g3943.t1	A	rna-XM_056785435.1	A
anno1.g3944.t1	A	rna-XM_056788897.1	A
anno1.g3946.t1	A	rna-XM_056774938.1	A
anno1.g3947.t2	A	rna-XM_056775381.1	A
anno1.g3948.t2	A	rna-XM_056788566.1	A
anno1.g3950.t1	A	rna-XM_056788139.1	A
anno1.g3952.t1	A	rna-XM_056793058.1	A
anno1.g3956.t1	A	rna-XM_056792281.1	A
anno1.g3958.t2	A	rna-XM_056792407.1	A
anno1.g3959.t1	A	rna-XM_056787749.1	A
anno1.g3960.t2	A	rna-XM_056773841.1	A
anno1.g3961.t1	A	rna-XM_056792197.1	A
anno1.g3962.t1	A	rna-XM_056775682.1	A
anno1.g3966.t1	A	rna-XM_056774072.1	A
anno1.g3968.t1	A	rna-XM_056774073.1	A
anno1.g3970.t1	A	rna-XM_056791965.1	A
anno1.g3971.t1	A	rna-XM_056774098.1	A
anno1.g3972.t1	A	rna-XM_056793076.1	A
anno1.g3973.t1	A	rna-XM_056786205.1	A
anno1.g3974.t1	A	rna-XM_056777095.1	A
anno1.g3975.t1	A	rna-XM_056777906.1	A
anno1.g3976.t1	A	rna-XM_056777196.1	A
anno1.g3977.t1	A	rna-XM_056792753.1	A
anno1.g3978.t1	A	rna-XM_056784309.1	A
anno1.g3979.t1	A	rna-XM_056785617.1	A
anno1.g3980.t1	A	rna-XM_056785200.1	A
anno1.g3981.t1	A	rna-XM_056785192.1	A
anno1.g3982.t1	A	rna-XM_056787671.1	A
anno1.g3983.t1	A	rna-XM_056775387.1	A
anno1.g3985.t1	A	rna-XM_056785214.1	A
anno1.g3986.t2	A	rna-XM_056785202.1	A
anno1.g3990.t1	A	rna-XM_056788795.1	A
anno1.g3992.t1	A	rna-XM_056788792.1	A
anno1.g3994.t1	A	rna-XM_056788791.1	A
anno1.g3999.t1	A	rna-XM_056788684.1	A
anno1.g3768.t2	A	rna-XM_056788355.1	A
anno1.g3770.t1	A	rna-XM_056788396.1	A
anno1.g3771.t1	A	rna-XM_056788913.1	A
anno1.g3772.t1	A	rna-XM_056792522.1	A
anno1.g3773.t1	A	rna-XM_056781662.1	A
anno1.g3774.t1	A	rna-XM_056779827.1	A
anno1.g3775.t1	A	rna-XM_056774743.1	A
anno1.g3776.t1	A	rna-XM_056787567.1	A
anno1.g3777.t1	A	rna-XM_056777942.1	A
anno1.g3778.t1	A	rna-XM_056791775.1	A
anno1.g3779.t1	A	rna-XM_056791637.1	A
anno1.g3781.t1	A	rna-XM_056791633.1	A
anno1.g3782.t1	A	rna-XM_056775028.1	A
anno1.g3783.t1	A	rna-XM_056785610.1	A
anno1.g3784.t1	A	rna-XM_056775630.1	A
anno1.g3786.t1	A	rna-XM_056780280.1	A
anno1.g3788.t1	A	rna-XM_056776882.1	A
anno1.g3789.t1	A	rna-XM_056776712.1	A
anno1.g3790.t1	A	rna-XM_056776780.1	A
anno1.g3791.t10	A	rna-XM_056777683.1	A
anno1.g3792.t2	A	rna-XM_056777737.1	A
anno1.g3793.t1	A	rna-XM_056792073.1	A
anno1.g3794.t1	A	rna-XM_056792101.1	A
anno1.g3795.t1	A	rna-XM_056788851.1	A
anno1.g3796.t1	A	rna-XM_056788849.1	A
anno1.g3798.t2	A	rna-XM_056774258.1	A
anno1.g3799.t2	A	rna-XM_056775688.1	A
anno1.g3800.t1	A	rna-XM_056787498.1	A
anno1.g3801.t1	A	rna-XM_056787510.1	A
anno1.g3802.t1	A	rna-XM_056787531.1	A
anno1.g3803.t1	A	rna-XM_056777447.1	A
anno1.g3804.t1	A	rna-XM_056780779.1	A
anno1.g3805.t1	A	rna-XM_056780269.1	A
anno1.g3806.t1	A	rna-XM_056780186.1	A
anno1.g3807.t1	A	rna-XM_056783605.1	A
anno1.g3808.t2	A	rna-XM_056790617.1	X
anno1.g3811.t1	A	rna-XM_056790300.1	X
anno1.g3812.t1	A	rna-XM_056790235.1	X
anno1.g3813.t1	A	rna-XM_056788950.1	A
anno1.g3815.t1	A	rna-XM_056788814.1	A
anno1.g3816.t1	A	rna-XM_056778099.1	A
anno1.g3817.t1	A	rna-XM_056776388.1	A
anno1.g3818.t1	A	rna-XM_056775948.1	A
anno1.g3819.t2	A	rna-XM_056787584.1	A
anno1.g3820.t1	A	rna-XM_056775098.1	A
anno1.g3821.t1	A	rna-XM_056773845.1	A
anno1.g3822.t1	A	rna-XM_056777449.1	A
anno1.g3823.t1	A	rna-XM_056777862.1	A
anno1.g3825.t1	A	rna-XM_056782383.1	A
anno1.g3826.t1	A	rna-XM_056778617.1	A
anno1.g3827.t1	A	rna-XM_056777592.1	A
anno1.g3829.t1	A	rna-XM_056787802.1	A
anno1.g3830.t1	A	rna-XM_056790260.1	X
anno1.g3828.t2	A	rna-XM_056790566.1	X
anno1.g3831.t1	A	rna-XM_056787801.1	A
anno1.g3832.t1	A	rna-XM_056791904.1	A
anno1.g3833.t1	A	rna-XM_056784030.1	A
anno1.g3834.t1	A	rna-XM_056787558.1	A
anno1.g3835.t1	A	rna-XM_056776377.1	A
anno1.g3836.t8	A	rna-XM_056776354.1	A
anno1.g3837.t1	A	rna-XM_056773696.1	A
anno1.g3838.t1	A	rna-XM_056788861.1	A
anno1.g3839.t1	A	rna-XM_056777180.1	A
anno1.g3841.t1	A	rna-XM_056786500.1	A
anno1.g3842.t1	A	rna-XM_056791984.1	A
anno1.g3843.t1	A	rna-XM_056786735.1	A
anno1.g3844.t1	A	rna-XM_056786734.1	A
anno1.g3845.t1	A	rna-XM_056789409.1	X
anno1.g3846.t1	A	rna-XM_056777456.1	A
anno1.g3847.t1	A	rna-XM_056790169.1	X
anno1.g3848.t1	A	rna-XM_056784847.1	A
anno1.g3852.t1	A	rna-XM_056785398.1	A
anno1.g3853.t1	A	rna-XM_056788774.1	A
anno1.g3854.t1	A	rna-XM_056788773.1	A
anno1.g3855.t1	A	rna-XM_056786356.1	A
anno1.g3751.t1	A	rna-XM_056776578.1	A
anno1.g3753.t2	A	rna-XM_056776575.1	A
anno1.g3754.t1	A	rna-XM_056776574.1	A
anno1.g3756.t2	A	rna-XM_056784582.1	A
anno1.g3757.t1	A	rna-XM_056779739.1	A
anno1.g3759.t1	A	rna-XM_056776907.1	A
anno1.g3762.t2	A	rna-XM_056776905.1	A
anno1.g3763.t1	A	rna-XM_056777101.1	A
anno1.g3764.t1	A	rna-XM_056780618.1	A
anno1.g3766.t1	A	rna-XM_056776962.1	A
anno1.g9553.t1	A	rna-XM_056784594.1	A
anno1.g3734.t2	A	rna-XM_056775115.1	A
anno1.g3735.t1	A	rna-XM_056792186.1	A
anno1.g3738.t1	A	rna-XM_056780213.1	A
anno1.g3739.t1	A	rna-XM_056783084.1	A
anno1.g3740.t1	A	rna-XM_056783086.1	A
anno1.g3741.t1	A	rna-XM_056792371.1	A
anno1.g3742.t1	A	rna-XM_056778049.1	A
anno1.g3743.t1	A	rna-XM_056778054.1	A
anno1.g3744.t1	A	rna-XM_056782599.1	A
anno1.g3745.t1	A	rna-XM_056782597.1	A
anno1.g3747.t1	A	rna-XM_056775307.1	A
anno1.g3749.t1	A	rna-XM_056783294.1	A
anno1.g9546.t1	A	rna-XM_056787742.1	A
anno1.g9547.t1	A	rna-XM_056790377.1	A
anno1.g3732.t2	A	rna-XM_056786139.1	A
anno1.g9489.t1	A	rna-XM_056774299.1	A
anno1.g9490.t1	A	rna-XM_056786094.1	A
anno1.g9493.t1	A	rna-XM_056775539.1	A
anno1.g9468.t1	A	rna-XM_056782489.1	A
anno1.g9470.t1	A	rna-XM_056782999.1	A
anno1.g9473.t2	A	rna-XM_056782658.1	A
anno1.g9475.t1	A	rna-XM_056774947.1	A
anno1.g9482.t1	A	rna-XM_056774102.1	A
anno1.g9484.t1	A	rna-XM_056781455.1	A
anno1.g9464.t1	A	rna-XM_056781329.1	A
anno1.g3712.t1	A	rna-XM_056788827.1	A
anno1.g3713.t1	A	rna-XM_056792570.1	A
anno1.g3714.t2	A	rna-XM_056792133.1	A
anno1.g3715.t2	A	rna-XM_056792131.1	A
anno1.g3720.t1	A	rna-XM_056792128.1	A
anno1.g3721.t1	A	rna-XM_056773589.1	A
anno1.g3722.t1	A	rna-XM_056792676.1	A
anno1.g3724.t1	A	rna-XM_056793095.1	A
anno1.g3725.t1	A	rna-XM_056773883.1	A
anno1.g3711.t1	A	rna-XM_056786121.1	A
anno1.g9449.t1	A	rna-XM_056779000.1	A
anno1.g3708.t1	A	rna-XM_056773849.1	A
anno1.g3707.t2	A	rna-XM_056784139.1	A
anno1.g9433.t1	A	rna-XM_056774587.1	A
anno1.g9435.t1	A	rna-XM_056774591.1	A
anno1.g9437.t2	A	rna-XM_056777040.1	A
anno1.g9438.t1	A	rna-XM_056779584.1	A
anno1.g3706.t1	A	rna-XM_056791482.1	A
anno1.g3697.t1	A	rna-XM_056778063.1	A
anno1.g3700.t8	A	rna-XM_056775401.1	A
anno1.g3701.t1	A	rna-XM_056778197.1	A
anno1.g3703.t1	A	rna-XM_056779577.1	A
anno1.g3704.t1	A	rna-XM_056781556.1	A
anno1.g3705.t2	A	rna-XM_056793202.1	A
anno1.g9420.t1	A	rna-XM_056775992.1	A
anno1.g9406.t1	A	rna-XM_056779711.1	A
anno1.g3693.t1	A	rna-XM_056792389.1	A
anno1.g3666.t1	A	rna-XM_056786056.1	A
anno1.g3667.t1	A	rna-XM_056786057.1	A
anno1.g3668.t1	A	rna-XM_056780596.1	A
anno1.g3669.t1	A	rna-XM_056781775.1	A
anno1.g3670.t1	A	rna-XM_056781581.1	A
anno1.g3671.t2	A	rna-XM_056781580.1	A
anno1.g3672.t1	A	rna-XM_056783007.1	A
anno1.g3673.t2	A	rna-XM_056783005.1	A
anno1.g3674.t1	A	rna-XM_056776521.1	A
anno1.g3677.t3	A	rna-XM_056777569.1	A
anno1.g3678.t1	A	rna-XM_056785227.1	A
anno1.g3679.t1	A	rna-XM_056785223.1	A
anno1.g3680.t1	A	rna-XM_056784738.1	A
anno1.g3682.t1	A	rna-XM_056784185.1	A
anno1.g3683.t2	A	rna-XM_056785228.1	A
anno1.g3685.t1	A	rna-XM_056784739.1	A
anno1.g3686.t1	A	rna-XM_056776323.1	A
anno1.g3687.t1	A	rna-XM_056785221.1	A
anno1.g3688.t2	A	rna-XM_056776244.1	A
anno1.g3689.t1	A	rna-XM_056793069.1	A
anno1.g3690.t1	A	rna-XM_056790313.1	X
anno1.g3691.t1	A	rna-XM_056776152.1	A
anno1.g9398.t1	A	rna-XM_056778469.1	A
anno1.g3650.t1	A	rna-XM_056792278.1	A
anno1.g3652.t1	A	rna-XM_056776307.1	A
anno1.g3653.t1	A	rna-XM_056789736.1	X
anno1.g3654.t1	A	rna-XM_056778811.1	A
anno1.g3655.t2	A	rna-XM_056776306.1	A
anno1.g3657.t1	A	rna-XM_056773804.1	A
anno1.g3658.t2	A	rna-XM_056781323.1	A
anno1.g3659.t1	A	rna-XM_056784665.1	A
anno1.g3660.t1	A	rna-XM_056787778.1	A
anno1.g3661.t3	A	rna-XM_056790178.1	X
anno1.g3663.t2	A	rna-XM_056790748.1	A
anno1.g3637.t1	A	rna-XM_056780697.1	A
anno1.g3638.t1	A	rna-XM_056780027.1	A
anno1.g3639.t1	A	rna-XM_056779525.1	A
anno1.g3640.t1	A	rna-XM_056777114.1	A
anno1.g3641.t1	A	rna-XM_056777343.1	A
anno1.g3642.t1	A	rna-XM_056777331.1	A
anno1.g3643.t1	A	rna-XM_056777958.1	A
anno1.g3644.t1	A	rna-XM_056776633.1	A
anno1.g3645.t1	A	rna-XM_056777959.1	A
anno1.g3646.t1	A	rna-XM_056781547.1	A
anno1.g3647.t1	A	rna-XM_056782035.1	A
anno1.g3648.t1	A	rna-XM_056789966.1	X
anno1.g3649.t1	A	rna-XM_056789438.1	X
anno1.g9380.t1	A	rna-XM_056792326.1	A
anno1.g9366.t1	A	rna-XM_056779096.1	A
anno1.g9359.t3	A	rna-XM_056775298.1	A
anno1.g9361.t1	A	rna-XM_056784310.1	A
anno1.g3630.t2	A	rna-XM_056783061.1	A
anno1.g3631.t1	A	rna-XM_056788717.1	A
anno1.g3632.t1	A	rna-XM_056788714.1	A
anno1.g3634.t1	A	rna-XM_056788536.1	A
anno1.g9356.t1	A	rna-XM_056791036.1	X
anno1.g9355.t1	A	rna-XM_056787044.1	A
anno1.g3594.t1	A	rna-XM_056775823.1	A
anno1.g3597.t2	A	rna-XM_056793081.1	A
anno1.g3598.t1	A	rna-XM_056791651.1	A
anno1.g3601.t1	A	rna-XM_056793077.1	A
anno1.g3602.t1	A	rna-XM_056773732.1	A
anno1.g3604.t1	A	rna-XM_056783356.1	A
anno1.g3606.t2	A	rna-XM_056782901.1	A
anno1.g3607.t1	A	rna-XM_056791778.1	A
anno1.g3608.t1	A	rna-XM_056782883.1	A
anno1.g3609.t1	A	rna-XM_056792714.1	A
anno1.g3610.t1	A	rna-XM_056793078.1	A
anno1.g3611.t2	A	rna-XM_056781967.1	A
anno1.g3612.t1	A	rna-XM_056781915.1	A
anno1.g3614.t1	A	rna-XM_056786614.1	A
anno1.g3615.t3	A	rna-XM_056779572.1	A
anno1.g3616.t2	A	rna-XM_056780957.1	A
anno1.g3617.t1	A	rna-XM_056790841.1	X
anno1.g3618.t1	A	rna-XM_056793087.1	A
anno1.g3619.t1	A	rna-XM_056787000.1	A
anno1.g3626.t1	A	rna-XM_056776528.1	A
anno1.g3588.t1	A	rna-XM_056792920.1	A
anno1.g9328.t1	A	rna-XM_056785355.1	A
anno1.g9329.t1	A	rna-XM_056774216.1	A
anno1.g3556.t1	A	rna-XM_056775927.1	A
anno1.g3559.t1	A	rna-XM_056781599.1	A
anno1.g3560.t1	A	rna-XM_056790185.1	A
anno1.g3561.t1	A	rna-XM_056785400.1	A
anno1.g3563.t1	A	rna-XM_056780491.1	A
anno1.g3564.t1	A	rna-XM_056774481.1	A
anno1.g3565.t2	A	rna-XM_056790167.1	X
anno1.g3566.t1	A	rna-XM_056783073.1	A
anno1.g3567.t1	A	rna-XM_056790925.1	X
anno1.g3569.t1	A	rna-XM_056783968.1	A
anno1.g3570.t1	A	rna-XM_056784686.1	A
anno1.g3571.t5	A	rna-XM_056779051.1	A
anno1.g3572.t1	A	rna-XM_056784192.1	A
anno1.g3577.t2	A	rna-XM_056780278.1	A
anno1.g3578.t1	A	rna-XM_056780282.1	A
anno1.g3579.t1	A	rna-XM_056780279.1	A
anno1.g3580.t1	A	rna-XM_056791558.1	A
anno1.g3581.t1	A	rna-XM_056784984.1	A
anno1.g3583.t1	A	rna-XM_056775711.1	A
anno1.g3584.t2	A	rna-XM_056781298.1	A
anno1.g3585.t1	A	rna-XM_056779260.1	A
anno1.g3586.t1	A	rna-XM_056775287.1	A
anno1.g3587.t1	A	rna-XM_056781304.1	A
anno1.g9311.t1	A	rna-XM_056774206.1	A
anno1.g9319.t1	A	rna-XM_056791843.1	A
anno1.g3530.t1	A	rna-XM_056792147.1	A
anno1.g3532.t1	A	rna-XM_056773970.1	A
anno1.g3533.t2	A	rna-XM_056791932.1	A
anno1.g3535.t1	A	rna-XM_056792106.1	A
anno1.g3537.t2	A	rna-XM_056788194.1	A
anno1.g3538.t1	A	rna-XM_056775489.1	A
anno1.g3540.t2	A	rna-XM_056788858.1	A
anno1.g3541.t1	A	rna-XM_056788526.1	A
anno1.g3542.t1	A	rna-XM_056785586.1	A
anno1.g3544.t2	A	rna-XM_056790601.1	X
anno1.g3545.t2	A	rna-XM_056791960.1	A
anno1.g3546.t1	A	rna-XM_056788895.1	A
anno1.g3547.t2	A	rna-XM_056780597.1	A
anno1.g3548.t1	A	rna-XM_056780321.1	A
anno1.g3549.t2	A	rna-XM_056787574.1	A
anno1.g3550.t1	A	rna-XM_056789012.1	A
anno1.g3552.t1	A	rna-XM_056791940.1	A
anno1.g3553.t1	A	rna-XM_056792144.1	A
anno1.g3554.t1	A	rna-XM_056785790.1	A
anno1.g9247.t1	A	rna-XM_056785106.1	A
anno1.g3503.t1	A	rna-XM_056774694.1	A
anno1.g3505.t1	A	rna-XM_056775124.1	A
anno1.g3506.t1	A	rna-XM_056775129.1	A
anno1.g3507.t1	A	rna-XM_056775126.1	A
anno1.g3508.t2	A	rna-XM_056775127.1	A
anno1.g3509.t1	A	rna-XM_056775523.1	A
anno1.g3512.t1	A	rna-XM_056785652.1	A
anno1.g3513.t1	A	rna-XM_056774147.1	A
anno1.g3514.t1	A	rna-XM_056774145.1	A
anno1.g3516.t1	A	rna-XM_056790524.1	X
anno1.g3517.t2	A	rna-XM_056773991.1	A
anno1.g3518.t1	A	rna-XM_056773989.1	A
anno1.g3519.t1	A	rna-XM_056773596.1	A
anno1.g3520.t1	A	rna-XM_056773594.1	A
anno1.g3521.t1	A	rna-XM_056785671.1	A
anno1.g3522.t1	A	rna-XM_056774921.1	A
anno1.g3523.t1	A	rna-XM_056789015.1	A
anno1.g3524.t1	A	rna-XM_056788360.1	A
anno1.g3526.t3	A	rna-XM_056788362.1	A
anno1.g9233.t2	A	rna-XM_056788051.1	A
anno1.g9231.t1	A	rna-XM_056784101.1	A
anno1.g9229.t1	A	rna-XM_056783576.1	A
anno1.g3479.t2	A	rna-XM_056784732.1	A
anno1.g3481.t1	A	rna-XM_056783889.1	A
anno1.g3482.t1	A	rna-XM_056783895.1	A
anno1.g3483.t1	A	rna-XM_056783897.1	A
anno1.g3484.t1	A	rna-XM_056785588.1	A
anno1.g3489.t1	A	rna-XM_056787251.1	A
anno1.g3491.t1	A	rna-XM_056787253.1	A
anno1.g3492.t2	A	rna-XM_056787254.1	A
anno1.g3493.t1	A	rna-XM_056787248.1	A
anno1.g3495.t1	A	rna-XM_056785383.1	A
anno1.g3496.t1	A	rna-XM_056779001.1	A
anno1.g3497.t1	A	rna-XM_056784115.1	A
anno1.g9215.t2	A	rna-XM_056785942.1	A
anno1.g9218.t1	A	rna-XM_056782406.1	A
anno1.g9219.t1	A	rna-XM_056775199.1	A
anno1.g9220.t1	A	rna-XM_056781782.1	A
anno1.g9222.t1	A	rna-XM_056778757.1	A
anno1.g9226.t1	A	rna-XM_056784082.1	A
anno1.g9209.t1	A	rna-XM_056790388.1	A
anno1.g9189.t1	A	rna-XM_056776305.1	A
anno1.g3468.t1	A	rna-XM_056792851.1	A
anno1.g3469.t1	A	rna-XM_056774143.1	A
anno1.g9171.t1	A	rna-XM_056785299.1	A
anno1.g3457.t2	A	rna-XM_056778217.1	A
anno1.g3458.t1	A	rna-XM_056778214.1	A
anno1.g3418.t1	X	rna-XM_056789202.1	X
anno1.g3419.t1	X	rna-XM_056789907.1	X
anno1.g3422.t1	X	rna-XM_056789257.1	X
anno1.g3424.t1	X	rna-XM_056790943.1	X
anno1.g3426.t1	X	rna-XM_056789542.1	X
anno1.g3427.t2	X	rna-XM_056790569.1	X
anno1.g3428.t1	X	rna-XM_056789873.1	X
anno1.g3429.t1	X	rna-XM_056775863.1	A
anno1.g3430.t1	X	rna-XM_056790568.1	X
anno1.g3431.t1	X	rna-XM_056790502.1	X
anno1.g3432.t1	X	rna-XM_056789616.1	X
anno1.g3433.t1	X	rna-XM_056789314.1	X
anno1.g3435.t1	X	rna-XM_056789165.1	X
anno1.g3438.t1	X	rna-XM_056785210.1	A
anno1.g3440.t1	X	rna-XM_056790897.1	X
anno1.g3442.t2	X	rna-XM_056790294.1	X
anno1.g3447.t1	X	rna-XM_056779634.1	A
anno1.g3448.t1	X	rna-XM_056790887.1	X
anno1.g3450.t1	X	rna-XM_056789313.1	X
anno1.g3451.t1	X	rna-XM_056790177.1	X
anno1.g3452.t2	X	rna-XM_056790175.1	X
anno1.g3453.t1	X	rna-XM_056790106.1	X
anno1.g3454.t1	X	rna-XM_056790012.1	X
anno1.g9158.t1	A	rna-XM_056781582.1	A
anno1.g9159.t1	A	rna-XM_056783424.1	A
anno1.g3399.t3	A	rna-XM_056776103.1	A
anno1.g3400.t1	A	rna-XM_056780530.1	A
anno1.g3401.t1	A	rna-XM_056781562.1	A
anno1.g3402.t1	A	rna-XM_056789120.1	A
anno1.g3405.t1	A	rna-XM_056788249.1	A
anno1.g3406.t1	A	rna-XM_056779767.1	A
anno1.g3407.t1	A	rna-XM_056779747.1	A
anno1.g3408.t2	A	rna-XM_056782588.1	A
anno1.g3409.t1	A	rna-XM_056776773.1	A
anno1.g3410.t1	A	rna-XM_056776774.1	A
anno1.g3412.t1	A	rna-XM_056776775.1	A
anno1.g3413.t1	A	rna-XM_056774919.1	A
anno1.g3414.t1	A	rna-XM_056777944.1	A
anno1.g3415.t1	A	rna-XM_056776030.1	A
anno1.g9150.t1	A	rna-XM_056781438.1	A
anno1.g9151.t1	A	rna-XM_056791811.1	A
anno1.g9152.t2	A	rna-XM_056783524.1	A
anno1.g3383.t2	A	rna-XM_056774367.1	A
anno1.g3384.t1	A	rna-XM_056773666.1	A
anno1.g3387.t1	A	rna-XM_056785604.1	A
anno1.g3388.t1	A	rna-XM_056778863.1	A
anno1.g3389.t1	A	rna-XM_056778876.1	A
anno1.g3390.t1	A	rna-XM_056778878.1	A
anno1.g3391.t1	A	rna-XM_056778864.1	A
anno1.g3392.t1	A	rna-XM_056778879.1	A
anno1.g3393.t1	A	rna-XM_056778882.1	A
anno1.g3395.t1	A	rna-XM_056776411.1	A
anno1.g3396.t1	A	rna-XM_056792003.1	A
anno1.g9110.t1	A	rna-XM_056787394.1	A
anno1.g3378.t1	A	rna-XM_056786099.1	A
anno1.g3315.t1	A	rna-XM_056778220.1	A
anno1.g3316.t1	A	rna-XM_056792136.1	A
anno1.g3317.t1	A	rna-XM_056785426.1	A
anno1.g3318.t1	A	rna-XM_056781398.1	A
anno1.g3320.t1	A	rna-XM_056776254.1	A
anno1.g3321.t2	A	rna-XM_056781832.1	A
anno1.g3322.t1	A	rna-XM_056787733.1	A
anno1.g3324.t2	A	rna-XM_056781827.1	A
anno1.g3325.t1	A	rna-XM_056778348.1	A
anno1.g3327.t1	A	rna-XM_056776898.1	A
anno1.g3328.t1	A	rna-XM_056782979.1	A
anno1.g3329.t1	A	rna-XM_056783108.1	A
anno1.g3332.t1	A	rna-XM_056783246.1	A
anno1.g3333.t3	A	rna-XM_056782853.1	A
anno1.g3334.t1	A	rna-XM_056775349.1	A
anno1.g3335.t1	A	rna-XM_056783107.1	A
anno1.g3336.t1	A	rna-XM_056778233.1	A
anno1.g3337.t1	A	rna-XM_056774628.1	A
anno1.g3338.t1	A	rna-XM_056774615.1	A
anno1.g3339.t1	A	rna-XM_056774592.1	A
anno1.g3340.t1	A	rna-XM_056781325.1	A
anno1.g3341.t1	A	rna-XM_056782208.1	A
anno1.g3342.t1	A	rna-XM_056786290.1	A
anno1.g3349.t2	A	rna-XM_056782791.1	A
anno1.g3350.t3	A	rna-XM_056789091.1	A
anno1.g3352.t1	A	rna-XM_056789069.1	A
anno1.g3353.t1	A	rna-XM_056778634.1	A
anno1.g3354.t1	A	rna-XM_056774103.1	A
anno1.g3355.t1	A	rna-XM_056774104.1	A
anno1.g3356.t1	A	rna-XM_056778602.1	A
anno1.g3357.t1	A	rna-XM_056775909.1	A
anno1.g3358.t1	A	rna-XM_056775394.1	A
anno1.g3359.t1	A	rna-XM_056786337.1	A
anno1.g3360.t1	A	rna-XM_056786277.1	A
anno1.g3361.t1	A	rna-XM_056775622.1	A
anno1.g3362.t1	A	rna-XM_056786765.1	A
anno1.g3364.t1	A	rna-XM_056782364.1	A
anno1.g3368.t1	A	rna-XM_056793119.1	A
anno1.g3369.t1	A	rna-XM_056789741.1	X
anno1.g3370.t2	A	rna-XM_056780137.1	A
anno1.g3371.t1	A	rna-XM_056780638.1	A
anno1.g3372.t1	A	rna-XM_056781585.1	A
anno1.g3373.t1	A	rna-XM_056780144.1	A
anno1.g3297.t1	A	rna-XM_056778966.1	A
anno1.g3298.t1	A	rna-XM_056792148.1	A
anno1.g3299.t1	A	rna-XM_056784698.1	A
anno1.g3300.t3	A	rna-XM_056781386.1	A
anno1.g3301.t1	A	rna-XM_056781440.1	A
anno1.g3302.t1	A	rna-XM_056773866.1	A
anno1.g3303.t1	A	rna-XM_056780005.1	A
anno1.g3305.t1	A	rna-XM_056773865.1	A
anno1.g3306.t1	A	rna-XM_056773833.1	A
anno1.g3307.t1	A	rna-XM_056773734.1	A
anno1.g3308.t1	A	rna-XM_056773741.1	A
anno1.g3309.t1	A	rna-XM_056792308.1	A
anno1.g3310.t1	A	rna-XM_056793118.1	A
anno1.g3311.t1	A	rna-XM_056793112.1	A
anno1.g3312.t1	A	rna-XM_056792143.1	A
anno1.g3313.t1	A	rna-XM_056778239.1	A
anno1.g3314.t1	A	rna-XM_056778232.1	A
anno1.g13769.t1	A	rna-XM_056778068.1	A
anno1.g13770.t1	A	rna-XM_056788161.1	A
anno1.g13771.t1	A	rna-XM_056786401.1	A
anno1.g13774.t2	A	rna-XM_056785040.1	A
anno1.g13775.t1	A	rna-XM_056792017.1	A
anno1.g13776.t1	A	rna-XM_056788483.1	A
anno1.g13777.t1	A	rna-XM_056775785.1	A
anno1.g13778.t1	A	rna-XM_056774484.1	A
anno1.g13779.t1	A	rna-XM_056792820.1	A
anno1.g13780.t1	A	rna-XM_056777116.1	A
anno1.g13781.t1	A	rna-XM_056777865.1	A
anno1.g13782.t1	A	rna-XM_056783515.1	A
anno1.g13783.t1	A	rna-XM_056778206.1	A
anno1.g13784.t1	A	rna-XM_056781577.1	A
anno1.g13785.t1	A	rna-XM_056775865.1	A
anno1.g13786.t2	A	rna-XM_056783960.1	A
anno1.g13787.t1	A	rna-XM_056783961.1	A
anno1.g13788.t1	A	rna-XM_056780310.1	A
anno1.g13790.t1	A	rna-XM_056789451.1	X
anno1.g13791.t1	A	rna-XM_056786386.1	A
anno1.g13792.t1	A	rna-XM_056784987.1	A
anno1.g13793.t1	A	rna-XM_056784973.1	A
anno1.g13794.t1	A	rna-XM_056785147.1	A
anno1.g13795.t1	A	rna-XM_056784843.1	A
anno1.g13796.t1	A	rna-XM_056786387.1	A
anno1.g13799.t1	A	rna-XM_056785563.1	A
anno1.g13812.t1	A	rna-XM_056786389.1	A
anno1.g13815.t5	A	rna-XM_056786153.1	A
anno1.g13818.t1	A	rna-XM_056786432.1	A
anno1.g13820.t1	A	rna-XM_056786434.1	A
anno1.g13822.t3	A	rna-XM_056775210.1	A
anno1.g13729.t2	A	rna-XM_056784190.1	A
anno1.g13730.t1	A	rna-XM_056785356.1	A
anno1.g13731.t1	A	rna-XM_056780551.1	A
anno1.g13732.t1	A	rna-XM_056784504.1	A
anno1.g13735.t3	A	rna-XM_056784509.1	A
anno1.g13736.t1	A	rna-XM_056780689.1	A
anno1.g13737.t1	A	rna-XM_056792499.1	A
anno1.g13740.t1	A	rna-XM_056780622.1	A
anno1.g13742.t1	A	rna-XM_056780667.1	A
anno1.g13744.t1	A	rna-XM_056791875.1	A
anno1.g13745.t1	A	rna-XM_056792853.1	A
anno1.g13746.t1	A	rna-XM_056791013.1	A
anno1.g13747.t1	A	rna-XM_056792806.1	A
anno1.g13748.t1	A	rna-XM_056790436.1	A
anno1.g13751.t1	A	rna-XM_056782905.1	A
anno1.g13752.t1	A	rna-XM_056782793.1	A
anno1.g13753.t1	A	rna-XM_056783940.1	A
anno1.g13754.t1	A	rna-XM_056773839.1	A
anno1.g13755.t1	A	rna-XM_056781133.1	A
anno1.g13756.t1	A	rna-XM_056779801.1	A
anno1.g13758.t2	A	rna-XM_056775537.1	A
anno1.g13759.t1	A	rna-XM_056775966.1	A
anno1.g13760.t1	A	rna-XM_056774142.1	A
anno1.g13761.t1	A	rna-XM_056779227.1	A
anno1.g13763.t1	A	rna-XM_056792322.1	A
anno1.g13764.t1	A	rna-XM_056792490.1	A
anno1.g13765.t1	A	rna-XM_056781359.1	A
anno1.g13727.t1	A	rna-XM_056788152.1	A
anno1.g13728.t4	A	rna-XM_056787526.1	A
anno1.g3293.t1	A	rna-XM_056777292.1	A
anno1.g13696.t1	A	rna-XM_056776616.1	A
anno1.g13697.t1	A	rna-XM_056775032.1	A
anno1.g13698.t1	A	rna-XM_056781568.1	A
anno1.g13699.t1	A	rna-XM_056786618.1	A
anno1.g13700.t1	A	rna-XM_056792455.1	A
anno1.g13701.t1	A	rna-XM_056780270.1	A
anno1.g13693.t3	A	rna-XM_056791983.1	A
anno1.g13694.t1	A	rna-XM_056779590.1	A
anno1.g3277.t1	A	rna-XM_056783006.1	A
anno1.g3279.t1	A	rna-XM_056782215.1	A
anno1.g3281.t1	A	rna-XM_056792885.1	A
anno1.g3283.t1	A	rna-XM_056792238.1	A
anno1.g3284.t1	A	rna-XM_056776583.1	A
anno1.g3285.t1	A	rna-XM_056786119.1	A
anno1.g3289.t1	A	rna-XM_056788183.1	A
anno1.g3290.t1	A	rna-XM_056782228.1	A
anno1.g3291.t1	A	rna-XM_056784734.1	A
anno1.g3292.t1	A	rna-XM_056784749.1	A
anno1.g13686.t2	X	rna-XM_056790320.1	X
anno1.g13683.t1	A	rna-XM_056779076.1	A
anno1.g13684.t1	A	rna-XM_056779078.1	A
anno1.g13676.t1	A	rna-XM_056784315.1	A
anno1.g13679.t2	A	rna-XM_056793075.1	A
anno1.g13680.t1	A	rna-XM_056784313.1	A
anno1.g13616.t2	A	rna-XM_056780801.1	A
anno1.g13617.t1	A	rna-XM_056780531.1	A
anno1.g13618.t1	A	rna-XM_056781003.1	A
anno1.g13619.t1	A	rna-XM_056777155.1	A
anno1.g13620.t1	A	rna-XM_056777154.1	A
anno1.g13621.t1	A	rna-XM_056777153.1	A
anno1.g13623.t1	A	rna-XM_056777147.1	A
anno1.g13624.t1	A	rna-XM_056778793.1	A
anno1.g13625.t2	A	rna-XM_056789792.1	X
anno1.g13626.t2	A	rna-XM_056789630.1	X
anno1.g13627.t1	A	rna-XM_056785774.1	A
anno1.g13628.t2	A	rna-XM_056785778.1	A
anno1.g13629.t1	A	rna-XM_056787589.1	A
anno1.g13630.t1	A	rna-XM_056775008.1	A
anno1.g13631.t1	A	rna-XM_056776062.1	A
anno1.g13632.t1	A	rna-XM_056774464.1	A
anno1.g13633.t1	A	rna-XM_056774463.1	A
anno1.g13634.t1	A	rna-XM_056792072.1	A
anno1.g13635.t1	A	rna-XM_056776517.1	A
anno1.g13636.t1	A	rna-XM_056775317.1	A
anno1.g13637.t1	A	rna-XM_056779645.1	A
anno1.g13639.t1	A	rna-XM_056788003.1	A
anno1.g13640.t1	A	rna-XM_056778771.1	A
anno1.g13641.t1	A	rna-XM_056788790.1	A
anno1.g13643.t1	A	rna-XM_056781094.1	A
anno1.g13645.t1	A	rna-XM_056775030.1	A
anno1.g13652.t1	A	rna-XM_056780624.1	A
anno1.g13654.t1	A	rna-XM_056785183.1	A
anno1.g13656.t1	A	rna-XM_056774177.1	A
anno1.g13658.t1	A	rna-XM_056777090.1	A
anno1.g13659.t1	A	rna-XM_056778112.1	A
anno1.g13661.t2	A	rna-XM_056790496.1	X
anno1.g13662.t1	A	rna-XM_056778434.1	A
anno1.g13663.t1	A	rna-XM_056782510.1	A
anno1.g13664.t1	A	rna-XM_056782511.1	A
anno1.g13665.t1	A	rna-XM_056774452.1	A
anno1.g13666.t1	A	rna-XM_056786393.1	A
anno1.g13667.t1	A	rna-XM_056786383.1	A
anno1.g13668.t2	A	rna-XM_056774565.1	A
anno1.g13669.t1	A	rna-XM_056781399.1	A
anno1.g13670.t1	A	rna-XM_056778142.1	A
anno1.g13671.t1	A	rna-XM_056787626.1	A
anno1.g13672.t1	A	rna-XM_056787445.1	A
anno1.g3272.t1	A	rna-XM_056792600.1	A
anno1.g3265.t1	A	rna-XM_056777991.1	A
anno1.g3267.t1	A	rna-XM_056777071.1	A
anno1.g3268.t1	A	rna-XM_056779993.1	A
anno1.g13602.t1	A	rna-XM_056780328.1	A
anno1.g13603.t1	A	rna-XM_056780973.1	A
anno1.g13605.t2	A	rna-XM_056789290.1	X
anno1.g13606.t1	A	rna-XM_056782402.1	A
anno1.g13607.t2	A	rna-XM_056777172.1	A
anno1.g13595.t1	A	rna-XM_056791888.1	A
anno1.g13591.t1	A	rna-XM_056777436.1	A
anno1.g13576.t2	A	rna-XM_056784822.1	A
anno1.g13577.t1	A	rna-XM_056787402.1	A
anno1.g13578.t1	A	rna-XM_056786333.1	A
anno1.g13579.t1	A	rna-XM_056786760.1	A
anno1.g13581.t1	A	rna-XM_056779849.1	A
anno1.g13584.t1	A	rna-XM_056780007.1	A
anno1.g13585.t2	A	rna-XM_056779329.1	A
anno1.g13586.t1	A	rna-XM_056782965.1	A
anno1.g13587.t1	A	rna-XM_056774298.1	A
anno1.g13588.t1	A	rna-XM_056777635.1	A
anno1.g13589.t1	A	rna-XM_056775709.1	A
anno1.g13568.t1	A	rna-XM_056782248.1	A
anno1.g3237.t1	A	rna-XM_056786965.1	A
anno1.g3238.t1	A	rna-XM_056776867.1	A
anno1.g3239.t1	A	rna-XM_056778903.1	A
anno1.g3240.t1	A	rna-XM_056777572.1	A
anno1.g3241.t2	A	rna-XM_056776958.1	A
anno1.g3242.t1	A	rna-XM_056786366.1	A
anno1.g3243.t1	A	rna-XM_056780417.1	A
anno1.g3244.t1	A	rna-XM_056776657.1	A
anno1.g3249.t1	A	rna-XM_056787314.1	A
anno1.g3252.t1	A	rna-XM_056777088.1	A
anno1.g3254.t1	A	rna-XM_056792568.1	A
anno1.g3255.t1	A	rna-XM_056776993.1	A
anno1.g3258.t2	A	rna-XM_056792875.1	A
anno1.g3232.t1	A	rna-XM_056777230.1	A
anno1.g3229.t1	A	rna-XM_056775508.1	A
anno1.g13539.t1	A	rna-XM_056787897.1	A
anno1.g13540.t1	A	rna-XM_056783748.1	A
anno1.g13541.t1	A	rna-XM_056782177.1	A
anno1.g13542.t1	A	rna-XM_056781340.1	A
anno1.g13544.t1	A	rna-XM_056781001.1	A
anno1.g13545.t1	A	rna-XM_056781000.1	A
anno1.g13546.t1	A	rna-XM_056782947.1	A
anno1.g13547.t1	A	rna-XM_056792345.1	A
anno1.g13548.t1	A	rna-XM_056788599.1	A
anno1.g13549.t1	A	rna-XM_056788973.1	A
anno1.g13550.t1	A	rna-XM_056788603.1	A
anno1.g13551.t1	A	rna-XM_056788608.1	A
anno1.g13552.t1	A	rna-XM_056774341.1	A
anno1.g13553.t1	A	rna-XM_056774342.1	A
anno1.g13554.t1	A	rna-XM_056774339.1	A
anno1.g13555.t1	A	rna-XM_056782572.1	A
anno1.g13556.t1	A	rna-XM_056784179.1	A
anno1.g13558.t1	A	rna-XM_056776005.1	A
anno1.g13559.t1	A	rna-XM_056792915.1	A
anno1.g13560.t1	A	rna-XM_056774654.1	A
anno1.g13561.t1	A	rna-XM_056773900.1	A
anno1.g13534.t1	A	rna-XM_056789984.1	X
anno1.g13536.t1	A	rna-XM_056790359.1	X
anno1.g13537.t1	A	rna-XM_056778707.1	A
anno1.g13538.t2	A	rna-XM_056778705.1	A
anno1.g13531.t1	A	rna-XM_056792601.1	A
anno1.g13533.t1	A	rna-XM_056786097.1	A
anno1.g3192.t1	A	rna-XM_056782539.1	A
anno1.g3193.t1	A	rna-XM_056792947.1	A
anno1.g3194.t2	A	rna-XM_056784470.1	A
anno1.g3195.t1	A	rna-XM_056791954.1	A
anno1.g3196.t1	A	rna-XM_056779334.1	A
anno1.g3198.t1	A	rna-XM_056782714.1	A
anno1.g3199.t1	A	rna-XM_056774292.1	A
anno1.g3201.t1	A	rna-XM_056781421.1	A
anno1.g3202.t1	A	rna-XM_056781430.1	A
anno1.g3203.t1	A	rna-XM_056781423.1	A
anno1.g3204.t1	A	rna-XM_056781427.1	A
anno1.g3205.t1	A	rna-XM_056781429.1	A
anno1.g3206.t3	A	rna-XM_056781428.1	A
anno1.g3207.t1	A	rna-XM_056789023.1	A
anno1.g3208.t1	A	rna-XM_056787150.1	A
anno1.g3209.t1	A	rna-XM_056782689.1	A
anno1.g3210.t1	A	rna-XM_056774291.1	A
anno1.g3211.t1	A	rna-XM_056791787.1	A
anno1.g3212.t1	A	rna-XM_056778750.1	A
anno1.g3213.t1	A	rna-XM_056778751.1	A
anno1.g3217.t2	A	rna-XM_056788601.1	A
anno1.g3219.t1	A	rna-XM_056786275.1	A
anno1.g3220.t1	A	rna-XM_056788594.1	A
anno1.g3221.t1	A	rna-XM_056788596.1	A
anno1.g3222.t1	A	rna-XM_056788600.1	A
anno1.g3223.t1	A	rna-XM_056781426.1	A
anno1.g3225.t1	A	rna-XM_056781424.1	A
anno1.g3226.t1	A	rna-XM_056791999.1	A
anno1.g3227.t1	A	rna-XM_056789578.1	X
anno1.g3228.t1	A	rna-XM_056780243.1	A
anno1.g13530.t1	A	rna-XM_056776576.1	A
anno1.g13524.t1	A	rna-XM_056778558.1	A
anno1.g13516.t1	A	rna-XM_056779946.1	A
anno1.g13519.t1	A	rna-XM_056778017.1	A
anno1.g13520.t1	A	rna-XM_056791880.1	A
anno1.g13521.t1	A	rna-XM_056791879.1	A
anno1.g13522.t2	A	rna-XM_056783641.1	A
anno1.g13486.t1	A	rna-XM_056787283.1	A
anno1.g13487.t1	A	rna-XM_056774641.1	A
anno1.g13488.t2	A	rna-XM_056778605.1	A
anno1.g13489.t1	A	rna-XM_056790314.1	X
anno1.g13490.t1	A	rna-XM_056789950.1	X
anno1.g13491.t1	A	rna-XM_056788747.1	A
anno1.g13492.t2	A	rna-XM_056787252.1	A
anno1.g13493.t1	A	rna-XM_056787548.1	A
anno1.g13494.t1	A	rna-XM_056774902.1	A
anno1.g13495.t1	A	rna-XM_056774846.1	A
anno1.g13496.t1	A	rna-XM_056790075.1	A
anno1.g13497.t1	A	rna-XM_056774117.1	A
anno1.g13499.t1	A	rna-XM_056788760.1	A
anno1.g13502.t1	A	rna-XM_056788529.1	A
anno1.g13505.t1	A	rna-XM_056788532.1	A
anno1.g13506.t1	A	rna-XM_056788764.1	A
anno1.g13510.t1	A	rna-XM_056788531.1	A
anno1.g13498.t12	A	rna-XM_056788509.1	A
anno1.g13512.t1	A	rna-XM_056788525.1	A
anno1.g13513.t1	A	rna-XM_056787790.1	A
anno1.g13482.t1	X	rna-XM_056790904.1	X
anno1.g13483.t1	X	rna-XM_056789856.1	X
anno1.g13484.t1	X	rna-XM_056789855.1	X
anno1.g13485.t1	X	rna-XM_056789807.1	X
anno1.g13476.t1	A	rna-XM_056781172.1	A
anno1.g13477.t1	A	rna-XM_056780446.1	A
anno1.g13480.t1	A	rna-XM_056787233.1	A
anno1.g13481.t1	A	rna-XM_056787232.1	A
anno1.g13468.t1	X	rna-XM_056790901.1	X
anno1.g13469.t1	X	rna-XM_056790226.1	X
anno1.g13473.t1	X	rna-XM_056781283.1	A
anno1.g13474.t1	X	rna-XM_056789751.1	X
anno1.g13475.t1	X	rna-XM_056789713.1	X
anno1.g13457.t1	A	rna-XM_056784730.1	A
anno1.g13458.t1	A	rna-XM_056780475.1	A
anno1.g13459.t1	A	rna-XM_056777724.1	A
anno1.g13460.t1	A	rna-XM_056776849.1	A
anno1.g13461.t1	A	rna-XM_056777387.1	A
anno1.g13462.t1	A	rna-XM_056784810.1	A
anno1.g13464.t2	A	rna-XM_056774335.1	A
anno1.g13465.t1	A	rna-XM_056793123.1	A
anno1.g13466.t2	A	rna-XM_056780460.1	A
anno1.g3175.t1	A	rna-XM_056781660.1	A
anno1.g3176.t1	A	rna-XM_056779307.1	A
anno1.g3177.t2	A	rna-XM_056777184.1	A
anno1.g3179.t1	A	rna-XM_056791662.1	A
anno1.g3185.t2	A	rna-XM_056791672.1	A
anno1.g3187.t1	A	rna-XM_056790115.1	A
anno1.g13454.t1	A	rna-XM_056791025.1	X
anno1.g13455.t2	A	rna-XM_056791023.1	X
anno1.g13456.t1	A	rna-XM_056783389.1	A
anno1.g13446.t1	A	rna-XM_056779057.1	A
anno1.g13447.t1	A	rna-XM_056785854.1	A
anno1.g13448.t1	A	rna-XM_056777303.1	A
anno1.g13449.t1	A	rna-XM_056781295.1	A
anno1.g13450.t1	A	rna-XM_056777664.1	A
anno1.g13409.t1	A	rna-XM_056783481.1	A
anno1.g13411.t1	A	rna-XM_056784118.1	A
anno1.g13412.t2	A	rna-XM_056783057.1	A
anno1.g13413.t1	A	rna-XM_056774219.1	A
anno1.g13414.t2	A	rna-XM_056774217.1	A
anno1.g13415.t1	A	rna-XM_056792311.1	A
anno1.g13416.t2	A	rna-XM_056792310.1	A
anno1.g13418.t1	A	rna-XM_056792519.1	A
anno1.g13419.t2	A	rna-XM_056774940.1	A
anno1.g13420.t1	A	rna-XM_056792927.1	A
anno1.g13421.t1	A	rna-XM_056773605.1	A
anno1.g13422.t1	A	rna-XM_056773763.1	A
anno1.g13423.t1	A	rna-XM_056792713.1	A
anno1.g13424.t1	A	rna-XM_056792709.1	A
anno1.g13425.t1	A	rna-XM_056774167.1	A
anno1.g13427.t2	A	rna-XM_056785017.1	A
anno1.g13429.t2	A	rna-XM_056777106.1	A
anno1.g13430.t1	A	rna-XM_056787583.1	A
anno1.g13431.t1	A	rna-XM_056783636.1	A
anno1.g13432.t3	A	rna-XM_056774028.1	A
anno1.g13433.t1	A	rna-XM_056787917.1	A
anno1.g13434.t4	A	rna-XM_056783546.1	A
anno1.g13435.t1	A	rna-XM_056782468.1	A
anno1.g13436.t1	A	rna-XM_056783077.1	A
anno1.g13437.t1	A	rna-XM_056775515.1	A
anno1.g13438.t2	A	rna-XM_056783023.1	A
anno1.g13439.t1	A	rna-XM_056779504.1	A
anno1.g13440.t1	A	rna-XM_056777211.1	A
anno1.g13441.t1	A	rna-XM_056774275.1	A
anno1.g13442.t1	A	rna-XM_056774282.1	A
anno1.g13443.t3	A	rna-XM_056774347.1	A
anno1.g13444.t1	A	rna-XM_056778990.1	A
anno1.g13403.t1	Y	rna-XM_056788907.1	A
anno1.g13401.t1	A	rna-XM_056790508.1	X
anno1.g13397.t1	A	rna-XM_056789814.1	X
anno1.g13398.t1	A	rna-XM_056790990.1	X
anno1.g3137.t1	A	rna-XM_056788762.1	A
anno1.g3142.t1	A	rna-XM_056788748.1	A
anno1.g3143.t1	A	rna-XM_056781269.1	A
anno1.g3144.t1	A	rna-XM_056786149.1	A
anno1.g3145.t1	A	rna-XM_056780006.1	A
anno1.g3146.t1	A	rna-XM_056774955.1	A
anno1.g3147.t1	A	rna-XM_056792498.1	A
anno1.g3159.t1	A	rna-XM_056777052.1	A
anno1.g3162.t1	A	rna-XM_056785927.1	A
anno1.g3163.t1	A	rna-XM_056780979.1	A
anno1.g3164.t1	A	rna-XM_056781102.1	A
anno1.g3165.t1	A	rna-XM_056783539.1	A
anno1.g3166.t1	A	rna-XM_056783538.1	A
anno1.g3167.t1	A	rna-XM_056783533.1	A
anno1.g3170.t2	A	rna-XM_056779135.1	A
anno1.g3171.t1	A	rna-XM_056780980.1	A
anno1.g13391.t1	A	rna-XM_056789213.1	X
anno1.g13392.t1	A	rna-XM_056792021.1	A
anno1.g13393.t1	A	rna-XM_056792022.1	A
anno1.g13387.t1	A	rna-XM_056780987.1	A
anno1.g13364.t1	A	rna-XM_056774029.1	A
anno1.g13365.t1	A	rna-XM_056788597.1	A
anno1.g13367.t1	A	rna-XM_056788641.1	A
anno1.g13368.t2	A	rna-XM_056788630.1	A
anno1.g13369.t1	A	rna-XM_056783861.1	A
anno1.g13370.t1	A	rna-XM_056785919.1	A
anno1.g13371.t1	A	rna-XM_056791683.1	A
anno1.g13372.t1	A	rna-XM_056777419.1	A
anno1.g13374.t1	A	rna-XM_056787889.1	A
anno1.g13376.t1	A	rna-XM_056784585.1	A
anno1.g13377.t1	A	rna-XM_056777802.1	A
anno1.g13378.t1	A	rna-XM_056784649.1	A
anno1.g13379.t2	A	rna-XM_056786794.1	A
anno1.g13381.t1	A	rna-XM_056790672.1	X
anno1.g13360.t1	A	rna-XM_056789657.1	X
anno1.g13361.t1	A	rna-XM_056783115.1	A
anno1.g13362.t1	A	rna-XM_056789455.1	X
anno1.g13359.t2	A	rna-XM_056778361.1	A
anno1.g13347.t2	A	rna-XM_056784196.1	A
anno1.g13348.t1	A	rna-XM_056781935.1	A
anno1.g13349.t1	A	rna-XM_056793201.1	A
anno1.g13351.t1	A	rna-XM_056773693.1	A
anno1.g13352.t1	A	rna-XM_056784195.1	A
anno1.g13353.t1	A	rna-XM_056780960.1	A
anno1.g13354.t1	A	rna-XM_056790902.1	X
anno1.g13355.t6	A	rna-XM_056786058.1	A
anno1.g13357.t1	A	rna-XM_056776908.1	A
anno1.g13338.t1	A	rna-XM_056785384.1	A
anno1.g13341.t2	A	rna-XM_056782111.1	A
anno1.g3115.t2	A	rna-XM_056782197.1	A
anno1.g3118.t1	A	rna-XM_056778756.1	A
anno1.g3121.t1	A	rna-XM_056776509.1	A
anno1.g3122.t1	A	rna-XM_056791802.1	A
anno1.g3125.t1	A	rna-XM_056776636.1	A
anno1.g3127.t2	A	rna-XM_056776635.1	A
anno1.g3129.t2	A	rna-XM_056789371.1	X
anno1.g3130.t1	A	rna-XM_056779582.1	A
anno1.g3131.t1	A	rna-XM_056787509.1	A
anno1.g3133.t1	A	rna-XM_056787502.1	A
anno1.g3134.t2	A	rna-XM_056787496.1	A
anno1.g13335.t1	A	rna-XM_056782822.1	A
anno1.g13337.t1	A	rna-XM_056777595.1	A
anno1.g13332.t1	A	rna-XM_056781026.1	A
anno1.g13326.t1	A	rna-XM_056792130.1	A
anno1.g13308.t1	A	rna-XM_056784716.1	A
anno1.g13309.t1	A	rna-XM_056776662.1	A
anno1.g13310.t1	A	rna-XM_056781278.1	A
anno1.g13312.t1	A	rna-XM_056781280.1	A
anno1.g13313.t1	A	rna-XM_056777773.1	A
anno1.g13314.t1	A	rna-XM_056780381.1	A
anno1.g13315.t1	A	rna-XM_056781639.1	A
anno1.g13316.t1	A	rna-XM_056776769.1	A
anno1.g13317.t1	A	rna-XM_056781483.1	A
anno1.g13318.t2	A	rna-XM_056790933.1	X
anno1.g13319.t1	A	rna-XM_056777867.1	A
anno1.g13320.t1	A	rna-XM_056777030.1	A
anno1.g13321.t1	A	rna-XM_056777587.1	A
anno1.g13322.t5	A	rna-XM_056780731.1	A
anno1.g13324.t1	A	rna-XM_056785376.1	A
anno1.g13304.t1	A	rna-XM_056774126.1	A
anno1.g13300.t1	A	rna-XM_056782176.1	A
anno1.g13302.t1	A	rna-XM_056782186.1	A
anno1.g13293.t1	A	rna-XM_056776563.1	A
anno1.g13296.t2	A	rna-XM_056776561.1	A
anno1.g13292.t1	A	rna-XM_056792325.1	A
anno1.g3071.t1	A	rna-XM_056778012.1	A
anno1.g3072.t1	A	rna-XM_056778020.1	A
anno1.g3073.t1	A	rna-XM_056781609.1	A
anno1.g3074.t1	A	rna-XM_056781612.1	A
anno1.g3075.t1	A	rna-XM_056773673.1	A
anno1.g3077.t3	A	rna-XM_056778318.1	A
anno1.g3078.t1	A	rna-XM_056788025.1	A
anno1.g3079.t1	A	rna-XM_056782577.1	A
anno1.g3081.t1	A	rna-XM_056783285.1	A
anno1.g3082.t2	A	rna-XM_056780500.1	A
anno1.g3084.t1	A	rna-XM_056780584.1	A
anno1.g3085.t1	A	rna-XM_056781558.1	A
anno1.g3086.t1	A	rna-XM_056792942.1	A
anno1.g3087.t1	A	rna-XM_056777976.1	A
anno1.g3088.t1	A	rna-XM_056788650.1	A
anno1.g3089.t1	A	rna-XM_056786553.1	A
anno1.g3090.t1	A	rna-XM_056792341.1	A
anno1.g3091.t2	A	rna-XM_056786454.1	A
anno1.g3092.t1	A	rna-XM_056786453.1	A
anno1.g3093.t1	A	rna-XM_056775458.1	A
anno1.g3095.t2	A	rna-XM_056785824.1	A
anno1.g3096.t1	A	rna-XM_056786546.1	A
anno1.g3097.t1	A	rna-XM_056786543.1	A
anno1.g3098.t1	A	rna-XM_056780726.1	A
anno1.g3099.t1	A	rna-XM_056774889.1	A
anno1.g3100.t1	A	rna-XM_056774890.1	A
anno1.g3101.t1	A	rna-XM_056774529.1	A
anno1.g3102.t1	A	rna-XM_056786364.1	A
anno1.g3103.t1	A	rna-XM_056786358.1	A
anno1.g13287.t1	A	rna-XM_056777715.1	A
anno1.g13279.t1	A	rna-XM_056786467.1	A
anno1.g13280.t1	A	rna-XM_056786464.1	A
anno1.g13281.t1	A	rna-XM_056786468.1	A
anno1.g13282.t1	A	rna-XM_056786465.1	A
anno1.g13283.t1	A	rna-XM_056788545.1	A
anno1.g13284.t1	A	rna-XM_056775627.1	A
anno1.g13285.t1	A	rna-XM_056786800.1	A
anno1.g13286.t1	A	rna-XM_056786441.1	A
anno1.g13275.t1	A	rna-XM_056779194.1	A
anno1.g13258.t1	A	rna-XM_056777878.1	A
anno1.g13259.t1	A	rna-XM_056788214.1	A
anno1.g13260.t1	A	rna-XM_056790018.1	X
anno1.g13261.t2	A	rna-XM_056781928.1	A
anno1.g13262.t1	A	rna-XM_056783104.1	A
anno1.g13263.t1	A	rna-XM_056787791.1	A
anno1.g13264.t1	A	rna-XM_056774131.1	A
anno1.g13265.t1	A	rna-XM_056793008.1	A
anno1.g13272.t1	A	rna-XM_056782612.1	A
anno1.g13249.t2	X	rna-XM_056789150.1	X
anno1.g13250.t2	X	rna-XM_056790948.1	X
anno1.g13251.t1	X	rna-XM_056789645.1	X
anno1.g13253.t1	X	rna-XM_056790678.1	X
anno1.g13254.t1	X	rna-XM_056789061.1	X
anno1.g13255.t2	X	rna-XM_056789709.1	X
anno1.g13256.t1	X	rna-XM_056789749.1	X
anno1.g13257.t1	X	rna-XM_056789541.1	X
anno1.g13242.t1	A	rna-XM_056789441.1	X
anno1.g3032.t1	A	rna-XM_056776999.1	A
anno1.g3034.t1	A	rna-XM_056785926.1	A
anno1.g3038.t1	A	rna-XM_056777345.1	A
anno1.g3039.t3	A	rna-XM_056776478.1	A
anno1.g3040.t1	A	rna-XM_056776480.1	A
anno1.g3041.t1	A	rna-XM_056776365.1	A
anno1.g3042.t1	A	rna-XM_056777049.1	A
anno1.g3043.t1	A	rna-XM_056777792.1	A
anno1.g3044.t1	A	rna-XM_056777794.1	A
anno1.g3046.t1	A	rna-XM_056776451.1	A
anno1.g3047.t1	A	rna-XM_056776454.1	A
anno1.g3048.t1	A	rna-XM_056776678.1	A
anno1.g3050.t3	A	rna-XM_056777263.1	A
anno1.g3051.t1	A	rna-XM_056776008.1	A
anno1.g3054.t1	A	rna-XM_056778774.1	A
anno1.g3055.t1	A	rna-XM_056778778.1	A
anno1.g3056.t1	A	rna-XM_056787643.1	A
anno1.g3060.t1	A	rna-XM_056776735.1	A
anno1.g3061.t1	A	rna-XM_056774015.1	A
anno1.g3063.t1	A	rna-XM_056786927.1	A
anno1.g13226.t2	A	rna-XM_056775241.1	A
anno1.g13227.t1	A	rna-XM_056789679.1	X
anno1.g13228.t1	A	rna-XM_056790530.1	X
anno1.g13230.t1	A	rna-XM_056790301.1	X
anno1.g13235.t1	A	rna-XM_056789590.1	X
anno1.g13218.t1	X	rna-XM_056781148.1	A
anno1.g13223.t1	X	rna-XM_056781892.1	A
anno1.g13191.t1	A	rna-XM_056775247.1	A
anno1.g13192.t1	A	rna-XM_056774333.1	A
anno1.g13194.t1	A	rna-XM_056778211.1	A
anno1.g13195.t1	A	rna-XM_056779894.1	A
anno1.g13199.t1	A	rna-XM_056785925.1	A
anno1.g13206.t1	A	rna-XM_056780587.1	A
anno1.g13207.t1	A	rna-XM_056785605.1	A
anno1.g13209.t1	A	rna-XM_056785504.1	A
anno1.g13213.t1	A	rna-XM_056780863.1	A
anno1.g13214.t1	A	rna-XM_056787782.1	A
anno1.g13215.t1	A	rna-XM_056785208.1	A
anno1.g13216.t1	A	rna-XM_056785194.1	A
anno1.g3003.t1	A	rna-XM_056781752.1	A
anno1.g3005.t1	A	rna-XM_056777423.1	A
anno1.g3007.t1	A	rna-XM_056781859.1	A
anno1.g3008.t1	A	rna-XM_056781853.1	A
anno1.g3010.t10	A	rna-XM_056780061.1	A
anno1.g3011.t2	A	rna-XM_056785482.1	A
anno1.g3014.t1	A	rna-XM_056780070.1	A
anno1.g3015.t1	A	rna-XM_056780366.1	A
anno1.g3017.t1	A	rna-XM_056778423.1	A
anno1.g3018.t2	A	rna-XM_056778430.1	A
anno1.g3019.t1	A	rna-XM_056779033.1	A
anno1.g3021.t1	A	rna-XM_056778845.1	A
anno1.g3023.t1	A	rna-XM_056778735.1	A
anno1.g3024.t1	A	rna-XM_056779389.1	A
anno1.g3028.t1	A	rna-XM_056779527.1	A
anno1.both_agree_g21847.t2	A	rna-XM_056774792.1	A
anno1.g2971.t1	A	rna-XM_056792740.1	A
anno1.g2972.t1	A	rna-XM_056773956.1	A
anno1.g2973.t1	A	rna-XM_056782150.1	A
anno1.g2974.t1	A	rna-XM_056773944.1	A
anno1.g2975.t1	A	rna-XM_056783523.1	A
anno1.g2976.t1	A	rna-XM_056780871.1	A
anno1.g2977.t1	A	rna-XM_056783341.1	A
anno1.g2978.t1	A	rna-XM_056783345.1	A
anno1.g2979.t1	A	rna-XM_056782433.1	A
anno1.g2981.t3	A	rna-XM_056782824.1	A
anno1.g2982.t2	A	rna-XM_056780447.1	A
anno1.g2983.t1	A	rna-XM_056778682.1	A
anno1.g2985.t1	A	rna-XM_056780085.1	A
anno1.g2986.t2	A	rna-XM_056782703.1	A
anno1.g2988.t1	A	rna-XM_056792396.1	A
anno1.g2989.t1	A	rna-XM_056774183.1	A
anno1.g2990.t2	A	rna-XM_056786558.1	A
anno1.g2991.t2	A	rna-XM_056792393.1	A
anno1.g2992.t1	A	rna-XM_056775229.1	A
anno1.g2993.t1	A	rna-XM_056786317.1	A
anno1.g2995.t1	A	rna-XM_056786405.1	A
anno1.g2997.t1	A	rna-XM_056787958.1	A
anno1.g2998.t1	A	rna-XM_056791916.1	A
anno1.g2999.t1	A	rna-XM_056787957.1	A
anno1.g3000.t1	A	rna-XM_056778833.1	A
anno1.g3001.t1	A	rna-XM_056782624.1	A
anno1.g13178.t1	A	rna-XM_056773990.1	A
anno1.g13179.t2	A	rna-XM_056792611.1	A
anno1.g13180.t1	A	rna-XM_056780233.1	A
anno1.g13181.t1	A	rna-XM_056780230.1	A
anno1.g13182.t1	A	rna-XM_056780251.1	A
anno1.g13183.t1	A	rna-XM_056782545.1	A
anno1.g13184.t1	A	rna-XM_056789954.1	X
anno1.g13176.t1	A	rna-XM_056788818.1	A
anno1.g13087.t1	A	rna-XM_056776348.1	A
anno1.g13090.t1	A	rna-XM_056776355.1	A
anno1.g13092.t1	A	rna-XM_056787217.1	A
anno1.g13093.t1	A	rna-XM_056787211.1	A
anno1.g13094.t1	A	rna-XM_056787220.1	A
anno1.g13096.t1	A	rna-XM_056787219.1	A
anno1.g13097.t1	A	rna-XM_056775218.1	A
anno1.g13098.t1	A	rna-XM_056787204.1	A
anno1.g13099.t1	A	rna-XM_056787153.1	A
anno1.g13100.t1	A	rna-XM_056787407.1	A
anno1.g13101.t4	A	rna-XM_056787404.1	A
anno1.g13102.t1	A	rna-XM_056787318.1	A
anno1.g13103.t1	A	rna-XM_056778341.1	A
anno1.g13104.t1	A	rna-XM_056777870.1	A
anno1.g13105.t2	A	rna-XM_056790089.1	A
anno1.g13106.t1	A	rna-XM_056789142.1	X
anno1.g13107.t2	A	rna-XM_056786032.1	A
anno1.g13108.t1	A	rna-XM_056780125.1	A
anno1.g13110.t1	A	rna-XM_056792704.1	A
anno1.g13112.t1	A	rna-XM_056782744.1	A
anno1.g13113.t1	A	rna-XM_056777487.1	A
anno1.g13114.t1	A	rna-XM_056777488.1	A
anno1.g13115.t1	A	rna-XM_056777480.1	A
anno1.g13116.t1	A	rna-XM_056776771.1	A
anno1.g13117.t1	A	rna-XM_056776772.1	A
anno1.g13118.t1	A	rna-XM_056789384.1	A
anno1.g13119.t1	A	rna-XM_056789351.1	A
anno1.g13120.t1	A	rna-XM_056789370.1	A
anno1.g13122.t1	A	rna-XM_056789395.1	A
anno1.g13123.t1	A	rna-XM_056783902.1	A
anno1.g13126.t1	A	rna-XM_056777508.1	A
anno1.g13127.t1	A	rna-XM_056777507.1	A
anno1.g13128.t1	A	rna-XM_056777505.1	A
anno1.g13129.t1	A	rna-XM_056777499.1	A
anno1.g13131.t1	A	rna-XM_056777496.1	A
anno1.g13132.t1	A	rna-XM_056777492.1	A
anno1.g13134.t1	A	rna-XM_056777681.1	A
anno1.g13135.t1	A	rna-XM_056777637.1	A
anno1.g13136.t1	A	rna-XM_056777925.1	A
anno1.g13137.t1	A	rna-XM_056777430.1	A
anno1.g13138.t1	A	rna-XM_056777201.1	A
anno1.g13139.t1	A	rna-XM_056785494.1	A
anno1.g13140.t1	A	rna-XM_056785486.1	A
anno1.g13141.t1	A	rna-XM_056785481.1	A
anno1.g13142.t2	A	rna-XM_056786980.1	A
anno1.g13143.t1	A	rna-XM_056778455.1	A
anno1.g13144.t1	A	rna-XM_056778456.1	A
anno1.g13145.t1	A	rna-XM_056778459.1	A
anno1.g13146.t1	A	rna-XM_056778454.1	A
anno1.g13147.t1	A	rna-XM_056778457.1	A
anno1.g13150.t1	A	rna-XM_056777513.1	A
anno1.g13152.t2	A	rna-XM_056789414.1	A
anno1.g13153.t1	A	rna-XM_056789449.1	A
anno1.g13154.t1	A	rna-XM_056784059.1	A
anno1.g13159.t1	A	rna-XM_056780593.1	A
anno1.g13163.t1	A	rna-XM_056783751.1	A
anno1.g13164.t1	A	rna-XM_056783417.1	A
anno1.g13165.t1	A	rna-XM_056783420.1	A
anno1.g13166.t1	A	rna-XM_056791789.1	A
anno1.g13167.t1	A	rna-XM_056784540.1	A
anno1.g13168.t2	A	rna-XM_056791792.1	A
anno1.g13169.t1	A	rna-XM_056785159.1	A
anno1.g13170.t1	A	rna-XM_056783776.1	A
anno1.g13171.t1	A	rna-XM_056783307.1	A
anno1.g13174.t2	A	rna-XM_056779836.1	A
anno1.g13062.t4	A	rna-XM_056780283.1	A
anno1.g13063.t2	A	rna-XM_056780833.1	A
anno1.g13064.t1	A	rna-XM_056774601.1	A
anno1.g13065.t1	A	rna-XM_056783584.1	A
anno1.g13068.t1	A	rna-XM_056783756.1	A
anno1.g13069.t2	A	rna-XM_056782716.1	A
anno1.g13077.t1	A	rna-XM_056780838.1	A
anno1.g13080.t2	A	rna-XM_056783679.1	A
anno1.g13082.t1	A	rna-XM_056775375.1	A
anno1.g13083.t1	A	rna-XM_056781733.1	A
anno1.g13084.t1	A	rna-XM_056790263.1	X
anno1.g13058.t1	A	rna-XM_056779900.1	A
anno1.g13059.t1	A	rna-XM_056779898.1	A
anno1.g13060.t1	A	rna-XM_056781491.1	A
anno1.g2956.t1	A	rna-XM_056783498.1	A
anno1.g2957.t1	A	rna-XM_056789650.1	X
anno1.g2960.t1	A	rna-XM_056774345.1	A
anno1.g2961.t1	A	rna-XM_056774346.1	A
anno1.g2962.t1	A	rna-XM_056793246.1	A
anno1.g2963.t2	A	rna-XM_056784103.1	A
anno1.g2964.t1	A	rna-XM_056792682.1	A
anno1.g2965.t2	A	rna-XM_056792649.1	A
anno1.g2967.t1	A	rna-XM_056782325.1	A
anno1.g13047.t2	A	rna-XM_056779680.1	A
anno1.g13044.t1	A	rna-XM_056781136.1	A
anno1.g13011.t1	A	rna-XM_056783448.1	A
anno1.g13012.t1	A	rna-XM_056781069.1	A
anno1.g13013.t3	A	rna-XM_056782766.1	A
anno1.g13014.t1	A	rna-XM_056782776.1	A
anno1.g13015.t1	A	rna-XM_056783508.1	A
anno1.g13016.t1	A	rna-XM_056780965.1	A
anno1.g13017.t1	A	rna-XM_056782158.1	A
anno1.g13018.t1	A	rna-XM_056793139.1	A
anno1.g13019.t1	A	rna-XM_056783493.1	A
anno1.g13020.t1	A	rna-XM_056782842.1	A
anno1.g13021.t1	A	rna-XM_056782354.1	A
anno1.g13022.t1	A	rna-XM_056788988.1	A
anno1.g13023.t1	A	rna-XM_056787641.1	A
anno1.g13024.t1	A	rna-XM_056776010.1	A
anno1.g13026.t1	A	rna-XM_056783109.1	A
anno1.g13027.t1	A	rna-XM_056791538.1	A
anno1.g13028.t1	A	rna-XM_056787746.1	A
anno1.g13031.t1	A	rna-XM_056791512.1	A
anno1.g13032.t1	A	rna-XM_056790447.1	A
anno1.g13033.t1	A	rna-XM_056785317.1	A
anno1.g13034.t1	A	rna-XM_056775107.1	A
anno1.g13036.t1	A	rna-XM_056782367.1	A
anno1.g13037.t1	A	rna-XM_056782361.1	A
anno1.g13038.t1	A	rna-XM_056785306.1	A
anno1.g13039.t2	A	rna-XM_056780415.1	A
anno1.g13040.t1	A	rna-XM_056780424.1	A
anno1.g13041.t2	A	rna-XM_056780607.1	A
anno1.g12993.t1	A	rna-XM_056792464.1	A
anno1.g12995.t1	A	rna-XM_056785013.1	A
anno1.g12997.t1	A	rna-XM_056774637.1	A
anno1.g13004.t1	A	rna-XM_056783754.1	A
anno1.g13005.t1	A	rna-XM_056783765.1	A
anno1.g2953.t1	A	rna-XM_056776544.1	A
anno1.g12987.t1	A	rna-XM_056777241.1	A
anno1.g12986.t1	A	rna-XM_056792385.1	A
anno1.g2905.t1	A	rna-XM_056784747.1	A
anno1.g2906.t4	A	rna-XM_056785360.1	A
anno1.g2908.t1	A	rna-XM_056786381.1	A
anno1.g2909.t1	A	rna-XM_056774667.1	A
anno1.g2913.t1	A	rna-XM_056774611.1	A
anno1.g2914.t2	A	rna-XM_056774613.1	A
anno1.g2915.t1	A	rna-XM_056786271.1	A
anno1.g2916.t1	A	rna-XM_056776177.1	A
anno1.g2918.t1	A	rna-XM_056784325.1	A
anno1.g2920.t2	A	rna-XM_056774645.1	A
anno1.g2921.t1	A	rna-XM_056775483.1	A
anno1.g2923.t1	A	rna-XM_056774640.1	A
anno1.g2924.t1	A	rna-XM_056775485.1	A
anno1.g2925.t1	A	rna-XM_056775496.1	A
anno1.g2926.t1	A	rna-XM_056775497.1	A
anno1.g2930.t2	A	rna-XM_056774649.1	A
anno1.g2931.t1	A	rna-XM_056774650.1	A
anno1.g2932.t1	A	rna-XM_056792182.1	A
anno1.g2933.t1	A	rna-XM_056774633.1	A
anno1.g2934.t1	A	rna-XM_056774636.1	A
anno1.g2935.t2	A	rna-XM_056774625.1	A
anno1.g2936.t1	A	rna-XM_056774607.1	A
anno1.g2937.t1	A	rna-XM_056774612.1	A
anno1.g2938.t1	A	rna-XM_056774614.1	A
anno1.g2939.t1	A	rna-XM_056774616.1	A
anno1.g2940.t1	A	rna-XM_056774618.1	A
anno1.g2941.t1	A	rna-XM_056774624.1	A
anno1.g2942.t1	A	rna-XM_056774627.1	A
anno1.g2943.t1	A	rna-XM_056774622.1	A
anno1.g2944.t1	A	rna-XM_056774630.1	A
anno1.g2945.t1	A	rna-XM_056774610.1	A
anno1.g2946.t1	A	rna-XM_056774609.1	A
anno1.g2947.t1	A	rna-XM_056774608.1	A
anno1.g2948.t1	A	rna-XM_056773684.1	A
anno1.g2949.t1	A	rna-XM_056793150.1	A
anno1.g12984.t1	A	rna-XM_056782528.1	A
anno1.g12976.t1	X	rna-XM_056789641.1	X
anno1.g12980.t1	X	rna-XM_056789909.1	X
anno1.g12981.t4	X	rna-XM_056789891.1	X
anno1.g12982.t2	X	rna-XM_056791017.1	X
anno1.g12951.t1	A	rna-XM_056792591.1	A
anno1.g12953.t1	A	rna-XM_056787673.1	A
anno1.g12957.t1	A	rna-XM_056787008.1	A
anno1.g12959.t2	A	rna-XM_056787702.1	A
anno1.g12963.t2	A	rna-XM_056784970.1	A
anno1.g12965.t1	A	rna-XM_056780248.1	A
anno1.g12966.t1	A	rna-XM_056787568.1	A
anno1.g12967.t1	A	rna-XM_056788767.1	A
anno1.g12968.t1	A	rna-XM_056781187.1	A
anno1.g12969.t2	A	rna-XM_056783142.1	A
anno1.g12971.t2	A	rna-XM_056780869.1	A
anno1.g12972.t1	A	rna-XM_056776368.1	A
anno1.g12973.t1	A	rna-XM_056779347.1	A
anno1.g2903.t2	A	rna-XM_056782202.1	A
anno1.g2881.t2	A	rna-XM_056787980.1	A
anno1.g2882.t1	A	rna-XM_056782290.1	A
anno1.g2883.t1	A	rna-XM_056783209.1	A
anno1.g2884.t1	A	rna-XM_056790503.1	X
anno1.g2886.t1	A	rna-XM_056782166.1	A
anno1.g2887.t1	A	rna-XM_056775100.1	A
anno1.g2888.t1	A	rna-XM_056787611.1	A
anno1.g2889.t1	A	rna-XM_056788669.1	A
anno1.g2890.t2	A	rna-XM_056776250.1	A
anno1.g2891.t1	A	rna-XM_056776257.1	A
anno1.g2892.t2	A	rna-XM_056791869.1	A
anno1.g2893.t1	A	rna-XM_056783589.1	A
anno1.g2894.t1	A	rna-XM_056786368.1	A
anno1.g2895.t1	A	rna-XM_056786369.1	A
anno1.g2896.t1	A	rna-XM_056777697.1	A
anno1.g2897.t1	A	rna-XM_056776095.1	A
anno1.g2898.t2	A	rna-XM_056776094.1	A
anno1.g2900.t1	A	rna-XM_056775252.1	A
anno1.g12935.t1	A	rna-XM_056792505.1	A
anno1.g12932.t1	A	rna-XM_056775932.1	A
anno1.g12919.t1	A	rna-XM_056781519.1	A
anno1.g12920.t1	A	rna-XM_056775478.1	A
anno1.g12926.t1	A	rna-XM_056783721.1	A
anno1.g12927.t1	A	rna-XM_056774732.1	A
anno1.g12928.t1	A	rna-XM_056773829.1	A
anno1.g12929.t1	A	rna-XM_056773828.1	A
anno1.g12930.t1	A	rna-XM_056779262.1	A
anno1.g12931.t1	A	rna-XM_056778519.1	A
anno1.g12914.t2	A	rna-XM_056781123.1	A
anno1.g12900.t2	X	rna-XM_056791144.1	X
anno1.g12901.t1	X	rna-XM_056789512.1	X
anno1.g12910.t1	X	rna-XM_056789190.1	X
anno1.g12911.t1	X	rna-XM_056790254.1	X
anno1.g2869.t1	A	rna-XM_056792086.1	A
anno1.g2870.t1	A	rna-XM_056792207.1	A
anno1.g2871.t1	A	rna-XM_056792901.1	A
anno1.g2872.t1	A	rna-XM_056781913.1	A
anno1.g2875.t1	A	rna-XM_056773775.1	A
anno1.g2876.t2	A	rna-XM_056783480.1	A
anno1.g12888.t1	A	rna-XM_056783537.1	A
anno1.g12893.t1	A	rna-XM_056777246.1	A
anno1.g12896.t1	A	rna-XM_056774152.1	A
anno1.g12885.t1	A	rna-XM_056777228.1	A
anno1.g12869.t1	A	rna-XM_056791962.1	A
anno1.g12872.t1	A	rna-XM_056783039.1	A
anno1.g12873.t1	A	rna-XM_056791546.1	A
anno1.g12874.t1	A	rna-XM_056786638.1	A
anno1.g12875.t1	A	rna-XM_056776052.1	A
anno1.g12876.t1	A	rna-XM_056787766.1	A
anno1.g12877.t1	A	rna-XM_056787747.1	A
anno1.g12878.t1	A	rna-XM_056790744.1	X
anno1.g12880.t1	A	rna-XM_056782951.1	A
anno1.g12881.t1	A	rna-XM_056789171.1	X
anno1.g12882.t5	A	rna-XM_056791093.1	X
anno1.g12862.t1	A	rna-XM_056784248.1	A
anno1.g12866.t2	A	rna-XM_056782964.1	A
anno1.g12867.t1	A	rna-XM_056779293.1	A
anno1.g12859.t1	A	rna-XM_056785145.1	A
anno1.g12861.t4	A	rna-XM_056785129.1	A
anno1.g12853.t1	A	rna-XM_056792797.1	A
anno1.g12855.t2	A	rna-XM_056786704.1	A
anno1.g12856.t1	A	rna-XM_056791564.1	A
anno1.g2813.t1	A	rna-XM_056783948.1	A
anno1.g2814.t1	A	rna-XM_056780395.1	A
anno1.g2815.t1	A	rna-XM_056781637.1	A
anno1.g2816.t1	A	rna-XM_056781647.1	A
anno1.g2819.t1	A	rna-XM_056783907.1	A
anno1.g2820.t1	A	rna-XM_056785056.1	A
anno1.g2821.t1	A	rna-XM_056785062.1	A
anno1.g2822.t2	A	rna-XM_056785068.1	A
anno1.g2823.t1	A	rna-XM_056787212.1	A
anno1.g2824.t1	A	rna-XM_056789982.1	A
anno1.g2829.t1	A	rna-XM_056782221.1	A
anno1.g2830.t1	A	rna-XM_056782213.1	A
anno1.g2831.t1	A	rna-XM_056782223.1	A
anno1.g2832.t1	A	rna-XM_056782222.1	A
anno1.g2833.t1	A	rna-XM_056785780.1	A
anno1.g2834.t1	A	rna-XM_056785779.1	A
anno1.g2835.t1	A	rna-XM_056783875.1	A
anno1.g2836.t1	A	rna-XM_056778111.1	A
anno1.g2837.t1	A	rna-XM_056778109.1	A
anno1.g2838.t1	A	rna-XM_056792215.1	A
anno1.g2840.t1	A	rna-XM_056781065.1	A
anno1.g2841.t1	A	rna-XM_056793125.1	A
anno1.g2842.t1	A	rna-XM_056783951.1	A
anno1.g2843.t1	A	rna-XM_056791250.1	A
anno1.g2844.t1	A	rna-XM_056791256.1	A
anno1.g2845.t2	A	rna-XM_056791890.1	A
anno1.g2848.t1	A	rna-XM_056788205.1	A
anno1.g2849.t1	A	rna-XM_056792255.1	A
anno1.g2850.t1	A	rna-XM_056792203.1	A
anno1.g2852.t2	A	rna-XM_056792906.1	A
anno1.g12843.t1	X	rna-XM_056789117.1	X
anno1.g12844.t1	X	rna-XM_056790215.1	X
anno1.g12845.t1	X	rna-XM_056790143.1	X
anno1.g12846.t1	X	rna-XM_056789128.1	X
anno1.g12847.t1	X	rna-XM_056789102.1	X
anno1.g12848.t1	X	rna-XM_056789357.1	X
anno1.g12840.t1	A	rna-XM_056776437.1	A
anno1.g12826.t1	X	rna-XM_056790339.1	X
anno1.g12827.t1	X	rna-XM_056790233.1	X
anno1.g12828.t2	X	rna-XM_056790230.1	X
anno1.g12829.t1	X	rna-XM_056789356.1	X
anno1.g12830.t1	X	rna-XM_056789773.1	X
anno1.g12816.t2	A	rna-XM_056792864.1	A
anno1.g12817.t1	A	rna-XM_056791290.1	A
anno1.g12819.t1	A	rna-XM_056784244.1	A
anno1.g12820.t1	A	rna-XM_056792383.1	A
anno1.g12821.t2	A	rna-XM_056786811.1	A
anno1.g12822.t2	A	rna-XM_056792019.1	A
anno1.g12824.t1	A	rna-XM_056784191.1	A
anno1.g12814.t1	A	rna-XM_056785794.1	A
anno1.g2758.t1	A	rna-XM_056779404.1	A
anno1.g2759.t1	A	rna-XM_056779202.1	A
anno1.g2760.t2	A	rna-XM_056778816.1	A
anno1.g2761.t1	A	rna-XM_056778825.1	A
anno1.g2767.t1	A	rna-XM_056779281.1	A
anno1.g2768.t1	A	rna-XM_056779282.1	A
anno1.g2770.t1	A	rna-XM_056778940.1	A
anno1.g2771.t1	A	rna-XM_056779043.1	A
anno1.g2772.t1	A	rna-XM_056779064.1	A
anno1.g2773.t1	A	rna-XM_056792491.1	A
anno1.g2774.t1	A	rna-XM_056784006.1	A
anno1.g2775.t1	A	rna-XM_056790181.1	X
anno1.g2776.t1	A	rna-XM_056784503.1	A
anno1.g2777.t2	A	rna-XM_056782405.1	A
anno1.g2778.t1	A	rna-XM_056783035.1	A
anno1.g2780.t1	A	rna-XM_056791351.1	A
anno1.g2781.t3	A	rna-XM_056791327.1	A
anno1.g2782.t2	A	rna-XM_056784007.1	A
anno1.g2783.t1	A	rna-XM_056791364.1	A
anno1.g2785.t1	A	rna-XM_056791486.1	A
anno1.g2786.t2	A	rna-XM_056782005.1	A
anno1.g2787.t1	A	rna-XM_056773868.1	A
anno1.g2788.t2	A	rna-XM_056775367.1	A
anno1.g2790.t1	A	rna-XM_056785022.1	A
anno1.g2791.t1	A	rna-XM_056775429.1	A
anno1.g2792.t1	A	rna-XM_056788014.1	A
anno1.g2797.t1	A	rna-XM_056778460.1	A
anno1.g2798.t1	A	rna-XM_056779535.1	A
anno1.g2800.t1	A	rna-XM_056792730.1	A
anno1.g2801.t1	A	rna-XM_056778290.1	A
anno1.g2802.t2	A	rna-XM_056777744.1	A
anno1.g2804.t1	A	rna-XM_056778234.1	A
anno1.g12808.t1	A	rna-XM_056789404.1	X
anno1.g12795.t1	A	rna-XM_056781116.1	A
anno1.g12796.t4	A	rna-XM_056780218.1	A
anno1.g12797.t2	A	rna-XM_056774316.1	A
anno1.g12799.t2	A	rna-XM_056778416.1	A
anno1.g12800.t1	A	rna-XM_056778231.1	A
anno1.g12802.t1	A	rna-XM_056783643.1	A
anno1.g12803.t1	A	rna-XM_056783644.1	A
anno1.g12788.t1	A	rna-XM_056774784.1	A
anno1.g12789.t1	A	rna-XM_056775345.1	A
anno1.g12790.t1	A	rna-XM_056776334.1	A
anno1.g12787.t1	A	rna-XM_056791377.1	A
anno1.g12774.t1	A	rna-XM_056783016.1	A
anno1.g12775.t1	A	rna-XM_056773946.1	A
anno1.g12776.t1	A	rna-XM_056787880.1	A
anno1.g12782.t1	A	rna-XM_056780931.1	A
anno1.g12783.t1	A	rna-XM_056780741.1	A
anno1.g12784.t1	A	rna-XM_056780673.1	A
anno1.g12785.t1	A	rna-XM_056778489.1	A
anno1.g12771.t1	A	rna-XM_056777633.1	A
anno1.g12772.t2	A	rna-XM_056777570.1	A
anno1.g12773.t2	A	rna-XM_056777672.1	A
anno1.g12764.t1	A	rna-XM_056782015.1	A
anno1.g12762.t1	A	rna-XM_056782547.1	A
anno1.g2744.t1	A	rna-XM_056782194.1	A
anno1.g2745.t1	A	rna-XM_056782756.1	A
anno1.g2749.t1	A	rna-XM_056783046.1	A
anno1.g2752.t1	A	rna-XM_056782669.1	A
anno1.g12758.t1	A	rna-XM_056779775.1	A
anno1.g12761.t1	A	rna-XM_056779020.1	A
anno1.g12746.t1	A	rna-XM_056775742.1	A
anno1.g12747.t1	A	rna-XM_056774885.1	A
anno1.g12748.t1	A	rna-XM_056775158.1	A
anno1.g12749.t1	A	rna-XM_056775161.1	A
anno1.g12750.t1	A	rna-XM_056774257.1	A
anno1.g12739.t1	A	rna-XM_056786999.1	A
anno1.g12740.t1	A	rna-XM_056783560.1	A
anno1.g12741.t1	A	rna-XM_056783396.1	A
anno1.g12742.t1	A	rna-XM_056783563.1	A
anno1.g12707.t1	A	rna-XM_056778664.1	A
anno1.g12709.t1	A	rna-XM_056787382.1	A
anno1.g12710.t1	A	rna-XM_056787936.1	A
anno1.g12713.t1	A	rna-XM_056786273.1	A
anno1.g12716.t2	A	rna-XM_056774108.1	A
anno1.g12717.t2	A	rna-XM_056786125.1	A
anno1.g12719.t1	A	rna-XM_056788061.1	A
anno1.g12720.t1	A	rna-XM_056786791.1	A
anno1.g12721.t1	A	rna-XM_056786790.1	A
anno1.g12723.t1	A	rna-XM_056792630.1	A
anno1.g12726.t1	A	rna-XM_056788041.1	A
anno1.g12727.t1	A	rna-XM_056784733.1	A
anno1.g12728.t1	A	rna-XM_056784277.1	A
anno1.g12730.t1	A	rna-XM_056786948.1	A
anno1.g12731.t1	A	rna-XM_056786962.1	A
anno1.g12733.t1	A	rna-XM_056782725.1	A
anno1.g12734.t1	A	rna-XM_056782655.1	A
anno1.g12735.t1	A	rna-XM_056782509.1	A
anno1.g12736.t1	A	rna-XM_056782894.1	A
anno1.g12703.t1	A	rna-XM_056781921.1	A
anno1.g12705.t1	A	rna-XM_056780377.1	A
anno1.g12706.t1	A	rna-XM_056787434.1	A
anno1.g12698.t2	A	rna-XM_056781933.1	A
anno1.g12699.t1	A	rna-XM_056792451.1	A
anno1.g12700.t1	A	rna-XM_056775355.1	A
anno1.g12702.t1	A	rna-XM_056774887.1	A
anno1.g12686.t1	A	rna-XM_056780532.1	A
anno1.g12687.t2	A	rna-XM_056777890.1	A
anno1.g12688.t1	A	rna-XM_056778028.1	A
anno1.g12689.t1	A	rna-XM_056786832.1	A
anno1.g12690.t1	A	rna-XM_056777420.1	A
anno1.g12692.t2	A	rna-XM_056776918.1	A
anno1.g2729.t1	X	rna-XM_056789916.1	X
anno1.g2730.t1	X	rna-XM_056790966.1	X
anno1.g2731.t1	X	rna-XM_056776893.1	A
anno1.g2732.t5	X	rna-XM_056790918.1	X
anno1.g2734.t1	X	rna-XM_056789951.1	X
anno1.g12683.t1	A	rna-XM_056783872.1	A
anno1.g12679.t1	X	rna-XM_056789870.1	X
anno1.g12680.t1	X	rna-XM_056789180.1	X
anno1.g12681.t1	X	rna-XM_056789863.1	X
anno1.g12678.t1	A	rna-XM_056792602.1	A
anno1.g12663.t1	A	rna-XM_056783402.1	A
anno1.g12664.t1	A	rna-XM_056783406.1	A
anno1.g12665.t1	A	rna-XM_056783410.1	A
anno1.g12666.t1	A	rna-XM_056783411.1	A
anno1.g12667.t4	A	rna-XM_056782301.1	A
anno1.g12671.t3	A	rna-XM_056781643.1	A
anno1.g12673.t1	A	rna-XM_056787764.1	A
anno1.g12675.t1	A	rna-XM_056784545.1	A
anno1.g12657.t1	A	rna-XM_056791041.1	X
anno1.g12649.t1	A	rna-XM_056780483.1	A
anno1.g12650.t1	A	rna-XM_056780479.1	A
anno1.g12651.t1	A	rna-XM_056778812.1	A
anno1.g12652.t1	A	rna-XM_056783602.1	A
anno1.g12653.t1	A	rna-XM_056783603.1	A
anno1.g12654.t1	A	rna-XM_056775521.1	A
anno1.g12646.t1	A	rna-XM_056787892.1	A
anno1.g2725.t1	A	rna-XM_056776277.1	A
anno1.g12644.t1	A	rna-XM_056793102.1	A
anno1.g12638.t1	A	rna-XM_056783095.1	A
anno1.g12642.t1	A	rna-XM_056777170.1	A
anno1.g12643.t1	A	rna-XM_056776984.1	A
anno1.g2724.t1	A	rna-XM_056779608.1	A
anno1.g12635.t2	A	rna-XM_056775153.1	A
anno1.g2720.t2	A	rna-XM_056793082.1	A
anno1.g12633.t1	A	rna-XM_056790988.1	X
anno1.g12592.t2	A	rna-XM_056788326.1	A
anno1.g12593.t1	A	rna-XM_056777545.1	A
anno1.g12594.t1	A	rna-XM_056777928.1	A
anno1.g12595.t1	A	rna-XM_056776861.1	A
anno1.g12598.t1	A	rna-XM_056788949.1	A
anno1.g12599.t1	A	rna-XM_056777611.1	A
anno1.g12600.t1	A	rna-XM_056777244.1	A
anno1.g12601.t1	A	rna-XM_056782478.1	A
anno1.g12602.t1	A	rna-XM_056783394.1	A
anno1.g12603.t1	A	rna-XM_056782646.1	A
anno1.g12604.t1	A	rna-XM_056782647.1	A
anno1.g12605.t1	A	rna-XM_056782981.1	A
anno1.g12609.t3	A	rna-XM_056787686.1	A
anno1.g12610.t1	A	rna-XM_056788339.1	A
anno1.g12611.t1	A	rna-XM_056777539.1	A
anno1.g12612.t1	A	rna-XM_056777542.1	A
anno1.g12614.t1	A	rna-XM_056777540.1	A
anno1.g12615.t1	A	rna-XM_056777733.1	A
anno1.g12616.t1	A	rna-XM_056790627.1	X
anno1.g12618.t1	A	rna-XM_056788107.1	A
anno1.g12619.t1	A	rna-XM_056785832.1	A
anno1.g12620.t1	A	rna-XM_056776668.1	A
anno1.g12621.t1	A	rna-XM_056788535.1	A
anno1.g12622.t1	A	rna-XM_056784181.1	A
anno1.g12623.t1	A	rna-XM_056777536.1	A
anno1.g12624.t1	A	rna-XM_056778637.1	A
anno1.g12579.t1	A	rna-XM_056784871.1	A
anno1.g12581.t1	A	rna-XM_056782159.1	A
anno1.g12589.t1	A	rna-XM_056791742.1	A
anno1.g12590.t1	A	rna-XM_056791739.1	A
anno1.g12570.t1	A	rna-XM_056778791.1	A
anno1.g12571.t2	A	rna-XM_056784712.1	A
anno1.g12572.t1	A	rna-XM_056778424.1	A
anno1.g12574.t1	A	rna-XM_056788878.1	A
anno1.g12576.t1	A	rna-XM_056784679.1	A
anno1.g12577.t1	A	rna-XM_056785817.1	A
anno1.g12578.t2	A	rna-XM_056785813.1	A
anno1.g2623.t2	A	rna-XM_056779984.1	A
anno1.g2625.t2	A	rna-XM_056785735.1	A
anno1.g2626.t1	A	rna-XM_056784180.1	A
anno1.g2627.t1	A	rna-XM_056785771.1	A
anno1.g2630.t1	A	rna-XM_056781773.1	A
anno1.g2631.t1	A	rna-XM_056785772.1	A
anno1.g2632.t1	A	rna-XM_056785773.1	A
anno1.g2633.t1	A	rna-XM_056775082.1	A
anno1.g2634.t1	A	rna-XM_056775096.1	A
anno1.g2636.t1	A	rna-XM_056775180.1	A
anno1.g2637.t2	A	rna-XM_056774251.1	A
anno1.g2638.t1	A	rna-XM_056780075.1	A
anno1.g2639.t2	A	rna-XM_056788989.1	A
anno1.g2641.t1	A	rna-XM_056774016.1	A
anno1.g2642.t1	A	rna-XM_056786650.1	A
anno1.g2643.t1	A	rna-XM_056786088.1	A
anno1.g2644.t2	A	rna-XM_056786330.1	A
anno1.g2645.t1	A	rna-XM_056786195.1	A
anno1.g2647.t1	A	rna-XM_056786234.1	A
anno1.g2648.t2	A	rna-XM_056786196.1	A
anno1.g2649.t1	A	rna-XM_056786303.1	A
anno1.g2651.t1	A	rna-XM_056787794.1	A
anno1.g2652.t1	A	rna-XM_056787792.1	A
anno1.g2653.t2	A	rna-XM_056787167.1	A
anno1.g2654.t1	A	rna-XM_056787330.1	A
anno1.g2655.t1	A	rna-XM_056776156.1	A
anno1.g2657.t1	A	rna-XM_056782802.1	A
anno1.g2658.t1	A	rna-XM_056783123.1	A
anno1.g2659.t1	A	rna-XM_056782866.1	A
anno1.g2660.t3	A	rna-XM_056781896.1	A
anno1.g2661.t1	A	rna-XM_056781898.1	A
anno1.g2663.t1	A	rna-XM_056782231.1	A
anno1.g2664.t1	A	rna-XM_056782230.1	A
anno1.g2666.t1	A	rna-XM_056780910.1	A
anno1.g2668.t1	A	rna-XM_056780555.1	A
anno1.g2672.t1	A	rna-XM_056780797.1	A
anno1.g2674.t1	A	rna-XM_056781039.1	A
anno1.g2679.t1	A	rna-XM_056780787.1	A
anno1.g2680.t1	A	rna-XM_056776485.1	A
anno1.g2681.t1	A	rna-XM_056775334.1	A
anno1.g2682.t1	A	rna-XM_056791654.1	A
anno1.g2683.t1	A	rna-XM_056783264.1	A
anno1.g2684.t1	A	rna-XM_056780740.1	A
anno1.g2686.t1	A	rna-XM_056782233.1	A
anno1.g2687.t1	A	rna-XM_056780721.1	A
anno1.g2688.t1	A	rna-XM_056781636.1	A
anno1.g2689.t1	A	rna-XM_056774781.1	A
anno1.g2690.t1	A	rna-XM_056783106.1	A
anno1.g2691.t1	A	rna-XM_056786216.1	A
anno1.g2692.t1	A	rna-XM_056781911.1	A
anno1.g2693.t2	A	rna-XM_056777236.1	A
anno1.g2694.t1	A	rna-XM_056777233.1	A
anno1.g2695.t1	A	rna-XM_056777889.1	A
anno1.g2696.t1	A	rna-XM_056778976.1	A
anno1.g2697.t1	A	rna-XM_056778714.1	A
anno1.g2698.t1	A	rna-XM_056783967.1	A
anno1.g2699.t2	A	rna-XM_056778030.1	A
anno1.g2700.t1	A	rna-XM_056778713.1	A
anno1.g2701.t1	A	rna-XM_056779640.1	A
anno1.g2703.t1	A	rna-XM_056791854.1	A
anno1.g2705.t1	A	rna-XM_056782308.1	A
anno1.g2706.t1	A	rna-XM_056783413.1	A
anno1.g2707.t1	A	rna-XM_056777130.1	A
anno1.g2708.t1	A	rna-XM_056777048.1	A
anno1.g2709.t3	A	rna-XM_056791622.1	A
anno1.g2710.t1	A	rna-XM_056778023.1	A
anno1.g2711.t1	A	rna-XM_056781808.1	A
anno1.g2712.t1	A	rna-XM_056780454.1	A
anno1.g2713.t1	A	rna-XM_056783874.1	A
anno1.g2714.t1	A	rna-XM_056775087.1	A
anno1.g2594.t1	A	rna-XM_056788487.1	A
anno1.g2595.t2	A	rna-XM_056788486.1	A
anno1.g2596.t4	A	rna-XM_056779164.1	A
anno1.g2598.t1	A	rna-XM_056780365.1	A
anno1.g2599.t1	A	rna-XM_056790317.1	X
anno1.g2600.t2	A	rna-XM_056781212.1	A
anno1.g2601.t1	A	rna-XM_056779342.1	A
anno1.g2602.t1	A	rna-XM_056780579.1	A
anno1.g2603.t2	A	rna-XM_056790810.1	A
anno1.g2604.t2	A	rna-XM_056774255.1	A
anno1.g2606.t1	A	rna-XM_056774250.1	A
anno1.g2608.t1	A	rna-XM_056780416.1	A
anno1.g2609.t1	A	rna-XM_056790772.1	A
anno1.g2610.t1	A	rna-XM_056791777.1	A
anno1.g2611.t1	A	rna-XM_056788856.1	A
anno1.g2612.t1	A	rna-XM_056782249.1	A
anno1.g2613.t1	A	rna-XM_056790042.1	X
anno1.g2614.t2	A	rna-XM_056775311.1	A
anno1.g2615.t1	A	rna-XM_056774436.1	A
anno1.g2616.t1	A	rna-XM_056774437.1	A
anno1.g2617.t1	A	rna-XM_056774903.1	A
anno1.g2618.t1	A	rna-XM_056775253.1	A
anno1.g2619.t1	A	rna-XM_056775256.1	A
anno1.g2620.t1	A	rna-XM_056775591.1	A
anno1.g2621.t1	A	rna-XM_056785308.1	A
anno1.g12564.t1	X	rna-XM_056789763.1	X
anno1.g12567.t1	X	rna-XM_056790412.1	X
anno1.g2587.t1	A	rna-XM_056789665.1	X
anno1.g12481.t1	A	rna-XM_056775814.1	A
anno1.g12482.t4	A	rna-XM_056785949.1	A
anno1.g12483.t1	A	rna-XM_056788074.1	A
anno1.g12484.t2	A	rna-XM_056785777.1	A
anno1.g12485.t1	A	rna-XM_056788075.1	A
anno1.g12488.t1	A	rna-XM_056779868.1	A
anno1.g12495.t1	A	rna-XM_056784748.1	A
anno1.g12496.t1	A	rna-XM_056784097.1	A
anno1.g12502.t1	A	rna-XM_056792263.1	A
anno1.g12503.t1	A	rna-XM_056792268.1	A
anno1.g12504.t1	A	rna-XM_056792262.1	A
anno1.g12505.t1	A	rna-XM_056791850.1	A
anno1.g12511.t1	A	rna-XM_056783526.1	A
anno1.g12512.t2	A	rna-XM_056783633.1	A
anno1.g12515.t1	A	rna-XM_056776580.1	A
anno1.g12516.t1	A	rna-XM_056773652.1	A
anno1.g12517.t1	A	rna-XM_056773657.1	A
anno1.g12518.t1	A	rna-XM_056773656.1	A
anno1.g12519.t1	A	rna-XM_056773644.1	A
anno1.g12520.t1	A	rna-XM_056782862.1	A
anno1.g12521.t1	A	rna-XM_056779344.1	A
anno1.g12527.t1	A	rna-XM_056779424.1	A
anno1.g12528.t1	A	rna-XM_056779426.1	A
anno1.g12529.t1	A	rna-XM_056784939.1	A
anno1.g12531.t1	A	rna-XM_056784371.1	A
anno1.g12532.t1	A	rna-XM_056779851.1	A
anno1.g12533.t1	A	rna-XM_056785968.1	A
anno1.g12535.t1	A	rna-XM_056779869.1	A
anno1.g12536.t1	A	rna-XM_056784964.1	A
anno1.g12538.t1	A	rna-XM_056785513.1	A
anno1.g12539.t1	A	rna-XM_056778398.1	A
anno1.g12540.t1	A	rna-XM_056784018.1	A
anno1.g12541.t1	A	rna-XM_056793108.1	A
anno1.g12542.t1	A	rna-XM_056785421.1	A
anno1.g12543.t1	A	rna-XM_056778011.1	A
anno1.g12544.t1	A	rna-XM_056779160.1	A
anno1.g12546.t2	A	rna-XM_056788040.1	A
anno1.g12547.t1	A	rna-XM_056787118.1	A
anno1.g12548.t2	A	rna-XM_056773640.1	A
anno1.g12549.t1	A	rna-XM_056773645.1	A
anno1.g12550.t1	A	rna-XM_056782826.1	A
anno1.g12551.t2	A	rna-XM_056776550.1	A
anno1.g12552.t1	A	rna-XM_056781785.1	A
anno1.g12554.t1	A	rna-XM_056782642.1	A
anno1.g12467.t1	A	rna-XM_056780235.1	A
anno1.g12468.t1	A	rna-XM_056778957.1	A
anno1.g12477.t2	A	rna-XM_056788414.1	A
anno1.g12478.t1	A	rna-XM_056780786.1	A
anno1.g12463.t1	A	rna-XM_056785143.1	A
anno1.g12464.t2	A	rna-XM_056775577.1	A
anno1.g2565.t1	A	rna-XM_056777675.1	A
anno1.g2571.t1	A	rna-XM_056787586.1	A
anno1.g2572.t1	A	rna-XM_056787857.1	A
anno1.g2573.t1	A	rna-XM_056787983.1	A
anno1.g2576.t1	A	rna-XM_056785032.1	A
anno1.g2578.t4	A	rna-XM_056784225.1	A
anno1.g2581.t2	A	rna-XM_056785791.1	A
anno1.g2582.t1	A	rna-XM_056788832.1	A
anno1.g2583.t1	A	rna-XM_056786365.1	A
anno1.g2584.t2	A	rna-XM_056787464.1	A
anno1.g2585.t1	A	rna-XM_056787588.1	A
anno1.g2586.t1	A	rna-XM_056787587.1	A
anno1.g2564.t1	A	rna-XM_056781758.1	A
anno1.g12452.t1	A	rna-XM_056779309.1	A
anno1.g12454.t2	A	rna-XM_056778698.1	A
anno1.g12446.t1	A	rna-XM_056780686.1	A
anno1.g12445.t1	A	rna-XM_056783262.1	A
anno1.g12443.t1	A	rna-XM_056775224.1	A
anno1.g12388.t1	A	rna-XM_056776023.1	A
anno1.g12389.t1	A	rna-XM_056778004.1	A
anno1.g12390.t1	A	rna-XM_056775045.1	A
anno1.g12391.t1	A	rna-XM_056776018.1	A
anno1.g12392.t2	A	rna-XM_056776022.1	A
anno1.g12393.t2	A	rna-XM_056790828.1	A
anno1.g12394.t1	A	rna-XM_056784501.1	A
anno1.g12395.t1	A	rna-XM_056793249.1	A
anno1.g12396.t1	A	rna-XM_056784502.1	A
anno1.g12397.t1	A	rna-XM_056785532.1	A
anno1.g12398.t1	A	rna-XM_056784869.1	A
anno1.g12399.t1	A	rna-XM_056784220.1	A
anno1.g12400.t1	A	rna-XM_056778509.1	A
anno1.g12402.t1	A	rna-XM_056782651.1	A
anno1.g12403.t1	A	rna-XM_056782542.1	A
anno1.g12405.t1	A	rna-XM_056777278.1	A
anno1.g12406.t1	A	rna-XM_056773806.1	A
anno1.g12407.t1	A	rna-XM_056773802.1	A
anno1.g12408.t3	A	rna-XM_056773800.1	A
anno1.g12409.t1	A	rna-XM_056787911.1	A
anno1.g12410.t1	A	rna-XM_056787784.1	A
anno1.g12414.t2	A	rna-XM_056777458.1	A
anno1.g12416.t1	A	rna-XM_056777760.1	A
anno1.g12418.t2	A	rna-XM_056777761.1	A
anno1.g12419.t1	A	rna-XM_056779753.1	A
anno1.g12420.t1	A	rna-XM_056784494.1	A
anno1.g12421.t2	A	rna-XM_056785614.1	A
anno1.g12422.t2	A	rna-XM_056784498.1	A
anno1.g12423.t1	A	rna-XM_056785611.1	A
anno1.g12425.t1	A	rna-XM_056782704.1	A
anno1.g12426.t1	A	rna-XM_056781015.1	A
anno1.g12427.t1	A	rna-XM_056775257.1	A
anno1.g12428.t1	A	rna-XM_056792359.1	A
anno1.g12429.t1	A	rna-XM_056786747.1	A
anno1.g12434.t1	A	rna-XM_056792996.1	A
anno1.g12435.t1	A	rna-XM_056792331.1	A
anno1.g12436.t1	A	rna-XM_056790710.1	X
anno1.g12437.t1	A	rna-XM_056783272.1	A
anno1.g12439.t1	A	rna-XM_056783278.1	A
anno1.g12440.t2	A	rna-XM_056779348.1	A
anno1.g12441.t1	A	rna-XM_056782992.1	A
anno1.g12380.t1	A	rna-XM_056773851.1	A
anno1.g12386.t1	A	rna-XM_056782785.1	A
anno1.g2539.t1	A	rna-XM_056784690.1	A
anno1.g2540.t1	A	rna-XM_056786557.1	A
anno1.g2541.t1	A	rna-XM_056776228.1	A
anno1.g2543.t1	A	rna-XM_056789487.1	X
anno1.g2547.t1	A	rna-XM_056789711.1	X
anno1.g2549.t3	A	rna-XM_056775903.1	A
anno1.g2551.t1	A	rna-XM_056786265.1	A
anno1.g2553.t1	A	rna-XM_056779989.1	A
anno1.g2554.t1	A	rna-XM_056786824.1	A
anno1.g2555.t1	A	rna-XM_056786168.1	A
anno1.g2556.t1	A	rna-XM_056790469.1	X
anno1.g2557.t1	A	rna-XM_056786207.1	A
anno1.g2559.t1	A	rna-XM_056780853.1	A
anno1.g12377.t1	A	rna-XM_056779044.1	A
anno1.g12378.t2	A	rna-XM_056774848.1	A
anno1.g12376.t1	A	rna-XM_056788732.1	A
anno1.g12368.t2	A	rna-XM_056782462.1	A
anno1.g12366.t1	A	rna-XM_056787610.1	A
anno1.g12367.t1	A	rna-XM_056792771.1	A
anno1.g12361.t1	A	rna-XM_056776300.1	A
anno1.g12352.t1	X	rna-XM_056789505.1	X
anno1.g12353.t1	X	rna-XM_056789489.1	X
anno1.g12354.t2	X	rna-XM_056790134.1	X
anno1.g12356.t1	X	rna-XM_056789594.1	X
anno1.g12360.t2	X	rna-XM_056790001.1	X
anno1.g2533.t2	A	rna-XM_056783771.1	A
anno1.g2534.t1	A	rna-XM_056782408.1	A
anno1.g2535.t1	A	rna-XM_056783164.1	A
anno1.g2536.t1	A	rna-XM_056787399.1	A
anno1.g12341.t1	A	rna-XM_056779906.1	A
anno1.g12342.t1	A	rna-XM_056779905.1	A
anno1.g12343.t1	A	rna-XM_056780074.1	A
anno1.g12344.t2	A	rna-XM_056780809.1	A
anno1.g12335.t1	A	rna-XM_056778046.1	A
anno1.g12336.t1	A	rna-XM_056780405.1	A
anno1.g12338.t1	A	rna-XM_056785530.1	A
anno1.g12330.t1	A	rna-XM_056780501.1	A
anno1.g2525.t1	A	rna-XM_056789522.1	X
anno1.g12271.t1	A	rna-XM_056779452.1	A
anno1.g12273.t1	A	rna-XM_056782530.1	A
anno1.g12274.t1	A	rna-XM_056773893.1	A
anno1.g12275.t1	A	rna-XM_056773793.1	A
anno1.g12276.t1	A	rna-XM_056773790.1	A
anno1.g12277.t1	A	rna-XM_056782135.1	A
anno1.g12278.t1	A	rna-XM_056773787.1	A
anno1.g12279.t3	A	rna-XM_056773609.1	A
anno1.g12280.t1	A	rna-XM_056786215.1	A
anno1.g12281.t1	A	rna-XM_056786722.1	A
anno1.g12282.t1	A	rna-XM_056775908.1	A
anno1.g12283.t1	A	rna-XM_056784360.1	A
anno1.g12284.t2	A	rna-XM_056784619.1	A
anno1.g12287.t1	A	rna-XM_056778688.1	A
anno1.g12288.t1	A	rna-XM_056790267.1	X
anno1.g12289.t2	A	rna-XM_056787681.1	A
anno1.g12290.t1	A	rna-XM_056779100.1	A
anno1.g12293.t1	A	rna-XM_056779091.1	A
anno1.g12294.t1	A	rna-XM_056779086.1	A
anno1.g12295.t1	A	rna-XM_056778987.1	A
anno1.g12296.t1	A	rna-XM_056779095.1	A
anno1.g12298.t1	A	rna-XM_056780246.1	A
anno1.g12299.t1	A	rna-XM_056787009.1	A
anno1.g12300.t1	A	rna-XM_056787797.1	A
anno1.g12302.t1	A	rna-XM_056777636.1	A
anno1.g12303.t1	A	rna-XM_056790665.1	X
anno1.g12304.t1	A	rna-XM_056785895.1	A
anno1.g12305.t1	A	rna-XM_056779483.1	A
anno1.g12306.t1	A	rna-XM_056773879.1	A
anno1.g12307.t1	A	rna-XM_056793225.1	A
anno1.g12308.t2	A	rna-XM_056790669.1	X
anno1.g12309.t2	A	rna-XM_056777932.1	A
anno1.g12311.t1	A	rna-XM_056780189.1	A
anno1.g12312.t1	A	rna-XM_056780193.1	A
anno1.g12313.t1	A	rna-XM_056780675.1	A
anno1.g12314.t2	A	rna-XM_056787975.1	A
anno1.g12315.t1	A	rna-XM_056788007.1	A
anno1.g12316.t1	A	rna-XM_056787855.1	A
anno1.g12317.t1	A	rna-XM_056788010.1	A
anno1.g12318.t1	A	rna-XM_056787966.1	A
anno1.g12319.t1	A	rna-XM_056787083.1	A
anno1.g12320.t1	A	rna-XM_056774203.1	A
anno1.g12321.t1	A	rna-XM_056778200.1	A
anno1.g12322.t1	A	rna-XM_056778210.1	A
anno1.g12325.t1	A	rna-XM_056793109.1	A
anno1.g12267.t1	X	rna-XM_056782205.1	A
anno1.g12269.t1	X	rna-XM_056790873.1	X
anno1.g12270.t1	X	rna-XM_056790874.1	X
anno1.g12265.t1	A	rna-XM_056779464.1	A
anno1.g12256.t2	X	rna-XM_056790117.1	X
anno1.g12257.t1	X	rna-XM_056790789.1	X
anno1.g12258.t1	X	rna-XM_056790343.1	X
anno1.g12259.t1	X	rna-XM_056790792.1	X
anno1.g12260.t1	X	rna-XM_056789850.1	X
anno1.g12261.t1	X	rna-XM_056781878.1	A
anno1.g12262.t1	X	rna-XM_056789675.1	X
anno1.g12264.t2	X	rna-XM_056790258.1	X
anno1.g2492.t1	A	rna-XM_056789576.1	X
anno1.g2493.t1	A	rna-XM_056790975.1	X
anno1.g2494.t1	A	rna-XM_056790976.1	X
anno1.g2495.t1	A	rna-XM_056790980.1	X
anno1.g2496.t1	A	rna-XM_056774819.1	A
anno1.g2497.t2	A	rna-XM_056790867.1	X
anno1.g2498.t1	A	rna-XM_056790451.1	X
anno1.g2499.t1	A	rna-XM_056776648.1	A
anno1.g2500.t1	A	rna-XM_056786171.1	A
anno1.g2501.t2	A	rna-XM_056785888.1	A
anno1.g2502.t3	A	rna-XM_056776003.1	A
anno1.g2503.t1	A	rna-XM_056784755.1	A
anno1.g2506.t1	A	rna-XM_056774003.1	A
anno1.g2507.t1	A	rna-XM_056785975.1	A
anno1.g2508.t1	A	rna-XM_056786124.1	A
anno1.g2509.t1	A	rna-XM_056786448.1	A
anno1.g2510.t1	A	rna-XM_056786167.1	A
anno1.g2511.t1	A	rna-XM_056782993.1	A
anno1.g2512.t1	A	rna-XM_056784912.1	A
anno1.g2513.t2	A	rna-XM_056783330.1	A
anno1.g2514.t1	A	rna-XM_056777877.1	A
anno1.g2515.t1	A	rna-XM_056785900.1	A
anno1.g2516.t1	A	rna-XM_056785902.1	A
anno1.g2518.t1	A	rna-XM_056785000.1	A
anno1.g2519.t1	A	rna-XM_056785807.1	A
anno1.g2520.t1	A	rna-XM_056783268.1	A
anno1.g2522.t1	A	rna-XM_056783275.1	A
anno1.g2523.t1	A	rna-XM_056785812.1	A
anno1.g2524.t1	A	rna-XM_056780026.1	A
anno1.g12253.t1	A	rna-XM_056790991.1	X
anno1.g12254.t1	A	rna-XM_056790992.1	X
anno1.g12246.t1	A	rna-XM_056775568.1	A
anno1.g12248.t1	A	rna-XM_056775567.1	A
anno1.g12249.t1	A	rna-XM_056776293.1	A
anno1.g12250.t1	A	rna-XM_056786371.1	A
anno1.g12251.t3	A	rna-XM_056787725.1	A
anno1.g2489.t1	A	rna-XM_056793223.1	A
anno1.g2490.t1	A	rna-XM_056792715.1	A
anno1.g2491.t1	A	rna-XM_056792891.1	A
anno1.g12242.t1	A	rna-XM_056779809.1	A
anno1.g12232.t1	A	rna-XM_056792508.1	A
anno1.g12233.t1	A	rna-XM_056784541.1	A
anno1.g12234.t1	A	rna-XM_056784578.1	A
anno1.g12236.t1	A	rna-XM_056784565.1	A
anno1.g12239.t1	A	rna-XM_056777330.1	A
anno1.g12240.t1	A	rna-XM_056777319.1	A
anno1.g12241.t2	A	rna-XM_056776353.1	A
anno1.g12226.t1	A	rna-XM_056779531.1	A
anno1.g12227.t1	A	rna-XM_056789770.1	X
anno1.g12220.t1	A	rna-XM_056781682.1	A
anno1.g2447.t1	A	rna-XM_056791715.1	A
anno1.g2448.t1	A	rna-XM_056778821.1	A
anno1.g2449.t1	A	rna-XM_056777050.1	A
anno1.g2450.t2	A	rna-XM_056777210.1	A
anno1.g2452.t1	A	rna-XM_056782679.1	A
anno1.g2453.t1	A	rna-XM_056775970.1	A
anno1.g2456.t1	A	rna-XM_056775262.1	A
anno1.g2457.t1	A	rna-XM_056775382.1	A
anno1.g2458.t3	A	rna-XM_056774860.1	A
anno1.g2459.t1	A	rna-XM_056774948.1	A
anno1.g2460.t1	A	rna-XM_056775628.1	A
anno1.g2461.t1	A	rna-XM_056774920.1	A
anno1.g2462.t1	A	rna-XM_056775164.1	A
anno1.g2463.t1	A	rna-XM_056775166.1	A
anno1.g2464.t2	A	rna-XM_056775255.1	A
anno1.g2467.t2	A	rna-XM_056783471.1	A
anno1.g2470.t1	A	rna-XM_056775473.1	A
anno1.g2471.t1	A	rna-XM_056775472.1	A
anno1.g2472.t2	A	rna-XM_056775471.1	A
anno1.g2475.t1	A	rna-XM_056775122.1	A
anno1.g2476.t1	A	rna-XM_056792671.1	A
anno1.g2477.t1	A	rna-XM_056793221.1	A
anno1.g2478.t1	A	rna-XM_056780482.1	A
anno1.g2479.t1	A	rna-XM_056780477.1	A
anno1.g12210.t1	A	rna-XM_056783168.1	A
anno1.g12211.t1	A	rna-XM_056781929.1	A
anno1.g12213.t1	A	rna-XM_056783496.1	A
anno1.g12214.t1	A	rna-XM_056780691.1	A
anno1.g12215.t1	A	rna-XM_056780567.1	A
anno1.g12216.t1	A	rna-XM_056787345.1	A
anno1.g12217.t1	A	rna-XM_056786973.1	A
anno1.g12218.t1	A	rna-XM_056774952.1	A
anno1.g2446.t1	A	rna-XM_056779112.1	A
anno1.g2442.t2	A	rna-XM_056787199.1	A
anno1.g2443.t1	A	rna-XM_056791795.1	A
anno1.g2441.t1	A	rna-XM_056783971.1	A
anno1.g12198.t1	A	rna-XM_056780759.1	A
anno1.g12201.t1	A	rna-XM_056780906.1	A
anno1.g12174.t1	A	rna-XM_056792403.1	A
anno1.g12184.t2	A	rna-XM_056783440.1	A
anno1.g12190.t1	A	rna-XM_056792398.1	A
anno1.g12191.t1	A	rna-XM_056773949.1	A
anno1.g12192.t1	A	rna-XM_056788114.1	A
anno1.g12193.t1	A	rna-XM_056788115.1	A
anno1.g12194.t1	A	rna-XM_056780261.1	A
anno1.g12195.t1	A	rna-XM_056783466.1	A
anno1.g12167.t2	A	rna-XM_056785239.1	A
anno1.g12169.t1	A	rna-XM_056788293.1	A
anno1.g2401.t1	A	rna-XM_056781033.1	A
anno1.g2402.t1	A	rna-XM_056780776.1	A
anno1.g2403.t1	A	rna-XM_056780777.1	A
anno1.g2404.t1	A	rna-XM_056777159.1	A
anno1.g2405.t1	A	rna-XM_056780778.1	A
anno1.g2406.t1	A	rna-XM_056781035.1	A
anno1.g2407.t1	A	rna-XM_056781800.1	A
anno1.g2410.t2	A	rna-XM_056779537.1	A
anno1.g2411.t1	A	rna-XM_056779656.1	A
anno1.g2413.t1	A	rna-XM_056778533.1	A
anno1.g2414.t1	A	rna-XM_056779881.1	A
anno1.g2415.t1	A	rna-XM_056779580.1	A
anno1.g2416.t1	A	rna-XM_056779878.1	A
anno1.g2418.t1	A	rna-XM_056778788.1	A
anno1.g2419.t1	A	rna-XM_056773647.1	A
anno1.g2420.t1	A	rna-XM_056778892.1	A
anno1.g2421.t1	A	rna-XM_056779350.1	A
anno1.g2423.t1	A	rna-XM_056781112.1	A
anno1.g2425.t3	A	rna-XM_056781085.1	A
anno1.g2426.t1	A	rna-XM_056781090.1	A
anno1.g2427.t1	A	rna-XM_056781084.1	A
anno1.g2428.t2	A	rna-XM_056781103.1	A
anno1.g2429.t1	A	rna-XM_056781237.1	A
anno1.g2430.t1	A	rna-XM_056791500.1	A
anno1.g2431.t1	A	rna-XM_056781231.1	A
anno1.g2433.t1	A	rna-XM_056781230.1	A
anno1.g2434.t1	A	rna-XM_056790453.1	X
anno1.g2435.t3	A	rna-XM_056788809.1	A
anno1.g12162.t1	A	rna-XM_056792177.1	A
anno1.g12164.t2	A	rna-XM_056774050.1	A
anno1.g12165.t1	A	rna-XM_056774074.1	A
anno1.g12158.t1	A	rna-XM_056782145.1	A
anno1.g12159.t1	A	rna-XM_056786409.1	A
anno1.g12160.t1	A	rna-XM_056782636.1	A
anno1.g12161.t2	A	rna-XM_056782707.1	A
anno1.g12156.t1	A	rna-XM_056775264.1	A
anno1.g12149.t1	A	rna-XM_056787743.1	A
anno1.g12106.t1	A	rna-XM_056789401.1	X
anno1.g12108.t1	A	rna-XM_056778806.1	A
anno1.g12109.t1	A	rna-XM_056786272.1	A
anno1.g12110.t2	A	rna-XM_056785089.1	A
anno1.g12112.t2	A	rna-XM_056781019.1	A
anno1.g12113.t2	A	rna-XM_056776325.1	A
anno1.g12114.t1	A	rna-XM_056784062.1	A
anno1.g12115.t1	A	rna-XM_056784066.1	A
anno1.g12116.t1	A	rna-XM_056776700.1	A
anno1.g12117.t1	A	rna-XM_056781817.1	A
anno1.g12118.t1	A	rna-XM_056785978.1	A
anno1.g12119.t1	A	rna-XM_056776512.1	A
anno1.g12120.t1	A	rna-XM_056782175.1	A
anno1.g12121.t1	A	rna-XM_056786261.1	A
anno1.g12122.t2	A	rna-XM_056785620.1	A
anno1.g12123.t1	A	rna-XM_056792172.1	A
anno1.g12124.t5	A	rna-XM_056787815.1	A
anno1.g12125.t1	A	rna-XM_056776694.1	A
anno1.g12127.t1	A	rna-XM_056784676.1	A
anno1.g12129.t3	A	rna-XM_056791277.1	A
anno1.g12130.t1	A	rna-XM_056783692.1	A
anno1.g12132.t1	A	rna-XM_056784580.1	A
anno1.g12134.t1	A	rna-XM_056792102.1	A
anno1.g12136.t3	A	rna-XM_056777790.1	A
anno1.g12138.t1	A	rna-XM_056780789.1	A
anno1.g12139.t1	A	rna-XM_056786067.1	A
anno1.g12141.t1	A	rna-XM_056790509.1	X
anno1.g12145.t1	A	rna-XM_056788300.1	A
anno1.g2398.t1	A	rna-XM_056781894.1	A
anno1.g12102.t1	A	rna-XM_056786359.1	A
anno1.g12103.t1	A	rna-XM_056792694.1	A
anno1.g12104.t1	A	rna-XM_056792678.1	A
anno1.g12092.t1	A	rna-XM_056789163.1	A
anno1.g12093.t1	A	rna-XM_056782663.1	A
anno1.g2378.t1	A	rna-XM_056792397.1	A
anno1.g2379.t1	A	rna-XM_056774110.1	A
anno1.g2380.t1	A	rna-XM_056774109.1	A
anno1.g2381.t1	A	rna-XM_056774111.1	A
anno1.g2382.t1	A	rna-XM_056774116.1	A
anno1.g2383.t1	A	rna-XM_056774119.1	A
anno1.g2384.t1	A	rna-XM_056774118.1	A
anno1.g2385.t1	A	rna-XM_056774121.1	A
anno1.g2386.t1	A	rna-XM_056774124.1	A
anno1.g2387.t1	A	rna-XM_056779740.1	A
anno1.g2388.t1	A	rna-XM_056779633.1	A
anno1.g2389.t1	A	rna-XM_056776933.1	A
anno1.g2390.t2	A	rna-XM_056784575.1	A
anno1.g2392.t2	A	rna-XM_056774809.1	A
anno1.g2394.t1	A	rna-XM_056787650.1	A
anno1.g2395.t1	A	rna-XM_056793158.1	A
anno1.g2396.t1	A	rna-XM_056791611.1	A
anno1.g12090.t1	A	rna-XM_056780805.1	A
anno1.g12082.t1	A	rna-XM_056774384.1	A
anno1.g12077.t1	A	rna-XM_056773634.1	A
anno1.g12078.t1	A	rna-XM_056777537.1	A
anno1.g12079.t2	A	rna-XM_056777535.1	A
anno1.g12080.t1	A	rna-XM_056777534.1	A
anno1.g12081.t1	A	rna-XM_056784157.1	A
anno1.g12076.t1	A	rna-XM_056782807.1	A
anno1.g12025.t1	A	rna-XM_056777686.1	A
anno1.g12026.t1	A	rna-XM_056791952.1	A
anno1.g12029.t1	A	rna-XM_056785962.1	A
anno1.g12030.t3	A	rna-XM_056773860.1	A
anno1.g12031.t3	A	rna-XM_056774051.1	A
anno1.g12033.t1	A	rna-XM_056774054.1	A
anno1.g12034.t1	A	rna-XM_056773856.1	A
anno1.g12035.t1	A	rna-XM_056774049.1	A
anno1.g12036.t1	A	rna-XM_056774048.1	A
anno1.g12038.t1	A	rna-XM_056792798.1	A
anno1.g12039.t1	A	rna-XM_056789627.1	X
anno1.g12041.t1	A	rna-XM_056774031.1	A
anno1.g12042.t2	A	rna-XM_056774027.1	A
anno1.g12043.t1	A	rna-XM_056773583.1	A
anno1.g12044.t1	A	rna-XM_056773581.1	A
anno1.g12045.t1	A	rna-XM_056792253.1	A
anno1.g12048.t1	A	rna-XM_056774602.1	A
anno1.g12050.t1	A	rna-XM_056773872.1	A
anno1.g12051.t1	A	rna-XM_056774175.1	A
anno1.g12052.t1	A	rna-XM_056774176.1	A
anno1.g12053.t1	A	rna-XM_056779005.1	A
anno1.g12054.t2	A	rna-XM_056792895.1	A
anno1.g12055.t1	A	rna-XM_056792879.1	A
anno1.g12056.t1	A	rna-XM_056784834.1	A
anno1.g12058.t1	A	rna-XM_056779003.1	A
anno1.g12059.t2	A	rna-XM_056779474.1	A
anno1.g12062.t3	A	rna-XM_056780225.1	A
anno1.g12063.t1	A	rna-XM_056780359.1	A
anno1.g12064.t2	A	rna-XM_056785450.1	A
anno1.g12066.t1	A	rna-XM_056793039.1	A
anno1.g12067.t2	A	rna-XM_056785444.1	A
anno1.g12068.t1	A	rna-XM_056785437.1	A
anno1.g12070.t1	A	rna-XM_056786833.1	A
anno1.g12072.t2	A	rna-XM_056790164.1	X
anno1.g12074.t1	A	rna-XM_056791162.1	X
anno1.g12023.t2	A	rna-XM_056786120.1	A
anno1.g12012.t1	A	rna-XM_056788073.1	A
anno1.g12013.t1	A	rna-XM_056775136.1	A
anno1.g12014.t1	A	rna-XM_056775135.1	A
anno1.g12015.t1	A	rna-XM_056778896.1	A
anno1.g12016.t3	A	rna-XM_056790708.1	X
anno1.g12018.t1	A	rna-XM_056791225.1	X
anno1.g12020.t1	A	rna-XM_056774762.1	A
anno1.g12021.t1	A	rna-XM_056779174.1	A
anno1.g12010.t2	A	rna-XM_056774822.1	A
anno1.g12011.t1	A	rna-XM_056775333.1	A
anno1.g2346.t1	X	rna-XM_056790031.1	X
anno1.g2347.t1	X	rna-XM_056790159.1	X
anno1.g2348.t1	X	rna-XM_056790163.1	X
anno1.g2349.t3	X	rna-XM_056789702.1	X
anno1.g2351.t1	X	rna-XM_056787218.1	A
anno1.g2353.t2	X	rna-XM_056789667.1	X
anno1.g2354.t1	X	rna-XM_056789919.1	X
anno1.g2355.t1	X	rna-XM_056790516.1	X
anno1.g2356.t1	X	rna-XM_056789941.1	X
anno1.g2357.t1	X	rna-XM_056789940.1	X
anno1.g2358.t1	X	rna-XM_056790338.1	X
anno1.g2359.t1	X	rna-XM_056791461.1	A
anno1.g2361.t1	X	rna-XM_056789419.1	X
anno1.g2362.t1	X	rna-XM_056789416.1	X
anno1.g2364.t1	X	rna-XM_056790479.1	X
anno1.g2366.t1	X	rna-XM_056790413.1	X
anno1.g2370.t1	X	rna-XM_056783899.1	A
anno1.g2371.t1	X	rna-XM_056789988.1	X
anno1.g2372.t1	X	rna-XM_056789303.1	X
anno1.g2374.t1	X	rna-XM_056774864.1	A
anno1.g12002.t1	A	rna-XM_056792062.1	A
anno1.g12003.t1	A	rna-XM_056792063.1	A
anno1.g12004.t2	A	rna-XM_056792040.1	A
anno1.g12006.t1	A	rna-XM_056782120.1	A
anno1.g11999.t1	A	rna-XM_056776737.1	A
anno1.g12001.t2	A	rna-XM_056776599.1	A
anno1.g11998.t1	A	rna-XM_056780645.1	A
anno1.g2344.t1	A	rna-XM_056788781.1	A
anno1.g11993.t2	A	rna-XM_056783815.1	A
anno1.g11988.t1	A	rna-XM_056781851.1	A
anno1.g11991.t1	A	rna-XM_056777706.1	A
anno1.g11992.t1	A	rna-XM_056777039.1	A
anno1.g2340.t1	A	rna-XM_056785271.1	A
anno1.g11914.t1	A	rna-XM_056786969.1	A
anno1.g11915.t1	A	rna-XM_056787007.1	A
anno1.g11916.t1	A	rna-XM_056788232.1	A
anno1.g11917.t1	A	rna-XM_056784551.1	A
anno1.g11918.t1	A	rna-XM_056792842.1	A
anno1.g11919.t1	A	rna-XM_056779449.1	A
anno1.g11920.t3	A	rna-XM_056784033.1	A
anno1.g11921.t1	A	rna-XM_056784046.1	A
anno1.g11923.t1	A	rna-XM_056784009.1	A
anno1.g11924.t1	A	rna-XM_056776690.1	A
anno1.g11925.t1	A	rna-XM_056790645.1	X
anno1.g11926.t1	A	rna-XM_056775212.1	A
anno1.g11927.t1	A	rna-XM_056779366.1	A
anno1.g11928.t2	A	rna-XM_056782138.1	A
anno1.g11932.t1	A	rna-XM_056792532.1	A
anno1.g11933.t1	A	rna-XM_056783671.1	A
anno1.g11934.t2	A	rna-XM_056783660.1	A
anno1.g11935.t2	A	rna-XM_056787652.1	A
anno1.g11936.t2	A	rna-XM_056783674.1	A
anno1.g11937.t1	A	rna-XM_056788059.1	A
anno1.g11939.t1	A	rna-XM_056788062.1	A
anno1.g11940.t1	A	rna-XM_056774063.1	A
anno1.g11941.t1	A	rna-XM_056776345.1	A
anno1.g11942.t1	A	rna-XM_056791781.1	A
anno1.g11944.t1	A	rna-XM_056783326.1	A
anno1.g11945.t1	A	rna-XM_056782904.1	A
anno1.g11948.t1	A	rna-XM_056782798.1	A
anno1.g11952.t1	A	rna-XM_056779431.1	A
anno1.g11953.t1	A	rna-XM_056779432.1	A
anno1.g11954.t1	A	rna-XM_056783574.1	A
anno1.g11955.t1	A	rna-XM_056776691.1	A
anno1.g11956.t1	A	rna-XM_056778385.1	A
anno1.g11959.t1	A	rna-XM_056778384.1	A
anno1.g11960.t1	A	rna-XM_056778370.1	A
anno1.g11961.t1	A	rna-XM_056774178.1	A
anno1.g11964.t2	A	rna-XM_056783570.1	A
anno1.g11966.t1	A	rna-XM_056777953.1	A
anno1.g11967.t1	A	rna-XM_056785030.1	A
anno1.g11969.t1	A	rna-XM_056779919.1	A
anno1.g11971.t1	A	rna-XM_056779159.1	A
anno1.g11972.t1	A	rna-XM_056779550.1	A
anno1.g11974.t3	A	rna-XM_056780088.1	A
anno1.g11976.t1	A	rna-XM_056773659.1	A
anno1.g11977.t2	A	rna-XM_056778208.1	A
anno1.g11979.t1	A	rna-XM_056783836.1	A
anno1.g11980.t1	A	rna-XM_056778916.1	A
anno1.g11981.t1	A	rna-XM_056779822.1	A
anno1.g11982.t2	A	rna-XM_056786924.1	A
anno1.g11983.t1	A	rna-XM_056783565.1	A
anno1.g11984.t1	A	rna-XM_056783064.1	A
anno1.g11985.t1	A	rna-XM_056775203.1	A
anno1.g11904.t1	X	rna-XM_056790970.1	X
anno1.g11905.t1	X	rna-XM_056789059.1	X
anno1.g11906.t1	X	rna-XM_056781687.1	A
anno1.g11907.t1	X	rna-XM_056790971.1	X
anno1.g11908.t1	X	rna-XM_056790116.1	X
anno1.g11909.t2	X	rna-XM_056790120.1	X
anno1.g11910.t1	X	rna-XM_056790114.1	X
anno1.g11911.t1	X	rna-XM_056790428.1	X
anno1.g11912.t1	X	rna-XM_056790437.1	X
anno1.g11901.t1	A	rna-XM_056777082.1	A
anno1.g11902.t1	A	rna-XM_056780373.1	A
anno1.g2316.t1	A	rna-XM_056787388.1	A
anno1.g2317.t1	A	rna-XM_056786986.1	A
anno1.g2318.t1	A	rna-XM_056773759.1	A
anno1.g2319.t1	A	rna-XM_056773761.1	A
anno1.g2320.t1	A	rna-XM_056773762.1	A
anno1.g2321.t1	A	rna-XM_056773756.1	A
anno1.g2322.t1	A	rna-XM_056792381.1	A
anno1.g2323.t1	A	rna-XM_056773941.1	A
anno1.g2325.t1	A	rna-XM_056789020.1	A
anno1.g2327.t1	A	rna-XM_056792837.1	A
anno1.g2328.t2	A	rna-XM_056792839.1	A
anno1.g2329.t1	A	rna-XM_056792392.1	A
anno1.g2331.t1	A	rna-XM_056776424.1	A
anno1.g11894.t1	A	rna-XM_056785680.1	A
anno1.g11895.t1	A	rna-XM_056785682.1	A
anno1.g11888.t1	A	rna-XM_056776989.1	A
anno1.g11891.t1	A	rna-XM_056784598.1	A
anno1.g11892.t1	A	rna-XM_056784682.1	A
anno1.g11881.t1	A	rna-XM_056788163.1	A
anno1.g11882.t1	A	rna-XM_056778747.1	A
anno1.g2312.t1	A	rna-XM_056779081.1	A
anno1.g11880.t1	A	rna-XM_056777696.1	A
anno1.g11850.t2	A	rna-XM_056781152.1	A
anno1.g11851.t1	A	rna-XM_056789485.1	X
anno1.g11852.t1	A	rna-XM_056783697.1	A
anno1.g11853.t1	A	rna-XM_056776226.1	A
anno1.g11854.t2	A	rna-XM_056792151.1	A
anno1.g11855.t1	A	rna-XM_056789612.1	X
anno1.g11856.t1	A	rna-XM_056793010.1	A
anno1.g11857.t1	A	rna-XM_056792152.1	A
anno1.g11858.t1	A	rna-XM_056780830.1	A
anno1.g11859.t2	A	rna-XM_056783579.1	A
anno1.g11861.t1	A	rna-XM_056780557.1	A
anno1.g11862.t1	A	rna-XM_056786652.1	A
anno1.g11864.t1	A	rna-XM_056788873.1	A
anno1.g11865.t1	A	rna-XM_056788407.1	A
anno1.g11866.t1	A	rna-XM_056788410.1	A
anno1.g11868.t1	A	rna-XM_056790471.1	X
anno1.g11869.t1	A	rna-XM_056790929.1	X
anno1.g11871.t1	A	rna-XM_056790166.1	X
anno1.g11873.t1	A	rna-XM_056791712.1	A
anno1.g11874.t2	A	rna-XM_056791713.1	A
anno1.g11834.t1	A	rna-XM_056782388.1	A
anno1.g11835.t2	A	rna-XM_056774357.1	A
anno1.g11836.t1	A	rna-XM_056780234.1	A
anno1.g11837.t1	A	rna-XM_056786433.1	A
anno1.g11839.t1	A	rna-XM_056789520.1	X
anno1.g11840.t1	A	rna-XM_056789518.1	X
anno1.g11841.t1	A	rna-XM_056786534.1	A
anno1.g11843.t1	A	rna-XM_056786535.1	A
anno1.g11844.t1	A	rna-XM_056791884.1	A
anno1.g11846.t1	A	rna-XM_056781816.1	A
anno1.g11847.t1	A	rna-XM_056786229.1	A
anno1.g11848.t1	A	rna-XM_056786227.1	A
anno1.g11849.t1	A	rna-XM_056791885.1	A
anno1.g11831.t1	A	rna-XM_056781767.1	A
anno1.g11832.t1	A	rna-XM_056780988.1	A
anno1.g11824.t1	A	rna-XM_056784045.1	A
anno1.g11825.t1	A	rna-XM_056775704.1	A
anno1.g11826.t1	A	rna-XM_056775699.1	A
anno1.g11827.t1	A	rna-XM_056779889.1	A
anno1.g11828.t1	A	rna-XM_056775653.1	A
anno1.g11829.t1	A	rna-XM_056790922.1	X
anno1.g2248.t1	A	rna-XM_056781844.1	A
anno1.g2249.t1	A	rna-XM_056792921.1	A
anno1.g2252.t1	A	rna-XM_056777199.1	A
anno1.g2254.t1	A	rna-XM_056776487.1	A
anno1.g2255.t1	A	rna-XM_056776496.1	A
anno1.g2256.t1	A	rna-XM_056777735.1	A
anno1.g2257.t1	A	rna-XM_056784492.1	A
anno1.g2258.t1	A	rna-XM_056785878.1	A
anno1.g2259.t1	A	rna-XM_056777105.1	A
anno1.g2260.t1	A	rna-XM_056791977.1	A
anno1.g2261.t1	A	rna-XM_056792744.1	A
anno1.g2262.t1	A	rna-XM_056792743.1	A
anno1.g2263.t2	A	rna-XM_056790246.1	A
anno1.g2264.t2	A	rna-XM_056790303.1	A
anno1.g2265.t1	A	rna-XM_056780332.1	A
anno1.g2266.t1	A	rna-XM_056779136.1	A
anno1.g2267.t1	A	rna-XM_056778409.1	A
anno1.g2268.t1	A	rna-XM_056774392.1	A
anno1.g2270.t2	A	rna-XM_056781281.1	A
anno1.g2271.t1	A	rna-XM_056788615.1	A
anno1.g2272.t2	A	rna-XM_056776425.1	A
anno1.g2273.t1	A	rna-XM_056776750.1	A
anno1.g2274.t1	A	rna-XM_056777917.1	A
anno1.g2275.t1	A	rna-XM_056778998.1	A
anno1.g2277.t1	A	rna-XM_056779475.1	A
anno1.g2278.t1	A	rna-XM_056782997.1	A
anno1.g2280.t1	A	rna-XM_056779126.1	A
anno1.g2281.t1	A	rna-XM_056785328.1	A
anno1.g2282.t1	A	rna-XM_056790290.1	A
anno1.g2283.t1	A	rna-XM_056777822.1	A
anno1.g2284.t1	A	rna-XM_056777032.1	A
anno1.g2285.t1	A	rna-XM_056777948.1	A
anno1.g2286.t2	A	rna-XM_056776660.1	A
anno1.g2287.t2	A	rna-XM_056778145.1	A
anno1.g2289.t1	A	rna-XM_056777866.1	A
anno1.g2290.t1	A	rna-XM_056777591.1	A
anno1.g2291.t1	A	rna-XM_056782664.1	A
anno1.g2292.t1	A	rna-XM_056779124.1	A
anno1.g2293.t1	A	rna-XM_056779068.1	A
anno1.g2294.t1	A	rna-XM_056778732.1	A
anno1.g2296.t1	A	rna-XM_056776883.1	A
anno1.g2297.t1	A	rna-XM_056777829.1	A
anno1.g2298.t1	A	rna-XM_056778846.1	A
anno1.g2299.t1	A	rna-XM_056779257.1	A
anno1.g2302.t1	A	rna-XM_056790302.1	X
anno1.g2303.t1	A	rna-XM_056789740.1	X
anno1.g2304.t2	A	rna-XM_056790137.1	X
anno1.g2226.t1	A	rna-XM_056791421.1	A
anno1.g2227.t2	A	rna-XM_056776739.1	A
anno1.g2228.t1	A	rna-XM_056777112.1	A
anno1.g2229.t1	A	rna-XM_056782410.1	A
anno1.g2231.t1	A	rna-XM_056773780.1	A
anno1.g2232.t1	A	rna-XM_056773778.1	A
anno1.g2233.t1	A	rna-XM_056773781.1	A
anno1.g2234.t1	A	rna-XM_056791454.1	A
anno1.g2235.t1	A	rna-XM_056777312.1	A
anno1.g2236.t2	A	rna-XM_056777313.1	A
anno1.g2237.t1	A	rna-XM_056777318.1	A
anno1.g2238.t1	A	rna-XM_056775244.1	A
anno1.g2239.t1	A	rna-XM_056776145.1	A
anno1.g2241.t1	A	rna-XM_056792266.1	A
anno1.g2243.t1	A	rna-XM_056787909.1	A
anno1.g2244.t1	A	rna-XM_056782421.1	A
anno1.g2245.t1	A	rna-XM_056792883.1	A
anno1.g2246.t1	A	rna-XM_056778835.1	A
anno1.g11812.t1	X	rna-XM_056789754.1	X
anno1.g11813.t2	X	rna-XM_056789349.1	X
anno1.g11815.t1	X	rna-XM_056789208.1	X
anno1.g11816.t1	X	rna-XM_056790482.1	X
anno1.g11817.t1	X	rna-XM_056789881.1	X
anno1.g11818.t1	X	rna-XM_056789396.1	X
anno1.g11806.t1	A	rna-XM_056793248.1	A
anno1.g11807.t1	A	rna-XM_056793104.1	A
anno1.g11808.t2	A	rna-XM_056792367.1	A
anno1.g11809.t1	A	rna-XM_056773689.1	A
anno1.g11714.t1	A	rna-XM_056784511.1	A
anno1.g11715.t2	A	rna-XM_056784507.1	A
anno1.g11716.t1	A	rna-XM_056792463.1	A
anno1.g11717.t1	A	rna-XM_056791047.1	A
anno1.g11718.t1	A	rna-XM_056780720.1	A
anno1.g11719.t1	A	rna-XM_056780054.1	A
anno1.g11721.t1	A	rna-XM_056777083.1	A
anno1.g11722.t1	A	rna-XM_056777157.1	A
anno1.g11724.t1	A	rna-XM_056777119.1	A
anno1.g11725.t1	A	rna-XM_056776659.1	A
anno1.g11726.t1	A	rna-XM_056776429.1	A
anno1.g11727.t1	A	rna-XM_056777394.1	A
anno1.g11729.t2	A	rna-XM_056777555.1	A
anno1.g11731.t1	A	rna-XM_056775658.1	A
anno1.g11732.t1	A	rna-XM_056784770.1	A
anno1.g11733.t1	A	rna-XM_056791389.1	A
anno1.g11734.t1	A	rna-XM_056778334.1	A
anno1.g11735.t1	A	rna-XM_056778359.1	A
anno1.g11736.t1	A	rna-XM_056786941.1	A
anno1.g11737.t1	A	rna-XM_056787052.1	A
anno1.g11739.t1	A	rna-XM_056774847.1	A
anno1.g11741.t1	A	rna-XM_056774249.1	A
anno1.g11742.t1	A	rna-XM_056773914.1	A
anno1.g11744.t1	A	rna-XM_056787735.1	A
anno1.g11745.t1	A	rna-XM_056787736.1	A
anno1.g11746.t1	A	rna-XM_056787335.1	A
anno1.g11747.t1	A	rna-XM_056788397.1	A
anno1.g11748.t2	A	rna-XM_056788327.1	A
anno1.g11750.t1	A	rna-XM_056775168.1	A
anno1.g11751.t1	A	rna-XM_056774974.1	A
anno1.g11752.t2	A	rna-XM_056775211.1	A
anno1.g11753.t1	A	rna-XM_056774821.1	A
anno1.g11754.t1	A	rna-XM_056774736.1	A
anno1.g11755.t1	A	rna-XM_056775418.1	A
anno1.g11756.t1	A	rna-XM_056775615.1	A
anno1.g11759.t1	A	rna-XM_056775565.1	A
anno1.g11760.t1	A	rna-XM_056784060.1	A
anno1.g11762.t2	A	rna-XM_056790732.1	X
anno1.g11764.t1	A	rna-XM_056790723.1	X
anno1.g11766.t1	A	rna-XM_056779406.1	A
anno1.g11768.t1	A	rna-XM_056792863.1	A
anno1.g11769.t1	A	rna-XM_056779834.1	A
anno1.g11770.t1	A	rna-XM_056791207.1	A
anno1.g11771.t1	A	rna-XM_056786768.1	A
anno1.g11772.t1	A	rna-XM_056792736.1	A
anno1.g11773.t1	A	rna-XM_056775237.1	A
anno1.g11774.t1	A	rna-XM_056775236.1	A
anno1.g11775.t1	A	rna-XM_056774886.1	A
anno1.g11776.t1	A	rna-XM_056784823.1	A
anno1.g11777.t1	A	rna-XM_056784478.1	A
anno1.g11778.t1	A	rna-XM_056773545.1	A
anno1.g11779.t1	A	rna-XM_056782994.1	A
anno1.g11780.t1	A	rna-XM_056777181.1	A
anno1.g11781.t1	A	rna-XM_056774766.1	A
anno1.g11782.t1	A	rna-XM_056793030.1	A
anno1.g11783.t1	A	rna-XM_056774839.1	A
anno1.g11787.t1	A	rna-XM_056788474.1	A
anno1.g11788.t2	A	rna-XM_056788448.1	A
anno1.g11789.t2	A	rna-XM_056788439.1	A
anno1.g11790.t1	A	rna-XM_056788437.1	A
anno1.g11791.t1	A	rna-XM_056788435.1	A
anno1.g11792.t1	A	rna-XM_056788429.1	A
anno1.g11793.t2	A	rna-XM_056788164.1	A
anno1.g11795.t1	A	rna-XM_056777122.1	A
anno1.g11797.t1	A	rna-XM_056777305.1	A
anno1.g11798.t1	A	rna-XM_056777914.1	A
anno1.g11799.t1	A	rna-XM_056777916.1	A
anno1.g11800.t1	A	rna-XM_056787886.1	A
anno1.g11802.t1	A	rna-XM_056785826.1	A
anno1.g11706.t1	A	rna-XM_056779678.1	A
anno1.g11704.t1	A	rna-XM_056784688.1	A
anno1.g11705.t2	A	rna-XM_056785417.1	A
anno1.g11690.t1	A	rna-XM_056787160.1	A
anno1.g11692.t1	A	rna-XM_056776990.1	A
anno1.g11693.t1	A	rna-XM_056787234.1	A
anno1.g11696.t2	A	rna-XM_056773670.1	A
anno1.g11698.t2	A	rna-XM_056773667.1	A
anno1.g11687.t1	A	rna-XM_056775479.1	A
anno1.g2182.t1	A	rna-XM_056786713.1	A
anno1.g2184.t1	A	rna-XM_056775544.1	A
anno1.g2188.t2	A	rna-XM_056784354.1	A
anno1.g2189.t1	A	rna-XM_056792265.1	A
anno1.g2190.t1	A	rna-XM_056791900.1	A
anno1.g2191.t2	A	rna-XM_056785673.1	A
anno1.g2192.t1	A	rna-XM_056787298.1	A
anno1.g2196.t1	A	rna-XM_056776689.1	A
anno1.g2197.t1	A	rna-XM_056776687.1	A
anno1.g2198.t1	A	rna-XM_056773807.1	A
anno1.g2200.t1	A	rna-XM_056777450.1	A
anno1.g2201.t2	A	rna-XM_056776671.1	A
anno1.g2202.t1	A	rna-XM_056776672.1	A
anno1.g2203.t1	A	rna-XM_056782902.1	A
anno1.g2204.t1	A	rna-XM_056779358.1	A
anno1.g2205.t1	A	rna-XM_056779980.1	A
anno1.g2206.t1	A	rna-XM_056779744.1	A
anno1.g2207.t1	A	rna-XM_056778753.1	A
anno1.g2208.t1	A	rna-XM_056786687.1	A
anno1.g2209.t1	A	rna-XM_056786033.1	A
anno1.g2211.t1	A	rna-XM_056786635.1	A
anno1.g2212.t1	A	rna-XM_056782886.1	A
anno1.g2214.t1	A	rna-XM_056782950.1	A
anno1.g2215.t1	A	rna-XM_056779368.1	A
anno1.g2216.t1	A	rna-XM_056790180.1	X
anno1.g2219.t1	A	rna-XM_056783267.1	A
anno1.g2220.t1	A	rna-XM_056776234.1	A
anno1.g2222.t1	A	rna-XM_056787124.1	A
anno1.g11680.t1	A	rna-XM_056778532.1	A
anno1.g11681.t1	A	rna-XM_056779041.1	A
anno1.g11684.t1	A	rna-XM_056781276.1	A
anno1.g11663.t1	A	rna-XM_056779641.1	A
anno1.g11665.t1	A	rna-XM_056792188.1	A
anno1.g11668.t1	A	rna-XM_056780099.1	A
anno1.g11669.t1	A	rna-XM_056791244.1	Y
anno1.g11670.t1	A	rna-XM_056775119.1	A
anno1.g2171.t1	A	rna-XM_056790038.1	X
anno1.g2173.t2	A	rna-XM_056789586.1	X
anno1.g11596.t1	A	rna-XM_056792775.1	A
anno1.g11597.t1	A	rna-XM_056781274.1	A
anno1.g11599.t1	A	rna-XM_056777793.1	A
anno1.g11600.t1	A	rna-XM_056787557.1	A
anno1.g11603.t1	A	rna-XM_056784057.1	A
anno1.g11604.t1	A	rna-XM_056779833.1	A
anno1.g11605.t1	A	rna-XM_056779341.1	A
anno1.g11606.t1	A	rna-XM_056782600.1	A
anno1.g11608.t2	A	rna-XM_056778053.1	A
anno1.g11609.t1	A	rna-XM_056779079.1	A
anno1.g11611.t1	A	rna-XM_056778021.1	A
anno1.g11612.t1	A	rna-XM_056777968.1	A
anno1.g11616.t1	A	rna-XM_056787915.1	A
anno1.g11617.t1	A	rna-XM_056788018.1	A
anno1.g11618.t1	A	rna-XM_056778742.1	A
anno1.g11619.t1	A	rna-XM_056774943.1	A
anno1.g11623.t1	A	rna-XM_056788021.1	A
anno1.g11627.t1	A	rna-XM_056787428.1	A
anno1.g11628.t1	A	rna-XM_056786420.1	A
anno1.g11629.t1	A	rna-XM_056787316.1	A
anno1.g11630.t1	A	rna-XM_056783391.1	A
anno1.g11631.t1	A	rna-XM_056785220.1	A
anno1.g11632.t1	A	rna-XM_056785222.1	A
anno1.g11633.t1	A	rna-XM_056780880.1	A
anno1.g11634.t1	A	rna-XM_056782195.1	A
anno1.g11635.t1	A	rna-XM_056785263.1	A
anno1.g11638.t1	A	rna-XM_056789005.1	A
anno1.g11643.t1	A	rna-XM_056785267.1	A
anno1.g11647.t1	A	rna-XM_056784945.1	A
anno1.g11648.t1	A	rna-XM_056785265.1	A
anno1.g11650.t1	A	rna-XM_056785272.1	A
anno1.g11651.t1	A	rna-XM_056791632.1	A
anno1.g11652.t1	A	rna-XM_056786178.1	A
anno1.g11653.t1	A	rna-XM_056789250.1	X
anno1.g11654.t1	A	rna-XM_056779599.1	A
anno1.g11656.t1	A	rna-XM_056788677.1	A
anno1.g11659.t1	A	rna-XM_056786967.1	A
anno1.g11662.t2	A	rna-XM_056775873.1	A
anno1.g11592.t1	A	rna-XM_056792538.1	A
anno1.g11579.t1	A	rna-XM_056774984.1	A
anno1.g11581.t1	A	rna-XM_056778773.1	A
anno1.g11582.t2	A	rna-XM_056781403.1	A
anno1.g11584.t1	A	rna-XM_056781338.1	A
anno1.g11585.t1	A	rna-XM_056777353.1	A
anno1.g11587.t2	A	rna-XM_056780700.1	A
anno1.g11589.t1	A	rna-XM_056781402.1	A
anno1.g11590.t1	A	rna-XM_056778228.1	A
anno1.g11591.t2	A	rna-XM_056778229.1	A
anno1.g11571.t1	A	rna-XM_056782455.1	A
anno1.g11572.t1	A	rna-XM_056782454.1	A
anno1.g11574.t1	A	rna-XM_056789406.1	X
anno1.g11575.t1	A	rna-XM_056785577.1	A
anno1.g11576.t1	A	rna-XM_056775378.1	A
anno1.g11567.t1	A	rna-XM_056780510.1	A
anno1.g11558.t2	A	rna-XM_056784034.1	A
anno1.g11562.t1	A	rna-XM_056784746.1	A
anno1.g11552.t1	A	rna-XM_056783040.1	A
anno1.g11521.t1	A	rna-XM_056789460.1	X
anno1.g11522.t1	A	rna-XM_056789581.1	X
anno1.g11523.t1	A	rna-XM_056781261.1	A
anno1.g11526.t1	A	rna-XM_056791114.1	X
anno1.g11527.t1	A	rna-XM_056781194.1	A
anno1.g11528.t2	A	rna-XM_056774841.1	A
anno1.g11529.t1	A	rna-XM_056774843.1	A
anno1.g11531.t1	A	rna-XM_056786279.1	A
anno1.g11532.t1	A	rna-XM_056786206.1	A
anno1.g11536.t2	A	rna-XM_056779191.1	A
anno1.g11539.t1	A	rna-XM_056778565.1	A
anno1.g11540.t2	A	rna-XM_056778561.1	A
anno1.g11543.t1	A	rna-XM_056786283.1	A
anno1.g11546.t1	A	rna-XM_056782544.1	A
anno1.g11549.t1	A	rna-XM_056782548.1	A
anno1.g2168.t1	A	rna-XM_056789080.1	X
anno1.g11510.t1	A	rna-XM_056778704.1	A
anno1.g11511.t1	A	rna-XM_056780040.1	A
anno1.g11512.t1	A	rna-XM_056780036.1	A
anno1.g11513.t1	A	rna-XM_056778933.1	A
anno1.g11514.t1	A	rna-XM_056780041.1	A
anno1.g11515.t1	A	rna-XM_056780042.1	A
anno1.g11516.t1	A	rna-XM_056778905.1	A
anno1.g11517.t1	A	rna-XM_056779308.1	A
anno1.g11501.t2	A	rna-XM_056792982.1	A
anno1.g11503.t1	A	rna-XM_056787119.1	A
anno1.g11504.t3	A	rna-XM_056776644.1	A
anno1.g11505.t1	A	rna-XM_056784531.1	A
anno1.g11507.t1	A	rna-XM_056784533.1	A
anno1.g2153.t1	A	rna-XM_056774413.1	A
anno1.g2154.t2	A	rna-XM_056775151.1	A
anno1.g2155.t1	A	rna-XM_056776162.1	A
anno1.g2156.t1	A	rna-XM_056790821.1	X
anno1.g2157.t2	A	rna-XM_056775079.1	A
anno1.g2158.t1	A	rna-XM_056775435.1	A
anno1.g2159.t1	A	rna-XM_056783905.1	A
anno1.g2160.t1	A	rna-XM_056774470.1	A
anno1.g2163.t1	A	rna-XM_056783984.1	A
anno1.g2164.t1	A	rna-XM_056775598.1	A
anno1.g2165.t1	A	rna-XM_056775620.1	A
anno1.g2167.t1	A	rna-XM_056773861.1	A
anno1.g11498.t1	A	rna-XM_056778960.1	A
anno1.g11497.t1	A	rna-XM_056774917.1	A
anno1.g11492.t1	A	rna-XM_056777690.1	A
anno1.g11480.t1	A	rna-XM_056778075.1	A
anno1.g11481.t1	A	rna-XM_056778084.1	A
anno1.g11482.t3	A	rna-XM_056778082.1	A
anno1.g11483.t1	A	rna-XM_056779223.1	A
anno1.g11484.t1	A	rna-XM_056786901.1	A
anno1.g11485.t2	A	rna-XM_056778640.1	A
anno1.g11486.t1	A	rna-XM_056778560.1	A
anno1.g11487.t1	A	rna-XM_056779998.1	A
anno1.g11488.t4	A	rna-XM_056778782.1	A
anno1.g11489.t1	A	rna-XM_056778808.1	A
anno1.g11490.t1	A	rna-XM_056779532.1	A
anno1.g11491.t3	A	rna-XM_056785941.1	A
anno1.g11451.t3	A	rna-XM_056785466.1	A
anno1.g11452.t2	A	rna-XM_056780273.1	A
anno1.g11453.t1	A	rna-XM_056779245.1	A
anno1.g11454.t1	A	rna-XM_056789062.1	X
anno1.g11455.t1	A	rna-XM_056778636.1	A
anno1.g11462.t2	A	rna-XM_056784467.1	A
anno1.g11463.t1	A	rna-XM_056784862.1	A
anno1.g11464.t1	A	rna-XM_056784462.1	A
anno1.g11465.t1	A	rna-XM_056778712.1	A
anno1.g11466.t1	A	rna-XM_056793065.1	A
anno1.g11468.t1	A	rna-XM_056778094.1	A
anno1.g11469.t1	A	rna-XM_056776916.1	A
anno1.g11470.t1	A	rna-XM_056786413.1	A
anno1.g11471.t1	A	rna-XM_056779228.1	A
anno1.g11472.t1	A	rna-XM_056778689.1	A
anno1.g11474.t1	A	rna-XM_056791722.1	A
anno1.g11476.t1	A	rna-XM_056780578.1	A
anno1.g11477.t1	A	rna-XM_056776625.1	A
anno1.g11449.t1	A	rna-XM_056782531.1	A
anno1.g11443.t1	A	rna-XM_056790468.1	A
anno1.g11444.t1	A	rna-XM_056777873.1	A
anno1.g11446.t1	A	rna-XM_056783823.1	A
anno1.g11447.t1	A	rna-XM_056779429.1	A
anno1.g2104.t1	A	rna-XM_056780338.1	A
anno1.g2105.t1	A	rna-XM_056791752.1	A
anno1.g2106.t1	A	rna-XM_056783001.1	A
anno1.g2107.t2	A	rna-XM_056791754.1	A
anno1.g2108.t1	A	rna-XM_056777515.1	A
anno1.g2109.t1	A	rna-XM_056777527.1	A
anno1.g2111.t1	A	rna-XM_056780813.1	A
anno1.g2112.t1	A	rna-XM_056780563.1	A
anno1.g2113.t1	A	rna-XM_056781504.1	A
anno1.g2114.t3	A	rna-XM_056781502.1	A
anno1.g2118.t2	A	rna-XM_056774359.1	A
anno1.g2119.t1	A	rna-XM_056790219.1	X
anno1.g2120.t1	A	rna-XM_056775041.1	A
anno1.g2121.t1	A	rna-XM_056777712.1	A
anno1.g2123.t1	A	rna-XM_056790594.1	X
anno1.g2124.t1	A	rna-XM_056790596.1	X
anno1.g2125.t2	A	rna-XM_056790602.1	X
anno1.g2127.t2	A	rna-XM_056792645.1	A
anno1.g2128.t1	A	rna-XM_056779272.1	A
anno1.g2129.t1	A	rna-XM_056789308.1	X
anno1.g2130.t1	A	rna-XM_056780893.1	A
anno1.g2131.t1	A	rna-XM_056774691.1	A
anno1.g2133.t1	A	rna-XM_056788328.1	A
anno1.g2134.t1	A	rna-XM_056781381.1	A
anno1.g2135.t1	A	rna-XM_056781374.1	A
anno1.g2136.t2	A	rna-XM_056781382.1	A
anno1.g2137.t2	A	rna-XM_056780327.1	A
anno1.g2138.t1	A	rna-XM_056781750.1	A
anno1.g2139.t1	A	rna-XM_056781783.1	A
anno1.g2140.t1	A	rna-XM_056780894.1	A
anno1.g2141.t1	A	rna-XM_056780372.1	A
anno1.g2142.t1	A	rna-XM_056780371.1	A
anno1.g2143.t1	A	rna-XM_056790940.1	A
anno1.g11437.t1	A	rna-XM_056774987.1	A
anno1.g11439.t1	A	rna-XM_056774787.1	A
anno1.g11440.t1	A	rna-XM_056775569.1	A
anno1.g11432.t1	A	rna-XM_056776679.1	A
anno1.g11419.t1	A	rna-XM_056788771.1	A
anno1.g11421.t1	A	rna-XM_056788341.1	A
anno1.g11423.t2	A	rna-XM_056773784.1	A
anno1.g11425.t1	A	rna-XM_056783117.1	A
anno1.g11427.t1	A	rna-XM_056780552.1	A
anno1.g11411.t1	A	rna-XM_056792774.1	A
anno1.g11412.t1	A	rna-XM_056792033.1	A
anno1.g11416.t1	A	rna-XM_056777830.1	A
anno1.g2096.t1	A	rna-XM_056779785.1	A
anno1.g11354.t1	A	rna-XM_056777876.1	A
anno1.g11355.t1	A	rna-XM_056779832.1	A
anno1.g11356.t1	A	rna-XM_056779831.1	A
anno1.g11357.t1	A	rna-XM_056779835.1	A
anno1.g11358.t1	A	rna-XM_056783811.1	A
anno1.g11359.t2	A	rna-XM_056792170.1	A
anno1.g11361.t1	A	rna-XM_056781576.1	A
anno1.g11363.t1	A	rna-XM_056780011.1	A
anno1.g11364.t1	A	rna-XM_056778599.1	A
anno1.g11365.t1	A	rna-XM_056775425.1	A
anno1.g11366.t1	A	rna-XM_056775396.1	A
anno1.g11367.t1	A	rna-XM_056775860.1	A
anno1.g11368.t1	A	rna-XM_056775866.1	A
anno1.g11369.t1	A	rna-XM_056775864.1	A
anno1.g11370.t1	A	rna-XM_056776310.1	A
anno1.g11371.t1	A	rna-XM_056780457.1	A
anno1.g11372.t1	A	rna-XM_056780458.1	A
anno1.g11373.t1	A	rna-XM_056783002.1	A
anno1.g11374.t1	A	rna-XM_056781505.1	A
anno1.g11375.t1	A	rna-XM_056779928.1	A
anno1.g11376.t1	A	rna-XM_056783198.1	A
anno1.g11377.t1	A	rna-XM_056781170.1	A
anno1.g11378.t1	A	rna-XM_056781536.1	A
anno1.g11379.t1	A	rna-XM_056781893.1	A
anno1.g11380.t1	A	rna-XM_056781890.1	A
anno1.g11381.t1	A	rna-XM_056780714.1	A
anno1.g11382.t1	A	rna-XM_056780718.1	A
anno1.g11383.t1	A	rna-XM_056780716.1	A
anno1.g11384.t1	A	rna-XM_056780715.1	A
anno1.g11385.t1	A	rna-XM_056792530.1	A
anno1.g11387.t2	A	rna-XM_056782003.1	A
anno1.g11388.t1	A	rna-XM_056781360.1	A
anno1.g11391.t4	A	rna-XM_056780092.1	A
anno1.g11392.t1	A	rna-XM_056787346.1	A
anno1.g11393.t1	A	rna-XM_056785745.1	A
anno1.g11394.t2	A	rna-XM_056785744.1	A
anno1.g11395.t2	A	rna-XM_056785746.1	A
anno1.g11396.t1	A	rna-XM_056785759.1	A
anno1.g11397.t1	A	rna-XM_056785753.1	A
anno1.g11398.t1	A	rna-XM_056785757.1	A
anno1.g11399.t1	A	rna-XM_056782611.1	A
anno1.g11400.t1	A	rna-XM_056782609.1	A
anno1.g11401.t1	A	rna-XM_056788612.1	A
anno1.g11402.t1	A	rna-XM_056782911.1	A
anno1.g11403.t1	A	rna-XM_056782030.1	A
anno1.g11404.t1	A	rna-XM_056776869.1	A
anno1.g11405.t1	A	rna-XM_056792114.1	A
anno1.g11406.t1	A	rna-XM_056786662.1	A
anno1.g11407.t2	A	rna-XM_056786660.1	A
anno1.g11408.t1	A	rna-XM_056774368.1	A
anno1.g11409.t1	A	rna-XM_056774370.1	A
anno1.g11347.t1	A	rna-XM_056781594.1	A
anno1.g11348.t1	A	rna-XM_056781944.1	A
anno1.g11351.t1	A	rna-XM_056780136.1	A
anno1.g11352.t3	A	rna-XM_056780134.1	A
anno1.g11353.t1	A	rna-XM_056782147.1	A
anno1.g11345.t2	X	rna-XM_056790050.1	X
anno1.g11346.t1	X	rna-XM_056790506.1	X
anno1.g11331.t1	A	rna-XM_056776150.1	A
anno1.g11333.t1	A	rna-XM_056789977.1	X
anno1.g11334.t1	A	rna-XM_056776840.1	A
anno1.g11336.t1	A	rna-XM_056792779.1	A
anno1.g11341.t1	A	rna-XM_056780867.1	A
anno1.g11320.t1	A	rna-XM_056778539.1	A
anno1.g11321.t2	A	rna-XM_056778554.1	A
anno1.g11323.t1	A	rna-XM_056790518.1	X
anno1.g11324.t1	A	rna-XM_056782936.1	A
anno1.g11325.t1	A	rna-XM_056792274.1	A
anno1.g11326.t1	A	rna-XM_056792807.1	A
anno1.g11327.t1	A	rna-XM_056781578.1	A
anno1.g11328.t1	A	rna-XM_056792978.1	A
anno1.g2083.t1	A	rna-XM_056792899.1	A
anno1.g2084.t1	A	rna-XM_056779382.1	A
anno1.g11309.t1	A	rna-XM_056792074.1	A
anno1.g11310.t1	A	rna-XM_056774068.1	A
anno1.g11311.t1	A	rna-XM_056792319.1	A
anno1.g11312.t1	A	rna-XM_056780050.1	A
anno1.g11313.t1	A	rna-XM_056783628.1	A
anno1.g11314.t1	A	rna-XM_056777097.1	A
anno1.g11315.t1	A	rna-XM_056778839.1	A
anno1.g11316.t1	A	rna-XM_056779328.1	A
anno1.g11317.t1	A	rna-XM_056790952.1	A
anno1.g11318.t1	A	rna-XM_056788869.1	A
anno1.g11319.t1	A	rna-XM_056781714.1	A
anno1.g2078.t1	A	rna-XM_056792535.1	A
anno1.g2079.t2	A	rna-XM_056790036.1	X
anno1.g2080.t1	A	rna-XM_056780488.1	A
anno1.g2081.t1	A	rna-XM_056780487.1	A
anno1.g2082.t1	A	rna-XM_056780486.1	A
anno1.g11294.t1	A	rna-XM_056791488.1	A
anno1.g11299.t1	A	rna-XM_056775644.1	A
anno1.g11300.t1	A	rna-XM_056782546.1	A
anno1.g11303.t1	A	rna-XM_056793163.1	A
anno1.g11304.t1	A	rna-XM_056776419.1	A
anno1.g11305.t1	A	rna-XM_056779638.1	A
anno1.g11306.t1	A	rna-XM_056781561.1	A
anno1.g11283.t1	A	rna-XM_056788386.1	A
anno1.g11284.t1	A	rna-XM_056788413.1	A
anno1.g11285.t1	A	rna-XM_056788550.1	A
anno1.g11276.t1	A	rna-XM_056778621.1	A
anno1.g11280.t1	A	rna-XM_056789991.1	X
anno1.g2077.t1	A	rna-XM_056784221.1	A
anno1.g11275.t1	A	rna-XM_056787621.1	A
anno1.g11256.t2	A	rna-XM_056785093.1	A
anno1.g11258.t1	A	rna-XM_056790363.1	X
anno1.g11264.t1	A	rna-XM_056785094.1	A
anno1.g11265.t1	A	rna-XM_056782234.1	A
anno1.g11267.t1	A	rna-XM_056785434.1	A
anno1.both_agree_g14913.t3	A	rna-XM_056778582.1	A
anno1.g11271.t1	A	rna-XM_056779027.1	A
anno1.g11272.t1	A	rna-XM_056779459.1	A
anno1.g11274.t1	A	rna-XM_056791235.1	X
anno1.g11248.t1	A	rna-XM_056784564.1	A
anno1.g11253.t1	A	rna-XM_056784294.1	A
anno1.g11254.t1	A	rna-XM_056777161.1	A
anno1.g11243.t1	A	rna-XM_056789009.1	A
anno1.g2070.t1	A	rna-XM_056776551.1	A
anno1.g11232.t1	A	rna-XM_056786020.1	A
anno1.g11233.t1	A	rna-XM_056786018.1	A
anno1.g11234.t1	A	rna-XM_056786406.1	A
anno1.g11235.t1	A	rna-XM_056789973.1	X
anno1.g11236.t2	A	rna-XM_056787761.1	A
anno1.g11238.t1	A	rna-XM_056791160.1	X
anno1.g11239.t1	A	rna-XM_056792581.1	A
anno1.g2034.t1	A	rna-XM_056791784.1	A
anno1.g2035.t1	A	rna-XM_056775242.1	A
anno1.g2036.t1	A	rna-XM_056774680.1	A
anno1.g2037.t1	A	rna-XM_056790758.1	X
anno1.g2038.t1	A	rna-XM_056774678.1	A
anno1.g2039.t1	A	rna-XM_056774507.1	A
anno1.g2040.t1	A	rna-XM_056792615.1	A
anno1.g2041.t1	A	rna-XM_056791369.1	A
anno1.g2042.t1	A	rna-XM_056785174.1	A
anno1.g2046.t1	A	rna-XM_056775554.1	A
anno1.g2047.t1	A	rna-XM_056787243.1	A
anno1.g2048.t1	A	rna-XM_056787242.1	A
anno1.g2049.t1	A	rna-XM_056787240.1	A
anno1.g2050.t1	A	rna-XM_056773983.1	A
anno1.g2051.t1	A	rna-XM_056787239.1	A
anno1.g2052.t3	A	rna-XM_056787237.1	A
anno1.g2053.t1	A	rna-XM_056787260.1	A
anno1.g2055.t1	A	rna-XM_056787262.1	A
anno1.g2059.t1	A	rna-XM_056773773.1	A
anno1.g2060.t1	A	rna-XM_056793005.1	A
anno1.g2061.t1	A	rna-XM_056792992.1	A
anno1.g2062.t1	A	rna-XM_056793017.1	A
anno1.g2063.t2	A	rna-XM_056791943.1	A
anno1.g2066.t2	A	rna-XM_056789784.1	X
anno1.g2067.t1	A	rna-XM_056789411.1	X
anno1.g11219.t1	A	rna-XM_056780370.1	A
anno1.g11220.t1	A	rna-XM_056781297.1	A
anno1.g11221.t1	A	rna-XM_056781488.1	A
anno1.g11222.t1	A	rna-XM_056780543.1	A
anno1.g11223.t1	A	rna-XM_056781487.1	A
anno1.g11224.t1	A	rna-XM_056780546.1	A
anno1.g11225.t1	A	rna-XM_056780558.1	A
anno1.g11226.t1	A	rna-XM_056783475.1	A
anno1.g11227.t1	A	rna-XM_056783155.1	A
anno1.g11229.t1	A	rna-XM_056781390.1	A
anno1.g11230.t1	A	rna-XM_056780747.1	A
anno1.g11231.t1	A	rna-XM_056781291.1	A
anno1.g11215.t1	A	rna-XM_056789789.1	X
anno1.g11217.t1	A	rna-XM_056776270.1	A
anno1.g11218.t1	A	rna-XM_056775395.1	A
anno1.g11210.t2	X	rna-XM_056791169.1	X
anno1.g11212.t1	X	rna-XM_056790972.1	X
anno1.g11213.t2	X	rna-XM_056789490.1	X
anno1.g2030.t1	A	rna-XM_056785590.1	A
anno1.g2031.t1	A	rna-XM_056787430.1	A
anno1.g2032.t3	A	rna-XM_056778603.1	A
anno1.g11206.t1	A	rna-XM_056782317.1	A
anno1.g11202.t1	A	rna-XM_056786166.1	A
anno1.g11203.t1	A	rna-XM_056789207.1	X
anno1.g11158.t2	A	rna-XM_056779031.1	A
anno1.g11159.t1	A	rna-XM_056786899.1	A
anno1.g11161.t1	A	rna-XM_056792733.1	A
anno1.g11162.t1	A	rna-XM_056782991.1	A
anno1.g11163.t1	A	rna-XM_056777258.1	A
anno1.g11164.t2	A	rna-XM_056777567.1	A
anno1.g11165.t1	A	rna-XM_056776928.1	A
anno1.g11167.t1	A	rna-XM_056777568.1	A
anno1.g11168.t1	A	rna-XM_056792561.1	A
anno1.g11170.t1	A	rna-XM_056784811.1	A
anno1.g11171.t1	A	rna-XM_056784193.1	A
anno1.g11172.t1	A	rna-XM_056785002.1	A
anno1.g11175.t1	A	rna-XM_056782010.1	A
anno1.g11182.t1	A	rna-XM_056785336.1	A
anno1.g11183.t1	A	rna-XM_056785335.1	A
anno1.g11186.t1	A	rna-XM_056784787.1	A
anno1.g11190.t1	A	rna-XM_056792429.1	A
anno1.g11191.t4	A	rna-XM_056776969.1	A
anno1.g11193.t1	A	rna-XM_056777323.1	A
anno1.g11194.t1	A	rna-XM_056775117.1	A
anno1.g11196.t1	A	rna-XM_056774975.1	A
anno1.g11197.t2	A	rna-XM_056775623.1	A
anno1.g11198.t2	A	rna-XM_056775624.1	A
anno1.g11156.t3	A	rna-XM_056789453.1	X
anno1.g11157.t1	A	rna-XM_056791009.1	X
anno1.g11151.t2	A	rna-XM_056792677.1	A
anno1.g11153.t1	A	rna-XM_056773847.1	A
anno1.g11150.t1	A	rna-XM_056788167.1	A
anno1.g11138.t2	A	rna-XM_056781954.1	A
anno1.g11143.t1	A	rna-XM_056780100.1	A
anno1.g11145.t1	A	rna-XM_056786282.1	A
anno1.g11146.t2	A	rna-XM_056780184.1	A
anno1.g1981.t1	A	rna-XM_056777719.1	A
anno1.g1983.t4	A	rna-XM_056777270.1	A
anno1.g1984.t1	A	rna-XM_056787933.1	A
anno1.g1985.t1	A	rna-XM_056777656.1	A
anno1.g1986.t3	A	rna-XM_056779829.1	A
anno1.g1988.t1	A	rna-XM_056787920.1	A
anno1.g1989.t1	A	rna-XM_056782400.1	A
anno1.g1990.t1	A	rna-XM_056781905.1	A
anno1.g1991.t1	A	rna-XM_056780783.1	A
anno1.g1992.t2	A	rna-XM_056787555.1	A
anno1.g1993.t1	A	rna-XM_056776688.1	A
anno1.g1994.t2	A	rna-XM_056782288.1	A
anno1.g1995.t1	A	rna-XM_056780442.1	A
anno1.g1996.t2	A	rna-XM_056778245.1	A
anno1.g1997.t1	A	rna-XM_056781005.1	A
anno1.g1998.t1	A	rna-XM_056773679.1	A
anno1.g1999.t1	A	rna-XM_056781902.1	A
anno1.g2000.t2	A	rna-XM_056781903.1	A
anno1.g2001.t1	A	rna-XM_056780122.1	A
anno1.g2002.t2	A	rna-XM_056780118.1	A
anno1.g2005.t2	A	rna-XM_056786278.1	A
anno1.g2006.t1	A	rna-XM_056780877.1	A
anno1.g2007.t1	A	rna-XM_056780919.1	A
anno1.g2008.t2	A	rna-XM_056791861.1	A
anno1.g2009.t1	A	rna-XM_056791864.1	A
anno1.g2010.t1	A	rna-XM_056791867.1	A
anno1.g2012.t1	A	rna-XM_056791882.1	A
anno1.g2013.t2	A	rna-XM_056782380.1	A
anno1.g2017.t1	A	rna-XM_056782382.1	A
anno1.g2018.t1	A	rna-XM_056776949.1	A
anno1.g2020.t1	A	rna-XM_056786572.1	A
anno1.g2021.t1	A	rna-XM_056786598.1	A
anno1.g2022.t1	A	rna-XM_056786647.1	A
anno1.g2023.t1	A	rna-XM_056789575.1	X
anno1.g2024.t1	A	rna-XM_056789506.1	X
anno1.g2027.t1	A	rna-XM_056790014.1	X
anno1.g2028.t1	A	rna-XM_056789415.1	X
anno1.g11124.t1	A	rna-XM_056782096.1	A
anno1.g11125.t1	A	rna-XM_056784969.1	A
anno1.g11126.t1	A	rna-XM_056780250.1	A
anno1.g11127.t1	A	rna-XM_056780249.1	A
anno1.g11129.t1	A	rna-XM_056778246.1	A
anno1.g11131.t1	A	rna-XM_056777689.1	A
anno1.g11132.t1	A	rna-XM_056777370.1	A
anno1.g11122.t1	A	rna-XM_056789447.1	X
anno1.g11119.t1	A	rna-XM_056787227.1	A
anno1.g11120.t1	A	rna-XM_056777272.1	A
anno1.g11116.t2	A	rna-XM_056787571.1	A
anno1.g11072.t1	A	rna-XM_056786807.1	A
anno1.g11073.t1	A	rna-XM_056788299.1	A
anno1.g11074.t4	A	rna-XM_056782067.1	A
anno1.g11075.t1	A	rna-XM_056781617.1	A
anno1.g11078.t1	A	rna-XM_056776238.1	A
anno1.g11079.t1	A	rna-XM_056774133.1	A
anno1.g11080.t1	A	rna-XM_056790930.1	X
anno1.g11081.t1	A	rna-XM_056780929.1	A
anno1.g11082.t1	A	rna-XM_056774720.1	A
anno1.g11083.t1	A	rna-XM_056774713.1	A
anno1.g11084.t1	A	rna-XM_056774715.1	A
anno1.g11085.t1	A	rna-XM_056774716.1	A
anno1.g11086.t2	A	rna-XM_056774717.1	A
anno1.g11087.t1	A	rna-XM_056774719.1	A
anno1.g11089.t2	A	rna-XM_056774966.1	A
anno1.g11092.t1	A	rna-XM_056791578.1	A
anno1.g11094.t1	A	rna-XM_056791604.1	A
anno1.g11095.t1	A	rna-XM_056791603.1	A
anno1.g11096.t2	A	rna-XM_056782560.1	A
anno1.g11098.t1	A	rna-XM_056782574.1	A
anno1.g11099.t1	A	rna-XM_056791688.1	A
anno1.g11100.t1	A	rna-XM_056791710.1	A
anno1.g11101.t1	A	rna-XM_056783048.1	A
anno1.g11103.t1	A	rna-XM_056780337.1	A
anno1.g11104.t1	A	rna-XM_056780717.1	A
anno1.g11105.t1	A	rna-XM_056784570.1	A
anno1.g11106.t1	A	rna-XM_056786068.1	A
anno1.g11107.t1	A	rna-XM_056777596.1	A
anno1.g11108.t1	A	rna-XM_056792316.1	A
anno1.g11109.t1	A	rna-XM_056792404.1	A
anno1.g11110.t1	A	rna-XM_056790570.1	X
anno1.g11113.t1	A	rna-XM_056783735.1	A
anno1.g11115.t1	A	rna-XM_056775321.1	A
anno1.g11068.t2	A	rna-XM_056789610.1	X
anno1.g11069.t1	A	rna-XM_056777024.1	A
anno1.g11070.t1	A	rna-XM_056784627.1	A
anno1.g11071.t2	A	rna-XM_056774697.1	A
anno1.g11056.t1	A	rna-XM_056775999.1	A
anno1.g11057.t1	A	rna-XM_056783188.1	A
anno1.g11058.t1	A	rna-XM_056774945.1	A
anno1.g11059.t1	A	rna-XM_056791006.1	X
anno1.g11060.t1	A	rna-XM_056786921.1	A
anno1.g11061.t1	A	rna-XM_056779303.1	A
anno1.g11062.t1	A	rna-XM_056779343.1	A
anno1.g11047.t1	A	rna-XM_056788150.1	A
anno1.g11048.t1	A	rna-XM_056778431.1	A
anno1.g1963.t1	A	rna-XM_056787806.1	A
anno1.g1964.t2	A	rna-XM_056783292.1	A
anno1.g1965.t2	A	rna-XM_056783706.1	A
anno1.g1967.t1	A	rna-XM_056778029.1	A
anno1.g1968.t1	A	rna-XM_056774091.1	A
anno1.g1969.t1	A	rna-XM_056778524.1	A
anno1.g1971.t1	A	rna-XM_056774087.1	A
anno1.g1972.t2	A	rna-XM_056787238.1	A
anno1.g1973.t2	A	rna-XM_056777828.1	A
anno1.g1974.t1	A	rna-XM_056777825.1	A
anno1.g1975.t2	A	rna-XM_056779203.1	A
anno1.g1976.t1	A	rna-XM_056793205.1	A
anno1.g1977.t1	A	rna-XM_056793204.1	A
anno1.g1978.t1	A	rna-XM_056777057.1	A
anno1.g11044.t1	A	rna-XM_056776426.1	A
anno1.g11045.t1	A	rna-XM_056777552.1	A
anno1.g11046.t1	A	rna-XM_056777249.1	A
anno1.g1960.t1	A	rna-XM_056773898.1	A
anno1.g11025.t1	A	rna-XM_056792126.1	A
anno1.g11028.t1	A	rna-XM_056775824.1	A
anno1.g11029.t1	A	rna-XM_056775822.1	A
anno1.g11030.t1	A	rna-XM_056775818.1	A
anno1.g11031.t1	A	rna-XM_056775815.1	A
anno1.g11032.t1	A	rna-XM_056775813.1	A
anno1.g11033.t1	A	rna-XM_056775812.1	A
anno1.g11036.t1	A	rna-XM_056790606.1	X
anno1.g11038.t1	A	rna-XM_056790607.1	X
anno1.g11039.t1	A	rna-XM_056790608.1	X
anno1.g11040.t1	A	rna-XM_056792139.1	A
anno1.g11043.t3	A	rna-XM_056779070.1	A
anno1.g11024.t1	A	rna-XM_056780692.1	A
anno1.g11023.t1	A	rna-XM_056780196.1	A
anno1.g1958.t2	A	rna-XM_056775221.1	A
anno1.g11021.t1	A	rna-XM_056775366.1	A
anno1.g10997.t1	A	rna-XM_056777295.1	A
anno1.g10999.t1	A	rna-XM_056777371.1	A
anno1.g11000.t1	A	rna-XM_056777856.1	A
anno1.g11001.t1	A	rna-XM_056777864.1	A
anno1.g11002.t1	A	rna-XM_056778313.1	A
anno1.g11003.t1	A	rna-XM_056778316.1	A
anno1.g11004.t1	A	rna-XM_056777093.1	A
anno1.g11005.t1	A	rna-XM_056786933.1	A
anno1.g11006.t1	A	rna-XM_056786296.1	A
anno1.g11007.t2	A	rna-XM_056782446.1	A
anno1.g11010.t1	A	rna-XM_056782452.1	A
anno1.g11011.t1	A	rna-XM_056791413.1	A
anno1.g11012.t1	A	rna-XM_056776433.1	A
anno1.g11013.t1	A	rna-XM_056790869.1	A
anno1.g11014.t1	A	rna-XM_056791757.1	A
anno1.g11015.t1	A	rna-XM_056787344.1	A
anno1.g11016.t1	A	rna-XM_056787535.1	A
anno1.g11017.t1	A	rna-XM_056781077.1	A
anno1.g11018.t1	A	rna-XM_056781076.1	A
anno1.g11019.t1	A	rna-XM_056780803.1	A
anno1.g10993.t1	A	rna-XM_056792826.1	A
anno1.g1951.t1	A	rna-XM_056782919.1	A
anno1.g10990.t1	A	rna-XM_056782930.1	A
anno1.g10974.t2	A	rna-XM_056775512.1	A
anno1.g10975.t1	A	rna-XM_056774738.1	A
anno1.g10976.t1	A	rna-XM_056774739.1	A
anno1.g10977.t2	A	rna-XM_056781080.1	A
anno1.g10978.t1	A	rna-XM_056774783.1	A
anno1.g10979.t1	A	rna-XM_056781811.1	A
anno1.g10980.t1	A	rna-XM_056780862.1	A
anno1.g10981.t1	A	rna-XM_056775363.1	A
anno1.g10982.t1	A	rna-XM_056775130.1	A
anno1.g10984.t1	A	rna-XM_056775132.1	A
anno1.g10985.t1	A	rna-XM_056775525.1	A
anno1.g10986.t1	A	rna-XM_056785310.1	A
anno1.g1935.t1	A	rna-XM_056783172.1	A
anno1.g1936.t1	A	rna-XM_056782746.1	A
anno1.g1937.t1	A	rna-XM_056782745.1	A
anno1.g1938.t1	A	rna-XM_056787209.1	A
anno1.g1939.t1	A	rna-XM_056774834.1	A
anno1.g1941.t1	A	rna-XM_056774946.1	A
anno1.g1942.t2	A	rna-XM_056775044.1	A
anno1.g1944.t1	A	rna-XM_056784149.1	A
anno1.g1945.t3	A	rna-XM_056784907.1	A
anno1.g1946.t1	A	rna-XM_056784813.1	A
anno1.g1947.t1	A	rna-XM_056783927.1	A
anno1.g1948.t1	A	rna-XM_056776404.1	A
anno1.g1949.t1	A	rna-XM_056791040.1	X
anno1.g10970.t1	A	rna-XM_056780782.1	A
anno1.g10971.t1	A	rna-XM_056787070.1	A
anno1.g10972.t1	A	rna-XM_056787598.1	A
anno1.g10973.t1	A	rna-XM_056787601.1	A
anno1.g10968.t1	X	rna-XM_056792623.1	A
anno1.g10955.t1	A	rna-XM_056779148.1	A
anno1.g10956.t1	A	rna-XM_056779397.1	A
anno1.g10957.t1	A	rna-XM_056779393.1	A
anno1.g10958.t1	A	rna-XM_056779793.1	A
anno1.g10959.t1	A	rna-XM_056792361.1	A
anno1.g10960.t1	A	rna-XM_056778944.1	A
anno1.g10961.t1	A	rna-XM_056787590.1	A
anno1.g10962.t1	A	rna-XM_056787426.1	A
anno1.g10963.t1	A	rna-XM_056773835.1	A
anno1.g10964.t2	A	rna-XM_056788240.1	A
anno1.g10965.t1	A	rna-XM_056773814.1	A
anno1.g10966.t1	A	rna-XM_056792672.1	A
anno1.g10936.t3	A	rna-XM_056778296.1	A
anno1.g10937.t3	A	rna-XM_056778173.1	A
anno1.g10939.t2	A	rna-XM_056778170.1	A
anno1.g10940.t3	A	rna-XM_056778252.1	A
anno1.g10942.t1	A	rna-XM_056778249.1	A
anno1.g10943.t1	A	rna-XM_056778250.1	A
anno1.g10945.t1	A	rna-XM_056781018.1	A
anno1.g10946.t1	A	rna-XM_056781623.1	A
anno1.g10947.t1	A	rna-XM_056778466.1	A
anno1.g10948.t3	A	rna-XM_056790330.1	X
anno1.g10951.t1	A	rna-XM_056786396.1	A
anno1.g10954.t2	A	rna-XM_056786397.1	A
anno1.g10895.t1	A	rna-XM_056774509.1	A
anno1.g10899.t1	A	rna-XM_056783568.1	A
anno1.g10900.t1	A	rna-XM_056780331.1	A
anno1.g10901.t3	A	rna-XM_056784989.1	A
anno1.g10902.t1	A	rna-XM_056785191.1	A
anno1.g10903.t1	A	rna-XM_056775788.1	A
anno1.g10906.t1	A	rna-XM_056792284.1	A
anno1.g10909.t1	A	rna-XM_056792832.1	A
anno1.g10911.t1	A	rna-XM_056774210.1	A
anno1.g10912.t1	A	rna-XM_056788982.1	A
anno1.g10913.t1	A	rna-XM_056783154.1	A
anno1.g10914.t1	A	rna-XM_056788651.1	A
anno1.g10915.t1	A	rna-XM_056788652.1	A
anno1.g10920.t1	A	rna-XM_056781365.1	A
anno1.g10921.t1	A	rna-XM_056783153.1	A
anno1.g10922.t1	A	rna-XM_056779557.1	A
anno1.g10923.t1	A	rna-XM_056780646.1	A
anno1.g10925.t1	A	rna-XM_056781610.1	A
anno1.g10926.t1	A	rna-XM_056781613.1	A
anno1.g10928.t1	A	rna-XM_056778329.1	A
anno1.g10894.t1	A	rna-XM_056788344.1	A
anno1.g10886.t1	A	rna-XM_056782961.1	A
anno1.g10887.t1	A	rna-XM_056787779.1	A
anno1.g10888.t1	A	rna-XM_056782891.1	A
anno1.g10865.t1	A	rna-XM_056781326.1	A
anno1.g10866.t1	A	rna-XM_056775808.1	A
anno1.g10867.t1	A	rna-XM_056775811.1	A
anno1.g10869.t1	A	rna-XM_056777022.1	A
anno1.g10870.t1	A	rna-XM_056788824.1	A
anno1.g10871.t1	A	rna-XM_056784104.1	A
anno1.g10873.t1	A	rna-XM_056774594.1	A
anno1.g10874.t1	A	rna-XM_056774593.1	A
anno1.g10875.t1	A	rna-XM_056774905.1	A
anno1.g10876.t2	A	rna-XM_056775510.1	A
anno1.g10877.t1	A	rna-XM_056774737.1	A
anno1.g10878.t1	A	rna-XM_056792608.1	A
anno1.g10879.t1	A	rna-XM_056792346.1	A
anno1.g10880.t2	A	rna-XM_056781078.1	A
anno1.g10882.t1	A	rna-XM_056787619.1	A
anno1.g10884.t1	A	rna-XM_056779374.1	A
anno1.g10885.t1	A	rna-XM_056776331.1	A
anno1.g1913.t1	A	rna-XM_056777066.1	A
anno1.g1915.t1	A	rna-XM_056776734.1	A
anno1.g1917.t1	A	rna-XM_056777389.1	A
anno1.g1921.t1	A	rna-XM_056777610.1	A
anno1.g1922.t1	A	rna-XM_056776674.1	A
anno1.g1925.t1	A	rna-XM_056777578.1	A
anno1.g10860.t1	A	rna-XM_056790681.1	X
anno1.g10861.t1	A	rna-XM_056790689.1	X
anno1.g10862.t1	A	rna-XM_056790687.1	X
anno1.g10863.t1	A	rna-XM_056790686.1	X
anno1.g10864.t1	A	rna-XM_056780549.1	A
anno1.g1896.t2	A	rna-XM_056784942.1	A
anno1.g1897.t1	A	rna-XM_056784940.1	A
anno1.g1898.t1	A	rna-XM_056784246.1	A
anno1.g1899.t1	A	rna-XM_056777548.1	A
anno1.g1900.t1	A	rna-XM_056777547.1	A
anno1.g1902.t1	A	rna-XM_056779560.1	A
anno1.g1904.t2	A	rna-XM_056776842.1	A
anno1.g1906.t1	A	rna-XM_056776844.1	A
anno1.g1907.t1	A	rna-XM_056776810.1	A
anno1.g1909.t1	A	rna-XM_056776843.1	A
anno1.g1910.t1	A	rna-XM_056783075.1	A
anno1.g1911.t6	A	rna-XM_056778096.1	A
anno1.g1912.t3	A	rna-XM_056777778.1	A
anno1.g1891.t1	A	rna-XM_056776097.1	A
anno1.g1895.t1	A	rna-XM_056779891.1	A
anno1.g10852.t1	A	rna-XM_056785216.1	A
anno1.g10853.t2	A	rna-XM_056785213.1	A
anno1.g10854.t1	A	rna-XM_056787391.1	A
anno1.g10855.t1	A	rna-XM_056785438.1	A
anno1.g10856.t1	A	rna-XM_056787110.1	A
anno1.g10857.t1	A	rna-XM_056776992.1	A
anno1.g10850.t1	A	rna-XM_056779380.1	A
anno1.g1886.t1	A	rna-XM_056777372.1	A
anno1.g10764.t1	A	rna-XM_056778018.1	A
anno1.g10766.t2	A	rna-XM_056777989.1	A
anno1.g10767.t1	A	rna-XM_056777703.1	A
anno1.g10768.t1	A	rna-XM_056777605.1	A
anno1.g10770.t1	A	rna-XM_056778000.1	A
anno1.g10771.t1	A	rna-XM_056777846.1	A
anno1.g10773.t1	A	rna-XM_056777851.1	A
anno1.g10774.t2	A	rna-XM_056777852.1	A
anno1.g10777.t1	A	rna-XM_056778523.1	A
anno1.g10778.t1	A	rna-XM_056778529.1	A
anno1.g10779.t1	A	rna-XM_056790628.1	X
anno1.g10780.t1	A	rna-XM_056777117.1	A
anno1.g10782.t1	A	rna-XM_056776873.1	A
anno1.g10783.t1	A	rna-XM_056777472.1	A
anno1.g10785.t1	A	rna-XM_056777470.1	A
anno1.g10786.t1	A	rna-XM_056776871.1	A
anno1.g10787.t1	A	rna-XM_056784917.1	A
anno1.g10788.t1	A	rna-XM_056784915.1	A
anno1.g10789.t2	A	rna-XM_056785884.1	A
anno1.g10791.t1	A	rna-XM_056790574.1	X
anno1.g10793.t1	A	rna-XM_056787439.1	A
anno1.g10794.t1	A	rna-XM_056779221.1	A
anno1.g10795.t1	A	rna-XM_056779874.1	A
anno1.g10796.t1	A	rna-XM_056786923.1	A
anno1.g10799.t1	A	rna-XM_056786042.1	A
anno1.g10801.t1	A	rna-XM_056779391.1	A
anno1.g10802.t1	A	rna-XM_056780056.1	A
anno1.g10803.t1	A	rna-XM_056780057.1	A
anno1.g10804.t1	A	rna-XM_056783291.1	A
anno1.g10805.t1	A	rna-XM_056775621.1	A
anno1.g10806.t1	A	rna-XM_056775186.1	A
anno1.g10807.t1	A	rna-XM_056774428.1	A
anno1.g10809.t1	A	rna-XM_056783865.1	A
anno1.g10810.t1	A	rna-XM_056783860.1	A
anno1.g10811.t1	A	rna-XM_056783859.1	A
anno1.g10812.t1	A	rna-XM_056783862.1	A
anno1.g10813.t1	A	rna-XM_056783864.1	A
anno1.g10814.t1	A	rna-XM_056783863.1	A
anno1.g10816.t1	A	rna-XM_056783858.1	A
anno1.g10817.t1	A	rna-XM_056783856.1	A
anno1.g10818.t1	A	rna-XM_056773776.1	A
anno1.g10819.t1	A	rna-XM_056779356.1	A
anno1.g10820.t1	A	rna-XM_056784005.1	A
anno1.g10821.t1	A	rna-XM_056782875.1	A
anno1.g10823.t1	A	rna-XM_056783582.1	A
anno1.g10824.t1	A	rna-XM_056783578.1	A
anno1.g10825.t1	A	rna-XM_056780631.1	A
anno1.g10827.t1	A	rna-XM_056792337.1	A
anno1.g10828.t1	A	rna-XM_056792340.1	A
anno1.g10829.t1	A	rna-XM_056785377.1	A
anno1.g10830.t1	A	rna-XM_056778695.1	A
anno1.g10831.t1	A	rna-XM_056779465.1	A
anno1.g10832.t1	A	rna-XM_056778694.1	A
anno1.g10833.t1	A	rna-XM_056783314.1	A
anno1.g10834.t1	A	rna-XM_056782128.1	A
anno1.g10835.t1	A	rna-XM_056787948.1	A
anno1.g10836.t1	A	rna-XM_056781779.1	A
anno1.g10838.t2	A	rna-XM_056780896.1	A
anno1.g10839.t2	A	rna-XM_056780889.1	A
anno1.g10840.t2	A	rna-XM_056778576.1	A
anno1.g10844.t1	A	rna-XM_056781748.1	A
anno1.g10845.t1	A	rna-XM_056778230.1	A
anno1.g10846.t2	A	rna-XM_056785849.1	A
anno1.g10847.t1	A	rna-XM_056776436.1	A
anno1.g10848.t1	A	rna-XM_056786379.1	A
anno1.g10849.t1	A	rna-XM_056790076.1	X
anno1.g1879.t1	A	rna-XM_056775652.1	A
anno1.g1880.t1	A	rna-XM_056776031.1	A
anno1.g10712.t1	A	rna-XM_056777191.1	A
anno1.g10713.t1	A	rna-XM_056787477.1	A
anno1.g10714.t1	A	rna-XM_056786897.1	A
anno1.g10715.t1	A	rna-XM_056786892.1	A
anno1.g10716.t1	A	rna-XM_056787478.1	A
anno1.g10717.t1	A	rna-XM_056783637.1	A
anno1.g10718.t1	A	rna-XM_056779536.1	A
anno1.g10720.t1	A	rna-XM_056780594.1	A
anno1.g10722.t1	A	rna-XM_056781586.1	A
anno1.g10726.t1	A	rna-XM_056784538.1	A
anno1.g10728.t1	A	rna-XM_056787208.1	A
anno1.g10729.t1	A	rna-XM_056787210.1	A
anno1.g10730.t1	A	rna-XM_056787223.1	A
anno1.g10731.t1	A	rna-XM_056778967.1	A
anno1.g10732.t1	A	rna-XM_056778968.1	A
anno1.g10733.t1	A	rna-XM_056778971.1	A
anno1.g10734.t1	A	rna-XM_056785028.1	A
anno1.g10735.t1	A	rna-XM_056778781.1	A
anno1.g10736.t1	A	rna-XM_056784878.1	A
anno1.g10737.t1	A	rna-XM_056784879.1	A
anno1.g10738.t1	A	rna-XM_056778687.1	A
anno1.g10739.t1	A	rna-XM_056777606.1	A
anno1.g10740.t1	A	rna-XM_056777521.1	A
anno1.g10743.t2	A	rna-XM_056780785.1	A
anno1.g10744.t1	A	rna-XM_056778061.1	A
anno1.g10745.t1	A	rna-XM_056779842.1	A
anno1.g10746.t1	A	rna-XM_056779843.1	A
anno1.g10748.t1	A	rna-XM_056785161.1	A
anno1.g10749.t1	A	rna-XM_056777129.1	A
anno1.g10750.t1	A	rna-XM_056777134.1	A
anno1.g10751.t1	A	rna-XM_056777136.1	A
anno1.g10752.t2	A	rna-XM_056777135.1	A
anno1.g10753.t1	A	rna-XM_056787193.1	A
anno1.g10754.t2	A	rna-XM_056777138.1	A
anno1.g10755.t1	A	rna-XM_056777146.1	A
anno1.g10756.t1	A	rna-XM_056777142.1	A
anno1.g10757.t1	A	rna-XM_056787192.1	A
anno1.g10758.t3	A	rna-XM_056787183.1	A
anno1.g10759.t1	A	rna-XM_056787188.1	A
anno1.g10760.t1	A	rna-XM_056787180.1	A
anno1.g10761.t1	A	rna-XM_056778157.1	A
anno1.g10762.t2	A	rna-XM_056778163.1	A
anno1.g10763.t5	A	rna-XM_056787170.1	A
anno1.g10707.t1	A	rna-XM_056788330.1	A
anno1.g10709.t1	A	rna-XM_056776641.1	A
anno1.g10698.t1	A	rna-XM_056788726.1	A
anno1.g10699.t1	A	rna-XM_056788724.1	A
anno1.g10700.t1	A	rna-XM_056788147.1	A
anno1.g10701.t1	A	rna-XM_056792321.1	A
anno1.g10702.t1	A	rna-XM_056791976.1	A
anno1.g10703.t1	A	rna-XM_056791974.1	A
anno1.g10704.t1	A	rna-XM_056792589.1	A
anno1.g10695.t1	A	rna-XM_056774750.1	A
anno1.g1855.t1	A	rna-XM_056779249.1	A
anno1.g1856.t1	A	rna-XM_056781759.1	A
anno1.g1857.t2	A	rna-XM_056780665.1	A
anno1.g1860.t4	A	rna-XM_056782338.1	A
anno1.g1861.t1	A	rna-XM_056783087.1	A
anno1.g1862.t3	A	rna-XM_056791652.1	A
anno1.g1863.t1	A	rna-XM_056791628.1	A
anno1.g1865.t1	A	rna-XM_056791653.1	A
anno1.g1868.t3	A	rna-XM_056775632.1	A
anno1.g1869.t1	A	rna-XM_056775631.1	A
anno1.g1870.t1	A	rna-XM_056775633.1	A
anno1.g1871.t1	A	rna-XM_056775640.1	A
anno1.g1872.t1	A	rna-XM_056775610.1	A
anno1.g10692.t1	A	rna-XM_056780899.1	A
anno1.g10693.t6	A	rna-XM_056775724.1	A
anno1.g10694.t1	A	rna-XM_056775740.1	A
anno1.g10688.t1	A	rna-XM_056789079.1	X
anno1.g10685.t1	X	rna-XM_056791132.1	X
anno1.g10675.t1	A	rna-XM_056781972.1	A
anno1.g10676.t1	A	rna-XM_056781970.1	A
anno1.g10677.t1	A	rna-XM_056776808.1	A
anno1.g10678.t1	A	rna-XM_056788638.1	A
anno1.g10683.t1	A	rna-XM_056788627.1	A
anno1.g10663.t1	A	rna-XM_056774806.1	A
anno1.g10664.t2	A	rna-XM_056775013.1	A
anno1.g10665.t1	A	rna-XM_056775182.1	A
anno1.g10666.t1	A	rna-XM_056781048.1	A
anno1.g10667.t1	A	rna-XM_056780861.1	A
anno1.g10668.t1	A	rna-XM_056779853.1	A
anno1.g10670.t1	A	rna-XM_056780788.1	A
anno1.g10672.t1	A	rna-XM_056790514.1	A
anno1.g10673.t1	A	rna-XM_056784379.1	A
anno1.g10674.t1	A	rna-XM_056785858.1	A
anno1.g10659.t1	A	rna-XM_056779720.1	A
anno1.g10635.t1	A	rna-XM_056789619.1	X
anno1.g10636.t2	A	rna-XM_056784616.1	A
anno1.g10637.t1	A	rna-XM_056774094.1	A
anno1.g10638.t1	A	rna-XM_056775099.1	A
anno1.g10639.t1	A	rna-XM_056775899.1	A
anno1.g10640.t1	A	rna-XM_056790433.1	X
anno1.g10641.t1	A	rna-XM_056790432.1	X
anno1.g10643.t1	A	rna-XM_056780343.1	A
anno1.g10647.t1	A	rna-XM_056786345.1	A
anno1.g10648.t1	A	rna-XM_056793155.1	A
anno1.g10649.t2	A	rna-XM_056793156.1	A
anno1.g10650.t1	A	rna-XM_056774024.1	A
anno1.g10651.t1	A	rna-XM_056774021.1	A
anno1.g10652.t1	A	rna-XM_056792968.1	A
anno1.g10653.t1	A	rna-XM_056777126.1	A
anno1.g10655.t1	A	rna-XM_056773691.1	A
anno1.g10656.t1	A	rna-XM_056792250.1	A
anno1.g10632.t1	A	rna-XM_056791068.1	X
anno1.g10627.t2	A	rna-XM_056780388.1	A
anno1.g10628.t1	A	rna-XM_056780376.1	A
anno1.g10631.t1	A	rna-XM_056781918.1	A
anno1.g10618.t1	A	rna-XM_056785573.1	A
anno1.g10619.t1	A	rna-XM_056775703.1	A
anno1.g10620.t1	A	rna-XM_056775702.1	A
anno1.g10621.t1	A	rna-XM_056774961.1	A
anno1.g10623.t2	A	rna-XM_056775348.1	A
anno1.g10624.t1	A	rna-XM_056775346.1	A
anno1.g10625.t1	A	rna-XM_056779448.1	A
anno1.g1840.t1	A	rna-XM_056780383.1	A
anno1.g1841.t1	A	rna-XM_056783097.1	A
anno1.g1844.t1	A	rna-XM_056792819.1	A
anno1.g10614.t1	A	rna-XM_056791606.1	A
anno1.g10615.t2	A	rna-XM_056776342.1	A
anno1.g10616.t2	A	rna-XM_056790694.1	X
anno1.g1814.t1	A	rna-XM_056782299.1	A
anno1.g1815.t1	A	rna-XM_056786772.1	A
anno1.g1817.t1	A	rna-XM_056786774.1	A
anno1.g1823.t1	A	rna-XM_056786771.1	A
anno1.g1824.t1	A	rna-XM_056786458.1	A
anno1.g1828.t1	A	rna-XM_056773827.1	A
anno1.g1829.t2	A	rna-XM_056793194.1	A
anno1.g1830.t1	A	rna-XM_056774963.1	A
anno1.g1831.t1	A	rna-XM_056786010.1	A
anno1.g1832.t1	A	rna-XM_056787670.1	A
anno1.g1833.t1	A	rna-XM_056787325.1	A
anno1.g1834.t1	A	rna-XM_056778104.1	A
anno1.g1835.t1	A	rna-XM_056787412.1	A
anno1.g1836.t1	A	rna-XM_056787201.1	A
anno1.g1837.t3	A	rna-XM_056775001.1	A
anno1.g10610.t1	A	rna-XM_056786877.1	A
anno1.g10597.t1	A	rna-XM_056788027.1	A
anno1.g10600.t1	A	rna-XM_056792990.1	A
anno1.g10601.t1	A	rna-XM_056789367.1	X
anno1.g10602.t1	A	rna-XM_056784894.1	A
anno1.g10603.t1	A	rna-XM_056785749.1	A
anno1.g10604.t1	A	rna-XM_056778325.1	A
anno1.g10592.t2	A	rna-XM_056774408.1	A
anno1.g10594.t2	A	rna-XM_056775581.1	A
anno1.g10587.t4	A	rna-XM_056774896.1	A
anno1.g10590.t1	A	rna-XM_056776959.1	A
anno1.g10579.t3	A	rna-XM_056782630.1	A
anno1.g10581.t1	A	rna-XM_056787148.1	A
anno1.g10582.t1	A	rna-XM_056787152.1	A
anno1.g10570.t1	A	rna-XM_056775879.1	A
anno1.g10571.t1	A	rna-XM_056774017.1	A
anno1.g10572.t1	A	rna-XM_056792185.1	A
anno1.g10573.t1	A	rna-XM_056792103.1	A
anno1.g10574.t1	A	rna-XM_056792100.1	A
anno1.g10575.t2	A	rna-XM_056775385.1	A
anno1.g10576.t4	A	rna-XM_056775383.1	A
anno1.g10519.t1	A	rna-XM_056782487.1	A
anno1.g10520.t1	A	rna-XM_056781877.1	A
anno1.g10521.t1	A	rna-XM_056781755.1	A
anno1.g10523.t1	A	rna-XM_056777168.1	A
anno1.g10524.t1	A	rna-XM_056776543.1	A
anno1.g10525.t1	A	rna-XM_056776531.1	A
anno1.g10527.t3	A	rna-XM_056783797.1	A
anno1.g10530.t1	A	rna-XM_056783177.1	A
anno1.g10531.t1	A	rna-XM_056788229.1	A
anno1.g10532.t1	A	rna-XM_056778690.1	A
anno1.g10533.t4	A	rna-XM_056788653.1	A
anno1.g10534.t1	A	rna-XM_056778693.1	A
anno1.g10535.t2	A	rna-XM_056784783.1	A
anno1.g10536.t1	A	rna-XM_056787389.1	A
anno1.g10537.t1	A	rna-XM_056787700.1	A
anno1.g10538.t1	A	rna-XM_056777913.1	A
anno1.g10542.t1	A	rna-XM_056784892.1	A
anno1.g10544.t1	A	rna-XM_056784083.1	A
anno1.g10545.t1	A	rna-XM_056788720.1	A
anno1.g10546.t1	A	rna-XM_056788803.1	A
anno1.g10547.t1	A	rna-XM_056788718.1	A
anno1.g10548.t1	A	rna-XM_056777277.1	A
anno1.g10549.t1	A	rna-XM_056777273.1	A
anno1.g10550.t1	A	rna-XM_056784723.1	A
anno1.g10551.t1	A	rna-XM_056784205.1	A
anno1.g10552.t1	A	rna-XM_056785045.1	A
anno1.g10553.t2	A	rna-XM_056784087.1	A
anno1.g10554.t2	A	rna-XM_056785081.1	A
anno1.g10555.t1	A	rna-XM_056784075.1	A
anno1.g10556.t1	A	rna-XM_056775663.1	A
anno1.g10557.t1	A	rna-XM_056775681.1	A
anno1.g10559.t1	A	rna-XM_056775942.1	A
anno1.g10560.t1	A	rna-XM_056775914.1	A
anno1.g10561.t1	A	rna-XM_056780671.1	A
anno1.g10562.t1	A	rna-XM_056774190.1	A
anno1.g10563.t2	A	rna-XM_056774105.1	A
anno1.g10564.t1	A	rna-XM_056780670.1	A
anno1.g10566.t1	A	rna-XM_056781677.1	A
anno1.g10568.t1	A	rna-XM_056783774.1	A
anno1.g10506.t1	A	rna-XM_056785507.1	A
anno1.g10507.t1	A	rna-XM_056786324.1	A
anno1.g10508.t1	A	rna-XM_056775319.1	A
anno1.g10509.t2	A	rna-XM_056773726.1	A
anno1.g10510.t1	A	rna-XM_056792560.1	A
anno1.g10511.t1	A	rna-XM_056786626.1	A
anno1.g10518.t1	A	rna-XM_056786834.1	A
anno1.g10499.t1	A	rna-XM_056785409.1	A
anno1.g10500.t1	A	rna-XM_056787310.1	A
anno1.g10501.t1	A	rna-XM_056788242.1	A
anno1.g10502.t1	A	rna-XM_056779817.1	A
anno1.g10503.t1	A	rna-XM_056788785.1	A
anno1.g10504.t1	A	rna-XM_056788656.1	A
anno1.g10494.t1	A	rna-XM_056786051.1	A
anno1.g10496.t1	A	rna-XM_056785075.1	A
anno1.g10471.t1	A	rna-XM_056785467.1	A
anno1.g10472.t2	A	rna-XM_056773785.1	A
anno1.g10474.t1	A	rna-XM_056785479.1	A
anno1.g10475.t1	A	rna-XM_056785262.1	A
anno1.g10476.t3	A	rna-XM_056784489.1	A
anno1.g10477.t1	A	rna-XM_056785483.1	A
anno1.g10478.t1	A	rna-XM_056782988.1	A
anno1.g10479.t1	A	rna-XM_056785476.1	A
anno1.g10480.t1	A	rna-XM_056785475.1	A
anno1.g10481.t1	A	rna-XM_056782298.1	A
anno1.g10482.t1	A	rna-XM_056783068.1	A
anno1.g10483.t1	A	rna-XM_056782524.1	A
anno1.g10484.t1	A	rna-XM_056778850.1	A
anno1.g10486.t1	A	rna-XM_056778856.1	A
anno1.g10487.t1	A	rna-XM_056781843.1	A
anno1.g10488.t1	A	rna-XM_056784263.1	A
anno1.g10490.t1	A	rna-XM_056781587.1	A
anno1.g10491.t1	A	rna-XM_056784741.1	A
anno1.g10492.t1	A	rna-XM_056783076.1	A
anno1.g1794.t1	A	rna-XM_056786846.1	A
anno1.g1795.t1	A	rna-XM_056785797.1	A
anno1.g1796.t1	A	rna-XM_056775546.1	A
anno1.g1797.t2	A	rna-XM_056788831.1	A
anno1.g1798.t1	A	rna-XM_056789013.1	A
anno1.g1799.t1	A	rna-XM_056789022.1	A
anno1.g1800.t1	A	rna-XM_056785781.1	A
anno1.g1801.t2	A	rna-XM_056785789.1	A
anno1.g1802.t1	A	rna-XM_056789029.1	X
anno1.g1803.t1	A	rna-XM_056780744.1	A
anno1.g1804.t1	A	rna-XM_056781740.1	A
anno1.g1806.t1	A	rna-XM_056780685.1	A
anno1.g10466.t3	A	rna-XM_056778832.1	A
anno1.g10467.t1	A	rna-XM_056779066.1	A
anno1.g10468.t1	A	rna-XM_056779065.1	A
anno1.g10469.t1	A	rna-XM_056778657.1	A
anno1.g10470.t1	A	rna-XM_056778656.1	A
anno1.g10460.t1	A	rna-XM_056786691.1	A
anno1.g10461.t2	A	rna-XM_056784537.1	A
anno1.g10462.t2	A	rna-XM_056784539.1	A
anno1.g10463.t2	A	rna-XM_056784527.1	A
anno1.g10438.t1	A	rna-XM_056783336.1	A
anno1.g10439.t1	A	rna-XM_056789573.1	A
anno1.g10440.t1	A	rna-XM_056774603.1	A
anno1.g10441.t1	A	rna-XM_056776423.1	A
anno1.g10442.t1	A	rna-XM_056786224.1	A
anno1.g10443.t1	A	rna-XM_056782259.1	A
anno1.g10444.t4	A	rna-XM_056782251.1	A
anno1.g10452.t1	A	rna-XM_056787341.1	A
anno1.g10419.t1	A	rna-XM_056774001.1	A
anno1.g10420.t1	A	rna-XM_056787226.1	A
anno1.g10421.t1	A	rna-XM_056787231.1	A
anno1.g10422.t1	A	rna-XM_056784708.1	A
anno1.g10424.t4	A	rna-XM_056787879.1	A
anno1.g10427.t1	A	rna-XM_056781525.1	A
anno1.g10430.t1	A	rna-XM_056780666.1	A
anno1.g10432.t1	A	rna-XM_056780212.1	A
anno1.g10433.t1	A	rna-XM_056774222.1	A
anno1.g1792.t1	A	rna-XM_056793049.1	A
anno1.g10413.t1	A	rna-XM_056783266.1	A
anno1.g10414.t1	A	rna-XM_056779558.1	A
anno1.g10415.t1	A	rna-XM_056779755.1	A
anno1.g10416.t1	A	rna-XM_056777029.1	A
anno1.g10364.t1	A	rna-XM_056774804.1	A
anno1.g10365.t1	A	rna-XM_056787159.1	A
anno1.g10366.t1	A	rna-XM_056774796.1	A
anno1.g10369.t1	A	rna-XM_056779325.1	A
anno1.g10370.t1	A	rna-XM_056779189.1	A
anno1.g10371.t1	A	rna-XM_056779190.1	A
anno1.g10372.t1	A	rna-XM_056779441.1	A
anno1.g10373.t1	A	rna-XM_056791859.1	A
anno1.g10376.t1	A	rna-XM_056780837.1	A
anno1.g10377.t1	A	rna-XM_056780842.1	A
anno1.g10378.t1	A	rna-XM_056780751.1	A
anno1.g10379.t1	A	rna-XM_056788992.1	A
anno1.g10380.t1	A	rna-XM_056785281.1	A
anno1.g10381.t1	A	rna-XM_056785279.1	A
anno1.g10382.t1	A	rna-XM_056780569.1	A
anno1.g10383.t2	A	rna-XM_056793015.1	A
anno1.g10384.t3	A	rna-XM_056792090.1	A
anno1.g10385.t1	A	rna-XM_056787537.1	A
anno1.g10386.t1	A	rna-XM_056782031.1	A
anno1.g10387.t1	A	rna-XM_056786742.1	A
anno1.g10388.t1	A	rna-XM_056786473.1	A
anno1.g10389.t1	A	rna-XM_056776456.1	A
anno1.g10390.t1	A	rna-XM_056776457.1	A
anno1.g10391.t1	A	rna-XM_056789010.1	A
anno1.g10392.t1	A	rna-XM_056788706.1	A
anno1.g10393.t2	A	rna-XM_056790785.1	A
anno1.g10394.t1	A	rna-XM_056778669.1	A
anno1.g10395.t1	A	rna-XM_056778639.1	A
anno1.g10396.t1	A	rna-XM_056788333.1	A
anno1.g10397.t2	A	rna-XM_056788695.1	A
anno1.g10398.t1	A	rna-XM_056788687.1	A
anno1.g10399.t1	A	rna-XM_056788694.1	A
anno1.g10400.t1	A	rna-XM_056788941.1	A
anno1.g10402.t1	A	rna-XM_056783609.1	A
anno1.g10403.t1	A	rna-XM_056783608.1	A
anno1.g10404.t1	A	rna-XM_056774129.1	A
anno1.g10405.t2	A	rna-XM_056781542.1	A
anno1.g10406.t1	A	rna-XM_056781030.1	A
anno1.g10407.t1	A	rna-XM_056780864.1	A
anno1.g10408.t1	A	rna-XM_056783249.1	A
anno1.g10409.t1	A	rna-XM_056783251.1	A
anno1.g10410.t1	A	rna-XM_056782027.1	A
anno1.g10411.t1	A	rna-XM_056785769.1	A
anno1.g10351.t1	A	rna-XM_056792365.1	A
anno1.g10352.t1	A	rna-XM_056783011.1	A
anno1.g10354.t1	A	rna-XM_056784188.1	A
anno1.g10355.t1	A	rna-XM_056784174.1	A
anno1.g10356.t1	A	rna-XM_056787134.1	A
anno1.g10357.t1	A	rna-XM_056775286.1	A
anno1.g10358.t1	A	rna-XM_056786819.1	A
anno1.g10359.t1	A	rna-XM_056786522.1	A
anno1.g10345.t1	A	rna-XM_056785473.1	A
anno1.g10331.t2	A	rna-XM_056782445.1	A
anno1.g10333.t1	A	rna-XM_056783631.1	A
anno1.g10335.t1	A	rna-XM_056785702.1	A
anno1.g10336.t1	A	rna-XM_056789513.1	X
anno1.g10337.t1	A	rna-XM_056789170.1	X
anno1.g10338.t1	A	rna-XM_056781254.1	A
anno1.g10339.t1	A	rna-XM_056789999.1	X
anno1.g10315.t1	A	rna-XM_056785077.1	A
anno1.g10316.t1	A	rna-XM_056784017.1	A
anno1.g10317.t1	A	rna-XM_056779944.1	A
anno1.g10318.t3	A	rna-XM_056784369.1	A
anno1.g10319.t1	A	rna-XM_056792542.1	A
anno1.g10320.t1	A	rna-XM_056773995.1	A
anno1.g10321.t1	A	rna-XM_056791941.1	A
anno1.g10322.t1	A	rna-XM_056792977.1	A
anno1.g10323.t1	A	rna-XM_056773889.1	A
anno1.g10324.t1	A	rna-XM_056792975.1	A
anno1.g10325.t1	A	rna-XM_056792510.1	A
anno1.g10326.t1	A	rna-XM_056784600.1	A
anno1.g1769.t1	A	rna-XM_056776067.1	A
anno1.g1775.t4	A	rna-XM_056784436.1	A
anno1.g1778.t1	A	rna-XM_056774406.1	A
anno1.g1779.t1	A	rna-XM_056774405.1	A
anno1.g1780.t1	A	rna-XM_056784069.1	A
anno1.g1782.t1	A	rna-XM_056780655.1	A
anno1.g1783.t1	A	rna-XM_056787935.1	A
anno1.g1785.t1	A	rna-XM_056792154.1	A
anno1.g10311.t1	A	rna-XM_056786026.1	A
anno1.g1765.t1	A	rna-XM_056786655.1	A
anno1.g10280.t1	A	rna-XM_056792803.1	A
anno1.g10276.t1	A	rna-XM_056774173.1	A
anno1.g10277.t1	A	rna-XM_056784523.1	A
anno1.g10239.t1	A	rna-XM_056788968.1	A
anno1.g10240.t1	A	rna-XM_056788971.1	A
anno1.g10242.t1	A	rna-XM_056788956.1	A
anno1.g10243.t1	A	rna-XM_056787781.1	A
anno1.g10247.t1	A	rna-XM_056785636.1	A
anno1.g10248.t1	A	rna-XM_056784837.1	A
anno1.g10251.t1	A	rna-XM_056777850.1	A
anno1.g10253.t1	A	rna-XM_056784047.1	A
anno1.g10254.t2	A	rna-XM_056777176.1	A
anno1.g10255.t1	A	rna-XM_056784050.1	A
anno1.g10256.t2	A	rna-XM_056784048.1	A
anno1.g10257.t1	A	rna-XM_056788138.1	A
anno1.g10258.t4	A	rna-XM_056788143.1	A
anno1.g10259.t1	A	rna-XM_056774259.1	A
anno1.g10260.t1	A	rna-XM_056789958.1	X
anno1.g10261.t1	A	rna-XM_056775320.1	A
anno1.g10262.t1	A	rna-XM_056773958.1	A
anno1.g10263.t1	A	rna-XM_056776681.1	A
anno1.g10264.t1	A	rna-XM_056776692.1	A
anno1.g10265.t1	A	rna-XM_056776693.1	A
anno1.g10266.t1	A	rna-XM_056782844.1	A
anno1.g10267.t1	A	rna-XM_056776329.1	A
anno1.g10268.t1	A	rna-XM_056788247.1	A
anno1.g10269.t1	A	rna-XM_056776695.1	A
anno1.g10270.t1	A	rna-XM_056777047.1	A
anno1.g10271.t1	A	rna-XM_056779058.1	A
anno1.g10223.t2	A	rna-XM_056778144.1	A
anno1.g10224.t1	A	rna-XM_056777590.1	A
anno1.g10225.t1	A	rna-XM_056791436.1	A
anno1.g10226.t1	A	rna-XM_056777256.1	A
anno1.g10227.t6	A	rna-XM_056777253.1	A
anno1.g10228.t1	A	rna-XM_056776991.1	A
anno1.g10229.t1	A	rna-XM_056777836.1	A
anno1.g10230.t1	A	rna-XM_056777589.1	A
anno1.g10231.t1	A	rna-XM_056776362.1	A
anno1.g10233.t1	A	rna-XM_056777939.1	A
anno1.g10234.t1	A	rna-XM_056777831.1	A
anno1.g10235.t1	A	rna-XM_056777832.1	A
anno1.g10236.t2	A	rna-XM_056777834.1	A
anno1.g10237.t1	A	rna-XM_056776658.1	A
anno1.g10238.t1	A	rna-XM_056775150.1	A
anno1.g1759.t1	A	rna-XM_056779575.1	A
anno1.g10211.t1	A	rna-XM_056792258.1	A
anno1.g10212.t1	A	rna-XM_056783501.1	A
anno1.g10213.t1	A	rna-XM_056778660.1	A
anno1.g10214.t1	A	rna-XM_056780018.1	A
anno1.g10215.t1	A	rna-XM_056780017.1	A
anno1.g10216.t1	A	rna-XM_056780015.1	A
anno1.g10217.t1	A	rna-XM_056788228.1	A
anno1.g10218.t1	A	rna-XM_056785938.1	A
anno1.g10219.t2	A	rna-XM_056785939.1	A
anno1.g10220.t1	A	rna-XM_056792734.1	A
anno1.g10192.t1	A	rna-XM_056780580.1	A
anno1.g10189.t1	A	rna-XM_056784757.1	A
anno1.g1757.t1	A	rna-XM_056779787.1	A
anno1.g10172.t1	A	rna-XM_056784258.1	A
anno1.g10174.t1	A	rna-XM_056786173.1	A
anno1.g10175.t1	A	rna-XM_056781845.1	A
anno1.g10176.t1	A	rna-XM_056777654.1	A
anno1.g10177.t1	A	rna-XM_056781849.1	A
anno1.g10178.t1	A	rna-XM_056781846.1	A
anno1.g10179.t1	A	rna-XM_056781574.1	A
anno1.g10182.t1	A	rna-XM_056787096.1	A
anno1.g1732.t1	A	rna-XM_056779955.1	A
anno1.g1733.t1	A	rna-XM_056792474.1	A
anno1.g1735.t2	A	rna-XM_056785995.1	A
anno1.g1736.t1	A	rna-XM_056785994.1	A
anno1.g1737.t1	A	rna-XM_056785156.1	A
anno1.g1740.t2	A	rna-XM_056785653.1	A
anno1.g1741.t1	A	rna-XM_056785157.1	A
anno1.g1745.t3	A	rna-XM_056785153.1	A
anno1.g1746.t1	A	rna-XM_056785158.1	A
anno1.g1747.t1	A	rna-XM_056776798.1	A
anno1.g1753.t1	A	rna-XM_056779589.1	A
anno1.g1754.t1	A	rna-XM_056776809.1	A
anno1.g1755.t2	A	rna-XM_056784675.1	A
anno1.g10161.t1	A	rna-XM_056792402.1	A
anno1.g10162.t1	A	rna-XM_056781189.1	A
anno1.g10151.t1	A	rna-XM_056774158.1	A
anno1.g10153.t1	A	rna-XM_056786122.1	A
anno1.g1727.t1	A	rna-XM_056789001.1	A
anno1.g10146.t1	A	rna-XM_056778709.1	A
anno1.g10147.t2	A	rna-XM_056778711.1	A
anno1.g10131.t1	A	rna-XM_056788682.1	A
anno1.g10132.t1	A	rna-XM_056785503.1	A
anno1.g10133.t1	A	rna-XM_056792387.1	A
anno1.g10134.t1	A	rna-XM_056784808.1	A
anno1.g10135.t1	A	rna-XM_056773648.1	A
anno1.g10136.t3	A	rna-XM_056786260.1	A
anno1.g10137.t1	A	rna-XM_056779143.1	A
anno1.g10138.t1	A	rna-XM_056773920.1	A
anno1.g10109.t2	A	rna-XM_056778531.1	A
anno1.g10110.t1	A	rna-XM_056783166.1	A
anno1.g10111.t1	A	rna-XM_056776748.1	A
anno1.g10112.t2	A	rna-XM_056778336.1	A
anno1.g10113.t1	A	rna-XM_056778342.1	A
anno1.g10114.t1	A	rna-XM_056790265.1	X
anno1.g10115.t4	A	rna-XM_056792690.1	A
anno1.g10116.t1	A	rna-XM_056778102.1	A
anno1.g10117.t1	A	rna-XM_056780994.1	A
anno1.g10119.t1	A	rna-XM_056777044.1	A
anno1.g10120.t1	A	rna-XM_056777085.1	A
anno1.g10121.t2	A	rna-XM_056790102.1	A
anno1.g10099.t1	A	rna-XM_056779120.1	A
anno1.g10103.t1	A	rna-XM_056779163.1	A
anno1.g10075.t1	A	rna-XM_056793062.1	A
anno1.g10076.t1	A	rna-XM_056792963.1	A
anno1.g10077.t1	A	rna-XM_056784697.1	A
anno1.g10078.t1	A	rna-XM_056784078.1	A
anno1.g1715.t1	A	rna-XM_056792335.1	A
anno1.g10059.t1	A	rna-XM_056782840.1	A
anno1.g1713.t1	A	rna-XM_056779034.1	A
anno1.g10045.t1	A	rna-XM_056783504.1	A
anno1.g10048.t2	A	rna-XM_056781930.1	A
anno1.g10049.t1	A	rna-XM_056774247.1	A
anno1.g10050.t3	A	rna-XM_056774343.1	A
anno1.g10051.t1	A	rna-XM_056778920.1	A
anno1.g10027.t1	A	rna-XM_056784073.1	A
anno1.g10033.t1	A	rna-XM_056779022.1	A
anno1.g1706.t1	A	rna-XM_056775388.1	A
anno1.g1708.t2	A	rna-XM_056788057.1	A
anno1.g1711.t1	A	rna-XM_056780052.1	A
anno1.g1712.t1	A	rna-XM_056784136.1	A
anno1.g10012.t2	A	rna-XM_056783387.1	A
anno1.g10013.t1	A	rna-XM_056774710.1	A
anno1.g9990.t1	A	rna-XM_056780602.1	A
anno1.g9991.t1	A	rna-XM_056781910.1	A
anno1.g9992.t2	A	rna-XM_056782136.1	A
anno1.g9993.t1	A	rna-XM_056782137.1	A
anno1.g9994.t1	A	rna-XM_056776499.1	A
anno1.g9995.t1	A	rna-XM_056778404.1	A
anno1.g9996.t1	A	rna-XM_056782499.1	A
anno1.g9997.t1	A	rna-XM_056782501.1	A
anno1.g9999.t1	A	rna-XM_056782502.1	A
anno1.g10000.t1	A	rna-XM_056786964.1	A
anno1.g10001.t1	A	rna-XM_056782507.1	A
anno1.g10002.t1	A	rna-XM_056782977.1	A
anno1.g10003.t2	A	rna-XM_056782508.1	A
anno1.g10004.t1	A	rna-XM_056783783.1	A
anno1.g9972.t1	A	rna-XM_056783370.1	A
anno1.g9973.t1	A	rna-XM_056788743.1	A
anno1.g9974.t1	A	rna-XM_056777115.1	A
anno1.g9977.t1	A	rna-XM_056775874.1	A
anno1.g9980.t1	A	rna-XM_056780719.1	A
anno1.g9920.t1	A	rna-XM_056788807.1	A
anno1.g9921.t1	A	rna-XM_056783762.1	A
anno1.g1699.t1	A	rna-XM_056783558.1	A
anno1.g1701.t1	A	rna-XM_056780462.1	A
anno1.g9849.t1	A	rna-XM_056780765.1	A
anno1.g9851.t1	A	rna-XM_056777803.1	A
anno1.g9852.t1	A	rna-XM_056781319.1	A
anno1.g9853.t1	A	rna-XM_056777669.1	A
anno1.g9855.t1	A	rna-XM_056776699.1	A
anno1.g9856.t2	A	rna-XM_056791866.1	A
anno1.g9857.t1	A	rna-XM_056787490.1	A
anno1.g9858.t1	A	rna-XM_056787891.1	A
anno1.g9859.t1	A	rna-XM_056786656.1	A
anno1.g9861.t1	A	rna-XM_056786289.1	A
anno1.g9862.t2	A	rna-XM_056783834.1	A
anno1.g9863.t1	A	rna-XM_056786542.1	A
anno1.g9864.t1	A	rna-XM_056780940.1	A
anno1.g9865.t1	A	rna-XM_056785963.1	A
anno1.g9869.t1	A	rna-XM_056791877.1	A
anno1.g9870.t1	A	rna-XM_056787014.1	A
anno1.g9871.t1	A	rna-XM_056787657.1	A
anno1.g9872.t2	A	rna-XM_056791323.1	A
anno1.g9873.t2	A	rna-XM_056783276.1	A
anno1.g9874.t1	A	rna-XM_056792298.1	A
anno1.g9876.t1	A	rna-XM_056792297.1	A
anno1.g9877.t1	A	rna-XM_056784151.1	A
anno1.g9879.t2	A	rna-XM_056785896.1	A
anno1.g9880.t2	A	rna-XM_056782551.1	A
anno1.g9881.t3	A	rna-XM_056783743.1	A
anno1.g9882.t1	A	rna-XM_056774427.1	A
anno1.g9883.t1	A	rna-XM_056775322.1	A
anno1.g9884.t1	A	rna-XM_056786743.1	A
anno1.g9887.t1	A	rna-XM_056775547.1	A
anno1.g9888.t2	A	rna-XM_056775707.1	A
anno1.g9890.t1	A	rna-XM_056779395.1	A
anno1.g9891.t1	A	rna-XM_056783606.1	A
anno1.g9892.t1	A	rna-XM_056781541.1	A
anno1.g9899.t1	A	rna-XM_056780781.1	A
anno1.g9900.t1	A	rna-XM_056780222.1	A
anno1.g9901.t1	A	rna-XM_056785195.1	A
anno1.g9902.t1	A	rna-XM_056785197.1	A
anno1.g9903.t1	A	rna-XM_056785645.1	A
anno1.g9904.t1	A	rna-XM_056786378.1	A
anno1.g9837.t1	A	rna-XM_056776149.1	A
anno1.g1695.t1	A	rna-XM_056783083.1	A
anno1.g9813.t1	A	rna-XM_056777027.1	A
anno1.g9814.t1	A	rna-XM_056786373.1	A
anno1.g9815.t1	A	rna-XM_056786372.1	A
anno1.g9817.t1	A	rna-XM_056786367.1	A
anno1.g9818.t3	A	rna-XM_056789902.1	X
anno1.g9820.t1	A	rna-XM_056789769.1	X
anno1.g9796.t1	A	rna-XM_056781764.1	A
anno1.g9797.t1	A	rna-XM_056780748.1	A
anno1.g9799.t1	A	rna-XM_056780761.1	A
anno1.g9800.t1	A	rna-XM_056780615.1	A
anno1.g9801.t3	A	rna-XM_056780524.1	A
anno1.g9802.t1	A	rna-XM_056785721.1	A
anno1.g9786.t1	A	rna-XM_056786471.1	A
anno1.g9787.t1	A	rna-XM_056786036.1	A
anno1.g9788.t3	A	rna-XM_056792208.1	A
anno1.g1687.t1	A	rna-XM_056779327.1	A
anno1.g1688.t1	A	rna-XM_056778716.1	A
anno1.g9764.t2	A	rna-XM_056785570.1	A
anno1.g9765.t1	A	rna-XM_056792422.1	A
anno1.g9766.t1	A	rna-XM_056774730.1	A
anno1.g9767.t1	A	rna-XM_056785589.1	A
anno1.g9768.t1	A	rna-XM_056776056.1	A
anno1.g9769.t1	A	rna-XM_056792483.1	A
anno1.g9770.t1	A	rna-XM_056792482.1	A
anno1.g9772.t1	A	rna-XM_056789263.1	X
anno1.g9773.t2	A	rna-XM_056775584.1	A
anno1.g9774.t1	A	rna-XM_056774516.1	A
anno1.g9775.t2	A	rna-XM_056775006.1	A
anno1.g9776.t1	A	rna-XM_056776136.1	A
anno1.g9777.t1	A	rna-XM_056776137.1	A
anno1.g9778.t1	A	rna-XM_056776139.1	A
anno1.g9779.t1	A	rna-XM_056778630.1	A
anno1.g1683.t1	A	rna-XM_056780999.1	A
anno1.g1685.t1	A	rna-XM_056781367.1	A
anno1.g9736.t1	A	rna-XM_056773873.1	A
anno1.g9737.t1	A	rna-XM_056777967.1	A
anno1.g9738.t1	A	rna-XM_056790996.1	X
anno1.g9739.t2	A	rna-XM_056780378.1	A
anno1.g9740.t1	A	rna-XM_056781794.1	A
anno1.g9741.t1	A	rna-XM_056781789.1	A
anno1.g9742.t1	A	rna-XM_056781795.1	A
anno1.g9743.t1	A	rna-XM_056787603.1	A
anno1.g9744.t1	A	rna-XM_056787606.1	A
anno1.g9746.t2	A	rna-XM_056786690.1	A
anno1.g9748.t1	A	rna-XM_056785419.1	A
anno1.g9749.t1	A	rna-XM_056775783.1	A
anno1.g9750.t1	A	rna-XM_056774795.1	A
anno1.g9752.t3	A	rna-XM_056786797.1	A
anno1.g9753.t1	A	rna-XM_056786799.1	A
anno1.g9754.t1	A	rna-XM_056786294.1	A
anno1.g9755.t1	A	rna-XM_056781681.1	A
anno1.g9758.t4	A	rna-XM_056781672.1	A
anno1.g9760.t1	A	rna-XM_056787570.1	A
anno1.g9723.t1	A	rna-XM_056775548.1	A
anno1.g9724.t2	A	rna-XM_056788155.1	A
anno1.g9628.t1	A	rna-XM_056773672.1	A
anno1.g9629.t1	A	rna-XM_056773669.1	A
anno1.g9631.t2	A	rna-XM_056782739.1	A
anno1.g9632.t1	A	rna-XM_056783299.1	A
anno1.g9633.t1	A	rna-XM_056783305.1	A
anno1.g9634.t4	A	rna-XM_056782182.1	A
anno1.g9636.t1	A	rna-XM_056776340.1	A
anno1.g9637.t1	A	rna-XM_056776146.1	A
anno1.g9638.t1	A	rna-XM_056778323.1	A
anno1.g9639.t1	A	rna-XM_056778026.1	A
anno1.g9640.t2	A	rna-XM_056790816.1	X
anno1.g9641.t1	A	rna-XM_056777998.1	A
anno1.g9642.t1	A	rna-XM_056793193.1	A
anno1.g9643.t1	A	rna-XM_056793192.1	A
anno1.g9644.t2	A	rna-XM_056774679.1	A
anno1.g9645.t2	A	rna-XM_056791779.1	A
anno1.g9647.t2	A	rna-XM_056787151.1	A
anno1.g9650.t2	A	rna-XM_056787357.1	A
anno1.g9651.t1	A	rna-XM_056787308.1	A
anno1.g9653.t1	A	rna-XM_056793195.1	A
anno1.g9655.t1	A	rna-XM_056785350.1	A
anno1.g9656.t1	A	rna-XM_056791780.1	A
anno1.g9657.t2	A	rna-XM_056793186.1	A
anno1.g9658.t1	A	rna-XM_056779568.1	A
anno1.g9659.t1	A	rna-XM_056778915.1	A
anno1.g9661.t1	A	rna-XM_056778240.1	A
anno1.g9662.t1	A	rna-XM_056778169.1	A
anno1.g9663.t1	A	rna-XM_056782668.1	A
anno1.g9664.t2	A	rna-XM_056781328.1	A
anno1.g9665.t1	A	rna-XM_056778165.1	A
anno1.g9668.t1	A	rna-XM_056785497.1	A
anno1.g9669.t1	A	rna-XM_056785498.1	A
anno1.g9670.t1	A	rna-XM_056785495.1	A
anno1.g9671.t1	A	rna-XM_056788292.1	A
anno1.g9672.t1	A	rna-XM_056785500.1	A
anno1.g9673.t1	A	rna-XM_056787553.1	A
anno1.g9674.t1	A	rna-XM_056791533.1	A
anno1.g9675.t1	A	rna-XM_056782310.1	A
anno1.g9677.t1	A	rna-XM_056783116.1	A
anno1.g9678.t3	A	rna-XM_056782482.1	A
anno1.g9679.t1	A	rna-XM_056792444.1	A
anno1.g9681.t4	A	rna-XM_056786346.1	A
anno1.g9682.t1	A	rna-XM_056773614.1	A
anno1.g9683.t1	A	rna-XM_056773633.1	A
anno1.g9684.t1	A	rna-XM_056773635.1	A
anno1.g9685.t1	A	rna-XM_056781786.1	A
anno1.g9686.t1	A	rna-XM_056781222.1	A
anno1.g9687.t1	A	rna-XM_056785484.1	A
anno1.g9689.t2	A	rna-XM_056785499.1	A
anno1.g9692.t1	A	rna-XM_056779074.1	A
anno1.g9695.t1	A	rna-XM_056782173.1	A
anno1.g9696.t1	A	rna-XM_056779850.1	A
anno1.g9697.t1	A	rna-XM_056782172.1	A
anno1.g9698.t1	A	rna-XM_056780621.1	A
anno1.g9699.t1	A	rna-XM_056780620.1	A
anno1.g9700.t1	A	rna-XM_056789591.1	A
anno1.g9701.t1	A	rna-XM_056776704.1	A
anno1.g9702.t1	A	rna-XM_056777574.1	A
anno1.g9703.t1	A	rna-XM_056776706.1	A
anno1.g9704.t1	A	rna-XM_056776710.1	A
anno1.g1679.t1	A	rna-XM_056787913.1	A
anno1.g9624.t1	A	rna-XM_056783511.1	A
anno1.g9625.t1	A	rna-XM_056782857.1	A
anno1.g9627.t1	A	rna-XM_056792167.1	A
anno1.g9606.t1	A	rna-XM_056775062.1	A
anno1.g9607.t1	A	rna-XM_056784660.1	A
anno1.g9609.t1	A	rna-XM_056789185.1	X
anno1.g1677.t3	A	rna-XM_056781186.1	A
anno1.g9586.t1	X	rna-XM_056790797.1	X
anno1.g9587.t1	X	rna-XM_056790358.1	X
anno1.g9588.t2	X	rna-XM_056790470.1	X
anno1.g9589.t1	X	rna-XM_056791728.1	A
anno1.g9573.t1	A	rna-XM_056782179.1	A
anno1.g1627.t1	A	rna-XM_056777951.1	A
anno1.g1628.t1	A	rna-XM_056777950.1	A
anno1.g1630.t1	A	rna-XM_056790855.1	X
anno1.g1631.t1	A	rna-XM_056785598.1	A
anno1.g1632.t2	A	rna-XM_056777396.1	A
anno1.g1633.t1	A	rna-XM_056790852.1	X
anno1.g1634.t1	A	rna-XM_056790994.1	X
anno1.g1635.t2	A	rna-XM_056773805.1	A
anno1.g1636.t2	A	rna-XM_056775066.1	A
anno1.g1637.t1	A	rna-XM_056791561.1	A
anno1.g1638.t1	A	rna-XM_056781842.1	A
anno1.g1639.t1	A	rna-XM_056781312.1	A
anno1.g1640.t1	A	rna-XM_056781306.1	A
anno1.g1641.t2	A	rna-XM_056778461.1	A
anno1.g1642.t1	A	rna-XM_056778464.1	A
anno1.g1643.t1	A	rna-XM_056779779.1	A
anno1.g1644.t1	A	rna-XM_056779769.1	A
anno1.g1645.t1	A	rna-XM_056779770.1	A
anno1.g1646.t1	A	rna-XM_056779768.1	A
anno1.g1647.t1	A	rna-XM_056779045.1	A
anno1.g1648.t1	A	rna-XM_056779039.1	A
anno1.g1649.t1	A	rna-XM_056779038.1	A
anno1.g1650.t1	A	rna-XM_056779433.1	A
anno1.g1651.t1	A	rna-XM_056779284.1	A
anno1.g1652.t1	A	rna-XM_056779463.1	A
anno1.g1653.t1	A	rna-XM_056779434.1	A
anno1.g1654.t1	A	rna-XM_056779279.1	A
anno1.g1655.t1	A	rna-XM_056778814.1	A
anno1.g1656.t1	A	rna-XM_056781029.1	A
anno1.g1657.t1	A	rna-XM_056781016.1	A
anno1.g1658.t1	A	rna-XM_056781744.1	A
anno1.g1660.t1	A	rna-XM_056780504.1	A
anno1.g1661.t1	A	rna-XM_056781396.1	A
anno1.g1662.t1	A	rna-XM_056775347.1	A
anno1.g1663.t1	A	rna-XM_056780326.1	A
anno1.g1664.t2	A	rna-XM_056775674.1	A
anno1.g1665.t1	A	rna-XM_056775669.1	A
anno1.g1666.t2	A	rna-XM_056775672.1	A
anno1.g1667.t1	A	rna-XM_056789461.1	X
anno1.g1668.t1	A	rna-XM_056780120.1	A
anno1.g1670.t1	A	rna-XM_056780764.1	A
anno1.g1671.t1	A	rna-XM_056775676.1	A
anno1.g1673.t1	A	rna-XM_056782596.1	A
anno1.g1674.t2	A	rna-XM_056782491.1	A
anno1.g1675.t1	A	rna-XM_056782490.1	A
anno1.g1676.t1	A	rna-XM_056782998.1	A
anno1.g9556.t1	A	rna-XM_056779232.1	A
anno1.g9557.t1	A	rna-XM_056785289.1	A
anno1.g9560.t2	A	rna-XM_056776592.1	A
anno1.g9562.t1	A	rna-XM_056774018.1	A
anno1.g9563.t1	A	rna-XM_056789607.1	A
anno1.g9548.t1	A	rna-XM_056778736.1	A
anno1.g9550.t2	A	rna-XM_056779479.1	A
anno1.g9497.t1	A	rna-XM_056787539.1	A
anno1.g9499.t2	A	rna-XM_056787538.1	A
anno1.g9500.t1	A	rna-XM_056778946.1	A
anno1.g9501.t1	A	rna-XM_056791844.1	A
anno1.g9502.t1	A	rna-XM_056774230.1	A
anno1.g9503.t1	A	rna-XM_056788621.1	A
anno1.g9504.t1	A	rna-XM_056783022.1	A
anno1.g9505.t1	A	rna-XM_056788617.1	A
anno1.g9506.t1	A	rna-XM_056775913.1	A
anno1.g9507.t1	A	rna-XM_056773552.1	A
anno1.g9508.t1	A	rna-XM_056784624.1	A
anno1.g9510.t1	A	rna-XM_056774141.1	A
anno1.g9511.t2	A	rna-XM_056774059.1	A
anno1.g9512.t2	A	rna-XM_056783734.1	A
anno1.g9513.t1	A	rna-XM_056775225.1	A
anno1.g9514.t1	A	rna-XM_056783791.1	A
anno1.g9515.t2	A	rna-XM_056783805.1	A
anno1.g9516.t1	A	rna-XM_056788749.1	A
anno1.g9517.t1	A	rna-XM_056788759.1	A
anno1.g9518.t1	A	rna-XM_056776477.1	A
anno1.g9519.t1	A	rna-XM_056776490.1	A
anno1.g9520.t2	A	rna-XM_056777195.1	A
anno1.g9522.t5	A	rna-XM_056776941.1	A
anno1.g9524.t1	A	rna-XM_056775284.1	A
anno1.g9525.t1	A	rna-XM_056775283.1	A
anno1.g9527.t1	A	rna-XM_056778013.1	A
anno1.g9528.t1	A	rna-XM_056775916.1	A
anno1.g9529.t1	A	rna-XM_056775915.1	A
anno1.g9531.t1	A	rna-XM_056775141.1	A
anno1.g9532.t1	A	rna-XM_056783585.1	A
anno1.g9533.t1	A	rna-XM_056778427.1	A
anno1.g9534.t1	A	rna-XM_056774600.1	A
anno1.g9536.t3	A	rna-XM_056786264.1	A
anno1.g9537.t1	A	rna-XM_056778141.1	A
anno1.g9538.t1	A	rna-XM_056777945.1	A
anno1.g9539.t1	A	rna-XM_056778140.1	A
anno1.g9540.t2	A	rna-XM_056778137.1	A
anno1.g9542.t2	A	rna-XM_056778134.1	A
anno1.g9452.t1	X	rna-XM_056789734.1	X
anno1.g9453.t1	X	rna-XM_056790225.1	X
anno1.g9458.t1	X	rna-XM_056790534.1	X
anno1.g9459.t1	X	rna-XM_056790535.1	X
anno1.g9460.t2	X	rna-XM_056789346.1	X
anno1.g9461.t2	X	rna-XM_056789800.1	X
anno1.g9446.t2	A	rna-XM_056785937.1	A
anno1.g9447.t2	A	rna-XM_056783878.1	A
anno1.g9423.t3	A	rna-XM_056791148.1	A
anno1.g9425.t2	A	rna-XM_056792174.1	A
anno1.g9426.t1	A	rna-XM_056784106.1	A
anno1.g1613.t1	A	rna-XM_056785303.1	A
anno1.g1614.t1	A	rna-XM_056785292.1	A
anno1.g9409.t1	A	rna-XM_056779586.1	A
anno1.g9410.t1	A	rna-XM_056775629.1	A
anno1.g9411.t1	A	rna-XM_056784775.1	A
anno1.g9412.t1	A	rna-XM_056786689.1	A
anno1.g9413.t1	A	rna-XM_056786495.1	A
anno1.g9414.t1	A	rna-XM_056788420.1	A
anno1.g9416.t1	A	rna-XM_056776074.1	A
anno1.g9417.t1	A	rna-XM_056775895.1	A
anno1.g1606.t1	A	rna-XM_056791828.1	A
anno1.g1607.t1	A	rna-XM_056780681.1	A
anno1.g9397.t1	A	rna-XM_056781249.1	A
anno1.g1557.t1	A	rna-XM_056792352.1	A
anno1.g1558.t1	A	rna-XM_056779746.1	A
anno1.g1559.t1	A	rna-XM_056779745.1	A
anno1.g1560.t1	A	rna-XM_056777694.1	A
anno1.g1561.t1	A	rna-XM_056776953.1	A
anno1.g1562.t2	A	rna-XM_056776568.1	A
anno1.g1563.t1	A	rna-XM_056786248.1	A
anno1.g1564.t1	A	rna-XM_056786240.1	A
anno1.g1565.t1	A	rna-XM_056786187.1	A
anno1.g1566.t1	A	rna-XM_056788395.1	A
anno1.g1567.t3	A	rna-XM_056775998.1	A
anno1.g1568.t4	A	rna-XM_056782019.1	A
anno1.g1569.t1	A	rna-XM_056783029.1	A
anno1.g1570.t1	A	rna-XM_056783027.1	A
anno1.g1571.t1	A	rna-XM_056788499.1	A
anno1.g1572.t1	A	rna-XM_056787663.1	A
anno1.g1573.t1	A	rna-XM_056792338.1	A
anno1.g1574.t1	A	rna-XM_056783321.1	A
anno1.g1575.t1	A	rna-XM_056782677.1	A
anno1.g1576.t1	A	rna-XM_056782676.1	A
anno1.g1577.t1	A	rna-XM_056773683.1	A
anno1.g1578.t1	A	rna-XM_056782797.1	A
anno1.g1579.t1	A	rna-XM_056782976.1	A
anno1.g1580.t1	A	rna-XM_056778212.1	A
anno1.g1581.t1	A	rna-XM_056782970.1	A
anno1.g1582.t1	A	rna-XM_056777422.1	A
anno1.g1583.t1	A	rna-XM_056786351.1	A
anno1.g1584.t1	A	rna-XM_056782974.1	A
anno1.g1585.t1	A	rna-XM_056777078.1	A
anno1.g1586.t1	A	rna-XM_056782476.1	A
anno1.g1587.t1	A	rna-XM_056782477.1	A
anno1.g1588.t2	A	rna-XM_056782571.1	A
anno1.g1589.t1	A	rna-XM_056782552.1	A
anno1.g1590.t2	A	rna-XM_056783449.1	A
anno1.g1591.t1	A	rna-XM_056783219.1	A
anno1.g1592.t1	A	rna-XM_056783445.1	A
anno1.g1593.t1	A	rna-XM_056775941.1	A
anno1.g1594.t1	A	rna-XM_056775943.1	A
anno1.g1595.t1	A	rna-XM_056782839.1	A
anno1.g1596.t1	A	rna-XM_056782460.1	A
anno1.g1599.t3	A	rna-XM_056788589.1	A
anno1.g1601.t1	A	rna-XM_056791964.1	A
anno1.g1602.t1	A	rna-XM_056777818.1	A
anno1.g1603.t1	A	rna-XM_056776718.1	A
anno1.g9385.t1	A	rna-XM_056781826.1	A
anno1.g9369.t1	A	rna-XM_056776294.1	A
anno1.g9372.t1	A	rna-XM_056782682.1	A
anno1.g9373.t3	A	rna-XM_056782681.1	A
anno1.g9374.t2	A	rna-XM_056783990.1	A
anno1.g9375.t1	A	rna-XM_056783983.1	A
anno1.g9376.t1	A	rna-XM_056783981.1	A
anno1.g9349.t1	A	rna-XM_056777655.1	A
anno1.g9350.t1	A	rna-XM_056777962.1	A
anno1.g1555.t1	A	rna-XM_056792917.1	A
anno1.g9335.t1	A	rna-XM_056791027.1	X
anno1.g1554.t1	A	rna-XM_056791616.1	A
anno1.g9254.t3	A	rna-XM_056780000.1	A
anno1.g9258.t1	A	rna-XM_056779275.1	A
anno1.g9259.t1	A	rna-XM_056777559.1	A
anno1.g9265.t1	A	rna-XM_056785775.1	A
anno1.g9266.t1	A	rna-XM_056787720.1	A
anno1.g9268.t2	A	rna-XM_056783412.1	A
anno1.g9270.t1	A	rna-XM_056782140.1	A
anno1.g9272.t1	A	rna-XM_056792897.1	A
anno1.g9273.t1	A	rna-XM_056782352.1	A
anno1.g9274.t1	A	rna-XM_056779346.1	A
anno1.g9275.t1	A	rna-XM_056778701.1	A
anno1.g9277.t1	A	rna-XM_056785521.1	A
anno1.g9278.t1	A	rna-XM_056788883.1	A
anno1.g9280.t1	A	rna-XM_056792861.1	A
anno1.g9282.t1	A	rna-XM_056774262.1	A
anno1.g9284.t1	A	rna-XM_056790675.1	X
anno1.g9286.t1	A	rna-XM_056788559.1	A
anno1.g9287.t1	A	rna-XM_056777714.1	A
anno1.g9291.t1	A	rna-XM_056790945.1	X
anno1.g9292.t1	A	rna-XM_056784208.1	A
anno1.g9293.t1	A	rna-XM_056774768.1	A
anno1.g9295.t1	A	rna-XM_056782375.1	A
anno1.g9296.t1	A	rna-XM_056779687.1	A
anno1.g9297.t1	A	rna-XM_056789998.1	A
anno1.g9298.t1	A	rna-XM_056790035.1	A
anno1.g9299.t1	A	rna-XM_056790045.1	A
anno1.g9301.t1	A	rna-XM_056774775.1	A
anno1.g9302.t1	A	rna-XM_056776387.1	A
anno1.g9303.t1	A	rna-XM_056776385.1	A
anno1.g9304.t1	A	rna-XM_056786200.1	A
anno1.g9305.t2	A	rna-XM_056776894.1	A
anno1.g9306.t1	A	rna-XM_056776866.1	A
anno1.g9307.t1	A	rna-XM_056784239.1	A
anno1.g9308.t1	A	rna-XM_056784231.1	A
anno1.g9309.t3	A	rna-XM_056784237.1	A
anno1.g9310.t1	A	rna-XM_056784238.1	A
anno1.g9248.t1	X	rna-XM_056790985.1	X
anno1.g9249.t3	X	rna-XM_056786909.1	A
anno1.g9251.t1	X	rna-XM_056790982.1	X
anno1.g1549.t1	A	rna-XM_056781436.1	A
anno1.g1550.t1	A	rna-XM_056791825.1	A
anno1.g1551.t2	A	rna-XM_056784332.1	A
anno1.g1547.t1	A	rna-XM_056790279.1	X
anno1.g1542.t1	A	rna-XM_056792849.1	A
anno1.g1543.t1	A	rna-XM_056792850.1	A
anno1.g9198.t1	X	rna-XM_056789300.1	X
anno1.g9173.t2	A	rna-XM_056780512.1	A
anno1.g9174.t1	A	rna-XM_056786003.1	A
anno1.g9175.t1	A	rna-XM_056791855.1	A
anno1.g9176.t1	A	rna-XM_056790615.1	A
anno1.g9177.t1	A	rna-XM_056791853.1	A
anno1.g9178.t1	A	rna-XM_056783464.1	A
anno1.g9179.t1	A	rna-XM_056787529.1	A
anno1.g9180.t1	A	rna-XM_056782827.1	A
anno1.g1455.t1	A	rna-XM_056792661.1	A
anno1.g1456.t2	A	rna-XM_056783974.1	A
anno1.g1457.t1	A	rna-XM_056783982.1	A
anno1.g1458.t2	A	rna-XM_056787196.1	A
anno1.g1459.t1	A	rna-XM_056787197.1	A
anno1.g1460.t2	A	rna-XM_056787194.1	A
anno1.g1461.t1	A	rna-XM_056787206.1	A
anno1.g1463.t2	A	rna-XM_056787202.1	A
anno1.g1464.t1	A	rna-XM_056788772.1	A
anno1.g1465.t1	A	rna-XM_056788604.1	A
anno1.g1466.t1	A	rna-XM_056780271.1	A
anno1.g1467.t1	A	rna-XM_056780263.1	A
anno1.g1468.t1	A	rna-XM_056780265.1	A
anno1.g1469.t1	A	rna-XM_056781161.1	A
anno1.g1470.t2	A	rna-XM_056781160.1	A
anno1.g1471.t1	A	rna-XM_056778908.1	A
anno1.g1472.t1	A	rna-XM_056787717.1	A
anno1.g1473.t1	A	rna-XM_056791177.1	X
anno1.g1474.t2	A	rna-XM_056785420.1	A
anno1.g1475.t1	A	rna-XM_056774776.1	A
anno1.g1476.t1	A	rna-XM_056790485.1	X
anno1.g1477.t2	A	rna-XM_056781383.1	A
anno1.g1478.t1	A	rna-XM_056780766.1	A
anno1.g1480.t1	A	rna-XM_056780662.1	A
anno1.g1481.t2	A	rna-XM_056782224.1	A
anno1.g1483.t2	A	rna-XM_056782229.1	A
anno1.g1484.t1	A	rna-XM_056781327.1	A
anno1.g1485.t1	A	rna-XM_056784261.1	A
anno1.g1486.t1	A	rna-XM_056789858.1	X
anno1.g1488.t1	A	rna-XM_056788358.1	A
anno1.g1489.t1	A	rna-XM_056789496.1	A
anno1.g1490.t1	A	rna-XM_056777237.1	A
anno1.g1492.t1	A	rna-XM_056785971.1	A
anno1.g1493.t1	A	rna-XM_056786469.1	A
anno1.g1494.t1	A	rna-XM_056786466.1	A
anno1.g1495.t1	A	rna-XM_056788423.1	A
anno1.g1497.t1	A	rna-XM_056788425.1	A
anno1.g1498.t1	A	rna-XM_056788424.1	A
anno1.g1499.t1	A	rna-XM_056786723.1	A
anno1.g1500.t1	A	rna-XM_056780814.1	A
anno1.g1501.t1	A	rna-XM_056776406.1	A
anno1.g1503.t1	A	rna-XM_056776559.1	A
anno1.g1504.t1	A	rna-XM_056775802.1	A
anno1.g1505.t1	A	rna-XM_056781679.1	A
anno1.g1506.t1	A	rna-XM_056781686.1	A
anno1.g1507.t1	A	rna-XM_056775939.1	A
anno1.g1508.t1	A	rna-XM_056774742.1	A
anno1.g1509.t1	A	rna-XM_056776227.1	A
anno1.g1510.t1	A	rna-XM_056775898.1	A
anno1.g1511.t1	A	rna-XM_056775900.1	A
anno1.g1512.t2	A	rna-XM_056782160.1	A
anno1.g1513.t1	A	rna-XM_056780565.1	A
anno1.g1514.t1	A	rna-XM_056782164.1	A
anno1.g1515.t1	A	rna-XM_056782146.1	A
anno1.g1516.t1	A	rna-XM_056781290.1	A
anno1.g1517.t1	A	rna-XM_056781286.1	A
anno1.g1518.t1	A	rna-XM_056778858.1	A
anno1.g1519.t2	A	rna-XM_056786348.1	A
anno1.g1520.t1	A	rna-XM_056786354.1	A
anno1.g1521.t1	A	rna-XM_056774537.1	A
anno1.g1522.t1	A	rna-XM_056779776.1	A
anno1.g1523.t2	A	rna-XM_056788619.1	A
anno1.g1524.t1	A	rna-XM_056790768.1	X
anno1.g1525.t1	A	rna-XM_056778283.1	A
anno1.g1526.t1	A	rna-XM_056787028.1	A
anno1.g1527.t1	A	rna-XM_056787031.1	A
anno1.g1528.t1	A	rna-XM_056787033.1	A
anno1.g1529.t1	A	rna-XM_056784337.1	A
anno1.g1530.t4	A	rna-XM_056784339.1	A
anno1.g1531.t1	A	rna-XM_056788338.1	A
anno1.g1532.t1	A	rna-XM_056780784.1	A
anno1.g1533.t1	A	rna-XM_056783904.1	A
anno1.g1535.t1	A	rna-XM_056783901.1	A
anno1.g1536.t2	A	rna-XM_056783890.1	A
anno1.g1538.t1	A	rna-XM_056783903.1	A
anno1.g1434.t1	A	rna-XM_056786044.1	A
anno1.g1435.t2	A	rna-XM_056786256.1	A
anno1.g1437.t1	A	rna-XM_056787448.1	A
anno1.g1438.t1	A	rna-XM_056787447.1	A
anno1.g1439.t1	A	rna-XM_056775169.1	A
anno1.g1442.t1	A	rna-XM_056785505.1	A
anno1.g1445.t1	A	rna-XM_056785510.1	A
anno1.g1446.t1	A	rna-XM_056778851.1	A
anno1.g1447.t2	A	rna-XM_056778842.1	A
anno1.g1449.t1	A	rna-XM_056779482.1	A
anno1.g1450.t1	A	rna-XM_056786251.1	A
anno1.g1452.t2	A	rna-XM_056787013.1	A
anno1.g1454.t1	A	rna-XM_056780831.1	A
anno1.g1431.t1	A	rna-XM_056787026.1	A
anno1.g1433.t1	A	rna-XM_056786991.1	A
anno1.g9134.t1	A	rna-XM_056786165.1	A
anno1.g9115.t2	X	rna-XM_056790812.1	X
anno1.g9116.t1	X	rna-XM_056789294.1	X
anno1.g9118.t1	X	rna-XM_056789643.1	X
anno1.g9119.t4	X	rna-XM_056790100.1	X
anno1.g8964.t1	A	rna-XM_056785601.1	A
anno1.g8968.t1	A	rna-XM_056784357.1	A
anno1.g8969.t1	A	rna-XM_056784628.1	A
anno1.g8970.t1	A	rna-XM_056787665.1	A
anno1.g8971.t3	A	rna-XM_056776725.1	A
anno1.g8975.t1	A	rna-XM_056781886.1	A
anno1.g8976.t2	A	rna-XM_056791660.1	A
anno1.g8977.t1	A	rna-XM_056784918.1	A
anno1.g8979.t1	A	rna-XM_056791658.1	A
anno1.g8981.t1	A	rna-XM_056782591.1	A
anno1.g8982.t1	A	rna-XM_056783695.1	A
anno1.g8984.t1	A	rna-XM_056791630.1	A
anno1.g8986.t1	A	rna-XM_056783058.1	A
anno1.g8987.t1	A	rna-XM_056782731.1	A
anno1.g8990.t1	A	rna-XM_056775258.1	A
anno1.g8991.t1	A	rna-XM_056782626.1	A
anno1.g8992.t1	A	rna-XM_056781225.1	A
anno1.g8993.t2	A	rna-XM_056781226.1	A
anno1.g8994.t1	A	rna-XM_056791681.1	A
anno1.g8995.t1	A	rna-XM_056791667.1	A
anno1.g8998.t1	A	rna-XM_056791680.1	A
anno1.g8999.t1	A	rna-XM_056782366.1	A
anno1.g9000.t1	A	rna-XM_056775500.1	A
anno1.g9001.t1	A	rna-XM_056778312.1	A
anno1.g9003.t1	A	rna-XM_056780886.1	A
anno1.g9004.t1	A	rna-XM_056780129.1	A
anno1.g9006.t1	A	rna-XM_056789869.1	A
anno1.g9007.t1	A	rna-XM_056789847.1	A
anno1.g9008.t3	A	rna-XM_056789854.1	A
anno1.g9009.t1	A	rna-XM_056778737.1	A
anno1.g9013.t1	A	rna-XM_056791765.1	A
anno1.g9014.t1	A	rna-XM_056791760.1	A
anno1.g9015.t1	A	rna-XM_056783143.1	A
anno1.g9016.t1	A	rna-XM_056783208.1	A
anno1.g9017.t1	A	rna-XM_056783183.1	A
anno1.g9018.t2	A	rna-XM_056780723.1	A
anno1.g9019.t1	A	rna-XM_056786217.1	A
anno1.g9020.t1	A	rna-XM_056786219.1	A
anno1.g9021.t1	A	rna-XM_056786218.1	A
anno1.g9023.t1	A	rna-XM_056784249.1	A
anno1.g9024.t1	A	rna-XM_056786493.1	A
anno1.g9025.t1	A	rna-XM_056786016.1	A
anno1.g9026.t1	A	rna-XM_056786014.1	A
anno1.g9027.t1	A	rna-XM_056782144.1	A
anno1.g9028.t1	A	rna-XM_056780101.1	A
anno1.g9030.t1	A	rna-XM_056778941.1	A
anno1.g9031.t1	A	rna-XM_056782938.1	A
anno1.g9032.t1	A	rna-XM_056782943.1	A
anno1.g9033.t1	A	rna-XM_056782935.1	A
anno1.g9034.t1	A	rna-XM_056782942.1	A
anno1.g9035.t1	A	rna-XM_056781022.1	A
anno1.g9036.t1	A	rna-XM_056783195.1	A
anno1.g9037.t1	A	rna-XM_056777888.1	A
anno1.g9038.t1	A	rna-XM_056774180.1	A
anno1.g9039.t1	A	rna-XM_056792259.1	A
anno1.g9040.t1	A	rna-XM_056792261.1	A
anno1.g9042.t1	A	rna-XM_056789987.1	A
anno1.g9043.t1	A	rna-XM_056785906.1	A
anno1.g9044.t1	A	rna-XM_056787777.1	A
anno1.g9045.t1	A	rna-XM_056787602.1	A
anno1.g9046.t1	A	rna-XM_056782068.1	A
anno1.g9047.t1	A	rna-XM_056783536.1	A
anno1.g9048.t1	A	rna-XM_056791671.1	A
anno1.g9049.t1	A	rna-XM_056791657.1	A
anno1.g9050.t1	A	rna-XM_056781889.1	A
anno1.g9051.t1	A	rna-XM_056780925.1	A
anno1.g9052.t1	A	rna-XM_056780926.1	A
anno1.g9053.t1	A	rna-XM_056780736.1	A
anno1.g9055.t1	A	rna-XM_056781788.1	A
anno1.g9056.t2	A	rna-XM_056781787.1	A
anno1.g9057.t1	A	rna-XM_056781097.1	A
anno1.g9059.t1	A	rna-XM_056780856.1	A
anno1.g9060.t2	A	rna-XM_056780581.1	A
anno1.g9061.t1	A	rna-XM_056781253.1	A
anno1.g9063.t1	A	rna-XM_056781223.1	A
anno1.g9064.t1	A	rna-XM_056774078.1	A
anno1.g9065.t2	A	rna-XM_056774100.1	A
anno1.g9066.t3	A	rna-XM_056778326.1	A
anno1.g9067.t2	A	rna-XM_056787760.1	A
anno1.g9069.t1	A	rna-XM_056788318.1	A
anno1.g9070.t3	A	rna-XM_056782628.1	A
anno1.g9071.t1	A	rna-XM_056790668.1	X
anno1.g9072.t1	A	rna-XM_056786758.1	A
anno1.g9073.t3	A	rna-XM_056790252.1	X
anno1.g9075.t2	A	rna-XM_056784430.1	A
anno1.g9077.t1	A	rna-XM_056784431.1	A
anno1.g9078.t1	A	rna-XM_056784890.1	A
anno1.g9079.t1	A	rna-XM_056784938.1	A
anno1.g9080.t1	A	rna-XM_056783870.1	A
anno1.g9081.t1	A	rna-XM_056783835.1	A
anno1.g9082.t1	A	rna-XM_056783887.1	A
anno1.g9087.t1	A	rna-XM_056784127.1	A
anno1.g9089.t1	A	rna-XM_056780729.1	A
anno1.g9091.t1	A	rna-XM_056777367.1	A
anno1.g9092.t3	A	rna-XM_056777560.1	A
anno1.g9093.t1	A	rna-XM_056777026.1	A
anno1.g9094.t1	A	rna-XM_056783357.1	A
anno1.g9095.t1	A	rna-XM_056786988.1	A
anno1.g9096.t1	A	rna-XM_056781912.1	A
anno1.g9097.t1	A	rna-XM_056780084.1	A
anno1.g9099.t1	A	rna-XM_056791038.1	X
anno1.g9100.t1	A	rna-XM_056784776.1	A
anno1.g9101.t1	A	rna-XM_056778287.1	A
anno1.g9102.t1	A	rna-XM_056782285.1	A
anno1.g9104.t2	A	rna-XM_056790764.1	X
anno1.g9107.t1	A	rna-XM_056782711.1	A
anno1.g8918.t3	A	rna-XM_056780154.1	A
anno1.g8922.t1	A	rna-XM_056785970.1	A
anno1.g8923.t1	A	rna-XM_056786319.1	A
anno1.g8925.t4	A	rna-XM_056786313.1	A
anno1.g8926.t1	A	rna-XM_056777053.1	A
anno1.g8927.t1	A	rna-XM_056777056.1	A
anno1.g8928.t1	A	rna-XM_056777259.1	A
anno1.g8929.t1	A	rna-XM_056785571.1	A
anno1.g8930.t1	A	rna-XM_056791320.1	Y
anno1.g8931.t1	A	rna-XM_056785730.1	A
anno1.g8932.t1	A	rna-XM_056785727.1	A
anno1.g8935.t1	A	rna-XM_056785726.1	A
anno1.g8936.t1	A	rna-XM_056785724.1	A
anno1.g8938.t1	A	rna-XM_056789304.1	A
anno1.g8942.t1	A	rna-XM_056787675.1	A
anno1.g8943.t1	A	rna-XM_056791053.1	X
anno1.g8944.t2	A	rna-XM_056790349.1	X
anno1.g8946.t1	A	rna-XM_056785734.1	A
anno1.g8947.t1	A	rna-XM_056791048.1	X
anno1.g8948.t1	A	rna-XM_056777376.1	A
anno1.g8950.t1	A	rna-XM_056774301.1	A
anno1.g8951.t1	A	rna-XM_056780438.1	A
anno1.g8952.t2	A	rna-XM_056776553.1	A
anno1.g8954.t1	A	rna-XM_056776615.1	A
anno1.g8958.t1	A	rna-XM_056776573.1	A
anno1.g8959.t1	A	rna-XM_056776572.1	A
anno1.g8960.t1	A	rna-XM_056786451.1	A
anno1.g8961.t1	A	rna-XM_056786286.1	A
anno1.g1426.t2	A	rna-XM_056778567.1	A
anno1.g1427.t1	A	rna-XM_056778749.1	A
anno1.g8912.t1	A	rna-XM_056778789.1	A
anno1.g8913.t1	A	rna-XM_056782627.1	A
anno1.g8914.t1	A	rna-XM_056782130.1	A
anno1.g8915.t1	A	rna-XM_056788978.1	A
anno1.g8916.t1	A	rna-XM_056788974.1	A
anno1.g8917.t1	A	rna-XM_056774899.1	A
anno1.g8900.t1	A	rna-XM_056779652.1	A
anno1.g8901.t1	A	rna-XM_056773887.1	A
anno1.g8902.t1	A	rna-XM_056779528.1	A
anno1.g8903.t1	A	rna-XM_056774740.1	A
anno1.g8905.t4	A	rna-XM_056776165.1	A
anno1.g8906.t1	A	rna-XM_056784378.1	A
anno1.g1422.t1	A	rna-XM_056777060.1	A
anno1.g1424.t1	A	rna-XM_056784363.1	A
anno1.g8890.t1	A	rna-XM_056778335.1	A
anno1.g8891.t1	A	rna-XM_056781865.1	A
anno1.g8892.t1	A	rna-XM_056780256.1	A
anno1.g8893.t1	A	rna-XM_056788647.1	A
anno1.g8894.t1	A	rna-XM_056788644.1	A
anno1.g8896.t1	A	rna-XM_056788081.1	A
anno1.g8897.t3	A	rna-XM_056788079.1	A
anno1.g8898.t1	A	rna-XM_056788085.1	A
anno1.g8899.t1	A	rna-XM_056787680.1	A
anno1.g8889.t6	A	rna-XM_056774237.1	A
anno1.g1351.t1	A	rna-XM_056786963.1	A
anno1.g1353.t1	A	rna-XM_056787699.1	A
anno1.g1359.t1	A	rna-XM_056782417.1	A
anno1.g1361.t1	A	rna-XM_056776673.1	A
anno1.g1362.t1	A	rna-XM_056777573.1	A
anno1.g1364.t1	A	rna-XM_056782722.1	A
anno1.g1365.t1	A	rna-XM_056782885.1	A
anno1.g1368.t1	A	rna-XM_056773882.1	A
anno1.g1369.t1	A	rna-XM_056779107.1	A
anno1.g1370.t2	A	rna-XM_056782207.1	A
anno1.g1371.t2	A	rna-XM_056778857.1	A
anno1.g1373.t1	A	rna-XM_056776640.1	A
anno1.g1374.t1	A	rna-XM_056785754.1	A
anno1.g1375.t1	A	rna-XM_056784595.1	A
anno1.g1376.t1	A	rna-XM_056791471.1	A
anno1.g1377.t1	A	rna-XM_056792544.1	A
anno1.g1378.t1	A	rna-XM_056774162.1	A
anno1.g1381.t1	A	rna-XM_056784518.1	A
anno1.g1382.t1	A	rna-XM_056779217.1	A
anno1.g1383.t1	A	rna-XM_056779216.1	A
anno1.g1385.t1	A	rna-XM_056793165.1	A
anno1.g1386.t1	A	rna-XM_056793160.1	A
anno1.g1387.t1	A	rna-XM_056788302.1	A
anno1.g1388.t1	A	rna-XM_056788303.1	A
anno1.g1389.t1	A	rna-XM_056784044.1	A
anno1.g1392.t1	A	rna-XM_056789820.1	X
anno1.g1393.t1	A	rna-XM_056780908.1	A
anno1.g1397.t1	A	rna-XM_056776896.1	A
anno1.g1398.t1	A	rna-XM_056778183.1	A
anno1.g1399.t1	A	rna-XM_056778247.1	A
anno1.g1400.t1	A	rna-XM_056778198.1	A
anno1.g1403.t1	A	rna-XM_056778180.1	A
anno1.g1404.t2	A	rna-XM_056778188.1	A
anno1.g1405.t1	A	rna-XM_056778195.1	A
anno1.g1406.t1	A	rna-XM_056778192.1	A
anno1.g1407.t2	A	rna-XM_056778207.1	A
anno1.g1408.t1	A	rna-XM_056780414.1	A
anno1.g1410.t1	A	rna-XM_056777348.1	A
anno1.g1411.t1	A	rna-XM_056784368.1	A
anno1.g1412.t1	A	rna-XM_056778333.1	A
anno1.g1413.t1	A	rna-XM_056791404.1	A
anno1.g1414.t1	A	rna-XM_056777089.1	A
anno1.g1415.t1	A	rna-XM_056778176.1	A
anno1.g1416.t1	A	rna-XM_056776860.1	A
anno1.g1417.t1	A	rna-XM_056777045.1	A
anno1.g1418.t1	A	rna-XM_056777268.1	A
anno1.g1421.t1	A	rna-XM_056777374.1	A
anno1.g8888.t1	A	rna-XM_056788583.1	A
anno1.g8881.t2	A	rna-XM_056787086.1	A
anno1.g8867.t1	A	rna-XM_056787443.1	A
anno1.g8875.t1	A	rna-XM_056781072.1	A
anno1.g8876.t2	A	rna-XM_056781885.1	A
anno1.g8877.t1	A	rna-XM_056781990.1	A
anno1.g8878.t1	A	rna-XM_056781988.1	A
anno1.g8879.t1	A	rna-XM_056781987.1	A
anno1.g8858.t1	A	rna-XM_056775806.1	A
anno1.g8863.t4	A	rna-XM_056774542.1	A
anno1.g8864.t1	A	rna-XM_056774564.1	A
anno1.g8831.t1	A	rna-XM_056783043.1	A
anno1.g8832.t1	A	rna-XM_056780827.1	A
anno1.g8833.t1	A	rna-XM_056781815.1	A
anno1.g8836.t2	A	rna-XM_056784256.1	A
anno1.g8837.t2	A	rna-XM_056774877.1	A
anno1.g8838.t1	A	rna-XM_056780812.1	A
anno1.g8839.t1	A	rna-XM_056784255.1	A
anno1.g8840.t3	A	rna-XM_056784229.1	A
anno1.g8842.t2	A	rna-XM_056783430.1	A
anno1.g8846.t2	A	rna-XM_056783429.1	A
anno1.g8847.t1	A	rna-XM_056783428.1	A
anno1.g8849.t1	A	rna-XM_056777294.1	A
anno1.g8850.t1	A	rna-XM_056777308.1	A
anno1.g8851.t2	A	rna-XM_056777205.1	A
anno1.g8852.t1	A	rna-XM_056778260.1	A
anno1.g8853.t1	A	rna-XM_056785218.1	A
anno1.g8854.t1	A	rna-XM_056785217.1	A
anno1.g8855.t1	A	rna-XM_056787072.1	A
anno1.g8856.t1	A	rna-XM_056776527.1	A
anno1.g8857.t1	A	rna-XM_056777478.1	A
anno1.g8822.t1	A	rna-XM_056778125.1	A
anno1.g8823.t1	A	rna-XM_056786144.1	A
anno1.g8824.t1	A	rna-XM_056793217.1	A
anno1.g8825.t2	A	rna-XM_056791986.1	A
anno1.g8826.t1	A	rna-XM_056778518.1	A
anno1.g8828.t1	A	rna-XM_056778520.1	A
anno1.g8829.t1	A	rna-XM_056779101.1	A
anno1.g8813.t1	A	rna-XM_056790670.1	X
anno1.g8816.t1	A	rna-XM_056783186.1	A
anno1.g8819.t1	A	rna-XM_056787265.1	A
anno1.g8821.t1	A	rna-XM_056783309.1	A
anno1.g8797.t1	A	rna-XM_056778626.1	A
anno1.g8799.t1	A	rna-XM_056785905.1	A
anno1.g8801.t1	A	rna-XM_056779402.1	A
anno1.g8802.t1	A	rna-XM_056793135.1	A
anno1.g8803.t1	A	rna-XM_056789708.1	X
anno1.g8804.t1	A	rna-XM_056791233.1	X
anno1.g8806.t1	A	rna-XM_056789037.1	X
anno1.g8807.t1	A	rna-XM_056789033.1	X
anno1.g8808.t3	A	rna-XM_056789027.1	X
anno1.g8809.t1	A	rna-XM_056785018.1	A
anno1.g8810.t1	A	rna-XM_056775145.1	A
anno1.g8779.t1	A	rna-XM_056790824.1	X
anno1.g8780.t1	A	rna-XM_056784994.1	A
anno1.g8781.t3	A	rna-XM_056784995.1	A
anno1.g8783.t1	A	rna-XM_056784886.1	A
anno1.g8786.t1	A	rna-XM_056787722.1	A
anno1.g8787.t2	A	rna-XM_056787723.1	A
anno1.g8789.t1	A	rna-XM_056776096.1	A
anno1.g8790.t1	A	rna-XM_056787005.1	A
anno1.g8794.t1	A	rna-XM_056775344.1	A
anno1.g8795.t1	A	rna-XM_056784252.1	A
anno1.g1325.t1	A	rna-XM_056783519.1	A
anno1.g1326.t1	A	rna-XM_056783518.1	A
anno1.g1328.t1	A	rna-XM_056782740.1	A
anno1.g1329.t2	A	rna-XM_056782486.1	A
anno1.g1331.t1	A	rna-XM_056782603.1	A
anno1.g1332.t1	A	rna-XM_056783248.1	A
anno1.g1333.t1	A	rna-XM_056782656.1	A
anno1.g1338.t1	A	rna-XM_056781563.1	A
anno1.g1341.t1	A	rna-XM_056782168.1	A
anno1.g1343.t1	A	rna-XM_056789738.1	X
anno1.g1344.t1	A	rna-XM_056775031.1	A
anno1.g1345.t2	A	rna-XM_056775016.1	A
anno1.g1347.t1	A	rna-XM_056775228.1	A
anno1.g8775.t1	A	rna-XM_056789788.1	A
anno1.g8776.t1	A	rna-XM_056789831.1	A
anno1.g8778.t1	A	rna-XM_056787645.1	A
anno1.g1322.t1	A	rna-XM_056788768.1	A
anno1.g8770.t2	A	rna-XM_056786782.1	A
anno1.g8771.t1	A	rna-XM_056786776.1	A
anno1.g8772.t3	A	rna-XM_056785178.1	A
anno1.g8773.t1	A	rna-XM_056775949.1	A
anno1.g8760.t2	A	rna-XM_056788980.1	A
anno1.g8761.t1	A	rna-XM_056786675.1	A
anno1.g8762.t1	A	rna-XM_056786674.1	A
anno1.g8763.t1	A	rna-XM_056786411.1	A
anno1.g8764.t1	A	rna-XM_056786230.1	A
anno1.g8765.t2	A	rna-XM_056786676.1	A
anno1.g8769.t1	A	rna-XM_056779603.1	A
anno1.g8695.t1	A	rna-XM_056778110.1	A
anno1.g8696.t2	A	rna-XM_056787424.1	A
anno1.g8697.t2	A	rna-XM_056787420.1	A
anno1.g8698.t1	A	rna-XM_056787418.1	A
anno1.g8699.t1	A	rna-XM_056787416.1	A
anno1.g8700.t1	A	rna-XM_056787413.1	A
anno1.g8701.t3	A	rna-XM_056775749.1	A
anno1.g8702.t2	A	rna-XM_056775748.1	A
anno1.g8703.t2	A	rna-XM_056790892.1	X
anno1.g8704.t1	A	rna-XM_056774590.1	A
anno1.g8705.t1	A	rna-XM_056784663.1	A
anno1.g8709.t1	A	rna-XM_056779458.1	A
anno1.g8710.t1	A	rna-XM_056785758.1	A
anno1.g8711.t1	A	rna-XM_056785348.1	A
anno1.g8712.t1	A	rna-XM_056785344.1	A
anno1.g8713.t1	A	rna-XM_056785750.1	A
anno1.g8714.t1	A	rna-XM_056785171.1	A
anno1.g8715.t1	A	rna-XM_056785172.1	A
anno1.g8716.t2	A	rna-XM_056781631.1	A
anno1.g8717.t1	A	rna-XM_056791607.1	A
anno1.g8718.t2	A	rna-XM_056775611.1	A
anno1.g8719.t1	A	rna-XM_056773985.1	A
anno1.g8720.t2	A	rna-XM_056783028.1	A
anno1.g8721.t1	A	rna-XM_056788613.1	A
anno1.g8722.t1	A	rna-XM_056774064.1	A
anno1.g8723.t1	A	rna-XM_056774226.1	A
anno1.g8724.t1	A	rna-XM_056774224.1	A
anno1.g8725.t1	A	rna-XM_056773751.1	A
anno1.g8726.t1	A	rna-XM_056773549.1	A
anno1.g8728.t1	A	rna-XM_056784129.1	A
anno1.g8729.t1	A	rna-XM_056784158.1	A
anno1.g8730.t1	A	rna-XM_056784781.1	A
anno1.g8731.t1	A	rna-XM_056784150.1	A
anno1.g8732.t1	A	rna-XM_056783914.1	A
anno1.g8733.t1	A	rna-XM_056784152.1	A
anno1.g8734.t1	A	rna-XM_056788736.1	A
anno1.g8736.t1	A	rna-XM_056781324.1	A
anno1.g8737.t1	A	rna-XM_056784306.1	A
anno1.g8738.t2	A	rna-XM_056785320.1	A
anno1.g8739.t1	A	rna-XM_056783655.1	A
anno1.g8740.t1	A	rna-XM_056783652.1	A
anno1.g8742.t1	A	rna-XM_056783653.1	A
anno1.g8743.t1	A	rna-XM_056783654.1	A
anno1.g8744.t1	A	rna-XM_056783829.1	A
anno1.g8745.t1	A	rna-XM_056790122.1	X
anno1.g8746.t1	A	rna-XM_056779250.1	A
anno1.g8749.t1	A	rna-XM_056773867.1	A
anno1.g8750.t2	A	rna-XM_056792037.1	A
anno1.g8751.t1	A	rna-XM_056792038.1	A
anno1.g8752.t1	A	rna-XM_056792555.1	A
anno1.g8753.t1	A	rna-XM_056792557.1	A
anno1.g8754.t1	A	rna-XM_056779890.1	A
anno1.g8755.t1	A	rna-XM_056779251.1	A
anno1.g8756.t1	A	rna-XM_056786896.1	A
anno1.g8757.t1	A	rna-XM_056786895.1	A
anno1.g1318.t1	A	rna-XM_056776163.1	A
anno1.g1319.t1	A	rna-XM_056789685.1	A
anno1.g1320.t1	A	rna-XM_056792005.1	A
anno1.g8680.t1	A	rna-XM_056783794.1	A
anno1.g8682.t1	A	rna-XM_056781569.1	A
anno1.g8683.t1	A	rna-XM_056780966.1	A
anno1.g8684.t2	A	rna-XM_056780511.1	A
anno1.g8685.t1	A	rna-XM_056781595.1	A
anno1.g8686.t1	A	rna-XM_056781596.1	A
anno1.g8687.t1	A	rna-XM_056781602.1	A
anno1.g8689.t1	A	rna-XM_056777898.1	A
anno1.g8690.t1	A	rna-XM_056776994.1	A
anno1.g8691.t1	A	rna-XM_056774270.1	A
anno1.g8692.t1	A	rna-XM_056777798.1	A
anno1.g8656.t1	A	rna-XM_056792896.1	A
anno1.g8657.t1	A	rna-XM_056791424.1	A
anno1.g8658.t1	A	rna-XM_056791430.1	A
anno1.g8659.t1	A	rna-XM_056780351.1	A
anno1.g8661.t2	A	rna-XM_056782069.1	A
anno1.g8662.t1	A	rna-XM_056782078.1	A
anno1.g8663.t1	A	rna-XM_056782079.1	A
anno1.g8664.t1	A	rna-XM_056782080.1	A
anno1.g8665.t1	A	rna-XM_056781961.1	A
anno1.g8666.t1	A	rna-XM_056781964.1	A
anno1.g8667.t1	A	rna-XM_056788199.1	A
anno1.g8669.t1	A	rna-XM_056780081.1	A
anno1.g8670.t1	A	rna-XM_056777192.1	A
anno1.g8671.t1	A	rna-XM_056788296.1	A
anno1.g8672.t3	A	rna-XM_056774897.1	A
anno1.g8673.t1	A	rna-XM_056775183.1	A
anno1.g8678.t2	A	rna-XM_056774746.1	A
anno1.g8640.t2	X	rna-XM_056792517.1	A
anno1.g8641.t1	X	rna-XM_056789723.1	X
anno1.g8642.t1	X	rna-XM_056789397.1	X
anno1.g8643.t1	X	rna-XM_056790342.1	X
anno1.g8644.t1	X	rna-XM_056775919.1	A
anno1.g8645.t1	X	rna-XM_056774088.1	A
anno1.g8646.t1	X	rna-XM_056792117.1	A
anno1.g8647.t1	X	rna-XM_056790474.1	X
anno1.g8649.t1	X	rna-XM_056789942.1	X
anno1.g8650.t1	X	rna-XM_056789768.1	X
anno1.g8651.t1	X	rna-XM_056790316.1	X
anno1.g1317.t2	A	rna-XM_056782300.1	A
anno1.g8632.t2	A	rna-XM_056781168.1	A
anno1.g8633.t1	A	rna-XM_056781169.1	A
anno1.g8634.t1	A	rna-XM_056781741.1	A
anno1.g8636.t2	A	rna-XM_056785078.1	A
anno1.g1315.t1	A	rna-XM_056788685.1	A
anno1.g1294.t1	A	rna-XM_056789157.1	X
anno1.g1297.t1	A	rna-XM_056779825.1	A
anno1.g1298.t1	A	rna-XM_056786245.1	A
anno1.g1299.t1	A	rna-XM_056781619.1	A
anno1.g1301.t1	A	rna-XM_056775187.1	A
anno1.g1302.t1	A	rna-XM_056775188.1	A
anno1.g1303.t1	A	rna-XM_056788108.1	A
anno1.g1304.t1	A	rna-XM_056783431.1	A
anno1.g1305.t3	A	rna-XM_056783597.1	A
anno1.g1307.t1	A	rna-XM_056776785.1	A
anno1.g1308.t1	A	rna-XM_056776788.1	A
anno1.g1309.t1	A	rna-XM_056776805.1	A
anno1.g1310.t2	A	rna-XM_056776799.1	A
anno1.g1311.t1	A	rna-XM_056778065.1	A
anno1.g1312.t1	A	rna-XM_056778066.1	A
anno1.g1313.t1	A	rna-XM_056781981.1	A
anno1.g8629.t1	A	rna-XM_056787836.1	A
anno1.g8615.t1	A	rna-XM_056773960.1	A
anno1.g8616.t2	A	rna-XM_056785931.1	A
anno1.g8618.t1	A	rna-XM_056792294.1	A
anno1.g8619.t1	A	rna-XM_056792509.1	A
anno1.g8620.t1	A	rna-XM_056792817.1	A
anno1.g8624.t1	A	rna-XM_056786533.1	A
anno1.g8625.t1	A	rna-XM_056782540.1	A
anno1.g8626.t1	A	rna-XM_056782541.1	A
anno1.g8585.t1	A	rna-XM_056781099.1	A
anno1.g8589.t1	A	rna-XM_056774505.1	A
anno1.g8591.t1	A	rna-XM_056774488.1	A
anno1.g8592.t1	A	rna-XM_056789992.1	X
anno1.g8593.t1	A	rna-XM_056782365.1	A
anno1.g8594.t1	A	rna-XM_056784520.1	A
anno1.g8595.t1	A	rna-XM_056787768.1	A
anno1.g8596.t1	A	rna-XM_056780901.1	A
anno1.g8597.t1	A	rna-XM_056783401.1	A
anno1.g8601.t2	A	rna-XM_056778422.1	A
anno1.g8602.t2	A	rna-XM_056779579.1	A
anno1.g8604.t1	A	rna-XM_056774828.1	A
anno1.g8610.t1	A	rna-XM_056790500.1	X
anno1.g8611.t1	A	rna-XM_056789041.1	X
anno1.g8612.t1	A	rna-XM_056790499.1	X
anno1.g8613.t1	A	rna-XM_056789043.1	X
anno1.g8614.t1	A	rna-XM_056789517.1	X
anno1.g8547.t1	A	rna-XM_056781693.1	A
anno1.g8548.t1	A	rna-XM_056786054.1	A
anno1.g8550.t1	A	rna-XM_056785402.1	A
anno1.g8551.t1	A	rna-XM_056792745.1	A
anno1.g8553.t1	A	rna-XM_056786177.1	A
anno1.g8554.t1	A	rna-XM_056786450.1	A
anno1.g8555.t1	A	rna-XM_056787898.1	A
anno1.g8557.t1	A	rna-XM_056779059.1	A
anno1.g8558.t1	A	rna-XM_056779072.1	A
anno1.g8559.t1	A	rna-XM_056791883.1	A
anno1.g8560.t1	A	rna-XM_056780872.1	A
anno1.g8561.t2	A	rna-XM_056780306.1	A
anno1.g8562.t1	A	rna-XM_056786318.1	A
anno1.g8563.t1	A	rna-XM_056777453.1	A
anno1.g8564.t1	A	rna-XM_056777290.1	A
anno1.g8565.t1	A	rna-XM_056776600.1	A
anno1.g8566.t1	A	rna-XM_056776874.1	A
anno1.g8569.t2	A	rna-XM_056776876.1	A
anno1.g8571.t1	A	rna-XM_056779725.1	A
anno1.g8574.t1	A	rna-XM_056787277.1	A
anno1.g8575.t2	A	rna-XM_056787850.1	A
anno1.g8576.t1	A	rna-XM_056780287.1	A
anno1.g8577.t1	A	rna-XM_056787832.1	A
anno1.g8578.t1	A	rna-XM_056779018.1	A
anno1.g8580.t1	A	rna-XM_056786766.1	A
anno1.g8582.t1	A	rna-XM_056777322.1	A
anno1.g8523.t1	A	rna-XM_056775556.1	A
anno1.g8526.t1	A	rna-XM_056782671.1	A
anno1.g8527.t1	A	rna-XM_056782773.1	A
anno1.g8528.t1	A	rna-XM_056782784.1	A
anno1.g8529.t1	A	rna-XM_056782783.1	A
anno1.g8530.t1	A	rna-XM_056782978.1	A
anno1.g8532.t1	A	rna-XM_056779050.1	A
anno1.g8533.t1	A	rna-XM_056774348.1	A
anno1.g8534.t1	A	rna-XM_056780538.1	A
anno1.g8535.t1	A	rna-XM_056785321.1	A
anno1.g8536.t1	A	rna-XM_056783830.1	A
anno1.g8537.t1	A	rna-XM_056785295.1	A
anno1.g8538.t1	A	rna-XM_056785298.1	A
anno1.g8539.t1	A	rna-XM_056782674.1	A
anno1.g8540.t1	A	rna-XM_056786231.1	A
anno1.g8509.t1	A	rna-XM_056779310.1	A
anno1.g8511.t1	A	rna-XM_056779311.1	A
anno1.g8512.t1	A	rna-XM_056778674.1	A
anno1.g8513.t2	A	rna-XM_056792515.1	A
anno1.g8514.t1	A	rna-XM_056793014.1	A
anno1.g8515.t1	A	rna-XM_056777102.1	A
anno1.g8516.t2	A	rna-XM_056780211.1	A
anno1.g8517.t2	A	rna-XM_056791874.1	A
anno1.g8518.t2	A	rna-XM_056782110.1	A
anno1.g8519.t1	A	rna-XM_056790798.1	A
anno1.g8521.t1	A	rna-XM_056783105.1	A
anno1.g8508.t1	A	rna-XM_056774868.1	A
anno1.g1291.t1	A	rna-XM_056779551.1	A
anno1.g8504.t2	A	rna-XM_056778893.1	A
anno1.g8505.t1	A	rna-XM_056778895.1	A
anno1.g1273.t1	X	rna-XM_056783288.1	A
anno1.g1274.t2	X	rna-XM_056790151.1	X
anno1.g1276.t1	X	rna-XM_056789865.1	X
anno1.g1279.t1	X	rna-XM_056789653.1	X
anno1.g1282.t1	X	rna-XM_056790526.1	X
anno1.g1283.t2	X	rna-XM_056789689.1	X
anno1.g1284.t1	X	rna-XM_056789859.1	X
anno1.g1285.t2	X	rna-XM_056790306.1	X
anno1.g1286.t1	X	rna-XM_056791107.1	X
anno1.g1287.t3	X	rna-XM_056789385.1	X
anno1.g1288.t1	X	rna-XM_056790366.1	X
anno1.g1289.t1	X	rna-XM_056789129.1	X
anno1.g1290.t1	X	rna-XM_056790068.1	X
anno1.g8498.t1	A	rna-XM_056781728.1	A
anno1.g1269.t1	A	rna-XM_056778925.1	A
anno1.g8495.t2	X	rna-XM_056789267.1	X
anno1.g8490.t1	A	rna-XM_056779480.1	A
anno1.g8492.t1	A	rna-XM_056778829.1	A
anno1.g8493.t3	A	rna-XM_056784569.1	A
anno1.g8494.t1	A	rna-XM_056780834.1	A
anno1.g8483.t1	A	rna-XM_056789939.1	X
anno1.g8484.t2	A	rna-XM_056791878.1	A
anno1.g1262.t1	A	rna-XM_056789585.1	X
anno1.g1263.t1	A	rna-XM_056789412.1	X
anno1.g1264.t1	A	rna-XM_056791154.1	X
anno1.g8434.t1	A	rna-XM_056781151.1	A
anno1.g8435.t2	A	rna-XM_056783025.1	A
anno1.g8436.t1	A	rna-XM_056783237.1	A
anno1.g8438.t1	A	rna-XM_056783325.1	A
anno1.g8440.t1	A	rna-XM_056783228.1	A
anno1.g8443.t1	A	rna-XM_056787581.1	A
anno1.g8447.t1	A	rna-XM_056788994.1	A
anno1.g8448.t1	A	rna-XM_056788954.1	A
anno1.g8449.t1	A	rna-XM_056788877.1	A
anno1.g8452.t1	A	rna-XM_056776977.1	A
anno1.g8454.t1	A	rna-XM_056776733.1	A
anno1.g8455.t1	A	rna-XM_056792622.1	A
anno1.g8456.t1	A	rna-XM_056774753.1	A
anno1.g8457.t1	A	rna-XM_056776098.1	A
anno1.g8458.t1	A	rna-XM_056774349.1	A
anno1.g8460.t2	A	rna-XM_056786642.1	A
anno1.g8461.t1	A	rna-XM_056786580.1	A
anno1.g8462.t1	A	rna-XM_056786568.1	A
anno1.g8463.t1	A	rna-XM_056786573.1	A
anno1.g8464.t1	A	rna-XM_056786577.1	A
anno1.g8465.t5	A	rna-XM_056786717.1	A
anno1.g8466.t2	A	rna-XM_056786718.1	A
anno1.g8468.t1	A	rna-XM_056781821.1	A
anno1.g8470.t2	A	rna-XM_056777956.1	A
anno1.g8472.t1	A	rna-XM_056791503.1	A
anno1.g8473.t1	A	rna-XM_056790234.1	A
anno1.g8478.t1	A	rna-XM_056790221.1	A
anno1.g8479.t1	A	rna-XM_056780637.1	A
anno1.g8482.t1	A	rna-XM_056790126.1	A
anno1.g8424.t1	A	rna-XM_056785837.1	A
anno1.g8425.t1	A	rna-XM_056785987.1	A
anno1.g8426.t1	A	rna-XM_056786410.1	A
anno1.g8427.t1	A	rna-XM_056777757.1	A
anno1.g8429.t1	A	rna-XM_056777758.1	A
anno1.g8430.t1	A	rna-XM_056777759.1	A
anno1.g8431.t1	A	rna-XM_056777823.1	A
anno1.g8432.t1	A	rna-XM_056777918.1	A
anno1.g8412.t1	A	rna-XM_056786232.1	A
anno1.g8413.t2	A	rna-XM_056787117.1	A
anno1.g8414.t2	A	rna-XM_056787105.1	A
anno1.g8415.t1	A	rna-XM_056787175.1	A
anno1.g8416.t1	A	rna-XM_056789730.1	X
anno1.g8417.t1	A	rna-XM_056792537.1	A
anno1.g8418.t1	A	rna-XM_056793031.1	A
anno1.g8420.t1	A	rna-XM_056779763.1	A
anno1.g8421.t2	A	rna-XM_056785063.1	A
anno1.g8422.t1	A	rna-XM_056775277.1	A
anno1.g8423.t2	A	rna-XM_056774434.1	A
anno1.g1259.t1	A	rna-XM_056789739.1	A
anno1.g8398.t1	A	rna-XM_056788618.1	A
anno1.g8399.t1	A	rna-XM_056786163.1	A
anno1.g8408.t1	A	rna-XM_056781731.1	A
anno1.g8388.t1	A	rna-XM_056774922.1	A
anno1.g8389.t1	A	rna-XM_056775978.1	A
anno1.g8392.t1	A	rna-XM_056775986.1	A
anno1.g8393.t1	A	rna-XM_056775982.1	A
anno1.g8394.t1	A	rna-XM_056790439.1	X
anno1.g8395.t1	A	rna-XM_056790920.1	X
anno1.g1212.t1	A	rna-XM_056776507.1	A
anno1.g1214.t1	A	rna-XM_056776982.1	A
anno1.g1217.t1	A	rna-XM_056776749.1	A
anno1.g1218.t1	A	rna-XM_056780358.1	A
anno1.g1219.t1	A	rna-XM_056785462.1	A
anno1.g1220.t2	A	rna-XM_056780890.1	A
anno1.g1221.t1	A	rna-XM_056780992.1	A
anno1.g1222.t1	A	rna-XM_056780353.1	A
anno1.g1224.t1	A	rna-XM_056779847.1	A
anno1.g1225.t1	A	rna-XM_056777070.1	A
anno1.g1226.t1	A	rna-XM_056777381.1	A
anno1.g1228.t1	A	rna-XM_056777382.1	A
anno1.g1229.t1	A	rna-XM_056777383.1	A
anno1.g1231.t1	A	rna-XM_056777385.1	A
anno1.g1232.t1	A	rna-XM_056776482.1	A
anno1.g1233.t1	A	rna-XM_056788876.1	A
anno1.g1236.t1	A	rna-XM_056787566.1	A
anno1.g1237.t1	A	rna-XM_056781680.1	A
anno1.g1240.t1	A	rna-XM_056781690.1	A
anno1.g1241.t1	A	rna-XM_056776402.1	A
anno1.g1242.t1	A	rna-XM_056776403.1	A
anno1.g1243.t1	A	rna-XM_056775937.1	A
anno1.g1244.t1	A	rna-XM_056781819.1	A
anno1.g1245.t1	A	rna-XM_056781822.1	A
anno1.g1246.t2	A	rna-XM_056775938.1	A
anno1.g1247.t1	A	rna-XM_056782887.1	A
anno1.g1248.t1	A	rna-XM_056783414.1	A
anno1.g1249.t1	A	rna-XM_056792370.1	A
anno1.g1250.t1	A	rna-XM_056777869.1	A
anno1.g1251.t1	A	rna-XM_056786077.1	A
anno1.g1253.t1	A	rna-XM_056786809.1	A
anno1.g1254.t1	A	rna-XM_056786096.1	A
anno1.g1256.t1	A	rna-XM_056786810.1	A
anno1.g1257.t1	A	rna-XM_056786812.1	A
anno1.g1258.t2	A	rna-XM_056786814.1	A
anno1.g8367.t1	A	rna-XM_056782083.1	A
anno1.g8369.t1	A	rna-XM_056783281.1	A
anno1.g8370.t1	A	rna-XM_056790333.1	X
anno1.g8373.t1	A	rna-XM_056776582.1	A
anno1.g8374.t1	A	rna-XM_056784004.1	A
anno1.g8375.t1	A	rna-XM_056774227.1	A
anno1.g8376.t1	A	rna-XM_056784008.1	A
anno1.g8377.t1	A	rna-XM_056784868.1	A
anno1.g8378.t1	A	rna-XM_056792905.1	A
anno1.g8379.t1	A	rna-XM_056774092.1	A
anno1.g8381.t1	A	rna-XM_056779818.1	A
anno1.g8383.t1	A	rna-XM_056780647.1	A
anno1.g8384.t1	A	rna-XM_056779563.1	A
anno1.g8357.t1	A	rna-XM_056780073.1	A
anno1.g8359.t1	A	rna-XM_056776133.1	A
anno1.g8361.t1	A	rna-XM_056775579.1	A
anno1.g1210.t1	A	rna-XM_056774741.1	A
anno1.g8313.t1	A	rna-XM_056775661.1	A
anno1.g8314.t1	A	rna-XM_056774854.1	A
anno1.g8315.t1	A	rna-XM_056775678.1	A
anno1.g8317.t1	A	rna-XM_056780978.1	A
anno1.g8318.t1	A	rna-XM_056781316.1	A
anno1.g8319.t3	A	rna-XM_056781517.1	A
anno1.g8320.t1	A	rna-XM_056780096.1	A
anno1.g8321.t1	A	rna-XM_056781948.1	A
anno1.g8323.t1	A	rna-XM_056781946.1	A
anno1.g8324.t1	A	rna-XM_056782968.1	A
anno1.g8325.t1	A	rna-XM_056783134.1	A
anno1.g8326.t1	A	rna-XM_056782326.1	A
anno1.g8330.t1	A	rna-XM_056782944.1	A
anno1.g8331.t2	A	rna-XM_056782946.1	A
anno1.g8334.t1	A	rna-XM_056783575.1	A
anno1.g8337.t1	A	rna-XM_056781115.1	A
anno1.g8339.t1	A	rna-XM_056790332.1	X
anno1.g8340.t1	A	rna-XM_056775094.1	A
anno1.g8345.t2	A	rna-XM_056783583.1	A
anno1.g8346.t1	A	rna-XM_056783622.1	A
anno1.g8347.t1	A	rna-XM_056783760.1	A
anno1.g8348.t1	A	rna-XM_056782621.1	A
anno1.g8349.t1	A	rna-XM_056775558.1	A
anno1.g8351.t1	A	rna-XM_056775397.1	A
anno1.g8352.t1	A	rna-XM_056776151.1	A
anno1.g8353.t1	A	rna-XM_056774536.1	A
anno1.g8354.t1	A	rna-XM_056775559.1	A
anno1.g8355.t1	A	rna-XM_056776154.1	A
anno1.g8356.t1	A	rna-XM_056776239.1	A
anno1.g8310.t3	A	rna-XM_056778985.1	A
anno1.g8312.t1	A	rna-XM_056778819.1	A
anno1.g1206.t1	A	rna-XM_056779951.1	A
anno1.g8307.t1	A	rna-XM_056793071.1	A
anno1.g8296.t1	A	rna-XM_056788468.1	A
anno1.g8297.t1	A	rna-XM_056790490.1	X
anno1.g8298.t1	A	rna-XM_056790498.1	X
anno1.g8299.t1	A	rna-XM_056789355.1	X
anno1.g8300.t2	A	rna-XM_056790863.1	X
anno1.g8301.t2	A	rna-XM_056790864.1	X
anno1.g8302.t1	A	rna-XM_056790773.1	X
anno1.g8303.t1	A	rna-XM_056788269.1	A
anno1.g8304.t2	A	rna-XM_056790487.1	X
anno1.g8305.t1	A	rna-XM_056790484.1	X
anno1.g8289.t2	A	rna-XM_056775011.1	A
anno1.g8290.t1	A	rna-XM_056776066.1	A
anno1.g8292.t1	A	rna-XM_056784362.1	A
anno1.g8270.t1	A	rna-XM_056779611.1	A
anno1.g8271.t1	A	rna-XM_056779218.1	A
anno1.g8277.t1	A	rna-XM_056792903.1	A
anno1.g8278.t1	A	rna-XM_056789481.1	X
anno1.g8280.t1	A	rna-XM_056792462.1	A
anno1.g8282.t1	A	rna-XM_056779125.1	A
anno1.g8285.t1	A	rna-XM_056778559.1	A
anno1.g8286.t1	A	rna-XM_056779012.1	A
anno1.g8287.t1	A	rna-XM_056778435.1	A
anno1.g8288.t1	A	rna-XM_056780385.1	A
anno1.g1165.t1	A	rna-XM_056780241.1	A
anno1.g1166.t1	A	rna-XM_056779757.1	A
anno1.g1167.t1	A	rna-XM_056779508.1	A
anno1.g1168.t1	A	rna-XM_056787676.1	A
anno1.g1169.t1	A	rna-XM_056775945.1	A
anno1.g1170.t2	A	rna-XM_056784437.1	A
anno1.g1171.t1	A	rna-XM_056784434.1	A
anno1.g1172.t1	A	rna-XM_056784435.1	A
anno1.g1173.t1	A	rna-XM_056784433.1	A
anno1.g1174.t1	A	rna-XM_056784726.1	A
anno1.g1175.t1	A	rna-XM_056783126.1	A
anno1.g1177.t1	A	rna-XM_056792829.1	A
anno1.g1179.t1	A	rna-XM_056775337.1	A
anno1.g1180.t1	A	rna-XM_056774197.1	A
anno1.g1182.t2	A	rna-XM_056774204.1	A
anno1.g1183.t1	A	rna-XM_056776230.1	A
anno1.g1184.t1	A	rna-XM_056784268.1	A
anno1.g1185.t1	A	rna-XM_056784692.1	A
anno1.g1187.t1	A	rna-XM_056774891.1	A
anno1.g1188.t1	A	rna-XM_056785825.1	A
anno1.g1189.t1	A	rna-XM_056782420.1	A
anno1.g1190.t1	A	rna-XM_056785362.1	A
anno1.g1191.t1	A	rna-XM_056774149.1	A
anno1.g1192.t1	A	rna-XM_056773838.1	A
anno1.g1193.t1	A	rna-XM_056782085.1	A
anno1.g1194.t1	A	rna-XM_056784169.1	A
anno1.g1195.t1	A	rna-XM_056791161.1	X
anno1.g1197.t1	A	rna-XM_056786925.1	A
anno1.g1199.t1	A	rna-XM_056787534.1	A
anno1.g8262.t1	A	rna-XM_056783853.1	A
anno1.g8263.t1	A	rna-XM_056778658.1	A
anno1.g8264.t3	A	rna-XM_056787328.1	A
anno1.g8265.t1	A	rna-XM_056785443.1	A
anno1.g8266.t1	A	rna-XM_056774350.1	A
anno1.g8267.t1	A	rna-XM_056787751.1	A
anno1.g8268.t1	A	rna-XM_056792620.1	A
anno1.g8269.t1	A	rna-XM_056792619.1	A
anno1.g8250.t1	A	rna-XM_056774473.1	A
anno1.g8252.t1	A	rna-XM_056776035.1	A
anno1.g8253.t2	A	rna-XM_056776037.1	A
anno1.g8254.t1	A	rna-XM_056776036.1	A
anno1.g8255.t1	A	rna-XM_056776033.1	A
anno1.g8256.t1	A	rna-XM_056776034.1	A
anno1.g8257.t1	A	rna-XM_056774429.1	A
anno1.g8258.t1	A	rna-XM_056774439.1	A
anno1.g8259.t2	A	rna-XM_056784613.1	A
anno1.g8260.t1	A	rna-XM_056779636.1	A
anno1.g8261.t1	A	rna-XM_056779722.1	A
anno1.g8249.t1	A	rna-XM_056776351.1	A
anno1.g8247.t1	A	rna-XM_056774788.1	A
anno1.g1161.t1	A	rna-XM_056789048.1	X
anno1.g1162.t1	A	rna-XM_056775926.1	A
anno1.g8223.t1	A	rna-XM_056788712.1	A
anno1.g8224.t1	A	rna-XM_056780117.1	A
anno1.g8225.t2	A	rna-XM_056784318.1	A
anno1.g8228.t1	A	rna-XM_056778702.1	A
anno1.g8229.t2	A	rna-XM_056778534.1	A
anno1.g8230.t1	A	rna-XM_056791991.1	A
anno1.g8231.t1	A	rna-XM_056791988.1	A
anno1.g8232.t1	A	rna-XM_056792353.1	A
anno1.g8234.t1	A	rna-XM_056773942.1	A
anno1.g8235.t1	A	rna-XM_056773823.1	A
anno1.g8237.t1	A	rna-XM_056773826.1	A
anno1.g8238.t1	A	rna-XM_056783101.1	A
anno1.g8239.t1	A	rna-XM_056783102.1	A
anno1.g8241.t2	A	rna-XM_056784848.1	A
anno1.g1158.t1	A	rna-XM_056781701.1	A
anno1.g8221.t1	A	rna-XM_056779154.1	A
anno1.g1157.t2	A	rna-XM_056776996.1	A
anno1.g8219.t1	A	rna-XM_056774055.1	A
anno1.g8216.t2	A	rna-XM_056775088.1	A
anno1.g8204.t1	A	rna-XM_056779484.1	A
anno1.g8197.t1	A	rna-XM_056786072.1	A
anno1.g8198.t1	A	rna-XM_056782684.1	A
anno1.g8199.t1	A	rna-XM_056778914.1	A
anno1.g8200.t1	A	rna-XM_056784788.1	A
anno1.g8195.t1	A	rna-XM_056780406.1	A
anno1.g8196.t3	A	rna-XM_056791912.1	A
anno1.g1110.t1	A	rna-XM_056780866.1	A
anno1.g1111.t1	A	rna-XM_056780672.1	A
anno1.g1112.t2	A	rna-XM_056780540.1	A
anno1.g1113.t1	A	rna-XM_056780363.1	A
anno1.g1114.t1	A	rna-XM_056783694.1	A
anno1.g1115.t1	A	rna-XM_056776569.1	A
anno1.g1116.t1	A	rna-XM_056780985.1	A
anno1.g1117.t3	A	rna-XM_056780164.1	A
anno1.g1118.t1	A	rna-XM_056781567.1	A
anno1.g1119.t1	A	rna-XM_056788872.1	A
anno1.g1120.t1	A	rna-XM_056788874.1	A
anno1.g1121.t1	A	rna-XM_056781330.1	A
anno1.g1122.t1	A	rna-XM_056788015.1	A
anno1.g1123.t2	A	rna-XM_056788013.1	A
anno1.g1124.t1	A	rna-XM_056788017.1	A
anno1.g1125.t1	A	rna-XM_056783187.1	A
anno1.g1126.t1	A	rna-XM_056781956.1	A
anno1.g1127.t1	A	rna-XM_056776667.1	A
anno1.g1128.t1	A	rna-XM_056776670.1	A
anno1.g1129.t2	A	rna-XM_056775800.1	A
anno1.g1130.t1	A	rna-XM_056791771.1	A
anno1.g1131.t1	A	rna-XM_056791776.1	A
anno1.g1132.t1	A	rna-XM_056785529.1	A
anno1.g1134.t1	A	rna-XM_056777734.1	A
anno1.g1136.t1	A	rna-XM_056786720.1	A
anno1.g1137.t1	A	rna-XM_056786298.1	A
anno1.g1138.t1	A	rna-XM_056786161.1	A
anno1.g1139.t1	A	rna-XM_056786491.1	A
anno1.g1140.t1	A	rna-XM_056781953.1	A
anno1.g1141.t1	A	rna-XM_056783998.1	A
anno1.g1143.t1	A	rna-XM_056790401.1	A
anno1.g1144.t1	A	rna-XM_056778683.1	A
anno1.g1149.t1	A	rna-XM_056780403.1	A
anno1.g1150.t2	A	rna-XM_056791768.1	A
anno1.g1151.t1	A	rna-XM_056780307.1	A
anno1.g1152.t1	A	rna-XM_056791814.1	A
anno1.g1153.t1	A	rna-XM_056786421.1	A
anno1.g8173.t1	A	rna-XM_056776159.1	A
anno1.g8174.t1	A	rna-XM_056776157.1	A
anno1.g8177.t1	A	rna-XM_056775698.1	A
anno1.g8178.t1	A	rna-XM_056775697.1	A
anno1.g8179.t1	A	rna-XM_056788744.1	A
anno1.g8181.t2	A	rna-XM_056788370.1	A
anno1.g8183.t1	A	rna-XM_056775061.1	A
anno1.g8184.t1	A	rna-XM_056791226.1	X
anno1.g8185.t1	A	rna-XM_056791111.1	X
anno1.g8186.t1	A	rna-XM_056791116.1	X
anno1.g8187.t1	A	rna-XM_056788356.1	A
anno1.g8189.t1	A	rna-XM_056788620.1	A
anno1.g8190.t2	A	rna-XM_056785358.1	A
anno1.g8191.t1	A	rna-XM_056785357.1	A
anno1.g8192.t1	A	rna-XM_056784095.1	A
anno1.g8194.t1	A	rna-XM_056787882.1	A
anno1.g8136.t1	A	rna-XM_056785225.1	A
anno1.g8138.t2	A	rna-XM_056785296.1	A
anno1.g8139.t1	A	rna-XM_056783787.1	A
anno1.g8143.t1	A	rna-XM_056783672.1	A
anno1.g8144.t1	A	rna-XM_056792828.1	A
anno1.g8145.t1	A	rna-XM_056791555.1	A
anno1.g8146.t1	A	rna-XM_056780844.1	A
anno1.g8148.t1	A	rna-XM_056775223.1	A
anno1.g8149.t1	A	rna-XM_056781167.1	A
anno1.g8150.t1	A	rna-XM_056781296.1	A
anno1.g8151.t1	A	rna-XM_056788500.1	A
anno1.g8152.t1	A	rna-XM_056774215.1	A
anno1.g8156.t2	A	rna-XM_056784998.1	A
anno1.g8158.t1	A	rna-XM_056784297.1	A
anno1.g8159.t1	A	rna-XM_056784298.1	A
anno1.g8160.t1	A	rna-XM_056780268.1	A
anno1.g8162.t1	A	rna-XM_056791937.1	A
anno1.g8165.t1	A	rna-XM_056788389.1	A
anno1.g8166.t2	A	rna-XM_056791772.1	A
anno1.g8167.t1	A	rna-XM_056793181.1	A
anno1.g8168.t1	A	rna-XM_056793162.1	A
anno1.g8169.t1	A	rna-XM_056785898.1	A
anno1.g8170.t1	A	rna-XM_056773988.1	A
anno1.g8122.t1	A	rna-XM_056786930.1	A
anno1.g8123.t2	A	rna-XM_056777288.1	A
anno1.g8124.t1	A	rna-XM_056776642.1	A
anno1.g8127.t1	A	rna-XM_056788497.1	A
anno1.g8130.t1	A	rna-XM_056792952.1	A
anno1.g8131.t2	A	rna-XM_056773664.1	A
anno1.g8132.t1	A	rna-XM_056773662.1	A
anno1.g8133.t1	A	rna-XM_056787452.1	A
anno1.g8135.t1	A	rna-XM_056778566.1	A
anno1.g8116.t1	A	rna-XM_056788116.1	A
anno1.g8118.t1	A	rna-XM_056792751.1	A
anno1.g8119.t1	A	rna-XM_056790309.1	X
anno1.g8121.t1	A	rna-XM_056778033.1	A
anno1.g8084.t1	A	rna-XM_056775026.1	A
anno1.g8086.t1	A	rna-XM_056774844.1	A
anno1.g8088.t1	A	rna-XM_056775426.1	A
anno1.g8090.t1	A	rna-XM_056776188.1	A
anno1.g8091.t1	A	rna-XM_056786584.1	A
anno1.g8092.t1	A	rna-XM_056786583.1	A
anno1.g8093.t1	A	rna-XM_056783954.1	A
anno1.g8094.t1	A	rna-XM_056785347.1	A
anno1.g8095.t1	A	rna-XM_056785343.1	A
anno1.g8096.t1	A	rna-XM_056781784.1	A
anno1.g8097.t1	A	rna-XM_056781071.1	A
anno1.g8098.t1	A	rna-XM_056792104.1	A
anno1.g8099.t1	A	rna-XM_056784724.1	A
anno1.g8101.t1	A	rna-XM_056779732.1	A
anno1.g8102.t2	A	rna-XM_056787926.1	A
anno1.g8104.t1	A	rna-XM_056792034.1	A
anno1.g8105.t2	A	rna-XM_056792955.1	A
anno1.g8106.t2	A	rna-XM_056792223.1	A
anno1.g8107.t1	A	rna-XM_056774772.1	A
anno1.g8108.t1	A	rna-XM_056783261.1	A
anno1.g8109.t1	A	rna-XM_056787691.1	A
anno1.g8110.t1	A	rna-XM_056787692.1	A
anno1.g8111.t2	A	rna-XM_056777203.1	A
anno1.g8070.t1	A	rna-XM_056782929.1	A
anno1.g8071.t1	A	rna-XM_056788830.1	A
anno1.g8073.t1	A	rna-XM_056788937.1	A
anno1.g8074.t3	A	rna-XM_056788924.1	A
anno1.g8075.t1	A	rna-XM_056780625.1	A
anno1.g8051.t1	A	rna-XM_056782557.1	A
anno1.g8052.t1	A	rna-XM_056783256.1	A
anno1.g8053.t1	A	rna-XM_056775935.1	A
anno1.g8054.t1	A	rna-XM_056775936.1	A
anno1.g8055.t1	A	rna-XM_056787421.1	A
anno1.g8056.t1	A	rna-XM_056775934.1	A
anno1.g8057.t1	A	rna-XM_056775928.1	A
anno1.g8058.t1	A	rna-XM_056791856.1	A
anno1.g8060.t1	A	rna-XM_056775520.1	A
anno1.g8061.t2	A	rna-XM_056774969.1	A
anno1.g8062.t1	A	rna-XM_056775197.1	A
anno1.g8063.t1	A	rna-XM_056783049.1	A
anno1.g8064.t1	A	rna-XM_056776102.1	A
anno1.g8065.t1	A	rna-XM_056776114.1	A
anno1.g8066.t1	A	rna-XM_056781756.1	A
anno1.g8041.t1	A	rna-XM_056785502.1	A
anno1.g8042.t1	A	rna-XM_056774531.1	A
anno1.g8043.t1	A	rna-XM_056775159.1	A
anno1.g8044.t2	A	rna-XM_056785644.1	A
anno1.g8046.t1	A	rna-XM_056785596.1	A
anno1.g8047.t1	A	rna-XM_056785403.1	A
anno1.g8049.t1	A	rna-XM_056781762.1	A
anno1.g8029.t1	A	rna-XM_056779224.1	A
anno1.g8030.t1	A	rna-XM_056783594.1	A
anno1.g8031.t2	A	rna-XM_056788071.1	A
anno1.g8032.t1	A	rna-XM_056786938.1	A
anno1.g8033.t1	A	rna-XM_056782685.1	A
anno1.g8034.t1	A	rna-XM_056786937.1	A
anno1.g8035.t1	A	rna-XM_056780025.1	A
anno1.g8036.t1	A	rna-XM_056792898.1	A
anno1.g8037.t1	A	rna-XM_056776767.1	A
anno1.g1078.t2	A	rna-XM_056775436.1	A
anno1.g1079.t2	A	rna-XM_056774934.1	A
anno1.g1080.t2	A	rna-XM_056775372.1	A
anno1.g1081.t1	A	rna-XM_056786398.1	A
anno1.g1082.t1	A	rna-XM_056786001.1	A
anno1.g1085.t1	A	rna-XM_056785997.1	A
anno1.g1086.t1	A	rna-XM_056785996.1	A
anno1.g1087.t1	A	rna-XM_056784909.1	A
anno1.g1088.t1	A	rna-XM_056781757.1	A
anno1.g1089.t1	A	rna-XM_056792578.1	A
anno1.g1090.t4	A	rna-XM_056788011.1	A
anno1.g1091.t1	A	rna-XM_056785283.1	A
anno1.g1092.t1	A	rna-XM_056791398.1	A
anno1.g1093.t1	A	rna-XM_056791403.1	A
anno1.g1094.t2	A	rna-XM_056791401.1	A
anno1.g1095.t1	A	rna-XM_056791402.1	A
anno1.g1100.t1	A	rna-XM_056776847.1	A
anno1.g1101.t1	A	rna-XM_056792138.1	A
anno1.g1102.t1	A	rna-XM_056792941.1	A
anno1.g8016.t1	A	rna-XM_056790956.1	X
anno1.g8017.t2	A	rna-XM_056782355.1	A
anno1.g8018.t1	A	rna-XM_056784936.1	A
anno1.g8019.t1	A	rna-XM_056787305.1	A
anno1.g8021.t1	A	rna-XM_056776524.1	A
anno1.g8022.t1	A	rna-XM_056783148.1	A
anno1.g8024.t1	A	rna-XM_056783069.1	A
anno1.g8025.t1	A	rna-XM_056776630.1	A
anno1.g8027.t1	A	rna-XM_056782882.1	A
anno1.g1077.t1	A	rna-XM_056791119.1	X
anno1.g1071.t1	A	rna-XM_056781023.1	A
anno1.g1072.t1	A	rna-XM_056779305.1	A
anno1.g8005.t1	A	rna-XM_056777668.1	A
anno1.g8006.t1	A	rna-XM_056779719.1	A
anno1.g8007.t5	A	rna-XM_056779712.1	A
anno1.g8009.t2	A	rna-XM_056778513.1	A
anno1.g8010.t1	A	rna-XM_056778515.1	A
anno1.g8011.t1	A	rna-XM_056779040.1	A
anno1.g8012.t1	A	rna-XM_056779028.1	A
anno1.g8013.t1	A	rna-XM_056778579.1	A
anno1.g7988.t1	A	rna-XM_056777019.1	A
anno1.g7990.t1	A	rna-XM_056785185.1	A
anno1.g7991.t1	A	rna-XM_056785189.1	A
anno1.g7992.t1	A	rna-XM_056785177.1	A
anno1.g7993.t4	A	rna-XM_056775769.1	A
anno1.g7994.t1	A	rna-XM_056775777.1	A
anno1.g7995.t1	A	rna-XM_056784672.1	A
anno1.g7996.t1	A	rna-XM_056784674.1	A
anno1.g7997.t1	A	rna-XM_056785190.1	A
anno1.g7998.t1	A	rna-XM_056785186.1	A
anno1.g7999.t1	A	rna-XM_056785182.1	A
anno1.g8001.t1	A	rna-XM_056781214.1	A
anno1.g8002.t1	A	rna-XM_056775476.1	A
anno1.g8003.t1	A	rna-XM_056785418.1	A
anno1.g8004.t1	A	rna-XM_056781341.1	A
anno1.g7955.t1	A	rna-XM_056792060.1	A
anno1.g7960.t1	A	rna-XM_056782063.1	A
anno1.g7961.t1	A	rna-XM_056777316.1	A
anno1.g7962.t1	A	rna-XM_056777642.1	A
anno1.g7963.t1	A	rna-XM_056786175.1	A
anno1.g7964.t1	A	rna-XM_056782034.1	A
anno1.g7965.t1	A	rna-XM_056782816.1	A
anno1.g7967.t7	A	rna-XM_056775961.1	A
anno1.g7970.t1	A	rna-XM_056786554.1	A
anno1.g7971.t1	A	rna-XM_056779965.1	A
anno1.g7972.t1	A	rna-XM_056779562.1	A
anno1.g7974.t1	A	rna-XM_056777564.1	A
anno1.g7975.t1	A	rna-XM_056777341.1	A
anno1.g7977.t1	A	rna-XM_056777538.1	A
anno1.g7978.t1	A	rna-XM_056776571.1	A
anno1.g7979.t1	A	rna-XM_056779323.1	A
anno1.g7944.t1	X	rna-XM_056790111.1	X
anno1.g7945.t1	X	rna-XM_056785508.1	A
anno1.g7947.t1	X	rna-XM_056790170.1	X
anno1.g7948.t1	X	rna-XM_056789529.1	X
anno1.g7949.t1	X	rna-XM_056789876.1	X
anno1.g7950.t1	X	rna-XM_056790965.1	X
anno1.g7951.t5	X	rna-XM_056790581.1	X
anno1.g7953.t1	X	rna-XM_056789766.1	X
anno1.g7954.t3	X	rna-XM_056790916.1	X
anno1.g1067.t1	A	rna-XM_056785061.1	A
anno1.g1069.t1	A	rna-XM_056778611.1	A
anno1.g7926.t1	A	rna-XM_056774953.1	A
anno1.g7927.t1	A	rna-XM_056788745.1	A
anno1.g7928.t1	A	rna-XM_056776903.1	A
anno1.g7930.t1	A	rna-XM_056776865.1	A
anno1.g7931.t1	A	rna-XM_056777485.1	A
anno1.g7932.t1	A	rna-XM_056783516.1	A
anno1.g7933.t1	A	rna-XM_056774707.1	A
anno1.g7934.t1	A	rna-XM_056774708.1	A
anno1.g7935.t1	A	rna-XM_056785768.1	A
anno1.g7936.t2	A	rna-XM_056785767.1	A
anno1.g7937.t1	A	rna-XM_056780247.1	A
anno1.g7938.t1	A	rna-XM_056785863.1	A
anno1.g7939.t2	A	rna-XM_056781410.1	A
anno1.g7940.t1	A	rna-XM_056781417.1	A
anno1.g7941.t1	A	rna-XM_056785864.1	A
anno1.g7942.t2	A	rna-XM_056784267.1	A
anno1.g7943.t1	A	rna-XM_056777938.1	A
anno1.g7924.t1	A	rna-XM_056773853.1	A
anno1.g7914.t1	X	rna-XM_056774469.1	A
anno1.g7915.t1	X	rna-XM_056777220.1	A
anno1.g7917.t2	X	rna-XM_056775173.1	A
anno1.g7918.t1	X	rna-XM_056790805.1	X
anno1.g7919.t1	X	rna-XM_056790288.1	X
anno1.g7921.t1	X	rna-XM_056790560.1	X
anno1.g7922.t1	X	rna-XM_056789068.1	X
anno1.g1052.t2	A	rna-XM_056786488.1	A
anno1.g1053.t1	A	rna-XM_056786474.1	A
anno1.g1060.t1	A	rna-XM_056784617.1	A
anno1.g1061.t1	A	rna-XM_056782059.1	A
anno1.g1062.t1	A	rna-XM_056780790.1	A
anno1.g1063.t1	A	rna-XM_056791919.1	A
anno1.g1064.t1	A	rna-XM_056780793.1	A
anno1.g1065.t1	A	rna-XM_056789333.1	X
anno1.g7900.t1	X	rna-XM_056790344.1	X
anno1.g7901.t1	X	rna-XM_056789387.1	X
anno1.g7902.t1	X	rna-XM_056790132.1	X
anno1.g7903.t1	X	rna-XM_056789096.1	X
anno1.g7905.t1	X	rna-XM_056789299.1	X
anno1.g7906.t1	X	rna-XM_056791015.1	X
anno1.g7908.t1	X	rna-XM_056789611.1	X
anno1.g7911.t1	X	rna-XM_056789507.1	X
anno1.g7912.t1	X	rna-XM_056789394.1	X
anno1.g7913.t1	X	rna-XM_056789341.1	X
anno1.g7893.t2	A	rna-XM_056777079.1	A
anno1.g7894.t1	A	rna-XM_056777897.1	A
anno1.g7895.t1	A	rna-XM_056777842.1	A
anno1.g7896.t1	A	rna-XM_056777843.1	A
anno1.g7897.t1	A	rna-XM_056777840.1	A
anno1.g7898.t1	A	rna-XM_056777289.1	A
anno1.g7899.t1	A	rna-XM_056777837.1	A
anno1.g7882.t1	X	rna-XM_056790959.1	X
anno1.g7884.t1	X	rna-XM_056790368.1	X
anno1.g7885.t1	X	rna-XM_056790814.1	X
anno1.g7886.t1	X	rna-XM_056789369.1	X
anno1.g7887.t1	X	rna-XM_056792926.1	A
anno1.g7888.t1	X	rna-XM_056789928.1	X
anno1.g7889.t1	X	rna-XM_056789862.1	X
anno1.g1050.t1	A	rna-XM_056781255.1	A
anno1.g1047.t2	A	rna-XM_056779996.1	A
anno1.g7822.t2	A	rna-XM_056784804.1	A
anno1.g7823.t1	A	rna-XM_056792670.1	A
anno1.g7824.t7	A	rna-XM_056776197.1	A
anno1.g7825.t1	A	rna-XM_056787133.1	A
anno1.g7828.t1	A	rna-XM_056792421.1	A
anno1.g7830.t1	A	rna-XM_056774432.1	A
anno1.g7831.t2	A	rna-XM_056774748.1	A
anno1.g7832.t1	A	rna-XM_056781193.1	A
anno1.g7833.t3	A	rna-XM_056783842.1	A
anno1.g7834.t1	A	rna-XM_056787050.1	A
anno1.g7835.t1	A	rna-XM_056793021.1	A
anno1.g7836.t1	A	rna-XM_056783848.1	A
anno1.g7837.t1	A	rna-XM_056779415.1	A
anno1.g7839.t1	A	rna-XM_056786399.1	A
anno1.g7840.t1	A	rna-XM_056785893.1	A
anno1.g7845.t1	A	rna-XM_056786511.1	A
anno1.g7846.t1	A	rna-XM_056778754.1	A
anno1.g7848.t1	A	rna-XM_056785370.1	A
anno1.g7849.t1	A	rna-XM_056791911.1	A
anno1.g7850.t1	A	rna-XM_056784274.1	A
anno1.g7851.t1	A	rna-XM_056783283.1	A
anno1.g7852.t1	A	rna-XM_056792546.1	A
anno1.g7854.t2	A	rna-XM_056773694.1	A
anno1.g7855.t1	A	rna-XM_056792700.1	A
anno1.g7856.t1	A	rna-XM_056792008.1	A
anno1.g7858.t1	A	rna-XM_056773912.1	A
anno1.g7860.t2	A	rna-XM_056792374.1	A
anno1.g7862.t2	A	rna-XM_056778436.1	A
anno1.g7866.t1	A	rna-XM_056783599.1	A
anno1.g7867.t1	A	rna-XM_056778438.1	A
anno1.g7870.t1	A	rna-XM_056792847.1	A
anno1.g7871.t2	A	rna-XM_056777671.1	A
anno1.g7872.t1	A	rna-XM_056783529.1	A
anno1.g7873.t1	A	rna-XM_056782719.1	A
anno1.g7874.t1	A	rna-XM_056792246.1	A
anno1.g7877.t1	A	rna-XM_056792240.1	A
anno1.g7816.t1	A	rna-XM_056782763.1	A
anno1.g7821.t1	A	rna-XM_056783031.1	A
anno1.g7811.t1	A	rna-XM_056774306.1	A
anno1.g7812.t3	A	rna-XM_056790647.1	X
anno1.g7813.t1	A	rna-XM_056790656.1	X
anno1.g7814.t1	A	rna-XM_056777310.1	A
anno1.g7815.t1	A	rna-XM_056782134.1	A
anno1.g1044.t2	A	rna-XM_056788508.1	A
anno1.g7810.t1	A	rna-XM_056789093.1	X
anno1.g1036.t1	A	rna-XM_056784264.1	A
anno1.g7800.t1	A	rna-XM_056783752.1	A
anno1.g7805.t1	A	rna-XM_056775235.1	A
anno1.g7806.t1	A	rna-XM_056788340.1	A
anno1.g7787.t1	A	rna-XM_056777121.1	A
anno1.g7788.t1	A	rna-XM_056777279.1	A
anno1.g7789.t1	A	rna-XM_056777688.1	A
anno1.g7791.t1	A	rna-XM_056777687.1	A
anno1.g7792.t1	A	rna-XM_056779909.1	A
anno1.g7793.t1	A	rna-XM_056782615.1	A
anno1.g7794.t1	A	rna-XM_056783372.1	A
anno1.g7795.t1	A	rna-XM_056783371.1	A
anno1.g7775.t1	A	rna-XM_056791613.1	A
anno1.g7782.t1	A	rna-XM_056775025.1	A
anno1.g1003.t1	A	rna-XM_056774767.1	A
anno1.g1004.t1	A	rna-XM_056784077.1	A
anno1.g1005.t1	A	rna-XM_056788291.1	A
anno1.g1006.t1	A	rna-XM_056779819.1	A
anno1.g1007.t1	A	rna-XM_056788477.1	A
anno1.g1008.t1	A	rna-XM_056788482.1	A
anno1.g1009.t1	A	rna-XM_056788479.1	A
anno1.g1010.t2	A	rna-XM_056788478.1	A
anno1.g1011.t1	A	rna-XM_056775786.1	A
anno1.g1012.t1	A	rna-XM_056793232.1	A
anno1.g1013.t1	A	rna-XM_056789584.1	X
anno1.g1014.t1	A	rna-XM_056790323.1	X
anno1.g1016.t1	A	rna-XM_056792932.1	A
anno1.g1017.t2	A	rna-XM_056792202.1	A
anno1.g1019.t1	A	rna-XM_056773822.1	A
anno1.g1020.t1	A	rna-XM_056773820.1	A
anno1.g1021.t1	A	rna-XM_056773819.1	A
anno1.g1022.t1	A	rna-XM_056775265.1	A
anno1.g1025.t1	A	rna-XM_056776242.1	A
anno1.g1026.t1	A	rna-XM_056786186.1	A
anno1.g1027.t1	A	rna-XM_056784839.1	A
anno1.g1032.t1	A	rna-XM_056784054.1	A
anno1.g1033.t1	A	rna-XM_056790746.1	X
anno1.g1034.t1	A	rna-XM_056790750.1	X
anno1.g1035.t2	A	rna-XM_056777000.1	A
anno1.g7762.t2	A	rna-XM_056776278.1	A
anno1.g7764.t1	A	rna-XM_056775896.1	A
anno1.g7765.t1	A	rna-XM_056775894.1	A
anno1.g7766.t1	A	rna-XM_056785070.1	A
anno1.g7767.t1	A	rna-XM_056785060.1	A
anno1.g7769.t1	A	rna-XM_056776047.1	A
anno1.g7770.t1	A	rna-XM_056776051.1	A
anno1.g7771.t1	A	rna-XM_056792653.1	A
anno1.g7772.t1	A	rna-XM_056792656.1	A
anno1.g7773.t1	A	rna-XM_056778950.1	A
anno1.g7774.t1	A	rna-XM_056779904.1	A
anno1.g7750.t1	A	rna-XM_056782819.1	A
anno1.g7752.t1	A	rna-XM_056786009.1	A
anno1.g7753.t2	A	rna-XM_056779134.1	A
anno1.g7755.t2	A	rna-XM_056784620.1	A
anno1.g7756.t1	A	rna-XM_056783885.1	A
anno1.g7757.t1	A	rna-XM_056785640.1	A
anno1.g7759.t1	A	rna-XM_056777702.1	A
anno1.g7760.t1	A	rna-XM_056777659.1	A
anno1.g7761.t1	A	rna-XM_056787701.1	A
anno1.g7732.t1	A	rna-XM_056775597.1	A
anno1.g7733.t2	A	rna-XM_056775596.1	A
anno1.g7734.t1	A	rna-XM_056775595.1	A
anno1.g7735.t1	A	rna-XM_056776032.1	A
anno1.g7736.t1	A	rna-XM_056776243.1	A
anno1.g7737.t1	A	rna-XM_056780124.1	A
anno1.g7738.t1	A	rna-XM_056781343.1	A
anno1.g7739.t1	A	rna-XM_056782189.1	A
anno1.g7741.t1	A	rna-XM_056780917.1	A
anno1.g7742.t1	A	rna-XM_056783810.1	A
anno1.g7743.t1	A	rna-XM_056782948.1	A
anno1.g7744.t1	A	rna-XM_056774202.1	A
anno1.g7745.t1	A	rna-XM_056784202.1	A
anno1.g7747.t1	A	rna-XM_056783634.1	A
anno1.g7748.t1	A	rna-XM_056776275.1	A
anno1.g7624.t1	A	rna-XM_056792558.1	A
anno1.g7625.t1	A	rna-XM_056776684.1	A
anno1.g7626.t1	A	rna-XM_056776683.1	A
anno1.g7627.t1	A	rna-XM_056775752.1	A
anno1.g7629.t2	A	rna-XM_056774101.1	A
anno1.g7630.t1	A	rna-XM_056774225.1	A
anno1.g7631.t1	A	rna-XM_056782579.1	A
anno1.g7632.t2	A	rna-XM_056783439.1	A
anno1.g7633.t1	A	rna-XM_056782389.1	A
anno1.g7634.t2	A	rna-XM_056779340.1	A
anno1.g7635.t1	A	rna-XM_056778684.1	A
anno1.g7636.t1	A	rna-XM_056778770.1	A
anno1.g7637.t2	A	rna-XM_056778772.1	A
anno1.g7638.t1	A	rna-XM_056778686.1	A
anno1.g7639.t2	A	rna-XM_056792350.1	A
anno1.g7641.t1	A	rna-XM_056790387.1	A
anno1.g7642.t1	A	rna-XM_056784291.1	A
anno1.g7643.t1	A	rna-XM_056790148.1	A
anno1.g7644.t1	A	rna-XM_056776007.1	A
anno1.g7646.t1	A	rna-XM_056779976.1	A
anno1.g7647.t1	A	rna-XM_056783067.1	A
anno1.g7648.t1	A	rna-XM_056782692.1	A
anno1.g7649.t1	A	rna-XM_056782688.1	A
anno1.g7651.t2	A	rna-XM_056775070.1	A
anno1.g7652.t1	A	rna-XM_056775071.1	A
anno1.g7654.t1	A	rna-XM_056775078.1	A
anno1.g7655.t1	A	rna-XM_056775764.1	A
anno1.g7656.t2	A	rna-XM_056775762.1	A
anno1.g7657.t1	A	rna-XM_056775172.1	A
anno1.g7658.t1	A	rna-XM_056774682.1	A
anno1.g7659.t1	A	rna-XM_056789842.1	X
anno1.g7660.t2	A	rna-XM_056775339.1	A
anno1.g7662.t1	A	rna-XM_056784842.1	A
anno1.g7663.t1	A	rna-XM_056789937.1	X
anno1.g7664.t1	A	rna-XM_056784689.1	A
anno1.g7665.t1	A	rna-XM_056784881.1	A
anno1.g7670.t2	A	rna-XM_056776391.1	A
anno1.g7671.t1	A	rna-XM_056776400.1	A
anno1.g7672.t1	A	rna-XM_056776398.1	A
anno1.g7673.t1	A	rna-XM_056776401.1	A
anno1.g7674.t1	A	rna-XM_056778360.1	A
anno1.g7675.t1	A	rna-XM_056784247.1	A
anno1.g7676.t2	A	rna-XM_056785001.1	A
anno1.g7677.t1	A	rna-XM_056785187.1	A
anno1.g7678.t1	A	rna-XM_056785184.1	A
anno1.g7679.t1	A	rna-XM_056785047.1	A
anno1.g7680.t1	A	rna-XM_056785048.1	A
anno1.g7681.t1	A	rna-XM_056775947.1	A
anno1.g7684.t1	A	rna-XM_056781139.1	A
anno1.g7685.t1	A	rna-XM_056781334.1	A
anno1.g7686.t1	A	rna-XM_056781336.1	A
anno1.g7689.t1	A	rna-XM_056785977.1	A
anno1.g7690.t2	A	rna-XM_056777599.1	A
anno1.g7691.t1	A	rna-XM_056786518.1	A
anno1.g7692.t1	A	rna-XM_056786519.1	A
anno1.g7693.t1	A	rna-XM_056786520.1	A
anno1.g7695.t1	A	rna-XM_056777428.1	A
anno1.g7700.t1	A	rna-XM_056777437.1	A
anno1.g7701.t1	A	rna-XM_056776932.1	A
anno1.g7702.t1	A	rna-XM_056780682.1	A
anno1.g7703.t1	A	rna-XM_056786515.1	A
anno1.g7704.t1	A	rna-XM_056780684.1	A
anno1.g7706.t1	A	rna-XM_056781353.1	A
anno1.g7708.t1	A	rna-XM_056785731.1	A
anno1.g7709.t1	A	rna-XM_056785736.1	A
anno1.g7710.t1	A	rna-XM_056785741.1	A
anno1.g7711.t1	A	rna-XM_056785732.1	A
anno1.g7712.t1	A	rna-XM_056785739.1	A
anno1.g7713.t1	A	rna-XM_056786516.1	A
anno1.g7714.t1	A	rna-XM_056786185.1	A
anno1.g7715.t1	A	rna-XM_056786053.1	A
anno1.g7716.t2	A	rna-XM_056786201.1	A
anno1.g7717.t1	A	rna-XM_056777479.1	A
anno1.g7718.t1	A	rna-XM_056777012.1	A
anno1.g7719.t1	A	rna-XM_056777377.1	A
anno1.g7720.t1	A	rna-XM_056781952.1	A
anno1.g7721.t1	A	rna-XM_056776909.1	A
anno1.g7722.t1	A	rna-XM_056777378.1	A
anno1.g7723.t1	A	rna-XM_056777008.1	A
anno1.g7724.t1	A	rna-XM_056776983.1	A
anno1.g7725.t2	A	rna-XM_056780851.1	A
anno1.g7726.t1	A	rna-XM_056784051.1	A
anno1.g7727.t1	A	rna-XM_056787580.1	A
anno1.g7728.t1	A	rna-XM_056788899.1	A
anno1.g7729.t1	A	rna-XM_056788900.1	A
anno1.g7730.t1	A	rna-XM_056788348.1	A
anno1.g7731.t2	A	rna-XM_056786414.1	A
anno1.g7578.t1	A	rna-XM_056782496.1	A
anno1.g7579.t1	A	rna-XM_056774397.1	A
anno1.g7581.t1	A	rna-XM_056776976.1	A
anno1.g7582.t1	A	rna-XM_056793090.1	A
anno1.g7583.t1	A	rna-XM_056793093.1	A
anno1.g7584.t1	A	rna-XM_056774153.1	A
anno1.g7585.t1	A	rna-XM_056787614.1	A
anno1.g7586.t1	A	rna-XM_056779286.1	A
anno1.g7587.t1	A	rna-XM_056787289.1	A
anno1.g7588.t2	A	rna-XM_056792107.1	A
anno1.g7589.t1	A	rna-XM_056792110.1	A
anno1.g7590.t1	A	rna-XM_056788157.1	A
anno1.g7591.t1	A	rna-XM_056776213.1	A
anno1.g7592.t1	A	rna-XM_056792940.1	A
anno1.g7593.t1	A	rna-XM_056788898.1	A
anno1.g7594.t1	A	rna-XM_056788681.1	A
anno1.g7595.t1	A	rna-XM_056788674.1	A
anno1.g7596.t1	A	rna-XM_056792347.1	A
anno1.g7597.t1	A	rna-XM_056788381.1	A
anno1.g7598.t1	A	rna-XM_056787608.1	A
anno1.g7599.t1	A	rna-XM_056786536.1	A
anno1.g7600.t2	A	rna-XM_056779730.1	A
anno1.g7601.t1	A	rna-XM_056784798.1	A
anno1.g7602.t1	A	rna-XM_056784799.1	A
anno1.g7606.t1	A	rna-XM_056785828.1	A
anno1.g7607.t2	A	rna-XM_056784670.1	A
anno1.g7608.t1	A	rna-XM_056785822.1	A
anno1.g7609.t1	A	rna-XM_056785821.1	A
anno1.g7610.t3	A	rna-XM_056785685.1	A
anno1.g7611.t1	A	rna-XM_056784625.1	A
anno1.g7612.t1	A	rna-XM_056783062.1	A
anno1.g7615.t1	A	rna-XM_056792767.1	A
anno1.g7616.t2	A	rna-XM_056774928.1	A
anno1.g7618.t2	A	rna-XM_056775713.1	A
anno1.g7619.t1	A	rna-XM_056775654.1	A
anno1.g7620.t1	A	rna-XM_056776144.1	A
anno1.g1000.t1	A	rna-XM_056782830.1	A
anno1.g994.t1	A	rna-XM_056779738.1	A
anno1.g997.t1	A	rna-XM_056779276.1	A
anno1.g989.t1	A	rna-XM_056790247.1	X
anno1.g990.t1	A	rna-XM_056790063.1	X
anno1.g992.t1	A	rna-XM_056790113.1	X
anno1.g978.t1	A	rna-XM_056785491.1	A
anno1.g979.t1	A	rna-XM_056786891.1	A
anno1.both_agree_g4724.t2	A	rna-XM_056789365.1	X
anno1.g981.t3	A	rna-XM_056776922.1	A
anno1.g982.t1	A	rna-XM_056777156.1	A
anno1.g985.t1	A	rna-XM_056791641.1	A
anno1.g987.t1	A	rna-XM_056788805.1	A
anno1.g7558.t1	A	rna-XM_056778552.1	A
anno1.g7559.t1	A	rna-XM_056778543.1	A
anno1.g7560.t4	A	rna-XM_056792368.1	A
anno1.g7561.t2	A	rna-XM_056778797.1	A
anno1.g7562.t1	A	rna-XM_056779363.1	A
anno1.g7563.t2	A	rna-XM_056778799.1	A
anno1.g7564.t1	A	rna-XM_056779401.1	A
anno1.g7569.t1	A	rna-XM_056779487.1	A
anno1.g7574.t1	A	rna-XM_056781266.1	A
anno1.g963.t1	A	rna-XM_056786912.1	A
anno1.g964.t1	A	rna-XM_056786911.1	A
anno1.g965.t1	A	rna-XM_056777732.1	A
anno1.g966.t1	A	rna-XM_056777921.1	A
anno1.g969.t1	A	rna-XM_056779813.1	A
anno1.g970.t1	A	rna-XM_056779811.1	A
anno1.g971.t1	A	rna-XM_056785999.1	A
anno1.g972.t3	A	rna-XM_056792010.1	A
anno1.g973.t1	A	rna-XM_056779992.1	A
anno1.g7545.t1	A	rna-XM_056784043.1	A
anno1.g7546.t1	A	rna-XM_056788889.1	A
anno1.g7549.t2	A	rna-XM_056792571.1	A
anno1.g938.t1	A	rna-XM_056788976.1	A
anno1.g940.t1	A	rna-XM_056789743.1	A
anno1.g941.t1	A	rna-XM_056774817.1	A
anno1.g929.t1	A	rna-XM_056778106.1	A
anno1.g931.t2	A	rna-XM_056791140.1	X
anno1.g932.t1	A	rna-XM_056787738.1	A
anno1.g936.t1	A	rna-XM_056775035.1	A
anno1.g937.t1	A	rna-XM_056779267.1	A
anno1.g921.t1	A	rna-XM_056773923.1	A
anno1.g922.t1	A	rna-XM_056793055.1	A
anno1.g7526.t1	A	rna-XM_056790857.1	X
anno1.g7527.t1	A	rna-XM_056788268.1	A
anno1.g7529.t1	A	rna-XM_056790392.1	X
anno1.g7532.t1	A	rna-XM_056774734.1	A
anno1.g7533.t1	A	rna-XM_056781408.1	A
anno1.g7534.t1	A	rna-XM_056783963.1	A
anno1.g7535.t2	A	rna-XM_056783591.1	A
anno1.g7538.t1	A	rna-XM_056778959.1	A
anno1.g897.t1	A	rna-XM_056775990.1	A
anno1.g898.t1	A	rna-XM_056775989.1	A
anno1.g899.t1	A	rna-XM_056775795.1	A
anno1.g900.t4	A	rna-XM_056787284.1	A
anno1.g901.t1	A	rna-XM_056788725.1	A
anno1.g902.t1	A	rna-XM_056788556.1	A
anno1.g904.t2	A	rna-XM_056791774.1	A
anno1.g905.t1	A	rna-XM_056791951.1	A
anno1.g906.t1	A	rna-XM_056777379.1	A
anno1.g907.t1	A	rna-XM_056788462.1	A
anno1.g910.t1	A	rna-XM_056777002.1	A
anno1.g911.t1	A	rna-XM_056789057.1	A
anno1.g912.t1	A	rna-XM_056779975.1	A
anno1.g913.t1	A	rna-XM_056774520.1	A
anno1.g914.t1	A	rna-XM_056775121.1	A
anno1.g915.t1	A	rna-XM_056775373.1	A
anno1.g916.t1	A	rna-XM_056788507.1	A
anno1.g917.t1	A	rna-XM_056788993.1	A
anno1.g918.t3	A	rna-XM_056788230.1	A
anno1.g7511.t1	A	rna-XM_056784322.1	A
anno1.g7512.t1	A	rna-XM_056790350.1	X
anno1.g7515.t2	A	rna-XM_056786926.1	A
anno1.g7516.t1	A	rna-XM_056778277.1	A
anno1.g7517.t2	A	rna-XM_056787450.1	A
anno1.g7518.t1	A	rna-XM_056781009.1	A
anno1.g7519.t1	A	rna-XM_056781533.1	A
anno1.g7520.t1	A	rna-XM_056781530.1	A
anno1.g7521.t1	A	rna-XM_056781528.1	A
anno1.g7522.t1	A	rna-XM_056781632.1	A
anno1.g7523.t1	A	rna-XM_056781531.1	A
anno1.g7524.t1	A	rna-XM_056777670.1	A
anno1.g873.t1	A	rna-XM_056774430.1	A
anno1.g874.t1	A	rna-XM_056785140.1	A
anno1.g876.t1	A	rna-XM_056776346.1	A
anno1.g869.t1	A	rna-XM_056782235.1	A
anno1.g870.t2	A	rna-XM_056782002.1	A
anno1.g871.t2	A	rna-XM_056780245.1	A
anno1.g872.t2	A	rna-XM_056781509.1	A
anno1.g868.t1	A	rna-XM_056775606.1	A
anno1.g853.t1	A	rna-XM_056774755.1	A
anno1.g856.t2	A	rna-XM_056792333.1	A
anno1.g859.t1	A	rna-XM_056782011.1	A
anno1.g860.t4	A	rna-XM_056776015.1	A
anno1.g861.t1	A	rna-XM_056776013.1	A
anno1.g862.t1	A	rna-XM_056776012.1	A
anno1.g863.t1	A	rna-XM_056790274.1	A
anno1.g864.t3	A	rna-XM_056778187.1	A
anno1.g865.t1	A	rna-XM_056792636.1	A
anno1.g848.t1	A	rna-XM_056788251.1	A
anno1.g850.t1	A	rna-XM_056774524.1	A
anno1.g846.t1	A	rna-XM_056780348.1	A
anno1.g824.t1	A	rna-XM_056779196.1	A
anno1.g825.t1	A	rna-XM_056779613.1	A
anno1.g826.t1	A	rna-XM_056779457.1	A
anno1.g827.t1	A	rna-XM_056779632.1	A
anno1.g828.t1	A	rna-XM_056780771.1	A
anno1.g829.t1	A	rna-XM_056786547.1	A
anno1.g834.t1	A	rna-XM_056779063.1	A
anno1.g835.t1	A	rna-XM_056778884.1	A
anno1.g837.t1	A	rna-XM_056778902.1	A
anno1.g838.t1	A	rna-XM_056778936.1	A
anno1.g843.t1	A	rna-XM_056782376.1	A
anno1.g845.t1	A	rna-XM_056777080.1	A
anno1.g822.t1	A	rna-XM_056787034.1	A
anno1.g811.t1	A	rna-XM_056776364.1	A
anno1.g816.t1	A	rna-XM_056776676.1	A
anno1.g775.t1	A	rna-XM_056783827.1	A
anno1.g776.t1	A	rna-XM_056783813.1	A
anno1.g777.t1	A	rna-XM_056788683.1	A
anno1.g778.t1	A	rna-XM_056787395.1	A
anno1.g779.t1	A	rna-XM_056778768.1	A
anno1.g780.t1	A	rna-XM_056791701.1	A
anno1.g781.t1	A	rna-XM_056782649.1	A
anno1.g782.t1	A	rna-XM_056793153.1	A
anno1.g783.t1	A	rna-XM_056788088.1	A
anno1.g784.t1	A	rna-XM_056787785.1	A
anno1.g786.t1	A	rna-XM_056787634.1	A
anno1.g787.t1	A	rna-XM_056787636.1	A
anno1.g788.t1	A	rna-XM_056792566.1	A
anno1.g789.t1	A	rna-XM_056787630.1	A
anno1.g790.t1	A	rna-XM_056787629.1	A
anno1.g794.t1	A	rna-XM_056774561.1	A
anno1.g796.t1	A	rna-XM_056783010.1	A
anno1.g799.t1	A	rna-XM_056786176.1	A
anno1.g800.t2	A	rna-XM_056782864.1	A
anno1.g801.t1	A	rna-XM_056790820.1	X
anno1.g805.t1	A	rna-XM_056780913.1	A
anno1.g808.t1	A	rna-XM_056780585.1	A
anno1.g766.t1	A	rna-XM_056793117.1	A
anno1.g767.t1	A	rna-XM_056791643.1	A
anno1.g7497.t1	A	rna-XM_056791846.1	A
anno1.g7498.t1	A	rna-XM_056779345.1	A
anno1.g7500.t5	A	rna-XM_056786540.1	A
anno1.g7501.t1	A	rna-XM_056786529.1	A
anno1.g7502.t1	A	rna-XM_056787518.1	A
anno1.g7504.t1	A	rna-XM_056784790.1	A
anno1.g7505.t2	A	rna-XM_056777600.1	A
anno1.g7506.t2	A	rna-XM_056777602.1	A
anno1.g7508.t1	A	rna-XM_056781584.1	A
anno1.g761.t1	A	rna-XM_056781866.1	A
anno1.g758.t1	A	rna-XM_056786103.1	A
anno1.g723.t1	A	rna-XM_056780905.1	A
anno1.g727.t1	A	rna-XM_056792457.1	A
anno1.g728.t2	A	rna-XM_056791045.1	X
anno1.g729.t1	A	rna-XM_056790663.1	X
anno1.g730.t2	A	rna-XM_056786823.1	A
anno1.g731.t1	A	rna-XM_056776229.1	A
anno1.g732.t1	A	rna-XM_056786268.1	A
anno1.g733.t1	A	rna-XM_056784232.1	A
anno1.g734.t2	A	rna-XM_056791691.1	A
anno1.g736.t1	A	rna-XM_056791699.1	A
anno1.g737.t1	A	rna-XM_056791698.1	A
anno1.g738.t1	A	rna-XM_056788245.1	A
anno1.g739.t1	A	rna-XM_056787704.1	A
anno1.g740.t1	A	rna-XM_056787731.1	A
anno1.g741.t2	A	rna-XM_056787674.1	A
anno1.g742.t1	A	rna-XM_056787757.1	A
anno1.g743.t1	A	rna-XM_056787396.1	A
anno1.g745.t1	A	rna-XM_056779384.1	A
anno1.g747.t2	A	rna-XM_056784659.1	A
anno1.g748.t1	A	rna-XM_056785309.1	A
anno1.g749.t1	A	rna-XM_056783271.1	A
anno1.g750.t1	A	rna-XM_056774336.1	A
anno1.g751.t1	A	rna-XM_056774344.1	A
anno1.g752.t1	A	rna-XM_056788070.1	A
anno1.g753.t1	A	rna-XM_056773548.1	A
anno1.g754.t1	A	rna-XM_056792607.1	A
anno1.g756.t1	A	rna-XM_056782594.1	A
anno1.g712.t2	A	rna-XM_056791158.1	X
anno1.g713.t2	A	rna-XM_056790292.1	X
anno1.g714.t1	A	rna-XM_056790895.1	X
anno1.g716.t1	A	rna-XM_056790473.1	X
anno1.g717.t1	A	rna-XM_056790478.1	X
anno1.g718.t1	A	rna-XM_056790480.1	X
anno1.g7486.t2	A	rna-XM_056781322.1	A
anno1.g7489.t1	A	rna-XM_056780148.1	A
anno1.g7491.t1	A	rna-XM_056780151.1	A
anno1.g7492.t1	A	rna-XM_056778179.1	A
anno1.g7496.t1	A	rna-XM_056784982.1	A
anno1.g709.t1	A	rna-XM_056774284.1	A
anno1.g710.t2	A	rna-XM_056784035.1	A
anno1.g706.t1	A	rna-XM_056782240.1	A
anno1.g652.t2	A	rna-XM_056774569.1	A
anno1.g653.t1	A	rna-XM_056774586.1	A
anno1.g654.t1	A	rna-XM_056774589.1	A
anno1.g659.t1	A	rna-XM_056784160.1	A
anno1.g660.t2	A	rna-XM_056784974.1	A
anno1.g662.t1	A	rna-XM_056792187.1	A
anno1.g663.t2	A	rna-XM_056791083.1	X
anno1.g664.t1	A	rna-XM_056773584.1	A
anno1.g670.t1	A	rna-XM_056792082.1	A
anno1.g672.t1	A	rna-XM_056792769.1	A
anno1.g673.t1	A	rna-XM_056792770.1	A
anno1.g674.t1	A	rna-XM_056792084.1	A
anno1.g675.t1	A	rna-XM_056784621.1	A
anno1.g676.t1	A	rna-XM_056784622.1	A
anno1.g677.t1	A	rna-XM_056784684.1	A
anno1.g678.t1	A	rna-XM_056791099.1	A
anno1.g680.t1	A	rna-XM_056792046.1	A
anno1.g681.t1	A	rna-XM_056791126.1	A
anno1.g682.t1	A	rna-XM_056773830.1	A
anno1.g683.t1	A	rna-XM_056777260.1	A
anno1.g684.t1	A	rna-XM_056784295.1	A
anno1.g685.t1	A	rna-XM_056784096.1	A
anno1.g686.t2	A	rna-XM_056784273.1	A
anno1.g688.t1	A	rna-XM_056792061.1	A
anno1.g690.t1	A	rna-XM_056779478.1	A
anno1.g692.t1	A	rna-XM_056782534.1	A
anno1.g694.t1	A	rna-XM_056791061.1	A
anno1.g695.t1	A	rna-XM_056777817.1	A
anno1.g696.t1	A	rna-XM_056774631.1	A
anno1.g698.t1	A	rna-XM_056774639.1	A
anno1.g701.t2	A	rna-XM_056782737.1	A
anno1.g704.t1	A	rna-XM_056778984.1	A
anno1.g7426.t1	A	rna-XM_056779470.1	A
anno1.g7427.t2	A	rna-XM_056791971.1	A
anno1.g7428.t1	A	rna-XM_056791972.1	A
anno1.g7429.t1	A	rna-XM_056791973.1	A
anno1.g7430.t1	A	rna-XM_056774986.1	A
anno1.g7431.t1	A	rna-XM_056775278.1	A
anno1.g7432.t1	A	rna-XM_056775234.1	A
anno1.g7434.t1	A	rna-XM_056775353.1	A
anno1.g7436.t1	A	rna-XM_056776231.1	A
anno1.g7437.t1	A	rna-XM_056774726.1	A
anno1.g7438.t1	A	rna-XM_056775095.1	A
anno1.g7439.t1	A	rna-XM_056774756.1	A
anno1.g7441.t1	A	rna-XM_056776148.1	A
anno1.g7443.t1	A	rna-XM_056774355.1	A
anno1.g7444.t1	A	rna-XM_056786115.1	A
anno1.g7445.t1	A	rna-XM_056778480.1	A
anno1.g7447.t1	A	rna-XM_056780806.1	A
anno1.g7448.t1	A	rna-XM_056776778.1	A
anno1.g7449.t1	A	rna-XM_056778745.1	A
anno1.g7450.t1	A	rna-XM_056779661.1	A
anno1.g7451.t2	A	rna-XM_056779660.1	A
anno1.g7452.t1	A	rna-XM_056776782.1	A
anno1.g7453.t1	A	rna-XM_056779875.1	A
anno1.g7454.t3	A	rna-XM_056787453.1	A
anno1.g7455.t1	A	rna-XM_056787393.1	A
anno1.g7456.t2	A	rna-XM_056780938.1	A
anno1.g7457.t1	A	rna-XM_056777073.1	A
anno1.g7458.t1	A	rna-XM_056777013.1	A
anno1.g7459.t1	A	rna-XM_056789211.1	X
anno1.g7460.t1	A	rna-XM_056778349.1	A
anno1.g7461.t1	A	rna-XM_056777356.1	A
anno1.g7462.t1	A	rna-XM_056777357.1	A
anno1.g7466.t1	A	rna-XM_056777368.1	A
anno1.g7467.t1	A	rna-XM_056776101.1	A
anno1.g7468.t1	A	rna-XM_056775309.1	A
anno1.g7469.t1	A	rna-XM_056774038.1	A
anno1.g7470.t1	A	rna-XM_056774044.1	A
anno1.g7471.t1	A	rna-XM_056786700.1	A
anno1.g7472.t1	A	rna-XM_056786709.1	A
anno1.g7473.t2	A	rna-XM_056790610.1	X
anno1.g7474.t1	A	rna-XM_056786562.1	A
anno1.g7475.t1	A	rna-XM_056786561.1	A
anno1.g7476.t1	A	rna-XM_056786551.1	A
anno1.g7477.t1	A	rna-XM_056786550.1	A
anno1.g7478.t1	A	rna-XM_056789810.1	X
anno1.g7479.t1	A	rna-XM_056781754.1	A
anno1.g7480.t1	A	rna-XM_056780885.1	A
anno1.g7481.t1	A	rna-XM_056776978.1	A
anno1.g7482.t1	A	rna-XM_056792703.1	A
anno1.g7410.t1	A	rna-XM_056784900.1	A
anno1.g7415.t1	A	rna-XM_056776309.1	A
anno1.g7416.t1	A	rna-XM_056787140.1	A
anno1.g7420.t2	A	rna-XM_056784320.1	A
anno1.g7423.t1	A	rna-XM_056792970.1	A
anno1.g7424.t1	A	rna-XM_056791793.1	A
anno1.g7425.t1	A	rna-XM_056792593.1	A
anno1.g644.t1	A	rna-XM_056792631.1	A
anno1.g645.t1	A	rna-XM_056793110.1	A
anno1.g638.t1	A	rna-XM_056791767.1	A
anno1.g639.t1	A	rna-XM_056780611.1	A
anno1.g640.t1	A	rna-XM_056778725.1	A
anno1.g573.t1	A	rna-XM_056778938.1	A
anno1.g575.t1	A	rna-XM_056778635.1	A
anno1.g576.t1	A	rna-XM_056781246.1	A
anno1.g577.t1	A	rna-XM_056778633.1	A
anno1.g579.t1	A	rna-XM_056778638.1	A
anno1.g582.t1	A	rna-XM_056782057.1	A
anno1.g585.t1	A	rna-XM_056774962.1	A
anno1.g586.t1	A	rna-XM_056789361.1	X
anno1.g587.t2	A	rna-XM_056785792.1	A
anno1.g588.t1	A	rna-XM_056778625.1	A
anno1.g590.t1	A	rna-XM_056792757.1	A
anno1.g591.t1	A	rna-XM_056791820.1	A
anno1.g592.t1	A	rna-XM_056791818.1	A
anno1.g594.t1	A	rna-XM_056774433.1	A
anno1.g599.t2	A	rna-XM_056775922.1	A
anno1.g602.t1	A	rna-XM_056775670.1	A
anno1.g603.t1	A	rna-XM_056791830.1	A
anno1.g606.t1	A	rna-XM_056788392.1	A
anno1.g607.t1	A	rna-XM_056788323.1	A
anno1.g608.t1	A	rna-XM_056788366.1	A
anno1.g609.t1	A	rna-XM_056788380.1	A
anno1.g610.t1	A	rna-XM_056788345.1	A
anno1.g611.t1	A	rna-XM_056788839.1	A
anno1.g613.t1	A	rna-XM_056776620.1	A
anno1.g615.t1	A	rna-XM_056777528.1	A
anno1.g616.t1	A	rna-XM_056786073.1	A
anno1.g617.t1	A	rna-XM_056777532.1	A
anno1.g618.t1	A	rna-XM_056777529.1	A
anno1.g619.t1	A	rna-XM_056780750.1	A
anno1.g621.t1	A	rna-XM_056777524.1	A
anno1.g622.t1	A	rna-XM_056777526.1	A
anno1.g623.t1	A	rna-XM_056780836.1	A
anno1.g624.t2	A	rna-XM_056789006.1	A
anno1.g625.t1	A	rna-XM_056787564.1	A
anno1.g627.t1	A	rna-XM_056788826.1	A
anno1.g628.t1	A	rna-XM_056777863.1	A
anno1.g629.t1	A	rna-XM_056775608.1	A
anno1.g630.t1	A	rna-XM_056789410.1	X
anno1.g631.t2	A	rna-XM_056789790.1	X
anno1.g632.t1	A	rna-XM_056789791.1	X
anno1.g635.t1	A	rna-XM_056782054.1	A
anno1.g636.t1	A	rna-XM_056782052.1	A
anno1.g558.t1	A	rna-XM_056791644.1	A
anno1.g559.t1	A	rna-XM_056789004.1	A
anno1.g560.t1	A	rna-XM_056788252.1	A
anno1.g561.t1	A	rna-XM_056788271.1	A
anno1.g563.t1	A	rna-XM_056775886.1	A
anno1.g564.t1	A	rna-XM_056781524.1	A
anno1.g566.t1	A	rna-XM_056775192.1	A
anno1.g569.t1	A	rna-XM_056790404.1	X
anno1.g570.t1	A	rna-XM_056790241.1	X
anno1.g571.t1	A	rna-XM_056789470.1	X
anno1.g7399.t2	A	rna-XM_056791620.1	A
anno1.g555.t1	A	rna-XM_056790464.1	X
anno1.g554.t1	A	rna-XM_056792228.1	A
anno1.g539.t1	A	rna-XM_056784279.1	A
anno1.g540.t1	A	rna-XM_056787392.1	A
anno1.g541.t1	A	rna-XM_056784735.1	A
anno1.g542.t1	A	rna-XM_056784661.1	A
anno1.g543.t1	A	rna-XM_056788888.1	A
anno1.g544.t1	A	rna-XM_056781079.1	A
anno1.g545.t1	A	rna-XM_056780847.1	A
anno1.g546.t1	A	rna-XM_056780341.1	A
anno1.g547.t1	A	rna-XM_056780823.1	A
anno1.g548.t1	A	rna-XM_056774669.1	A
anno1.g549.t1	A	rna-XM_056780822.1	A
anno1.g550.t1	A	rna-XM_056780816.1	A
anno1.g551.t1	A	rna-XM_056781848.1	A
anno1.g537.t1	A	rna-XM_056780939.1	A
anno1.g7389.t1	A	rna-XM_056788072.1	A
anno1.g7390.t3	A	rna-XM_056774510.1	A
anno1.g7391.t1	A	rna-XM_056774835.1	A
anno1.g7392.t1	A	rna-XM_056792635.1	A
anno1.g7395.t1	A	rna-XM_056781661.1	A
anno1.g527.t1	A	rna-XM_056778830.1	A
anno1.g487.t1	A	rna-XM_056788623.1	A
anno1.g491.t2	A	rna-XM_056788777.1	A
anno1.g492.t1	A	rna-XM_056788637.1	A
anno1.g493.t1	A	rna-XM_056788783.1	A
anno1.g494.t1	A	rna-XM_056788782.1	A
anno1.g498.t1	A	rna-XM_056788635.1	A
anno1.g499.t1	A	rna-XM_056788634.1	A
anno1.g500.t1	A	rna-XM_056788631.1	A
anno1.g502.t1	A	rna-XM_056780336.1	A
anno1.g503.t1	A	rna-XM_056789243.1	X
anno1.g504.t3	A	rna-XM_056789225.1	X
anno1.g506.t1	A	rna-XM_056789978.1	X
anno1.g507.t1	A	rna-XM_056789967.1	X
anno1.g508.t1	A	rna-XM_056789242.1	X
anno1.g509.t2	A	rna-XM_056790695.1	X
anno1.g511.t1	A	rna-XM_056788191.1	A
anno1.g512.t1	A	rna-XM_056788833.1	A
anno1.g513.t1	A	rna-XM_056783315.1	A
anno1.g514.t1	A	rna-XM_056773998.1	A
anno1.g515.t2	A	rna-XM_056787824.1	A
anno1.g516.t1	A	rna-XM_056789477.1	X
anno1.g517.t2	A	rna-XM_056789476.1	X
anno1.g518.t1	A	rna-XM_056777014.1	A
anno1.g520.t1	A	rna-XM_056783586.1	A
anno1.g522.t1	A	rna-XM_056775994.1	A
anno1.g524.t1	A	rna-XM_056775015.1	A
anno1.g482.t1	A	rna-XM_056791231.1	X
anno1.g483.t1	A	rna-XM_056776677.1	A
anno1.g484.t1	A	rna-XM_056791229.1	X
anno1.g7382.t1	A	rna-XM_056778047.1	A
anno1.g7385.t1	A	rna-XM_056774606.1	A
anno1.g476.t1	A	rna-XM_056785388.1	A
anno1.g469.t1	A	rna-XM_056781973.1	A
anno1.g472.t1	A	rna-XM_056777530.1	A
anno1.g465.t1	A	rna-XM_056779097.1	A
anno1.g466.t1	A	rna-XM_056779085.1	A
anno1.g468.t1	A	rna-XM_056785958.1	A
anno1.g435.t1	A	rna-XM_056787273.1	A
anno1.g436.t2	A	rna-XM_056787693.1	A
anno1.g437.t2	A	rna-XM_056787585.1	A
anno1.g438.t1	A	rna-XM_056787812.1	A
anno1.g439.t1	A	rna-XM_056787012.1	A
anno1.g440.t1	A	rna-XM_056787461.1	A
anno1.g441.t1	A	rna-XM_056785407.1	A
anno1.g442.t1	A	rna-XM_056785600.1	A
anno1.g443.t1	A	rna-XM_056785038.1	A
anno1.g444.t1	A	rna-XM_056787985.1	A
anno1.g445.t1	A	rna-XM_056787987.1	A
anno1.g446.t3	A	rna-XM_056787451.1	A
anno1.g447.t1	A	rna-XM_056787994.1	A
anno1.g448.t1	A	rna-XM_056787988.1	A
anno1.g449.t1	A	rna-XM_056787042.1	A
anno1.g450.t1	A	rna-XM_056778186.1	A
anno1.g451.t1	A	rna-XM_056780528.1	A
anno1.g452.t1	A	rna-XM_056780526.1	A
anno1.g457.t2	A	rna-XM_056775691.1	A
anno1.g458.t1	A	rna-XM_056775110.1	A
anno1.g459.t2	A	rna-XM_056790097.1	X
anno1.g460.t1	A	rna-XM_056791109.1	X
anno1.g462.t1	A	rna-XM_056779295.1	A
anno1.g431.t1	A	rna-XM_056792907.1	A
anno1.g432.t1	A	rna-XM_056786104.1	A
anno1.g7369.t1	A	rna-XM_056790299.1	X
anno1.g7370.t2	A	rna-XM_056788646.1	A
anno1.g7371.t1	A	rna-XM_056788648.1	A
anno1.g7373.t2	A	rna-XM_056776806.1	A
anno1.g7374.t1	A	rna-XM_056788243.1	A
anno1.g7375.t1	A	rna-XM_056779469.1	A
anno1.g7378.t1	A	rna-XM_056780367.1	A
anno1.g7379.t1	A	rna-XM_056783465.1	A
anno1.g7380.t1	A	rna-XM_056779468.1	A
anno1.g426.t1	A	rna-XM_056779376.1	A
anno1.g429.t1	A	rna-XM_056785198.1	A
anno1.g424.t1	A	rna-XM_056774231.1	A
anno1.g401.t2	A	rna-XM_056776950.1	A
anno1.g404.t1	A	rna-XM_056782954.1	A
anno1.g405.t1	A	rna-XM_056782990.1	A
anno1.g406.t1	A	rna-XM_056792922.1	A
anno1.g409.t1	A	rna-XM_056776359.1	A
anno1.g410.t1	A	rna-XM_056776360.1	A
anno1.g411.t1	A	rna-XM_056778410.1	A
anno1.g412.t1	A	rna-XM_056788765.1	A
anno1.g418.t1	A	rna-XM_056776650.1	A
anno1.g421.t1	A	rna-XM_056776656.1	A
anno1.g422.t1	A	rna-XM_056784109.1	A
anno1.g397.t1	A	rna-XM_056792473.1	A
anno1.g392.t2	A	rna-XM_056791438.1	A
anno1.g393.t3	A	rna-XM_056790944.1	X
anno1.g7359.t1	A	rna-XM_056778943.1	A
anno1.g7362.t1	A	rna-XM_056778616.1	A
anno1.g7363.t1	A	rna-XM_056791985.1	A
anno1.g7364.t1	A	rna-XM_056779733.1	A
anno1.g7365.t1	A	rna-XM_056786739.1	A
anno1.g7366.t1	A	rna-XM_056774465.1	A
anno1.g7367.t1	A	rna-XM_056790849.1	X
anno1.g386.t1	A	rna-XM_056781606.1	A
anno1.g389.t2	A	rna-XM_056783037.1	A
anno1.g384.t1	A	rna-XM_056780345.1	A
anno1.g317.t1	A	rna-XM_056786727.1	A
anno1.g318.t1	A	rna-XM_056786733.1	A
anno1.g320.t2	A	rna-XM_056792428.1	A
anno1.g321.t2	A	rna-XM_056792426.1	A
anno1.g322.t1	A	rna-XM_056792430.1	A
anno1.g323.t1	A	rna-XM_056776666.1	A
anno1.g324.t1	A	rna-XM_056785748.1	A
anno1.g325.t1	A	rna-XM_056776000.1	A
anno1.g326.t1	A	rna-XM_056775215.1	A
anno1.g327.t1	A	rna-XM_056775614.1	A
anno1.g329.t1	A	rna-XM_056781126.1	A
anno1.g330.t1	A	rna-XM_056781128.1	A
anno1.g331.t1	A	rna-XM_056787549.1	A
anno1.g332.t1	A	rna-XM_056776975.1	A
anno1.g333.t1	A	rna-XM_056778889.1	A
anno1.g334.t1	A	rna-XM_056778886.1	A
anno1.g335.t1	A	rna-XM_056777800.1	A
anno1.g336.t1	A	rna-XM_056777804.1	A
anno1.g337.t1	A	rna-XM_056777677.1	A
anno1.g338.t1	A	rna-XM_056777801.1	A
anno1.g339.t1	A	rna-XM_056777729.1	A
anno1.g340.t1	A	rna-XM_056777728.1	A
anno1.g341.t1	A	rna-XM_056777727.1	A
anno1.g343.t1	A	rna-XM_056777660.1	A
anno1.g344.t1	A	rna-XM_056776519.1	A
anno1.g345.t1	A	rna-XM_056776514.1	A
anno1.g346.t1	A	rna-XM_056776520.1	A
anno1.g348.t2	A	rna-XM_056777855.1	A
anno1.g349.t1	A	rna-XM_056778003.1	A
anno1.g350.t1	A	rna-XM_056780953.1	A
anno1.g353.t1	A	rna-XM_056780698.1	A
anno1.g354.t1	A	rna-XM_056782397.1	A
anno1.g355.t1	A	rna-XM_056781899.1	A
anno1.g356.t1	A	rna-XM_056774071.1	A
anno1.g358.t1	A	rna-XM_056792634.1	A
anno1.g359.t1	A	rna-XM_056792146.1	A
anno1.g360.t1	A	rna-XM_056792145.1	A
anno1.g361.t1	A	rna-XM_056792909.1	A
anno1.g363.t1	A	rna-XM_056781633.1	A
anno1.g364.t1	A	rna-XM_056786939.1	A
anno1.g365.t1	A	rna-XM_056786940.1	A
anno1.g366.t1	A	rna-XM_056776768.1	A
anno1.g367.t1	A	rna-XM_056792159.1	A
anno1.g368.t2	A	rna-XM_056792158.1	A
anno1.g372.t1	A	rna-XM_056792153.1	A
anno1.g373.t1	A	rna-XM_056773930.1	A
anno1.g375.t1	A	rna-XM_056773933.1	A
anno1.g376.t1	A	rna-XM_056792155.1	A
anno1.g378.t1	A	rna-XM_056792161.1	A
anno1.g315.t2	A	rna-XM_056790679.1	X
anno1.g7346.t1	A	rna-XM_056792728.1	A
anno1.g7347.t1	A	rna-XM_056792723.1	A
anno1.g7349.t1	A	rna-XM_056792200.1	A
anno1.g7350.t1	A	rna-XM_056792201.1	A
anno1.g7351.t1	A	rna-XM_056784138.1	A
anno1.g7352.t1	A	rna-XM_056782781.1	A
anno1.g7353.t1	A	rna-XM_056783595.1	A
anno1.g7354.t1	A	rna-XM_056779069.1	A
anno1.g7355.t1	A	rna-XM_056786050.1	A
anno1.g7357.t1	A	rna-XM_056776732.1	A
anno1.g303.t1	A	rna-XM_056781046.1	A
anno1.g304.t2	A	rna-XM_056781049.1	A
anno1.g306.t1	A	rna-XM_056789191.1	X
anno1.g309.t1	A	rna-XM_056780380.1	A
anno1.g311.t1	A	rna-XM_056780394.1	A
anno1.g302.t1	X	rna-XM_056790280.1	X
anno1.g298.t2	A	rna-XM_056788144.1	A
anno1.g299.t1	A	rna-XM_056786904.1	A
anno1.g300.t1	A	rna-XM_056786905.1	A
anno1.g248.t2	A	rna-XM_056775972.1	A
anno1.g250.t1	A	rna-XM_056788045.1	A
anno1.g251.t1	A	rna-XM_056777700.1	A
anno1.g252.t1	A	rna-XM_056777701.1	A
anno1.g253.t1	A	rna-XM_056777209.1	A
anno1.g254.t1	A	rna-XM_056776890.1	A
anno1.g255.t1	A	rna-XM_056777411.1	A
anno1.g256.t1	A	rna-XM_056787269.1	A
anno1.g259.t1	A	rna-XM_056787594.1	A
anno1.g260.t1	A	rna-XM_056786223.1	A
anno1.g261.t1	A	rna-XM_056786210.1	A
anno1.g262.t1	A	rna-XM_056786188.1	A
anno1.g263.t1	A	rna-XM_056786162.1	A
anno1.g264.t1	A	rna-XM_056783839.1	A
anno1.g265.t1	A	rna-XM_056787297.1	A
anno1.g266.t1	A	rna-XM_056792472.1	A
anno1.g267.t1	A	rna-XM_056793219.1	A
anno1.g268.t1	A	rna-XM_056785051.1	A
anno1.g269.t2	A	rna-XM_056778001.1	A
anno1.g270.t1	A	rna-XM_056777969.1	A
anno1.g271.t1	A	rna-XM_056777965.1	A
anno1.g272.t1	A	rna-XM_056778016.1	A
anno1.g273.t2	A	rna-XM_056781392.1	A
anno1.g274.t1	A	rna-XM_056780678.1	A
anno1.g276.t1	A	rna-XM_056774156.1	A
anno1.g277.t1	A	rna-XM_056784293.1	A
anno1.g279.t1	A	rna-XM_056777245.1	A
anno1.g280.t2	A	rna-XM_056777900.1	A
anno1.g281.t1	A	rna-XM_056783531.1	A
anno1.g284.t2	A	rna-XM_056783915.1	A
anno1.g285.t1	A	rna-XM_056788871.1	A
anno1.g286.t1	A	rna-XM_056781700.1	A
anno1.g287.t1	A	rna-XM_056778162.1	A
anno1.g288.t2	A	rna-XM_056789525.1	X
anno1.g290.t1	A	rna-XM_056781251.1	A
anno1.g291.t2	A	rna-XM_056787077.1	A
anno1.g293.t1	A	rna-XM_056789691.1	X
anno1.g295.t1	A	rna-XM_056789427.1	X
anno1.g296.t1	A	rna-XM_056790859.1	X
anno1.g245.t2	A	rna-XM_056792638.1	A
anno1.g246.t1	A	rna-XM_056780573.1	A
anno1.g237.t1	A	rna-XM_056778935.1	A
anno1.g239.t1	A	rna-XM_056789474.1	A
anno1.g240.t2	A	rna-XM_056789948.1	X
anno1.g241.t1	A	rna-XM_056789949.1	X
anno1.g242.t1	A	rna-XM_056778344.1	A
anno1.g243.t1	A	rna-XM_056774205.1	A
anno1.g7324.t2	A	rna-XM_056788350.1	A
anno1.g7326.t1	A	rna-XM_056778801.1	A
anno1.g7327.t1	A	rna-XM_056774285.1	A
anno1.g7328.t1	A	rna-XM_056786539.1	A
anno1.g7334.t1	A	rna-XM_056774287.1	A
anno1.g7335.t1	A	rna-XM_056775505.1	A
anno1.g7336.t1	A	rna-XM_056778952.1	A
anno1.g7337.t2	A	rna-XM_056786725.1	A
anno1.g7338.t2	A	rna-XM_056786966.1	A
anno1.g7339.t2	A	rna-XM_056790648.1	X
anno1.g7341.t1	A	rna-XM_056786174.1	A
anno1.g228.t5	A	rna-XM_056776789.1	A
anno1.g230.t1	A	rna-XM_056782899.1	A
anno1.g231.t1	A	rna-XM_056792616.1	A
anno1.g232.t1	A	rna-XM_056782736.1	A
anno1.g226.t2	A	rna-XM_056779601.1	A
anno1.g220.t2	A	rna-XM_056789405.1	X
anno1.g222.t1	A	rna-XM_056790360.1	X
anno1.g215.t1	A	rna-XM_056786804.1	A
anno1.g216.t1	A	rna-XM_056789084.1	X
anno1.g186.t2	A	rna-XM_056779178.1	A
anno1.g187.t2	A	rna-XM_056790162.1	A
anno1.g188.t1	A	rna-XM_056779405.1	A
anno1.g190.t1	A	rna-XM_056779414.1	A
anno1.g192.t1	A	rna-XM_056780001.1	A
anno1.g195.t1	A	rna-XM_056780002.1	A
anno1.g196.t1	A	rna-XM_056780021.1	A
anno1.g197.t1	A	rna-XM_056780019.1	A
anno1.g199.t1	A	rna-XM_056780023.1	A
anno1.g200.t2	A	rna-XM_056779407.1	A
anno1.g201.t2	A	rna-XM_056789153.1	A
anno1.g203.t3	A	rna-XM_056784466.1	A
anno1.g204.t1	A	rna-XM_056776923.1	A
anno1.g205.t1	A	rna-XM_056781780.1	A
anno1.g206.t1	A	rna-XM_056781792.1	A
anno1.g207.t2	A	rna-XM_056792406.1	A
anno1.g208.t1	A	rna-XM_056782769.1	A
anno1.g209.t1	A	rna-XM_056788801.1	A
anno1.g210.t1	A	rna-XM_056776899.1	A
anno1.g211.t1	A	rna-XM_056777158.1	A
anno1.g212.t1	A	rna-XM_056776981.1	A
anno1.g185.t1	A	rna-XM_056780687.1	A
anno1.g7322.t1	A	rna-XM_056789851.1	X
anno1.g7323.t1	A	rna-XM_056783778.1	A
anno1.g97.t1	A	rna-XM_056785641.1	A
anno1.g98.t1	A	rna-XM_056787729.1	A
anno1.g99.t1	A	rna-XM_056792277.1	A
anno1.g100.t1	A	rna-XM_056775248.1	A
anno1.g102.t1	A	rna-XM_056788587.1	A
anno1.g103.t2	A	rna-XM_056785649.1	A
anno1.g105.t1	A	rna-XM_056785911.1	A
anno1.g106.t1	A	rna-XM_056785912.1	A
anno1.g107.t1	A	rna-XM_056785916.1	A
anno1.g108.t1	A	rna-XM_056787592.1	A
anno1.g110.t1	A	rna-XM_056785324.1	A
anno1.g111.t1	A	rna-XM_056789528.1	A
anno1.g113.t1	A	rna-XM_056791463.1	A
anno1.g114.t1	A	rna-XM_056791513.1	A
anno1.g115.t1	A	rna-XM_056785512.1	A
anno1.g116.t1	A	rna-XM_056781926.1	A
anno1.g117.t1	A	rna-XM_056777311.1	A
anno1.g118.t1	A	rna-XM_056784023.1	A
anno1.g119.t1	A	rna-XM_056785394.1	A
anno1.g120.t1	A	rna-XM_056789345.1	X
anno1.g121.t1	A	rna-XM_056792776.1	A
anno1.g122.t1	A	rna-XM_056781480.1	A
anno1.g124.t1	A	rna-XM_056781441.1	A
anno1.g126.t11	A	rna-XM_056781449.1	A
anno1.g128.t1	A	rna-XM_056776522.1	A
anno1.g129.t1	A	rna-XM_056792531.1	A
anno1.g130.t1	A	rna-XM_056774595.1	A
anno1.g132.t1	A	rna-XM_056792289.1	A
anno1.g133.t2	A	rna-XM_056774596.1	A
anno1.g134.t1	A	rna-XM_056777320.1	A
anno1.g135.t1	A	rna-XM_056779501.1	A
anno1.g136.t1	A	rna-XM_056783928.1	A
anno1.g139.t1	A	rna-XM_056773743.1	A
anno1.g143.t2	A	rna-XM_056773745.1	A
anno1.g144.t1	A	rna-XM_056773746.1	A
anno1.g145.t2	A	rna-XM_056792604.1	A
anno1.g148.t1	A	rna-XM_056793244.1	A
anno1.g90.t1	A	rna-XM_056775155.1	A
anno1.g91.t1	A	rna-XM_056775156.1	A
anno1.g94.t1	A	rna-XM_056775389.1	A
anno1.g7312.t1	A	rna-XM_056784299.1	A
anno1.g7314.t1	A	rna-XM_056789021.1	A
anno1.g7315.t1	A	rna-XM_056788403.1	A
anno1.g78.t1	A	rna-XM_056781185.1	A
anno1.g75.t1	A	rna-XM_056786706.1	A
anno1.g76.t1	A	rna-XM_056786707.1	A
anno1.g30.t1	A	rna-XM_056790004.1	X
anno1.g31.t1	A	rna-XM_056790276.1	X
anno1.g32.t1	A	rna-XM_056780860.1	A
anno1.g34.t1	A	rna-XM_056776363.1	A
anno1.g35.t1	A	rna-XM_056777667.1	A
anno1.g38.t3	A	rna-XM_056777627.1	A
anno1.g39.t1	A	rna-XM_056777749.1	A
anno1.g40.t1	A	rna-XM_056776884.1	A
anno1.g41.t1	A	rna-XM_056784603.1	A
anno1.g42.t1	A	rna-XM_056777464.1	A
anno1.g45.t1	A	rna-XM_056777466.1	A
anno1.g46.t1	A	rna-XM_056786374.1	A
anno1.g47.t1	A	rna-XM_056785929.1	A
anno1.g48.t1	A	rna-XM_056784542.1	A
anno1.g52.t1	A	rna-XM_056777910.1	A
anno1.g54.t2	A	rna-XM_056776526.1	A
anno1.g55.t1	A	rna-XM_056776525.1	A
anno1.g56.t5	A	rna-XM_056776757.1	A
anno1.g57.t1	A	rna-XM_056777763.1	A
anno1.g58.t1	A	rna-XM_056783886.1	A
anno1.g59.t1	A	rna-XM_056783888.1	A
anno1.g60.t1	A	rna-XM_056779646.1	A
anno1.g61.t1	A	rna-XM_056779648.1	A
anno1.g62.t1	A	rna-XM_056791650.1	A
anno1.g63.t1	A	rna-XM_056779644.1	A
anno1.g64.t2	A	rna-XM_056779643.1	A
anno1.g65.t1	A	rna-XM_056789258.1	X
anno1.g66.t1	A	rna-XM_056785391.1	A
anno1.g67.t3	A	rna-XM_056782850.1	A
anno1.g68.t1	A	rna-XM_056782517.1	A
anno1.g69.t2	A	rna-XM_056777231.1	A
anno1.g71.t1	A	rna-XM_056782001.1	A
anno1.g26.t2	A	rna-XM_056783432.1	A
anno1.g27.t2	A	rna-XM_056783749.1	A
anno1.g28.t2	A	rna-XM_056783434.1	A
anno1.g29.t1	A	rna-XM_056777531.1	A
anno1.g23.t1	A	rna-XM_056786158.1	A
anno1.g24.t1	A	rna-XM_056780086.1	A
anno1.g7280.t1	A	rna-XM_056775420.1	A
anno1.g7281.t1	A	rna-XM_056775419.1	A
anno1.g7284.t1	A	rna-XM_056775162.1	A
anno1.g7285.t3	A	rna-XM_056775655.1	A
anno1.g7286.t1	A	rna-XM_056791621.1	A
anno1.g7288.t2	A	rna-XM_056775306.1	A
anno1.g7289.t1	A	rna-XM_056775313.1	A
anno1.g7290.t1	A	rna-XM_056775190.1	A
anno1.g7292.t1	A	rna-XM_056786680.1	A
anno1.g7293.t1	A	rna-XM_056774540.1	A
anno1.g7295.t1	A	rna-XM_056792831.1	A
anno1.g7297.t1	A	rna-XM_056777960.1	A
anno1.g7299.t1	A	rna-XM_056786341.1	A
anno1.g7300.t2	A	rna-XM_056786169.1	A
anno1.g7301.t1	A	rna-XM_056786784.1	A
anno1.g7302.t1	A	rna-XM_056787789.1	A
anno1.g7304.t1	A	rna-XM_056786244.1	A
anno1.g7309.t2	A	rna-XM_056791743.1	A
anno1.g7310.t5	A	rna-XM_056782363.1	A
anno1.g13.t1	A	rna-XM_056787166.1	A
anno1.g15.t1	A	rna-XM_056778512.1	A
anno1.g16.t1	A	rna-XM_056787411.1	A
anno1.g17.t1	A	rna-XM_056787732.1	A
anno1.g19.t2	A	rna-XM_056792562.1	A
anno1.g9.t2	A	rna-XM_056775146.1	A
anno1.both_agree_g15.t2	X	rna-XM_056789706.1	X
anno1.g3.t1	X	rna-XM_056789636.1	X
anno1.g7254.t1	A	rna-XM_056775434.1	A
anno1.g7257.t1	A	rna-XM_056775645.1	A
anno1.g7258.t2	A	rna-XM_056786666.1	A
anno1.g7259.t1	A	rna-XM_056776321.1	A
anno1.g7260.t1	A	rna-XM_056792018.1	A
anno1.g7262.t2	A	rna-XM_056789038.1	X
anno1.g7263.t2	A	rna-XM_056792846.1	A
anno1.g7264.t1	A	rna-XM_056776092.1	A
anno1.g7265.t1	A	rna-XM_056776090.1	A
anno1.g7266.t1	A	rna-XM_056776029.1	A
anno1.g7267.t1	A	rna-XM_056793252.1	A
anno1.g7268.t1	A	rna-XM_056787037.1	A
anno1.g7269.t1	A	rna-XM_056786913.1	A
anno1.g7273.t1	A	rna-XM_056783547.1	A
anno1.g7238.t2	A	rna-XM_056785126.1	A
anno1.g7239.t1	A	rna-XM_056793230.1	A
anno1.g7240.t1	A	rna-XM_056785940.1	A
anno1.g7243.t1	A	rna-XM_056788585.1	A
anno1.g7251.t1	A	rna-XM_056775563.1	A
anno1.g7217.t1	X	rna-XM_056789750.1	X
anno1.g7219.t3	X	rna-XM_056789682.1	X
anno1.g7220.t1	X	rna-XM_056789628.1	X
anno1.g7223.t1	X	rna-XM_056789629.1	X
anno1.g7224.t1	X	rna-XM_056791156.1	X
anno1.g7225.t1	X	rna-XM_056789990.1	X
anno1.g7226.t1	X	rna-XM_056789721.1	X
anno1.g7228.t1	X	rna-XM_056790884.1	X
anno1.g7230.t1	X	rna-XM_056790881.1	X
anno1.g7231.t1	X	rna-XM_056789138.1	X
anno1.g7232.t1	X	rna-XM_056790870.1	X
anno1.g7188.t1	A	rna-XM_056775450.1	A
anno1.g7190.t1	A	rna-XM_056786385.1	A
anno1.g7193.t2	A	rna-XM_056786382.1	A
anno1.g7194.t1	A	rna-XM_056782670.1	A
anno1.g7196.t1	A	rna-XM_056778706.1	A
anno1.g7197.t1	A	rna-XM_056783955.1	A
anno1.g7198.t9	A	rna-XM_056793173.1	A
anno1.g7199.t1	A	rna-XM_056782276.1	A
anno1.g7200.t1	A	rna-XM_056775626.1	A
anno1.g7201.t1	A	rna-XM_056784296.1	A
anno1.g7202.t1	A	rna-XM_056785019.1	A
anno1.g7203.t1	A	rna-XM_056779355.1	A
anno1.g7204.t4	A	rna-XM_056778050.1	A
anno1.g7206.t1	A	rna-XM_056790646.1	X
anno1.g7207.t1	A	rna-XM_056790638.1	X
anno1.g7208.t1	A	rna-XM_056790642.1	X
anno1.g7209.t1	A	rna-XM_056777007.1	A
anno1.g7210.t1	A	rna-XM_056788198.1	A
anno1.g7211.t1	A	rna-XM_056788997.1	A
anno1.g7212.t1	A	rna-XM_056784026.1	A
anno1.g7213.t1	A	rna-XM_056788770.1	A
anno1.g7214.t1	A	rna-XM_056788854.1	A
anno1.g7181.t1	A	rna-XM_056782841.1	A
anno1.g7182.t1	A	rna-XM_056787085.1	A
anno1.g7185.t2	A	rna-XM_056786130.1	A
anno1.g7172.t1	A	rna-XM_056788148.1	A
anno1.g7173.t1	A	rna-XM_056779899.1	A
anno1.g7174.t1	A	rna-XM_056784829.1	A
anno1.g7175.t1	A	rna-XM_056784677.1	A
anno1.g7176.t1	A	rna-XM_056785625.1	A
anno1.g7177.t1	A	rna-XM_056785634.1	A
anno1.g7178.t1	A	rna-XM_056775882.1	A
anno1.g7167.t3	A	rna-XM_056786079.1	A
anno1.g7168.t1	A	rna-XM_056783169.1	A
anno1.g7169.t1	A	rna-XM_056792076.1	A
anno1.g7170.t1	A	rna-XM_056792641.1	A
anno1.g7144.t1	A	rna-XM_056773862.1	A
anno1.g7145.t1	A	rna-XM_056777338.1	A
anno1.g7146.t3	A	rna-XM_056777342.1	A
anno1.g7148.t1	A	rna-XM_056778299.1	A
anno1.g7149.t2	A	rna-XM_056778297.1	A
anno1.g7152.t1	A	rna-XM_056784125.1	A
anno1.g7153.t1	A	rna-XM_056784124.1	A
anno1.g7154.t2	A	rna-XM_056775944.1	A
anno1.g7155.t1	A	rna-XM_056789116.1	X
anno1.g7156.t1	A	rna-XM_056787916.1	A
anno1.g7157.t2	A	rna-XM_056791037.1	A
anno1.g7159.t1	A	rna-XM_056775694.1	A
anno1.g7141.t1	X	rna-XM_056787865.1	A
anno1.g7068.t1	A	rna-XM_056775827.1	A
anno1.g7069.t1	A	rna-XM_056775847.1	A
anno1.g7070.t1	A	rna-XM_056775853.1	A
anno1.g7072.t1	A	rna-XM_056775857.1	A
anno1.g7073.t1	A	rna-XM_056775854.1	A
anno1.g7076.t1	A	rna-XM_056775503.1	A
anno1.g7078.t2	A	rna-XM_056790954.1	X
anno1.g7080.t2	A	rna-XM_056777718.1	A
anno1.g7081.t1	A	rna-XM_056785470.1	A
anno1.g7082.t1	A	rna-XM_056787130.1	A
anno1.g7083.t1	A	rna-XM_056784162.1	A
anno1.g7084.t1	A	rna-XM_056785591.1	A
anno1.g7085.t1	A	rna-XM_056784612.1	A
anno1.g7086.t1	A	rna-XM_056784607.1	A
anno1.g7087.t1	A	rna-XM_056784610.1	A
anno1.g7088.t1	A	rna-XM_056785823.1	A
anno1.g7089.t1	A	rna-XM_056781611.1	A
anno1.g7091.t1	A	rna-XM_056779416.1	A
anno1.g7092.t1	A	rna-XM_056778834.1	A
anno1.g7093.t1	A	rna-XM_056787627.1	A
anno1.g7094.t1	A	rna-XM_056779339.1	A
anno1.g7095.t1	A	rna-XM_056780572.1	A
anno1.g7096.t1	A	rna-XM_056775380.1	A
anno1.g7097.t1	A	rna-XM_056791845.1	A
anno1.g7098.t1	A	rna-XM_056774722.1	A
anno1.g7101.t1	A	rna-XM_056783274.1	A
anno1.g7103.t1	A	rna-XM_056778697.1	A
anno1.g7104.t1	A	rna-XM_056779961.1	A
anno1.g7105.t1	A	rna-XM_056779960.1	A
anno1.g7106.t1	A	rna-XM_056779959.1	A
anno1.g7107.t1	A	rna-XM_056779957.1	A
anno1.g7110.t1	A	rna-XM_056779186.1	A
anno1.g7115.t2	A	rna-XM_056779963.1	A
anno1.g7118.t1	A	rna-XM_056779966.1	A
anno1.g7120.t1	A	rna-XM_056779967.1	A
anno1.g7121.t1	A	rna-XM_056779968.1	A
anno1.g7122.t1	A	rna-XM_056779970.1	A
anno1.g7123.t1	A	rna-XM_056779971.1	A
anno1.g7124.t1	A	rna-XM_056779972.1	A
anno1.g7125.t1	A	rna-XM_056779158.1	A
anno1.g7129.t1	A	rna-XM_056779973.1	A
anno1.g7130.t1	A	rna-XM_056773878.1	A
anno1.g7131.t1	A	rna-XM_056779215.1	A
anno1.g7132.t1	A	rna-XM_056779201.1	A
anno1.g7134.t1	A	rna-XM_056778859.1	A
anno1.g7137.t1	A	rna-XM_056783146.1	A
anno1.g7138.t1	A	rna-XM_056782786.1	A
anno1.g7050.t2	A	rna-XM_056783066.1	A
anno1.g7051.t1	A	rna-XM_056790446.1	X
anno1.g7055.t1	A	rna-XM_056777163.1	A
anno1.g7056.t1	A	rna-XM_056777775.1	A
anno1.g7058.t1	A	rna-XM_056777772.1	A
anno1.g7059.t1	A	rna-XM_056777616.1	A
anno1.g7060.t1	A	rna-XM_056776632.1	A
anno1.g7061.t1	A	rna-XM_056777902.1	A
anno1.g7062.t1	A	rna-XM_056776629.1	A
anno1.g7063.t1	A	rna-XM_056777615.1	A
anno1.g7064.t1	A	rna-XM_056776631.1	A
anno1.g7066.t1	A	rna-XM_056777617.1	A
anno1.g7067.t1	A	rna-XM_056777769.1	A
anno1.g7033.t1	A	rna-XM_056785395.1	A
anno1.g7041.t1	A	rna-XM_056782348.1	A
anno1.g7045.t1	A	rna-XM_056791692.1	A
anno1.g7047.t1	A	rna-XM_056773955.1	A
anno1.g7048.t2	A	rna-XM_056782924.1	A
anno1.g7020.t1	A	rna-XM_056783098.1	A
anno1.g7022.t1	A	rna-XM_056792191.1	A
anno1.g7023.t1	A	rna-XM_056787947.1	A
anno1.g7024.t1	A	rna-XM_056790620.1	X
anno1.g7025.t1	A	rna-XM_056778452.1	A
anno1.g7026.t1	A	rna-XM_056779370.1	A
anno1.g7027.t1	A	rna-XM_056779315.1	A
anno1.g7003.t1	A	rna-XM_056785964.1	A
anno1.g7004.t2	A	rna-XM_056785983.1	A
anno1.g7005.t2	A	rna-XM_056786017.1	A
anno1.g7006.t1	A	rna-XM_056786027.1	A
anno1.g7007.t1	A	rna-XM_056786040.1	A
anno1.g7008.t1	A	rna-XM_056792495.1	A
anno1.g7009.t1	A	rna-XM_056786052.1	A
anno1.g7013.t2	A	rna-XM_056786069.1	A
anno1.g6992.t1	A	rna-XM_056782610.1	A
anno1.g6994.t1	A	rna-XM_056784113.1	A
anno1.g6996.t1	A	rna-XM_056782623.1	A
anno1.g6997.t1	A	rna-XM_056781922.1	A
anno1.g6984.t1	A	rna-XM_056773637.1	A
anno1.g6985.t1	A	rna-XM_056773632.1	A
anno1.g6986.t2	A	rna-XM_056776266.1	A
anno1.g6990.t1	A	rna-XM_056792962.1	A
anno1.g6980.t1	A	rna-XM_056792813.1	A
anno1.g6981.t1	A	rna-XM_056773551.1	A
anno1.g6983.t1	A	rna-XM_056786521.1	A
anno1.g6974.t3	X	rna-XM_056790547.1	X
anno1.g6975.t1	X	rna-XM_056789435.1	X
anno1.g6976.t1	X	rna-XM_056790545.1	X
anno1.g6977.t1	X	rna-XM_056790544.1	X
anno1.g6978.t1	X	rna-XM_056791217.1	X
anno1.g6911.t1	A	rna-XM_056779324.1	A
anno1.g6912.t1	A	rna-XM_056779321.1	A
anno1.g6913.t2	A	rna-XM_056779319.1	A
anno1.g6914.t1	A	rna-XM_056775964.1	A
anno1.g6915.t1	A	rna-XM_056783796.1	A
anno1.g6916.t1	A	rna-XM_056787669.1	A
anno1.g6917.t1	A	rna-XM_056792140.1	A
anno1.g6918.t2	A	rna-XM_056776624.1	A
anno1.g6919.t1	A	rna-XM_056780582.1	A
anno1.g6920.t1	A	rna-XM_056781818.1	A
anno1.g6921.t1	A	rna-XM_056778350.1	A
anno1.g6922.t3	A	rna-XM_056782087.1	A
anno1.g6923.t1	A	rna-XM_056780738.1	A
anno1.g6924.t1	A	rna-XM_056790613.1	X
anno1.g6925.t1	A	rna-XM_056790616.1	X
anno1.g6926.t1	A	rna-XM_056782881.1	A
anno1.g6928.t1	A	rna-XM_056782734.1	A
anno1.g6929.t2	A	rna-XM_056775933.1	A
anno1.g6930.t1	A	rna-XM_056775930.1	A
anno1.g6931.t1	A	rna-XM_056782764.1	A
anno1.g6932.t1	A	rna-XM_056783324.1	A
anno1.g6933.t1	A	rna-XM_056782880.1	A
anno1.g6937.t3	A	rna-XM_056782384.1	A
anno1.g6938.t3	A	rna-XM_056775957.1	A
anno1.g6939.t1	A	rna-XM_056780529.1	A
anno1.g6940.t1	A	rna-XM_056778614.1	A
anno1.g6941.t1	A	rna-XM_056790463.1	X
anno1.g6942.t1	A	rna-XM_056791090.1	X
anno1.g6944.t1	A	rna-XM_056783779.1	A
anno1.g6945.t1	A	rna-XM_056789209.1	X
anno1.g6946.t1	A	rna-XM_056792440.1	A
anno1.g6947.t1	A	rna-XM_056793045.1	A
anno1.g6948.t1	A	rna-XM_056788168.1	A
anno1.g6949.t3	A	rna-XM_056789194.1	X
anno1.g6950.t1	A	rna-XM_056781348.1	A
anno1.g6951.t1	A	rna-XM_056777190.1	A
anno1.g6952.t1	A	rna-XM_056777805.1	A
anno1.g6953.t1	A	rna-XM_056781904.1	A
anno1.g6956.t1	A	rna-XM_056793035.1	A
anno1.g6957.t1	A	rna-XM_056778089.1	A
anno1.g6958.t2	A	rna-XM_056780769.1	A
anno1.g6959.t1	A	rna-XM_056787860.1	A
anno1.g6960.t1	A	rna-XM_056784265.1	A
anno1.g6961.t1	A	rna-XM_056787036.1	A
anno1.g6962.t1	A	rna-XM_056789000.1	A
anno1.g6963.t1	A	rna-XM_056787332.1	A
anno1.g6965.t1	A	rna-XM_056774057.1	A
anno1.g6966.t2	A	rna-XM_056793018.1	A
anno1.g6971.t1	A	rna-XM_056776164.1	A
anno1.g6973.t1	A	rna-XM_056774998.1	A
anno1.g6906.t1	X	rna-XM_056790354.1	X
anno1.g6907.t3	X	rna-XM_056790192.1	X
anno1.g6908.t2	X	rna-XM_056789574.1	X
anno1.g6909.t1	X	rna-XM_056790179.1	X
anno1.g6898.t1	A	rna-XM_056791378.1	A
anno1.g6900.t1	A	rna-XM_056778043.1	A
anno1.g6902.t2	A	rna-XM_056778048.1	A
anno1.g6904.t1	A	rna-XM_056787639.1	A
anno1.g6884.t1	A	rna-XM_056791788.1	A
anno1.g6885.t1	A	rna-XM_056784203.1	A
anno1.g6886.t3	A	rna-XM_056784197.1	A
anno1.g6887.t1	A	rna-XM_056787737.1	A
anno1.g6888.t1	A	rna-XM_056774553.1	A
anno1.g6889.t1	A	rna-XM_056774528.1	A
anno1.g6890.t1	A	rna-XM_056787978.1	A
anno1.g6894.t2	A	rna-XM_056787976.1	A
anno1.g6878.t1	A	rna-XM_056775055.1	A
anno1.g6879.t3	A	rna-XM_056788844.1	A
anno1.g6874.t2	X	rna-XM_056789538.1	X
anno1.g6875.t1	X	rna-XM_056789952.1	X
anno1.g6876.t1	X	rna-XM_056790520.1	X
anno1.g6877.t1	X	rna-XM_056789166.1	X
anno1.g6860.t1	A	rna-XM_056791720.1	A
anno1.g6861.t3	A	rna-XM_056779082.1	A
anno1.g6862.t1	A	rna-XM_056774840.1	A
anno1.g6863.t1	A	rna-XM_056790118.1	X
anno1.g6864.t1	A	rna-XM_056793161.1	A
anno1.g6865.t1	A	rna-XM_056781906.1	A
anno1.g6866.t1	A	rna-XM_056789808.1	X
anno1.g6867.t1	A	rna-XM_056787060.1	A
anno1.g6869.t1	A	rna-XM_056781745.1	A
anno1.g6870.t1	A	rna-XM_056774398.1	A
anno1.g6839.t1	A	rna-XM_056775453.1	A
anno1.g6840.t1	A	rna-XM_056775921.1	A
anno1.g6843.t1	A	rna-XM_056790165.1	X
anno1.g6844.t1	A	rna-XM_056789733.1	X
anno1.g6845.t1	A	rna-XM_056790540.1	X
anno1.g6846.t1	A	rna-XM_056789993.1	X
anno1.g6847.t1	A	rna-XM_056789994.1	X
anno1.g6848.t1	A	rna-XM_056789947.1	X
anno1.g6849.t1	A	rna-XM_056787135.1	A
anno1.g6850.t1	A	rna-XM_056786775.1	A
anno1.g6851.t1	A	rna-XM_056776952.1	A
anno1.g6852.t1	A	rna-XM_056785619.1	A
anno1.g6853.t2	A	rna-XM_056780439.1	A
anno1.g6854.t4	A	rna-XM_056788029.1	A
anno1.g6855.t1	A	rna-XM_056781838.1	A
anno1.g6856.t1	A	rna-XM_056778027.1	A
anno1.g6857.t1	A	rna-XM_056787139.1	A
anno1.g6858.t1	A	rna-XM_056777966.1	A
anno1.g6832.t1	A	rna-XM_056792816.1	A
anno1.g6838.t1	A	rna-XM_056792810.1	A
anno1.g6784.t2	A	rna-XM_056790533.1	X
anno1.g6786.t1	A	rna-XM_056790719.1	X
anno1.g6787.t1	A	rna-XM_056792296.1	A
anno1.g6788.t2	A	rna-XM_056792514.1	A
anno1.g6789.t2	A	rna-XM_056792511.1	A
anno1.g6790.t1	A	rna-XM_056785268.1	A
anno1.g6792.t1	A	rna-XM_056792642.1	A
anno1.g6793.t1	A	rna-XM_056776028.1	A
anno1.g6794.t2	A	rna-XM_056786740.1	A
anno1.g6795.t1	A	rna-XM_056775216.1	A
anno1.g6796.t1	A	rna-XM_056774918.1	A
anno1.g6798.t1	A	rna-XM_056791858.1	A
anno1.g6799.t1	A	rna-XM_056774960.1	A
anno1.g6800.t1	A	rna-XM_056774956.1	A
anno1.g6801.t1	A	rna-XM_056774958.1	A
anno1.g6802.t2	A	rna-XM_056778979.1	A
anno1.g6803.t1	A	rna-XM_056776083.1	A
anno1.g6804.t1	A	rna-XM_056776089.1	A
anno1.g6805.t1	A	rna-XM_056784212.1	A
anno1.g6806.t1	A	rna-XM_056774992.1	A
anno1.g6809.t1	A	rna-XM_056774331.1	A
anno1.g6810.t1	A	rna-XM_056775576.1	A
anno1.g6811.t2	A	rna-XM_056775582.1	A
anno1.g6812.t1	A	rna-XM_056775575.1	A
anno1.g6813.t1	A	rna-XM_056775574.1	A
anno1.g6814.t1	A	rna-XM_056775220.1	A
anno1.g6815.t1	A	rna-XM_056775238.1	A
anno1.g6816.t1	A	rna-XM_056776304.1	A
anno1.g6817.t1	A	rna-XM_056776303.1	A
anno1.g6821.t1	A	rna-XM_056774925.1	A
anno1.g6822.t1	A	rna-XM_056778981.1	A
anno1.g6823.t1	A	rna-XM_056779653.1	A
anno1.g6778.t1	A	rna-XM_056782357.1	A
anno1.g6779.t1	A	rna-XM_056787809.1	A
anno1.g6780.t1	A	rna-XM_056787258.1	A
anno1.g6781.t1	A	rna-XM_056783059.1	A
anno1.g6782.t1	A	rna-XM_056783386.1	A
anno1.g6783.t1	A	rna-XM_056791731.1	A
anno1.g6774.t1	X	rna-XM_056789635.1	X
anno1.g6775.t1	X	rna-XM_056791224.1	X
anno1.g6776.t1	X	rna-XM_056789473.1	X
anno1.g6756.t1	A	rna-XM_056787780.1	A
anno1.g6760.t1	A	rna-XM_056781900.1	A
anno1.g6761.t1	A	rna-XM_056776516.1	A
anno1.g6762.t1	A	rna-XM_056787928.1	A
anno1.g6763.t1	A	rna-XM_056779749.1	A
anno1.g6764.t1	A	rna-XM_056778722.1	A
anno1.g6768.t1	A	rna-XM_056782272.1	A
anno1.g6769.t1	A	rna-XM_056782273.1	A
anno1.g6770.t1	A	rna-XM_056782274.1	A
anno1.g6771.t1	A	rna-XM_056778507.1	A
anno1.g6755.t1	A	rna-XM_056791857.1	A
anno1.g6751.t1	A	rna-XM_056784948.1	A
anno1.g6752.t1	A	rna-XM_056784760.1	A
anno1.g6753.t2	A	rna-XM_056784359.1	A
anno1.g6742.t1	A	rna-XM_056778160.1	A
anno1.g6743.t1	A	rna-XM_056778155.1	A
anno1.g6744.t1	A	rna-XM_056778148.1	A
anno1.g6745.t1	A	rna-XM_056777143.1	A
anno1.g6719.t1	A	rna-XM_056788716.1	A
anno1.g6720.t1	A	rna-XM_056788696.1	A
anno1.g6721.t2	A	rna-XM_056788575.1	A
anno1.g6722.t1	A	rna-XM_056788671.1	A
anno1.g6723.t1	A	rna-XM_056788728.1	A
anno1.g6726.t1	A	rna-XM_056775684.1	A
anno1.g6727.t1	A	rna-XM_056775179.1	A
anno1.g6729.t1	A	rna-XM_056783673.1	A
anno1.g6730.t1	A	rna-XM_056779985.1	A
anno1.g6731.t1	A	rna-XM_056792855.1	A
anno1.g6732.t1	A	rna-XM_056782575.1	A
anno1.g6733.t8	A	rna-XM_056792476.1	A
anno1.g6734.t1	A	rna-XM_056785894.1	A
anno1.g6735.t1	A	rna-XM_056774851.1	A
anno1.g6736.t1	A	rna-XM_056780652.1	A
anno1.g6737.t1	A	rna-XM_056774181.1	A
anno1.g6738.t1	A	rna-XM_056773980.1	A
anno1.g6739.t1	A	rna-XM_056781925.1	A
anno1.g6698.t1	A	rna-XM_056782962.1	A
anno1.g6699.t2	A	rna-XM_056782717.1	A
anno1.g6700.t1	A	rna-XM_056783090.1	A
anno1.g6703.t2	A	rna-XM_056786944.1	A
anno1.g6704.t2	A	rna-XM_056786942.1	A
anno1.g6706.t1	A	rna-XM_056787046.1	A
anno1.g6708.t1	A	rna-XM_056788958.1	A
anno1.g6709.t1	A	rna-XM_056778739.1	A
anno1.g6713.t1	A	rna-XM_056791968.1	A
anno1.g6714.t1	A	rna-XM_056791970.1	A
anno1.g6678.t1	A	rna-XM_056773891.1	A
anno1.g6680.t1	A	rna-XM_056777643.1	A
anno1.g6681.t1	A	rna-XM_056777645.1	A
anno1.g6682.t1	A	rna-XM_056776590.1	A
anno1.g6683.t1	A	rna-XM_056776486.1	A
anno1.g6684.t1	A	rna-XM_056777240.1	A
anno1.g6685.t1	A	rna-XM_056786750.1	A
anno1.g6686.t1	A	rna-XM_056786752.1	A
anno1.g6687.t1	A	rna-XM_056789239.1	A
anno1.g6688.t1	A	rna-XM_056783733.1	A
anno1.g6689.t1	A	rna-XM_056791359.1	A
anno1.g6690.t1	A	rna-XM_056785464.1	A
anno1.g6691.t1	A	rna-XM_056782590.1	A
anno1.g6692.t1	A	rna-XM_056782820.1	A
anno1.g6693.t1	A	rna-XM_056779548.1	A
anno1.g6694.t1	A	rna-XM_056793212.1	A
anno1.g6695.t4	A	rna-XM_056780323.1	A
anno1.g6696.t1	A	rna-XM_056776460.1	A
anno1.g6697.t1	A	rna-XM_056777845.1	A
anno1.g6606.t1	A	rna-XM_056782498.1	A
anno1.g6609.t1	A	rna-XM_056774449.1	A
anno1.g6610.t1	A	rna-XM_056790273.1	X
anno1.g6611.t1	A	rna-XM_056790271.1	X
anno1.g6612.t1	A	rna-XM_056783497.1	A
anno1.g6613.t1	A	rna-XM_056783125.1	A
anno1.g6614.t1	A	rna-XM_056790238.1	X
anno1.g6615.t2	A	rna-XM_056786864.1	A
anno1.g6618.t2	A	rna-XM_056788122.1	A
anno1.g6619.t1	A	rna-XM_056779481.1	A
anno1.g6620.t1	A	rna-XM_056792315.1	A
anno1.g6621.t1	A	rna-XM_056782934.1	A
anno1.g6622.t1	A	rna-XM_056783242.1	A
anno1.g6623.t1	A	rna-XM_056790964.1	X
anno1.g6625.t1	A	rna-XM_056792984.1	A
anno1.g6626.t1	A	rna-XM_056792986.1	A
anno1.g6629.t1	A	rna-XM_056773825.1	A
anno1.g6630.t1	A	rna-XM_056792796.1	A
anno1.g6631.t3	A	rna-XM_056792683.1	A
anno1.g6632.t1	A	rna-XM_056792687.1	A
anno1.g6633.t2	A	rna-XM_056792279.1	A
anno1.g6634.t1	A	rna-XM_056792859.1	A
anno1.g6635.t1	A	rna-XM_056792314.1	A
anno1.g6636.t1	A	rna-XM_056789388.1	X
anno1.g6637.t1	A	rna-XM_056774450.1	A
anno1.g6638.t1	A	rna-XM_056788475.1	A
anno1.g6640.t2	A	rna-XM_056781263.1	A
anno1.g6641.t2	A	rna-XM_056788476.1	A
anno1.g6642.t1	A	rna-XM_056778324.1	A
anno1.g6643.t1	A	rna-XM_056783019.1	A
anno1.g6644.t2	A	rna-XM_056793242.1	A
anno1.g6645.t1	A	rna-XM_056792166.1	A
anno1.g6646.t1	A	rna-XM_056792237.1	A
anno1.g6647.t1	A	rna-XM_056792301.1	A
anno1.g6648.t1	A	rna-XM_056786757.1	A
anno1.g6649.t2	A	rna-XM_056791897.1	A
anno1.g6650.t1	A	rna-XM_056785728.1	A
anno1.g6651.t1	A	rna-XM_056792928.1	A
anno1.g6652.t1	A	rna-XM_056777874.1	A
anno1.g6653.t1	A	rna-XM_056785540.1	A
anno1.g6654.t1	A	rna-XM_056778340.1	A
anno1.g6655.t2	A	rna-XM_056777215.1	A
anno1.g6656.t1	A	rna-XM_056778396.1	A
anno1.g6657.t1	A	rna-XM_056777481.1	A
anno1.g6658.t1	A	rna-XM_056777212.1	A
anno1.g6659.t1	A	rna-XM_056777922.1	A
anno1.g6660.t2	A	rna-XM_056777685.1	A
anno1.g6661.t1	A	rna-XM_056777200.1	A
anno1.g6662.t2	A	rna-XM_056781927.1	A
anno1.g6663.t3	A	rna-XM_056779865.1	A
anno1.g6664.t1	A	rna-XM_056791721.1	A
anno1.g6666.t2	A	rna-XM_056778445.1	A
anno1.g6667.t1	A	rna-XM_056792551.1	A
anno1.g6670.t1	A	rna-XM_056793210.1	A
anno1.g6671.t1	A	rna-XM_056793209.1	A
anno1.g6673.t1	A	rna-XM_056788981.1	A
anno1.g6674.t1	A	rna-XM_056784710.1	A
anno1.g6604.t1	A	rna-XM_056774360.1	A
anno1.g6592.t1	A	rna-XM_056782892.1	A
anno1.g6594.t1	A	rna-XM_056783596.1	A
anno1.g6595.t1	A	rna-XM_056788713.1	A
anno1.g6596.t1	A	rna-XM_056777280.1	A
anno1.g6597.t2	A	rna-XM_056777647.1	A
anno1.g6598.t1	A	rna-XM_056777952.1	A
anno1.g6600.t4	A	rna-XM_056777482.1	A
anno1.g6601.t1	A	rna-XM_056777954.1	A
anno1.g6591.t1	A	rna-XM_056783161.1	A
anno1.g6582.t2	A	rna-XM_056777098.1	A
anno1.g6583.t1	A	rna-XM_056789008.1	A
anno1.g6584.t1	A	rna-XM_056793068.1	A
anno1.g6570.t1	A	rna-XM_056773973.1	A
anno1.g6572.t2	A	rna-XM_056792706.1	A
anno1.g6574.t1	A	rna-XM_056788422.1	A
anno1.g6575.t1	A	rna-XM_056788451.1	A
anno1.g6576.t1	A	rna-XM_056790735.1	A
anno1.g6577.t1	A	rna-XM_056779032.1	A
anno1.g6578.t1	A	rna-XM_056792452.1	A
anno1.g6579.t1	A	rna-XM_056786239.1	A
anno1.g6580.t1	A	rna-XM_056786180.1	A
anno1.g6538.t1	A	rna-XM_056781895.1	A
anno1.g6540.t1	A	rna-XM_056786034.1	A
anno1.g6542.t1	A	rna-XM_056790782.1	X
anno1.g6545.t1	A	rna-XM_056788427.1	A
anno1.g6547.t2	A	rna-XM_056779509.1	A
anno1.g6548.t1	A	rna-XM_056779523.1	A
anno1.g6550.t2	A	rna-XM_056779520.1	A
anno1.g6551.t1	A	rna-XM_056791682.1	A
anno1.g6553.t1	A	rna-XM_056781777.1	A
anno1.g6554.t1	A	rna-XM_056780342.1	A
anno1.g6555.t1	A	rna-XM_056783573.1	A
anno1.g6556.t1	A	rna-XM_056777267.1	A
anno1.g6557.t1	A	rna-XM_056783103.1	A
anno1.g6558.t3	A	rna-XM_056785907.1	A
anno1.g6559.t1	A	rna-XM_056792382.1	A
anno1.g6561.t1	A	rna-XM_056773760.1	A
anno1.g6562.t1	A	rna-XM_056784187.1	A
anno1.g6563.t2	A	rna-XM_056778399.1	A
anno1.g6564.t1	A	rna-XM_056787788.1	A
anno1.g6565.t1	A	rna-XM_056787343.1	A
anno1.g6566.t1	A	rna-XM_056775593.1	A
anno1.g6567.t1	A	rna-XM_056776864.1	A
anno1.g6519.t1	A	rna-XM_056784536.1	A
anno1.g6522.t2	A	rna-XM_056790481.1	X
anno1.g6523.t1	A	rna-XM_056777693.1	A
anno1.g6524.t1	A	rna-XM_056778343.1	A
anno1.g6529.t1	A	rna-XM_056785761.1	A
anno1.g6530.t1	A	rna-XM_056782201.1	A
anno1.g6531.t1	A	rna-XM_056778906.1	A
anno1.g6533.t1	A	rna-XM_056791298.1	A
anno1.g6501.t1	A	rna-XM_056781984.1	A
anno1.g6503.t1	A	rna-XM_056780928.1	A
anno1.g6504.t1	A	rna-XM_056792287.1	A
anno1.g6505.t1	A	rna-XM_056787905.1	A
anno1.g6506.t1	A	rna-XM_056781260.1	A
anno1.g6507.t2	A	rna-XM_056787839.1	A
anno1.g6508.t2	A	rna-XM_056789148.1	X
anno1.g6509.t1	A	rna-XM_056787604.1	A
anno1.g6510.t1	A	rna-XM_056787605.1	A
anno1.g6511.t1	A	rna-XM_056783089.1	A
anno1.g6512.t1	A	rna-XM_056787015.1	A
anno1.g6514.t1	A	rna-XM_056776781.1	A
anno1.g6515.t1	A	rna-XM_056787350.1	A
anno1.g6499.t1	A	rna-XM_056791540.1	A
anno1.g6483.t1	X	rna-XM_056773982.1	A
anno1.g6484.t1	X	rna-XM_056791167.1	X
anno1.g6487.t1	X	rna-XM_056789871.1	X
anno1.g6488.t1	X	rna-XM_056790356.1	X
anno1.g6489.t1	X	rna-XM_056790414.1	X
anno1.g6490.t1	X	rna-XM_056789112.1	X
anno1.g6491.t1	X	rna-XM_056788090.1	A
anno1.g6492.t1	X	rna-XM_056789945.1	X
anno1.g6493.t1	X	rna-XM_056789605.1	X
anno1.g6459.t1	X	rna-XM_056790171.1	X
anno1.g6463.t3	X	rna-XM_056790832.1	X
anno1.g6464.t2	X	rna-XM_056790844.1	X
anno1.g6465.t3	X	rna-XM_056791001.1	X
anno1.g6467.t1	X	rna-XM_056791000.1	X
anno1.g6468.t1	X	rna-XM_056785181.1	A
anno1.g6469.t1	X	rna-XM_056790808.1	X
anno1.g6470.t1	X	rna-XM_056790394.1	X
anno1.g6471.t1	X	rna-XM_056790156.1	X
anno1.g6472.t2	X	rna-XM_056790445.1	X
anno1.g6473.t1	X	rna-XM_056790465.1	X
anno1.g6475.t1	X	rna-XM_056790138.1	X
anno1.g6477.t1	X	rna-XM_056790528.1	X
anno1.g6478.t1	X	rna-XM_056789288.1	X
anno1.g6479.t1	X	rna-XM_056790104.1	X
anno1.g6433.t1	A	rna-XM_056779639.1	A
anno1.g6434.t1	A	rna-XM_056780537.1	A
anno1.g6435.t1	A	rna-XM_056774066.1	A
anno1.g6437.t1	A	rna-XM_056777746.1	A
anno1.g6438.t1	A	rna-XM_056784025.1	A
anno1.g6439.t1	A	rna-XM_056785860.1	A
anno1.g6440.t1	A	rna-XM_056785861.1	A
anno1.g6441.t1	A	rna-XM_056784374.1	A
anno1.g6442.t1	A	rna-XM_056784709.1	A
anno1.g6444.t1	A	rna-XM_056784372.1	A
anno1.g6445.t1	A	rna-XM_056785277.1	A
anno1.g6447.t1	A	rna-XM_056785270.1	A
anno1.g6449.t1	A	rna-XM_056781119.1	A
anno1.g6451.t1	A	rna-XM_056786813.1	A
anno1.g6452.t1	A	rna-XM_056782521.1	A
anno1.g6453.t1	A	rna-XM_056779300.1	A
anno1.g6454.t1	A	rna-XM_056780640.1	A
anno1.g6455.t1	A	rna-XM_056780858.1	A
anno1.g6456.t1	A	rna-XM_056781006.1	A
anno1.g6457.t1	A	rna-XM_056780676.1	A
anno1.g6428.t1	A	rna-XM_056784114.1	A
anno1.g6429.t1	A	rna-XM_056776645.1	A
anno1.g6417.t1	A	rna-XM_056787573.1	A
anno1.g6396.t1	A	rna-XM_056776430.1	A
anno1.g6397.t1	A	rna-XM_056776892.1	A
anno1.g6398.t1	A	rna-XM_056776877.1	A
anno1.g6401.t1	A	rna-XM_056791829.1	A
anno1.g6402.t1	A	rna-XM_056792646.1	A
anno1.g6403.t1	A	rna-XM_056779828.1	A
anno1.g6384.t1	A	rna-XM_056775604.1	A
anno1.g6385.t1	A	rna-XM_056774968.1	A
anno1.g6387.t1	A	rna-XM_056781358.1	A
anno1.g6388.t1	A	rna-XM_056780626.1	A
anno1.g6389.t1	A	rna-XM_056780875.1	A
anno1.g6392.t1	A	rna-XM_056790334.1	X
anno1.g6345.t1	A	rna-XM_056777461.1	A
anno1.g6348.t3	A	rna-XM_056776071.1	A
anno1.g6349.t1	A	rna-XM_056777721.1	A
anno1.g6351.t1	A	rna-XM_056776939.1	A
anno1.g6352.t1	A	rna-XM_056776940.1	A
anno1.g6353.t1	A	rna-XM_056777563.1	A
anno1.g6354.t1	A	rna-XM_056792762.1	A
anno1.g6355.t1	A	rna-XM_056792007.1	A
anno1.g6356.t1	A	rna-XM_056789718.1	X
anno1.g6357.t1	A	rna-XM_056774797.1	A
anno1.g6358.t2	A	rna-XM_056790993.1	X
anno1.g6360.t1	A	rna-XM_056792085.1	A
anno1.g6361.t1	A	rna-XM_056777186.1	A
anno1.g6362.t1	A	rna-XM_056779225.1	A
anno1.g6363.t1	A	rna-XM_056785543.1	A
anno1.g6365.t1	A	rna-XM_056776937.1	A
anno1.g6367.t1	A	rna-XM_056774749.1	A
anno1.g6368.t1	A	rna-XM_056792559.1	A
anno1.g6369.t1	A	rna-XM_056791559.1	A
anno1.g6370.t1	A	rna-XM_056785020.1	A
anno1.g6371.t2	A	rna-XM_056792720.1	A
anno1.g6372.t3	A	rna-XM_056786021.1	A
anno1.g6373.t2	A	rna-XM_056786793.1	A
anno1.g6374.t2	A	rna-XM_056779786.1	A
anno1.g6375.t1	A	rna-XM_056778692.1	A
anno1.g6376.t2	A	rna-XM_056783215.1	A
anno1.g6378.t1	A	rna-XM_056783012.1	A
anno1.g6379.t1	A	rna-XM_056783015.1	A
anno1.g6381.t1	A	rna-XM_056780595.1	A
anno1.g6322.t1	A	rna-XM_056774265.1	A
anno1.g6325.t2	A	rna-XM_056778939.1	A
anno1.g6327.t1	A	rna-XM_056778728.1	A
anno1.g6328.t1	A	rna-XM_056778726.1	A
anno1.g6331.t1	A	rna-XM_056779462.1	A
anno1.g6332.t2	A	rna-XM_056778809.1	A
anno1.g6333.t1	A	rna-XM_056780322.1	A
anno1.g6334.t1	A	rna-XM_056774407.1	A
anno1.g6335.t1	A	rna-XM_056777125.1	A
anno1.g6336.t1	A	rna-XM_056783656.1	A
anno1.g6337.t1	A	rna-XM_056783969.1	A
anno1.g6338.t1	A	rna-XM_056788953.1	A
anno1.g6339.t1	A	rna-XM_056792471.1	A
anno1.g6341.t1	A	rna-XM_056789143.1	A
anno1.g6342.t2	A	rna-XM_056784725.1	A
anno1.g6343.t2	A	rna-XM_056785100.1	A
anno1.g6344.t3	A	rna-XM_056779161.1	A
anno1.g6308.t1	A	rna-XM_056793241.1	A
anno1.g6309.t1	A	rna-XM_056788664.1	A
anno1.g6310.t1	A	rna-XM_056781725.1	A
anno1.g6311.t1	A	rna-XM_056784597.1	A
anno1.g6312.t2	A	rna-XM_056782995.1	A
anno1.g6313.t1	A	rna-XM_056780895.1	A
anno1.g6315.t1	A	rna-XM_056776753.1	A
anno1.g6316.t1	A	rna-XM_056790699.1	X
anno1.g6317.t2	A	rna-XM_056789076.1	X
anno1.g6318.t1	A	rna-XM_056778831.1	A
anno1.g6319.t2	A	rna-XM_056787890.1	A
anno1.g6320.t1	A	rna-XM_056778733.1	A
anno1.g6321.t2	A	rna-XM_056781999.1	A
anno1.g6286.t1	A	rna-XM_056779243.1	A
anno1.g6287.t1	A	rna-XM_056777756.1	A
anno1.g6288.t1	A	rna-XM_056777755.1	A
anno1.g6290.t1	A	rna-XM_056775399.1	A
anno1.g6291.t1	A	rna-XM_056786444.1	A
anno1.g6292.t1	A	rna-XM_056786311.1	A
anno1.g6293.t1	A	rna-XM_056786189.1	A
anno1.g6294.t2	A	rna-XM_056787677.1	A
anno1.g6296.t1	A	rna-XM_056780059.1	A
anno1.g6297.t1	A	rna-XM_056780437.1	A
anno1.g6298.t1	A	rna-XM_056784721.1	A
anno1.g6299.t1	A	rna-XM_056785333.1	A
anno1.g6300.t1	A	rna-XM_056784722.1	A
anno1.g6301.t1	A	rna-XM_056784335.1	A
anno1.g6302.t1	A	rna-XM_056784933.1	A
anno1.g6304.t2	A	rna-XM_056784761.1	A
anno1.g6305.t1	A	rna-XM_056775960.1	A
anno1.g6306.t1	A	rna-XM_056785876.1	A
anno1.g6307.t1	A	rna-XM_056780997.1	A
anno1.g6281.t2	A	rna-XM_056780140.1	A
anno1.g6284.t1	A	rna-XM_056780142.1	A
anno1.g6285.t1	A	rna-XM_056780143.1	A
anno1.g6277.t1	A	rna-XM_056785054.1	A
anno1.g6278.t1	A	rna-XM_056782581.1	A
anno1.g6254.t1	X	rna-XM_056789444.1	X
anno1.g6256.t2	X	rna-XM_056790370.1	X
anno1.g6258.t1	X	rna-XM_056789680.1	X
anno1.g6259.t2	X	rna-XM_056790809.1	X
anno1.g6260.t1	X	rna-XM_056791105.1	X
anno1.g6261.t1	X	rna-XM_056791963.1	A
anno1.g6262.t2	X	rna-XM_056790438.1	X
anno1.g6264.t1	X	rna-XM_056791178.1	X
anno1.g6265.t5	X	rna-XM_056789640.1	X
anno1.g6267.t2	X	rna-XM_056790381.1	X
anno1.g6269.t2	X	rna-XM_056789195.1	X
anno1.g6272.t1	X	rna-XM_056790105.1	X
anno1.g6274.t1	X	rna-XM_056789582.1	X
anno1.g6275.t1	X	rna-XM_056790142.1	X
anno1.g6276.t1	X	rna-XM_056791174.1	X
anno1.g6247.t1	A	rna-XM_056774876.1	A
anno1.g6248.t3	A	rna-XM_056785783.1	A
anno1.g6249.t2	A	rna-XM_056788185.1	A
anno1.g6250.t2	A	rna-XM_056788891.1	A
anno1.g6253.t1	A	rna-XM_056777454.1	A
anno1.g6228.t1	A	rna-XM_056773884.1	A
anno1.g6229.t1	A	rna-XM_056773885.1	A
anno1.g6230.t1	A	rna-XM_056792613.1	A
anno1.g6232.t1	A	rna-XM_056793098.1	A
anno1.g6233.t1	A	rna-XM_056792603.1	A
anno1.g6234.t1	A	rna-XM_056787410.1	A
anno1.g6235.t1	A	rna-XM_056787165.1	A
anno1.g6236.t1	A	rna-XM_056778848.1	A
anno1.g6237.t1	A	rna-XM_056786159.1	A
anno1.g6238.t1	A	rna-XM_056790919.1	X
anno1.g6239.t2	A	rna-XM_056775701.1	A
anno1.g6240.t1	A	rna-XM_056774988.1	A
anno1.g6242.t1	A	rna-XM_056774362.1	A
anno1.g6244.t1	A	rna-XM_056774721.1	A
anno1.g6219.t1	X	rna-XM_056790384.1	X
anno1.g6221.t1	X	rna-XM_056789633.1	X
anno1.g6223.t1	X	rna-XM_056790385.1	X
anno1.g6225.t1	X	rna-XM_056789437.1	X
anno1.g6201.t1	A	rna-XM_056785991.1	A
anno1.g6203.t1	A	rna-XM_056792210.1	A
anno1.g6204.t1	A	rna-XM_056793138.1	A
anno1.g6205.t1	A	rna-XM_056788086.1	A
anno1.g6206.t1	A	rna-XM_056788087.1	A
anno1.g6207.t1	A	rna-XM_056792269.1	A
anno1.g6208.t1	A	rna-XM_056792267.1	A
anno1.g6209.t1	A	rna-XM_056774673.1	A
anno1.g6210.t2	A	rna-XM_056775029.1	A
anno1.g6213.t1	A	rna-XM_056775482.1	A
anno1.g6214.t1	A	rna-XM_056774916.1	A
anno1.g6216.t2	A	rna-XM_056774757.1	A
anno1.g6217.t2	A	rna-XM_056774549.1	A
anno1.g6165.t2	A	rna-XM_056785211.1	A
anno1.g6167.t1	A	rna-XM_056792972.1	A
anno1.g6168.t1	A	rna-XM_056792946.1	A
anno1.g6169.t1	A	rna-XM_056776452.1	A
anno1.g6171.t1	A	rna-XM_056777904.1	A
anno1.g6172.t1	A	rna-XM_056777663.1	A
anno1.g6173.t2	A	rna-XM_056777788.1	A
anno1.g6174.t1	A	rna-XM_056777463.1	A
anno1.g6175.t2	A	rna-XM_056777551.1	A
anno1.g6176.t1	A	rna-XM_056777046.1	A
anno1.g6177.t1	A	rna-XM_056774218.1	A
anno1.g6178.t1	A	rna-XM_056774220.1	A
anno1.g6179.t1	A	rna-XM_056774221.1	A
anno1.g6181.t1	A	rna-XM_056792833.1	A
anno1.g6182.t1	A	rna-XM_056793092.1	A
anno1.g6183.t1	A	rna-XM_056792305.1	A
anno1.g6185.t2	A	rna-XM_056789429.1	X
anno1.g6186.t1	A	rna-XM_056789434.1	X
anno1.g6187.t2	A	rna-XM_056783997.1	A
anno1.g6188.t1	A	rna-XM_056791717.1	A
anno1.g6189.t1	A	rna-XM_056783883.1	A
anno1.g6191.t1	A	rna-XM_056783181.1	A
anno1.g6192.t1	A	rna-XM_056783623.1	A
anno1.g6193.t1	A	rna-XM_056778676.1	A
anno1.g6194.t1	A	rna-XM_056783626.1	A
anno1.g6195.t1	A	rna-XM_056782985.1	A
anno1.g6196.t1	A	rna-XM_056783036.1	A
anno1.g6154.t2	A	rna-XM_056777483.1	A
anno1.g6155.t1	A	rna-XM_056788156.1	A
anno1.g6156.t1	A	rna-XM_056776370.1	A
anno1.g6157.t1	A	rna-XM_056776669.1	A
anno1.g6159.t1	A	rna-XM_056777165.1	A
anno1.g6161.t1	A	rna-XM_056777164.1	A
anno1.g6143.t1	A	rna-XM_056784015.1	A
anno1.g6147.t1	A	rna-XM_056787771.1	A
anno1.g6148.t1	A	rna-XM_056774194.1	A
anno1.g6150.t1	A	rna-XM_056785155.1	A
anno1.g6151.t1	A	rna-XM_056785148.1	A
anno1.g6152.t2	A	rna-XM_056785654.1	A
anno1.g6129.t1	A	rna-XM_056790073.1	X
anno1.g6134.t2	A	rna-XM_056775657.1	A
anno1.g6136.t1	A	rna-XM_056775541.1	A
anno1.g6138.t1	A	rna-XM_056774468.1	A
anno1.g6140.t1	A	rna-XM_056789450.1	X
anno1.g6141.t1	A	rna-XM_056775354.1	A
anno1.g6142.t1	A	rna-XM_056790630.1	X
anno1.g6114.t1	A	rna-XM_056786090.1	A
anno1.g6116.t1	A	rna-XM_056788306.1	A
anno1.g6118.t1	A	rna-XM_056788342.1	A
anno1.g6119.t1	A	rna-XM_056774252.1	A
anno1.g6121.t1	A	rna-XM_056774527.1	A
anno1.g6122.t2	A	rna-XM_056774526.1	A
anno1.g6123.t1	A	rna-XM_056774426.1	A
anno1.g6124.t2	A	rna-XM_056783377.1	A
anno1.g6125.t1	A	rna-XM_056779446.1	A
anno1.g6083.t1	A	rna-XM_056782236.1	A
anno1.g6084.t1	A	rna-XM_056782297.1	A
anno1.g6085.t1	A	rna-XM_056779151.1	A
anno1.g6086.t1	A	rna-XM_056783530.1	A
anno1.g6087.t1	A	rna-XM_056786263.1	A
anno1.g6088.t1	A	rna-XM_056789953.1	X
anno1.g6089.t1	A	rna-XM_056786262.1	A
anno1.g6090.t2	A	rna-XM_056776043.1	A
anno1.g6091.t1	A	rna-XM_056776042.1	A
anno1.g6092.t1	A	rna-XM_056776046.1	A
anno1.g6093.t2	A	rna-XM_056776038.1	A
anno1.g6094.t1	A	rna-XM_056776246.1	A
anno1.g6095.t1	A	rna-XM_056786708.1	A
anno1.g6096.t1	A	rna-XM_056786377.1	A
anno1.g6097.t1	A	rna-XM_056786375.1	A
anno1.g6098.t1	A	rna-XM_056780127.1	A
anno1.g6099.t1	A	rna-XM_056780126.1	A
anno1.g6100.t1	A	rna-XM_056782780.1	A
anno1.g6101.t1	A	rna-XM_056776233.1	A
anno1.g6102.t1	A	rna-XM_056792423.1	A
anno1.g6103.t1	A	rna-XM_056789224.1	A
anno1.g6104.t1	A	rna-XM_056783512.1	A
anno1.g6106.t1	A	rna-XM_056788195.1	A
anno1.g6107.t2	A	rna-XM_056788196.1	A
anno1.g6108.t1	A	rna-XM_056788815.1	A
anno1.g6110.t1	A	rna-XM_056788237.1	A
anno1.g6111.t1	A	rna-XM_056788233.1	A
anno1.g6113.t1	A	rna-XM_056788571.1	A
anno1.g6076.t1	A	rna-XM_056775659.1	A
anno1.g6080.t2	A	rna-XM_056775368.1	A
anno1.g6051.t1	A	rna-XM_056784224.1	A
anno1.g6052.t1	A	rna-XM_056784346.1	A
anno1.g6053.t1	A	rna-XM_056785541.1	A
anno1.g6055.t1	A	rna-XM_056774760.1	A
anno1.g6056.t2	A	rna-XM_056776027.1	A
anno1.g6057.t1	A	rna-XM_056780981.1	A
anno1.g6058.t1	A	rna-XM_056781008.1	A
anno1.g6059.t1	A	rna-XM_056775024.1	A
anno1.g6060.t1	A	rna-XM_056792618.1	A
anno1.g6062.t1	A	rna-XM_056777124.1	A
anno1.g6063.t1	A	rna-XM_056775920.1	A
anno1.g6065.t1	A	rna-XM_056775917.1	A
anno1.g6066.t2	A	rna-XM_056775522.1	A
anno1.g6067.t1	A	rna-XM_056775414.1	A
anno1.g6068.t2	A	rna-XM_056775413.1	A
anno1.g6069.t1	A	rna-XM_056774733.1	A
anno1.g6070.t1	A	rna-XM_056781742.1	A
anno1.g6071.t1	A	rna-XM_056781342.1	A
anno1.g6072.t1	A	rna-XM_056787929.1	A
anno1.g6043.t1	A	rna-XM_056783750.1	A
anno1.g6028.t1	A	rna-XM_056784927.1	A
anno1.g6032.t1	A	rna-XM_056784928.1	A
anno1.g6033.t1	A	rna-XM_056774932.1	A
anno1.g6035.t1	A	rna-XM_056777347.1	A
anno1.g6037.t1	A	rna-XM_056773586.1	A
anno1.g6038.t1	A	rna-XM_056783361.1	A
anno1.g6039.t1	A	rna-XM_056781389.1	A
anno1.g6041.t1	A	rna-XM_056784944.1	A
anno1.g5913.t1	A	rna-XM_056782735.1	A
anno1.g5914.t1	A	rna-XM_056782755.1	A
anno1.g5915.t1	A	rna-XM_056782724.1	A
anno1.g5916.t1	A	rna-XM_056786875.1	A
anno1.g5917.t1	A	rna-XM_056788353.1	A
anno1.g5918.t1	A	rna-XM_056786770.1	A
anno1.g5919.t1	A	rna-XM_056780294.1	A
anno1.g5920.t1	A	rna-XM_056786462.1	A
anno1.g5921.t1	A	rna-XM_056777111.1	A
anno1.g5923.t1	A	rna-XM_056776176.1	A
anno1.g5924.t1	A	rna-XM_056774300.1	A
anno1.g5925.t1	A	rna-XM_056774303.1	A
anno1.g5926.t1	A	rna-XM_056775315.1	A
anno1.g5927.t1	A	rna-XM_056793130.1	A
anno1.g5928.t1	A	rna-XM_056774013.1	A
anno1.g5930.t1	A	rna-XM_056779830.1	A
anno1.g5931.t2	A	rna-XM_056780105.1	A
anno1.g5932.t1	A	rna-XM_056781809.1	A
anno1.g5933.t1	A	rna-XM_056789291.1	X
anno1.g5934.t1	A	rna-XM_056790777.1	X
anno1.g5935.t1	A	rna-XM_056778514.1	A
anno1.g5936.t1	A	rna-XM_056778476.1	A
anno1.g5937.t1	A	rna-XM_056781335.1	A
anno1.g5938.t1	A	rna-XM_056781363.1	A
anno1.g5939.t1	A	rna-XM_056791997.1	A
anno1.g5940.t1	A	rna-XM_056783364.1	A
anno1.g5941.t1	A	rna-XM_056791998.1	A
anno1.g5945.t1	A	rna-XM_056792014.1	A
anno1.g5947.t1	A	rna-XM_056783045.1	A
anno1.g5948.t1	A	rna-XM_056779317.1	A
anno1.g5949.t2	A	rna-XM_056781272.1	A
anno1.g5952.t1	A	rna-XM_056781257.1	A
anno1.g5953.t1	A	rna-XM_056791953.1	A
anno1.g5954.t1	A	rna-XM_056791950.1	A
anno1.g5955.t1	A	rna-XM_056786695.1	A
anno1.g5956.t1	A	rna-XM_056789918.1	A
anno1.g5957.t1	A	rna-XM_056789944.1	A
anno1.g5958.t1	A	rna-XM_056789930.1	A
anno1.g5959.t1	A	rna-XM_056789899.1	A
anno1.g5963.t1	A	rna-XM_056787054.1	A
anno1.g5965.t1	A	rna-XM_056777179.1	A
anno1.g5966.t1	A	rna-XM_056780961.1	A
anno1.g5967.t1	A	rna-XM_056783926.1	A
anno1.g5968.t1	A	rna-XM_056783388.1	A
anno1.g5969.t1	A	rna-XM_056781014.1	A
anno1.g5970.t1	A	rna-XM_056775683.1	A
anno1.g5971.t1	A	rna-XM_056792675.1	A
anno1.g5972.t1	A	rna-XM_056773766.1	A
anno1.g5974.t1	A	rna-XM_056773767.1	A
anno1.g5975.t1	A	rna-XM_056791979.1	A
anno1.g5976.t1	A	rna-XM_056775666.1	A
anno1.g5977.t1	A	rna-XM_056780616.1	A
anno1.g5978.t1	A	rna-XM_056781652.1	A
anno1.g5979.t1	A	rna-XM_056783610.1	A
anno1.g5980.t3	A	rna-XM_056783689.1	A
anno1.g5981.t1	A	rna-XM_056783688.1	A
anno1.g5983.t1	A	rna-XM_056782392.1	A
anno1.g5984.t1	A	rna-XM_056787655.1	A
anno1.g5985.t1	A	rna-XM_056778600.1	A
anno1.g5987.t1	A	rna-XM_056785243.1	A
anno1.g5988.t1	A	rna-XM_056785233.1	A
anno1.g5989.t1	A	rna-XM_056785234.1	A
anno1.g5990.t1	A	rna-XM_056785361.1	A
anno1.g5991.t1	A	rna-XM_056785988.1	A
anno1.g5992.t1	A	rna-XM_056785986.1	A
anno1.g5993.t1	A	rna-XM_056786423.1	A
anno1.g5994.t2	A	rna-XM_056786246.1	A
anno1.g5995.t1	A	rna-XM_056786241.1	A
anno1.g5997.t1	A	rna-XM_056778389.1	A
anno1.g5998.t1	A	rna-XM_056782174.1	A
anno1.g5999.t1	A	rna-XM_056779320.1	A
anno1.g6001.t1	A	rna-XM_056779938.1	A
anno1.g6002.t2	A	rna-XM_056779417.1	A
anno1.g6003.t2	A	rna-XM_056779420.1	A
anno1.g6004.t1	A	rna-XM_056783055.1	A
anno1.g6005.t1	A	rna-XM_056780123.1	A
anno1.g6006.t1	A	rna-XM_056782956.1	A
anno1.g6007.t1	A	rna-XM_056782723.1	A
anno1.both_agree_g5101.t2	A	rna-XM_056778498.1	A
anno1.g6009.t2	A	rna-XM_056782601.1	A
anno1.g6010.t1	A	rna-XM_056782702.1	A
anno1.g6011.t1	A	rna-XM_056782686.1	A
anno1.g6012.t1	A	rna-XM_056791956.1	A
anno1.g6013.t1	A	rna-XM_056774014.1	A
anno1.g6014.t1	A	rna-XM_056787668.1	A
anno1.g6015.t1	A	rna-XM_056783360.1	A
anno1.g6016.t1	A	rna-XM_056780902.1	A
anno1.g6017.t1	A	rna-XM_056789446.1	X
anno1.g6020.t1	A	rna-XM_056790819.1	X
anno1.g6021.t4	A	rna-XM_056782315.1	A
anno1.g6022.t1	A	rna-XM_056778031.1	A
anno1.g6023.t1	A	rna-XM_056775959.1	A
anno1.g6024.t1	A	rna-XM_056788675.1	A
anno1.g6025.t1	A	rna-XM_056783726.1	A
anno1.g5875.t1	A	rna-XM_056779378.1	A
anno1.g5877.t1	A	rna-XM_056778818.1	A
anno1.g5878.t1	A	rna-XM_056779546.1	A
anno1.g5880.t1	A	rna-XM_056774580.1	A
anno1.g5881.t1	A	rna-XM_056774982.1	A
anno1.g5882.t1	A	rna-XM_056775259.1	A
anno1.g5883.t1	A	rna-XM_056774976.1	A
anno1.g5884.t1	A	rna-XM_056787225.1	A
anno1.g5885.t1	A	rna-XM_056787228.1	A
anno1.g5886.t1	A	rna-XM_056784623.1	A
anno1.g5887.t1	A	rna-XM_056778164.1	A
anno1.g5888.t1	A	rna-XM_056779573.1	A
anno1.g5889.t1	A	rna-XM_056779390.1	A
anno1.g5890.t1	A	rna-XM_056792854.1	A
anno1.g5891.t1	A	rna-XM_056774106.1	A
anno1.g5892.t1	A	rna-XM_056783947.1	A
anno1.g5893.t1	A	rna-XM_056783931.1	A
anno1.g5894.t1	A	rna-XM_056783933.1	A
anno1.g5895.t2	A	rna-XM_056783935.1	A
anno1.g5898.t1	A	rna-XM_056783937.1	A
anno1.g5899.t1	A	rna-XM_056779239.1	A
anno1.g5900.t2	A	rna-XM_056776247.1	A
anno1.g5901.t1	A	rna-XM_056776240.1	A
anno1.g5902.t1	A	rna-XM_056780932.1	A
anno1.g5903.t2	A	rna-XM_056792260.1	A
anno1.g5906.t2	A	rna-XM_056780047.1	A
anno1.g5907.t1	A	rna-XM_056778780.1	A
anno1.g5908.t1	A	rna-XM_056785432.1	A
anno1.g5909.t1	A	rna-XM_056788823.1	A
anno1.g5910.t1	A	rna-XM_056791724.1	A
anno1.g5858.t1	A	rna-XM_056774045.1	A
anno1.g5859.t2	A	rna-XM_056774040.1	A
anno1.g5860.t1	A	rna-XM_056777265.1	A
anno1.g5861.t1	A	rna-XM_056791074.1	X
anno1.g5862.t1	A	rna-XM_056790626.1	X
anno1.g5863.t1	A	rna-XM_056780832.1	A
anno1.g5864.t1	A	rna-XM_056790609.1	X
anno1.g5867.t1	A	rna-XM_056785518.1	A
anno1.g5869.t4	A	rna-XM_056782592.1	A
anno1.g5871.t1	A	rna-XM_056792288.1	A
anno1.g5872.t1	A	rna-XM_056775157.1	A
anno1.g5873.t1	A	rna-XM_056777015.1	A
anno1.g5874.t1	A	rna-XM_056783618.1	A
anno1.g5849.t2	A	rna-XM_056786682.1	A
anno1.g5850.t1	A	rna-XM_056786439.1	A
anno1.g5851.t1	A	rna-XM_056787040.1	A
anno1.g5852.t1	A	rna-XM_056780474.1	A
anno1.g5855.t1	A	rna-XM_056780703.1	A
anno1.g5856.t1	A	rna-XM_056781397.1	A
anno1.g5829.t1	A	rna-XM_056789201.1	X
anno1.g5831.t1	A	rna-XM_056789588.1	X
anno1.g5832.t1	A	rna-XM_056789174.1	X
anno1.g5834.t1	A	rna-XM_056789173.1	X
anno1.g5835.t1	A	rna-XM_056790072.1	X
anno1.g5838.t1	A	rna-XM_056790071.1	X
anno1.g5839.t1	A	rna-XM_056789339.1	X
anno1.g5841.t1	A	rna-XM_056789912.1	X
anno1.g5842.t1	A	rna-XM_056789592.1	X
anno1.g5843.t1	A	rna-XM_056782648.1	A
anno1.g5845.t2	A	rna-XM_056774858.1	A
anno1.g5846.t1	A	rna-XM_056790643.1	X
anno1.g5848.t1	A	rna-XM_056788044.1	A
anno1.g5816.t1	A	rna-XM_056788680.1	A
anno1.g5817.t2	A	rna-XM_056789885.1	A
anno1.g5818.t1	A	rna-XM_056789878.1	A
anno1.g5819.t1	A	rna-XM_056779017.1	A
anno1.g5820.t1	A	rna-XM_056786006.1	A
anno1.g5821.t1	A	rna-XM_056786011.1	A
anno1.g5822.t1	A	rna-XM_056792116.1	A
anno1.g5824.t1	A	rna-XM_056788412.1	A
anno1.g5825.t1	A	rna-XM_056774770.1	A
anno1.g5814.t1	A	rna-XM_056781190.1	A
anno1.g5808.t1	A	rna-XM_056782480.1	A
anno1.g5809.t1	A	rna-XM_056778401.1	A
anno1.g5810.t1	A	rna-XM_056791737.1	A
anno1.g5792.t1	A	rna-XM_056773821.1	A
anno1.g5793.t1	A	rna-XM_056790044.1	X
anno1.g5794.t1	A	rna-XM_056790046.1	X
anno1.g5796.t1	A	rna-XM_056785381.1	A
anno1.g5797.t1	A	rna-XM_056793159.1	A
anno1.g5798.t1	A	rna-XM_056776597.1	A
anno1.g5801.t1	A	rna-XM_056775386.1	A
anno1.g5802.t2	A	rna-XM_056776320.1	A
anno1.g5803.t1	A	rna-XM_056774518.1	A
anno1.g5804.t1	A	rna-XM_056774970.1	A
anno1.g5791.t1	A	rna-XM_056782742.1	A
anno1.g5775.t2	A	rna-XM_056782845.1	A
anno1.g5776.t1	A	rna-XM_056782896.1	A
anno1.g5777.t1	A	rna-XM_056781797.1	A
anno1.g5778.t1	A	rna-XM_056779419.1	A
anno1.g5779.t1	A	rna-XM_056779437.1	A
anno1.g5780.t1	A	rna-XM_056781883.1	A
anno1.g5783.t1	A	rna-XM_056782349.1	A
anno1.g5784.t2	A	rna-XM_056776249.1	A
anno1.g5785.t1	A	rna-XM_056776161.1	A
anno1.g5786.t1	A	rna-XM_056792781.1	A
anno1.g5787.t1	A	rna-XM_056789603.1	X
anno1.g5771.t1	A	rna-XM_056778022.1	A
anno1.g5708.t1	A	rna-XM_056777346.1	A
anno1.g5709.t1	A	rna-XM_056774159.1	A
anno1.g5710.t1	A	rna-XM_056782831.1	A
anno1.g5711.t1	A	rna-XM_056789534.1	X
anno1.g5712.t1	A	rna-XM_056782495.1	A
anno1.g5714.t1	A	rna-XM_056780583.1	A
anno1.g5717.t1	A	rna-XM_056782834.1	A
anno1.g5721.t1	A	rna-XM_056782836.1	A
anno1.g5724.t1	A	rna-XM_056787403.1	A
anno1.g5725.t2	A	rna-XM_056778357.1	A
anno1.g5727.t3	A	rna-XM_056785538.1	A
anno1.g5729.t1	A	rna-XM_056784094.1	A
anno1.g5730.t1	A	rna-XM_056785168.1	A
anno1.g5731.t1	A	rna-XM_056785169.1	A
anno1.g5732.t3	A	rna-XM_056785410.1	A
anno1.g5734.t2	A	rna-XM_056784120.1	A
anno1.g5735.t1	A	rna-XM_056785679.1	A
anno1.g5736.t1	A	rna-XM_056785848.1	A
anno1.g5737.t1	A	rna-XM_056785533.1	A
anno1.g5738.t1	A	rna-XM_056785836.1	A
anno1.g5739.t1	A	rna-XM_056783494.1	A
anno1.g5740.t1	A	rna-XM_056781666.1	A
anno1.g5741.t1	A	rna-XM_056782727.1	A
anno1.g5742.t1	A	rna-XM_056782729.1	A
anno1.g5743.t1	A	rna-XM_056783265.1	A
anno1.g5744.t1	A	rna-XM_056782751.1	A
anno1.g5745.t1	A	rna-XM_056777123.1	A
anno1.g5746.t1	A	rna-XM_056776417.1	A
anno1.g5747.t1	A	rna-XM_056783832.1	A
anno1.g5748.t1	A	rna-XM_056782264.1	A
anno1.g5749.t1	A	rna-XM_056780568.1	A
anno1.g5751.t1	A	rna-XM_056781045.1	A
anno1.g5752.t2	A	rna-XM_056781004.1	A
anno1.g5753.t1	A	rna-XM_056785319.1	A
anno1.g5754.t1	A	rna-XM_056785314.1	A
anno1.g5755.t1	A	rna-XM_056788735.1	A
anno1.g5756.t1	A	rna-XM_056788741.1	A
anno1.g5758.t1	A	rna-XM_056785294.1	A
anno1.g5760.t1	A	rna-XM_056785291.1	A
anno1.g5761.t1	A	rna-XM_056776936.1	A
anno1.g5762.t1	A	rna-XM_056783358.1	A
anno1.g5763.t1	A	rna-XM_056780379.1	A
anno1.g5764.t1	A	rna-XM_056777446.1	A
anno1.g5765.t1	A	rna-XM_056785091.1	A
anno1.g5769.t1	A	rna-XM_056777287.1	A
anno1.g5770.t1	A	rna-XM_056779229.1	A
anno1.g5687.t1	A	rna-XM_056785282.1	A
anno1.g5688.t1	A	rna-XM_056777717.1	A
anno1.g5689.t1	A	rna-XM_056781344.1	A
anno1.g5690.t1	A	rna-XM_056785658.1	A
anno1.g5691.t1	A	rna-XM_056777583.1	A
anno1.g5692.t1	A	rna-XM_056787076.1	A
anno1.g5693.t1	A	rna-XM_056791055.1	X
anno1.g5694.t1	A	rna-XM_056791065.1	X
anno1.g5696.t1	A	rna-XM_056785012.1	A
anno1.g5697.t1	A	rna-XM_056780312.1	A
anno1.g5700.t1	A	rna-XM_056779067.1	A
anno1.g5701.t1	A	rna-XM_056786107.1	A
anno1.g5702.t1	A	rna-XM_056786109.1	A
anno1.g5703.t1	A	rna-XM_056786105.1	A
anno1.g5704.t1	A	rna-XM_056792995.1	A
anno1.g5705.t1	A	rna-XM_056784161.1	A
anno1.g5706.t1	A	rna-XM_056793052.1	A
anno1.g5707.t2	A	rna-XM_056786671.1	A
anno1.g5681.t1	A	rna-XM_056789868.1	X
anno1.g5674.t1	A	rna-XM_056780409.1	A
anno1.g5668.t1	A	rna-XM_056786514.1	A
anno1.g5670.t3	A	rna-XM_056786685.1	A
anno1.g5635.t1	A	rna-XM_056790572.1	X
anno1.g5636.t1	A	rna-XM_056784552.1	A
anno1.g5637.t1	A	rna-XM_056783338.1	A
anno1.g5638.t2	A	rna-XM_056788565.1	A
anno1.g5639.t1	A	rna-XM_056775160.1	A
anno1.g5640.t1	A	rna-XM_056793116.1	A
anno1.g5642.t1	A	rna-XM_056774082.1	A
anno1.g5643.t1	A	rna-XM_056792358.1	A
anno1.g5644.t1	A	rna-XM_056792872.1	A
anno1.g5645.t1	A	rna-XM_056774080.1	A
anno1.g5646.t2	A	rna-XM_056783607.1	A
anno1.g5647.t1	A	rna-XM_056782855.1	A
anno1.g5648.t1	A	rna-XM_056782269.1	A
anno1.g5649.t1	A	rna-XM_056782584.1	A
anno1.g5651.t2	A	rna-XM_056782980.1	A
anno1.g5654.t1	A	rna-XM_056779635.1	A
anno1.g5655.t1	A	rna-XM_056793063.1	A
anno1.g5656.t1	A	rna-XM_056775301.1	A
anno1.g5657.t1	A	rna-XM_056783241.1	A
anno1.g5658.t1	A	rna-XM_056786989.1	A
anno1.g5659.t1	A	rna-XM_056787079.1	A
anno1.g5660.t1	A	rna-XM_056781490.1	A
anno1.g5663.t1	A	rna-XM_056781182.1	A
anno1.g5664.t1	A	rna-XM_056781188.1	A
anno1.g5665.t1	A	rna-XM_056781177.1	A
anno1.g5599.t1	A	rna-XM_056784930.1	A
anno1.g5600.t1	A	rna-XM_056784745.1	A
anno1.g5601.t1	A	rna-XM_056784743.1	A
anno1.g5602.t1	A	rna-XM_056786238.1	A
anno1.g5603.t1	A	rna-XM_056784742.1	A
anno1.g5605.t1	A	rna-XM_056774062.1	A
anno1.g5607.t1	A	rna-XM_056778105.1	A
anno1.g5608.t3	A	rna-XM_056775405.1	A
anno1.g5609.t1	A	rna-XM_056786564.1	A
anno1.g5610.t1	A	rna-XM_056786559.1	A
anno1.g5612.t1	A	rna-XM_056778107.1	A
anno1.g5613.t1	A	rna-XM_056788030.1	A
anno1.g5614.t1	A	rna-XM_056786024.1	A
anno1.g5615.t1	A	rna-XM_056781600.1	A
anno1.g5618.t1	A	rna-XM_056777352.1	A
anno1.g5619.t1	A	rna-XM_056792825.1	A
anno1.g5620.t2	A	rna-XM_056773674.1	A
anno1.g5625.t1	A	rna-XM_056778040.1	A
anno1.g5579.t1	A	rna-XM_056781722.1	A
anno1.g5582.t1	A	rna-XM_056783119.1	A
anno1.g5583.t4	A	rna-XM_056778328.1	A
anno1.g5585.t1	A	rna-XM_056783873.1	A
anno1.g5586.t1	A	rna-XM_056778475.1	A
anno1.g5587.t1	A	rna-XM_056792908.1	A
anno1.g5588.t1	A	rna-XM_056779486.1	A
anno1.g5590.t1	A	rna-XM_056792089.1	A
anno1.g5591.t1	A	rna-XM_056792087.1	A
anno1.g5592.t1	A	rna-XM_056786281.1	A
anno1.g5593.t1	A	rna-XM_056787741.1	A
anno1.g5594.t1	A	rna-XM_056792230.1	A
anno1.g5595.t1	A	rna-XM_056783691.1	A
anno1.g5596.t1	A	rna-XM_056782747.1	A
anno1.g5575.t2	A	rna-XM_056792111.1	A
anno1.g5577.t2	A	rna-XM_056784356.1	A
anno1.g5565.t1	A	rna-XM_056790846.1	X
anno1.g5566.t1	A	rna-XM_056790845.1	X
anno1.g5567.t1	A	rna-XM_056773892.1	A
anno1.g5568.t1	A	rna-XM_056788265.1	A
anno1.g5569.t2	A	rna-XM_056788256.1	A
anno1.g5570.t1	A	rna-XM_056788283.1	A
anno1.g5573.t1	A	rna-XM_056790673.1	X
anno1.g5533.t1	A	rna-XM_056788660.1	A
anno1.g5534.t1	A	rna-XM_056788661.1	A
anno1.g5535.t2	A	rna-XM_056788787.1	A
anno1.g5536.t1	A	rna-XM_056788786.1	A
anno1.g5537.t1	A	rna-XM_056788796.1	A
anno1.g5538.t2	A	rna-XM_056788557.1	A
anno1.g5539.t1	A	rna-XM_056788662.1	A
anno1.g5540.t1	A	rna-XM_056788663.1	A
anno1.g5541.t2	A	rna-XM_056785806.1	A
anno1.g5542.t2	A	rna-XM_056783217.1	A
anno1.g5543.t2	A	rna-XM_056792892.1	A
anno1.g5545.t4	A	rna-XM_056777662.1	A
anno1.g5546.t1	A	rna-XM_056777770.1	A
anno1.g5547.t1	A	rna-XM_056777764.1	A
anno1.g5548.t1	A	rna-XM_056776614.1	A
anno1.g5549.t1	A	rna-XM_056777261.1	A
anno1.g5550.t1	A	rna-XM_056776720.1	A
anno1.g5551.t1	A	rna-XM_056776719.1	A
anno1.g5552.t1	A	rna-XM_056777337.1	A
anno1.g5553.t1	A	rna-XM_056777581.1	A
anno1.g5554.t1	A	rna-XM_056777716.1	A
anno1.g5555.t1	A	rna-XM_056777586.1	A
anno1.g5557.t1	A	rna-XM_056791196.1	X
anno1.g5532.t1	A	rna-XM_056774067.1	A
anno1.g5531.t1	A	rna-XM_056790187.1	X
anno1.g5489.t1	A	rna-XM_056780798.1	A
anno1.g5490.t1	A	rna-XM_056780450.1	A
anno1.g5491.t1	A	rna-XM_056783282.1	A
anno1.g5492.t1	A	rna-XM_056787559.1	A
anno1.g5495.t1	A	rna-XM_056781604.1	A
anno1.g5496.t1	A	rna-XM_056781608.1	A
anno1.g5497.t1	A	rna-XM_056778478.1	A
anno1.g5498.t1	A	rna-XM_056782787.1	A
anno1.g5499.t1	A	rna-XM_056782305.1	A
anno1.g5500.t1	A	rna-XM_056773604.1	A
anno1.g5501.t1	A	rna-XM_056773611.1	A
anno1.g5503.t1	A	rna-XM_056775163.1	A
anno1.g5504.t1	A	rna-XM_056792999.1	A
anno1.g5505.t3	A	rna-XM_056773600.1	A
anno1.g5506.t1	A	rna-XM_056773612.1	A
anno1.g5508.t1	A	rna-XM_056780561.1	A
anno1.g5509.t1	A	rna-XM_056773616.1	A
anno1.g5511.t1	A	rna-XM_056791862.1	A
anno1.g5513.t2	A	rna-XM_056774693.1	A
anno1.g5514.t1	A	rna-XM_056775509.1	A
anno1.g5515.t1	A	rna-XM_056775549.1	A
anno1.g5518.t1	A	rna-XM_056787667.1	A
anno1.g5519.t1	A	rna-XM_056777033.1	A
anno1.g5520.t1	A	rna-XM_056776593.1	A
anno1.g5522.t1	A	rna-XM_056792750.1	A
anno1.g5523.t1	A	rna-XM_056791922.1	A
anno1.g5524.t1	A	rna-XM_056781181.1	A
anno1.g5525.t1	A	rna-XM_056789039.1	X
anno1.g5527.t1	A	rna-XM_056782598.1	A
anno1.g5528.t1	A	rna-XM_056775123.1	A
anno1.g5529.t1	A	rna-XM_056791685.1	A
anno1.g5409.t1	A	rna-XM_056775594.1	A
anno1.g5410.t1	A	rna-XM_056781121.1	A
anno1.g5411.t1	A	rna-XM_056783366.1	A
anno1.g5413.t1	A	rna-XM_056790718.1	X
anno1.g5414.t1	A	rna-XM_056790716.1	X
anno1.g5415.t1	A	rna-XM_056786336.1	A
anno1.g5416.t2	A	rna-XM_056774036.1	A
anno1.g5417.t2	A	rna-XM_056774033.1	A
anno1.g5418.t1	A	rna-XM_056787803.1	A
anno1.g5419.t1	A	rna-XM_056787435.1	A
anno1.g5421.t1	A	rna-XM_056775782.1	A
anno1.g5422.t2	A	rna-XM_056775641.1	A
anno1.g5423.t1	A	rna-XM_056775643.1	A
anno1.g5424.t1	A	rna-XM_056775391.1	A
anno1.g5425.t1	A	rna-XM_056775106.1	A
anno1.g5426.t1	A	rna-XM_056775109.1	A
anno1.g5427.t1	A	rna-XM_056775104.1	A
anno1.g5428.t1	A	rna-XM_056775289.1	A
anno1.g5430.t1	A	rna-XM_056784186.1	A
anno1.g5431.t1	A	rna-XM_056786936.1	A
anno1.g5432.t1	A	rna-XM_056786538.1	A
anno1.g5433.t1	A	rna-XM_056792758.1	A
anno1.g5437.t1	A	rna-XM_056775050.1	A
anno1.g5438.t1	A	rna-XM_056783840.1	A
anno1.g5441.t2	A	rna-XM_056783959.1	A
anno1.g5442.t1	A	rna-XM_056778837.1	A
anno1.g5445.t1	A	rna-XM_056788385.1	A
anno1.g5446.t2	A	rna-XM_056788952.1	A
anno1.g5451.t1	A	rna-XM_056788343.1	A
anno1.g5452.t1	A	rna-XM_056786287.1	A
anno1.g5453.t1	A	rna-XM_056782287.1	A
anno1.g5454.t2	A	rna-XM_056778569.1	A
anno1.g5460.t1	A	rna-XM_056778574.1	A
anno1.g5462.t2	A	rna-XM_056788001.1	A
anno1.g5464.t1	A	rna-XM_056778310.1	A
anno1.g5465.t1	A	rna-XM_056792867.1	A
anno1.g5466.t1	A	rna-XM_056778303.1	A
anno1.g5467.t1	A	rna-XM_056778288.1	A
anno1.g5468.t1	A	rna-XM_056777354.1	A
anno1.g5469.t1	A	rna-XM_056778300.1	A
anno1.g5478.t1	A	rna-XM_056778281.1	A
anno1.g5479.t1	A	rna-XM_056778284.1	A
anno1.g5480.t1	A	rna-XM_056778278.1	A
anno1.g5481.t1	A	rna-XM_056778280.1	A
anno1.g5482.t1	A	rna-XM_056793096.1	A
anno1.g5483.t1	A	rna-XM_056778262.1	A
anno1.g5484.t6	A	rna-XM_056778273.1	A
anno1.g5485.t1	A	rna-XM_056778276.1	A
anno1.g5487.t1	A	rna-XM_056776891.1	A
anno1.g5383.t1	A	rna-XM_056789905.1	X
anno1.g5384.t1	A	rna-XM_056779597.1	A
anno1.g5385.t1	A	rna-XM_056789064.1	X
anno1.g5386.t1	A	rna-XM_056789065.1	X
anno1.g5387.t1	A	rna-XM_056790634.1	X
anno1.g5388.t1	A	rna-XM_056773590.1	A
anno1.g5389.t1	A	rna-XM_056793027.1	A
anno1.g5390.t1	A	rna-XM_056792695.1	A
anno1.g5391.t1	A	rna-XM_056786087.1	A
anno1.g5392.t1	A	rna-XM_056786744.1	A
anno1.g5393.t1	A	rna-XM_056784669.1	A
anno1.g5395.t1	A	rna-XM_056773808.1	A
anno1.g5397.t1	A	rna-XM_056782121.1	A
anno1.g5399.t1	A	rna-XM_056775573.1	A
anno1.g5400.t1	A	rna-XM_056782741.1	A
anno1.g5401.t1	A	rna-XM_056790078.1	X
anno1.g5373.t1	A	rna-XM_056773639.1	A
anno1.g5374.t1	A	rna-XM_056773642.1	A
anno1.g5375.t1	A	rna-XM_056793085.1	A
anno1.g5376.t1	A	rna-XM_056793083.1	A
anno1.g5378.t14	A	rna-XM_056792408.1	A
anno1.g5359.t2	X	rna-XM_056789724.1	X
anno1.g5360.t2	X	rna-XM_056789382.1	X
anno1.g5361.t2	X	rna-XM_056790125.1	X
anno1.g5362.t2	X	rna-XM_056790127.1	X
anno1.g5363.t1	X	rna-XM_056789819.1	X
anno1.g5364.t1	X	rna-XM_056790807.1	X
anno1.g5365.t1	X	rna-XM_056790806.1	X
anno1.g5366.t1	X	rna-XM_056790932.1	X
anno1.g5367.t1	X	rna-XM_056790801.1	X
anno1.g5368.t1	X	rna-XM_056790803.1	X
anno1.g5369.t2	X	rna-XM_056790405.1	X
anno1.g5370.t2	X	rna-XM_056789570.1	X
anno1.g5338.t1	A	rna-XM_056792809.1	A
anno1.g5339.t1	A	rna-XM_056781020.1	A
anno1.g5354.t1	A	rna-XM_056792032.1	A
anno1.g5355.t1	A	rna-XM_056785609.1	A
anno1.g5356.t1	A	rna-XM_056777963.1	A
anno1.g5335.t1	A	rna-XM_056779799.1	A
anno1.g5330.t2	A	rna-XM_056776851.1	A
anno1.g5311.t1	X	rna-XM_056789760.1	X
anno1.g5312.t1	X	rna-XM_056790361.1	X
anno1.g5314.t2	X	rna-XM_056790774.1	X
anno1.g5319.t1	X	rna-XM_056790950.1	X
anno1.g5320.t1	X	rna-XM_056790070.1	X
anno1.g5321.t1	X	rna-XM_056790917.1	X
anno1.g5322.t1	X	rna-XM_056790347.1	X
anno1.g5323.t1	X	rna-XM_056789748.1	X
anno1.g5324.t1	X	rna-XM_056790028.1	X
anno1.g5325.t1	X	rna-XM_056790026.1	X
anno1.g5327.t1	X	rna-XM_056790027.1	X
anno1.g5287.t1	A	rna-XM_056786710.1	A
anno1.g5288.t1	A	rna-XM_056776968.1	A
anno1.g5289.t1	A	rna-XM_056776971.1	A
anno1.g5290.t1	A	rna-XM_056776964.1	A
anno1.g5291.t1	A	rna-XM_056777243.1	A
anno1.g5292.t1	A	rna-XM_056777242.1	A
anno1.g5293.t1	A	rna-XM_056790730.1	X
anno1.g5294.t1	A	rna-XM_056790722.1	X
anno1.g5295.t1	A	rna-XM_056790728.1	X
anno1.g5296.t2	A	rna-XM_056790725.1	X
anno1.g5297.t1	A	rna-XM_056788808.1	A
anno1.g5298.t1	A	rna-XM_056779236.1	A
anno1.g5299.t1	A	rna-XM_056790721.1	X
anno1.g5303.t1	A	rna-XM_056791043.1	X
anno1.g5304.t1	A	rna-XM_056789980.1	X
anno1.g5305.t2	A	rna-XM_056790637.1	X
anno1.g5308.t1	A	rna-XM_056790701.1	X
anno1.g5278.t1	A	rna-XM_056782391.1	A
anno1.g5281.t1	A	rna-XM_056782328.1	A
anno1.g5262.t2	A	rna-XM_056783844.1	A
anno1.g5264.t1	A	rna-XM_056779123.1	A
anno1.g5266.t1	A	rna-XM_056779213.1	A
anno1.g5267.t2	A	rna-XM_056778980.1	A
anno1.g5271.t1	A	rna-XM_056791981.1	A
anno1.g5272.t1	A	rna-XM_056788149.1	A
anno1.g5273.t1	A	rna-XM_056781689.1	A
anno1.g5275.t2	A	rna-XM_056783973.1	A
anno1.g5250.t1	A	rna-XM_056773593.1	A
anno1.g5251.t2	A	rna-XM_056773769.1	A
anno1.g5252.t2	A	rna-XM_056784468.1	A
anno1.g5254.t1	A	rna-XM_056782390.1	A
anno1.g5255.t1	A	rna-XM_056782837.1	A
anno1.g5256.t1	A	rna-XM_056782897.1	A
anno1.g5259.t1	A	rna-XM_056791557.1	A
anno1.g5229.t1	A	rna-XM_056792441.1	A
anno1.g5230.t1	A	rna-XM_056793199.1	A
anno1.g5231.t1	A	rna-XM_056787649.1	A
anno1.g5232.t1	A	rna-XM_056784584.1	A
anno1.g5233.t1	A	rna-XM_056787710.1	A
anno1.g5234.t1	A	rna-XM_056787644.1	A
anno1.g5238.t1	A	rna-XM_056778917.1	A
anno1.g5226.t1	A	rna-XM_056786781.1	A
anno1.g5228.t1	A	rna-XM_056779247.1	A
anno1.g5206.t1	A	rna-XM_056783790.1	A
anno1.g5207.t1	A	rna-XM_056789354.1	X
anno1.g5208.t1	A	rna-XM_056776160.1	A
anno1.g5212.t1	A	rna-XM_056780361.1	A
anno1.g5214.t1	A	rna-XM_056791995.1	A
anno1.g5215.t1	A	rna-XM_056791933.1	A
anno1.g5216.t2	A	rna-XM_056793146.1	A
anno1.g5218.t1	A	rna-XM_056773927.1	A
anno1.g5220.t1	A	rna-XM_056776308.1	A
anno1.g5221.t1	A	rna-XM_056775561.1	A
anno1.g5223.t1	A	rna-XM_056787476.1	A
anno1.g5190.t1	A	rna-XM_056790987.1	A
anno1.g5191.t1	A	rna-XM_056790999.1	A
anno1.g5192.t1	A	rna-XM_056791749.1	A
anno1.g5193.t1	A	rna-XM_056791716.1	A
anno1.g5194.t2	A	rna-XM_056781641.1	A
anno1.g5195.t1	A	rna-XM_056777395.1	A
anno1.g5198.t1	A	rna-XM_056785203.1	A
anno1.g5199.t1	A	rna-XM_056777594.1	A
anno1.g5200.t1	A	rna-XM_056780775.1	A
anno1.g5201.t1	A	rna-XM_056793247.1	A
anno1.g5202.t1	A	rna-XM_056792660.1	A
anno1.g5178.t1	A	rna-XM_056787752.1	A
anno1.g5179.t2	A	rna-XM_056787718.1	A
anno1.g5180.t1	A	rna-XM_056786914.1	A
anno1.g5181.t3	A	rna-XM_056787322.1	A
anno1.g5182.t1	A	rna-XM_056787321.1	A
anno1.g5183.t1	A	rna-XM_056778528.1	A
anno1.g5184.t1	A	rna-XM_056787319.1	A
anno1.g5185.t1	A	rna-XM_056787143.1	A
anno1.g5187.t1	A	rna-XM_056787145.1	A
anno1.g5166.t1	A	rna-XM_056783541.1	A
anno1.g5167.t1	A	rna-XM_056783003.1	A
anno1.g5169.t1	A	rna-XM_056783190.1	A
anno1.g5170.t1	A	rna-XM_056791574.1	A
anno1.g5171.t1	A	rna-XM_056791798.1	A
anno1.g5172.t1	A	rna-XM_056791797.1	A
anno1.g5173.t3	A	rna-XM_056791809.1	A
anno1.g5174.t1	A	rna-XM_056784887.1	A
anno1.g5159.t1	A	rna-XM_056787064.1	A
anno1.g5160.t1	A	rna-XM_056787067.1	A
anno1.g5162.t2	A	rna-XM_056784111.1	A
anno1.g5163.t1	A	rna-XM_056786808.1	A
anno1.g5164.t1	A	rna-XM_056779175.1	A
anno1.g5141.t1	A	rna-XM_056776852.1	A
anno1.g5143.t1	A	rna-XM_056778060.1	A
anno1.g5144.t1	A	rna-XM_056778059.1	A
anno1.g5145.t1	A	rna-XM_056786556.1	A
anno1.g5146.t1	A	rna-XM_056786552.1	A
anno1.g5148.t1	A	rna-XM_056784304.1	A
anno1.g5149.t1	A	rna-XM_056785315.1	A
anno1.g5151.t1	A	rna-XM_056787493.1	A
anno1.g5152.t2	A	rna-XM_056792065.1	A
anno1.g5153.t1	A	rna-XM_056792069.1	A
anno1.g5154.t2	A	rna-XM_056792067.1	A
anno1.g5155.t2	A	rna-XM_056778055.1	A
anno1.g5156.t1	A	rna-XM_056788239.1	A
anno1.g5157.t1	A	rna-XM_056788238.1	A
anno1.g5128.t1	A	rna-XM_056776497.1	A
anno1.g5130.t1	A	rna-XM_056776584.1	A
anno1.g5132.t1	A	rna-XM_056776904.1	A
anno1.g5134.t1	A	rna-XM_056786906.1	A
anno1.g5096.t1	A	rna-XM_056774870.1	A
anno1.g5097.t1	A	rna-XM_056774872.1	A
anno1.g5098.t1	A	rna-XM_056779280.1	A
anno1.g5100.t1	A	rna-XM_056791975.1	A
anno1.g5101.t1	A	rna-XM_056787207.1	A
anno1.g5105.t2	A	rna-XM_056789521.1	X
anno1.g5113.t1	A	rna-XM_056781770.1	A
anno1.g5063.t1	A	rna-XM_056776972.1	A
anno1.g5065.t1	A	rna-XM_056786748.1	A
anno1.g5068.t1	A	rna-XM_056777872.1	A
anno1.g5070.t1	A	rna-XM_056778999.1	A
anno1.g5076.t1	A	rna-XM_056782653.1	A
anno1.g5082.t1	A	rna-XM_056780828.1	A
anno1.g5084.t1	A	rna-XM_056780955.1	A
anno1.g5086.t1	A	rna-XM_056783071.1	A
anno1.g5087.t1	A	rna-XM_056792598.1	A
anno1.g5088.t1	A	rna-XM_056781431.1	A
anno1.g5089.t2	A	rna-XM_056783647.1	A
anno1.g5091.t1	A	rna-XM_056783650.1	A
anno1.g5048.t1	A	rna-XM_056786305.1	A
anno1.g5049.t1	A	rna-XM_056779663.1	A
anno1.g5050.t1	A	rna-XM_056779677.1	A
anno1.g5051.t1	A	rna-XM_056783113.1	A
anno1.g5052.t1	A	rna-XM_056780916.1	A
anno1.g5053.t1	A	rna-XM_056785258.1	A
anno1.g5054.t2	A	rna-XM_056773592.1	A
anno1.g5055.t1	A	rna-XM_056785287.1	A
anno1.g5056.t1	A	rna-XM_056778331.1	A
anno1.g5058.t1	A	rna-XM_056783118.1	A
anno1.g5060.t1	A	rna-XM_056775545.1	A
anno1.g5035.t1	A	rna-XM_056787552.1	A
anno1.g5037.t1	A	rna-XM_056779612.1	A
anno1.g5038.t1	A	rna-XM_056781192.1	A
anno1.g5021.t1	A	rna-XM_056783128.1	A
anno1.g5022.t1	A	rna-XM_056779265.1	A
anno1.g5023.t1	A	rna-XM_056792766.1	A
anno1.g5025.t1	A	rna-XM_056783170.1	A
anno1.g5029.t1	A	rna-XM_056792824.1	A
anno1.g4978.t1	A	rna-XM_056784931.1	A
anno1.g4981.t1	A	rna-XM_056784700.1	A
anno1.g4982.t1	A	rna-XM_056784699.1	A
anno1.g4983.t1	A	rna-XM_056779761.1	A
anno1.g4984.t2	A	rna-XM_056788083.1	A
anno1.g4988.t1	A	rna-XM_056792974.1	A
anno1.g4989.t1	A	rna-XM_056785286.1	A
anno1.g4990.t1	A	rna-XM_056782286.1	A
anno1.g4991.t1	A	rna-XM_056781813.1	A
anno1.g4992.t1	A	rna-XM_056776986.1	A
anno1.g4994.t1	A	rna-XM_056781120.1	A
anno1.g4995.t1	A	rna-XM_056781122.1	A
anno1.g5001.t2	A	rna-XM_056788965.1	A
anno1.g5002.t1	A	rna-XM_056773799.1	A
anno1.g5003.t1	A	rna-XM_056773797.1	A
anno1.g5004.t1	A	rna-XM_056774144.1	A
anno1.g5005.t1	A	rna-XM_056784581.1	A
anno1.g5006.t1	A	rna-XM_056773598.1	A
anno1.g5007.t2	A	rna-XM_056779892.1	A
anno1.g5010.t1	A	rna-XM_056784583.1	A
anno1.g5011.t3	A	rna-XM_056787651.1	A
anno1.g5012.t1	A	rna-XM_056787647.1	A
anno1.g5013.t1	A	rna-XM_056775924.1	A
anno1.g5015.t1	A	rna-XM_056793154.1	A
anno1.g5016.t1	A	rna-XM_056773986.1	A
anno1.g5018.t1	A	rna-XM_056784177.1	A
anno1.g5019.t1	A	rna-XM_056788297.1	A
anno1.g5020.t2	A	rna-XM_056792198.1	A
anno1.g4968.t1	A	rna-XM_056786183.1	A
anno1.g4970.t1	A	rna-XM_056785966.1	A
anno1.g4971.t1	A	rna-XM_056774163.1	A
anno1.g4972.t1	A	rna-XM_056786048.1	A
anno1.g4973.t1	A	rna-XM_056784952.1	A
anno1.g4974.t1	A	rna-XM_056786443.1	A
anno1.g4975.t1	A	rna-XM_056774448.1	A
anno1.g4976.t1	A	rna-XM_056788588.1	A
anno1.g4967.t1	A	rna-XM_056792973.1	A
anno1.g4951.t1	X	rna-XM_056790409.1	X
anno1.g4952.t1	X	rna-XM_056790968.1	X
anno1.g4953.t1	X	rna-XM_056789946.1	X
anno1.g4957.t1	X	rna-XM_056790905.1	X
anno1.g4958.t1	X	rna-XM_056789915.1	X
anno1.g4959.t1	X	rna-XM_056789391.1	X
anno1.g4960.t2	X	rna-XM_056789132.1	X
anno1.g4962.t1	X	rna-XM_056790880.1	X
anno1.g4965.t1	X	rna-XM_056790879.1	X
anno1.g4966.t1	X	rna-XM_056790875.1	X
