D_carinulata	chromosome	B_varius	chromosome
rna-XM_057814440.1	X	anno1.g10626.t2	A
rna-XM_057798072.1	X	anno1.g10212.t1	A
rna-XM_057797398.1	X	anno1.g7848.t1	A
rna-XM_057799747.1	X	anno1.g1183.t1	A
rna-XM_057799759.1	X	anno1.g6246.t1	A
rna-XM_057815765.1	X	anno1.g5600.t1	A
rna-XM_057802991.1	X	anno1.g5602.t1	A
rna-XM_057797824.1	X	anno1.g1759.t1	A
rna-XM_057797813.1	X	anno1.g1760.t1	A
rna-XM_057806304.1	X	anno1.g350.t1	A
rna-XM_057801362.1	X	anno1.g6454.t1	A
rna-XM_057801394.1	X	anno1.g6455.t1	A
rna-XM_057801309.1	X	anno1.g7420.t1	A
rna-XM_057801244.1	X	anno1.g3544.t1	A
rna-XM_057801350.1	X	anno1.g10343.t1	A
rna-XM_057801419.1	X	anno1.g10342.t1	A
rna-XM_057801273.1	X	anno1.g7623.t1	A
rna-XM_057801263.1	X	anno1.g11247.t1	A
rna-XM_057801231.1	X	anno1.g6362.t1	A
rna-XM_057801115.1	X	anno1.g3538.t1	A
rna-XM_057797655.1	X	anno1.g9418.t1	A
rna-XM_057803979.1	X	anno1.g10861.t1	A
rna-XM_057812831.1	X	anno1.g2033.t1	A
rna-XM_057812894.1	X	anno1.g3508.t1	A
rna-XM_057804561.1	X	anno1.g3507.t1	A
rna-XM_057804764.1	X	anno1.g6203.t1	A
rna-XM_057795578.1	X	anno1.g5948.t1	A
rna-XM_057804707.1	X	anno1.g8127.t1	A
rna-XM_057804601.1	X	anno1.g6201.t1	A
rna-XM_057804572.1	X	anno1.g6202.t1	A
rna-XM_057804668.1	X	anno1.g6393.t1	A
rna-XM_057804638.1	X	anno1.g6384.t1	A
rna-XM_057804656.1	X	anno1.g6261.t1	A
rna-XM_057804737.1	X	anno1.g6379.t1	A
rna-XM_057804680.1	X	anno1.g6056.t1	A
rna-XM_057804695.1	X	anno1.g11471.t1	A
rna-XM_057804728.1	X	anno1.g1984.t1	A
rna-XM_057804719.1	X	anno1.g10112.t1	A
rna-XM_057797524.1	X	anno1.g3425.t1	A
rna-XM_057796443.1	X	anno1.g7130.t1	A
rna-XM_057804840.1	X	anno1.g9774.t1	A
rna-XM_057804828.1	X	anno1.g10030.t2	A
rna-XM_057805107.1	X	anno1.g10110.t1	A
rna-XM_057805149.1	X	anno1.g10136.t1	A
rna-XM_057804956.1	X	anno1.g10137.t1	A
rna-XM_057805019.1	X	anno1.g10138.t1	A
rna-XM_057805161.1	X	anno1.g767.t2	A
rna-XM_057805006.1	X	anno1.g768.t1	A
rna-XM_057804916.1	X	anno1.g769.t1	A
rna-XM_057805033.1	X	anno1.g770.t1	A
rna-XM_057805088.1	X	anno1.g774.t1	A
rna-XM_057805054.1	X	anno1.g763.t1	A
rna-XM_057804983.1	X	anno1.g6487.t1	A
rna-XM_057814311.1	X	anno1.g6468.t1	A
rna-XM_057814357.1	X	anno1.g6464.t1	A
rna-XM_057800126.1	X	anno1.g6466.t1	A
rna-XM_057800253.1	X	anno1.g6465.t1	A
rna-XM_057815684.1	X	anno1.g6486.t1	A
rna-XM_057814718.1	X	anno1.g1180.t1	A
rna-XM_057814731.1	X	anno1.g10165.t1	A
rna-XM_057814706.1	X	anno1.g1867.t1	A
rna-XM_057800490.1	X	anno1.g4141.t1	A
rna-XM_057800624.1	X	anno1.g9944.t1	A
rna-XM_057804028.1	X	anno1.g6118.t1	A
rna-XM_057807416.1	X	anno1.g6119.t1	A
rna-XM_057816830.1	X	anno1.g6120.t1	A
rna-XM_057806431.1	X	anno1.g6126.t1	A
rna-XM_057797445.1	X	anno1.g5731.t1	A
rna-XM_057797462.1	X	anno1.g6041.t1	A
rna-XM_057798048.1	X	anno1.g6040.t2	A
rna-XM_057811424.1	X	anno1.g5951.t1	A
rna-XM_057811364.1	X	anno1.g5953.t1	A
rna-XM_057811450.1	X	anno1.g1016.t1	A
rna-XM_057811411.1	X	anno1.g5954.t1	A
rna-XM_057811437.1	X	anno1.g6493.t1	A
rna-XM_057806571.1	X	anno1.g5934.t1	A
rna-XM_057806632.1	X	anno1.g6492.t1	A
rna-XM_057797185.1	X	anno1.g5950.t1	A
rna-XM_057814095.1	X	anno1.g9751.t1	A
rna-XM_057815537.1	X	anno1.g5989.t1	A
rna-XM_057816637.1	X	anno1.g5993.t1	A
rna-XM_057797972.1	X	anno1.g5568.t1	A
rna-XM_057796559.1	X	anno1.g5949.t1	A
rna-XM_057796571.1	X	anno1.g5929.t1	A
rna-XM_057796585.1	X	anno1.g5935.t1	A
rna-XM_057796548.1	X	anno1.g5988.t1	A
rna-XM_057809026.1	X	anno1.g11546.t1	X
rna-XM_057812034.1	X	anno1.g11544.t1	X
rna-XM_057812022.1	X	anno1.g11944.t1	X
rna-XM_057807079.1	X	anno1.g12277.t1	X
rna-XM_057806722.1	X	anno1.g11843.t2	X
rna-XM_057797357.1	X	anno1.g1058.t1	A
rna-XM_057797332.1	X	anno1.g6170.t1	A
rna-XM_057797367.1	X	anno1.g12010.t1	X
rna-XM_057797354.1	X	anno1.g12069.t1	X
rna-XM_057797285.1	X	anno1.g12068.t4	X
rna-XM_057814015.1	X	anno1.g11836.t1	X
rna-XM_057814064.1	X	anno1.g11840.t1	X
rna-XM_057811218.1	X	anno1.g12006.t1	X
rna-XM_057804496.1	X	anno1.g12007.t1	X
rna-XM_057812283.1	X	anno1.g11541.t1	X
rna-XM_057812229.1	X	anno1.g11543.t1	X
rna-XM_057812320.1	X	anno1.g11911.t1	X
rna-XM_057802704.1	X	anno1.g12304.t1	X
rna-XM_057807099.1	X	anno1.g12130.t1	X
rna-XM_057799650.1	X	anno1.g7701.t1	A
rna-XM_057809887.1	X	anno1.g11934.t1	X
rna-XM_057809938.1	X	anno1.g11935.t2	X
rna-XM_057809916.1	X	anno1.g12245.t1	X
rna-XM_057803483.1	X	anno1.g12242.t1	X
rna-XM_057807318.1	X	anno1.g12241.t1	X
rna-XM_057812445.1	X	anno1.g12239.t1	X
rna-XM_057812476.1	X	anno1.g12237.t1	X
rna-XM_057797205.1	X	anno1.g12236.t1	X
rna-XM_057810616.1	X	anno1.g12235.t1	X
rna-XM_057810629.1	X	anno1.g12204.t1	X
rna-XM_057796400.1	X	anno1.g10896.t1	A
rna-XM_057808334.1	X	anno1.g12321.t1	X
rna-XM_057803668.1	X	anno1.g12320.t1	X
rna-XM_057803644.1	X	anno1.g12319.t1	X
rna-XM_057803655.1	X	anno1.g12318.t1	X
rna-XM_057802498.1	X	anno1.g12317.t2	X
rna-XM_057806581.1	X	anno1.g12225.t1	X
rna-XM_057816659.1	X	anno1.g12098.t1	X
rna-XM_057804472.1	X	anno1.g11948.t1	X
rna-XM_057803382.1	X	anno1.g11945.t1	X
rna-XM_057802395.1	X	anno1.g8793.t1	A
rna-XM_057801532.1	X	anno1.g11977.t1	X
rna-XM_057813802.1	X	anno1.g12113.t2	X
rna-XM_057813693.1	X	anno1.g1030.t1	A
rna-XM_057813571.1	X	anno1.g12114.t1	X
rna-XM_057813603.1	X	anno1.g12115.t1	X
rna-XM_057813708.1	X	anno1.g12164.t1	X
rna-XM_057813835.1	X	anno1.g12163.t1	X
rna-XM_057813646.1	X	anno1.g11971.t2	X
rna-XM_057797700.1	X	anno1.g12142.t1	X
rna-XM_057806380.1	X	anno1.g12303.t1	X
rna-XM_057806390.1	X	anno1.g12324.t1	X
rna-XM_057806464.1	X	anno1.g10588.t1	A
rna-XM_057801428.1	X	anno1.g12231.t1	X
rna-XM_057795445.1	X	anno1.g12097.t1	X
rna-XM_057802588.1	X	anno1.g11924.t1	X
rna-XM_057798323.1	X	anno1.g12276.t1	X
rna-XM_057802304.1	X	anno1.g12181.t1	X
rna-XM_057802283.1	X	anno1.g9236.t1	A
rna-XM_057802272.1	X	anno1.g12100.t1	X
rna-XM_057811614.1	X	anno1.g12028.t1	X
rna-XM_057811634.1	X	anno1.g12323.t1	X
rna-XM_057811646.1	X	anno1.g12168.t1	X
rna-XM_057816218.1	X	anno1.g12266.t3	X
rna-XM_057798313.1	X	anno1.g12037.t1	X
rna-XM_057811225.1	X	anno1.g12230.t1	X
rna-XM_057811252.1	X	anno1.g12025.t1	X
rna-XM_057811276.1	X	anno1.g1767.t2	A
rna-XM_057811260.1	X	anno1.g11927.t1	X
rna-XM_057797711.1	X	anno1.g12111.t1	X
rna-XM_057800069.1	X	anno1.g12166.t1	X
rna-XM_057800104.1	X	anno1.g12167.t1	X
rna-XM_057800117.1	X	anno1.g12165.t1	X
rna-XM_057800276.1	X	anno1.g12109.t1	X
rna-XM_057800287.1	X	anno1.g12128.t1	X
rna-XM_057800158.1	X	anno1.g12127.t1	X
rna-XM_057800195.1	X	anno1.g12090.t1	X
rna-XM_057800179.1	X	anno1.g12086.t1	X
rna-XM_057800267.1	X	anno1.g12105.t1	X
rna-XM_057800348.1	X	anno1.g11997.t1	X
rna-XM_057800361.1	X	anno1.g12030.t1	X
rna-XM_057800407.1	X	anno1.g1537.t1	A
rna-XM_057800373.1	X	anno1.g12161.t2	X
rna-XM_057800418.1	X	anno1.g7127.t1	A
rna-XM_057800438.1	X	anno1.g7126.t1	A
rna-XM_057800451.1	X	anno1.g2930.t1	A
rna-XM_057800893.1	X	anno1.g12186.t1	X
rna-XM_057800793.1	X	anno1.g12313.t1	X
rna-XM_057800815.1	X	anno1.g12227.t1	X
rna-XM_057800843.1	X	anno1.g11979.t1	X
rna-XM_057800598.1	X	anno1.g12216.t1	X
rna-XM_057805879.1	X	anno1.g2405.t1	A
rna-XM_057800831.1	X	anno1.g12302.t1	X
rna-XM_057800697.1	X	anno1.g2452.t1	A
rna-XM_057800567.1	X	anno1.g12058.t2	X
rna-XM_057800774.1	X	anno1.g12059.t1	X
rna-XM_057800962.1	X	anno1.g12044.t2	X
rna-XM_057800906.1	X	anno1.g12043.t1	X
rna-XM_057800717.1	X	anno1.g11973.t2	X
rna-XM_057800460.1	X	anno1.g12004.t2	X
rna-XM_057800759.1	X	anno1.g12229.t5	X
rna-XM_057796468.1	X	anno1.g1853.t1	A
rna-XM_057810881.1	X	anno1.g11938.t1	X
rna-XM_057810893.1	X	anno1.g12206.t1	X
rna-XM_057796635.1	X	anno1.g11547.t1	X
rna-XM_057796658.1	X	anno1.g12169.t1	X
rna-XM_057808367.1	X	anno1.g12035.t1	X
rna-XM_057808412.1	X	anno1.g11992.t1	X
rna-XM_057808391.1	X	anno1.g12053.t1	X
rna-XM_057808461.1	X	anno1.g12052.t1	X
rna-XM_057803100.1	X	anno1.g12055.t1	X
rna-XM_057803181.1	X	anno1.g12047.t1	X
rna-XM_057803300.1	X	anno1.g12054.t1	X
rna-XM_057803309.1	X	anno1.g12137.t1	X
rna-XM_057803348.1	X	anno1.g1651.t1	A
rna-XM_057801603.1	X	anno1.g11849.t1	X
rna-XM_057803371.1	X	anno1.g8589.t1	A
rna-XM_057803724.1	X	anno1.g10471.t2	A
rna-XM_057803749.1	X	anno1.g12220.t1	X
rna-XM_057803760.1	X	anno1.g4644.t1	A
rna-XM_057803782.1	X	anno1.g11995.t1	X
rna-XM_057803874.1	X	anno1.g12218.t1	X
rna-XM_057803905.1	X	anno1.g12147.t1	X
rna-XM_057803894.1	X	anno1.g12292.t1	X
rna-XM_057798479.1	X	anno1.g12042.t3	X
rna-XM_057815206.1	X	anno1.g12107.t1	X
rna-XM_057815494.1	X	anno1.g6245.t1	A
rna-XM_057815612.1	X	anno1.g7689.t1	A
rna-XM_057811657.1	X	anno1.g1784.t1	A
rna-XM_057811843.1	X	anno1.g11913.t2	X
rna-XM_057811906.1	X	anno1.g12285.t2	X
rna-XM_057811856.1	X	anno1.g4284.t1	A
rna-XM_057802723.1	X	anno1.g12011.t1	X
rna-XM_057803013.1	X	anno1.g12297.t1	X
rna-XM_057810491.1	X	anno1.g12296.t1	X
rna-XM_057810536.1	X	anno1.g11921.t2	X
rna-XM_057810576.1	X	anno1.g12282.t1	X
rna-XM_057810522.1	X	anno1.g12017.t2	X
rna-XM_057798393.1	X	anno1.g12016.t1	X
rna-XM_057798373.1	X	anno1.g11925.t1	X
rna-XM_057811004.1	X	anno1.g11941.t2	X
rna-XM_057811047.1	X	anno1.g7871.t1	A
rna-XM_057814121.1	X	anno1.g12046.t1	X
rna-XM_057814147.1	X	anno1.g12193.t1	X
rna-XM_057807136.1	X	anno1.g12088.t1	X
rna-XM_057807149.1	X	anno1.g12089.t1	X
rna-XM_057811152.1	X	anno1.g12074.t1	X
rna-XM_057811169.1	X	anno1.g12064.t1	X
rna-XM_057812934.1	X	anno1.g12063.t1	X
rna-XM_057812955.1	X	anno1.g12062.t1	X
rna-XM_057800033.1	X	anno1.g2787.t1	A
rna-XM_057801677.1	X	anno1.g12232.t2	X
rna-XM_057814488.1	X	anno1.g12284.t1	X
rna-XM_057814476.1	X	anno1.g456.t1	A
rna-XM_057804534.1	X	anno1.g6884.t2	A
rna-XM_057806710.1	X	anno1.g12194.t1	X
rna-XM_057801690.1	X	anno1.g12233.t3	X
rna-XM_057796862.1	X	anno1.g8638.t2	A
rna-XM_057796935.1	X	anno1.g12195.t1	X
rna-XM_057796848.1	X	anno1.g11559.t1	X
rna-XM_057796984.1	X	anno1.g12286.t4	X
rna-XM_057796910.1	X	anno1.g12129.t1	X
rna-XM_057796962.1	X	anno1.g10497.t1	A
rna-XM_057796894.1	X	anno1.g9697.t1	A
rna-XM_057797885.1	X	anno1.g11950.t1	X
rna-XM_057801614.1	X	anno1.g12288.t1	X
rna-XM_057809985.1	X	anno1.g11942.t1	X
rna-XM_057815989.1	X	anno1.g12211.t1	X
rna-XM_057798336.1	X	anno1.g12207.t1	X
rna-XM_057816480.1	X	anno1.g8263.t1	A
rna-XM_057806318.1	X	anno1.g11851.t1	X
rna-XM_057797120.1	X	anno1.g12150.t1	X
rna-XM_057797385.1	X	anno1.g12151.t1	X
rna-XM_057797602.1	X	anno1.g12152.t1	X
rna-XM_057802737.1	X	anno1.g12307.t1	X
rna-XM_057810066.1	X	anno1.g12174.t2	X
rna-XM_057810281.1	X	anno1.g12175.t1	X
rna-XM_057810091.1	X	anno1.g12189.t1	X
rna-XM_057810120.1	X	anno1.g12188.t1	X
rna-XM_057794969.1	X	anno1.g12187.t1	X
rna-XM_057794957.1	X	anno1.g12156.t1	X
rna-XM_057794980.1	X	anno1.g12148.t1	X
rna-XM_057801745.1	X	anno1.g12275.t1	X
rna-XM_057816680.1	X	anno1.g12014.t1	X
rna-XM_057797603.1	X	anno1.g12271.t1	X
rna-XM_057799680.1	X	anno1.g11980.t1	X
rna-XM_057796449.1	X	anno1.g12177.t1	X
rna-XM_057813866.1	X	anno1.g12018.t1	X
rna-XM_057813888.1	X	anno1.g12020.t1	X
rna-XM_057813877.1	X	anno1.g9239.t1	A
rna-XM_057813853.1	X	anno1.g11857.t1	X
rna-XM_057813104.1	X	anno1.g12019.t1	X
rna-XM_057815996.1	X	anno1.g5513.t1	A
rna-XM_057805469.1	X	anno1.g11903.t2	X
rna-XM_057805482.1	X	anno1.g11904.t3	X
rna-XM_057805555.1	X	anno1.g12213.t1	X
rna-XM_057805579.1	X	anno1.g12326.t1	X
rna-XM_057805606.1	X	anno1.g12219.t1	X
rna-XM_057805640.1	X	anno1.g12132.t1	X
rna-XM_057805654.1	X	anno1.g3610.t1	A
rna-XM_057805621.1	X	anno1.g12106.t1	X
rna-XM_057805696.1	X	anno1.g12200.t1	X
rna-XM_057805720.1	X	anno1.g11853.t1	X
rna-XM_057805753.1	X	anno1.g12294.t1	X
rna-XM_057801775.1	X	anno1.g12149.t1	X
rna-XM_057805763.1	X	anno1.g12178.t1	X
rna-XM_057805816.1	X	anno1.g11983.t1	X
rna-XM_057805897.1	X	anno1.g11984.t1	X
rna-XM_057805858.1	X	anno1.g11987.t1	X
rna-XM_057805884.1	X	anno1.g11985.t1	X
rna-XM_057805909.1	X	anno1.g12134.t1	X
rna-XM_057805936.1	X	anno1.g12133.t1	X
rna-XM_057805948.1	X	anno1.g4188.t1	A
rna-XM_057805976.1	X	anno1.g11969.t1	X
rna-XM_057805995.1	X	anno1.g12079.t1	X
rna-XM_057806006.1	X	anno1.g12154.t1	X
rna-XM_057806024.1	X	anno1.g12153.t1	X
rna-XM_057806037.1	X	anno1.g10498.t2	A
rna-XM_057806056.1	X	anno1.g12309.t1	X
rna-XM_057801788.1	X	anno1.g12201.t1	X
rna-XM_057806177.1	X	anno1.g11946.t1	X
rna-XM_057816881.1	X	anno1.g11847.t1	X
rna-XM_057816917.1	X	anno1.g11845.t1	X
rna-XM_057795666.1	X	anno1.g12198.t1	X
rna-XM_057810807.1	X	anno1.g11954.t1	X
rna-XM_057807005.1	X	anno1.g11909.t1	X
rna-XM_057806113.1	X	anno1.g11910.t1	X
rna-XM_057804862.1	X	anno1.g11861.t1	X
rna-XM_057796413.1	X	anno1.g12199.t3	X
rna-XM_057816809.1	X	anno1.g9711.t1	A
rna-XM_057810458.1	X	anno1.g12065.t1	X
rna-XM_057810437.1	X	anno1.g12066.t1	X
rna-XM_057806689.1	X	anno1.g12270.t1	X
rna-XM_057815753.1	X	anno1.g12267.t1	X
rna-XM_057803631.1	X	anno1.g12234.t1	X
rna-XM_057797774.1	X	anno1.g12003.t1	X
rna-XM_057806339.1	X	anno1.g11918.t2	X
rna-XM_057807185.1	X	anno1.g11919.t1	X
rna-XM_057807237.1	X	anno1.g12002.t1	X
rna-XM_057807263.1	X	anno1.g11902.t2	X
rna-XM_057807250.1	X	anno1.g12026.t1	X
rna-XM_057804301.1	X	anno1.g7722.t1	A
rna-XM_057798800.1	X	anno1.g11916.t4	X
rna-XM_057798904.1	X	anno1.g11972.t1	X
rna-XM_057799056.1	X	anno1.g12289.t1	X
rna-XM_057799069.1	X	anno1.g12291.t1	X
rna-XM_057799081.1	X	anno1.g11914.t2	X
rna-XM_057799142.1	X	anno1.g12192.t1	X
rna-XM_057799148.1	X	anno1.g12197.t1	X
rna-XM_057799215.1	X	anno1.g12274.t1	X
rna-XM_057799252.1	X	anno1.g1878.t1	A
rna-XM_057799283.1	X	anno1.g11895.t1	X
rna-XM_057799294.1	X	anno1.g3080.t1	A
rna-XM_057801798.1	X	anno1.g12038.t1	X
rna-XM_057799353.1	X	anno1.g12039.t1	X
rna-XM_057799371.1	X	anno1.g11990.t1	X
rna-XM_057799412.1	X	anno1.g11988.t1	X
rna-XM_057799425.1	X	anno1.g11989.t1	X
rna-XM_057799437.1	X	anno1.g11906.t1	X
rna-XM_057799451.1	X	anno1.g11907.t1	X
rna-XM_057799462.1	X	anno1.g11991.t1	X
rna-XM_057799477.1	X	anno1.g12124.t1	X
rna-XM_057799560.1	X	anno1.g11555.t1	X
rna-XM_057799574.1	X	anno1.g11556.t1	X
rna-XM_057799517.1	X	anno1.g11548.t1	X
rna-XM_057799503.1	X	anno1.g7107.t1	A
rna-XM_057799585.1	X	anno1.g11994.t1	X
rna-XM_057797906.1	X	anno1.g12096.t1	X
rna-XM_057797761.1	X	anno1.g12023.t1	X
rna-XM_057813371.1	X	anno1.g11928.t2	X
rna-XM_057807172.1	X	anno1.g11855.t1	X
rna-XM_057809569.1	X	anno1.g12146.t5	X
rna-XM_057811919.1	X	anno1.g12021.t1	X
rna-XM_057798190.1	X	anno1.g12024.t1	X
rna-XM_057799997.1	X	anno1.g11923.t1	X
rna-XM_057800008.1	X	anno1.g4006.t1	A
rna-XM_057795468.1	X	anno1.g12099.t1	X
rna-XM_057803918.1	X	anno1.g12306.t1	X
rna-XM_057796496.1	X	anno1.g12315.t1	X
rna-XM_057806519.1	X	anno1.g12316.t2	X
rna-XM_057816197.1	X	anno1.g12314.t1	X
rna-XM_057816165.1	X	anno1.g11896.t1	X
rna-XM_057816076.1	X	anno1.g2041.t2	A
rna-XM_057816127.1	X	anno1.g2042.t1	A
rna-XM_057816155.1	X	anno1.g12041.t2	X
rna-XM_057816110.1	X	anno1.g11558.t1	X
rna-XM_057816208.1	X	anno1.g12290.t1	X
rna-XM_057816116.1	X	anno1.g11920.t1	X
rna-XM_057816176.1	X	anno1.g12081.t1	X
rna-XM_057795420.1	X	anno1.g12080.t1	X
rna-XM_057795432.1	X	anno1.g12082.t1	X
rna-XM_057805218.1	X	anno1.g12084.t1	X
rna-XM_057803588.1	X	anno1.g12083.t1	X
rna-XM_057808359.1	X	anno1.g12085.t1	X
rna-XM_057808559.1	X	anno1.g11976.t1	X
rna-XM_057808852.1	X	anno1.g12265.t1	X
rna-XM_057815961.1	X	anno1.g12263.t1	X
rna-XM_057799549.1	X	anno1.g12256.t1	X
rna-XM_057804134.1	X	anno1.g12257.t1	X
rna-XM_057804190.1	X	anno1.g12258.t1	X
rna-XM_057804178.1	X	anno1.g12259.t1	X
rna-XM_057804156.1	X	anno1.g12260.t1	X
rna-XM_057804217.1	X	anno1.g12261.t3	X
rna-XM_057795479.1	X	anno1.g12255.t1	X
rna-XM_057802525.1	X	anno1.g12253.t1	X
rna-XM_057816547.1	X	anno1.g11943.t1	X
rna-XM_057795349.1	X	anno1.g5810.t1	A
rna-XM_057795401.1	X	anno1.g12190.t1	X
rna-XM_057816597.1	X	anno1.g12160.t1	X
rna-XM_057815893.1	X	anno1.g12027.t1	X
rna-XM_057798125.1	X	anno1.g6761.t1	A
rna-XM_057798137.1	X	anno1.g12102.t1	X
rna-XM_057804339.1	X	anno1.g12101.t1	X
rna-XM_057802665.1	X	anno1.g11890.t2	X
rna-XM_057803462.1	X	anno1.g12287.t1	X
rna-XM_057807029.1	X	anno1.g324.t1	A
rna-XM_057815786.1	X	anno1.g3490.t1	A
rna-XM_057815850.1	X	anno1.g12112.t1	X
rna-XM_057815808.1	X	anno1.g12116.t1	X
rna-XM_057802951.1	X	anno1.g12117.t1	X
rna-XM_057802969.1	X	anno1.g12118.t1	X
rna-XM_057805423.1	X	anno1.g11929.t1	X
rna-XM_057796697.1	X	anno1.g11931.t2	X
rna-XM_057803061.1	X	anno1.g11949.t1	X
rna-XM_057804422.1	X	anno1.g10131.t1	A
rna-XM_057816341.1	X	anno1.g11852.t1	X
rna-XM_057799806.1	X	anno1.g12031.t2	X
rna-XM_057799844.1	X	anno1.g12252.t1	X
rna-XM_057799831.1	X	anno1.g9462.t1	A
rna-XM_057799877.1	X	anno1.g11901.t1	X
rna-XM_057799863.1	X	anno1.g11898.t1	X
rna-XM_057801892.1	X	anno1.g11850.t1	X
rna-XM_057806536.1	X	anno1.g11951.t2	X
rna-XM_057816370.1	X	anno1.g12299.t1	X
rna-XM_057807952.1	X	anno1.g12170.t1	X
rna-XM_057805148.1	X	anno1.g12251.t1	X
rna-XM_057804672.1	X	anno1.g12143.t1	X
rna-XM_057804781.1	X	anno1.g11982.t1	X
rna-XM_057809804.1	X	anno1.g7699.t1	A
rna-XM_057809833.1	X	anno1.g12295.t1	X
rna-XM_057809864.1	X	anno1.g11952.t2	X
rna-XM_057802490.1	X	anno1.g11915.t1	X
rna-XM_057799914.1	X	anno1.g12095.t1	X
rna-XM_057799805.1	X	anno1.g12094.t1	X
rna-XM_057815904.1	X	anno1.g12093.t1	X
rna-XM_057807197.1	X	anno1.g12092.t2	X
rna-XM_057802439.1	X	anno1.g7431.t1	A
rna-XM_057814390.1	X	anno1.g12312.t1	X
rna-XM_057814403.1	X	anno1.g2587.t1	A
rna-XM_057811079.1	X	anno1.g11970.t1	X
rna-XM_057811003.1	X	anno1.g12125.t1	X
rna-XM_057811583.1	X	anno1.g12126.t1	X
rna-XM_057811883.1	X	anno1.g11905.t1	X
rna-XM_057812014.1	X	anno1.g12226.t1	X
rna-XM_057813184.1	X	anno1.g12283.t1	X
rna-XM_057814055.1	X	anno1.g11891.t1	X
rna-XM_057814266.1	X	anno1.g12191.t1	X
rna-XM_057815146.1	X	anno1.g12212.t1	X
rna-XM_057815013.1	X	anno1.g1775.t1	A
rna-XM_057815259.1	X	anno1.g12205.t1	X
rna-XM_057815321.1	X	anno1.g12057.t2	X
rna-XM_057815440.1	X	anno1.g12056.t1	X
rna-XM_057801009.1	X	anno1.g11936.t2	X
rna-XM_057795183.1	X	anno1.g12247.t1	X
rna-XM_057815480.1	X	anno1.g12248.t1	X
rna-XM_057815495.1	X	anno1.g12249.t1	X
rna-XM_057815459.1	X	anno1.g12250.t1	X
rna-XM_057795471.1	X	anno1.g12078.t1	X
rna-XM_057802544.1	X	anno1.g12076.t2	X
rna-XM_057794913.1	X	anno1.g11834.t3	X
rna-XM_057803514.1	X	anno1.g12075.t2	X
rna-XM_057803539.1	X	anno1.g11939.t1	X
rna-XM_057803553.1	X	anno1.g11940.t1	X
rna-XM_057801078.1	X	anno1.g12110.t1	X
rna-XM_057806291.1	X	anno1.g11998.t1	X
rna-XM_057795182.1	X	anno1.g12005.t1	X
rna-XM_057795469.1	X	anno1.g11859.t1	X
rna-XM_057801925.1	X	anno1.g9669.t1	A
rna-XM_057802121.1	X	anno1.g12184.t1	X
rna-XM_057795085.1	X	anno1.g11974.t2	X
rna-XM_057810935.1	X	anno1.g4567.t1	A
rna-XM_057810970.1	X	anno1.g12008.t1	X
rna-XM_057810957.1	X	anno1.g3284.t1	A
rna-XM_057810917.1	X	anno1.g11892.t1	X
rna-XM_057812967.1	X	anno1.g12070.t2	X
rna-XM_057816426.1	X	anno1.g12072.t3	X
rna-XM_057801962.1	X	anno1.g4522.t1	A
rna-XM_057799772.1	X	anno1.g11953.t1	X
rna-XM_057797261.1	X	anno1.g12278.t1	X
rna-XM_057797274.1	X	anno1.g12033.t1	X
rna-XM_057803709.1	X	anno1.g12269.t1	X
rna-XM_057811115.1	X	anno1.g2922.t1	A
rna-XM_057811126.1	X	anno1.g12173.t1	X
rna-XM_057807177.1	X	anno1.g12141.t3	X
rna-XM_057802611.1	X	anno1.g12281.t1	X
rna-XM_057802638.1	X	anno1.g11557.t1	X
rna-XM_057806484.1	X	anno1.g12322.t1	X
rna-XM_057816048.1	X	anno1.g12121.t1	X
rna-XM_057816168.1	X	anno1.g12119.t3	X
rna-XM_057816454.1	X	anno1.g4240.t1	A
rna-XM_057812630.1	X	anno1.g12091.t1	X
rna-XM_057812596.1	X	anno1.g1269.t2	A
rna-XM_057804230.1	X	anno1.g12108.t1	X
rna-XM_057813383.1	X	anno1.g15.t1	A
rna-XM_057801984.1	X	anno1.g12012.t1	X
rna-XM_057801165.1	X	anno1.g12293.t1	X
rna-XM_057806191.1	X	anno1.g12224.t1	X
rna-XM_057806209.1	X	anno1.g12157.t1	X
rna-XM_057799733.1	X	anno1.g10877.t1	A
rna-XM_057810640.1	X	anno1.g12136.t1	X
rna-XM_057810662.1	X	anno1.g12135.t2	X
rna-XM_057810822.1	X	anno1.g2017.t2	A
rna-XM_057811322.1	X	anno1.g11908.t1	X
rna-XM_057816869.1	X	anno1.g12325.t1	X
rna-XM_057810880.1	X	anno1.g12305.t1	X
rna-XM_057794999.1	X	anno1.g12032.t1	X
rna-XM_057804374.1	X	anno1.g12036.t2	X
rna-XM_057803025.1	X	anno1.g12221.t1	X
rna-XM_057806400.1	X	anno1.g12045.t1	X
rna-XM_057812493.1	X	anno1.g12013.t1	X
rna-XM_057812521.1	X	anno1.g12051.t1	X
rna-XM_057803493.1	X	anno1.g12185.t1	X
rna-XM_057802024.1	X	anno1.g6231.t1	A
rna-XM_057802757.1	X	anno1.g12171.t2	X
rna-XM_057802854.1	X	anno1.g1050.t2	A
rna-XM_057802866.1	X	anno1.g12001.t2	X
rna-XM_057796611.1	X	anno1.g7108.t1	A
rna-XM_057798757.1	X	anno1.g4889.t1	A
rna-XM_057795159.1	X	anno1.g7738.t1	A
rna-XM_057805387.1	X	anno1.g7736.t1	A
rna-XM_057809584.1	X	anno1.g7647.t1	A
rna-XM_057809737.1	X	anno1.g12015.t5	X
rna-XM_057808490.1	X	anno1.g11844.t1	X
rna-XM_057808502.1	X	anno1.g12223.t2	X
rna-XM_057808528.1	X	anno1.g7739.t1	A
rna-XM_057808564.1	X	anno1.g7741.t1	A
rna-XM_057808549.1	X	anno1.g7742.t1	A
rna-XM_057808577.1	X	anno1.g7743.t1	A
rna-XM_057808589.1	X	anno1.g7711.t1	A
rna-XM_057808602.1	X	anno1.g7712.t2	A
rna-XM_057808642.1	X	anno1.g7713.t2	A
rna-XM_057808654.1	X	anno1.g6068.t1	A
rna-XM_057808667.1	X	anno1.g6074.t1	A
rna-XM_057808680.1	X	anno1.g6072.t1	A
rna-XM_057808747.1	X	anno1.g6058.t1	A
rna-XM_057802033.1	X	anno1.g5416.t1	A
rna-XM_057808853.1	X	anno1.g8302.t1	A
rna-XM_057808886.1	X	anno1.g5330.t1	A
rna-XM_057808897.1	X	anno1.g5331.t1	A
rna-XM_057808909.1	X	anno1.g2909.t1	A
rna-XM_057809337.1	X	anno1.g2938.t1	A
rna-XM_057809326.1	X	anno1.g2937.t1	A
rna-XM_057808922.1	X	anno1.g3015.t1	A
rna-XM_057809266.1	X	anno1.g3526.t1	A
rna-XM_057809371.1	X	anno1.g8670.t1	A
rna-XM_057809349.1	X	anno1.g8671.t1	A
rna-XM_057808945.1	X	anno1.g8672.t2	A
rna-XM_057809382.1	X	anno1.g10179.t1	A
rna-XM_057809360.1	X	anno1.g3595.t1	A
rna-XM_057809314.1	X	anno1.g11459.t1	A
rna-XM_057802888.1	X	anno1.g9257.t1	A
rna-XM_057809957.1	X	anno1.g9252.t1	A
rna-XM_057809958.1	X	anno1.g9255.t1	A
rna-XM_057809959.1	X	anno1.g3925.t1	A
rna-XM_057809960.1	X	anno1.g1496.t1	A
rna-XM_057809972.1	X	anno1.g3928.t1	A
rna-XM_057809993.1	X	anno1.g3927.t1	A
rna-XM_057810005.1	X	anno1.g3926.t1	A
rna-XM_057810026.1	X	anno1.g3921.t1	A
rna-XM_057810039.1	X	anno1.g3920.t1	A
rna-XM_057810071.1	X	anno1.g3924.t1	A
rna-XM_057810059.1	X	anno1.g10597.t1	A
rna-XM_057804109.1	X	anno1.g1099.t1	A
rna-XM_057802330.1	X	anno1.g7088.t1	A
rna-XM_057804121.1	X	anno1.g7090.t1	A
rna-XM_057794867.1	X	anno1.g7710.t1	A
rna-XM_057816935.1	X	anno1.g10628.t1	A
rna-XM_057796599.1	X	anno1.g10645.t2	A
rna-XM_057807626.1	X	anno1.g4125.t1	A
rna-XM_057795052.1	X	anno1.g11080.t1	A
rna-XM_057796523.1	X	anno1.g6334.t1	A
rna-XM_057802408.1	X	anno1.g6260.t1	A
rna-XM_057802399.1	X	anno1.g6259.t1	A
rna-XM_057794903.1	X	anno1.g1809.t1	A
rna-XM_057806968.1	X	anno1.g1773.t1	A
rna-XM_057806907.1	X	anno1.g1774.t1	A
rna-XM_057806938.1	X	anno1.g6163.t1	A
rna-XM_057806840.1	X	anno1.g1402.t1	A
rna-XM_057806926.1	X	anno1.g1808.t1	A
rna-XM_057806949.1	X	anno1.g1807.t2	A
rna-XM_057806859.1	X	anno1.g5332.t2	A
rna-XM_057813941.1	X	anno1.g11079.t1	A
rna-XM_057813953.1	X	anno1.g11078.t1	A
rna-XM_057813977.1	X	anno1.g11077.t1	A
rna-XM_057802516.1	X	anno1.g7660.t1	A
rna-XM_057807526.1	X	anno1.g6658.t1	A
rna-XM_057797954.1	X	anno1.g11075.t1	A
rna-XM_057797916.1	X	anno1.g11074.t1	A
rna-XM_057806352.1	X	anno1.g11081.t1	A
rna-XM_057813229.1	X	anno1.g3934.t2	A
rna-XM_057813241.1	X	anno1.g6659.t1	A
rna-XM_057813252.1	X	anno1.g6100.t1	A
rna-XM_057813271.1	X	anno1.g6463.t2	A
rna-XM_057796488.1	X	anno1.g4187.t1	A
rna-XM_057796074.1	X	anno1.g6937.t1	A
rna-XM_057796363.1	X	anno1.g6657.t1	A
rna-XM_057796130.1	X	anno1.g7661.t1	A
rna-XM_057796196.1	X	anno1.g7664.t1	A
rna-XM_057796262.1	X	anno1.g7665.t1	A
rna-XM_057796336.1	X	anno1.g5728.t1	A
rna-XM_057796118.1	X	anno1.g5599.t1	A
rna-XM_057796274.1	X	anno1.g411.t1	A
rna-XM_057796357.1	X	anno1.g1497.t1	A
rna-XM_057796350.1	X	anno1.g7735.t1	A
rna-XM_057796303.1	X	anno1.g7669.t1	A
rna-XM_057796394.1	X	anno1.g7671.t1	A
rna-XM_057816017.1	X	anno1.g7670.t1	A
rna-XM_057816031.1	X	anno1.g7672.t1	A
rna-XM_057807054.1	X	anno1.g7668.t1	A
rna-XM_057796423.1	X	anno1.g7714.t1	A
rna-XM_057805411.1	X	anno1.g7667.t1	A
rna-XM_057806591.1	X	anno1.g7666.t1	A
rna-XM_057806586.1	X	anno1.g6533.t4	A
rna-XM_057806594.1	X	anno1.g1650.t1	A
rna-XM_057806640.1	X	anno1.g5598.t1	A
rna-XM_057806670.1	X	anno1.g1766.t1	A
rna-XM_057798559.1	X	anno1.g6274.t1	A
rna-XM_057804484.1	X	anno1.g6286.t1	A
rna-XM_057795969.1	X	anno1.g10374.t2	A
rna-XM_057795999.1	X	anno1.g12009.t2	X
rna-XM_057807161.1	X	anno1.g2556.t1	A
rna-XM_057805738.1	X	anno1.g10590.t1	A
rna-XM_057804414.1	X	anno1.g1193.t1	A
rna-XM_057803060.1	X	anno1.g6070.t2	A
rna-XM_057811292.1	X	anno1.g1203.t1	A
rna-XM_057798535.1	X	anno1.g6292.t1	A
rna-XM_057816038.1	X	anno1.g6293.t1	A
rna-XM_057813539.1	X	anno1.g10350.t1	A
rna-XM_057811333.1	X	anno1.g10356.t2	A
rna-XM_057811467.1	X	anno1.g2931.t1	A
rna-XM_057811488.1	X	anno1.g10354.t1	A
rna-XM_057811502.1	X	anno1.g10646.t1	A
rna-XM_057811550.1	X	anno1.g10440.t1	A
rna-XM_057811515.1	X	anno1.g10426.t1	A
rna-XM_057811540.1	X	anno1.g9146.t1	A
rna-XM_057795114.1	X	anno1.g9667.t1	A
rna-XM_057805243.1	X	anno1.g9580.t1	A
rna-XM_057805235.1	X	anno1.g9579.t1	A
rna-XM_057805294.1	X	anno1.g283.t2	A
rna-XM_057805264.1	X	anno1.g10411.t1	A
rna-XM_057805356.1	X	anno1.g10415.t1	A
rna-XM_057805341.1	X	anno1.g10414.t1	A
rna-XM_057805318.1	X	anno1.g10413.t1	A
rna-XM_057805279.1	X	anno1.g10412.t1	A
rna-XM_057795125.1	X	anno1.g10395.t1	A
rna-XM_057809443.1	X	anno1.g3330.t1	A
rna-XM_057809541.1	X	anno1.g2515.t1	A
rna-XM_057809495.1	X	anno1.g2516.t1	A
rna-XM_057795708.1	X	anno1.g5458.t2	A
rna-XM_057795908.1	X	anno1.g5459.t1	A
rna-XM_057796018.1	X	anno1.g6474.t2	A
rna-XM_057812210.1	X	anno1.g5460.t1	A
rna-XM_057812166.1	X	anno1.g4138.t4	A
rna-XM_057798215.1	X	anno1.g4140.t1	A
rna-XM_057798016.1	X	anno1.g4856.t1	A
rna-XM_057803601.1	X	anno1.g4925.t1	A
rna-XM_057803615.1	X	anno1.g9047.t1	A
rna-XM_057810784.1	X	anno1.g8000.t2	A
rna-XM_057810490.1	X	anno1.g8001.t1	A
rna-XM_057811972.1	X	anno1.g7811.t1	A
rna-XM_057811961.1	X	anno1.g9908.t1	A
rna-XM_057811994.1	X	anno1.g9907.t1	A
rna-XM_057810855.1	X	anno1.g9904.t1	A
rna-XM_057810833.1	X	anno1.g4268.t1	A
rna-XM_057812771.1	X	anno1.g9386.t1	A
rna-XM_057812641.1	X	anno1.g9390.t1	A
rna-XM_057816841.1	X	anno1.g7028.t1	A
rna-XM_057807126.1	X	anno1.g7034.t2	A
rna-XM_057797386.1	X	anno1.g7036.t1	A
rna-XM_057816562.1	X	anno1.g6652.t1	A
rna-XM_057807017.1	X	anno1.g6653.t1	A
rna-XM_057804352.1	X	anno1.g6654.t1	A
rna-XM_057813484.1	X	anno1.g6655.t1	A
rna-XM_057813465.1	X	anno1.g6984.t1	A
rna-XM_057810255.1	X	anno1.g6661.t2	A
rna-XM_057810304.1	X	anno1.g6660.t1	A
rna-XM_057810282.1	X	anno1.g5305.t1	A
rna-XM_057810201.1	X	anno1.g10765.t2	A
rna-XM_057810167.1	X	anno1.g3306.t1	A
rna-XM_057810144.1	X	anno1.g3305.t1	A
rna-XM_057810180.1	X	anno1.g10089.t1	A
rna-XM_057810341.1	X	anno1.g10098.t1	A
rna-XM_057815862.1	X	anno1.g1624.t1	A
rna-XM_057802186.1	X	anno1.g1625.t1	A
rna-XM_057807584.1	X	anno1.g7241.t1	A
rna-XM_057807623.1	X	anno1.g7072.t1	A
rna-XM_057807634.1	X	anno1.g8907.t1	A
rna-XM_057807903.1	X	anno1.g6320.t1	A
rna-XM_057807803.1	X	anno1.g1635.t2	A
rna-XM_057807925.1	X	anno1.g1634.t1	A
rna-XM_057807668.1	X	anno1.g6331.t1	A
rna-XM_057807695.1	X	anno1.g8857.t1	A
rna-XM_057807761.1	X	anno1.g5983.t1	A
rna-XM_057807627.1	X	anno1.g6402.t2	A
rna-XM_057807782.1	X	anno1.g6403.t1	A
rna-XM_057807814.1	X	anno1.g6404.t1	A
rna-XM_057807866.1	X	anno1.g6405.t1	A
rna-XM_057808021.1	X	anno1.g6399.t1	A
rna-XM_057808009.1	X	anno1.g6127.t1	A
rna-XM_057808054.1	X	anno1.g6866.t1	A
rna-XM_057808067.1	X	anno1.g6867.t2	A
rna-XM_057808035.1	X	anno1.g6473.t1	A
rna-XM_057808097.1	X	anno1.g959.t1	A
rna-XM_057808237.1	X	anno1.g6735.t1	A
rna-XM_057808210.1	X	anno1.g6394.t1	A
rna-XM_057808250.1	X	anno1.g6395.t2	A
rna-XM_057808262.1	X	anno1.g6397.t1	A
rna-XM_057808300.1	X	anno1.g6187.t1	A
rna-XM_057808276.1	X	anno1.g10018.t1	A
rna-XM_057808288.1	X	anno1.g9775.t1	A
rna-XM_057808323.1	X	anno1.g9756.t1	A
rna-XM_057816503.1	X	anno1.g5995.t1	A
rna-XM_057816516.1	X	anno1.g5998.t1	A
rna-XM_057816703.1	X	anno1.g700.t1	A
rna-XM_057816718.1	X	anno1.g6332.t1	A
rna-XM_057816746.1	X	anno1.g6244.t1	A
rna-XM_057816734.1	X	anno1.g6243.t1	A
rna-XM_057816758.1	X	anno1.g6242.t1	A
rna-XM_057816779.1	X	anno1.g1898.t1	A
rna-XM_057803088.1	X	anno1.g6254.t1	A
rna-XM_057816455.1	X	anno1.g6247.t1	A
rna-XM_057803407.1	X	anno1.g1917.t2	A
rna-XM_057803394.1	X	anno1.g1960.t2	A
rna-XM_057804817.1	X	anno1.g6294.t1	A
rna-XM_057804805.1	X	anno1.g6037.t1	A
rna-XM_057804793.1	X	anno1.g6290.t1	A
rna-XM_057798202.1	X	anno1.g6275.t1	A
rna-XM_057807404.1	X	anno1.g226.t1	A
rna-XM_057807417.1	X	anno1.g10113.t1	A
rna-XM_057810418.1	X	anno1.g10310.t1	A
rna-XM_057801486.1	X	anno1.g10309.t1	A
rna-XM_057814621.1	X	anno1.g4384.t1	A
rna-XM_057815652.1	X	anno1.g9419.t2	A
rna-XM_057798360.1	X	anno1.g6223.t1	A
rna-XM_057807042.1	X	anno1.g10858.t1	A
rna-XM_057795862.1	X	anno1.g10857.t2	A
rna-XM_057795931.1	X	anno1.g9368.t1	A
rna-XM_057795850.1	X	anno1.g6739.t1	A
rna-XM_057795826.1	X	anno1.g9460.t1	A
rna-XM_057795839.1	X	anno1.g10674.t1	A
rna-XM_057795909.1	X	anno1.g10676.t1	A
rna-XM_057795919.1	X	anno1.g10675.t1	A
rna-XM_057795875.1	X	anno1.g10673.t1	A
rna-XM_057795896.1	X	anno1.g10035.t1	A
rna-XM_057795511.1	X	anno1.g10677.t1	A
rna-XM_057795799.1	X	anno1.g11249.t2	A
rna-XM_057813001.1	X	anno1.g5561.t1	A
rna-XM_057813016.1	X	anno1.g7622.t1	A
rna-XM_057808475.1	X	anno1.g5151.t2	A
rna-XM_057799803.1	X	anno1.g6708.t2	A
rna-XM_057812435.1	X	anno1.g6709.t1	A
rna-XM_057812423.1	X	anno1.g9483.t1	A
rna-XM_057813321.1	X	anno1.g4382.t1	A
rna-XM_057813285.1	X	anno1.g4786.t1	A
rna-XM_057797841.1	X	anno1.g11286.t1	A
rna-XM_057797874.1	X	anno1.g10220.t1	A
rna-XM_057797863.1	X	anno1.g11287.t1	A
rna-XM_057815671.1	X	anno1.g10210.t2	A
rna-XM_057797247.1	X	anno1.g11270.t1	A
rna-XM_057797231.1	X	anno1.g10211.t1	A
rna-XM_057815981.1	A	anno1.g2101.t1	A
rna-XM_057815935.1	A	anno1.g8715.t1	A
rna-XM_057815933.1	A	anno1.g5008.t1	A
rna-XM_057815532.1	A	anno1.g4945.t1	A
rna-XM_057815533.1	A	anno1.g2741.t1	A
rna-XM_057815763.1	A	anno1.g802.t1	A
rna-XM_057795426.1	A	anno1.g8714.t1	A
rna-XM_057795427.1	A	anno1.g1510.t1	A
rna-XM_057795421.1	A	anno1.g1509.t1	A
rna-XM_057795424.1	A	anno1.g1508.t1	A
rna-XM_057816860.1	A	anno1.g8716.t1	A
rna-XM_057816856.1	A	anno1.g6586.t1	A
rna-XM_057816859.1	A	anno1.g8717.t1	A
rna-XM_057815420.1	A	anno1.g3184.t1	A
rna-XM_057815687.1	A	anno1.g1507.t1	A
rna-XM_057815668.1	A	anno1.g2419.t1	A
rna-XM_057815672.1	A	anno1.g765.t2	A
rna-XM_057815670.1	A	anno1.g8713.t1	A
rna-XM_057815683.1	A	anno1.g964.t2	A
rna-XM_057815666.1	A	anno1.g8430.t1	A
rna-XM_057815675.1	A	anno1.g8417.t1	A
rna-XM_057815667.1	A	anno1.g853.t1	A
rna-XM_057815681.1	A	anno1.g8407.t1	A
rna-XM_057815669.1	A	anno1.g5322.t1	A
rna-XM_057815673.1	A	anno1.g803.t1	A
rna-XM_057815682.1	A	anno1.g2740.t1	A
rna-XM_057815685.1	A	anno1.g813.t1	A
rna-XM_057815688.1	A	anno1.g5511.t1	A
rna-XM_057815551.1	A	anno1.g919.t1	A
rna-XM_057816538.1	A	anno1.g10291.t2	A
rna-XM_057815014.1	A	anno1.g2392.t1	A
rna-XM_057815091.1	A	anno1.g2901.t1	A
rna-XM_057815067.1	A	anno1.g2899.t1	A
rna-XM_057815027.1	A	anno1.g878.t1	A
rna-XM_057815603.1	A	anno1.g963.t1	A
rna-XM_057815605.1	A	anno1.g965.t1	A
rna-XM_057815557.1	A	anno1.g10300.t1	A
rna-XM_057815558.1	A	anno1.g2410.t1	A
rna-XM_057795366.1	A	anno1.g2924.t1	A
rna-XM_057816205.1	A	anno1.g2925.t1	A
rna-XM_057816204.1	A	anno1.g2910.t1	A
rna-XM_057795408.1	A	anno1.g2919.t1	A
rna-XM_057795399.1	A	anno1.g2920.t1	A
rna-XM_057795402.1	A	anno1.g3170.t4	A
rna-XM_057815878.1	A	anno1.g2911.t1	A
rna-XM_057795409.1	A	anno1.g2912.t1	A
rna-XM_057816854.1	A	anno1.g2914.t1	A
rna-XM_057816845.1	A	anno1.g2915.t4	A
rna-XM_057816636.1	A	anno1.g2916.t1	A
rna-XM_057815616.1	A	anno1.g2917.t1	A
rna-XM_057815618.1	A	anno1.g7906.t1	A
rna-XM_057815791.1	A	anno1.g7905.t1	A
rna-XM_057815796.1	A	anno1.g7904.t1	A
rna-XM_057815792.1	A	anno1.g7903.t1	A
rna-XM_057815801.1	A	anno1.g7902.t1	A
rna-XM_057815794.1	A	anno1.g9458.t1	A
rna-XM_057795207.1	A	anno1.g815.t1	A
rna-XM_057795205.1	A	anno1.g2846.t1	A
rna-XM_057816698.1	A	anno1.g2845.t1	A
rna-XM_057816541.1	A	anno1.g2844.t1	A
rna-XM_057815700.1	A	anno1.g2843.t1	A
rna-XM_057815859.1	A	anno1.g2842.t1	A
rna-XM_057815536.1	A	anno1.g2828.t3	A
rna-XM_057815541.1	A	anno1.g2829.t1	A
rna-XM_057815879.1	A	anno1.g5143.t1	A
rna-XM_057816285.1	A	anno1.g3195.t1	A
rna-XM_057816292.1	A	anno1.g5146.t1	A
rna-XM_057815835.1	A	anno1.g395.t2	A
rna-XM_057815836.1	A	anno1.g392.t1	A
rna-XM_057816649.1	A	anno1.g412.t1	A
rna-XM_057815921.1	A	anno1.g405.t1	A
rna-XM_057815918.1	A	anno1.g415.t1	A
rna-XM_057815919.1	A	anno1.g413.t1	A
rna-XM_057815923.1	A	anno1.g409.t1	A
rna-XM_057815925.1	A	anno1.g408.t1	A
rna-XM_057815926.1	A	anno1.g410.t1	A
rna-XM_057816682.1	A	anno1.g549.t1	A
rna-XM_057795463.1	A	anno1.g4985.t1	A
rna-XM_057795465.1	A	anno1.g111.t1	A
rna-XM_057815826.1	A	anno1.g112.t1	A
rna-XM_057816475.1	A	anno1.g110.t1	A
rna-XM_057816474.1	A	anno1.g4560.t1	A
rna-XM_057816479.1	A	anno1.g10239.t1	A
rna-XM_057816477.1	A	anno1.g10238.t1	A
rna-XM_057816478.1	A	anno1.g3863.t1	A
rna-XM_057816481.1	A	anno1.g3862.t1	A
rna-XM_057816486.1	A	anno1.g3864.t1	A
rna-XM_057816485.1	A	anno1.g5648.t1	A
rna-XM_057816487.1	A	anno1.g11215.t1	A
rna-XM_057816488.1	A	anno1.g11214.t2	A
rna-XM_057816489.1	A	anno1.g10505.t1	A
rna-XM_057816490.1	A	anno1.g10504.t1	A
rna-XM_057815611.1	A	anno1.g9380.t2	A
rna-XM_057794887.1	A	anno1.g9379.t2	A
rna-XM_057815851.1	A	anno1.g179.t1	A
rna-XM_057815884.1	A	anno1.g180.t1	A
rna-XM_057816548.1	A	anno1.g182.t1	A
rna-XM_057816551.1	A	anno1.g186.t2	A
rna-XM_057816566.1	A	anno1.g10894.t1	A
rna-XM_057816568.1	A	anno1.g10898.t1	A
rna-XM_057816577.1	A	anno1.g10900.t1	A
rna-XM_057816570.1	A	anno1.g1171.t1	A
rna-XM_057816578.1	A	anno1.g9420.t1	A
rna-XM_057816592.1	A	anno1.g1212.t1	A
rna-XM_057816583.1	A	anno1.g1213.t1	A
rna-XM_057816595.1	A	anno1.g9750.t1	A
rna-XM_057816632.1	A	anno1.g6549.t1	A
rna-XM_057816624.1	A	anno1.g6547.t1	A
rna-XM_057816626.1	A	anno1.g6548.t2	A
rna-XM_057816628.1	A	anno1.g6184.t1	A
rna-XM_057816630.1	A	anno1.g6444.t1	A
rna-XM_057816629.1	A	anno1.g10945.t1	A
rna-XM_057816603.1	A	anno1.g3766.t1	A
rna-XM_057816138.1	A	anno1.g3769.t1	A
rna-XM_057816141.1	A	anno1.g3771.t1	A
rna-XM_057795209.1	A	anno1.g3743.t1	A
rna-XM_057795211.1	A	anno1.g3758.t1	A
rna-XM_057795216.1	A	anno1.g3757.t2	A
rna-XM_057816411.1	A	anno1.g3754.t1	A
rna-XM_057816412.1	A	anno1.g3753.t1	A
rna-XM_057816402.1	A	anno1.g3233.t1	A
rna-XM_057816355.1	A	anno1.g7100.t1	A
rna-XM_057815840.1	A	anno1.g611.t1	A
rna-XM_057815869.1	A	anno1.g8164.t1	A
rna-XM_057794858.1	A	anno1.g1447.t1	A
rna-XM_057794855.1	A	anno1.g7093.t1	A
rna-XM_057794856.1	A	anno1.g4263.t1	A
rna-XM_057794853.1	A	anno1.g609.t1	A
rna-XM_057794859.1	A	anno1.g6518.t1	A
rna-XM_057816640.1	A	anno1.g6519.t1	A
rna-XM_057795412.1	A	anno1.g9619.t1	A
rna-XM_057795414.1	A	anno1.g9620.t1	A
rna-XM_057795415.1	A	anno1.g9192.t1	A
rna-XM_057816203.1	A	anno1.g1451.t1	A
rna-XM_057815529.1	A	anno1.g1452.t3	A
rna-XM_057815569.1	A	anno1.g9447.t1	A
rna-XM_057815570.1	A	anno1.g6592.t1	A
rna-XM_057815863.1	A	anno1.g6588.t1	A
rna-XM_057816724.1	A	anno1.g6589.t1	A
rna-XM_057816723.1	A	anno1.g6590.t1	A
rna-XM_057816725.1	A	anno1.g6591.t1	A
rna-XM_057816727.1	A	anno1.g6606.t1	A
rna-XM_057816729.1	A	anno1.g6605.t1	A
rna-XM_057815892.1	A	anno1.g6604.t1	A
rna-XM_057795239.1	A	anno1.g6603.t1	A
rna-XM_057795252.1	A	anno1.g6599.t2	A
rna-XM_057795247.1	A	anno1.g9217.t1	A
rna-XM_057795255.1	A	anno1.g6598.t1	A
rna-XM_057795260.1	A	anno1.g3643.t1	A
rna-XM_057795265.1	A	anno1.g1175.t1	A
rna-XM_057795243.1	A	anno1.g3692.t1	A
rna-XM_057795240.1	A	anno1.g3752.t1	A
rna-XM_057795264.1	A	anno1.g550.t1	A
rna-XM_057795246.1	A	anno1.g538.t1	A
rna-XM_057795254.1	A	anno1.g1792.t1	A
rna-XM_057795230.1	A	anno1.g3800.t1	A
rna-XM_057795241.1	A	anno1.g3804.t1	A
rna-XM_057795248.1	A	anno1.g3792.t1	A
rna-XM_057795251.1	A	anno1.g3791.t1	A
rna-XM_057795256.1	A	anno1.g9193.t1	A
rna-XM_057795249.1	A	anno1.g9214.t1	A
rna-XM_057795180.1	A	anno1.g9213.t1	A
rna-XM_057795181.1	A	anno1.g9212.t1	A
rna-XM_057795187.1	A	anno1.g9211.t1	A
rna-XM_057795185.1	A	anno1.g9206.t1	A
rna-XM_057795188.1	A	anno1.g9210.t1	A
rna-XM_057795086.1	A	anno1.g9205.t1	A
rna-XM_057795083.1	A	anno1.g9203.t2	A
rna-XM_057795082.1	A	anno1.g9204.t1	A
rna-XM_057795088.1	A	anno1.g388.t1	A
rna-XM_057816522.1	A	anno1.g543.t1	A
rna-XM_057816517.1	A	anno1.g544.t1	A
rna-XM_057816519.1	A	anno1.g9238.t2	A
rna-XM_057816515.1	A	anno1.g1756.t1	A
rna-XM_057816521.1	A	anno1.g389.t1	A
rna-XM_057816525.1	A	anno1.g11503.t1	A
rna-XM_057816523.1	A	anno1.g7835.t1	A
rna-XM_057816526.1	A	anno1.g6995.t1	A
rna-XM_057816527.1	A	anno1.g6996.t1	A
rna-XM_057816528.1	A	anno1.g2539.t1	A
rna-XM_057816529.1	A	anno1.g396.t1	A
rna-XM_057816245.1	A	anno1.g178.t1	A
rna-XM_057816170.1	A	anno1.g10314.t2	A
rna-XM_057816664.1	A	anno1.g9378.t2	A
rna-XM_057815371.1	A	anno1.g259.t1	A
rna-XM_057815379.1	A	anno1.g258.t1	A
rna-XM_057815383.1	A	anno1.g4026.t2	A
rna-XM_057816317.1	A	anno1.g4029.t1	A
rna-XM_057816263.1	A	anno1.g4032.t1	A
rna-XM_057816314.1	A	anno1.g4033.t1	A
rna-XM_057795177.1	A	anno1.g8549.t1	A
rna-XM_057815745.1	A	anno1.g4025.t1	A
rna-XM_057816421.1	A	anno1.g4023.t1	A
rna-XM_057815906.1	A	anno1.g9171.t1	A
rna-XM_057815690.1	A	anno1.g3393.t1	A
rna-XM_057815692.1	A	anno1.g3691.t1	A
rna-XM_057815789.1	A	anno1.g3667.t1	A
rna-XM_057815787.1	A	anno1.g3744.t1	A
rna-XM_057815788.1	A	anno1.g3669.t1	A
rna-XM_057816135.1	A	anno1.g8901.t1	A
rna-XM_057815559.1	A	anno1.g3672.t1	A
rna-XM_057816658.1	A	anno1.g9709.t1	A
rna-XM_057815748.1	A	anno1.g10296.t2	A
rna-XM_057816259.1	A	anno1.g9713.t1	A
rna-XM_057815595.1	A	anno1.g3670.t1	A
rna-XM_057815565.1	A	anno1.g3671.t1	A
rna-XM_057815954.1	A	anno1.g3665.t1	A
rna-XM_057815615.1	A	anno1.g3666.t1	A
rna-XM_057815598.1	A	anno1.g2088.t1	A
rna-XM_057815983.1	A	anno1.g913.t1	A
rna-XM_057815941.1	A	anno1.g10938.t1	A
rna-XM_057815834.1	A	anno1.g8843.t1	A
rna-XM_057815589.1	A	anno1.g8894.t1	A
rna-XM_057816470.1	A	anno1.g7259.t1	A
rna-XM_057816467.1	A	anno1.g1214.t1	A
rna-XM_057816275.1	A	anno1.g1769.t1	A
rna-XM_057795356.1	A	anno1.g1649.t1	A
rna-XM_057815553.1	A	anno1.g1134.t2	A
rna-XM_057815552.1	A	anno1.g1129.t1	A
rna-XM_057794894.1	A	anno1.g5572.t1	A
rna-XM_057794899.1	A	anno1.g996.t1	A
rna-XM_057794897.1	A	anno1.g10544.t1	A
rna-XM_057794898.1	A	anno1.g10545.t2	A
rna-XM_057816158.1	A	anno1.g10546.t1	A
rna-XM_057816160.1	A	anno1.g11314.t1	A
rna-XM_057816156.1	A	anno1.g11417.t1	A
rna-XM_057816473.1	A	anno1.g11416.t1	A
rna-XM_057816472.1	A	anno1.g11415.t1	A
rna-XM_057816471.1	A	anno1.g11367.t1	A
rna-XM_057815583.1	A	anno1.g11368.t1	A
rna-XM_057815388.1	A	anno1.g11369.t1	A
rna-XM_057815394.1	A	anno1.g11893.t1	X
rna-XM_057815395.1	A	anno1.g1741.t1	A
rna-XM_057815397.1	A	anno1.g3340.t1	A
rna-XM_057815396.1	A	anno1.g8929.t1	A
rna-XM_057795293.1	A	anno1.g3343.t1	A
rna-XM_057795294.1	A	anno1.g3342.t1	A
rna-XM_057795295.1	A	anno1.g3432.t1	A
rna-XM_057815580.1	A	anno1.g7258.t1	A
rna-XM_057815579.1	A	anno1.g7003.t1	A
rna-XM_057815582.1	A	anno1.g7004.t1	A
rna-XM_057795228.1	A	anno1.g7000.t1	A
rna-XM_057815606.1	A	anno1.g10915.t1	A
rna-XM_057815561.1	A	anno1.g10918.t1	A
rna-XM_057815760.1	A	anno1.g10919.t1	A
rna-XM_057815943.1	A	anno1.g10914.t1	A
rna-XM_057795009.1	A	anno1.g10913.t1	A
rna-XM_057795038.1	A	anno1.g10904.t1	A
rna-XM_057795058.1	A	anno1.g1647.t1	A
rna-XM_057795036.1	A	anno1.g10920.t1	A
rna-XM_057795021.1	A	anno1.g9656.t2	A
rna-XM_057795000.1	A	anno1.g10439.t1	A
rna-XM_057795053.1	A	anno1.g9555.t1	A
rna-XM_057795019.1	A	anno1.g966.t1	A
rna-XM_057795055.1	A	anno1.g1648.t1	A
rna-XM_057795048.1	A	anno1.g1761.t1	A
rna-XM_057795051.1	A	anno1.g1646.t1	A
rna-XM_057795060.1	A	anno1.g701.t1	A
rna-XM_057795063.1	A	anno1.g5307.t1	A
rna-XM_057795064.1	A	anno1.g8353.t1	A
rna-XM_057795066.1	A	anno1.g6255.t1	A
rna-XM_057816283.1	A	anno1.g8082.t1	A
rna-XM_057816301.1	A	anno1.g5597.t1	A
rna-XM_057816305.1	A	anno1.g6458.t1	A
rna-XM_057795394.1	A	anno1.g4079.t2	A
rna-XM_057795398.1	A	anno1.g3779.t1	A
rna-XM_057815107.1	A	anno1.g4078.t2	A
rna-XM_057815621.1	A	anno1.g4080.t1	A
rna-XM_057815620.1	A	anno1.g2120.t1	A
rna-XM_057815625.1	A	anno1.g2121.t2	A
rna-XM_057815634.1	A	anno1.g5781.t1	A
rna-XM_057815641.1	A	anno1.g5217.t1	A
rna-XM_057815643.1	A	anno1.g3394.t1	A
rna-XM_057816233.1	A	anno1.g3362.t1	A
rna-XM_057816349.1	A	anno1.g3361.t1	A
rna-XM_057815593.1	A	anno1.g12087.t3	X
rna-XM_057815590.1	A	anno1.g3234.t1	A
rna-XM_057815430.1	A	anno1.g616.t2	A
rna-XM_057815423.1	A	anno1.g6847.t1	A
rna-XM_057815421.1	A	anno1.g1849.t1	A
rna-XM_057815984.1	A	anno1.g8405.t1	A
rna-XM_057816491.1	A	anno1.g7005.t1	A
rna-XM_057816217.1	A	anno1.g7292.t1	A
rna-XM_057816225.1	A	anno1.g6668.t1	A
rna-XM_057815573.1	A	anno1.g7293.t2	A
rna-XM_057815563.1	A	anno1.g10581.t1	A
rna-XM_057815868.1	A	anno1.g10520.t1	A
rna-XM_057815867.1	A	anno1.g10521.t2	A
rna-XM_057816807.1	A	anno1.g10168.t1	A
rna-XM_057815739.1	A	anno1.g10094.t1	A
rna-XM_057815654.1	A	anno1.g10122.t1	A
rna-XM_057816645.1	A	anno1.g4597.t1	A
rna-XM_057816294.1	A	anno1.g4598.t1	A
rna-XM_057816298.1	A	anno1.g4596.t1	A
rna-XM_057815546.1	A	anno1.g4018.t1	A
rna-XM_057815819.1	A	anno1.g4614.t1	A
rna-XM_057815820.1	A	anno1.g10025.t1	A
rna-XM_057815865.1	A	anno1.g161.t1	A
rna-XM_057816834.1	A	anno1.g331.t1	A
rna-XM_057815827.1	A	anno1.g4962.t1	A
rna-XM_057816646.1	A	anno1.g7759.t1	A
rna-XM_057816498.1	A	anno1.g4957.t1	A
rna-XM_057815817.1	A	anno1.g4955.t1	A
rna-XM_057816102.1	A	anno1.g3693.t3	A
rna-XM_057794904.1	A	anno1.g2544.t1	A
rna-XM_057794905.1	A	anno1.g10242.t1	A
rna-XM_057794917.1	A	anno1.g8797.t1	A
rna-XM_057794918.1	A	anno1.g8796.t1	A
rna-XM_057794922.1	A	anno1.g5112.t1	A
rna-XM_057794928.1	A	anno1.g10960.t1	A
rna-XM_057794924.1	A	anno1.g3228.t1	A
rna-XM_057794977.1	A	anno1.g4908.t1	A
rna-XM_057794966.1	A	anno1.g11319.t1	A
rna-XM_057794967.1	A	anno1.g11318.t1	A
rna-XM_057794939.1	A	anno1.g11317.t3	A
rna-XM_057794952.1	A	anno1.g1652.t1	A
rna-XM_057794963.1	A	anno1.g2963.t1	A
rna-XM_057794965.1	A	anno1.g6339.t1	A
rna-XM_057794975.1	A	anno1.g6340.t1	A
rna-XM_057816148.1	A	anno1.g6343.t1	A
rna-XM_057794933.1	A	anno1.g7417.t2	A
rna-XM_057794962.1	A	anno1.g6439.t1	A
rna-XM_057794974.1	A	anno1.g6440.t1	A
rna-XM_057794942.1	A	anno1.g6264.t1	A
rna-XM_057816284.1	A	anno1.g6263.t2	A
rna-XM_057816633.1	A	anno1.g6262.t1	A
rna-XM_057815845.1	A	anno1.g6030.t1	A
rna-XM_057794992.1	A	anno1.g8870.t1	A
rna-XM_057794997.1	A	anno1.g11373.t1	A
rna-XM_057815913.1	A	anno1.g9831.t1	A
rna-XM_057816339.1	A	anno1.g4807.t2	A
rna-XM_057816111.1	A	anno1.g10.t1	A
rna-XM_057816112.1	A	anno1.g9450.t1	A
rna-XM_057816444.1	A	anno1.g960.t1	A
rna-XM_057815873.1	A	anno1.g7773.t1	A
rna-XM_057815872.1	A	anno1.g6024.t1	A
rna-XM_057815874.1	A	anno1.g11784.t1	X
rna-XM_057816534.1	A	anno1.g1003.t1	A
rna-XM_057815555.1	A	anno1.g1004.t2	A
rna-XM_057816212.1	A	anno1.g4981.t1	A
rna-XM_057815843.1	A	anno1.g1006.t1	A
rna-XM_057815916.1	A	anno1.g4942.t1	A
rna-XM_057816191.1	A	anno1.g5139.t3	A
rna-XM_057816334.1	A	anno1.g1687.t1	A
rna-XM_057816331.1	A	anno1.g6042.t1	A
rna-XM_057816324.1	A	anno1.g6185.t2	A
rna-XM_057816325.1	A	anno1.g6186.t1	A
rna-XM_057816333.1	A	anno1.g5555.t1	A
rna-XM_057816338.1	A	anno1.g6324.t1	A
rna-XM_057816169.1	A	anno1.g6131.t1	A
rna-XM_057815361.1	A	anno1.g6130.t1	A
rna-XM_057815887.1	A	anno1.g1053.t1	A
rna-XM_057815897.1	A	anno1.g257.t2	A
rna-XM_057815899.1	A	anno1.g266.t1	A
rna-XM_057815898.1	A	anno1.g265.t1	A
rna-XM_057815596.1	A	anno1.g7341.t1	A
rna-XM_057795370.1	A	anno1.g262.t1	A
rna-XM_057795372.1	A	anno1.g44.t1	A
rna-XM_057795376.1	A	anno1.g45.t1	A
rna-XM_057795377.1	A	anno1.g47.t1	A
rna-XM_057795383.1	A	anno1.g55.t1	A
rna-XM_057816035.1	A	anno1.g10931.t1	A
rna-XM_057816033.1	A	anno1.g761.t1	A
rna-XM_057816041.1	A	anno1.g3585.t2	A
rna-XM_057816042.1	A	anno1.g3506.t1	A
rna-XM_057816098.1	A	anno1.g4090.t1	A
rna-XM_057816101.1	A	anno1.g2016.t1	A
rna-XM_057815901.1	A	anno1.g7966.t1	A
rna-XM_057816258.1	A	anno1.g2782.t2	A
rna-XM_057816650.1	A	anno1.g9398.t1	A
rna-XM_057816651.1	A	anno1.g4950.t1	A
rna-XM_057795416.1	A	anno1.g4949.t1	A
rna-XM_057795417.1	A	anno1.g4948.t1	A
rna-XM_057795418.1	A	anno1.g9396.t1	A
rna-XM_057795419.1	A	anno1.g8033.t1	A
rna-XM_057816826.1	A	anno1.g10630.t1	A
rna-XM_057816228.1	A	anno1.g7709.t1	A
rna-XM_057816825.1	A	anno1.g9416.t1	A
rna-XM_057816827.1	A	anno1.g7836.t1	A
rna-XM_057816816.1	A	anno1.g6954.t1	A
rna-XM_057816815.1	A	anno1.g6953.t2	A
rna-XM_057816828.1	A	anno1.g6951.t1	A
rna-XM_057816820.1	A	anno1.g6988.t1	A
rna-XM_057816818.1	A	anno1.g4926.t2	A
rna-XM_057816829.1	A	anno1.g7680.t1	A
rna-XM_057816831.1	A	anno1.g2464.t1	A
rna-XM_057795154.1	A	anno1.g6955.t1	A
rna-XM_057816694.1	A	anno1.g7716.t1	A
rna-XM_057816695.1	A	anno1.g7073.t1	A
rna-XM_057795155.1	A	anno1.g654.t1	A
rna-XM_057795158.1	A	anno1.g10023.t1	A
rna-XM_057795160.1	A	anno1.g9829.t1	A
rna-XM_057816229.1	A	anno1.g9832.t1	A
rna-XM_057795174.1	A	anno1.g9833.t1	A
rna-XM_057815883.1	A	anno1.g9835.t1	A
rna-XM_057815842.1	A	anno1.g9836.t1	A
rna-XM_057816231.1	A	anno1.g9837.t1	A
rna-XM_057816417.1	A	anno1.g5051.t1	A
rna-XM_057816144.1	A	anno1.g653.t1	A
rna-XM_057816496.1	A	anno1.g839.t1	A
rna-XM_057815813.1	A	anno1.g838.t1	A
rna-XM_057816124.1	A	anno1.g837.t1	A
rna-XM_057815719.1	A	anno1.g2766.t1	A
rna-XM_057815708.1	A	anno1.g1095.t1	A
rna-XM_057816321.1	A	anno1.g11331.t2	A
rna-XM_057816416.1	A	anno1.g6377.t1	A
rna-XM_057795275.1	A	anno1.g6436.t2	A
rna-XM_057795271.1	A	anno1.g9201.t3	A
rna-XM_057795280.1	A	anno1.g5326.t1	A
rna-XM_057795281.1	A	anno1.g8545.t1	A
rna-XM_057794860.1	A	anno1.g2498.t1	A
rna-XM_057794900.1	A	anno1.g2499.t1	A
rna-XM_057794901.1	A	anno1.g5740.t1	A
rna-XM_057794902.1	A	anno1.g5767.t1	A
rna-XM_057816113.1	A	anno1.g5766.t1	A
rna-XM_057816199.1	A	anno1.g5765.t1	A
rna-XM_057816200.1	A	anno1.g5764.t1	A
rna-XM_057816806.1	A	anno1.g7957.t1	A
rna-XM_057815699.1	A	anno1.g8090.t1	A
rna-XM_057816533.1	A	anno1.g5525.t2	A
rna-XM_057815609.1	A	anno1.g5526.t1	A
rna-XM_057816419.1	A	anno1.g5527.t1	A
rna-XM_057816418.1	A	anno1.g5528.t1	A
rna-XM_057816671.1	A	anno1.g316.t1	A
rna-XM_057816672.1	A	anno1.g315.t2	A
rna-XM_057815602.1	A	anno1.g271.t1	A
rna-XM_057816878.1	A	anno1.g2461.t1	A
rna-XM_057816883.1	A	anno1.g2438.t3	A
rna-XM_057816882.1	A	anno1.g2439.t1	A
rna-XM_057816884.1	A	anno1.g2440.t1	A
rna-XM_057816891.1	A	anno1.g2441.t1	A
rna-XM_057816892.1	A	anno1.g2442.t1	A
rna-XM_057816250.1	A	anno1.g2445.t1	A
rna-XM_057816118.1	A	anno1.g2446.t3	A
rna-XM_057815400.1	A	anno1.g2447.t1	A
rna-XM_057815411.1	A	anno1.g2448.t1	A
rna-XM_057795075.1	A	anno1.g2451.t2	A
rna-XM_057816507.1	A	anno1.g2453.t1	A
rna-XM_057816687.1	A	anno1.g2161.t1	A
rna-XM_057815956.1	A	anno1.g2454.t1	A
rna-XM_057815768.1	A	anno1.g2160.t1	A
rna-XM_057816704.1	A	anno1.g2159.t1	A
rna-XM_057816719.1	A	anno1.g2158.t1	A
rna-XM_057815751.1	A	anno1.g2156.t1	A
rna-XM_057815775.1	A	anno1.g2155.t1	A
rna-XM_057815907.1	A	anno1.g5342.t1	A
rna-XM_057815415.1	A	anno1.g5343.t3	A
rna-XM_057815736.1	A	anno1.g5345.t2	A
rna-XM_057816803.1	A	anno1.g5346.t1	A
rna-XM_057816342.1	A	anno1.g5348.t1	A
rna-XM_057815356.1	A	anno1.g2301.t1	A
rna-XM_057816660.1	A	anno1.g5448.t1	A
rna-XM_057795117.1	A	anno1.g5446.t1	A
rna-XM_057795119.1	A	anno1.g5445.t3	A
rna-XM_057815752.1	A	anno1.g9942.t1	A
rna-XM_057816151.1	A	anno1.g9943.t2	A
rna-XM_057816688.1	A	anno1.g9940.t2	A
rna-XM_057815727.1	A	anno1.g9948.t1	A
rna-XM_057815725.1	A	anno1.g5441.t1	A
rna-XM_057815894.1	A	anno1.g10079.t1	A
rna-XM_057816656.1	A	anno1.g5444.t1	A
rna-XM_057816196.1	A	anno1.g9992.t1	A
rna-XM_057816652.1	A	anno1.g8833.t1	A
rna-XM_057816801.1	A	anno1.g9990.t1	A
rna-XM_057795221.1	A	anno1.g9994.t1	A
rna-XM_057816004.1	A	anno1.g9995.t2	A
rna-XM_057816008.1	A	anno1.g9996.t1	A
rna-XM_057816010.1	A	anno1.g9997.t1	A
rna-XM_057816011.1	A	anno1.g9989.t1	A
rna-XM_057816012.1	A	anno1.g9988.t1	A
rna-XM_057816014.1	A	anno1.g5230.t2	A
rna-XM_057816027.1	A	anno1.g5232.t1	A
rna-XM_057816029.1	A	anno1.g9636.t1	A
rna-XM_057815597.1	A	anno1.g5847.t1	A
rna-XM_057795363.1	A	anno1.g5320.t1	A
rna-XM_057795361.1	A	anno1.g5727.t1	A
rna-XM_057795360.1	A	anno1.g9137.t1	A
rna-XM_057795222.1	A	anno1.g8873.t1	A
rna-XM_057795223.1	A	anno1.g2326.t1	A
rna-XM_057795224.1	A	anno1.g268.t1	A
rna-XM_057795226.1	A	anno1.g5324.t1	A
rna-XM_057795225.1	A	anno1.g11933.t1	X
rna-XM_057815940.1	A	anno1.g5805.t1	A
rna-XM_057794879.1	A	anno1.g1486.t1	A
rna-XM_057794884.1	A	anno1.g9135.t1	A
rna-XM_057815750.1	A	anno1.g8350.t1	A
rna-XM_057816512.1	A	anno1.g7952.t1	A
rna-XM_057815588.1	A	anno1.g7954.t1	A
rna-XM_057815767.1	A	anno1.g7955.t1	A
rna-XM_057795128.1	A	anno1.g7956.t2	A
rna-XM_057815780.1	A	anno1.g7950.t1	A
rna-XM_057815815.1	A	anno1.g10957.t1	A
rna-XM_057816318.1	A	anno1.g4646.t1	A
rna-XM_057815999.1	A	anno1.g4885.t1	A
rna-XM_057815994.1	A	anno1.g11131.t1	A
rna-XM_057815993.1	A	anno1.g4871.t2	A
rna-XM_057815917.1	A	anno1.g1485.t1	A
rna-XM_057815693.1	A	anno1.g4648.t1	A
rna-XM_057815526.1	A	anno1.g4647.t2	A
rna-XM_057815527.1	A	anno1.g4649.t1	A
rna-XM_057795099.1	A	anno1.g4652.t1	A
rna-XM_057795107.1	A	anno1.g655.t1	A
rna-XM_057794987.1	A	anno1.g121.t4	A
rna-XM_057794983.1	A	anno1.g3411.t3	A
rna-XM_057816114.1	A	anno1.g11498.t1	A
rna-XM_057816810.1	A	anno1.g6063.t2	A
rna-XM_057816732.1	A	anno1.g1413.t2	A
rna-XM_057816735.1	A	anno1.g8933.t1	A
rna-XM_057816736.1	A	anno1.g7872.t2	A
rna-XM_057816737.1	A	anno1.g7802.t1	A
rna-XM_057816739.1	A	anno1.g9980.t1	A
rna-XM_057816741.1	A	anno1.g3272.t1	A
rna-XM_057816742.1	A	anno1.g3271.t1	A
rna-XM_057816743.1	A	anno1.g4266.t1	A
rna-XM_057816745.1	A	anno1.g6060.t1	A
rna-XM_057816747.1	A	anno1.g10942.t1	A
rna-XM_057816929.1	A	anno1.g6062.t2	A
rna-XM_057816748.1	A	anno1.g6061.t1	A
rna-XM_057816749.1	A	anno1.g9451.t1	A
rna-XM_057816750.1	A	anno1.g2796.t1	A
rna-XM_057816753.1	A	anno1.g6282.t1	A
rna-XM_057816755.1	A	anno1.g10943.t1	A
rna-XM_057816756.1	A	anno1.g8089.t1	A
rna-XM_057816759.1	A	anno1.g8841.t1	A
rna-XM_057816760.1	A	anno1.g417.t1	A
rna-XM_057816761.1	A	anno1.g6281.t1	A
rna-XM_057816762.1	A	anno1.g4929.t1	A
rna-XM_057816764.1	A	anno1.g6183.t1	A
rna-XM_057816767.1	A	anno1.g10771.t1	A
rna-XM_057816770.1	A	anno1.g6901.t1	A
rna-XM_057816772.1	A	anno1.g6900.t2	A
rna-XM_057816783.1	A	anno1.g6899.t1	A
rna-XM_057816785.1	A	anno1.g2609.t1	A
rna-XM_057795390.1	A	anno1.g5264.t1	A
rna-XM_057816686.1	A	anno1.g5265.t1	A
rna-XM_057816696.1	A	anno1.g4637.t1	A
rna-XM_057816931.1	A	anno1.g2111.t1	A
rna-XM_057815689.1	A	anno1.g6616.t1	A
rna-XM_057795443.1	A	anno1.g10949.t3	A
rna-XM_057795462.1	A	anno1.g7925.t1	A
rna-XM_057815858.1	A	anno1.g7854.t1	A
rna-XM_057816248.1	A	anno1.g7853.t1	A
rna-XM_057816249.1	A	anno1.g6704.t1	A
rna-XM_057815129.1	A	anno1.g7516.t1	A
rna-XM_057816494.1	A	anno1.g7518.t1	A
rna-XM_057816189.1	A	anno1.g7519.t1	A
rna-XM_057815171.1	A	anno1.g4610.t1	A
rna-XM_057816811.1	A	anno1.g4612.t1	A
rna-XM_057816181.1	A	anno1.g6470.t1	A
rna-XM_057816171.1	A	anno1.g6471.t1	A
rna-XM_057816175.1	A	anno1.g1387.t1	A
rna-XM_057816184.1	A	anno1.g1383.t1	A
rna-XM_057816182.1	A	anno1.g986.t1	A
rna-XM_057816173.1	A	anno1.g873.t1	A
rna-XM_057816180.1	A	anno1.g871.t1	A
rna-XM_057816540.1	A	anno1.g868.t1	A
rna-XM_057816492.1	A	anno1.g869.t1	A
rna-XM_057795132.1	A	anno1.g8501.t1	A
rna-XM_057795135.1	A	anno1.g8500.t1	A
rna-XM_057795141.1	A	anno1.g8499.t1	A
rna-XM_057795140.1	A	anno1.g8498.t2	A
rna-XM_057795137.1	A	anno1.g705.t1	A
rna-XM_057795136.1	A	anno1.g984.t1	A
rna-XM_057815722.1	A	anno1.g5897.t1	A
rna-XM_057816456.1	A	anno1.g5596.t1	A
rna-XM_057815697.1	A	anno1.g7176.t3	A
rna-XM_057816933.1	A	anno1.g6902.t1	A
rna-XM_057816677.1	A	anno1.g5676.t1	A
rna-XM_057816678.1	A	anno1.g8807.t1	A
rna-XM_057795297.1	A	anno1.g8806.t1	A
rna-XM_057795299.1	A	anno1.g8262.t1	A
rna-XM_057795300.1	A	anno1.g7852.t1	A
rna-XM_057795305.1	A	anno1.g4828.t1	A
rna-XM_057795306.1	A	anno1.g10357.t1	A
rna-XM_057795309.1	A	anno1.g1691.t1	A
rna-XM_057795310.1	A	anno1.g1690.t1	A
rna-XM_057795311.1	A	anno1.g1653.t1	A
rna-XM_057795312.1	A	anno1.g2374.t4	A
rna-XM_057795313.1	A	anno1.g1545.t1	A
rna-XM_057795318.1	A	anno1.g2908.t1	A
rna-XM_057795320.1	A	anno1.g2940.t1	A
rna-XM_057795319.1	A	anno1.g1796.t1	A
rna-XM_057795322.1	A	anno1.g1194.t1	A
rna-XM_057795344.1	A	anno1.g8360.t1	A
rna-XM_057795343.1	A	anno1.g8359.t1	A
rna-XM_057795348.1	A	anno1.g6556.t1	A
rna-XM_057795347.1	A	anno1.g6555.t1	A
rna-XM_057795350.1	A	anno1.g5315.t1	A
rna-XM_057795352.1	A	anno1.g6554.t1	A
rna-XM_057795355.1	A	anno1.g6553.t2	A
rna-XM_057816142.1	A	anno1.g7567.t1	A
rna-XM_057795091.1	A	anno1.g3522.t1	A
rna-XM_057795093.1	A	anno1.g709.t2	A
rna-XM_057795089.1	A	anno1.g5060.t1	A
rna-XM_057816936.1	A	anno1.g5059.t1	A
rna-XM_057816300.1	A	anno1.g1549.t1	A
rna-XM_057816299.1	A	anno1.g708.t1	A
rna-XM_057815247.1	A	anno1.g5393.t1	A
rna-XM_057815251.1	A	anno1.g5392.t1	A
rna-XM_057795437.1	A	anno1.g6489.t1	A
rna-XM_057815964.1	A	anno1.g1622.t1	A
rna-XM_057794852.1	A	anno1.both_agree_g17420.t4	A
rna-XM_057794866.1	A	anno1.g6043.t1	A
rna-XM_057794862.1	A	anno1.g985.t1	A
rna-XM_057794870.1	A	anno1.g1620.t1	A
rna-XM_057794869.1	A	anno1.g1621.t2	A
rna-XM_057794872.1	A	anno1.g10542.t1	A
rna-XM_057815784.1	A	anno1.g8718.t1	A
rna-XM_057815755.1	A	anno1.g7140.t1	A
rna-XM_057815957.1	A	anno1.g5751.t2	A
rna-XM_057795127.1	A	anno1.g5409.t1	A
rna-XM_057815002.1	A	anno1.g369.t1	A
rna-XM_057814990.1	A	anno1.g368.t1	A
rna-XM_057815948.1	A	anno1.g5405.t1	A
rna-XM_057816937.1	A	anno1.g5404.t1	A
rna-XM_057816814.1	A	anno1.g5401.t1	A
rna-XM_057816108.1	A	anno1.g11620.t1	X
rna-XM_057815764.1	A	anno1.g5399.t1	A
rna-XM_057816938.1	A	anno1.g5864.t1	A
rna-XM_057815149.1	A	anno1.g5407.t1	A
rna-XM_057815150.1	A	anno1.g5266.t1	A
rna-XM_057815166.1	A	anno1.g10169.t1	A
rna-XM_057816905.1	A	anno1.g9484.t1	A
rna-XM_057816902.1	A	anno1.g5406.t1	A
rna-XM_057816907.1	A	anno1.g5403.t1	A
rna-XM_057816901.1	A	anno1.g1699.t1	A
rna-XM_057816893.1	A	anno1.g5267.t2	A
rna-XM_057816904.1	A	anno1.g5268.t1	A
rna-XM_057816895.1	A	anno1.g2501.t1	A
rna-XM_057816900.1	A	anno1.g5269.t1	A
rna-XM_057795289.1	A	anno1.g8509.t1	A
rna-XM_057795288.1	A	anno1.g9740.t1	A
rna-XM_057815523.1	A	anno1.g8510.t1	A
rna-XM_057795389.1	A	anno1.g9742.t1	A
rna-XM_057816634.1	A	anno1.g8920.t1	A
rna-XM_057815270.1	A	anno1.g6016.t4	A
rna-XM_057795142.1	A	anno1.g9461.t1	A
rna-XM_057815232.1	A	anno1.g1645.t1	A
rna-XM_057815239.1	A	anno1.g5646.t1	A
rna-XM_057795429.1	A	anno1.g1644.t1	A
rna-XM_057795430.1	A	anno1.g5645.t1	A
rna-XM_057795434.1	A	anno1.g9486.t2	A
rna-XM_057815556.1	A	anno1.g5595.t1	A
rna-XM_057815610.1	A	anno1.g6173.t1	A
rna-XM_057816919.1	A	anno1.g6174.t1	A
rna-XM_057816918.1	A	anno1.g6172.t1	A
rna-XM_057816909.1	A	anno1.g6175.t2	A
rna-XM_057816912.1	A	anno1.g6325.t1	A
rna-XM_057816316.1	A	anno1.g6057.t1	A
rna-XM_057795439.1	A	anno1.g6081.t2	A
rna-XM_057795442.1	A	anno1.g1381.t1	A
rna-XM_057795440.1	A	anno1.g1382.t1	A
rna-XM_057815870.1	A	anno1.g6102.t1	A
rna-XM_057816808.1	A	anno1.g6082.t1	A
rna-XM_057795080.1	A	anno1.g8503.t1	A
rna-XM_057795077.1	A	anno1.g8506.t1	A
rna-XM_057815562.1	A	anno1.g8505.t1	A
rna-XM_057815972.1	A	anno1.g8515.t1	A
rna-XM_057815472.1	A	anno1.g8511.t2	A
rna-XM_057795111.1	A	anno1.g5566.t2	A
rna-XM_057795112.1	A	anno1.g5569.t1	A
rna-XM_057795113.1	A	anno1.g9376.t1	A
rna-XM_057795116.1	A	anno1.g5270.t1	A
rna-XM_057795110.1	A	anno1.g6239.t1	A
rna-XM_057815942.1	A	anno1.g10727.t1	A
rna-XM_057815644.1	A	anno1.g6095.t1	A
rna-XM_057815650.1	A	anno1.g6096.t2	A
rna-XM_057815645.1	A	anno1.g5537.t1	A
rna-XM_057815833.1	A	anno1.g6032.t1	A
rna-XM_057815831.1	A	anno1.g6134.t1	A
rna-XM_057815829.1	A	anno1.g5536.t1	A
rna-XM_057816641.1	A	anno1.g6033.t1	A
rna-XM_057816643.1	A	anno1.g6034.t1	A
rna-XM_057815888.1	A	anno1.g6113.t1	A
rna-XM_057816731.1	A	anno1.g6015.t1	A
rna-XM_057816730.1	A	anno1.g6014.t1	A
rna-XM_057815818.1	A	anno1.g6703.t1	A
rna-XM_057816143.1	A	anno1.g7174.t1	A
rna-XM_057815857.1	A	anno1.g7175.t1	A
rna-XM_057816255.1	A	anno1.g9622.t1	A
rna-XM_057816254.1	A	anno1.g6431.t1	A
rna-XM_057816253.1	A	anno1.g6046.t1	A
rna-XM_057816414.1	A	anno1.g6045.t2	A
rna-XM_057795391.1	A	anno1.g6882.t1	A
rna-XM_057795392.1	A	anno1.g6879.t1	A
rna-XM_057795282.1	A	anno1.g9575.t1	A
rna-XM_057795287.1	A	anno1.g9576.t1	A
rna-XM_057795284.1	A	anno1.g10425.t2	A
rna-XM_057795285.1	A	anno1.g6297.t1	A
rna-XM_057795286.1	A	anno1.g6296.t1	A
rna-XM_057816867.1	A	anno1.g6020.t1	A
rna-XM_057816866.1	A	anno1.g6021.t1	A
rna-XM_057816941.1	A	anno1.g6022.t1	A
rna-XM_057816422.1	A	anno1.g10418.t1	A
rna-XM_057816432.1	A	anno1.g10421.t1	A
rna-XM_057816440.1	A	anno1.g6298.t1	A
rna-XM_057816441.1	A	anno1.g9155.t1	A
rna-XM_057816442.1	A	anno1.g9573.t1	A
rna-XM_057816443.1	A	anno1.g9158.t1	A
rna-XM_057816428.1	A	anno1.g9159.t1	A
rna-XM_057816439.1	A	anno1.g9160.t2	A
rna-XM_057816434.1	A	anno1.g9162.t2	A
rna-XM_057816427.1	A	anno1.g9163.t1	A
rna-XM_057815896.1	A	anno1.g9164.t1	A
rna-XM_057816460.1	A	anno1.g9165.t3	A
rna-XM_057815508.1	A	anno1.g9166.t2	A
rna-XM_057815510.1	A	anno1.g2484.t1	A
rna-XM_057815519.1	A	anno1.g6883.t1	A
rna-XM_057815503.1	A	anno1.g9167.t1	A
rna-XM_057815509.1	A	anno1.g5533.t1	A
rna-XM_057815502.1	A	anno1.g6142.t2	A
rna-XM_057815516.1	A	anno1.g6143.t1	A
rna-XM_057815517.1	A	anno1.g6141.t1	A
rna-XM_057815514.1	A	anno1.g6137.t1	A
rna-XM_057815522.1	A	anno1.g6136.t1	A
rna-XM_057815513.1	A	anno1.g6145.t1	A
rna-XM_057815520.1	A	anno1.g6146.t1	A
rna-XM_057815504.1	A	anno1.g6009.t1	A
rna-XM_057815511.1	A	anno1.g6010.t1	A
rna-XM_057815485.1	A	anno1.g6161.t1	A
rna-XM_057816306.1	A	anno1.g6158.t1	A
rna-XM_057815200.1	A	anno1.g6157.t2	A
rna-XM_057815214.1	A	anno1.g6156.t1	A
rna-XM_057815210.1	A	anno1.g6155.t1	A
rna-XM_057794847.1	A	anno1.g6272.t1	A
rna-XM_057815790.1	A	anno1.g6154.t1	A
rna-XM_057815746.1	A	anno1.g6153.t2	A
rna-XM_057815747.1	A	anno1.g6152.t1	A
rna-XM_057795198.1	A	anno1.g6148.t1	A
rna-XM_057795196.1	A	anno1.g6150.t1	A
rna-XM_057815437.1	A	anno1.g6151.t1	A
rna-XM_057815454.1	A	anno1.g6434.t1	A
rna-XM_057815453.1	A	anno1.g6435.t1	A
rna-XM_057815461.1	A	anno1.g6433.t1	A
rna-XM_057815446.1	A	anno1.g6313.t1	A
rna-XM_057815458.1	A	anno1.g6309.t1	A
rna-XM_057815451.1	A	anno1.g6305.t1	A
rna-XM_057815444.1	A	anno1.g6301.t1	A
rna-XM_057815447.1	A	anno1.g6300.t1	A
rna-XM_057815463.1	A	anno1.g6299.t1	A
rna-XM_057815465.1	A	anno1.g9154.t1	A
rna-XM_057815469.1	A	anno1.g9153.t1	A
rna-XM_057815471.1	A	anno1.g9152.t1	A
rna-XM_057816146.1	A	anno1.g9150.t1	A
rna-XM_057816532.1	A	anno1.g9149.t1	A
rna-XM_057816661.1	A	anno1.g9148.t2	A
rna-XM_057816505.1	A	anno1.g10449.t1	A
rna-XM_057815781.1	A	anno1.g10450.t2	A
rna-XM_057815891.1	A	anno1.g10452.t1	A
rna-XM_057816874.1	A	anno1.g10446.t2	A
rna-XM_057816876.1	A	anno1.g10447.t1	A
rna-XM_057816868.1	A	anno1.g4973.t1	A
rna-XM_057816873.1	A	anno1.g10445.t1	A
rna-XM_057816871.1	A	anno1.g6059.t2	A
rna-XM_057816872.1	A	anno1.g10444.t1	A
rna-XM_057816870.1	A	anno1.g10443.t1	A
rna-XM_057815946.1	A	anno1.g10442.t1	A
rna-XM_057795189.1	A	anno1.g10417.t1	A
rna-XM_057816700.1	A	anno1.g6023.t1	A
rna-XM_057816701.1	A	anno1.g6026.t1	A
rna-XM_057816702.1	A	anno1.g7643.t1	A
rna-XM_057796930.1	A	anno1.g9126.t4	A
rna-XM_057796931.1	A	anno1.g4111.t1	A
rna-XM_057795648.1	A	anno1.g3881.t1	A
rna-XM_057795891.1	A	anno1.g3885.t2	A
rna-XM_057796015.1	A	anno1.g8180.t1	A
rna-XM_057796229.1	A	anno1.g918.t1	A
rna-XM_057795630.1	A	anno1.g8923.t1	A
rna-XM_057795639.1	A	anno1.g5263.t1	A
rna-XM_057795695.1	A	anno1.g3473.t1	A
rna-XM_057795777.1	A	anno1.g3835.t1	A
rna-XM_057796944.1	A	anno1.g9757.t2	A
rna-XM_057796950.1	A	anno1.g3475.t2	A
rna-XM_057796947.1	A	anno1.g8927.t1	A
rna-XM_057796956.1	A	anno1.g8926.t1	A
rna-XM_057796957.1	A	anno1.g8925.t1	A
rna-XM_057796958.1	A	anno1.g976.t1	A
rna-XM_057796959.1	A	anno1.g8915.t1	A
rna-XM_057796960.1	A	anno1.g8916.t1	A
rna-XM_057796961.1	A	anno1.g5262.t1	A
rna-XM_057796963.1	A	anno1.g8924.t1	A
rna-XM_057796964.1	A	anno1.g3474.t1	A
rna-XM_057796965.1	A	anno1.g3857.t1	A
rna-XM_057796967.1	A	anno1.g3893.t1	A
rna-XM_057796966.1	A	anno1.g5184.t1	A
rna-XM_057796968.1	A	anno1.g2882.t2	A
rna-XM_057796971.1	A	anno1.g3889.t4	A
rna-XM_057796979.1	A	anno1.g3839.t1	A
rna-XM_057796981.1	A	anno1.g1478.t1	A
rna-XM_057796983.1	A	anno1.g6237.t1	A
rna-XM_057796987.1	A	anno1.g4682.t1	A
rna-XM_057796989.1	A	anno1.g1513.t1	A
rna-XM_057796993.1	A	anno1.g1481.t1	A
rna-XM_057796994.1	A	anno1.g7678.t2	A
rna-XM_057796996.1	A	anno1.g1479.t1	A
rna-XM_057796997.1	A	anno1.g915.t1	A
rna-XM_057797001.1	A	anno1.g6532.t1	A
rna-XM_057797000.1	A	anno1.g6788.t1	A
rna-XM_057797002.1	A	anno1.g6534.t1	A
rna-XM_057797005.1	A	anno1.g3687.t1	A
rna-XM_057797003.1	A	anno1.g11329.t1	A
rna-XM_057797008.1	A	anno1.g6894.t1	A
rna-XM_057797006.1	A	anno1.g9325.t1	A
rna-XM_057797009.1	A	anno1.g3389.t1	A
rna-XM_057797017.1	A	anno1.g3417.t2	A
rna-XM_057797018.1	A	anno1.g5082.t1	A
rna-XM_057797019.1	A	anno1.g5140.t1	A
rna-XM_057797021.1	A	anno1.g5141.t1	A
rna-XM_057797022.1	A	anno1.g5142.t1	A
rna-XM_057797023.1	A	anno1.g3185.t1	A
rna-XM_057797025.1	A	anno1.g3120.t1	A
rna-XM_057797026.1	A	anno1.g3123.t1	A
rna-XM_057797031.1	A	anno1.g3124.t1	A
rna-XM_057797030.1	A	anno1.g3125.t1	A
rna-XM_057797027.1	A	anno1.g3127.t1	A
rna-XM_057797029.1	A	anno1.g3128.t1	A
rna-XM_057797033.1	A	anno1.g3126.t1	A
rna-XM_057797034.1	A	anno1.g5177.t2	A
rna-XM_057797036.1	A	anno1.g5176.t1	A
rna-XM_057797037.1	A	anno1.g5175.t1	A
rna-XM_057797038.1	A	anno1.g5173.t1	A
rna-XM_057797039.1	A	anno1.g2070.t1	A
rna-XM_057797042.1	A	anno1.g5172.t1	A
rna-XM_057797054.1	A	anno1.g2969.t1	A
rna-XM_057797067.1	A	anno1.g3135.t1	A
rna-XM_057797068.1	A	anno1.g3131.t1	A
rna-XM_057797072.1	A	anno1.g3130.t1	A
rna-XM_057797076.1	A	anno1.g7901.t1	A
rna-XM_057797092.1	A	anno1.g652.t1	A
rna-XM_057797083.1	A	anno1.g3171.t2	A
rna-XM_057797090.1	A	anno1.g3172.t2	A
rna-XM_057797105.1	A	anno1.g3167.t1	A
rna-XM_057797108.1	A	anno1.g6942.t1	A
rna-XM_057797098.1	A	anno1.g5512.t1	A
rna-XM_057797111.1	A	anno1.g2926.t1	A
rna-XM_057797101.1	A	anno1.g11206.t1	A
rna-XM_057797109.1	A	anno1.g9041.t1	A
rna-XM_057797095.1	A	anno1.g3618.t1	A
rna-XM_057797110.1	A	anno1.g9042.t1	A
rna-XM_057797113.1	A	anno1.g9028.t1	A
rna-XM_057797116.1	A	anno1.g9019.t1	A
rna-XM_057797114.1	A	anno1.g9020.t1	A
rna-XM_057797115.1	A	anno1.g9021.t1	A
rna-XM_057796219.1	A	anno1.g9022.t1	A
rna-XM_057796220.1	A	anno1.g9024.t1	A
rna-XM_057797123.1	A	anno1.g9030.t1	A
rna-XM_057797125.1	A	anno1.g3183.t3	A
rna-XM_057797131.1	A	anno1.g10734.t1	A
rna-XM_057797145.1	A	anno1.g9040.t1	A
rna-XM_057797138.1	A	anno1.g9038.t2	A
rna-XM_057797150.1	A	anno1.g9039.t1	A
rna-XM_057797153.1	A	anno1.g9034.t2	A
rna-XM_057797159.1	A	anno1.g9029.t1	A
rna-XM_057797184.1	A	anno1.g8794.t1	A
rna-XM_057797188.1	A	anno1.g9025.t1	A
rna-XM_057797172.1	A	anno1.g9026.t1	A
rna-XM_057797175.1	A	anno1.g9018.t1	A
rna-XM_057797168.1	A	anno1.g3165.t1	A
rna-XM_057797178.1	A	anno1.g10983.t1	A
rna-XM_057797174.1	A	anno1.g6249.t1	A
rna-XM_057797170.1	A	anno1.g3166.t1	A
rna-XM_057797156.1	A	anno1.g3169.t1	A
rna-XM_057797167.1	A	anno1.g6054.t1	A
rna-XM_057797182.1	A	anno1.g6740.t1	A
rna-XM_057797169.1	A	anno1.g6252.t2	A
rna-XM_057797177.1	A	anno1.g713.t1	A
rna-XM_057797189.1	A	anno1.g1992.t1	A
rna-XM_057797191.1	A	anno1.g1850.t1	A
rna-XM_057797190.1	A	anno1.g6250.t1	A
rna-XM_057797193.1	A	anno1.g6432.t1	A
rna-XM_057795947.1	A	anno1.g1858.t1	A
rna-XM_057795948.1	A	anno1.g1860.t1	A
rna-XM_057795957.1	A	anno1.g1857.t1	A
rna-XM_057795855.1	A	anno1.g6669.t1	A
rna-XM_057795685.1	A	anno1.g6670.t1	A
rna-XM_057795786.1	A	anno1.g6672.t1	A
rna-XM_057795838.1	A	anno1.g6674.t1	A
rna-XM_057795665.1	A	anno1.g2462.t1	A
rna-XM_057795668.1	A	anno1.g2481.t1	A
rna-XM_057796575.1	A	anno1.g2478.t1	A
rna-XM_057796569.1	A	anno1.g2126.t1	A
rna-XM_057796444.1	A	anno1.g2480.t1	A
rna-XM_057796445.1	A	anno1.g2477.t2	A
rna-XM_057796447.1	A	anno1.g2476.t1	A
rna-XM_057796451.1	A	anno1.g2472.t1	A
rna-XM_057795742.1	A	anno1.g2475.t1	A
rna-XM_057795743.1	A	anno1.g2471.t1	A
rna-XM_057796696.1	A	anno1.g2470.t1	A
rna-XM_057796699.1	A	anno1.g2466.t1	A
rna-XM_057796692.1	A	anno1.g2463.t4	A
rna-XM_057796815.1	A	anno1.g1673.t3	A
rna-XM_057796827.1	A	anno1.g1675.t1	A
rna-XM_057796285.1	A	anno1.g1677.t2	A
rna-XM_057796292.1	A	anno1.g4653.t1	A
rna-XM_057796936.1	A	anno1.g1672.t1	A
rna-XM_057796227.1	A	anno1.g1671.t1	A
rna-XM_057795641.1	A	anno1.g1670.t1	A
rna-XM_057796022.1	A	anno1.g8344.t1	A
rna-XM_057796027.1	A	anno1.g8345.t1	A
rna-XM_057795820.1	A	anno1.g8346.t1	A
rna-XM_057796430.1	A	anno1.g1668.t1	A
rna-XM_057795734.1	A	anno1.g1669.t1	A
rna-XM_057795640.1	A	anno1.g8133.t1	A
rna-XM_057796846.1	A	anno1.g8452.t1	A
rna-XM_057796861.1	A	anno1.g7920.t1	A
rna-XM_057796835.1	A	anno1.g3136.t2	A
rna-XM_057796872.1	A	anno1.g5257.t1	A
rna-XM_057796858.1	A	anno1.g9324.t1	A
rna-XM_057796867.1	A	anno1.g5256.t1	A
rna-XM_057796873.1	A	anno1.g5255.t1	A
rna-XM_057796874.1	A	anno1.g10494.t1	A
rna-XM_057796856.1	A	anno1.g6618.t2	A
rna-XM_057796871.1	A	anno1.g2420.t1	A
rna-XM_057796860.1	A	anno1.g1548.t1	A
rna-XM_057796876.1	A	anno1.g8181.t1	A
rna-XM_057796863.1	A	anno1.g1659.t1	A
rna-XM_057796865.1	A	anno1.g8339.t1	A
rna-XM_057796857.1	A	anno1.g1512.t1	A
rna-XM_057796869.1	A	anno1.g1511.t1	A
rna-XM_057796880.1	A	anno1.g1557.t2	A
rna-XM_057796882.1	A	anno1.g1558.t1	A
rna-XM_057795888.1	A	anno1.g11483.t1	A
rna-XM_057796010.1	A	anno1.g1562.t1	A
rna-XM_057795883.1	A	anno1.g1563.t1	A
rna-XM_057795682.1	A	anno1.g1564.t1	A
rna-XM_057795950.1	A	anno1.g1565.t1	A
rna-XM_057795865.1	A	anno1.g2530.t1	A
rna-XM_057796109.1	A	anno1.g9820.t1	A
rna-XM_057795669.1	A	anno1.g10135.t1	A
rna-XM_057796033.1	A	anno1.g5619.t1	A
rna-XM_057796458.1	A	anno1.g5622.t1	A
rna-XM_057795492.1	A	anno1.g5652.t1	A
rna-XM_057796690.1	A	anno1.g8103.t1	A
rna-XM_057796688.1	A	anno1.g8102.t1	A
rna-XM_057795731.1	A	anno1.g4809.t2	A
rna-XM_057795730.1	A	anno1.g5317.t1	A
rna-XM_057795729.1	A	anno1.g4810.t1	A
rna-XM_057795732.1	A	anno1.g8782.t1	A
rna-XM_057795924.1	A	anno1.g8950.t1	A
rna-XM_057795945.1	A	anno1.g10927.t1	A
rna-XM_057796471.1	A	anno1.g10928.t1	A
rna-XM_057796205.1	A	anno1.g12060.t1	X
rna-XM_057796159.1	A	anno1.g4868.t1	A
rna-XM_057796614.1	A	anno1.g4869.t1	A
rna-XM_057795953.1	A	anno1.g4121.t4	A
rna-XM_057795954.1	A	anno1.g4123.t1	A
rna-XM_057795555.1	A	anno1.g4127.t2	A
rna-XM_057795557.1	A	anno1.g4128.t1	A
rna-XM_057795477.1	A	anno1.g4106.t1	A
rna-XM_057795476.1	A	anno1.g2641.t1	A
rna-XM_057796276.1	A	anno1.g2639.t1	A
rna-XM_057796277.1	A	anno1.g99.t1	A
rna-XM_057795949.1	A	anno1.g2635.t1	A
rna-XM_057796279.1	A	anno1.g2629.t1	A
rna-XM_057795936.1	A	anno1.g2627.t1	A
rna-XM_057796296.1	A	anno1.g2623.t1	A
rna-XM_057796297.1	A	anno1.g2617.t1	A
rna-XM_057796298.1	A	anno1.g2618.t1	A
rna-XM_057796299.1	A	anno1.g2619.t1	A
rna-XM_057796302.1	A	anno1.g2620.t1	A
rna-XM_057796307.1	A	anno1.g2622.t1	A
rna-XM_057795744.1	A	anno1.g2616.t1	A
rna-XM_057795917.1	A	anno1.g2647.t1	A
rna-XM_057795542.1	A	anno1.g2659.t1	A
rna-XM_057795775.1	A	anno1.g2661.t2	A
rna-XM_057795828.1	A	anno1.g2662.t1	A
rna-XM_057795607.1	A	anno1.g2664.t1	A
rna-XM_057796327.1	A	anno1.g11525.t1	X
rna-XM_057795739.1	A	anno1.g2666.t1	A
rna-XM_057796924.1	A	anno1.g2667.t2	A
rna-XM_057796929.1	A	anno1.g2668.t1	A
rna-XM_057796454.1	A	anno1.g2669.t2	A
rna-XM_057796284.1	A	anno1.g4812.t1	A
rna-XM_057796112.1	A	anno1.g4808.t1	A
rna-XM_057795737.1	A	anno1.g4811.t1	A
rna-XM_057795696.1	A	anno1.g5623.t1	A
rna-XM_057796013.1	A	anno1.g10517.t1	A
rna-XM_057796429.1	A	anno1.g10580.t1	A
rna-XM_057795517.1	A	anno1.g955.t1	A
rna-XM_057795516.1	A	anno1.g8060.t2	A
rna-XM_057795520.1	A	anno1.g4924.t1	A
rna-XM_057795519.1	A	anno1.g8129.t1	A
rna-XM_057795524.1	A	anno1.g1483.t1	A
rna-XM_057795531.1	A	anno1.g7033.t1	A
rna-XM_057795527.1	A	anno1.g1498.t1	A
rna-XM_057795536.1	A	anno1.g7953.t1	A
rna-XM_057795522.1	A	anno1.g10556.t1	A
rna-XM_057795530.1	A	anno1.g2395.t1	A
rna-XM_057795533.1	A	anno1.g798.t2	A
rna-XM_057795523.1	A	anno1.g9819.t1	A
rna-XM_057795694.1	A	anno1.g4963.t1	A
rna-XM_057795693.1	A	anno1.g4964.t1	A
rna-XM_057795609.1	A	anno1.g4916.t1	A
rna-XM_057796441.1	A	anno1.g4708.t1	A
rna-XM_057796440.1	A	anno1.g10170.t1	A
rna-XM_057797335.1	A	anno1.g797.t1	A
rna-XM_057795686.1	A	anno1.g4914.t1	A
rna-XM_057796782.1	A	anno1.g9805.t1	A
rna-XM_057796623.1	A	anno1.g9806.t1	A
rna-XM_057796624.1	A	anno1.g10568.t1	A
rna-XM_057795827.1	A	anno1.g10569.t1	A
rna-XM_057796021.1	A	anno1.g8918.t1	A
rna-XM_057795817.1	A	anno1.g7318.t1	A
rna-XM_057796410.1	A	anno1.g1515.t1	A
rna-XM_057796455.1	A	anno1.g10798.t1	A
rna-XM_057796884.1	A	anno1.g10800.t1	A
rna-XM_057796887.1	A	anno1.g10801.t1	A
rna-XM_057796353.1	A	anno1.g10802.t1	A
rna-XM_057796035.1	A	anno1.g2421.t2	A
rna-XM_057796091.1	A	anno1.g1460.t1	A
rna-XM_057796093.1	A	anno1.g8078.t1	A
rna-XM_057796598.1	A	anno1.g607.t1	A
rna-XM_057796600.1	A	anno1.g10260.t1	A
rna-XM_057796607.1	A	anno1.g8075.t1	A
rna-XM_057796608.1	A	anno1.g8077.t1	A
rna-XM_057796605.1	A	anno1.g8056.t1	A
rna-XM_057796606.1	A	anno1.g5181.t1	A
rna-XM_057797292.1	A	anno1.g2079.t1	A
rna-XM_057797298.1	A	anno1.g2078.t2	A
rna-XM_057796266.1	A	anno1.g2077.t1	A
rna-XM_057797326.1	A	anno1.g8055.t1	A
rna-XM_057797328.1	A	anno1.g835.t2	A
rna-XM_057797331.1	A	anno1.g4094.t1	A
rna-XM_057797333.1	A	anno1.g5502.t1	A
rna-XM_057795782.1	A	anno1.g2950.t1	A
rna-XM_057796513.1	A	anno1.g8462.t2	A
rna-XM_057796356.1	A	anno1.g8461.t1	A
rna-XM_057796532.1	A	anno1.g8038.t2	A
rna-XM_057796530.1	A	anno1.g8037.t1	A
rna-XM_057796514.1	A	anno1.g8035.t1	A
rna-XM_057796524.1	A	anno1.g285.t1	A
rna-XM_057796529.1	A	anno1.g3437.t1	A
rna-XM_057796538.1	A	anno1.g8743.t1	A
rna-XM_057796539.1	A	anno1.g8744.t2	A
rna-XM_057795831.1	A	anno1.g2018.t1	A
rna-XM_057795816.1	A	anno1.g2019.t1	A
rna-XM_057796108.1	A	anno1.g2022.t1	A
rna-XM_057796105.1	A	anno1.g2023.t1	A
rna-XM_057796540.1	A	anno1.g7023.t1	A
rna-XM_057796546.1	A	anno1.g1112.t1	A
rna-XM_057795545.1	A	anno1.g6774.t1	A
rna-XM_057796198.1	A	anno1.g6738.t1	A
rna-XM_057795552.1	A	anno1.g593.t1	A
rna-XM_057796002.1	A	anno1.g10979.t1	A
rna-XM_057796771.1	A	anno1.g11099.t1	A
rna-XM_057796779.1	A	anno1.g11098.t1	A
rna-XM_057796139.1	A	anno1.g10988.t2	A
rna-XM_057795836.1	A	anno1.g10986.t1	A
rna-XM_057796386.1	A	anno1.g11602.t1	X
rna-XM_057796154.1	A	anno1.g10984.t1	A
rna-XM_057796175.1	A	anno1.g10981.t1	A
rna-XM_057795863.1	A	anno1.g10978.t1	A
rna-XM_057796216.1	A	anno1.g10990.t1	A
rna-XM_057796206.1	A	anno1.g10991.t1	A
rna-XM_057796213.1	A	anno1.g10995.t2	A
rna-XM_057796264.1	A	anno1.g11100.t1	A
rna-XM_057795790.1	A	anno1.g11102.t1	A
rna-XM_057795843.1	A	anno1.g5333.t1	A
rna-XM_057795841.1	A	anno1.g11041.t1	A
rna-XM_057795845.1	A	anno1.g11042.t1	A
rna-XM_057796261.1	A	anno1.g8808.t1	A
rna-XM_057796462.1	A	anno1.g11302.t1	A
rna-XM_057795807.1	A	anno1.g2021.t2	A
rna-XM_057796195.1	A	anno1.g11110.t1	A
rna-XM_057795622.1	A	anno1.g3359.t1	A
rna-XM_057795625.1	A	anno1.g2934.t1	A
rna-XM_057795617.1	A	anno1.g3360.t1	A
rna-XM_057795623.1	A	anno1.g3424.t1	A
rna-XM_057796411.1	A	anno1.g5918.t1	A
rna-XM_057795856.1	A	anno1.g11384.t1	A
rna-XM_057796416.1	A	anno1.g9646.t2	A
rna-XM_057795835.1	A	anno1.g11385.t1	A
rna-XM_057795794.1	A	anno1.g3378.t1	A
rna-XM_057795792.1	A	anno1.g3379.t1	A
rna-XM_057795698.1	A	anno1.g3380.t1	A
rna-XM_057796581.1	A	anno1.g3377.t1	A
rna-XM_057796580.1	A	anno1.g3423.t1	A
rna-XM_057796330.1	A	anno1.g11383.t1	A
rna-XM_057796332.1	A	anno1.g3371.t1	A
rna-XM_057796377.1	A	anno1.g4264.t1	A
rna-XM_057796417.1	A	anno1.g4536.t2	A
rna-XM_057796373.1	A	anno1.g5361.t1	A
rna-XM_057796368.1	A	anno1.g7935.t1	A
rna-XM_057796364.1	A	anno1.g4237.t1	A
rna-XM_057796367.1	A	anno1.g4238.t1	A
rna-XM_057796365.1	A	anno1.g5650.t1	A
rna-XM_057796335.1	A	anno1.g6516.t1	A
rna-XM_057796337.1	A	anno1.g9617.t1	A
rna-XM_057796338.1	A	anno1.g3532.t1	A
rna-XM_057796345.1	A	anno1.g6515.t1	A
rna-XM_057796349.1	A	anno1.g3533.t1	A
rna-XM_057796586.1	A	anno1.g3531.t1	A
rna-XM_057796590.1	A	anno1.g3530.t1	A
rna-XM_057796593.1	A	anno1.g3529.t1	A
rna-XM_057796226.1	A	anno1.g3528.t1	A
rna-XM_057796225.1	A	anno1.g9330.t2	A
rna-XM_057795885.1	A	anno1.g9571.t1	A
rna-XM_057795747.1	A	anno1.g9572.t1	A
rna-XM_057796169.1	A	anno1.g9144.t1	A
rna-XM_057796167.1	A	anno1.g9329.t1	A
rna-XM_057796396.1	A	anno1.g6752.t1	A
rna-XM_057795960.1	A	anno1.g3525.t1	A
rna-XM_057796187.1	A	anno1.g6751.t1	A
rna-XM_057796474.1	A	anno1.g5077.t1	A
rna-XM_057796472.1	A	anno1.g5076.t1	A
rna-XM_057796477.1	A	anno1.g5075.t1	A
rna-XM_057796030.1	A	anno1.g5079.t1	A
rna-XM_057796333.1	A	anno1.g5632.t1	A
rna-XM_057796301.1	A	anno1.g5633.t1	A
rna-XM_057795938.1	A	anno1.g5643.t1	A
rna-XM_057797337.1	A	anno1.g8171.t1	A
rna-XM_057796907.1	A	anno1.g8172.t1	A
rna-XM_057796912.1	A	anno1.g8173.t1	A
rna-XM_057796183.1	A	anno1.g4270.t1	A
rna-XM_057796465.1	A	anno1.g4269.t1	A
rna-XM_057797289.1	A	anno1.g6507.t1	A
rna-XM_057797288.1	A	anno1.g6506.t1	A
rna-XM_057795707.1	A	anno1.g6504.t1	A
rna-XM_057795795.1	A	anno1.g9632.t1	A
rna-XM_057796618.1	A	anno1.g6503.t1	A
rna-XM_057796620.1	A	anno1.g6565.t1	A
rna-XM_057796621.1	A	anno1.g6566.t1	A
rna-XM_057795914.1	A	anno1.g7549.t1	A
rna-XM_057796504.1	A	anno1.g7550.t1	A
rna-XM_057796507.1	A	anno1.g9627.t1	A
rna-XM_057796812.1	A	anno1.g9628.t1	A
rna-XM_057796809.1	A	anno1.g6767.t1	A
rna-XM_057796811.1	A	anno1.g10810.t1	A
rna-XM_057795805.1	A	anno1.g1446.t1	A
rna-XM_057795495.1	A	anno1.g6768.t1	A
rna-XM_057795724.1	A	anno1.g9547.t1	A
rna-XM_057795650.1	A	anno1.g9618.t1	A
rna-XM_057795997.1	A	anno1.g2769.t1	A
rna-XM_057795993.1	A	anno1.g5567.t1	A
rna-XM_057795983.1	A	anno1.g1722.t1	A
rna-XM_057795995.1	A	anno1.g1723.t1	A
rna-XM_057795988.1	A	anno1.g1726.t1	A
rna-XM_057795992.1	A	anno1.g1725.t1	A
rna-XM_057795990.1	A	anno1.g1724.t1	A
rna-XM_057796273.1	A	anno1.g6374.t1	A
rna-XM_057796467.1	A	anno1.g6375.t1	A
rna-XM_057796200.1	A	anno1.g5167.t1	A
rna-XM_057797229.1	A	anno1.g6361.t2	A
rna-XM_057797255.1	A	anno1.g7554.t1	A
rna-XM_057797248.1	A	anno1.g7555.t1	A
rna-XM_057795713.1	A	anno1.g7556.t1	A
rna-XM_057795823.1	A	anno1.g7557.t1	A
rna-XM_057795821.1	A	anno1.g7558.t1	A
rna-XM_057795824.1	A	anno1.g9960.t1	A
rna-XM_057796391.1	A	anno1.g7559.t2	A
rna-XM_057796390.1	A	anno1.g7562.t1	A
rna-XM_057795913.1	A	anno1.g1198.t1	A
rna-XM_057795629.1	A	anno1.g1199.t1	A
rna-XM_057795628.1	A	anno1.g6289.t1	A
rna-XM_057795626.1	A	anno1.g6288.t1	A
rna-XM_057795627.1	A	anno1.g6214.t1	A
rna-XM_057795911.1	A	anno1.g9066.t1	A
rna-XM_057796549.1	A	anno1.g3035.t1	A
rna-XM_057796551.1	A	anno1.g3036.t1	A
rna-XM_057796560.1	A	anno1.g3033.t1	A
rna-XM_057796555.1	A	anno1.g3034.t1	A
rna-XM_057796552.1	A	anno1.g2332.t1	A
rna-XM_057796556.1	A	anno1.g2333.t1	A
rna-XM_057796554.1	A	anno1.g2336.t1	A
rna-XM_057796016.1	A	anno1.g2337.t1	A
rna-XM_057797227.1	A	anno1.g8640.t1	A
rna-XM_057797221.1	A	anno1.g8642.t1	A
rna-XM_057797216.1	A	anno1.g8639.t1	A
rna-XM_057797219.1	A	anno1.g5319.t1	A
rna-XM_057797212.1	A	anno1.g8792.t1	A
rna-XM_057797194.1	A	anno1.g9101.t1	A
rna-XM_057797210.1	A	anno1.g6778.t1	A
rna-XM_057797226.1	A	anno1.g6782.t1	A
rna-XM_057797208.1	A	anno1.g5052.t1	A
rna-XM_057797214.1	A	anno1.g6676.t1	A
rna-XM_057797203.1	A	anno1.g7401.t1	A
rna-XM_057797209.1	A	anno1.g7826.t1	A
rna-XM_057797211.1	A	anno1.g6679.t1	A
rna-XM_057797223.1	A	anno1.g7355.t1	A
rna-XM_057797198.1	A	anno1.g7371.t2	A
rna-XM_057796565.1	A	anno1.g7112.t1	A
rna-XM_057796152.1	A	anno1.g2502.t1	A
rna-XM_057797324.1	A	anno1.g532.t2	A
rna-XM_057796242.1	A	anno1.g530.t1	A
rna-XM_057796254.1	A	anno1.g7414.t1	A
rna-XM_057796248.1	A	anno1.g9442.t2	A
rna-XM_057795712.1	A	anno1.g8618.t1	A
rna-XM_057795711.1	A	anno1.g9441.t1	A
rna-XM_057795710.1	A	anno1.g8620.t1	A
rna-XM_057796920.1	A	anno1.g6830.t1	A
rna-XM_057796914.1	A	anno1.g6831.t1	A
rna-XM_057795970.1	A	anno1.g6719.t1	A
rna-XM_057795971.1	A	anno1.g6721.t1	A
rna-XM_057796481.1	A	anno1.g10428.t1	A
rna-XM_057796484.1	A	anno1.g10400.t1	A
rna-XM_057795735.1	A	anno1.g10399.t1	A
rna-XM_057796355.1	A	anno1.g4085.t1	A
rna-XM_057796197.1	A	anno1.g3780.t1	A
rna-XM_057796177.1	A	anno1.g3511.t1	A
rna-XM_057796615.1	A	anno1.g4082.t1	A
rna-XM_057796617.1	A	anno1.g7436.t1	A
rna-XM_057796494.1	A	anno1.g4256.t1	A
rna-XM_057796389.1	A	anno1.g2097.t2	A
rna-XM_057796829.1	A	anno1.g9336.t1	A
rna-XM_057796834.1	A	anno1.g1420.t1	A
rna-XM_057796831.1	A	anno1.g8585.t1	A
rna-XM_057795504.1	A	anno1.g1096.t2	A
rna-XM_057795929.1	A	anno1.g1098.t2	A
rna-XM_057796259.1	A	anno1.g975.t1	A
rna-XM_057795662.1	A	anno1.g1448.t1	A
rna-XM_057796711.1	A	anno1.g979.t1	A
rna-XM_057796715.1	A	anno1.g1449.t1	A
rna-XM_057796720.1	A	anno1.g2849.t1	A
rna-XM_057796718.1	A	anno1.g1450.t1	A
rna-XM_057796163.1	A	anno1.g2197.t1	A
rna-XM_057795674.1	A	anno1.g843.t2	A
rna-XM_057795812.1	A	anno1.g842.t1	A
rna-XM_057795699.1	A	anno1.g841.t1	A
rna-XM_057796438.1	A	anno1.g840.t1	A
rna-XM_057796113.1	A	anno1.g1009.t1	A
rna-XM_057797299.1	A	anno1.g1008.t1	A
rna-XM_057796313.1	A	anno1.g5089.t1	A
rna-XM_057796240.1	A	anno1.g2194.t1	A
rna-XM_057795852.1	A	anno1.g2195.t2	A
rna-XM_057795853.1	A	anno1.g2196.t1	A
rna-XM_057795866.1	A	anno1.g5221.t3	A
rna-XM_057796937.1	A	anno1.g5222.t1	A
rna-XM_057796941.1	A	anno1.g2173.t1	A
rna-XM_057796942.1	A	anno1.g2172.t1	A
rna-XM_057795942.1	A	anno1.g2171.t1	A
rna-XM_057796460.1	A	anno1.g2170.t2	A
rna-XM_057796461.1	A	anno1.g2169.t1	A
rna-XM_057795903.1	A	anno1.g5734.t2	A
rna-XM_057795905.1	A	anno1.g3627.t1	A
rna-XM_057795789.1	A	anno1.g10910.t1	A
rna-XM_057796135.1	A	anno1.g9985.t1	A
rna-XM_057796162.1	A	anno1.g9608.t1	A
rna-XM_057796161.1	A	anno1.g10370.t1	A
rna-XM_057796426.1	A	anno1.g10125.t1	A
rna-XM_057795684.1	A	anno1.g10127.t1	A
rna-XM_057795771.1	A	anno1.g10128.t1	A
rna-XM_057796479.1	A	anno1.g10129.t2	A
rna-XM_057796485.1	A	anno1.g10133.t2	A
rna-XM_057795664.1	A	anno1.g3395.t1	A
rna-XM_057795663.1	A	anno1.g4262.t1	A
rna-XM_057796199.1	A	anno1.g4888.t1	A
rna-XM_057795760.1	A	anno1.g6144.t2	A
rna-XM_057795768.1	A	anno1.g10901.t1	A
rna-XM_057795764.1	A	anno1.g8451.t1	A
rna-XM_057795749.1	A	anno1.g10903.t1	A
rna-XM_057795762.1	A	anno1.g10902.t1	A
rna-XM_057795765.1	A	anno1.g10893.t1	A
rna-XM_057795752.1	A	anno1.g10891.t1	A
rna-XM_057795763.1	A	anno1.g10889.t1	A
rna-XM_057795767.1	A	anno1.g10888.t1	A
rna-XM_057795756.1	A	anno1.g11376.t1	A
rna-XM_057795851.1	A	anno1.g10887.t1	A
rna-XM_057795916.1	A	anno1.g10886.t1	A
rna-XM_057795561.1	A	anno1.g10909.t1	A
rna-XM_057795559.1	A	anno1.g10911.t1	A
rna-XM_057795566.1	A	anno1.g540.t1	A
rna-XM_057795567.1	A	anno1.g541.t1	A
rna-XM_057795568.1	A	anno1.g5503.t1	A
rna-XM_057795574.1	A	anno1.g5195.t1	A
rna-XM_057795573.1	A	anno1.g404.t2	A
rna-XM_057795570.1	A	anno1.g403.t1	A
rna-XM_057795575.1	A	anno1.g9574.t1	A
rna-XM_057795576.1	A	anno1.g9664.t2	A
rna-XM_057795577.1	A	anno1.g506.t2	A
rna-XM_057795582.1	A	anno1.g9673.t1	A
rna-XM_057795583.1	A	anno1.g11506.t1	A
rna-XM_057795584.1	A	anno1.g9773.t2	A
rna-XM_057795585.1	A	anno1.g8543.t1	A
rna-XM_057795591.1	A	anno1.g3347.t1	A
rna-XM_057795588.1	A	anno1.g3341.t1	A
rna-XM_057795586.1	A	anno1.g3096.t1	A
rna-XM_057795589.1	A	anno1.g11472.t1	A
rna-XM_057795604.1	A	anno1.g11473.t1	A
rna-XM_057795605.1	A	anno1.g2980.t1	A
rna-XM_057796221.1	A	anno1.g11112.t1	A
rna-XM_057795858.1	A	anno1.g11117.t1	A
rna-XM_057795899.1	A	anno1.g4183.t1	A
rna-XM_057795901.1	A	anno1.g4185.t1	A
rna-XM_057797228.1	A	anno1.g3572.t1	A
rna-XM_057796703.1	A	anno1.g10936.t1	A
rna-XM_057796707.1	A	anno1.g2020.t1	A
rna-XM_057796644.1	A	anno1.g11400.t1	A
rna-XM_057796662.1	A	anno1.g11398.t1	A
rna-XM_057796651.1	A	anno1.g3440.t1	A
rna-XM_057796646.1	A	anno1.g3438.t1	A
rna-XM_057796648.1	A	anno1.g3439.t1	A
rna-XM_057796659.1	A	anno1.g2056.t1	A
rna-XM_057796661.1	A	anno1.g2055.t1	A
rna-XM_057796642.1	A	anno1.g2053.t3	A
rna-XM_057795493.1	A	anno1.g11495.t1	A
rna-XM_057796746.1	A	anno1.g11002.t2	A
rna-XM_057796305.1	A	anno1.g10997.t1	A
rna-XM_057796787.1	A	anno1.g10996.t1	A
rna-XM_057796802.1	A	anno1.g9006.t1	A
rna-XM_057796808.1	A	anno1.g3724.t2	A
rna-XM_057796788.1	A	anno1.both_agree_g20798.t3	A
rna-XM_057795887.1	A	anno1.g11411.t2	A
rna-XM_057797276.1	A	anno1.g11378.t1	A
rna-XM_057797264.1	A	anno1.g11379.t1	A
rna-XM_057797273.1	A	anno1.g1529.t1	A
rna-XM_057797256.1	A	anno1.g10003.t1	A
rna-XM_057797259.1	A	anno1.g10006.t2	A
rna-XM_057797280.1	A	anno1.g10008.t1	A
rna-XM_057797281.1	A	anno1.g10007.t1	A
rna-XM_057797275.1	A	anno1.g10193.t1	A
rna-XM_057797268.1	A	anno1.g10198.t1	A
rna-XM_057797284.1	A	anno1.g10199.t2	A
rna-XM_057796747.1	A	anno1.g1630.t1	A
rna-XM_057795551.1	A	anno1.g5882.t1	A
rna-XM_057795547.1	A	anno1.g5907.t1	A
rna-XM_057795550.1	A	anno1.g6162.t1	A
rna-XM_057795800.1	A	anno1.g6472.t1	A
rna-XM_057795721.1	A	anno1.g1388.t2	A
rna-XM_057795722.1	A	anno1.g6116.t1	A
rna-XM_057796663.1	A	anno1.g6258.t1	A
rna-XM_057795973.1	A	anno1.g1626.t1	A
rna-XM_057796490.1	A	anno1.g1866.t1	A
rna-XM_057796144.1	A	anno1.g1865.t1	A
rna-XM_057795778.1	A	anno1.g1864.t1	A
rna-XM_057795649.1	A	anno1.g1868.t1	A
rna-XM_057796182.1	A	anno1.g6329.t1	A
rna-XM_057796181.1	A	anno1.g6164.t1	A
rna-XM_057796764.1	A	anno1.g6011.t1	A
rna-XM_057796769.1	A	anno1.g1390.t1	A
rna-XM_057796896.1	A	anno1.g1397.t3	A
rna-XM_057795881.1	A	anno1.g1393.t1	A
rna-XM_057795902.1	A	anno1.g1391.t1	A
rna-XM_057795691.1	A	anno1.g6476.t2	A
rna-XM_057796760.1	A	anno1.g6478.t1	A
rna-XM_057796763.1	A	anno1.g11049.t1	A
rna-XM_057795833.1	A	anno1.g4659.t1	A
rna-XM_057795940.1	A	anno1.g7600.t1	A
rna-XM_057796664.1	A	anno1.g6663.t1	A
rna-XM_057795920.1	A	anno1.g6664.t1	A
rna-XM_057795921.1	A	anno1.g11978.t2	X
rna-XM_057795848.1	A	anno1.g7827.t1	A
rna-XM_057795796.1	A	anno1.g9143.t1	A
rna-XM_057796224.1	A	anno1.g1910.t1	A
rna-XM_057796414.1	A	anno1.g3737.t1	A
rna-XM_057796412.1	A	anno1.g3738.t1	A
rna-XM_057796442.1	A	anno1.g1223.t1	A
rna-XM_057796751.1	A	anno1.g7973.t1	A
rna-XM_057797344.1	A	anno1.g3901.t1	A
rna-XM_057796511.1	A	anno1.g3806.t1	A
rna-XM_057796464.1	A	anno1.g3805.t1	A
rna-XM_057796164.1	A	anno1.g2604.t1	A
rna-XM_057796166.1	A	anno1.g2605.t1	A
rna-XM_057796626.1	A	anno1.g1406.t1	A
rna-XM_057796625.1	A	anno1.g3289.t1	A
rna-XM_057796628.1	A	anno1.g2607.t1	A
rna-XM_057796629.1	A	anno1.g11347.t1	A
rna-XM_057796638.1	A	anno1.g11346.t1	A
rna-XM_057796634.1	A	anno1.g949.t1	A
rna-XM_057795854.1	A	anno1.g10989.t1	A
rna-XM_057795503.1	A	anno1.g11348.t1	A
rna-XM_057795502.1	A	anno1.g3422.t1	A
rna-XM_057797310.1	A	anno1.g3388.t1	A
rna-XM_057797312.1	A	anno1.g9601.t1	A
rna-XM_057797315.1	A	anno1.g10083.t1	A
rna-XM_057797307.1	A	anno1.g2736.t1	A
rna-XM_057797304.1	A	anno1.g997.t1	A
rna-XM_057797317.1	A	anno1.g10301.t2	A
rna-XM_057797321.1	A	anno1.g3288.t1	A
rna-XM_057797300.1	A	anno1.g3287.t1	A
rna-XM_057797306.1	A	anno1.g3286.t1	A
rna-XM_057797303.1	A	anno1.g11350.t1	A
rna-XM_057797322.1	A	anno1.g11351.t1	A
rna-XM_057797301.1	A	anno1.g9932.t1	A
rna-XM_057797318.1	A	anno1.g9931.t1	A
rna-XM_057797319.1	A	anno1.g9930.t1	A
rna-XM_057797314.1	A	anno1.g9929.t1	A
rna-XM_057796756.1	A	anno1.g9927.t1	A
rna-XM_057796120.1	A	anno1.g9928.t2	A
rna-XM_057796121.1	A	anno1.g9926.t1	A
rna-XM_057796123.1	A	anno1.g9925.t1	A
rna-XM_057796124.1	A	anno1.g9924.t1	A
rna-XM_057796127.1	A	anno1.g9923.t1	A
rna-XM_057796125.1	A	anno1.g9918.t1	A
rna-XM_057796134.1	A	anno1.g9917.t1	A
rna-XM_057796102.1	A	anno1.g9919.t1	A
rna-XM_057797348.1	A	anno1.g9922.t1	A
rna-XM_057797352.1	A	anno1.g9921.t1	A
rna-XM_057797350.1	A	anno1.g9920.t1	A
rna-XM_057796757.1	A	anno1.g8155.t1	A
rna-XM_057796399.1	A	anno1.g8275.t1	A
rna-XM_057796721.1	A	anno1.g8277.t1	A
rna-XM_057796732.1	A	anno1.g8278.t1	A
rna-XM_057795478.1	A	anno1.g10576.t2	A
rna-XM_057796360.1	A	anno1.g10570.t1	A
rna-XM_057796361.1	A	anno1.g10571.t1	A
rna-XM_057798136.1	A	anno1.g601.t1	A
rna-XM_057798121.1	A	anno1.g554.t1	A
rna-XM_057797635.1	A	anno1.g553.t1	A
rna-XM_057797642.1	A	anno1.g1422.t1	A
rna-XM_057797636.1	A	anno1.g1054.t1	A
rna-XM_057798131.1	A	anno1.g1055.t1	A
rna-XM_057798558.1	A	anno1.g10201.t1	A
rna-XM_057798372.1	A	anno1.g10202.t1	A
rna-XM_057798371.1	A	anno1.g1739.t1	A
rna-XM_057798170.1	A	anno1.g4677.t1	A
rna-XM_057798167.1	A	anno1.g4680.t1	A
rna-XM_057799582.1	A	anno1.g600.t2	A
rna-XM_057799579.1	A	anno1.g4283.t3	A
rna-XM_057799586.1	A	anno1.g7231.t3	A
rna-XM_057799610.1	A	anno1.g7233.t1	A
rna-XM_057799612.1	A	anno1.g7230.t1	A
rna-XM_057799613.1	A	anno1.g7237.t2	A
rna-XM_057799614.1	A	anno1.g7325.t1	A
rna-XM_057799620.1	A	anno1.g7468.t1	A
rna-XM_057799619.1	A	anno1.g7467.t2	A
rna-XM_057797821.1	A	anno1.g7466.t1	A
rna-XM_057797822.1	A	anno1.g7326.t1	A
rna-XM_057798352.1	A	anno1.g597.t2	A
rna-XM_057798363.1	A	anno1.g9882.t1	A
rna-XM_057798361.1	A	anno1.g1197.t1	A
rna-XM_057799756.1	A	anno1.g568.t1	A
rna-XM_057799760.1	A	anno1.g9881.t2	A
rna-XM_057799754.1	A	anno1.g9883.t1	A
rna-XM_057797947.1	A	anno1.g7779.t1	A
rna-XM_057797807.1	A	anno1.g9885.t1	A
rna-XM_057797702.1	A	anno1.g9886.t2	A
rna-XM_057797745.1	A	anno1.g6897.t1	A
rna-XM_057798172.1	A	anno1.g6165.t1	A
rna-XM_057799365.1	A	anno1.g7588.t1	A
rna-XM_057799362.1	A	anno1.g7589.t1	A
rna-XM_057799366.1	A	anno1.g7587.t1	A
rna-XM_057797771.1	A	anno1.g7585.t2	A
rna-XM_057797779.1	A	anno1.g7586.t1	A
rna-XM_057798839.1	A	anno1.g7582.t1	A
rna-XM_057798730.1	A	anno1.g7580.t1	A
rna-XM_057797875.1	A	anno1.g7581.t1	A
rna-XM_057798369.1	A	anno1.g6050.t1	A
rna-XM_057797826.1	A	anno1.g6048.t1	A
rna-XM_057798542.1	A	anno1.g6053.t1	A
rna-XM_057798543.1	A	anno1.g6052.t2	A
rna-XM_057797407.1	A	anno1.g8450.t1	A
rna-XM_057797408.1	A	anno1.g10941.t1	A
rna-XM_057798073.1	A	anno1.g8064.t1	A
rna-XM_057799078.1	A	anno1.g10794.t3	A
rna-XM_057799076.1	A	anno1.g10795.t1	A
rna-XM_057799087.1	A	anno1.g8428.t1	A
rna-XM_057799088.1	A	anno1.g6051.t1	A
rna-XM_057799080.1	A	anno1.g7591.t1	A
rna-XM_057799074.1	A	anno1.g7590.t1	A
rna-XM_057799077.1	A	anno1.g7592.t1	A
rna-XM_057799092.1	A	anno1.g3682.t1	A
rna-XM_057798198.1	A	anno1.g7594.t2	A
rna-XM_057797872.1	A	anno1.g3736.t2	A
rna-XM_057798409.1	A	anno1.g6628.t1	A
rna-XM_057797418.1	A	anno1.g7748.t3	A
rna-XM_057797409.1	A	anno1.g2084.t1	A
rna-XM_057797410.1	A	anno1.g2083.t1	A
rna-XM_057797413.1	A	anno1.g7627.t1	A
rna-XM_057797411.1	A	anno1.g2738.t1	A
rna-XM_057797417.1	A	anno1.g2734.t2	A
rna-XM_057798846.1	A	anno1.g743.t1	A
rna-XM_057798845.1	A	anno1.g2718.t1	A
rna-XM_057797361.1	A	anno1.g981.t1	A
rna-XM_057797360.1	A	anno1.g980.t1	A
rna-XM_057797364.1	A	anno1.g8823.t1	A
rna-XM_057799449.1	A	anno1.g8822.t1	A
rna-XM_057799452.1	A	anno1.g3845.t2	A
rna-XM_057799453.1	A	anno1.g3842.t1	A
rna-XM_057797487.1	A	anno1.g3841.t1	A
rna-XM_057797484.1	A	anno1.g4642.t1	A
rna-XM_057797488.1	A	anno1.g3838.t1	A
rna-XM_057797447.1	A	anno1.g6101.t1	A
rna-XM_057797448.1	A	anno1.g10567.t1	A
rna-XM_057798011.1	A	anno1.g5490.t1	A
rna-XM_057798010.1	A	anno1.g3681.t1	A
rna-XM_057797715.1	A	anno1.g6626.t2	A
rna-XM_057798408.1	A	anno1.g6218.t1	A
rna-XM_057798465.1	A	anno1.g1816.t1	A
rna-XM_057798364.1	A	anno1.g9823.t1	A
rna-XM_057798066.1	A	anno1.g6166.t1	A
rna-XM_057798067.1	A	anno1.g1400.t1	A
rna-XM_057797962.1	A	anno1.g6469.t1	A
rna-XM_057797382.1	A	anno1.g6756.t1	A
rna-XM_057797389.1	A	anno1.g9506.t1	A
rna-XM_057797401.1	A	anno1.g9505.t1	A
rna-XM_057797395.1	A	anno1.g9503.t2	A
rna-XM_057797384.1	A	anno1.g2398.t1	A
rna-XM_057797388.1	A	anno1.g2397.t1	A
rna-XM_057797396.1	A	anno1.g2603.t1	A
rna-XM_057797399.1	A	anno1.g7758.t1	A
rna-XM_057797400.1	A	anno1.g7757.t1	A
rna-XM_057798020.1	A	anno1.g3571.t1	A
rna-XM_057798006.1	A	anno1.g431.t1	A
rna-XM_057797678.1	A	anno1.g7322.t1	A
rna-XM_057797683.1	A	anno1.g446.t1	A
rna-XM_057797684.1	A	anno1.g445.t1	A
rna-XM_057798404.1	A	anno1.g441.t1	A
rna-XM_057798134.1	A	anno1.g442.t1	A
rna-XM_057797908.1	A	anno1.g443.t2	A
rna-XM_057797909.1	A	anno1.g435.t1	A
rna-XM_057798578.1	A	anno1.g4767.t1	A
rna-XM_057798577.1	A	anno1.g4768.t1	A
rna-XM_057798572.1	A	anno1.g7226.t1	A
rna-XM_057798573.1	A	anno1.g7227.t1	A
rna-XM_057798580.1	A	anno1.g3810.t2	A
rna-XM_057798579.1	A	anno1.g6975.t1	A
rna-XM_057797963.1	A	anno1.g6983.t1	A
rna-XM_057797897.1	A	anno1.g6982.t1	A
rna-XM_057799785.1	A	anno1.g6978.t1	A
rna-XM_057799789.1	A	anno1.g6976.t1	A
rna-XM_057798083.1	A	anno1.g4732.t1	A
rna-XM_057798086.1	A	anno1.g7202.t1	A
rna-XM_057798087.1	A	anno1.g7203.t1	A
rna-XM_057797647.1	A	anno1.g5032.t1	A
rna-XM_057797648.1	A	anno1.g5029.t1	A
rna-XM_057797651.1	A	anno1.g6944.t1	A
rna-XM_057797649.1	A	anno1.g6943.t1	A
rna-XM_057797654.1	A	anno1.g6945.t1	A
rna-XM_057797961.1	A	anno1.g6949.t2	A
rna-XM_057799207.1	A	anno1.g6950.t1	A
rna-XM_057799216.1	A	anno1.g6948.t1	A
rna-XM_057799220.1	A	anno1.g4747.t1	A
rna-XM_057799218.1	A	anno1.g4750.t1	A
rna-XM_057798180.1	A	anno1.g7524.t1	A
rna-XM_057798183.1	A	anno1.g7523.t1	A
rna-XM_057798177.1	A	anno1.g7521.t1	A
rna-XM_057798181.1	A	anno1.g7522.t1	A
rna-XM_057798178.1	A	anno1.g7248.t1	A
rna-XM_057798185.1	A	anno1.g7250.t1	A
rna-XM_057798186.1	A	anno1.g4725.t2	A
rna-XM_057798189.1	A	anno1.g7725.t1	A
rna-XM_057798188.1	A	anno1.g10223.t1	A
rna-XM_057798194.1	A	anno1.g7460.t2	A
rna-XM_057798842.1	A	anno1.g7786.t1	A
rna-XM_057797542.1	A	anno1.g7788.t1	A
rna-XM_057799295.1	A	anno1.g7791.t3	A
rna-XM_057799299.1	A	anno1.g7793.t1	A
rna-XM_057799304.1	A	anno1.g12022.t1	X
rna-XM_057799305.1	A	anno1.g7796.t1	A
rna-XM_057799321.1	A	anno1.g7797.t1	A
rna-XM_057797546.1	A	anno1.g6961.t1	A
rna-XM_057799323.1	A	anno1.g4697.t2	A
rna-XM_057799324.1	A	anno1.g4693.t1	A
rna-XM_057799325.1	A	anno1.g6958.t1	A
rna-XM_057799327.1	A	anno1.g6957.t2	A
rna-XM_057799329.1	A	anno1.g7810.t1	A
rna-XM_057799330.1	A	anno1.g7809.t1	A
rna-XM_057799336.1	A	anno1.g7492.t2	A
rna-XM_057799338.1	A	anno1.g7493.t1	A
rna-XM_057797431.1	A	anno1.g3563.t1	A
rna-XM_057798344.1	A	anno1.g3565.t1	A
rna-XM_057797782.1	A	anno1.g9511.t1	A
rna-XM_057797786.1	A	anno1.g9512.t2	A
rna-XM_057797783.1	A	anno1.g9428.t1	A
rna-XM_057798848.1	A	anno1.g9430.t1	A
rna-XM_057797924.1	A	anno1.g9429.t1	A
rna-XM_057798248.1	A	anno1.g9432.t1	A
rna-XM_057798100.1	A	anno1.g9078.t1	A
rna-XM_057798562.1	A	anno1.g6581.t1	A
rna-XM_057797549.1	A	anno1.g9076.t1	A
rna-XM_057797550.1	A	anno1.g9081.t1	A
rna-XM_057798704.1	A	anno1.g1798.t1	A
rna-XM_057799710.1	A	anno1.g4936.t1	A
rna-XM_057799722.1	A	anno1.g5689.t1	A
rna-XM_057799723.1	A	anno1.g5690.t1	A
rna-XM_057799718.1	A	anno1.g5691.t1	A
rna-XM_057799712.1	A	anno1.g5692.t2	A
rna-XM_057799466.1	A	anno1.g5700.t2	A
rna-XM_057799480.1	A	anno1.g5701.t1	A
rna-XM_057799479.1	A	anno1.g5341.t1	A
rna-XM_057799484.1	A	anno1.g5340.t2	A
rna-XM_057799485.1	A	anno1.g4182.t1	A
rna-XM_057799489.1	A	anno1.g6287.t1	A
rna-XM_057799497.1	A	anno1.g4938.t1	A
rna-XM_057799494.1	A	anno1.g4940.t1	A
rna-XM_057799498.1	A	anno1.g5339.t1	A
rna-XM_057799491.1	A	anno1.g1418.t1	A
rna-XM_057799493.1	A	anno1.g3223.t1	A
rna-XM_057799499.1	A	anno1.g28.t2	A
rna-XM_057799512.1	A	anno1.g29.t1	A
rna-XM_057799507.1	A	anno1.g3784.t1	A
rna-XM_057799504.1	A	anno1.g4935.t1	A
rna-XM_057799520.1	A	anno1.g10273.t1	A
rna-XM_057799529.1	A	anno1.g10548.t1	A
rna-XM_057799532.1	A	anno1.g10547.t1	A
rna-XM_057799535.1	A	anno1.g6484.t1	A
rna-XM_057799536.1	A	anno1.g6485.t1	A
rna-XM_057798089.1	A	anno1.g2958.t1	A
rna-XM_057797662.1	A	anno1.g2959.t1	A
rna-XM_057797663.1	A	anno1.g6665.t1	A
rna-XM_057797664.1	A	anno1.g2960.t1	A
rna-XM_057798041.1	A	anno1.g9888.t3	A
rna-XM_057798054.1	A	anno1.g3517.t1	A
rna-XM_057798052.1	A	anno1.g2058.t1	A
rna-XM_057798082.1	A	anno1.g434.t2	A
rna-XM_057798447.1	A	anno1.g5087.t2	A
rna-XM_057798446.1	A	anno1.g6622.t2	A
rna-XM_057798175.1	A	anno1.g33.t1	A
rna-XM_057798305.1	A	anno1.g54.t1	A
rna-XM_057798376.1	A	anno1.g8031.t4	A
rna-XM_057797870.1	A	anno1.g4005.t1	A
rna-XM_057797616.1	A	anno1.g2883.t1	A
rna-XM_057799545.1	A	anno1.g1029.t1	A
rna-XM_057799541.1	A	anno1.g4166.t1	A
rna-XM_057797938.1	A	anno1.g4158.t1	A
rna-XM_057797765.1	A	anno1.g3741.t1	A
rna-XM_057797828.1	A	anno1.g1137.t1	A
rna-XM_057797829.1	A	anno1.g11269.t1	A
rna-XM_057797419.1	A	anno1.g2329.t1	A
rna-XM_057797421.1	A	anno1.g9887.t1	A
rna-XM_057799094.1	A	anno1.g9712.t1	A
rna-XM_057799099.1	A	anno1.g6621.t1	A
rna-XM_057799098.1	A	anno1.g9720.t1	A
rna-XM_057799097.1	A	anno1.g6631.t1	A
rna-XM_057799096.1	A	anno1.g6630.t1	A
rna-XM_057798141.1	A	anno1.g6764.t1	A
rna-XM_057798140.1	A	anno1.g6585.t1	A
rna-XM_057798386.1	A	anno1.g6502.t1	A
rna-XM_057797881.1	A	anno1.g10664.t1	A
rna-XM_057798045.1	A	anno1.g5487.t1	A
rna-XM_057797643.1	A	anno1.g2265.t1	A
rna-XM_057799671.1	A	anno1.g4976.t3	A
rna-XM_057798709.1	A	anno1.g5797.t1	A
rna-XM_057798850.1	A	anno1.g10587.t2	A
rna-XM_057799792.1	A	anno1.g1819.t1	A
rna-XM_057799694.1	A	anno1.g5050.t1	A
rna-XM_057799693.1	A	anno1.g9102.t1	A
rna-XM_057799690.1	A	anno1.g11355.t1	A
rna-XM_057798263.1	A	anno1.g6501.t1	A
rna-XM_057797856.1	A	anno1.g3247.t1	A
rna-XM_057799779.1	A	anno1.g6270.t1	A
rna-XM_057797422.1	A	anno1.g10671.t1	A
rna-XM_057797424.1	A	anno1.g10668.t1	A
rna-XM_057797427.1	A	anno1.g5039.t1	A
rna-XM_057797429.1	A	anno1.g5038.t1	A
rna-XM_057797430.1	A	anno1.g5036.t1	A
rna-XM_057798433.1	A	anno1.g5249.t1	A
rna-XM_057797535.1	A	anno1.g347.t1	A
rna-XM_057799622.1	A	anno1.g2776.t2	A
rna-XM_057799625.1	A	anno1.g1799.t1	A
rna-XM_057799626.1	A	anno1.g1800.t1	A
rna-XM_057798841.1	A	anno1.g1801.t1	A
rna-XM_057798074.1	A	anno1.g8596.t1	A
rna-XM_057798076.1	A	anno1.g8976.t1	A
rna-XM_057798005.1	A	anno1.g4570.t1	A
rna-XM_057798497.1	A	anno1.g1697.t1	A
rna-XM_057798972.1	A	anno1.g3549.t1	A
rna-XM_057798977.1	A	anno1.g9721.t2	A
rna-XM_057798981.1	A	anno1.g7767.t1	A
rna-XM_057797670.1	A	anno1.g583.t1	A
rna-XM_057798232.1	A	anno1.g7765.t2	A
rna-XM_057798902.1	A	anno1.g5591.t1	A
rna-XM_057798903.1	A	anno1.g619.t1	A
rna-XM_057798900.1	A	anno1.g11856.t1	X
rna-XM_057798906.1	A	anno1.g6608.t2	A
rna-XM_057798907.1	A	anno1.g6609.t1	A
rna-XM_057798031.1	A	anno1.g6580.t1	A
rna-XM_057798153.1	A	anno1.g10436.t1	A
rna-XM_057798252.1	A	anno1.g6531.t1	A
rna-XM_057799662.1	A	anno1.g2189.t1	A
rna-XM_057799664.1	A	anno1.g5720.t1	A
rna-XM_057797375.1	A	anno1.g10038.t1	A
rna-XM_057797712.1	A	anno1.g10037.t1	A
rna-XM_057797461.1	A	anno1.g9382.t1	A
rna-XM_057797459.1	A	anno1.g6333.t1	A
rna-XM_057797543.1	A	anno1.g2685.t1	A
rna-XM_057797756.1	A	anno1.g3151.t1	A
rna-XM_057798037.1	A	anno1.g7686.t1	A
rna-XM_057799221.1	A	anno1.g6885.t1	A
rna-XM_057799224.1	A	anno1.g3489.t2	A
rna-XM_057799229.1	A	anno1.g3491.t1	A
rna-XM_057799230.1	A	anno1.g7846.t2	A
rna-XM_057797948.1	A	anno1.g3933.t1	A
rna-XM_057798261.1	A	anno1.g5357.t1	A
rna-XM_057798260.1	A	anno1.g9849.t1	A
rna-XM_057797758.1	A	anno1.g620.t1	A
rna-XM_057797757.1	A	anno1.g621.t1	A
rna-XM_057798236.1	A	anno1.g622.t1	A
rna-XM_057799242.1	A	anno1.g11438.t1	A
rna-XM_057799246.1	A	anno1.g11129.t1	A
rna-XM_057799241.1	A	anno1.g6718.t1	A
rna-XM_057799247.1	A	anno1.g5693.t1	A
rna-XM_057799248.1	A	anno1.g11127.t1	A
rna-XM_057799244.1	A	anno1.g11126.t3	A
rna-XM_057799240.1	A	anno1.g11125.t1	A
rna-XM_057797894.1	A	anno1.g4184.t1	A
rna-XM_057797450.1	A	anno1.g11011.t1	A
rna-XM_057797950.1	A	anno1.g11010.t1	A
rna-XM_057798050.1	A	anno1.g11008.t1	A
rna-XM_057798049.1	A	anno1.g11007.t1	A
rna-XM_057798091.1	A	anno1.g10998.t1	A
rna-XM_057799566.1	A	anno1.g10999.t2	A
rna-XM_057799546.1	A	anno1.g11000.t3	A
rna-XM_057798519.1	A	anno1.g11027.t1	A
rna-XM_057798520.1	A	anno1.g11028.t1	A
rna-XM_057798164.1	A	anno1.g968.t1	A
rna-XM_057798880.1	A	anno1.g3320.t3	A
rna-XM_057798556.1	A	anno1.g11412.t1	A
rna-XM_057799064.1	A	anno1.g3407.t1	A
rna-XM_057799067.1	A	anno1.g11026.t1	A
rna-XM_057799068.1	A	anno1.g11025.t1	A
rna-XM_057799070.1	A	anno1.g11024.t1	A
rna-XM_057797657.1	A	anno1.g2608.t1	A
rna-XM_057798914.1	A	anno1.g11016.t1	A
rna-XM_057798922.1	A	anno1.g11013.t1	A
rna-XM_057798918.1	A	anno1.g11015.t1	A
rna-XM_057798924.1	A	anno1.g11021.t1	A
rna-XM_057798926.1	A	anno1.g11020.t1	A
rna-XM_057798327.1	A	anno1.g4746.t1	A
rna-XM_057798322.1	A	anno1.g9722.t1	A
rna-XM_057797734.1	A	anno1.g752.t1	A
rna-XM_057798332.1	A	anno1.g5355.t1	A
rna-XM_057798330.1	A	anno1.g751.t1	A
rna-XM_057798331.1	A	anno1.g10930.t1	A
rna-XM_057798328.1	A	anno1.g1120.t2	A
rna-XM_057797858.1	A	anno1.g754.t1	A
rna-XM_057797857.1	A	anno1.g9939.t1	A
rna-XM_057797859.1	A	anno1.g9749.t1	A
rna-XM_057798161.1	A	anno1.g749.t1	A
rna-XM_057798160.1	A	anno1.g748.t1	A
rna-XM_057797372.1	A	anno1.g755.t2	A
rna-XM_057797365.1	A	anno1.g756.t1	A
rna-XM_057799540.1	A	anno1.g759.t1	A
rna-XM_057799539.1	A	anno1.g9937.t1	A
rna-XM_057799189.1	A	anno1.g762.t1	A
rna-XM_057799192.1	A	anno1.g750.t1	A
rna-XM_057799195.1	A	anno1.g19.t1	A
rna-XM_057799197.1	A	anno1.g1114.t1	A
rna-XM_057799724.1	A	anno1.g1113.t2	A
rna-XM_057799730.1	A	anno1.g4081.t1	A
rna-XM_057799728.1	A	anno1.g4192.t1	A
rna-XM_057799729.1	A	anno1.g11180.t1	A
rna-XM_057798894.1	A	anno1.g481.t1	A
rna-XM_057798895.1	A	anno1.g296.t1	A
rna-XM_057798896.1	A	anno1.g297.t1	A
rna-XM_057797832.1	A	anno1.g6870.t2	A
rna-XM_057797796.1	A	anno1.g4172.t1	A
rna-XM_057798727.1	A	anno1.g4063.t1	A
rna-XM_057797917.1	A	anno1.g4067.t1	A
rna-XM_057797959.1	A	anno1.g3953.t1	A
rna-XM_057797833.1	A	anno1.g3954.t3	A
rna-XM_057797834.1	A	anno1.g9652.t1	A
rna-XM_057798732.1	A	anno1.g6530.t1	A
rna-XM_057797532.1	A	anno1.g11105.t1	A
rna-XM_057797534.1	A	anno1.g11101.t1	A
rna-XM_057798398.1	A	anno1.g11038.t1	A
rna-XM_057798536.1	A	anno1.g11111.t1	A
rna-XM_057799368.1	A	anno1.g11109.t1	A
rna-XM_057799369.1	A	anno1.g11108.t1	A
rna-XM_057799370.1	A	anno1.g11106.t1	A
rna-XM_057799367.1	A	anno1.g11507.t1	A
rna-XM_057799372.1	A	anno1.g11004.t1	A
rna-XM_057799375.1	A	anno1.g11003.t1	A
rna-XM_057799397.1	A	anno1.g9234.t1	A
rna-XM_057799398.1	A	anno1.g11211.t1	A
rna-XM_057797759.1	A	anno1.g9933.t1	A
rna-XM_057799400.1	A	anno1.g9934.t1	A
rna-XM_057799401.1	A	anno1.g1121.t1	A
rna-XM_057799404.1	A	anno1.g2348.t1	A
rna-XM_057799419.1	A	anno1.g3203.t1	A
rna-XM_057799420.1	A	anno1.g3205.t1	A
rna-XM_057799409.1	A	anno1.g3206.t1	A
rna-XM_057799417.1	A	anno1.g3208.t1	A
rna-XM_057799423.1	A	anno1.g5290.t2	A
rna-XM_057799433.1	A	anno1.g5436.t1	A
rna-XM_057799432.1	A	anno1.g5438.t2	A
rna-XM_057799439.1	A	anno1.g5440.t1	A
rna-XM_057799441.1	A	anno1.g5439.t3	A
rna-XM_057799444.1	A	anno1.g9936.t1	A
rna-XM_057798290.1	A	anno1.g724.t1	A
rna-XM_057799699.1	A	anno1.g5523.t1	A
rna-XM_057797781.1	A	anno1.g5524.t1	A
rna-XM_057799697.1	A	anno1.g2239.t1	A
rna-XM_057799700.1	A	anno1.g723.t1	A
rna-XM_057798406.1	A	anno1.g531.t1	A
rna-XM_057798407.1	A	anno1.g11549.t1	X
rna-XM_057799361.1	A	anno1.g2503.t1	A
rna-XM_057797557.1	A	anno1.g10324.t1	A
rna-XM_057798566.1	A	anno1.g4089.t2	A
rna-XM_057798126.1	A	anno1.g7979.t1	A
rna-XM_057797526.1	A	anno1.g2175.t2	A
rna-XM_057797530.1	A	anno1.g2286.t1	A
rna-XM_057797531.1	A	anno1.g2174.t1	A
rna-XM_057797502.1	A	anno1.g5698.t1	A
rna-XM_057797504.1	A	anno1.g2176.t1	A
rna-XM_057797506.1	A	anno1.g2177.t1	A
rna-XM_057797790.1	A	anno1.g2178.t1	A
rna-XM_057798309.1	A	anno1.g1899.t2	A
rna-XM_057798439.1	A	anno1.g1900.t1	A
rna-XM_057799254.1	A	anno1.g742.t4	A
rna-XM_057797932.1	A	anno1.g9640.t1	A
rna-XM_057798436.1	A	anno1.g738.t2	A
rna-XM_057798438.1	A	anno1.g9638.t2	A
rna-XM_057799238.1	A	anno1.g4703.t1	A
rna-XM_057799239.1	A	anno1.g643.t1	A
rna-XM_057799048.1	A	anno1.g4702.t2	A
rna-XM_057797831.1	A	anno1.g10831.t1	A
rna-XM_057797956.1	A	anno1.g9767.t1	A
rna-XM_057797879.1	A	anno1.g11504.t1	A
rna-XM_057798885.1	A	anno1.g294.t1	A
rna-XM_057798886.1	A	anno1.g269.t1	A
rna-XM_057797869.1	A	anno1.g10496.t1	A
rna-XM_057797868.1	A	anno1.g2347.t1	A
rna-XM_057797911.1	A	anno1.g11103.t3	A
rna-XM_057797793.1	A	anno1.g9766.t1	A
rna-XM_057797848.1	A	anno1.g270.t1	A
rna-XM_057798521.1	A	anno1.g267.t1	A
rna-XM_057799205.1	A	anno1.g260.t2	A
rna-XM_057799200.1	A	anno1.g10463.t1	A
rna-XM_057797873.1	A	anno1.g11635.t1	X
rna-XM_057798738.1	A	anno1.g8137.t1	A
rna-XM_057797437.1	A	anno1.g11732.t1	X
rna-XM_057799354.1	A	anno1.g12403.t1	Y
rna-XM_057798420.1	A	anno1.g10302.t1	A
rna-XM_057798270.1	A	anno1.g1946.t1	A
rna-XM_057798280.1	A	anno1.g8229.t1	A
rna-XM_057798276.1	A	anno1.g9606.t1	A
rna-XM_057798287.1	A	anno1.g2764.t1	A
rna-XM_057798288.1	A	anno1.g9827.t1	A
rna-XM_057798343.1	A	anno1.g9826.t1	A
rna-XM_057797470.1	A	anno1.g4617.t1	A
rna-XM_057799794.1	A	anno1.g4616.t1	A
rna-XM_057798773.1	A	anno1.g972.t1	A
rna-XM_057799801.1	A	anno1.g11300.t1	A
rna-XM_057799188.1	A	anno1.g3829.t1	A
rna-XM_057799185.1	A	anno1.g910.t1	A
rna-XM_057799187.1	A	anno1.g909.t2	A
rna-XM_057797878.1	A	anno1.g1429.t1	A
rna-XM_057798523.1	A	anno1.g1248.t1	A
rna-XM_057797987.1	A	anno1.g1259.t1	A
rna-XM_057798151.1	A	anno1.g1256.t1	A
rna-XM_057797615.1	A	anno1.g2746.t1	A
rna-XM_057797926.1	A	anno1.g6316.t1	A
rna-XM_057797696.1	A	anno1.g844.t1	A
rna-XM_057797992.1	A	anno1.g2393.t1	A
rna-XM_057797994.1	A	anno1.g846.t1	A
rna-XM_057798781.1	A	anno1.g4254.t1	A
rna-XM_057799280.1	A	anno1.g501.t1	A
rna-XM_057799279.1	A	anno1.g7134.t3	A
rna-XM_057799284.1	A	anno1.g3614.t1	A
rna-XM_057799281.1	A	anno1.g3612.t1	A
rna-XM_057797380.1	A	anno1.g6437.t1	A
rna-XM_057797379.1	A	anno1.g7132.t1	A
rna-XM_057797376.1	A	anno1.g3611.t1	A
rna-XM_057797792.1	A	anno1.g791.t1	A
rna-XM_057798254.1	A	anno1.g10541.t1	A
rna-XM_057798712.1	A	anno1.g9975.t1	A
rna-XM_057798533.1	A	anno1.g10111.t1	A
rna-XM_057797889.1	A	anno1.g10539.t2	A
rna-XM_057797890.1	A	anno1.g911.t1	A
rna-XM_057797888.1	A	anno1.g895.t1	A
rna-XM_057798000.1	A	anno1.g9350.t1	A
rna-XM_057799661.1	A	anno1.g9351.t1	A
rna-XM_057798585.1	A	anno1.g884.t1	A
rna-XM_057798597.1	A	anno1.g5647.t1	A
rna-XM_057798599.1	A	anno1.g114.t1	A
rna-XM_057798603.1	A	anno1.g847.t1	A
rna-XM_057798601.1	A	anno1.g10441.t2	A
rna-XM_057798627.1	A	anno1.g5420.t1	A
rna-XM_057798611.1	A	anno1.g7020.t1	A
rna-XM_057798607.1	A	anno1.g7021.t1	A
rna-XM_057798619.1	A	anno1.g7246.t1	A
rna-XM_057798605.1	A	anno1.g7018.t1	A
rna-XM_057798615.1	A	anno1.g7019.t1	A
rna-XM_057798625.1	A	anno1.g7017.t1	A
rna-XM_057798628.1	A	anno1.g6737.t1	A
rna-XM_057798620.1	A	anno1.g382.t1	A
rna-XM_057798621.1	A	anno1.g7133.t2	A
rna-XM_057798623.1	A	anno1.g7257.t1	A
rna-XM_057798604.1	A	anno1.g1855.t2	A
rna-XM_057798629.1	A	anno1.g1802.t2	A
rna-XM_057798632.1	A	anno1.g1803.t1	A
rna-XM_057798631.1	A	anno1.g1805.t1	A
rna-XM_057798633.1	A	anno1.g11194.t1	A
rna-XM_057798636.1	A	anno1.g779.t1	A
rna-XM_057798637.1	A	anno1.g10004.t1	A
rna-XM_057798638.1	A	anno1.g776.t1	A
rna-XM_057798681.1	A	anno1.g777.t1	A
rna-XM_057798683.1	A	anno1.g1806.t1	A
rna-XM_057798691.1	A	anno1.g778.t1	A
rna-XM_057798685.1	A	anno1.g2494.t1	A
rna-XM_057798689.1	A	anno1.g5928.t1	A
rna-XM_057798679.1	A	anno1.g5126.t1	A
rna-XM_057798684.1	A	anno1.g5137.t2	A
rna-XM_057798688.1	A	anno1.g5133.t1	A
rna-XM_057798640.1	A	anno1.g9772.t3	A
rna-XM_057798687.1	A	anno1.g859.t1	A
rna-XM_057798676.1	A	anno1.g9093.t1	A
rna-XM_057798678.1	A	anno1.g9119.t1	A
rna-XM_057798701.1	A	anno1.g9120.t1	A
rna-XM_057798702.1	A	anno1.g8669.t1	A
rna-XM_057798697.1	A	anno1.g8190.t1	A
rna-XM_057798692.1	A	anno1.g1056.t1	A
rna-XM_057797749.1	A	anno1.g8189.t1	A
rna-XM_057797746.1	A	anno1.g8951.t1	A
rna-XM_057797747.1	A	anno1.g8952.t1	A
rna-XM_057797823.1	A	anno1.g3020.t1	A
rna-XM_057798383.1	A	anno1.g7649.t1	A
rna-XM_057798148.1	A	anno1.g2312.t1	A
rna-XM_057797998.1	A	anno1.g2313.t1	A
rna-XM_057797479.1	A	anno1.g2316.t1	A
rna-XM_057797852.1	A	anno1.g863.t1	A
rna-XM_057798789.1	A	anno1.g9445.t1	A
rna-XM_057797441.1	A	anno1.g1602.t2	A
rna-XM_057798790.1	A	anno1.g7463.t1	A
rna-XM_057797439.1	A	anno1.g1603.t1	A
rna-XM_057797443.1	A	anno1.g1604.t1	A
rna-XM_057797444.1	A	anno1.g1601.t1	A
rna-XM_057798927.1	A	anno1.g1600.t1	A
rna-XM_057798928.1	A	anno1.g4387.t2	A
rna-XM_057798929.1	A	anno1.g1721.t1	A
rna-XM_057798931.1	A	anno1.g8998.t3	A
rna-XM_057798935.1	A	anno1.g1520.t1	A
rna-XM_057798939.1	A	anno1.g1521.t1	A
rna-XM_057798936.1	A	anno1.g1522.t1	A
rna-XM_057798942.1	A	anno1.g1516.t1	A
rna-XM_057797988.1	A	anno1.g1517.t1	A
rna-XM_057799571.1	A	anno1.g1527.t1	A
rna-XM_057799573.1	A	anno1.g1526.t2	A
rna-XM_057798705.1	A	anno1.g1525.t1	A
rna-XM_057798399.1	A	anno1.g1524.t1	A
rna-XM_057798402.1	A	anno1.g1523.t1	A
rna-XM_057799358.1	A	anno1.g11023.t1	A
rna-XM_057799357.1	A	anno1.g2043.t1	A
rna-XM_057797660.1	A	anno1.g4010.t1	A
rna-XM_057797558.1	A	anno1.g4012.t9	A
rna-XM_057798240.1	A	anno1.g4011.t1	A
rna-XM_057798242.1	A	anno1.g3866.t1	A
rna-XM_057798243.1	A	anno1.g5378.t1	A
rna-XM_057798244.1	A	anno1.g3446.t1	A
rna-XM_057797819.1	A	anno1.g2964.t1	A
rna-XM_057798004.1	A	anno1.g4883.t1	A
rna-XM_057798002.1	A	anno1.g4878.t1	A
rna-XM_057798797.1	A	anno1.g4876.t3	A
rna-XM_057798798.1	A	anno1.g9754.t1	A
rna-XM_057797984.1	A	anno1.g4881.t1	A
rna-XM_057797496.1	A	anno1.g4858.t1	A
rna-XM_057797497.1	A	anno1.g4860.t1	A
rna-XM_057797498.1	A	anno1.g4882.t1	A
rna-XM_057797736.1	A	anno1.g5386.t1	A
rna-XM_057798333.1	A	anno1.g5387.t2	A
rna-XM_057797983.1	A	anno1.g9249.t1	A
rna-XM_057798119.1	A	anno1.g5212.t1	A
rna-XM_057798481.1	A	anno1.g5211.t1	A
rna-XM_057797949.1	A	anno1.g5210.t2	A
rna-XM_057797887.1	A	anno1.g5209.t2	A
rna-XM_057797837.1	A	anno1.g61.t1	A
rna-XM_057798035.1	A	anno1.g2190.t1	A
rna-XM_057799274.1	A	anno1.g103.t1	A
rna-XM_057799272.1	A	anno1.g102.t1	A
rna-XM_057797968.1	A	anno1.g8968.t1	A
rna-XM_057797975.1	A	anno1.g9121.t1	A
rna-XM_057798199.1	A	anno1.g9122.t1	A
rna-XM_057798200.1	A	anno1.g3550.t1	A
rna-XM_057798210.1	A	anno1.g8571.t1	A
rna-XM_057798209.1	A	anno1.g8572.t1	A
rna-XM_057798207.1	A	anno1.g3535.t2	A
rna-XM_057798208.1	A	anno1.g5389.t1	A
rna-XM_057798219.1	A	anno1.g2149.t1	A
rna-XM_057798214.1	A	anno1.g2148.t1	A
rna-XM_057798212.1	A	anno1.g2147.t1	A
rna-XM_057798230.1	A	anno1.g2146.t1	A
rna-XM_057798229.1	A	anno1.g2145.t1	A
rna-XM_057799627.1	A	anno1.g2144.t1	A
rna-XM_057798043.1	A	anno1.g2143.t1	A
rna-XM_057797846.1	A	anno1.g2142.t1	A
rna-XM_057799652.1	A	anno1.g5208.t1	A
rna-XM_057799655.1	A	anno1.g2152.t1	A
rna-XM_057799656.1	A	anno1.g5206.t1	A
rna-XM_057799660.1	A	anno1.g11272.t1	A
rna-XM_057799679.1	A	anno1.g2311.t1	A
rna-XM_057799681.1	A	anno1.g2310.t1	A
rna-XM_057799687.1	A	anno1.g2322.t1	A
rna-XM_057799684.1	A	anno1.g2323.t1	A
rna-XM_057799688.1	A	anno1.g2324.t2	A
rna-XM_057799745.1	A	anno1.g2325.t1	A
rna-XM_057799743.1	A	anno1.g5768.t1	A
rna-XM_057797464.1	A	anno1.g6593.t1	A
rna-XM_057799750.1	A	anno1.g8967.t1	A
rna-XM_057799753.1	A	anno1.g8964.t2	A
rna-XM_057798023.1	A	anno1.g8965.t1	A
rna-XM_057798024.1	A	anno1.g8966.t1	A
rna-XM_057798028.1	A	anno1.g5121.t1	A
rna-XM_057798029.1	A	anno1.g5122.t1	A
rna-XM_057798129.1	A	anno1.g2320.t1	A
rna-XM_057797827.1	A	anno1.g5124.t1	A
rna-XM_057798302.1	A	anno1.g3021.t1	A
rna-XM_057798303.1	A	anno1.g6964.t1	A
rna-XM_057797789.1	A	anno1.g8479.t2	A
rna-XM_057798007.1	A	anno1.g8955.t1	A
rna-XM_057798304.1	A	anno1.g8958.t1	A
rna-XM_057797737.1	A	anno1.g8959.t1	A
rna-XM_057799454.1	A	anno1.g8962.t1	A
rna-XM_057798804.1	A	anno1.g8960.t1	A
rna-XM_057799455.1	A	anno1.g9220.t1	A
rna-XM_057799459.1	A	anno1.g6562.t1	A
rna-XM_057799457.1	A	anno1.g6561.t1	A
rna-XM_057798898.1	A	anno1.g9115.t1	A
rna-XM_057799696.1	A	anno1.g9092.t1	A
rna-XM_057797671.1	A	anno1.g9769.t1	A
rna-XM_057798550.1	A	anno1.g5306.t1	A
rna-XM_057797934.1	A	anno1.g9758.t1	A
rna-XM_057798156.1	A	anno1.g10627.t1	A
rna-XM_057797358.1	A	anno1.g5593.t1	A
rna-XM_057798833.1	A	anno1.g684.t1	A
rna-XM_057798831.1	A	anno1.g685.t2	A
rna-XM_057798829.1	A	anno1.g686.t1	A
rna-XM_057798834.1	A	anno1.g687.t1	A
rna-XM_057797728.1	A	anno1.g9855.t1	A
rna-XM_057797732.1	A	anno1.g9854.t1	A
rna-XM_057797726.1	A	anno1.g9853.t1	A
rna-XM_057797724.1	A	anno1.g2260.t1	A
rna-XM_057797729.1	A	anno1.g2261.t1	A
rna-XM_057797500.1	A	anno1.g2262.t1	A
rna-XM_057797919.1	A	anno1.g5283.t1	A
rna-XM_057797920.1	A	anno1.g5282.t1	A
rna-XM_057797921.1	A	anno1.g5281.t1	A
rna-XM_057797922.1	A	anno1.g5280.t1	A
rna-XM_057799057.1	A	anno1.g5278.t1	A
rna-XM_057799054.1	A	anno1.g5279.t1	A
rna-XM_057799055.1	A	anno1.g688.t2	A
rna-XM_057798095.1	A	anno1.g697.t1	A
rna-XM_057798570.1	A	anno1.g696.t1	A
rna-XM_057798174.1	A	anno1.g695.t1	A
rna-XM_057797806.1	A	anno1.g694.t1	A
rna-XM_057797805.1	A	anno1.g693.t1	A
rna-XM_057798306.1	A	anno1.g692.t1	A
rna-XM_057798063.1	A	anno1.g699.t2	A
rna-XM_057799344.1	A	anno1.g689.t1	A
rna-XM_057799345.1	A	anno1.g690.t2	A
rna-XM_057799349.1	A	anno1.g3077.t1	A
rna-XM_057799352.1	A	anno1.g6180.t1	A
rna-XM_057799351.1	A	anno1.g6181.t1	A
rna-XM_057797473.1	A	anno1.g2213.t1	A
rna-XM_057797474.1	A	anno1.g9945.t1	A
rna-XM_057797475.1	A	anno1.g6633.t1	A
rna-XM_057797931.1	A	anno1.g10573.t2	A
rna-XM_057798297.1	A	anno1.g6632.t1	A
rna-XM_057797617.1	A	anno1.g10495.t1	A
rna-XM_057798392.1	A	anno1.g7896.t1	A
rna-XM_057798530.1	A	anno1.g11204.t1	A
rna-XM_057797404.1	A	anno1.g10785.t2	A
rna-XM_057797406.1	A	anno1.g10770.t1	A
rna-XM_057797402.1	A	anno1.g683.t1	A
rna-XM_057797403.1	A	anno1.g682.t1	A
rna-XM_057797634.1	A	anno1.g5277.t1	A
rna-XM_057798714.1	A	anno1.g5272.t1	A
rna-XM_057798713.1	A	anno1.g5271.t1	A
rna-XM_057797553.1	A	anno1.g1048.t1	A
rna-XM_057798009.1	A	anno1.g1049.t1	A
rna-XM_057798464.1	A	anno1.g1047.t1	A
rna-XM_057798555.1	A	anno1.g2788.t1	A
rna-XM_057798039.1	A	anno1.g2789.t1	A
rna-XM_057797965.1	A	anno1.g2790.t2	A
rna-XM_057799285.1	A	anno1.g2792.t1	A
rna-XM_057799286.1	A	anno1.g2772.t1	A
rna-XM_057799289.1	A	anno1.g2771.t1	A
rna-XM_057799290.1	A	anno1.g1889.t1	A
rna-XM_057799288.1	A	anno1.g2791.t1	A
rna-XM_057799291.1	A	anno1.g4151.t2	A
rna-XM_057799293.1	A	anno1.g2785.t1	A
rna-XM_057798448.1	A	anno1.g2713.t1	A
rna-XM_057799101.1	A	anno1.g2773.t3	A
rna-XM_057799116.1	A	anno1.g4153.t1	A
rna-XM_057799122.1	A	anno1.g4137.t1	A
rna-XM_057799146.1	A	anno1.g4855.t1	A
rna-XM_057799118.1	A	anno1.g8057.t2	A
rna-XM_057799143.1	A	anno1.g4072.t1	A
rna-XM_057799135.1	A	anno1.g7321.t1	A
rna-XM_057799133.1	A	anno1.g11283.t1	A
rna-XM_057799138.1	A	anno1.g9971.t1	A
rna-XM_057799129.1	A	anno1.g10158.t1	A
rna-XM_057799136.1	A	anno1.g7264.t1	A
rna-XM_057799139.1	A	anno1.g7265.t1	A
rna-XM_057799140.1	A	anno1.g7266.t1	A
rna-XM_057799141.1	A	anno1.g7267.t1	A
rna-XM_057799152.1	A	anno1.g7270.t1	A
rna-XM_057799153.1	A	anno1.g7268.t1	A
rna-XM_057799156.1	A	anno1.g7272.t1	A
rna-XM_057799158.1	A	anno1.g7288.t1	A
rna-XM_057798811.1	A	anno1.g2684.t1	A
rna-XM_057799167.1	A	anno1.g931.t2	A
rna-XM_057799169.1	A	anno1.g926.t2	A
rna-XM_057799071.1	A	anno1.g2307.t3	A
rna-XM_057799073.1	A	anno1.g2308.t1	A
rna-XM_057798480.1	A	anno1.g2072.t1	A
rna-XM_057798298.1	A	anno1.g5288.t1	A
rna-XM_057798457.1	A	anno1.g5435.t1	A
rna-XM_057798449.1	A	anno1.g5433.t1	A
rna-XM_057798451.1	A	anno1.g5287.t1	A
rna-XM_057798460.1	A	anno1.g5286.t1	A
rna-XM_057798463.1	A	anno1.g490.t1	A
rna-XM_057798549.1	A	anno1.g5616.t2	A
rna-XM_057798055.1	A	anno1.g4833.t1	A
rna-XM_057798729.1	A	anno1.g629.t1	A
rna-XM_057798502.1	A	anno1.g632.t2	A
rna-XM_057798504.1	A	anno1.g10462.t1	A
rna-XM_057798512.1	A	anno1.g2553.t1	A
rna-XM_057798515.1	A	anno1.g2427.t1	A
rna-XM_057798506.1	A	anno1.g5316.t1	A
rna-XM_057798513.1	A	anno1.g5310.t1	A
rna-XM_057798518.1	A	anno1.g11233.t1	A
rna-XM_057798078.1	A	anno1.g11235.t1	A
rna-XM_057797633.1	A	anno1.g10737.t1	A
rna-XM_057797933.1	A	anno1.g10729.t1	A
rna-XM_057798826.1	A	anno1.g7696.t1	A
rna-XM_057797491.1	A	anno1.g10730.t1	A
rna-XM_057797544.1	A	anno1.g11226.t1	A
rna-XM_057799050.1	A	anno1.g11152.t1	A
rna-XM_057799051.1	A	anno1.g11227.t1	A
rna-XM_057799052.1	A	anno1.g11228.t1	A
rna-XM_057799646.1	A	anno1.g11229.t1	A
rna-XM_057798816.1	A	anno1.g11581.t1	X
rna-XM_057799644.1	A	anno1.g11231.t1	A
rna-XM_057799643.1	A	anno1.g11232.t1	A
rna-XM_057799639.1	A	anno1.g3909.t1	A
rna-XM_057799640.1	A	anno1.g3828.t1	A
rna-XM_057799642.1	A	anno1.g11236.t2	A
rna-XM_057799641.1	A	anno1.g10635.t1	A
rna-XM_057798018.1	A	anno1.g10638.t1	A
rna-XM_057799034.1	A	anno1.g83.t1	A
rna-XM_057799021.1	A	anno1.g2682.t1	A
rna-XM_057798986.1	A	anno1.g1433.t1	A
rna-XM_057799036.1	A	anno1.g702.t1	A
rna-XM_057799044.1	A	anno1.g691.t1	A
rna-XM_057799037.1	A	anno1.g6946.t1	A
rna-XM_057799031.1	A	anno1.g11203.t1	A
rna-XM_057799041.1	A	anno1.g6972.t1	A
rna-XM_057798996.1	A	anno1.g7411.t1	A
rna-XM_057799033.1	A	anno1.g5216.t1	A
rna-XM_057799042.1	A	anno1.g8130.t1	A
rna-XM_057799039.1	A	anno1.g5158.t1	A
rna-XM_057799046.1	A	anno1.g3224.t1	A
rna-XM_057799012.1	A	anno1.g1491.t1	A
rna-XM_057798985.1	A	anno1.g3225.t1	A
rna-XM_057798999.1	A	anno1.g2045.t1	A
rna-XM_057799014.1	A	anno1.g3397.t1	A
rna-XM_057799017.1	A	anno1.g3396.t2	A
rna-XM_057799040.1	A	anno1.g2212.t1	A
rna-XM_057799006.1	A	anno1.g2211.t3	A
rna-XM_057799045.1	A	anno1.g2106.t1	A
rna-XM_057799047.1	A	anno1.g2210.t1	A
rna-XM_057798527.1	A	anno1.g9915.t1	A
rna-XM_057797520.1	A	anno1.g9916.t1	A
rna-XM_057797525.1	A	anno1.g9138.t1	A
rna-XM_057798546.1	A	anno1.g9136.t1	A
rna-XM_057799232.1	A	anno1.g9130.t1	A
rna-XM_057799237.1	A	anno1.g9131.t1	A
rna-XM_057799233.1	A	anno1.g2050.t1	A
rna-XM_057797815.1	A	anno1.g9087.t1	A
rna-XM_057797645.1	A	anno1.g9086.t1	A
rna-XM_057799762.1	A	anno1.g5674.t1	A
rna-XM_057799770.1	A	anno1.g5670.t1	A
rna-XM_057798093.1	A	anno1.g7347.t1	A
rna-XM_057799343.1	A	anno1.g3398.t1	A
rna-XM_057799339.1	A	anno1.g2046.t1	A
rna-XM_057799340.1	A	anno1.g10885.t1	A
rna-XM_057799576.1	A	anno1.g10884.t1	A
rna-XM_057799575.1	A	anno1.g10882.t1	A
rna-XM_057798120.1	A	anno1.g10880.t1	A
rna-XM_057798538.1	A	anno1.g8898.t1	A
rna-XM_057797469.1	A	anno1.g10876.t2	A
rna-XM_057797468.1	A	anno1.g10874.t1	A
rna-XM_057797466.1	A	anno1.g10875.t1	A
rna-XM_057797971.1	A	anno1.g10873.t3	A
rna-XM_057799170.1	A	anno1.g10867.t3	A
rna-XM_057798473.1	A	anno1.g10865.t1	A
rna-XM_057797519.1	A	anno1.g2036.t1	A
rna-XM_057797507.1	A	anno1.g2037.t3	A
rna-XM_057798387.1	A	anno1.g11377.t1	A
rna-XM_057798943.1	A	anno1.g11408.t1	A
rna-XM_057798946.1	A	anno1.g11404.t1	A
rna-XM_057798968.1	A	anno1.g12029.t1	X
rna-XM_057798966.1	A	anno1.g2048.t1	A
rna-XM_057798944.1	A	anno1.g2049.t1	A
rna-XM_057798484.1	A	anno1.g10973.t3	A
rna-XM_057798490.1	A	anno1.g9317.t1	A
rna-XM_057798482.1	A	anno1.g11308.t1	A
rna-XM_057797495.1	A	anno1.g10719.t2	A
rna-XM_057798819.1	A	anno1.g3152.t1	A
rna-XM_057798564.1	A	anno1.g3157.t1	A
rna-XM_057798563.1	A	anno1.g3158.t1	A
rna-XM_057799181.1	A	anno1.g2906.t2	A
rna-XM_057798557.1	A	anno1.g4139.t1	A
rna-XM_057798390.1	A	anno1.g1267.t1	A
rna-XM_057798389.1	A	anno1.g9616.t1	A
rna-XM_057798820.1	A	anno1.g9615.t1	A
rna-XM_057798539.1	A	anno1.g10519.t1	A
rna-XM_057797898.1	A	anno1.g11169.t1	A
rna-XM_057798112.1	A	anno1.g11168.t1	A
rna-XM_057799774.1	A	anno1.g11167.t1	A
rna-XM_057799776.1	A	anno1.g11237.t1	A
rna-XM_057799775.1	A	anno1.g11238.t1	A
rna-XM_057797668.1	A	anno1.g11239.t1	A
rna-XM_057798876.1	A	anno1.g3922.t1	A
rna-XM_057798875.1	A	anno1.g3932.t1	A
rna-XM_057798855.1	A	anno1.g11082.t1	A
rna-XM_057798859.1	A	anno1.g11083.t4	A
rna-XM_057798823.1	A	anno1.g4546.t1	A
rna-XM_057798870.1	A	anno1.g1859.t1	A
rna-XM_057798868.1	A	anno1.g11085.t1	A
rna-XM_057798872.1	A	anno1.g2563.t1	A
rna-XM_057798871.1	A	anno1.g2564.t1	A
rna-XM_057798824.1	A	anno1.g2567.t1	A
rna-XM_057798838.1	A	anno1.g2568.t1	A
rna-XM_057799264.1	A	anno1.g11089.t1	A
rna-XM_057799271.1	A	anno1.g11088.t1	A
rna-XM_057799262.1	A	anno1.g11087.t1	A
rna-XM_057798524.1	A	anno1.g11086.t1	A
rna-XM_057797709.1	A	anno1.g2561.t1	A
rna-XM_057800727.1	A	anno1.g10818.t1	A
rna-XM_057800444.1	A	anno1.g6686.t1	A
rna-XM_057800794.1	A	anno1.g10975.t1	A
rna-XM_057800854.1	A	anno1.g1107.t1	A
rna-XM_057800856.1	A	anno1.g10605.t1	A
rna-XM_057801377.1	A	anno1.g4334.t1	A
rna-XM_057801379.1	A	anno1.g2648.t1	A
rna-XM_057800764.1	A	anno1.g1357.t2	A
rna-XM_057800878.1	A	anno1.g7685.t1	A
rna-XM_057800874.1	A	anno1.g7374.t2	A
rna-XM_057800877.1	A	anno1.g7383.t1	A
rna-XM_057801382.1	A	anno1.g7389.t1	A
rna-XM_057800891.1	A	anno1.g7390.t1	A
rna-XM_057800890.1	A	anno1.g4706.t1	A
rna-XM_057800888.1	A	anno1.g7408.t1	A
rna-XM_057800889.1	A	anno1.g2341.t1	A
rna-XM_057800894.1	A	anno1.g11922.t1	X
rna-XM_057799967.1	A	anno1.g3145.t2	A
rna-XM_057799962.1	A	anno1.g3146.t1	A
rna-XM_057800751.1	A	anno1.g3150.t1	A
rna-XM_057800673.1	A	anno1.g1367.t2	A
rna-XM_057800389.1	A	anno1.g1366.t1	A
rna-XM_057800387.1	A	anno1.g1364.t1	A
rna-XM_057800386.1	A	anno1.g1365.t3	A
rna-XM_057800390.1	A	anno1.g4933.t1	A
rna-XM_057801383.1	A	anno1.g1361.t1	A
rna-XM_057800393.1	A	anno1.g1362.t2	A
rna-XM_057800394.1	A	anno1.g1360.t2	A
rna-XM_057800391.1	A	anno1.g1618.t1	A
rna-XM_057801433.1	A	anno1.g2768.t1	A
rna-XM_057801434.1	A	anno1.g2767.t1	A
rna-XM_057801438.1	A	anno1.g6093.t1	A
rna-XM_057801439.1	A	anno1.g6094.t1	A
rna-XM_057801442.1	A	anno1.g902.t1	A
rna-XM_057801436.1	A	anno1.g2822.t1	A
rna-XM_057801445.1	A	anno1.g6490.t1	A
rna-XM_057801441.1	A	anno1.g1965.t1	A
rna-XM_057801444.1	A	anno1.g1964.t1	A
rna-XM_057801446.1	A	anno1.g1963.t1	A
rna-XM_057801448.1	A	anno1.g8917.t1	A
rna-XM_057801449.1	A	anno1.g6723.t1	A
rna-XM_057801465.1	A	anno1.g6722.t2	A
rna-XM_057801450.1	A	anno1.g6772.t1	A
rna-XM_057801461.1	A	anno1.g6771.t1	A
rna-XM_057801453.1	A	anno1.g6773.t2	A
rna-XM_057801473.1	A	anno1.g8787.t1	A
rna-XM_057801475.1	A	anno1.g11275.t1	A
rna-XM_057801463.1	A	anno1.g293.t1	A
rna-XM_057801452.1	A	anno1.g6835.t1	A
rna-XM_057801363.1	A	anno1.g6625.t1	A
rna-XM_057801364.1	A	anno1.g6098.t1	A
rna-XM_057799953.1	A	anno1.g6167.t1	A
rna-XM_057800241.1	A	anno1.g6724.t1	A
rna-XM_057800242.1	A	anno1.g6775.t1	A
rna-XM_057800230.1	A	anno1.g6777.t1	A
rna-XM_057800227.1	A	anno1.g1698.t1	A
rna-XM_057800351.1	A	anno1.g7392.t1	A
rna-XM_057800357.1	A	anno1.g7391.t1	A
rna-XM_057800210.1	A	anno1.g2340.t1	A
rna-XM_057799928.1	A	anno1.g3574.t1	A
rna-XM_057799925.1	A	anno1.g3820.t1	A
rna-XM_057800477.1	A	anno1.g10591.t5	A
rna-XM_057800336.1	A	anno1.g8565.t1	A
rna-XM_057800631.1	A	anno1.g4165.t1	A
rna-XM_057800632.1	A	anno1.g4164.t2	A
rna-XM_057800912.1	A	anno1.g8564.t1	A
rna-XM_057800609.1	A	anno1.g2968.t1	A
rna-XM_057800611.1	A	anno1.g2967.t1	A
rna-XM_057800692.1	A	anno1.g5518.t1	A
rna-XM_057800693.1	A	anno1.g5516.t1	A
rna-XM_057800694.1	A	anno1.g5515.t1	A
rna-XM_057800695.1	A	anno1.g5519.t2	A
rna-XM_057800696.1	A	anno1.g1717.t1	A
rna-XM_057801287.1	A	anno1.g8786.t1	A
rna-XM_057801289.1	A	anno1.g8138.t1	A
rna-XM_057801285.1	A	anno1.g8136.t1	A
rna-XM_057801303.1	A	anno1.g8135.t1	A
rna-XM_057801290.1	A	anno1.g8140.t2	A
rna-XM_057801310.1	A	anno1.g5726.t1	A
rna-XM_057801312.1	A	anno1.g6335.t1	A
rna-XM_057801313.1	A	anno1.g7065.t1	A
rna-XM_057801314.1	A	anno1.g5711.t1	A
rna-XM_057801292.1	A	anno1.g5707.t1	A
rna-XM_057801286.1	A	anno1.g5703.t1	A
rna-XM_057801317.1	A	anno1.g10834.t3	A
rna-XM_057801316.1	A	anno1.g2327.t1	A
rna-XM_057801325.1	A	anno1.g3822.t2	A
rna-XM_057801323.1	A	anno1.g3573.t1	A
rna-XM_057801324.1	A	anno1.g3821.t1	A
rna-XM_057801331.1	A	anno1.g2962.t2	A
rna-XM_057801329.1	A	anno1.g433.t1	A
rna-XM_057801333.1	A	anno1.g432.t1	A
rna-XM_057800243.1	A	anno1.g1423.t1	A
rna-XM_057801203.1	A	anno1.g10100.t1	A
rna-XM_057801208.1	A	anno1.g5412.t2	A
rna-XM_057801199.1	A	anno1.g5423.t1	A
rna-XM_057801204.1	A	anno1.g5424.t1	A
rna-XM_057801210.1	A	anno1.g5414.t2	A
rna-XM_057801207.1	A	anno1.g1000.t1	A
rna-XM_057800583.1	A	anno1.g2306.t1	A
rna-XM_057800585.1	A	anno1.g999.t1	A
rna-XM_057801013.1	A	anno1.g2203.t1	A
rna-XM_057801002.1	A	anno1.g8063.t2	A
rna-XM_057801015.1	A	anno1.g4112.t1	A
rna-XM_057800606.1	A	anno1.g3907.t1	A
rna-XM_057800607.1	A	anno1.g5432.t1	A
rna-XM_057800660.1	A	anno1.g5431.t1	A
rna-XM_057800661.1	A	anno1.g1745.t1	A
rna-XM_057801335.1	A	anno1.g5730.t1	A
rna-XM_057801336.1	A	anno1.g5729.t1	A
rna-XM_057800535.1	A	anno1.g3880.t1	A
rna-XM_057800533.1	A	anno1.g10161.t1	A
rna-XM_057800406.1	A	anno1.g10105.t2	A
rna-XM_057799961.1	A	anno1.g2748.t1	A
rna-XM_057799958.1	A	anno1.g9084.t1	A
rna-XM_057799960.1	A	anno1.g2932.t1	A
rna-XM_057799825.1	A	anno1.g806.t2	A
rna-XM_057800459.1	A	anno1.g3011.t1	A
rna-XM_057800233.1	A	anno1.g2998.t2	A
rna-XM_057800475.1	A	anno1.g2997.t1	A
rna-XM_057800192.1	A	anno1.g3175.t1	A
rna-XM_057800247.1	A	anno1.g3174.t1	A
rna-XM_057800397.1	A	anno1.g3173.t1	A
rna-XM_057800563.1	A	anno1.g2972.t1	A
rna-XM_057799909.1	A	anno1.g2305.t1	A
rna-XM_057799946.1	A	anno1.g2370.t1	A
rna-XM_057800549.1	A	anno1.g7907.t1	A
rna-XM_057800556.1	A	anno1.g7908.t1	A
rna-XM_057799813.1	A	anno1.g7913.t1	A
rna-XM_057801554.1	A	anno1.g8084.t2	A
rna-XM_057801590.1	A	anno1.g8083.t1	A
rna-XM_057800325.1	A	anno1.g1495.t1	A
rna-XM_057800662.1	A	anno1.g3566.t1	A
rna-XM_057801390.1	A	anno1.g2303.t2	A
rna-XM_057801359.1	A	anno1.g6450.t1	A
rna-XM_057801340.1	A	anno1.g6108.t1	A
rna-XM_057801348.1	A	anno1.g6216.t1	A
rna-XM_057801354.1	A	anno1.g6728.t2	A
rna-XM_057801357.1	A	anno1.g10701.t2	A
rna-XM_057801345.1	A	anno1.g7476.t1	A
rna-XM_057801360.1	A	anno1.g7475.t1	A
rna-XM_057801352.1	A	anno1.g7328.t1	A
rna-XM_057801353.1	A	anno1.g3719.t1	A
rna-XM_057801344.1	A	anno1.g1528.t1	A
rna-XM_057801338.1	A	anno1.g7329.t1	A
rna-XM_057800735.1	A	anno1.g4893.t1	A
rna-XM_057800350.1	A	anno1.g10516.t1	A
rna-XM_057800208.1	A	anno1.g3454.t1	A
rna-XM_057799913.1	A	anno1.g3456.t1	A
rna-XM_057799912.1	A	anno1.g3140.t1	A
rna-XM_057799918.1	A	anno1.g8544.t1	A
rna-XM_057799917.1	A	anno1.g5214.t1	A
rna-XM_057799919.1	A	anno1.g5213.t1	A
rna-XM_057800162.1	A	anno1.g8946.t1	A
rna-XM_057800358.1	A	anno1.g11136.t2	A
rna-XM_057800400.1	A	anno1.g1702.t1	A
rna-XM_057801565.1	A	anno1.g1695.t1	A
rna-XM_057800379.1	A	anno1.g5738.t1	A
rna-XM_057800657.1	A	anno1.g7619.t1	A
rna-XM_057800698.1	A	anno1.g7694.t1	A
rna-XM_057800672.1	A	anno1.g8800.t1	A
rna-XM_057800212.1	A	anno1.g8799.t1	A
rna-XM_057800542.1	A	anno1.g6069.t1	A
rna-XM_057800580.1	A	anno1.g9752.t1	A
rna-XM_057800251.1	A	anno1.g6067.t1	A
rna-XM_057800410.1	A	anno1.g6003.t1	A
rna-XM_057800413.1	A	anno1.g6168.t1	A
rna-XM_057800414.1	A	anno1.g6099.t1	A
rna-XM_057800415.1	A	anno1.g1273.t1	A
rna-XM_057800420.1	A	anno1.g9834.t1	A
rna-XM_057800428.1	A	anno1.g6620.t1	A
rna-XM_057800871.1	A	anno1.g10663.t1	A
rna-XM_057799999.1	A	anno1.g6584.t1	A
rna-XM_057801593.1	A	anno1.g8905.t1	A
rna-XM_057801592.1	A	anno1.g8906.t1	A
rna-XM_057801595.1	A	anno1.g1028.t1	A
rna-XM_057801594.1	A	anno1.g2086.t1	A
rna-XM_057801000.1	A	anno1.g10474.t3	A
rna-XM_057800846.1	A	anno1.g1884.t1	A
rna-XM_057800483.1	A	anno1.g11207.t1	A
rna-XM_057800504.1	A	anno1.g11209.t1	A
rna-XM_057800508.1	A	anno1.g11210.t1	A
rna-XM_057800507.1	A	anno1.g11208.t1	A
rna-XM_057801395.1	A	anno1.g4535.t1	A
rna-XM_057800484.1	A	anno1.g9391.t1	A
rna-XM_057799900.1	A	anno1.g3428.t1	A
rna-XM_057799902.1	A	anno1.g3429.t1	A
rna-XM_057800429.1	A	anno1.g2942.t1	A
rna-XM_057800744.1	A	anno1.g7914.t1	A
rna-XM_057800740.1	A	anno1.g457.t1	A
rna-XM_057800741.1	A	anno1.g9891.t1	A
rna-XM_057800743.1	A	anno1.g9892.t1	A
rna-XM_057800745.1	A	anno1.g9894.t1	A
rna-XM_057800749.1	A	anno1.g9896.t1	A
rna-XM_057800323.1	A	anno1.g9899.t1	A
rna-XM_057800416.1	A	anno1.g9897.t1	A
rna-XM_057800431.1	A	anno1.g9900.t1	A
rna-XM_057801396.1	A	anno1.g6822.t1	A
rna-XM_057800372.1	A	anno1.g9438.t1	A
rna-XM_057800377.1	A	anno1.g4575.t1	A
rna-XM_057800376.1	A	anno1.g2550.t1	A
rna-XM_057800280.1	A	anno1.g9502.t1	A
rna-XM_057800412.1	A	anno1.g9501.t1	A
rna-XM_057800384.1	A	anno1.g11429.t1	A
rna-XM_057800640.1	A	anno1.g11435.t1	A
rna-XM_057800225.1	A	anno1.g5987.t1	A
rna-XM_057800164.1	A	anno1.g1057.t1	A
rna-XM_057799816.1	A	anno1.g455.t1	A
rna-XM_057799822.1	A	anno1.g466.t1	A
rna-XM_057799820.1	A	anno1.g462.t1	A
rna-XM_057799824.1	A	anno1.g3914.t1	A
rna-XM_057801401.1	A	anno1.g5131.t1	A
rna-XM_057801571.1	A	anno1.g3915.t3	A
rna-XM_057801583.1	A	anno1.g3916.t1	A
rna-XM_057801241.1	A	anno1.g3871.t1	A
rna-XM_057801242.1	A	anno1.g3868.t2	A
rna-XM_057801245.1	A	anno1.g3870.t1	A
rna-XM_057801246.1	A	anno1.g10906.t1	A
rna-XM_057801255.1	A	anno1.g12301.t1	X
rna-XM_057801250.1	A	anno1.g10905.t1	A
rna-XM_057801258.1	A	anno1.g10921.t1	A
rna-XM_057801259.1	A	anno1.g10932.t1	A
rna-XM_057801267.1	A	anno1.g1059.t1	A
rna-XM_057800005.1	A	anno1.g865.t1	A
rna-XM_057800006.1	A	anno1.g983.t1	A
rna-XM_057800016.1	A	anno1.g7763.t1	A
rna-XM_057800020.1	A	anno1.g9440.t2	A
rna-XM_057800023.1	A	anno1.g8367.t1	A
rna-XM_057800024.1	A	anno1.g383.t1	A
rna-XM_057800025.1	A	anno1.g5429.t1	A
rna-XM_057800026.1	A	anno1.g5427.t1	A
rna-XM_057800027.1	A	anno1.g5426.t1	A
rna-XM_057800028.1	A	anno1.g4941.t1	A
rna-XM_057800029.1	A	anno1.g2208.t1	A
rna-XM_057800030.1	A	anno1.g2209.t1	A
rna-XM_057800031.1	A	anno1.g2533.t1	A
rna-XM_057800034.1	A	anno1.g5258.t1	A
rna-XM_057800036.1	A	anno1.g2531.t5	A
rna-XM_057800044.1	A	anno1.g2527.t1	A
rna-XM_057800049.1	A	anno1.g2532.t1	A
rna-XM_057800050.1	A	anno1.g5514.t1	A
rna-XM_057800051.1	A	anno1.g5048.t1	A
rna-XM_057800052.1	A	anno1.g488.t1	A
rna-XM_057800054.1	A	anno1.g11256.t1	A
rna-XM_057801402.1	A	anno1.g437.t1	A
rna-XM_057800055.1	A	anno1.g8179.t1	A
rna-XM_057800060.1	A	anno1.g10940.t1	A
rna-XM_057800062.1	A	anno1.g10797.t1	A
rna-XM_057800065.1	A	anno1.g10937.t1	A
rna-XM_057800067.1	A	anno1.g1463.t1	A
rna-XM_057800071.1	A	anno1.g8351.t1	A
rna-XM_057800070.1	A	anno1.g8352.t1	A
rna-XM_057800081.1	A	anno1.g990.t1	A
rna-XM_057800073.1	A	anno1.g989.t1	A
rna-XM_057800074.1	A	anno1.g992.t1	A
rna-XM_057800072.1	A	anno1.g991.t1	A
rna-XM_057800079.1	A	anno1.g988.t1	A
rna-XM_057800083.1	A	anno1.g874.t1	A
rna-XM_057800085.1	A	anno1.g875.t1	A
rna-XM_057800087.1	A	anno1.g864.t1	A
rna-XM_057800088.1	A	anno1.g7131.t1	A
rna-XM_057800086.1	A	anno1.g944.t1	A
rna-XM_057800089.1	A	anno1.g943.t1	A
rna-XM_057800090.1	A	anno1.g940.t1	A
rna-XM_057800103.1	A	anno1.g5171.t1	A
rna-XM_057800096.1	A	anno1.g937.t1	A
rna-XM_057800100.1	A	anno1.g3073.t1	A
rna-XM_057800101.1	A	anno1.g7221.t1	A
rna-XM_057800107.1	A	anno1.g4242.t1	A
rna-XM_057800105.1	A	anno1.g8687.t2	A
rna-XM_057800093.1	A	anno1.g10697.t1	A
rna-XM_057800109.1	A	anno1.g10596.t1	A
rna-XM_057800668.1	A	anno1.g3496.t1	A
rna-XM_057800249.1	A	anno1.g9818.t2	A
rna-XM_057800337.1	A	anno1.g3498.t1	A
rna-XM_057800417.1	A	anno1.g3500.t1	A
rna-XM_057800538.1	A	anno1.g3501.t1	A
rna-XM_057799899.1	A	anno1.g12183.t1	X
rna-XM_057800217.1	A	anno1.g489.t1	A
rna-XM_057801404.1	A	anno1.g9858.t2	A
rna-XM_057800728.1	A	anno1.g3600.t1	A
rna-XM_057800795.1	A	anno1.g10461.t1	A
rna-XM_057800858.1	A	anno1.g7634.t1	A
rna-XM_057799978.1	A	anno1.g7632.t1	A
rna-XM_057800663.1	A	anno1.g7631.t1	A
rna-XM_057800547.1	A	anno1.g7630.t1	A
rna-XM_057801585.1	A	anno1.g7628.t2	A
rna-XM_057801589.1	A	anno1.g7624.t1	A
rna-XM_057801501.1	A	anno1.g9309.t1	A
rna-XM_057801405.1	A	anno1.g9270.t1	A
rna-XM_057801502.1	A	anno1.g9269.t1	A
rna-XM_057800346.1	A	anno1.g8989.t1	A
rna-XM_057800349.1	A	anno1.g5750.t1	A
rna-XM_057800344.1	A	anno1.g7948.t1	A
rna-XM_057800371.1	A	anno1.g8321.t2	A
rna-XM_057800805.1	A	anno1.g8322.t2	A
rna-XM_057800772.1	A	anno1.g10355.t1	A
rna-XM_057801406.1	A	anno1.g4814.t1	A
rna-XM_057800335.1	A	anno1.g4815.t1	A
rna-XM_057800333.1	A	anno1.g4818.t1	A
rna-XM_057800000.1	A	anno1.g11192.t1	A
rna-XM_057800758.1	A	anno1.g11162.t1	A
rna-XM_057800757.1	A	anno1.g11157.t1	A
rna-XM_057801026.1	A	anno1.g11158.t1	A
rna-XM_057801028.1	A	anno1.g10629.t1	A
rna-XM_057801031.1	A	anno1.g11193.t1	A
rna-XM_057801032.1	A	anno1.g9266.t1	A
rna-XM_057801269.1	A	anno1.g8184.t1	A
rna-XM_057801272.1	A	anno1.g8183.t1	A
rna-XM_057801274.1	A	anno1.g1544.t1	A
rna-XM_057801275.1	A	anno1.g1543.t1	A
rna-XM_057801270.1	A	anno1.g1542.t1	A
rna-XM_057800790.1	A	anno1.g8187.t1	A
rna-XM_057800224.1	A	anno1.g2474.t1	A
rna-XM_057800541.1	A	anno1.g3471.t1	A
rna-XM_057800539.1	A	anno1.g7842.t1	A
rna-XM_057800651.1	A	anno1.g1419.t1	A
rna-XM_057800643.1	A	anno1.g1424.t2	A
rna-XM_057800679.1	A	anno1.g1427.t1	A
rna-XM_057800688.1	A	anno1.g1428.t1	A
rna-XM_057801550.1	A	anno1.g5884.t1	A
rna-XM_057801549.1	A	anno1.g5883.t1	A
rna-XM_057800633.1	A	anno1.g3568.t1	A
rna-XM_057800637.1	A	anno1.g8029.t1	A
rna-XM_057801410.1	A	anno1.g1966.t1	A
rna-XM_057800362.1	A	anno1.g8355.t1	A
rna-XM_057800366.1	A	anno1.g8079.t2	A
rna-XM_057801022.1	A	anno1.g2936.t1	A
rna-XM_057801019.1	A	anno1.g9085.t1	A
rna-XM_057801018.1	A	anno1.g2923.t1	A
rna-XM_057801412.1	A	anno1.g9346.t1	A
rna-XM_057801020.1	A	anno1.g730.t1	A
rna-XM_057800543.1	A	anno1.g729.t1	A
rna-XM_057800546.1	A	anno1.g733.t1	A
rna-XM_057800544.1	A	anno1.g10579.t1	A
rna-XM_057800587.1	A	anno1.g10578.t1	A
rna-XM_057800322.1	A	anno1.g8993.t1	A
rna-XM_057800165.1	A	anno1.g8633.t1	A
rna-XM_057800798.1	A	anno1.g4630.t1	A
rna-XM_057799939.1	A	anno1.g5273.t1	A
rna-XM_057799911.1	A	anno1.g2110.t1	A
rna-XM_057800603.1	A	anno1.g5053.t1	A
rna-XM_057801233.1	A	anno1.g5045.t1	A
rna-XM_057801232.1	A	anno1.g5057.t1	A
rna-XM_057801240.1	A	anno1.g4913.t1	A
rna-XM_057801235.1	A	anno1.g8636.t2	A
rna-XM_057801223.1	A	anno1.g8635.t1	A
rna-XM_057801239.1	A	anno1.g11831.t1	X
rna-XM_057801238.1	A	anno1.g1484.t1	A
rna-XM_057801224.1	A	anno1.g7994.t1	A
rna-XM_057799996.1	A	anno1.g7995.t1	A
rna-XM_057799998.1	A	anno1.g7996.t1	A
rna-XM_057800738.1	A	anno1.g5575.t1	A
rna-XM_057800999.1	A	anno1.g5576.t1	A
rna-XM_057800711.1	A	anno1.g5577.t1	A
rna-XM_057800710.1	A	anno1.g5594.t1	A
rna-XM_057800702.1	A	anno1.g9843.t1	A
rna-XM_057800715.1	A	anno1.g2264.t1	A
rna-XM_057800713.1	A	anno1.g2263.t1	A
rna-XM_057800716.1	A	anno1.g4631.t1	A
rna-XM_057800719.1	A	anno1.g4632.t1	A
rna-XM_057800721.1	A	anno1.g4634.t1	A
rna-XM_057800205.1	A	anno1.g4657.t1	A
rna-XM_057800204.1	A	anno1.g11281.t1	A
rna-XM_057800200.1	A	anno1.g4193.t1	A
rna-XM_057800232.1	A	anno1.g4923.t1	A
rna-XM_057800231.1	A	anno1.g4118.t1	A
rna-XM_057799897.1	A	anno1.g4120.t1	A
rna-XM_057799984.1	A	anno1.g4872.t1	A
rna-XM_057799990.1	A	anno1.g4801.t1	A
rna-XM_057799983.1	A	anno1.g4800.t1	A
rna-XM_057800689.1	A	anno1.g4802.t1	A
rna-XM_057800409.1	A	anno1.g3112.t1	A
rna-XM_057799970.1	A	anno1.g3118.t1	A
rna-XM_057800770.1	A	anno1.g3115.t1	A
rna-XM_057800868.1	A	anno1.g3109.t1	A
rna-XM_057800255.1	A	anno1.g11276.t1	A
rna-XM_057800442.1	A	anno1.g10033.t1	A
rna-XM_057800283.1	A	anno1.g3304.t1	A
rna-XM_057800665.1	A	anno1.g10601.t1	A
rna-XM_057801416.1	A	anno1.g10600.t1	A
rna-XM_057799910.1	A	anno1.g10599.t1	A
rna-XM_057799922.1	A	anno1.g10598.t1	A
rna-XM_057800895.1	A	anno1.g2430.t1	A
rna-XM_057800896.1	A	anno1.g8163.t1	A
rna-XM_057800897.1	A	anno1.g8166.t2	A
rna-XM_057800898.1	A	anno1.g3605.t1	A
rna-XM_057800901.1	A	anno1.g2431.t4	A
rna-XM_057799941.1	A	anno1.g2432.t1	A
rna-XM_057801171.1	A	anno1.g3338.t2	A
rna-XM_057800478.1	A	anno1.g3299.t1	A
rna-XM_057800405.1	A	anno1.g3300.t1	A
rna-XM_057800915.1	A	anno1.g4117.t1	A
rna-XM_057800913.1	A	anno1.g5276.t1	A
rna-XM_057800190.1	A	anno1.g5300.t1	A
rna-XM_057800189.1	A	anno1.g5301.t1	A
rna-XM_057800172.1	A	anno1.g4629.t2	A
rna-XM_057800639.1	A	anno1.g7597.t1	A
rna-XM_057800402.1	A	anno1.g10572.t1	A
rna-XM_057799865.1	A	anno1.g4149.t1	A
rna-XM_057801093.1	A	anno1.g4145.t1	A
rna-XM_057801117.1	A	anno1.g2642.t1	A
rna-XM_057801118.1	A	anno1.g8048.t1	A
rna-XM_057801119.1	A	anno1.g9049.t2	A
rna-XM_057801121.1	A	anno1.g9050.t1	A
rna-XM_057801122.1	A	anno1.g7992.t1	A
rna-XM_057801124.1	A	anno1.g7993.t1	A
rna-XM_057801125.1	A	anno1.g7113.t1	A
rna-XM_057801126.1	A	anno1.g2319.t1	A
rna-XM_057801129.1	A	anno1.g11161.t1	A
rna-XM_057801130.1	A	anno1.g9098.t1	A
rna-XM_057801131.1	A	anno1.g6273.t1	A
rna-XM_057801132.1	A	anno1.g9100.t1	A
rna-XM_057801137.1	A	anno1.g9099.t1	A
rna-XM_057801134.1	A	anno1.g4247.t1	A
rna-XM_057801138.1	A	anno1.g5494.t1	A
rna-XM_057801136.1	A	anno1.g826.t2	A
rna-XM_057801147.1	A	anno1.g4143.t2	A
rna-XM_057801153.1	A	anno1.g4921.t1	A
rna-XM_057801150.1	A	anno1.g526.t1	A
rna-XM_057801154.1	A	anno1.g4705.t1	A
rna-XM_057801148.1	A	anno1.g8185.t1	A
rna-XM_057799864.1	A	anno1.g9783.t1	A
rna-XM_057799860.1	A	anno1.g3254.t1	A
rna-XM_057799929.1	A	anno1.g3256.t2	A
rna-XM_057800859.1	A	anno1.g9621.t1	A
rna-XM_057800816.1	A	anno1.g2117.t1	A
rna-XM_057800527.1	A	anno1.g2118.t2	A
rna-XM_057800320.1	A	anno1.g2119.t3	A
rna-XM_057799856.1	A	anno1.g187.t1	A
rna-XM_057799854.1	A	anno1.g10159.t1	A
rna-XM_057799843.1	A	anno1.g9952.t1	A
rna-XM_057799845.1	A	anno1.g3513.t1	A
rna-XM_057799847.1	A	anno1.g6869.t2	A
rna-XM_057799842.1	A	anno1.g9972.t1	A
rna-XM_057799850.1	A	anno1.g10507.t1	A
rna-XM_057799846.1	A	anno1.g11267.t1	A
rna-XM_057799853.1	A	anno1.g10584.t1	A
rna-XM_057799851.1	A	anno1.g500.t2	A
rna-XM_057799855.1	A	anno1.g2903.t1	A
rna-XM_057799839.1	A	anno1.g10550.t1	A
rna-XM_057799834.1	A	anno1.g10551.t1	A
rna-XM_057799826.1	A	anno1.g10549.t1	A
rna-XM_057800359.1	A	anno1.g3269.t1	A
rna-XM_057800360.1	A	anno1.g3267.t1	A
rna-XM_057800628.1	A	anno1.g3266.t1	A
rna-XM_057799940.1	A	anno1.g1385.t1	A
rna-XM_057800277.1	A	anno1.g3261.t1	A
rna-XM_057800781.1	A	anno1.g10317.t1	A
rna-XM_057800775.1	A	anno1.g10318.t1	A
rna-XM_057800780.1	A	anno1.g10319.t1	A
rna-XM_057800564.1	A	anno1.g2123.t1	A
rna-XM_057801494.1	A	anno1.g5223.t1	A
rna-XM_057801499.1	A	anno1.g5224.t1	A
rna-XM_057801493.1	A	anno1.g5225.t1	A
rna-XM_057801487.1	A	anno1.g2493.t1	A
rna-XM_057801500.1	A	anno1.g2492.t1	A
rna-XM_057801480.1	A	anno1.g2257.t1	A
rna-XM_057801479.1	A	anno1.g2258.t1	A
rna-XM_057801476.1	A	anno1.g7608.t1	A
rna-XM_057801477.1	A	anno1.g11516.t1	A
rna-XM_057801561.1	A	anno1.g7605.t2	A
rna-XM_057801562.1	A	anno1.g7604.t1	A
rna-XM_057801563.1	A	anno1.g7373.t1	A
rna-XM_057801422.1	A	anno1.g4928.t1	A
rna-XM_057800196.1	A	anno1.g7684.t2	A
rna-XM_057800194.1	A	anno1.g10554.t1	A
rna-XM_057800521.1	A	anno1.g3442.t1	A
rna-XM_057800579.1	A	anno1.g11399.t1	A
rna-XM_057800472.1	A	anno1.g11397.t1	A
rna-XM_057801560.1	A	anno1.g2686.t1	A
rna-XM_057801559.1	A	anno1.g2687.t1	A
rna-XM_057800206.1	A	anno1.g3430.t1	A
rna-XM_057800560.1	A	anno1.g11386.t2	A
rna-XM_057800473.1	A	anno1.g3431.t1	A
rna-XM_057800215.1	A	anno1.g11372.t1	A
rna-XM_057801423.1	A	anno1.g11375.t2	A
rna-XM_057800432.1	A	anno1.g3427.t1	A
rna-XM_057799867.1	A	anno1.g8745.t1	A
rna-XM_057799878.1	A	anno1.g3426.t1	A
rna-XM_057799874.1	A	anno1.g9866.t1	A
rna-XM_057799875.1	A	anno1.g11321.t2	A
rna-XM_057799882.1	A	anno1.g11326.t1	A
rna-XM_057801220.1	A	anno1.g4084.t1	A
rna-XM_057801218.1	A	anno1.g3783.t1	A
rna-XM_057801211.1	A	anno1.g3782.t1	A
rna-XM_057801221.1	A	anno1.g3139.t1	A
rna-XM_057800518.1	A	anno1.g3781.t2	A
rna-XM_057800517.1	A	anno1.g9326.t1	A
rna-XM_057800457.1	A	anno1.g2488.t1	A
rna-XM_057800456.1	A	anno1.g2487.t1	A
rna-XM_057801425.1	A	anno1.g3749.t1	A
rna-XM_057800565.1	A	anno1.g2482.t2	A
rna-XM_057800272.1	A	anno1.g4105.t1	A
rna-XM_057800266.1	A	anno1.g4654.t1	A
rna-XM_057800269.1	A	anno1.g4252.t1	A
rna-XM_057800262.1	A	anno1.g4253.t1	A
rna-XM_057800264.1	A	anno1.g9852.t1	A
rna-XM_057800268.1	A	anno1.g8269.t1	A
rna-XM_057800263.1	A	anno1.g1196.t1	A
rna-XM_057800275.1	A	anno1.g4624.t1	A
rna-XM_057800273.1	A	anno1.g4627.t1	A
rna-XM_057800259.1	A	anno1.g4628.t2	A
rna-XM_057800270.1	A	anno1.g4605.t1	A
rna-XM_057800271.1	A	anno1.g4606.t1	A
rna-XM_057800937.1	A	anno1.g4608.t2	A
rna-XM_057800954.1	A	anno1.g8992.t1	A
rna-XM_057800956.1	A	anno1.g5488.t1	A
rna-XM_057800922.1	A	anno1.g5664.t1	A
rna-XM_057800975.1	A	anno1.g8149.t1	A
rna-XM_057800930.1	A	anno1.g8150.t1	A
rna-XM_057800920.1	A	anno1.g8871.t1	A
rna-XM_057800955.1	A	anno1.g5157.t1	A
rna-XM_057800921.1	A	anno1.g11052.t1	A
rna-XM_057800917.1	A	anno1.g681.t2	A
rna-XM_057800988.1	A	anno1.g680.t1	A
rna-XM_057800984.1	A	anno1.g676.t1	A
rna-XM_057800992.1	A	anno1.g677.t1	A
rna-XM_057800980.1	A	anno1.g675.t1	A
rna-XM_057800964.1	A	anno1.g9845.t1	A
rna-XM_057800929.1	A	anno1.g4995.t1	A
rna-XM_057800978.1	A	anno1.g4994.t1	A
rna-XM_057800991.1	A	anno1.g4952.t1	A
rna-XM_057800950.1	A	anno1.g4951.t1	A
rna-XM_057800953.1	A	anno1.g9847.t2	A
rna-XM_057800958.1	A	anno1.g4998.t1	A
rna-XM_057800931.1	A	anno1.g4996.t1	A
rna-XM_057800993.1	A	anno1.g4999.t1	A
rna-XM_057800998.1	A	anno1.g9848.t1	A
rna-XM_057800213.1	A	anno1.g9786.t1	A
rna-XM_057800369.1	A	anno1.g9787.t1	A
rna-XM_057801598.1	A	anno1.g9791.t1	A
rna-XM_057799938.1	A	anno1.g734.t1	A
rna-XM_057800441.1	A	anno1.g11246.t2	A
rna-XM_057800439.1	A	anno1.g2057.t2	A
rna-XM_057800434.1	A	anno1.g1405.t1	A
rna-XM_057800440.1	A	anno1.g11166.t1	A
rna-XM_057800382.1	A	anno1.g2555.t2	A
rna-XM_057800315.1	A	anno1.g2953.t1	A
rna-XM_057800317.1	A	anno1.g834.t1	A
rna-XM_057800319.1	A	anno1.g4097.t1	A
rna-XM_057800433.1	A	anno1.g7602.t1	A
rna-XM_057799885.1	A	anno1.g830.t2	A
rna-XM_057800292.1	A	anno1.g829.t4	A
rna-XM_057800309.1	A	anno1.g1432.t1	A
rna-XM_057800289.1	A	anno1.g4619.t1	A
rna-XM_057800312.1	A	anno1.g4623.t2	A
rna-XM_057800310.1	A	anno1.g5394.t1	A
rna-XM_057801038.1	A	anno1.g2644.t1	A
rna-XM_057801068.1	A	anno1.g4248.t1	A
rna-XM_057801034.1	A	anno1.g5056.t3	A
rna-XM_057801082.1	A	anno1.g5055.t2	A
rna-XM_057801051.1	A	anno1.g5054.t1	A
rna-XM_057801049.1	A	anno1.g4104.t1	A
rna-XM_057801036.1	A	anno1.g6896.t1	A
rna-XM_057801043.1	A	anno1.g6182.t1	A
rna-XM_057801042.1	A	anno1.g9851.t1	A
rna-XM_057801061.1	A	anno1.g9850.t1	A
rna-XM_057801074.1	A	anno1.g1967.t1	A
rna-XM_057801053.1	A	anno1.g4992.t1	A
rna-XM_057801086.1	A	anno1.g4993.t1	A
rna-XM_057801080.1	A	anno1.g4990.t1	A
rna-XM_057801087.1	A	anno1.g4987.t1	A
rna-XM_057801052.1	A	anno1.g4977.t1	A
rna-XM_057801071.1	A	anno1.g4978.t1	A
rna-XM_057801084.1	A	anno1.g1685.t1	A
rna-XM_057801089.1	A	anno1.g5004.t1	A
rna-XM_057801047.1	A	anno1.g5005.t1	A
rna-XM_057801076.1	A	anno1.g4982.t1	A
rna-XM_057801085.1	A	anno1.g4983.t1	A
rna-XM_057801083.1	A	anno1.g4984.t1	A
rna-XM_057801059.1	A	anno1.g4986.t1	A
rna-XM_057801075.1	A	anno1.g12122.t1	X
rna-XM_057801073.1	A	anno1.g8151.t1	A
rna-XM_057801054.1	A	anno1.g5663.t1	A
rna-XM_057801069.1	A	anno1.g2645.t2	A
rna-XM_057801040.1	A	anno1.g2646.t1	A
rna-XM_057800654.1	A	anno1.g10699.t1	A
rna-XM_057801596.1	A	anno1.g800.t1	A
rna-XM_057800820.1	A	anno1.g10696.t1	A
rna-XM_057800824.1	A	anno1.g10731.t1	A
rna-XM_057800828.1	A	anno1.g11223.t1	A
rna-XM_057800825.1	A	anno1.g10733.t1	A
rna-XM_057800829.1	A	anno1.g10732.t1	A
rna-XM_057800834.1	A	anno1.g3943.t1	A
rna-XM_057800830.1	A	anno1.g11278.t1	A
rna-XM_057800837.1	A	anno1.g4886.t1	A
rna-XM_057800383.1	A	anno1.g6459.t1	A
rna-XM_057800403.1	A	anno1.g11060.t1	A
rna-XM_057801371.1	A	anno1.g954.t1	A
rna-XM_057801372.1	A	anno1.g10574.t1	A
rna-XM_057800399.1	A	anno1.g10575.t1	A
rna-XM_057800398.1	A	anno1.g525.t1	A
rna-XM_057800223.1	A	anno1.g485.t1	A
rna-XM_057800753.1	A	anno1.g11059.t1	A
rna-XM_057801503.1	A	anno1.g956.t1	A
rna-XM_057801504.1	A	anno1.g879.t1	A
rna-XM_057801505.1	A	anno1.g2613.t1	A
rna-XM_057801506.1	A	anno1.g11051.t1	A
rna-XM_057801507.1	A	anno1.g958.t2	A
rna-XM_057801509.1	A	anno1.g10586.t1	A
rna-XM_057801510.1	A	anno1.g9399.t1	A
rna-XM_057801511.1	A	anno1.g11053.t1	A
rna-XM_057801516.1	A	anno1.g3264.t1	A
rna-XM_057801540.1	A	anno1.g11311.t1	A
rna-XM_057801538.1	A	anno1.g484.t1	A
rna-XM_057801527.1	A	anno1.g9860.t1	A
rna-XM_057801547.1	A	anno1.g480.t1	A
rna-XM_057801539.1	A	anno1.g9859.t1	A
rna-XM_057801518.1	A	anno1.g483.t2	A
rna-XM_057801522.1	A	anno1.g482.t1	A
rna-XM_057801546.1	A	anno1.g6646.t1	A
rna-XM_057801537.1	A	anno1.g6644.t1	A
rna-XM_057801542.1	A	anno1.g7688.t1	A
rna-XM_057801526.1	A	anno1.g7413.t1	A
rna-XM_057801528.1	A	anno1.g7698.t1	A
rna-XM_057801543.1	A	anno1.g7437.t1	A
rna-XM_057801530.1	A	anno1.g3295.t1	A
rna-XM_057801545.1	A	anno1.g11309.t1	A
rna-XM_057800157.1	A	anno1.g6677.t1	A
rna-XM_057800119.1	A	anno1.g9861.t1	A
rna-XM_057800132.1	A	anno1.g9879.t1	A
rna-XM_057800146.1	A	anno1.g9878.t1	A
rna-XM_057800137.1	A	anno1.g11176.t1	A
rna-XM_057800130.1	A	anno1.g703.t1	A
rna-XM_057800147.1	A	anno1.g5153.t1	A
rna-XM_057800129.1	A	anno1.g8622.t1	A
rna-XM_057800138.1	A	anno1.g2386.t1	A
rna-XM_057800159.1	A	anno1.g2394.t1	A
rna-XM_057800128.1	A	anno1.g1133.t2	A
rna-XM_057800152.1	A	anno1.g804.t1	A
rna-XM_057800121.1	A	anno1.g8436.t1	A
rna-XM_057800140.1	A	anno1.g2808.t3	A
rna-XM_057800142.1	A	anno1.g1519.t1	A
rna-XM_057800470.1	A	anno1.g7576.t1	A
rna-XM_057800850.1	A	anno1.g2105.t1	A
rna-XM_057800690.1	A	anno1.g982.t1	A
rna-XM_057801167.1	A	anno1.g7307.t1	A
rna-XM_057801163.1	A	anno1.g923.t1	A
rna-XM_057801169.1	A	anno1.g1518.t1	A
rna-XM_057803260.1	A	anno1.g5678.t1	A
rna-XM_057803267.1	A	anno1.g5675.t2	A
rna-XM_057803259.1	A	anno1.g9048.t1	A
rna-XM_057803266.1	A	anno1.g8818.t3	A
rna-XM_057803249.1	A	anno1.g8817.t1	A
rna-XM_057802394.1	A	anno1.g8810.t1	A
rna-XM_057803412.1	A	anno1.g539.t1	A
rna-XM_057803851.1	A	anno1.g7687.t2	A
rna-XM_057803852.1	A	anno1.g507.t1	A
rna-XM_057801995.1	A	anno1.g2221.t1	A
rna-XM_057802211.1	A	anno1.g2230.t2	A
rna-XM_057801911.1	A	anno1.g2511.t1	A
rna-XM_057801917.1	A	anno1.g2228.t2	A
rna-XM_057801913.1	A	anno1.g2509.t1	A
rna-XM_057801915.1	A	anno1.g2510.t1	A
rna-XM_057802322.1	A	anno1.g2229.t1	A
rna-XM_057803278.1	A	anno1.g7397.t1	A
rna-XM_057803276.1	A	anno1.g5219.t2	A
rna-XM_057803268.1	A	anno1.g8654.t1	A
rna-XM_057803609.1	A	anno1.g7621.t1	A
rna-XM_057803630.1	A	anno1.g3637.t1	A
rna-XM_057801755.1	A	anno1.g5218.t1	A
rna-XM_057801754.1	A	anno1.g514.t1	A
rna-XM_057802580.1	A	anno1.g4255.t1	A
rna-XM_057802302.1	A	anno1.g7683.t1	A
rna-XM_057802214.1	A	anno1.g10465.t1	A
rna-XM_057803507.1	A	anno1.g340.t1	A
rna-XM_057803506.1	A	anno1.g511.t1	A
rna-XM_057803508.1	A	anno1.g406.t2	A
rna-XM_057803509.1	A	anno1.g7830.t1	A
rna-XM_057803521.1	A	anno1.g7356.t2	A
rna-XM_057802200.1	A	anno1.g400.t1	A
rna-XM_057803829.1	A	anno1.g2428.t1	A
rna-XM_057803822.1	A	anno1.g1216.t1	A
rna-XM_057803830.1	A	anno1.g1768.t1	A
rna-XM_057803834.1	A	anno1.g535.t1	A
rna-XM_057803832.1	A	anno1.g6442.t1	A
rna-XM_057803838.1	A	anno1.g4195.t1	A
rna-XM_057801620.1	A	anno1.g2231.t1	A
rna-XM_057801623.1	A	anno1.g8661.t1	A
rna-XM_057801627.1	A	anno1.g2600.t1	A
rna-XM_057801628.1	A	anno1.g2601.t1	A
rna-XM_057802640.1	A	anno1.g2599.t1	A
rna-XM_057802060.1	A	anno1.g2598.t1	A
rna-XM_057802202.1	A	anno1.g10087.t1	A
rna-XM_057802328.1	A	anno1.g10933.t1	A
rna-XM_057802324.1	A	anno1.g1336.t1	A
rna-XM_057801890.1	A	anno1.g3539.t1	A
rna-XM_057801758.1	A	anno1.g391.t1	A
rna-XM_057801918.1	A	anno1.g1024.t1	A
rna-XM_057801711.1	A	anno1.g11057.t1	A
rna-XM_057801712.1	A	anno1.g11058.t1	A
rna-XM_057801717.1	A	anno1.g6251.t1	A
rna-XM_057801714.1	A	anno1.g2087.t1	A
rna-XM_057802670.1	A	anno1.g8655.t1	A
rna-XM_057801940.1	A	anno1.g7889.t1	A
rna-XM_057802600.1	A	anno1.g2031.t2	A
rna-XM_057803414.1	A	anno1.g2030.t1	A
rna-XM_057803417.1	A	anno1.g3994.t1	A
rna-XM_057803428.1	A	anno1.g3995.t1	A
rna-XM_057803416.1	A	anno1.g3993.t2	A
rna-XM_057802400.1	A	anno1.g3470.t2	A
rna-XM_057803426.1	A	anno1.g7976.t1	A
rna-XM_057802163.1	A	anno1.g5783.t1	A
rna-XM_057802164.1	A	anno1.g8073.t1	A
rna-XM_057801919.1	A	anno1.g8072.t1	A
rna-XM_057801941.1	A	anno1.g3709.t2	A
rna-XM_057801928.1	A	anno1.g3524.t1	A
rna-XM_057802235.1	A	anno1.g3726.t2	A
rna-XM_057801879.1	A	anno1.g3727.t1	A
rna-XM_057803494.1	A	anno1.g3728.t1	A
rna-XM_057803495.1	A	anno1.g3985.t1	A
rna-XM_057803496.1	A	anno1.g904.t1	A
rna-XM_057802608.1	A	anno1.g907.t1	A
rna-XM_057802612.1	A	anno1.g1642.t1	A
rna-XM_057802616.1	A	anno1.g7251.t2	A
rna-XM_057802618.1	A	anno1.g7254.t1	A
rna-XM_057803725.1	A	anno1.g7007.t1	A
rna-XM_057803717.1	A	anno1.g7006.t1	A
rna-XM_057803726.1	A	anno1.g6087.t1	A
rna-XM_057803727.1	A	anno1.g6088.t1	A
rna-XM_057802513.1	A	anno1.g6090.t1	A
rna-XM_057802154.1	A	anno1.g6092.t3	A
rna-XM_057802306.1	A	anno1.g8502.t1	A
rna-XM_057803460.1	A	anno1.g6002.t1	A
rna-XM_057803457.1	A	anno1.g6001.t1	A
rna-XM_057803459.1	A	anno1.g6351.t1	A
rna-XM_057803455.1	A	anno1.g3991.t1	A
rna-XM_057803297.1	A	anno1.g10359.t1	A
rna-XM_057803290.1	A	anno1.g9586.t1	A
rna-XM_057802401.1	A	anno1.g6353.t1	A
rna-XM_057803298.1	A	anno1.g8336.t1	A
rna-XM_057803292.1	A	anno1.g6354.t1	A
rna-XM_057803295.1	A	anno1.g9525.t1	A
rna-XM_057802037.1	A	anno1.g6359.t1	A
rna-XM_057803072.1	A	anno1.g1686.t2	A
rna-XM_057803075.1	A	anno1.g9523.t1	A
rna-XM_057803082.1	A	anno1.g9521.t1	A
rna-XM_057803078.1	A	anno1.g9537.t1	A
rna-XM_057803083.1	A	anno1.g9539.t1	A
rna-XM_057803085.1	A	anno1.g9540.t1	A
rna-XM_057803089.1	A	anno1.g9524.t1	A
rna-XM_057803090.1	A	anno1.g1398.t1	A
rna-XM_057803091.1	A	anno1.g8738.t1	A
rna-XM_057803101.1	A	anno1.g8740.t1	A
rna-XM_057803099.1	A	anno1.g1458.t1	A
rna-XM_057803097.1	A	anno1.g8023.t3	A
rna-XM_057803102.1	A	anno1.g10207.t1	A
rna-XM_057803103.1	A	anno1.both_agree_g20471.t1	A
rna-XM_057803105.1	A	anno1.g10206.t1	A
rna-XM_057803119.1	A	anno1.g10203.t1	A
rna-XM_057803121.1	A	anno1.g4678.t4	A
rna-XM_057803123.1	A	anno1.g8742.t1	A
rna-XM_057803125.1	A	anno1.g6736.t1	A
rna-XM_057803127.1	A	anno1.g6734.t2	A
rna-XM_057803131.1	A	anno1.g2589.t2	A
rna-XM_057803136.1	A	anno1.g8563.t1	A
rna-XM_057803141.1	A	anno1.g6725.t1	A
rna-XM_057803139.1	A	anno1.g6726.t1	A
rna-XM_057803149.1	A	anno1.g9279.t1	A
rna-XM_057803142.1	A	anno1.g11012.t1	A
rna-XM_057803153.1	A	anno1.g6727.t1	A
rna-XM_057803145.1	A	anno1.g6731.t2	A
rna-XM_057803147.1	A	anno1.g3038.t1	A
rna-XM_057803155.1	A	anno1.g3830.t1	A
rna-XM_057802234.1	A	anno1.g3040.t1	A
rna-XM_057802230.1	A	anno1.g3039.t2	A
rna-XM_057802232.1	A	anno1.g1200.t2	A
rna-XM_057802849.1	A	anno1.g3816.t1	A
rna-XM_057802851.1	A	anno1.g3815.t1	A
rna-XM_057802850.1	A	anno1.g3814.t1	A
rna-XM_057802855.1	A	anno1.g3833.t2	A
rna-XM_057802857.1	A	anno1.g3818.t2	A
rna-XM_057802859.1	A	anno1.g9311.t1	A
rna-XM_057802404.1	A	anno1.g7982.t2	A
rna-XM_057802629.1	A	anno1.g10404.t1	A
rna-XM_057802631.1	A	anno1.g10401.t1	A
rna-XM_057802634.1	A	anno1.g3229.t1	A
rna-XM_057802635.1	A	anno1.g12176.t1	X
rna-XM_057802636.1	A	anno1.g4001.t1	A
rna-XM_057802633.1	A	anno1.g306.t1	A
rna-XM_057801663.1	A	anno1.g3894.t1	A
rna-XM_057801686.1	A	anno1.g4003.t1	A
rna-XM_057801680.1	A	anno1.g3896.t1	A
rna-XM_057801697.1	A	anno1.g1998.t1	A
rna-XM_057801692.1	A	anno1.g346.t1	A
rna-XM_057801700.1	A	anno1.g4897.t1	A
rna-XM_057801668.1	A	anno1.g10389.t1	A
rna-XM_057801699.1	A	anno1.g10388.t1	A
rna-XM_057801705.1	A	anno1.g6852.t1	A
rna-XM_057801703.1	A	anno1.g9493.t1	A
rna-XM_057801676.1	A	anno1.g9495.t2	A
rna-XM_057801695.1	A	anno1.g9489.t1	A
rna-XM_057801671.1	A	anno1.g9491.t1	A
rna-XM_057801685.1	A	anno1.g9497.t1	A
rna-XM_057801675.1	A	anno1.g9496.t1	A
rna-XM_057801691.1	A	anno1.g9349.t1	A
rna-XM_057801701.1	A	anno1.g9347.t1	A
rna-XM_057801704.1	A	anno1.g9487.t1	A
rna-XM_057801658.1	A	anno1.g8335.t1	A
rna-XM_057802594.1	A	anno1.g8334.t1	A
rna-XM_057802068.1	A	anno1.g8019.t1	A
rna-XM_057802522.1	A	anno1.g8020.t2	A
rna-XM_057802523.1	A	anno1.g8702.t1	A
rna-XM_057802469.1	A	anno1.g8018.t3	A
rna-XM_057802480.1	A	anno1.g7987.t1	A
rna-XM_057802470.1	A	anno1.g8706.t1	A
rna-XM_057802467.1	A	anno1.g3129.t1	A
rna-XM_057802482.1	A	anno1.g11542.t1	X
rna-XM_057802473.1	A	anno1.g8701.t2	A
rna-XM_057802472.1	A	anno1.g858.t1	A
rna-XM_057802483.1	A	anno1.g857.t1	A
rna-XM_057801657.1	A	anno1.g7988.t1	A
rna-XM_057801655.1	A	anno1.g8705.t1	A
rna-XM_057801656.1	A	anno1.g202.t1	A
rna-XM_057803437.1	A	anno1.g1108.t2	A
rna-XM_057801908.1	A	anno1.g640.t1	A
rna-XM_057802443.1	A	anno1.g8069.t2	A
rna-XM_057802593.1	A	anno1.g11261.t1	A
rna-XM_057803448.1	A	anno1.g3447.t5	A
rna-XM_057801872.1	A	anno1.g3523.t1	A
rna-XM_057801764.1	A	anno1.g4034.t1	A
rna-XM_057802652.1	A	anno1.g9231.t1	A
rna-XM_057802832.1	A	anno1.g4035.t1	A
rna-XM_057803715.1	A	anno1.g4037.t1	A
rna-XM_057803710.1	A	anno1.g4038.t1	A
rna-XM_057803702.1	A	anno1.g4039.t1	A
rna-XM_057802440.1	A	anno1.g11876.t1	X
rna-XM_057802296.1	A	anno1.g4046.t1	A
rna-XM_057802150.1	A	anno1.g4047.t1	A
rna-XM_057802149.1	A	anno1.g4048.t1	A
rna-XM_057802655.1	A	anno1.g4049.t1	A
rna-XM_057803818.1	A	anno1.g3997.t1	A
rna-XM_057802071.1	A	anno1.g6240.t1	A
rna-XM_057802158.1	A	anno1.g6208.t1	A
rna-XM_057802201.1	A	anno1.g10604.t1	A
rna-XM_057803445.1	A	anno1.g3858.t1	A
rna-XM_057803442.1	A	anno1.g3859.t3	A
rna-XM_057803447.1	A	anno1.g11071.t1	A
rna-XM_057802040.1	A	anno1.g10606.t1	A
rna-XM_057802313.1	A	anno1.g571.t1	A
rna-XM_057801986.1	A	anno1.g6213.t1	A
rna-XM_057801730.1	A	anno1.g6017.t1	A
rna-XM_057801886.1	A	anno1.g1937.t2	A
rna-XM_057802493.1	A	anno1.g1939.t1	A
rna-XM_057803014.1	A	anno1.g1940.t1	A
rna-XM_057803021.1	A	anno1.g6209.t1	A
rna-XM_057803019.1	A	anno1.g5686.t1	A
rna-XM_057803016.1	A	anno1.g5685.t1	A
rna-XM_057801947.1	A	anno1.g5683.t1	A
rna-XM_057801956.1	A	anno1.g9871.t1	A
rna-XM_057802059.1	A	anno1.g5681.t1	A
rna-XM_057802356.1	A	anno1.g5680.t1	A
rna-XM_057803023.1	A	anno1.g5798.t1	A
rna-XM_057803035.1	A	anno1.g2379.t1	A
rna-XM_057803032.1	A	anno1.g5799.t1	A
rna-XM_057803033.1	A	anno1.g5353.t2	A
rna-XM_057803027.1	A	anno1.g5354.t1	A
rna-XM_057802278.1	A	anno1.g9427.t1	A
rna-XM_057802277.1	A	anno1.g5370.t2	A
rna-XM_057803843.1	A	anno1.g5371.t1	A
rna-XM_057802575.1	A	anno1.g5352.t1	A
rna-XM_057802605.1	A	anno1.g3194.t1	A
rna-XM_057802607.1	A	anno1.g3226.t1	A
rna-XM_057802578.1	A	anno1.g3227.t1	A
rna-XM_057802577.1	A	anno1.g5636.t1	A
rna-XM_057802542.1	A	anno1.g5356.t1	A
rna-XM_057802543.1	A	anno1.g5642.t1	A
rna-XM_057802499.1	A	anno1.g5638.t1	A
rna-XM_057803700.1	A	anno1.g5637.t1	A
rna-XM_057801882.1	A	anno1.g6843.t2	A
rna-XM_057801884.1	A	anno1.g6467.t1	A
rna-XM_057801883.1	A	anno1.g5373.t1	A
rna-XM_057802837.1	A	anno1.g1700.t1	A
rna-XM_057802838.1	A	anno1.g1701.t1	A
rna-XM_057802839.1	A	anno1.g1716.t1	A
rna-XM_057802842.1	A	anno1.g8785.t1	A
rna-XM_057801881.1	A	anno1.g2334.t1	A
rna-XM_057802656.1	A	anno1.g9123.t1	A
rna-XM_057801937.1	A	anno1.g9125.t1	A
rna-XM_057802317.1	A	anno1.g9127.t1	A
rna-XM_057802318.1	A	anno1.g4116.t1	A
rna-XM_057802319.1	A	anno1.g4170.t1	A
rna-XM_057801761.1	A	anno1.g1935.t1	A
rna-XM_057802460.1	A	anno1.g4171.t1	A
rna-XM_057802098.1	A	anno1.g4175.t1	A
rna-XM_057802666.1	A	anno1.g4176.t1	A
rna-XM_057802997.1	A	anno1.g5253.t1	A
rna-XM_057803002.1	A	anno1.g5467.t1	A
rna-XM_057803003.1	A	anno1.g5252.t1	A
rna-XM_057802135.1	A	anno1.g5465.t1	A
rna-XM_057802139.1	A	anno1.g5466.t1	A
rna-XM_057802138.1	A	anno1.g5788.t1	A
rna-XM_057802144.1	A	anno1.g5789.t1	A
rna-XM_057802140.1	A	anno1.g5791.t1	A
rna-XM_057802142.1	A	anno1.g5792.t1	A
rna-XM_057802131.1	A	anno1.g5793.t1	A
rna-XM_057802495.1	A	anno1.g2279.t1	A
rna-XM_057802137.1	A	anno1.g5795.t1	A
rna-XM_057803790.1	A	anno1.g5803.t1	A
rna-XM_057802500.1	A	anno1.g11586.t1	X
rna-XM_057803607.1	A	anno1.g8485.t4	A
rna-XM_057803608.1	A	anno1.g8486.t1	A
rna-XM_057802049.1	A	anno1.g8487.t1	A
rna-XM_057802016.1	A	anno1.g11030.t1	A
rna-XM_057802014.1	A	anno1.g11395.t1	A
rna-XM_057801747.1	A	anno1.g8476.t1	A
rna-XM_057802268.1	A	anno1.g8475.t3	A
rna-XM_057802511.1	A	anno1.g326.t1	A
rna-XM_057801653.1	A	anno1.g8586.t1	A
rna-XM_057801652.1	A	anno1.g8587.t1	A
rna-XM_057801654.1	A	anno1.g5365.t1	A
rna-XM_057802247.1	A	anno1.g5202.t1	A
rna-XM_057802239.1	A	anno1.g1703.t1	A
rna-XM_057802427.1	A	anno1.g11029.t1	A
rna-XM_057802416.1	A	anno1.g11043.t1	A
rna-XM_057802429.1	A	anno1.g11031.t1	A
rna-XM_057802423.1	A	anno1.g2052.t1	A
rna-XM_057802438.1	A	anno1.g1706.t1	A
rna-XM_057802437.1	A	anno1.g5359.t1	A
rna-XM_057802431.1	A	anno1.g8606.t1	A
rna-XM_057802412.1	A	anno1.g8376.t1	A
rna-XM_057802418.1	A	anno1.g8605.t1	A
rna-XM_057802413.1	A	anno1.g11032.t1	A
rna-XM_057802865.1	A	anno1.g1661.t1	A
rna-XM_057802382.1	A	anno1.g8601.t1	A
rna-XM_057802619.1	A	anno1.g8602.t2	A
rna-XM_057802539.1	A	anno1.g8603.t1	A
rna-XM_057803745.1	A	anno1.g1704.t2	A
rna-XM_057802662.1	A	anno1.g10947.t1	A
rna-XM_057802555.1	A	anno1.g5090.t1	A
rna-XM_057802086.1	A	anno1.g5091.t1	A
rna-XM_057802027.1	A	anno1.g5081.t1	A
rna-XM_057801647.1	A	anno1.g5080.t1	A
rna-XM_057801649.1	A	anno1.g5078.t2	A
rna-XM_057802654.1	A	anno1.g9455.t1	A
rna-XM_057802349.1	A	anno1.g9448.t1	A
rna-XM_057803604.1	A	anno1.g9061.t2	A
rna-XM_057802090.1	A	anno1.g8751.t1	A
rna-XM_057803659.1	A	anno1.g8169.t1	A
rna-XM_057803654.1	A	anno1.g8869.t1	A
rna-XM_057803660.1	A	anno1.g8868.t1	A
rna-XM_057803664.1	A	anno1.g1474.t1	A
rna-XM_057803669.1	A	anno1.g477.t3	A
rna-XM_057803670.1	A	anno1.g476.t1	A
rna-XM_057803672.1	A	anno1.g475.t4	A
rna-XM_057801725.1	A	anno1.g11353.t1	A
rna-XM_057801939.1	A	anno1.g2090.t1	A
rna-XM_057801942.1	A	anno1.g11034.t1	A
rna-XM_057802388.1	A	anno1.g11033.t1	A
rna-XM_057803226.1	A	anno1.g472.t1	A
rna-XM_057803229.1	A	anno1.g473.t1	A
rna-XM_057803211.1	A	anno1.g474.t3	A
rna-XM_057803235.1	A	anno1.g11037.t1	A
rna-XM_057803238.1	A	anno1.g11418.t1	A
rna-XM_057803232.1	A	anno1.g11511.t2	A
rna-XM_057803222.1	A	anno1.g11512.t1	A
rna-XM_057803203.1	A	anno1.g11513.t1	A
rna-XM_057803237.1	A	anno1.g11514.t1	A
rna-XM_057802376.1	A	anno1.g11462.t1	A
rna-XM_057802375.1	A	anno1.g11461.t1	A
rna-XM_057803201.1	A	anno1.g11458.t2	A
rna-XM_057803191.1	A	anno1.g11460.t1	A
rna-XM_057801706.1	A	anno1.g11457.t1	A
rna-XM_057801709.1	A	anno1.g11455.t2	A
rna-XM_057802562.1	A	anno1.g11454.t2	A
rna-XM_057802566.1	A	anno1.g11456.t2	A
rna-XM_057802152.1	A	anno1.g11420.t1	A
rna-XM_057802321.1	A	anno1.g11022.t1	A
rna-XM_057803189.1	A	anno1.g10271.t1	A
rna-XM_057803178.1	A	anno1.g11494.t2	A
rna-XM_057803188.1	A	anno1.g478.t2	A
rna-XM_057803177.1	A	anno1.g479.t1	A
rna-XM_057803157.1	A	anno1.g2678.t1	A
rna-XM_057803405.1	A	anno1.g2675.t1	A
rna-XM_057803406.1	A	anno1.g2674.t1	A
rna-XM_057803398.1	A	anno1.g2673.t1	A
rna-XM_057802165.1	A	anno1.g10826.t1	A
rna-XM_057802167.1	A	anno1.g10822.t1	A
rna-XM_057802026.1	A	anno1.g10821.t1	A
rna-XM_057802092.1	A	anno1.g10814.t1	A
rna-XM_057802018.1	A	anno1.g10813.t1	A
rna-XM_057802022.1	A	anno1.g11338.t1	A
rna-XM_057802109.1	A	anno1.g11336.t1	A
rna-XM_057802355.1	A	anno1.g11335.t1	A
rna-XM_057802558.1	A	anno1.g11334.t1	A
rna-XM_057802554.1	A	anno1.g11333.t2	A
rna-XM_057802830.1	A	anno1.g2024.t2	A
rna-XM_057802831.1	A	anno1.g2025.t1	A
rna-XM_057802266.1	A	anno1.g2027.t1	A
rna-XM_057802267.1	A	anno1.g2026.t1	A
rna-XM_057802813.1	A	anno1.g7942.t2	A
rna-XM_057802814.1	A	anno1.g6268.t2	A
rna-XM_057802237.1	A	anno1.g98.t1	A
rna-XM_057802091.1	A	anno1.g100.t1	A
rna-XM_057803012.1	A	anno1.g10082.t1	A
rna-XM_057802384.1	A	anno1.g85.t2	A
rna-XM_057803305.1	A	anno1.g9724.t2	A
rna-XM_057802442.1	A	anno1.g84.t1	A
rna-XM_057802552.1	A	anno1.g82.t1	A
rna-XM_057802551.1	A	anno1.g6717.t1	A
rna-XM_057802168.1	A	anno1.g10922.t1	A
rna-XM_057803793.1	A	anno1.g8637.t1	A
rna-XM_057803794.1	A	anno1.g7888.t1	A
rna-XM_057803797.1	A	anno1.g7887.t2	A
rna-XM_057802176.1	A	anno1.g6729.t1	A
rna-XM_057802185.1	A	anno1.g6730.t1	A
rna-XM_057802184.1	A	anno1.g7372.t1	A
rna-XM_057802187.1	A	anno1.g3222.t1	A
rna-XM_057803311.1	A	anno1.g8448.t1	A
rna-XM_057803322.1	A	anno1.g2270.t1	A
rna-XM_057803324.1	A	anno1.g1260.t1	A
rna-XM_057801963.1	A	anno1.g5049.t1	A
rna-XM_057801965.1	A	anno1.g527.t1	A
rna-XM_057801966.1	A	anno1.g6875.t1	A
rna-XM_057801967.1	A	anno1.g5520.t1	A
rna-XM_057801968.1	A	anno1.g493.t1	A
rna-XM_057801971.1	A	anno1.g9874.t1	A
rna-XM_057801969.1	A	anno1.g9400.t1	A
rna-XM_057801972.1	A	anno1.g8285.t1	A
rna-XM_057801973.1	A	anno1.g9880.t2	A
rna-XM_057801975.1	A	anno1.g497.t1	A
rna-XM_057801978.1	A	anno1.g492.t1	A
rna-XM_057801980.1	A	anno1.g5046.t2	A
rna-XM_057801981.1	A	anno1.g5047.t1	A
rna-XM_057802100.1	A	anno1.g496.t1	A
rna-XM_057803175.1	A	anno1.g498.t1	A
rna-XM_057803174.1	A	anno1.g10980.t1	A
rna-XM_057803176.1	A	anno1.g2109.t1	A
rna-XM_057803169.1	A	anno1.g292.t1	A
rna-XM_057803170.1	A	anno1.g10055.t1	A
rna-XM_057802641.1	A	anno1.g2187.t1	A
rna-XM_057802153.1	A	anno1.g2186.t1	A
rna-XM_057803162.1	A	anno1.g9113.t1	A
rna-XM_057803166.1	A	anno1.g8397.t2	A
rna-XM_057803158.1	A	anno1.g9114.t1	A
rna-XM_057803159.1	A	anno1.g9969.t1	A
rna-XM_057803167.1	A	anno1.g9364.t1	A
rna-XM_057801766.1	A	anno1.g9363.t1	A
rna-XM_057803329.1	A	anno1.g9362.t1	A
rna-XM_057801769.1	A	anno1.g8700.t1	A
rna-XM_057801773.1	A	anno1.g9352.t1	A
rna-XM_057801778.1	A	anno1.g9967.t1	A
rna-XM_057803331.1	A	anno1.g9966.t1	A
rna-XM_057801779.1	A	anno1.g9964.t1	A
rna-XM_057801786.1	A	anno1.g12308.t2	X
rna-XM_057803335.1	A	anno1.g11255.t2	A
rna-XM_057801787.1	A	anno1.g11254.t1	A
rna-XM_057801790.1	A	anno1.g189.t1	A
rna-XM_057801795.1	A	anno1.g805.t1	A
rna-XM_057801797.1	A	anno1.g1794.t1	A
rna-XM_057801799.1	A	anno1.g217.t1	A
rna-XM_057801801.1	A	anno1.g219.t1	A
rna-XM_057801802.1	A	anno1.g218.t1	A
rna-XM_057801804.1	A	anno1.g2778.t1	A
rna-XM_057801803.1	A	anno1.g6205.t1	A
rna-XM_057801805.1	A	anno1.g230.t1	A
rna-XM_057801807.1	A	anno1.g10297.t1	A
rna-XM_057801808.1	A	anno1.g822.t1	A
rna-XM_057801812.1	A	anno1.g5563.t1	A
rna-XM_057801820.1	A	anno1.g251.t1	A
rna-XM_057801818.1	A	anno1.g229.t1	A
rna-XM_057801821.1	A	anno1.g276.t1	A
rna-XM_057801825.1	A	anno1.g274.t1	A
rna-XM_057801831.1	A	anno1.g284.t3	A
rna-XM_057801836.1	A	anno1.g337.t1	A
rna-XM_057801837.1	A	anno1.g10257.t2	A
rna-XM_057801838.1	A	anno1.g3141.t1	A
rna-XM_057801847.1	A	anno1.g10267.t1	A
rna-XM_057801839.1	A	anno1.g10263.t1	A
rna-XM_057801849.1	A	anno1.g10262.t1	A
rna-XM_057801848.1	A	anno1.g10265.t1	A
rna-XM_057801844.1	A	anno1.g10253.t1	A
rna-XM_057801846.1	A	anno1.g10255.t1	A
rna-XM_057801858.1	A	anno1.g10256.t2	A
rna-XM_057801851.1	A	anno1.g10266.t1	A
rna-XM_057801854.1	A	anno1.g310.t2	A
rna-XM_057801862.1	A	anno1.g130.t1	A
rna-XM_057801861.1	A	anno1.g129.t1	A
rna-XM_057801863.1	A	anno1.g128.t1	A
rna-XM_057801864.1	A	anno1.g127.t1	A
rna-XM_057801865.1	A	anno1.g126.t1	A
rna-XM_057801871.1	A	anno1.g142.t1	A
rna-XM_057802826.1	A	anno1.g206.t1	A
rna-XM_057803338.1	A	anno1.g9984.t1	A
rna-XM_057801994.1	A	anno1.g10248.t1	A
rna-XM_057803763.1	A	anno1.g2183.t1	A
rna-XM_057802572.1	A	anno1.g2182.t3	A
rna-XM_057802589.1	A	anno1.g4615.t2	A
rna-XM_057803767.1	A	anno1.g2162.t1	A
rna-XM_057802074.1	A	anno1.g3216.t1	A
rna-XM_057802072.1	A	anno1.g2163.t3	A
rna-XM_057802077.1	A	anno1.g8791.t3	A
rna-XM_057802075.1	A	anno1.g3476.t1	A
rna-XM_057802076.1	A	anno1.g3218.t1	A
rna-XM_057802081.1	A	anno1.g3217.t2	A
rna-XM_057803753.1	A	anno1.g6912.t1	A
rna-XM_057803754.1	A	anno1.g6906.t1	A
rna-XM_057803755.1	A	anno1.g6907.t1	A
rna-XM_057803751.1	A	anno1.g1757.t1	A
rna-XM_057803752.1	A	anno1.g6908.t1	A
rna-XM_057803747.1	A	anno1.g6905.t1	A
rna-XM_057801727.1	A	anno1.g6910.t1	A
rna-XM_057801726.1	A	anno1.g6911.t1	A
rna-XM_057802067.1	A	anno1.g6925.t1	A
rna-XM_057802406.1	A	anno1.g6923.t1	A
rna-XM_057802274.1	A	anno1.g6922.t1	A
rna-XM_057803472.1	A	anno1.g6921.t1	A
rna-XM_057803491.1	A	anno1.g8504.t1	A
rna-XM_057803473.1	A	anno1.g12144.t1	X
rna-XM_057803478.1	A	anno1.g6926.t2	A
rna-XM_057803476.1	A	anno1.g6927.t1	A
rna-XM_057803339.1	A	anno1.g6928.t1	A
rna-XM_057803492.1	A	anno1.g3221.t1	A
rna-XM_057803485.1	A	anno1.g8643.t1	A
rna-XM_057803489.1	A	anno1.g11257.t1	A
rna-XM_057803481.1	A	anno1.g8644.t1	A
rna-XM_057803477.1	A	anno1.g5383.t1	A
rna-XM_057803479.1	A	anno1.g5385.t1	A
rna-XM_057803490.1	A	anno1.g5388.t1	A
rna-XM_057803484.1	A	anno1.g9107.t1	A
rna-XM_057803480.1	A	anno1.g9106.t1	A
rna-XM_057803486.1	A	anno1.g9105.t1	A
rna-XM_057802378.1	A	anno1.g5115.t1	A
rna-XM_057802023.1	A	anno1.g9108.t1	A
rna-XM_057802084.1	A	anno1.g9110.t1	A
rna-XM_057802360.1	A	anno1.g9112.t1	A
rna-XM_057802364.1	A	anno1.g3888.t1	A
rna-XM_057802363.1	A	anno1.g2185.t2	A
rna-XM_057803737.1	A	anno1.g7999.t2	A
rna-XM_057803744.1	A	anno1.g1505.t1	A
rna-XM_057803743.1	A	anno1.g9055.t2	A
rna-XM_057803742.1	A	anno1.g998.t1	A
rna-XM_057803740.1	A	anno1.g1501.t1	A
rna-XM_057803733.1	A	anno1.g9046.t1	A
rna-XM_057803735.1	A	anno1.g9941.t1	A
rna-XM_057803728.1	A	anno1.g2460.t1	A
rna-XM_057802106.1	A	anno1.g7026.t2	A
rna-XM_057803848.1	A	anno1.g7104.t1	A
rna-XM_057803392.1	A	anno1.g11132.t1	A
rna-XM_057803395.1	A	anno1.g322.t2	A
rna-XM_057802822.1	A	anno1.g378.t1	A
rna-XM_057803341.1	A	anno1.g9331.t1	A
rna-XM_057802604.1	A	anno1.g3303.t1	A
rna-XM_057802603.1	A	anno1.g8809.t2	A
rna-XM_057801743.1	A	anno1.g416.t2	A
rna-XM_057802449.1	A	anno1.g426.t2	A
rna-XM_057803787.1	A	anno1.g425.t2	A
rna-XM_057802280.1	A	anno1.g3200.t1	A
rna-XM_057802281.1	A	anno1.g2349.t1	A
rna-XM_057802282.1	A	anno1.g932.t1	A
rna-XM_057801920.1	A	anno1.g7539.t1	A
rna-XM_057803342.1	A	anno1.g7538.t1	A
rna-XM_057803679.1	A	anno1.g3275.t1	A
rna-XM_057803682.1	A	anno1.g3276.t1	A
rna-XM_057803681.1	A	anno1.g10540.t1	A
rna-XM_057803683.1	A	anno1.g7847.t1	A
rna-XM_057803770.1	A	anno1.g7944.t2	A
rna-XM_057802821.1	A	anno1.g7947.t1	A
rna-XM_057803049.1	A	anno1.g10107.t1	A
rna-XM_057803059.1	A	anno1.g9654.t1	A
rna-XM_057803042.1	A	anno1.g1636.t1	A
rna-XM_057803065.1	A	anno1.g9223.t1	A
rna-XM_057803044.1	A	anno1.g9323.t1	A
rna-XM_057803046.1	A	anno1.g8856.t1	A
rna-XM_057803036.1	A	anno1.g8524.t2	A
rna-XM_057803063.1	A	anno1.g8523.t1	A
rna-XM_057803530.1	A	anno1.g8522.t1	A
rna-XM_057803525.1	A	anno1.g8521.t1	A
rna-XM_057803522.1	A	anno1.g1206.t1	A
rna-XM_057803536.1	A	anno1.g1207.t1	A
rna-XM_057803537.1	A	anno1.g1208.t1	A
rna-XM_057803565.1	A	anno1.g6283.t1	A
rna-XM_057803572.1	A	anno1.g6430.t1	A
rna-XM_057803551.1	A	anno1.g6428.t4	A
rna-XM_057803571.1	A	anno1.g6426.t1	A
rna-XM_057803569.1	A	anno1.g6425.t1	A
rna-XM_057803577.1	A	anno1.g6147.t1	A
rna-XM_057803573.1	A	anno1.g7432.t1	A
rna-XM_057803578.1	A	anno1.g6336.t1	A
rna-XM_057803581.1	A	anno1.g548.t1	A
rna-XM_057803592.1	A	anno1.g6195.t1	A
rna-XM_057803587.1	A	anno1.g7837.t1	A
rna-XM_057803582.1	A	anno1.g7838.t1	A
rna-XM_057803600.1	A	anno1.g7936.t1	A
rna-XM_057803603.1	A	anno1.g7937.t1	A
rna-XM_057803344.1	A	anno1.g3660.t1	A
rna-XM_057802170.1	A	anno1.both_agree_g13101.t1	A
rna-XM_057802582.1	A	anno1.g7938.t1	A
rna-XM_057802583.1	A	anno1.g4805.t1	A
rna-XM_057803646.1	A	anno1.g7940.t1	A
rna-XM_057803647.1	A	anno1.g8892.t1	A
rna-XM_057803650.1	A	anno1.g7841.t1	A
rna-XM_057803649.1	A	anno1.g7776.t2	A
rna-XM_057803648.1	A	anno1.g2602.t1	A
rna-XM_057803285.1	A	anno1.g11046.t1	A
rna-XM_057803281.1	A	anno1.g11050.t1	A
rna-XM_057803283.1	A	anno1.g11047.t2	A
rna-XM_057802301.1	A	anno1.g9589.t1	A
rna-XM_057801930.1	A	anno1.g11054.t1	A
rna-XM_057801909.1	A	anno1.g8688.t1	A
rna-XM_057803071.1	A	anno1.g8937.t1	A
rna-XM_057802032.1	A	anno1.g6253.t1	A
rna-XM_057802031.1	A	anno1.g1851.t2	A
rna-XM_057802034.1	A	anno1.g1892.t1	A
rna-XM_057802663.1	A	anno1.g1891.t1	A
rna-XM_057802011.1	A	anno1.g1328.t1	A
rna-XM_057802013.1	A	anno1.g9541.t2	A
rna-XM_057802002.1	A	anno1.g2015.t2	A
rna-XM_057802008.1	A	anno1.g1897.t1	A
rna-XM_057802010.1	A	anno1.g1896.t1	A
rna-XM_057802159.1	A	anno1.g7405.t1	A
rna-XM_057802520.1	A	anno1.g7404.t1	A
rna-XM_057803354.1	A	anno1.g5328.t1	A
rna-XM_057802595.1	A	anno1.g3201.t1	A
rna-XM_057802596.1	A	anno1.g3202.t1	A
rna-XM_057802496.1	A	anno1.g3854.t1	A
rna-XM_057802497.1	A	anno1.g5329.t1	A
rna-XM_057802559.1	A	anno1.g2280.t1	A
rna-XM_057802560.1	A	anno1.g2278.t1	A
rna-XM_057802295.1	A	anno1.g2276.t1	A
rna-XM_057802323.1	A	anno1.g2266.t1	A
rna-XM_057801630.1	A	anno1.g5390.t2	A
rna-XM_057801631.1	A	anno1.g5391.t1	A
rna-XM_057801633.1	A	anno1.g2504.t1	A
rna-XM_057802644.1	A	anno1.g5199.t1	A
rna-XM_057802210.1	A	anno1.g5297.t1	A
rna-XM_057801927.1	A	anno1.g5804.t1	A
rna-XM_057802348.1	A	anno1.g5299.t1	A
rna-XM_057802227.1	A	anno1.g534.t1	A
rna-XM_057802226.1	A	anno1.g5298.t1	A
rna-XM_057802329.1	A	anno1.g5800.t1	A
rna-XM_057802331.1	A	anno1.g2403.t1	A
rna-XM_057802333.1	A	anno1.g2404.t1	A
rna-XM_057802336.1	A	anno1.g6551.t1	A
rna-XM_057802335.1	A	anno1.g5296.t1	A
rna-XM_057801891.1	A	anno1.g5292.t2	A
rna-XM_057802365.1	A	anno1.g5295.t2	A
rna-XM_057802366.1	A	anno1.g8932.t1	A
rna-XM_057802369.1	A	anno1.g2274.t1	A
rna-XM_057801936.1	A	anno1.g4741.t1	A
rna-XM_057802643.1	A	anno1.g4383.t1	A
rna-XM_057802584.1	A	anno1.g4744.t2	A
rna-XM_057802370.1	A	anno1.g4743.t1	A
rna-XM_057802224.1	A	anno1.g4742.t3	A
rna-XM_057802097.1	A	anno1.g4740.t1	A
rna-XM_057801763.1	A	anno1.g6112.t1	A
rna-XM_057801762.1	A	anno1.g4374.t1	A
rna-XM_057802238.1	A	anno1.g4376.t1	A
rna-XM_057802372.1	A	anno1.g4377.t1	A
rna-XM_057802492.1	A	anno1.g7509.t1	A
rna-XM_057802294.1	A	anno1.g7508.t1	A
rna-XM_057802171.1	A	anno1.g379.t1	A
rna-XM_057802172.1	A	anno1.g380.t1	A
rna-XM_057802351.1	A	anno1.g8049.t1	A
rna-XM_057802353.1	A	anno1.g8612.t1	A
rna-XM_057803357.1	A	anno1.g8613.t1	A
rna-XM_057802299.1	A	anno1.g8834.t1	A
rna-XM_057802455.1	A	anno1.g7578.t2	A
rna-XM_057802526.1	A	anno1.g5956.t1	A
rna-XM_057803358.1	A	anno1.g11253.t1	A
rna-XM_057802680.1	A	anno1.g11252.t1	A
rna-XM_057803360.1	A	anno1.g5630.t1	A
rna-XM_057802681.1	A	anno1.g6933.t1	A
rna-XM_057802686.1	A	anno1.g6932.t3	A
rna-XM_057802696.1	A	anno1.g5556.t1	A
rna-XM_057802694.1	A	anno1.g9658.t1	A
rna-XM_057802699.1	A	anno1.g7511.t1	A
rna-XM_057802700.1	A	anno1.g7747.t1	A
rna-XM_057802701.1	A	anno1.g10303.t1	A
rna-XM_057802702.1	A	anno1.g10376.t1	A
rna-XM_057802708.1	A	anno1.g10375.t1	A
rna-XM_057802713.1	A	anno1.g6196.t1	A
rna-XM_057802724.1	A	anno1.g6545.t1	A
rna-XM_057802731.1	A	anno1.g1729.t1	A
rna-XM_057802734.1	A	anno1.g1401.t1	A
rna-XM_057803365.1	A	anno1.g504.t1	A
rna-XM_057802771.1	A	anno1.g9671.t2	A
rna-XM_057802781.1	A	anno1.g9401.t1	A
rna-XM_057802753.1	A	anno1.g2720.t1	A
rna-XM_057802784.1	A	anno1.g9748.t1	A
rna-XM_057802773.1	A	anno1.g6204.t1	A
rna-XM_057802787.1	A	anno1.g4891.t2	A
rna-XM_057802790.1	A	anno1.g6743.t1	A
rna-XM_057802809.1	A	anno1.g6744.t1	A
rna-XM_057802794.1	A	anno1.g9735.t1	A
rna-XM_057802453.1	A	anno1.g8051.t1	A
rna-XM_057802410.1	A	anno1.g8050.t1	A
rna-XM_057803411.1	A	anno1.g11250.t2	A
rna-XM_057802383.1	A	anno1.g7081.t1	A
rna-XM_057802044.1	A	anno1.g4002.t1	A
rna-XM_057802236.1	A	anno1.g4061.t1	A
rna-XM_057802111.1	A	anno1.g7909.t1	A
rna-XM_057802110.1	A	anno1.g3609.t1	A
rna-XM_057802112.1	A	anno1.g7086.t1	A
rna-XM_057802547.1	A	anno1.g3959.t1	A
rna-XM_057803814.1	A	anno1.g7897.t1	A
rna-XM_057803816.1	A	anno1.g4052.t1	A
rna-XM_057801926.1	A	anno1.g7898.t1	A
rna-XM_057802484.1	A	anno1.g4784.t1	A
rna-XM_057802291.1	A	anno1.g4953.t1	A
rna-XM_057802102.1	A	anno1.g4785.t1	A
rna-XM_057802103.1	A	anno1.g4573.t1	A
rna-XM_057802104.1	A	anno1.g7702.t1	A
rna-XM_057802877.1	A	anno1.g4772.t1	A
rna-XM_057802886.1	A	anno1.g4771.t1	A
rna-XM_057802882.1	A	anno1.g4777.t1	A
rna-XM_057802885.1	A	anno1.g4776.t2	A
rna-XM_057802878.1	A	anno1.g7448.t1	A
rna-XM_057802884.1	A	anno1.g7450.t1	A
rna-XM_057802889.1	A	anno1.g7247.t1	A
rna-XM_057802890.1	A	anno1.g6986.t3	A
rna-XM_057802891.1	A	anno1.g7804.t1	A
rna-XM_057802893.1	A	anno1.g4572.t1	A
rna-XM_057802894.1	A	anno1.g5022.t1	A
rna-XM_057802896.1	A	anno1.g5023.t2	A
rna-XM_057802899.1	A	anno1.g5309.t1	A
rna-XM_057802909.1	A	anno1.g5021.t1	A
rna-XM_057802903.1	A	anno1.g5020.t1	A
rna-XM_057802902.1	A	anno1.g5018.t1	A
rna-XM_057802908.1	A	anno1.g5017.t1	A
rna-XM_057802898.1	A	anno1.g5019.t1	A
rna-XM_057802905.1	A	anno1.g4775.t2	A
rna-XM_057802900.1	A	anno1.g4774.t1	A
rna-XM_057802904.1	A	anno1.g12123.t1	X
rna-XM_057802915.1	A	anno1.g7730.t1	A
rna-XM_057802910.1	A	anno1.g7064.t4	A
rna-XM_057802914.1	A	anno1.g5028.t1	A
rna-XM_057802922.1	A	anno1.g7331.t1	A
rna-XM_057802955.1	A	anno1.g7333.t1	A
rna-XM_057802930.1	A	anno1.g8708.t1	A
rna-XM_057802920.1	A	anno1.g8284.t1	A
rna-XM_057802948.1	A	anno1.g5521.t1	A
rna-XM_057802944.1	A	anno1.g8617.t1	A
rna-XM_057802940.1	A	anno1.g1988.t1	A
rna-XM_057802924.1	A	anno1.g4724.t1	A
rna-XM_057802945.1	A	anno1.g8258.t1	A
rna-XM_057802941.1	A	anno1.g8259.t1	A
rna-XM_057802949.1	A	anno1.g8255.t1	A
rna-XM_057803384.1	A	anno1.g8254.t1	A
rna-XM_057802956.1	A	anno1.g9577.t1	A
rna-XM_057802938.1	A	anno1.g8400.t1	A
rna-XM_057802954.1	A	anno1.g8398.t1	A
rna-XM_057802952.1	A	anno1.g8401.t1	A
rna-XM_057802927.1	A	anno1.g4222.t1	A
rna-XM_057802935.1	A	anno1.g4218.t1	A
rna-XM_057802959.1	A	anno1.g4578.t1	A
rna-XM_057802957.1	A	anno1.g4577.t1	A
rna-XM_057802961.1	A	anno1.g4574.t1	A
rna-XM_057802960.1	A	anno1.g10090.t1	A
rna-XM_057802963.1	A	anno1.g11142.t1	A
rna-XM_057802965.1	A	anno1.g11199.t1	A
rna-XM_057802966.1	A	anno1.g11045.t1	A
rna-XM_057802970.1	A	anno1.g2032.t1	A
rna-XM_057802973.1	A	anno1.g2034.t1	A
rna-XM_057802981.1	A	anno1.g1007.t2	A
rna-XM_057802976.1	A	anno1.g2035.t1	A
rna-XM_057802975.1	A	anno1.g10926.t1	A
rna-XM_057802983.1	A	anno1.g10560.t1	A
rna-XM_057802987.1	A	anno1.g10559.t1	A
rna-XM_057801718.1	A	anno1.g10558.t1	A
rna-XM_057801719.1	A	anno1.g10557.t1	A
rna-XM_057801720.1	A	anno1.g10925.t1	A
rna-XM_057802519.1	A	anno1.g6930.t1	A
rna-XM_057803801.1	A	anno1.g744.t1	A
rna-XM_057803800.1	A	anno1.g11975.t1	X
rna-XM_057803798.1	A	anno1.g3898.t3	A
rna-XM_057802108.1	A	anno1.g5742.t1	A
rna-XM_057803463.1	A	anno1.g8707.t1	A
rna-XM_057803464.1	A	anno1.g7336.t1	A
rna-XM_057802863.1	A	anno1.g7332.t1	A
rna-XM_057801897.1	A	anno1.g7535.t2	A
rna-XM_057801905.1	A	anno1.g7534.t3	A
rna-XM_057802145.1	A	anno1.g7533.t1	A
rna-XM_057802207.1	A	anno1.g7531.t1	A
rna-XM_057801734.1	A	anno1.g9634.t1	A
rna-XM_057801737.1	A	anno1.g9635.t1	A
rna-XM_057802028.1	A	anno1.g9633.t1	A
rna-XM_057802057.1	A	anno1.g4077.t1	A
rna-XM_057803638.1	A	anno1.g3948.t1	A
rna-XM_057803640.1	A	anno1.g3949.t1	A
rna-XM_057803641.1	A	anno1.g4058.t2	A
rna-XM_057803632.1	A	anno1.g4060.t1	A
rna-XM_057804103.1	A	anno1.g9890.t1	A
rna-XM_057804154.1	A	anno1.g2330.t1	A
rna-XM_057804144.1	A	anno1.g2331.t1	A
rna-XM_057804145.1	A	anno1.g8167.t1	A
rna-XM_057804148.1	A	anno1.g355.t1	A
rna-XM_057804297.1	A	anno1.g4759.t1	A
rna-XM_057804717.1	A	anno1.g4754.t1	A
rna-XM_057804083.1	A	anno1.g4661.t1	A
rna-XM_057804164.1	A	anno1.g4664.t2	A
rna-XM_057804065.1	A	anno1.g4665.t3	A
rna-XM_057805262.1	A	anno1.g4668.t1	A
rna-XM_057803978.1	A	anno1.g4672.t1	A
rna-XM_057804172.1	A	anno1.g9482.t1	A
rna-XM_057804173.1	A	anno1.g9661.t1	A
rna-XM_057804263.1	A	anno1.g9465.t1	A
rna-XM_057804566.1	A	anno1.g9467.t1	A
rna-XM_057804567.1	A	anno1.g9466.t1	A
rna-XM_057804276.1	A	anno1.g9468.t1	A
rna-XM_057804465.1	A	anno1.g9471.t2	A
rna-XM_057804393.1	A	anno1.g9472.t1	A
rna-XM_057804285.1	A	anno1.g9473.t3	A
rna-XM_057804236.1	A	anno1.g9478.t3	A
rna-XM_057804391.1	A	anno1.g9481.t1	A
rna-XM_057804482.1	A	anno1.g2588.t1	A
rna-XM_057805067.1	A	anno1.g10566.t2	A
rna-XM_057805074.1	A	anno1.g10862.t2	A
rna-XM_057804922.1	A	anno1.g737.t1	A
rna-XM_057804925.1	A	anno1.g10019.t1	A
rna-XM_057804926.1	A	anno1.g10020.t1	A
rna-XM_057804604.1	A	anno1.g10021.t2	A
rna-XM_057804616.1	A	anno1.g11264.t1	A
rna-XM_057804617.1	A	anno1.g10022.t1	A
rna-XM_057805121.1	A	anno1.g2670.t1	A
rna-XM_057805122.1	A	anno1.g9768.t1	A
rna-XM_057805002.1	A	anno1.g11265.t1	A
rna-XM_057805001.1	A	anno1.g735.t1	A
rna-XM_057804929.1	A	anno1.g2335.t1	A
rna-XM_057804930.1	A	anno1.g10593.t1	A
rna-XM_057805195.1	A	anno1.g10977.t2	A
rna-XM_057804080.1	A	anno1.g8279.t1	A
rna-XM_057804941.1	A	anno1.g9695.t1	A
rna-XM_057804944.1	A	anno1.g8273.t1	A
rna-XM_057804945.1	A	anno1.g4910.t1	A
rna-XM_057804949.1	A	anno1.g4911.t1	A
rna-XM_057804952.1	A	anno1.g4912.t1	A
rna-XM_057804953.1	A	anno1.g2245.t1	A
rna-XM_057804950.1	A	anno1.g2246.t1	A
rna-XM_057804955.1	A	anno1.g8099.t1	A
rna-XM_057804963.1	A	anno1.g8098.t1	A
rna-XM_057804964.1	A	anno1.g9660.t1	A
rna-XM_057804971.1	A	anno1.g8097.t1	A
rna-XM_057804961.1	A	anno1.g8096.t1	A
rna-XM_057804973.1	A	anno1.g8266.t1	A
rna-XM_057804958.1	A	anno1.g9.t1	A
rna-XM_057804957.1	A	anno1.g4823.t1	A
rna-XM_057804959.1	A	anno1.g4907.t1	A
rna-XM_057804975.1	A	anno1.g4906.t1	A
rna-XM_057804960.1	A	anno1.g8124.t1	A
rna-XM_057804969.1	A	anno1.g8162.t1	A
rna-XM_057804968.1	A	anno1.g8267.t1	A
rna-XM_057804972.1	A	anno1.g8268.t1	A
rna-XM_057804967.1	A	anno1.g8272.t1	A
rna-XM_057804851.1	A	anno1.g9663.t1	A
rna-XM_057804861.1	A	anno1.g3847.t1	A
rna-XM_057804857.1	A	anno1.g3849.t1	A
rna-XM_057804865.1	A	anno1.g3848.t1	A
rna-XM_057804866.1	A	anno1.g3850.t2	A
rna-XM_057804880.1	A	anno1.g3509.t2	A
rna-XM_057804875.1	A	anno1.g3461.t1	A
rna-XM_057804879.1	A	anno1.g4004.t1	A
rna-XM_057804882.1	A	anno1.g3462.t2	A
rna-XM_057804902.1	A	anno1.g10667.t1	A
rna-XM_057804899.1	A	anno1.g3463.t1	A
rna-XM_057804900.1	A	anno1.g4020.t1	A
rna-XM_057804901.1	A	anno1.g9613.t1	A
rna-XM_057804909.1	A	anno1.g9600.t1	A
rna-XM_057804906.1	A	anno1.g9599.t1	A
rna-XM_057804886.1	A	anno1.g9598.t1	A
rna-XM_057804911.1	A	anno1.g9597.t2	A
rna-XM_057804914.1	A	anno1.g9596.t1	A
rna-XM_057804918.1	A	anno1.g8315.t1	A
rna-XM_057804919.1	A	anno1.g6121.t1	A
rna-XM_057804915.1	A	anno1.g3912.t1	A
rna-XM_057804920.1	A	anno1.g1500.t1	A
rna-XM_057804725.1	A	anno1.g572.t1	A
rna-XM_057804726.1	A	anno1.g8188.t1	A
rna-XM_057804733.1	A	anno1.g8158.t2	A
rna-XM_057804730.1	A	anno1.g8161.t1	A
rna-XM_057804732.1	A	anno1.g8160.t2	A
rna-XM_057804603.1	A	anno1.g11692.t1	X
rna-XM_057804746.1	A	anno1.g4670.t1	A
rna-XM_057804600.1	A	anno1.g4313.t1	A
rna-XM_057804586.1	A	anno1.g7056.t1	A
rna-XM_057804587.1	A	anno1.g7054.t1	A
rna-XM_057804618.1	A	anno1.g1976.t1	A
rna-XM_057804621.1	A	anno1.g10680.t1	A
rna-XM_057804622.1	A	anno1.g516.t1	A
rna-XM_057804623.1	A	anno1.g515.t1	A
rna-XM_057804405.1	A	anno1.g1475.t1	A
rna-XM_057804583.1	A	anno1.g3086.t1	A
rna-XM_057804578.1	A	anno1.g3085.t1	A
rna-XM_057803885.1	A	anno1.g3084.t1	A
rna-XM_057803893.1	A	anno1.g329.t1	A
rna-XM_057803892.1	A	anno1.g2979.t1	A
rna-XM_057803889.1	A	anno1.g2981.t2	A
rna-XM_057803881.1	A	anno1.g2984.t1	A
rna-XM_057803928.1	A	anno1.g2983.t1	A
rna-XM_057803951.1	A	anno1.g7406.t1	A
rna-XM_057803956.1	A	anno1.g2982.t1	A
rna-XM_057803930.1	A	anno1.g2978.t1	A
rna-XM_057803958.1	A	anno1.g2976.t1	A
rna-XM_057803952.1	A	anno1.g3795.t2	A
rna-XM_057803954.1	A	anno1.g3918.t1	A
rna-XM_057803923.1	A	anno1.g3917.t1	A
rna-XM_057803943.1	A	anno1.g3680.t1	A
rna-XM_057803955.1	A	anno1.g3685.t1	A
rna-XM_057803937.1	A	anno1.g3087.t1	A
rna-XM_057803945.1	A	anno1.g5179.t1	A
rna-XM_057803940.1	A	anno1.g1202.t1	A
rna-XM_057803932.1	A	anno1.g6690.t1	A
rna-XM_057803939.1	A	anno1.g5180.t1	A
rna-XM_057803946.1	A	anno1.g5178.t1	A
rna-XM_057804224.1	A	anno1.g5103.t1	A
rna-XM_057804203.1	A	anno1.g5105.t1	A
rna-XM_057804221.1	A	anno1.g5102.t1	A
rna-XM_057804214.1	A	anno1.g5101.t3	A
rna-XM_057804225.1	A	anno1.g5100.t1	A
rna-XM_057804226.1	A	anno1.g5096.t1	A
rna-XM_057804758.1	A	anno1.g5117.t2	A
rna-XM_057805085.1	A	anno1.g7010.t1	A
rna-XM_057805081.1	A	anno1.g7011.t2	A
rna-XM_057805082.1	A	anno1.g7009.t1	A
rna-XM_057805083.1	A	anno1.g7561.t2	A
rna-XM_057805090.1	A	anno1.g7008.t1	A
rna-XM_057805095.1	A	anno1.g7012.t1	A
rna-XM_057805097.1	A	anno1.g3270.t1	A
rna-XM_057805091.1	A	anno1.g7015.t1	A
rna-XM_057805094.1	A	anno1.g3089.t1	A
rna-XM_057805098.1	A	anno1.g5073.t1	A
rna-XM_057805096.1	A	anno1.g5072.t1	A
rna-XM_057805093.1	A	anno1.g3215.t1	A
rna-XM_057805110.1	A	anno1.g3093.t1	A
rna-XM_057805101.1	A	anno1.g3092.t1	A
rna-XM_057805102.1	A	anno1.g11888.t1	X
rna-XM_057805104.1	A	anno1.g3091.t1	A
rna-XM_057805111.1	A	anno1.g5074.t1	A
rna-XM_057805112.1	A	anno1.g5628.t1	A
rna-XM_057805114.1	A	anno1.g5113.t1	A
rna-XM_057805116.1	A	anno1.g3944.t1	A
rna-XM_057805115.1	A	anno1.g5629.t1	A
rna-XM_057805120.1	A	anno1.g5114.t1	A
rna-XM_057804452.1	A	anno1.g3676.t1	A
rna-XM_057804459.1	A	anno1.g3678.t1	A
rna-XM_057804458.1	A	anno1.g3677.t1	A
rna-XM_057804343.1	A	anno1.g7057.t1	A
rna-XM_057804344.1	A	anno1.g7058.t1	A
rna-XM_057805035.1	A	anno1.g7060.t1	A
rna-XM_057804410.1	A	anno1.g7061.t1	A
rna-XM_057804568.1	A	anno1.g6918.t1	A
rna-XM_057804231.1	A	anno1.g6916.t1	A
rna-XM_057804234.1	A	anno1.g6915.t1	A
rna-XM_057804227.1	A	anno1.g6914.t2	A
rna-XM_057803906.1	A	anno1.g3684.t1	A
rna-XM_057804325.1	A	anno1.g7596.t1	A
rna-XM_057804295.1	A	anno1.g7595.t1	A
rna-XM_057804061.1	A	anno1.g3930.t1	A
rna-XM_057804788.1	A	anno1.g9815.t1	A
rna-XM_057804794.1	A	anno1.g8721.t1	A
rna-XM_057804791.1	A	anno1.g8260.t1	A
rna-XM_057804792.1	A	anno1.g8261.t1	A
rna-XM_057803971.1	A	anno1.g8730.t1	A
rna-XM_057803974.1	A	anno1.g8406.t2	A
rna-XM_057804976.1	A	anno1.g2928.t3	A
rna-XM_057804625.1	A	anno1.g8244.t1	A
rna-XM_057804627.1	A	anno1.g1189.t1	A
rna-XM_057804280.1	A	anno1.g7024.t1	A
rna-XM_057803909.1	A	anno1.g8429.t2	A
rna-XM_057803915.1	A	anno1.g11268.t1	A
rna-XM_057803912.1	A	anno1.g2847.t1	A
rna-XM_057805169.1	A	anno1.g2848.t1	A
rna-XM_057805150.1	A	anno1.g2855.t1	A
rna-XM_057805170.1	A	anno1.g3969.t1	A
rna-XM_057805142.1	A	anno1.g3996.t1	A
rna-XM_057805143.1	A	anno1.g4980.t1	A
rna-XM_057805147.1	A	anno1.g9895.t1	A
rna-XM_057805167.1	A	anno1.g977.t1	A
rna-XM_057805158.1	A	anno1.g8182.t2	A
rna-XM_057805168.1	A	anno1.g1683.t1	A
rna-XM_057805160.1	A	anno1.g3159.t1	A
rna-XM_057805162.1	A	anno1.g8884.t2	A
rna-XM_057805166.1	A	anno1.g5182.t1	A
rna-XM_057805159.1	A	anno1.g9710.t1	A
rna-XM_057805146.1	A	anno1.g6236.t1	A
rna-XM_057805151.1	A	anno1.g7544.t2	A
rna-XM_057805165.1	A	anno1.g7543.t1	A
rna-XM_057805171.1	A	anno1.g6952.t1	A
rna-XM_057805173.1	A	anno1.g6097.t1	A
rna-XM_057805177.1	A	anno1.g6103.t1	A
rna-XM_057805176.1	A	anno1.g10607.t1	A
rna-XM_057805181.1	A	anno1.g6488.t1	A
rna-XM_057805182.1	A	anno1.g6705.t1	A
rna-XM_057805185.1	A	anno1.g6563.t1	A
rna-XM_057805186.1	A	anno1.g8844.t1	A
rna-XM_057805188.1	A	anno1.g8845.t1	A
rna-XM_057804176.1	A	anno1.g10209.t1	A
rna-XM_057804565.1	A	anno1.g6497.t1	A
rna-XM_057804408.1	A	anno1.g8104.t1	A
rna-XM_057804591.1	A	anno1.g3478.t1	A
rna-XM_057804418.1	A	anno1.g8389.t1	A
rna-XM_057804330.1	A	anno1.g11221.t1	A
rna-XM_057804331.1	A	anno1.g3527.t1	A
rna-XM_057804338.1	A	anno1.g3654.t1	A
rna-XM_057804337.1	A	anno1.g7752.t1	A
rna-XM_057805030.1	A	anno1.g3972.t1	A
rna-XM_057804314.1	A	anno1.g1060.t1	A
rna-XM_057804299.1	A	anno1.g10241.t1	A
rna-XM_057804313.1	A	anno1.g10240.t1	A
rna-XM_057804316.1	A	anno1.g2540.t1	A
rna-XM_057804317.1	A	anno1.g12034.t1	X
rna-XM_057804319.1	A	anno1.g2541.t1	A
rna-XM_057804089.1	A	anno1.g2606.t1	A
rna-XM_057804088.1	A	anno1.g5829.t1	A
rna-XM_057804770.1	A	anno1.g2546.t1	A
rna-XM_057804771.1	A	anno1.g2542.t1	A
rna-XM_057804765.1	A	anno1.g2543.t1	A
rna-XM_057804350.1	A	anno1.g3698.t1	A
rna-XM_057804340.1	A	anno1.g3695.t1	A
rna-XM_057804162.1	A	anno1.g8890.t1	A
rna-XM_057804991.1	A	anno1.g8021.t2	A
rna-XM_057804988.1	A	anno1.g8193.t1	A
rna-XM_057804576.1	A	anno1.g8194.t2	A
rna-XM_057804068.1	A	anno1.g8195.t1	A
rna-XM_057804184.1	A	anno1.g11298.t1	A
rna-XM_057804423.1	A	anno1.g4381.t1	A
rna-XM_057804424.1	A	anno1.g3400.t1	A
rna-XM_057804629.1	A	anno1.g10623.t1	A
rna-XM_057804632.1	A	anno1.g2535.t2	A
rna-XM_057804631.1	A	anno1.g11263.t1	A
rna-XM_057804630.1	A	anno1.g5684.t1	A
rna-XM_057804635.1	A	anno1.g10014.t1	A
rna-XM_057804641.1	A	anno1.g9405.t1	A
rna-XM_057804636.1	A	anno1.g11244.t2	A
rna-XM_057804639.1	A	anno1.g1181.t1	A
rna-XM_057805039.1	A	anno1.g1814.t1	A
rna-XM_057805041.1	A	anno1.g5813.t2	A
rna-XM_057805044.1	A	anno1.g5814.t1	A
rna-XM_057805045.1	A	anno1.g5815.t1	A
rna-XM_057805048.1	A	anno1.g5818.t1	A
rna-XM_057805051.1	A	anno1.g1444.t1	A
rna-XM_057805052.1	A	anno1.g5819.t1	A
rna-XM_057805234.1	A	anno1.g9343.t1	A
rna-XM_057805055.1	A	anno1.g2869.t1	A
rna-XM_057805056.1	A	anno1.g9548.t1	A
rna-XM_057805058.1	A	anno1.g4152.t1	A
rna-XM_057805057.1	A	anno1.g1179.t1	A
rna-XM_057804323.1	A	anno1.g6862.t1	A
rna-XM_057804079.1	A	anno1.g974.t1	A
rna-XM_057804356.1	A	anno1.g618.t1	A
rna-XM_057804359.1	A	anno1.g7697.t1	A
rna-XM_057804412.1	A	anno1.g3798.t1	A
rna-XM_057804102.1	A	anno1.g591.t1	A
rna-XM_057803908.1	A	anno1.g7540.t1	A
rna-XM_057804353.1	A	anno1.g9869.t1	A
rna-XM_057804053.1	A	anno1.g7629.t1	A
rna-XM_057804034.1	A	anno1.g741.t1	A
rna-XM_057804051.1	A	anno1.g3819.t1	A
rna-XM_057804045.1	A	anno1.g9320.t1	A
rna-XM_057804059.1	A	anno1.g7188.t3	A
rna-XM_057804054.1	A	anno1.g7370.t1	A
rna-XM_057804396.1	A	anno1.g11064.t4	A
rna-XM_057804783.1	A	anno1.g7921.t1	A
rna-XM_057804787.1	A	anno1.g3962.t1	A
rna-XM_057804193.1	A	anno1.g4900.t1	A
rna-XM_057804066.1	A	anno1.g9727.t2	A
rna-XM_057804844.1	A	anno1.g2242.t1	A
rna-XM_057804845.1	A	anno1.g5733.t2	A
rna-XM_057804848.1	A	anno1.g5732.t1	A
rna-XM_057804850.1	A	anno1.g2124.t1	A
rna-XM_057804420.1	A	anno1.g2125.t1	A
rna-XM_057804271.1	A	anno1.g2759.t1	A
rna-XM_057804273.1	A	anno1.g3986.t1	A
rna-XM_057804274.1	A	anno1.g7986.t1	A
rna-XM_057804111.1	A	anno1.g882.t1	A
rna-XM_057804795.1	A	anno1.g10057.t1	A
rna-XM_057804072.1	A	anno1.g6456.t1	A
rna-XM_057804671.1	A	anno1.g3245.t1	A
rna-XM_057804677.1	A	anno1.g3979.t1	A
rna-XM_057804675.1	A	anno1.g888.t1	A
rna-XM_057803896.1	A	anno1.g2708.t1	A
rna-XM_057803897.1	A	anno1.g10555.t1	A
rna-XM_057803899.1	A	anno1.g881.t1	A
rna-XM_057804584.1	A	anno1.g880.t1	A
rna-XM_057804367.1	A	anno1.g8840.t1	A
rna-XM_057804382.1	A	anno1.g2093.t1	A
rna-XM_057804371.1	A	anno1.g2115.t1	A
rna-XM_057804385.1	A	anno1.g3257.t1	A
rna-XM_057804365.1	A	anno1.g945.t1	A
rna-XM_057804376.1	A	anno1.g2094.t1	A
rna-XM_057804368.1	A	anno1.g10939.t1	A
rna-XM_057805237.1	A	anno1.g10533.t1	A
rna-XM_057804117.1	A	anno1.g9235.t1	A
rna-XM_057804122.1	A	anno1.g6357.t1	A
rna-XM_057804130.1	A	anno1.g6358.t1	A
rna-XM_057803900.1	A	anno1.g34.t1	A
rna-XM_057803901.1	A	anno1.g8333.t1	A
rna-XM_057804596.1	A	anno1.g3298.t1	A
rna-XM_057804995.1	A	anno1.g7479.t1	A
rna-XM_057804999.1	A	anno1.g4554.t1	A
rna-XM_057804992.1	A	anno1.g3904.t1	A
rna-XM_057805000.1	A	anno1.g7851.t1	A
rna-XM_057804136.1	A	anno1.g4932.t1	A
rna-XM_057804091.1	A	anno1.g1736.t1	A
rna-XM_057804139.1	A	anno1.g7794.t2	A
rna-XM_057804985.1	A	anno1.g1271.t1	A
rna-XM_057804984.1	A	anno1.g1270.t1	A
rna-XM_057804982.1	A	anno1.g7808.t1	A
rna-XM_057804349.1	A	anno1.g7807.t1	A
rna-XM_057804181.1	A	anno1.g4692.t1	A
rna-XM_057804451.1	A	anno1.g1737.t1	A
rna-XM_057804329.1	A	anno1.g7715.t1	A
rna-XM_057805221.1	A	anno1.g4930.t1	A
rna-XM_057804573.1	A	anno1.g1027.t1	A
rna-XM_057804571.1	A	anno1.g6691.t1	A
rna-XM_057803917.1	A	anno1.g5562.t1	A
rna-XM_057803916.1	A	anno1.g7850.t1	A
rna-XM_057803919.1	A	anno1.g8971.t1	A
rna-XM_057805059.1	A	anno1.g1274.t1	A
rna-XM_057804126.1	A	anno1.g8054.t1	A
rna-XM_057804244.1	A	anno1.g4275.t1	A
rna-XM_057805079.1	A	anno1.g9395.t1	A
rna-XM_057804778.1	A	anno1.g8066.t1	A
rna-XM_057804071.1	A	anno1.g1355.t1	A
rna-XM_057803920.1	A	anno1.g1276.t1	A
rna-XM_057804681.1	A	anno1.g1280.t1	A
rna-XM_057804684.1	A	anno1.g1268.t2	A
rna-XM_057804678.1	A	anno1.g1266.t1	A
rna-XM_057805240.1	A	anno1.g1265.t1	A
rna-XM_057805254.1	A	anno1.g1874.t1	A
rna-XM_057805261.1	A	anno1.g6936.t2	A
rna-XM_057805255.1	A	anno1.g6935.t1	A
rna-XM_057805256.1	A	anno1.g6934.t1	A
rna-XM_057805259.1	A	anno1.g7933.t1	A
rna-XM_057805249.1	A	anno1.g7924.t1	A
rna-XM_057805258.1	A	anno1.g3903.t1	A
rna-XM_057805125.1	A	anno1.g8447.t1	A
rna-XM_057804597.1	A	anno1.g8439.t1	A
rna-XM_057804649.1	A	anno1.g8065.t1	A
rna-XM_057804188.1	A	anno1.g10429.t1	A
rna-XM_057803981.1	A	anno1.g3797.t1	A
rna-XM_057803895.1	A	anno1.g7919.t1	A
rna-XM_057804401.1	A	anno1.g5979.t1	A
rna-XM_057803878.1	A	anno1.g3855.t1	A
rna-XM_057803877.1	A	anno1.g3853.t1	A
rna-XM_057803880.1	A	anno1.g2762.t1	A
rna-XM_057804286.1	A	anno1.g8022.t1	A
rna-XM_057804266.1	A	anno1.g8616.t2	A
rna-XM_057804478.1	A	anno1.g8615.t1	A
rna-XM_057805021.1	A	anno1.g10251.t1	A
rna-XM_057805029.1	A	anno1.g8085.t1	A
rna-XM_057804425.1	A	anno1.g3278.t1	A
rna-XM_057804443.1	A	anno1.g11120.t2	A
rna-XM_057804421.1	A	anno1.g3283.t1	A
rna-XM_057804588.1	A	anno1.g9863.t1	A
rna-XM_057804400.1	A	anno1.g921.t1	A
rna-XM_057804247.1	A	anno1.g3334.t1	A
rna-XM_057804253.1	A	anno1.g3333.t1	A
rna-XM_057804183.1	A	anno1.g3588.t1	A
rna-XM_057804456.1	A	anno1.g10583.t1	A
rna-XM_057804563.1	A	anno1.g10602.t1	A
rna-XM_057804517.1	A	anno1.g10603.t2	A
rna-XM_057804495.1	A	anno1.g6829.t2	A
rna-XM_057805009.1	A	anno1.g5318.t1	A
rna-XM_057805004.1	A	anno1.g7225.t1	A
rna-XM_057805013.1	A	anno1.g7224.t1	A
rna-XM_057805007.1	A	anno1.g7222.t1	A
rna-XM_057805005.1	A	anno1.g9063.t1	A
rna-XM_057804063.1	A	anno1.g4239.t2	A
rna-XM_057804564.1	A	anno1.g1472.t1	A
rna-XM_057804090.1	A	anno1.g1453.t1	A
rna-XM_057804191.1	A	anno1.g9199.t1	A
rna-XM_057805216.1	A	anno1.g9197.t1	A
rna-XM_057805217.1	A	anno1.g1459.t1	A
rna-XM_057805124.1	A	anno1.g9196.t1	A
rna-XM_057805123.1	A	anno1.g9631.t2	A
rna-XM_057804407.1	A	anno1.g11313.t1	A
rna-XM_057805246.1	A	anno1.g11316.t1	A
rna-XM_057805130.1	A	anno1.g11315.t1	A
rna-XM_057805136.1	A	anno1.g605.t1	A
rna-XM_057805131.1	A	anno1.g8337.t2	A
rna-XM_057805138.1	A	anno1.g9345.t1	A
rna-XM_057805141.1	A	anno1.g8251.t1	A
rna-XM_057805247.1	A	anno1.g9335.t1	A
rna-XM_057804650.1	A	anno1.g7762.t1	A
rna-XM_057804663.1	A	anno1.g7749.t4	A
rna-XM_057804665.1	A	anno1.g116.t1	A
rna-XM_057804661.1	A	anno1.g2411.t2	A
rna-XM_057804799.1	A	anno1.g890.t1	A
rna-XM_057804802.1	A	anno1.g8995.t1	A
rna-XM_057804808.1	A	anno1.g5552.t1	A
rna-XM_057804810.1	A	anno1.g10274.t1	A
rna-XM_057804822.1	A	anno1.g8418.t1	A
rna-XM_057804830.1	A	anno1.g8419.t1	A
rna-XM_057804836.1	A	anno1.g664.t1	A
rna-XM_057804837.1	A	anno1.g825.t1	A
rna-XM_057804834.1	A	anno1.g828.t1	A
rna-XM_057804818.1	A	anno1.g7118.t1	A
rna-XM_057804839.1	A	anno1.g7103.t1	A
rna-XM_057804824.1	A	anno1.g7106.t1	A
rna-XM_057804821.1	A	anno1.g7109.t1	A
rna-XM_057804823.1	A	anno1.g6863.t1	A
rna-XM_057804843.1	A	anno1.g3335.t1	A
rna-XM_057804819.1	A	anno1.g3296.t1	A
rna-XM_057805248.1	A	anno1.g3297.t1	A
rna-XM_057804820.1	A	anno1.g4655.t1	A
rna-XM_057804827.1	A	anno1.g4609.t1	A
rna-XM_057804813.1	A	anno1.g6851.t1	A
rna-XM_057804826.1	A	anno1.g4658.t1	A
rna-XM_057804838.1	A	anno1.g4656.t1	A
rna-XM_057803969.1	A	anno1.g5495.t1	A
rna-XM_057805215.1	A	anno1.g5500.t1	A
rna-XM_057805213.1	A	anno1.g5499.t2	A
rna-XM_057804403.1	A	anno1.g5501.t1	A
rna-XM_057804354.1	A	anno1.g5496.t3	A
rna-XM_057804493.1	A	anno1.g8464.t2	A
rna-XM_057804388.1	A	anno1.g8242.t1	A
rna-XM_057804473.1	A	anno1.g8243.t1	A
rna-XM_057804471.1	A	anno1.g8241.t1	A
rna-XM_057804467.1	A	anno1.g8238.t1	A
rna-XM_057804780.1	A	anno1.g12159.t1	X
rna-XM_057804782.1	A	anno1.g1554.t1	A
rna-XM_057804328.1	A	anno1.g1553.t1	A
rna-XM_057804699.1	A	anno1.g9219.t1	A
rna-XM_057804700.1	A	anno1.g6619.t1	A
rna-XM_057804702.1	A	anno1.g6615.t2	A
rna-XM_057804701.1	A	anno1.g6766.t1	A
rna-XM_057804703.1	A	anno1.g8912.t1	A
rna-XM_057804708.1	A	anno1.g9367.t1	A
rna-XM_057804709.1	A	anno1.g10485.t1	A
rna-XM_057804710.1	A	anno1.g5363.t2	A
rna-XM_057804713.1	A	anno1.g5522.t1	A
rna-XM_057805209.1	A	anno1.g1619.t1	A
rna-XM_057805211.1	A	anno1.g5978.t1	A
rna-XM_057805921.1	A	anno1.g5977.t1	A
rna-XM_057805741.1	A	anno1.g6441.t1	A
rna-XM_057806011.1	A	anno1.g5325.t1	A
rna-XM_057806013.1	A	anno1.g2497.t1	A
rna-XM_057805999.1	A	anno1.g2496.t1	A
rna-XM_057806005.1	A	anno1.g6779.t1	A
rna-XM_057805563.1	A	anno1.g2282.t1	A
rna-XM_057805878.1	A	anno1.g2281.t1	A
rna-XM_057805883.1	A	anno1.g2350.t1	A
rna-XM_057806480.1	A	anno1.g4142.t1	A
rna-XM_057806241.1	A	anno1.g2367.t1	A
rna-XM_057806353.1	A	anno1.g2368.t1	A
rna-XM_057806364.1	A	anno1.g2218.t1	A
rna-XM_057806362.1	A	anno1.g2217.t2	A
rna-XM_057806356.1	A	anno1.g2216.t1	A
rna-XM_057806358.1	A	anno1.g6378.t1	A
rna-XM_057806363.1	A	anno1.g6443.t1	A
rna-XM_057806094.1	A	anno1.g6438.t1	A
rna-XM_057806429.1	A	anno1.g1744.t1	A
rna-XM_057806430.1	A	anno1.g1742.t1	A
rna-XM_057806434.1	A	anno1.g8128.t1	A
rna-XM_057806426.1	A	anno1.g7238.t1	A
rna-XM_057805758.1	A	anno1.g8043.t1	A
rna-XM_057806584.1	A	anno1.g1743.t1	A
rna-XM_057806585.1	A	anno1.g1810.t1	A
rna-XM_057806458.1	A	anno1.g1753.t1	A
rna-XM_057806457.1	A	anno1.g1752.t2	A
rna-XM_057805690.1	A	anno1.g1751.t1	A
rna-XM_057805939.1	A	anno1.g10196.t1	A
rna-XM_057805492.1	A	anno1.g1747.t1	A
rna-XM_057805493.1	A	anno1.g6475.t1	A
rna-XM_057805491.1	A	anno1.g6382.t1	A
rna-XM_057806111.1	A	anno1.g6381.t1	A
rna-XM_057805829.1	A	anno1.g3708.t1	A
rna-XM_057805558.1	A	anno1.g1777.t1	A
rna-XM_057805557.1	A	anno1.g5062.t1	A
rna-XM_057806295.1	A	anno1.g6105.t2	A
rna-XM_057806308.1	A	anno1.g6106.t2	A
rna-XM_057806311.1	A	anno1.g1785.t3	A
rna-XM_057806293.1	A	anno1.g1919.t1	A
rna-XM_057805501.1	A	anno1.g1748.t1	A
rna-XM_057805421.1	A	anno1.g9337.t1	A
rna-XM_057806080.1	A	anno1.g4241.t1	A
rna-XM_057806079.1	A	anno1.g8735.t1	A
rna-XM_057805946.1	A	anno1.g8734.t1	A
rna-XM_057805303.1	A	anno1.g1456.t1	A
rna-XM_057805309.1	A	anno1.g772.t1	A
rna-XM_057806096.1	A	anno1.g11282.t1	A
rna-XM_057806095.1	A	anno1.g10001.t1	A
rna-XM_057805495.1	A	anno1.g8776.t1	A
rna-XM_057806015.1	A	anno1.g7598.t1	A
rna-XM_057805405.1	A	anno1.g1780.t1	A
rna-XM_057805406.1	A	anno1.g5626.t1	A
rna-XM_057805678.1	A	anno1.g5627.t1	A
rna-XM_057805685.1	A	anno1.g5625.t1	A
rna-XM_057805687.1	A	anno1.g9083.t1	A
rna-XM_057806560.1	A	anno1.g6845.t1	A
rna-XM_057806565.1	A	anno1.g1876.t2	A
rna-XM_057806570.1	A	anno1.g5456.t1	A
rna-XM_057806572.1	A	anno1.g4796.t4	A
rna-XM_057806583.1	A	anno1.g4797.t1	A
rna-XM_057805941.1	A	anno1.g4795.t1	A
rna-XM_057805537.1	A	anno1.g4789.t1	A
rna-XM_057805486.1	A	anno1.g4792.t1	A
rna-XM_057806321.1	A	anno1.g4793.t2	A
rna-XM_057806334.1	A	anno1.g4794.t1	A
rna-XM_057806323.1	A	anno1.g4821.t3	A
rna-XM_057805638.1	A	anno1.g3375.t1	A
rna-XM_057806553.1	A	anno1.g6871.t1	A
rna-XM_057806552.1	A	anno1.g6876.t1	A
rna-XM_057806556.1	A	anno1.g6878.t1	A
rna-XM_057806247.1	A	anno1.g4525.t1	A
rna-XM_057806558.1	A	anno1.g6880.t1	A
rna-XM_057806554.1	A	anno1.g8900.t1	A
rna-XM_057805460.1	A	anno1.g8497.t1	A
rna-XM_057806225.1	A	anno1.g8496.t1	A
rna-XM_057806017.1	A	anno1.g8849.t1	A
rna-XM_057805488.1	A	anno1.g8850.t1	A
rna-XM_057805489.1	A	anno1.g8851.t1	A
rna-XM_057806106.1	A	anno1.g8852.t1	A
rna-XM_057805442.1	A	anno1.g8853.t1	A
rna-XM_057805452.1	A	anno1.g8854.t1	A
rna-XM_057806060.1	A	anno1.g3232.t1	A
rna-XM_057805987.1	A	anno1.g6376.t1	A
rna-XM_057805426.1	A	anno1.g2122.t1	A
rna-XM_057805765.1	A	anno1.g967.t1	A
rna-XM_057805514.1	A	anno1.g5203.t1	A
rna-XM_057805507.1	A	anno1.g3988.t1	A
rna-XM_057806062.1	A	anno1.g9240.t1	A
rna-XM_057805958.1	A	anno1.g6349.t2	A
rna-XM_057806255.1	A	anno1.g7419.t1	A
rna-XM_057805310.1	A	anno1.g1728.t3	A
rna-XM_057806084.1	A	anno1.g10490.t1	A
rna-XM_057806395.1	A	anno1.g10406.t1	A
rna-XM_057806396.1	A	anno1.g9488.t1	A
rna-XM_057806399.1	A	anno1.g9653.t1	A
rna-XM_057806505.1	A	anno1.g10438.t1	A
rna-XM_057806439.1	A	anno1.g10387.t1	A
rna-XM_057806437.1	A	anno1.g10386.t1	A
rna-XM_057806443.1	A	anno1.g10382.t1	A
rna-XM_057806435.1	A	anno1.g401.t3	A
rna-XM_057806260.1	A	anno1.g4539.t1	A
rna-XM_057805677.1	A	anno1.g2200.t1	A
rna-XM_057806208.1	A	anno1.g7633.t1	A
rna-XM_057806261.1	A	anno1.g7832.t1	A
rna-XM_057806402.1	A	anno1.g1550.t1	A
rna-XM_057805425.1	A	anno1.g2201.t1	A
rna-XM_057805748.1	A	anno1.g11165.t1	A
rna-XM_057806455.1	A	anno1.g8945.t1	A
rna-XM_057805456.1	A	anno1.g1662.t1	A
rna-XM_057805483.1	A	anno1.g9194.t1	A
rna-XM_057806043.1	A	anno1.g10096.t1	A
rna-XM_057806047.1	A	anno1.g1044.t1	A
rna-XM_057806052.1	A	anno1.g11409.t1	A
rna-XM_057806287.1	A	anno1.g4330.t1	A
rna-XM_057805500.1	A	anno1.g5802.t1	A
rna-XM_057806513.1	A	anno1.g11826.t1	X
rna-XM_057806514.1	A	anno1.g2272.t1	A
rna-XM_057805670.1	A	anno1.g9233.t1	A
rna-XM_057805669.1	A	anno1.g1719.t1	A
rna-XM_057806522.1	A	anno1.g5916.t1	A
rna-XM_057805647.1	A	anno1.g9224.t1	A
rna-XM_057805668.1	A	anno1.g9226.t1	A
rna-XM_057805666.1	A	anno1.g9225.t1	A
rna-XM_057806490.1	A	anno1.g7433.t1	A
rna-XM_057806488.1	A	anno1.g2164.t1	A
rna-XM_057806491.1	A	anno1.g2165.t1	A
rna-XM_057806008.1	A	anno1.g7692.t2	A
rna-XM_057805391.1	A	anno1.g7691.t1	A
rna-XM_057805443.1	A	anno1.g8088.t1	A
rna-XM_057805445.1	A	anno1.g10213.t1	A
rna-XM_057805448.1	A	anno1.g10214.t1	A
rna-XM_057806228.1	A	anno1.g7507.t3	A
rna-XM_057805694.1	A	anno1.g7733.t1	A
rna-XM_057806411.1	A	anno1.g397.t1	A
rna-XM_057806414.1	A	anno1.g10364.t1	A
rna-XM_057806413.1	A	anno1.g7734.t1	A
rna-XM_057805368.1	A	anno1.g7646.t1	A
rna-XM_057806335.1	A	anno1.g9784.t1	A
rna-XM_057806337.1	A	anno1.g9785.t1	A
rna-XM_057806336.1	A	anno1.g9839.t1	A
rna-XM_057806340.1	A	anno1.g9840.t1	A
rna-XM_057806059.1	A	anno1.g9841.t1	A
rna-XM_057806058.1	A	anno1.g9842.t1	A
rna-XM_057805749.1	A	anno1.g4701.t1	A
rna-XM_057806546.1	A	anno1.g4704.t1	A
rna-XM_057806548.1	A	anno1.g6956.t1	A
rna-XM_057805986.1	A	anno1.g5001.t1	A
rna-XM_057805980.1	A	anno1.g5002.t1	A
rna-XM_057805981.1	A	anno1.g7120.t1	A
rna-XM_057806392.1	A	anno1.g8588.t1	A
rna-XM_057806393.1	A	anno1.g8053.t1	A
rna-XM_057805701.1	A	anno1.g7731.t1	A
rna-XM_057805709.1	A	anno1.g7732.t1	A
rna-XM_057805750.1	A	anno1.g9792.t1	A
rna-XM_057805755.1	A	anno1.g10594.t1	A
rna-XM_057805756.1	A	anno1.g11036.t1	A
rna-XM_057806019.1	A	anno1.g9807.t1	A
rna-XM_057806018.1	A	anno1.g10662.t1	A
rna-XM_057805502.1	A	anno1.g8704.t1	A
rna-XM_057806424.1	A	anno1.g9229.t1	A
rna-XM_057806070.1	A	anno1.g3090.t1	A
rna-XM_057806374.1	A	anno1.g5025.t2	A
rna-XM_057806373.1	A	anno1.g5024.t1	A
rna-XM_057805433.1	A	anno1.g6861.t1	A
rna-XM_057805434.1	A	anno1.g6860.t2	A
rna-XM_057805435.1	A	anno1.g7803.t1	A
rna-XM_057805950.1	A	anno1.g6857.t1	A
rna-XM_057806065.1	A	anno1.g6858.t1	A
rna-XM_057806064.1	A	anno1.g6859.t1	A
rna-XM_057805504.1	A	anno1.g6856.t1	A
rna-XM_057806211.1	A	anno1.g6855.t1	A
rna-XM_057806210.1	A	anno1.g6854.t1	A
rna-XM_057805637.1	A	anno1.g7068.t1	A
rna-XM_057806021.1	A	anno1.g7069.t1	A
rna-XM_057806028.1	A	anno1.g7658.t1	A
rna-XM_057806023.1	A	anno1.g7656.t1	A
rna-XM_057806027.1	A	anno1.g7443.t1	A
rna-XM_057806033.1	A	anno1.g6985.t1	A
rna-XM_057805977.1	A	anno1.g6987.t1	A
rna-XM_057805975.1	A	anno1.g7117.t1	A
rna-XM_057806537.1	A	anno1.g1288.t1	A
rna-XM_057806205.1	A	anno1.g8866.t1	A
rna-XM_057806207.1	A	anno1.g8867.t1	A
rna-XM_057805363.1	A	anno1.g7189.t1	A
rna-XM_057805364.1	A	anno1.g7217.t1	A
rna-XM_057805367.1	A	anno1.g7216.t1	A
rna-XM_057806388.1	A	anno1.g6959.t1	A
rna-XM_057805645.1	A	anno1.g7840.t1	A
rna-XM_057805635.1	A	anno1.g7780.t2	A
rna-XM_057805636.1	A	anno1.g7781.t1	A
rna-XM_057805885.1	A	anno1.g7783.t1	A
rna-XM_057806539.1	A	anno1.g2804.t1	A
rna-XM_057806540.1	A	anno1.g2805.t1	A
rna-XM_057805917.1	A	anno1.g2811.t1	A
rna-XM_057805899.1	A	anno1.g2812.t2	A
rna-XM_057805890.1	A	anno1.g3578.t1	A
rna-XM_057805896.1	A	anno1.g2813.t1	A
rna-XM_057805898.1	A	anno1.g2814.t1	A
rna-XM_057805919.1	A	anno1.g2815.t1	A
rna-XM_057805901.1	A	anno1.g2816.t2	A
rna-XM_057805915.1	A	anno1.g2818.t1	A
rna-XM_057805904.1	A	anno1.g2821.t1	A
rna-XM_057805891.1	A	anno1.g3983.t1	A
rna-XM_057806345.1	A	anno1.g6280.t1	A
rna-XM_057806346.1	A	anno1.g6276.t1	A
rna-XM_057806350.1	A	anno1.g6277.t1	A
rna-XM_057805429.1	A	anno1.g7190.t1	A
rna-XM_057805972.1	A	anno1.g7191.t1	A
rna-XM_057805924.1	A	anno1.g6446.t1	A
rna-XM_057805926.1	A	anno1.g6448.t1	A
rna-XM_057805415.1	A	anno1.g4243.t1	A
rna-XM_057805408.1	A	anno1.g4975.t1	A
rna-XM_057805416.1	A	anno1.g6552.t1	A
rna-XM_057805409.1	A	anno1.g10222.t1	A
rna-XM_057805688.1	A	anno1.g4804.t1	A
rna-XM_057806365.1	A	anno1.g4954.t2	A
rna-XM_057806367.1	A	anno1.g8101.t1	A
rna-XM_057806372.1	A	anno1.g9865.t1	A
rna-XM_057805424.1	A	anno1.g4836.t1	A
rna-XM_057806136.1	A	anno1.g4835.t1	A
rna-XM_057806134.1	A	anno1.g4834.t4	A
rna-XM_057806141.1	A	anno1.g11340.t1	A
rna-XM_057806139.1	A	anno1.g11341.t1	A
rna-XM_057806122.1	A	anno1.g11344.t2	A
rna-XM_057806132.1	A	anno1.g3274.t1	A
rna-XM_057806142.1	A	anno1.g11342.t1	A
rna-XM_057806145.1	A	anno1.g4816.t1	A
rna-XM_057806147.1	A	anno1.g6086.t1	A
rna-XM_057806153.1	A	anno1.g10475.t1	A
rna-XM_057806154.1	A	anno1.g60.t1	A
rna-XM_057806155.1	A	anno1.g5030.t1	A
rna-XM_057806156.1	A	anno1.g10069.t1	A
rna-XM_057806160.1	A	anno1.g10488.t1	A
rna-XM_057806162.1	A	anno1.g10489.t2	A
rna-XM_057806163.1	A	anno1.g10068.t1	A
rna-XM_057806167.1	A	anno1.g10066.t2	A
rna-XM_057806171.1	A	anno1.g10065.t1	A
rna-XM_057806541.1	A	anno1.g10078.t1	A
rna-XM_057806174.1	A	anno1.g10071.t1	A
rna-XM_057806176.1	A	anno1.g10072.t1	A
rna-XM_057806175.1	A	anno1.g10073.t1	A
rna-XM_057806178.1	A	anno1.g10080.t1	A
rna-XM_057806180.1	A	anno1.g10081.t2	A
rna-XM_057806193.1	A	anno1.g10156.t1	A
rna-XM_057806233.1	A	anno1.g10155.t1	A
rna-XM_057805541.1	A	anno1.g10154.t3	A
rna-XM_057805441.1	A	anno1.g10152.t1	A
rna-XM_057805544.1	A	anno1.g1854.t1	A
rna-XM_057805419.1	A	anno1.g10151.t1	A
rna-XM_057806086.1	A	anno1.g1046.t1	A
rna-XM_057806093.1	A	anno1.g1045.t1	A
rna-XM_057805988.1	A	anno1.g10102.t1	A
rna-XM_057805990.1	A	anno1.g7617.t1	A
rna-XM_057805989.1	A	anno1.g10228.t1	A
rna-XM_057805991.1	A	anno1.g10227.t1	A
rna-XM_057806066.1	A	anno1.g10278.t1	A
rna-XM_057805496.1	A	anno1.g10229.t1	A
rna-XM_057805484.1	A	anno1.g10230.t1	A
rna-XM_057806272.1	A	anno1.g10232.t1	A
rna-XM_057806281.1	A	anno1.g2549.t1	A
rna-XM_057805285.1	A	anno1.g242.t4	A
rna-XM_057805467.1	A	anno1.g240.t1	A
rna-XM_057805819.1	A	anno1.g239.t1	A
rna-XM_057805811.1	A	anno1.g238.t1	A
rna-XM_057805809.1	A	anno1.g237.t1	A
rna-XM_057805813.1	A	anno1.g236.t1	A
rna-XM_057805810.1	A	anno1.g5809.t1	A
rna-XM_057805807.1	A	anno1.g254.t2	A
rna-XM_057805814.1	A	anno1.g253.t1	A
rna-XM_057805803.1	A	anno1.g4016.t1	A
rna-XM_057805817.1	A	anno1.g4019.t1	A
rna-XM_057805766.1	A	anno1.g753.t1	A
rna-XM_057805771.1	A	anno1.g5807.t1	A
rna-XM_057805812.1	A	anno1.g5702.t1	A
rna-XM_057805815.1	A	anno1.g10188.t1	A
rna-XM_057805821.1	A	anno1.g3699.t1	A
rna-XM_057805827.1	A	anno1.g165.t1	A
rna-XM_057805825.1	A	anno1.g176.t1	A
rna-XM_057805828.1	A	anno1.g175.t1	A
rna-XM_057805978.1	A	anno1.g136.t1	A
rna-XM_057805979.1	A	anno1.g137.t2	A
rna-XM_057805266.1	A	anno1.g167.t1	A
rna-XM_057805267.1	A	anno1.g168.t1	A
rna-XM_057805268.1	A	anno1.g169.t1	A
rna-XM_057805272.1	A	anno1.g170.t1	A
rna-XM_057806461.1	A	anno1.g171.t1	A
rna-XM_057806463.1	A	anno1.g172.t1	A
rna-XM_057806460.1	A	anno1.g173.t1	A
rna-XM_057806466.1	A	anno1.g174.t1	A
rna-XM_057806467.1	A	anno1.g164.t2	A
rna-XM_057806468.1	A	anno1.g195.t1	A
rna-XM_057806469.1	A	anno1.g162.t1	A
rna-XM_057806473.1	A	anno1.g163.t1	A
rna-XM_057805438.1	A	anno1.g193.t1	A
rna-XM_057805440.1	A	anno1.g194.t1	A
rna-XM_057805628.1	A	anno1.g11540.t1	X
rna-XM_057805620.1	A	anno1.g147.t1	A
rna-XM_057805568.1	A	anno1.g153.t3	A
rna-XM_057805619.1	A	anno1.g159.t2	A
rna-XM_057806253.1	A	anno1.g160.t1	A
rna-XM_057806415.1	A	anno1.g135.t1	A
rna-XM_057805992.1	A	anno1.g166.t1	A
rna-XM_057805993.1	A	anno1.g133.t1	A
rna-XM_057806474.1	A	anno1.g3448.t2	A
rna-XM_057805275.1	A	anno1.g3786.t1	A
rna-XM_057805276.1	A	anno1.g10000.t1	A
rna-XM_057805274.1	A	anno1.g3465.t1	A
rna-XM_057805280.1	A	anno1.g3464.t1	A
rna-XM_057805278.1	A	anno1.g3785.t1	A
rna-XM_057805281.1	A	anno1.g10237.t1	A
rna-XM_057806074.1	A	anno1.g10236.t2	A
rna-XM_057806075.1	A	anno1.g10235.t1	A
rna-XM_057805937.1	A	anno1.g10233.t3	A
rna-XM_057806112.1	A	anno1.g246.t2	A
rna-XM_057806120.1	A	anno1.g248.t1	A
rna-XM_057806119.1	A	anno1.g2191.t1	A
rna-XM_057805934.1	A	anno1.g249.t1	A
rna-XM_057805319.1	A	anno1.g10141.t1	A
rna-XM_057805695.1	A	anno1.g10143.t1	A
rna-XM_057805973.1	A	anno1.g10144.t2	A
rna-XM_057805551.1	A	anno1.g10145.t1	A
rna-XM_057805547.1	A	anno1.g10147.t1	A
rna-XM_057805556.1	A	anno1.g10148.t1	A
rna-XM_057805689.1	A	anno1.g3759.t1	A
rna-XM_057805454.1	A	anno1.g10150.t1	A
rna-XM_057805710.1	A	anno1.g2581.t1	A
rna-XM_057805721.1	A	anno1.g2582.t2	A
rna-XM_057805735.1	A	anno1.g2584.t1	A
rna-XM_057805724.1	A	anno1.g2585.t1	A
rna-XM_057805737.1	A	anno1.g3623.t1	A
rna-XM_057805369.1	A	anno1.g9469.t1	A
rna-XM_057805372.1	A	anno1.g2455.t1	A
rna-XM_057806543.1	A	anno1.g3625.t1	A
rna-XM_057806544.1	A	anno1.g3626.t1	A
rna-XM_057805370.1	A	anno1.g4136.t2	A
rna-XM_057805383.1	A	anno1.g4135.t1	A
rna-XM_057805384.1	A	anno1.g8017.t1	A
rna-XM_057805380.1	A	anno1.g2284.t1	A
rna-XM_057805382.1	A	anno1.g5244.t1	A
rna-XM_057805378.1	A	anno1.g5243.t1	A
rna-XM_057805518.1	A	anno1.g5242.t1	A
rna-XM_057805528.1	A	anno1.g5238.t1	A
rna-XM_057805529.1	A	anno1.g5237.t1	A
rna-XM_057805530.1	A	anno1.g5769.t2	A
rna-XM_057805533.1	A	anno1.g5478.t1	A
rna-XM_057805536.1	A	anno1.g5477.t1	A
rna-XM_057805348.1	A	anno1.g21.t2	A
rna-XM_057805322.1	A	anno1.g20.t1	A
rna-XM_057805340.1	A	anno1.g139.t1	A
rna-XM_057805337.1	A	anno1.g10487.t1	A
rna-XM_057805361.1	A	anno1.g5530.t1	A
rna-XM_057805358.1	A	anno1.g5349.t1	A
rna-XM_057805360.1	A	anno1.g11894.t1	X
rna-XM_057805357.1	A	anno1.g5529.t1	A
rna-XM_057805417.1	A	anno1.g320.t1	A
rna-XM_057805691.1	A	anno1.g321.t1	A
rna-XM_057806099.1	A	anno1.g5812.t3	A
rna-XM_057806098.1	A	anno1.g5811.t2	A
rna-XM_057806101.1	A	anno1.g255.t1	A
rna-XM_057806103.1	A	anno1.g256.t1	A
rna-XM_057806954.1	A	anno1.g9176.t1	A
rna-XM_057806678.1	A	anno1.g9177.t1	A
rna-XM_057806679.1	A	anno1.g9178.t1	A
rna-XM_057806655.1	A	anno1.g9187.t1	A
rna-XM_057806653.1	A	anno1.g9189.t1	A
rna-XM_057806654.1	A	anno1.g9190.t2	A
rna-XM_057806652.1	A	anno1.g10483.t1	A
rna-XM_057806635.1	A	anno1.g7745.t1	A
rna-XM_057807546.1	A	anno1.g9191.t1	A
rna-XM_057807077.1	A	anno1.g138.t1	A
rna-XM_057807078.1	A	anno1.g9670.t1	A
rna-XM_057806676.1	A	anno1.g11930.t1	X
rna-XM_057806634.1	A	anno1.g9181.t1	A
rna-XM_057806614.1	A	anno1.g10564.t1	A
rna-XM_057807018.1	A	anno1.g10565.t1	A
rna-XM_057807507.1	A	anno1.g8987.t1	A
rna-XM_057807506.1	A	anno1.g8986.t1	A
rna-XM_057807510.1	A	anno1.g2898.t1	A
rna-XM_057806942.1	A	anno1.g8765.t1	A
rna-XM_057807452.1	A	anno1.g8766.t1	A
rna-XM_057807454.1	A	anno1.g8767.t1	A
rna-XM_057807455.1	A	anno1.g8770.t1	A
rna-XM_057807098.1	A	anno1.g8771.t1	A
rna-XM_057807110.1	A	anno1.g8772.t2	A
rna-XM_057807097.1	A	anno1.g8773.t1	A
rna-XM_057807096.1	A	anno1.g8774.t1	A
rna-XM_057807222.1	A	anno1.g3739.t1	A
rna-XM_057807217.1	A	anno1.g3851.t6	A
rna-XM_057807225.1	A	anno1.g9570.t2	A
rna-XM_057807228.1	A	anno1.g9568.t1	A
rna-XM_057807224.1	A	anno1.g9565.t1	A
rna-XM_057807061.1	A	anno1.g9561.t1	A
rna-XM_057806920.1	A	anno1.g9559.t2	A
rna-XM_057806951.1	A	anno1.g11248.t1	A
rna-XM_057807294.1	A	anno1.g704.t1	A
rna-XM_057807295.1	A	anno1.g9611.t1	A
rna-XM_057807301.1	A	anno1.g1476.t1	A
rna-XM_057807305.1	A	anno1.g6865.t1	A
rna-XM_057807303.1	A	anno1.g10292.t1	A
rna-XM_057807306.1	A	anno1.g10299.t1	A
rna-XM_057806855.1	A	anno1.g10298.t1	A
rna-XM_057807342.1	A	anno1.g10295.t4	A
rna-XM_057807347.1	A	anno1.g2063.t1	A
rna-XM_057807346.1	A	anno1.g2064.t1	A
rna-XM_057807477.1	A	anno1.g2066.t1	A
rna-XM_057807467.1	A	anno1.g2065.t1	A
rna-XM_057807471.1	A	anno1.g10614.t2	A
rna-XM_057807460.1	A	anno1.g10294.t1	A
rna-XM_057807470.1	A	anno1.g10275.t2	A
rna-XM_057807324.1	A	anno1.g10028.t1	A
rna-XM_057807321.1	A	anno1.g10522.t1	A
rna-XM_057807335.1	A	anno1.g2226.t2	A
rna-XM_057807333.1	A	anno1.g8930.t1	A
rna-XM_057806812.1	A	anno1.g10139.t1	A
rna-XM_057806814.1	A	anno1.g10140.t1	A
rna-XM_057806841.1	A	anno1.g10029.t1	A
rna-XM_057806665.1	A	anno1.g11501.t1	A
rna-XM_057806660.1	A	anno1.g2104.t1	A
rna-XM_057807555.1	A	anno1.g2074.t1	A
rna-XM_057807558.1	A	anno1.g10093.t1	A
rna-XM_057806842.1	A	anno1.g2328.t1	A
rna-XM_057806823.1	A	anno1.g8712.t1	A
rna-XM_057807034.1	A	anno1.g2458.t1	A
rna-XM_057807145.1	A	anno1.g4917.t1	A
rna-XM_057807146.1	A	anno1.g2459.t1	A
rna-XM_057807002.1	A	anno1.g3230.t1	A
rna-XM_057807007.1	A	anno1.g4918.t1	A
rna-XM_057807006.1	A	anno1.g4714.t1	A
rna-XM_057807009.1	A	anno1.g7094.t2	A
rna-XM_057807001.1	A	anno1.g10929.t1	A
rna-XM_057806844.1	A	anno1.g4265.t1	A
rna-XM_057806839.1	A	anno1.g125.t1	A
rna-XM_057806977.1	A	anno1.g9649.t1	A
rna-XM_057807560.1	A	anno1.g9508.t1	A
rna-XM_057807561.1	A	anno1.g9507.t1	A
rna-XM_057807571.1	A	anno1.g9509.t1	A
rna-XM_057807563.1	A	anno1.g6760.t1	A
rna-XM_057806966.1	A	anno1.g6750.t2	A
rna-XM_057806795.1	A	anno1.g978.t1	A
rna-XM_057807151.1	A	anno1.g6511.t1	A
rna-XM_057807163.1	A	anno1.g7092.t4	A
rna-XM_057807162.1	A	anno1.g7091.t1	A
rna-XM_057807167.1	A	anno1.g4710.t1	A
rna-XM_057807170.1	A	anno1.g10434.t1	A
rna-XM_057807171.1	A	anno1.g6360.t1	A
rna-XM_057807174.1	A	anno1.g4713.t1	A
rna-XM_057807176.1	A	anno1.g4718.t1	A
rna-XM_057807175.1	A	anno1.g4717.t2	A
rna-XM_057807178.1	A	anno1.g9116.t1	A
rna-XM_057807179.1	A	anno1.g4720.t2	A
rna-XM_057807181.1	A	anno1.g4088.t1	A
rna-XM_057807186.1	A	anno1.g9417.t2	A
rna-XM_057807187.1	A	anno1.g4581.t1	A
rna-XM_057807192.1	A	anno1.g4760.t1	A
rna-XM_057807193.1	A	anno1.g11499.t1	A
rna-XM_057807194.1	A	anno1.g7526.t1	A
rna-XM_057807198.1	A	anno1.g4735.t2	A
rna-XM_057807201.1	A	anno1.g4737.t1	A
rna-XM_057807203.1	A	anno1.g4738.t1	A
rna-XM_057807205.1	A	anno1.g4749.t1	A
rna-XM_057807204.1	A	anno1.g4739.t1	A
rna-XM_057806853.1	A	anno1.g4763.t1	A
rna-XM_057807062.1	A	anno1.g4762.t1	A
rna-XM_057806822.1	A	anno1.g4761.t1	A
rna-XM_057806845.1	A	anno1.g4585.t2	A
rna-XM_057806847.1	A	anno1.g4583.t2	A
rna-XM_057806820.1	A	anno1.g7527.t1	A
rna-XM_057806697.1	A	anno1.g7529.t1	A
rna-XM_057807530.1	A	anno1.g7530.t1	A
rna-XM_057806928.1	A	anno1.g4604.t1	A
rna-XM_057806932.1	A	anno1.g11291.t1	A
rna-XM_057806930.1	A	anno1.g11290.t1	A
rna-XM_057806931.1	A	anno1.g6850.t1	A
rna-XM_057806929.1	A	anno1.g4057.t1	A
rna-XM_057807021.1	A	anno1.g7934.t1	A
rna-XM_057806736.1	A	anno1.g885.t1	A
rna-XM_057806750.1	A	anno1.g3620.t1	A
rna-XM_057806645.1	A	anno1.g7777.t1	A
rna-XM_057806644.1	A	anno1.g7778.t1	A
rna-XM_057806648.1	A	anno1.g6666.t1	A
rna-XM_057806650.1	A	anno1.g10853.t1	A
rna-XM_057806646.1	A	anno1.g10034.t1	A
rna-XM_057806599.1	A	anno1.g7708.t1	A
rna-XM_057806598.1	A	anno1.g8282.t1	A
rna-XM_057806596.1	A	anno1.g10661.t2	A
rna-XM_057806595.1	A	anno1.g7772.t1	A
rna-XM_057806600.1	A	anno1.g1414.t1	A
rna-XM_057806601.1	A	anno1.g10032.t1	A
rna-XM_057807113.1	A	anno1.g10031.t1	A
rna-XM_057806927.1	A	anno1.g119.t2	A
rna-XM_057806936.1	A	anno1.g120.t1	A
rna-XM_057806761.1	A	anno1.g2554.t1	A
rna-XM_057806762.1	A	anno1.g9590.t1	A
rna-XM_057807497.1	A	anno1.g10002.t1	A
rna-XM_057806683.1	A	anno1.g10753.t1	A
rna-XM_057806756.1	A	anno1.g10245.t1	A
rna-XM_057807080.1	A	anno1.g10269.t1	A
rna-XM_057807081.1	A	anno1.g10270.t1	A
rna-XM_057806691.1	A	anno1.g10061.t2	A
rna-XM_057806994.1	A	anno1.g10062.t1	A
rna-XM_057806923.1	A	anno1.g1559.t1	A
rna-XM_057807114.1	A	anno1.g10323.t1	A
rna-XM_057807115.1	A	anno1.g10063.t1	A
rna-XM_057806673.1	A	anno1.g9195.t1	A
rna-XM_057806672.1	A	anno1.g3723.t1	A
rna-XM_057806674.1	A	anno1.g10368.t1	A
rna-XM_057806668.1	A	anno1.g10369.t1	A
rna-XM_057806941.1	A	anno1.g11202.t1	A
rna-XM_057806724.1	A	anno1.g11201.t1	A
rna-XM_057807069.1	A	anno1.g11200.t1	A
rna-XM_057807100.1	A	anno1.g7729.t1	A
rna-XM_057807108.1	A	anno1.g7728.t1	A
rna-XM_057806727.1	A	anno1.g7721.t1	A
rna-XM_057807246.1	A	anno1.g7718.t1	A
rna-XM_057806802.1	A	anno1.g7723.t1	A
rna-XM_057806623.1	A	anno1.g6387.t1	A
rna-XM_057806624.1	A	anno1.g9415.t1	A
rna-XM_057806794.1	A	anno1.g4969.t1	A
rna-XM_057807134.1	A	anno1.g7717.t1	A
rna-XM_057807137.1	A	anno1.g9202.t1	A
rna-XM_057806747.1	A	anno1.g9544.t2	A
rna-XM_057806641.1	A	anno1.g9546.t1	A
rna-XM_057807336.1	A	anno1.g9444.t1	A
rna-XM_057807082.1	A	anno1.g2429.t1	A
rna-XM_057807073.1	A	anno1.g9545.t1	A
rna-XM_057806965.1	A	anno1.g9446.t1	A
rna-XM_057806996.1	A	anno1.g8283.t1	A
rna-XM_057806998.1	A	anno1.g7774.t2	A
rna-XM_057806997.1	A	anno1.g7775.t1	A
rna-XM_057807447.1	A	anno1.g6076.t3	A
rna-XM_057806948.1	A	anno1.g646.t1	A
rna-XM_057806732.1	A	anno1.g645.t1	A
rna-XM_057807367.1	A	anno1.g649.t1	A
rna-XM_057807373.1	A	anno1.g647.t1	A
rna-XM_057807355.1	A	anno1.g648.t1	A
rna-XM_057807375.1	A	anno1.g650.t1	A
rna-XM_057807376.1	A	anno1.g651.t1	A
rna-XM_057807385.1	A	anno1.g4108.t1	A
rna-XM_057807386.1	A	anno1.g5351.t1	A
rna-XM_057807394.1	A	anno1.g5350.t2	A
rna-XM_057807408.1	A	anno1.g5185.t1	A
rna-XM_057807410.1	A	anno1.g5186.t1	A
rna-XM_057807420.1	A	anno1.g5194.t1	A
rna-XM_057807415.1	A	anno1.g5192.t1	A
rna-XM_057807424.1	A	anno1.g5191.t4	A
rna-XM_057807422.1	A	anno1.g5190.t1	A
rna-XM_057807426.1	A	anno1.g5189.t1	A
rna-XM_057807433.1	A	anno1.g5188.t1	A
rna-XM_057807430.1	A	anno1.g5187.t2	A
rna-XM_057807438.1	A	anno1.g9344.t2	A
rna-XM_057807439.1	A	anno1.g2291.t2	A
rna-XM_057807479.1	A	anno1.g2292.t1	A
rna-XM_057807482.1	A	anno1.g2293.t1	A
rna-XM_057807485.1	A	anno1.g2294.t1	A
rna-XM_057807524.1	A	anno1.g2296.t1	A
rna-XM_057807083.1	A	anno1.g2297.t1	A
rna-XM_057806768.1	A	anno1.g3497.t1	A
rna-XM_057806943.1	A	anno1.g7446.t1	A
rna-XM_057806944.1	A	anno1.g3596.t1	A
rna-XM_057807068.1	A	anno1.g7798.t1	A
rna-XM_057807440.1	A	anno1.g7799.t1	A
rna-XM_057807443.1	A	anno1.g7800.t1	A
rna-XM_057807445.1	A	anno1.g7644.t1	A
rna-XM_057806992.1	A	anno1.g7645.t1	A
rna-XM_057807208.1	A	anno1.g9659.t1	A
rna-XM_057807209.1	A	anno1.g1300.t3	A
rna-XM_057806721.1	A	anno1.g1178.t1	A
rna-XM_057806714.1	A	anno1.g1177.t1	A
rna-XM_057806718.1	A	anno1.g1174.t1	A
rna-XM_057806699.1	A	anno1.g1173.t1	A
rna-XM_057806716.1	A	anno1.g5483.t1	A
rna-XM_057806701.1	A	anno1.g5481.t1	A
rna-XM_057807087.1	A	anno1.g6410.t1	A
rna-XM_057807090.1	A	anno1.g4894.t1	A
rna-XM_057807093.1	A	anno1.g8897.t1	A
rna-XM_057807094.1	A	anno1.g1162.t1	A
rna-XM_057807058.1	A	anno1.g4721.t3	A
rna-XM_057807551.1	A	anno1.g10092.t2	A
rna-XM_057807553.1	A	anno1.g11493.t1	A
rna-XM_057807547.1	A	anno1.g10562.t1	A
rna-XM_057807554.1	A	anno1.g10561.t1	A
rna-XM_057807020.1	A	anno1.g11491.t1	A
rna-XM_057807618.1	A	anno1.g11505.t2	A
rna-XM_057807487.1	A	anno1.g10935.t1	A
rna-XM_057807489.1	A	anno1.g10934.t1	A
rna-XM_057806726.1	A	anno1.g10064.t1	A
rna-XM_057807233.1	A	anno1.g11197.t1	A
rna-XM_057807240.1	A	anno1.g11196.t1	A
rna-XM_057807234.1	A	anno1.g11195.t1	A
rna-XM_057807236.1	A	anno1.g3492.t1	A
rna-XM_057807213.1	A	anno1.g11292.t1	A
rna-XM_057807031.1	A	anno1.g11293.t1	A
rna-XM_057806958.1	A	anno1.g4056.t2	A
rna-XM_057806959.1	A	anno1.g7478.t2	A
rna-XM_057806963.1	A	anno1.g897.t1	A
rna-XM_057807085.1	A	anno1.g10379.t1	A
rna-XM_057807216.1	A	anno1.g5879.t1	A
rna-XM_057807287.1	A	anno1.g1061.t1	A
rna-XM_057806858.1	A	anno1.g1065.t1	A
rna-XM_057806843.1	A	anno1.g1064.t1	A
rna-XM_057807067.1	A	anno1.g1067.t1	A
rna-XM_057807066.1	A	anno1.g1069.t2	A
rna-XM_057806604.1	A	anno1.g6993.t3	A
rna-XM_057806836.1	A	anno1.g6940.t1	A
rna-XM_057806826.1	A	anno1.g6941.t1	A
rna-XM_057807252.1	A	anno1.g7080.t1	A
rna-XM_057807259.1	A	anno1.g7785.t1	A
rna-XM_057807256.1	A	anno1.g6344.t1	A
rna-XM_057807262.1	A	anno1.g7784.t1	A
rna-XM_057807270.1	A	anno1.g9543.t1	A
rna-XM_057807281.1	A	anno1.g596.t1	A
rna-XM_057807265.1	A	anno1.g6075.t1	A
rna-XM_057807267.1	A	anno1.g6109.t1	A
rna-XM_057807283.1	A	anno1.g6110.t1	A
rna-XM_057807285.1	A	anno1.g6078.t1	A
rna-XM_057807277.1	A	anno1.g6079.t1	A
rna-XM_057807279.1	A	anno1.g8656.t2	A
rna-XM_057807275.1	A	anno1.g6179.t1	A
rna-XM_057807272.1	A	anno1.g6178.t1	A
rna-XM_057807266.1	A	anno1.g855.t1	A
rna-XM_057807278.1	A	anno1.g1101.t1	A
rna-XM_057807269.1	A	anno1.g6219.t1	A
rna-XM_057807282.1	A	anno1.g132.t1	A
rna-XM_057807273.1	A	anno1.g6217.t1	A
rna-XM_057806916.1	A	anno1.g6220.t1	A
rna-XM_057807308.1	A	anno1.g1941.t1	A
rna-XM_057807232.1	A	anno1.g1936.t1	A
rna-XM_057806819.1	A	anno1.g1929.t1	A
rna-XM_057807320.1	A	anno1.g1822.t1	A
rna-XM_057806723.1	A	anno1.g1791.t1	A
rna-XM_057807243.1	A	anno1.g214.t1	A
rna-XM_057806675.1	A	anno1.g1789.t1	A
rna-XM_057806693.1	A	anno1.g1787.t1	A
rna-XM_057807349.1	A	anno1.g1921.t1	A
rna-XM_057807348.1	A	anno1.g1922.t1	A
rna-XM_057807511.1	A	anno1.g7192.t1	A
rna-XM_057807522.1	A	anno1.g11284.t1	A
rna-XM_057807244.1	A	anno1.g8396.t1	A
rna-XM_057807024.1	A	anno1.g2694.t1	A
rna-XM_057807309.1	A	anno1.g2706.t1	A
rna-XM_057806983.1	A	anno1.g1643.t1	A
rna-XM_057806984.1	A	anno1.g2739.t1	A
rna-XM_057806695.1	A	anno1.g3079.t2	A
rna-XM_057807583.1	A	anno1.g2692.t1	A
rna-XM_057807615.1	A	anno1.g1927.t1	A
rna-XM_057807606.1	A	anno1.g1926.t1	A
rna-XM_057807611.1	A	anno1.g4288.t4	A
rna-XM_057807586.1	A	anno1.g9595.t1	A
rna-XM_057807616.1	A	anno1.g4286.t1	A
rna-XM_057807587.1	A	anno1.g5041.t1	A
rna-XM_057807603.1	A	anno1.g5043.t1	A
rna-XM_057807605.1	A	anno1.g5044.t1	A
rna-XM_057806667.1	A	anno1.g7207.t1	A
rna-XM_057807060.1	A	anno1.g7208.t1	A
rna-XM_057807313.1	A	anno1.g7209.t1	A
rna-XM_057807319.1	A	anno1.g3521.t1	A
rna-XM_057806821.1	A	anno1.g3520.t1	A
rna-XM_057807125.1	A	anno1.g3628.t2	A
rna-XM_057807123.1	A	anno1.g6965.t2	A
rna-XM_057806971.1	A	anno1.g6969.t1	A
rna-XM_057806972.1	A	anno1.g7638.t1	A
rna-XM_057806967.1	A	anno1.g7639.t1	A
rna-XM_057806973.1	A	anno1.g7640.t1	A
rna-XM_057806969.1	A	anno1.g7641.t1	A
rna-XM_057806975.1	A	anno1.g6970.t1	A
rna-XM_057806636.1	A	anno1.g4968.t1	A
rna-XM_057807086.1	A	anno1.g11063.t1	A
rna-XM_057807025.1	A	anno1.g11062.t2	A
rna-XM_057806908.1	A	anno1.g4398.t1	A
rna-XM_057806904.1	A	anno1.g11061.t1	A
rna-XM_057806909.1	A	anno1.g1795.t1	A
rna-XM_057806894.1	A	anno1.g11072.t1	A
rna-XM_057806906.1	A	anno1.g11130.t1	A
rna-XM_057806910.1	A	anno1.g10665.t1	A
rna-XM_057806901.1	A	anno1.g348.t1	A
rna-XM_057806911.1	A	anno1.g10466.t1	A
rna-XM_057806913.1	A	anno1.g9366.t1	A
rna-XM_057806903.1	A	anno1.g3503.t1	A
rna-XM_057806890.1	A	anno1.g10617.t2	A
rna-XM_057806861.1	A	anno1.g9737.t1	A
rna-XM_057806915.1	A	anno1.g10613.t1	A
rna-XM_057806914.1	A	anno1.g10612.t1	A
rna-XM_057806766.1	A	anno1.g10427.t1	A
rna-XM_057806749.1	A	anno1.g9585.t1	A
rna-XM_057807048.1	A	anno1.g10410.t1	A
rna-XM_057806616.1	A	anno1.g10396.t2	A
rna-XM_057807050.1	A	anno1.g10409.t2	A
rna-XM_057807026.1	A	anno1.g9314.t1	A
rna-XM_057807027.1	A	anno1.g9657.t1	A
rna-XM_057807573.1	A	anno1.g6171.t1	A
rna-XM_057807574.1	A	anno1.g6169.t1	A
rna-XM_057806851.1	A	anno1.g5955.t1	A
rna-XM_057806852.1	A	anno1.g9140.t1	A
rna-XM_057807028.1	A	anno1.g6535.t2	A
rna-XM_057807030.1	A	anno1.g6538.t1	A
rna-XM_057807575.1	A	anno1.g6539.t1	A
rna-XM_057807581.1	A	anno1.g6541.t2	A
rna-XM_057807071.1	A	anno1.g6266.t1	A
rna-XM_057807072.1	A	anno1.g6265.t1	A
rna-XM_057806657.1	A	anno1.g6135.t2	A
rna-XM_057806982.1	A	anno1.g7754.t1	A
rna-XM_057806978.1	A	anno1.g6267.t1	A
rna-XM_057806737.1	A	anno1.g870.t1	A
rna-XM_057806763.1	A	anno1.g961.t1	A
rna-XM_057807045.1	A	anno1.g1793.t1	A
rna-XM_057807046.1	A	anno1.g4107.t1	A
rna-XM_057806785.1	A	anno1.g4867.t1	A
rna-XM_057806781.1	A	anno1.g1916.t1	A
rna-XM_057806790.1	A	anno1.g4133.t1	A
rna-XM_057806789.1	A	anno1.g9221.t1	A
rna-XM_057806775.1	A	anno1.g6836.t2	A
rna-XM_057806788.1	A	anno1.g920.t1	A
rna-XM_057806774.1	A	anno1.g4864.t1	A
rna-XM_057806793.1	A	anno1.g4124.t1	A
rna-XM_057806786.1	A	anno1.g4134.t1	A
rna-XM_057806784.1	A	anno1.g6635.t1	A
rna-XM_057806778.1	A	anno1.g722.t1	A
rna-XM_057808934.1	A	anno1.g11450.t1	A
rna-XM_057807659.1	A	anno1.g11453.t1	A
rna-XM_057808553.1	A	anno1.g11419.t1	A
rna-XM_057808548.1	A	anno1.g11410.t1	A
rna-XM_057808550.1	A	anno1.g11442.t2	A
rna-XM_057808560.1	A	anno1.g3383.t1	A
rna-XM_057808573.1	A	anno1.g3382.t1	A
rna-XM_057808574.1	A	anno1.g3381.t1	A
rna-XM_057808576.1	A	anno1.g11128.t1	A
rna-XM_057808581.1	A	anno1.g11518.t1	A
rna-XM_057808561.1	A	anno1.g11520.t1	A
rna-XM_057808555.1	A	anno1.g11439.t2	A
rna-XM_057808571.1	A	anno1.g11440.t1	A
rna-XM_057808580.1	A	anno1.g5839.t1	A
rna-XM_057808556.1	A	anno1.g11441.t1	A
rna-XM_057808582.1	A	anno1.g9704.t1	A
rna-XM_057808583.1	A	anno1.g5397.t1	A
rna-XM_057808584.1	A	anno1.g5396.t3	A
rna-XM_057808586.1	A	anno1.g5395.t1	A
rna-XM_057808587.1	A	anno1.g5215.t1	A
rna-XM_057808588.1	A	anno1.g2039.t1	A
rna-XM_057808603.1	A	anno1.g11475.t1	A
rna-XM_057808601.1	A	anno1.g11476.t1	A
rna-XM_057808599.1	A	anno1.g11477.t1	A
rna-XM_057808607.1	A	anno1.g6578.t2	A
rna-XM_057808610.1	A	anno1.g2153.t1	A
rna-XM_057808612.1	A	anno1.g5498.t1	A
rna-XM_057808611.1	A	anno1.g9717.t1	A
rna-XM_057808613.1	A	anno1.g9716.t1	A
rna-XM_057808614.1	A	anno1.g9714.t1	A
rna-XM_057808615.1	A	anno1.g6747.t1	A
rna-XM_057808619.1	A	anno1.g6748.t1	A
rna-XM_057808623.1	A	anno1.g6495.t1	A
rna-XM_057808624.1	A	anno1.g6749.t1	A
rna-XM_057808626.1	A	anno1.g6496.t2	A
rna-XM_057808631.1	A	anno1.g3946.t1	A
rna-XM_057808634.1	A	anno1.g3947.t1	A
rna-XM_057808633.1	A	anno1.g6765.t1	A
rna-XM_057808636.1	A	anno1.g9500.t2	A
rna-XM_057808637.1	A	anno1.g6576.t1	A
rna-XM_057808632.1	A	anno1.g6575.t1	A
rna-XM_057808635.1	A	anno1.g5321.t1	A
rna-XM_057808640.1	A	anno1.g6574.t1	A
rna-XM_057808643.1	A	anno1.g6573.t1	A
rna-XM_057808653.1	A	anno1.g6571.t1	A
rna-XM_057808648.1	A	anno1.g6569.t1	A
rna-XM_057808649.1	A	anno1.g6570.t1	A
rna-XM_057808652.1	A	anno1.g6568.t2	A
rna-XM_057808658.1	A	anno1.g6567.t1	A
rna-XM_057808656.1	A	anno1.g7546.t1	A
rna-XM_057808663.1	A	anno1.g6758.t1	A
rna-XM_057808681.1	A	anno1.g6759.t1	A
rna-XM_057808677.1	A	anno1.g12.t1	A
rna-XM_057808660.1	A	anno1.g6494.t2	A
rna-XM_057808665.1	A	anno1.g6500.t1	A
rna-XM_057808674.1	A	anno1.g9499.t1	A
rna-XM_057808678.1	A	anno1.g3955.t1	A
rna-XM_057808659.1	A	anno1.g3956.t1	A
rna-XM_057808682.1	A	anno1.g3957.t1	A
rna-XM_057808683.1	A	anno1.g3958.t1	A
rna-XM_057808691.1	A	anno1.g9332.t1	A
rna-XM_057808687.1	A	anno1.g9333.t1	A
rna-XM_057808689.1	A	anno1.g7755.t1	A
rna-XM_057808690.1	A	anno1.g7756.t1	A
rna-XM_057808692.1	A	anno1.g6007.t1	A
rna-XM_057808686.1	A	anno1.g7753.t1	A
rna-XM_057808694.1	A	anno1.g7751.t1	A
rna-XM_057808693.1	A	anno1.g3788.t1	A
rna-XM_057808697.1	A	anno1.g3339.t1	A
rna-XM_057808698.1	A	anno1.g7812.t1	A
rna-XM_057808699.1	A	anno1.g3790.t1	A
rna-XM_057808700.1	A	anno1.g2346.t1	A
rna-XM_057808701.1	A	anno1.g1655.t1	A
rna-XM_057808702.1	A	anno1.g6579.t1	A
rna-XM_057808706.1	A	anno1.g11478.t1	A
rna-XM_057808708.1	A	anno1.g11517.t1	A
rna-XM_057808709.1	A	anno1.g3900.t1	A
rna-XM_057808721.1	A	anno1.g11482.t1	A
rna-XM_057808857.1	A	anno1.g3384.t2	A
rna-XM_057808889.1	A	anno1.g11485.t2	A
rna-XM_057807771.1	A	anno1.g11484.t1	A
rna-XM_057807763.1	A	anno1.g10837.t2	A
rna-XM_057808829.1	A	anno1.g519.t1	A
rna-XM_057807672.1	A	anno1.g522.t1	A
rna-XM_057807941.1	A	anno1.g3351.t1	A
rna-XM_057808305.1	A	anno1.g3353.t1	A
rna-XM_057808545.1	A	anno1.g3354.t2	A
rna-XM_057808547.1	A	anno1.g3355.t1	A
rna-XM_057808542.1	A	anno1.g3356.t1	A
rna-XM_057808538.1	A	anno1.g3358.t1	A
rna-XM_057808024.1	A	anno1.g3357.t1	A
rna-XM_057808273.1	A	anno1.g3493.t2	A
rna-XM_057808274.1	A	anno1.g11402.t2	A
rna-XM_057808268.1	A	anno1.g11502.t1	A
rna-XM_057808278.1	A	anno1.g610.t3	A
rna-XM_057808275.1	A	anno1.g11006.t1	A
rna-XM_057808284.1	A	anno1.g11490.t1	A
rna-XM_057807778.1	A	anno1.g11496.t1	A
rna-XM_057807812.1	A	anno1.g11488.t1	A
rna-XM_057808843.1	A	anno1.g11487.t1	A
rna-XM_057808844.1	A	anno1.g10809.t1	A
rna-XM_057808842.1	A	anno1.g10808.t1	A
rna-XM_057808834.1	A	anno1.g10806.t1	A
rna-XM_057808845.1	A	anno1.g4292.t1	A
rna-XM_057808841.1	A	anno1.g10805.t1	A
rna-XM_057808304.1	A	anno1.g10313.t1	A
rna-XM_057808511.1	A	anno1.g451.t1	A
rna-XM_057807880.1	A	anno1.g612.t1	A
rna-XM_057808296.1	A	anno1.g8027.t1	A
rna-XM_057807750.1	A	anno1.g448.t1	A
rna-XM_057807749.1	A	anno1.g449.t1	A
rna-XM_057808345.1	A	anno1.g447.t1	A
rna-XM_057807983.1	A	anno1.g11421.t1	A
rna-XM_057808131.1	A	anno1.g11423.t1	A
rna-XM_057808496.1	A	anno1.g11425.t1	A
rna-XM_057808041.1	A	anno1.g8710.t1	A
rna-XM_057807632.1	A	anno1.g8626.t1	A
rna-XM_057808099.1	A	anno1.g8625.t1	A
rna-XM_057808085.1	A	anno1.g8624.t1	A
rna-XM_057808090.1	A	anno1.g2127.t1	A
rna-XM_057808106.1	A	anno1.g2044.t1	A
rna-XM_057808096.1	A	anno1.g2047.t1	A
rna-XM_057808095.1	A	anno1.g8741.t1	A
rna-XM_057807629.1	A	anno1.g8312.t1	A
rna-XM_057807630.1	A	anno1.g8314.t1	A
rna-XM_057808798.1	A	anno1.g8468.t1	A
rna-XM_057808800.1	A	anno1.g8469.t1	A
rna-XM_057808805.1	A	anno1.g8297.t2	A
rna-XM_057808811.1	A	anno1.g8470.t1	A
rna-XM_057808173.1	A	anno1.g8296.t1	A
rna-XM_057808181.1	A	anno1.g1467.t1	A
rna-XM_057808180.1	A	anno1.g8914.t1	A
rna-XM_057807801.1	A	anno1.g8307.t1	A
rna-XM_057807802.1	A	anno1.g8310.t1	A
rna-XM_057807797.1	A	anno1.g8309.t1	A
rna-XM_057807800.1	A	anno1.g8186.t1	A
rna-XM_057808833.1	A	anno1.g8308.t1	A
rna-XM_057807674.1	A	anno1.g8311.t1	A
rna-XM_057807808.1	A	anno1.g8328.t1	A
rna-XM_057807762.1	A	anno1.g8329.t1	A
rna-XM_057808231.1	A	anno1.g8645.t1	A
rna-XM_057808488.1	A	anno1.g8683.t2	A
rna-XM_057808494.1	A	anno1.g8684.t1	A
rna-XM_057808815.1	A	anno1.g8975.t1	A
rna-XM_057808814.1	A	anno1.g8682.t1	A
rna-XM_057808248.1	A	anno1.g8685.t1	A
rna-XM_057808245.1	A	anno1.g8977.t1	A
rna-XM_057808243.1	A	anno1.g8013.t1	A
rna-XM_057808244.1	A	anno1.g8014.t1	A
rna-XM_057807950.1	A	anno1.g8015.t1	A
rna-XM_057808169.1	A	anno1.g8094.t1	A
rna-XM_057807867.1	A	anno1.g8095.t1	A
rna-XM_057807870.1	A	anno1.g8009.t1	A
rna-XM_057807669.1	A	anno1.g8010.t1	A
rna-XM_057807871.1	A	anno1.g7880.t1	A
rna-XM_057807636.1	A	anno1.g8646.t4	A
rna-XM_057807864.1	A	anno1.g7885.t1	A
rna-XM_057807717.1	A	anno1.g7884.t1	A
rna-XM_057808025.1	A	anno1.g7883.t2	A
rna-XM_057808028.1	A	anno1.g7882.t1	A
rna-XM_057808230.1	A	anno1.g8667.t1	A
rna-XM_057807685.1	A	anno1.g7877.t1	A
rna-XM_057807666.1	A	anno1.g7881.t1	A
rna-XM_057808847.1	A	anno1.g8647.t2	A
rna-XM_057808846.1	A	anno1.g8648.t1	A
rna-XM_057808854.1	A	anno1.g8332.t1	A
rna-XM_057808851.1	A	anno1.g8331.t1	A
rna-XM_057808849.1	A	anno1.g7894.t2	A
rna-XM_057808856.1	A	anno1.g7892.t1	A
rna-XM_057808855.1	A	anno1.g8660.t1	A
rna-XM_057808295.1	A	anno1.g8657.t1	A
rna-XM_057808046.1	A	anno1.g8662.t1	A
rna-XM_057807899.1	A	anno1.g8664.t1	A
rna-XM_057807912.1	A	anno1.g8666.t1	A
rna-XM_057808831.1	A	anno1.g8982.t2	A
rna-XM_057808830.1	A	anno1.g8981.t1	A
rna-XM_057808832.1	A	anno1.g8011.t1	A
rna-XM_057808158.1	A	anno1.g8983.t1	A
rna-XM_057807628.1	A	anno1.g8984.t1	A
rna-XM_057808498.1	A	anno1.g8985.t1	A
rna-XM_057807947.1	A	anno1.g8711.t1	A
rna-XM_057807940.1	A	anno1.g5302.t1	A
rna-XM_057808448.1	A	anno1.g8012.t1	A
rna-XM_057808450.1	A	anno1.g7878.t1	A
rna-XM_057808456.1	A	anno1.g7879.t1	A
rna-XM_057808501.1	A	anno1.g8650.t1	A
rna-XM_057808911.1	A	anno1.g6521.t1	A
rna-XM_057807967.1	A	anno1.g6614.t1	A
rna-XM_057807813.1	A	anno1.g6617.t2	A
rna-XM_057807818.1	A	anno1.g7695.t1	A
rna-XM_057807816.1	A	anno1.g4014.t1	A
rna-XM_057807819.1	A	anno1.g3899.t1	A
rna-XM_057808503.1	A	anno1.g3902.t1	A
rna-XM_057807829.1	A	anno1.g295.t2	A
rna-XM_057807830.1	A	anno1.g11371.t1	A
rna-XM_057807834.1	A	anno1.g8887.t1	A
rna-XM_057807836.1	A	anno1.g8888.t1	A
rna-XM_057808504.1	A	anno1.g9412.t1	A
rna-XM_057807838.1	A	anno1.g5084.t1	A
rna-XM_057807841.1	A	anno1.g1824.t1	A
rna-XM_057807849.1	A	anno1.g9817.t1	A
rna-XM_057807917.1	A	anno1.g9004.t1	A
rna-XM_057807673.1	A	anno1.g9003.t1	A
rna-XM_057807701.1	A	anno1.g9002.t1	A
rna-XM_057807686.1	A	anno1.g9001.t1	A
rna-XM_057807699.1	A	anno1.g1694.t1	A
rna-XM_057807754.1	A	anno1.g2890.t2	A
rna-XM_057807752.1	A	anno1.g2889.t1	A
rna-XM_057808030.1	A	anno1.g2888.t1	A
rna-XM_057807794.1	A	anno1.g3072.t1	A
rna-XM_057807716.1	A	anno1.g3071.t1	A
rna-XM_057807715.1	A	anno1.g3070.t1	A
rna-XM_057807869.1	A	anno1.g3069.t1	A
rna-XM_057807850.1	A	anno1.g3068.t1	A
rna-XM_057808192.1	A	anno1.g11470.t1	A
rna-XM_057808195.1	A	anno1.g11464.t1	A
rna-XM_057808199.1	A	anno1.g11465.t1	A
rna-XM_057808200.1	A	anno1.g11468.t1	A
rna-XM_057808204.1	A	anno1.g11401.t1	A
rna-XM_057808083.1	A	anno1.g11481.t1	A
rna-XM_057807946.1	A	anno1.g11480.t1	A
rna-XM_057808793.1	A	anno1.g11486.t1	A
rna-XM_057808795.1	A	anno1.g3346.t1	A
rna-XM_057808790.1	A	anno1.g11393.t1	A
rna-XM_057808797.1	A	anno1.g3345.t1	A
rna-XM_057808157.1	A	anno1.g11380.t1	A
rna-XM_057808016.1	A	anno1.g1693.t1	A
rna-XM_057808017.1	A	anno1.g1492.t1	A
rna-XM_057808019.1	A	anno1.g9906.t2	A
rna-XM_057807942.1	A	anno1.g8199.t1	A
rna-XM_057807931.1	A	anno1.g11303.t1	A
rna-XM_057807795.1	A	anno1.g9457.t1	A
rna-XM_057808883.1	A	anno1.g9889.t1	A
rna-XM_057808926.1	A	anno1.g8236.t1	A
rna-XM_057807656.1	A	anno1.g6005.t1	A
rna-XM_057807655.1	A	anno1.g1983.t1	A
rna-XM_057807657.1	A	anno1.g7211.t2	A
rna-XM_057807648.1	A	anno1.g2886.t1	A
rna-XM_057808141.1	A	anno1.g2885.t1	A
rna-XM_057808138.1	A	anno1.g2884.t1	A
rna-XM_057808140.1	A	anno1.g3041.t1	A
rna-XM_057807975.1	A	anno1.g3043.t1	A
rna-XM_057808506.1	A	anno1.g3044.t1	A
rna-XM_057807676.1	A	anno1.g3045.t1	A
rna-XM_057808154.1	A	anno1.g3055.t1	A
rna-XM_057808233.1	A	anno1.g3058.t1	A
rna-XM_057807858.1	A	anno1.g3059.t1	A
rna-XM_057808910.1	A	anno1.g3061.t1	A
rna-XM_057808167.1	A	anno1.g3062.t1	A
rna-XM_057807723.1	A	anno1.g3032.t1	A
rna-XM_057807726.1	A	anno1.g3031.t1	A
rna-XM_057807746.1	A	anno1.g5085.t1	A
rna-XM_057807789.1	A	anno1.g1818.t2	A
rna-XM_057808507.1	A	anno1.g1817.t1	A
rna-XM_057807670.1	A	anno1.g1823.t1	A
rna-XM_057807671.1	A	anno1.g1820.t1	A
rna-XM_057807713.1	A	anno1.g1821.t1	A
rna-XM_057807711.1	A	anno1.g1358.t1	A
rna-XM_057807714.1	A	anno1.g1359.t1	A
rna-XM_057808116.1	A	anno1.g2005.t1	A
rna-XM_057807662.1	A	anno1.g2006.t1	A
rna-XM_057807663.1	A	anno1.g2007.t1	A
rna-XM_057807665.1	A	anno1.g1989.t1	A
rna-XM_057807918.1	A	anno1.g1982.t1	A
rna-XM_057808530.1	A	anno1.g1981.t1	A
rna-XM_057808534.1	A	anno1.g1974.t1	A
rna-XM_057808535.1	A	anno1.g1968.t1	A
rna-XM_057808537.1	A	anno1.g1969.t1	A
rna-XM_057808536.1	A	anno1.g1970.t1	A
rna-XM_057808122.1	A	anno1.g1971.t1	A
rna-XM_057807979.1	A	anno1.g1439.t1	A
rna-XM_057808876.1	A	anno1.g581.t1	A
rna-XM_057807718.1	A	anno1.g5138.t1	A
rna-XM_057807853.1	A	anno1.g2344.t1	A
rna-XM_057808216.1	A	anno1.g5368.t1	A
rna-XM_057808222.1	A	anno1.g799.t1	A
rna-XM_057808229.1	A	anno1.g2904.t1	A
rna-XM_057808226.1	A	anno1.g2402.t1	A
rna-XM_057808228.1	A	anno1.g2401.t2	A
rna-XM_057808212.1	A	anno1.g11243.t2	A
rna-XM_057808215.1	A	anno1.g934.t1	A
rna-XM_057808209.1	A	anno1.g3545.t1	A
rna-XM_057808213.1	A	anno1.g5375.t1	A
rna-XM_057808217.1	A	anno1.g5379.t3	A
rna-XM_057808118.1	A	anno1.g5380.t1	A
rna-XM_057807920.1	A	anno1.g5381.t1	A
rna-XM_057807948.1	A	anno1.g5382.t1	A
rna-XM_057808727.1	A	anno1.g5134.t1	A
rna-XM_057808724.1	A	anno1.g8886.t1	A
rna-XM_057808725.1	A	anno1.g7001.t1	A
rna-XM_057808728.1	A	anno1.g5531.t1	A
rna-XM_057808081.1	A	anno1.g2342.t1	A
rna-XM_057808079.1	A	anno1.g5092.t1	A
rna-XM_057808895.1	A	anno1.g486.t1	A
rna-XM_057807897.1	A	anno1.g5093.t1	A
rna-XM_057807886.1	A	anno1.g1718.t1	A
rna-XM_057807893.1	A	anno1.g5094.t2	A
rna-XM_057807881.1	A	anno1.g5095.t1	A
rna-XM_057807888.1	A	anno1.g5097.t1	A
rna-XM_057807887.1	A	anno1.g5098.t1	A
rna-XM_057808824.1	A	anno1.g5099.t1	A
rna-XM_057808827.1	A	anno1.g5109.t1	A
rna-XM_057808826.1	A	anno1.g5110.t1	A
rna-XM_057807960.1	A	anno1.g5374.t2	A
rna-XM_057808263.1	A	anno1.g5334.t1	A
rna-XM_057807932.1	A	anno1.g5335.t1	A
rna-XM_057807954.1	A	anno1.g5336.t1	A
rna-XM_057807792.1	A	anno1.g5337.t1	A
rna-XM_057807793.1	A	anno1.g5338.t1	A
rna-XM_057808125.1	A	anno1.g7746.t1	A
rna-XM_057808126.1	A	anno1.g5844.t1	A
rna-XM_057808124.1	A	anno1.g5836.t1	A
rna-XM_057807796.1	A	anno1.g5832.t2	A
rna-XM_057808297.1	A	anno1.g5838.t1	A
rna-XM_057808298.1	A	anno1.g5840.t1	A
rna-XM_057808302.1	A	anno1.g5841.t1	A
rna-XM_057808299.1	A	anno1.g5842.t1	A
rna-XM_057808187.1	A	anno1.g5843.t2	A
rna-XM_057808514.1	A	anno1.g5837.t1	A
rna-XM_057808251.1	A	anno1.g5835.t5	A
rna-XM_057808254.1	A	anno1.g3083.t1	A
rna-XM_057808253.1	A	anno1.g2891.t1	A
rna-XM_057808260.1	A	anno1.g3014.t1	A
rna-XM_057808258.1	A	anno1.g3013.t1	A
rna-XM_057807646.1	A	anno1.g3012.t1	A
rna-XM_057807939.1	A	anno1.g8832.t2	A
rna-XM_057807935.1	A	anno1.g9951.t1	A
rna-XM_057807995.1	A	anno1.g7122.t1	A
rna-XM_057807996.1	A	anno1.g3018.t1	A
rna-XM_057807863.1	A	anno1.g9198.t1	A
rna-XM_057808013.1	A	anno1.g122.t1	A
rna-XM_057808008.1	A	anno1.g1072.t1	A
rna-XM_057808014.1	A	anno1.g117.t1	A
rna-XM_057808011.1	A	anno1.g5820.t2	A
rna-XM_057808015.1	A	anno1.g5303.t1	A
rna-XM_057808012.1	A	anno1.g3199.t1	A
rna-XM_057808010.1	A	anno1.g3198.t2	A
rna-XM_057808306.1	A	anno1.g1782.t1	A
rna-XM_057808307.1	A	anno1.g1781.t5	A
rna-XM_057808329.1	A	anno1.g7984.t2	A
rna-XM_057808341.1	A	anno1.g7985.t1	A
rna-XM_057808328.1	A	anno1.g9760.t1	A
rna-XM_057808339.1	A	anno1.g9216.t1	A
rna-XM_057808337.1	A	anno1.g9215.t1	A
rna-XM_057808342.1	A	anno1.g5821.t1	A
rna-XM_057808333.1	A	anno1.g5822.t1	A
rna-XM_057808330.1	A	anno1.g5825.t2	A
rna-XM_057808332.1	A	anno1.g5826.t1	A
rna-XM_057807722.1	A	anno1.g5827.t1	A
rna-XM_057808161.1	A	anno1.g5828.t1	A
rna-XM_057808923.1	A	anno1.g5830.t1	A
rna-XM_057808924.1	A	anno1.g5831.t1	A
rna-XM_057808919.1	A	anno1.g11389.t1	A
rna-XM_057808921.1	A	anno1.g11107.t1	A
rna-XM_057808916.1	A	anno1.g2051.t1	A
rna-XM_057807855.1	A	anno1.g11387.t1	A
rna-XM_057808900.1	A	anno1.g2040.t1	A
rna-XM_057808901.1	A	anno1.g4709.t1	A
rna-XM_057808898.1	A	anno1.g3082.t1	A
rna-XM_057808904.1	A	anno1.g2947.t1	A
rna-XM_057808905.1	A	anno1.g2893.t1	A
rna-XM_057808906.1	A	anno1.g2522.t1	A
rna-XM_057808908.1	A	anno1.g5254.t1	A
rna-XM_057808515.1	A	anno1.g5763.t1	A
rna-XM_057808077.1	A	anno1.g5759.t1	A
rna-XM_057808051.1	A	anno1.g5761.t5	A
rna-XM_057808060.1	A	anno1.g11390.t1	A
rna-XM_057808069.1	A	anno1.g11391.t1	A
rna-XM_057808068.1	A	anno1.g11392.t1	A
rna-XM_057808064.1	A	anno1.g11381.t1	A
rna-XM_057808065.1	A	anno1.g8909.t1	A
rna-XM_057808072.1	A	anno1.g10538.t1	A
rna-XM_057808070.1	A	anno1.g8910.t1	A
rna-XM_057808073.1	A	anno1.g8911.t1	A
rna-XM_057808062.1	A	anno1.g5486.t1	A
rna-XM_057808049.1	A	anno1.g555.t1	A
rna-XM_057808074.1	A	anno1.g9901.t1	A
rna-XM_057808044.1	A	anno1.g487.t1	A
rna-XM_057808517.1	A	anno1.g9902.t1	A
rna-XM_057807919.1	A	anno1.g10486.t1	A
rna-XM_057807747.1	A	anno1.g3177.t1	A
rna-XM_057808108.1	A	anno1.g3178.t1	A
rna-XM_057808265.1	A	anno1.g3179.t1	A
rna-XM_057807804.1	A	anno1.g3180.t2	A
rna-XM_057807784.1	A	anno1.g8607.t2	A
rna-XM_057807788.1	A	anno1.g8608.t1	A
rna-XM_057807963.1	A	anno1.g8872.t1	A
rna-XM_057808153.1	A	anno1.g4109.t1	A
rna-XM_057808159.1	A	anno1.g9961.t2	A
rna-XM_057808160.1	A	anno1.g9963.t1	A
rna-XM_057807809.1	A	anno1.g8963.t1	A
rna-XM_057807770.1	A	anno1.g10907.t1	A
rna-XM_057808182.1	A	anno1.g499.t1	A
rna-XM_057807759.1	A	anno1.g11266.t1	A
rna-XM_057808519.1	A	anno1.g323.t2	A
rna-XM_057807757.1	A	anno1.g250.t1	A
rna-XM_057807683.1	A	anno1.g824.t3	A
rna-XM_057808203.1	A	anno1.g2779.t1	A
rna-XM_057807773.1	A	anno1.g2824.t1	A
rna-XM_057807772.1	A	anno1.g2823.t2	A
rna-XM_057807675.1	A	anno1.g836.t1	A
rna-XM_057808816.1	A	anno1.g10166.t1	A
rna-XM_057808822.1	A	anno1.g10167.t1	A
rna-XM_057808819.1	A	anno1.g6111.t1	A
rna-XM_057808817.1	A	anno1.g10099.t1	A
rna-XM_057808048.1	A	anno1.g6129.t1	A
rna-XM_057807806.1	A	anno1.g10052.t1	A
rna-XM_057807807.1	A	anno1.g10053.t1	A
rna-XM_057807878.1	A	anno1.g574.t1	A
rna-XM_057807872.1	A	anno1.g573.t1	A
rna-XM_057807876.1	A	anno1.g10051.t2	A
rna-XM_057807875.1	A	anno1.g10050.t1	A
rna-XM_057808189.1	A	anno1.g10045.t2	A
rna-XM_057808188.1	A	anno1.g10106.t2	A
rna-XM_057807971.1	A	anno1.g2780.t1	A
rna-XM_057807973.1	A	anno1.g2781.t2	A
rna-XM_057808166.1	A	anno1.g9765.t1	A
rna-XM_057807928.1	A	anno1.g9764.t1	A
rna-XM_057808107.1	A	anno1.g9763.t1	A
rna-XM_057808236.1	A	anno1.g10005.t2	A
rna-XM_057808170.1	A	anno1.g10009.t1	A
rna-XM_057807915.1	A	anno1.g1612.t1	A
rna-XM_057807859.1	A	anno1.g1611.t1	A
rna-XM_057808473.1	A	anno1.g1610.t1	A
rna-XM_057808470.1	A	anno1.g1609.t2	A
rna-XM_057808477.1	A	anno1.g1599.t1	A
rna-XM_057808474.1	A	anno1.g1534.t1	A
rna-XM_057808462.1	A	anno1.g10163.t1	A
rna-XM_057808004.1	A	anno1.g10261.t1	A
rna-XM_057808007.1	A	anno1.g10259.t1	A
rna-XM_057808006.1	A	anno1.g10164.t1	A
rna-XM_057808729.1	A	anno1.g9953.t1	A
rna-XM_057808783.1	A	anno1.g9955.t1	A
rna-XM_057808787.1	A	anno1.g11067.t1	A
rna-XM_057808208.1	A	anno1.g7111.t1	A
rna-XM_057808036.1	A	anno1.g7135.t1	A
rna-XM_057808037.1	A	anno1.g7115.t1	A
rna-XM_057808032.1	A	anno1.g503.t1	A
rna-XM_057808047.1	A	anno1.g505.t1	A
rna-XM_057807810.1	A	anno1.g4555.t1	A
rna-XM_057807953.1	A	anno1.g4764.t1	A
rna-XM_057808144.1	A	anno1.g7457.t1	A
rna-XM_057808146.1	A	anno1.g7458.t1	A
rna-XM_057808525.1	A	anno1.g6481.t1	A
rna-XM_057808127.1	A	anno1.g6406.t1	A
rna-XM_057808350.1	A	anno1.g6480.t1	A
rna-XM_057808353.1	A	anno1.g6479.t1	A
rna-XM_057808354.1	A	anno1.g592.t1	A
rna-XM_057808356.1	A	anno1.g2514.t1	A
rna-XM_057808357.1	A	anno1.g2505.t1	A
rna-XM_057808358.1	A	anno1.g2506.t1	A
rna-XM_057808360.1	A	anno1.g4965.t1	A
rna-XM_057808362.1	A	anno1.g9174.t1	A
rna-XM_057808361.1	A	anno1.g4966.t1	A
rna-XM_057808363.1	A	anno1.g658.t1	A
rna-XM_057808364.1	A	anno1.g3329.t1	A
rna-XM_057808365.1	A	anno1.g3325.t1	A
rna-XM_057808369.1	A	anno1.g594.t1	A
rna-XM_057808370.1	A	anno1.g595.t4	A
rna-XM_057808371.1	A	anno1.g657.t1	A
rna-XM_057808372.1	A	anno1.g5227.t1	A
rna-XM_057808373.1	A	anno1.g533.t1	A
rna-XM_057808378.1	A	anno1.g2512.t1	A
rna-XM_057808384.1	A	anno1.g771.t1	A
rna-XM_057808388.1	A	anno1.g7425.t1	A
rna-XM_057808387.1	A	anno1.g11320.t1	A
rna-XM_057808394.1	A	anno1.g105.t1	A
rna-XM_057808400.1	A	anno1.g104.t1	A
rna-XM_057808397.1	A	anno1.g3703.t1	A
rna-XM_057808390.1	A	anno1.g3702.t1	A
rna-XM_057808402.1	A	anno1.g3701.t1	A
rna-XM_057808403.1	A	anno1.g3700.t2	A
rna-XM_057808404.1	A	anno1.g2490.t1	A
rna-XM_057808411.1	A	anno1.g2489.t1	A
rna-XM_057808409.1	A	anno1.g9328.t2	A
rna-XM_057808416.1	A	anno1.g8289.t1	A
rna-XM_057808414.1	A	anno1.g8281.t1	A
rna-XM_057808415.1	A	anno1.g8280.t1	A
rna-XM_057808419.1	A	anno1.g3413.t2	A
rna-XM_057808418.1	A	anno1.both_agree_g10124.t1	A
rna-XM_057808422.1	A	anno1.g1607.t1	A
rna-XM_057808424.1	A	anno1.g1606.t1	A
rna-XM_057808423.1	A	anno1.g1682.t1	A
rna-XM_057808426.1	A	anno1.g1681.t1	A
rna-XM_057808431.1	A	anno1.g1680.t1	A
rna-XM_057808432.1	A	anno1.g1679.t1	A
rna-XM_057808433.1	A	anno1.g1678.t2	A
rna-XM_057809838.1	A	anno1.g8803.t1	A
rna-XM_057809845.1	A	anno1.g10408.t1	A
rna-XM_057809842.1	A	anno1.g10407.t2	A
rna-XM_057809948.1	A	anno1.g10390.t1	A
rna-XM_057808966.1	A	anno1.g6762.t1	A
rna-XM_057809813.1	A	anno1.g5291.t1	A
rna-XM_057809807.1	A	anno1.g6594.t1	A
rna-XM_057809811.1	A	anno1.g6595.t1	A
rna-XM_057809809.1	A	anno1.g8518.t1	A
rna-XM_057809315.1	A	anno1.g10316.t1	A
rna-XM_057809356.1	A	anno1.g2069.t1	A
rna-XM_057809329.1	A	anno1.g3629.t2	A
rna-XM_057809324.1	A	anno1.g9372.t1	A
rna-XM_057809336.1	A	anno1.g9612.t1	A
rna-XM_057809341.1	A	anno1.g8517.t2	A
rna-XM_057809424.1	A	anno1.g3689.t1	A
rna-XM_057809304.1	A	anno1.g3690.t1	A
rna-XM_057809419.1	A	anno1.g3688.t1	A
rna-XM_057809274.1	A	anno1.g10383.t1	A
rna-XM_057809276.1	A	anno1.g10384.t1	A
rna-XM_057809884.1	A	anno1.g3686.t1	A
rna-XM_057809885.1	A	anno1.g3536.t1	A
rna-XM_057809923.1	A	anno1.g3555.t1	A
rna-XM_057809930.1	A	anno1.g3554.t1	A
rna-XM_057809921.1	A	anno1.g3553.t1	A
rna-XM_057809927.1	A	anno1.g3557.t1	A
rna-XM_057809926.1	A	anno1.g3556.t1	A
rna-XM_057809918.1	A	anno1.g3552.t1	A
rna-XM_057809928.1	A	anno1.g9514.t1	A
rna-XM_057809925.1	A	anno1.g8969.t2	A
rna-XM_057809903.1	A	anno1.g9517.t3	A
rna-XM_057809924.1	A	anno1.g9526.t1	A
rna-XM_057809929.1	A	anno1.g7513.t1	A
rna-XM_057809889.1	A	anno1.g9534.t3	A
rna-XM_057809269.1	A	anno1.g9535.t1	A
rna-XM_057809272.1	A	anno1.g9533.t1	A
rna-XM_057809271.1	A	anno1.g9532.t1	A
rna-XM_057809546.1	A	anno1.g9531.t1	A
rna-XM_057809247.1	A	anno1.g9529.t1	A
rna-XM_057809656.1	A	anno1.g9536.t1	A
rna-XM_057809659.1	A	anno1.g9516.t1	A
rna-XM_057809662.1	A	anno1.g9520.t1	A
rna-XM_057809665.1	A	anno1.g9515.t1	A
rna-XM_057809663.1	A	anno1.g9519.t1	A
rna-XM_057809555.1	A	anno1.g5497.t1	A
rna-XM_057809554.1	A	anno1.g9527.t1	A
rna-XM_057809086.1	A	anno1.g9528.t1	A
rna-XM_057809090.1	A	anno1.g9655.t2	A
rna-XM_057809093.1	A	anno1.g10380.t1	A
rna-XM_057809094.1	A	anno1.g10381.t2	A
rna-XM_057809100.1	A	anno1.g10308.t1	A
rna-XM_057809095.1	A	anno1.g9530.t3	A
rna-XM_057809101.1	A	anno1.g8919.t1	A
rna-XM_057809103.1	A	anno1.g10948.t1	A
rna-XM_057809104.1	A	anno1.g7744.t1	A
rna-XM_057809105.1	A	anno1.g4579.t1	A
rna-XM_057809108.1	A	anno1.g1407.t4	A
rna-XM_057809127.1	A	anno1.g9723.t1	A
rna-XM_057809128.1	A	anno1.g1155.t1	A
rna-XM_057809124.1	A	anno1.g1408.t1	A
rna-XM_057809129.1	A	anno1.g3939.t1	A
rna-XM_057809132.1	A	anno1.g3732.t1	A
rna-XM_057808960.1	A	anno1.g3734.t2	A
rna-XM_057809681.1	A	anno1.g9456.t2	A
rna-XM_057809418.1	A	anno1.g9604.t1	A
rna-XM_057809417.1	A	anno1.g9605.t2	A
rna-XM_057808969.1	A	anno1.g9607.t1	A
rna-XM_057808967.1	A	anno1.g10860.t1	A
rna-XM_057809359.1	A	anno1.g6898.t1	A
rna-XM_057809363.1	A	anno1.g5904.t1	A
rna-XM_057809562.1	A	anno1.g5903.t1	A
rna-XM_057809826.1	A	anno1.g5327.t1	A
rna-XM_057809831.1	A	anno1.g6347.t1	A
rna-XM_057809836.1	A	anno1.g5900.t1	A
rna-XM_057809956.1	A	anno1.g5898.t2	A
rna-XM_057809212.1	A	anno1.g9454.t1	A
rna-XM_057809301.1	A	anno1.g5905.t1	A
rna-XM_057809591.1	A	anno1.g6029.t1	A
rna-XM_057809794.1	A	anno1.g8943.t1	A
rna-XM_057809795.1	A	anno1.g1541.t2	A
rna-XM_057809787.1	A	anno1.g8944.t1	A
rna-XM_057809797.1	A	anno1.g3037.t1	A
rna-XM_057809801.1	A	anno1.g2299.t1	A
rna-XM_057809802.1	A	anno1.g2298.t1	A
rna-XM_057809806.1	A	anno1.g10838.t1	A
rna-XM_057809805.1	A	anno1.g4723.t2	A
rna-XM_057809307.1	A	anno1.g7469.t1	A
rna-XM_057809343.1	A	anno1.g7470.t1	A
rna-XM_057809342.1	A	anno1.g2113.t2	A
rna-XM_057809344.1	A	anno1.g9088.t1	A
rna-XM_057809248.1	A	anno1.g2300.t1	A
rna-XM_057809312.1	A	anno1.g6326.t1	A
rna-XM_057809042.1	A	anno1.g1770.t1	A
rna-XM_057809523.1	A	anno1.g1771.t1	A
rna-XM_057809414.1	A	anno1.g1217.t1	A
rna-XM_057809491.1	A	anno1.g398.t1	A
rna-XM_057809489.1	A	anno1.g1218.t1	A
rna-XM_057809493.1	A	anno1.g1772.t1	A
rna-XM_057809490.1	A	anno1.g1952.t1	A
rna-XM_057809306.1	A	anno1.g1215.t1	A
rna-XM_057809624.1	A	anno1.g7834.t1	A
rna-XM_057809627.1	A	anno1.g399.t1	A
rna-XM_057809626.1	A	anno1.g8139.t1	A
rna-XM_057809539.1	A	anno1.g2114.t1	A
rna-XM_057809552.1	A	anno1.g8142.t1	A
rna-XM_057809551.1	A	anno1.g8141.t2	A
rna-XM_057809278.1	A	anno1.g8143.t1	A
rna-XM_057809218.1	A	anno1.g8780.t1	A
rna-XM_057809216.1	A	anno1.g8779.t1	A
rna-XM_057808978.1	A	anno1.g36.t1	A
rna-XM_057808979.1	A	anno1.g1740.t1	A
rna-XM_057809244.1	A	anno1.g261.t1	A
rna-XM_057809686.1	A	anno1.g6189.t1	A
rna-XM_057809227.1	A	anno1.g3567.t1	A
rna-XM_057809687.1	A	anno1.g8703.t1	A
rna-XM_057809297.1	A	anno1.g8024.t1	A
rna-XM_057809507.1	A	anno1.g7574.t1	A
rna-XM_057809263.1	A	anno1.g7337.t1	A
rna-XM_057809148.1	A	anno1.g8257.t1	A
rna-XM_057809530.1	A	anno1.g9719.t1	A
rna-XM_057809534.1	A	anno1.g7915.t1	A
rna-XM_057809536.1	A	anno1.g6564.t1	A
rna-XM_057809532.1	A	anno1.g9629.t1	A
rna-XM_057809372.1	A	anno1.g6408.t1	A
rna-XM_057809373.1	A	anno1.g6409.t1	A
rna-XM_057809370.1	A	anno1.g6407.t1	A
rna-XM_057809375.1	A	anno1.g8494.t2	A
rna-XM_057809377.1	A	anno1.g8495.t1	A
rna-XM_057809380.1	A	anno1.g8824.t1	A
rna-XM_057809383.1	A	anno1.g8825.t1	A
rna-XM_057809384.1	A	anno1.g8826.t1	A
rna-XM_057809387.1	A	anno1.g8827.t1	A
rna-XM_057809389.1	A	anno1.g8828.t1	A
rna-XM_057809391.1	A	anno1.g8829.t1	A
rna-XM_057809689.1	A	anno1.g8830.t2	A
rna-XM_057809393.1	A	anno1.g6188.t2	A
rna-XM_057809394.1	A	anno1.g6083.t1	A
rna-XM_057809407.1	A	anno1.g6080.t1	A
rna-XM_057809402.1	A	anno1.g9549.t1	A
rna-XM_057809345.1	A	anno1.g9551.t1	A
rna-XM_057809348.1	A	anno1.g9552.t1	A
rna-XM_057809219.1	A	anno1.g9553.t1	A
rna-XM_057809540.1	A	anno1.g9453.t1	A
rna-XM_057809505.1	A	anno1.g9498.t1	A
rna-XM_057809705.1	A	anno1.g6498.t1	A
rna-XM_057809709.1	A	anno1.g6757.t1	A
rna-XM_057809715.1	A	anno1.g7343.t1	A
rna-XM_057809718.1	A	anno1.g7345.t1	A
rna-XM_057809721.1	A	anno1.g7348.t1	A
rna-XM_057809706.1	A	anno1.g7235.t1	A
rna-XM_057809719.1	A	anno1.g4391.t2	A
rna-XM_057809714.1	A	anno1.g4394.t1	A
rna-XM_057809712.1	A	anno1.g4396.t1	A
rna-XM_057809724.1	A	anno1.g7234.t1	A
rna-XM_057809726.1	A	anno1.g4967.t2	A
rna-XM_057809746.1	A	anno1.g4389.t2	A
rna-XM_057809754.1	A	anno1.g6960.t1	A
rna-XM_057809732.1	A	anno1.g7504.t1	A
rna-XM_057809759.1	A	anno1.g7505.t1	A
rna-XM_057809728.1	A	anno1.g7506.t3	A
rna-XM_057809758.1	A	anno1.g7498.t1	A
rna-XM_057809518.1	A	anno1.g3787.t1	A
rna-XM_057809154.1	A	anno1.g7761.t2	A
rna-XM_057809040.1	A	anno1.g7340.t3	A
rna-XM_057809593.1	A	anno1.g7338.t1	A
rna-XM_057809643.1	A	anno1.g4734.t1	A
rna-XM_057809629.1	A	anno1.g3277.t1	A
rna-XM_057809631.1	A	anno1.g6962.t1	A
rna-XM_057809641.1	A	anno1.g4699.t1	A
rna-XM_057809642.1	A	anno1.g4700.t2	A
rna-XM_057809043.1	A	anno1.g4779.t1	A
rna-XM_057809600.1	A	anno1.g4780.t1	A
rna-XM_057809602.1	A	anno1.g4781.t1	A
rna-XM_057809594.1	A	anno1.g4782.t1	A
rna-XM_057809603.1	A	anno1.g7121.t1	A
rna-XM_057809605.1	A	anno1.g7444.t1	A
rna-XM_057809608.1	A	anno1.g7445.t1	A
rna-XM_057809819.1	A	anno1.g7102.t1	A
rna-XM_057809940.1	A	anno1.g4281.t2	A
rna-XM_057809676.1	A	anno1.g7101.t3	A
rna-XM_057809231.1	A	anno1.g1102.t1	A
rna-XM_057809408.1	A	anno1.g7474.t1	A
rna-XM_057809311.1	A	anno1.g7096.t1	A
rna-XM_057809352.1	A	anno1.g8632.t1	A
rna-XM_057809083.1	A	anno1.g3976.t1	A
rna-XM_057809082.1	A	anno1.g3975.t1	A
rna-XM_057809494.1	A	anno1.g10666.t1	A
rna-XM_057809496.1	A	anno1.g3977.t1	A
rna-XM_057809498.1	A	anno1.g3978.t1	A
rna-XM_057809411.1	A	anno1.g3729.t1	A
rna-XM_057809520.1	A	anno1.g11073.t2	A
rna-XM_057809512.1	A	anno1.g3731.t1	A
rna-XM_057809514.1	A	anno1.g3730.t1	A
rna-XM_057809847.1	A	anno1.g617.t1	A
rna-XM_057809499.1	A	anno1.g598.t1	A
rna-XM_057809265.1	A	anno1.g6047.t1	A
rna-XM_057809367.1	A	anno1.g3733.t1	A
rna-XM_057809183.1	A	anno1.g3591.t1	A
rna-XM_057809174.1	A	anno1.g3589.t1	A
rna-XM_057809180.1	A	anno1.g3974.t1	A
rna-XM_057809201.1	A	anno1.g2222.t1	A
rna-XM_057809207.1	A	anno1.g9147.t1	A
rna-XM_057809200.1	A	anno1.g4726.t1	A
rna-XM_057809195.1	A	anno1.g4674.t1	A
rna-XM_057809199.1	A	anno1.g4676.t1	A
rna-XM_057809170.1	A	anno1.g4289.t1	A
rna-XM_057809203.1	A	anno1.g4290.t1	A
rna-XM_057809191.1	A	anno1.g4191.t1	A
rna-XM_057809190.1	A	anno1.g7089.t1	A
rna-XM_057809193.1	A	anno1.g4689.t1	A
rna-XM_057809198.1	A	anno1.g2315.t1	A
rna-XM_057809694.1	A	anno1.g4688.t1	A
rna-XM_057809695.1	A	anno1.g4686.t1	A
rna-XM_057809696.1	A	anno1.g4684.t1	A
rna-XM_057808995.1	A	anno1.g4683.t1	A
rna-XM_057809000.1	A	anno1.g7352.t1	A
rna-XM_057808999.1	A	anno1.g7245.t1	A
rna-XM_057809428.1	A	anno1.g7447.t1	A
rna-XM_057809936.1	A	anno1.g4778.t1	A
rna-XM_057809452.1	A	anno1.g4582.t2	A
rna-XM_057809465.1	A	anno1.g5009.t1	A
rna-XM_057809461.1	A	anno1.g4586.t1	A
rna-XM_057809478.1	A	anno1.g5010.t1	A
rna-XM_057809783.1	A	anno1.g5014.t1	A
rna-XM_057809273.1	A	anno1.g4731.t1	A
rna-XM_057809500.1	A	anno1.g6200.t1	A
rna-XM_057809697.1	A	anno1.g4730.t1	A
rna-XM_057809503.1	A	anno1.g4729.t1	A
rna-XM_057809501.1	A	anno1.g4728.t1	A
rna-XM_057809163.1	A	anno1.g4733.t1	A
rna-XM_057809164.1	A	anno1.g4991.t1	A
rna-XM_057809548.1	A	anno1.g7219.t1	A
rna-XM_057809305.1	A	anno1.g7218.t1	A
rna-XM_057809559.1	A	anno1.g6802.t1	A
rna-XM_057809949.1	A	anno1.g6801.t1	A
rna-XM_057809288.1	A	anno1.g6800.t1	A
rna-XM_057809771.1	A	anno1.g7483.t2	A
rna-XM_057809768.1	A	anno1.g1811.t1	A
rna-XM_057809767.1	A	anno1.g7114.t1	A
rna-XM_057809772.1	A	anno1.g7484.t2	A
rna-XM_057809240.1	A	anno1.g7486.t1	A
rna-XM_057809652.1	A	anno1.g7488.t2	A
rna-XM_057809649.1	A	anno1.g232.t2	A
rna-XM_057809645.1	A	anno1.g7489.t1	A
rna-XM_057809621.1	A	anno1.g3895.t1	A
rna-XM_057809622.1	A	anno1.g2091.t3	A
rna-XM_057809236.1	A	anno1.g2691.t2	A
rna-XM_057809230.1	A	anno1.g2689.t1	A
rna-XM_057809433.1	A	anno1.g2417.t1	A
rna-XM_057809774.1	A	anno1.g2415.t2	A
rna-XM_057809779.1	A	anno1.g2413.t1	A
rna-XM_057809781.1	A	anno1.g2412.t1	A
rna-XM_057809526.1	A	anno1.g10468.t1	A
rna-XM_057809003.1	A	anno1.g6453.t1	A
rna-XM_057809005.1	A	anno1.g10101.t1	A
rna-XM_057809012.1	A	anno1.g6803.t1	A
rna-XM_057809022.1	A	anno1.g6804.t1	A
rna-XM_057809023.1	A	anno1.g7480.t1	A
rna-XM_057809024.1	A	anno1.g7481.t1	A
rna-XM_057809029.1	A	anno1.g7482.t1	A
rna-XM_057809038.1	A	anno1.g6826.t1	A
rna-XM_057809483.1	A	anno1.g6825.t1	A
rna-XM_057809700.1	A	anno1.g6823.t1	A
rna-XM_057809837.1	A	anno1.g6812.t1	A
rna-XM_057809208.1	A	anno1.g6811.t1	A
rna-XM_057809209.1	A	anno1.g6810.t1	A
rna-XM_057809210.1	A	anno1.g8970.t1	A
rna-XM_057809685.1	A	anno1.g6806.t1	A
rna-XM_057809146.1	A	anno1.g6807.t2	A
rna-XM_057809295.1	A	anno1.g6808.t1	A
rna-XM_057808989.1	A	anno1.g6526.t2	A
rna-XM_057808994.1	A	anno1.g6529.t1	A
rna-XM_057809150.1	A	anno1.g557.t1	A
rna-XM_057809153.1	A	anno1.g6528.t1	A
rna-XM_057809614.1	A	anno1.g6627.t1	A
rna-XM_057809613.1	A	anno1.g6008.t1	A
rna-XM_057809616.1	A	anno1.g3807.t1	A
rna-XM_057809620.1	A	anno1.g6798.t1	A
rna-XM_057808957.1	A	anno1.g6799.t1	A
rna-XM_057808958.1	A	anno1.g9073.t1	A
rna-XM_057809542.1	A	anno1.g9097.t1	A
rna-XM_057809937.1	A	anno1.g9074.t1	A
rna-XM_057809939.1	A	anno1.g1109.t1	A
rna-XM_057809317.1	A	anno1.g9075.t1	A
rna-XM_057809701.1	A	anno1.g9080.t1	A
rna-XM_057809579.1	A	anno1.g7367.t2	A
rna-XM_057809588.1	A	anno1.g7366.t1	A
rna-XM_057809575.1	A	anno1.g7368.t2	A
rna-XM_057809149.1	A	anno1.g7369.t1	A
rna-XM_057809002.1	A	anno1.g4988.t1	A
rna-XM_057809319.1	A	anno1.g7970.t1	A
rna-XM_057809318.1	A	anno1.g113.t1	A
rna-XM_057809160.1	A	anno1.g3560.t1	A
rna-XM_057809251.1	A	anno1.g3559.t1	A
rna-XM_057809262.1	A	anno1.g1696.t1	A
rna-XM_057809353.1	A	anno1.g567.t1	A
rna-XM_057809169.1	A	anno1.g3410.t1	A
rna-XM_057808973.1	A	anno1.g566.t1	A
rna-XM_057809296.1	A	anno1.g565.t1	A
rna-XM_057809446.1	A	anno1.g564.t3	A
rna-XM_057809445.1	A	anno1.g8.t1	A
rna-XM_057809944.1	A	anno1.g563.t2	A
rna-XM_057809943.1	A	anno1.g908.t1	A
rna-XM_057809947.1	A	anno1.g569.t1	A
rna-XM_057809084.1	A	anno1.g570.t1	A
rna-XM_057809214.1	A	anno1.g9978.t1	A
rna-XM_057809519.1	A	anno1.g575.t1	A
rna-XM_057808956.1	A	anno1.g6524.t1	A
rna-XM_057808952.1	A	anno1.g6525.t1	A
rna-XM_057809316.1	A	anno1.g3808.t1	A
rna-XM_057809563.1	A	anno1.g5631.t1	A
rna-XM_057809566.1	A	anno1.g3811.t1	A
rna-XM_057809567.1	A	anno1.g5104.t1	A
rna-XM_057809571.1	A	anno1.g5106.t1	A
rna-XM_057809573.1	A	anno1.g5107.t1	A
rna-XM_057809856.1	A	anno1.g5108.t1	A
rna-XM_057809862.1	A	anno1.g7828.t1	A
rna-XM_057809481.1	A	anno1.g577.t1	A
rna-XM_057809431.1	A	anno1.g2085.t1	A
rna-XM_057809044.1	A	anno1.g576.t1	A
rna-XM_057809368.1	A	anno1.g6523.t1	A
rna-XM_057809868.1	A	anno1.g8582.t1	A
rna-XM_057809865.1	A	anno1.g8583.t3	A
rna-XM_057809869.1	A	anno1.g9070.t1	A
rna-XM_057809881.1	A	anno1.g8581.t1	A
rna-XM_057809882.1	A	anno1.g8580.t1	A
rna-XM_057809415.1	A	anno1.g8577.t1	A
rna-XM_057809085.1	A	anno1.g8575.t1	A
rna-XM_057809545.1	A	anno1.g8574.t1	A
rna-XM_057809544.1	A	anno1.g9104.t1	A
rna-XM_057809063.1	A	anno1.g9109.t1	A
rna-XM_057809074.1	A	anno1.g9071.t1	A
rna-XM_057809076.1	A	anno1.g9096.t1	A
rna-XM_057809069.1	A	anno1.g8674.t1	A
rna-XM_057809053.1	A	anno1.g8675.t2	A
rna-XM_057809071.1	A	anno1.g8678.t1	A
rna-XM_057809051.1	A	anno1.g8677.t1	A
rna-XM_057809067.1	A	anno1.g8679.t1	A
rna-XM_057809068.1	A	anno1.g8680.t2	A
rna-XM_057809079.1	A	anno1.g8681.t1	A
rna-XM_057809703.1	A	anno1.g3453.t1	A
rna-XM_057809057.1	A	anno1.g3452.t3	A
rna-XM_057809280.1	A	anno1.g10723.t1	A
rna-XM_057809281.1	A	anno1.g7490.t1	A
rna-XM_057809442.1	A	anno1.g6681.t1	A
rna-XM_057809283.1	A	anno1.g7361.t1	A
rna-XM_057809286.1	A	anno1.g7359.t1	A
rna-XM_057809287.1	A	anno1.g7358.t1	A
rna-XM_057809282.1	A	anno1.g7357.t1	A
rna-XM_057809961.1	A	anno1.g7673.t1	A
rna-XM_057809964.1	A	anno1.g7652.t1	A
rna-XM_057810286.1	A	anno1.g7653.t1	A
rna-XM_057810289.1	A	anno1.g7654.t1	A
rna-XM_057810756.1	A	anno1.g833.t1	A
rna-XM_057810302.1	A	anno1.g10347.t3	A
rna-XM_057810323.1	A	anno1.g9254.t2	A
rna-XM_057810320.1	A	anno1.g10348.t2	A
rna-XM_057810332.1	A	anno1.g7642.t1	A
rna-XM_057810314.1	A	anno1.g5461.t1	A
rna-XM_057810329.1	A	anno1.g374.t1	A
rna-XM_057810333.1	A	anno1.g6418.t1	A
rna-XM_057810301.1	A	anno1.g6420.t1	A
rna-XM_057810313.1	A	anno1.g6421.t1	A
rna-XM_057810325.1	A	anno1.g6422.t1	A
rna-XM_057810342.1	A	anno1.g421.t1	A
rna-XM_057810343.1	A	anno1.g420.t1	A
rna-XM_057810345.1	A	anno1.g419.t1	A
rna-XM_057810347.1	A	anno1.g423.t3	A
rna-XM_057810354.1	A	anno1.g386.t1	A
rna-XM_057810359.1	A	anno1.g4971.t1	A
rna-XM_057810361.1	A	anno1.g4979.t1	A
rna-XM_057810364.1	A	anno1.g5006.t2	A
rna-XM_057810362.1	A	anno1.g4212.t1	A
rna-XM_057810367.1	A	anno1.g9371.t1	A
rna-XM_057810366.1	A	anno1.g10679.t1	A
rna-XM_057810368.1	A	anno1.g10373.t3	A
rna-XM_057810369.1	A	anno1.g7928.t1	A
rna-XM_057810370.1	A	anno1.g10435.t1	A
rna-XM_057810372.1	A	anno1.g7929.t1	A
rna-XM_057810381.1	A	anno1.g7931.t1	A
rna-XM_057810382.1	A	anno1.g10433.t1	A
rna-XM_057810377.1	A	anno1.g7932.t1	A
rna-XM_057810380.1	A	anno1.g8348.t2	A
rna-XM_057810398.1	A	anno1.g795.t1	A
rna-XM_057810401.1	A	anno1.g3937.t1	A
rna-XM_057810388.1	A	anno1.g7097.t1	A
rna-XM_057810399.1	A	anno1.g7229.t1	A
rna-XM_057810395.1	A	anno1.g7228.t2	A
rna-XM_057810404.1	A	anno1.g4690.t1	A
rna-XM_057810386.1	A	anno1.g10641.t1	A
rna-XM_057810007.1	A	anno1.g10642.t1	A
rna-XM_057810010.1	A	anno1.g10643.t1	A
rna-XM_057810188.1	A	anno1.g10595.t1	A
rna-XM_057810181.1	A	anno1.g6931.t1	A
rna-XM_057810783.1	A	anno1.g10482.t1	A
rna-XM_057810782.1	A	anno1.g9729.t1	A
rna-XM_057810452.1	A	anno1.g2154.t1	A
rna-XM_057810137.1	A	anno1.g760.t1	A
rna-XM_057810094.1	A	anno1.g8737.t1	A
rna-XM_057810095.1	A	anno1.g7927.t1	A
rna-XM_057810449.1	A	anno1.g4722.t1	A
rna-XM_057810655.1	A	anno1.g3615.t2	A
rna-XM_057810656.1	A	anno1.g1815.t1	A
rna-XM_057810681.1	A	anno1.g8198.t1	A
rna-XM_057810758.1	A	anno1.g1875.t1	A
rna-XM_057810671.1	A	anno1.g1301.t1	A
rna-XM_057810692.1	A	anno1.g1812.t1	A
rna-XM_057810686.1	A	anno1.g5654.t1	A
rna-XM_057810700.1	A	anno1.g1893.t1	A
rna-XM_057810702.1	A	anno1.g6460.t1	A
rna-XM_057810694.1	A	anno1.g1885.t1	A
rna-XM_057810679.1	A	anno1.g1313.t1	A
rna-XM_057810701.1	A	anno1.g546.t1	A
rna-XM_057810699.1	A	anno1.g545.t1	A
rna-XM_057810693.1	A	anno1.g7186.t1	A
rna-XM_057810697.1	A	anno1.g7187.t2	A
rna-XM_057810695.1	A	anno1.g1191.t1	A
rna-XM_057810665.1	A	anno1.g1192.t1	A
rna-XM_057810690.1	A	anno1.g1356.t1	A
rna-XM_057810664.1	A	anno1.g1883.t2	A
rna-XM_057810703.1	A	anno1.g6192.t1	A
rna-XM_057810705.1	A	anno1.g7143.t1	A
rna-XM_057810713.1	A	anno1.g6886.t1	A
rna-XM_057810759.1	A	anno1.g6193.t1	A
rna-XM_057810714.1	A	anno1.g10352.t1	A
rna-XM_057810715.1	A	anno1.g8568.t1	A
rna-XM_057810719.1	A	anno1.g427.t1	A
rna-XM_057810729.1	A	anno1.g5454.t1	A
rna-XM_057810738.1	A	anno1.g5452.t1	A
rna-XM_057810737.1	A	anno1.g5226.t2	A
rna-XM_057810730.1	A	anno1.g494.t2	A
rna-XM_057810735.1	A	anno1.g495.t1	A
rna-XM_057810731.1	A	anno1.g5796.t1	A
rna-XM_057810739.1	A	anno1.g5398.t1	A
rna-XM_057810732.1	A	anno1.g8219.t1	A
rna-XM_057810733.1	A	anno1.g4905.t1	A
rna-XM_057810075.1	A	anno1.g2251.t1	A
rna-XM_057810801.1	A	anno1.g5755.t1	A
rna-XM_057810453.1	A	anno1.g5756.t1	A
rna-XM_057810463.1	A	anno1.g2254.t1	A
rna-XM_057810454.1	A	anno1.g2253.t1	A
rna-XM_057810460.1	A	anno1.g7750.t1	A
rna-XM_057810457.1	A	anno1.g2252.t2	A
rna-XM_057810459.1	A	anno1.g2520.t1	A
rna-XM_057810887.1	A	anno1.g2248.t1	A
rna-XM_057810179.1	A	anno1.g2247.t1	A
rna-XM_057810819.1	A	anno1.g1335.t1	A
rna-XM_057810820.1	A	anno1.g2013.t2	A
rna-XM_057810823.1	A	anno1.g1339.t1	A
rna-XM_057810850.1	A	anno1.g2014.t2	A
rna-XM_057810638.1	A	anno1.g1348.t1	A
rna-XM_057810639.1	A	anno1.g1349.t2	A
rna-XM_057810023.1	A	anno1.g1961.t3	A
rna-XM_057810257.1	A	anno1.g8526.t1	A
rna-XM_057810072.1	A	anno1.g7014.t1	A
rna-XM_057810263.1	A	anno1.g385.t2	A
rna-XM_057810817.1	A	anno1.g7168.t1	A
rna-XM_057810818.1	A	anno1.g7169.t1	A
rna-XM_057810815.1	A	anno1.g8847.t1	A
rna-XM_057810886.1	A	anno1.g8848.t1	A
rna-XM_057809974.1	A	anno1.g422.t1	A
rna-XM_057809970.1	A	anno1.g1560.t1	A
rna-XM_057809967.1	A	anno1.g418.t1	A
rna-XM_057809975.1	A	anno1.g1895.t1	A
rna-XM_057809965.1	A	anno1.g1894.t1	A
rna-XM_057810464.1	A	anno1.g1890.t1	A
rna-XM_057810465.1	A	anno1.g1888.t2	A
rna-XM_057810475.1	A	anno1.g1887.t1	A
rna-XM_057810503.1	A	anno1.g1886.t1	A
rna-XM_057810473.1	A	anno1.g1973.t1	A
rna-XM_057810499.1	A	anno1.g4862.t1	A
rna-XM_057810501.1	A	anno1.g4943.t1	A
rna-XM_057810496.1	A	anno1.g4863.t2	A
rna-XM_057810644.1	A	anno1.g4866.t1	A
rna-XM_057810825.1	A	anno1.g4946.t1	A
rna-XM_057810826.1	A	anno1.g7016.t1	A
rna-XM_057810829.1	A	anno1.g4947.t1	A
rna-XM_057810127.1	A	anno1.g5489.t1	A
rna-XM_057810755.1	A	anno1.g5776.t2	A
rna-XM_057810032.1	A	anno1.g5772.t1	A
rna-XM_057810067.1	A	anno1.g5739.t1	A
rna-XM_057810096.1	A	anno1.g6938.t1	A
rna-XM_057810285.1	A	anno1.g5737.t1	A
rna-XM_057810284.1	A	anno1.g5464.t1	A
rna-XM_057810131.1	A	anno1.g1578.t1	A
rna-XM_057810012.1	A	anno1.g1593.t1	A
rna-XM_057810015.1	A	anno1.g1592.t1	A
rna-XM_057810425.1	A	anno1.g1591.t1	A
rna-XM_057810069.1	A	anno1.g1590.t1	A
rna-XM_057810083.1	A	anno1.g1589.t1	A
rna-XM_057810767.1	A	anno1.g1581.t1	A
rna-XM_057810445.1	A	anno1.g1579.t1	A
rna-XM_057810743.1	A	anno1.g1598.t1	A
rna-XM_057810748.1	A	anno1.g8192.t1	A
rna-XM_057810751.1	A	anno1.g8191.t1	A
rna-XM_057810749.1	A	anno1.g1535.t1	A
rna-XM_057810753.1	A	anno1.g1536.t1	A
rna-XM_057810410.1	A	anno1.g2387.t1	A
rna-XM_057810408.1	A	anno1.g7771.t1	A
rna-XM_057810020.1	A	anno1.g2388.t1	A
rna-XM_057810428.1	A	anno1.g8619.t1	A
rna-XM_057810523.1	A	anno1.g8458.t1	A
rna-XM_057810769.1	A	anno1.g8340.t1	A
rna-XM_057810524.1	A	anno1.g8342.t1	A
rna-XM_057810534.1	A	anno1.g8694.t1	A
rna-XM_057810537.1	A	anno1.g8695.t1	A
rna-XM_057810777.1	A	anno1.g8693.t1	A
rna-XM_057810546.1	A	anno1.g8692.t1	A
rna-XM_057810548.1	A	anno1.g8691.t1	A
rna-XM_057810551.1	A	anno1.g6968.t1	A
rna-XM_057810552.1	A	anno1.g7296.t1	A
rna-XM_057810561.1	A	anno1.g6966.t1	A
rna-XM_057810562.1	A	anno1.g6967.t1	A
rna-XM_057810564.1	A	anno1.g2075.t1	A
rna-XM_057810568.1	A	anno1.g8882.t1	A
rna-XM_057810570.1	A	anno1.g8881.t1	A
rna-XM_057810572.1	A	anno1.g8880.t1	A
rna-XM_057810573.1	A	anno1.g8879.t2	A
rna-XM_057810575.1	A	anno1.g8896.t1	A
rna-XM_057810582.1	A	anno1.g8895.t1	A
rna-XM_057810580.1	A	anno1.g8878.t1	A
rna-XM_057810620.1	A	anno1.g8877.t5	A
rna-XM_057810139.1	A	anno1.g2907.t1	A
rna-XM_057810140.1	A	anno1.g2905.t1	A
rna-XM_057810022.1	A	anno1.g1654.t1	A
rna-XM_057810021.1	A	anno1.g1658.t1	A
rna-XM_057810450.1	A	anno1.g1657.t1	A
rna-XM_057810421.1	A	anno1.g1656.t1	A
rna-XM_057810862.1	A	anno1.g1689.t1	A
rna-XM_057810883.1	A	anno1.g8453.t1	A
rna-XM_057810867.1	A	anno1.g1750.t1	A
rna-XM_057810885.1	A	anno1.g4558.t1	A
rna-XM_057810884.1	A	anno1.g8457.t1	A
rna-XM_057810865.1	A	anno1.g5160.t3	A
rna-XM_057810142.1	A	anno1.g5162.t2	A
rna-XM_057810778.1	A	anno1.g5163.t1	A
rna-XM_057810034.1	A	anno1.g5164.t2	A
rna-XM_057810192.1	A	anno1.g9556.t1	A
rna-XM_057810412.1	A	anno1.g5169.t1	A
rna-XM_057810278.1	A	anno1.g2991.t1	A
rna-XM_057810834.1	A	anno1.g2995.t1	A
rna-XM_057810843.1	A	anno1.g2996.t1	A
rna-XM_057810839.1	A	anno1.g3176.t1	A
rna-XM_057810845.1	A	anno1.g8611.t1	A
rna-XM_057810844.1	A	anno1.g8610.t1	A
rna-XM_057810841.1	A	anno1.g8609.t1	A
rna-XM_057810891.1	A	anno1.g7895.t1	A
rna-XM_057810078.1	A	anno1.g5147.t1	A
rna-XM_057810151.1	A	anno1.g5156.t2	A
rna-XM_057810148.1	A	anno1.g5155.t1	A
rna-XM_057810149.1	A	anno1.g5154.t1	A
rna-XM_057810153.1	A	anno1.g5148.t4	A
rna-XM_057810163.1	A	anno1.g5149.t1	A
rna-XM_057810162.1	A	anno1.g8733.t1	A
rna-XM_057810164.1	A	anno1.g8921.t1	A
rna-XM_057810175.1	A	anno1.g8074.t1	A
rna-XM_057810177.1	A	anno1.g8293.t1	A
rna-XM_057810178.1	A	anno1.g8292.t1	A
rna-XM_057810894.1	A	anno1.g8290.t1	A
rna-XM_057810895.1	A	anno1.g1442.t2	A
rna-XM_057810089.1	A	anno1.g1531.t2	A
rna-XM_057810101.1	A	anno1.g8271.t1	A
rna-XM_057810098.1	A	anno1.g8338.t1	A
rna-XM_057810102.1	A	anno1.g4119.t1	A
rna-XM_057810105.1	A	anno1.g8249.t1	A
rna-XM_057810115.1	A	anno1.g8245.t1	A
rna-XM_057810117.1	A	anno1.g8247.t1	A
rna-XM_057810112.1	A	anno1.g307.t1	A
rna-XM_057810121.1	A	anno1.g4944.t1	A
rna-XM_057810109.1	A	anno1.g2096.t1	A
rna-XM_057810035.1	A	anno1.g2060.t1	A
rna-XM_057810637.1	A	anno1.g2062.t1	A
rna-XM_057810636.1	A	anno1.g2059.t1	A
rna-XM_057810040.1	A	anno1.g2385.t2	A
rna-XM_057810084.1	A	anno1.g9862.t1	A
rna-XM_057810080.1	A	anno1.g6401.t1	A
rna-XM_057810444.1	A	anno1.g2287.t2	A
rna-XM_057810780.1	A	anno1.g2188.t1	A
rna-XM_057810017.1	A	anno1.g7172.t1	A
rna-XM_057810438.1	A	anno1.g7173.t1	A
rna-XM_057810250.1	A	anno1.g6701.t1	A
rna-XM_057810194.1	A	anno1.g6692.t5	A
rna-XM_057810253.1	A	anno1.g6695.t1	A
rna-XM_057810242.1	A	anno1.g6689.t1	A
rna-XM_057810439.1	A	anno1.g6688.t1	A
rna-XM_057810442.1	A	anno1.g6685.t1	A
rna-XM_057810273.1	A	anno1.g6684.t1	A
rna-XM_057810087.1	A	anno1.g6683.t1	A
rna-XM_057810267.1	A	anno1.g6839.t1	A
rna-XM_057810187.1	A	anno1.g6838.t1	A
rna-XM_057810186.1	A	anno1.g1303.t1	A
rna-XM_057810185.1	A	anno1.g7618.t2	A
rna-XM_057810781.1	A	anno1.g7123.t1	A
rna-XM_057810073.1	A	anno1.g10856.t1	A
rna-XM_057810125.1	A	anno1.g7125.t1	A
rna-XM_057809981.1	A	anno1.g6837.t2	A
rna-XM_057809976.1	A	anno1.g1715.t1	A
rna-XM_057809987.1	A	anno1.g1660.t1	A
rna-XM_057810411.1	A	anno1.g3817.t1	A
rna-XM_057810415.1	A	anno1.g9310.t1	A
rna-XM_057810504.1	A	anno1.g9271.t1	A
rna-XM_057810518.1	A	anno1.g9272.t1	A
rna-XM_057810521.1	A	anno1.g9273.t1	A
rna-XM_057810519.1	A	anno1.g9275.t1	A
rna-XM_057810505.1	A	anno1.g9276.t2	A
rna-XM_057810508.1	A	anno1.g9277.t1	A
rna-XM_057810141.1	A	anno1.g10969.t1	A
rna-XM_057810189.1	A	anno1.g3990.t1	A
rna-XM_057810081.1	A	anno1.g1797.t1	A
rna-XM_057810628.1	A	anno1.g7424.t1	A
rna-XM_057810624.1	A	anno1.g11044.t3	A
rna-XM_057810846.1	A	anno1.g7170.t2	A
rna-XM_057810849.1	A	anno1.g6198.t1	A
rna-XM_057810621.1	A	anno1.g6197.t1	A
rna-XM_057810622.1	A	anno1.g5687.t1	A
rna-XM_057810623.1	A	anno1.g6337.t1	A
rna-XM_057810279.1	A	anno1.g6085.t1	A
rna-XM_057810417.1	A	anno1.g6104.t1	A
rna-XM_057810800.1	A	anno1.g5205.t1	A
rna-XM_057810809.1	A	anno1.g5924.t1	A
rna-XM_057810046.1	A	anno1.g5915.t1	A
rna-XM_057810001.1	A	anno1.g4312.t1	A
rna-XM_057814835.1	A	anno1.g9169.t1	A
rna-XM_057814839.1	A	anno1.g6044.t1	A
rna-XM_057814830.1	A	anno1.g10639.t3	A
rna-XM_057814873.1	A	anno1.g5976.t1	A
rna-XM_057813837.1	A	anno1.g6904.t1	A
rna-XM_057814871.1	A	anno1.g4920.t1	A
rna-XM_057814829.1	A	anno1.g7239.t1	A
rna-XM_057814875.1	A	anno1.g6651.t1	A
rna-XM_057814863.1	A	anno1.g3235.t1	A
rna-XM_057814851.1	A	anno1.g6650.t1	A
rna-XM_057814874.1	A	anno1.g6649.t2	A
rna-XM_057814887.1	A	anno1.g5369.t1	A
rna-XM_057814849.1	A	anno1.g7454.t1	A
rna-XM_057814876.1	A	anno1.g7453.t1	A
rna-XM_057814866.1	A	anno1.g9591.t1	A
rna-XM_057814867.1	A	anno1.g10484.t1	A
rna-XM_057814865.1	A	anno1.g3108.t1	A
rna-XM_057814827.1	A	anno1.g1411.t1	A
rna-XM_057814878.1	A	anno1.g2244.t1	A
rna-XM_057814844.1	A	anno1.g10563.t1	A
rna-XM_057814882.1	A	anno1.g5889.t1	A
rna-XM_057814886.1	A	anno1.g5890.t2	A
rna-XM_057814881.1	A	anno1.g2757.t1	A
rna-XM_057814860.1	A	anno1.g1412.t1	A
rna-XM_057814838.1	A	anno1.g706.t1	A
rna-XM_057814840.1	A	anno1.g886.t1	A
rna-XM_057814879.1	A	anno1.g707.t1	A
rna-XM_057814883.1	A	anno1.g4989.t1	A
rna-XM_057814837.1	A	anno1.g1547.t1	A
rna-XM_057814845.1	A	anno1.g3966.t1	A
rna-XM_057814848.1	A	anno1.g3965.t1	A
rna-XM_057814846.1	A	anno1.g3964.t1	A
rna-XM_057814832.1	A	anno1.g352.t1	A
rna-XM_057814850.1	A	anno1.g6550.t1	A
rna-XM_057814828.1	A	anno1.g1546.t1	A
rna-XM_057814822.1	A	anno1.g3584.t2	A
rna-XM_057814843.1	A	anno1.g3586.t1	A
rna-XM_057814891.1	A	anno1.g3510.t1	A
rna-XM_057814888.1	A	anno1.g3504.t1	A
rna-XM_057814889.1	A	anno1.g9856.t1	A
rna-XM_057814892.1	A	anno1.g8540.t1	A
rna-XM_057814893.1	A	anno1.g8525.t1	A
rna-XM_057814894.1	A	anno1.g9583.t1	A
rna-XM_057814895.1	A	anno1.g8557.t1	A
rna-XM_057814898.1	A	anno1.g8556.t1	A
rna-XM_057814907.1	A	anno1.g8555.t1	A
rna-XM_057814908.1	A	anno1.g8554.t2	A
rna-XM_057814910.1	A	anno1.g8553.t3	A
rna-XM_057814912.1	A	anno1.g8552.t1	A
rna-XM_057814913.1	A	anno1.g8551.t1	A
rna-XM_057814915.1	A	anno1.g8550.t1	A
rna-XM_057814916.1	A	anno1.g8548.t1	A
rna-XM_057814917.1	A	anno1.g8546.t1	A
rna-XM_057814921.1	A	anno1.g1195.t1	A
rna-XM_057814923.1	A	anno1.g8531.t1	A
rna-XM_057814925.1	A	anno1.g5932.t1	A
rna-XM_057814924.1	A	anno1.g6520.t1	A
rna-XM_057814926.1	A	anno1.g3963.t3	A
rna-XM_057814927.1	A	anno1.g3630.t1	A
rna-XM_057814929.1	A	anno1.g353.t1	A
rna-XM_057814932.1	A	anno1.g354.t1	A
rna-XM_057814937.1	A	anno1.g10807.t1	A
rna-XM_057814942.1	A	anno1.g4898.t1	A
rna-XM_057814938.1	A	anno1.g2897.t2	A
rna-XM_057814943.1	A	anno1.g2894.t2	A
rna-XM_057814944.1	A	anno1.g2895.t1	A
rna-XM_057814946.1	A	anno1.g2892.t1	A
rna-XM_057814945.1	A	anno1.g1494.t1	A
rna-XM_057814952.1	A	anno1.g359.t2	A
rna-XM_057814951.1	A	anno1.g360.t1	A
rna-XM_057813839.1	A	anno1.g362.t2	A
rna-XM_057814949.1	A	anno1.g6132.t1	A
rna-XM_057814957.1	A	anno1.g6177.t1	A
rna-XM_057814958.1	A	anno1.g1951.t1	A
rna-XM_057814959.1	A	anno1.g11360.t1	A
rna-XM_057814961.1	A	anno1.g11363.t1	A
rna-XM_057814962.1	A	anno1.g8864.t1	A
rna-XM_057814960.1	A	anno1.g2243.t1	A
rna-XM_057814963.1	A	anno1.g5065.t1	A
rna-XM_057814965.1	A	anno1.g5063.t1	A
rna-XM_057814966.1	A	anno1.g450.t1	A
rna-XM_057814969.1	A	anno1.g4899.t1	A
rna-XM_057814970.1	A	anno1.g10854.t1	A
rna-XM_057814971.1	A	anno1.g12262.t1	X
rna-XM_057814972.1	A	anno1.g11288.t1	A
rna-XM_057814976.1	A	anno1.g634.t1	A
rna-XM_057814974.1	A	anno1.g10830.t1	A
rna-XM_057814977.1	A	anno1.g9872.t1	A
rna-XM_057814986.1	A	anno1.g9867.t1	A
rna-XM_057814992.1	A	anno1.g1201.t1	A
rna-XM_057814991.1	A	anno1.g5975.t3	A
rna-XM_057814993.1	A	anno1.g10726.t1	A
rna-XM_057814994.1	A	anno1.g9168.t1	A
rna-XM_057814995.1	A	anno1.g7503.t1	A
rna-XM_057815005.1	A	anno1.g8566.t1	A
rna-XM_057814997.1	A	anno1.g6546.t1	A
rna-XM_057815006.1	A	anno1.g6715.t1	A
rna-XM_057815010.1	A	anno1.g6714.t1	A
rna-XM_057815008.1	A	anno1.g2784.t1	A
rna-XM_057811672.1	A	anno1.g856.t1	A
rna-XM_057814791.1	A	anno1.g384.t1	A
rna-XM_057814792.1	A	anno1.g7184.t1	A
rna-XM_057814794.1	A	anno1.g7178.t1	A
rna-XM_057813407.1	A	anno1.g7180.t1	A
rna-XM_057811746.1	A	anno1.g7181.t1	A
rna-XM_057812204.1	A	anno1.g6707.t1	A
rna-XM_057814613.1	A	anno1.g7674.t1	A
rna-XM_057814618.1	A	anno1.g7675.t1	A
rna-XM_057813214.1	A	anno1.g11358.t1	A
rna-XM_057814547.1	A	anno1.g11359.t1	A
rna-XM_057814555.1	A	anno1.g4806.t1	A
rna-XM_057814548.1	A	anno1.g4838.t1	A
rna-XM_057814553.1	A	anno1.g11357.t1	A
rna-XM_057812963.1	A	anno1.g11366.t1	A
rna-XM_057812964.1	A	anno1.g11365.t1	A
rna-XM_057812008.1	A	anno1.g11364.t1	A
rna-XM_057812009.1	A	anno1.g11362.t1	A
rna-XM_057812007.1	A	anno1.g8863.t1	A
rna-XM_057812006.1	A	anno1.g11356.t1	A
rna-XM_057812005.1	A	anno1.g11339.t1	A
rna-XM_057812010.1	A	anno1.g11345.t1	A
rna-XM_057812011.1	A	anno1.g3802.t1	A
rna-XM_057814660.1	A	anno1.g6285.t1	A
rna-XM_057814661.1	A	anno1.g11352.t1	A
rna-XM_057814662.1	A	anno1.g3793.t1	A
rna-XM_057814654.1	A	anno1.g3421.t1	A
rna-XM_057814663.1	A	anno1.g3365.t1	A
rna-XM_057811289.1	A	anno1.g3367.t1	A
rna-XM_057811518.1	A	anno1.g3369.t1	A
rna-XM_057811525.1	A	anno1.g8861.t1	A
rna-XM_057813204.1	A	anno1.g8862.t1	A
rna-XM_057813208.1	A	anno1.g8532.t1	A
rna-XM_057813194.1	A	anno1.g5589.t1	A
rna-XM_057813205.1	A	anno1.g5590.t1	A
rna-XM_057813196.1	A	anno1.g9421.t1	A
rna-XM_057813202.1	A	anno1.g623.t1	A
rna-XM_057813200.1	A	anno1.g3344.t2	A
rna-XM_057814503.1	A	anno1.g11394.t1	A
rna-XM_057814501.1	A	anno1.g11413.t1	A
rna-XM_057814499.1	A	anno1.g11414.t1	A
rna-XM_057814496.1	A	anno1.g633.t1	A
rna-XM_057811533.1	A	anno1.g4400.t3	A
rna-XM_057811664.1	A	anno1.g2275.t1	A
rna-XM_057811662.1	A	anno1.g876.t1	A
rna-XM_057814068.1	A	anno1.g4565.t2	A
rna-XM_057814073.1	A	anno1.g2590.t1	A
rna-XM_057814081.1	A	anno1.g4564.t1	A
rna-XM_057814075.1	A	anno1.g6706.t1	A
rna-XM_057813393.1	A	anno1.g8835.t1	A
rna-XM_057813884.1	A	anno1.g8836.t1	A
rna-XM_057813401.1	A	anno1.g7863.t1	A
rna-XM_057813402.1	A	anno1.g6647.t2	A
rna-XM_057811539.1	A	anno1.g8270.t1	A
rna-XM_057812307.1	A	anno1.g10205.t1	A
rna-XM_057812315.1	A	anno1.g6211.t3	A
rna-XM_057812314.1	A	anno1.g5741.t1	A
rna-XM_057812311.1	A	anno1.g6746.t1	A
rna-XM_057812344.1	A	anno1.g7512.t1	A
rna-XM_057812345.1	A	anno1.g7514.t1	A
rna-XM_057812351.1	A	anno1.g6974.t1	A
rna-XM_057812352.1	A	anno1.g5535.t1	A
rna-XM_057812356.1	A	anno1.g5534.t1	A
rna-XM_057812360.1	A	anno1.g5538.t1	A
rna-XM_057812358.1	A	anno1.g5539.t1	A
rna-XM_057812362.1	A	anno1.g5543.t1	A
rna-XM_057812364.1	A	anno1.g5540.t2	A
rna-XM_057812367.1	A	anno1.g6207.t1	A
rna-XM_057812368.1	A	anno1.g7451.t1	A
rna-XM_057812377.1	A	anno1.g6991.t1	A
rna-XM_057812378.1	A	anno1.g9449.t1	A
rna-XM_057812383.1	A	anno1.g6656.t1	A
rna-XM_057812385.1	A	anno1.g7541.t1	A
rna-XM_057812384.1	A	anno1.g7542.t1	A
rna-XM_057812388.1	A	anno1.g9170.t1	A
rna-XM_057812387.1	A	anno1.g5891.t2	A
rna-XM_057812386.1	A	anno1.g5624.t1	A
rna-XM_057812389.1	A	anno1.g6210.t1	A
rna-XM_057812393.1	A	anno1.g5893.t1	A
rna-XM_057812402.1	A	anno1.g1376.t1	A
rna-XM_057812403.1	A	anno1.g1375.t1	A
rna-XM_057812404.1	A	anno1.g1377.t1	A
rna-XM_057812410.1	A	anno1.g1379.t1	A
rna-XM_057812413.1	A	anno1.g1380.t1	A
rna-XM_057812422.1	A	anno1.g8467.t1	A
rna-XM_057812421.1	A	anno1.g7603.t1	A
rna-XM_057812424.1	A	anno1.g7456.t2	A
rna-XM_057812425.1	A	anno1.g7455.t1	A
rna-XM_057812426.1	A	anno1.g7136.t2	A
rna-XM_057812428.1	A	anno1.g7138.t1	A
rna-XM_057812427.1	A	anno1.g7137.t1	A
rna-XM_057812432.1	A	anno1.g7139.t1	A
rna-XM_057812429.1	A	anno1.g9374.t1	A
rna-XM_057813973.1	A	anno1.g7473.t1	A
rna-XM_057813954.1	A	anno1.g6892.t1	A
rna-XM_057812139.1	A	anno1.g7141.t1	A
rna-XM_057812138.1	A	anno1.g6891.t1	A
rna-XM_057812137.1	A	anno1.g6890.t1	A
rna-XM_057812277.1	A	anno1.g7196.t1	A
rna-XM_057812035.1	A	anno1.g866.t1	A
rna-XM_057814042.1	A	anno1.g5364.t1	A
rna-XM_057814032.1	A	anno1.g6895.t1	A
rna-XM_057814039.1	A	anno1.g6893.t1	A
rna-XM_057813990.1	A	anno1.g5945.t1	A
rna-XM_057814814.1	A	anno1.g6241.t1	A
rna-XM_057814818.1	A	anno1.g8519.t1	A
rna-XM_057811573.1	A	anno1.g9186.t1	A
rna-XM_057811579.1	A	anno1.g9185.t7	A
rna-XM_057811602.1	A	anno1.g9184.t1	A
rna-XM_057814013.1	A	anno1.g10358.t4	A
rna-XM_057811607.1	A	anno1.g8783.t1	A
rna-XM_057812252.1	A	anno1.g883.t1	A
rna-XM_057814018.1	A	anno1.g4245.t1	A
rna-XM_057812254.1	A	anno1.g4246.t1	A
rna-XM_057812057.1	A	anno1.g4163.t1	A
rna-XM_057811763.1	A	anno1.g4167.t1	A
rna-XM_057812846.1	A	anno1.g7149.t1	A
rna-XM_057814176.1	A	anno1.g7150.t1	A
rna-XM_057814177.1	A	anno1.g12067.t1	X
rna-XM_057814174.1	A	anno1.g6596.t1	A
rna-XM_057812774.1	A	anno1.g6583.t2	A
rna-XM_057812456.1	A	anno1.g8938.t1	A
rna-XM_057812451.1	A	anno1.g8108.t1	A
rna-XM_057813313.1	A	anno1.g6499.t1	A
rna-XM_057812473.1	A	anno1.g6754.t1	A
rna-XM_057815016.1	A	anno1.g5655.t1	A
rna-XM_057813213.1	A	anno1.g11955.t1	X
rna-XM_057815053.1	A	anno1.g7568.t1	A
rna-XM_057815059.1	A	anno1.g7573.t1	A
rna-XM_057814025.1	A	anno1.g70.t1	A
rna-XM_057814031.1	A	anno1.g71.t1	A
rna-XM_057814030.1	A	anno1.g72.t1	A
rna-XM_057814020.1	A	anno1.g10321.t2	A
rna-XM_057814029.1	A	anno1.g1001.t1	A
rna-XM_057812051.1	A	anno1.g11899.t1	X
rna-XM_057813238.1	A	anno1.g11900.t1	X
rna-XM_057812951.1	A	anno1.g2089.t1	A
rna-XM_057812952.1	A	anno1.g7043.t1	A
rna-XM_057813323.1	A	anno1.g7042.t1	A
rna-XM_057811733.1	A	anno1.g7040.t1	A
rna-XM_057811728.1	A	anno1.g7041.t1	A
rna-XM_057811729.1	A	anno1.g10215.t1	A
rna-XM_057813244.1	A	anno1.g6929.t1	A
rna-XM_057812510.1	A	anno1.g10832.t1	A
rna-XM_057812507.1	A	anno1.g1466.t2	A
rna-XM_057812628.1	A	anno1.g5040.t1	A
rna-XM_057812826.1	A	anno1.g9623.t1	A
rna-XM_057812825.1	A	anno1.g5201.t2	A
rna-XM_057813521.1	A	anno1.g10464.t1	A
rna-XM_057813520.1	A	anno1.g2710.t1	A
rna-XM_057813522.1	A	anno1.g31.t2	A
rna-XM_057812040.1	A	anno1.g8569.t1	A
rna-XM_057812923.1	A	anno1.g8570.t1	A
rna-XM_057814185.1	A	anno1.g9053.t1	A
rna-XM_057814178.1	A	anno1.g9054.t1	A
rna-XM_057814187.1	A	anno1.g9056.t1	A
rna-XM_057814186.1	A	anno1.g8990.t1	A
rna-XM_057811705.1	A	anno1.g8991.t1	A
rna-XM_057810951.1	A	anno1.g2207.t1	A
rna-XM_057812207.1	A	anno1.g2204.t2	A
rna-XM_057812808.1	A	anno1.g8062.t2	A
rna-XM_057812918.1	A	anno1.g8789.t1	A
rna-XM_057812708.1	A	anno1.g3704.t1	A
rna-XM_057814096.1	A	anno1.g3641.t1	A
rna-XM_057814104.1	A	anno1.g3631.t1	A
rna-XM_057814097.1	A	anno1.g3710.t1	A
rna-XM_057814106.1	A	anno1.g1347.t1	A
rna-XM_057814103.1	A	anno1.g9624.t1	A
rna-XM_057813019.1	A	anno1.g4008.t2	A
rna-XM_057813014.1	A	anno1.g9300.t2	A
rna-XM_057812020.1	A	anno1.g11273.t1	A
rna-XM_057812021.1	A	anno1.g2141.t1	A
rna-XM_057812019.1	A	anno1.g2140.t1	A
rna-XM_057813336.1	A	anno1.g5833.t1	A
rna-XM_057812980.1	A	anno1.g536.t1	A
rna-XM_057812976.1	A	anno1.g3460.t1	A
rna-XM_057812681.1	A	anno1.g2184.t1	A
rna-XM_057812239.1	A	anno1.g11178.t1	A
rna-XM_057813064.1	A	anno1.g11154.t2	A
rna-XM_057812652.1	A	anno1.g3718.t1	A
rna-XM_057812236.1	A	anno1.g3712.t1	A
rna-XM_057812140.1	A	anno1.g3645.t1	A
rna-XM_057812438.1	A	anno1.g10786.t1	A
rna-XM_057813287.1	A	anno1.g9297.t1	A
rna-XM_057813353.1	A	anno1.g2139.t1	A
rna-XM_057813614.1	A	anno1.g4074.t1	A
rna-XM_057813615.1	A	anno1.g4076.t2	A
rna-XM_057812753.1	A	anno1.g10312.t1	A
rna-XM_057812763.1	A	anno1.g3537.t1	A
rna-XM_057812754.1	A	anno1.g27.t1	A
rna-XM_057812768.1	A	anno1.g892.t1	A
rna-XM_057812759.1	A	anno1.g6611.t1	A
rna-XM_057812744.1	A	anno1.g7147.t2	A
rna-XM_057812764.1	A	anno1.g7148.t1	A
rna-XM_057812769.1	A	anno1.g7146.t2	A
rna-XM_057812772.1	A	anno1.g7144.t1	A
rna-XM_057810937.1	A	anno1.g7195.t1	A
rna-XM_057810943.1	A	anno1.g7214.t1	A
rna-XM_057810942.1	A	anno1.g387.t1	A
rna-XM_057812241.1	A	anno1.g7185.t1	A
rna-XM_057812242.1	A	anno1.g7215.t1	A
rna-XM_057812247.1	A	anno1.g6888.t1	A
rna-XM_057812243.1	A	anno1.g6887.t1	A
rna-XM_057812246.1	A	anno1.g7161.t1	A
rna-XM_057814466.1	A	anno1.g7157.t1	A
rna-XM_057814464.1	A	anno1.g9365.t1	A
rna-XM_057814474.1	A	anno1.g7155.t1	A
rna-XM_057812038.1	A	anno1.g7154.t1	A
rna-XM_057812813.1	A	anno1.g430.t2	A
rna-XM_057812814.1	A	anno1.g7402.t1	A
rna-XM_057812003.1	A	anno1.g518.t1	A
rna-XM_057812004.1	A	anno1.g517.t1	A
rna-XM_057811633.1	A	anno1.g7153.t1	A
rna-XM_057812636.1	A	anno1.g1110.t1	A
rna-XM_057812638.1	A	anno1.g6199.t1	A
rna-XM_057812637.1	A	anno1.g2426.t1	A
rna-XM_057812256.1	A	anno1.g8935.t1	A
rna-XM_057812047.1	A	anno1.g8936.t1	A
rna-XM_057812202.1	A	anno1.g2249.t1	A
rna-XM_057812198.1	A	anno1.g2250.t3	A
rna-XM_057811709.1	A	anno1.g9118.t1	A
rna-XM_057811710.1	A	anno1.g2519.t1	A
rna-XM_057811221.1	A	anno1.g2517.t1	A
rna-XM_057812486.1	A	anno1.g5758.t1	A
rna-XM_057813306.1	A	anno1.g5757.t1	A
rna-XM_057813024.1	A	anno1.g662.t1	A
rna-XM_057814708.1	A	anno1.g663.t1	A
rna-XM_057814707.1	A	anno1.g5132.t1	A
rna-XM_057814709.1	A	anno1.g9354.t1	A
rna-XM_057814702.1	A	anno1.g2256.t1	A
rna-XM_057814714.1	A	anno1.g2255.t1	A
rna-XM_057814716.1	A	anno1.g3364.t1	A
rna-XM_057814715.1	A	anno1.g661.t1	A
rna-XM_057814710.1	A	anno1.g659.t1	A
rna-XM_057814719.1	A	anno1.g4874.t1	A
rna-XM_057814723.1	A	anno1.g4073.t1	A
rna-XM_057814725.1	A	anno1.g7867.t1	A
rna-XM_057814727.1	A	anno1.g4857.t1	A
rna-XM_057814721.1	A	anno1.g10216.t1	A
rna-XM_057814741.1	A	anno1.g7866.t1	A
rna-XM_057814743.1	A	anno1.g5150.t1	A
rna-XM_057814729.1	A	anno1.g7865.t2	A
rna-XM_057814744.1	A	anno1.g2929.t1	A
rna-XM_057813675.1	A	anno1.g7860.t1	A
rna-XM_057813679.1	A	anno1.g7859.t1	A
rna-XM_057813676.1	A	anno1.g7857.t1	A
rna-XM_057813685.1	A	anno1.g7856.t1	A
rna-XM_057813674.1	A	anno1.g8942.t1	A
rna-XM_057813686.1	A	anno1.g8994.t1	A
rna-XM_057812631.1	A	anno1.g8997.t1	A
rna-XM_057812633.1	A	anno1.g5493.t1	A
rna-XM_057812632.1	A	anno1.g6013.t1	A
rna-XM_057813233.1	A	anno1.g1665.t2	A
rna-XM_057811547.1	A	anno1.g3867.t1	A
rna-XM_057811546.1	A	anno1.g8347.t1	A
rna-XM_057811719.1	A	anno1.g7193.t1	A
rna-XM_057814091.1	A	anno1.g2406.t1	A
rna-XM_057812001.1	A	anno1.g1489.t1	A
rna-XM_057812824.1	A	anno1.g3063.t1	A
rna-XM_057813705.1	A	anno1.g3064.t1	A
rna-XM_057813697.1	A	anno1.g3065.t1	A
rna-XM_057813695.1	A	anno1.g3066.t1	A
rna-XM_057813704.1	A	anno1.g3067.t1	A
rna-XM_057813709.1	A	anno1.g3027.t1	A
rna-XM_057813699.1	A	anno1.g3028.t3	A
rna-XM_057813710.1	A	anno1.g8119.t1	A
rna-XM_057812709.1	A	anno1.g8117.t3	A
rna-XM_057812106.1	A	anno1.g8118.t1	A
rna-XM_057812100.1	A	anno1.g5666.t1	A
rna-XM_057811347.1	A	anno1.g5667.t1	A
rna-XM_057815074.1	A	anno1.g3024.t2	A
rna-XM_057815077.1	A	anno1.g1264.t1	A
rna-XM_057815114.1	A	anno1.g5668.t1	A
rna-XM_057815112.1	A	anno1.g5135.t2	A
rna-XM_057815131.1	A	anno1.g8591.t1	A
rna-XM_057815125.1	A	anno1.g8600.t1	A
rna-XM_057815130.1	A	anno1.g8599.t1	A
rna-XM_057815122.1	A	anno1.g8597.t1	A
rna-XM_057815124.1	A	anno1.g9492.t1	A
rna-XM_057815127.1	A	anno1.g8595.t1	A
rna-XM_057815078.1	A	anno1.g8594.t5	A
rna-XM_057812477.1	A	anno1.g8593.t1	A
rna-XM_057814146.1	A	anno1.g8592.t1	A
rna-XM_057814148.1	A	anno1.g12077.t2	X
rna-XM_057812012.1	A	anno1.g8492.t1	A
rna-XM_057813069.1	A	anno1.g53.t1	A
rna-XM_057813068.1	A	anno1.g8493.t1	A
rna-XM_057813072.1	A	anno1.g8819.t1	A
rna-XM_057813073.1	A	anno1.g8788.t1	A
rna-XM_057813074.1	A	anno1.g6295.t1	A
rna-XM_057814145.1	A	anno1.g8820.t1	A
rna-XM_057813076.1	A	anno1.g5665.t1	A
rna-XM_057813093.1	A	anno1.g8775.t1	A
rna-XM_057813078.1	A	anno1.g8116.t1	A
rna-XM_057813085.1	A	anno1.g8115.t1	A
rna-XM_057813081.1	A	anno1.g8114.t1	A
rna-XM_057813080.1	A	anno1.g8113.t1	A
rna-XM_057813082.1	A	anno1.g8112.t1	A
rna-XM_057813088.1	A	anno1.g8111.t1	A
rna-XM_057813098.1	A	anno1.g7869.t1	A
rna-XM_057813099.1	A	anno1.g7868.t1	A
rna-XM_057813102.1	A	anno1.g4873.t1	A
rna-XM_057813106.1	A	anno1.g7870.t1	A
rna-XM_057813109.1	A	anno1.g10217.t2	A
rna-XM_057813112.1	A	anno1.g10084.t1	A
rna-XM_057813115.1	A	anno1.g4385.t1	A
rna-XM_057813121.1	A	anno1.g5037.t2	A
rna-XM_057813117.1	A	anno1.g10219.t1	A
rna-XM_057813123.1	A	anno1.g10218.t1	A
rna-XM_057813124.1	A	anno1.g10123.t1	A
rna-XM_057813125.1	A	anno1.g10124.t1	A
rna-XM_057813130.1	A	anno1.g10088.t2	A
rna-XM_057813135.1	A	anno1.g9315.t1	A
rna-XM_057813137.1	A	anno1.g8380.t1	A
rna-XM_057813141.1	A	anno1.g9950.t2	A
rna-XM_057813142.1	A	anno1.g3913.t2	A
rna-XM_057814169.1	A	anno1.g6012.t1	A
rna-XM_057813151.1	A	anno1.g1403.t1	A
rna-XM_057813153.1	A	anno1.g1754.t1	A
rna-XM_057812286.1	A	anno1.g10039.t1	A
rna-XM_057812287.1	A	anno1.g10042.t1	A
rna-XM_057811363.1	A	anno1.g10043.t2	A
rna-XM_057811368.1	A	anno1.g2500.t1	A
rna-XM_057813440.1	A	anno1.g367.t1	A
rna-XM_057813441.1	A	anno1.g8264.t1	A
rna-XM_057812850.1	A	anno1.g5754.t2	A
rna-XM_057812849.1	A	anno1.g5753.t1	A
rna-XM_057810898.1	A	anno1.g5419.t1	A
rna-XM_057810899.1	A	anno1.g523.t1	A
rna-XM_057812912.1	A	anno1.g10611.t1	A
rna-XM_057810934.1	A	anno1.g8903.t1	A
rna-XM_057812982.1	A	anno1.g8902.t1	A
rna-XM_057811288.1	A	anno1.g1948.t2	A
rna-XM_057812994.1	A	anno1.g4386.t1	A
rna-XM_057811351.1	A	anno1.g1205.t1	A
rna-XM_057811348.1	A	anno1.g8520.t3	A
rna-XM_057811355.1	A	anno1.g10047.t1	A
rna-XM_057811354.1	A	anno1.g6140.t1	A
rna-XM_057812214.1	A	anno1.g4613.t1	A
rna-XM_057812213.1	A	anno1.g9838.t1	A
rna-XM_057813375.1	A	anno1.g2389.t2	A
rna-XM_057813365.1	A	anno1.g5200.t2	A
rna-XM_057813377.1	A	anno1.g5735.t1	A
rna-XM_057813378.1	A	anno1.g2610.t1	A
rna-XM_057813379.1	A	anno1.g10958.t1	A
rna-XM_057813374.1	A	anno1.g773.t2	A
rna-XM_057810945.1	A	anno1.g10959.t3	A
rna-XM_057811764.1	A	anno1.g2611.t1	A
rna-XM_057813885.1	A	anno1.g2537.t1	A
rna-XM_057813891.1	A	anno1.g2538.t1	A
rna-XM_057813892.1	A	anno1.g894.t1	A
rna-XM_057813893.1	A	anno1.g7843.t1	A
rna-XM_057813895.1	A	anno1.g10086.t1	A
rna-XM_057813903.1	A	anno1.g7194.t1	A
rna-XM_057813898.1	A	anno1.g7152.t1	A
rna-XM_057813907.1	A	anno1.g8838.t1	A
rna-XM_057813908.1	A	anno1.g8839.t1	A
rna-XM_057813905.1	A	anno1.g8837.t1	A
rna-XM_057813920.1	A	anno1.g7682.t2	A
rna-XM_057813922.1	A	anno1.g5197.t1	A
rna-XM_057813924.1	A	anno1.g5198.t1	A
rna-XM_057813926.1	A	anno1.g10322.t1	A
rna-XM_057813928.1	A	anno1.g10320.t1	A
rna-XM_057813933.1	A	anno1.g5679.t3	A
rna-XM_057813932.1	A	anno1.g792.t1	A
rna-XM_057813931.1	A	anno1.g746.t1	A
rna-XM_057813936.1	A	anno1.g728.t1	A
rna-XM_057813937.1	A	anno1.g9059.t1	A
rna-XM_057813940.1	A	anno1.g4559.t1	A
rna-XM_057813943.1	A	anno1.g4250.t1	A
rna-XM_057814188.1	A	anno1.g4514.t1	A
rna-XM_057813945.1	A	anno1.g8146.t1	A
rna-XM_057813948.1	A	anno1.g5662.t1	A
rna-XM_057812848.1	A	anno1.g715.t1	A
rna-XM_057814287.1	A	anno1.g4679.t1	A
rna-XM_057812936.1	A	anno1.g273.t1	A
rna-XM_057812939.1	A	anno1.g5653.t1	A
rna-XM_057812940.1	A	anno1.g7162.t1	A
rna-XM_057812941.1	A	anno1.g8168.t1	A
rna-XM_057812943.1	A	anno1.g2317.t1	A
rna-XM_057812276.1	A	anno1.g8175.t1	A
rna-XM_057811636.1	A	anno1.g8123.t1	A
rna-XM_057814785.1	A	anno1.g8120.t2	A
rna-XM_057814786.1	A	anno1.g8121.t1	A
rna-XM_057814787.1	A	anno1.g8122.t1	A
rna-XM_057814536.1	A	anno1.g3025.t1	A
rna-XM_057814538.1	A	anno1.g3026.t1	A
rna-XM_057813305.1	A	anno1.g9133.t2	A
rna-XM_057814288.1	A	anno1.g9132.t1	A
rna-XM_057812958.1	A	anno1.g781.t1	A
rna-XM_057812956.1	A	anno1.g787.t1	A
rna-XM_057813586.1	A	anno1.g3022.t1	A
rna-XM_057813596.1	A	anno1.g3023.t1	A
rna-XM_057813595.1	A	anno1.g10016.t1	A
rna-XM_057813592.1	A	anno1.g10017.t1	A
rna-XM_057813585.1	A	anno1.g9947.t1	A
rna-XM_057813574.1	A	anno1.g789.t1	A
rna-XM_057813584.1	A	anno1.g790.t1	A
rna-XM_057813598.1	A	anno1.g788.t2	A
rna-XM_057813583.1	A	anno1.g3945.t1	A
rna-XM_057812134.1	A	anno1.g3494.t1	A
rna-XM_057812133.1	A	anno1.g725.t2	A
rna-XM_057812098.1	A	anno1.g726.t1	A
rna-XM_057812551.1	A	anno1.g727.t1	A
rna-XM_057813340.1	A	anno1.g9228.t3	A
rna-XM_057813478.1	A	anno1.g9910.t1	A
rna-XM_057813481.1	A	anno1.g9913.t1	A
rna-XM_057814773.1	A	anno1.g9914.t1	A
rna-XM_057814777.1	A	anno1.g9909.t1	A
rna-XM_057814778.1	A	anno1.g5661.t1	A
rna-XM_057814782.1	A	anno1.g8092.t2	A
rna-XM_057814783.1	A	anno1.g1733.t1	A
rna-XM_057811713.1	A	anno1.g10501.t1	A
rna-XM_057811715.1	A	anno1.g10500.t1	A
rna-XM_057813167.1	A	anno1.g1503.t1	A
rna-XM_057813168.1	A	anno1.g5657.t1	A
rna-XM_057811379.1	A	anno1.g5658.t1	A
rna-XM_057811382.1	A	anno1.g5660.t2	A
rna-XM_057811384.1	A	anno1.g747.t1	A
rna-XM_057811385.1	A	anno1.g796.t1	A
rna-XM_057811388.1	A	anno1.g5659.t1	A
rna-XM_057811392.1	A	anno1.g10010.t1	A
rna-XM_057811394.1	A	anno1.g10013.t1	A
rna-XM_057811395.1	A	anno1.g10015.t1	A
rna-XM_057811396.1	A	anno1.g793.t1	A
rna-XM_057811402.1	A	anno1.g5484.t2	A
rna-XM_057811403.1	A	anno1.g10149.t2	A
rna-XM_057811404.1	A	anno1.g745.t1	A
rna-XM_057811405.1	A	anno1.g794.t1	A
rna-XM_057811406.1	A	anno1.g9938.t1	A
rna-XM_057811417.1	A	anno1.g9089.t1	A
rna-XM_057811410.1	A	anno1.g9060.t2	A
rna-XM_057811416.1	A	anno1.g9062.t1	A
rna-XM_057811419.1	A	anno1.g4178.t1	A
rna-XM_057811428.1	A	anno1.g9057.t1	A
rna-XM_057811431.1	A	anno1.g7997.t1	A
rna-XM_057811432.1	A	anno1.g8091.t1	A
rna-XM_057811438.1	A	anno1.g812.t1	A
rna-XM_057811439.1	A	anno1.g9090.t2	A
rna-XM_057811441.1	A	anno1.g9139.t1	A
rna-XM_057811446.1	A	anno1.g9058.t2	A
rna-XM_057811442.1	A	anno1.g7989.t2	A
rna-XM_057814369.1	A	anno1.g7991.t2	A
rna-XM_057811451.1	A	anno1.g1421.t2	A
rna-XM_057811454.1	A	anno1.g115.t1	A
rna-XM_057811452.1	A	anno1.g10721.t1	A
rna-XM_057811455.1	A	anno1.g10720.t1	A
rna-XM_057811457.1	A	anno1.g10712.t2	A
rna-XM_057811456.1	A	anno1.g4580.t1	A
rna-XM_057811466.1	A	anno1.g10843.t1	A
rna-XM_057811462.1	A	anno1.g10855.t1	A
rna-XM_057811469.1	A	anno1.g3756.t1	A
rna-XM_057811471.1	A	anno1.g8641.t1	A
rna-XM_057811460.1	A	anno1.g2433.t2	A
rna-XM_057811472.1	A	anno1.g2435.t1	A
rna-XM_057811478.1	A	anno1.g2436.t1	A
rna-XM_057811480.1	A	anno1.g2318.t1	A
rna-XM_057811476.1	A	anno1.g11155.t1	A
rna-XM_057811484.1	A	anno1.g11153.t2	A
rna-XM_057811494.1	A	anno1.g11170.t1	A
rna-XM_057811485.1	A	anno1.g11307.t1	A
rna-XM_057811497.1	A	anno1.g11306.t2	A
rna-XM_057811504.1	A	anno1.g11171.t1	A
rna-XM_057811508.1	A	anno1.g11175.t1	A
rna-XM_057811511.1	A	anno1.g11144.t1	A
rna-XM_057814420.1	A	anno1.g11159.t1	A
rna-XM_057811495.1	A	anno1.g3809.t1	A
rna-XM_057811503.1	A	anno1.g3919.t1	A
rna-XM_057811516.1	A	anno1.g9403.t1	A
rna-XM_057811506.1	A	anno1.g9414.t1	A
rna-XM_057811517.1	A	anno1.g7025.t1	A
rna-XM_057813058.1	A	anno1.g3938.t1	A
rna-XM_057813061.1	A	anno1.g4022.t1	A
rna-XM_057813059.1	A	anno1.g3935.t1	A
rna-XM_057814808.1	A	anno1.g1409.t1	A
rna-XM_057814804.1	A	anno1.g7650.t1	A
rna-XM_057814671.1	A	anno1.g7651.t1	A
rna-XM_057812303.1	A	anno1.g7560.t1	A
rna-XM_057812513.1	A	anno1.g7074.t3	A
rna-XM_057811745.1	A	anno1.g8860.t1	A
rna-XM_057811717.1	A	anno1.g2080.t1	A
rna-XM_057814605.1	A	anno1.g6107.t2	A
rna-XM_057814608.1	A	anno1.g10416.t2	A
rna-XM_057814580.1	A	anno1.g9017.t2	A
rna-XM_057815042.1	A	anno1.g8940.t1	A
rna-XM_057815044.1	A	anno1.g8941.t1	A
rna-XM_057814281.1	A	anno1.g9268.t1	A
rna-XM_057814276.1	A	anno1.g9267.t1	A
rna-XM_057814280.1	A	anno1.g10769.t1	A
rna-XM_057812961.1	A	anno1.g11225.t1	A
rna-XM_057812962.1	A	anno1.g11224.t1	A
rna-XM_057812498.1	A	anno1.g9241.t1	A
rna-XM_057812557.1	A	anno1.g9244.t1	A
rna-XM_057812562.1	A	anno1.g9246.t1	A
rna-XM_057812697.1	A	anno1.g9247.t1	A
rna-XM_057812909.1	A	anno1.g9248.t1	A
rna-XM_057812910.1	A	anno1.g9250.t1	A
rna-XM_057813362.1	A	anno1.g10961.t1	A
rna-XM_057814455.1	A	anno1.g10963.t1	A
rna-XM_057814456.1	A	anno1.g10592.t1	A
rna-XM_057812811.1	A	anno1.g7637.t1	A
rna-XM_057812522.1	A	anno1.g2289.t1	A
rna-XM_057812526.1	A	anno1.g7636.t1	A
rna-XM_057814458.1	A	anno1.g11187.t1	A
rna-XM_057812535.1	A	anno1.g11189.t1	A
rna-XM_057812528.1	A	anno1.g11191.t1	A
rna-XM_057812537.1	A	anno1.g11312.t1	A
rna-XM_057812520.1	A	anno1.g10526.t1	A
rna-XM_057812538.1	A	anno1.g10525.t1	A
rna-XM_057812536.1	A	anno1.g10524.t1	A
rna-XM_057814090.1	A	anno1.g10523.t1	A
rna-XM_057813477.1	A	anno1.g10372.t2	A
rna-XM_057813165.1	A	anno1.g10371.t1	A
rna-XM_057811639.1	A	anno1.g11181.t1	A
rna-XM_057811637.1	A	anno1.g11182.t1	A
rna-XM_057811640.1	A	anno1.g11183.t2	A
rna-XM_057813443.1	A	anno1.g10747.t2	A
rna-XM_057813446.1	A	anno1.g10746.t2	A
rna-XM_057812094.1	A	anno1.g10744.t1	A
rna-XM_057811644.1	A	anno1.g10742.t1	A
rna-XM_057811648.1	A	anno1.g10740.t1	A
rna-XM_057812497.1	A	anno1.g9745.t2	A
rna-XM_057811690.1	A	anno1.g10970.t2	A
rna-XM_057812833.1	A	anno1.g3846.t1	A
rna-XM_057813713.1	A	anno1.g3495.t1	A
rna-XM_057813715.1	A	anno1.g10698.t1	A
rna-XM_057813724.1	A	anno1.g10728.t1	A
rna-XM_057811979.1	A	anno1.g7471.t1	A
rna-XM_057811977.1	A	anno1.g7213.t1	A
rna-XM_057811978.1	A	anno1.g7676.t1	A
rna-XM_057811990.1	A	anno1.g7677.t1	A
rna-XM_057811987.1	A	anno1.g7679.t2	A
rna-XM_057811995.1	A	anno1.g6636.t1	A
rna-XM_057811973.1	A	anno1.g6637.t1	A
rna-XM_057811992.1	A	anno1.g6638.t1	A
rna-XM_057811989.1	A	anno1.g7440.t1	A
rna-XM_057811986.1	A	anno1.g7439.t1	A
rna-XM_057811971.1	A	anno1.g7438.t1	A
rna-XM_057811676.1	A	anno1.g6639.t2	A
rna-XM_057812164.1	A	anno1.g6640.t1	A
rna-XM_057812165.1	A	anno1.g6641.t1	A
rna-XM_057812162.1	A	anno1.g3583.t1	A
rna-XM_057813384.1	A	anno1.g3936.t1	A
rna-XM_057812442.1	A	anno1.g4021.t1	A
rna-XM_057813315.1	A	anno1.g3502.t2	A
rna-XM_057814479.1	A	anno1.g3307.t1	A
rna-XM_057811688.1	A	anno1.g3316.t1	A
rna-XM_057814520.1	A	anno1.g11091.t1	A
rna-XM_057814505.1	A	anno1.g11095.t2	A
rna-XM_057812136.1	A	anno1.g2536.t1	A
rna-XM_057811722.1	A	anno1.g6400.t1	A
rna-XM_057813492.1	A	anno1.g3321.t1	A
rna-XM_057814530.1	A	anno1.g11184.t1	A
rna-XM_057814481.1	A	anno1.g6745.t1	A
rna-XM_057814480.1	A	anno1.g7415.t1	A
rna-XM_057812543.1	A	anno1.g7198.t1	A
rna-XM_057812048.1	A	anno1.g7199.t1	A
rna-XM_057812302.1	A	anno1.g9593.t1	A
rna-XM_057812550.1	A	anno1.g9592.t1	A
rna-XM_057812099.1	A	anno1.g8145.t1	A
rna-XM_057812444.1	A	anno1.g6643.t1	A
rna-XM_057812446.1	A	anno1.g9594.t1	A
rna-XM_057815034.1	A	anno1.g10366.t2	A
rna-XM_057813834.1	A	anno1.g10365.t1	A
rna-XM_057813836.1	A	anno1.g11116.t1	A
rna-XM_057812257.1	A	anno1.g10361.t1	A
rna-XM_057812033.1	A	anno1.g11234.t1	A
rna-XM_057812651.1	A	anno1.g10360.t1	A
rna-XM_057813470.1	A	anno1.g9027.t1	A
rna-XM_057811667.1	A	anno1.g3324.t1	A
rna-XM_057813387.1	A	anno1.g10710.t1	A
rna-XM_057813386.1	A	anno1.g10711.t1	A
rna-XM_057812016.1	A	anno1.g3323.t1	A
rna-XM_057812085.1	A	anno1.g10748.t1	A
rna-XM_057812834.1	A	anno1.g11274.t1	A
rna-XM_057812836.1	A	anno1.g4054.t2	A
rna-XM_057812842.1	A	anno1.g4050.t2	A
rna-XM_057812458.1	A	anno1.g9369.t2	A
rna-XM_057812805.1	A	anno1.g10762.t1	A
rna-XM_057813221.1	A	anno1.g10784.t1	A
rna-XM_057814577.1	A	anno1.g4062.t1	A
rna-XM_057814576.1	A	anno1.g3644.t1	A
rna-XM_057814579.1	A	anno1.g3646.t1	A
rna-XM_057814573.1	A	anno1.g3647.t1	A
rna-XM_057814575.1	A	anno1.g3648.t1	A
rna-XM_057814572.1	A	anno1.g3650.t1	A
rna-XM_057813855.1	A	anno1.g3444.t2	A
rna-XM_057813857.1	A	anno1.g3443.t1	A
rna-XM_057814800.1	A	anno1.g4055.t1	A
rna-XM_057814801.1	A	anno1.g3865.t1	A
rna-XM_057811617.1	A	anno1.g4093.t1	A
rna-XM_057811613.1	A	anno1.g11310.t1	A
rna-XM_057811615.1	A	anno1.g10481.t1	A
rna-XM_057811609.1	A	anno1.g10480.t1	A
rna-XM_057811618.1	A	anno1.g10479.t2	A
rna-XM_057811616.1	A	anno1.g10477.t1	A
rna-XM_057812464.1	A	anno1.g3604.t1	A
rna-XM_057812470.1	A	anno1.g3592.t1	A
rna-XM_057814755.1	A	anno1.g4007.t1	A
rna-XM_057814753.1	A	anno1.g7949.t2	A
rna-XM_057812689.1	A	anno1.g8304.t2	A
rna-XM_057813349.1	A	anno1.g8303.t1	A
rna-XM_057811188.1	A	anno1.g1504.t2	A
rna-XM_057811193.1	A	anno1.g7998.t1	A
rna-XM_057812898.1	A	anno1.g1487.t4	A
rna-XM_057813636.1	A	anno1.g3214.t1	A
rna-XM_057813619.1	A	anno1.g3099.t1	A
rna-XM_057813628.1	A	anno1.g3095.t1	A
rna-XM_057813626.1	A	anno1.g891.t1	A
rna-XM_057813621.1	A	anno1.g2338.t1	A
rna-XM_057813630.1	A	anno1.g3142.t2	A
rna-XM_057813627.1	A	anno1.g3143.t2	A
rna-XM_057813632.1	A	anno1.g3144.t1	A
rna-XM_057813641.1	A	anno1.g4870.t1	A
rna-XM_057813634.1	A	anno1.g3160.t1	A
rna-XM_057811723.1	A	anno1.g8798.t1	A
rna-XM_057810955.1	A	anno1.g6624.t1	A
rna-XM_057810952.1	A	anno1.g6623.t1	A
rna-XM_057810958.1	A	anno1.g6783.t1	A
rna-XM_057813660.1	A	anno1.g8420.t1	A
rna-XM_057813661.1	A	anno1.g3679.t1	A
rna-XM_057813659.1	A	anno1.g8067.t1	A
rna-XM_057813662.1	A	anno1.g10974.t1	A
rna-XM_057813654.1	A	anno1.g7553.t1	A
rna-XM_057813657.1	A	anno1.g9237.t1	A
rna-XM_057814424.1	A	anno1.g6712.t2	A
rna-XM_057812188.1	A	anno1.g6713.t1	A
rna-XM_057813275.1	A	anno1.g5974.t1	A
rna-XM_057813270.1	A	anno1.g5775.t3	A
rna-XM_057812922.1	A	anno1.g6711.t1	A
rna-XM_057813333.1	A	anno1.g6348.t1	A
rna-XM_057813404.1	A	anno1.g10346.t1	A
rna-XM_057813405.1	A	anno1.g11222.t2	A
rna-XM_057814560.1	A	anno1.g10339.t1	A
rna-XM_057813316.1	A	anno1.g10340.t1	A
rna-XM_057813317.1	A	anno1.g1877.t1	A
rna-XM_057812448.1	A	anno1.g10341.t1	A
rna-XM_057812496.1	A	anno1.g10660.t1	A
rna-XM_057813227.1	A	anno1.g2061.t1	A
rna-XM_057813228.1	A	anno1.g10659.t1	A
rna-XM_057813230.1	A	anno1.g10658.t1	A
rna-XM_057811342.1	A	anno1.g10654.t1	A
rna-XM_057811332.1	A	anno1.g10650.t1	A
rna-XM_057811334.1	A	anno1.g10648.t2	A
rna-XM_057811340.1	A	anno1.g10647.t2	A
rna-XM_057811338.1	A	anno1.g10460.t1	A
rna-XM_057811328.1	A	anno1.g9666.t1	A
rna-XM_057811329.1	A	anno1.g10691.t1	A
rna-XM_057814582.1	A	anno1.g10690.t2	A
rna-XM_057814584.1	A	anno1.g10764.t1	A
rna-XM_057812141.1	A	anno1.g10687.t1	A
rna-XM_057812146.1	A	anno1.g10686.t1	A
rna-XM_057812150.1	A	anno1.g10685.t1	A
rna-XM_057812148.1	A	anno1.g10684.t2	A
rna-XM_057812147.1	A	anno1.g10683.t1	A
rna-XM_057813411.1	A	anno1.g10305.t1	A
rna-XM_057815132.1	A	anno1.g10304.t1	A
rna-XM_057814092.1	A	anno1.g10695.t1	A
rna-XM_057814093.1	A	anno1.g10694.t1	A
rna-XM_057812706.1	A	anno1.g11146.t1	A
rna-XM_057814365.1	A	anno1.g10693.t1	A
rna-XM_057814367.1	A	anno1.g10692.t1	A
rna-XM_057814364.1	A	anno1.g10455.t1	A
rna-XM_057814362.1	A	anno1.g10456.t1	A
rna-XM_057814333.1	A	anno1.g10453.t2	A
rna-XM_057813328.1	A	anno1.g10702.t2	A
rna-XM_057811679.1	A	anno1.g1445.t2	A
rna-XM_057811734.1	A	anno1.g11145.t2	A
rna-XM_057812215.1	A	anno1.g4051.t1	A
rna-XM_057813432.1	A	anno1.g3998.t1	A
rna-XM_057814564.1	A	anno1.g4000.t2	A
rna-XM_057811774.1	A	anno1.g3707.t1	A
rna-XM_057811773.1	A	anno1.g3706.t1	A
rna-XM_057811777.1	A	anno1.g3445.t1	A
rna-XM_057811780.1	A	anno1.g3824.t2	A
rna-XM_057811787.1	A	anno1.g3803.t1	A
rna-XM_057811786.1	A	anno1.g3794.t2	A
rna-XM_057811785.1	A	anno1.g3747.t1	A
rna-XM_057811788.1	A	anno1.g3467.t1	A
rna-XM_057811789.1	A	anno1.g3656.t1	A
rna-XM_057811793.1	A	anno1.g3748.t1	A
rna-XM_057814586.1	A	anno1.g3746.t1	A
rna-XM_057811798.1	A	anno1.g3745.t1	A
rna-XM_057811803.1	A	anno1.g3655.t1	A
rna-XM_057811800.1	A	anno1.g3775.t1	A
rna-XM_057811804.1	A	anno1.g3674.t1	A
rna-XM_057811806.1	A	anno1.g375.t1	A
rna-XM_057811807.1	A	anno1.g11177.t1	A
rna-XM_057811812.1	A	anno1.g1708.t1	A
rna-XM_057811810.1	A	anno1.g9824.t1	A
rna-XM_057811815.1	A	anno1.g712.t1	A
rna-XM_057811816.1	A	anno1.g714.t1	A
rna-XM_057811819.1	A	anno1.g2009.t1	A
rna-XM_057811820.1	A	anno1.g2008.t1	A
rna-XM_057811821.1	A	anno1.g1978.t2	A
rna-XM_057811830.1	A	anno1.g1979.t1	A
rna-XM_057811828.1	A	anno1.g1985.t2	A
rna-XM_057811831.1	A	anno1.g1986.t1	A
rna-XM_057811832.1	A	anno1.g764.t1	A
rna-XM_057811833.1	A	anno1.g11926.t1	X
rna-XM_057811834.1	A	anno1.g8573.t1	A
rna-XM_057811837.1	A	anno1.g7165.t1	A
rna-XM_057811838.1	A	anno1.g7164.t1	A
rna-XM_057811839.1	A	anno1.g7163.t1	A
rna-XM_057811840.1	A	anno1.g7166.t1	A
rna-XM_057811841.1	A	anno1.both_agree_g14163.t2	A
rna-XM_057811842.1	A	anno1.g8561.t1	A
rna-XM_057811846.1	A	anno1.g6629.t1	A
rna-XM_057811849.1	A	anno1.g1337.t1	A
rna-XM_057811848.1	A	anno1.g1338.t1	A
rna-XM_057811850.1	A	anno1.g2150.t1	A
rna-XM_057811851.1	A	anno1.g6462.t1	A
rna-XM_057811852.1	A	anno1.g1957.t1	A
rna-XM_057811908.1	A	anno1.g1959.t2	A
rna-XM_057811910.1	A	anno1.g1343.t1	A
rna-XM_057811912.1	A	anno1.g9905.t1	A
rna-XM_057811913.1	A	anno1.g1342.t1	A
rna-XM_057811922.1	A	anno1.g6662.t1	A
rna-XM_057811923.1	A	anno1.g1166.t1	A
rna-XM_057811924.1	A	anno1.g1163.t1	A
rna-XM_057811927.1	A	anno1.g1848.t1	A
rna-XM_057811934.1	A	anno1.g1847.t2	A
rna-XM_057811932.1	A	anno1.g1846.t2	A
rna-XM_057811939.1	A	anno1.g1841.t1	A
rna-XM_057811938.1	A	anno1.g1844.t1	A
rna-XM_057811945.1	A	anno1.g1840.t1	A
rna-XM_057814620.1	A	anno1.g1837.t1	A
rna-XM_057811959.1	A	anno1.g1835.t1	A
rna-XM_057811948.1	A	anno1.g1832.t1	A
rna-XM_057811967.1	A	anno1.g1834.t1	A
rna-XM_057811964.1	A	anno1.g1829.t1	A
rna-XM_057811965.1	A	anno1.g1831.t1	A
rna-XM_057811963.1	A	anno1.g1830.t1	A
rna-XM_057811960.1	A	anno1.g1826.t1	A
rna-XM_057811962.1	A	anno1.g9542.t1	A
rna-XM_057811958.1	A	anno1.g9005.t1	A
rna-XM_057811966.1	A	anno1.g2640.t1	A
rna-XM_057811952.1	A	anno1.g9009.t1	A
rna-XM_057813186.1	A	anno1.g9010.t1	A
rna-XM_057812447.1	A	anno1.g9011.t1	A
rna-XM_057812959.1	A	anno1.g9012.t1	A
rna-XM_057812480.1	A	anno1.g9013.t1	A
rna-XM_057814646.1	A	anno1.g8629.t1	A
rna-XM_057813840.1	A	anno1.g8630.t1	A
rna-XM_057813850.1	A	anno1.g2390.t1	A
rna-XM_057813851.1	A	anno1.g8628.t1	A
rna-XM_057813854.1	A	anno1.g8627.t2	A
rna-XM_057812070.1	A	anno1.g8349.t1	A
rna-XM_057813232.1	A	anno1.g371.t1	A
rna-XM_057813231.1	A	anno1.g370.t1	A
rna-XM_057812168.1	A	anno1.g5245.t1	A
rna-XM_057811343.1	A	anno1.g5246.t1	A
rna-XM_057811655.1	A	anno1.g9876.t1	A
rna-XM_057811656.1	A	anno1.g9875.t1	A
rna-XM_057811701.1	A	anno1.g5251.t2	A
rna-XM_057811740.1	A	anno1.g2521.t2	A
rna-XM_057811536.1	A	anno1.g9873.t2	A
rna-XM_057811537.1	A	anno1.g5247.t1	A
rna-XM_057814762.1	A	anno1.g8855.t1	A
rna-XM_057814768.1	A	anno1.g4970.t1	A
rna-XM_057814765.1	A	anno1.g2688.t1	A
rna-XM_057814769.1	A	anno1.g11055.t1	A
rna-XM_057813346.1	A	anno1.g2372.t1	A
rna-XM_057813031.1	A	anno1.g2373.t2	A
rna-XM_057811682.1	A	anno1.g11056.t1	A
rna-XM_057811681.1	A	anno1.g2371.t1	A
rna-XM_057811683.1	A	anno1.g2214.t1	A
rna-XM_057813498.1	A	anno1.g2215.t1	A
rna-XM_057814140.1	A	anno1.g3742.t1	A
rna-XM_057814139.1	A	anno1.g9642.t1	A
rna-XM_057814117.1	A	anno1.g6206.t2	A
rna-XM_057812742.1	A	anno1.g339.t1	A
rna-XM_057814487.1	A	anno1.g7862.t1	A
rna-XM_057814482.1	A	anno1.g7861.t1	A
rna-XM_057814485.1	A	anno1.g338.t1	A
rna-XM_057812818.1	A	anno1.g3191.t1	A
rna-XM_057813027.1	A	anno1.g3192.t1	A
rna-XM_057813026.1	A	anno1.g3188.t1	A
rna-XM_057812685.1	A	anno1.g3187.t1	A
rna-XM_057812686.1	A	anno1.g3186.t1	A
rna-XM_057813455.1	A	anno1.g5071.t2	A
rna-XM_057812972.1	A	anno1.g5070.t2	A
rna-XM_057811757.1	A	anno1.g9647.t1	A
rna-XM_057811762.1	A	anno1.g123.t1	A
rna-XM_057811761.1	A	anno1.g9645.t1	A
rna-XM_057811739.1	A	anno1.g9644.t1	A
rna-XM_057811737.1	A	anno1.g9643.t1	A
rna-XM_057812126.1	A	anno1.g9207.t1	A
rna-XM_057812128.1	A	anno1.g4508.t1	A
rna-XM_057812864.1	A	anno1.g9385.t1	A
rna-XM_057812875.1	A	anno1.g10325.t1	A
rna-XM_057812855.1	A	anno1.g10326.t1	A
rna-XM_057812860.1	A	anno1.g10328.t1	A
rna-XM_057812859.1	A	anno1.g10329.t1	A
rna-XM_057812879.1	A	anno1.g2534.t1	A
rna-XM_057812887.1	A	anno1.g10968.t1	A
rna-XM_057812880.1	A	anno1.g10967.t1	A
rna-XM_057812852.1	A	anno1.g10966.t2	A
rna-XM_057812873.1	A	anno1.g10965.t1	A
rna-XM_057812858.1	A	anno1.g10752.t2	A
rna-XM_057812890.1	A	anno1.g10718.t1	A
rna-XM_057812889.1	A	anno1.g10717.t1	A
rna-XM_057812865.1	A	anno1.g10714.t1	A
rna-XM_057812874.1	A	anno1.g10715.t1	A
rna-XM_057812897.1	A	anno1.g10713.t1	A
rna-XM_057814109.1	A	anno1.g10951.t1	A
rna-XM_057814116.1	A	anno1.g1506.t1	A
rna-XM_057814113.1	A	anno1.g10333.t2	A
rna-XM_057813501.1	A	anno1.g5377.t1	A
rna-XM_057811297.1	A	anno1.g10952.t3	A
rna-XM_057811301.1	A	anno1.g2418.t1	A
rna-XM_057811308.1	A	anno1.g2100.t1	A
rna-XM_057811310.1	A	anno1.g10458.t1	A
rna-XM_057811307.1	A	anno1.g10457.t1	A
rna-XM_057811298.1	A	anno1.g10956.t1	A
rna-XM_057811295.1	A	anno1.g11070.t5	A
rna-XM_057811303.1	A	anno1.g3598.t1	A
rna-XM_057811314.1	A	anno1.g7105.t1	A
rna-XM_057811317.1	A	anno1.g10923.t1	A
rna-XM_057812993.1	A	anno1.g10331.t1	A
rna-XM_057812809.1	A	anno1.g10330.t1	A
rna-XM_057813426.1	A	anno1.g6447.t1	A
rna-XM_057811534.1	A	anno1.g10459.t1	A
rna-XM_057811325.1	A	anno1.g10332.t1	A
rna-XM_057811326.1	A	anno1.g3599.t1	A
rna-XM_057812484.1	A	anno1.g7769.t1	A
rna-XM_057811619.1	A	anno1.g11343.t1	A
rna-XM_057813418.1	A	anno1.g11093.t1	A
rna-XM_057811751.1	A	anno1.g7575.t1	A
rna-XM_057811563.1	A	anno1.g5564.t1	A
rna-XM_057812491.1	A	anno1.g11069.t1	A
rna-XM_057813242.1	A	anno1.g11065.t1	A
rna-XM_057813239.1	A	anno1.g1052.t1	A
rna-XM_057812173.1	A	anno1.g10334.t1	A
rna-XM_057811199.1	A	anno1.g5565.t1	A
rna-XM_057813491.1	A	anno1.g11150.t1	A
rna-XM_057811207.1	A	anno1.g11122.t1	A
rna-XM_057812670.1	A	anno1.g3190.t2	A
rna-XM_057812661.1	A	anno1.g3189.t1	A
rna-XM_057812916.1	A	anno1.g11289.t1	A
rna-XM_057812917.1	A	anno1.g11294.t1	A
rna-XM_057811677.1	A	anno1.g11296.t1	A
rna-XM_057811250.1	A	anno1.g11297.t1	A
rna-XM_057813209.1	A	anno1.g3908.t2	A
rna-XM_057813983.1	A	anno1.g3593.t1	A
rna-XM_057813986.1	A	anno1.g3594.t1	A
rna-XM_057813987.1	A	anno1.g3606.t1	A
rna-XM_057813988.1	A	anno1.g3597.t1	A
rna-XM_057813989.1	A	anno1.g11163.t1	A
rna-XM_057814014.1	A	anno1.g801.t1	A
rna-XM_057814017.1	A	anno1.g9393.t1	A
rna-XM_057814016.1	A	anno1.g11217.t1	A
rna-XM_057811716.1	A	anno1.g11218.t1	A
rna-XM_057811208.1	A	anno1.g7378.t1	A
rna-XM_057813409.1	A	anno1.g11220.t1	A
rna-XM_057814631.1	A	anno1.g9408.t1	A
rna-XM_057814630.1	A	anno1.g9407.t1	A
rna-XM_057814632.1	A	anno1.g9409.t1	A
rna-XM_057812112.1	A	anno1.g9410.t2	A
rna-XM_057812113.1	A	anno1.g9411.t1	A
rna-XM_057813216.1	A	anno1.g9413.t1	A
rna-XM_057813245.1	A	anno1.g3603.t1	A
rna-XM_057812193.1	A	anno1.g8746.t1	A
rna-XM_057813254.1	A	anno1.g8748.t2	A
rna-XM_057812945.1	A	anno1.g6784.t1	A
rna-XM_057813997.1	A	anno1.g207.t1	A
rna-XM_057813995.1	A	anno1.g205.t1	A
rna-XM_057814007.1	A	anno1.g204.t1	A
rna-XM_057813994.1	A	anno1.g212.t2	A
rna-XM_057813999.1	A	anno1.g200.t1	A
rna-XM_057812441.1	A	anno1.g336.t1	A
rna-XM_057811765.1	A	anno1.g201.t1	A
rna-XM_057812045.1	A	anno1.g203.t1	A
rna-XM_057813381.1	A	anno1.g198.t1	A
rna-XM_057812719.1	A	anno1.g335.t1	A
rna-XM_057812715.1	A	anno1.g211.t2	A
rna-XM_057812740.1	A	anno1.g216.t2	A
rna-XM_057814447.1	A	anno1.g197.t1	A
rna-XM_057814453.1	A	anno1.g196.t1	A
rna-XM_057814446.1	A	anno1.g343.t1	A
rna-XM_057814451.1	A	anno1.g896.t1	A
rna-XM_057812023.1	A	anno1.g9761.t1	A
rna-XM_057812568.1	A	anno1.g342.t1	A
rna-XM_057812190.1	A	anno1.g10024.t1	A
rna-XM_057810949.1	A	anno1.g1031.t1	A
rna-XM_057813438.1	A	anno1.g1032.t1	A
rna-XM_057812929.1	A	anno1.g1033.t1	A
rna-XM_057812678.1	A	anno1.g1036.t1	A
rna-XM_057812679.1	A	anno1.g1037.t1	A
rna-XM_057812553.1	A	anno1.g1038.t1	A
rna-XM_057812570.1	A	anno1.g1039.t3	A
rna-XM_057812157.1	A	anno1.g1040.t1	A
rna-XM_057811197.1	A	anno1.g3251.t1	A
rna-XM_057811198.1	A	anno1.g6612.t1	A
rna-XM_057811194.1	A	anno1.g8294.t1	A
rna-XM_057814587.1	A	anno1.g3253.t2	A
rna-XM_057814590.1	A	anno1.g10640.t1	A
rna-XM_057814589.1	A	anno1.g6027.t1	A
rna-XM_057810959.1	A	anno1.g5571.t1	A
rna-XM_057810966.1	A	anno1.g364.t1	A
rna-XM_057812122.1	A	anno1.g3196.t1	A
rna-XM_057814089.1	A	anno1.g7416.t1	A
rna-XM_057814084.1	A	anno1.g366.t1	A
rna-XM_057814088.1	A	anno1.g5583.t1	A
rna-XM_057812515.1	A	anno1.g4839.t2	A
rna-XM_057811724.1	A	anno1.g8178.t2	A
rna-XM_057812691.1	A	anno1.g8176.t1	A
rna-XM_057812073.1	A	anno1.g5547.t1	A
rna-XM_057814156.1	A	anno1.g8757.t1	A
rna-XM_057814167.1	A	anno1.g1169.t1	A
rna-XM_057814168.1	A	anno1.g1765.t1	A
rna-XM_057814597.1	A	anno1.g1764.t1	A
rna-XM_057811699.1	A	anno1.g1172.t1	A
rna-XM_057813694.1	A	anno1.g5558.t1	A
rna-XM_057813688.1	A	anno1.g4887.t1	A
rna-XM_057812192.1	A	anno1.g5557.t1	A
rna-XM_057814770.1	A	anno1.g2345.t3	A
rna-XM_057812039.1	A	anno1.g5601.t1	A
rna-XM_057811685.1	A	anno1.g9179.t1	A
rna-XM_057811630.1	A	anno1.g5604.t1	A
rna-XM_057811632.1	A	anno1.g5548.t1	A
rna-XM_057813486.1	A	anno1.g4638.t1	A
rna-XM_057812540.1	A	anno1.g4640.t1	A
rna-XM_057813872.1	A	anno1.g9625.t1	A
rna-XM_057813875.1	A	anno1.g5274.t1	A
rna-XM_057813876.1	A	anno1.g4643.t3	A
rna-XM_057812541.1	A	anno1.g6786.t1	A
rna-XM_057814795.1	A	anno1.g6785.t1	A
rna-XM_057814799.1	A	anno1.g10503.t1	A
rna-XM_057812995.1	A	anno1.g10502.t1	A
rna-XM_057813176.1	A	anno1.g2872.t1	A
rna-XM_057813180.1	A	anno1.g3773.t1	A
rna-XM_057813183.1	A	anno1.g3772.t1	A
rna-XM_057813178.1	A	anno1.g3905.t2	A
rna-XM_057813173.1	A	anno1.g3906.t1	A
rna-XM_057813185.1	A	anno1.g3879.t1	A
rna-XM_057813062.1	A	anno1.g9313.t1	A
rna-XM_057811370.1	A	anno1.g3875.t1	A
rna-XM_057812644.1	A	anno1.g3878.t1	A
rna-XM_057813392.1	A	anno1.g4563.t1	A
rna-XM_057813314.1	A	anno1.g4561.t1	A
rna-XM_057812251.1	A	anno1.g7563.t1	A
rna-XM_057812152.1	A	anno1.g5026.t1	A
rna-XM_057813471.1	A	anno1.g3675.t2	A
rna-XM_057814059.1	A	anno1.g3778.t1	A
rna-XM_057814058.1	A	anno1.g3673.t2	A
rna-XM_057814060.1	A	anno1.g3777.t1	A
rna-XM_057811999.1	A	anno1.g12375.t1	Y
rna-XM_057810976.1	A	anno1.g4827.t1	A
rna-XM_057810999.1	A	anno1.g3774.t1	A
rna-XM_057811033.1	A	anno1.g3827.t2	A
rna-XM_057811016.1	A	anno1.g4450.t1	A
rna-XM_057811006.1	A	anno1.g3826.t1	A
rna-XM_057810997.1	A	anno1.g3825.t1	A
rna-XM_057811017.1	A	anno1.g3582.t2	A
rna-XM_057811009.1	A	anno1.g3580.t3	A
rna-XM_057811034.1	A	anno1.g3581.t3	A
rna-XM_057811029.1	A	anno1.g3519.t3	A
rna-XM_057811014.1	A	anno1.g814.t1	A
rna-XM_057811013.1	A	anno1.g3577.t1	A
rna-XM_057811032.1	A	anno1.g3576.t1	A
rna-XM_057811050.1	A	anno1.g3579.t1	A
rna-XM_057811051.1	A	anno1.g6809.t1	A
rna-XM_057811053.1	A	anno1.g3514.t1	A
rna-XM_057811061.1	A	anno1.g3516.t2	A
rna-XM_057811059.1	A	anno1.g3518.t1	A
rna-XM_057811054.1	A	anno1.g6733.t1	A
rna-XM_057811067.1	A	anno1.g3457.t1	A
rna-XM_057811069.1	A	anno1.g3458.t2	A
rna-XM_057811073.1	A	anno1.g3459.t2	A
rna-XM_057811076.1	A	anno1.g4707.t1	A
rna-XM_057811077.1	A	anno1.g4660.t1	A
rna-XM_057811083.1	A	anno1.g9377.t1	A
rna-XM_057811080.1	A	anno1.g10103.t1	A
rna-XM_057811078.1	A	anno1.g1261.t1	A
rna-XM_057811085.1	A	anno1.g11337.t1	A
rna-XM_057811086.1	A	anno1.g5774.t1	A
rna-XM_057811087.1	A	anno1.g12040.t1	X
rna-XM_057811088.1	A	anno1.g7059.t1	A
rna-XM_057811091.1	A	anno1.g10954.t1	A
rna-XM_057811114.1	A	anno1.g10725.t1	A
rna-XM_057811101.1	A	anno1.g8801.t2	A
rna-XM_057811106.1	A	anno1.g10955.t1	A
rna-XM_057811104.1	A	anno1.g11213.t1	A
rna-XM_057811102.1	A	anno1.g10306.t1	A
rna-XM_057811118.1	A	anno1.g10307.t1	A
rna-XM_057811116.1	A	anno1.g10681.t1	A
rna-XM_057811110.1	A	anno1.g10682.t1	A
rna-XM_057811095.1	A	anno1.g10367.t1	A
rna-XM_057811097.1	A	anno1.g12155.t1	X
rna-XM_057811119.1	A	anno1.g10349.t1	A
rna-XM_057811120.1	A	anno1.g10430.t1	A
rna-XM_057811122.1	A	anno1.g5973.t1	A
rna-XM_057811125.1	A	anno1.g1340.t1	A
rna-XM_057811128.1	A	anno1.g5971.t1	A
rna-XM_057811247.1	A	anno1.g8980.t1	A
rna-XM_057811141.1	A	anno1.g6461.t1	A
rna-XM_057811129.1	A	anno1.g4594.t1	A
rna-XM_057811148.1	A	anno1.g9485.t1	A
rna-XM_057811150.1	A	anno1.g4587.t3	A
rna-XM_057811187.1	A	anno1.g8777.t1	A
rna-XM_057811185.1	A	anno1.g3197.t1	A
rna-XM_057813555.1	A	anno1.g4229.t1	A
rna-XM_057814283.1	A	anno1.g5777.t1	A
rna-XM_057814285.1	A	anno1.g7393.t1	A
rna-XM_057812511.1	A	anno1.g9103.t2	A
rna-XM_057812275.1	A	anno1.g7167.t1	A
rna-XM_057815050.1	A	anno1.g6877.t1	A
rna-XM_057815051.1	A	anno1.g5196.t1	A
rna-XM_057815049.1	A	anno1.g4819.t1	A
rna-XM_057815047.1	A	anno1.g5780.t1	A
rna-XM_057815052.1	A	anno1.g5779.t1	A
rna-XM_057813222.1	A	anno1.g5736.t2	A
rna-XM_057813224.1	A	anno1.g10971.t1	A
rna-XM_057814809.1	A	anno1.g5233.t1	A
rna-XM_057814810.1	A	anno1.g8109.t1	A
rna-XM_057814812.1	A	anno1.g10582.t1	A
rna-XM_057814811.1	A	anno1.g10492.t1	A
rna-XM_057815024.1	A	anno1.g10514.t2	A
rna-XM_057811661.1	A	anno1.g5234.t1	A
rna-XM_057811321.1	A	anno1.g5235.t1	A
rna-XM_057811323.1	A	anno1.g5236.t1	A
rna-XM_057811324.1	A	anno1.g341.t1	A
rna-XM_057814683.1	A	anno1.g9987.t2	A
rna-XM_057814680.1	A	anno1.g9986.t2	A
rna-XM_057811249.1	A	anno1.g118.t1	A
rna-XM_057814051.1	A	anno1.g1159.t1	A
rna-XM_057814047.1	A	anno1.g1869.t2	A
rna-XM_057814049.1	A	anno1.g1354.t1	A
rna-XM_057814759.1	A	anno1.g4103.t2	A
rna-XM_057812082.1	A	anno1.g4102.t1	A
rna-XM_057812115.1	A	anno1.g4100.t1	A
rna-XM_057812121.1	A	anno1.g4099.t1	A
rna-XM_057814757.1	A	anno1.g4098.t1	A
rna-XM_057814758.1	A	anno1.g4571.t1	A
rna-XM_057811673.1	A	anno1.g2235.t2	A
rna-XM_057813324.1	A	anno1.g2233.t1	A
rna-XM_057813456.1	A	anno1.g2232.t1	A
rna-XM_057814437.1	A	anno1.g2236.t2	A
rna-XM_057814441.1	A	anno1.g1333.t1	A
rna-XM_057812131.1	A	anno1.g1161.t2	A
rna-XM_057813489.1	A	anno1.g1331.t1	A
rna-XM_057811700.1	A	anno1.g7864.t1	A
rna-XM_057812495.1	A	anno1.g9044.t1	A
rna-XM_057812494.1	A	anno1.g5617.t1	A
rna-XM_057811532.1	A	anno1.g5618.t1	A
rna-XM_057815137.1	A	anno1.g1188.t1	A
rna-XM_057815147.1	A	anno1.g1187.t1	A
rna-XM_057812084.1	A	anno1.g1353.t1	A
rna-XM_057811291.1	A	anno1.g1871.t1	A
rna-XM_057811293.1	A	anno1.g1872.t1	A
rna-XM_057814788.1	A	anno1.g1873.t1	A
rna-XM_057811378.1	A	anno1.g10431.t1	A
rna-XM_057811377.1	A	anno1.g10432.t1	A
rna-XM_057812216.1	A	anno1.g7917.t3	A
rna-XM_057812219.1	A	anno1.g1314.t1	A
rna-XM_057814628.1	A	anno1.g1315.t2	A
rna-XM_057814622.1	A	anno1.g1318.t1	A
rna-XM_057812655.1	A	anno1.g1322.t1	A
rna-XM_057812933.1	A	anno1.g1323.t1	A
rna-XM_057812935.1	A	anno1.g1324.t1	A
rna-XM_057813494.1	A	anno1.g1327.t1	A
rna-XM_057812974.1	A	anno1.g1326.t1	A
rna-XM_057813267.1	A	anno1.g8904.t1	A
rna-XM_057812265.1	A	anno1.g8536.t1	A
rna-XM_057812566.1	A	anno1.g8533.t1	A
rna-XM_057813514.1	A	anno1.g2900.t1	A
rna-XM_057813509.1	A	anno1.g922.t2	A
rna-XM_057813515.1	A	anno1.g8437.t1	A
rna-XM_057813503.1	A	anno1.g7116.t1	A
rna-XM_057813517.1	A	anno1.g4015.t1	A
rna-XM_057813516.1	A	anno1.g8466.t1	A
rna-XM_057813518.1	A	anno1.g8071.t1	A
rna-XM_057813382.1	A	anno1.g9069.t2	A
rna-XM_057812301.1	A	anno1.g3472.t1	A
rna-XM_057812505.1	A	anno1.g3961.t1	A
rna-XM_057812489.1	A	anno1.g3960.t1	A
rna-XM_057812488.1	A	anno1.g3541.t1	A
rna-XM_057813490.1	A	anno1.g4892.t1	A
rna-XM_057813982.1	A	anno1.g3540.t1	A
rna-XM_057813978.1	A	anno1.g3796.t1	A
rna-XM_057813976.1	A	anno1.g7768.t1	A
rna-XM_057813981.1	A	anno1.g8016.t1	A
rna-XM_057813250.1	A	anno1.g7926.t1	A
rna-XM_057813832.1	A	anno1.g8265.t1	A
rna-XM_057811684.1	A	anno1.g3897.t1	A
rna-XM_057812025.1	A	anno1.g7930.t1	A
rna-XM_057813344.1	A	anno1.g6039.t1	A
rna-XM_057813345.1	A	anno1.g10908.t2	A
rna-XM_057812947.1	A	anno1.g8996.t1	A
rna-XM_057812274.1	A	anno1.g2680.t1	A
rna-XM_057812908.1	A	anno1.g6269.t1	A
rna-XM_057812471.1	A	anno1.g10277.t1	A
rna-XM_057812108.1	A	anno1.g6064.t1	A
rna-XM_057812714.1	A	anno1.g4349.t2	A
rna-XM_057813567.1	A	anno1.g2108.t1	A
rna-XM_057814492.1	A	anno1.g3348.t1	A
rna-XM_057814490.1	A	anno1.g3349.t1	A
rna-XM_057814493.1	A	anno1.g3406.t2	A
rna-XM_057812221.1	A	anno1.g3405.t1	A
rna-XM_057812222.1	A	anno1.g3404.t1	A
rna-XM_057812225.1	A	anno1.g5673.t1	A
rna-XM_057812304.1	A	anno1.g5634.t1	A
rna-XM_057812018.1	A	anno1.g7818.t1	A
rna-XM_057813554.1	A	anno1.g7609.t1	A
rna-XM_057813747.1	A	anno1.g7612.t1	A
rna-XM_057813740.1	A	anno1.g7613.t1	A
rna-XM_057813752.1	A	anno1.g1186.t1	A
rna-XM_057813756.1	A	anno1.g1184.t1	A
rna-XM_057813764.1	A	anno1.g1351.t1	A
rna-XM_057813758.1	A	anno1.g1352.t1	A
rna-XM_057813762.1	A	anno1.g7922.t2	A
rna-XM_057813767.1	A	anno1.g7923.t1	A
rna-XM_057813778.1	A	anno1.g7039.t1	A
rna-XM_057813783.1	A	anno1.g1304.t1	A
rna-XM_057813785.1	A	anno1.g2285.t4	A
rna-XM_057813774.1	A	anno1.g4569.t1	A
rna-XM_057813790.1	A	anno1.g537.t1	A
rna-XM_057813788.1	A	anno1.g2238.t1	A
rna-XM_057813791.1	A	anno1.g2237.t2	A
rna-XM_057813795.1	A	anno1.g5220.t1	A
rna-XM_057813792.1	A	anno1.g8934.t1	A
rna-XM_057813794.1	A	anno1.g2220.t1	A
rna-XM_057813796.1	A	anno1.g1100.t1	A
rna-XM_057813800.1	A	anno1.g2259.t1	A
rna-XM_057813801.1	A	anno1.g1026.t1	A
rna-XM_057813805.1	A	anno1.g6327.t1	A
rna-XM_057813814.1	A	anno1.g6328.t1	A
rna-XM_057813810.1	A	anno1.g7825.t1	A
rna-XM_057813817.1	A	anno1.g1302.t1	A
rna-XM_057813804.1	A	anno1.g6702.t1	A
rna-XM_057813807.1	A	anno1.g7824.t1	A
rna-XM_057813818.1	A	anno1.g7823.t1	A
rna-XM_057813820.1	A	anno1.g7822.t1	A
rna-XM_057813823.1	A	anno1.g7820.t1	A
rna-XM_057813825.1	A	anno1.g7819.t1	A
rna-XM_057813826.1	A	anno1.g7817.t1	A
rna-XM_057813828.1	A	anno1.g10616.t2	A
rna-XM_057812258.1	A	anno1.g5635.t1	A
rna-XM_057813557.1	A	anno1.g710.t1	A
rna-XM_057813556.1	A	anno1.g711.t1	A
rna-XM_057813558.1	A	anno1.g4820.t2	A
rna-XM_057811258.1	A	anno1.g4844.t1	A
rna-XM_057813560.1	A	anno1.g11242.t1	A
rna-XM_057813563.1	A	anno1.g4641.t1	A
rna-XM_057812177.1	A	anno1.g656.t1	A
rna-XM_057814290.1	A	anno1.g10670.t1	A
rna-XM_057814327.1	A	anno1.g10669.t1	A
rna-XM_057812567.1	A	anno1.g7067.t1	A
rna-XM_057813220.1	A	anno1.g7412.t1	A
rna-XM_057813219.1	A	anno1.g10194.t1	A
rna-XM_057812194.1	A	anno1.g10195.t1	A
rna-XM_057813540.1	A	anno1.g10192.t1	A
rna-XM_057813538.1	A	anno1.g10191.t1	A
rna-XM_057813548.1	A	anno1.g10190.t1	A
rna-XM_057813543.1	A	anno1.g1692.t1	A
rna-XM_057813551.1	A	anno1.g10189.t1	A
rna-XM_057813542.1	A	anno1.g10060.t1	A
rna-XM_057811529.1	A	anno1.g5506.t1	A
rna-XM_057811623.1	A	anno1.g5505.t1	A
rna-XM_057811629.1	A	anno1.g5504.t1	A
rna-XM_057815134.1	A	anno1.g1538.t1	A
rna-XM_057814414.1	A	anno1.g8865.t1	A
rna-XM_057814401.1	A	anno1.g5508.t1	A
rna-XM_057814383.1	A	anno1.g5507.t1	A
rna-XM_057814374.1	A	anno1.g2902.t1	A
rna-XM_057814395.1	A	anno1.g2795.t1	A
rna-XM_057814413.1	A	anno1.g2827.t1	A
rna-XM_057814381.1	A	anno1.g2794.t1	A
rna-XM_057814406.1	A	anno1.g3987.t1	A
rna-XM_057814376.1	A	anno1.g7844.t1	A
rna-XM_057814410.1	A	anno1.g7918.t1	A
rna-XM_057814404.1	A	anno1.g3952.t1	A
rna-XM_057814418.1	A	anno1.g3951.t1	A
rna-XM_057814415.1	A	anno1.g8913.t1	A
rna-XM_057814393.1	A	anno1.g8032.t1	A
rna-XM_057814405.1	A	anno1.g7916.t1	A
rna-XM_057814389.1	A	anno1.g8363.t1	A
rna-XM_057814402.1	A	anno1.g8362.t1	A
rna-XM_057814386.1	A	anno1.g8361.t1	A
rna-XM_057814416.1	A	anno1.g1464.t2	A
rna-XM_057814371.1	A	anno1.g8286.t1	A
rna-XM_057814399.1	A	anno1.g8287.t1	A
rna-XM_057814380.1	A	anno1.g8288.t2	A
rna-XM_057814411.1	A	anno1.g9316.t1	A
rna-XM_057811261.1	A	anno1.g6787.t1	A
rna-XM_057814696.1	A	anno1.g6790.t1	A
rna-XM_057814700.1	A	anno1.g6791.t1	A
rna-XM_057813010.1	A	anno1.g6792.t1	A
rna-XM_057813429.1	A	anno1.g6793.t1	A
rna-XM_057813464.1	A	anno1.g6794.t1	A
rna-XM_057813466.1	A	anno1.g6795.t1	A
rna-XM_057813459.1	A	anno1.g6796.t1	A
rna-XM_057813457.1	A	anno1.g7615.t1	A
rna-XM_057813462.1	A	anno1.g7616.t1	A
rna-XM_057813463.1	A	anno1.g6613.t1	A
rna-XM_057813460.1	A	anno1.g6797.t1	A
rna-XM_057813253.1	A	anno1.g9312.t1	A
rna-XM_057813251.1	A	anno1.g2775.t1	A
rna-XM_057811658.1	A	anno1.g5259.t1	A
rna-XM_057811659.1	A	anno1.g1341.t1	A
rna-XM_057813572.1	A	anno1.g6319.t1	A
rna-XM_057811262.1	A	anno1.g2167.t1	A
rna-XM_057811732.1	A	anno1.g2166.t1	A
rna-XM_057812817.1	A	anno1.g2774.t1	A
rna-XM_057812184.1	A	anno1.g6607.t1	A
rna-XM_057812178.1	A	anno1.g9736.t1	A
rna-XM_057812182.1	A	anno1.g6763.t1	A
rna-XM_057813028.1	A	anno1.g7610.t1	A
rna-XM_057813029.1	A	anno1.g7611.t1	A
rna-XM_057814593.1	A	anno1.g11437.t1	A
rna-XM_057814594.1	A	anno1.g11436.t1	A
rna-XM_057813733.1	A	anno1.g453.t1	A
rna-XM_057813734.1	A	anno1.g2241.t1	A
rna-XM_057813341.1	A	anno1.g2240.t1	A
rna-XM_057813534.1	A	anno1.g3989.t1	A
rna-XM_057813170.1	A	anno1.g1437.t1	A
rna-XM_057812305.1	A	anno1.g1440.t1	A
rna-XM_057812984.1	A	anno1.g1441.t1	A
rna-XM_057813311.1	A	anno1.g8725.t1	A
rna-XM_057811285.1	A	anno1.g11241.t1	A
rna-XM_057813020.1	A	anno1.g8723.t2	A
rna-XM_057813427.1	A	anno1.g8722.t2	A
rna-XM_057813428.1	A	anno1.g8719.t1	A
rna-XM_057810903.1	A	anno1.g8720.t2	A
rna-XM_057810928.1	A	anno1.g7845.t1	A
rna-XM_057810914.1	A	anno1.g1443.t1	A
rna-XM_057810933.1	A	anno1.g9587.t1	A
rna-XM_057810930.1	A	anno1.g1436.t1	A
rna-XM_057810923.1	A	anno1.g3601.t1	A
rna-XM_057810902.1	A	anno1.g10491.t1	A
rna-XM_057810931.1	A	anno1.g6248.t1	A
rna-XM_057810922.1	A	anno1.g5848.t1	A
rna-XM_057810918.1	A	anno1.g1417.t1	A
rna-XM_057810909.1	A	anno1.g1416.t2	A
rna-XM_057810927.1	A	anno1.g11897.t1	X
rna-XM_057810929.1	A	anno1.g1415.t1	A
rna-XM_057810932.1	A	anno1.g9816.t1	A
rna-XM_057810920.1	A	anno1.g10044.t1	A
rna-XM_057810924.1	A	anno1.g10134.t1	A
rna-XM_057814434.1	A	anno1.g5749.t2	A
rna-XM_057811770.1	A	anno1.g6018.t2	A
rna-XM_057813169.1	A	anno1.g9732.t1	A
rna-XM_057814647.1	A	anno1.g10226.t3	A
rna-XM_057814652.1	A	anno1.g10171.t1	A
rna-XM_057814653.1	A	anno1.g10173.t1	A
rna-XM_057813032.1	A	anno1.g10174.t1	A
rna-XM_057813033.1	A	anno1.g10175.t1	A
rna-XM_057813034.1	A	anno1.g10176.t1	A
rna-XM_057813035.1	A	anno1.g10117.t1	A
rna-XM_057813038.1	A	anno1.g10115.t1	A
rna-XM_057813039.1	A	anno1.g10026.t1	A
rna-XM_057813040.1	A	anno1.g10114.t1	A
rna-XM_057813041.1	A	anno1.g10027.t1	A
rna-XM_057813042.1	A	anno1.g6864.t2	A
rna-XM_057813051.1	A	anno1.g10180.t1	A
rna-XM_057813047.1	A	anno1.g827.t1	A
rna-XM_057813046.1	A	anno1.g10181.t1	A
rna-XM_057813053.1	A	anno1.g854.t1	A
rna-XM_057813052.1	A	anno1.g6997.t1	A
rna-XM_057813054.1	A	anno1.g6998.t1	A
rna-XM_057812502.1	A	anno1.g10119.t1	A
rna-XM_057811553.1	A	anno1.g5470.t1	A
rna-XM_057811556.1	A	anno1.g10178.t1	A
rna-XM_057812096.1	A	anno1.g10633.t1	A
rna-XM_057813412.1	A	anno1.g10634.t1	A
rna-XM_057813413.1	A	anno1.g10631.t2	A
rna-XM_057812514.1	A	anno1.g8749.t1	A
rna-XM_057811548.1	A	anno1.g10185.t1	A
rna-XM_057814475.1	A	anno1.g210.t1	A
rna-XM_057812635.1	A	anno1.g8750.t2	A
rna-XM_057815138.1	A	anno1.g8752.t1	A
rna-XM_057815143.1	A	anno1.g3017.t1	A
rna-XM_057815141.1	A	anno1.g6429.t1	A
rna-XM_057815064.1	A	anno1.g2786.t1	A
rna-XM_057815063.1	A	anno1.g8134.t1	A
rna-XM_057815065.1	A	anno1.g7873.t1	A
rna-XM_057815062.1	A	anno1.g7874.t1	A
rna-XM_057815070.1	A	anno1.g8874.t1	A
rna-XM_057814664.1	A	anno1.g2744.t3	A
rna-XM_057812044.1	A	anno1.g8421.t1	A
rna-XM_057812041.1	A	anno1.g8414.t1	A
rna-XM_057811269.1	A	anno1.g2679.t1	A
rna-XM_057813472.1	A	anno1.g8781.t1	A
rna-XM_057813339.1	A	anno1.g4568.t1	A
rna-XM_057812648.1	A	anno1.g10897.t1	A
rna-XM_057812646.1	A	anno1.g1153.t1	A
rna-XM_057813408.1	A	anno1.g8003.t1	A
rna-XM_057813605.1	A	anno1.g8002.t1	A
rna-XM_057812095.1	A	anno1.g2378.t1	A
rna-XM_057811725.1	A	anno1.g7599.t1	A
rna-XM_057812810.1	A	anno1.g8686.t2	A
rna-XM_057813320.1	A	anno1.g810.t2	A
rna-XM_057813322.1	A	anno1.g809.t1	A
rna-XM_057813664.1	A	anno1.g811.t1	A
rna-XM_057813670.1	A	anno1.g917.t1	A
rna-XM_057813668.1	A	anno1.g916.t1	A
rna-XM_057813671.1	A	anno1.g914.t1	A
rna-XM_057813476.1	A	anno1.g2770.t1	A
rna-XM_057813868.1	A	anno1.g2224.t1	A
rna-XM_057813863.1	A	anno1.g5127.t1	A
rna-XM_057813862.1	A	anno1.g8006.t1	A
rna-XM_057813865.1	A	anno1.g8005.t1	A
rna-XM_057814444.1	A	anno1.g8004.t1	A
rna-XM_057814442.1	A	anno1.g8007.t1	A
rna-XM_057814445.1	A	anno1.g807.t1	A
rna-XM_057811687.1	A	anno1.g808.t1	A
rna-XM_057811272.1	A	anno1.g2380.t1	A
rna-XM_057813391.1	A	anno1.g2381.t2	A
rna-XM_057811356.1	A	anno1.g2382.t2	A
rna-XM_057811202.1	A	anno1.g2383.t1	A
rna-XM_057811203.1	A	anno1.g2513.t1	A
rna-XM_057812485.1	A	anno1.g3558.t1	A
rna-XM_057812029.1	A	anno1.g8040.t1	A
rna-XM_057813388.1	A	anno1.g8041.t1	A
rna-XM_057812211.1	A	anno1.g8045.t1	A
rna-XM_057812457.1	A	anno1.g1551.t1	A
rna-XM_057813618.1	A	anno1.g10252.t1	A
rna-XM_057814691.1	A	anno1.g9298.t1	A
rna-XM_057812472.1	A	anno1.g10883.t1	A
rna-XM_057814746.1	A	anno1.g10509.t1	A
rna-XM_057811650.1	A	anno1.g1465.t1	A
rna-XM_057812806.1	A	anno1.g1710.t1	A
rna-XM_057812913.1	A	anno1.g5358.t1	A
rna-XM_057812914.1	A	anno1.g8196.t1	A
rna-XM_057812124.1	A	anno1.g5603.t1	A
rna-XM_057811278.1	A	anno1.g5546.t1	A
rna-XM_057811707.1	A	anno1.g5743.t1	A
rna-XM_057812782.1	A	anno1.g11048.t3	A
rna-XM_057812799.1	A	anno1.g9464.t1	A
rna-XM_057812791.1	A	anno1.g4216.t1	A
rna-XM_057812797.1	A	anno1.g9463.t1	A
rna-XM_057812798.1	A	anno1.g9394.t1	A
rna-XM_057812795.1	A	anno1.g4213.t1	A
rna-XM_057812796.1	A	anno1.g2491.t1	A
rna-XM_057812789.1	A	anno1.g4217.t1	A
rna-XM_057812794.1	A	anno1.g9746.t1	A
rna-XM_057812800.1	A	anno1.g6133.t1	A
rna-XM_057812802.1	A	anno1.g1950.t1	A
rna-XM_057812801.1	A	anno1.g6128.t1	A
rna-XM_057814008.1	A	anno1.g1025.t1	A
rna-XM_057811752.1	A	anno1.g5285.t1	A
rna-XM_057811754.1	A	anno1.g4840.t1	A
rna-XM_057811755.1	A	anno1.g10950.t1	A
rna-XM_057812622.1	A	anno1.g10470.t1	A
rna-XM_057812623.1	A	anno1.g10469.t2	A
rna-XM_057812624.1	A	anno1.g10337.t1	A
rna-XM_057811562.1	A	anno1.g9307.t1	A
rna-XM_057814189.1	A	anno1.g9306.t1	A
rna-XM_057814191.1	A	anno1.g4588.t1	A
rna-XM_057814204.1	A	anno1.g10290.t1	A
rna-XM_057814210.1	A	anno1.g10160.t1	A
rna-XM_057814209.1	A	anno1.g9973.t1	A
rna-XM_057814206.1	A	anno1.g10183.t1	A
rna-XM_057814208.1	A	anno1.g10184.t1	A
rna-XM_057814215.1	A	anno1.g221.t1	A
rna-XM_057814214.1	A	anno1.g222.t1	A
rna-XM_057814235.1	A	anno1.g220.t1	A
rna-XM_057814216.1	A	anno1.g227.t1	A
rna-XM_057814225.1	A	anno1.g228.t1	A
rna-XM_057814238.1	A	anno1.g291.t1	A
rna-XM_057814239.1	A	anno1.g509.t1	A
rna-XM_057814236.1	A	anno1.g309.t2	A
rna-XM_057814240.1	A	anno1.g308.t1	A
rna-XM_057814242.1	A	anno1.g10162.t1	A
rna-XM_057814243.1	A	anno1.g8928.t2	A
rna-XM_057814245.1	A	anno1.g9857.t1	A
rna-XM_057814247.1	A	anno1.g8755.t1	A
rna-XM_057814252.1	A	anno1.g10284.t1	A
rna-XM_057814255.1	A	anno1.g10283.t1	A
rna-XM_057814271.1	A	anno1.g10281.t1	A
rna-XM_057814258.1	A	anno1.g10282.t1	A
rna-XM_057814268.1	A	anno1.g3735.t1	A
rna-XM_057814256.1	A	anno1.g365.t1	A
rna-XM_057814264.1	A	anno1.g10280.t1	A
rna-XM_057815372.1	Y	anno1.g1262.t1	A
rna-XM_057815161.1	Y	anno1.g7583.t1	A
rna-XM_057815160.1	Y	anno1.g5967.t1	A
rna-XM_057815310.1	Y	anno1.g2425.t1	A
rna-XM_057815191.1	Y	anno1.g9808.t1	A
rna-XM_057815203.1	Y	anno1.g7308.t1	A
rna-XM_057815277.1	Y	anno1.g10777.t1	A
rna-XM_057815278.1	Y	anno1.g4335.t1	A
rna-XM_057815248.1	Y	anno1.g4544.t1	A
rna-XM_057815291.1	Y	anno1.g10272.t1	A
rna-XM_057815293.1	Y	anno1.g7183.t1	A
rna-XM_057815258.1	Y	anno1.g3268.t2	A
rna-XM_057815292.1	Y	anno1.g12392.t1	Y
rna-XM_057815269.1	Y	anno1.g2366.t1	A
