D_carinulata	chromosome	C_maculatus	chromosome
rna-XM_057813148.1	X	g8780.t1	A
rna-XM_057813452.1	X	g1786.t1	A
rna-XM_057814565.1	X	g12813.t1	A
rna-XM_057798072.1	X	g4739.t1	A
rna-XM_057797398.1	X	g5585.t1	A
rna-XM_057799747.1	X	g1868.t1	A
rna-XM_057799759.1	X	g2619.t1	A
rna-XM_057815765.1	X	g13226.t1	A
rna-XM_057802991.1	X	g13224.t1	A
rna-XM_057797824.1	X	g2164.t1	A
rna-XM_057797813.1	X	g2162.t4	A
rna-XM_057806304.1	X	g5370.t1	A
rna-XM_057801362.1	X	g12864.t1	A
rna-XM_057801394.1	X	g12865.t1	A
rna-XM_057801309.1	X	g12152.t1	A
rna-XM_057801244.1	X	g8351.t2	A
rna-XM_057801350.1	X	g10465.t1	A
rna-XM_057801419.1	X	g14823.t1	A
rna-XM_057801273.1	X	g12365.t1	A
rna-XM_057801263.1	X	g9754.t1	A
rna-XM_057801231.1	X	g7636.t1	A
rna-XM_057801115.1	X	g8355.t1	A
rna-XM_057797655.1	X	g3839.t1	A
rna-XM_057803979.1	X	g10089.t1	A
rna-XM_057812831.1	X	g1358.t1	A
rna-XM_057812894.1	X	g7727.t1	A
rna-XM_057804561.1	X	g7726.t2	A
rna-XM_057804764.1	X	g12627.t1	A
rna-XM_057795578.1	X	g3091.t2	A
rna-XM_057804707.1	X	g5837.t1	A
rna-XM_057804620.1	X	g12920.t1	A
rna-XM_057804572.1	X	g12628.t2	A
rna-XM_057804668.1	X	g13637.t1	A
rna-XM_057804638.1	X	g7653.t1	A
rna-XM_057804656.1	X	g2636.t2	A
rna-XM_057804737.1	X	g7649.t1	A
rna-XM_057804680.1	X	g12814.t1	A
rna-XM_057804695.1	X	g10194.t1	A
rna-XM_057804728.1	X	g14783.t1	A
rna-XM_057804719.1	X	g4770.t1	A
rna-XM_057797524.1	X	g529.t1	A
rna-XM_057809688.1	X	g4317.t1	A
rna-XM_057804840.1	X	g4316.t1	A
rna-XM_057804828.1	X	g4602.t2	A
rna-XM_057805107.1	X	g4772.t1	A
rna-XM_057805149.1	X	g4657.t1	A
rna-XM_057804956.1	X	g4658.t1	A
rna-XM_057805019.1	X	g4659.t1	A
rna-XM_057805161.1	X	g5494.t2	A
rna-XM_057805006.1	X	g5493.t1	A
rna-XM_057804916.1	X	g5466.t1	A
rna-XM_057805088.1	X	g5486.t1	A
rna-XM_057805054.1	X	g5473.t1	A
rna-XM_057804983.1	X	g12913.t1	A
rna-XM_057814193.1	X	g12878.t2	A
rna-XM_057814311.1	X	g12881.t1	A
rna-XM_057814357.1	X	g12875.t1	A
rna-XM_057800126.1	X	g12877.t1	A
rna-XM_057800253.1	X	g12876.t1	A
rna-XM_057815684.1	X	g12912.t1	A
rna-XM_057814718.1	X	g1865.t1	A
rna-XM_057814731.1	X	g4686.t1	A
rna-XM_057814706.1	X	g14640.t1	A
rna-XM_057800490.1	X	g8431.t1	A
rna-XM_057800739.1	X	g4654.t1	A
rna-XM_057800624.1	X	g4494.t1	A
rna-XM_057804028.1	X	g12721.t1	A
rna-XM_057807416.1	X	g12719.t2	A
rna-XM_057816830.1	X	g12718.t1	A
rna-XM_057797445.1	X	g11112.t1	A
rna-XM_057797462.1	X	g12831.t1	A
rna-XM_057798048.1	X	g12832.t1	A
rna-XM_057811424.1	X	g12939.t1	A
rna-XM_057811364.1	X	g12934.t1	A
rna-XM_057811450.1	X	g5174.t1	A
rna-XM_057811411.1	X	g12930.t1	A
rna-XM_057811437.1	X	g12926.t1	A
rna-XM_057806571.1	X	g3087.t1	A
rna-XM_057806632.1	X	g12925.t1	A
rna-XM_057797185.1	X	g12927.t1	A
rna-XM_057814095.1	X	g4294.t1	A
rna-XM_057799703.1	X	g4300.t1	A
rna-XM_057815537.1	X	g4954.t3	A
rna-XM_057816637.1	X	g4952.t2	A
rna-XM_057797972.1	X	g13257.t1	A
rna-XM_057796559.1	X	g3090.t1	A
rna-XM_057796585.1	X	g3092.t1	A
rna-XM_057796548.1	X	g4955.t1	A
rna-XM_057809026.1	X	g7476.t1	X
rna-XM_057812034.1	X	g7475.t2	X
rna-XM_057812022.1	X	g2877.t1	X
rna-XM_057807079.1	X	g2891.t1	X
rna-XM_057806722.1	X	g1699.t1	X
rna-XM_057797357.1	X	g5139.t1	A
rna-XM_057797332.1	X	g12657.t1	A
rna-XM_057797367.1	X	g1584.t1	X
rna-XM_057797354.1	X	g1638.t1	X
rna-XM_057814015.1	X	g1691.t1	X
rna-XM_057814064.1	X	g1688.t1	X
rna-XM_057811218.1	X	g1580.t1	X
rna-XM_057804496.1	X	g1581.t1	X
rna-XM_057812283.1	X	g7474.t1	X
rna-XM_057812229.1	X	g7466.t1	X
rna-XM_057812320.1	X	g1685.t1	X
rna-XM_057802704.1	X	g1460.t1	X
rna-XM_057807099.1	X	g1544.t1	X
rna-XM_057799650.1	X	g5669.t2	A
rna-XM_057809887.1	X	g1527.t2	X
rna-XM_057809938.1	X	g1528.t1	X
rna-XM_057809916.1	X	g2924.t1	X
rna-XM_057809902.1	X	g2925.t1	X
rna-XM_057803483.1	X	g2928.t1	X
rna-XM_057801564.1	X	g2929.t1	X
rna-XM_057807318.1	X	g14355.t1	X
rna-XM_057812445.1	X	g7426.t1	X
rna-XM_057812476.1	X	g7427.t1	X
rna-XM_057797205.1	X	g7428.t1	X
rna-XM_057810616.1	X	g7429.t2	X
rna-XM_057810629.1	X	g1516.t1	X
rna-XM_057796400.1	X	g10054.t1	A
rna-XM_057808334.1	X	g1473.t1	X
rna-XM_057803668.1	X	g1474.t1	X
rna-XM_057803644.1	X	g1475.t1	X
rna-XM_057803655.1	X	g1476.t1	X
rna-XM_057802498.1	X	g1477.t1	X
rna-XM_057806581.1	X	g1498.t1	X
rna-XM_057816659.1	X	g1722.t1	X
rna-XM_057804472.1	X	g7262.t1	X
rna-XM_057803382.1	X	g7461.t1	X
rna-XM_057802395.1	X	g6996.t1	A
rna-XM_057801532.1	X	g7270.t1	X
rna-XM_057813802.1	X	g1563.t1	X
rna-XM_057813693.1	X	g5153.t2	A
rna-XM_057813571.1	X	g1562.t1	X
rna-XM_057813603.1	X	g1561.t1	X
rna-XM_057813708.1	X	g2880.t1	X
rna-XM_057813824.1	X	g2879.t1	X
rna-XM_057813835.1	X	g2878.t1	X
rna-XM_057813646.1	X	g7456.t1	X
rna-XM_057797700.1	X	g1422.t1	X
rna-XM_057806380.1	X	g1459.t1	X
rna-XM_057806390.1	X	g1470.t1	X
rna-XM_057806464.1	X	g10712.t1	A
rna-XM_057801428.1	X	g7436.t1	X
rna-XM_057795445.1	X	g1721.t1	X
rna-XM_057802588.1	X	g1671.t1	X
rna-XM_057798323.1	X	g2892.t1	X
rna-XM_057802283.1	X	g3989.t2	A
rna-XM_057802272.1	X	g1724.t1	X
rna-XM_057811614.1	X	g1612.t1	X
rna-XM_057811646.1	X	g2871.t1	X
rna-XM_057816218.1	X	g2901.t4	X
rna-XM_057798313.1	X	g1603.t1	X
rna-XM_057811225.1	X	g7437.t2	X
rna-XM_057811252.1	X	g1615.t1	X
rna-XM_057811276.1	X	g2153.t2	A
rna-XM_057811260.1	X	g1668.t1	X
rna-XM_057797711.1	X	g1566.t1	X
rna-XM_057800069.1	X	g2882.t2	X
rna-XM_057800104.1	X	g2883.t1	X
rna-XM_057800117.1	X	g2881.t2	X
rna-XM_057800276.1	X	g1735.t1	X
rna-XM_057800287.1	X	g1546.t1	X
rna-XM_057800158.1	X	g1547.t1	X
rna-XM_057800195.1	X	g1714.t1	X
rna-XM_057800179.1	X	g1711.t1	X
rna-XM_057800267.1	X	g1731.t1	X
rna-XM_057800348.1	X	g1572.t1	X
rna-XM_057800361.1	X	g1610.t1	X
rna-XM_057800407.1	X	g3311.t1	A
rna-XM_057800373.1	X	g7462.t2	X
rna-XM_057800418.1	X	g11874.t1	A
rna-XM_057800438.1	X	g11873.t2	A
rna-XM_057800451.1	X	g406.t1	A
rna-XM_057800893.1	X	g1494.t1	X
rna-XM_057800793.1	X	g1481.t1	X
rna-XM_057800815.1	X	g1496.t1	X
rna-XM_057800843.1	X	g7272.t4	X
rna-XM_057805612.1	X	g9375.t1	A
rna-XM_057800598.1	X	g1509.t1	X
rna-XM_057805879.1	X	g618.t1	A
rna-XM_057800831.1	X	g1458.t1	X
rna-XM_057800697.1	X	g1135.t1	A
rna-XM_057800567.1	X	g1624.t1	X
rna-XM_057800774.1	X	g1625.t1	X
rna-XM_057800962.1	X	g1595.t2	X
rna-XM_057800906.1	X	g1596.t1	X
rna-XM_057800717.1	X	g7458.t7	X
rna-XM_057800460.1	X	g1578.t1	X
rna-XM_057800759.1	X	g7438.t4	X
rna-XM_057796468.1	X	g14655.t1	A
rna-XM_057810881.1	X	g1530.t1	X
rna-XM_057810893.1	X	g1514.t2	X
rna-XM_057796635.1	X	g7468.t1	X
rna-XM_057796658.1	X	g2870.t1	X
rna-XM_057808367.1	X	g1605.t1	X
rna-XM_057808412.1	X	g1736.t1	X
rna-XM_057808391.1	X	g1619.t1	X
rna-XM_057808461.1	X	g1616.t1	X
rna-XM_057803100.1	X	g1621.t1	X
rna-XM_057803181.1	X	g1590.t1	X
rna-XM_057803300.1	X	g1620.t1	X
rna-XM_057803309.1	X	g1413.t1	X
rna-XM_057803359.1	X	g12145.t1	A
rna-XM_057803348.1	X	g14474.t1	A
rna-XM_057801603.1	X	g1394.t1	X
rna-XM_057803371.1	X	g6400.t1	A
rna-XM_057803724.1	X	g10613.t1	A
rna-XM_057803749.1	X	g1505.t1	X
rna-XM_057803760.1	X	g8875.t1	A
rna-XM_057803782.1	X	g1570.t1	X
rna-XM_057803874.1	X	g1507.t1	X
rna-XM_057803894.1	X	g7419.t1	A
rna-XM_057798492.1	X	g1457.t1	X
rna-XM_057798479.1	X	g1597.t1	X
rna-XM_057815206.1	X	g1733.t1	X
rna-XM_057815494.1	X	g2618.t1	A
rna-XM_057815612.1	X	g5652.t1	A
rna-XM_057811657.1	X	g2128.t2	A
rna-XM_057811843.1	X	g1684.t1	X
rna-XM_057811906.1	X	g1694.t2	X
rna-XM_057811856.1	X	g8562.t1	A
rna-XM_057794892.1	X	g1674.t1	X
rna-XM_057802723.1	X	g1650.t2	X
rna-XM_057810536.1	X	g1676.t1	X
rna-XM_057810576.1	X	g1536.t1	X
rna-XM_057810522.1	X	g1659.t1	X
rna-XM_057798393.1	X	g1658.t1	X
rna-XM_057798373.1	X	g1670.t1	X
rna-XM_057811004.1	X	g1533.t2	X
rna-XM_057811047.1	X	g5744.t1	A
rna-XM_057814100.1	X	g1591.t3	X
rna-XM_057814121.1	X	g1592.t1	X
rna-XM_057814147.1	X	g1487.t1	X
rna-XM_057807136.1	X	g1713.t1	X
rna-XM_057811152.1	X	g1644.t1	X
rna-XM_057811169.1	X	g1630.t1	X
rna-XM_057812921.1	X	g1629.t1	X
rna-XM_057812934.1	X	g1628.t1	X
rna-XM_057812955.1	X	g1627.t2	X
rna-XM_057800033.1	X	g10.t1	A
rna-XM_057801677.1	X	g7434.t1	X
rna-XM_057814488.1	X	g1703.t2	X
rna-XM_057814476.1	X	g14115.t1	A
rna-XM_057804534.1	X	g11594.t1	A
rna-XM_057806710.1	X	g1485.t1	X
rna-XM_057801690.1	X	g7432.t1	X
rna-XM_057796935.1	X	g1396.t2	X
rna-XM_057796848.1	X	g7478.t1	X
rna-XM_057796984.1	X	g1695.t3	X
rna-XM_057796910.1	X	g1545.t1	X
rna-XM_057796962.1	X	g10643.t1	A
rna-XM_057796894.1	X	g4244.t1	A
rna-XM_057797885.1	X	g7259.t1	X
rna-XM_057801614.1	X	g1448.t1	X
rna-XM_057809985.1	X	g1534.t1	X
rna-XM_057815989.1	X	g1512.t1	X
rna-XM_057798336.1	X	g1513.t1	X
rna-XM_057806318.1	X	g1700.t1	X
rna-XM_057797120.1	X	g1429.t1	X
rna-XM_057797385.1	X	g1430.t1	X
rna-XM_057797602.1	X	g1431.t1	X
rna-XM_057802737.1	X	g1464.t1	X
rna-XM_057810066.1	X	g2863.t2	X
rna-XM_057810281.1	X	g2862.t1	X
rna-XM_057810091.1	X	g1491.t1	X
rna-XM_057810120.1	X	g1492.t1	X
rna-XM_057794969.1	X	g1493.t1	X
rna-XM_057794957.1	X	g2889.t2	X
rna-XM_057794980.1	X	g1428.t1	X
rna-XM_057802650.1	X	g1426.t2	X
rna-XM_057816680.1	X	g1655.t1	X
rna-XM_057797603.1	X	g2897.t7	X
rna-XM_057799680.1	X	g7268.t1	X
rna-XM_057796449.1	X	g2857.t1	X
rna-XM_057813866.1	X	g1660.t1	X
rna-XM_057813888.1	X	g1662.t1	X
rna-XM_057813877.1	X	g3986.t1	A
rna-XM_057813853.1	X	g1692.t1	X
rna-XM_057813104.1	X	g1661.t2	X
rna-XM_057815996.1	X	g13320.t1	A
rna-XM_057805469.1	X	g1399.t2	X
rna-XM_057805482.1	X	g1400.t1	X
rna-XM_057805555.1	X	g1510.t1	X
rna-XM_057805579.1	X	g1482.t2	X
rna-XM_057805606.1	X	g1506.t1	X
rna-XM_057805640.1	X	g1542.t1	X
rna-XM_057805696.1	X	g1518.t1	X
rna-XM_057805720.1	X	g1393.t1	X
rna-XM_057801775.1	X	g2851.t1	X
rna-XM_057805763.1	X	g2852.t3	X
rna-XM_057805816.1	X	g1441.t1	X
rna-XM_057805897.1	X	g1440.t1	X
rna-XM_057805858.1	X	g1539.t2	X
rna-XM_057805884.1	X	g1538.t1	X
rna-XM_057805909.1	X	g1540.t1	X
rna-XM_057805936.1	X	g1541.t1	X
rna-XM_057805948.1	X	g8483.t1	A
rna-XM_057805976.1	X	g7454.t2	X
rna-XM_057805995.1	X	g1649.t1	X
rna-XM_057806006.1	X	g1433.t1	X
rna-XM_057806024.1	X	g1432.t1	X
rna-XM_057806037.1	X	g10644.t1	A
rna-XM_057806056.1	X	g1466.t1	X
rna-XM_057806089.1	X	g907.t1	A
rna-XM_057806128.1	X	g1517.t1	X
rna-XM_057806177.1	X	g2130.t2	A
rna-XM_057816881.1	X	g5203.t1	X
rna-XM_057816917.1	X	g1696.t1	X
rna-XM_057795666.1	X	g1520.t1	X
rna-XM_057810807.1	X	g7257.t1	X
rna-XM_057807005.1	X	g1738.t1	X
rna-XM_057806113.1	X	g1686.t1	X
rna-XM_057804862.1	X	g1392.t1	X
rna-XM_057796413.1	X	g1519.t3	X
rna-XM_057816809.1	X	g4258.t1	A
rna-XM_057810458.1	X	g1631.t1	X
rna-XM_057810437.1	X	g1632.t1	X
rna-XM_057806689.1	X	g2898.t1	X
rna-XM_057803631.1	X	g7430.t1	X
rna-XM_057806339.1	X	g1679.t2	X
rna-XM_057807185.1	X	g1678.t1	X
rna-XM_057807237.1	X	g1576.t1	X
rna-XM_057807263.1	X	g1398.t1	X
rna-XM_057807250.1	X	g1614.t1	X
rna-XM_057804301.1	X	g5693.t1	A
rna-XM_057798800.1	X	g1681.t5	X
rna-XM_057798904.1	X	g7457.t1	X
rna-XM_057798916.1	X	g1502.t1	X
rna-XM_057799056.1	X	g1449.t1	X
rna-XM_057799069.1	X	g7420.t1	A
rna-XM_057799081.1	X	g1683.t3	X
rna-XM_057799142.1	X	g1488.t1	X
rna-XM_057799148.1	X	g1521.t1	X
rna-XM_057799215.1	X	g2894.t1	X
rna-XM_057799252.1	X	g14669.t1	A
rna-XM_057799283.1	X	g2885.t2	X
rna-XM_057799294.1	X	g268.t1	A
rna-XM_057801798.1	X	g1602.t1	X
rna-XM_057799353.1	X	g1601.t2	X
rna-XM_057799371.1	X	g1405.t2	X
rna-XM_057799412.1	X	g1407.t2	X
rna-XM_057799425.1	X	g1406.t1	X
rna-XM_057799437.1	X	g1402.t1	X
rna-XM_057799451.1	X	g1403.t1	X
rna-XM_057799462.1	X	g1404.t2	X
rna-XM_057799477.1	X	g1551.t1	X
rna-XM_057799560.1	X	g7472.t2	X
rna-XM_057799574.1	X	g7471.t1	X
rna-XM_057799517.1	X	g7467.t1	X
rna-XM_057799503.1	X	g11854.t1	A
rna-XM_057799585.1	X	g1569.t1	X
rna-XM_057797906.1	X	g1720.t1	X
rna-XM_057797761.1	X	g1665.t1	X
rna-XM_057813371.1	X	g1667.t2	X
rna-XM_057807172.1	X	g1702.t1	X
rna-XM_057811919.1	X	g1663.t1	X
rna-XM_057798190.1	X	g1666.t1	X
rna-XM_057799997.1	X	g1672.t1	X
rna-XM_057800008.1	X	g8085.t1	A
rna-XM_057795468.1	X	g1723.t1	X
rna-XM_057803918.1	X	g1463.t1	X
rna-XM_057796496.1	X	g1478.t1	X
rna-XM_057816197.1	X	g1480.t1	X
rna-XM_057816165.1	X	g2884.t1	X
rna-XM_057816127.1	X	g1368.t1	A
rna-XM_057816155.1	X	g1598.t1	X
rna-XM_057816110.1	X	g7469.t1	X
rna-XM_057816208.1	X	g1450.t1	X
rna-XM_057816116.1	X	g1677.t1	X
rna-XM_057816140.1	X	g1577.t1	X
rna-XM_057816176.1	X	g1705.t1	X
rna-XM_057795432.1	X	g1707.t3	X
rna-XM_057805218.1	X	g1709.t3	X
rna-XM_057803588.1	X	g1708.t1	X
rna-XM_057808359.1	X	g1710.t1	X
rna-XM_057808559.1	X	g7460.t1	X
rna-XM_057808852.1	X	g7441.t1	X
rna-XM_057801869.1	X	g8773.t1	A
rna-XM_057815961.1	X	g7440.t1	X
rna-XM_057798461.1	X	g7439.t1	X
rna-XM_057799549.1	X	g2913.t1	X
rna-XM_057804134.1	X	g2912.t1	X
rna-XM_057804190.1	X	g2911.t2	X
rna-XM_057804178.1	X	g2910.t1	X
rna-XM_057804156.1	X	g2908.t1	X
rna-XM_057804201.1	X	g2905.t1	X
rna-XM_057804217.1	X	g2903.t1	X
rna-XM_057795479.1	X	g2914.t1	X
rna-XM_057802525.1	X	g2916.t1	X
rna-XM_057801880.1	X	g2865.t1	X
rna-XM_057816547.1	X	g2876.t1	X
rna-XM_057795349.1	X	g13019.t2	A
rna-XM_057795401.1	X	g1490.t1	X
rna-XM_057816597.1	X	g7463.t1	X
rna-XM_057815893.1	X	g1613.t1	X
rna-XM_057798125.1	X	g11173.t1	A
rna-XM_057798137.1	X	g1727.t1	X
rna-XM_057804339.1	X	g1726.t1	X
rna-XM_057804327.1	X	g1725.t1	X
rna-XM_057802665.1	X	g1436.t1	X
rna-XM_057803462.1	X	g1687.t2	X
rna-XM_057807029.1	X	g5508.t1	A
rna-XM_057815786.1	X	g8190.t1	A
rna-XM_057815850.1	X	g1565.t1	X
rna-XM_057815808.1	X	g1560.t1	X
rna-XM_057802951.1	X	g3722.t1	A
rna-XM_057802969.1	X	g1558.t1	X
rna-XM_057805423.1	X	g1522.t2	X
rna-XM_057796697.1	X	g1524.t1	X
rna-XM_057803061.1	X	g7264.t4	X
rna-XM_057804422.1	X	g4651.t1	A
rna-XM_057816341.1	X	g1697.t1	X
rna-XM_057799806.1	X	g1609.t1	X
rna-XM_057799844.1	X	g2917.t1	X
rna-XM_057799831.1	X	g3695.t1	A
rna-XM_057799915.1	X	g2875.t1	X
rna-XM_057799877.1	X	g1397.t1	X
rna-XM_057799863.1	X	g2873.t1	X
rna-XM_057801892.1	X	g1701.t2	X
rna-XM_057806536.1	X	g7258.t2	X
rna-XM_057816370.1	X	g1451.t1	X
rna-XM_057807952.1	X	g2869.t2	X
rna-XM_057805148.1	X	g2918.t1	X
rna-XM_057804672.1	X	g1423.t1	X
rna-XM_057804781.1	X	g1442.t1	X
rna-XM_057809833.1	X	g1453.t1	X
rna-XM_057809864.1	X	g7255.t2	X
rna-XM_057802490.1	X	g1682.t1	X
rna-XM_057799914.1	X	g1719.t1	X
rna-XM_057799805.1	X	g1718.t1	X
rna-XM_057815904.1	X	g1717.t1	X
rna-XM_057807197.1	X	g1716.t1	X
rna-XM_057802439.1	X	g12160.t3	A
rna-XM_057814390.1	X	g1469.t1	X
rna-XM_057814403.1	X	g1255.t1	A
rna-XM_057811079.1	X	g7455.t1	X
rna-XM_057811003.1	X	g1549.t1	X
rna-XM_057811583.1	X	g1548.t1	X
rna-XM_057811883.1	X	g1401.t1	X
rna-XM_057813025.1	X	g7545.t1	A
rna-XM_057814055.1	X	g1435.t1	X
rna-XM_057814266.1	X	g1489.t1	X
rna-XM_057815146.1	X	g1511.t2	X
rna-XM_057815013.1	X	g2143.t1	A
rna-XM_057815259.1	X	g1515.t1	X
rna-XM_057815321.1	X	g1623.t2	X
rna-XM_057815440.1	X	g1622.t1	X
rna-XM_057801009.1	X	g1529.t2	X
rna-XM_057795183.1	X	g2922.t1	X
rna-XM_057815480.1	X	g2921.t1	X
rna-XM_057815495.1	X	g2920.t1	X
rna-XM_057815459.1	X	g2919.t1	X
rna-XM_057795471.1	X	g1648.t1	X
rna-XM_057802544.1	X	g1646.t2	X
rna-XM_057794913.1	X	g1690.t1	X
rna-XM_057803514.1	X	g1645.t1	X
rna-XM_057803539.1	X	g1531.t2	X
rna-XM_057803553.1	X	g1532.t1	X
rna-XM_057801078.1	X	g1567.t2	X
rna-XM_057806291.1	X	g1573.t1	X
rna-XM_057795182.1	X	g1579.t1	X
rna-XM_057795469.1	X	g1390.t1	X
rna-XM_057801925.1	X	g4236.t2	A
rna-XM_057802121.1	X	g2844.t1	X
rna-XM_057795085.1	X	g7459.t3	X
rna-XM_057810935.1	X	g8799.t1	A
rna-XM_057810970.1	X	g1582.t1	X
rna-XM_057810957.1	X	g3160.t1	A
rna-XM_057810917.1	X	g1434.t1	X
rna-XM_057812967.1	X	g1640.t1	X
rna-XM_057816426.1	X	g1643.t3	X
rna-XM_057799772.1	X	g7256.t1	X
rna-XM_057797261.1	X	g2890.t1	X
rna-XM_057797274.1	X	g1607.t1	X
rna-XM_057803709.1	X	g2899.t1	X
rna-XM_057811115.1	X	g419.t1	A
rna-XM_057811126.1	X	g2866.t1	X
rna-XM_057816397.1	X	g7453.t3	X
rna-XM_057807177.1	X	g1421.t3	X
rna-XM_057802611.1	X	g1537.t1	X
rna-XM_057802638.1	X	g7470.t1	X
rna-XM_057806484.1	X	g1472.t1	X
rna-XM_057816048.1	X	g1554.t1	X
rna-XM_057816168.1	X	g1555.t1	X
rna-XM_057816454.1	X	g8513.t1	A
rna-XM_057812630.1	X	g1715.t1	X
rna-XM_057812596.1	X	g14578.t2	A
rna-XM_057804230.1	X	g1734.t1	X
rna-XM_057813395.1	X	g1652.t1	X
rna-XM_057813383.1	X	g6826.t2	A
rna-XM_057801984.1	X	g1651.t1	X
rna-XM_057801165.1	X	g7418.t1	A
rna-XM_057806191.1	X	g1499.t2	X
rna-XM_057806209.1	X	g1439.t1	X
rna-XM_057799733.1	X	g10072.t1	A
rna-XM_057810640.1	X	g1410.t1	X
rna-XM_057810662.1	X	g1408.t2	X
rna-XM_057810822.1	X	g1484.t1	X
rna-XM_057811322.1	X	g1737.t1	X
rna-XM_057816869.1	X	g1483.t1	X
rna-XM_057810880.1	X	g1461.t1	X
rna-XM_057794999.1	X	g1608.t2	X
rna-XM_057804374.1	X	g1604.t1	X
rna-XM_057803025.1	X	g1504.t1	X
rna-XM_057806400.1	X	g1594.t1	X
rna-XM_057812493.1	X	g1654.t1	X
rna-XM_057812521.1	X	g1586.t1	X
rna-XM_057803493.1	X	g1495.t1	X
rna-XM_057802024.1	X	g12598.t1	A
rna-XM_057802757.1	X	g2867.t5	X
rna-XM_057802854.1	X	g5146.t1	A
rna-XM_057802866.1	X	g1575.t2	X
rna-XM_057796611.1	X	g11855.t1	A
rna-XM_057795159.1	X	g7659.t1	A
rna-XM_057805387.1	X	g7658.t1	A
rna-XM_057809584.1	X	g12488.t1	A
rna-XM_057809737.1	X	g1656.t3	X
rna-XM_057808490.1	X	g1585.t1	X
rna-XM_057808502.1	X	g1500.t1	X
rna-XM_057808528.1	X	g7660.t1	A
rna-XM_057808564.1	X	g7661.t1	A
rna-XM_057808549.1	X	g7662.t1	A
rna-XM_057808577.1	X	g7665.t1	A
rna-XM_057808589.1	X	g5676.t1	A
rna-XM_057808602.1	X	g5677.t1	A
rna-XM_057808642.1	X	g5678.t1	A
rna-XM_057808654.1	X	g12780.t1	A
rna-XM_057808667.1	X	g12774.t2	A
rna-XM_057808680.1	X	g12775.t2	A
rna-XM_057808763.1	X	g4976.t1	A
rna-XM_057802033.1	X	g9457.t1	A
rna-XM_057808853.1	X	g6149.t1	A
rna-XM_057808886.1	X	g5051.t1	A
rna-XM_057808909.1	X	g471.t1	A
rna-XM_057809337.1	X	g402.t1	A
rna-XM_057809326.1	X	g403.t1	A
rna-XM_057808922.1	X	g382.t1	A
rna-XM_057809266.1	X	g7745.t1	A
rna-XM_057809371.1	X	g6245.t1	A
rna-XM_057809349.1	X	g6246.t1	A
rna-XM_057808945.1	X	g6247.t2	A
rna-XM_057809382.1	X	g4703.t1	A
rna-XM_057809360.1	X	g7793.t1	A
rna-XM_057809277.1	X	g10838.t3	A
rna-XM_057809314.1	X	g10213.t1	A
rna-XM_057802888.1	X	g3955.t1	A
rna-XM_057809958.1	X	g2253.t1	A
rna-XM_057809959.1	X	g8004.t1	A
rna-XM_057809960.1	X	g3348.t1	A
rna-XM_057809972.1	X	g8008.t1	A
rna-XM_057809993.1	X	g8007.t1	A
rna-XM_057810005.1	X	g8005.t1	A
rna-XM_057810026.1	X	g8001.t1	A
rna-XM_057810039.1	X	g8000.t1	A
rna-XM_057810071.1	X	g8003.t2	A
rna-XM_057810059.1	X	g10915.t1	A
rna-XM_057800048.1	X	g3960.t1	A
rna-XM_057804109.1	X	g5108.t1	A
rna-XM_057802330.1	X	g11834.t1	A
rna-XM_057804121.1	X	g11836.t1	A
rna-XM_057794867.1	X	g5675.t1	A
rna-XM_057816935.1	X	g10842.t1	A
rna-XM_057796599.1	X	g10828.t3	A
rna-XM_057807626.1	X	g8416.t2	A
rna-XM_057795052.1	X	g9929.t1	A
rna-XM_057796523.1	X	g2704.t1	A
rna-XM_057802408.1	X	g2635.t1	A
rna-XM_057802399.1	X	g2634.t1	A
rna-XM_057794903.1	X	g2101.t1	A
rna-XM_057806968.1	X	g2145.t1	A
rna-XM_057806907.1	X	g2144.t1	A
rna-XM_057806938.1	X	g12666.t1	A
rna-XM_057806840.1	X	g1845.t1	A
rna-XM_057806926.1	X	g2102.t1	A
rna-XM_057806949.1	X	g2103.t2	A
rna-XM_057806859.1	X	g5050.t1	A
rna-XM_057813941.1	X	g9928.t1	A
rna-XM_057813953.1	X	g9927.t1	A
rna-XM_057813977.1	X	g9926.t1	A
rna-XM_057807526.1	X	g11350.t1	A
rna-XM_057807562.1	X	g11351.t2	A
rna-XM_057797916.1	X	g9923.t1	A
rna-XM_057806352.1	X	g9931.t1	A
rna-XM_057813229.1	X	g8015.t2	A
rna-XM_057813241.1	X	g11349.t1	A
rna-XM_057813252.1	X	g12749.t1	A
rna-XM_057813271.1	X	g12873.t1	A
rna-XM_057796488.1	X	g8484.t1	A
rna-XM_057796074.1	X	g11660.t1	A
rna-XM_057796363.1	X	g11352.t1	A
rna-XM_057796130.1	X	g5622.t2	A
rna-XM_057796196.1	X	g5624.t1	A
rna-XM_057796262.1	X	g5625.t1	A
rna-XM_057796336.1	X	g13667.t1	A
rna-XM_057796118.1	X	g13227.t1	A
rna-XM_057796274.1	X	g14826.t1	A
rna-XM_057796357.1	X	g3331.t1	A
rna-XM_057796350.1	X	g12491.t1	A
rna-XM_057796303.1	X	g5629.t1	A
rna-XM_057796394.1	X	g5631.t1	A
rna-XM_057816017.1	X	g5630.t1	A
rna-XM_057816031.1	X	g5632.t1	A
rna-XM_057807054.1	X	g5628.t1	A
rna-XM_057796423.1	X	g5679.t2	A
rna-XM_057805411.1	X	g5627.t1	A
rna-XM_057806591.1	X	g5626.t1	A
rna-XM_057806586.1	X	g11139.t3	A
rna-XM_057806594.1	X	g14475.t1	A
rna-XM_057806640.1	X	g13228.t1	A
rna-XM_057798559.1	X	g2584.t3	A
rna-XM_057804484.1	X	g2598.t1	A
rna-XM_057795969.1	X	g10513.t1	A
rna-XM_057795999.1	X	g1583.t1	X
rna-XM_057796009.1	X	g4108.t1	A
rna-XM_057807161.1	X	g1229.t2	A
rna-XM_057805738.1	X	g10710.t1	A
rna-XM_057804414.1	X	g2037.t1	A
rna-XM_057803060.1	X	g12778.t2	A
rna-XM_057811292.1	X	g14636.t1	A
rna-XM_057798535.1	X	g2669.t2	A
rna-XM_057816038.1	X	g2670.t3	A
rna-XM_057813519.1	X	g10470.t1	A
rna-XM_057813539.1	X	g10471.t1	A
rna-XM_057811333.1	X	g10478.t2	A
rna-XM_057811467.1	X	g10826.t1	A
rna-XM_057811488.1	X	g10474.t1	A
rna-XM_057811502.1	X	g10827.t1	A
rna-XM_057811550.1	X	g10581.t1	A
rna-XM_057811515.1	X	g12560.t1	A
rna-XM_057811540.1	X	g4106.t1	A
rna-XM_057795114.1	X	g4230.t1	A
rna-XM_057805243.1	X	g4117.t1	A
rna-XM_057805235.1	X	g4116.t1	A
rna-XM_057805294.1	X	g478.t1	A
rna-XM_057805356.1	X	g10566.t1	A
rna-XM_057805341.1	X	g10565.t1	A
rna-XM_057805318.1	X	g10564.t1	A
rna-XM_057805377.1	X	g4118.t1	A
rna-XM_057795125.1	X	g10539.t1	A
rna-XM_057809443.1	X	g90.t1	A
rna-XM_057809541.1	X	g1181.t1	A
rna-XM_057809495.1	X	g1182.t2	A
rna-XM_057795708.1	X	g5019.t1	A
rna-XM_057795908.1	X	g5020.t1	A
rna-XM_057796018.1	X	g12889.t1	A
rna-XM_057812210.1	X	g5021.t1	A
rna-XM_057812166.1	X	g8428.t2	A
rna-XM_057798215.1	X	g8430.t1	A
rna-XM_057803601.1	X	g9177.t1	A
rna-XM_057803615.1	X	g6919.t1	A
rna-XM_057810784.1	X	g5793.t2	A
rna-XM_057810490.1	X	g5792.t1	A
rna-XM_057811972.1	X	g9280.t1	A
rna-XM_057811961.1	X	g4462.t1	A
rna-XM_057811994.1	X	g4461.t1	A
rna-XM_057810855.1	X	g4458.t2	A
rna-XM_057810833.1	X	g8540.t1	A
rna-XM_057795138.1	X	g6156.t1	A
rna-XM_057812771.1	X	g3790.t1	A
rna-XM_057812641.1	X	g3786.t2	A
rna-XM_057816841.1	X	g11757.t1	A
rna-XM_057807126.1	X	g11774.t1	A
rna-XM_057797386.1	X	g11776.t1	A
rna-XM_057816648.1	X	g11359.t1	A
rna-XM_057816562.1	X	g11358.t1	A
rna-XM_057807017.1	X	g11356.t1	A
rna-XM_057804352.1	X	g11355.t1	A
rna-XM_057813484.1	X	g11354.t2	A
rna-XM_057813465.1	X	g11712.t1	A
rna-XM_057810255.1	X	g11347.t1	A
rna-XM_057810304.1	X	g11348.t1	A
rna-XM_057810282.1	X	g3101.t1	A
rna-XM_057810167.1	X	g111.t1	A
rna-XM_057810144.1	X	g112.t1	A
rna-XM_057810180.1	X	g4795.t2	A
rna-XM_057810341.1	X	g4786.t1	A
rna-XM_057815862.1	X	g14510.t1	A
rna-XM_057802186.1	X	g14422.t1	A
rna-XM_057807584.1	X	g12084.t1	A
rna-XM_057807623.1	X	g11814.t1	A
rna-XM_057807634.1	X	g6752.t1	A
rna-XM_057807803.1	X	g14439.t1	A
rna-XM_057807925.1	X	g14438.t1	A
rna-XM_057807668.1	X	g2700.t1	A
rna-XM_057807695.1	X	g6870.t2	A
rna-XM_057807761.1	X	g4958.t2	A
rna-XM_057807681.1	X	g6868.t1	A
rna-XM_057807627.1	X	g4879.t1	A
rna-XM_057807782.1	X	g4880.t2	A
rna-XM_057807814.1	X	g4881.t1	A
rna-XM_057807866.1	X	g4882.t1	A
rna-XM_057808021.1	X	g4875.t1	A
rna-XM_057808009.1	X	g12709.t1	A
rna-XM_057808054.1	X	g11578.t1	A
rna-XM_057808067.1	X	g11476.t1	A
rna-XM_057808035.1	X	g12888.t1	A
rna-XM_057808097.1	X	g9531.t1	A
rna-XM_057808121.1	X	g13632.t1	A
rna-XM_057808198.1	X	g1065.t1	A
rna-XM_057808237.1	X	g11206.t1	A
rna-XM_057808210.1	X	g13638.t1	A
rna-XM_057808250.1	X	g4870.t1	A
rna-XM_057808262.1	X	g4873.t1	A
rna-XM_057808300.1	X	g12639.t1	A
rna-XM_057808276.1	X	g4616.t1	A
rna-XM_057808288.1	X	g4318.t1	A
rna-XM_057808323.1	X	g4301.t1	A
rna-XM_057816503.1	X	g4947.t1	A
rna-XM_057816516.1	X	g4943.t1	A
rna-XM_057816703.1	X	g2450.t1	A
rna-XM_057816718.1	X	g2701.t1	A
rna-XM_057816746.1	X	g2552.t1	A
rna-XM_057816734.1	X	g2616.t1	A
rna-XM_057816758.1	X	g2549.t3	A
rna-XM_057816779.1	X	g14690.t1	A
rna-XM_057803088.1	X	g2562.t1	A
rna-XM_057802221.1	X	g2563.t1	A
rna-XM_057806344.1	X	g2629.t1	A
rna-XM_057806000.1	X	g2564.t1	A
rna-XM_057798038.1	X	g2631.t1	A
rna-XM_057802260.1	X	g3168.t1	A
rna-XM_057816455.1	X	g2620.t1	A
rna-XM_057803394.1	X	g14754.t1	A
rna-XM_057804817.1	X	g2672.t1	A
rna-XM_057804805.1	X	g12837.t1	A
rna-XM_057804793.1	X	g2667.t1	A
rna-XM_057798202.1	X	g2651.t1	A
rna-XM_057807343.1	X	g2142.t1	A
rna-XM_057807404.1	X	g7359.t1	A
rna-XM_057807417.1	X	g4769.t1	A
rna-XM_057810418.1	X	g10860.t1	A
rna-XM_057801486.1	X	g10859.t2	A
rna-XM_057814583.1	X	g8672.t1	A
rna-XM_057814621.1	X	g8613.t1	A
rna-XM_057815652.1	X	g3840.t2	A
rna-XM_057798360.1	X	g12608.t1	A
rna-XM_057807042.1	X	g10091.t1	A
rna-XM_057795862.1	X	g10092.t1	A
rna-XM_057795931.1	X	g3780.t1	A
rna-XM_057795850.1	X	g11201.t1	A
rna-XM_057795826.1	X	g3697.t1	A
rna-XM_057795839.1	X	g10789.t1	A
rna-XM_057795909.1	X	g10790.t1	A
rna-XM_057795919.1	X	g10791.t1	A
rna-XM_057795875.1	X	g10792.t1	A
rna-XM_057795896.1	X	g4597.t1	A
rna-XM_057795799.1	X	g9752.t1	A
rna-XM_057813001.1	X	g13265.t2	A
rna-XM_057813016.1	X	g12364.t1	A
rna-XM_057808475.1	X	g13349.t2	A
rna-XM_057799803.1	X	g11237.t1	A
rna-XM_057812435.1	X	g11236.t1	A
rna-XM_057812423.1	X	g3664.t1	A
rna-XM_057813321.1	X	g8673.t1	A
rna-XM_057813285.1	X	g9097.t2	A
rna-XM_057806779.1	X	g6111.t1	A
rna-XM_057806799.1	X	g7184.t5	A
rna-XM_057797925.1	X	g7183.t2	A
rna-XM_057807112.1	X	g11086.t1	A
rna-XM_057797841.1	X	g9716.t1	A
rna-XM_057797874.1	X	g4750.t1	A
rna-XM_057797863.1	X	g9715.t1	A
rna-XM_057815671.1	X	g4737.t2	A
rna-XM_057797247.1	X	g9732.t1	A
rna-XM_057797231.1	X	g4738.t1	A
rna-XM_057815973.1	A	g869.t2	A
rna-XM_057815981.1	A	g868.t1	A
rna-XM_057815935.1	A	g6308.t2	A
rna-XM_057815933.1	A	g9257.t2	A
rna-XM_057815532.1	A	g9161.t1	A
rna-XM_057815533.1	A	g590.t1	A
rna-XM_057815763.1	A	g14221.t1	A
rna-XM_057795426.1	A	g6307.t1	A
rna-XM_057795427.1	A	g3336.t1	A
rna-XM_057795421.1	A	g3337.t1	A
rna-XM_057795424.1	A	g3338.t1	A
rna-XM_057816855.1	A	g13723.t2	A
rna-XM_057816860.1	A	g6309.t1	A
rna-XM_057816856.1	A	g11437.t1	A
rna-XM_057816859.1	A	g6310.t1	A
rna-XM_057815420.1	A	g12461.t2	A
rna-XM_057815687.1	A	g3339.t1	A
rna-XM_057815668.1	A	g1176.t1	A
rna-XM_057815672.1	A	g5471.t1	A
rna-XM_057815670.1	A	g6306.t1	A
rna-XM_057815683.1	A	g9534.t1	A
rna-XM_057815666.1	A	g6570.t1	A
rna-XM_057815675.1	A	g3279.t1	A
rna-XM_057815667.1	A	g14284.t1	A
rna-XM_057815681.1	A	g3272.t1	A
rna-XM_057815669.1	A	g5061.t1	A
rna-XM_057815673.1	A	g13722.t1	A
rna-XM_057815682.1	A	g591.t1	A
rna-XM_057815685.1	A	g14235.t1	A
rna-XM_057815688.1	A	g13322.t1	A
rna-XM_057815551.1	A	g13850.t1	A
rna-XM_057815014.1	A	g944.t1	A
rna-XM_057815091.1	A	g514.t1	A
rna-XM_057815067.1	A	g512.t1	A
rna-XM_057815040.1	A	g2363.t1	A
rna-XM_057815027.1	A	g2364.t1	A
rna-XM_057815603.1	A	g9535.t1	A
rna-XM_057815605.1	A	g9533.t1	A
rna-XM_057815557.1	A	g10850.t1	A
rna-XM_057815558.1	A	g619.t1	A
rna-XM_057795366.1	A	g413.t1	A
rna-XM_057816205.1	A	g412.t1	A
rna-XM_057816204.1	A	g431.t1	A
rna-XM_057795408.1	A	g422.t1	A
rna-XM_057795399.1	A	g421.t1	A
rna-XM_057795402.1	A	g183.t1	A
rna-XM_057815878.1	A	g430.t1	A
rna-XM_057816854.1	A	g428.t1	A
rna-XM_057816845.1	A	g427.t4	A
rna-XM_057816636.1	A	g426.t1	A
rna-XM_057815616.1	A	g425.t1	A
rna-XM_057815618.1	A	g5897.t1	A
rna-XM_057816136.1	A	g5896.t2	A
rna-XM_057815791.1	A	g5895.t1	A
rna-XM_057815796.1	A	g5894.t1	A
rna-XM_057815792.1	A	g5893.t1	A
rna-XM_057815801.1	A	g5892.t1	A
rna-XM_057815794.1	A	g3699.t1	A
rna-XM_057795207.1	A	g14237.t1	A
rna-XM_057795205.1	A	g35.t1	A
rna-XM_057816698.1	A	g32.t1	A
rna-XM_057816541.1	A	g31.t1	A
rna-XM_057815700.1	A	g30.t1	A
rna-XM_057815859.1	A	g29.t1	A
rna-XM_057815960.1	A	g28.t1	A
rna-XM_057815536.1	A	g18.t1	A
rna-XM_057815541.1	A	g21.t2	A
rna-XM_057815879.1	A	g13358.t1	A
rna-XM_057816292.1	A	g13354.t1	A
rna-XM_057815835.1	A	g2298.t1	A
rna-XM_057815836.1	A	g2297.t1	A
rna-XM_057816647.1	A	g14167.t1	A
rna-XM_057816649.1	A	g14827.t1	A
rna-XM_057815921.1	A	g5354.t1	A
rna-XM_057815918.1	A	g14830.t1	A
rna-XM_057815919.1	A	g14828.t1	A
rna-XM_057815923.1	A	g14172.t1	A
rna-XM_057815925.1	A	g9400.t2	A
rna-XM_057815926.1	A	g14171.t1	A
rna-XM_057816682.1	A	g14011.t1	A
rna-XM_057795463.1	A	g9122.t1	A
rna-XM_057795465.1	A	g3454.t1	A
rna-XM_057815826.1	A	g3453.t1	A
rna-XM_057816267.1	A	g13364.t1	A
rna-XM_057816272.1	A	g14853.t1	A
rna-XM_057816475.1	A	g14852.t1	A
rna-XM_057816474.1	A	g8789.t1	A
rna-XM_057816479.1	A	g4829.t1	A
rna-XM_057816477.1	A	g4830.t1	A
rna-XM_057816478.1	A	g7923.t1	A
rna-XM_057816481.1	A	g7924.t1	A
rna-XM_057816484.1	A	g9209.t1	A
rna-XM_057816486.1	A	g7922.t1	A
rna-XM_057816485.1	A	g13184.t1	A
rna-XM_057816487.1	A	g9784.t1	A
rna-XM_057816488.1	A	g9785.t2	A
rna-XM_057816489.1	A	g10653.t1	A
rna-XM_057816490.1	A	g10652.t1	A
rna-XM_057815611.1	A	g3796.t1	A
rna-XM_057794887.1	A	g3798.t1	A
rna-XM_057815851.1	A	g9620.t1	A
rna-XM_057815884.1	A	g7485.t1	A
rna-XM_057816548.1	A	g7488.t1	A
rna-XM_057816550.1	A	g14419.t2	A
rna-XM_057816551.1	A	g7392.t1	A
rna-XM_057816566.1	A	g10056.t1	A
rna-XM_057816568.1	A	g10052.t1	A
rna-XM_057816570.1	A	g1857.t1	A
rna-XM_057816578.1	A	g3841.t1	A
rna-XM_057816595.1	A	g4293.t1	A
rna-XM_057816624.1	A	g11523.t1	A
rna-XM_057816626.1	A	g11524.t2	A
rna-XM_057816628.1	A	g12642.t1	A
rna-XM_057816630.1	A	g12852.t1	A
rna-XM_057816629.1	A	g10312.t1	A
rna-XM_057816603.1	A	g12540.t21	A
rna-XM_057816138.1	A	g12544.t1	A
rna-XM_057816141.1	A	g12545.t1	A
rna-XM_057795209.1	A	g8285.t1	A
rna-XM_057795211.1	A	g8270.t1	A
rna-XM_057795216.1	A	g8271.t2	A
rna-XM_057815889.1	A	g8272.t1	A
rna-XM_057816411.1	A	g8275.t2	A
rna-XM_057816412.1	A	g8276.t1	A
rna-XM_057816402.1	A	g3136.t1	A
rna-XM_057816355.1	A	g11844.t1	A
rna-XM_057815840.1	A	g13944.t1	A
rna-XM_057816323.1	A	g10685.t1	A
rna-XM_057815869.1	A	g5981.t1	A
rna-XM_057794858.1	A	g3378.t1	A
rna-XM_057794855.1	A	g11839.t1	A
rna-XM_057794856.1	A	g8536.t1	A
rna-XM_057794853.1	A	g13946.t1	A
rna-XM_057794859.1	A	g11068.t1	A
rna-XM_057816640.1	A	g11069.t1	A
rna-XM_057795412.1	A	g4168.t1	A
rna-XM_057795414.1	A	g4169.t1	A
rna-XM_057795415.1	A	g4042.t1	A
rna-XM_057816203.1	A	g3384.t1	A
rna-XM_057815529.1	A	g3386.t2	A
rna-XM_057815569.1	A	g3875.t1	A
rna-XM_057815863.1	A	g11435.t1	A
rna-XM_057816724.1	A	g11434.t1	A
rna-XM_057816723.1	A	g11433.t1	A
rna-XM_057816725.1	A	g11432.t1	A
rna-XM_057816727.1	A	g11413.t1	A
rna-XM_057816729.1	A	g11415.t1	A
rna-XM_057815860.1	A	g11419.t1	A
rna-XM_057795239.1	A	g11420.t1	A
rna-XM_057795252.1	A	g11421.t2	A
rna-XM_057795247.1	A	g4014.t1	A
rna-XM_057795255.1	A	g11424.t1	A
rna-XM_057795260.1	A	g7848.t1	A
rna-XM_057795265.1	A	g1860.t1	A
rna-XM_057795243.1	A	g8367.t2	A
rna-XM_057795263.1	A	g8277.t1	A
rna-XM_057795264.1	A	g14010.t1	A
rna-XM_057795246.1	A	g14021.t1	A
rna-XM_057795254.1	A	g2123.t1	A
rna-XM_057795230.1	A	g8233.t1	A
rna-XM_057795241.1	A	g8231.t4	A
rna-XM_057795248.1	A	g8244.t1	A
rna-XM_057795251.1	A	g8245.t1	A
rna-XM_057795256.1	A	g4040.t1	A
rna-XM_057795249.1	A	g4019.t1	A
rna-XM_057795180.1	A	g4020.t1	A
rna-XM_057795181.1	A	g4021.t1	A
rna-XM_057795187.1	A	g4022.t2	A
rna-XM_057795185.1	A	g4023.t2	A
rna-XM_057795188.1	A	g4024.t1	A
rna-XM_057795086.1	A	g4027.t2	A
rna-XM_057795083.1	A	g4030.t1	A
rna-XM_057795082.1	A	g4029.t2	A
rna-XM_057795088.1	A	g2294.t1	A
rna-XM_057816522.1	A	g14016.t1	A
rna-XM_057816517.1	A	g14015.t1	A
rna-XM_057816519.1	A	g3987.t1	A
rna-XM_057816515.1	A	g2167.t2	A
rna-XM_057816521.1	A	g2295.t1	A
rna-XM_057816525.1	A	g9687.t1	A
rna-XM_057816523.1	A	g5586.t1	A
rna-XM_057816526.1	A	g11726.t1	A
rna-XM_057816527.1	A	g11727.t1	A
rna-XM_057816528.1	A	g1209.t1	A
rna-XM_057816529.1	A	g2299.t1	A
rna-XM_057816245.1	A	g5188.t1	A
rna-XM_057816664.1	A	g3799.t1	A
rna-XM_057815371.1	A	g3523.t1	A
rna-XM_057815379.1	A	g3522.t1	A
rna-XM_057815383.1	A	g8104.t2	A
rna-XM_057816317.1	A	g8106.t1	A
rna-XM_057816263.1	A	g8107.t1	A
rna-XM_057816314.1	A	g8108.t1	A
rna-XM_057795177.1	A	g6457.t1	A
rna-XM_057815745.1	A	g8103.t1	A
rna-XM_057816421.1	A	g8101.t1	A
rna-XM_057815690.1	A	g447.t1	A
rna-XM_057815692.1	A	g8368.t2	A
rna-XM_057815962.1	A	g8365.t2	A
rna-XM_057815789.1	A	g7879.t1	A
rna-XM_057815787.1	A	g8284.t1	A
rna-XM_057815788.1	A	g7880.t1	A
rna-XM_057816135.1	A	g6744.t1	A
rna-XM_057815559.1	A	g7885.t1	A
rna-XM_057816658.1	A	g4253.t1	A
rna-XM_057815748.1	A	g3305.t1	A
rna-XM_057816259.1	A	g4264.t1	A
rna-XM_057815595.1	A	g7883.t1	A
rna-XM_057815564.1	A	g7884.t1	A
rna-XM_057815954.1	A	g7877.t1	A
rna-XM_057815615.1	A	g7878.t1	A
rna-XM_057815598.1	A	g921.t1	A
rna-XM_057815983.1	A	g2368.t1	A
rna-XM_057815941.1	A	g10302.t1	A
rna-XM_057815929.1	A	g10301.t1	A
rna-XM_057815770.1	A	g6886.t1	A
rna-XM_057815834.1	A	g6887.t1	A
rna-XM_057815589.1	A	g6735.t2	A
rna-XM_057816470.1	A	g12082.t1	A
rna-XM_057816467.1	A	g1765.t1	A
rna-XM_057816275.1	A	g2149.t2	A
rna-XM_057816281.1	A	g14477.t2	A
rna-XM_057795356.1	A	g14478.t1	A
rna-XM_057815553.1	A	g2494.t1	A
rna-XM_057815552.1	A	g2487.t1	A
rna-XM_057794894.1	A	g13249.t2	A
rna-XM_057794899.1	A	g14350.t1	A
rna-XM_057794898.1	A	g10686.t2	A
rna-XM_057816158.1	A	g10687.t1	A
rna-XM_057816156.1	A	g10158.t1	A
rna-XM_057816473.1	A	g10159.t1	A
rna-XM_057816472.1	A	g10160.t1	A
rna-XM_057816471.1	A	g10029.t1	A
rna-XM_057815583.1	A	g10028.t1	A
rna-XM_057815388.1	A	g10027.t1	A
rna-XM_057815394.1	A	g2887.t1	X
rna-XM_057815395.1	A	g2186.t1	A
rna-XM_057815397.1	A	g73.t1	A
rna-XM_057815396.1	A	g6774.t1	A
rna-XM_057795293.1	A	g71.t1	A
rna-XM_057795295.1	A	g535.t1	A
rna-XM_057815580.1	A	g12006.t1	A
rna-XM_057815579.1	A	g11734.t1	A
rna-XM_057815582.1	A	g11735.t1	A
rna-XM_057795228.1	A	g11730.t1	A
rna-XM_057815606.1	A	g10279.t1	A
rna-XM_057815561.1	A	g10281.t1	A
rna-XM_057815760.1	A	g10283.t1	A
rna-XM_057815943.1	A	g10277.t1	A
rna-XM_057795009.1	A	g10275.t2	A
rna-XM_057795038.1	A	g10266.t3	A
rna-XM_057795023.1	A	g10265.t2	A
rna-XM_057795058.1	A	g14481.t1	A
rna-XM_057795036.1	A	g10284.t1	A
rna-XM_057795021.1	A	g4205.t1	A
rna-XM_057795000.1	A	g10580.t1	A
rna-XM_057795053.1	A	g3592.t1	A
rna-XM_057795019.1	A	g9538.t1	A
rna-XM_057795045.1	A	g10903.t1	A
rna-XM_057795055.1	A	g14480.t1	A
rna-XM_057795048.1	A	g1951.t1	A
rna-XM_057795051.1	A	g14482.t1	A
rna-XM_057795060.1	A	g2449.t1	A
rna-XM_057795063.1	A	g3113.t1	A
rna-XM_057795064.1	A	g9515.t1	A
rna-XM_057816283.1	A	g5728.t1	A
rna-XM_057816301.1	A	g13229.t1	A
rna-XM_057816305.1	A	g12868.t1	A
rna-XM_057795394.1	A	g8154.t1	A
rna-XM_057795398.1	A	g8258.t1	A
rna-XM_057815107.1	A	g8152.t2	A
rna-XM_057815621.1	A	g8155.t2	A
rna-XM_057815620.1	A	g851.t1	A
rna-XM_057815625.1	A	g850.t2	A
rna-XM_057815634.1	A	g13045.t1	A
rna-XM_057815641.1	A	g13544.t2	A
rna-XM_057815643.1	A	g449.t1	A
rna-XM_057816133.1	A	g9425.t1	A
rna-XM_057816233.1	A	g484.t1	A
rna-XM_057816349.1	A	g489.t2	A
rna-XM_057815593.1	A	g1712.t1	X
rna-XM_057815590.1	A	g3135.t1	A
rna-XM_057815430.1	A	g13939.t2	A
rna-XM_057815423.1	A	g11498.t1	A
rna-XM_057815421.1	A	g2047.t1	A
rna-XM_057815984.1	A	g3267.t1	A
rna-XM_057816217.1	A	g11985.t1	A
rna-XM_057816225.1	A	g11336.t1	A
rna-XM_057815573.1	A	g11991.t1	A
rna-XM_057815563.1	A	g10718.t1	A
rna-XM_057815866.1	A	g9220.t1	A
rna-XM_057815868.1	A	g10668.t1	A
rna-XM_057815867.1	A	g10669.t1	A
rna-XM_057816807.1	A	g4689.t1	A
rna-XM_057815739.1	A	g4792.t2	A
rna-XM_057815654.1	A	g4545.t2	A
rna-XM_057816645.1	A	g8828.t1	A
rna-XM_057816294.1	A	g8829.t1	A
rna-XM_057816298.1	A	g8827.t1	A
rna-XM_057815546.1	A	g8097.t1	A
rna-XM_057815819.1	A	g8845.t1	A
rna-XM_057815820.1	A	g4607.t1	A
rna-XM_057815865.1	A	g9597.t1	A
rna-XM_057816839.1	A	g14571.t1	A
rna-XM_057816842.1	A	g9144.t1	A
rna-XM_057815827.1	A	g9141.t1	A
rna-XM_057816646.1	A	g7680.t1	A
rna-XM_057816498.1	A	g9147.t1	A
rna-XM_057815817.1	A	g9149.t1	A
rna-XM_057816102.1	A	g8363.t1	A
rna-XM_057794904.1	A	g1212.t1	A
rna-XM_057794905.1	A	g4826.t1	A
rna-XM_057794910.1	A	g4848.t1	A
rna-XM_057794917.1	A	g7000.t2	A
rna-XM_057816001.1	A	g2606.t1	A
rna-XM_057794918.1	A	g6999.t1	A
rna-XM_057794922.1	A	g13392.t1	A
rna-XM_057794928.1	A	g10328.t1	A
rna-XM_057794926.1	A	g2198.t1	A
rna-XM_057794934.1	A	g3433.t1	A
rna-XM_057794924.1	A	g3140.t1	A
rna-XM_057794977.1	A	g9196.t1	A
rna-XM_057794966.1	A	g10236.t1	A
rna-XM_057794967.1	A	g10235.t1	A
rna-XM_057794939.1	A	g10234.t5	A
rna-XM_057794938.1	A	g10233.t1	A
rna-XM_057794952.1	A	g14473.t1	A
rna-XM_057794963.1	A	g336.t1	A
rna-XM_057794965.1	A	g2708.t1	A
rna-XM_057794975.1	A	g2709.t1	A
rna-XM_057816148.1	A	g2713.t1	A
rna-XM_057794959.1	A	g2714.t1	A
rna-XM_057794933.1	A	g12151.t1	A
rna-XM_057794962.1	A	g12846.t1	A
rna-XM_057794974.1	A	g12847.t1	A
rna-XM_057794942.1	A	g2638.t1	A
rna-XM_057816284.1	A	g2572.t1	A
rna-XM_057816633.1	A	g2637.t1	A
rna-XM_057815845.1	A	g4911.t1	A
rna-XM_057794992.1	A	g6589.t1	A
rna-XM_057794997.1	A	g10023.t1	A
rna-XM_057794993.1	A	g241.t1	A
rna-XM_057815913.1	A	g4368.t1	A
rna-XM_057815875.1	A	g273.t1	A
rna-XM_057816339.1	A	g9076.t1	A
rna-XM_057816112.1	A	g3878.t1	A
rna-XM_057816444.1	A	g9532.t1	A
rna-XM_057815873.1	A	g7697.t1	A
rna-XM_057815872.1	A	g4919.t1	A
rna-XM_057816534.1	A	g5185.t1	A
rna-XM_057815555.1	A	g5184.t1	A
rna-XM_057816162.1	A	g14238.t1	A
rna-XM_057816212.1	A	g9125.t1	A
rna-XM_057815843.1	A	g5183.t1	A
rna-XM_057815916.1	A	g9163.t1	A
rna-XM_057816191.1	A	g13363.t1	A
rna-XM_057816334.1	A	g9642.t1	A
rna-XM_057816331.1	A	g12830.t1	A
rna-XM_057816324.1	A	g12640.t2	A
rna-XM_057816325.1	A	g12641.t1	A
rna-XM_057816333.1	A	g13273.t1	A
rna-XM_057816330.1	A	g5068.t1	A
rna-XM_057816338.1	A	g2692.t1	A
rna-XM_057816169.1	A	g12705.t2	A
rna-XM_057815361.1	A	g12706.t1	A
rna-XM_057815887.1	A	g5144.t1	A
rna-XM_057815897.1	A	g3521.t1	A
rna-XM_057815899.1	A	g3532.t1	A
rna-XM_057815898.1	A	g3531.t1	A
rna-XM_057815596.1	A	g12032.t1	A
rna-XM_057795370.1	A	g3530.t1	A
rna-XM_057795372.1	A	g7336.t1	A
rna-XM_057795376.1	A	g7554.t1	A
rna-XM_057795377.1	A	g7553.t1	A
rna-XM_057795383.1	A	g7547.t1	A
rna-XM_057816035.1	A	g10294.t1	A
rna-XM_057816033.1	A	g2311.t1	A
rna-XM_057816041.1	A	g7782.t2	A
rna-XM_057816042.1	A	g7725.t5	A
rna-XM_057816098.1	A	g8167.t1	A
rna-XM_057816099.1	A	g1073.t1	A
rna-XM_057816100.1	A	g12725.t1	A
rna-XM_057816101.1	A	g14722.t1	A
rna-XM_057815987.1	A	g13331.t1	A
rna-XM_057816258.1	A	g548.t2	A
rna-XM_057816650.1	A	g3818.t1	A
rna-XM_057816651.1	A	g9155.t1	A
rna-XM_057795416.1	A	g9156.t1	A
rna-XM_057795417.1	A	g9157.t1	A
rna-XM_057795418.1	A	g3817.t1	A
rna-XM_057795419.1	A	g7592.t1	A
rna-XM_057816032.1	A	g12368.t1	A
rna-XM_057816826.1	A	g10840.t1	A
rna-XM_057816228.1	A	g5674.t1	A
rna-XM_057816825.1	A	g3837.t1	A
rna-XM_057816827.1	A	g5550.t1	A
rna-XM_057816816.1	A	g11677.t1	A
rna-XM_057816815.1	A	g11676.t1	A
rna-XM_057816828.1	A	g11674.t1	A
rna-XM_057816820.1	A	g11717.t1	A
rna-XM_057816818.1	A	g9176.t1	A
rna-XM_057816829.1	A	g5642.t1	A
rna-XM_057816831.1	A	g1122.t2	A
rna-XM_057795154.1	A	g11678.t1	A
rna-XM_057816694.1	A	g5681.t1	A
rna-XM_057816695.1	A	g11815.t1	A
rna-XM_057795155.1	A	g13889.t1	A
rna-XM_057795158.1	A	g4609.t1	A
rna-XM_057795160.1	A	g4366.t2	A
rna-XM_057795174.1	A	g4370.t1	A
rna-XM_057815883.1	A	g4372.t2	A
rna-XM_057815842.1	A	g4373.t1	A
rna-XM_057816231.1	A	g4374.t1	A
rna-XM_057816832.1	A	g4376.t1	A
rna-XM_057816417.1	A	g7207.t1	A
rna-XM_057816496.1	A	g14258.t1	A
rna-XM_057815813.1	A	g14257.t1	A
rna-XM_057816124.1	A	g14256.t1	A
rna-XM_057815719.1	A	g559.t1	A
rna-XM_057815708.1	A	g5109.t1	A
rna-XM_057816321.1	A	g10243.t1	A
rna-XM_057816416.1	A	g7647.t1	A
rna-XM_057795275.1	A	g12843.t2	A
rna-XM_057795271.1	A	g4032.t1	A
rna-XM_057795280.1	A	g5057.t1	A
rna-XM_057795281.1	A	g6463.t1	A
rna-XM_057794860.1	A	g1082.t1	A
rna-XM_057794900.1	A	g1075.t1	A
rna-XM_057794901.1	A	g13079.t1	A
rna-XM_057794902.1	A	g13055.t1	A
rna-XM_057816113.1	A	g13056.t1	A
rna-XM_057816199.1	A	g13057.t1	A
rna-XM_057816200.1	A	g13059.t1	A
rna-XM_057816806.1	A	g6026.t1	A
rna-XM_057815699.1	A	g5737.t1	A
rna-XM_057816533.1	A	g13304.t1	A
rna-XM_057815609.1	A	g13303.t1	A
rna-XM_057816419.1	A	g13302.t1	A
rna-XM_057816418.1	A	g13301.t1	A
rna-XM_057815951.1	A	g14179.t1	A
rna-XM_057816671.1	A	g14178.t1	A
rna-XM_057816672.1	A	g14177.t2	A
rna-XM_057816675.1	A	g14176.t1	A
rna-XM_057816721.1	A	g3540.t1	A
rna-XM_057815602.1	A	g3539.t1	A
rna-XM_057816244.1	A	g2234.t1	A
rna-XM_057816878.1	A	g1126.t1	A
rna-XM_057816883.1	A	g1154.t1	A
rna-XM_057816882.1	A	g1153.t1	A
rna-XM_057816884.1	A	g1152.t1	A
rna-XM_057816891.1	A	g1151.t2	A
rna-XM_057816892.1	A	g1150.t1	A
rna-XM_057816250.1	A	g1145.t1	A
rna-XM_057816118.1	A	g1143.t3	A
rna-XM_057815400.1	A	g1142.t2	A
rna-XM_057815411.1	A	g1141.t1	A
rna-XM_057795075.1	A	g1136.t2	A
rna-XM_057816507.1	A	g1134.t1	A
rna-XM_057816687.1	A	g806.t1	A
rna-XM_057815956.1	A	g1133.t1	A
rna-XM_057815768.1	A	g807.t1	A
rna-XM_057816704.1	A	g780.t1	A
rna-XM_057816719.1	A	g811.t1	A
rna-XM_057815751.1	A	g817.t1	A
rna-XM_057815775.1	A	g816.t1	A
rna-XM_057815907.1	A	g5041.t1	A
rna-XM_057815415.1	A	g5040.t1	A
rna-XM_057816803.1	A	g13553.t1	A
rna-XM_057816342.1	A	g13556.t2	A
rna-XM_057815356.1	A	g1046.t1	A
rna-XM_057816660.1	A	g5006.t1	A
rna-XM_057795119.1	A	g5005.t1	A
rna-XM_057816115.1	A	g10688.t1	A
rna-XM_057816282.1	A	g4633.t1	A
rna-XM_057815752.1	A	g4491.t1	A
rna-XM_057816151.1	A	g4493.t1	A
rna-XM_057816688.1	A	g4489.t1	A
rna-XM_057815727.1	A	g4498.t1	A
rna-XM_057815725.1	A	g4999.t2	A
rna-XM_057795178.1	A	g5000.t1	A
rna-XM_057816656.1	A	g5004.t1	A
rna-XM_057816196.1	A	g4642.t1	A
rna-XM_057816652.1	A	g7047.t1	A
rna-XM_057816801.1	A	g4644.t1	A
rna-XM_057795221.1	A	g4640.t1	A
rna-XM_057816004.1	A	g4639.t2	A
rna-XM_057816008.1	A	g4638.t1	A
rna-XM_057816010.1	A	g4637.t1	A
rna-XM_057816011.1	A	g4542.t1	A
rna-XM_057816012.1	A	g4541.t1	A
rna-XM_057816014.1	A	g13529.t1	A
rna-XM_057816027.1	A	g13526.t1	A
rna-XM_057816029.1	A	g4189.t1	A
rna-XM_057815597.1	A	g12982.t1	A
rna-XM_057795363.1	A	g5063.t1	A
rna-XM_057795361.1	A	g13097.t1	A
rna-XM_057795360.1	A	g2525.t1	A
rna-XM_057795222.1	A	g6592.t1	A
rna-XM_057795223.1	A	g1011.t1	A
rna-XM_057795224.1	A	g3536.t1	A
rna-XM_057795226.1	A	g5059.t1	A
rna-XM_057795225.1	A	g5060.t1	A
rna-XM_057815940.1	A	g13026.t1	A
rna-XM_057794884.1	A	g2522.t1	A
rna-XM_057815750.1	A	g9432.t1	A
rna-XM_057816512.1	A	g6031.t1	A
rna-XM_057815588.1	A	g6029.t1	A
rna-XM_057815767.1	A	g6028.t1	A
rna-XM_057795128.1	A	g6027.t1	A
rna-XM_057815780.1	A	g6033.t1	A
rna-XM_057815815.1	A	g10324.t1	A
rna-XM_057816318.1	A	g8876.t1	A
rna-XM_057815999.1	A	g9224.t1	A
rna-XM_057815994.1	A	g9986.t1	A
rna-XM_057815993.1	A	g9235.t1	A
rna-XM_057815917.1	A	g3364.t1	A
rna-XM_057815693.1	A	g8879.t1	A
rna-XM_057815526.1	A	g8878.t2	A
rna-XM_057815527.1	A	g8880.t1	A
rna-XM_057795098.1	A	g8881.t1	A
rna-XM_057795099.1	A	g8883.t1	A
rna-XM_057795103.1	A	g8884.t1	A
rna-XM_057795107.1	A	g13888.t1	A
rna-XM_057816209.1	A	g5011.t1	A
rna-XM_057794987.1	A	g13686.t3	A
rna-XM_057794983.1	A	g461.t6	A
rna-XM_057816114.1	A	g9870.t1	A
rna-XM_057816810.1	A	g12805.t2	A
rna-XM_057816732.1	A	g3414.t3	A
rna-XM_057816735.1	A	g6779.t1	A
rna-XM_057816736.1	A	g5743.t1	A
rna-XM_057816737.1	A	g9291.t1	A
rna-XM_057816739.1	A	g4527.t1	A
rna-XM_057816741.1	A	g3185.t1	A
rna-XM_057816742.1	A	g14391.t1	A
rna-XM_057816743.1	A	g8539.t1	A
rna-XM_057816747.1	A	g10309.t1	A
rna-XM_057816929.1	A	g12808.t1	A
rna-XM_057816748.1	A	g12809.t1	A
rna-XM_057816749.1	A	g3879.t1	A
rna-XM_057816750.1	A	g13665.t1	A
rna-XM_057816753.1	A	g2657.t1	A
rna-XM_057816755.1	A	g10310.t1	A
rna-XM_057816756.1	A	g5736.t1	A
rna-XM_057816759.1	A	g6889.t1	A
rna-XM_057816760.1	A	g14832.t1	A
rna-XM_057816761.1	A	g2591.t1	A
rna-XM_057816762.1	A	g9173.t3	A
rna-XM_057816764.1	A	g12643.t1	A
rna-XM_057816767.1	A	g10771.t1	A
rna-XM_057816770.1	A	g11621.t1	A
rna-XM_057816772.1	A	g11617.t1	A
rna-XM_057816783.1	A	g11615.t1	A
rna-XM_057816785.1	A	g1273.t1	A
rna-XM_057816786.1	A	g1965.t1	A
rna-XM_057816788.1	A	g9213.t1	A
rna-XM_057815991.1	A	g9214.t1	A
rna-XM_057795390.1	A	g4303.t1	A
rna-XM_057816686.1	A	g13493.t1	A
rna-XM_057816696.1	A	g8870.t1	A
rna-XM_057816931.1	A	g888.t1	A
rna-XM_057815743.1	A	g13951.t1	A
rna-XM_057815689.1	A	g11400.t1	A
rna-XM_057795443.1	A	g10315.t3	A
rna-XM_057795462.1	A	g5919.t1	A
rna-XM_057816248.1	A	g5571.t1	A
rna-XM_057816249.1	A	g11554.t1	A
rna-XM_057815129.1	A	g12248.t1	A
rna-XM_057815142.1	A	g12243.t1	A
rna-XM_057816494.1	A	g12249.t1	A
rna-XM_057816189.1	A	g12250.t1	A
rna-XM_057815171.1	A	g8840.t10	A
rna-XM_057816811.1	A	g8841.t1	A
rna-XM_057815880.1	A	g14684.t1	A
rna-XM_057816181.1	A	g12884.t1	A
rna-XM_057816171.1	A	g12885.t1	A
rna-XM_057816175.1	A	g1826.t1	A
rna-XM_057816184.1	A	g7570.t1	A
rna-XM_057816182.1	A	g9559.t1	A
rna-XM_057816173.1	A	g14310.t1	A
rna-XM_057816180.1	A	g14312.t1	A
rna-XM_057816540.1	A	g14314.t1	A
rna-XM_057816492.1	A	g14307.t1	A
rna-XM_057795132.1	A	g6515.t1	A
rna-XM_057795135.1	A	g6619.t1	A
rna-XM_057795141.1	A	g6517.t1	A
rna-XM_057795140.1	A	g6621.t1	A
rna-XM_057795137.1	A	g2438.t1	A
rna-XM_057795136.1	A	g9553.t1	A
rna-XM_057815722.1	A	g3056.t1	A
rna-XM_057816458.1	A	g3055.t1	A
rna-XM_057816456.1	A	g13230.t1	A
rna-XM_057815697.1	A	g11004.t2	A
rna-XM_057816933.1	A	g11622.t1	A
rna-XM_057816677.1	A	g13148.t1	A
rna-XM_057816678.1	A	g7010.t1	A
rna-XM_057795297.1	A	g7009.t1	A
rna-XM_057795296.1	A	g4760.t1	A
rna-XM_057795299.1	A	g6110.t2	A
rna-XM_057795305.1	A	g9056.t1	A
rna-XM_057795306.1	A	g10479.t1	A
rna-XM_057795309.1	A	g10993.t1	A
rna-XM_057795310.1	A	g9650.t1	A
rna-XM_057795311.1	A	g14472.t1	A
rna-XM_057795312.1	A	g964.t1	A
rna-XM_057795313.1	A	g3304.t1	A
rna-XM_057795315.1	A	g11806.t1	A
rna-XM_057795318.1	A	g470.t1	A
rna-XM_057795320.1	A	g395.t1	A
rna-XM_057795319.1	A	g2118.t1	A
rna-XM_057795322.1	A	g2038.t1	A
rna-XM_057795344.1	A	g3218.t1	A
rna-XM_057795343.1	A	g3216.t1	A
rna-XM_057795348.1	A	g2232.t1	A
rna-XM_057795347.1	A	g2233.t1	A
rna-XM_057795350.1	A	g5072.t1	A
rna-XM_057795355.1	A	g11469.t2	A
rna-XM_057816142.1	A	g12303.t1	A
rna-XM_057795091.1	A	g7740.t1	A
rna-XM_057795093.1	A	g2432.t2	A
rna-XM_057795089.1	A	g7219.t1	A
rna-XM_057816936.1	A	g7217.t1	A
rna-XM_057816300.1	A	g7410.t1	A
rna-XM_057816299.1	A	g2435.t1	A
rna-XM_057815247.1	A	g13605.t1	A
rna-XM_057815251.1	A	g13604.t1	A
rna-XM_057795437.1	A	g12919.t2	A
rna-XM_057815964.1	A	g9329.t1	A
rna-XM_057794852.1	A	g3809.t3	A
rna-XM_057794866.1	A	g12829.t1	A
rna-XM_057794862.1	A	g9554.t1	A
rna-XM_057794870.1	A	g9344.t1	A
rna-XM_057794869.1	A	g9328.t1	A
rna-XM_057794872.1	A	g10684.t1	A
rna-XM_057815785.1	A	g10333.t1	A
rna-XM_057815784.1	A	g6311.t1	A
rna-XM_057815755.1	A	g11886.t2	A
rna-XM_057815957.1	A	g13072.t4	A
rna-XM_057795126.1	A	g10034.t1	A
rna-XM_057795127.1	A	g9474.t1	A
rna-XM_057815002.1	A	g2278.t1	A
rna-XM_057814990.1	A	g2277.t1	A
rna-XM_057815949.1	A	g11662.t1	A
rna-XM_057815948.1	A	g9501.t1	A
rna-XM_057816937.1	A	g9502.t1	A
rna-XM_057816814.1	A	g9480.t1	A
rna-XM_057816108.1	A	g9505.t1	A
rna-XM_057815764.1	A	g13611.t1	A
rna-XM_057816938.1	A	g9443.t1	A
rna-XM_057815149.1	A	g9465.t1	A
rna-XM_057815150.1	A	g13492.t1	A
rna-XM_057815166.1	A	g4690.t2	A
rna-XM_057816905.1	A	g3665.t1	A
rna-XM_057816902.1	A	g9476.t1	A
rna-XM_057816907.1	A	g9479.t1	A
rna-XM_057816901.1	A	g9659.t1	A
rna-XM_057816893.1	A	g13491.t2	A
rna-XM_057816904.1	A	g13490.t1	A
rna-XM_057816895.1	A	g7473.t1	X
rna-XM_057816900.1	A	g13489.t1	A
rna-XM_057795289.1	A	g6611.t1	A
rna-XM_057795288.1	A	g4283.t1	A
rna-XM_057815523.1	A	g6610.t1	A
rna-XM_057795389.1	A	g4286.t1	A
rna-XM_057816939.1	A	g3802.t1	A
rna-XM_057816447.1	A	g13089.t1	A
rna-XM_057815270.1	A	g4927.t2	A
rna-XM_057816353.1	A	g3930.t1	A
rna-XM_057795142.1	A	g3696.t1	A
rna-XM_057815232.1	A	g14448.t1	A
rna-XM_057815239.1	A	g13186.t1	A
rna-XM_057795429.1	A	g14484.t1	A
rna-XM_057795430.1	A	g13187.t1	A
rna-XM_057795434.1	A	g3662.t2	A
rna-XM_057795435.1	A	g12650.t1	A
rna-XM_057815556.1	A	g13231.t1	A
rna-XM_057815610.1	A	g12653.t1	A
rna-XM_057816919.1	A	g12652.t1	A
rna-XM_057816918.1	A	g12655.t1	A
rna-XM_057816909.1	A	g12651.t2	A
rna-XM_057816912.1	A	g2694.t1	A
rna-XM_057816316.1	A	g12812.t1	A
rna-XM_057795439.1	A	g12768.t1	A
rna-XM_057795442.1	A	g7563.t1	A
rna-XM_057795440.1	A	g7564.t1	A
rna-XM_057815870.1	A	g12746.t1	A
rna-XM_057816808.1	A	g12767.t1	A
rna-XM_057795080.1	A	g6615.t1	A
rna-XM_057795077.1	A	g6507.t2	A
rna-XM_057815562.1	A	g6613.t1	A
rna-XM_057815972.1	A	g10962.t1	A
rna-XM_057815472.1	A	g6609.t2	A
rna-XM_057795111.1	A	g13259.t2	A
rna-XM_057795112.1	A	g13256.t2	A
rna-XM_057795113.1	A	g3801.t1	A
rna-XM_057795115.1	A	g10532.t1	A
rna-XM_057795116.1	A	g13488.t1	A
rna-XM_057795110.1	A	g2613.t1	A
rna-XM_057815942.1	A	g10908.t1	A
rna-XM_057816940.1	A	g580.t1	A
rna-XM_057815644.1	A	g12755.t1	A
rna-XM_057815650.1	A	g12753.t1	A
rna-XM_057815645.1	A	g13290.t1	A
rna-XM_057815833.1	A	g12840.t1	A
rna-XM_057815831.1	A	g12701.t1	A
rna-XM_057815829.1	A	g13291.t1	A
rna-XM_057816641.1	A	g12839.t1	A
rna-XM_057816643.1	A	g12838.t1	A
rna-XM_057815888.1	A	g12730.t1	A
rna-XM_057816731.1	A	g4928.t1	A
rna-XM_057816730.1	A	g4929.t1	A
rna-XM_057815818.1	A	g11553.t1	A
rna-XM_057816143.1	A	g11006.t2	A
rna-XM_057815857.1	A	g11005.t1	A
rna-XM_057816255.1	A	g4170.t1	A
rna-XM_057816254.1	A	g4906.t1	A
rna-XM_057816253.1	A	g12824.t2	A
rna-XM_057816256.1	A	g4705.t1	A
rna-XM_057816414.1	A	g12825.t2	A
rna-XM_057795391.1	A	g11592.t1	A
rna-XM_057795392.1	A	g11590.t1	A
rna-XM_057795282.1	A	g4111.t1	A
rna-XM_057795287.1	A	g4112.t1	A
rna-XM_057795284.1	A	g12564.t1	A
rna-XM_057795285.1	A	g2674.t1	A
rna-XM_057795286.1	A	g2673.t1	A
rna-XM_057816867.1	A	g4923.t1	A
rna-XM_057816866.1	A	g4922.t1	A
rna-XM_057816422.1	A	g10569.t1	A
rna-XM_057816440.1	A	g2675.t1	A
rna-XM_057816441.1	A	g4089.t1	A
rna-XM_057816442.1	A	g4109.t1	A
rna-XM_057816443.1	A	g4088.t1	A
rna-XM_057816428.1	A	g4087.t1	A
rna-XM_057816439.1	A	g4085.t3	A
rna-XM_057816434.1	A	g4084.t2	A
rna-XM_057816427.1	A	g4079.t1	A
rna-XM_057816429.1	A	g4080.t1	A
rna-XM_057816460.1	A	g4078.t2	A
rna-XM_057815508.1	A	g4074.t2	A
rna-XM_057815510.1	A	g1102.t1	A
rna-XM_057815519.1	A	g11593.t1	A
rna-XM_057815503.1	A	g4073.t2	A
rna-XM_057815497.1	A	g13294.t1	A
rna-XM_057815509.1	A	g13295.t1	A
rna-XM_057815502.1	A	g12693.t1	A
rna-XM_057815516.1	A	g12692.t1	A
rna-XM_057815517.1	A	g12694.t1	A
rna-XM_057815514.1	A	g12698.t1	A
rna-XM_057815522.1	A	g12699.t1	A
rna-XM_057815513.1	A	g12690.t2	A
rna-XM_057815520.1	A	g12689.t1	A
rna-XM_057815504.1	A	g4933.t2	A
rna-XM_057815511.1	A	g4932.t1	A
rna-XM_057815485.1	A	g12673.t1	A
rna-XM_057816306.1	A	g12674.t1	A
rna-XM_057815200.1	A	g12676.t1	A
rna-XM_057815214.1	A	g12677.t1	A
rna-XM_057815210.1	A	g12678.t1	A
rna-XM_057794847.1	A	g2582.t1	A
rna-XM_057815790.1	A	g12679.t1	A
rna-XM_057815747.1	A	g12680.t1	A
rna-XM_057815694.1	A	g12681.t1	A
rna-XM_057795201.1	A	g12686.t1	A
rna-XM_057795196.1	A	g12684.t1	A
rna-XM_057815436.1	A	g12683.t1	A
rna-XM_057815437.1	A	g12682.t2	A
rna-XM_057815462.1	A	g4900.t1	A
rna-XM_057815454.1	A	g4909.t2	A
rna-XM_057815453.1	A	g4908.t1	A
rna-XM_057815461.1	A	g4910.t1	A
rna-XM_057815446.1	A	g2685.t1	A
rna-XM_057815458.1	A	g2684.t1	A
rna-XM_057815451.1	A	g2680.t1	A
rna-XM_057815444.1	A	g2678.t2	A
rna-XM_057815447.1	A	g2677.t1	A
rna-XM_057815463.1	A	g2676.t1	A
rna-XM_057815465.1	A	g4092.t1	A
rna-XM_057815469.1	A	g4093.t1	A
rna-XM_057815471.1	A	g4094.t1	A
rna-XM_057816146.1	A	g4095.t1	A
rna-XM_057816532.1	A	g4096.t1	A
rna-XM_057816661.1	A	g4097.t1	A
rna-XM_057816505.1	A	g10592.t1	A
rna-XM_057815781.1	A	g10593.t2	A
rna-XM_057815891.1	A	g10594.t1	A
rna-XM_057816874.1	A	g10589.t2	A
rna-XM_057816876.1	A	g10590.t1	A
rna-XM_057816873.1	A	g10588.t1	A
rna-XM_057816871.1	A	g12811.t2	A
rna-XM_057816872.1	A	g10587.t1	A
rna-XM_057816870.1	A	g10586.t1	A
rna-XM_057815946.1	A	g10585.t1	A
rna-XM_057795189.1	A	g10568.t1	A
rna-XM_057816700.1	A	g4920.t1	A
rna-XM_057816701.1	A	g4917.t1	A
rna-XM_057816702.1	A	g12389.t1	A
rna-XM_057816239.1	A	g13781.t1	A
rna-XM_057796437.1	A	g6827.t2	A
rna-XM_057796930.1	A	g7152.t1	A
rna-XM_057796934.1	A	g7967.t1	A
rna-XM_057796931.1	A	g8399.t1	A
rna-XM_057795648.1	A	g2778.t1	A
rna-XM_057795891.1	A	g12482.t1	A
rna-XM_057795893.1	A	g7907.t1	A
rna-XM_057796015.1	A	g5964.t1	A
rna-XM_057795630.1	A	g6768.t1	A
rna-XM_057795639.1	A	g13494.t1	A
rna-XM_057795695.1	A	g8388.t1	A
rna-XM_057795777.1	A	g7760.t1	A
rna-XM_057796944.1	A	g4302.t2	A
rna-XM_057796950.1	A	g8390.t1	A
rna-XM_057796947.1	A	g6772.t1	A
rna-XM_057796956.1	A	g6771.t2	A
rna-XM_057796957.1	A	g6770.t1	A
rna-XM_057796958.1	A	g9543.t1	A
rna-XM_057796959.1	A	g6761.t1	A
rna-XM_057796960.1	A	g6762.t1	A
rna-XM_057796961.1	A	g13495.t1	A
rna-XM_057796963.1	A	g6769.t1	A
rna-XM_057796964.1	A	g8389.t1	A
rna-XM_057796965.1	A	g7933.t1	A
rna-XM_057796967.1	A	g7966.t1	A
rna-XM_057796966.1	A	g13435.t1	A
rna-XM_057796968.1	A	g494.t2	A
rna-XM_057796971.1	A	g7961.t1	A
rna-XM_057796979.1	A	g7756.t1	A
rna-XM_057796981.1	A	g3370.t2	A
rna-XM_057796983.1	A	g2611.t1	A
rna-XM_057796987.1	A	g8920.t1	A
rna-XM_057796989.1	A	g3333.t1	A
rna-XM_057796993.1	A	g3367.t1	A
rna-XM_057796994.1	A	g5639.t1	A
rna-XM_057796996.1	A	g3369.t1	A
rna-XM_057796997.1	A	g13815.t1	A
rna-XM_057797001.1	A	g11138.t1	A
rna-XM_057797000.1	A	g11311.t1	A
rna-XM_057797002.1	A	g11140.t1	A
rna-XM_057797005.1	A	g8372.t1	A
rna-XM_057797003.1	A	g10242.t1	A
rna-XM_057797008.1	A	g11605.t1	A
rna-XM_057797006.1	A	g3735.t1	A
rna-XM_057797009.1	A	g442.t1	A
rna-XM_057797014.1	A	g444.t1	A
rna-XM_057797017.1	A	g515.t1	A
rna-XM_057797018.1	A	g12416.t1	A
rna-XM_057797019.1	A	g13362.t1	A
rna-XM_057797021.1	A	g13361.t1	A
rna-XM_057797022.1	A	g13360.t1	A
rna-XM_057797023.1	A	g12460.t1	A
rna-XM_057797025.1	A	g233.t1	A
rna-XM_057797026.1	A	g232.t1	A
rna-XM_057797031.1	A	g231.t1	A
rna-XM_057797030.1	A	g230.t1	A
rna-XM_057797027.1	A	g228.t1	A
rna-XM_057797029.1	A	g227.t1	A
rna-XM_057797033.1	A	g229.t1	A
rna-XM_057797034.1	A	g13428.t2	A
rna-XM_057797036.1	A	g13427.t1	A
rna-XM_057797037.1	A	g13426.t1	A
rna-XM_057797038.1	A	g13424.t1	A
rna-XM_057797042.1	A	g13423.t1	A
rna-XM_057797054.1	A	g329.t1	A
rna-XM_057797067.1	A	g222.t1	A
rna-XM_057797068.1	A	g224.t1	A
rna-XM_057797072.1	A	g225.t1	A
rna-XM_057797074.1	A	g5890.t2	A
rna-XM_057797076.1	A	g5891.t2	A
rna-XM_057797092.1	A	g13890.t1	A
rna-XM_057797083.1	A	g182.t2	A
rna-XM_057797090.1	A	g181.t1	A
rna-XM_057797105.1	A	g185.t1	A
rna-XM_057797108.1	A	g11666.t1	A
rna-XM_057797098.1	A	g13321.t1	A
rna-XM_057797093.1	A	g1173.t2	A
rna-XM_057796218.1	A	g897.t1	A
rna-XM_057797111.1	A	g411.t1	A
rna-XM_057797101.1	A	g9794.t1	A
rna-XM_057797099.1	A	g1219.t1	A
rna-XM_057797109.1	A	g6925.t1	A
rna-XM_057797095.1	A	g7821.t1	A
rna-XM_057797110.1	A	g6924.t1	A
rna-XM_057797113.1	A	g6937.t1	A
rna-XM_057797116.1	A	g6949.t1	A
rna-XM_057797114.1	A	g6948.t2	A
rna-XM_057797115.1	A	g6947.t1	A
rna-XM_057796219.1	A	g6946.t1	A
rna-XM_057796220.1	A	g6944.t1	A
rna-XM_057797122.1	A	g6938.t1	A
rna-XM_057797123.1	A	g6935.t1	A
rna-XM_057797125.1	A	g12456.t1	A
rna-XM_057797131.1	A	g10742.t1	A
rna-XM_057797145.1	A	g6926.t1	A
rna-XM_057797150.1	A	g6928.t1	A
rna-XM_057797181.1	A	g6933.t1	A
rna-XM_057797153.1	A	g6934.t1	A
rna-XM_057797159.1	A	g6936.t1	A
rna-XM_057797184.1	A	g6997.t1	A
rna-XM_057797188.1	A	g6942.t1	A
rna-XM_057797172.1	A	g6940.t1	A
rna-XM_057797175.1	A	g6950.t1	A
rna-XM_057797168.1	A	g187.t1	A
rna-XM_057797174.1	A	g2623.t1	A
rna-XM_057797170.1	A	g186.t1	A
rna-XM_057797156.1	A	g184.t1	A
rna-XM_057797167.1	A	g12815.t2	A
rna-XM_057797182.1	A	g11200.t1	A
rna-XM_057797169.1	A	g2560.t2	A
rna-XM_057797189.1	A	g14737.t1	A
rna-XM_057797191.1	A	g2045.t1	A
rna-XM_057797190.1	A	g2624.t1	A
rna-XM_057797193.1	A	g4907.t1	A
rna-XM_057795947.1	A	g14649.t1	A
rna-XM_057795948.1	A	g14647.t1	A
rna-XM_057795957.1	A	g14650.t1	A
rna-XM_057795855.1	A	g11334.t1	A
rna-XM_057796503.1	A	g11333.t2	A
rna-XM_057795685.1	A	g11328.t3	A
rna-XM_057795786.1	A	g11326.t1	A
rna-XM_057795838.1	A	g11325.t1	A
rna-XM_057795665.1	A	g1124.t1	A
rna-XM_057795668.1	A	g1106.t2	A
rna-XM_057796575.1	A	g1111.t2	A
rna-XM_057796576.1	A	g1110.t1	A
rna-XM_057796569.1	A	g843.t1	A
rna-XM_057796444.1	A	g1108.t1	A
rna-XM_057796445.1	A	g1112.t1	A
rna-XM_057796447.1	A	g1113.t2	A
rna-XM_057796451.1	A	g1117.t1	A
rna-XM_057795742.1	A	g1114.t1	A
rna-XM_057795743.1	A	g1118.t1	A
rna-XM_057796696.1	A	g1119.t1	A
rna-XM_057796699.1	A	g1121.t1	A
rna-XM_057796692.1	A	g1123.t1	A
rna-XM_057796815.1	A	g9630.t1	A
rna-XM_057796827.1	A	g10978.t1	A
rna-XM_057796285.1	A	g10979.t2	A
rna-XM_057796292.1	A	g8885.t1	A
rna-XM_057796936.1	A	g9629.t1	A
rna-XM_057796227.1	A	g10973.t1	A
rna-XM_057795641.1	A	g10972.t1	A
rna-XM_057796022.1	A	g9439.t1	A
rna-XM_057796027.1	A	g9438.t1	A
rna-XM_057795820.1	A	g9437.t1	A
rna-XM_057795769.1	A	g10191.t1	A
rna-XM_057796430.1	A	g2543.t1	A
rna-XM_057795734.1	A	g9627.t1	A
rna-XM_057796846.1	A	g6562.t5	A
rna-XM_057796861.1	A	g5914.t1	A
rna-XM_057796835.1	A	g221.t1	A
rna-XM_057796872.1	A	g13500.t1	A
rna-XM_057796858.1	A	g3734.t1	A
rna-XM_057796867.1	A	g13501.t1	A
rna-XM_057796873.1	A	g13502.t1	A
rna-XM_057796874.1	A	g10639.t2	A
rna-XM_057796856.1	A	g11398.t2	A
rna-XM_057796871.1	A	g1175.t1	A
rna-XM_057796860.1	A	g7411.t1	A
rna-XM_057796864.1	A	g11016.t1	A
rna-XM_057796876.1	A	g5963.t1	A
rna-XM_057796863.1	A	g3404.t2	A
rna-XM_057796865.1	A	g1754.t2	A
rna-XM_057796857.1	A	g3334.t1	A
rna-XM_057796869.1	A	g3335.t2	A
rna-XM_057796880.1	A	g14556.t1	A
rna-XM_057796882.1	A	g14554.t1	A
rna-XM_057796010.1	A	g14551.t1	A
rna-XM_057795883.1	A	g14398.t1	A
rna-XM_057795882.1	A	g14399.t1	A
rna-XM_057795682.1	A	g14402.t1	A
rna-XM_057795846.1	A	g14404.t1	A
rna-XM_057795950.1	A	g14407.t1	A
rna-XM_057795865.1	A	g1196.t1	A
rna-XM_057796109.1	A	g4358.t1	A
rna-XM_057795669.1	A	g4656.t2	A
rna-XM_057796033.1	A	g13219.t1	A
rna-XM_057796458.1	A	g13213.t1	A
rna-XM_057795809.1	A	g691.t1	A
rna-XM_057795492.1	A	g13179.t1	A
rna-XM_057796690.1	A	g5859.t1	A
rna-XM_057796688.1	A	g5860.t2	A
rna-XM_057796691.1	A	g7097.t1	A
rna-XM_057795731.1	A	g9073.t1	A
rna-XM_057795730.1	A	g5067.t1	A
rna-XM_057795729.1	A	g9072.t1	A
rna-XM_057795732.1	A	g6844.t1	A
rna-XM_057795924.1	A	g6795.t2	A
rna-XM_057795945.1	A	g10291.t1	A
rna-XM_057796205.1	A	g9187.t1	A
rna-XM_057796159.1	A	g9238.t1	A
rna-XM_057796614.1	A	g9237.t1	A
rna-XM_057795953.1	A	g8413.t1	A
rna-XM_057795954.1	A	g8414.t1	A
rna-XM_057795555.1	A	g8418.t1	A
rna-XM_057795557.1	A	g2498.t1	A
rna-XM_057795558.1	A	g2501.t1	A
rna-XM_057795477.1	A	g8394.t1	A
rna-XM_057795476.1	A	g1303.t1	A
rna-XM_057796276.1	A	g1301.t1	A
rna-XM_057796277.1	A	g14352.t1	A
rna-XM_057795934.1	A	g1300.t1	A
rna-XM_057795949.1	A	g1296.t1	A
rna-XM_057796279.1	A	g1295.t1	A
rna-XM_057796283.1	A	g1294.t1	A
rna-XM_057796293.1	A	g1286.t1	A
rna-XM_057795936.1	A	g1288.t1	A
rna-XM_057796297.1	A	g1280.t1	A
rna-XM_057796298.1	A	g1281.t1	A
rna-XM_057796304.1	A	g1283.t1	A
rna-XM_057796307.1	A	g1284.t1	A
rna-XM_057795744.1	A	g1279.t1	A
rna-XM_057795917.1	A	g1311.t1	A
rna-XM_057795779.1	A	g1313.t1	A
rna-XM_057795542.1	A	g1316.t1	A
rna-XM_057795775.1	A	g1317.t1	A
rna-XM_057795828.1	A	g1318.t1	A
rna-XM_057795607.1	A	g1319.t1	A
rna-XM_057796327.1	A	g10436.t1	A
rna-XM_057795739.1	A	g1321.t3	A
rna-XM_057796329.1	A	g12603.t1	A
rna-XM_057796924.1	A	g1322.t1	A
rna-XM_057796454.1	A	g1323.t2	A
rna-XM_057796284.1	A	g9070.t1	A
rna-XM_057796112.1	A	g9074.t1	A
rna-XM_057795737.1	A	g9071.t1	A
rna-XM_057795696.1	A	g13212.t1	A
rna-XM_057796013.1	A	g10663.t1	A
rna-XM_057796429.1	A	g10719.t1	A
rna-XM_057795517.1	A	g9527.t1	A
rna-XM_057795516.1	A	g7619.t1	A
rna-XM_057795507.1	A	g13483.t1	A
rna-XM_057795520.1	A	g9178.t1	A
rna-XM_057795519.1	A	g5835.t1	A
rna-XM_057795524.1	A	g3366.t2	A
rna-XM_057795531.1	A	g2893.t1	X
rna-XM_057795527.1	A	g3346.t1	A
rna-XM_057795536.1	A	g6030.t1	A
rna-XM_057795526.1	A	g2430.t1	A
rna-XM_057795522.1	A	g10697.t1	A
rna-XM_057795530.1	A	g939.t1	A
rna-XM_057795533.1	A	g14215.t1	A
rna-XM_057795523.1	A	g4357.t1	A
rna-XM_057795694.1	A	g9140.t1	A
rna-XM_057795693.1	A	g9139.t1	A
rna-XM_057795609.1	A	g9188.t1	A
rna-XM_057796440.1	A	g4693.t1	A
rna-XM_057797335.1	A	g13734.t1	A
rna-XM_057795686.1	A	g9190.t1	A
rna-XM_057796508.1	A	g11633.t1	A
rna-XM_057795951.1	A	g4347.t1	A
rna-XM_057796782.1	A	g4348.t1	A
rna-XM_057796623.1	A	g4350.t2	A
rna-XM_057796624.1	A	g10731.t1	A
rna-XM_057795827.1	A	g10730.t1	A
rna-XM_057796021.1	A	g6764.t1	A
rna-XM_057796020.1	A	g11244.t1	A
rna-XM_057795817.1	A	g12071.t1	A
rna-XM_057796455.1	A	g10415.t1	A
rna-XM_057796884.1	A	g10414.t1	A
rna-XM_057796887.1	A	g10413.t1	A
rna-XM_057796353.1	A	g538.t2	A
rna-XM_057796035.1	A	g1174.t20	A
rna-XM_057796071.1	A	g861.t1	A
rna-XM_057796075.1	A	g864.t2	A
rna-XM_057796091.1	A	g3391.t1	A
rna-XM_057796093.1	A	g5721.t1	A
rna-XM_057796598.1	A	g13947.t1	A
rna-XM_057796600.1	A	g4806.t1	A
rna-XM_057796607.1	A	g5720.t1	A
rna-XM_057796608.1	A	g5719.t1	A
rna-XM_057796601.1	A	g8493.t1	A
rna-XM_057796605.1	A	g7625.t1	A
rna-XM_057796606.1	A	g13432.t1	A
rna-XM_057797292.1	A	g913.t1	A
rna-XM_057797298.1	A	g912.t1	A
rna-XM_057796266.1	A	g911.t1	A
rna-XM_057797326.1	A	g7626.t1	A
rna-XM_057797328.1	A	g14254.t2	A
rna-XM_057797331.1	A	g8169.t1	A
rna-XM_057797333.1	A	g13332.t1	A
rna-XM_057795782.1	A	g352.t1	A
rna-XM_057796012.1	A	g7354.t1	A
rna-XM_057796513.1	A	g6554.t2	A
rna-XM_057796356.1	A	g6658.t1	A
rna-XM_057796532.1	A	g7597.t1	A
rna-XM_057796530.1	A	g7596.t1	A
rna-XM_057796521.1	A	g89.t1	A
rna-XM_057796514.1	A	g7593.t2	A
rna-XM_057796524.1	A	g9376.t1	A
rna-XM_057796529.1	A	g542.t2	A
rna-XM_057796538.1	A	g6338.t1	A
rna-XM_057796539.1	A	g6339.t2	A
rna-XM_057795831.1	A	g1344.t1	A
rna-XM_057795816.1	A	g11093.t1	A
rna-XM_057796108.1	A	g1346.t1	A
rna-XM_057796105.1	A	g1347.t1	A
rna-XM_057796543.1	A	g2336.t1	A
rna-XM_057796540.1	A	g11751.t3	A
rna-XM_057796546.1	A	g5095.t1	A
rna-XM_057795545.1	A	g11159.t1	A
rna-XM_057796198.1	A	g11202.t1	A
rna-XM_057795552.1	A	g13960.t1	A
rna-XM_057795783.1	A	g9954.t1	A
rna-XM_057795907.1	A	g9953.t1	A
rna-XM_057796002.1	A	g12204.t1	A
rna-XM_057796771.1	A	g9952.t1	A
rna-XM_057796778.1	A	g9951.t1	A
rna-XM_057796779.1	A	g9950.t1	A
rna-XM_057796139.1	A	g10350.t1	A
rna-XM_057795836.1	A	g10349.t1	A
rna-XM_057796386.1	A	g10959.t1	A
rna-XM_057795946.1	A	g7138.t1	A
rna-XM_057796154.1	A	g10343.t1	A
rna-XM_057796175.1	A	g12206.t1	A
rna-XM_057795863.1	A	g12203.t1	A
rna-XM_057796216.1	A	g10351.t1	A
rna-XM_057796206.1	A	g10353.t1	A
rna-XM_057796213.1	A	g10355.t1	A
rna-XM_057796264.1	A	g9956.t1	A
rna-XM_057795790.1	A	g9958.t1	A
rna-XM_057795843.1	A	g5049.t1	A
rna-XM_057795841.1	A	g9887.t2	A
rna-XM_057795845.1	A	g9888.t1	A
rna-XM_057796261.1	A	g7011.t1	A
rna-XM_057796462.1	A	g10401.t1	A
rna-XM_057795807.1	A	g1341.t1	A
rna-XM_057796195.1	A	g9968.t1	A
rna-XM_057795622.1	A	g2945.t1	A
rna-XM_057795617.1	A	g487.t1	A
rna-XM_057795623.1	A	g525.t1	A
rna-XM_057796411.1	A	g4479.t1	A
rna-XM_057795856.1	A	g10008.t1	A
rna-XM_057795794.1	A	g432.t1	A
rna-XM_057795792.1	A	g433.t1	A
rna-XM_057795698.1	A	g434.t1	A
rna-XM_057796581.1	A	g472.t1	A
rna-XM_057796580.1	A	g521.t1	A
rna-XM_057796330.1	A	g10009.t1	A
rna-XM_057796332.1	A	g475.t2	A
rna-XM_057795798.1	A	g474.t1	A
rna-XM_057796362.1	A	g13926.t1	A
rna-XM_057796377.1	A	g8537.t1	A
rna-XM_057796373.1	A	g13570.t1	A
rna-XM_057796368.1	A	g5930.t2	A
rna-XM_057796364.1	A	g8510.t2	A
rna-XM_057796384.1	A	g14005.t1	A
rna-XM_057796367.1	A	g8511.t1	A
rna-XM_057796381.1	A	g4510.t1	A
rna-XM_057796378.1	A	g8509.t1	A
rna-XM_057796365.1	A	g13181.t1	A
rna-XM_057795933.1	A	g11067.t1	A
rna-XM_057796337.1	A	g4166.t1	A
rna-XM_057796338.1	A	g7752.t1	A
rna-XM_057796345.1	A	g11065.t1	A
rna-XM_057796349.1	A	g7753.t1	A
rna-XM_057796586.1	A	g7751.t1	A
rna-XM_057796590.1	A	g7750.t1	A
rna-XM_057796593.1	A	g7748.t1	A
rna-XM_057796226.1	A	g7747.t1	A
rna-XM_057796225.1	A	g3740.t1	A
rna-XM_057795885.1	A	g3580.t1	A
rna-XM_057795747.1	A	g3579.t1	A
rna-XM_057796169.1	A	g3578.t1	A
rna-XM_057796167.1	A	g3739.t1	A
rna-XM_057796396.1	A	g11183.t1	A
rna-XM_057795960.1	A	g7744.t1	A
rna-XM_057796187.1	A	g11184.t1	A
rna-XM_057796474.1	A	g12411.t1	A
rna-XM_057796472.1	A	g12410.t1	A
rna-XM_057796477.1	A	g12409.t1	A
rna-XM_057796030.1	A	g12413.t1	A
rna-XM_057796333.1	A	g13203.t1	A
rna-XM_057796301.1	A	g13202.t1	A
rna-XM_057795938.1	A	g13191.t1	A
rna-XM_057796734.1	A	g5970.t1	A
rna-XM_057797337.1	A	g5973.t1	A
rna-XM_057796907.1	A	g5972.t1	A
rna-XM_057796912.1	A	g5971.t1	A
rna-XM_057796183.1	A	g8543.t2	A
rna-XM_057796465.1	A	g8541.t1	A
rna-XM_057796489.1	A	g11612.t1	A
rna-XM_057797289.1	A	g1817.t1	A
rna-XM_057797288.1	A	g10951.t1	A
rna-XM_057795707.1	A	g10948.t1	A
rna-XM_057795795.1	A	g4181.t1	A
rna-XM_057796618.1	A	g10947.t1	A
rna-XM_057796620.1	A	g2226.t1	A
rna-XM_057796621.1	A	g11461.t1	A
rna-XM_057795914.1	A	g12284.t1	A
rna-XM_057796504.1	A	g12285.t1	A
rna-XM_057796507.1	A	g4177.t1	A
rna-XM_057796812.1	A	g4178.t1	A
rna-XM_057796809.1	A	g11165.t1	A
rna-XM_057796811.1	A	g10221.t1	A
rna-XM_057795805.1	A	g3377.t1	A
rna-XM_057795495.1	A	g11164.t1	A
rna-XM_057795724.1	A	g14376.t1	A
rna-XM_057795650.1	A	g4167.t1	A
rna-XM_057795997.1	A	g554.t1	A
rna-XM_057795993.1	A	g13258.t1	A
rna-XM_057795983.1	A	g2212.t1	A
rna-XM_057795995.1	A	g2211.t1	A
rna-XM_057795988.1	A	g2207.t1	A
rna-XM_057795992.1	A	g2209.t1	A
rna-XM_057795990.1	A	g2210.t1	A
rna-XM_057796467.1	A	g7645.t1	A
rna-XM_057796200.1	A	g12430.t1	A
rna-XM_057797255.1	A	g12292.t1	A
rna-XM_057797248.1	A	g12293.t1	A
rna-XM_057795713.1	A	g12294.t1	A
rna-XM_057795823.1	A	g12295.t1	A
rna-XM_057795821.1	A	g12296.t2	A
rna-XM_057795824.1	A	g4512.t1	A
rna-XM_057796391.1	A	g12297.t2	A
rna-XM_057796390.1	A	g12301.t1	A
rna-XM_057795913.1	A	g2042.t1	A
rna-XM_057795629.1	A	g2043.t1	A
rna-XM_057795628.1	A	g2666.t1	A
rna-XM_057795626.1	A	g2665.t1	A
rna-XM_057795627.1	A	g12617.t1	A
rna-XM_057795911.1	A	g7080.t1	A
rna-XM_057796549.1	A	g363.t1	A
rna-XM_057796560.1	A	g365.t2	A
rna-XM_057796555.1	A	g364.t1	A
rna-XM_057796552.1	A	g1004.t1	A
rna-XM_057796556.1	A	g1003.t1	A
rna-XM_057796554.1	A	g1000.t1	A
rna-XM_057796016.1	A	g999.t1	A
rna-XM_057795772.1	A	g7054.t1	A
rna-XM_057797221.1	A	g6207.t1	A
rna-XM_057797215.1	A	g6204.t1	A
rna-XM_057797216.1	A	g6205.t1	A
rna-XM_057797219.1	A	g5064.t1	A
rna-XM_057797212.1	A	g6995.t1	A
rna-XM_057797194.1	A	g7121.t1	A
rna-XM_057797210.1	A	g11155.t1	A
rna-XM_057797226.1	A	g11148.t1	A
rna-XM_057797214.1	A	g11324.t1	A
rna-XM_057797203.1	A	g12133.t1	A
rna-XM_057797209.1	A	g5602.t1	A
rna-XM_057797211.1	A	g11321.t1	A
rna-XM_057797223.1	A	g2511.t1	A
rna-XM_057797206.1	A	g5178.t1	A
rna-XM_057797198.1	A	g12099.t4	A
rna-XM_057796565.1	A	g11858.t1	A
rna-XM_057795849.1	A	g9989.t1	A
rna-XM_057796152.1	A	g1072.t1	A
rna-XM_057797324.1	A	g14027.t2	A
rna-XM_057797325.1	A	g12900.t1	A
rna-XM_057796242.1	A	g14029.t1	A
rna-XM_057796254.1	A	g12147.t1	A
rna-XM_057796248.1	A	g3899.t2	A
rna-XM_057795712.1	A	g6179.t1	A
rna-XM_057795711.1	A	g3898.t1	A
rna-XM_057795710.1	A	g6185.t1	A
rna-XM_057796920.1	A	g11259.t1	A
rna-XM_057796914.1	A	g11252.t1	A
rna-XM_057795970.1	A	g11225.t1	A
rna-XM_057795971.1	A	g11223.t1	A
rna-XM_057796481.1	A	g12568.t2	A
rna-XM_057796484.1	A	g10550.t1	A
rna-XM_057795735.1	A	g10548.t1	A
rna-XM_057796355.1	A	g8160.t1	A
rna-XM_057796197.1	A	g8257.t2	A
rna-XM_057796177.1	A	g7730.t1	A
rna-XM_057796615.1	A	g8157.t1	A
rna-XM_057796616.1	A	g8533.t1	A
rna-XM_057796617.1	A	g291.t2	A
rna-XM_057796494.1	A	g8528.t1	A
rna-XM_057796389.1	A	g872.t1	A
rna-XM_057796829.1	A	g3748.t1	A
rna-XM_057796831.1	A	g2203.t1	A
rna-XM_057795504.1	A	g5111.t1	A
rna-XM_057795929.1	A	g5110.t1	A
rna-XM_057796259.1	A	g9542.t1	A
rna-XM_057795943.1	A	g10544.t1	A
rna-XM_057795886.1	A	g3382.t1	A
rna-XM_057795662.1	A	g3379.t1	A
rna-XM_057796711.1	A	g9547.t1	A
rna-XM_057796715.1	A	g3380.t1	A
rna-XM_057796718.1	A	g3381.t2	A
rna-XM_057796163.1	A	g726.t1	A
rna-XM_057796172.1	A	g8529.t1	A
rna-XM_057796170.1	A	g5572.t1	A
rna-XM_057795674.1	A	g14265.t2	A
rna-XM_057795681.1	A	g14266.t1	A
rna-XM_057795812.1	A	g14264.t1	A
rna-XM_057795699.1	A	g14263.t1	A
rna-XM_057796438.1	A	g14262.t1	A
rna-XM_057796113.1	A	g5179.t1	A
rna-XM_057797299.1	A	g5180.t1	A
rna-XM_057796311.1	A	g13420.t1	A
rna-XM_057796313.1	A	g13418.t2	A
rna-XM_057796322.1	A	g13419.t1	A
rna-XM_057795852.1	A	g749.t2	A
rna-XM_057795853.1	A	g750.t1	A
rna-XM_057795866.1	A	g13540.t2	A
rna-XM_057796941.1	A	g765.t1	A
rna-XM_057796942.1	A	g766.t2	A
rna-XM_057795942.1	A	g767.t2	A
rna-XM_057796460.1	A	g768.t1	A
rna-XM_057796461.1	A	g769.t1	A
rna-XM_057795903.1	A	g13085.t2	A
rna-XM_057795905.1	A	g7831.t1	A
rna-XM_057795789.1	A	g10272.t1	A
rna-XM_057796135.1	A	g4537.t2	A
rna-XM_057796162.1	A	g4158.t1	A
rna-XM_057796161.1	A	g10508.t2	A
rna-XM_057796426.1	A	g4645.t1	A
rna-XM_057795684.1	A	g4648.t1	A
rna-XM_057795771.1	A	g4649.t1	A
rna-XM_057796485.1	A	g4653.t1	A
rna-XM_057795664.1	A	g450.t2	A
rna-XM_057795663.1	A	g8535.t1	A
rna-XM_057796199.1	A	g9221.t1	A
rna-XM_057795760.1	A	g12691.t1	A
rna-XM_057795768.1	A	g10260.t2	A
rna-XM_057795764.1	A	g6566.t1	A
rna-XM_057795749.1	A	g10262.t2	A
rna-XM_057795762.1	A	g10261.t1	A
rna-XM_057795765.1	A	g10059.t1	A
rna-XM_057795752.1	A	g10060.t1	A
rna-XM_057795763.1	A	g10062.t1	A
rna-XM_057795767.1	A	g10063.t1	A
rna-XM_057795756.1	A	g10019.t1	A
rna-XM_057795851.1	A	g10064.t1	A
rna-XM_057795916.1	A	g10065.t1	A
rna-XM_057795561.1	A	g10271.t1	A
rna-XM_057795559.1	A	g10273.t1	A
rna-XM_057795566.1	A	g14019.t1	A
rna-XM_057795567.1	A	g14018.t1	A
rna-XM_057795568.1	A	g13330.t1	A
rna-XM_057795574.1	A	g13444.t2	A
rna-XM_057795573.1	A	g9403.t2	A
rna-XM_057795575.1	A	g4110.t1	A
rna-XM_057795577.1	A	g14052.t1	A
rna-XM_057795582.1	A	g4235.t1	A
rna-XM_057795583.1	A	g9686.t1	A
rna-XM_057795584.1	A	g4315.t1	A
rna-XM_057795585.1	A	g6464.t1	A
rna-XM_057795591.1	A	g65.t2	A
rna-XM_057795588.1	A	g72.t1	A
rna-XM_057795586.1	A	g248.t3	A
rna-XM_057795589.1	A	g10193.t1	A
rna-XM_057795604.1	A	g10192.t1	A
rna-XM_057795605.1	A	g319.t2	A
rna-XM_057796221.1	A	g9970.t1	A
rna-XM_057795858.1	A	g9974.t2	A
rna-XM_057795899.1	A	g8482.t1	A
rna-XM_057795901.1	A	g8480.t1	A
rna-XM_057797228.1	A	g8204.t1	A
rna-XM_057796703.1	A	g10299.t1	A
rna-XM_057796707.1	A	g1343.t1	A
rna-XM_057796644.1	A	g10177.t1	A
rna-XM_057796662.1	A	g10179.t1	A
rna-XM_057796651.1	A	g543.t1	A
rna-XM_057796646.1	A	g539.t3	A
rna-XM_057796648.1	A	g540.t1	A
rna-XM_057796659.1	A	g1381.t1	A
rna-XM_057796661.1	A	g1380.t1	A
rna-XM_057795493.1	A	g9865.t1	A
rna-XM_057796305.1	A	g10358.t1	A
rna-XM_057796787.1	A	g10357.t1	A
rna-XM_057796788.1	A	g14815.t2	A
rna-XM_057795887.1	A	g10165.t1	A
rna-XM_057797276.1	A	g10015.t1	A
rna-XM_057797264.1	A	g10014.t1	A
rna-XM_057797279.1	A	g2520.t1	A
rna-XM_057797282.1	A	g10013.t1	A
rna-XM_057797273.1	A	g3317.t1	A
rna-XM_057797256.1	A	g4630.t1	A
rna-XM_057797259.1	A	g4627.t2	A
rna-XM_057797280.1	A	g4625.t1	A
rna-XM_057797281.1	A	g4626.t1	A
rna-XM_057797275.1	A	g4719.t1	A
rna-XM_057797268.1	A	g4724.t1	A
rna-XM_057797269.1	A	g5181.t1	A
rna-XM_057797284.1	A	g4725.t2	A
rna-XM_057796747.1	A	g14503.t1	A
rna-XM_057795551.1	A	g3032.t1	A
rna-XM_057795547.1	A	g3085.t1	A
rna-XM_057795550.1	A	g12667.t1	A
rna-XM_057795800.1	A	g12886.t1	A
rna-XM_057795721.1	A	g1827.t2	A
rna-XM_057795722.1	A	g12726.t2	A
rna-XM_057796663.1	A	g2633.t1	A
rna-XM_057795813.1	A	g14645.t1	A
rna-XM_057796490.1	A	g14641.t1	A
rna-XM_057796144.1	A	g14643.t1	A
rna-XM_057795649.1	A	g14657.t1	A
rna-XM_057796182.1	A	g2698.t1	A
rna-XM_057796181.1	A	g12665.t1	A
rna-XM_057796764.1	A	g4931.t1	A
rna-XM_057796765.1	A	g1830.t1	A
rna-XM_057796769.1	A	g1832.t2	A
rna-XM_057796896.1	A	g1839.t3	A
rna-XM_057795881.1	A	g1836.t1	A
rna-XM_057795902.1	A	g1835.t1	A
rna-XM_057795691.1	A	g12891.t1	A
rna-XM_057796750.1	A	g12892.t1	A
rna-XM_057796760.1	A	g12897.t1	A
rna-XM_057796763.1	A	g9896.t1	A
rna-XM_057795833.1	A	g8894.t1	A
rna-XM_057795940.1	A	g12340.t1	A
rna-XM_057796664.1	A	g11342.t1	A
rna-XM_057796687.1	A	g11341.t1	A
rna-XM_057795920.1	A	g11340.t1	A
rna-XM_057795921.1	A	g7271.t1	X
rna-XM_057795848.1	A	g5601.t1	A
rna-XM_057795796.1	A	g4107.t1	A
rna-XM_057796224.1	A	g14713.t1	A
rna-XM_057796414.1	A	g8290.t1	A
rna-XM_057796412.1	A	g8289.t1	A
rna-XM_057796442.1	A	g14610.t1	A
rna-XM_057795935.1	A	g8165.t1	A
rna-XM_057796751.1	A	g5834.t1	A
rna-XM_057797344.1	A	g7977.t1	A
rna-XM_057796753.1	A	g14566.t1	A
rna-XM_057796511.1	A	g8229.t1	A
rna-XM_057796464.1	A	g8230.t2	A
rna-XM_057796164.1	A	g1271.t1	A
rna-XM_057796166.1	A	g1270.t2	A
rna-XM_057796626.1	A	g14468.t2	A
rna-XM_057796625.1	A	g132.t1	A
rna-XM_057796628.1	A	g1275.t1	A
rna-XM_057796629.1	A	g10259.t2	A
rna-XM_057796638.1	A	g10258.t1	A
rna-XM_057796634.1	A	g9523.t1	A
rna-XM_057796630.1	A	g10257.t3	A
rna-XM_057795503.1	A	g10049.t1	A
rna-XM_057795502.1	A	g520.t1	A
rna-XM_057797310.1	A	g441.t1	A
rna-XM_057797315.1	A	g4561.t1	A
rna-XM_057797307.1	A	g593.t1	A
rna-XM_057797304.1	A	g14349.t1	A
rna-XM_057797317.1	A	g139.t1	A
rna-XM_057797321.1	A	g133.t1	A
rna-XM_057797300.1	A	g134.t1	A
rna-XM_057797309.1	A	g135.t1	A
rna-XM_057797306.1	A	g136.t2	A
rna-XM_057797303.1	A	g10048.t1	A
rna-XM_057797322.1	A	g10045.t1	A
rna-XM_057797318.1	A	g4483.t1	A
rna-XM_057797319.1	A	g4482.t1	A
rna-XM_057797314.1	A	g4481.t1	A
rna-XM_057796756.1	A	g4478.t1	A
rna-XM_057796120.1	A	g4480.t1	A
rna-XM_057796121.1	A	g4477.t1	A
rna-XM_057796123.1	A	g4476.t1	A
rna-XM_057796124.1	A	g4475.t1	A
rna-XM_057796127.1	A	g4474.t1	A
rna-XM_057796125.1	A	g4469.t1	A
rna-XM_057796134.1	A	g4468.t2	A
rna-XM_057796102.1	A	g4470.t1	A
rna-XM_057796095.1	A	g11663.t1	A
rna-XM_057797348.1	A	g4473.t1	A
rna-XM_057797352.1	A	g4472.t1	A
rna-XM_057797350.1	A	g4471.t1	A
rna-XM_057796757.1	A	g5989.t2	A
rna-XM_057796399.1	A	g6122.t1	A
rna-XM_057796721.1	A	g6124.t1	A
rna-XM_057796732.1	A	g6125.t1	A
rna-XM_057795478.1	A	g10723.t1	A
rna-XM_057796360.1	A	g10728.t1	A
rna-XM_057796361.1	A	g10729.t1	A
rna-XM_057796004.1	A	g12660.t1	A
rna-XM_057798121.1	A	g14006.t1	A
rna-XM_057797635.1	A	g14009.t1	A
rna-XM_057797642.1	A	g3422.t1	A
rna-XM_057797636.1	A	g5143.t1	A
rna-XM_057798131.1	A	g5142.t1	A
rna-XM_057798558.1	A	g4727.t1	A
rna-XM_057798372.1	A	g4728.t1	A
rna-XM_057798371.1	A	g2188.t2	A
rna-XM_057798170.1	A	g8913.t1	A
rna-XM_057798167.1	A	g8917.t1	A
rna-XM_057798171.1	A	g8916.t1	A
rna-XM_057799582.1	A	g13952.t1	A
rna-XM_057799579.1	A	g8560.t1	A
rna-XM_057799586.1	A	g11977.t7	A
rna-XM_057799610.1	A	g11978.t2	A
rna-XM_057799612.1	A	g11976.t1	A
rna-XM_057799613.1	A	g11988.t1	A
rna-XM_057799614.1	A	g12065.t1	A
rna-XM_057799620.1	A	g12226.t1	A
rna-XM_057797821.1	A	g12228.t1	A
rna-XM_057797822.1	A	g12063.t1	A
rna-XM_057798352.1	A	g13955.t1	A
rna-XM_057798363.1	A	g4428.t2	A
rna-XM_057798361.1	A	g2041.t1	A
rna-XM_057799756.1	A	g13993.t1	A
rna-XM_057799760.1	A	g4427.t2	A
rna-XM_057799754.1	A	g4431.t1	A
rna-XM_057797947.1	A	g9262.t1	A
rna-XM_057797807.1	A	g4432.t2	A
rna-XM_057797702.1	A	g4433.t2	A
rna-XM_057797745.1	A	g11608.t1	A
rna-XM_057798172.1	A	g12664.t1	A
rna-XM_057799365.1	A	g12327.t1	A
rna-XM_057799362.1	A	g12328.t1	A
rna-XM_057799366.1	A	g12326.t1	A
rna-XM_057797771.1	A	g12324.t2	A
rna-XM_057797779.1	A	g12325.t1	A
rna-XM_057798839.1	A	g12323.t1	A
rna-XM_057798730.1	A	g12321.t1	A
rna-XM_057797875.1	A	g12322.t1	A
rna-XM_057798369.1	A	g12819.t1	A
rna-XM_057797826.1	A	g12822.t1	A
rna-XM_057798542.1	A	g12816.t2	A
rna-XM_057798543.1	A	g12817.t1	A
rna-XM_057797407.1	A	g6672.t1	A
rna-XM_057797408.1	A	g10308.t1	A
rna-XM_057798073.1	A	g5707.t1	A
rna-XM_057799078.1	A	g10419.t1	A
rna-XM_057799076.1	A	g10420.t1	A
rna-XM_057799087.1	A	g6573.t1	A
rna-XM_057799088.1	A	g12818.t1	A
rna-XM_057799080.1	A	g12331.t1	A
rna-XM_057799074.1	A	g12330.t1	A
rna-XM_057799077.1	A	g12332.t1	A
rna-XM_057799092.1	A	g7898.t1	A
rna-XM_057798198.1	A	g12334.t1	A
rna-XM_057797872.1	A	g8291.t1	A
rna-XM_057798409.1	A	g11387.t1	A
rna-XM_057797418.1	A	g7670.t2	A
rna-XM_057797409.1	A	g917.t1	A
rna-XM_057797410.1	A	g915.t2	A
rna-XM_057797413.1	A	g12371.t1	A
rna-XM_057797411.1	A	g594.t2	A
rna-XM_057798846.1	A	g2378.t1	A
rna-XM_057798845.1	A	g595.t1	A
rna-XM_057797363.1	A	g9544.t1	A
rna-XM_057797361.1	A	g9549.t1	A
rna-XM_057797360.1	A	g9548.t1	A
rna-XM_057797364.1	A	g7033.t1	A
rna-XM_057799449.1	A	g7032.t1	A
rna-XM_057799452.1	A	g7948.t1	A
rna-XM_057799453.1	A	g7951.t1	A
rna-XM_057797487.1	A	g7952.t1	A
rna-XM_057797484.1	A	g8873.t1	A
rna-XM_057797488.1	A	g7758.t1	A
rna-XM_057797447.1	A	g12747.t1	A
rna-XM_057797448.1	A	g10732.t1	A
rna-XM_057798011.1	A	g12402.t1	A
rna-XM_057798010.1	A	g7897.t1	A
rna-XM_057797715.1	A	g11390.t1	A
rna-XM_057798465.1	A	g2092.t1	A
rna-XM_057798364.1	A	g4361.t1	A
rna-XM_057798065.1	A	g2112.t1	A
rna-XM_057798066.1	A	g12663.t1	A
rna-XM_057798067.1	A	g1843.t2	A
rna-XM_057797962.1	A	g12882.t1	A
rna-XM_057797382.1	A	g11178.t1	A
rna-XM_057797387.1	A	g10575.t2	A
rna-XM_057797389.1	A	g3640.t2	A
rna-XM_057797401.1	A	g3641.t1	A
rna-XM_057797395.1	A	g3648.t1	A
rna-XM_057797397.1	A	g3649.t1	A
rna-XM_057797384.1	A	g936.t1	A
rna-XM_057797393.1	A	g12821.t1	A
rna-XM_057797396.1	A	g1268.t1	A
rna-XM_057797399.1	A	g7679.t1	A
rna-XM_057797400.1	A	g7678.t1	A
rna-XM_057798020.1	A	g8203.t1	A
rna-XM_057798021.1	A	g8202.t1	A
rna-XM_057798006.1	A	g14143.t1	A
rna-XM_057797678.1	A	g704.t2	A
rna-XM_057797673.1	A	g13695.t1	A
rna-XM_057797683.1	A	g14130.t1	A
rna-XM_057797684.1	A	g14131.t1	A
rna-XM_057797690.1	A	g14132.t1	A
rna-XM_057798404.1	A	g14136.t1	A
rna-XM_057798134.1	A	g14134.t2	A
rna-XM_057797908.1	A	g14133.t1	A
rna-XM_057797909.1	A	g14139.t1	A
rna-XM_057798578.1	A	g9012.t1	A
rna-XM_057798577.1	A	g9013.t1	A
rna-XM_057798572.1	A	g11966.t1	A
rna-XM_057798573.1	A	g11965.t1	A
rna-XM_057798580.1	A	g8222.t2	A
rna-XM_057798579.1	A	g11703.t1	A
rna-XM_057797963.1	A	g11711.t2	A
rna-XM_057797897.1	A	g11710.t1	A
rna-XM_057797855.1	A	g11708.t1	A
rna-XM_057799785.1	A	g11707.t1	A
rna-XM_057799789.1	A	g11705.t1	A
rna-XM_057799537.1	A	g11968.t1	A
rna-XM_057798083.1	A	g8974.t1	A
rna-XM_057798086.1	A	g11946.t1	A
rna-XM_057798087.1	A	g11947.t1	A
rna-XM_057797648.1	A	g7179.t2	A
rna-XM_057797651.1	A	g11668.t2	A
rna-XM_057797649.1	A	g11667.t1	A
rna-XM_057797654.1	A	g11669.t1	A
rna-XM_057797961.1	A	g11672.t1	A
rna-XM_057799207.1	A	g11673.t1	A
rna-XM_057799216.1	A	g11671.t1	A
rna-XM_057799220.1	A	g8990.t1	A
rna-XM_057799218.1	A	g8993.t1	A
rna-XM_057798180.1	A	g12255.t1	A
rna-XM_057798183.1	A	g12254.t1	A
rna-XM_057798177.1	A	g12252.t1	A
rna-XM_057798181.1	A	g12253.t1	A
rna-XM_057798182.1	A	g9014.t1	A
rna-XM_057798178.1	A	g12089.t1	A
rna-XM_057798186.1	A	g8968.t1	A
rna-XM_057798189.1	A	g5615.t1	A
rna-XM_057798188.1	A	g4753.t1	A
rna-XM_057798194.1	A	g12231.t2	A
rna-XM_057798193.1	A	g13963.t1	A
rna-XM_057798842.1	A	g9302.t1	A
rna-XM_057798717.1	A	g9306.t1	A
rna-XM_057797542.1	A	g9312.t1	A
rna-XM_057799299.1	A	g7707.t2	A
rna-XM_057799304.1	A	g1664.t1	X
rna-XM_057799305.1	A	g7704.t1	A
rna-XM_057799314.1	A	g7703.t1	A
rna-XM_057799321.1	A	g7702.t1	A
rna-XM_057797546.1	A	g11685.t1	A
rna-XM_057799323.1	A	g8936.t1	A
rna-XM_057797547.1	A	g1802.t1	A
rna-XM_057799325.1	A	g11681.t1	A
rna-XM_057799327.1	A	g11680.t1	A
rna-XM_057799328.1	A	g9270.t1	A
rna-XM_057799329.1	A	g9282.t1	A
rna-XM_057799330.1	A	g9284.t2	A
rna-XM_057799331.1	A	g9283.t2	A
rna-XM_057799333.1	A	g9281.t1	A
rna-XM_057799336.1	A	g13751.t1	A
rna-XM_057799338.1	A	g13749.t1	A
rna-XM_057797431.1	A	g8332.t1	A
rna-XM_057798344.1	A	g8331.t1	A
rna-XM_057797786.1	A	g3626.t1	A
rna-XM_057797783.1	A	g3886.t1	A
rna-XM_057798848.1	A	g3888.t1	A
rna-XM_057797924.1	A	g3847.t1	A
rna-XM_057797991.1	A	g3850.t1	A
rna-XM_057798248.1	A	g3851.t1	A
rna-XM_057798571.1	A	g3891.t1	A
rna-XM_057798100.1	A	g7091.t1	A
rna-XM_057798562.1	A	g11442.t1	A
rna-XM_057797549.1	A	g7088.t1	A
rna-XM_057797550.1	A	g7095.t1	A
rna-XM_057797551.1	A	g7094.t1	A
rna-XM_057798704.1	A	g2115.t1	A
rna-XM_057799709.1	A	g13133.t1	A
rna-XM_057799710.1	A	g9169.t1	A
rna-XM_057799719.1	A	g13132.t1	A
rna-XM_057799722.1	A	g13131.t1	A
rna-XM_057799723.1	A	g13130.t1	A
rna-XM_057799718.1	A	g13129.t1	A
rna-XM_057799712.1	A	g13128.t1	A
rna-XM_057798040.1	A	g11170.t1	A
rna-XM_057799466.1	A	g13124.t1	A
rna-XM_057799480.1	A	g13123.t1	A
rna-XM_057799479.1	A	g5042.t1	A
rna-XM_057799484.1	A	g5043.t1	A
rna-XM_057799489.1	A	g2663.t1	A
rna-XM_057799497.1	A	g9167.t1	A
rna-XM_057799494.1	A	g9165.t1	A
rna-XM_057799498.1	A	g5044.t1	A
rna-XM_057799491.1	A	g3420.t1	A
rna-XM_057799493.1	A	g3150.t1	A
rna-XM_057799499.1	A	g7322.t2	A
rna-XM_057799512.1	A	g7323.t1	A
rna-XM_057799507.1	A	g8252.t4	A
rna-XM_057799504.1	A	g9170.t1	A
rna-XM_057799514.1	A	g4849.t2	A
rna-XM_057799520.1	A	g4850.t1	A
rna-XM_057799529.1	A	g10691.t1	A
rna-XM_057799532.1	A	g10689.t1	A
rna-XM_057799535.1	A	g12910.t1	A
rna-XM_057799536.1	A	g12911.t1	A
rna-XM_057798089.1	A	g342.t1	A
rna-XM_057797662.1	A	g341.t1	A
rna-XM_057797663.1	A	g11339.t1	A
rna-XM_057797664.1	A	g339.t1	A
rna-XM_057798041.1	A	g4435.t2	A
rna-XM_057798042.1	A	g4438.t1	A
rna-XM_057798054.1	A	g7735.t1	A
rna-XM_057798052.1	A	g1383.t1	A
rna-XM_057798082.1	A	g14140.t1	A
rna-XM_057798447.1	A	g13422.t2	A
rna-XM_057798446.1	A	g11394.t1	A
rna-XM_057798175.1	A	g7328.t1	A
rna-XM_057798305.1	A	g7548.t1	A
rna-XM_057797870.1	A	g8084.t1	A
rna-XM_057797616.1	A	g495.t1	A
rna-XM_057799545.1	A	g5152.t2	A
rna-XM_057799541.1	A	g8465.t1	A
rna-XM_057797938.1	A	g11025.t1	A
rna-XM_057797795.1	A	g8440.t1	A
rna-XM_057797765.1	A	g8287.t1	A
rna-XM_057797828.1	A	g2490.t1	A
rna-XM_057797829.1	A	g9733.t1	A
rna-XM_057797419.1	A	g1008.t1	A
rna-XM_057797421.1	A	g4434.t1	A
rna-XM_057799094.1	A	g4263.t1	A
rna-XM_057799099.1	A	g11395.t1	A
rna-XM_057799098.1	A	g4262.t1	A
rna-XM_057799097.1	A	g11384.t1	A
rna-XM_057799096.1	A	g11385.t1	A
rna-XM_057798141.1	A	g11168.t1	A
rna-XM_057798140.1	A	g11440.t1	A
rna-XM_057798386.1	A	g10946.t1	A
rna-XM_057797614.1	A	g4251.t1	A
rna-XM_057797880.1	A	g663.t2	A
rna-XM_057797881.1	A	g10803.t1	A
rna-XM_057798045.1	A	g13457.t1	A
rna-XM_057797643.1	A	g688.t1	A
rna-XM_057799671.1	A	g11287.t1	A
rna-XM_057797847.1	A	g9740.t3	A
rna-XM_057798709.1	A	g13035.t1	A
rna-XM_057798850.1	A	g10713.t1	A
rna-XM_057799792.1	A	g2088.t1	A
rna-XM_057799694.1	A	g7206.t1	A
rna-XM_057799693.1	A	g7122.t1	A
rna-XM_057799690.1	A	g10042.t1	A
rna-XM_057798263.1	A	g10945.t2	A
rna-XM_057797856.1	A	g3123.t1	A
rna-XM_057799779.1	A	g2580.t1	A
rna-XM_057797422.1	A	g10793.t1	A
rna-XM_057797424.1	A	g10799.t1	A
rna-XM_057797429.1	A	g7187.t1	A
rna-XM_057797430.1	A	g7185.t1	A
rna-XM_057798433.1	A	g13508.t1	A
rna-XM_057797535.1	A	g5368.t1	A
rna-XM_057797658.1	A	g13657.t1	A
rna-XM_057799622.1	A	g6.t1	A
rna-XM_057799625.1	A	g2114.t2	A
rna-XM_057799626.1	A	g2113.t1	A
rna-XM_057798841.1	A	g2110.t1	A
rna-XM_057798074.1	A	g6388.t1	A
rna-XM_057798076.1	A	g6831.t1	A
rna-XM_057798005.1	A	g8803.t1	A
rna-XM_057798497.1	A	g9657.t1	A
rna-XM_057798972.1	A	g8348.t1	A
rna-XM_057798977.1	A	g4267.t2	A
rna-XM_057798981.1	A	g7691.t2	A
rna-XM_057799183.1	A	g7689.t1	A
rna-XM_057798232.1	A	g7686.t1	A
rna-XM_057797672.1	A	g4183.t1	A
rna-XM_057798902.1	A	g13235.t2	A
rna-XM_057798903.1	A	g13925.t1	A
rna-XM_057798905.1	A	g2247.t1	A
rna-XM_057798906.1	A	g11412.t2	A
rna-XM_057798907.1	A	g11411.t1	A
rna-XM_057798031.1	A	g11446.t1	A
rna-XM_057798153.1	A	g10576.t1	A
rna-XM_057797693.1	A	g10577.t1	A
rna-XM_057798252.1	A	g11137.t1	A
rna-XM_057799664.1	A	g11096.t1	A
rna-XM_057797375.1	A	g4594.t1	A
rna-XM_057797712.1	A	g4595.t1	A
rna-XM_057797461.1	A	g3793.t1	A
rna-XM_057797459.1	A	g2702.t1	A
rna-XM_057797543.1	A	g1338.t2	A
rna-XM_057797756.1	A	g204.t1	A
rna-XM_057798037.1	A	g5648.t1	A
rna-XM_057799221.1	A	g11595.t1	A
rna-XM_057799224.1	A	g8189.t3	A
rna-XM_057799229.1	A	g8191.t1	A
rna-XM_057799230.1	A	g5561.t1	A
rna-XM_057797948.1	A	g8014.t1	A
rna-XM_057797825.1	A	g13930.t2	A
rna-XM_057798069.1	A	g13927.t1	A
rna-XM_057798261.1	A	g13566.t1	A
rna-XM_057798260.1	A	g4390.t1	A
rna-XM_057797758.1	A	g13924.t1	A
rna-XM_057797757.1	A	g13923.t2	A
rna-XM_057798236.1	A	g13921.t1	A
rna-XM_057798238.1	A	g6081.t1	A
rna-XM_057799242.1	A	g10141.t1	A
rna-XM_057799246.1	A	g9984.t1	A
rna-XM_057799241.1	A	g11226.t1	A
rna-XM_057799247.1	A	g13127.t1	A
rna-XM_057799248.1	A	g9982.t1	A
rna-XM_057799244.1	A	g9981.t1	A
rna-XM_057799240.1	A	g9980.t1	A
rna-XM_057797894.1	A	g8479.t1	A
rna-XM_057797950.1	A	g10379.t1	A
rna-XM_057798050.1	A	g10376.t1	A
rna-XM_057798049.1	A	g10373.t1	A
rna-XM_057798091.1	A	g10361.t1	A
rna-XM_057799566.1	A	g10362.t1	A
rna-XM_057799546.1	A	g10363.t3	A
rna-XM_057798519.1	A	g9875.t1	A
rna-XM_057798520.1	A	g9876.t1	A
rna-XM_057798164.1	A	g9539.t1	A
rna-XM_057798880.1	A	g103.t2	A
rna-XM_057798556.1	A	g10163.t2	A
rna-XM_057797722.1	A	g10164.t1	A
rna-XM_057799064.1	A	g458.t1	A
rna-XM_057799067.1	A	g10397.t1	A
rna-XM_057799068.1	A	g10396.t2	A
rna-XM_057799070.1	A	g10395.t1	A
rna-XM_057797657.1	A	g1274.t1	A
rna-XM_057798914.1	A	g10303.t1	A
rna-XM_057798915.1	A	g10389.t1	A
rna-XM_057798922.1	A	g10387.t1	A
rna-XM_057798918.1	A	g10388.t2	A
rna-XM_057798924.1	A	g10304.t1	A
rna-XM_057798926.1	A	g10393.t1	A
rna-XM_057798327.1	A	g8989.t1	A
rna-XM_057798322.1	A	g4259.t2	A
rna-XM_057797734.1	A	g2325.t1	A
rna-XM_057798332.1	A	g13564.t1	A
rna-XM_057798330.1	A	g2326.t1	A
rna-XM_057798331.1	A	g10293.t1	A
rna-XM_057798328.1	A	g5447.t1	A
rna-XM_057797858.1	A	g2321.t1	A
rna-XM_057797857.1	A	g4488.t1	A
rna-XM_057797859.1	A	g4291.t1	A
rna-XM_057798161.1	A	g2328.t2	A
rna-XM_057798160.1	A	g2329.t1	A
rna-XM_057797372.1	A	g2320.t2	A
rna-XM_057797365.1	A	g2318.t1	A
rna-XM_057799540.1	A	g2315.t1	A
rna-XM_057799539.1	A	g4486.t1	A
rna-XM_057799189.1	A	g2310.t1	A
rna-XM_057799192.1	A	g2327.t1	A
rna-XM_057799195.1	A	g7317.t1	A
rna-XM_057799197.1	A	g5449.t3	A
rna-XM_057799724.1	A	g5101.t1	A
rna-XM_057799730.1	A	g8156.t1	A
rna-XM_057799728.1	A	g8487.t3	A
rna-XM_057799725.1	A	g8915.t1	A
rna-XM_057799729.1	A	g9822.t1	A
rna-XM_057798894.1	A	g14077.t1	A
rna-XM_057798895.1	A	g5338.t1	A
rna-XM_057798896.1	A	g9387.t1	A
rna-XM_057797832.1	A	g11582.t2	A
rna-XM_057797796.1	A	g8467.t1	A
rna-XM_057798727.1	A	g8133.t1	A
rna-XM_057797917.1	A	g8136.t1	A
rna-XM_057797959.1	A	g8034.t1	A
rna-XM_057797833.1	A	g8035.t2	A
rna-XM_057797834.1	A	g4232.t1	A
rna-XM_057798732.1	A	g13940.t1	A
rna-XM_057797532.1	A	g9960.t1	A
rna-XM_057797534.1	A	g9957.t1	A
rna-XM_057798398.1	A	g9885.t1	A
rna-XM_057798536.1	A	g9969.t1	A
rna-XM_057798537.1	A	g9966.t1	A
rna-XM_057799368.1	A	g9964.t1	A
rna-XM_057799369.1	A	g9963.t1	A
rna-XM_057799370.1	A	g9961.t1	A
rna-XM_057799367.1	A	g9681.t1	A
rna-XM_057799372.1	A	g10369.t2	A
rna-XM_057799397.1	A	g3991.t1	A
rna-XM_057799398.1	A	g9789.t1	A
rna-XM_057799400.1	A	g4484.t1	A
rna-XM_057799401.1	A	g13874.t1	A
rna-XM_057799404.1	A	g986.t1	A
rna-XM_057799419.1	A	g138.t1	A
rna-XM_057799420.1	A	g141.t1	A
rna-XM_057799409.1	A	g142.t1	A
rna-XM_057799417.1	A	g143.t1	A
rna-XM_057799423.1	A	g13469.t1	A
rna-XM_057799429.1	A	g14111.t1	A
rna-XM_057799433.1	A	g4995.t1	A
rna-XM_057799432.1	A	g4996.t1	A
rna-XM_057799439.1	A	g4998.t1	A
rna-XM_057799441.1	A	g4997.t3	A
rna-XM_057799444.1	A	g4485.t1	A
rna-XM_057798290.1	A	g2398.t1	A
rna-XM_057798294.1	A	g3350.t1	A
rna-XM_057799699.1	A	g13308.t1	A
rna-XM_057797781.1	A	g13305.t1	A
rna-XM_057799697.1	A	g659.t1	A
rna-XM_057799700.1	A	g2399.t1	A
rna-XM_057798406.1	A	g14028.t1	A
rna-XM_057798407.1	A	g8659.t1	A
rna-XM_057799361.1	A	g1071.t1	A
rna-XM_057797557.1	A	g10873.t1	A
rna-XM_057798126.1	A	g5824.t2	A
rna-XM_057797526.1	A	g763.t2	A
rna-XM_057797530.1	A	g712.t1	A
rna-XM_057797531.1	A	g764.t1	A
rna-XM_057797502.1	A	g5272.t1	A
rna-XM_057797504.1	A	g761.t1	A
rna-XM_057797506.1	A	g762.t1	A
rna-XM_057797790.1	A	g760.t1	A
rna-XM_057798309.1	A	g14691.t1	A
rna-XM_057798310.1	A	g14692.t1	A
rna-XM_057798439.1	A	g14694.t1	A
rna-XM_057799254.1	A	g2381.t1	A
rna-XM_057797932.1	A	g11045.t1	A
rna-XM_057798436.1	A	g2383.t2	A
rna-XM_057798438.1	A	g11047.t1	A
rna-XM_057799238.1	A	g1811.t1	A
rna-XM_057799239.1	A	g13898.t2	A
rna-XM_057799048.1	A	g1810.t1	A
rna-XM_057798090.1	A	g1157.t1	A
rna-XM_057797831.1	A	g10118.t1	A
rna-XM_057797956.1	A	g4311.t1	A
rna-XM_057797879.1	A	g9708.t1	A
rna-XM_057798885.1	A	g9384.t1	A
rna-XM_057798886.1	A	g3537.t1	A
rna-XM_057797869.1	A	g10642.t1	A
rna-XM_057797868.1	A	g988.t1	A
rna-XM_057797911.1	A	g9959.t1	A
rna-XM_057797793.1	A	g4310.t1	A
rna-XM_057797848.1	A	g3538.t1	A
rna-XM_057798521.1	A	g3535.t1	A
rna-XM_057799205.1	A	g3524.t1	A
rna-XM_057799200.1	A	g10605.t1	A
rna-XM_057797903.1	A	g11026.t1	A
rna-XM_057797940.1	A	g2067.t1	A
rna-XM_057798767.1	A	g607.t1	A
rna-XM_057798420.1	A	g10854.t1	A
rna-XM_057798270.1	A	g14744.t1	A
rna-XM_057798280.1	A	g4949.t2	A
rna-XM_057798284.1	A	g4143.t1	A
rna-XM_057798278.1	A	g4142.t1	A
rna-XM_057798276.1	A	g4154.t2	A
rna-XM_057798285.1	A	g2689.t2	A
rna-XM_057798287.1	A	g562.t1	A
rna-XM_057798288.1	A	g4365.t1	A
rna-XM_057798343.1	A	g4364.t2	A
rna-XM_057797470.1	A	g8849.t1	A
rna-XM_057799794.1	A	g8848.t1	A
rna-XM_057798773.1	A	g4450.t1	A
rna-XM_057799801.1	A	g10399.t1	A
rna-XM_057798431.1	A	g3424.t1	A
rna-XM_057799188.1	A	g7765.t1	A
rna-XM_057799185.1	A	g2371.t1	A
rna-XM_057799187.1	A	g2372.t1	A
rna-XM_057797878.1	A	g3425.t1	A
rna-XM_057798523.1	A	g14594.t1	A
rna-XM_057797987.1	A	g14584.t1	A
rna-XM_057798151.1	A	g14586.t1	A
rna-XM_057797615.1	A	g587.t1	A
rna-XM_057797926.1	A	g2687.t1	A
rna-XM_057797696.1	A	g14272.t1	A
rna-XM_057797992.1	A	g941.t1	A
rna-XM_057797994.1	A	g14273.t1	A
rna-XM_057798781.1	A	g13276.t1	A
rna-XM_057799280.1	A	g14056.t1	A
rna-XM_057799279.1	A	g11881.t2	A
rna-XM_057799284.1	A	g7818.t1	A
rna-XM_057799281.1	A	g7817.t1	A
rna-XM_057797380.1	A	g12844.t1	A
rna-XM_057797379.1	A	g11879.t1	A
rna-XM_057797376.1	A	g7816.t1	A
rna-XM_057797792.1	A	g14207.t1	A
rna-XM_057798254.1	A	g10683.t1	A
rna-XM_057798712.1	A	g4524.t1	A
rna-XM_057798533.1	A	g4771.t1	A
rna-XM_057797889.1	A	g10680.t1	A
rna-XM_057797890.1	A	g2370.t1	A
rna-XM_057797888.1	A	g2340.t1	A
rna-XM_057798000.1	A	g3764.t1	A
rna-XM_057799661.1	A	g3765.t1	A
rna-XM_057798585.1	A	g2355.t1	A
rna-XM_057798590.1	A	g10534.t1	A
rna-XM_057798589.1	A	g5518.t1	A
rna-XM_057798597.1	A	g13185.t1	A
rna-XM_057798599.1	A	g13697.t1	A
rna-XM_057798603.1	A	g14274.t1	A
rna-XM_057798601.1	A	g10584.t1	A
rna-XM_057798614.1	A	g9942.t1	A
rna-XM_057798627.1	A	g9469.t1	A
rna-XM_057798618.1	A	g2150.t1	A
rna-XM_057798611.1	A	g11748.t1	A
rna-XM_057798619.1	A	g12005.t1	A
rna-XM_057798615.1	A	g11746.t2	A
rna-XM_057798625.1	A	g11745.t1	A
rna-XM_057798628.1	A	g11204.t2	A
rna-XM_057798620.1	A	g2288.t2	A
rna-XM_057798621.1	A	g11880.t2	A
rna-XM_057798623.1	A	g11997.t1	A
rna-XM_057798604.1	A	g14653.t2	A
rna-XM_057798629.1	A	g2109.t1	A
rna-XM_057798632.1	A	g2108.t1	A
rna-XM_057798631.1	A	g2107.t1	A
rna-XM_057798635.1	A	g2105.t1	A
rna-XM_057798633.1	A	g9806.t1	A
rna-XM_057798785.1	A	g9805.t1	A
rna-XM_057798636.1	A	g5457.t1	A
rna-XM_057798637.1	A	g4629.t1	A
rna-XM_057798638.1	A	g5485.t2	A
rna-XM_057798681.1	A	g5484.t1	A
rna-XM_057798683.1	A	g2104.t1	A
rna-XM_057798691.1	A	g5483.t1	A
rna-XM_057798685.1	A	g1093.t1	A
rna-XM_057798679.1	A	g13379.t1	A
rna-XM_057798684.1	A	g13366.t2	A
rna-XM_057798688.1	A	g13370.t1	A
rna-XM_057798640.1	A	g4314.t2	A
rna-XM_057798687.1	A	g14292.t1	A
rna-XM_057798676.1	A	g7104.t1	A
rna-XM_057798678.1	A	g7143.t1	A
rna-XM_057798701.1	A	g7146.t1	A
rna-XM_057798702.1	A	g6244.t1	A
rna-XM_057798697.1	A	g5952.t3	A
rna-XM_057798692.1	A	g5141.t1	A
rna-XM_057799735.1	A	g3362.t2	A
rna-XM_057797749.1	A	g5953.t1	A
rna-XM_057797746.1	A	g6797.t1	A
rna-XM_057797747.1	A	g6798.t1	A
rna-XM_057797823.1	A	g14841.t1	A
rna-XM_057798047.1	A	g10563.t1	A
rna-XM_057798383.1	A	g3210.t1	A
rna-XM_057798148.1	A	g1033.t1	A
rna-XM_057797951.1	A	g1028.t1	A
rna-XM_057797995.1	A	g1023.t1	A
rna-XM_057797479.1	A	g1021.t1	A
rna-XM_057797852.1	A	g14300.t1	A
rna-XM_057798789.1	A	g14295.t1	A
rna-XM_057797438.1	A	g14293.t1	A
rna-XM_057798790.1	A	g12258.t1	A
rna-XM_057797439.1	A	g9370.t1	A
rna-XM_057797443.1	A	g9369.t1	A
rna-XM_057797444.1	A	g14514.t1	A
rna-XM_057798927.1	A	g14515.t1	A
rna-XM_057798928.1	A	g8679.t1	A
rna-XM_057798929.1	A	g2213.t1	A
rna-XM_057798931.1	A	g6969.t1	A
rna-XM_057798792.1	A	g6973.t1	A
rna-XM_057798935.1	A	g3326.t1	A
rna-XM_057798939.1	A	g3325.t1	A
rna-XM_057798936.1	A	g3323.t1	A
rna-XM_057798942.1	A	g3303.t1	A
rna-XM_057797988.1	A	g3329.t1	A
rna-XM_057799571.1	A	g3319.t1	A
rna-XM_057799573.1	A	g3322.t1	A
rna-XM_057798705.1	A	g3321.t1	A
rna-XM_057798399.1	A	g3320.t1	A
rna-XM_057798402.1	A	g3324.t1	A
rna-XM_057799358.1	A	g10394.t1	A
rna-XM_057799357.1	A	g1369.t1	A
rna-XM_057797660.1	A	g8088.t1	A
rna-XM_057797558.1	A	g8090.t11	A
rna-XM_057798240.1	A	g8089.t1	A
rna-XM_057798242.1	A	g7920.t2	A
rna-XM_057798244.1	A	g2754.t1	A
rna-XM_057797819.1	A	g335.t1	A
rna-XM_057798004.1	A	g9227.t1	A
rna-XM_057798002.1	A	g9230.t1	A
rna-XM_057798797.1	A	g9231.t2	A
rna-XM_057798798.1	A	g5406.t1	Y
rna-XM_057797984.1	A	g9229.t1	A
rna-XM_057797496.1	A	g9249.t1	A
rna-XM_057797497.1	A	g9247.t1	A
rna-XM_057797498.1	A	g9228.t1	A
rna-XM_057797499.1	A	g9226.t1	A
rna-XM_057797736.1	A	g9496.t1	A
rna-XM_057798333.1	A	g13599.t1	A
rna-XM_057797983.1	A	g2261.t1	A
rna-XM_057798481.1	A	g13550.t2	A
rna-XM_057797949.1	A	g13551.t2	A
rna-XM_057797837.1	A	g7346.t1	A
rna-XM_057798035.1	A	g745.t1	A
rna-XM_057799274.1	A	g14859.t1	A
rna-XM_057799272.1	A	g3467.t1	A
rna-XM_057797966.1	A	g7145.t1	A
rna-XM_057797967.1	A	g7144.t1	A
rna-XM_057797968.1	A	g6818.t1	A
rna-XM_057797975.1	A	g7148.t1	A
rna-XM_057798199.1	A	g7147.t1	A
rna-XM_057798200.1	A	g8347.t1	A
rna-XM_057798210.1	A	g6425.t1	A
rna-XM_057798209.1	A	g6424.t1	A
rna-XM_057798207.1	A	g7755.t1	A
rna-XM_057798208.1	A	g13601.t1	A
rna-XM_057798219.1	A	g822.t1	A
rna-XM_057798214.1	A	g796.t1	A
rna-XM_057798212.1	A	g797.t1	A
rna-XM_057798230.1	A	g798.t1	A
rna-XM_057798229.1	A	g825.t1	A
rna-XM_057799627.1	A	g800.t1	A
rna-XM_057798043.1	A	g827.t1	A
rna-XM_057797846.1	A	g828.t1	A
rna-XM_057799652.1	A	g13552.t1	A
rna-XM_057799655.1	A	g820.t1	A
rna-XM_057799656.1	A	g13453.t1	A
rna-XM_057799660.1	A	g9730.t1	A
rna-XM_057797942.1	A	g1035.t1	A
rna-XM_057799679.1	A	g1037.t1	A
rna-XM_057799681.1	A	g1038.t1	A
rna-XM_057799687.1	A	g1014.t1	A
rna-XM_057799684.1	A	g1015.t1	A
rna-XM_057799688.1	A	g1013.t1	A
rna-XM_057799745.1	A	g1012.t1	A
rna-XM_057799743.1	A	g13054.t1	A
rna-XM_057797464.1	A	g11430.t1	A
rna-XM_057799750.1	A	g6817.t1	A
rna-XM_057799749.1	A	g7771.t1	A
rna-XM_057799753.1	A	g6812.t1	A
rna-XM_057798023.1	A	g6813.t1	A
rna-XM_057798024.1	A	g6815.t1	A
rna-XM_057798028.1	A	g13384.t1	A
rna-XM_057798029.1	A	g13383.t1	A
rna-XM_057798129.1	A	g1017.t1	A
rna-XM_057797827.1	A	g13381.t1	A
rna-XM_057798302.1	A	g381.t1	A
rna-XM_057798303.1	A	g11688.t1	A
rna-XM_057797789.1	A	g6537.t1	A
rna-XM_057798007.1	A	g6800.t1	A
rna-XM_057797741.1	A	g6801.t1	A
rna-XM_057798304.1	A	g6804.t1	A
rna-XM_057797737.1	A	g6805.t2	A
rna-XM_057799454.1	A	g6809.t1	A
rna-XM_057798804.1	A	g6806.t1	A
rna-XM_057799455.1	A	g4010.t1	A
rna-XM_057799459.1	A	g2229.t1	A
rna-XM_057799457.1	A	g2230.t1	A
rna-XM_057798898.1	A	g7137.t1	A
rna-XM_057798899.1	A	g13527.t1	A
rna-XM_057799696.1	A	g7105.t1	A
rna-XM_057797671.1	A	g4313.t1	A
rna-XM_057798550.1	A	g3110.t1	A
rna-XM_057797934.1	A	g4342.t1	A
rna-XM_057798156.1	A	g10844.t3	A
rna-XM_057797358.1	A	g13238.t1	A
rna-XM_057798833.1	A	g2471.t1	A
rna-XM_057798831.1	A	g2470.t1	A
rna-XM_057798829.1	A	g2469.t1	A
rna-XM_057798834.1	A	g2468.t1	A
rna-XM_057797728.1	A	g4396.t1	A
rna-XM_057797732.1	A	g4395.t1	A
rna-XM_057797726.1	A	g4394.t1	A
rna-XM_057797724.1	A	g683.t1	A
rna-XM_057797729.1	A	g684.t1	A
rna-XM_057797500.1	A	g685.t1	A
rna-XM_057797919.1	A	g13475.t1	A
rna-XM_057797920.1	A	g13476.t1	A
rna-XM_057797921.1	A	g13477.t1	A
rna-XM_057797922.1	A	g13478.t1	A
rna-XM_057799054.1	A	g13479.t1	A
rna-XM_057799055.1	A	g2467.t1	A
rna-XM_057799060.1	A	g6113.t1	A
rna-XM_057798095.1	A	g2452.t1	A
rna-XM_057798570.1	A	g2453.t1	A
rna-XM_057798094.1	A	g12895.t1	A
rna-XM_057798174.1	A	g2454.t1	A
rna-XM_057797805.1	A	g2455.t1	A
rna-XM_057798306.1	A	g2459.t2	A
rna-XM_057798308.1	A	g2460.t1	A
rna-XM_057798149.1	A	g13855.t1	A
rna-XM_057798063.1	A	g2451.t2	A
rna-XM_057799344.1	A	g2466.t1	A
rna-XM_057799345.1	A	g2465.t1	A
rna-XM_057799349.1	A	g270.t1	A
rna-XM_057799352.1	A	g12646.t1	A
rna-XM_057799351.1	A	g12645.t1	A
rna-XM_057797473.1	A	g645.t1	A
rna-XM_057797474.1	A	g4495.t1	A
rna-XM_057797475.1	A	g11382.t1	A
rna-XM_057797931.1	A	g10726.t1	A
rna-XM_057798297.1	A	g11383.t1	A
rna-XM_057797617.1	A	g10640.t1	A
rna-XM_057798392.1	A	g5886.t1	A
rna-XM_057798530.1	A	g9793.t1	A
rna-XM_057797404.1	A	g10774.t1	A
rna-XM_057797406.1	A	g10770.t1	A
rna-XM_057797402.1	A	g2474.t2	A
rna-XM_057797403.1	A	g2475.t1	A
rna-XM_057798706.1	A	g13481.t1	A
rna-XM_057797634.1	A	g13480.t2	A
rna-XM_057798714.1	A	g13486.t1	A
rna-XM_057798713.1	A	g13487.t1	A
rna-XM_057797553.1	A	g5169.t1	A
rna-XM_057798009.1	A	g5170.t1	A
rna-XM_057798464.1	A	g5168.t1	A
rna-XM_057799389.1	A	g10480.t8	A
rna-XM_057798555.1	A	g11.t1	A
rna-XM_057798039.1	A	g12.t1	A
rna-XM_057797965.1	A	g13.t1	A
rna-XM_057799285.1	A	g13660.t1	A
rna-XM_057799286.1	A	g551.t1	A
rna-XM_057799289.1	A	g552.t1	A
rna-XM_057799290.1	A	g14680.t1	A
rna-XM_057799288.1	A	g13661.t1	A
rna-XM_057799291.1	A	g2440.t2	A
rna-XM_057799293.1	A	g545.t1	A
rna-XM_057798448.1	A	g601.t1	A
rna-XM_057799101.1	A	g550.t2	A
rna-XM_057799116.1	A	g11028.t1	A
rna-XM_057799122.1	A	g8427.t1	A
rna-XM_057799146.1	A	g9252.t2	A
rna-XM_057799118.1	A	g7624.t1	A
rna-XM_057799143.1	A	g8146.t1	A
rna-XM_057799135.1	A	g12067.t1	A
rna-XM_057799133.1	A	g9719.t1	A
rna-XM_057799138.1	A	g4520.t1	A
rna-XM_057799129.1	A	g4679.t1	A
rna-XM_057799117.1	A	g11984.t1	A
rna-XM_057799136.1	A	g11983.t1	A
rna-XM_057799139.1	A	g11981.t2	A
rna-XM_057799140.1	A	g11982.t1	A
rna-XM_057799141.1	A	g12079.t1	A
rna-XM_057799152.1	A	g12092.t1	A
rna-XM_057799157.1	A	g5819.t1	A
rna-XM_057799158.1	A	g12004.t1	A
rna-XM_057798811.1	A	g1337.t1	A
rna-XM_057799167.1	A	g13872.t1	A
rna-XM_057799169.1	A	g13870.t1	A
rna-XM_057799071.1	A	g1041.t1	A
rna-XM_057799073.1	A	g1040.t1	A
rna-XM_057798480.1	A	g901.t1	A
rna-XM_057798721.1	A	g938.t1	A
rna-XM_057798298.1	A	g13470.t1	A
rna-XM_057798457.1	A	g4994.t1	A
rna-XM_057798449.1	A	g4992.t1	A
rna-XM_057798451.1	A	g13471.t1	A
rna-XM_057798460.1	A	g13472.t1	A
rna-XM_057798463.1	A	g14066.t1	A
rna-XM_057798815.1	A	g2401.t1	A
rna-XM_057798152.1	A	g14067.t1	A
rna-XM_057798549.1	A	g13221.t1	A
rna-XM_057798055.1	A	g9049.t1	A
rna-XM_057798729.1	A	g13913.t1	A
rna-XM_057798502.1	A	g13911.t1	A
rna-XM_057798504.1	A	g10604.t1	A
rna-XM_057798512.1	A	g1226.t1	A
rna-XM_057798515.1	A	g1170.t1	A
rna-XM_057798514.1	A	g236.t1	A
rna-XM_057798506.1	A	g5071.t1	A
rna-XM_057798513.1	A	g5076.t2	A
rna-XM_057798518.1	A	g9773.t1	A
rna-XM_057798078.1	A	g9775.t1	A
rna-XM_057797633.1	A	g10743.t1	A
rna-XM_057797933.1	A	g10910.t1	A
rna-XM_057798826.1	A	g5660.t1	A
rna-XM_057797544.1	A	g9766.t1	A
rna-XM_057799050.1	A	g9847.t1	A
rna-XM_057799051.1	A	g9767.t1	A
rna-XM_057799052.1	A	g9768.t1	A
rna-XM_057799646.1	A	g9770.t1	A
rna-XM_057799644.1	A	g9771.t4	A
rna-XM_057799643.1	A	g9772.t1	A
rna-XM_057799639.1	A	g7985.t1	A
rna-XM_057799640.1	A	g7766.t1	A
rna-XM_057799642.1	A	g9776.t2	A
rna-XM_057799641.1	A	g10835.t1	A
rna-XM_057798018.1	A	g10834.t1	A
rna-XM_057799034.1	A	g3485.t1	A
rna-XM_057799021.1	A	g1335.t1	A
rna-XM_057798986.1	A	g3432.t1	A
rna-XM_057799009.1	A	g2446.t1	A
rna-XM_057799036.1	A	g2444.t1	A
rna-XM_057799044.1	A	g2464.t1	A
rna-XM_057799037.1	A	g11670.t1	A
rna-XM_057799031.1	A	g9792.t1	A
rna-XM_057799041.1	A	g5078.t1	A
rna-XM_057798996.1	A	g12143.t2	A
rna-XM_057799033.1	A	g13545.t1	A
rna-XM_057799042.1	A	g6014.t1	A
rna-XM_057799039.1	A	g12441.t1	A
rna-XM_057799030.1	A	g8658.t1	A
rna-XM_057799046.1	A	g3149.t1	A
rna-XM_057799012.1	A	g3353.t1	A
rna-XM_057798985.1	A	g3147.t1	A
rna-XM_057798999.1	A	g1371.t1	A
rna-XM_057799014.1	A	g452.t1	A
rna-XM_057799017.1	A	g451.t3	A
rna-XM_057799040.1	A	g649.t2	A
rna-XM_057799006.1	A	g651.t2	A
rna-XM_057799045.1	A	g859.t1	A
rna-XM_057799047.1	A	g653.t1	A
rna-XM_057798527.1	A	g4466.t1	A
rna-XM_057797520.1	A	g4467.t1	A
rna-XM_057797525.1	A	g2526.t1	A
rna-XM_057798546.1	A	g2521.t2	A
rna-XM_057799237.1	A	g7158.t1	A
rna-XM_057799233.1	A	g1377.t1	A
rna-XM_057797815.1	A	g7111.t1	A
rna-XM_057797645.1	A	g7103.t1	A
rna-XM_057799762.1	A	g13151.t1	A
rna-XM_057799770.1	A	g13156.t1	A
rna-XM_057799764.1	A	g3144.t2	A
rna-XM_057799773.1	A	g3145.t1	A
rna-XM_057798817.1	A	g13155.t2	A
rna-XM_057798093.1	A	g12028.t1	A
rna-XM_057799343.1	A	g453.t1	A
rna-XM_057799339.1	A	g1372.t1	A
rna-XM_057799340.1	A	g10066.t1	A
rna-XM_057799576.1	A	g10067.t1	A
rna-XM_057799575.1	A	g10069.t1	A
rna-XM_057798120.1	A	g10070.t1	A
rna-XM_057798538.1	A	g6739.t1	A
rna-XM_057797469.1	A	g10073.t1	A
rna-XM_057797468.1	A	g10076.t1	A
rna-XM_057797466.1	A	g10074.t1	A
rna-XM_057797971.1	A	g10078.t2	A
rna-XM_057798070.1	A	g13345.t1	A
rna-XM_057798473.1	A	g10085.t1	A
rna-XM_057797507.1	A	g1363.t2	A
rna-XM_057798387.1	A	g10018.t1	A
rna-XM_057798943.1	A	g10168.t1	A
rna-XM_057798946.1	A	g10172.t1	A
rna-XM_057798968.1	A	g1611.t1	X
rna-XM_057798966.1	A	g1374.t1	A
rna-XM_057798944.1	A	g1375.t1	A
rna-XM_057798489.1	A	g2431.t1	A
rna-XM_057798484.1	A	g12199.t1	A
rna-XM_057798490.1	A	g3724.t2	A
rna-XM_057798485.1	A	g10664.t1	A
rna-XM_057798482.1	A	g10406.t1	A
rna-XM_057797495.1	A	g10897.t1	A
rna-XM_057798118.1	A	g13344.t1	A
rna-XM_057798819.1	A	g203.t1	A
rna-XM_057798564.1	A	g201.t1	A
rna-XM_057798563.1	A	g200.t1	A
rna-XM_057799181.1	A	g468.t1	A
rna-XM_057798557.1	A	g8429.t1	A
rna-XM_057798390.1	A	g14580.t1	A
rna-XM_057798389.1	A	g4164.t1	A
rna-XM_057798539.1	A	g10667.t1	A
rna-XM_057797898.1	A	g9831.t1	A
rna-XM_057798112.1	A	g9832.t1	A
rna-XM_057799774.1	A	g9833.t1	A
rna-XM_057799776.1	A	g9777.t1	A
rna-XM_057799775.1	A	g9778.t2	A
rna-XM_057797668.1	A	g9779.t1	A
rna-XM_057798821.1	A	g4026.t1	A
rna-XM_057798876.1	A	g8002.t1	A
rna-XM_057798875.1	A	g8013.t1	A
rna-XM_057798855.1	A	g9932.t2	A
rna-XM_057798859.1	A	g9934.t1	A
rna-XM_057798823.1	A	g82.t1	A
rna-XM_057798870.1	A	g14648.t1	A
rna-XM_057798868.1	A	g9936.t1	A
rna-XM_057798872.1	A	g1234.t2	A
rna-XM_057798871.1	A	g1236.t1	A
rna-XM_057798824.1	A	g1238.t1	A
rna-XM_057798838.1	A	g1239.t1	A
rna-XM_057799264.1	A	g9940.t3	A
rna-XM_057799271.1	A	g9939.t1	A
rna-XM_057799262.1	A	g9938.t1	A
rna-XM_057798524.1	A	g9937.t2	A
rna-XM_057797953.1	A	g1233.t1	A
rna-XM_057797709.1	A	g1231.t1	A
rna-XM_057801481.1	A	g2542.t1	A
rna-XM_057800727.1	A	g12127.t1	A
rna-XM_057800444.1	A	g2948.t1	A
rna-XM_057800785.1	A	g1987.t1	A
rna-XM_057800838.1	A	g12697.t1	A
rna-XM_057801557.1	A	g2855.t1	X
rna-XM_057800856.1	A	g5939.t1	A
rna-XM_057801377.1	A	g6922.t1	A
rna-XM_057801379.1	A	g292.t1	A
rna-XM_057801381.1	A	g14805.t1	A
rna-XM_057800878.1	A	g5647.t1	A
rna-XM_057800887.1	A	g12107.t1	A
rna-XM_057800877.1	A	g12108.t1	A
rna-XM_057801382.1	A	g12113.t1	A
rna-XM_057800891.1	A	g12114.t1	A
rna-XM_057800890.1	A	g1813.t1	A
rna-XM_057800888.1	A	g12140.t1	A
rna-XM_057800889.1	A	g994.t1	A
rna-XM_057800894.1	A	g1673.t1	X
rna-XM_057799967.1	A	g211.t2	A
rna-XM_057799962.1	A	g208.t1	A
rna-XM_057800751.1	A	g205.t1	A
rna-XM_057800673.1	A	g14790.t1	A
rna-XM_057800389.1	A	g14791.t3	A
rna-XM_057800387.1	A	g14793.t1	A
rna-XM_057800386.1	A	g14792.t2	A
rna-XM_057800390.1	A	g9172.t1	A
rna-XM_057801383.1	A	g14797.t1	A
rna-XM_057800393.1	A	g14796.t2	A
rna-XM_057800394.1	A	g14798.t2	A
rna-XM_057800391.1	A	g9319.t1	A
rna-XM_057801431.1	A	g9347.t2	A
rna-XM_057801433.1	A	g555.t1	A
rna-XM_057801434.1	A	g556.t1	A
rna-XM_057801438.1	A	g12759.t1	A
rna-XM_057801439.1	A	g12756.t1	A
rna-XM_057801442.1	A	g2337.t1	A
rna-XM_057801436.1	A	g148.t1	A
rna-XM_057801445.1	A	g12924.t1	A
rna-XM_057801441.1	A	g14755.t1	A
rna-XM_057801444.1	A	g14756.t1	A
rna-XM_057801446.1	A	g14757.t1	A
rna-XM_057801448.1	A	g6763.t1	A
rna-XM_057801449.1	A	g11221.t1	A
rna-XM_057801465.1	A	g11222.t4	A
rna-XM_057801450.1	A	g11161.t1	A
rna-XM_057801461.1	A	g11162.t1	A
rna-XM_057801453.1	A	g11160.t1	A
rna-XM_057801473.1	A	g6838.t1	A
rna-XM_057801475.1	A	g9727.t1	A
rna-XM_057801463.1	A	g5334.t1	A
rna-XM_057801452.1	A	g11492.t2	A
rna-XM_057801363.1	A	g11391.t1	A
rna-XM_057801364.1	A	g12751.t1	A
rna-XM_057799953.1	A	g12661.t1	A
rna-XM_057800241.1	A	g11220.t1	A
rna-XM_057800242.1	A	g11158.t1	A
rna-XM_057800230.1	A	g11156.t1	A
rna-XM_057800227.1	A	g9658.t1	A
rna-XM_057800351.1	A	g12118.t1	A
rna-XM_057800357.1	A	g12117.t1	A
rna-XM_057800353.1	A	g207.t1	A
rna-XM_057800210.1	A	g995.t1	A
rna-XM_057799928.1	A	g8206.t1	A
rna-XM_057799925.1	A	g8211.t1	A
rna-XM_057800476.1	A	g6429.t1	A
rna-XM_057800477.1	A	g10709.t4	A
rna-XM_057800336.1	A	g6440.t1	A
rna-XM_057800632.1	A	g8453.t1	A
rna-XM_057800912.1	A	g6441.t1	A
rna-XM_057800609.1	A	g332.t1	A
rna-XM_057800611.1	A	g330.t1	A
rna-XM_057800674.1	A	g325.t1	A
rna-XM_057800692.1	A	g13315.t1	A
rna-XM_057800693.1	A	g13317.t1	A
rna-XM_057800694.1	A	g13318.t1	A
rna-XM_057800695.1	A	g13314.t1	A
rna-XM_057800696.1	A	g9672.t1	A
rna-XM_057801287.1	A	g6839.t1	A
rna-XM_057801289.1	A	g6007.t1	A
rna-XM_057801285.1	A	g6008.t1	A
rna-XM_057801303.1	A	g6009.t1	A
rna-XM_057801290.1	A	g6005.t2	A
rna-XM_057801310.1	A	g13099.t1	A
rna-XM_057801312.1	A	g2705.t1	A
rna-XM_057801313.1	A	g11809.t1	A
rna-XM_057801314.1	A	g13115.t1	A
rna-XM_057801286.1	A	g13121.t1	A
rna-XM_057801317.1	A	g10116.t2	A
rna-XM_057801316.1	A	g1010.t1	A
rna-XM_057801325.1	A	g7772.t1	A
rna-XM_057801323.1	A	g8205.t1	A
rna-XM_057801324.1	A	g7773.t1	A
rna-XM_057801331.1	A	g337.t2	A
rna-XM_057801329.1	A	g14141.t1	A
rna-XM_057801333.1	A	g14142.t1	A
rna-XM_057800243.1	A	g3430.t1	A
rna-XM_057801203.1	A	g4781.t1	A
rna-XM_057801208.1	A	g9471.t1	A
rna-XM_057801199.1	A	g4981.t1	A
rna-XM_057801204.1	A	g4982.t1	A
rna-XM_057801210.1	A	g9459.t2	A
rna-XM_057801195.1	A	g14344.t1	A
rna-XM_057801207.1	A	g14345.t1	A
rna-XM_057800583.1	A	g1042.t1	A
rna-XM_057800585.1	A	g14347.t1	A
rna-XM_057801013.1	A	g658.t1	A
rna-XM_057801002.1	A	g5699.t1	A
rna-XM_057801015.1	A	g8400.t1	A
rna-XM_057800479.1	A	g4670.t1	A
rna-XM_057800606.1	A	g7983.t1	A
rna-XM_057800607.1	A	g4991.t1	A
rna-XM_057800660.1	A	g4990.t1	A
rna-XM_057800661.1	A	g2180.t1	A
rna-XM_057801335.1	A	g11108.t2	A
rna-XM_057801336.1	A	g13094.t1	A
rna-XM_057800535.1	A	g2777.t1	A
rna-XM_057800533.1	A	g4682.t1	A
rna-XM_057800406.1	A	g4776.t1	A
rna-XM_057799961.1	A	g12654.t1	A
rna-XM_057799958.1	A	g7099.t1	A
rna-XM_057799960.1	A	g405.t1	A
rna-XM_057799825.1	A	g14227.t1	A
rna-XM_057800233.1	A	g298.t1	A
rna-XM_057800475.1	A	g299.t1	A
rna-XM_057800192.1	A	g174.t1	A
rna-XM_057800247.1	A	g176.t1	A
rna-XM_057800397.1	A	g177.t1	A
rna-XM_057800563.1	A	g328.t1	A
rna-XM_057799909.1	A	g1043.t1	A
rna-XM_057799946.1	A	g968.t1	A
rna-XM_057800549.1	A	g5898.t1	A
rna-XM_057800556.1	A	g5899.t1	A
rna-XM_057799813.1	A	g5907.t1	A
rna-XM_057801554.1	A	g5730.t1	A
rna-XM_057801590.1	A	g5729.t1	A
rna-XM_057800325.1	A	g3349.t1	A
rna-XM_057800662.1	A	g8330.t1	A
rna-XM_057801390.1	A	g1044.t1	A
rna-XM_057801359.1	A	g12859.t1	A
rna-XM_057801340.1	A	g12736.t1	A
rna-XM_057801348.1	A	g11714.t1	A
rna-XM_057801354.1	A	g11217.t1	A
rna-XM_057801357.1	A	g9362.t1	A
rna-XM_057801345.1	A	g12217.t1	A
rna-XM_057801360.1	A	g12222.t1	A
rna-XM_057801352.1	A	g12062.t2	A
rna-XM_057801353.1	A	g8306.t1	A
rna-XM_057801338.1	A	g12061.t2	A
rna-XM_057800735.1	A	g9216.t2	A
rna-XM_057800350.1	A	g10662.t1	A
rna-XM_057800208.1	A	g7714.t1	A
rna-XM_057799913.1	A	g7715.t1	A
rna-XM_057799912.1	A	g217.t1	A
rna-XM_057799917.1	A	g13548.t2	A
rna-XM_057799919.1	A	g13549.t1	A
rna-XM_057800162.1	A	g6792.t1	A
rna-XM_057800358.1	A	g9988.t1	A
rna-XM_057800400.1	A	g9662.t2	A
rna-XM_057801565.1	A	g9655.t1	A
rna-XM_057800379.1	A	g2239.t1	A
rna-XM_057800657.1	A	g12362.t1	A
rna-XM_057800698.1	A	g5656.t1	A
rna-XM_057800672.1	A	g7004.t1	A
rna-XM_057800212.1	A	g7003.t1	A
rna-XM_057800542.1	A	g12779.t1	A
rna-XM_057800580.1	A	g4296.t1	A
rna-XM_057800581.1	A	g12787.t2	A
rna-XM_057800251.1	A	g11122.t1	A
rna-XM_057800410.1	A	g7324.t1	A
rna-XM_057800413.1	A	g12659.t1	A
rna-XM_057800414.1	A	g12750.t1	A
rna-XM_057800415.1	A	g14573.t1	A
rna-XM_057800420.1	A	g4371.t1	A
rna-XM_057800428.1	A	g11396.t1	A
rna-XM_057800531.1	A	g10341.t1	A
rna-XM_057800532.1	A	g4240.t1	A
rna-XM_057800871.1	A	g10804.t1	A
rna-XM_057799999.1	A	g11441.t2	A
rna-XM_057801593.1	A	g6750.t1	A
rna-XM_057801592.1	A	g6751.t1	A
rna-XM_057801595.1	A	g5151.t1	A
rna-XM_057801594.1	A	g919.t1	A
rna-XM_057800846.1	A	g14675.t1	A
rna-XM_057800483.1	A	g9795.t1	A
rna-XM_057800504.1	A	g9791.t1	A
rna-XM_057800508.1	A	g9790.t1	A
rna-XM_057800507.1	A	g9796.t1	A
rna-XM_057800488.1	A	g9788.t1	A
rna-XM_057800484.1	A	g3785.t1	A
rna-XM_057800486.1	A	g9809.t1	A
rna-XM_057799900.1	A	g532.t1	A
rna-XM_057799902.1	A	g533.t1	A
rna-XM_057800429.1	A	g399.t1	A
rna-XM_057800744.1	A	g5908.t1	A
rna-XM_057800740.1	A	g14114.t1	A
rna-XM_057800741.1	A	g4441.t1	A
rna-XM_057800743.1	A	g4442.t1	A
rna-XM_057800745.1	A	g4443.t1	A
rna-XM_057800749.1	A	g4445.t1	A
rna-XM_057800323.1	A	g4447.t1	A
rna-XM_057800416.1	A	g4446.t1	A
rna-XM_057800431.1	A	g4448.t1	A
rna-XM_057800372.1	A	g3859.t1	A
rna-XM_057800377.1	A	g8809.t1	A
rna-XM_057800376.1	A	g1223.t1	A
rna-XM_057800378.1	A	g3860.t1	A
rna-XM_057800280.1	A	g3646.t1	A
rna-XM_057800412.1	A	g3645.t1	A
rna-XM_057801398.1	A	g2731.t1	A
rna-XM_057800384.1	A	g10145.t1	A
rna-XM_057800640.1	A	g10144.t4	A
rna-XM_057800225.1	A	g4956.t1	A
rna-XM_057800164.1	A	g5140.t1	A
rna-XM_057799823.1	A	g3088.t1	A
rna-XM_057799816.1	A	g14116.t1	A
rna-XM_057799822.1	A	g14104.t1	A
rna-XM_057799820.1	A	g14109.t1	A
rna-XM_057799824.1	A	g7994.t1	A
rna-XM_057801401.1	A	g13374.t1	A
rna-XM_057801571.1	A	g7995.t3	A
rna-XM_057801583.1	A	g7996.t1	A
rna-XM_057801241.1	A	g7914.t2	A
rna-XM_057801242.1	A	g7917.t1	A
rna-XM_057801245.1	A	g7915.t1	A
rna-XM_057801246.1	A	g10268.t1	A
rna-XM_057801255.1	A	g7141.t1	A
rna-XM_057801258.1	A	g10327.t1	A
rna-XM_057801259.1	A	g10295.t2	A
rna-XM_057801261.1	A	g3629.t1	A
rna-XM_057801265.1	A	g8119.t1	A
rna-XM_057801267.1	A	g2333.t1	A
rna-XM_057800003.1	A	g10285.t1	A
rna-XM_057800005.1	A	g2853.t1	X
rna-XM_057800006.1	A	g9552.t1	A
rna-XM_057800016.1	A	g7684.t1	A
rna-XM_057800013.1	A	g11449.t1	A
rna-XM_057800020.1	A	g3897.t1	A
rna-XM_057800023.1	A	g12588.t1	A
rna-XM_057800024.1	A	g2289.t2	A
rna-XM_057800025.1	A	g4987.t1	A
rna-XM_057800026.1	A	g4985.t1	A
rna-XM_057800027.1	A	g4984.t2	A
rna-XM_057800028.1	A	g9164.t1	A
rna-XM_057800029.1	A	g655.t1	A
rna-XM_057800030.1	A	g654.t1	A
rna-XM_057800031.1	A	g1203.t1	A
rna-XM_057800034.1	A	g13499.t1	A
rna-XM_057800036.1	A	g1201.t4	A
rna-XM_057800044.1	A	g1194.t1	A
rna-XM_057800049.1	A	g1202.t1	A
rna-XM_057800050.1	A	g13319.t1	A
rna-XM_057800051.1	A	g7198.t1	A
rna-XM_057800052.1	A	g14070.t1	A
rna-XM_057800053.1	A	g2353.t2	A
rna-XM_057800054.1	A	g9745.t1	A
rna-XM_057801402.1	A	g43.t1	A
rna-XM_057800055.1	A	g5965.t1	A
rna-XM_057800058.1	A	g8044.t1	A
rna-XM_057800060.1	A	g10307.t3	A
rna-XM_057800062.1	A	g10416.t1	A
rna-XM_057800065.1	A	g10300.t1	A
rna-XM_057800067.1	A	g3392.t1	A
rna-XM_057800071.1	A	g9513.t1	A
rna-XM_057800070.1	A	g9514.t1	A
rna-XM_057800075.1	A	g14351.t1	A
rna-XM_057800081.1	A	g9562.t1	A
rna-XM_057800073.1	A	g9555.t1	A
rna-XM_057800074.1	A	g2766.t1	A
rna-XM_057800072.1	A	g2764.t1	A
rna-XM_057800078.1	A	g9560.t1	A
rna-XM_057800079.1	A	g9556.t1	A
rna-XM_057800082.1	A	g9557.t1	A
rna-XM_057800083.1	A	g14309.t1	A
rna-XM_057800085.1	A	g2367.t3	A
rna-XM_057800087.1	A	g14318.t1	A
rna-XM_057800088.1	A	g11878.t1	A
rna-XM_057800086.1	A	g13836.t1	A
rna-XM_057800089.1	A	g13826.t1	A
rna-XM_057800090.1	A	g13840.t1	A
rna-XM_057801403.1	A	g2796.t1	X
rna-XM_057800103.1	A	g12439.t1	A
rna-XM_057800096.1	A	g13822.t1	A
rna-XM_057800100.1	A	g275.t1	A
rna-XM_057800101.1	A	g11969.t1	A
rna-XM_057800107.1	A	g8514.t1	A
rna-XM_057800105.1	A	g6265.t1	A
rna-XM_057800093.1	A	g10886.t1	A
rna-XM_057800109.1	A	g10914.t1	A
rna-XM_057800668.1	A	g8198.t1	A
rna-XM_057800249.1	A	g4356.t2	A
rna-XM_057800337.1	A	g8383.t1	A
rna-XM_057800417.1	A	g8378.t1	A
rna-XM_057799981.1	A	g8377.t2	A
rna-XM_057800538.1	A	g8376.t1	A
rna-XM_057799899.1	A	g2845.t1	X
rna-XM_057800217.1	A	g14069.t2	A
rna-XM_057800795.1	A	g10603.t1	A
rna-XM_057800858.1	A	g12380.t1	A
rna-XM_057799978.1	A	g12377.t1	A
rna-XM_057800663.1	A	g12374.t1	A
rna-XM_057800547.1	A	g12373.t1	A
rna-XM_057801585.1	A	g12370.t1	A
rna-XM_057801589.1	A	g12369.t1	A
rna-XM_057801501.1	A	g3714.t1	A
rna-XM_057801405.1	A	g3943.t1	A
rna-XM_057801502.1	A	g3944.t1	A
rna-XM_057800346.1	A	g6980.t1	A
rna-XM_057800349.1	A	g13073.t1	A
rna-XM_057800344.1	A	g6036.t1	A
rna-XM_057800371.1	A	g6155.t2	A
rna-XM_057800805.1	A	g6154.t1	A
rna-XM_057800772.1	A	g10477.t1	A
rna-XM_057801406.1	A	g9069.t2	A
rna-XM_057800333.1	A	g9068.t1	A
rna-XM_057800000.1	A	g9808.t1	A
rna-XM_057800758.1	A	g9838.t1	A
rna-XM_057800757.1	A	g9842.t1	A
rna-XM_057801026.1	A	g9841.t1	A
rna-XM_057801028.1	A	g10841.t1	A
rna-XM_057801031.1	A	g9807.t1	A
rna-XM_057801032.1	A	g3947.t1	A
rna-XM_057801269.1	A	g5960.t1	A
rna-XM_057801272.1	A	g5961.t1	A
rna-XM_057801274.1	A	g3306.t1	A
rna-XM_057801275.1	A	g3307.t1	A
rna-XM_057801270.1	A	g3308.t1	A
rna-XM_057800790.1	A	g5955.t1	A
rna-XM_057800224.1	A	g1115.t1	A
rna-XM_057800541.1	A	g8386.t1	A
rna-XM_057800539.1	A	g5557.t1	A
rna-XM_057800651.1	A	g3419.t2	A
rna-XM_057800643.1	A	g3428.t1	A
rna-XM_057800679.1	A	g3427.t1	A
rna-XM_057800688.1	A	g3426.t1	A
rna-XM_057801550.1	A	g3044.t1	A
rna-XM_057801549.1	A	g3034.t1	A
rna-XM_057800633.1	A	g8200.t1	A
rna-XM_057800637.1	A	g5765.t1	A
rna-XM_057801410.1	A	g14762.t1	A
rna-XM_057800366.1	A	g5723.t1	A
rna-XM_057801022.1	A	g404.t1	A
rna-XM_057801019.1	A	g7102.t1	A
rna-XM_057801018.1	A	g415.t1	A
rna-XM_057801023.1	A	g572.t1	A
rna-XM_057801412.1	A	g3761.t1	A
rna-XM_057801020.1	A	g2391.t2	A
rna-XM_057800543.1	A	g2393.t1	A
rna-XM_057800546.1	A	g2388.t1	A
rna-XM_057800544.1	A	g10721.t2	A
rna-XM_057800818.1	A	g10720.t1	A
rna-XM_057800587.1	A	g10722.t1	A
rna-XM_057800322.1	A	g6975.t1	A
rna-XM_057800798.1	A	g8863.t1	A
rna-XM_057799939.1	A	g13485.t1	A
rna-XM_057799911.1	A	g886.t1	A
rna-XM_057801233.1	A	g7194.t1	A
rna-XM_057801232.1	A	g7213.t1	A
rna-XM_057801240.1	A	g9191.t1	A
rna-XM_057801235.1	A	g6202.t1	A
rna-XM_057801238.1	A	g3365.t1	A
rna-XM_057801224.1	A	g5800.t1	A
rna-XM_057799996.1	A	g5799.t1	A
rna-XM_057799998.1	A	g5798.t1	A
rna-XM_057800738.1	A	g13246.t1	A
rna-XM_057800999.1	A	g13245.t1	A
rna-XM_057800669.1	A	g13239.t1	A
rna-XM_057800711.1	A	g13244.t2	A
rna-XM_057800710.1	A	g13232.t1	A
rna-XM_057800702.1	A	g4385.t1	A
rna-XM_057800715.1	A	g687.t1	A
rna-XM_057800713.1	A	g686.t1	A
rna-XM_057800714.1	A	g5427.t1	Y
rna-XM_057800716.1	A	g8864.t1	A
rna-XM_057800719.1	A	g8865.t1	A
rna-XM_057800718.1	A	g8866.t2	A
rna-XM_057800721.1	A	g8867.t1	A
rna-XM_057800205.1	A	g8891.t1	A
rna-XM_057800204.1	A	g9721.t1	A
rna-XM_057800200.1	A	g8488.t1	A
rna-XM_057800232.1	A	g9179.t1	A
rna-XM_057800231.1	A	g8410.t1	A
rna-XM_057799897.1	A	g8412.t1	A
rna-XM_057799984.1	A	g9234.t1	A
rna-XM_057799990.1	A	g9083.t1	A
rna-XM_057799983.1	A	g9084.t1	A
rna-XM_057800689.1	A	g9082.t1	A
rna-XM_057800851.1	A	g8406.t1	A
rna-XM_057800409.1	A	g242.t1	A
rna-XM_057799970.1	A	g237.t1	A
rna-XM_057800770.1	A	g240.t1	A
rna-XM_057800868.1	A	g14386.t1	A
rna-XM_057800255.1	A	g9726.t3	A
rna-XM_057800442.1	A	g114.t1	A
rna-XM_057800283.1	A	g117.t1	A
rna-XM_057800665.1	A	g10920.t1	A
rna-XM_057799910.1	A	g10919.t1	A
rna-XM_057799922.1	A	g10918.t1	A
rna-XM_057800380.1	A	g10682.t1	A
rna-XM_057800286.1	A	g10916.t2	A
rna-XM_057800895.1	A	g1167.t1	A
rna-XM_057800896.1	A	g5987.t1	A
rna-XM_057800897.1	A	g5978.t2	A
rna-XM_057800898.1	A	g7807.t1	A
rna-XM_057800901.1	A	g1164.t2	A
rna-XM_057799941.1	A	g1163.t1	A
rna-XM_057801171.1	A	g80.t5	A
rna-XM_057800847.1	A	g81.t1	A
rna-XM_057800478.1	A	g121.t1	A
rna-XM_057800405.1	A	g120.t1	A
rna-XM_057800913.1	A	g13482.t1	A
rna-XM_057800190.1	A	g13461.t1	A
rna-XM_057800189.1	A	g13460.t1	A
rna-XM_057800172.1	A	g8862.t1	A
rna-XM_057800639.1	A	g12337.t1	A
rna-XM_057800402.1	A	g10727.t2	A
rna-XM_057799865.1	A	g8438.t1	A
rna-XM_057801093.1	A	g8436.t1	A
rna-XM_057801116.1	A	g4948.t1	A
rna-XM_057801117.1	A	g1306.t1	A
rna-XM_057801118.1	A	g7608.t1	A
rna-XM_057801119.1	A	g6916.t1	A
rna-XM_057801121.1	A	g6917.t1	A
rna-XM_057801122.1	A	g5802.t1	A
rna-XM_057801124.1	A	g5801.t1	A
rna-XM_057801125.1	A	g11859.t1	A
rna-XM_057801126.1	A	g1018.t1	A
rna-XM_057801129.1	A	g9839.t1	A
rna-XM_057801130.1	A	g7116.t1	A
rna-XM_057801131.1	A	g2647.t1	A
rna-XM_057801132.1	A	g7118.t1	A
rna-XM_057801137.1	A	g7117.t1	A
rna-XM_057801134.1	A	g8519.t1	A
rna-XM_057801138.1	A	g13341.t1	A
rna-XM_057801136.1	A	g14245.t1	A
rna-XM_057801147.1	A	g8433.t1	A
rna-XM_057801153.1	A	g9182.t1	A
rna-XM_057801150.1	A	g14032.t1	A
rna-XM_057801154.1	A	g8943.t1	A
rna-XM_057801148.1	A	g5957.t1	A
rna-XM_057800626.1	A	g4325.t1	A
rna-XM_057799864.1	A	g4326.t1	A
rna-XM_057799929.1	A	g3197.t2	A
rna-XM_057800859.1	A	g4103.t1	A
rna-XM_057800816.1	A	g858.t1	A
rna-XM_057800320.1	A	g857.t2	A
rna-XM_057799856.1	A	g7494.t1	A
rna-XM_057799854.1	A	g4680.t1	A
rna-XM_057799843.1	A	g4504.t1	A
rna-XM_057799845.1	A	g7732.t1	A
rna-XM_057799847.1	A	g11581.t1	A
rna-XM_057799842.1	A	g4521.t1	A
rna-XM_057799850.1	A	g10654.t1	A
rna-XM_057799846.1	A	g9735.t1	A
rna-XM_057799853.1	A	g10715.t1	A
rna-XM_057799851.1	A	g14057.t2	A
rna-XM_057799855.1	A	g465.t1	A
rna-XM_057799835.1	A	g14282.t1	A
rna-XM_057799834.1	A	g10693.t1	A
rna-XM_057799826.1	A	g10692.t1	A
rna-XM_057800359.1	A	g3188.t1	A
rna-XM_057800360.1	A	g3189.t1	A
rna-XM_057800628.1	A	g3191.t1	A
rna-XM_057799940.1	A	g7569.t1	A
rna-XM_057800516.1	A	g3194.t1	A
rna-XM_057800781.1	A	g10865.t1	A
rna-XM_057800775.1	A	g10864.t2	A
rna-XM_057800780.1	A	g10867.t1	A
rna-XM_057800564.1	A	g848.t1	A
rna-XM_057801494.1	A	g13539.t1	A
rna-XM_057801499.1	A	g13538.t1	A
rna-XM_057801493.1	A	g13535.t1	A
rna-XM_057801489.1	A	g13534.t1	A
rna-XM_057801487.1	A	g1094.t1	A
rna-XM_057801500.1	A	g1095.t1	A
rna-XM_057801480.1	A	g680.t1	A
rna-XM_057801479.1	A	g681.t1	A
rna-XM_057801476.1	A	g12351.t1	A
rna-XM_057801477.1	A	g9680.t1	A
rna-XM_057801561.1	A	g12349.t1	A
rna-XM_057801562.1	A	g12348.t1	A
rna-XM_057801563.1	A	g12102.t1	A
rna-XM_057800196.1	A	g5646.t1	A
rna-XM_057800194.1	A	g10694.t1	A
rna-XM_057800521.1	A	g544.t2	A
rna-XM_057800579.1	A	g10178.t1	A
rna-XM_057800472.1	A	g10180.t2	A
rna-XM_057801560.1	A	g1340.t1	A
rna-XM_057801559.1	A	g1339.t1	A
rna-XM_057800206.1	A	g534.t1	A
rna-XM_057800560.1	A	g10006.t1	A
rna-XM_057800473.1	A	g537.t1	A
rna-XM_057800215.1	A	g10024.t1	A
rna-XM_057801423.1	A	g10020.t1	A
rna-XM_057801424.1	A	g3449.t1	A
rna-XM_057800432.1	A	g531.t1	A
rna-XM_057799867.1	A	g6340.t1	A
rna-XM_057799878.1	A	g530.t1	A
rna-XM_057799874.1	A	g4406.t1	A
rna-XM_057799875.1	A	g10238.t1	A
rna-XM_057799882.1	A	g10239.t1	A
rna-XM_057801220.1	A	g8159.t1	A
rna-XM_057801218.1	A	g8254.t1	A
rna-XM_057801211.1	A	g8255.t1	A
rna-XM_057801221.1	A	g218.t1	A
rna-XM_057800518.1	A	g8256.t2	A
rna-XM_057800517.1	A	g3736.t1	A
rna-XM_057800457.1	A	g1099.t1	A
rna-XM_057800456.1	A	g1100.t1	A
rna-XM_057801425.1	A	g8279.t1	A
rna-XM_057800395.1	A	g9075.t1	A
rna-XM_057800272.1	A	g8178.t1	A
rna-XM_057800266.1	A	g8886.t1	A
rna-XM_057800262.1	A	g8524.t2	A
rna-XM_057800264.1	A	g4393.t1	A
rna-XM_057800268.1	A	g6117.t1	A
rna-XM_057800263.1	A	g2040.t1	A
rna-XM_057800275.1	A	g8856.t1	A
rna-XM_057800273.1	A	g8859.t1	A
rna-XM_057800259.1	A	g8860.t1	A
rna-XM_057800260.1	A	g8861.t1	A
rna-XM_057800270.1	A	g8834.t1	A
rna-XM_057800271.1	A	g8835.t1	A
rna-XM_057800240.1	A	g2136.t1	A
rna-XM_057800937.1	A	g12396.t1	A
rna-XM_057800954.1	A	g6976.t1	A
rna-XM_057800956.1	A	g13458.t1	A
rna-XM_057800922.1	A	g13163.t2	A
rna-XM_057800975.1	A	g5996.t1	A
rna-XM_057800930.1	A	g5994.t1	A
rna-XM_057800920.1	A	g6700.t1	A
rna-XM_057800955.1	A	g12443.t1	A
rna-XM_057800921.1	A	g9899.t1	A
rna-XM_057800917.1	A	g2477.t2	A
rna-XM_057800988.1	A	g2478.t1	A
rna-XM_057800984.1	A	g2481.t1	A
rna-XM_057800992.1	A	g2480.t1	A
rna-XM_057800980.1	A	g2482.t1	A
rna-XM_057800964.1	A	g4386.t1	A
rna-XM_057800929.1	A	g9111.t1	A
rna-XM_057800978.1	A	g9112.t1	A
rna-XM_057800991.1	A	g9152.t1	A
rna-XM_057800950.1	A	g9154.t1	A
rna-XM_057800953.1	A	g4388.t2	A
rna-XM_057800958.1	A	g9109.t1	A
rna-XM_057800931.1	A	g9110.t1	A
rna-XM_057800993.1	A	g9108.t1	A
rna-XM_057800998.1	A	g4389.t1	A
rna-XM_057800213.1	A	g4329.t2	A
rna-XM_057800313.1	A	g4330.t1	A
rna-XM_057800369.1	A	g4331.t1	A
rna-XM_057801609.1	A	g4338.t1	A
rna-XM_057801613.1	A	g11154.t1	A
rna-XM_057801612.1	A	g4333.t1	A
rna-XM_057801598.1	A	g4334.t1	A
rna-XM_057799938.1	A	g2387.t1	A
rna-XM_057800441.1	A	g9756.t1	A
rna-XM_057800439.1	A	g1382.t1	A
rna-XM_057800434.1	A	g14467.t1	A
rna-XM_057800440.1	A	g9834.t1	A
rna-XM_057800382.1	A	g1228.t2	A
rna-XM_057800315.1	A	g349.t1	A
rna-XM_057800317.1	A	g14253.t1	A
rna-XM_057800319.1	A	g8170.t1	A
rna-XM_057800433.1	A	g12343.t1	A
rna-XM_057799885.1	A	g14249.t1	A
rna-XM_057800292.1	A	g14248.t1	A
rna-XM_057800309.1	A	g3431.t1	A
rna-XM_057800289.1	A	g8854.t1	A
rna-XM_057800312.1	A	g8855.t1	A
rna-XM_057800310.1	A	g13606.t1	A
rna-XM_057801038.1	A	g1307.t1	A
rna-XM_057801068.1	A	g8520.t1	A
rna-XM_057801034.1	A	g7209.t1	A
rna-XM_057801082.1	A	g7204.t1	A
rna-XM_057801051.1	A	g7203.t1	A
rna-XM_057801049.1	A	g8177.t1	A
rna-XM_057801036.1	A	g11607.t1	A
rna-XM_057801043.1	A	g12644.t1	A
rna-XM_057801042.1	A	g4392.t1	A
rna-XM_057801061.1	A	g4391.t4	A
rna-XM_057801074.1	A	g14763.t1	A
rna-XM_057801053.1	A	g9114.t1	A
rna-XM_057801086.1	A	g9113.t1	A
rna-XM_057801080.1	A	g9115.t1	A
rna-XM_057801087.1	A	g9120.t1	A
rna-XM_057801037.1	A	g9118.t2	A
rna-XM_057801052.1	A	g9129.t1	A
rna-XM_057801071.1	A	g9128.t1	A
rna-XM_057801084.1	A	g10988.t1	A
rna-XM_057801089.1	A	g9104.t1	A
rna-XM_057801047.1	A	g9103.t1	A
rna-XM_057801076.1	A	g9124.t1	A
rna-XM_057801085.1	A	g9123.t1	A
rna-XM_057801059.1	A	g9121.t1	A
rna-XM_057801075.1	A	g1553.t1	X
rna-XM_057801073.1	A	g5993.t1	A
rna-XM_057801054.1	A	g13164.t1	A
rna-XM_057801069.1	A	g1308.t3	A
rna-XM_057801091.1	A	g1310.t1	A
rna-XM_057800281.1	A	g1309.t1	A
rna-XM_057800654.1	A	g10888.t1	A
rna-XM_057801596.1	A	g13725.t1	A
rna-XM_057800820.1	A	g10885.t1	A
rna-XM_057800824.1	A	g10911.t1	A
rna-XM_057800828.1	A	g9763.t1	A
rna-XM_057800825.1	A	g10741.t2	A
rna-XM_057800829.1	A	g10740.t1	A
rna-XM_057800834.1	A	g8024.t1	A
rna-XM_057800830.1	A	g9723.t1	A
rna-XM_057800837.1	A	g9223.t2	A
rna-XM_057800383.1	A	g12869.t1	A
rna-XM_057800403.1	A	g9908.t1	A
rna-XM_057801371.1	A	g9526.t1	A
rna-XM_057801372.1	A	g10725.t1	A
rna-XM_057800399.1	A	g10724.t1	A
rna-XM_057800398.1	A	g14033.t1	A
rna-XM_057800223.1	A	g14073.t1	A
rna-XM_057800753.1	A	g9907.t1	A
rna-XM_057801503.1	A	g9528.t1	A
rna-XM_057801504.1	A	g2362.t2	A
rna-XM_057801505.1	A	g1277.t1	A
rna-XM_057801506.1	A	g9898.t1	A
rna-XM_057801507.1	A	g9530.t1	A
rna-XM_057801509.1	A	g10714.t1	A
rna-XM_057801510.1	A	g3819.t1	A
rna-XM_057801511.1	A	g9900.t1	A
rna-XM_057801516.1	A	g14397.t1	A
rna-XM_057801540.1	A	g10411.t1	A
rna-XM_057801538.1	A	g14074.t1	A
rna-XM_057801527.1	A	g4400.t1	A
rna-XM_057801547.1	A	g14078.t1	A
rna-XM_057801539.1	A	g4399.t1	A
rna-XM_057801518.1	A	g14075.t1	A
rna-XM_057801522.1	A	g14076.t1	A
rna-XM_057801546.1	A	g11365.t1	A
rna-XM_057801542.1	A	g5651.t1	A
rna-XM_057801526.1	A	g12146.t1	A
rna-XM_057801528.1	A	g5662.t1	A
rna-XM_057801543.1	A	g12164.t1	A
rna-XM_057801530.1	A	g126.t1	A
rna-XM_057801545.1	A	g10408.t3	A
rna-XM_057800157.1	A	g11323.t1	A
rna-XM_057800119.1	A	g4401.t1	A
rna-XM_057800132.1	A	g4425.t1	A
rna-XM_057800146.1	A	g4424.t1	A
rna-XM_057800137.1	A	g9826.t1	A
rna-XM_057800130.1	A	g2443.t1	A
rna-XM_057800129.1	A	g6189.t1	A
rna-XM_057800112.1	A	g6191.t3	A
rna-XM_057800138.1	A	g950.t2	A
rna-XM_057800159.1	A	g940.t1	A
rna-XM_057800128.1	A	g2489.t1	A
rna-XM_057800152.1	A	g13721.t1	A
rna-XM_057800121.1	A	g6575.t1	A
rna-XM_057800140.1	A	g161.t1	A
rna-XM_057800142.1	A	g3327.t1	A
rna-XM_057800470.1	A	g12312.t1	A
rna-XM_057800331.1	A	g13806.t1	A
rna-XM_057800850.1	A	g860.t1	A
rna-XM_057800690.1	A	g9550.t1	A
rna-XM_057801167.1	A	g11980.t1	A
rna-XM_057801163.1	A	g13854.t1	A
rna-XM_057801169.1	A	g3328.t1	A
rna-XM_057802357.1	A	g13149.t1	A
rna-XM_057803260.1	A	g13147.t1	A
rna-XM_057803267.1	A	g13150.t2	A
rna-XM_057803259.1	A	g6918.t1	A
rna-XM_057803266.1	A	g7028.t2	A
rna-XM_057803249.1	A	g7027.t2	A
rna-XM_057802394.1	A	g7013.t1	A
rna-XM_057802276.1	A	g13710.t1	A
rna-XM_057803412.1	A	g14020.t1	A
rna-XM_057803851.1	A	g5650.t1	A
rna-XM_057803852.1	A	g14051.t1	A
rna-XM_057801995.1	A	g636.t1	A
rna-XM_057802211.1	A	g725.t2	A
rna-XM_057801911.1	A	g1063.t1	A
rna-XM_057801917.1	A	g625.t2	A
rna-XM_057801913.1	A	g1064.t2	A
rna-XM_057802322.1	A	g623.t1	A
rna-XM_057802273.1	A	g213.t1	A
rna-XM_057803269.1	A	g14048.t1	A
rna-XM_057803278.1	A	g12129.t1	A
rna-XM_057803276.1	A	g13542.t2	A
rna-XM_057803268.1	A	g6227.t1	A
rna-XM_057803609.1	A	g12363.t1	A
rna-XM_057803630.1	A	g7844.t1	A
rna-XM_057801755.1	A	g13543.t1	A
rna-XM_057801754.1	A	g14045.t1	A
rna-XM_057802580.1	A	g8526.t4	A
rna-XM_057802214.1	A	g10608.t3	A
rna-XM_057803507.1	A	g9410.t1	A
rna-XM_057803506.1	A	g14047.t1	A
rna-XM_057803508.1	A	g9401.t1	A
rna-XM_057803509.1	A	g5580.t1	A
rna-XM_057803521.1	A	g2510.t2	A
rna-XM_057802200.1	A	g2303.t1	A
rna-XM_057803829.1	A	g1169.t1	A
rna-XM_057803822.1	A	g14624.t1	A
rna-XM_057803830.1	A	g2151.t1	A
rna-XM_057803832.1	A	g12850.t1	A
rna-XM_057803831.1	A	g14361.t1	A
rna-XM_057803838.1	A	g8489.t2	A
rna-XM_057801620.1	A	g724.t1	A
rna-XM_057801616.1	A	g723.t1	A
rna-XM_057801621.1	A	g8895.t1	A
rna-XM_057801627.1	A	g1265.t1	A
rna-XM_057801628.1	A	g1266.t1	A
rna-XM_057802640.1	A	g1264.t2	A
rna-XM_057802639.1	A	g1263.t1	A
rna-XM_057802060.1	A	g1262.t1	A
rna-XM_057802328.1	A	g10296.t2	A
rna-XM_057802324.1	A	g5244.t2	A
rna-XM_057801890.1	A	g8354.t1	A
rna-XM_057801758.1	A	g2296.t1	A
rna-XM_057801711.1	A	g9904.t1	A
rna-XM_057801712.1	A	g9905.t1	A
rna-XM_057801717.1	A	g2625.t1	A
rna-XM_057801714.1	A	g920.t2	A
rna-XM_057802670.1	A	g6228.t2	A
rna-XM_057801940.1	A	g5880.t1	A
rna-XM_057802600.1	A	g1355.t1	A
rna-XM_057803414.1	A	g1354.t1	A
rna-XM_057803417.1	A	g8070.t2	A
rna-XM_057803428.1	A	g8072.t1	A
rna-XM_057803416.1	A	g8069.t1	A
rna-XM_057802400.1	A	g8385.t1	A
rna-XM_057802163.1	A	g13044.t1	A
rna-XM_057802164.1	A	g5717.t1	A
rna-XM_057801919.1	A	g5716.t1	A
rna-XM_057801941.1	A	g8320.t2	A
rna-XM_057801928.1	A	g7742.t1	A
rna-XM_057802235.1	A	g8302.t3	A
rna-XM_057801878.1	A	g254.t1	A
rna-XM_057801873.1	A	g4007.t1	A
rna-XM_057801879.1	A	g8301.t1	A
rna-XM_057803494.1	A	g8300.t1	A
rna-XM_057803495.1	A	g8061.t1	A
rna-XM_057803496.1	A	g2335.t1	A
rna-XM_057802608.1	A	g2332.t1	A
rna-XM_057802612.1	A	g14445.t1	A
rna-XM_057802616.1	A	g11993.t1	A
rna-XM_057802618.1	A	g11999.t1	A
rna-XM_057803725.1	A	g11737.t1	A
rna-XM_057803717.1	A	g11736.t2	A
rna-XM_057803726.1	A	g12763.t1	A
rna-XM_057803727.1	A	g12762.t1	A
rna-XM_057802513.1	A	g12761.t1	A
rna-XM_057802154.1	A	g12760.t1	A
rna-XM_057802306.1	A	g6617.t1	A
rna-XM_057803460.1	A	g4939.t1	A
rna-XM_057803457.1	A	g4940.t1	A
rna-XM_057803459.1	A	g2725.t1	A
rna-XM_057803455.1	A	g8067.t1	A
rna-XM_057803297.1	A	g10491.t1	A
rna-XM_057803290.1	A	g4130.t1	A
rna-XM_057802401.1	A	g2727.t1	A
rna-XM_057803298.1	A	g1751.t1	A
rna-XM_057803292.1	A	g2728.t1	A
rna-XM_057803295.1	A	g3613.t1	A
rna-XM_057802037.1	A	g2736.t2	A
rna-XM_057803072.1	A	g9643.t1	A
rna-XM_057803075.1	A	g3615.t1	A
rna-XM_057803082.1	A	g3618.t1	A
rna-XM_057803078.1	A	g3599.t1	A
rna-XM_057803083.1	A	g3598.t1	A
rna-XM_057803085.1	A	g3597.t1	A
rna-XM_057803087.1	A	g12580.t1	A
rna-XM_057803089.1	A	g3614.t1	A
rna-XM_057803090.1	A	g5086.t1	A
rna-XM_057803091.1	A	g6331.t1	A
rna-XM_057803101.1	A	g6332.t1	A
rna-XM_057803099.1	A	g3388.t1	A
rna-XM_057803097.1	A	g5769.t1	A
rna-XM_057803102.1	A	g4733.t1	A
rna-XM_057803103.1	A	g9993.t1	A
rna-XM_057803105.1	A	g4732.t1	A
rna-XM_057803119.1	A	g4729.t2	A
rna-XM_057803121.1	A	g8914.t1	A
rna-XM_057803123.1	A	g6337.t1	A
rna-XM_057803125.1	A	g11205.t1	A
rna-XM_057803127.1	A	g11208.t1	A
rna-XM_057803131.1	A	g1260.t1	A
rna-XM_057803136.1	A	g6442.t1	A
rna-XM_057803148.1	A	g6444.t1	A
rna-XM_057803141.1	A	g11219.t1	A
rna-XM_057803139.1	A	g11218.t1	A
rna-XM_057803142.1	A	g10386.t1	A
rna-XM_057803153.1	A	g11215.t1	A
rna-XM_057803145.1	A	g11211.t1	A
rna-XM_057803147.1	A	g361.t1	A
rna-XM_057803155.1	A	g7764.t2	A
rna-XM_057802234.1	A	g359.t1	A
rna-XM_057802230.1	A	g360.t2	A
rna-XM_057802232.1	A	g14639.t1	A
rna-XM_057802849.1	A	g8216.t1	A
rna-XM_057802851.1	A	g8217.t1	A
rna-XM_057802850.1	A	g8218.t1	A
rna-XM_057802855.1	A	g7762.t2	A
rna-XM_057802857.1	A	g8214.t1	A
rna-XM_057802859.1	A	g3716.t1	A
rna-XM_057802858.1	A	g12298.t1	A
rna-XM_057802404.1	A	g5821.t2	A
rna-XM_057802624.1	A	g5814.t1	A
rna-XM_057802629.1	A	g10555.t1	A
rna-XM_057802631.1	A	g10551.t1	A
rna-XM_057802634.1	A	g3139.t1	A
rna-XM_057802635.1	A	g2860.t1	X
rna-XM_057802636.1	A	g8080.t1	A
rna-XM_057802633.1	A	g9394.t1	A
rna-XM_057801686.1	A	g8082.t1	A
rna-XM_057801680.1	A	g7971.t1	A
rna-XM_057801661.1	A	g7968.t1	A
rna-XM_057801697.1	A	g14733.t1	A
rna-XM_057801692.1	A	g9414.t1	A
rna-XM_057801700.1	A	g9210.t1	A
rna-XM_057801678.1	A	g10110.t1	A
rna-XM_057801668.1	A	g10530.t1	A
rna-XM_057801699.1	A	g10529.t1	A
rna-XM_057801696.1	A	g3718.t1	A
rna-XM_057801705.1	A	g11561.t1	A
rna-XM_057801703.1	A	g3655.t1	A
rna-XM_057801676.1	A	g3653.t1	A
rna-XM_057801695.1	A	g3659.t1	A
rna-XM_057801671.1	A	g3657.t2	A
rna-XM_057801685.1	A	g3651.t1	A
rna-XM_057801675.1	A	g3652.t1	A
rna-XM_057801691.1	A	g3763.t1	A
rna-XM_057801701.1	A	g3762.t1	A
rna-XM_057801704.1	A	g3661.t1	A
rna-XM_057801658.1	A	g9451.t1	A
rna-XM_057802594.1	A	g1749.t1	A
rna-XM_057802068.1	A	g5772.t1	A
rna-XM_057802522.1	A	g5771.t2	A
rna-XM_057802523.1	A	g6295.t2	A
rna-XM_057802469.1	A	g5773.t1	A
rna-XM_057802480.1	A	g5813.t1	A
rna-XM_057802470.1	A	g6299.t1	A
rna-XM_057802467.1	A	g226.t1	A
rna-XM_057802482.1	A	g7465.t1	X
rna-XM_057802473.1	A	g6294.t2	A
rna-XM_057802472.1	A	g14291.t2	A
rna-XM_057802483.1	A	g14290.t1	A
rna-XM_057801657.1	A	g5812.t1	A
rna-XM_057801655.1	A	g6298.t1	A
rna-XM_057801656.1	A	g7378.t1	A
rna-XM_057803437.1	A	g5102.t2	A
rna-XM_057801908.1	A	g13901.t1	A
rna-XM_057802593.1	A	g9743.t1	A
rna-XM_057803448.1	A	g2753.t1	A
rna-XM_057801872.1	A	g7741.t1	A
rna-XM_057801764.1	A	g8109.t1	A
rna-XM_057802652.1	A	g3997.t1	A
rna-XM_057802832.1	A	g8110.t1	A
rna-XM_057803710.1	A	g8113.t1	A
rna-XM_057803702.1	A	g8114.t1	A
rna-XM_057802296.1	A	g8117.t1	A
rna-XM_057802150.1	A	g8118.t1	A
rna-XM_057802149.1	A	g8120.t1	A
rna-XM_057802655.1	A	g8121.t1	A
rna-XM_057803818.1	A	g8075.t1	A
rna-XM_057802071.1	A	g2614.t1	A
rna-XM_057802158.1	A	g12622.t1	A
rna-XM_057802201.1	A	g10923.t1	A
rna-XM_057802646.1	A	g7932.t1	A
rna-XM_057802648.1	A	g9007.t1	A
rna-XM_057803445.1	A	g7931.t1	A
rna-XM_057803442.1	A	g7925.t1	A
rna-XM_057803447.1	A	g9920.t2	A
rna-XM_057802040.1	A	g10924.t1	A
rna-XM_057802313.1	A	g13989.t1	A
rna-XM_057801986.1	A	g12618.t1	A
rna-XM_057801730.1	A	g4926.t1	A
rna-XM_057801886.1	A	g11085.t1	A
rna-XM_057802493.1	A	g11084.t1	A
rna-XM_057803014.1	A	g11083.t1	A
rna-XM_057803017.1	A	g10153.t1	A
rna-XM_057803020.1	A	g11113.t1	A
rna-XM_057803021.1	A	g12621.t1	A
rna-XM_057803019.1	A	g13136.t1	A
rna-XM_057803016.1	A	g13137.t1	A
rna-XM_057801947.1	A	g13139.t4	A
rna-XM_057801956.1	A	g4414.t1	A
rna-XM_057802059.1	A	g13144.t1	A
rna-XM_057802356.1	A	g13145.t1	A
rna-XM_057803023.1	A	g13034.t1	A
rna-XM_057803035.1	A	g960.t1	A
rna-XM_057803032.1	A	g13033.t1	A
rna-XM_057803033.1	A	g13562.t1	A
rna-XM_057803027.1	A	g13563.t1	A
rna-XM_057802278.1	A	g3845.t1	A
rna-XM_057802277.1	A	g13581.t1	A
rna-XM_057803843.1	A	g13580.t1	A
rna-XM_057802575.1	A	g13561.t1	A
rna-XM_057802605.1	A	g13644.t1	A
rna-XM_057802607.1	A	g3142.t1	A
rna-XM_057802578.1	A	g3141.t1	A
rna-XM_057802577.1	A	g13199.t1	A
rna-XM_057802542.1	A	g12854.t1	A
rna-XM_057802543.1	A	g13193.t1	A
rna-XM_057802570.1	A	g13194.t1	A
rna-XM_057802499.1	A	g13197.t1	A
rna-XM_057803700.1	A	g13198.t1	A
rna-XM_057801882.1	A	g11242.t1	A
rna-XM_057801884.1	A	g12879.t1	A
rna-XM_057801883.1	A	g13583.t1	A
rna-XM_057802837.1	A	g9660.t1	A
rna-XM_057802838.1	A	g9661.t3	A
rna-XM_057802839.1	A	g9671.t1	A
rna-XM_057802842.1	A	g6840.t1	A
rna-XM_057801881.1	A	g1002.t1	A
rna-XM_057802656.1	A	g7149.t1	A
rna-XM_057801937.1	A	g7150.t1	A
rna-XM_057802315.1	A	g7155.t1	A
rna-XM_057802316.1	A	g7154.t1	A
rna-XM_057802317.1	A	g7153.t1	A
rna-XM_057802318.1	A	g8405.t1	A
rna-XM_057802319.1	A	g8456.t1	A
rna-XM_057801761.1	A	g11079.t1	A
rna-XM_057802460.1	A	g8466.t1	A
rna-XM_057802666.1	A	g8469.t1	A
rna-XM_057802997.1	A	g13504.t1	A
rna-XM_057803002.1	A	g5028.t1	A
rna-XM_057803003.1	A	g13506.t1	A
rna-XM_057802135.1	A	g5027.t1	A
rna-XM_057802139.1	A	g5026.t1	A
rna-XM_057802138.1	A	g13043.t1	A
rna-XM_057802144.1	A	g13042.t1	A
rna-XM_057802140.1	A	g13041.t1	A
rna-XM_057802142.1	A	g13040.t1	A
rna-XM_057802131.1	A	g13039.t1	A
rna-XM_057802495.1	A	g14611.t1	A
rna-XM_057802137.1	A	g13037.t1	A
rna-XM_057802113.1	A	g13030.t1	A
rna-XM_057803790.1	A	g13031.t1	A
rna-XM_057803607.1	A	g6637.t4	A
rna-XM_057803608.1	A	g6534.t1	A
rna-XM_057802049.1	A	g6533.t1	A
rna-XM_057802016.1	A	g9878.t1	A
rna-XM_057802014.1	A	g14814.t1	A
rna-XM_057801747.1	A	g6641.t1	A
rna-XM_057802268.1	A	g6644.t1	A
rna-XM_057803441.1	A	g6544.t1	A
rna-XM_057801653.1	A	g6403.t1	A
rna-XM_057801652.1	A	g6402.t1	A
rna-XM_057801654.1	A	g13574.t1	A
rna-XM_057802247.1	A	g13450.t1	A
rna-XM_057802239.1	A	g9663.t2	A
rna-XM_057802427.1	A	g9877.t1	A
rna-XM_057802416.1	A	g9889.t2	A
rna-XM_057802429.1	A	g9879.t1	A
rna-XM_057802423.1	A	g1379.t1	A
rna-XM_057802438.1	A	g9666.t2	A
rna-XM_057802437.1	A	g13568.t1	A
rna-XM_057802431.1	A	g6375.t1	A
rna-XM_057802418.1	A	g6376.t1	A
rna-XM_057802413.1	A	g9880.t1	A
rna-XM_057802865.1	A	g3442.t1	A
rna-XM_057802382.1	A	g6380.t1	A
rna-XM_057802619.1	A	g6379.t1	A
rna-XM_057802539.1	A	g6378.t1	A
rna-XM_057803745.1	A	g9664.t1	A
rna-XM_057802662.1	A	g1971.t1	A
rna-XM_057802555.1	A	g13417.t1	A
rna-XM_057802027.1	A	g12415.t1	A
rna-XM_057801647.1	A	g12414.t1	A
rna-XM_057801649.1	A	g12412.t2	A
rna-XM_057802654.1	A	g3702.t1	A
rna-XM_057802349.1	A	g3904.t1	A
rna-XM_057803604.1	A	g6906.t2	A
rna-XM_057802090.1	A	g6346.t1	A
rna-XM_057803659.1	A	g5975.t1	A
rna-XM_057803654.1	A	g6697.t1	A
rna-XM_057803660.1	A	g6696.t1	A
rna-XM_057803664.1	A	g3401.t1	A
rna-XM_057803669.1	A	g14082.t1	A
rna-XM_057803670.1	A	g14083.t1	A
rna-XM_057803672.1	A	g14085.t1	A
rna-XM_057801725.1	A	g10043.t1	A
rna-XM_057801939.1	A	g923.t1	A
rna-XM_057802388.1	A	g9881.t1	A
rna-XM_057802173.1	A	g14092.t1	A
rna-XM_057803218.1	A	g14090.t1	A
rna-XM_057803226.1	A	g14089.t1	A
rna-XM_057803229.1	A	g14088.t3	A
rna-XM_057803211.1	A	g14087.t3	A
rna-XM_057803235.1	A	g9884.t1	A
rna-XM_057803238.1	A	g10156.t1	A
rna-XM_057803228.1	A	g9682.t1	A
rna-XM_057803222.1	A	g9683.t1	A
rna-XM_057803223.1	A	g9684.t1	A
rna-XM_057803217.1	A	g9679.t1	A
rna-XM_057802376.1	A	g10203.t1	A
rna-XM_057802375.1	A	g10204.t2	A
rna-XM_057802175.1	A	g10205.t1	A
rna-XM_057803201.1	A	g10206.t1	A
rna-XM_057803191.1	A	g10209.t1	A
rna-XM_057801706.1	A	g10217.t1	A
rna-XM_057801709.1	A	g10219.t1	A
rna-XM_057802562.1	A	g10220.t1	A
rna-XM_057802566.1	A	g10218.t1	A
rna-XM_057802152.1	A	g10155.t1	A
rna-XM_057802321.1	A	g10305.t1	A
rna-XM_057803189.1	A	g12938.t2	A
rna-XM_057803178.1	A	g9864.t2	A
rna-XM_057803188.1	A	g14081.t1	A
rna-XM_057803182.1	A	g14080.t1	A
rna-XM_057803177.1	A	g14079.t1	A
rna-XM_057803157.1	A	g1330.t1	A
rna-XM_057803405.1	A	g1329.t1	A
rna-XM_057803406.1	A	g1328.t1	A
rna-XM_057803398.1	A	g1327.t1	A
rna-XM_057802165.1	A	g10122.t1	A
rna-XM_057802167.1	A	g10125.t1	A
rna-XM_057802026.1	A	g10126.t3	A
rna-XM_057802092.1	A	g10128.t1	A
rna-XM_057802022.1	A	g10249.t1	A
rna-XM_057802109.1	A	g10247.t1	A
rna-XM_057802355.1	A	g10246.t1	A
rna-XM_057802558.1	A	g10245.t1	A
rna-XM_057802554.1	A	g10244.t1	A
rna-XM_057802830.1	A	g1348.t1	A
rna-XM_057802831.1	A	g1349.t1	A
rna-XM_057802266.1	A	g1351.t1	A
rna-XM_057802267.1	A	g1350.t1	A
rna-XM_057802813.1	A	g5942.t2	A
rna-XM_057802814.1	A	g2577.t3	A
rna-XM_057802237.1	A	g3471.t1	A
rna-XM_057802091.1	A	g3470.t1	A
rna-XM_057803012.1	A	g4562.t1	A
rna-XM_057802384.1	A	g3482.t1	A
rna-XM_057802442.1	A	g3483.t1	A
rna-XM_057802552.1	A	g3486.t1	A
rna-XM_057802551.1	A	g11227.t1	A
rna-XM_057803793.1	A	g6203.t1	A
rna-XM_057803794.1	A	g5879.t1	A
rna-XM_057803797.1	A	g5878.t1	A
rna-XM_057802176.1	A	g11214.t1	A
rna-XM_057802185.1	A	g11212.t1	A
rna-XM_057802184.1	A	g12101.t1	A
rna-XM_057802181.1	A	g880.t1	A
rna-XM_057802187.1	A	g3157.t1	A
rna-XM_057802195.1	A	g5330.t1	A
rna-XM_057803322.1	A	g13333.t1	A
rna-XM_057803324.1	A	g8699.t1	A
rna-XM_057801963.1	A	g7205.t1	A
rna-XM_057801965.1	A	g14031.t2	A
rna-XM_057801966.1	A	g11586.t1	A
rna-XM_057801967.1	A	g13313.t2	A
rna-XM_057801968.1	A	g14064.t1	A
rna-XM_057801971.1	A	g4418.t1	A
rna-XM_057801969.1	A	g3820.t1	A
rna-XM_057801972.1	A	g6134.t1	A
rna-XM_057801973.1	A	g4426.t2	A
rna-XM_057801975.1	A	g14060.t1	A
rna-XM_057801978.1	A	g14065.t1	A
rna-XM_057801980.1	A	g7196.t1	A
rna-XM_057801981.1	A	g7197.t1	A
rna-XM_057802100.1	A	g14061.t1	A
rna-XM_057801999.1	A	g14030.t1	A
rna-XM_057803175.1	A	g14059.t2	A
rna-XM_057803174.1	A	g12205.t1	A
rna-XM_057803176.1	A	g883.t1	A
rna-XM_057803169.1	A	g5333.t1	A
rna-XM_057803170.1	A	g4580.t1	A
rna-XM_057802041.1	A	g10861.t1	A
rna-XM_057802641.1	A	g743.t1	A
rna-XM_057802153.1	A	g742.t2	A
rna-XM_057803162.1	A	g7133.t1	A
rna-XM_057803166.1	A	g3259.t1	A
rna-XM_057803158.1	A	g7136.t1	A
rna-XM_057803159.1	A	g4518.t1	A
rna-XM_057803167.1	A	g3776.t2	A
rna-XM_057801766.1	A	g3773.t2	A
rna-XM_057801769.1	A	g6283.t1	A
rna-XM_057801773.1	A	g3766.t1	A
rna-XM_057801778.1	A	g4517.t1	A
rna-XM_057803331.1	A	g4516.t1	A
rna-XM_057803332.1	A	g4515.t1	A
rna-XM_057801779.1	A	g4514.t1	A
rna-XM_057801781.1	A	g7905.t1	A
rna-XM_057801786.1	A	g5090.t1	A
rna-XM_057801787.1	A	g9746.t1	A
rna-XM_057801790.1	A	g7390.t1	A
rna-XM_057801795.1	A	g14226.t1	A
rna-XM_057801797.1	A	g14787.t1	A
rna-XM_057801799.1	A	g7368.t1	A
rna-XM_057801801.1	A	g7366.t1	A
rna-XM_057801802.1	A	g7521.t1	A
rna-XM_057801804.1	A	g13659.t1	A
rna-XM_057801803.1	A	g12625.t1	A
rna-XM_057801805.1	A	g7532.t1	A
rna-XM_057801807.1	A	g10849.t1	A
rna-XM_057801810.1	A	g14241.t1	A
rna-XM_057801808.1	A	g14242.t1	A
rna-XM_057801812.1	A	g13262.t1	A
rna-XM_057801814.1	A	g5664.t1	A
rna-XM_057801820.1	A	g3515.t1	A
rna-XM_057801818.1	A	g7357.t1	A
rna-XM_057801821.1	A	g3548.t1	A
rna-XM_057801825.1	A	g3096.t1	A
rna-XM_057801824.1	A	g5310.t1	A
rna-XM_057801828.1	A	g3551.t1	A
rna-XM_057801831.1	A	g9372.t1	A
rna-XM_057801835.1	A	g9373.t1	A
rna-XM_057801836.1	A	g5358.t1	A
rna-XM_057801837.1	A	g4808.t3	A
rna-XM_057801838.1	A	g216.t1	A
rna-XM_057801847.1	A	g4845.t1	A
rna-XM_057801839.1	A	g4803.t1	A
rna-XM_057801849.1	A	g2748.t1	A
rna-XM_057801848.1	A	g4843.t1	A
rna-XM_057801844.1	A	g2744.t2	A
rna-XM_057801846.1	A	g4810.t1	A
rna-XM_057801858.1	A	g4809.t3	A
rna-XM_057801851.1	A	g4844.t1	A
rna-XM_057801854.1	A	g14173.t2	A
rna-XM_057801862.1	A	g9567.t2	A
rna-XM_057801861.1	A	g2941.t1	A
rna-XM_057801863.1	A	g9565.t1	A
rna-XM_057801864.1	A	g9564.t1	A
rna-XM_057801865.1	A	g13669.t1	A
rna-XM_057801870.1	A	g13682.t1	A
rna-XM_057801871.1	A	g9578.t1	A
rna-XM_057802826.1	A	g7511.t1	A
rna-XM_057802248.1	A	g9579.t1	A
rna-XM_057803005.1	A	g4531.t1	A
rna-XM_057803338.1	A	g4535.t1	A
rna-XM_057803763.1	A	g755.t1	A
rna-XM_057802572.1	A	g756.t1	A
rna-XM_057802573.1	A	g757.t1	A
rna-XM_057802589.1	A	g8846.t2	A
rna-XM_057802587.1	A	g8847.t1	A
rna-XM_057803767.1	A	g805.t1	A
rna-XM_057802074.1	A	g3153.t2	A
rna-XM_057802072.1	A	g804.t1	A
rna-XM_057802077.1	A	g6994.t1	A
rna-XM_057802075.1	A	g8179.t1	A
rna-XM_057802076.1	A	g3155.t1	A
rna-XM_057802081.1	A	g3154.t2	A
rna-XM_057803753.1	A	g11635.t1	A
rna-XM_057803754.1	A	g11625.t1	A
rna-XM_057803755.1	A	g11626.t1	A
rna-XM_057803751.1	A	g2166.t1	A
rna-XM_057803752.1	A	g11627.t1	A
rna-XM_057803747.1	A	g11624.t1	A
rna-XM_057801727.1	A	g11630.t1	A
rna-XM_057801726.1	A	g11632.t1	A
rna-XM_057802067.1	A	g11645.t1	A
rna-XM_057802406.1	A	g11643.t1	A
rna-XM_057802274.1	A	g3569.t1	A
rna-XM_057803472.1	A	g13709.t1	A
rna-XM_057803475.1	A	g11623.t1	A
rna-XM_057803491.1	A	g6509.t1	A
rna-XM_057803473.1	A	g1424.t1	X
rna-XM_057803478.1	A	g11646.t1	A
rna-XM_057803465.1	A	g11647.t1	A
rna-XM_057803476.1	A	g11648.t1	A
rna-XM_057803339.1	A	g11649.t1	A
rna-XM_057803492.1	A	g3156.t1	A
rna-XM_057803485.1	A	g6211.t1	A
rna-XM_057803489.1	A	g9744.t1	A
rna-XM_057803481.1	A	g6212.t1	A
rna-XM_057803477.1	A	g13596.t1	A
rna-XM_057803479.1	A	g13597.t1	A
rna-XM_057803490.1	A	g9494.t1	A
rna-XM_057803484.1	A	g7127.t1	A
rna-XM_057803480.1	A	g7126.t1	A
rna-XM_057803486.1	A	g7125.t1	A
rna-XM_057802378.1	A	g13387.t2	A
rna-XM_057802023.1	A	g7128.t1	A
rna-XM_057802084.1	A	g7130.t1	A
rna-XM_057802360.1	A	g7132.t1	A
rna-XM_057802364.1	A	g7960.t1	A
rna-XM_057802363.1	A	g741.t1	A
rna-XM_057803737.1	A	g5794.t2	A
rna-XM_057803744.1	A	g3341.t1	A
rna-XM_057803743.1	A	g6912.t2	A
rna-XM_057803742.1	A	g14348.t1	A
rna-XM_057803740.1	A	g3344.t1	A
rna-XM_057803733.1	A	g6920.t1	A
rna-XM_057803735.1	A	g4490.t1	A
rna-XM_057803728.1	A	g1127.t1	A
rna-XM_057802106.1	A	g11755.t1	A
rna-XM_057803848.1	A	g11849.t1	A
rna-XM_057803395.1	A	g14191.t1	A
rna-XM_057802822.1	A	g2284.t1	A
rna-XM_057803341.1	A	g3741.t1	A
rna-XM_057802604.1	A	g115.t1	A
rna-XM_057802603.1	A	g7012.t1	A
rna-XM_057803872.1	A	g13218.t1	A
rna-XM_057801743.1	A	g14164.t1	A
rna-XM_057802449.1	A	g14150.t3	A
rna-XM_057802452.1	A	g14151.t1	A
rna-XM_057802203.1	A	g14154.t1	A
rna-XM_057803787.1	A	g14153.t2	A
rna-XM_057802280.1	A	g13653.t1	A
rna-XM_057802281.1	A	g985.t1	A
rna-XM_057802282.1	A	g13845.t1	A
rna-XM_057801920.1	A	g12278.t2	A
rna-XM_057803342.1	A	g12277.t1	A
rna-XM_057801946.1	A	g3182.t1	A
rna-XM_057802146.1	A	g3181.t1	A
rna-XM_057803679.1	A	g3180.t1	A
rna-XM_057803682.1	A	g3179.t1	A
rna-XM_057803681.1	A	g10681.t1	A
rna-XM_057803683.1	A	g5562.t1	A
rna-XM_057803770.1	A	g5945.t2	A
rna-XM_057802821.1	A	g5946.t1	A
rna-XM_057803049.1	A	g4774.t1	A
rna-XM_057803055.1	A	g4221.t1	A
rna-XM_057803059.1	A	g4218.t1	A
rna-XM_057803042.1	A	g14495.t1	A
rna-XM_057803065.1	A	g4008.t1	A
rna-XM_057803044.1	A	g3733.t1	A
rna-XM_057803046.1	A	g6871.t1	A
rna-XM_057803036.1	A	g6482.t1	A
rna-XM_057803063.1	A	g6484.t1	A
rna-XM_057803530.1	A	g6486.t2	A
rna-XM_057803525.1	A	g6487.t1	A
rna-XM_057803522.1	A	g14633.t2	A
rna-XM_057803536.1	A	g14632.t1	A
rna-XM_057803537.1	A	g14631.t1	A
rna-XM_057803548.1	A	g13834.t1	A
rna-XM_057803565.1	A	g2595.t1	A
rna-XM_057803572.1	A	g4905.t1	A
rna-XM_057803551.1	A	g4903.t3	A
rna-XM_057803571.1	A	g4902.t1	A
rna-XM_057803569.1	A	g4901.t1	A
rna-XM_057803577.1	A	g12688.t1	A
rna-XM_057803573.1	A	g12161.t1	A
rna-XM_057803578.1	A	g2706.t1	A
rna-XM_057803581.1	A	g14012.t1	A
rna-XM_057803592.1	A	g12635.t1	A
rna-XM_057803587.1	A	g5533.t2	A
rna-XM_057803582.1	A	g5552.t1	A
rna-XM_057803596.1	A	g11722.t1	A
rna-XM_057803343.1	A	g11723.t1	A
rna-XM_057803600.1	A	g5931.t1	A
rna-XM_057803603.1	A	g5932.t1	A
rna-XM_057803345.1	A	g7863.t1	A
rna-XM_057802582.1	A	g5937.t1	A
rna-XM_057802583.1	A	g9078.t1	A
rna-XM_057803646.1	A	g5941.t1	A
rna-XM_057803647.1	A	g6730.t1	A
rna-XM_057803650.1	A	g5529.t1	A
rna-XM_057803649.1	A	g7699.t2	A
rna-XM_057803648.1	A	g1267.t1	A
rna-XM_057803285.1	A	g9893.t1	A
rna-XM_057803281.1	A	g9897.t2	A
rna-XM_057803283.1	A	g9894.t2	A
rna-XM_057801930.1	A	g9901.t1	A
rna-XM_057801909.1	A	g6266.t2	A
rna-XM_057803071.1	A	g6783.t1	A
rna-XM_057802032.1	A	g2627.t1	A
rna-XM_057802031.1	A	g2044.t2	A
rna-XM_057802034.1	A	g14683.t1	A
rna-XM_057802663.1	A	g14682.t1	A
rna-XM_057802011.1	A	g5251.t1	A
rna-XM_057802013.1	A	g14369.t1	A
rna-XM_057802002.1	A	g14723.t2	A
rna-XM_057802008.1	A	g14689.t1	A
rna-XM_057802010.1	A	g14688.t1	A
rna-XM_057802159.1	A	g12137.t1	A
rna-XM_057802520.1	A	g12136.t1	A
rna-XM_057803354.1	A	g5054.t1	A
rna-XM_057802595.1	A	g13654.t1	A
rna-XM_057802596.1	A	g13655.t1	A
rna-XM_057802496.1	A	g7938.t1	A
rna-XM_057802497.1	A	g5053.t1	A
rna-XM_057802559.1	A	g706.t2	A
rna-XM_057802560.1	A	g705.t2	A
rna-XM_057802295.1	A	g702.t1	A
rna-XM_057802323.1	A	g689.t1	A
rna-XM_057801630.1	A	g9492.t1	A
rna-XM_057801631.1	A	g9491.t1	A
rna-XM_057801633.1	A	g1070.t2	A
rna-XM_057802210.1	A	g13464.t1	A
rna-XM_057801927.1	A	g13029.t1	A
rna-XM_057802348.1	A	g13462.t1	A
rna-XM_057802227.1	A	g14025.t1	A
rna-XM_057802226.1	A	g13463.t1	A
rna-XM_057802329.1	A	g13032.t3	A
rna-XM_057802332.1	A	g617.t1	A
rna-XM_057802336.1	A	g11526.t1	A
rna-XM_057802335.1	A	g13465.t1	A
rna-XM_057801891.1	A	g13467.t2	A
rna-XM_057802365.1	A	g13466.t2	A
rna-XM_057802366.1	A	g6778.t1	A
rna-XM_057802369.1	A	g700.t1	A
rna-XM_057801936.1	A	g8983.t1	A
rna-XM_057802643.1	A	g8675.t1	A
rna-XM_057802584.1	A	g8986.t1	A
rna-XM_057802370.1	A	g8985.t1	A
rna-XM_057802224.1	A	g8984.t2	A
rna-XM_057802097.1	A	g8982.t1	A
rna-XM_057801763.1	A	g8597.t1	A
rna-XM_057801762.1	A	g8601.t1	A
rna-XM_057802238.1	A	g8604.t1	A
rna-XM_057802372.1	A	g8605.t1	A
rna-XM_057802492.1	A	g12187.t1	A
rna-XM_057802294.1	A	g12188.t1	A
rna-XM_057802171.1	A	g2286.t1	A
rna-XM_057803355.1	A	g9941.t1	A
rna-XM_057802351.1	A	g7609.t1	A
rna-XM_057802353.1	A	g6370.t1	A
rna-XM_057803357.1	A	g6367.t1	A
rna-XM_057802299.1	A	g7048.t1	A
rna-XM_057802455.1	A	g12315.t1	A
rna-XM_057802526.1	A	g2515.t1	A
rna-XM_057803358.1	A	g9747.t1	A
rna-XM_057802293.1	A	g9748.t2	A
rna-XM_057802680.1	A	g9749.t1	A
rna-XM_057803360.1	A	g13205.t1	A
rna-XM_057802681.1	A	g11655.t1	A
rna-XM_057802692.1	A	g8023.t1	A
rna-XM_057802686.1	A	g11654.t1	A
rna-XM_057802696.1	A	g13272.t1	A
rna-XM_057802694.1	A	g4206.t2	A
rna-XM_057802699.1	A	g12186.t1	A
rna-XM_057802700.1	A	g7669.t1	A
rna-XM_057802701.1	A	g10853.t1	A
rna-XM_057802702.1	A	g10515.t1	A
rna-XM_057802708.1	A	g10514.t1	A
rna-XM_057802705.1	A	g1230.t1	A
rna-XM_057802713.1	A	g12634.t1	A
rna-XM_057802724.1	A	g10976.t1	A
rna-XM_057802731.1	A	g2202.t1	A
rna-XM_057802734.1	A	g1844.t1	A
rna-XM_057802774.1	A	g13546.t1	A
rna-XM_057802781.1	A	g3821.t1	A
rna-XM_057802753.1	A	g959.t1	A
rna-XM_057802784.1	A	g4692.t2	A
rna-XM_057802773.1	A	g12626.t1	A
rna-XM_057803372.1	A	g11368.t1	A
rna-XM_057802787.1	A	g9218.t1	A
rna-XM_057802785.1	A	g13248.t1	A
rna-XM_057802790.1	A	g11194.t2	A
rna-XM_057802812.1	A	g11193.t1	A
rna-XM_057802809.1	A	g11192.t1	A
rna-XM_057802453.1	A	g7629.t1	A
rna-XM_057802410.1	A	g7630.t1	A
rna-XM_057803411.1	A	g9751.t2	A
rna-XM_057802383.1	A	g11829.t1	A
rna-XM_057802044.1	A	g8081.t2	A
rna-XM_057802236.1	A	g8131.t1	A
rna-XM_057802110.1	A	g7559.t1	A
rna-XM_057802112.1	A	g11833.t1	A
rna-XM_057802547.1	A	g8040.t1	A
rna-XM_057803814.1	A	g5887.t1	A
rna-XM_057803816.1	A	g8124.t2	A
rna-XM_057801926.1	A	g5888.t1	A
rna-XM_057802484.1	A	g9100.t2	A
rna-XM_057802291.1	A	g9151.t1	A
rna-XM_057802102.1	A	g9099.t1	A
rna-XM_057802103.1	A	g8806.t1	A
rna-XM_057802104.1	A	g5670.t1	A
rna-XM_057802877.1	A	g9018.t1	A
rna-XM_057802886.1	A	g9017.t1	A
rna-XM_057802882.1	A	g9023.t2	A
rna-XM_057802885.1	A	g9022.t1	A
rna-XM_057802878.1	A	g12175.t2	A
rna-XM_057802870.1	A	g12176.t2	A
rna-XM_057802883.1	A	g12177.t2	A
rna-XM_057802884.1	A	g12178.t1	A
rna-XM_057802889.1	A	g12081.t1	A
rna-XM_057802890.1	A	g11715.t2	A
rna-XM_057802891.1	A	g9289.t1	A
rna-XM_057802892.1	A	g7180.t1	A
rna-XM_057802893.1	A	g8805.t1	A
rna-XM_057802894.1	A	g7174.t1	A
rna-XM_057802896.1	A	g7173.t2	A
rna-XM_057802899.1	A	g5080.t1	A
rna-XM_057802909.1	A	g7175.t1	A
rna-XM_057802903.1	A	g7176.t1	A
rna-XM_057802902.1	A	g7167.t2	A
rna-XM_057802908.1	A	g7168.t1	A
rna-XM_057802898.1	A	g7177.t1	A
rna-XM_057802905.1	A	g9021.t1	A
rna-XM_057802904.1	A	g1552.t1	X
rna-XM_057802915.1	A	g5610.t1	A
rna-XM_057802910.1	A	g11807.t2	A
rna-XM_057802914.1	A	g7170.t1	A
rna-XM_057802922.1	A	g12042.t1	A
rna-XM_057802955.1	A	g12056.t1	A
rna-XM_057802930.1	A	g6301.t2	A
rna-XM_057802920.1	A	g6133.t1	A
rna-XM_057802948.1	A	g13312.t1	A
rna-XM_057802944.1	A	g6178.t2	A
rna-XM_057802940.1	A	g14739.t1	A
rna-XM_057802924.1	A	g8967.t1	A
rna-XM_057802945.1	A	g6105.t1	A
rna-XM_057802941.1	A	g6107.t2	A
rna-XM_057802949.1	A	g6103.t1	A
rna-XM_057802956.1	A	g4113.t1	A
rna-XM_057802938.1	A	g3262.t1	A
rna-XM_057802946.1	A	g3261.t2	A
rna-XM_057802954.1	A	g3260.t1	A
rna-XM_057802952.1	A	g3263.t1	A
rna-XM_057802927.1	A	g8498.t1	A
rna-XM_057802935.1	A	g8497.t2	A
rna-XM_057802959.1	A	g8812.t1	A
rna-XM_057802957.1	A	g8810.t1	A
rna-XM_057802961.1	A	g8808.t1	A
rna-XM_057802962.1	A	g9995.t1	A
rna-XM_057802963.1	A	g9996.t1	A
rna-XM_057802965.1	A	g9800.t1	A
rna-XM_057802966.1	A	g9891.t1	A
rna-XM_057802970.1	A	g1356.t1	A
rna-XM_057802972.1	A	g1357.t2	A
rna-XM_057802973.1	A	g1360.t1	A
rna-XM_057802981.1	A	g5182.t1	A
rna-XM_057802976.1	A	g1361.t1	A
rna-XM_057802975.1	A	g10290.t1	A
rna-XM_057802983.1	A	g10702.t1	A
rna-XM_057802987.1	A	g10701.t2	A
rna-XM_057801718.1	A	g10700.t1	A
rna-XM_057801719.1	A	g10699.t1	A
rna-XM_057801721.1	A	g10698.t1	A
rna-XM_057801720.1	A	g10288.t1	A
rna-XM_057802519.1	A	g11652.t1	A
rna-XM_057803801.1	A	g2377.t1	A
rna-XM_057803798.1	A	g7973.t1	A
rna-XM_057801932.1	A	g4182.t1	A
rna-XM_057802108.1	A	g2244.t1	A
rna-XM_057803463.1	A	g6300.t1	A
rna-XM_057803464.1	A	g12038.t1	A
rna-XM_057802863.1	A	g12058.t1	A
rna-XM_057801897.1	A	g12271.t1	A
rna-XM_057801905.1	A	g12270.t1	A
rna-XM_057802145.1	A	g12269.t1	A
rna-XM_057802207.1	A	g12267.t2	A
rna-XM_057802254.1	A	g6097.t1	A
rna-XM_057801734.1	A	g4187.t1	A
rna-XM_057801737.1	A	g4188.t1	A
rna-XM_057802028.1	A	g4186.t2	A
rna-XM_057802057.1	A	g8151.t1	A
rna-XM_057803638.1	A	g8030.t1	A
rna-XM_057803640.1	A	g8031.t1	A
rna-XM_057803641.1	A	g8129.t1	A
rna-XM_057804103.1	A	g4440.t1	A
rna-XM_057804154.1	A	g1006.t2	A
rna-XM_057804144.1	A	g1007.t2	A
rna-XM_057804145.1	A	g5977.t1	A
rna-XM_057804148.1	A	g5377.t1	A
rna-XM_057804297.1	A	g9004.t1	A
rna-XM_057804717.1	A	g8995.t1	A
rna-XM_057804289.1	A	g8994.t1	A
rna-XM_057804083.1	A	g8897.t1	A
rna-XM_057804164.1	A	g8899.t2	A
rna-XM_057804718.1	A	g8903.t1	A
rna-XM_057805262.1	A	g8905.t1	A
rna-XM_057803978.1	A	g8907.t1	A
rna-XM_057804172.1	A	g3666.t1	A
rna-XM_057804173.1	A	g4209.t1	A
rna-XM_057804566.1	A	g3691.t1	A
rna-XM_057804567.1	A	g3692.t1	A
rna-XM_057804107.1	A	g3688.t1	A
rna-XM_057804721.1	A	g2940.t1	A
rna-XM_057804465.1	A	g3684.t1	A
rna-XM_057804393.1	A	g3681.t1	A
rna-XM_057804285.1	A	g3678.t1	A
rna-XM_057804127.1	A	g3673.t1	A
rna-XM_057804236.1	A	g3669.t3	A
rna-XM_057804391.1	A	g3668.t1	A
rna-XM_057804482.1	A	g1259.t1	A
rna-XM_057805067.1	A	g10733.t1	A
rna-XM_057805074.1	A	g10088.t1	A
rna-XM_057804922.1	A	g2384.t1	A
rna-XM_057804925.1	A	g4615.t1	A
rna-XM_057804926.1	A	g4614.t1	A
rna-XM_057804604.1	A	g4613.t1	A
rna-XM_057804616.1	A	g9738.t1	A
rna-XM_057804617.1	A	g4610.t1	A
rna-XM_057805121.1	A	g1324.t1	A
rna-XM_057805122.1	A	g4312.t1	A
rna-XM_057805002.1	A	g9737.t1	A
rna-XM_057805001.1	A	g2386.t1	A
rna-XM_057804929.1	A	g1001.t2	A
rna-XM_057804930.1	A	g10705.t1	A
rna-XM_057805195.1	A	g12202.t1	A
rna-XM_057804080.1	A	g6127.t2	A
rna-XM_057804941.1	A	g4243.t2	A
rna-XM_057804944.1	A	g6121.t1	A
rna-XM_057804945.1	A	g9195.t1	A
rna-XM_057804949.1	A	g9194.t1	A
rna-XM_057804952.1	A	g9193.t2	A
rna-XM_057804953.1	A	g666.t1	A
rna-XM_057804950.1	A	g667.t1	A
rna-XM_057804955.1	A	g5862.t1	A
rna-XM_057804963.1	A	g5863.t1	A
rna-XM_057804964.1	A	g4200.t1	A
rna-XM_057804961.1	A	g5864.t1	A
rna-XM_057804973.1	A	g6114.t1	A
rna-XM_057804958.1	A	g9062.t1	A
rna-XM_057804957.1	A	g9063.t1	A
rna-XM_057804975.1	A	g9201.t1	A
rna-XM_057804960.1	A	g5838.t1	A
rna-XM_057804969.1	A	g5986.t1	A
rna-XM_057804968.1	A	g6115.t1	A
rna-XM_057804972.1	A	g6116.t1	A
rna-XM_057804967.1	A	g6120.t1	A
rna-XM_057804851.1	A	g4216.t1	A
rna-XM_057804861.1	A	g7946.t2	A
rna-XM_057804857.1	A	g7944.t2	A
rna-XM_057804865.1	A	g7945.t1	A
rna-XM_057804866.1	A	g7942.t1	A
rna-XM_057804880.1	A	g7728.t1	A
rna-XM_057804875.1	A	g7719.t1	A
rna-XM_057804879.1	A	g8083.t1	A
rna-XM_057804882.1	A	g7720.t1	A
rna-XM_057804902.1	A	g10800.t1	A
rna-XM_057804899.1	A	g7721.t2	A
rna-XM_057804900.1	A	g8099.t1	A
rna-XM_057804901.1	A	g4163.t1	A
rna-XM_057804909.1	A	g4150.t1	A
rna-XM_057804906.1	A	g4148.t1	A
rna-XM_057804735.1	A	g844.t1	A
rna-XM_057804884.1	A	g9906.t1	A
rna-XM_057804886.1	A	g4147.t1	A
rna-XM_057804911.1	A	g4146.t1	A
rna-XM_057804914.1	A	g4145.t1	A
rna-XM_057804918.1	A	g6159.t1	A
rna-XM_057804915.1	A	g7991.t1	A
rna-XM_057804920.1	A	g3345.t1	A
rna-XM_057804194.1	A	g9314.t1	A
rna-XM_057804725.1	A	g13988.t1	A
rna-XM_057804726.1	A	g5954.t1	A
rna-XM_057804727.1	A	g884.t1	A
rna-XM_057804733.1	A	g5985.t1	A
rna-XM_057804730.1	A	g5982.t1	A
rna-XM_057804732.1	A	g5983.t2	A
rna-XM_057804738.1	A	g5491.t1	A
rna-XM_057804746.1	A	g11343.t1	A
rna-XM_057804600.1	A	g585.t1	A
rna-XM_057804752.1	A	g8454.t1	A
rna-XM_057804753.1	A	g8642.t1	A
rna-XM_057804586.1	A	g11798.t1	A
rna-XM_057804587.1	A	g11794.t1	A
rna-XM_057804487.1	A	g12125.t2	A
rna-XM_057804621.1	A	g10784.t1	A
rna-XM_057804622.1	A	g14042.t1	A
rna-XM_057804623.1	A	g14043.t1	A
rna-XM_057804405.1	A	g3402.t2	A
rna-XM_057804583.1	A	g259.t1	A
rna-XM_057804578.1	A	g260.t1	A
rna-XM_057803885.1	A	g261.t1	A
rna-XM_057803893.1	A	g262.t1	A
rna-XM_057803892.1	A	g320.t1	A
rna-XM_057803889.1	A	g317.t3	A
rna-XM_057803888.1	A	g318.t1	A
rna-XM_057803881.1	A	g12550.t1	A
rna-XM_057803928.1	A	g315.t1	A
rna-XM_057803951.1	A	g12138.t1	A
rna-XM_057803956.1	A	g316.t1	A
rna-XM_057803930.1	A	g321.t1	A
rna-XM_057803958.1	A	g324.t1	A
rna-XM_057803927.1	A	g13969.t1	A
rna-XM_057803952.1	A	g8240.t2	A
rna-XM_057803954.1	A	g7998.t1	A
rna-XM_057803923.1	A	g7997.t2	A
rna-XM_057803943.1	A	g7896.t1	A
rna-XM_057803955.1	A	g7902.t1	A
rna-XM_057803937.1	A	g258.t1	A
rna-XM_057803945.1	A	g13430.t2	A
rna-XM_057803940.1	A	g14637.t1	A
rna-XM_057803932.1	A	g11520.t1	A
rna-XM_057803939.1	A	g13431.t1	A
rna-XM_057803953.1	A	g12570.t1	A
rna-XM_057803946.1	A	g13429.t1	A
rna-XM_057804224.1	A	g13404.t1	A
rna-XM_057804203.1	A	g13400.t1	A
rna-XM_057804221.1	A	g13405.t1	A
rna-XM_057804214.1	A	g13406.t3	A
rna-XM_057804225.1	A	g13407.t1	A
rna-XM_057804226.1	A	g13412.t1	A
rna-XM_057804758.1	A	g13388.t2	A
rna-XM_057805085.1	A	g11740.t1	A
rna-XM_057805081.1	A	g11741.t1	A
rna-XM_057805082.1	A	g11739.t1	A
rna-XM_057805083.1	A	g12300.t1	A
rna-XM_057805089.1	A	g4034.t2	A
rna-XM_057805090.1	A	g11738.t1	A
rna-XM_057805095.1	A	g11742.t1	A
rna-XM_057805097.1	A	g3187.t1	A
rna-XM_057805094.1	A	g257.t1	A
rna-XM_057805098.1	A	g12407.t1	A
rna-XM_057805096.1	A	g12406.t1	A
rna-XM_057805109.1	A	g12806.t1	A
rna-XM_057805110.1	A	g250.t1	A
rna-XM_057805101.1	A	g252.t1	A
rna-XM_057805102.1	A	g1437.t1	X
rna-XM_057805105.1	A	g253.t1	A
rna-XM_057805104.1	A	g255.t1	A
rna-XM_057805111.1	A	g12408.t1	A
rna-XM_057805112.1	A	g13207.t1	A
rna-XM_057805114.1	A	g13391.t1	A
rna-XM_057805116.1	A	g8025.t1	A
rna-XM_057805115.1	A	g13206.t1	A
rna-XM_057805120.1	A	g13390.t1	A
rna-XM_057804452.1	A	g7891.t1	A
rna-XM_057804459.1	A	g7893.t1	A
rna-XM_057804458.1	A	g7892.t1	A
rna-XM_057804343.1	A	g11799.t1	A
rna-XM_057804344.1	A	g11800.t1	A
rna-XM_057805035.1	A	g11803.t1	A
rna-XM_057805032.1	A	g11802.t1	A
rna-XM_057804410.1	A	g11804.t1	A
rna-XM_057804568.1	A	g13705.t1	A
rna-XM_057804231.1	A	g11639.t2	A
rna-XM_057804234.1	A	g11638.t1	A
rna-XM_057804227.1	A	g11637.t1	A
rna-XM_057803906.1	A	g7901.t2	A
rna-XM_057804325.1	A	g12336.t1	A
rna-XM_057804295.1	A	g12335.t1	A
rna-XM_057804061.1	A	g8012.t1	A
rna-XM_057804788.1	A	g4353.t1	A
rna-XM_057804794.1	A	g6314.t1	A
rna-XM_057804791.1	A	g6108.t1	A
rna-XM_057804792.1	A	g6109.t2	A
rna-XM_057803971.1	A	g6322.t1	A
rna-XM_057803974.1	A	g3269.t2	A
rna-XM_057804976.1	A	g409.t2	A
rna-XM_057804625.1	A	g6088.t2	A
rna-XM_057804626.1	A	g4369.t1	A
rna-XM_057804627.1	A	g1876.t1	A
rna-XM_057804280.1	A	g11752.t1	A
rna-XM_057803909.1	A	g6682.t2	A
rna-XM_057803915.1	A	g9734.t1	A
rna-XM_057803912.1	A	g36.t1	A
rna-XM_057805169.1	A	g37.t1	A
rna-XM_057805150.1	A	g2944.t1	A
rna-XM_057805170.1	A	g8050.t2	A
rna-XM_057805142.1	A	g8073.t1	A
rna-XM_057805143.1	A	g9126.t1	A
rna-XM_057805147.1	A	g4444.t2	A
rna-XM_057805167.1	A	g9545.t1	A
rna-XM_057805158.1	A	g5962.t2	A
rna-XM_057805168.1	A	g10991.t1	A
rna-XM_057805160.1	A	g199.t1	A
rna-XM_057805162.1	A	g6716.t1	A
rna-XM_057805166.1	A	g13433.t1	A
rna-XM_057805159.1	A	g4255.t1	A
rna-XM_057805146.1	A	g12592.t1	A
rna-XM_057805151.1	A	g12283.t2	A
rna-XM_057805165.1	A	g12282.t1	A
rna-XM_057805171.1	A	g11675.t1	A
rna-XM_057805173.1	A	g12752.t1	A
rna-XM_057805177.1	A	g12745.t1	A
rna-XM_057805176.1	A	g10925.t1	A
rna-XM_057805181.1	A	g12917.t1	A
rna-XM_057805182.1	A	g11499.t1	A
rna-XM_057805185.1	A	g2228.t1	A
rna-XM_057805186.1	A	g6885.t1	A
rna-XM_057805188.1	A	g6884.t2	A
rna-XM_057804176.1	A	g4735.t2	A
rna-XM_057804408.1	A	g5858.t1	A
rna-XM_057804418.1	A	g3253.t1	A
rna-XM_057804330.1	A	g9761.t1	A
rna-XM_057804331.1	A	g7746.t1	A
rna-XM_057804338.1	A	g7859.t1	A
rna-XM_057804337.1	A	g7673.t1	A
rna-XM_057805030.1	A	g8052.t1	A
rna-XM_057804314.1	A	g5136.t1	A
rna-XM_057804299.1	A	g4827.t1	A
rna-XM_057804313.1	A	g4828.t1	A
rna-XM_057804316.1	A	g1210.t1	A
rna-XM_057804317.1	A	g1606.t2	X
rna-XM_057804319.1	A	g1211.t1	A
rna-XM_057804089.1	A	g1269.t1	A
rna-XM_057804088.1	A	g13000.t1	A
rna-XM_057804762.1	A	g1216.t1	A
rna-XM_057804770.1	A	g1217.t1	A
rna-XM_057804771.1	A	g1214.t1	A
rna-XM_057804765.1	A	g1213.t1	A
rna-XM_057804350.1	A	g8361.t3	A
rna-XM_057804340.1	A	g8362.t1	A
rna-XM_057804162.1	A	g6725.t1	A
rna-XM_057804991.1	A	g2316.t1	A
rna-XM_057804988.1	A	g5949.t1	A
rna-XM_057804576.1	A	g5948.t1	A
rna-XM_057804068.1	A	g5947.t1	A
rna-XM_057804184.1	A	g9874.t2	A
rna-XM_057804423.1	A	g8609.t1	A
rna-XM_057804629.1	A	g3563.t1	A
rna-XM_057804632.1	A	g1205.t1	A
rna-XM_057804631.1	A	g9739.t1	A
rna-XM_057804630.1	A	g13138.t1	A
rna-XM_057804635.1	A	g4620.t1	A
rna-XM_057804641.1	A	g3825.t1	A
rna-XM_057804636.1	A	g9758.t2	A
rna-XM_057804639.1	A	g1866.t1	A
rna-XM_057804346.1	A	g12110.t1	A
rna-XM_057805039.1	A	g2094.t1	A
rna-XM_057805041.1	A	g13016.t1	A
rna-XM_057805044.1	A	g13014.t1	A
rna-XM_057805045.1	A	g13013.t1	A
rna-XM_057805048.1	A	g13012.t1	A
rna-XM_057805049.1	A	g4382.t1	A
rna-XM_057805051.1	A	g3375.t1	A
rna-XM_057805052.1	A	g13011.t2	A
rna-XM_057805234.1	A	g3756.t1	A
rna-XM_057805055.1	A	g490.t1	A
rna-XM_057805056.1	A	g14377.t1	A
rna-XM_057805058.1	A	g11031.t1	A
rna-XM_057805057.1	A	g1864.t1	A
rna-XM_057804323.1	A	g11572.t1	A
rna-XM_057804079.1	A	g14182.t1	A
rna-XM_057804356.1	A	g13937.t1	A
rna-XM_057804359.1	A	g5661.t1	A
rna-XM_057804412.1	A	g8237.t1	A
rna-XM_057804102.1	A	g13962.t1	A
rna-XM_057803908.1	A	g12279.t1	A
rna-XM_057804353.1	A	g4409.t1	A
rna-XM_057804053.1	A	g12372.t1	A
rna-XM_057804034.1	A	g2382.t2	A
rna-XM_057804051.1	A	g8213.t1	A
rna-XM_057804045.1	A	g3730.t1	A
rna-XM_057804059.1	A	g11926.t4	A
rna-XM_057804054.1	A	g12098.t2	A
rna-XM_057804396.1	A	g9913.t3	A
rna-XM_057804783.1	A	g5915.t1	A
rna-XM_057804787.1	A	g8043.t1	A
rna-XM_057804193.1	A	g9206.t1	A
rna-XM_057804066.1	A	g4269.t1	A
rna-XM_057804844.1	A	g662.t1	A
rna-XM_057804845.1	A	g11116.t1	A
rna-XM_057804848.1	A	g11115.t1	A
rna-XM_057804850.1	A	g847.t1	A
rna-XM_057804420.1	A	g845.t1	A
rna-XM_057804271.1	A	g576.t1	A
rna-XM_057804273.1	A	g8062.t1	A
rna-XM_057804274.1	A	g5820.t1	A
rna-XM_057804111.1	A	g2357.t1	A
rna-XM_057804795.1	A	g2249.t3	A
rna-XM_057804072.1	A	g12866.t2	A
rna-XM_057804671.1	A	g3124.t1	A
rna-XM_057804677.1	A	g8058.t1	A
rna-XM_057804675.1	A	g2350.t1	A
rna-XM_057803896.1	A	g598.t1	A
rna-XM_057803897.1	A	g10696.t2	A
rna-XM_057803899.1	A	g2358.t1	A
rna-XM_057804489.1	A	g10428.t1	A
rna-XM_057804384.1	A	g10423.t2	A
rna-XM_057804367.1	A	g6893.t1	A
rna-XM_057804382.1	A	g876.t2	A
rna-XM_057804371.1	A	g875.t1	A
rna-XM_057804385.1	A	g3203.t2	A
rna-XM_057804365.1	A	g13835.t1	A
rna-XM_057804376.1	A	g877.t2	A
rna-XM_057804368.1	A	g10306.t1	A
rna-XM_057805237.1	A	g10677.t1	A
rna-XM_057804117.1	A	g3990.t1	A
rna-XM_057804122.1	A	g2732.t1	A
rna-XM_057804130.1	A	g2734.t1	A
rna-XM_057803900.1	A	g7329.t1	A
rna-XM_057803901.1	A	g9453.t1	A
rna-XM_057804101.1	A	g3114.t1	A
rna-XM_057804596.1	A	g122.t1	A
rna-XM_057804995.1	A	g12214.t1	A
rna-XM_057804999.1	A	g8781.t1	A
rna-XM_057804992.1	A	g7980.t1	A
rna-XM_057805000.1	A	g5596.t1	A
rna-XM_057804136.1	A	g9171.t1	A
rna-XM_057804091.1	A	g2191.t1	A
rna-XM_057804093.1	A	g4136.t1	A
rna-XM_057804139.1	A	g7706.t1	A
rna-XM_057804985.1	A	g14574.t1	A
rna-XM_057804984.1	A	g14577.t1	A
rna-XM_057804982.1	A	g9285.t1	A
rna-XM_057804349.1	A	g9286.t1	A
rna-XM_057804181.1	A	g8932.t1	A
rna-XM_057804451.1	A	g2190.t2	A
rna-XM_057804329.1	A	g5680.t1	A
rna-XM_057804110.1	A	g4271.t2	A
rna-XM_057804573.1	A	g5150.t1	A
rna-XM_057804571.1	A	g11536.t1	A
rna-XM_057803917.1	A	g13263.t1	A
rna-XM_057803916.1	A	g5574.t1	A
rna-XM_057803919.1	A	g6821.t2	A
rna-XM_057805059.1	A	g14572.t1	A
rna-XM_057804126.1	A	g7614.t1	A
rna-XM_057804244.1	A	g8548.t1	A
rna-XM_057805079.1	A	g3816.t1	A
rna-XM_057804778.1	A	g5709.t1	A
rna-XM_057804071.1	A	g14664.t1	A
rna-XM_057803920.1	A	g14570.t1	A
rna-XM_057804189.1	A	g7407.t1	A
rna-XM_057804681.1	A	g7405.t1	A
rna-XM_057804684.1	A	g14579.t2	A
rna-XM_057804678.1	A	g14581.t1	A
rna-XM_057805240.1	A	g14582.t1	A
rna-XM_057805254.1	A	g14665.t1	A
rna-XM_057805261.1	A	g11658.t1	A
rna-XM_057805255.1	A	g11657.t2	A
rna-XM_057805256.1	A	g11656.t1	A
rna-XM_057805259.1	A	g5928.t1	A
rna-XM_057805249.1	A	g5918.t1	A
rna-XM_057805258.1	A	g7979.t3	A
rna-XM_057805125.1	A	g6673.t1	A
rna-XM_057804597.1	A	g6572.t1	A
rna-XM_057805241.1	A	g6691.t1	A
rna-XM_057804649.1	A	g5708.t1	A
rna-XM_057804188.1	A	g12571.t1	A
rna-XM_057803981.1	A	g8238.t1	A
rna-XM_057804179.1	A	g6564.t1	A
rna-XM_057803895.1	A	g5913.t1	A
rna-XM_057804401.1	A	g4959.t1	A
rna-XM_057803878.1	A	g7936.t1	A
rna-XM_057803877.1	A	g7939.t1	A
rna-XM_057803880.1	A	g571.t1	A
rna-XM_057804286.1	A	g5770.t1	A
rna-XM_057804266.1	A	g6686.t1	A
rna-XM_057804478.1	A	g6687.t1	A
rna-XM_057805018.1	A	g5732.t1	A
rna-XM_057805021.1	A	g4816.t1	A
rna-XM_057805029.1	A	g5731.t1	A
rna-XM_057804425.1	A	g3167.t1	A
rna-XM_057804443.1	A	g9977.t1	A
rna-XM_057804421.1	A	g3161.t1	A
rna-XM_057804588.1	A	g4403.t1	A
rna-XM_057804399.1	A	g5115.t1	A
rna-XM_057804400.1	A	g13809.t1	A
rna-XM_057804247.1	A	g84.t1	A
rna-XM_057804253.1	A	g85.t1	A
rna-XM_057804183.1	A	g7786.t1	A
rna-XM_057804456.1	A	g10716.t1	A
rna-XM_057804563.1	A	g10921.t1	A
rna-XM_057804517.1	A	g10922.t2	A
rna-XM_057804495.1	A	g11261.t1	A
rna-XM_057805009.1	A	g5066.t1	A
rna-XM_057805004.1	A	g11971.t1	A
rna-XM_057805013.1	A	g11972.t1	A
rna-XM_057805007.1	A	g11970.t1	A
rna-XM_057805005.1	A	g6904.t1	A
rna-XM_057804063.1	A	g8512.t1	A
rna-XM_057804191.1	A	g4035.t1	A
rna-XM_057805216.1	A	g4037.t1	A
rna-XM_057805217.1	A	g3390.t1	A
rna-XM_057805124.1	A	g4038.t1	A
rna-XM_057805123.1	A	g4180.t2	A
rna-XM_057805246.1	A	g10232.t1	A
rna-XM_057804182.1	A	g13949.t1	A
rna-XM_057805130.1	A	g10231.t1	A
rna-XM_057805136.1	A	g13950.t1	A
rna-XM_057805131.1	A	g1752.t2	A
rna-XM_057805138.1	A	g3759.t2	A
rna-XM_057805141.1	A	g6094.t1	A
rna-XM_057805247.1	A	g3746.t1	A
rna-XM_057804650.1	A	g7683.t1	A
rna-XM_057804663.1	A	g7671.t1	A
rna-XM_057804665.1	A	g13692.t1	A
rna-XM_057804661.1	A	g620.t1	A
rna-XM_057804799.1	A	g2345.t1	A
rna-XM_057804800.1	A	g6135.t1	A
rna-XM_057804808.1	A	g13277.t1	A
rna-XM_057804822.1	A	g3284.t1	A
rna-XM_057804830.1	A	g3285.t1	A
rna-XM_057804836.1	A	g13875.t1	A
rna-XM_057804837.1	A	g14244.t1	A
rna-XM_057804834.1	A	g14247.t1	A
rna-XM_057804818.1	A	g11864.t2	A
rna-XM_057804839.1	A	g11848.t1	A
rna-XM_057804833.1	A	g11852.t1	A
rna-XM_057804824.1	A	g11853.t1	A
rna-XM_057804821.1	A	g11856.t1	A
rna-XM_057804823.1	A	g11573.t1	A
rna-XM_057804843.1	A	g83.t1	A
rna-XM_057804819.1	A	g125.t1	A
rna-XM_057805248.1	A	g124.t1	A
rna-XM_057804811.1	A	g13343.t1	A
rna-XM_057804820.1	A	g8888.t2	A
rna-XM_057804827.1	A	g8839.t1	A
rna-XM_057804813.1	A	g11560.t1	A
rna-XM_057804826.1	A	g8893.t1	A
rna-XM_057804838.1	A	g8890.t1	A
rna-XM_057803969.1	A	g13340.t1	A
rna-XM_057805215.1	A	g13335.t1	A
rna-XM_057805213.1	A	g13336.t2	A
rna-XM_057804403.1	A	g13334.t1	A
rna-XM_057804354.1	A	g13339.t1	A
rna-XM_057804493.1	A	g6656.t1	A
rna-XM_057804389.1	A	g9634.t1	A
rna-XM_057804388.1	A	g6086.t1	A
rna-XM_057804473.1	A	g6087.t1	A
rna-XM_057804471.1	A	g6085.t2	A
rna-XM_057804467.1	A	g6083.t2	A
rna-XM_057804780.1	A	g7464.t1	X
rna-XM_057804782.1	A	g14559.t1	A
rna-XM_057804328.1	A	g14560.t1	A
rna-XM_057804699.1	A	g4012.t1	A
rna-XM_057804700.1	A	g11397.t1	A
rna-XM_057804702.1	A	g11402.t1	A
rna-XM_057804701.1	A	g11166.t1	A
rna-XM_057804703.1	A	g6758.t1	A
rna-XM_057804708.1	A	g3779.t1	A
rna-XM_057804709.1	A	g3562.t1	A
rna-XM_057804710.1	A	g13571.t2	A
rna-XM_057804713.1	A	g13311.t1	A
rna-XM_057805209.1	A	g9324.t1	A
rna-XM_057805211.1	A	g4960.t1	A
rna-XM_057805921.1	A	g4961.t1	A
rna-XM_057805741.1	A	g12848.t1	A
rna-XM_057806011.1	A	g5058.t1	A
rna-XM_057806013.1	A	g1084.t1	A
rna-XM_057805996.1	A	g1087.t1	A
rna-XM_057805999.1	A	g1088.t2	A
rna-XM_057806001.1	A	g5903.t2	A
rna-XM_057806005.1	A	g11152.t1	A
rna-XM_057805997.1	A	g708.t1	A
rna-XM_057805878.1	A	g707.t1	A
rna-XM_057805883.1	A	g984.t1	A
rna-XM_057806238.1	A	g983.t1	A
rna-XM_057806483.1	A	g974.t1	A
rna-XM_057806241.1	A	g973.t1	A
rna-XM_057805676.1	A	g972.t1	A
rna-XM_057806353.1	A	g971.t3	A
rna-XM_057806357.1	A	g638.t1	A
rna-XM_057806364.1	A	g642.t1	A
rna-XM_057806362.1	A	g643.t2	A
rna-XM_057806356.1	A	g644.t2	A
rna-XM_057806358.1	A	g7648.t1	A
rna-XM_057806363.1	A	g12851.t1	A
rna-XM_057806094.1	A	g12845.t2	A
rna-XM_057805457.1	A	g3399.t1	A
rna-XM_057806429.1	A	g2182.t2	A
rna-XM_057806430.1	A	g2184.t1	A
rna-XM_057806434.1	A	g5836.t1	A
rna-XM_057806426.1	A	g11989.t1	A
rna-XM_057805758.1	A	g7604.t1	A
rna-XM_057806584.1	A	g2183.t1	A
rna-XM_057806585.1	A	g2100.t1	A
rna-XM_057806458.1	A	g2173.t1	A
rna-XM_057806457.1	A	g2174.t2	A
rna-XM_057805546.1	A	g2175.t1	A
rna-XM_057805939.1	A	g4723.t1	A
rna-XM_057805492.1	A	g2179.t1	A
rna-XM_057805493.1	A	g12890.t1	A
rna-XM_057805491.1	A	g7652.t1	A
rna-XM_057806111.1	A	g7651.t1	A
rna-XM_057805829.1	A	g8321.t1	A
rna-XM_057805558.1	A	g2140.t2	A
rna-XM_057805557.1	A	g7212.t1	A
rna-XM_057806305.1	A	g12741.t1	A
rna-XM_057806319.1	A	g12740.t1	A
rna-XM_057806295.1	A	g12739.t2	A
rna-XM_057806308.1	A	g12738.t1	A
rna-XM_057806306.1	A	g2380.t1	A
rna-XM_057806311.1	A	g2127.t1	A
rna-XM_057806293.1	A	g13612.t1	A
rna-XM_057806236.1	A	g2139.t3	A
rna-XM_057805501.1	A	g2178.t1	A
rna-XM_057805421.1	A	g3749.t1	A
rna-XM_057806079.1	A	g6327.t1	A
rna-XM_057805946.1	A	g6326.t1	A
rna-XM_057805303.1	A	g3387.t1	A
rna-XM_057805309.1	A	g5488.t1	A
rna-XM_057806096.1	A	g9720.t1	A
rna-XM_057806095.1	A	g4632.t1	A
rna-XM_057805495.1	A	g5452.t1	A
rna-XM_057806015.1	A	g12338.t1	A
rna-XM_057805405.1	A	g2134.t1	A
rna-XM_057805406.1	A	g13209.t1	A
rna-XM_057805678.1	A	g13208.t4	A
rna-XM_057805685.1	A	g13210.t1	A
rna-XM_057805687.1	A	g7096.t2	A
rna-XM_057806214.1	A	g14671.t2	A
rna-XM_057806560.1	A	g11240.t1	A
rna-XM_057806565.1	A	g14667.t2	A
rna-XM_057806570.1	A	g5016.t1	A
rna-XM_057806572.1	A	g9086.t1	A
rna-XM_057806583.1	A	g9087.t1	A
rna-XM_057805941.1	A	g9089.t1	A
rna-XM_057805537.1	A	g9094.t2	A
rna-XM_057805486.1	A	g9092.t1	A
rna-XM_057806321.1	A	g9091.t2	A
rna-XM_057806334.1	A	g9090.t1	A
rna-XM_057806323.1	A	g9064.t1	A
rna-XM_057806553.1	A	g11583.t1	A
rna-XM_057806552.1	A	g11587.t1	A
rna-XM_057806556.1	A	g11588.t1	A
rna-XM_057806558.1	A	g11591.t1	A
rna-XM_057806554.1	A	g6743.t1	A
rna-XM_057805460.1	A	g6622.t1	A
rna-XM_057806225.1	A	g6624.t1	A
rna-XM_057806017.1	A	g6881.t1	A
rna-XM_057805488.1	A	g6880.t1	A
rna-XM_057805489.1	A	g6879.t1	A
rna-XM_057806106.1	A	g6878.t1	A
rna-XM_057805442.1	A	g6877.t1	A
rna-XM_057805452.1	A	g6876.t1	A
rna-XM_057806060.1	A	g3137.t1	A
rna-XM_057805987.1	A	g7646.t1	A
rna-XM_057805426.1	A	g849.t1	A
rna-XM_057805514.1	A	g13451.t1	A
rna-XM_057805507.1	A	g8064.t1	A
rna-XM_057805517.1	A	g2966.t1	A
rna-XM_057806062.1	A	g3985.t1	A
rna-XM_057805958.1	A	g2721.t1	A
rna-XM_057805310.1	A	g2206.t1	A
rna-XM_057806084.1	A	g10635.t1	A
rna-XM_057806396.1	A	g3660.t1	A
rna-XM_057806399.1	A	g4234.t1	A
rna-XM_057806505.1	A	g10579.t1	A
rna-XM_057806439.1	A	g10528.t1	A
rna-XM_057806437.1	A	g10526.t1	A
rna-XM_057806443.1	A	g10522.t1	A
rna-XM_057806435.1	A	g2306.t1	A
rna-XM_057806260.1	A	g14184.t1	A
rna-XM_057806121.1	A	g736.t1	A
rna-XM_057805677.1	A	g734.t1	A
rna-XM_057806208.1	A	g732.t1	A
rna-XM_057806261.1	A	g5579.t1	A
rna-XM_057805425.1	A	g727.t1	A
rna-XM_057805748.1	A	g9835.t1	A
rna-XM_057806445.1	A	g14434.t1	A
rna-XM_057806455.1	A	g6791.t1	A
rna-XM_057805456.1	A	g3443.t1	A
rna-XM_057805481.1	A	g2392.t1	A
rna-XM_057806496.1	A	g9925.t1	A
rna-XM_057805634.1	A	g6704.t1	A
rna-XM_057805483.1	A	g4041.t2	A
rna-XM_057806043.1	A	g4789.t1	A
rna-XM_057806047.1	A	g5161.t1	A
rna-XM_057806049.1	A	g9349.t1	A
rna-XM_057806052.1	A	g10167.t1	A
rna-XM_057806286.1	A	g11019.t1	A
rna-XM_057806287.1	A	g4228.t1	A
rna-XM_057805500.1	A	g3077.t1	A
rna-XM_057806513.1	A	g8765.t1	A
rna-XM_057806514.1	A	g12024.t2	A
rna-XM_057805670.1	A	g3992.t1	A
rna-XM_057805669.1	A	g2214.t1	A
rna-XM_057805647.1	A	g4006.t1	A
rna-XM_057806490.1	A	g12162.t1	A
rna-XM_057806488.1	A	g773.t1	A
rna-XM_057806491.1	A	g772.t1	A
rna-XM_057806008.1	A	g5654.t1	A
rna-XM_057805391.1	A	g5655.t1	A
rna-XM_057805443.1	A	g5734.t1	A
rna-XM_057805445.1	A	g4742.t2	A
rna-XM_057805448.1	A	g4743.t1	A
rna-XM_057805427.1	A	g4744.t1	A
rna-XM_057806228.1	A	g12189.t3	A
rna-XM_057806231.1	A	g12190.t1	A
rna-XM_057805694.1	A	g12489.t1	A
rna-XM_057806411.1	A	g2300.t1	A
rna-XM_057806414.1	A	g10495.t1	A
rna-XM_057806413.1	A	g12490.t1	A
rna-XM_057805368.1	A	g12392.t1	A
rna-XM_057806335.1	A	g4327.t2	A
rna-XM_057806337.1	A	g4328.t1	A
rna-XM_057806336.1	A	g4378.t1	A
rna-XM_057806340.1	A	g4379.t1	A
rna-XM_057806059.1	A	g4383.t1	A
rna-XM_057806058.1	A	g4384.t1	A
rna-XM_057805749.1	A	g1809.t1	A
rna-XM_057806546.1	A	g1812.t1	A
rna-XM_057806548.1	A	g11679.t1	A
rna-XM_057805986.1	A	g9107.t1	A
rna-XM_057805980.1	A	g9106.t1	A
rna-XM_057805981.1	A	g11867.t1	A
rna-XM_057806392.1	A	g6401.t2	A
rna-XM_057806393.1	A	g7627.t1	A
rna-XM_057805709.1	A	g5608.t1	A
rna-XM_057805750.1	A	g4340.t1	A
rna-XM_057805755.1	A	g10912.t1	A
rna-XM_057805756.1	A	g9883.t1	A
rna-XM_057806019.1	A	g4351.t1	A
rna-XM_057806018.1	A	g10806.t1	A
rna-XM_057805935.1	A	g10807.t1	A
rna-XM_057805502.1	A	g6297.t1	A
rna-XM_057805431.1	A	g4002.t1	A
rna-XM_057806070.1	A	g256.t1	A
rna-XM_057806374.1	A	g7171.t4	A
rna-XM_057806373.1	A	g7172.t1	A
rna-XM_057805433.1	A	g11571.t1	A
rna-XM_057805434.1	A	g11570.t1	A
rna-XM_057805435.1	A	g9290.t1	A
rna-XM_057805950.1	A	g11567.t1	A
rna-XM_057806065.1	A	g11568.t1	A
rna-XM_057806064.1	A	g11569.t2	A
rna-XM_057805503.1	A	g11566.t1	A
rna-XM_057805504.1	A	g11565.t1	A
rna-XM_057806211.1	A	g11564.t1	A
rna-XM_057806210.1	A	g11563.t1	A
rna-XM_057805637.1	A	g11812.t1	A
rna-XM_057806021.1	A	g11813.t1	A
rna-XM_057806028.1	A	g5620.t1	A
rna-XM_057806023.1	A	g5619.t1	A
rna-XM_057806027.1	A	g12169.t1	A
rna-XM_057806033.1	A	g11713.t2	A
rna-XM_057805977.1	A	g11716.t1	A
rna-XM_057805975.1	A	g11863.t1	A
rna-XM_057806205.1	A	g6692.t2	A
rna-XM_057806206.1	A	g6694.t1	A
rna-XM_057806207.1	A	g6695.t1	A
rna-XM_057805363.1	A	g11927.t1	A
rna-XM_057805364.1	A	g11961.t1	A
rna-XM_057805367.1	A	g13714.t1	A
rna-XM_057806388.1	A	g11682.t1	A
rna-XM_057805645.1	A	g5554.t1	A
rna-XM_057805635.1	A	g9295.t1	A
rna-XM_057805636.1	A	g9260.t1	A
rna-XM_057805885.1	A	g9297.t3	A
rna-XM_057805907.1	A	g166.t1	A
rna-XM_057806540.1	A	g164.t1	A
rna-XM_057805917.1	A	g1745.t1	A
rna-XM_057805899.1	A	g157.t2	A
rna-XM_057805890.1	A	g8209.t1	A
rna-XM_057805898.1	A	g155.t1	A
rna-XM_057805900.1	A	g154.t1	A
rna-XM_057805919.1	A	g153.t1	A
rna-XM_057805901.1	A	g152.t1	A
rna-XM_057805915.1	A	g151.t1	A
rna-XM_057805904.1	A	g149.t2	A
rna-XM_057805891.1	A	g8060.t1	A
rna-XM_057806345.1	A	g2590.t1	A
rna-XM_057806346.1	A	g2652.t1	A
rna-XM_057806350.1	A	g2653.t1	A
rna-XM_057805429.1	A	g11928.t1	A
rna-XM_057805972.1	A	g11929.t1	A
rna-XM_057805924.1	A	g12855.t1	A
rna-XM_057805923.1	A	g12856.t1	A
rna-XM_057805926.1	A	g12858.t1	A
rna-XM_057805415.1	A	g8515.t1	A
rna-XM_057805408.1	A	g9130.t1	A
rna-XM_057805416.1	A	g11525.t1	A
rna-XM_057805688.1	A	g9080.t1	A
rna-XM_057806365.1	A	g9150.t4	A
rna-XM_057806367.1	A	g5861.t1	A
rna-XM_057806372.1	A	g4405.t1	A
rna-XM_057805424.1	A	g9046.t1	A
rna-XM_057806136.1	A	g9047.t1	A
rna-XM_057806134.1	A	g9048.t1	A
rna-XM_057806141.1	A	g10251.t1	A
rna-XM_057806139.1	A	g10252.t1	A
rna-XM_057806122.1	A	g10255.t1	A
rna-XM_057806132.1	A	g3184.t2	A
rna-XM_057806142.1	A	g10253.t1	A
rna-XM_057806147.1	A	g12764.t1	A
rna-XM_057806153.1	A	g10620.t1	A
rna-XM_057806154.1	A	g7544.t1	A
rna-XM_057806156.1	A	g4572.t1	A
rna-XM_057806160.1	A	g10633.t1	A
rna-XM_057806162.1	A	g10634.t1	A
rna-XM_057806163.1	A	g4573.t2	A
rna-XM_057806167.1	A	g4574.t1	A
rna-XM_057806171.1	A	g4575.t2	A
rna-XM_057806541.1	A	g4567.t1	A
rna-XM_057806175.1	A	g4569.t1	A
rna-XM_057806178.1	A	g4566.t1	A
rna-XM_057806179.1	A	g5958.t1	A
rna-XM_057806180.1	A	g4565.t1	A
rna-XM_057806193.1	A	g4676.t1	A
rna-XM_057806233.1	A	g4675.t1	A
rna-XM_057805541.1	A	g4674.t1	A
rna-XM_057806007.1	A	g10344.t2	A
rna-XM_057805441.1	A	g4673.t1	A
rna-XM_057805544.1	A	g14654.t1	A
rna-XM_057805419.1	A	g4672.t1	A
rna-XM_057806250.1	A	g5167.t2	A
rna-XM_057806086.1	A	g5166.t1	A
rna-XM_057806088.1	A	g5162.t1	A
rna-XM_057806092.1	A	g5165.t1	A
rna-XM_057806093.1	A	g5163.t1	A
rna-XM_057805988.1	A	g4779.t1	A
rna-XM_057805990.1	A	g12360.t1	A
rna-XM_057805989.1	A	g4842.t1	A
rna-XM_057805991.1	A	g4761.t1	A
rna-XM_057806066.1	A	g4853.t1	A
rna-XM_057805496.1	A	g4841.t1	A
rna-XM_057805484.1	A	g4840.t1	A
rna-XM_057806272.1	A	g4839.t2	A
rna-XM_057806281.1	A	g1221.t1	A
rna-XM_057805285.1	A	g3502.t3	A
rna-XM_057805467.1	A	g3501.t1	A
rna-XM_057805777.1	A	g7540.t1	A
rna-XM_057805811.1	A	g7539.t1	A
rna-XM_057805809.1	A	g7538.t1	A
rna-XM_057805813.1	A	g7537.t1	A
rna-XM_057805810.1	A	g13020.t1	A
rna-XM_057805807.1	A	g3518.t1	A
rna-XM_057805814.1	A	g3517.t1	A
rna-XM_057805803.1	A	g8094.t1	A
rna-XM_057805817.1	A	g8098.t1	A
rna-XM_057805766.1	A	g2324.t1	A
rna-XM_057805771.1	A	g13022.t1	A
rna-XM_057805812.1	A	g13122.t1	A
rna-XM_057805815.1	A	g4714.t1	A
rna-XM_057805821.1	A	g8360.t1	A
rna-XM_057805827.1	A	g9601.t1	A
rna-XM_057805825.1	A	g9616.t1	A
rna-XM_057805828.1	A	g5190.t1	A
rna-XM_057805978.1	A	g9572.t1	A
rna-XM_057805979.1	A	g9574.t1	A
rna-XM_057805266.1	A	g9605.t1	A
rna-XM_057805267.1	A	g9606.t1	A
rna-XM_057805268.1	A	g9607.t1	A
rna-XM_057805272.1	A	g9608.t1	A
rna-XM_057806461.1	A	g9610.t1	A
rna-XM_057806463.1	A	g9611.t1	A
rna-XM_057806460.1	A	g9612.t1	A
rna-XM_057806467.1	A	g9600.t1	A
rna-XM_057806468.1	A	g7500.t1	A
rna-XM_057806469.1	A	g9598.t1	A
rna-XM_057806473.1	A	g9599.t1	A
rna-XM_057805438.1	A	g7499.t1	A
rna-XM_057805440.1	A	g7498.t1	A
rna-XM_057805628.1	A	g9580.t1	A
rna-XM_057805620.1	A	g9583.t1	A
rna-XM_057805568.1	A	g9592.t2	A
rna-XM_057805619.1	A	g9595.t2	A
rna-XM_057806253.1	A	g9596.t1	A
rna-XM_057806254.1	A	g9148.t2	A
rna-XM_057806415.1	A	g9571.t1	A
rna-XM_057805992.1	A	g9602.t1	A
rna-XM_057805993.1	A	g9569.t1	A
rna-XM_057806475.1	A	g7822.t2	A
rna-XM_057805275.1	A	g8250.t1	A
rna-XM_057805276.1	A	g1103.t1	A
rna-XM_057805274.1	A	g8326.t1	A
rna-XM_057805280.1	A	g7722.t1	A
rna-XM_057805278.1	A	g8251.t1	A
rna-XM_057805281.1	A	g4831.t1	A
rna-XM_057806074.1	A	g4832.t1	A
rna-XM_057806075.1	A	g4835.t1	A
rna-XM_057805937.1	A	g4836.t2	A
rna-XM_057806120.1	A	g3510.t1	A
rna-XM_057806119.1	A	g747.t1	A
rna-XM_057805934.1	A	g3511.t1	A
rna-XM_057805940.1	A	g3512.t1	A
rna-XM_057805319.1	A	g4662.t1	A
rna-XM_057805697.1	A	g7941.t1	A
rna-XM_057805695.1	A	g4663.t2	A
rna-XM_057805973.1	A	g4664.t1	A
rna-XM_057805551.1	A	g4665.t1	A
rna-XM_057805547.1	A	g4666.t1	A
rna-XM_057805556.1	A	g4667.t1	A
rna-XM_057805689.1	A	g8269.t1	A
rna-XM_057805454.1	A	g4671.t1	A
rna-XM_057805877.1	A	g2273.t1	A
rna-XM_057805710.1	A	g1245.t1	A
rna-XM_057805721.1	A	g1246.t1	A
rna-XM_057805735.1	A	g1248.t1	A
rna-XM_057805724.1	A	g1249.t1	A
rna-XM_057805726.1	A	g1253.t1	A
rna-XM_057805737.1	A	g7828.t1	A
rna-XM_057805955.1	A	g3803.t1	A
rna-XM_057805369.1	A	g3689.t1	A
rna-XM_057805372.1	A	g1132.t1	A
rna-XM_057806543.1	A	g7829.t1	A
rna-XM_057806544.1	A	g7830.t2	A
rna-XM_057805370.1	A	g8426.t1	A
rna-XM_057805383.1	A	g8425.t1	A
rna-XM_057805384.1	A	g5775.t1	A
rna-XM_057805380.1	A	g710.t1	A
rna-XM_057805382.1	A	g13514.t1	A
rna-XM_057805378.1	A	g13515.t1	A
rna-XM_057805518.1	A	g13516.t1	A
rna-XM_057805528.1	A	g13518.t2	A
rna-XM_057805529.1	A	g13520.t1	A
rna-XM_057805530.1	A	g13053.t2	A
rna-XM_057805533.1	A	g5033.t1	A
rna-XM_057805536.1	A	g5032.t1	A
rna-XM_057805348.1	A	g7319.t2	A
rna-XM_057805322.1	A	g7318.t2	A
rna-XM_057805340.1	A	g9576.t1	A
rna-XM_057805337.1	A	g10632.t1	A
rna-XM_057805350.1	A	g4115.t1	A
rna-XM_057805361.1	A	g13299.t1	A
rna-XM_057805358.1	A	g13557.t1	A
rna-XM_057805360.1	A	g2886.t1	X
rna-XM_057805357.1	A	g13300.t1	A
rna-XM_057806016.1	A	g14180.t1	A
rna-XM_057805927.1	A	g14181.t1	A
rna-XM_057805417.1	A	g5514.t1	A
rna-XM_057805691.1	A	g5513.t1	A
rna-XM_057806099.1	A	g13017.t3	A
rna-XM_057806098.1	A	g13018.t2	A
rna-XM_057806101.1	A	g3519.t1	A
rna-XM_057806103.1	A	g3520.t1	A
rna-XM_057806954.1	A	g4063.t1	A
rna-XM_057806678.1	A	g4062.t1	A
rna-XM_057806679.1	A	g4061.t1	A
rna-XM_057806655.1	A	g4051.t1	A
rna-XM_057806653.1	A	g4049.t1	A
rna-XM_057806654.1	A	g4048.t1	A
rna-XM_057806652.1	A	g10629.t1	A
rna-XM_057806635.1	A	g7667.t1	A
rna-XM_057807546.1	A	g4045.t1	A
rna-XM_057807077.1	A	g9575.t1	A
rna-XM_057807078.1	A	g4222.t1	A
rna-XM_057806676.1	A	g1523.t1	X
rna-XM_057806634.1	A	g4058.t2	A
rna-XM_057806614.1	A	g10738.t1	A
rna-XM_057807018.1	A	g10737.t1	A
rna-XM_057807507.1	A	g6982.t1	A
rna-XM_057807503.1	A	g355.t1	A
rna-XM_057807506.1	A	g6983.t1	A
rna-XM_057807510.1	A	g511.t1	A
rna-XM_057806942.1	A	g6363.t1	A
rna-XM_057807452.1	A	g6364.t3	A
rna-XM_057807454.1	A	g6365.t1	A
rna-XM_057807455.1	A	g6856.t1	A
rna-XM_057807098.1	A	g6855.t1	A
rna-XM_057807110.1	A	g6854.t2	A
rna-XM_057807097.1	A	g6853.t1	A
rna-XM_057807096.1	A	g6852.t1	A
rna-XM_057807222.1	A	g8288.t1	A
rna-XM_057807217.1	A	g7940.t2	A
rna-XM_057807225.1	A	g3581.t1	A
rna-XM_057807228.1	A	g3584.t1	A
rna-XM_057807224.1	A	g3585.t1	A
rna-XM_057807061.1	A	g3587.t1	A
rna-XM_057806690.1	A	g3590.t1	A
rna-XM_057806920.1	A	g3591.t1	A
rna-XM_057806951.1	A	g9753.t1	A
rna-XM_057807294.1	A	g2439.t1	A
rna-XM_057807295.1	A	g4161.t1	A
rna-XM_057807297.1	A	g3372.t1	A
rna-XM_057807301.1	A	g3373.t1	A
rna-XM_057807305.1	A	g11577.t1	A
rna-XM_057807303.1	A	g10845.t1	A
rna-XM_057807306.1	A	g10851.t1	A
rna-XM_057806855.1	A	g10852.t1	A
rna-XM_057807342.1	A	g10847.t1	A
rna-XM_057807347.1	A	g892.t1	A
rna-XM_057807346.1	A	g893.t1	A
rna-XM_057807464.1	A	g896.t1	A
rna-XM_057807477.1	A	g895.t1	A
rna-XM_057807467.1	A	g894.t1	A
rna-XM_057807471.1	A	g10931.t2	A
rna-XM_057807460.1	A	g10846.t1	A
rna-XM_057807470.1	A	g4851.t1	A
rna-XM_057807324.1	A	g4604.t1	A
rna-XM_057807321.1	A	g10670.t1	A
rna-XM_057807335.1	A	g629.t1	A
rna-XM_057807331.1	A	g626.t2	A
rna-XM_057807333.1	A	g6775.t1	A
rna-XM_057807328.1	A	g9288.t1	A
rna-XM_057806812.1	A	g4660.t1	A
rna-XM_057806814.1	A	g4661.t1	A
rna-XM_057806841.1	A	g4603.t1	A
rna-XM_057806665.1	A	g9872.t1	A
rna-XM_057806660.1	A	g865.t1	A
rna-XM_057807555.1	A	g904.t1	A
rna-XM_057807558.1	A	g4793.t1	A
rna-XM_057806842.1	A	g1009.t1	A
rna-XM_057806823.1	A	g6305.t1	A
rna-XM_057807034.1	A	g1131.t1	A
rna-XM_057807145.1	A	g9186.t1	A
rna-XM_057807146.1	A	g1130.t1	A
rna-XM_057807002.1	A	g3138.t1	A
rna-XM_057807007.1	A	g9185.t1	A
rna-XM_057807006.1	A	g8950.t1	A
rna-XM_057807009.1	A	g11840.t2	A
rna-XM_057807001.1	A	g10292.t1	A
rna-XM_057806844.1	A	g8538.t1	A
rna-XM_057806977.1	A	g2532.t1	A
rna-XM_057807560.1	A	g3635.t1	A
rna-XM_057807561.1	A	g3638.t1	A
rna-XM_057807571.1	A	g3634.t1	A
rna-XM_057806966.1	A	g11185.t1	A
rna-XM_057806795.1	A	g9546.t1	A
rna-XM_057807151.1	A	g11062.t1	A
rna-XM_057807163.1	A	g11838.t5	A
rna-XM_057807162.1	A	g11837.t1	A
rna-XM_057807167.1	A	g1816.t1	A
rna-XM_057807170.1	A	g12581.t1	A
rna-XM_057807174.1	A	g8949.t1	A
rna-XM_057807176.1	A	g8953.t1	A
rna-XM_057807175.1	A	g8952.t2	A
rna-XM_057807178.1	A	g7140.t1	A
rna-XM_057807179.1	A	g8955.t1	A
rna-XM_057807181.1	A	g8163.t1	A
rna-XM_057807183.1	A	g8130.t1	A
rna-XM_057807186.1	A	g3838.t1	A
rna-XM_057807187.1	A	g8816.t1	A
rna-XM_057807192.1	A	g9006.t1	A
rna-XM_057807193.1	A	g9871.t1	A
rna-XM_057807194.1	A	g12256.t1	A
rna-XM_057807198.1	A	g8978.t2	A
rna-XM_057807201.1	A	g8979.t1	A
rna-XM_057807203.1	A	g8980.t1	A
rna-XM_057807205.1	A	g8992.t1	A
rna-XM_057807204.1	A	g8981.t2	A
rna-XM_057806853.1	A	g9009.t1	A
rna-XM_057807062.1	A	g9008.t1	A
rna-XM_057806845.1	A	g8818.t1	A
rna-XM_057806847.1	A	g8817.t8	A
rna-XM_057806697.1	A	g12265.t1	A
rna-XM_057807530.1	A	g12266.t1	A
rna-XM_057807535.1	A	g1926.t1	A
rna-XM_057806928.1	A	g8833.t1	A
rna-XM_057806932.1	A	g9709.t1	A
rna-XM_057806930.1	A	g9712.t1	A
rna-XM_057806931.1	A	g11559.t1	A
rna-XM_057806929.1	A	g8128.t1	A
rna-XM_057807021.1	A	g5929.t1	A
rna-XM_057806736.1	A	g2354.t1	A
rna-XM_057806750.1	A	g7823.t1	A
rna-XM_057806645.1	A	g9292.t1	A
rna-XM_057806644.1	A	g9263.t1	A
rna-XM_057806648.1	A	g11338.t1	A
rna-XM_057806650.1	A	g10096.t1	A
rna-XM_057806646.1	A	g4598.t1	A
rna-XM_057806599.1	A	g5673.t1	A
rna-XM_057806598.1	A	g6130.t1	A
rna-XM_057806593.1	A	g6131.t1	A
rna-XM_057806596.1	A	g10809.t1	A
rna-XM_057806595.1	A	g7696.t1	A
rna-XM_057806600.1	A	g3416.t2	A
rna-XM_057806601.1	A	g4600.t1	A
rna-XM_057807113.1	A	g4601.t1	A
rna-XM_057806927.1	A	g13689.t1	A
rna-XM_057806936.1	A	g13674.t1	A
rna-XM_057806761.1	A	g1227.t2	A
rna-XM_057806762.1	A	g4134.t1	A
rna-XM_057807497.1	A	g4631.t1	A
rna-XM_057807501.1	A	g3525.t1	A
rna-XM_057806683.1	A	g10758.t1	A
rna-XM_057806756.1	A	g4821.t1	A
rna-XM_057806743.1	A	g2250.t1	A
rna-XM_057806934.1	A	g4825.t1	A
rna-XM_057807080.1	A	g4846.t1	A
rna-XM_057807081.1	A	g4847.t1	A
rna-XM_057806691.1	A	g4579.t1	A
rna-XM_057806994.1	A	g4578.t1	A
rna-XM_057806923.1	A	g14553.t1	A
rna-XM_057807114.1	A	g10872.t1	A
rna-XM_057807115.1	A	g4577.t1	A
rna-XM_057806673.1	A	g4039.t1	A
rna-XM_057806672.1	A	g8304.t1	A
rna-XM_057806674.1	A	g10501.t1	A
rna-XM_057806668.1	A	g10502.t1	A
rna-XM_057806941.1	A	g9797.t1	A
rna-XM_057806724.1	A	g9798.t1	A
rna-XM_057807069.1	A	g9799.t1	A
rna-XM_057807108.1	A	g5612.t2	A
rna-XM_057806727.1	A	g5692.t1	A
rna-XM_057807246.1	A	g5688.t1	A
rna-XM_057806802.1	A	g5614.t1	A
rna-XM_057806623.1	A	g10016.t1	A
rna-XM_057806624.1	A	g3836.t2	A
rna-XM_057806794.1	A	g9134.t1	A
rna-XM_057807134.1	A	g5682.t1	A
rna-XM_057807137.1	A	g4031.t1	A
rna-XM_057806747.1	A	g14373.t1	A
rna-XM_057806641.1	A	g14364.t1	A
rna-XM_057807336.1	A	g3900.t1	A
rna-XM_057807082.1	A	g1168.t1	A
rna-XM_057807073.1	A	g14365.t1	A
rna-XM_057806965.1	A	g3902.t1	A
rna-XM_057806996.1	A	g6132.t1	A
rna-XM_057806998.1	A	g7698.t1	A
rna-XM_057807447.1	A	g12772.t1	A
rna-XM_057807143.1	A	g8704.t1	A
rna-XM_057806948.1	A	g13895.t1	A
rna-XM_057807144.1	A	g13110.t1	A
rna-XM_057806732.1	A	g13896.t1	A
rna-XM_057807367.1	A	g13893.t1	A
rna-XM_057807373.1	A	g13894.t1	A
rna-XM_057807375.1	A	g13892.t1	A
rna-XM_057807376.1	A	g13891.t2	A
rna-XM_057807385.1	A	g8396.t1	A
rna-XM_057807386.1	A	g13560.t1	A
rna-XM_057807394.1	A	g13559.t1	A
rna-XM_057807408.1	A	g13436.t1	A
rna-XM_057807420.1	A	g13443.t1	A
rna-XM_057807415.1	A	g13442.t1	A
rna-XM_057807424.1	A	g13441.t3	A
rna-XM_057807422.1	A	g13439.t1	A
rna-XM_057807426.1	A	g13440.t5	A
rna-XM_057807433.1	A	g13438.t1	A
rna-XM_057807430.1	A	g13437.t1	A
rna-XM_057807438.1	A	g3757.t1	A
rna-XM_057807479.1	A	g1056.t1	A
rna-XM_057807482.1	A	g1054.t1	A
rna-XM_057807485.1	A	g1053.t1	A
rna-XM_057807524.1	A	g1052.t2	A
rna-XM_057807083.1	A	g1050.t1	A
rna-XM_057806768.1	A	g8199.t1	A
rna-XM_057806943.1	A	g12172.t2	A
rna-XM_057806944.1	A	g7794.t1	A
rna-XM_057807068.1	A	g7701.t1	A
rna-XM_057807440.1	A	g7700.t2	A
rna-XM_057807445.1	A	g12390.t2	A
rna-XM_057806992.1	A	g12391.t1	A
rna-XM_057807208.1	A	g12035.t1	A
rna-XM_057807209.1	A	g5288.t2	A
rna-XM_057806721.1	A	g1863.t1	A
rna-XM_057806714.1	A	g1862.t1	A
rna-XM_057806715.1	A	g1861.t1	A
rna-XM_057806718.1	A	g1859.t1	A
rna-XM_057806699.1	A	g1858.t1	A
rna-XM_057806716.1	A	g5036.t1	A
rna-XM_057806701.1	A	g5035.t1	A
rna-XM_057807087.1	A	g4888.t2	A
rna-XM_057807090.1	A	g9215.t1	A
rna-XM_057807093.1	A	g6738.t1	A
rna-XM_057807094.1	A	g1853.t1	A
rna-XM_057807058.1	A	g8959.t2	A
rna-XM_057806924.1	A	g8807.t1	A
rna-XM_057807549.1	A	g4691.t1	A
rna-XM_057807551.1	A	g4794.t3	A
rna-XM_057807553.1	A	g9863.t1	A
rna-XM_057807547.1	A	g10704.t1	A
rna-XM_057807554.1	A	g10703.t1	A
rna-XM_057807020.1	A	g9861.t1	A
rna-XM_057807618.1	A	g9873.t2	A
rna-XM_057807487.1	A	g10298.t1	A
rna-XM_057807489.1	A	g10297.t1	A
rna-XM_057806726.1	A	g4576.t1	A
rna-XM_057807233.1	A	g9802.t1	A
rna-XM_057807240.1	A	g9803.t1	A
rna-XM_057807234.1	A	g9804.t1	A
rna-XM_057807236.1	A	g8192.t1	A
rna-XM_057807213.1	A	g9707.t1	A
rna-XM_057807031.1	A	g9706.t1	A
rna-XM_057806958.1	A	g8127.t2	A
rna-XM_057806959.1	A	g12215.t1	A
rna-XM_057806963.1	A	g2338.t1	A
rna-XM_057806935.1	A	g10364.t1	A
rna-XM_057807085.1	A	g10519.t1	A
rna-XM_057807287.1	A	g5134.t2	A
rna-XM_057806858.1	A	g5131.t1	A
rna-XM_057806843.1	A	g5132.t1	A
rna-XM_057807067.1	A	g5129.t1	A
rna-XM_057807066.1	A	g5126.t1	A
rna-XM_057806961.1	A	g9868.t1	A
rna-XM_057806604.1	A	g11724.t4	A
rna-XM_057806836.1	A	g11664.t1	A
rna-XM_057806826.1	A	g11665.t1	A
rna-XM_057807252.1	A	g11826.t1	A
rna-XM_057807259.1	A	g9300.t1	A
rna-XM_057807256.1	A	g2715.t1	A
rna-XM_057807262.1	A	g9299.t1	A
rna-XM_057807270.1	A	g14367.t1	A
rna-XM_057807281.1	A	g13957.t1	A
rna-XM_057807265.1	A	g12773.t1	A
rna-XM_057807267.1	A	g12735.t1	A
rna-XM_057807283.1	A	g12734.t2	A
rna-XM_057807285.1	A	g12771.t1	A
rna-XM_057807277.1	A	g12770.t1	A
rna-XM_057807279.1	A	g6229.t1	A
rna-XM_057807275.1	A	g12647.t1	A
rna-XM_057807272.1	A	g12648.t1	A
rna-XM_057807266.1	A	g14288.t1	A
rna-XM_057807278.1	A	g5107.t2	A
rna-XM_057807269.1	A	g12613.t1	A
rna-XM_057807282.1	A	g9568.t1	A
rna-XM_057807273.1	A	g12614.t1	A
rna-XM_057806916.1	A	g12611.t1	A
rna-XM_057807308.1	A	g11082.t1	A
rna-XM_057807232.1	A	g11081.t1	A
rna-XM_057806819.1	A	g13791.t1	A
rna-XM_057807320.1	A	g2085.t1	A
rna-XM_057806723.1	A	g2124.t1	A
rna-XM_057806675.1	A	g2125.t1	A
rna-XM_057807349.1	A	g14720.t1	A
rna-XM_057807348.1	A	g13784.t1	A
rna-XM_057807511.1	A	g11930.t2	A
rna-XM_057807522.1	A	g9718.t2	A
rna-XM_057807244.1	A	g3258.t3	A
rna-XM_057807309.1	A	g602.t2	A
rna-XM_057806983.1	A	g14485.t1	A
rna-XM_057806984.1	A	g592.t2	A
rna-XM_057806695.1	A	g269.t1	A
rna-XM_057807583.1	A	g935.t2	A
rna-XM_057807615.1	A	g13787.t1	A
rna-XM_057807606.1	A	g13785.t1	A
rna-XM_057807611.1	A	g8567.t1	A
rna-XM_057807586.1	A	g4144.t1	A
rna-XM_057807616.1	A	g8565.t2	A
rna-XM_057807245.1	A	g8564.t1	A
rna-XM_057807587.1	A	g7189.t1	A
rna-XM_057807603.1	A	g3294.t1	A
rna-XM_057807605.1	A	g7193.t1	A
rna-XM_057807038.1	A	g11949.t1	A
rna-XM_057807041.1	A	g3789.t2	A
rna-XM_057806667.1	A	g11952.t1	A
rna-XM_057807060.1	A	g11953.t1	A
rna-XM_057807313.1	A	g11954.t1	A
rna-XM_057807314.1	A	g11957.t1	A
rna-XM_057807317.1	A	g6874.t1	A
rna-XM_057807319.1	A	g7739.t1	A
rna-XM_057806821.1	A	g7738.t1	A
rna-XM_057807125.1	A	g7832.t2	A
rna-XM_057807123.1	A	g11689.t1	A
rna-XM_057806971.1	A	g11694.t1	A
rna-XM_057806972.1	A	g12384.t1	A
rna-XM_057806967.1	A	g12385.t1	A
rna-XM_057806973.1	A	g12386.t1	A
rna-XM_057806969.1	A	g12387.t1	A
rna-XM_057806975.1	A	g11695.t1	A
rna-XM_057806607.1	A	g9038.t1	A
rna-XM_057806636.1	A	g9135.t1	A
rna-XM_057807086.1	A	g9912.t1	A
rna-XM_057807025.1	A	g9911.t1	A
rna-XM_057806896.1	A	g9910.t1	A
rna-XM_057806899.1	A	g8687.t1	A
rna-XM_057806908.1	A	g8625.t1	A
rna-XM_057806904.1	A	g9909.t1	A
rna-XM_057806909.1	A	g14786.t1	A
rna-XM_057806894.1	A	g9922.t2	A
rna-XM_057806906.1	A	g9985.t1	A
rna-XM_057806910.1	A	g10802.t1	A
rna-XM_057806901.1	A	g5369.t1	A
rna-XM_057806911.1	A	g10609.t1	A
rna-XM_057806913.1	A	g3778.t1	A
rna-XM_057806903.1	A	g8373.t1	A
rna-XM_057806890.1	A	g10933.t1	A
rna-XM_057806861.1	A	g4279.t7	A
rna-XM_057806915.1	A	g10929.t3	A
rna-XM_057806914.1	A	g10928.t1	A
rna-XM_057806766.1	A	g12567.t1	A
rna-XM_057806749.1	A	g4128.t1	A
rna-XM_057807048.1	A	g10562.t1	A
rna-XM_057807050.1	A	g10561.t1	A
rna-XM_057807026.1	A	g3720.t1	A
rna-XM_057807027.1	A	g4207.t1	A
rna-XM_057806630.1	A	g4211.t1	A
rna-XM_057807573.1	A	g12656.t1	A
rna-XM_057807574.1	A	g12658.t1	A
rna-XM_057806851.1	A	g2514.t1	A
rna-XM_057806852.1	A	g5748.t1	A
rna-XM_057807028.1	A	g11141.t2	A
rna-XM_057807030.1	A	g11144.t1	A
rna-XM_057807575.1	A	g11145.t2	A
rna-XM_057807581.1	A	g11146.t1	A
rna-XM_057807071.1	A	g2574.t1	A
rna-XM_057807072.1	A	g2639.t1	A
rna-XM_057806657.1	A	g12700.t2	A
rna-XM_057806982.1	A	g7675.t1	A
rna-XM_057806978.1	A	g2641.t1	A
rna-XM_057806737.1	A	g14313.t1	A
rna-XM_057806763.1	A	g9537.t1	A
rna-XM_057807045.1	A	g14788.t1	A
rna-XM_057807046.1	A	g8395.t1	A
rna-XM_057806785.1	A	g709.t1	A
rna-XM_057806781.1	A	g14718.t1	A
rna-XM_057806790.1	A	g8423.t1	A
rna-XM_057806789.1	A	g4011.t1	A
rna-XM_057806775.1	A	g11251.t1	A
rna-XM_057806788.1	A	g13851.t1	A
rna-XM_057806774.1	A	g9243.t1	A
rna-XM_057806793.1	A	g8415.t1	A
rna-XM_057806786.1	A	g8424.t1	A
rna-XM_057806784.1	A	g11379.t1	A
rna-XM_057806792.1	A	g7560.t1	A
rna-XM_057806778.1	A	g2400.t1	A
rna-XM_057806773.1	A	g9648.t1	A
rna-XM_057808934.1	A	g10133.t1	A
rna-XM_057807659.1	A	g10130.t1	A
rna-XM_057808553.1	A	g10157.t1	A
rna-XM_057808548.1	A	g10166.t1	A
rna-XM_057808550.1	A	g10134.t2	A
rna-XM_057808560.1	A	g437.t1	A
rna-XM_057808573.1	A	g436.t1	A
rna-XM_057808574.1	A	g435.t1	A
rna-XM_057808576.1	A	g9983.t1	A
rna-XM_057808581.1	A	g9675.t1	A
rna-XM_057808555.1	A	g10140.t2	A
rna-XM_057808571.1	A	g10139.t1	A
rna-XM_057808580.1	A	g12990.t1	A
rna-XM_057808556.1	A	g10138.t1	A
rna-XM_057808484.1	A	g10963.t1	A
rna-XM_057808582.1	A	g4250.t1	A
rna-XM_057808578.1	A	g6251.t1	A
rna-XM_057808570.1	A	g9853.t1	A
rna-XM_057808583.1	A	g9485.t1	A
rna-XM_057808584.1	A	g9486.t2	A
rna-XM_057808586.1	A	g13607.t1	A
rna-XM_057808587.1	A	g13547.t1	A
rna-XM_057808588.1	A	g1366.t1	A
rna-XM_057808590.1	A	g1365.t1	A
rna-XM_057808603.1	A	g14806.t1	A
rna-XM_057808601.1	A	g14807.t4	A
rna-XM_057808599.1	A	g14808.t1	A
rna-XM_057808607.1	A	g11448.t2	A
rna-XM_057808610.1	A	g819.t1	A
rna-XM_057808612.1	A	g13337.t1	A
rna-XM_057808611.1	A	g4260.t1	A
rna-XM_057808613.1	A	g4265.t1	A
rna-XM_057808615.1	A	g11189.t2	A
rna-XM_057808619.1	A	g11188.t2	A
rna-XM_057808623.1	A	g10956.t1	A
rna-XM_057808624.1	A	g11186.t1	A
rna-XM_057808626.1	A	g10955.t2	A
rna-XM_057808631.1	A	g8027.t1	A
rna-XM_057808634.1	A	g8029.t1	A
rna-XM_057808633.1	A	g11167.t1	A
rna-XM_057808636.1	A	g3643.t1	A
rna-XM_057808638.1	A	g3644.t1	A
rna-XM_057808637.1	A	g11450.t1	A
rna-XM_057808632.1	A	g11451.t1	A
rna-XM_057808635.1	A	g5062.t2	A
rna-XM_057808640.1	A	g11452.t1	A
rna-XM_057808643.1	A	g11453.t1	A
rna-XM_057808646.1	A	g2215.t1	A
rna-XM_057808651.1	A	g2216.t1	A
rna-XM_057808650.1	A	g1005.t1	A
rna-XM_057808653.1	A	g11456.t1	A
rna-XM_057808648.1	A	g2221.t1	A
rna-XM_057808649.1	A	g2220.t1	A
rna-XM_057808652.1	A	g2222.t1	A
rna-XM_057808658.1	A	g2223.t1	A
rna-XM_057808663.1	A	g11176.t1	A
rna-XM_057808681.1	A	g11175.t1	A
rna-XM_057808677.1	A	g10958.t1	A
rna-XM_057808660.1	A	g10957.t4	A
rna-XM_057808665.1	A	g1819.t1	A
rna-XM_057808674.1	A	g3642.t1	A
rna-XM_057808678.1	A	g8036.t1	A
rna-XM_057808659.1	A	g8037.t1	A
rna-XM_057808682.1	A	g8038.t1	A
rna-XM_057808683.1	A	g8039.t2	A
rna-XM_057808691.1	A	g3742.t1	A
rna-XM_057808687.1	A	g3743.t1	A
rna-XM_057808689.1	A	g7676.t1	A
rna-XM_057808690.1	A	g7677.t1	A
rna-XM_057808692.1	A	g4935.t1	A
rna-XM_057808686.1	A	g7674.t1	A
rna-XM_057808693.1	A	g8248.t1	A
rna-XM_057808697.1	A	g74.t1	A
rna-XM_057808698.1	A	g9279.t1	A
rna-XM_057808699.1	A	g8246.t1	A
rna-XM_057808700.1	A	g989.t1	A
rna-XM_057808702.1	A	g11447.t1	A
rna-XM_057808706.1	A	g10187.t1	A
rna-XM_057808708.1	A	g9674.t1	A
rna-XM_057808709.1	A	g7976.t1	A
rna-XM_057808721.1	A	g9852.t1	A
rna-XM_057808711.1	A	g439.t2	A
rna-XM_057808857.1	A	g438.t1	A
rna-XM_057808889.1	A	g9855.t1	A
rna-XM_057807771.1	A	g9854.t1	A
rna-XM_057808143.1	A	g6335.t1	A
rna-XM_057808142.1	A	g6336.t1	A
rna-XM_057807763.1	A	g10112.t1	A
rna-XM_057808829.1	A	g14039.t1	A
rna-XM_057807672.1	A	g14036.t1	A
rna-XM_057807941.1	A	g62.t1	A
rna-XM_057808305.1	A	g14341.t2	A
rna-XM_057807990.1	A	g59.t1	A
rna-XM_057808545.1	A	g57.t1	A
rna-XM_057808547.1	A	g56.t1	A
rna-XM_057808542.1	A	g14336.t1	A
rna-XM_057808538.1	A	g14333.t1	A
rna-XM_057808024.1	A	g14335.t1	A
rna-XM_057807927.1	A	g49.t1	A
rna-XM_057808487.1	A	g14326.t1	A
rna-XM_057808273.1	A	g8193.t1	A
rna-XM_057808274.1	A	g10174.t2	A
rna-XM_057808268.1	A	g9685.t1	A
rna-XM_057808278.1	A	g13945.t2	A
rna-XM_057808275.1	A	g10372.t1	A
rna-XM_057808284.1	A	g9860.t1	A
rna-XM_057807778.1	A	g9866.t1	A
rna-XM_057807812.1	A	g9859.t1	A
rna-XM_057808843.1	A	g9858.t1	A
rna-XM_057808844.1	A	g10223.t1	A
rna-XM_057808842.1	A	g10224.t1	A
rna-XM_057808834.1	A	g10225.t1	A
rna-XM_057808845.1	A	g8573.t1	A
rna-XM_057808841.1	A	g10227.t1	A
rna-XM_057808304.1	A	g10856.t1	A
rna-XM_057808511.1	A	g14124.t1	A
rna-XM_057807880.1	A	g13943.t1	A
rna-XM_057808296.1	A	g5767.t1	A
rna-XM_057807750.1	A	g14126.t2	A
rna-XM_057807749.1	A	g14127.t1	A
rna-XM_057808345.1	A	g14128.t2	A
rna-XM_057807983.1	A	g10154.t1	A
rna-XM_057808131.1	A	g10151.t1	A
rna-XM_057808496.1	A	g10149.t1	A
rna-XM_057807949.1	A	g10147.t1	A
rna-XM_057808942.1	A	g6967.t1	A
rna-XM_057808041.1	A	g6303.t1	A
rna-XM_057807632.1	A	g6196.t1	A
rna-XM_057808099.1	A	g6195.t1	A
rna-XM_057808085.1	A	g6194.t1	A
rna-XM_057808090.1	A	g842.t1	A
rna-XM_057808106.1	A	g1370.t1	A
rna-XM_057808096.1	A	g1373.t1	A
rna-XM_057808095.1	A	g6333.t1	A
rna-XM_057807629.1	A	g6161.t1	A
rna-XM_057807630.1	A	g6160.t2	A
rna-XM_057808798.1	A	g6652.t2	A
rna-XM_057808800.1	A	g6651.t1	A
rna-XM_057808813.1	A	g6547.t1	A
rna-XM_057808805.1	A	g6148.t1	A
rna-XM_057808811.1	A	g6548.t1	A
rna-XM_057808173.1	A	g6147.t1	A
rna-XM_057808181.1	A	g3396.t1	A
rna-XM_057808180.1	A	g6760.t1	A
rna-XM_057807801.1	A	g6167.t1	A
rna-XM_057807802.1	A	g6163.t1	A
rna-XM_057807798.1	A	g6164.t1	A
rna-XM_057807797.1	A	g6165.t1	A
rna-XM_057807800.1	A	g5956.t1	A
rna-XM_057808833.1	A	g6166.t1	A
rna-XM_057807674.1	A	g6162.t1	A
rna-XM_057807808.1	A	g6170.t1	A
rna-XM_057807762.1	A	g6171.t1	A
rna-XM_057808231.1	A	g6213.t1	A
rna-XM_057808488.1	A	g6258.t1	A
rna-XM_057808494.1	A	g6259.t1	A
rna-XM_057808815.1	A	g6830.t1	A
rna-XM_057808814.1	A	g6257.t2	A
rna-XM_057808248.1	A	g6260.t1	A
rna-XM_057808245.1	A	g6832.t1	A
rna-XM_057808243.1	A	g5778.t1	A
rna-XM_057808244.1	A	g5780.t2	A
rna-XM_057807950.1	A	g5777.t1	A
rna-XM_057808169.1	A	g5866.t1	A
rna-XM_057807867.1	A	g5865.t1	A
rna-XM_057807870.1	A	g5784.t1	A
rna-XM_057807669.1	A	g5783.t1	A
rna-XM_057807871.1	A	g5870.t1	A
rna-XM_057807636.1	A	g6214.t4	A
rna-XM_057807864.1	A	g5876.t1	A
rna-XM_057807717.1	A	g5875.t1	A
rna-XM_057808025.1	A	g5874.t1	A
rna-XM_057808028.1	A	g5872.t1	A
rna-XM_057808230.1	A	g6242.t1	A
rna-XM_057807685.1	A	g5867.t1	A
rna-XM_057807666.1	A	g5871.t1	A
rna-XM_057808847.1	A	g6215.t1	A
rna-XM_057808846.1	A	g6216.t1	A
rna-XM_057808854.1	A	g9454.t1	A
rna-XM_057808851.1	A	g6176.t1	A
rna-XM_057808849.1	A	g5884.t1	A
rna-XM_057808856.1	A	g5883.t1	A
rna-XM_057808855.1	A	g6233.t1	A
rna-XM_057808295.1	A	g6231.t1	A
rna-XM_057808046.1	A	g6236.t1	A
rna-XM_057808289.1	A	g6237.t1	A
rna-XM_057807899.1	A	g6238.t1	A
rna-XM_057807912.1	A	g6241.t1	A
rna-XM_057808831.1	A	g6989.t1	A
rna-XM_057808830.1	A	g6990.t1	A
rna-XM_057808832.1	A	g5782.t1	A
rna-XM_057808158.1	A	g6987.t1	A
rna-XM_057807628.1	A	g6986.t1	A
rna-XM_057808498.1	A	g6984.t1	A
rna-XM_057807947.1	A	g6304.t2	A
rna-XM_057807940.1	A	g3112.t1	A
rna-XM_057807933.1	A	g7007.t1	A
rna-XM_057808448.1	A	g5781.t2	A
rna-XM_057808450.1	A	g5868.t1	A
rna-XM_057808456.1	A	g5869.t1	A
rna-XM_057808501.1	A	g6223.t1	A
rna-XM_057808911.1	A	g11072.t1	A
rna-XM_057807967.1	A	g11403.t1	A
rna-XM_057807813.1	A	g11401.t1	A
rna-XM_057807818.1	A	g5657.t2	A
rna-XM_057807816.1	A	g8092.t1	A
rna-XM_057807819.1	A	g7974.t2	A
rna-XM_057808503.1	A	g7978.t1	A
rna-XM_057807824.1	A	g6688.t1	A
rna-XM_057807829.1	A	g5336.t1	A
rna-XM_057807830.1	A	g10025.t1	A
rna-XM_057807834.1	A	g6720.t1	A
rna-XM_057807836.1	A	g6721.t1	A
rna-XM_057808504.1	A	g6722.t1	A
rna-XM_057807838.1	A	g12418.t1	A
rna-XM_057807839.1	A	g2039.t1	A
rna-XM_057807841.1	A	g2083.t1	A
rna-XM_057807849.1	A	g4355.t1	A
rna-XM_057807917.1	A	g6963.t1	A
rna-XM_057807673.1	A	g6964.t1	A
rna-XM_057807701.1	A	g6965.t1	A
rna-XM_057807686.1	A	g6966.t1	A
rna-XM_057807699.1	A	g9654.t1	A
rna-XM_057808039.1	A	g500.t1	A
rna-XM_057807754.1	A	g503.t1	A
rna-XM_057807752.1	A	g502.t1	A
rna-XM_057808030.1	A	g501.t1	A
rna-XM_057807794.1	A	g276.t1	A
rna-XM_057807716.1	A	g277.t1	A
rna-XM_057807715.1	A	g278.t2	A
rna-XM_057807869.1	A	g279.t1	A
rna-XM_057807850.1	A	g280.t1	A
rna-XM_057808192.1	A	g10195.t1	A
rna-XM_057808195.1	A	g10200.t1	A
rna-XM_057808200.1	A	g10198.t1	A
rna-XM_057807710.1	A	g10197.t1	A
rna-XM_057807708.1	A	g10201.t1	A
rna-XM_057808204.1	A	g10175.t1	A
rna-XM_057808505.1	A	g10176.t1	A
rna-XM_057808083.1	A	g14812.t1	A
rna-XM_057807946.1	A	g14811.t1	A
rna-XM_057808793.1	A	g9857.t1	A
rna-XM_057808791.1	A	g9856.t1	A
rna-XM_057808795.1	A	g66.t1	A
rna-XM_057808790.1	A	g10000.t1	A
rna-XM_057808797.1	A	g67.t1	A
rna-XM_057808157.1	A	g10012.t1	A
rna-XM_057808016.1	A	g9653.t1	A
rna-XM_057808019.1	A	g4460.t2	A
rna-XM_057807942.1	A	g6040.t1	A
rna-XM_057807931.1	A	g10402.t1	A
rna-XM_057807795.1	A	g3700.t1	A
rna-XM_057808877.1	A	g6056.t1	A
rna-XM_057808883.1	A	g4439.t1	A
rna-XM_057808926.1	A	g6078.t1	A
rna-XM_057807974.1	A	g5106.t1	A
rna-XM_057807991.1	A	g6082.t1	A
rna-XM_057807656.1	A	g4937.t1	A
rna-XM_057807658.1	A	g14558.t1	A
rna-XM_057807655.1	A	g11090.t1	A
rna-XM_057807657.1	A	g11956.t2	A
rna-XM_057807648.1	A	g498.t1	A
rna-XM_057808141.1	A	g497.t2	A
rna-XM_057808138.1	A	g496.t1	A
rna-XM_057808140.1	A	g300.t1	A
rna-XM_057807975.1	A	g301.t1	A
rna-XM_057808506.1	A	g302.t1	A
rna-XM_057807992.1	A	g303.t1	A
rna-XM_057807676.1	A	g304.t1	A
rna-XM_057808154.1	A	g309.t1	A
rna-XM_057808233.1	A	g310.t3	A
rna-XM_057807858.1	A	g312.t1	A
rna-XM_057808910.1	A	g313.t1	A
rna-XM_057808167.1	A	g314.t1	A
rna-XM_057807723.1	A	g368.t1	A
rna-XM_057807726.1	A	g369.t1	A
rna-XM_057807746.1	A	g12419.t1	A
rna-XM_057807789.1	A	g2090.t1	A
rna-XM_057808507.1	A	g2091.t1	A
rna-XM_057807670.1	A	g2084.t1	A
rna-XM_057807671.1	A	g2087.t1	A
rna-XM_057807713.1	A	g2086.t1	A
rna-XM_057807711.1	A	g14800.t1	A
rna-XM_057807714.1	A	g14799.t1	A
rna-XM_057808116.1	A	g14732.t1	A
rna-XM_057807662.1	A	g14731.t1	A
rna-XM_057807663.1	A	g14730.t1	A
rna-XM_057807665.1	A	g14738.t1	A
rna-XM_057807664.1	A	g14776.t1	A
rna-XM_057807918.1	A	g14779.t1	A
rna-XM_057808530.1	A	g14777.t1	A
rna-XM_057808534.1	A	g14772.t2	A
rna-XM_057808535.1	A	g14764.t1	A
rna-XM_057808537.1	A	g14765.t1	A
rna-XM_057808536.1	A	g14766.t1	A
rna-XM_057808119.1	A	g14771.t1	A
rna-XM_057808122.1	A	g14770.t1	A
rna-XM_057807979.1	A	g3438.t1	A
rna-XM_057807943.1	A	g9882.t1	A
rna-XM_057808876.1	A	g13975.t1	A
rna-XM_057807718.1	A	g13365.t1	A
rna-XM_057807853.1	A	g991.t1	A
rna-XM_057808216.1	A	g13577.t1	A
rna-XM_057808222.1	A	g14216.t1	A
rna-XM_057808229.1	A	g466.t1	A
rna-XM_057808226.1	A	g614.t1	A
rna-XM_057808228.1	A	g613.t1	A
rna-XM_057808212.1	A	g9759.t1	A
rna-XM_057808215.1	A	g13842.t1	A
rna-XM_057808209.1	A	g8350.t1	A
rna-XM_057808213.1	A	g13585.t1	A
rna-XM_057808217.1	A	g13591.t1	A
rna-XM_057808118.1	A	g14848.t1	A
rna-XM_057807920.1	A	g13593.t1	A
rna-XM_057807948.1	A	g13595.t1	A
rna-XM_057808727.1	A	g13369.t1	A
rna-XM_057808724.1	A	g6718.t1	A
rna-XM_057808725.1	A	g11731.t1	A
rna-XM_057808728.1	A	g13298.t1	A
rna-XM_057808081.1	A	g992.t2	A
rna-XM_057808079.1	A	g13415.t1	A
rna-XM_057808895.1	A	g14072.t1	A
rna-XM_057807897.1	A	g13414.t1	A
rna-XM_057807893.1	A	g13413.t2	A
rna-XM_057807881.1	A	g13411.t2	A
rna-XM_057807888.1	A	g13410.t2	A
rna-XM_057807887.1	A	g13409.t1	A
rna-XM_057808824.1	A	g13408.t1	A
rna-XM_057808827.1	A	g13395.t1	A
rna-XM_057808826.1	A	g13396.t1	A
rna-XM_057807960.1	A	g13584.t1	A
rna-XM_057807932.1	A	g5048.t1	A
rna-XM_057807954.1	A	g5047.t1	A
rna-XM_057807792.1	A	g5046.t1	A
rna-XM_057807793.1	A	g5045.t1	A
rna-XM_057808125.1	A	g7668.t1	A
rna-XM_057808126.1	A	g12956.t1	A
rna-XM_057808124.1	A	g12966.t1	A
rna-XM_057807796.1	A	g12997.t1	A
rna-XM_057808297.1	A	g12963.t1	A
rna-XM_057808298.1	A	g12987.t1	A
rna-XM_057808302.1	A	g12986.t1	A
rna-XM_057808299.1	A	g12985.t1	A
rna-XM_057808187.1	A	g12984.t2	A
rna-XM_057808514.1	A	g12965.t1	A
rna-XM_057808251.1	A	g12994.t1	A
rna-XM_057808254.1	A	g263.t1	A
rna-XM_057808253.1	A	g504.t1	A
rna-XM_057808260.1	A	g287.t1	A
rna-XM_057808258.1	A	g288.t1	A
rna-XM_057807646.1	A	g289.t1	A
rna-XM_057807939.1	A	g7045.t1	A
rna-XM_057807938.1	A	g3146.t1	A
rna-XM_057807935.1	A	g4501.t3	A
rna-XM_057808001.1	A	g10900.t1	A
rna-XM_057807863.1	A	g4036.t1	A
rna-XM_057808013.1	A	g13685.t1	A
rna-XM_057808008.1	A	g5122.t1	A
rna-XM_057808014.1	A	g13691.t1	A
rna-XM_057808011.1	A	g13010.t2	A
rna-XM_057808015.1	A	g3111.t1	A
rna-XM_057808012.1	A	g13652.t1	A
rna-XM_057808010.1	A	g13651.t1	A
rna-XM_057807856.1	A	g2138.t1	A
rna-XM_057808306.1	A	g2131.t1	A
rna-XM_057808307.1	A	g2132.t10	A
rna-XM_057808341.1	A	g5818.t1	A
rna-XM_057808328.1	A	g4304.t1	A
rna-XM_057808339.1	A	g4015.t1	A
rna-XM_057808337.1	A	g4017.t1	A
rna-XM_057808342.1	A	g13009.t1	A
rna-XM_057808333.1	A	g13002.t1	A
rna-XM_057808330.1	A	g13006.t1	A
rna-XM_057808332.1	A	g13005.t2	A
rna-XM_057807966.1	A	g13004.t1	A
rna-XM_057807722.1	A	g13003.t1	A
rna-XM_057808161.1	A	g13001.t1	A
rna-XM_057808923.1	A	g12998.t1	A
rna-XM_057808924.1	A	g12999.t2	A
rna-XM_057808921.1	A	g9962.t1	A
rna-XM_057808916.1	A	g1378.t2	A
rna-XM_057807855.1	A	g10005.t1	A
rna-XM_057808162.1	A	g10004.t1	A
rna-XM_057808900.1	A	g1367.t1	A
rna-XM_057808901.1	A	g1815.t1	A
rna-XM_057808898.1	A	g264.t1	A
rna-XM_057808904.1	A	g358.t1	A
rna-XM_057808905.1	A	g507.t1	A
rna-XM_057808906.1	A	g1190.t1	A
rna-XM_057808908.1	A	g13503.t1	A
rna-XM_057808515.1	A	g13062.t1	A
rna-XM_057808077.1	A	g13065.t1	A
rna-XM_057808051.1	A	g13063.t3	A
rna-XM_057808060.1	A	g10003.t2	A
rna-XM_057808069.1	A	g10002.t1	A
rna-XM_057808068.1	A	g10001.t1	A
rna-XM_057808064.1	A	g10011.t1	A
rna-XM_057808065.1	A	g6755.t2	A
rna-XM_057808072.1	A	g10679.t1	A
rna-XM_057808070.1	A	g6756.t1	A
rna-XM_057808073.1	A	g6757.t1	A
rna-XM_057808062.1	A	g13456.t1	A
rna-XM_057808063.1	A	g6168.t1	A
rna-XM_057808049.1	A	g14003.t2	A
rna-XM_057808074.1	A	g4454.t1	A
rna-XM_057808044.1	A	g14071.t2	A
rna-XM_057808517.1	A	g4456.t1	A
rna-XM_057808344.1	A	g4455.t1	A
rna-XM_057807919.1	A	g10631.t1	A
rna-XM_057807747.1	A	g172.t1	A
rna-XM_057808108.1	A	g171.t1	A
rna-XM_057808265.1	A	g170.t1	A
rna-XM_057807804.1	A	g169.t1	A
rna-XM_057807784.1	A	g6374.t3	A
rna-XM_057807788.1	A	g6373.t1	A
rna-XM_057807963.1	A	g6701.t1	A
rna-XM_057808159.1	A	g4511.t1	A
rna-XM_057808160.1	A	g4513.t1	A
rna-XM_057807809.1	A	g6811.t1	A
rna-XM_057807770.1	A	g10269.t1	A
rna-XM_057808182.1	A	g14058.t2	A
rna-XM_057807759.1	A	g9736.t1	A
rna-XM_057808519.1	A	g14193.t2	A
rna-XM_057807757.1	A	g3513.t1	A
rna-XM_057807683.1	A	g14243.t1	A
rna-XM_057808203.1	A	g13658.t2	A
rna-XM_057807773.1	A	g146.t1	A
rna-XM_057807772.1	A	g145.t2	A
rna-XM_057807675.1	A	g14255.t1	A
rna-XM_057808816.1	A	g4687.t1	A
rna-XM_057808822.1	A	g4688.t1	A
rna-XM_057808819.1	A	g12733.t1	A
rna-XM_057808048.1	A	g4785.t1	A
rna-XM_057807806.1	A	g4582.t1	A
rna-XM_057807807.1	A	g4581.t1	A
rna-XM_057807878.1	A	g13986.t1	A
rna-XM_057807872.1	A	g13987.t1	A
rna-XM_057807876.1	A	g4583.t2	A
rna-XM_057807875.1	A	g4585.t1	A
rna-XM_057807879.1	A	g4773.t1	A
rna-XM_057808189.1	A	g4588.t2	A
rna-XM_057808188.1	A	g4775.t1	A
rna-XM_057807971.1	A	g14.t1	A
rna-XM_057807973.1	A	g15.t1	A
rna-XM_057808166.1	A	g4309.t1	A
rna-XM_057807928.1	A	g4307.t1	A
rna-XM_057807929.1	A	g4308.t1	A
rna-XM_057808107.1	A	g4306.t1	A
rna-XM_057808236.1	A	g4628.t1	A
rna-XM_057808170.1	A	g4623.t1	A
rna-XM_057807915.1	A	g3318.t1	A
rna-XM_057807914.1	A	g9350.t1	A
rna-XM_057807859.1	A	g9351.t1	A
rna-XM_057808473.1	A	g9353.t1	A
rna-XM_057808470.1	A	g9354.t2	A
rna-XM_057808477.1	A	g14516.t1	A
rna-XM_057808474.1	A	g3315.t2	A
rna-XM_057808462.1	A	g4684.t2	A
rna-XM_057808004.1	A	g4805.t1	A
rna-XM_057808007.1	A	g4807.t1	A
rna-XM_057808006.1	A	g4685.t1	A
rna-XM_057808782.1	A	g4505.t1	A
rna-XM_057808783.1	A	g4507.t2	A
rna-XM_057808787.1	A	g9915.t1	A
rna-XM_057808208.1	A	g11857.t1	A
rna-XM_057808036.1	A	g11882.t1	A
rna-XM_057808037.1	A	g11861.t1	A
rna-XM_057808047.1	A	g14053.t1	A
rna-XM_057807810.1	A	g8782.t2	A
rna-XM_057807953.1	A	g9010.t1	A
rna-XM_057808144.1	A	g12235.t2	A
rna-XM_057808146.1	A	g12234.t1	A
rna-XM_057808524.1	A	g12906.t1	A
rna-XM_057808525.1	A	g12907.t1	A
rna-XM_057808127.1	A	g4883.t1	A
rna-XM_057808128.1	A	g4884.t1	A
rna-XM_057808350.1	A	g12902.t2	A
rna-XM_057807923.1	A	g12904.t1	A
rna-XM_057808353.1	A	g12901.t1	A
rna-XM_057808354.1	A	g13961.t1	A
rna-XM_057808356.1	A	g1180.t1	A
rna-XM_057808357.1	A	g1067.t1	A
rna-XM_057808358.1	A	g1066.t1	A
rna-XM_057808362.1	A	g4066.t1	A
rna-XM_057808361.1	A	g9137.t2	A
rna-XM_057808363.1	A	g13885.t1	A
rna-XM_057808364.1	A	g91.t1	A
rna-XM_057808365.1	A	g94.t1	A
rna-XM_057808369.1	A	g13959.t1	A
rna-XM_057808370.1	A	g13958.t2	A
rna-XM_057808371.1	A	g13886.t1	A
rna-XM_057808372.1	A	g13532.t1	A
rna-XM_057808374.1	A	g5237.t1	A
rna-XM_057808373.1	A	g14026.t1	A
rna-XM_057808376.1	A	g8784.t1	A
rna-XM_057808378.1	A	g1062.t1	A
rna-XM_057808384.1	A	g5465.t1	A
rna-XM_057808388.1	A	g12156.t1	A
rna-XM_057808387.1	A	g10237.t1	A
rna-XM_057808394.1	A	g14857.t1	A
rna-XM_057808400.1	A	g14858.t1	A
rna-XM_057808397.1	A	g7958.t2	A
rna-XM_057808390.1	A	g7959.t1	A
rna-XM_057808402.1	A	g7955.t1	A
rna-XM_057808403.1	A	g7954.t2	A
rna-XM_057808404.1	A	g1097.t1	A
rna-XM_057808411.1	A	g1098.t1	A
rna-XM_057808409.1	A	g3738.t1	A
rna-XM_057808416.1	A	g6139.t1	A
rna-XM_057808414.1	A	g6129.t1	A
rna-XM_057808415.1	A	g6128.t1	A
rna-XM_057808419.1	A	g463.t1	A
rna-XM_057808418.1	A	g13421.t1	A
rna-XM_057808422.1	A	g9367.t1	A
rna-XM_057808424.1	A	g9360.t1	A
rna-XM_057808423.1	A	g9640.t1	A
rna-XM_057808430.1	A	g9639.t1	A
rna-XM_057808431.1	A	g10982.t2	A
rna-XM_057808432.1	A	g10981.t1	A
rna-XM_057808433.1	A	g10980.t3	A
rna-XM_057809838.1	A	g7006.t2	A
rna-XM_057809845.1	A	g10560.t1	A
rna-XM_057809842.1	A	g10559.t1	A
rna-XM_057809948.1	A	g10536.t2	A
rna-XM_057809813.1	A	g13468.t1	A
rna-XM_057809807.1	A	g11429.t1	A
rna-XM_057809811.1	A	g11427.t1	A
rna-XM_057809809.1	A	g6490.t1	A
rna-XM_057809814.1	A	g10863.t1	A
rna-XM_057809315.1	A	g10866.t1	A
rna-XM_057809356.1	A	g7492.t1	A
rna-XM_057809329.1	A	g7833.t2	A
rna-XM_057809324.1	A	g3810.t1	A
rna-XM_057809336.1	A	g4162.t3	A
rna-XM_057809341.1	A	g6491.t2	A
rna-XM_057809424.1	A	g8370.t1	A
rna-XM_057809304.1	A	g8369.t2	A
rna-XM_057809419.1	A	g8371.t1	A
rna-XM_057809274.1	A	g10523.t1	A
rna-XM_057809276.1	A	g10524.t1	A
rna-XM_057809884.1	A	g7903.t1	A
rna-XM_057809885.1	A	g8359.t1	A
rna-XM_057809923.1	A	g8344.t2	A
rna-XM_057809921.1	A	g8345.t1	A
rna-XM_057809927.1	A	g8342.t1	A
rna-XM_057809926.1	A	g8343.t1	A
rna-XM_057809918.1	A	g8346.t1	A
rna-XM_057809888.1	A	g8358.t2	A
rna-XM_057809928.1	A	g3625.t1	A
rna-XM_057809925.1	A	g6819.t2	A
rna-XM_057809903.1	A	g3621.t1	A
rna-XM_057809924.1	A	g3612.t1	A
rna-XM_057809929.1	A	g12240.t1	A
rna-XM_057809889.1	A	g3604.t2	A
rna-XM_057809269.1	A	g3603.t1	A
rna-XM_057809272.1	A	g3605.t1	A
rna-XM_057809271.1	A	g3606.t1	A
rna-XM_057809546.1	A	g3607.t1	A
rna-XM_057809247.1	A	g3609.t3	A
rna-XM_057809680.1	A	g3601.t1	A
rna-XM_057809656.1	A	g3600.t1	A
rna-XM_057809659.1	A	g3622.t1	A
rna-XM_057809662.1	A	g3619.t1	A
rna-XM_057809665.1	A	g3623.t1	A
rna-XM_057809663.1	A	g3620.t1	A
rna-XM_057809555.1	A	g13338.t1	A
rna-XM_057809554.1	A	g3611.t1	A
rna-XM_057809086.1	A	g3610.t1	A
rna-XM_057809090.1	A	g4204.t2	A
rna-XM_057809093.1	A	g10520.t1	A
rna-XM_057809094.1	A	g10521.t2	A
rna-XM_057809100.1	A	g10858.t1	A
rna-XM_057809095.1	A	g3608.t1	A
rna-XM_057809102.1	A	g1359.t1	A
rna-XM_057809101.1	A	g6765.t1	A
rna-XM_057809103.1	A	g10314.t1	A
rna-XM_057809104.1	A	g7666.t1	A
rna-XM_057809105.1	A	g8814.t1	A
rna-XM_057809108.1	A	g13873.t1	A
rna-XM_057809127.1	A	g11304.t1	A
rna-XM_057809128.1	A	g3408.t1	A
rna-XM_057809124.1	A	g3410.t1	A
rna-XM_057809129.1	A	g8020.t1	A
rna-XM_057809132.1	A	g8294.t1	A
rna-XM_057809681.1	A	g3701.t1	A
rna-XM_057809418.1	A	g4152.t1	A
rna-XM_057808969.1	A	g4155.t1	A
rna-XM_057808967.1	A	g10090.t1	A
rna-XM_057809359.1	A	g11614.t1	A
rna-XM_057809363.1	A	g3064.t1	A
rna-XM_057809562.1	A	g3062.t1	A
rna-XM_057809560.1	A	g3065.t1	A
rna-XM_057809826.1	A	g5055.t1	A
rna-XM_057809831.1	A	g2718.t1	A
rna-XM_057809836.1	A	g3059.t1	A
rna-XM_057809956.1	A	g3057.t2	A
rna-XM_057809212.1	A	g3703.t1	A
rna-XM_057809301.1	A	g3086.t1	A
rna-XM_057809303.1	A	g11295.t1	A
rna-XM_057809590.1	A	g4912.t1	A
rna-XM_057809591.1	A	g4913.t1	A
rna-XM_057809250.1	A	g4915.t1	A
rna-XM_057809794.1	A	g6789.t1	A
rna-XM_057809795.1	A	g3309.t1	A
rna-XM_057809787.1	A	g6790.t3	A
rna-XM_057809797.1	A	g362.t1	A
rna-XM_057809801.1	A	g1049.t1	A
rna-XM_057809806.1	A	g10113.t1	A
rna-XM_057809805.1	A	g8966.t1	A
rna-XM_057809307.1	A	g12225.t1	A
rna-XM_057809343.1	A	g12224.t1	A
rna-XM_057809342.1	A	g927.t2	A
rna-XM_057809344.1	A	g7110.t1	A
rna-XM_057809046.1	A	g7109.t1	A
rna-XM_057809248.1	A	g1047.t1	A
rna-XM_057809312.1	A	g2695.t1	A
rna-XM_057809042.1	A	g2148.t1	A
rna-XM_057809523.1	A	g2147.t1	A
rna-XM_057809414.1	A	g1762.t1	A
rna-XM_057809413.1	A	g5649.t1	A
rna-XM_057809491.1	A	g2301.t1	A
rna-XM_057809489.1	A	g1761.t1	A
rna-XM_057809493.1	A	g2146.t1	A
rna-XM_057809490.1	A	g14749.t1	A
rna-XM_057809306.1	A	g1764.t1	A
rna-XM_057809624.1	A	g5599.t1	A
rna-XM_057809627.1	A	g2302.t1	A
rna-XM_057809626.1	A	g6006.t1	A
rna-XM_057809539.1	A	g926.t1	A
rna-XM_057809552.1	A	g6003.t1	A
rna-XM_057809551.1	A	g6004.t1	A
rna-XM_057809278.1	A	g6002.t1	A
rna-XM_057809218.1	A	g6846.t1	A
rna-XM_057809216.1	A	g6847.t1	A
rna-XM_057808978.1	A	g7330.t1	A
rna-XM_057808979.1	A	g2187.t1	A
rna-XM_057808982.1	A	g7332.t1	A
rna-XM_057809244.1	A	g3526.t1	A
rna-XM_057809686.1	A	g12638.t2	A
rna-XM_057809227.1	A	g8329.t1	A
rna-XM_057809687.1	A	g6296.t1	A
rna-XM_057809211.1	A	g11444.t1	A
rna-XM_057809263.1	A	g12053.t1	A
rna-XM_057809148.1	A	g6104.t1	A
rna-XM_057809530.1	A	g4261.t1	A
rna-XM_057809534.1	A	g5909.t1	A
rna-XM_057809536.1	A	g2227.t1	A
rna-XM_057809532.1	A	g4179.t1	A
rna-XM_057809372.1	A	g4886.t1	A
rna-XM_057809373.1	A	g4887.t1	A
rna-XM_057809370.1	A	g4885.t1	A
rna-XM_057809375.1	A	g6627.t1	A
rna-XM_057809378.1	A	g6522.t2	A
rna-XM_057809377.1	A	g6625.t1	A
rna-XM_057809383.1	A	g7039.t1	A
rna-XM_057809384.1	A	g7040.t1	A
rna-XM_057809387.1	A	g7041.t1	A
rna-XM_057809391.1	A	g7073.t1	A
rna-XM_057809689.1	A	g7074.t1	A
rna-XM_057809394.1	A	g12766.t1	A
rna-XM_057809407.1	A	g12769.t1	A
rna-XM_057809345.1	A	g3595.t1	A
rna-XM_057809348.1	A	g3594.t1	A
rna-XM_057809219.1	A	g3593.t2	A
rna-XM_057809540.1	A	g3704.t2	A
rna-XM_057809505.1	A	g3650.t1	A
rna-XM_057809705.1	A	g10953.t1	A
rna-XM_057809709.1	A	g11177.t1	A
rna-XM_057809715.1	A	g12030.t2	A
rna-XM_057809718.1	A	g12029.t1	A
rna-XM_057809721.1	A	g12016.t1	A
rna-XM_057809706.1	A	g11986.t1	A
rna-XM_057809719.1	A	g8683.t2	A
rna-XM_057809714.1	A	g8685.t1	A
rna-XM_057809712.1	A	g8686.t1	A
rna-XM_057809724.1	A	g11979.t1	A
rna-XM_057809726.1	A	g9136.t2	A
rna-XM_057809746.1	A	g8681.t1	A
rna-XM_057809754.1	A	g11684.t1	A
rna-XM_057809732.1	A	g12193.t1	A
rna-XM_057809759.1	A	g12192.t1	A
rna-XM_057809728.1	A	g12191.t4	A
rna-XM_057809756.1	A	g1776.t1	A
rna-XM_057809758.1	A	g3448.t1	A
rna-XM_057809518.1	A	g8249.t1	A
rna-XM_057809154.1	A	g7682.t1	A
rna-XM_057809040.1	A	g12033.t1	A
rna-XM_057809593.1	A	g12036.t1	A
rna-XM_057809643.1	A	g8977.t1	A
rna-XM_057809629.1	A	g3169.t1	A
rna-XM_057809631.1	A	g11686.t1	A
rna-XM_057809641.1	A	g1807.t1	A
rna-XM_057809642.1	A	g1808.t1	A
rna-XM_057809043.1	A	g9026.t1	A
rna-XM_057809600.1	A	g9027.t2	A
rna-XM_057809602.1	A	g9028.t1	A
rna-XM_057809594.1	A	g9029.t1	A
rna-XM_057809603.1	A	g11868.t2	A
rna-XM_057809605.1	A	g12170.t1	A
rna-XM_057809608.1	A	g12171.t1	A
rna-XM_057809819.1	A	g11847.t1	A
rna-XM_057809940.1	A	g8557.t2	A
rna-XM_057809676.1	A	g11846.t1	A
rna-XM_057809231.1	A	g5105.t1	A
rna-XM_057809408.1	A	g12220.t1	A
rna-XM_057809311.1	A	g11842.t1	A
rna-XM_057809352.1	A	g6201.t1	A
rna-XM_057809484.1	A	g10695.t1	A
rna-XM_057809486.1	A	g2410.t1	A
rna-XM_057809083.1	A	g8055.t1	A
rna-XM_057809082.1	A	g8054.t1	A
rna-XM_057809494.1	A	g10801.t1	A
rna-XM_057809496.1	A	g8056.t1	A
rna-XM_057809498.1	A	g8057.t1	A
rna-XM_057809411.1	A	g8297.t1	A
rna-XM_057809520.1	A	g9921.t2	A
rna-XM_057809512.1	A	g8295.t1	A
rna-XM_057809514.1	A	g8296.t1	A
rna-XM_057809847.1	A	g13938.t1	A
rna-XM_057809499.1	A	g13954.t2	A
rna-XM_057809265.1	A	g12823.t1	A
rna-XM_057809367.1	A	g8293.t1	A
rna-XM_057809183.1	A	g7788.t1	A
rna-XM_057809174.1	A	g7787.t1	A
rna-XM_057809180.1	A	g8053.t1	A
rna-XM_057809201.1	A	g635.t1	A
rna-XM_057809207.1	A	g4100.t1	A
rna-XM_057809200.1	A	g8969.t1	A
rna-XM_057809195.1	A	g8909.t1	A
rna-XM_057809199.1	A	g8912.t1	A
rna-XM_057809170.1	A	g8568.t1	A
rna-XM_057809203.1	A	g8569.t1	A
rna-XM_057809191.1	A	g8485.t1	A
rna-XM_057809190.1	A	g11835.t1	A
rna-XM_057809193.1	A	g8929.t1	A
rna-XM_057809198.1	A	g1022.t1	A
rna-XM_057809691.1	A	g8928.t1	A
rna-XM_057809693.1	A	g8927.t1	A
rna-XM_057809694.1	A	g8926.t1	A
rna-XM_057809695.1	A	g8924.t1	A
rna-XM_057809696.1	A	g8922.t1	A
rna-XM_057809001.1	A	g8923.t1	A
rna-XM_057808995.1	A	g8921.t1	A
rna-XM_057809000.1	A	g12013.t1	A
rna-XM_057808997.1	A	g12027.t2	A
rna-XM_057808999.1	A	g12091.t1	A
rna-XM_057809428.1	A	g12174.t1	A
rna-XM_057809427.1	A	g12173.t1	A
rna-XM_057809936.1	A	g9024.t1	A
rna-XM_057809932.1	A	g14093.t2	A
rna-XM_057809465.1	A	g9258.t1	A
rna-XM_057809461.1	A	g8819.t1	A
rna-XM_057809478.1	A	g9259.t1	A
rna-XM_057809783.1	A	g7166.t1	A
rna-XM_057809786.1	A	g11920.t1	A
rna-XM_057809273.1	A	g8973.t1	A
rna-XM_057809500.1	A	g12630.t1	A
rna-XM_057809697.1	A	g8972.t1	A
rna-XM_057809503.1	A	g8971.t1	A
rna-XM_057809501.1	A	g8970.t1	A
rna-XM_057809163.1	A	g8976.t1	A
rna-XM_057809162.1	A	g8975.t1	A
rna-XM_057809165.1	A	g4099.t1	A
rna-XM_057809548.1	A	g11964.t1	A
rna-XM_057809550.1	A	g14742.t1	A
rna-XM_057809305.1	A	g13712.t1	A
rna-XM_057809559.1	A	g11293.t1	A
rna-XM_057809949.1	A	g11294.t1	A
rna-XM_057809288.1	A	g11297.t1	A
rna-XM_057809771.1	A	g12210.t2	A
rna-XM_057809768.1	A	g2099.t2	A
rna-XM_057809767.1	A	g11860.t1	A
rna-XM_057809772.1	A	g12209.t1	A
rna-XM_057809240.1	A	g13759.t2	A
rna-XM_057809652.1	A	g13755.t1	A
rna-XM_057809649.1	A	g7535.t1	A
rna-XM_057809645.1	A	g13754.t1	A
rna-XM_057809621.1	A	g7970.t1	A
rna-XM_057809622.1	A	g924.t1	A
rna-XM_057809236.1	A	g934.t1	A
rna-XM_057809230.1	A	g931.t1	A
rna-XM_057809433.1	A	g1178.t1	A
rna-XM_057809435.1	A	g8554.t1	A
rna-XM_057809774.1	A	g1179.t1	A
rna-XM_057809779.1	A	g622.t1	A
rna-XM_057809781.1	A	g621.t1	A
rna-XM_057809526.1	A	g10610.t1	A
rna-XM_057809003.1	A	g12863.t1	A
rna-XM_057809005.1	A	g4780.t2	A
rna-XM_057809014.1	A	g11289.t1	A
rna-XM_057809010.1	A	g11291.t1	A
rna-XM_057809012.1	A	g11290.t1	A
rna-XM_057809017.1	A	g11288.t1	A
rna-XM_057809022.1	A	g11285.t1	A
rna-XM_057809023.1	A	g12213.t1	A
rna-XM_057809024.1	A	g12212.t1	A
rna-XM_057809029.1	A	g12211.t2	A
rna-XM_057809038.1	A	g11263.t1	A
rna-XM_057809698.1	A	g11266.t1	A
rna-XM_057809483.1	A	g11265.t1	A
rna-XM_057809700.1	A	g11268.t1	A
rna-XM_057809482.1	A	g11277.t1	A
rna-XM_057809837.1	A	g11276.t1	A
rna-XM_057809208.1	A	g11278.t1	A
rna-XM_057809209.1	A	g11279.t1	A
rna-XM_057809210.1	A	g6820.t1	A
rna-XM_057809685.1	A	g11283.t1	A
rna-XM_057809146.1	A	g11282.t5	A
rna-XM_057809295.1	A	g11281.t1	A
rna-XM_057808989.1	A	g11132.t1	A
rna-XM_057808994.1	A	g11135.t1	A
rna-XM_057809150.1	A	g14000.t1	A
rna-XM_057809153.1	A	g11134.t1	A
rna-XM_057809614.1	A	g11388.t1	A
rna-XM_057809613.1	A	g4934.t1	A
rna-XM_057809616.1	A	g8227.t1	A
rna-XM_057809620.1	A	g11300.t1	A
rna-XM_057808957.1	A	g11299.t1	A
rna-XM_057808958.1	A	g7063.t2	A
rna-XM_057809542.1	A	g7115.t1	A
rna-XM_057809937.1	A	g7064.t1	A
rna-XM_057809939.1	A	g5103.t1	A
rna-XM_057809317.1	A	g7087.t1	A
rna-XM_057809701.1	A	g7093.t1	A
rna-XM_057809579.1	A	g2503.t1	A
rna-XM_057809588.1	A	g12094.t1	A
rna-XM_057809575.1	A	g12095.t1	A
rna-XM_057809149.1	A	g12096.t1	A
rna-XM_057809002.1	A	g9119.t1	A
rna-XM_057809319.1	A	g6015.t1	A
rna-XM_057809160.1	A	g8339.t1	A
rna-XM_057809251.1	A	g8340.t1	A
rna-XM_057809262.1	A	g9656.t1	A
rna-XM_057809353.1	A	g13994.t1	A
rna-XM_057809167.1	A	g13999.t2	A
rna-XM_057809169.1	A	g460.t1	A
rna-XM_057808973.1	A	g13995.t1	A
rna-XM_057809296.1	A	g13996.t1	A
rna-XM_057809446.1	A	g13997.t1	A
rna-XM_057809445.1	A	g3624.t1	A
rna-XM_057809942.1	A	g14001.t1	A
rna-XM_057809944.1	A	g13998.t4	A
rna-XM_057809943.1	A	g2373.t2	A
rna-XM_057809947.1	A	g13992.t1	A
rna-XM_057809084.1	A	g13991.t1	A
rna-XM_057809214.1	A	g4523.t2	A
rna-XM_057809519.1	A	g13984.t1	A
rna-XM_057808956.1	A	g11130.t1	A
rna-XM_057808952.1	A	g11131.t1	A
rna-XM_057809316.1	A	g8224.t1	A
rna-XM_057809563.1	A	g13204.t1	A
rna-XM_057809566.1	A	g8221.t1	A
rna-XM_057809702.1	A	g13402.t1	A
rna-XM_057809567.1	A	g13403.t1	A
rna-XM_057809571.1	A	g13399.t1	A
rna-XM_057809856.1	A	g13397.t1	A
rna-XM_057809862.1	A	g5591.t1	A
rna-XM_057809863.1	A	g14120.t1	A
rna-XM_057809481.1	A	g13982.t1	A
rna-XM_057809432.1	A	g13981.t1	A
rna-XM_057809431.1	A	g918.t1	A
rna-XM_057809044.1	A	g13983.t1	A
rna-XM_057809368.1	A	g11129.t1	A
rna-XM_057809868.1	A	g6409.t2	A
rna-XM_057809865.1	A	g6408.t1	A
rna-XM_057809869.1	A	g7057.t1	A
rna-XM_057809871.1	A	g6412.t1	A
rna-XM_057809881.1	A	g6410.t1	A
rna-XM_057809878.1	A	g4558.t1	A
rna-XM_057809882.1	A	g6414.t2	A
rna-XM_057809415.1	A	g6420.t1	A
rna-XM_057809085.1	A	g6421.t1	A
rna-XM_057809545.1	A	g6422.t1	A
rna-XM_057809544.1	A	g7124.t1	A
rna-XM_057809063.1	A	g7129.t1	A
rna-XM_057809074.1	A	g7058.t1	A
rna-XM_057809076.1	A	g7114.t2	A
rna-XM_057809069.1	A	g6249.t1	A
rna-XM_057809053.1	A	g6250.t1	A
rna-XM_057809071.1	A	g6253.t1	A
rna-XM_057809051.1	A	g6252.t1	A
rna-XM_057809067.1	A	g6254.t1	A
rna-XM_057809068.1	A	g6255.t1	A
rna-XM_057809079.1	A	g6256.t1	A
rna-XM_057809703.1	A	g7713.t1	A
rna-XM_057809057.1	A	g7711.t1	A
rna-XM_057809280.1	A	g10906.t1	A
rna-XM_057809281.1	A	g13753.t1	A
rna-XM_057809438.1	A	g11318.t1	A
rna-XM_057809442.1	A	g11320.t1	A
rna-XM_057809283.1	A	g2505.t1	A
rna-XM_057809286.1	A	g2506.t1	A
rna-XM_057809287.1	A	g2507.t1	A
rna-XM_057809282.1	A	g2509.t1	A
rna-XM_057809961.1	A	g5633.t1	A
rna-XM_057809964.1	A	g12496.t1	A
rna-XM_057810289.1	A	g12499.t1	A
rna-XM_057810297.1	A	g10466.t1	A
rna-XM_057810756.1	A	g10137.t1	A
rna-XM_057810302.1	A	g14816.t2	A
rna-XM_057810323.1	A	g2254.t1	A
rna-XM_057810320.1	A	g10468.t1	A
rna-XM_057810332.1	A	g12388.t1	A
rna-XM_057810319.1	A	g11699.t1	A
rna-XM_057810314.1	A	g5022.t1	A
rna-XM_057810329.1	A	g2281.t1	A
rna-XM_057810333.1	A	g4894.t1	A
rna-XM_057810301.1	A	g4896.t1	A
rna-XM_057810313.1	A	g4898.t1	A
rna-XM_057810325.1	A	g4899.t1	A
rna-XM_057810342.1	A	g14160.t1	A
rna-XM_057810343.1	A	g14835.t1	A
rna-XM_057810345.1	A	g14834.t1	A
rna-XM_057810347.1	A	g14157.t2	A
rna-XM_057810354.1	A	g2292.t1	A
rna-XM_057810359.1	A	g9132.t1	A
rna-XM_057810361.1	A	g9127.t1	A
rna-XM_057810364.1	A	g9255.t1	A
rna-XM_057810362.1	A	g8490.t1	A
rna-XM_057810367.1	A	g3813.t1	A
rna-XM_057810366.1	A	g10786.t1	A
rna-XM_057810368.1	A	g10512.t4	A
rna-XM_057810369.1	A	g5922.t1	A
rna-XM_057810370.1	A	g10574.t1	A
rna-XM_057810372.1	A	g5923.t1	A
rna-XM_057810381.1	A	g5925.t1	A
rna-XM_057810382.1	A	g12579.t1	A
rna-XM_057810377.1	A	g5926.t1	A
rna-XM_057810380.1	A	g9435.t1	A
rna-XM_057810398.1	A	g13736.t1	A
rna-XM_057810401.1	A	g8018.t1	A
rna-XM_057810388.1	A	g11843.t1	A
rna-XM_057810399.1	A	g11975.t1	A
rna-XM_057810395.1	A	g11974.t3	A
rna-XM_057810404.1	A	g8930.t1	A
rna-XM_057810386.1	A	g10831.t1	A
rna-XM_057810007.1	A	g10829.t1	A
rna-XM_057810010.1	A	g10830.t1	A
rna-XM_057810188.1	A	g10913.t2	A
rna-XM_057810181.1	A	g11653.t1	A
rna-XM_057810783.1	A	g10628.t1	A
rna-XM_057810782.1	A	g4270.t1	A
rna-XM_057810452.1	A	g792.t1	A
rna-XM_057810137.1	A	g2314.t1	A
rna-XM_057810094.1	A	g6330.t1	A
rna-XM_057810095.1	A	g5921.t1	A
rna-XM_057810449.1	A	g8965.t1	A
rna-XM_057810448.1	A	g8964.t1	A
rna-XM_057810654.1	A	g8963.t1	A
rna-XM_057810655.1	A	g7819.t1	A
rna-XM_057810656.1	A	g2093.t3	A
rna-XM_057810681.1	A	g6039.t1	A
rna-XM_057810688.1	A	g652.t1	A
rna-XM_057810758.1	A	g14666.t1	A
rna-XM_057810671.1	A	g5284.t1	A
rna-XM_057810692.1	A	g2098.t1	A
rna-XM_057810687.1	A	g3514.t1	A
rna-XM_057810686.1	A	g13176.t1	A
rna-XM_057810700.1	A	g14685.t1	A
rna-XM_057810702.1	A	g12870.t1	A
rna-XM_057810694.1	A	g14676.t1	A
rna-XM_057810679.1	A	g5271.t2	A
rna-XM_057810701.1	A	g14013.t1	A
rna-XM_057810699.1	A	g14014.t1	A
rna-XM_057810693.1	A	g11924.t1	A
rna-XM_057810697.1	A	g11925.t1	A
rna-XM_057810683.1	A	g14674.t3	A
rna-XM_057810695.1	A	g1877.t1	A
rna-XM_057810665.1	A	g1878.t1	A
rna-XM_057810690.1	A	g5222.t1	A
rna-XM_057810664.1	A	g14672.t1	A
rna-XM_057810703.1	A	g12637.t1	A
rna-XM_057810704.1	A	g11890.t1	A
rna-XM_057810705.1	A	g11891.t1	A
rna-XM_057810713.1	A	g11596.t1	A
rna-XM_057810759.1	A	g12636.t1	A
rna-XM_057810714.1	A	g14146.t1	A
rna-XM_057810715.1	A	g6430.t1	A
rna-XM_057810717.1	A	g14147.t1	A
rna-XM_057810719.1	A	g14149.t1	A
rna-XM_057810729.1	A	g5015.t3	A
rna-XM_057810738.1	A	g5013.t1	A
rna-XM_057810737.1	A	g13533.t1	A
rna-XM_057810730.1	A	g9869.t1	A
rna-XM_057810735.1	A	g14062.t2	A
rna-XM_057810731.1	A	g13036.t1	A
rna-XM_057810739.1	A	g13610.t1	A
rna-XM_057810732.1	A	g6063.t1	A
rna-XM_057810733.1	A	g14552.t1	A
rna-XM_057810075.1	A	g679.t1	A
rna-XM_057810801.1	A	g13069.t1	A
rna-XM_057810453.1	A	g13068.t1	A
rna-XM_057810463.1	A	g676.t1	A
rna-XM_057810454.1	A	g677.t1	A
rna-XM_057810460.1	A	g4980.t1	A
rna-XM_057810457.1	A	g678.t2	A
rna-XM_057810461.1	A	g1187.t1	A
rna-XM_057810459.1	A	g1188.t1	A
rna-XM_057810887.1	A	g669.t1	A
rna-XM_057810179.1	A	g668.t1	A
rna-XM_057810819.1	A	g5245.t1	A
rna-XM_057810824.1	A	g2699.t1	A
rna-XM_057810820.1	A	g14725.t2	A
rna-XM_057810823.1	A	g5240.t1	A
rna-XM_057810850.1	A	g14724.t3	A
rna-XM_057810638.1	A	g5228.t1	A
rna-XM_057810639.1	A	g5227.t1	A
rna-XM_057810023.1	A	g14761.t1	A
rna-XM_057810259.1	A	g14760.t1	A
rna-XM_057810257.1	A	g6480.t1	A
rna-XM_057810429.1	A	g14758.t1	A
rna-XM_057810072.1	A	g11743.t2	A
rna-XM_057810760.1	A	g11827.t1	A
rna-XM_057810133.1	A	g11828.t1	A
rna-XM_057810263.1	A	g2291.t2	A
rna-XM_057810817.1	A	g11013.t1	A
rna-XM_057810818.1	A	g7634.t1	A
rna-XM_057810815.1	A	g6883.t1	A
rna-XM_057810886.1	A	g6882.t1	A
rna-XM_057809974.1	A	g14158.t1	A
rna-XM_057809970.1	A	g26.t1	A
rna-XM_057809967.1	A	g14833.t1	A
rna-XM_057809975.1	A	g14687.t1	A
rna-XM_057809965.1	A	g14686.t2	A
rna-XM_057810464.1	A	g14681.t1	A
rna-XM_057810465.1	A	g14679.t1	A
rna-XM_057810475.1	A	g14678.t3	A
rna-XM_057810503.1	A	g14677.t1	A
rna-XM_057810473.1	A	g14767.t1	A
rna-XM_057810499.1	A	g9245.t1	A
rna-XM_057810501.1	A	g9162.t1	A
rna-XM_057810496.1	A	g9244.t2	A
rna-XM_057810644.1	A	g9241.t1	A
rna-XM_057810825.1	A	g9159.t1	A
rna-XM_057810826.1	A	g11744.t1	A
rna-XM_057810829.1	A	g9158.t1	A
rna-XM_057810127.1	A	g13459.t1	A
rna-XM_057810755.1	A	g13049.t2	A
rna-XM_057810032.1	A	g13052.t2	A
rna-XM_057810067.1	A	g2240.t1	A
rna-XM_057810096.1	A	g11661.t1	A
rna-XM_057810285.1	A	g2238.t1	A
rna-XM_057810284.1	A	g5024.t1	A
rna-XM_057810093.1	A	g14415.t1	A
rna-XM_057810131.1	A	g14536.t1	A
rna-XM_057810762.1	A	g14535.t1	A
rna-XM_057810763.1	A	g14521.t3	A
rna-XM_057810012.1	A	g14523.t1	A
rna-XM_057810015.1	A	g14524.t1	A
rna-XM_057810427.1	A	g14525.t1	A
rna-XM_057810069.1	A	g14526.t1	A
rna-XM_057810083.1	A	g14527.t1	A
rna-XM_057810767.1	A	g14531.t1	A
rna-XM_057810445.1	A	g14534.t1	A
rna-XM_057810745.1	A	g14533.t1	A
rna-XM_057810744.1	A	g14532.t1	A
rna-XM_057810743.1	A	g14517.t1	A
rna-XM_057810748.1	A	g5950.t1	A
rna-XM_057810751.1	A	g5951.t1	A
rna-XM_057810749.1	A	g3312.t2	A
rna-XM_057810753.1	A	g3313.t1	A
rna-XM_057810410.1	A	g949.t1	A
rna-XM_057810408.1	A	g7695.t1	A
rna-XM_057810020.1	A	g948.t1	A
rna-XM_057810428.1	A	g6184.t2	A
rna-XM_057810523.1	A	g6660.t1	A
rna-XM_057810769.1	A	g9446.t1	A
rna-XM_057810524.1	A	g1757.t1	A
rna-XM_057810526.1	A	g9440.t2	A
rna-XM_057810530.1	A	g6271.t2	A
rna-XM_057810771.1	A	g6272.t1	A
rna-XM_057810533.1	A	g6273.t1	A
rna-XM_057810534.1	A	g6274.t1	A
rna-XM_057810537.1	A	g6275.t1	A
rna-XM_057810535.1	A	g6502.t1	A
rna-XM_057810538.1	A	g6280.t1	A
rna-XM_057810541.1	A	g6282.t1	A
rna-XM_057810774.1	A	g6281.t1	A
rna-XM_057810540.1	A	g6292.t1	A
rna-XM_057810775.1	A	g6290.t1	A
rna-XM_057810776.1	A	g6288.t1	A
rna-XM_057810777.1	A	g6270.t1	A
rna-XM_057810546.1	A	g6269.t2	A
rna-XM_057810548.1	A	g6268.t1	A
rna-XM_057810549.1	A	g6267.t1	A
rna-XM_057810551.1	A	g11693.t1	A
rna-XM_057810552.1	A	g12078.t2	A
rna-XM_057810561.1	A	g11690.t1	A
rna-XM_057810562.1	A	g11691.t1	A
rna-XM_057810564.1	A	g909.t1	A
rna-XM_057810568.1	A	g6714.t1	A
rna-XM_057810566.1	A	g6603.t1	A
rna-XM_057810570.1	A	g6713.t1	A
rna-XM_057810572.1	A	g6712.t1	A
rna-XM_057810573.1	A	g6599.t2	A
rna-XM_057810575.1	A	g6737.t2	A
rna-XM_057810582.1	A	g6736.t1	A
rna-XM_057810580.1	A	g6710.t1	A
rna-XM_057810620.1	A	g6597.t3	A
rna-XM_057810139.1	A	g469.t1	A
rna-XM_057810140.1	A	g467.t1	A
rna-XM_057810022.1	A	g14471.t1	A
rna-XM_057810021.1	A	g3405.t1	A
rna-XM_057810450.1	A	g3406.t1	A
rna-XM_057810421.1	A	g3407.t1	A
rna-XM_057810862.1	A	g9641.t1	A
rna-XM_057810859.1	A	g5056.t1	A
rna-XM_057810883.1	A	g6561.t1	A
rna-XM_057810867.1	A	g6807.t1	A
rna-XM_057810885.1	A	g8787.t1	A
rna-XM_057810884.1	A	g6558.t1	A
rna-XM_057810865.1	A	g12438.t1	A
rna-XM_057810142.1	A	g12436.t1	A
rna-XM_057810778.1	A	g12435.t1	A
rna-XM_057810034.1	A	g12434.t1	A
rna-XM_057810192.1	A	g5521.t1	A
rna-XM_057810412.1	A	g12424.t1	A
rna-XM_057810278.1	A	g12554.t1	A
rna-XM_057810834.1	A	g393.t1	A
rna-XM_057810840.1	A	g394.t1	A
rna-XM_057810839.1	A	g173.t1	A
rna-XM_057810844.1	A	g6371.t2	A
rna-XM_057810841.1	A	g6372.t1	A
rna-XM_057810891.1	A	g5885.t1	A
rna-XM_057810078.1	A	g13353.t1	A
rna-XM_057810151.1	A	g12444.t2	A
rna-XM_057810148.1	A	g13347.t1	A
rna-XM_057810149.1	A	g12446.t1	A
rna-XM_057810153.1	A	g13352.t1	A
rna-XM_057810163.1	A	g13351.t1	A
rna-XM_057810162.1	A	g6325.t2	A
rna-XM_057810164.1	A	g6767.t1	A
rna-XM_057810175.1	A	g5718.t1	A
rna-XM_057810177.1	A	g6144.t1	A
rna-XM_057810178.1	A	g6143.t1	A
rna-XM_057810097.1	A	g10426.t1	A
rna-XM_057810894.1	A	g6142.t1	A
rna-XM_057810895.1	A	g3441.t3	A
rna-XM_057810089.1	A	g3316.t2	A
rna-XM_057810101.1	A	g6119.t1	A
rna-XM_057810098.1	A	g1753.t1	A
rna-XM_057810102.1	A	g8411.t1	A
rna-XM_057810105.1	A	g6093.t1	A
rna-XM_057810115.1	A	g6090.t1	A
rna-XM_057810117.1	A	g6091.t1	A
rna-XM_057810112.1	A	g5348.t2	A
rna-XM_057810121.1	A	g9160.t1	A
rna-XM_057810109.1	A	g873.t1	A
rna-XM_057810035.1	A	g1385.t2	A
rna-XM_057810637.1	A	g891.t2	A
rna-XM_057810636.1	A	g1384.t1	A
rna-XM_057810040.1	A	g952.t3	A
rna-XM_057810084.1	A	g4402.t1	A
rna-XM_057810080.1	A	g4878.t1	A
rna-XM_057810444.1	A	g713.t3	A
rna-XM_057810122.1	A	g9930.t1	A
rna-XM_057810780.1	A	g744.t1	A
rna-XM_057810017.1	A	g11008.t3	A
rna-XM_057810438.1	A	g11007.t1	A
rna-XM_057810256.1	A	g11551.t1	A
rna-XM_057810244.1	A	g11503.t1	A
rna-XM_057810250.1	A	g11504.t1	A
rna-XM_057810194.1	A	g11538.t5	A
rna-XM_057810254.1	A	g11545.t1	A
rna-XM_057810754.1	A	g11510.t1	A
rna-XM_057810253.1	A	g11513.t1	A
rna-XM_057810242.1	A	g11535.t1	A
rna-XM_057810439.1	A	g11533.t1	A
rna-XM_057810442.1	A	g11316.t1	A
rna-XM_057810087.1	A	g11317.t1	A
rna-XM_057810267.1	A	g11248.t1	A
rna-XM_057810187.1	A	g11250.t1	A
rna-XM_057810186.1	A	g5278.t1	A
rna-XM_057810185.1	A	g12361.t2	A
rna-XM_057810781.1	A	g11870.t1	A
rna-XM_057810073.1	A	g10093.t1	A
rna-XM_057810125.1	A	g11872.t1	A
rna-XM_057809981.1	A	g11249.t1	A
rna-XM_057809976.1	A	g9670.t1	A
rna-XM_057809987.1	A	g3403.t1	A
rna-XM_057810411.1	A	g8215.t1	A
rna-XM_057810415.1	A	g3715.t1	A
rna-XM_057810504.1	A	g3942.t1	A
rna-XM_057810518.1	A	g3941.t1	A
rna-XM_057810521.1	A	g3940.t1	A
rna-XM_057810519.1	A	g3937.t1	A
rna-XM_057810505.1	A	g3936.t1	A
rna-XM_057810508.1	A	g3935.t1	A
rna-XM_057810141.1	A	g10340.t1	A
rna-XM_057810189.1	A	g8066.t1	A
rna-XM_057810081.1	A	g2117.t1	A
rna-XM_057810628.1	A	g12155.t1	A
rna-XM_057810624.1	A	g9890.t3	A
rna-XM_057810630.1	A	g12150.t1	A
rna-XM_057810846.1	A	g5303.t1	A
rna-XM_057810849.1	A	g12632.t1	A
rna-XM_057810621.1	A	g12633.t1	A
rna-XM_057810622.1	A	g13135.t1	A
rna-XM_057810623.1	A	g2707.t1	A
rna-XM_057810279.1	A	g12765.t1	A
rna-XM_057810417.1	A	g12744.t1	A
rna-XM_057810800.1	A	g13452.t1	A
rna-XM_057810809.1	A	g6059.t1	A
rna-XM_057810813.1	A	g10960.t1	A
rna-XM_057810004.1	A	g2022.t1	A
rna-XM_057814835.1	A	g4071.t1	A
rna-XM_057814839.1	A	g12828.t1	A
rna-XM_057814830.1	A	g10833.t1	A
rna-XM_057814873.1	A	g4962.t1	A
rna-XM_057814871.1	A	g9183.t1	A
rna-XM_057814829.1	A	g11990.t1	A
rna-XM_057814875.1	A	g11360.t1	A
rna-XM_057814863.1	A	g3134.t1	A
rna-XM_057814851.1	A	g11361.t1	A
rna-XM_057814874.1	A	g11362.t1	A
rna-XM_057814887.1	A	g13582.t1	A
rna-XM_057814849.1	A	g12185.t1	A
rna-XM_057814876.1	A	g12184.t1	A
rna-XM_057814866.1	A	g4135.t1	A
rna-XM_057814867.1	A	g10630.t1	A
rna-XM_057814865.1	A	g14383.t1	A
rna-XM_057814827.1	A	g3411.t1	A
rna-XM_057814878.1	A	g665.t1	A
rna-XM_057814844.1	A	g10739.t1	A
rna-XM_057814882.1	A	g3046.t1	A
rna-XM_057814886.1	A	g3047.t1	A
rna-XM_057814881.1	A	g578.t1	A
rna-XM_057814860.1	A	g3413.t1	A
rna-XM_057814838.1	A	g2437.t1	A
rna-XM_057814879.1	A	g2436.t1	A
rna-XM_057814883.1	A	g9116.t1	A
rna-XM_057814837.1	A	g7412.t2	A
rna-XM_057814862.1	A	g8049.t1	A
rna-XM_057814845.1	A	g8048.t1	A
rna-XM_057814848.1	A	g8047.t1	A
rna-XM_057814846.1	A	g8046.t1	A
rna-XM_057814832.1	A	g9421.t1	A
rna-XM_057814850.1	A	g11527.t1	A
rna-XM_057814828.1	A	g7415.t1	A
rna-XM_057814843.1	A	g7783.t1	A
rna-XM_057814891.1	A	g7729.t1	A
rna-XM_057814888.1	A	g7723.t2	A
rna-XM_057814889.1	A	g4397.t1	A
rna-XM_057814892.1	A	g6470.t1	A
rna-XM_057814893.1	A	g6481.t1	A
rna-XM_057814894.1	A	g4124.t1	A
rna-XM_057814895.1	A	g6449.t1	A
rna-XM_057814898.1	A	g6450.t1	A
rna-XM_057814907.1	A	g6451.t1	A
rna-XM_057814908.1	A	g6452.t1	A
rna-XM_057814910.1	A	g6453.t3	A
rna-XM_057814912.1	A	g6454.t1	A
rna-XM_057814913.1	A	g6455.t1	A
rna-XM_057814914.1	A	g6458.t1	A
rna-XM_057814916.1	A	g6460.t1	A
rna-XM_057813838.1	A	g6461.t1	A
rna-XM_057814917.1	A	g6462.t1	A
rna-XM_057814918.1	A	g3159.t1	A
rna-XM_057814923.1	A	g6476.t1	A
rna-XM_057814924.1	A	g11070.t1	A
rna-XM_057814926.1	A	g8045.t1	A
rna-XM_057814927.1	A	g7836.t1	A
rna-XM_057814928.1	A	g5373.t1	A
rna-XM_057814929.1	A	g5374.t1	A
rna-XM_057814932.1	A	g5376.t1	A
rna-XM_057814934.1	A	g8176.t1	A
rna-XM_057814937.1	A	g10226.t1	A
rna-XM_057814942.1	A	g9208.t1	A
rna-XM_057814938.1	A	g510.t2	A
rna-XM_057814943.1	A	g508.t1	A
rna-XM_057814944.1	A	g509.t1	A
rna-XM_057814946.1	A	g505.t1	A
rna-XM_057814945.1	A	g3351.t1	A
rna-XM_057814952.1	A	g5380.t2	A
rna-XM_057814951.1	A	g5381.t1	A
rna-XM_057813839.1	A	g5383.t2	A
rna-XM_057814949.1	A	g12703.t1	A
rna-XM_057814957.1	A	g12649.t1	A
rna-XM_057814958.1	A	g14748.t1	A
rna-XM_057814959.1	A	g10036.t1	A
rna-XM_057814962.1	A	g6858.t1	A
rna-XM_057814960.1	A	g664.t1	A
rna-XM_057814966.1	A	g14125.t1	A
rna-XM_057814968.1	A	g8826.t3	A
rna-XM_057814969.1	A	g9207.t2	A
rna-XM_057814970.1	A	g10095.t1	A
rna-XM_057814971.1	A	g2902.t1	X
rna-XM_057814972.1	A	g9714.t1	A
rna-XM_057814976.1	A	g13904.t1	A
rna-XM_057814977.1	A	g4415.t1	A
rna-XM_057814988.1	A	g8212.t1	A
rna-XM_057814986.1	A	g4408.t1	A
rna-XM_057814989.1	A	g14716.t1	A
rna-XM_057814992.1	A	g14638.t1	A
rna-XM_057814991.1	A	g4963.t1	A
rna-XM_057814993.1	A	g10775.t1	A
rna-XM_057814994.1	A	g4072.t1	A
rna-XM_057814995.1	A	g12194.t1	A
rna-XM_057814996.1	A	g5069.t1	A
rna-XM_057815005.1	A	g14384.t1	A
rna-XM_057814997.1	A	g3040.t1	A
rna-XM_057815006.1	A	g11229.t1	A
rna-XM_057815010.1	A	g11230.t1	A
rna-XM_057815008.1	A	g546.t1	A
rna-XM_057811672.1	A	g14289.t1	A
rna-XM_057814791.1	A	g2290.t1	A
rna-XM_057814792.1	A	g11922.t1	A
rna-XM_057814794.1	A	g11002.t1	A
rna-XM_057812907.1	A	g11000.t1	A
rna-XM_057813407.1	A	g10999.t1	A
rna-XM_057811746.1	A	g11919.t2	A
rna-XM_057812204.1	A	g11238.t1	A
rna-XM_057814613.1	A	g5635.t4	A
rna-XM_057814618.1	A	g5636.t1	A
rna-XM_057813214.1	A	g10038.t1	A
rna-XM_057814547.1	A	g10037.t1	A
rna-XM_057814555.1	A	g9077.t1	A
rna-XM_057814546.1	A	g9079.t1	A
rna-XM_057814548.1	A	g9044.t1	A
rna-XM_057814553.1	A	g10039.t1	A
rna-XM_057812963.1	A	g10030.t1	A
rna-XM_057812964.1	A	g10031.t1	A
rna-XM_057812008.1	A	g10032.t1	A
rna-XM_057812009.1	A	g10033.t1	A
rna-XM_057812007.1	A	g6859.t2	A
rna-XM_057812006.1	A	g10040.t1	A
rna-XM_057812005.1	A	g10250.t1	A
rna-XM_057812010.1	A	g10256.t1	A
rna-XM_057812011.1	A	g8232.t1	A
rna-XM_057812060.1	A	g6866.t1	A
rna-XM_057814660.1	A	g2597.t1	A
rna-XM_057814661.1	A	g10044.t1	A
rna-XM_057814662.1	A	g8243.t1	A
rna-XM_057814654.1	A	g519.t1	A
rna-XM_057814657.1	A	g10917.t1	A
rna-XM_057814663.1	A	g481.t1	A
rna-XM_057811289.1	A	g480.t2	A
rna-XM_057811518.1	A	g477.t1	A
rna-XM_057811525.1	A	g6864.t1	A
rna-XM_057813187.1	A	g6861.t1	A
rna-XM_057813204.1	A	g6862.t1	A
rna-XM_057813208.1	A	g6475.t1	A
rna-XM_057813194.1	A	g13237.t1	A
rna-XM_057813205.1	A	g13236.t1	A
rna-XM_057813196.1	A	g628.t1	A
rna-XM_057813202.1	A	g13920.t1	A
rna-XM_057813200.1	A	g69.t2	A
rna-XM_057814503.1	A	g14813.t1	A
rna-XM_057814501.1	A	g10162.t3	A
rna-XM_057814499.1	A	g10161.t1	A
rna-XM_057814496.1	A	g13905.t1	A
rna-XM_057814494.1	A	g13910.t1	A
rna-XM_057811708.1	A	g8692.t1	A
rna-XM_057811533.1	A	g8628.t1	A
rna-XM_057811664.1	A	g701.t1	A
rna-XM_057811662.1	A	g2365.t1	A
rna-XM_057814068.1	A	g8795.t1	A
rna-XM_057814072.1	A	g8796.t1	A
rna-XM_057814070.1	A	g8794.t1	A
rna-XM_057814073.1	A	g1261.t1	A
rna-XM_057814081.1	A	g8793.t1	A
rna-XM_057814075.1	A	g11239.t1	A
rna-XM_057813393.1	A	g7049.t1	A
rna-XM_057813884.1	A	g7050.t1	A
rna-XM_057813401.1	A	g5547.t1	A
rna-XM_057813402.1	A	g11364.t2	A
rna-XM_057813950.1	A	g8607.t1	A
rna-XM_057812259.1	A	g2662.t1	A
rna-XM_057811539.1	A	g6118.t1	A
rna-XM_057812307.1	A	g4731.t1	A
rna-XM_057812315.1	A	g12619.t3	A
rna-XM_057812314.1	A	g13078.t1	A
rna-XM_057812311.1	A	g11190.t1	A
rna-XM_057812344.1	A	g12239.t1	A
rna-XM_057812345.1	A	g12241.t1	A
rna-XM_057812342.1	A	g11697.t1	A
rna-XM_057812347.1	A	g11698.t1	A
rna-XM_057812349.1	A	g4650.t1	A
rna-XM_057812351.1	A	g11702.t2	A
rna-XM_057812352.1	A	g13292.t1	A
rna-XM_057812356.1	A	g13293.t1	A
rna-XM_057812360.1	A	g13289.t1	A
rna-XM_057812358.1	A	g13286.t1	A
rna-XM_057812362.1	A	g13284.t1	A
rna-XM_057812364.1	A	g13285.t1	A
rna-XM_057812367.1	A	g12623.t1	A
rna-XM_057812366.1	A	g12182.t1	A
rna-XM_057812368.1	A	g12179.t1	A
rna-XM_057812377.1	A	g11720.t2	A
rna-XM_057812378.1	A	g3905.t1	A
rna-XM_057812379.1	A	g11718.t2	A
rna-XM_057812383.1	A	g11353.t1	A
rna-XM_057812385.1	A	g12280.t1	A
rna-XM_057812384.1	A	g12281.t3	A
rna-XM_057812388.1	A	g4070.t1	A
rna-XM_057812387.1	A	g3039.t2	A
rna-XM_057812386.1	A	g13211.t1	A
rna-XM_057812389.1	A	g12620.t1	A
rna-XM_057812393.1	A	g3051.t1	A
rna-XM_057812399.1	A	g3050.t2	A
rna-XM_057812402.1	A	g7585.t1	A
rna-XM_057812403.1	A	g7584.t1	A
rna-XM_057812404.1	A	g7579.t2	A
rna-XM_057812410.1	A	g7578.t1	A
rna-XM_057812413.1	A	g7575.t1	A
rna-XM_057812422.1	A	g6550.t1	A
rna-XM_057812421.1	A	g12345.t2	A
rna-XM_057812424.1	A	g12236.t1	A
rna-XM_057812425.1	A	g12237.t1	A
rna-XM_057812426.1	A	g11883.t1	A
rna-XM_057812427.1	A	g11884.t1	A
rna-XM_057812432.1	A	g11885.t1	A
rna-XM_057812429.1	A	g3807.t1	A
rna-XM_057812436.1	A	g4989.t1	A
rna-XM_057813974.1	A	g13914.t1	A
rna-XM_057813973.1	A	g12219.t1	A
rna-XM_057813954.1	A	g11603.t1	A
rna-XM_057812139.1	A	g11888.t1	A
rna-XM_057812138.1	A	g11602.t2	A
rna-XM_057812137.1	A	g11600.t1	A
rna-XM_057812279.1	A	g11599.t1	A
rna-XM_057812277.1	A	g11938.t1	A
rna-XM_057812035.1	A	g14303.t1	A
rna-XM_057811535.1	A	g13296.t1	A
rna-XM_057814042.1	A	g13573.t1	A
rna-XM_057814032.1	A	g11606.t4	A
rna-XM_057814039.1	A	g11604.t1	A
rna-XM_057812506.1	A	g11613.t1	A
rna-XM_057814814.1	A	g2548.t1	A
rna-XM_057814818.1	A	g6489.t1	A
rna-XM_057811564.1	A	g4065.t1	A
rna-XM_057811573.1	A	g4053.t1	A
rna-XM_057811579.1	A	g4054.t1	A
rna-XM_057811601.1	A	g4055.t1	A
rna-XM_057811602.1	A	g4056.t1	A
rna-XM_057811607.1	A	g6842.t1	A
rna-XM_057812252.1	A	g2356.t1	A
rna-XM_057814018.1	A	g8517.t1	A
rna-XM_057812254.1	A	g8518.t1	A
rna-XM_057812057.1	A	g8450.t1	A
rna-XM_057811763.1	A	g8464.t2	A
rna-XM_057814171.1	A	g11901.t1	A
rna-XM_057814176.1	A	g11902.t1	A
rna-XM_057814177.1	A	g1636.t1	X
rna-XM_057814174.1	A	g11426.t1	A
rna-XM_057812456.1	A	g6784.t1	A
rna-XM_057812451.1	A	g5853.t4	A
rna-XM_057813313.1	A	g10954.t1	A
rna-XM_057812473.1	A	g11180.t1	A
rna-XM_057815016.1	A	g13175.t1	A
rna-XM_057813213.1	A	g7254.t1	X
rna-XM_057815053.1	A	g12304.t1	A
rna-XM_057814025.1	A	g3499.t3	A
rna-XM_057814031.1	A	g3498.t1	A
rna-XM_057814030.1	A	g3497.t1	A
rna-XM_057814020.1	A	g10870.t1	A
rna-XM_057814029.1	A	g14343.t1	A
rna-XM_057812830.1	A	g6726.t1	A
rna-XM_057811290.1	A	g367.t1	A
rna-XM_057812051.1	A	g2874.t1	X
rna-XM_057812951.1	A	g922.t1	A
rna-XM_057812952.1	A	g11787.t1	A
rna-XM_057813323.1	A	g11786.t1	A
rna-XM_057811733.1	A	g11783.t1	A
rna-XM_057811728.1	A	g11785.t1	A
rna-XM_057813244.1	A	g11650.t1	A
rna-XM_057812510.1	A	g10117.t1	A
rna-XM_057812507.1	A	g3395.t1	A
rna-XM_057812628.1	A	g8996.t1	A
rna-XM_057812826.1	A	g4171.t1	A
rna-XM_057812825.1	A	g13449.t2	A
rna-XM_057813521.1	A	g10607.t1	A
rna-XM_057813520.1	A	g596.t1	A
rna-XM_057813522.1	A	g7326.t2	A
rna-XM_057812040.1	A	g6427.t1	A
rna-XM_057812923.1	A	g6426.t1	A
rna-XM_057814185.1	A	g6914.t1	A
rna-XM_057814178.1	A	g6913.t1	A
rna-XM_057814187.1	A	g6911.t1	A
rna-XM_057814186.1	A	g6978.t1	A
rna-XM_057811705.1	A	g6977.t1	A
rna-XM_057810951.1	A	g656.t1	A
rna-XM_057812207.1	A	g657.t1	A
rna-XM_057812808.1	A	g5703.t1	A
rna-XM_057813499.1	A	g5702.t1	A
rna-XM_057811969.1	A	g119.t1	A
rna-XM_057812918.1	A	g6836.t1	A
rna-XM_057812708.1	A	g8325.t1	A
rna-XM_057814067.1	A	g8324.t1	A
rna-XM_057814096.1	A	g7847.t1	A
rna-XM_057814104.1	A	g7837.t1	A
rna-XM_057814097.1	A	g8319.t1	A
rna-XM_057814106.1	A	g5229.t1	A
rna-XM_057814103.1	A	g4173.t1	A
rna-XM_057813019.1	A	g8087.t1	A
rna-XM_057812020.1	A	g9729.t1	A
rna-XM_057812021.1	A	g829.t1	A
rna-XM_057812019.1	A	g830.t1	A
rna-XM_057813336.1	A	g12996.t1	A
rna-XM_057812980.1	A	g14023.t1	A
rna-XM_057812976.1	A	g7718.t1	A
rna-XM_057812681.1	A	g753.t1	A
rna-XM_057812239.1	A	g9824.t1	A
rna-XM_057813064.1	A	g9845.t1	A
rna-XM_057812652.1	A	g8308.t1	A
rna-XM_057812234.1	A	g8315.t2	A
rna-XM_057812236.1	A	g8318.t1	A
rna-XM_057812140.1	A	g7850.t1	A
rna-XM_057812438.1	A	g10431.t2	A
rna-XM_057813287.1	A	g3913.t1	A
rna-XM_057813353.1	A	g831.t2	A
rna-XM_057813606.1	A	g8149.t1	A
rna-XM_057813614.1	A	g8148.t1	A
rna-XM_057813615.1	A	g8150.t2	A
rna-XM_057813617.1	A	g10857.t1	A
rna-XM_057812763.1	A	g8356.t1	A
rna-XM_057812754.1	A	g7321.t1	A
rna-XM_057812768.1	A	g2341.t1	A
rna-XM_057812759.1	A	g11407.t1	A
rna-XM_057812744.1	A	g11897.t4	A
rna-XM_057812764.1	A	g11898.t2	A
rna-XM_057812769.1	A	g11896.t2	A
rna-XM_057812772.1	A	g11892.t1	A
rna-XM_057810937.1	A	g11934.t3	A
rna-XM_057810943.1	A	g13716.t1	A
rna-XM_057810942.1	A	g2293.t1	A
rna-XM_057812241.1	A	g11923.t2	A
rna-XM_057812242.1	A	g13715.t1	A
rna-XM_057812247.1	A	g11598.t1	A
rna-XM_057812243.1	A	g11597.t1	A
rna-XM_057812246.1	A	g11915.t1	A
rna-XM_057814466.1	A	g11909.t1	A
rna-XM_057814464.1	A	g3777.t1	A
rna-XM_057814474.1	A	g11908.t1	A
rna-XM_057812038.1	A	g11907.t1	A
rna-XM_057812813.1	A	g14144.t2	A
rna-XM_057812814.1	A	g12134.t1	A
rna-XM_057812003.1	A	g14040.t1	A
rna-XM_057812004.1	A	g14041.t1	A
rna-XM_057811633.1	A	g11906.t2	A
rna-XM_057812636.1	A	g5094.t1	A
rna-XM_057812638.1	A	g12631.t1	A
rna-XM_057812637.1	A	g1171.t1	A
rna-XM_057812256.1	A	g6781.t1	A
rna-XM_057812047.1	A	g6782.t1	A
rna-XM_057812036.1	A	g671.t1	A
rna-XM_057812202.1	A	g672.t1	A
rna-XM_057812198.1	A	g673.t1	A
rna-XM_057811709.1	A	g7142.t1	A
rna-XM_057811710.1	A	g1186.t1	A
rna-XM_057811221.1	A	g1183.t1	A
rna-XM_057812486.1	A	g13066.t1	A
rna-XM_057813306.1	A	g13067.t1	A
rna-XM_057813024.1	A	g13880.t2	A
rna-XM_057814708.1	A	g13879.t1	A
rna-XM_057814707.1	A	g13371.t1	A
rna-XM_057814709.1	A	g3768.t2	A
rna-XM_057814702.1	A	g674.t1	A
rna-XM_057814714.1	A	g675.t1	A
rna-XM_057814716.1	A	g482.t1	A
rna-XM_057814715.1	A	g13882.t1	A
rna-XM_057814719.1	A	g9232.t1	A
rna-XM_057814723.1	A	g8147.t1	A
rna-XM_057814725.1	A	g5539.t1	A
rna-XM_057814727.1	A	g9250.t1	A
rna-XM_057814721.1	A	g4746.t1	A
rna-XM_057814728.1	A	g4745.t1	A
rna-XM_057814741.1	A	g5544.t1	A
rna-XM_057814743.1	A	g2751.t1	A
rna-XM_057814729.1	A	g5549.t1	A
rna-XM_057814744.1	A	g407.t1	A
rna-XM_057813675.1	A	g5563.t1	A
rna-XM_057813679.1	A	g5564.t1	A
rna-XM_057813683.1	A	g5567.t1	A
rna-XM_057813685.1	A	g5568.t1	A
rna-XM_057813674.1	A	g6788.t1	A
rna-XM_057813686.1	A	g6974.t1	A
rna-XM_057812633.1	A	g13342.t1	A
rna-XM_057812632.1	A	g4930.t1	A
rna-XM_057811547.1	A	g7918.t1	A
rna-XM_057811546.1	A	g9436.t1	A
rna-XM_057811719.1	A	g11931.t1	A
rna-XM_057814091.1	A	g6022.t1	A
rna-XM_057812443.1	A	g3359.t1	A
rna-XM_057812001.1	A	g3356.t1	A
rna-XM_057812824.1	A	g286.t1	A
rna-XM_057813705.1	A	g285.t2	A
rna-XM_057813697.1	A	g283.t2	A
rna-XM_057813695.1	A	g282.t1	A
rna-XM_057813704.1	A	g281.t1	A
rna-XM_057813709.1	A	g373.t1	A
rna-XM_057813699.1	A	g371.t3	A
rna-XM_057813710.1	A	g5842.t1	A
rna-XM_057812709.1	A	g5844.t2	A
rna-XM_057812106.1	A	g5843.t1	A
rna-XM_057812100.1	A	g13161.t1	A
rna-XM_057811345.1	A	g13160.t1	A
rna-XM_057811347.1	A	g13159.t2	A
rna-XM_057815073.1	A	g265.t1	A
rna-XM_057815074.1	A	g377.t2	A
rna-XM_057815077.1	A	g4502.t1	A
rna-XM_057815114.1	A	g13158.t1	A
rna-XM_057815112.1	A	g13367.t1	A
rna-XM_057815131.1	A	g6396.t1	A
rna-XM_057815125.1	A	g6382.t1	A
rna-XM_057815130.1	A	g6383.t1	A
rna-XM_057815089.1	A	g6384.t8	A
rna-XM_057815115.1	A	g998.t2	A
rna-XM_057815122.1	A	g6386.t1	A
rna-XM_057815117.1	A	g6387.t1	A
rna-XM_057815124.1	A	g3656.t1	A
rna-XM_057815127.1	A	g6389.t1	A
rna-XM_057815078.1	A	g6390.t5	A
rna-XM_057815128.1	A	g6392.t1	A
rna-XM_057812479.1	A	g6393.t1	A
rna-XM_057812477.1	A	g6394.t2	A
rna-XM_057814146.1	A	g6395.t1	A
rna-XM_057814148.1	A	g11241.t2	A
rna-XM_057812056.1	A	g6399.t1	A
rna-XM_057812012.1	A	g6525.t1	A
rna-XM_057813069.1	A	g7549.t1	A
rna-XM_057813068.1	A	g6628.t1	A
rna-XM_057813072.1	A	g7029.t1	A
rna-XM_057813073.1	A	g6837.t1	A
rna-XM_057814145.1	A	g7031.t3	A
rna-XM_057813076.1	A	g13162.t1	A
rna-XM_057813093.1	A	g5451.t2	A
rna-XM_057813078.1	A	g5845.t1	A
rna-XM_057813085.1	A	g5846.t1	A
rna-XM_057813081.1	A	g5847.t1	A
rna-XM_057813082.1	A	g5849.t1	A
rna-XM_057813088.1	A	g5850.t1	A
rna-XM_057813098.1	A	g5746.t1	A
rna-XM_057813099.1	A	g5747.t1	A
rna-XM_057813102.1	A	g9233.t1	A
rna-XM_057813106.1	A	g5745.t2	A
rna-XM_057813109.1	A	g4747.t1	A
rna-XM_057813112.1	A	g4800.t1	A
rna-XM_057813115.1	A	g8615.t1	A
rna-XM_057813121.1	A	g7186.t1	A
rna-XM_057813117.1	A	g4749.t1	A
rna-XM_057813123.1	A	g4748.t1	A
rna-XM_057813124.1	A	g4544.t1	A
rna-XM_057813125.1	A	g4543.t1	A
rna-XM_057814153.1	A	g4796.t1	A
rna-XM_057813130.1	A	g4798.t2	A
rna-XM_057813135.1	A	g3721.t1	A
rna-XM_057813137.1	A	g3244.t1	A
rna-XM_057813141.1	A	g4500.t2	A
rna-XM_057813142.1	A	g7993.t2	A
rna-XM_057813151.1	A	g1846.t1	A
rna-XM_057813153.1	A	g2172.t1	A
rna-XM_057813163.1	A	g2170.t1	A
rna-XM_057812286.1	A	g4593.t1	A
rna-XM_057812287.1	A	g4592.t1	A
rna-XM_057811363.1	A	g4590.t1	A
rna-XM_057811368.1	A	g1074.t1	A
rna-XM_057812053.1	A	g9468.t1	A
rna-XM_057813440.1	A	g2276.t1	A
rna-XM_057812850.1	A	g13070.t3	A
rna-XM_057812849.1	A	g13071.t1	A
rna-XM_057810897.1	A	g2359.t2	A
rna-XM_057810898.1	A	g4977.t1	A
rna-XM_057810899.1	A	g14035.t1	A
rna-XM_057812912.1	A	g10927.t1	A
rna-XM_057810934.1	A	g6748.t1	A
rna-XM_057812982.1	A	g6747.t2	A
rna-XM_057811288.1	A	g14745.t2	A
rna-XM_057812994.1	A	g8678.t1	A
rna-XM_057811351.1	A	g14635.t1	A
rna-XM_057811348.1	A	g6488.t1	A
rna-XM_057811355.1	A	g1031.t2	A
rna-XM_057811354.1	A	g12695.t1	A
rna-XM_057812214.1	A	g8842.t1	A
rna-XM_057812213.1	A	g4377.t1	A
rna-XM_057813375.1	A	g947.t1	A
rna-XM_057813365.1	A	g13448.t4	A
rna-XM_057813377.1	A	g2236.t1	A
rna-XM_057813378.1	A	g1272.t1	A
rna-XM_057813379.1	A	g10325.t1	A
rna-XM_057813374.1	A	g5463.t2	A
rna-XM_057810945.1	A	g10326.t1	A
rna-XM_057811764.1	A	g1276.t1	A
rna-XM_057813885.1	A	g1207.t1	A
rna-XM_057813891.1	A	g1208.t1	A
rna-XM_057813892.1	A	g2343.t1	A
rna-XM_057813893.1	A	g5558.t1	A
rna-XM_057813895.1	A	g4799.t1	A
rna-XM_057813903.1	A	g11933.t1	A
rna-XM_057813898.1	A	g11905.t1	A
rna-XM_057813907.1	A	g6898.t1	A
rna-XM_057813908.1	A	g6897.t1	A
rna-XM_057813905.1	A	g6900.t1	A
rna-XM_057813911.1	A	g14046.t1	A
rna-XM_057813920.1	A	g5645.t1	A
rna-XM_057813921.1	A	g2307.t1	A
rna-XM_057813923.1	A	g13024.t1	A
rna-XM_057813922.1	A	g13446.t1	A
rna-XM_057813924.1	A	g13447.t1	A
rna-XM_057813926.1	A	g10868.t1	A
rna-XM_057813928.1	A	g10871.t1	A
rna-XM_057813930.1	A	g1574.t1	X
rna-XM_057813933.1	A	g13146.t1	A
rna-XM_057813932.1	A	g14208.t1	A
rna-XM_057813931.1	A	g2375.t1	A
rna-XM_057813936.1	A	g2394.t1	A
rna-XM_057813937.1	A	g6908.t1	A
rna-XM_057813938.1	A	g1299.t1	A
rna-XM_057813940.1	A	g8788.t1	A
rna-XM_057813943.1	A	g8522.t3	A
rna-XM_057814188.1	A	g1970.t1	A
rna-XM_057813949.1	A	g343.t1	A
rna-XM_057813945.1	A	g5999.t2	A
rna-XM_057813948.1	A	g13165.t1	A
rna-XM_057812848.1	A	g2416.t1	A
rna-XM_057812936.1	A	g3545.t1	A
rna-XM_057812939.1	A	g13177.t1	A
rna-XM_057812940.1	A	g11916.t1	A
rna-XM_057812941.1	A	g5976.t1	A
rna-XM_057812943.1	A	g1020.t2	A
rna-XM_057812276.1	A	g5968.t1	A
rna-XM_057811636.1	A	g5839.t1	A
rna-XM_057814786.1	A	g5841.t2	A
rna-XM_057814787.1	A	g5840.t1	A
rna-XM_057814536.1	A	g374.t1	A
rna-XM_057814531.1	A	g375.t1	A
rna-XM_057814538.1	A	g376.t1	A
rna-XM_057814540.1	A	g3220.t1	A
rna-XM_057813305.1	A	g2519.t1	A
rna-XM_057814288.1	A	g2528.t1	A
rna-XM_057812958.1	A	g13748.t1	A
rna-XM_057812956.1	A	g13747.t1	A
rna-XM_057813586.1	A	g379.t1	A
rna-XM_057813596.1	A	g378.t1	A
rna-XM_057813595.1	A	g4618.t1	A
rna-XM_057813592.1	A	g4617.t2	A
rna-XM_057813585.1	A	g4497.t1	A
rna-XM_057813574.1	A	g13743.t1	A
rna-XM_057813584.1	A	g13742.t1	A
rna-XM_057813598.1	A	g13744.t1	A
rna-XM_057813583.1	A	g8026.t1	A
rna-XM_057813573.1	A	g2374.t1	A
rna-XM_057812134.1	A	g8194.t1	A
rna-XM_057812133.1	A	g2397.t1	A
rna-XM_057812098.1	A	g2396.t2	A
rna-XM_057812551.1	A	g2395.t1	A
rna-XM_057813340.1	A	g4005.t1	A
rna-XM_057813478.1	A	g4464.t1	A
rna-XM_057814773.1	A	g4465.t1	A
rna-XM_057814777.1	A	g4463.t1	A
rna-XM_057814778.1	A	g13166.t1	A
rna-XM_057811713.1	A	g10648.t1	A
rna-XM_057811715.1	A	g10646.t1	A
rna-XM_057813167.1	A	g3343.t1	A
rna-XM_057813168.1	A	g13173.t1	A
rna-XM_057811379.1	A	g13169.t1	A
rna-XM_057811382.1	A	g13167.t1	A
rna-XM_057811384.1	A	g2330.t1	A
rna-XM_057811385.1	A	g13735.t1	A
rna-XM_057811388.1	A	g13168.t1	A
rna-XM_057811392.1	A	g4622.t1	A
rna-XM_057811394.1	A	g4621.t1	A
rna-XM_057811395.1	A	g4619.t1	A
rna-XM_057811396.1	A	g13738.t1	A
rna-XM_057811402.1	A	g13455.t1	A
rna-XM_057811403.1	A	g4668.t2	A
rna-XM_057811404.1	A	g2376.t1	A
rna-XM_057811405.1	A	g14210.t2	A
rna-XM_057811406.1	A	g4487.t1	A
rna-XM_057811417.1	A	g7108.t2	A
rna-XM_057811410.1	A	g6907.t2	A
rna-XM_057811416.1	A	g6905.t1	A
rna-XM_057811419.1	A	g8476.t2	A
rna-XM_057811428.1	A	g6910.t1	A
rna-XM_057811429.1	A	g5797.t1	A
rna-XM_057811431.1	A	g5796.t1	A
rna-XM_057811432.1	A	g5738.t1	A
rna-XM_057811438.1	A	g14234.t1	A
rna-XM_057811439.1	A	g7107.t2	A
rna-XM_057811441.1	A	g2527.t1	A
rna-XM_057811446.1	A	g6909.t1	A
rna-XM_057811442.1	A	g5804.t1	A
rna-XM_057814368.1	A	g6668.t1	A
rna-XM_057814369.1	A	g5803.t1	A
rna-XM_057811451.1	A	g3421.t2	A
rna-XM_057811454.1	A	g13679.t1	A
rna-XM_057811452.1	A	g10893.t1	A
rna-XM_057811455.1	A	g10892.t1	A
rna-XM_057811457.1	A	g10896.t1	A
rna-XM_057811456.1	A	g8815.t1	A
rna-XM_057811466.1	A	g10102.t1	A
rna-XM_057811462.1	A	g10094.t1	A
rna-XM_057811469.1	A	g8273.t1	A
rna-XM_057811471.1	A	g6206.t1	A
rna-XM_057811460.1	A	g1162.t3	A
rna-XM_057811472.1	A	g1159.t1	A
rna-XM_057811478.1	A	g1158.t1	A
rna-XM_057811480.1	A	g1019.t2	A
rna-XM_057811476.1	A	g9844.t1	A
rna-XM_057811484.1	A	g9846.t1	A
rna-XM_057811494.1	A	g9830.t1	A
rna-XM_057811485.1	A	g10405.t1	A
rna-XM_057811497.1	A	g10404.t2	A
rna-XM_057811504.1	A	g9829.t1	A
rna-XM_057811508.1	A	g9827.t3	A
rna-XM_057811511.1	A	g9998.t1	A
rna-XM_057811495.1	A	g8223.t1	A
rna-XM_057811503.1	A	g7999.t1	A
rna-XM_057811516.1	A	g3823.t1	A
rna-XM_057811506.1	A	g3835.t3	A
rna-XM_057811517.1	A	g11754.t1	A
rna-XM_057813058.1	A	g8019.t1	A
rna-XM_057813059.1	A	g8016.t1	A
rna-XM_057814808.1	A	g3409.t1	A
rna-XM_057814804.1	A	g12492.t1	A
rna-XM_057814671.1	A	g12494.t1	A
rna-XM_057812303.1	A	g12299.t1	A
rna-XM_057812513.1	A	g11817.t1	A
rna-XM_057811745.1	A	g6865.t1	A
rna-XM_057811717.1	A	g914.t1	A
rna-XM_057814605.1	A	g12737.t3	A
rna-XM_057814608.1	A	g10567.t1	A
rna-XM_057814580.1	A	g6951.t1	A
rna-XM_057815042.1	A	g6786.t1	A
rna-XM_057815044.1	A	g6787.t1	A
rna-XM_057814281.1	A	g3945.t1	A
rna-XM_057814276.1	A	g3946.t1	A
rna-XM_057814280.1	A	g10768.t1	A
rna-XM_057812961.1	A	g9765.t1	A
rna-XM_057812962.1	A	g9764.t1	A
rna-XM_057812498.1	A	g3984.t1	A
rna-XM_057812563.1	A	g44.t1	A
rna-XM_057812557.1	A	g13719.t1	A
rna-XM_057812562.1	A	g3968.t1	A
rna-XM_057812697.1	A	g3973.t2	A
rna-XM_057812704.1	A	g2264.t1	A
rna-XM_057812705.1	A	g3966.t1	A
rna-XM_057812909.1	A	g3964.t1	A
rna-XM_057812910.1	A	g3970.t1	A
rna-XM_057813362.1	A	g10329.t1	A
rna-XM_057814455.1	A	g10331.t1	A
rna-XM_057814456.1	A	g10707.t1	A
rna-XM_057812811.1	A	g12383.t1	A
rna-XM_057812522.1	A	g715.t1	A
rna-XM_057812526.1	A	g12382.t1	A
rna-XM_057814458.1	A	g9814.t1	A
rna-XM_057812535.1	A	g9812.t1	A
rna-XM_057812528.1	A	g9811.t1	A
rna-XM_057812537.1	A	g10412.t1	A
rna-XM_057812520.1	A	g10674.t2	A
rna-XM_057812538.1	A	g10673.t1	A
rna-XM_057812536.1	A	g10672.t1	A
rna-XM_057814090.1	A	g10671.t1	A
rna-XM_057813477.1	A	g10511.t2	A
rna-XM_057813165.1	A	g10509.t1	A
rna-XM_057813164.1	A	g9821.t1	A
rna-XM_057811639.1	A	g9820.t1	A
rna-XM_057811637.1	A	g9819.t1	A
rna-XM_057811640.1	A	g9818.t2	A
rna-XM_057813443.1	A	g10752.t2	A
rna-XM_057813446.1	A	g10751.t2	A
rna-XM_057812094.1	A	g10749.t1	A
rna-XM_057811644.1	A	g10747.t1	A
rna-XM_057811648.1	A	g10745.t1	A
rna-XM_057812497.1	A	g4288.t1	A
rna-XM_057811690.1	A	g12196.t1	A
rna-XM_057812833.1	A	g7947.t1	A
rna-XM_057813713.1	A	g8195.t1	A
rna-XM_057813715.1	A	g10887.t1	A
rna-XM_057813724.1	A	g10909.t1	A
rna-XM_057811979.1	A	g12223.t1	A
rna-XM_057811977.1	A	g11958.t1	A
rna-XM_057811978.1	A	g5637.t1	A
rna-XM_057811990.1	A	g5638.t1	A
rna-XM_057811987.1	A	g5641.t1	A
rna-XM_057811995.1	A	g11378.t1	A
rna-XM_057811973.1	A	g11375.t1	A
rna-XM_057811992.1	A	g11376.t1	A
rna-XM_057811989.1	A	g12167.t1	A
rna-XM_057811986.1	A	g12166.t1	A
rna-XM_057811971.1	A	g12165.t1	A
rna-XM_057811676.1	A	g11374.t2	A
rna-XM_057812164.1	A	g11373.t1	A
rna-XM_057812165.1	A	g11372.t1	A
rna-XM_057812162.1	A	g7781.t1	A
rna-XM_057812161.1	A	g7785.t1	A
rna-XM_057813384.1	A	g8017.t1	A
rna-XM_057812442.1	A	g8100.t1	A
rna-XM_057813315.1	A	g8374.t2	A
rna-XM_057814518.1	A	g9943.t2	A
rna-XM_057814520.1	A	g9944.t1	A
rna-XM_057814505.1	A	g9948.t1	A
rna-XM_057812136.1	A	g1206.t1	A
rna-XM_057811722.1	A	g4876.t1	A
rna-XM_057813492.1	A	g99.t1	A
rna-XM_057814530.1	A	g9817.t1	A
rna-XM_057814481.1	A	g11191.t1	A
rna-XM_057814480.1	A	g12148.t1	A
rna-XM_057812543.1	A	g11942.t1	A
rna-XM_057812048.1	A	g11943.t1	A
rna-XM_057812302.1	A	g4139.t1	A
rna-XM_057812550.1	A	g4138.t1	A
rna-XM_057812099.1	A	g6000.t1	A
rna-XM_057812822.1	A	g11945.t1	A
rna-XM_057812444.1	A	g11370.t1	A
rna-XM_057812446.1	A	g4141.t1	A
rna-XM_057815034.1	A	g10498.t1	A
rna-XM_057813834.1	A	g10496.t1	A
rna-XM_057813836.1	A	g9973.t1	A
rna-XM_057812257.1	A	g10493.t1	A
rna-XM_057812033.1	A	g9774.t1	A
rna-XM_057812651.1	A	g10492.t1	A
rna-XM_057813470.1	A	g6939.t1	A
rna-XM_057811667.1	A	g95.t1	A
rna-XM_057813387.1	A	g10890.t1	A
rna-XM_057813386.1	A	g10891.t1	A
rna-XM_057812016.1	A	g96.t1	A
rna-XM_057812085.1	A	g10753.t1	A
rna-XM_057812834.1	A	g9728.t1	A
rna-XM_057812836.1	A	g8125.t2	A
rna-XM_057812842.1	A	g8122.t1	A
rna-XM_057812458.1	A	g3781.t2	A
rna-XM_057812805.1	A	g10766.t1	A
rna-XM_057813303.1	A	g10760.t1	A
rna-XM_057813221.1	A	g10434.t1	A
rna-XM_057814577.1	A	g8132.t1	A
rna-XM_057814576.1	A	g7849.t1	A
rna-XM_057814579.1	A	g7851.t1	A
rna-XM_057814573.1	A	g7853.t3	A
rna-XM_057814575.1	A	g7854.t1	A
rna-XM_057814572.1	A	g7856.t1	A
rna-XM_057813855.1	A	g2756.t1	A
rna-XM_057813857.1	A	g2757.t1	A
rna-XM_057814800.1	A	g8126.t1	A
rna-XM_057814801.1	A	g7921.t1	A
rna-XM_057811617.1	A	g8168.t1	A
rna-XM_057811613.1	A	g10409.t1	A
rna-XM_057811615.1	A	g10627.t1	A
rna-XM_057811618.1	A	g10626.t1	A
rna-XM_057811616.1	A	g10623.t1	A
rna-XM_057812464.1	A	g7806.t1	A
rna-XM_057812470.1	A	g7790.t1	A
rna-XM_057814755.1	A	g8086.t1	A
rna-XM_057814753.1	A	g6034.t2	A
rna-XM_057812689.1	A	g6152.t1	A
rna-XM_057813349.1	A	g6150.t1	A
rna-XM_057811188.1	A	g3342.t1	A
rna-XM_057811193.1	A	g5795.t1	A
rna-XM_057811190.1	A	g3355.t1	A
rna-XM_057813636.1	A	g3152.t1	A
rna-XM_057813619.1	A	g244.t1	A
rna-XM_057813628.1	A	g249.t1	A
rna-XM_057813626.1	A	g2344.t2	A
rna-XM_057813621.1	A	g997.t1	A
rna-XM_057813630.1	A	g215.t2	A
rna-XM_057813627.1	A	g214.t1	A
rna-XM_057813624.1	A	g12276.t1	A
rna-XM_057813632.1	A	g212.t3	A
rna-XM_057813641.1	A	g9236.t1	A
rna-XM_057813634.1	A	g193.t1	A
rna-XM_057814557.1	A	g197.t1	A
rna-XM_057812503.1	A	g12495.t1	A
rna-XM_057811723.1	A	g7001.t1	A
rna-XM_057810955.1	A	g11392.t1	A
rna-XM_057810952.1	A	g11393.t1	A
rna-XM_057810958.1	A	g11315.t1	A
rna-XM_057813642.1	A	g11659.t1	A
rna-XM_057813643.1	A	g10895.t1	A
rna-XM_057813660.1	A	g3286.t1	A
rna-XM_057813651.1	A	g476.t1	A
rna-XM_057813659.1	A	g5710.t1	A
rna-XM_057813654.1	A	g12291.t1	A
rna-XM_057813657.1	A	g3988.t1	A
rna-XM_057813647.1	A	g2722.t1	A
rna-XM_057813564.1	A	g2723.t2	A
rna-XM_057814424.1	A	g11233.t1	A
rna-XM_057812188.1	A	g11231.t1	A
rna-XM_057813275.1	A	g4964.t1	A
rna-XM_057813270.1	A	g13050.t1	A
rna-XM_057812922.1	A	g11234.t1	A
rna-XM_057811771.1	A	g11235.t1	A
rna-XM_057813333.1	A	g2720.t1	A
rna-XM_057814560.1	A	g10461.t1	A
rna-XM_057813316.1	A	g10440.t1	A
rna-XM_057813317.1	A	g14668.t1	A
rna-XM_057812448.1	A	g10463.t2	A
rna-XM_057812496.1	A	g10810.t1	A
rna-XM_057813225.1	A	g14520.t1	A
rna-XM_057813227.1	A	g890.t1	A
rna-XM_057813228.1	A	g10811.t1	A
rna-XM_057813230.1	A	g10813.t1	A
rna-XM_057814571.1	A	g10816.t1	A
rna-XM_057811726.1	A	g10817.t1	A
rna-XM_057811342.1	A	g10819.t1	A
rna-XM_057811332.1	A	g10820.t1	A
rna-XM_057811334.1	A	g10823.t2	A
rna-XM_057811340.1	A	g10824.t1	A
rna-XM_057811338.1	A	g10602.t1	A
rna-XM_057811328.1	A	g4214.t1	A
rna-XM_057811329.1	A	g10880.t1	A
rna-XM_057814582.1	A	g10878.t1	A
rna-XM_057814584.1	A	g10773.t1	A
rna-XM_057812141.1	A	g10877.t1	A
rna-XM_057812146.1	A	g10876.t1	A
rna-XM_057812150.1	A	g10875.t1	A
rna-XM_057812148.1	A	g10874.t2	A
rna-XM_057812147.1	A	g10460.t1	A
rna-XM_057813411.1	A	g10778.t1	A
rna-XM_057815132.1	A	g10777.t1	A
rna-XM_057814092.1	A	g10884.t1	A
rna-XM_057814093.1	A	g10883.t1	A
rna-XM_057812706.1	A	g9851.t1	A
rna-XM_057814367.1	A	g10882.t1	A
rna-XM_057814364.1	A	g10597.t1	A
rna-XM_057814362.1	A	g10598.t1	A
rna-XM_057814333.1	A	g10596.t1	A
rna-XM_057813328.1	A	g10889.t2	A
rna-XM_057811679.1	A	g3376.t1	A
rna-XM_057811734.1	A	g9999.t1	A
rna-XM_057810969.1	A	g10755.t1	A
rna-XM_057810972.1	A	g10754.t1	A
rna-XM_057812215.1	A	g8123.t1	A
rna-XM_057814562.1	A	g8076.t1	A
rna-XM_057814563.1	A	g8078.t2	A
rna-XM_057814564.1	A	g8079.t1	A
rna-XM_057811774.1	A	g8322.t1	A
rna-XM_057811773.1	A	g8323.t1	A
rna-XM_057811777.1	A	g2755.t1	A
rna-XM_057811780.1	A	g7770.t2	A
rna-XM_057811786.1	A	g8242.t2	A
rna-XM_057811785.1	A	g8281.t1	A
rna-XM_057811788.1	A	g8328.t1	A
rna-XM_057811789.1	A	g7861.t1	A
rna-XM_057811793.1	A	g8280.t2	A
rna-XM_057811795.1	A	g8800.t1	A
rna-XM_057814586.1	A	g8282.t1	A
rna-XM_057811798.1	A	g8283.t1	A
rna-XM_057811803.1	A	g7860.t1	A
rna-XM_057811800.1	A	g8262.t2	A
rna-XM_057811804.1	A	g7889.t1	A
rna-XM_057811806.1	A	g2282.t1	A
rna-XM_057811807.1	A	g9825.t1	A
rna-XM_057811812.1	A	g9667.t1	A
rna-XM_057811815.1	A	g2423.t1	A
rna-XM_057811816.1	A	g2421.t1	A
rna-XM_057811819.1	A	g14728.t1	A
rna-XM_057811820.1	A	g14729.t1	A
rna-XM_057811821.1	A	g14774.t2	A
rna-XM_057811830.1	A	g14775.t2	A
rna-XM_057811828.1	A	g14743.t2	A
rna-XM_057811831.1	A	g14741.t1	A
rna-XM_057811832.1	A	g5472.t1	A
rna-XM_057811833.1	A	g1669.t1	X
rna-XM_057811834.1	A	g6423.t1	A
rna-XM_057811837.1	A	g11018.t1	A
rna-XM_057811838.1	A	g11918.t1	A
rna-XM_057811839.1	A	g11917.t1	A
rna-XM_057811840.1	A	g11015.t1	A
rna-XM_057811841.1	A	g12123.t2	A
rna-XM_057811842.1	A	g6446.t1	A
rna-XM_057811846.1	A	g11386.t1	A
rna-XM_057811849.1	A	g5242.t1	A
rna-XM_057811848.1	A	g5241.t1	A
rna-XM_057811850.1	A	g821.t1	A
rna-XM_057811851.1	A	g12871.t2	A
rna-XM_057811852.1	A	g14752.t2	A
rna-XM_057811908.1	A	g14753.t2	A
rna-XM_057811910.1	A	g5232.t1	A
rna-XM_057811912.1	A	g4459.t1	A
rna-XM_057811913.1	A	g5235.t1	A
rna-XM_057811920.1	A	g14740.t1	A
rna-XM_057811922.1	A	g11346.t1	A
rna-XM_057811923.1	A	g1854.t1	A
rna-XM_057811924.1	A	g1852.t3	A
rna-XM_057811926.1	A	g6829.t1	A
rna-XM_057811927.1	A	g2048.t3	A
rna-XM_057811934.1	A	g2049.t1	A
rna-XM_057811932.1	A	g2050.t1	A
rna-XM_057811939.1	A	g13630.t1	A
rna-XM_057811938.1	A	g2936.t1	A
rna-XM_057811945.1	A	g2081.t1	A
rna-XM_057814620.1	A	g2078.t1	A
rna-XM_057811959.1	A	g2066.t1	A
rna-XM_057811948.1	A	g2068.t1	A
rna-XM_057811964.1	A	g2069.t1	A
rna-XM_057811965.1	A	g2070.t1	A
rna-XM_057811963.1	A	g2071.t1	A
rna-XM_057811960.1	A	g2072.t1	A
rna-XM_057811962.1	A	g14371.t1	A
rna-XM_057811958.1	A	g6962.t1	A
rna-XM_057811966.1	A	g1302.t1	A
rna-XM_057811952.1	A	g6959.t1	A
rna-XM_057813186.1	A	g6958.t2	A
rna-XM_057812447.1	A	g6957.t1	A
rna-XM_057812959.1	A	g6956.t1	A
rna-XM_057812480.1	A	g6955.t1	A
rna-XM_057813840.1	A	g6200.t1	A
rna-XM_057813851.1	A	g6198.t1	A
rna-XM_057813854.1	A	g6197.t1	A
rna-XM_057812070.1	A	g9433.t1	A
rna-XM_057813232.1	A	g2280.t1	A
rna-XM_057813231.1	A	g2279.t1	A
rna-XM_057812168.1	A	g13513.t1	A
rna-XM_057811343.1	A	g13512.t1	A
rna-XM_057811655.1	A	g4421.t2	A
rna-XM_057811656.1	A	g4420.t1	A
rna-XM_057811701.1	A	g13507.t1	A
rna-XM_057811740.1	A	g1189.t1	A
rna-XM_057811536.1	A	g4417.t1	A
rna-XM_057811537.1	A	g13509.t1	A
rna-XM_057814766.1	A	g1420.t1	X
rna-XM_057814762.1	A	g6873.t1	A
rna-XM_057814768.1	A	g9133.t2	A
rna-XM_057814765.1	A	g930.t2	A
rna-XM_057814769.1	A	g9902.t1	A
rna-XM_057813346.1	A	g966.t1	A
rna-XM_057813031.1	A	g965.t3	A
rna-XM_057811682.1	A	g9903.t1	A
rna-XM_057811681.1	A	g967.t1	A
rna-XM_057811683.1	A	g646.t2	A
rna-XM_057813498.1	A	g648.t1	A
rna-XM_057814140.1	A	g8286.t2	A
rna-XM_057814139.1	A	g11036.t1	A
rna-XM_057814117.1	A	g12624.t2	A
rna-XM_057812742.1	A	g5361.t1	A
rna-XM_057814487.1	A	g5543.t1	A
rna-XM_057814485.1	A	g9407.t1	A
rna-XM_057812818.1	A	g13642.t1	A
rna-XM_057813027.1	A	g13643.t2	A
rna-XM_057813026.1	A	g5087.t1	A
rna-XM_057812685.1	A	g12450.t1	A
rna-XM_057812686.1	A	g12453.t1	A
rna-XM_057813455.1	A	g12405.t1	A
rna-XM_057812972.1	A	g12404.t1	A
rna-XM_057811756.1	A	g4196.t1	A
rna-XM_057811757.1	A	g11038.t1	A
rna-XM_057811762.1	A	g13671.t2	A
rna-XM_057811761.1	A	g4192.t1	A
rna-XM_057811739.1	A	g11041.t1	A
rna-XM_057811737.1	A	g11042.t1	A
rna-XM_057812462.1	A	g195.t1	A
rna-XM_057812864.1	A	g3791.t1	A
rna-XM_057812875.1	A	g10459.t1	A
rna-XM_057812855.1	A	g10458.t2	A
rna-XM_057812860.1	A	g10454.t1	A
rna-XM_057812859.1	A	g10453.t1	A
rna-XM_057812862.1	A	g5687.t1	A
rna-XM_057812879.1	A	g1204.t1	A
rna-XM_057812887.1	A	g10338.t1	A
rna-XM_057812880.1	A	g10337.t1	A
rna-XM_057812852.1	A	g10336.t2	A
rna-XM_057812873.1	A	g10335.t1	A
rna-XM_057812858.1	A	g10757.t1	A
rna-XM_057812890.1	A	g10898.t1	A
rna-XM_057812889.1	A	g10899.t1	A
rna-XM_057812865.1	A	g10904.t1	A
rna-XM_057812874.1	A	g10901.t1	A
rna-XM_057812897.1	A	g10905.t1	A
rna-XM_057812896.1	A	g10318.t2	A
rna-XM_057814109.1	A	g10317.t1	A
rna-XM_057814116.1	A	g3340.t2	A
rna-XM_057814113.1	A	g10448.t1	A
rna-XM_057812171.1	A	g7813.t1	A
rna-XM_057813501.1	A	g14845.t1	A
rna-XM_057811297.1	A	g10319.t1	A
rna-XM_057811301.1	A	g1177.t1	A
rna-XM_057811308.1	A	g870.t1	A
rna-XM_057811310.1	A	g10600.t1	A
rna-XM_057811307.1	A	g10599.t2	A
rna-XM_057811298.1	A	g10323.t1	A
rna-XM_057811303.1	A	g7796.t1	A
rna-XM_057811316.1	A	g8011.t1	A
rna-XM_057811314.1	A	g11851.t1	A
rna-XM_057811317.1	A	g10287.t1	A
rna-XM_057812993.1	A	g10451.t1	A
rna-XM_057812809.1	A	g10452.t1	A
rna-XM_057813426.1	A	g12857.t1	A
rna-XM_057811534.1	A	g10601.t1	A
rna-XM_057811325.1	A	g10450.t1	A
rna-XM_057811326.1	A	g7797.t1	A
rna-XM_057812484.1	A	g7693.t1	A
rna-XM_057811619.1	A	g10254.t1	A
rna-XM_057813418.1	A	g9947.t1	A
rna-XM_057811751.1	A	g12310.t1	A
rna-XM_057811563.1	A	g13261.t1	A
rna-XM_057813242.1	A	g9914.t1	A
rna-XM_057813239.1	A	g5145.t2	A
rna-XM_057812173.1	A	g13902.t1	A
rna-XM_057813491.1	A	g9848.t1	A
rna-XM_057811207.1	A	g9979.t1	A
rna-XM_057812670.1	A	g13641.t2	A
rna-XM_057812661.1	A	g13640.t1	A
rna-XM_057812916.1	A	g9713.t1	A
rna-XM_057812917.1	A	g9705.t1	A
rna-XM_057811677.1	A	g9700.t1	A
rna-XM_057811250.1	A	g9690.t1	A
rna-XM_057813209.1	A	g7984.t1	A
rna-XM_057813983.1	A	g7791.t1	A
rna-XM_057813986.1	A	g7792.t1	A
rna-XM_057813987.1	A	g7808.t1	A
rna-XM_057813988.1	A	g7795.t1	A
rna-XM_057813989.1	A	g9837.t1	A
rna-XM_057814014.1	A	g13729.t1	A
rna-XM_057814017.1	A	g3783.t1	A
rna-XM_057814016.1	A	g9782.t1	A
rna-XM_057811716.1	A	g9781.t1	A
rna-XM_057811208.1	A	g2406.t1	A
rna-XM_057813409.1	A	g9760.t1	A
rna-XM_057814631.1	A	g3828.t1	A
rna-XM_057814630.1	A	g3827.t2	A
rna-XM_057814632.1	A	g3829.t3	A
rna-XM_057812112.1	A	g3830.t1	A
rna-XM_057812111.1	A	g3831.t1	A
rna-XM_057812113.1	A	g3832.t1	A
rna-XM_057813216.1	A	g3834.t2	A
rna-XM_057812193.1	A	g6341.t1	A
rna-XM_057813254.1	A	g6343.t2	A
rna-XM_057812945.1	A	g11314.t1	A
rna-XM_057813995.1	A	g7374.t1	A
rna-XM_057814003.1	A	g7509.t1	A
rna-XM_057814007.1	A	g7508.t1	A
rna-XM_057813994.1	A	g7515.t1	A
rna-XM_057813991.1	A	g7517.t1	A
rna-XM_057813999.1	A	g7380.t2	A
rna-XM_057812441.1	A	g5357.t1	A
rna-XM_057811765.1	A	g7506.t1	A
rna-XM_057812045.1	A	g7507.t1	A
rna-XM_057813381.1	A	g7503.t1	A
rna-XM_057812719.1	A	g2309.t1	A
rna-XM_057812715.1	A	g7514.t1	A
rna-XM_057812740.1	A	g7518.t1	A
rna-XM_057814447.1	A	g7502.t1	A
rna-XM_057814453.1	A	g7501.t1	A
rna-XM_057814446.1	A	g9413.t1	A
rna-XM_057814451.1	A	g2339.t1	A
rna-XM_057812023.1	A	g4305.t1	A
rna-XM_057812568.1	A	g5365.t1	A
rna-XM_057812190.1	A	g4608.t1	A
rna-XM_057810949.1	A	g5155.t1	A
rna-XM_057813438.1	A	g5156.t1	A
rna-XM_057812679.1	A	g5476.t1	A
rna-XM_057812570.1	A	g5157.t1	A
rna-XM_057812157.1	A	g5158.t1	A
rna-XM_057811197.1	A	g3116.t2	A
rna-XM_057811198.1	A	g11405.t1	A
rna-XM_057811194.1	A	g6145.t1	A
rna-XM_057814590.1	A	g10832.t1	A
rna-XM_057814589.1	A	g4916.t1	A
rna-XM_057810959.1	A	g13253.t1	A
rna-XM_057810966.1	A	g5386.t1	A
rna-XM_057810968.1	A	g5384.t1	A
rna-XM_057812122.1	A	g13649.t1	A
rna-XM_057814089.1	A	g12149.t1	A
rna-XM_057814084.1	A	g2275.t1	A
rna-XM_057814088.1	A	g13241.t1	A
rna-XM_057812515.1	A	g9042.t1	A
rna-XM_057811724.1	A	g5966.t1	A
rna-XM_057812691.1	A	g5967.t1	A
rna-XM_057812073.1	A	g13282.t1	A
rna-XM_057814156.1	A	g6356.t1	A
rna-XM_057814167.1	A	g1856.t1	A
rna-XM_057814168.1	A	g2157.t1	A
rna-XM_057814604.1	A	g1198.t1	A
rna-XM_057814597.1	A	g2158.t2	A
rna-XM_057811699.1	A	g1855.t1	A
rna-XM_057813694.1	A	g13270.t2	A
rna-XM_057813688.1	A	g9222.t1	A
rna-XM_057812192.1	A	g13271.t1	A
rna-XM_057814770.1	A	g990.t4	A
rna-XM_057812039.1	A	g13225.t1	A
rna-XM_057811685.1	A	g4060.t1	A
rna-XM_057811630.1	A	g13171.t2	A
rna-XM_057811632.1	A	g13280.t1	A
rna-XM_057811223.1	A	g8153.t1	A
rna-XM_057813486.1	A	g8871.t2	A
rna-XM_057813872.1	A	g4174.t1	A
rna-XM_057813875.1	A	g13484.t1	A
rna-XM_057813876.1	A	g8874.t1	A
rna-XM_057814795.1	A	g11313.t1	A
rna-XM_057814799.1	A	g10650.t1	A
rna-XM_057812995.1	A	g10649.t1	A
rna-XM_057813176.1	A	g493.t1	A
rna-XM_057813177.1	A	g13805.t1	A
rna-XM_057813180.1	A	g12547.t1	A
rna-XM_057813183.1	A	g12546.t1	A
rna-XM_057813178.1	A	g7981.t2	A
rna-XM_057813173.1	A	g7982.t1	A
rna-XM_057813185.1	A	g2776.t1	A
rna-XM_057813062.1	A	g3719.t1	A
rna-XM_057811370.1	A	g12467.t1	A
rna-XM_057813255.1	A	g12471.t1	A
rna-XM_057812642.1	A	g12472.t1	A
rna-XM_057812644.1	A	g2775.t1	A
rna-XM_057813392.1	A	g8791.t1	A
rna-XM_057813314.1	A	g8790.t1	A
rna-XM_057812251.1	A	g12302.t1	A
rna-XM_057812152.1	A	g10543.t1	A
rna-XM_057813471.1	A	g7890.t1	A
rna-XM_057814059.1	A	g8259.t1	A
rna-XM_057814058.1	A	g7888.t3	A
rna-XM_057814060.1	A	g8260.t2	A
rna-XM_057810976.1	A	g9057.t1	A
rna-XM_057810999.1	A	g12548.t1	A
rna-XM_057810998.1	A	g12549.t1	A
rna-XM_057811033.1	A	g7767.t2	A
rna-XM_057811006.1	A	g7768.t1	A
rna-XM_057810997.1	A	g7769.t1	A
rna-XM_057811009.1	A	g7774.t3	A
rna-XM_057811034.1	A	g7775.t1	A
rna-XM_057811029.1	A	g7737.t3	A
rna-XM_057811014.1	A	g14236.t1	A
rna-XM_057811013.1	A	g8207.t1	A
rna-XM_057811032.1	A	g8208.t1	A
rna-XM_057811050.1	A	g8210.t2	A
rna-XM_057811051.1	A	g11280.t1	A
rna-XM_057811053.1	A	g7733.t1	A
rna-XM_057811065.1	A	g6361.t1	A
rna-XM_057811061.1	A	g7734.t1	A
rna-XM_057811059.1	A	g7736.t1	A
rna-XM_057811054.1	A	g11209.t1	A
rna-XM_057811067.1	A	g7716.t1	A
rna-XM_057811073.1	A	g7717.t2	A
rna-XM_057811076.1	A	g1814.t1	A
rna-XM_057811077.1	A	g8896.t1	A
rna-XM_057811083.1	A	g3800.t1	A
rna-XM_057811080.1	A	g4778.t1	A
rna-XM_057811078.1	A	g14583.t1	A
rna-XM_057811085.1	A	g10248.t1	A
rna-XM_057811086.1	A	g13051.t1	A
rna-XM_057811087.1	A	g1599.t1	X
rna-XM_057811088.1	A	g11801.t1	A
rna-XM_057811091.1	A	g10321.t1	A
rna-XM_057811114.1	A	g10907.t1	A
rna-XM_057811101.1	A	g7005.t2	A
rna-XM_057811098.1	A	g3129.t1	A
rna-XM_057811106.1	A	g10322.t1	A
rna-XM_057811104.1	A	g9786.t2	A
rna-XM_057811102.1	A	g10780.t1	A
rna-XM_057811118.1	A	g10781.t2	A
rna-XM_057811116.1	A	g10783.t1	A
rna-XM_057811110.1	A	g10782.t1	A
rna-XM_057811095.1	A	g10499.t1	A
rna-XM_057811097.1	A	g10500.t1	A
rna-XM_057811111.1	A	g102.t1	A
rna-XM_057811119.1	A	g10469.t1	A
rna-XM_057811120.1	A	g12573.t1	A
rna-XM_057811121.1	A	g12572.t1	A
rna-XM_057811127.1	A	g5239.t1	A
rna-XM_057811128.1	A	g3099.t1	A
rna-XM_057811247.1	A	g6992.t1	A
rna-XM_057811149.1	A	g6991.t1	A
rna-XM_057811141.1	A	g12872.t1	A
rna-XM_057811129.1	A	g8825.t1	A
rna-XM_057811148.1	A	g3663.t1	A
rna-XM_057811172.1	A	g8823.t1	A
rna-XM_057811150.1	A	g8820.t1	A
rna-XM_057811187.1	A	g5453.t1	A
rna-XM_057811185.1	A	g13650.t1	A
rna-XM_057813555.1	A	g8506.t1	A
rna-XM_057814283.1	A	g13048.t1	A
rna-XM_057814285.1	A	g12119.t1	A
rna-XM_057812511.1	A	g7123.t2	A
rna-XM_057812275.1	A	g11014.t1	A
rna-XM_057815051.1	A	g13445.t1	A
rna-XM_057815049.1	A	g9067.t1	A
rna-XM_057815047.1	A	g13046.t1	A
rna-XM_057815052.1	A	g13047.t1	A
rna-XM_057813222.1	A	g2237.t1	A
rna-XM_057813224.1	A	g12197.t2	A
rna-XM_057814809.1	A	g13524.t1	A
rna-XM_057814810.1	A	g5852.t1	A
rna-XM_057814812.1	A	g10717.t1	A
rna-XM_057814811.1	A	g10637.t1	A
rna-XM_057815024.1	A	g10660.t1	A
rna-XM_057815021.1	A	g1091.t1	A
rna-XM_057811661.1	A	g13523.t1	A
rna-XM_057811321.1	A	g13522.t1	A
rna-XM_057811323.1	A	g13521.t1	A
rna-XM_057811324.1	A	g9411.t1	A
rna-XM_057814683.1	A	g4540.t1	A
rna-XM_057814680.1	A	g4538.t2	A
rna-XM_057814681.1	A	g4539.t1	A
rna-XM_057811249.1	A	g13690.t1	A
rna-XM_057814051.1	A	g1848.t1	A
rna-XM_057814047.1	A	g14658.t1	A
rna-XM_057814049.1	A	g5223.t1	A
rna-XM_057814759.1	A	g8175.t1	A
rna-XM_057812082.1	A	g8174.t2	A
rna-XM_057812115.1	A	g8173.t1	A
rna-XM_057812121.1	A	g8172.t1	A
rna-XM_057814757.1	A	g8171.t1	A
rna-XM_057814758.1	A	g8804.t1	A
rna-XM_057811673.1	A	g719.t1	A
rna-XM_057813324.1	A	g721.t1	A
rna-XM_057813456.1	A	g722.t1	A
rna-XM_057814437.1	A	g718.t1	A
rna-XM_057814441.1	A	g5246.t2	A
rna-XM_057812131.1	A	g1850.t2	A
rna-XM_057813489.1	A	g5250.t1	A
rna-XM_057811700.1	A	g5537.t1	A
rna-XM_057812495.1	A	g6923.t1	A
rna-XM_057812494.1	A	g13222.t1	A
rna-XM_057811532.1	A	g13223.t1	A
rna-XM_057815137.1	A	g1875.t1	A
rna-XM_057815147.1	A	g1873.t1	A
rna-XM_057815144.1	A	g1874.t1	A
rna-XM_057812084.1	A	g5224.t1	A
rna-XM_057811291.1	A	g14660.t1	A
rna-XM_057811293.1	A	g14661.t1	A
rna-XM_057814788.1	A	g14663.t1	A
rna-XM_057814789.1	A	g1847.t1	A
rna-XM_057813000.1	A	g1849.t2	A
rna-XM_057812998.1	A	g12574.t1	A
rna-XM_057811376.1	A	g12577.t1	A
rna-XM_057811378.1	A	g12576.t1	A
rna-XM_057811377.1	A	g12578.t1	A
rna-XM_057812216.1	A	g5911.t1	A
rna-XM_057812219.1	A	g5267.t1	A
rna-XM_057814628.1	A	g5221.t2	A
rna-XM_057814622.1	A	g5265.t1	A
rna-XM_057812655.1	A	g5258.t1	A
rna-XM_057812933.1	A	g5256.t1	A
rna-XM_057812935.1	A	g5255.t1	A
rna-XM_057813494.1	A	g5252.t1	A
rna-XM_057812974.1	A	g3299.t1	A
rna-XM_057813267.1	A	g6749.t1	A
rna-XM_057812265.1	A	g6472.t1	A
rna-XM_057812566.1	A	g6474.t1	A
rna-XM_057813514.1	A	g513.t1	A
rna-XM_057813509.1	A	g13808.t1	A
rna-XM_057813515.1	A	g6571.t1	A
rna-XM_057813503.1	A	g11862.t2	A
rna-XM_057813517.1	A	g8093.t1	A
rna-XM_057813516.1	A	g6654.t1	A
rna-XM_057813518.1	A	g5715.t1	A
rna-XM_057813382.1	A	g7081.t1	A
rna-XM_057812301.1	A	g8387.t1	A
rna-XM_057812505.1	A	g8042.t1	A
rna-XM_057812489.1	A	g8041.t1	A
rna-XM_057812488.1	A	g8352.t1	A
rna-XM_057813490.1	A	g9217.t1	A
rna-XM_057813982.1	A	g8353.t1	A
rna-XM_057813978.1	A	g8239.t2	A
rna-XM_057813976.1	A	g7692.t1	A
rna-XM_057813981.1	A	g5776.t1	A
rna-XM_057813250.1	A	g5920.t1	A
rna-XM_057813830.1	A	g6112.t1	A
rna-XM_057811684.1	A	g7972.t1	A
rna-XM_057812025.1	A	g5924.t1	A
rna-XM_057813344.1	A	g12836.t1	A
rna-XM_057813345.1	A	g10270.t1	A
rna-XM_057812947.1	A	g6971.t1	A
rna-XM_057812274.1	A	g1333.t1	A
rna-XM_057812908.1	A	g2579.t1	A
rna-XM_057812471.1	A	g4852.t1	A
rna-XM_057812108.1	A	g12804.t1	A
rna-XM_057813567.1	A	g881.t1	A
rna-XM_057814489.1	A	g448.t1	A
rna-XM_057814492.1	A	g64.t1	A
rna-XM_057814490.1	A	g63.t1	A
rna-XM_057814493.1	A	g456.t1	A
rna-XM_057812221.1	A	g455.t1	A
rna-XM_057812222.1	A	g454.t1	A
rna-XM_057812225.1	A	g13152.t1	A
rna-XM_057812304.1	A	g13201.t1	A
rna-XM_057812018.1	A	g12395.t1	A
rna-XM_057813554.1	A	g12353.t1	A
rna-XM_057813747.1	A	g12356.t1	A
rna-XM_057813740.1	A	g12357.t1	A
rna-XM_057813752.1	A	g1872.t1	A
rna-XM_057813756.1	A	g1870.t1	A
rna-XM_057813764.1	A	g5226.t1	A
rna-XM_057813758.1	A	g5225.t1	A
rna-XM_057813762.1	A	g5916.t2	A
rna-XM_057813767.1	A	g5917.t1	A
rna-XM_057813778.1	A	g11782.t1	A
rna-XM_057813783.1	A	g5275.t2	A
rna-XM_057813785.1	A	g711.t1	A
rna-XM_057813774.1	A	g8802.t1	A
rna-XM_057813790.1	A	g14022.t1	A
rna-XM_057813788.1	A	g716.t1	A
rna-XM_057813791.1	A	g717.t2	A
rna-XM_057813795.1	A	g13541.t1	A
rna-XM_057813792.1	A	g6780.t1	A
rna-XM_057813794.1	A	g637.t1	A
rna-XM_057813796.1	A	g14239.t1	A
rna-XM_057813800.1	A	g682.t1	A
rna-XM_057813801.1	A	g5149.t1	A
rna-XM_057813805.1	A	g2696.t1	A
rna-XM_057813814.1	A	g2697.t1	A
rna-XM_057813810.1	A	g5594.t1	A
rna-XM_057813817.1	A	g5279.t1	A
rna-XM_057813804.1	A	g11552.t1	A
rna-XM_057813815.1	A	g5595.t1	A
rna-XM_057813807.1	A	g5605.t1	A
rna-XM_057813818.1	A	g7398.t2	A
rna-XM_057813820.1	A	g7422.t1	A
rna-XM_057813823.1	A	g12393.t1	A
rna-XM_057813825.1	A	g12394.t1	A
rna-XM_057813828.1	A	g10932.t2	A
rna-XM_057812258.1	A	g13200.t1	A
rna-XM_057813557.1	A	g2424.t1	A
rna-XM_057813556.1	A	g2427.t1	A
rna-XM_057813558.1	A	g9066.t2	A
rna-XM_057813560.1	A	g9755.t2	A
rna-XM_057813563.1	A	g8872.t1	A
rna-XM_057812177.1	A	g13887.t1	A
rna-XM_057814290.1	A	g10795.t4	A
rna-XM_057814328.1	A	g10798.t1	A
rna-XM_057814326.1	A	g10796.t1	A
rna-XM_057814327.1	A	g10797.t1	A
rna-XM_057812567.1	A	g11810.t1	A
rna-XM_057813220.1	A	g12144.t1	A
rna-XM_057813219.1	A	g4720.t1	A
rna-XM_057812194.1	A	g4721.t1	A
rna-XM_057813540.1	A	g4718.t1	A
rna-XM_057811259.1	A	g3082.t1	A
rna-XM_057813538.1	A	g4717.t1	A
rna-XM_057813548.1	A	g4716.t1	A
rna-XM_057813543.1	A	g9652.t1	A
rna-XM_057813551.1	A	g4715.t1	A
rna-XM_057813542.1	A	g2248.t1	A
rna-XM_057811529.1	A	g13327.t1	A
rna-XM_057812231.1	A	g12748.t1	A
rna-XM_057811623.1	A	g13328.t1	A
rna-XM_057811622.1	A	g6972.t1	A
rna-XM_057811629.1	A	g13329.t1	A
rna-XM_057815134.1	A	g3310.t2	A
rna-XM_057814414.1	A	g6857.t1	A
rna-XM_057814401.1	A	g13325.t1	A
rna-XM_057814383.1	A	g13326.t1	A
rna-XM_057814374.1	A	g464.t1	A
rna-XM_057814395.1	A	g13663.t1	A
rna-XM_057814413.1	A	g17.t1	A
rna-XM_057814381.1	A	g13662.t1	A
rna-XM_057814406.1	A	g8063.t1	A
rna-XM_057814376.1	A	g5559.t1	A
rna-XM_057814410.1	A	g5912.t1	A
rna-XM_057814404.1	A	g8033.t1	A
rna-XM_057814418.1	A	g8032.t1	A
rna-XM_057814415.1	A	g6759.t1	A
rna-XM_057814393.1	A	g7591.t1	A
rna-XM_057814405.1	A	g5910.t1	A
rna-XM_057814389.1	A	g3224.t3	A
rna-XM_057814402.1	A	g3222.t1	A
rna-XM_057814386.1	A	g3219.t1	A
rna-XM_057814416.1	A	g3393.t1	A
rna-XM_057814371.1	A	g6136.t1	A
rna-XM_057814399.1	A	g6137.t2	A
rna-XM_057814380.1	A	g6138.t2	A
rna-XM_057814411.1	A	g3723.t1	A
rna-XM_057815028.1	A	g12290.t1	A
rna-XM_057814694.1	A	g4175.t1	A
rna-XM_057811261.1	A	g11312.t1	A
rna-XM_057814696.1	A	g11309.t2	A
rna-XM_057814700.1	A	g11308.t1	A
rna-XM_057813010.1	A	g11307.t1	A
rna-XM_057813429.1	A	g11306.t1	A
rna-XM_057813464.1	A	g11305.t1	A
rna-XM_057813466.1	A	g11303.t1	A
rna-XM_057813459.1	A	g11302.t1	A
rna-XM_057813457.1	A	g12358.t1	A
rna-XM_057813462.1	A	g12359.t1	A
rna-XM_057813463.1	A	g11404.t1	A
rna-XM_057813460.1	A	g11301.t1	A
rna-XM_057813467.1	A	g10079.t1	A
rna-XM_057813253.1	A	g3717.t1	A
rna-XM_057813251.1	A	g7.t1	A
rna-XM_057811658.1	A	g13498.t1	A
rna-XM_057811659.1	A	g5238.t2	A
rna-XM_057813572.1	A	g2688.t1	A
rna-XM_057811262.1	A	g770.t1	A
rna-XM_057811732.1	A	g771.t1	A
rna-XM_057812817.1	A	g549.t1	A
rna-XM_057812184.1	A	g11414.t1	A
rna-XM_057812178.1	A	g4278.t1	A
rna-XM_057812182.1	A	g11169.t1	A
rna-XM_057813028.1	A	g12354.t1	A
rna-XM_057813029.1	A	g12355.t1	A
rna-XM_057814593.1	A	g10142.t1	A
rna-XM_057814594.1	A	g10143.t1	A
rna-XM_057813733.1	A	g14119.t2	A
rna-XM_057813734.1	A	g661.t2	A
rna-XM_057813341.1	A	g660.t1	A
rna-XM_057813534.1	A	g8065.t1	A
rna-XM_057813170.1	A	g3435.t1	A
rna-XM_057812305.1	A	g3439.t1	A
rna-XM_057812984.1	A	g3440.t1	A
rna-XM_057812989.1	A	g12442.t1	A
rna-XM_057813311.1	A	g6319.t1	A
rna-XM_057811285.1	A	g9780.t1	A
rna-XM_057812820.1	A	g6415.t1	A
rna-XM_057813020.1	A	g6316.t1	A
rna-XM_057813427.1	A	g6315.t2	A
rna-XM_057813428.1	A	g6312.t1	A
rna-XM_057810903.1	A	g6313.t1	A
rna-XM_057810928.1	A	g5525.t1	A
rna-XM_057810914.1	A	g3374.t1	A
rna-XM_057810933.1	A	g4131.t1	A
rna-XM_057810930.1	A	g3434.t1	A
rna-XM_057810923.1	A	g7798.t1	A
rna-XM_057810902.1	A	g10636.t1	A
rna-XM_057810931.1	A	g2556.t1	A
rna-XM_057810922.1	A	g12951.t1	A
rna-XM_057810918.1	A	g3418.t1	A
rna-XM_057810909.1	A	g3415.t1	A
rna-XM_057810927.1	A	g2872.t1	X
rna-XM_057810929.1	A	g3417.t1	A
rna-XM_057810932.1	A	g4354.t1	A
rna-XM_057810920.1	A	g4589.t1	A
rna-XM_057810924.1	A	g4655.t1	A
rna-XM_057810900.1	A	g6001.t1	A
rna-XM_057814434.1	A	g13074.t4	A
rna-XM_057813169.1	A	g4274.t1	A
rna-XM_057814652.1	A	g4694.t1	A
rna-XM_057814650.1	A	g4695.t3	A
rna-XM_057814653.1	A	g4697.t1	A
rna-XM_057813032.1	A	g4698.t1	A
rna-XM_057813033.1	A	g4699.t1	A
rna-XM_057813034.1	A	g4700.t1	A
rna-XM_057813035.1	A	g4764.t1	A
rna-XM_057813038.1	A	g4765.t1	A
rna-XM_057813039.1	A	g4606.t1	A
rna-XM_057813040.1	A	g4767.t1	A
rna-XM_057813041.1	A	g4605.t1	A
rna-XM_057813042.1	A	g11576.t3	A
rna-XM_057813044.1	A	g11575.t1	A
rna-XM_057813051.1	A	g4706.t1	A
rna-XM_057813047.1	A	g14246.t1	A
rna-XM_057813046.1	A	g4707.t2	A
rna-XM_057813053.1	A	g14285.t1	A
rna-XM_057813052.1	A	g11728.t1	A
rna-XM_057813054.1	A	g11729.t1	A
rna-XM_057812212.1	A	g4762.t1	A
rna-XM_057812502.1	A	g4763.t1	A
rna-XM_057811553.1	A	g5029.t1	A
rna-XM_057811556.1	A	g4702.t1	A
rna-XM_057812017.1	A	g3712.t1	A
rna-XM_057812675.1	A	g3213.t1	A
rna-XM_057812096.1	A	g10837.t2	A
rna-XM_057813412.1	A	g10836.t1	A
rna-XM_057813413.1	A	g10839.t2	A
rna-XM_057812514.1	A	g6344.t1	A
rna-XM_057811548.1	A	g4710.t1	A
rna-XM_057814475.1	A	g7513.t1	A
rna-XM_057812635.1	A	g6345.t1	A
rna-XM_057815138.1	A	g6347.t1	A
rna-XM_057815143.1	A	g7589.t1	A
rna-XM_057815141.1	A	g4904.t1	A
rna-XM_057813419.1	A	g13250.t1	A
rna-XM_057815064.1	A	g8.t1	A
rna-XM_057815063.1	A	g6010.t1	A
rna-XM_057815065.1	A	g5742.t1	A
rna-XM_057815062.1	A	g5741.t1	A
rna-XM_057815070.1	A	g6593.t2	A
rna-XM_057814664.1	A	g588.t1	A
rna-XM_057812044.1	A	g6684.t1	A
rna-XM_057812041.1	A	g3278.t2	A
rna-XM_057811767.1	A	g1331.t1	A
rna-XM_057811269.1	A	g1332.t1	A
rna-XM_057813472.1	A	g6845.t1	A
rna-XM_057813339.1	A	g8801.t1	A
rna-XM_057812648.1	A	g10053.t1	A
rna-XM_057812646.1	A	g2492.t1	A
rna-XM_057813408.1	A	g5790.t1	A
rna-XM_057813605.1	A	g5791.t1	A
rna-XM_057812095.1	A	g961.t1	A
rna-XM_057811725.1	A	g12339.t1	A
rna-XM_057811271.1	A	g7276.t1	X
rna-XM_057812810.1	A	g6262.t2	A
rna-XM_057813320.1	A	g14231.t3	A
rna-XM_057813318.1	A	g14232.t1	A
rna-XM_057813322.1	A	g14230.t1	A
rna-XM_057813664.1	A	g14233.t1	A
rna-XM_057813670.1	A	g13813.t1	A
rna-XM_057813668.1	A	g13847.t2	A
rna-XM_057813671.1	A	g14308.t1	A
rna-XM_057813476.1	A	g553.t2	A
rna-XM_057813868.1	A	g631.t1	A
rna-XM_057813863.1	A	g13378.t1	A
rna-XM_057813862.1	A	g5787.t2	A
rna-XM_057813865.1	A	g5788.t1	A
rna-XM_057814444.1	A	g5789.t1	A
rna-XM_057814442.1	A	g5786.t1	A
rna-XM_057814445.1	A	g14228.t1	A
rna-XM_057811687.1	A	g14229.t1	A
rna-XM_057811272.1	A	g958.t1	A
rna-XM_057813391.1	A	g957.t1	A
rna-XM_057811356.1	A	g955.t2	A
rna-XM_057811202.1	A	g954.t1	A
rna-XM_057811204.1	A	g2693.t1	A
rna-XM_057811203.1	A	g1061.t1	A
rna-XM_057812485.1	A	g8341.t1	A
rna-XM_057812029.1	A	g7599.t1	A
rna-XM_057813388.1	A	g7602.t1	A
rna-XM_057812211.1	A	g7607.t1	A
rna-XM_057812457.1	A	g7408.t1	A
rna-XM_057813618.1	A	g2742.t2	A
rna-XM_057814684.1	A	g14561.t1	A
rna-XM_057814691.1	A	g3912.t1	A
rna-XM_057812472.1	A	g10068.t1	A
rna-XM_057814746.1	A	g10655.t1	A
rna-XM_057814752.1	A	g9603.t1	A
rna-XM_057811650.1	A	g3394.t1	A
rna-XM_057812806.1	A	g9669.t1	A
rna-XM_057812913.1	A	g13567.t1	A
rna-XM_057812914.1	A	g6037.t1	A
rna-XM_057812124.1	A	g13170.t1	A
rna-XM_057811278.1	A	g13283.t1	A
rna-XM_057811707.1	A	g2246.t1	A
rna-XM_057812782.1	A	g9895.t1	A
rna-XM_057812799.1	A	g3693.t1	A
rna-XM_057812791.1	A	g8492.t1	A
rna-XM_057812797.1	A	g3694.t1	A
rna-XM_057812798.1	A	g3815.t1	A
rna-XM_057812795.1	A	g8491.t2	A
rna-XM_057812796.1	A	g1096.t1	A
rna-XM_057812789.1	A	g8494.t1	A
rna-XM_057812794.1	A	g4289.t2	A
rna-XM_057812800.1	A	g12702.t2	A
rna-XM_057812802.1	A	g14746.t1	A
rna-XM_057812801.1	A	g12708.t1	A
rna-XM_057814008.1	A	g5148.t1	A
rna-XM_057811752.1	A	g13473.t1	A
rna-XM_057811754.1	A	g9041.t1	A
rna-XM_057811755.1	A	g10316.t1	A
rna-XM_057812622.1	A	g10612.t1	A
rna-XM_057812623.1	A	g10611.t1	A
rna-XM_057811562.1	A	g3711.t1	A
rna-XM_057814191.1	A	g8821.t1	A
rna-XM_057814201.1	A	g4863.t1	A
rna-XM_057814204.1	A	g4868.t1	A
rna-XM_057814210.1	A	g4681.t1	A
rna-XM_057814209.1	A	g4522.t1	A
rna-XM_057814206.1	A	g4708.t2	A
rna-XM_057814208.1	A	g4709.t1	A
rna-XM_057814213.1	A	g7529.t1	A
rna-XM_057814202.1	A	g7528.t1	A
rna-XM_057814215.1	A	g7364.t1	A
rna-XM_057814214.1	A	g7525.t1	A
rna-XM_057814231.1	A	g7526.t1	A
rna-XM_057814235.1	A	g7365.t1	A
rna-XM_057814216.1	A	g7531.t1	A
rna-XM_057814225.1	A	g7358.t1	A
rna-XM_057814238.1	A	g9381.t1	A
rna-XM_057814239.1	A	g14050.t1	A
rna-XM_057814236.1	A	g9398.t2	A
rna-XM_057814240.1	A	g9396.t1	A
rna-XM_057814241.1	A	g4273.t1	A
rna-XM_057814242.1	A	g4683.t1	A
rna-XM_057814243.1	A	g6773.t1	A
rna-XM_057814245.1	A	g4398.t1	A
rna-XM_057814247.1	A	g6353.t1	A
rna-XM_057814252.1	A	g4860.t1	A
rna-XM_057814255.1	A	g4859.t1	A
rna-XM_057814271.1	A	g4857.t1	A
rna-XM_057814258.1	A	g4858.t1	A
rna-XM_057814268.1	A	g8292.t2	A
rna-XM_057814256.1	A	g5387.t1	A
rna-XM_057814272.1	A	g3547.t1	A
rna-XM_057815360.1	Y	g1903.t1	A
rna-XM_057815363.1	Y	g3274.t1	A
rna-XM_057815372.1	Y	g4033.t1	A
rna-XM_057815161.1	Y	g1883.t1	A
rna-XM_057815160.1	Y	g7281.t1	X
rna-XM_057815178.1	Y	g12820.t1	A
rna-XM_057815310.1	Y	g12887.t1	A
rna-XM_057815278.1	Y	g5202.t1	X
rna-XM_057815248.1	Y	g12609.t1	A
rna-XM_057815249.1	Y	g3892.t1	A
rna-XM_057815291.1	Y	g2405.t1	A
rna-XM_057815293.1	Y	g2208.t1	A
rna-XM_057815258.1	Y	g5301.t1	A
rna-XM_057815292.1	Y	g5506.t1	A
