D_carinulata	chromosome	D_sublineata	chromosome
rna-FKS78_mgp06	A	rna-XM_056791492.1	A
rna-XM_057813134.1	X	rna-XM_056792973.1	A
rna-XM_057813171.1	X	rna-XM_056787472.1	A
rna-XM_057813507.1	X	rna-XM_056791388.1	A
rna-XM_057814565.1	X	rna-XM_056792765.1	A
rna-XM_057798072.1	X	rna-XM_056791162.1	X
rna-XM_057797398.1	X	rna-XM_056791161.1	X
rna-XM_057799747.1	X	rna-XM_056791160.1	X
rna-XM_057799759.1	X	rna-XM_056791233.1	X
rna-XM_057815765.1	X	rna-XM_056791231.1	X
rna-XM_057802991.1	X	rna-XM_056791229.1	X
rna-XM_057797824.1	X	rna-XM_056790046.1	X
rna-XM_057797813.1	X	rna-XM_056790044.1	X
rna-XM_057806304.1	X	rna-XM_056790509.1	X
rna-XM_057801362.1	X	rna-XM_056789476.1	X
rna-XM_057801394.1	X	rna-XM_056789477.1	X
rna-XM_057801386.1	X	rna-XM_056789614.1	X
rna-XM_057801309.1	X	rna-XM_056790675.1	X
rna-XM_057801244.1	X	rna-XM_056790669.1	X
rna-XM_057801350.1	X	rna-XM_056790672.1	X
rna-XM_057801419.1	X	rna-XM_056790673.1	X
rna-XM_057801273.1	X	rna-XM_056790670.1	X
rna-XM_057801263.1	X	rna-XM_056790668.1	X
rna-XM_057801231.1	X	rna-XM_056790667.1	X
rna-XM_057801115.1	X	rna-XM_056790665.1	X
rna-XM_057797655.1	X	rna-XM_056790663.1	X
rna-XM_057803979.1	X	rna-XM_056790661.1	X
rna-XM_057812819.1	X	rna-XM_056790660.1	X
rna-XM_057812831.1	X	rna-XM_056790648.1	X
rna-XM_057812894.1	X	rna-XM_056790656.1	X
rna-XM_057812872.1	X	rna-XM_056790655.1	X
rna-XM_057804561.1	X	rna-XM_056790647.1	X
rna-XM_057804764.1	X	rna-XM_056790646.1	X
rna-XM_057804707.1	X	rna-XM_056790645.1	X
rna-XM_057804620.1	X	rna-XM_056790643.1	X
rna-XM_057804601.1	X	rna-XM_056790642.1	X
rna-XM_057804572.1	X	rna-XM_056790638.1	X
rna-XM_057804668.1	X	rna-XM_056790637.1	X
rna-XM_057804638.1	X	rna-XM_056790635.1	X
rna-XM_057804656.1	X	rna-XM_056790634.1	X
rna-XM_057804737.1	X	rna-XM_056790631.1	X
rna-XM_057804680.1	X	rna-XM_056790630.1	X
rna-XM_057804695.1	X	rna-XM_056790628.1	X
rna-XM_057804728.1	X	rna-XM_056790627.1	X
rna-XM_057804719.1	X	rna-XM_056790626.1	X
rna-XM_057796233.1	X	rna-XM_056789081.1	X
rna-XM_057797524.1	X	rna-XM_056790620.1	X
rna-XM_057796443.1	X	rna-XM_056790617.1	X
rna-XM_057809688.1	X	rna-XM_056790616.1	X
rna-XM_057804840.1	X	rna-XM_056790613.1	X
rna-XM_057804828.1	X	rna-XM_056790610.1	X
rna-XM_057804864.1	X	rna-XM_056790612.1	X
rna-XM_057805107.1	X	rna-XM_056790609.1	X
rna-XM_057805149.1	X	rna-XM_056790608.1	X
rna-XM_057804956.1	X	rna-XM_056790607.1	X
rna-XM_057804994.1	X	rna-XM_056790606.1	X
rna-XM_057805019.1	X	rna-XM_056790605.1	X
rna-XM_057805196.1	X	rna-XM_056790603.1	X
rna-XM_057805161.1	X	rna-XM_056790602.1	X
rna-XM_057805077.1	X	rna-XM_056790601.1	X
rna-XM_057805119.1	X	rna-XM_056790599.1	X
rna-XM_057805006.1	X	rna-XM_056790596.1	X
rna-XM_057804916.1	X	rna-XM_056790594.1	X
rna-XM_057805033.1	X	rna-XM_056789456.1	X
rna-XM_057805088.1	X	rna-XM_056790219.1	X
rna-XM_057805054.1	X	rna-XM_056789308.1	X
rna-XM_057805043.1	X	rna-XM_056789067.1	X
rna-XM_057804983.1	X	rna-XM_056789438.1	X
rna-XM_057814193.1	X	rna-XM_056789225.1	X
rna-XM_057814311.1	X	rna-XM_056789243.1	X
rna-XM_057814357.1	X	rna-XM_056789242.1	X
rna-XM_057800126.1	X	rna-XM_056789978.1	X
rna-XM_057800253.1	X	rna-XM_056789967.1	X
rna-XM_057815684.1	X	rna-XM_056789966.1	X
rna-XM_057814658.1	X	rna-XM_056789959.1	X
rna-XM_057814718.1	X	rna-XM_056789973.1	X
rna-XM_057814731.1	X	rna-XM_056789977.1	X
rna-XM_057814706.1	X	rna-XM_056789968.1	X
rna-XM_057800490.1	X	rna-XM_056789460.1	X
rna-XM_057800624.1	X	rna-XM_056789461.1	X
rna-XM_057802683.1	X	rna-XM_056789178.1	X
rna-XM_057807745.1	X	rna-XM_056790264.1	X
rna-XM_057804028.1	X	rna-XM_056789453.1	X
rna-XM_057807416.1	X	rna-XM_056791009.1	X
rna-XM_057816830.1	X	rna-XM_056789447.1	X
rna-XM_057806431.1	X	rna-XM_056790533.1	X
rna-XM_057797433.1	X	rna-XM_056789408.1	X
rna-XM_057797445.1	X	rna-XM_056789406.1	X
rna-XM_057797462.1	X	rna-XM_056789405.1	X
rna-XM_057798048.1	X	rna-XM_056789038.1	X
rna-XM_057811424.1	X	rna-XM_056790072.1	X
rna-XM_057811364.1	X	rna-XM_056790071.1	X
rna-XM_057811450.1	X	rna-XM_056790073.1	X
rna-XM_057811398.1	X	rna-XM_056789543.1	X
rna-XM_057811386.1	X	rna-XM_056789340.1	X
rna-XM_057811411.1	X	rna-XM_056789339.1	X
rna-XM_057811437.1	X	rna-XM_056789912.1	X
rna-XM_057806571.1	X	rna-XM_056789201.1	X
rna-XM_057806632.1	X	rna-XM_056789592.1	X
rna-XM_057797185.1	X	rna-XM_056789588.1	X
rna-XM_057814095.1	X	rna-XM_056789209.1	X
rna-XM_057799703.1	X	rna-XM_056791090.1	X
rna-XM_057815537.1	X	rna-XM_056791093.1	X
rna-XM_057816637.1	X	rna-XM_056789589.1	X
rna-XM_057816354.1	X	rna-XM_056789025.1	X
rna-XM_057797972.1	X	rna-XM_056789736.1	X
rna-XM_057796559.1	X	rna-XM_056789174.1	X
rna-XM_057796571.1	X	rna-XM_056789175.1	X
rna-XM_057796585.1	X	rna-XM_056789173.1	X
rna-XM_057796548.1	X	rna-XM_056789171.1	X
rna-XM_057809026.1	X	rna-XM_056789616.1	X
rna-XM_057812034.1	X	rna-XM_056789314.1	X
rna-XM_057812022.1	X	rna-XM_056789313.1	X
rna-XM_057807079.1	X	rna-XM_056789768.1	X
rna-XM_057806722.1	X	rna-XM_056789939.1	X
rna-XM_057797357.1	X	rna-XM_056789954.1	X
rna-XM_057797332.1	X	rna-XM_056789953.1	X
rna-XM_057797367.1	X	rna-XM_056789952.1	X
rna-XM_057797354.1	X	rna-XM_056789951.1	X
rna-XM_057797285.1	X	rna-XM_056790918.1	X
rna-XM_057814015.1	X	rna-XM_056790381.1	X
rna-XM_057814064.1	X	rna-XM_056789640.1	X
rna-XM_057811218.1	X	rna-XM_056791132.1	X
rna-XM_057804496.1	X	rna-XM_056789166.1	X
rna-XM_057812283.1	X	rna-XM_056789165.1	X
rna-XM_057812229.1	X	rna-XM_056789159.1	X
rna-XM_057812298.1	X	rna-XM_056789996.1	X
rna-XM_057812320.1	X	rna-XM_056790405.1	X
rna-XM_057802704.1	X	rna-XM_056790385.1	X
rna-XM_057807099.1	X	rna-XM_056790528.1	X
rna-XM_057799650.1	X	rna-XM_056789590.1	X
rna-XM_057809876.1	X	rna-XM_056791227.1	X
rna-XM_057809887.1	X	rna-XM_056789444.1	X
rna-XM_057809938.1	X	rna-XM_056790367.1	X
rna-XM_057809916.1	X	rna-XM_056789750.1	X
rna-XM_057809902.1	X	rna-XM_056789425.1	X
rna-XM_057803483.1	X	rna-XM_056789635.1	X
rna-XM_057801564.1	X	rna-XM_056791224.1	X
rna-XM_057807318.1	X	rna-XM_056789473.1	X
rna-XM_057800911.1	X	rna-XM_056773901.1	A
rna-XM_057812445.1	X	rna-XM_056790982.1	X
rna-XM_057812476.1	X	rna-XM_056790985.1	X
rna-XM_057797205.1	X	rna-XM_056790068.1	X
rna-XM_057810616.1	X	rna-XM_056789129.1	X
rna-XM_057810629.1	X	rna-XM_056789128.1	X
rna-XM_057796400.1	X	rna-XM_056789481.1	X
rna-XM_057808334.1	X	rna-XM_056789748.1	X
rna-XM_057803668.1	X	rna-XM_056790028.1	X
rna-XM_057803644.1	X	rna-XM_056790026.1	X
rna-XM_057803655.1	X	rna-XM_056790027.1	X
rna-XM_057802498.1	X	rna-XM_056790369.1	X
rna-XM_057806581.1	X	rna-XM_056790417.1	X
rna-XM_057802508.1	X	rna-XM_056790278.1	X
rna-XM_057816659.1	X	rna-XM_056789541.1	X
rna-XM_057804472.1	X	rna-XM_056789643.1	X
rna-XM_057803382.1	X	rna-XM_056789641.1	X
rna-XM_057802395.1	X	rna-XM_056789094.1	X
rna-XM_057806418.1	X	rna-XM_056789443.1	X
rna-XM_057801532.1	X	rna-XM_056789484.1	X
rna-XM_057801551.1	X	rna-XM_056791152.1	X
rna-XM_057813802.1	X	rna-XM_056791150.1	X
rna-XM_057813693.1	X	rna-XM_056790018.1	X
rna-XM_057813571.1	X	rna-XM_056789202.1	X
rna-XM_057813603.1	X	rna-XM_056790171.1	X
rna-XM_057813708.1	X	rna-XM_056790175.1	X
rna-XM_057813824.1	X	rna-XM_056790176.1	X
rna-XM_057813835.1	X	rna-XM_056790177.1	X
rna-XM_057813646.1	X	rna-XM_056789117.1	X
rna-XM_057813721.1	X	rna-XM_056774689.1	A
rna-XM_057813745.1	X	rna-XM_056789121.1	X
rna-XM_057797688.1	X	rna-XM_056789306.1	X
rna-XM_057797667.1	X	rna-XM_056789305.1	X
rna-XM_057797700.1	X	rna-XM_056789303.1	X
rna-XM_057806380.1	X	rna-XM_056790069.1	X
rna-XM_057806390.1	X	rna-XM_056790070.1	X
rna-XM_057806464.1	X	rna-XM_056789446.1	X
rna-XM_057801428.1	X	rna-XM_056790306.1	X
rna-XM_057795445.1	X	rna-XM_056789749.1	X
rna-XM_057802588.1	X	rna-XM_056791178.1	X
rna-XM_057798323.1	X	rna-XM_056790316.1	X
rna-XM_057802304.1	X	rna-XM_056789653.1	X
rna-XM_057802283.1	X	rna-XM_056789808.1	X
rna-XM_057802272.1	X	rna-XM_056789807.1	X
rna-XM_057811614.1	X	rna-XM_056790226.1	X
rna-XM_057811634.1	X	rna-XM_056790917.1	X
rna-XM_057811646.1	X	rna-XM_056790916.1	X
rna-XM_057816218.1	X	rna-XM_056790905.1	X
rna-XM_057798313.1	X	rna-XM_056790356.1	X
rna-XM_057811225.1	X	rna-XM_056791107.1	X
rna-XM_057811252.1	X	rna-XM_056791103.1	X
rna-XM_057811276.1	X	rna-XM_056791106.1	X
rna-XM_057811260.1	X	rna-XM_056791105.1	X
rna-XM_057811237.1	X	rna-XM_056791176.1	X
rna-XM_057816580.1	X	rna-XM_056789252.1	X
rna-XM_057797711.1	X	rna-XM_056789907.1	X
rna-XM_057801806.1	X	rna-XM_056791175.1	X
rna-XM_057800069.1	X	rna-XM_056790009.1	X
rna-XM_057800104.1	X	rna-XM_056790012.1	X
rna-XM_057800117.1	X	rna-XM_056790106.1	X
rna-XM_057800276.1	X	rna-XM_056790105.1	X
rna-XM_057800287.1	X	rna-XM_056790104.1	X
rna-XM_057800158.1	X	rna-XM_056790378.1	X
rna-XM_057800195.1	X	rna-XM_056790220.1	X
rna-XM_057800179.1	X	rna-XM_056790187.1	X
rna-XM_057800267.1	X	rna-XM_056791174.1	X
rna-XM_057800348.1	X	rna-XM_056789507.1	X
rna-XM_057800361.1	X	rna-XM_056789751.1	X
rna-XM_057800407.1	X	rna-XM_056790299.1	X
rna-XM_057800373.1	X	rna-XM_056790294.1	X
rna-XM_057800418.1	X	rna-XM_056790300.1	X
rna-XM_057800438.1	X	rna-XM_056790235.1	X
rna-XM_057800451.1	X	rna-XM_056790238.1	X
rna-XM_057800481.1	X	rna-XM_056789742.1	X
rna-XM_057800893.1	X	rna-XM_056789772.1	X
rna-XM_057800793.1	X	rna-XM_056789594.1	X
rna-XM_057805612.1	X	rna-XM_056781702.1	A
rna-XM_057800598.1	X	rna-XM_056790280.1	X
rna-XM_057805879.1	X	rna-XM_056789367.1	X
rna-XM_057800939.1	X	rna-XM_056789368.1	X
rna-XM_057800831.1	X	rna-XM_056789633.1	X
rna-XM_057800697.1	X	rna-XM_056790536.1	X
rna-XM_057800567.1	X	rna-XM_056790535.1	X
rna-XM_057800774.1	X	rna-XM_056790534.1	X
rna-XM_057800962.1	X	rna-XM_056790074.1	X
rna-XM_057800906.1	X	rna-XM_056790508.1	X
rna-XM_057800717.1	X	rna-XM_056791017.1	X
rna-XM_057800460.1	X	rna-XM_056791015.1	X
rna-XM_057800784.1	X	rna-XM_056790005.1	X
rna-XM_057800759.1	X	rna-XM_056789385.1	X
rna-XM_057796468.1	X	rna-XM_056789361.1	X
rna-XM_057810881.1	X	rna-XM_056789356.1	X
rna-XM_057810893.1	X	rna-XM_056789357.1	X
rna-XM_057796635.1	X	rna-XM_056790502.1	X
rna-XM_057807074.1	X	rna-XM_056779978.1	A
rna-XM_057796658.1	X	rna-XM_056789766.1	X
rna-XM_057808367.1	X	rna-XM_056789112.1	X
rna-XM_057808347.1	X	rna-XM_056789106.1	X
rna-XM_057808377.1	X	rna-XM_056789105.1	X
rna-XM_057808412.1	X	rna-XM_056790288.1	X
rna-XM_057808391.1	X	rna-XM_056790545.1	X
rna-XM_057808461.1	X	rna-XM_056790544.1	X
rna-XM_057803100.1	X	rna-XM_056790547.1	X
rna-XM_057803181.1	X	rna-XM_056790050.1	X
rna-XM_057803300.1	X	rna-XM_056789435.1	X
rna-XM_057803309.1	X	rna-XM_056789300.1	X
rna-XM_057801591.1	X	rna-XM_056790002.1	X
rna-XM_057803348.1	X	rna-XM_056789584.1	X
rna-XM_057801603.1	X	rna-XM_056789850.1	X
rna-XM_057803371.1	X	rna-XM_056789116.1	X
rna-XM_057803724.1	X	rna-XM_056790570.1	X
rna-XM_057803749.1	X	rna-XM_056789740.1	X
rna-XM_057803760.1	X	rna-XM_056789738.1	X
rna-XM_057803782.1	X	rna-XM_056789068.1	X
rna-XM_057803874.1	X	rna-XM_056789522.1	X
rna-XM_057803894.1	X	rna-XM_056790384.1	X
rna-XM_057798492.1	X	rna-XM_056789920.1	X
rna-XM_057798479.1	X	rna-XM_056790694.1	X
rna-XM_057815206.1	X	rna-XM_056789582.1	X
rna-XM_057815494.1	X	rna-XM_056789991.1	X
rna-XM_057815612.1	X	rna-XM_056789992.1	X
rna-XM_057811657.1	X	rna-XM_056789546.1	X
rna-XM_057811843.1	X	rna-XM_056789570.1	X
rna-XM_057811906.1	X	rna-XM_056790353.1	X
rna-XM_057794892.1	X	rna-XM_056789394.1	X
rna-XM_057802723.1	X	rna-XM_056789396.1	X
rna-XM_057803013.1	X	rna-XM_056790368.1	X
rna-XM_057810491.1	X	rna-XM_056790421.1	X
rna-XM_057810536.1	X	rna-XM_056790427.1	X
rna-XM_057810547.1	X	rna-XM_056789731.1	X
rna-XM_057810576.1	X	rna-XM_056790434.1	X
rna-XM_057810522.1	X	rna-XM_056790428.1	X
rna-XM_057798393.1	X	rna-XM_056790437.1	X
rna-XM_057798373.1	X	rna-XM_056790438.1	X
rna-XM_057811004.1	X	rna-XM_056790339.1	X
rna-XM_057811047.1	X	rna-XM_056789730.1	X
rna-XM_057814100.1	X	rna-XM_056790506.1	X
rna-XM_057814121.1	X	rna-XM_056790318.1	X
rna-XM_057814147.1	X	rna-XM_056790254.1	X
rna-XM_057807136.1	X	rna-XM_056789596.1	X
rna-XM_057811139.1	X	rna-XM_056790218.1	X
rna-XM_057811152.1	X	rna-XM_056791144.1	X
rna-XM_057811169.1	X	rna-XM_056790003.1	X
rna-XM_057812921.1	X	rna-XM_056789678.1	X
rna-XM_057812934.1	X	rna-XM_056789734.1	X
rna-XM_057812955.1	X	rna-XM_056790225.1	X
rna-XM_057800033.1	X	rna-XM_056790036.1	X
rna-XM_057801677.1	X	rna-XM_056789859.1	X
rna-XM_057814488.1	X	rna-XM_056789538.1	X
rna-XM_057814476.1	X	rna-XM_056789534.1	X
rna-XM_057804534.1	X	rna-XM_056790042.1	X
rna-XM_057806710.1	X	rna-XM_056790043.1	X
rna-XM_057801690.1	X	rna-XM_056789689.1	X
rna-XM_057796922.1	X	rna-XM_056789262.1	X
rna-XM_057796862.1	X	rna-XM_056789258.1	X
rna-XM_057801702.1	X	rna-XM_056789287.1	X
rna-XM_057796935.1	X	rna-XM_056789263.1	X
rna-XM_057796848.1	X	rna-XM_056789257.1	X
rna-XM_057796984.1	X	rna-XM_056789267.1	X
rna-XM_057797173.1	X	rna-XM_056789289.1	X
rna-XM_057796910.1	X	rna-XM_056789288.1	X
rna-XM_057796962.1	X	rna-XM_056789291.1	X
rna-XM_057796894.1	X	rna-XM_056789290.1	X
rna-XM_057797885.1	X	rna-XM_056789294.1	X
rna-XM_057801614.1	X	rna-XM_056789862.1	X
rna-XM_057809985.1	X	rna-XM_056789297.1	X
rna-XM_057815989.1	X	rna-XM_056789299.1	X
rna-XM_057798336.1	X	rna-XM_056789956.1	X
rna-XM_057816480.1	X	rna-XM_056789958.1	X
rna-XM_057806318.1	X	rna-XM_056790063.1	X
rna-XM_057796776.1	X	rna-XM_056790184.1	X
rna-XM_057796909.1	X	rna-XM_056790186.1	X
rna-XM_057797120.1	X	rna-XM_056789416.1	X
rna-XM_057797385.1	X	rna-XM_056789419.1	X
rna-XM_057797602.1	X	rna-XM_056790338.1	X
rna-XM_057802737.1	X	rna-XM_056790361.1	X
rna-XM_057810066.1	X	rna-XM_056789529.1	X
rna-XM_057810281.1	X	rna-XM_056790170.1	X
rna-XM_057815515.1	X	rna-XM_056789307.1	X
rna-XM_057810091.1	X	rna-XM_056790473.1	X
rna-XM_057810120.1	X	rna-XM_056790478.1	X
rna-XM_057794969.1	X	rna-XM_056790480.1	X
rna-XM_057794957.1	X	rna-XM_056790474.1	X
rna-XM_057794980.1	X	rna-XM_056790479.1	X
rna-XM_057802650.1	X	rna-XM_056790413.1	X
rna-XM_057801745.1	X	rna-XM_056789863.1	X
rna-XM_057816680.1	X	rna-XM_056789349.1	X
rna-XM_057797603.1	X	rna-XM_056790409.1	X
rna-XM_057799680.1	X	rna-XM_056790113.1	X
rna-XM_057796449.1	X	rna-XM_056790111.1	X
rna-XM_057813866.1	X	rna-XM_056790114.1	X
rna-XM_057813888.1	X	rna-XM_056790116.1	X
rna-XM_057813877.1	X	rna-XM_056790118.1	X
rna-XM_057813853.1	X	rna-XM_056790117.1	X
rna-XM_057813104.1	X	rna-XM_056790120.1	X
rna-XM_057815996.1	X	rna-XM_056790122.1	X
rna-XM_057805469.1	X	rna-XM_056790125.1	X
rna-XM_057805482.1	X	rna-XM_056790127.1	X
rna-XM_057805555.1	X	rna-XM_056790132.1	X
rna-XM_057805579.1	X	rna-XM_056790134.1	X
rna-XM_057805667.1	X	rna-XM_056790136.1	X
rna-XM_057805606.1	X	rna-XM_056790137.1	X
rna-XM_057805640.1	X	rna-XM_056790138.1	X
rna-XM_057805654.1	X	rna-XM_056790141.1	X
rna-XM_057805621.1	X	rna-XM_056790142.1	X
rna-XM_057805684.1	X	rna-XM_056790145.1	X
rna-XM_057805696.1	X	rna-XM_056790143.1	X
rna-XM_057805720.1	X	rna-XM_056790146.1	X
rna-XM_057805753.1	X	rna-XM_056790150.1	X
rna-XM_057801775.1	X	rna-XM_056789865.1	X
rna-XM_057805763.1	X	rna-XM_056790151.1	X
rna-XM_057805816.1	X	rna-XM_056790159.1	X
rna-XM_057805897.1	X	rna-XM_056790163.1	X
rna-XM_057805858.1	X	rna-XM_056790156.1	X
rna-XM_057805884.1	X	rna-XM_056790216.1	X
rna-XM_057805909.1	X	rna-XM_056790445.1	X
rna-XM_057805936.1	X	rna-XM_056790465.1	X
rna-XM_057805948.1	X	rna-XM_056789076.1	X
rna-XM_057805976.1	X	rna-XM_056790988.1	X
rna-XM_057805995.1	X	rna-XM_056789412.1	X
rna-XM_057806006.1	X	rna-XM_056789941.1	X
rna-XM_057806024.1	X	rna-XM_056789940.1	X
rna-XM_057806037.1	X	rna-XM_056790777.1	X
rna-XM_057806056.1	X	rna-XM_056790774.1	X
rna-XM_057806089.1	X	rna-XM_056790782.1	X
rna-XM_057801788.1	X	rna-XM_056789867.1	X
rna-XM_057806128.1	X	rna-XM_056790784.1	X
rna-XM_057806177.1	X	rna-XM_056790786.1	X
rna-XM_057816881.1	X	rna-XM_056790792.1	X
rna-XM_057816894.1	X	rna-XM_056790787.1	X
rna-XM_057816917.1	X	rna-XM_056790789.1	X
rna-XM_057795666.1	X	rna-XM_056790793.1	X
rna-XM_057810807.1	X	rna-XM_056790797.1	X
rna-XM_057806993.1	X	rna-XM_056790800.1	X
rna-XM_057807005.1	X	rna-XM_056790801.1	X
rna-XM_057806113.1	X	rna-XM_056790803.1	X
rna-XM_057804862.1	X	rna-XM_056790802.1	X
rna-XM_057796413.1	X	rna-XM_056789868.1	X
rna-XM_057816809.1	X	rna-XM_056789194.1	X
rna-XM_057796685.1	X	rna-XM_056789771.1	X
rna-XM_057810458.1	X	rna-XM_056789916.1	X
rna-XM_057810437.1	X	rna-XM_056790966.1	X
rna-XM_057806689.1	X	rna-XM_056790968.1	X
rna-XM_057815741.1	X	rna-XM_056790455.1	X
rna-XM_057815753.1	X	rna-XM_056790459.1	X
rna-XM_057803631.1	X	rna-XM_056790366.1	X
rna-XM_057797774.1	X	rna-XM_056789903.1	X
rna-XM_057806339.1	X	rna-XM_056789574.1	X
rna-XM_057807185.1	X	rna-XM_056790179.1	X
rna-XM_057807237.1	X	rna-XM_056790344.1	X
rna-XM_057807263.1	X	rna-XM_056789382.1	X
rna-XM_057807250.1	X	rna-XM_056789389.1	X
rna-XM_057804301.1	X	rna-XM_056790469.1	X
rna-XM_057798800.1	X	rna-XM_056790192.1	X
rna-XM_057798904.1	X	rna-XM_056790215.1	X
rna-XM_057798916.1	X	rna-XM_056789215.1	X
rna-XM_057799056.1	X	rna-XM_056789928.1	X
rna-XM_057799069.1	X	rna-XM_056789924.1	X
rna-XM_057799081.1	X	rna-XM_056789597.1	X
rna-XM_057799142.1	X	rna-XM_056789190.1	X
rna-XM_057799148.1	X	rna-XM_056790183.1	X
rna-XM_057799159.1	X	rna-XM_056789758.1	X
rna-XM_057799201.1	X	rna-XM_056789870.1	X
rna-XM_057799215.1	X	rna-XM_056789180.1	X
rna-XM_057799252.1	X	rna-XM_056789185.1	X
rna-XM_057799283.1	X	rna-XM_056790342.1	X
rna-XM_057799294.1	X	rna-XM_056789142.1	X
rna-XM_057801798.1	X	rna-XM_056789871.1	X
rna-XM_057801811.1	X	rna-XM_056779969.1	A
rna-XM_057799326.1	X	rna-XM_056789381.1	X
rna-XM_057799353.1	X	rna-XM_056791167.1	X
rna-XM_057799371.1	X	rna-XM_056791169.1	X
rna-XM_057799412.1	X	rna-XM_056790972.1	X
rna-XM_057799425.1	X	rna-XM_056790973.1	X
rna-XM_057799437.1	X	rna-XM_056790807.1	X
rna-XM_057799451.1	X	rna-XM_056790806.1	X
rna-XM_057799462.1	X	rna-XM_056790805.1	X
rna-XM_057799477.1	X	rna-XM_056790808.1	X
rna-XM_057799490.1	X	rna-XM_056789787.1	X
rna-XM_057799560.1	X	rna-XM_056789873.1	X
rna-XM_057799574.1	X	rna-XM_056790569.1	X
rna-XM_057799517.1	X	rna-XM_056790568.1	X
rna-XM_057799503.1	X	rna-XM_056790566.1	X
rna-XM_057799585.1	X	rna-XM_056790560.1	X
rna-XM_057802531.1	X	rna-XM_056790096.1	X
rna-XM_057797906.1	X	rna-XM_056789709.1	X
rna-XM_057797761.1	X	rna-XM_056789059.1	X
rna-XM_057813371.1	X	rna-XM_056790809.1	X
rna-XM_057807172.1	X	rna-XM_056789483.1	X
rna-XM_057809569.1	X	rna-XM_056789377.1	X
rna-XM_057801464.1	X	rna-XM_056790357.1	X
rna-XM_057811919.1	X	rna-XM_056790971.1	X
rna-XM_057798190.1	X	rna-XM_056790970.1	X
rna-XM_057799997.1	X	rna-XM_056789341.1	X
rna-XM_057800008.1	X	rna-XM_056789345.1	X
rna-XM_057795468.1	X	rna-XM_056789759.1	X
rna-XM_057803918.1	X	rna-XM_056789760.1	X
rna-XM_057796496.1	X	rna-XM_056789763.1	X
rna-XM_057806519.1	X	rna-XM_056790412.1	X
rna-XM_057816197.1	X	rna-XM_056790001.1	X
rna-XM_057816165.1	X	rna-XM_056789397.1	X
rna-XM_057801834.1	X	rna-XM_056789874.1	X
rna-XM_057816188.1	X	rna-XM_056790543.1	X
rna-XM_057816076.1	X	rna-XM_056790933.1	X
rna-XM_057816127.1	X	rna-XM_056790942.1	X
rna-XM_057816155.1	X	rna-XM_056790944.1	X
rna-XM_057816110.1	X	rna-XM_056790943.1	X
rna-XM_057816208.1	X	rna-XM_056789369.1	X
rna-XM_057816116.1	X	rna-XM_056789426.1	X
rna-XM_057816140.1	X	rna-XM_056789387.1	X
rna-XM_057816176.1	X	rna-XM_056790466.1	X
rna-XM_057795420.1	X	rna-XM_056789585.1	X
rna-XM_057795432.1	X	rna-XM_056789586.1	X
rna-XM_057805218.1	X	rna-XM_056789080.1	X
rna-XM_057803588.1	X	rna-XM_056790038.1	X
rna-XM_057801857.1	X	rna-XM_056790040.1	X
rna-XM_057808359.1	X	rna-XM_056789908.1	X
rna-XM_057808559.1	X	rna-XM_056789909.1	X
rna-XM_057808852.1	X	rna-XM_056789915.1	X
rna-XM_057815961.1	X	rna-XM_056789391.1	X
rna-XM_057798461.1	X	rna-XM_056789132.1	X
rna-XM_057799549.1	X	rna-XM_056789138.1	X
rna-XM_057804134.1	X	rna-XM_056790870.1	X
rna-XM_057804190.1	X	rna-XM_056790874.1	X
rna-XM_057804167.1	X	rna-XM_056790877.1	X
rna-XM_057804178.1	X	rna-XM_056790873.1	X
rna-XM_057804156.1	X	rna-XM_056790875.1	X
rna-XM_057804201.1	X	rna-XM_056790879.1	X
rna-XM_057804217.1	X	rna-XM_056790880.1	X
rna-XM_057795479.1	X	rna-XM_056790881.1	X
rna-XM_057802525.1	X	rna-XM_056790884.1	X
rna-XM_057803957.1	X	rna-XM_056790885.1	X
rna-XM_057801880.1	X	rna-XM_056789876.1	X
rna-XM_057816691.1	X	rna-XM_056790886.1	X
rna-XM_057816547.1	X	rna-XM_056790887.1	X
rna-XM_057795290.1	X	rna-XM_056790888.1	X
rna-XM_057795349.1	X	rna-XM_056790892.1	X
rna-XM_057795335.1	X	rna-XM_056790893.1	X
rna-XM_057795362.1	X	rna-XM_056790894.1	X
rna-XM_057795401.1	X	rna-XM_056790895.1	X
rna-XM_057798179.1	X	rna-XM_056789877.1	X
rna-XM_057816597.1	X	rna-XM_056790897.1	X
rna-XM_057815882.1	X	rna-XM_056790898.1	X
rna-XM_057815893.1	X	rna-XM_056790901.1	X
rna-XM_057798125.1	X	rna-XM_056790902.1	X
rna-XM_057798137.1	X	rna-XM_056790904.1	X
rna-XM_057804339.1	X	rna-XM_056789856.1	X
rna-XM_057804327.1	X	rna-XM_056789855.1	X
rna-XM_057802665.1	X	rna-XM_056789667.1	X
rna-XM_057803462.1	X	rna-XM_056789675.1	X
rna-XM_057807029.1	X	rna-XM_056789610.1	X
rna-XM_057798092.1	X	rna-XM_056790362.1	X
rna-XM_057815786.1	X	rna-XM_056790829.1	X
rna-XM_057815850.1	X	rna-XM_056790838.1	X
rna-XM_057815808.1	X	rna-XM_056790832.1	X
rna-XM_057802951.1	X	rna-XM_056790841.1	X
rna-XM_057802969.1	X	rna-XM_056790844.1	X
rna-XM_057805423.1	X	rna-XM_056789680.1	X
rna-XM_057796697.1	X	rna-XM_056790370.1	X
rna-XM_057803061.1	X	rna-XM_056790100.1	X
rna-XM_057804386.1	X	rna-XM_056789595.1	X
rna-XM_057804422.1	X	rna-XM_056789441.1	X
rna-XM_057816341.1	X	rna-XM_056789789.1	X
rna-XM_057799806.1	X	rna-XM_056789713.1	X
rna-XM_057799818.1	X	rna-XM_056789717.1	X
rna-XM_057799844.1	X	rna-XM_056789721.1	X
rna-XM_057799831.1	X	rna-XM_056789718.1	X
rna-XM_057799915.1	X	rna-XM_056789719.1	X
rna-XM_057799877.1	X	rna-XM_056789724.1	X
rna-XM_057799926.1	X	rna-XM_056789725.1	X
rna-XM_057799863.1	X	rna-XM_056789723.1	X
rna-XM_057801892.1	X	rna-XM_056790247.1	X
rna-XM_057806536.1	X	rna-XM_056790812.1	X
rna-XM_057816370.1	X	rna-XM_056790814.1	X
rna-XM_057807952.1	X	rna-XM_056790816.1	X
rna-XM_057805148.1	X	rna-XM_056789990.1	X
rna-XM_057804672.1	X	rna-XM_056789988.1	X
rna-XM_057804781.1	X	rna-XM_056790031.1	X
rna-XM_057816586.1	X	rna-XM_056790955.1	X
rna-XM_057809804.1	X	rna-XM_056790956.1	X
rna-XM_057809833.1	X	rna-XM_056790959.1	X
rna-XM_057809864.1	X	rna-XM_056790470.1	X
rna-XM_057809851.1	X	rna-XM_056790317.1	X
rna-XM_057802490.1	X	rna-XM_056790354.1	X
rna-XM_057799914.1	X	rna-XM_056789061.1	X
rna-XM_057799805.1	X	rna-XM_056790678.1	X
rna-XM_057815904.1	X	rna-XM_056789645.1	X
rna-XM_057807197.1	X	rna-XM_056790948.1	X
rna-XM_057802439.1	X	rna-XM_056790945.1	X
rna-XM_057814390.1	X	rna-XM_056790950.1	X
rna-XM_057814403.1	X	rna-XM_056790954.1	X
rna-XM_057811057.1	X	rna-XM_056790397.1	X
rna-XM_057811079.1	X	rna-XM_056790396.1	X
rna-XM_057811003.1	X	rna-XM_056790394.1	X
rna-XM_057811883.1	X	rna-XM_056789819.1	X
rna-XM_057812014.1	X	rna-XM_056789636.1	X
rna-XM_057812390.1	X	rna-XM_056790090.1	X
rna-XM_057812783.1	X	rna-XM_056790088.1	X
rna-XM_057812901.1	X	rna-XM_056790095.1	X
rna-XM_057801904.1	X	rna-XM_056789879.1	X
rna-XM_057813025.1	X	rna-XM_056780993.1	A
rna-XM_057813184.1	X	rna-XM_056789801.1	X
rna-XM_057814055.1	X	rna-XM_056789919.1	X
rna-XM_057814266.1	X	rna-XM_056789512.1	X
rna-XM_057814639.1	X	rna-XM_056789472.1	X
rna-XM_057815146.1	X	rna-XM_056789096.1	X
rna-XM_057815013.1	X	rna-XM_056789095.1	X
rna-XM_057815259.1	X	rna-XM_056789102.1	X
rna-XM_057815321.1	X	rna-XM_056789346.1	X
rna-XM_057815440.1	X	rna-XM_056789800.1	X
rna-XM_057801009.1	X	rna-XM_056789773.1	X
rna-XM_057795183.1	X	rna-XM_056789682.1	X
rna-XM_057815480.1	X	rna-XM_056789628.1	X
rna-XM_057815495.1	X	rna-XM_056789629.1	X
rna-XM_057815459.1	X	rna-XM_056791156.1	X
rna-XM_057795471.1	X	rna-XM_056791154.1	X
rna-XM_057802544.1	X	rna-XM_056791158.1	X
rna-XM_057794913.1	X	rna-XM_056789195.1	X
rna-XM_057803514.1	X	rna-XM_056790292.1	X
rna-XM_057803539.1	X	rna-XM_056790230.1	X
rna-XM_057803553.1	X	rna-XM_056790233.1	X
rna-XM_057801078.1	X	rna-XM_056790249.1	X
rna-XM_057806291.1	X	rna-XM_056789611.1	X
rna-XM_057795182.1	X	rna-XM_056790320.1	X
rna-XM_057795469.1	X	rna-XM_056789530.1	X
rna-XM_057801925.1	X	rna-XM_056789532.1	X
rna-XM_057802121.1	X	rna-XM_056790526.1	X
rna-XM_057795085.1	X	rna-XM_056789891.1	X
rna-XM_057810935.1	X	rna-XM_056790518.1	X
rna-XM_057810970.1	X	rna-XM_056790520.1	X
rna-XM_057810957.1	X	rna-XM_056790519.1	X
rna-XM_057810917.1	X	rna-XM_056790516.1	X
rna-XM_057812967.1	X	rna-XM_056791235.1	X
rna-XM_057816426.1	X	rna-XM_056789764.1	X
rna-XM_057799772.1	X	rna-XM_056790358.1	X
rna-XM_057797261.1	X	rna-XM_056789942.1	X
rna-XM_057797274.1	X	rna-XM_056789945.1	X
rna-XM_057803709.1	X	rna-XM_056789946.1	X
rna-XM_057811090.1	X	rna-XM_056790960.1	X
rna-XM_057811115.1	X	rna-XM_056790964.1	X
rna-XM_057811103.1	X	rna-XM_056790962.1	X
rna-XM_057811126.1	X	rna-XM_056790965.1	X
rna-XM_057816397.1	X	rna-XM_056789587.1	X
rna-XM_057807177.1	X	rna-XM_056789309.1	X
rna-XM_057802611.1	X	rna-XM_056790415.1	X
rna-XM_057802638.1	X	rna-XM_056789542.1	X
rna-XM_057796509.1	X	rna-XM_056790346.1	X
rna-XM_057806484.1	X	rna-XM_056790347.1	X
rna-XM_057815861.1	X	rna-XM_056790997.1	X
rna-XM_057816048.1	X	rna-XM_056791000.1	X
rna-XM_057816168.1	X	rna-XM_056791001.1	X
rna-XM_057816454.1	X	rna-XM_056791006.1	X
rna-XM_057812630.1	X	rna-XM_056789150.1	X
rna-XM_057812596.1	X	rna-XM_056789148.1	X
rna-XM_057804230.1	X	rna-XM_056790309.1	X
rna-XM_057804281.1	X	rna-XM_056790311.1	X
rna-XM_057804252.1	X	rna-XM_056789352.1	X
rna-XM_057813395.1	X	rna-XM_056790482.1	X
rna-XM_057813383.1	X	rna-XM_056790350.1	X
rna-XM_057801984.1	X	rna-XM_056789881.1	X
rna-XM_057813406.1	X	rna-XM_056790529.1	X
rna-XM_057801165.1	X	rna-XM_056789256.1	X
rna-XM_057797784.1	X	rna-XM_056789882.1	X
rna-XM_057797720.1	X	rna-XM_056789626.1	X
rna-XM_057794881.1	X	rna-XM_056789650.1	X
rna-XM_057806191.1	X	rna-XM_056789706.1	X
rna-XM_057806209.1	X	rna-XM_056789702.1	X
rna-XM_057799733.1	X	rna-XM_056789191.1	X
rna-XM_057810640.1	X	rna-XM_056789193.1	X
rna-XM_057810662.1	X	rna-XM_056789490.1	X
rna-XM_057810822.1	X	rna-XM_056789505.1	X
rna-XM_057811322.1	X	rna-XM_056790932.1	X
rna-XM_057816869.1	X	rna-XM_056789489.1	X
rna-XM_057810880.1	X	rna-XM_056789437.1	X
rna-XM_057802012.1	X	rna-XM_056789883.1	X
rna-XM_057794999.1	X	rna-XM_056789605.1	X
rna-XM_057804374.1	X	rna-XM_056790414.1	X
rna-XM_057803025.1	X	rna-XM_056790302.1	X
rna-XM_057806400.1	X	rna-XM_056789886.1	X
rna-XM_057812493.1	X	rna-XM_056789208.1	X
rna-XM_057812521.1	X	rna-XM_056791217.1	X
rna-XM_057803493.1	X	rna-XM_056790279.1	X
rna-XM_057802024.1	X	rna-XM_056789887.1	X
rna-XM_057802757.1	X	rna-XM_056790581.1	X
rna-XM_057802854.1	X	rna-XM_056790334.1	X
rna-XM_057802866.1	X	rna-XM_056790258.1	X
rna-XM_057796611.1	X	rna-XM_056790260.1	X
rna-XM_057798757.1	X	rna-XM_056790261.1	X
rna-XM_057795159.1	X	rna-XM_056789733.1	X
rna-XM_057796669.1	X	rna-XM_056789593.1	X
rna-XM_057805387.1	X	rna-XM_056790165.1	X
rna-XM_057809584.1	X	rna-XM_056791119.1	X
rna-XM_057809720.1	X	rna-XM_056789753.1	X
rna-XM_057809737.1	X	rna-XM_056789754.1	X
rna-XM_057808490.1	X	rna-XM_056790343.1	X
rna-XM_057808502.1	X	rna-XM_056790538.1	X
rna-XM_057808528.1	X	rna-XM_056790540.1	X
rna-XM_057808564.1	X	rna-XM_056789993.1	X
rna-XM_057808549.1	X	rna-XM_056789994.1	X
rna-XM_057808577.1	X	rna-XM_056789947.1	X
rna-XM_057808589.1	X	rna-XM_056790301.1	X
rna-XM_057808602.1	X	rna-XM_056790530.1	X
rna-XM_057808630.1	X	rna-XM_056789710.1	X
rna-XM_057808642.1	X	rna-XM_056789711.1	X
rna-XM_057808654.1	X	rna-XM_056789455.1	X
rna-XM_057808667.1	X	rna-XM_056789902.1	X
rna-XM_057808680.1	X	rna-XM_056789769.1	X
rna-XM_057808714.1	X	rna-XM_056789448.1	X
rna-XM_057808747.1	X	rna-XM_056789450.1	X
rna-XM_057808763.1	X	rna-XM_056790332.1	X
rna-XM_057808823.1	X	rna-XM_056789617.1	X
rna-XM_057808853.1	X	rna-XM_056789365.1	X
rna-XM_057808886.1	X	rna-XM_056789630.1	X
rna-XM_057808897.1	X	rna-XM_056789631.1	X
rna-XM_057808909.1	X	rna-XM_056789388.1	X
rna-XM_057809337.1	X	rna-XM_056790273.1	X
rna-XM_057809326.1	X	rna-XM_056790271.1	X
rna-XM_057808922.1	X	rna-XM_056790265.1	X
rna-XM_057809266.1	X	rna-XM_056790267.1	X
rna-XM_057809371.1	X	rna-XM_056790276.1	X
rna-XM_057809349.1	X	rna-XM_056790004.1	X
rna-XM_057808945.1	X	rna-XM_056791196.1	X
rna-XM_057809382.1	X	rna-XM_056789627.1	X
rna-XM_057809360.1	X	rna-XM_056789039.1	X
rna-XM_057809277.1	X	rna-XM_056789612.1	X
rna-XM_057809235.1	X	rna-XM_056790573.1	X
rna-XM_057809314.1	X	rna-XM_056790574.1	X
rna-XM_057797985.1	X	rna-XM_056790575.1	X
rna-XM_057802888.1	X	rna-XM_056790464.1	X
rna-XM_057802916.1	X	rna-XM_056790510.1	X
rna-XM_057802929.1	X	rna-XM_056790515.1	X
rna-XM_057802380.1	X	rna-XM_056790182.1	X
rna-XM_057816612.1	X	rna-XM_056790856.1	X
rna-XM_057809957.1	X	rna-XM_056790860.1	X
rna-XM_057809958.1	X	rna-XM_056790857.1	X
rna-XM_057809959.1	X	rna-XM_056790859.1	X
rna-XM_057809960.1	X	rna-XM_056790333.1	X
rna-XM_057809972.1	X	rna-XM_056789691.1	X
rna-XM_057810005.1	X	rna-XM_056789427.1	X
rna-XM_057810026.1	X	rna-XM_056789170.1	X
rna-XM_057810039.1	X	rna-XM_056789513.1	X
rna-XM_057810048.1	X	rna-XM_056789514.1	X
rna-XM_057810071.1	X	rna-XM_056789999.1	X
rna-XM_057810059.1	X	rna-XM_056789423.1	X
rna-XM_057800048.1	X	rna-XM_056790392.1	X
rna-XM_057802045.1	X	rna-XM_056790462.1	X
rna-XM_057804109.1	X	rna-XM_056790076.1	X
rna-XM_057802330.1	X	rna-XM_056790169.1	X
rna-XM_057804121.1	X	rna-XM_056789409.1	X
rna-XM_057794867.1	X	rna-XM_056789487.1	X
rna-XM_057816935.1	X	rna-XM_056789485.1	X
rna-XM_057796599.1	X	rna-XM_056790471.1	X
rna-XM_057795073.1	X	rna-XM_056789889.1	X
rna-XM_057795052.1	X	rna-XM_056789576.1	X
rna-XM_057796523.1	X	rna-XM_056789508.1	X
rna-XM_057802408.1	X	rna-XM_056789065.1	X
rna-XM_057802399.1	X	rna-XM_056789064.1	X
rna-XM_057794903.1	X	rna-XM_056789410.1	X
rna-XM_057806968.1	X	rna-XM_056789200.1	X
rna-XM_057806907.1	X	rna-XM_056789199.1	X
rna-XM_057806938.1	X	rna-XM_056790190.1	X
rna-XM_057806840.1	X	rna-XM_056790363.1	X
rna-XM_057806926.1	X	rna-XM_056789790.1	X
rna-XM_057806949.1	X	rna-XM_056789791.1	X
rna-XM_057806979.1	X	rna-XM_056789799.1	X
rna-XM_057806885.1	X	rna-XM_056789795.1	X
rna-XM_057806859.1	X	rna-XM_056789792.1	X
rna-XM_057802070.1	X	rna-XM_056789737.1	X
rna-XM_057813941.1	X	rna-XM_056790975.1	X
rna-XM_057813953.1	X	rna-XM_056790976.1	X
rna-XM_057813977.1	X	rna-XM_056790980.1	X
rna-XM_057802516.1	X	rna-XM_056790404.1	X
rna-XM_057807526.1	X	rna-XM_056790863.1	X
rna-XM_057807562.1	X	rna-XM_056790864.1	X
rna-XM_057807541.1	X	rna-XM_056790866.1	X
rna-XM_057797954.1	X	rna-XM_056790867.1	X
rna-XM_057797916.1	X	rna-XM_056790451.1	X
rna-XM_057806352.1	X	rna-XM_056790453.1	X
rna-XM_057813229.1	X	rna-XM_056789525.1	X
rna-XM_057813241.1	X	rna-XM_056789355.1	X
rna-XM_057813252.1	X	rna-XM_056790503.1	X
rna-XM_057813271.1	X	rna-XM_056790695.1	X
rna-XM_057807291.1	X	rna-XM_056790700.1	X
rna-XM_057796488.1	X	rna-XM_056790699.1	X
rna-XM_057816469.1	X	rna-XM_056789421.1	X
rna-XM_057796019.1	X	rna-XM_056790770.1	X
rna-XM_057796074.1	X	rna-XM_056790768.1	X
rna-XM_057796363.1	X	rna-XM_056790773.1	X
rna-XM_057796130.1	X	rna-XM_056790241.1	X
rna-XM_057796196.1	X	rna-XM_056789465.1	X
rna-XM_057796262.1	X	rna-XM_056789470.1	X
rna-XM_057796336.1	X	rna-XM_056790263.1	X
rna-XM_057796118.1	X	rna-XM_056790262.1	X
rna-XM_057796274.1	X	rna-XM_056790524.1	X
rna-XM_057796357.1	X	rna-XM_056789770.1	X
rna-XM_057796038.1	X	rna-XM_056789042.1	X
rna-XM_057796350.1	X	rna-XM_056789048.1	X
rna-XM_057796303.1	X	rna-XM_056789043.1	X
rna-XM_057796394.1	X	rna-XM_056789041.1	X
rna-XM_057816017.1	X	rna-XM_056790499.1	X
rna-XM_057816031.1	X	rna-XM_056790500.1	X
rna-XM_057807054.1	X	rna-XM_056789517.1	X
rna-XM_057796423.1	X	rna-XM_056789679.1	X
rna-XM_057805411.1	X	rna-XM_056789890.1	X
rna-XM_057805393.1	X	rna-XM_056789413.1	X
rna-XM_057806591.1	X	rna-XM_056790331.1	X
rna-XM_057806586.1	X	rna-XM_056790330.1	X
rna-XM_057806594.1	X	rna-XM_056790323.1	X
rna-XM_057806640.1	X	rna-XM_056789603.1	X
rna-XM_057806670.1	X	rna-XM_056789544.1	X
rna-XM_057798559.1	X	rna-XM_056790078.1	X
rna-XM_057804484.1	X	rna-XM_056790679.1	X
rna-XM_057795969.1	X	rna-XM_056790824.1	X
rna-XM_057795999.1	X	rna-XM_056790821.1	X
rna-XM_057796009.1	X	rna-XM_056790822.1	X
rna-XM_057807161.1	X	rna-XM_056790820.1	X
rna-XM_057805738.1	X	rna-XM_056790819.1	X
rna-XM_057804414.1	X	rna-XM_056789665.1	X
rna-XM_057803060.1	X	rna-XM_056789657.1	X
rna-XM_057811292.1	X	rna-XM_056789985.1	X
rna-XM_057798535.1	X	rna-XM_056789984.1	X
rna-XM_057816038.1	X	rna-XM_056790847.1	X
rna-XM_057795956.1	X	rna-XM_056791142.1	X
rna-XM_057813519.1	X	rna-XM_056790845.1	X
rna-XM_057813539.1	X	rna-XM_056790846.1	X
rna-XM_057811333.1	X	rna-XM_056790167.1	X
rna-XM_057811467.1	X	rna-XM_056790166.1	X
rna-XM_057811488.1	X	rna-XM_056790925.1	X
rna-XM_057811502.1	X	rna-XM_056790929.1	X
rna-XM_057811528.1	X	rna-XM_056790920.1	X
rna-XM_057811550.1	X	rna-XM_056790930.1	X
rna-XM_057811515.1	X	rna-XM_056790919.1	X
rna-XM_057811540.1	X	rna-XM_056790922.1	X
rna-XM_057801090.1	X	rna-XM_056791141.1	X
rna-XM_057795114.1	X	rna-XM_056789401.1	X
rna-XM_057802115.1	X	rna-XM_056791131.1	X
rna-XM_057805243.1	X	rna-XM_056789404.1	X
rna-XM_057805235.1	X	rna-XM_056789400.1	X
rna-XM_057805294.1	X	rna-XM_056789399.1	X
rna-XM_057805264.1	X	rna-XM_056790681.1	X
rna-XM_057805356.1	X	rna-XM_056790689.1	X
rna-XM_057805341.1	X	rna-XM_056790687.1	X
rna-XM_057805318.1	X	rna-XM_056790686.1	X
rna-XM_057805279.1	X	rna-XM_056790682.1	X
rna-XM_057805377.1	X	rna-XM_056789463.1	X
rna-XM_057795125.1	X	rna-XM_056789156.1	X
rna-XM_057802141.1	X	rna-XM_056789151.1	X
rna-XM_057809416.1	X	rna-XM_056789050.1	X
rna-XM_057802151.1	X	rna-XM_056790240.1	X
rna-XM_057809443.1	X	rna-XM_056789371.1	X
rna-XM_057809541.1	X	rna-XM_056789949.1	X
rna-XM_057809495.1	X	rna-XM_056789948.1	X
rna-XM_057795708.1	X	rna-XM_056791226.1	X
rna-XM_057795908.1	X	rna-XM_056791111.1	X
rna-XM_057796018.1	X	rna-XM_056791225.1	X
rna-XM_057812210.1	X	rna-XM_056791116.1	X
rna-XM_057812166.1	X	rna-XM_056791114.1	X
rna-XM_057798215.1	X	rna-XM_056789581.1	X
rna-XM_057798016.1	X	rna-XM_056789578.1	X
rna-XM_057803601.1	X	rna-XM_056790180.1	X
rna-XM_057803615.1	X	rna-XM_056790181.1	X
rna-XM_057810784.1	X	rna-XM_056789434.1	X
rna-XM_057810490.1	X	rna-XM_056789429.1	X
rna-XM_057811940.1	X	rna-XM_056790995.1	X
rna-XM_057811972.1	X	rna-XM_056790996.1	X
rna-XM_057811961.1	X	rna-XM_056790994.1	X
rna-XM_057811994.1	X	rna-XM_056790852.1	X
rna-XM_057810855.1	X	rna-XM_056790855.1	X
rna-XM_057810833.1	X	rna-XM_056790849.1	X
rna-XM_057795138.1	X	rna-XM_056790446.1	X
rna-XM_057812793.1	X	rna-XM_056789786.1	X
rna-XM_057812771.1	X	rna-XM_056789354.1	X
rna-XM_057812641.1	X	rna-XM_056789816.1	X
rna-XM_057816841.1	X	rna-XM_056789619.1	X
rna-XM_057798062.1	X	rna-XM_056791071.1	X
rna-XM_057807126.1	X	rna-XM_056789411.1	X
rna-XM_057797386.1	X	rna-XM_056789784.1	X
rna-XM_057802599.1	X	rna-XM_056789904.1	X
rna-XM_057798735.1	X	rna-XM_056789696.1	X
rna-XM_057798674.1	X	rna-XM_056789692.1	X
rna-XM_057816648.1	X	rna-XM_056789575.1	X
rna-XM_057802565.1	X	rna-XM_056790248.1	X
rna-XM_057803696.1	X	rna-XM_056791070.1	X
rna-XM_057802576.1	X	rna-XM_056790467.1	X
rna-XM_057816562.1	X	rna-XM_056789506.1	X
rna-XM_057797936.1	X	rna-XM_056790014.1	X
rna-XM_057807017.1	X	rna-XM_056789415.1	X
rna-XM_057804352.1	X	rna-XM_056790484.1	X
rna-XM_057813484.1	X	rna-XM_056790487.1	X
rna-XM_057813465.1	X	rna-XM_056790485.1	X
rna-XM_057810132.1	X	rna-XM_056790489.1	X
rna-XM_057810255.1	X	rna-XM_056790490.1	X
rna-XM_057810304.1	X	rna-XM_056790498.1	X
rna-XM_057810282.1	X	rna-XM_056790496.1	X
rna-XM_057810201.1	X	rna-XM_056791032.1	X
rna-XM_057810167.1	X	rna-XM_056791025.1	X
rna-XM_057810144.1	X	rna-XM_056791023.1	X
rna-XM_057810180.1	X	rna-XM_056791027.1	X
rna-XM_057810341.1	X	rna-XM_056791068.1	X
rna-XM_057810318.1	X	rna-XM_056789390.1	X
rna-XM_057802174.1	X	rna-XM_056791067.1	X
rna-XM_057796537.1	X	rna-XM_056790827.1	X
rna-XM_057815862.1	X	rna-XM_056791109.1	X
rna-XM_057815871.1	X	rna-XM_056790097.1	X
rna-XM_057797743.1	X	rna-XM_056790766.1	X
rna-XM_057797731.1	X	rna-XM_056790765.1	X
rna-XM_057807584.1	X	rna-XM_056790764.1	X
rna-XM_057807597.1	X	rna-XM_056790759.1	X
rna-XM_057807610.1	X	rna-XM_056790757.1	X
rna-XM_057807623.1	X	rna-XM_056790758.1	X
rna-XM_057807634.1	X	rna-XM_056790754.1	X
rna-XM_057807903.1	X	rna-XM_056790752.1	X
rna-XM_057807803.1	X	rna-XM_056790746.1	X
rna-XM_057807925.1	X	rna-XM_056790750.1	X
rna-XM_057807668.1	X	rna-XM_056790745.1	X
rna-XM_057807845.1	X	rna-XM_056790747.1	X
rna-XM_057807695.1	X	rna-XM_056790732.1	X
rna-XM_057807761.1	X	rna-XM_056790744.1	X
rna-XM_057807681.1	X	rna-XM_056790723.1	X
rna-XM_057807627.1	X	rna-XM_056790722.1	X
rna-XM_057807782.1	X	rna-XM_056790725.1	X
rna-XM_057807890.1	X	rna-XM_056790731.1	X
rna-XM_057807814.1	X	rna-XM_056790728.1	X
rna-XM_057807866.1	X	rna-XM_056790730.1	X
rna-XM_057807997.1	X	rna-XM_056791066.1	X
rna-XM_057808021.1	X	rna-XM_056790721.1	X
rna-XM_057808009.1	X	rna-XM_056790719.1	X
rna-XM_057808054.1	X	rna-XM_056790716.1	X
rna-XM_057808067.1	X	rna-XM_056790718.1	X
rna-XM_057808035.1	X	rna-XM_056790708.1	X
rna-XM_057808097.1	X	rna-XM_056790710.1	X
rna-XM_057808121.1	X	rna-XM_056790701.1	X
rna-XM_057808198.1	X	rna-XM_056790481.1	X
rna-XM_057808237.1	X	rna-XM_056789983.1	X
rna-XM_057808210.1	X	rna-XM_056789980.1	X
rna-XM_057808250.1	X	rna-XM_056791043.1	X
rna-XM_057808300.1	X	rna-XM_056789213.1	X
rna-XM_057808276.1	X	rna-XM_056789211.1	X
rna-XM_057808288.1	X	rna-XM_056789212.1	X
rna-XM_057808323.1	X	rna-XM_056790463.1	X
rna-XM_057816503.1	X	rna-XM_056789311.1	X
rna-XM_057816516.1	X	rna-XM_056789312.1	X
rna-XM_057816703.1	X	rna-XM_056789741.1	X
rna-XM_057816718.1	X	rna-XM_056790305.1	X
rna-XM_057816746.1	X	rna-XM_056789037.1	X
rna-XM_057816734.1	X	rna-XM_056789033.1	X
rna-XM_057816758.1	X	rna-XM_056789027.1	X
rna-XM_057816779.1	X	rna-XM_056789029.1	X
rna-XM_057803088.1	X	rna-XM_056790065.1	X
rna-XM_057802221.1	X	rna-XM_056789207.1	X
rna-XM_057806000.1	X	rna-XM_056791041.1	X
rna-XM_057798038.1	X	rna-XM_056789905.1	X
rna-XM_057802260.1	X	rna-XM_056791040.1	X
rna-XM_057816455.1	X	rna-XM_056789708.1	X
rna-XM_057816925.1	X	rna-XM_056789539.1	X
rna-XM_057803407.1	X	rna-XM_056789084.1	X
rna-XM_057803394.1	X	rna-XM_056789082.1	X
rna-XM_057804817.1	X	rna-XM_056789090.1	X
rna-XM_057804805.1	X	rna-XM_056790360.1	X
rna-XM_057804793.1	X	rna-XM_056790359.1	X
rna-XM_057798202.1	X	rna-XM_056790439.1	X
rna-XM_057807343.1	X	rna-XM_056791084.1	X
rna-XM_057807404.1	X	rna-XM_056791083.1	X
rna-XM_057807417.1	X	rna-XM_056791074.1	X
rna-XM_057810371.1	X	rna-XM_056791059.1	X
rna-XM_057810418.1	X	rna-XM_056791065.1	X
rna-XM_057801486.1	X	rna-XM_056791055.1	X
rna-XM_057806511.1	X	rna-XM_056791054.1	X
rna-XM_057814583.1	X	rna-XM_056791053.1	X
rna-XM_057814621.1	X	rna-XM_056791048.1	X
rna-XM_057815652.1	X	rna-XM_056791045.1	X
rna-XM_057815640.1	X	rna-XM_056791044.1	X
rna-XM_057798360.1	X	rna-XM_056791046.1	X
rna-XM_057800022.1	X	rna-XM_056789247.1	X
rna-XM_057807042.1	X	rna-XM_056789249.1	X
rna-XM_057795862.1	X	rna-XM_056789248.1	X
rna-XM_057795931.1	X	rna-XM_056789250.1	X
rna-XM_057795850.1	X	rna-XM_056789062.1	X
rna-XM_057795826.1	X	rna-XM_056790993.1	X
rna-XM_057795839.1	X	rna-XM_056790990.1	X
rna-XM_057795909.1	X	rna-XM_056790991.1	X
rna-XM_057795919.1	X	rna-XM_056790992.1	X
rna-XM_057795875.1	X	rna-XM_056789814.1	X
rna-XM_057795896.1	X	rna-XM_056789810.1	X
rna-XM_057795511.1	X	rna-XM_056791179.1	X
rna-XM_057795799.1	X	rna-XM_056790252.1	X
rna-XM_057813001.1	X	rna-XM_056790178.1	X
rna-XM_057813016.1	X	rna-XM_056790572.1	X
rna-XM_057808475.1	X	rna-XM_056790571.1	X
rna-XM_057799803.1	X	rna-XM_056789950.1	X
rna-XM_057812435.1	X	rna-XM_056790314.1	X
rna-XM_057812423.1	X	rna-XM_056790313.1	X
rna-XM_057813321.1	X	rna-XM_056790349.1	X
rna-XM_057813285.1	X	rna-XM_056789937.1	X
rna-XM_057806744.1	X	rna-XM_056789330.1	X
rna-XM_057806779.1	X	rna-XM_056789337.1	X
rna-XM_057806799.1	X	rna-XM_056789333.1	X
rna-XM_057806825.1	X	rna-XM_056789329.1	X
rna-XM_057807112.1	X	rna-XM_056789451.1	X
rna-XM_057797841.1	X	rna-XM_056789520.1	X
rna-XM_057797874.1	X	rna-XM_056789521.1	X
rna-XM_057797863.1	X	rna-XM_056789518.1	X
rna-XM_057815671.1	X	rna-XM_056790164.1	X
rna-XM_057797247.1	X	rna-XM_056791038.1	X
rna-XM_057797231.1	X	rna-XM_056791036.1	X
rna-XM_057815973.1	A	rna-XM_056791968.1	A
rna-XM_057815981.1	A	rna-XM_056791970.1	A
rna-XM_057815935.1	A	rna-XM_056791965.1	A
rna-XM_057815933.1	A	rna-XM_056791964.1	A
rna-XM_057815532.1	A	rna-XM_056792640.1	A
rna-XM_057815533.1	A	rna-XM_056792641.1	A
rna-XM_057815763.1	A	rna-XM_056792319.1	A
rna-XM_057795426.1	A	rna-XM_056774098.1	A
rna-XM_057795421.1	A	rna-XM_056774096.1	A
rna-XM_057795424.1	A	rna-XM_056774092.1	A
rna-XM_057816855.1	A	rna-XM_056774068.1	A
rna-XM_057816860.1	A	rna-XM_056774073.1	A
rna-XM_057816856.1	A	rna-XM_056774071.1	A
rna-XM_057816859.1	A	rna-XM_056774072.1	A
rna-XM_057815420.1	A	rna-XM_056792906.1	A
rna-XM_057815687.1	A	rna-XM_056792905.1	A
rna-XM_057815668.1	A	rna-XM_056792646.1	A
rna-XM_057815672.1	A	rna-XM_056792645.1	A
rna-XM_057815670.1	A	rna-XM_056793076.1	A
rna-XM_057815683.1	A	rna-XM_056792326.1	A
rna-XM_057815666.1	A	rna-XM_056792677.1	A
rna-XM_057815675.1	A	rna-XM_056773949.1	A
rna-XM_057815667.1	A	rna-XM_056773946.1	A
rna-XM_057815686.1	A	rna-XM_056792910.1	A
rna-XM_057815681.1	A	rna-XM_056792403.1	A
rna-XM_057815669.1	A	rna-XM_056792072.1	A
rna-XM_057815673.1	A	rna-XM_056792074.1	A
rna-XM_057815682.1	A	rna-XM_056792076.1	A
rna-XM_057815685.1	A	rna-XM_056792927.1	A
rna-XM_057815688.1	A	rna-XM_056792926.1	A
rna-XM_057815551.1	A	rna-XM_056792908.1	A
rna-XM_057816538.1	A	rna-XM_056792907.1	A
rna-XM_057815014.1	A	rna-XM_056792602.1	A
rna-XM_057815091.1	A	rna-XM_056792166.1	A
rna-XM_057815067.1	A	rna-XM_056792301.1	A
rna-XM_057815040.1	A	rna-XM_056792298.1	A
rna-XM_057815027.1	A	rna-XM_056792297.1	A
rna-XM_057815603.1	A	rna-XM_056792993.1	A
rna-XM_057815605.1	A	rna-XM_056792996.1	A
rna-XM_057815557.1	A	rna-XM_056792995.1	A
rna-XM_057815558.1	A	rna-XM_056792990.1	A
rna-XM_057795366.1	A	rna-XM_056792987.1	A
rna-XM_057816205.1	A	rna-XM_056792315.1	A
rna-XM_057816204.1	A	rna-XM_056792314.1	A
rna-XM_057795408.1	A	rna-XM_056792986.1	A
rna-XM_057795399.1	A	rna-XM_056792984.1	A
rna-XM_057795402.1	A	rna-XM_056792368.1	A
rna-XM_057815878.1	A	rna-XM_056792859.1	A
rna-XM_057795411.1	A	rna-XM_056792590.1	A
rna-XM_057795409.1	A	rna-XM_056792279.1	A
rna-XM_057816854.1	A	rna-XM_056792687.1	A
rna-XM_057816845.1	A	rna-XM_056792683.1	A
rna-XM_057816636.1	A	rna-XM_056792796.1	A
rna-XM_057815616.1	A	rna-XM_056773825.1	A
rna-XM_057815618.1	A	rna-XM_056773826.1	A
rna-XM_057816136.1	A	rna-XM_056773823.1	A
rna-XM_057815791.1	A	rna-XM_056773942.1	A
rna-XM_057815796.1	A	rna-XM_056792353.1	A
rna-XM_057815792.1	A	rna-XM_056791988.1	A
rna-XM_057815801.1	A	rna-XM_056791991.1	A
rna-XM_057815794.1	A	rna-XM_056792085.1	A
rna-XM_057815800.1	A	rna-XM_056791990.1	A
rna-XM_057795207.1	A	rna-XM_056773763.1	A
rna-XM_057795208.1	A	rna-XM_056773764.1	A
rna-XM_057795205.1	A	rna-XM_056773759.1	A
rna-XM_057816698.1	A	rna-XM_056773761.1	A
rna-XM_057816541.1	A	rna-XM_056773762.1	A
rna-XM_057815700.1	A	rna-XM_056773756.1	A
rna-XM_057815859.1	A	rna-XM_056792381.1	A
rna-XM_057815960.1	A	rna-XM_056773941.1	A
rna-XM_057815536.1	A	rna-XM_056792837.1	A
rna-XM_057815541.1	A	rna-XM_056792839.1	A
rna-XM_057815879.1	A	rna-XM_056773938.1	A
rna-XM_057816285.1	A	rna-XM_056793125.1	A
rna-XM_057816292.1	A	rna-XM_056793129.1	A
rna-XM_057815835.1	A	rna-XM_056773986.1	A
rna-XM_057815836.1	A	rna-XM_056773988.1	A
rna-XM_057815837.1	A	rna-XM_056773992.1	A
rna-XM_057816647.1	A	rna-XM_056773989.1	A
rna-XM_057816649.1	A	rna-XM_056773991.1	A
rna-XM_057815922.1	A	rna-XM_056773599.1	A
rna-XM_057815921.1	A	rna-XM_056773598.1	A
rna-XM_057815918.1	A	rna-XM_056773594.1	A
rna-XM_057815919.1	A	rna-XM_056773596.1	A
rna-XM_057815923.1	A	rna-XM_056774147.1	A
rna-XM_057815925.1	A	rna-XM_056774144.1	A
rna-XM_057815926.1	A	rna-XM_056774145.1	A
rna-XM_057816682.1	A	rna-XM_056774143.1	A
rna-XM_057815881.1	A	rna-XM_056773937.1	A
rna-XM_057815252.1	A	rna-XM_056792967.1	A
rna-XM_057815260.1	A	rna-XM_056792966.1	A
rna-XM_057795466.1	A	rna-XM_056773688.1	A
rna-XM_057795467.1	A	rna-XM_056773685.1	A
rna-XM_057795463.1	A	rna-XM_056773683.1	A
rna-XM_057795465.1	A	rna-XM_056773682.1	A
rna-XM_057815807.1	A	rna-XM_056773674.1	A
rna-XM_057815826.1	A	rna-XM_056792825.1	A
rna-XM_057816266.1	A	rna-XM_056793012.1	A
rna-XM_057816267.1	A	rna-XM_056793014.1	A
rna-XM_057816272.1	A	rna-XM_056793013.1	A
rna-XM_057816475.1	A	rna-XM_056792953.1	A
rna-XM_057816474.1	A	rna-XM_056792952.1	A
rna-XM_057816479.1	A	rna-XM_056792269.1	A
rna-XM_057816477.1	A	rna-XM_056792267.1	A
rna-XM_057816478.1	A	rna-XM_056792268.1	A
rna-XM_057816481.1	A	rna-XM_056792263.1	A
rna-XM_057816484.1	A	rna-XM_056792265.1	A
rna-XM_057816486.1	A	rna-XM_056792262.1	A
rna-XM_057816485.1	A	rna-XM_056792260.1	A
rna-XM_057816487.1	A	rna-XM_056792261.1	A
rna-XM_057816488.1	A	rna-XM_056792259.1	A
rna-XM_057816489.1	A	rna-XM_056791992.1	A
rna-XM_057816490.1	A	rna-XM_056791997.1	A
rna-XM_057815611.1	A	rna-XM_056791995.1	A
rna-XM_057794886.1	A	rna-XM_056792489.1	A
rna-XM_057794885.1	A	rna-XM_056792488.1	A
rna-XM_057794887.1	A	rna-XM_056791933.1	A
rna-XM_057815851.1	A	rna-XM_056792917.1	A
rna-XM_057815884.1	A	rna-XM_056773936.1	A
rna-XM_057815877.1	A	rna-XM_056792920.1	A
rna-XM_057816513.1	A	rna-XM_056793004.1	A
rna-XM_057816545.1	A	rna-XM_056773740.1	A
rna-XM_057816548.1	A	rna-XM_056793102.1	A
rna-XM_057816550.1	A	rna-XM_056793103.1	A
rna-XM_057816551.1	A	rna-XM_056792464.1	A
rna-XM_057816566.1	A	rna-XM_056792462.1	A
rna-XM_057816567.1	A	rna-XM_056792461.1	A
rna-XM_057816568.1	A	rna-XM_056792450.1	A
rna-XM_057816577.1	A	rna-XM_056792456.1	A
rna-XM_057816570.1	A	rna-XM_056792452.1	A
rna-XM_057816578.1	A	rna-XM_056792457.1	A
rna-XM_057816569.1	A	rna-XM_056792455.1	A
rna-XM_057816592.1	A	rna-XM_056792449.1	A
rna-XM_057816590.1	A	rna-XM_056792448.1	A
rna-XM_057816588.1	A	rna-XM_056792446.1	A
rna-XM_057816589.1	A	rna-XM_056792447.1	A
rna-XM_057816583.1	A	rna-XM_056792441.1	A
rna-XM_057816595.1	A	rna-XM_056792440.1	A
rna-XM_057816593.1	A	rna-XM_056792438.1	A
rna-XM_057816596.1	A	rna-XM_056792436.1	A
rna-XM_057816600.1	A	rna-XM_056792435.1	A
rna-XM_057816632.1	A	rna-XM_056792430.1	A
rna-XM_057816624.1	A	rna-XM_056792428.1	A
rna-XM_057816626.1	A	rna-XM_056792426.1	A
rna-XM_057815886.1	A	rna-XM_056773935.1	A
rna-XM_057816621.1	A	rna-XM_056792424.1	A
rna-XM_057816628.1	A	rna-XM_056792423.1	A
rna-XM_057816630.1	A	rna-XM_056792422.1	A
rna-XM_057816629.1	A	rna-XM_056792421.1	A
rna-XM_057816603.1	A	rna-XM_056792408.1	A
rna-XM_057816138.1	A	rna-XM_056793083.1	A
rna-XM_057816141.1	A	rna-XM_056793085.1	A
rna-XM_057795209.1	A	rna-XM_056793078.1	A
rna-XM_057795211.1	A	rna-XM_056793082.1	A
rna-XM_057795216.1	A	rna-XM_056793081.1	A
rna-XM_057815889.1	A	rna-XM_056793079.1	A
rna-XM_057816411.1	A	rna-XM_056793077.1	A
rna-XM_057816412.1	A	rna-XM_056773732.1	A
rna-XM_057816402.1	A	rna-XM_056773726.1	A
rna-XM_057816413.1	A	rna-XM_056773733.1	A
rna-XM_057816355.1	A	rna-XM_056773696.1	A
rna-XM_057815840.1	A	rna-XM_056792568.1	A
rna-XM_057816323.1	A	rna-XM_056792675.1	A
rna-XM_057815869.1	A	rna-XM_056774178.1	A
rna-XM_057794858.1	A	rna-XM_056792361.1	A
rna-XM_057794855.1	A	rna-XM_056791984.1	A
rna-XM_057794856.1	A	rna-XM_056791985.1	A
rna-XM_057794853.1	A	rna-XM_056791983.1	A
rna-XM_057794859.1	A	rna-XM_056791986.1	A
rna-XM_057816640.1	A	rna-XM_056793217.1	A
rna-XM_057795412.1	A	rna-XM_056773828.1	A
rna-XM_057795414.1	A	rna-XM_056773829.1	A
rna-XM_057795415.1	A	rna-XM_056773827.1	A
rna-XM_057816203.1	A	rna-XM_056792619.1	A
rna-XM_057815529.1	A	rna-XM_056792620.1	A
rna-XM_057815531.1	A	rna-XM_056792718.1	A
rna-XM_057815569.1	A	rna-XM_056792720.1	A
rna-XM_057815570.1	A	rna-XM_056792716.1	A
rna-XM_057815863.1	A	rna-XM_056792634.1	A
rna-XM_057816724.1	A	rna-XM_056792146.1	A
rna-XM_057816723.1	A	rna-XM_056792145.1	A
rna-XM_057816725.1	A	rna-XM_056792909.1	A
rna-XM_057816727.1	A	rna-XM_056792638.1	A
rna-XM_057816729.1	A	rna-XM_056792161.1	A
rna-XM_057816728.1	A	rna-XM_056792156.1	A
rna-XM_057815992.1	A	rna-XM_056792163.1	A
rna-XM_057815860.1	A	rna-XM_056792155.1	A
rna-XM_057815892.1	A	rna-XM_056773934.1	A
rna-XM_057815738.1	A	rna-XM_056773933.1	A
rna-XM_057815895.1	A	rna-XM_056773931.1	A
rna-XM_057815900.1	A	rna-XM_056773930.1	A
rna-XM_057816257.1	A	rna-XM_056773929.1	A
rna-XM_057815902.1	A	rna-XM_056773928.1	A
rna-XM_057795239.1	A	rna-XM_056792153.1	A
rna-XM_057795252.1	A	rna-XM_056792158.1	A
rna-XM_057795267.1	A	rna-XM_056792164.1	A
rna-XM_057795259.1	A	rna-XM_056792162.1	A
rna-XM_057795257.1	A	rna-XM_056792160.1	A
rna-XM_057795247.1	A	rna-XM_056792154.1	A
rna-XM_057795255.1	A	rna-XM_056792159.1	A
rna-XM_057795260.1	A	rna-XM_056792593.1	A
rna-XM_057795265.1	A	rna-XM_056792595.1	A
rna-XM_057795243.1	A	rna-XM_056792591.1	A
rna-XM_057795240.1	A	rna-XM_056792849.1	A
rna-XM_057795263.1	A	rna-XM_056792850.1	A
rna-XM_057795264.1	A	rna-XM_056792851.1	A
rna-XM_057795246.1	A	rna-XM_056774162.1	A
rna-XM_057795254.1	A	rna-XM_056774163.1	A
rna-XM_057795230.1	A	rna-XM_056793195.1	A
rna-XM_057795241.1	A	rna-XM_056793186.1	A
rna-XM_057795248.1	A	rna-XM_056793192.1	A
rna-XM_057795251.1	A	rna-XM_056793193.1	A
rna-XM_057795256.1	A	rna-XM_056793194.1	A
rna-XM_057795249.1	A	rna-XM_056793185.1	A
rna-XM_057795270.1	A	rna-XM_056793184.1	A
rna-XM_057795180.1	A	rna-XM_056793183.1	A
rna-XM_057795181.1	A	rna-XM_056793168.1	A
rna-XM_057795187.1	A	rna-XM_056793179.1	A
rna-XM_057795185.1	A	rna-XM_056793171.1	A
rna-XM_057795086.1	A	rna-XM_056793175.1	A
rna-XM_057795083.1	A	rna-XM_056793169.1	A
rna-XM_057795082.1	A	rna-XM_056793166.1	A
rna-XM_057795088.1	A	rna-XM_056793181.1	A
rna-XM_057816522.1	A	rna-XM_056793165.1	A
rna-XM_057816517.1	A	rna-XM_056793160.1	A
rna-XM_057816519.1	A	rna-XM_056793161.1	A
rna-XM_057816515.1	A	rna-XM_056793159.1	A
rna-XM_057816521.1	A	rna-XM_056793162.1	A
rna-XM_057816525.1	A	rna-XM_056793163.1	A
rna-XM_057816523.1	A	rna-XM_056793158.1	A
rna-XM_057816526.1	A	rna-XM_056793155.1	A
rna-XM_057816527.1	A	rna-XM_056793156.1	A
rna-XM_057816528.1	A	rna-XM_056793153.1	A
rna-XM_057816529.1	A	rna-XM_056793154.1	A
rna-XM_057816245.1	A	rna-XM_056793150.1	A
rna-XM_057816170.1	A	rna-XM_056793147.1	A
rna-XM_057815903.1	A	rna-XM_056773927.1	A
rna-XM_057816664.1	A	rna-XM_056793146.1	A
rna-XM_057816665.1	A	rna-XM_056793142.1	A
rna-XM_057816662.1	A	rna-XM_056793141.1	A
rna-XM_057815371.1	A	rna-XM_056792346.1	A
rna-XM_057815379.1	A	rna-XM_056792608.1	A
rna-XM_057815383.1	A	rna-XM_056792604.1	A
rna-XM_057816317.1	A	rna-XM_056793244.1	A
rna-XM_057816263.1	A	rna-XM_056793062.1	A
rna-XM_057816314.1	A	rna-XM_056792963.1	A
rna-XM_057795177.1	A	rna-XM_056792495.1	A
rna-XM_057795175.1	A	rna-XM_056773748.1	A
rna-XM_057815745.1	A	rna-XM_056773746.1	A
rna-XM_057816421.1	A	rna-XM_056773745.1	A
rna-XM_057816812.1	A	rna-XM_056773743.1	A
rna-XM_057815690.1	A	rna-XM_056773742.1	A
rna-XM_057815691.1	A	rna-XM_056792565.1	A
rna-XM_057815692.1	A	rna-XM_056792562.1	A
rna-XM_057815962.1	A	rna-XM_056773924.1	A
rna-XM_057815789.1	A	rna-XM_056792715.1	A
rna-XM_057815787.1	A	rna-XM_056792714.1	A
rna-XM_057815788.1	A	rna-XM_056773923.1	A
rna-XM_057815761.1	A	rna-XM_056792481.1	A
rna-XM_057816201.1	A	rna-XM_056792480.1	A
rna-XM_057816135.1	A	rna-XM_056773922.1	A
rna-XM_057816493.1	A	rna-XM_056792891.1	A
rna-XM_057815559.1	A	rna-XM_056793040.1	A
rna-XM_057815970.1	A	rna-XM_056793054.1	A
rna-XM_057815914.1	A	rna-XM_056773921.1	A
rna-XM_057815915.1	A	rna-XM_056773920.1	A
rna-XM_057816658.1	A	rna-XM_056793045.1	A
rna-XM_057815748.1	A	rna-XM_056793052.1	A
rna-XM_057816259.1	A	rna-XM_056793035.1	A
rna-XM_057815595.1	A	rna-XM_056793055.1	A
rna-XM_057815564.1	A	rna-XM_056793046.1	A
rna-XM_057815565.1	A	rna-XM_056793049.1	A
rna-XM_057815566.1	A	rna-XM_056793220.1	A
rna-XM_057816274.1	A	rna-XM_056773917.1	A
rna-XM_057815954.1	A	rna-XM_056792600.1	A
rna-XM_057815615.1	A	rna-XM_056793223.1	A
rna-XM_057815598.1	A	rna-XM_056792382.1	A
rna-XM_057815983.1	A	rna-XM_056792664.1	A
rna-XM_057815941.1	A	rna-XM_056793021.1	A
rna-XM_057815929.1	A	rna-XM_056773915.1	A
rna-XM_057815770.1	A	rna-XM_056773914.1	A
rna-XM_057815834.1	A	rna-XM_056774249.1	A
rna-XM_057815589.1	A	rna-XM_056774248.1	A
rna-XM_057816470.1	A	rna-XM_056793201.1	A
rna-XM_057816467.1	A	rna-XM_056793199.1	A
rna-XM_057816275.1	A	rna-XM_056792929.1	A
rna-XM_057816281.1	A	rna-XM_056792932.1	A
rna-XM_057795356.1	A	rna-XM_056792202.1	A
rna-XM_057815553.1	A	rna-XM_056792207.1	A
rna-XM_057815552.1	A	rna-XM_056773775.1	A
rna-XM_057794894.1	A	rna-XM_056773769.1	A
rna-XM_057794899.1	A	rna-XM_056773776.1	A
rna-XM_057794897.1	A	rna-XM_056773766.1	A
rna-XM_057794898.1	A	rna-XM_056773767.1	A
rna-XM_057816158.1	A	rna-XM_056791979.1	A
rna-XM_057816160.1	A	rna-XM_056791981.1	A
rna-XM_057816161.1	A	rna-XM_056791982.1	A
rna-XM_057816156.1	A	rna-XM_056791977.1	A
rna-XM_057816473.1	A	rna-XM_056792744.1	A
rna-XM_057816472.1	A	rna-XM_056792743.1	A
rna-XM_057816471.1	A	rna-XM_056792742.1	A
rna-XM_057815583.1	A	rna-XM_056792857.1	A
rna-XM_057815388.1	A	rna-XM_056792141.1	A
rna-XM_057815394.1	A	rna-XM_056774088.1	A
rna-XM_057815395.1	A	rna-XM_056774090.1	A
rna-XM_057815397.1	A	rna-XM_056774091.1	A
rna-XM_057815396.1	A	rna-XM_056774089.1	A
rna-XM_057795293.1	A	rna-XM_056774087.1	A
rna-XM_057795295.1	A	rna-XM_056792766.1	A
rna-XM_057815580.1	A	rna-XM_056773693.1	A
rna-XM_057815579.1	A	rna-XM_056773691.1	A
rna-XM_057815582.1	A	rna-XM_056792250.1	A
rna-XM_057795228.1	A	rna-XM_056792968.1	A
rna-XM_057815606.1	A	rna-XM_056792008.1	A
rna-XM_057815561.1	A	rna-XM_056792700.1	A
rna-XM_057815760.1	A	rna-XM_056773694.1	A
rna-XM_057815943.1	A	rna-XM_056773912.1	A
rna-XM_057795009.1	A	rna-XM_056792374.1	A
rna-XM_057795038.1	A	rna-XM_056792246.1	A
rna-XM_057795023.1	A	rna-XM_056792240.1	A
rna-XM_057795058.1	A	rna-XM_056773820.1	A
rna-XM_057795036.1	A	rna-XM_056792546.1	A
rna-XM_057795021.1	A	rna-XM_056792172.1	A
rna-XM_057795047.1	A	rna-XM_056792506.1	A
rna-XM_057795000.1	A	rna-XM_056774133.1	A
rna-XM_057795044.1	A	rna-XM_056774140.1	A
rna-XM_057795042.1	A	rna-XM_056793226.1	A
rna-XM_057795053.1	A	rna-XM_056792739.1	A
rna-XM_057795049.1	A	rna-XM_056792737.1	A
rna-XM_057795019.1	A	rna-XM_056792359.1	A
rna-XM_057795045.1	A	rna-XM_056792478.1	A
rna-XM_057795055.1	A	rna-XM_056773822.1	A
rna-XM_057795048.1	A	rna-XM_056773821.1	A
rna-XM_057795051.1	A	rna-XM_056773819.1	A
rna-XM_057795060.1	A	rna-XM_056793119.1	A
rna-XM_057795063.1	A	rna-XM_056774177.1	A
rna-XM_057795064.1	A	rna-XM_056792239.1	A
rna-XM_057795066.1	A	rna-XM_056773908.1	A
rna-XM_057795065.1	A	rna-XM_056773907.1	A
rna-XM_057815945.1	A	rna-XM_056773906.1	A
rna-XM_057795067.1	A	rna-XM_056792258.1	A
rna-XM_057795070.1	A	rna-XM_056792983.1	A
rna-XM_057816283.1	A	rna-XM_056792597.1	A
rna-XM_057816301.1	A	rna-XM_056792781.1	A
rna-XM_057816304.1	A	rna-XM_056773997.1	A
rna-XM_057816305.1	A	rna-XM_056773998.1	A
rna-XM_057795394.1	A	rna-XM_056773574.1	A
rna-XM_057795398.1	A	rna-XM_056792962.1	A
rna-XM_057815107.1	A	rna-XM_056792958.1	A
rna-XM_057815621.1	A	rna-XM_056792960.1	A
rna-XM_057815620.1	A	rna-XM_056792955.1	A
rna-XM_057815625.1	A	rna-XM_056792223.1	A
rna-XM_057815955.1	A	rna-XM_056792831.1	A
rna-XM_057815629.1	A	rna-XM_056773549.1	A
rna-XM_057815634.1	A	rna-XM_056773751.1	A
rna-XM_057815642.1	A	rna-XM_056773755.1	A
rna-XM_057815641.1	A	rna-XM_056773754.1	A
rna-XM_057815643.1	A	rna-XM_056792317.1	A
rna-XM_057816133.1	A	rna-XM_056792318.1	A
rna-XM_057816233.1	A	rna-XM_056793210.1	A
rna-XM_057816349.1	A	rna-XM_056792551.1	A
rna-XM_057816351.1	A	rna-XM_056792549.1	A
rna-XM_057815593.1	A	rna-XM_056792561.1	A
rna-XM_057815590.1	A	rna-XM_056792560.1	A
rna-XM_057815430.1	A	rna-XM_056792875.1	A
rna-XM_057815423.1	A	rna-XM_056792758.1	A
rna-XM_057815421.1	A	rna-XM_056792757.1	A
rna-XM_057816166.1	A	rna-XM_056792754.1	A
rna-XM_057815984.1	A	rna-XM_056792751.1	A
rna-XM_057816491.1	A	rna-XM_056792661.1	A
rna-XM_057816217.1	A	rna-XM_056792864.1	A
rna-XM_057816226.1	A	rna-XM_056792867.1	A
rna-XM_057816223.1	A	rna-XM_056792865.1	A
rna-XM_057815573.1	A	rna-XM_056792111.1	A
rna-XM_057815563.1	A	rna-XM_056791956.1	A
rna-XM_057815866.1	A	rna-XM_056791954.1	A
rna-XM_057815868.1	A	rna-XM_056791953.1	A
rna-XM_057815867.1	A	rna-XM_056791950.1	A
rna-XM_057816807.1	A	rna-XM_056791952.1	A
rna-XM_057815739.1	A	rna-XM_056792208.1	A
rna-XM_057815658.1	A	rna-XM_056792496.1	A
rna-XM_057815654.1	A	rna-XM_056792329.1	A
rna-XM_057815665.1	A	rna-XM_056792330.1	A
rna-XM_057815655.1	A	rna-XM_056792327.1	A
rna-XM_057816645.1	A	rna-XM_056792509.1	A
rna-XM_057816294.1	A	rna-XM_056792817.1	A
rna-XM_057816298.1	A	rna-XM_056792294.1	A
rna-XM_057815542.1	A	rna-XM_056773904.1	A
rna-XM_057815546.1	A	rna-XM_056792289.1	A
rna-XM_057815819.1	A	rna-XM_056792635.1	A
rna-XM_057815820.1	A	rna-XM_056792323.1	A
rna-XM_057815865.1	A	rna-XM_056792182.1	A
rna-XM_057816834.1	A	rna-XM_056792174.1	A
rna-XM_057816839.1	A	rna-XM_056792181.1	A
rna-XM_057816840.1	A	rna-XM_056792180.1	A
rna-XM_057816842.1	A	rna-XM_056774231.1	A
rna-XM_057815827.1	A	rna-XM_056792352.1	A
rna-XM_057816646.1	A	rna-XM_056773673.1	A
rna-XM_057815982.1	A	rna-XM_056773897.1	A
rna-XM_057816498.1	A	rna-XM_056773900.1	A
rna-XM_057815985.1	A	rna-XM_056773899.1	A
rna-XM_057815986.1	A	rna-XM_056786856.1	A
rna-XM_057816243.1	A	rna-XM_056792708.1	A
rna-XM_057815817.1	A	rna-XM_056792915.1	A
rna-XM_057816307.1	A	rna-XM_056792911.1	A
rna-XM_057816102.1	A	rna-XM_056773898.1	A
rna-XM_057794904.1	A	rna-XM_056792566.1	A
rna-XM_057794905.1	A	rna-XM_056793138.1	A
rna-XM_057794906.1	A	rna-XM_056792210.1	A
rna-XM_057794908.1	A	rna-XM_056792474.1	A
rna-XM_057794910.1	A	rna-XM_056792477.1	A
rna-XM_057794917.1	A	rna-XM_056774002.1	A
rna-XM_057816001.1	A	rna-XM_056789115.1	X
rna-XM_057794918.1	A	rna-XM_056774010.1	A
rna-XM_057794922.1	A	rna-XM_056774001.1	A
rna-XM_057794928.1	A	rna-XM_056792855.1	A
rna-XM_057794926.1	A	rna-XM_056773943.1	A
rna-XM_057794934.1	A	rna-XM_056773944.1	A
rna-XM_057816122.1	A	rna-XM_056781691.1	A
rna-XM_057794924.1	A	rna-XM_056792804.1	A
rna-XM_057794977.1	A	rna-XM_056773807.1	A
rna-XM_057794966.1	A	rna-XM_056773806.1	A
rna-XM_057794967.1	A	rna-XM_056773802.1	A
rna-XM_057794939.1	A	rna-XM_056773800.1	A
rna-XM_057794938.1	A	rna-XM_056792614.1	A
rna-XM_057794952.1	A	rna-XM_056793232.1	A
rna-XM_057794963.1	A	rna-XM_056792598.1	A
rna-XM_057794970.1	A	rna-XM_056793100.1	A
rna-XM_057794972.1	A	rna-XM_056773587.1	A
rna-XM_057794965.1	A	rna-XM_056792571.1	A
rna-XM_057794975.1	A	rna-XM_056792573.1	A
rna-XM_057794960.1	A	rna-XM_056792574.1	A
rna-XM_057794979.1	A	rna-XM_056792577.1	A
rna-XM_057794968.1	A	rna-XM_056774086.1	A
rna-XM_057794978.1	A	rna-XM_056773976.1	A
rna-XM_057794932.1	A	rna-XM_056773975.1	A
rna-XM_057816148.1	A	rna-XM_056792678.1	A
rna-XM_057794959.1	A	rna-XM_056792694.1	A
rna-XM_057794936.1	A	rna-XM_056793136.1	A
rna-XM_057794925.1	A	rna-XM_056792860.1	A
rna-XM_057794933.1	A	rna-XM_056792861.1	A
rna-XM_057794962.1	A	rna-XM_056792482.1	A
rna-XM_057794974.1	A	rna-XM_056792483.1	A
rna-XM_057794942.1	A	rna-XM_056792695.1	A
rna-XM_057816149.1	A	rna-XM_056792697.1	A
rna-XM_057816284.1	A	rna-XM_056793027.1	A
rna-XM_057816633.1	A	rna-XM_056773590.1	A
rna-XM_057815845.1	A	rna-XM_056793252.1	A
rna-XM_057794992.1	A	rna-XM_056773545.1	A
rna-XM_057794997.1	A	rna-XM_056773547.1	A
rna-XM_057816450.1	A	rna-XM_056792870.1	A
rna-XM_057816452.1	A	rna-XM_056792702.1	A
rna-XM_057815913.1	A	rna-XM_056792843.1	A
rna-XM_057816293.1	A	rna-XM_056792348.1	A
rna-XM_057815875.1	A	rna-XM_056792704.1	A
rna-XM_057816339.1	A	rna-XM_056792350.1	A
rna-XM_057816111.1	A	rna-XM_056792558.1	A
rna-XM_057816112.1	A	rna-XM_056792559.1	A
rna-XM_057816444.1	A	rna-XM_056792331.1	A
rna-XM_057815873.1	A	rna-XM_056792341.1	A
rna-XM_057815872.1	A	rna-XM_056792335.1	A
rna-XM_057815874.1	A	rna-XM_056792384.1	A
rna-XM_057815594.1	A	rna-XM_056792342.1	A
rna-XM_057816150.1	A	rna-XM_056792333.1	A
rna-XM_057816153.1	A	rna-XM_056792334.1	A
rna-XM_057816154.1	A	rna-XM_056792709.1	A
rna-XM_057815555.1	A	rna-XM_056792337.1	A
rna-XM_057816802.1	A	rna-XM_056792343.1	A
rna-XM_057815774.1	A	rna-XM_056792344.1	A
rna-XM_057816162.1	A	rna-XM_056792713.1	A
rna-XM_057816212.1	A	rna-XM_056792338.1	A
rna-XM_057815843.1	A	rna-XM_056792340.1	A
rna-XM_057815916.1	A	rna-XM_056792345.1	A
rna-XM_057816191.1	A	rna-XM_056792515.1	A
rna-XM_057816334.1	A	rna-XM_056792017.1	A
rna-XM_057816167.1	A	rna-XM_056780870.1	A
rna-XM_057816331.1	A	rna-XM_056792018.1	A
rna-XM_057816324.1	A	rna-XM_056792021.1	A
rna-XM_057816325.1	A	rna-XM_056792022.1	A
rna-XM_057816326.1	A	rna-XM_056792023.1	A
rna-XM_057816333.1	A	rna-XM_056792032.1	A
rna-XM_057816330.1	A	rna-XM_056792729.1	A
rna-XM_057816337.1	A	rna-XM_056792036.1	A
rna-XM_057816338.1	A	rna-XM_056792035.1	A
rna-XM_057816169.1	A	rna-XM_056792511.1	A
rna-XM_057815361.1	A	rna-XM_056792514.1	A
rna-XM_057815887.1	A	rna-XM_056792611.1	A
rna-XM_057815897.1	A	rna-XM_056774737.1	A
rna-XM_057815899.1	A	rna-XM_056774739.1	A
rna-XM_057815898.1	A	rna-XM_056774738.1	A
rna-XM_057816497.1	A	rna-XM_056775512.1	A
rna-XM_057815596.1	A	rna-XM_056774896.1	A
rna-XM_057795370.1	A	rna-XM_056776331.1	A
rna-XM_057795372.1	A	rna-XM_056776334.1	A
rna-XM_057795376.1	A	rna-XM_056775345.1	A
rna-XM_057795377.1	A	rna-XM_056774784.1	A
rna-XM_057795383.1	A	rna-XM_056775355.1	A
rna-XM_057816035.1	A	rna-XM_056775199.1	A
rna-XM_057816039.1	A	rna-XM_056775513.1	A
rna-XM_057816033.1	A	rna-XM_056774691.1	A
rna-XM_057816041.1	A	rna-XM_056774693.1	A
rna-XM_057816042.1	A	rna-XM_056774306.1	A
rna-XM_057816098.1	A	rna-XM_056775660.1	A
rna-XM_057816099.1	A	rna-XM_056775514.1	A
rna-XM_057816101.1	A	rna-XM_056774876.1	A
rna-XM_057815987.1	A	rna-XM_056775515.1	A
rna-XM_057815901.1	A	rna-XM_056775247.1	A
rna-XM_057815825.1	A	rna-XM_056774333.1	A
rna-XM_057816258.1	A	rna-XM_056774335.1	A
rna-XM_057816650.1	A	rna-XM_056774336.1	A
rna-XM_057816651.1	A	rna-XM_056774339.1	A
rna-XM_057795416.1	A	rna-XM_056774342.1	A
rna-XM_057795417.1	A	rna-XM_056774341.1	A
rna-XM_057795418.1	A	rna-XM_056774344.1	A
rna-XM_057795419.1	A	rna-XM_056774343.1	A
rna-XM_057816826.1	A	rna-XM_056776226.1	A
rna-XM_057816228.1	A	rna-XM_056776228.1	A
rna-XM_057816825.1	A	rna-XM_056776229.1	A
rna-XM_057816827.1	A	rna-XM_056776230.1	A
rna-XM_057816816.1	A	rna-XM_056776227.1	A
rna-XM_057816815.1	A	rna-XM_056775898.1	A
rna-XM_057816828.1	A	rna-XM_056775900.1	A
rna-XM_057816820.1	A	rna-XM_056775899.1	A
rna-XM_057816818.1	A	rna-XM_056775903.1	A
rna-XM_057816829.1	A	rna-XM_056775905.1	A
rna-XM_057816831.1	A	rna-XM_056775531.1	A
rna-XM_057795154.1	A	rna-XM_056774742.1	A
rna-XM_057816694.1	A	rna-XM_056775241.1	A
rna-XM_057816695.1	A	rna-XM_056775242.1	A
rna-XM_057795155.1	A	rna-XM_056776098.1	A
rna-XM_057795158.1	A	rna-XM_056776101.1	A
rna-XM_057795160.1	A	rna-XM_056776103.1	A
rna-XM_057816229.1	A	rna-XM_056775517.1	A
rna-XM_057795173.1	A	rna-XM_056776114.1	A
rna-XM_057795174.1	A	rna-XM_056776102.1	A
rna-XM_057815883.1	A	rna-XM_056775197.1	A
rna-XM_057815842.1	A	rna-XM_056774969.1	A
rna-XM_057816231.1	A	rna-XM_056775520.1	A
rna-XM_057816417.1	A	rna-XM_056774348.1	A
rna-XM_057816144.1	A	rna-XM_056774349.1	A
rna-XM_057816496.1	A	rna-XM_056774347.1	A
rna-XM_057815813.1	A	rna-XM_056774282.1	A
rna-XM_057816124.1	A	rna-XM_056774275.1	A
rna-XM_057815706.1	A	rna-XM_056775521.1	A
rna-XM_057815708.1	A	rna-XM_056775035.1	A
rna-XM_057816321.1	A	rna-XM_056775170.1	A
rna-XM_057816416.1	A	rna-XM_056775004.1	A
rna-XM_057795275.1	A	rna-XM_056775006.1	A
rna-XM_057795271.1	A	rna-XM_056775001.1	A
rna-XM_057795280.1	A	rna-XM_056775008.1	A
rna-XM_057795281.1	A	rna-XM_056775010.1	A
rna-XM_057794860.1	A	rna-XM_056775011.1	A
rna-XM_057794900.1	A	rna-XM_056775911.1	A
rna-XM_057794901.1	A	rna-XM_056775913.1	A
rna-XM_057794902.1	A	rna-XM_056775915.1	A
rna-XM_057816113.1	A	rna-XM_056775916.1	A
rna-XM_057816199.1	A	rna-XM_056775283.1	A
rna-XM_057816200.1	A	rna-XM_056775284.1	A
rna-XM_057816806.1	A	rna-XM_056775276.1	A
rna-XM_057815699.1	A	rna-XM_056775277.1	A
rna-XM_057816533.1	A	rna-XM_056774733.1	A
rna-XM_057815609.1	A	rna-XM_056775413.1	A
rna-XM_057816419.1	A	rna-XM_056775414.1	A
rna-XM_057816418.1	A	rna-XM_056775522.1	A
rna-XM_057815947.1	A	rna-XM_056775124.1	A
rna-XM_057815951.1	A	rna-XM_056775129.1	A
rna-XM_057816671.1	A	rna-XM_056775126.1	A
rna-XM_057816672.1	A	rna-XM_056775127.1	A
rna-XM_057816675.1	A	rna-XM_056775523.1	A
rna-XM_057816242.1	A	rna-XM_056775525.1	A
rna-XM_057816676.1	A	rna-XM_056775132.1	A
rna-XM_057815988.1	A	rna-XM_056775134.1	A
rna-XM_057816721.1	A	rna-XM_056775130.1	A
rna-XM_057815599.1	A	rna-XM_056775363.1	A
rna-XM_057816878.1	A	rna-XM_056775629.1	A
rna-XM_057816883.1	A	rna-XM_056775632.1	A
rna-XM_057816882.1	A	rna-XM_056775631.1	A
rna-XM_057816884.1	A	rna-XM_056775633.1	A
rna-XM_057816891.1	A	rna-XM_056775640.1	A
rna-XM_057816892.1	A	rna-XM_056775610.1	A
rna-XM_057816250.1	A	rna-XM_056775659.1	A
rna-XM_057816118.1	A	rna-XM_056775368.1	A
rna-XM_057815400.1	A	rna-XM_056775245.1	A
rna-XM_057815411.1	A	rna-XM_056775526.1	A
rna-XM_057795075.1	A	rna-XM_056775888.1	A
rna-XM_057816507.1	A	rna-XM_056775889.1	A
rna-XM_057816687.1	A	rna-XM_056775894.1	A
rna-XM_057815956.1	A	rna-XM_056775895.1	A
rna-XM_057815768.1	A	rna-XM_056775896.1	A
rna-XM_057816704.1	A	rna-XM_056776278.1	A
rna-XM_057816717.1	A	rna-XM_056776292.1	A
rna-XM_057816719.1	A	rna-XM_056774746.1	A
rna-XM_057815751.1	A	rna-XM_056775183.1	A
rna-XM_057815822.1	A	rna-XM_056775527.1	A
rna-XM_057815775.1	A	rna-XM_056774897.1	A
rna-XM_057815907.1	A	rna-XM_056775333.1	A
rna-XM_057815415.1	A	rna-XM_056774822.1	A
rna-XM_057816247.1	A	rna-XM_056775528.1	A
rna-XM_057815736.1	A	rna-XM_056775026.1	A
rna-XM_057816803.1	A	rna-XM_056774844.1	A
rna-XM_057815971.1	A	rna-XM_056775529.1	A
rna-XM_057816342.1	A	rna-XM_056775426.1	A
rna-XM_057815347.1	A	rna-XM_056776155.1	A
rna-XM_057815356.1	A	rna-XM_056776156.1	A
rna-XM_057816660.1	A	rna-XM_056776157.1	A
rna-XM_057795117.1	A	rna-XM_056776158.1	A
rna-XM_057795119.1	A	rna-XM_056775661.1	A
rna-XM_057816115.1	A	rna-XM_056775666.1	A
rna-XM_057816921.1	A	rna-XM_056775667.1	A
rna-XM_057816922.1	A	rna-XM_056775668.1	A
rna-XM_057815752.1	A	rna-XM_056775669.1	A
rna-XM_057816151.1	A	rna-XM_056775672.1	A
rna-XM_057816688.1	A	rna-XM_056775674.1	A
rna-XM_057815727.1	A	rna-XM_056775676.1	A
rna-XM_057815725.1	A	rna-XM_056775677.1	A
rna-XM_057795178.1	A	rna-XM_056775678.1	A
rna-XM_057795179.1	A	rna-XM_056783561.1	A
rna-XM_057815894.1	A	rna-XM_056775679.1	A
rna-XM_057816656.1	A	rna-XM_056774854.1	A
rna-XM_057816657.1	A	rna-XM_056774852.1	A
rna-XM_057816193.1	A	rna-XM_056775352.1	A
rna-XM_057816196.1	A	rna-XM_056775353.1	A
rna-XM_057816652.1	A	rna-XM_056775658.1	A
rna-XM_057816801.1	A	rna-XM_056775234.1	A
rna-XM_057795221.1	A	rna-XM_056776231.1	A
rna-XM_057816004.1	A	rna-XM_056774726.1	A
rna-XM_057816008.1	A	rna-XM_056775095.1	A
rna-XM_057816010.1	A	rna-XM_056774756.1	A
rna-XM_057816924.1	A	rna-XM_056775534.1	A
rna-XM_057816011.1	A	rna-XM_056775278.1	A
rna-XM_057816012.1	A	rna-XM_056774986.1	A
rna-XM_057816014.1	A	rna-XM_056775874.1	A
rna-XM_057816027.1	A	rna-XM_056775879.1	A
rna-XM_057816028.1	A	rna-XM_056775881.1	A
rna-XM_057816029.1	A	rna-XM_056775882.1	A
rna-XM_057816030.1	A	rna-XM_056775883.1	A
rna-XM_057815597.1	A	rna-XM_056775150.1	A
rna-XM_057795363.1	A	rna-XM_056775317.1	A
rna-XM_057795361.1	A	rna-XM_056775375.1	A
rna-XM_057795360.1	A	rna-XM_056775287.1	A
rna-XM_057795222.1	A	rna-XM_056774766.1	A
rna-XM_057795223.1	A	rna-XM_056774781.1	A
rna-XM_057795224.1	A	rna-XM_056774783.1	A
rna-XM_057795226.1	A	rna-XM_056774464.1	A
rna-XM_057795225.1	A	rna-XM_056774463.1	A
rna-XM_057815940.1	A	rna-XM_056775141.1	A
rna-XM_057794879.1	A	rna-XM_056775709.1	A
rna-XM_057794884.1	A	rna-XM_056775711.1	A
rna-XM_057815750.1	A	rna-XM_056775714.1	A
rna-XM_057816512.1	A	rna-XM_056775713.1	A
rna-XM_057815588.1	A	rna-XM_056775654.1	A
rna-XM_057815767.1	A	rna-XM_056776144.1	A
rna-XM_057795128.1	A	rna-XM_056776140.1	A
rna-XM_057816926.1	A	rna-XM_056775537.1	A
rna-XM_057815780.1	A	rna-XM_056774928.1	A
rna-XM_057815815.1	A	rna-XM_056774851.1	A
rna-XM_057816318.1	A	rna-XM_056775031.1	A
rna-XM_057816920.1	A	rna-XM_056774290.1	A
rna-XM_057815999.1	A	rna-XM_056774292.1	A
rna-XM_057815993.1	A	rna-XM_056774291.1	A
rna-XM_057815917.1	A	rna-XM_056774298.1	A
rna-XM_057815693.1	A	rna-XM_056774299.1	A
rna-XM_057815526.1	A	rna-XM_056775016.1	A
rna-XM_057815905.1	A	rna-XM_056775723.1	A
rna-XM_057815527.1	A	rna-XM_056775228.1	A
rna-XM_057795098.1	A	rna-XM_056775539.1	A
rna-XM_057795099.1	A	rna-XM_056775266.1	A
rna-XM_057795103.1	A	rna-XM_056775268.1	A
rna-XM_057795107.1	A	rna-XM_056774753.1	A
rna-XM_057795203.1	A	rna-XM_056774950.1	A
rna-XM_057816209.1	A	rna-XM_056775697.1	A
rna-XM_057794982.1	A	rna-XM_056775706.1	A
rna-XM_057794987.1	A	rna-XM_056775405.1	A
rna-XM_057794983.1	A	rna-XM_056775401.1	A
rna-XM_057816114.1	A	rna-XM_056775399.1	A
rna-XM_057816927.1	A	rna-XM_056775398.1	A
rna-XM_057816928.1	A	rna-XM_056775540.1	A
rna-XM_057816810.1	A	rna-XM_056775657.1	A
rna-XM_057816732.1	A	rna-XM_056775229.1	A
rna-XM_057816735.1	A	rna-XM_056775231.1	A
rna-XM_057816736.1	A	rna-XM_056774794.1	A
rna-XM_057816737.1	A	rna-XM_056774795.1	A
rna-XM_057816739.1	A	rna-XM_056774932.1	A
rna-XM_057816741.1	A	rna-XM_056774946.1	A
rna-XM_057816742.1	A	rna-XM_056774834.1	A
rna-XM_057816743.1	A	rna-XM_056774465.1	A
rna-XM_057816745.1	A	rna-XM_056774468.1	A
rna-XM_057816747.1	A	rna-XM_056774748.1	A
rna-XM_057816929.1	A	rna-XM_056775541.1	A
rna-XM_057816748.1	A	rna-XM_056776330.1	A
rna-XM_057816749.1	A	rna-XM_056774749.1	A
rna-XM_057816750.1	A	rna-XM_056775122.1	A
rna-XM_057816753.1	A	rna-XM_056774430.1	A
rna-XM_057816755.1	A	rna-XM_056774432.1	A
rna-XM_057816756.1	A	rna-XM_056774434.1	A
rna-XM_057816759.1	A	rna-XM_056774847.1	A
rna-XM_057816760.1	A	rna-XM_056774921.1	A
rna-XM_057816761.1	A	rna-XM_056774922.1	A
rna-XM_057816762.1	A	rna-XM_056776234.1	A
rna-XM_057816764.1	A	rna-XM_056776233.1	A
rna-XM_057816767.1	A	rna-XM_056775119.1	A
rna-XM_057816771.1	A	rna-XM_056775542.1	A
rna-XM_057816770.1	A	rna-XM_056775332.1	A
rna-XM_057816772.1	A	rna-XM_056775715.1	A
rna-XM_057816783.1	A	rna-XM_056775208.1	A
rna-XM_057816785.1	A	rna-XM_056775380.1	A
rna-XM_057816786.1	A	rna-XM_056775114.1	A
rna-XM_057816788.1	A	rna-XM_056775282.1	A
rna-XM_057816930.1	A	rna-XM_056775544.1	A
rna-XM_057795390.1	A	rna-XM_056776030.1	A
rna-XM_057816686.1	A	rna-XM_056775425.1	A
rna-XM_057816696.1	A	rna-XM_056774947.1	A
rna-XM_057816931.1	A	rna-XM_056775545.1	A
rna-XM_057815689.1	A	rna-XM_056776214.1	A
rna-XM_057795443.1	A	rna-XM_056776197.1	A
rna-XM_057795462.1	A	rna-XM_056776213.1	A
rna-XM_057815858.1	A	rna-XM_056775025.1	A
rna-XM_057816248.1	A	rna-XM_056776277.1	A
rna-XM_057816249.1	A	rna-XM_056774902.1	A
rna-XM_057815129.1	A	rna-XM_056774999.1	A
rna-XM_057816494.1	A	rna-XM_056775316.1	A
rna-XM_057816189.1	A	rna-XM_056775207.1	A
rna-XM_057816185.1	A	rna-XM_056775204.1	A
rna-XM_057815171.1	A	rna-XM_056774510.1	A
rna-XM_057816811.1	A	rna-XM_056774835.1	A
rna-XM_057815880.1	A	rna-XM_056775546.1	A
rna-XM_057816181.1	A	rna-XM_056775136.1	A
rna-XM_057816171.1	A	rna-XM_056775135.1	A
rna-XM_057816175.1	A	rna-XM_056776313.1	A
rna-XM_057816184.1	A	rna-XM_056774426.1	A
rna-XM_057816182.1	A	rna-XM_056774428.1	A
rna-XM_057816173.1	A	rna-XM_056774427.1	A
rna-XM_057816180.1	A	rna-XM_056775322.1	A
rna-XM_057816174.1	A	rna-XM_056775304.1	A
rna-XM_057815742.1	A	rna-XM_056775305.1	A
rna-XM_057816540.1	A	rna-XM_056775707.1	A
rna-XM_057816492.1	A	rna-XM_056775547.1	A
rna-XM_057795132.1	A	rna-XM_056775598.1	A
rna-XM_057795135.1	A	rna-XM_056775620.1	A
rna-XM_057795141.1	A	rna-XM_056775624.1	A
rna-XM_057795140.1	A	rna-XM_056775623.1	A
rna-XM_057795137.1	A	rna-XM_056775622.1	A
rna-XM_057795136.1	A	rna-XM_056775621.1	A
rna-XM_057815721.1	A	rna-XM_056774892.1	A
rna-XM_057815722.1	A	rna-XM_056775548.1	A
rna-XM_057816458.1	A	rna-XM_056775550.1	A
rna-XM_057815728.1	A	rna-XM_056775424.1	A
rna-XM_057816456.1	A	rna-XM_056776161.1	A
rna-XM_057815528.1	A	rna-XM_056775350.1	A
rna-XM_057815697.1	A	rna-XM_056774520.1	A
rna-XM_057815696.1	A	rna-XM_056774519.1	A
rna-XM_057816933.1	A	rna-XM_056775552.1	A
rna-XM_057816678.1	A	rna-XM_056774261.1	A
rna-XM_057795297.1	A	rna-XM_056774260.1	A
rna-XM_057795296.1	A	rna-XM_056774257.1	A
rna-XM_057795299.1	A	rna-XM_056774259.1	A
rna-XM_057795300.1	A	rna-XM_056774929.1	A
rna-XM_057795305.1	A	rna-XM_056774755.1	A
rna-XM_057795308.1	A	rna-XM_056774480.1	A
rna-XM_057795306.1	A	rna-XM_056774481.1	A
rna-XM_057795309.1	A	rna-XM_056774484.1	A
rna-XM_057795310.1	A	rna-XM_056775785.1	A
rna-XM_057795311.1	A	rna-XM_056775786.1	A
rna-XM_057795312.1	A	rna-XM_056775788.1	A
rna-XM_057795313.1	A	rna-XM_056774917.1	A
rna-XM_057795315.1	A	rna-XM_056775554.1	A
rna-XM_057795316.1	A	rna-XM_056775555.1	A
rna-XM_057795318.1	A	rna-XM_056774450.1	A
rna-XM_057795320.1	A	rna-XM_056774449.1	A
rna-XM_057795319.1	A	rna-XM_056774448.1	A
rna-XM_057795321.1	A	rna-XM_056774972.1	A
rna-XM_057795322.1	A	rna-XM_056776115.1	A
rna-XM_057795344.1	A	rna-XM_056774346.1	A
rna-XM_057795343.1	A	rna-XM_056774345.1	A
rna-XM_057795348.1	A	rna-XM_056775614.1	A
rna-XM_057795347.1	A	rna-XM_056775613.1	A
rna-XM_057795350.1	A	rna-XM_056775030.1	A
rna-XM_057795352.1	A	rna-XM_056775137.1	A
rna-XM_057795355.1	A	rna-XM_056775215.1	A
rna-XM_057815953.1	A	rna-XM_056775252.1	A
rna-XM_057816142.1	A	rna-XM_056774367.1	A
rna-XM_057795091.1	A	rna-XM_056775908.1	A
rna-XM_057795093.1	A	rna-XM_056775909.1	A
rna-XM_057795089.1	A	rna-XM_056775906.1	A
rna-XM_057816936.1	A	rna-XM_056775556.1	A
rna-XM_057816300.1	A	rna-XM_056775395.1	A
rna-XM_057816299.1	A	rna-XM_056775394.1	A
rna-XM_057815247.1	A	rna-XM_056774707.1	A
rna-XM_057815251.1	A	rna-XM_056774708.1	A
rna-XM_057795437.1	A	rna-XM_056774858.1	A
rna-XM_057815964.1	A	rna-XM_056775110.1	A
rna-XM_057794849.1	A	rna-XM_056775868.1	A
rna-XM_057794852.1	A	rna-XM_056775873.1	A
rna-XM_057794866.1	A	rna-XM_056776321.1	A
rna-XM_057794862.1	A	rna-XM_056775186.1	A
rna-XM_057794870.1	A	rna-XM_056775188.1	A
rna-XM_057794869.1	A	rna-XM_056775187.1	A
rna-XM_057794868.1	A	rna-XM_056774452.1	A
rna-XM_057794872.1	A	rna-XM_056775683.1	A
rna-XM_057815785.1	A	rna-XM_056775684.1	A
rna-XM_057815784.1	A	rna-XM_056775682.1	A
rna-XM_057815755.1	A	rna-XM_056775688.1	A
rna-XM_057815957.1	A	rna-XM_056775225.1	A
rna-XM_057795126.1	A	rna-XM_056774849.1	A
rna-XM_057795127.1	A	rna-XM_056775558.1	A
rna-XM_057815002.1	A	rna-XM_056775223.1	A
rna-XM_057814990.1	A	rna-XM_056775221.1	A
rna-XM_057815949.1	A	rna-XM_056774537.1	A
rna-XM_057815948.1	A	rna-XM_056774536.1	A
rna-XM_057816937.1	A	rna-XM_056775559.1	A
rna-XM_057816814.1	A	rna-XM_056776239.1	A
rna-XM_057816108.1	A	rna-XM_056775560.1	A
rna-XM_057815764.1	A	rna-XM_056774953.1	A
rna-XM_057815149.1	A	rna-XM_056775397.1	A
rna-XM_057815150.1	A	rna-XM_056775396.1	A
rna-XM_057815166.1	A	rna-XM_056776150.1	A
rna-XM_057816905.1	A	rna-XM_056776152.1	A
rna-XM_057816902.1	A	rna-XM_056776151.1	A
rna-XM_057816907.1	A	rna-XM_056776154.1	A
rna-XM_057816901.1	A	rna-XM_056775865.1	A
rna-XM_057816893.1	A	rna-XM_056775860.1	A
rna-XM_057816904.1	A	rna-XM_056775866.1	A
rna-XM_057816895.1	A	rna-XM_056775863.1	A
rna-XM_057816900.1	A	rna-XM_056775864.1	A
rna-XM_057795289.1	A	rna-XM_056776162.1	A
rna-XM_057795288.1	A	rna-XM_056776164.1	A
rna-XM_057795292.1	A	rna-XM_056776163.1	A
rna-XM_057815523.1	A	rna-XM_056775151.1	A
rna-XM_057795389.1	A	rna-XM_056774998.1	A
rna-XM_057816939.1	A	rna-XM_056775561.1	A
rna-XM_057816447.1	A	rna-XM_056775378.1	A
rna-XM_057815576.1	A	rna-XM_056775562.1	A
rna-XM_057815270.1	A	rna-XM_056776165.1	A
rna-XM_057815338.1	A	rna-XM_056776175.1	A
rna-XM_057816353.1	A	rna-XM_056775563.1	A
rna-XM_057795142.1	A	rna-XM_056774797.1	A
rna-XM_057815217.1	A	rna-XM_056775302.1	A
rna-XM_057815232.1	A	rna-XM_056775265.1	A
rna-XM_057815239.1	A	rna-XM_056776240.1	A
rna-XM_057795429.1	A	rna-XM_056776242.1	A
rna-XM_057795430.1	A	rna-XM_056776247.1	A
rna-XM_057795434.1	A	rna-XM_056776244.1	A
rna-XM_057795435.1	A	rna-XM_056776246.1	A
rna-XM_057815556.1	A	rna-XM_056776249.1	A
rna-XM_057815610.1	A	rna-XM_056776042.1	A
rna-XM_057816919.1	A	rna-XM_056776046.1	A
rna-XM_057816918.1	A	rna-XM_056776043.1	A
rna-XM_057816909.1	A	rna-XM_056776038.1	A
rna-XM_057816912.1	A	rna-XM_056775293.1	A
rna-XM_057816316.1	A	rna-XM_056775354.1	A
rna-XM_057795439.1	A	rna-XM_056774524.1	A
rna-XM_057795442.1	A	rna-XM_056774527.1	A
rna-XM_057795440.1	A	rna-XM_056774526.1	A
rna-XM_057815870.1	A	rna-XM_056775100.1	A
rna-XM_057816808.1	A	rna-XM_056774469.1	A
rna-XM_057795080.1	A	rna-XM_056774470.1	A
rna-XM_057795077.1	A	rna-XM_056775079.1	A
rna-XM_057815562.1	A	rna-XM_056775435.1	A
rna-XM_057815972.1	A	rna-XM_056775388.1	A
rna-XM_057815472.1	A	rna-XM_056774413.1	A
rna-XM_057815473.1	A	rna-XM_056774414.1	A
rna-XM_057795111.1	A	rna-XM_056776306.1	A
rna-XM_057795112.1	A	rna-XM_056776307.1	A
rna-XM_057795113.1	A	rna-XM_056776308.1	A
rna-XM_057795115.1	A	rna-XM_056776312.1	A
rna-XM_057795116.1	A	rna-XM_056776310.1	A
rna-XM_057795110.1	A	rna-XM_056775145.1	A
rna-XM_057795108.1	A	rna-XM_056775048.1	A
rna-XM_057815942.1	A	rna-XM_056774955.1	A
rna-XM_057815720.1	A	rna-XM_056775566.1	A
rna-XM_057816457.1	A	rna-XM_056776293.1	A
rna-XM_057816940.1	A	rna-XM_056775567.1	A
rna-XM_057815737.1	A	rna-XM_056775568.1	A
rna-XM_057815644.1	A	rna-XM_056776294.1	A
rna-XM_057815646.1	A	rna-XM_056776295.1	A
rna-XM_057815650.1	A	rna-XM_056776297.1	A
rna-XM_057815645.1	A	rna-XM_056774760.1	A
rna-XM_057815833.1	A	rna-XM_056776029.1	A
rna-XM_057815831.1	A	rna-XM_056776028.1	A
rna-XM_057815829.1	A	rna-XM_056776027.1	A
rna-XM_057816641.1	A	rna-XM_056776090.1	A
rna-XM_057816643.1	A	rna-XM_056776092.1	A
rna-XM_057815888.1	A	rna-XM_056776094.1	A
rna-XM_057816731.1	A	rna-XM_056774741.1	A
rna-XM_057816730.1	A	rna-XM_056774740.1	A
rna-XM_057815818.1	A	rna-XM_056774846.1	A
rna-XM_057816143.1	A	rna-XM_056775373.1	A
rna-XM_057815857.1	A	rna-XM_056775121.1	A
rna-XM_057816255.1	A	rna-XM_056774732.1	A
rna-XM_057816254.1	A	rna-XM_056774850.1	A
rna-XM_057816253.1	A	rna-XM_056775434.1	A
rna-XM_057816414.1	A	rna-XM_056775645.1	A
rna-XM_057795391.1	A	rna-XM_056774436.1	A
rna-XM_057795392.1	A	rna-XM_056774437.1	A
rna-XM_057795282.1	A	rna-XM_056775699.1	A
rna-XM_057795287.1	A	rna-XM_056775704.1	A
rna-XM_057795284.1	A	rna-XM_056775701.1	A
rna-XM_057795285.1	A	rna-XM_056775702.1	A
rna-XM_057795286.1	A	rna-XM_056775703.1	A
rna-XM_057816867.1	A	rna-XM_056776302.1	A
rna-XM_057816866.1	A	rna-XM_056776300.1	A
rna-XM_057816941.1	A	rna-XM_056775224.1	A
rna-XM_057816424.1	A	rna-XM_056774365.1	A
rna-XM_057816422.1	A	rna-XM_056774362.1	A
rna-XM_057816432.1	A	rna-XM_056774988.1	A
rna-XM_057816440.1	A	rna-XM_056774961.1	A
rna-XM_057816441.1	A	rna-XM_056775652.1	A
rna-XM_057816442.1	A	rna-XM_056775653.1	A
rna-XM_057816443.1	A	rna-XM_056774987.1	A
rna-XM_057816428.1	A	rna-XM_056774787.1	A
rna-XM_057816439.1	A	rna-XM_056775569.1	A
rna-XM_057816434.1	A	rna-XM_056774788.1	A
rna-XM_057816427.1	A	rna-XM_056775419.1	A
rna-XM_057816429.1	A	rna-XM_056775420.1	A
rna-XM_057815896.1	A	rna-XM_056775162.1	A
rna-XM_057816460.1	A	rna-XM_056775655.1	A
rna-XM_057815885.1	A	rna-XM_056775246.1	A
rna-XM_057815508.1	A	rna-XM_056775306.1	A
rna-XM_057815518.1	A	rna-XM_056775310.1	A
rna-XM_057815510.1	A	rna-XM_056775307.1	A
rna-XM_057815519.1	A	rna-XM_056775311.1	A
rna-XM_057815521.1	A	rna-XM_056775312.1	A
rna-XM_057815503.1	A	rna-XM_056775313.1	A
rna-XM_057815497.1	A	rna-XM_056775017.1	A
rna-XM_057815509.1	A	rna-XM_056775024.1	A
rna-XM_057815502.1	A	rna-XM_056774956.1	A
rna-XM_057815516.1	A	rna-XM_056774958.1	A
rna-XM_057815517.1	A	rna-XM_056774960.1	A
rna-XM_057815514.1	A	rna-XM_056774918.1	A
rna-XM_057815522.1	A	rna-XM_056775216.1	A
rna-XM_057815513.1	A	rna-XM_056776083.1	A
rna-XM_057815520.1	A	rna-XM_056776089.1	A
rna-XM_057815504.1	A	rna-XM_056776080.1	A
rna-XM_057815511.1	A	rna-XM_056776087.1	A
rna-XM_057815485.1	A	rna-XM_056774925.1	A
rna-XM_057815856.1	A	rna-XM_056775571.1	A
rna-XM_057815200.1	A	rna-XM_056776303.1	A
rna-XM_057815214.1	A	rna-XM_056776305.1	A
rna-XM_057815210.1	A	rna-XM_056776304.1	A
rna-XM_057794847.1	A	rna-XM_056775573.1	A
rna-XM_057815790.1	A	rna-XM_056775238.1	A
rna-XM_057815746.1	A	rna-XM_056775220.1	A
rna-XM_057815747.1	A	rna-XM_056775574.1	A
rna-XM_057815694.1	A	rna-XM_056775575.1	A
rna-XM_057795198.1	A	rna-XM_056774992.1	A
rna-XM_057795196.1	A	rna-XM_056774331.1	A
rna-XM_057815436.1	A	rna-XM_056775576.1	A
rna-XM_057815437.1	A	rna-XM_056775582.1	A
rna-XM_057815462.1	A	rna-XM_056775577.1	A
rna-XM_057815452.1	A	rna-XM_056776130.1	A
rna-XM_057815454.1	A	rna-XM_056776137.1	A
rna-XM_057815453.1	A	rna-XM_056776136.1	A
rna-XM_057815461.1	A	rna-XM_056776139.1	A
rna-XM_057815464.1	A	rna-XM_056775578.1	A
rna-XM_057815450.1	A	rna-XM_056776134.1	A
rna-XM_057815446.1	A	rna-XM_056776133.1	A
rna-XM_057815455.1	A	rna-XM_056775323.1	A
rna-XM_057815458.1	A	rna-XM_056775328.1	A
rna-XM_057815442.1	A	rna-XM_056774745.1	A
rna-XM_057815448.1	A	rna-XM_056775579.1	A
rna-XM_057815451.1	A	rna-XM_056775581.1	A
rna-XM_057815444.1	A	rna-XM_056774408.1	A
rna-XM_057815447.1	A	rna-XM_056775346.1	A
rna-XM_057815463.1	A	rna-XM_056775348.1	A
rna-XM_057815465.1	A	rna-XM_056775153.1	A
rna-XM_057815469.1	A	rna-XM_056775155.1	A
rna-XM_057815471.1	A	rna-XM_056775156.1	A
rna-XM_057816532.1	A	rna-XM_056775389.1	A
rna-XM_057816661.1	A	rna-XM_056774863.1	A
rna-XM_057816505.1	A	rna-XM_056774966.1	A
rna-XM_057815781.1	A	rna-XM_056775148.1	A
rna-XM_057815890.1	A	rna-XM_056775198.1	A
rna-XM_057816874.1	A	rna-XM_056774717.1	A
rna-XM_057816876.1	A	rna-XM_056774719.1	A
rna-XM_057816868.1	A	rna-XM_056774711.1	A
rna-XM_057816873.1	A	rna-XM_056774716.1	A
rna-XM_057816871.1	A	rna-XM_056774714.1	A
rna-XM_057816872.1	A	rna-XM_056774715.1	A
rna-XM_057816870.1	A	rna-XM_056774713.1	A
rna-XM_057815946.1	A	rna-XM_056774720.1	A
rna-XM_057795189.1	A	rna-XM_056774721.1	A
rna-XM_057816700.1	A	rna-XM_056774669.1	A
rna-XM_057816701.1	A	rna-XM_056775626.1	A
rna-XM_057816702.1	A	rna-XM_056775627.1	A
rna-XM_057796437.1	A	rna-XM_056779057.1	A
rna-XM_057796431.1	A	rna-XM_056779052.1	A
rna-XM_057796930.1	A	rna-XM_056779051.1	A
rna-XM_057796934.1	A	rna-XM_056779294.1	A
rna-XM_057796931.1	A	rna-XM_056779293.1	A
rna-XM_057795648.1	A	rna-XM_056779344.1	A
rna-XM_057795891.1	A	rna-XM_056779424.1	A
rna-XM_057795893.1	A	rna-XM_056779426.1	A
rna-XM_057796015.1	A	rna-XM_056778916.1	A
rna-XM_057796237.1	A	rna-XM_056780012.1	A
rna-XM_057796229.1	A	rna-XM_056779486.1	A
rna-XM_057796236.1	A	rna-XM_056779498.1	A
rna-XM_057796234.1	A	rna-XM_056779493.1	A
rna-XM_057795918.1	A	rna-XM_056778815.1	A
rna-XM_057795630.1	A	rna-XM_056778594.1	A
rna-XM_057795639.1	A	rna-XM_056778599.1	A
rna-XM_057795695.1	A	rna-XM_056778835.1	A
rna-XM_057795777.1	A	rna-XM_056779074.1	A
rna-XM_057796946.1	A	rna-XM_056779388.1	A
rna-XM_057796944.1	A	rna-XM_056778614.1	A
rna-XM_057796950.1	A	rna-XM_056778611.1	A
rna-XM_057796947.1	A	rna-XM_056778606.1	A
rna-XM_057796956.1	A	rna-XM_056779872.1	A
rna-XM_057796957.1	A	rna-XM_056779873.1	A
rna-XM_057796958.1	A	rna-XM_056779874.1	A
rna-XM_057796959.1	A	rna-XM_056779876.1	A
rna-XM_057796960.1	A	rna-XM_056779877.1	A
rna-XM_057796961.1	A	rna-XM_056780011.1	A
rna-XM_057796963.1	A	rna-XM_056779871.1	A
rna-XM_057796964.1	A	rna-XM_056779870.1	A
rna-XM_057796965.1	A	rna-XM_056779868.1	A
rna-XM_057796967.1	A	rna-XM_056779869.1	A
rna-XM_057796966.1	A	rna-XM_056779867.1	A
rna-XM_057796968.1	A	rna-XM_056779865.1	A
rna-XM_057796971.1	A	rna-XM_056779851.1	A
rna-XM_057796979.1	A	rna-XM_056779850.1	A
rna-XM_057796981.1	A	rna-XM_056779849.1	A
rna-XM_057796985.1	A	rna-XM_056780009.1	A
rna-XM_057796983.1	A	rna-XM_056779848.1	A
rna-XM_057796987.1	A	rna-XM_056779847.1	A
rna-XM_057796988.1	A	rna-XM_056779846.1	A
rna-XM_057796203.1	A	rna-XM_056779845.1	A
rna-XM_057796989.1	A	rna-XM_056778473.1	A
rna-XM_057796990.1	A	rna-XM_056778467.1	A
rna-XM_057796993.1	A	rna-XM_056780007.1	A
rna-XM_057796994.1	A	rna-XM_056778474.1	A
rna-XM_057796996.1	A	rna-XM_056778469.1	A
rna-XM_057796998.1	A	rna-XM_056778477.1	A
rna-XM_057796997.1	A	rna-XM_056778475.1	A
rna-XM_057797001.1	A	rna-XM_056778466.1	A
rna-XM_057797000.1	A	rna-XM_056780005.1	A
rna-XM_057797002.1	A	rna-XM_056778958.1	A
rna-XM_057797005.1	A	rna-XM_056778512.1	A
rna-XM_057797003.1	A	rna-XM_056778509.1	A
rna-XM_057797008.1	A	rna-XM_056779342.1	A
rna-XM_057797006.1	A	rna-XM_056779341.1	A
rna-XM_057797009.1	A	rna-XM_056779252.1	A
rna-XM_057797014.1	A	rna-XM_056778665.1	A
rna-XM_057797015.1	A	rna-XM_056778666.1	A
rna-XM_057797017.1	A	rna-XM_056779015.1	A
rna-XM_057797018.1	A	rna-XM_056778687.1	A
rna-XM_057797019.1	A	rna-XM_056778674.1	A
rna-XM_057797021.1	A	rna-XM_056779311.1	A
rna-XM_057797022.1	A	rna-XM_056779310.1	A
rna-XM_057797023.1	A	rna-XM_056779309.1	A
rna-XM_057797025.1	A	rna-XM_056779308.1	A
rna-XM_057797026.1	A	rna-XM_056778905.1	A
rna-XM_057797031.1	A	rna-XM_056780042.1	A
rna-XM_057797030.1	A	rna-XM_056780041.1	A
rna-XM_057797027.1	A	rna-XM_056780036.1	A
rna-XM_057797029.1	A	rna-XM_056780040.1	A
rna-XM_057797033.1	A	rna-XM_056778933.1	A
rna-XM_057797034.1	A	rna-XM_056779291.1	A
rna-XM_057797036.1	A	rna-XM_056779289.1	A
rna-XM_057797037.1	A	rna-XM_056779290.1	A
rna-XM_057797038.1	A	rna-XM_056779604.1	A
rna-XM_057797039.1	A	rna-XM_056779603.1	A
rna-XM_057797042.1	A	rna-XM_056779605.1	A
rna-XM_057797043.1	A	rna-XM_056779598.1	A
rna-XM_057797054.1	A	rna-XM_056779601.1	A
rna-XM_057797053.1	A	rna-XM_056779600.1	A
rna-XM_057797058.1	A	rna-XM_056778803.1	A
rna-XM_057797060.1	A	rna-XM_056778804.1	A
rna-XM_057796217.1	A	rna-XM_056780004.1	A
rna-XM_057797066.1	A	rna-XM_056779541.1	A
rna-XM_057797067.1	A	rna-XM_056779306.1	A
rna-XM_057797068.1	A	rna-XM_056779376.1	A
rna-XM_057797072.1	A	rna-XM_056778704.1	A
rna-XM_057797074.1	A	rna-XM_056778702.1	A
rna-XM_057797076.1	A	rna-XM_056778534.1	A
rna-XM_057797083.1	A	rna-XM_056778543.1	A
rna-XM_057797089.1	A	rna-XM_056778552.1	A
rna-XM_057797105.1	A	rna-XM_056779363.1	A
rna-XM_057797108.1	A	rna-XM_056778858.1	A
rna-XM_057797098.1	A	rna-XM_056779250.1	A
rna-XM_057797093.1	A	rna-XM_056779249.1	A
rna-XM_057796218.1	A	rna-XM_056780003.1	A
rna-XM_057797111.1	A	rna-XM_056779481.1	A
rna-XM_057797103.1	A	rna-XM_056778673.1	A
rna-XM_057797101.1	A	rna-XM_056778941.1	A
rna-XM_057797100.1	A	rna-XM_056778996.1	A
rna-XM_057797109.1	A	rna-XM_056779043.1	A
rna-XM_057797095.1	A	rna-XM_056778801.1	A
rna-XM_057797110.1	A	rna-XM_056779064.1	A
rna-XM_057797113.1	A	rna-XM_056780020.1	A
rna-XM_057797116.1	A	rna-XM_056780023.1	A
rna-XM_057797114.1	A	rna-XM_056780019.1	A
rna-XM_057797115.1	A	rna-XM_056780021.1	A
rna-XM_057796219.1	A	rna-XM_056780002.1	A
rna-XM_057796220.1	A	rna-XM_056780001.1	A
rna-XM_057797122.1	A	rna-XM_056779178.1	A
rna-XM_057797123.1	A	rna-XM_056779202.1	A
rna-XM_057797124.1	A	rna-XM_056778795.1	A
rna-XM_057797125.1	A	rna-XM_056778698.1	A
rna-XM_057797131.1	A	rna-XM_056779135.1	A
rna-XM_057797145.1	A	rna-XM_056778940.1	A
rna-XM_057797138.1	A	rna-XM_056779281.1	A
rna-XM_057797150.1	A	rna-XM_056779282.1	A
rna-XM_057797163.1	A	rna-XM_056778954.1	A
rna-XM_057797179.1	A	rna-XM_056779354.1	A
rna-XM_057797181.1	A	rna-XM_056778825.1	A
rna-XM_057797153.1	A	rna-XM_056778816.1	A
rna-XM_057797159.1	A	rna-XM_056779404.1	A
rna-XM_057797184.1	A	rna-XM_056779413.1	A
rna-XM_057797188.1	A	rna-XM_056779414.1	A
rna-XM_057797172.1	A	rna-XM_056779405.1	A
rna-XM_057797175.1	A	rna-XM_056779407.1	A
rna-XM_057797168.1	A	rna-XM_056779401.1	A
rna-XM_057797178.1	A	rna-XM_056779403.1	A
rna-XM_057797174.1	A	rna-XM_056779402.1	A
rna-XM_057797162.1	A	rna-XM_056779007.1	A
rna-XM_057797170.1	A	rna-XM_056778799.1	A
rna-XM_057797156.1	A	rna-XM_056778797.1	A
rna-XM_057797167.1	A	rna-XM_056779575.1	A
rna-XM_057797182.1	A	rna-XM_056778636.1	A
rna-XM_057797169.1	A	rna-XM_056778626.1	A
rna-XM_057797177.1	A	rna-XM_056778634.1	A
rna-XM_057797189.1	A	rna-XM_056778637.1	A
rna-XM_057797151.1	A	rna-XM_056780000.1	A
rna-XM_057797158.1	A	rna-XM_056778624.1	A
rna-XM_057797191.1	A	rna-XM_056778625.1	A
rna-XM_057797190.1	A	rna-XM_056778621.1	A
rna-XM_057797193.1	A	rna-XM_056778630.1	A
rna-XM_057795947.1	A	rna-XM_056778633.1	A
rna-XM_057795948.1	A	rna-XM_056778635.1	A
rna-XM_057795957.1	A	rna-XM_056778638.1	A
rna-XM_057795959.1	A	rna-XM_056778632.1	A
rna-XM_057795855.1	A	rna-XM_056779063.1	A
rna-XM_057796503.1	A	rna-XM_056778884.1	A
rna-XM_057795685.1	A	rna-XM_056778902.1	A
rna-XM_057795786.1	A	rna-XM_056778936.1	A
rna-XM_057795838.1	A	rna-XM_056779000.1	A
rna-XM_057795665.1	A	rna-XM_056779586.1	A
rna-XM_057795668.1	A	rna-XM_056779122.1	A
rna-XM_057796575.1	A	rna-XM_056779140.1	A
rna-XM_057796576.1	A	rna-XM_056779142.1	A
rna-XM_057796569.1	A	rna-XM_056779138.1	A
rna-XM_057796444.1	A	rna-XM_056779710.1	A
rna-XM_057796445.1	A	rna-XM_056779709.1	A
rna-XM_057796447.1	A	rna-XM_056778481.1	A
rna-XM_057796451.1	A	rna-XM_056778483.1	A
rna-XM_057795742.1	A	rna-XM_056778823.1	A
rna-XM_057795743.1	A	rna-XM_056778822.1	A
rna-XM_057796696.1	A	rna-XM_056779263.1	A
rna-XM_057796699.1	A	rna-XM_056778729.1	A
rna-XM_057796692.1	A	rna-XM_056779380.1	A
rna-XM_057796815.1	A	rna-XM_056778640.1	A
rna-XM_057796827.1	A	rna-XM_056778651.1	A
rna-XM_057796285.1	A	rna-XM_056779223.1	A
rna-XM_057796292.1	A	rna-XM_056779224.1	A
rna-XM_057796936.1	A	rna-XM_056778560.1	A
rna-XM_057796227.1	A	rna-XM_056779998.1	A
rna-XM_057795641.1	A	rna-XM_056778782.1	A
rna-XM_057796022.1	A	rna-XM_056779997.1	A
rna-XM_057796027.1	A	rna-XM_056778919.1	A
rna-XM_057795820.1	A	rna-XM_056779995.1	A
rna-XM_057796430.1	A	rna-XM_056779532.1	A
rna-XM_057795734.1	A	rna-XM_056778808.1	A
rna-XM_057795640.1	A	rna-XM_056778885.1	A
rna-XM_057796846.1	A	rna-XM_056779164.1	A
rna-XM_057796861.1	A	rna-XM_056779286.1	A
rna-XM_057796835.1	A	rna-XM_056779836.1	A
rna-XM_057796872.1	A	rna-XM_056779835.1	A
rna-XM_057796858.1	A	rna-XM_056779833.1	A
rna-XM_057796867.1	A	rna-XM_056779831.1	A
rna-XM_057796873.1	A	rna-XM_056779832.1	A
rna-XM_057796874.1	A	rna-XM_056779830.1	A
rna-XM_057796856.1	A	rna-XM_056779829.1	A
rna-XM_057796871.1	A	rna-XM_056779828.1	A
rna-XM_057796860.1	A	rna-XM_056779825.1	A
rna-XM_057796864.1	A	rna-XM_056779827.1	A
rna-XM_057796876.1	A	rna-XM_056779822.1	A
rna-XM_057796863.1	A	rna-XM_056779819.1	A
rna-XM_057796865.1	A	rna-XM_056779817.1	A
rna-XM_057796857.1	A	rna-XM_056779816.1	A
rna-XM_057796869.1	A	rna-XM_056779818.1	A
rna-XM_057796880.1	A	rna-XM_056779813.1	A
rna-XM_057796882.1	A	rna-XM_056779811.1	A
rna-XM_057795888.1	A	rna-XM_056779993.1	A
rna-XM_057796010.1	A	rna-XM_056779992.1	A
rna-XM_057795883.1	A	rna-XM_056779809.1	A
rna-XM_057795682.1	A	rna-XM_056778830.1	A
rna-XM_057795846.1	A	rna-XM_056779120.1	A
rna-XM_057795815.1	A	rna-XM_056779075.1	A
rna-XM_057795950.1	A	rna-XM_056779163.1	A
rna-XM_057795865.1	A	rna-XM_056779429.1	A
rna-XM_057796109.1	A	rna-XM_056779767.1	A
rna-XM_057795669.1	A	rna-XM_056779766.1	A
rna-XM_057796033.1	A	rna-XM_056779378.1	A
rna-XM_057795932.1	A	rna-XM_056779144.1	A
rna-XM_057796458.1	A	rna-XM_056778818.1	A
rna-XM_057795806.1	A	rna-XM_056779989.1	A
rna-XM_057795809.1	A	rna-XM_056779287.1	A
rna-XM_057795963.1	A	rna-XM_056779241.1	A
rna-XM_057796309.1	A	rna-XM_056779984.1	A
rna-XM_057795492.1	A	rna-XM_056778780.1	A
rna-XM_057796690.1	A	rna-XM_056778778.1	A
rna-XM_057796688.1	A	rna-XM_056778774.1	A
rna-XM_057796691.1	A	rna-XM_056778773.1	A
rna-XM_057795731.1	A	rna-XM_056778772.1	A
rna-XM_057795730.1	A	rna-XM_056778771.1	A
rna-XM_057795729.1	A	rna-XM_056778770.1	A
rna-XM_057795924.1	A	rna-XM_056778764.1	A
rna-XM_057795922.1	A	rna-XM_056778763.1	A
rna-XM_057796702.1	A	rna-XM_056778761.1	A
rna-XM_057796260.1	A	rna-XM_056779982.1	A
rna-XM_057795912.1	A	rna-XM_056778759.1	A
rna-XM_057795945.1	A	rna-XM_056778757.1	A
rna-XM_057795770.1	A	rna-XM_056778758.1	A
rna-XM_057795671.1	A	rna-XM_056778755.1	A
rna-XM_057796471.1	A	rna-XM_056778754.1	A
rna-XM_057796205.1	A	rna-XM_056778753.1	A
rna-XM_057796159.1	A	rna-XM_056778751.1	A
rna-XM_057796614.1	A	rna-XM_056778750.1	A
rna-XM_057795705.1	A	rna-XM_056779981.1	A
rna-XM_057795953.1	A	rna-XM_056778749.1	A
rna-XM_057795954.1	A	rna-XM_056778567.1	A
rna-XM_057795555.1	A	rna-XM_056778561.1	A
rna-XM_057795557.1	A	rna-XM_056778565.1	A
rna-XM_057795558.1	A	rna-XM_056779191.1	A
rna-XM_057795475.1	A	rna-XM_056778800.1	A
rna-XM_057796272.1	A	rna-XM_056779976.1	A
rna-XM_057795477.1	A	rna-XM_056779069.1	A
rna-XM_057795476.1	A	rna-XM_056778859.1	A
rna-XM_057796276.1	A	rna-XM_056779201.1	A
rna-XM_057795934.1	A	rna-XM_056779215.1	A
rna-XM_057796137.1	A	rna-XM_056779973.1	A
rna-XM_057795949.1	A	rna-XM_056779158.1	A
rna-XM_057796279.1	A	rna-XM_056779972.1	A
rna-XM_057796280.1	A	rna-XM_056780797.1	A
rna-XM_057796281.1	A	rna-XM_056779971.1	A
rna-XM_057796283.1	A	rna-XM_056779970.1	A
rna-XM_057795944.1	A	rna-XM_056779240.1	A
rna-XM_057796294.1	A	rna-XM_056779964.1	A
rna-XM_057795936.1	A	rna-XM_056779963.1	A
rna-XM_057796296.1	A	rna-XM_056779962.1	A
rna-XM_057796297.1	A	rna-XM_056779961.1	A
rna-XM_057796298.1	A	rna-XM_056779960.1	A
rna-XM_057796299.1	A	rna-XM_056779959.1	A
rna-XM_057796302.1	A	rna-XM_056779958.1	A
rna-XM_057796304.1	A	rna-XM_056779957.1	A
rna-XM_057796307.1	A	rna-XM_056779186.1	A
rna-XM_057795744.1	A	rna-XM_056778697.1	A
rna-XM_057795917.1	A	rna-XM_056779292.1	A
rna-XM_057796111.1	A	rna-XM_056778696.1	A
rna-XM_057795779.1	A	rna-XM_056779234.1	A
rna-XM_057795654.1	A	rna-XM_056780031.1	A
rna-XM_057795542.1	A	rna-XM_056778579.1	A
rna-XM_057795775.1	A	rna-XM_056779028.1	A
rna-XM_057795828.1	A	rna-XM_056779040.1	A
rna-XM_057795607.1	A	rna-XM_056778515.1	A
rna-XM_057796328.1	A	rna-XM_056791258.1	Y
rna-XM_057795739.1	A	rna-XM_056778513.1	A
rna-XM_057796329.1	A	rna-XM_056781722.1	A
rna-XM_057796924.1	A	rna-XM_056779712.1	A
rna-XM_057796929.1	A	rna-XM_056779718.1	A
rna-XM_057796454.1	A	rna-XM_056779719.1	A
rna-XM_057796284.1	A	rna-XM_056779340.1	A
rna-XM_057796112.1	A	rna-XM_056778686.1	A
rna-XM_057795737.1	A	rna-XM_056778684.1	A
rna-XM_057795696.1	A	rna-XM_056779546.1	A
rna-XM_057796418.1	A	rna-XM_056779947.1	A
rna-XM_057796013.1	A	rna-XM_056779317.1	A
rna-XM_057796429.1	A	rna-XM_056779352.1	A
rna-XM_057795517.1	A	rna-XM_056779348.1	A
rna-XM_057795516.1	A	rna-XM_056779347.1	A
rna-XM_057795507.1	A	rna-XM_056779928.1	A
rna-XM_057795520.1	A	rna-XM_056779368.1	A
rna-XM_057795519.1	A	rna-XM_056779366.1	A
rna-XM_057795524.1	A	rna-XM_056779329.1	A
rna-XM_057795527.1	A	rna-XM_056779531.1	A
rna-XM_057795536.1	A	rna-XM_056779145.1	A
rna-XM_057795526.1	A	rna-XM_056778602.1	A
rna-XM_057795522.1	A	rna-XM_056778600.1	A
rna-XM_057795530.1	A	rna-XM_056779557.1	A
rna-XM_057795533.1	A	rna-XM_056778839.1	A
rna-XM_057795523.1	A	rna-XM_056779747.1	A
rna-XM_057795694.1	A	rna-XM_056779746.1	A
rna-XM_057795693.1	A	rna-XM_056779745.1	A
rna-XM_057795609.1	A	rna-XM_056779744.1	A
rna-XM_057796441.1	A	rna-XM_056779200.1	A
rna-XM_057796440.1	A	rna-XM_056779198.1	A
rna-XM_057797335.1	A	rna-XM_056779328.1	A
rna-XM_057795686.1	A	rna-XM_056779358.1	A
rna-XM_057796508.1	A	rna-XM_056779001.1	A
rna-XM_057795951.1	A	rna-XM_056779324.1	A
rna-XM_057796782.1	A	rna-XM_056779321.1	A
rna-XM_057796623.1	A	rna-XM_056779319.1	A
rna-XM_057796624.1	A	rna-XM_056779320.1	A
rna-XM_057795827.1	A	rna-XM_056779938.1	A
rna-XM_057796352.1	A	rna-XM_056786882.1	A
rna-XM_057796021.1	A	rna-XM_056779707.1	A
rna-XM_057796020.1	A	rna-XM_056778837.1	A
rna-XM_057795972.1	A	rna-XM_056779595.1	A
rna-XM_057796921.1	A	rna-XM_056779273.1	A
rna-XM_057795817.1	A	rna-XM_056778957.1	A
rna-XM_057796410.1	A	rna-XM_056779563.1	A
rna-XM_057796455.1	A	rna-XM_056779123.1	A
rna-XM_057796884.1	A	rna-XM_056779213.1	A
rna-XM_057796887.1	A	rna-XM_056778980.1	A
rna-XM_057796890.1	A	rna-XM_056779181.1	A
rna-XM_057796886.1	A	rna-XM_056779886.1	A
rna-XM_057796354.1	A	rna-XM_056788534.1	A
rna-XM_057796035.1	A	rna-XM_056779680.1	A
rna-XM_057796073.1	A	rna-XM_056779701.1	A
rna-XM_057796071.1	A	rna-XM_056779677.1	A
rna-XM_057796075.1	A	rna-XM_056779663.1	A
rna-XM_057796091.1	A	rna-XM_056778658.1	A
rna-XM_057796093.1	A	rna-XM_056778660.1	A
rna-XM_057796094.1	A	rna-XM_056779935.1	A
rna-XM_057796594.1	A	rna-XM_056780015.1	A
rna-XM_057796598.1	A	rna-XM_056779590.1	A
rna-XM_057796600.1	A	rna-XM_056779589.1	A
rna-XM_057796607.1	A	rna-XM_056780017.1	A
rna-XM_057796608.1	A	rna-XM_056780018.1	A
rna-XM_057796601.1	A	rna-XM_056779587.1	A
rna-XM_057796605.1	A	rna-XM_056779757.1	A
rna-XM_057796606.1	A	rna-XM_056779400.1	A
rna-XM_057797292.1	A	rna-XM_056779520.1	A
rna-XM_057797298.1	A	rna-XM_056779523.1	A
rna-XM_057796266.1	A	rna-XM_056779509.1	A
rna-XM_057797326.1	A	rna-XM_056779508.1	A
rna-XM_057797328.1	A	rna-XM_056779504.1	A
rna-XM_057797331.1	A	rna-XM_056779500.1	A
rna-XM_057797333.1	A	rna-XM_056779251.1	A
rna-XM_057795782.1	A	rna-XM_056778999.1	A
rna-XM_057796012.1	A	rna-XM_056779584.1	A
rna-XM_057796513.1	A	rna-XM_056779031.1	A
rna-XM_057796356.1	A	rna-XM_056779583.1	A
rna-XM_057796534.1	A	rna-XM_056778974.1	A
rna-XM_057796532.1	A	rna-XM_056778927.1	A
rna-XM_057796530.1	A	rna-XM_056778925.1	A
rna-XM_057796521.1	A	rna-XM_056779582.1	A
rna-XM_057796514.1	A	rna-XM_056778920.1	A
rna-XM_057796358.1	A	rna-XM_056774832.1	A
rna-XM_057796524.1	A	rna-XM_056779761.1	A
rna-XM_057796529.1	A	rna-XM_056779760.1	A
rna-XM_057796538.1	A	rna-XM_056779758.1	A
rna-XM_057796539.1	A	rna-XM_056779759.1	A
rna-XM_057795831.1	A	rna-XM_056778441.1	A
rna-XM_057795816.1	A	rna-XM_056778444.1	A
rna-XM_057796105.1	A	rna-XM_056778443.1	A
rna-XM_057796543.1	A	rna-XM_056778914.1	A
rna-XM_057796540.1	A	rna-XM_056778908.1	A
rna-XM_057796546.1	A	rna-XM_056778576.1	A
rna-XM_057796392.1	A	rna-XM_056779369.1	A
rna-XM_057795545.1	A	rna-XM_056778507.1	A
rna-XM_057796198.1	A	rna-XM_056779245.1	A
rna-XM_057795552.1	A	rna-XM_056778903.1	A
rna-XM_057795776.1	A	rna-XM_056778664.1	A
rna-XM_057795784.1	A	rna-XM_056778663.1	A
rna-XM_057795785.1	A	rna-XM_056779656.1	A
rna-XM_057795783.1	A	rna-XM_056779655.1	A
rna-XM_057795907.1	A	rna-XM_056778533.1	A
rna-XM_057796002.1	A	rna-XM_056778532.1	A
rna-XM_057796771.1	A	rna-XM_056779881.1	A
rna-XM_057796778.1	A	rna-XM_056779580.1	A
rna-XM_057796779.1	A	rna-XM_056779878.1	A
rna-XM_057796781.1	A	rna-XM_056779879.1	A
rna-XM_057796139.1	A	rna-XM_056779389.1	A
rna-XM_057796386.1	A	rna-XM_056785572.1	A
rna-XM_057796154.1	A	rna-XM_056779527.1	A
rna-XM_057796175.1	A	rna-XM_056779232.1	A
rna-XM_057795863.1	A	rna-XM_056779041.1	A
rna-XM_057796214.1	A	rna-XM_056778734.1	A
rna-XM_057796216.1	A	rna-XM_056778735.1	A
rna-XM_057796206.1	A	rna-XM_056778845.1	A
rna-XM_057796213.1	A	rna-XM_056779033.1	A
rna-XM_057796395.1	A	rna-XM_056779574.1	A
rna-XM_057796210.1	A	rna-XM_056779729.1	A
rna-XM_057796208.1	A	rna-XM_056779726.1	A
rna-XM_057796209.1	A	rna-XM_056779727.1	A
rna-XM_057796212.1	A	rna-XM_056778900.1	A
rna-XM_057796264.1	A	rna-XM_056779537.1	A
rna-XM_057795790.1	A	rna-XM_056778824.1	A
rna-XM_057795843.1	A	rna-XM_056778793.1	A
rna-XM_057795841.1	A	rna-XM_056778791.1	A
rna-XM_057796261.1	A	rna-XM_056778794.1	A
rna-XM_057796462.1	A	rna-XM_056779307.1	A
rna-XM_057795807.1	A	rna-XM_056780035.1	A
rna-XM_057796195.1	A	rna-XM_056779214.1	A
rna-XM_057795890.1	A	rna-XM_056779566.1	A
rna-XM_057795622.1	A	rna-XM_056778821.1	A
rna-XM_057795617.1	A	rna-XM_056778445.1	A
rna-XM_057795623.1	A	rna-XM_056778452.1	A
rna-XM_057796411.1	A	rna-XM_056785787.1	A
rna-XM_057795856.1	A	rna-XM_056779068.1	A
rna-XM_057795835.1	A	rna-XM_056779124.1	A
rna-XM_057795794.1	A	rna-XM_056780033.1	A
rna-XM_057795792.1	A	rna-XM_056780032.1	A
rna-XM_057795698.1	A	rna-XM_056779371.1	A
rna-XM_057796581.1	A	rna-XM_056779372.1	A
rna-XM_057796580.1	A	rna-XM_056779370.1	A
rna-XM_057796330.1	A	rna-XM_056778732.1	A
rna-XM_057796332.1	A	rna-XM_056779030.1	A
rna-XM_057796362.1	A	rna-XM_056779736.1	A
rna-XM_057796377.1	A	rna-XM_056779733.1	A
rna-XM_057796371.1	A	rna-XM_056779732.1	A
rna-XM_057796368.1	A	rna-XM_056779730.1	A
rna-XM_057796364.1	A	rna-XM_056779343.1	A
rna-XM_057796384.1	A	rna-XM_056779305.1	A
rna-XM_057796367.1	A	rna-XM_056779303.1	A
rna-XM_057796380.1	A	rna-XM_056779564.1	A
rna-XM_057796381.1	A	rna-XM_056779560.1	A
rna-XM_057796378.1	A	rna-XM_056780048.1	A
rna-XM_057796382.1	A	rna-XM_056780051.1	A
rna-XM_057796365.1	A	rna-XM_056780047.1	A
rna-XM_057795933.1	A	rna-XM_056778520.1	A
rna-XM_057796335.1	A	rna-XM_056778518.1	A
rna-XM_057796337.1	A	rna-XM_056778519.1	A
rna-XM_057796338.1	A	rna-XM_056778987.1	A
rna-XM_057796345.1	A	rna-XM_056779101.1	A
rna-XM_057796349.1	A	rna-XM_056779095.1	A
rna-XM_057796586.1	A	rna-XM_056779086.1	A
rna-XM_057796590.1	A	rna-XM_056779091.1	A
rna-XM_057796593.1	A	rna-XM_056779096.1	A
rna-XM_057796226.1	A	rna-XM_056779100.1	A
rna-XM_057796225.1	A	rna-XM_056779082.1	A
rna-XM_057795885.1	A	rna-XM_056779085.1	A
rna-XM_057795747.1	A	rna-XM_056779097.1	A
rna-XM_057796169.1	A	rna-XM_056779081.1	A
rna-XM_057796167.1	A	rna-XM_056779079.1	A
rna-XM_057796396.1	A	rna-XM_056778689.1	A
rna-XM_057795960.1	A	rna-XM_056778688.1	A
rna-XM_057796187.1	A	rna-XM_056779228.1	A
rna-XM_057796474.1	A	rna-XM_056778971.1	A
rna-XM_057796472.1	A	rna-XM_056778968.1	A
rna-XM_057796477.1	A	rna-XM_056778967.1	A
rna-XM_057796030.1	A	rna-XM_056778781.1	A
rna-XM_057796333.1	A	rna-XM_056779573.1	A
rna-XM_057796301.1	A	rna-XM_056779390.1	A
rna-XM_057795938.1	A	rna-XM_056779239.1	A
rna-XM_057796734.1	A	rna-XM_056779550.1	A
rna-XM_057795610.1	A	rna-XM_056778962.1	A
rna-XM_057797337.1	A	rna-XM_056779919.1	A
rna-XM_057796907.1	A	rna-XM_056779360.1	A
rna-XM_057796912.1	A	rna-XM_056779159.1	A
rna-XM_057796428.1	A	rna-XM_056779338.1	A
rna-XM_057796032.1	A	rna-XM_056779336.1	A
rna-XM_057796183.1	A	rna-XM_056779277.1	A
rna-XM_057796465.1	A	rna-XM_056778826.1	A
rna-XM_057796489.1	A	rna-XM_056779549.1	A
rna-XM_057797289.1	A	rna-XM_056778711.1	A
rna-XM_057797288.1	A	rna-XM_056778709.1	A
rna-XM_057795707.1	A	rna-XM_056779900.1	A
rna-XM_057795795.1	A	rna-XM_056779899.1	A
rna-XM_057796618.1	A	rna-XM_056779898.1	A
rna-XM_057796619.1	A	rna-XM_056779146.1	A
rna-XM_057796620.1	A	rna-XM_056778889.1	A
rna-XM_057796621.1	A	rna-XM_056778888.1	A
rna-XM_057795727.1	A	rna-XM_056778960.1	A
rna-XM_057795914.1	A	rna-XM_056779230.1	A
rna-XM_057796504.1	A	rna-XM_056780046.1	A
rna-XM_057796505.1	A	rna-XM_056778670.1	A
rna-XM_057796507.1	A	rna-XM_056779558.1	A
rna-XM_057796812.1	A	rna-XM_056779755.1	A
rna-XM_057796809.1	A	rna-XM_056779749.1	A
rna-XM_057796811.1	A	rna-XM_056779753.1	A
rna-XM_057795805.1	A	rna-XM_056778944.1	A
rna-XM_057795495.1	A	rna-XM_056778722.1	A
rna-XM_057795724.1	A	rna-XM_056778603.1	A
rna-XM_057795650.1	A	rna-XM_056779262.1	A
rna-XM_057795991.1	A	rna-XM_056778934.1	A
rna-XM_057795997.1	A	rna-XM_056778812.1	A
rna-XM_057795993.1	A	rna-XM_056778811.1	A
rna-XM_057795983.1	A	rna-XM_056778809.1	A
rna-XM_057795995.1	A	rna-XM_056779462.1	A
rna-XM_057795988.1	A	rna-XM_056778939.1	A
rna-XM_057795992.1	A	rna-XM_056778728.1	A
rna-XM_057795990.1	A	rna-XM_056778726.1	A
rna-XM_057796273.1	A	rna-XM_056779269.1	A
rna-XM_057796737.1	A	rna-XM_056779540.1	A
rna-XM_057796466.1	A	rna-XM_056779011.1	A
rna-XM_057796467.1	A	rna-XM_056779278.1	A
rna-XM_057796200.1	A	rna-XM_056779374.1	A
rna-XM_057796397.1	A	rna-XM_056778918.1	A
rna-XM_057797229.1	A	rna-XM_056779175.1	A
rna-XM_057797255.1	A	rna-XM_056778882.1	A
rna-XM_057797248.1	A	rna-XM_056778879.1	A
rna-XM_057795713.1	A	rna-XM_056778864.1	A
rna-XM_057795719.1	A	rna-XM_056778866.1	A
rna-XM_057795823.1	A	rna-XM_056778878.1	A
rna-XM_057795821.1	A	rna-XM_056778876.1	A
rna-XM_057796391.1	A	rna-XM_056778863.1	A
rna-XM_057796390.1	A	rna-XM_056778862.1	A
rna-XM_057795913.1	A	rna-XM_056779009.1	A
rna-XM_057795629.1	A	rna-XM_056778708.1	A
rna-XM_057795628.1	A	rna-XM_056778707.1	A
rna-XM_057795626.1	A	rna-XM_056778705.1	A
rna-XM_057795627.1	A	rna-XM_056778706.1	A
rna-XM_057795911.1	A	rna-XM_056778460.1	A
rna-XM_057796549.1	A	rna-XM_056778455.1	A
rna-XM_057796550.1	A	rna-XM_056778456.1	A
rna-XM_057796551.1	A	rna-XM_056778459.1	A
rna-XM_057796560.1	A	rna-XM_056778457.1	A
rna-XM_057796555.1	A	rna-XM_056778454.1	A
rna-XM_057796552.1	A	rna-XM_056778976.1	A
rna-XM_057796556.1	A	rna-XM_056778714.1	A
rna-XM_057796554.1	A	rna-XM_056778713.1	A
rna-XM_057796016.1	A	rna-XM_056779640.1	A
rna-XM_057795772.1	A	rna-XM_056779535.1	A
rna-XM_057797222.1	A	rna-XM_056779647.1	A
rna-XM_057797227.1	A	rna-XM_056779648.1	A
rna-XM_057797221.1	A	rna-XM_056779646.1	A
rna-XM_057797215.1	A	rna-XM_056779643.1	A
rna-XM_057797216.1	A	rna-XM_056779644.1	A
rna-XM_057797219.1	A	rna-XM_056779645.1	A
rna-XM_057797212.1	A	rna-XM_056779642.1	A
rna-XM_057797194.1	A	rna-XM_056779639.1	A
rna-XM_057797202.1	A	rna-XM_056779591.1	A
rna-XM_057797218.1	A	rna-XM_056779533.1	A
rna-XM_057797226.1	A	rna-XM_056778966.1	A
rna-XM_057797208.1	A	rna-XM_056779050.1	A
rna-XM_057797214.1	A	rna-XM_056779276.1	A
rna-XM_057797203.1	A	rna-XM_056779275.1	A
rna-XM_057797209.1	A	rna-XM_056779740.1	A
rna-XM_057797224.1	A	rna-XM_056779741.1	A
rna-XM_057797211.1	A	rna-XM_056779738.1	A
rna-XM_057797223.1	A	rna-XM_056779739.1	A
rna-XM_057797217.1	A	rna-XM_056779196.1	A
rna-XM_057797206.1	A	rna-XM_056779194.1	A
rna-XM_057797207.1	A	rna-XM_056779195.1	A
rna-XM_057797198.1	A	rna-XM_056779114.1	A
rna-XM_057797334.1	A	rna-XM_056778440.1	A
rna-XM_057796564.1	A	rna-XM_056779650.1	A
rna-XM_057796562.1	A	rna-XM_056779649.1	A
rna-XM_057796566.1	A	rna-XM_056779530.1	A
rna-XM_057796567.1	A	rna-XM_056779887.1	A
rna-XM_057796565.1	A	rna-XM_056778617.1	A
rna-XM_057795849.1	A	rna-XM_056779526.1	A
rna-XM_057796145.1	A	rna-XM_056778676.1	A
rna-XM_057796152.1	A	rna-XM_056778906.1	A
rna-XM_057797324.1	A	rna-XM_056778857.1	A
rna-XM_057797325.1	A	rna-XM_056779525.1	A
rna-XM_057796242.1	A	rna-XM_056779107.1	A
rna-XM_057796254.1	A	rna-XM_056779346.1	A
rna-XM_057796248.1	A	rna-XM_056779786.1	A
rna-XM_057795712.1	A	rna-XM_056778693.1	A
rna-XM_057795711.1	A	rna-XM_056778692.1	A
rna-XM_057795710.1	A	rna-XM_056778690.1	A
rna-XM_057796920.1	A	rna-XM_056778574.1	A
rna-XM_057796914.1	A	rna-XM_056778569.1	A
rna-XM_057796919.1	A	rna-XM_056778573.1	A
rna-XM_057795967.1	A	rna-XM_056778854.1	A
rna-XM_057795970.1	A	rna-XM_056778856.1	A
rna-XM_057795971.1	A	rna-XM_056778850.1	A
rna-XM_057796481.1	A	rna-XM_056778848.1	A
rna-XM_057796484.1	A	rna-XM_056778851.1	A
rna-XM_057795735.1	A	rna-XM_056778842.1	A
rna-XM_057795736.1	A	rna-XM_056778843.1	A
rna-XM_057796355.1	A	rna-XM_056778508.1	A
rna-XM_057796197.1	A	rna-XM_056779361.1	A
rna-XM_057796177.1	A	rna-XM_056779452.1	A
rna-XM_057796615.1	A	rna-XM_056779902.1	A
rna-XM_057796616.1	A	rna-XM_056778943.1	A
rna-XM_057796617.1	A	rna-XM_056778531.1	A
rna-XM_057796494.1	A	rna-XM_056778829.1	A
rna-XM_057796495.1	A	rna-XM_056779222.1	A
rna-XM_057796501.1	A	rna-XM_056779110.1	A
rna-XM_057796389.1	A	rna-XM_056778739.1	A
rna-XM_057796829.1	A	rna-XM_056778742.1	A
rna-XM_057796834.1	A	rna-XM_056778682.1	A
rna-XM_057796831.1	A	rna-XM_056779161.1	A
rna-XM_057795504.1	A	rna-XM_056779034.1	A
rna-XM_057795929.1	A	rna-XM_056779267.1	A
rna-XM_057795930.1	A	rna-XM_056779268.1	A
rna-XM_057796259.1	A	rna-XM_056779221.1	A
rna-XM_057796258.1	A	rna-XM_056779220.1	A
rna-XM_057796257.1	A	rna-XM_056779483.1	A
rna-XM_057795943.1	A	rna-XM_056779482.1	A
rna-XM_057795886.1	A	rna-XM_056779148.1	A
rna-XM_057795662.1	A	rna-XM_056779793.1	A
rna-XM_057795660.1	A	rna-XM_056779792.1	A
rna-XM_057796711.1	A	rna-XM_056779391.1	A
rna-XM_057796715.1	A	rna-XM_056779393.1	A
rna-XM_057796720.1	A	rna-XM_056779399.1	A
rna-XM_057796718.1	A	rna-XM_056779397.1	A
rna-XM_057796163.1	A	rna-XM_056779325.1	A
rna-XM_057796172.1	A	rna-XM_056779480.1	A
rna-XM_057796170.1	A	rna-XM_056779010.1	A
rna-XM_057796174.1	A	rna-XM_056779244.1	A
rna-XM_057795674.1	A	rna-XM_056778489.1	A
rna-XM_057795675.1	A	rna-XM_056778490.1	A
rna-XM_057795677.1	A	rna-XM_056778494.1	A
rna-XM_057795679.1	A	rna-XM_056778493.1	A
rna-XM_057795812.1	A	rna-XM_056778985.1	A
rna-XM_057795699.1	A	rna-XM_056778819.1	A
rna-XM_057796438.1	A	rna-XM_056778990.1	A
rna-XM_057796113.1	A	rna-XM_056778694.1	A
rna-XM_057797299.1	A	rna-XM_056778695.1	A
rna-XM_057796311.1	A	rna-XM_056779842.1	A
rna-XM_057796313.1	A	rna-XM_056779843.1	A
rna-XM_057796240.1	A	rna-XM_056779441.1	A
rna-XM_057795852.1	A	rna-XM_056779189.1	A
rna-XM_057795853.1	A	rna-XM_056779190.1	A
rna-XM_057795866.1	A	rna-XM_056779911.1	A
rna-XM_057796937.1	A	rna-XM_056779909.1	A
rna-XM_057796941.1	A	rna-XM_056779905.1	A
rna-XM_057796942.1	A	rna-XM_056779906.1	A
rna-XM_057795942.1	A	rna-XM_056779904.1	A
rna-XM_057796460.1	A	rna-XM_056778950.1	A
rna-XM_057796461.1	A	rna-XM_056778953.1	A
rna-XM_057795903.1	A	rna-XM_056778946.1	A
rna-XM_057795905.1	A	rna-XM_056778952.1	A
rna-XM_057796135.1	A	rna-XM_056779470.1	A
rna-XM_057796162.1	A	rna-XM_056779018.1	A
rna-XM_057796161.1	A	rna-XM_056779017.1	A
rna-XM_057796426.1	A	rna-XM_056779016.1	A
rna-XM_057795684.1	A	rna-XM_056779785.1	A
rna-XM_057795771.1	A	rna-XM_056779783.1	A
rna-XM_057796479.1	A	rna-XM_056778787.1	A
rna-XM_057796485.1	A	rna-XM_056779070.1	A
rna-XM_057795664.1	A	rna-XM_056779029.1	A
rna-XM_057795663.1	A	rna-XM_056778616.1	A
rna-XM_057796199.1	A	rna-XM_056779334.1	A
rna-XM_057795760.1	A	rna-XM_056778979.1	A
rna-XM_057796741.1	A	rna-XM_056779477.1	A
rna-XM_057795768.1	A	rna-XM_056779218.1	A
rna-XM_057795764.1	A	rna-XM_056779612.1	A
rna-XM_057795749.1	A	rna-XM_056779608.1	A
rna-XM_057795762.1	A	rna-XM_056779611.1	A
rna-XM_057795765.1	A	rna-XM_056779125.1	A
rna-XM_057796742.1	A	rna-XM_056792444.1	A
rna-XM_057795752.1	A	rna-XM_056778667.1	A
rna-XM_057796743.1	A	rna-XM_056779476.1	A
rna-XM_057795763.1	A	rna-XM_056778558.1	A
rna-XM_057795767.1	A	rna-XM_056778559.1	A
rna-XM_057795756.1	A	rna-XM_056778555.1	A
rna-XM_057795851.1	A	rna-XM_056779012.1	A
rna-XM_057795916.1	A	rna-XM_056778435.1	A
rna-XM_057795561.1	A	rna-XM_056778438.1	A
rna-XM_057795559.1	A	rna-XM_056778436.1	A
rna-XM_057795563.1	A	rna-XM_056779423.1	A
rna-XM_057795564.1	A	rna-XM_056779006.1	A
rna-XM_057795566.1	A	rna-XM_056779217.1	A
rna-XM_057795567.1	A	rna-XM_056779216.1	A
rna-XM_057795568.1	A	rna-XM_056779890.1	A
rna-XM_057795574.1	A	rna-XM_056779893.1	A
rna-XM_057795573.1	A	rna-XM_056779892.1	A
rna-XM_057795570.1	A	rna-XM_056779891.1	A
rna-XM_057795575.1	A	rna-XM_056779889.1	A
rna-XM_057795576.1	A	rna-XM_056778994.1	A
rna-XM_057795577.1	A	rna-XM_056779229.1	A
rna-XM_057795580.1	A	rna-XM_056779593.1	A
rna-XM_057795582.1	A	rna-XM_056778806.1	A
rna-XM_057795583.1	A	rna-XM_056779638.1	A
rna-XM_057795584.1	A	rna-XM_056779636.1	A
rna-XM_057795585.1	A	rna-XM_056779637.1	A
rna-XM_057795591.1	A	rna-XM_056779203.1	A
rna-XM_057795588.1	A	rna-XM_056778524.1	A
rna-XM_057795586.1	A	rna-XM_056778521.1	A
rna-XM_057795589.1	A	rna-XM_056778529.1	A
rna-XM_057795604.1	A	rna-XM_056778523.1	A
rna-XM_057795605.1	A	rna-XM_056778528.1	A
rna-XM_057796486.1	A	rna-XM_056778932.1	A
rna-XM_057796221.1	A	rna-XM_056779020.1	A
rna-XM_057795858.1	A	rna-XM_056779022.1	A
rna-XM_057795897.1	A	rna-XM_056778995.1	A
rna-XM_057795899.1	A	rna-XM_056778831.1	A
rna-XM_057795900.1	A	rna-XM_056778898.1	A
rna-XM_057795898.1	A	rna-XM_056778992.1	A
rna-XM_057795901.1	A	rna-XM_056778733.1	A
rna-XM_057797228.1	A	rna-XM_056778478.1	A
rna-XM_057796703.1	A	rna-XM_056779415.1	A
rna-XM_057796707.1	A	rna-XM_056780043.1	A
rna-XM_057796709.1	A	rna-XM_056780045.1	A
rna-XM_057796644.1	A	rna-XM_056778998.1	A
rna-XM_057796662.1	A	rna-XM_056779475.1	A
rna-XM_057796651.1	A	rna-XM_056779265.1	A
rna-XM_057796646.1	A	rna-XM_056779076.1	A
rna-XM_057796648.1	A	rna-XM_056779078.1	A
rna-XM_057796659.1	A	rna-XM_056778789.1	A
rna-XM_057796661.1	A	rna-XM_056778736.1	A
rna-XM_057796642.1	A	rna-XM_056779479.1	A
rna-XM_057795493.1	A	rna-XM_056779243.1	A
rna-XM_057795494.1	A	rna-XM_056779188.1	A
rna-XM_057796746.1	A	rna-XM_056779471.1	A
rna-XM_057796305.1	A	rna-XM_056778423.1	A
rna-XM_057796787.1	A	rna-XM_056778430.1	A
rna-XM_057796802.1	A	rna-XM_056778424.1	A
rna-XM_057796808.1	A	rna-XM_056779134.1	A
rna-XM_057796788.1	A	rna-XM_056779126.1	A
rna-XM_057795887.1	A	rna-XM_056779136.1	A
rna-XM_057797276.1	A	rna-XM_056778495.1	A
rna-XM_057797264.1	A	rna-XM_056779257.1	A
rna-XM_057797279.1	A	rna-XM_056779260.1	A
rna-XM_057797282.1	A	rna-XM_056778846.1	A
rna-XM_057797273.1	A	rna-XM_056779469.1	A
rna-XM_057797256.1	A	rna-XM_056778480.1	A
rna-XM_057797259.1	A	rna-XM_056778745.1	A
rna-XM_057797280.1	A	rna-XM_056779660.1	A
rna-XM_057797281.1	A	rna-XM_056779661.1	A
rna-XM_057797272.1	A	rna-XM_056779659.1	A
rna-XM_057797275.1	A	rna-XM_056779005.1	A
rna-XM_057797268.1	A	rna-XM_056779003.1	A
rna-XM_057797269.1	A	rna-XM_056779465.1	A
rna-XM_057797284.1	A	rna-XM_056779474.1	A
rna-XM_057796747.1	A	rna-XM_056779464.1	A
rna-XM_057795797.1	A	rna-XM_056779193.1	A
rna-XM_057795847.1	A	rna-XM_056779111.1	A
rna-XM_057795551.1	A	rna-XM_056778434.1	A
rna-XM_057795547.1	A	rna-XM_056778431.1	A
rna-XM_057795550.1	A	rna-XM_056778981.1	A
rna-XM_057795800.1	A	rna-XM_056778896.1	A
rna-XM_057795721.1	A	rna-XM_056778890.1	A
rna-XM_057795722.1	A	rna-XM_056778893.1	A
rna-XM_057795723.1	A	rna-XM_056778895.1	A
rna-XM_057796663.1	A	rna-XM_056779597.1	A
rna-XM_057795981.1	A	rna-XM_056779302.1	A
rna-XM_057795980.1	A	rna-XM_056779301.1	A
rna-XM_057795973.1	A	rna-XM_056779295.1	A
rna-XM_057795813.1	A	rna-XM_056778938.1	A
rna-XM_057796490.1	A	rna-XM_056779119.1	A
rna-XM_057796144.1	A	rna-XM_056779422.1	A
rna-XM_057796748.1	A	rna-XM_056779460.1	A
rna-XM_057795778.1	A	rna-XM_056779014.1	A
rna-XM_057795658.1	A	rna-XM_056779592.1	A
rna-XM_057795649.1	A	rna-XM_056779421.1	A
rna-XM_057796182.1	A	rna-XM_056779654.1	A
rna-XM_057796181.1	A	rna-XM_056779653.1	A
rna-XM_057796764.1	A	rna-XM_056779652.1	A
rna-XM_057796765.1	A	rna-XM_056779179.1	A
rna-XM_057796769.1	A	rna-XM_056779552.1	A
rna-XM_057796770.1	A	rna-XM_056779551.1	A
rna-XM_057796896.1	A	rna-XM_056778582.1	A
rna-XM_057795939.1	A	rna-XM_056779183.1	A
rna-XM_057795881.1	A	rna-XM_056779027.1	A
rna-XM_057795902.1	A	rna-XM_056779459.1	A
rna-XM_057795691.1	A	rna-XM_056779174.1	A
rna-XM_057796750.1	A	rna-XM_056779458.1	A
rna-XM_057795802.1	A	rna-XM_056779187.1	A
rna-XM_057796478.1	A	rna-XM_056778807.1	A
rna-XM_057795652.1	A	rna-XM_056780028.1	A
rna-XM_057796760.1	A	rna-XM_056780027.1	A
rna-XM_057796762.1	A	rna-XM_056780024.1	A
rna-XM_057796763.1	A	rna-XM_056780026.1	A
rna-XM_057795833.1	A	rna-XM_056780025.1	A
rna-XM_057796469.1	A	rna-XM_056779428.1	A
rna-XM_057795940.1	A	rna-XM_056779635.1	A
rna-XM_057796664.1	A	rna-XM_056779613.1	A
rna-XM_057796687.1	A	rna-XM_056779457.1	A
rna-XM_057795920.1	A	rna-XM_056779632.1	A
rna-XM_057795921.1	A	rna-XM_056779634.1	A
rna-XM_057795848.1	A	rna-XM_056779633.1	A
rna-XM_057795796.1	A	rna-XM_056778965.1	A
rna-XM_057795910.1	A	rna-XM_056779386.1	A
rna-XM_057795673.1	A	rna-XM_056779385.1	A
rna-XM_057796224.1	A	rna-XM_056779382.1	A
rna-XM_057796414.1	A	rna-XM_056779572.1	A
rna-XM_057796412.1	A	rna-XM_056779569.1	A
rna-XM_057796442.1	A	rna-XM_056778917.1	A
rna-XM_057796001.1	A	rna-XM_056779450.1	A
rna-XM_057795935.1	A	rna-XM_056779448.1	A
rna-XM_057796641.1	A	rna-XM_056779447.1	A
rna-XM_057796751.1	A	rna-XM_056779894.1	A
rna-XM_057797344.1	A	rna-XM_056779160.1	A
rna-XM_057796753.1	A	rna-XM_056779446.1	A
rna-XM_057796000.1	A	rna-XM_056779444.1	A
rna-XM_057796511.1	A	rna-XM_056778915.1	A
rna-XM_057796464.1	A	rna-XM_056779568.1	A
rna-XM_057796755.1	A	rna-XM_056779440.1	A
rna-XM_057795941.1	A	rna-XM_056779439.1	A
rna-XM_057796164.1	A	rna-XM_056779416.1	A
rna-XM_057796166.1	A	rna-XM_056778834.1	A
rna-XM_057796626.1	A	rna-XM_056778833.1	A
rna-XM_057796625.1	A	rna-XM_056778832.1	A
rna-XM_057796628.1	A	rna-XM_056779339.1	A
rna-XM_057796629.1	A	rna-XM_056779808.1	A
rna-XM_057796638.1	A	rna-XM_056779806.1	A
rna-XM_057796634.1	A	rna-XM_056779799.1	A
rna-XM_057796630.1	A	rna-XM_056779794.1	A
rna-XM_057795854.1	A	rna-XM_056779118.1	A
rna-XM_057795503.1	A	rna-XM_056779316.1	A
rna-XM_057795502.1	A	rna-XM_056779315.1	A
rna-XM_057797310.1	A	rna-XM_056779313.1	A
rna-XM_057797312.1	A	rna-XM_056779725.1	A
rna-XM_057797315.1	A	rna-XM_056779722.1	A
rna-XM_057797307.1	A	rna-XM_056779720.1	A
rna-XM_057797323.1	A	rna-XM_056779357.1	A
rna-XM_057797304.1	A	rna-XM_056779356.1	A
rna-XM_057797317.1	A	rna-XM_056779067.1	A
rna-XM_057797321.1	A	rna-XM_056779066.1	A
rna-XM_057797300.1	A	rna-XM_056779065.1	A
rna-XM_057797309.1	A	rna-XM_056778657.1	A
rna-XM_057797306.1	A	rna-XM_056778656.1	A
rna-XM_057797303.1	A	rna-XM_056778652.1	A
rna-XM_057797322.1	A	rna-XM_056778655.1	A
rna-XM_057797301.1	A	rna-XM_056778814.1	A
rna-XM_057797318.1	A	rna-XM_056779279.1	A
rna-XM_057797319.1	A	rna-XM_056779436.1	A
rna-XM_057797314.1	A	rna-XM_056779463.1	A
rna-XM_057796756.1	A	rna-XM_056779433.1	A
rna-XM_057796120.1	A	rna-XM_056779284.1	A
rna-XM_057796121.1	A	rna-XM_056779036.1	A
rna-XM_057796123.1	A	rna-XM_056779038.1	A
rna-XM_057796124.1	A	rna-XM_056779039.1	A
rna-XM_057796127.1	A	rna-XM_056779045.1	A
rna-XM_057796125.1	A	rna-XM_056778464.1	A
rna-XM_057796134.1	A	rna-XM_056778461.1	A
rna-XM_057796102.1	A	rna-XM_056779779.1	A
rna-XM_057796103.1	A	rna-XM_056779781.1	A
rna-XM_057796095.1	A	rna-XM_056779776.1	A
rna-XM_057797348.1	A	rna-XM_056779768.1	A
rna-XM_057797352.1	A	rna-XM_056779770.1	A
rna-XM_057797350.1	A	rna-XM_056779769.1	A
rna-XM_057796757.1	A	rna-XM_056779431.1	A
rna-XM_057796399.1	A	rna-XM_056779058.1	A
rna-XM_057796721.1	A	rna-XM_056778716.1	A
rna-XM_057796729.1	A	rna-XM_056779430.1	A
rna-XM_057796731.1	A	rna-XM_056778721.1	A
rna-XM_057796732.1	A	rna-XM_056779327.1	A
rna-XM_057795478.1	A	rna-XM_056778498.1	A
rna-XM_057796360.1	A	rna-XM_056779417.1	A
rna-XM_057796361.1	A	rna-XM_056779420.1	A
rna-XM_057796004.1	A	rna-XM_056779151.1	A
rna-XM_057798136.1	A	rna-XM_056781026.1	A
rna-XM_057798121.1	A	rna-XM_056781023.1	A
rna-XM_057797635.1	A	rna-XM_056780908.1	A
rna-XM_057797642.1	A	rna-XM_056780447.1	A
rna-XM_057797636.1	A	rna-XM_056780233.1	A
rna-XM_057798131.1	A	rna-XM_056780230.1	A
rna-XM_057798558.1	A	rna-XM_056780225.1	A
rna-XM_057798372.1	A	rna-XM_056780359.1	A
rna-XM_057798371.1	A	rna-XM_056780355.1	A
rna-XM_057798170.1	A	rna-XM_056780358.1	A
rna-XM_057798167.1	A	rna-XM_056780353.1	A
rna-XM_057798171.1	A	rna-XM_056780992.1	A
rna-XM_057799582.1	A	rna-XM_056780152.1	A
rna-XM_057799579.1	A	rna-XM_056780154.1	A
rna-XM_057799583.1	A	rna-XM_056780179.1	A
rna-XM_057799586.1	A	rna-XM_056780178.1	A
rna-XM_057799610.1	A	rna-XM_056780985.1	A
rna-XM_057799612.1	A	rna-XM_056781567.1	A
rna-XM_057799613.1	A	rna-XM_056781568.1	A
rna-XM_057799614.1	A	rna-XM_056781203.1	A
rna-XM_057799620.1	A	rna-XM_056781077.1	A
rna-XM_057799619.1	A	rna-XM_056781076.1	A
rna-XM_057797821.1	A	rna-XM_056780803.1	A
rna-XM_057797822.1	A	rna-XM_056780802.1	A
rna-XM_057798352.1	A	rna-XM_056780417.1	A
rna-XM_057798363.1	A	rna-XM_056780424.1	A
rna-XM_057798361.1	A	rna-XM_056781778.1	A
rna-XM_057799756.1	A	rna-XM_056780414.1	A
rna-XM_057799760.1	A	rna-XM_056780415.1	A
rna-XM_057799754.1	A	rna-XM_056781384.1	A
rna-XM_057797947.1	A	rna-XM_056780726.1	A
rna-XM_057797807.1	A	rna-XM_056780607.1	A
rna-XM_057797702.1	A	rna-XM_056780602.1	A
rna-XM_057797745.1	A	rna-XM_056780365.1	A
rna-XM_057798172.1	A	rna-XM_056781123.1	A
rna-XM_057799365.1	A	rna-XM_056780780.1	A
rna-XM_057799362.1	A	rna-XM_056782115.1	A
rna-XM_057799366.1	A	rna-XM_056782118.1	A
rna-XM_057797771.1	A	rna-XM_056782240.1	A
rna-XM_057797779.1	A	rna-XM_056782246.1	A
rna-XM_057798839.1	A	rna-XM_056782245.1	A
rna-XM_057798730.1	A	rna-XM_056780509.1	A
rna-XM_057797875.1	A	rna-XM_056780982.1	A
rna-XM_057797876.1	A	rna-XM_056780983.1	A
rna-XM_057797537.1	A	rna-XM_056780984.1	A
rna-XM_057798369.1	A	rna-XM_056780999.1	A
rna-XM_057797826.1	A	rna-XM_056780373.1	A
rna-XM_057798542.1	A	rna-XM_056781373.1	A
rna-XM_057798543.1	A	rna-XM_056781367.1	A
rna-XM_057797407.1	A	rna-XM_056781192.1	A
rna-XM_057797408.1	A	rna-XM_056781193.1	A
rna-XM_057798073.1	A	rna-XM_056781187.1	A
rna-XM_057799078.1	A	rna-XM_056781186.1	A
rna-XM_057799076.1	A	rna-XM_056781185.1	A
rna-XM_057799087.1	A	rna-XM_056781189.1	A
rna-XM_057799088.1	A	rna-XM_056781190.1	A
rna-XM_057799080.1	A	rna-XM_056781188.1	A
rna-XM_057799083.1	A	rna-XM_056781183.1	A
rna-XM_057799074.1	A	rna-XM_056781177.1	A
rna-XM_057799077.1	A	rna-XM_056781182.1	A
rna-XM_057799092.1	A	rna-XM_056781172.1	A
rna-XM_057798198.1	A	rna-XM_056781490.1	A
rna-XM_057797872.1	A	rna-XM_056780957.1	A
rna-XM_057798409.1	A	rna-XM_056781005.1	A
rna-XM_057797418.1	A	rna-XM_056780439.1	A
rna-XM_057797409.1	A	rna-XM_056780342.1	A
rna-XM_057797410.1	A	rna-XM_056781777.1	A
rna-XM_057797413.1	A	rna-XM_056780345.1	A
rna-XM_057797411.1	A	rna-XM_056780344.1	A
rna-XM_057797417.1	A	rna-XM_056780348.1	A
rna-XM_057797414.1	A	rna-XM_056780346.1	A
rna-XM_057798846.1	A	rna-XM_056781398.1	A
rna-XM_057798845.1	A	rna-XM_056781397.1	A
rna-XM_057797359.1	A	rna-XM_056780055.1	A
rna-XM_057797361.1	A	rna-XM_056780057.1	A
rna-XM_057797360.1	A	rna-XM_056780056.1	A
rna-XM_057797364.1	A	rna-XM_056780054.1	A
rna-XM_057799449.1	A	rna-XM_056780720.1	A
rna-XM_057799450.1	A	rna-XM_056781776.1	A
rna-XM_057799452.1	A	rna-XM_056780620.1	A
rna-XM_057799453.1	A	rna-XM_056780621.1	A
rna-XM_057797487.1	A	rna-XM_056782172.1	A
rna-XM_057797484.1	A	rna-XM_056782168.1	A
rna-XM_057797488.1	A	rna-XM_056782173.1	A
rna-XM_057797447.1	A	rna-XM_056782166.1	A
rna-XM_057797448.1	A	rna-XM_056782174.1	A
rna-XM_057798011.1	A	rna-XM_056781586.1	A
rna-XM_057798010.1	A	rna-XM_056780446.1	A
rna-XM_057797715.1	A	rna-XM_056780442.1	A
rna-XM_057798408.1	A	rna-XM_056780591.1	A
rna-XM_057798468.1	A	rna-XM_056780589.1	A
rna-XM_057798465.1	A	rna-XM_056780836.1	A
rna-XM_057798367.1	A	rna-XM_056781494.1	A
rna-XM_057798065.1	A	rna-XM_056782235.1	A
rna-XM_057798066.1	A	rna-XM_056782236.1	A
rna-XM_057798067.1	A	rna-XM_056782234.1	A
rna-XM_057797962.1	A	rna-XM_056780336.1	A
rna-XM_057797382.1	A	rna-XM_056780578.1	A
rna-XM_057797381.1	A	rna-XM_056780575.1	A
rna-XM_057797387.1	A	rna-XM_056782067.1	A
rna-XM_057797389.1	A	rna-XM_056780596.1	A
rna-XM_057797401.1	A	rna-XM_056781775.1	A
rna-XM_057797395.1	A	rna-XM_056781580.1	A
rna-XM_057797397.1	A	rna-XM_056781581.1	A
rna-XM_057797384.1	A	rna-XM_056781613.1	A
rna-XM_057797388.1	A	rna-XM_056781610.1	A
rna-XM_057797393.1	A	rna-XM_056781774.1	A
rna-XM_057797396.1	A	rna-XM_056781611.1	A
rna-XM_057797399.1	A	rna-XM_056781612.1	A
rna-XM_057797400.1	A	rna-XM_056781609.1	A
rna-XM_057798020.1	A	rna-XM_056781608.1	A
rna-XM_057798021.1	A	rna-XM_056781604.1	A
rna-XM_057798006.1	A	rna-XM_056781606.1	A
rna-XM_057798320.1	A	rna-XM_056781605.1	A
rna-XM_057797678.1	A	rna-XM_056781773.1	A
rna-XM_057797673.1	A	rna-XM_056781600.1	A
rna-XM_057797683.1	A	rna-XM_056781602.1	A
rna-XM_057797684.1	A	rna-XM_056781596.1	A
rna-XM_057797690.1	A	rna-XM_056781595.1	A
rna-XM_057798404.1	A	rna-XM_056781569.1	A
rna-XM_057798134.1	A	rna-XM_056780966.1	A
rna-XM_057797908.1	A	rna-XM_056780511.1	A
rna-XM_057797909.1	A	rna-XM_056780510.1	A
rna-XM_057798553.1	A	rna-XM_056781337.1	A
rna-XM_057798554.1	A	rna-XM_056781772.1	A
rna-XM_057798578.1	A	rna-XM_056781336.1	A
rna-XM_057798577.1	A	rna-XM_056781334.1	A
rna-XM_057798572.1	A	rna-XM_056781329.1	A
rna-XM_057798573.1	A	rna-XM_056781330.1	A
rna-XM_057798580.1	A	rna-XM_056781328.1	A
rna-XM_057798579.1	A	rna-XM_056781327.1	A
rna-XM_057798581.1	A	rna-XM_056781326.1	A
rna-XM_057797963.1	A	rna-XM_056781383.1	A
rna-XM_057797897.1	A	rna-XM_056780766.1	A
rna-XM_057798259.1	A	rna-XM_056780663.1	A
rna-XM_057797855.1	A	rna-XM_056780662.1	A
rna-XM_057799785.1	A	rna-XM_056782224.1	A
rna-XM_057799789.1	A	rna-XM_056782229.1	A
rna-XM_057799537.1	A	rna-XM_056781956.1	A
rna-XM_057798083.1	A	rna-XM_056781952.1	A
rna-XM_057798086.1	A	rna-XM_056781953.1	A
rna-XM_057798087.1	A	rna-XM_056781950.1	A
rna-XM_057797647.1	A	rna-XM_056781341.1	A
rna-XM_057797648.1	A	rna-XM_056781214.1	A
rna-XM_057797651.1	A	rna-XM_056781286.1	A
rna-XM_057797649.1	A	rna-XM_056781285.1	A
rna-XM_057797654.1	A	rna-XM_056781290.1	A
rna-XM_057797961.1	A	rna-XM_056780565.1	A
rna-XM_057799207.1	A	rna-XM_056782160.1	A
rna-XM_057799216.1	A	rna-XM_056782164.1	A
rna-XM_057799220.1	A	rna-XM_056780684.1	A
rna-XM_057799218.1	A	rna-XM_056780682.1	A
rna-XM_057798180.1	A	rna-XM_056781393.1	A
rna-XM_057798183.1	A	rna-XM_056781144.1	A
rna-XM_057798177.1	A	rna-XM_056781130.1	A
rna-XM_057798181.1	A	rna-XM_056781138.1	A
rna-XM_057797538.1	A	rna-XM_056781771.1	A
rna-XM_057798182.1	A	rna-XM_056781139.1	A
rna-XM_057798178.1	A	rna-XM_056781136.1	A
rna-XM_057798185.1	A	rna-XM_056781145.1	A
rna-XM_057798186.1	A	rna-XM_056780851.1	A
rna-XM_057798189.1	A	rna-XM_056780853.1	A
rna-XM_057798188.1	A	rna-XM_056781770.1	A
rna-XM_057798191.1	A	rna-XM_056781768.1	A
rna-XM_057798194.1	A	rna-XM_056781584.1	A
rna-XM_057798844.1	A	rna-XM_056775947.1	A
rna-XM_057798842.1	A	rna-XM_056780687.1	A
rna-XM_057798717.1	A	rna-XM_056780988.1	A
rna-XM_057797542.1	A	rna-XM_056781767.1	A
rna-XM_057798716.1	A	rna-XM_056780614.1	A
rna-XM_057797721.1	A	rna-XM_056781147.1	A
rna-XM_057799295.1	A	rna-XM_056780679.1	A
rna-XM_057799299.1	A	rna-XM_056781682.1	A
rna-XM_057799304.1	A	rna-XM_056781687.1	A
rna-XM_057797545.1	A	rna-XM_056781766.1	A
rna-XM_057799305.1	A	rna-XM_056781672.1	A
rna-XM_057799314.1	A	rna-XM_056781668.1	A
rna-XM_057799321.1	A	rna-XM_056781681.1	A
rna-XM_057799322.1	A	rna-XM_056781670.1	A
rna-XM_057797546.1	A	rna-XM_056781765.1	A
rna-XM_057799323.1	A	rna-XM_056781690.1	A
rna-XM_057799324.1	A	rna-XM_056781680.1	A
rna-XM_057797547.1	A	rna-XM_056781688.1	A
rna-XM_057799325.1	A	rna-XM_056781679.1	A
rna-XM_057799327.1	A	rna-XM_056781686.1	A
rna-XM_057799329.1	A	rna-XM_056781794.1	A
rna-XM_057799330.1	A	rna-XM_056781795.1	A
rna-XM_057799331.1	A	rna-XM_056781789.1	A
rna-XM_057799333.1	A	rna-XM_056780378.1	A
rna-XM_057799336.1	A	rna-XM_056781851.1	A
rna-XM_057799338.1	A	rna-XM_056780196.1	A
rna-XM_057798030.1	A	rna-XM_056780915.1	A
rna-XM_057797431.1	A	rna-XM_056780798.1	A
rna-XM_057798344.1	A	rna-XM_056780450.1	A
rna-XM_057797782.1	A	rna-XM_056780526.1	A
rna-XM_057797786.1	A	rna-XM_056780528.1	A
rna-XM_057797783.1	A	rna-XM_056780524.1	A
rna-XM_057797787.1	A	rna-XM_056780615.1	A
rna-XM_057798848.1	A	rna-XM_056780748.1	A
rna-XM_057797924.1	A	rna-XM_056780761.1	A
rna-XM_057797991.1	A	rna-XM_056781764.1	A
rna-XM_057797989.1	A	rna-XM_056780968.1	A
rna-XM_057797990.1	A	rna-XM_056780969.1	A
rna-XM_057798248.1	A	rna-XM_056781539.1	A
rna-XM_057798571.1	A	rna-XM_056780595.1	A
rna-XM_057798097.1	A	rna-XM_056781075.1	A
rna-XM_057798100.1	A	rna-XM_056780700.1	A
rna-XM_057798562.1	A	rna-XM_056780698.1	A
rna-XM_057797549.1	A	rna-XM_056781402.1	A
rna-XM_057797550.1	A	rna-XM_056781403.1	A
rna-XM_057797551.1	A	rna-XM_056781338.1	A
rna-XM_057798704.1	A	rna-XM_056781509.1	A
rna-XM_057798703.1	A	rna-XM_056781508.1	A
rna-XM_057799707.1	A	rna-XM_056780339.1	A
rna-XM_057799708.1	A	rna-XM_056781038.1	A
rna-XM_057799709.1	A	rna-XM_056781079.1	A
rna-XM_057799710.1	A	rna-XM_056781340.1	A
rna-XM_057799719.1	A	rna-XM_056780847.1	A
rna-XM_057799722.1	A	rna-XM_056780341.1	A
rna-XM_057799723.1	A	rna-XM_056780823.1	A
rna-XM_057799718.1	A	rna-XM_056780822.1	A
rna-XM_057799712.1	A	rna-XM_056780816.1	A
rna-XM_057798081.1	A	rna-XM_056781031.1	A
rna-XM_057799466.1	A	rna-XM_056780283.1	A
rna-XM_057799480.1	A	rna-XM_056780833.1	A
rna-XM_057799479.1	A	rna-XM_056780801.1	A
rna-XM_057799484.1	A	rna-XM_056780531.1	A
rna-XM_057799485.1	A	rna-XM_056781041.1	A
rna-XM_057799497.1	A	rna-XM_056781001.1	A
rna-XM_057799494.1	A	rna-XM_056781000.1	A
rna-XM_057799498.1	A	rna-XM_056781003.1	A
rna-XM_057799491.1	A	rna-XM_056780085.1	A
rna-XM_057799493.1	A	rna-XM_056780086.1	A
rna-XM_057799499.1	A	rna-XM_056782176.1	A
rna-XM_057799512.1	A	rna-XM_056782186.1	A
rna-XM_057799507.1	A	rna-XM_056782182.1	A
rna-XM_057799504.1	A	rna-XM_056782177.1	A
rna-XM_057799513.1	A	rna-XM_056780087.1	A
rna-XM_057799520.1	A	rna-XM_056781762.1	A
rna-XM_057799522.1	A	rna-XM_056781068.1	A
rna-XM_057799524.1	A	rna-XM_056781106.1	A
rna-XM_057799526.1	A	rna-XM_056781017.1	A
rna-XM_057799527.1	A	rna-XM_056780502.1	A
rna-XM_057799529.1	A	rna-XM_056781652.1	A
rna-XM_057799532.1	A	rna-XM_056780616.1	A
rna-XM_057799533.1	A	rna-XM_056780330.1	A
rna-XM_057799535.1	A	rna-XM_056781547.1	A
rna-XM_057799536.1	A	rna-XM_056782035.1	A
rna-XM_057798089.1	A	rna-XM_056780828.1	A
rna-XM_057797662.1	A	rna-XM_056781213.1	A
rna-XM_057797663.1	A	rna-XM_056780771.1	A
rna-XM_057797664.1	A	rna-XM_056780955.1	A
rna-XM_057798041.1	A	rna-XM_056782136.1	A
rna-XM_057798042.1	A	rna-XM_056782137.1	A
rna-XM_057798054.1	A	rna-XM_056782135.1	A
rna-XM_057798052.1	A	rna-XM_056782130.1	A
rna-XM_057798082.1	A	rna-XM_056780552.1	A
rna-XM_057798447.1	A	rna-XM_056780785.1	A
rna-XM_057798446.1	A	rna-XM_056780783.1	A
rna-XM_057798175.1	A	rna-XM_056780782.1	A
rna-XM_057798305.1	A	rna-XM_056781933.1	A
rna-XM_057798374.1	A	rna-XM_056781932.1	A
rna-XM_057798376.1	A	rna-XM_056781930.1	A
rna-XM_057797788.1	A	rna-XM_056781929.1	A
rna-XM_057797870.1	A	rna-XM_056781926.1	A
rna-XM_057797616.1	A	rna-XM_056781927.1	A
rna-XM_057799545.1	A	rna-XM_056781928.1	A
rna-XM_057799541.1	A	rna-XM_056781922.1	A
rna-XM_057797938.1	A	rna-XM_056781921.1	A
rna-XM_057798720.1	A	rna-XM_056781920.1	A
rna-XM_057797554.1	A	rna-XM_056781919.1	A
rna-XM_057797795.1	A	rna-XM_056781918.1	A
rna-XM_057797698.1	A	rna-XM_056781916.1	A
rna-XM_057797765.1	A	rna-XM_056781915.1	A
rna-XM_057797828.1	A	rna-XM_056781913.1	A
rna-XM_057797829.1	A	rna-XM_056781912.1	A
rna-XM_057797419.1	A	rna-XM_056781911.1	A
rna-XM_057797421.1	A	rna-XM_056781910.1	A
rna-XM_057799094.1	A	rna-XM_056781907.1	A
rna-XM_057799099.1	A	rna-XM_056781905.1	A
rna-XM_057799098.1	A	rna-XM_056781904.1	A
rna-XM_057799097.1	A	rna-XM_056781903.1	A
rna-XM_057799096.1	A	rna-XM_056781902.1	A
rna-XM_057798141.1	A	rna-XM_056781900.1	A
rna-XM_057798140.1	A	rna-XM_056781899.1	A
rna-XM_057798386.1	A	rna-XM_056781491.1	A
rna-XM_057797614.1	A	rna-XM_056780973.1	A
rna-XM_057797692.1	A	rna-XM_056780694.1	A
rna-XM_057797880.1	A	rna-XM_056782031.1	A
rna-XM_057797881.1	A	rna-XM_056782034.1	A
rna-XM_057798045.1	A	rna-XM_056782030.1	A
rna-XM_057797643.1	A	rna-XM_056782027.1	A
rna-XM_057799671.1	A	rna-XM_056782019.1	A
rna-XM_057797847.1	A	rna-XM_056780729.1	A
rna-XM_057798079.1	A	rna-XM_056780730.1	A
rna-XM_057798561.1	A	rna-XM_056780904.1	A
rna-XM_057798255.1	A	rna-XM_056780286.1	A
rna-XM_057798709.1	A	rna-XM_056781324.1	A
rna-XM_057798850.1	A	rna-XM_056780902.1	A
rna-XM_057799791.1	A	rna-XM_056780696.1	A
rna-XM_057799792.1	A	rna-XM_056780750.1	A
rna-XM_057799694.1	A	rna-XM_056780538.1	A
rna-XM_057799693.1	A	rna-XM_056780537.1	A
rna-XM_057799690.1	A	rna-XM_056780536.1	A
rna-XM_057798263.1	A	rna-XM_056780532.1	A
rna-XM_057797856.1	A	rna-XM_056780805.1	A
rna-XM_057799778.1	A	rna-XM_056782127.1	A
rna-XM_057799779.1	A	rna-XM_056782121.1	A
rna-XM_057797422.1	A	rna-XM_056782120.1	A
rna-XM_057797424.1	A	rna-XM_056782063.1	A
rna-XM_057797427.1	A	rna-XM_056782059.1	A
rna-XM_057797429.1	A	rna-XM_056780790.1	A
rna-XM_057797430.1	A	rna-XM_056780793.1	A
rna-XM_057798433.1	A	rna-XM_056780788.1	A
rna-XM_057797535.1	A	rna-XM_056780789.1	A
rna-XM_057797923.1	A	rna-XM_056780972.1	A
rna-XM_057798779.1	A	rna-XM_056780756.1	A
rna-XM_057797980.1	A	rna-XM_056780633.1	A
rna-XM_057797986.1	A	rna-XM_056780849.1	A
rna-XM_057797656.1	A	rna-XM_056781761.1	A
rna-XM_057798133.1	A	rna-XM_056781564.1	A
rna-XM_057797860.1	A	rna-XM_056781215.1	A
rna-XM_057797658.1	A	rna-XM_056781758.1	A
rna-XM_057797851.1	A	rna-XM_056780634.1	A
rna-XM_057798068.1	A	rna-XM_056780636.1	A
rna-XM_057799622.1	A	rna-XM_056781345.1	A
rna-XM_057799625.1	A	rna-XM_056780245.1	A
rna-XM_057799626.1	A	rna-XM_056782002.1	A
rna-XM_057798841.1	A	rna-XM_056780879.1	A
rna-XM_057798074.1	A	rna-XM_056780671.1	A
rna-XM_057798076.1	A	rna-XM_056781295.1	A
rna-XM_057798005.1	A	rna-XM_056781578.1	A
rna-XM_057798497.1	A	rna-XM_056781577.1	A
rna-XM_057798493.1	A	rna-XM_056780647.1	A
rna-XM_057798980.1	A	rna-XM_056781395.1	A
rna-XM_057798972.1	A	rna-XM_056780189.1	A
rna-XM_057798977.1	A	rna-XM_056780769.1	A
rna-XM_057798981.1	A	rna-XM_056781558.1	A
rna-XM_057799183.1	A	rna-XM_056780584.1	A
rna-XM_057798232.1	A	rna-XM_056780500.1	A
rna-XM_057798235.1	A	rna-XM_056780260.1	A
rna-XM_057797672.1	A	rna-XM_056780876.1	A
rna-XM_057798902.1	A	rna-XM_056781883.1	A
rna-XM_057798903.1	A	rna-XM_056781885.1	A
rna-XM_057798900.1	A	rna-XM_056781878.1	A
rna-XM_057798905.1	A	rna-XM_056781757.1	A
rna-XM_057798906.1	A	rna-XM_056780360.1	A
rna-XM_057798907.1	A	rna-XM_056780573.1	A
rna-XM_057798031.1	A	rna-XM_056780953.1	A
rna-XM_057797691.1	A	rna-XM_056780905.1	A
rna-XM_057798135.1	A	rna-XM_056781624.1	A
rna-XM_057797904.1	A	rna-XM_056781621.1	A
rna-XM_057798321.1	A	rna-XM_056781620.1	A
rna-XM_057798153.1	A	rna-XM_056781617.1	A
rna-XM_057798252.1	A	rna-XM_056781623.1	A
rna-XM_057799662.1	A	rna-XM_056780837.1	A
rna-XM_057799666.1	A	rna-XM_056780841.1	A
rna-XM_057799664.1	A	rna-XM_056780838.1	A
rna-XM_057798128.1	A	rna-XM_056780882.1	A
rna-XM_057798289.1	A	rna-XM_056781756.1	A
rna-XM_057797375.1	A	rna-XM_056780885.1	A
rna-XM_057797712.1	A	rna-XM_056781754.1	A
rna-XM_057797461.1	A	rna-XM_056780361.1	A
rna-XM_057797459.1	A	rna-XM_056780090.1	A
rna-XM_057797543.1	A	rna-XM_056780089.1	A
rna-XM_057797756.1	A	rna-XM_056781582.1	A
rna-XM_057798037.1	A	rna-XM_056780901.1	A
rna-XM_057799221.1	A	rna-XM_056782249.1	A
rna-XM_057799224.1	A	rna-XM_056782251.1	A
rna-XM_057799229.1	A	rna-XM_056782259.1	A
rna-XM_057799230.1	A	rna-XM_056782085.1	A
rna-XM_057798012.1	A	rna-XM_056780927.1	A
rna-XM_057797825.1	A	rna-XM_056781074.1	A
rna-XM_057798734.1	A	rna-XM_056781070.1	A
rna-XM_057798069.1	A	rna-XM_056781072.1	A
rna-XM_057798261.1	A	rna-XM_056781071.1	A
rna-XM_057798260.1	A	rna-XM_056781069.1	A
rna-XM_057797758.1	A	rna-XM_056781990.1	A
rna-XM_057797757.1	A	rna-XM_056781988.1	A
rna-XM_057798236.1	A	rna-XM_056781987.1	A
rna-XM_057798237.1	A	rna-XM_056781520.1	A
rna-XM_057798238.1	A	rna-XM_056781521.1	A
rna-XM_057799242.1	A	rna-XM_056781844.1	A
rna-XM_057799246.1	A	rna-XM_056781845.1	A
rna-XM_057799241.1	A	rna-XM_056781843.1	A
rna-XM_057799247.1	A	rna-XM_056781848.1	A
rna-XM_057799248.1	A	rna-XM_056781849.1	A
rna-XM_057799244.1	A	rna-XM_056781846.1	A
rna-XM_057799240.1	A	rna-XM_056781574.1	A
rna-XM_057797894.1	A	rna-XM_056781999.1	A
rna-XM_057797896.1	A	rna-XM_056782000.1	A
rna-XM_057797450.1	A	rna-XM_056781993.1	A
rna-XM_057797950.1	A	rna-XM_056780906.1	A
rna-XM_057798050.1	A	rna-XM_056781752.1	A
rna-XM_057798049.1	A	rna-XM_056780759.1	A
rna-XM_057798091.1	A	rna-XM_056780366.1	A
rna-XM_057799566.1	A	rna-XM_056780070.1	A
rna-XM_057799546.1	A	rna-XM_056780061.1	A
rna-XM_057798519.1	A	rna-XM_056780059.1	A
rna-XM_057798520.1	A	rna-XM_056780437.1	A
rna-XM_057798164.1	A	rna-XM_056781015.1	A
rna-XM_057798880.1	A	rna-XM_056782197.1	A
rna-XM_057798556.1	A	rna-XM_056780332.1	A
rna-XM_057797941.1	A	rna-XM_056780571.1	A
rna-XM_057797722.1	A	rna-XM_056780340.1	A
rna-XM_057799065.1	A	rna-XM_056781557.1	A
rna-XM_057799064.1	A	rna-XM_056781556.1	A
rna-XM_057799067.1	A	rna-XM_056781553.1	A
rna-XM_057799068.1	A	rna-XM_056781551.1	A
rna-XM_057799070.1	A	rna-XM_056781552.1	A
rna-XM_057797657.1	A	rna-XM_056780572.1	A
rna-XM_057798910.1	A	rna-XM_056780923.1	A
rna-XM_057798914.1	A	rna-XM_056781067.1	A
rna-XM_057798915.1	A	rna-XM_056781066.1	A
rna-XM_057798922.1	A	rna-XM_056781063.1	A
rna-XM_057798918.1	A	rna-XM_056781059.1	A
rna-XM_057798924.1	A	rna-XM_056781057.1	A
rna-XM_057798926.1	A	rna-XM_056781058.1	A
rna-XM_057798327.1	A	rna-XM_056781353.1	A
rna-XM_057797733.1	A	rna-XM_056781751.1	A
rna-XM_057798322.1	A	rna-XM_056781348.1	A
rna-XM_057798325.1	A	rna-XM_056781352.1	A
rna-XM_057797734.1	A	rna-XM_056781750.1	A
rna-XM_057798332.1	A	rna-XM_056781784.1	A
rna-XM_057798330.1	A	rna-XM_056781783.1	A
rna-XM_057798331.1	A	rna-XM_056781782.1	A
rna-XM_057798328.1	A	rna-XM_056781779.1	A
rna-XM_057797858.1	A	rna-XM_056780327.1	A
rna-XM_057797857.1	A	rna-XM_056780326.1	A
rna-XM_057797859.1	A	rna-XM_056780328.1	A
rna-XM_057798161.1	A	rna-XM_056780372.1	A
rna-XM_057798160.1	A	rna-XM_056780371.1	A
rna-XM_057797372.1	A	rna-XM_056781382.1	A
rna-XM_057797365.1	A	rna-XM_056781374.1	A
rna-XM_057799540.1	A	rna-XM_056781381.1	A
rna-XM_057799539.1	A	rna-XM_056781396.1	A
rna-XM_057799189.1	A	rna-XM_056780893.1	A
rna-XM_057799192.1	A	rna-XM_056780894.1	A
rna-XM_057799195.1	A	rna-XM_056780899.1	A
rna-XM_057799197.1	A	rna-XM_056780896.1	A
rna-XM_057799724.1	A	rna-XM_056780889.1	A
rna-XM_057799730.1	A	rna-XM_056780887.1	A
rna-XM_057799728.1	A	rna-XM_056780895.1	A
rna-XM_057799725.1	A	rna-XM_056780890.1	A
rna-XM_057799729.1	A	rna-XM_056780886.1	A
rna-XM_057798894.1	A	rna-XM_056781666.1	A
rna-XM_057798895.1	A	rna-XM_056781120.1	A
rna-XM_057798896.1	A	rna-XM_056781122.1	A
rna-XM_057797832.1	A	rna-XM_056781121.1	A
rna-XM_057797796.1	A	rna-XM_056781107.1	A
rna-XM_057797735.1	A	rna-XM_056781344.1	A
rna-XM_057798727.1	A	rna-XM_056780547.1	A
rna-XM_057797646.1	A	rna-XM_056780449.1	A
rna-XM_057797849.1	A	rna-XM_056780773.1	A
rna-XM_057797917.1	A	rna-XM_056780950.1	A
rna-XM_057797835.1	A	rna-XM_056780924.1	A
rna-XM_057797959.1	A	rna-XM_056780678.1	A
rna-XM_057797833.1	A	rna-XM_056781392.1	A
rna-XM_057797834.1	A	rna-XM_056781019.1	A
rna-XM_057798732.1	A	rna-XM_056781018.1	A
rna-XM_057797532.1	A	rna-XM_056781035.1	A
rna-XM_057797534.1	A	rna-XM_056780996.1	A
rna-XM_057798398.1	A	rna-XM_056780997.1	A
rna-XM_057798536.1	A	rna-XM_056781648.1	A
rna-XM_057798537.1	A	rna-XM_056781033.1	A
rna-XM_057799368.1	A	rna-XM_056780776.1	A
rna-XM_057799369.1	A	rna-XM_056780777.1	A
rna-XM_057799370.1	A	rna-XM_056780778.1	A
rna-XM_057799367.1	A	rna-XM_056781561.1	A
rna-XM_057799372.1	A	rna-XM_056781859.1	A
rna-XM_057799375.1	A	rna-XM_056781853.1	A
rna-XM_057799397.1	A	rna-XM_056781745.1	A
rna-XM_057799398.1	A	rna-XM_056781022.1	A
rna-XM_057797759.1	A	rna-XM_056781029.1	A
rna-XM_057799400.1	A	rna-XM_056781016.1	A
rna-XM_057797763.1	A	rna-XM_056781744.1	A
rna-XM_057799401.1	A	rna-XM_056782128.1	A
rna-XM_057799403.1	A	rna-XM_056781294.1	A
rna-XM_057799404.1	A	rna-XM_056780454.1	A
rna-XM_057799419.1	A	rna-XM_056782222.1	A
rna-XM_057799420.1	A	rna-XM_056782223.1	A
rna-XM_057799409.1	A	rna-XM_056782213.1	A
rna-XM_057799417.1	A	rna-XM_056782221.1	A
rna-XM_057799422.1	A	rna-XM_056780407.1	A
rna-XM_057799423.1	A	rna-XM_056780092.1	A
rna-XM_057799427.1	A	rna-XM_056780095.1	A
rna-XM_057799429.1	A	rna-XM_056780583.1	A
rna-XM_057799433.1	A	rna-XM_056780096.1	A
rna-XM_057799432.1	A	rna-XM_056781517.1	A
rna-XM_057799434.1	A	rna-XM_056780826.1	A
rna-XM_057799439.1	A	rna-XM_056780978.1	A
rna-XM_057799441.1	A	rna-XM_056781316.1	A
rna-XM_057799444.1	A	rna-XM_056780504.1	A
rna-XM_057798290.1	A	rna-XM_056781325.1	A
rna-XM_057798294.1	A	rna-XM_056782083.1	A
rna-XM_057799699.1	A	rna-XM_056781342.1	A
rna-XM_057797781.1	A	rna-XM_056781742.1	A
rna-XM_057799697.1	A	rna-XM_056780569.1	A
rna-XM_057799700.1	A	rna-XM_056782208.1	A
rna-XM_057798406.1	A	rna-XM_056782207.1	A
rna-XM_057798407.1	A	rna-XM_056782205.1	A
rna-XM_057799361.1	A	rna-XM_056782201.1	A
rna-XM_057797557.1	A	rna-XM_056780512.1	A
rna-XM_057798566.1	A	rna-XM_056781522.1	A
rna-XM_057797937.1	A	rna-XM_056781616.1	A
rna-XM_057798715.1	A	rna-XM_056781166.1	A
rna-XM_057798319.1	A	rna-XM_056781165.1	A
rna-XM_057798318.1	A	rna-XM_056781164.1	A
rna-XM_057798849.1	A	rna-XM_056781549.1	A
rna-XM_057798126.1	A	rna-XM_056780587.1	A
rna-XM_057797526.1	A	rna-XM_056780809.1	A
rna-XM_057797530.1	A	rna-XM_056780075.1	A
rna-XM_057797531.1	A	rna-XM_056780074.1	A
rna-XM_057797502.1	A	rna-XM_056780561.1	A
rna-XM_057797504.1	A	rna-XM_056781168.1	A
rna-XM_057797506.1	A	rna-XM_056781169.1	A
rna-XM_057797790.1	A	rna-XM_056781741.1	A
rna-XM_057798309.1	A	rna-XM_056780744.1	A
rna-XM_057798310.1	A	rna-XM_056781740.1	A
rna-XM_057798584.1	A	rna-XM_056780743.1	A
rna-XM_057798439.1	A	rna-XM_056780685.1	A
rna-XM_057798476.1	A	rna-XM_056781838.1	A
rna-XM_057799254.1	A	rna-XM_056781832.1	A
rna-XM_057797932.1	A	rna-XM_056781828.1	A
rna-XM_057798436.1	A	rna-XM_056781827.1	A
rna-XM_057798438.1	A	rna-XM_056781826.1	A
rna-XM_057797694.1	A	rna-XM_056781823.1	A
rna-XM_057799238.1	A	rna-XM_056781822.1	A
rna-XM_057799239.1	A	rna-XM_056781821.1	A
rna-XM_057797836.1	A	rna-XM_056785566.1	A
rna-XM_057799048.1	A	rna-XM_056781819.1	A
rna-XM_057797831.1	A	rna-XM_056781815.1	A
rna-XM_057797956.1	A	rna-XM_056781818.1	A
rna-XM_057797879.1	A	rna-XM_056781816.1	A
rna-XM_057798885.1	A	rna-XM_056781813.1	A
rna-XM_057798886.1	A	rna-XM_056781811.1	A
rna-XM_057797869.1	A	rna-XM_056781809.1	A
rna-XM_057797868.1	A	rna-XM_056781808.1	A
rna-XM_057797911.1	A	rna-XM_056781800.1	A
rna-XM_057797867.1	A	rna-XM_056781798.1	A
rna-XM_057797793.1	A	rna-XM_056780582.1	A
rna-XM_057797848.1	A	rna-XM_056780862.1	A
rna-XM_057798521.1	A	rna-XM_056781080.1	A
rna-XM_057797845.1	A	rna-XM_056791547.1	A
rna-XM_057799205.1	A	rna-XM_056781078.1	A
rna-XM_057799200.1	A	rna-XM_056780337.1	A
rna-XM_057797873.1	A	rna-XM_056779955.1	A
rna-XM_057797902.1	A	rna-XM_056781716.1	A
rna-XM_057797903.1	A	rna-XM_056787959.1	A
rna-XM_057798888.1	A	rna-XM_056781725.1	A
rna-XM_057798736.1	A	rna-XM_056777883.1	A
rna-XM_057798739.1	A	rna-XM_056785582.1	A
rna-XM_057798740.1	A	rna-XM_056791468.1	A
rna-XM_057799355.1	A	rna-XM_056785574.1	A
rna-XM_057799354.1	A	rna-XM_056777241.1	A
rna-XM_057798758.1	A	rna-XM_056786890.1	A
rna-XM_057797780.1	A	rna-XM_056781357.1	A
rna-XM_057798418.1	A	rna-XM_056780518.1	A
rna-XM_057798420.1	A	rna-XM_056780312.1	A
rna-XM_057798270.1	A	rna-XM_056780310.1	A
rna-XM_057798280.1	A	rna-XM_056780294.1	A
rna-XM_057798284.1	A	rna-XM_056780306.1	A
rna-XM_057798278.1	A	rna-XM_056780872.1	A
rna-XM_057798276.1	A	rna-XM_056780287.1	A
rna-XM_057798285.1	A	rna-XM_056780292.1	A
rna-XM_057798287.1	A	rna-XM_056780987.1	A
rna-XM_057798288.1	A	rna-XM_056780530.1	A
rna-XM_057798343.1	A	rna-XM_056781562.1	A
rna-XM_057797470.1	A	rna-XM_056781661.1	A
rna-XM_057799794.1	A	rna-XM_056781654.1	A
rna-XM_057799801.1	A	rna-XM_056781660.1	A
rna-XM_057798431.1	A	rna-XM_056780767.1	A
rna-XM_057799188.1	A	rna-XM_056781222.1	A
rna-XM_057799184.1	A	rna-XM_056781219.1	A
rna-XM_057799185.1	A	rna-XM_056780148.1	A
rna-XM_057799187.1	A	rna-XM_056780151.1	A
rna-XM_057797878.1	A	rna-XM_056780871.1	A
rna-XM_057798775.1	A	rna-XM_056780857.1	A
rna-XM_057797999.1	A	rna-XM_056780850.1	A
rna-XM_057798777.1	A	rna-XM_056779974.1	A
rna-XM_057797843.1	A	rna-XM_056780881.1	A
rna-XM_057798523.1	A	rna-XM_056781589.1	A
rna-XM_057797987.1	A	rna-XM_056780928.1	A
rna-XM_057798151.1	A	rna-XM_056781984.1	A
rna-XM_057797615.1	A	rna-XM_056781982.1	A
rna-XM_057797926.1	A	rna-XM_056780073.1	A
rna-XM_057797696.1	A	rna-XM_056780673.1	A
rna-XM_057797992.1	A	rna-XM_056781365.1	A
rna-XM_057797994.1	A	rna-XM_056780741.1	A
rna-XM_057798781.1	A	rna-XM_056780834.1	A
rna-XM_057799276.1	A	rna-XM_056781055.1	A
rna-XM_057799275.1	A	rna-XM_056779577.1	A
rna-XM_057799280.1	A	rna-XM_056780379.1	A
rna-XM_057799279.1	A	rna-XM_056780779.1	A
rna-XM_057799284.1	A	rna-XM_056780954.1	A
rna-XM_057799281.1	A	rna-XM_056781626.1	A
rna-XM_057797380.1	A	rna-XM_056780187.1	A
rna-XM_057797379.1	A	rna-XM_056780186.1	A
rna-XM_057797376.1	A	rna-XM_056780184.1	A
rna-XM_057797792.1	A	rna-XM_056780338.1	A
rna-XM_057798254.1	A	rna-XM_056781014.1	A
rna-XM_057798712.1	A	rna-XM_056781591.1	A
rna-XM_057798533.1	A	rna-XM_056780832.1	A
rna-XM_057797889.1	A	rna-XM_056780961.1	A
rna-XM_057797890.1	A	rna-XM_056781322.1	A
rna-XM_057797888.1	A	rna-XM_056781319.1	A
rna-XM_057798000.1	A	rna-XM_056780880.1	A
rna-XM_057799661.1	A	rna-XM_056782195.1	A
rna-XM_057797927.1	A	rna-XM_056780941.1	A
rna-XM_057798585.1	A	rna-XM_056780940.1	A
rna-XM_057798590.1	A	rna-XM_056780831.1	A
rna-XM_057798586.1	A	rna-XM_056780937.1	A
rna-XM_057798593.1	A	rna-XM_056780936.1	A
rna-XM_057798592.1	A	rna-XM_056780935.1	A
rna-XM_057798597.1	A	rna-XM_056780932.1	A
rna-XM_057798599.1	A	rna-XM_056780939.1	A
rna-XM_057798603.1	A	rna-XM_056780931.1	A
rna-XM_057798601.1	A	rna-XM_056780929.1	A
rna-XM_057798614.1	A	rna-XM_056781112.1	A
rna-XM_057798627.1	A	rna-XM_056781115.1	A
rna-XM_057798618.1	A	rna-XM_056781114.1	A
rna-XM_057798611.1	A	rna-XM_056781161.1	A
rna-XM_057798607.1	A	rna-XM_056781160.1	A
rna-XM_057798619.1	A	rna-XM_056780960.1	A
rna-XM_057798605.1	A	rna-XM_056780263.1	A
rna-XM_057798615.1	A	rna-XM_056780265.1	A
rna-XM_057798625.1	A	rna-XM_056780271.1	A
rna-XM_057798628.1	A	rna-XM_056780273.1	A
rna-XM_057798620.1	A	rna-XM_056780268.1	A
rna-XM_057798621.1	A	rna-XM_056780269.1	A
rna-XM_057798623.1	A	rna-XM_056780270.1	A
rna-XM_057798604.1	A	rna-XM_056782057.1	A
rna-XM_057798629.1	A	rna-XM_056782052.1	A
rna-XM_057798632.1	A	rna-XM_056782055.1	A
rna-XM_057798631.1	A	rna-XM_056782054.1	A
rna-XM_057798633.1	A	rna-XM_056780723.1	A
rna-XM_057798785.1	A	rna-XM_056780824.1	A
rna-XM_057798636.1	A	rna-XM_056780813.1	A
rna-XM_057798637.1	A	rna-XM_056780806.1	A
rna-XM_057798638.1	A	rna-XM_056781502.1	A
rna-XM_057798681.1	A	rna-XM_056781504.1	A
rna-XM_057798683.1	A	rna-XM_056780564.1	A
rna-XM_057798691.1	A	rna-XM_056780563.1	A
rna-XM_057798685.1	A	rna-XM_056780213.1	A
rna-XM_057798689.1	A	rna-XM_056780216.1	A
rna-XM_057798679.1	A	rna-XM_056780212.1	A
rna-XM_057798684.1	A	rna-XM_056780211.1	A
rna-XM_057798688.1	A	rna-XM_056782110.1	A
rna-XM_057798640.1	A	rna-XM_056782087.1	A
rna-XM_057798687.1	A	rna-XM_056780222.1	A
rna-XM_057798676.1	A	rna-XM_056780218.1	A
rna-XM_057798678.1	A	rna-XM_056780640.1	A
rna-XM_057798701.1	A	rna-XM_056780858.1	A
rna-XM_057798702.1	A	rna-XM_056780860.1	A
rna-XM_057798697.1	A	rna-XM_056780256.1	A
rna-XM_057798692.1	A	rna-XM_056780251.1	A
rna-XM_057799735.1	A	rna-XM_056781866.1	A
rna-XM_057797749.1	A	rna-XM_056781865.1	A
rna-XM_057797746.1	A	rna-XM_056781864.1	A
rna-XM_057797747.1	A	rna-XM_056781862.1	A
rna-XM_057797750.1	A	rna-XM_056781499.1	A
rna-XM_057797752.1	A	rna-XM_056781498.1	A
rna-XM_057797823.1	A	rna-XM_056780550.1	A
rna-XM_057798047.1	A	rna-XM_056780549.1	A
rna-XM_057798383.1	A	rna-XM_056780406.1	A
rna-XM_057798148.1	A	rna-XM_056780555.1	A
rna-XM_057798143.1	A	rna-XM_056780553.1	A
rna-XM_057797935.1	A	rna-XM_056781034.1	A
rna-XM_057797998.1	A	rna-XM_056781083.1	A
rna-XM_057797951.1	A	rna-XM_056781039.1	A
rna-XM_057797957.1	A	rna-XM_056780796.1	A
rna-XM_057797995.1	A	rna-XM_056780787.1	A
rna-XM_057797479.1	A	rna-XM_056782209.1	A
rna-XM_057797852.1	A	rna-XM_056781541.1	A
rna-XM_057798789.1	A	rna-XM_056780781.1	A
rna-XM_057797438.1	A	rna-XM_056781971.1	A
rna-XM_057797441.1	A	rna-XM_056781979.1	A
rna-XM_057798790.1	A	rna-XM_056789842.1	X
rna-XM_057797439.1	A	rna-XM_056781973.1	A
rna-XM_057797443.1	A	rna-XM_056781981.1	A
rna-XM_057797444.1	A	rna-XM_056781972.1	A
rna-XM_057798927.1	A	rna-XM_056781970.1	A
rna-XM_057798928.1	A	rna-XM_056780438.1	A
rna-XM_057798929.1	A	rna-XM_056780322.1	A
rna-XM_057798931.1	A	rna-XM_056780323.1	A
rna-XM_057798792.1	A	rna-XM_056780774.1	A
rna-XM_057798935.1	A	rna-XM_056780558.1	A
rna-XM_057798939.1	A	rna-XM_056780546.1	A
rna-XM_057798936.1	A	rna-XM_056780543.1	A
rna-XM_057798794.1	A	rna-XM_056780772.1	A
rna-XM_057798940.1	A	rna-XM_056781293.1	A
rna-XM_057798942.1	A	rna-XM_056781291.1	A
rna-XM_057797744.1	A	rna-XM_056780747.1	A
rna-XM_057797988.1	A	rna-XM_056781390.1	A
rna-XM_057799571.1	A	rna-XM_056780367.1	A
rna-XM_057799573.1	A	rna-XM_056780370.1	A
rna-XM_057798705.1	A	rna-XM_056781297.1	A
rna-XM_057798399.1	A	rna-XM_056781488.1	A
rna-XM_057798402.1	A	rna-XM_056781487.1	A
rna-XM_057799358.1	A	rna-XM_056781484.1	A
rna-XM_057799357.1	A	rna-XM_056781483.1	A
rna-XM_057799360.1	A	rna-XM_056781486.1	A
rna-XM_057797905.1	A	rna-XM_056781482.1	A
rna-XM_057797660.1	A	rna-XM_056781480.1	A
rna-XM_057797558.1	A	rna-XM_056781449.1	A
rna-XM_057798240.1	A	rna-XM_056781441.1	A
rna-XM_057798241.1	A	rna-XM_056781439.1	A
rna-XM_057798242.1	A	rna-XM_056781438.1	A
rna-XM_057798243.1	A	rna-XM_056781434.1	A
rna-XM_057798244.1	A	rna-XM_056781436.1	A
rna-XM_057798162.1	A	rna-XM_056781432.1	A
rna-XM_057797819.1	A	rna-XM_056781431.1	A
rna-XM_057798796.1	A	rna-XM_056780760.1	A
rna-XM_057798004.1	A	rna-XM_056781430.1	A
rna-XM_057798002.1	A	rna-XM_056781429.1	A
rna-XM_057798797.1	A	rna-XM_056781428.1	A
rna-XM_057798798.1	A	rna-XM_056788837.1	A
rna-XM_057797984.1	A	rna-XM_056781427.1	A
rna-XM_057797496.1	A	rna-XM_056781424.1	A
rna-XM_057797497.1	A	rna-XM_056781426.1	A
rna-XM_057797498.1	A	rna-XM_056781423.1	A
rna-XM_057797499.1	A	rna-XM_056781421.1	A
rna-XM_057797736.1	A	rna-XM_056781417.1	A
rna-XM_057798333.1	A	rna-XM_056781410.1	A
rna-XM_057797983.1	A	rna-XM_056781408.1	A
rna-XM_057798119.1	A	rna-XM_056781407.1	A
rna-XM_057798481.1	A	rna-XM_056781406.1	A
rna-XM_057797949.1	A	rna-XM_056781405.1	A
rna-XM_057797887.1	A	rna-XM_056781404.1	A
rna-XM_057797483.1	A	rna-XM_056780262.1	A
rna-XM_057798440.1	A	rna-XM_056781511.1	A
rna-XM_057797837.1	A	rna-XM_056780428.1	A
rna-XM_057798032.1	A	rna-XM_056780810.1	A
rna-XM_057798035.1	A	rna-XM_056780751.1	A
rna-XM_057799274.1	A	rna-XM_056780405.1	A
rna-XM_057799272.1	A	rna-XM_056780409.1	A
rna-XM_057797966.1	A	rna-XM_056780408.1	A
rna-XM_057797967.1	A	rna-XM_056780749.1	A
rna-XM_057797968.1	A	rna-XM_056781009.1	A
rna-XM_057797975.1	A	rna-XM_056781006.1	A
rna-XM_057798199.1	A	rna-XM_056780676.1	A
rna-XM_057798200.1	A	rna-XM_056780675.1	A
rna-XM_057798210.1	A	rna-XM_056780250.1	A
rna-XM_057798209.1	A	rna-XM_056780249.1	A
rna-XM_057798207.1	A	rna-XM_056780246.1	A
rna-XM_057798208.1	A	rna-XM_056780247.1	A
rna-XM_057798203.1	A	rna-XM_056781958.1	A
rna-XM_057798219.1	A	rna-XM_056781964.1	A
rna-XM_057798214.1	A	rna-XM_056781961.1	A
rna-XM_057798212.1	A	rna-XM_056782080.1	A
rna-XM_057798230.1	A	rna-XM_056782079.1	A
rna-XM_057798229.1	A	rna-XM_056782078.1	A
rna-XM_057799627.1	A	rna-XM_056782069.1	A
rna-XM_057797846.1	A	rna-XM_056780351.1	A
rna-XM_057799652.1	A	rna-XM_056780076.1	A
rna-XM_057799654.1	A	rna-XM_056780080.1	A
rna-XM_057799655.1	A	rna-XM_056780081.1	A
rna-XM_057799656.1	A	rna-XM_056780078.1	A
rna-XM_057799660.1	A	rna-XM_056780084.1	A
rna-XM_057797942.1	A	rna-XM_056780910.1	A
rna-XM_057799679.1	A	rna-XM_056782230.1	A
rna-XM_057799681.1	A	rna-XM_056782231.1	A
rna-XM_057799687.1	A	rna-XM_056782233.1	A
rna-XM_057799684.1	A	rna-XM_056782232.1	A
rna-XM_057799688.1	A	rna-XM_056780721.1	A
rna-XM_057799745.1	A	rna-XM_056781636.1	A
rna-XM_057799743.1	A	rna-XM_056781631.1	A
rna-XM_057799744.1	A	rna-XM_056781632.1	A
rna-XM_057797464.1	A	rna-XM_056781633.1	A
rna-XM_057799748.1	A	rna-XM_056782129.1	A
rna-XM_057799750.1	A	rna-XM_056781533.1	A
rna-XM_057799753.1	A	rna-XM_056781531.1	A
rna-XM_057798023.1	A	rna-XM_056781528.1	A
rna-XM_057798024.1	A	rna-XM_056781530.1	A
rna-XM_057798028.1	A	rna-XM_056781525.1	A
rna-XM_057798029.1	A	rna-XM_056781524.1	A
rna-XM_057798129.1	A	rna-XM_056780740.1	A
rna-XM_057797827.1	A	rna-XM_056780666.1	A
rna-XM_057798302.1	A	rna-XM_056780994.1	A
rna-XM_057798303.1	A	rna-XM_056780814.1	A
rna-XM_057797789.1	A	rna-XM_056782010.1	A
rna-XM_057799701.1	A	rna-XM_056782009.1	A
rna-XM_057799705.1	A	rna-XM_056782066.1	A
rna-XM_057799704.1	A	rna-XM_056782065.1	A
rna-XM_057797996.1	A	rna-XM_056782064.1	A
rna-XM_057797764.1	A	rna-XM_056780521.1	A
rna-XM_057798799.1	A	rna-XM_056780727.1	A
rna-XM_057798007.1	A	rna-XM_056781548.1	A
rna-XM_057797741.1	A	rna-XM_056780513.1	A
rna-XM_057798304.1	A	rna-XM_056781588.1	A
rna-XM_057797817.1	A	rna-XM_056781615.1	A
rna-XM_057797737.1	A	rna-XM_056780794.1	A
rna-XM_057799454.1	A	rna-XM_056780654.1	A
rna-XM_057798803.1	A	rna-XM_056786654.1	A
rna-XM_057798804.1	A	rna-XM_056780724.1	A
rna-XM_057799455.1	A	rna-XM_056780655.1	A
rna-XM_057799459.1	A	rna-XM_056781128.1	A
rna-XM_057799457.1	A	rna-XM_056781126.1	A
rna-XM_057798898.1	A	rna-XM_056781119.1	A
rna-XM_057798899.1	A	rna-XM_056780719.1	A
rna-XM_057799696.1	A	rna-XM_056781116.1	A
rna-XM_057797671.1	A	rna-XM_056780738.1	A
rna-XM_057798550.1	A	rna-XM_056781399.1	A
rna-XM_057797934.1	A	rna-XM_056780529.1	A
rna-XM_057798805.1	A	rna-XM_056781156.1	A
rna-XM_057798156.1	A	rna-XM_056781152.1	A
rna-XM_057797762.1	A	rna-XM_056780374.1	A
rna-XM_057797358.1	A	rna-XM_056781797.1	A
rna-XM_057797536.1	A	rna-XM_056781796.1	A
rna-XM_057798833.1	A	rna-XM_056781592.1	A
rna-XM_057798831.1	A	rna-XM_056781594.1	A
rna-XM_057798829.1	A	rna-XM_056781944.1	A
rna-XM_057797728.1	A	rna-XM_056780964.1	A
rna-XM_057797732.1	A	rna-XM_056780965.1	A
rna-XM_057797726.1	A	rna-XM_056780962.1	A
rna-XM_057797724.1	A	rna-XM_056781542.1	A
rna-XM_057797729.1	A	rna-XM_056781030.1	A
rna-XM_057797500.1	A	rna-XM_056780864.1	A
rna-XM_057797919.1	A	rna-XM_056780715.1	A
rna-XM_057797920.1	A	rna-XM_056780716.1	A
rna-XM_057797921.1	A	rna-XM_056780718.1	A
rna-XM_057797922.1	A	rna-XM_056780714.1	A
rna-XM_057799057.1	A	rna-XM_056781893.1	A
rna-XM_057799054.1	A	rna-XM_056781890.1	A
rna-XM_057799055.1	A	rna-XM_056781892.1	A
rna-XM_057799060.1	A	rna-XM_056781356.1	A
rna-XM_057797997.1	A	rna-XM_056780639.1	A
rna-XM_057798095.1	A	rna-XM_056780638.1	A
rna-XM_057798570.1	A	rna-XM_056781585.1	A
rna-XM_057798094.1	A	rna-XM_056780697.1	A
rna-XM_057798174.1	A	rna-XM_056780144.1	A
rna-XM_057797806.1	A	rna-XM_056780143.1	A
rna-XM_057797805.1	A	rna-XM_056780142.1	A
rna-XM_057798306.1	A	rna-XM_056780140.1	A
rna-XM_057798149.1	A	rna-XM_056780692.1	A
rna-XM_057798807.1	A	rna-XM_056780686.1	A
rna-XM_057798063.1	A	rna-XM_056780137.1	A
rna-XM_057799344.1	A	rna-XM_056780136.1	A
rna-XM_057799345.1	A	rna-XM_056780134.1	A
rna-XM_057799349.1	A	rna-XM_056780125.1	A
rna-XM_057799352.1	A	rna-XM_056780127.1	A
rna-XM_057799351.1	A	rna-XM_056780126.1	A
rna-XM_057797473.1	A	rna-XM_056780124.1	A
rna-XM_057797474.1	A	rna-XM_056780120.1	A
rna-XM_057797475.1	A	rna-XM_056780118.1	A
rna-XM_057797931.1	A	rna-XM_056780123.1	A
rna-XM_057798297.1	A	rna-XM_056780122.1	A
rna-XM_057797617.1	A	rna-XM_056780105.1	A
rna-XM_057798392.1	A	rna-XM_056780117.1	A
rna-XM_057798165.1	A	rna-XM_056780104.1	A
rna-XM_057798530.1	A	rna-XM_056780101.1	A
rna-XM_057798531.1	A	rna-XM_056780103.1	A
rna-XM_057797404.1	A	rna-XM_056780097.1	A
rna-XM_057797406.1	A	rna-XM_056780099.1	A
rna-XM_057797402.1	A	rna-XM_056781148.1	A
rna-XM_057797403.1	A	rna-XM_056781151.1	A
rna-XM_057798708.1	A	rna-XM_056781538.1	A
rna-XM_057798706.1	A	rna-XM_056781536.1	A
rna-XM_057797634.1	A	rna-XM_056781170.1	A
rna-XM_057798714.1	A	rna-XM_056780458.1	A
rna-XM_057798713.1	A	rna-XM_056780457.1	A
rna-XM_057797553.1	A	rna-XM_056780626.1	A
rna-XM_057798009.1	A	rna-XM_056780875.1	A
rna-XM_057798464.1	A	rna-XM_056781358.1	A
rna-XM_057798296.1	A	rna-XM_056780580.1	A
rna-XM_057799386.1	A	rna-XM_056780490.1	A
rna-XM_057799393.1	A	rna-XM_056780498.1	A
rna-XM_057799396.1	A	rna-XM_056780499.1	A
rna-XM_057799395.1	A	rna-XM_056781992.1	A
rna-XM_057799389.1	A	rna-XM_056780491.1	A
rna-XM_057798555.1	A	rna-XM_056780488.1	A
rna-XM_057798039.1	A	rna-XM_056780487.1	A
rna-XM_057797965.1	A	rna-XM_056780486.1	A
rna-XM_057799285.1	A	rna-XM_056780482.1	A
rna-XM_057799286.1	A	rna-XM_056780483.1	A
rna-XM_057799289.1	A	rna-XM_056780479.1	A
rna-XM_057799288.1	A	rna-XM_056780477.1	A
rna-XM_057799291.1	A	rna-XM_056780480.1	A
rna-XM_057799293.1	A	rna-XM_056780475.1	A
rna-XM_057798448.1	A	rna-XM_056780474.1	A
rna-XM_057799101.1	A	rna-XM_056780460.1	A
rna-XM_057799116.1	A	rna-XM_056780377.1	A
rna-XM_057799122.1	A	rna-XM_056781194.1	A
rna-XM_057799145.1	A	rna-XM_056780762.1	A
rna-XM_057798808.1	A	rna-XM_056780242.1	A
rna-XM_057799147.1	A	rna-XM_056780244.1	A
rna-XM_057799146.1	A	rna-XM_056780243.1	A
rna-XM_057799118.1	A	rna-XM_056780241.1	A
rna-XM_057799143.1	A	rna-XM_056780238.1	A
rna-XM_057799135.1	A	rna-XM_056780235.1	A
rna-XM_057799133.1	A	rna-XM_056780234.1	A
rna-XM_057799138.1	A	rna-XM_056781389.1	A
rna-XM_057798809.1	A	rna-XM_056780674.1	A
rna-XM_057799129.1	A	rna-XM_056780867.1	A
rna-XM_057799117.1	A	rna-XM_056780866.1	A
rna-XM_057799136.1	A	rna-XM_056780672.1	A
rna-XM_057799139.1	A	rna-XM_056780540.1	A
rna-XM_057799140.1	A	rna-XM_056780363.1	A
rna-XM_057799141.1	A	rna-XM_056780786.1	A
rna-XM_057799149.1	A	rna-XM_056780669.1	A
rna-XM_057799150.1	A	rna-XM_056780912.1	A
rna-XM_057799151.1	A	rna-XM_056781284.1	A
rna-XM_057799153.1	A	rna-XM_056780695.1	A
rna-XM_057799156.1	A	rna-XM_056781040.1	A
rna-XM_057799157.1	A	rna-XM_056780863.1	A
rna-XM_057799158.1	A	rna-XM_056781935.1	A
rna-XM_057799165.1	A	rna-XM_056781936.1	A
rna-XM_057798811.1	A	rna-XM_056780659.1	A
rna-XM_057799167.1	A	rna-XM_056781934.1	A
rna-XM_057799169.1	A	rna-XM_056780541.1	A
rna-XM_057797666.1	A	rna-XM_056781625.1	A
rna-XM_057798828.1	A	rna-XM_056780628.1	A
rna-XM_057799071.1	A	rna-XM_056781896.1	A
rna-XM_057799073.1	A	rna-XM_056781898.1	A
rna-XM_057798480.1	A	rna-XM_056781895.1	A
rna-XM_057798721.1	A	rna-XM_056780646.1	A
rna-XM_057798852.1	A	rna-XM_056781501.1	A
rna-XM_057797723.1	A	rna-XM_056781518.1	A
rna-XM_057798298.1	A	rna-XM_056781360.1	A
rna-XM_057798457.1	A	rna-XM_056781948.1	A
rna-XM_057798449.1	A	rna-XM_056781946.1	A
rna-XM_057798455.1	A	rna-XM_056782006.1	A
rna-XM_057798451.1	A	rna-XM_056782003.1	A
rna-XM_057798458.1	A	rna-XM_056782008.1	A
rna-XM_057798463.1	A	rna-XM_056781004.1	A
rna-XM_057798813.1	A	rna-XM_056780644.1	A
rna-XM_057798815.1	A	rna-XM_056780641.1	A
rna-XM_057798152.1	A	rna-XM_056781045.1	A
rna-XM_057797739.1	A	rna-XM_056780568.1	A
rna-XM_057797816.1	A	rna-XM_056781489.1	A
rna-XM_057798549.1	A	rna-XM_056781359.1	A
rna-XM_057798060.1	A	rna-XM_056782016.1	A
rna-XM_057798055.1	A	rna-XM_056782011.1	A
rna-XM_057798729.1	A	rna-XM_056782015.1	A
rna-XM_057798498.1	A	rna-XM_056782013.1	A
rna-XM_057798502.1	A	rna-XM_056780637.1	A
rna-XM_057798504.1	A	rna-XM_056780843.1	A
rna-XM_057798512.1	A	rna-XM_056780846.1	A
rna-XM_057798515.1	A	rna-XM_056780665.1	A
rna-XM_057798514.1	A	rna-XM_056782194.1	A
rna-XM_057798506.1	A	rna-XM_056781094.1	A
rna-XM_057798518.1	A	rna-XM_056781097.1	A
rna-XM_057798078.1	A	rna-XM_056780856.1	A
rna-XM_057797633.1	A	rna-XM_056780980.1	A
rna-XM_057797933.1	A	rna-XM_056780979.1	A
rna-XM_057798826.1	A	rna-XM_056781099.1	A
rna-XM_057797491.1	A	rna-XM_056781102.1	A
rna-XM_057797544.1	A	rna-XM_056781889.1	A
rna-XM_057799050.1	A	rna-XM_056781886.1	A
rna-XM_057799051.1	A	rna-XM_056780925.1	A
rna-XM_057799052.1	A	rna-XM_056780926.1	A
rna-XM_057799646.1	A	rna-XM_056780736.1	A
rna-XM_057799644.1	A	rna-XM_056781788.1	A
rna-XM_057799643.1	A	rna-XM_056781787.1	A
rna-XM_057799639.1	A	rna-XM_056781785.1	A
rna-XM_057799640.1	A	rna-XM_056781786.1	A
rna-XM_057799642.1	A	rna-XM_056780581.1	A
rna-XM_057799641.1	A	rna-XM_056780830.1	A
rna-XM_057798018.1	A	rna-XM_056780557.1	A
rna-XM_057799034.1	A	rna-XM_056782159.1	A
rna-XM_057799021.1	A	rna-XM_056780627.1	A
rna-XM_057798986.1	A	rna-XM_056782150.1	A
rna-XM_057799009.1	A	rna-XM_056780625.1	A
rna-XM_057799036.1	A	rna-XM_056782148.1	A
rna-XM_057799044.1	A	rna-XM_056782147.1	A
rna-XM_057799037.1	A	rna-XM_056782146.1	A
rna-XM_057799031.1	A	rna-XM_056782144.1	A
rna-XM_057799041.1	A	rna-XM_056780624.1	A
rna-XM_057799000.1	A	rna-XM_056782142.1	A
rna-XM_057798996.1	A	rna-XM_056782140.1	A
rna-XM_057799033.1	A	rna-XM_056780623.1	A
rna-XM_057799042.1	A	rna-XM_056782138.1	A
rna-XM_057799039.1	A	rna-XM_056780865.1	A
rna-XM_057799030.1	A	rna-XM_056781646.1	A
rna-XM_057799046.1	A	rna-XM_056781647.1	A
rna-XM_057799012.1	A	rna-XM_056781641.1	A
rna-XM_057798985.1	A	rna-XM_056781637.1	A
rna-XM_057798999.1	A	rna-XM_056781639.1	A
rna-XM_057799014.1	A	rna-XM_056782037.1	A
rna-XM_057799017.1	A	rna-XM_056782043.1	A
rna-XM_057799040.1	A	rna-XM_056781343.1	A
rna-XM_057799006.1	A	rna-XM_056782189.1	A
rna-XM_057799045.1	A	rna-XM_056780916.1	A
rna-XM_057799047.1	A	rna-XM_056780917.1	A
rna-XM_057798527.1	A	rna-XM_056781312.1	A
rna-XM_057797520.1	A	rna-XM_056781306.1	A
rna-XM_057797525.1	A	rna-XM_056781304.1	A
rna-XM_057798077.1	A	rna-XM_056781303.1	A
rna-XM_057798546.1	A	rna-XM_056781298.1	A
rna-XM_057799232.1	A	rna-XM_056780278.1	A
rna-XM_057799237.1	A	rna-XM_056780282.1	A
rna-XM_057799233.1	A	rna-XM_056780279.1	A
rna-XM_057797815.1	A	rna-XM_056780567.1	A
rna-XM_057797645.1	A	rna-XM_056780691.1	A
rna-XM_057799762.1	A	rna-XM_056780689.1	A
rna-XM_057799770.1	A	rna-XM_056780667.1	A
rna-XM_057799766.1	A	rna-XM_056780398.1	A
rna-XM_057799764.1	A	rna-XM_056780395.1	A
rna-XM_057798817.1	A	rna-XM_056780622.1	A
rna-XM_057798093.1	A	rna-XM_056780618.1	A
rna-XM_057799343.1	A	rna-XM_056780386.1	A
rna-XM_057799339.1	A	rna-XM_056780381.1	A
rna-XM_057799340.1	A	rna-XM_056780385.1	A
rna-XM_057799576.1	A	rna-XM_056780394.1	A
rna-XM_057799575.1	A	rna-XM_056780380.1	A
rna-XM_057798120.1	A	rna-XM_056780383.1	A
rna-XM_057798538.1	A	rna-XM_056781051.1	A
rna-XM_057797469.1	A	rna-XM_056781049.1	A
rna-XM_057797468.1	A	rna-XM_056780617.1	A
rna-XM_057797466.1	A	rna-XM_056781046.1	A
rna-XM_057797971.1	A	rna-XM_056781313.1	A
rna-XM_057799170.1	A	rna-XM_056781938.1	A
rna-XM_057798818.1	A	rna-XM_056781940.1	A
rna-XM_057798473.1	A	rna-XM_056781570.1	A
rna-XM_057797519.1	A	rna-XM_056780952.1	A
rna-XM_057797507.1	A	rna-XM_056780731.1	A
rna-XM_057798387.1	A	rna-XM_056780735.1	A
rna-XM_057798943.1	A	rna-XM_056780542.1	A
rna-XM_057798946.1	A	rna-XM_056781281.1	A
rna-XM_057798968.1	A	rna-XM_056781283.1	A
rna-XM_057798966.1	A	rna-XM_056781280.1	A
rna-XM_057798944.1	A	rna-XM_056781278.1	A
rna-XM_057798484.1	A	rna-XM_056781276.1	A
rna-XM_057798490.1	A	rna-XM_056781274.1	A
rna-XM_057798485.1	A	rna-XM_056781272.1	A
rna-XM_057798482.1	A	rna-XM_056781270.1	A
rna-XM_057797495.1	A	rna-XM_056781269.1	A
rna-XM_057798118.1	A	rna-XM_056780594.1	A
rna-XM_057798819.1	A	rna-XM_056780593.1	A
rna-XM_057798565.1	A	rna-XM_056781267.1	A
rna-XM_057798564.1	A	rna-XM_056781266.1	A
rna-XM_057798563.1	A	rna-XM_056781265.1	A
rna-XM_057799181.1	A	rna-XM_056781263.1	A
rna-XM_057798557.1	A	rna-XM_056781261.1	A
rna-XM_057798390.1	A	rna-XM_056781260.1	A
rna-XM_057798389.1	A	rna-XM_056781258.1	A
rna-XM_057798820.1	A	rna-XM_056780592.1	A
rna-XM_057798539.1	A	rna-XM_056781257.1	A
rna-XM_057797898.1	A	rna-XM_056781240.1	A
rna-XM_057798112.1	A	rna-XM_056781226.1	A
rna-XM_057799774.1	A	rna-XM_056781225.1	A
rna-XM_057799776.1	A	rna-XM_056781253.1	A
rna-XM_057799775.1	A	rna-XM_056781247.1	A
rna-XM_057797668.1	A	rna-XM_056781223.1	A
rna-XM_057798821.1	A	rna-XM_056781242.1	A
rna-XM_057798876.1	A	rna-XM_056781254.1	A
rna-XM_057798875.1	A	rna-XM_056781251.1	A
rna-XM_057798855.1	A	rna-XM_056781230.1	A
rna-XM_057798859.1	A	rna-XM_056781231.1	A
rna-XM_057798823.1	A	rna-XM_056785969.1	A
rna-XM_057798870.1	A	rna-XM_056781246.1	A
rna-XM_057798868.1	A	rna-XM_056781237.1	A
rna-XM_057798872.1	A	rna-XM_056781249.1	A
rna-XM_057798853.1	A	rna-XM_056781250.1	A
rna-XM_057798871.1	A	rna-XM_056780645.1	A
rna-XM_057798824.1	A	rna-XM_056780586.1	A
rna-XM_057798838.1	A	rna-XM_056780501.1	A
rna-XM_057799264.1	A	rna-XM_056781085.1	A
rna-XM_057799271.1	A	rna-XM_056781090.1	A
rna-XM_057799262.1	A	rna-XM_056781084.1	A
rna-XM_057798524.1	A	rna-XM_056781103.1	A
rna-XM_057797953.1	A	rna-XM_056780585.1	A
rna-XM_057797709.1	A	rna-XM_056780913.1	A
rna-XM_057800768.1	A	rna-XM_056791246.1	Y
rna-XM_057800769.1	A	rna-XM_056792748.1	A
rna-XM_057800449.1	A	rna-XM_056782112.1	A
rna-XM_057800794.1	A	rna-XM_056786634.1	A
rna-XM_057800838.1	A	rna-XM_056785567.1	A
rna-XM_057801557.1	A	rna-XM_056785558.1	A
rna-XM_057800854.1	A	rna-XM_056791442.1	A
rna-XM_057800856.1	A	rna-XM_056791429.1	A
rna-XM_057801376.1	A	rna-XM_056787875.1	A
rna-XM_057801379.1	A	rna-XM_056786842.1	A
rna-XM_057800870.1	A	rna-XM_056782918.1	A
rna-XM_057800764.1	A	rna-XM_056782913.1	A
rna-XM_057800878.1	A	rna-XM_056783401.1	A
rna-XM_057800874.1	A	rna-XM_056783398.1	A
rna-XM_057800877.1	A	rna-XM_056783402.1	A
rna-XM_057801382.1	A	rna-XM_056783405.1	A
rna-XM_057800891.1	A	rna-XM_056783410.1	A
rna-XM_057800879.1	A	rna-XM_056783411.1	A
rna-XM_057800890.1	A	rna-XM_056783414.1	A
rna-XM_057800888.1	A	rna-XM_056783412.1	A
rna-XM_057800889.1	A	rna-XM_056783413.1	A
rna-XM_057800894.1	A	rna-XM_056783415.1	A
rna-XM_057799967.1	A	rna-XM_056783420.1	A
rna-XM_057799962.1	A	rna-XM_056783417.1	A
rna-XM_057800751.1	A	rna-XM_056783424.1	A
rna-XM_057800596.1	A	rna-XM_056783426.1	A
rna-XM_057800673.1	A	rna-XM_056783428.1	A
rna-XM_057800389.1	A	rna-XM_056783429.1	A
rna-XM_057800386.1	A	rna-XM_056783430.1	A
rna-XM_057800390.1	A	rna-XM_056783748.1	A
rna-XM_057801383.1	A	rna-XM_056783749.1	A
rna-XM_057800393.1	A	rna-XM_056783432.1	A
rna-XM_057800394.1	A	rna-XM_056783434.1	A
rna-XM_057800391.1	A	rna-XM_056783431.1	A
rna-XM_057801431.1	A	rna-XM_056783597.1	A
rna-XM_057801433.1	A	rna-XM_056783602.1	A
rna-XM_057801434.1	A	rna-XM_056783603.1	A
rna-XM_057801438.1	A	rna-XM_056782681.1	A
rna-XM_057801439.1	A	rna-XM_056782682.1	A
rna-XM_057801442.1	A	rna-XM_056782684.1	A
rna-XM_057801436.1	A	rna-XM_056782679.1	A
rna-XM_057801445.1	A	rna-XM_056782648.1	A
rna-XM_057801440.1	A	rna-XM_056782645.1	A
rna-XM_057801441.1	A	rna-XM_056782646.1	A
rna-XM_057801444.1	A	rna-XM_056782647.1	A
rna-XM_057801446.1	A	rna-XM_056782981.1	A
rna-XM_057801448.1	A	rna-XM_056782983.1	A
rna-XM_057801449.1	A	rna-XM_056783068.1	A
rna-XM_057801465.1	A	rna-XM_056782524.1	A
rna-XM_057801450.1	A	rna-XM_056782272.1	A
rna-XM_057801461.1	A	rna-XM_056782273.1	A
rna-XM_057801453.1	A	rna-XM_056782274.1	A
rna-XM_057801473.1	A	rna-XM_056782280.1	A
rna-XM_057801475.1	A	rna-XM_056782285.1	A
rna-XM_057801463.1	A	rna-XM_056782286.1	A
rna-XM_057801452.1	A	rna-XM_056782287.1	A
rna-XM_057801363.1	A	rna-XM_056782288.1	A
rna-XM_057801364.1	A	rna-XM_056782290.1	A
rna-XM_057799953.1	A	rna-XM_056782297.1	A
rna-XM_057800241.1	A	rna-XM_056782298.1	A
rna-XM_057800242.1	A	rna-XM_056782300.1	A
rna-XM_057800230.1	A	rna-XM_056783750.1	A
rna-XM_057800227.1	A	rna-XM_056782302.1	A
rna-XM_057800351.1	A	rna-XM_056782301.1	A
rna-XM_057800357.1	A	rna-XM_056782303.1	A
rna-XM_057800353.1	A	rna-XM_056783751.1	A
rna-XM_057800210.1	A	rna-XM_056782308.1	A
rna-XM_057799928.1	A	rna-XM_056782305.1	A
rna-XM_057799925.1	A	rna-XM_056782310.1	A
rna-XM_057799923.1	A	rna-XM_056783752.1	A
rna-XM_057800411.1	A	rna-XM_056782311.1	A
rna-XM_057799950.1	A	rna-XM_056782312.1	A
rna-XM_057800476.1	A	rna-XM_056782313.1	A
rna-XM_057800477.1	A	rna-XM_056782315.1	A
rna-XM_057800336.1	A	rna-XM_056782317.1	A
rna-XM_057800631.1	A	rna-XM_056782318.1	A
rna-XM_057800632.1	A	rna-XM_056782319.1	A
rna-XM_057800458.1	A	rna-XM_056782320.1	A
rna-XM_057800912.1	A	rna-XM_056782321.1	A
rna-XM_057800866.1	A	rna-XM_056783647.1	A
rna-XM_057800609.1	A	rna-XM_056783650.1	A
rna-XM_057800674.1	A	rna-XM_056783648.1	A
rna-XM_057800692.1	A	rna-XM_056783652.1	A
rna-XM_057800693.1	A	rna-XM_056783653.1	A
rna-XM_057800694.1	A	rna-XM_056783654.1	A
rna-XM_057800695.1	A	rna-XM_056783655.1	A
rna-XM_057800696.1	A	rna-XM_056783656.1	A
rna-XM_057801287.1	A	rna-XM_056783657.1	A
rna-XM_057801289.1	A	rna-XM_056783660.1	A
rna-XM_057801285.1	A	rna-XM_056783661.1	A
rna-XM_057801303.1	A	rna-XM_056783671.1	A
rna-XM_057801290.1	A	rna-XM_056783674.1	A
rna-XM_057801299.1	A	rna-XM_056783675.1	A
rna-XM_057801294.1	A	rna-XM_056783676.1	A
rna-XM_057801298.1	A	rna-XM_056783677.1	A
rna-XM_057801293.1	A	rna-XM_056783678.1	A
rna-XM_057801310.1	A	rna-XM_056783679.1	A
rna-XM_057801384.1	A	rna-XM_056783680.1	A
rna-XM_057801302.1	A	rna-XM_056783681.1	A
rna-XM_057801301.1	A	rna-XM_056783682.1	A
rna-XM_057801312.1	A	rna-XM_056791370.1	A
rna-XM_057801313.1	A	rna-XM_056791369.1	A
rna-XM_057801305.1	A	rna-XM_056783686.1	A
rna-XM_057801292.1	A	rna-XM_056782716.1	A
rna-XM_057801291.1	A	rna-XM_056783756.1	A
rna-XM_057801286.1	A	rna-XM_056783584.1	A
rna-XM_057801320.1	A	rna-XM_056783585.1	A
rna-XM_057801317.1	A	rna-XM_056783043.1	A
rna-XM_057801316.1	A	rna-XM_056783106.1	A
rna-XM_057801325.1	A	rna-XM_056782482.1	A
rna-XM_057801323.1	A	rna-XM_056782787.1	A
rna-XM_057801324.1	A	rna-XM_056783116.1	A
rna-XM_057801331.1	A	rna-XM_056783071.1	A
rna-XM_057801329.1	A	rna-XM_056783037.1	A
rna-XM_057801333.1	A	rna-XM_056783117.1	A
rna-XM_057800243.1	A	rna-XM_056782824.1	A
rna-XM_057800326.1	A	rna-XM_056783758.1	A
rna-XM_057800419.1	A	rna-XM_056783620.1	A
rna-XM_057801203.1	A	rna-XM_056783618.1	A
rna-XM_057801385.1	A	rna-XM_056783759.1	A
rna-XM_057801208.1	A	rna-XM_056783622.1	A
rna-XM_057801199.1	A	rna-XM_056783575.1	A
rna-XM_057801204.1	A	rna-XM_056783576.1	A
rna-XM_057801210.1	A	rna-XM_056783583.1	A
rna-XM_057801195.1	A	rna-XM_056783578.1	A
rna-XM_057801207.1	A	rna-XM_056783582.1	A
rna-XM_057801206.1	A	rna-XM_056783581.1	A
rna-XM_057800583.1	A	rna-XM_056782866.1	A
rna-XM_057800585.1	A	rna-XM_056782875.1	A
rna-XM_057801013.1	A	rna-XM_056783634.1	A
rna-XM_057801387.1	A	rna-XM_056791352.1	Y
rna-XM_057801014.1	A	rna-XM_056785313.1	A
rna-XM_057801002.1	A	rna-XM_056783142.1	A
rna-XM_057801015.1	A	rna-XM_056782964.1	A
rna-XM_057801010.1	A	rna-XM_056782485.1	A
rna-XM_057800479.1	A	rna-XM_056783761.1	A
rna-XM_057800726.1	A	rna-XM_056783114.1	A
rna-XM_057800604.1	A	rna-XM_056782529.1	A
rna-XM_057800606.1	A	rna-XM_056782826.1	A
rna-XM_057800607.1	A	rna-XM_056782968.1	A
rna-XM_057800660.1	A	rna-XM_056783134.1	A
rna-XM_057800661.1	A	rna-XM_056782710.1	A
rna-XM_057801335.1	A	rna-XM_056782454.1	A
rna-XM_057801336.1	A	rna-XM_056782455.1	A
rna-XM_057800535.1	A	rna-XM_056782862.1	A
rna-XM_057800533.1	A	rna-XM_056782899.1	A
rna-XM_057800536.1	A	rna-XM_056782900.1	A
rna-XM_057800406.1	A	rna-XM_056782592.1	A
rna-XM_057799961.1	A	rna-XM_056783169.1	A
rna-XM_057799958.1	A	rna-XM_056783168.1	A
rna-XM_057799960.1	A	rna-XM_056783125.1	A
rna-XM_057800612.1	A	rna-XM_056783242.1	A
rna-XM_057799825.1	A	rna-XM_056783057.1	A
rna-XM_057800459.1	A	rna-XM_056783166.1	A
rna-XM_057800233.1	A	rna-XM_056783483.1	A
rna-XM_057800475.1	A	rna-XM_056783061.1	A
rna-XM_057800192.1	A	rna-XM_056783596.1	A
rna-XM_057800247.1	A	rna-XM_056782643.1	A
rna-XM_057800397.1	A	rna-XM_056782892.1	A
rna-XM_057800563.1	A	rna-XM_056782528.1	A
rna-XM_057799909.1	A	rna-XM_056783123.1	A
rna-XM_057800558.1	A	rna-XM_056782612.1	A
rna-XM_057799942.1	A	rna-XM_056783567.1	A
rna-XM_057799946.1	A	rna-XM_056783568.1	A
rna-XM_057800554.1	A	rna-XM_056783569.1	A
rna-XM_057800549.1	A	rna-XM_056783101.1	A
rna-XM_057800556.1	A	rna-XM_056783102.1	A
rna-XM_057801389.1	A	rna-XM_056783769.1	A
rna-XM_057799809.1	A	rna-XM_056783156.1	A
rna-XM_057799810.1	A	rna-XM_056783157.1	A
rna-XM_057799813.1	A	rna-XM_056783161.1	A
rna-XM_057801554.1	A	rna-XM_056783164.1	A
rna-XM_057801553.1	A	rna-XM_056783163.1	A
rna-XM_057801590.1	A	rna-XM_056782408.1	A
rna-XM_057800343.1	A	rna-XM_056783772.1	A
rna-XM_057800325.1	A	rna-XM_056783281.1	A
rna-XM_057800662.1	A	rna-XM_056783282.1	A
rna-XM_057801390.1	A	rna-XM_056782802.1	A
rna-XM_057801359.1	A	rna-XM_056783586.1	A
rna-XM_057801361.1	A	rna-XM_056783588.1	A
rna-XM_057801340.1	A	rna-XM_056783589.1	A
rna-XM_057801348.1	A	rna-XM_056782670.1	A
rna-XM_057801354.1	A	rna-XM_056782988.1	A
rna-XM_057801391.1	A	rna-XM_056782986.1	A
rna-XM_057801357.1	A	rna-XM_056778013.1	A
rna-XM_057801345.1	A	rna-XM_056782446.1	A
rna-XM_057801360.1	A	rna-XM_056782452.1	A
rna-XM_057801352.1	A	rna-XM_056782818.1	A
rna-XM_057801353.1	A	rna-XM_056782819.1	A
rna-XM_057801392.1	A	rna-XM_056783773.1	A
rna-XM_057801344.1	A	rna-XM_056783465.1	A
rna-XM_057801338.1	A	rna-XM_056782409.1	A
rna-XM_057801356.1	A	rna-XM_056782602.1	A
rna-XM_057800601.1	A	rna-XM_056782752.1	A
rna-XM_057801393.1	A	rna-XM_056792722.1	A
rna-XM_057800735.1	A	rna-XM_056782539.1	A
rna-XM_057800258.1	A	rna-XM_056782823.1	A
rna-XM_057800592.1	A	rna-XM_056783557.1	A
rna-XM_057800252.1	A	rna-XM_056783775.1	A
rna-XM_057800526.1	A	rna-XM_056782458.1	A
rna-XM_057800350.1	A	rna-XM_056783045.1	A
rna-XM_057800209.1	A	rna-XM_056783044.1	A
rna-XM_057800208.1	A	rna-XM_056782410.1	A
rna-XM_057799912.1	A	rna-XM_056783776.1	A
rna-XM_057799916.1	A	rna-XM_056782413.1	A
rna-XM_057799918.1	A	rna-XM_056782416.1	A
rna-XM_057799917.1	A	rna-XM_056782414.1	A
rna-XM_057799919.1	A	rna-XM_056783240.1	A
rna-XM_057800162.1	A	rna-XM_056782586.1	A
rna-XM_057800358.1	A	rna-XM_056783778.1	A
rna-XM_057800400.1	A	rna-XM_056783514.1	A
rna-XM_057801565.1	A	rna-XM_056783515.1	A
rna-XM_057800379.1	A	rna-XM_056783022.1	A
rna-XM_057800657.1	A	rna-XM_056783338.1	A
rna-XM_057800698.1	A	rna-XM_056783148.1	A
rna-XM_057800672.1	A	rna-XM_056782481.1	A
rna-XM_057800212.1	A	rna-XM_056782967.1	A
rna-XM_057800542.1	A	rna-XM_056783115.1	A
rna-XM_057800580.1	A	rna-XM_056783779.1	A
rna-XM_057800581.1	A	rna-XM_056783078.1	A
rna-XM_057800251.1	A	rna-XM_056782547.1	A
rna-XM_057800410.1	A	rna-XM_056782822.1	A
rna-XM_057800413.1	A	rna-XM_056783530.1	A
rna-XM_057800414.1	A	rna-XM_056783209.1	A
rna-XM_057800415.1	A	rna-XM_056783089.1	A
rna-XM_057800589.1	A	rna-XM_056783201.1	A
rna-XM_057800420.1	A	rna-XM_056783049.1	A
rna-XM_057800425.1	A	rna-XM_056783051.1	A
rna-XM_057800427.1	A	rna-XM_056783053.1	A
rna-XM_057800428.1	A	rna-XM_056782400.1	A
rna-XM_057800531.1	A	rna-XM_056783782.1	A
rna-XM_057800532.1	A	rna-XM_056782402.1	A
rna-XM_057800627.1	A	rna-XM_056782404.1	A
rna-XM_057800871.1	A	rna-XM_056782816.1	A
rna-XM_057799999.1	A	rna-XM_056782397.1	A
rna-XM_057801593.1	A	rna-XM_056782399.1	A
rna-XM_057801592.1	A	rna-XM_056782398.1	A
rna-XM_057801595.1	A	rna-XM_056783104.1	A
rna-XM_057801594.1	A	rna-XM_056783103.1	A
rna-XM_057801000.1	A	rna-XM_056783735.1	A
rna-XM_057801001.1	A	rna-XM_056783736.1	A
rna-XM_057800846.1	A	rna-XM_056782929.1	A
rna-XM_057800483.1	A	rna-XM_056782938.1	A
rna-XM_057800504.1	A	rna-XM_056782935.1	A
rna-XM_057800508.1	A	rna-XM_056782942.1	A
rna-XM_057800507.1	A	rna-XM_056782943.1	A
rna-XM_057800488.1	A	rna-XM_056783195.1	A
rna-XM_057800484.1	A	rna-XM_056782594.1	A
rna-XM_057800486.1	A	rna-XM_056783143.1	A
rna-XM_057799900.1	A	rna-XM_056782490.1	A
rna-XM_057799902.1	A	rna-XM_056782491.1	A
rna-XM_057800429.1	A	rna-XM_056782498.1	A
rna-XM_057800744.1	A	rna-XM_056782496.1	A
rna-XM_057800740.1	A	rna-XM_056782495.1	A
rna-XM_057800741.1	A	rna-XM_056782499.1	A
rna-XM_057800743.1	A	rna-XM_056782501.1	A
rna-XM_057800745.1	A	rna-XM_056782502.1	A
rna-XM_057800749.1	A	rna-XM_056782507.1	A
rna-XM_057800323.1	A	rna-XM_056782508.1	A
rna-XM_057800416.1	A	rna-XM_056782977.1	A
rna-XM_057800431.1	A	rna-XM_056783783.1	A
rna-XM_057800001.1	A	rna-XM_056783014.1	A
rna-XM_057800372.1	A	rna-XM_056783015.1	A
rna-XM_057800377.1	A	rna-XM_056783011.1	A
rna-XM_057800376.1	A	rna-XM_056783010.1	A
rna-XM_057800378.1	A	rna-XM_056783012.1	A
rna-XM_057800280.1	A	rna-XM_056783007.1	A
rna-XM_057799947.1	A	rna-XM_056783004.1	A
rna-XM_057800412.1	A	rna-XM_056783005.1	A
rna-XM_057800599.1	A	rna-XM_056783006.1	A
rna-XM_057801398.1	A	rna-XM_056783785.1	A
rna-XM_057801399.1	A	rna-XM_056783786.1	A
rna-XM_057800840.1	A	rna-XM_056783009.1	A
rna-XM_057800384.1	A	rna-XM_056782954.1	A
rna-XM_057800640.1	A	rna-XM_056782990.1	A
rna-XM_057800225.1	A	rna-XM_056782951.1	A
rna-XM_057800164.1	A	rna-XM_056782545.1	A
rna-XM_057799816.1	A	rna-XM_056782831.1	A
rna-XM_057799822.1	A	rna-XM_056782836.1	A
rna-XM_057799820.1	A	rna-XM_056782834.1	A
rna-XM_057799824.1	A	rna-XM_056782445.1	A
rna-XM_057801401.1	A	rna-XM_056783105.1	A
rna-XM_057801571.1	A	rna-XM_056782630.1	A
rna-XM_057801566.1	A	rna-XM_056782629.1	A
rna-XM_057801583.1	A	rna-XM_056783631.1	A
rna-XM_057801241.1	A	rna-XM_056783633.1	A
rna-XM_057801242.1	A	rna-XM_056783524.1	A
rna-XM_057801245.1	A	rna-XM_056783526.1	A
rna-XM_057801246.1	A	rna-XM_056783529.1	A
rna-XM_057801248.1	A	rna-XM_056783788.1	A
rna-XM_057801255.1	A	rna-XM_056782521.1	A
rna-XM_057801250.1	A	rna-XM_056782719.1	A
rna-XM_057801256.1	A	rna-XM_056783789.1	A
rna-XM_057801257.1	A	rna-XM_056782708.1	A
rna-XM_057801258.1	A	rna-XM_056782575.1	A
rna-XM_057801259.1	A	rna-XM_056782406.1	A
rna-XM_057801261.1	A	rna-XM_056783790.1	A
rna-XM_057801264.1	A	rna-XM_056782512.1	A
rna-XM_057801265.1	A	rna-XM_056782515.1	A
rna-XM_057801267.1	A	rna-XM_056782841.1	A
rna-XM_057801268.1	A	rna-XM_056783124.1	A
rna-XM_057800003.1	A	rna-XM_056783283.1	A
rna-XM_057800005.1	A	rna-XM_056783288.1	A
rna-XM_057800006.1	A	rna-XM_056783291.1	A
rna-XM_057800011.1	A	rna-XM_056783289.1	A
rna-XM_057800016.1	A	rna-XM_056782577.1	A
rna-XM_057800013.1	A	rna-XM_056783792.1	A
rna-XM_057800019.1	A	rna-XM_056783097.1	A
rna-XM_057800020.1	A	rna-XM_056783215.1	A
rna-XM_057800023.1	A	rna-XM_056782325.1	A
rna-XM_057800024.1	A	rna-XM_056782327.1	A
rna-XM_057800025.1	A	rna-XM_056782326.1	A
rna-XM_057800026.1	A	rna-XM_056782944.1	A
rna-XM_057800027.1	A	rna-XM_056782946.1	A
rna-XM_057800028.1	A	rna-XM_056782947.1	A
rna-XM_057800029.1	A	rna-XM_056782948.1	A
rna-XM_057800030.1	A	rna-XM_056783810.1	A
rna-XM_057800031.1	A	rna-XM_056783813.1	A
rna-XM_057800034.1	A	rna-XM_056783811.1	A
rna-XM_057800036.1	A	rna-XM_056783815.1	A
rna-XM_057800044.1	A	rna-XM_056783823.1	A
rna-XM_057800049.1	A	rna-XM_056783827.1	A
rna-XM_057800050.1	A	rna-XM_056783829.1	A
rna-XM_057800051.1	A	rna-XM_056783830.1	A
rna-XM_057800052.1	A	rna-XM_056783832.1	A
rna-XM_057800053.1	A	rna-XM_056783834.1	A
rna-XM_057800054.1	A	rna-XM_056783835.1	A
rna-XM_057801402.1	A	rna-XM_056783794.1	A
rna-XM_057800055.1	A	rna-XM_056783836.1	A
rna-XM_057800058.1	A	rna-XM_056783839.1	A
rna-XM_057800060.1	A	rna-XM_056783842.1	A
rna-XM_057800062.1	A	rna-XM_056783844.1	A
rna-XM_057800065.1	A	rna-XM_056783848.1	A
rna-XM_057800067.1	A	rna-XM_056783853.1	A
rna-XM_057800071.1	A	rna-XM_056783854.1	A
rna-XM_057800070.1	A	rna-XM_056783855.1	A
rna-XM_057800075.1	A	rna-XM_056783856.1	A
rna-XM_057800081.1	A	rna-XM_056783859.1	A
rna-XM_057800073.1	A	rna-XM_056783860.1	A
rna-XM_057800074.1	A	rna-XM_056783863.1	A
rna-XM_057800072.1	A	rna-XM_056783862.1	A
rna-XM_057800078.1	A	rna-XM_056783864.1	A
rna-XM_057800079.1	A	rna-XM_056783865.1	A
rna-XM_057800083.1	A	rna-XM_056783743.1	A
rna-XM_057800085.1	A	rna-XM_056782551.1	A
rna-XM_057800087.1	A	rna-XM_056783606.1	A
rna-XM_057800088.1	A	rna-XM_056783605.1	A
rna-XM_057800086.1	A	rna-XM_056782328.1	A
rna-XM_057800089.1	A	rna-XM_056782391.1	A
rna-XM_057800090.1	A	rna-XM_056782989.1	A
rna-XM_057800103.1	A	rna-XM_056782418.1	A
rna-XM_057800096.1	A	rna-XM_056783119.1	A
rna-XM_057800100.1	A	rna-XM_056782744.1	A
rna-XM_057800101.1	A	rna-XM_056783187.1	A
rna-XM_057800107.1	A	rna-XM_056783188.1	A
rna-XM_057800097.1	A	rna-XM_056782953.1	A
rna-XM_057800105.1	A	rna-XM_056783217.1	A
rna-XM_057800093.1	A	rna-XM_056783003.1	A
rna-XM_057800109.1	A	rna-XM_056783726.1	A
rna-XM_057800668.1	A	rna-XM_056783336.1	A
rna-XM_057800249.1	A	rna-XM_056782588.1	A
rna-XM_057800337.1	A	rna-XM_056783031.1	A
rna-XM_057800466.1	A	rna-XM_056783030.1	A
rna-XM_057800417.1	A	rna-XM_056782763.1	A
rna-XM_057799981.1	A	rna-XM_056782707.1	A
rna-XM_057800538.1	A	rna-XM_056782621.1	A
rna-XM_057799899.1	A	rna-XM_056782619.1	A
rna-XM_057799933.1	A	rna-XM_056782268.1	A
rna-XM_057800217.1	A	rna-XM_056782264.1	A
rna-XM_057801404.1	A	rna-XM_056783739.1	A
rna-XM_057800728.1	A	rna-XM_056782924.1	A
rna-XM_057800795.1	A	rna-XM_056783048.1	A
rna-XM_057800858.1	A	rna-XM_056782830.1	A
rna-XM_057799978.1	A	rna-XM_056782531.1	A
rna-XM_057800663.1	A	rna-XM_056783309.1	A
rna-XM_057800547.1	A	rna-XM_056782891.1	A
rna-XM_057801585.1	A	rna-XM_056782961.1	A
rna-XM_057801589.1	A	rna-XM_056783186.1	A
rna-XM_057800324.1	A	rna-XM_056782857.1	A
rna-XM_057801501.1	A	rna-XM_056783511.1	A
rna-XM_057801502.1	A	rna-XM_056783512.1	A
rna-XM_057800346.1	A	rna-XM_056783733.1	A
rna-XM_057800349.1	A	rna-XM_056783734.1	A
rna-XM_057800344.1	A	rna-XM_056783062.1	A
rna-XM_057800593.1	A	rna-XM_056783443.1	A
rna-XM_057800371.1	A	rna-XM_056783066.1	A
rna-XM_057800802.1	A	rna-XM_056782422.1	A
rna-XM_057800805.1	A	rna-XM_056782699.1	A
rna-XM_057800772.1	A	rna-XM_056783073.1	A
rna-XM_057801406.1	A	rna-XM_056783439.1	A
rna-XM_057800335.1	A	rna-XM_056782389.1	A
rna-XM_057800333.1	A	rna-XM_056782579.1	A
rna-XM_057800000.1	A	rna-XM_056783208.1	A
rna-XM_057800758.1	A	rna-XM_056782731.1	A
rna-XM_057800757.1	A	rna-XM_056782591.1	A
rna-XM_057801026.1	A	rna-XM_056783695.1	A
rna-XM_057801028.1	A	rna-XM_056783697.1	A
rna-XM_057801031.1	A	rna-XM_056783183.1	A
rna-XM_057801032.1	A	rna-XM_056782663.1	A
rna-XM_057801029.1	A	rna-XM_056782324.1	A
rna-XM_057801269.1	A	rna-XM_056783064.1	A
rna-XM_057801272.1	A	rna-XM_056783565.1	A
rna-XM_057801274.1	A	rna-XM_056783563.1	A
rna-XM_057801275.1	A	rna-XM_056783396.1	A
rna-XM_057801270.1	A	rna-XM_056783560.1	A
rna-XM_057800790.1	A	rna-XM_056783069.1	A
rna-XM_057799954.1	A	rna-XM_056782459.1	A
rna-XM_057799951.1	A	rna-XM_056782706.1	A
rna-XM_057800224.1	A	rna-XM_056782730.1	A
rna-XM_057800370.1	A	rna-XM_056782863.1	A
rna-XM_057800541.1	A	rna-XM_056782421.1	A
rna-XM_057800539.1	A	rna-XM_056782420.1	A
rna-XM_057800651.1	A	rna-XM_056782703.1	A
rna-XM_057800643.1	A	rna-XM_056782433.1	A
rna-XM_057800327.1	A	rna-XM_056783342.1	A
rna-XM_057800684.1	A	rna-XM_056783345.1	A
rna-XM_057800688.1	A	rna-XM_056783341.1	A
rna-XM_057800282.1	A	rna-XM_056782912.1	A
rna-XM_057801550.1	A	rna-XM_056782511.1	A
rna-XM_057801549.1	A	rna-XM_056782510.1	A
rna-XM_057800637.1	A	rna-XM_056783504.1	A
rna-XM_057801410.1	A	rna-XM_056783394.1	A
rna-XM_057800362.1	A	rna-XM_056783498.1	A
rna-XM_057800366.1	A	rna-XM_056783501.1	A
rna-XM_057801022.1	A	rna-XM_056783497.1	A
rna-XM_057801019.1	A	rna-XM_056783496.1	A
rna-XM_057801018.1	A	rna-XM_056782934.1	A
rna-XM_057801023.1	A	rna-XM_056782930.1	A
rna-XM_057801412.1	A	rna-XM_056783391.1	A
rna-XM_057801016.1	A	rna-XM_056783246.1	A
rna-XM_057801020.1	A	rna-XM_056782853.1	A
rna-XM_057800543.1	A	rna-XM_056783107.1	A
rna-XM_057800546.1	A	rna-XM_056783108.1	A
rna-XM_057800544.1	A	rna-XM_056782702.1	A
rna-XM_057800818.1	A	rna-XM_056782686.1	A
rna-XM_057800600.1	A	rna-XM_056782718.1	A
rna-XM_057800587.1	A	rna-XM_056782601.1	A
rna-XM_057800322.1	A	rna-XM_056782820.1	A
rna-XM_057800165.1	A	rna-XM_056782517.1	A
rna-XM_057800798.1	A	rna-XM_056782999.1	A
rna-XM_057799939.1	A	rna-XM_056783002.1	A
rna-XM_057799911.1	A	rna-XM_056783118.1	A
rna-XM_057800603.1	A	rna-XM_056782978.1	A
rna-XM_057801233.1	A	rna-XM_056782674.1	A
rna-XM_057801232.1	A	rna-XM_056782671.1	A
rna-XM_057801229.1	A	rna-XM_056783080.1	A
rna-XM_057801240.1	A	rna-XM_056782902.1	A
rna-XM_057801415.1	A	rna-XM_056782576.1	A
rna-XM_057801235.1	A	rna-XM_056782852.1	A
rna-XM_057801223.1	A	rna-XM_056782850.1	A
rna-XM_057801239.1	A	rna-XM_056783390.1	A
rna-XM_057801238.1	A	rna-XM_056782965.1	A
rna-XM_057801224.1	A	rna-XM_056783626.1	A
rna-XM_057800193.1	A	rna-XM_056783624.1	A
rna-XM_057799998.1	A	rna-XM_056783623.1	A
rna-XM_057800239.1	A	rna-XM_056783181.1	A
rna-XM_057800738.1	A	rna-XM_056782390.1	A
rna-XM_057800737.1	A	rna-XM_056783194.1	A
rna-XM_057800999.1	A	rna-XM_056782837.1	A
rna-XM_057800167.1	A	rna-XM_056782750.1	A
rna-XM_057800163.1	A	rna-XM_056782709.1	A
rna-XM_057800367.1	A	rna-XM_056782847.1	A
rna-XM_057800669.1	A	rna-XM_056782845.1	A
rna-XM_057800670.1	A	rna-XM_056782533.1	A
rna-XM_057800711.1	A	rna-XM_056782897.1	A
rna-XM_057800704.1	A	rna-XM_056782896.1	A
rna-XM_057800710.1	A	rna-XM_056782349.1	A
rna-XM_057800703.1	A	rna-XM_056783257.1	A
rna-XM_057800702.1	A	rna-XM_056783256.1	A
rna-XM_057800715.1	A	rna-XM_056783251.1	A
rna-XM_057800713.1	A	rna-XM_056783249.1	A
rna-XM_057800714.1	A	rna-XM_056783250.1	A
rna-XM_057800716.1	A	rna-XM_056783248.1	A
rna-XM_057800719.1	A	rna-XM_056782656.1	A
rna-XM_057800718.1	A	rna-XM_056782662.1	A
rna-XM_057800721.1	A	rna-XM_056782658.1	A
rna-XM_057800205.1	A	rna-XM_056782685.1	A
rna-XM_057800204.1	A	rna-XM_056782388.1	A
rna-XM_057800200.1	A	rna-XM_056782995.1	A
rna-XM_057800232.1	A	rna-XM_056782950.1	A
rna-XM_057800231.1	A	rna-XM_056782544.1	A
rna-XM_057799897.1	A	rna-XM_056783083.1	A
rna-XM_057799984.1	A	rna-XM_056782689.1	A
rna-XM_057799990.1	A	rna-XM_056782692.1	A
rna-XM_057799983.1	A	rna-XM_056782688.1	A
rna-XM_057800689.1	A	rna-XM_056783067.1	A
rna-XM_057800851.1	A	rna-XM_056782548.1	A
rna-XM_057800408.1	A	rna-XM_056782652.1	A
rna-XM_057800409.1	A	rna-XM_056783135.1	A
rna-XM_057799970.1	A	rna-XM_056782756.1	A
rna-XM_057800770.1	A	rna-XM_056783046.1	A
rna-XM_057800868.1	A	rna-XM_056782669.1	A
rna-XM_057800255.1	A	rna-XM_056782919.1	A
rna-XM_057800442.1	A	rna-XM_056783389.1	A
rna-XM_057800284.1	A	rna-XM_056782582.1	A
rna-XM_057800283.1	A	rna-XM_056782581.1	A
rna-XM_057800665.1	A	rna-XM_056782725.1	A
rna-XM_057801416.1	A	rna-XM_056782655.1	A
rna-XM_057799910.1	A	rna-XM_056782509.1	A
rna-XM_057799922.1	A	rna-XM_056782894.1	A
rna-XM_057800380.1	A	rna-XM_056783388.1	A
rna-XM_057799957.1	A	rna-XM_056782457.1	A
rna-XM_057800286.1	A	rna-XM_056783387.1	A
rna-XM_057800895.1	A	rna-XM_056783573.1	A
rna-XM_057800896.1	A	rna-XM_056783574.1	A
rna-XM_057800897.1	A	rna-XM_056783570.1	A
rna-XM_057800899.1	A	rna-XM_056783572.1	A
rna-XM_057800898.1	A	rna-XM_056782348.1	A
rna-XM_057800901.1	A	rna-XM_056782338.1	A
rna-XM_057799941.1	A	rna-XM_056783087.1	A
rna-XM_057801171.1	A	rna-XM_056783706.1	A
rna-XM_057800847.1	A	rna-XM_056783292.1	A
rna-XM_057800478.1	A	rna-XM_056783059.1	A
rna-XM_057800405.1	A	rna-XM_056783386.1	A
rna-XM_057800915.1	A	rna-XM_056782804.1	A
rna-XM_057800913.1	A	rna-XM_056783198.1	A
rna-XM_057800190.1	A	rna-XM_056782611.1	A
rna-XM_057800189.1	A	rna-XM_056782609.1	A
rna-XM_057800172.1	A	rna-XM_056782603.1	A
rna-XM_057800639.1	A	rna-XM_056783241.1	A
rna-XM_057800402.1	A	rna-XM_056783055.1	A
rna-XM_057799865.1	A	rna-XM_056783040.1	A
rna-XM_057801093.1	A	rna-XM_056782807.1	A
rna-XM_057801112.1	A	rna-XM_056782814.1	A
rna-XM_057801117.1	A	rna-XM_056783146.1	A
rna-XM_057801118.1	A	rna-XM_056783126.1	A
rna-XM_057801119.1	A	rna-XM_056782405.1	A
rna-XM_057801121.1	A	rna-XM_056783035.1	A
rna-XM_057801122.1	A	rna-XM_056783036.1	A
rna-XM_057801124.1	A	rna-XM_056782985.1	A
rna-XM_057801125.1	A	rna-XM_056782383.1	A
rna-XM_057801126.1	A	rna-XM_056783264.1	A
rna-XM_057801127.1	A	rna-XM_056782805.1	A
rna-XM_057801128.1	A	rna-XM_056782704.1	A
rna-XM_057801129.1	A	rna-XM_056783058.1	A
rna-XM_057801130.1	A	rna-XM_056782742.1	A
rna-XM_057801131.1	A	rna-XM_056782741.1	A
rna-XM_057801132.1	A	rna-XM_056783644.1	A
rna-XM_057801137.1	A	rna-XM_056783643.1	A
rna-XM_057801134.1	A	rna-XM_056783641.1	A
rna-XM_057801138.1	A	rna-XM_056783637.1	A
rna-XM_057801136.1	A	rna-XM_056783636.1	A
rna-XM_057801144.1	A	rna-XM_056791377.1	A
rna-XM_057801162.1	A	rna-XM_056783382.1	A
rna-XM_057801147.1	A	rna-XM_056783381.1	A
rna-XM_057801153.1	A	rna-XM_056782886.1	A
rna-XM_057801158.1	A	rna-XM_056782969.1	A
rna-XM_057801150.1	A	rna-XM_056782885.1	A
rna-XM_057801155.1	A	rna-XM_056782888.1	A
rna-XM_057801154.1	A	rna-XM_056782887.1	A
rna-XM_057801148.1	A	rna-XM_056782882.1	A
rna-XM_057800626.1	A	rna-XM_056782881.1	A
rna-XM_057799864.1	A	rna-XM_056782734.1	A
rna-XM_057799860.1	A	rna-XM_056782537.1	A
rna-XM_057799929.1	A	rna-XM_056782876.1	A
rna-XM_057800859.1	A	rna-XM_056783095.1	A
rna-XM_057800816.1	A	rna-XM_056783090.1	A
rna-XM_057800527.1	A	rna-XM_056782717.1	A
rna-XM_057800320.1	A	rna-XM_056782962.1	A
rna-XM_057799856.1	A	rna-XM_056782737.1	A
rna-XM_057799854.1	A	rna-XM_056782736.1	A
rna-XM_057799843.1	A	rna-XM_056783075.1	A
rna-XM_057799845.1	A	rna-XM_056782530.1	A
rna-XM_057799847.1	A	rna-XM_056783366.1	A
rna-XM_057799849.1	A	rna-XM_056783363.1	A
rna-XM_057799842.1	A	rna-XM_056783361.1	A
rna-XM_057799850.1	A	rna-XM_056783364.1	A
rna-XM_057799846.1	A	rna-XM_056783357.1	A
rna-XM_057799853.1	A	rna-XM_056783360.1	A
rna-XM_057799851.1	A	rna-XM_056783358.1	A
rna-XM_057799855.1	A	rna-XM_056783019.1	A
rna-XM_057799835.1	A	rna-XM_056783016.1	A
rna-XM_057799839.1	A	rna-XM_056783689.1	A
rna-XM_057799834.1	A	rna-XM_056783688.1	A
rna-XM_057799826.1	A	rna-XM_056783610.1	A
rna-XM_057800359.1	A	rna-XM_056782745.1	A
rna-XM_057800360.1	A	rna-XM_056782746.1	A
rna-XM_057800628.1	A	rna-XM_056783172.1	A
rna-XM_057799940.1	A	rna-XM_056783377.1	A
rna-XM_057800277.1	A	rna-XM_056783223.1	A
rna-XM_057800512.1	A	rna-XM_056783437.1	A
rna-XM_057801420.1	A	rna-XM_056783374.1	A
rna-XM_057800516.1	A	rna-XM_056782858.1	A
rna-XM_057800779.1	A	rna-XM_056782958.1	A
rna-XM_057800781.1	A	rna-XM_056782827.1	A
rna-XM_057800775.1	A	rna-XM_056783457.1	A
rna-XM_057800780.1	A	rna-XM_056783464.1	A
rna-XM_057800564.1	A	rna-XM_056783261.1	A
rna-XM_057801494.1	A	rna-XM_056782615.1	A
rna-XM_057801499.1	A	rna-XM_056783372.1	A
rna-XM_057801493.1	A	rna-XM_056783371.1	A
rna-XM_057801489.1	A	rna-XM_056783370.1	A
rna-XM_057801487.1	A	rna-XM_056783084.1	A
rna-XM_057801500.1	A	rna-XM_056783086.1	A
rna-XM_057801480.1	A	rna-XM_056783609.1	A
rna-XM_057801479.1	A	rna-XM_056783608.1	A
rna-XM_057801476.1	A	rna-XM_056783607.1	A
rna-XM_057801477.1	A	rna-XM_056782270.1	A
rna-XM_057801561.1	A	rna-XM_056782269.1	A
rna-XM_057801562.1	A	rna-XM_056782584.1	A
rna-XM_057801563.1	A	rna-XM_056783222.1	A
rna-XM_057801422.1	A	rna-XM_056783368.1	A
rna-XM_057800196.1	A	rna-XM_056782393.1	A
rna-XM_057800194.1	A	rna-XM_056782392.1	A
rna-XM_057800198.1	A	rna-XM_056782396.1	A
rna-XM_057800521.1	A	rna-XM_056783128.1	A
rna-XM_057800472.1	A	rna-XM_056782997.1	A
rna-XM_057801560.1	A	rna-XM_056782337.1	A
rna-XM_057801559.1	A	rna-XM_056782333.1	A
rna-XM_057800206.1	A	rna-XM_056782596.1	A
rna-XM_057800560.1	A	rna-XM_056782664.1	A
rna-XM_057800473.1	A	rna-XM_056783170.1	A
rna-XM_057800215.1	A	rna-XM_056782678.1	A
rna-XM_057801423.1	A	rna-XM_056783205.1	A
rna-XM_057801424.1	A	rna-XM_056783367.1	A
rna-XM_057800432.1	A	rna-XM_056782998.1	A
rna-XM_057799867.1	A	rna-XM_056782424.1	A
rna-XM_057799878.1	A	rna-XM_056783098.1	A
rna-XM_057799874.1	A	rna-XM_056783109.1	A
rna-XM_057799875.1	A	rna-XM_056782542.1	A
rna-XM_057799882.1	A	rna-XM_056782651.1	A
rna-XM_057799879.1	A	rna-XM_056783303.1	A
rna-XM_057801213.1	A	rna-XM_056783304.1	A
rna-XM_057801220.1	A	rna-XM_056783306.1	A
rna-XM_057801218.1	A	rna-XM_056783305.1	A
rna-XM_057801211.1	A	rna-XM_056783299.1	A
rna-XM_057801222.1	A	rna-XM_056783308.1	A
rna-XM_057801221.1	A	rna-XM_056783307.1	A
rna-XM_057800518.1	A	rna-XM_056782739.1	A
rna-XM_057800517.1	A	rna-XM_056782600.1	A
rna-XM_057800457.1	A	rna-XM_056782599.1	A
rna-XM_057800456.1	A	rna-XM_056782597.1	A
rna-XM_057801425.1	A	rna-XM_056783356.1	A
rna-XM_057801426.1	A	rna-XM_056783355.1	A
rna-XM_057800395.1	A	rna-XM_056783340.1	A
rna-XM_057800565.1	A	rna-XM_056783294.1	A
rna-XM_057800272.1	A	rna-XM_056783595.1	A
rna-XM_057800266.1	A	rna-XM_056783594.1	A
rna-XM_057800269.1	A	rna-XM_056783262.1	A
rna-XM_057800262.1	A	rna-XM_056783510.1	A
rna-XM_057800264.1	A	rna-XM_056783508.1	A
rna-XM_057800268.1	A	rna-XM_056782844.1	A
rna-XM_057800263.1	A	rna-XM_056782843.1	A
rna-XM_057800275.1	A	rna-XM_056782417.1	A
rna-XM_057800273.1	A	rna-XM_056782740.1	A
rna-XM_057800259.1	A	rna-XM_056782486.1	A
rna-XM_057800260.1	A	rna-XM_056782489.1	A
rna-XM_057800270.1	A	rna-XM_056782540.1	A
rna-XM_057800271.1	A	rna-XM_056782541.1	A
rna-XM_057801427.1	A	rna-XM_056783337.1	A
rna-XM_057800274.1	A	rna-XM_056783334.1	A
rna-XM_057800240.1	A	rna-XM_056782788.1	A
rna-XM_057800321.1	A	rna-XM_056783329.1	A
rna-XM_057800191.1	A	rna-XM_056782828.1	A
rna-XM_057800937.1	A	rna-XM_056782462.1	A
rna-XM_057800954.1	A	rna-XM_056782590.1	A
rna-XM_057800956.1	A	rna-XM_056782911.1	A
rna-XM_057800922.1	A	rna-XM_056782905.1	A
rna-XM_057800989.1	A	rna-XM_056783326.1	A
rna-XM_057800975.1	A	rna-XM_056782904.1	A
rna-XM_057800920.1	A	rna-XM_056782994.1	A
rna-XM_057800955.1	A	rna-XM_056783559.1	A
rna-XM_057800921.1	A	rna-XM_056783558.1	A
rna-XM_057800917.1	A	rna-XM_056783025.1	A
rna-XM_057800988.1	A	rna-XM_056783237.1	A
rna-XM_057800987.1	A	rna-XM_056783236.1	A
rna-XM_057800992.1	A	rna-XM_056783325.1	A
rna-XM_057800985.1	A	rna-XM_056783239.1	A
rna-XM_057800986.1	A	rna-XM_056783235.1	A
rna-XM_057800980.1	A	rna-XM_056783228.1	A
rna-XM_057800979.1	A	rna-XM_056783224.1	A
rna-XM_057800952.1	A	rna-XM_056782800.1	A
rna-XM_057800964.1	A	rna-XM_056782557.1	A
rna-XM_057800929.1	A	rna-XM_056782552.1	A
rna-XM_057800978.1	A	rna-XM_056782571.1	A
rna-XM_057800991.1	A	rna-XM_056782572.1	A
rna-XM_057800950.1	A	rna-XM_056782553.1	A
rna-XM_057800953.1	A	rna-XM_056783796.1	A
rna-XM_057800958.1	A	rna-XM_056783219.1	A
rna-XM_057800931.1	A	rna-XM_056783449.1	A
rna-XM_057800993.1	A	rna-XM_056783445.1	A
rna-XM_057800998.1	A	rna-XM_056783448.1	A
rna-XM_057800213.1	A	rna-XM_056782764.1	A
rna-XM_057800313.1	A	rna-XM_056783324.1	A
rna-XM_057800369.1	A	rna-XM_056782880.1	A
rna-XM_057801609.1	A	rna-XM_056782384.1	A
rna-XM_057799938.1	A	rna-XM_056782979.1	A
rna-XM_057800246.1	A	rna-XM_056782715.1	A
rna-XM_057800441.1	A	rna-XM_056782628.1	A
rna-XM_057800439.1	A	rna-XM_056782627.1	A
rna-XM_057800434.1	A	rna-XM_056782624.1	A
rna-XM_057800440.1	A	rna-XM_056782626.1	A
rna-XM_057800382.1	A	rna-XM_056782864.1	A
rna-XM_057800315.1	A	rna-XM_056782653.1	A
rna-XM_057800317.1	A	rna-XM_056783023.1	A
rna-XM_057800319.1	A	rna-XM_056783024.1	A
rna-XM_057800474.1	A	rna-XM_056783323.1	A
rna-XM_057800467.1	A	rna-XM_056783077.1	A
rna-XM_057799885.1	A	rna-XM_056782468.1	A
rna-XM_057800292.1	A	rna-XM_056783546.1	A
rna-XM_057800309.1	A	rna-XM_056783523.1	A
rna-XM_057800289.1	A	rna-XM_056783519.1	A
rna-XM_057800312.1	A	rna-XM_056783518.1	A
rna-XM_057800310.1	A	rna-XM_056783516.1	A
rna-XM_057801038.1	A	rna-XM_056782786.1	A
rna-XM_057801068.1	A	rna-XM_056782785.1	A
rna-XM_057801034.1	A	rna-XM_056782773.1	A
rna-XM_057801082.1	A	rna-XM_056782784.1	A
rna-XM_057801051.1	A	rna-XM_056782783.1	A
rna-XM_057801049.1	A	rna-XM_056782781.1	A
rna-XM_057801036.1	A	rna-XM_056782775.1	A
rna-XM_057801043.1	A	rna-XM_056782780.1	A
rna-XM_057801042.1	A	rna-XM_056782776.1	A
rna-XM_057801061.1	A	rna-XM_056782766.1	A
rna-XM_057801074.1	A	rna-XM_056782478.1	A
rna-XM_057801053.1	A	rna-XM_056782476.1	A
rna-XM_057801086.1	A	rna-XM_056782477.1	A
rna-XM_057801080.1	A	rna-XM_056782974.1	A
rna-XM_057801087.1	A	rna-XM_056782976.1	A
rna-XM_057801037.1	A	rna-XM_056782970.1	A
rna-XM_057801052.1	A	rna-XM_056783029.1	A
rna-XM_057801071.1	A	rna-XM_056783027.1	A
rna-XM_057801089.1	A	rna-XM_056782839.1	A
rna-XM_057801047.1	A	rna-XM_056782460.1	A
rna-XM_057801076.1	A	rna-XM_056783321.1	A
rna-XM_057801085.1	A	rna-XM_056782677.1	A
rna-XM_057801083.1	A	rna-XM_056782676.1	A
rna-XM_057801059.1	A	rna-XM_056782797.1	A
rna-XM_057801075.1	A	rna-XM_056782799.1	A
rna-XM_057801073.1	A	rna-XM_056782798.1	A
rna-XM_057801054.1	A	rna-XM_056782793.1	A
rna-XM_057801072.1	A	rna-XM_056783320.1	A
rna-XM_057801069.1	A	rna-XM_056782790.1	A
rna-XM_057801040.1	A	rna-XM_056783210.1	A
rna-XM_057801046.1	A	rna-XM_056783318.1	A
rna-XM_057801091.1	A	rna-XM_056783317.1	A
rna-XM_057800654.1	A	rna-XM_056783190.1	A
rna-XM_057801596.1	A	rna-XM_056783628.1	A
rna-XM_057800820.1	A	rna-XM_056783541.1	A
rna-XM_057800819.1	A	rna-XM_056783540.1	A
rna-XM_057800824.1	A	rna-XM_056783539.1	A
rna-XM_057800828.1	A	rna-XM_056783536.1	A
rna-XM_057800825.1	A	rna-XM_056783533.1	A
rna-XM_057800829.1	A	rna-XM_056783538.1	A
rna-XM_057800834.1	A	rna-XM_056783531.1	A
rna-XM_057800835.1	A	rna-XM_056783537.1	A
rna-XM_057800830.1	A	rna-XM_056782711.1	A
rna-XM_057800837.1	A	rna-XM_056782714.1	A
rna-XM_057800383.1	A	rna-XM_056783315.1	A
rna-XM_057800403.1	A	rna-XM_056782993.1	A
rna-XM_057801371.1	A	rna-XM_056782992.1	A
rna-XM_057801372.1	A	rna-XM_056782956.1	A
rna-XM_057800399.1	A	rna-XM_056782723.1	A
rna-XM_057800398.1	A	rna-XM_056782722.1	A
rna-XM_057800404.1	A	rna-XM_056782984.1	A
rna-XM_057800223.1	A	rna-XM_056782751.1	A
rna-XM_057800753.1	A	rna-XM_056783330.1	A
rna-XM_057801503.1	A	rna-XM_056783278.1	A
rna-XM_057801504.1	A	rna-XM_056783276.1	A
rna-XM_057801505.1	A	rna-XM_056783274.1	A
rna-XM_057801506.1	A	rna-XM_056783275.1	A
rna-XM_057801507.1	A	rna-XM_056783272.1	A
rna-XM_057801509.1	A	rna-XM_056783270.1	A
rna-XM_057801510.1	A	rna-XM_056783271.1	A
rna-XM_057801511.1	A	rna-XM_056783268.1	A
rna-XM_057801540.1	A	rna-XM_056783266.1	A
rna-XM_057801538.1	A	rna-XM_056783265.1	A
rna-XM_057801527.1	A	rna-XM_056782842.1	A
rna-XM_057801547.1	A	rna-XM_056783494.1	A
rna-XM_057801539.1	A	rna-XM_056783493.1	A
rna-XM_057801518.1	A	rna-XM_056782729.1	A
rna-XM_057801522.1	A	rna-XM_056782727.1	A
rna-XM_057801546.1	A	rna-XM_056782382.1	A
rna-XM_057801537.1	A	rna-XM_056782380.1	A
rna-XM_057801542.1	A	rna-XM_056782365.1	A
rna-XM_057801526.1	A	rna-XM_056782352.1	A
rna-XM_057801528.1	A	rna-XM_056782355.1	A
rna-XM_057801543.1	A	rna-XM_056782375.1	A
rna-XM_057801530.1	A	rna-XM_056782357.1	A
rna-XM_057801544.1	A	rna-XM_056782377.1	A
rna-XM_057801545.1	A	rna-XM_056791482.1	A
rna-XM_057801517.1	A	rna-XM_056782351.1	A
rna-XM_057800157.1	A	rna-XM_056782376.1	A
rna-XM_057800119.1	A	rna-XM_056782354.1	A
rna-XM_057800124.1	A	rna-XM_056782360.1	A
rna-XM_057800132.1	A	rna-XM_056782361.1	A
rna-XM_057800146.1	A	rna-XM_056782367.1	A
rna-XM_057800137.1	A	rna-XM_056782366.1	A
rna-XM_057800130.1	A	rna-XM_056782364.1	A
rna-XM_057800147.1	A	rna-XM_056782371.1	A
rna-XM_057800133.1	A	rna-XM_056783179.1	A
rna-XM_057800129.1	A	rna-XM_056783177.1	A
rna-XM_057800112.1	A	rna-XM_056783797.1	A
rna-XM_057800138.1	A	rna-XM_056783154.1	A
rna-XM_057800159.1	A	rna-XM_056783153.1	A
rna-XM_057801430.1	A	rna-XM_056783314.1	A
rna-XM_057800128.1	A	rna-XM_056783480.1	A
rna-XM_057800152.1	A	rna-XM_056783481.1	A
rna-XM_057800161.1	A	rna-XM_056783479.1	A
rna-XM_057800121.1	A	rna-XM_056783466.1	A
rna-XM_057800140.1	A	rna-XM_056783471.1	A
rna-XM_057800160.1	A	rna-XM_056783313.1	A
rna-XM_057800142.1	A	rna-XM_056783475.1	A
rna-XM_057800470.1	A	rna-XM_056782480.1	A
rna-XM_057800331.1	A	rna-XM_056782747.1	A
rna-XM_057800850.1	A	rna-XM_056783113.1	A
rna-XM_057800691.1	A	rna-XM_056783112.1	A
rna-XM_057800690.1	A	rna-XM_056783110.1	A
rna-XM_057801167.1	A	rna-XM_056783694.1	A
rna-XM_057801163.1	A	rna-XM_056783691.1	A
rna-XM_057801169.1	A	rna-XM_056783155.1	A
rna-XM_057802357.1	A	rna-XM_056784510.1	A
rna-XM_057802392.1	A	rna-XM_056785584.1	A
rna-XM_057803260.1	A	rna-XM_056784504.1	A
rna-XM_057803267.1	A	rna-XM_056784509.1	A
rna-XM_057803259.1	A	rna-XM_056784503.1	A
rna-XM_057803266.1	A	rna-XM_056784507.1	A
rna-XM_057803249.1	A	rna-XM_056784511.1	A
rna-XM_057802448.1	A	rna-XM_056785585.1	A
rna-XM_057802394.1	A	rna-XM_056785587.1	A
rna-XM_057802276.1	A	rna-XM_056785588.1	A
rna-XM_057803412.1	A	rna-XM_056784518.1	A
rna-XM_057803851.1	A	rna-XM_056784520.1	A
rna-XM_057803852.1	A	rna-XM_056784521.1	A
rna-XM_057801995.1	A	rna-XM_056784523.1	A
rna-XM_057802211.1	A	rna-XM_056784527.1	A
rna-XM_057801911.1	A	rna-XM_056784531.1	A
rna-XM_057801917.1	A	rna-XM_056784537.1	A
rna-XM_057801913.1	A	rna-XM_056784533.1	A
rna-XM_057801915.1	A	rna-XM_056784536.1	A
rna-XM_057802322.1	A	rna-XM_056784539.1	A
rna-XM_057802273.1	A	rna-XM_056784540.1	A
rna-XM_057803269.1	A	rna-XM_056784541.1	A
rna-XM_057803278.1	A	rna-XM_056784545.1	A
rna-XM_057803276.1	A	rna-XM_056784543.1	A
rna-XM_057803268.1	A	rna-XM_056784542.1	A
rna-XM_057803272.1	A	rna-XM_056784547.1	A
rna-XM_057803271.1	A	rna-XM_056784546.1	A
rna-XM_057803609.1	A	rna-XM_056784552.1	A
rna-XM_057803630.1	A	rna-XM_056784564.1	A
rna-XM_057801755.1	A	rna-XM_056784566.1	A
rna-XM_057801754.1	A	rna-XM_056784565.1	A
rna-XM_057802580.1	A	rna-XM_056784569.1	A
rna-XM_057802302.1	A	rna-XM_056784572.1	A
rna-XM_057802214.1	A	rna-XM_056784570.1	A
rna-XM_057803507.1	A	rna-XM_056784580.1	A
rna-XM_057803506.1	A	rna-XM_056784578.1	A
rna-XM_057803508.1	A	rna-XM_056784581.1	A
rna-XM_057803509.1	A	rna-XM_056784575.1	A
rna-XM_057803521.1	A	rna-XM_056784582.1	A
rna-XM_057802200.1	A	rna-XM_056784583.1	A
rna-XM_057803829.1	A	rna-XM_056784594.1	A
rna-XM_057803822.1	A	rna-XM_056784584.1	A
rna-XM_057803830.1	A	rna-XM_056784593.1	A
rna-XM_057803834.1	A	rna-XM_056784595.1	A
rna-XM_057803832.1	A	rna-XM_056785589.1	A
rna-XM_057803831.1	A	rna-XM_056785590.1	A
rna-XM_057803838.1	A	rna-XM_056784597.1	A
rna-XM_057801620.1	A	rna-XM_056784599.1	A
rna-XM_057801616.1	A	rna-XM_056784600.1	A
rna-XM_057801623.1	A	rna-XM_056784603.1	A
rna-XM_057801621.1	A	rna-XM_056784604.1	A
rna-XM_057801625.1	A	rna-XM_056784605.1	A
rna-XM_057801627.1	A	rna-XM_056784607.1	A
rna-XM_057801628.1	A	rna-XM_056784610.1	A
rna-XM_057802640.1	A	rna-XM_056784612.1	A
rna-XM_057802637.1	A	rna-XM_056784609.1	A
rna-XM_057802639.1	A	rna-XM_056785591.1	A
rna-XM_057802396.1	A	rna-XM_056784294.1	A
rna-XM_057802060.1	A	rna-XM_056784162.1	A
rna-XM_057802397.1	A	rna-XM_056785592.1	A
rna-XM_057802503.1	A	rna-XM_056785889.1	A
rna-XM_057802325.1	A	rna-XM_056785891.1	A
rna-XM_057802328.1	A	rna-XM_056785893.1	A
rna-XM_057802324.1	A	rna-XM_056785890.1	A
rna-XM_057801890.1	A	rna-XM_056785895.1	A
rna-XM_057802827.1	A	rna-XM_056785896.1	A
rna-XM_057801758.1	A	rna-XM_056785898.1	A
rna-XM_057801918.1	A	rna-XM_056785899.1	A
rna-XM_057801711.1	A	rna-XM_056785900.1	A
rna-XM_057801712.1	A	rna-XM_056785902.1	A
rna-XM_057801717.1	A	rna-XM_056785905.1	A
rna-XM_057801714.1	A	rna-XM_056785907.1	A
rna-XM_057802667.1	A	rna-XM_056785910.1	A
rna-XM_057802670.1	A	rna-XM_056785929.1	A
rna-XM_057802673.1	A	rna-XM_056785930.1	A
rna-XM_057801940.1	A	rna-XM_056785926.1	A
rna-XM_057802600.1	A	rna-XM_056785914.1	A
rna-XM_057802569.1	A	rna-XM_056785917.1	A
rna-XM_057803414.1	A	rna-XM_056785922.1	A
rna-XM_057803423.1	A	rna-XM_056785923.1	A
rna-XM_057803421.1	A	rna-XM_056785921.1	A
rna-XM_057803420.1	A	rna-XM_056785918.1	A
rna-XM_057803417.1	A	rna-XM_056785912.1	A
rna-XM_057803428.1	A	rna-XM_056785916.1	A
rna-XM_057803416.1	A	rna-XM_056785911.1	A
rna-XM_057803429.1	A	rna-XM_056785593.1	A
rna-XM_057803434.1	A	rna-XM_056785932.1	A
rna-XM_057803426.1	A	rna-XM_056785925.1	A
rna-XM_057802844.1	A	rna-XM_056785933.1	A
rna-XM_057802160.1	A	rna-XM_056785935.1	A
rna-XM_057802161.1	A	rna-XM_056785936.1	A
rna-XM_057802163.1	A	rna-XM_056785937.1	A
rna-XM_057802164.1	A	rna-XM_056785938.1	A
rna-XM_057801919.1	A	rna-XM_056785939.1	A
rna-XM_057801941.1	A	rna-XM_056784034.1	A
rna-XM_057801928.1	A	rna-XM_056784619.1	A
rna-XM_057802235.1	A	rna-XM_056784620.1	A
rna-XM_057801875.1	A	rna-XM_056783879.1	A
rna-XM_057801876.1	A	rna-XM_056783880.1	A
rna-XM_057801874.1	A	rna-XM_056783878.1	A
rna-XM_057801877.1	A	rna-XM_056783881.1	A
rna-XM_057801873.1	A	rna-XM_056783876.1	A
rna-XM_057801879.1	A	rna-XM_056783885.1	A
rna-XM_057803494.1	A	rna-XM_056785640.1	A
rna-XM_057803495.1	A	rna-XM_056785641.1	A
rna-XM_057803496.1	A	rna-XM_056784788.1	A
rna-XM_057802608.1	A	rna-XM_056784982.1	A
rna-XM_057802612.1	A	rna-XM_056784839.1	A
rna-XM_057802616.1	A	rna-XM_056784196.1	A
rna-XM_057802618.1	A	rna-XM_056784356.1	A
rna-XM_057803725.1	A	rna-XM_056783982.1	A
rna-XM_057803717.1	A	rna-XM_056783974.1	A
rna-XM_057803727.1	A	rna-XM_056783981.1	A
rna-XM_057802513.1	A	rna-XM_056783983.1	A
rna-XM_057802154.1	A	rna-XM_056783990.1	A
rna-XM_057802306.1	A	rna-XM_056783984.1	A
rna-XM_057803460.1	A	rna-XM_056785646.1	A
rna-XM_057803457.1	A	rna-XM_056785642.1	A
rna-XM_057803459.1	A	rna-XM_056785644.1	A
rna-XM_057803455.1	A	rna-XM_056785649.1	A
rna-XM_057803297.1	A	rna-XM_056785400.1	A
rna-XM_057803296.1	A	rna-XM_056785408.1	A
rna-XM_057803290.1	A	rna-XM_056785402.1	A
rna-XM_057802401.1	A	rna-XM_056785596.1	A
rna-XM_057803298.1	A	rna-XM_056785409.1	A
rna-XM_057803292.1	A	rna-XM_056785403.1	A
rna-XM_057803295.1	A	rna-XM_056785407.1	A
rna-XM_057802037.1	A	rna-XM_056784111.1	A
rna-XM_057802039.1	A	rna-XM_056785597.1	A
rna-XM_057803073.1	A	rna-XM_056785039.1	A
rna-XM_057803072.1	A	rna-XM_056785040.1	A
rna-XM_057803074.1	A	rna-XM_056785599.1	A
rna-XM_057803075.1	A	rna-XM_056785037.1	A
rna-XM_057803082.1	A	rna-XM_056785038.1	A
rna-XM_057803078.1	A	rna-XM_056785032.1	A
rna-XM_057803083.1	A	rna-XM_056784225.1	A
rna-XM_057803085.1	A	rna-XM_056784175.1	A
rna-XM_057803087.1	A	rna-XM_056784177.1	A
rna-XM_057803089.1	A	rna-XM_056785600.1	A
rna-XM_057802402.1	A	rna-XM_056785428.1	A
rna-XM_057803090.1	A	rna-XM_056785434.1	A
rna-XM_057803091.1	A	rna-XM_056785435.1	A
rna-XM_057803101.1	A	rna-XM_056785446.1	A
rna-XM_057803099.1	A	rna-XM_056785443.1	A
rna-XM_057803097.1	A	rna-XM_056785438.1	A
rna-XM_057803102.1	A	rna-XM_056785437.1	A
rna-XM_057803103.1	A	rna-XM_056785601.1	A
rna-XM_057803105.1	A	rna-XM_056785444.1	A
rna-XM_057803111.1	A	rna-XM_056785447.1	A
rna-XM_057803119.1	A	rna-XM_056785450.1	A
rna-XM_057803121.1	A	rna-XM_056785462.1	A
rna-XM_057803123.1	A	rna-XM_056785458.1	A
rna-XM_057803125.1	A	rna-XM_056785466.1	A
rna-XM_057803127.1	A	rna-XM_056785467.1	A
rna-XM_057803131.1	A	rna-XM_056785470.1	A
rna-XM_057803136.1	A	rna-XM_056785473.1	A
rna-XM_057802403.1	A	rna-XM_056785602.1	A
rna-XM_057803148.1	A	rna-XM_056785474.1	A
rna-XM_057803141.1	A	rna-XM_056785475.1	A
rna-XM_057803139.1	A	rna-XM_056785476.1	A
rna-XM_057803149.1	A	rna-XM_056785482.1	A
rna-XM_057803142.1	A	rna-XM_056785477.1	A
rna-XM_057803153.1	A	rna-XM_056785483.1	A
rna-XM_057803145.1	A	rna-XM_056785479.1	A
rna-XM_057803147.1	A	rna-XM_056785481.1	A
rna-XM_057803155.1	A	rna-XM_056785484.1	A
rna-XM_057802234.1	A	rna-XM_056785494.1	A
rna-XM_057802230.1	A	rna-XM_056785486.1	A
rna-XM_057802232.1	A	rna-XM_056785493.1	A
rna-XM_057802849.1	A	rna-XM_056785495.1	A
rna-XM_057802851.1	A	rna-XM_056785498.1	A
rna-XM_057802850.1	A	rna-XM_056785497.1	A
rna-XM_057802855.1	A	rna-XM_056785499.1	A
rna-XM_057802857.1	A	rna-XM_056785500.1	A
rna-XM_057802859.1	A	rna-XM_056785503.1	A
rna-XM_057802858.1	A	rna-XM_056785604.1	A
rna-XM_057802404.1	A	rna-XM_056785605.1	A
rna-XM_057802624.1	A	rna-XM_056785504.1	A
rna-XM_057802629.1	A	rna-XM_056785505.1	A
rna-XM_057802631.1	A	rna-XM_056785510.1	A
rna-XM_057802630.1	A	rna-XM_056785506.1	A
rna-XM_057802634.1	A	rna-XM_056785507.1	A
rna-XM_057802635.1	A	rna-XM_056785508.1	A
rna-XM_057802636.1	A	rna-XM_056785512.1	A
rna-XM_057802633.1	A	rna-XM_056785511.1	A
rna-XM_057801663.1	A	rna-XM_056785513.1	A
rna-XM_057801686.1	A	rna-XM_056784023.1	A
rna-XM_057801680.1	A	rna-XM_056784018.1	A
rna-XM_057801661.1	A	rna-XM_056784964.1	A
rna-XM_057801697.1	A	rna-XM_056784157.1	A
rna-XM_057801692.1	A	rna-XM_056784310.1	A
rna-XM_057801700.1	A	rna-XM_056784354.1	A
rna-XM_057801683.1	A	rna-XM_056784352.1	A
rna-XM_057801678.1	A	rna-XM_056784349.1	A
rna-XM_057801694.1	A	rna-XM_056784254.1	A
rna-XM_057801668.1	A	rna-XM_056784253.1	A
rna-XM_057801699.1	A	rna-XM_056784252.1	A
rna-XM_057801689.1	A	rna-XM_056784251.1	A
rna-XM_057801696.1	A	rna-XM_056784808.1	A
rna-XM_057801705.1	A	rna-XM_056784186.1	A
rna-XM_057801703.1	A	rna-XM_056784185.1	A
rna-XM_057801676.1	A	rna-XM_056784738.1	A
rna-XM_057801695.1	A	rna-XM_056784739.1	A
rna-XM_057801671.1	A	rna-XM_056785228.1	A
rna-XM_057801685.1	A	rna-XM_056785227.1	A
rna-XM_057801675.1	A	rna-XM_056785223.1	A
rna-XM_057801691.1	A	rna-XM_056785222.1	A
rna-XM_057801701.1	A	rna-XM_056785220.1	A
rna-XM_057801704.1	A	rna-XM_056785221.1	A
rna-XM_057801658.1	A	rna-XM_056785218.1	A
rna-XM_057802594.1	A	rna-XM_056785217.1	A
rna-XM_057802068.1	A	rna-XM_056785216.1	A
rna-XM_057802522.1	A	rna-XM_056785213.1	A
rna-XM_057802523.1	A	rna-XM_056785214.1	A
rna-XM_057802469.1	A	rna-XM_056785211.1	A
rna-XM_057802480.1	A	rna-XM_056785208.1	A
rna-XM_057802470.1	A	rna-XM_056785200.1	A
rna-XM_057802467.1	A	rna-XM_056785198.1	A
rna-XM_057802482.1	A	rna-XM_056785210.1	A
rna-XM_057802473.1	A	rna-XM_056785202.1	A
rna-XM_057802472.1	A	rna-XM_056785195.1	A
rna-XM_057802483.1	A	rna-XM_056785197.1	A
rna-XM_057801657.1	A	rna-XM_056785194.1	A
rna-XM_057801655.1	A	rna-XM_056785192.1	A
rna-XM_057801656.1	A	rna-XM_056785193.1	A
rna-XM_057803436.1	A	rna-XM_056785854.1	A
rna-XM_057803437.1	A	rna-XM_056785849.1	A
rna-XM_057801908.1	A	rna-XM_056784101.1	A
rna-XM_057802445.1	A	rna-XM_056784972.1	A
rna-XM_057802443.1	A	rna-XM_056784970.1	A
rna-XM_057802592.1	A	rna-XM_056784128.1	A
rna-XM_057802593.1	A	rna-XM_056784127.1	A
rna-XM_057803448.1	A	rna-XM_056784035.1	A
rna-XM_057801872.1	A	rna-XM_056784360.1	A
rna-XM_057801764.1	A	rna-XM_056784697.1	A
rna-XM_057802652.1	A	rna-XM_056784632.1	A
rna-XM_057802832.1	A	rna-XM_056784078.1	A
rna-XM_057803715.1	A	rna-XM_056785684.1	A
rna-XM_057803710.1	A	rna-XM_056785682.1	A
rna-XM_057803702.1	A	rna-XM_056785680.1	A
rna-XM_057802440.1	A	rna-XM_056789858.1	X
rna-XM_057802296.1	A	rna-XM_056784820.1	A
rna-XM_057802150.1	A	rna-XM_056785327.1	A
rna-XM_057802149.1	A	rna-XM_056785326.1	A
rna-XM_057802655.1	A	rna-XM_056785325.1	A
rna-XM_057803818.1	A	rna-XM_056785324.1	A
rna-XM_057802071.1	A	rna-XM_056785018.1	A
rna-XM_057802158.1	A	rna-XM_056785019.1	A
rna-XM_057802201.1	A	rna-XM_056784277.1	A
rna-XM_057802341.1	A	rna-XM_056785581.1	A
rna-XM_057802646.1	A	rna-XM_056784216.1	A
rna-XM_057802648.1	A	rna-XM_056787671.1	A
rna-XM_057802651.1	A	rna-XM_056784217.1	A
rna-XM_057803445.1	A	rna-XM_056784748.1	A
rna-XM_057803442.1	A	rna-XM_056784097.1	A
rna-XM_057803447.1	A	rna-XM_056785888.1	A
rna-XM_057802653.1	A	rna-XM_056784358.1	A
rna-XM_057802602.1	A	rna-XM_056785859.1	A
rna-XM_057802458.1	A	rna-XM_056777477.1	A
rna-XM_057802040.1	A	rna-XM_056784733.1	A
rna-XM_057802313.1	A	rna-XM_056784368.1	A
rna-XM_057801986.1	A	rna-XM_056783955.1	A
rna-XM_057801990.1	A	rna-XM_056783958.1	A
rna-XM_057801730.1	A	rna-XM_056784378.1	A
rna-XM_057801886.1	A	rna-XM_056784843.1	A
rna-XM_057802493.1	A	rna-XM_056784973.1	A
rna-XM_057803014.1	A	rna-XM_056784987.1	A
rna-XM_057803017.1	A	rna-XM_056785578.1	A
rna-XM_057803020.1	A	rna-XM_056785577.1	A
rna-XM_057803021.1	A	rna-XM_056784296.1	A
rna-XM_057803015.1	A	rna-XM_056785576.1	A
rna-XM_057803019.1	A	rna-XM_056784661.1	A
rna-XM_057803016.1	A	rna-XM_056784735.1	A
rna-XM_057801947.1	A	rna-XM_056784279.1	A
rna-XM_057801955.1	A	rna-XM_056785575.1	A
rna-XM_057802059.1	A	rna-XM_056784190.1	A
rna-XM_057802356.1	A	rna-XM_056785356.1	A
rna-XM_057803023.1	A	rna-XM_056785348.1	A
rna-XM_057803034.1	A	rna-XM_056785352.1	A
rna-XM_057803035.1	A	rna-XM_056785355.1	A
rna-XM_057803032.1	A	rna-XM_056785344.1	A
rna-XM_057803033.1	A	rna-XM_056785347.1	A
rna-XM_057803027.1	A	rna-XM_056785343.1	A
rna-XM_057802278.1	A	rna-XM_056785721.1	A
rna-XM_057802277.1	A	rna-XM_056785719.1	A
rna-XM_057803841.1	A	rna-XM_056785712.1	A
rna-XM_057803843.1	A	rna-XM_056785710.1	A
rna-XM_057802575.1	A	rna-XM_056783954.1	A
rna-XM_057802605.1	A	rna-XM_056783951.1	A
rna-XM_057802606.1	A	rna-XM_056783953.1	A
rna-XM_057802607.1	A	rna-XM_056783950.1	A
rna-XM_057802623.1	A	rna-XM_056783949.1	A
rna-XM_057802578.1	A	rna-XM_056783948.1	A
rna-XM_057802577.1	A	rna-XM_056783947.1	A
rna-XM_057802029.1	A	rna-XM_056783946.1	A
rna-XM_057802371.1	A	rna-XM_056783939.1	A
rna-XM_057802542.1	A	rna-XM_056785570.1	A
rna-XM_057802543.1	A	rna-XM_056783937.1	A
rna-XM_057801893.1	A	rna-XM_056783936.1	A
rna-XM_057802571.1	A	rna-XM_056785568.1	A
rna-XM_057802570.1	A	rna-XM_056783935.1	A
rna-XM_057802499.1	A	rna-XM_056783933.1	A
rna-XM_057803700.1	A	rna-XM_056783931.1	A
rna-XM_057802447.1	A	rna-XM_056783972.1	A
rna-XM_057801882.1	A	rna-XM_056783959.1	A
rna-XM_057801884.1	A	rna-XM_056783971.1	A
rna-XM_057801883.1	A	rna-XM_056783962.1	A
rna-XM_057802374.1	A	rna-XM_056783964.1	A
rna-XM_057802837.1	A	rna-XM_056783960.1	A
rna-XM_057802838.1	A	rna-XM_056783961.1	A
rna-XM_057802839.1	A	rna-XM_056783969.1	A
rna-XM_057802842.1	A	rna-XM_056783966.1	A
rna-XM_057801881.1	A	rna-XM_056783967.1	A
rna-XM_057802546.1	A	rna-XM_056783965.1	A
rna-XM_057802656.1	A	rna-XM_056783968.1	A
rna-XM_057801937.1	A	rna-XM_056784686.1	A
rna-XM_057802314.1	A	rna-XM_056784685.1	A
rna-XM_057802316.1	A	rna-XM_056783908.1	A
rna-XM_057802317.1	A	rna-XM_056784192.1	A
rna-XM_057802318.1	A	rna-XM_056784248.1	A
rna-XM_057802319.1	A	rna-XM_056784113.1	A
rna-XM_057802222.1	A	rna-XM_056784323.1	A
rna-XM_057802530.1	A	rna-XM_056784920.1	A
rna-XM_057802249.1	A	rna-XM_056784122.1	A
rna-XM_057802253.1	A	rna-XM_056784242.1	A
rna-XM_057802487.1	A	rna-XM_056784222.1	A
rna-XM_057801759.1	A	rna-XM_056785244.1	A
rna-XM_057801760.1	A	rna-XM_056785414.1	A
rna-XM_057801761.1	A	rna-XM_056785563.1	A
rna-XM_057802460.1	A	rna-XM_056785415.1	A
rna-XM_057802098.1	A	rna-XM_056785412.1	A
rna-XM_057802489.1	A	rna-XM_056781760.1	A
rna-XM_057802491.1	A	rna-XM_056785562.1	A
rna-XM_057802666.1	A	rna-XM_056784148.1	A
rna-XM_057802997.1	A	rna-XM_056785858.1	A
rna-XM_057803002.1	A	rna-XM_056784095.1	A
rna-XM_057803003.1	A	rna-XM_056784379.1	A
rna-XM_057802135.1	A	rna-XM_056785358.1	A
rna-XM_057802139.1	A	rna-XM_056785357.1	A
rna-XM_057802138.1	A	rna-XM_056784129.1	A
rna-XM_057802144.1	A	rna-XM_056784158.1	A
rna-XM_057802140.1	A	rna-XM_056784781.1	A
rna-XM_057802142.1	A	rna-XM_056784150.1	A
rna-XM_057802131.1	A	rna-XM_056783914.1	A
rna-XM_057802137.1	A	rna-XM_056784152.1	A
rna-XM_057802113.1	A	rna-XM_056785172.1	A
rna-XM_057803790.1	A	rna-XM_056785171.1	A
rna-XM_057802862.1	A	rna-XM_056785043.1	A
rna-XM_057802500.1	A	rna-XM_056780677.1	A
rna-XM_057803607.1	A	rna-XM_056785342.1	A
rna-XM_057803608.1	A	rna-XM_056785336.1	A
rna-XM_057802055.1	A	rna-XM_056785341.1	A
rna-XM_057802504.1	A	rna-XM_056777400.1	A
rna-XM_057802049.1	A	rna-XM_056785335.1	A
rna-XM_057802053.1	A	rna-XM_056785338.1	A
rna-XM_057802016.1	A	rna-XM_056785333.1	A
rna-XM_057802014.1	A	rna-XM_056785328.1	A
rna-XM_057803804.1	A	rna-XM_056784784.1	A
rna-XM_057801747.1	A	rna-XM_056785002.1	A
rna-XM_057802268.1	A	rna-XM_056784193.1	A
rna-XM_057803441.1	A	rna-XM_056784811.1	A
rna-XM_057802511.1	A	rna-XM_056791383.1	A
rna-XM_057801653.1	A	rna-XM_056784125.1	A
rna-XM_057801652.1	A	rna-XM_056784124.1	A
rna-XM_057801654.1	A	rna-XM_056784956.1	A
rna-XM_057802247.1	A	rna-XM_056785525.1	A
rna-XM_057802239.1	A	rna-XM_056785520.1	A
rna-XM_057802035.1	A	rna-XM_056784711.1	A
rna-XM_057802427.1	A	rna-XM_056784721.1	A
rna-XM_057802416.1	A	rna-XM_056784712.1	A
rna-XM_057802422.1	A	rna-XM_056784713.1	A
rna-XM_057802429.1	A	rna-XM_056784722.1	A
rna-XM_057802423.1	A	rna-XM_056784716.1	A
rna-XM_057802438.1	A	rna-XM_056784725.1	A
rna-XM_057802437.1	A	rna-XM_056784724.1	A
rna-XM_057802431.1	A	rna-XM_056784723.1	A
rna-XM_057802418.1	A	rna-XM_056784205.1	A
rna-XM_057802541.1	A	rna-XM_056781726.1	A
rna-XM_057802433.1	A	rna-XM_056785555.1	A
rna-XM_057802413.1	A	rna-XM_056784335.1	A
rna-XM_057802865.1	A	rna-XM_056784077.1	A
rna-XM_057802382.1	A	rna-XM_056784075.1	A
rna-XM_057802619.1	A	rna-XM_056785081.1	A
rna-XM_057802539.1	A	rna-XM_056784087.1	A
rna-XM_057802864.1	A	rna-XM_056784092.1	A
rna-XM_057802818.1	A	rna-XM_056784182.1	A
rna-XM_057803745.1	A	rna-XM_056784215.1	A
rna-XM_057802662.1	A	rna-XM_056783766.1	A
rna-XM_057802816.1	A	rna-XM_056784866.1	A
rna-XM_057802555.1	A	rna-XM_056784865.1	A
rna-XM_057802086.1	A	rna-XM_056785161.1	A
rna-XM_057802027.1	A	rna-XM_056784879.1	A
rna-XM_057801647.1	A	rna-XM_056784878.1	A
rna-XM_057801649.1	A	rna-XM_056785028.1	A
rna-XM_057802654.1	A	rna-XM_056785543.1	A
rna-XM_057802349.1	A	rna-XM_056785020.1	A
rna-XM_057803604.1	A	rna-XM_056785022.1	A
rna-XM_057802090.1	A	rna-XM_056785031.1	A
rna-XM_057803659.1	A	rna-XM_056785030.1	A
rna-XM_057803651.1	A	rna-XM_056785025.1	A
rna-XM_057803654.1	A	rna-XM_056784478.1	A
rna-XM_057803660.1	A	rna-XM_056784823.1	A
rna-XM_057803664.1	A	rna-XM_056784822.1	A
rna-XM_057803669.1	A	rna-XM_056785679.1	A
rna-XM_057803670.1	A	rna-XM_056784120.1	A
rna-XM_057803672.1	A	rna-XM_056785410.1	A
rna-XM_057801725.1	A	rna-XM_056784825.1	A
rna-XM_057801939.1	A	rna-XM_056784187.1	A
rna-XM_057801942.1	A	rna-XM_056784761.1	A
rna-XM_057801944.1	A	rna-XM_056784767.1	A
rna-XM_057802388.1	A	rna-XM_056784933.1	A
rna-XM_057802173.1	A	rna-XM_056785538.1	A
rna-XM_057803224.1	A	rna-XM_056784094.1	A
rna-XM_057803226.1	A	rna-XM_056785168.1	A
rna-XM_057803229.1	A	rna-XM_056785169.1	A
rna-XM_057803211.1	A	rna-XM_056785163.1	A
rna-XM_057803235.1	A	rna-XM_056785876.1	A
rna-XM_057803238.1	A	rna-XM_056785878.1	A
rna-XM_057803232.1	A	rna-XM_056785872.1	A
rna-XM_057803222.1	A	rna-XM_056785869.1	A
rna-XM_057803203.1	A	rna-XM_056785865.1	A
rna-XM_057803237.1	A	rna-XM_056785536.1	A
rna-XM_057803217.1	A	rna-XM_056784363.1	A
rna-XM_057802376.1	A	rna-XM_056784917.1	A
rna-XM_057802375.1	A	rna-XM_056784915.1	A
rna-XM_057802175.1	A	rna-XM_056785722.1	A
rna-XM_057803201.1	A	rna-XM_056785884.1	A
rna-XM_057803191.1	A	rna-XM_056785879.1	A
rna-XM_057801706.1	A	rna-XM_056785611.1	A
rna-XM_057801709.1	A	rna-XM_056785614.1	A
rna-XM_057802562.1	A	rna-XM_056784494.1	A
rna-XM_057802566.1	A	rna-XM_056784498.1	A
rna-XM_057802152.1	A	rna-XM_056784492.1	A
rna-XM_057802321.1	A	rna-XM_056784493.1	A
rna-XM_057803178.1	A	rna-XM_056785837.1	A
rna-XM_057803186.1	A	rna-XM_056785846.1	A
rna-XM_057803183.1	A	rna-XM_056785847.1	A
rna-XM_057803185.1	A	rna-XM_056785844.1	A
rna-XM_057803188.1	A	rna-XM_056785848.1	A
rna-XM_057803182.1	A	rna-XM_056785533.1	A
rna-XM_057803177.1	A	rna-XM_056785836.1	A
rna-XM_057803157.1	A	rna-XM_056785842.1	A
rna-XM_057803405.1	A	rna-XM_056785841.1	A
rna-XM_057803406.1	A	rna-XM_056785843.1	A
rna-XM_057803398.1	A	rna-XM_056785829.1	A
rna-XM_057802165.1	A	rna-XM_056784256.1	A
rna-XM_057802167.1	A	rna-XM_056784255.1	A
rna-XM_057802026.1	A	rna-XM_056784229.1	A
rna-XM_057802018.1	A	rna-XM_056784109.1	A
rna-XM_057802022.1	A	rna-XM_056784501.1	A
rna-XM_057802109.1	A	rna-XM_056784502.1	A
rna-XM_057802355.1	A	rna-XM_056785532.1	A
rna-XM_057802558.1	A	rna-XM_056784869.1	A
rna-XM_057802554.1	A	rna-XM_056784220.1	A
rna-XM_057802830.1	A	rna-XM_056784131.1	A
rna-XM_057802831.1	A	rna-XM_056784132.1	A
rna-XM_057802266.1	A	rna-XM_056784133.1	A
rna-XM_057802267.1	A	rna-XM_056784130.1	A
rna-XM_057802813.1	A	rna-XM_056784670.1	A
rna-XM_057802814.1	A	rna-XM_056784669.1	A
rna-XM_057802815.1	A	rna-XM_056784321.1	A
rna-XM_057801957.1	A	rna-XM_056784098.1	A
rna-XM_057802237.1	A	rna-XM_056785530.1	A
rna-XM_057802091.1	A	rna-XM_056785528.1	A
rna-XM_057803012.1	A	rna-XM_056784613.1	A
rna-XM_057802384.1	A	rna-XM_056784871.1	A
rna-XM_057803305.1	A	rna-XM_056784265.1	A
rna-XM_057802442.1	A	rna-XM_056784264.1	A
rna-XM_057802551.1	A	rna-XM_056784263.1	A
rna-XM_057802340.1	A	rna-XM_056784500.1	A
rna-XM_057802168.1	A	rna-XM_056784274.1	A
rna-XM_057803793.1	A	rna-XM_056785391.1	A
rna-XM_057803795.1	A	rna-XM_056785393.1	A
rna-XM_057803306.1	A	rna-XM_056784986.1	A
rna-XM_057803794.1	A	rna-XM_056784985.1	A
rna-XM_057803797.1	A	rna-XM_056785388.1	A
rna-XM_057802176.1	A	rna-XM_056784489.1	A
rna-XM_057802185.1	A	rna-XM_056785262.1	A
rna-XM_057802184.1	A	rna-XM_056785261.1	A
rna-XM_057802181.1	A	rna-XM_056785258.1	A
rna-XM_057802192.1	A	rna-XM_056785259.1	A
rna-XM_057802178.1	A	rna-XM_056785253.1	A
rna-XM_057803308.1	A	rna-XM_056791143.1	X
rna-XM_057802187.1	A	rna-XM_056784153.1	A
rna-XM_057803316.1	A	rna-XM_056785551.1	A
rna-XM_057803317.1	A	rna-XM_056774394.1	A
rna-XM_057803318.1	A	rna-XM_056791257.1	Y
rna-XM_057802195.1	A	rna-XM_056790140.1	X
rna-XM_057803322.1	A	rna-XM_056781717.1	A
rna-XM_057803324.1	A	rna-XM_056775499.1	A
rna-XM_057801959.1	A	rna-XM_056791476.1	A
rna-XM_057801961.1	A	rna-XM_056784052.1	A
rna-XM_057801963.1	A	rna-XM_056785321.1	A
rna-XM_057801965.1	A	rna-XM_056785303.1	A
rna-XM_057801966.1	A	rna-XM_056785308.1	A
rna-XM_057801967.1	A	rna-XM_056785320.1	A
rna-XM_057801968.1	A	rna-XM_056785314.1	A
rna-XM_057801971.1	A	rna-XM_056785317.1	A
rna-XM_057801969.1	A	rna-XM_056785309.1	A
rna-XM_057801972.1	A	rna-XM_056785315.1	A
rna-XM_057801973.1	A	rna-XM_056785306.1	A
rna-XM_057801975.1	A	rna-XM_056785299.1	A
rna-XM_057801978.1	A	rna-XM_056785319.1	A
rna-XM_057801980.1	A	rna-XM_056785298.1	A
rna-XM_057801981.1	A	rna-XM_056785295.1	A
rna-XM_057802100.1	A	rna-XM_056785294.1	A
rna-XM_057801999.1	A	rna-XM_056785292.1	A
rna-XM_057803175.1	A	rna-XM_056785291.1	A
rna-XM_057803172.1	A	rna-XM_056785290.1	A
rna-XM_057803174.1	A	rna-XM_056785289.1	A
rna-XM_057803176.1	A	rna-XM_056785287.1	A
rna-XM_057803169.1	A	rna-XM_056785286.1	A
rna-XM_057803170.1	A	rna-XM_056785283.1	A
rna-XM_057802041.1	A	rna-XM_056785282.1	A
rna-XM_057802641.1	A	rna-XM_056785281.1	A
rna-XM_057802153.1	A	rna-XM_056785279.1	A
rna-XM_057803162.1	A	rna-XM_056785277.1	A
rna-XM_057803166.1	A	rna-XM_056784948.1	A
rna-XM_057803328.1	A	rna-XM_056784946.1	A
rna-XM_057803158.1	A	rna-XM_056785270.1	A
rna-XM_057803159.1	A	rna-XM_056785271.1	A
rna-XM_057803167.1	A	rna-XM_056785272.1	A
rna-XM_057801766.1	A	rna-XM_056785265.1	A
rna-XM_057803329.1	A	rna-XM_056784945.1	A
rna-XM_057801769.1	A	rna-XM_056785267.1	A
rna-XM_057801770.1	A	rna-XM_056785269.1	A
rna-XM_057801772.1	A	rna-XM_056785264.1	A
rna-XM_057801771.1	A	rna-XM_056776044.1	A
rna-XM_057801773.1	A	rna-XM_056785263.1	A
rna-XM_057801774.1	A	rna-XM_056784909.1	A
rna-XM_057801778.1	A	rna-XM_056784944.1	A
rna-XM_057803331.1	A	rna-XM_056784943.1	A
rna-XM_057803332.1	A	rna-XM_056784942.1	A
rna-XM_057803333.1	A	rna-XM_056784940.1	A
rna-XM_057803334.1	A	rna-XM_056784245.1	A
rna-XM_057801779.1	A	rna-XM_056784246.1	A
rna-XM_057801781.1	A	rna-XM_056784939.1	A
rna-XM_057801785.1	A	rna-XM_056792654.1	A
rna-XM_057801786.1	A	rna-XM_056787261.1	A
rna-XM_057803335.1	A	rna-XM_056784938.1	A
rna-XM_057801787.1	A	rna-XM_056783870.1	A
rna-XM_057801790.1	A	rna-XM_056785013.1	A
rna-XM_057801795.1	A	rna-XM_056784118.1	A
rna-XM_057801797.1	A	rna-XM_056784952.1	A
rna-XM_057801799.1	A	rna-XM_056784684.1	A
rna-XM_057801801.1	A	rna-XM_056784621.1	A
rna-XM_057801802.1	A	rna-XM_056784622.1	A
rna-XM_057801804.1	A	rna-XM_056784810.1	A
rna-XM_057801803.1	A	rna-XM_056784809.1	A
rna-XM_057801805.1	A	rna-XM_056784160.1	A
rna-XM_057801807.1	A	rna-XM_056784161.1	A
rna-XM_057801810.1	A	rna-XM_056785017.1	A
rna-XM_057801812.1	A	rna-XM_056784665.1	A
rna-XM_057801814.1	A	rna-XM_056784936.1	A
rna-XM_057801820.1	A	rna-XM_056784104.1	A
rna-XM_057801818.1	A	rna-XM_056784974.1	A
rna-XM_057801821.1	A	rna-XM_056784313.1	A
rna-XM_057801827.1	A	rna-XM_056784317.1	A
rna-XM_057801825.1	A	rna-XM_056784315.1	A
rna-XM_057801824.1	A	rna-XM_056784314.1	A
rna-XM_057801826.1	A	rna-XM_056784316.1	A
rna-XM_057801828.1	A	rna-XM_056784931.1	A
rna-XM_057801829.1	A	rna-XM_056784705.1	A
rna-XM_057801833.1	A	rna-XM_056784702.1	A
rna-XM_057801831.1	A	rna-XM_056784700.1	A
rna-XM_057801835.1	A	rna-XM_056784699.1	A
rna-XM_057801836.1	A	rna-XM_056784676.1	A
rna-XM_057801837.1	A	rna-XM_056784675.1	A
rna-XM_057801838.1	A	rna-XM_056785159.1	A
rna-XM_057801847.1	A	rna-XM_056785156.1	A
rna-XM_057801839.1	A	rna-XM_056785153.1	A
rna-XM_057801849.1	A	rna-XM_056785158.1	A
rna-XM_057801848.1	A	rna-XM_056785157.1	A
rna-XM_057801844.1	A	rna-XM_056785155.1	A
rna-XM_057801850.1	A	rna-XM_056785149.1	A
rna-XM_057801846.1	A	rna-XM_056785148.1	A
rna-XM_057801858.1	A	rna-XM_056785654.1	A
rna-XM_057801851.1	A	rna-XM_056785653.1	A
rna-XM_057801854.1	A	rna-XM_056785652.1	A
rna-XM_057801855.1	A	rna-XM_056785651.1	A
rna-XM_057801862.1	A	rna-XM_056785360.1	A
rna-XM_057801861.1	A	rna-XM_056784747.1	A
rna-XM_057801863.1	A	rna-XM_056784930.1	A
rna-XM_057801864.1	A	rna-XM_056784745.1	A
rna-XM_057801865.1	A	rna-XM_056784743.1	A
rna-XM_057801867.1	A	rna-XM_056784740.1	A
rna-XM_057801870.1	A	rna-XM_056784742.1	A
rna-XM_057801871.1	A	rna-XM_056784325.1	A
rna-XM_057802826.1	A	rna-XM_056784096.1	A
rna-XM_057803005.1	A	rna-XM_056784928.1	A
rna-XM_057803338.1	A	rna-XM_056784927.1	A
rna-XM_057801994.1	A	rna-XM_056784015.1	A
rna-XM_057803757.1	A	rna-XM_056784011.1	A
rna-XM_057803763.1	A	rna-XM_056784017.1	A
rna-XM_057803761.1	A	rna-XM_056784014.1	A
rna-XM_057803765.1	A	rna-XM_056784874.1	A
rna-XM_057802572.1	A	rna-XM_056785077.1	A
rna-XM_057802573.1	A	rna-XM_056785078.1	A
rna-XM_057802590.1	A	rna-XM_056785076.1	A
rna-XM_057802589.1	A	rna-XM_056785075.1	A
rna-XM_057802587.1	A	rna-XM_056785074.1	A
rna-XM_057803767.1	A	rna-XM_056785070.1	A
rna-XM_057802074.1	A	rna-XM_056785056.1	A
rna-XM_057802072.1	A	rna-XM_056785060.1	A
rna-XM_057802077.1	A	rna-XM_056785064.1	A
rna-XM_057802075.1	A	rna-XM_056785061.1	A
rna-XM_057802076.1	A	rna-XM_056785062.1	A
rna-XM_057802081.1	A	rna-XM_056785068.1	A
rna-XM_057803753.1	A	rna-XM_056785383.1	A
rna-XM_057803754.1	A	rna-XM_056785385.1	A
rna-XM_057803755.1	A	rna-XM_056785386.1	A
rna-XM_057803751.1	A	rna-XM_056785381.1	A
rna-XM_057803752.1	A	rna-XM_056785382.1	A
rna-XM_057803747.1	A	rna-XM_056785380.1	A
rna-XM_057801727.1	A	rna-XM_056785378.1	A
rna-XM_057801726.1	A	rna-XM_056784115.1	A
rna-XM_057802063.1	A	rna-XM_056784727.1	A
rna-XM_057802067.1	A	rna-XM_056784732.1	A
rna-XM_057802406.1	A	rna-XM_056783889.1	A
rna-XM_057802407.1	A	rna-XM_056783906.1	A
rna-XM_057802274.1	A	rna-XM_056783895.1	A
rna-XM_057803472.1	A	rna-XM_056783897.1	A
rna-XM_057803475.1	A	rna-XM_056783900.1	A
rna-XM_057803491.1	A	rna-XM_056783905.1	A
rna-XM_057803473.1	A	rna-XM_056783899.1	A
rna-XM_057803478.1	A	rna-XM_056783903.1	A
rna-XM_057803465.1	A	rna-XM_056783890.1	A
rna-XM_057803476.1	A	rna-XM_056783901.1	A
rna-XM_057803339.1	A	rna-XM_056783904.1	A
rna-XM_057803492.1	A	rna-XM_056783907.1	A
rna-XM_057803485.1	A	rna-XM_056783888.1	A
rna-XM_057803489.1	A	rna-XM_056783887.1	A
rna-XM_057803481.1	A	rna-XM_056783886.1	A
rna-XM_057803477.1	A	rna-XM_056784267.1	A
rna-XM_057803479.1	A	rna-XM_056785864.1	A
rna-XM_057803490.1	A	rna-XM_056785863.1	A
rna-XM_057803484.1	A	rna-XM_056785861.1	A
rna-XM_057803480.1	A	rna-XM_056785860.1	A
rna-XM_057803486.1	A	rna-XM_056784025.1	A
rna-XM_057802378.1	A	rna-XM_056784708.1	A
rna-XM_057802023.1	A	rna-XM_056784709.1	A
rna-XM_057802084.1	A	rna-XM_056784374.1	A
rna-XM_057802360.1	A	rna-XM_056784372.1	A
rna-XM_057802364.1	A	rna-XM_056784371.1	A
rna-XM_057802363.1	A	rna-XM_056784369.1	A
rna-XM_057803737.1	A	rna-XM_056783997.1	A
rna-XM_057803744.1	A	rna-XM_056784008.1	A
rna-XM_057803743.1	A	rna-XM_056784007.1	A
rna-XM_057803742.1	A	rna-XM_056784005.1	A
rna-XM_057803740.1	A	rna-XM_056784004.1	A
rna-XM_057803733.1	A	rna-XM_056783994.1	A
rna-XM_057803734.1	A	rna-XM_056783995.1	A
rna-XM_057803735.1	A	rna-XM_056783993.1	A
rna-XM_057803728.1	A	rna-XM_056784775.1	A
rna-XM_057802106.1	A	rna-XM_056784616.1	A
rna-XM_057802107.1	A	rna-XM_056784618.1	A
rna-XM_057802105.1	A	rna-XM_056784614.1	A
rna-XM_057803850.1	A	rna-XM_056784031.1	A
rna-XM_057803340.1	A	rna-XM_056788843.1	A
rna-XM_057803848.1	A	rna-XM_056784030.1	A
rna-XM_057803392.1	A	rna-XM_056784258.1	A
rna-XM_057803395.1	A	rna-XM_056784627.1	A
rna-XM_057803393.1	A	rna-XM_056784914.1	A
rna-XM_057802822.1	A	rna-XM_056784998.1	A
rna-XM_057802824.1	A	rna-XM_056784912.1	A
rna-XM_057803341.1	A	rna-XM_056784911.1	A
rna-XM_057802604.1	A	rna-XM_056785054.1	A
rna-XM_057802603.1	A	rna-XM_056785053.1	A
rna-XM_057801910.1	A	rna-XM_056784126.1	A
rna-XM_057803855.1	A	rna-XM_056785657.1	A
rna-XM_057803873.1	A	rna-XM_056785675.1	A
rna-XM_057801743.1	A	rna-XM_056785671.1	A
rna-XM_057801746.1	A	rna-XM_056784260.1	A
rna-XM_057802449.1	A	rna-XM_056784957.1	A
rna-XM_057803787.1	A	rna-XM_056784299.1	A
rna-XM_057802280.1	A	rna-XM_056783875.1	A
rna-XM_057802281.1	A	rna-XM_056783874.1	A
rna-XM_057802282.1	A	rna-XM_056783873.1	A
rna-XM_057801920.1	A	rna-XM_056784197.1	A
rna-XM_057803342.1	A	rna-XM_056784203.1	A
rna-XM_057801946.1	A	rna-XM_056784149.1	A
rna-XM_057802146.1	A	rna-XM_056784907.1	A
rna-XM_057802220.1	A	rna-XM_056784905.1	A
rna-XM_057802305.1	A	rna-XM_056784361.1	A
rna-XM_057803679.1	A	rna-XM_056784813.1	A
rna-XM_057803682.1	A	rna-XM_056783927.1	A
rna-XM_057803681.1	A	rna-XM_056783926.1	A
rna-XM_057803683.1	A	rna-XM_056784169.1	A
rna-XM_057803680.1	A	rna-XM_056784167.1	A
rna-XM_057803770.1	A	rna-XM_056785685.1	A
rna-XM_057802821.1	A	rna-XM_056784625.1	A
rna-XM_057803049.1	A	rna-XM_056785518.1	A
rna-XM_057803038.1	A	rna-XM_056785515.1	A
rna-XM_057803055.1	A	rna-XM_056784062.1	A
rna-XM_057803059.1	A	rna-XM_056784066.1	A
rna-XM_057803042.1	A	rna-XM_056784054.1	A
rna-XM_057803051.1	A	rna-XM_056784061.1	A
rna-XM_057803065.1	A	rna-XM_056784069.1	A
rna-XM_057803044.1	A	rna-XM_056784057.1	A
rna-XM_057803046.1	A	rna-XM_056784060.1	A
rna-XM_057803056.1	A	rna-XM_056784063.1	A
rna-XM_057803036.1	A	rna-XM_056784734.1	A
rna-XM_057803063.1	A	rna-XM_056784749.1	A
rna-XM_057803530.1	A	rna-XM_056784139.1	A
rna-XM_057803525.1	A	rna-XM_056784136.1	A
rna-XM_057803522.1	A	rna-XM_056784134.1	A
rna-XM_057803536.1	A	rna-XM_056785416.1	A
rna-XM_057803537.1	A	rna-XM_056784170.1	A
rna-XM_057803540.1	A	rna-XM_056784171.1	A
rna-XM_057803548.1	A	rna-XM_056784221.1	A
rna-XM_057803565.1	A	rna-XM_056785140.1	A
rna-XM_057803572.1	A	rna-XM_056785147.1	A
rna-XM_057803551.1	A	rna-XM_056785129.1	A
rna-XM_057803571.1	A	rna-XM_056785145.1	A
rna-XM_057803569.1	A	rna-XM_056785143.1	A
rna-XM_057803577.1	A	rna-XM_056784212.1	A
rna-XM_057803573.1	A	rna-XM_056784208.1	A
rna-XM_057803578.1	A	rna-XM_056784043.1	A
rna-XM_057803581.1	A	rna-XM_056784044.1	A
rna-XM_057803592.1	A	rna-XM_056784026.1	A
rna-XM_057803587.1	A	rna-XM_056784268.1	A
rna-XM_057803582.1	A	rna-XM_056784692.1	A
rna-XM_057803596.1	A	rna-XM_056784904.1	A
rna-XM_057803343.1	A	rna-XM_056784903.1	A
rna-XM_057803597.1	A	rna-XM_056784902.1	A
rna-XM_057803598.1	A	rna-XM_056784796.1	A
rna-XM_057803600.1	A	rna-XM_056784798.1	A
rna-XM_057803603.1	A	rna-XM_056784799.1	A
rna-XM_057803345.1	A	rna-XM_056784900.1	A
rna-XM_057803346.1	A	rna-XM_056784707.1	A
rna-XM_057803347.1	A	rna-XM_056784968.1	A
rna-XM_057802170.1	A	rna-XM_056784967.1	A
rna-XM_057803349.1	A	rna-XM_056784966.1	A
rna-XM_057802860.1	A	rna-XM_056784184.1	A
rna-XM_057802582.1	A	rna-XM_056784241.1	A
rna-XM_057802583.1	A	rna-XM_056784291.1	A
rna-XM_057803435.1	A	rna-XM_056784290.1	A
rna-XM_057803350.1	A	rna-XM_056784898.1	A
rna-XM_057803645.1	A	rna-XM_056784259.1	A
rna-XM_057803646.1	A	rna-XM_056785828.1	A
rna-XM_057803642.1	A	rna-XM_056785822.1	A
rna-XM_057803647.1	A	rna-XM_056785826.1	A
rna-XM_057803650.1	A	rna-XM_056785825.1	A
rna-XM_057803649.1	A	rna-XM_056785824.1	A
rna-XM_057803648.1	A	rna-XM_056785823.1	A
rna-XM_057803279.1	A	rna-XM_056785809.1	A
rna-XM_057803285.1	A	rna-XM_056785817.1	A
rna-XM_057803281.1	A	rna-XM_056785812.1	A
rna-XM_057803283.1	A	rna-XM_056785813.1	A
rna-XM_057802301.1	A	rna-XM_056785808.1	A
rna-XM_057801930.1	A	rna-XM_056785807.1	A
rna-XM_057801909.1	A	rna-XM_056785806.1	A
rna-XM_057802675.1	A	rna-XM_056785802.1	A
rna-XM_057803068.1	A	rna-XM_056785805.1	A
rna-XM_057803352.1	A	rna-XM_056785800.1	A
rna-XM_057803353.1	A	rna-XM_056784897.1	A
rna-XM_057803070.1	A	rna-XM_056784896.1	A
rna-XM_057803071.1	A	rna-XM_056785796.1	A
rna-XM_057802032.1	A	rna-XM_056785794.1	A
rna-XM_057802031.1	A	rna-XM_056785792.1	A
rna-XM_057802034.1	A	rna-XM_056785797.1	A
rna-XM_057802663.1	A	rna-XM_056785782.1	A
rna-XM_057802011.1	A	rna-XM_056785790.1	A
rna-XM_057802013.1	A	rna-XM_056785791.1	A
rna-XM_057802002.1	A	rna-XM_056785783.1	A
rna-XM_057802008.1	A	rna-XM_056785789.1	A
rna-XM_057802010.1	A	rna-XM_056785781.1	A
rna-XM_057802159.1	A	rna-XM_056785775.1	A
rna-XM_057803354.1	A	rna-XM_056785778.1	A
rna-XM_057802595.1	A	rna-XM_056785779.1	A
rna-XM_057802596.1	A	rna-XM_056785780.1	A
rna-XM_057802496.1	A	rna-XM_056785777.1	A
rna-XM_057802497.1	A	rna-XM_056785774.1	A
rna-XM_057802559.1	A	rna-XM_056785773.1	A
rna-XM_057802560.1	A	rna-XM_056785772.1	A
rna-XM_057802295.1	A	rna-XM_056785771.1	A
rna-XM_057802323.1	A	rna-XM_056785769.1	A
rna-XM_057801630.1	A	rna-XM_056785767.1	A
rna-XM_057801631.1	A	rna-XM_056785768.1	A
rna-XM_057801633.1	A	rna-XM_056785761.1	A
rna-XM_057802644.1	A	rna-XM_056785760.1	A
rna-XM_057802210.1	A	rna-XM_056785759.1	A
rna-XM_057801927.1	A	rna-XM_056785758.1	A
rna-XM_057802344.1	A	rna-XM_056785755.1	A
rna-XM_057802348.1	A	rna-XM_056785757.1	A
rna-XM_057802227.1	A	rna-XM_056785754.1	A
rna-XM_057802226.1	A	rna-XM_056785753.1	A
rna-XM_057802329.1	A	rna-XM_056785750.1	A
rna-XM_057802331.1	A	rna-XM_056785751.1	A
rna-XM_057802332.1	A	rna-XM_056785749.1	A
rna-XM_057802333.1	A	rna-XM_056784894.1	A
rna-XM_057802336.1	A	rna-XM_056785748.1	A
rna-XM_057802335.1	A	rna-XM_056785746.1	A
rna-XM_057801891.1	A	rna-XM_056785745.1	A
rna-XM_057802365.1	A	rna-XM_056785744.1	A
rna-XM_057802366.1	A	rna-XM_056785738.1	A
rna-XM_057802368.1	A	rna-XM_056785733.1	A
rna-XM_057802369.1	A	rna-XM_056785735.1	A
rna-XM_057801936.1	A	rna-XM_056785732.1	A
rna-XM_057802643.1	A	rna-XM_056785734.1	A
rna-XM_057802584.1	A	rna-XM_056785731.1	A
rna-XM_057802370.1	A	rna-XM_056785736.1	A
rna-XM_057802224.1	A	rna-XM_056785741.1	A
rna-XM_057802097.1	A	rna-XM_056785739.1	A
rna-XM_057801763.1	A	rna-XM_056785730.1	A
rna-XM_057801762.1	A	rna-XM_056785727.1	A
rna-XM_057802238.1	A	rna-XM_056785726.1	A
rna-XM_057802372.1	A	rna-XM_056785724.1	A
rna-XM_057802492.1	A	rna-XM_056785723.1	A
rna-XM_057802294.1	A	rna-XM_056784362.1	A
rna-XM_057802171.1	A	rna-XM_056784297.1	A
rna-XM_057802172.1	A	rna-XM_056784298.1	A
rna-XM_057802085.1	A	rna-XM_056784664.1	A
rna-XM_057802351.1	A	rna-XM_056784726.1	A
rna-XM_057802353.1	A	rna-XM_056784083.1	A
rna-XM_057803356.1	A	rna-XM_056784893.1	A
rna-XM_057803357.1	A	rna-XM_056784892.1	A
rna-XM_057802299.1	A	rna-XM_056784770.1	A
rna-XM_057802455.1	A	rna-XM_056784106.1	A
rna-XM_057802457.1	A	rna-XM_056784107.1	A
rna-XM_057802391.1	A	rna-XM_056784891.1	A
rna-XM_057802043.1	A	rna-XM_056784105.1	A
rna-XM_057802526.1	A	rna-XM_056784663.1	A
rna-XM_057803358.1	A	rna-XM_056784890.1	A
rna-XM_057802293.1	A	rna-XM_056784889.1	A
rna-XM_057802507.1	A	rna-XM_056784999.1	A
rna-XM_057802678.1	A	rna-XM_056784631.1	A
rna-XM_057802679.1	A	rna-XM_056785607.1	A
rna-XM_057802680.1	A	rna-XM_056784963.1	A
rna-XM_057803360.1	A	rna-XM_056784623.1	A
rna-XM_057802681.1	A	rna-XM_056784337.1	A
rna-XM_057802686.1	A	rna-XM_056784339.1	A
rna-XM_057802696.1	A	rna-XM_056785609.1	A
rna-XM_057802694.1	A	rna-XM_056785620.1	A
rna-XM_057802699.1	A	rna-XM_056785618.1	A
rna-XM_057802700.1	A	rna-XM_056785619.1	A
rna-XM_057802701.1	A	rna-XM_056785012.1	A
rna-XM_057803361.1	A	rna-XM_056784886.1	A
rna-XM_057802702.1	A	rna-XM_056784995.1	A
rna-XM_057802708.1	A	rna-XM_056784994.1	A
rna-XM_057802705.1	A	rna-XM_056784991.1	A
rna-XM_057802709.1	A	rna-XM_056784988.1	A
rna-XM_057802713.1	A	rna-XM_056784072.1	A
rna-XM_057803363.1	A	rna-XM_056784885.1	A
rna-XM_057802718.1	A	rna-XM_056785125.1	A
rna-XM_057802719.1	A	rna-XM_056785124.1	A
rna-XM_057802714.1	A	rna-XM_056785122.1	A
rna-XM_057802727.1	A	rna-XM_056785116.1	A
rna-XM_057802724.1	A	rna-XM_056785106.1	A
rna-XM_057802725.1	A	rna-XM_056785114.1	A
rna-XM_057802731.1	A	rna-XM_056785100.1	A
rna-XM_057802734.1	A	rna-XM_056785094.1	A
rna-XM_057802774.1	A	rna-XM_056785096.1	A
rna-XM_057803365.1	A	rna-XM_056785091.1	A
rna-XM_057802733.1	A	rna-XM_056785085.1	A
rna-XM_057802756.1	A	rna-XM_056785088.1	A
rna-XM_057802771.1	A	rna-XM_056785089.1	A
rna-XM_057802781.1	A	rna-XM_056784659.1	A
rna-XM_057802772.1	A	rna-XM_056784650.1	A
rna-XM_057802753.1	A	rna-XM_056784644.1	A
rna-XM_057803366.1	A	rna-XM_056784634.1	A
rna-XM_057802784.1	A	rna-XM_056784658.1	A
rna-XM_057802749.1	A	rna-XM_056784639.1	A
rna-XM_057802761.1	A	rna-XM_056784641.1	A
rna-XM_057803367.1	A	rna-XM_056784880.1	A
rna-XM_057802778.1	A	rna-XM_056784657.1	A
rna-XM_057802773.1	A	rna-XM_056784655.1	A
rna-XM_057802747.1	A	rna-XM_056784636.1	A
rna-XM_057802777.1	A	rna-XM_056785083.1	A
rna-XM_057802744.1	A	rna-XM_056784807.1	A
rna-XM_057803369.1	A	rna-XM_056784877.1	A
rna-XM_057803370.1	A	rna-XM_056784870.1	A
rna-XM_057803372.1	A	rna-XM_056784867.1	A
rna-XM_057802787.1	A	rna-XM_056784470.1	A
rna-XM_057802785.1	A	rna-XM_056784468.1	A
rna-XM_057802790.1	A	rna-XM_056784467.1	A
rna-XM_057802812.1	A	rna-XM_056784862.1	A
rna-XM_057802809.1	A	rna-XM_056784462.1	A
rna-XM_057802796.1	A	rna-XM_056784454.1	A
rna-XM_057802800.1	A	rna-XM_056784458.1	A
rna-XM_057802793.1	A	rna-XM_056784444.1	A
rna-XM_057802794.1	A	rna-XM_056784446.1	A
rna-XM_057802811.1	A	rna-XM_056784465.1	A
rna-XM_057802806.1	A	rna-XM_056784461.1	A
rna-XM_057802797.1	A	rna-XM_056784448.1	A
rna-XM_057801722.1	A	rna-XM_056784442.1	A
rna-XM_057803374.1	A	rna-XM_056784440.1	A
rna-XM_057801723.1	A	rna-XM_056784439.1	A
rna-XM_057803375.1	A	rna-XM_056784860.1	A
rna-XM_057802488.1	A	rna-XM_056784437.1	A
rna-XM_057802338.1	A	rna-XM_056784434.1	A
rna-XM_057802453.1	A	rna-XM_056784435.1	A
rna-XM_057802410.1	A	rna-XM_056784433.1	A
rna-XM_057801765.1	A	rna-XM_056784432.1	A
rna-XM_057803408.1	A	rna-XM_056784431.1	A
rna-XM_057803411.1	A	rna-XM_056784430.1	A
rna-XM_057802147.1	A	rna-XM_056784429.1	A
rna-XM_057801636.1	A	rna-XM_056784427.1	A
rna-XM_057801646.1	A	rna-XM_056784391.1	A
rna-XM_057801641.1	A	rna-XM_056784858.1	A
rna-XM_057802466.1	A	rna-XM_056784419.1	A
rna-XM_057802463.1	A	rna-XM_056784402.1	A
rna-XM_057803376.1	A	rna-XM_056784856.1	A
rna-XM_057803377.1	A	rna-XM_056784417.1	A
rna-XM_057803378.1	A	rna-XM_056784398.1	A
rna-XM_057803239.1	A	rna-XM_056784392.1	A
rna-XM_057801894.1	A	rna-XM_056784390.1	A
rna-XM_057803379.1	A	rna-XM_056784393.1	A
rna-XM_057801896.1	A	rna-XM_056784409.1	A
rna-XM_057803380.1	A	rna-XM_056784855.1	A
rna-XM_057802861.1	A	rna-XM_056784854.1	A
rna-XM_057802517.1	A	rna-XM_056784415.1	A
rna-XM_057802515.1	A	rna-XM_056784389.1	A
rna-XM_057802598.1	A	rna-XM_056784853.1	A
rna-XM_057803381.1	A	rna-XM_056784852.1	A
rna-XM_057803694.1	A	rna-XM_056784414.1	A
rna-XM_057803691.1	A	rna-XM_056784382.1	A
rna-XM_057803693.1	A	rna-XM_056784384.1	A
rna-XM_057803697.1	A	rna-XM_056784385.1	A
rna-XM_057803695.1	A	rna-XM_056784851.1	A
rna-XM_057803692.1	A	rna-XM_056784383.1	A
rna-XM_057803699.1	A	rna-XM_056784849.1	A
rna-XM_057803383.1	A	rna-XM_056784100.1	A
rna-XM_057802383.1	A	rna-XM_056785398.1	A
rna-XM_057802044.1	A	rna-XM_056785394.1	A
rna-XM_057802236.1	A	rna-XM_056785399.1	A
rna-XM_057802111.1	A	rna-XM_056784848.1	A
rna-XM_057802110.1	A	rna-XM_056785395.1	A
rna-XM_057802112.1	A	rna-XM_056784847.1	A
rna-XM_057802547.1	A	rna-XM_056785051.1	A
rna-XM_057803814.1	A	rna-XM_056784318.1	A
rna-XM_057801926.1	A	rna-XM_056784073.1	A
rna-XM_057802484.1	A	rna-XM_056784881.1	A
rna-XM_057802284.1	A	rna-XM_056784834.1	A
rna-XM_057802291.1	A	rna-XM_056784179.1	A
rna-XM_057802101.1	A	rna-XM_056784178.1	A
rna-XM_057802102.1	A	rna-XM_056784689.1	A
rna-XM_057802103.1	A	rna-XM_056784688.1	A
rna-XM_057802104.1	A	rna-XM_056784690.1	A
rna-XM_057802877.1	A	rna-XM_056785047.1	A
rna-XM_057802886.1	A	rna-XM_056785048.1	A
rna-XM_057802882.1	A	rna-XM_056784247.1	A
rna-XM_057802885.1	A	rna-XM_056785001.1	A
rna-XM_057802880.1	A	rna-XM_056784240.1	A
rna-XM_057802878.1	A	rna-XM_056784239.1	A
rna-XM_057802870.1	A	rna-XM_056784231.1	A
rna-XM_057802883.1	A	rna-XM_056784237.1	A
rna-XM_057802884.1	A	rna-XM_056784238.1	A
rna-XM_057802889.1	A	rna-XM_056784195.1	A
rna-XM_057802890.1	A	rna-XM_056785420.1	A
rna-XM_057802891.1	A	rna-XM_056785419.1	A
rna-XM_057802892.1	A	rna-XM_056785418.1	A
rna-XM_057802893.1	A	rna-XM_056785417.1	A
rna-XM_057802894.1	A	rna-XM_056784674.1	A
rna-XM_057802896.1	A	rna-XM_056784672.1	A
rna-XM_057802899.1	A	rna-XM_056785183.1	A
rna-XM_057802909.1	A	rna-XM_056785190.1	A
rna-XM_057802903.1	A	rna-XM_056785186.1	A
rna-XM_057802902.1	A	rna-XM_056785185.1	A
rna-XM_057802908.1	A	rna-XM_056785189.1	A
rna-XM_057802898.1	A	rna-XM_056785182.1	A
rna-XM_057802905.1	A	rna-XM_056785187.1	A
rna-XM_057802900.1	A	rna-XM_056785184.1	A
rna-XM_057802904.1	A	rna-XM_056785181.1	A
rna-XM_057802915.1	A	rna-XM_056785178.1	A
rna-XM_057802910.1	A	rna-XM_056785174.1	A
rna-XM_057802914.1	A	rna-XM_056785177.1	A
rna-XM_057802943.1	A	rna-XM_056784838.1	A
rna-XM_057802922.1	A	rna-XM_056784706.1	A
rna-XM_057802926.1	A	rna-XM_056784331.1	A
rna-XM_057802925.1	A	rna-XM_056784328.1	A
rna-XM_057802955.1	A	rna-XM_056784329.1	A
rna-XM_057802930.1	A	rna-XM_056784309.1	A
rna-XM_057802950.1	A	rna-XM_056784307.1	A
rna-XM_057802920.1	A	rna-XM_056784304.1	A
rna-XM_057802948.1	A	rna-XM_056784306.1	A
rna-XM_057802944.1	A	rna-XM_056784783.1	A
rna-XM_057802940.1	A	rna-XM_056784181.1	A
rna-XM_057802924.1	A	rna-XM_056784051.1	A
rna-XM_057802945.1	A	rna-XM_056784050.1	A
rna-XM_057802941.1	A	rna-XM_056784048.1	A
rna-XM_057802949.1	A	rna-XM_056784047.1	A
rna-XM_057803384.1	A	rna-XM_056784837.1	A
rna-XM_057802956.1	A	rna-XM_056784045.1	A
rna-XM_057802946.1	A	rna-XM_056784359.1	A
rna-XM_057802954.1	A	rna-XM_056784760.1	A
rna-XM_057802952.1	A	rna-XM_056784759.1	A
rna-XM_057802927.1	A	rna-XM_056784757.1	A
rna-XM_057802935.1	A	rna-XM_056784752.1	A
rna-XM_057802959.1	A	rna-XM_056784174.1	A
rna-XM_057802957.1	A	rna-XM_056784188.1	A
rna-XM_057802961.1	A	rna-XM_056783872.1	A
rna-XM_057802960.1	A	rna-XM_056784836.1	A
rna-XM_057802962.1	A	rna-XM_056784357.1	A
rna-XM_057803385.1	A	rna-XM_056784831.1	A
rna-XM_057802963.1	A	rna-XM_056785519.1	A
rna-XM_057802965.1	A	rna-XM_056784249.1	A
rna-XM_057802966.1	A	rna-XM_056784679.1	A
rna-XM_057802970.1	A	rna-XM_056784681.1	A
rna-XM_057802971.1	A	rna-XM_056784262.1	A
rna-XM_057802973.1	A	rna-XM_056785367.1	A
rna-XM_057802981.1	A	rna-XM_056785377.1	A
rna-XM_057802976.1	A	rna-XM_056785376.1	A
rna-XM_057802975.1	A	rna-XM_056785370.1	A
rna-XM_057802983.1	A	rna-XM_056785361.1	A
rna-XM_057802987.1	A	rna-XM_056785234.1	A
rna-XM_057801718.1	A	rna-XM_056785233.1	A
rna-XM_057801719.1	A	rna-XM_056785243.1	A
rna-XM_057801720.1	A	rna-XM_056784082.1	A
rna-XM_057802519.1	A	rna-XM_056785427.1	A
rna-XM_057803803.1	A	rna-XM_056784830.1	A
rna-XM_057803801.1	A	rna-XM_056785426.1	A
rna-XM_057803800.1	A	rna-XM_056785424.1	A
rna-XM_057803798.1	A	rna-XM_056785421.1	A
rna-XM_057801932.1	A	rna-XM_056784829.1	A
rna-XM_057802108.1	A	rna-XM_056784624.1	A
rna-XM_057803463.1	A	rna-XM_056785617.1	A
rna-XM_057803464.1	A	rna-XM_056785616.1	A
rna-XM_057802863.1	A	rna-XM_056784183.1	A
rna-XM_057801897.1	A	rna-XM_056784814.1	A
rna-XM_057801903.1	A	rna-XM_056784818.1	A
rna-XM_057801900.1	A	rna-XM_056784817.1	A
rna-XM_057803386.1	A	rna-XM_056784828.1	A
rna-XM_057803387.1	A	rna-XM_056784978.1	A
rna-XM_057801902.1	A	rna-XM_056784977.1	A
rna-XM_057803388.1	A	rna-XM_056784827.1	A
rna-XM_057801905.1	A	rna-XM_056784979.1	A
rna-XM_057802145.1	A	rna-XM_056784230.1	A
rna-XM_057802343.1	A	rna-XM_056784826.1	A
rna-XM_057802207.1	A	rna-XM_056784029.1	A
rna-XM_057802254.1	A	rna-XM_056785636.1	A
rna-XM_057801742.1	A	rna-XM_056785635.1	A
rna-XM_057801734.1	A	rna-XM_056785625.1	A
rna-XM_057801737.1	A	rna-XM_056785634.1	A
rna-XM_057802028.1	A	rna-XM_056784677.1	A
rna-XM_057802057.1	A	rna-XM_056784678.1	A
rna-XM_057803638.1	A	rna-XM_056784292.1	A
rna-XM_057803640.1	A	rna-XM_056784293.1	A
rna-XM_057803641.1	A	rna-XM_056784488.1	A
rna-XM_057803632.1	A	rna-XM_056784486.1	A
rna-XM_057804103.1	A	rna-XM_056778404.1	A
rna-XM_057804104.1	A	rna-XM_056778405.1	A
rna-XM_057804106.1	A	rna-XM_056778407.1	A
rna-XM_057804196.1	A	rna-XM_056777232.1	A
rna-XM_057804154.1	A	rna-XM_056777236.1	A
rna-XM_057804144.1	A	rna-XM_056777233.1	A
rna-XM_057804145.1	A	rna-XM_056778351.1	A
rna-XM_057804148.1	A	rna-XM_056777409.1	A
rna-XM_057804160.1	A	rna-XM_056778354.1	A
rna-XM_057804151.1	A	rna-XM_056776987.1	A
rna-XM_057804715.1	A	rna-XM_056777422.1	A
rna-XM_057804159.1	A	rna-XM_056777426.1	A
rna-XM_057804161.1	A	rna-XM_056776932.1	A
rna-XM_057804297.1	A	rna-XM_056777428.1	A
rna-XM_057804479.1	A	rna-XM_056777429.1	A
rna-XM_057804717.1	A	rna-XM_056777437.1	A
rna-XM_057804198.1	A	rna-XM_056777076.1	A
rna-XM_057804083.1	A	rna-XM_056776767.1	A
rna-XM_057804164.1	A	rna-XM_056777004.1	A
rna-XM_057804322.1	A	rna-XM_056777553.1	A
rna-XM_057804321.1	A	rna-XM_056777439.1	A
rna-XM_057804065.1	A	rna-XM_056776598.1	A
rna-XM_057804718.1	A	rna-XM_056777440.1	A
rna-XM_057805262.1	A	rna-XM_056776737.1	A
rna-XM_057803978.1	A	rna-XM_056776507.1	A
rna-XM_057804172.1	A	rna-XM_056776510.1	A
rna-XM_057804173.1	A	rna-XM_056776512.1	A
rna-XM_057804263.1	A	rna-XM_056777563.1	A
rna-XM_057804566.1	A	rna-XM_056776939.1	A
rna-XM_057804567.1	A	rna-XM_056776940.1	A
rna-XM_057804276.1	A	rna-XM_056777721.1	A
rna-XM_057804107.1	A	rna-XM_056777722.1	A
rna-XM_057804292.1	A	rna-XM_056776912.1	A
rna-XM_057804293.1	A	rna-XM_056777162.1	A
rna-XM_057804721.1	A	rna-XM_056777461.1	A
rna-XM_057804465.1	A	rna-XM_056777578.1	A
rna-XM_057804393.1	A	rna-XM_056776674.1	A
rna-XM_057804722.1	A	rna-XM_056777467.1	A
rna-XM_057804285.1	A	rna-XM_056777610.1	A
rna-XM_057804127.1	A	rna-XM_056777389.1	A
rna-XM_057804236.1	A	rna-XM_056776734.1	A
rna-XM_057804391.1	A	rna-XM_056777066.1	A
rna-XM_057804482.1	A	rna-XM_056777718.1	A
rna-XM_057805067.1	A	rna-XM_056778389.1	A
rna-XM_057805074.1	A	rna-XM_056778347.1	A
rna-XM_057804922.1	A	rna-XM_056778348.1	A
rna-XM_057804925.1	A	rna-XM_056778349.1	A
rna-XM_057804926.1	A	rna-XM_056777356.1	A
rna-XM_057804604.1	A	rna-XM_056777357.1	A
rna-XM_057804616.1	A	rna-XM_056777367.1	A
rna-XM_057804617.1	A	rna-XM_056777368.1	A
rna-XM_057805121.1	A	rna-XM_056777668.1	A
rna-XM_057805122.1	A	rna-XM_056778350.1	A
rna-XM_057805002.1	A	rna-XM_056777560.1	A
rna-XM_057805001.1	A	rna-XM_056776898.1	A
rna-XM_057804929.1	A	rna-XM_056778030.1	A
rna-XM_057804930.1	A	rna-XM_056778031.1	A
rna-XM_057805195.1	A	rna-XM_056776592.1	A
rna-XM_057805197.1	A	rna-XM_056784925.1	A
rna-XM_057804080.1	A	rna-XM_056776852.1	A
rna-XM_057804935.1	A	rna-XM_056777327.1	A
rna-XM_057804937.1	A	rna-XM_056777329.1	A
rna-XM_057804932.1	A	rna-XM_056777325.1	A
rna-XM_057804938.1	A	rna-XM_056777787.1	A
rna-XM_057804941.1	A	rna-XM_056777172.1	A
rna-XM_057804944.1	A	rna-XM_056777047.1	A
rna-XM_057804945.1	A	rna-XM_056777450.1	A
rna-XM_057804949.1	A	rna-XM_056776671.1	A
rna-XM_057804952.1	A	rna-XM_056776672.1	A
rna-XM_057804953.1	A	rna-XM_056776456.1	A
rna-XM_057804950.1	A	rna-XM_056776457.1	A
rna-XM_057804955.1	A	rna-XM_056777263.1	A
rna-XM_057804963.1	A	rna-XM_056777264.1	A
rna-XM_057804964.1	A	rna-XM_056776694.1	A
rna-XM_057804971.1	A	rna-XM_056776676.1	A
rna-XM_057804961.1	A	rna-XM_056776678.1	A
rna-XM_057804973.1	A	rna-XM_056776681.1	A
rna-XM_057804958.1	A	rna-XM_056776684.1	A
rna-XM_057804957.1	A	rna-XM_056776683.1	A
rna-XM_057804959.1	A	rna-XM_056776687.1	A
rna-XM_057804975.1	A	rna-XM_056776689.1	A
rna-XM_057804960.1	A	rna-XM_056776690.1	A
rna-XM_057804969.1	A	rna-XM_056776691.1	A
rna-XM_057804968.1	A	rna-XM_056776692.1	A
rna-XM_057804972.1	A	rna-XM_056776693.1	A
rna-XM_057804967.1	A	rna-XM_056776695.1	A
rna-XM_057804448.1	A	rna-XM_056776696.1	A
rna-XM_057804851.1	A	rna-XM_056776700.1	A
rna-XM_057804861.1	A	rna-XM_056776704.1	A
rna-XM_057804857.1	A	rna-XM_056776706.1	A
rna-XM_057804865.1	A	rna-XM_056777574.1	A
rna-XM_057804866.1	A	rna-XM_056776710.1	A
rna-XM_057804880.1	A	rna-XM_056777310.1	A
rna-XM_057804875.1	A	rna-XM_056777312.1	A
rna-XM_057804879.1	A	rna-XM_056777311.1	A
rna-XM_057804882.1	A	rna-XM_056777313.1	A
rna-XM_057804902.1	A	rna-XM_056777316.1	A
rna-XM_057804899.1	A	rna-XM_056777318.1	A
rna-XM_057804900.1	A	rna-XM_056777320.1	A
rna-XM_057804901.1	A	rna-XM_056777322.1	A
rna-XM_057804909.1	A	rna-XM_056776876.1	A
rna-XM_057804906.1	A	rna-XM_056776874.1	A
rna-XM_057804735.1	A	rna-XM_056791621.1	A
rna-XM_057804884.1	A	rna-XM_056777877.1	A
rna-XM_057804886.1	A	rna-XM_056776600.1	A
rna-XM_057804911.1	A	rna-XM_056777290.1	A
rna-XM_057804914.1	A	rna-XM_056777453.1	A
rna-XM_057804918.1	A	rna-XM_056777163.1	A
rna-XM_057804915.1	A	rna-XM_056776580.1	A
rna-XM_057804920.1	A	rna-XM_056776582.1	A
rna-XM_057804194.1	A	rna-XM_056777635.1	A
rna-XM_057804725.1	A	rna-XM_056778333.1	A
rna-XM_057804726.1	A	rna-XM_056778335.1	A
rna-XM_057804729.1	A	rna-XM_056790551.1	X
rna-XM_057804727.1	A	rna-XM_056778331.1	A
rna-XM_057804731.1	A	rna-XM_056778380.1	A
rna-XM_057804733.1	A	rna-XM_056778385.1	A
rna-XM_057804730.1	A	rna-XM_056778370.1	A
rna-XM_057804732.1	A	rna-XM_056778384.1	A
rna-XM_057804603.1	A	rna-XM_056781664.1	A
rna-XM_057804600.1	A	rna-XM_056785550.1	A
rna-XM_057804753.1	A	rna-XM_056781708.1	A
rna-XM_057804586.1	A	rna-XM_056787260.1	A
rna-XM_057804587.1	A	rna-XM_056787262.1	A
rna-XM_057804235.1	A	rna-XM_056787263.1	A
rna-XM_057804487.1	A	rna-XM_056787764.1	A
rna-XM_057804488.1	A	rna-XM_056787765.1	A
rna-XM_057804618.1	A	rna-XM_056787278.1	A
rna-XM_057804621.1	A	rna-XM_056787698.1	A
rna-XM_057804622.1	A	rna-XM_056787699.1	A
rna-XM_057804623.1	A	rna-XM_056786963.1	A
rna-XM_057804404.1	A	rna-XM_056787403.1	A
rna-XM_057804405.1	A	rna-XM_056787402.1	A
rna-XM_057804583.1	A	rna-XM_056787407.1	A
rna-XM_057804578.1	A	rna-XM_056787404.1	A
rna-XM_057803885.1	A	rna-XM_056787318.1	A
rna-XM_057803892.1	A	rna-XM_056787319.1	A
rna-XM_057803889.1	A	rna-XM_056787322.1	A
rna-XM_057803888.1	A	rna-XM_056787321.1	A
rna-XM_057803881.1	A	rna-XM_056787752.1	A
rna-XM_057803928.1	A	rna-XM_056787718.1	A
rna-XM_057803951.1	A	rna-XM_056787720.1	A
rna-XM_057803956.1	A	rna-XM_056786914.1	A
rna-XM_057803930.1	A	rna-XM_056787143.1	A
rna-XM_057803958.1	A	rna-XM_056787145.1	A
rna-XM_057803927.1	A	rna-XM_056787147.1	A
rna-XM_057803952.1	A	rna-XM_056787151.1	A
rna-XM_057803954.1	A	rna-XM_056787152.1	A
rna-XM_057803923.1	A	rna-XM_056787148.1	A
rna-XM_057803943.1	A	rna-XM_056787160.1	A
rna-XM_057803955.1	A	rna-XM_056787166.1	A
rna-XM_057803937.1	A	rna-XM_056787153.1	A
rna-XM_057803945.1	A	rna-XM_056787164.1	A
rna-XM_057803940.1	A	rna-XM_056787154.1	A
rna-XM_057803932.1	A	rna-XM_056787159.1	A
rna-XM_057803939.1	A	rna-XM_056787157.1	A
rna-XM_057803953.1	A	rna-XM_056787165.1	A
rna-XM_057803948.1	A	rna-XM_056787169.1	A
rna-XM_057803946.1	A	rna-XM_056787168.1	A
rna-XM_057804224.1	A	rna-XM_056787180.1	A
rna-XM_057804203.1	A	rna-XM_056787170.1	A
rna-XM_057804223.1	A	rna-XM_056787191.1	A
rna-XM_057804199.1	A	rna-XM_056787181.1	A
rna-XM_057804221.1	A	rna-XM_056787188.1	A
rna-XM_057804214.1	A	rna-XM_056787183.1	A
rna-XM_057804225.1	A	rna-XM_056787192.1	A
rna-XM_057804226.1	A	rna-XM_056787193.1	A
rna-XM_057804758.1	A	rna-XM_056787879.1	A
rna-XM_057805085.1	A	rna-XM_056787197.1	A
rna-XM_057805081.1	A	rna-XM_056787194.1	A
rna-XM_057805082.1	A	rna-XM_056787196.1	A
rna-XM_057805083.1	A	rna-XM_056787199.1	A
rna-XM_057805086.1	A	rna-XM_056787200.1	A
rna-XM_057805089.1	A	rna-XM_056787201.1	A
rna-XM_057805090.1	A	rna-XM_056787205.1	A
rna-XM_057805095.1	A	rna-XM_056787206.1	A
rna-XM_057805097.1	A	rna-XM_056787209.1	A
rna-XM_057805091.1	A	rna-XM_056787202.1	A
rna-XM_057805094.1	A	rna-XM_056787204.1	A
rna-XM_057805098.1	A	rna-XM_056787210.1	A
rna-XM_057805096.1	A	rna-XM_056787208.1	A
rna-XM_057805093.1	A	rna-XM_056787212.1	A
rna-XM_057805106.1	A	rna-XM_056787214.1	A
rna-XM_057805108.1	A	rna-XM_056787216.1	A
rna-XM_057805110.1	A	rna-XM_056787217.1	A
rna-XM_057805101.1	A	rna-XM_056787211.1	A
rna-XM_057805102.1	A	rna-XM_056787218.1	A
rna-XM_057805105.1	A	rna-XM_056787220.1	A
rna-XM_057805104.1	A	rna-XM_056787219.1	A
rna-XM_057805111.1	A	rna-XM_056787223.1	A
rna-XM_057805112.1	A	rna-XM_056787225.1	A
rna-XM_057805114.1	A	rna-XM_056787226.1	A
rna-XM_057805116.1	A	rna-XM_056787229.1	A
rna-XM_057805115.1	A	rna-XM_056787228.1	A
rna-XM_057805120.1	A	rna-XM_056787231.1	A
rna-XM_057804452.1	A	rna-XM_056787232.1	A
rna-XM_057804459.1	A	rna-XM_056787234.1	A
rna-XM_057804460.1	A	rna-XM_056787235.1	A
rna-XM_057804458.1	A	rna-XM_056787233.1	A
rna-XM_057804343.1	A	rna-XM_056787237.1	A
rna-XM_057804344.1	A	rna-XM_056787239.1	A
rna-XM_057805035.1	A	rna-XM_056787242.1	A
rna-XM_057805032.1	A	rna-XM_056787240.1	A
rna-XM_057804410.1	A	rna-XM_056787243.1	A
rna-XM_057804568.1	A	rna-XM_056787251.1	A
rna-XM_057804192.1	A	rna-XM_056787246.1	A
rna-XM_057804231.1	A	rna-XM_056787253.1	A
rna-XM_057804234.1	A	rna-XM_056787254.1	A
rna-XM_057804227.1	A	rna-XM_056787248.1	A
rna-XM_057803906.1	A	rna-XM_056787702.1	A
rna-XM_057804325.1	A	rna-XM_056786989.1	A
rna-XM_057804295.1	A	rna-XM_056787079.1	A
rna-XM_057804061.1	A	rna-XM_056787077.1	A
rna-XM_057804788.1	A	rna-XM_056787669.1	A
rna-XM_057804794.1	A	rna-XM_056787749.1	A
rna-XM_057804789.1	A	rna-XM_056788136.1	A
rna-XM_057804791.1	A	rna-XM_056788138.1	A
rna-XM_057804792.1	A	rna-XM_056788143.1	A
rna-XM_057803971.1	A	rna-XM_056788139.1	A
rna-XM_057803974.1	A	rna-XM_056788116.1	A
rna-XM_057804976.1	A	rna-XM_056788122.1	A
rna-XM_057804625.1	A	rna-XM_056788144.1	A
rna-XM_057804626.1	A	rna-XM_056788145.1	A
rna-XM_057804627.1	A	rna-XM_056788147.1	A
rna-XM_057804280.1	A	rna-XM_056787717.1	A
rna-XM_057803909.1	A	rna-XM_056787880.1	A
rna-XM_057803915.1	A	rna-XM_056786988.1	A
rna-XM_057803912.1	A	rna-XM_056786986.1	A
rna-XM_057805169.1	A	rna-XM_056787388.1	A
rna-XM_057805150.1	A	rna-XM_056787573.1	A
rna-XM_057805156.1	A	rna-XM_056787574.1	A
rna-XM_057805163.1	A	rna-XM_056787577.1	A
rna-XM_057805170.1	A	rna-XM_056787594.1	A
rna-XM_057805142.1	A	rna-XM_056787592.1	A
rna-XM_057805143.1	A	rna-XM_056787663.1	A
rna-XM_057805147.1	A	rna-XM_056786964.1	A
rna-XM_057805167.1	A	rna-XM_056786923.1	A
rna-XM_057805158.1	A	rna-XM_056786924.1	A
rna-XM_057805168.1	A	rna-XM_056788161.1	A
rna-XM_057805160.1	A	rna-XM_056788163.1	A
rna-XM_057805162.1	A	rna-XM_056788164.1	A
rna-XM_057805166.1	A	rna-XM_056788165.1	A
rna-XM_057805164.1	A	rna-XM_056788166.1	A
rna-XM_057805159.1	A	rna-XM_056788168.1	A
rna-XM_057805146.1	A	rna-XM_056788167.1	A
rna-XM_057805151.1	A	rna-XM_056787976.1	A
rna-XM_057805165.1	A	rna-XM_056787978.1	A
rna-XM_057805171.1	A	rna-XM_056787979.1	A
rna-XM_057805173.1	A	rna-XM_056787980.1	A
rna-XM_057805177.1	A	rna-XM_056787611.1	A
rna-XM_057805176.1	A	rna-XM_056788041.1	A
rna-XM_057805181.1	A	rna-XM_056788044.1	A
rna-XM_057805182.1	A	rna-XM_056787548.1	A
rna-XM_057805185.1	A	rna-XM_056787549.1	A
rna-XM_057805186.1	A	rna-XM_056787736.1	A
rna-XM_057805187.1	A	rna-XM_056787735.1	A
rna-XM_057805188.1	A	rna-XM_056787335.1	A
rna-XM_057804176.1	A	rna-XM_056786833.1	A
rna-XM_057804565.1	A	rna-XM_056786832.1	A
rna-XM_057804408.1	A	rna-XM_056787643.1	A
rna-XM_057804294.1	A	rna-XM_056787642.1	A
rna-XM_057804348.1	A	rna-XM_056787084.1	A
rna-XM_057804593.1	A	rna-XM_056787882.1	A
rna-XM_057804591.1	A	rna-XM_056787341.1	A
rna-XM_057804418.1	A	rna-XM_056787822.1	A
rna-XM_057804262.1	A	rna-XM_056787513.1	A
rna-XM_057804175.1	A	rna-XM_056787116.1	A
rna-XM_057804242.1	A	rna-XM_056787352.1	A
rna-XM_057804141.1	A	rna-XM_056787826.1	A
rna-XM_057804330.1	A	rna-XM_056787602.1	A
rna-XM_057804331.1	A	rna-XM_056787681.1	A
rna-XM_057804335.1	A	rna-XM_056787684.1	A
rna-XM_057804338.1	A	rna-XM_056787140.1	A
rna-XM_057804337.1	A	rna-XM_056787139.1	A
rna-XM_057805229.1	A	rna-XM_056787610.1	A
rna-XM_057805030.1	A	rna-XM_056787269.1	A
rna-XM_057804314.1	A	rna-XM_056787884.1	A
rna-XM_057804311.1	A	rna-XM_056787085.1	A
rna-XM_057804306.1	A	rna-XM_056787276.1	A
rna-XM_057805230.1	A	rna-XM_056787885.1	A
rna-XM_057804300.1	A	rna-XM_056787540.1	A
rna-XM_057804298.1	A	rna-XM_056788169.1	A
rna-XM_057804315.1	A	rna-XM_056788089.1	A
rna-XM_057804299.1	A	rna-XM_056788086.1	A
rna-XM_057804313.1	A	rna-XM_056788087.1	A
rna-XM_057804316.1	A	rna-XM_056788088.1	A
rna-XM_057804317.1	A	rna-XM_056788090.1	A
rna-XM_057804319.1	A	rna-XM_056787785.1	A
rna-XM_057804085.1	A	rna-XM_056787623.1	A
rna-XM_057804089.1	A	rna-XM_056787627.1	A
rna-XM_057804088.1	A	rna-XM_056787626.1	A
rna-XM_057804762.1	A	rna-XM_056787628.1	A
rna-XM_057804770.1	A	rna-XM_056787629.1	A
rna-XM_057804769.1	A	rna-XM_056787632.1	A
rna-XM_057804771.1	A	rna-XM_056787634.1	A
rna-XM_057804765.1	A	rna-XM_056787636.1	A
rna-XM_057804350.1	A	rna-XM_056787639.1	A
rna-XM_057804342.1	A	rna-XM_056787257.1	A
rna-XM_057804162.1	A	rna-XM_056787886.1	A
rna-XM_057804991.1	A	rna-XM_056788083.1	A
rna-XM_057804988.1	A	rna-XM_056788081.1	A
rna-XM_057804986.1	A	rna-XM_056788079.1	A
rna-XM_057804576.1	A	rna-XM_056788085.1	A
rna-XM_057804068.1	A	rna-XM_056787680.1	A
rna-XM_057804184.1	A	rna-XM_056787677.1	A
rna-XM_057804423.1	A	rna-XM_056787675.1	A
rna-XM_057804424.1	A	rna-XM_056781986.1	A
rna-XM_057804629.1	A	rna-XM_056787382.1	A
rna-XM_057804632.1	A	rna-XM_056787395.1	A
rna-XM_057804631.1	A	rna-XM_056787394.1	A
rna-XM_057804630.1	A	rna-XM_056787392.1	A
rna-XM_057804635.1	A	rna-XM_056787393.1	A
rna-XM_057804641.1	A	rna-XM_056787396.1	A
rna-XM_057804636.1	A	rna-XM_056787760.1	A
rna-XM_057804639.1	A	rna-XM_056787761.1	A
rna-XM_057804634.1	A	rna-XM_056787381.1	A
rna-XM_057804648.1	A	rna-XM_056787384.1	A
rna-XM_057804647.1	A	rna-XM_056787385.1	A
rna-XM_057804637.1	A	rna-XM_056787386.1	A
rna-XM_057804644.1	A	rna-XM_056787387.1	A
rna-XM_057804642.1	A	rna-XM_056787347.1	A
rna-XM_057804646.1	A	rna-XM_056787721.1	A
rna-XM_057804643.1	A	rna-XM_056787672.1	A
rna-XM_057805231.1	A	rna-XM_056787887.1	A
rna-XM_057804287.1	A	rna-XM_056787348.1	A
rna-XM_057805233.1	A	rna-XM_056783384.1	A
rna-XM_057805039.1	A	rna-XM_056787564.1	A
rna-XM_057805041.1	A	rna-XM_056787413.1	A
rna-XM_057805044.1	A	rna-XM_056787416.1	A
rna-XM_057805045.1	A	rna-XM_056787418.1	A
rna-XM_057805048.1	A	rna-XM_056787420.1	A
rna-XM_057805049.1	A	rna-XM_056787421.1	A
rna-XM_057805051.1	A	rna-XM_056787426.1	A
rna-XM_057805052.1	A	rna-XM_056787424.1	A
rna-XM_057805053.1	A	rna-XM_056787427.1	A
rna-XM_057805234.1	A	rna-XM_056787428.1	A
rna-XM_057805055.1	A	rna-XM_056787431.1	A
rna-XM_057805056.1	A	rna-XM_056787430.1	A
rna-XM_057805058.1	A	rna-XM_056787434.1	A
rna-XM_057805057.1	A	rna-XM_056787433.1	A
rna-XM_057804323.1	A	rna-XM_056787435.1	A
rna-XM_057804079.1	A	rna-XM_056787439.1	A
rna-XM_057804356.1	A	rna-XM_056787443.1	A
rna-XM_057804359.1	A	rna-XM_056787305.1	A
rna-XM_057804363.1	A	rna-XM_056787300.1	A
rna-XM_057804412.1	A	rna-XM_056787308.1	A
rna-XM_057804102.1	A	rna-XM_056786965.1	A
rna-XM_057803908.1	A	rna-XM_056787737.1	A
rna-XM_057804353.1	A	rna-XM_056787746.1	A
rna-XM_057804053.1	A	rna-XM_056787779.1	A
rna-XM_057804042.1	A	rna-XM_056787660.1	A
rna-XM_057804044.1	A	rna-XM_056787446.1	A
rna-XM_057804034.1	A	rna-XM_056787733.1	A
rna-XM_057804051.1	A	rna-XM_056787553.1	A
rna-XM_057804045.1	A	rna-XM_056787557.1	A
rna-XM_057804059.1	A	rna-XM_056787284.1	A
rna-XM_057804054.1	A	rna-XM_056787279.1	A
rna-XM_057804396.1	A	rna-XM_056787286.1	A
rna-XM_057804783.1	A	rna-XM_056787289.1	A
rna-XM_057804787.1	A	rna-XM_056787297.1	A
rna-XM_057804193.1	A	rna-XM_056787298.1	A
rna-XM_057804275.1	A	rna-XM_056787449.1	A
rna-XM_057804476.1	A	rna-XM_056787340.1	A
rna-XM_057804474.1	A	rna-XM_056787122.1	A
rna-XM_057804066.1	A	rna-XM_056787036.1	A
rna-XM_057804844.1	A	rna-XM_056787537.1	A
rna-XM_057804845.1	A	rna-XM_056787538.1	A
rna-XM_057804848.1	A	rna-XM_056787539.1	A
rna-XM_057804850.1	A	rna-XM_056787691.1	A
rna-XM_057804420.1	A	rna-XM_056787692.1	A
rna-XM_057804271.1	A	rna-XM_056787725.1	A
rna-XM_057804273.1	A	rna-XM_056787729.1	A
rna-XM_057804274.1	A	rna-XM_056787782.1	A
rna-XM_057804111.1	A	rna-XM_056787014.1	A
rna-XM_057804795.1	A	rna-XM_056788011.1	A
rna-XM_057804072.1	A	rna-XM_056787824.1	A
rna-XM_057804671.1	A	rna-XM_056786834.1	A
rna-XM_057804677.1	A	rna-XM_056788045.1	A
rna-XM_057804675.1	A	rna-XM_056787891.1	A
rna-XM_057803896.1	A	rna-XM_056787040.1	A
rna-XM_057803897.1	A	rna-XM_056787655.1	A
rna-XM_057803899.1	A	rna-XM_056787657.1	A
rna-XM_057804584.1	A	rna-XM_056787121.1	A
rna-XM_057804489.1	A	rna-XM_056787119.1	A
rna-XM_057804384.1	A	rna-XM_056787892.1	A
rna-XM_057804367.1	A	rna-XM_056786941.1	A
rna-XM_057804382.1	A	rna-XM_056786942.1	A
rna-XM_057804371.1	A	rna-XM_056786944.1	A
rna-XM_057804385.1	A	rna-XM_056786918.1	A
rna-XM_057804365.1	A	rna-XM_056787043.1	A
rna-XM_057804376.1	A	rna-XM_056787046.1	A
rna-XM_057804368.1	A	rna-XM_056787050.1	A
rna-XM_057804375.1	A	rna-XM_056787051.1	A
rna-XM_057804383.1	A	rna-XM_056787053.1	A
rna-XM_057805237.1	A	rna-XM_056787054.1	A
rna-XM_057804116.1	A	rna-XM_056787058.1	A
rna-XM_057804117.1	A	rna-XM_056787060.1	A
rna-XM_057804122.1	A	rna-XM_056787064.1	A
rna-XM_057804130.1	A	rna-XM_056787067.1	A
rna-XM_057803900.1	A	rna-XM_056787070.1	A
rna-XM_057803901.1	A	rna-XM_056787072.1	A
rna-XM_057804099.1	A	rna-XM_056787896.1	A
rna-XM_057804094.1	A	rna-XM_056787893.1	A
rna-XM_057804097.1	A	rna-XM_056786915.1	A
rna-XM_057804599.1	A	rna-XM_056786916.1	A
rna-XM_057804596.1	A	rna-XM_056787258.1	A
rna-XM_057804995.1	A	rna-XM_056786933.1	A
rna-XM_057804999.1	A	rna-XM_056786930.1	A
rna-XM_057804992.1	A	rna-XM_056787118.1	A
rna-XM_057805000.1	A	rna-XM_056787534.1	A
rna-XM_057804136.1	A	rna-XM_056787897.1	A
rna-XM_057804138.1	A	rna-XM_056787511.1	A
rna-XM_057804091.1	A	rna-XM_056787299.1	A
rna-XM_057804093.1	A	rna-XM_056787898.1	A
rna-XM_057804139.1	A	rna-XM_056787570.1	A
rna-XM_057804402.1	A	rna-XM_056787562.1	A
rna-XM_057804985.1	A	rna-XM_056787605.1	A
rna-XM_057804984.1	A	rna-XM_056787604.1	A
rna-XM_057804982.1	A	rna-XM_056787603.1	A
rna-XM_057804349.1	A	rna-XM_056787606.1	A
rna-XM_057804181.1	A	rna-XM_056787566.1	A
rna-XM_057804451.1	A	rna-XM_056788160.1	A
rna-XM_057804329.1	A	rna-XM_056788158.1	A
rna-XM_057804110.1	A	rna-XM_056787332.1	A
rna-XM_057805221.1	A	rna-XM_056787124.1	A
rna-XM_057804187.1	A	rna-XM_056787141.1	A
rna-XM_057804573.1	A	rna-XM_056787791.1	A
rna-XM_057804571.1	A	rna-XM_056787790.1	A
rna-XM_057803917.1	A	rna-XM_056787778.1	A
rna-XM_057803916.1	A	rna-XM_056786925.1	A
rna-XM_057803919.1	A	rna-XM_056786926.1	A
rna-XM_057805059.1	A	rna-XM_056787015.1	A
rna-XM_057805066.1	A	rna-XM_056787022.1	A
rna-XM_057804126.1	A	rna-XM_056787676.1	A
rna-XM_057805238.1	A	rna-XM_056786985.1	A
rna-XM_057804246.1	A	rna-XM_056787899.1	A
rna-XM_057805239.1	A	rna-XM_056787900.1	A
rna-XM_057805080.1	A	rna-XM_056788069.1	A
rna-XM_057805079.1	A	rna-XM_056788070.1	A
rna-XM_057804779.1	A	rna-XM_056787901.1	A
rna-XM_057804778.1	A	rna-XM_056787568.1	A
rna-XM_057804772.1	A	rna-XM_056786992.1	A
rna-XM_057804071.1	A	rna-XM_056786991.1	A
rna-XM_057803920.1	A	rna-XM_056787350.1	A
rna-XM_057804189.1	A	rna-XM_056787904.1	A
rna-XM_057804681.1	A	rna-XM_056787836.1	A
rna-XM_057804684.1	A	rna-XM_056787839.1	A
rna-XM_057804678.1	A	rna-XM_056787905.1	A
rna-XM_057805240.1	A	rna-XM_056787025.1	A
rna-XM_057805254.1	A	rna-XM_056787026.1	A
rna-XM_057805261.1	A	rna-XM_056787028.1	A
rna-XM_057805255.1	A	rna-XM_056787031.1	A
rna-XM_057805256.1	A	rna-XM_056787033.1	A
rna-XM_057805250.1	A	rna-XM_056787029.1	A
rna-XM_057805259.1	A	rna-XM_056787608.1	A
rna-XM_057805249.1	A	rna-XM_056788157.1	A
rna-XM_057805258.1	A	rna-XM_056788040.1	A
rna-XM_057805125.1	A	rna-XM_056788032.1	A
rna-XM_057804597.1	A	rna-XM_056787621.1	A
rna-XM_057804649.1	A	rna-XM_056787906.1	A
rna-XM_057804188.1	A	rna-XM_056787410.1	A
rna-XM_057803981.1	A	rna-XM_056787357.1	A
rna-XM_057805242.1	A	rna-XM_056787908.1	A
rna-XM_057805244.1	A	rna-XM_056787909.1	A
rna-XM_057804279.1	A	rna-XM_056787910.1	A
rna-XM_057804179.1	A	rna-XM_056787552.1	A
rna-XM_057803895.1	A	rna-XM_056787614.1	A
rna-XM_057804401.1	A	rna-XM_056787747.1	A
rna-XM_057803878.1	A	rna-XM_056788075.1	A
rna-XM_057803877.1	A	rna-XM_056788074.1	A
rna-XM_057803879.1	A	rna-XM_056788077.1	A
rna-XM_057804286.1	A	rna-XM_056787391.1	A
rna-XM_057804266.1	A	rna-XM_056787389.1	A
rna-XM_057804478.1	A	rna-XM_056787700.1	A
rna-XM_057804477.1	A	rna-XM_056787828.1	A
rna-XM_057805016.1	A	rna-XM_056787769.1	A
rna-XM_057805018.1	A	rna-XM_056787770.1	A
rna-XM_057805021.1	A	rna-XM_056787771.1	A
rna-XM_057805027.1	A	rna-XM_056787776.1	A
rna-XM_057805023.1	A	rna-XM_056787774.1	A
rna-XM_057805029.1	A	rna-XM_056787399.1	A
rna-XM_057804425.1	A	rna-XM_056787086.1	A
rna-XM_057804439.1	A	rna-XM_056787104.1	A
rna-XM_057804435.1	A	rna-XM_056787107.1	A
rna-XM_057804447.1	A	rna-XM_056787109.1	A
rna-XM_057804443.1	A	rna-XM_056787096.1	A
rna-XM_057804445.1	A	rna-XM_056787106.1	A
rna-XM_057804421.1	A	rna-XM_056787743.1	A
rna-XM_057804588.1	A	rna-XM_056787641.1	A
rna-XM_057804399.1	A	rna-XM_056787738.1	A
rna-XM_057804400.1	A	rna-XM_056787741.1	A
rna-XM_057804247.1	A	rna-XM_056787496.1	A
rna-XM_057804259.1	A	rna-XM_056787507.1	A
rna-XM_057804257.1	A	rna-XM_056787504.1	A
rna-XM_057804254.1	A	rna-XM_056787503.1	A
rna-XM_057804260.1	A	rna-XM_056787508.1	A
rna-XM_057804253.1	A	rna-XM_056787502.1	A
rna-XM_057804125.1	A	rna-XM_056787082.1	A
rna-XM_057804183.1	A	rna-XM_056787667.1	A
rna-XM_057804456.1	A	rna-XM_056787668.1	A
rna-XM_057804563.1	A	rna-XM_056786962.1	A
rna-XM_057804517.1	A	rna-XM_056786948.1	A
rna-XM_057804495.1	A	rna-XM_056788001.1	A
rna-XM_057805010.1	A	rna-XM_056788005.1	A
rna-XM_057805009.1	A	rna-XM_056788003.1	A
rna-XM_057805004.1	A	rna-XM_056788013.1	A
rna-XM_057805013.1	A	rna-XM_056788015.1	A
rna-XM_057805007.1	A	rna-XM_056788017.1	A
rna-XM_057805005.1	A	rna-XM_056788014.1	A
rna-XM_057804143.1	A	rna-XM_056787666.1	A
rna-XM_057804457.1	A	rna-XM_056787827.1	A
rna-XM_057804063.1	A	rna-XM_056786921.1	A
rna-XM_057804564.1	A	rna-XM_056787750.1	A
rna-XM_057804090.1	A	rna-XM_056787751.1	A
rna-XM_057804277.1	A	rna-XM_056787488.1	A
rna-XM_057804191.1	A	rna-XM_056787412.1	A
rna-XM_057805216.1	A	rna-XM_056787325.1	A
rna-XM_057805217.1	A	rna-XM_056787328.1	A
rna-XM_057805124.1	A	rna-XM_056787670.1	A
rna-XM_057805123.1	A	rna-XM_056788148.1	A
rna-XM_057804407.1	A	rna-XM_056788149.1	A
rna-XM_057805246.1	A	rna-XM_056787911.1	A
rna-XM_057804182.1	A	rna-XM_056787913.1	A
rna-XM_057805130.1	A	rna-XM_056787784.1	A
rna-XM_057805136.1	A	rna-XM_056787314.1	A
rna-XM_057805131.1	A	rna-XM_056787310.1	A
rna-XM_057805138.1	A	rna-XM_056787316.1	A
rna-XM_057805141.1	A	rna-XM_056787781.1	A
rna-XM_057804652.1	A	rna-XM_056788021.1	A
rna-XM_057805247.1	A	rna-XM_056791407.1	A
rna-XM_057804650.1	A	rna-XM_056788025.1	A
rna-XM_057804663.1	A	rna-XM_056788029.1	A
rna-XM_057804665.1	A	rna-XM_056788030.1	A
rna-XM_057804661.1	A	rna-XM_056788027.1	A
rna-XM_057804799.1	A	rna-XM_056787490.1	A
rna-XM_057804800.1	A	rna-XM_056787493.1	A
rna-XM_057804803.1	A	rna-XM_056787268.1	A
rna-XM_057804804.1	A	rna-XM_056787550.1	A
rna-XM_057804806.1	A	rna-XM_056787136.1	A
rna-XM_057804807.1	A	rna-XM_056787137.1	A
rna-XM_057804808.1	A	rna-XM_056787532.1	A
rna-XM_057804810.1	A	rna-XM_056787533.1	A
rna-XM_057804822.1	A	rna-XM_056788114.1	A
rna-XM_057804830.1	A	rna-XM_056788115.1	A
rna-XM_057804836.1	A	rna-XM_056787581.1	A
rna-XM_057804837.1	A	rna-XM_056787583.1	A
rna-XM_057804834.1	A	rna-XM_056787917.1	A
rna-XM_057804818.1	A	rna-XM_056787584.1	A
rna-XM_057804839.1	A	rna-XM_056787558.1	A
rna-XM_057804814.1	A	rna-XM_056787799.1	A
rna-XM_057804833.1	A	rna-XM_056787801.1	A
rna-XM_057804824.1	A	rna-XM_056787804.1	A
rna-XM_057804821.1	A	rna-XM_056787802.1	A
rna-XM_057804823.1	A	rna-XM_056787803.1	A
rna-XM_057804843.1	A	rna-XM_056787806.1	A
rna-XM_057804819.1	A	rna-XM_056787809.1	A
rna-XM_057805248.1	A	rna-XM_056787918.1	A
rna-XM_057804811.1	A	rna-XM_056787715.1	A
rna-XM_057804820.1	A	rna-XM_056788071.1	A
rna-XM_057804827.1	A	rna-XM_056788072.1	A
rna-XM_057804842.1	A	rna-XM_056788073.1	A
rna-XM_057804813.1	A	rna-XM_056786936.1	A
rna-XM_057804826.1	A	rna-XM_056786937.1	A
rna-XM_057804838.1	A	rna-XM_056786938.1	A
rna-XM_057803969.1	A	rna-XM_056787478.1	A
rna-XM_057804486.1	A	rna-XM_056787714.1	A
rna-XM_057805215.1	A	rna-XM_056786895.1	A
rna-XM_057805213.1	A	rna-XM_056791422.1	A
rna-XM_057804403.1	A	rna-XM_056786896.1	A
rna-XM_057804354.1	A	rna-XM_056786892.1	A
rna-XM_057804355.1	A	rna-XM_056786897.1	A
rna-XM_057804493.1	A	rna-XM_056786899.1	A
rna-XM_057804389.1	A	rna-XM_056786901.1	A
rna-XM_057804388.1	A	rna-XM_056786902.1	A
rna-XM_057804473.1	A	rna-XM_056786904.1	A
rna-XM_057804471.1	A	rna-XM_056786905.1	A
rna-XM_057804467.1	A	rna-XM_056786906.1	A
rna-XM_057804780.1	A	rna-XM_056786909.1	A
rna-XM_057804782.1	A	rna-XM_056786911.1	A
rna-XM_057804328.1	A	rna-XM_056786912.1	A
rna-XM_057804699.1	A	rna-XM_056787935.1	A
rna-XM_057804700.1	A	rna-XM_056787920.1	A
rna-XM_057804702.1	A	rna-XM_056787933.1	A
rna-XM_057804701.1	A	rna-XM_056787928.1	A
rna-XM_057804704.1	A	rna-XM_056787944.1	A
rna-XM_057804703.1	A	rna-XM_056787942.1	A
rna-XM_057804705.1	A	rna-XM_056787937.1	A
rna-XM_057804706.1	A	rna-XM_056787940.1	A
rna-XM_057804708.1	A	rna-XM_056787943.1	A
rna-XM_057804709.1	A	rna-XM_056787936.1	A
rna-XM_057804710.1	A	rna-XM_056787926.1	A
rna-XM_057804713.1	A	rna-XM_056787929.1	A
rna-XM_057805209.1	A	rna-XM_056788108.1	A
rna-XM_057805205.1	A	rna-XM_056788093.1	A
rna-XM_057805201.1	A	rna-XM_056788102.1	A
rna-XM_057805211.1	A	rna-XM_056787766.1	A
rna-XM_057805921.1	A	rna-XM_056776052.1	A
rna-XM_057805741.1	A	rna-XM_056776056.1	A
rna-XM_057806011.1	A	rna-XM_056776062.1	A
rna-XM_057806013.1	A	rna-XM_056776066.1	A
rna-XM_057805996.1	A	rna-XM_056774487.1	A
rna-XM_057806001.1	A	rna-XM_056775103.1	A
rna-XM_057806004.1	A	rna-XM_056775115.1	A
rna-XM_057806005.1	A	rna-XM_056775264.1	A
rna-XM_057805997.1	A	rna-XM_056775143.1	A
rna-XM_057805563.1	A	rna-XM_056775096.1	A
rna-XM_057805878.1	A	rna-XM_056775082.1	A
rna-XM_057805883.1	A	rna-XM_056775087.1	A
rna-XM_057805475.1	A	rna-XM_056775233.1	A
rna-XM_057805473.1	A	rna-XM_056774769.1	A
rna-XM_057806234.1	A	rna-XM_056775374.1	A
rna-XM_057806476.1	A	rna-XM_056776219.1	A
rna-XM_057806477.1	A	rna-XM_056776218.1	A
rna-XM_057806478.1	A	rna-XM_056776220.1	A
rna-XM_057806480.1	A	rna-XM_056776222.1	A
rna-XM_057806482.1	A	rna-XM_056776224.1	A
rna-XM_057806483.1	A	rna-XM_056774878.1	A
rna-XM_057806241.1	A	rna-XM_056774506.1	A
rna-XM_057805676.1	A	rna-XM_056774509.1	A
rna-XM_057806353.1	A	rna-XM_056774360.1	A
rna-XM_057806355.1	A	rna-XM_056775705.1	A
rna-XM_057806357.1	A	rna-XM_056774824.1	A
rna-XM_057806361.1	A	rna-XM_056774825.1	A
rna-XM_057806364.1	A	rna-XM_056775597.1	A
rna-XM_057806362.1	A	rna-XM_056775596.1	A
rna-XM_057806356.1	A	rna-XM_056775595.1	A
rna-XM_057806358.1	A	rna-XM_056774729.1	A
rna-XM_057806363.1	A	rna-XM_056774730.1	A
rna-XM_057806094.1	A	rna-XM_056775584.1	A
rna-XM_057806243.1	A	rna-XM_056774516.1	A
rna-XM_057805457.1	A	rna-XM_056775034.1	A
rna-XM_057806429.1	A	rna-XM_056774812.1	A
rna-XM_057806430.1	A	rna-XM_056775033.1	A
rna-XM_057806434.1	A	rna-XM_056775212.1	A
rna-XM_057806426.1	A	rna-XM_056775032.1	A
rna-XM_057805758.1	A	rna-XM_056775337.1	A
rna-XM_057806584.1	A	rna-XM_056774859.1	A
rna-XM_057806585.1	A	rna-XM_056775608.1	A
rna-XM_057806458.1	A	rna-XM_056775386.1	A
rna-XM_057806457.1	A	rna-XM_056776320.1	A
rna-XM_057805690.1	A	rna-XM_056774518.1	A
rna-XM_057805546.1	A	rna-XM_056774970.1	A
rna-XM_057805939.1	A	rna-XM_056774523.1	A
rna-XM_057805492.1	A	rna-XM_056775379.1	A
rna-XM_057805493.1	A	rna-XM_056774762.1	A
rna-XM_057805491.1	A	rna-XM_056774761.1	A
rna-XM_057806111.1	A	rna-XM_056775184.1	A
rna-XM_057805829.1	A	rna-XM_056775185.1	A
rna-XM_057805558.1	A	rna-XM_056775089.1	A
rna-XM_057805557.1	A	rna-XM_056775088.1	A
rna-XM_057806305.1	A	rna-XM_056775285.1	A
rna-XM_057806319.1	A	rna-XM_056776265.1	A
rna-XM_057806295.1	A	rna-XM_056776250.1	A
rna-XM_057806308.1	A	rna-XM_056776257.1	A
rna-XM_057806306.1	A	rna-XM_056776254.1	A
rna-XM_057806311.1	A	rna-XM_056776259.1	A
rna-XM_057806293.1	A	rna-XM_056775210.1	A
rna-XM_057806236.1	A	rna-XM_056774964.1	A
rna-XM_057805501.1	A	rna-XM_056774941.1	A
rna-XM_057805421.1	A	rna-XM_056774943.1	A
rna-XM_057806080.1	A	rna-XM_056774945.1	A
rna-XM_057806079.1	A	rna-XM_056774938.1	A
rna-XM_057805946.1	A	rna-XM_056775381.1	A
rna-XM_057805303.1	A	rna-XM_056774350.1	A
rna-XM_057805309.1	A	rna-XM_056774359.1	A
rna-XM_057806096.1	A	rna-XM_056774357.1	A
rna-XM_057806095.1	A	rna-XM_056774355.1	A
rna-XM_057805495.1	A	rna-XM_056774818.1	A
rna-XM_057806015.1	A	rna-XM_056775301.1	A
rna-XM_057806014.1	A	rna-XM_056775300.1	A
rna-XM_057806246.1	A	rna-XM_056774541.1	A
rna-XM_057805405.1	A	rna-XM_056776196.1	A
rna-XM_057805406.1	A	rna-XM_056775259.1	A
rna-XM_057805678.1	A	rna-XM_056774976.1	A
rna-XM_057805685.1	A	rna-XM_056774982.1	A
rna-XM_057805687.1	A	rna-XM_056774984.1	A
rna-XM_057806213.1	A	rna-XM_056774923.1	A
rna-XM_057806214.1	A	rna-XM_056775055.1	A
rna-XM_057806219.1	A	rna-XM_056775059.1	A
rna-XM_057806220.1	A	rna-XM_056775060.1	A
rna-XM_057805451.1	A	rna-XM_056775064.1	A
rna-XM_057806559.1	A	rna-XM_056775063.1	A
rna-XM_057806560.1	A	rna-XM_056775050.1	A
rna-XM_057806564.1	A	rna-XM_056793109.1	A
rna-XM_057806565.1	A	rna-XM_056775062.1	A
rna-XM_057806570.1	A	rna-XM_056775061.1	A
rna-XM_057806572.1	A	rna-XM_056775070.1	A
rna-XM_057806583.1	A	rna-XM_056775071.1	A
rna-XM_057806580.1	A	rna-XM_056775073.1	A
rna-XM_057806567.1	A	rna-XM_056774670.1	A
rna-XM_057805941.1	A	rna-XM_056775078.1	A
rna-XM_057805942.1	A	rna-XM_056775074.1	A
rna-XM_057805537.1	A	rna-XM_056775339.1	A
rna-XM_057805761.1	A	rna-XM_056774682.1	A
rna-XM_057805486.1	A	rna-XM_056775172.1	A
rna-XM_057806321.1	A	rna-XM_056775762.1	A
rna-XM_057806334.1	A	rna-XM_056775764.1	A
rna-XM_057806323.1	A	rna-XM_056775752.1	A
rna-XM_057806330.1	A	rna-XM_056775760.1	A
rna-XM_057805638.1	A	rna-XM_056775585.1	A
rna-XM_057806553.1	A	rna-XM_056775594.1	A
rna-XM_057806552.1	A	rna-XM_056775591.1	A
rna-XM_057806556.1	A	rna-XM_056775256.1	A
rna-XM_057806247.1	A	rna-XM_056786655.1	A
rna-XM_057806558.1	A	rna-XM_056774903.1	A
rna-XM_057806554.1	A	rna-XM_056775299.1	A
rna-XM_057805460.1	A	rna-XM_056774975.1	A
rna-XM_057806225.1	A	rna-XM_056775117.1	A
rna-XM_057806017.1	A	rna-XM_056775168.1	A
rna-XM_057805488.1	A	rna-XM_056774974.1	A
rna-XM_057805489.1	A	rna-XM_056775211.1	A
rna-XM_057806106.1	A	rna-XM_056774821.1	A
rna-XM_057806249.1	A	rna-XM_056774736.1	A
rna-XM_057805442.1	A	rna-XM_056775418.1	A
rna-XM_057805452.1	A	rna-XM_056775615.1	A
rna-XM_057806009.1	A	rna-XM_056774683.1	A
rna-XM_057806060.1	A	rna-XM_056775319.1	A
rna-XM_057805987.1	A	rna-XM_056774771.1	A
rna-XM_057805426.1	A	rna-XM_056774772.1	A
rna-XM_057805764.1	A	rna-XM_056775291.1	A
rna-XM_057805765.1	A	rna-XM_056775257.1	A
rna-XM_057805514.1	A	rna-XM_056774779.1	A
rna-XM_057805507.1	A	rna-XM_056775248.1	A
rna-XM_057805517.1	A	rna-XM_056775250.1	A
rna-XM_057806062.1	A	rna-XM_056774840.1	A
rna-XM_057805958.1	A	rna-XM_056774531.1	A
rna-XM_057806255.1	A	rna-XM_056774262.1	A
rna-XM_057806256.1	A	rna-XM_056774774.1	A
rna-XM_057805310.1	A	rna-XM_056774265.1	A
rna-XM_057806084.1	A	rna-XM_056775315.1	A
rna-XM_057806395.1	A	rna-XM_056775169.1	A
rna-XM_057806396.1	A	rna-XM_056776323.1	A
rna-XM_057806399.1	A	rna-XM_056776325.1	A
rna-XM_057806501.1	A	rna-XM_056776235.1	A
rna-XM_057806505.1	A	rna-XM_056776238.1	A
rna-XM_057806440.1	A	rna-XM_056774877.1	A
rna-XM_057806439.1	A	rna-XM_056775344.1	A
rna-XM_057806258.1	A	rna-XM_056774791.1	A
rna-XM_057806443.1	A	rna-XM_056776096.1	A
rna-XM_057806435.1	A	rna-XM_056776097.1	A
rna-XM_057806121.1	A	rna-XM_056774793.1	A
rna-XM_057805677.1	A	rna-XM_056774796.1	A
rna-XM_057806261.1	A	rna-XM_056774809.1	A
rna-XM_057806401.1	A	rna-XM_056776267.1	A
rna-XM_057806402.1	A	rna-XM_056776270.1	A
rna-XM_057805425.1	A	rna-XM_056776275.1	A
rna-XM_057806407.1	A	rna-XM_056776276.1	A
rna-XM_057805748.1	A	rna-XM_056775258.1	A
rna-XM_057805964.1	A	rna-XM_056774453.1	A
rna-XM_057805947.1	A	rna-XM_056774457.1	A
rna-XM_057806262.1	A	rna-XM_056789824.1	X
rna-XM_057806265.1	A	rna-XM_056774458.1	A
rna-XM_057806452.1	A	rna-XM_056774462.1	A
rna-XM_057806446.1	A	rna-XM_056774827.1	A
rna-XM_057806455.1	A	rna-XM_056774831.1	A
rna-XM_057805456.1	A	rna-XM_056774767.1	A
rna-XM_057805481.1	A	rna-XM_056775349.1	A
rna-XM_057805478.1	A	rna-XM_056774819.1	A
rna-XM_057806493.1	A	rna-XM_056774909.1	A
rna-XM_057806496.1	A	rna-XM_056774836.1	A
rna-XM_057806223.1	A	rna-XM_056775408.1	A
rna-XM_057805633.1	A	rna-XM_056774838.1	A
rna-XM_057805634.1	A	rna-XM_056774839.1	A
rna-XM_057805483.1	A	rna-XM_056774963.1	A
rna-XM_057806073.1	A	rna-XM_056774372.1	A
rna-XM_057805436.1	A	rna-XM_056774375.1	A
rna-XM_057806061.1	A	rna-XM_056774379.1	A
rna-XM_057806266.1	A	rna-XM_056781737.1	A
rna-XM_057806045.1	A	rna-XM_056774883.1	A
rna-XM_057806036.1	A	rna-XM_056774380.1	A
rna-XM_057806043.1	A	rna-XM_056774384.1	A
rna-XM_057806044.1	A	rna-XM_056774387.1	A
rna-XM_057806047.1	A	rna-XM_056774389.1	A
rna-XM_057806049.1	A	rna-XM_056774391.1	A
rna-XM_057806052.1	A	rna-XM_056774392.1	A
rna-XM_057806271.1	A	rna-XM_056786876.1	A
rna-XM_057806286.1	A	rna-XM_056791413.1	A
rna-XM_057806288.1	A	rna-XM_056791438.1	A
rna-XM_057805500.1	A	rna-XM_056788533.1	A
rna-XM_057806513.1	A	rna-XM_056781703.1	A
rna-XM_057806514.1	A	rna-XM_056791411.1	A
rna-XM_057806516.1	A	rna-XM_056791042.1	X
rna-XM_057806520.1	A	rna-XM_056791451.1	A
rna-XM_057805670.1	A	rna-XM_056774398.1	A
rna-XM_057805669.1	A	rna-XM_056774407.1	A
rna-XM_057805647.1	A	rna-XM_056774400.1	A
rna-XM_057805664.1	A	rna-XM_056774404.1	A
rna-XM_057805663.1	A	rna-XM_056774403.1	A
rna-XM_057805662.1	A	rna-XM_056774402.1	A
rna-XM_057805668.1	A	rna-XM_056774406.1	A
rna-XM_057805666.1	A	rna-XM_056774405.1	A
rna-XM_057806523.1	A	rna-XM_056775444.1	A
rna-XM_057806200.1	A	rna-XM_056775744.1	A
rna-XM_057806527.1	A	rna-XM_056775449.1	A
rna-XM_057806490.1	A	rna-XM_056774768.1	A
rna-XM_057806488.1	A	rna-XM_056776047.1	A
rna-XM_057806491.1	A	rna-XM_056776051.1	A
rna-XM_057806008.1	A	rna-XM_056774505.1	A
rna-XM_057805391.1	A	rna-XM_056774488.1	A
rna-XM_057805443.1	A	rna-XM_056774868.1	A
rna-XM_057805445.1	A	rna-XM_056774870.1	A
rna-XM_057805448.1	A	rna-XM_056774872.1	A
rna-XM_057805427.1	A	rna-XM_056774973.1	A
rna-XM_057806228.1	A	rna-XM_056775649.1	A
rna-XM_057805694.1	A	rna-XM_056775921.1	A
rna-XM_057806411.1	A	rna-XM_056775924.1	A
rna-XM_057806414.1	A	rna-XM_056775927.1	A
rna-XM_057806413.1	A	rna-XM_056775926.1	A
rna-XM_057805368.1	A	rna-XM_056775932.1	A
rna-XM_057806335.1	A	rna-XM_056775933.1	A
rna-XM_057806337.1	A	rna-XM_056775930.1	A
rna-XM_057806336.1	A	rna-XM_056775928.1	A
rna-XM_057806340.1	A	rna-XM_056775934.1	A
rna-XM_057806059.1	A	rna-XM_056775936.1	A
rna-XM_057806058.1	A	rna-XM_056775935.1	A
rna-XM_057805749.1	A	rna-XM_056775937.1	A
rna-XM_057806546.1	A	rna-XM_056775938.1	A
rna-XM_057806548.1	A	rna-XM_056775939.1	A
rna-XM_057805986.1	A	rna-XM_056775941.1	A
rna-XM_057805980.1	A	rna-XM_056775943.1	A
rna-XM_057805981.1	A	rna-XM_056775948.1	A
rna-XM_057806392.1	A	rna-XM_056775944.1	A
rna-XM_057806393.1	A	rna-XM_056775945.1	A
rna-XM_057805701.1	A	rna-XM_056775949.1	A
rna-XM_057805709.1	A	rna-XM_056775453.1	A
rna-XM_057805422.1	A	rna-XM_056775956.1	A
rna-XM_057805750.1	A	rna-XM_056775957.1	A
rna-XM_057805755.1	A	rna-XM_056775959.1	A
rna-XM_057805756.1	A	rna-XM_056775960.1	A
rna-XM_057806019.1	A	rna-XM_056775964.1	A
rna-XM_057806018.1	A	rna-XM_056775961.1	A
rna-XM_057805699.1	A	rna-XM_056775965.1	A
rna-XM_057805982.1	A	rna-XM_056775967.1	A
rna-XM_057805983.1	A	rna-XM_056775969.1	A
rna-XM_057806072.1	A	rna-XM_056775458.1	A
rna-XM_057806257.1	A	rna-XM_056775140.1	A
rna-XM_057805700.1	A	rna-XM_056775270.1	A
rna-XM_057805502.1	A	rna-XM_056775387.1	A
rna-XM_057805431.1	A	rna-XM_056774880.1	A
rna-XM_057806424.1	A	rna-XM_056776067.1	A
rna-XM_057806425.1	A	rna-XM_056776068.1	A
rna-XM_057806070.1	A	rna-XM_056775217.1	A
rna-XM_057806067.1	A	rna-XM_056775218.1	A
rna-XM_057806195.1	A	rna-XM_056774805.1	A
rna-XM_057806374.1	A	rna-XM_056775769.1	A
rna-XM_057806373.1	A	rna-XM_056775777.1	A
rna-XM_057805434.1	A	rna-XM_056775782.1	A
rna-XM_057805435.1	A	rna-XM_056775783.1	A
rna-XM_057805950.1	A	rna-XM_056775391.1	A
rna-XM_057806065.1	A	rna-XM_056775643.1	A
rna-XM_057806064.1	A	rna-XM_056775641.1	A
rna-XM_057805503.1	A	rna-XM_056775106.1	A
rna-XM_057805504.1	A	rna-XM_056775109.1	A
rna-XM_057806211.1	A	rna-XM_056775104.1	A
rna-XM_057806210.1	A	rna-XM_056775289.1	A
rna-XM_057805637.1	A	rna-XM_056774507.1	A
rna-XM_057806021.1	A	rna-XM_056774678.1	A
rna-XM_057806022.1	A	rna-XM_056774680.1	A
rna-XM_057806028.1	A	rna-XM_056775192.1	A
rna-XM_057806023.1	A	rna-XM_056775886.1	A
rna-XM_057806034.1	A	rna-XM_056774777.1	A
rna-XM_057806027.1	A	rna-XM_056774775.1	A
rna-XM_057806033.1	A	rna-XM_056774776.1	A
rna-XM_057805977.1	A	rna-XM_056775099.1	A
rna-XM_057805975.1	A	rna-XM_056775098.1	A
rna-XM_057806537.1	A	rna-XM_056775465.1	A
rna-XM_057806109.1	A	rna-XM_056775466.1	A
rna-XM_057806205.1	A	rna-XM_056775236.1	A
rna-XM_057806206.1	A	rna-XM_056775237.1	A
rna-XM_057806207.1	A	rna-XM_056774886.1	A
rna-XM_057805762.1	A	rna-XM_056775467.1	A
rna-XM_057805363.1	A	rna-XM_056775795.1	A
rna-XM_057805364.1	A	rna-XM_056775796.1	A
rna-XM_057805366.1	A	rna-XM_056775799.1	A
rna-XM_057805367.1	A	rna-XM_056775800.1	A
rna-XM_057806388.1	A	rna-XM_056775802.1	A
rna-XM_057806391.1	A	rna-XM_056775804.1	A
rna-XM_057805645.1	A	rna-XM_056774891.1	A
rna-XM_057805635.1	A	rna-XM_056774889.1	A
rna-XM_057805636.1	A	rna-XM_056774890.1	A
rna-XM_057805885.1	A	rna-XM_056774529.1	A
rna-XM_057806538.1	A	rna-XM_056775470.1	A
rna-XM_057805907.1	A	rna-XM_056775471.1	A
rna-XM_057806539.1	A	rna-XM_056775472.1	A
rna-XM_057806540.1	A	rna-XM_056775473.1	A
rna-XM_057805910.1	A	rna-XM_056775474.1	A
rna-XM_057805917.1	A	rna-XM_056775255.1	A
rna-XM_057805899.1	A	rna-XM_056775166.1	A
rna-XM_057805890.1	A	rna-XM_056775163.1	A
rna-XM_057805896.1	A	rna-XM_056775164.1	A
rna-XM_057805898.1	A	rna-XM_056774920.1	A
rna-XM_057805900.1	A	rna-XM_056775628.1	A
rna-XM_057805919.1	A	rna-XM_056774948.1	A
rna-XM_057805901.1	A	rna-XM_056774860.1	A
rna-XM_057805915.1	A	rna-XM_056775262.1	A
rna-XM_057805912.1	A	rna-XM_056774995.1	A
rna-XM_057805904.1	A	rna-XM_056775970.1	A
rna-XM_057805891.1	A	rna-XM_056775972.1	A
rna-XM_057805895.1	A	rna-XM_056775977.1	A
rna-XM_057806345.1	A	rna-XM_056775978.1	A
rna-XM_057806341.1	A	rna-XM_056775981.1	A
rna-XM_057806346.1	A	rna-XM_056775982.1	A
rna-XM_057806350.1	A	rna-XM_056775986.1	A
rna-XM_057806351.1	A	rna-XM_056775988.1	A
rna-XM_057805429.1	A	rna-XM_056775989.1	A
rna-XM_057805972.1	A	rna-XM_056775990.1	A
rna-XM_057805924.1	A	rna-XM_056775992.1	A
rna-XM_057805925.1	A	rna-XM_056775993.1	A
rna-XM_057805926.1	A	rna-XM_056775994.1	A
rna-XM_057805412.1	A	rna-XM_056775997.1	A
rna-XM_057805415.1	A	rna-XM_056775999.1	A
rna-XM_057805408.1	A	rna-XM_056775998.1	A
rna-XM_057805416.1	A	rna-XM_056776000.1	A
rna-XM_057805409.1	A	rna-XM_056776002.1	A
rna-XM_057805688.1	A	rna-XM_056776007.1	A
rna-XM_057806365.1	A	rna-XM_056776005.1	A
rna-XM_057806367.1	A	rna-XM_056776008.1	A
rna-XM_057806371.1	A	rna-XM_056775475.1	A
rna-XM_057806372.1	A	rna-XM_056776010.1	A
rna-XM_057805424.1	A	rna-XM_056776012.1	A
rna-XM_057806136.1	A	rna-XM_056776013.1	A
rna-XM_057806134.1	A	rna-XM_056776015.1	A
rna-XM_057806141.1	A	rna-XM_056776022.1	A
rna-XM_057806139.1	A	rna-XM_056776018.1	A
rna-XM_057806122.1	A	rna-XM_056776023.1	A
rna-XM_057806132.1	A	rna-XM_056775044.1	A
rna-XM_057806142.1	A	rna-XM_056775045.1	A
rna-XM_057806133.1	A	rna-XM_056774687.1	A
rna-XM_057806140.1	A	rna-XM_056774688.1	A
rna-XM_057806147.1	A	rna-XM_056775173.1	A
rna-XM_057806153.1	A	rna-XM_056775321.1	A
rna-XM_057806154.1	A	rna-XM_056774887.1	A
rna-XM_057806155.1	A	rna-XM_056775476.1	A
rna-XM_057806156.1	A	rna-XM_056774473.1	A
rna-XM_057806160.1	A	rna-XM_056774300.1	A
rna-XM_057806162.1	A	rna-XM_056774303.1	A
rna-XM_057806163.1	A	rna-XM_056775436.1	A
rna-XM_057806166.1	A	rna-XM_056775275.1	A
rna-XM_057806167.1	A	rna-XM_056774934.1	A
rna-XM_057806171.1	A	rna-XM_056775372.1	A
rna-XM_057806172.1	A	rna-XM_056775027.1	A
rna-XM_057806541.1	A	rna-XM_056776033.1	A
rna-XM_057806174.1	A	rna-XM_056776035.1	A
rna-XM_057806176.1	A	rna-XM_056776037.1	A
rna-XM_057806175.1	A	rna-XM_056776036.1	A
rna-XM_057806178.1	A	rna-XM_056774429.1	A
rna-XM_057806179.1	A	rna-XM_056775203.1	A
rna-XM_057806180.1	A	rna-XM_056774439.1	A
rna-XM_057806189.1	A	rna-XM_056775196.1	A
rna-XM_057806190.1	A	rna-XM_056775647.1	A
rna-XM_057806192.1	A	rna-XM_056775046.1	A
rna-XM_057806193.1	A	rna-XM_056774864.1	A
rna-XM_057806233.1	A	rna-XM_056775479.1	A
rna-XM_057805541.1	A	rna-XM_056776215.1	A
rna-XM_057806007.1	A	rna-XM_056774792.1	A
rna-XM_057805545.1	A	rna-XM_056774937.1	A
rna-XM_057805441.1	A	rna-XM_056774754.1	A
rna-XM_057805544.1	A	rna-XM_056774962.1	A
rna-XM_057805419.1	A	rna-XM_056775433.1	A
rna-XM_057806081.1	A	rna-XM_056775480.1	A
rna-XM_057805485.1	A	rna-XM_056774951.1	A
rna-XM_057806086.1	A	rna-XM_056774968.1	A
rna-XM_057806088.1	A	rna-XM_056775601.1	A
rna-XM_057806092.1	A	rna-XM_056775604.1	A
rna-XM_057806093.1	A	rna-XM_056775605.1	A
rna-XM_057805988.1	A	rna-XM_056775157.1	A
rna-XM_057805990.1	A	rna-XM_056775160.1	A
rna-XM_057805989.1	A	rna-XM_056775158.1	A
rna-XM_057805991.1	A	rna-XM_056775161.1	A
rna-XM_057806066.1	A	rna-XM_056775606.1	A
rna-XM_057805496.1	A	rna-XM_056774885.1	A
rna-XM_057805497.1	A	rna-XM_056775482.1	A
rna-XM_057805484.1	A	rna-XM_056775742.1	A
rna-XM_057806272.1	A	rna-XM_056774549.1	A
rna-XM_057806281.1	A	rna-XM_056774561.1	A
rna-XM_057806280.1	A	rna-XM_056774560.1	A
rna-XM_057806282.1	A	rna-XM_056774562.1	A
rna-XM_057805285.1	A	rna-XM_056774542.1	A
rna-XM_057805299.1	A	rna-XM_056774563.1	A
rna-XM_057805467.1	A	rna-XM_056774564.1	A
rna-XM_057805777.1	A	rna-XM_056774569.1	A
rna-XM_057805819.1	A	rna-XM_056774586.1	A
rna-XM_057805811.1	A	rna-XM_056774589.1	A
rna-XM_057805809.1	A	rna-XM_056774587.1	A
rna-XM_057805813.1	A	rna-XM_056774591.1	A
rna-XM_057805810.1	A	rna-XM_056774590.1	A
rna-XM_057805807.1	A	rna-XM_056774593.1	A
rna-XM_057805814.1	A	rna-XM_056774594.1	A
rna-XM_057805803.1	A	rna-XM_056774595.1	A
rna-XM_057805817.1	A	rna-XM_056774596.1	A
rna-XM_057805766.1	A	rna-XM_056774597.1	A
rna-XM_057805771.1	A	rna-XM_056774600.1	A
rna-XM_057805812.1	A	rna-XM_056774601.1	A
rna-XM_057805815.1	A	rna-XM_056774602.1	A
rna-XM_057805820.1	A	rna-XM_056774604.1	A
rna-XM_057805821.1	A	rna-XM_056774606.1	A
rna-XM_057805827.1	A	rna-XM_056774607.1	A
rna-XM_057805822.1	A	rna-XM_056774608.1	A
rna-XM_057805825.1	A	rna-XM_056774609.1	A
rna-XM_057805828.1	A	rna-XM_056774610.1	A
rna-XM_057805978.1	A	rna-XM_056774611.1	A
rna-XM_057805979.1	A	rna-XM_056774613.1	A
rna-XM_057805266.1	A	rna-XM_056774612.1	A
rna-XM_057805267.1	A	rna-XM_056774614.1	A
rna-XM_057805268.1	A	rna-XM_056774616.1	A
rna-XM_057805272.1	A	rna-XM_056774618.1	A
rna-XM_057806461.1	A	rna-XM_056774624.1	A
rna-XM_057806463.1	A	rna-XM_056774627.1	A
rna-XM_057806460.1	A	rna-XM_056774622.1	A
rna-XM_057806466.1	A	rna-XM_056774630.1	A
rna-XM_057806467.1	A	rna-XM_056774625.1	A
rna-XM_057806468.1	A	rna-XM_056774631.1	A
rna-XM_057806469.1	A	rna-XM_056774633.1	A
rna-XM_057806473.1	A	rna-XM_056774636.1	A
rna-XM_057805438.1	A	rna-XM_056774637.1	A
rna-XM_057805440.1	A	rna-XM_056774639.1	A
rna-XM_057805628.1	A	rna-XM_056774645.1	A
rna-XM_057805620.1	A	rna-XM_056774640.1	A
rna-XM_057805619.1	A	rna-XM_056774649.1	A
rna-XM_057806253.1	A	rna-XM_056774650.1	A
rna-XM_057806254.1	A	rna-XM_056774654.1	A
rna-XM_057805566.1	A	rna-XM_056774656.1	A
rna-XM_057806415.1	A	rna-XM_056774657.1	A
rna-XM_057805992.1	A	rna-XM_056774665.1	A
rna-XM_057805993.1	A	rna-XM_056774667.1	A
rna-XM_057806475.1	A	rna-XM_056774285.1	A
rna-XM_057806474.1	A	rna-XM_056774284.1	A
rna-XM_057805273.1	A	rna-XM_056774785.1	A
rna-XM_057805275.1	A	rna-XM_056776146.1	A
rna-XM_057805276.1	A	rna-XM_056776148.1	A
rna-XM_057805274.1	A	rna-XM_056776145.1	A
rna-XM_057805280.1	A	rna-XM_056775244.1	A
rna-XM_057805278.1	A	rna-XM_056776340.1	A
rna-XM_057805277.1	A	rna-XM_056774672.1	A
rna-XM_057805281.1	A	rna-XM_056774673.1	A
rna-XM_057806074.1	A	rna-XM_056775029.1	A
rna-XM_057806075.1	A	rna-XM_056774916.1	A
rna-XM_057805937.1	A	rna-XM_056774757.1	A
rna-XM_057806112.1	A	rna-XM_056775806.1	A
rna-XM_057806120.1	A	rna-XM_056775808.1	A
rna-XM_057806119.1	A	rna-XM_056775810.1	A
rna-XM_057805934.1	A	rna-XM_056775811.1	A
rna-XM_057805319.1	A	rna-XM_056775812.1	A
rna-XM_057805697.1	A	rna-XM_056775814.1	A
rna-XM_057805695.1	A	rna-XM_056775813.1	A
rna-XM_057805973.1	A	rna-XM_056775815.1	A
rna-XM_057805551.1	A	rna-XM_056775818.1	A
rna-XM_057805547.1	A	rna-XM_056775822.1	A
rna-XM_057805556.1	A	rna-XM_056775824.1	A
rna-XM_057805689.1	A	rna-XM_056775823.1	A
rna-XM_057805454.1	A	rna-XM_056775826.1	A
rna-XM_057805830.1	A	rna-XM_056775827.1	A
rna-XM_057805710.1	A	rna-XM_056775847.1	A
rna-XM_057805721.1	A	rna-XM_056775853.1	A
rna-XM_057805735.1	A	rna-XM_056775857.1	A
rna-XM_057805724.1	A	rna-XM_056775854.1	A
rna-XM_057805736.1	A	rna-XM_056775502.1	A
rna-XM_057805734.1	A	rna-XM_056775858.1	A
rna-XM_057805726.1	A	rna-XM_056775503.1	A
rna-XM_057805733.1	A	rna-XM_056775504.1	A
rna-XM_057805737.1	A	rna-XM_056775859.1	A
rna-XM_057805757.1	A	rna-XM_056775342.1	A
rna-XM_057805369.1	A	rna-XM_056776071.1	A
rna-XM_057805376.1	A	rna-XM_056776078.1	A
rna-XM_057805372.1	A	rna-XM_056776074.1	A
rna-XM_057805379.1	A	rna-XM_056775609.1	A
rna-XM_057806543.1	A	rna-XM_056774287.1	A
rna-XM_057806544.1	A	rna-XM_056775505.1	A
rna-XM_057805370.1	A	rna-XM_056774841.1	A
rna-XM_057805383.1	A	rna-XM_056774843.1	A
rna-XM_057805384.1	A	rna-XM_056774949.1	A
rna-XM_057805380.1	A	rna-XM_056775180.1	A
rna-XM_057805382.1	A	rna-XM_056775182.1	A
rna-XM_057805378.1	A	rna-XM_056775013.1	A
rna-XM_057805518.1	A	rna-XM_056774806.1	A
rna-XM_057805525.1	A	rna-XM_056774411.1	A
rna-XM_057805526.1	A	rna-XM_056775288.1	A
rna-XM_057805527.1	A	rna-XM_056775290.1	A
rna-XM_057805528.1	A	rna-XM_056775383.1	A
rna-XM_057805529.1	A	rna-XM_056775385.1	A
rna-XM_057805530.1	A	rna-XM_056775611.1	A
rna-XM_057805533.1	A	rna-XM_056774368.1	A
rna-XM_057805536.1	A	rna-XM_056774370.1	A
rna-XM_057805321.1	A	rna-XM_056775506.1	A
rna-XM_057805320.1	A	rna-XM_056775366.1	A
rna-XM_057805348.1	A	rna-XM_056775740.1	A
rna-XM_057805322.1	A	rna-XM_056775724.1	A
rna-XM_057805340.1	A	rna-XM_056776177.1	A
rna-XM_057805337.1	A	rna-XM_056776176.1	A
rna-XM_057805350.1	A	rna-XM_056776191.1	A
rna-XM_057805361.1	A	rna-XM_056775920.1	A
rna-XM_057805358.1	A	rna-XM_056776188.1	A
rna-XM_057805360.1	A	rna-XM_056775919.1	A
rna-XM_057805357.1	A	rna-XM_056775917.1	A
rna-XM_057805927.1	A	rna-XM_056774694.1	A
rna-XM_057805417.1	A	rna-XM_056774697.1	A
rna-XM_057805691.1	A	rna-XM_056774702.1	A
rna-XM_057806099.1	A	rna-XM_056775749.1	A
rna-XM_057806098.1	A	rna-XM_056775748.1	A
rna-XM_057806101.1	A	rna-XM_056774905.1	A
rna-XM_057806103.1	A	rna-XM_056775510.1	A
rna-XM_057806954.1	A	rna-XM_056786341.1	A
rna-XM_057806678.1	A	rna-XM_056786169.1	A
rna-XM_057806682.1	A	rna-XM_056786788.1	A
rna-XM_057806679.1	A	rna-XM_056786784.1	A
rna-XM_057806651.1	A	rna-XM_056786767.1	A
rna-XM_057806655.1	A	rna-XM_056786772.1	A
rna-XM_057806653.1	A	rna-XM_056786774.1	A
rna-XM_057806654.1	A	rna-XM_056786771.1	A
rna-XM_057806652.1	A	rna-XM_056786770.1	A
rna-XM_057806635.1	A	rna-XM_056786775.1	A
rna-XM_057807546.1	A	rna-XM_056786458.1	A
rna-XM_057806767.1	A	rna-XM_056786463.1	A
rna-XM_057807077.1	A	rna-XM_056786271.1	A
rna-XM_057807078.1	A	rna-XM_056786272.1	A
rna-XM_057807084.1	A	rna-XM_056786447.1	A
rna-XM_057806676.1	A	rna-XM_056786445.1	A
rna-XM_057806634.1	A	rna-XM_056786244.1	A
rna-XM_057806614.1	A	rna-XM_056786246.1	A
rna-XM_057807018.1	A	rna-XM_056786241.1	A
rna-XM_057807507.1	A	rna-XM_056786752.1	A
rna-XM_057807503.1	A	rna-XM_056786748.1	A
rna-XM_057807506.1	A	rna-XM_056786750.1	A
rna-XM_057807109.1	A	rna-XM_056786756.1	A
rna-XM_057807510.1	A	rna-XM_056786757.1	A
rna-XM_057806942.1	A	rna-XM_056786071.1	A
rna-XM_057807452.1	A	rna-XM_056786339.1	A
rna-XM_057807454.1	A	rna-XM_056786400.1	A
rna-XM_057807455.1	A	rna-XM_056786390.1	A
rna-XM_057807098.1	A	rna-XM_056786632.1	A
rna-XM_057807110.1	A	rna-XM_056786613.1	A
rna-XM_057807097.1	A	rna-XM_056786123.1	A
rna-XM_057807096.1	A	rna-XM_056786091.1	A
rna-XM_057807229.1	A	rna-XM_056786113.1	A
rna-XM_057807223.1	A	rna-XM_056786150.1	A
rna-XM_057807222.1	A	rna-XM_056786614.1	A
rna-XM_057807217.1	A	rna-XM_056785949.1	A
rna-XM_057807225.1	A	rna-XM_056785958.1	A
rna-XM_057807228.1	A	rna-XM_056786828.1	A
rna-XM_057807224.1	A	rna-XM_056786051.1	A
rna-XM_057807061.1	A	rna-XM_056786103.1	A
rna-XM_057806690.1	A	rna-XM_056786038.1	A
rna-XM_057806920.1	A	rna-XM_056786299.1	A
rna-XM_057806951.1	A	rna-XM_056786758.1	A
rna-XM_057807294.1	A	rna-XM_056786765.1	A
rna-XM_057807290.1	A	rna-XM_056786761.1	A
rna-XM_057807295.1	A	rna-XM_056786766.1	A
rna-XM_057807297.1	A	rna-XM_056786760.1	A
rna-XM_057807299.1	A	rna-XM_056786764.1	A
rna-XM_057807301.1	A	rna-XM_056786333.1	A
rna-XM_057807305.1	A	rna-XM_056786336.1	A
rna-XM_057807111.1	A	rna-XM_056786338.1	A
rna-XM_057807303.1	A	rna-XM_056786104.1	A
rna-XM_057807306.1	A	rna-XM_056786105.1	A
rna-XM_057806855.1	A	rna-XM_056786109.1	A
rna-XM_057806728.1	A	rna-XM_056786107.1	A
rna-XM_057807342.1	A	rna-XM_056786671.1	A
rna-XM_057807347.1	A	rna-XM_056786675.1	A
rna-XM_057807346.1	A	rna-XM_056786674.1	A
rna-XM_057807464.1	A	rna-XM_056786676.1	A
rna-XM_057807469.1	A	rna-XM_056786678.1	A
rna-XM_057807477.1	A	rna-XM_056786230.1	A
rna-XM_057807467.1	A	rna-XM_056786411.1	A
rna-XM_057807471.1	A	rna-XM_056786125.1	A
rna-XM_057807460.1	A	rna-XM_056786121.1	A
rna-XM_057807470.1	A	rna-XM_056786122.1	A
rna-XM_057807324.1	A	rna-XM_056786700.1	A
rna-XM_057807321.1	A	rna-XM_056786695.1	A
rna-XM_057807330.1	A	rna-XM_056786699.1	A
rna-XM_057807335.1	A	rna-XM_056786704.1	A
rna-XM_057807334.1	A	rna-XM_056786703.1	A
rna-XM_057807331.1	A	rna-XM_056786691.1	A
rna-XM_057807333.1	A	rna-XM_056786702.1	A
rna-XM_057807328.1	A	rna-XM_056786690.1	A
rna-XM_057806812.1	A	rna-XM_056786706.1	A
rna-XM_057806814.1	A	rna-XM_056786707.1	A
rna-XM_057806841.1	A	rna-XM_056786709.1	A
rna-XM_057806665.1	A	rna-XM_056786311.1	A
rna-XM_057806660.1	A	rna-XM_056786305.1	A
rna-XM_057806658.1	A	rna-XM_056786047.1	A
rna-XM_057806808.1	A	rna-XM_056786616.1	A
rna-XM_057807555.1	A	rna-XM_056786034.1	A
rna-XM_057807558.1	A	rna-XM_056786036.1	A
rna-XM_057806842.1	A	rna-XM_056786216.1	A
rna-XM_057806823.1	A	rna-XM_056786205.1	A
rna-XM_057807032.1	A	rna-XM_056786495.1	A
rna-XM_057807145.1	A	rna-XM_056786687.1	A
rna-XM_057807146.1	A	rna-XM_056786689.1	A
rna-XM_057807002.1	A	rna-XM_056786324.1	A
rna-XM_057807007.1	A	rna-XM_056786033.1	A
rna-XM_057807006.1	A	rna-XM_056786096.1	A
rna-XM_057807009.1	A	rna-XM_056786500.1	A
rna-XM_057807004.1	A	rna-XM_056786512.1	A
rna-XM_057807001.1	A	rna-XM_056786511.1	A
rna-XM_057806844.1	A	rna-XM_056786739.1	A
rna-XM_057806811.1	A	rna-XM_056786301.1	A
rna-XM_057806839.1	A	rna-XM_056786238.1	A
rna-XM_057806977.1	A	rna-XM_056786292.1	A
rna-XM_057807560.1	A	rna-XM_056786056.1	A
rna-XM_057807561.1	A	rna-XM_056786057.1	A
rna-XM_057807571.1	A	rna-XM_056786066.1	A
rna-XM_057807563.1	A	rna-XM_056786058.1	A
rna-XM_057806966.1	A	rna-XM_056786413.1	A
rna-XM_057806796.1	A	rna-XM_056786043.1	A
rna-XM_057806795.1	A	rna-XM_056786042.1	A
rna-XM_057807151.1	A	rna-XM_056786026.1	A
rna-XM_057807163.1	A	rna-XM_056786735.1	A
rna-XM_057807162.1	A	rna-XM_056786734.1	A
rna-XM_057807167.1	A	rna-XM_056786077.1	A
rna-XM_057807170.1	A	rna-XM_056786807.1	A
rna-XM_057807171.1	A	rna-XM_056786808.1	A
rna-XM_057807174.1	A	rna-XM_056786809.1	A
rna-XM_057807176.1	A	rna-XM_056786812.1	A
rna-XM_057807175.1	A	rna-XM_056786810.1	A
rna-XM_057807178.1	A	rna-XM_056786813.1	A
rna-XM_057807179.1	A	rna-XM_056786814.1	A
rna-XM_057807181.1	A	rna-XM_056786816.1	A
rna-XM_057807183.1	A	rna-XM_056786822.1	A
rna-XM_057807186.1	A	rna-XM_056786823.1	A
rna-XM_057807187.1	A	rna-XM_056786819.1	A
rna-XM_057807189.1	A	rna-XM_056786074.1	A
rna-XM_057807192.1	A	rna-XM_056786076.1	A
rna-XM_057807193.1	A	rna-XM_056786444.1	A
rna-XM_057807194.1	A	rna-XM_056786037.1	A
rna-XM_057807196.1	A	rna-XM_056786619.1	A
rna-XM_057807198.1	A	rna-XM_056786201.1	A
rna-XM_057807201.1	A	rna-XM_056786053.1	A
rna-XM_057807203.1	A	rna-XM_056786185.1	A
rna-XM_057807205.1	A	rna-XM_056786515.1	A
rna-XM_057807204.1	A	rna-XM_056786516.1	A
rna-XM_057806853.1	A	rna-XM_056786518.1	A
rna-XM_057807062.1	A	rna-XM_056786519.1	A
rna-XM_057806822.1	A	rna-XM_056786520.1	A
rna-XM_057806845.1	A	rna-XM_056786521.1	A
rna-XM_057806847.1	A	rna-XM_056786522.1	A
rna-XM_057806820.1	A	rna-XM_056786525.1	A
rna-XM_057806696.1	A	rna-XM_056786526.1	A
rna-XM_057807530.1	A	rna-XM_056786528.1	A
rna-XM_057807535.1	A	rna-XM_056781701.1	A
rna-XM_057806928.1	A	rna-XM_056786533.1	A
rna-XM_057806932.1	A	rna-XM_056786534.1	A
rna-XM_057806930.1	A	rna-XM_056786535.1	A
rna-XM_057806931.1	A	rna-XM_056786538.1	A
rna-XM_057806929.1	A	rna-XM_056786537.1	A
rna-XM_057807021.1	A	rna-XM_056786536.1	A
rna-XM_057806736.1	A	rna-XM_056786542.1	A
rna-XM_057806750.1	A	rna-XM_056786539.1	A
rna-XM_057806753.1	A	rna-XM_056786541.1	A
rna-XM_057806645.1	A	rna-XM_056786546.1	A
rna-XM_057806644.1	A	rna-XM_056786543.1	A
rna-XM_057806648.1	A	rna-XM_056786547.1	A
rna-XM_057806650.1	A	rna-XM_056786549.1	A
rna-XM_057806646.1	A	rna-XM_056786550.1	A
rna-XM_057806599.1	A	rna-XM_056786557.1	A
rna-XM_057806598.1	A	rna-XM_056786556.1	A
rna-XM_057806593.1	A	rna-XM_056786552.1	A
rna-XM_057806596.1	A	rna-XM_056786554.1	A
rna-XM_057806595.1	A	rna-XM_056786553.1	A
rna-XM_057806600.1	A	rna-XM_056786558.1	A
rna-XM_057806601.1	A	rna-XM_056786561.1	A
rna-XM_057806603.1	A	rna-XM_056786563.1	A
rna-XM_057807113.1	A	rna-XM_056786562.1	A
rna-XM_057806927.1	A	rna-XM_056786559.1	A
rna-XM_057806936.1	A	rna-XM_056786564.1	A
rna-XM_057806761.1	A	rna-XM_056786176.1	A
rna-XM_057806762.1	A	rna-XM_056786177.1	A
rna-XM_057807500.1	A	rna-XM_056786118.1	A
rna-XM_057807497.1	A	rna-XM_056786115.1	A
rna-XM_057807119.1	A	rna-XM_056789866.1	X
rna-XM_057806683.1	A	rna-XM_056786163.1	A
rna-XM_057806756.1	A	rna-XM_056786165.1	A
rna-XM_057806743.1	A	rna-XM_056786214.1	A
rna-XM_057807120.1	A	rna-XM_056786621.1	A
rna-XM_057806757.1	A	rna-XM_056785989.1	A
rna-XM_057806934.1	A	rna-XM_056785991.1	A
rna-XM_057806742.1	A	rna-XM_056785993.1	A
rna-XM_057807080.1	A	rna-XM_056785994.1	A
rna-XM_057807081.1	A	rna-XM_056785995.1	A
rna-XM_057806691.1	A	rna-XM_056785996.1	A
rna-XM_057806994.1	A	rna-XM_056785997.1	A
rna-XM_057806923.1	A	rna-XM_056785999.1	A
rna-XM_057807114.1	A	rna-XM_056786003.1	A
rna-XM_057807115.1	A	rna-XM_056786001.1	A
rna-XM_057807117.1	A	rna-XM_056786004.1	A
rna-XM_057806673.1	A	rna-XM_056786010.1	A
rna-XM_057806672.1	A	rna-XM_056786009.1	A
rna-XM_057806674.1	A	rna-XM_056786011.1	A
rna-XM_057806668.1	A	rna-XM_056786006.1	A
rna-XM_057806941.1	A	rna-XM_056786014.1	A
rna-XM_057806687.1	A	rna-XM_056786013.1	A
rna-XM_057806724.1	A	rna-XM_056786016.1	A
rna-XM_057807069.1	A	rna-XM_056786493.1	A
rna-XM_057807100.1	A	rna-XM_056786776.1	A
rna-XM_057807108.1	A	rna-XM_056786782.1	A
rna-XM_057806727.1	A	rna-XM_056786168.1	A
rna-XM_057807246.1	A	rna-XM_056786824.1	A
rna-XM_057806816.1	A	rna-XM_056786826.1	A
rna-XM_057806806.1	A	rna-XM_056786629.1	A
rna-XM_057807122.1	A	rna-XM_056779534.1	A
rna-XM_057806802.1	A	rna-XM_056786207.1	A
rna-XM_057807132.1	A	rna-XM_056784924.1	A
rna-XM_057806624.1	A	rna-XM_056786268.1	A
rna-XM_057806794.1	A	rna-XM_056786187.1	A
rna-XM_057807134.1	A	rna-XM_056786265.1	A
rna-XM_057807137.1	A	rna-XM_056786046.1	A
rna-XM_057806747.1	A	rna-XM_056785946.1	A
rna-XM_057806641.1	A	rna-XM_056786093.1	A
rna-XM_057807341.1	A	rna-XM_056786795.1	A
rna-XM_057807336.1	A	rna-XM_056786793.1	A
rna-XM_057807082.1	A	rna-XM_056786025.1	A
rna-XM_057807073.1	A	rna-XM_056786022.1	A
rna-XM_057806965.1	A	rna-XM_056786021.1	A
rna-XM_057806998.1	A	rna-XM_056786454.1	A
rna-XM_057806997.1	A	rna-XM_056786453.1	A
rna-XM_057807139.1	A	rna-XM_056789875.1	X
rna-XM_057807447.1	A	rna-XM_056786099.1	A
rna-XM_057806948.1	A	rna-XM_056786717.1	A
rna-XM_057807144.1	A	rna-XM_056777436.1	A
rna-XM_057807147.1	A	rna-XM_056792755.1	A
rna-XM_057806732.1	A	rna-XM_056786718.1	A
rna-XM_057806731.1	A	rna-XM_056791421.1	A
rna-XM_057807367.1	A	rna-XM_056786573.1	A
rna-XM_057807373.1	A	rna-XM_056786577.1	A
rna-XM_057807355.1	A	rna-XM_056786568.1	A
rna-XM_057807148.1	A	rna-XM_056777575.1	A
rna-XM_057807375.1	A	rna-XM_056786580.1	A
rna-XM_057807376.1	A	rna-XM_056786642.1	A
rna-XM_057807383.1	A	rna-XM_056786581.1	A
rna-XM_057807386.1	A	rna-XM_056786583.1	A
rna-XM_057807394.1	A	rna-XM_056786584.1	A
rna-XM_057807402.1	A	rna-XM_056786592.1	A
rna-XM_057807407.1	A	rna-XM_056789955.1	X
rna-XM_057807408.1	A	rna-XM_056786595.1	A
rna-XM_057807410.1	A	rna-XM_056786596.1	A
rna-XM_057807420.1	A	rna-XM_056786605.1	A
rna-XM_057807415.1	A	rna-XM_056786599.1	A
rna-XM_057807421.1	A	rna-XM_056786612.1	A
rna-XM_057807424.1	A	rna-XM_056786610.1	A
rna-XM_057807422.1	A	rna-XM_056786649.1	A
rna-XM_057807433.1	A	rna-XM_056786611.1	A
rna-XM_057807430.1	A	rna-XM_056786607.1	A
rna-XM_057807437.1	A	rna-XM_056786650.1	A
rna-XM_057807438.1	A	rna-XM_056786420.1	A
rna-XM_057807439.1	A	rna-XM_056786088.1	A
rna-XM_057807479.1	A	rna-XM_056786330.1	A
rna-XM_057807482.1	A	rna-XM_056786195.1	A
rna-XM_057807485.1	A	rna-XM_056786234.1	A
rna-XM_057807524.1	A	rna-XM_056786196.1	A
rna-XM_057807083.1	A	rna-XM_056786303.1	A
rna-XM_057807075.1	A	rna-XM_056786101.1	A
rna-XM_057806768.1	A	rna-XM_056786198.1	A
rna-XM_057806943.1	A	rna-XM_056786200.1	A
rna-XM_057807068.1	A	rna-XM_056786294.1	A
rna-XM_057807440.1	A	rna-XM_056786797.1	A
rna-XM_057807443.1	A	rna-XM_056786799.1	A
rna-XM_057807445.1	A	rna-XM_056786800.1	A
rna-XM_057806992.1	A	rna-XM_056786441.1	A
rna-XM_057807490.1	A	rna-XM_056786039.1	A
rna-XM_057807492.1	A	rna-XM_056786293.1	A
rna-XM_057807036.1	A	rna-XM_056786494.1	A
rna-XM_057807209.1	A	rna-XM_056786090.1	A
rna-XM_057806703.1	A	rna-XM_056786089.1	A
rna-XM_057806721.1	A	rna-XM_056786406.1	A
rna-XM_057806714.1	A	rna-XM_056786018.1	A
rna-XM_057806712.1	A	rna-XM_056786019.1	A
rna-XM_057806715.1	A	rna-XM_056786020.1	A
rna-XM_057806718.1	A	rna-XM_056786180.1	A
rna-XM_057806699.1	A	rna-XM_056786239.1	A
rna-XM_057806698.1	A	rna-XM_056785981.1	A
rna-XM_057806716.1	A	rna-XM_056786662.1	A
rna-XM_057806701.1	A	rna-XM_056786660.1	A
rna-XM_057807087.1	A	rna-XM_056786710.1	A
rna-XM_057807090.1	A	rna-XM_056786713.1	A
rna-XM_057807093.1	A	rna-XM_056786716.1	A
rna-XM_057807094.1	A	rna-XM_056786097.1	A
rna-XM_057807058.1	A	rna-XM_056786414.1	A
rna-XM_057806924.1	A	rna-XM_056785961.1	A
rna-XM_057806739.1	A	rna-XM_056786182.1	A
rna-XM_057807549.1	A	rna-XM_056785962.1	A
rna-XM_057807551.1	A	rna-XM_056786471.1	A
rna-XM_057807553.1	A	rna-XM_056785987.1	A
rna-XM_057807547.1	A	rna-XM_056785986.1	A
rna-XM_057807554.1	A	rna-XM_056785988.1	A
rna-XM_057807020.1	A	rna-XM_056786410.1	A
rna-XM_057807618.1	A	rna-XM_056786189.1	A
rna-XM_057807487.1	A	rna-XM_056785942.1	A
rna-XM_057807489.1	A	rna-XM_056786399.1	A
rna-XM_057806726.1	A	rna-XM_056786398.1	A
rna-XM_057807233.1	A	rna-XM_056786218.1	A
rna-XM_057807240.1	A	rna-XM_056786219.1	A
rna-XM_057807234.1	A	rna-XM_056786217.1	A
rna-XM_057807236.1	A	rna-XM_056786224.1	A
rna-XM_057807213.1	A	rna-XM_056786229.1	A
rna-XM_057807031.1	A	rna-XM_056786227.1	A
rna-XM_057806958.1	A	rna-XM_056786184.1	A
rna-XM_057806959.1	A	rna-XM_056786296.1	A
rna-XM_057807214.1	A	rna-XM_056785963.1	A
rna-XM_057806963.1	A	rna-XM_056786072.1	A
rna-XM_057807215.1	A	rna-XM_056791267.1	Y
rna-XM_057806817.1	A	rna-XM_056786156.1	A
rna-XM_057807085.1	A	rna-XM_056786158.1	A
rna-XM_057807216.1	A	rna-XM_056773874.1	A
rna-XM_057807287.1	A	rna-XM_056786130.1	A
rna-XM_057806858.1	A	rna-XM_056786133.1	A
rna-XM_057806843.1	A	rna-XM_056786134.1	A
rna-XM_057807064.1	A	rna-XM_056786136.1	A
rna-XM_057807067.1	A	rna-XM_056786148.1	A
rna-XM_057807066.1	A	rna-XM_056786139.1	A
rna-XM_057806758.1	A	rna-XM_056786805.1	A
rna-XM_057806961.1	A	rna-XM_056786343.1	A
rna-XM_057806604.1	A	rna-XM_056786345.1	A
rna-XM_057806836.1	A	rna-XM_056786354.1	A
rna-XM_057806826.1	A	rna-XM_056786348.1	A
rna-XM_057807252.1	A	rna-XM_056786356.1	A
rna-XM_057807259.1	A	rna-XM_056786358.1	A
rna-XM_057807256.1	A	rna-XM_056786359.1	A
rna-XM_057807260.1	A	rna-XM_056786361.1	A
rna-XM_057807231.1	A	rna-XM_056786362.1	A
rna-XM_057807261.1	A	rna-XM_056786363.1	A
rna-XM_057807262.1	A	rna-XM_056786364.1	A
rna-XM_057807270.1	A	rna-XM_056786365.1	A
rna-XM_057807281.1	A	rna-XM_056786366.1	A
rna-XM_057807265.1	A	rna-XM_056786367.1	A
rna-XM_057807267.1	A	rna-XM_056786368.1	A
rna-XM_057807283.1	A	rna-XM_056786369.1	A
rna-XM_057807285.1	A	rna-XM_056786372.1	A
rna-XM_057807277.1	A	rna-XM_056786373.1	A
rna-XM_057807279.1	A	rna-XM_056786374.1	A
rna-XM_057807275.1	A	rna-XM_056786375.1	A
rna-XM_057807272.1	A	rna-XM_056786377.1	A
rna-XM_057807266.1	A	rna-XM_056786378.1	A
rna-XM_057807278.1	A	rna-XM_056786379.1	A
rna-XM_057807269.1	A	rna-XM_056786380.1	A
rna-XM_057807282.1	A	rna-XM_056786381.1	A
rna-XM_057807273.1	A	rna-XM_056786382.1	A
rna-XM_057806916.1	A	rna-XM_056786385.1	A
rna-XM_057806918.1	A	rna-XM_056786384.1	A
rna-XM_057807308.1	A	rna-XM_056786386.1	A
rna-XM_057807232.1	A	rna-XM_056786387.1	A
rna-XM_057806745.1	A	rna-XM_056786388.1	A
rna-XM_057806819.1	A	rna-XM_056786389.1	A
rna-XM_057807320.1	A	rna-XM_056786073.1	A
rna-XM_057807242.1	A	rna-XM_056785966.1	A
rna-XM_057806723.1	A	rna-XM_056786183.1	A
rna-XM_057806688.1	A	rna-XM_056785982.1	A
rna-XM_057807243.1	A	rna-XM_056792824.1	A
rna-XM_057806675.1	A	rna-XM_056786120.1	A
rna-XM_057806693.1	A	rna-XM_056786181.1	A
rna-XM_057807349.1	A	rna-XM_056786434.1	A
rna-XM_057807348.1	A	rna-XM_056786432.1	A
rna-XM_057807511.1	A	rna-XM_056786421.1	A
rna-XM_057807522.1	A	rna-XM_056786433.1	A
rna-XM_057806764.1	A	rna-XM_056786155.1	A
rna-XM_057807244.1	A	rna-XM_056785968.1	A
rna-XM_057807024.1	A	rna-XM_056786514.1	A
rna-XM_057806755.1	A	rna-XM_056785984.1	A
rna-XM_057807309.1	A	rna-XM_056786682.1	A
rna-XM_057806945.1	A	rna-XM_056786439.1	A
rna-XM_057806983.1	A	rna-XM_056786186.1	A
rna-XM_057806984.1	A	rna-XM_056786079.1	A
rna-XM_057806695.1	A	rna-XM_056786032.1	A
rna-XM_057807583.1	A	rna-XM_056786685.1	A
rna-XM_057807615.1	A	rna-XM_056786151.1	A
rna-XM_057807609.1	A	rna-XM_056786152.1	A
rna-XM_057807606.1	A	rna-XM_056786153.1	A
rna-XM_057807611.1	A	rna-XM_056786313.1	A
rna-XM_057807617.1	A	rna-XM_056786323.1	A
rna-XM_057807586.1	A	rna-XM_056786318.1	A
rna-XM_057807616.1	A	rna-XM_056786319.1	A
rna-XM_057807245.1	A	rna-XM_056785970.1	A
rna-XM_057807587.1	A	rna-XM_056786474.1	A
rna-XM_057807603.1	A	rna-XM_056786488.1	A
rna-XM_057807605.1	A	rna-XM_056786231.1	A
rna-XM_057806769.1	A	rna-XM_056786240.1	A
rna-XM_057807038.1	A	rna-XM_056786491.1	A
rna-XM_057806667.1	A	rna-XM_056786161.1	A
rna-XM_057807060.1	A	rna-XM_056786298.1	A
rna-XM_057807313.1	A	rna-XM_056786720.1	A
rna-XM_057807314.1	A	rna-XM_056786719.1	A
rna-XM_057807319.1	A	rna-XM_056786722.1	A
rna-XM_057806821.1	A	rna-XM_056786215.1	A
rna-XM_057807125.1	A	rna-XM_056786725.1	A
rna-XM_057807123.1	A	rna-XM_056786723.1	A
rna-XM_057806971.1	A	rna-XM_056786466.1	A
rna-XM_057806972.1	A	rna-XM_056786467.1	A
rna-XM_057806967.1	A	rna-XM_056786464.1	A
rna-XM_057806973.1	A	rna-XM_056786468.1	A
rna-XM_057806969.1	A	rna-XM_056786465.1	A
rna-XM_057806974.1	A	rna-XM_056785971.1	A
rna-XM_057806975.1	A	rna-XM_056786469.1	A
rna-XM_057806818.1	A	rna-XM_056785973.1	A
rna-XM_057806606.1	A	rna-XM_056786667.1	A
rna-XM_057806607.1	A	rna-XM_056786664.1	A
rna-XM_057806626.1	A	rna-XM_056785974.1	A
rna-XM_057806613.1	A	rna-XM_056786670.1	A
rna-XM_057806611.1	A	rna-XM_056786668.1	A
rna-XM_057806636.1	A	rna-XM_056786248.1	A
rna-XM_057807086.1	A	rna-XM_056785975.1	A
rna-XM_057807025.1	A	rna-XM_056786124.1	A
rna-XM_057806896.1	A	rna-XM_056786448.1	A
rna-XM_057806899.1	A	rna-XM_056786451.1	A
rna-XM_057806892.1	A	rna-XM_056786284.1	A
rna-XM_057806908.1	A	rna-XM_056786286.1	A
rna-XM_057806904.1	A	rna-XM_056786167.1	A
rna-XM_057806912.1	A	rna-XM_056786312.1	A
rna-XM_057806898.1	A	rna-XM_056786070.1	A
rna-XM_057806627.1	A	rna-XM_056786442.1	A
rna-XM_057806909.1	A	rna-XM_056786443.1	A
rna-XM_057806629.1	A	rna-XM_056785976.1	A
rna-XM_057806894.1	A	rna-XM_056786171.1	A
rna-XM_057806906.1	A	rna-XM_056786173.1	A
rna-XM_057806910.1	A	rna-XM_056786175.1	A
rna-XM_057806901.1	A	rna-XM_056786067.1	A
rna-XM_057806911.1	A	rna-XM_056786068.1	A
rna-XM_057806913.1	A	rna-XM_056786178.1	A
rna-XM_057806903.1	A	rna-XM_056786409.1	A
rna-XM_057806890.1	A	rna-XM_056786273.1	A
rna-XM_057806861.1	A	rna-XM_056785977.1	A
rna-XM_057806915.1	A	rna-XM_056786791.1	A
rna-XM_057806914.1	A	rna-XM_056786790.1	A
rna-XM_057806766.1	A	rna-XM_056786159.1	A
rna-XM_057806749.1	A	rna-XM_056786054.1	A
rna-XM_057807048.1	A	rna-XM_056786044.1	A
rna-XM_057806616.1	A	rna-XM_056786251.1	A
rna-XM_057806621.1	A	rna-XM_056786255.1	A
rna-XM_057807050.1	A	rna-XM_056786256.1	A
rna-XM_057807026.1	A	rna-XM_056786260.1	A
rna-XM_057807027.1	A	rna-XM_056786261.1	A
rna-XM_057806630.1	A	rna-XM_056785978.1	A
rna-XM_057807573.1	A	rna-XM_056786262.1	A
rna-XM_057807574.1	A	rna-XM_056786263.1	A
rna-XM_057806851.1	A	rna-XM_056786264.1	A
rna-XM_057806852.1	A	rna-XM_056786232.1	A
rna-XM_057807028.1	A	rna-XM_056786396.1	A
rna-XM_057807030.1	A	rna-XM_056786397.1	A
rna-XM_057807575.1	A	rna-XM_056786727.1	A
rna-XM_057807581.1	A	rna-XM_056786733.1	A
rna-XM_057807071.1	A	rna-XM_056786166.1	A
rna-XM_057807072.1	A	rna-XM_056786087.1	A
rna-XM_057806657.1	A	rna-XM_056786740.1	A
rna-XM_057806982.1	A	rna-XM_056786741.1	A
rna-XM_057806978.1	A	rna-XM_056786744.1	A
rna-XM_057806737.1	A	rna-XM_056786743.1	A
rna-XM_057806763.1	A	rna-XM_056786747.1	A
rna-XM_057807045.1	A	rna-XM_056786048.1	A
rna-XM_057807046.1	A	rna-XM_056786050.1	A
rna-XM_057806776.1	A	rna-XM_056786803.1	A
rna-XM_057806781.1	A	rna-XM_056786804.1	A
rna-XM_057806790.1	A	rna-XM_056786206.1	A
rna-XM_057806789.1	A	rna-XM_056786288.1	A
rna-XM_057806775.1	A	rna-XM_056786287.1	A
rna-XM_057806788.1	A	rna-XM_056786281.1	A
rna-XM_057806774.1	A	rna-XM_056786275.1	A
rna-XM_057806780.1	A	rna-XM_056786276.1	A
rna-XM_057806793.1	A	rna-XM_056786283.1	A
rna-XM_057806786.1	A	rna-XM_056786279.1	A
rna-XM_057806784.1	A	rna-XM_056786278.1	A
rna-XM_057806792.1	A	rna-XM_056786282.1	A
rna-XM_057806778.1	A	rna-XM_056786290.1	A
rna-XM_057806773.1	A	rna-XM_056786401.1	A
rna-XM_057806940.1	A	rna-XM_056785979.1	A
rna-XM_057806854.1	A	rna-XM_056785980.1	A
rna-XM_057806824.1	A	rna-XM_056786327.1	A
rna-XM_057808934.1	A	rna-XM_056776650.1	A
rna-XM_057807659.1	A	rna-XM_056776656.1	A
rna-XM_057808553.1	A	rna-XM_056777105.1	A
rna-XM_057808548.1	A	rna-XM_056778409.1	A
rna-XM_057808550.1	A	rna-XM_056778410.1	A
rna-XM_057808560.1	A	rna-XM_056777650.1	A
rna-XM_057808573.1	A	rna-XM_056777651.1	A
rna-XM_057808574.1	A	rna-XM_056777653.1	A
rna-XM_057808576.1	A	rna-XM_056777654.1	A
rna-XM_057808581.1	A	rna-XM_056777655.1	A
rna-XM_057808561.1	A	rna-XM_056777060.1	A
rna-XM_057808555.1	A	rna-XM_056776359.1	A
rna-XM_057808571.1	A	rna-XM_056776360.1	A
rna-XM_057808580.1	A	rna-XM_056776362.1	A
rna-XM_057808556.1	A	rna-XM_056777715.1	A
rna-XM_057808484.1	A	rna-XM_056779977.1	A
rna-XM_057808582.1	A	rna-XM_056777888.1	A
rna-XM_057808578.1	A	rna-XM_056777716.1	A
rna-XM_057808570.1	A	rna-XM_056777071.1	A
rna-XM_057808583.1	A	rna-XM_056776903.1	A
rna-XM_057808584.1	A	rna-XM_056776865.1	A
rna-XM_057808586.1	A	rna-XM_056777485.1	A
rna-XM_057808587.1	A	rna-XM_056777613.1	A
rna-XM_057808588.1	A	rna-XM_056777030.1	A
rna-XM_057808590.1	A	rna-XM_056777587.1	A
rna-XM_057808598.1	A	rna-XM_056777850.1	A
rna-XM_057808603.1	A	rna-XM_056777852.1	A
rna-XM_057808601.1	A	rna-XM_056777851.1	A
rna-XM_057808599.1	A	rna-XM_056777846.1	A
rna-XM_057808607.1	A	rna-XM_056777855.1	A
rna-XM_057808610.1	A	rna-XM_056777192.1	A
rna-XM_057808612.1	A	rna-XM_056777191.1	A
rna-XM_057808611.1	A	rna-XM_056777190.1	A
rna-XM_057808613.1	A	rna-XM_056778089.1	A
rna-XM_057808614.1	A	rna-XM_056778090.1	A
rna-XM_057808619.1	A	rna-XM_056778094.1	A
rna-XM_057808623.1	A	rna-XM_056777633.1	A
rna-XM_057808624.1	A	rna-XM_056776916.1	A
rna-XM_057808626.1	A	rna-XM_056776918.1	A
rna-XM_057808631.1	A	rna-XM_056777245.1	A
rna-XM_057808634.1	A	rna-XM_056777246.1	A
rna-XM_057808633.1	A	rna-XM_056776516.1	A
rna-XM_057808638.1	A	rna-XM_056776521.1	A
rna-XM_057808637.1	A	rna-XM_056776520.1	A
rna-XM_057808632.1	A	rna-XM_056776514.1	A
rna-XM_057808635.1	A	rna-XM_056776517.1	A
rna-XM_057808640.1	A	rna-XM_056776519.1	A
rna-XM_057808643.1	A	rna-XM_056777660.1	A
rna-XM_057808644.1	A	rna-XM_056777661.1	A
rna-XM_057808646.1	A	rna-XM_056777727.1	A
rna-XM_057808651.1	A	rna-XM_056777728.1	A
rna-XM_057808650.1	A	rna-XM_056777889.1	A
rna-XM_057808653.1	A	rna-XM_056777729.1	A
rna-XM_057808648.1	A	rna-XM_056777677.1	A
rna-XM_057808649.1	A	rna-XM_056777801.1	A
rna-XM_057808652.1	A	rna-XM_056777804.1	A
rna-XM_057808658.1	A	rna-XM_056777800.1	A
rna-XM_057808656.1	A	rna-XM_056777000.1	A
rna-XM_057808663.1	A	rna-XM_056776908.1	A
rna-XM_057808681.1	A	rna-XM_056777673.1	A
rna-XM_057808677.1	A	rna-XM_056777672.1	A
rna-XM_057808660.1	A	rna-XM_056777570.1	A
rna-XM_057808665.1	A	rna-XM_056777890.1	A
rna-XM_057808678.1	A	rna-XM_056778016.1	A
rna-XM_057808659.1	A	rna-XM_056777965.1	A
rna-XM_057808682.1	A	rna-XM_056777969.1	A
rna-XM_057808683.1	A	rna-XM_056778001.1	A
rna-XM_057808691.1	A	rna-XM_056778021.1	A
rna-XM_057808687.1	A	rna-XM_056777968.1	A
rna-XM_057808689.1	A	rna-XM_056778012.1	A
rna-XM_057808690.1	A	rna-XM_056778020.1	A
rna-XM_057808692.1	A	rna-XM_056778022.1	A
rna-XM_057808686.1	A	rna-XM_056777966.1	A
rna-XM_057808694.1	A	rna-XM_056778027.1	A
rna-XM_057808693.1	A	rna-XM_056778026.1	A
rna-XM_057808697.1	A	rna-XM_056778029.1	A
rna-XM_057808698.1	A	rna-XM_056777967.1	A
rna-XM_057808699.1	A	rna-XM_056777998.1	A
rna-XM_057808700.1	A	rna-XM_056778023.1	A
rna-XM_057808701.1	A	rna-XM_056778017.1	A
rna-XM_057808702.1	A	rna-XM_056778003.1	A
rna-XM_057808485.1	A	rna-XM_056777894.1	A
rna-XM_057808706.1	A	rna-XM_056778000.1	A
rna-XM_057808708.1	A	rna-XM_056777962.1	A
rna-XM_057808709.1	A	rna-XM_056778011.1	A
rna-XM_057808721.1	A	rna-XM_056777989.1	A
rna-XM_057808711.1	A	rna-XM_056777986.1	A
rna-XM_057808857.1	A	rna-XM_056777970.1	A
rna-XM_057808889.1	A	rna-XM_056777991.1	A
rna-XM_057807771.1	A	rna-XM_056778018.1	A
rna-XM_057808943.1	A	rna-XM_056778006.1	A
rna-XM_057808143.1	A	rna-XM_056777895.1	A
rna-XM_057808142.1	A	rna-XM_056777896.1	A
rna-XM_057807763.1	A	rna-XM_056776979.1	A
rna-XM_057808829.1	A	rna-XM_056776353.1	A
rna-XM_057807672.1	A	rna-XM_056776673.1	A
rna-XM_057807941.1	A	rna-XM_056777057.1	A
rna-XM_057808305.1	A	rna-XM_056777079.1	A
rna-XM_057807990.1	A	rna-XM_056777897.1	A
rna-XM_057808545.1	A	rna-XM_056777842.1	A
rna-XM_057808547.1	A	rna-XM_056777843.1	A
rna-XM_057808542.1	A	rna-XM_056777840.1	A
rna-XM_057808538.1	A	rna-XM_056777837.1	A
rna-XM_057808024.1	A	rna-XM_056777289.1	A
rna-XM_057808487.1	A	rna-XM_056776424.1	A
rna-XM_057808273.1	A	rna-XM_056776423.1	A
rna-XM_057808274.1	A	rna-XM_056776425.1	A
rna-XM_057808268.1	A	rna-XM_056776419.1	A
rna-XM_057808278.1	A	rna-XM_056777088.1	A
rna-XM_057808275.1	A	rna-XM_056777423.1	A
rna-XM_057808282.1	A	rna-XM_056777752.1	A
rna-XM_057808280.1	A	rna-XM_056777751.1	A
rna-XM_057808283.1	A	rna-XM_056777753.1	A
rna-XM_057808284.1	A	rna-XM_056777757.1	A
rna-XM_057807778.1	A	rna-XM_056777756.1	A
rna-XM_057807812.1	A	rna-XM_056777758.1	A
rna-XM_057808843.1	A	rna-XM_056777759.1	A
rna-XM_057808844.1	A	rna-XM_056777761.1	A
rna-XM_057808842.1	A	rna-XM_056777760.1	A
rna-XM_057808834.1	A	rna-XM_056777458.1	A
rna-XM_057808845.1	A	rna-XM_056777259.1	A
rna-XM_057808841.1	A	rna-XM_056777622.1	A
rna-XM_057808304.1	A	rna-XM_056777717.1	A
rna-XM_057808511.1	A	rna-XM_056777798.1	A
rna-XM_057807880.1	A	rna-XM_056776993.1	A
rna-XM_057808296.1	A	rna-XM_056776992.1	A
rna-XM_057807750.1	A	rna-XM_056776995.1	A
rna-XM_057807749.1	A	rna-XM_056776994.1	A
rna-XM_057808345.1	A	rna-XM_056777208.1	A
rna-XM_057807983.1	A	rna-XM_056777735.1	A
rna-XM_057808286.1	A	rna-XM_056777069.1	A
rna-XM_057808164.1	A	rna-XM_056777219.1	A
rna-XM_057807965.1	A	rna-XM_056776766.1	A
rna-XM_057807962.1	A	rna-XM_056777269.1	A
rna-XM_057807969.1	A	rna-XM_056777309.1	A
rna-XM_057807921.1	A	rna-XM_056777188.1	A
rna-XM_057808131.1	A	rna-XM_056776496.1	A
rna-XM_057808496.1	A	rna-XM_056776487.1	A
rna-XM_057808290.1	A	rna-XM_056776727.1	A
rna-XM_057807949.1	A	rna-XM_056777199.1	A
rna-XM_057808942.1	A	rna-XM_056777845.1	A
rna-XM_057808941.1	A	rna-XM_056777844.1	A
rna-XM_057808038.1	A	rna-XM_056777899.1	A
rna-XM_057807861.1	A	rna-XM_056777035.1	A
rna-XM_057808041.1	A	rna-XM_056777196.1	A
rna-XM_057807632.1	A	rna-XM_056777168.1	A
rna-XM_057808099.1	A	rna-XM_056776543.1	A
rna-XM_057808085.1	A	rna-XM_056776531.1	A
rna-XM_057808104.1	A	rna-XM_056777901.1	A
rna-XM_057808090.1	A	rna-XM_056777203.1	A
rna-XM_057808102.1	A	rna-XM_056777206.1	A
rna-XM_057808106.1	A	rna-XM_056776769.1	A
rna-XM_057808096.1	A	rna-XM_056777773.1	A
rna-XM_057808095.1	A	rna-XM_056777771.1	A
rna-XM_057807629.1	A	rna-XM_056777772.1	A
rna-XM_057807630.1	A	rna-XM_056777775.1	A
rna-XM_057808798.1	A	rna-XM_056777258.1	A
rna-XM_057808800.1	A	rna-XM_056777567.1	A
rna-XM_057808813.1	A	rna-XM_056777568.1	A
rna-XM_057808805.1	A	rna-XM_056776922.1	A
rna-XM_057808811.1	A	rna-XM_056776928.1	A
rna-XM_057808173.1	A	rna-XM_056777156.1	A
rna-XM_057808181.1	A	rna-XM_056777594.1	A
rna-XM_057808180.1	A	rna-XM_056777593.1	A
rna-XM_057807801.1	A	rna-XM_056776631.1	A
rna-XM_057807802.1	A	rna-XM_056776632.1	A
rna-XM_057807798.1	A	rna-XM_056777902.1	A
rna-XM_057807797.1	A	rna-XM_056776629.1	A
rna-XM_057807800.1	A	rna-XM_056776630.1	A
rna-XM_057808833.1	A	rna-XM_056777615.1	A
rna-XM_057807674.1	A	rna-XM_056777616.1	A
rna-XM_057807808.1	A	rna-XM_056777617.1	A
rna-XM_057807762.1	A	rna-XM_056777769.1	A
rna-XM_057808231.1	A	rna-XM_056777763.1	A
rna-XM_057808488.1	A	rna-XM_056777764.1	A
rna-XM_057808494.1	A	rna-XM_056777770.1	A
rna-XM_057808815.1	A	rna-XM_056777303.1	A
rna-XM_057808814.1	A	rna-XM_056776614.1	A
rna-XM_057808248.1	A	rna-XM_056777662.1	A
rna-XM_057808245.1	A	rna-XM_056777664.1	A
rna-XM_057808243.1	A	rna-XM_056777663.1	A
rna-XM_057808244.1	A	rna-XM_056777904.1	A
rna-XM_057808246.1	A	rna-XM_056777666.1	A
rna-XM_057807950.1	A	rna-XM_056776452.1	A
rna-XM_057808169.1	A	rna-XM_056776451.1	A
rna-XM_057807867.1	A	rna-XM_056776454.1	A
rna-XM_057807870.1	A	rna-XM_056777046.1	A
rna-XM_057807669.1	A	rna-XM_056777551.1	A
rna-XM_057807871.1	A	rna-XM_056777049.1	A
rna-XM_057807636.1	A	rna-XM_056776757.1	A
rna-XM_057807635.1	A	rna-XM_056777618.1	A
rna-XM_057807864.1	A	rna-XM_056777468.1	A
rna-XM_057807717.1	A	rna-XM_056777345.1	A
rna-XM_057808025.1	A	rna-XM_056776478.1	A
rna-XM_057808028.1	A	rna-XM_056776480.1	A
rna-XM_057808230.1	A	rna-XM_056776363.1	A
rna-XM_057807685.1	A	rna-XM_056776364.1	A
rna-XM_057807666.1	A	rna-XM_056776365.1	A
rna-XM_057808847.1	A	rna-XM_056776525.1	A
rna-XM_057808846.1	A	rna-XM_056776526.1	A
rna-XM_057808854.1	A	rna-XM_056776527.1	A
rna-XM_057808851.1	A	rna-XM_056777478.1	A
rna-XM_057808849.1	A	rna-XM_056776996.1	A
rna-XM_057808856.1	A	rna-XM_056776999.1	A
rna-XM_057808855.1	A	rna-XM_056777464.1	A
rna-XM_057808295.1	A	rna-XM_056777466.1	A
rna-XM_057807916.1	A	rna-XM_056777905.1	A
rna-XM_057808046.1	A	rna-XM_056776884.1	A
rna-XM_057808289.1	A	rna-XM_056777749.1	A
rna-XM_057807899.1	A	rna-XM_056777627.1	A
rna-XM_057807912.1	A	rna-XM_056777667.1	A
rna-XM_057808831.1	A	rna-XM_056777645.1	A
rna-XM_057808830.1	A	rna-XM_056777643.1	A
rna-XM_057808832.1	A	rna-XM_056777463.1	A
rna-XM_057808158.1	A	rna-XM_056776590.1	A
rna-XM_057807628.1	A	rna-XM_056776486.1	A
rna-XM_057808498.1	A	rna-XM_056777240.1	A
rna-XM_057808499.1	A	rna-XM_056777906.1	A
rna-XM_057808500.1	A	rna-XM_056777907.1	A
rna-XM_057807947.1	A	rna-XM_056777095.1	A
rna-XM_057807940.1	A	rna-XM_056777090.1	A
rna-XM_057807933.1	A	rna-XM_056777909.1	A
rna-XM_057808448.1	A	rna-XM_056777788.1	A
rna-XM_057808450.1	A	rna-XM_056777792.1	A
rna-XM_057808456.1	A	rna-XM_056777794.1	A
rna-XM_057808501.1	A	rna-XM_056777910.1	A
rna-XM_057808457.1	A	rna-XM_056777795.1	A
rna-XM_057808455.1	A	rna-XM_056777793.1	A
rna-XM_057807765.1	A	rna-XM_056778369.1	A
rna-XM_057807767.1	A	rna-XM_056777911.1	A
rna-XM_057808911.1	A	rna-XM_056778361.1	A
rna-XM_057807967.1	A	rna-XM_056777270.1	A
rna-XM_057807813.1	A	rna-XM_056777656.1	A
rna-XM_057807818.1	A	rna-XM_056776524.1	A
rna-XM_057807816.1	A	rna-XM_056776522.1	A
rna-XM_057807819.1	A	rna-XM_056777708.1	A
rna-XM_057807822.1	A	rna-XM_056777711.1	A
rna-XM_057808503.1	A	rna-XM_056777912.1	A
rna-XM_057807824.1	A	rna-XM_056777913.1	A
rna-XM_057807825.1	A	rna-XM_056777334.1	A
rna-XM_057807826.1	A	rna-XM_056777336.1	A
rna-XM_057807828.1	A	rna-XM_056777335.1	A
rna-XM_057807829.1	A	rna-XM_056776986.1	A
rna-XM_057807832.1	A	rna-XM_056777068.1	A
rna-XM_057807830.1	A	rna-XM_056776455.1	A
rna-XM_057807834.1	A	rna-XM_056777305.1	A
rna-XM_057807836.1	A	rna-XM_056777914.1	A
rna-XM_057808504.1	A	rna-XM_056777916.1	A
rna-XM_057807838.1	A	rna-XM_056777606.1	A
rna-XM_057807839.1	A	rna-XM_056777058.1	A
rna-XM_057807841.1	A	rna-XM_056776620.1	A
rna-XM_057807849.1	A	rna-XM_056776624.1	A
rna-XM_057807917.1	A	rna-XM_056776899.1	A
rna-XM_057807673.1	A	rna-XM_056777158.1	A
rna-XM_057807701.1	A	rna-XM_056776981.1	A
rna-XM_057807686.1	A	rna-XM_056776460.1	A
rna-XM_057807705.1	A	rna-XM_056776472.1	A
rna-XM_057807706.1	A	rna-XM_056776473.1	A
rna-XM_057807703.1	A	rna-XM_056776471.1	A
rna-XM_057807699.1	A	rna-XM_056777865.1	A
rna-XM_057808039.1	A	rna-XM_056777212.1	A
rna-XM_057808040.1	A	rna-XM_056777214.1	A
rna-XM_057807754.1	A	rna-XM_056777215.1	A
rna-XM_057807752.1	A	rna-XM_056778396.1	A
rna-XM_057808030.1	A	rna-XM_056777481.1	A
rna-XM_057807794.1	A	rna-XM_056777487.1	A
rna-XM_057807716.1	A	rna-XM_056777488.1	A
rna-XM_057807715.1	A	rna-XM_056777480.1	A
rna-XM_057807869.1	A	rna-XM_056776771.1	A
rna-XM_057807850.1	A	rna-XM_056776772.1	A
rna-XM_057808192.1	A	rna-XM_056777117.1	A
rna-XM_057808195.1	A	rna-XM_056777470.1	A
rna-XM_057808199.1	A	rna-XM_056777471.1	A
rna-XM_057808200.1	A	rna-XM_056777472.1	A
rna-XM_057807710.1	A	rna-XM_056776873.1	A
rna-XM_057807708.1	A	rna-XM_056776871.1	A
rna-XM_057808204.1	A	rna-XM_056776750.1	A
rna-XM_057808505.1	A	rna-XM_056777917.1	A
rna-XM_057808083.1	A	rna-XM_056777703.1	A
rna-XM_057807946.1	A	rna-XM_056777605.1	A
rna-XM_057808793.1	A	rna-XM_056777823.1	A
rna-XM_057808791.1	A	rna-XM_056777918.1	A
rna-XM_057808795.1	A	rna-XM_056777825.1	A
rna-XM_057808790.1	A	rna-XM_056777822.1	A
rna-XM_057808797.1	A	rna-XM_056777828.1	A
rna-XM_057808794.1	A	rna-XM_056777824.1	A
rna-XM_057808157.1	A	rna-XM_056777829.1	A
rna-XM_057808016.1	A	rna-XM_056777116.1	A
rna-XM_057808017.1	A	rna-XM_056777395.1	A
rna-XM_057808019.1	A	rna-XM_056777396.1	A
rna-XM_057807942.1	A	rna-XM_056777098.1	A
rna-XM_057807931.1	A	rna-XM_056777184.1	A
rna-XM_057807795.1	A	rna-XM_056777186.1	A
rna-XM_057808880.1	A	rna-XM_056776885.1	A
rna-XM_057808877.1	A	rna-XM_056776930.1	A
rna-XM_057808881.1	A	rna-XM_056776497.1	A
rna-XM_057808884.1	A	rna-XM_056776502.1	A
rna-XM_057808885.1	A	rna-XM_056776504.1	A
rna-XM_057808883.1	A	rna-XM_056776501.1	A
rna-XM_057808926.1	A	rna-XM_056776584.1	A
rna-XM_057807974.1	A	rna-XM_056777920.1	A
rna-XM_057807991.1	A	rna-XM_056776904.1	A
rna-XM_057807656.1	A	rna-XM_056777731.1	A
rna-XM_057807658.1	A	rna-XM_056777732.1	A
rna-XM_057807655.1	A	rna-XM_056777733.1	A
rna-XM_057807657.1	A	rna-XM_056777734.1	A
rna-XM_057807648.1	A	rna-XM_056777922.1	A
rna-XM_057808141.1	A	rna-XM_056777685.1	A
rna-XM_057808138.1	A	rna-XM_056777200.1	A
rna-XM_057808140.1	A	rna-XM_056777201.1	A
rna-XM_057807975.1	A	rna-XM_056777430.1	A
rna-XM_057808506.1	A	rna-XM_056777925.1	A
rna-XM_057807992.1	A	rna-XM_056777637.1	A
rna-XM_057807676.1	A	rna-XM_056777681.1	A
rna-XM_057808111.1	A	rna-XM_056776736.1	A
rna-XM_057808114.1	A	rna-XM_056777492.1	A
rna-XM_057808112.1	A	rna-XM_056777489.1	A
rna-XM_057808115.1	A	rna-XM_056777493.1	A
rna-XM_057808154.1	A	rna-XM_056777496.1	A
rna-XM_057808155.1	A	rna-XM_056777497.1	A
rna-XM_057808233.1	A	rna-XM_056777499.1	A
rna-XM_057807858.1	A	rna-XM_056777505.1	A
rna-XM_057808910.1	A	rna-XM_056777507.1	A
rna-XM_057808167.1	A	rna-XM_056777508.1	A
rna-XM_057807723.1	A	rna-XM_056777509.1	A
rna-XM_057807726.1	A	rna-XM_056777513.1	A
rna-XM_057807744.1	A	rna-XM_056777520.1	A
rna-XM_057807746.1	A	rna-XM_056777521.1	A
rna-XM_057808031.1	A	rna-XM_056777522.1	A
rna-XM_057807789.1	A	rna-XM_056777524.1	A
rna-XM_057808507.1	A	rna-XM_056777526.1	A
rna-XM_057807670.1	A	rna-XM_056777528.1	A
rna-XM_057807671.1	A	rna-XM_056777529.1	A
rna-XM_057807713.1	A	rna-XM_056777532.1	A
rna-XM_057807711.1	A	rna-XM_056777530.1	A
rna-XM_057807714.1	A	rna-XM_056777531.1	A
rna-XM_057808116.1	A	rna-XM_056777534.1	A
rna-XM_057807662.1	A	rna-XM_056777535.1	A
rna-XM_057807663.1	A	rna-XM_056777537.1	A
rna-XM_057807665.1	A	rna-XM_056777536.1	A
rna-XM_057807664.1	A	rna-XM_056777539.1	A
rna-XM_057807918.1	A	rna-XM_056777540.1	A
rna-XM_057808530.1	A	rna-XM_056777542.1	A
rna-XM_057808534.1	A	rna-XM_056777545.1	A
rna-XM_057808535.1	A	rna-XM_056777244.1	A
rna-XM_057808537.1	A	rna-XM_056777927.1	A
rna-XM_057808536.1	A	rna-XM_056777611.1	A
rna-XM_057808119.1	A	rna-XM_056777928.1	A
rna-XM_057808122.1	A	rna-XM_056776861.1	A
rna-XM_057808513.1	A	rna-XM_056777929.1	A
rna-XM_057807862.1	A	rna-XM_056777092.1	A
rna-XM_057808876.1	A	rna-XM_056776351.1	A
rna-XM_057807718.1	A	rna-XM_056777102.1	A
rna-XM_057807853.1	A	rna-XM_056777048.1	A
rna-XM_057808216.1	A	rna-XM_056777096.1	A
rna-XM_057808222.1	A	rna-XM_056777097.1	A
rna-XM_057808229.1	A	rna-XM_056778324.1	A
rna-XM_057808226.1	A	rna-XM_056778325.1	A
rna-XM_057808228.1	A	rna-XM_056778329.1	A
rna-XM_057808212.1	A	rna-XM_056778326.1	A
rna-XM_057808215.1	A	rna-XM_056778328.1	A
rna-XM_057808214.1	A	rna-XM_056777619.1	A
rna-XM_057808209.1	A	rna-XM_056777932.1	A
rna-XM_057808213.1	A	rna-XM_056777621.1	A
rna-XM_057808220.1	A	rna-XM_056777160.1	A
rna-XM_057808221.1	A	rna-XM_056777077.1	A
rna-XM_057808217.1	A	rna-XM_056777688.1	A
rna-XM_057808118.1	A	rna-XM_056777279.1	A
rna-XM_057807780.1	A	rna-XM_056777081.1	A
rna-XM_057808175.1	A	rna-XM_056777933.1	A
rna-XM_057808176.1	A	rna-XM_056777339.1	A
rna-XM_057807920.1	A	rna-XM_056777121.1	A
rna-XM_057807948.1	A	rna-XM_056777938.1	A
rna-XM_057808727.1	A	rna-XM_056777131.1	A
rna-XM_057808724.1	A	rna-XM_056777122.1	A
rna-XM_057808725.1	A	rna-XM_056777126.1	A
rna-XM_057808728.1	A	rna-XM_056777124.1	A
rna-XM_057808081.1	A	rna-XM_056777130.1	A
rna-XM_057808079.1	A	rna-XM_056777129.1	A
rna-XM_057808896.1	A	rna-XM_056777127.1	A
rna-XM_057808895.1	A	rna-XM_056777123.1	A
rna-XM_057807897.1	A	rna-XM_056777134.1	A
rna-XM_057807886.1	A	rna-XM_056777125.1	A
rna-XM_057807893.1	A	rna-XM_056777136.1	A
rna-XM_057807881.1	A	rna-XM_056777135.1	A
rna-XM_057807888.1	A	rna-XM_056777138.1	A
rna-XM_057807892.1	A	rna-XM_056777149.1	A
rna-XM_057807887.1	A	rna-XM_056777146.1	A
rna-XM_057808824.1	A	rna-XM_056777142.1	A
rna-XM_057808827.1	A	rna-XM_056777150.1	A
rna-XM_057808826.1	A	rna-XM_056777143.1	A
rna-XM_057807955.1	A	rna-XM_056777145.1	A
rna-XM_057807960.1	A	rna-XM_056777148.1	A
rna-XM_057808263.1	A	rna-XM_056777147.1	A
rna-XM_057807954.1	A	rna-XM_056777153.1	A
rna-XM_057807792.1	A	rna-XM_056777154.1	A
rna-XM_057807793.1	A	rna-XM_056777155.1	A
rna-XM_057808125.1	A	rna-XM_056776952.1	A
rna-XM_057808126.1	A	rna-XM_056776658.1	A
rna-XM_057808124.1	A	rna-XM_056776991.1	A
rna-XM_057807796.1	A	rna-XM_056777590.1	A
rna-XM_057808297.1	A	rna-XM_056777589.1	A
rna-XM_057808298.1	A	rna-XM_056777939.1	A
rna-XM_057808302.1	A	rna-XM_056777831.1	A
rna-XM_057808299.1	A	rna-XM_056777832.1	A
rna-XM_057808187.1	A	rna-XM_056777834.1	A
rna-XM_057808514.1	A	rna-XM_056777836.1	A
rna-XM_057808251.1	A	rna-XM_056777253.1	A
rna-XM_057808254.1	A	rna-XM_056778341.1	A
rna-XM_057808253.1	A	rna-XM_056778340.1	A
rna-XM_057808260.1	A	rna-XM_056778342.1	A
rna-XM_057808258.1	A	rna-XM_056778336.1	A
rna-XM_057807646.1	A	rna-XM_056776748.1	A
rna-XM_057807682.1	A	rna-XM_056777554.1	A
rna-XM_057807939.1	A	rna-XM_056777555.1	A
rna-XM_057807935.1	A	rna-XM_056778096.1	A
rna-XM_057807995.1	A	rna-XM_056778099.1	A
rna-XM_057808002.1	A	rna-XM_056778100.1	A
rna-XM_057807996.1	A	rna-XM_056778102.1	A
rna-XM_057808001.1	A	rna-XM_056778103.1	A
rna-XM_057807863.1	A	rna-XM_056778104.1	A
rna-XM_057808013.1	A	rna-XM_056778105.1	A
rna-XM_057808008.1	A	rna-XM_056778106.1	A
rna-XM_057808014.1	A	rna-XM_056778107.1	A
rna-XM_057808011.1	A	rna-XM_056778110.1	A
rna-XM_057808015.1	A	rna-XM_056778112.1	A
rna-XM_057808012.1	A	rna-XM_056778111.1	A
rna-XM_057808010.1	A	rna-XM_056778109.1	A
rna-XM_057808306.1	A	rna-XM_056778113.1	A
rna-XM_057808307.1	A	rna-XM_056778118.1	A
rna-XM_057808343.1	A	rna-XM_056778125.1	A
rna-XM_057808328.1	A	rna-XM_056777944.1	A
rna-XM_057808339.1	A	rna-XM_056778128.1	A
rna-XM_057808337.1	A	rna-XM_056778133.1	A
rna-XM_057808342.1	A	rna-XM_056778134.1	A
rna-XM_057808325.1	A	rna-XM_056778136.1	A
rna-XM_057808330.1	A	rna-XM_056778137.1	A
rna-XM_057808332.1	A	rna-XM_056778140.1	A
rna-XM_057807966.1	A	rna-XM_056777945.1	A
rna-XM_057807722.1	A	rna-XM_056778141.1	A
rna-XM_057808161.1	A	rna-XM_056778142.1	A
rna-XM_057808923.1	A	rna-XM_056778143.1	A
rna-XM_057808924.1	A	rna-XM_056778144.1	A
rna-XM_057808919.1	A	rna-XM_056778145.1	A
rna-XM_057808921.1	A	rna-XM_056777159.1	A
rna-XM_057808916.1	A	rna-XM_056776662.1	A
rna-XM_057807855.1	A	rna-XM_056777591.1	A
rna-XM_057808162.1	A	rna-XM_056777866.1	A
rna-XM_057808900.1	A	rna-XM_056777867.1	A
rna-XM_057808901.1	A	rna-XM_056777869.1	A
rna-XM_057808898.1	A	rna-XM_056777870.1	A
rna-XM_057808904.1	A	rna-XM_056777872.1	A
rna-XM_057808905.1	A	rna-XM_056777874.1	A
rna-XM_057808906.1	A	rna-XM_056777873.1	A
rna-XM_057808908.1	A	rna-XM_056777876.1	A
rna-XM_057808515.1	A	rna-XM_056777947.1	A
rna-XM_057808077.1	A	rna-XM_056777195.1	A
rna-XM_057808051.1	A	rna-XM_056776941.1	A
rna-XM_057808060.1	A	rna-XM_056776660.1	A
rna-XM_057808069.1	A	rna-XM_056777948.1	A
rna-XM_057808068.1	A	rna-XM_056777032.1	A
rna-XM_057808064.1	A	rna-XM_056776883.1	A
rna-XM_057808065.1	A	rna-XM_056776447.1	A
rna-XM_057808072.1	A	rna-XM_056777179.1	A
rna-XM_057808070.1	A	rna-XM_056777099.1	A
rna-XM_057808073.1	A	rna-XM_056777100.1	A
rna-XM_057808062.1	A	rna-XM_056776869.1	A
rna-XM_057808516.1	A	rna-XM_056777949.1	A
rna-XM_057808063.1	A	rna-XM_056777006.1	A
rna-XM_057808049.1	A	rna-XM_056776896.1	A
rna-XM_057808071.1	A	rna-XM_056777624.1	A
rna-XM_057808074.1	A	rna-XM_056777623.1	A
rna-XM_057808044.1	A	rna-XM_056776417.1	A
rna-XM_057808045.1	A	rna-XM_056776418.1	A
rna-XM_057808517.1	A	rna-XM_056777950.1	A
rna-XM_057808344.1	A	rna-XM_056777951.1	A
rna-XM_057807919.1	A	rna-XM_056777111.1	A
rna-XM_057807747.1	A	rna-XM_056777280.1	A
rna-XM_057808108.1	A	rna-XM_056777647.1	A
rna-XM_057808265.1	A	rna-XM_056777952.1	A
rna-XM_057807804.1	A	rna-XM_056777482.1	A
rna-XM_057808518.1	A	rna-XM_056777954.1	A
rna-XM_057807774.1	A	rna-XM_056776954.1	A
rna-XM_057807784.1	A	rna-XM_056777273.1	A
rna-XM_057807788.1	A	rna-XM_056777277.1	A
rna-XM_057807963.1	A	rna-XM_056777181.1	A
rna-XM_057808075.1	A	rna-XM_056777445.1	A
rna-XM_057808153.1	A	rna-XM_056776732.1	A
rna-XM_057808149.1	A	rna-XM_056776963.1	A
rna-XM_057808159.1	A	rna-XM_056777547.1	A
rna-XM_057808160.1	A	rna-XM_056777548.1	A
rna-XM_057807809.1	A	rna-XM_056777670.1	A
rna-XM_057807770.1	A	rna-XM_056777671.1	A
rna-XM_057808182.1	A	rna-XM_056776936.1	A
rna-XM_057807759.1	A	rna-XM_056777026.1	A
rna-XM_057808519.1	A	rna-XM_056777024.1	A
rna-XM_057807757.1	A	rna-XM_056777022.1	A
rna-XM_057807683.1	A	rna-XM_056777106.1	A
rna-XM_057808203.1	A	rna-XM_056777387.1	A
rna-XM_057807773.1	A	rna-XM_056777050.1	A
rna-XM_057807772.1	A	rna-XM_056777210.1	A
rna-XM_057807675.1	A	rna-XM_056777211.1	A
rna-XM_057808816.1	A	rna-XM_056777441.1	A
rna-XM_057808820.1	A	rna-XM_056777443.1	A
rna-XM_057808821.1	A	rna-XM_056776628.1	A
rna-XM_057808822.1	A	rna-XM_056777686.1	A
rna-XM_057808819.1	A	rna-XM_056777697.1	A
rna-XM_057808817.1	A	rna-XM_056777696.1	A
rna-XM_057808048.1	A	rna-XM_056777955.1	A
rna-XM_057807806.1	A	rna-XM_056791403.1	A
rna-XM_057807807.1	A	rna-XM_056791398.1	A
rna-XM_057807878.1	A	rna-XM_056777089.1	A
rna-XM_057807872.1	A	rna-XM_056791404.1	A
rna-XM_057807876.1	A	rna-XM_056791401.1	A
rna-XM_057807875.1	A	rna-XM_056791402.1	A
rna-XM_057807874.1	A	rna-XM_056777178.1	A
rna-XM_057807879.1	A	rna-XM_056777956.1	A
rna-XM_057808189.1	A	rna-XM_056776847.1	A
rna-XM_057808188.1	A	rna-XM_056776851.1	A
rna-XM_057807971.1	A	rna-XM_056776849.1	A
rna-XM_057807973.1	A	rna-XM_056777724.1	A
rna-XM_057808521.1	A	rna-XM_056777189.1	A
rna-XM_057808166.1	A	rna-XM_056776773.1	A
rna-XM_057807929.1	A	rna-XM_056776774.1	A
rna-XM_057808107.1	A	rna-XM_056776775.1	A
rna-XM_057808236.1	A	rna-XM_056776778.1	A
rna-XM_057808170.1	A	rna-XM_056776782.1	A
rna-XM_057807934.1	A	rna-XM_056776781.1	A
rna-XM_057807915.1	A	rna-XM_056776786.1	A
rna-XM_057807914.1	A	rna-XM_056776785.1	A
rna-XM_057807859.1	A	rna-XM_056776788.1	A
rna-XM_057808473.1	A	rna-XM_056776805.1	A
rna-XM_057808470.1	A	rna-XM_056776799.1	A
rna-XM_057808477.1	A	rna-XM_056776808.1	A
rna-XM_057808474.1	A	rna-XM_056776806.1	A
rna-XM_057808462.1	A	rna-XM_056776789.1	A
rna-XM_057808004.1	A	rna-XM_056776798.1	A
rna-XM_057808005.1	A	rna-XM_056776807.1	A
rna-XM_057808007.1	A	rna-XM_056776809.1	A
rna-XM_057808006.1	A	rna-XM_056776840.1	A
rna-XM_057808729.1	A	rna-XM_056776810.1	A
rna-XM_057808782.1	A	rna-XM_056776843.1	A
rna-XM_057808783.1	A	rna-XM_056776844.1	A
rna-XM_057808787.1	A	rna-XM_056776842.1	A
rna-XM_057808522.1	A	rna-XM_056777293.1	A
rna-XM_057808523.1	A	rna-XM_056777957.1	A
rna-XM_057808208.1	A	rna-XM_056777592.1	A
rna-XM_057808036.1	A	rna-XM_056777447.1	A
rna-XM_057808037.1	A	rna-XM_056777449.1	A
rna-XM_057808032.1	A	rna-XM_056777446.1	A
rna-XM_057808047.1	A	rna-XM_056777287.1	A
rna-XM_057807810.1	A	rna-XM_056777288.1	A
rna-XM_057807953.1	A	rna-XM_056777599.1	A
rna-XM_057808144.1	A	rna-XM_056777600.1	A
rna-XM_057808146.1	A	rna-XM_056777602.1	A
rna-XM_057808524.1	A	rna-XM_056777958.1	A
rna-XM_057808525.1	A	rna-XM_056777959.1	A
rna-XM_057808127.1	A	rna-XM_056777242.1	A
rna-XM_057808128.1	A	rna-XM_056777243.1	A
rna-XM_057808350.1	A	rna-XM_056777343.1	A
rna-XM_057807923.1	A	rna-XM_056777331.1	A
rna-XM_057808351.1	A	rna-XM_056777113.1	A
rna-XM_057808353.1	A	rna-XM_056777114.1	A
rna-XM_057808354.1	A	rna-XM_056776867.1	A
rna-XM_057808356.1	A	rna-XM_056778344.1	A
rna-XM_057808357.1	A	rna-XM_056778343.1	A
rna-XM_057808358.1	A	rna-XM_056777693.1	A
rna-XM_057808360.1	A	rna-XM_056777694.1	A
rna-XM_057808362.1	A	rna-XM_056777960.1	A
rna-XM_057808361.1	A	rna-XM_056776953.1	A
rna-XM_057808363.1	A	rna-XM_056776977.1	A
rna-XM_057808364.1	A	rna-XM_056776635.1	A
rna-XM_057808365.1	A	rna-XM_056776636.1	A
rna-XM_057808369.1	A	rna-XM_056777572.1	A
rna-XM_057808370.1	A	rna-XM_056776958.1	A
rna-XM_057808371.1	A	rna-XM_056776733.1	A
rna-XM_057808372.1	A	rna-XM_056777115.1	A
rna-XM_057808374.1	A	rna-XM_056776641.1	A
rna-XM_057808373.1	A	rna-XM_056776640.1	A
rna-XM_057808375.1	A	rna-XM_056776643.1	A
rna-XM_057808376.1	A	rna-XM_056776642.1	A
rna-XM_057808378.1	A	rna-XM_056776644.1	A
rna-XM_057808384.1	A	rna-XM_056777712.1	A
rna-XM_057808388.1	A	rna-XM_056777714.1	A
rna-XM_057808387.1	A	rna-XM_056777278.1	A
rna-XM_057808394.1	A	rna-XM_056778040.1	A
rna-XM_057808400.1	A	rna-XM_056778046.1	A
rna-XM_057808397.1	A	rna-XM_056778043.1	A
rna-XM_057808390.1	A	rna-XM_056778033.1	A
rna-XM_057808402.1	A	rna-XM_056778047.1	A
rna-XM_057808403.1	A	rna-XM_056778048.1	A
rna-XM_057808404.1	A	rna-XM_056778049.1	A
rna-XM_057808411.1	A	rna-XM_056778054.1	A
rna-XM_057808405.1	A	rna-XM_056778051.1	A
rna-XM_057808409.1	A	rna-XM_056778053.1	A
rna-XM_057808416.1	A	rna-XM_056778055.1	A
rna-XM_057808414.1	A	rna-XM_056778059.1	A
rna-XM_057808415.1	A	rna-XM_056778060.1	A
rna-XM_057808419.1	A	rna-XM_056778063.1	A
rna-XM_057808418.1	A	rna-XM_056778061.1	A
rna-XM_057808422.1	A	rna-XM_056778065.1	A
rna-XM_057808424.1	A	rna-XM_056778066.1	A
rna-XM_057808423.1	A	rna-XM_056778068.1	A
rna-XM_057808426.1	A	rna-XM_056778069.1	A
rna-XM_057808431.1	A	rna-XM_056778075.1	A
rna-XM_057808432.1	A	rna-XM_056778084.1	A
rna-XM_057808433.1	A	rna-XM_056778082.1	A
rna-XM_057808439.1	A	rna-XM_056778078.1	A
rna-XM_057809355.1	A	rna-XM_056781693.1	A
rna-XM_057809838.1	A	rna-XM_056787512.1	A
rna-XM_057809841.1	A	rna-XM_056773882.1	A
rna-XM_057809845.1	A	rna-XM_056787448.1	A
rna-XM_057809842.1	A	rna-XM_056787447.1	A
rna-XM_057809948.1	A	rna-XM_056787013.1	A
rna-XM_057808966.1	A	rna-XM_056787780.1	A
rna-XM_057809813.1	A	rna-XM_056787346.1	A
rna-XM_057809807.1	A	rna-XM_056786939.1	A
rna-XM_057809811.1	A	rna-XM_056786940.1	A
rna-XM_057809809.1	A	rna-XM_056787742.1	A
rna-XM_057809814.1	A	rna-XM_056787034.1	A
rna-XM_057809315.1	A	rna-XM_056787529.1	A
rna-XM_057809356.1	A	rna-XM_056787081.1	A
rna-XM_057809357.1	A	rna-XM_056787596.1	A
rna-XM_057809426.1	A	rna-XM_056787536.1	A
rna-XM_057809329.1	A	rna-XM_056786966.1	A
rna-XM_057809324.1	A	rna-XM_056786967.1	A
rna-XM_057809330.1	A	rna-XM_056787810.1	A
rna-XM_057809334.1	A	rna-XM_056788047.1	A
rna-XM_057809336.1	A	rna-XM_056788051.1	A
rna-XM_057809341.1	A	rna-XM_056788057.1	A
rna-XM_057809424.1	A	rna-XM_056787732.1	A
rna-XM_057809304.1	A	rna-XM_056787673.1	A
rna-XM_057809419.1	A	rna-XM_056787411.1	A
rna-XM_057809558.1	A	rna-XM_056787831.1	A
rna-XM_057809275.1	A	rna-XM_056787003.1	A
rna-XM_057809274.1	A	rna-XM_056787005.1	A
rna-XM_057809884.1	A	rna-XM_056787008.1	A
rna-XM_057809885.1	A	rna-XM_056787009.1	A
rna-XM_057809923.1	A	rna-XM_056788010.1	A
rna-XM_057809930.1	A	rna-XM_056787855.1	A
rna-XM_057809921.1	A	rna-XM_056788007.1	A
rna-XM_057809927.1	A	rna-XM_056787083.1	A
rna-XM_057809926.1	A	rna-XM_056787966.1	A
rna-XM_057809922.1	A	rna-XM_056787967.1	A
rna-XM_057809912.1	A	rna-XM_056787973.1	A
rna-XM_057809918.1	A	rna-XM_056787975.1	A
rna-XM_057809888.1	A	rna-XM_056787797.1	A
rna-XM_057809911.1	A	rna-XM_056787041.1	A
rna-XM_057809928.1	A	rna-XM_056787042.1	A
rna-XM_057809925.1	A	rna-XM_056787450.1	A
rna-XM_057809903.1	A	rna-XM_056787451.1	A
rna-XM_057809924.1	A	rna-XM_056787461.1	A
rna-XM_057809929.1	A	rna-XM_056787462.1	A
rna-XM_057809889.1	A	rna-XM_056787464.1	A
rna-XM_057809269.1	A	rna-XM_056787586.1	A
rna-XM_057809272.1	A	rna-XM_056787588.1	A
rna-XM_057809271.1	A	rna-XM_056787587.1	A
rna-XM_057809546.1	A	rna-XM_056787273.1	A
rna-XM_057809247.1	A	rna-XM_056787585.1	A
rna-XM_057809680.1	A	rna-XM_056787857.1	A
rna-XM_057809656.1	A	rna-XM_056787983.1	A
rna-XM_057809659.1	A	rna-XM_056787994.1	A
rna-XM_057809662.1	A	rna-XM_056787985.1	A
rna-XM_057809665.1	A	rna-XM_056787988.1	A
rna-XM_057809663.1	A	rna-XM_056787987.1	A
rna-XM_057809555.1	A	rna-XM_056787477.1	A
rna-XM_057809554.1	A	rna-XM_056787012.1	A
rna-XM_057809086.1	A	rna-XM_056787812.1	A
rna-XM_057809090.1	A	rna-XM_056787815.1	A
rna-XM_057809093.1	A	rna-XM_056787722.1	A
rna-XM_057809094.1	A	rna-XM_056787723.1	A
rna-XM_057809100.1	A	rna-XM_056787076.1	A
rna-XM_057809095.1	A	rna-XM_056787693.1	A
rna-XM_057809102.1	A	rna-XM_056787011.1	A
rna-XM_057809101.1	A	rna-XM_056787010.1	A
rna-XM_057809103.1	A	rna-XM_056787133.1	A
rna-XM_057809104.1	A	rna-XM_056787135.1	A
rna-XM_057809105.1	A	rna-XM_056787134.1	A
rna-XM_057809108.1	A	rna-XM_056787948.1	A
rna-XM_057809127.1	A	rna-XM_056787860.1	A
rna-XM_057809128.1	A	rna-XM_056787957.1	A
rna-XM_057809124.1	A	rna-XM_056787958.1	A
rna-XM_057809129.1	A	rna-XM_056787516.1	A
rna-XM_057809131.1	A	rna-XM_056787128.1	A
rna-XM_057809130.1	A	rna-XM_056787132.1	A
rna-XM_057809132.1	A	rna-XM_056787701.1	A
rna-XM_057808960.1	A	rna-XM_056787000.1	A
rna-XM_057809681.1	A	rna-XM_056787862.1	A
rna-XM_057809418.1	A	rna-XM_056787277.1	A
rna-XM_057809417.1	A	rna-XM_056787850.1	A
rna-XM_057808969.1	A	rna-XM_056787832.1	A
rna-XM_057808967.1	A	rna-XM_056787530.1	A
rna-XM_057809359.1	A	rna-XM_056787519.1	A
rna-XM_057809362.1	A	rna-XM_056787520.1	A
rna-XM_057809363.1	A	rna-XM_056787526.1	A
rna-XM_057809522.1	A	rna-XM_056787767.1	A
rna-XM_057809562.1	A	rna-XM_056787864.1	A
rna-XM_057809828.1	A	rna-XM_056787397.1	A
rna-XM_057809826.1	A	rna-XM_056787589.1	A
rna-XM_057809829.1	A	rna-XM_056787591.1	A
rna-XM_057809682.1	A	rna-XM_056787865.1	A
rna-XM_057809830.1	A	rna-XM_056787866.1	A
rna-XM_057809831.1	A	rna-XM_056787267.1	A
rna-XM_057809836.1	A	rna-XM_056787571.1	A
rna-XM_057809832.1	A	rna-XM_056788151.1	A
rna-XM_057809956.1	A	rna-XM_056788155.1	A
rna-XM_057809212.1	A	rna-XM_056788152.1	A
rna-XM_057809301.1	A	rna-XM_056788150.1	A
rna-XM_057809303.1	A	rna-XM_056788156.1	A
rna-XM_057809590.1	A	rna-XM_056787037.1	A
rna-XM_057809591.1	A	rna-XM_056786913.1	A
rna-XM_057809794.1	A	rna-XM_056786998.1	A
rna-XM_057809795.1	A	rna-XM_056786999.1	A
rna-XM_057809787.1	A	rna-XM_056786975.1	A
rna-XM_057809797.1	A	rna-XM_056786980.1	A
rna-XM_057809801.1	A	rna-XM_056787792.1	A
rna-XM_057809802.1	A	rna-XM_056787794.1	A
rna-XM_057809806.1	A	rna-XM_056787796.1	A
rna-XM_057809805.1	A	rna-XM_056787580.1	A
rna-XM_057809307.1	A	rna-XM_056787535.1	A
rna-XM_057809343.1	A	rna-XM_056787344.1	A
rna-XM_057809342.1	A	rna-XM_056787343.1	A
rna-XM_057809344.1	A	rna-XM_056787345.1	A
rna-XM_057809048.1	A	rna-XM_056786974.1	A
rna-XM_057809046.1	A	rna-XM_056786973.1	A
rna-XM_057809248.1	A	rna-XM_056787330.1	A
rna-XM_057809308.1	A	rna-XM_056787867.1	A
rna-XM_057809312.1	A	rna-XM_056787517.1	A
rna-XM_057809042.1	A	rna-XM_056787690.1	A
rna-XM_057809523.1	A	rna-XM_056787706.1	A
rna-XM_057809414.1	A	rna-XM_056787710.1	A
rna-XM_057809413.1	A	rna-XM_056787768.1	A
rna-XM_057809491.1	A	rna-XM_056787647.1	A
rna-XM_057809489.1	A	rna-XM_056787644.1	A
rna-XM_057809493.1	A	rna-XM_056787648.1	A
rna-XM_057809490.1	A	rna-XM_056787646.1	A
rna-XM_057809306.1	A	rna-XM_056787649.1	A
rna-XM_057809624.1	A	rna-XM_056787650.1	A
rna-XM_057809627.1	A	rna-XM_056787651.1	A
rna-XM_057809626.1	A	rna-XM_056787652.1	A
rna-XM_057809539.1	A	rna-XM_056787788.1	A
rna-XM_057809537.1	A	rna-XM_056787787.1	A
rna-XM_057809552.1	A	rna-XM_056788061.1	A
rna-XM_057809551.1	A	rna-XM_056788059.1	A
rna-XM_057809278.1	A	rna-XM_056788062.1	A
rna-XM_057809218.1	A	rna-XM_056788066.1	A
rna-XM_057809216.1	A	rna-XM_056788064.1	A
rna-XM_057808978.1	A	rna-XM_056787598.1	A
rna-XM_057808979.1	A	rna-XM_056787600.1	A
rna-XM_057808982.1	A	rna-XM_056787601.1	A
rna-XM_057808984.1	A	rna-XM_056787869.1	A
rna-XM_057809244.1	A	rna-XM_056787619.1	A
rna-XM_057809686.1	A	rna-XM_056787872.1	A
rna-XM_057809227.1	A	rna-XM_056787559.1	A
rna-XM_057809687.1	A	rna-XM_056787115.1	A
rna-XM_057809297.1	A	rna-XM_056787110.1	A
rna-XM_057809529.1	A	rna-XM_056787873.1	A
rna-XM_057809211.1	A	rna-XM_056787572.1	A
rna-XM_057809507.1	A	rna-XM_056778401.1	A
rna-XM_057809263.1	A	rna-XM_056777249.1	A
rna-XM_057809147.1	A	rna-XM_056777175.1	A
rna-XM_057809148.1	A	rna-XM_056777176.1	A
rna-XM_057809268.1	A	rna-XM_056777399.1	A
rna-XM_057809267.1	A	rna-XM_056777398.1	A
rna-XM_057809530.1	A	rna-XM_056777805.1	A
rna-XM_057809534.1	A	rna-XM_056776976.1	A
rna-XM_057809536.1	A	rna-XM_056776975.1	A
rna-XM_057809532.1	A	rna-XM_056777029.1	A
rna-XM_057809372.1	A	rna-XM_056776971.1	A
rna-XM_057809373.1	A	rna-XM_056776968.1	A
rna-XM_057809370.1	A	rna-XM_056776964.1	A
rna-XM_057809375.1	A	rna-XM_056776969.1	A
rna-XM_057809377.1	A	rna-XM_056777323.1	A
rna-XM_057809379.1	A	rna-XM_056777171.1	A
rna-XM_057809380.1	A	rna-XM_056777083.1	A
rna-XM_057809383.1	A	rna-XM_056777157.1	A
rna-XM_057809384.1	A	rna-XM_056777119.1	A
rna-XM_057809387.1	A	rna-XM_056777091.1	A
rna-XM_057809389.1	A	rna-XM_056776659.1	A
rna-XM_057809391.1	A	rna-XM_056776429.1	A
rna-XM_057809689.1	A	rna-XM_056777394.1	A
rna-XM_057809393.1	A	rna-XM_056777230.1	A
rna-XM_057809394.1	A	rna-XM_056777220.1	A
rna-XM_057809407.1	A	rna-XM_056777027.1	A
rna-XM_057809402.1	A	rna-XM_056777675.1	A
rna-XM_057809345.1	A	rna-XM_056776901.1	A
rna-XM_057809348.1	A	rna-XM_056777281.1	A
rna-XM_057809219.1	A	rna-XM_056776886.1	A
rna-XM_057809225.1	A	rna-XM_056776889.1	A
rna-XM_057809540.1	A	rna-XM_056776937.1	A
rna-XM_057809505.1	A	rna-XM_056777569.1	A
rna-XM_057809705.1	A	rna-XM_056777420.1	A
rna-XM_057809709.1	A	rna-XM_056776625.1	A
rna-XM_057809715.1	A	rna-XM_056776959.1	A
rna-XM_057809718.1	A	rna-XM_056776962.1	A
rna-XM_057809721.1	A	rna-XM_056777101.1	A
rna-XM_057809706.1	A	rna-XM_056776616.1	A
rna-XM_057809719.1	A	rna-XM_056776615.1	A
rna-XM_057809714.1	A	rna-XM_056776573.1	A
rna-XM_057809712.1	A	rna-XM_056776572.1	A
rna-XM_057809724.1	A	rna-XM_056776569.1	A
rna-XM_057809726.1	A	rna-XM_056776568.1	A
rna-XM_057809746.1	A	rna-XM_056776553.1	A
rna-XM_057809754.1	A	rna-XM_056776559.1	A
rna-XM_057809732.1	A	rna-XM_056776545.1	A
rna-XM_057809759.1	A	rna-XM_056776564.1	A
rna-XM_057809728.1	A	rna-XM_056776544.1	A
rna-XM_057809740.1	A	rna-XM_056776551.1	A
rna-XM_057809756.1	A	rna-XM_056776563.1	A
rna-XM_057809758.1	A	rna-XM_056776561.1	A
rna-XM_057809515.1	A	rna-XM_056777257.1	A
rna-XM_057809518.1	A	rna-XM_056778323.1	A
rna-XM_057809154.1	A	rna-XM_056778318.1	A
rna-XM_057809040.1	A	rna-XM_056776426.1	A
rna-XM_057809041.1	A	rna-XM_056776428.1	A
rna-XM_057809593.1	A	rna-XM_056777552.1	A
rna-XM_057809643.1	A	rna-XM_056777479.1	A
rna-XM_057809629.1	A	rna-XM_056776404.1	A
rna-XM_057809631.1	A	rna-XM_056776406.1	A
rna-XM_057809641.1	A	rna-XM_056776402.1	A
rna-XM_057809642.1	A	rna-XM_056776403.1	A
rna-XM_057809043.1	A	rna-XM_056776401.1	A
rna-XM_057809596.1	A	rna-XM_056776393.1	A
rna-XM_057809597.1	A	rna-XM_056776394.1	A
rna-XM_057809600.1	A	rna-XM_056776398.1	A
rna-XM_057809602.1	A	rna-XM_056776400.1	A
rna-XM_057809594.1	A	rna-XM_056776391.1	A
rna-XM_057809603.1	A	rna-XM_056776388.1	A
rna-XM_057809604.1	A	rna-XM_056776389.1	A
rna-XM_057809605.1	A	rna-XM_056776387.1	A
rna-XM_057809608.1	A	rna-XM_056776385.1	A
rna-XM_057809606.1	A	rna-XM_056778415.1	A
rna-XM_057809819.1	A	rna-XM_056776377.1	A
rna-XM_057809941.1	A	rna-XM_056776376.1	A
rna-XM_057809940.1	A	rna-XM_056776375.1	A
rna-XM_057809676.1	A	rna-XM_056776354.1	A
rna-XM_057809231.1	A	rna-XM_056776436.1	A
rna-XM_057809408.1	A	rna-XM_056776433.1	A
rna-XM_057809311.1	A	rna-XM_056777180.1	A
rna-XM_057809352.1	A	rna-XM_056777231.1	A
rna-XM_057809484.1	A	rna-XM_056777402.1	A
rna-XM_057809486.1	A	rna-XM_056777404.1	A
rna-XM_057809083.1	A	rna-XM_056777209.1	A
rna-XM_057809082.1	A	rna-XM_056776890.1	A
rna-XM_057809494.1	A	rna-XM_056777642.1	A
rna-XM_057809496.1	A	rna-XM_056777701.1	A
rna-XM_057809498.1	A	rna-XM_056777700.1	A
rna-XM_057809411.1	A	rna-XM_056776528.1	A
rna-XM_057809520.1	A	rna-XM_056776648.1	A
rna-XM_057809512.1	A	rna-XM_056777659.1	A
rna-XM_057809514.1	A	rna-XM_056777702.1	A
rna-XM_057809847.1	A	rna-XM_056776442.1	A
rna-XM_057809848.1	A	rna-XM_056776444.1	A
rna-XM_057809849.1	A	rna-XM_056776445.1	A
rna-XM_057809499.1	A	rna-XM_056776657.1	A
rna-XM_057809265.1	A	rna-XM_056777082.1	A
rna-XM_057809367.1	A	rna-XM_056777657.1	A
rna-XM_057809183.1	A	rna-XM_056776593.1	A
rna-XM_057809174.1	A	rna-XM_056777033.1	A
rna-XM_057809180.1	A	rna-XM_056777411.1	A
rna-XM_057809201.1	A	rna-XM_056777415.1	A
rna-XM_057809207.1	A	rna-XM_056776984.1	A
rna-XM_057809200.1	A	rna-XM_056776983.1	A
rna-XM_057809195.1	A	rna-XM_056776982.1	A
rna-XM_057809204.1	A	rna-XM_056777386.1	A
rna-XM_057809199.1	A	rna-XM_056776749.1	A
rna-XM_057809170.1	A	rna-XM_056777053.1	A
rna-XM_057809203.1	A	rna-XM_056777056.1	A
rna-XM_057809191.1	A	rna-XM_056776753.1	A
rna-XM_057809190.1	A	rna-XM_056777456.1	A
rna-XM_057809193.1	A	rna-XM_056776482.1	A
rna-XM_057809198.1	A	rna-XM_056776485.1	A
rna-XM_057809691.1	A	rna-XM_056777385.1	A
rna-XM_057809694.1	A	rna-XM_056777383.1	A
rna-XM_057809695.1	A	rna-XM_056777382.1	A
rna-XM_057809696.1	A	rna-XM_056777381.1	A
rna-XM_057808995.1	A	rna-XM_056777070.1	A
rna-XM_057809000.1	A	rna-XM_056776907.1	A
rna-XM_057808997.1	A	rna-XM_056776905.1	A
rna-XM_057808999.1	A	rna-XM_056777723.1	A
rna-XM_057809428.1	A	rna-XM_056776866.1	A
rna-XM_057809427.1	A	rna-XM_056776894.1	A
rna-XM_057809936.1	A	rna-XM_056778360.1	A
rna-XM_057809932.1	A	rna-XM_056778357.1	A
rna-XM_057809452.1	A	rna-XM_056777808.1	A
rna-XM_057809465.1	A	rna-XM_056777818.1	A
rna-XM_057809461.1	A	rna-XM_056777811.1	A
rna-XM_057809478.1	A	rna-XM_056776718.1	A
rna-XM_057809455.1	A	rna-XM_056777183.1	A
rna-XM_057809783.1	A	rna-XM_056777019.1	A
rna-XM_057809786.1	A	rna-XM_056777379.1	A
rna-XM_057809273.1	A	rna-XM_056776909.1	A
rna-XM_057809553.1	A	rna-XM_056777009.1	A
rna-XM_057809500.1	A	rna-XM_056777007.1	A
rna-XM_057809697.1	A	rna-XM_056777010.1	A
rna-XM_057809503.1	A	rna-XM_056777378.1	A
rna-XM_057809501.1	A	rna-XM_056777008.1	A
rna-XM_057809163.1	A	rna-XM_056777012.1	A
rna-XM_057809162.1	A	rna-XM_056777377.1	A
rna-XM_057809165.1	A	rna-XM_056777170.1	A
rna-XM_057809164.1	A	rna-XM_056777078.1	A
rna-XM_057809548.1	A	rna-XM_056776667.1	A
rna-XM_057809550.1	A	rna-XM_056776668.1	A
rna-XM_057809305.1	A	rna-XM_056776670.1	A
rna-XM_057809559.1	A	rna-XM_056776669.1	A
rna-XM_057809949.1	A	rna-XM_056776370.1	A
rna-XM_057809288.1	A	rna-XM_056777483.1	A
rna-XM_057809290.1	A	rna-XM_056777484.1	A
rna-XM_057809760.1	A	rna-XM_056777856.1	A
rna-XM_057809771.1	A	rna-XM_056777864.1	A
rna-XM_057809768.1	A	rna-XM_056777863.1	A
rna-XM_057809767.1	A	rna-XM_056777862.1	A
rna-XM_057809772.1	A	rna-XM_056777371.1	A
rna-XM_057809240.1	A	rna-XM_056777295.1	A
rna-XM_057809652.1	A	rna-XM_056777042.1	A
rna-XM_057809649.1	A	rna-XM_056777040.1	A
rna-XM_057809645.1	A	rna-XM_056777039.1	A
rna-XM_057809621.1	A	rna-XM_056778398.1	A
rna-XM_057809622.1	A	rna-XM_056778399.1	A
rna-XM_057809236.1	A	rna-XM_056776437.1	A
rna-XM_057809292.1	A	rna-XM_056777369.1	A
rna-XM_057809230.1	A	rna-XM_056776938.1	A
rna-XM_057809433.1	A	rna-XM_056777690.1	A
rna-XM_057809774.1	A	rna-XM_056776877.1	A
rna-XM_057809779.1	A	rna-XM_056776892.1	A
rna-XM_057809781.1	A	rna-XM_056776430.1	A
rna-XM_057809782.1	A	rna-XM_056776431.1	A
rna-XM_057809526.1	A	rna-XM_056777596.1	A
rna-XM_057809310.1	A	rna-XM_056777355.1	A
rna-XM_057809003.1	A	rna-XM_056777014.1	A
rna-XM_057809005.1	A	rna-XM_056777015.1	A
rna-XM_057809009.1	A	rna-XM_056777307.1	A
rna-XM_057809014.1	A	rna-XM_056777165.1	A
rna-XM_057809012.1	A	rna-XM_056777164.1	A
rna-XM_057809022.1	A	rna-XM_056776891.1	A
rna-XM_057809023.1	A	rna-XM_056777093.1	A
rna-XM_057809024.1	A	rna-XM_056778316.1	A
rna-XM_057809029.1	A	rna-XM_056778313.1	A
rna-XM_057809032.1	A	rna-XM_056778314.1	A
rna-XM_057809030.1	A	rna-XM_056778304.1	A
rna-XM_057809033.1	A	rna-XM_056778307.1	A
rna-XM_057809036.1	A	rna-XM_056778309.1	A
rna-XM_057809038.1	A	rna-XM_056778310.1	A
rna-XM_057809698.1	A	rna-XM_056778288.1	A
rna-XM_057809483.1	A	rna-XM_056778303.1	A
rna-XM_057809700.1	A	rna-XM_056777354.1	A
rna-XM_057809482.1	A	rna-XM_056778284.1	A
rna-XM_057809837.1	A	rna-XM_056778281.1	A
rna-XM_057809208.1	A	rna-XM_056778278.1	A
rna-XM_057809209.1	A	rna-XM_056778280.1	A
rna-XM_057809210.1	A	rna-XM_056778277.1	A
rna-XM_057809685.1	A	rna-XM_056778276.1	A
rna-XM_057809146.1	A	rna-XM_056778273.1	A
rna-XM_057809295.1	A	rna-XM_056778262.1	A
rna-XM_057808989.1	A	rna-XM_056778252.1	A
rna-XM_057808994.1	A	rna-XM_056778250.1	A
rna-XM_057809150.1	A	rna-XM_056778247.1	A
rna-XM_057809153.1	A	rna-XM_056778249.1	A
rna-XM_057809614.1	A	rna-XM_056778245.1	A
rna-XM_057809613.1	A	rna-XM_056778244.1	A
rna-XM_057809616.1	A	rna-XM_056778240.1	A
rna-XM_057809620.1	A	rna-XM_056778239.1	A
rna-XM_057808957.1	A	rna-XM_056778232.1	A
rna-XM_057808958.1	A	rna-XM_056778234.1	A
rna-XM_057809542.1	A	rna-XM_056778231.1	A
rna-XM_057809937.1	A	rna-XM_056778229.1	A
rna-XM_057809939.1	A	rna-XM_056778230.1	A
rna-XM_057809317.1	A	rna-XM_056778228.1	A
rna-XM_057809701.1	A	rna-XM_056777353.1	A
rna-XM_057809579.1	A	rna-XM_056778217.1	A
rna-XM_057809588.1	A	rna-XM_056778227.1	A
rna-XM_057809575.1	A	rna-XM_056778214.1	A
rna-XM_057809149.1	A	rna-XM_056778213.1	A
rna-XM_057809002.1	A	rna-XM_056778212.1	A
rna-XM_057809319.1	A	rna-XM_056778211.1	A
rna-XM_057809318.1	A	rna-XM_056777352.1	A
rna-XM_057809320.1	A	rna-XM_056777350.1	A
rna-XM_057809160.1	A	rna-XM_056778210.1	A
rna-XM_057809251.1	A	rna-XM_056778200.1	A
rna-XM_057809262.1	A	rna-XM_056778206.1	A
rna-XM_057809354.1	A	rna-XM_056778209.1	A
rna-XM_057809353.1	A	rna-XM_056778207.1	A
rna-XM_057809167.1	A	rna-XM_056778198.1	A
rna-XM_057809169.1	A	rna-XM_056778197.1	A
rna-XM_057808973.1	A	rna-XM_056778192.1	A
rna-XM_057809296.1	A	rna-XM_056778195.1	A
rna-XM_057809446.1	A	rna-XM_056778188.1	A
rna-XM_057809445.1	A	rna-XM_056778186.1	A
rna-XM_057809942.1	A	rna-XM_056778183.1	A
rna-XM_057809944.1	A	rna-XM_056778180.1	A
rna-XM_057809943.1	A	rna-XM_056778179.1	A
rna-XM_057809947.1	A	rna-XM_056777349.1	A
rna-XM_057809084.1	A	rna-XM_056777348.1	A
rna-XM_057809249.1	A	rna-XM_056778177.1	A
rna-XM_057809214.1	A	rna-XM_056777347.1	A
rna-XM_057809519.1	A	rna-XM_056778176.1	A
rna-XM_057808951.1	A	rna-XM_056778174.1	A
rna-XM_057808956.1	A	rna-XM_056778173.1	A
rna-XM_057808952.1	A	rna-XM_056778170.1	A
rna-XM_057809316.1	A	rna-XM_056778169.1	A
rna-XM_057809563.1	A	rna-XM_056778164.1	A
rna-XM_057809566.1	A	rna-XM_056778165.1	A
rna-XM_057809702.1	A	rna-XM_056778163.1	A
rna-XM_057809567.1	A	rna-XM_056778157.1	A
rna-XM_057809571.1	A	rna-XM_056778160.1	A
rna-XM_057809573.1	A	rna-XM_056778155.1	A
rna-XM_057809856.1	A	rna-XM_056778148.1	A
rna-XM_057809862.1	A	rna-XM_056776933.1	A
rna-XM_057809850.1	A	rna-XM_056777374.1	A
rna-XM_057809863.1	A	rna-XM_056777346.1	A
rna-XM_057809166.1	A	rna-XM_056777373.1	A
rna-XM_057809479.1	A	rna-XM_056777372.1	A
rna-XM_057809481.1	A	rna-XM_056777045.1	A
rna-XM_057809432.1	A	rna-XM_056777268.1	A
rna-XM_057809431.1	A	rna-XM_056777267.1	A
rna-XM_057809044.1	A	rna-XM_056776860.1	A
rna-XM_057809215.1	A	rna-XM_056776980.1	A
rna-XM_057809368.1	A	rna-XM_056778296.1	A
rna-XM_057809868.1	A	rna-XM_056778299.1	A
rna-XM_057809865.1	A	rna-XM_056778297.1	A
rna-XM_057809869.1	A	rna-XM_056778290.1	A
rna-XM_057809871.1	A	rna-XM_056777342.1	A
rna-XM_057809878.1	A	rna-XM_056778291.1	A
rna-XM_057809877.1	A	rna-XM_056791393.1	A
rna-XM_057809883.1	A	rna-XM_056778289.1	A
rna-XM_057809870.1	A	rna-XM_056777340.1	A
rna-XM_057809882.1	A	rna-XM_056777338.1	A
rna-XM_057809415.1	A	rna-XM_056777370.1	A
rna-XM_057809085.1	A	rna-XM_056777689.1	A
rna-XM_057809545.1	A	rna-XM_056777748.1	A
rna-XM_057809544.1	A	rna-XM_056777746.1	A
rna-XM_057809063.1	A	rna-XM_056777739.1	A
rna-XM_057809074.1	A	rna-XM_056777744.1	A
rna-XM_057809076.1	A	rna-XM_056778416.1	A
rna-XM_057809069.1	A	rna-XM_056777586.1	A
rna-XM_057809053.1	A	rna-XM_056777581.1	A
rna-XM_057809071.1	A	rna-XM_056776722.1	A
rna-XM_057809051.1	A	rna-XM_056777337.1	A
rna-XM_057809067.1	A	rna-XM_056776719.1	A
rna-XM_057809068.1	A	rna-XM_056776720.1	A
rna-XM_057809079.1	A	rna-XM_056777261.1	A
rna-XM_057809703.1	A	rna-XM_056777112.1	A
rna-XM_057809057.1	A	rna-XM_056776739.1	A
rna-XM_057809078.1	A	rna-XM_056776744.1	A
rna-XM_057809280.1	A	rna-XM_056777052.1	A
rna-XM_057809281.1	A	rna-XM_056777706.1	A
rna-XM_057809420.1	A	rna-XM_056777777.1	A
rna-XM_057809704.1	A	rna-XM_056777333.1	A
rna-XM_057809444.1	A	rna-XM_056777786.1	A
rna-XM_057809438.1	A	rna-XM_056777782.1	A
rna-XM_057809442.1	A	rna-XM_056777080.1	A
rna-XM_057809283.1	A	rna-XM_056776576.1	A
rna-XM_057809286.1	A	rna-XM_056776578.1	A
rna-XM_057809282.1	A	rna-XM_056776574.1	A
rna-XM_057809963.1	A	rna-XM_056789003.1	A
rna-XM_057809961.1	A	rna-XM_056789001.1	A
rna-XM_057809964.1	A	rna-XM_056789004.1	A
rna-XM_057810286.1	A	rna-XM_056788252.1	A
rna-XM_057810289.1	A	rna-XM_056788271.1	A
rna-XM_057810297.1	A	rna-XM_056788283.1	A
rna-XM_057810756.1	A	rna-XM_056788765.1	A
rna-XM_057810302.1	A	rna-XM_056788256.1	A
rna-XM_057810323.1	A	rna-XM_056788268.1	A
rna-XM_057810320.1	A	rna-XM_056788265.1	A
rna-XM_057810327.1	A	rna-XM_056788280.1	A
rna-XM_057810317.1	A	rna-XM_056788264.1	A
rna-XM_057810328.1	A	rna-XM_056788281.1	A
rna-XM_057810326.1	A	rna-XM_056788279.1	A
rna-XM_057810332.1	A	rna-XM_056788545.1	A
rna-XM_057810316.1	A	rna-XM_056788357.1	A
rna-XM_057810319.1	A	rna-XM_056788358.1	A
rna-XM_057810314.1	A	rna-XM_056788356.1	A
rna-XM_057810331.1	A	rna-XM_056788766.1	A
rna-XM_057810329.1	A	rna-XM_056788500.1	A
rna-XM_057810315.1	A	rna-XM_056788767.1	A
rna-XM_057810333.1	A	rna-XM_056788330.1	A
rna-XM_057810301.1	A	rna-XM_056788508.1	A
rna-XM_057810313.1	A	rna-XM_056788768.1	A
rna-XM_057810325.1	A	rna-XM_056788344.1	A
rna-XM_057810335.1	A	rna-XM_056788406.1	A
rna-XM_057810336.1	A	rna-XM_056788387.1	A
rna-XM_057810337.1	A	rna-XM_056788331.1	A
rna-XM_057810338.1	A	rna-XM_056788332.1	A
rna-XM_057810339.1	A	rna-XM_056788668.1	A
rna-XM_057810342.1	A	rna-XM_056788399.1	A
rna-XM_057810343.1	A	rna-XM_056788403.1	A
rna-XM_057810345.1	A	rna-XM_056788360.1	A
rna-XM_057810347.1	A	rna-XM_056788362.1	A
rna-XM_057810354.1	A	rna-XM_056788389.1	A
rna-XM_057810359.1	A	rna-XM_056788395.1	A
rna-XM_057810361.1	A	rna-XM_056788499.1	A
rna-XM_057810364.1	A	rna-XM_056788589.1	A
rna-XM_057810362.1	A	rna-XM_056788664.1	A
rna-XM_057810367.1	A	rna-XM_056788677.1	A
rna-XM_057810366.1	A	rna-XM_056788678.1	A
rna-XM_057810368.1	A	rna-XM_056788680.1	A
rna-XM_057810369.1	A	rna-XM_056788681.1	A
rna-XM_057810370.1	A	rna-XM_056788299.1	A
rna-XM_057810372.1	A	rna-XM_056788674.1	A
rna-XM_057810374.1	A	rna-XM_056788375.1	A
rna-XM_057810381.1	A	rna-XM_056788381.1	A
rna-XM_057810382.1	A	rna-XM_056788297.1	A
rna-XM_057810383.1	A	rna-XM_056788665.1	A
rna-XM_057810377.1	A	rna-XM_056788667.1	A
rna-XM_057810380.1	A	rna-XM_056788411.1	A
rna-XM_057810398.1	A	rna-XM_056788869.1	A
rna-XM_057810390.1	A	rna-XM_056788863.1	A
rna-XM_057810401.1	A	rna-XM_056788871.1	A
rna-XM_057810388.1	A	rna-XM_056788861.1	A
rna-XM_057810399.1	A	rna-XM_056788872.1	A
rna-XM_057810395.1	A	rna-XM_056788874.1	A
rna-XM_057810404.1	A	rna-XM_056788876.1	A
rna-XM_057810386.1	A	rna-XM_056788873.1	A
rna-XM_057810007.1	A	rna-XM_056788407.1	A
rna-XM_057810010.1	A	rna-XM_056788410.1	A
rna-XM_057810188.1	A	rna-XM_056788675.1	A
rna-XM_057810181.1	A	rna-XM_056788338.1	A
rna-XM_057810783.1	A	rna-XM_056788353.1	A
rna-XM_057810782.1	A	rna-XM_056789000.1	A
rna-XM_057810452.1	A	rna-XM_056788296.1	A
rna-XM_057810137.1	A	rna-XM_056788328.1	A
rna-XM_057810094.1	A	rna-XM_056788897.1	A
rna-XM_057810095.1	A	rna-XM_056788898.1	A
rna-XM_057810449.1	A	rna-XM_056788899.1	A
rna-XM_057810448.1	A	rna-XM_056788900.1	A
rna-XM_057810654.1	A	rna-XM_056788348.1	A
rna-XM_057810655.1	A	rna-XM_056788350.1	A
rna-XM_057810656.1	A	rna-XM_056789006.1	A
rna-XM_057810681.1	A	rna-XM_056789008.1	A
rna-XM_057810758.1	A	rna-XM_056789009.1	A
rna-XM_057810671.1	A	rna-XM_056788306.1	A
rna-XM_057810692.1	A	rna-XM_056788826.1	A
rna-XM_057810687.1	A	rna-XM_056788824.1	A
rna-XM_057810686.1	A	rna-XM_056788823.1	A
rna-XM_057810700.1	A	rna-XM_056788831.1	A
rna-XM_057810702.1	A	rna-XM_056788833.1	A
rna-XM_057810694.1	A	rna-XM_056788830.1	A
rna-XM_057810679.1	A	rna-XM_056788827.1	A
rna-XM_057810701.1	A	rna-XM_056788303.1	A
rna-XM_057810699.1	A	rna-XM_056788302.1	A
rna-XM_057810693.1	A	rna-XM_056788556.1	A
rna-XM_057810697.1	A	rna-XM_056788725.1	A
rna-XM_057810683.1	A	rna-XM_056788721.1	A
rna-XM_057810695.1	A	rna-XM_056788724.1	A
rna-XM_057810665.1	A	rna-XM_056788726.1	A
rna-XM_057810690.1	A	rna-XM_056788732.1	A
rna-XM_057810664.1	A	rna-XM_056788844.1	A
rna-XM_057810703.1	A	rna-XM_056788854.1	A
rna-XM_057810704.1	A	rna-XM_056788849.1	A
rna-XM_057810705.1	A	rna-XM_056788851.1	A
rna-XM_057810713.1	A	rna-XM_056788856.1	A
rna-XM_057810759.1	A	rna-XM_056788770.1	A
rna-XM_057810714.1	A	rna-XM_056788341.1	A
rna-XM_057810715.1	A	rna-XM_056788340.1	A
rna-XM_057810717.1	A	rna-XM_056788771.1	A
rna-XM_057810719.1	A	rna-XM_056788685.1	A
rna-XM_057810729.1	A	rna-XM_056788370.1	A
rna-XM_057810738.1	A	rna-XM_056788744.1	A
rna-XM_057810737.1	A	rna-XM_056788743.1	A
rna-XM_057810730.1	A	rna-XM_056788735.1	A
rna-XM_057810735.1	A	rna-XM_056788741.1	A
rna-XM_057810731.1	A	rna-XM_056788736.1	A
rna-XM_057810739.1	A	rna-XM_056788745.1	A
rna-XM_057810732.1	A	rna-XM_056788738.1	A
rna-XM_057810733.1	A	rna-XM_056788740.1	A
rna-XM_057810076.1	A	rna-XM_056788335.1	A
rna-XM_057810075.1	A	rna-XM_056788333.1	A
rna-XM_057810280.1	A	rna-XM_056788746.1	A
rna-XM_057810801.1	A	rna-XM_056788749.1	A
rna-XM_057810453.1	A	rna-XM_056788759.1	A
rna-XM_057810463.1	A	rna-XM_056788694.1	A
rna-XM_057810454.1	A	rna-XM_056788687.1	A
rna-XM_057810462.1	A	rna-XM_056788693.1	A
rna-XM_057810460.1	A	rna-XM_056788703.1	A
rna-XM_057810457.1	A	rna-XM_056788695.1	A
rna-XM_057810461.1	A	rna-XM_056788704.1	A
rna-XM_057810459.1	A	rna-XM_056788699.1	A
rna-XM_057810887.1	A	rna-XM_056788706.1	A
rna-XM_057810179.1	A	rna-XM_056789010.1	A
rna-XM_057810447.1	A	rna-XM_056789011.1	A
rna-XM_057810819.1	A	rna-XM_056789012.1	A
rna-XM_057810824.1	A	rna-XM_056788896.1	A
rna-XM_057810820.1	A	rna-XM_056788891.1	A
rna-XM_057810823.1	A	rna-XM_056788895.1	A
rna-XM_057810435.1	A	rna-XM_056788498.1	A
rna-XM_057810740.1	A	rna-XM_056788319.1	A
rna-XM_057810850.1	A	rna-XM_056788185.1	A
rna-XM_057810638.1	A	rna-XM_056788194.1	A
rna-XM_057810639.1	A	rna-XM_056788858.1	A
rna-XM_057810023.1	A	rna-XM_056788314.1	A
rna-XM_057810031.1	A	rna-XM_056788318.1	A
rna-XM_057810259.1	A	rna-XM_056788184.1	A
rna-XM_057810257.1	A	rna-XM_056788183.1	A
rna-XM_057810433.1	A	rna-XM_056788288.1	A
rna-XM_057810429.1	A	rna-XM_056788326.1	A
rna-XM_057810072.1	A	rna-XM_056788772.1	A
rna-XM_057810760.1	A	rna-XM_056788773.1	A
rna-XM_057810133.1	A	rna-XM_056788774.1	A
rna-XM_057810264.1	A	rna-XM_056788551.1	A
rna-XM_057810263.1	A	rna-XM_056788553.1	A
rna-XM_057810817.1	A	rna-XM_056788913.1	A
rna-XM_057810818.1	A	rna-XM_056788396.1	A
rna-XM_057810815.1	A	rna-XM_056788397.1	A
rna-XM_057810816.1	A	rna-XM_056788398.1	A
rna-XM_057810886.1	A	rna-XM_056788327.1	A
rna-XM_057809974.1	A	rna-XM_056789021.1	A
rna-XM_057809970.1	A	rna-XM_056789020.1	A
rna-XM_057809967.1	A	rna-XM_056789015.1	A
rna-XM_057809975.1	A	rna-XM_056789022.1	A
rna-XM_057809965.1	A	rna-XM_056789013.1	A
rna-XM_057810464.1	A	rna-XM_056788775.1	A
rna-XM_057810465.1	A	rna-XM_056788924.1	A
rna-XM_057810472.1	A	rna-XM_056788936.1	A
rna-XM_057810475.1	A	rna-XM_056788937.1	A
rna-XM_057810473.1	A	rna-XM_056788949.1	A
rna-XM_057810499.1	A	rna-XM_056788596.1	A
rna-XM_057810501.1	A	rna-XM_056788599.1	A
rna-XM_057810496.1	A	rna-XM_056788594.1	A
rna-XM_057810644.1	A	rna-XM_056788601.1	A
rna-XM_057810825.1	A	rna-XM_056788603.1	A
rna-XM_057810826.1	A	rna-XM_056788604.1	A
rna-XM_057810832.1	A	rna-XM_056788609.1	A
rna-XM_057810829.1	A	rna-XM_056788608.1	A
rna-XM_057810830.1	A	rna-XM_056788610.1	A
rna-XM_057810127.1	A	rna-XM_056788612.1	A
rna-XM_057810755.1	A	rna-XM_056788613.1	A
rna-XM_057810032.1	A	rna-XM_056788615.1	A
rna-XM_057810067.1	A	rna-XM_056788617.1	A
rna-XM_057810096.1	A	rna-XM_056788619.1	A
rna-XM_057810285.1	A	rna-XM_056788621.1	A
rna-XM_057810284.1	A	rna-XM_056788620.1	A
rna-XM_057810761.1	A	rna-XM_056788776.1	A
rna-XM_057810093.1	A	rna-XM_056788623.1	A
rna-XM_057810129.1	A	rna-XM_056788624.1	A
rna-XM_057810138.1	A	rna-XM_056788625.1	A
rna-XM_057810131.1	A	rna-XM_056788626.1	A
rna-XM_057810762.1	A	rna-XM_056788777.1	A
rna-XM_057810763.1	A	rna-XM_056788778.1	A
rna-XM_057810766.1	A	rna-XM_056788780.1	A
rna-XM_057810012.1	A	rna-XM_056788627.1	A
rna-XM_057810015.1	A	rna-XM_056788781.1	A
rna-XM_057810425.1	A	rna-XM_056788628.1	A
rna-XM_057810427.1	A	rna-XM_056788631.1	A
rna-XM_057810424.1	A	rna-XM_056788632.1	A
rna-XM_057810423.1	A	rna-XM_056788633.1	A
rna-XM_057810069.1	A	rna-XM_056788634.1	A
rna-XM_057810083.1	A	rna-XM_056788635.1	A
rna-XM_057810266.1	A	rna-XM_056788636.1	A
rna-XM_057810767.1	A	rna-XM_056788782.1	A
rna-XM_057810445.1	A	rna-XM_056788637.1	A
rna-XM_057810745.1	A	rna-XM_056788640.1	A
rna-XM_057810747.1	A	rna-XM_056788643.1	A
rna-XM_057810746.1	A	rna-XM_056788642.1	A
rna-XM_057810744.1	A	rna-XM_056788783.1	A
rna-XM_057810743.1	A	rna-XM_056788638.1	A
rna-XM_057810748.1	A	rna-XM_056788644.1	A
rna-XM_057810751.1	A	rna-XM_056788647.1	A
rna-XM_057810749.1	A	rna-XM_056788646.1	A
rna-XM_057810753.1	A	rna-XM_056788648.1	A
rna-XM_057810410.1	A	rna-XM_056788651.1	A
rna-XM_057810408.1	A	rna-XM_056788650.1	A
rna-XM_057810020.1	A	rna-XM_056788652.1	A
rna-XM_057810428.1	A	rna-XM_056788653.1	A
rna-XM_057810523.1	A	rna-XM_056788655.1	A
rna-XM_057810768.1	A	rna-XM_056788784.1	A
rna-XM_057810769.1	A	rna-XM_056788785.1	A
rna-XM_057810524.1	A	rna-XM_056788656.1	A
rna-XM_057810526.1	A	rna-XM_056788657.1	A
rna-XM_057810770.1	A	rna-XM_056788786.1	A
rna-XM_057810530.1	A	rna-XM_056788787.1	A
rna-XM_057810771.1	A	rna-XM_056788788.1	A
rna-XM_057810533.1	A	rna-XM_056788661.1	A
rna-XM_057810534.1	A	rna-XM_056788660.1	A
rna-XM_057810537.1	A	rna-XM_056788684.1	A
rna-XM_057810538.1	A	rna-XM_056788789.1	A
rna-XM_057810541.1	A	rna-XM_056788791.1	A
rna-XM_057810772.1	A	rna-XM_056788792.1	A
rna-XM_057810774.1	A	rna-XM_056788793.1	A
rna-XM_057810775.1	A	rna-XM_056788794.1	A
rna-XM_057810776.1	A	rna-XM_056788795.1	A
rna-XM_057810777.1	A	rna-XM_056788796.1	A
rna-XM_057810546.1	A	rna-XM_056788557.1	A
rna-XM_057810548.1	A	rna-XM_056788662.1	A
rna-XM_057810549.1	A	rna-XM_056788663.1	A
rna-XM_057810550.1	A	rna-XM_056788420.1	A
rna-XM_057810551.1	A	rna-XM_056788423.1	A
rna-XM_057810552.1	A	rna-XM_056788414.1	A
rna-XM_057810561.1	A	rna-XM_056788424.1	A
rna-XM_057810562.1	A	rna-XM_056788425.1	A
rna-XM_057810564.1	A	rna-XM_056788427.1	A
rna-XM_057810568.1	A	rna-XM_056788433.1	A
rna-XM_057810566.1	A	rna-XM_056788429.1	A
rna-XM_057810570.1	A	rna-XM_056788435.1	A
rna-XM_057810571.1	A	rna-XM_056788436.1	A
rna-XM_057810572.1	A	rna-XM_056788437.1	A
rna-XM_057810573.1	A	rna-XM_056788439.1	A
rna-XM_057810575.1	A	rna-XM_056788441.1	A
rna-XM_057810582.1	A	rna-XM_056788450.1	A
rna-XM_057810580.1	A	rna-XM_056788448.1	A
rna-XM_057810620.1	A	rna-XM_056788474.1	A
rna-XM_057810139.1	A	rna-XM_056788475.1	A
rna-XM_057810140.1	A	rna-XM_056788476.1	A
rna-XM_057810022.1	A	rna-XM_056788478.1	A
rna-XM_057810021.1	A	rna-XM_056788477.1	A
rna-XM_057810450.1	A	rna-XM_056788482.1	A
rna-XM_057810421.1	A	rna-XM_056788479.1	A
rna-XM_057810862.1	A	rna-XM_056788483.1	A
rna-XM_057810859.1	A	rna-XM_056788484.1	A
rna-XM_057810883.1	A	rna-XM_056788486.1	A
rna-XM_057810867.1	A	rna-XM_056788797.1	A
rna-XM_057810863.1	A	rna-XM_056788487.1	A
rna-XM_057810879.1	A	rna-XM_056788489.1	A
rna-XM_057810878.1	A	rna-XM_056788491.1	A
rna-XM_057810877.1	A	rna-XM_056788493.1	A
rna-XM_057810882.1	A	rna-XM_056788494.1	A
rna-XM_057810885.1	A	rna-XM_056788497.1	A
rna-XM_057810869.1	A	rna-XM_056788496.1	A
rna-XM_057810884.1	A	rna-XM_056788593.1	A
rna-XM_057810871.1	A	rna-XM_056788914.1	A
rna-XM_057810874.1	A	rna-XM_056788918.1	A
rna-XM_057810875.1	A	rna-XM_056788919.1	A
rna-XM_057810870.1	A	rna-XM_056788921.1	A
rna-XM_057810865.1	A	rna-XM_056788382.1	A
rna-XM_057810142.1	A	rna-XM_056788537.1	A
rna-XM_057810778.1	A	rna-XM_056788799.1	A
rna-XM_057810034.1	A	rna-XM_056788346.1	A
rna-XM_057810192.1	A	rna-XM_056788802.1	A
rna-XM_057810412.1	A	rna-XM_056788505.1	A
rna-XM_057810406.1	A	rna-XM_056788540.1	A
rna-XM_057810278.1	A	rna-XM_056788536.1	A
rna-XM_057810443.1	A	rna-XM_056788301.1	A
rna-XM_057810834.1	A	rna-XM_056788714.1	A
rna-XM_057810843.1	A	rna-XM_056788719.1	A
rna-XM_057810840.1	A	rna-XM_056788717.1	A
rna-XM_057810839.1	A	rna-XM_056788713.1	A
rna-XM_057810845.1	A	rna-XM_056788720.1	A
rna-XM_057810844.1	A	rna-XM_056788803.1	A
rna-XM_057810841.1	A	rna-XM_056788718.1	A
rna-XM_057810891.1	A	rna-XM_056788712.1	A
rna-XM_057810078.1	A	rna-XM_056788295.1	A
rna-XM_057810151.1	A	rna-XM_056788181.1	A
rna-XM_057810148.1	A	rna-XM_056788177.1	A
rna-XM_057810149.1	A	rna-XM_056788180.1	A
rna-XM_057810153.1	A	rna-XM_056788902.1	A
rna-XM_057810163.1	A	rna-XM_056788287.1	A
rna-XM_057810162.1	A	rna-XM_056788566.1	A
rna-XM_057810164.1	A	rna-XM_056788218.1	A
rna-XM_057810175.1	A	rna-XM_056788228.1	A
rna-XM_057810177.1	A	rna-XM_056788805.1	A
rna-XM_057810178.1	A	rna-XM_056788238.1	A
rna-XM_057810097.1	A	rna-XM_056788807.1	A
rna-XM_057810894.1	A	rna-XM_056788239.1	A
rna-XM_057810895.1	A	rna-XM_056788240.1	A
rna-XM_057810089.1	A	rna-XM_056788243.1	A
rna-XM_057810101.1	A	rna-XM_056788247.1	A
rna-XM_057810098.1	A	rna-XM_056788242.1	A
rna-XM_057810102.1	A	rna-XM_056788249.1	A
rna-XM_057810119.1	A	rna-XM_056788972.1	A
rna-XM_057810105.1	A	rna-XM_056788956.1	A
rna-XM_057810115.1	A	rna-XM_056788968.1	A
rna-XM_057810117.1	A	rna-XM_056788971.1	A
rna-XM_057810110.1	A	rna-XM_056788960.1	A
rna-XM_057810112.1	A	rna-XM_056788965.1	A
rna-XM_057810121.1	A	rna-XM_056788973.1	A
rna-XM_057810109.1	A	rna-XM_056788958.1	A
rna-XM_057810035.1	A	rna-XM_056788974.1	A
rna-XM_057810637.1	A	rna-XM_056788980.1	A
rna-XM_057810636.1	A	rna-XM_056788978.1	A
rna-XM_057810040.1	A	rna-XM_056788982.1	A
rna-XM_057810084.1	A	rna-XM_056788988.1	A
rna-XM_057810080.1	A	rna-XM_056788808.1	A
rna-XM_057810444.1	A	rna-XM_056788989.1	A
rna-XM_057810122.1	A	rna-XM_056788809.1	A
rna-XM_057810147.1	A	rna-XM_056788991.1	A
rna-XM_057810780.1	A	rna-XM_056788992.1	A
rna-XM_057810037.1	A	rna-XM_056788810.1	A
rna-XM_057810265.1	A	rna-XM_056788811.1	A
rna-XM_057810017.1	A	rna-XM_056788993.1	A
rna-XM_057810438.1	A	rna-XM_056788507.1	A
rna-XM_057810256.1	A	rna-XM_056788760.1	A
rna-XM_057810244.1	A	rna-XM_056788527.1	A
rna-XM_057810248.1	A	rna-XM_056788528.1	A
rna-XM_057810239.1	A	rna-XM_056788524.1	A
rna-XM_057810249.1	A	rna-XM_056788530.1	A
rna-XM_057810250.1	A	rna-XM_056788529.1	A
rna-XM_057810194.1	A	rna-XM_056788509.1	A
rna-XM_057810254.1	A	rna-XM_056788764.1	A
rna-XM_057810754.1	A	rna-XM_056788532.1	A
rna-XM_057810253.1	A	rna-XM_056788531.1	A
rna-XM_057810242.1	A	rna-XM_056788525.1	A
rna-XM_057810439.1	A	rna-XM_056788818.1	A
rna-XM_057810442.1	A	rna-XM_056788550.1	A
rna-XM_057810270.1	A	rna-XM_056788413.1	A
rna-XM_057810276.1	A	rna-XM_056788812.1	A
rna-XM_057810087.1	A	rna-XM_056788386.1	A
rna-XM_057810267.1	A	rna-XM_056788385.1	A
rna-XM_057810187.1	A	rna-XM_056788343.1	A
rna-XM_057810186.1	A	rna-XM_056788342.1	A
rna-XM_057810185.1	A	rna-XM_056788565.1	A
rna-XM_057810182.1	A	rna-XM_056788560.1	A
rna-XM_057810781.1	A	rna-XM_056788814.1	A
rna-XM_057810073.1	A	rna-XM_056788554.1	A
rna-XM_057810125.1	A	rna-XM_056788950.1	A
rna-XM_057809981.1	A	rna-XM_056788952.1	A
rna-XM_057809976.1	A	rna-XM_056788953.1	A
rna-XM_057809987.1	A	rna-XM_056788291.1	A
rna-XM_057810085.1	A	rna-XM_056788294.1	A
rna-XM_057810411.1	A	rna-XM_056788292.1	A
rna-XM_057810415.1	A	rna-XM_056788682.1	A
rna-XM_057810504.1	A	rna-XM_056788195.1	A
rna-XM_057810518.1	A	rna-XM_056788196.1	A
rna-XM_057810521.1	A	rna-XM_056788815.1	A
rna-XM_057810519.1	A	rna-XM_056788237.1	A
rna-XM_057810505.1	A	rna-XM_056788233.1	A
rna-XM_057810508.1	A	rna-XM_056788571.1	A
rna-XM_057810785.1	A	rna-XM_056789157.1	X
rna-XM_057810141.1	A	rna-XM_056788583.1	A
rna-XM_057810275.1	A	rna-XM_056788586.1	A
rna-XM_057810189.1	A	rna-XM_056788587.1	A
rna-XM_057810081.1	A	rna-XM_056788588.1	A
rna-XM_057810628.1	A	rna-XM_056788559.1	A
rna-XM_057810624.1	A	rna-XM_056788878.1	A
rna-XM_057810630.1	A	rna-XM_056788883.1	A
rna-XM_057810632.1	A	rna-XM_056788885.1	A
rna-XM_057810653.1	A	rna-XM_056788887.1	A
rna-XM_057810645.1	A	rna-XM_056788230.1	A
rna-XM_057810846.1	A	rna-XM_056788355.1	A
rna-XM_057810849.1	A	rna-XM_056788198.1	A
rna-XM_057810621.1	A	rna-XM_056788997.1	A
rna-XM_057810622.1	A	rna-XM_056788888.1	A
rna-XM_057810623.1	A	rna-XM_056788889.1	A
rna-XM_057810279.1	A	rna-XM_056788251.1	A
rna-XM_057810417.1	A	rna-XM_056788669.1	A
rna-XM_057809992.1	A	rna-XM_056779555.1	A
rna-XM_057810800.1	A	rna-XM_056788201.1	A
rna-XM_057810810.1	A	rna-XM_056777577.1	A
rna-XM_057810811.1	A	rna-XM_056780277.1	A
rna-XM_057810813.1	A	rna-XM_056775445.1	A
rna-XM_057810047.1	A	rna-XM_056777462.1	A
rna-XM_057810056.1	A	rna-XM_056792119.1	A
rna-XM_057810058.1	A	rna-XM_056791434.1	A
rna-XM_057810061.1	A	rna-XM_056789833.1	X
rna-XM_057810064.1	A	rna-XM_056789830.1	X
rna-XM_057814835.1	A	rna-XM_056786680.1	A
rna-XM_057814839.1	A	rna-XM_056786666.1	A
rna-XM_057814830.1	A	rna-XM_056786652.1	A
rna-XM_057814873.1	A	rna-XM_056786638.1	A
rna-XM_057813837.1	A	rna-XM_056788549.1	A
rna-XM_057814871.1	A	rna-XM_056786635.1	A
rna-XM_057814829.1	A	rna-XM_056786618.1	A
rna-XM_057814875.1	A	rna-XM_056786647.1	A
rna-XM_057814863.1	A	rna-XM_056786626.1	A
rna-XM_057814851.1	A	rna-XM_056786598.1	A
rna-XM_057814874.1	A	rna-XM_056786572.1	A
rna-XM_057814887.1	A	rna-XM_056786585.1	A
rna-XM_057814859.1	A	rna-XM_056786560.1	A
rna-XM_057814849.1	A	rna-XM_056786529.1	A
rna-XM_057814876.1	A	rna-XM_056786540.1	A
rna-XM_057814854.1	A	rna-XM_056786489.1	A
rna-XM_057814869.1	A	rna-XM_056786517.1	A
rna-XM_057814834.1	A	rna-XM_056788412.1	A
rna-XM_057814866.1	A	rna-XM_056786450.1	A
rna-XM_057814867.1	A	rna-XM_056786462.1	A
rna-XM_057814865.1	A	rna-XM_056786438.1	A
rna-XM_057814827.1	A	rna-XM_056786405.1	A
rna-XM_057814878.1	A	rna-XM_056786473.1	A
rna-XM_057814844.1	A	rna-XM_056786423.1	A
rna-XM_057814882.1	A	rna-XM_056786393.1	A
rna-XM_057814886.1	A	rna-XM_056786383.1	A
rna-XM_057814881.1	A	rna-XM_056786371.1	A
rna-XM_057814860.1	A	rna-XM_056786317.1	A
rna-XM_057814838.1	A	rna-XM_056786277.1	A
rna-XM_057814840.1	A	rna-XM_056786289.1	A
rna-XM_057814879.1	A	rna-XM_056786337.1	A
rna-XM_057814883.1	A	rna-XM_056786351.1	A
rna-XM_057814836.1	A	rna-XM_056786258.1	A
rna-XM_057814837.1	A	rna-XM_056786245.1	A
rna-XM_057814862.1	A	rna-XM_056786235.1	A
rna-XM_057814845.1	A	rna-XM_056786223.1	A
rna-XM_057814848.1	A	rna-XM_056786210.1	A
rna-XM_057814846.1	A	rna-XM_056786188.1	A
rna-XM_057814832.1	A	rna-XM_056776645.1	A
rna-XM_057814850.1	A	rna-XM_056776666.1	A
rna-XM_057814828.1	A	rna-XM_056781619.1	A
rna-XM_057814822.1	A	rna-XM_056775509.1	A
rna-XM_057814843.1	A	rna-XM_056775549.1	A
rna-XM_057814891.1	A	rna-XM_056782134.1	A
rna-XM_057814888.1	A	rna-XM_056782145.1	A
rna-XM_057814889.1	A	rna-XM_056782158.1	A
rna-XM_057814892.1	A	rna-XM_056782215.1	A
rna-XM_057814893.1	A	rna-XM_056782228.1	A
rna-XM_057814894.1	A	rna-XM_056782202.1	A
rna-XM_057814895.1	A	rna-XM_056782179.1	A
rna-XM_057814898.1	A	rna-XM_056782248.1	A
rna-XM_057814907.1	A	rna-XM_056779996.1	A
rna-XM_057814908.1	A	rna-XM_056785964.1	A
rna-XM_057814910.1	A	rna-XM_056785983.1	A
rna-XM_057814912.1	A	rna-XM_056786017.1	A
rna-XM_057814913.1	A	rna-XM_056786027.1	A
rna-XM_057814915.1	A	rna-XM_056786040.1	A
rna-XM_057814914.1	A	rna-XM_056786052.1	A
rna-XM_057814916.1	A	rna-XM_056788311.1	A
rna-XM_057814917.1	A	rna-XM_056786069.1	A
rna-XM_057814918.1	A	rna-XM_056786081.1	A
rna-XM_057814919.1	A	rna-XM_056786094.1	A
rna-XM_057814921.1	A	rna-XM_056786106.1	A
rna-XM_057814923.1	A	rna-XM_056786119.1	A
rna-XM_057814925.1	A	rna-XM_056786131.1	A
rna-XM_057814924.1	A	rna-XM_056786144.1	A
rna-XM_057814926.1	A	rna-XM_056786162.1	A
rna-XM_057814927.1	A	rna-XM_056786174.1	A
rna-XM_057814928.1	A	rna-XM_056788300.1	A
rna-XM_057814932.1	A	rna-XM_056784114.1	A
rna-XM_057814934.1	A	rna-XM_056784138.1	A
rna-XM_057814942.1	A	rna-XM_056791900.1	A
rna-XM_057814938.1	A	rna-XM_056791897.1	A
rna-XM_057814943.1	A	rna-XM_056792928.1	A
rna-XM_057814944.1	A	rna-XM_056785728.1	A
rna-XM_057814946.1	A	rna-XM_056785540.1	A
rna-XM_057814945.1	A	rna-XM_056785203.1	A
rna-XM_057814952.1	A	rna-XM_056785239.1	A
rna-XM_057814951.1	A	rna-XM_056785225.1	A
rna-XM_057813839.1	A	rna-XM_056788293.1	A
rna-XM_057814949.1	A	rna-XM_056785268.1	A
rna-XM_057814956.1	A	rna-XM_056785318.1	A
rna-XM_057814957.1	A	rna-XM_056786708.1	A
rna-XM_057814958.1	A	rna-XM_056786721.1	A
rna-XM_057814959.1	A	rna-XM_056786730.1	A
rna-XM_057814961.1	A	rna-XM_056786755.1	A
rna-XM_057814962.1	A	rna-XM_056786768.1	A
rna-XM_057814960.1	A	rna-XM_056786742.1	A
rna-XM_057814963.1	A	rna-XM_056786781.1	A
rna-XM_057814964.1	A	rna-XM_056779247.1	A
rna-XM_057814965.1	A	rna-XM_056788779.1	A
rna-XM_057814967.1	A	rna-XM_056779367.1	A
rna-XM_057814966.1	A	rna-XM_056774270.1	A
rna-XM_057814968.1	A	rna-XM_056785931.1	A
rna-XM_057814969.1	A	rna-XM_056785673.1	A
rna-XM_057814970.1	A	rna-XM_056785686.1	A
rna-XM_057814971.1	A	rna-XM_056791494.1	A
rna-XM_057814972.1	A	rna-XM_056791488.1	A
rna-XM_057814976.1	A	rna-XM_056791503.1	A
rna-XM_057814974.1	A	rna-XM_056791498.1	A
rna-XM_057814977.1	A	rna-XM_056791512.1	A
rna-XM_057814988.1	A	rna-XM_056791533.1	A
rna-XM_057814986.1	A	rna-XM_056791538.1	A
rna-XM_057814989.1	A	rna-XM_056791540.1	A
rna-XM_057814992.1	A	rna-XM_056791554.1	A
rna-XM_057814991.1	A	rna-XM_056791546.1	A
rna-XM_057814993.1	A	rna-XM_056791550.1	A
rna-XM_057814994.1	A	rna-XM_056775190.1	A
rna-XM_057814995.1	A	rna-XM_056775202.1	A
rna-XM_057813861.1	A	rna-XM_056788790.1	A
rna-XM_057815005.1	A	rna-XM_056775235.1	A
rna-XM_057815001.1	A	rna-XM_056775214.1	A
rna-XM_057815003.1	A	rna-XM_056775226.1	A
rna-XM_057815006.1	A	rna-XM_056781587.1	A
rna-XM_057815010.1	A	rna-XM_056784741.1	A
rna-XM_057815008.1	A	rna-XM_056784730.1	A
rna-XM_057811672.1	A	rna-XM_056785645.1	A
rna-XM_057814791.1	A	rna-XM_056791937.1	A
rna-XM_057814792.1	A	rna-XM_056791951.1	A
rna-XM_057814794.1	A	rna-XM_056779975.1	A
rna-XM_057812907.1	A	rna-XM_056789057.1	A
rna-XM_057813407.1	A	rna-XM_056777002.1	A
rna-XM_057813537.1	A	rna-XM_056776935.1	A
rna-XM_057811746.1	A	rna-XM_056788462.1	A
rna-XM_057812204.1	A	rna-XM_056788747.1	A
rna-XM_057813469.1	A	rna-XM_056788842.1	A
rna-XM_057814613.1	A	rna-XM_056788976.1	A
rna-XM_057814618.1	A	rna-XM_056789743.1	A
rna-XM_057813214.1	A	rna-XM_056789846.1	A
rna-XM_057814547.1	A	rna-XM_056790021.1	A
rna-XM_057814555.1	A	rna-XM_056790387.1	A
rna-XM_057814546.1	A	rna-XM_056790148.1	A
rna-XM_057814548.1	A	rna-XM_056790274.1	A
rna-XM_057814553.1	A	rna-XM_056790629.1	A
rna-XM_057812963.1	A	rna-XM_056791072.1	A
rna-XM_057812964.1	A	rna-XM_056791391.1	A
rna-XM_057812008.1	A	rna-XM_056791276.1	A
rna-XM_057812009.1	A	rna-XM_056791336.1	A
rna-XM_057812007.1	A	rna-XM_056791207.1	A
rna-XM_057812006.1	A	rna-XM_056790951.1	A
rna-XM_057812005.1	A	rna-XM_056790828.1	A
rna-XM_057812010.1	A	rna-XM_056785330.1	A
rna-XM_057812011.1	A	rna-XM_056785350.1	A
rna-XM_057815011.1	A	rna-XM_056791806.1	A
rna-XM_057812060.1	A	rna-XM_056779406.1	A
rna-XM_057814660.1	A	rna-XM_056776346.1	A
rna-XM_057814661.1	A	rna-XM_056774666.1	A
rna-XM_057814662.1	A	rna-XM_056774679.1	A
rna-XM_057814654.1	A	rna-XM_056774690.1	A
rna-XM_057814657.1	A	rna-XM_056774710.1	A
rna-XM_057814663.1	A	rna-XM_056784710.1	A
rna-XM_057811289.1	A	rna-XM_056779312.1	A
rna-XM_057811518.1	A	rna-XM_056776045.1	A
rna-XM_057811525.1	A	rna-XM_056792863.1	A
rna-XM_057813187.1	A	rna-XM_056779823.1	A
rna-XM_057813204.1	A	rna-XM_056779834.1	A
rna-XM_057813208.1	A	rna-XM_056776583.1	A
rna-XM_057813194.1	A	rna-XM_056779419.1	A
rna-XM_057813205.1	A	rna-XM_056779437.1	A
rna-XM_057813198.1	A	rna-XM_056791807.1	A
rna-XM_057813196.1	A	rna-XM_056791564.1	A
rna-XM_057813202.1	A	rna-XM_056791567.1	A
rna-XM_057813189.1	A	rna-XM_056791562.1	A
rna-XM_057813188.1	A	rna-XM_056791571.1	A
rna-XM_057813200.1	A	rna-XM_056787238.1	A
rna-XM_057814503.1	A	rna-XM_056790290.1	A
rna-XM_057814501.1	A	rna-XM_056790303.1	A
rna-XM_057814499.1	A	rna-XM_056790246.1	A
rna-XM_057814496.1	A	rna-XM_056790234.1	A
rna-XM_057814504.1	A	rna-XM_056790281.1	A
rna-XM_057813871.1	A	rna-XM_056789264.1	A
rna-XM_057813881.1	A	rna-XM_056790199.1	A
rna-XM_057814494.1	A	rna-XM_056790221.1	A
rna-XM_057814500.1	A	rna-XM_056790257.1	A
rna-XM_057811708.1	A	rna-XM_056780376.1	A
rna-XM_057811533.1	A	rna-XM_056780388.1	A
rna-XM_057811664.1	A	rna-XM_056784180.1	A
rna-XM_057811662.1	A	rna-XM_056784151.1	A
rna-XM_057814068.1	A	rna-XM_056778539.1	A
rna-XM_057814072.1	A	rna-XM_056778554.1	A
rna-XM_057814070.1	A	rna-XM_056778566.1	A
rna-XM_057813883.1	A	rna-XM_056789280.1	A
rna-XM_057814073.1	A	rna-XM_056787130.1	A
rna-XM_057814081.1	A	rna-XM_056787452.1	A
rna-XM_057814075.1	A	rna-XM_056787252.1	A
rna-XM_057814079.1	A	rna-XM_056791382.1	A
rna-XM_057813399.1	A	rna-XM_056791414.1	A
rna-XM_057813393.1	A	rna-XM_056791389.1	A
rna-XM_057813884.1	A	rna-XM_056789293.1	A
rna-XM_057813401.1	A	rna-XM_056784244.1	A
rna-XM_057813402.1	A	rna-XM_056776949.1	A
rna-XM_057813950.1	A	rna-XM_056789304.1	A
rna-XM_057812259.1	A	rna-XM_056789325.1	A
rna-XM_057812170.1	A	rna-XM_056779008.1	A
rna-XM_057812997.1	A	rna-XM_056779019.1	A
rna-XM_057811543.1	A	rna-XM_056789462.1	A
rna-XM_057811539.1	A	rna-XM_056776329.1	A
rna-XM_057811544.1	A	rna-XM_056776343.1	A
rna-XM_057812307.1	A	rna-XM_056793039.1	A
rna-XM_057812315.1	A	rna-XM_056793173.1	A
rna-XM_057812314.1	A	rna-XM_056773552.1	A
rna-XM_057812311.1	A	rna-XM_056793065.1	A
rna-XM_057812344.1	A	rna-XM_056773567.1	A
rna-XM_057812345.1	A	rna-XM_056773597.1	A
rna-XM_057812342.1	A	rna-XM_056777237.1	A
rna-XM_057812347.1	A	rna-XM_056789496.1	A
rna-XM_057812349.1	A	rna-XM_056789509.1	A
rna-XM_057812351.1	A	rna-XM_056784261.1	A
rna-XM_057812352.1	A	rna-XM_056780981.1	A
rna-XM_057812356.1	A	rna-XM_056781008.1	A
rna-XM_057812359.1	A	rna-XM_056785549.1	A
rna-XM_057812358.1	A	rna-XM_056785541.1	A
rna-XM_057812361.1	A	rna-XM_056784102.1	A
rna-XM_057812362.1	A	rna-XM_056784224.1	A
rna-XM_057812364.1	A	rna-XM_056784346.1	A
rna-XM_057812367.1	A	rna-XM_056779355.1	A
rna-XM_057812366.1	A	rna-XM_056779345.1	A
rna-XM_057812368.1	A	rna-XM_056791846.1	A
rna-XM_057812377.1	A	rna-XM_056780343.1	A
rna-XM_057812378.1	A	rna-XM_056791559.1	A
rna-XM_057812379.1	A	rna-XM_056778947.1	A
rna-XM_057812383.1	A	rna-XM_056788269.1	A
rna-XM_057812385.1	A	rna-XM_056774553.1	A
rna-XM_057812384.1	A	rna-XM_056774528.1	A
rna-XM_057812388.1	A	rna-XM_056774540.1	A
rna-XM_057812387.1	A	rna-XM_056774565.1	A
rna-XM_057812386.1	A	rna-XM_056774580.1	A
rna-XM_057812389.1	A	rna-XM_056782276.1	A
rna-XM_057812397.1	A	rna-XM_056787400.1	A
rna-XM_057812393.1	A	rna-XM_056781728.1	A
rna-XM_057812399.1	A	rna-XM_056777283.1	A
rna-XM_057812402.1	A	rna-XM_056777308.1	A
rna-XM_057812403.1	A	rna-XM_056777294.1	A
rna-XM_057812404.1	A	rna-XM_056777205.1	A
rna-XM_057812408.1	A	rna-XM_056789961.1	A
rna-XM_057813951.1	A	rna-XM_056789974.1	A
rna-XM_057812410.1	A	rna-XM_056778260.1	A
rna-XM_057812413.1	A	rna-XM_056780139.1	A
rna-XM_057812422.1	A	rna-XM_056782991.1	A
rna-XM_057812421.1	A	rna-XM_056782980.1	A
rna-XM_057813952.1	A	rna-XM_056790115.1	A
rna-XM_057812424.1	A	rna-XM_056784790.1	A
rna-XM_057812425.1	A	rna-XM_056787518.1	A
rna-XM_057812426.1	A	rna-XM_056787531.1	A
rna-XM_057812428.1	A	rna-XM_056787543.1	A
rna-XM_057812427.1	A	rna-XM_056787510.1	A
rna-XM_057812432.1	A	rna-XM_056787498.1	A
rna-XM_057812429.1	A	rna-XM_056787476.1	A
rna-XM_057812433.1	A	rna-XM_056778972.1	A
rna-XM_057812436.1	A	rna-XM_056778984.1	A
rna-XM_057812434.1	A	rna-XM_056778997.1	A
rna-XM_057813970.1	A	rna-XM_056777094.1	A
rna-XM_057813974.1	A	rna-XM_056790126.1	A
rna-XM_057813973.1	A	rna-XM_056790869.1	A
rna-XM_057813954.1	A	rna-XM_056790810.1	A
rna-XM_057812139.1	A	rna-XM_056774258.1	A
rna-XM_057812138.1	A	rna-XM_056774255.1	A
rna-XM_057812137.1	A	rna-XM_056774250.1	A
rna-XM_057812279.1	A	rna-XM_056780416.1	A
rna-XM_057812280.1	A	rna-XM_056780448.1	A
rna-XM_057812277.1	A	rna-XM_056780403.1	A
rna-XM_057812035.1	A	rna-XM_056779395.1	A
rna-XM_057811535.1	A	rna-XM_056792618.1	A
rna-XM_057814042.1	A	rna-XM_056781292.1	A
rna-XM_057814032.1	A	rna-XM_056781212.1	A
rna-XM_057814039.1	A	rna-XM_056780579.1	A
rna-XM_057812506.1	A	rna-XM_056780693.1	A
rna-XM_057814816.1	A	rna-XM_056790328.1	A
rna-XM_057814814.1	A	rna-XM_056790355.1	A
rna-XM_057814818.1	A	rna-XM_056790377.1	A
rna-XM_057811564.1	A	rna-XM_056790388.1	A
rna-XM_057811573.1	A	rna-XM_056782299.1	A
rna-XM_057811579.1	A	rna-XM_056782363.1	A
rna-XM_057811602.1	A	rna-XM_056791743.1	A
rna-XM_057814013.1	A	rna-XM_056790315.1	A
rna-XM_057811607.1	A	rna-XM_056791747.1	A
rna-XM_057812252.1	A	rna-XM_056791877.1	A
rna-XM_057814018.1	A	rna-XM_056791880.1	A
rna-XM_057812254.1	A	rna-XM_056791879.1	A
rna-XM_057812057.1	A	rna-XM_056782610.1	A
rna-XM_057811763.1	A	rna-XM_056782623.1	A
rna-XM_057812063.1	A	rna-XM_056774390.1	A
rna-XM_057812846.1	A	rna-XM_056776780.1	A
rna-XM_057814171.1	A	rna-XM_056776712.1	A
rna-XM_057814176.1	A	rna-XM_056776882.1	A
rna-XM_057814177.1	A	rna-XM_056776893.1	A
rna-XM_057814174.1	A	rna-XM_056776768.1	A
rna-XM_057814175.1	A	rna-XM_056776868.1	A
rna-XM_057812774.1	A	rna-XM_056776793.1	A
rna-XM_057814019.1	A	rna-XM_056776854.1	A
rna-XM_057812456.1	A	rna-XM_056776841.1	A
rna-XM_057812451.1	A	rna-XM_056776735.1	A
rna-XM_057813313.1	A	rna-XM_056778028.1	A
rna-XM_057812473.1	A	rna-XM_056791722.1	A
rna-XM_057815012.1	A	rna-XM_056791723.1	A
rna-XM_057815018.1	A	rna-XM_056791725.1	A
rna-XM_057815016.1	A	rna-XM_056791724.1	A
rna-XM_057813213.1	A	rna-XM_056791728.1	A
rna-XM_057814772.1	A	rna-XM_056791729.1	A
rna-XM_057813380.1	A	rna-XM_056791730.1	A
rna-XM_057815053.1	A	rna-XM_056791732.1	A
rna-XM_057815056.1	A	rna-XM_056791733.1	A
rna-XM_057815058.1	A	rna-XM_056791736.1	A
rna-XM_057815059.1	A	rna-XM_056791737.1	A
rna-XM_057812024.1	A	rna-XM_056790423.1	A
rna-XM_057814025.1	A	rna-XM_056791739.1	A
rna-XM_057814031.1	A	rna-XM_056791742.1	A
rna-XM_057814030.1	A	rna-XM_056777550.1	A
rna-XM_057814020.1	A	rna-XM_056790615.1	A
rna-XM_057814029.1	A	rna-XM_056780631.1	A
rna-XM_057812830.1	A	rna-XM_056787383.1	A
rna-XM_057811290.1	A	rna-XM_056791306.1	A
rna-XM_057813264.1	A	rna-XM_056791317.1	A
rna-XM_057812051.1	A	rna-XM_056777465.1	A
rna-XM_057813238.1	A	rna-XM_056773739.1	A
rna-XM_057812951.1	A	rna-XM_056773760.1	A
rna-XM_057812952.1	A	rna-XM_056773773.1	A
rna-XM_057813323.1	A	rna-XM_056793005.1	A
rna-XM_057811733.1	A	rna-XM_056793017.1	A
rna-XM_057811728.1	A	rna-XM_056792992.1	A
rna-XM_057811729.1	A	rna-XM_056779280.1	A
rna-XM_057813244.1	A	rna-XM_056780784.1	A
rna-XM_057812508.1	A	rna-XM_056780812.1	A
rna-XM_057812510.1	A	rna-XM_056780827.1	A
rna-XM_057812507.1	A	rna-XM_056780775.1	A
rna-XM_057812627.1	A	rna-XM_056780835.1	A
rna-XM_057812628.1	A	rna-XM_056784617.1	A
rna-XM_057812625.1	A	rna-XM_056776225.1	A
rna-XM_057812826.1	A	rna-XM_056783721.1	A
rna-XM_057812825.1	A	rna-XM_056783705.1	A
rna-XM_057813521.1	A	rna-XM_056780717.1	A
rna-XM_057813520.1	A	rna-XM_056780703.1	A
rna-XM_057813522.1	A	rna-XM_056782614.1	A
rna-XM_057812040.1	A	rna-XM_056782096.1	A
rna-XM_057812923.1	A	rna-XM_056784969.1	A
rna-XM_057812924.1	A	rna-XM_056790565.1	A
rna-XM_057814185.1	A	rna-XM_056791351.1	A
rna-XM_057814178.1	A	rna-XM_056791327.1	A
rna-XM_057814187.1	A	rna-XM_056791364.1	A
rna-XM_057814186.1	A	rna-XM_056791359.1	A
rna-XM_057811705.1	A	rna-XM_056785464.1	A
rna-XM_057810951.1	A	rna-XM_056774202.1	A
rna-XM_057812207.1	A	rna-XM_056784202.1	A
rna-XM_057812808.1	A	rna-XM_056780869.1	A
rna-XM_057813499.1	A	rna-XM_056776368.1	A
rna-XM_057811969.1	A	rna-XM_056791731.1	A
rna-XM_057814065.1	A	rna-XM_056790591.1	A
rna-XM_057812918.1	A	rna-XM_056774351.1	A
rna-XM_057814066.1	A	rna-XM_056790652.1	A
rna-XM_057812708.1	A	rna-XM_056791378.1	A
rna-XM_057814067.1	A	rna-XM_056780476.1	A
rna-XM_057814096.1	A	rna-XM_056777151.1	A
rna-XM_057814104.1	A	rna-XM_056777161.1	A
rna-XM_057814105.1	A	rna-XM_056777173.1	A
rna-XM_057814097.1	A	rna-XM_056775443.1	A
rna-XM_057814106.1	A	rna-XM_056775489.1	A
rna-XM_057814103.1	A	rna-XM_056775478.1	A
rna-XM_057813019.1	A	rna-XM_056785167.1	A
rna-XM_057813014.1	A	rna-XM_056785126.1	A
rna-XM_057812020.1	A	rna-XM_056784776.1	A
rna-XM_057812021.1	A	rna-XM_056791430.1	A
rna-XM_057812019.1	A	rna-XM_056791424.1	A
rna-XM_057813336.1	A	rna-XM_056791436.1	A
rna-XM_057812975.1	A	rna-XM_056791448.1	A
rna-XM_057812980.1	A	rna-XM_056791471.1	A
rna-XM_057814082.1	A	rna-XM_056790761.1	A
rna-XM_057812977.1	A	rna-XM_056791464.1	A
rna-XM_057812976.1	A	rna-XM_056791454.1	A
rna-XM_057812682.1	A	rna-XM_056779956.1	A
rna-XM_057812681.1	A	rna-XM_056779944.1	A
rna-XM_057812239.1	A	rna-XM_056778312.1	A
rna-XM_057813064.1	A	rna-XM_056784918.1	A
rna-XM_057814083.1	A	rna-XM_056791381.1	A
rna-XM_057812652.1	A	rna-XM_056782840.1	A
rna-XM_057812234.1	A	rna-XM_056784633.1	A
rna-XM_057812236.1	A	rna-XM_056784746.1	A
rna-XM_057812235.1	A	rna-XM_056785011.1	A
rna-XM_057812140.1	A	rna-XM_056792970.1	A
rna-XM_057812438.1	A	rna-XM_056792982.1	A
rna-XM_057813287.1	A	rna-XM_056785940.1	A
rna-XM_057813351.1	A	rna-XM_056774653.1	A
rna-XM_057813353.1	A	rna-XM_056792896.1	A
rna-XM_057813352.1	A	rna-XM_056792882.1	A
rna-XM_057812915.1	A	rna-XM_056780971.1	A
rna-XM_057812481.1	A	rna-XM_056779724.1	A
rna-XM_057813606.1	A	rna-XM_056791706.1	A
rna-XM_057813614.1	A	rna-XM_056791708.1	A
rna-XM_057813615.1	A	rna-XM_056791705.1	A
rna-XM_057813617.1	A	rna-XM_056785658.1	A
rna-XM_057812753.1	A	rna-XM_056777583.1	A
rna-XM_057812766.1	A	rna-XM_056777658.1	A
rna-XM_057812767.1	A	rna-XM_056776462.1	A
rna-XM_057812763.1	A	rna-XM_056777636.1	A
rna-XM_057812754.1	A	rna-XM_056777595.1	A
rna-XM_057812768.1	A	rna-XM_056777669.1	A
rna-XM_057812759.1	A	rna-XM_056777719.1	A
rna-XM_057812744.1	A	rna-XM_056777683.1	A
rna-XM_057812764.1	A	rna-XM_056777737.1	A
rna-XM_057812769.1	A	rna-XM_056792073.1	A
rna-XM_057812772.1	A	rna-XM_056792101.1	A
rna-XM_057810937.1	A	rna-XM_056791768.1	A
rna-XM_057810943.1	A	rna-XM_056791776.1	A
rna-XM_057810942.1	A	rna-XM_056791772.1	A
rna-XM_057812241.1	A	rna-XM_056791774.1	A
rna-XM_057812242.1	A	rna-XM_056791771.1	A
rna-XM_057812247.1	A	rna-XM_056791777.1	A
rna-XM_057812243.1	A	rna-XM_056790772.1	A
rna-XM_057812246.1	A	rna-XM_056791775.1	A
rna-XM_057814472.1	A	rna-XM_056791637.1	A
rna-XM_057814466.1	A	rna-XM_056791633.1	A
rna-XM_057814464.1	A	rna-XM_056791632.1	A
rna-XM_057814474.1	A	rna-XM_056775028.1	A
rna-XM_057812038.1	A	rna-XM_056785610.1	A
rna-XM_057812813.1	A	rna-XM_056773784.1	A
rna-XM_057812814.1	A	rna-XM_056777559.1	A
rna-XM_057812003.1	A	rna-XM_056777319.1	A
rna-XM_057812004.1	A	rna-XM_056777330.1	A
rna-XM_057811633.1	A	rna-XM_056775630.1	A
rna-XM_057812636.1	A	rna-XM_056781748.1	A
rna-XM_057812638.1	A	rna-XM_056781769.1	A
rna-XM_057812637.1	A	rna-XM_056781759.1	A
rna-XM_057812256.1	A	rna-XM_056774363.1	A
rna-XM_057812047.1	A	rna-XM_056774377.1	A
rna-XM_057812036.1	A	rna-XM_056790785.1	A
rna-XM_057812202.1	A	rna-XM_056778669.1	A
rna-XM_057812198.1	A	rna-XM_056778639.1	A
rna-XM_057811709.1	A	rna-XM_056779300.1	A
rna-XM_057811710.1	A	rna-XM_056778935.1	A
rna-XM_057811221.1	A	rna-XM_056789474.1	A
rna-XM_057812486.1	A	rna-XM_056776490.1	A
rna-XM_057813306.1	A	rna-XM_056776477.1	A
rna-XM_057813024.1	A	rna-XM_056788855.1	A
rna-XM_057814708.1	A	rna-XM_056788994.1	A
rna-XM_057814707.1	A	rna-XM_056790798.1	A
rna-XM_057814709.1	A	rna-XM_056789005.1	A
rna-XM_057814702.1	A	rna-XM_056788907.1	A
rna-XM_057814714.1	A	rna-XM_056788941.1	A
rna-XM_057814716.1	A	rna-XM_056788981.1	A
rna-XM_057814715.1	A	rna-XM_056788954.1	A
rna-XM_057814710.1	A	rna-XM_056788877.1	A
rna-XM_057814719.1	A	rna-XM_056789023.1	A
rna-XM_057814723.1	A	rna-XM_056784426.1	A
rna-XM_057814725.1	A	rna-XM_056784191.1	A
rna-XM_057814727.1	A	rna-XM_056791999.1	A
rna-XM_057814721.1	A	rna-XM_056791975.1	A
rna-XM_057814728.1	A	rna-XM_056791987.1	A
rna-XM_057814741.1	A	rna-XM_056792019.1	A
rna-XM_057814743.1	A	rna-XM_056786861.1	A
rna-XM_057814729.1	A	rna-XM_056786811.1	A
rna-XM_057814744.1	A	rna-XM_056786864.1	A
rna-XM_057813675.1	A	rna-XM_056791611.1	A
rna-XM_057813679.1	A	rna-XM_056791613.1	A
rna-XM_057813676.1	A	rna-XM_056791612.1	A
rna-XM_057813683.1	A	rna-XM_056791616.1	A
rna-XM_057813685.1	A	rna-XM_056788212.1	A
rna-XM_057813674.1	A	rna-XM_056791609.1	A
rna-XM_057813686.1	A	rna-XM_056779548.1	A
rna-XM_057812631.1	A	rna-XM_056779515.1	A
rna-XM_057812633.1	A	rna-XM_056779536.1	A
rna-XM_057812632.1	A	rna-XM_056779528.1	A
rna-XM_057813430.1	A	rna-XM_056780489.1	A
rna-XM_057812564.1	A	rna-XM_056790890.1	A
rna-XM_057813237.1	A	rna-XM_056790899.1	A
rna-XM_057813233.1	A	rna-XM_056785941.1	A
rna-XM_057811547.1	A	rna-XM_056791811.1	A
rna-XM_057811546.1	A	rna-XM_056791813.1	A
rna-XM_057811719.1	A	rna-XM_056791814.1	A
rna-XM_057812046.1	A	rna-XM_056777990.1	A
rna-XM_057811665.1	A	rna-XM_056784906.1	A
rna-XM_057812250.1	A	rna-XM_056776344.1	A
rna-XM_057814091.1	A	rna-XM_056790987.1	A
rna-XM_057812443.1	A	rna-XM_056790999.1	A
rna-XM_057812001.1	A	rna-XM_056791749.1	A
rna-XM_057812824.1	A	rna-XM_056783902.1	A
rna-XM_057813705.1	A	rna-XM_056789395.1	A
rna-XM_057813697.1	A	rna-XM_056789370.1	A
rna-XM_057813695.1	A	rna-XM_056789351.1	A
rna-XM_057813704.1	A	rna-XM_056789384.1	A
rna-XM_057813709.1	A	rna-XM_056789449.1	A
rna-XM_057813699.1	A	rna-XM_056789414.1	A
rna-XM_057813710.1	A	rna-XM_056779449.1	A
rna-XM_057812709.1	A	rna-XM_056784551.1	A
rna-XM_057812106.1	A	rna-XM_056792842.1	A
rna-XM_057812100.1	A	rna-XM_056792806.1	A
rna-XM_057811345.1	A	rna-XM_056791013.1	A
rna-XM_057811347.1	A	rna-XM_056792853.1	A
rna-XM_057815073.1	A	rna-XM_056790089.1	A
rna-XM_057815072.1	A	rna-XM_056790075.1	A
rna-XM_057815074.1	A	rna-XM_056790102.1	A
rna-XM_057815077.1	A	rna-XM_056791873.1	A
rna-XM_057815114.1	A	rna-XM_056791875.1	A
rna-XM_057815112.1	A	rna-XM_056791874.1	A
rna-XM_057815131.1	A	rna-XM_056775694.1	A
rna-XM_057815125.1	A	rna-XM_056775663.1	A
rna-XM_057815130.1	A	rna-XM_056775681.1	A
rna-XM_057815089.1	A	rna-XM_056775712.1	A
rna-XM_057815122.1	A	rna-XM_056775942.1	A
rna-XM_057815117.1	A	rna-XM_056775914.1	A
rna-XM_057815124.1	A	rna-XM_056775954.1	A
rna-XM_057815127.1	A	rna-XM_056774190.1	A
rna-XM_057815078.1	A	rna-XM_056774105.1	A
rna-XM_057815128.1	A	rna-XM_056780670.1	A
rna-XM_057815123.1	A	rna-XM_056781677.1	A
rna-XM_057812477.1	A	rna-XM_056783774.1	A
rna-XM_057814146.1	A	rna-XM_056779787.1	A
rna-XM_057814148.1	A	rna-XM_056783840.1	A
rna-XM_057814150.1	A	rna-XM_056791037.1	A
rna-XM_057814151.1	A	rna-XM_056778275.1	A
rna-XM_057812056.1	A	rna-XM_056778463.1	A
rna-XM_057812012.1	A	rna-XM_056774316.1	A
rna-XM_057813069.1	A	rna-XM_056792451.1	A
rna-XM_057813068.1	A	rna-XM_056792429.1	A
rna-XM_057813072.1	A	rna-XM_056792463.1	A
rna-XM_057813073.1	A	rna-XM_056785564.1	A
rna-XM_057813074.1	A	rna-XM_056785573.1	A
rna-XM_057814145.1	A	rna-XM_056791047.1	A
rna-XM_057813076.1	A	rna-XM_056790436.1	A
rna-XM_057813093.1	A	rna-XM_056787057.1	A
rna-XM_057813090.1	A	rna-XM_056787044.1	A
rna-XM_057813078.1	A	rna-XM_056788232.1	A
rna-XM_057813089.1	A	rna-XM_056787032.1	A
rna-XM_057813083.1	A	rna-XM_056786994.1	A
rna-XM_057813084.1	A	rna-XM_056787007.1	A
rna-XM_057813080.1	A	rna-XM_056786969.1	A
rna-XM_057813082.1	A	rna-XM_056786982.1	A
rna-XM_057813088.1	A	rna-XM_056786927.1	A
rna-XM_057813086.1	A	rna-XM_056787019.1	A
rna-XM_057813077.1	A	rna-XM_056786958.1	A
rna-XM_057813098.1	A	rna-XM_056787105.1	A
rna-XM_057813097.1	A	rna-XM_056787091.1	A
rna-XM_057813095.1	A	rna-XM_056787071.1	A
rna-XM_057813099.1	A	rna-XM_056787117.1	A
rna-XM_057813102.1	A	rna-XM_056787150.1	A
rna-XM_057813101.1	A	rna-XM_056787138.1	A
rna-XM_057813103.1	A	rna-XM_056787163.1	A
rna-XM_057813106.1	A	rna-XM_056787175.1	A
rna-XM_057814152.1	A	rna-XM_056791112.1	A
rna-XM_057813107.1	A	rna-XM_056787189.1	A
rna-XM_057813109.1	A	rna-XM_056787207.1	A
rna-XM_057813112.1	A	rna-XM_056787227.1	A
rna-XM_057813115.1	A	rna-XM_056777376.1	A
rna-XM_057813121.1	A	rna-XM_056791919.1	A
rna-XM_057813122.1	A	rna-XM_056791920.1	A
rna-XM_057813117.1	A	rna-XM_056791917.1	A
rna-XM_057813123.1	A	rna-XM_056783100.1	A
rna-XM_057813124.1	A	rna-XM_056783111.1	A
rna-XM_057813125.1	A	rna-XM_056792643.1	A
rna-XM_057813130.1	A	rna-XM_056779112.1	A
rna-XM_057813135.1	A	rna-XM_056779143.1	A
rna-XM_057813137.1	A	rna-XM_056779154.1	A
rna-XM_057813139.1	A	rna-XM_056780728.1	A
rna-XM_057813141.1	A	rna-XM_056777778.1	A
rna-XM_057813142.1	A	rna-XM_056773903.1	A
rna-XM_057814155.1	A	rna-XM_056773978.1	A
rna-XM_057814169.1	A	rna-XM_056773887.1	A
rna-XM_057813151.1	A	rna-XM_056785093.1	A
rna-XM_057813153.1	A	rna-XM_056776597.1	A
rna-XM_057812286.1	A	rna-XM_056776978.1	A
rna-XM_057814170.1	A	rna-XM_056791293.1	A
rna-XM_057812287.1	A	rna-XM_056792703.1	A
rna-XM_057811363.1	A	rna-XM_056792941.1	A
rna-XM_057811368.1	A	rna-XM_056791298.1	A
rna-XM_057812053.1	A	rna-XM_056775094.1	A
rna-XM_057813440.1	A	rna-XM_056780844.1	A
rna-XM_057813441.1	A	rna-XM_056775320.1	A
rna-XM_057812850.1	A	rna-XM_056783805.1	A
rna-XM_057812849.1	A	rna-XM_056783791.1	A
rna-XM_057810897.1	A	rna-XM_056791323.1	A
rna-XM_057810899.1	A	rna-XM_056777573.1	A
rna-XM_057812815.1	A	rna-XM_056781630.1	A
rna-XM_057812912.1	A	rna-XM_056792630.1	A
rna-XM_057812281.1	A	rna-XM_056791371.1	A
rna-XM_057810936.1	A	rna-XM_056791572.1	A
rna-XM_057810934.1	A	rna-XM_056791584.1	A
rna-XM_057812982.1	A	rna-XM_056785622.1	A
rna-XM_057811288.1	A	rna-XM_056774288.1	A
rna-XM_057812994.1	A	rna-XM_056774301.1	A
rna-XM_057811351.1	A	rna-XM_056780060.1	A
rna-XM_057811348.1	A	rna-XM_056780052.1	A
rna-XM_057811355.1	A	rna-XM_056791859.1	A
rna-XM_057811354.1	A	rna-XM_056791858.1	A
rna-XM_057812214.1	A	rna-XM_056791857.1	A
rna-XM_057812213.1	A	rna-XM_056791856.1	A
rna-XM_057813375.1	A	rna-XM_056791843.1	A
rna-XM_057813365.1	A	rna-XM_056791834.1	A
rna-XM_057813377.1	A	rna-XM_056791844.1	A
rna-XM_057813363.1	A	rna-XM_056791832.1	A
rna-XM_057813378.1	A	rna-XM_056791845.1	A
rna-XM_057813379.1	A	rna-XM_056785894.1	A
rna-XM_057813376.1	A	rna-XM_056785883.1	A
rna-XM_057813374.1	A	rna-XM_056775041.1	A
rna-XM_057810945.1	A	rna-XM_056792476.1	A
rna-XM_057811764.1	A	rna-XM_056774722.1	A
rna-XM_057813885.1	A	rna-XM_056791701.1	A
rna-XM_057813891.1	A	rna-XM_056782649.1	A
rna-XM_057813892.1	A	rna-XM_056776699.1	A
rna-XM_057813893.1	A	rna-XM_056785362.1	A
rna-XM_057813895.1	A	rna-XM_056777272.1	A
rna-XM_057813896.1	A	rna-XM_056782263.1	A
rna-XM_057813902.1	A	rna-XM_056780293.1	A
rna-XM_057813903.1	A	rna-XM_056780307.1	A
rna-XM_057813898.1	A	rna-XM_056780280.1	A
rna-XM_057813907.1	A	rna-XM_056778346.1	A
rna-XM_057813908.1	A	rna-XM_056778359.1	A
rna-XM_057813905.1	A	rna-XM_056778334.1	A
rna-XM_057813911.1	A	rna-XM_056778383.1	A
rna-XM_057813920.1	A	rna-XM_056778422.1	A
rna-XM_057813923.1	A	rna-XM_056778427.1	A
rna-XM_057813922.1	A	rna-XM_056778439.1	A
rna-XM_057813924.1	A	rna-XM_056778453.1	A
rna-XM_057813926.1	A	rna-XM_056791853.1	A
rna-XM_057813928.1	A	rna-XM_056791855.1	A
rna-XM_057813930.1	A	rna-XM_056780527.1	A
rna-XM_057813933.1	A	rna-XM_056780551.1	A
rna-XM_057813932.1	A	rna-XM_056780539.1	A
rna-XM_057813931.1	A	rna-XM_056778220.1	A
rna-XM_057813936.1	A	rna-XM_056778233.1	A
rna-XM_057813937.1	A	rna-XM_056773868.1	A
rna-XM_057813938.1	A	rna-XM_056773878.1	A
rna-XM_057813943.1	A	rna-XM_056773851.1	A
rna-XM_057814188.1	A	rna-XM_056789079.1	X
rna-XM_057813945.1	A	rna-XM_056791781.1	A
rna-XM_057813948.1	A	rna-XM_056783940.1	A
rna-XM_057812688.1	A	rna-XM_056783952.1	A
rna-XM_057812707.1	A	rna-XM_056791751.1	A
rna-XM_057811531.1	A	rna-XM_056790974.1	A
rna-XM_057814275.1	A	rna-XM_056791785.1	A
rna-XM_057812848.1	A	rna-XM_056782791.1	A
rna-XM_057812936.1	A	rna-XM_056785310.1	A
rna-XM_057812939.1	A	rna-XM_056785432.1	A
rna-XM_057812940.1	A	rna-XM_056777942.1	A
rna-XM_057812941.1	A	rna-XM_056777953.1	A
rna-XM_057812943.1	A	rna-XM_056775334.1	A
rna-XM_057812276.1	A	rna-XM_056780088.1	A
rna-XM_057811636.1	A	rna-XM_056784009.1	A
rna-XM_057814785.1	A	rna-XM_056784020.1	A
rna-XM_057814786.1	A	rna-XM_056784033.1	A
rna-XM_057814787.1	A	rna-XM_056784046.1	A
rna-XM_057814536.1	A	rna-XM_056784059.1	A
rna-XM_057814538.1	A	rna-XM_056784090.1	A
rna-XM_057814540.1	A	rna-XM_056784103.1	A
rna-XM_057813305.1	A	rna-XM_056784984.1	A
rna-XM_057814288.1	A	rna-XM_056791558.1	A
rna-XM_057812958.1	A	rna-XM_056777527.1	A
rna-XM_057812956.1	A	rna-XM_056777515.1	A
rna-XM_057812953.1	A	rna-XM_056777494.1	A
rna-XM_057813586.1	A	rna-XM_056777044.1	A
rna-XM_057813596.1	A	rna-XM_056777085.1	A
rna-XM_057813595.1	A	rna-XM_056777073.1	A
rna-XM_057813592.1	A	rna-XM_056777013.1	A
rna-XM_057813602.1	A	rna-XM_056792629.1	A
rna-XM_057813585.1	A	rna-XM_056780764.1	A
rna-XM_057813574.1	A	rna-XM_056783001.1	A
rna-XM_057813584.1	A	rna-XM_056791752.1	A
rna-XM_057813598.1	A	rna-XM_056791754.1	A
rna-XM_057813583.1	A	rna-XM_056777900.1	A
rna-XM_057813573.1	A	rna-XM_056791560.1	A
rna-XM_057812134.1	A	rna-XM_056774603.1	A
rna-XM_057812133.1	A	rna-XM_056774592.1	A
rna-XM_057812098.1	A	rna-XM_056774615.1	A
rna-XM_057812551.1	A	rna-XM_056774628.1	A
rna-XM_057813340.1	A	rna-XM_056784436.1	A
rna-XM_057813478.1	A	rna-XM_056775066.1	A
rna-XM_057813481.1	A	rna-XM_056791561.1	A
rna-XM_057814773.1	A	rna-XM_056781842.1	A
rna-XM_057814777.1	A	rna-XM_056773805.1	A
rna-XM_057814778.1	A	rna-XM_056773839.1	A
rna-XM_057814782.1	A	rna-XM_056779763.1	A
rna-XM_057814783.1	A	rna-XM_056780194.1	A
rna-XM_057814289.1	A	rna-XM_056791573.1	A
rna-XM_057811713.1	A	rna-XM_056778476.1	A
rna-XM_057811715.1	A	rna-XM_056778514.1	A
rna-XM_057813167.1	A	rna-XM_056774227.1	A
rna-XM_057811379.1	A	rna-XM_056775966.1	A
rna-XM_057811382.1	A	rna-XM_056781133.1	A
rna-XM_057814330.1	A	rna-XM_056781146.1	A
rna-XM_057811381.1	A	rna-XM_056781159.1	A
rna-XM_057811383.1	A	rna-XM_056790926.1	A
rna-XM_057811384.1	A	rna-XM_056790940.1	A
rna-XM_057811385.1	A	rna-XM_056790952.1	A
rna-XM_057811388.1	A	rna-XM_056779801.1	A
rna-XM_057811390.1	A	rna-XM_056782585.1	A
rna-XM_057811391.1	A	rna-XM_056784573.1	A
rna-XM_057811392.1	A	rna-XM_056779875.1	A
rna-XM_057811394.1	A	rna-XM_056787453.1	A
rna-XM_057811395.1	A	rna-XM_056780938.1	A
rna-XM_057811396.1	A	rna-XM_056779908.1	A
rna-XM_057811401.1	A	rna-XM_056779937.1	A
rna-XM_057811402.1	A	rna-XM_056792114.1	A
rna-XM_057811403.1	A	rna-XM_056792126.1	A
rna-XM_057811404.1	A	rna-XM_056792136.1	A
rna-XM_057811405.1	A	rna-XM_056781714.1	A
rna-XM_057811406.1	A	rna-XM_056775347.1	A
rna-XM_057811417.1	A	rna-XM_056775439.1	A
rna-XM_057811410.1	A	rna-XM_056775367.1	A
rna-XM_057811416.1	A	rna-XM_056775429.1	A
rna-XM_057811418.1	A	rna-XM_056791918.1	A
rna-XM_057811423.1	A	rna-XM_056791923.1	A
rna-XM_057811419.1	A	rna-XM_056791878.1	A
rna-XM_057811428.1	A	rna-XM_056791486.1	A
rna-XM_057811431.1	A	rna-XM_056783883.1	A
rna-XM_057811432.1	A	rna-XM_056785063.1	A
rna-XM_057811436.1	A	rna-XM_056774927.1	A
rna-XM_057811438.1	A	rna-XM_056774940.1	A
rna-XM_057811439.1	A	rna-XM_056774952.1	A
rna-XM_057811441.1	A	rna-XM_056774798.1	A
rna-XM_057811446.1	A	rna-XM_056782005.1	A
rna-XM_057811447.1	A	rna-XM_056782014.1	A
rna-XM_057811442.1	A	rna-XM_056782028.1	A
rna-XM_057814368.1	A	rna-XM_056791619.1	A
rna-XM_057814369.1	A	rna-XM_056791620.1	A
rna-XM_057811451.1	A	rna-XM_056778175.1	A
rna-XM_057811454.1	A	rna-XM_056786024.1	A
rna-XM_057811452.1	A	rna-XM_056785927.1	A
rna-XM_057811455.1	A	rna-XM_056786149.1	A
rna-XM_057811457.1	A	rna-XM_056791809.1	A
rna-XM_057811456.1	A	rna-XM_056775286.1	A
rna-XM_057811466.1	A	rna-XM_056775263.1	A
rna-XM_057811470.1	A	rna-XM_056775274.1	A
rna-XM_057811462.1	A	rna-XM_056791645.1	A
rna-XM_057811469.1	A	rna-XM_056791651.1	A
rna-XM_057811471.1	A	rna-XM_056791650.1	A
rna-XM_057811460.1	A	rna-XM_056791652.1	A
rna-XM_057811472.1	A	rna-XM_056791628.1	A
rna-XM_057811478.1	A	rna-XM_056791653.1	A
rna-XM_057811480.1	A	rna-XM_056791654.1	A
rna-XM_057811476.1	A	rna-XM_056791658.1	A
rna-XM_057811481.1	A	rna-XM_056791659.1	A
rna-XM_057811483.1	A	rna-XM_056791629.1	A
rna-XM_057811484.1	A	rna-XM_056791660.1	A
rna-XM_057811494.1	A	rna-XM_056791681.1	A
rna-XM_057811485.1	A	rna-XM_056791672.1	A
rna-XM_057811497.1	A	rna-XM_056791662.1	A
rna-XM_057811504.1	A	rna-XM_056791667.1	A
rna-XM_057811508.1	A	rna-XM_056791680.1	A
rna-XM_057811511.1	A	rna-XM_056784628.1	A
rna-XM_057814420.1	A	rna-XM_056791630.1	A
rna-XM_057811495.1	A	rna-XM_056782668.1	A
rna-XM_057811503.1	A	rna-XM_056785702.1	A
rna-XM_057811516.1	A	rna-XM_056779384.1	A
rna-XM_057811506.1	A	rna-XM_056784232.1	A
rna-XM_057811517.1	A	rna-XM_056774094.1	A
rna-XM_057811514.1	A	rna-XM_056787442.1	A
rna-XM_057813415.1	A	rna-XM_056773709.1	A
rna-XM_057813058.1	A	rna-XM_056783915.1	A
rna-XM_057813061.1	A	rna-XM_056783928.1	A
rna-XM_057813059.1	A	rna-XM_056778162.1	A
rna-XM_057814808.1	A	rna-XM_056791916.1	A
rna-XM_057814804.1	A	rna-XM_056791912.1	A
rna-XM_057814671.1	A	rna-XM_056779071.1	A
rna-XM_057812303.1	A	rna-XM_056791795.1	A
rna-XM_057812513.1	A	rna-XM_056791784.1	A
rna-XM_057813335.1	A	rna-XM_056791817.1	A
rna-XM_057811745.1	A	rna-XM_056792691.1	A
rna-XM_057811717.1	A	rna-XM_056791682.1	A
rna-XM_057813356.1	A	rna-XM_056792759.1	A
rna-XM_057814605.1	A	rna-XM_056791869.1	A
rna-XM_057814608.1	A	rna-XM_056791872.1	A
rna-XM_057814610.1	A	rna-XM_056782960.1	A
rna-XM_057814580.1	A	rna-XM_056789153.1	A
rna-XM_057814581.1	A	rna-XM_056789239.1	A
rna-XM_057815042.1	A	rna-XM_056789176.1	A
rna-XM_057815044.1	A	rna-XM_056789189.1	A
rna-XM_057815045.1	A	rna-XM_056789210.1	A
rna-XM_057814281.1	A	rna-XM_056789224.1	A
rna-XM_057814276.1	A	rna-XM_056789163.1	A
rna-XM_057814280.1	A	rna-XM_056792188.1	A
rna-XM_057812961.1	A	rna-XM_056791657.1	A
rna-XM_057812962.1	A	rna-XM_056791671.1	A
rna-XM_057812960.1	A	rna-XM_056791684.1	A
rna-XM_057812501.1	A	rna-XM_056791697.1	A
rna-XM_057812500.1	A	rna-XM_056791709.1	A
rna-XM_057812498.1	A	rna-XM_056791720.1	A
rna-XM_057812563.1	A	rna-XM_056791715.1	A
rna-XM_057812557.1	A	rna-XM_056776149.1	A
rna-XM_057812562.1	A	rna-XM_056778959.1	A
rna-XM_057812697.1	A	rna-XM_056783591.1	A
rna-XM_057812909.1	A	rna-XM_056783963.1	A
rna-XM_057812910.1	A	rna-XM_056774734.1	A
rna-XM_057814454.1	A	rna-XM_056779985.1	A
rna-XM_057813357.1	A	rna-XM_056783621.1	A
rna-XM_057813362.1	A	rna-XM_056783673.1	A
rna-XM_057813361.1	A	rna-XM_056783642.1	A
rna-XM_057814455.1	A	rna-XM_056775179.1	A
rna-XM_057814456.1	A	rna-XM_056780643.1	A
rna-XM_057812811.1	A	rna-XM_056782111.1	A
rna-XM_057812522.1	A	rna-XM_056774016.1	A
rna-XM_057812526.1	A	rna-XM_056785384.1	A
rna-XM_057812527.1	A	rna-XM_056785396.1	A
rna-XM_057814457.1	A	rna-XM_056780523.1	A
rna-XM_057814458.1	A	rna-XM_056791767.1	A
rna-XM_057812535.1	A	rna-XM_056791765.1	A
rna-XM_057812528.1	A	rna-XM_056791760.1	A
rna-XM_057812537.1	A	rna-XM_056781689.1	A
rna-XM_057812520.1	A	rna-XM_056789899.1	A
rna-XM_057812538.1	A	rna-XM_056789930.1	A
rna-XM_057812536.1	A	rna-XM_056789944.1	A
rna-XM_057814090.1	A	rna-XM_056789918.1	A
rna-XM_057814460.1	A	rna-XM_056780387.1	A
rna-XM_057814461.1	A	rna-XM_056780266.1	A
rna-XM_057813477.1	A	rna-XM_056789885.1	A
rna-XM_057813165.1	A	rna-XM_056789878.1	A
rna-XM_057813164.1	A	rna-XM_056780129.1	A
rna-XM_057811639.1	A	rna-XM_056789869.1	A
rna-XM_057811637.1	A	rna-XM_056789847.1	A
rna-XM_057811640.1	A	rna-XM_056789854.1	A
rna-XM_057813443.1	A	rna-XM_056789831.1	A
rna-XM_057814462.1	A	rna-XM_056789775.1	A
rna-XM_057813446.1	A	rna-XM_056789788.1	A
rna-XM_057813448.1	A	rna-XM_056789809.1	A
rna-XM_057813451.1	A	rna-XM_056789765.1	A
rna-XM_057812094.1	A	rna-XM_056789752.1	A
rna-XM_057811645.1	A	rna-XM_056789714.1	A
rna-XM_057811644.1	A	rna-XM_056789695.1	A
rna-XM_057811647.1	A	rna-XM_056789726.1	A
rna-XM_057811648.1	A	rna-XM_056789739.1	A
rna-XM_057812497.1	A	rna-XM_056789685.1	A
rna-XM_057814463.1	A	rna-XM_056789642.1	A
rna-XM_057811690.1	A	rna-XM_056789607.1	A
rna-XM_057812833.1	A	rna-XM_056789591.1	A
rna-XM_057813713.1	A	rna-XM_056789573.1	A
rna-XM_057813715.1	A	rna-XM_056789547.1	A
rna-XM_057813724.1	A	rna-XM_056780006.1	A
rna-XM_057811979.1	A	rna-XM_056791757.1	A
rna-XM_057811977.1	A	rna-XM_056785529.1	A
rna-XM_057811978.1	A	rna-XM_056774817.1	A
rna-XM_057811990.1	A	rna-XM_056779936.1	A
rna-XM_057811987.1	A	rna-XM_056774828.1	A
rna-XM_057811995.1	A	rna-XM_056774837.1	A
rna-XM_057811973.1	A	rna-XM_056780877.1	A
rna-XM_057811992.1	A	rna-XM_056780919.1	A
rna-XM_057814477.1	A	rna-XM_056775454.1	A
rna-XM_057811989.1	A	rna-XM_056790045.1	A
rna-XM_057811986.1	A	rna-XM_056790035.1	A
rna-XM_057811971.1	A	rna-XM_056789998.1	A
rna-XM_057811998.1	A	rna-XM_056779815.1	A
rna-XM_057811996.1	A	rna-XM_056779687.1	A
rna-XM_057811676.1	A	rna-XM_056791861.1	A
rna-XM_057812164.1	A	rna-XM_056791864.1	A
rna-XM_057812167.1	A	rna-XM_056791868.1	A
rna-XM_057812165.1	A	rna-XM_056791867.1	A
rna-XM_057812162.1	A	rna-XM_056791862.1	A
rna-XM_057812161.1	A	rna-XM_056791860.1	A
rna-XM_057814478.1	A	rna-XM_056779567.1	A
rna-XM_057813384.1	A	rna-XM_056781700.1	A
rna-XM_057812442.1	A	rna-XM_056779501.1	A
rna-XM_057813315.1	A	rna-XM_056782636.1	A
rna-XM_057814479.1	A	rna-XM_056779461.1	A
rna-XM_057811688.1	A	rna-XM_056778921.1	A
rna-XM_057814518.1	A	rna-XM_056779350.1	A
rna-XM_057814520.1	A	rna-XM_056778892.1	A
rna-XM_057814505.1	A	rna-XM_056778788.1	A
rna-XM_057812136.1	A	rna-XM_056778768.1	A
rna-XM_057811722.1	A	rna-XM_056779236.1	A
rna-XM_057813492.1	A	rna-XM_056778756.1	A
rna-XM_057814530.1	A	rna-XM_056778737.1	A
rna-XM_057814481.1	A	rna-XM_056778712.1	A
rna-XM_057814480.1	A	rna-XM_056778701.1	A
rna-XM_057812543.1	A	rna-XM_056778683.1	A
rna-XM_057812048.1	A	rna-XM_056790401.1	A
rna-XM_057812302.1	A	rna-XM_056779072.1	A
rna-XM_057812544.1	A	rna-XM_056782803.1	A
rna-XM_057812550.1	A	rna-XM_056779059.1	A
rna-XM_057812160.1	A	rna-XM_056777248.1	A
rna-XM_057812099.1	A	rna-XM_056776345.1	A
rna-XM_057812822.1	A	rna-XM_056783998.1	A
rna-XM_057812444.1	A	rna-XM_056791882.1	A
rna-XM_057812446.1	A	rna-XM_056791883.1	A
rna-XM_057815034.1	A	rna-XM_056774770.1	A
rna-XM_057813833.1	A	rna-XM_056777365.1	A
rna-XM_057813834.1	A	rna-XM_056777351.1	A
rna-XM_057813836.1	A	rna-XM_056779775.1	A
rna-XM_057812257.1	A	rna-XM_056781599.1	A
rna-XM_057812033.1	A	rna-XM_056790174.1	A
rna-XM_057812651.1	A	rna-XM_056790185.1	A
rna-XM_057812649.1	A	rna-XM_056790162.1	A
rna-XM_057811667.1	A	rna-XM_056791802.1	A
rna-XM_057813387.1	A	rna-XM_056791798.1	A
rna-XM_057813386.1	A	rna-XM_056791797.1	A
rna-XM_057812016.1	A	rna-XM_056776509.1	A
rna-XM_057812085.1	A	rna-XM_056780739.1	A
rna-XM_057812843.1	A	rna-XM_056789338.1	A
rna-XM_057812844.1	A	rna-XM_056778628.1	A
rna-XM_057812834.1	A	rna-XM_056778287.1	A
rna-XM_057812836.1	A	rna-XM_056785845.1	A
rna-XM_057812842.1	A	rna-XM_056779620.1	A
rna-XM_057812458.1	A	rna-XM_056779599.1	A
rna-XM_057812805.1	A	rna-XM_056779641.1	A
rna-XM_057812169.1	A	rna-XM_056779662.1	A
rna-XM_057812055.1	A	rna-XM_056779651.1	A
rna-XM_057813290.1	A	rna-XM_056779678.1	A
rna-XM_057813289.1	A	rna-XM_056779581.1	A
rna-XM_057812209.1	A	rna-XM_056779571.1	A
rna-XM_057813221.1	A	rna-XM_056783828.1	A
rna-XM_057814577.1	A	rna-XM_056791796.1	A
rna-XM_057814576.1	A	rna-XM_056791793.1	A
rna-XM_057814579.1	A	rna-XM_056791794.1	A
rna-XM_057814573.1	A	rna-XM_056784387.1	A
rna-XM_057814575.1	A	rna-XM_056784408.1	A
rna-XM_057814572.1	A	rna-XM_056784320.1	A
rna-XM_057813860.1	A	rna-XM_056784367.1	A
rna-XM_057813855.1	A	rna-XM_056784332.1	A
rna-XM_057813857.1	A	rna-XM_056784347.1	A
rna-XM_057814800.1	A	rna-XM_056778865.1	A
rna-XM_057814801.1	A	rna-XM_056791850.1	A
rna-XM_057814803.1	A	rna-XM_056791852.1	A
rna-XM_057811617.1	A	rna-XM_056783987.1	A
rna-XM_057811613.1	A	rna-XM_056783973.1	A
rna-XM_057811615.1	A	rna-XM_056786875.1	A
rna-XM_057811609.1	A	rna-XM_056782724.1	A
rna-XM_057811618.1	A	rna-XM_056782755.1	A
rna-XM_057811616.1	A	rna-XM_056782735.1	A
rna-XM_057812464.1	A	rna-XM_056781954.1	A
rna-XM_057812470.1	A	rna-XM_056792750.1	A
rna-XM_057814755.1	A	rna-XM_056792776.1	A
rna-XM_057814753.1	A	rna-XM_056792767.1	A
rna-XM_057812689.1	A	rna-XM_056785491.1	A
rna-XM_057813349.1	A	rna-XM_056786891.1	A
rna-XM_057811188.1	A	rna-XM_056791718.1	A
rna-XM_057811193.1	A	rna-XM_056791717.1	A
rna-XM_057811190.1	A	rna-XM_056791716.1	A
rna-XM_057812898.1	A	rna-XM_056791206.1	A
rna-XM_057813636.1	A	rna-XM_056789982.1	A
rna-XM_057813619.1	A	rna-XM_056776348.1	A
rna-XM_057813628.1	A	rna-XM_056776355.1	A
rna-XM_057813626.1	A	rna-XM_056791866.1	A
rna-XM_057813621.1	A	rna-XM_056791854.1	A
rna-XM_057813630.1	A	rna-XM_056791792.1	A
rna-XM_057813627.1	A	rna-XM_056791790.1	A
rna-XM_057813624.1	A	rna-XM_056791788.1	A
rna-XM_057813632.1	A	rna-XM_056791789.1	A
rna-XM_057813641.1	A	rna-XM_056791787.1	A
rna-XM_057813634.1	A	rna-XM_056779487.1	A
rna-XM_057814557.1	A	rna-XM_056778747.1	A
rna-XM_057812503.1	A	rna-XM_056778623.1	A
rna-XM_057811723.1	A	rna-XM_056776203.1	A
rna-XM_057810955.1	A	rna-XM_056776688.1	A
rna-XM_057810952.1	A	rna-XM_056787555.1	A
rna-XM_057810958.1	A	rna-XM_056792148.1	A
rna-XM_057810954.1	A	rna-XM_056778491.1	A
rna-XM_057813642.1	A	rna-XM_056778283.1	A
rna-XM_057813660.1	A	rna-XM_056780261.1	A
rna-XM_057813661.1	A	rna-XM_056776990.1	A
rna-XM_057813651.1	A	rna-XM_056780217.1	A
rna-XM_057813659.1	A	rna-XM_056780248.1	A
rna-XM_057813653.1	A	rna-XM_056776381.1	A
rna-XM_057813662.1	A	rna-XM_056776432.1	A
rna-XM_057813654.1	A	rna-XM_056776411.1	A
rna-XM_057813657.1	A	rna-XM_056781906.1	A
rna-XM_057814558.1	A	rna-XM_056778153.1	A
rna-XM_057813647.1	A	rna-XM_056775159.1	A
rna-XM_057813564.1	A	rna-XM_056777185.1	A
rna-XM_057814541.1	A	rna-XM_056783868.1	A
rna-XM_057812440.1	A	rna-XM_056778024.1	A
rna-XM_057814424.1	A	rna-XM_056787283.1	A
rna-XM_057812188.1	A	rna-XM_056783076.1	A
rna-XM_057814559.1	A	rna-XM_056777903.1	A
rna-XM_057812189.1	A	rna-XM_056783088.1	A
rna-XM_057813275.1	A	rna-XM_056783039.1	A
rna-XM_057813270.1	A	rna-XM_056783028.1	A
rna-XM_057813279.1	A	rna-XM_056792580.1	A
rna-XM_057813282.1	A	rna-XM_056792545.1	A
rna-XM_057812922.1	A	rna-XM_056774641.1	A
rna-XM_057811771.1	A	rna-XM_056778605.1	A
rna-XM_057813333.1	A	rna-XM_056785502.1	A
rna-XM_057813404.1	A	rna-XM_056782082.1	A
rna-XM_057813405.1	A	rna-XM_056782068.1	A
rna-XM_057814560.1	A	rna-XM_056777802.1	A
rna-XM_057813316.1	A	rna-XM_056784649.1	A
rna-XM_057813317.1	A	rna-XM_056784660.1	A
rna-XM_057812448.1	A	rna-XM_056786794.1	A
rna-XM_057812496.1	A	rna-XM_056779965.1	A
rna-XM_057813225.1	A	rna-XM_056785179.1	A
rna-XM_057813227.1	A	rna-XM_056774899.1	A
rna-XM_057813228.1	A	rna-XM_056779562.1	A
rna-XM_057813230.1	A	rna-XM_056777564.1	A
rna-XM_057814571.1	A	rna-XM_056777341.1	A
rna-XM_057811726.1	A	rna-XM_056777538.1	A
rna-XM_057811342.1	A	rna-XM_056776571.1	A
rna-XM_057811332.1	A	rna-XM_056779323.1	A
rna-XM_057811334.1	A	rna-XM_056791713.1	A
rna-XM_057811340.1	A	rna-XM_056791712.1	A
rna-XM_057811338.1	A	rna-XM_056791710.1	A
rna-XM_057811328.1	A	rna-XM_056781817.1	A
rna-XM_057811329.1	A	rna-XM_056792385.1	A
rna-XM_057814582.1	A	rna-XM_056777228.1	A
rna-XM_057814584.1	A	rna-XM_056777110.1	A
rna-XM_057812141.1	A	rna-XM_056776989.1	A
rna-XM_057812146.1	A	rna-XM_056776864.1	A
rna-XM_057812150.1	A	rna-XM_056784682.1	A
rna-XM_057812148.1	A	rna-XM_056784598.1	A
rna-XM_057812147.1	A	rna-XM_056784585.1	A
rna-XM_057813411.1	A	rna-XM_056774340.1	A
rna-XM_057815132.1	A	rna-XM_056785431.1	A
rna-XM_057814092.1	A	rna-XM_056775146.1	A
rna-XM_057814093.1	A	rna-XM_056776342.1	A
rna-XM_057812706.1	A	rna-XM_056776725.1	A
rna-XM_057814365.1	A	rna-XM_056791606.1	A
rna-XM_057814367.1	A	rna-XM_056791607.1	A
rna-XM_057814364.1	A	rna-XM_056791604.1	A
rna-XM_057814362.1	A	rna-XM_056791603.1	A
rna-XM_057814333.1	A	rna-XM_056791578.1	A
rna-XM_057813328.1	A	rna-XM_056791574.1	A
rna-XM_057811679.1	A	rna-XM_056787590.1	A
rna-XM_057811734.1	A	rna-XM_056787665.1	A
rna-XM_057810969.1	A	rna-XM_056776602.1	A
rna-XM_057810972.1	A	rna-XM_056787645.1	A
rna-XM_057814585.1	A	rna-XM_056776476.1	A
rna-XM_057812215.1	A	rna-XM_056787633.1	A
rna-XM_057813432.1	A	rna-XM_056787609.1	A
rna-XM_057812186.1	A	rna-XM_056792786.1	A
rna-XM_057814562.1	A	rna-XM_056789528.1	A
rna-XM_057814563.1	A	rna-XM_056791463.1	A
rna-XM_057814564.1	A	rna-XM_056791513.1	A
rna-XM_057811774.1	A	rna-XM_056780681.1	A
rna-XM_057811773.1	A	rna-XM_056791828.1	A
rna-XM_057811772.1	A	rna-XM_056776350.1	A
rna-XM_057811777.1	A	rna-XM_056791825.1	A
rna-XM_057811780.1	A	rna-XM_056786346.1	A
rna-XM_057811787.1	A	rna-XM_056791780.1	A
rna-XM_057811786.1	A	rna-XM_056791779.1	A
rna-XM_057811785.1	A	rna-XM_056791778.1	A
rna-XM_057811788.1	A	rna-XM_056792266.1	A
rna-XM_057811789.1	A	rna-XM_056782851.1	A
rna-XM_057811793.1	A	rna-XM_056782901.1	A
rna-XM_057811797.1	A	rna-XM_056782949.1	A
rna-XM_057811795.1	A	rna-XM_056782936.1	A
rna-XM_057814586.1	A	rna-XM_056782923.1	A
rna-XM_057811798.1	A	rna-XM_056782883.1	A
rna-XM_057811803.1	A	rna-XM_056776309.1	A
rna-XM_057811800.1	A	rna-XM_056776266.1	A
rna-XM_057814611.1	A	rna-XM_056776279.1	A
rna-XM_057811804.1	A	rna-XM_056773725.1	A
rna-XM_057811806.1	A	rna-XM_056774215.1	A
rna-XM_057811807.1	A	rna-XM_056775500.1	A
rna-XM_057811812.1	A	rna-XM_056789143.1	A
rna-XM_057811810.1	A	rna-XM_056789120.1	A
rna-XM_057811808.1	A	rna-XM_056789109.1	A
rna-XM_057811815.1	A	rna-XM_056789069.1	A
rna-XM_057811816.1	A	rna-XM_056789091.1	A
rna-XM_057811813.1	A	rna-XM_056786910.1	A
rna-XM_057811819.1	A	rna-XM_056777454.1	A
rna-XM_057811820.1	A	rna-XM_056773634.1	A
rna-XM_057811821.1	A	rna-XM_056787686.1	A
rna-XM_057811830.1	A	rna-XM_056788339.1	A
rna-XM_057811828.1	A	rna-XM_056788107.1	A
rna-XM_057811831.1	A	rna-XM_056785832.1	A
rna-XM_057811832.1	A	rna-XM_056779272.1	A
rna-XM_057811833.1	A	rna-XM_056791963.1	A
rna-XM_057811834.1	A	rna-XM_056778246.1	A
rna-XM_057811837.1	A	rna-XM_056774743.1	A
rna-XM_057811838.1	A	rna-XM_056787567.1	A
rna-XM_057811839.1	A	rna-XM_056787579.1	A
rna-XM_057811840.1	A	rna-XM_056781662.1	A
rna-XM_057811841.1	A	rna-XM_056781643.1	A
rna-XM_057811842.1	A	rna-XM_056776529.1	A
rna-XM_057811846.1	A	rna-XM_056773679.1	A
rna-XM_057811849.1	A	rna-XM_056780321.1	A
rna-XM_057811848.1	A	rna-XM_056780597.1	A
rna-XM_057811850.1	A	rna-XM_056788199.1	A
rna-XM_057811851.1	A	rna-XM_056788191.1	A
rna-XM_057811852.1	A	rna-XM_056787800.1	A
rna-XM_057811908.1	A	rna-XM_056773620.1	A
rna-XM_057811910.1	A	rna-XM_056785586.1	A
rna-XM_057811912.1	A	rna-XM_056785598.1	A
rna-XM_057811913.1	A	rna-XM_056788526.1	A
rna-XM_057811920.1	A	rna-XM_056788535.1	A
rna-XM_057811915.1	A	rna-XM_056788480.1	A
rna-XM_057811922.1	A	rna-XM_056788468.1	A
rna-XM_057811923.1	A	rna-XM_056788451.1	A
rna-XM_057811924.1	A	rna-XM_056788422.1	A
rna-XM_057811927.1	A	rna-XM_056791821.1	A
rna-XM_057811934.1	A	rna-XM_056791820.1	A
rna-XM_057811932.1	A	rna-XM_056791818.1	A
rna-XM_057811935.1	A	rna-XM_056776179.1	A
rna-XM_057811936.1	A	rna-XM_056781081.1	A
rna-XM_057811938.1	A	rna-XM_056774433.1	A
rna-XM_057811937.1	A	rna-XM_056774421.1	A
rna-XM_057811941.1	A	rna-XM_056785740.1	A
rna-XM_057811945.1	A	rna-XM_056775922.1	A
rna-XM_057814619.1	A	rna-XM_056791831.1	A
rna-XM_057814620.1	A	rna-XM_056775670.1	A
rna-XM_057811959.1	A	rna-XM_056791830.1	A
rna-XM_057811948.1	A	rna-XM_056788323.1	A
rna-XM_057811967.1	A	rna-XM_056788392.1	A
rna-XM_057811964.1	A	rna-XM_056788366.1	A
rna-XM_057811965.1	A	rna-XM_056788380.1	A
rna-XM_057811963.1	A	rna-XM_056788345.1	A
rna-XM_057811960.1	A	rna-XM_056788839.1	A
rna-XM_057811962.1	A	rna-XM_056788832.1	A
rna-XM_057811958.1	A	rna-XM_056788801.1	A
rna-XM_057811952.1	A	rna-XM_056782769.1	A
rna-XM_057813186.1	A	rna-XM_056792406.1	A
rna-XM_057812447.1	A	rna-XM_056781792.1	A
rna-XM_057812959.1	A	rna-XM_056781780.1	A
rna-XM_057812480.1	A	rna-XM_056776923.1	A
rna-XM_057814645.1	A	rna-XM_056782133.1	A
rna-XM_057813841.1	A	rna-XM_056782260.1	A
rna-XM_057813843.1	A	rna-XM_056783310.1	A
rna-XM_057813844.1	A	rna-XM_056783423.1	A
rna-XM_057813842.1	A	rna-XM_056783184.1	A
rna-XM_057813840.1	A	rna-XM_056782001.1	A
rna-XM_057813846.1	A	rna-XM_056782487.1	A
rna-XM_057813850.1	A	rna-XM_056783060.1	A
rna-XM_057813851.1	A	rna-XM_056781877.1	A
rna-XM_057813854.1	A	rna-XM_056781755.1	A
rna-XM_057812070.1	A	rna-XM_056781590.1	A
rna-XM_057813232.1	A	rna-XM_056781296.1	A
rna-XM_057813231.1	A	rna-XM_056781167.1	A
rna-XM_057812168.1	A	rna-XM_056781048.1	A
rna-XM_057811343.1	A	rna-XM_056780861.1	A
rna-XM_057811655.1	A	rna-XM_056775107.1	A
rna-XM_057811656.1	A	rna-XM_056780755.1	A
rna-XM_057811701.1	A	rna-XM_056790514.1	A
rna-XM_057811740.1	A	rna-XM_056790468.1	A
rna-XM_057813243.1	A	rna-XM_056790461.1	A
rna-XM_057811536.1	A	rna-XM_056790447.1	A
rna-XM_057811537.1	A	rna-XM_056779853.1	A
rna-XM_057814766.1	A	rna-XM_056779737.1	A
rna-XM_057814762.1	A	rna-XM_056775565.1	A
rna-XM_057814768.1	A	rna-XM_056775619.1	A
rna-XM_057814765.1	A	rna-XM_056775593.1	A
rna-XM_057814769.1	A	rna-XM_056785000.1	A
rna-XM_057813346.1	A	rna-XM_056784989.1	A
rna-XM_057813031.1	A	rna-XM_056785191.1	A
rna-XM_057811682.1	A	rna-XM_056780462.1	A
rna-XM_057811681.1	A	rna-XM_056780331.1	A
rna-XM_057811683.1	A	rna-XM_056776243.1	A
rna-XM_057813498.1	A	rna-XM_056776032.1	A
rna-XM_057814140.1	A	rna-XM_056781967.1	A
rna-XM_057814139.1	A	rna-XM_056778147.1	A
rna-XM_057814117.1	A	rna-XM_056778050.1	A
rna-XM_057812742.1	A	rna-XM_056783692.1	A
rna-XM_057814487.1	A	rna-XM_056791290.1	A
rna-XM_057814482.1	A	rna-XM_056791259.1	A
rna-XM_057814485.1	A	rna-XM_056791277.1	A
rna-XM_057812818.1	A	rna-XM_056791256.1	A
rna-XM_057813027.1	A	rna-XM_056791250.1	A
rna-XM_057813026.1	A	rna-XM_056788205.1	A
rna-XM_057812685.1	A	rna-XM_056792255.1	A
rna-XM_057812686.1	A	rna-XM_056792203.1	A
rna-XM_057811635.1	A	rna-XM_056792242.1	A
rna-XM_057812972.1	A	rna-XM_056784538.1	A
rna-XM_057812969.1	A	rna-XM_056784455.1	A
rna-XM_057811756.1	A	rna-XM_056774750.1	A
rna-XM_057811757.1	A	rna-XM_056774074.1	A
rna-XM_057811762.1	A	rna-XM_056774062.1	A
rna-XM_057811761.1	A	rna-XM_056774050.1	A
rna-XM_057811739.1	A	rna-XM_056792177.1	A
rna-XM_057811737.1	A	rna-XM_056792157.1	A
rna-XM_057812461.1	A	rna-XM_056787576.1	A
rna-XM_057812462.1	A	rna-XM_056781804.1	A
rna-XM_057812126.1	A	rna-XM_056774447.1	A
rna-XM_057812128.1	A	rna-XM_056790472.1	X
rna-XM_057812129.1	A	rna-XM_056774500.1	A
rna-XM_057812130.1	A	rna-XM_056774460.1	A
rna-XM_057812639.1	A	rna-XM_056774632.1	A
rna-XM_057812300.1	A	rna-XM_056780959.1	A
rna-XM_057812076.1	A	rna-XM_056777118.1	A
rna-XM_057812075.1	A	rna-XM_056777104.1	A
rna-XM_057814677.1	A	rna-XM_056774385.1	A
rna-XM_057812871.1	A	rna-XM_056785433.1	A
rna-XM_057814678.1	A	rna-XM_056774256.1	A
rna-XM_057812864.1	A	rna-XM_056776160.1	A
rna-XM_057812875.1	A	rna-XM_056774029.1	A
rna-XM_057812855.1	A	rna-XM_056788597.1	A
rna-XM_057812860.1	A	rna-XM_056788641.1	A
rna-XM_057812859.1	A	rna-XM_056788630.1	A
rna-XM_057812879.1	A	rna-XM_056788683.1	A
rna-XM_057812887.1	A	rna-XM_056788716.1	A
rna-XM_057812880.1	A	rna-XM_056788696.1	A
rna-XM_057812852.1	A	rna-XM_056788575.1	A
rna-XM_057812873.1	A	rna-XM_056788671.1	A
rna-XM_057812892.1	A	rna-XM_056788728.1	A
rna-XM_057812858.1	A	rna-XM_056788618.1	A
rna-XM_057812890.1	A	rna-XM_056788748.1	A
rna-XM_057812889.1	A	rna-XM_056788762.1	A
rna-XM_057812865.1	A	rna-XM_056781854.1	A
rna-XM_057812874.1	A	rna-XM_056781894.1	A
rna-XM_057812897.1	A	rna-XM_056784887.1	A
rna-XM_057814109.1	A	rna-XM_056784804.1	A
rna-XM_057814116.1	A	rna-XM_056784868.1	A
rna-XM_057814113.1	A	rna-XM_056784824.1	A
rna-XM_057812171.1	A	rna-XM_056780100.1	A
rna-XM_057813501.1	A	rna-XM_056777128.1	A
rna-XM_057811297.1	A	rna-XM_056781925.1	A
rna-XM_057811301.1	A	rna-XM_056791829.1	A
rna-XM_057811308.1	A	rna-XM_056791842.1	A
rna-XM_057811310.1	A	rna-XM_056782574.1	A
rna-XM_057811307.1	A	rna-XM_056782560.1	A
rna-XM_057811298.1	A	rna-XM_056780652.1	A
rna-XM_057811295.1	A	rna-XM_056776003.1	A
rna-XM_057811303.1	A	rna-XM_056775123.1	A
rna-XM_057811311.1	A	rna-XM_056778592.1	A
rna-XM_057811316.1	A	rna-XM_056779711.1	A
rna-XM_057811314.1	A	rna-XM_056791904.1	A
rna-XM_057811317.1	A	rna-XM_056791911.1	A
rna-XM_057814692.1	A	rna-XM_056774034.1	A
rna-XM_057812993.1	A	rna-XM_056785919.1	A
rna-XM_057812919.1	A	rna-XM_056783527.1	A
rna-XM_057812920.1	A	rna-XM_056779261.1	A
rna-XM_057812809.1	A	rna-XM_056783861.1	A
rna-XM_057813423.1	A	rna-XM_056774985.1	A
rna-XM_057813420.1	A	rna-XM_056774971.1	A
rna-XM_057813426.1	A	rna-XM_056775015.1	A
rna-XM_057811534.1	A	rna-XM_056791688.1	A
rna-XM_057811325.1	A	rna-XM_056791683.1	A
rna-XM_057811326.1	A	rna-XM_056791685.1	A
rna-XM_057812484.1	A	rna-XM_056777976.1	A
rna-XM_057811619.1	A	rna-XM_056778004.1	A
rna-XM_057813418.1	A	rna-XM_056773647.1	A
rna-XM_057811751.1	A	rna-XM_056778526.1	A
rna-XM_057811563.1	A	rna-XM_056781323.1	A
rna-XM_057812491.1	A	rna-XM_056784755.1	A
rna-XM_057813242.1	A	rna-XM_056774003.1	A
rna-XM_057813239.1	A	rna-XM_056773990.1	A
rna-XM_057812173.1	A	rna-XM_056777419.1	A
rna-XM_057812176.1	A	rna-XM_056777444.1	A
rna-XM_057811199.1	A	rna-XM_056773804.1	A
rna-XM_057812049.1	A	rna-XM_056775054.1	A
rna-XM_057813491.1	A	rna-XM_056779467.1	A
rna-XM_057811698.1	A	rna-XM_056791892.1	A
rna-XM_057812672.1	A	rna-XM_056791893.1	A
rna-XM_057812670.1	A	rna-XM_056791890.1	A
rna-XM_057812661.1	A	rna-XM_056791888.1	A
rna-XM_057812916.1	A	rna-XM_056791884.1	A
rna-XM_057812917.1	A	rna-XM_056791885.1	A
rna-XM_057811677.1	A	rna-XM_056775644.1	A
rna-XM_057811250.1	A	rna-XM_056782546.1	A
rna-XM_057813209.1	A	rna-XM_056776550.1	A
rna-XM_057812487.1	A	rna-XM_056781093.1	A
rna-XM_057813497.1	A	rna-XM_056777140.1	A
rna-XM_057813485.1	A	rna-XM_056776301.1	A
rna-XM_057812483.1	A	rna-XM_056792355.1	A
rna-XM_057813983.1	A	rna-XM_056791922.1	A
rna-XM_057813984.1	A	rna-XM_056780182.1	A
rna-XM_057813986.1	A	rna-XM_056781181.1	A
rna-XM_057813988.1	A	rna-XM_056782598.1	A
rna-XM_057813989.1	A	rna-XM_056792916.1	A
rna-XM_057814014.1	A	rna-XM_056780050.1	A
rna-XM_057814017.1	A	rna-XM_056792607.1	A
rna-XM_057814016.1	A	rna-XM_056789987.1	A
rna-XM_057811716.1	A	rna-XM_056785906.1	A
rna-XM_057811208.1	A	rna-XM_056786656.1	A
rna-XM_057813409.1	A	rna-XM_056787777.1	A
rna-XM_057814631.1	A	rna-XM_056787731.1	A
rna-XM_057814630.1	A	rna-XM_056787674.1	A
rna-XM_057814632.1	A	rna-XM_056787704.1	A
rna-XM_057812112.1	A	rna-XM_056791698.1	A
rna-XM_057812111.1	A	rna-XM_056788245.1	A
rna-XM_057812113.1	A	rna-XM_056791700.1	A
rna-XM_057812114.1	A	rna-XM_056791699.1	A
rna-XM_057812677.1	A	rna-XM_056791696.1	A
rna-XM_057813216.1	A	rna-XM_056791691.1	A
rna-XM_057811209.1	A	rna-XM_056773888.1	A
rna-XM_057813245.1	A	rna-XM_056791692.1	A
rna-XM_057812193.1	A	rna-XM_056780364.1	A
rna-XM_057813552.1	A	rna-XM_056785811.1	A
rna-XM_057812776.1	A	rna-XM_056791640.1	A
rna-XM_057812781.1	A	rna-XM_056791600.1	A
rna-XM_057813254.1	A	rna-XM_056791744.1	A
rna-XM_057812945.1	A	rna-XM_056784698.1	A
rna-XM_057814000.1	A	rna-XM_056777260.1	A
rna-XM_057811210.1	A	rna-XM_056786849.1	A
rna-XM_057813997.1	A	rna-XM_056784295.1	A
rna-XM_057814006.1	A	rna-XM_056784308.1	A
rna-XM_057813995.1	A	rna-XM_056784273.1	A
rna-XM_057814007.1	A	rna-XM_056792061.1	A
rna-XM_057813994.1	A	rna-XM_056792046.1	A
rna-XM_057813999.1	A	rna-XM_056779478.1	A
rna-XM_057812441.1	A	rna-XM_056779895.1	A
rna-XM_057811765.1	A	rna-XM_056783754.1	A
rna-XM_057812045.1	A	rna-XM_056783765.1	A
rna-XM_057813381.1	A	rna-XM_056782534.1	A
rna-XM_057812719.1	A	rna-XM_056791148.1	A
rna-XM_057812715.1	A	rna-XM_056791126.1	A
rna-XM_057812740.1	A	rna-XM_056791099.1	A
rna-XM_057814447.1	A	rna-XM_056791061.1	A
rna-XM_057814453.1	A	rna-XM_056777817.1	A
rna-XM_057814446.1	A	rna-XM_056777790.1	A
rna-XM_057814451.1	A	rna-XM_056777803.1	A
rna-XM_057812023.1	A	rna-XM_056774919.1	A
rna-XM_057812568.1	A	rna-XM_056775298.1	A
rna-XM_057812190.1	A	rna-XM_056775309.1	A
rna-XM_057810949.1	A	rna-XM_056788214.1	A
rna-XM_057813438.1	A	rna-XM_056777878.1	A
rna-XM_057812929.1	A	rna-XM_056777830.1	A
rna-XM_057812678.1	A	rna-XM_056786880.1	A
rna-XM_057812679.1	A	rna-XM_056792033.1	A
rna-XM_057812553.1	A	rna-XM_056792774.1	A
rna-XM_057812570.1	A	rna-XM_056783122.1	A
rna-XM_057812157.1	A	rna-XM_056791638.1	A
rna-XM_057811197.1	A	rna-XM_056791642.1	A
rna-XM_057811198.1	A	rna-XM_056791643.1	A
rna-XM_057811194.1	A	rna-XM_056791641.1	A
rna-XM_057814587.1	A	rna-XM_056784671.1	A
rna-XM_057814590.1	A	rna-XM_056783579.1	A
rna-XM_057814589.1	A	rna-XM_056783547.1	A
rna-XM_057810959.1	A	rna-XM_056792278.1	A
rna-XM_057810966.1	A	rna-XM_056783672.1	A
rna-XM_057810968.1	A	rna-XM_056783787.1	A
rna-XM_057810967.1	A	rna-XM_056783978.1	A
rna-XM_057812122.1	A	rna-XM_056781065.1	A
rna-XM_057812680.1	A	rna-XM_056781044.1	A
rna-XM_057814089.1	A	rna-XM_056785521.1	A
rna-XM_057814084.1	A	rna-XM_056791555.1	A
rna-XM_057814088.1	A	rna-XM_056791557.1	A
rna-XM_057812515.1	A	rna-XM_056778187.1	A
rna-XM_057811724.1	A	rna-XM_056778208.1	A
rna-XM_057812691.1	A	rna-XM_056773659.1	A
rna-XM_057814644.1	A	rna-XM_056792668.1	A
rna-XM_057812077.1	A	rna-XM_056782713.1	A
rna-XM_057812071.1	A	rna-XM_056781032.1	A
rna-XM_057812073.1	A	rna-XM_056781020.1	A
rna-XM_057811211.1	A	rna-XM_056777885.1	A
rna-XM_057811214.1	A	rna-XM_056789848.1	X
rna-XM_057813416.1	A	rna-XM_056784975.1	A
rna-XM_057813417.1	A	rna-XM_056776347.1	A
rna-XM_057813268.1	A	rna-XM_056773947.1	A
rna-XM_057813483.1	A	rna-XM_056780855.1	A
rna-XM_057812107.1	A	rna-XM_056785798.1	A
rna-XM_057814156.1	A	rna-XM_056786625.1	A
rna-XM_057814167.1	A	rna-XM_056779032.1	A
rna-XM_057814168.1	A	rna-XM_056779044.1	A
rna-XM_057814597.1	A	rna-XM_056774848.1	A
rna-XM_057811217.1	A	rna-XM_056791605.1	A
rna-XM_057811699.1	A	rna-XM_056790735.1	A
rna-XM_057813694.1	A	rna-XM_056790748.1	A
rna-XM_057813689.1	A	rna-XM_056790680.1	A
rna-XM_057813691.1	A	rna-XM_056790711.1	A
rna-XM_057812192.1	A	rna-XM_056777963.1	A
rna-XM_057814770.1	A	rna-XM_056791622.1	A
rna-XM_057812039.1	A	rna-XM_056776677.1	A
rna-XM_057811685.1	A	rna-XM_056787789.1	A
rna-XM_057811630.1	A	rna-XM_056779227.1	A
rna-XM_057811632.1	A	rna-XM_056779176.1	A
rna-XM_057812932.1	A	rna-XM_056781576.1	A
rna-XM_057813486.1	A	rna-XM_056781563.1	A
rna-XM_057812540.1	A	rna-XM_056781543.1	A
rna-XM_057813872.1	A	rna-XM_056781519.1	A
rna-XM_057813875.1	A	rna-XM_056781505.1	A
rna-XM_057813876.1	A	rna-XM_056781455.1	A
rna-XM_057812541.1	A	rna-XM_056781440.1	A
rna-XM_057814795.1	A	rna-XM_056781386.1	A
rna-XM_057814799.1	A	rna-XM_056781363.1	A
rna-XM_057812542.1	A	rna-XM_056791750.1	A
rna-XM_057812995.1	A	rna-XM_056781335.1	A
rna-XM_057813176.1	A	rna-XM_056791721.1	A
rna-XM_057813177.1	A	rna-XM_056779983.1	A
rna-XM_057813180.1	A	rna-XM_056773639.1	A
rna-XM_057813183.1	A	rna-XM_056773642.1	A
rna-XM_057813178.1	A	rna-XM_056773640.1	A
rna-XM_057813173.1	A	rna-XM_056773645.1	A
rna-XM_057813185.1	A	rna-XM_056773644.1	A
rna-XM_057813062.1	A	rna-XM_056773648.1	A
rna-XM_057811370.1	A	rna-XM_056773649.1	A
rna-XM_057813255.1	A	rna-XM_056773652.1	A
rna-XM_057812642.1	A	rna-XM_056773657.1	A
rna-XM_057812644.1	A	rna-XM_056773656.1	A
rna-XM_057812645.1	A	rna-XM_056791380.1	A
rna-XM_057813392.1	A	rna-XM_056773662.1	A
rna-XM_057813314.1	A	rna-XM_056773664.1	A
rna-XM_057812251.1	A	rna-XM_056773666.1	A
rna-XM_057812152.1	A	rna-XM_056787445.1	A
rna-XM_057813471.1	A	rna-XM_056773670.1	A
rna-XM_057814059.1	A	rna-XM_056773669.1	A
rna-XM_057814058.1	A	rna-XM_056773667.1	A
rna-XM_057814060.1	A	rna-XM_056773672.1	A
rna-XM_057811999.1	A	rna-XM_056773861.1	A
rna-XM_057811233.1	A	rna-XM_056777562.1	A
rna-XM_057810976.1	A	rna-XM_056792064.1	A
rna-XM_057811235.1	A	rna-XM_056774874.1	A
rna-XM_057810999.1	A	rna-XM_056773637.1	A
rna-XM_057810998.1	A	rna-XM_056773632.1	A
rna-XM_057811033.1	A	rna-XM_056773635.1	A
rna-XM_057811016.1	A	rna-XM_056791314.1	Y
rna-XM_057811006.1	A	rna-XM_056773633.1	A
rna-XM_057810997.1	A	rna-XM_056773614.1	A
rna-XM_057811017.1	A	rna-XM_056773616.1	A
rna-XM_057811009.1	A	rna-XM_056773600.1	A
rna-XM_057811034.1	A	rna-XM_056773612.1	A
rna-XM_057811029.1	A	rna-XM_056773609.1	A
rna-XM_057811014.1	A	rna-XM_056773605.1	A
rna-XM_057811013.1	A	rna-XM_056773604.1	A
rna-XM_057811032.1	A	rna-XM_056773611.1	A
rna-XM_057811042.1	A	rna-XM_056792226.1	A
rna-XM_057811046.1	A	rna-XM_056792579.1	A
rna-XM_057811050.1	A	rna-XM_056792999.1	A
rna-XM_057811052.1	A	rna-XM_056793097.1	A
rna-XM_057811051.1	A	rna-XM_056793096.1	A
rna-XM_057811053.1	A	rna-XM_056773893.1	A
rna-XM_057811064.1	A	rna-XM_056773793.1	A
rna-XM_057811061.1	A	rna-XM_056773790.1	A
rna-XM_057811059.1	A	rna-XM_056773787.1	A
rna-XM_057811054.1	A	rna-XM_056773785.1	A
rna-XM_057811067.1	A	rna-XM_056773780.1	A
rna-XM_057811069.1	A	rna-XM_056773778.1	A
rna-XM_057811073.1	A	rna-XM_056773781.1	A
rna-XM_057811076.1	A	rna-XM_056792370.1	A
rna-XM_057811077.1	A	rna-XM_056792898.1	A
rna-XM_057811083.1	A	rna-XM_056792899.1	A
rna-XM_057811080.1	A	rna-XM_056792288.1	A
rna-XM_057811078.1	A	rna-XM_056792287.1	A
rna-XM_057811085.1	A	rna-XM_056793249.1	A
rna-XM_057811086.1	A	rna-XM_056773985.1	A
rna-XM_057811087.1	A	rna-XM_056773982.1	A
rna-XM_057811088.1	A	rna-XM_056773983.1	A
rna-XM_057811091.1	A	rna-XM_056773980.1	A
rna-XM_057811108.1	A	rna-XM_056793024.1	A
rna-XM_057811113.1	A	rna-XM_056793026.1	A
rna-XM_057811114.1	A	rna-XM_056792498.1	A
rna-XM_057811112.1	A	rna-XM_056792497.1	A
rna-XM_057811101.1	A	rna-XM_056792628.1	A
rna-XM_057811106.1	A	rna-XM_056774181.1	A
rna-XM_057811104.1	A	rna-XM_056774180.1	A
rna-XM_057811102.1	A	rna-XM_056792118.1	A
rna-XM_057811118.1	A	rna-XM_056792123.1	A
rna-XM_057811116.1	A	rna-XM_056792122.1	A
rna-XM_057811110.1	A	rna-XM_056792120.1	A
rna-XM_057811095.1	A	rna-XM_056792116.1	A
rna-XM_057811097.1	A	rna-XM_056792117.1	A
rna-XM_057811119.1	A	rna-XM_056773892.1	A
rna-XM_057811120.1	A	rna-XM_056793098.1	A
rna-XM_057811121.1	A	rna-XM_056792603.1	A
rna-XM_057811122.1	A	rna-XM_056791957.1	A
rna-XM_057811125.1	A	rna-XM_056791960.1	A
rna-XM_057811127.1	A	rna-XM_056791961.1	A
rna-XM_057811128.1	A	rna-XM_056791962.1	A
rna-XM_057811137.1	A	rna-XM_056792218.1	A
rna-XM_057811247.1	A	rna-XM_056773891.1	A
rna-XM_057811149.1	A	rna-XM_056792773.1	A
rna-XM_057811141.1	A	rna-XM_056791926.1	A
rna-XM_057811136.1	A	rna-XM_056773967.1	A
rna-XM_057811129.1	A	rna-XM_056773960.1	A
rna-XM_057811148.1	A	rna-XM_056793069.1	A
rna-XM_057811172.1	A	rna-XM_056773561.1	A
rna-XM_057811178.1	A	rna-XM_056773568.1	A
rna-XM_057811150.1	A	rna-XM_056773551.1	A
rna-XM_057811187.1	A	rna-XM_056792216.1	A
rna-XM_057811185.1	A	rna-XM_056792215.1	A
rna-XM_057813555.1	A	rna-XM_056792228.1	A
rna-XM_057814283.1	A	rna-XM_056774064.1	A
rna-XM_057814285.1	A	rna-XM_056774067.1	A
rna-XM_057812511.1	A	rna-XM_056774066.1	A
rna-XM_057812275.1	A	rna-XM_056792522.1	A
rna-XM_057815050.1	A	rna-XM_056792213.1	A
rna-XM_057815051.1	A	rna-XM_056792214.1	A
rna-XM_057815049.1	A	rna-XM_056774225.1	A
rna-XM_057815047.1	A	rna-XM_056774224.1	A
rna-XM_057815052.1	A	rna-XM_056774226.1	A
rna-XM_057813222.1	A	rna-XM_056774230.1	A
rna-XM_057813224.1	A	rna-XM_056774018.1	A
rna-XM_057814809.1	A	rna-XM_056774017.1	A
rna-XM_057814810.1	A	rna-XM_056774015.1	A
rna-XM_057814812.1	A	rna-XM_056774014.1	A
rna-XM_057814811.1	A	rna-XM_056774013.1	A
rna-XM_057815024.1	A	rna-XM_056792014.1	A
rna-XM_057815021.1	A	rna-XM_056792186.1	A
rna-XM_057811661.1	A	rna-XM_056792185.1	A
rna-XM_057811321.1	A	rna-XM_056792103.1	A
rna-XM_057811323.1	A	rna-XM_056792100.1	A
rna-XM_057811324.1	A	rna-XM_056792102.1	A
rna-XM_057814683.1	A	rna-XM_056791973.1	A
rna-XM_057814680.1	A	rna-XM_056791971.1	A
rna-XM_057814681.1	A	rna-XM_056791972.1	A
rna-XM_057813310.1	A	rna-XM_056773974.1	A
rna-XM_057814051.1	A	rna-XM_056773973.1	A
rna-XM_057814047.1	A	rna-XM_056773969.1	A
rna-XM_057814054.1	A	rna-XM_056773972.1	A
rna-XM_057814049.1	A	rna-XM_056773970.1	A
rna-XM_057814759.1	A	rna-XM_056792201.1	A
rna-XM_057812082.1	A	rna-XM_056792200.1	A
rna-XM_057812115.1	A	rna-XM_056792723.1	A
rna-XM_057812117.1	A	rna-XM_056792725.1	A
rna-XM_057812116.1	A	rna-XM_056792724.1	A
rna-XM_057812121.1	A	rna-XM_056792728.1	A
rna-XM_057814757.1	A	rna-XM_056792979.1	A
rna-XM_057814758.1	A	rna-XM_056792978.1	A
rna-XM_057811673.1	A	rna-XM_056792977.1	A
rna-XM_057813324.1	A	rna-XM_056792975.1	A
rna-XM_057813456.1	A	rna-XM_056792510.1	A
rna-XM_057814437.1	A	rna-XM_056791941.1	A
rna-XM_057814441.1	A	rna-XM_056791940.1	A
rna-XM_057812131.1	A	rna-XM_056792706.1	A
rna-XM_057813489.1	A	rna-XM_056792144.1	A
rna-XM_057811700.1	A	rna-XM_056792383.1	A
rna-XM_057812495.1	A	rna-XM_056792491.1	A
rna-XM_057812494.1	A	rna-XM_056792490.1	A
rna-XM_057811532.1	A	rna-XM_056792322.1	A
rna-XM_057815137.1	A	rna-XM_056792321.1	A
rna-XM_057815147.1	A	rna-XM_056791976.1	A
rna-XM_057815144.1	A	rna-XM_056791974.1	A
rna-XM_057812109.1	A	rna-XM_056773886.1	A
rna-XM_057812084.1	A	rna-XM_056791932.1	A
rna-XM_057811291.1	A	rna-XM_056774084.1	A
rna-XM_057811293.1	A	rna-XM_056774085.1	A
rna-XM_057814788.1	A	rna-XM_056792147.1	A
rna-XM_057814789.1	A	rna-XM_056792150.1	A
rna-XM_057813000.1	A	rna-XM_056792601.1	A
rna-XM_057812998.1	A	rna-XM_056792613.1	A
rna-XM_057811376.1	A	rna-XM_056773885.1	A
rna-XM_057811378.1	A	rna-XM_056773884.1	A
rna-XM_057811377.1	A	rna-XM_056792198.1	A
rna-XM_057812216.1	A	rna-XM_056793093.1	A
rna-XM_057812219.1	A	rna-XM_056792570.1	A
rna-XM_057814628.1	A	rna-XM_056792133.1	A
rna-XM_057814629.1	A	rna-XM_056792644.1	A
rna-XM_057814622.1	A	rna-XM_056792131.1	A
rna-XM_057812657.1	A	rna-XM_056792128.1	A
rna-XM_057812660.1	A	rna-XM_056792130.1	A
rna-XM_057812933.1	A	rna-XM_056773589.1	A
rna-XM_057812935.1	A	rna-XM_056792676.1	A
rna-XM_057813494.1	A	rna-XM_056773883.1	A
rna-XM_057812974.1	A	rna-XM_056793095.1	A
rna-XM_057812439.1	A	rna-XM_056792900.1	A
rna-XM_057813267.1	A	rna-XM_056792209.1	A
rna-XM_057812265.1	A	rna-XM_056792885.1	A
rna-XM_057811251.1	A	rna-XM_056773881.1	A
rna-XM_057812273.1	A	rna-XM_056792880.1	A
rna-XM_057811253.1	A	rna-XM_056773880.1	A
rna-XM_057812566.1	A	rna-XM_056792238.1	A
rna-XM_057813514.1	A	rna-XM_056792237.1	A
rna-XM_057813509.1	A	rna-XM_056792230.1	A
rna-XM_057813515.1	A	rna-XM_056773847.1	A
rna-XM_057813503.1	A	rna-XM_056773845.1	A
rna-XM_057813517.1	A	rna-XM_056792531.1	A
rna-XM_057813516.1	A	rna-XM_056792733.1	A
rna-XM_057813518.1	A	rna-XM_056792734.1	A
rna-XM_057813382.1	A	rna-XM_056792730.1	A
rna-XM_057812301.1	A	rna-XM_056792883.1	A
rna-XM_057812505.1	A	rna-XM_056792472.1	A
rna-XM_057812489.1	A	rna-XM_056793219.1	A
rna-XM_057812488.1	A	rna-XM_056793225.1	A
rna-XM_057813490.1	A	rna-XM_056792947.1	A
rna-XM_057813982.1	A	rna-XM_056773879.1	A
rna-XM_057813978.1	A	rna-XM_056792944.1	A
rna-XM_057813976.1	A	rna-XM_056792942.1	A
rna-XM_057813981.1	A	rna-XM_056792946.1	A
rna-XM_057813250.1	A	rna-XM_056792940.1	A
rna-XM_057811255.1	A	rna-XM_056773877.1	A
rna-XM_057813830.1	A	rna-XM_056773958.1	A
rna-XM_057813832.1	A	rna-XM_056773959.1	A
rna-XM_057811684.1	A	rna-XM_056793108.1	A
rna-XM_057812025.1	A	rna-XM_056792347.1	A
rna-XM_057813344.1	A	rna-XM_056792846.1	A
rna-XM_057813345.1	A	rna-XM_056792847.1	A
rna-XM_057813308.1	A	rna-XM_056792937.1	A
rna-XM_057812205.1	A	rna-XM_056792939.1	A
rna-XM_057812947.1	A	rna-XM_056793212.1	A
rna-XM_057813217.1	A	rna-XM_056773809.1	A
rna-XM_057813218.1	A	rna-XM_056773810.1	A
rna-XM_057812274.1	A	rna-XM_056773812.1	A
rna-XM_057812908.1	A	rna-XM_056773808.1	A
rna-XM_057812965.1	A	rna-XM_056773811.1	A
rna-XM_057812471.1	A	rna-XM_056774158.1	A
rna-XM_057812108.1	A	rna-XM_056792389.1	A
rna-XM_057813567.1	A	rna-XM_056773592.1	A
rna-XM_057814492.1	A	rna-XM_056793205.1	A
rna-XM_057814490.1	A	rna-XM_056793204.1	A
rna-XM_057814493.1	A	rna-XM_056793202.1	A
rna-XM_057812221.1	A	rna-XM_056792505.1	A
rna-XM_057812222.1	A	rna-XM_056792500.1	A
rna-XM_057812225.1	A	rna-XM_056792499.1	A
rna-XM_057812304.1	A	rna-XM_056792854.1	A
rna-XM_057812018.1	A	rna-XM_056792397.1	A
rna-XM_057813554.1	A	rna-XM_056774080.1	A
rna-XM_057813747.1	A	rna-XM_056774082.1	A
rna-XM_057813740.1	A	rna-XM_056792631.1	A
rna-XM_057813752.1	A	rna-XM_056792589.1	A
rna-XM_057813756.1	A	rna-XM_056792581.1	A
rna-XM_057813764.1	A	rna-XM_056792108.1	A
rna-XM_057813758.1	A	rna-XM_056792106.1	A
rna-XM_057813762.1	A	rna-XM_056792107.1	A
rna-XM_057813767.1	A	rna-XM_056792110.1	A
rna-XM_057813769.1	A	rna-XM_056793207.1	A
rna-XM_057813778.1	A	rna-XM_056791943.1	A
rna-XM_057813783.1	A	rna-XM_056774252.1	A
rna-XM_057813785.1	A	rna-XM_056774251.1	A
rna-XM_057813774.1	A	rna-XM_056792807.1	A
rna-XM_057813790.1	A	rna-XM_056792544.1	A
rna-XM_057813788.1	A	rna-XM_056792542.1	A
rna-XM_057813791.1	A	rna-XM_056773995.1	A
rna-XM_057813795.1	A	rna-XM_056792567.1	A
rna-XM_057813792.1	A	rna-XM_056792980.1	A
rna-XM_057813794.1	A	rna-XM_056774173.1	A
rna-XM_057813796.1	A	rna-XM_056774167.1	A
rna-XM_057813800.1	A	rna-XM_056774129.1	A
rna-XM_057813801.1	A	rna-XM_056774131.1	A
rna-XM_057813805.1	A	rna-XM_056774127.1	A
rna-XM_057813814.1	A	rna-XM_056774128.1	A
rna-XM_057813810.1	A	rna-XM_056774121.1	A
rna-XM_057813817.1	A	rna-XM_056774126.1	A
rna-XM_057813804.1	A	rna-XM_056774117.1	A
rna-XM_057813815.1	A	rna-XM_056774124.1	A
rna-XM_057813807.1	A	rna-XM_056774118.1	A
rna-XM_057813818.1	A	rna-XM_056774119.1	A
rna-XM_057813820.1	A	rna-XM_056774116.1	A
rna-XM_057813821.1	A	rna-XM_056774111.1	A
rna-XM_057813823.1	A	rna-XM_056774109.1	A
rna-XM_057813825.1	A	rna-XM_056774110.1	A
rna-XM_057811257.1	A	rna-XM_056773873.1	A
rna-XM_057813826.1	A	rna-XM_056774107.1	A
rna-XM_057813828.1	A	rna-XM_056774108.1	A
rna-XM_057812258.1	A	rna-XM_056774106.1	A
rna-XM_057813557.1	A	rna-XM_056774104.1	A
rna-XM_057813556.1	A	rna-XM_056774103.1	A
rna-XM_057813558.1	A	rna-XM_056774101.1	A
rna-XM_057813560.1	A	rna-XM_056774100.1	A
rna-XM_057813563.1	A	rna-XM_056774102.1	A
rna-XM_057812177.1	A	rna-XM_056792622.1	A
rna-XM_057814290.1	A	rna-XM_056792040.1	A
rna-XM_057814326.1	A	rna-XM_056792060.1	A
rna-XM_057814327.1	A	rna-XM_056792062.1	A
rna-XM_057814322.1	A	rna-XM_056792057.1	A
rna-XM_057812567.1	A	rna-XM_056792615.1	A
rna-XM_057813220.1	A	rna-XM_056792897.1	A
rna-XM_057813219.1	A	rna-XM_056792895.1	A
rna-XM_057812194.1	A	rna-XM_056792879.1	A
rna-XM_057813540.1	A	rna-XM_056774176.1	A
rna-XM_057813538.1	A	rna-XM_056774175.1	A
rna-XM_057813548.1	A	rna-XM_056773872.1	A
rna-XM_057813543.1	A	rna-XM_056792820.1	A
rna-XM_057813542.1	A	rna-XM_056792578.1	A
rna-XM_057811529.1	A	rna-XM_056792038.1	A
rna-XM_057812231.1	A	rna-XM_056773871.1	A
rna-XM_057811623.1	A	rna-XM_056792555.1	A
rna-XM_057811629.1	A	rna-XM_056792557.1	A
rna-XM_057815134.1	A	rna-XM_056792270.1	A
rna-XM_057812437.1	A	rna-XM_056773869.1	A
rna-XM_057814414.1	A	rna-XM_056792736.1	A
rna-XM_057814401.1	A	rna-XM_056773867.1	A
rna-XM_057814383.1	A	rna-XM_056792037.1	A
rna-XM_057814417.1	A	rna-XM_056792548.1	A
rna-XM_057814374.1	A	rna-XM_056793242.1	A
rna-XM_057814395.1	A	rna-XM_056792671.1	A
rna-XM_057814413.1	A	rna-XM_056792392.1	A
rna-XM_057814381.1	A	rna-XM_056793221.1	A
rna-XM_057814406.1	A	rna-XM_056792277.1	A
rna-XM_057814376.1	A	rna-XM_056774149.1	A
rna-XM_057814410.1	A	rna-XM_056774153.1	A
rna-XM_057814384.1	A	rna-XM_056774151.1	A
rna-XM_057814404.1	A	rna-XM_056774152.1	A
rna-XM_057814418.1	A	rna-XM_056774156.1	A
rna-XM_057814415.1	A	rna-XM_056792252.1	A
rna-XM_057814393.1	A	rna-XM_056774247.1	A
rna-XM_057814405.1	A	rna-XM_056793090.1	A
rna-XM_057814389.1	A	rna-XM_056792649.1	A
rna-XM_057814402.1	A	rna-XM_056792682.1	A
rna-XM_057814386.1	A	rna-XM_056793246.1	A
rna-XM_057814416.1	A	rna-XM_056793247.1	A
rna-XM_057814371.1	A	rna-XM_056792065.1	A
rna-XM_057814399.1	A	rna-XM_056792069.1	A
rna-XM_057814380.1	A	rna-XM_056792067.1	A
rna-XM_057814411.1	A	rna-XM_056792775.1	A
rna-XM_057815028.1	A	rna-XM_056792003.1	A
rna-XM_057815030.1	A	rna-XM_056792004.1	A
rna-XM_057814694.1	A	rna-XM_056792325.1	A
rna-XM_057814701.1	A	rna-XM_056792666.1	A
rna-XM_057811261.1	A	rna-XM_056773866.1	A
rna-XM_057814697.1	A	rna-XM_056773834.1	A
rna-XM_057814696.1	A	rna-XM_056773865.1	A
rna-XM_057814700.1	A	rna-XM_056773833.1	A
rna-XM_057813010.1	A	rna-XM_056773734.1	A
rna-XM_057813429.1	A	rna-XM_056773741.1	A
rna-XM_057813464.1	A	rna-XM_056792308.1	A
rna-XM_057813466.1	A	rna-XM_056793118.1	A
rna-XM_057813459.1	A	rna-XM_056793112.1	A
rna-XM_057813457.1	A	rna-XM_056793110.1	A
rna-XM_057813462.1	A	rna-XM_056793116.1	A
rna-XM_057813463.1	A	rna-XM_056793117.1	A
rna-XM_057813460.1	A	rna-XM_056792143.1	A
rna-XM_057813253.1	A	rna-XM_056792387.1	A
rna-XM_057813251.1	A	rna-XM_056792171.1	A
rna-XM_057811658.1	A	rna-XM_056792170.1	A
rna-XM_057811660.1	A	rna-XM_056792169.1	A
rna-XM_057813572.1	A	rna-XM_056792652.1	A
rna-XM_057811262.1	A	rna-XM_056792656.1	A
rna-XM_057811732.1	A	rna-XM_056792653.1	A
rna-XM_057812817.1	A	rna-XM_056793123.1	A
rna-XM_057812184.1	A	rna-XM_056793020.1	A
rna-XM_057812178.1	A	rna-XM_056793018.1	A
rna-XM_057812185.1	A	rna-XM_056792487.1	A
rna-XM_057811680.1	A	rna-XM_056792873.1	A
rna-XM_057813028.1	A	rna-XM_056792872.1	A
rna-XM_057813029.1	A	rna-XM_056792358.1	A
rna-XM_057814593.1	A	rna-XM_056792921.1	A
rna-XM_057814594.1	A	rna-XM_056792922.1	A
rna-XM_057813733.1	A	rna-XM_056774159.1	A
rna-XM_057813734.1	A	rna-XM_056792090.1	A
rna-XM_057813341.1	A	rna-XM_056793015.1	A
rna-XM_057813535.1	A	rna-XM_056792363.1	A
rna-XM_057813536.1	A	rna-XM_056792365.1	A
rna-XM_057813170.1	A	rna-XM_056792740.1	A
rna-XM_057812305.1	A	rna-XM_056792672.1	A
rna-XM_057812986.1	A	rna-XM_056773817.1	A
rna-XM_057812984.1	A	rna-XM_056773814.1	A
rna-XM_057812989.1	A	rna-XM_056792710.1	A
rna-XM_057812988.1	A	rna-XM_056774166.1	A
rna-XM_057812992.1	A	rna-XM_056792285.1	A
rna-XM_057813604.1	A	rna-XM_056773690.1	A
rna-XM_057812299.1	A	rna-XM_056793059.1	A
rna-XM_057813311.1	A	rna-XM_056793058.1	A
rna-XM_057811285.1	A	rna-XM_056774078.1	A
rna-XM_057811286.1	A	rna-XM_056774079.1	A
rna-XM_057812820.1	A	rna-XM_056773862.1	A
rna-XM_057813020.1	A	rna-XM_056792281.1	A
rna-XM_057813427.1	A	rna-XM_056792407.1	A
rna-XM_057813428.1	A	rna-XM_056792197.1	A
rna-XM_057810903.1	A	rna-XM_056773841.1	A
rna-XM_057810928.1	A	rna-XM_056773838.1	A
rna-XM_057810914.1	A	rna-XM_056773835.1	A
rna-XM_057810933.1	A	rna-XM_056792745.1	A
rna-XM_057810930.1	A	rna-XM_056773956.1	A
rna-XM_057810923.1	A	rna-XM_056773955.1	A
rna-XM_057810902.1	A	rna-XM_056793130.1	A
rna-XM_057810931.1	A	rna-XM_056793135.1	A
rna-XM_057810922.1	A	rna-XM_056792473.1	A
rna-XM_057810918.1	A	rna-XM_056792396.1	A
rna-XM_057810909.1	A	rna-XM_056792393.1	A
rna-XM_057810927.1	A	rna-XM_056792517.1	A
rna-XM_057810929.1	A	rna-XM_056774183.1	A
rna-XM_057810932.1	A	rna-XM_056792140.1	A
rna-XM_057810920.1	A	rna-XM_056792138.1	A
rna-XM_057810910.1	A	rna-XM_056792134.1	A
rna-XM_057810924.1	A	rna-XM_056792139.1	A
rna-XM_057810900.1	A	rna-XM_056774063.1	A
rna-XM_057814434.1	A	rna-XM_056774059.1	A
rna-XM_057811770.1	A	rna-XM_056774058.1	A
rna-XM_057813169.1	A	rna-XM_056774057.1	A
rna-XM_057812227.1	A	rna-XM_056774056.1	A
rna-XM_057814647.1	A	rna-XM_056774055.1	A
rna-XM_057814652.1	A	rna-XM_056773860.1	A
rna-XM_057814650.1	A	rna-XM_056774051.1	A
rna-XM_057814653.1	A	rna-XM_056774054.1	A
rna-XM_057811265.1	A	rna-XM_056773858.1	A
rna-XM_057812232.1	A	rna-XM_056773857.1	A
rna-XM_057813032.1	A	rna-XM_056773856.1	A
rna-XM_057813033.1	A	rna-XM_056774049.1	A
rna-XM_057813034.1	A	rna-XM_056774048.1	A
rna-XM_057813035.1	A	rna-XM_056774046.1	A
rna-XM_057813038.1	A	rna-XM_056774045.1	A
rna-XM_057813039.1	A	rna-XM_056774038.1	A
rna-XM_057813040.1	A	rna-XM_056774040.1	A
rna-XM_057813041.1	A	rna-XM_056774044.1	A
rna-XM_057813042.1	A	rna-XM_056774036.1	A
rna-XM_057813044.1	A	rna-XM_056774033.1	A
rna-XM_057813051.1	A	rna-XM_056774031.1	A
rna-XM_057813047.1	A	rna-XM_056774028.1	A
rna-XM_057813046.1	A	rna-XM_056774027.1	A
rna-XM_057813053.1	A	rna-XM_056774026.1	A
rna-XM_057813052.1	A	rna-XM_056774024.1	A
rna-XM_057813054.1	A	rna-XM_056774021.1	A
rna-XM_057813056.1	A	rna-XM_056774019.1	A
rna-XM_057812629.1	A	rna-XM_056773854.1	A
rna-XM_057812212.1	A	rna-XM_056773853.1	A
rna-XM_057812502.1	A	rna-XM_056792623.1	A
rna-XM_057811268.1	A	rna-XM_056773852.1	A
rna-XM_057811553.1	A	rna-XM_056774165.1	A
rna-XM_057811549.1	A	rna-XM_056773578.1	A
rna-XM_057811558.1	A	rna-XM_056773580.1	A
rna-XM_057811556.1	A	rna-XM_056792798.1	A
rna-XM_057811555.1	A	rna-XM_056773850.1	A
rna-XM_057811554.1	A	rna-XM_056792529.1	A
rna-XM_057812675.1	A	rna-XM_056773849.1	A
rna-XM_057812096.1	A	rna-XM_056793010.1	A
rna-XM_057813412.1	A	rna-XM_056792152.1	A
rna-XM_057813413.1	A	rna-XM_056792151.1	A
rna-XM_057812514.1	A	rna-XM_056792313.1	A
rna-XM_057811548.1	A	rna-XM_056792253.1	A
rna-XM_057814475.1	A	rna-XM_056773830.1	A
rna-XM_057812635.1	A	rna-XM_056792784.1	A
rna-XM_057815138.1	A	rna-XM_056792525.1	A
rna-XM_057815143.1	A	rna-XM_056792690.1	A
rna-XM_057815141.1	A	rna-XM_056792689.1	A
rna-XM_057813419.1	A	rna-XM_056773593.1	A
rna-XM_057815064.1	A	rna-XM_056792535.1	A
rna-XM_057815063.1	A	rna-XM_056792532.1	A
rna-XM_057815065.1	A	rna-XM_056792537.1	A
rna-XM_057815062.1	A	rna-XM_056793031.1	A
rna-XM_057815070.1	A	rna-XM_056793030.1	A
rna-XM_057814664.1	A	rna-XM_056774237.1	A
rna-XM_057812044.1	A	rna-XM_056792402.1	A
rna-XM_057812041.1	A	rna-XM_056792398.1	A
rna-XM_057811269.1	A	rna-XM_056792844.1	A
rna-XM_057811651.1	A	rna-XM_056792877.1	A
rna-XM_057811653.1	A	rna-XM_056792878.1	A
rna-XM_057811654.1	A	rna-XM_056792306.1	A
rna-XM_057813472.1	A	rna-XM_056792275.1	A
rna-XM_057813339.1	A	rna-XM_056792274.1	A
rna-XM_057812648.1	A	rna-XM_056792903.1	A
rna-XM_057812646.1	A	rna-XM_056792901.1	A
rna-XM_057813408.1	A	rna-XM_056793092.1	A
rna-XM_057813605.1	A	rna-XM_056792305.1	A
rna-XM_057812095.1	A	rna-XM_056792284.1	A
rna-XM_057811725.1	A	rna-XM_056793063.1	A
rna-XM_057812810.1	A	rna-XM_056792892.1	A
rna-XM_057813320.1	A	rna-XM_056792310.1	A
rna-XM_057813318.1	A	rna-XM_056792309.1	A
rna-XM_057813322.1	A	rna-XM_056792311.1	A
rna-XM_057812230.1	A	rna-XM_056792667.1	A
rna-XM_057813664.1	A	rna-XM_056792519.1	A
rna-XM_057813670.1	A	rna-XM_056792089.1	A
rna-XM_057813668.1	A	rna-XM_056792087.1	A
rna-XM_057813671.1	A	rna-XM_056792086.1	A
rna-XM_057813476.1	A	rna-XM_056792747.1	A
rna-XM_057813475.1	A	rna-XM_056792835.1	A
rna-XM_057813870.1	A	rna-XM_056792746.1	A
rna-XM_057813868.1	A	rna-XM_056792797.1	A
rna-XM_057813863.1	A	rna-XM_056774222.1	A
rna-XM_057813862.1	A	rna-XM_056774220.1	A
rna-XM_057813865.1	A	rna-XM_056774221.1	A
rna-XM_057814444.1	A	rna-XM_056792833.1	A
rna-XM_057814442.1	A	rna-XM_056774218.1	A
rna-XM_057814445.1	A	rna-XM_056774219.1	A
rna-XM_057811687.1	A	rna-XM_056774217.1	A
rna-XM_057811272.1	A	rna-XM_056792832.1	A
rna-XM_057813391.1	A	rna-XM_056774216.1	A
rna-XM_057811356.1	A	rna-XM_056774210.1	A
rna-XM_057811202.1	A	rna-XM_056774206.1	A
rna-XM_057811204.1	A	rna-XM_056774209.1	A
rna-XM_057811203.1	A	rna-XM_056774205.1	A
rna-XM_057812485.1	A	rna-XM_056774203.1	A
rna-XM_057812028.1	A	rna-XM_056774204.1	A
rna-XM_057813388.1	A	rna-XM_056774197.1	A
rna-XM_057812211.1	A	rna-XM_056792829.1	A
rna-XM_057811275.1	A	rna-XM_056792827.1	A
rna-XM_057812457.1	A	rna-XM_056792826.1	A
rna-XM_057813063.1	A	rna-XM_056774196.1	A
rna-XM_057812450.1	A	rna-XM_056774195.1	A
rna-XM_057813618.1	A	rna-XM_056774194.1	A
rna-XM_057814684.1	A	rna-XM_056774187.1	A
rna-XM_057814691.1	A	rna-XM_056793230.1	A
rna-XM_057812472.1	A	rna-XM_056792819.1	A
rna-XM_057814746.1	A	rna-XM_056791998.1	A
rna-XM_057814750.1	A	rna-XM_056792000.1	A
rna-XM_057811649.1	A	rna-XM_056792254.1	A
rna-XM_057811650.1	A	rna-XM_056792660.1	A
rna-XM_057812806.1	A	rna-XM_056792471.1	A
rna-XM_057812913.1	A	rna-XM_056792104.1	A
rna-XM_057812914.1	A	rna-XM_056793068.1	A
rna-XM_057812124.1	A	rna-XM_056774142.1	A
rna-XM_057811278.1	A	rna-XM_056792809.1	A
rna-XM_057811707.1	A	rna-XM_056774141.1	A
rna-XM_057812782.1	A	rna-XM_056792624.1	A
rna-XM_057812799.1	A	rna-XM_056792762.1	A
rna-XM_057812791.1	A	rna-XM_056792761.1	A
rna-XM_057812792.1	A	rna-XM_056792788.1	A
rna-XM_057812797.1	A	rna-XM_056792007.1	A
rna-XM_057812798.1	A	rna-XM_056773548.1	A
rna-XM_057812795.1	A	rna-XM_056793241.1	A
rna-XM_057812796.1	A	rna-XM_056792371.1	A
rna-XM_057812789.1	A	rna-XM_056793066.1	A
rna-XM_057812794.1	A	rna-XM_056792005.1	A
rna-XM_057812800.1	A	rna-XM_056792642.1	A
rna-XM_057812802.1	A	rna-XM_056792657.1	A
rna-XM_057812801.1	A	rna-XM_056792296.1	A
rna-XM_057814008.1	A	rna-XM_056793008.1	A
rna-XM_057814012.1	A	rna-XM_056773777.1	A
rna-XM_057811752.1	A	rna-XM_056792530.1	A
rna-XM_057811754.1	A	rna-XM_056792636.1	A
rna-XM_057811755.1	A	rna-XM_056792670.1	A
rna-XM_057812622.1	A	rna-XM_056792404.1	A
rna-XM_057812623.1	A	rna-XM_056792316.1	A
rna-XM_057812624.1	A	rna-XM_056792803.1	A
rna-XM_057811562.1	A	rna-XM_056792167.1	A
rna-XM_057814189.1	A	rna-XM_056792771.1	A
rna-XM_057811279.1	A	rna-XM_056792785.1	A
rna-XM_057814191.1	A	rna-XM_056792813.1	A
rna-XM_057814195.1	A	rna-XM_056792810.1	A
rna-XM_057814201.1	A	rna-XM_056792816.1	A
rna-XM_057814204.1	A	rna-XM_056792538.1	A
rna-XM_057814210.1	A	rna-XM_056792616.1	A
rna-XM_057814209.1	A	rna-XM_056773586.1	A
rna-XM_057814206.1	A	rna-XM_056773583.1	A
rna-XM_057814208.1	A	rna-XM_056773581.1	A
rna-XM_057814213.1	A	rna-XM_056773584.1	A
rna-XM_057814215.1	A	rna-XM_056792770.1	A
rna-XM_057814214.1	A	rna-XM_056792769.1	A
rna-XM_057814231.1	A	rna-XM_056792082.1	A
rna-XM_057814235.1	A	rna-XM_056792084.1	A
rna-XM_057814216.1	A	rna-XM_056792187.1	A
rna-XM_057814238.1	A	rna-XM_056792974.1	A
rna-XM_057814239.1	A	rna-XM_056792508.1	A
rna-XM_057814236.1	A	rna-XM_056773797.1	A
rna-XM_057814240.1	A	rna-XM_056773799.1	A
rna-XM_057814241.1	A	rna-XM_056792227.1	A
rna-XM_057814242.1	A	rna-XM_056792779.1	A
rna-XM_057814243.1	A	rna-XM_056792780.1	A
rna-XM_057814245.1	A	rna-XM_056793139.1	A
rna-XM_057814247.1	A	rna-XM_056793245.1	A
rna-XM_057814248.1	A	rna-XM_056792764.1	A
rna-XM_057814252.1	A	rna-XM_056773689.1	A
rna-XM_057814255.1	A	rna-XM_056792367.1	A
rna-XM_057814253.1	A	rna-XM_056792951.1	A
rna-XM_057814271.1	A	rna-XM_056793248.1	A
rna-XM_057814258.1	A	rna-XM_056793104.1	A
rna-XM_057814268.1	A	rna-XM_056793087.1	A
rna-XM_057814256.1	A	rna-XM_056792828.1	A
rna-XM_057814260.1	A	rna-XM_056792698.1	A
rna-XM_057814263.1	A	rna-XM_056774184.1	A
rna-XM_057811282.1	A	rna-XM_056774185.1	A
rna-XM_057814264.1	A	rna-XM_056793071.1	A
rna-XM_057814272.1	A	rna-XM_056793075.1	A
rna-XM_057815326.1	Y	rna-XM_056779990.1	A
rna-XM_057815341.1	Y	rna-XM_056789835.1	X
rna-XM_057815353.1	Y	rna-XM_056791295.1	Y
rna-XM_057815358.1	Y	rna-XM_056788834.1	A
rna-XM_057815369.1	Y	rna-XM_056781709.1	A
rna-XM_057815376.1	Y	rna-XM_056780874.1	A
rna-XM_057815163.1	Y	rna-XM_056774873.1	A
rna-XM_057815161.1	Y	rna-XM_056787265.1	A
rna-XM_057815160.1	Y	rna-XM_056791140.1	X
rna-XM_057815309.1	Y	rna-XM_056780765.1	A
rna-XM_057815310.1	Y	rna-XM_056785571.1	A
rna-XM_057815315.1	Y	rna-XM_056791357.1	Y
rna-XM_057815190.1	Y	rna-XM_056789840.1	X
rna-XM_057815199.1	Y	rna-XM_056779539.1	A
rna-XM_057815275.1	Y	rna-XM_056787329.1	A
rna-XM_057815218.1	Y	rna-XM_056789849.1	X
rna-XM_057815242.1	Y	rna-XM_056781696.1	A
rna-XM_057815248.1	Y	rna-XM_056789093.1	X
rna-XM_057815249.1	Y	rna-XM_056785580.1	A
rna-XM_057815255.1	Y	rna-XM_056790432.1	X
rna-XM_057815291.1	Y	rna-XM_056786877.1	A
rna-XM_057815257.1	Y	rna-XM_056786872.1	A
rna-XM_057815258.1	Y	rna-XM_056790433.1	X
rna-XM_057815292.1	Y	rna-XM_056788835.1	A
rna-XM_057815391.1	A	rna-XM_056786851.1	A
rna-XM_057815404.1	A	rna-XM_056788213.1	A
rna-XM_057815403.1	A	rna-XM_056792647.1	A
rna-XM_057815414.1	A	rna-XM_056793113.1	A
