D_sublineata	chromosome	B_siliquastri	chromosome
rna-XM_056785268.1	A	BRAKERILHT00000007531	A
rna-XM_056788293.1	A	BRAKERILHT00000014456	A
rna-XM_056785296.1	A	BRAKERILHT00000015037	A
rna-XM_056785225.1	A	BRAKERILHT00000014917	A
rna-XM_056785239.1	A	BRAKERILHT00000015502	A
rna-XM_056785203.1	A	BRAKERILHT00000016744	A
rna-XM_056785540.1	A	BRAKERILHT00000000679	A
rna-XM_056785728.1	A	BRAKERILHT00000001449	A
rna-XM_056792928.1	A	BRAKERILHT00000002063	A
rna-XM_056791897.1	A	BRAKERILHT00000000234	A
rna-XM_056791900.1	A	BRAKERILHT00000004635	A
rna-XM_056784138.1	A	BRAKERILHT00000006354	A
rna-XM_056784114.1	A	BRAKERILHT00000014867	A
rna-XM_056788300.1	A	BRAKERILHT00000014193	A
rna-XM_056776645.1	A	BRAKERILHT00000015071	A
rna-XM_056776666.1	A	BRAKERILHT00000004126	A
rna-XM_056781619.1	A	BRAKERILHT00000015644	A
rna-XM_056775509.1	A	BRAKERILHT00000004844	A
rna-XM_056775549.1	A	BRAKERILHT00000004695	A
rna-XM_056782134.1	A	BRAKERILHT00000005874	A
rna-XM_056782145.1	A	BRAKERILHT00000005844	A
rna-XM_056782158.1	A	BRAKERILHT00000013733	A
rna-XM_056782215.1	A	BRAKERILHT00000009546	A
rna-XM_056782228.1	A	BRAKERILHT00000009944	A
rna-XM_056782202.1	A	BRAKERILHT00000013331	A
rna-XM_056782179.1	A	BRAKERILHT00000010332	A
rna-XM_056782248.1	A	BRAKERILHT00000008835	A
rna-XM_056779996.1	A	BRAKERILHT00000008510	A
rna-XM_056785964.1	A	BRAKERILHT00000009918	A
rna-XM_056785983.1	A	BRAKERILHT00000010084	A
rna-XM_056786017.1	A	BRAKERILHT00000008795	A
rna-XM_056786027.1	A	BRAKERILHT00000009726	A
rna-XM_056786040.1	A	BRAKERILHT00000009150	A
rna-XM_056786052.1	A	BRAKERILHT00000009504	A
rna-XM_056788311.1	A	BRAKERILHT00000010272	A
rna-XM_056786069.1	A	BRAKERILHT00000009680	A
rna-XM_056786081.1	A	BRAKERILHT00000000719	A
rna-XM_056786106.1	A	BRAKERILHT00000015831	A
rna-XM_056786119.1	A	BRAKERILHT00000009014	A
rna-XM_056786144.1	A	BRAKERILHT00000003997	A
rna-XM_056786162.1	A	BRAKERILHT00000004620	A
rna-XM_056786174.1	A	BRAKERILHT00000004906	A
rna-XM_056786188.1	A	BRAKERILHT00000005795	A
rna-XM_056786210.1	A	BRAKERILHT00000006321	A
rna-XM_056786223.1	A	BRAKERILHT00000005720	A
rna-XM_056786235.1	A	BRAKERILHT00000005368	A
rna-XM_056786245.1	A	BRAKERILHT00000016188	A
rna-XM_056786351.1	A	BRAKERILHT00000005046	A
rna-XM_056786337.1	A	BRAKERILHT00000014311	A
rna-XM_056786289.1	A	BRAKERILHT00000014569	A
rna-XM_056786277.1	A	BRAKERILHT00000014103	A
rna-XM_056786317.1	A	BRAKERILHT00000015792	A
rna-XM_056786371.1	A	BRAKERILHT00000000538	A
rna-XM_056786383.1	A	BRAKERILHT00000007727	A
rna-XM_056786393.1	A	BRAKERILHT00000007936	A
rna-XM_056786423.1	A	BRAKERILHT00000011790	A
rna-XM_056786473.1	A	BRAKERILHT00000002050	A
rna-XM_056786405.1	A	BRAKERILHT00000016575	A
rna-XM_056786438.1	A	BRAKERILHT00000001601	A
rna-XM_056786462.1	A	BRAKERILHT00000011923	A
rna-XM_056786450.1	A	BRAKERILHT00000012669	A
rna-XM_056788412.1	A	BRAKERILHT00000015804	A
rna-XM_056786540.1	A	BRAKERILHT00000002350	A
rna-XM_056786529.1	A	BRAKERILHT00000002774	A
rna-XM_056786585.1	A	BRAKERILHT00000008229	A
rna-XM_056786572.1	A	BRAKERILHT00000004321	A
rna-XM_056786598.1	A	BRAKERILHT00000003143	A
rna-XM_056786626.1	A	BRAKERILHT00000001198	A
rna-XM_056786647.1	A	BRAKERILHT00000003639	A
rna-XM_056786618.1	A	BRAKERILHT00000004083	A
rna-XM_056786635.1	A	BRAKERILHT00000005259	A
rna-XM_056788549.1	A	BRAKERILHT00000002959	A
rna-XM_056786638.1	A	BRAKERILHT00000006895	A
rna-XM_056786652.1	A	BRAKERILHT00000011265	A
rna-XM_056786666.1	A	BRAKERILHT00000007395	A
rna-XM_056786680.1	A	BRAKERILHT00000013748	A
rna-XM_056786721.1	A	BRAKERILHT00000016263	A
rna-XM_056786730.1	A	BRAKERILHT00000011120	A
rna-XM_056786755.1	A	BRAKERILHT00000011423	A
rna-XM_056786768.1	A	BRAKERILHT00000008518	A
rna-XM_056786742.1	A	BRAKERILHT00000000875	A
rna-XM_056786781.1	A	BRAKERILHT00000005805	A
rna-XM_056779247.1	A	BRAKERILHT00000005695	A
rna-XM_056788779.1	A	BRAKERILHT00000005109	A
rna-XM_056774270.1	A	BRAKERILHT00000014332	A
rna-XM_056785931.1	A	BRAKERILHT00000005783	A
rna-XM_056785673.1	A	BRAKERILHT00000005181	A
rna-XM_056785686.1	A	BRAKERILHT00000011922	A
rna-XM_056791494.1	A	BRAKERILHT00000017502	X
rna-XM_056791488.1	A	BRAKERILHT00000011377	A
rna-XM_056791503.1	A	BRAKERILHT00000014892	A
rna-XM_056791498.1	A	BRAKERILHT00000012177	A
rna-XM_056791512.1	A	BRAKERILHT00000013914	A
rna-XM_056791533.1	A	BRAKERILHT00000006259	A
rna-XM_056791538.1	A	BRAKERILHT00000012368	A
rna-XM_056791540.1	A	BRAKERILHT00000016588	A
rna-XM_056791554.1	A	BRAKERILHT00000016685	A
rna-XM_056791546.1	A	BRAKERILHT00000007576	A
rna-XM_056791550.1	A	BRAKERILHT00000016841	A
rna-XM_056775190.1	A	BRAKERILHT00000012359	A
rna-XM_056775235.1	A	BRAKERILHT00000010163	A
rna-XM_056775214.1	A	BRAKERILHT00000004250	A
rna-XM_056781587.1	A	BRAKERILHT00000003396	A
rna-XM_056784741.1	A	BRAKERILHT00000003636	A
rna-XM_056785645.1	A	BRAKERILHT00000014644	A
rna-XM_056791937.1	A	BRAKERILHT00000015386	A
rna-XM_056791951.1	A	BRAKERILHT00000002633	A
rna-XM_056779975.1	A	BRAKERILHT00000003305	A
rna-XM_056789057.1	A	BRAKERILHT00000004080	A
rna-XM_056777002.1	A	BRAKERILHT00000003424	A
rna-XM_056788462.1	A	BRAKERILHT00000003298	A
rna-XM_056788747.1	A	BRAKERILHT00000004271	A
rna-XM_056788976.1	A	BRAKERILHT00000004438	A
rna-XM_056789743.1	A	BRAKERILHT00000004392	A
rna-XM_056789846.1	A	BRAKERILHT00000011989	A
rna-XM_056790021.1	A	BRAKERILHT00000010716	A
rna-XM_056790387.1	A	BRAKERILHT00000005822	A
rna-XM_056790148.1	A	BRAKERILHT00000004621	A
rna-XM_056790274.1	A	BRAKERILHT00000006267	A
rna-XM_056790629.1	A	BRAKERILHT00000011546	A
rna-XM_056791072.1	A	BRAKERILHT00000010513	A
rna-XM_056791391.1	A	BRAKERILHT00000012267	A
rna-XM_056791276.1	A	BRAKERILHT00000011723	A
rna-XM_056791207.1	A	BRAKERILHT00000010029	A
rna-XM_056790951.1	A	BRAKERILHT00000010921	A
rna-XM_056785330.1	A	BRAKERILHT00000011166	A
rna-XM_056785350.1	A	BRAKERILHT00000006310	A
rna-XM_056779406.1	A	BRAKERILHT00000010238	A
rna-XM_056776346.1	A	BRAKERILHT00000006520	A
rna-XM_056774666.1	A	BRAKERILHT00000012076	A
rna-XM_056774679.1	A	BRAKERILHT00000006365	A
rna-XM_056774690.1	A	BRAKERILHT00000001954	A
rna-XM_056774710.1	A	BRAKERILHT00000010568	A
rna-XM_056784710.1	A	BRAKERILHT00000001706	A
rna-XM_056779312.1	A	BRAKERILHT00000001640	A
rna-XM_056776045.1	A	BRAKERILHT00000000004	A
rna-XM_056792863.1	A	BRAKERILHT00000009646	A
rna-XM_056779823.1	A	BRAKERILHT00000010039	A
rna-XM_056779834.1	A	BRAKERILHT00000009902	A
rna-XM_056789251.1	A	BRAKERILHT00000009743	A
rna-XM_056776583.1	A	BRAKERILHT00000008917	A
rna-XM_056779419.1	A	BRAKERILHT00000007518	A
rna-XM_056779437.1	A	BRAKERILHT00000006927	A
rna-XM_056791564.1	A	BRAKERILHT00000001466	A
rna-XM_056791567.1	A	BRAKERILHT00000014776	A
rna-XM_056787238.1	A	BRAKERILHT00000001777	A
rna-XM_056790290.1	A	BRAKERILHT00000011396	A
rna-XM_056790303.1	A	BRAKERILHT00000011973	A
rna-XM_056790246.1	A	BRAKERILHT00000010471	A
rna-XM_056790234.1	A	BRAKERILHT00000015436	A
rna-XM_056790199.1	A	BRAKERILHT00000014529	A
rna-XM_056790221.1	A	BRAKERILHT00000015598	A
rna-XM_056780388.1	A	BRAKERILHT00000005990	A
rna-XM_056784180.1	A	BRAKERILHT00000000557	A
rna-XM_056784151.1	A	BRAKERILHT00000014582	A
rna-XM_056778539.1	A	BRAKERILHT00000004784	A
rna-XM_056778554.1	A	BRAKERILHT00000004941	A
rna-XM_056787130.1	A	BRAKERILHT00000001931	A
rna-XM_056787452.1	A	BRAKERILHT00000005921	A
rna-XM_056787252.1	A	BRAKERILHT00000002663	A
rna-XM_056791389.1	A	BRAKERILHT00000009999	A
rna-XM_056789293.1	A	BRAKERILHT00000008615	A
rna-XM_056784244.1	A	BRAKERILHT00000002995	A
rna-XM_056776949.1	A	BRAKERILHT00000004253	A
rna-XM_056789304.1	A	BRAKERILHT00000005536	A
rna-XM_056789325.1	A	BRAKERILHT00000006872	A
rna-XM_056776329.1	A	BRAKERILHT00000008831	A
rna-XM_056793039.1	A	BRAKERILHT00000012519	A
rna-XM_056793173.1	A	BRAKERILHT00000007702	A
rna-XM_056773552.1	A	BRAKERILHT00000006689	A
rna-XM_056793065.1	A	BRAKERILHT00000002770	A
rna-XM_056773567.1	A	BRAKERILHT00000004397	A
rna-XM_056773597.1	A	BRAKERILHT00000002860	A
rna-XM_056777237.1	A	BRAKERILHT00000002714	A
rna-XM_056789496.1	A	BRAKERILHT00000003091	A
rna-XM_056789509.1	A	BRAKERILHT00000011760	A
rna-XM_056784261.1	A	BRAKERILHT00000002734	A
rna-XM_056780981.1	A	BRAKERILHT00000008068	A
rna-XM_056781008.1	A	BRAKERILHT00000006604	A
rna-XM_056785549.1	A	BRAKERILHT00000007276	A
rna-XM_056785541.1	A	BRAKERILHT00000000444	A
rna-XM_056784346.1	A	BRAKERILHT00000008216	A
rna-XM_056784224.1	A	BRAKERILHT00000007654	A
rna-XM_056779355.1	A	BRAKERILHT00000007004	A
rna-XM_056779345.1	A	BRAKERILHT00000004110	A
rna-XM_056791846.1	A	BRAKERILHT00000003922	A
rna-XM_056780343.1	A	BRAKERILHT00000003363	A
rna-XM_056791559.1	A	BRAKERILHT00000012990	A
rna-XM_056778947.1	A	BRAKERILHT00000003608	A
rna-XM_056788269.1	A	BRAKERILHT00000003343	A
rna-XM_056774553.1	A	BRAKERILHT00000003299	A
rna-XM_056774528.1	A	BRAKERILHT00000003626	A
rna-XM_056774540.1	A	BRAKERILHT00000013337	A
rna-XM_056774565.1	A	BRAKERILHT00000007681	A
rna-XM_056774580.1	A	BRAKERILHT00000007592	A
rna-XM_056782276.1	A	BRAKERILHT00000008164	A
rna-XM_056781728.1	A	BRAKERILHT00000007767	A
rna-XM_056777308.1	A	BRAKERILHT00000016143	A
rna-XM_056777294.1	A	BRAKERILHT00000015932	A
rna-XM_056777205.1	A	BRAKERILHT00000015795	A
rna-XM_056778260.1	A	BRAKERILHT00000016398	A
rna-XM_056780139.1	A	BRAKERILHT00000016236	A
rna-XM_056782991.1	A	BRAKERILHT00000009126	A
rna-XM_056782980.1	A	BRAKERILHT00000003561	A
rna-XM_056784790.1	A	BRAKERILHT00000004318	A
rna-XM_056787518.1	A	BRAKERILHT00000003535	A
rna-XM_056787531.1	A	BRAKERILHT00000004111	A
rna-XM_056787543.1	A	BRAKERILHT00000003698	A
rna-XM_056787510.1	A	BRAKERILHT00000003489	A
rna-XM_056787498.1	A	BRAKERILHT00000003098	A
rna-XM_056787476.1	A	BRAKERILHT00000013158	A
rna-XM_056790126.1	A	BRAKERILHT00000014050	A
rna-XM_056790869.1	A	BRAKERILHT00000003592	A
rna-XM_056790810.1	A	BRAKERILHT00000004199	A
rna-XM_056774250.1	A	BRAKERILHT00000002207	A
rna-XM_056780416.1	A	BRAKERILHT00000002385	A
rna-XM_056780403.1	A	BRAKERILHT00000002488	A
rna-XM_056779395.1	A	BRAKERILHT00000014934	A
rna-XM_056792618.1	A	BRAKERILHT00000006797	A
rna-XM_056781292.1	A	BRAKERILHT00000007257	A
rna-XM_056781212.1	A	BRAKERILHT00000002685	A
rna-XM_056780579.1	A	BRAKERILHT00000003675	A
rna-XM_056780693.1	A	BRAKERILHT00000002380	A
rna-XM_056790355.1	A	BRAKERILHT00000007392	A
rna-XM_056790377.1	A	BRAKERILHT00000009747	A
rna-XM_056790388.1	A	BRAKERILHT00000012910	A
rna-XM_056782299.1	A	BRAKERILHT00000012784	A
rna-XM_056782363.1	A	BRAKERILHT00000012518	A
rna-XM_056791743.1	A	BRAKERILHT00000013286	A
rna-XM_056791747.1	A	BRAKERILHT00000009277	A
rna-XM_056791877.1	A	BRAKERILHT00000015298	A
rna-XM_056791880.1	A	BRAKERILHT00000005087	A
rna-XM_056791879.1	A	BRAKERILHT00000003658	A
rna-XM_056782610.1	A	BRAKERILHT00000004863	A
rna-XM_056782623.1	A	BRAKERILHT00000005738	A
rna-XM_056774390.1	A	BRAKERILHT00000004590	A
rna-XM_056776712.1	A	BRAKERILHT00000003071	A
rna-XM_056776882.1	A	BRAKERILHT00000003654	A
rna-XM_056776893.1	A	BRAKERILHT00000018040	X
rna-XM_056776768.1	A	BRAKERILHT00000002443	A
rna-XM_056776841.1	A	BRAKERILHT00000008587	A
rna-XM_056776735.1	A	BRAKERILHT00000009146	A
rna-XM_056778028.1	A	BRAKERILHT00000002231	A
rna-XM_056791722.1	A	BRAKERILHT00000002741	A
rna-XM_056791724.1	A	BRAKERILHT00000006657	A
rna-XM_056791732.1	A	BRAKERILHT00000003665	A
rna-XM_056791737.1	A	BRAKERILHT00000004109	A
rna-XM_056791739.1	A	BRAKERILHT00000014623	A
rna-XM_056791742.1	A	BRAKERILHT00000014904	A
rna-XM_056777550.1	A	BRAKERILHT00000014716	A
rna-XM_056790615.1	A	BRAKERILHT00000010609	A
rna-XM_056780631.1	A	BRAKERILHT00000015008	A
rna-XM_056787383.1	A	BRAKERILHT00000009841	A
rna-XM_056777465.1	A	BRAKERILHT00000017439	X
rna-XM_056773760.1	A	BRAKERILHT00000000933	A
rna-XM_056773773.1	A	BRAKERILHT00000002259	A
rna-XM_056793005.1	A	BRAKERILHT00000003232	A
rna-XM_056793017.1	A	BRAKERILHT00000003025	A
rna-XM_056792992.1	A	BRAKERILHT00000004222	A
rna-XM_056779280.1	A	BRAKERILHT00000013522	A
rna-XM_056780784.1	A	BRAKERILHT00000003135	A
rna-XM_056780827.1	A	BRAKERILHT00000011115	A
rna-XM_056780775.1	A	BRAKERILHT00000016754	A
rna-XM_056784617.1	A	BRAKERILHT00000005422	A
rna-XM_056783721.1	A	BRAKERILHT00000014410	A
rna-XM_056783705.1	A	BRAKERILHT00000007376	A
rna-XM_056780717.1	A	BRAKERILHT00000012012	A
rna-XM_056780703.1	A	BRAKERILHT00000015372	A
rna-XM_056782614.1	A	BRAKERILHT00000014213	A
rna-XM_056782096.1	A	BRAKERILHT00000010284	A
rna-XM_056784969.1	A	BRAKERILHT00000008793	A
rna-XM_056791351.1	A	BRAKERILHT00000009723	A
rna-XM_056791327.1	A	BRAKERILHT00000010399	A
rna-XM_056791364.1	A	BRAKERILHT00000009212	A
rna-XM_056791359.1	A	BRAKERILHT00000010024	A
rna-XM_056785464.1	A	BRAKERILHT00000010023	A
rna-XM_056774202.1	A	BRAKERILHT00000001391	A
rna-XM_056784202.1	A	BRAKERILHT00000001785	A
rna-XM_056780869.1	A	BRAKERILHT00000009826	A
rna-XM_056776368.1	A	BRAKERILHT00000009352	A
rna-XM_056791731.1	A	BRAKERILHT00000000746	A
rna-XM_056774351.1	A	BRAKERILHT00000008781	A
rna-XM_056791378.1	A	BRAKERILHT00000006317	A
rna-XM_056780476.1	A	BRAKERILHT00000005076	A
rna-XM_056777151.1	A	BRAKERILHT00000006329	A
rna-XM_056777161.1	A	BRAKERILHT00000006380	A
rna-XM_056775443.1	A	BRAKERILHT00000006454	A
rna-XM_056775478.1	A	BRAKERILHT00000013625	A
rna-XM_056785167.1	A	BRAKERILHT00000006088	A
rna-XM_056785126.1	A	BRAKERILHT00000013415	A
rna-XM_056784776.1	A	BRAKERILHT00000012292	A
rna-XM_056791430.1	A	BRAKERILHT00000001181	A
rna-XM_056791424.1	A	BRAKERILHT00000001787	A
rna-XM_056791436.1	A	BRAKERILHT00000007972	A
rna-XM_056791471.1	A	BRAKERILHT00000014527	A
rna-XM_056791454.1	A	BRAKERILHT00000005881	A
rna-XM_056779944.1	A	BRAKERILHT00000001029	A
rna-XM_056778312.1	A	BRAKERILHT00000011794	A
rna-XM_056784918.1	A	BRAKERILHT00000010969	A
rna-XM_056782840.1	A	BRAKERILHT00000004651	A
rna-XM_056784633.1	A	BRAKERILHT00000006112	A
rna-XM_056784746.1	A	BRAKERILHT00000006150	A
rna-XM_056792970.1	A	BRAKERILHT00000004896	A
rna-XM_056785940.1	A	BRAKERILHT00000012925	A
rna-XM_056774653.1	A	BRAKERILHT00000014221	A
rna-XM_056792896.1	A	BRAKERILHT00000000213	A
rna-XM_056791706.1	A	BRAKERILHT00000005195	A
rna-XM_056791708.1	A	BRAKERILHT00000006024	A
rna-XM_056791705.1	A	BRAKERILHT00000005776	A
rna-XM_056785658.1	A	BRAKERILHT00000011077	A
rna-XM_056777583.1	A	BRAKERILHT00000010662	A
rna-XM_056777636.1	A	BRAKERILHT00000005623	A
rna-XM_056777595.1	A	BRAKERILHT00000015586	A
rna-XM_056777719.1	A	BRAKERILHT00000003871	A
rna-XM_056777683.1	A	BRAKERILHT00000003716	A
rna-XM_056777766.1	A	BRAKERILHT00000003356	A
rna-XM_056777737.1	A	BRAKERILHT00000003673	A
rna-XM_056792073.1	A	BRAKERILHT00000002504	A
rna-XM_056792101.1	A	BRAKERILHT00000002242	A
rna-XM_056791768.1	A	BRAKERILHT00000003715	A
rna-XM_056791776.1	A	BRAKERILHT00000002240	A
rna-XM_056791772.1	A	BRAKERILHT00000014054	A
rna-XM_056791774.1	A	BRAKERILHT00000004368	A
rna-XM_056791771.1	A	BRAKERILHT00000004006	A
rna-XM_056791777.1	A	BRAKERILHT00000003690	A
rna-XM_056791775.1	A	BRAKERILHT00000004017	A
rna-XM_056791633.1	A	BRAKERILHT00000003860	A
rna-XM_056791632.1	A	BRAKERILHT00000006347	A
rna-XM_056775028.1	A	BRAKERILHT00000002576	A
rna-XM_056773784.1	A	BRAKERILHT00000014281	A
rna-XM_056777559.1	A	BRAKERILHT00000003339	A
rna-XM_056775630.1	A	BRAKERILHT00000003250	A
rna-XM_056781748.1	A	BRAKERILHT00000016089	A
rna-XM_056781769.1	A	BRAKERILHT00000008428	A
rna-XM_056781759.1	A	BRAKERILHT00000000961	A
rna-XM_056790785.1	A	BRAKERILHT00000001416	A
rna-XM_056778669.1	A	BRAKERILHT00000002040	A
rna-XM_056778639.1	A	BRAKERILHT00000000487	A
rna-XM_056779300.1	A	BRAKERILHT00000009234	A
rna-XM_056778935.1	A	BRAKERILHT00000001426	A
rna-XM_056789474.1	A	BRAKERILHT00000000850	A
rna-XM_056776490.1	A	BRAKERILHT00000007831	A
rna-XM_056776477.1	A	BRAKERILHT00000007649	A
rna-XM_056788855.1	A	BRAKERILHT00000014874	A
rna-XM_056788994.1	A	BRAKERILHT00000014720	A
rna-XM_056790798.1	A	BRAKERILHT00000007135	A
rna-XM_056789005.1	A	BRAKERILHT00000012856	A
rna-XM_056788907.1	A	BRAKERILHT00000001737	A
rna-XM_056788941.1	A	BRAKERILHT00000000551	A
rna-XM_056788981.1	A	BRAKERILHT00000000522	A
rna-XM_056788954.1	A	BRAKERILHT00000014451	A
rna-XM_056788877.1	A	BRAKERILHT00000014987	A
rna-XM_056789023.1	A	BRAKERILHT00000005380	A
rna-XM_056784426.1	A	BRAKERILHT00000005457	A
rna-XM_056784191.1	A	BRAKERILHT00000002523	A
rna-XM_056791999.1	A	BRAKERILHT00000005664	A
rna-XM_056791975.1	A	BRAKERILHT00000013124	A
rna-XM_056791987.1	A	BRAKERILHT00000012664	A
rna-XM_056792019.1	A	BRAKERILHT00000004134	A
rna-XM_056786861.1	A	BRAKERILHT00000007526	A
rna-XM_056786811.1	A	BRAKERILHT00000002336	A
rna-XM_056786864.1	A	BRAKERILHT00000002165	A
rna-XM_056791611.1	A	BRAKERILHT00000004252	A
rna-XM_056791613.1	A	BRAKERILHT00000003822	A
rna-XM_056791612.1	A	BRAKERILHT00000002365	A
rna-XM_056791616.1	A	BRAKERILHT00000004000	A
rna-XM_056791609.1	A	BRAKERILHT00000009260	A
rna-XM_056779548.1	A	BRAKERILHT00000008506	A
rna-XM_056779515.1	A	BRAKERILHT00000009746	A
rna-XM_056779536.1	A	BRAKERILHT00000007581	A
rna-XM_056779528.1	A	BRAKERILHT00000007520	A
rna-XM_056785941.1	A	BRAKERILHT00000015877	A
rna-XM_056791811.1	A	BRAKERILHT00000006204	A
rna-XM_056791813.1	A	BRAKERILHT00000009353	A
rna-XM_056791814.1	A	BRAKERILHT00000002247	A
rna-XM_056784906.1	A	BRAKERILHT00000003954	A
rna-XM_056790987.1	A	BRAKERILHT00000016235	A
rna-XM_056790999.1	A	BRAKERILHT00000016372	A
rna-XM_056783902.1	A	BRAKERILHT00000000914	A
rna-XM_056789395.1	A	BRAKERILHT00000000470	A
rna-XM_056789370.1	A	BRAKERILHT00000000141	A
rna-XM_056789351.1	A	BRAKERILHT00000000670	A
rna-XM_056789384.1	A	BRAKERILHT00000001372	A
rna-XM_056789414.1	A	BRAKERILHT00000000446	A
rna-XM_056779449.1	A	BRAKERILHT00000009738	A
rna-XM_056784551.1	A	BRAKERILHT00000008773	A
rna-XM_056792842.1	A	BRAKERILHT00000009207	A
rna-XM_056792806.1	A	BRAKERILHT00000006973	A
rna-XM_056791013.1	A	BRAKERILHT00000008156	A
rna-XM_056792853.1	A	BRAKERILHT00000007168	A
rna-XM_056790075.1	A	BRAKERILHT00000002340	A
rna-XM_056790102.1	A	BRAKERILHT00000001012	A
rna-XM_056791875.1	A	BRAKERILHT00000006635	A
rna-XM_056791874.1	A	BRAKERILHT00000008195	A
rna-XM_056775694.1	A	BRAKERILHT00000010001	A
rna-XM_056775663.1	A	BRAKERILHT00000009138	A
rna-XM_056775681.1	A	BRAKERILHT00000009993	A
rna-XM_056775712.1	A	BRAKERILHT00000008499	A
rna-XM_056775942.1	A	BRAKERILHT00000009015	A
rna-XM_056775914.1	A	BRAKERILHT00000009183	A
rna-XM_056775954.1	A	BRAKERILHT00000012652	A
rna-XM_056774190.1	A	BRAKERILHT00000010313	A
rna-XM_056774105.1	A	BRAKERILHT00000008564	A
rna-XM_056780670.1	A	BRAKERILHT00000009380	A
rna-XM_056781677.1	A	BRAKERILHT00000009691	A
rna-XM_056783774.1	A	BRAKERILHT00000009427	A
rna-XM_056779787.1	A	BRAKERILHT00000009684	A
rna-XM_056783840.1	A	BRAKERILHT00000002186	A
rna-XM_056791037.1	A	BRAKERILHT00000008535	A
rna-XM_056774316.1	A	BRAKERILHT00000009776	A
rna-XM_056792451.1	A	BRAKERILHT00000002188	A
rna-XM_056792429.1	A	BRAKERILHT00000008731	A
rna-XM_056785564.1	A	BRAKERILHT00000009112	A
rna-XM_056785573.1	A	BRAKERILHT00000006541	A
rna-XM_056791047.1	A	BRAKERILHT00000009837	A
rna-XM_056790436.1	A	BRAKERILHT00000007253	A
rna-XM_056787057.1	A	BRAKERILHT00000010255	A
rna-XM_056787044.1	A	BRAKERILHT00000009589	A
rna-XM_056788232.1	A	BRAKERILHT00000009159	A
rna-XM_056787007.1	A	BRAKERILHT00000010388	A
rna-XM_056786969.1	A	BRAKERILHT00000009284	A
rna-XM_056786982.1	A	BRAKERILHT00000009720	A
rna-XM_056786927.1	A	BRAKERILHT00000009378	A
rna-XM_056787105.1	A	BRAKERILHT00000010363	A
rna-XM_056787117.1	A	BRAKERILHT00000009437	A
rna-XM_056787150.1	A	BRAKERILHT00000005843	A
rna-XM_056787175.1	A	BRAKERILHT00000009813	A
rna-XM_056787207.1	A	BRAKERILHT00000013579	A
rna-XM_056787227.1	A	BRAKERILHT00000013749	A
rna-XM_056777376.1	A	BRAKERILHT00000005327	A
rna-XM_056791919.1	A	BRAKERILHT00000005409	A
rna-XM_056791917.1	A	BRAKERILHT00000013937	A
rna-XM_056783100.1	A	BRAKERILHT00000013468	A
rna-XM_056783111.1	A	BRAKERILHT00000013758	A
rna-XM_056792643.1	A	BRAKERILHT00000012609	A
rna-XM_056779112.1	A	BRAKERILHT00000012557	A
rna-XM_056779154.1	A	BRAKERILHT00000001873	A
rna-XM_056777778.1	A	BRAKERILHT00000013690	A
rna-XM_056773903.1	A	BRAKERILHT00000005220	A
rna-XM_056773887.1	A	BRAKERILHT00000007432	A
rna-XM_056785093.1	A	BRAKERILHT00000016366	A
rna-XM_056776597.1	A	BRAKERILHT00000015895	A
rna-XM_056776978.1	A	BRAKERILHT00000012936	A
rna-XM_056791293.1	A	BRAKERILHT00000012626	A
rna-XM_056792703.1	A	BRAKERILHT00000013834	A
rna-XM_056792941.1	A	BRAKERILHT00000012538	A
rna-XM_056791298.1	A	BRAKERILHT00000001687	A
rna-XM_056775094.1	A	BRAKERILHT00000006584	A
rna-XM_056775320.1	A	BRAKERILHT00000008590	A
rna-XM_056783805.1	A	BRAKERILHT00000007474	A
rna-XM_056783791.1	A	BRAKERILHT00000006892	A
rna-XM_056791323.1	A	BRAKERILHT00000015076	A
rna-XM_056777573.1	A	BRAKERILHT00000015045	A
rna-XM_056792630.1	A	BRAKERILHT00000011167	A
rna-XM_056791584.1	A	BRAKERILHT00000009369	A
rna-XM_056785622.1	A	BRAKERILHT00000008494	A
rna-XM_056774288.1	A	BRAKERILHT00000015945	A
rna-XM_056774301.1	A	BRAKERILHT00000005254	A
rna-XM_056780052.1	A	BRAKERILHT00000008492	A
rna-XM_056791859.1	A	BRAKERILHT00000013773	A
rna-XM_056791858.1	A	BRAKERILHT00000006907	A
rna-XM_056791857.1	A	BRAKERILHT00000005655	A
rna-XM_056791843.1	A	BRAKERILHT00000000518	A
rna-XM_056791834.1	A	BRAKERILHT00000007954	A
rna-XM_056791832.1	A	BRAKERILHT00000011445	A
rna-XM_056791845.1	A	BRAKERILHT00000000190	A
rna-XM_056775041.1	A	BRAKERILHT00000014119	A
rna-XM_056792476.1	A	BRAKERILHT00000010676	A
rna-XM_056774722.1	A	BRAKERILHT00000001333	A
rna-XM_056791701.1	A	BRAKERILHT00000000805	A
rna-XM_056782649.1	A	BRAKERILHT00000001478	A
rna-XM_056776699.1	A	BRAKERILHT00000015468	A
rna-XM_056785362.1	A	BRAKERILHT00000003044	A
rna-XM_056777272.1	A	BRAKERILHT00000014001	A
rna-XM_056782263.1	A	BRAKERILHT00000002435	A
rna-XM_056780307.1	A	BRAKERILHT00000004422	A
rna-XM_056780280.1	A	BRAKERILHT00000004363	A
rna-XM_056778346.1	A	BRAKERILHT00000009771	A
rna-XM_056778359.1	A	BRAKERILHT00000008685	A
rna-XM_056778334.1	A	BRAKERILHT00000008954	A
rna-XM_056778383.1	A	BRAKERILHT00000015193	A
rna-XM_056778422.1	A	BRAKERILHT00000003367	A
rna-XM_056778427.1	A	BRAKERILHT00000006932	A
rna-XM_056778439.1	A	BRAKERILHT00000007553	A
rna-XM_056778453.1	A	BRAKERILHT00000006823	A
rna-XM_056791853.1	A	BRAKERILHT00000012271	A
rna-XM_056791855.1	A	BRAKERILHT00000011630	A
rna-XM_056780527.1	A	BRAKERILHT00000017088	X
rna-XM_056780551.1	A	BRAKERILHT00000007818	A
rna-XM_056778220.1	A	BRAKERILHT00000015285	A
rna-XM_056778233.1	A	BRAKERILHT00000015198	A
rna-XM_056773868.1	A	BRAKERILHT00000008833	A
rna-XM_056773851.1	A	BRAKERILHT00000005811	A
rna-XM_056791781.1	A	BRAKERILHT00000009065	A
rna-XM_056783940.1	A	BRAKERILHT00000006779	A
rna-XM_056782791.1	A	BRAKERILHT00000014846	A
rna-XM_056785310.1	A	BRAKERILHT00000014305	A
rna-XM_056785432.1	A	BRAKERILHT00000006598	A
rna-XM_056777942.1	A	BRAKERILHT00000003483	A
rna-XM_056775334.1	A	BRAKERILHT00000001939	A
rna-XM_056780088.1	A	BRAKERILHT00000009965	A
rna-XM_056784009.1	A	BRAKERILHT00000009891	A
rna-XM_056784020.1	A	BRAKERILHT00000008761	A
rna-XM_056784033.1	A	BRAKERILHT00000009323	A
rna-XM_056784046.1	A	BRAKERILHT00000009591	A
rna-XM_056784059.1	A	BRAKERILHT00000000133	A
rna-XM_056784984.1	A	BRAKERILHT00000009331	A
rna-XM_056791558.1	A	BRAKERILHT00000010217	A
rna-XM_056777527.1	A	BRAKERILHT00000015375	A
rna-XM_056777515.1	A	BRAKERILHT00000014212	A
rna-XM_056777044.1	A	BRAKERILHT00000001359	A
rna-XM_056777085.1	A	BRAKERILHT00000001516	A
rna-XM_056777073.1	A	BRAKERILHT00000012838	A
rna-XM_056780764.1	A	BRAKERILHT00000013417	A
rna-XM_056783001.1	A	BRAKERILHT00000014929	A
rna-XM_056791752.1	A	BRAKERILHT00000015525	A
rna-XM_056791754.1	A	BRAKERILHT00000015333	A
rna-XM_056777900.1	A	BRAKERILHT00000005670	A
rna-XM_056791560.1	A	BRAKERILHT00000015441	A
rna-XM_056774592.1	A	BRAKERILHT00000014444	A
rna-XM_056774615.1	A	BRAKERILHT00000014104	A
rna-XM_056774628.1	A	BRAKERILHT00000015304	A
rna-XM_056784436.1	A	BRAKERILHT00000012446	A
rna-XM_056775066.1	A	BRAKERILHT00000013780	A
rna-XM_056791561.1	A	BRAKERILHT00000013079	A
rna-XM_056781842.1	A	BRAKERILHT00000013442	A
rna-XM_056773805.1	A	BRAKERILHT00000013549	A
rna-XM_056773839.1	A	BRAKERILHT00000007321	A
rna-XM_056780194.1	A	BRAKERILHT00000015770	A
rna-XM_056778476.1	A	BRAKERILHT00000011806	A
rna-XM_056778514.1	A	BRAKERILHT00000015100	A
rna-XM_056774227.1	A	BRAKERILHT00000015689	A
rna-XM_056775966.1	A	BRAKERILHT00000008185	A
rna-XM_056781133.1	A	BRAKERILHT00000007058	A
rna-XM_056790940.1	A	BRAKERILHT00000014709	A
rna-XM_056790952.1	A	BRAKERILHT00000015451	A
rna-XM_056779801.1	A	BRAKERILHT00000006516	A
rna-XM_056779875.1	A	BRAKERILHT00000013693	A
rna-XM_056787453.1	A	BRAKERILHT00000013895	A
rna-XM_056780938.1	A	BRAKERILHT00000012603	A
rna-XM_056779908.1	A	BRAKERILHT00000014638	A
rna-XM_056792114.1	A	BRAKERILHT00000007228	A
rna-XM_056792126.1	A	BRAKERILHT00000013391	A
rna-XM_056792136.1	A	BRAKERILHT00000014744	A
rna-XM_056781714.1	A	BRAKERILHT00000015097	A
rna-XM_056775347.1	A	BRAKERILHT00000012585	A
rna-XM_056775439.1	A	BRAKERILHT00000010121	A
rna-XM_056775367.1	A	BRAKERILHT00000008997	A
rna-XM_056775429.1	A	BRAKERILHT00000010128	A
rna-XM_056791878.1	A	BRAKERILHT00000004685	A
rna-XM_056791486.1	A	BRAKERILHT00000009868	A
rna-XM_056783883.1	A	BRAKERILHT00000008760	A
rna-XM_056785063.1	A	BRAKERILHT00000009499	A
rna-XM_056774940.1	A	BRAKERILHT00000015264	A
rna-XM_056774952.1	A	BRAKERILHT00000010165	A
rna-XM_056774798.1	A	BRAKERILHT00000009798	A
rna-XM_056782005.1	A	BRAKERILHT00000010354	A
rna-XM_056782028.1	A	BRAKERILHT00000009110	A
rna-XM_056791620.1	A	BRAKERILHT00000010314	A
rna-XM_056778175.1	A	BRAKERILHT00000016081	A
rna-XM_056786024.1	A	BRAKERILHT00000014354	A
rna-XM_056785927.1	A	BRAKERILHT00000010834	A
rna-XM_056786149.1	A	BRAKERILHT00000011447	A
rna-XM_056791809.1	A	BRAKERILHT00000010829	A
rna-XM_056775286.1	A	BRAKERILHT00000004727	A
rna-XM_056775263.1	A	BRAKERILHT00000010769	A
rna-XM_056791645.1	A	BRAKERILHT00000011514	A
rna-XM_056791651.1	A	BRAKERILHT00000005560	A
rna-XM_056791650.1	A	BRAKERILHT00000010267	A
rna-XM_056791652.1	A	BRAKERILHT00000000866	A
rna-XM_056791628.1	A	BRAKERILHT00000000163	A
rna-XM_056791653.1	A	BRAKERILHT00000001143	A
rna-XM_056791658.1	A	BRAKERILHT00000011507	A
rna-XM_056791629.1	A	BRAKERILHT00000010899	A
rna-XM_056791660.1	A	BRAKERILHT00000010511	A
rna-XM_056791681.1	A	BRAKERILHT00000011413	A
rna-XM_056791672.1	A	BRAKERILHT00000011153	A
rna-XM_056791662.1	A	BRAKERILHT00000011538	A
rna-XM_056791667.1	A	BRAKERILHT00000011962	A
rna-XM_056791680.1	A	BRAKERILHT00000011147	A
rna-XM_056784628.1	A	BRAKERILHT00000011936	A
rna-XM_056791630.1	A	BRAKERILHT00000012070	A
rna-XM_056785702.1	A	BRAKERILHT00000005861	A
rna-XM_056779384.1	A	BRAKERILHT00000012447	A
rna-XM_056784232.1	A	BRAKERILHT00000013145	A
rna-XM_056774094.1	A	BRAKERILHT00000002715	A
rna-XM_056783915.1	A	BRAKERILHT00000005061	A
rna-XM_056783928.1	A	BRAKERILHT00000004466	A
rna-XM_056778162.1	A	BRAKERILHT00000004771	A
rna-XM_056791916.1	A	BRAKERILHT00000016045	A
rna-XM_056791912.1	A	BRAKERILHT00000003490	A
rna-XM_056779071.1	A	BRAKERILHT00000003301	A
rna-XM_056791644.1	A	BRAKERILHT00000003806	A
rna-XM_056791795.1	A	BRAKERILHT00000003383	A
rna-XM_056791784.1	A	BRAKERILHT00000003556	A
rna-XM_056792691.1	A	BRAKERILHT00000009076	A
rna-XM_056791682.1	A	BRAKERILHT00000001392	A
rna-XM_056791869.1	A	BRAKERILHT00000007005	A
rna-XM_056791872.1	A	BRAKERILHT00000010900	A
rna-XM_056789153.1	A	BRAKERILHT00000008834	A
rna-XM_056789239.1	A	BRAKERILHT00000009727	A
rna-XM_056789176.1	A	BRAKERILHT00000010367	A
rna-XM_056789189.1	A	BRAKERILHT00000008742	A
rna-XM_056789224.1	A	BRAKERILHT00000013297	A
rna-XM_056789163.1	A	BRAKERILHT00000013674	A
rna-XM_056792188.1	A	BRAKERILHT00000011931	A
rna-XM_056791657.1	A	BRAKERILHT00000010666	A
rna-XM_056791671.1	A	BRAKERILHT00000011221	A
rna-XM_056791720.1	A	BRAKERILHT00000012564	A
rna-XM_056791715.1	A	BRAKERILHT00000000433	A
rna-XM_056776149.1	A	BRAKERILHT00000013144	A
rna-XM_056778959.1	A	BRAKERILHT00000012573	A
rna-XM_056783591.1	A	BRAKERILHT00000013998	A
rna-XM_056783963.1	A	BRAKERILHT00000013798	A
rna-XM_056774734.1	A	BRAKERILHT00000013247	A
rna-XM_056779985.1	A	BRAKERILHT00000011082	A
rna-XM_056783673.1	A	BRAKERILHT00000011113	A
rna-XM_056791721.1	A	BRAKERILHT00000000335	A
rna-XM_056781335.1	A	BRAKERILHT00000010458	A
rna-XM_056781363.1	A	BRAKERILHT00000011994	A
rna-XM_056781386.1	A	BRAKERILHT00000004133	A
rna-XM_056781440.1	A	BRAKERILHT00000004299	A
rna-XM_056781455.1	A	BRAKERILHT00000005519	A
rna-XM_056781505.1	A	BRAKERILHT00000006772	A
rna-XM_056781519.1	A	BRAKERILHT00000012870	A
rna-XM_056781543.1	A	BRAKERILHT00000006014	A
rna-XM_056781563.1	A	BRAKERILHT00000004666	A
rna-XM_056781576.1	A	BRAKERILHT00000007009	A
rna-XM_056779176.1	A	BRAKERILHT00000007079	A
rna-XM_056779212.1	A	BRAKERILHT00000012845	A
rna-XM_056779227.1	A	BRAKERILHT00000007259	A
rna-XM_056787789.1	A	BRAKERILHT00000004502	A
rna-XM_056776677.1	A	BRAKERILHT00000007302	A
rna-XM_056791622.1	A	BRAKERILHT00000000678	A
rna-XM_056777963.1	A	BRAKERILHT00000007437	A
rna-XM_056790748.1	A	BRAKERILHT00000007458	A
rna-XM_056790735.1	A	BRAKERILHT00000016647	A
rna-XM_056774848.1	A	BRAKERILHT00000016637	A
rna-XM_056779044.1	A	BRAKERILHT00000015658	A
rna-XM_056779032.1	A	BRAKERILHT00000016308	A
rna-XM_056791851.1	A	BRAKERILHT00000010028	A
rna-XM_056786625.1	A	BRAKERILHT00000009402	A
rna-XM_056781020.1	A	BRAKERILHT00000007393	A
rna-XM_056773659.1	A	BRAKERILHT00000008589	A
rna-XM_056778208.1	A	BRAKERILHT00000008974	A
rna-XM_056778187.1	A	BRAKERILHT00000004912	A
rna-XM_056791555.1	A	BRAKERILHT00000014588	A
rna-XM_056791557.1	A	BRAKERILHT00000006771	A
rna-XM_056785521.1	A	BRAKERILHT00000003810	A
rna-XM_056781065.1	A	BRAKERILHT00000001022	A
rna-XM_056783672.1	A	BRAKERILHT00000014367	A
rna-XM_056783978.1	A	BRAKERILHT00000014524	A
rna-XM_056783787.1	A	BRAKERILHT00000014129	A
rna-XM_056792278.1	A	BRAKERILHT00000008255	A
rna-XM_056792444.1	A	BRAKERILHT00000006213	A
rna-XM_056783547.1	A	BRAKERILHT00000006638	A
rna-XM_056783579.1	A	BRAKERILHT00000010733	A
rna-XM_056784671.1	A	BRAKERILHT00000002098	A
rna-XM_056791641.1	A	BRAKERILHT00000010317	A
rna-XM_056791642.1	A	BRAKERILHT00000000060	A
rna-XM_056791638.1	A	BRAKERILHT00000015099	A
rna-XM_056783122.1	A	BRAKERILHT00000015217	A
rna-XM_056792774.1	A	BRAKERILHT00000014184	A
rna-XM_056792033.1	A	BRAKERILHT00000015118	A
rna-XM_056786880.1	A	BRAKERILHT00000014785	A
rna-XM_056777830.1	A	BRAKERILHT00000014604	A
rna-XM_056777878.1	A	BRAKERILHT00000015283	A
rna-XM_056788214.1	A	BRAKERILHT00000014845	A
rna-XM_056775309.1	A	BRAKERILHT00000013510	A
rna-XM_056775298.1	A	BRAKERILHT00000014378	A
rna-XM_056774919.1	A	BRAKERILHT00000012851	A
rna-XM_056777790.1	A	BRAKERILHT00000014808	A
rna-XM_056777803.1	A	BRAKERILHT00000014743	A
rna-XM_056777817.1	A	BRAKERILHT00000014942	A
rna-XM_056791061.1	A	BRAKERILHT00000014593	A
rna-XM_056791099.1	A	BRAKERILHT00000014782	A
rna-XM_056791126.1	A	BRAKERILHT00000014543	A
rna-XM_056791148.1	A	BRAKERILHT00000014526	A
rna-XM_056782534.1	A	BRAKERILHT00000014484	A
rna-XM_056783765.1	A	BRAKERILHT00000014903	A
rna-XM_056779895.1	A	BRAKERILHT00000015358	A
rna-XM_056779478.1	A	BRAKERILHT00000015256	A
rna-XM_056792046.1	A	BRAKERILHT00000014343	A
rna-XM_056792061.1	A	BRAKERILHT00000014304	A
rna-XM_056784273.1	A	BRAKERILHT00000015393	A
rna-XM_056784295.1	A	BRAKERILHT00000014180	A
rna-XM_056777260.1	A	BRAKERILHT00000015407	A
rna-XM_056784698.1	A	BRAKERILHT00000003258	A
rna-XM_056791744.1	A	BRAKERILHT00000009069	A
rna-XM_056780364.1	A	BRAKERILHT00000008938	A
rna-XM_056791691.1	A	BRAKERILHT00000013491	A
rna-XM_056791699.1	A	BRAKERILHT00000013237	A
rna-XM_056791698.1	A	BRAKERILHT00000012897	A
rna-XM_056788245.1	A	BRAKERILHT00000012760	A
rna-XM_056787704.1	A	BRAKERILHT00000013281	A
rna-XM_056787674.1	A	BRAKERILHT00000012511	A
rna-XM_056787731.1	A	BRAKERILHT00000013907	A
rna-XM_056787777.1	A	BRAKERILHT00000011018	A
rna-XM_056785906.1	A	BRAKERILHT00000011086	A
rna-XM_056789987.1	A	BRAKERILHT00000011861	A
rna-XM_056792607.1	A	BRAKERILHT00000012508	A
rna-XM_056780050.1	A	BRAKERILHT00000014956	A
rna-XM_056792916.1	A	BRAKERILHT00000011323	A
rna-XM_056781181.1	A	BRAKERILHT00000005143	A
rna-XM_056791922.1	A	BRAKERILHT00000005429	A
rna-XM_056776550.1	A	BRAKERILHT00000005396	A
rna-XM_056782546.1	A	BRAKERILHT00000012036	A
rna-XM_056775644.1	A	BRAKERILHT00000012305	A
rna-XM_056791885.1	A	BRAKERILHT00000011486	A
rna-XM_056791884.1	A	BRAKERILHT00000012291	A
rna-XM_056791888.1	A	BRAKERILHT00000002087	A
rna-XM_056791890.1	A	BRAKERILHT00000000906	A
rna-XM_056779467.1	A	BRAKERILHT00000010812	A
rna-XM_056777419.1	A	BRAKERILHT00000015299	A
rna-XM_056773804.1	A	BRAKERILHT00000006855	A
rna-XM_056774003.1	A	BRAKERILHT00000011577	A
rna-XM_056773990.1	A	BRAKERILHT00000015526	A
rna-XM_056781323.1	A	BRAKERILHT00000006856	A
rna-XM_056778526.1	A	BRAKERILHT00000002793	A
rna-XM_056773647.1	A	BRAKERILHT00000011926	A
rna-XM_056778004.1	A	BRAKERILHT00000011567	A
rna-XM_056777976.1	A	BRAKERILHT00000004057	A
rna-XM_056791685.1	A	BRAKERILHT00000005748	A
rna-XM_056791683.1	A	BRAKERILHT00000012251	A
rna-XM_056791688.1	A	BRAKERILHT00000011142	A
rna-XM_056775015.1	A	BRAKERILHT00000007410	A
rna-XM_056783861.1	A	BRAKERILHT00000011148	A
rna-XM_056785919.1	A	BRAKERILHT00000011846	A
rna-XM_056791904.1	A	BRAKERILHT00000003155	A
rna-XM_056791911.1	A	BRAKERILHT00000011244	A
rna-XM_056779711.1	A	BRAKERILHT00000004996	A
rna-XM_056775123.1	A	BRAKERILHT00000005434	A
rna-XM_056776003.1	A	BRAKERILHT00000010426	A
rna-XM_056780652.1	A	BRAKERILHT00000011456	A
rna-XM_056782560.1	A	BRAKERILHT00000012220	A
rna-XM_056782574.1	A	BRAKERILHT00000010843	A
rna-XM_056791842.1	A	BRAKERILHT00000002160	A
rna-XM_056791829.1	A	BRAKERILHT00000001582	A
rna-XM_056781925.1	A	BRAKERILHT00000011478	A
rna-XM_056777128.1	A	BRAKERILHT00000008432	A
rna-XM_056780100.1	A	BRAKERILHT00000006120	A
rna-XM_056784824.1	A	BRAKERILHT00000010794	A
rna-XM_056784868.1	A	BRAKERILHT00000016793	A
rna-XM_056784804.1	A	BRAKERILHT00000011815	A
rna-XM_056784887.1	A	BRAKERILHT00000011345	A
rna-XM_056781854.1	A	BRAKERILHT00000011904	A
rna-XM_056781894.1	A	BRAKERILHT00000011051	A
rna-XM_056788762.1	A	BRAKERILHT00000011285	A
rna-XM_056788748.1	A	BRAKERILHT00000012106	A
rna-XM_056788618.1	A	BRAKERILHT00000010942	A
rna-XM_056788671.1	A	BRAKERILHT00000010862	A
rna-XM_056788575.1	A	BRAKERILHT00000011671	A
rna-XM_056788716.1	A	BRAKERILHT00000011678	A
rna-XM_056788683.1	A	BRAKERILHT00000000237	A
rna-XM_056788630.1	A	BRAKERILHT00000011222	A
rna-XM_056788641.1	A	BRAKERILHT00000012030	A
rna-XM_056788597.1	A	BRAKERILHT00000011108	A
rna-XM_056774029.1	A	BRAKERILHT00000010947	A
rna-XM_056776160.1	A	BRAKERILHT00000013703	A
rna-XM_056792157.1	A	BRAKERILHT00000013058	A
rna-XM_056792177.1	A	BRAKERILHT00000013818	A
rna-XM_056774050.1	A	BRAKERILHT00000013421	A
rna-XM_056774062.1	A	BRAKERILHT00000014806	A
rna-XM_056774074.1	A	BRAKERILHT00000013400	A
rna-XM_056774750.1	A	BRAKERILHT00000012437	A
rna-XM_056784538.1	A	BRAKERILHT00000008372	A
rna-XM_056792203.1	A	BRAKERILHT00000001400	A
rna-XM_056792255.1	A	BRAKERILHT00000001216	A
rna-XM_056788205.1	A	BRAKERILHT00000000578	A
rna-XM_056791250.1	A	BRAKERILHT00000001996	A
rna-XM_056791256.1	A	BRAKERILHT00000001371	A
rna-XM_056791277.1	A	BRAKERILHT00000014913	A
rna-XM_056791259.1	A	BRAKERILHT00000002234	A
rna-XM_056791290.1	A	BRAKERILHT00000003969	A
rna-XM_056783692.1	A	BRAKERILHT00000014073	A
rna-XM_056778050.1	A	BRAKERILHT00000007047	A
rna-XM_056778147.1	A	BRAKERILHT00000012876	A
rna-XM_056781967.1	A	BRAKERILHT00000006335	A
rna-XM_056776032.1	A	BRAKERILHT00000001684	A
rna-XM_056776243.1	A	BRAKERILHT00000001565	A
rna-XM_056780331.1	A	BRAKERILHT00000000613	A
rna-XM_056780462.1	A	BRAKERILHT00000011990	A
rna-XM_056785191.1	A	BRAKERILHT00000000663	A
rna-XM_056784989.1	A	BRAKERILHT00000001812	A
rna-XM_056785036.1	A	BRAKERILHT00000001191	A
rna-XM_056785000.1	A	BRAKERILHT00000011257	A
rna-XM_056775593.1	A	BRAKERILHT00000000592	A
rna-XM_056775619.1	A	BRAKERILHT00000005629	A
rna-XM_056775565.1	A	BRAKERILHT00000009945	A
rna-XM_056779737.1	A	BRAKERILHT00000017093	X
rna-XM_056779853.1	A	BRAKERILHT00000007036	A
rna-XM_056790447.1	A	BRAKERILHT00000013548	A
rna-XM_056790514.1	A	BRAKERILHT00000006910	A
rna-XM_056780755.1	A	BRAKERILHT00000012582	A
rna-XM_056775107.1	A	BRAKERILHT00000013846	A
rna-XM_056780861.1	A	BRAKERILHT00000008210	A
rna-XM_056781048.1	A	BRAKERILHT00000007403	A
rna-XM_056781167.1	A	BRAKERILHT00000015515	A
rna-XM_056781296.1	A	BRAKERILHT00000014545	A
rna-XM_056781590.1	A	BRAKERILHT00000010343	A
rna-XM_056781755.1	A	BRAKERILHT00000009950	A
rna-XM_056781877.1	A	BRAKERILHT00000010346	A
rna-XM_056782487.1	A	BRAKERILHT00000008907	A
rna-XM_056782001.1	A	BRAKERILHT00000008488	A
rna-XM_056776923.1	A	BRAKERILHT00000008570	A
rna-XM_056781780.1	A	BRAKERILHT00000009009	A
rna-XM_056781792.1	A	BRAKERILHT00000009468	A
rna-XM_056792406.1	A	BRAKERILHT00000010243	A
rna-XM_056782769.1	A	BRAKERILHT00000010138	A
rna-XM_056788801.1	A	BRAKERILHT00000009875	A
rna-XM_056788822.1	A	BRAKERILHT00000010299	A
rna-XM_056788832.1	A	BRAKERILHT00000013264	A
rna-XM_056788839.1	A	BRAKERILHT00000016934	A
rna-XM_056788366.1	A	BRAKERILHT00000015768	A
rna-XM_056788345.1	A	BRAKERILHT00000016141	A
rna-XM_056788380.1	A	BRAKERILHT00000016058	A
rna-XM_056788323.1	A	BRAKERILHT00000016650	A
rna-XM_056788392.1	A	BRAKERILHT00000016254	A
rna-XM_056791830.1	A	BRAKERILHT00000015759	A
rna-XM_056775670.1	A	BRAKERILHT00000016923	A
rna-XM_056775922.1	A	BRAKERILHT00000016270	A
rna-XM_056785740.1	A	BRAKERILHT00000010242	A
rna-XM_056774433.1	A	BRAKERILHT00000016322	A
rna-XM_056791818.1	A	BRAKERILHT00000016219	A
rna-XM_056791820.1	A	BRAKERILHT00000016513	A
rna-XM_056791821.1	A	BRAKERILHT00000016971	A
rna-XM_056788422.1	A	BRAKERILHT00000016094	A
rna-XM_056788451.1	A	BRAKERILHT00000015611	A
rna-XM_056788468.1	A	BRAKERILHT00000004376	A
rna-XM_056788480.1	A	BRAKERILHT00000016149	A
rna-XM_056788535.1	A	BRAKERILHT00000015663	A
rna-XM_056788526.1	A	BRAKERILHT00000016761	A
rna-XM_056785598.1	A	BRAKERILHT00000013603	A
rna-XM_056785586.1	A	BRAKERILHT00000015748	A
rna-XM_056773620.1	A	BRAKERILHT00000016974	A
rna-XM_056787800.1	A	BRAKERILHT00000015826	A
rna-XM_056788191.1	A	BRAKERILHT00000006536	A
rna-XM_056788199.1	A	BRAKERILHT00000000261	A
rna-XM_056780597.1	A	BRAKERILHT00000016027	A
rna-XM_056780321.1	A	BRAKERILHT00000016956	A
rna-XM_056773679.1	A	BRAKERILHT00000003868	A
rna-XM_056776529.1	A	BRAKERILHT00000009194	A
rna-XM_056781643.1	A	BRAKERILHT00000004008	A
rna-XM_056781662.1	A	BRAKERILHT00000002607	A
rna-XM_056787579.1	A	BRAKERILHT00000002590	A
rna-XM_056787567.1	A	BRAKERILHT00000004188	A
rna-XM_056774743.1	A	BRAKERILHT00000003805	A
rna-XM_056778246.1	A	BRAKERILHT00000010308	A
rna-XM_056791963.1	A	BRAKERILHT00000017571	X
rna-XM_056779272.1	A	BRAKERILHT00000014787	A
rna-XM_056785832.1	A	BRAKERILHT00000015981	A
rna-XM_056788107.1	A	BRAKERILHT00000015696	A
rna-XM_056787686.1	A	BRAKERILHT00000015890	A
rna-XM_056788339.1	A	BRAKERILHT00000016261	A
rna-XM_056773634.1	A	BRAKERILHT00000016444	A
rna-XM_056777454.1	A	BRAKERILHT00000016634	A
rna-XM_056786910.1	A	BRAKERILHT00000016595	A
rna-XM_056789091.1	A	BRAKERILHT00000015293	A
rna-XM_056789069.1	A	BRAKERILHT00000014136	A
rna-XM_056789120.1	A	BRAKERILHT00000013590	A
rna-XM_056775500.1	A	BRAKERILHT00000012201	A
rna-XM_056774215.1	A	BRAKERILHT00000014338	A
rna-XM_056773725.1	A	BRAKERILHT00000004814	A
rna-XM_056776266.1	A	BRAKERILHT00000005559	A
rna-XM_056776309.1	A	BRAKERILHT00000005133	A
rna-XM_056782923.1	A	BRAKERILHT00000004877	A
rna-XM_056782883.1	A	BRAKERILHT00000005438	A
rna-XM_056782901.1	A	BRAKERILHT00000005732	A
rna-XM_056782851.1	A	BRAKERILHT00000005690	A
rna-XM_056792266.1	A	BRAKERILHT00000004619	A
rna-XM_056791779.1	A	BRAKERILHT00000005806	A
rna-XM_056791778.1	A	BRAKERILHT00000006234	A
rna-XM_056786346.1	A	BRAKERILHT00000005234	A
rna-XM_056791825.1	A	BRAKERILHT00000004535	A
rna-XM_056791828.1	A	BRAKERILHT00000004611	A
rna-XM_056780681.1	A	BRAKERILHT00000004738	A
rna-XM_056791513.1	A	BRAKERILHT00000005232	A
rna-XM_056791463.1	A	BRAKERILHT00000006224	A
rna-XM_056787609.1	A	BRAKERILHT00000005326	A
rna-XM_056787633.1	A	BRAKERILHT00000005852	A
rna-XM_056776476.1	A	BRAKERILHT00000015428	A
rna-XM_056787645.1	A	BRAKERILHT00000010512	A
rna-XM_056776602.1	A	BRAKERILHT00000012247	A
rna-XM_056787665.1	A	BRAKERILHT00000010553	A
rna-XM_056787590.1	A	BRAKERILHT00000016414	A
rna-XM_056791574.1	A	BRAKERILHT00000011022	A
rna-XM_056791578.1	A	BRAKERILHT00000011997	A
rna-XM_056791603.1	A	BRAKERILHT00000011479	A
rna-XM_056791604.1	A	BRAKERILHT00000011168	A
rna-XM_056791607.1	A	BRAKERILHT00000010909	A
rna-XM_056791606.1	A	BRAKERILHT00000010667	A
rna-XM_056776725.1	A	BRAKERILHT00000011089	A
rna-XM_056776342.1	A	BRAKERILHT00000011211	A
rna-XM_056775146.1	A	BRAKERILHT00000011595	A
rna-XM_056785431.1	A	BRAKERILHT00000010966	A
rna-XM_056774340.1	A	BRAKERILHT00000011144	A
rna-XM_056784598.1	A	BRAKERILHT00000011751	A
rna-XM_056784682.1	A	BRAKERILHT00000011324	A
rna-XM_056776864.1	A	BRAKERILHT00000010679	A
rna-XM_056776989.1	A	BRAKERILHT00000012154	A
rna-XM_056777228.1	A	BRAKERILHT00000011403	A
rna-XM_056777110.1	A	BRAKERILHT00000010510	A
rna-XM_056792385.1	A	BRAKERILHT00000012312	A
rna-XM_056781817.1	A	BRAKERILHT00000012900	A
rna-XM_056791710.1	A	BRAKERILHT00000011690	A
rna-XM_056791712.1	A	BRAKERILHT00000011214	A
rna-XM_056791713.1	A	BRAKERILHT00000011664	A
rna-XM_056779323.1	A	BRAKERILHT00000011131	A
rna-XM_056776571.1	A	BRAKERILHT00000011544	A
rna-XM_056777538.1	A	BRAKERILHT00000010467	A
rna-XM_056777341.1	A	BRAKERILHT00000010693	A
rna-XM_056777564.1	A	BRAKERILHT00000012272	A
rna-XM_056779562.1	A	BRAKERILHT00000010722	A
rna-XM_056779965.1	A	BRAKERILHT00000010563	A
rna-XM_056786794.1	A	BRAKERILHT00000011429	A
rna-XM_056784649.1	A	BRAKERILHT00000011871	A
rna-XM_056784660.1	A	BRAKERILHT00000015670	A
rna-XM_056777802.1	A	BRAKERILHT00000011626	A
rna-XM_056782068.1	A	BRAKERILHT00000012068	A
rna-XM_056782082.1	A	BRAKERILHT00000012130	A
rna-XM_056785502.1	A	BRAKERILHT00000007425	A
rna-XM_056778605.1	A	BRAKERILHT00000002275	A
rna-XM_056774641.1	A	BRAKERILHT00000002206	A
rna-XM_056783028.1	A	BRAKERILHT00000006559	A
rna-XM_056783039.1	A	BRAKERILHT00000008103	A
rna-XM_056783076.1	A	BRAKERILHT00000003306	A
rna-XM_056787283.1	A	BRAKERILHT00000003460	A
rna-XM_056777185.1	A	BRAKERILHT00000007088	A
rna-XM_056775159.1	A	BRAKERILHT00000008277	A
rna-XM_056781906.1	A	BRAKERILHT00000013377	A
rna-XM_056776411.1	A	BRAKERILHT00000002602	A
rna-XM_056780248.1	A	BRAKERILHT00000008529	A
rna-XM_056780217.1	A	BRAKERILHT00000000642	A
rna-XM_056780261.1	A	BRAKERILHT00000008596	A
rna-XM_056778283.1	A	BRAKERILHT00000003217	A
rna-XM_056792148.1	A	BRAKERILHT00000002903	A
rna-XM_056787555.1	A	BRAKERILHT00000002503	A
rna-XM_056776688.1	A	BRAKERILHT00000003052	A
rna-XM_056776203.1	A	BRAKERILHT00000010002	A
rna-XM_056778623.1	A	BRAKERILHT00000002541	A
rna-XM_056778747.1	A	BRAKERILHT00000000909	A
rna-XM_056779487.1	A	BRAKERILHT00000000461	A
rna-XM_056791787.1	A	BRAKERILHT00000006198	A
rna-XM_056791789.1	A	BRAKERILHT00000001324	A
rna-XM_056791788.1	A	BRAKERILHT00000004123	A
rna-XM_056791790.1	A	BRAKERILHT00000000422	A
rna-XM_056791792.1	A	BRAKERILHT00000000889	A
rna-XM_056791854.1	A	BRAKERILHT00000001894	A
rna-XM_056791866.1	A	BRAKERILHT00000014534	A
rna-XM_056776355.1	A	BRAKERILHT00000001239	A
rna-XM_056776348.1	A	BRAKERILHT00000000410	A
rna-XM_056789982.1	A	BRAKERILHT00000000839	A
rna-XM_056791206.1	A	BRAKERILHT00000015660	A
rna-XM_056791716.1	A	BRAKERILHT00000015753	A
rna-XM_056791717.1	A	BRAKERILHT00000008920	A
rna-XM_056791718.1	A	BRAKERILHT00000016653	A
rna-XM_056786891.1	A	BRAKERILHT00000010201	A
rna-XM_056785491.1	A	BRAKERILHT00000009791	A
rna-XM_056792767.1	A	BRAKERILHT00000010134	A
rna-XM_056792776.1	A	BRAKERILHT00000005276	A
rna-XM_056792750.1	A	BRAKERILHT00000004870	A
rna-XM_056781954.1	A	BRAKERILHT00000005258	A
rna-XM_056782724.1	A	BRAKERILHT00000010815	A
rna-XM_056782735.1	A	BRAKERILHT00000012016	A
rna-XM_056782755.1	A	BRAKERILHT00000011661	A
rna-XM_056786875.1	A	BRAKERILHT00000012334	A
rna-XM_056783973.1	A	BRAKERILHT00000010787	A
rna-XM_056783987.1	A	BRAKERILHT00000006300	A
rna-XM_056791850.1	A	BRAKERILHT00000004546	A
rna-XM_056778865.1	A	BRAKERILHT00000005823	A
rna-XM_056784347.1	A	BRAKERILHT00000005764	A
rna-XM_056784332.1	A	BRAKERILHT00000006098	A
rna-XM_056784320.1	A	BRAKERILHT00000004741	A
rna-XM_056784387.1	A	BRAKERILHT00000006144	A
rna-XM_056784408.1	A	BRAKERILHT00000006336	A
rna-XM_056791794.1	A	BRAKERILHT00000005388	A
rna-XM_056791793.1	A	BRAKERILHT00000005408	A
rna-XM_056791796.1	A	BRAKERILHT00000004829	A
rna-XM_056783828.1	A	BRAKERILHT00000011776	A
rna-XM_056779641.1	A	BRAKERILHT00000011653	A
rna-XM_056779599.1	A	BRAKERILHT00000013056	A
rna-XM_056779620.1	A	BRAKERILHT00000005376	A
rna-XM_056785845.1	A	BRAKERILHT00000004614	A
rna-XM_056778287.1	A	BRAKERILHT00000012062	A
rna-XM_056780739.1	A	BRAKERILHT00000011645	A
rna-XM_056776509.1	A	BRAKERILHT00000001828	A
rna-XM_056791797.1	A	BRAKERILHT00000011884	A
rna-XM_056791798.1	A	BRAKERILHT00000011451	A
rna-XM_056791802.1	A	BRAKERILHT00000000239	A
rna-XM_056790162.1	A	BRAKERILHT00000008545	A
rna-XM_056790185.1	A	BRAKERILHT00000011811	A
rna-XM_056781599.1	A	BRAKERILHT00000011963	A
rna-XM_056779775.1	A	BRAKERILHT00000011294	A
rna-XM_056777351.1	A	BRAKERILHT00000011070	A
rna-XM_056774770.1	A	BRAKERILHT00000012060	A
rna-XM_056791883.1	A	BRAKERILHT00000013257	A
rna-XM_056791882.1	A	BRAKERILHT00000002298	A
rna-XM_056783998.1	A	BRAKERILHT00000004204	A
rna-XM_056776345.1	A	BRAKERILHT00000009379	A
rna-XM_056779059.1	A	BRAKERILHT00000013955	A
rna-XM_056779072.1	A	BRAKERILHT00000012671	A
rna-XM_056790401.1	A	BRAKERILHT00000003193	A
rna-XM_056778683.1	A	BRAKERILHT00000002922	A
rna-XM_056778701.1	A	BRAKERILHT00000002622	A
rna-XM_056778712.1	A	BRAKERILHT00000004406	A
rna-XM_056778725.1	A	BRAKERILHT00000011568	A
rna-XM_056778737.1	A	BRAKERILHT00000012013	A
rna-XM_056778756.1	A	BRAKERILHT00000001178	A
rna-XM_056779236.1	A	BRAKERILHT00000002479	A
rna-XM_056778768.1	A	BRAKERILHT00000000807	A
rna-XM_056778788.1	A	BRAKERILHT00000011818	A
rna-XM_056778892.1	A	BRAKERILHT00000011045	A
rna-XM_056779350.1	A	BRAKERILHT00000011855	A
rna-XM_056778921.1	A	BRAKERILHT00000000497	A
rna-XM_056779461.1	A	BRAKERILHT00000001864	A
rna-XM_056782636.1	A	BRAKERILHT00000004504	A
rna-XM_056779501.1	A	BRAKERILHT00000004774	A
rna-XM_056781700.1	A	BRAKERILHT00000006168	A
rna-XM_056791862.1	A	BRAKERILHT00000006102	A
rna-XM_056791864.1	A	BRAKERILHT00000003406	A
rna-XM_056791867.1	A	BRAKERILHT00000002809	A
rna-XM_056791861.1	A	BRAKERILHT00000004354	A
rna-XM_056779687.1	A	BRAKERILHT00000003057	A
rna-XM_056789998.1	A	BRAKERILHT00000003569	A
rna-XM_056790035.1	A	BRAKERILHT00000002286	A
rna-XM_056790045.1	A	BRAKERILHT00000002795	A
rna-XM_056780877.1	A	BRAKERILHT00000002744	A
rna-XM_056780919.1	A	BRAKERILHT00000004227	A
rna-XM_056774837.1	A	BRAKERILHT00000002932	A
rna-XM_056774828.1	A	BRAKERILHT00000004128	A
rna-XM_056779936.1	A	BRAKERILHT00000003144	A
rna-XM_056774817.1	A	BRAKERILHT00000002603	A
rna-XM_056785529.1	A	BRAKERILHT00000003606	A
rna-XM_056791757.1	A	BRAKERILHT00000004346	A
rna-XM_056780006.1	A	BRAKERILHT00000011390	A
rna-XM_056789547.1	A	BRAKERILHT00000010878	A
rna-XM_056789573.1	A	BRAKERILHT00000006184	A
rna-XM_056789591.1	A	BRAKERILHT00000004549	A
rna-XM_056789607.1	A	BRAKERILHT00000011735	A
rna-XM_056789685.1	A	BRAKERILHT00000013029	A
rna-XM_056789714.1	A	BRAKERILHT00000011668	A
rna-XM_056789739.1	A	BRAKERILHT00000011772	A
rna-XM_056789695.1	A	BRAKERILHT00000010968	A
rna-XM_056789752.1	A	BRAKERILHT00000012108	A
rna-XM_056789765.1	A	BRAKERILHT00000011105	A
rna-XM_056789788.1	A	BRAKERILHT00000012213	A
rna-XM_056789831.1	A	BRAKERILHT00000011640	A
rna-XM_056789854.1	A	BRAKERILHT00000012258	A
rna-XM_056789847.1	A	BRAKERILHT00000010770	A
rna-XM_056789869.1	A	BRAKERILHT00000010937	A
rna-XM_056780129.1	A	BRAKERILHT00000011800	A
rna-XM_056789878.1	A	BRAKERILHT00000011721	A
rna-XM_056789885.1	A	BRAKERILHT00000012139	A
rna-XM_056789918.1	A	BRAKERILHT00000011875	A
rna-XM_056789944.1	A	BRAKERILHT00000012112	A
rna-XM_056789930.1	A	BRAKERILHT00000011807	A
rna-XM_056789899.1	A	BRAKERILHT00000011255	A
rna-XM_056781689.1	A	BRAKERILHT00000012077	A
rna-XM_056791760.1	A	BRAKERILHT00000011702	A
rna-XM_056791765.1	A	BRAKERILHT00000011430	A
rna-XM_056791767.1	A	BRAKERILHT00000010912	A
rna-XM_056785384.1	A	BRAKERILHT00000002981	A
rna-XM_056774016.1	A	BRAKERILHT00000001004	A
rna-XM_056782111.1	A	BRAKERILHT00000003447	A
rna-XM_056780643.1	A	BRAKERILHT00000011611	A
rna-XM_056775179.1	A	BRAKERILHT00000011733	A
rna-XM_056792973.1	A	BRAKERILHT00000010575	A
rna-XM_056792571.1	A	BRAKERILHT00000006486	A
rna-XM_056792573.1	A	BRAKERILHT00000007156	A
rna-XM_056792694.1	A	BRAKERILHT00000006787	A
rna-XM_056792861.1	A	BRAKERILHT00000004158	A
rna-XM_056792483.1	A	BRAKERILHT00000007441	A
rna-XM_056792695.1	A	BRAKERILHT00000007567	A
rna-XM_056793027.1	A	BRAKERILHT00000007996	A
rna-XM_056773590.1	A	BRAKERILHT00000008427	A
rna-XM_056793252.1	A	BRAKERILHT00000006811	A
rna-XM_056773545.1	A	BRAKERILHT00000009147	A
rna-XM_056773547.1	A	BRAKERILHT00000012082	A
rna-XM_056792702.1	A	BRAKERILHT00000002656	A
rna-XM_056792704.1	A	BRAKERILHT00000002170	A
rna-XM_056792350.1	A	BRAKERILHT00000006431	A
rna-XM_056792558.1	A	BRAKERILHT00000006049	A
rna-XM_056792559.1	A	BRAKERILHT00000012994	A
rna-XM_056792331.1	A	BRAKERILHT00000014214	A
rna-XM_056792341.1	A	BRAKERILHT00000002342	A
rna-XM_056792335.1	A	BRAKERILHT00000007895	A
rna-XM_056792333.1	A	BRAKERILHT00000006357	A
rna-XM_056792334.1	A	BRAKERILHT00000014400	A
rna-XM_056792709.1	A	BRAKERILHT00000014748	A
rna-XM_056792713.1	A	BRAKERILHT00000015091	A
rna-XM_056792338.1	A	BRAKERILHT00000005431	A
rna-XM_056792340.1	A	BRAKERILHT00000014647	A
rna-XM_056792345.1	A	BRAKERILHT00000005081	A
rna-XM_056792515.1	A	BRAKERILHT00000008280	A
rna-XM_056792017.1	A	BRAKERILHT00000016359	A
rna-XM_056792018.1	A	BRAKERILHT00000007965	A
rna-XM_056792021.1	A	BRAKERILHT00000007815	A
rna-XM_056792022.1	A	BRAKERILHT00000006624	A
rna-XM_056792023.1	A	BRAKERILHT00000015437	A
rna-XM_056792032.1	A	BRAKERILHT00000007076	A
rna-XM_056792729.1	A	BRAKERILHT00000007130	A
rna-XM_056792035.1	A	BRAKERILHT00000008218	A
rna-XM_056792034.1	A	BRAKERILHT00000015359	A
rna-XM_056792511.1	A	BRAKERILHT00000006760	A
rna-XM_056792514.1	A	BRAKERILHT00000008348	A
rna-XM_056792610.1	A	BRAKERILHT00000008064	A
rna-XM_056792611.1	A	BRAKERILHT00000014374	A
rna-XM_056792064.1	A	BRAKERILHT00000005936	A
rna-XM_056792082.1	A	BRAKERILHT00000014263	A
rna-XM_056792084.1	A	BRAKERILHT00000015125	A
rna-XM_056792187.1	A	BRAKERILHT00000014825	A
rna-XM_056792974.1	A	BRAKERILHT00000015432	A
rna-XM_056792508.1	A	BRAKERILHT00000015133	A
rna-XM_056773797.1	A	BRAKERILHT00000014373	A
rna-XM_056773799.1	A	BRAKERILHT00000015075	A
rna-XM_056792779.1	A	BRAKERILHT00000012913	A
rna-XM_056792780.1	A	BRAKERILHT00000008853	A
rna-XM_056793139.1	A	BRAKERILHT00000012423	A
rna-XM_056793245.1	A	BRAKERILHT00000010092	A
rna-XM_056773689.1	A	BRAKERILHT00000013669	A
rna-XM_056792367.1	A	BRAKERILHT00000013904	A
rna-XM_056793248.1	A	BRAKERILHT00000013204	A
rna-XM_056793104.1	A	BRAKERILHT00000012720	A
rna-XM_056793087.1	A	BRAKERILHT00000006151	A
rna-XM_056792828.1	A	BRAKERILHT00000014704	A
rna-XM_056793075.1	A	BRAKERILHT00000015560	A
rna-XM_056792771.1	A	BRAKERILHT00000013874	A
rna-XM_056792772.1	A	BRAKERILHT00000013507	A
rna-XM_056792167.1	A	BRAKERILHT00000012730	A
rna-XM_056792803.1	A	BRAKERILHT00000006721	A
rna-XM_056792316.1	A	BRAKERILHT00000011370	A
rna-XM_056792404.1	A	BRAKERILHT00000012069	A
rna-XM_056792670.1	A	BRAKERILHT00000011325	A
rna-XM_056792636.1	A	BRAKERILHT00000005356	A
rna-XM_056792530.1	A	BRAKERILHT00000008264	A
rna-XM_056793008.1	A	BRAKERILHT00000014045	A
rna-XM_056792296.1	A	BRAKERILHT00000007714	A
rna-XM_056792657.1	A	BRAKERILHT00000016522	A
rna-XM_056792642.1	A	BRAKERILHT00000008141	A
rna-XM_056792005.1	A	BRAKERILHT00000013427	A
rna-XM_056793066.1	A	BRAKERILHT00000005442	A
rna-XM_056793241.1	A	BRAKERILHT00000004471	A
rna-XM_056773548.1	A	BRAKERILHT00000013502	A
rna-XM_056792007.1	A	BRAKERILHT00000012828	A
rna-XM_056792761.1	A	BRAKERILHT00000005726	A
rna-XM_056792762.1	A	BRAKERILHT00000013586	A
rna-XM_056792624.1	A	BRAKERILHT00000011866	A
rna-XM_056774141.1	A	BRAKERILHT00000006629	A
rna-XM_056792809.1	A	BRAKERILHT00000007964	A
rna-XM_056774142.1	A	BRAKERILHT00000007731	A
rna-XM_056793068.1	A	BRAKERILHT00000010227	A
rna-XM_056792104.1	A	BRAKERILHT00000007913	A
rna-XM_056792471.1	A	BRAKERILHT00000016689	A
rna-XM_056791998.1	A	BRAKERILHT00000011384	A
rna-XM_056792819.1	A	BRAKERILHT00000012190	A
rna-XM_056793230.1	A	BRAKERILHT00000013419	A
rna-XM_056774187.1	A	BRAKERILHT00000015995	A
rna-XM_056774194.1	A	BRAKERILHT00000013832	A
rna-XM_056792826.1	A	BRAKERILHT00000015960	A
rna-XM_056792829.1	A	BRAKERILHT00000010184	A
rna-XM_056774197.1	A	BRAKERILHT00000009090	A
rna-XM_056774204.1	A	BRAKERILHT00000008965	A
rna-XM_056774203.1	A	BRAKERILHT00000009048	A
rna-XM_056774205.1	A	BRAKERILHT00000014637	A
rna-XM_056774206.1	A	BRAKERILHT00000001595	A
rna-XM_056774210.1	A	BRAKERILHT00000000396	A
rna-XM_056774216.1	A	BRAKERILHT00000001454	A
rna-XM_056792832.1	A	BRAKERILHT00000000617	A
rna-XM_056774217.1	A	BRAKERILHT00000014580	A
rna-XM_056774219.1	A	BRAKERILHT00000014842	A
rna-XM_056774218.1	A	BRAKERILHT00000009797	A
rna-XM_056792833.1	A	BRAKERILHT00000009104	A
rna-XM_056774221.1	A	BRAKERILHT00000009382	A
rna-XM_056774220.1	A	BRAKERILHT00000009439	A
rna-XM_056774222.1	A	BRAKERILHT00000007137	A
rna-XM_056792797.1	A	BRAKERILHT00000001634	A
rna-XM_056792747.1	A	BRAKERILHT00000000554	A
rna-XM_056792086.1	A	BRAKERILHT00000014442	A
rna-XM_056792087.1	A	BRAKERILHT00000014478	A
rna-XM_056792089.1	A	BRAKERILHT00000015013	A
rna-XM_056792519.1	A	BRAKERILHT00000014561	A
rna-XM_056792311.1	A	BRAKERILHT00000014135	A
rna-XM_056792310.1	A	BRAKERILHT00000015065	A
rna-XM_056792892.1	A	BRAKERILHT00000008709	A
rna-XM_056793063.1	A	BRAKERILHT00000003649	A
rna-XM_056792284.1	A	BRAKERILHT00000001319	A
rna-XM_056792305.1	A	BRAKERILHT00000008692	A
rna-XM_056792901.1	A	BRAKERILHT00000009456	A
rna-XM_056792903.1	A	BRAKERILHT00000016168	A
rna-XM_056792274.1	A	BRAKERILHT00000006093	A
rna-XM_056792275.1	A	BRAKERILHT00000010206	A
rna-XM_056792844.1	A	BRAKERILHT00000001643	A
rna-XM_056792398.1	A	BRAKERILHT00000009834	A
rna-XM_056792402.1	A	BRAKERILHT00000010353	A
rna-XM_056774237.1	A	BRAKERILHT00000000119	A
rna-XM_056793030.1	A	BRAKERILHT00000008517	A
rna-XM_056793031.1	A	BRAKERILHT00000009273	A
rna-XM_056792537.1	A	BRAKERILHT00000008757	A
rna-XM_056792535.1	A	BRAKERILHT00000002434	A
rna-XM_056773593.1	A	BRAKERILHT00000006774	A
rna-XM_056792689.1	A	BRAKERILHT00000006599	A
rna-XM_056792690.1	A	BRAKERILHT00000001734	A
rna-XM_056792845.1	A	BRAKERILHT00000017292	X
rna-XM_056792525.1	A	BRAKERILHT00000009334	A
rna-XM_056792784.1	A	BRAKERILHT00000009946	A
rna-XM_056773830.1	A	BRAKERILHT00000014851	A
rna-XM_056792253.1	A	BRAKERILHT00000013853	A
rna-XM_056792313.1	A	BRAKERILHT00000009610	A
rna-XM_056792151.1	A	BRAKERILHT00000011709	A
rna-XM_056792152.1	A	BRAKERILHT00000011598	A
rna-XM_056793010.1	A	BRAKERILHT00000012059	A
rna-XM_056773849.1	A	BRAKERILHT00000007705	A
rna-XM_056792798.1	A	BRAKERILHT00000013262	A
rna-XM_056774165.1	A	BRAKERILHT00000007939	A
rna-XM_056792623.1	A	BRAKERILHT00000012628	A
rna-XM_056773853.1	A	BRAKERILHT00000012397	A
rna-XM_056774021.1	A	BRAKERILHT00000002708	A
rna-XM_056774024.1	A	BRAKERILHT00000002761	A
rna-XM_056774026.1	A	BRAKERILHT00000015531	A
rna-XM_056774027.1	A	BRAKERILHT00000013626	A
rna-XM_056774028.1	A	BRAKERILHT00000015346	A
rna-XM_056774031.1	A	BRAKERILHT00000013380	A
rna-XM_056774033.1	A	BRAKERILHT00000003539	A
rna-XM_056774036.1	A	BRAKERILHT00000002582	A
rna-XM_056774040.1	A	BRAKERILHT00000013990	A
rna-XM_056774044.1	A	BRAKERILHT00000012815	A
rna-XM_056774038.1	A	BRAKERILHT00000013364	A
rna-XM_056774045.1	A	BRAKERILHT00000013528	A
rna-XM_056774046.1	A	BRAKERILHT00000013409	A
rna-XM_056774049.1	A	BRAKERILHT00000012795	A
rna-XM_056773856.1	A	BRAKERILHT00000012680	A
rna-XM_056773857.1	A	BRAKERILHT00000012918	A
rna-XM_056773858.1	A	BRAKERILHT00000013711	A
rna-XM_056774051.1	A	BRAKERILHT00000012810	A
rna-XM_056774054.1	A	BRAKERILHT00000012753	A
rna-XM_056773860.1	A	BRAKERILHT00000013852	A
rna-XM_056774055.1	A	BRAKERILHT00000013547	A
rna-XM_056774057.1	A	BRAKERILHT00000013743	A
rna-XM_056774058.1	A	BRAKERILHT00000006908	A
rna-XM_056774059.1	A	BRAKERILHT00000008345	A
rna-XM_056774063.1	A	BRAKERILHT00000009836	A
rna-XM_056792139.1	A	BRAKERILHT00000013191	A
rna-XM_056792138.1	A	BRAKERILHT00000013026	A
rna-XM_056774183.1	A	BRAKERILHT00000016535	A
rna-XM_056792517.1	A	BRAKERILHT00000017220	X
rna-XM_056792393.1	A	BRAKERILHT00000016853	A
rna-XM_056792396.1	A	BRAKERILHT00000015919	A
rna-XM_056792473.1	A	BRAKERILHT00000007217	A
rna-XM_056793130.1	A	BRAKERILHT00000011687	A
rna-XM_056793135.1	A	BRAKERILHT00000007221	A
rna-XM_056773955.1	A	BRAKERILHT00000004488	A
rna-XM_056773956.1	A	BRAKERILHT00000016516	A
rna-XM_056792745.1	A	BRAKERILHT00000016365	A
rna-XM_056773835.1	A	BRAKERILHT00000015749	A
rna-XM_056773838.1	A	BRAKERILHT00000002448	A
rna-XM_056773841.1	A	BRAKERILHT00000008904	A
rna-XM_056792197.1	A	BRAKERILHT00000009824	A
rna-XM_056792407.1	A	BRAKERILHT00000009766	A
rna-XM_056773861.1	A	BRAKERILHT00000012224	A
rna-XM_056792281.1	A	BRAKERILHT00000008580	A
rna-XM_056773862.1	A	BRAKERILHT00000009167	A
rna-XM_056793058.1	A	BRAKERILHT00000009136	A
rna-XM_056792710.1	A	BRAKERILHT00000007720	A
rna-XM_056773814.1	A	BRAKERILHT00000016330	A
rna-XM_056792672.1	A	BRAKERILHT00000016730	A
rna-XM_056792740.1	A	BRAKERILHT00000016087	A
rna-XM_056792365.1	A	BRAKERILHT00000006384	A
rna-XM_056793015.1	A	BRAKERILHT00000000473	A
rna-XM_056792090.1	A	BRAKERILHT00000000382	A
rna-XM_056774159.1	A	BRAKERILHT00000014287	A
rna-XM_056792922.1	A	BRAKERILHT00000011027	A
rna-XM_056792921.1	A	BRAKERILHT00000010610	A
rna-XM_056792358.1	A	BRAKERILHT00000002274	A
rna-XM_056792872.1	A	BRAKERILHT00000002494	A
rna-XM_056793018.1	A	BRAKERILHT00000013887	A
rna-XM_056792653.1	A	BRAKERILHT00000000201	A
rna-XM_056792656.1	A	BRAKERILHT00000001623	A
rna-XM_056792652.1	A	BRAKERILHT00000008303	A
rna-XM_056792170.1	A	BRAKERILHT00000008178	A
rna-XM_056792171.1	A	BRAKERILHT00000001492	A
rna-XM_056792143.1	A	BRAKERILHT00000002721	A
rna-XM_056793117.1	A	BRAKERILHT00000002433	A
rna-XM_056793116.1	A	BRAKERILHT00000003381	A
rna-XM_056793110.1	A	BRAKERILHT00000002895	A
rna-XM_056793109.1	A	BRAKERILHT00000017553	X
rna-XM_056793112.1	A	BRAKERILHT00000003771	A
rna-XM_056793118.1	A	BRAKERILHT00000003283	A
rna-XM_056792308.1	A	BRAKERILHT00000002422	A
rna-XM_056773741.1	A	BRAKERILHT00000003409	A
rna-XM_056773734.1	A	BRAKERILHT00000003164	A
rna-XM_056773833.1	A	BRAKERILHT00000002845	A
rna-XM_056773865.1	A	BRAKERILHT00000002209	A
rna-XM_056773866.1	A	BRAKERILHT00000002394	A
rna-XM_056792325.1	A	BRAKERILHT00000013294	A
rna-XM_056792003.1	A	BRAKERILHT00000003768	A
rna-XM_056792775.1	A	BRAKERILHT00000013930	A
rna-XM_056793247.1	A	BRAKERILHT00000016694	A
rna-XM_056793246.1	A	BRAKERILHT00000009317	A
rna-XM_056792682.1	A	BRAKERILHT00000009507	A
rna-XM_056792649.1	A	BRAKERILHT00000008659	A
rna-XM_056793090.1	A	BRAKERILHT00000008576	A
rna-XM_056774247.1	A	BRAKERILHT00000009917	A
rna-XM_056792252.1	A	BRAKERILHT00000010113	A
rna-XM_056774156.1	A	BRAKERILHT00000000265	A
rna-XM_056774152.1	A	BRAKERILHT00000005066	A
rna-XM_056774153.1	A	BRAKERILHT00000009590	A
rna-XM_056774149.1	A	BRAKERILHT00000003590	A
rna-XM_056792277.1	A	BRAKERILHT00000004580	A
rna-XM_056793221.1	A	BRAKERILHT00000001233	A
rna-XM_056792392.1	A	BRAKERILHT00000000699	A
rna-XM_056792671.1	A	BRAKERILHT00000000298	A
rna-XM_056793242.1	A	BRAKERILHT00000001533	A
rna-XM_056792037.1	A	BRAKERILHT00000006731	A
rna-XM_056773867.1	A	BRAKERILHT00000007427	A
rna-XM_056792736.1	A	BRAKERILHT00000009161	A
rna-XM_056792270.1	A	BRAKERILHT00000016862	A
rna-XM_056792557.1	A	BRAKERILHT00000008211	A
rna-XM_056792555.1	A	BRAKERILHT00000008223	A
rna-XM_056773871.1	A	BRAKERILHT00000008221	A
rna-XM_056792038.1	A	BRAKERILHT00000008304	A
rna-XM_056792578.1	A	BRAKERILHT00000013059	A
rna-XM_056792820.1	A	BRAKERILHT00000015961	A
rna-XM_056773872.1	A	BRAKERILHT00000012629	A
rna-XM_056774175.1	A	BRAKERILHT00000012516	A
rna-XM_056774176.1	A	BRAKERILHT00000013721	A
rna-XM_056792879.1	A	BRAKERILHT00000012590	A
rna-XM_056792895.1	A	BRAKERILHT00000013076	A
rna-XM_056792897.1	A	BRAKERILHT00000002216	A
rna-XM_056792615.1	A	BRAKERILHT00000003568	A
rna-XM_056792040.1	A	BRAKERILHT00000010718	A
rna-XM_056792063.1	A	BRAKERILHT00000011656	A
rna-XM_056792062.1	A	BRAKERILHT00000012339	A
rna-XM_056792060.1	A	BRAKERILHT00000010805	A
rna-XM_056792622.1	A	BRAKERILHT00000014634	A
rna-XM_056774102.1	A	BRAKERILHT00000004673	A
rna-XM_056774100.1	A	BRAKERILHT00000011768	A
rna-XM_056774101.1	A	BRAKERILHT00000005592	A
rna-XM_056774103.1	A	BRAKERILHT00000014982	A
rna-XM_056774104.1	A	BRAKERILHT00000015511	A
rna-XM_056774106.1	A	BRAKERILHT00000008469	A
rna-XM_056774107.1	A	BRAKERILHT00000002431	A
rna-XM_056774108.1	A	BRAKERILHT00000011915	A
rna-XM_056773873.1	A	BRAKERILHT00000003959	A
rna-XM_056774110.1	A	BRAKERILHT00000004331	A
rna-XM_056774109.1	A	BRAKERILHT00000002669	A
rna-XM_056774111.1	A	BRAKERILHT00000004225	A
rna-XM_056774116.1	A	BRAKERILHT00000004323	A
rna-XM_056774119.1	A	BRAKERILHT00000002707	A
rna-XM_056774118.1	A	BRAKERILHT00000003063	A
rna-XM_056774121.1	A	BRAKERILHT00000004211	A
rna-XM_056774124.1	A	BRAKERILHT00000003575	A
rna-XM_056774117.1	A	BRAKERILHT00000003282	A
rna-XM_056774126.1	A	BRAKERILHT00000016348	A
rna-XM_056774128.1	A	BRAKERILHT00000006650	A
rna-XM_056774127.1	A	BRAKERILHT00000008227	A
rna-XM_056774131.1	A	BRAKERILHT00000014695	A
rna-XM_056774129.1	A	BRAKERILHT00000001551	A
rna-XM_056774167.1	A	BRAKERILHT00000015035	A
rna-XM_056774173.1	A	BRAKERILHT00000002172	A
rna-XM_056792980.1	A	BRAKERILHT00000009088	A
rna-XM_056792567.1	A	BRAKERILHT00000007385	A
rna-XM_056773995.1	A	BRAKERILHT00000000505	A
rna-XM_056773874.1	A	BRAKERILHT00000015787	A
rna-XM_056792542.1	A	BRAKERILHT00000001011	A
rna-XM_056792544.1	A	BRAKERILHT00000014870	A
rna-XM_056792807.1	A	BRAKERILHT00000004636	A
rna-XM_056774251.1	A	BRAKERILHT00000001479	A
rna-XM_056774252.1	A	BRAKERILHT00000015698	A
rna-XM_056791943.1	A	BRAKERILHT00000003418	A
rna-XM_056792107.1	A	BRAKERILHT00000009522	A
rna-XM_056792110.1	A	BRAKERILHT00000009869	A
rna-XM_056792106.1	A	BRAKERILHT00000016699	A
rna-XM_056792108.1	A	BRAKERILHT00000016574	A
rna-XM_056792581.1	A	BRAKERILHT00000016987	A
rna-XM_056792589.1	A	BRAKERILHT00000016210	A
rna-XM_056792631.1	A	BRAKERILHT00000003769	A
rna-XM_056774082.1	A	BRAKERILHT00000004129	A
rna-XM_056774080.1	A	BRAKERILHT00000003729	A
rna-XM_056792397.1	A	BRAKERILHT00000003651	A
rna-XM_056792854.1	A	BRAKERILHT00000007021	A
rna-XM_056792499.1	A	BRAKERILHT00000006812	A
rna-XM_056792500.1	A	BRAKERILHT00000001967	A
rna-XM_056792505.1	A	BRAKERILHT00000001034	A
rna-XM_056793202.1	A	BRAKERILHT00000001506	A
rna-XM_056793204.1	A	BRAKERILHT00000000971	A
rna-XM_056793205.1	A	BRAKERILHT00000000345	A
rna-XM_056773592.1	A	BRAKERILHT00000001373	A
rna-XM_056792389.1	A	BRAKERILHT00000007788	A
rna-XM_056774158.1	A	BRAKERILHT00000012458	A
rna-XM_056773808.1	A	BRAKERILHT00000006573	A
rna-XM_056773812.1	A	BRAKERILHT00000000434	A
rna-XM_056793212.1	A	BRAKERILHT00000009197	A
rna-XM_056792847.1	A	BRAKERILHT00000011971	A
rna-XM_056792846.1	A	BRAKERILHT00000006742	A
rna-XM_056792347.1	A	BRAKERILHT00000008768	A
rna-XM_056793108.1	A	BRAKERILHT00000006214	A
rna-XM_056773958.1	A	BRAKERILHT00000009038	A
rna-XM_056773959.1	A	BRAKERILHT00000009655	A
rna-XM_056792940.1	A	BRAKERILHT00000010398	A
rna-XM_056792946.1	A	BRAKERILHT00000010088	A
rna-XM_056792942.1	A	BRAKERILHT00000002412	A
rna-XM_056773879.1	A	BRAKERILHT00000006364	A
rna-XM_056792947.1	A	BRAKERILHT00000005631	A
rna-XM_056793225.1	A	BRAKERILHT00000006438	A
rna-XM_056793219.1	A	BRAKERILHT00000004604	A
rna-XM_056792472.1	A	BRAKERILHT00000005147	A
rna-XM_056792883.1	A	BRAKERILHT00000005383	A
rna-XM_056792730.1	A	BRAKERILHT00000010392	A
rna-XM_056792734.1	A	BRAKERILHT00000010212	A
rna-XM_056792733.1	A	BRAKERILHT00000009756	A
rna-XM_056792531.1	A	BRAKERILHT00000005842	A
rna-XM_056773845.1	A	BRAKERILHT00000002679	A
rna-XM_056773847.1	A	BRAKERILHT00000010045	A
rna-XM_056792230.1	A	BRAKERILHT00000015260	A
rna-XM_056792237.1	A	BRAKERILHT00000000575	A
rna-XM_056792238.1	A	BRAKERILHT00000009930	A
rna-XM_056773880.1	A	BRAKERILHT00000009416	A
rna-XM_056792880.1	A	BRAKERILHT00000009118	A
rna-XM_056792885.1	A	BRAKERILHT00000009319	A
rna-XM_056773882.1	A	BRAKERILHT00000002221	A
rna-XM_056792209.1	A	BRAKERILHT00000009764	A
rna-XM_056793095.1	A	BRAKERILHT00000016688	A
rna-XM_056773589.1	A	BRAKERILHT00000016041	A
rna-XM_056792128.1	A	BRAKERILHT00000016435	A
rna-XM_056792131.1	A	BRAKERILHT00000016117	A
rna-XM_056792133.1	A	BRAKERILHT00000016403	A
rna-XM_056792570.1	A	BRAKERILHT00000016894	A
rna-XM_056793093.1	A	BRAKERILHT00000010283	A
rna-XM_056792198.1	A	BRAKERILHT00000011565	A
rna-XM_056773884.1	A	BRAKERILHT00000012094	A
rna-XM_056773885.1	A	BRAKERILHT00000011606	A
rna-XM_056792613.1	A	BRAKERILHT00000011065	A
rna-XM_056792601.1	A	BRAKERILHT00000016528	A
rna-XM_056792150.1	A	BRAKERILHT00000015931	A
rna-XM_056792147.1	A	BRAKERILHT00000015833	A
rna-XM_056774085.1	A	BRAKERILHT00000016179	A
rna-XM_056774084.1	A	BRAKERILHT00000016473	A
rna-XM_056791932.1	A	BRAKERILHT00000016869	A
rna-XM_056791976.1	A	BRAKERILHT00000016505	A
rna-XM_056791974.1	A	BRAKERILHT00000016808	A
rna-XM_056792321.1	A	BRAKERILHT00000016897	A
rna-XM_056792322.1	A	BRAKERILHT00000008169	A
rna-XM_056792490.1	A	BRAKERILHT00000007924	A
rna-XM_056792491.1	A	BRAKERILHT00000009903	A
rna-XM_056792383.1	A	BRAKERILHT00000003332	A
rna-XM_056792144.1	A	BRAKERILHT00000016023	A
rna-XM_056792706.1	A	BRAKERILHT00000016233	A
rna-XM_056791940.1	A	BRAKERILHT00000016827	A
rna-XM_056791941.1	A	BRAKERILHT00000001510	A
rna-XM_056792510.1	A	BRAKERILHT00000000263	A
rna-XM_056792975.1	A	BRAKERILHT00000001813	A
rna-XM_056773889.1	A	BRAKERILHT00000000810	A
rna-XM_056792977.1	A	BRAKERILHT00000002131	A
rna-XM_056792978.1	A	BRAKERILHT00000005016	A
rna-XM_056792979.1	A	BRAKERILHT00000005982	A
rna-XM_056792728.1	A	BRAKERILHT00000005381	A
rna-XM_056792723.1	A	BRAKERILHT00000005755	A
rna-XM_056792200.1	A	BRAKERILHT00000005187	A
rna-XM_056792201.1	A	BRAKERILHT00000006392	A
rna-XM_056773970.1	A	BRAKERILHT00000016928	A
rna-XM_056773969.1	A	BRAKERILHT00000015993	A
rna-XM_056773973.1	A	BRAKERILHT00000016649	A
rna-XM_056791971.1	A	BRAKERILHT00000012884	A
rna-XM_056791972.1	A	BRAKERILHT00000013243	A
rna-XM_056791973.1	A	BRAKERILHT00000012383	A
rna-XM_056792102.1	A	BRAKERILHT00000014826	A
rna-XM_056792100.1	A	BRAKERILHT00000007006	A
rna-XM_056792103.1	A	BRAKERILHT00000006715	A
rna-XM_056792185.1	A	BRAKERILHT00000007882	A
rna-XM_056792186.1	A	BRAKERILHT00000001358	A
rna-XM_056792010.1	A	BRAKERILHT00000016056	A
rna-XM_056792014.1	A	BRAKERILHT00000010902	A
rna-XM_056774013.1	A	BRAKERILHT00000011165	A
rna-XM_056774014.1	A	BRAKERILHT00000010699	A
rna-XM_056774015.1	A	BRAKERILHT00000009454	A
rna-XM_056774017.1	A	BRAKERILHT00000007053	A
rna-XM_056774230.1	A	BRAKERILHT00000006522	A
rna-XM_056774224.1	A	BRAKERILHT00000007430	A
rna-XM_056774225.1	A	BRAKERILHT00000005032	A
rna-XM_056792214.1	A	BRAKERILHT00000007779	A
rna-XM_056792213.1	A	BRAKERILHT00000002374	A
rna-XM_056792522.1	A	BRAKERILHT00000003949	A
rna-XM_056774067.1	A	BRAKERILHT00000002360	A
rna-XM_056774064.1	A	BRAKERILHT00000006839	A
rna-XM_056792228.1	A	BRAKERILHT00000005633	A
rna-XM_056792215.1	A	BRAKERILHT00000000564	A
rna-XM_056792216.1	A	BRAKERILHT00000009744	A
rna-XM_056773551.1	A	BRAKERILHT00000005750	A
rna-XM_056773561.1	A	BRAKERILHT00000005247	A
rna-XM_056793069.1	A	BRAKERILHT00000013203	A
rna-XM_056773960.1	A	BRAKERILHT00000005474	A
rna-XM_056791926.1	A	BRAKERILHT00000008458	A
rna-XM_056773891.1	A	BRAKERILHT00000010137	A
rna-XM_056791962.1	A	BRAKERILHT00000007252	A
rna-XM_056791961.1	A	BRAKERILHT00000016701	A
rna-XM_056791957.1	A	BRAKERILHT00000007740	A
rna-XM_056792603.1	A	BRAKERILHT00000011920	A
rna-XM_056793098.1	A	BRAKERILHT00000010505	A
rna-XM_056773892.1	A	BRAKERILHT00000011903	A
rna-XM_056792116.1	A	BRAKERILHT00000011890	A
rna-XM_056792117.1	A	BRAKERILHT00000011569	A
rna-XM_056792120.1	A	BRAKERILHT00000012031	A
rna-XM_056792122.1	A	BRAKERILHT00000011826	A
rna-XM_056792123.1	A	BRAKERILHT00000010544	A
rna-XM_056792118.1	A	BRAKERILHT00000012084	A
rna-XM_056774180.1	A	BRAKERILHT00000011331	A
rna-XM_056774181.1	A	BRAKERILHT00000012189	A
rna-XM_056792628.1	A	BRAKERILHT00000009775	A
rna-XM_056792498.1	A	BRAKERILHT00000011102	A
rna-XM_056773980.1	A	BRAKERILHT00000011816	A
rna-XM_056773983.1	A	BRAKERILHT00000003444	A
rna-XM_056793249.1	A	BRAKERILHT00000011154	A
rna-XM_056792287.1	A	BRAKERILHT00000015730	A
rna-XM_056792288.1	A	BRAKERILHT00000013658	A
rna-XM_056792899.1	A	BRAKERILHT00000003037	A
rna-XM_056792898.1	A	BRAKERILHT00000005605	A
rna-XM_056792370.1	A	BRAKERILHT00000005569	A
rna-XM_056773781.1	A	BRAKERILHT00000005446	A
rna-XM_056773778.1	A	BRAKERILHT00000005012	A
rna-XM_056773780.1	A	BRAKERILHT00000005671	A
rna-XM_056773785.1	A	BRAKERILHT00000003622	A
rna-XM_056773787.1	A	BRAKERILHT00000006217	A
rna-XM_056773790.1	A	BRAKERILHT00000005216	A
rna-XM_056773793.1	A	BRAKERILHT00000005534	A
rna-XM_056773893.1	A	BRAKERILHT00000006379	A
rna-XM_056793096.1	A	BRAKERILHT00000004062	A
rna-XM_056792999.1	A	BRAKERILHT00000005211	A
rna-XM_056773604.1	A	BRAKERILHT00000005224	A
rna-XM_056773611.1	A	BRAKERILHT00000004697	A
rna-XM_056773605.1	A	BRAKERILHT00000014553	A
rna-XM_056773609.1	A	BRAKERILHT00000005926	A
rna-XM_056773600.1	A	BRAKERILHT00000004756	A
rna-XM_056773612.1	A	BRAKERILHT00000006360	A
rna-XM_056773616.1	A	BRAKERILHT00000004982	A
rna-XM_056773614.1	A	BRAKERILHT00000005071	A
rna-XM_056773633.1	A	BRAKERILHT00000004627	A
rna-XM_056773635.1	A	BRAKERILHT00000006161	A
rna-XM_056773632.1	A	BRAKERILHT00000005774	A
rna-XM_056773637.1	A	BRAKERILHT00000004622	A
rna-XM_056773639.1	A	BRAKERILHT00000004686	A
rna-XM_056773642.1	A	BRAKERILHT00000005997	A
rna-XM_056773640.1	A	BRAKERILHT00000004958	A
rna-XM_056773645.1	A	BRAKERILHT00000005490	A
rna-XM_056773644.1	A	BRAKERILHT00000006420	A
rna-XM_056773648.1	A	BRAKERILHT00000012740	A
rna-XM_056773649.1	A	BRAKERILHT00000005198	A
rna-XM_056773657.1	A	BRAKERILHT00000005943	A
rna-XM_056773656.1	A	BRAKERILHT00000004537	A
rna-XM_056773662.1	A	BRAKERILHT00000006372	A
rna-XM_056773664.1	A	BRAKERILHT00000004555	A
rna-XM_056773666.1	A	BRAKERILHT00000002393	A
rna-XM_056773670.1	A	BRAKERILHT00000005882	A
rna-XM_056773669.1	A	BRAKERILHT00000005548	A
rna-XM_056773667.1	A	BRAKERILHT00000005369	A
rna-XM_056773672.1	A	BRAKERILHT00000004980	A
rna-XM_056792769.1	A	BRAKERILHT00000015000	A
rna-XM_056792770.1	A	BRAKERILHT00000014540	A
rna-XM_056773584.1	A	BRAKERILHT00000014087	A
rna-XM_056773583.1	A	BRAKERILHT00000012928	A
rna-XM_056773581.1	A	BRAKERILHT00000012639	A
rna-XM_056773586.1	A	BRAKERILHT00000012922	A
rna-XM_056792538.1	A	BRAKERILHT00000012976	A
rna-XM_056792810.1	A	BRAKERILHT00000013602	A
rna-XM_056792816.1	A	BRAKERILHT00000013641	A
rna-XM_056793232.1	A	BRAKERILHT00000016912	A
rna-XM_056792614.1	A	BRAKERILHT00000011672	A
rna-XM_056773800.1	A	BRAKERILHT00000012229	A
rna-XM_056773802.1	A	BRAKERILHT00000010594	A
rna-XM_056773806.1	A	BRAKERILHT00000011123	A
rna-XM_056773807.1	A	BRAKERILHT00000005229	A
rna-XM_056792804.1	A	BRAKERILHT00000001264	A
rna-XM_056793057.1	A	BRAKERILHT00000003059	A
rna-XM_056773943.1	A	BRAKERILHT00000015637	A
rna-XM_056773944.1	A	BRAKERILHT00000015828	A
rna-XM_056792855.1	A	BRAKERILHT00000012133	A
rna-XM_056774001.1	A	BRAKERILHT00000007215	A
rna-XM_056774010.1	A	BRAKERILHT00000009144	A
rna-XM_056774002.1	A	BRAKERILHT00000009434	A
rna-XM_056792474.1	A	BRAKERILHT00000013454	A
rna-XM_056792210.1	A	BRAKERILHT00000013242	A
rna-XM_056793138.1	A	BRAKERILHT00000012875	A
rna-XM_056792566.1	A	BRAKERILHT00000001093	A
rna-XM_056773898.1	A	BRAKERILHT00000004626	A
rna-XM_056792915.1	A	BRAKERILHT00000004690	A
rna-XM_056792708.1	A	BRAKERILHT00000005161	A
rna-XM_056773900.1	A	BRAKERILHT00000006209	A
rna-XM_056773673.1	A	BRAKERILHT00000002266	A
rna-XM_056792352.1	A	BRAKERILHT00000004644	A
rna-XM_056774231.1	A	BRAKERILHT00000005227	A
rna-XM_056792174.1	A	BRAKERILHT00000014966	A
rna-XM_056792323.1	A	BRAKERILHT00000013813	A
rna-XM_056792635.1	A	BRAKERILHT00000006073	A
rna-XM_056792289.1	A	BRAKERILHT00000006389	A
rna-XM_056792294.1	A	BRAKERILHT00000005393	A
rna-XM_056792817.1	A	BRAKERILHT00000006260	A
rna-XM_056792509.1	A	BRAKERILHT00000004835	A
rna-XM_056792329.1	A	BRAKERILHT00000013355	A
rna-XM_056791952.1	A	BRAKERILHT00000013837	A
rna-XM_056791953.1	A	BRAKERILHT00000011347	A
rna-XM_056791954.1	A	BRAKERILHT00000005967	A
rna-XM_056791956.1	A	BRAKERILHT00000012214	A
rna-XM_056792111.1	A	BRAKERILHT00000004371	A
rna-XM_056792864.1	A	BRAKERILHT00000002387	A
rna-XM_056792867.1	A	BRAKERILHT00000003493	A
rna-XM_056792661.1	A	BRAKERILHT00000004241	A
rna-XM_056792751.1	A	BRAKERILHT00000009494	A
rna-XM_056792758.1	A	BRAKERILHT00000004240	A
rna-XM_056792757.1	A	BRAKERILHT00000015902	A
rna-XM_056792875.1	A	BRAKERILHT00000014138	A
rna-XM_056792561.1	A	BRAKERILHT00000018042	X
rna-XM_056792560.1	A	BRAKERILHT00000000560	A
rna-XM_056792551.1	A	BRAKERILHT00000001633	A
rna-XM_056793209.1	A	BRAKERILHT00000000112	A
rna-XM_056793210.1	A	BRAKERILHT00000001350	A
rna-XM_056792318.1	A	BRAKERILHT00000014508	A
rna-XM_056792317.1	A	BRAKERILHT00000001219	A
rna-XM_056773754.1	A	BRAKERILHT00000007389	A
rna-XM_056773755.1	A	BRAKERILHT00000001578	A
rna-XM_056773751.1	A	BRAKERILHT00000007363	A
rna-XM_056773549.1	A	BRAKERILHT00000007963	A
rna-XM_056792223.1	A	BRAKERILHT00000000605	A
rna-XM_056792955.1	A	BRAKERILHT00000000511	A
rna-XM_056792960.1	A	BRAKERILHT00000005588	A
rna-XM_056792958.1	A	BRAKERILHT00000004677	A
rna-XM_056792962.1	A	BRAKERILHT00000004901	A
rna-XM_056773998.1	A	BRAKERILHT00000008090	A
rna-XM_056792781.1	A	BRAKERILHT00000007657	A
rna-XM_056792597.1	A	BRAKERILHT00000010068	A
rna-XM_056792983.1	A	BRAKERILHT00000008681	A
rna-XM_056792258.1	A	BRAKERILHT00000008676	A
rna-XM_056773908.1	A	BRAKERILHT00000007798	A
rna-XM_056792239.1	A	BRAKERILHT00000010307	A
rna-XM_056774177.1	A	BRAKERILHT00000007119	A
rna-XM_056793119.1	A	BRAKERILHT00000015101	A
rna-XM_056773819.1	A	BRAKERILHT00000016618	A
rna-XM_056773820.1	A	BRAKERILHT00000016475	A
rna-XM_056773821.1	A	BRAKERILHT00000016206	A
rna-XM_056773822.1	A	BRAKERILHT00000016067	A
rna-XM_056792478.1	A	BRAKERILHT00000012181	A
rna-XM_056792359.1	A	BRAKERILHT00000014576	A
rna-XM_056774133.1	A	BRAKERILHT00000010635	A
rna-XM_056792172.1	A	BRAKERILHT00000013940	A
rna-XM_056792546.1	A	BRAKERILHT00000011840	A
rna-XM_056792240.1	A	BRAKERILHT00000010996	A
rna-XM_056792246.1	A	BRAKERILHT00000011410	A
rna-XM_056792374.1	A	BRAKERILHT00000010946	A
rna-XM_056773912.1	A	BRAKERILHT00000012238	A
rna-XM_056773694.1	A	BRAKERILHT00000011187	A
rna-XM_056792700.1	A	BRAKERILHT00000010762	A
rna-XM_056792008.1	A	BRAKERILHT00000010747	A
rna-XM_056792968.1	A	BRAKERILHT00000003774	A
rna-XM_056792250.1	A	BRAKERILHT00000003835	A
rna-XM_056773691.1	A	BRAKERILHT00000002968	A
rna-XM_056773693.1	A	BRAKERILHT00000003928	A
rna-XM_056792766.1	A	BRAKERILHT00000000218	A
rna-XM_056774087.1	A	BRAKERILHT00000001183	A
rna-XM_056774089.1	A	BRAKERILHT00000009179	A
rna-XM_056774091.1	A	BRAKERILHT00000000003	A
rna-XM_056774090.1	A	BRAKERILHT00000016771	A
rna-XM_056774088.1	A	BRAKERILHT00000017234	X
rna-XM_056792141.1	A	BRAKERILHT00000010706	A
rna-XM_056792857.1	A	BRAKERILHT00000010756	A
rna-XM_056792742.1	A	BRAKERILHT00000011400	A
rna-XM_056792743.1	A	BRAKERILHT00000011440	A
rna-XM_056791977.1	A	BRAKERILHT00000011894	A
rna-XM_056791981.1	A	BRAKERILHT00000011801	A
rna-XM_056791979.1	A	BRAKERILHT00000011289	A
rna-XM_056773767.1	A	BRAKERILHT00000010924	A
rna-XM_056773766.1	A	BRAKERILHT00000011446	A
rna-XM_056773776.1	A	BRAKERILHT00000015092	A
rna-XM_056773769.1	A	BRAKERILHT00000007519	A
rna-XM_056773775.1	A	BRAKERILHT00000016252	A
rna-XM_056792207.1	A	BRAKERILHT00000014427	A
rna-XM_056792202.1	A	BRAKERILHT00000016540	A
rna-XM_056792932.1	A	BRAKERILHT00000016438	A
rna-XM_056792929.1	A	BRAKERILHT00000016246	A
rna-XM_056793199.1	A	BRAKERILHT00000016100	A
rna-XM_056793201.1	A	BRAKERILHT00000002292	A
rna-XM_056774248.1	A	BRAKERILHT00000008805	A
rna-XM_056774249.1	A	BRAKERILHT00000009810	A
rna-XM_056773914.1	A	BRAKERILHT00000009033	A
rna-XM_056773915.1	A	BRAKERILHT00000011397	A
rna-XM_056793021.1	A	BRAKERILHT00000010877	A
rna-XM_056792664.1	A	BRAKERILHT00000015510	A
rna-XM_056792382.1	A	BRAKERILHT00000000997	A
rna-XM_056793223.1	A	BRAKERILHT00000005662	A
rna-XM_056792600.1	A	BRAKERILHT00000005139	A
rna-XM_056773916.1	A	BRAKERILHT00000004970	A
rna-XM_056773919.1	A	BRAKERILHT00000005946	A
rna-XM_056793049.1	A	BRAKERILHT00000004925	A
rna-XM_056793055.1	A	BRAKERILHT00000005317	A
rna-XM_056793035.1	A	BRAKERILHT00000012566	A
rna-XM_056793052.1	A	BRAKERILHT00000005285	A
rna-XM_056793045.1	A	BRAKERILHT00000013720	A
rna-XM_056773920.1	A	BRAKERILHT00000012520	A
rna-XM_056773921.1	A	BRAKERILHT00000013559	A
rna-XM_056793040.1	A	BRAKERILHT00000006295	A
rna-XM_056792891.1	A	BRAKERILHT00000004760	A
rna-XM_056773922.1	A	BRAKERILHT00000008694	A
rna-XM_056773923.1	A	BRAKERILHT00000004722	A
rna-XM_056792714.1	A	BRAKERILHT00000005507	A
rna-XM_056792715.1	A	BRAKERILHT00000005323	A
rna-XM_056773924.1	A	BRAKERILHT00000005710	A
rna-XM_056792562.1	A	BRAKERILHT00000004493	A
rna-XM_056773742.1	A	BRAKERILHT00000000026	A
rna-XM_056773743.1	A	BRAKERILHT00000005944	A
rna-XM_056792495.1	A	BRAKERILHT00000010040	A
rna-XM_056792963.1	A	BRAKERILHT00000005108	A
rna-XM_056793062.1	A	BRAKERILHT00000004605	A
rna-XM_056793244.1	A	BRAKERILHT00000005177	A
rna-XM_056792604.1	A	BRAKERILHT00000004897	A
rna-XM_056792608.1	A	BRAKERILHT00000015413	A
rna-XM_056792346.1	A	BRAKERILHT00000014160	A
rna-XM_056793146.1	A	BRAKERILHT00000013439	A
rna-XM_056773927.1	A	BRAKERILHT00000013469	A
rna-XM_056793147.1	A	BRAKERILHT00000011336	A
rna-XM_056793150.1	A	BRAKERILHT00000015583	A
rna-XM_056793154.1	A	BRAKERILHT00000015204	A
rna-XM_056793153.1	A	BRAKERILHT00000001932	A
rna-XM_056793156.1	A	BRAKERILHT00000004265	A
rna-XM_056793155.1	A	BRAKERILHT00000003861	A
rna-XM_056793158.1	A	BRAKERILHT00000003066	A
rna-XM_056793163.1	A	BRAKERILHT00000012341	A
rna-XM_056793162.1	A	BRAKERILHT00000015155	A
rna-XM_056793159.1	A	BRAKERILHT00000015682	A
rna-XM_056793161.1	A	BRAKERILHT00000012407	A
rna-XM_056793160.1	A	BRAKERILHT00000014646	A
rna-XM_056793181.1	A	BRAKERILHT00000014697	A
rna-XM_056793166.1	A	BRAKERILHT00000012645	A
rna-XM_056793169.1	A	BRAKERILHT00000013921	A
rna-XM_056793175.1	A	BRAKERILHT00000012943	A
rna-XM_056793171.1	A	BRAKERILHT00000013481	A
rna-XM_056793179.1	A	BRAKERILHT00000012999	A
rna-XM_056793168.1	A	BRAKERILHT00000012778	A
rna-XM_056793183.1	A	BRAKERILHT00000013968	A
rna-XM_056793185.1	A	BRAKERILHT00000013361	A
rna-XM_056793194.1	A	BRAKERILHT00000012939	A
rna-XM_056793193.1	A	BRAKERILHT00000005206	A
rna-XM_056793192.1	A	BRAKERILHT00000004638	A
rna-XM_056793186.1	A	BRAKERILHT00000004634	A
rna-XM_056793195.1	A	BRAKERILHT00000005622	A
rna-XM_056774163.1	A	BRAKERILHT00000016136	A
rna-XM_056774162.1	A	BRAKERILHT00000015571	A
rna-XM_056792851.1	A	BRAKERILHT00000014528	A
rna-XM_056792849.1	A	BRAKERILHT00000004840	A
rna-XM_056792591.1	A	BRAKERILHT00000004845	A
rna-XM_056792595.1	A	BRAKERILHT00000015704	A
rna-XM_056792593.1	A	BRAKERILHT00000005740	A
rna-XM_056792159.1	A	BRAKERILHT00000003420	A
rna-XM_056792154.1	A	BRAKERILHT00000012591	A
rna-XM_056792158.1	A	BRAKERILHT00000003465	A
rna-XM_056792153.1	A	BRAKERILHT00000002196	A
rna-XM_056773928.1	A	BRAKERILHT00000002831	A
rna-XM_056773930.1	A	BRAKERILHT00000003731	A
rna-XM_056773933.1	A	BRAKERILHT00000003453	A
rna-XM_056792155.1	A	BRAKERILHT00000003287	A
rna-XM_056792161.1	A	BRAKERILHT00000002910	A
rna-XM_056792638.1	A	BRAKERILHT00000003764	A
rna-XM_056792909.1	A	BRAKERILHT00000003329	A
rna-XM_056792145.1	A	BRAKERILHT00000002944	A
rna-XM_056792146.1	A	BRAKERILHT00000002463	A
rna-XM_056792634.1	A	BRAKERILHT00000002358	A
rna-XM_056792716.1	A	BRAKERILHT00000003939	A
rna-XM_056792620.1	A	BRAKERILHT00000016384	A
rna-XM_056792619.1	A	BRAKERILHT00000016871	A
rna-XM_056773827.1	A	BRAKERILHT00000012769	A
rna-XM_056773829.1	A	BRAKERILHT00000012660	A
rna-XM_056773828.1	A	BRAKERILHT00000013670	A
rna-XM_056793217.1	A	BRAKERILHT00000003361	A
rna-XM_056791986.1	A	BRAKERILHT00000002866	A
rna-XM_056791983.1	A	BRAKERILHT00000014476	A
rna-XM_056791985.1	A	BRAKERILHT00000005033	A
rna-XM_056791984.1	A	BRAKERILHT00000002324	A
rna-XM_056792361.1	A	BRAKERILHT00000016747	A
rna-XM_056774178.1	A	BRAKERILHT00000009135	A
rna-XM_056792675.1	A	BRAKERILHT00000011995	A
rna-XM_056792568.1	A	BRAKERILHT00000015527	A
rna-XM_056773696.1	A	BRAKERILHT00000004020	A
rna-XM_056773726.1	A	BRAKERILHT00000002108	A
rna-XM_056773732.1	A	BRAKERILHT00000006056	A
rna-XM_056793077.1	A	BRAKERILHT00000005491	A
rna-XM_056793079.1	A	BRAKERILHT00000004613	A
rna-XM_056793081.1	A	BRAKERILHT00000004733	A
rna-XM_056793082.1	A	BRAKERILHT00000004470	A
rna-XM_056793078.1	A	BRAKERILHT00000006291	A
rna-XM_056793085.1	A	BRAKERILHT00000005555	A
rna-XM_056793083.1	A	BRAKERILHT00000005395	A
rna-XM_056792408.1	A	BRAKERILHT00000005834	A
rna-XM_056792421.1	A	BRAKERILHT00000012002	A
rna-XM_056792422.1	A	BRAKERILHT00000006732	A
rna-XM_056792423.1	A	BRAKERILHT00000007308	A
rna-XM_056792428.1	A	BRAKERILHT00000003656	A
rna-XM_056792426.1	A	BRAKERILHT00000002243	A
rna-XM_056792430.1	A	BRAKERILHT00000002327	A
rna-XM_056792441.1	A	BRAKERILHT00000016491	A
rna-XM_056792449.1	A	BRAKERILHT00000015717	A
rna-XM_056792455.1	A	BRAKERILHT00000003121	A
rna-XM_056792457.1	A	BRAKERILHT00000013765	A
rna-XM_056792452.1	A	BRAKERILHT00000015910	A
rna-XM_056792450.1	A	BRAKERILHT00000011975	A
rna-XM_056792462.1	A	BRAKERILHT00000011532	A
rna-XM_056792464.1	A	BRAKERILHT00000014733	A
rna-XM_056793102.1	A	BRAKERILHT00000014098	A
rna-XM_056793103.1	A	BRAKERILHT00000014843	A
rna-XM_056773936.1	A	BRAKERILHT00000015464	A
rna-XM_056792920.1	A	BRAKERILHT00000014585	A
rna-XM_056792917.1	A	BRAKERILHT00000014245	A
rna-XM_056791933.1	A	BRAKERILHT00000012651	A
rna-XM_056792489.1	A	BRAKERILHT00000011590	A
rna-XM_056791995.1	A	BRAKERILHT00000013881	A
rna-XM_056791992.1	A	BRAKERILHT00000011207	A
rna-XM_056791997.1	A	BRAKERILHT00000011665	A
rna-XM_056792259.1	A	BRAKERILHT00000011695	A
rna-XM_056792261.1	A	BRAKERILHT00000012284	A
rna-XM_056792260.1	A	BRAKERILHT00000006952	A
rna-XM_056792262.1	A	BRAKERILHT00000005088	A
rna-XM_056792265.1	A	BRAKERILHT00000006091	A
rna-XM_056792263.1	A	BRAKERILHT00000005958	A
rna-XM_056792268.1	A	BRAKERILHT00000005912	A
rna-XM_056792267.1	A	BRAKERILHT00000012831	A
rna-XM_056792269.1	A	BRAKERILHT00000013619	A
rna-XM_056792952.1	A	BRAKERILHT00000004995	A
rna-XM_056792953.1	A	BRAKERILHT00000014945	A
rna-XM_056793013.1	A	BRAKERILHT00000015382	A
rna-XM_056793012.1	A	BRAKERILHT00000014616	A
rna-XM_056793014.1	A	BRAKERILHT00000007917	A
rna-XM_056792825.1	A	BRAKERILHT00000014218	A
rna-XM_056773674.1	A	BRAKERILHT00000014820	A
rna-XM_056773682.1	A	BRAKERILHT00000015396	A
rna-XM_056773684.1	A	BRAKERILHT00000014056	A
rna-XM_056773683.1	A	BRAKERILHT00000012846	A
rna-XM_056774143.1	A	BRAKERILHT00000014174	A
rna-XM_056774145.1	A	BRAKERILHT00000015027	A
rna-XM_056774144.1	A	BRAKERILHT00000014738	A
rna-XM_056774147.1	A	BRAKERILHT00000014404	A
rna-XM_056773596.1	A	BRAKERILHT00000014812	A
rna-XM_056773594.1	A	BRAKERILHT00000015049	A
rna-XM_056773598.1	A	BRAKERILHT00000014932	A
rna-XM_056773991.1	A	BRAKERILHT00000014407	A
rna-XM_056773989.1	A	BRAKERILHT00000014800	A
rna-XM_056773988.1	A	BRAKERILHT00000014320	A
rna-XM_056773986.1	A	BRAKERILHT00000014586	A
rna-XM_056793129.1	A	BRAKERILHT00000007975	A
rna-XM_056773938.1	A	BRAKERILHT00000008005	A
rna-XM_056792837.1	A	BRAKERILHT00000000199	A
rna-XM_056792839.1	A	BRAKERILHT00000001472	A
rna-XM_056773941.1	A	BRAKERILHT00000001481	A
rna-XM_056792381.1	A	BRAKERILHT00000001976	A
rna-XM_056773756.1	A	BRAKERILHT00000000194	A
rna-XM_056773762.1	A	BRAKERILHT00000000787	A
rna-XM_056773761.1	A	BRAKERILHT00000001112	A
rna-XM_056773759.1	A	BRAKERILHT00000001710	A
rna-XM_056773763.1	A	BRAKERILHT00000014232	A
rna-XM_056792085.1	A	BRAKERILHT00000012386	A
rna-XM_056791991.1	A	BRAKERILHT00000008858	A
rna-XM_056791988.1	A	BRAKERILHT00000010359	A
rna-XM_056792353.1	A	BRAKERILHT00000009816	A
rna-XM_056773942.1	A	BRAKERILHT00000008532	A
rna-XM_056773823.1	A	BRAKERILHT00000008493	A
rna-XM_056773825.1	A	BRAKERILHT00000001152	A
rna-XM_056792796.1	A	BRAKERILHT00000000264	A
rna-XM_056792683.1	A	BRAKERILHT00000001762	A
rna-XM_056792687.1	A	BRAKERILHT00000001933	A
rna-XM_056792859.1	A	BRAKERILHT00000001761	A
rna-XM_056792368.1	A	BRAKERILHT00000002073	A
rna-XM_056792984.1	A	BRAKERILHT00000001464	A
rna-XM_056792986.1	A	BRAKERILHT00000002059	A
rna-XM_056792314.1	A	BRAKERILHT00000001784	A
rna-XM_056792987.1	A	BRAKERILHT00000001107	A
rna-XM_056792990.1	A	BRAKERILHT00000001110	A
rna-XM_056792995.1	A	BRAKERILHT00000012003	A
rna-XM_056792996.1	A	BRAKERILHT00000014548	A
rna-XM_056792993.1	A	BRAKERILHT00000015610	A
rna-XM_056792297.1	A	BRAKERILHT00000015337	A
rna-XM_056792301.1	A	BRAKERILHT00000000195	A
rna-XM_056792166.1	A	BRAKERILHT00000001150	A
rna-XM_056792602.1	A	BRAKERILHT00000001740	A
rna-XM_056792907.1	A	BRAKERILHT00000010926	A
rna-XM_056792908.1	A	BRAKERILHT00000014260	A
rna-XM_056792926.1	A	BRAKERILHT00000008157	A
rna-XM_056792927.1	A	BRAKERILHT00000014936	A
rna-XM_056792076.1	A	BRAKERILHT00000000279	A
rna-XM_056792074.1	A	BRAKERILHT00000014813	A
rna-XM_056792072.1	A	BRAKERILHT00000007478	A
rna-XM_056792403.1	A	BRAKERILHT00000008869	A
rna-XM_056773946.1	A	BRAKERILHT00000014109	A
rna-XM_056773949.1	A	BRAKERILHT00000009140	A
rna-XM_056792326.1	A	BRAKERILHT00000015499	A
rna-XM_056793076.1	A	BRAKERILHT00000009370	A
rna-XM_056792645.1	A	BRAKERILHT00000014833	A
rna-XM_056792646.1	A	BRAKERILHT00000000036	A
rna-XM_056792905.1	A	BRAKERILHT00000016405	A
rna-XM_056792906.1	A	BRAKERILHT00000000453	A
rna-XM_056774072.1	A	BRAKERILHT00000010213	A
rna-XM_056774073.1	A	BRAKERILHT00000008946	A
rna-XM_056774071.1	A	BRAKERILHT00000002562	A
rna-XM_056774068.1	A	BRAKERILHT00000014673	A
rna-XM_056774092.1	A	BRAKERILHT00000016162	A
rna-XM_056774098.1	A	BRAKERILHT00000009433	A
rna-XM_056774096.1	A	BRAKERILHT00000015955	A
rna-XM_056792319.1	A	BRAKERILHT00000015420	A
rna-XM_056792640.1	A	BRAKERILHT00000000029	A
rna-XM_056792641.1	A	BRAKERILHT00000001541	A
rna-XM_056791964.1	A	BRAKERILHT00000000980	A
rna-XM_056791965.1	A	BRAKERILHT00000010340	A
rna-XM_056791970.1	A	BRAKERILHT00000001226	A
rna-XM_056791968.1	A	BRAKERILHT00000000370	A
rna-XM_056776052.1	A	BRAKERILHT00000008246	A
rna-XM_056776056.1	A	BRAKERILHT00000006489	A
rna-XM_056776062.1	A	BRAKERILHT00000006893	A
rna-XM_056776066.1	A	BRAKERILHT00000001176	A
rna-XM_056774486.1	A	BRAKERILHT00000000393	A
rna-XM_056774487.1	A	BRAKERILHT00000000982	A
rna-XM_056775143.1	A	BRAKERILHT00000001307	A
rna-XM_056775096.1	A	BRAKERILHT00000000086	A
rna-XM_056775082.1	A	BRAKERILHT00000001639	A
rna-XM_056775087.1	A	BRAKERILHT00000000946	A
rna-XM_056774878.1	A	BRAKERILHT00000000235	A
rna-XM_056774506.1	A	BRAKERILHT00000001189	A
rna-XM_056774509.1	A	BRAKERILHT00000001765	A
rna-XM_056774360.1	A	BRAKERILHT00000002104	A
rna-XM_056774824.1	A	BRAKERILHT00000000674	A
rna-XM_056775596.1	A	BRAKERILHT00000000132	A
rna-XM_056775595.1	A	BRAKERILHT00000000562	A
rna-XM_056774729.1	A	BRAKERILHT00000008351	A
rna-XM_056774730.1	A	BRAKERILHT00000007724	A
rna-XM_056775584.1	A	BRAKERILHT00000008367	A
rna-XM_056774516.1	A	BRAKERILHT00000007782	A
rna-XM_056774812.1	A	BRAKERILHT00000016465	A
rna-XM_056775033.1	A	BRAKERILHT00000015690	A
rna-XM_056775032.1	A	BRAKERILHT00000003079	A
rna-XM_056775337.1	A	BRAKERILHT00000009777	A
rna-XM_056774859.1	A	BRAKERILHT00000015988	A
rna-XM_056775608.1	A	BRAKERILHT00000016120	A
rna-XM_056775386.1	A	BRAKERILHT00000016386	A
rna-XM_056776320.1	A	BRAKERILHT00000016231	A
rna-XM_056774518.1	A	BRAKERILHT00000016614	A
rna-XM_056774970.1	A	BRAKERILHT00000016727	A
rna-XM_056775379.1	A	BRAKERILHT00000015756	A
rna-XM_056774762.1	A	BRAKERILHT00000007331	A
rna-XM_056774761.1	A	BRAKERILHT00000006617	A
rna-XM_056775184.1	A	BRAKERILHT00000008158	A
rna-XM_056775089.1	A	BRAKERILHT00000016112	A
rna-XM_056775088.1	A	BRAKERILHT00000006428	A
rna-XM_056775285.1	A	BRAKERILHT00000007207	A
rna-XM_056776265.1	A	BRAKERILHT00000008399	A
rna-XM_056776250.1	A	BRAKERILHT00000007785	A
rna-XM_056776257.1	A	BRAKERILHT00000006916	A
rna-XM_056776254.1	A	BRAKERILHT00000014464	A
rna-XM_056776259.1	A	BRAKERILHT00000016498	A
rna-XM_056775210.1	A	BRAKERILHT00000015950	A
rna-XM_056774964.1	A	BRAKERILHT00000016152	A
rna-XM_056774941.1	A	BRAKERILHT00000016127	A
rna-XM_056774943.1	A	BRAKERILHT00000012653	A
rna-XM_056774938.1	A	BRAKERILHT00000008548	A
rna-XM_056775381.1	A	BRAKERILHT00000009687	A
rna-XM_056774350.1	A	BRAKERILHT00000016779	A
rna-XM_056774357.1	A	BRAKERILHT00000012080	A
rna-XM_056774355.1	A	BRAKERILHT00000013688	A
rna-XM_056774818.1	A	BRAKERILHT00000009486	A
rna-XM_056775301.1	A	BRAKERILHT00000003097	A
rna-XM_056776196.1	A	BRAKERILHT00000016071	A
rna-XM_056775259.1	A	BRAKERILHT00000006971	A
rna-XM_056774976.1	A	BRAKERILHT00000008416	A
rna-XM_056774982.1	A	BRAKERILHT00000007046	A
rna-XM_056774984.1	A	BRAKERILHT00000009908	A
rna-XM_056775055.1	A	BRAKERILHT00000015991	A
rna-XM_056775050.1	A	BRAKERILHT00000003528	A
rna-XM_056775062.1	A	BRAKERILHT00000016146	A
rna-XM_056775061.1	A	BRAKERILHT00000006717	A
rna-XM_056775070.1	A	BRAKERILHT00000006057	A
rna-XM_056775071.1	A	BRAKERILHT00000005445	A
rna-XM_056775078.1	A	BRAKERILHT00000005141	A
rna-XM_056775339.1	A	BRAKERILHT00000005279	A
rna-XM_056774682.1	A	BRAKERILHT00000005222	A
rna-XM_056775172.1	A	BRAKERILHT00000006406	A
rna-XM_056775762.1	A	BRAKERILHT00000005003	A
rna-XM_056775764.1	A	BRAKERILHT00000005688	A
rna-XM_056775752.1	A	BRAKERILHT00000005427	A
rna-XM_056775585.1	A	BRAKERILHT00000002021	A
rna-XM_056775594.1	A	BRAKERILHT00000002964	A
rna-XM_056775591.1	A	BRAKERILHT00000003742	A
rna-XM_056775299.1	A	BRAKERILHT00000009092	A
rna-XM_056774975.1	A	BRAKERILHT00000008526	A
rna-XM_056775168.1	A	BRAKERILHT00000008657	A
rna-XM_056774974.1	A	BRAKERILHT00000010037	A
rna-XM_056775211.1	A	BRAKERILHT00000009470	A
rna-XM_056774821.1	A	BRAKERILHT00000009381	A
rna-XM_056774736.1	A	BRAKERILHT00000008852	A
rna-XM_056775418.1	A	BRAKERILHT00000010233	A
rna-XM_056775615.1	A	BRAKERILHT00000009701	A
rna-XM_056774771.1	A	BRAKERILHT00000008217	A
rna-XM_056774772.1	A	BRAKERILHT00000000137	A
rna-XM_056775257.1	A	BRAKERILHT00000014049	A
rna-XM_056774779.1	A	BRAKERILHT00000007859	A
rna-XM_056775248.1	A	BRAKERILHT00000005298	A
rna-XM_056774840.1	A	BRAKERILHT00000013035	A
rna-XM_056774531.1	A	BRAKERILHT00000006868	A
rna-XM_056774262.1	A	BRAKERILHT00000002410	A
rna-XM_056774265.1	A	BRAKERILHT00000015911	A
rna-XM_056775315.1	A	BRAKERILHT00000011262	A
rna-XM_056776323.1	A	BRAKERILHT00000013947	A
rna-XM_056776325.1	A	BRAKERILHT00000012670	A
rna-XM_056776238.1	A	BRAKERILHT00000011925	A
rna-XM_056775344.1	A	BRAKERILHT00000011902	A
rna-XM_056776096.1	A	BRAKERILHT00000011151	A
rna-XM_056776097.1	A	BRAKERILHT00000014858	A
rna-XM_056774793.1	A	BRAKERILHT00000001164	A
rna-XM_056774796.1	A	BRAKERILHT00000000246	A
rna-XM_056774804.1	A	BRAKERILHT00000000636	A
rna-XM_056774809.1	A	BRAKERILHT00000004185	A
rna-XM_056776270.1	A	BRAKERILHT00000016757	A
rna-XM_056776275.1	A	BRAKERILHT00000001587	A
rna-XM_056774767.1	A	BRAKERILHT00000016494	A
rna-XM_056775349.1	A	BRAKERILHT00000014491	A
rna-XM_056774819.1	A	BRAKERILHT00000011299	A
rna-XM_056774832.1	A	BRAKERILHT00000001751	A
rna-XM_056774839.1	A	BRAKERILHT00000010173	A
rna-XM_056774375.1	A	BRAKERILHT00000006762	A
rna-XM_056774873.1	A	BRAKERILHT00000003794	A
rna-XM_056774380.1	A	BRAKERILHT00000013271	A
rna-XM_056774384.1	A	BRAKERILHT00000012969	A
rna-XM_056774389.1	A	BRAKERILHT00000014403	A
rna-XM_056774392.1	A	BRAKERILHT00000012067	A
rna-XM_056774397.1	A	BRAKERILHT00000015078	A
rna-XM_056774398.1	A	BRAKERILHT00000013172	A
rna-XM_056774407.1	A	BRAKERILHT00000016731	A
rna-XM_056774400.1	A	BRAKERILHT00000013241	A
rna-XM_056774406.1	A	BRAKERILHT00000013050	A
rna-XM_056774405.1	A	BRAKERILHT00000013422	A
rna-XM_056775445.1	A	BRAKERILHT00000008254	A
rna-XM_056774768.1	A	BRAKERILHT00000002817	A
rna-XM_056776047.1	A	BRAKERILHT00000000475	A
rna-XM_056776051.1	A	BRAKERILHT00000001872	A
rna-XM_056774505.1	A	BRAKERILHT00000003203	A
rna-XM_056774488.1	A	BRAKERILHT00000002887	A
rna-XM_056775450.1	A	BRAKERILHT00000014696	A
rna-XM_056774870.1	A	BRAKERILHT00000013120	A
rna-XM_056774872.1	A	BRAKERILHT00000013994	A
rna-XM_056775649.1	A	BRAKERILHT00000004005	A
rna-XM_056775921.1	A	BRAKERILHT00000002568	A
rna-XM_056775924.1	A	BRAKERILHT00000015549	A
rna-XM_056775927.1	A	BRAKERILHT00000012198	A
rna-XM_056775926.1	A	BRAKERILHT00000003035	A
rna-XM_056775932.1	A	BRAKERILHT00000003162	A
rna-XM_056775933.1	A	BRAKERILHT00000012665	A
rna-XM_056775930.1	A	BRAKERILHT00000013038	A
rna-XM_056775928.1	A	BRAKERILHT00000013827	A
rna-XM_056775934.1	A	BRAKERILHT00000013458	A
rna-XM_056775936.1	A	BRAKERILHT00000012979	A
rna-XM_056775937.1	A	BRAKERILHT00000005179	A
rna-XM_056775938.1	A	BRAKERILHT00000006197	A
rna-XM_056775939.1	A	BRAKERILHT00000002381	A
rna-XM_056775941.1	A	BRAKERILHT00000005939	A
rna-XM_056775943.1	A	BRAKERILHT00000005337	A
rna-XM_056775948.1	A	BRAKERILHT00000002573	A
rna-XM_056775947.1	A	BRAKERILHT00000005305	A
rna-XM_056775944.1	A	BRAKERILHT00000008715	A
rna-XM_056775945.1	A	BRAKERILHT00000010061	A
rna-XM_056775949.1	A	BRAKERILHT00000002591	A
rna-XM_056775453.1	A	BRAKERILHT00000004041	A
rna-XM_056775957.1	A	BRAKERILHT00000013661	A
rna-XM_056775959.1	A	BRAKERILHT00000011399	A
rna-XM_056775960.1	A	BRAKERILHT00000011896	A
rna-XM_056775964.1	A	BRAKERILHT00000012727	A
rna-XM_056775961.1	A	BRAKERILHT00000012120	A
rna-XM_056775458.1	A	BRAKERILHT00000015213	A
rna-XM_056775387.1	A	BRAKERILHT00000009006	A
rna-XM_056776067.1	A	BRAKERILHT00000013117	A
rna-XM_056774805.1	A	BRAKERILHT00000004668	A
rna-XM_056775769.1	A	BRAKERILHT00000006471	A
rna-XM_056775777.1	A	BRAKERILHT00000005170	A
rna-XM_056775782.1	A	BRAKERILHT00000003256	A
rna-XM_056775783.1	A	BRAKERILHT00000003042	A
rna-XM_056775391.1	A	BRAKERILHT00000003442	A
rna-XM_056775643.1	A	BRAKERILHT00000003882	A
rna-XM_056775641.1	A	BRAKERILHT00000002612	A
rna-XM_056775106.1	A	BRAKERILHT00000003236	A
rna-XM_056775109.1	A	BRAKERILHT00000002728	A
rna-XM_056775104.1	A	BRAKERILHT00000004210	A
rna-XM_056775289.1	A	BRAKERILHT00000003609	A
rna-XM_056774507.1	A	BRAKERILHT00000003522	A
rna-XM_056774678.1	A	BRAKERILHT00000004028	A
rna-XM_056774680.1	A	BRAKERILHT00000003018	A
rna-XM_056775192.1	A	BRAKERILHT00000004338	A
rna-XM_056775886.1	A	BRAKERILHT00000002718	A
rna-XM_056774775.1	A	BRAKERILHT00000003134	A
rna-XM_056775099.1	A	BRAKERILHT00000003390	A
rna-XM_056775098.1	A	BRAKERILHT00000003491	A
rna-XM_056775466.1	A	BRAKERILHT00000008099	A
rna-XM_056775236.1	A	BRAKERILHT00000008967	A
rna-XM_056775237.1	A	BRAKERILHT00000008513	A
rna-XM_056774886.1	A	BRAKERILHT00000009503	A
rna-XM_056775467.1	A	BRAKERILHT00000009886	A
rna-XM_056775795.1	A	BRAKERILHT00000003574	A
rna-XM_056775796.1	A	BRAKERILHT00000002742	A
rna-XM_056775800.1	A	BRAKERILHT00000003180	A
rna-XM_056775802.1	A	BRAKERILHT00000003076	A
rna-XM_056774891.1	A	BRAKERILHT00000004161	A
rna-XM_056774889.1	A	BRAKERILHT00000003607	A
rna-XM_056774890.1	A	BRAKERILHT00000004208	A
rna-XM_056774529.1	A	BRAKERILHT00000003198	A
rna-XM_056775471.1	A	BRAKERILHT00000001180	A
rna-XM_056775473.1	A	BRAKERILHT00000000899	A
rna-XM_056775166.1	A	BRAKERILHT00000000466	A
rna-XM_056775163.1	A	BRAKERILHT00000006402	A
rna-XM_056775164.1	A	BRAKERILHT00000001090	A
rna-XM_056774920.1	A	BRAKERILHT00000001408	A
rna-XM_056774948.1	A	BRAKERILHT00000002158	A
rna-XM_056774860.1	A	BRAKERILHT00000002009	A
rna-XM_056775382.1	A	BRAKERILHT00000000184	A
rna-XM_056774995.1	A	BRAKERILHT00000001721	A
rna-XM_056775970.1	A	BRAKERILHT00000002025	A
rna-XM_056775972.1	A	BRAKERILHT00000005665	A
rna-XM_056775978.1	A	BRAKERILHT00000007307	A
rna-XM_056775982.1	A	BRAKERILHT00000007159	A
rna-XM_056775986.1	A	BRAKERILHT00000006612	A
rna-XM_056775989.1	A	BRAKERILHT00000002810	A
rna-XM_056775990.1	A	BRAKERILHT00000002306	A
rna-XM_056775992.1	A	BRAKERILHT00000006747	A
rna-XM_056775999.1	A	BRAKERILHT00000005360	A
rna-XM_056775998.1	A	BRAKERILHT00000005828	A
rna-XM_056776007.1	A	BRAKERILHT00000006436	A
rna-XM_056776005.1	A	BRAKERILHT00000005091	A
rna-XM_056776008.1	A	BRAKERILHT00000008486	A
rna-XM_056776010.1	A	BRAKERILHT00000012502	A
rna-XM_056776012.1	A	BRAKERILHT00000005808	A
rna-XM_056776013.1	A	BRAKERILHT00000004640	A
rna-XM_056776015.1	A	BRAKERILHT00000006019	A
rna-XM_056776022.1	A	BRAKERILHT00000011876	A
rna-XM_056776018.1	A	BRAKERILHT00000010519	A
rna-XM_056776023.1	A	BRAKERILHT00000012065	A
rna-XM_056775044.1	A	BRAKERILHT00000001277	A
rna-XM_056775045.1	A	BRAKERILHT00000011019	A
rna-XM_056775173.1	A	BRAKERILHT00000007288	A
rna-XM_056775321.1	A	BRAKERILHT00000010490	A
rna-XM_056774887.1	A	BRAKERILHT00000014762	A
rna-XM_056775476.1	A	BRAKERILHT00000004589	A
rna-XM_056774473.1	A	BRAKERILHT00000013388	A
rna-XM_056774300.1	A	BRAKERILHT00000010573	A
rna-XM_056774303.1	A	BRAKERILHT00000011950	A
rna-XM_056775436.1	A	BRAKERILHT00000012404	A
rna-XM_056774934.1	A	BRAKERILHT00000013618	A
rna-XM_056775372.1	A	BRAKERILHT00000013584	A
rna-XM_056776033.1	A	BRAKERILHT00000012743	A
rna-XM_056776035.1	A	BRAKERILHT00000012833	A
rna-XM_056776036.1	A	BRAKERILHT00000013049	A
rna-XM_056776034.1	A	BRAKERILHT00000012500	A
rna-XM_056776031.1	A	BRAKERILHT00000013270	A
rna-XM_056774429.1	A	BRAKERILHT00000013713	A
rna-XM_056775203.1	A	BRAKERILHT00000008804	A
rna-XM_056774439.1	A	BRAKERILHT00000013384	A
rna-XM_056774864.1	A	BRAKERILHT00000013343	A
rna-XM_056775479.1	A	BRAKERILHT00000013209	A
rna-XM_056776215.1	A	BRAKERILHT00000013456	A
rna-XM_056774754.1	A	BRAKERILHT00000012421	A
rna-XM_056774962.1	A	BRAKERILHT00000016003	A
rna-XM_056774968.1	A	BRAKERILHT00000015229	A
rna-XM_056775601.1	A	BRAKERILHT00000014401	A
rna-XM_056775604.1	A	BRAKERILHT00000014541	A
rna-XM_056775605.1	A	BRAKERILHT00000014740	A
rna-XM_056775157.1	A	BRAKERILHT00000012533	A
rna-XM_056775160.1	A	BRAKERILHT00000002771	A
rna-XM_056775161.1	A	BRAKERILHT00000013859	A
rna-XM_056775606.1	A	BRAKERILHT00000013642	A
rna-XM_056774885.1	A	BRAKERILHT00000012931	A
rna-XM_056775482.1	A	BRAKERILHT00000012435	A
rna-XM_056774549.1	A	BRAKERILHT00000014010	A
rna-XM_056774561.1	A	BRAKERILHT00000000718	A
rna-XM_056774542.1	A	BRAKERILHT00000015587	A
rna-XM_056774564.1	A	BRAKERILHT00000015178	A
rna-XM_056774569.1	A	BRAKERILHT00000014512	A
rna-XM_056774589.1	A	BRAKERILHT00000015090	A
rna-XM_056774587.1	A	BRAKERILHT00000014630	A
rna-XM_056774590.1	A	BRAKERILHT00000007051	A
rna-XM_056774593.1	A	BRAKERILHT00000014530	A
rna-XM_056774595.1	A	BRAKERILHT00000005231	A
rna-XM_056774596.1	A	BRAKERILHT00000006157	A
rna-XM_056774597.1	A	BRAKERILHT00000014794	A
rna-XM_056774600.1	A	BRAKERILHT00000007024	A
rna-XM_056774601.1	A	BRAKERILHT00000007101	A
rna-XM_056774602.1	A	BRAKERILHT00000013829	A
rna-XM_056774606.1	A	BRAKERILHT00000005267	A
rna-XM_056774608.1	A	BRAKERILHT00000014877	A
rna-XM_056774609.1	A	BRAKERILHT00000015338	A
rna-XM_056774610.1	A	BRAKERILHT00000014173	A
rna-XM_056774611.1	A	BRAKERILHT00000015151	A
rna-XM_056774613.1	A	BRAKERILHT00000014804	A
rna-XM_056774612.1	A	BRAKERILHT00000014640	A
rna-XM_056774614.1	A	BRAKERILHT00000014297	A
rna-XM_056774616.1	A	BRAKERILHT00000015529	A
rna-XM_056774618.1	A	BRAKERILHT00000015203	A
rna-XM_056774624.1	A	BRAKERILHT00000014461	A
rna-XM_056774627.1	A	BRAKERILHT00000014112	A
rna-XM_056774622.1	A	BRAKERILHT00000015380	A
rna-XM_056774630.1	A	BRAKERILHT00000015222	A
rna-XM_056774625.1	A	BRAKERILHT00000014126	A
rna-XM_056774631.1	A	BRAKERILHT00000015116	A
rna-XM_056774633.1	A	BRAKERILHT00000014436	A
rna-XM_056774636.1	A	BRAKERILHT00000014144	A
rna-XM_056774637.1	A	BRAKERILHT00000014620	A
rna-XM_056774639.1	A	BRAKERILHT00000014509	A
rna-XM_056774645.1	A	BRAKERILHT00000014506	A
rna-XM_056774640.1	A	BRAKERILHT00000015277	A
rna-XM_056775484.1	A	BRAKERILHT00000015143	A
rna-XM_056774648.1	A	BRAKERILHT00000015323	A
rna-XM_056775486.1	A	BRAKERILHT00000014961	A
rna-XM_056775491.1	A	BRAKERILHT00000015486	A
rna-XM_056775497.1	A	BRAKERILHT00000015228	A
rna-XM_056774649.1	A	BRAKERILHT00000015138	A
rna-XM_056774650.1	A	BRAKERILHT00000014890	A
rna-XM_056774657.1	A	BRAKERILHT00000015536	A
rna-XM_056774665.1	A	BRAKERILHT00000015356	A
rna-XM_056774667.1	A	BRAKERILHT00000014993	A
rna-XM_056774285.1	A	BRAKERILHT00000004916	A
rna-XM_056774284.1	A	BRAKERILHT00000004716	A
rna-XM_056776146.1	A	BRAKERILHT00000005472	A
rna-XM_056776148.1	A	BRAKERILHT00000000474	A
rna-XM_056776145.1	A	BRAKERILHT00000005292	A
rna-XM_056776340.1	A	BRAKERILHT00000006178	A
rna-XM_056774673.1	A	BRAKERILHT00000013008	A
rna-XM_056775499.1	A	BRAKERILHT00000006308	A
rna-XM_056775029.1	A	BRAKERILHT00000013578	A
rna-XM_056774916.1	A	BRAKERILHT00000012625	A
rna-XM_056774757.1	A	BRAKERILHT00000012844	A
rna-XM_056775806.1	A	BRAKERILHT00000014614	A
rna-XM_056775808.1	A	BRAKERILHT00000014253	A
rna-XM_056775812.1	A	BRAKERILHT00000012707	A
rna-XM_056775814.1	A	BRAKERILHT00000005412	A
rna-XM_056775813.1	A	BRAKERILHT00000013576	A
rna-XM_056775815.1	A	BRAKERILHT00000012792	A
rna-XM_056775822.1	A	BRAKERILHT00000012441	A
rna-XM_056775824.1	A	BRAKERILHT00000013731	A
rna-XM_056775823.1	A	BRAKERILHT00000005346	A
rna-XM_056775826.1	A	BRAKERILHT00000013181	A
rna-XM_056775847.1	A	BRAKERILHT00000001054	A
rna-XM_056775853.1	A	BRAKERILHT00000000924	A
rna-XM_056775857.1	A	BRAKERILHT00000000976	A
rna-XM_056775854.1	A	BRAKERILHT00000000249	A
rna-XM_056775859.1	A	BRAKERILHT00000004704	A
rna-XM_056776071.1	A	BRAKERILHT00000013065	A
rna-XM_056774287.1	A	BRAKERILHT00000005910	A
rna-XM_056775505.1	A	BRAKERILHT00000005308	A
rna-XM_056774841.1	A	BRAKERILHT00000004464	A
rna-XM_056774843.1	A	BRAKERILHT00000006319	A
rna-XM_056774949.1	A	BRAKERILHT00000009264	A
rna-XM_056775180.1	A	BRAKERILHT00000002078	A
rna-XM_056775182.1	A	BRAKERILHT00000008105	A
rna-XM_056775013.1	A	BRAKERILHT00000007554	A
rna-XM_056774806.1	A	BRAKERILHT00000006642	A
rna-XM_056775383.1	A	BRAKERILHT00000006651	A
rna-XM_056775385.1	A	BRAKERILHT00000008302	A
rna-XM_056775611.1	A	BRAKERILHT00000008417	A
rna-XM_056774368.1	A	BRAKERILHT00000006843	A
rna-XM_056774370.1	A	BRAKERILHT00000007683	A
rna-XM_056775507.1	A	BRAKERILHT00000008402	A
rna-XM_056775508.1	A	BRAKERILHT00000007848	A
rna-XM_056775366.1	A	BRAKERILHT00000007678	A
rna-XM_056775740.1	A	BRAKERILHT00000014650	A
rna-XM_056775724.1	A	BRAKERILHT00000015058	A
rna-XM_056776177.1	A	BRAKERILHT00000014288	A
rna-XM_056776176.1	A	BRAKERILHT00000011175	A
rna-XM_056776191.1	A	BRAKERILHT00000013269	A
rna-XM_056776188.1	A	BRAKERILHT00000007453	A
rna-XM_056775920.1	A	BRAKERILHT00000008238	A
rna-XM_056775917.1	A	BRAKERILHT00000008196	A
rna-XM_056774694.1	A	BRAKERILHT00000014831	A
rna-XM_056774697.1	A	BRAKERILHT00000014856	A
rna-XM_056774702.1	A	BRAKERILHT00000014972	A
rna-XM_056775749.1	A	BRAKERILHT00000007311	A
rna-XM_056775748.1	A	BRAKERILHT00000008135	A
rna-XM_056774905.1	A	BRAKERILHT00000014692	A
rna-XM_056774737.1	A	BRAKERILHT00000015033	A
rna-XM_056774738.1	A	BRAKERILHT00000015219	A
rna-XM_056775512.1	A	BRAKERILHT00000015577	A
rna-XM_056774896.1	A	BRAKERILHT00000004060	A
rna-XM_056774784.1	A	BRAKERILHT00000014062	A
rna-XM_056775355.1	A	BRAKERILHT00000015421	A
rna-XM_056775199.1	A	BRAKERILHT00000011119	A
rna-XM_056774691.1	A	BRAKERILHT00000014943	A
rna-XM_056774306.1	A	BRAKERILHT00000005839	A
rna-XM_056775660.1	A	BRAKERILHT00000005022	A
rna-XM_056775514.1	A	BRAKERILHT00000000962	A
rna-XM_056774876.1	A	BRAKERILHT00000015933	A
rna-XM_056775515.1	A	BRAKERILHT00000015528	A
rna-XM_056775247.1	A	BRAKERILHT00000008838	A
rna-XM_056774333.1	A	BRAKERILHT00000008926	A
rna-XM_056774336.1	A	BRAKERILHT00000013996	A
rna-XM_056774339.1	A	BRAKERILHT00000005837	A
rna-XM_056774342.1	A	BRAKERILHT00000005402	A
rna-XM_056774341.1	A	BRAKERILHT00000004837	A
rna-XM_056774344.1	A	BRAKERILHT00000013279	A
rna-XM_056774343.1	A	BRAKERILHT00000010344	A
rna-XM_056776226.1	A	BRAKERILHT00000012034	A
rna-XM_056776228.1	A	BRAKERILHT00000002470	A
rna-XM_056776229.1	A	BRAKERILHT00000013633	A
rna-XM_056776230.1	A	BRAKERILHT00000002686	A
rna-XM_056776227.1	A	BRAKERILHT00000002339	A
rna-XM_056775898.1	A	BRAKERILHT00000003115	A
rna-XM_056775900.1	A	BRAKERILHT00000002876	A
rna-XM_056775899.1	A	BRAKERILHT00000003126	A
rna-XM_056775903.1	A	BRAKERILHT00000003156	A
rna-XM_056775905.1	A	BRAKERILHT00000002363	A
rna-XM_056775531.1	A	BRAKERILHT00000001676	A
rna-XM_056774742.1	A	BRAKERILHT00000003038	A
rna-XM_056775241.1	A	BRAKERILHT00000003736	A
rna-XM_056776098.1	A	BRAKERILHT00000015051	A
rna-XM_056776101.1	A	BRAKERILHT00000012392	A
rna-XM_056776103.1	A	BRAKERILHT00000013039	A
rna-XM_056775517.1	A	BRAKERILHT00000014000	A
rna-XM_056775518.1	A	BRAKERILHT00000013317	A
rna-XM_056776114.1	A	BRAKERILHT00000012601	A
rna-XM_056776102.1	A	BRAKERILHT00000013103	A
rna-XM_056775197.1	A	BRAKERILHT00000013756	A
rna-XM_056774969.1	A	BRAKERILHT00000013712	A
rna-XM_056775520.1	A	BRAKERILHT00000013644	A
rna-XM_056774348.1	A	BRAKERILHT00000005210	A
rna-XM_056774349.1	A	BRAKERILHT00000014636	A
rna-XM_056774347.1	A	BRAKERILHT00000014229	A
rna-XM_056774282.1	A	BRAKERILHT00000015388	A
rna-XM_056774275.1	A	BRAKERILHT00000015248	A
rna-XM_056775521.1	A	BRAKERILHT00000000959	A
rna-XM_056775043.1	A	BRAKERILHT00000002176	A
rna-XM_056775035.1	A	BRAKERILHT00000015530	A
rna-XM_056775170.1	A	BRAKERILHT00000011848	A
rna-XM_056775004.1	A	BRAKERILHT00000008418	A
rna-XM_056775006.1	A	BRAKERILHT00000008471	A
rna-XM_056775001.1	A	BRAKERILHT00000012970	A
rna-XM_056775010.1	A	BRAKERILHT00000008882	A
rna-XM_056775008.1	A	BRAKERILHT00000007763	A
rna-XM_056775011.1	A	BRAKERILHT00000000383	A
rna-XM_056775913.1	A	BRAKERILHT00000008286	A
rna-XM_056775911.1	A	BRAKERILHT00000000700	A
rna-XM_056775915.1	A	BRAKERILHT00000007030	A
rna-XM_056775916.1	A	BRAKERILHT00000008420	A
rna-XM_056775283.1	A	BRAKERILHT00000006957	A
rna-XM_056775284.1	A	BRAKERILHT00000007125	A
rna-XM_056775276.1	A	BRAKERILHT00000009570	A
rna-XM_056775277.1	A	BRAKERILHT00000009984	A
rna-XM_056774733.1	A	BRAKERILHT00000007413	A
rna-XM_056775413.1	A	BRAKERILHT00000007507	A
rna-XM_056775414.1	A	BRAKERILHT00000007059	A
rna-XM_056775522.1	A	BRAKERILHT00000006615	A
rna-XM_056775124.1	A	BRAKERILHT00000014750	A
rna-XM_056775127.1	A	BRAKERILHT00000014036	A
rna-XM_056775523.1	A	BRAKERILHT00000015238	A
rna-XM_056775525.1	A	BRAKERILHT00000014122	A
rna-XM_056775132.1	A	BRAKERILHT00000014983	A
rna-XM_056775130.1	A	BRAKERILHT00000015244	A
rna-XM_056775363.1	A	BRAKERILHT00000015190	A
rna-XM_056775629.1	A	BRAKERILHT00000000834	A
rna-XM_056775632.1	A	BRAKERILHT00000001774	A
rna-XM_056775631.1	A	BRAKERILHT00000000415	A
rna-XM_056775633.1	A	BRAKERILHT00000000667	A
rna-XM_056775640.1	A	BRAKERILHT00000001138	A
rna-XM_056775610.1	A	BRAKERILHT00000001553	A
rna-XM_056775659.1	A	BRAKERILHT00000000603	A
rna-XM_056775368.1	A	BRAKERILHT00000001965	A
rna-XM_056775245.1	A	BRAKERILHT00000002119	A
rna-XM_056775526.1	A	BRAKERILHT00000000066	A
rna-XM_056775888.1	A	BRAKERILHT00000001441	A
rna-XM_056775889.1	A	BRAKERILHT00000000739	A
rna-XM_056775894.1	A	BRAKERILHT00000000917	A
rna-XM_056775895.1	A	BRAKERILHT00000001438	A
rna-XM_056775896.1	A	BRAKERILHT00000002177	A
rna-XM_056776278.1	A	BRAKERILHT00000001972	A
rna-XM_056774746.1	A	BRAKERILHT00000000269	A
rna-XM_056775183.1	A	BRAKERILHT00000001851	A
rna-XM_056774897.1	A	BRAKERILHT00000001854	A
rna-XM_056775333.1	A	BRAKERILHT00000007627	A
rna-XM_056774822.1	A	BRAKERILHT00000007607	A
rna-XM_056775528.1	A	BRAKERILHT00000008306	A
rna-XM_056775026.1	A	BRAKERILHT00000008117	A
rna-XM_056774844.1	A	BRAKERILHT00000007715	A
rna-XM_056775426.1	A	BRAKERILHT00000008381	A
rna-XM_056776155.1	A	BRAKERILHT00000012942	A
rna-XM_056776156.1	A	BRAKERILHT00000001682	A
rna-XM_056776159.1	A	BRAKERILHT00000007758	A
rna-XM_056776157.1	A	BRAKERILHT00000008153	A
rna-XM_056776158.1	A	BRAKERILHT00000007303	A
rna-XM_056775661.1	A	BRAKERILHT00000006805	A
rna-XM_056775668.1	A	BRAKERILHT00000010440	A
rna-XM_056775672.1	A	BRAKERILHT00000013010	A
rna-XM_056775674.1	A	BRAKERILHT00000013565	A
rna-XM_056775676.1	A	BRAKERILHT00000013514	A
rna-XM_056775678.1	A	BRAKERILHT00000008245	A
rna-XM_056774854.1	A	BRAKERILHT00000008408	A
rna-XM_056775353.1	A	BRAKERILHT00000012674	A
rna-XM_056775234.1	A	BRAKERILHT00000012560	A
rna-XM_056774726.1	A	BRAKERILHT00000013308	A
rna-XM_056775095.1	A	BRAKERILHT00000013980	A
rna-XM_056774756.1	A	BRAKERILHT00000012534	A
rna-XM_056775278.1	A	BRAKERILHT00000012955	A
rna-XM_056774986.1	A	BRAKERILHT00000013357	A
rna-XM_056775874.1	A	BRAKERILHT00000008400	A
rna-XM_056775879.1	A	BRAKERILHT00000007901	A
rna-XM_056775882.1	A	BRAKERILHT00000012476	A
rna-XM_056775884.1	A	BRAKERILHT00000007150	A
rna-XM_056775150.1	A	BRAKERILHT00000007517	A
rna-XM_056775317.1	A	BRAKERILHT00000006636	A
rna-XM_056775375.1	A	BRAKERILHT00000007145	A
rna-XM_056775287.1	A	BRAKERILHT00000010147	A
rna-XM_056774766.1	A	BRAKERILHT00000010378	A
rna-XM_056774781.1	A	BRAKERILHT00000000166	A
rna-XM_056774783.1	A	BRAKERILHT00000014317	A
rna-XM_056774464.1	A	BRAKERILHT00000008357	A
rna-XM_056774463.1	A	BRAKERILHT00000007482	A
rna-XM_056775141.1	A	BRAKERILHT00000008309	A
rna-XM_056775709.1	A	BRAKERILHT00000016818	A
rna-XM_056775711.1	A	BRAKERILHT00000009961	A
rna-XM_056775714.1	A	BRAKERILHT00000000766	A
rna-XM_056775713.1	A	BRAKERILHT00000009396	A
rna-XM_056775654.1	A	BRAKERILHT00000009842	A
rna-XM_056776144.1	A	BRAKERILHT00000009178	A
rna-XM_056776140.1	A	BRAKERILHT00000009608	A
rna-XM_056774928.1	A	BRAKERILHT00000008929	A
rna-XM_056774851.1	A	BRAKERILHT00000010790	A
rna-XM_056775031.1	A	BRAKERILHT00000004680	A
rna-XM_056774292.1	A	BRAKERILHT00000004808	A
rna-XM_056774291.1	A	BRAKERILHT00000005908	A
rna-XM_056774298.1	A	BRAKERILHT00000015815	A
rna-XM_056774299.1	A	BRAKERILHT00000005293	A
rna-XM_056775016.1	A	BRAKERILHT00000006240	A
rna-XM_056775228.1	A	BRAKERILHT00000004768	A
rna-XM_056775539.1	A	BRAKERILHT00000005687	A
rna-XM_056775266.1	A	BRAKERILHT00000004574	A
rna-XM_056775268.1	A	BRAKERILHT00000004999	A
rna-XM_056774753.1	A	BRAKERILHT00000015537	A
rna-XM_056775697.1	A	BRAKERILHT00000006585	A
rna-XM_056775698.1	A	BRAKERILHT00000008257	A
rna-XM_056775706.1	A	BRAKERILHT00000007667	A
rna-XM_056775405.1	A	BRAKERILHT00000015302	A
rna-XM_056775401.1	A	BRAKERILHT00000000666	A
rna-XM_056775399.1	A	BRAKERILHT00000011785	A
rna-XM_056775540.1	A	BRAKERILHT00000004197	A
rna-XM_056775657.1	A	BRAKERILHT00000007360	A
rna-XM_056775229.1	A	BRAKERILHT00000016226	A
rna-XM_056775231.1	A	BRAKERILHT00000009643	A
rna-XM_056774794.1	A	BRAKERILHT00000009593	A
rna-XM_056774795.1	A	BRAKERILHT00000004169	A
rna-XM_056774932.1	A	BRAKERILHT00000012509	A
rna-XM_056774946.1	A	BRAKERILHT00000000089	A
rna-XM_056774834.1	A	BRAKERILHT00000002074	A
rna-XM_056774465.1	A	BRAKERILHT00000004581	A
rna-XM_056774468.1	A	BRAKERILHT00000007124	A
rna-XM_056774748.1	A	BRAKERILHT00000011943	A
rna-XM_056775541.1	A	BRAKERILHT00000008001	A
rna-XM_056776330.1	A	BRAKERILHT00000006941	A
rna-XM_056774749.1	A	BRAKERILHT00000013379	A
rna-XM_056774430.1	A	BRAKERILHT00000008199	A
rna-XM_056774432.1	A	BRAKERILHT00000010907	A
rna-XM_056774847.1	A	BRAKERILHT00000008755	A
rna-XM_056774921.1	A	BRAKERILHT00000014381	A
rna-XM_056774922.1	A	BRAKERILHT00000007728	A
rna-XM_056776234.1	A	BRAKERILHT00000005932	A
rna-XM_056776233.1	A	BRAKERILHT00000007620	A
rna-XM_056775542.1	A	BRAKERILHT00000003346	A
rna-XM_056775119.1	A	BRAKERILHT00000012171	A
rna-XM_056775332.1	A	BRAKERILHT00000003049	A
rna-XM_056775715.1	A	BRAKERILHT00000002638	A
rna-XM_056775208.1	A	BRAKERILHT00000003264	A
rna-XM_056775380.1	A	BRAKERILHT00000000467	A
rna-XM_056775282.1	A	BRAKERILHT00000005747	A
rna-XM_056775544.1	A	BRAKERILHT00000005268	A
rna-XM_056776030.1	A	BRAKERILHT00000008119	A
rna-XM_056775425.1	A	BRAKERILHT00000006859	A
rna-XM_056774947.1	A	BRAKERILHT00000005625	A
rna-XM_056775545.1	A	BRAKERILHT00000000216	A
rna-XM_056776197.1	A	BRAKERILHT00000011841	A
rna-XM_056776213.1	A	BRAKERILHT00000009268	A
rna-XM_056775025.1	A	BRAKERILHT00000002710	A
rna-XM_056776277.1	A	BRAKERILHT00000004427	A
rna-XM_056774902.1	A	BRAKERILHT00000003559	A
rna-XM_056774999.1	A	BRAKERILHT00000002513	A
rna-XM_056775316.1	A	BRAKERILHT00000003169	A
rna-XM_056774510.1	A	BRAKERILHT00000006276	A
rna-XM_056774835.1	A	BRAKERILHT00000005168	A
rna-XM_056775546.1	A	BRAKERILHT00000004059	A
rna-XM_056775136.1	A	BRAKERILHT00000007089	A
rna-XM_056775135.1	A	BRAKERILHT00000008364	A
rna-XM_056776313.1	A	BRAKERILHT00000016532	A
rna-XM_056774426.1	A	BRAKERILHT00000016976	A
rna-XM_056774428.1	A	BRAKERILHT00000015576	A
rna-XM_056774427.1	A	BRAKERILHT00000014244	A
rna-XM_056775322.1	A	BRAKERILHT00000015554	A
rna-XM_056775707.1	A	BRAKERILHT00000015361	A
rna-XM_056775547.1	A	BRAKERILHT00000015064	A
rna-XM_056775598.1	A	BRAKERILHT00000009142	A
rna-XM_056775620.1	A	BRAKERILHT00000008962	A
rna-XM_056775624.1	A	BRAKERILHT00000008990	A
rna-XM_056775623.1	A	BRAKERILHT00000010031	A
rna-XM_056775622.1	A	BRAKERILHT00000015240	A
rna-XM_056775621.1	A	BRAKERILHT00000014869	A
rna-XM_056775548.1	A	BRAKERILHT00000006680	A
rna-XM_056775550.1	A	BRAKERILHT00000007834	A
rna-XM_056776161.1	A	BRAKERILHT00000007282	A
rna-XM_056774520.1	A	BRAKERILHT00000003979	A
rna-XM_056775552.1	A	BRAKERILHT00000003530	A
rna-XM_056774261.1	A	BRAKERILHT00000009675	A
rna-XM_056774260.1	A	BRAKERILHT00000008979	A
rna-XM_056774257.1	A	BRAKERILHT00000013131	A
rna-XM_056774259.1	A	BRAKERILHT00000008787	A
rna-XM_056774929.1	A	BRAKERILHT00000003486	A
rna-XM_056774755.1	A	BRAKERILHT00000006393	A
rna-XM_056774481.1	A	BRAKERILHT00000011845	A
rna-XM_056774484.1	A	BRAKERILHT00000016617	A
rna-XM_056775785.1	A	BRAKERILHT00000016867	A
rna-XM_056775786.1	A	BRAKERILHT00000016603	A
rna-XM_056775788.1	A	BRAKERILHT00000000469	A
rna-XM_056774917.1	A	BRAKERILHT00000016721	A
rna-XM_056775554.1	A	BRAKERILHT00000017509	X
rna-XM_056774450.1	A	BRAKERILHT00000000683	A
rna-XM_056774449.1	A	BRAKERILHT00000000226	A
rna-XM_056774448.1	A	BRAKERILHT00000016144	A
rna-XM_056776115.1	A	BRAKERILHT00000016466	A
rna-XM_056774346.1	A	BRAKERILHT00000010404	A
rna-XM_056774345.1	A	BRAKERILHT00000010271	A
rna-XM_056775614.1	A	BRAKERILHT00000003983	A
rna-XM_056775613.1	A	BRAKERILHT00000003161	A
rna-XM_056775030.1	A	BRAKERILHT00000006626	A
rna-XM_056775137.1	A	BRAKERILHT00000004149	A
rna-XM_056775215.1	A	BRAKERILHT00000003644	A
rna-XM_056775252.1	A	BRAKERILHT00000007334	A
rna-XM_056774367.1	A	BRAKERILHT00000002946	A
rna-XM_056775908.1	A	BRAKERILHT00000004575	A
rna-XM_056775909.1	A	BRAKERILHT00000015192	A
rna-XM_056775906.1	A	BRAKERILHT00000005004	A
rna-XM_056775556.1	A	BRAKERILHT00000005566	A
rna-XM_056775395.1	A	BRAKERILHT00000015771	A
rna-XM_056775394.1	A	BRAKERILHT00000014035	A
rna-XM_056774707.1	A	BRAKERILHT00000006806	A
rna-XM_056774708.1	A	BRAKERILHT00000008274	A
rna-XM_056774858.1	A	BRAKERILHT00000006848	A
rna-XM_056775110.1	A	BRAKERILHT00000016150	A
rna-XM_056775873.1	A	BRAKERILHT00000013254	A
rna-XM_056776321.1	A	BRAKERILHT00000008294	A
rna-XM_056775186.1	A	BRAKERILHT00000014504	A
rna-XM_056775188.1	A	BRAKERILHT00000016474	A
rna-XM_056775187.1	A	BRAKERILHT00000016746	A
rna-XM_056775691.1	A	BRAKERILHT00000015799	A
rna-XM_056775683.1	A	BRAKERILHT00000011352	A
rna-XM_056775684.1	A	BRAKERILHT00000011313	A
rna-XM_056775682.1	A	BRAKERILHT00000010030	A
rna-XM_056775688.1	A	BRAKERILHT00000003967	A
rna-XM_056775225.1	A	BRAKERILHT00000007464	A
rna-XM_056774849.1	A	BRAKERILHT00000010579	A
rna-XM_056775558.1	A	BRAKERILHT00000006822	A
rna-XM_056775223.1	A	BRAKERILHT00000015067	A
rna-XM_056775221.1	A	BRAKERILHT00000014433	A
rna-XM_056774537.1	A	BRAKERILHT00000002624	A
rna-XM_056774536.1	A	BRAKERILHT00000008052	A
rna-XM_056775559.1	A	BRAKERILHT00000007488	A
rna-XM_056776239.1	A	BRAKERILHT00000006610	A
rna-XM_056775560.1	A	BRAKERILHT00000008019	A
rna-XM_056774953.1	A	BRAKERILHT00000008475	A
rna-XM_056775397.1	A	BRAKERILHT00000007533	A
rna-XM_056775396.1	A	BRAKERILHT00000007429	A
rna-XM_056776150.1	A	BRAKERILHT00000013592	A
rna-XM_056776152.1	A	BRAKERILHT00000013896	A
rna-XM_056776151.1	A	BRAKERILHT00000007455	A
rna-XM_056776154.1	A	BRAKERILHT00000007789	A
rna-XM_056775865.1	A	BRAKERILHT00000016202	A
rna-XM_056775860.1	A	BRAKERILHT00000007735	A
rna-XM_056775863.1	A	BRAKERILHT00000016994	X
rna-XM_056775866.1	A	BRAKERILHT00000008324	A
rna-XM_056775864.1	A	BRAKERILHT00000006976	A
rna-XM_056776162.1	A	BRAKERILHT00000009949	A
rna-XM_056776164.1	A	BRAKERILHT00000013074	A
rna-XM_056776163.1	A	BRAKERILHT00000012786	A
rna-XM_056775151.1	A	BRAKERILHT00000008902	A
rna-XM_056775561.1	A	BRAKERILHT00000013292	A
rna-XM_056775378.1	A	BRAKERILHT00000007497	A
rna-XM_056776165.1	A	BRAKERILHT00000006662	A
rna-XM_056775563.1	A	BRAKERILHT00000012929	A
rna-XM_056774797.1	A	BRAKERILHT00000013754	A
rna-XM_056775265.1	A	BRAKERILHT00000015686	A
rna-XM_056776240.1	A	BRAKERILHT00000007685	A
rna-XM_056776242.1	A	BRAKERILHT00000016893	A
rna-XM_056776247.1	A	BRAKERILHT00000008015	A
rna-XM_056776246.1	A	BRAKERILHT00000007921	A
rna-XM_056776249.1	A	BRAKERILHT00000007648	A
rna-XM_056776042.1	A	BRAKERILHT00000008170	A
rna-XM_056776046.1	A	BRAKERILHT00000006560	A
rna-XM_056776043.1	A	BRAKERILHT00000007730	A
rna-XM_056776038.1	A	BRAKERILHT00000006998	A
rna-XM_056775293.1	A	BRAKERILHT00000006993	A
rna-XM_056775354.1	A	BRAKERILHT00000007912	A
rna-XM_056774524.1	A	BRAKERILHT00000007034	A
rna-XM_056774527.1	A	BRAKERILHT00000016843	A
rna-XM_056774526.1	A	BRAKERILHT00000016600	A
rna-XM_056775100.1	A	BRAKERILHT00000007087	A
rna-XM_056774469.1	A	BRAKERILHT00000007342	A
rna-XM_056774470.1	A	BRAKERILHT00000009413	A
rna-XM_056775079.1	A	BRAKERILHT00000009513	A
rna-XM_056775435.1	A	BRAKERILHT00000008662	A
rna-XM_056775388.1	A	BRAKERILHT00000009762	A
rna-XM_056774413.1	A	BRAKERILHT00000009308	A
rna-XM_056776306.1	A	BRAKERILHT00000007014	A
rna-XM_056776307.1	A	BRAKERILHT00000007357	A
rna-XM_056776308.1	A	BRAKERILHT00000012733	A
rna-XM_056776312.1	A	BRAKERILHT00000011405	A
rna-XM_056776310.1	A	BRAKERILHT00000007556	A
rna-XM_056775145.1	A	BRAKERILHT00000008106	A
rna-XM_056774955.1	A	BRAKERILHT00000010559	A
rna-XM_056776293.1	A	BRAKERILHT00000001497	A
rna-XM_056775567.1	A	BRAKERILHT00000000152	A
rna-XM_056775568.1	A	BRAKERILHT00000000764	A
rna-XM_056776294.1	A	BRAKERILHT00000007718	A
rna-XM_056776295.1	A	BRAKERILHT00000011798	A
rna-XM_056776297.1	A	BRAKERILHT00000006542	A
rna-XM_056774760.1	A	BRAKERILHT00000006694	A
rna-XM_056776029.1	A	BRAKERILHT00000008100	A
rna-XM_056776028.1	A	BRAKERILHT00000007876	A
rna-XM_056776027.1	A	BRAKERILHT00000007716	A
rna-XM_056776090.1	A	BRAKERILHT00000007540	A
rna-XM_056776092.1	A	BRAKERILHT00000007127	A
rna-XM_056776095.1	A	BRAKERILHT00000006553	A
rna-XM_056776094.1	A	BRAKERILHT00000007978	A
rna-XM_056774741.1	A	BRAKERILHT00000006666	A
rna-XM_056774740.1	A	BRAKERILHT00000008094	A
rna-XM_056774846.1	A	BRAKERILHT00000003138	A
rna-XM_056775373.1	A	BRAKERILHT00000002977	A
rna-XM_056775121.1	A	BRAKERILHT00000003427	A
rna-XM_056774732.1	A	BRAKERILHT00000013106	A
rna-XM_056774850.1	A	BRAKERILHT00000007703	A
rna-XM_056775434.1	A	BRAKERILHT00000007984	A
rna-XM_056775645.1	A	BRAKERILHT00000007973	A
rna-XM_056774436.1	A	BRAKERILHT00000002632	A
rna-XM_056774437.1	A	BRAKERILHT00000003024	A
rna-XM_056775699.1	A	BRAKERILHT00000013634	A
rna-XM_056775704.1	A	BRAKERILHT00000012414	A
rna-XM_056775701.1	A	BRAKERILHT00000010732	A
rna-XM_056775702.1	A	BRAKERILHT00000008330	A
rna-XM_056775703.1	A	BRAKERILHT00000007869	A
rna-XM_056776302.1	A	BRAKERILHT00000006991	A
rna-XM_056776300.1	A	BRAKERILHT00000008390	A
rna-XM_056775224.1	A	BRAKERILHT00000008251	A
rna-XM_056774362.1	A	BRAKERILHT00000011161	A
rna-XM_056774988.1	A	BRAKERILHT00000010516	A
rna-XM_056774961.1	A	BRAKERILHT00000007851	A
rna-XM_056775652.1	A	BRAKERILHT00000012650	A
rna-XM_056775653.1	A	BRAKERILHT00000013256	A
rna-XM_056774987.1	A	BRAKERILHT00000012879	A
rna-XM_056774787.1	A	BRAKERILHT00000013946	A
rna-XM_056775569.1	A	BRAKERILHT00000012739	A
rna-XM_056774788.1	A	BRAKERILHT00000014016	A
rna-XM_056775419.1	A	BRAKERILHT00000013430	A
rna-XM_056775420.1	A	BRAKERILHT00000013884	A
rna-XM_056775162.1	A	BRAKERILHT00000013161	A
rna-XM_056775655.1	A	BRAKERILHT00000012684	A
rna-XM_056775306.1	A	BRAKERILHT00000013894	A
rna-XM_056775307.1	A	BRAKERILHT00000002041	A
rna-XM_056775311.1	A	BRAKERILHT00000003274	A
rna-XM_056775313.1	A	BRAKERILHT00000013541	A
rna-XM_056775017.1	A	BRAKERILHT00000007977	A
rna-XM_056775024.1	A	BRAKERILHT00000008291	A
rna-XM_056774956.1	A	BRAKERILHT00000008098	A
rna-XM_056774958.1	A	BRAKERILHT00000008224	A
rna-XM_056774960.1	A	BRAKERILHT00000007543	A
rna-XM_056774918.1	A	BRAKERILHT00000007891	A
rna-XM_056775216.1	A	BRAKERILHT00000006967	A
rna-XM_056776089.1	A	BRAKERILHT00000007812	A
rna-XM_056776083.1	A	BRAKERILHT00000007216	A
rna-XM_056776080.1	A	BRAKERILHT00000007850	A
rna-XM_056776087.1	A	BRAKERILHT00000008311	A
rna-XM_056774925.1	A	BRAKERILHT00000008016	A
rna-XM_056775570.1	A	BRAKERILHT00000006749	A
rna-XM_056774926.1	A	BRAKERILHT00000007109	A
rna-XM_056775571.1	A	BRAKERILHT00000007773	A
rna-XM_056776303.1	A	BRAKERILHT00000008265	A
rna-XM_056776305.1	A	BRAKERILHT00000006707	A
rna-XM_056776304.1	A	BRAKERILHT00000007612	A
rna-XM_056775573.1	A	BRAKERILHT00000008032	A
rna-XM_056775238.1	A	BRAKERILHT00000008017	A
rna-XM_056775220.1	A	BRAKERILHT00000006912	A
rna-XM_056775574.1	A	BRAKERILHT00000007352	A
rna-XM_056775575.1	A	BRAKERILHT00000007849	A
rna-XM_056774992.1	A	BRAKERILHT00000007094	A
rna-XM_056774331.1	A	BRAKERILHT00000007138	A
rna-XM_056775576.1	A	BRAKERILHT00000008344	A
rna-XM_056775582.1	A	BRAKERILHT00000007772	A
rna-XM_056775577.1	A	BRAKERILHT00000006499	A
rna-XM_056776137.1	A	BRAKERILHT00000007920	A
rna-XM_056776136.1	A	BRAKERILHT00000007218	A
rna-XM_056776139.1	A	BRAKERILHT00000006807	A
rna-XM_056776133.1	A	BRAKERILHT00000006545	A
rna-XM_056775328.1	A	BRAKERILHT00000007966	A
rna-XM_056775579.1	A	BRAKERILHT00000006565	A
rna-XM_056775581.1	A	BRAKERILHT00000006800	A
rna-XM_056774408.1	A	BRAKERILHT00000007796	A
rna-XM_056775346.1	A	BRAKERILHT00000008134	A
rna-XM_056775348.1	A	BRAKERILHT00000006652	A
rna-XM_056775153.1	A	BRAKERILHT00000013031	A
rna-XM_056775155.1	A	BRAKERILHT00000014015	A
rna-XM_056775389.1	A	BRAKERILHT00000013349	A
rna-XM_056774863.1	A	BRAKERILHT00000012636	A
rna-XM_056775148.1	A	BRAKERILHT00000010760	A
rna-XM_056774717.1	A	BRAKERILHT00000011034	A
rna-XM_056774719.1	A	BRAKERILHT00000012306	A
rna-XM_056774711.1	A	BRAKERILHT00000004846	A
rna-XM_056774716.1	A	BRAKERILHT00000010896	A
rna-XM_056774714.1	A	BRAKERILHT00000007597	A
rna-XM_056774715.1	A	BRAKERILHT00000011859	A
rna-XM_056774713.1	A	BRAKERILHT00000010884	A
rna-XM_056774720.1	A	BRAKERILHT00000012147	A
rna-XM_056774721.1	A	BRAKERILHT00000011693	A
rna-XM_056774669.1	A	BRAKERILHT00000008456	A
rna-XM_056775626.1	A	BRAKERILHT00000006767	A
rna-XM_056775627.1	A	BRAKERILHT00000002355	A
rna-XM_056776574.1	A	BRAKERILHT00000003069	A
rna-XM_056776575.1	A	BRAKERILHT00000003985	A
rna-XM_056776578.1	A	BRAKERILHT00000003449	A
rna-XM_056776576.1	A	BRAKERILHT00000003798	A
rna-XM_056777080.1	A	BRAKERILHT00000002416	A
rna-XM_056777782.1	A	BRAKERILHT00000002182	A
rna-XM_056777706.1	A	BRAKERILHT00000003176	A
rna-XM_056777052.1	A	BRAKERILHT00000011585	A
rna-XM_056776739.1	A	BRAKERILHT00000004550	A
rna-XM_056777112.1	A	BRAKERILHT00000006118	A
rna-XM_056777261.1	A	BRAKERILHT00000009469	A
rna-XM_056776722.1	A	BRAKERILHT00000010007	A
rna-XM_056776719.1	A	BRAKERILHT00000008887	A
rna-XM_056777337.1	A	BRAKERILHT00000009466	A
rna-XM_056777581.1	A	BRAKERILHT00000010339	A
rna-XM_056777586.1	A	BRAKERILHT00000010170	A
rna-XM_056778416.1	A	BRAKERILHT00000008919	A
rna-XM_056777744.1	A	BRAKERILHT00000009873	A
rna-XM_056777739.1	A	BRAKERILHT00000008713	A
rna-XM_056777746.1	A	BRAKERILHT00000008820	A
rna-XM_056777689.1	A	BRAKERILHT00000009622	A
rna-XM_056777370.1	A	BRAKERILHT00000008771	A
rna-XM_056777338.1	A	BRAKERILHT00000008682	A
rna-XM_056777342.1	A	BRAKERILHT00000008720	A
rna-XM_056778290.1	A	BRAKERILHT00000010194	A
rna-XM_056778297.1	A	BRAKERILHT00000009044	A
rna-XM_056778299.1	A	BRAKERILHT00000010158	A
rna-XM_056778296.1	A	BRAKERILHT00000004164	A
rna-XM_056776860.1	A	BRAKERILHT00000014595	A
rna-XM_056777265.1	A	BRAKERILHT00000012354	A
rna-XM_056777268.1	A	BRAKERILHT00000015449	A
rna-XM_056777267.1	A	BRAKERILHT00000001439	A
rna-XM_056777045.1	A	BRAKERILHT00000014152	A
rna-XM_056777372.1	A	BRAKERILHT00000015009	A
rna-XM_056777373.1	A	BRAKERILHT00000015561	A
rna-XM_056777346.1	A	BRAKERILHT00000014165	A
rna-XM_056777374.1	A	BRAKERILHT00000014829	A
rna-XM_056776933.1	A	BRAKERILHT00000003824	A
rna-XM_056778148.1	A	BRAKERILHT00000008204	A
rna-XM_056778155.1	A	BRAKERILHT00000007057	A
rna-XM_056778160.1	A	BRAKERILHT00000006554	A
rna-XM_056778157.1	A	BRAKERILHT00000006867	A
rna-XM_056778163.1	A	BRAKERILHT00000007999	A
rna-XM_056778164.1	A	BRAKERILHT00000008269	A
rna-XM_056778165.1	A	BRAKERILHT00000006433	A
rna-XM_056778169.1	A	BRAKERILHT00000004759	A
rna-XM_056778170.1	A	BRAKERILHT00000003581	A
rna-XM_056778173.1	A	BRAKERILHT00000002469	A
rna-XM_056778176.1	A	BRAKERILHT00000014398	A
rna-XM_056777347.1	A	BRAKERILHT00000012818	A
rna-XM_056777348.1	A	BRAKERILHT00000015483	A
rna-XM_056777349.1	A	BRAKERILHT00000014044	A
rna-XM_056778180.1	A	BRAKERILHT00000014216	A
rna-XM_056778179.1	A	BRAKERILHT00000015362	A
rna-XM_056778183.1	A	BRAKERILHT00000015462	A
rna-XM_056778186.1	A	BRAKERILHT00000013535	A
rna-XM_056778188.1	A	BRAKERILHT00000015397	A
rna-XM_056778195.1	A	BRAKERILHT00000015345	A
rna-XM_056778192.1	A	BRAKERILHT00000015469	A
rna-XM_056778197.1	A	BRAKERILHT00000000251	A
rna-XM_056778198.1	A	BRAKERILHT00000014462	A
rna-XM_056778207.1	A	BRAKERILHT00000014935	A
rna-XM_056778209.1	A	BRAKERILHT00000015871	A
rna-XM_056778206.1	A	BRAKERILHT00000015860	A
rna-XM_056778200.1	A	BRAKERILHT00000006271	A
rna-XM_056778210.1	A	BRAKERILHT00000006108	A
rna-XM_056777352.1	A	BRAKERILHT00000014040	A
rna-XM_056778211.1	A	BRAKERILHT00000008585	A
rna-XM_056778212.1	A	BRAKERILHT00000004819	A
rna-XM_056778213.1	A	BRAKERILHT00000003751	A
rna-XM_056778214.1	A	BRAKERILHT00000002252	A
rna-XM_056778217.1	A	BRAKERILHT00000004096	A
rna-XM_056778227.1	A	BRAKERILHT00000003142	A
rna-XM_056777353.1	A	BRAKERILHT00000008730	A
rna-XM_056778228.1	A	BRAKERILHT00000009653	A
rna-XM_056778230.1	A	BRAKERILHT00000014228	A
rna-XM_056778229.1	A	BRAKERILHT00000009973	A
rna-XM_056778231.1	A	BRAKERILHT00000009962	A
rna-XM_056778234.1	A	BRAKERILHT00000009310	A
rna-XM_056778232.1	A	BRAKERILHT00000003226	A
rna-XM_056778240.1	A	BRAKERILHT00000005120	A
rna-XM_056778244.1	A	BRAKERILHT00000006596	A
rna-XM_056778245.1	A	BRAKERILHT00000002258	A
rna-XM_056778249.1	A	BRAKERILHT00000002548	A
rna-XM_056778247.1	A	BRAKERILHT00000014933	A
rna-XM_056778250.1	A	BRAKERILHT00000004278	A
rna-XM_056778252.1	A	BRAKERILHT00000004261	A
rna-XM_056778262.1	A	BRAKERILHT00000003563	A
rna-XM_056778273.1	A	BRAKERILHT00000002804	A
rna-XM_056778276.1	A	BRAKERILHT00000002310	A
rna-XM_056778277.1	A	BRAKERILHT00000009408	A
rna-XM_056778280.1	A	BRAKERILHT00000004353	A
rna-XM_056778278.1	A	BRAKERILHT00000002574	A
rna-XM_056778281.1	A	BRAKERILHT00000003146	A
rna-XM_056778284.1	A	BRAKERILHT00000002780	A
rna-XM_056778300.1	A	BRAKERILHT00000003307	A
rna-XM_056777354.1	A	BRAKERILHT00000002507	A
rna-XM_056778288.1	A	BRAKERILHT00000004296	A
rna-XM_056778303.1	A	BRAKERILHT00000004277	A
rna-XM_056778310.1	A	BRAKERILHT00000002970	A
rna-XM_056778313.1	A	BRAKERILHT00000004106	A
rna-XM_056778316.1	A	BRAKERILHT00000003461	A
rna-XM_056777093.1	A	BRAKERILHT00000003153	A
rna-XM_056776891.1	A	BRAKERILHT00000004307	A
rna-XM_056777165.1	A	BRAKERILHT00000002265	A
rna-XM_056777164.1	A	BRAKERILHT00000003455	A
rna-XM_056777015.1	A	BRAKERILHT00000012926	A
rna-XM_056777014.1	A	BRAKERILHT00000008376	A
rna-XM_056777596.1	A	BRAKERILHT00000010691	A
rna-XM_056776430.1	A	BRAKERILHT00000002022	A
rna-XM_056776892.1	A	BRAKERILHT00000001406	A
rna-XM_056776877.1	A	BRAKERILHT00000001893	A
rna-XM_056777690.1	A	BRAKERILHT00000000094	A
rna-XM_056776938.1	A	BRAKERILHT00000000816	A
rna-XM_056776437.1	A	BRAKERILHT00000001823	A
rna-XM_056778399.1	A	BRAKERILHT00000001158	A
rna-XM_056778398.1	A	BRAKERILHT00000016075	A
rna-XM_056777039.1	A	BRAKERILHT00000004429	A
rna-XM_056777040.1	A	BRAKERILHT00000014125	A
rna-XM_056777042.1	A	BRAKERILHT00000003770	A
rna-XM_056777295.1	A	BRAKERILHT00000002557	A
rna-XM_056777371.1	A	BRAKERILHT00000002441	A
rna-XM_056777862.1	A	BRAKERILHT00000003550	A
rna-XM_056777864.1	A	BRAKERILHT00000003272	A
rna-XM_056777856.1	A	BRAKERILHT00000003319	A
rna-XM_056777483.1	A	BRAKERILHT00000003705	A
rna-XM_056776370.1	A	BRAKERILHT00000004077	A
rna-XM_056776669.1	A	BRAKERILHT00000004396	A
rna-XM_056776670.1	A	BRAKERILHT00000003582	A
rna-XM_056776667.1	A	BRAKERILHT00000004402	A
rna-XM_056776668.1	A	BRAKERILHT00000002437	A
rna-XM_056777078.1	A	BRAKERILHT00000002821	A
rna-XM_056777170.1	A	BRAKERILHT00000013041	A
rna-XM_056777377.1	A	BRAKERILHT00000006095	A
rna-XM_056777012.1	A	BRAKERILHT00000005775	A
rna-XM_056777008.1	A	BRAKERILHT00000004983	A
rna-XM_056777378.1	A	BRAKERILHT00000004927	A
rna-XM_056777007.1	A	BRAKERILHT00000006687	A
rna-XM_056777379.1	A	BRAKERILHT00000004309	A
rna-XM_056777019.1	A	BRAKERILHT00000005095	A
rna-XM_056777183.1	A	BRAKERILHT00000005968	A
rna-XM_056776718.1	A	BRAKERILHT00000005537	A
rna-XM_056777811.1	A	BRAKERILHT00000005517	A
rna-XM_056777818.1	A	BRAKERILHT00000004803	A
rna-XM_056777808.1	A	BRAKERILHT00000006055	A
rna-XM_056778357.1	A	BRAKERILHT00000015187	A
rna-XM_056778360.1	A	BRAKERILHT00000005389	A
rna-XM_056776866.1	A	BRAKERILHT00000002520	A
rna-XM_056776894.1	A	BRAKERILHT00000003132	A
rna-XM_056777723.1	A	BRAKERILHT00000002519	A
rna-XM_056776905.1	A	BRAKERILHT00000003405	A
rna-XM_056776907.1	A	BRAKERILHT00000003235	A
rna-XM_056777070.1	A	BRAKERILHT00000005541	A
rna-XM_056777381.1	A	BRAKERILHT00000005238	A
rna-XM_056777382.1	A	BRAKERILHT00000006377	A
rna-XM_056777383.1	A	BRAKERILHT00000005719	A
rna-XM_056777385.1	A	BRAKERILHT00000005280	A
rna-XM_056776482.1	A	BRAKERILHT00000006345	A
rna-XM_056776485.1	A	BRAKERILHT00000000254	A
rna-XM_056777456.1	A	BRAKERILHT00000004026	A
rna-XM_056776753.1	A	BRAKERILHT00000006387	A
rna-XM_056777056.1	A	BRAKERILHT00000005892	A
rna-XM_056777053.1	A	BRAKERILHT00000006447	A
rna-XM_056776749.1	A	BRAKERILHT00000004887	A
rna-XM_056777386.1	A	BRAKERILHT00000005104	A
rna-XM_056776982.1	A	BRAKERILHT00000004710	A
rna-XM_056776984.1	A	BRAKERILHT00000012757	A
rna-XM_056777415.1	A	BRAKERILHT00000001624	A
rna-XM_056777411.1	A	BRAKERILHT00000004920	A
rna-XM_056777033.1	A	BRAKERILHT00000004491	A
rna-XM_056776593.1	A	BRAKERILHT00000005855	A
rna-XM_056777657.1	A	BRAKERILHT00000004770	A
rna-XM_056777082.1	A	BRAKERILHT00000006552	A
rna-XM_056776657.1	A	BRAKERILHT00000015465	A
rna-XM_056776442.1	A	BRAKERILHT00000014148	A
rna-XM_056777702.1	A	BRAKERILHT00000005321	A
rna-XM_056777659.1	A	BRAKERILHT00000005915	A
rna-XM_056776648.1	A	BRAKERILHT00000010876	A
rna-XM_056776528.1	A	BRAKERILHT00000004465	A
rna-XM_056777701.1	A	BRAKERILHT00000004510	A
rna-XM_056777642.1	A	BRAKERILHT00000012162	A
rna-XM_056776890.1	A	BRAKERILHT00000006403	A
rna-XM_056777209.1	A	BRAKERILHT00000005888	A
rna-XM_056777404.1	A	BRAKERILHT00000001282	A
rna-XM_056777402.1	A	BRAKERILHT00000011024	A
rna-XM_056777180.1	A	BRAKERILHT00000002919	A
rna-XM_056776433.1	A	BRAKERILHT00000002476	A
rna-XM_056776436.1	A	BRAKERILHT00000014764	A
rna-XM_056776354.1	A	BRAKERILHT00000003543	A
rna-XM_056776375.1	A	BRAKERILHT00000005307	A
rna-XM_056776376.1	A	BRAKERILHT00000004726	A
rna-XM_056776377.1	A	BRAKERILHT00000002781	A
rna-XM_056776385.1	A	BRAKERILHT00000002255	A
rna-XM_056776387.1	A	BRAKERILHT00000003497	A
rna-XM_056776388.1	A	BRAKERILHT00000003064	A
rna-XM_056776391.1	A	BRAKERILHT00000005785	A
rna-XM_056776400.1	A	BRAKERILHT00000006268	A
rna-XM_056776394.1	A	BRAKERILHT00000004664	A
rna-XM_056776401.1	A	BRAKERILHT00000005848	A
rna-XM_056776402.1	A	BRAKERILHT00000005547	A
rna-XM_056776403.1	A	BRAKERILHT00000005127	A
rna-XM_056776406.1	A	BRAKERILHT00000003463	A
rna-XM_056776404.1	A	BRAKERILHT00000001727	A
rna-XM_056777479.1	A	BRAKERILHT00000005196	A
rna-XM_056777552.1	A	BRAKERILHT00000003995	A
rna-XM_056776426.1	A	BRAKERILHT00000002404	A
rna-XM_056778318.1	A	BRAKERILHT00000003945	A
rna-XM_056778323.1	A	BRAKERILHT00000005417	A
rna-XM_056776551.1	A	BRAKERILHT00000002301	A
rna-XM_056776561.1	A	BRAKERILHT00000002401	A
rna-XM_056776544.1	A	BRAKERILHT00000002382	A
rna-XM_056776564.1	A	BRAKERILHT00000002921	A
rna-XM_056776545.1	A	BRAKERILHT00000003975	A
rna-XM_056776553.1	A	BRAKERILHT00000005180	A
rna-XM_056776568.1	A	BRAKERILHT00000004864	A
rna-XM_056776569.1	A	BRAKERILHT00000003676	A
rna-XM_056776573.1	A	BRAKERILHT00000005202	A
rna-XM_056776572.1	A	BRAKERILHT00000005780	A
rna-XM_056776615.1	A	BRAKERILHT00000005546	A
rna-XM_056776616.1	A	BRAKERILHT00000003210	A
rna-XM_056777101.1	A	BRAKERILHT00000003398	A
rna-XM_056776959.1	A	BRAKERILHT00000003340	A
rna-XM_056776962.1	A	BRAKERILHT00000003782	A
rna-XM_056776625.1	A	BRAKERILHT00000003537	A
rna-XM_056777420.1	A	BRAKERILHT00000003780	A
rna-XM_056777569.1	A	BRAKERILHT00000012924	A
rna-XM_056776937.1	A	BRAKERILHT00000013009	A
rna-XM_056776886.1	A	BRAKERILHT00000013797	A
rna-XM_056777281.1	A	BRAKERILHT00000013069	A
rna-XM_056776901.1	A	BRAKERILHT00000013604	A
rna-XM_056777675.1	A	BRAKERILHT00000012832	A
rna-XM_056777027.1	A	BRAKERILHT00000007530	A
rna-XM_056777220.1	A	BRAKERILHT00000006925	A
rna-XM_056777230.1	A	BRAKERILHT00000007382	A
rna-XM_056777393.1	A	BRAKERILHT00000010204	A
rna-XM_056777394.1	A	BRAKERILHT00000010260	A
rna-XM_056776429.1	A	BRAKERILHT00000009707	A
rna-XM_056776659.1	A	BRAKERILHT00000009518	A
rna-XM_056777091.1	A	BRAKERILHT00000010154	A
rna-XM_056777157.1	A	BRAKERILHT00000008727	A
rna-XM_056777083.1	A	BRAKERILHT00000010257	A
rna-XM_056777323.1	A	BRAKERILHT00000009557	A
rna-XM_056776969.1	A	BRAKERILHT00000010239	A
rna-XM_056776964.1	A	BRAKERILHT00000007072	A
rna-XM_056776968.1	A	BRAKERILHT00000008442	A
rna-XM_056776971.1	A	BRAKERILHT00000006526	A
rna-XM_056777029.1	A	BRAKERILHT00000013351	A
rna-XM_056776975.1	A	BRAKERILHT00000004189	A
rna-XM_056776976.1	A	BRAKERILHT00000008984	A
rna-XM_056777805.1	A	BRAKERILHT00000012872	A
rna-XM_056777400.1	A	BRAKERILHT00000005564	A
rna-XM_056777176.1	A	BRAKERILHT00000009218	A
rna-XM_056778401.1	A	BRAKERILHT00000003260	A
rna-XM_056778404.1	A	BRAKERILHT00000013274	A
rna-XM_056778405.1	A	BRAKERILHT00000016418	A
rna-XM_056777236.1	A	BRAKERILHT00000001904	A
rna-XM_056777233.1	A	BRAKERILHT00000001417	A
rna-XM_056778351.1	A	BRAKERILHT00000009371	A
rna-XM_056777409.1	A	BRAKERILHT00000014511	A
rna-XM_056777418.1	A	BRAKERILHT00000015276	A
rna-XM_056777422.1	A	BRAKERILHT00000004520	A
rna-XM_056777428.1	A	BRAKERILHT00000005528	A
rna-XM_056777436.1	A	BRAKERILHT00000017927	X
rna-XM_056777437.1	A	BRAKERILHT00000005807	A
rna-XM_056776767.1	A	BRAKERILHT00000006171	A
rna-XM_056777004.1	A	BRAKERILHT00000004670	A
rna-XM_056776598.1	A	BRAKERILHT00000005988	A
rna-XM_056776599.1	A	BRAKERILHT00000004653	A
rna-XM_056776737.1	A	BRAKERILHT00000005770	A
rna-XM_056776510.1	A	BRAKERILHT00000012528	A
rna-XM_056776512.1	A	BRAKERILHT00000012889	A
rna-XM_056777563.1	A	BRAKERILHT00000013950	A
rna-XM_056776939.1	A	BRAKERILHT00000012619	A
rna-XM_056776940.1	A	BRAKERILHT00000013002	A
rna-XM_056777722.1	A	BRAKERILHT00000013527	A
rna-XM_056777461.1	A	BRAKERILHT00000013068	A
rna-XM_056777578.1	A	BRAKERILHT00000013918	A
rna-XM_056776674.1	A	BRAKERILHT00000012408	A
rna-XM_056777467.1	A	BRAKERILHT00000013322	A
rna-XM_056777610.1	A	BRAKERILHT00000013429	A
rna-XM_056777389.1	A	BRAKERILHT00000013471	A
rna-XM_056776734.1	A	BRAKERILHT00000013983	A
rna-XM_056777066.1	A	BRAKERILHT00000013336	A
rna-XM_056777718.1	A	BRAKERILHT00000001973	A
rna-XM_056778389.1	A	BRAKERILHT00000010803	A
rna-XM_056778347.1	A	BRAKERILHT00000012253	A
rna-XM_056778348.1	A	BRAKERILHT00000014719	A
rna-XM_056778349.1	A	BRAKERILHT00000013564	A
rna-XM_056777356.1	A	BRAKERILHT00000012638	A
rna-XM_056777357.1	A	BRAKERILHT00000012535	A
rna-XM_056777367.1	A	BRAKERILHT00000012104	A
rna-XM_056777368.1	A	BRAKERILHT00000012890	A
rna-XM_056777668.1	A	BRAKERILHT00000001593	A
rna-XM_056778350.1	A	BRAKERILHT00000012633	A
rna-XM_056777560.1	A	BRAKERILHT00000010752	A
rna-XM_056776898.1	A	BRAKERILHT00000014331	A
rna-XM_056778030.1	A	BRAKERILHT00000000747	A
rna-XM_056778031.1	A	BRAKERILHT00000011383	A
rna-XM_056776592.1	A	BRAKERILHT00000010922	A
rna-XM_056776852.1	A	BRAKERILHT00000009341	A
rna-XM_056777327.1	A	BRAKERILHT00000000310	A
rna-XM_056777172.1	A	BRAKERILHT00000013973	A
rna-XM_056777047.1	A	BRAKERILHT00000009577	A
rna-XM_056777450.1	A	BRAKERILHT00000004791	A
rna-XM_056776671.1	A	BRAKERILHT00000005864	A
rna-XM_056776672.1	A	BRAKERILHT00000005653	A
rna-XM_056776456.1	A	BRAKERILHT00000001460	A
rna-XM_056776457.1	A	BRAKERILHT00000000590	A
rna-XM_056777263.1	A	BRAKERILHT00000009787	A
rna-XM_056777264.1	A	BRAKERILHT00000008691	A
rna-XM_056776676.1	A	BRAKERILHT00000009075	A
rna-XM_056776678.1	A	BRAKERILHT00000009517	A
rna-XM_056776679.1	A	BRAKERILHT00000001758	A
rna-XM_056776681.1	A	BRAKERILHT00000009935	A
rna-XM_056776684.1	A	BRAKERILHT00000005140	A
rna-XM_056776683.1	A	BRAKERILHT00000005757	A
rna-XM_056776687.1	A	BRAKERILHT00000006281	A
rna-XM_056776689.1	A	BRAKERILHT00000005709	A
rna-XM_056776690.1	A	BRAKERILHT00000008482	A
rna-XM_056776691.1	A	BRAKERILHT00000008664	A
rna-XM_056776692.1	A	BRAKERILHT00000008487	A
rna-XM_056776693.1	A	BRAKERILHT00000010292	A
rna-XM_056776695.1	A	BRAKERILHT00000009162	A
rna-XM_056776694.1	A	BRAKERILHT00000013836	A
rna-XM_056776700.1	A	BRAKERILHT00000012540	A
rna-XM_056776704.1	A	BRAKERILHT00000005996	A
rna-XM_056776706.1	A	BRAKERILHT00000005860	A
rna-XM_056777574.1	A	BRAKERILHT00000005856	A
rna-XM_056777576.1	A	BRAKERILHT00000011014	A
rna-XM_056777577.1	A	BRAKERILHT00000017617	X
rna-XM_056776710.1	A	BRAKERILHT00000004975	A
rna-XM_056777310.1	A	BRAKERILHT00000005495	A
rna-XM_056777312.1	A	BRAKERILHT00000006430	A
rna-XM_056777313.1	A	BRAKERILHT00000004719	A
rna-XM_056777316.1	A	BRAKERILHT00000012158	A
rna-XM_056777318.1	A	BRAKERILHT00000004956	A
rna-XM_056777320.1	A	BRAKERILHT00000006343	A
rna-XM_056777322.1	A	BRAKERILHT00000013483	A
rna-XM_056776876.1	A	BRAKERILHT00000013004	A
rna-XM_056776874.1	A	BRAKERILHT00000013577	A
rna-XM_056777877.1	A	BRAKERILHT00000011809	A
rna-XM_056776600.1	A	BRAKERILHT00000013944	A
rna-XM_056777290.1	A	BRAKERILHT00000013782	A
rna-XM_056777453.1	A	BRAKERILHT00000013951	A
rna-XM_056777163.1	A	BRAKERILHT00000009094	A
rna-XM_056776580.1	A	BRAKERILHT00000005739	A
rna-XM_056776582.1	A	BRAKERILHT00000016777	A
rna-XM_056777635.1	A	BRAKERILHT00000015812	A
rna-XM_056778333.1	A	BRAKERILHT00000014622	A
rna-XM_056778335.1	A	BRAKERILHT00000008989	A
rna-XM_056778331.1	A	BRAKERILHT00000000372	A
rna-XM_056778385.1	A	BRAKERILHT00000009718	A
rna-XM_056778370.1	A	BRAKERILHT00000009071	A
rna-XM_056778384.1	A	BRAKERILHT00000009934	A
rna-XM_056776650.1	A	BRAKERILHT00000011719	A
rna-XM_056776656.1	A	BRAKERILHT00000011240	A
rna-XM_056777105.1	A	BRAKERILHT00000010607	A
rna-XM_056778409.1	A	BRAKERILHT00000011527	A
rna-XM_056778410.1	A	BRAKERILHT00000011599	A
rna-XM_056777650.1	A	BRAKERILHT00000000232	A
rna-XM_056777651.1	A	BRAKERILHT00000001778	A
rna-XM_056777653.1	A	BRAKERILHT00000001088	A
rna-XM_056777654.1	A	BRAKERILHT00000010935	A
rna-XM_056777060.1	A	BRAKERILHT00000012203	A
rna-XM_056776359.1	A	BRAKERILHT00000010952	A
rna-XM_056776360.1	A	BRAKERILHT00000010422	A
rna-XM_056776362.1	A	BRAKERILHT00000007512	A
rna-XM_056777715.1	A	BRAKERILHT00000011883	A
rna-XM_056777888.1	A	BRAKERILHT00000011620	A
rna-XM_056777716.1	A	BRAKERILHT00000008520	A
rna-XM_056777071.1	A	BRAKERILHT00000012342	A
rna-XM_056776903.1	A	BRAKERILHT00000007300	A
rna-XM_056776865.1	A	BRAKERILHT00000006920	A
rna-XM_056777485.1	A	BRAKERILHT00000008197	A
rna-XM_056777613.1	A	BRAKERILHT00000007091	A
rna-XM_056777030.1	A	BRAKERILHT00000001905	A
rna-XM_056777587.1	A	BRAKERILHT00000000720	A
rna-XM_056777850.1	A	BRAKERILHT00000010532	A
rna-XM_056777852.1	A	BRAKERILHT00000010439	A
rna-XM_056777851.1	A	BRAKERILHT00000011784	A
rna-XM_056777846.1	A	BRAKERILHT00000011264	A
rna-XM_056777855.1	A	BRAKERILHT00000003443	A
rna-XM_056777192.1	A	BRAKERILHT00000001543	A
rna-XM_056777191.1	A	BRAKERILHT00000007171	A
rna-XM_056777190.1	A	BRAKERILHT00000012607	A
rna-XM_056778089.1	A	BRAKERILHT00000013227	A
rna-XM_056778091.1	A	BRAKERILHT00000003858	A
rna-XM_056778094.1	A	BRAKERILHT00000002232	A
rna-XM_056777633.1	A	BRAKERILHT00000003586	A
rna-XM_056776916.1	A	BRAKERILHT00000002554	A
rna-XM_056776918.1	A	BRAKERILHT00000002183	A
rna-XM_056777245.1	A	BRAKERILHT00000006390	A
rna-XM_056777246.1	A	BRAKERILHT00000005935	A
rna-XM_056776516.1	A	BRAKERILHT00000004231	A
rna-XM_056776520.1	A	BRAKERILHT00000004409	A
rna-XM_056776514.1	A	BRAKERILHT00000003323	A
rna-XM_056776517.1	A	BRAKERILHT00000008069	A
rna-XM_056776519.1	A	BRAKERILHT00000003421	A
rna-XM_056777660.1	A	BRAKERILHT00000002706	A
rna-XM_056777661.1	A	BRAKERILHT00000003054	A
rna-XM_056777727.1	A	BRAKERILHT00000003508	A
rna-XM_056777728.1	A	BRAKERILHT00000003362	A
rna-XM_056777889.1	A	BRAKERILHT00000000968	A
rna-XM_056777729.1	A	BRAKERILHT00000003070	A
rna-XM_056777677.1	A	BRAKERILHT00000002457	A
rna-XM_056777801.1	A	BRAKERILHT00000002798	A
rna-XM_056777804.1	A	BRAKERILHT00000004090	A
rna-XM_056777800.1	A	BRAKERILHT00000003650	A
rna-XM_056777000.1	A	BRAKERILHT00000002892	A
rna-XM_056776908.1	A	BRAKERILHT00000004198	A
rna-XM_056777672.1	A	BRAKERILHT00000002452	A
rna-XM_056777570.1	A	BRAKERILHT00000002220	A
rna-XM_056777890.1	A	BRAKERILHT00000004416	A
rna-XM_056778016.1	A	BRAKERILHT00000006110	A
rna-XM_056777965.1	A	BRAKERILHT00000004652	A
rna-XM_056777969.1	A	BRAKERILHT00000005514	A
rna-XM_056778001.1	A	BRAKERILHT00000005942	A
rna-XM_056778021.1	A	BRAKERILHT00000013275	A
rna-XM_056777968.1	A	BRAKERILHT00000013128	A
rna-XM_056778012.1	A	BRAKERILHT00000003202	A
rna-XM_056778020.1	A	BRAKERILHT00000002640	A
rna-XM_056778022.1	A	BRAKERILHT00000007897	A
rna-XM_056777966.1	A	BRAKERILHT00000002687	A
rna-XM_056778027.1	A	BRAKERILHT00000002967	A
rna-XM_056778026.1	A	BRAKERILHT00000004750	A
rna-XM_056778029.1	A	BRAKERILHT00000000657	A
rna-XM_056777967.1	A	BRAKERILHT00000003031	A
rna-XM_056777998.1	A	BRAKERILHT00000005340	A
rna-XM_056778003.1	A	BRAKERILHT00000002852	A
rna-XM_056778000.1	A	BRAKERILHT00000010707	A
rna-XM_056777962.1	A	BRAKERILHT00000011674	A
rna-XM_056778011.1	A	BRAKERILHT00000005594	A
rna-XM_056777989.1	A	BRAKERILHT00000010763	A
rna-XM_056777986.1	A	BRAKERILHT00000000803	A
rna-XM_056777970.1	A	BRAKERILHT00000001051	A
rna-XM_056777991.1	A	BRAKERILHT00000011226	A
rna-XM_056778018.1	A	BRAKERILHT00000011079	A
rna-XM_056778006.1	A	BRAKERILHT00000008839	A
rna-XM_056777895.1	A	BRAKERILHT00000010005	A
rna-XM_056777896.1	A	BRAKERILHT00000010208	A
rna-XM_056776979.1	A	BRAKERILHT00000010526	A
rna-XM_056776353.1	A	BRAKERILHT00000015220	A
rna-XM_056776673.1	A	BRAKERILHT00000014468	A
rna-XM_056777057.1	A	BRAKERILHT00000001977	A
rna-XM_056777079.1	A	BRAKERILHT00000001430	A
rna-XM_056777897.1	A	BRAKERILHT00000002006	A
rna-XM_056777842.1	A	BRAKERILHT00000001342	A
rna-XM_056777843.1	A	BRAKERILHT00000000673	A
rna-XM_056777840.1	A	BRAKERILHT00000000063	A
rna-XM_056777837.1	A	BRAKERILHT00000000230	A
rna-XM_056777289.1	A	BRAKERILHT00000001344	A
rna-XM_056776424.1	A	BRAKERILHT00000001295	A
rna-XM_056776423.1	A	BRAKERILHT00000005657	A
rna-XM_056776425.1	A	BRAKERILHT00000011467	A
rna-XM_056776419.1	A	BRAKERILHT00000010450	A
rna-XM_056777088.1	A	BRAKERILHT00000014121	A
rna-XM_056777423.1	A	BRAKERILHT00000010651	A
rna-XM_056777755.1	A	BRAKERILHT00000011232	A
rna-XM_056777757.1	A	BRAKERILHT00000012194	A
rna-XM_056777756.1	A	BRAKERILHT00000010985	A
rna-XM_056777758.1	A	BRAKERILHT00000011366	A
rna-XM_056777759.1	A	BRAKERILHT00000011517	A
rna-XM_056777761.1	A	BRAKERILHT00000011112	A
rna-XM_056777760.1	A	BRAKERILHT00000011548	A
rna-XM_056777458.1	A	BRAKERILHT00000011515	A
rna-XM_056777622.1	A	BRAKERILHT00000010427	A
rna-XM_056777717.1	A	BRAKERILHT00000012276	A
rna-XM_056777798.1	A	BRAKERILHT00000015570	A
rna-XM_056776993.1	A	BRAKERILHT00000015175	A
rna-XM_056776992.1	A	BRAKERILHT00000010341	A
rna-XM_056776995.1	A	BRAKERILHT00000014788	A
rna-XM_056776994.1	A	BRAKERILHT00000014466	A
rna-XM_056777898.1	A	BRAKERILHT00000015327	A
rna-XM_056777735.1	A	BRAKERILHT00000011235	A
rna-XM_056776496.1	A	BRAKERILHT00000012219	A
rna-XM_056776487.1	A	BRAKERILHT00000011522	A
rna-XM_056776950.1	A	BRAKERILHT00000012079	A
rna-XM_056777199.1	A	BRAKERILHT00000012266	A
rna-XM_056777196.1	A	BRAKERILHT00000009501	A
rna-XM_056777168.1	A	BRAKERILHT00000010390	A
rna-XM_056776543.1	A	BRAKERILHT00000009216	A
rna-XM_056776531.1	A	BRAKERILHT00000010100	A
rna-XM_056777203.1	A	BRAKERILHT00000001253	A
rna-XM_056776769.1	A	BRAKERILHT00000000847	A
rna-XM_056777773.1	A	BRAKERILHT00000001336	A
rna-XM_056777771.1	A	BRAKERILHT00000010391	A
rna-XM_056777772.1	A	BRAKERILHT00000009986	A
rna-XM_056777775.1	A	BRAKERILHT00000008908	A
rna-XM_056777258.1	A	BRAKERILHT00000009735	A
rna-XM_056777567.1	A	BRAKERILHT00000008872	A
rna-XM_056777568.1	A	BRAKERILHT00000010018	A
rna-XM_056776922.1	A	BRAKERILHT00000009932	A
rna-XM_056776928.1	A	BRAKERILHT00000009461	A
rna-XM_056777156.1	A	BRAKERILHT00000010220	A
rna-XM_056777594.1	A	BRAKERILHT00000016454	A
rna-XM_056777593.1	A	BRAKERILHT00000008602	A
rna-XM_056776631.1	A	BRAKERILHT00000009982	A
rna-XM_056776632.1	A	BRAKERILHT00000008909	A
rna-XM_056777902.1	A	BRAKERILHT00000008684	A
rna-XM_056776629.1	A	BRAKERILHT00000009054	A
rna-XM_056776630.1	A	BRAKERILHT00000008903	A
rna-XM_056777615.1	A	BRAKERILHT00000008578	A
rna-XM_056777616.1	A	BRAKERILHT00000009314	A
rna-XM_056777617.1	A	BRAKERILHT00000009603	A
rna-XM_056777769.1	A	BRAKERILHT00000009575	A
rna-XM_056777763.1	A	BRAKERILHT00000009790	A
rna-XM_056777764.1	A	BRAKERILHT00000009571	A
rna-XM_056777770.1	A	BRAKERILHT00000009696	A
rna-XM_056777303.1	A	BRAKERILHT00000009125	A
rna-XM_056776614.1	A	BRAKERILHT00000009365	A
rna-XM_056777662.1	A	BRAKERILHT00000010396	A
rna-XM_056777664.1	A	BRAKERILHT00000010269	A
rna-XM_056777663.1	A	BRAKERILHT00000009324	A
rna-XM_056777904.1	A	BRAKERILHT00000008924	A
rna-XM_056776452.1	A	BRAKERILHT00000010360	A
rna-XM_056776451.1	A	BRAKERILHT00000009120	A
rna-XM_056776454.1	A	BRAKERILHT00000009690	A
rna-XM_056777046.1	A	BRAKERILHT00000008623	A
rna-XM_056777551.1	A	BRAKERILHT00000009240	A
rna-XM_056776757.1	A	BRAKERILHT00000008942	A
rna-XM_056777468.1	A	BRAKERILHT00000008843	A
rna-XM_056777345.1	A	BRAKERILHT00000010185	A
rna-XM_056776478.1	A	BRAKERILHT00000009835	A
rna-XM_056776480.1	A	BRAKERILHT00000009312	A
rna-XM_056776364.1	A	BRAKERILHT00000008607	A
rna-XM_056776365.1	A	BRAKERILHT00000008912	A
rna-XM_056776525.1	A	BRAKERILHT00000008552	A
rna-XM_056776526.1	A	BRAKERILHT00000009951	A
rna-XM_056776527.1	A	BRAKERILHT00000009642	A
rna-XM_056777478.1	A	BRAKERILHT00000010179	A
rna-XM_056776996.1	A	BRAKERILHT00000009629	A
rna-XM_056776999.1	A	BRAKERILHT00000010075	A
rna-XM_056777464.1	A	BRAKERILHT00000008826	A
rna-XM_056777466.1	A	BRAKERILHT00000009242	A
rna-XM_056776884.1	A	BRAKERILHT00000009634	A
rna-XM_056777749.1	A	BRAKERILHT00000008557	A
rna-XM_056777627.1	A	BRAKERILHT00000010011	A
rna-XM_056777667.1	A	BRAKERILHT00000008582	A
rna-XM_056777645.1	A	BRAKERILHT00000010395	A
rna-XM_056777643.1	A	BRAKERILHT00000010125	A
rna-XM_056777463.1	A	BRAKERILHT00000008515	A
rna-XM_056776590.1	A	BRAKERILHT00000008516	A
rna-XM_056776486.1	A	BRAKERILHT00000009062	A
rna-XM_056777240.1	A	BRAKERILHT00000009609	A
rna-XM_056777095.1	A	BRAKERILHT00000009717	A
rna-XM_056777090.1	A	BRAKERILHT00000008183	A
rna-XM_056777788.1	A	BRAKERILHT00000010050	A
rna-XM_056777792.1	A	BRAKERILHT00000008918	A
rna-XM_056777794.1	A	BRAKERILHT00000009547	A
rna-XM_056777910.1	A	BRAKERILHT00000008999	A
rna-XM_056777793.1	A	BRAKERILHT00000013841	A
rna-XM_056778369.1	A	BRAKERILHT00000010334	A
rna-XM_056778361.1	A	BRAKERILHT00000004186	A
rna-XM_056777270.1	A	BRAKERILHT00000002396	A
rna-XM_056777656.1	A	BRAKERILHT00000003374	A
rna-XM_056776524.1	A	BRAKERILHT00000003921	A
rna-XM_056777708.1	A	BRAKERILHT00000006210	A
rna-XM_056777912.1	A	BRAKERILHT00000005421	A
rna-XM_056777913.1	A	BRAKERILHT00000009561	A
rna-XM_056776986.1	A	BRAKERILHT00000015573	A
rna-XM_056776455.1	A	BRAKERILHT00000010919	A
rna-XM_056777305.1	A	BRAKERILHT00000009564	A
rna-XM_056777606.1	A	BRAKERILHT00000007380	A
rna-XM_056777058.1	A	BRAKERILHT00000015636	A
rna-XM_056776620.1	A	BRAKERILHT00000016636	A
rna-XM_056776624.1	A	BRAKERILHT00000013612	A
rna-XM_056776899.1	A	BRAKERILHT00000009548	A
rna-XM_056777158.1	A	BRAKERILHT00000008863	A
rna-XM_056776981.1	A	BRAKERILHT00000008661	A
rna-XM_056776460.1	A	BRAKERILHT00000008892	A
rna-XM_056777865.1	A	BRAKERILHT00000015976	A
rna-XM_056777212.1	A	BRAKERILHT00000000177	A
rna-XM_056777215.1	A	BRAKERILHT00000000496	A
rna-XM_056778396.1	A	BRAKERILHT00000000824	A
rna-XM_056777481.1	A	BRAKERILHT00000001486	A
rna-XM_056777487.1	A	BRAKERILHT00000001207	A
rna-XM_056777488.1	A	BRAKERILHT00000000898	A
rna-XM_056777480.1	A	BRAKERILHT00000000295	A
rna-XM_056776771.1	A	BRAKERILHT00000000328	A
rna-XM_056776772.1	A	BRAKERILHT00000001836	A
rna-XM_056777470.1	A	BRAKERILHT00000010802	A
rna-XM_056777471.1	A	BRAKERILHT00000012183	A
rna-XM_056777472.1	A	BRAKERILHT00000011362	A
rna-XM_056776873.1	A	BRAKERILHT00000012242	A
rna-XM_056776750.1	A	BRAKERILHT00000011274	A
rna-XM_056777917.1	A	BRAKERILHT00000010849	A
rna-XM_056777703.1	A	BRAKERILHT00000011734	A
rna-XM_056777605.1	A	BRAKERILHT00000012073	A
rna-XM_056777823.1	A	BRAKERILHT00000010728	A
rna-XM_056777918.1	A	BRAKERILHT00000010642	A
rna-XM_056777825.1	A	BRAKERILHT00000001194	A
rna-XM_056777822.1	A	BRAKERILHT00000011988	A
rna-XM_056777828.1	A	BRAKERILHT00000000540	A
rna-XM_056777829.1	A	BRAKERILHT00000011752	A
rna-XM_056777116.1	A	BRAKERILHT00000015968	A
rna-XM_056777395.1	A	BRAKERILHT00000016623	A
rna-XM_056777396.1	A	BRAKERILHT00000013855	A
rna-XM_056777098.1	A	BRAKERILHT00000009988	A
rna-XM_056777184.1	A	BRAKERILHT00000011694	A
rna-XM_056777186.1	A	BRAKERILHT00000013487	A
rna-XM_056776885.1	A	BRAKERILHT00000009028	A
rna-XM_056776930.1	A	BRAKERILHT00000009748	A
rna-XM_056776501.1	A	BRAKERILHT00000013653	A
rna-XM_056776584.1	A	BRAKERILHT00000010281	A
rna-XM_056777920.1	A	BRAKERILHT00000014084	A
rna-XM_056776904.1	A	BRAKERILHT00000008737	A
rna-XM_056777731.1	A	BRAKERILHT00000006544	A
rna-XM_056777732.1	A	BRAKERILHT00000015845	A
rna-XM_056777922.1	A	BRAKERILHT00000001941	A
rna-XM_056777733.1	A	BRAKERILHT00000015859	A
rna-XM_056777734.1	A	BRAKERILHT00000002974	A
rna-XM_056777685.1	A	BRAKERILHT00000000792	A
rna-XM_056777200.1	A	BRAKERILHT00000001259	A
rna-XM_056777201.1	A	BRAKERILHT00000001886	A
rna-XM_056777430.1	A	BRAKERILHT00000000273	A
rna-XM_056777925.1	A	BRAKERILHT00000001306	A
rna-XM_056777637.1	A	BRAKERILHT00000001467	A
rna-XM_056777681.1	A	BRAKERILHT00000001927	A
rna-XM_056777492.1	A	BRAKERILHT00000000032	A
rna-XM_056777496.1	A	BRAKERILHT00000001701	A
rna-XM_056777499.1	A	BRAKERILHT00000000340	A
rna-XM_056777505.1	A	BRAKERILHT00000002018	A
rna-XM_056777507.1	A	BRAKERILHT00000000457	A
rna-XM_056777508.1	A	BRAKERILHT00000000288	A
rna-XM_056777509.1	A	BRAKERILHT00000000619	A
rna-XM_056777513.1	A	BRAKERILHT00000000854	A
rna-XM_056777521.1	A	BRAKERILHT00000007206	A
rna-XM_056777524.1	A	BRAKERILHT00000016787	A
rna-XM_056777526.1	A	BRAKERILHT00000016148	A
rna-XM_056777528.1	A	BRAKERILHT00000016764	A
rna-XM_056777529.1	A	BRAKERILHT00000015615	A
rna-XM_056777532.1	A	BRAKERILHT00000016160	A
rna-XM_056777530.1	A	BRAKERILHT00000016749	A
rna-XM_056777531.1	A	BRAKERILHT00000016369	A
rna-XM_056777534.1	A	BRAKERILHT00000016936	A
rna-XM_056777535.1	A	BRAKERILHT00000015667	A
rna-XM_056777537.1	A	BRAKERILHT00000016062	A
rna-XM_056777536.1	A	BRAKERILHT00000015982	A
rna-XM_056777539.1	A	BRAKERILHT00000016020	A
rna-XM_056777540.1	A	BRAKERILHT00000016855	A
rna-XM_056777542.1	A	BRAKERILHT00000016070	A
rna-XM_056777545.1	A	BRAKERILHT00000016979	A
rna-XM_056777927.1	A	BRAKERILHT00000016299	A
rna-XM_056777611.1	A	BRAKERILHT00000016507	A
rna-XM_056777928.1	A	BRAKERILHT00000016404	A
rna-XM_056776861.1	A	BRAKERILHT00000016788	A
rna-XM_056776351.1	A	BRAKERILHT00000014093	A
rna-XM_056777102.1	A	BRAKERILHT00000007329	A
rna-XM_056777048.1	A	BRAKERILHT00000000317	A
rna-XM_056777096.1	A	BRAKERILHT00000007741	A
rna-XM_056777097.1	A	BRAKERILHT00000014677	A
rna-XM_056778324.1	A	BRAKERILHT00000002143	A
rna-XM_056778325.1	A	BRAKERILHT00000001228	A
rna-XM_056778329.1	A	BRAKERILHT00000001691	A
rna-XM_056778326.1	A	BRAKERILHT00000011886	A
rna-XM_056778328.1	A	BRAKERILHT00000015161	A
rna-XM_056777932.1	A	BRAKERILHT00000004922	A
rna-XM_056777621.1	A	BRAKERILHT00000006514	A
rna-XM_056777077.1	A	BRAKERILHT00000007655	A
rna-XM_056777688.1	A	BRAKERILHT00000007081	A
rna-XM_056777279.1	A	BRAKERILHT00000008346	A
rna-XM_056777121.1	A	BRAKERILHT00000007467	A
rna-XM_056777134.1	A	BRAKERILHT00000007266	A
rna-XM_056777938.1	A	BRAKERILHT00000007902	A
rna-XM_056777131.1	A	BRAKERILHT00000007701	A
rna-XM_056777122.1	A	BRAKERILHT00000009239	A
rna-XM_056777126.1	A	BRAKERILHT00000004174	A
rna-XM_056777124.1	A	BRAKERILHT00000008202	A
rna-XM_056777130.1	A	BRAKERILHT00000002155	A
rna-XM_056777129.1	A	BRAKERILHT00000006824	A
rna-XM_056777123.1	A	BRAKERILHT00000014726	A
rna-XM_056777125.1	A	BRAKERILHT00000016079	A
rna-XM_056777136.1	A	BRAKERILHT00000008237	A
rna-XM_056777135.1	A	BRAKERILHT00000008310	A
rna-XM_056777138.1	A	BRAKERILHT00000006950	A
rna-XM_056777146.1	A	BRAKERILHT00000008253	A
rna-XM_056777142.1	A	BRAKERILHT00000007608	A
rna-XM_056777150.1	A	BRAKERILHT00000006519	A
rna-XM_056777143.1	A	BRAKERILHT00000007274	A
rna-XM_056777148.1	A	BRAKERILHT00000006733	A
rna-XM_056777147.1	A	BRAKERILHT00000006745	A
rna-XM_056777155.1	A	BRAKERILHT00000007805	A
rna-XM_056776952.1	A	BRAKERILHT00000004389	A
rna-XM_056776658.1	A	BRAKERILHT00000007067	A
rna-XM_056776991.1	A	BRAKERILHT00000006740	A
rna-XM_056777590.1	A	BRAKERILHT00000007247	A
rna-XM_056777589.1	A	BRAKERILHT00000008329	A
rna-XM_056777939.1	A	BRAKERILHT00000006881	A
rna-XM_056777831.1	A	BRAKERILHT00000006677	A
rna-XM_056777832.1	A	BRAKERILHT00000007295	A
rna-XM_056777834.1	A	BRAKERILHT00000008434	A
rna-XM_056777256.1	A	BRAKERILHT00000008018	A
rna-XM_056777253.1	A	BRAKERILHT00000006487	A
rna-XM_056778341.1	A	BRAKERILHT00000000019	A
rna-XM_056778340.1	A	BRAKERILHT00000001149	A
rna-XM_056778336.1	A	BRAKERILHT00000000413	A
rna-XM_056776748.1	A	BRAKERILHT00000002124	A
rna-XM_056777555.1	A	BRAKERILHT00000009424	A
rna-XM_056778096.1	A	BRAKERILHT00000013864	A
rna-XM_056778099.1	A	BRAKERILHT00000003745	A
rna-XM_056778102.1	A	BRAKERILHT00000000034	A
rna-XM_056778103.1	A	BRAKERILHT00000010319	A
rna-XM_056778104.1	A	BRAKERILHT00000012380	A
rna-XM_056778105.1	A	BRAKERILHT00000014835	A
rna-XM_056778106.1	A	BRAKERILHT00000015024	A
rna-XM_056778107.1	A	BRAKERILHT00000014590	A
rna-XM_056778110.1	A	BRAKERILHT00000007032	A
rna-XM_056778112.1	A	BRAKERILHT00000006776	A
rna-XM_056778111.1	A	BRAKERILHT00000002060	A
rna-XM_056778109.1	A	BRAKERILHT00000001560	A
rna-XM_056778118.1	A	BRAKERILHT00000016929	A
rna-XM_056777943.1	A	BRAKERILHT00000002938	A
rna-XM_056777944.1	A	BRAKERILHT00000013785	A
rna-XM_056778128.1	A	BRAKERILHT00000013078	A
rna-XM_056778133.1	A	BRAKERILHT00000012360	A
rna-XM_056778134.1	A	BRAKERILHT00000007626	A
rna-XM_056778136.1	A	BRAKERILHT00000007301	A
rna-XM_056778137.1	A	BRAKERILHT00000007747	A
rna-XM_056778140.1	A	BRAKERILHT00000007332	A
rna-XM_056777945.1	A	BRAKERILHT00000008040	A
rna-XM_056778141.1	A	BRAKERILHT00000007499	A
rna-XM_056778142.1	A	BRAKERILHT00000006509	A
rna-XM_056778143.1	A	BRAKERILHT00000008198	A
rna-XM_056778144.1	A	BRAKERILHT00000007646	A
rna-XM_056778145.1	A	BRAKERILHT00000011643	A
rna-XM_056777159.1	A	BRAKERILHT00000011043	A
rna-XM_056776662.1	A	BRAKERILHT00000001133	A
rna-XM_056777591.1	A	BRAKERILHT00000012090	A
rna-XM_056777866.1	A	BRAKERILHT00000011433	A
rna-XM_056777867.1	A	BRAKERILHT00000001256	A
rna-XM_056777869.1	A	BRAKERILHT00000006012	A
rna-XM_056777870.1	A	BRAKERILHT00000000322	A
rna-XM_056777872.1	A	BRAKERILHT00000000966	A
rna-XM_056777874.1	A	BRAKERILHT00000000058	A
rna-XM_056777873.1	A	BRAKERILHT00000000977	A
rna-XM_056777876.1	A	BRAKERILHT00000008014	A
rna-XM_056777947.1	A	BRAKERILHT00000007700	A
rna-XM_056776941.1	A	BRAKERILHT00000007675	A
rna-XM_056776660.1	A	BRAKERILHT00000012145	A
rna-XM_056777948.1	A	BRAKERILHT00000011126	A
rna-XM_056777032.1	A	BRAKERILHT00000010616	A
rna-XM_056776883.1	A	BRAKERILHT00000011141	A
rna-XM_056776447.1	A	BRAKERILHT00000008626	A
rna-XM_056777179.1	A	BRAKERILHT00000011771	A
rna-XM_056777099.1	A	BRAKERILHT00000008734	A
rna-XM_056776869.1	A	BRAKERILHT00000006706	A
rna-XM_056777006.1	A	BRAKERILHT00000009806	A
rna-XM_056776896.1	A	BRAKERILHT00000014293	A
rna-XM_056777623.1	A	BRAKERILHT00000013666	A
rna-XM_056776417.1	A	BRAKERILHT00000015114	A
rna-XM_056777950.1	A	BRAKERILHT00000012529	A
rna-XM_056777951.1	A	BRAKERILHT00000012791	A
rna-XM_056777111.1	A	BRAKERILHT00000011704	A
rna-XM_056777280.1	A	BRAKERILHT00000000680	A
rna-XM_056777647.1	A	BRAKERILHT00000001776	A
rna-XM_056777952.1	A	BRAKERILHT00000001308	A
rna-XM_056777482.1	A	BRAKERILHT00000001053	A
rna-XM_056777954.1	A	BRAKERILHT00000001512	A
rna-XM_056776954.1	A	BRAKERILHT00000000278	A
rna-XM_056777273.1	A	BRAKERILHT00000010273	A
rna-XM_056777277.1	A	BRAKERILHT00000010375	A
rna-XM_056777181.1	A	BRAKERILHT00000009516	A
rna-XM_056776732.1	A	BRAKERILHT00000005763	A
rna-XM_056777547.1	A	BRAKERILHT00000013957	A
rna-XM_056777548.1	A	BRAKERILHT00000013517	A
rna-XM_056777670.1	A	BRAKERILHT00000010310	A
rna-XM_056777671.1	A	BRAKERILHT00000010477	A
rna-XM_056776936.1	A	BRAKERILHT00000014123	A
rna-XM_056777026.1	A	BRAKERILHT00000011267	A
rna-XM_056777024.1	A	BRAKERILHT00000015572	A
rna-XM_056777106.1	A	BRAKERILHT00000014372	A
rna-XM_056777387.1	A	BRAKERILHT00000001064	A
rna-XM_056777050.1	A	BRAKERILHT00000002132	A
rna-XM_056777210.1	A	BRAKERILHT00000000616	A
rna-XM_056777211.1	A	BRAKERILHT00000014884	A
rna-XM_056777441.1	A	BRAKERILHT00000012445	A
rna-XM_056777697.1	A	BRAKERILHT00000008371	A
rna-XM_056777696.1	A	BRAKERILHT00000013462	A
rna-XM_056777955.1	A	BRAKERILHT00000008148	A
rna-XM_056777089.1	A	BRAKERILHT00000014824	A
rna-XM_056777956.1	A	BRAKERILHT00000015507	A
rna-XM_056776847.1	A	BRAKERILHT00000013339	A
rna-XM_056776851.1	A	BRAKERILHT00000013867	A
rna-XM_056777189.1	A	BRAKERILHT00000012563	A
rna-XM_056776773.1	A	BRAKERILHT00000013341	A
rna-XM_056776774.1	A	BRAKERILHT00000013694	A
rna-XM_056776775.1	A	BRAKERILHT00000012967	A
rna-XM_056776778.1	A	BRAKERILHT00000012717	A
rna-XM_056776782.1	A	BRAKERILHT00000012610	A
rna-XM_056776781.1	A	BRAKERILHT00000016451	A
rna-XM_056776785.1	A	BRAKERILHT00000016718	A
rna-XM_056776788.1	A	BRAKERILHT00000015646	A
rna-XM_056776805.1	A	BRAKERILHT00000016553	A
rna-XM_056776799.1	A	BRAKERILHT00000016873	A
rna-XM_056776808.1	A	BRAKERILHT00000016509	A
rna-XM_056776806.1	A	BRAKERILHT00000016558	A
rna-XM_056776789.1	A	BRAKERILHT00000012391	A
rna-XM_056776798.1	A	BRAKERILHT00000013594	A
rna-XM_056776809.1	A	BRAKERILHT00000012620	A
rna-XM_056776840.1	A	BRAKERILHT00000013621	A
rna-XM_056776810.1	A	BRAKERILHT00000013332	A
rna-XM_056776843.1	A	BRAKERILHT00000013725	A
rna-XM_056776844.1	A	BRAKERILHT00000013816	A
rna-XM_056776842.1	A	BRAKERILHT00000012802	A
rna-XM_056777592.1	A	BRAKERILHT00000003231	A
rna-XM_056777447.1	A	BRAKERILHT00000003261	A
rna-XM_056777449.1	A	BRAKERILHT00000002909	A
rna-XM_056777446.1	A	BRAKERILHT00000015389	A
rna-XM_056777287.1	A	BRAKERILHT00000014957	A
rna-XM_056777288.1	A	BRAKERILHT00000005786	A
rna-XM_056777599.1	A	BRAKERILHT00000005579	A
rna-XM_056777958.1	A	BRAKERILHT00000007650	A
rna-XM_056776633.1	A	BRAKERILHT00000007415	A
rna-XM_056777959.1	A	BRAKERILHT00000006705	A
rna-XM_056777242.1	A	BRAKERILHT00000007306	A
rna-XM_056777343.1	A	BRAKERILHT00000008448	A
rna-XM_056777331.1	A	BRAKERILHT00000008263	A
rna-XM_056777114.1	A	BRAKERILHT00000007775	A
rna-XM_056776867.1	A	BRAKERILHT00000014862	A
rna-XM_056778343.1	A	BRAKERILHT00000001498	A
rna-XM_056777693.1	A	BRAKERILHT00000001266	A
rna-XM_056777694.1	A	BRAKERILHT00000005906	A
rna-XM_056776953.1	A	BRAKERILHT00000005322	A
rna-XM_056776977.1	A	BRAKERILHT00000014626	A
rna-XM_056776635.1	A	BRAKERILHT00000002055	A
rna-XM_056776636.1	A	BRAKERILHT00000000818	A
rna-XM_056777572.1	A	BRAKERILHT00000014083	A
rna-XM_056776958.1	A	BRAKERILHT00000015325	A
rna-XM_056776733.1	A	BRAKERILHT00000015140	A
rna-XM_056777115.1	A	BRAKERILHT00000007784	A
rna-XM_056776641.1	A	BRAKERILHT00000017404	X
rna-XM_056776640.1	A	BRAKERILHT00000015321	A
rna-XM_056776642.1	A	BRAKERILHT00000004708	A
rna-XM_056776644.1	A	BRAKERILHT00000001246	A
rna-XM_056777712.1	A	BRAKERILHT00000014564	A
rna-XM_056777714.1	A	BRAKERILHT00000002737	A
rna-XM_056777278.1	A	BRAKERILHT00000011408	A
rna-XM_056778040.1	A	BRAKERILHT00000014143	A
rna-XM_056778046.1	A	BRAKERILHT00000015050	A
rna-XM_056778043.1	A	BRAKERILHT00000005701	A
rna-XM_056778033.1	A	BRAKERILHT00000004862	A
rna-XM_056778047.1	A	BRAKERILHT00000005992	A
rna-XM_056778048.1	A	BRAKERILHT00000005673	A
rna-XM_056778049.1	A	BRAKERILHT00000000517	A
rna-XM_056778054.1	A	BRAKERILHT00000001117	A
rna-XM_056778053.1	A	BRAKERILHT00000013046	A
rna-XM_056778063.1	A	BRAKERILHT00000001526	A
rna-XM_056778061.1	A	BRAKERILHT00000007373	A
rna-XM_056778065.1	A	BRAKERILHT00000015807	A
rna-XM_056778066.1	A	BRAKERILHT00000016450	A
rna-XM_056778068.1	A	BRAKERILHT00000015650	A
rna-XM_056778069.1	A	BRAKERILHT00000015659	A
rna-XM_056778075.1	A	BRAKERILHT00000016712	A
rna-XM_056778084.1	A	BRAKERILHT00000015808	A
rna-XM_056778082.1	A	BRAKERILHT00000016245	A
rna-XM_056779151.1	A	BRAKERILHT00000007230	A
rna-XM_056779417.1	A	BRAKERILHT00000011225	A
rna-XM_056779420.1	A	BRAKERILHT00000011623	A
rna-XM_056778498.1	A	BRAKERILHT00000012053	A
rna-XM_056779327.1	A	BRAKERILHT00000009737	A
rna-XM_056778716.1	A	BRAKERILHT00000009330	A
rna-XM_056779058.1	A	BRAKERILHT00000008808	A
rna-XM_056779431.1	A	BRAKERILHT00000009978	A
rna-XM_056778486.1	A	BRAKERILHT00000009114	A
rna-XM_056779432.1	A	BRAKERILHT00000008952	A
rna-XM_056779769.1	A	BRAKERILHT00000013229	A
rna-XM_056779770.1	A	BRAKERILHT00000012860	A
rna-XM_056779768.1	A	BRAKERILHT00000012705	A
rna-XM_056779776.1	A	BRAKERILHT00000004378	A
rna-XM_056778461.1	A	BRAKERILHT00000012857	A
rna-XM_056778464.1	A	BRAKERILHT00000014024	A
rna-XM_056779045.1	A	BRAKERILHT00000013901	A
rna-XM_056779039.1	A	BRAKERILHT00000013023	A
rna-XM_056779038.1	A	BRAKERILHT00000012655	A
rna-XM_056779036.1	A	BRAKERILHT00000012464	A
rna-XM_056779433.1	A	BRAKERILHT00000012800	A
rna-XM_056779284.1	A	BRAKERILHT00000012394	A
rna-XM_056779463.1	A	BRAKERILHT00000012952	A
rna-XM_056779434.1	A	BRAKERILHT00000013923	A
rna-XM_056779279.1	A	BRAKERILHT00000013569	A
rna-XM_056778814.1	A	BRAKERILHT00000013303	A
rna-XM_056778655.1	A	BRAKERILHT00000011006	A
rna-XM_056778652.1	A	BRAKERILHT00000011411	A
rna-XM_056778656.1	A	BRAKERILHT00000002126	A
rna-XM_056778657.1	A	BRAKERILHT00000001272	A
rna-XM_056779065.1	A	BRAKERILHT00000000656	A
rna-XM_056779066.1	A	BRAKERILHT00000000880	A
rna-XM_056779067.1	A	BRAKERILHT00000011856	A
rna-XM_056779356.1	A	BRAKERILHT00000014721	A
rna-XM_056779720.1	A	BRAKERILHT00000001501	A
rna-XM_056779722.1	A	BRAKERILHT00000013872	A
rna-XM_056779725.1	A	BRAKERILHT00000012623	A
rna-XM_056779313.1	A	BRAKERILHT00000000054	A
rna-XM_056779315.1	A	BRAKERILHT00000000710	A
rna-XM_056779316.1	A	BRAKERILHT00000010572	A
rna-XM_056779118.1	A	BRAKERILHT00000010577	A
rna-XM_056779794.1	A	BRAKERILHT00000011860	A
rna-XM_056779799.1	A	BRAKERILHT00000014118	A
rna-XM_056779806.1	A	BRAKERILHT00000012202	A
rna-XM_056779808.1	A	BRAKERILHT00000012300	A
rna-XM_056779339.1	A	BRAKERILHT00000001563	A
rna-XM_056778832.1	A	BRAKERILHT00000001884	A
rna-XM_056778833.1	A	BRAKERILHT00000016601	A
rna-XM_056778834.1	A	BRAKERILHT00000000435	A
rna-XM_056779416.1	A	BRAKERILHT00000001664	A
rna-XM_056779568.1	A	BRAKERILHT00000004757	A
rna-XM_056778915.1	A	BRAKERILHT00000005949	A
rna-XM_056779446.1	A	BRAKERILHT00000002722	A
rna-XM_056779160.1	A	BRAKERILHT00000005291	A
rna-XM_056779894.1	A	BRAKERILHT00000009804	A
rna-XM_056778917.1	A	BRAKERILHT00000016973	A
rna-XM_056779569.1	A	BRAKERILHT00000004452	A
rna-XM_056779572.1	A	BRAKERILHT00000005028	A
rna-XM_056779382.1	A	BRAKERILHT00000016157	A
rna-XM_056778965.1	A	BRAKERILHT00000012895	A
rna-XM_056779633.1	A	BRAKERILHT00000002963	A
rna-XM_056779634.1	A	BRAKERILHT00000017647	X
rna-XM_056779632.1	A	BRAKERILHT00000003538	A
rna-XM_056779457.1	A	BRAKERILHT00000003253	A
rna-XM_056779613.1	A	BRAKERILHT00000003936	A
rna-XM_056779635.1	A	BRAKERILHT00000003941	A
rna-XM_056780025.1	A	BRAKERILHT00000004804	A
rna-XM_056780027.1	A	BRAKERILHT00000008113	A
rna-XM_056779174.1	A	BRAKERILHT00000007116	A
rna-XM_056779458.1	A	BRAKERILHT00000007712	A
rna-XM_056779459.1	A	BRAKERILHT00000016181	A
rna-XM_056779027.1	A	BRAKERILHT00000015762	A
rna-XM_056778582.1	A	BRAKERILHT00000015980	A
rna-XM_056779551.1	A	BRAKERILHT00000016338	A
rna-XM_056779552.1	A	BRAKERILHT00000016380	A
rna-XM_056779179.1	A	BRAKERILHT00000015820	A
rna-XM_056779652.1	A	BRAKERILHT00000006860	A
rna-XM_056779653.1	A	BRAKERILHT00000008388	A
rna-XM_056779654.1	A	BRAKERILHT00000007176	A
rna-XM_056779421.1	A	BRAKERILHT00000016594	A
rna-XM_056779592.1	A	BRAKERILHT00000015751	A
rna-XM_056779014.1	A	BRAKERILHT00000016374	A
rna-XM_056779422.1	A	BRAKERILHT00000016904	A
rna-XM_056779119.1	A	BRAKERILHT00000015784	A
rna-XM_056778938.1	A	BRAKERILHT00000016176	A
rna-XM_056779295.1	A	BRAKERILHT00000016674	A
rna-XM_056779597.1	A	BRAKERILHT00000008049	A
rna-XM_056778893.1	A	BRAKERILHT00000006523	A
rna-XM_056778890.1	A	BRAKERILHT00000016135	A
rna-XM_056778896.1	A	BRAKERILHT00000007928	A
rna-XM_056778981.1	A	BRAKERILHT00000007075	A
rna-XM_056778431.1	A	BRAKERILHT00000007940	A
rna-XM_056778434.1	A	BRAKERILHT00000007583	A
rna-XM_056779464.1	A	BRAKERILHT00000016334	A
rna-XM_056779474.1	A	BRAKERILHT00000012776	A
rna-XM_056779465.1	A	BRAKERILHT00000015111	A
rna-XM_056779003.1	A	BRAKERILHT00000013975	A
rna-XM_056779661.1	A	BRAKERILHT00000013233	A
rna-XM_056779660.1	A	BRAKERILHT00000013182	A
rna-XM_056778745.1	A	BRAKERILHT00000013781	A
rna-XM_056778480.1	A	BRAKERILHT00000013424	A
rna-XM_056779468.1	A	BRAKERILHT00000016409	A
rna-XM_056779469.1	A	BRAKERILHT00000016323	A
rna-XM_056778846.1	A	BRAKERILHT00000012102	A
rna-XM_056779257.1	A	BRAKERILHT00000011269	A
rna-XM_056779260.1	A	BRAKERILHT00000009052	A
rna-XM_056778495.1	A	BRAKERILHT00000012282	A
rna-XM_056779136.1	A	BRAKERILHT00000011230	A
rna-XM_056779126.1	A	BRAKERILHT00000011229	A
rna-XM_056779134.1	A	BRAKERILHT00000005452	A
rna-XM_056778424.1	A	BRAKERILHT00000010625	A
rna-XM_056778430.1	A	BRAKERILHT00000011635	A
rna-XM_056778423.1	A	BRAKERILHT00000012118	A
rna-XM_056779243.1	A	BRAKERILHT00000011511	A
rna-XM_056779479.1	A	BRAKERILHT00000000638	A
rna-XM_056778736.1	A	BRAKERILHT00000001334	A
rna-XM_056778789.1	A	BRAKERILHT00000001757	A
rna-XM_056779076.1	A	BRAKERILHT00000000320	A
rna-XM_056779078.1	A	BRAKERILHT00000000835	A
rna-XM_056779265.1	A	BRAKERILHT00000001810	A
rna-XM_056779475.1	A	BRAKERILHT00000011254	A
rna-XM_056778998.1	A	BRAKERILHT00000011803	A
rna-XM_056780043.1	A	BRAKERILHT00000000021	A
rna-XM_056779415.1	A	BRAKERILHT00000010811	A
rna-XM_056778478.1	A	BRAKERILHT00000006183	A
rna-XM_056778733.1	A	BRAKERILHT00000005717	A
rna-XM_056778831.1	A	BRAKERILHT00000005692	A
rna-XM_056779022.1	A	BRAKERILHT00000011849	A
rna-XM_056779020.1	A	BRAKERILHT00000012317	A
rna-XM_056778932.1	A	BRAKERILHT00000010476	A
rna-XM_056778523.1	A	BRAKERILHT00000010822	A
rna-XM_056778528.1	A	BRAKERILHT00000000634	A
rna-XM_056778529.1	A	BRAKERILHT00000012350	A
rna-XM_056778521.1	A	BRAKERILHT00000000014	A
rna-XM_056778524.1	A	BRAKERILHT00000001891	A
rna-XM_056779203.1	A	BRAKERILHT00000001632	A
rna-XM_056779637.1	A	BRAKERILHT00000009050	A
rna-XM_056779636.1	A	BRAKERILHT00000012362	A
rna-XM_056779638.1	A	BRAKERILHT00000013727	A
rna-XM_056778806.1	A	BRAKERILHT00000013600	A
rna-XM_056779229.1	A	BRAKERILHT00000014438	A
rna-XM_056779891.1	A	BRAKERILHT00000014559	A
rna-XM_056779892.1	A	BRAKERILHT00000015265	A
rna-XM_056779893.1	A	BRAKERILHT00000007570	A
rna-XM_056779890.1	A	BRAKERILHT00000007790	A
rna-XM_056779216.1	A	BRAKERILHT00000015031	A
rna-XM_056779217.1	A	BRAKERILHT00000014075	A
rna-XM_056778436.1	A	BRAKERILHT00000012287	A
rna-XM_056778435.1	A	BRAKERILHT00000012205	A
rna-XM_056779012.1	A	BRAKERILHT00000011636	A
rna-XM_056778555.1	A	BRAKERILHT00000011755	A
rna-XM_056778559.1	A	BRAKERILHT00000011501	A
rna-XM_056778558.1	A	BRAKERILHT00000010751	A
rna-XM_056778667.1	A	BRAKERILHT00000011628	A
rna-XM_056779125.1	A	BRAKERILHT00000010689	A
rna-XM_056779611.1	A	BRAKERILHT00000011981	A
rna-XM_056779608.1	A	BRAKERILHT00000011689	A
rna-XM_056779612.1	A	BRAKERILHT00000009581	A
rna-XM_056778979.1	A	BRAKERILHT00000006722	A
rna-XM_056779334.1	A	BRAKERILHT00000004548	A
rna-XM_056778616.1	A	BRAKERILHT00000006467	A
rna-XM_056779029.1	A	BRAKERILHT00000000738	A
rna-XM_056779070.1	A	BRAKERILHT00000013037	A
rna-XM_056778787.1	A	BRAKERILHT00000012796	A
rna-XM_056779783.1	A	BRAKERILHT00000013396	A
rna-XM_056779016.1	A	BRAKERILHT00000013180	A
rna-XM_056779017.1	A	BRAKERILHT00000011204	A
rna-XM_056779018.1	A	BRAKERILHT00000013686	A
rna-XM_056779470.1	A	BRAKERILHT00000013868	A
rna-XM_056778952.1	A	BRAKERILHT00000004842	A
rna-XM_056778946.1	A	BRAKERILHT00000008440	A
rna-XM_056779904.1	A	BRAKERILHT00000002071	A
rna-XM_056779906.1	A	BRAKERILHT00000001717	A
rna-XM_056779905.1	A	BRAKERILHT00000000020	A
rna-XM_056779909.1	A	BRAKERILHT00000007726	A
rna-XM_056779911.1	A	BRAKERILHT00000008036	A
rna-XM_056779189.1	A	BRAKERILHT00000000841	A
rna-XM_056779190.1	A	BRAKERILHT00000000526	A
rna-XM_056779441.1	A	BRAKERILHT00000001764	A
rna-XM_056779843.1	A	BRAKERILHT00000006836	A
rna-XM_056779842.1	A	BRAKERILHT00000007806	A
rna-XM_056778695.1	A	BRAKERILHT00000015455	A
rna-XM_056778694.1	A	BRAKERILHT00000015391	A
rna-XM_056778990.1	A	BRAKERILHT00000014573	A
rna-XM_056778819.1	A	BRAKERILHT00000014156	A
rna-XM_056778985.1	A	BRAKERILHT00000014682	A
rna-XM_056778489.1	A	BRAKERILHT00000015411	A
rna-XM_056779010.1	A	BRAKERILHT00000003499	A
rna-XM_056779325.1	A	BRAKERILHT00000001772	A
rna-XM_056779397.1	A	BRAKERILHT00000016356	A
rna-XM_056779393.1	A	BRAKERILHT00000015975	A
rna-XM_056779391.1	A	BRAKERILHT00000014060	A
rna-XM_056779793.1	A	BRAKERILHT00000015677	A
rna-XM_056779148.1	A	BRAKERILHT00000016919	A
rna-XM_056779482.1	A	BRAKERILHT00000016165	A
rna-XM_056779483.1	A	BRAKERILHT00000005525	A
rna-XM_056779221.1	A	BRAKERILHT00000014279	A
rna-XM_056779267.1	A	BRAKERILHT00000014777	A
rna-XM_056779034.1	A	BRAKERILHT00000014255	A
rna-XM_056779161.1	A	BRAKERILHT00000009821	A
rna-XM_056778682.1	A	BRAKERILHT00000016155	A
rna-XM_056778742.1	A	BRAKERILHT00000013382	A
rna-XM_056778739.1	A	BRAKERILHT00000000459	A
rna-XM_056778829.1	A	BRAKERILHT00000006121	A
rna-XM_056779484.1	A	BRAKERILHT00000003020	A
rna-XM_056779485.1	A	BRAKERILHT00000000797	A
rna-XM_056778943.1	A	BRAKERILHT00000005300	A
rna-XM_056779902.1	A	BRAKERILHT00000004661	A
rna-XM_056779452.1	A	BRAKERILHT00000005707	A
rna-XM_056779361.1	A	BRAKERILHT00000005324	A
rna-XM_056778508.1	A	BRAKERILHT00000005884	A
rna-XM_056778842.1	A	BRAKERILHT00000010711	A
rna-XM_056778851.1	A	BRAKERILHT00000010804	A
rna-XM_056778848.1	A	BRAKERILHT00000011484	A
rna-XM_056778850.1	A	BRAKERILHT00000003927	A
rna-XM_056778856.1	A	BRAKERILHT00000003309	A
rna-XM_056778569.1	A	BRAKERILHT00000003148	A
rna-XM_056778574.1	A	BRAKERILHT00000002505	A
rna-XM_056778690.1	A	BRAKERILHT00000009037	A
rna-XM_056778692.1	A	BRAKERILHT00000013075	A
rna-XM_056778693.1	A	BRAKERILHT00000010365	A
rna-XM_056779786.1	A	BRAKERILHT00000013250	A
rna-XM_056779346.1	A	BRAKERILHT00000004335	A
rna-XM_056779107.1	A	BRAKERILHT00000014079	A
rna-XM_056778857.1	A	BRAKERILHT00000014753	A
rna-XM_056778906.1	A	BRAKERILHT00000001532	A
rna-XM_056778676.1	A	BRAKERILHT00000009623	A
rna-XM_056779526.1	A	BRAKERILHT00000011266	A
rna-XM_056778617.1	A	BRAKERILHT00000002592	A
rna-XM_056779114.1	A	BRAKERILHT00000003119	A
rna-XM_056779196.1	A	BRAKERILHT00000003808	A
rna-XM_056779194.1	A	BRAKERILHT00000014151	A
rna-XM_056779739.1	A	BRAKERILHT00000003223	A
rna-XM_056779738.1	A	BRAKERILHT00000004056	A
rna-XM_056779740.1	A	BRAKERILHT00000002328	A
rna-XM_056779275.1	A	BRAKERILHT00000002653	A
rna-XM_056779276.1	A	BRAKERILHT00000003964	A
rna-XM_056779050.1	A	BRAKERILHT00000005793	A
rna-XM_056778966.1	A	BRAKERILHT00000004157	A
rna-XM_056779591.1	A	BRAKERILHT00000003247	A
rna-XM_056779639.1	A	BRAKERILHT00000008536	A
rna-XM_056779642.1	A	BRAKERILHT00000008779	A
rna-XM_056779645.1	A	BRAKERILHT00000006897	A
rna-XM_056779644.1	A	BRAKERILHT00000009105	A
rna-XM_056779643.1	A	BRAKERILHT00000008933	A
rna-XM_056779646.1	A	BRAKERILHT00000009927	A
rna-XM_056779535.1	A	BRAKERILHT00000009716	A
rna-XM_056779640.1	A	BRAKERILHT00000001913	A
rna-XM_056778713.1	A	BRAKERILHT00000001328	A
rna-XM_056778976.1	A	BRAKERILHT00000001673	A
rna-XM_056778454.1	A	BRAKERILHT00000002045	A
rna-XM_056778457.1	A	BRAKERILHT00000001339	A
rna-XM_056778455.1	A	BRAKERILHT00000001247	A
rna-XM_056778456.1	A	BRAKERILHT00000000903	A
rna-XM_056778460.1	A	BRAKERILHT00000009752	A
rna-XM_056778706.1	A	BRAKERILHT00000008391	A
rna-XM_056778705.1	A	BRAKERILHT00000007476	A
rna-XM_056778707.1	A	BRAKERILHT00000008070	A
rna-XM_056778708.1	A	BRAKERILHT00000016259	A
rna-XM_056778862.1	A	BRAKERILHT00000003916	A
rna-XM_056778863.1	A	BRAKERILHT00000004380	A
rna-XM_056778878.1	A	BRAKERILHT00000003087	A
rna-XM_056778864.1	A	BRAKERILHT00000004372	A
rna-XM_056778879.1	A	BRAKERILHT00000003600	A
rna-XM_056778882.1	A	BRAKERILHT00000003078	A
rna-XM_056779175.1	A	BRAKERILHT00000007515	A
rna-XM_056779374.1	A	BRAKERILHT00000006512	A
rna-XM_056779278.1	A	BRAKERILHT00000007229	A
rna-XM_056779269.1	A	BRAKERILHT00000006574	A
rna-XM_056778728.1	A	BRAKERILHT00000016429	A
rna-XM_056778939.1	A	BRAKERILHT00000016499	A
rna-XM_056779462.1	A	BRAKERILHT00000016132	A
rna-XM_056778809.1	A	BRAKERILHT00000015640	A
rna-XM_056778811.1	A	BRAKERILHT00000006714	A
rna-XM_056778812.1	A	BRAKERILHT00000001148	A
rna-XM_056779262.1	A	BRAKERILHT00000013393	A
rna-XM_056778603.1	A	BRAKERILHT00000012676	A
rna-XM_056778722.1	A	BRAKERILHT00000003214	A
rna-XM_056778944.1	A	BRAKERILHT00000016024	A
rna-XM_056779749.1	A	BRAKERILHT00000004245	A
rna-XM_056779753.1	A	BRAKERILHT00000010457	A
rna-XM_056779755.1	A	BRAKERILHT00000013889	A
rna-XM_056779558.1	A	BRAKERILHT00000012375	A
rna-XM_056780046.1	A	BRAKERILHT00000003635	A
rna-XM_056779230.1	A	BRAKERILHT00000002204	A
rna-XM_056778960.1	A	BRAKERILHT00000004135	A
rna-XM_056778886.1	A	BRAKERILHT00000004182	A
rna-XM_056778889.1	A	BRAKERILHT00000003681	A
rna-XM_056779898.1	A	BRAKERILHT00000003549	A
rna-XM_056779899.1	A	BRAKERILHT00000013986	A
rna-XM_056779900.1	A	BRAKERILHT00000002777	A
rna-XM_056778709.1	A	BRAKERILHT00000003560	A
rna-XM_056778711.1	A	BRAKERILHT00000004070	A
rna-XM_056779549.1	A	BRAKERILHT00000003036	A
rna-XM_056778826.1	A	BRAKERILHT00000004459	A
rna-XM_056779277.1	A	BRAKERILHT00000005014	A
rna-XM_056779159.1	A	BRAKERILHT00000008978	A
rna-XM_056779360.1	A	BRAKERILHT00000008666	A
rna-XM_056779919.1	A	BRAKERILHT00000009937	A
rna-XM_056779550.1	A	BRAKERILHT00000009515	A
rna-XM_056779239.1	A	BRAKERILHT00000007371	A
rna-XM_056779390.1	A	BRAKERILHT00000008460	A
rna-XM_056779573.1	A	BRAKERILHT00000006814	A
rna-XM_056778781.1	A	BRAKERILHT00000007738	A
rna-XM_056778967.1	A	BRAKERILHT00000006524	A
rna-XM_056778968.1	A	BRAKERILHT00000006990	A
rna-XM_056778971.1	A	BRAKERILHT00000007691	A
rna-XM_056779225.1	A	BRAKERILHT00000013963	A
rna-XM_056779228.1	A	BRAKERILHT00000004035	A
rna-XM_056778688.1	A	BRAKERILHT00000005994	A
rna-XM_056778689.1	A	BRAKERILHT00000002392	A
rna-XM_056779079.1	A	BRAKERILHT00000012548	A
rna-XM_056779097.1	A	BRAKERILHT00000013885	A
rna-XM_056779082.1	A	BRAKERILHT00000013860	A
rna-XM_056779096.1	A	BRAKERILHT00000005105	A
rna-XM_056779086.1	A	BRAKERILHT00000006109	A
rna-XM_056779091.1	A	BRAKERILHT00000004725	A
rna-XM_056779095.1	A	BRAKERILHT00000006410	A
rna-XM_056779101.1	A	BRAKERILHT00000004104	A
rna-XM_056778987.1	A	BRAKERILHT00000004658	A
rna-XM_056778519.1	A	BRAKERILHT00000012594	A
rna-XM_056778518.1	A	BRAKERILHT00000003140	A
rna-XM_056780048.1	A	BRAKERILHT00000005924	A
rna-XM_056780047.1	A	BRAKERILHT00000007078	A
rna-XM_056779564.1	A	BRAKERILHT00000013601	A
rna-XM_056779303.1	A	BRAKERILHT00000004516	A
rna-XM_056779343.1	A	BRAKERILHT00000005047	A
rna-XM_056779730.1	A	BRAKERILHT00000009579	A
rna-XM_056779732.1	A	BRAKERILHT00000008102	A
rna-XM_056779733.1	A	BRAKERILHT00000005467	A
rna-XM_056779030.1	A	BRAKERILHT00000000844	A
rna-XM_056778732.1	A	BRAKERILHT00000012032	A
rna-XM_056779370.1	A	BRAKERILHT00000001047	A
rna-XM_056779372.1	A	BRAKERILHT00000000338	A
rna-XM_056779371.1	A	BRAKERILHT00000000769	A
rna-XM_056780032.1	A	BRAKERILHT00000001210	A
rna-XM_056780033.1	A	BRAKERILHT00000000754	A
rna-XM_056779124.1	A	BRAKERILHT00000012151	A
rna-XM_056779068.1	A	BRAKERILHT00000011796	A
rna-XM_056778452.1	A	BRAKERILHT00000001340	A
rna-XM_056778445.1	A	BRAKERILHT00000001969	A
rna-XM_056778821.1	A	BRAKERILHT00000000380	A
rna-XM_056779214.1	A	BRAKERILHT00000010989	A
rna-XM_056780035.1	A	BRAKERILHT00000001278	A
rna-XM_056779307.1	A	BRAKERILHT00000010875	A
rna-XM_056778794.1	A	BRAKERILHT00000010095	A
rna-XM_056778791.1	A	BRAKERILHT00000010664	A
rna-XM_056778793.1	A	BRAKERILHT00000007369	A
rna-XM_056778824.1	A	BRAKERILHT00000012150	A
rna-XM_056779537.1	A	BRAKERILHT00000011607	A
rna-XM_056779033.1	A	BRAKERILHT00000011326	A
rna-XM_056778845.1	A	BRAKERILHT00000011236	A
rna-XM_056778735.1	A	BRAKERILHT00000010696	A
rna-XM_056779041.1	A	BRAKERILHT00000012117	A
rna-XM_056779232.1	A	BRAKERILHT00000012146	A
rna-XM_056779527.1	A	BRAKERILHT00000011625	A
rna-XM_056779389.1	A	BRAKERILHT00000011009	A
rna-XM_056779579.1	A	BRAKERILHT00000002897	A
rna-XM_056779878.1	A	BRAKERILHT00000011183	A
rna-XM_056779580.1	A	BRAKERILHT00000011000	A
rna-XM_056779881.1	A	BRAKERILHT00000010509	A
rna-XM_056778532.1	A	BRAKERILHT00000010615	A
rna-XM_056779656.1	A	BRAKERILHT00000011982	A
rna-XM_056779655.1	A	BRAKERILHT00000011754	A
rna-XM_056778664.1	A	BRAKERILHT00000015607	A
rna-XM_056778903.1	A	BRAKERILHT00000014390	A
rna-XM_056779245.1	A	BRAKERILHT00000002992	A
rna-XM_056778507.1	A	BRAKERILHT00000004404	A
rna-XM_056778576.1	A	BRAKERILHT00000015939	A
rna-XM_056778908.1	A	BRAKERILHT00000003677	A
rna-XM_056778914.1	A	BRAKERILHT00000014525	A
rna-XM_056778443.1	A	BRAKERILHT00000001028	A
rna-XM_056778444.1	A	BRAKERILHT00000001988	A
rna-XM_056778441.1	A	BRAKERILHT00000001505	A
rna-XM_056779758.1	A	BRAKERILHT00000009026	A
rna-XM_056779759.1	A	BRAKERILHT00000010326	A
rna-XM_056779760.1	A	BRAKERILHT00000002043	A
rna-XM_056779761.1	A	BRAKERILHT00000015423	A
rna-XM_056778920.1	A	BRAKERILHT00000009157	A
rna-XM_056779582.1	A	BRAKERILHT00000001071	A
rna-XM_056778925.1	A	BRAKERILHT00000009594	A
rna-XM_056778927.1	A	BRAKERILHT00000010345	A
rna-XM_056778974.1	A	BRAKERILHT00000009674	A
rna-XM_056779583.1	A	BRAKERILHT00000009005	A
rna-XM_056779031.1	A	BRAKERILHT00000010085	A
rna-XM_056779584.1	A	BRAKERILHT00000015270	A
rna-XM_056779585.1	A	BRAKERILHT00000004258	A
rna-XM_056778999.1	A	BRAKERILHT00000002010	A
rna-XM_056779251.1	A	BRAKERILHT00000006887	A
rna-XM_056779500.1	A	BRAKERILHT00000004707	A
rna-XM_056779504.1	A	BRAKERILHT00000014755	A
rna-XM_056779508.1	A	BRAKERILHT00000009117	A
rna-XM_056779509.1	A	BRAKERILHT00000000445	A
rna-XM_056779523.1	A	BRAKERILHT00000000482	A
rna-XM_056779520.1	A	BRAKERILHT00000000947	A
rna-XM_056779400.1	A	BRAKERILHT00000007947	A
rna-XM_056779757.1	A	BRAKERILHT00000008477	A
rna-XM_056780018.1	A	BRAKERILHT00000009339	A
rna-XM_056780017.1	A	BRAKERILHT00000009527	A
rna-XM_056779589.1	A	BRAKERILHT00000012381	A
rna-XM_056779590.1	A	BRAKERILHT00000015044	A
rna-XM_056780015.1	A	BRAKERILHT00000008704	A
rna-XM_056778660.1	A	BRAKERILHT00000008941	A
rna-XM_056778658.1	A	BRAKERILHT00000015987	A
rna-XM_056779663.1	A	BRAKERILHT00000000776	A
rna-XM_056779677.1	A	BRAKERILHT00000001412	A
rna-XM_056779680.1	A	BRAKERILHT00000001118	A
rna-XM_056779707.1	A	BRAKERILHT00000008874	A
rna-XM_056778957.1	A	BRAKERILHT00000002928	A
rna-XM_056779563.1	A	BRAKERILHT00000016882	A
rna-XM_056779123.1	A	BRAKERILHT00000012211	A
rna-XM_056779213.1	A	BRAKERILHT00000012217	A
rna-XM_056778980.1	A	BRAKERILHT00000010827	A
rna-XM_056779938.1	A	BRAKERILHT00000010621	A
rna-XM_056779320.1	A	BRAKERILHT00000012072	A
rna-XM_056779319.1	A	BRAKERILHT00000013187	A
rna-XM_056779321.1	A	BRAKERILHT00000013133	A
rna-XM_056779324.1	A	BRAKERILHT00000013230	A
rna-XM_056779941.1	A	BRAKERILHT00000009960	A
rna-XM_056779001.1	A	BRAKERILHT00000004087	A
rna-XM_056779358.1	A	BRAKERILHT00000005136	A
rna-XM_056779328.1	A	BRAKERILHT00000014321	A
rna-XM_056779744.1	A	BRAKERILHT00000005879	A
rna-XM_056779745.1	A	BRAKERILHT00000005789	A
rna-XM_056779746.1	A	BRAKERILHT00000006106	A
rna-XM_056779747.1	A	BRAKERILHT00000013211	A
rna-XM_056778839.1	A	BRAKERILHT00000014660	A
rna-XM_056779557.1	A	BRAKERILHT00000000142	A
rna-XM_056778600.1	A	BRAKERILHT00000012327	A
rna-XM_056778602.1	A	BRAKERILHT00000014536	A
rna-XM_056779531.1	A	BRAKERILHT00000015693	A
rna-XM_056779329.1	A	BRAKERILHT00000016767	A
rna-XM_056779366.1	A	BRAKERILHT00000009721	A
rna-XM_056779368.1	A	BRAKERILHT00000005501	A
rna-XM_056779928.1	A	BRAKERILHT00000007873	A
rna-XM_056779348.1	A	BRAKERILHT00000014234	A
rna-XM_056779347.1	A	BRAKERILHT00000009550	A
rna-XM_056779352.1	A	BRAKERILHT00000010950	A
rna-XM_056779946.1	A	BRAKERILHT00000000586	A
rna-XM_056779317.1	A	BRAKERILHT00000011169	A
rna-XM_056779546.1	A	BRAKERILHT00000008154	A
rna-XM_056778684.1	A	BRAKERILHT00000006004	A
rna-XM_056778686.1	A	BRAKERILHT00000006331	A
rna-XM_056779340.1	A	BRAKERILHT00000005606	A
rna-XM_056779719.1	A	BRAKERILHT00000000582	A
rna-XM_056779718.1	A	BRAKERILHT00000000088	A
rna-XM_056779712.1	A	BRAKERILHT00000000357	A
rna-XM_056778513.1	A	BRAKERILHT00000000936	A
rna-XM_056778515.1	A	BRAKERILHT00000001274	A
rna-XM_056779040.1	A	BRAKERILHT00000001570	A
rna-XM_056779028.1	A	BRAKERILHT00000000814	A
rna-XM_056778579.1	A	BRAKERILHT00000000589	A
rna-XM_056779234.1	A	BRAKERILHT00000000439	A
rna-XM_056779951.1	A	BRAKERILHT00000006938	A
rna-XM_056779955.1	A	BRAKERILHT00000015292	A
rna-XM_056779292.1	A	BRAKERILHT00000000955	A
rna-XM_056778697.1	A	BRAKERILHT00000000299	A
rna-XM_056779186.1	A	BRAKERILHT00000001546	A
rna-XM_056779957.1	A	BRAKERILHT00000000489	A
rna-XM_056779958.1	A	BRAKERILHT00000001686	A
rna-XM_056779959.1	A	BRAKERILHT00000001982	A
rna-XM_056779960.1	A	BRAKERILHT00000000693	A
rna-XM_056779961.1	A	BRAKERILHT00000000840	A
rna-XM_056779962.1	A	BRAKERILHT00000000790	A
rna-XM_056779963.1	A	BRAKERILHT00000000661	A
rna-XM_056779966.1	A	BRAKERILHT00000000862	A
rna-XM_056779967.1	A	BRAKERILHT00000002130	A
rna-XM_056779968.1	A	BRAKERILHT00000001612	A
rna-XM_056779970.1	A	BRAKERILHT00000001749	A
rna-XM_056779971.1	A	BRAKERILHT00000001827	A
rna-XM_056779972.1	A	BRAKERILHT00000000101	A
rna-XM_056779158.1	A	BRAKERILHT00000000602	A
rna-XM_056779973.1	A	BRAKERILHT00000001195	A
rna-XM_056779215.1	A	BRAKERILHT00000000289	A
rna-XM_056779201.1	A	BRAKERILHT00000000643	A
rna-XM_056778859.1	A	BRAKERILHT00000001766	A
rna-XM_056779069.1	A	BRAKERILHT00000004961	A
rna-XM_056779976.1	A	BRAKERILHT00000005260	A
rna-XM_056778565.1	A	BRAKERILHT00000006478	A
rna-XM_056778561.1	A	BRAKERILHT00000004935	A
rna-XM_056778567.1	A	BRAKERILHT00000005269	A
rna-XM_056778749.1	A	BRAKERILHT00000004608	A
rna-XM_056779980.1	A	BRAKERILHT00000005698	A
rna-XM_056778750.1	A	BRAKERILHT00000004633	A
rna-XM_056778751.1	A	BRAKERILHT00000005850	A
rna-XM_056778753.1	A	BRAKERILHT00000017295	X
rna-XM_056778754.1	A	BRAKERILHT00000011958	A
rna-XM_056778757.1	A	BRAKERILHT00000011500	A
rna-XM_056778764.1	A	BRAKERILHT00000009311	A
rna-XM_056778769.1	A	BRAKERILHT00000008790	A
rna-XM_056778770.1	A	BRAKERILHT00000005400	A
rna-XM_056778772.1	A	BRAKERILHT00000004868	A
rna-XM_056778771.1	A	BRAKERILHT00000006728	A
rna-XM_056778774.1	A	BRAKERILHT00000008846	A
rna-XM_056778778.1	A	BRAKERILHT00000009422	A
rna-XM_056778780.1	A	BRAKERILHT00000008027	A
rna-XM_056779987.1	A	BRAKERILHT00000001291	A
rna-XM_056779989.1	A	BRAKERILHT00000003937	A
rna-XM_056778818.1	A	BRAKERILHT00000006709	A
rna-XM_056779766.1	A	BRAKERILHT00000013655	A
rna-XM_056779767.1	A	BRAKERILHT00000013099	A
rna-XM_056779990.1	A	BRAKERILHT00000001788	A
rna-XM_056779163.1	A	BRAKERILHT00000016537	A
rna-XM_056779120.1	A	BRAKERILHT00000015785	A
rna-XM_056779991.1	A	BRAKERILHT00000001611	A
rna-XM_056778830.1	A	BRAKERILHT00000016391	A
rna-XM_056779809.1	A	BRAKERILHT00000015992	A
rna-XM_056779992.1	A	BRAKERILHT00000016966	A
rna-XM_056779993.1	A	BRAKERILHT00000011547	A
rna-XM_056779811.1	A	BRAKERILHT00000016060	A
rna-XM_056779813.1	A	BRAKERILHT00000016426	A
rna-XM_056779818.1	A	BRAKERILHT00000016352	A
rna-XM_056779816.1	A	BRAKERILHT00000016790	A
rna-XM_056779817.1	A	BRAKERILHT00000008932	A
rna-XM_056779819.1	A	BRAKERILHT00000016901	A
rna-XM_056779822.1	A	BRAKERILHT00000009566	A
rna-XM_056779827.1	A	BRAKERILHT00000003254	A
rna-XM_056779825.1	A	BRAKERILHT00000015894	A
rna-XM_056779828.1	A	BRAKERILHT00000000394	A
rna-XM_056779829.1	A	BRAKERILHT00000003878	A
rna-XM_056779832.1	A	BRAKERILHT00000008396	A
rna-XM_056779831.1	A	BRAKERILHT00000007033	A
rna-XM_056779833.1	A	BRAKERILHT00000013878	A
rna-XM_056779835.1	A	BRAKERILHT00000006729	A
rna-XM_056779836.1	A	BRAKERILHT00000001121	A
rna-XM_056779286.1	A	BRAKERILHT00000008747	A
rna-XM_056779164.1	A	BRAKERILHT00000008748	A
rna-XM_056778885.1	A	BRAKERILHT00000009779	A
rna-XM_056778808.1	A	BRAKERILHT00000016566	A
rna-XM_056779532.1	A	BRAKERILHT00000016065	A
rna-XM_056779994.1	A	BRAKERILHT00000008542	A
rna-XM_056779995.1	A	BRAKERILHT00000008522	A
rna-XM_056778919.1	A	BRAKERILHT00000009083	A
rna-XM_056779997.1	A	BRAKERILHT00000010205	A
rna-XM_056778782.1	A	BRAKERILHT00000016677	A
rna-XM_056778560.1	A	BRAKERILHT00000015918	A
rna-XM_056779224.1	A	BRAKERILHT00000006338	A
rna-XM_056779223.1	A	BRAKERILHT00000015737	A
rna-XM_056778640.1	A	BRAKERILHT00000015741	A
rna-XM_056779380.1	A	BRAKERILHT00000000476	A
rna-XM_056778729.1	A	BRAKERILHT00000002012	A
rna-XM_056779263.1	A	BRAKERILHT00000000723	A
rna-XM_056778822.1	A	BRAKERILHT00000000858	A
rna-XM_056778823.1	A	BRAKERILHT00000000981	A
rna-XM_056778483.1	A	BRAKERILHT00000001477	A
rna-XM_056778481.1	A	BRAKERILHT00000001584	A
rna-XM_056779709.1	A	BRAKERILHT00000001935	A
rna-XM_056779710.1	A	BRAKERILHT00000001060	A
rna-XM_056779142.1	A	BRAKERILHT00000001204	A
rna-XM_056779138.1	A	BRAKERILHT00000000682	A
rna-XM_056779140.1	A	BRAKERILHT00000000751	A
rna-XM_056779122.1	A	BRAKERILHT00000002020	A
rna-XM_056779586.1	A	BRAKERILHT00000002047	A
rna-XM_056779000.1	A	BRAKERILHT00000002927	A
rna-XM_056778936.1	A	BRAKERILHT00000002678	A
rna-XM_056778902.1	A	BRAKERILHT00000004235	A
rna-XM_056778884.1	A	BRAKERILHT00000003611	A
rna-XM_056779063.1	A	BRAKERILHT00000002623	A
rna-XM_056778638.1	A	BRAKERILHT00000015672	A
rna-XM_056778635.1	A	BRAKERILHT00000016932	A
rna-XM_056778633.1	A	BRAKERILHT00000016597	A
rna-XM_056778630.1	A	BRAKERILHT00000008144	A
rna-XM_056778621.1	A	BRAKERILHT00000008406	A
rna-XM_056778625.1	A	BRAKERILHT00000015811	A
rna-XM_056780000.1	A	BRAKERILHT00000003645	A
rna-XM_056778637.1	A	BRAKERILHT00000016965	A
rna-XM_056778626.1	A	BRAKERILHT00000007367	A
rna-XM_056778634.1	A	BRAKERILHT00000002133	A
rna-XM_056778636.1	A	BRAKERILHT00000002606	A
rna-XM_056779575.1	A	BRAKERILHT00000007224	A
rna-XM_056778797.1	A	BRAKERILHT00000000120	A
rna-XM_056778799.1	A	BRAKERILHT00000001849	A
rna-XM_056779402.1	A	BRAKERILHT00000006605	A
rna-XM_056779401.1	A	BRAKERILHT00000000100	A
rna-XM_056779403.1	A	BRAKERILHT00000011684	A
rna-XM_056779407.1	A	BRAKERILHT00000010409	A
rna-XM_056779405.1	A	BRAKERILHT00000009008	A
rna-XM_056779414.1	A	BRAKERILHT00000010122	A
rna-XM_056779413.1	A	BRAKERILHT00000008678	A
rna-XM_056779404.1	A	BRAKERILHT00000008896	A
rna-XM_056778816.1	A	BRAKERILHT00000009442	A
rna-XM_056778825.1	A	BRAKERILHT00000010381	A
rna-XM_056779281.1	A	BRAKERILHT00000010017	A
rna-XM_056779282.1	A	BRAKERILHT00000009373	A
rna-XM_056778940.1	A	BRAKERILHT00000009223	A
rna-XM_056779135.1	A	BRAKERILHT00000010723	A
rna-XM_056778698.1	A	BRAKERILHT00000001140	A
rna-XM_056779202.1	A	BRAKERILHT00000008621	A
rna-XM_056779178.1	A	BRAKERILHT00000009974	A
rna-XM_056780001.1	A	BRAKERILHT00000009269	A
rna-XM_056780002.1	A	BRAKERILHT00000009989	A
rna-XM_056780021.1	A	BRAKERILHT00000008756	A
rna-XM_056780019.1	A	BRAKERILHT00000010180	A
rna-XM_056780023.1	A	BRAKERILHT00000009584	A
rna-XM_056780020.1	A	BRAKERILHT00000009419	A
rna-XM_056779064.1	A	BRAKERILHT00000009686	A
rna-XM_056778801.1	A	BRAKERILHT00000005015	A
rna-XM_056778941.1	A	BRAKERILHT00000012209	A
rna-XM_056779481.1	A	BRAKERILHT00000000187	A
rna-XM_056780003.1	A	BRAKERILHT00000001602	A
rna-XM_056779249.1	A	BRAKERILHT00000001635	A
rna-XM_056779250.1	A	BRAKERILHT00000008173	A
rna-XM_056778858.1	A	BRAKERILHT00000002279	A
rna-XM_056779363.1	A	BRAKERILHT00000002121	A
rna-XM_056778552.1	A	BRAKERILHT00000000621	A
rna-XM_056778543.1	A	BRAKERILHT00000001084	A
rna-XM_056778534.1	A	BRAKERILHT00000009256	A
rna-XM_056778702.1	A	BRAKERILHT00000008638	A
rna-XM_056778704.1	A	BRAKERILHT00000001971	A
rna-XM_056779376.1	A	BRAKERILHT00000000346	A
rna-XM_056779306.1	A	BRAKERILHT00000000558	A
rna-XM_056779601.1	A	BRAKERILHT00000000164	A
rna-XM_056779605.1	A	BRAKERILHT00000008181	A
rna-XM_056779603.1	A	BRAKERILHT00000000588	A
rna-XM_056779604.1	A	BRAKERILHT00000008453	A
rna-XM_056779290.1	A	BRAKERILHT00000006945	A
rna-XM_056779289.1	A	BRAKERILHT00000007713	A
rna-XM_056779291.1	A	BRAKERILHT00000007122	A
rna-XM_056778933.1	A	BRAKERILHT00000000623	A
rna-XM_056780040.1	A	BRAKERILHT00000000071	A
rna-XM_056780036.1	A	BRAKERILHT00000001670	A
rna-XM_056780041.1	A	BRAKERILHT00000000106	A
rna-XM_056780042.1	A	BRAKERILHT00000001058	A
rna-XM_056778905.1	A	BRAKERILHT00000001529	A
rna-XM_056779308.1	A	BRAKERILHT00000002017	A
rna-XM_056779309.1	A	BRAKERILHT00000001167	A
rna-XM_056779310.1	A	BRAKERILHT00000007587	A
rna-XM_056779311.1	A	BRAKERILHT00000007822	A
rna-XM_056778674.1	A	BRAKERILHT00000006808	A
rna-XM_056778687.1	A	BRAKERILHT00000007833	A
rna-XM_056779015.1	A	BRAKERILHT00000001808	A
rna-XM_056778666.1	A	BRAKERILHT00000001016	A
rna-XM_056778665.1	A	BRAKERILHT00000002151	A
rna-XM_056779252.1	A	BRAKERILHT00000000958	A
rna-XM_056779341.1	A	BRAKERILHT00000013513	A
rna-XM_056779342.1	A	BRAKERILHT00000003192	A
rna-XM_056778509.1	A	BRAKERILHT00000010501	A
rna-XM_056778512.1	A	BRAKERILHT00000005586	A
rna-XM_056778958.1	A	BRAKERILHT00000002549	A
rna-XM_056780005.1	A	BRAKERILHT00000002787	A
rna-XM_056778466.1	A	BRAKERILHT00000003384	A
rna-XM_056778475.1	A	BRAKERILHT00000014882	A
rna-XM_056778469.1	A	BRAKERILHT00000016433	A
rna-XM_056778473.1	A	BRAKERILHT00000016927	A
rna-XM_056778474.1	A	BRAKERILHT00000003604	A
rna-XM_056780007.1	A	BRAKERILHT00000015908	A
rna-XM_056779847.1	A	BRAKERILHT00000005415	A
rna-XM_056779848.1	A	BRAKERILHT00000007451	A
rna-XM_056779849.1	A	BRAKERILHT00000016520	A
rna-XM_056779850.1	A	BRAKERILHT00000005515	A
rna-XM_056779851.1	A	BRAKERILHT00000005772	A
rna-XM_056779865.1	A	BRAKERILHT00000001831	A
rna-XM_056779867.1	A	BRAKERILHT00000007925	A
rna-XM_056779869.1	A	BRAKERILHT00000005522	A
rna-XM_056779868.1	A	BRAKERILHT00000005995	A
rna-XM_056779870.1	A	BRAKERILHT00000006395	A
rna-XM_056779871.1	A	BRAKERILHT00000009884	A
rna-XM_056780011.1	A	BRAKERILHT00000008087	A
rna-XM_056779877.1	A	BRAKERILHT00000009453	A
rna-XM_056779876.1	A	BRAKERILHT00000009030	A
rna-XM_056779874.1	A	BRAKERILHT00000015485	A
rna-XM_056779873.1	A	BRAKERILHT00000009326	A
rna-XM_056779872.1	A	BRAKERILHT00000008780	A
rna-XM_056778606.1	A	BRAKERILHT00000009384	A
rna-XM_056778611.1	A	BRAKERILHT00000004553	A
rna-XM_056778614.1	A	BRAKERILHT00000012369	A
rna-XM_056779074.1	A	BRAKERILHT00000006256	A
rna-XM_056778835.1	A	BRAKERILHT00000004839	A
rna-XM_056778599.1	A	BRAKERILHT00000007277	A
rna-XM_056778594.1	A	BRAKERILHT00000009970	A
rna-XM_056779486.1	A	BRAKERILHT00000015394	A
rna-XM_056778916.1	A	BRAKERILHT00000009709	A
rna-XM_056779424.1	A	BRAKERILHT00000005328	A
rna-XM_056779426.1	A	BRAKERILHT00000004834	A
rna-XM_056779344.1	A	BRAKERILHT00000005243	A
rna-XM_056779293.1	A	BRAKERILHT00000005512	A
rna-XM_056779294.1	A	BRAKERILHT00000005237	A
rna-XM_056779051.1	A	BRAKERILHT00000008714	A
rna-XM_056779057.1	A	BRAKERILHT00000008609	A
rna-XM_056780913.1	A	BRAKERILHT00000001881	A
rna-XM_056780585.1	A	BRAKERILHT00000002033	A
rna-XM_056781103.1	A	BRAKERILHT00000011789	A
rna-XM_056781084.1	A	BRAKERILHT00000010619	A
rna-XM_056781090.1	A	BRAKERILHT00000010634	A
rna-XM_056781085.1	A	BRAKERILHT00000012134	A
rna-XM_056780501.1	A	BRAKERILHT00000000028	A
rna-XM_056780586.1	A	BRAKERILHT00000001574	A
rna-XM_056780645.1	A	BRAKERILHT00000000307	A
rna-XM_056781249.1	A	BRAKERILHT00000000486	A
rna-XM_056781237.1	A	BRAKERILHT00000011359	A
rna-XM_056781246.1	A	BRAKERILHT00000016012	A
rna-XM_056781231.1	A	BRAKERILHT00000010784	A
rna-XM_056781230.1	A	BRAKERILHT00000012143	A
rna-XM_056781251.1	A	BRAKERILHT00000006341	A
rna-XM_056781254.1	A	BRAKERILHT00000005163	A
rna-XM_056781244.1	A	BRAKERILHT00000012572	A
rna-XM_056781223.1	A	BRAKERILHT00000010415	A
rna-XM_056781247.1	A	BRAKERILHT00000011498	A
rna-XM_056781253.1	A	BRAKERILHT00000011443	A
rna-XM_056781225.1	A	BRAKERILHT00000011132	A
rna-XM_056781226.1	A	BRAKERILHT00000010601	A
rna-XM_056781240.1	A	BRAKERILHT00000012200	A
rna-XM_056781257.1	A	BRAKERILHT00000010890	A
rna-XM_056780592.1	A	BRAKERILHT00000012759	A
rna-XM_056781258.1	A	BRAKERILHT00000013155	A
rna-XM_056781260.1	A	BRAKERILHT00000016488	A
rna-XM_056781261.1	A	BRAKERILHT00000004717	A
rna-XM_056781263.1	A	BRAKERILHT00000000938	A
rna-XM_056781265.1	A	BRAKERILHT00000001857	A
rna-XM_056781266.1	A	BRAKERILHT00000000151	A
rna-XM_056780593.1	A	BRAKERILHT00000000635	A
rna-XM_056780594.1	A	BRAKERILHT00000008463	A
rna-XM_056781269.1	A	BRAKERILHT00000010772	A
rna-XM_056781270.1	A	BRAKERILHT00000010453	A
rna-XM_056781272.1	A	BRAKERILHT00000010990	A
rna-XM_056781274.1	A	BRAKERILHT00000012635	A
rna-XM_056781276.1	A	BRAKERILHT00000010665	A
rna-XM_056781278.1	A	BRAKERILHT00000000758	A
rna-XM_056781280.1	A	BRAKERILHT00000000096	A
rna-XM_056781283.1	A	BRAKERILHT00000017413	X
rna-XM_056781281.1	A	BRAKERILHT00000011238	A
rna-XM_056780542.1	A	BRAKERILHT00000010474	A
rna-XM_056780735.1	A	BRAKERILHT00000012302	A
rna-XM_056780731.1	A	BRAKERILHT00000000449	A
rna-XM_056780952.1	A	BRAKERILHT00000001258	A
rna-XM_056781570.1	A	BRAKERILHT00000011201	A
rna-XM_056781938.1	A	BRAKERILHT00000011003	A
rna-XM_056780993.1	A	BRAKERILHT00000009154	A
rna-XM_056781313.1	A	BRAKERILHT00000011782	A
rna-XM_056781046.1	A	BRAKERILHT00000010585	A
rna-XM_056781049.1	A	BRAKERILHT00000010976	A
rna-XM_056780617.1	A	BRAKERILHT00000010712	A
rna-XM_056781051.1	A	BRAKERILHT00000008540	A
rna-XM_056780383.1	A	BRAKERILHT00000011342	A
rna-XM_056780394.1	A	BRAKERILHT00000011064	A
rna-XM_056780380.1	A	BRAKERILHT00000011659	A
rna-XM_056780385.1	A	BRAKERILHT00000011096	A
rna-XM_056780381.1	A	BRAKERILHT00000002093	A
rna-XM_056780386.1	A	BRAKERILHT00000001144	A
rna-XM_056780618.1	A	BRAKERILHT00000002203	A
rna-XM_056780622.1	A	BRAKERILHT00000007981	A
rna-XM_056780395.1	A	BRAKERILHT00000000654	A
rna-XM_056780398.1	A	BRAKERILHT00000007493	A
rna-XM_056780689.1	A	BRAKERILHT00000008262	A
rna-XM_056780691.1	A	BRAKERILHT00000008972	A
rna-XM_056780567.1	A	BRAKERILHT00000009505	A
rna-XM_056780278.1	A	BRAKERILHT00000009471	A
rna-XM_056780279.1	A	BRAKERILHT00000008948	A
rna-XM_056780282.1	A	BRAKERILHT00000010155	A
rna-XM_056781298.1	A	BRAKERILHT00000008533	A
rna-XM_056781304.1	A	BRAKERILHT00000010174	A
rna-XM_056781306.1	A	BRAKERILHT00000013085	A
rna-XM_056781312.1	A	BRAKERILHT00000012718	A
rna-XM_056780916.1	A	BRAKERILHT00000000631	A
rna-XM_056782189.1	A	BRAKERILHT00000000514	A
rna-XM_056781343.1	A	BRAKERILHT00000000367	A
rna-XM_056782043.1	A	BRAKERILHT00000001789	A
rna-XM_056782037.1	A	BRAKERILHT00000000561	A
rna-XM_056781639.1	A	BRAKERILHT00000001617	A
rna-XM_056781637.1	A	BRAKERILHT00000000222	A
rna-XM_056781641.1	A	BRAKERILHT00000016108	A
rna-XM_056781647.1	A	BRAKERILHT00000000884	A
rna-XM_056780865.1	A	BRAKERILHT00000007013	A
rna-XM_056782138.1	A	BRAKERILHT00000010408	A
rna-XM_056780623.1	A	BRAKERILHT00000007250	A
rna-XM_056782140.1	A	BRAKERILHT00000003439	A
rna-XM_056780624.1	A	BRAKERILHT00000006851	A
rna-XM_056782144.1	A	BRAKERILHT00000010645	A
rna-XM_056782146.1	A	BRAKERILHT00000002955	A
rna-XM_056782148.1	A	BRAKERILHT00000014651	A
rna-XM_056780625.1	A	BRAKERILHT00000015011	A
rna-XM_056782150.1	A	BRAKERILHT00000015827	A
rna-XM_056780627.1	A	BRAKERILHT00000000011	A
rna-XM_056782159.1	A	BRAKERILHT00000014314	A
rna-XM_056780557.1	A	BRAKERILHT00000012058	A
rna-XM_056780830.1	A	BRAKERILHT00000011011	A
rna-XM_056780581.1	A	BRAKERILHT00000010999	A
rna-XM_056781786.1	A	BRAKERILHT00000005587	A
rna-XM_056781785.1	A	BRAKERILHT00000004820	A
rna-XM_056781787.1	A	BRAKERILHT00000011535	A
rna-XM_056781788.1	A	BRAKERILHT00000010739	A
rna-XM_056780736.1	A	BRAKERILHT00000010840	A
rna-XM_056780926.1	A	BRAKERILHT00000011536	A
rna-XM_056780925.1	A	BRAKERILHT00000011773	A
rna-XM_056781886.1	A	BRAKERILHT00000011887	A
rna-XM_056781889.1	A	BRAKERILHT00000012309	A
rna-XM_056781102.1	A	BRAKERILHT00000012240	A
rna-XM_056781099.1	A	BRAKERILHT00000002703	A
rna-XM_056780979.1	A	BRAKERILHT00000010838	A
rna-XM_056780980.1	A	BRAKERILHT00000010721	A
rna-XM_056780856.1	A	BRAKERILHT00000010606	A
rna-XM_056781094.1	A	BRAKERILHT00000007722	A
rna-XM_056782194.1	A	BRAKERILHT00000001853	A
rna-XM_056780665.1	A	BRAKERILHT00000000509	A
rna-XM_056780846.1	A	BRAKERILHT00000001718	A
rna-XM_056780843.1	A	BRAKERILHT00000010874	A
rna-XM_056780637.1	A	BRAKERILHT00000014397	A
rna-XM_056782015.1	A	BRAKERILHT00000014907	A
rna-XM_056782011.1	A	BRAKERILHT00000006182	A
rna-XM_056781359.1	A	BRAKERILHT00000006517	A
rna-XM_056780568.1	A	BRAKERILHT00000015145	A
rna-XM_056781045.1	A	BRAKERILHT00000014251	A
rna-XM_056780641.1	A	BRAKERILHT00000015207	A
rna-XM_056780644.1	A	BRAKERILHT00000007807	A
rna-XM_056781004.1	A	BRAKERILHT00000014978	A
rna-XM_056782008.1	A	BRAKERILHT00000012919	A
rna-XM_056782003.1	A	BRAKERILHT00000006817	A
rna-XM_056781946.1	A	BRAKERILHT00000008268	A
rna-XM_056781948.1	A	BRAKERILHT00000007289	A
rna-XM_056781360.1	A	BRAKERILHT00000007265	A
rna-XM_056780646.1	A	BRAKERILHT00000001360	A
rna-XM_056781895.1	A	BRAKERILHT00000001559	A
rna-XM_056781898.1	A	BRAKERILHT00000001618	A
rna-XM_056781896.1	A	BRAKERILHT00000001001	A
rna-XM_056780541.1	A	BRAKERILHT00000014199	A
rna-XM_056781934.1	A	BRAKERILHT00000015181	A
rna-XM_056780659.1	A	BRAKERILHT00000001550	A
rna-XM_056781935.1	A	BRAKERILHT00000003696	A
rna-XM_056780664.1	A	BRAKERILHT00000009793	A
rna-XM_056780863.1	A	BRAKERILHT00000009480	A
rna-XM_056781040.1	A	BRAKERILHT00000002915	A
rna-XM_056780786.1	A	BRAKERILHT00000003053	A
rna-XM_056780363.1	A	BRAKERILHT00000002299	A
rna-XM_056780866.1	A	BRAKERILHT00000003894	A
rna-XM_056780867.1	A	BRAKERILHT00000013544	A
rna-XM_056781389.1	A	BRAKERILHT00000013283	A
rna-XM_056780234.1	A	BRAKERILHT00000010455	A
rna-XM_056780235.1	A	BRAKERILHT00000003467	A
rna-XM_056780238.1	A	BRAKERILHT00000005571	A
rna-XM_056780241.1	A	BRAKERILHT00000009969	A
rna-XM_056780677.1	A	BRAKERILHT00000010576	A
rna-XM_056781194.1	A	BRAKERILHT00000005159	A
rna-XM_056780377.1	A	BRAKERILHT00000004944	A
rna-XM_056780474.1	A	BRAKERILHT00000000417	A
rna-XM_056780475.1	A	BRAKERILHT00000001488	A
rna-XM_056780480.1	A	BRAKERILHT00000005144	A
rna-XM_056780477.1	A	BRAKERILHT00000001179	A
rna-XM_056780479.1	A	BRAKERILHT00000002154	A
rna-XM_056780483.1	A	BRAKERILHT00000012119	A
rna-XM_056780482.1	A	BRAKERILHT00000000241	A
rna-XM_056780486.1	A	BRAKERILHT00000000954	A
rna-XM_056780491.1	A	BRAKERILHT00000011062	A
rna-XM_056781358.1	A	BRAKERILHT00000015300	A
rna-XM_056780875.1	A	BRAKERILHT00000015120	A
rna-XM_056780626.1	A	BRAKERILHT00000014571	A
rna-XM_056780457.1	A	BRAKERILHT00000008114	A
rna-XM_056780458.1	A	BRAKERILHT00000006877	A
rna-XM_056781170.1	A	BRAKERILHT00000008086	A
rna-XM_056781536.1	A	BRAKERILHT00000007528	A
rna-XM_056781151.1	A	BRAKERILHT00000014918	A
rna-XM_056781148.1	A	BRAKERILHT00000015367	A
rna-XM_056780099.1	A	BRAKERILHT00000011376	A
rna-XM_056780097.1	A	BRAKERILHT00000011939	A
rna-XM_056780101.1	A	BRAKERILHT00000011879	A
rna-XM_056780117.1	A	BRAKERILHT00000008982	A
rna-XM_056780105.1	A	BRAKERILHT00000011481	A
rna-XM_056780122.1	A	BRAKERILHT00000003430	A
rna-XM_056780123.1	A	BRAKERILHT00000012185	A
rna-XM_056780118.1	A	BRAKERILHT00000002417	A
rna-XM_056780120.1	A	BRAKERILHT00000013742	A
rna-XM_056780124.1	A	BRAKERILHT00000000949	A
rna-XM_056780126.1	A	BRAKERILHT00000006763	A
rna-XM_056780127.1	A	BRAKERILHT00000007421	A
rna-XM_056780125.1	A	BRAKERILHT00000001234	A
rna-XM_056780134.1	A	BRAKERILHT00000015095	A
rna-XM_056780136.1	A	BRAKERILHT00000014325	A
rna-XM_056780137.1	A	BRAKERILHT00000014749	A
rna-XM_056780686.1	A	BRAKERILHT00000015534	A
rna-XM_056780692.1	A	BRAKERILHT00000014134	A
rna-XM_056780140.1	A	BRAKERILHT00000014914	A
rna-XM_056780142.1	A	BRAKERILHT00000015216	A
rna-XM_056780143.1	A	BRAKERILHT00000014055	A
rna-XM_056780144.1	A	BRAKERILHT00000014902	A
rna-XM_056780697.1	A	BRAKERILHT00000007923	A
rna-XM_056781585.1	A	BRAKERILHT00000014243	A
rna-XM_056780638.1	A	BRAKERILHT00000015169	A
rna-XM_056781356.1	A	BRAKERILHT00000001569	A
rna-XM_056781892.1	A	BRAKERILHT00000014760	A
rna-XM_056781890.1	A	BRAKERILHT00000006614	A
rna-XM_056781893.1	A	BRAKERILHT00000007062	A
rna-XM_056780714.1	A	BRAKERILHT00000008228	A
rna-XM_056780716.1	A	BRAKERILHT00000007989	A
rna-XM_056780718.1	A	BRAKERILHT00000007749	A
rna-XM_056780715.1	A	BRAKERILHT00000007338	A
rna-XM_056780864.1	A	BRAKERILHT00000001693	A
rna-XM_056781030.1	A	BRAKERILHT00000002159	A
rna-XM_056781542.1	A	BRAKERILHT00000006156	A
rna-XM_056780962.1	A	BRAKERILHT00000013463	A
rna-XM_056780965.1	A	BRAKERILHT00000013706	A
rna-XM_056780964.1	A	BRAKERILHT00000013607	A
rna-XM_056781944.1	A	BRAKERILHT00000015134	A
rna-XM_056781594.1	A	BRAKERILHT00000014613	A
rna-XM_056781592.1	A	BRAKERILHT00000015492	A
rna-XM_056781797.1	A	BRAKERILHT00000007066	A
rna-XM_056781152.1	A	BRAKERILHT00000010518	A
rna-XM_056781156.1	A	BRAKERILHT00000010653	A
rna-XM_056780529.1	A	BRAKERILHT00000012892	A
rna-XM_056781399.1	A	BRAKERILHT00000008452	A
rna-XM_056780738.1	A	BRAKERILHT00000014013	A
rna-XM_056781116.1	A	BRAKERILHT00000009111	A
rna-XM_056781119.1	A	BRAKERILHT00000010000	A
rna-XM_056780719.1	A	BRAKERILHT00000007460	A
rna-XM_056781126.1	A	BRAKERILHT00000003791	A
rna-XM_056781128.1	A	BRAKERILHT00000003304	A
rna-XM_056780655.1	A	BRAKERILHT00000012854	A
rna-XM_056780654.1	A	BRAKERILHT00000008987	A
rna-XM_056780724.1	A	BRAKERILHT00000009966	A
rna-XM_056780794.1	A	BRAKERILHT00000009617	A
rna-XM_056781588.1	A	BRAKERILHT00000008894	A
rna-XM_056780513.1	A	BRAKERILHT00000009257	A
rna-XM_056781548.1	A	BRAKERILHT00000009829	A
rna-XM_056782010.1	A	BRAKERILHT00000008559	A
rna-XM_056780814.1	A	BRAKERILHT00000004355	A
rna-XM_056780994.1	A	BRAKERILHT00000000878	A
rna-XM_056780666.1	A	BRAKERILHT00000006849	A
rna-XM_056780740.1	A	BRAKERILHT00000000995	A
rna-XM_056781525.1	A	BRAKERILHT00000007400	A
rna-XM_056781528.1	A	BRAKERILHT00000009556	A
rna-XM_056781530.1	A	BRAKERILHT00000009452	A
rna-XM_056781531.1	A	BRAKERILHT00000008490	A
rna-XM_056781533.1	A	BRAKERILHT00000008916	A
rna-XM_056781633.1	A	BRAKERILHT00000003207	A
rna-XM_056781632.1	A	BRAKERILHT00000009169	A
rna-XM_056781631.1	A	BRAKERILHT00000007843	A
rna-XM_056781636.1	A	BRAKERILHT00000000716	A
rna-XM_056780721.1	A	BRAKERILHT00000001139	A
rna-XM_056782232.1	A	BRAKERILHT00000001649	A
rna-XM_056782231.1	A	BRAKERILHT00000001159	A
rna-XM_056782230.1	A	BRAKERILHT00000001604	A
rna-XM_056780910.1	A	BRAKERILHT00000002065	A
rna-XM_056780078.1	A	BRAKERILHT00000007025	A
rna-XM_056780084.1	A	BRAKERILHT00000010726	A
rna-XM_056780081.1	A	BRAKERILHT00000000733	A
rna-XM_056780076.1	A	BRAKERILHT00000007018	A
rna-XM_056780351.1	A	BRAKERILHT00000000612	A
rna-XM_056782069.1	A	BRAKERILHT00000002101	A
rna-XM_056782078.1	A	BRAKERILHT00000001502	A
rna-XM_056782079.1	A	BRAKERILHT00000001283	A
rna-XM_056782080.1	A	BRAKERILHT00000001227	A
rna-XM_056781961.1	A	BRAKERILHT00000000343	A
rna-XM_056780249.1	A	BRAKERILHT00000009894	A
rna-XM_056780246.1	A	BRAKERILHT00000005226	A
rna-XM_056780250.1	A	BRAKERILHT00000009199	A
rna-XM_056780675.1	A	BRAKERILHT00000004802	A
rna-XM_056781006.1	A	BRAKERILHT00000010258	A
rna-XM_056780749.1	A	BRAKERILHT00000009377	A
rna-XM_056780408.1	A	BRAKERILHT00000009056	A
rna-XM_056780409.1	A	BRAKERILHT00000014818	A
rna-XM_056780405.1	A	BRAKERILHT00000014139	A
rna-XM_056780751.1	A	BRAKERILHT00000002064	A
rna-XM_056780428.1	A	BRAKERILHT00000015093	A
rna-XM_056781404.1	A	BRAKERILHT00000006716	A
rna-XM_056781405.1	A	BRAKERILHT00000007761	A
rna-XM_056781406.1	A	BRAKERILHT00000006518	A
rna-XM_056781410.1	A	BRAKERILHT00000007951	A
rna-XM_056781417.1	A	BRAKERILHT00000006802	A
rna-XM_056781423.1	A	BRAKERILHT00000006092	A
rna-XM_056781424.1	A	BRAKERILHT00000006127	A
rna-XM_056781427.1	A	BRAKERILHT00000004539	A
rna-XM_056781428.1	A	BRAKERILHT00000005465	A
rna-XM_056781429.1	A	BRAKERILHT00000004962	A
rna-XM_056781431.1	A	BRAKERILHT00000002056	A
rna-XM_056781436.1	A	BRAKERILHT00000005030	A
rna-XM_056781438.1	A	BRAKERILHT00000005233	A
rna-XM_056781441.1	A	BRAKERILHT00000004495	A
rna-XM_056781449.1	A	BRAKERILHT00000006083	A
rna-XM_056781480.1	A	BRAKERILHT00000005178	A
rna-XM_056781483.1	A	BRAKERILHT00000000379	A
rna-XM_056781484.1	A	BRAKERILHT00000011093	A
rna-XM_056780765.1	A	BRAKERILHT00000017939	X
rna-XM_056781487.1	A	BRAKERILHT00000016604	A
rna-XM_056781488.1	A	BRAKERILHT00000015967	A
rna-XM_056781297.1	A	BRAKERILHT00000015841	A
rna-XM_056780370.1	A	BRAKERILHT00000016983	A
rna-XM_056780367.1	A	BRAKERILHT00000016899	A
rna-XM_056781390.1	A	BRAKERILHT00000015705	A
rna-XM_056780747.1	A	BRAKERILHT00000015809	A
rna-XM_056780772.1	A	BRAKERILHT00000011406	A
rna-XM_056780543.1	A	BRAKERILHT00000016759	A
rna-XM_056780546.1	A	BRAKERILHT00000015675	A
rna-XM_056780558.1	A	BRAKERILHT00000015818	A
rna-XM_056780774.1	A	BRAKERILHT00000009386	A
rna-XM_056780323.1	A	BRAKERILHT00000008687	A
rna-XM_056780322.1	A	BRAKERILHT00000016729	A
rna-XM_056780438.1	A	BRAKERILHT00000005810	A
rna-XM_056781970.1	A	BRAKERILHT00000016142	A
rna-XM_056781972.1	A	BRAKERILHT00000015715	A
rna-XM_056781981.1	A	BRAKERILHT00000016816	A
rna-XM_056781979.1	A	BRAKERILHT00000015733	A
rna-XM_056781971.1	A	BRAKERILHT00000014034	A
rna-XM_056780781.1	A	BRAKERILHT00000014481	A
rna-XM_056781541.1	A	BRAKERILHT00000014419	A
rna-XM_056782209.1	A	BRAKERILHT00000001444	A
rna-XM_056780787.1	A	BRAKERILHT00000000485	A
rna-XM_056780796.1	A	BRAKERILHT00000000944	A
rna-XM_056780553.1	A	BRAKERILHT00000006084	A
rna-XM_056780555.1	A	BRAKERILHT00000000928	A
rna-XM_056780406.1	A	BRAKERILHT00000002996	A
rna-XM_056780549.1	A	BRAKERILHT00000009864	A
rna-XM_056780550.1	A	BRAKERILHT00000000737	A
rna-XM_056781862.1	A	BRAKERILHT00000009729	A
rna-XM_056781864.1	A	BRAKERILHT00000010193	A
rna-XM_056781865.1	A	BRAKERILHT00000010254	A
rna-XM_056781866.1	A	BRAKERILHT00000016031	A
rna-XM_056780251.1	A	BRAKERILHT00000014763	A
rna-XM_056780256.1	A	BRAKERILHT00000008746	A
rna-XM_056780858.1	A	BRAKERILHT00000010056	A
rna-XM_056780640.1	A	BRAKERILHT00000008811	A
rna-XM_056780218.1	A	BRAKERILHT00000008726	A
rna-XM_056780222.1	A	BRAKERILHT00000015267	A
rna-XM_056782087.1	A	BRAKERILHT00000012848	A
rna-XM_056780211.1	A	BRAKERILHT00000006589	A
rna-XM_056780212.1	A	BRAKERILHT00000007490	A
rna-XM_056780216.1	A	BRAKERILHT00000007889	A
rna-XM_056780213.1	A	BRAKERILHT00000001974	A
rna-XM_056780563.1	A	BRAKERILHT00000014897	A
rna-XM_056780564.1	A	BRAKERILHT00000016276	A
rna-XM_056781504.1	A	BRAKERILHT00000014286	A
rna-XM_056781502.1	A	BRAKERILHT00000014574	A
rna-XM_056780806.1	A	BRAKERILHT00000013402	A
rna-XM_056780813.1	A	BRAKERILHT00000014457	A
rna-XM_056780723.1	A	BRAKERILHT00000011574	A
rna-XM_056782054.1	A	BRAKERILHT00000016118	A
rna-XM_056782055.1	A	BRAKERILHT00000016781	A
rna-XM_056782052.1	A	BRAKERILHT00000016265	A
rna-XM_056782057.1	A	BRAKERILHT00000015649	A
rna-XM_056780269.1	A	BRAKERILHT00000004399	A
rna-XM_056780270.1	A	BRAKERILHT00000003262	A
rna-XM_056780268.1	A	BRAKERILHT00000014329	A
rna-XM_056780273.1	A	BRAKERILHT00000003345	A
rna-XM_056780271.1	A	BRAKERILHT00000002225	A
rna-XM_056780263.1	A	BRAKERILHT00000003900	A
rna-XM_056780265.1	A	BRAKERILHT00000003062	A
rna-XM_056780960.1	A	BRAKERILHT00000003450	A
rna-XM_056781160.1	A	BRAKERILHT00000004029	A
rna-XM_056781161.1	A	BRAKERILHT00000004139	A
rna-XM_056781114.1	A	BRAKERILHT00000016552	A
rna-XM_056781112.1	A	BRAKERILHT00000011781	A
rna-XM_056781115.1	A	BRAKERILHT00000007445	A
rna-XM_056780931.1	A	BRAKERILHT00000015463	A
rna-XM_056780929.1	A	BRAKERILHT00000011528	A
rna-XM_056780932.1	A	BRAKERILHT00000007105	A
rna-XM_056780831.1	A	BRAKERILHT00000010555	A
rna-XM_056780940.1	A	BRAKERILHT00000014166	A
rna-XM_056780941.1	A	BRAKERILHT00000015601	A
rna-XM_056782195.1	A	BRAKERILHT00000013443	A
rna-XM_056780880.1	A	BRAKERILHT00000013913	A
rna-XM_056781319.1	A	BRAKERILHT00000016670	A
rna-XM_056781322.1	A	BRAKERILHT00000014631	A
rna-XM_056780961.1	A	BRAKERILHT00000011223	A
rna-XM_056780832.1	A	BRAKERILHT00000013739	A
rna-XM_056781591.1	A	BRAKERILHT00000013499	A
rna-XM_056781014.1	A	BRAKERILHT00000010524	A
rna-XM_056780338.1	A	BRAKERILHT00000014351	A
rna-XM_056780186.1	A	BRAKERILHT00000002480	A
rna-XM_056780187.1	A	BRAKERILHT00000007223	A
rna-XM_056781626.1	A	BRAKERILHT00000005601	A
rna-XM_056780954.1	A	BRAKERILHT00000005099	A
rna-XM_056780779.1	A	BRAKERILHT00000003330	A
rna-XM_056780379.1	A	BRAKERILHT00000014629	A
rna-XM_056780834.1	A	BRAKERILHT00000008374	A
rna-XM_056780741.1	A	BRAKERILHT00000014609	A
rna-XM_056781365.1	A	BRAKERILHT00000001418	A
rna-XM_056780673.1	A	BRAKERILHT00000014371	A
rna-XM_056780073.1	A	BRAKERILHT00000007905	A
rna-XM_056781982.1	A	BRAKERILHT00000000986	A
rna-XM_056781984.1	A	BRAKERILHT00000016846	A
rna-XM_056780928.1	A	BRAKERILHT00000016043	A
rna-XM_056781589.1	A	BRAKERILHT00000015938	A
rna-XM_056780854.1	A	BRAKERILHT00000005533	A
rna-XM_056780871.1	A	BRAKERILHT00000016503	A
rna-XM_056780151.1	A	BRAKERILHT00000014895	A
rna-XM_056780148.1	A	BRAKERILHT00000014998	A
rna-XM_056781222.1	A	BRAKERILHT00000017896	X
rna-XM_056780767.1	A	BRAKERILHT00000016803	A
rna-XM_056781660.1	A	BRAKERILHT00000011910	A
rna-XM_056781654.1	A	BRAKERILHT00000006129	A
rna-XM_056781661.1	A	BRAKERILHT00000004763	A
rna-XM_056781562.1	A	BRAKERILHT00000012532	A
rna-XM_056780987.1	A	BRAKERILHT00000000772	A
rna-XM_056780287.1	A	BRAKERILHT00000013924	A
rna-XM_056780872.1	A	BRAKERILHT00000012809	A
rna-XM_056780306.1	A	BRAKERILHT00000013001	A
rna-XM_056780310.1	A	BRAKERILHT00000016819	A
rna-XM_056780312.1	A	BRAKERILHT00000011010	A
rna-XM_056781693.1	A	BRAKERILHT00000005205	A
rna-XM_056781664.1	A	BRAKERILHT00000017245	X
rna-XM_056781715.1	A	BRAKERILHT00000017068	X
rna-XM_056781717.1	A	BRAKERILHT00000010549	A
rna-XM_056780337.1	A	BRAKERILHT00000011634	A
rna-XM_056781078.1	A	BRAKERILHT00000014531	A
rna-XM_056781080.1	A	BRAKERILHT00000014969	A
rna-XM_056781733.1	A	BRAKERILHT00000001538	A
rna-XM_056780862.1	A	BRAKERILHT00000015262	A
rna-XM_056780582.1	A	BRAKERILHT00000013767	A
rna-XM_056781800.1	A	BRAKERILHT00000011881	A
rna-XM_056781808.1	A	BRAKERILHT00000001780	A
rna-XM_056781809.1	A	BRAKERILHT00000011556	A
rna-XM_056781811.1	A	BRAKERILHT00000014108	A
rna-XM_056781813.1	A	BRAKERILHT00000015135	A
rna-XM_056781816.1	A	BRAKERILHT00000010782	A
rna-XM_056781818.1	A	BRAKERILHT00000013081	A
rna-XM_056781815.1	A	BRAKERILHT00000011529	A
rna-XM_056781819.1	A	BRAKERILHT00000005052	A
rna-XM_056781821.1	A	BRAKERILHT00000014684	A
rna-XM_056781822.1	A	BRAKERILHT00000005487	A
rna-XM_056781826.1	A	BRAKERILHT00000012558	A
rna-XM_056781827.1	A	BRAKERILHT00000014074	A
rna-XM_056781832.1	A	BRAKERILHT00000014930	A
rna-XM_056781838.1	A	BRAKERILHT00000003934	A
rna-XM_056780685.1	A	BRAKERILHT00000016734	A
rna-XM_056781740.1	A	BRAKERILHT00000016895	A
rna-XM_056780744.1	A	BRAKERILHT00000015813	A
rna-XM_056781741.1	A	BRAKERILHT00000001366	A
rna-XM_056781168.1	A	BRAKERILHT00000000447	A
rna-XM_056781169.1	A	BRAKERILHT00000016392	A
rna-XM_056780561.1	A	BRAKERILHT00000005887	A
rna-XM_056780074.1	A	BRAKERILHT00000001331	A
rna-XM_056780075.1	A	BRAKERILHT00000001641	A
rna-XM_056780809.1	A	BRAKERILHT00000001675	A
rna-XM_056780587.1	A	BRAKERILHT00000008641	A
rna-XM_056781522.1	A	BRAKERILHT00000004871	A
rna-XM_056780512.1	A	BRAKERILHT00000010988	A
rna-XM_056782201.1	A	BRAKERILHT00000001909	A
rna-XM_056782207.1	A	BRAKERILHT00000014324	A
rna-XM_056782208.1	A	BRAKERILHT00000015335	A
rna-XM_056780569.1	A	BRAKERILHT00000001657	A
rna-XM_056781742.1	A	BRAKERILHT00000007914	A
rna-XM_056781342.1	A	BRAKERILHT00000008347	A
rna-XM_056782083.1	A	BRAKERILHT00000015847	A
rna-XM_056781325.1	A	BRAKERILHT00000015022	A
rna-XM_056780504.1	A	BRAKERILHT00000013508	A
rna-XM_056781316.1	A	BRAKERILHT00000008008	A
rna-XM_056780978.1	A	BRAKERILHT00000008233	A
rna-XM_056780826.1	A	BRAKERILHT00000006540	A
rna-XM_056781517.1	A	BRAKERILHT00000008431	A
rna-XM_056780096.1	A	BRAKERILHT00000007861	A
rna-XM_056780092.1	A	BRAKERILHT00000007052	A
rna-XM_056780583.1	A	BRAKERILHT00000015533	A
rna-XM_056780407.1	A	BRAKERILHT00000000017	A
rna-XM_056782221.1	A	BRAKERILHT00000000646	A
rna-XM_056782213.1	A	BRAKERILHT00000001211	A
rna-XM_056782222.1	A	BRAKERILHT00000002149	A
rna-XM_056780454.1	A	BRAKERILHT00000000082	A
rna-XM_056782128.1	A	BRAKERILHT00000015897	A
rna-XM_056781744.1	A	BRAKERILHT00000013071	A
rna-XM_056781016.1	A	BRAKERILHT00000013794	A
rna-XM_056781029.1	A	BRAKERILHT00000012726	A
rna-XM_056781745.1	A	BRAKERILHT00000013533	A
rna-XM_056781859.1	A	BRAKERILHT00000011050	A
rna-XM_056781561.1	A	BRAKERILHT00000010984	A
rna-XM_056780778.1	A	BRAKERILHT00000011705	A
rna-XM_056780777.1	A	BRAKERILHT00000010893	A
rna-XM_056780776.1	A	BRAKERILHT00000012123	A
rna-XM_056781033.1	A	BRAKERILHT00000010611	A
rna-XM_056781648.1	A	BRAKERILHT00000010801	A
rna-XM_056780997.1	A	BRAKERILHT00000010631	A
rna-XM_056780996.1	A	BRAKERILHT00000010920	A
rna-XM_056781035.1	A	BRAKERILHT00000011873	A
rna-XM_056781018.1	A	BRAKERILHT00000003625	A
rna-XM_056781019.1	A	BRAKERILHT00000013651	A
rna-XM_056781392.1	A	BRAKERILHT00000005800	A
rna-XM_056780678.1	A	BRAKERILHT00000005235	A
rna-XM_056780950.1	A	BRAKERILHT00000005675	A
rna-XM_056781749.1	A	BRAKERILHT00000005669	A
rna-XM_056780547.1	A	BRAKERILHT00000005219	A
rna-XM_056781107.1	A	BRAKERILHT00000005303	A
rna-XM_056781121.1	A	BRAKERILHT00000002738	A
rna-XM_056781122.1	A	BRAKERILHT00000015306	A
rna-XM_056781120.1	A	BRAKERILHT00000014873	A
rna-XM_056781666.1	A	BRAKERILHT00000014189	A
rna-XM_056780887.1	A	BRAKERILHT00000006148	A
rna-XM_056780886.1	A	BRAKERILHT00000010945	A
rna-XM_056780890.1	A	BRAKERILHT00000006232	A
rna-XM_056780889.1	A	BRAKERILHT00000016977	A
rna-XM_056780896.1	A	BRAKERILHT00000016086	A
rna-XM_056780899.1	A	BRAKERILHT00000016848	A
rna-XM_056780894.1	A	BRAKERILHT00000014077	A
rna-XM_056780893.1	A	BRAKERILHT00000015552	A
rna-XM_056781396.1	A	BRAKERILHT00000012402	A
rna-XM_056781381.1	A	BRAKERILHT00000014758	A
rna-XM_056781374.1	A	BRAKERILHT00000014312	A
rna-XM_056781382.1	A	BRAKERILHT00000014454	A
rna-XM_056780371.1	A	BRAKERILHT00000015068	A
rna-XM_056780372.1	A	BRAKERILHT00000015316	A
rna-XM_056780328.1	A	BRAKERILHT00000013675	A
rna-XM_056780326.1	A	BRAKERILHT00000013170	A
rna-XM_056780327.1	A	BRAKERILHT00000014916	A
rna-XM_056781779.1	A	BRAKERILHT00000016884	A
rna-XM_056781782.1	A	BRAKERILHT00000014235	A
rna-XM_056781783.1	A	BRAKERILHT00000014385	A
rna-XM_056781750.1	A	BRAKERILHT00000014730	A
rna-XM_056781348.1	A	BRAKERILHT00000013368	A
rna-XM_056781353.1	A	BRAKERILHT00000005979	A
rna-XM_056781058.1	A	BRAKERILHT00000010528	A
rna-XM_056781057.1	A	BRAKERILHT00000011957	A
rna-XM_056781059.1	A	BRAKERILHT00000012063	A
rna-XM_056781063.1	A	BRAKERILHT00000010810	A
rna-XM_056781066.1	A	BRAKERILHT00000011380	A
rna-XM_056781067.1	A	BRAKERILHT00000011206	A
rna-XM_056780923.1	A	BRAKERILHT00000010598	A
rna-XM_056780572.1	A	BRAKERILHT00000000827	A
rna-XM_056781552.1	A	BRAKERILHT00000012347	A
rna-XM_056781551.1	A	BRAKERILHT00000011759	A
rna-XM_056781553.1	A	BRAKERILHT00000010446	A
rna-XM_056781556.1	A	BRAKERILHT00000002013	A
rna-XM_056780340.1	A	BRAKERILHT00000010832	A
rna-XM_056780332.1	A	BRAKERILHT00000011261	A
rna-XM_056782197.1	A	BRAKERILHT00000001496	A
rna-XM_056781015.1	A	BRAKERILHT00000014277	A
rna-XM_056780437.1	A	BRAKERILHT00000011708	A
rna-XM_056780059.1	A	BRAKERILHT00000010973	A
rna-XM_056780061.1	A	BRAKERILHT00000011786	A
rna-XM_056780070.1	A	BRAKERILHT00000011369	A
rna-XM_056780366.1	A	BRAKERILHT00000010589	A
rna-XM_056780759.1	A	BRAKERILHT00000010748	A
rna-XM_056781752.1	A	BRAKERILHT00000010567	A
rna-XM_056780906.1	A	BRAKERILHT00000012093	A
rna-XM_056781993.1	A	BRAKERILHT00000011706	A
rna-XM_056781999.1	A	BRAKERILHT00000005117	A
rna-XM_056781574.1	A	BRAKERILHT00000011586	A
rna-XM_056781848.1	A	BRAKERILHT00000007190	A
rna-XM_056781843.1	A	BRAKERILHT00000003815	A
rna-XM_056781845.1	A	BRAKERILHT00000011245	A
rna-XM_056781844.1	A	BRAKERILHT00000012293	A
rna-XM_056781521.1	A	BRAKERILHT00000008232	A
rna-XM_056781987.1	A	BRAKERILHT00000014731	A
rna-XM_056781988.1	A	BRAKERILHT00000014645	A
rna-XM_056781990.1	A	BRAKERILHT00000015355	A
rna-XM_056781069.1	A	BRAKERILHT00000012937	A
rna-XM_056781071.1	A	BRAKERILHT00000008465	A
rna-XM_056781072.1	A	BRAKERILHT00000014632	A
rna-XM_056781070.1	A	BRAKERILHT00000015544	A
rna-XM_056781074.1	A	BRAKERILHT00000014659	A
rna-XM_056781753.1	A	BRAKERILHT00000012008	A
rna-XM_056782085.1	A	BRAKERILHT00000002642	A
rna-XM_056782259.1	A	BRAKERILHT00000005643	A
rna-XM_056782251.1	A	BRAKERILHT00000005069	A
rna-XM_056782249.1	A	BRAKERILHT00000004013	A
rna-XM_056780901.1	A	BRAKERILHT00000004044	A
rna-XM_056781582.1	A	BRAKERILHT00000001083	A
rna-XM_056780089.1	A	BRAKERILHT00000001066	A
rna-XM_056780090.1	A	BRAKERILHT00000008307	A
rna-XM_056780361.1	A	BRAKERILHT00000013235	A
rna-XM_056780885.1	A	BRAKERILHT00000013434	A
rna-XM_056781754.1	A	BRAKERILHT00000012975	A
rna-XM_056781756.1	A	BRAKERILHT00000015590	A
rna-XM_056780837.1	A	BRAKERILHT00000000223	A
rna-XM_056780838.1	A	BRAKERILHT00000006864	A
rna-XM_056780842.1	A	BRAKERILHT00000000536	A
rna-XM_056781623.1	A	BRAKERILHT00000003295	A
rna-XM_056781617.1	A	BRAKERILHT00000011787	A
rna-XM_056780905.1	A	BRAKERILHT00000013943	A
rna-XM_056780573.1	A	BRAKERILHT00000002926	A
rna-XM_056780360.1	A	BRAKERILHT00000002296	A
rna-XM_056781878.1	A	BRAKERILHT00000017052	X
rna-XM_056781885.1	A	BRAKERILHT00000015006	A
rna-XM_056781883.1	A	BRAKERILHT00000007341	A
rna-XM_056780876.1	A	BRAKERILHT00000013054	A
rna-XM_056780500.1	A	BRAKERILHT00000003876	A
rna-XM_056780584.1	A	BRAKERILHT00000003712	A
rna-XM_056781558.1	A	BRAKERILHT00000002440	A
rna-XM_056780769.1	A	BRAKERILHT00000012819	A
rna-XM_056780189.1	A	BRAKERILHT00000005075	A
rna-XM_056780193.1	A	BRAKERILHT00000005871	A
rna-XM_056780647.1	A	BRAKERILHT00000016278	A
rna-XM_056781577.1	A	BRAKERILHT00000016178	A
rna-XM_056781578.1	A	BRAKERILHT00000004479	A
rna-XM_056781295.1	A	BRAKERILHT00000008611	A
rna-XM_056780671.1	A	BRAKERILHT00000009892	A
rna-XM_056780879.1	A	BRAKERILHT00000016115	A
rna-XM_056782002.1	A	BRAKERILHT00000016502	A
rna-XM_056780245.1	A	BRAKERILHT00000016890	A
rna-XM_056781345.1	A	BRAKERILHT00000001257	A
rna-XM_056781758.1	A	BRAKERILHT00000001662	A
rna-XM_056781760.1	A	BRAKERILHT00000005469	A
rna-XM_056780789.1	A	BRAKERILHT00000014161	A
rna-XM_056780788.1	A	BRAKERILHT00000006587	A
rna-XM_056780790.1	A	BRAKERILHT00000004724	A
rna-XM_056782059.1	A	BRAKERILHT00000005867	A
rna-XM_056782063.1	A	BRAKERILHT00000011545	A
rna-XM_056782120.1	A	BRAKERILHT00000011092	A
rna-XM_056782121.1	A	BRAKERILHT00000007970	A
rna-XM_056782127.1	A	BRAKERILHT00000007313	A
rna-XM_056780805.1	A	BRAKERILHT00000000341	A
rna-XM_056780532.1	A	BRAKERILHT00000002399	A
rna-XM_056780536.1	A	BRAKERILHT00000012187	A
rna-XM_056780537.1	A	BRAKERILHT00000009057	A
rna-XM_056780538.1	A	BRAKERILHT00000004894	A
rna-XM_056780750.1	A	BRAKERILHT00000015994	A
rna-XM_056780902.1	A	BRAKERILHT00000010452	A
rna-XM_056781324.1	A	BRAKERILHT00000007096	A
rna-XM_056780729.1	A	BRAKERILHT00000010431	A
rna-XM_056782019.1	A	BRAKERILHT00000006306	A
rna-XM_056782027.1	A	BRAKERILHT00000001914	A
rna-XM_056782030.1	A	BRAKERILHT00000008120	A
rna-XM_056782031.1	A	BRAKERILHT00000001628	A
rna-XM_056782034.1	A	BRAKERILHT00000011329	A
rna-XM_056781491.1	A	BRAKERILHT00000003219	A
rna-XM_056781899.1	A	BRAKERILHT00000004155	A
rna-XM_056781900.1	A	BRAKERILHT00000002743	A
rna-XM_056781902.1	A	BRAKERILHT00000003833	A
rna-XM_056781903.1	A	BRAKERILHT00000004344	A
rna-XM_056781904.1	A	BRAKERILHT00000013523	A
rna-XM_056781905.1	A	BRAKERILHT00000002951	A
rna-XM_056781907.1	A	BRAKERILHT00000013213	A
rna-XM_056781910.1	A	BRAKERILHT00000012711	A
rna-XM_056781911.1	A	BRAKERILHT00000000812	A
rna-XM_056781912.1	A	BRAKERILHT00000011306	A
rna-XM_056781913.1	A	BRAKERILHT00000008322	A
rna-XM_056781915.1	A	BRAKERILHT00000006444	A
rna-XM_056781918.1	A	BRAKERILHT00000005169	A
rna-XM_056781919.1	A	BRAKERILHT00000006025	A
rna-XM_056781921.1	A	BRAKERILHT00000004753	A
rna-XM_056781922.1	A	BRAKERILHT00000005295	A
rna-XM_056781928.1	A	BRAKERILHT00000015606	A
rna-XM_056781927.1	A	BRAKERILHT00000001213	A
rna-XM_056781929.1	A	BRAKERILHT00000009667	A
rna-XM_056781930.1	A	BRAKERILHT00000009158	A
rna-XM_056780782.1	A	BRAKERILHT00000014919	A
rna-XM_056780783.1	A	BRAKERILHT00000004292	A
rna-XM_056780785.1	A	BRAKERILHT00000007694	A
rna-XM_056780552.1	A	BRAKERILHT00000014360	A
rna-XM_056782130.1	A	BRAKERILHT00000000579	A
rna-XM_056782135.1	A	BRAKERILHT00000004879	A
rna-XM_056782136.1	A	BRAKERILHT00000014019	A
rna-XM_056780955.1	A	BRAKERILHT00000001351	A
rna-XM_056780771.1	A	BRAKERILHT00000003503	A
rna-XM_056781213.1	A	BRAKERILHT00000001041	A
rna-XM_056780828.1	A	BRAKERILHT00000000098	A
rna-XM_056782035.1	A	BRAKERILHT00000008152	A
rna-XM_056781547.1	A	BRAKERILHT00000007489	A
rna-XM_056780616.1	A	BRAKERILHT00000012129	A
rna-XM_056781652.1	A	BRAKERILHT00000011819	A
rna-XM_056781762.1	A	BRAKERILHT00000012604	A
rna-XM_056782182.1	A	BRAKERILHT00000005753	A
rna-XM_056782177.1	A	BRAKERILHT00000005816	A
rna-XM_056782176.1	A	BRAKERILHT00000015157	A
rna-XM_056782186.1	A	BRAKERILHT00000014100	A
rna-XM_056780086.1	A	BRAKERILHT00000000144	A
rna-XM_056780085.1	A	BRAKERILHT00000015685	A
rna-XM_056781003.1	A	BRAKERILHT00000008222	A
rna-XM_056781000.1	A	BRAKERILHT00000005972	A
rna-XM_056781001.1	A	BRAKERILHT00000004525	A
rna-XM_056781041.1	A	BRAKERILHT00000005440	A
rna-XM_056780801.1	A	BRAKERILHT00000007061	A
rna-XM_056780833.1	A	BRAKERILHT00000006701	A
rna-XM_056780283.1	A	BRAKERILHT00000007511	A
rna-XM_056781763.1	A	BRAKERILHT00000008010	A
rna-XM_056780816.1	A	BRAKERILHT00000007529	A
rna-XM_056780822.1	A	BRAKERILHT00000008116	A
rna-XM_056780823.1	A	BRAKERILHT00000008421	A
rna-XM_056780341.1	A	BRAKERILHT00000006982	A
rna-XM_056780847.1	A	BRAKERILHT00000008407	A
rna-XM_056781340.1	A	BRAKERILHT00000006376	A
rna-XM_056781079.1	A	BRAKERILHT00000007853	A
rna-XM_056781509.1	A	BRAKERILHT00000016271	A
rna-XM_056781338.1	A	BRAKERILHT00000008851	A
rna-XM_056781403.1	A	BRAKERILHT00000010321	A
rna-XM_056781402.1	A	BRAKERILHT00000009765	A
rna-XM_056780700.1	A	BRAKERILHT00000008588	A
rna-XM_056780595.1	A	BRAKERILHT00000012559	A
rna-XM_056781539.1	A	BRAKERILHT00000013282	A
rna-XM_056780969.1	A	BRAKERILHT00000013738	A
rna-XM_056781764.1	A	BRAKERILHT00000013934	A
rna-XM_056780761.1	A	BRAKERILHT00000013403	A
rna-XM_056780748.1	A	BRAKERILHT00000013647	A
rna-XM_056780615.1	A	BRAKERILHT00000013370	A
rna-XM_056780524.1	A	BRAKERILHT00000012410	A
rna-XM_056780528.1	A	BRAKERILHT00000013404	A
rna-XM_056780526.1	A	BRAKERILHT00000012772	A
rna-XM_056780450.1	A	BRAKERILHT00000004990	A
rna-XM_056780798.1	A	BRAKERILHT00000005148	A
rna-XM_056780196.1	A	BRAKERILHT00000003933	A
rna-XM_056781851.1	A	BRAKERILHT00000002986	A
rna-XM_056780378.1	A	BRAKERILHT00000003741	A
rna-XM_056781789.1	A	BRAKERILHT00000004267	A
rna-XM_056781795.1	A	BRAKERILHT00000002460	A
rna-XM_056781794.1	A	BRAKERILHT00000003749	A
rna-XM_056781686.1	A	BRAKERILHT00000004039	A
rna-XM_056781679.1	A	BRAKERILHT00000003697	A
rna-XM_056781680.1	A	BRAKERILHT00000004775	A
rna-XM_056781690.1	A	BRAKERILHT00000005716	A
rna-XM_056781765.1	A	BRAKERILHT00000004103	A
rna-XM_056781681.1	A	BRAKERILHT00000002723	A
rna-XM_056781668.1	A	BRAKERILHT00000003216	A
rna-XM_056781672.1	A	BRAKERILHT00000003726	A
rna-XM_056781687.1	A	BRAKERILHT00000017025	X
rna-XM_056781682.1	A	BRAKERILHT00000004370	A
rna-XM_056780679.1	A	BRAKERILHT00000003468	A
rna-XM_056781767.1	A	BRAKERILHT00000002719	A
rna-XM_056780988.1	A	BRAKERILHT00000003832	A
rna-XM_056780687.1	A	BRAKERILHT00000002790	A
rna-XM_056781584.1	A	BRAKERILHT00000004051	A
rna-XM_056781770.1	A	BRAKERILHT00000012356	A
rna-XM_056780853.1	A	BRAKERILHT00000003669	A
rna-XM_056780851.1	A	BRAKERILHT00000006368	A
rna-XM_056781136.1	A	BRAKERILHT00000002772	A
rna-XM_056781145.1	A	BRAKERILHT00000004393	A
rna-XM_056781139.1	A	BRAKERILHT00000004534	A
rna-XM_056781771.1	A	BRAKERILHT00000011722	A
rna-XM_056781138.1	A	BRAKERILHT00000003388	A
rna-XM_056781130.1	A	BRAKERILHT00000003159	A
rna-XM_056781144.1	A	BRAKERILHT00000003687	A
rna-XM_056781393.1	A	BRAKERILHT00000004383	A
rna-XM_056780682.1	A	BRAKERILHT00000005975	A
rna-XM_056780684.1	A	BRAKERILHT00000005815	A
rna-XM_056782164.1	A	BRAKERILHT00000003540	A
rna-XM_056782160.1	A	BRAKERILHT00000004360	A
rna-XM_056780565.1	A	BRAKERILHT00000003889	A
rna-XM_056781290.1	A	BRAKERILHT00000002599	A
rna-XM_056781286.1	A	BRAKERILHT00000004214	A
rna-XM_056781285.1	A	BRAKERILHT00000003850	A
rna-XM_056781214.1	A	BRAKERILHT00000006147	A
rna-XM_056781341.1	A	BRAKERILHT00000004849	A
rna-XM_056781950.1	A	BRAKERILHT00000003204	A
rna-XM_056781953.1	A	BRAKERILHT00000002695	A
rna-XM_056781952.1	A	BRAKERILHT00000004639	A
rna-XM_056782229.1	A	BRAKERILHT00000004069	A
rna-XM_056782224.1	A	BRAKERILHT00000003795	A
rna-XM_056780662.1	A	BRAKERILHT00000004320	A
rna-XM_056780766.1	A	BRAKERILHT00000003145	A
rna-XM_056781383.1	A	BRAKERILHT00000004014	A
rna-XM_056781327.1	A	BRAKERILHT00000003475	A
rna-XM_056781330.1	A	BRAKERILHT00000003170	A
rna-XM_056781329.1	A	BRAKERILHT00000004132	A
rna-XM_056781334.1	A	BRAKERILHT00000006381	A
rna-XM_056781336.1	A	BRAKERILHT00000004542	A
rna-XM_056780510.1	A	BRAKERILHT00000014926	A
rna-XM_056780511.1	A	BRAKERILHT00000015548	A
rna-XM_056780966.1	A	BRAKERILHT00000014784	A
rna-XM_056781569.1	A	BRAKERILHT00000015258	A
rna-XM_056781595.1	A	BRAKERILHT00000015209	A
rna-XM_056781596.1	A	BRAKERILHT00000015021	A
rna-XM_056781602.1	A	BRAKERILHT00000014441	A
rna-XM_056781773.1	A	BRAKERILHT00000001527	A
rna-XM_056781604.1	A	BRAKERILHT00000005543	A
rna-XM_056781609.1	A	BRAKERILHT00000003546	A
rna-XM_056781612.1	A	BRAKERILHT00000004037	A
rna-XM_056781774.1	A	BRAKERILHT00000007245	A
rna-XM_056781611.1	A	BRAKERILHT00000000224	A
rna-XM_056781610.1	A	BRAKERILHT00000000848	A
rna-XM_056781613.1	A	BRAKERILHT00000000825	A
rna-XM_056781581.1	A	BRAKERILHT00000012917	A
rna-XM_056781580.1	A	BRAKERILHT00000012642	A
rna-XM_056781775.1	A	BRAKERILHT00000012524	A
rna-XM_056780596.1	A	BRAKERILHT00000012763	A
rna-XM_056782067.1	A	BRAKERILHT00000012289	A
rna-XM_056780578.1	A	BRAKERILHT00000003691	A
rna-XM_056780336.1	A	BRAKERILHT00000008248	A
rna-XM_056782234.1	A	BRAKERILHT00000016707	A
rna-XM_056780836.1	A	BRAKERILHT00000016462	A
rna-XM_056780442.1	A	BRAKERILHT00000004089	A
rna-XM_056780446.1	A	BRAKERILHT00000005286	A
rna-XM_056781586.1	A	BRAKERILHT00000008201	A
rna-XM_056782174.1	A	BRAKERILHT00000012337	A
rna-XM_056782166.1	A	BRAKERILHT00000007182	A
rna-XM_056782173.1	A	BRAKERILHT00000004657	A
rna-XM_056782168.1	A	BRAKERILHT00000005126	A
rna-XM_056782172.1	A	BRAKERILHT00000004758	A
rna-XM_056780621.1	A	BRAKERILHT00000005054	A
rna-XM_056780620.1	A	BRAKERILHT00000005499	A
rna-XM_056781776.1	A	BRAKERILHT00000009168	A
rna-XM_056780720.1	A	BRAKERILHT00000009444	A
rna-XM_056780054.1	A	BRAKERILHT00000009755	A
rna-XM_056780056.1	A	BRAKERILHT00000014382	A
rna-XM_056780057.1	A	BRAKERILHT00000015591	A
rna-XM_056781397.1	A	BRAKERILHT00000000440	A
rna-XM_056781398.1	A	BRAKERILHT00000015096	A
rna-XM_056780348.1	A	BRAKERILHT00000000918	A
rna-XM_056780344.1	A	BRAKERILHT00000002140	A
rna-XM_056781777.1	A	BRAKERILHT00000000479	A
rna-XM_056780345.1	A	BRAKERILHT00000002814	A
rna-XM_056780342.1	A	BRAKERILHT00000000970	A
rna-XM_056780439.1	A	BRAKERILHT00000002646	A
rna-XM_056781005.1	A	BRAKERILHT00000002801	A
rna-XM_056780957.1	A	BRAKERILHT00000005296	A
rna-XM_056781490.1	A	BRAKERILHT00000002835	A
rna-XM_056781172.1	A	BRAKERILHT00000004867	A
rna-XM_056781182.1	A	BRAKERILHT00000003209	A
rna-XM_056781177.1	A	BRAKERILHT00000002213	A
rna-XM_056781188.1	A	BRAKERILHT00000003817	A
rna-XM_056781190.1	A	BRAKERILHT00000007866	A
rna-XM_056781189.1	A	BRAKERILHT00000010042	A
rna-XM_056781185.1	A	BRAKERILHT00000011537	A
rna-XM_056781186.1	A	BRAKERILHT00000011474	A
rna-XM_056781187.1	A	BRAKERILHT00000009605	A
rna-XM_056781193.1	A	BRAKERILHT00000010444	A
rna-XM_056781192.1	A	BRAKERILHT00000009619	A
rna-XM_056781367.1	A	BRAKERILHT00000006594	A
rna-XM_056781373.1	A	BRAKERILHT00000006655	A
rna-XM_056780373.1	A	BRAKERILHT00000007287	A
rna-XM_056780999.1	A	BRAKERILHT00000007423	A
rna-XM_056780982.1	A	BRAKERILHT00000003229	A
rna-XM_056780509.1	A	BRAKERILHT00000002490	A
rna-XM_056782245.1	A	BRAKERILHT00000002645	A
rna-XM_056782240.1	A	BRAKERILHT00000004433	A
rna-XM_056782246.1	A	BRAKERILHT00000002512	A
rna-XM_056782118.1	A	BRAKERILHT00000002766	A
rna-XM_056782115.1	A	BRAKERILHT00000004382	A
rna-XM_056780780.1	A	BRAKERILHT00000003400	A
rna-XM_056781123.1	A	BRAKERILHT00000008337	A
rna-XM_056780365.1	A	BRAKERILHT00000003415	A
rna-XM_056780602.1	A	BRAKERILHT00000012972	A
rna-XM_056780607.1	A	BRAKERILHT00000013672	A
rna-XM_056780726.1	A	BRAKERILHT00000002847	A
rna-XM_056781384.1	A	BRAKERILHT00000013811	A
rna-XM_056780415.1	A	BRAKERILHT00000012499	A
rna-XM_056780414.1	A	BRAKERILHT00000014587	A
rna-XM_056781778.1	A	BRAKERILHT00000016580	A
rna-XM_056780417.1	A	BRAKERILHT00000015206	A
rna-XM_056780802.1	A	BRAKERILHT00000002833	A
rna-XM_056780803.1	A	BRAKERILHT00000003009	A
rna-XM_056781076.1	A	BRAKERILHT00000003527	A
rna-XM_056781077.1	A	BRAKERILHT00000003500	A
rna-XM_056781203.1	A	BRAKERILHT00000003413	A
rna-XM_056781568.1	A	BRAKERILHT00000002935	A
rna-XM_056781567.1	A	BRAKERILHT00000002547	A
rna-XM_056780985.1	A	BRAKERILHT00000004430	A
rna-XM_056780178.1	A	BRAKERILHT00000003479	A
rna-XM_056780154.1	A	BRAKERILHT00000005410	A
rna-XM_056780152.1	A	BRAKERILHT00000014486	A
rna-XM_056780353.1	A	BRAKERILHT00000005277	A
rna-XM_056780358.1	A	BRAKERILHT00000005310	A
rna-XM_056780355.1	A	BRAKERILHT00000015998	A
rna-XM_056780230.1	A	BRAKERILHT00000014817	A
rna-XM_056780233.1	A	BRAKERILHT00000015603	A
rna-XM_056780447.1	A	BRAKERILHT00000016585	A
rna-XM_056780908.1	A	BRAKERILHT00000014841	A
rna-XM_056781026.1	A	BRAKERILHT00000014204	A
rna-XM_056781023.1	A	BRAKERILHT00000015569	A
rna-XM_056783155.1	A	BRAKERILHT00000016798	A
rna-XM_056783691.1	A	BRAKERILHT00000014039	A
rna-XM_056783694.1	A	BRAKERILHT00000004345	A
rna-XM_056783112.1	A	BRAKERILHT00000003286	A
rna-XM_056783110.1	A	BRAKERILHT00000002643	A
rna-XM_056783113.1	A	BRAKERILHT00000000156	A
rna-XM_056782747.1	A	BRAKERILHT00000014113	A
rna-XM_056782480.1	A	BRAKERILHT00000002934	A
rna-XM_056783475.1	A	BRAKERILHT00000016472	A
rna-XM_056783466.1	A	BRAKERILHT00000010159	A
rna-XM_056783481.1	A	BRAKERILHT00000014359	A
rna-XM_056783480.1	A	BRAKERILHT00000014694	A
rna-XM_056783314.1	A	BRAKERILHT00000015925	A
rna-XM_056783153.1	A	BRAKERILHT00000016185	A
rna-XM_056783797.1	A	BRAKERILHT00000009241	A
rna-XM_056783177.1	A	BRAKERILHT00000009612	A
rna-XM_056782371.1	A	BRAKERILHT00000008419	A
rna-XM_056782364.1	A	BRAKERILHT00000015172	A
rna-XM_056782366.1	A	BRAKERILHT00000012018	A
rna-XM_056782361.1	A	BRAKERILHT00000013552	A
rna-XM_056782354.1	A	BRAKERILHT00000013083	A
rna-XM_056782376.1	A	BRAKERILHT00000002733	A
rna-XM_056782351.1	A	BRAKERILHT00000014761	A
rna-XM_056782377.1	A	BRAKERILHT00000011765	A
rna-XM_056782357.1	A	BRAKERILHT00000002111	A
rna-XM_056782375.1	A	BRAKERILHT00000002569	A
rna-XM_056782355.1	A	BRAKERILHT00000003820	A
rna-XM_056782352.1	A	BRAKERILHT00000003800	A
rna-XM_056782365.1	A	BRAKERILHT00000003504	A
rna-XM_056782380.1	A	BRAKERILHT00000003943	A
rna-XM_056782382.1	A	BRAKERILHT00000003514	A
rna-XM_056782727.1	A	BRAKERILHT00000015419	A
rna-XM_056782729.1	A	BRAKERILHT00000015247	A
rna-XM_056783493.1	A	BRAKERILHT00000013426	A
rna-XM_056783494.1	A	BRAKERILHT00000014507	A
rna-XM_056782842.1	A	BRAKERILHT00000012738	A
rna-XM_056783265.1	A	BRAKERILHT00000014780	A
rna-XM_056783266.1	A	BRAKERILHT00000011892	A
rna-XM_056783267.1	A	BRAKERILHT00000005358	A
rna-XM_056783268.1	A	BRAKERILHT00000010806	A
rna-XM_056783271.1	A	BRAKERILHT00000012686	A
rna-XM_056783270.1	A	BRAKERILHT00000010684	A
rna-XM_056783272.1	A	BRAKERILHT00000014783	A
rna-XM_056783275.1	A	BRAKERILHT00000011044	A
rna-XM_056783274.1	A	BRAKERILHT00000000604	A
rna-XM_056783276.1	A	BRAKERILHT00000014986	A
rna-XM_056783278.1	A	BRAKERILHT00000014881	A
rna-XM_056783330.1	A	BRAKERILHT00000012161	A
rna-XM_056782751.1	A	BRAKERILHT00000014423	A
rna-XM_056782722.1	A	BRAKERILHT00000015501	A
rna-XM_056782723.1	A	BRAKERILHT00000011633	A
rna-XM_056782956.1	A	BRAKERILHT00000010683	A
rna-XM_056782992.1	A	BRAKERILHT00000014669	A
rna-XM_056782993.1	A	BRAKERILHT00000011885	A
rna-XM_056783315.1	A	BRAKERILHT00000007390	A
rna-XM_056782714.1	A	BRAKERILHT00000005902	A
rna-XM_056782711.1	A	BRAKERILHT00000010648	A
rna-XM_056783537.1	A	BRAKERILHT00000005251	A
rna-XM_056783531.1	A	BRAKERILHT00000005264	A
rna-XM_056783533.1	A	BRAKERILHT00000010962	A
rna-XM_056783536.1	A	BRAKERILHT00000011566	A
rna-XM_056783539.1	A	BRAKERILHT00000011710	A
rna-XM_056783540.1	A	BRAKERILHT00000005481	A
rna-XM_056783541.1	A	BRAKERILHT00000012138	A
rna-XM_056783628.1	A	BRAKERILHT00000014412	A
rna-XM_056783190.1	A	BRAKERILHT00000012131	A
rna-XM_056783317.1	A	BRAKERILHT00000001469	A
rna-XM_056783210.1	A	BRAKERILHT00000001161	A
rna-XM_056782790.1	A	BRAKERILHT00000000015	A
rna-XM_056782793.1	A	BRAKERILHT00000008464	A
rna-XM_056782798.1	A	BRAKERILHT00000010211	A
rna-XM_056782797.1	A	BRAKERILHT00000006375	A
rna-XM_056782676.1	A	BRAKERILHT00000005945	A
rna-XM_056782677.1	A	BRAKERILHT00000005470	A
rna-XM_056783321.1	A	BRAKERILHT00000005037	A
rna-XM_056782460.1	A	BRAKERILHT00000004836	A
rna-XM_056782839.1	A	BRAKERILHT00000005367	A
rna-XM_056783027.1	A	BRAKERILHT00000004616	A
rna-XM_056783029.1	A	BRAKERILHT00000004702	A
rna-XM_056782970.1	A	BRAKERILHT00000005240	A
rna-XM_056782974.1	A	BRAKERILHT00000005154	A
rna-XM_056782477.1	A	BRAKERILHT00000004798	A
rna-XM_056782476.1	A	BRAKERILHT00000005599	A
rna-XM_056782478.1	A	BRAKERILHT00000015638	A
rna-XM_056782766.1	A	BRAKERILHT00000013299	A
rna-XM_056782780.1	A	BRAKERILHT00000008220	A
rna-XM_056782775.1	A	BRAKERILHT00000003950	A
rna-XM_056782781.1	A	BRAKERILHT00000006407	A
rna-XM_056782783.1	A	BRAKERILHT00000005743	A
rna-XM_056782784.1	A	BRAKERILHT00000006301	A
rna-XM_056782773.1	A	BRAKERILHT00000004628	A
rna-XM_056782785.1	A	BRAKERILHT00000006026	A
rna-XM_056782786.1	A	BRAKERILHT00000001598	A
rna-XM_056783516.1	A	BRAKERILHT00000007645	A
rna-XM_056783518.1	A	BRAKERILHT00000006016	A
rna-XM_056783519.1	A	BRAKERILHT00000005333	A
rna-XM_056783523.1	A	BRAKERILHT00000016796	A
rna-XM_056783546.1	A	BRAKERILHT00000014830	A
rna-XM_056782468.1	A	BRAKERILHT00000015354	A
rna-XM_056783077.1	A	BRAKERILHT00000014664	A
rna-XM_056783023.1	A	BRAKERILHT00000014430	A
rna-XM_056783024.1	A	BRAKERILHT00000006396	A
rna-XM_056782653.1	A	BRAKERILHT00000001098	A
rna-XM_056782864.1	A	BRAKERILHT00000000893	A
rna-XM_056782626.1	A	BRAKERILHT00000012024	A
rna-XM_056782624.1	A	BRAKERILHT00000016187	A
rna-XM_056782627.1	A	BRAKERILHT00000001286	A
rna-XM_056782628.1	A	BRAKERILHT00000011955	A
rna-XM_056782979.1	A	BRAKERILHT00000015324	A
rna-XM_056782384.1	A	BRAKERILHT00000014027	A
rna-XM_056782880.1	A	BRAKERILHT00000013877	A
rna-XM_056783324.1	A	BRAKERILHT00000012997	A
rna-XM_056782764.1	A	BRAKERILHT00000013599	A
rna-XM_056783448.1	A	BRAKERILHT00000013771	A
rna-XM_056783445.1	A	BRAKERILHT00000004790	A
rna-XM_056783449.1	A	BRAKERILHT00000006348	A
rna-XM_056783219.1	A	BRAKERILHT00000004856	A
rna-XM_056783796.1	A	BRAKERILHT00000013017	A
rna-XM_056782553.1	A	BRAKERILHT00000006282	A
rna-XM_056782572.1	A	BRAKERILHT00000005188	A
rna-XM_056782552.1	A	BRAKERILHT00000005225	A
rna-XM_056782557.1	A	BRAKERILHT00000012406	A
rna-XM_056783228.1	A	BRAKERILHT00000015310	A
rna-XM_056783325.1	A	BRAKERILHT00000015520	A
rna-XM_056783025.1	A	BRAKERILHT00000014082	A
rna-XM_056783558.1	A	BRAKERILHT00000011059	A
rna-XM_056783559.1	A	BRAKERILHT00000008174	A
rna-XM_056782994.1	A	BRAKERILHT00000008878	A
rna-XM_056782905.1	A	BRAKERILHT00000007031	A
rna-XM_056782911.1	A	BRAKERILHT00000007568	A
rna-XM_056782590.1	A	BRAKERILHT00000008597	A
rna-XM_056783329.1	A	BRAKERILHT00000008423	A
rna-XM_056783337.1	A	BRAKERILHT00000005193	A
rna-XM_056782541.1	A	BRAKERILHT00000004979	A
rna-XM_056782540.1	A	BRAKERILHT00000005175	A
rna-XM_056782486.1	A	BRAKERILHT00000006481	A
rna-XM_056782489.1	A	BRAKERILHT00000005201	A
rna-XM_056782740.1	A	BRAKERILHT00000005086	A
rna-XM_056782417.1	A	BRAKERILHT00000004569	A
rna-XM_056782843.1	A	BRAKERILHT00000016723	A
rna-XM_056782844.1	A	BRAKERILHT00000008606	A
rna-XM_056783508.1	A	BRAKERILHT00000013110	A
rna-XM_056783510.1	A	BRAKERILHT00000005444	A
rna-XM_056783262.1	A	BRAKERILHT00000005152	A
rna-XM_056783594.1	A	BRAKERILHT00000005909	A
rna-XM_056783595.1	A	BRAKERILHT00000005641	A
rna-XM_056783294.1	A	BRAKERILHT00000000681	A
rna-XM_056783340.1	A	BRAKERILHT00000004830	A
rna-XM_056783356.1	A	BRAKERILHT00000006277	A
rna-XM_056782597.1	A	BRAKERILHT00000000890	A
rna-XM_056782599.1	A	BRAKERILHT00000000297	A
rna-XM_056782600.1	A	BRAKERILHT00000012472	A
rna-XM_056782739.1	A	BRAKERILHT00000006177	A
rna-XM_056783299.1	A	BRAKERILHT00000004625	A
rna-XM_056783307.1	A	BRAKERILHT00000001661	A
rna-XM_056783305.1	A	BRAKERILHT00000005008	A
rna-XM_056783304.1	A	BRAKERILHT00000004523	A
rna-XM_056783306.1	A	BRAKERILHT00000006020	A
rna-XM_056782651.1	A	BRAKERILHT00000010905	A
rna-XM_056782542.1	A	BRAKERILHT00000011258	A
rna-XM_056783109.1	A	BRAKERILHT00000013452	A
rna-XM_056783098.1	A	BRAKERILHT00000000407	A
rna-XM_056782424.1	A	BRAKERILHT00000010328	A
rna-XM_056782998.1	A	BRAKERILHT00000001271	A
rna-XM_056783367.1	A	BRAKERILHT00000015040	A
rna-XM_056783205.1	A	BRAKERILHT00000012315	A
rna-XM_056783170.1	A	BRAKERILHT00000000770	A
rna-XM_056782664.1	A	BRAKERILHT00000010620	A
rna-XM_056782596.1	A	BRAKERILHT00000000012	A
rna-XM_056782333.1	A	BRAKERILHT00000001453	A
rna-XM_056782337.1	A	BRAKERILHT00000001937	A
rna-XM_056782997.1	A	BRAKERILHT00000010742	A
rna-XM_056783128.1	A	BRAKERILHT00000000402	A
rna-XM_056782392.1	A	BRAKERILHT00000004848	A
rna-XM_056782393.1	A	BRAKERILHT00000002598	A
rna-XM_056783222.1	A	BRAKERILHT00000004217	A
rna-XM_056782584.1	A	BRAKERILHT00000003670	A
rna-XM_056782269.1	A	BRAKERILHT00000002348	A
rna-XM_056782270.1	A	BRAKERILHT00000014793	A
rna-XM_056782855.1	A	BRAKERILHT00000002751	A
rna-XM_056783607.1	A	BRAKERILHT00000002239	A
rna-XM_056783608.1	A	BRAKERILHT00000000905	A
rna-XM_056783609.1	A	BRAKERILHT00000000377	A
rna-XM_056783086.1	A	BRAKERILHT00000002066	A
rna-XM_056783084.1	A	BRAKERILHT00000001508	A
rna-XM_056783371.1	A	BRAKERILHT00000007613	A
rna-XM_056783370.1	A	BRAKERILHT00000006572	A
rna-XM_056783372.1	A	BRAKERILHT00000007003	A
rna-XM_056782615.1	A	BRAKERILHT00000006623	A
rna-XM_056783261.1	A	BRAKERILHT00000000788	A
rna-XM_056783464.1	A	BRAKERILHT00000010948	A
rna-XM_056783457.1	A	BRAKERILHT00000010484	A
rna-XM_056782827.1	A	BRAKERILHT00000011564	A
rna-XM_056782958.1	A	BRAKERILHT00000015115	A
rna-XM_056782858.1	A	BRAKERILHT00000001038	A
rna-XM_056783223.1	A	BRAKERILHT00000001165	A
rna-XM_056783377.1	A	BRAKERILHT00000000530	A
rna-XM_056783172.1	A	BRAKERILHT00000000519	A
rna-XM_056782746.1	A	BRAKERILHT00000000503	A
rna-XM_056782745.1	A	BRAKERILHT00000001009	A
rna-XM_056783610.1	A	BRAKERILHT00000011078	A
rna-XM_056783689.1	A	BRAKERILHT00000011714	A
rna-XM_056783688.1	A	BRAKERILHT00000012107	A
rna-XM_056783016.1	A	BRAKERILHT00000014459	A
rna-XM_056783358.1	A	BRAKERILHT00000014316	A
rna-XM_056783360.1	A	BRAKERILHT00000011208	A
rna-XM_056783357.1	A	BRAKERILHT00000011828	A
rna-XM_056783364.1	A	BRAKERILHT00000010624	A
rna-XM_056783361.1	A	BRAKERILHT00000013347	A
rna-XM_056783366.1	A	BRAKERILHT00000003243	A
rna-XM_056782530.1	A	BRAKERILHT00000006355	A
rna-XM_056783075.1	A	BRAKERILHT00000012460	A
rna-XM_056782736.1	A	BRAKERILHT00000013931	A
rna-XM_056782962.1	A	BRAKERILHT00000001867	A
rna-XM_056782717.1	A	BRAKERILHT00000000272	A
rna-XM_056783090.1	A	BRAKERILHT00000002134	A
rna-XM_056783095.1	A	BRAKERILHT00000014648	A
rna-XM_056782876.1	A	BRAKERILHT00000002157	A
rna-XM_056782537.1	A	BRAKERILHT00000000275	A
rna-XM_056782734.1	A	BRAKERILHT00000012817	A
rna-XM_056782881.1	A	BRAKERILHT00000012399	A
rna-XM_056782882.1	A	BRAKERILHT00000010371	A
rna-XM_056782887.1	A	BRAKERILHT00000004594	A
rna-XM_056782885.1	A	BRAKERILHT00000014416	A
rna-XM_056782886.1	A	BRAKERILHT00000004692	A
rna-XM_056783381.1	A	BRAKERILHT00000005752	A
rna-XM_056783636.1	A	BRAKERILHT00000015246	A
rna-XM_056783637.1	A	BRAKERILHT00000006879	A
rna-XM_056783641.1	A	BRAKERILHT00000005332	A
rna-XM_056783643.1	A	BRAKERILHT00000009441	A
rna-XM_056783644.1	A	BRAKERILHT00000010366	A
rna-XM_056782741.1	A	BRAKERILHT00000006549	A
rna-XM_056782742.1	A	BRAKERILHT00000008983	A
rna-XM_056783058.1	A	BRAKERILHT00000011379	A
rna-XM_056783264.1	A	BRAKERILHT00000001456	A
rna-XM_056782383.1	A	BRAKERILHT00000004218	A
rna-XM_056782985.1	A	BRAKERILHT00000008767	A
rna-XM_056783036.1	A	BRAKERILHT00000010386	A
rna-XM_056783035.1	A	BRAKERILHT00000009172	A
rna-XM_056782405.1	A	BRAKERILHT00000010279	A
rna-XM_056783126.1	A	BRAKERILHT00000008794	A
rna-XM_056783146.1	A	BRAKERILHT00000000210	A
rna-XM_056782807.1	A	BRAKERILHT00000004953	A
rna-XM_056783040.1	A	BRAKERILHT00000004974	A
rna-XM_056783055.1	A	BRAKERILHT00000010783	A
rna-XM_056783241.1	A	BRAKERILHT00000004281	A
rna-XM_056782603.1	A	BRAKERILHT00000004723	A
rna-XM_056782609.1	A	BRAKERILHT00000006750	A
rna-XM_056782611.1	A	BRAKERILHT00000008022	A
rna-XM_056783198.1	A	BRAKERILHT00000006532	A
rna-XM_056782804.1	A	BRAKERILHT00000005171	A
rna-XM_056783386.1	A	BRAKERILHT00000001669	A
rna-XM_056783292.1	A	BRAKERILHT00000001725	A
rna-XM_056783706.1	A	BRAKERILHT00000001037	A
rna-XM_056783087.1	A	BRAKERILHT00000000438	A
rna-XM_056782338.1	A	BRAKERILHT00000001723	A
rna-XM_056783570.1	A	BRAKERILHT00000008828	A
rna-XM_056783387.1	A	BRAKERILHT00000010725	A
rna-XM_056783388.1	A	BRAKERILHT00000011976	A
rna-XM_056782894.1	A	BRAKERILHT00000011104	A
rna-XM_056782509.1	A	BRAKERILHT00000011516	A
rna-XM_056782655.1	A	BRAKERILHT00000010967	A
rna-XM_056782725.1	A	BRAKERILHT00000011382	A
rna-XM_056782581.1	A	BRAKERILHT00000000107	A
rna-XM_056783389.1	A	BRAKERILHT00000000483	A
rna-XM_056782919.1	A	BRAKERILHT00000012164	A
rna-XM_056782669.1	A	BRAKERILHT00000000412	A
rna-XM_056783046.1	A	BRAKERILHT00000000068	A
rna-XM_056782756.1	A	BRAKERILHT00000000731	A
rna-XM_056783135.1	A	BRAKERILHT00000001952	A
rna-XM_056782548.1	A	BRAKERILHT00000005585	A
rna-XM_056783067.1	A	BRAKERILHT00000005744	A
rna-XM_056782692.1	A	BRAKERILHT00000004682	A
rna-XM_056782688.1	A	BRAKERILHT00000005146	A
rna-XM_056782689.1	A	BRAKERILHT00000005197	A
rna-XM_056783083.1	A	BRAKERILHT00000006188	A
rna-XM_056782544.1	A	BRAKERILHT00000005607	A
rna-XM_056782950.1	A	BRAKERILHT00000005821	A
rna-XM_056782995.1	A	BRAKERILHT00000003593	A
rna-XM_056782388.1	A	BRAKERILHT00000011185	A
rna-XM_056782685.1	A	BRAKERILHT00000005441	A
rna-XM_056782658.1	A	BRAKERILHT00000004475	A
rna-XM_056782656.1	A	BRAKERILHT00000005426	A
rna-XM_056783248.1	A	BRAKERILHT00000005893	A
rna-XM_056783249.1	A	BRAKERILHT00000000135	A
rna-XM_056783250.1	A	BRAKERILHT00000013360	A
rna-XM_056783251.1	A	BRAKERILHT00000000762	A
rna-XM_056783256.1	A	BRAKERILHT00000012695	A
rna-XM_056782349.1	A	BRAKERILHT00000007048	A
rna-XM_056782897.1	A	BRAKERILHT00000006496	A
rna-XM_056782845.1	A	BRAKERILHT00000007189	A
rna-XM_056782750.1	A	BRAKERILHT00000015141	A
rna-XM_056782837.1	A	BRAKERILHT00000007019	A
rna-XM_056782390.1	A	BRAKERILHT00000007642	A
rna-XM_056783181.1	A	BRAKERILHT00000008485	A
rna-XM_056783623.1	A	BRAKERILHT00000010160	A
rna-XM_056783626.1	A	BRAKERILHT00000009292	A
rna-XM_056782965.1	A	BRAKERILHT00000015783	A
rna-XM_056782850.1	A	BRAKERILHT00000009000	A
rna-XM_056782852.1	A	BRAKERILHT00000009799	A
rna-XM_056782902.1	A	BRAKERILHT00000004585	A
rna-XM_056782671.1	A	BRAKERILHT00000005165	A
rna-XM_056782674.1	A	BRAKERILHT00000006199	A
rna-XM_056782978.1	A	BRAKERILHT00000005375	A
rna-XM_056783118.1	A	BRAKERILHT00000001185	A
rna-XM_056783002.1	A	BRAKERILHT00000007456	A
rna-XM_056782517.1	A	BRAKERILHT00000008686	A
rna-XM_056782820.1	A	BRAKERILHT00000009127	A
rna-XM_056782601.1	A	BRAKERILHT00000010765	A
rna-XM_056782686.1	A	BRAKERILHT00000010570	A
rna-XM_056782702.1	A	BRAKERILHT00000010820	A
rna-XM_056783108.1	A	BRAKERILHT00000014868	A
rna-XM_056783107.1	A	BRAKERILHT00000015381	A
rna-XM_056782853.1	A	BRAKERILHT00000014822	A
rna-XM_056783246.1	A	BRAKERILHT00000014375	A
rna-XM_056783391.1	A	BRAKERILHT00000012906	A
rna-XM_056782930.1	A	BRAKERILHT00000001086	A
rna-XM_056782934.1	A	BRAKERILHT00000001621	A
rna-XM_056783496.1	A	BRAKERILHT00000008632	A
rna-XM_056783497.1	A	BRAKERILHT00000000179	A
rna-XM_056783501.1	A	BRAKERILHT00000010225	A
rna-XM_056783498.1	A	BRAKERILHT00000008936	A
rna-XM_056783504.1	A	BRAKERILHT00000009102	A
rna-XM_056782510.1	A	BRAKERILHT00000006712	A
rna-XM_056782511.1	A	BRAKERILHT00000008128	A
rna-XM_056782912.1	A	BRAKERILHT00000016111	A
rna-XM_056783341.1	A	BRAKERILHT00000016888	A
rna-XM_056783345.1	A	BRAKERILHT00000016054	A
rna-XM_056782433.1	A	BRAKERILHT00000015965	A
rna-XM_056782703.1	A	BRAKERILHT00000016975	A
rna-XM_056782420.1	A	BRAKERILHT00000004173	A
rna-XM_056782421.1	A	BRAKERILHT00000005661	A
rna-XM_056782730.1	A	BRAKERILHT00000000546	A
rna-XM_056783069.1	A	BRAKERILHT00000008565	A
rna-XM_056783560.1	A	BRAKERILHT00000016567	A
rna-XM_056783396.1	A	BRAKERILHT00000016277	A
rna-XM_056783563.1	A	BRAKERILHT00000016125	A
rna-XM_056783565.1	A	BRAKERILHT00000009520	A
rna-XM_056783064.1	A	BRAKERILHT00000009879	A
rna-XM_056782663.1	A	BRAKERILHT00000012378	A
rna-XM_056783183.1	A	BRAKERILHT00000011181	A
rna-XM_056783697.1	A	BRAKERILHT00000010603	A
rna-XM_056783695.1	A	BRAKERILHT00000010578	A
rna-XM_056782591.1	A	BRAKERILHT00000011218	A
rna-XM_056782731.1	A	BRAKERILHT00000011016	A
rna-XM_056783208.1	A	BRAKERILHT00000010502	A
rna-XM_056782579.1	A	BRAKERILHT00000004743	A
rna-XM_056782389.1	A	BRAKERILHT00000005301	A
rna-XM_056783439.1	A	BRAKERILHT00000006124	A
rna-XM_056783073.1	A	BRAKERILHT00000010538	A
rna-XM_056782699.1	A	BRAKERILHT00000009345	A
rna-XM_056783440.1	A	BRAKERILHT00000011344	A
rna-XM_056783066.1	A	BRAKERILHT00000009306	A
rna-XM_056783062.1	A	BRAKERILHT00000009898	A
rna-XM_056783734.1	A	BRAKERILHT00000006905	A
rna-XM_056783733.1	A	BRAKERILHT00000009728	A
rna-XM_056783452.1	A	BRAKERILHT00000017599	X
rna-XM_056783512.1	A	BRAKERILHT00000012703	A
rna-XM_056783511.1	A	BRAKERILHT00000012568	A
rna-XM_056782857.1	A	BRAKERILHT00000013107	A
rna-XM_056783186.1	A	BRAKERILHT00000003061	A
rna-XM_056782961.1	A	BRAKERILHT00000003577	A
rna-XM_056782891.1	A	BRAKERILHT00000004207	A
rna-XM_056783309.1	A	BRAKERILHT00000002413	A
rna-XM_056782531.1	A	BRAKERILHT00000004209	A
rna-XM_056782830.1	A	BRAKERILHT00000002362	A
rna-XM_056783048.1	A	BRAKERILHT00000012281	A
rna-XM_056782924.1	A	BRAKERILHT00000005849	A
rna-XM_056783739.1	A	BRAKERILHT00000013073	A
rna-XM_056782264.1	A	BRAKERILHT00000001999	A
rna-XM_056782619.1	A	BRAKERILHT00000017581	X
rna-XM_056782621.1	A	BRAKERILHT00000004960	A
rna-XM_056782707.1	A	BRAKERILHT00000005838	A
rna-XM_056782763.1	A	BRAKERILHT00000005274	A
rna-XM_056783031.1	A	BRAKERILHT00000005113	A
rna-XM_056782588.1	A	BRAKERILHT00000013667	A
rna-XM_056783336.1	A	BRAKERILHT00000004654	A
rna-XM_056783726.1	A	BRAKERILHT00000011985	A
rna-XM_056783003.1	A	BRAKERILHT00000010929	A
rna-XM_056783217.1	A	BRAKERILHT00000008740	A
rna-XM_056783188.1	A	BRAKERILHT00000004456	A
rna-XM_056783187.1	A	BRAKERILHT00000003781	A
rna-XM_056782744.1	A	BRAKERILHT00000001844	A
rna-XM_056783119.1	A	BRAKERILHT00000015233	A
rna-XM_056782418.1	A	BRAKERILHT00000006582	A
rna-XM_056782989.1	A	BRAKERILHT00000014422	A
rna-XM_056782391.1	A	BRAKERILHT00000014185	A
rna-XM_056782328.1	A	BRAKERILHT00000014618	A
rna-XM_056783605.1	A	BRAKERILHT00000003237	A
rna-XM_056783606.1	A	BRAKERILHT00000014475	A
rna-XM_056782913.1	A	BRAKERILHT00000015763	A
rna-XM_056783401.1	A	BRAKERILHT00000003194	A
rna-XM_056783398.1	A	BRAKERILHT00000002501	A
rna-XM_056783410.1	A	BRAKERILHT00000002768	A
rna-XM_056783414.1	A	BRAKERILHT00000005830	A
rna-XM_056783412.1	A	BRAKERILHT00000002489	A
rna-XM_056783413.1	A	BRAKERILHT00000001208	A
rna-XM_056783415.1	A	BRAKERILHT00000017204	X
rna-XM_056783420.1	A	BRAKERILHT00000000365	A
rna-XM_056783417.1	A	BRAKERILHT00000000845	A
rna-XM_056783424.1	A	BRAKERILHT00000001131	A
rna-XM_056783426.1	A	BRAKERILHT00000016032	A
rna-XM_056783428.1	A	BRAKERILHT00000016337	A
rna-XM_056783429.1	A	BRAKERILHT00000016430	A
rna-XM_056783430.1	A	BRAKERILHT00000015921	A
rna-XM_056783748.1	A	BRAKERILHT00000004816	A
rna-XM_056783749.1	A	BRAKERILHT00000016055	A
rna-XM_056783432.1	A	BRAKERILHT00000015776	A
rna-XM_056783434.1	A	BRAKERILHT00000016656	A
rna-XM_056783431.1	A	BRAKERILHT00000015699	A
rna-XM_056783597.1	A	BRAKERILHT00000016667	A
rna-XM_056783602.1	A	BRAKERILHT00000001214	A
rna-XM_056783603.1	A	BRAKERILHT00000000353	A
rna-XM_056782681.1	A	BRAKERILHT00000006854	A
rna-XM_056782682.1	A	BRAKERILHT00000008328	A
rna-XM_056782684.1	A	BRAKERILHT00000014387	A
rna-XM_056782679.1	A	BRAKERILHT00000001062	A
rna-XM_056782648.1	A	BRAKERILHT00000007998	A
rna-XM_056782645.1	A	BRAKERILHT00000013045	A
rna-XM_056782646.1	A	BRAKERILHT00000016013	A
rna-XM_056782647.1	A	BRAKERILHT00000016794	A
rna-XM_056782981.1	A	BRAKERILHT00000015745	A
rna-XM_056782983.1	A	BRAKERILHT00000010400	A
rna-XM_056783068.1	A	BRAKERILHT00000002445	A
rna-XM_056782524.1	A	BRAKERILHT00000002432	A
rna-XM_056782272.1	A	BRAKERILHT00000003856	A
rna-XM_056782273.1	A	BRAKERILHT00000002291	A
rna-XM_056782274.1	A	BRAKERILHT00000003322	A
rna-XM_056782280.1	A	BRAKERILHT00000009678	A
rna-XM_056782285.1	A	BRAKERILHT00000011162	A
rna-XM_056782287.1	A	BRAKERILHT00000003965	A
rna-XM_056782288.1	A	BRAKERILHT00000002451	A
rna-XM_056782290.1	A	BRAKERILHT00000008422	A
rna-XM_056782297.1	A	BRAKERILHT00000006529	A
rna-XM_056782298.1	A	BRAKERILHT00000003680	A
rna-XM_056782300.1	A	BRAKERILHT00000002352	A
rna-XM_056783750.1	A	BRAKERILHT00000003610	A
rna-XM_056782301.1	A	BRAKERILHT00000004055	A
rna-XM_056783751.1	A	BRAKERILHT00000001463	A
rna-XM_056782308.1	A	BRAKERILHT00000000902	A
rna-XM_056782305.1	A	BRAKERILHT00000005125	A
rna-XM_056782310.1	A	BRAKERILHT00000004782	A
rna-XM_056783752.1	A	BRAKERILHT00000009007	A
rna-XM_056782313.1	A	BRAKERILHT00000009187	A
rna-XM_056782315.1	A	BRAKERILHT00000010766	A
rna-XM_056782317.1	A	BRAKERILHT00000008992	A
rna-XM_056782318.1	A	BRAKERILHT00000005574	A
rna-XM_056782319.1	A	BRAKERILHT00000005151	A
rna-XM_056782321.1	A	BRAKERILHT00000009293	A
rna-XM_056783647.1	A	BRAKERILHT00000001326	A
rna-XM_056783650.1	A	BRAKERILHT00000000608	A
rna-XM_056783648.1	A	BRAKERILHT00000001190	A
rna-XM_056783652.1	A	BRAKERILHT00000007339	A
rna-XM_056783653.1	A	BRAKERILHT00000007819	A
rna-XM_056783655.1	A	BRAKERILHT00000008028	A
rna-XM_056783656.1	A	BRAKERILHT00000015926	A
rna-XM_056783657.1	A	BRAKERILHT00000009957	A
rna-XM_056783660.1	A	BRAKERILHT00000010295	A
rna-XM_056783661.1	A	BRAKERILHT00000008914	A
rna-XM_056783671.1	A	BRAKERILHT00000009202	A
rna-XM_056783674.1	A	BRAKERILHT00000010130	A
rna-XM_056783679.1	A	BRAKERILHT00000008190	A
rna-XM_056782716.1	A	BRAKERILHT00000006793	A
rna-XM_056783756.1	A	BRAKERILHT00000007264	A
rna-XM_056783584.1	A	BRAKERILHT00000007309	A
rna-XM_056783585.1	A	BRAKERILHT00000008398	A
rna-XM_056783043.1	A	BRAKERILHT00000011692	A
rna-XM_056783106.1	A	BRAKERILHT00000001745	A
rna-XM_056782482.1	A	BRAKERILHT00000004841	A
rna-XM_056782787.1	A	BRAKERILHT00000004521	A
rna-XM_056783116.1	A	BRAKERILHT00000005263	A
rna-XM_056783037.1	A	BRAKERILHT00000014463	A
rna-XM_056783117.1	A	BRAKERILHT00000015007	A
rna-XM_056782824.1	A	BRAKERILHT00000016954	A
rna-XM_056783618.1	A	BRAKERILHT00000013831	A
rna-XM_056783622.1	A	BRAKERILHT00000007501	A
rna-XM_056783575.1	A	BRAKERILHT00000007793	A
rna-XM_056783576.1	A	BRAKERILHT00000008063	A
rna-XM_056783760.1	A	BRAKERILHT00000007008	A
rna-XM_056783583.1	A	BRAKERILHT00000008041	A
rna-XM_056783578.1	A	BRAKERILHT00000014301	A
rna-XM_056783582.1	A	BRAKERILHT00000014642	A
rna-XM_056782875.1	A	BRAKERILHT00000015522	A
rna-XM_056782866.1	A	BRAKERILHT00000000389	A
rna-XM_056783634.1	A	BRAKERILHT00000000999	A
rna-XM_056783142.1	A	BRAKERILHT00000009087	A
rna-XM_056782964.1	A	BRAKERILHT00000006327	A
rna-XM_056783761.1	A	BRAKERILHT00000013539	A
rna-XM_056782529.1	A	BRAKERILHT00000004737	A
rna-XM_056782826.1	A	BRAKERILHT00000006053	A
rna-XM_056782968.1	A	BRAKERILHT00000008061	A
rna-XM_056783134.1	A	BRAKERILHT00000006625	A
rna-XM_056782710.1	A	BRAKERILHT00000016783	A
rna-XM_056782454.1	A	BRAKERILHT00000007483	A
rna-XM_056782455.1	A	BRAKERILHT00000008104	A
rna-XM_056782862.1	A	BRAKERILHT00000004783	A
rna-XM_056782899.1	A	BRAKERILHT00000013387	A
rna-XM_056782592.1	A	BRAKERILHT00000012731	A
rna-XM_056783169.1	A	BRAKERILHT00000000729	A
rna-XM_056783168.1	A	BRAKERILHT00000008718	A
rna-XM_056783125.1	A	BRAKERILHT00000001461	A
rna-XM_056783242.1	A	BRAKERILHT00000000047	A
rna-XM_056783057.1	A	BRAKERILHT00000014849	A
rna-XM_056783166.1	A	BRAKERILHT00000001166	A
rna-XM_056783483.1	A	BRAKERILHT00000000240	A
rna-XM_056783061.1	A	BRAKERILHT00000001801	A
rna-XM_056783596.1	A	BRAKERILHT00000001609	A
rna-XM_056782643.1	A	BRAKERILHT00000001411	A
rna-XM_056782528.1	A	BRAKERILHT00000000822	A
rna-XM_056783123.1	A	BRAKERILHT00000001990	A
rna-XM_056782612.1	A	BRAKERILHT00000014167	A
rna-XM_056783568.1	A	BRAKERILHT00000000123	A
rna-XM_056783101.1	A	BRAKERILHT00000009029	A
rna-XM_056783102.1	A	BRAKERILHT00000010120	A
rna-XM_056783161.1	A	BRAKERILHT00000009392	A
rna-XM_056783164.1	A	BRAKERILHT00000009508	A
rna-XM_056782408.1	A	BRAKERILHT00000008523	A
rna-XM_056783281.1	A	BRAKERILHT00000016920	A
rna-XM_056783282.1	A	BRAKERILHT00000004552	A
rna-XM_056782802.1	A	BRAKERILHT00000000715	A
rna-XM_056783586.1	A	BRAKERILHT00000006287	A
rna-XM_056783589.1	A	BRAKERILHT00000007237	A
rna-XM_056782670.1	A	BRAKERILHT00000007864	A
rna-XM_056782988.1	A	BRAKERILHT00000002683	A
rna-XM_056782446.1	A	BRAKERILHT00000002836	A
rna-XM_056782452.1	A	BRAKERILHT00000002303	A
rna-XM_056782818.1	A	BRAKERILHT00000004420	A
rna-XM_056782819.1	A	BRAKERILHT00000005436	A
rna-XM_056783465.1	A	BRAKERILHT00000015713	A
rna-XM_056782409.1	A	BRAKERILHT00000003010	A
rna-XM_056782539.1	A	BRAKERILHT00000006137	A
rna-XM_056782823.1	A	BRAKERILHT00000011589	A
rna-XM_056783045.1	A	BRAKERILHT00000011810	A
rna-XM_056782410.1	A	BRAKERILHT00000004818	A
rna-XM_056783776.1	A	BRAKERILHT00000004957	A
rna-XM_056782416.1	A	BRAKERILHT00000009478	A
rna-XM_056782414.1	A	BRAKERILHT00000007673	A
rna-XM_056783240.1	A	BRAKERILHT00000008109	A
rna-XM_056782586.1	A	BRAKERILHT00000008980	A
rna-XM_056783778.1	A	BRAKERILHT00000010859	A
rna-XM_056783514.1	A	BRAKERILHT00000016517	A
rna-XM_056783515.1	A	BRAKERILHT00000016925	A
rna-XM_056783022.1	A	BRAKERILHT00000007068	A
rna-XM_056783338.1	A	BRAKERILHT00000003893	A
rna-XM_056783148.1	A	BRAKERILHT00000003831	A
rna-XM_056782481.1	A	BRAKERILHT00000009296	A
rna-XM_056782967.1	A	BRAKERILHT00000008945	A
rna-XM_056783115.1	A	BRAKERILHT00000006923	A
rna-XM_056783779.1	A	BRAKERILHT00000012954	A
rna-XM_056783078.1	A	BRAKERILHT00000007875	A
rna-XM_056782547.1	A	BRAKERILHT00000008191	A
rna-XM_056782822.1	A	BRAKERILHT00000008186	A
rna-XM_056783530.1	A	BRAKERILHT00000006915	A
rna-XM_056783209.1	A	BRAKERILHT00000008160	A
rna-XM_056783089.1	A	BRAKERILHT00000016174	A
rna-XM_056783049.1	A	BRAKERILHT00000013323	A
rna-XM_056782400.1	A	BRAKERILHT00000002409	A
rna-XM_056783782.1	A	BRAKERILHT00000011617	A
rna-XM_056782397.1	A	BRAKERILHT00000003532	A
rna-XM_056782399.1	A	BRAKERILHT00000010176	A
rna-XM_056782398.1	A	BRAKERILHT00000008750	A
rna-XM_056783103.1	A	BRAKERILHT00000000245	A
rna-XM_056783735.1	A	BRAKERILHT00000012141	A
rna-XM_056782929.1	A	BRAKERILHT00000016090	A
rna-XM_056782938.1	A	BRAKERILHT00000010817	A
rna-XM_056782935.1	A	BRAKERILHT00000011614	A
rna-XM_056782942.1	A	BRAKERILHT00000011412	A
rna-XM_056782943.1	A	BRAKERILHT00000011134	A
rna-XM_056783195.1	A	BRAKERILHT00000011891	A
rna-XM_056783143.1	A	BRAKERILHT00000011293	A
rna-XM_056782490.1	A	BRAKERILHT00000001522	A
rna-XM_056782491.1	A	BRAKERILHT00000000883	A
rna-XM_056782498.1	A	BRAKERILHT00000000256	A
rna-XM_056782496.1	A	BRAKERILHT00000009325	A
rna-XM_056782495.1	A	BRAKERILHT00000014910	A
rna-XM_056782499.1	A	BRAKERILHT00000012960	A
rna-XM_056782501.1	A	BRAKERILHT00000012357	A
rna-XM_056782502.1	A	BRAKERILHT00000013849	A
rna-XM_056782507.1	A	BRAKERILHT00000012452	A
rna-XM_056782508.1	A	BRAKERILHT00000013681	A
rna-XM_056783014.1	A	BRAKERILHT00000013221	A
rna-XM_056783015.1	A	BRAKERILHT00000012888	A
rna-XM_056783012.1	A	BRAKERILHT00000013335	A
rna-XM_056783011.1	A	BRAKERILHT00000004511	A
rna-XM_056783010.1	A	BRAKERILHT00000001975	A
rna-XM_056783007.1	A	BRAKERILHT00000013916	A
rna-XM_056783784.1	A	BRAKERILHT00000013561	A
rna-XM_056783005.1	A	BRAKERILHT00000013649	A
rna-XM_056783006.1	A	BRAKERILHT00000010362	A
rna-XM_056783785.1	A	BRAKERILHT00000006966	A
rna-XM_056783786.1	A	BRAKERILHT00000005773	A
rna-XM_056783009.1	A	BRAKERILHT00000004676	A
rna-XM_056782954.1	A	BRAKERILHT00000011889	A
rna-XM_056782990.1	A	BRAKERILHT00000011439	A
rna-XM_056782951.1	A	BRAKERILHT00000007447	A
rna-XM_056782831.1	A	BRAKERILHT00000015080	A
rna-XM_056782836.1	A	BRAKERILHT00000014908	A
rna-XM_056782834.1	A	BRAKERILHT00000015185	A
rna-XM_056782445.1	A	BRAKERILHT00000005244	A
rna-XM_056783105.1	A	BRAKERILHT00000008276	A
rna-XM_056782630.1	A	BRAKERILHT00000005094	A
rna-XM_056782642.1	A	BRAKERILHT00000006247	A
rna-XM_056783631.1	A	BRAKERILHT00000005447	A
rna-XM_056783633.1	A	BRAKERILHT00000005667	A
rna-XM_056783524.1	A	BRAKERILHT00000006409	A
rna-XM_056783526.1	A	BRAKERILHT00000006126	A
rna-XM_056783529.1	A	BRAKERILHT00000012172	A
rna-XM_056782521.1	A	BRAKERILHT00000009909	A
rna-XM_056782719.1	A	BRAKERILHT00000010659	A
rna-XM_056782575.1	A	BRAKERILHT00000012168	A
rna-XM_056782406.1	A	BRAKERILHT00000011095	A
rna-XM_056782515.1	A	BRAKERILHT00000004918	A
rna-XM_056782841.1	A	BRAKERILHT00000015425	A
rna-XM_056783283.1	A	BRAKERILHT00000012088	A
rna-XM_056783288.1	A	BRAKERILHT00000015189	A
rna-XM_056783291.1	A	BRAKERILHT00000014710	A
rna-XM_056783285.1	A	BRAKERILHT00000002499	A
rna-XM_056782577.1	A	BRAKERILHT00000003112	A
rna-XM_056783792.1	A	BRAKERILHT00000003787	A
rna-XM_056783097.1	A	BRAKERILHT00000011940	A
rna-XM_056783215.1	A	BRAKERILHT00000012555	A
rna-XM_056782325.1	A	BRAKERILHT00000010266	A
rna-XM_056782327.1	A	BRAKERILHT00000015472	A
rna-XM_056782944.1	A	BRAKERILHT00000006979	A
rna-XM_056782946.1	A	BRAKERILHT00000007551	A
rna-XM_056782947.1	A	BRAKERILHT00000005486	A
rna-XM_056782948.1	A	BRAKERILHT00000000550	A
rna-XM_056783810.1	A	BRAKERILHT00000000498	A
rna-XM_056783811.1	A	BRAKERILHT00000007802	A
rna-XM_056783813.1	A	BRAKERILHT00000000018	A
rna-XM_056783815.1	A	BRAKERILHT00000000212	A
rna-XM_056783823.1	A	BRAKERILHT00000001398	A
rna-XM_056783827.1	A	BRAKERILHT00000001715	A
rna-XM_056783829.1	A	BRAKERILHT00000007213	A
rna-XM_056783830.1	A	BRAKERILHT00000005124	A
rna-XM_056783832.1	A	BRAKERILHT00000015448	A
rna-XM_056783834.1	A	BRAKERILHT00000015440	A
rna-XM_056783836.1	A	BRAKERILHT00000008710	A
rna-XM_056783839.1	A	BRAKERILHT00000005073	A
rna-XM_056783842.1	A	BRAKERILHT00000011947	A
rna-XM_056783844.1	A	BRAKERILHT00000010795	A
rna-XM_056783848.1	A	BRAKERILHT00000012232	A
rna-XM_056783853.1	A	BRAKERILHT00000016918	A
rna-XM_056783854.1	A	BRAKERILHT00000009702	A
rna-XM_056783855.1	A	BRAKERILHT00000009251	A
rna-XM_056783856.1	A	BRAKERILHT00000015431	A
rna-XM_056783858.1	A	BRAKERILHT00000015136	A
rna-XM_056783859.1	A	BRAKERILHT00000014058	A
rna-XM_056783860.1	A	BRAKERILHT00000014814	A
rna-XM_056783863.1	A	BRAKERILHT00000014699	A
rna-XM_056783862.1	A	BRAKERILHT00000014120	A
rna-XM_056783864.1	A	BRAKERILHT00000014517	A
rna-XM_056783865.1	A	BRAKERILHT00000014974	A
rna-XM_056784486.1	A	BRAKERILHT00000005031	A
rna-XM_056784488.1	A	BRAKERILHT00000004825	A
rna-XM_056784293.1	A	BRAKERILHT00000004801	A
rna-XM_056784292.1	A	BRAKERILHT00000005372	A
rna-XM_056784678.1	A	BRAKERILHT00000006149	A
rna-XM_056784677.1	A	BRAKERILHT00000012773	A
rna-XM_056785625.1	A	BRAKERILHT00000012598	A
rna-XM_056785634.1	A	BRAKERILHT00000013006	A
rna-XM_056785636.1	A	BRAKERILHT00000008944	A
rna-XM_056784029.1	A	BRAKERILHT00000003988	A
rna-XM_056784826.1	A	BRAKERILHT00000003451	A
rna-XM_056784230.1	A	BRAKERILHT00000003632	A
rna-XM_056784827.1	A	BRAKERILHT00000003888	A
rna-XM_056784817.1	A	BRAKERILHT00000003137	A
rna-XM_056784814.1	A	BRAKERILHT00000004216	A
rna-XM_056784183.1	A	BRAKERILHT00000003510	A
rna-XM_056785617.1	A	BRAKERILHT00000009906	A
rna-XM_056784624.1	A	BRAKERILHT00000007104	A
rna-XM_056784829.1	A	BRAKERILHT00000012481	A
rna-XM_056785421.1	A	BRAKERILHT00000004483	A
rna-XM_056785424.1	A	BRAKERILHT00000017829	X
rna-XM_056785426.1	A	BRAKERILHT00000014641	A
rna-XM_056785427.1	A	BRAKERILHT00000003571	A
rna-XM_056784082.1	A	BRAKERILHT00000011637	A
rna-XM_056785243.1	A	BRAKERILHT00000012270	A
rna-XM_056785233.1	A	BRAKERILHT00000011584	A
rna-XM_056785234.1	A	BRAKERILHT00000010944	A
rna-XM_056785361.1	A	BRAKERILHT00000011539	A
rna-XM_056785370.1	A	BRAKERILHT00000010845	A
rna-XM_056785376.1	A	BRAKERILHT00000000314	A
rna-XM_056785377.1	A	BRAKERILHT00000014206	A
rna-XM_056785367.1	A	BRAKERILHT00000000836	A
rna-XM_056784262.1	A	BRAKERILHT00000000414	A
rna-XM_056784681.1	A	BRAKERILHT00000000069	A
rna-XM_056784679.1	A	BRAKERILHT00000011180	A
rna-XM_056785519.1	A	BRAKERILHT00000010916	A
rna-XM_056784836.1	A	BRAKERILHT00000013258	A
rna-XM_056783872.1	A	BRAKERILHT00000005568	A
rna-XM_056784188.1	A	BRAKERILHT00000005065	A
rna-XM_056784174.1	A	BRAKERILHT00000005920	A
rna-XM_056784752.1	A	BRAKERILHT00000004687	A
rna-XM_056784757.1	A	BRAKERILHT00000004883	A
rna-XM_056784759.1	A	BRAKERILHT00000008717	A
rna-XM_056784760.1	A	BRAKERILHT00000009023	A
rna-XM_056784359.1	A	BRAKERILHT00000010327	A
rna-XM_056784045.1	A	BRAKERILHT00000014020	A
rna-XM_056784837.1	A	BRAKERILHT00000009956	A
rna-XM_056784047.1	A	BRAKERILHT00000008544	A
rna-XM_056784048.1	A	BRAKERILHT00000009491	A
rna-XM_056784050.1	A	BRAKERILHT00000009912	A
rna-XM_056784051.1	A	BRAKERILHT00000005089	A
rna-XM_056784181.1	A	BRAKERILHT00000016501	A
rna-XM_056784783.1	A	BRAKERILHT00000009815	A
rna-XM_056784306.1	A	BRAKERILHT00000006576	A
rna-XM_056784309.1	A	BRAKERILHT00000008762	A
rna-XM_056784329.1	A	BRAKERILHT00000012243	A
rna-XM_056784706.1	A	BRAKERILHT00000002332	A
rna-XM_056785177.1	A	BRAKERILHT00000005756	A
rna-XM_056785174.1	A	BRAKERILHT00000002840	A
rna-XM_056785178.1	A	BRAKERILHT00000003534	A
rna-XM_056785181.1	A	BRAKERILHT00000017542	X
rna-XM_056785184.1	A	BRAKERILHT00000006045	A
rna-XM_056785187.1	A	BRAKERILHT00000006305	A
rna-XM_056785182.1	A	BRAKERILHT00000006029	A
rna-XM_056785185.1	A	BRAKERILHT00000005497	A
rna-XM_056785189.1	A	BRAKERILHT00000006063	A
rna-XM_056785186.1	A	BRAKERILHT00000005714	A
rna-XM_056785190.1	A	BRAKERILHT00000005385	A
rna-XM_056785183.1	A	BRAKERILHT00000006621	A
rna-XM_056784672.1	A	BRAKERILHT00000005721	A
rna-XM_056784674.1	A	BRAKERILHT00000006289	A
rna-XM_056785417.1	A	BRAKERILHT00000005578	A
rna-XM_056785418.1	A	BRAKERILHT00000005024	A
rna-XM_056785419.1	A	BRAKERILHT00000002406	A
rna-XM_056785420.1	A	BRAKERILHT00000004042	A
rna-XM_056784195.1	A	BRAKERILHT00000003952	A
rna-XM_056784238.1	A	BRAKERILHT00000002418	A
rna-XM_056784231.1	A	BRAKERILHT00000003429	A
rna-XM_056784237.1	A	BRAKERILHT00000003233	A
rna-XM_056784239.1	A	BRAKERILHT00000004312	A
rna-XM_056785001.1	A	BRAKERILHT00000006094	A
rna-XM_056784247.1	A	BRAKERILHT00000004772	A
rna-XM_056785048.1	A	BRAKERILHT00000005865	A
rna-XM_056785047.1	A	BRAKERILHT00000006466	A
rna-XM_056784690.1	A	BRAKERILHT00000002900	A
rna-XM_056784688.1	A	BRAKERILHT00000006015	A
rna-XM_056784689.1	A	BRAKERILHT00000005397	A
rna-XM_056784179.1	A	BRAKERILHT00000005614	A
rna-XM_056784842.1	A	BRAKERILHT00000005612	A
rna-XM_056784834.1	A	BRAKERILHT00000012709	A
rna-XM_056784881.1	A	BRAKERILHT00000005989	A
rna-XM_056784073.1	A	BRAKERILHT00000008489	A
rna-XM_056784318.1	A	BRAKERILHT00000010407	A
rna-XM_056785051.1	A	BRAKERILHT00000006274	A
rna-XM_056784847.1	A	BRAKERILHT00000004437	A
rna-XM_056784848.1	A	BRAKERILHT00000008604	A
rna-XM_056785395.1	A	BRAKERILHT00000005281	A
rna-XM_056785399.1	A	BRAKERILHT00000006413	A
rna-XM_056785394.1	A	BRAKERILHT00000006107	A
rna-XM_056785398.1	A	BRAKERILHT00000004143	A
rna-XM_056784430.1	A	BRAKERILHT00000011954	A
rna-XM_056784431.1	A	BRAKERILHT00000010432	A
rna-XM_056784433.1	A	BRAKERILHT00000008923	A
rna-XM_056784435.1	A	BRAKERILHT00000009971	A
rna-XM_056784434.1	A	BRAKERILHT00000010320	A
rna-XM_056784462.1	A	BRAKERILHT00000004085	A
rna-XM_056784467.1	A	BRAKERILHT00000002815	A
rna-XM_056784468.1	A	BRAKERILHT00000007069	A
rna-XM_056784470.1	A	BRAKERILHT00000004505	A
rna-XM_056784655.1	A	BRAKERILHT00000008209	A
rna-XM_056784659.1	A	BRAKERILHT00000012859	A
rna-XM_056785091.1	A	BRAKERILHT00000015422	A
rna-XM_056785096.1	A	BRAKERILHT00000007871	A
rna-XM_056785094.1	A	BRAKERILHT00000016241	A
rna-XM_056785106.1	A	BRAKERILHT00000001997	A
rna-XM_056784072.1	A	BRAKERILHT00000006758	A
rna-XM_056784991.1	A	BRAKERILHT00000001105	A
rna-XM_056784994.1	A	BRAKERILHT00000012020	A
rna-XM_056784995.1	A	BRAKERILHT00000012121	A
rna-XM_056784886.1	A	BRAKERILHT00000011805	A
rna-XM_056785012.1	A	BRAKERILHT00000011788	A
rna-XM_056785619.1	A	BRAKERILHT00000003734	A
rna-XM_056785618.1	A	BRAKERILHT00000003779	A
rna-XM_056785620.1	A	BRAKERILHT00000013474	A
rna-XM_056785609.1	A	BRAKERILHT00000006739	A
rna-XM_056784339.1	A	BRAKERILHT00000002908	A
rna-XM_056784337.1	A	BRAKERILHT00000002283	A
rna-XM_056784623.1	A	BRAKERILHT00000007929	A
rna-XM_056784889.1	A	BRAKERILHT00000011835	A
rna-XM_056784890.1	A	BRAKERILHT00000012257	A
rna-XM_056784663.1	A	BRAKERILHT00000006603	A
rna-XM_056784106.1	A	BRAKERILHT00000014789	A
rna-XM_056784770.1	A	BRAKERILHT00000009348	A
rna-XM_056784892.1	A	BRAKERILHT00000008528	A
rna-XM_056784893.1	A	BRAKERILHT00000009289	A
rna-XM_056784083.1	A	BRAKERILHT00000009668	A
rna-XM_056784726.1	A	BRAKERILHT00000009327	A
rna-XM_056784297.1	A	BRAKERILHT00000014110	A
rna-XM_056784362.1	A	BRAKERILHT00000003519	A
rna-XM_056785723.1	A	BRAKERILHT00000004050	A
rna-XM_056785724.1	A	BRAKERILHT00000006334	A
rna-XM_056785738.1	A	BRAKERILHT00000008854	A
rna-XM_056785730.1	A	BRAKERILHT00000004473	A
rna-XM_056785727.1	A	BRAKERILHT00000005498	A
rna-XM_056785739.1	A	BRAKERILHT00000006251	A
rna-XM_056785736.1	A	BRAKERILHT00000005345	A
rna-XM_056785731.1	A	BRAKERILHT00000004908	A
rna-XM_056785734.1	A	BRAKERILHT00000004648	A
rna-XM_056785732.1	A	BRAKERILHT00000005680	A
rna-XM_056785735.1	A	BRAKERILHT00000000985	A
rna-XM_056785744.1	A	BRAKERILHT00000007756	A
rna-XM_056785745.1	A	BRAKERILHT00000007240	A
rna-XM_056785746.1	A	BRAKERILHT00000008414	A
rna-XM_056784894.1	A	BRAKERILHT00000000500	A
rna-XM_056785748.1	A	BRAKERILHT00000003353	A
rna-XM_056785749.1	A	BRAKERILHT00000001355	A
rna-XM_056785750.1	A	BRAKERILHT00000007566	A
rna-XM_056785753.1	A	BRAKERILHT00000007144	A
rna-XM_056785754.1	A	BRAKERILHT00000014577	A
rna-XM_056785757.1	A	BRAKERILHT00000007969	A
rna-XM_056785758.1	A	BRAKERILHT00000007743	A
rna-XM_056785759.1	A	BRAKERILHT00000006546	A
rna-XM_056785760.1	A	BRAKERILHT00000008298	A
rna-XM_056785761.1	A	BRAKERILHT00000000202	A
rna-XM_056785768.1	A	BRAKERILHT00000007732	A
rna-XM_056785767.1	A	BRAKERILHT00000008323	A
rna-XM_056785769.1	A	BRAKERILHT00000002008	A
rna-XM_056785772.1	A	BRAKERILHT00000000397	A
rna-XM_056785773.1	A	BRAKERILHT00000001032	A
rna-XM_056785774.1	A	BRAKERILHT00000006548	A
rna-XM_056785777.1	A	BRAKERILHT00000006352	A
rna-XM_056785780.1	A	BRAKERILHT00000000426	A
rna-XM_056785779.1	A	BRAKERILHT00000001995	A
rna-XM_056785778.1	A	BRAKERILHT00000007110	A
rna-XM_056785775.1	A	BRAKERILHT00000002315	A
rna-XM_056785789.1	A	BRAKERILHT00000016610	A
rna-XM_056785783.1	A	BRAKERILHT00000016329	A
rna-XM_056785791.1	A	BRAKERILHT00000013021	A
rna-XM_056785782.1	A	BRAKERILHT00000016713	A
rna-XM_056785797.1	A	BRAKERILHT00000016242	A
rna-XM_056785792.1	A	BRAKERILHT00000016960	A
rna-XM_056785794.1	A	BRAKERILHT00000008023	A
rna-XM_056785796.1	A	BRAKERILHT00000008653	A
rna-XM_056785806.1	A	BRAKERILHT00000008601	A
rna-XM_056785807.1	A	BRAKERILHT00000011804	A
rna-XM_056785808.1	A	BRAKERILHT00000013287	A
rna-XM_056785812.1	A	BRAKERILHT00000011559	A
rna-XM_056785817.1	A	BRAKERILHT00000010480	A
rna-XM_056785823.1	A	BRAKERILHT00000000713	A
rna-XM_056785824.1	A	BRAKERILHT00000002660	A
rna-XM_056785825.1	A	BRAKERILHT00000003248	A
rna-XM_056785821.1	A	BRAKERILHT00000009343	A
rna-XM_056785828.1	A	BRAKERILHT00000010403	A
rna-XM_056784291.1	A	BRAKERILHT00000005255	A
rna-XM_056784241.1	A	BRAKERILHT00000009004	A
rna-XM_056784967.1	A	BRAKERILHT00000000350	A
rna-XM_056784901.1	A	BRAKERILHT00000005185	A
rna-XM_056784799.1	A	BRAKERILHT00000010142	A
rna-XM_056784798.1	A	BRAKERILHT00000010020	A
rna-XM_056784903.1	A	BRAKERILHT00000002784	A
rna-XM_056784904.1	A	BRAKERILHT00000002277	A
rna-XM_056784692.1	A	BRAKERILHT00000003315	A
rna-XM_056784268.1	A	BRAKERILHT00000003160	A
rna-XM_056784026.1	A	BRAKERILHT00000007666	A
rna-XM_056784043.1	A	BRAKERILHT00000006611	A
rna-XM_056784208.1	A	BRAKERILHT00000002475	A
rna-XM_056784212.1	A	BRAKERILHT00000007684	A
rna-XM_056785143.1	A	BRAKERILHT00000007050	A
rna-XM_056785145.1	A	BRAKERILHT00000007552	A
rna-XM_056785129.1	A	BRAKERILHT00000007314	A
rna-XM_056785147.1	A	BRAKERILHT00000007011	A
rna-XM_056785140.1	A	BRAKERILHT00000007209	A
rna-XM_056784171.1	A	BRAKERILHT00000015721	A
rna-XM_056784170.1	A	BRAKERILHT00000016856	A
rna-XM_056785416.1	A	BRAKERILHT00000015954	A
rna-XM_056784134.1	A	BRAKERILHT00000016253	A
rna-XM_056784136.1	A	BRAKERILHT00000010006	A
rna-XM_056784139.1	A	BRAKERILHT00000008758	A
rna-XM_056784749.1	A	BRAKERILHT00000010331	A
rna-XM_056784734.1	A	BRAKERILHT00000008937	A
rna-XM_056784066.1	A	BRAKERILHT00000012701	A
rna-XM_056784060.1	A	BRAKERILHT00000009533	A
rna-XM_056784057.1	A	BRAKERILHT00000012439	A
rna-XM_056784069.1	A	BRAKERILHT00000013824	A
rna-XM_056784054.1	A	BRAKERILHT00000016719	A
rna-XM_056785515.1	A	BRAKERILHT00000016342	A
rna-XM_056785518.1	A	BRAKERILHT00000013475	A
rna-XM_056784625.1	A	BRAKERILHT00000009758	A
rna-XM_056785685.1	A	BRAKERILHT00000008752	A
rna-XM_056784169.1	A	BRAKERILHT00000003111	A
rna-XM_056783926.1	A	BRAKERILHT00000011109	A
rna-XM_056783927.1	A	BRAKERILHT00000002019	A
rna-XM_056784813.1	A	BRAKERILHT00000001738	A
rna-XM_056784907.1	A	BRAKERILHT00000001979	A
rna-XM_056784203.1	A	BRAKERILHT00000002193	A
rna-XM_056784197.1	A	BRAKERILHT00000002983	A
rna-XM_056783873.1	A	BRAKERILHT00000015457	A
rna-XM_056783874.1	A	BRAKERILHT00000001702	A
rna-XM_056783875.1	A	BRAKERILHT00000000364	A
rna-XM_056784299.1	A	BRAKERILHT00000015308	A
rna-XM_056784957.1	A	BRAKERILHT00000014766	A
rna-XM_056785671.1	A	BRAKERILHT00000015275	A
rna-XM_056785054.1	A	BRAKERILHT00000014809	A
rna-XM_056785053.1	A	BRAKERILHT00000008939	A
rna-XM_056784911.1	A	BRAKERILHT00000003579	A
rna-XM_056784912.1	A	BRAKERILHT00000011622	A
rna-XM_056784998.1	A	BRAKERILHT00000014421	A
rna-XM_056784627.1	A	BRAKERILHT00000014313	A
rna-XM_056784258.1	A	BRAKERILHT00000011685	A
rna-XM_056784030.1	A	BRAKERILHT00000004034	A
rna-XM_056784618.1	A	BRAKERILHT00000006866	A
rna-XM_056784616.1	A	BRAKERILHT00000004415	A
rna-XM_056784775.1	A	BRAKERILHT00000001173	A
rna-XM_056783993.1	A	BRAKERILHT00000013939	A
rna-XM_056783994.1	A	BRAKERILHT00000009383	A
rna-XM_056784004.1	A	BRAKERILHT00000016577	A
rna-XM_056784007.1	A	BRAKERILHT00000008898	A
rna-XM_056784008.1	A	BRAKERILHT00000016445	A
rna-XM_056783997.1	A	BRAKERILHT00000009301	A
rna-XM_056784369.1	A	BRAKERILHT00000000778	A
rna-XM_056784371.1	A	BRAKERILHT00000006426	A
rna-XM_056784372.1	A	BRAKERILHT00000009795	A
rna-XM_056784374.1	A	BRAKERILHT00000008646	A
rna-XM_056784709.1	A	BRAKERILHT00000009604	A
rna-XM_056784708.1	A	BRAKERILHT00000007770	A
rna-XM_056784025.1	A	BRAKERILHT00000010191	A
rna-XM_056785860.1	A	BRAKERILHT00000009901	A
rna-XM_056785863.1	A	BRAKERILHT00000006711	A
rna-XM_056785864.1	A	BRAKERILHT00000007344	A
rna-XM_056784267.1	A	BRAKERILHT00000007348	A
rna-XM_056783886.1	A	BRAKERILHT00000008622	A
rna-XM_056783887.1	A	BRAKERILHT00000015997	A
rna-XM_056783888.1	A	BRAKERILHT00000009677	A
rna-XM_056783907.1	A	BRAKERILHT00000000684	A
rna-XM_056783904.1	A	BRAKERILHT00000003454	A
rna-XM_056783901.1	A	BRAKERILHT00000004131	A
rna-XM_056783890.1	A	BRAKERILHT00000002948	A
rna-XM_056783903.1	A	BRAKERILHT00000002677	A
rna-XM_056783899.1	A	BRAKERILHT00000017132	X
rna-XM_056783905.1	A	BRAKERILHT00000008893	A
rna-XM_056783900.1	A	BRAKERILHT00000002834	A
rna-XM_056783897.1	A	BRAKERILHT00000002438	A
rna-XM_056783895.1	A	BRAKERILHT00000004447	A
rna-XM_056783889.1	A	BRAKERILHT00000004018	A
rna-XM_056784732.1	A	BRAKERILHT00000002649	A
rna-XM_056784727.1	A	BRAKERILHT00000003296	A
rna-XM_056784115.1	A	BRAKERILHT00000002359	A
rna-XM_056785378.1	A	BRAKERILHT00000003017	A
rna-XM_056785380.1	A	BRAKERILHT00000002287	A
rna-XM_056785382.1	A	BRAKERILHT00000004025	A
rna-XM_056785383.1	A	BRAKERILHT00000003423	A
rna-XM_056785381.1	A	BRAKERILHT00000016658	A
rna-XM_056785386.1	A	BRAKERILHT00000002613	A
rna-XM_056785385.1	A	BRAKERILHT00000004127	A
rna-XM_056785056.1	A	BRAKERILHT00000001236	A
rna-XM_056785068.1	A	BRAKERILHT00000000629	A
rna-XM_056785062.1	A	BRAKERILHT00000000286	A
rna-XM_056785061.1	A	BRAKERILHT00000006434	A
rna-XM_056785064.1	A	BRAKERILHT00000010086	A
rna-XM_056785060.1	A	BRAKERILHT00000000309	A
rna-XM_056785070.1	A	BRAKERILHT00000000767	A
rna-XM_056785074.1	A	BRAKERILHT00000004482	A
rna-XM_056785075.1	A	BRAKERILHT00000005468	A
rna-XM_056785078.1	A	BRAKERILHT00000001879	A
rna-XM_056785077.1	A	BRAKERILHT00000001123	A
rna-XM_056784017.1	A	BRAKERILHT00000000688	A
rna-XM_056784015.1	A	BRAKERILHT00000012418	A
rna-XM_056784927.1	A	BRAKERILHT00000013139	A
rna-XM_056784928.1	A	BRAKERILHT00000013717	A
rna-XM_056784096.1	A	BRAKERILHT00000015245	A
rna-XM_056784325.1	A	BRAKERILHT00000015589	A
rna-XM_056784742.1	A	BRAKERILHT00000014366	A
rna-XM_056784743.1	A	BRAKERILHT00000015085	A
rna-XM_056784745.1	A	BRAKERILHT00000015471	A
rna-XM_056784930.1	A	BRAKERILHT00000015089	A
rna-XM_056784747.1	A	BRAKERILHT00000014666	A
rna-XM_056785360.1	A	BRAKERILHT00000015108	A
rna-XM_056785652.1	A	BRAKERILHT00000015121	A
rna-XM_056785653.1	A	BRAKERILHT00000012835	A
rna-XM_056785654.1	A	BRAKERILHT00000013954	A
rna-XM_056785148.1	A	BRAKERILHT00000013344	A
rna-XM_056785155.1	A	BRAKERILHT00000012480	A
rna-XM_056785157.1	A	BRAKERILHT00000014028	A
rna-XM_056785158.1	A	BRAKERILHT00000012411	A
rna-XM_056785153.1	A	BRAKERILHT00000013716	A
rna-XM_056785156.1	A	BRAKERILHT00000012708	A
rna-XM_056785159.1	A	BRAKERILHT00000001383	A
rna-XM_056784675.1	A	BRAKERILHT00000012690	A
rna-XM_056784676.1	A	BRAKERILHT00000014318	A
rna-XM_056784699.1	A	BRAKERILHT00000014196	A
rna-XM_056784700.1	A	BRAKERILHT00000015445	A
rna-XM_056784705.1	A	BRAKERILHT00000015113	A
rna-XM_056784931.1	A	BRAKERILHT00000015379	A
rna-XM_056784313.1	A	BRAKERILHT00000014746	A
rna-XM_056784314.1	A	BRAKERILHT00000014280	A
rna-XM_056784315.1	A	BRAKERILHT00000014770	A
rna-XM_056784974.1	A	BRAKERILHT00000014377	A
rna-XM_056784104.1	A	BRAKERILHT00000015575	A
rna-XM_056784936.1	A	BRAKERILHT00000003240	A
rna-XM_056784665.1	A	BRAKERILHT00000007744	A
rna-XM_056785017.1	A	BRAKERILHT00000015072	A
rna-XM_056784161.1	A	BRAKERILHT00000010626	A
rna-XM_056784160.1	A	BRAKERILHT00000014811	A
rna-XM_056784809.1	A	BRAKERILHT00000007293	A
rna-XM_056784621.1	A	BRAKERILHT00000015197	A
rna-XM_056784684.1	A	BRAKERILHT00000015103	A
rna-XM_056784952.1	A	BRAKERILHT00000015630	A
rna-XM_056784118.1	A	BRAKERILHT00000015295	A
rna-XM_056785013.1	A	BRAKERILHT00000015177	A
rna-XM_056784938.1	A	BRAKERILHT00000010517	A
rna-XM_056783870.1	A	BRAKERILHT00000012087	A
rna-XM_056784939.1	A	BRAKERILHT00000005122	A
rna-XM_056784246.1	A	BRAKERILHT00000013392	A
rna-XM_056784245.1	A	BRAKERILHT00000012834	A
rna-XM_056784940.1	A	BRAKERILHT00000013803	A
rna-XM_056784942.1	A	BRAKERILHT00000013020	A
rna-XM_056784943.1	A	BRAKERILHT00000013630	A
rna-XM_056784944.1	A	BRAKERILHT00000013289	A
rna-XM_056784909.1	A	BRAKERILHT00000013418	A
rna-XM_056785263.1	A	BRAKERILHT00000012949	A
rna-XM_056785267.1	A	BRAKERILHT00000009871	A
rna-XM_056784945.1	A	BRAKERILHT00000013055	A
rna-XM_056785265.1	A	BRAKERILHT00000013531	A
rna-XM_056785272.1	A	BRAKERILHT00000014008	A
rna-XM_056785271.1	A	BRAKERILHT00000013490	A
rna-XM_056785270.1	A	BRAKERILHT00000008911	A
rna-XM_056785281.1	A	BRAKERILHT00000000236	A
rna-XM_056785282.1	A	BRAKERILHT00000012325	A
rna-XM_056785283.1	A	BRAKERILHT00000012722	A
rna-XM_056785286.1	A	BRAKERILHT00000014257	A
rna-XM_056785287.1	A	BRAKERILHT00000001556	A
rna-XM_056785291.1	A	BRAKERILHT00000015004	A
rna-XM_056785292.1	A	BRAKERILHT00000015226	A
rna-XM_056785294.1	A	BRAKERILHT00000015144	A
rna-XM_056785298.1	A	BRAKERILHT00000004547	A
rna-XM_056785319.1	A	BRAKERILHT00000014515	A
rna-XM_056785299.1	A	BRAKERILHT00000014499	A
rna-XM_056785306.1	A	BRAKERILHT00000013190	A
rna-XM_056785309.1	A	BRAKERILHT00000012434	A
rna-XM_056785317.1	A	BRAKERILHT00000013328	A
rna-XM_056785314.1	A	BRAKERILHT00000014053	A
rna-XM_056785320.1	A	BRAKERILHT00000006600	A
rna-XM_056785308.1	A	BRAKERILHT00000004262	A
rna-XM_056785303.1	A	BRAKERILHT00000014891	A
rna-XM_056785321.1	A	BRAKERILHT00000006346	A
rna-XM_056784153.1	A	BRAKERILHT00000001644	A
rna-XM_056785254.1	A	BRAKERILHT00000004105	A
rna-XM_056785258.1	A	BRAKERILHT00000000427	A
rna-XM_056785261.1	A	BRAKERILHT00000003391	A
rna-XM_056785262.1	A	BRAKERILHT00000003948	A
rna-XM_056784489.1	A	BRAKERILHT00000003434	A
rna-XM_056785388.1	A	BRAKERILHT00000009732	A
rna-XM_056784985.1	A	BRAKERILHT00000008993	A
rna-XM_056785391.1	A	BRAKERILHT00000008648	A
rna-XM_056784274.1	A	BRAKERILHT00000010588	A
rna-XM_056784263.1	A	BRAKERILHT00000004098	A
rna-XM_056784264.1	A	BRAKERILHT00000014989	A
rna-XM_056784265.1	A	BRAKERILHT00000013100	A
rna-XM_056784871.1	A	BRAKERILHT00000015330	A
rna-XM_056784613.1	A	BRAKERILHT00000013156	A
rna-XM_056785528.1	A	BRAKERILHT00000014384	A
rna-XM_056785530.1	A	BRAKERILHT00000014688	A
rna-XM_056784669.1	A	BRAKERILHT00000006942	A
rna-XM_056784670.1	A	BRAKERILHT00000009407	A
rna-XM_056784322.1	A	BRAKERILHT00000013656	A
rna-XM_056784130.1	A	BRAKERILHT00000000007	A
rna-XM_056784133.1	A	BRAKERILHT00000001736	A
rna-XM_056784132.1	A	BRAKERILHT00000001077	A
rna-XM_056784220.1	A	BRAKERILHT00000010682	A
rna-XM_056784869.1	A	BRAKERILHT00000012296	A
rna-XM_056784502.1	A	BRAKERILHT00000011691	A
rna-XM_056784501.1	A	BRAKERILHT00000011414	A
rna-XM_056784109.1	A	BRAKERILHT00000011335	A
rna-XM_056784229.1	A	BRAKERILHT00000011951	A
rna-XM_056784255.1	A	BRAKERILHT00000011472	A
rna-XM_056784256.1	A	BRAKERILHT00000010417	A
rna-XM_056785829.1	A	BRAKERILHT00000001386	A
rna-XM_056785848.1	A	BRAKERILHT00000015582	A
rna-XM_056785843.1	A	BRAKERILHT00000000160	A
rna-XM_056785841.1	A	BRAKERILHT00000000760	A
rna-XM_056785842.1	A	BRAKERILHT00000001089	A
rna-XM_056785836.1	A	BRAKERILHT00000014896	A
rna-XM_056785533.1	A	BRAKERILHT00000015041	A
rna-XM_056785837.1	A	BRAKERILHT00000010824	A
rna-XM_056784493.1	A	BRAKERILHT00000011506	A
rna-XM_056784492.1	A	BRAKERILHT00000011191	A
rna-XM_056784498.1	A	BRAKERILHT00000010694	A
rna-XM_056784494.1	A	BRAKERILHT00000011766	A
rna-XM_056785614.1	A	BRAKERILHT00000012055	A
rna-XM_056785611.1	A	BRAKERILHT00000011199	A
rna-XM_056785879.1	A	BRAKERILHT00000012227	A
rna-XM_056785722.1	A	BRAKERILHT00000011039	A
rna-XM_056784915.1	A	BRAKERILHT00000011163	A
rna-XM_056784917.1	A	BRAKERILHT00000010720	A
rna-XM_056785536.1	A	BRAKERILHT00000012216	A
rna-XM_056785865.1	A	BRAKERILHT00000010972	A
rna-XM_056785872.1	A	BRAKERILHT00000011250	A
rna-XM_056785869.1	A	BRAKERILHT00000011777	A
rna-XM_056785876.1	A	BRAKERILHT00000011075	A
rna-XM_056785878.1	A	BRAKERILHT00000011028	A
rna-XM_056785163.1	A	BRAKERILHT00000015442	A
rna-XM_056785169.1	A	BRAKERILHT00000015400	A
rna-XM_056785168.1	A	BRAKERILHT00000014968	A
rna-XM_056785538.1	A	BRAKERILHT00000015435	A
rna-XM_056784933.1	A	BRAKERILHT00000012331	A
rna-XM_056784761.1	A	BRAKERILHT00000010979	A
rna-XM_056784187.1	A	BRAKERILHT00000001902	A
rna-XM_056784825.1	A	BRAKERILHT00000011300	A
rna-XM_056785410.1	A	BRAKERILHT00000014292	A
rna-XM_056784120.1	A	BRAKERILHT00000014057	A
rna-XM_056785679.1	A	BRAKERILHT00000014176	A
rna-XM_056784822.1	A	BRAKERILHT00000015957	A
rna-XM_056784823.1	A	BRAKERILHT00000008963	A
rna-XM_056784478.1	A	BRAKERILHT00000008674	A
rna-XM_056785030.1	A	BRAKERILHT00000010187	A
rna-XM_056785031.1	A	BRAKERILHT00000008539	A
rna-XM_056785022.1	A	BRAKERILHT00000009676	A
rna-XM_056785020.1	A	BRAKERILHT00000013225	A
rna-XM_056785028.1	A	BRAKERILHT00000006841	A
rna-XM_056784878.1	A	BRAKERILHT00000008166	A
rna-XM_056784879.1	A	BRAKERILHT00000006831	A
rna-XM_056785161.1	A	BRAKERILHT00000006992	A
rna-XM_056784865.1	A	BRAKERILHT00000006557	A
rna-XM_056784215.1	A	BRAKERILHT00000016104	A
rna-XM_056784087.1	A	BRAKERILHT00000010048	A
rna-XM_056785081.1	A	BRAKERILHT00000008629	A
rna-XM_056785554.1	A	BRAKERILHT00000001193	A
rna-XM_056784075.1	A	BRAKERILHT00000009448	A
rna-XM_056784077.1	A	BRAKERILHT00000016942	A
rna-XM_056785046.1	A	BRAKERILHT00000010178	A
rna-XM_056784335.1	A	BRAKERILHT00000011744	A
rna-XM_056784205.1	A	BRAKERILHT00000008897	A
rna-XM_056784723.1	A	BRAKERILHT00000009145	A
rna-XM_056784724.1	A	BRAKERILHT00000007328	A
rna-XM_056784716.1	A	BRAKERILHT00000000548	A
rna-XM_056785558.1	A	BRAKERILHT00000005597	A
rna-XM_056784722.1	A	BRAKERILHT00000011248	A
rna-XM_056784712.1	A	BRAKERILHT00000011448	A
rna-XM_056784721.1	A	BRAKERILHT00000012046	A
rna-XM_056785520.1	A	BRAKERILHT00000016432	A
rna-XM_056785525.1	A	BRAKERILHT00000008443	A
rna-XM_056784956.1	A	BRAKERILHT00000008231	A
rna-XM_056784124.1	A	BRAKERILHT00000010143	A
rna-XM_056784125.1	A	BRAKERILHT00000009592	A
rna-XM_056784811.1	A	BRAKERILHT00000009166	A
rna-XM_056784193.1	A	BRAKERILHT00000008830	A
rna-XM_056785002.1	A	BRAKERILHT00000009225	A
rna-XM_056784787.1	A	BRAKERILHT00000010210	A
rna-XM_056785328.1	A	BRAKERILHT00000011013	A
rna-XM_056785333.1	A	BRAKERILHT00000010724	A
rna-XM_056785335.1	A	BRAKERILHT00000008673	A
rna-XM_056785336.1	A	BRAKERILHT00000009925	A
rna-XM_056785342.1	A	BRAKERILHT00000009496	A
rna-XM_056785171.1	A	BRAKERILHT00000006837	A
rna-XM_056785172.1	A	BRAKERILHT00000007656	A
rna-XM_056784152.1	A	BRAKERILHT00000007956	A
rna-XM_056783914.1	A	BRAKERILHT00000007378	A
rna-XM_056784150.1	A	BRAKERILHT00000007263	A
rna-XM_056784781.1	A	BRAKERILHT00000007825	A
rna-XM_056784158.1	A	BRAKERILHT00000007249	A
rna-XM_056784129.1	A	BRAKERILHT00000006989	A
rna-XM_056785357.1	A	BRAKERILHT00000007126	A
rna-XM_056785358.1	A	BRAKERILHT00000008331	A
rna-XM_056784379.1	A	BRAKERILHT00000008380	A
rna-XM_056784095.1	A	BRAKERILHT00000007707	A
rna-XM_056785858.1	A	BRAKERILHT00000006577	A
rna-XM_056784148.1	A	BRAKERILHT00000005869	A
rna-XM_056785562.1	A	BRAKERILHT00000005862	A
rna-XM_056785412.1	A	BRAKERILHT00000005580	A
rna-XM_056785415.1	A	BRAKERILHT00000004736	A
rna-XM_056784113.1	A	BRAKERILHT00000005249	A
rna-XM_056784248.1	A	BRAKERILHT00000005868	A
rna-XM_056784192.1	A	BRAKERILHT00000009347	A
rna-XM_056783908.1	A	BRAKERILHT00000009812	A
rna-XM_056784685.1	A	BRAKERILHT00000010318	A
rna-XM_056784686.1	A	BRAKERILHT00000008784	A
rna-XM_056783968.1	A	BRAKERILHT00000008931	A
rna-XM_056785565.1	A	BRAKERILHT00000003974	A
rna-XM_056783967.1	A	BRAKERILHT00000000102	A
rna-XM_056783966.1	A	BRAKERILHT00000008571	A
rna-XM_056783969.1	A	BRAKERILHT00000016717	A
rna-XM_056783960.1	A	BRAKERILHT00000015758	A
rna-XM_056783961.1	A	BRAKERILHT00000015889	A
rna-XM_056783962.1	A	BRAKERILHT00000006547	A
rna-XM_056783959.1	A	BRAKERILHT00000003019	A
rna-XM_056783971.1	A	BRAKERILHT00000007347	A
rna-XM_056783972.1	A	BRAKERILHT00000007372	A
rna-XM_056783931.1	A	BRAKERILHT00000007586	A
rna-XM_056783933.1	A	BRAKERILHT00000007401	A
rna-XM_056783935.1	A	BRAKERILHT00000008327	A
rna-XM_056785568.1	A	BRAKERILHT00000006865	A
rna-XM_056783937.1	A	BRAKERILHT00000007962	A
rna-XM_056785570.1	A	BRAKERILHT00000007885	A
rna-XM_056783947.1	A	BRAKERILHT00000007001	A
rna-XM_056783948.1	A	BRAKERILHT00000000786	A
rna-XM_056785571.1	A	BRAKERILHT00000017977	X
rna-XM_056783950.1	A	BRAKERILHT00000000284	A
rna-XM_056783951.1	A	BRAKERILHT00000005320	A
rna-XM_056783954.1	A	BRAKERILHT00000007161	A
rna-XM_056785710.1	A	BRAKERILHT00000007071	A
rna-XM_056785719.1	A	BRAKERILHT00000006646	A
rna-XM_056785721.1	A	BRAKERILHT00000015005	A
rna-XM_056785343.1	A	BRAKERILHT00000008059	A
rna-XM_056785347.1	A	BRAKERILHT00000007509	A
rna-XM_056785344.1	A	BRAKERILHT00000007835	A
rna-XM_056785355.1	A	BRAKERILHT00000000900	A
rna-XM_056785348.1	A	BRAKERILHT00000006676	A
rna-XM_056785356.1	A	BRAKERILHT00000007103	A
rna-XM_056784190.1	A	BRAKERILHT00000007698	A
rna-XM_056784279.1	A	BRAKERILHT00000006826	A
rna-XM_056784735.1	A	BRAKERILHT00000007971	A
rna-XM_056784661.1	A	BRAKERILHT00000006690	A
rna-XM_056784296.1	A	BRAKERILHT00000006500	A
rna-XM_056785577.1	A	BRAKERILHT00000008039	A
rna-XM_056785578.1	A	BRAKERILHT00000010932	A
rna-XM_056784987.1	A	BRAKERILHT00000016222	A
rna-XM_056784973.1	A	BRAKERILHT00000016305	A
rna-XM_056784378.1	A	BRAKERILHT00000007203	A
rna-XM_056783955.1	A	BRAKERILHT00000006813	A
rna-XM_056784368.1	A	BRAKERILHT00000014980	A
rna-XM_056784733.1	A	BRAKERILHT00000010857	A
rna-XM_056785888.1	A	BRAKERILHT00000012037	A
rna-XM_056784097.1	A	BRAKERILHT00000005363	A
rna-XM_056784748.1	A	BRAKERILHT00000005648	A
rna-XM_056784216.1	A	BRAKERILHT00000005779	A
rna-XM_056785019.1	A	BRAKERILHT00000007434	A
rna-XM_056785018.1	A	BRAKERILHT00000007102	A
rna-XM_056785324.1	A	BRAKERILHT00000005923	A
rna-XM_056785325.1	A	BRAKERILHT00000005858	A
rna-XM_056785326.1	A	BRAKERILHT00000006302	A
rna-XM_056785327.1	A	BRAKERILHT00000005817	A
rna-XM_056784820.1	A	BRAKERILHT00000006164	A
rna-XM_056785680.1	A	BRAKERILHT00000004647	A
rna-XM_056785682.1	A	BRAKERILHT00000005635	A
rna-XM_056785684.1	A	BRAKERILHT00000006351	A
rna-XM_056784078.1	A	BRAKERILHT00000004517	A
rna-XM_056784632.1	A	BRAKERILHT00000013764	A
rna-XM_056784697.1	A	BRAKERILHT00000004945	A
rna-XM_056784360.1	A	BRAKERILHT00000005366	A
rna-XM_056784035.1	A	BRAKERILHT00000005482	A
rna-XM_056784127.1	A	BRAKERILHT00000011178	A
rna-XM_056784970.1	A	BRAKERILHT00000008832	A
rna-XM_056784101.1	A	BRAKERILHT00000015070	A
rna-XM_056785849.1	A	BRAKERILHT00000014596	A
rna-XM_056785193.1	A	BRAKERILHT00000014487	A
rna-XM_056785192.1	A	BRAKERILHT00000010093	A
rna-XM_056785194.1	A	BRAKERILHT00000009077	A
rna-XM_056785197.1	A	BRAKERILHT00000014291	A
rna-XM_056785195.1	A	BRAKERILHT00000015366	A
rna-XM_056785202.1	A	BRAKERILHT00000010301	A
rna-XM_056785210.1	A	BRAKERILHT00000017199	X
rna-XM_056785198.1	A	BRAKERILHT00000001297	A
rna-XM_056785200.1	A	BRAKERILHT00000010198	A
rna-XM_056785208.1	A	BRAKERILHT00000010316	A
rna-XM_056785211.1	A	BRAKERILHT00000009248	A
rna-XM_056785213.1	A	BRAKERILHT00000009630	A
rna-XM_056785216.1	A	BRAKERILHT00000009936	A
rna-XM_056785217.1	A	BRAKERILHT00000008665	A
rna-XM_056785218.1	A	BRAKERILHT00000010109	A
rna-XM_056785221.1	A	BRAKERILHT00000012417	A
rna-XM_056785220.1	A	BRAKERILHT00000013183	A
rna-XM_056785222.1	A	BRAKERILHT00000012698	A
rna-XM_056785223.1	A	BRAKERILHT00000012804	A
rna-XM_056785227.1	A	BRAKERILHT00000013288	A
rna-XM_056785228.1	A	BRAKERILHT00000013033	A
rna-XM_056784738.1	A	BRAKERILHT00000013563	A
rna-XM_056784185.1	A	BRAKERILHT00000012412	A
rna-XM_056784186.1	A	BRAKERILHT00000013858	A
rna-XM_056784808.1	A	BRAKERILHT00000012915	A
rna-XM_056784252.1	A	BRAKERILHT00000011737	A
rna-XM_056784253.1	A	BRAKERILHT00000011921	A
rna-XM_056784349.1	A	BRAKERILHT00000010749	A
rna-XM_056784354.1	A	BRAKERILHT00000005005	A
rna-XM_056784310.1	A	BRAKERILHT00000015495	A
rna-XM_056784157.1	A	BRAKERILHT00000015844	A
rna-XM_056784964.1	A	BRAKERILHT00000004714	A
rna-XM_056784504.1	A	BRAKERILHT00000007226	A
rna-XM_056784509.1	A	BRAKERILHT00000007121	A
rna-XM_056784503.1	A	BRAKERILHT00000010035	A
rna-XM_056784507.1	A	BRAKERILHT00000009411	A
rna-XM_056784511.1	A	BRAKERILHT00000009827	A
rna-XM_056785587.1	A	BRAKERILHT00000009307	A
rna-XM_056785588.1	A	BRAKERILHT00000003211	A
rna-XM_056784518.1	A	BRAKERILHT00000014319	A
rna-XM_056784520.1	A	BRAKERILHT00000002758	A
rna-XM_056784521.1	A	BRAKERILHT00000015588	A
rna-XM_056784523.1	A	BRAKERILHT00000000325	A
rna-XM_056784527.1	A	BRAKERILHT00000000576	A
rna-XM_056784531.1	A	BRAKERILHT00000000259	A
rna-XM_056784537.1	A	BRAKERILHT00000002048	A
rna-XM_056784536.1	A	BRAKERILHT00000001814	A
rna-XM_056784533.1	A	BRAKERILHT00000001663	A
rna-XM_056784539.1	A	BRAKERILHT00000001163	A
rna-XM_056784540.1	A	BRAKERILHT00000001674	A
rna-XM_056784541.1	A	BRAKERILHT00000014256	A
rna-XM_056784542.1	A	BRAKERILHT00000010189	A
rna-XM_056784547.1	A	BRAKERILHT00000009772	A
rna-XM_056784552.1	A	BRAKERILHT00000004237	A
rna-XM_056784564.1	A	BRAKERILHT00000005456	A
rna-XM_056784566.1	A	BRAKERILHT00000008110	A
rna-XM_056784565.1	A	BRAKERILHT00000015160	A
rna-XM_056784569.1	A	BRAKERILHT00000005980	A
rna-XM_056784572.1	A	BRAKERILHT00000004247	A
rna-XM_056784570.1	A	BRAKERILHT00000011762	A
rna-XM_056784580.1	A	BRAKERILHT00000015268	A
rna-XM_056784578.1	A	BRAKERILHT00000014663	A
rna-XM_056784581.1	A	BRAKERILHT00000014850	A
rna-XM_056784575.1	A	BRAKERILHT00000002961	A
rna-XM_056784582.1	A	BRAKERILHT00000003616	A
rna-XM_056784583.1	A	BRAKERILHT00000014557	A
rna-XM_056784594.1	A	BRAKERILHT00000000038	A
rna-XM_056784584.1	A	BRAKERILHT00000016568	A
rna-XM_056784593.1	A	BRAKERILHT00000016874	A
rna-XM_056784595.1	A	BRAKERILHT00000014159	A
rna-XM_056785589.1	A	BRAKERILHT00000007157	A
rna-XM_056785590.1	A	BRAKERILHT00000013114	A
rna-XM_056784597.1	A	BRAKERILHT00000006270	A
rna-XM_056784600.1	A	BRAKERILHT00000001685	A
rna-XM_056784603.1	A	BRAKERILHT00000008729	A
rna-XM_056784604.1	A	BRAKERILHT00000005349	A
rna-XM_056784607.1	A	BRAKERILHT00000001642	A
rna-XM_056784610.1	A	BRAKERILHT00000001135	A
rna-XM_056784294.1	A	BRAKERILHT00000005552	A
rna-XM_056784162.1	A	BRAKERILHT00000000280	A
rna-XM_056785592.1	A	BRAKERILHT00000001005	A
rna-XM_056785893.1	A	BRAKERILHT00000010548	A
rna-XM_056785890.1	A	BRAKERILHT00000016184	A
rna-XM_056785895.1	A	BRAKERILHT00000004946	A
rna-XM_056785896.1	A	BRAKERILHT00000014141	A
rna-XM_056785898.1	A	BRAKERILHT00000015467	A
rna-XM_056785902.1	A	BRAKERILHT00000011487	A
rna-XM_056785905.1	A	BRAKERILHT00000008095	A
rna-XM_056785907.1	A	BRAKERILHT00000001660	A
rna-XM_056785910.1	A	BRAKERILHT00000011441	A
rna-XM_056785929.1	A	BRAKERILHT00000009151	A
rna-XM_056785926.1	A	BRAKERILHT00000008751	A
rna-XM_056785914.1	A	BRAKERILHT00000001583	A
rna-XM_056785922.1	A	BRAKERILHT00000000891	A
rna-XM_056785916.1	A	BRAKERILHT00000004560	A
rna-XM_056785912.1	A	BRAKERILHT00000004490	A
rna-XM_056785911.1	A	BRAKERILHT00000006060	A
rna-XM_056785593.1	A	BRAKERILHT00000008123	A
rna-XM_056785925.1	A	BRAKERILHT00000009992	A
rna-XM_056785937.1	A	BRAKERILHT00000006567	A
rna-XM_056785938.1	A	BRAKERILHT00000008696	A
rna-XM_056785939.1	A	BRAKERILHT00000010096	A
rna-XM_056784034.1	A	BRAKERILHT00000005039	A
rna-XM_056784619.1	A	BRAKERILHT00000005889	A
rna-XM_056783876.1	A	BRAKERILHT00000012881	A
rna-XM_056785640.1	A	BRAKERILHT00000005236	A
rna-XM_056785641.1	A	BRAKERILHT00000005513	A
rna-XM_056784788.1	A	BRAKERILHT00000014700	A
rna-XM_056784982.1	A	BRAKERILHT00000014117	A
rna-XM_056784839.1	A	BRAKERILHT00000016496	A
rna-XM_056784196.1	A	BRAKERILHT00000003667	A
rna-XM_056783982.1	A	BRAKERILHT00000004007	A
rna-XM_056783974.1	A	BRAKERILHT00000003541	A
rna-XM_056783981.1	A	BRAKERILHT00000007275	A
rna-XM_056783983.1	A	BRAKERILHT00000007444	A
rna-XM_056783990.1	A	BRAKERILHT00000008065	A
rna-XM_056783984.1	A	BRAKERILHT00000009792	A
rna-XM_056785646.1	A	BRAKERILHT00000007629	A
rna-XM_056785642.1	A	BRAKERILHT00000007041	A
rna-XM_056785644.1	A	BRAKERILHT00000006699	A
rna-XM_056785649.1	A	BRAKERILHT00000005390	A
rna-XM_056785400.1	A	BRAKERILHT00000010654	A
rna-XM_056785402.1	A	BRAKERILHT00000012530	A
rna-XM_056785596.1	A	BRAKERILHT00000007983	A
rna-XM_056785403.1	A	BRAKERILHT00000007594	A
rna-XM_056785407.1	A	BRAKERILHT00000013352	A
rna-XM_056784111.1	A	BRAKERILHT00000007572	A
rna-XM_056785040.1	A	BRAKERILHT00000016657	A
rna-XM_056785037.1	A	BRAKERILHT00000013174	A
rna-XM_056785038.1	A	BRAKERILHT00000012552	A
rna-XM_056785032.1	A	BRAKERILHT00000013455	A
rna-XM_056784225.1	A	BRAKERILHT00000012542	A
rna-XM_056784175.1	A	BRAKERILHT00000012737	A
rna-XM_056784177.1	A	BRAKERILHT00000010550	A
rna-XM_056785600.1	A	BRAKERILHT00000012983	A
rna-XM_056785434.1	A	BRAKERILHT00000016130	A
rna-XM_056785435.1	A	BRAKERILHT00000009360	A
rna-XM_056785446.1	A	BRAKERILHT00000009644	A
rna-XM_056785438.1	A	BRAKERILHT00000008627	A
rna-XM_056785443.1	A	BRAKERILHT00000015840	A
rna-XM_056785437.1	A	BRAKERILHT00000013259	A
rna-XM_056785601.1	A	BRAKERILHT00000006459	A
rna-XM_056785444.1	A	BRAKERILHT00000013718	A
rna-XM_056785450.1	A	BRAKERILHT00000013477	A
rna-XM_056785462.1	A	BRAKERILHT00000005791	A
rna-XM_056785458.1	A	BRAKERILHT00000009180	A
rna-XM_056785466.1	A	BRAKERILHT00000003973	A
rna-XM_056785467.1	A	BRAKERILHT00000002670	A
rna-XM_056785470.1	A	BRAKERILHT00000000198	A
rna-XM_056785473.1	A	BRAKERILHT00000009488	A
rna-XM_056785602.1	A	BRAKERILHT00000009541	A
rna-XM_056785474.1	A	BRAKERILHT00000010248	A
rna-XM_056785475.1	A	BRAKERILHT00000004191	A
rna-XM_056785476.1	A	BRAKERILHT00000002694	A
rna-XM_056785477.1	A	BRAKERILHT00000010595	A
rna-XM_056785483.1	A	BRAKERILHT00000003196	A
rna-XM_056785479.1	A	BRAKERILHT00000003326	A
rna-XM_056785481.1	A	BRAKERILHT00000000460	A
rna-XM_056785484.1	A	BRAKERILHT00000005760	A
rna-XM_056785494.1	A	BRAKERILHT00000001095	A
rna-XM_056785486.1	A	BRAKERILHT00000000601	A
rna-XM_056785493.1	A	BRAKERILHT00000016388	A
rna-XM_056785495.1	A	BRAKERILHT00000005627	A
rna-XM_056785498.1	A	BRAKERILHT00000006068	A
rna-XM_056785497.1	A	BRAKERILHT00000004485	A
rna-XM_056785499.1	A	BRAKERILHT00000005252	A
rna-XM_056785500.1	A	BRAKERILHT00000004524	A
rna-XM_056785503.1	A	BRAKERILHT00000013519	A
rna-XM_056785604.1	A	BRAKERILHT00000002712	A
rna-XM_056785605.1	A	BRAKERILHT00000008693	A
rna-XM_056785504.1	A	BRAKERILHT00000009964	A
rna-XM_056785505.1	A	BRAKERILHT00000010630	A
rna-XM_056785510.1	A	BRAKERILHT00000011813	A
rna-XM_056785507.1	A	BRAKERILHT00000001273	A
rna-XM_056785508.1	A	BRAKERILHT00000017325	X
rna-XM_056785512.1	A	BRAKERILHT00000004663	A
rna-XM_056785513.1	A	BRAKERILHT00000006397	A
rna-XM_056784018.1	A	BRAKERILHT00000004486	A
rna-XM_056784023.1	A	BRAKERILHT00000005549	A
rna-XM_056786341.1	A	BRAKERILHT00000013147	A
rna-XM_056786169.1	A	BRAKERILHT00000013822	A
rna-XM_056786784.1	A	BRAKERILHT00000012725	A
rna-XM_056786767.1	A	BRAKERILHT00000012371	A
rna-XM_056786772.1	A	BRAKERILHT00000012961	A
rna-XM_056786774.1	A	BRAKERILHT00000012721	A
rna-XM_056786771.1	A	BRAKERILHT00000013080	A
rna-XM_056786770.1	A	BRAKERILHT00000010983	A
rna-XM_056786775.1	A	BRAKERILHT00000002500	A
rna-XM_056786458.1	A	BRAKERILHT00000013624	A
rna-XM_056786271.1	A	BRAKERILHT00000013609	A
rna-XM_056786272.1	A	BRAKERILHT00000013018	A
rna-XM_056786445.1	A	BRAKERILHT00000017996	X
rna-XM_056786244.1	A	BRAKERILHT00000013149	A
rna-XM_056786246.1	A	BRAKERILHT00000010702	A
rna-XM_056786241.1	A	BRAKERILHT00000012199	A
rna-XM_056786748.1	A	BRAKERILHT00000001668	A
rna-XM_056786750.1	A	BRAKERILHT00000009931	A
rna-XM_056786752.1	A	BRAKERILHT00000009397	A
rna-XM_056786756.1	A	BRAKERILHT00000008849	A
rna-XM_056786071.1	A	BRAKERILHT00000009740	A
rna-XM_056786339.1	A	BRAKERILHT00000009425	A
rna-XM_056786400.1	A	BRAKERILHT00000009457	A
rna-XM_056786390.1	A	BRAKERILHT00000009429	A
rna-XM_056786632.1	A	BRAKERILHT00000008890	A
rna-XM_056786613.1	A	BRAKERILHT00000009435	A
rna-XM_056786123.1	A	BRAKERILHT00000009129	A
rna-XM_056786091.1	A	BRAKERILHT00000008628	A
rna-XM_056786614.1	A	BRAKERILHT00000006455	A
rna-XM_056785949.1	A	BRAKERILHT00000004749	A
rna-XM_056785958.1	A	BRAKERILHT00000012600	A
rna-XM_056786828.1	A	BRAKERILHT00000013094	A
rna-XM_056786051.1	A	BRAKERILHT00000013197	A
rna-XM_056786103.1	A	BRAKERILHT00000014007	A
rna-XM_056786615.1	A	BRAKERILHT00000005420	A
rna-XM_056786038.1	A	BRAKERILHT00000012581	A
rna-XM_056786299.1	A	BRAKERILHT00000013719	A
rna-XM_056786758.1	A	BRAKERILHT00000011031	A
rna-XM_056786765.1	A	BRAKERILHT00000014798	A
rna-XM_056786766.1	A	BRAKERILHT00000012469	A
rna-XM_056786760.1	A	BRAKERILHT00000015709	A
rna-XM_056786333.1	A	BRAKERILHT00000016080	A
rna-XM_056786336.1	A	BRAKERILHT00000003241	A
rna-XM_056786104.1	A	BRAKERILHT00000011644	A
rna-XM_056786105.1	A	BRAKERILHT00000011216	A
rna-XM_056786109.1	A	BRAKERILHT00000010703	A
rna-XM_056786107.1	A	BRAKERILHT00000011038	A
rna-XM_056786671.1	A	BRAKERILHT00000011361	A
rna-XM_056786674.1	A	BRAKERILHT00000000404	A
rna-XM_056786676.1	A	BRAKERILHT00000002083	A
rna-XM_056786230.1	A	BRAKERILHT00000001606	A
rna-XM_056786411.1	A	BRAKERILHT00000002120	A
rna-XM_056786125.1	A	BRAKERILHT00000010542	A
rna-XM_056786121.1	A	BRAKERILHT00000012210	A
rna-XM_056786122.1	A	BRAKERILHT00000013385	A
rna-XM_056786700.1	A	BRAKERILHT00000013252	A
rna-XM_056786695.1	A	BRAKERILHT00000011756	A
rna-XM_056786705.1	A	BRAKERILHT00000000386	A
rna-XM_056786699.1	A	BRAKERILHT00000009831	A
rna-XM_056786704.1	A	BRAKERILHT00000001794	A
rna-XM_056786691.1	A	BRAKERILHT00000002068	A
rna-XM_056786702.1	A	BRAKERILHT00000008633	A
rna-XM_056786690.1	A	BRAKERILHT00000003914	A
rna-XM_056786706.1	A	BRAKERILHT00000012461	A
rna-XM_056786707.1	A	BRAKERILHT00000013746	A
rna-XM_056786709.1	A	BRAKERILHT00000013920	A
rna-XM_056786311.1	A	BRAKERILHT00000010428	A
rna-XM_056786305.1	A	BRAKERILHT00000001309	A
rna-XM_056786034.1	A	BRAKERILHT00000002102	A
rna-XM_056786036.1	A	BRAKERILHT00000012700	A
rna-XM_056786216.1	A	BRAKERILHT00000001203	A
rna-XM_056786205.1	A	BRAKERILHT00000010152	A
rna-XM_056786495.1	A	BRAKERILHT00000000494	A
rna-XM_056786687.1	A	BRAKERILHT00000005058	A
rna-XM_056786689.1	A	BRAKERILHT00000002138	A
rna-XM_056786324.1	A	BRAKERILHT00000000044	A
rna-XM_056786033.1	A	BRAKERILHT00000006386	A
rna-XM_056786096.1	A	BRAKERILHT00000004519	A
rna-XM_056786511.1	A	BRAKERILHT00000012113	A
rna-XM_056786739.1	A	BRAKERILHT00000006152	A
rna-XM_056786238.1	A	BRAKERILHT00000015517	A
rna-XM_056786292.1	A	BRAKERILHT00000013635	A
rna-XM_056786056.1	A	BRAKERILHT00000012916	A
rna-XM_056786057.1	A	BRAKERILHT00000013498	A
rna-XM_056786058.1	A	BRAKERILHT00000003865	A
rna-XM_056786413.1	A	BRAKERILHT00000003244	A
rna-XM_056786042.1	A	BRAKERILHT00000014610	A
rna-XM_056786026.1	A	BRAKERILHT00000002511	A
rna-XM_056786735.1	A	BRAKERILHT00000003748	A
rna-XM_056786734.1	A	BRAKERILHT00000003077	A
rna-XM_056786077.1	A	BRAKERILHT00000004588	A
rna-XM_056786807.1	A	BRAKERILHT00000010970	A
rna-XM_056786808.1	A	BRAKERILHT00000006683	A
rna-XM_056786809.1	A	BRAKERILHT00000004947	A
rna-XM_056786812.1	A	BRAKERILHT00000004799	A
rna-XM_056786810.1	A	BRAKERILHT00000005509	A
rna-XM_056786813.1	A	BRAKERILHT00000010325	A
rna-XM_056786814.1	A	BRAKERILHT00000006399	A
rna-XM_056786816.1	A	BRAKERILHT00000006298	A
rna-XM_056786822.1	A	BRAKERILHT00000005557	A
rna-XM_056786823.1	A	BRAKERILHT00000014017	A
rna-XM_056786819.1	A	BRAKERILHT00000005511	A
rna-XM_056786076.1	A	BRAKERILHT00000005067	A
rna-XM_056786444.1	A	BRAKERILHT00000010960	A
rna-XM_056786037.1	A	BRAKERILHT00000003109	A
rna-XM_056786053.1	A	BRAKERILHT00000006422	A
rna-XM_056786185.1	A	BRAKERILHT00000006062	A
rna-XM_056786515.1	A	BRAKERILHT00000004911	A
rna-XM_056786516.1	A	BRAKERILHT00000005483	A
rna-XM_056786518.1	A	BRAKERILHT00000006143	A
rna-XM_056786519.1	A	BRAKERILHT00000004570	A
rna-XM_056786520.1	A	BRAKERILHT00000004556	A
rna-XM_056786521.1	A	BRAKERILHT00000006135	A
rna-XM_056786522.1	A	BRAKERILHT00000005082	A
rna-XM_056786525.1	A	BRAKERILHT00000003709	A
rna-XM_056786528.1	A	BRAKERILHT00000003788	A
rna-XM_056786533.1	A	BRAKERILHT00000003470	A
rna-XM_056786535.1	A	BRAKERILHT00000010882	A
rna-XM_056786538.1	A	BRAKERILHT00000003707	A
rna-XM_056786537.1	A	BRAKERILHT00000006196	A
rna-XM_056786536.1	A	BRAKERILHT00000009137	A
rna-XM_056786542.1	A	BRAKERILHT00000015849	A
rna-XM_056786539.1	A	BRAKERILHT00000006439	A
rna-XM_056786541.1	A	BRAKERILHT00000004732	A
rna-XM_056786546.1	A	BRAKERILHT00000003890	A
rna-XM_056786543.1	A	BRAKERILHT00000002330	A
rna-XM_056786547.1	A	BRAKERILHT00000004022	A
rna-XM_056786549.1	A	BRAKERILHT00000010540	A
rna-XM_056786551.1	A	BRAKERILHT00000012716	A
rna-XM_056786550.1	A	BRAKERILHT00000013184	A
rna-XM_056786557.1	A	BRAKERILHT00000003365	A
rna-XM_056786552.1	A	BRAKERILHT00000014906	A
rna-XM_056786554.1	A	BRAKERILHT00000011317	A
rna-XM_056786553.1	A	BRAKERILHT00000003960	A
rna-XM_056786561.1	A	BRAKERILHT00000013917	A
rna-XM_056786562.1	A	BRAKERILHT00000013560	A
rna-XM_056786559.1	A	BRAKERILHT00000015519	A
rna-XM_056786564.1	A	BRAKERILHT00000014393	A
rna-XM_056786176.1	A	BRAKERILHT00000001270	A
rna-XM_056786177.1	A	BRAKERILHT00000013710	A
rna-XM_056786115.1	A	BRAKERILHT00000012366	A
rna-XM_056786163.1	A	BRAKERILHT00000011252	A
rna-XM_056786165.1	A	BRAKERILHT00000012523	A
rna-XM_056786214.1	A	BRAKERILHT00000013267	A
rna-XM_056786622.1	A	BRAKERILHT00000013505	A
rna-XM_056785989.1	A	BRAKERILHT00000012839	A
rna-XM_056785991.1	A	BRAKERILHT00000013810	A
rna-XM_056785994.1	A	BRAKERILHT00000012706	A
rna-XM_056785995.1	A	BRAKERILHT00000013202	A
rna-XM_056785996.1	A	BRAKERILHT00000013216	A
rna-XM_056785997.1	A	BRAKERILHT00000012744	A
rna-XM_056785999.1	A	BRAKERILHT00000015835	A
rna-XM_056786003.1	A	BRAKERILHT00000010535	A
rna-XM_056786001.1	A	BRAKERILHT00000012584	A
rna-XM_056786010.1	A	BRAKERILHT00000012549	A
rna-XM_056786009.1	A	BRAKERILHT00000005818	A
rna-XM_056786011.1	A	BRAKERILHT00000011874	A
rna-XM_056786006.1	A	BRAKERILHT00000010485	A
rna-XM_056786014.1	A	BRAKERILHT00000011083	A
rna-XM_056786016.1	A	BRAKERILHT00000011681	A
rna-XM_056786493.1	A	BRAKERILHT00000010652	A
rna-XM_056786776.1	A	BRAKERILHT00000004067	A
rna-XM_056786782.1	A	BRAKERILHT00000003102	A
rna-XM_056786168.1	A	BRAKERILHT00000003826	A
rna-XM_056786824.1	A	BRAKERILHT00000002462	A
rna-XM_056786207.1	A	BRAKERILHT00000003029	A
rna-XM_056786629.1	A	BRAKERILHT00000002215	A
rna-XM_056786268.1	A	BRAKERILHT00000013543	A
rna-XM_056786187.1	A	BRAKERILHT00000006324	A
rna-XM_056786265.1	A	BRAKERILHT00000003225	A
rna-XM_056786046.1	A	BRAKERILHT00000013167	A
rna-XM_056785946.1	A	BRAKERILHT00000013597	A
rna-XM_056786093.1	A	BRAKERILHT00000012550	A
rna-XM_056786793.1	A	BRAKERILHT00000012484	A
rna-XM_056786637.1	A	BRAKERILHT00000005384	A
rna-XM_056786025.1	A	BRAKERILHT00000000973	A
rna-XM_056786022.1	A	BRAKERILHT00000012634	A
rna-XM_056786021.1	A	BRAKERILHT00000013503	A
rna-XM_056786454.1	A	BRAKERILHT00000002261	A
rna-XM_056786453.1	A	BRAKERILHT00000002894	A
rna-XM_056786099.1	A	BRAKERILHT00000008097	A
rna-XM_056786717.1	A	BRAKERILHT00000015450	A
rna-XM_056786718.1	A	BRAKERILHT00000014349	A
rna-XM_056786573.1	A	BRAKERILHT00000015539	A
rna-XM_056786577.1	A	BRAKERILHT00000014707	A
rna-XM_056786568.1	A	BRAKERILHT00000015073	A
rna-XM_056786580.1	A	BRAKERILHT00000014975	A
rna-XM_056786642.1	A	BRAKERILHT00000014289	A
rna-XM_056786583.1	A	BRAKERILHT00000003372	A
rna-XM_056786584.1	A	BRAKERILHT00000008127	A
rna-XM_056786595.1	A	BRAKERILHT00000007227	A
rna-XM_056786596.1	A	BRAKERILHT00000006815	A
rna-XM_056786605.1	A	BRAKERILHT00000008155	A
rna-XM_056786599.1	A	BRAKERILHT00000007346	A
rna-XM_056786610.1	A	BRAKERILHT00000007950	A
rna-XM_056786649.1	A	BRAKERILHT00000008172	A
rna-XM_056786611.1	A	BRAKERILHT00000007926	A
rna-XM_056786607.1	A	BRAKERILHT00000007294	A
rna-XM_056786650.1	A	BRAKERILHT00000000559	A
rna-XM_056786420.1	A	BRAKERILHT00000013591	A
rna-XM_056786088.1	A	BRAKERILHT00000000974	A
rna-XM_056786330.1	A	BRAKERILHT00000002116	A
rna-XM_056786195.1	A	BRAKERILHT00000000724	A
rna-XM_056786234.1	A	BRAKERILHT00000001767	A
rna-XM_056786237.1	A	BRAKERILHT00000013580	A
rna-XM_056786196.1	A	BRAKERILHT00000000055	A
rna-XM_056786303.1	A	BRAKERILHT00000001059	A
rna-XM_056786198.1	A	BRAKERILHT00000005961	A
rna-XM_056786200.1	A	BRAKERILHT00000002498	A
rna-XM_056786294.1	A	BRAKERILHT00000003338	A
rna-XM_056786797.1	A	BRAKERILHT00000003702	A
rna-XM_056786799.1	A	BRAKERILHT00000003222	A
rna-XM_056786800.1	A	BRAKERILHT00000004448	A
rna-XM_056786441.1	A	BRAKERILHT00000003321	A
rna-XM_056786654.1	A	BRAKERILHT00000015920	A
rna-XM_056786656.1	A	BRAKERILHT00000017726	X
rna-XM_056786494.1	A	BRAKERILHT00000016941	A
rna-XM_056786090.1	A	BRAKERILHT00000016753	A
rna-XM_056786018.1	A	BRAKERILHT00000016563	A
rna-XM_056786180.1	A	BRAKERILHT00000016163	A
rna-XM_056786239.1	A	BRAKERILHT00000016813	A
rna-XM_056786662.1	A	BRAKERILHT00000007986	A
rna-XM_056786660.1	A	BRAKERILHT00000007686	A
rna-XM_056786710.1	A	BRAKERILHT00000008241	A
rna-XM_056786713.1	A	BRAKERILHT00000004698	A
rna-XM_056786716.1	A	BRAKERILHT00000009818	A
rna-XM_056786097.1	A	BRAKERILHT00000015786	A
rna-XM_056786414.1	A	BRAKERILHT00000005930	A
rna-XM_056785961.1	A	BRAKERILHT00000005021	A
rna-XM_056785962.1	A	BRAKERILHT00000012764	A
rna-XM_056786471.1	A	BRAKERILHT00000012980	A
rna-XM_056785987.1	A	BRAKERILHT00000012215	A
rna-XM_056785986.1	A	BRAKERILHT00000012000	A
rna-XM_056785988.1	A	BRAKERILHT00000010627	A
rna-XM_056786410.1	A	BRAKERILHT00000010562	A
rna-XM_056786189.1	A	BRAKERILHT00000011311	A
rna-XM_056785942.1	A	BRAKERILHT00000011032	A
rna-XM_056786399.1	A	BRAKERILHT00000011555	A
rna-XM_056786398.1	A	BRAKERILHT00000013013	A
rna-XM_056786218.1	A	BRAKERILHT00000010650	A
rna-XM_056786219.1	A	BRAKERILHT00000011956	A
rna-XM_056786217.1	A	BRAKERILHT00000012294	A
rna-XM_056786224.1	A	BRAKERILHT00000005977	A
rna-XM_056786229.1	A	BRAKERILHT00000011057	A
rna-XM_056786227.1	A	BRAKERILHT00000010437	A
rna-XM_056786184.1	A	BRAKERILHT00000005471	A
rna-XM_056786296.1	A	BRAKERILHT00000004401	A
rna-XM_056785963.1	A	BRAKERILHT00000014734	A
rna-XM_056786072.1	A	BRAKERILHT00000015234	A
rna-XM_056786130.1	A	BRAKERILHT00000014861	A
rna-XM_056786133.1	A	BRAKERILHT00000014241	A
rna-XM_056786136.1	A	BRAKERILHT00000015344	A
rna-XM_056786148.1	A	BRAKERILHT00000014955	A
rna-XM_056786139.1	A	BRAKERILHT00000015137	A
rna-XM_056786343.1	A	BRAKERILHT00000012344	A
rna-XM_056786345.1	A	BRAKERILHT00000003268	A
rna-XM_056786354.1	A	BRAKERILHT00000002725	A
rna-XM_056786348.1	A	BRAKERILHT00000003909	A
rna-XM_056786356.1	A	BRAKERILHT00000004256	A
rna-XM_056786358.1	A	BRAKERILHT00000002563	A
rna-XM_056786359.1	A	BRAKERILHT00000008313	A
rna-XM_056786364.1	A	BRAKERILHT00000003158	A
rna-XM_056786365.1	A	BRAKERILHT00000012821	A
rna-XM_056786366.1	A	BRAKERILHT00000015558	A
rna-XM_056786367.1	A	BRAKERILHT00000007426	A
rna-XM_056786368.1	A	BRAKERILHT00000007414	A
rna-XM_056786369.1	A	BRAKERILHT00000007615	A
rna-XM_056786372.1	A	BRAKERILHT00000006664	A
rna-XM_056786373.1	A	BRAKERILHT00000007606	A
rna-XM_056786374.1	A	BRAKERILHT00000009587	A
rna-XM_056786375.1	A	BRAKERILHT00000007211	A
rna-XM_056786377.1	A	BRAKERILHT00000006768	A
rna-XM_056786378.1	A	BRAKERILHT00000015183	A
rna-XM_056786379.1	A	BRAKERILHT00000015490	A
rna-XM_056786380.1	A	BRAKERILHT00000007129	A
rna-XM_056786381.1	A	BRAKERILHT00000014542	A
rna-XM_056786382.1	A	BRAKERILHT00000007402	A
rna-XM_056786385.1	A	BRAKERILHT00000006960	A
rna-XM_056786384.1	A	BRAKERILHT00000007550	A
rna-XM_056786386.1	A	BRAKERILHT00000016824	A
rna-XM_056786387.1	A	BRAKERILHT00000015893	A
rna-XM_056786389.1	A	BRAKERILHT00000015966	A
rna-XM_056786073.1	A	BRAKERILHT00000015856	A
rna-XM_056785966.1	A	BRAKERILHT00000015679	A
rna-XM_056786183.1	A	BRAKERILHT00000015880	A
rna-XM_056785982.1	A	BRAKERILHT00000012951	A
rna-XM_056786120.1	A	BRAKERILHT00000015740	A
rna-XM_056786181.1	A	BRAKERILHT00000016737	A
rna-XM_056786434.1	A	BRAKERILHT00000015666	A
rna-XM_056786432.1	A	BRAKERILHT00000016464	A
rna-XM_056786421.1	A	BRAKERILHT00000002842	A
rna-XM_056786433.1	A	BRAKERILHT00000012207	A
rna-XM_056785968.1	A	BRAKERILHT00000010148	A
rna-XM_056786514.1	A	BRAKERILHT00000001580	A
rna-XM_056786682.1	A	BRAKERILHT00000000041	A
rna-XM_056786439.1	A	BRAKERILHT00000002118	A
rna-XM_056786186.1	A	BRAKERILHT00000015714	A
rna-XM_056786079.1	A	BRAKERILHT00000000430	A
rna-XM_056786032.1	A	BRAKERILHT00000001268	A
rna-XM_056786685.1	A	BRAKERILHT00000000600	A
rna-XM_056786151.1	A	BRAKERILHT00000016230	A
rna-XM_056786153.1	A	BRAKERILHT00000015647	A
rna-XM_056786313.1	A	BRAKERILHT00000004746	A
rna-XM_056786319.1	A	BRAKERILHT00000005282	A
rna-XM_056786318.1	A	BRAKERILHT00000013366	A
rna-XM_056785970.1	A	BRAKERILHT00000006318	A
rna-XM_056786474.1	A	BRAKERILHT00000005097	A
rna-XM_056786488.1	A	BRAKERILHT00000005192	A
rna-XM_056786231.1	A	BRAKERILHT00000005792	A
rna-XM_056786240.1	A	BRAKERILHT00000004591	A
rna-XM_056786491.1	A	BRAKERILHT00000003664	A
rna-XM_056786298.1	A	BRAKERILHT00000002305	A
rna-XM_056786720.1	A	BRAKERILHT00000002353	A
rna-XM_056786719.1	A	BRAKERILHT00000002618	A
rna-XM_056786722.1	A	BRAKERILHT00000005103	A
rna-XM_056786215.1	A	BRAKERILHT00000005681	A
rna-XM_056786725.1	A	BRAKERILHT00000005414	A
rna-XM_056786723.1	A	BRAKERILHT00000003032	A
rna-XM_056786466.1	A	BRAKERILHT00000003907	A
rna-XM_056786467.1	A	BRAKERILHT00000002202	A
rna-XM_056786464.1	A	BRAKERILHT00000002506	A
rna-XM_056786465.1	A	BRAKERILHT00000004114	A
rna-XM_056785971.1	A	BRAKERILHT00000002397	A
rna-XM_056786469.1	A	BRAKERILHT00000004038	A
rna-XM_056786667.1	A	BRAKERILHT00000004795	A
rna-XM_056786664.1	A	BRAKERILHT00000004513	A
rna-XM_056786248.1	A	BRAKERILHT00000005153	A
rna-XM_056785975.1	A	BRAKERILHT00000011741	A
rna-XM_056786124.1	A	BRAKERILHT00000012152	A
rna-XM_056786448.1	A	BRAKERILHT00000010757	A
rna-XM_056786451.1	A	BRAKERILHT00000005696	A
rna-XM_056786286.1	A	BRAKERILHT00000005118	A
rna-XM_056786167.1	A	BRAKERILHT00000011561	A
rna-XM_056786443.1	A	BRAKERILHT00000015983	A
rna-XM_056786171.1	A	BRAKERILHT00000011155	A
rna-XM_056786173.1	A	BRAKERILHT00000011992	A
rna-XM_056786175.1	A	BRAKERILHT00000010677	A
rna-XM_056786067.1	A	BRAKERILHT00000014597	A
rna-XM_056786068.1	A	BRAKERILHT00000012193	A
rna-XM_056786178.1	A	BRAKERILHT00000013356	A
rna-XM_056786409.1	A	BRAKERILHT00000006185	A
rna-XM_056786273.1	A	BRAKERILHT00000011898	A
rna-XM_056785977.1	A	BRAKERILHT00000013260	A
rna-XM_056786791.1	A	BRAKERILHT00000011058	A
rna-XM_056786790.1	A	BRAKERILHT00000011594	A
rna-XM_056786159.1	A	BRAKERILHT00000010949	A
rna-XM_056786054.1	A	BRAKERILHT00000012978	A
rna-XM_056786044.1	A	BRAKERILHT00000010938	A
rna-XM_056786251.1	A	BRAKERILHT00000011533	A
rna-XM_056786256.1	A	BRAKERILHT00000011983	A
rna-XM_056786260.1	A	BRAKERILHT00000012771	A
rna-XM_056786261.1	A	BRAKERILHT00000015062	A
rna-XM_056785978.1	A	BRAKERILHT00000013350	A
rna-XM_056786262.1	A	BRAKERILHT00000006743	A
rna-XM_056786263.1	A	BRAKERILHT00000007810	A
rna-XM_056786264.1	A	BRAKERILHT00000007118	A
rna-XM_056786232.1	A	BRAKERILHT00000009315	A
rna-XM_056786396.1	A	BRAKERILHT00000004180	A
rna-XM_056786397.1	A	BRAKERILHT00000002874	A
rna-XM_056786727.1	A	BRAKERILHT00000002285	A
rna-XM_056786733.1	A	BRAKERILHT00000003762	A
rna-XM_056786166.1	A	BRAKERILHT00000007625	A
rna-XM_056786087.1	A	BRAKERILHT00000008292	A
rna-XM_056786740.1	A	BRAKERILHT00000008415	A
rna-XM_056786741.1	A	BRAKERILHT00000004202	A
rna-XM_056786744.1	A	BRAKERILHT00000007383	A
rna-XM_056786743.1	A	BRAKERILHT00000014051	A
rna-XM_056786747.1	A	BRAKERILHT00000014729	A
rna-XM_056786048.1	A	BRAKERILHT00000016606	A
rna-XM_056786050.1	A	BRAKERILHT00000004762	A
rna-XM_056786803.1	A	BRAKERILHT00000005382	A
rna-XM_056786804.1	A	BRAKERILHT00000016083	A
rna-XM_056786206.1	A	BRAKERILHT00000004730	A
rna-XM_056786287.1	A	BRAKERILHT00000003011	A
rna-XM_056786281.1	A	BRAKERILHT00000015409	A
rna-XM_056786275.1	A	BRAKERILHT00000005079	A
rna-XM_056786279.1	A	BRAKERILHT00000005886	A
rna-XM_056786278.1	A	BRAKERILHT00000004287	A
rna-XM_056786282.1	A	BRAKERILHT00000004779	A
rna-XM_056786290.1	A	BRAKERILHT00000014658	A
rna-XM_056786401.1	A	BRAKERILHT00000016295	A
rna-XM_056787512.1	A	BRAKERILHT00000009403	A
rna-XM_056787447.1	A	BRAKERILHT00000011271	A
rna-XM_056787013.1	A	BRAKERILHT00000010546	A
rna-XM_056787780.1	A	BRAKERILHT00000003553	A
rna-XM_056787346.1	A	BRAKERILHT00000006775	A
rna-XM_056786939.1	A	BRAKERILHT00000003647	A
rna-XM_056786940.1	A	BRAKERILHT00000004212	A
rna-XM_056787742.1	A	BRAKERILHT00000010358	A
rna-XM_056787034.1	A	BRAKERILHT00000011049	A
rna-XM_056787081.1	A	BRAKERILHT00000015567	A
rna-XM_056786966.1	A	BRAKERILHT00000005767	A
rna-XM_056786967.1	A	BRAKERILHT00000012487	A
rna-XM_056788051.1	A	BRAKERILHT00000012932	A
rna-XM_056788057.1	A	BRAKERILHT00000010091	A
rna-XM_056787732.1	A	BRAKERILHT00000004713	A
rna-XM_056787673.1	A	BRAKERILHT00000006070	A
rna-XM_056787411.1	A	BRAKERILHT00000005394	A
rna-XM_056787005.1	A	BRAKERILHT00000010831	A
rna-XM_056787008.1	A	BRAKERILHT00000004764	A
rna-XM_056787009.1	A	BRAKERILHT00000005813	A
rna-XM_056788010.1	A	BRAKERILHT00000006043	A
rna-XM_056787855.1	A	BRAKERILHT00000006170	A
rna-XM_056788007.1	A	BRAKERILHT00000005603	A
rna-XM_056787083.1	A	BRAKERILHT00000005903	A
rna-XM_056787966.1	A	BRAKERILHT00000005319	A
rna-XM_056787975.1	A	BRAKERILHT00000005102	A
rna-XM_056787797.1	A	BRAKERILHT00000004781	A
rna-XM_056787042.1	A	BRAKERILHT00000014005	A
rna-XM_056787450.1	A	BRAKERILHT00000009363	A
rna-XM_056787451.1	A	BRAKERILHT00000013371	A
rna-XM_056787461.1	A	BRAKERILHT00000013908	A
rna-XM_056787462.1	A	BRAKERILHT00000002200	A
rna-XM_056787464.1	A	BRAKERILHT00000012587	A
rna-XM_056787586.1	A	BRAKERILHT00000012992	A
rna-XM_056787588.1	A	BRAKERILHT00000013093	A
rna-XM_056787587.1	A	BRAKERILHT00000013714	A
rna-XM_056787273.1	A	BRAKERILHT00000012507	A
rna-XM_056787585.1	A	BRAKERILHT00000012750	A
rna-XM_056787857.1	A	BRAKERILHT00000013362	A
rna-XM_056787983.1	A	BRAKERILHT00000012467	A
rna-XM_056787994.1	A	BRAKERILHT00000012927	A
rna-XM_056787985.1	A	BRAKERILHT00000013928	A
rna-XM_056787988.1	A	BRAKERILHT00000012666	A
rna-XM_056787987.1	A	BRAKERILHT00000013657	A
rna-XM_056787477.1	A	BRAKERILHT00000006613	A
rna-XM_056787012.1	A	BRAKERILHT00000013611	A
rna-XM_056787812.1	A	BRAKERILHT00000013970	A
rna-XM_056787815.1	A	BRAKERILHT00000012899	A
rna-XM_056787722.1	A	BRAKERILHT00000012256	A
rna-XM_056787723.1	A	BRAKERILHT00000011453	A
rna-XM_056787076.1	A	BRAKERILHT00000012167	A
rna-XM_056787693.1	A	BRAKERILHT00000013231	A
rna-XM_056787010.1	A	BRAKERILHT00000009302	A
rna-XM_056787133.1	A	BRAKERILHT00000012260	A
rna-XM_056787135.1	A	BRAKERILHT00000003130	A
rna-XM_056787134.1	A	BRAKERILHT00000006222	A
rna-XM_056787948.1	A	BRAKERILHT00000016804	A
rna-XM_056787860.1	A	BRAKERILHT00000013542	A
rna-XM_056787957.1	A	BRAKERILHT00000016415	A
rna-XM_056787958.1	A	BRAKERILHT00000016066	A
rna-XM_056787516.1	A	BRAKERILHT00000004489	A
rna-XM_056787265.1	A	BRAKERILHT00000011241	A
rna-XM_056787701.1	A	BRAKERILHT00000006236	A
rna-XM_056787000.1	A	BRAKERILHT00000006443	A
rna-XM_056787862.1	A	BRAKERILHT00000013405	A
rna-XM_056787277.1	A	BRAKERILHT00000012865	A
rna-XM_056787850.1	A	BRAKERILHT00000012429	A
rna-XM_056787832.1	A	BRAKERILHT00000013109	A
rna-XM_056787530.1	A	BRAKERILHT00000010917	A
rna-XM_056787519.1	A	BRAKERILHT00000004272	A
rna-XM_056787526.1	A	BRAKERILHT00000007016	A
rna-XM_056787864.1	A	BRAKERILHT00000007764	A
rna-XM_056787589.1	A	BRAKERILHT00000006719	A
rna-XM_056787571.1	A	BRAKERILHT00000007143	A
rna-XM_056788155.1	A	BRAKERILHT00000007136	A
rna-XM_056788156.1	A	BRAKERILHT00000004248	A
rna-XM_056788152.1	A	BRAKERILHT00000008042	A
rna-XM_056788150.1	A	BRAKERILHT00000007174	A
rna-XM_056787037.1	A	BRAKERILHT00000007340	A
rna-XM_056786913.1	A	BRAKERILHT00000008145	A
rna-XM_056786998.1	A	BRAKERILHT00000009560	A
rna-XM_056786999.1	A	BRAKERILHT00000016175	A
rna-XM_056786975.1	A	BRAKERILHT00000010099	A
rna-XM_056786980.1	A	BRAKERILHT00000000387	A
rna-XM_056787792.1	A	BRAKERILHT00000001741	A
rna-XM_056787794.1	A	BRAKERILHT00000001288	A
rna-XM_056787796.1	A	BRAKERILHT00000011907	A
rna-XM_056787580.1	A	BRAKERILHT00000005960	A
rna-XM_056787535.1	A	BRAKERILHT00000002872	A
rna-XM_056787344.1	A	BRAKERILHT00000002224	A
rna-XM_056787343.1	A	BRAKERILHT00000000692	A
rna-XM_056787345.1	A	BRAKERILHT00000010060	A
rna-XM_056786973.1	A	BRAKERILHT00000009031	A
rna-XM_056787330.1	A	BRAKERILHT00000000227	A
rna-XM_056787517.1	A	BRAKERILHT00000006550	A
rna-XM_056787690.1	A	BRAKERILHT00000015936	A
rna-XM_056787706.1	A	BRAKERILHT00000016511	A
rna-XM_056787710.1	A	BRAKERILHT00000016287	A
rna-XM_056787768.1	A	BRAKERILHT00000002429	A
rna-XM_056787647.1	A	BRAKERILHT00000014273	A
rna-XM_056787644.1	A	BRAKERILHT00000015947	A
rna-XM_056787648.1	A	BRAKERILHT00000016214	A
rna-XM_056787646.1	A	BRAKERILHT00000016635	A
rna-XM_056787649.1	A	BRAKERILHT00000016586	A
rna-XM_056787650.1	A	BRAKERILHT00000003435	A
rna-XM_056787651.1	A	BRAKERILHT00000014537	A
rna-XM_056787652.1	A	BRAKERILHT00000009544	A
rna-XM_056787788.1	A	BRAKERILHT00000001275	A
rna-XM_056788062.1	A	BRAKERILHT00000009654	A
rna-XM_056788066.1	A	BRAKERILHT00000008736	A
rna-XM_056788064.1	A	BRAKERILHT00000009108	A
rna-XM_056787598.1	A	BRAKERILHT00000014259	A
rna-XM_056787601.1	A	BRAKERILHT00000015350	A
rna-XM_056787619.1	A	BRAKERILHT00000014445	A
rna-XM_056787559.1	A	BRAKERILHT00000004951	A
rna-XM_056787671.1	A	BRAKERILHT00000001571	A
rna-XM_056787115.1	A	BRAKERILHT00000010302	A
rna-XM_056787110.1	A	BRAKERILHT00000009192	A
rna-XM_056787261.1	A	BRAKERILHT00000007949	A
rna-XM_056787262.1	A	BRAKERILHT00000002989	A
rna-XM_056787260.1	A	BRAKERILHT00000003869	A
rna-XM_056787764.1	A	BRAKERILHT00000003583	A
rna-XM_056787278.1	A	BRAKERILHT00000016724	A
rna-XM_056787698.1	A	BRAKERILHT00000011682	A
rna-XM_056787699.1	A	BRAKERILHT00000014672	A
rna-XM_056786963.1	A	BRAKERILHT00000014322	A
rna-XM_056787403.1	A	BRAKERILHT00000015424	A
rna-XM_056787402.1	A	BRAKERILHT00000016124	A
rna-XM_056787404.1	A	BRAKERILHT00000001097	A
rna-XM_056787318.1	A	BRAKERILHT00000001713	A
rna-XM_056787319.1	A	BRAKERILHT00000001137	A
rna-XM_056787322.1	A	BRAKERILHT00000000993	A
rna-XM_056787321.1	A	BRAKERILHT00000000531	A
rna-XM_056787752.1	A	BRAKERILHT00000000296	A
rna-XM_056787718.1	A	BRAKERILHT00000001035	A
rna-XM_056787720.1	A	BRAKERILHT00000004102	A
rna-XM_056786914.1	A	BRAKERILHT00000001462	A
rna-XM_056787143.1	A	BRAKERILHT00000001863	A
rna-XM_056787145.1	A	BRAKERILHT00000000292	A
rna-XM_056787151.1	A	BRAKERILHT00000004991	A
rna-XM_056787152.1	A	BRAKERILHT00000006458	A
rna-XM_056787148.1	A	BRAKERILHT00000004895	A
rna-XM_056787160.1	A	BRAKERILHT00000006046	A
rna-XM_056787166.1	A	BRAKERILHT00000004681	A
rna-XM_056787153.1	A	BRAKERILHT00000000648	A
rna-XM_056787164.1	A	BRAKERILHT00000008029	A
rna-XM_056787154.1	A	BRAKERILHT00000016913	A
rna-XM_056787159.1	A	BRAKERILHT00000003464	A
rna-XM_056787157.1	A	BRAKERILHT00000007991	A
rna-XM_056787165.1	A	BRAKERILHT00000012027	A
rna-XM_056787167.1	A	BRAKERILHT00000001793	A
rna-XM_056787168.1	A	BRAKERILHT00000006601	A
rna-XM_056787180.1	A	BRAKERILHT00000007364	A
rna-XM_056787170.1	A	BRAKERILHT00000007090	A
rna-XM_056787188.1	A	BRAKERILHT00000007836	A
rna-XM_056787183.1	A	BRAKERILHT00000007546	A
rna-XM_056787192.1	A	BRAKERILHT00000007992	A
rna-XM_056787879.1	A	BRAKERILHT00000006627	A
rna-XM_056787194.1	A	BRAKERILHT00000003163	A
rna-XM_056787196.1	A	BRAKERILHT00000002525	A
rna-XM_056787199.1	A	BRAKERILHT00000004019	A
rna-XM_056787201.1	A	BRAKERILHT00000012663	A
rna-XM_056787205.1	A	BRAKERILHT00000002341	A
rna-XM_056787206.1	A	BRAKERILHT00000003773	A
rna-XM_056787202.1	A	BRAKERILHT00000003208	A
rna-XM_056787209.1	A	BRAKERILHT00000001147	A
rna-XM_056787204.1	A	BRAKERILHT00000000139	A
rna-XM_056787210.1	A	BRAKERILHT00000008267	A
rna-XM_056787208.1	A	BRAKERILHT00000007768	A
rna-XM_056787212.1	A	BRAKERILHT00000001218	A
rna-XM_056787217.1	A	BRAKERILHT00000001388	A
rna-XM_056787211.1	A	BRAKERILHT00000002031	A
rna-XM_056787218.1	A	BRAKERILHT00000018003	X
rna-XM_056787220.1	A	BRAKERILHT00000000464	A
rna-XM_056787219.1	A	BRAKERILHT00000001402	A
rna-XM_056787223.1	A	BRAKERILHT00000008076	A
rna-XM_056787225.1	A	BRAKERILHT00000006616	A
rna-XM_056787226.1	A	BRAKERILHT00000007892	A
rna-XM_056787229.1	A	BRAKERILHT00000006128	A
rna-XM_056787228.1	A	BRAKERILHT00000007502	A
rna-XM_056787231.1	A	BRAKERILHT00000008467	A
rna-XM_056787233.1	A	BRAKERILHT00000005329	A
rna-XM_056787239.1	A	BRAKERILHT00000003116	A
rna-XM_056787242.1	A	BRAKERILHT00000004421	A
rna-XM_056787240.1	A	BRAKERILHT00000003168	A
rna-XM_056787243.1	A	BRAKERILHT00000002659	A
rna-XM_056787251.1	A	BRAKERILHT00000004168	A
rna-XM_056787253.1	A	BRAKERILHT00000002544	A
rna-XM_056787248.1	A	BRAKERILHT00000002450	A
rna-XM_056786989.1	A	BRAKERILHT00000003786	A
rna-XM_056787079.1	A	BRAKERILHT00000003297	A
rna-XM_056787077.1	A	BRAKERILHT00000004572	A
rna-XM_056787669.1	A	BRAKERILHT00000012401	A
rna-XM_056787749.1	A	BRAKERILHT00000009211	A
rna-XM_056788138.1	A	BRAKERILHT00000009208	A
rna-XM_056788143.1	A	BRAKERILHT00000010303	A
rna-XM_056788139.1	A	BRAKERILHT00000009387	A
rna-XM_056788116.1	A	BRAKERILHT00000008876	A
rna-XM_056788122.1	A	BRAKERILHT00000000073	A
rna-XM_056788144.1	A	BRAKERILHT00000009554	A
rna-XM_056788145.1	A	BRAKERILHT00000014420	A
rna-XM_056788147.1	A	BRAKERILHT00000015819	A
rna-XM_056787717.1	A	BRAKERILHT00000002871	A
rna-XM_056787880.1	A	BRAKERILHT00000015012	A
rna-XM_056786988.1	A	BRAKERILHT00000010475	A
rna-XM_056786986.1	A	BRAKERILHT00000001296	A
rna-XM_056787388.1	A	BRAKERILHT00000002090	A
rna-XM_056787573.1	A	BRAKERILHT00000001267	A
rna-XM_056787577.1	A	BRAKERILHT00000001010	A
rna-XM_056787594.1	A	BRAKERILHT00000006145	A
rna-XM_056787592.1	A	BRAKERILHT00000005991	A
rna-XM_056787663.1	A	BRAKERILHT00000005138	A
rna-XM_056786964.1	A	BRAKERILHT00000012941	A
rna-XM_056786923.1	A	BRAKERILHT00000014964	A
rna-XM_056786924.1	A	BRAKERILHT00000008505	A
rna-XM_056788161.1	A	BRAKERILHT00000016441	A
rna-XM_056788163.1	A	BRAKERILHT00000001590	A
rna-XM_056788164.1	A	BRAKERILHT00000010394	A
rna-XM_056788165.1	A	BRAKERILHT00000006602	A
rna-XM_056788166.1	A	BRAKERILHT00000009620	A
rna-XM_056788168.1	A	BRAKERILHT00000012837	A
rna-XM_056788167.1	A	BRAKERILHT00000006828	A
rna-XM_056787976.1	A	BRAKERILHT00000002993	A
rna-XM_056787978.1	A	BRAKERILHT00000004279	A
rna-XM_056787979.1	A	BRAKERILHT00000004411	A
rna-XM_056787980.1	A	BRAKERILHT00000007967	A
rna-XM_056787611.1	A	BRAKERILHT00000007449	A
rna-XM_056788044.1	A	BRAKERILHT00000011675	A
rna-XM_056788041.1	A	BRAKERILHT00000011647	A
rna-XM_056787548.1	A	BRAKERILHT00000004068	A
rna-XM_056787549.1	A	BRAKERILHT00000003847	A
rna-XM_056787736.1	A	BRAKERILHT00000010352	A
rna-XM_056787735.1	A	BRAKERILHT00000010294	A
rna-XM_056787335.1	A	BRAKERILHT00000009002	A
rna-XM_056786833.1	A	BRAKERILHT00000013125	A
rna-XM_056786832.1	A	BRAKERILHT00000002957	A
rna-XM_056787643.1	A	BRAKERILHT00000009711	A
rna-XM_056787341.1	A	BRAKERILHT00000004538	A
rna-XM_056787822.1	A	BRAKERILHT00000009714	A
rna-XM_056787602.1	A	BRAKERILHT00000010454	A
rna-XM_056787140.1	A	BRAKERILHT00000004461	A
rna-XM_056787139.1	A	BRAKERILHT00000002318	A
rna-XM_056787610.1	A	BRAKERILHT00000013165	A
rna-XM_056787269.1	A	BRAKERILHT00000005510	A
rna-XM_056787085.1	A	BRAKERILHT00000015839	A
rna-XM_056787885.1	A	BRAKERILHT00000013966	A
rna-XM_056788087.1	A	BRAKERILHT00000013173	A
rna-XM_056788090.1	A	BRAKERILHT00000017798	X
rna-XM_056787785.1	A	BRAKERILHT00000000493	A
rna-XM_056787627.1	A	BRAKERILHT00000002127	A
rna-XM_056787626.1	A	BRAKERILHT00000007029	A
rna-XM_056787630.1	A	BRAKERILHT00000001716	A
rna-XM_056787629.1	A	BRAKERILHT00000000943	A
rna-XM_056787636.1	A	BRAKERILHT00000000093	A
rna-XM_056787639.1	A	BRAKERILHT00000005050	A
rna-XM_056787886.1	A	BRAKERILHT00000010382	A
rna-XM_056788083.1	A	BRAKERILHT00000018085	Y
rna-XM_056788081.1	A	BRAKERILHT00000008503	A
rna-XM_056788079.1	A	BRAKERILHT00000008670	A
rna-XM_056788085.1	A	BRAKERILHT00000010054	A
rna-XM_056787680.1	A	BRAKERILHT00000009528	A
rna-XM_056787677.1	A	BRAKERILHT00000011012	A
rna-XM_056787675.1	A	BRAKERILHT00000004940	A
rna-XM_056787382.1	A	BRAKERILHT00000012228	A
rna-XM_056787395.1	A	BRAKERILHT00000001429	A
rna-XM_056787394.1	A	BRAKERILHT00000010961	A
rna-XM_056787392.1	A	BRAKERILHT00000007419	A
rna-XM_056787393.1	A	BRAKERILHT00000013188	A
rna-XM_056787760.1	A	BRAKERILHT00000010602	A
rna-XM_056787761.1	A	BRAKERILHT00000016493	A
rna-XM_056787564.1	A	BRAKERILHT00000016306	A
rna-XM_056787413.1	A	BRAKERILHT00000008450	A
rna-XM_056787416.1	A	BRAKERILHT00000007260	A
rna-XM_056787418.1	A	BRAKERILHT00000007958	A
rna-XM_056787420.1	A	BRAKERILHT00000008409	A
rna-XM_056787426.1	A	BRAKERILHT00000016545	A
rna-XM_056787424.1	A	BRAKERILHT00000006959	A
rna-XM_056787428.1	A	BRAKERILHT00000012654	A
rna-XM_056787431.1	A	BRAKERILHT00000000627	A
rna-XM_056787430.1	A	BRAKERILHT00000013659	A
rna-XM_056787434.1	A	BRAKERILHT00000004667	A
rna-XM_056787433.1	A	BRAKERILHT00000016573	A
rna-XM_056787435.1	A	BRAKERILHT00000003255	A
rna-XM_056787439.1	A	BRAKERILHT00000014802	A
rna-XM_056787443.1	A	BRAKERILHT00000014815	A
rna-XM_056787305.1	A	BRAKERILHT00000003110	A
rna-XM_056787308.1	A	BRAKERILHT00000006044	A
rna-XM_056786965.1	A	BRAKERILHT00000015117	A
rna-XM_056787737.1	A	BRAKERILHT00000002676	A
rna-XM_056787746.1	A	BRAKERILHT00000013679	A
rna-XM_056787779.1	A	BRAKERILHT00000003855	A
rna-XM_056787889.1	A	BRAKERILHT00000011969	A
rna-XM_056787733.1	A	BRAKERILHT00000015412	A
rna-XM_056787553.1	A	BRAKERILHT00000005312	A
rna-XM_056787557.1	A	BRAKERILHT00000013363	A
rna-XM_056787284.1	A	BRAKERILHT00000004071	A
rna-XM_056787279.1	A	BRAKERILHT00000002483	A
rna-XM_056787286.1	A	BRAKERILHT00000011291	A
rna-XM_056787289.1	A	BRAKERILHT00000010306	A
rna-XM_056787297.1	A	BRAKERILHT00000005877	A
rna-XM_056787298.1	A	BRAKERILHT00000005676	A
rna-XM_056787036.1	A	BRAKERILHT00000013206	A
rna-XM_056787537.1	A	BRAKERILHT00000001960	A
rna-XM_056787538.1	A	BRAKERILHT00000007868	A
rna-XM_056787539.1	A	BRAKERILHT00000008243	A
rna-XM_056787691.1	A	BRAKERILHT00000000671	A
rna-XM_056787692.1	A	BRAKERILHT00000001261	A
rna-XM_056787725.1	A	BRAKERILHT00000002088	A
rna-XM_056787729.1	A	BRAKERILHT00000006187	A
rna-XM_056787782.1	A	BRAKERILHT00000002637	A
rna-XM_056787014.1	A	BRAKERILHT00000014713	A
rna-XM_056788011.1	A	BRAKERILHT00000012496	A
rna-XM_056787824.1	A	BRAKERILHT00000006788	A
rna-XM_056786834.1	A	BRAKERILHT00000001806	A
rna-XM_056787890.1	A	BRAKERILHT00000005558	A
rna-XM_056788045.1	A	BRAKERILHT00000005963	A
rna-XM_056787891.1	A	BRAKERILHT00000015251	A
rna-XM_056787040.1	A	BRAKERILHT00000000552	A
rna-XM_056787655.1	A	BRAKERILHT00000011618	A
rna-XM_056787119.1	A	BRAKERILHT00000010956	A
rna-XM_056787892.1	A	BRAKERILHT00000011346	A
rna-XM_056786941.1	A	BRAKERILHT00000008988	A
rna-XM_056786942.1	A	BRAKERILHT00000001104	A
rna-XM_056786944.1	A	BRAKERILHT00000000801	A
rna-XM_056786918.1	A	BRAKERILHT00000001241	A
rna-XM_056787043.1	A	BRAKERILHT00000014857	A
rna-XM_056787046.1	A	BRAKERILHT00000000432	A
rna-XM_056787050.1	A	BRAKERILHT00000010558	A
rna-XM_056787051.1	A	BRAKERILHT00000009540	A
rna-XM_056787052.1	A	BRAKERILHT00000010221	A
rna-XM_056787054.1	A	BRAKERILHT00000010713	A
rna-XM_056787058.1	A	BRAKERILHT00000011919	A
rna-XM_056787060.1	A	BRAKERILHT00000012478	A
rna-XM_056787064.1	A	BRAKERILHT00000007846	A
rna-XM_056787067.1	A	BRAKERILHT00000006994	A
rna-XM_056787070.1	A	BRAKERILHT00000015360	A
rna-XM_056787072.1	A	BRAKERILHT00000009195	A
rna-XM_056787258.1	A	BRAKERILHT00000001125	A
rna-XM_056786933.1	A	BRAKERILHT00000002377	A
rna-XM_056786930.1	A	BRAKERILHT00000004889	A
rna-XM_056787118.1	A	BRAKERILHT00000004623	A
rna-XM_056787534.1	A	BRAKERILHT00000004136	A
rna-XM_056787511.1	A	BRAKERILHT00000011341	A
rna-XM_056787897.1	A	BRAKERILHT00000006253	A
rna-XM_056787299.1	A	BRAKERILHT00000016378	A
rna-XM_056787898.1	A	BRAKERILHT00000013036	A
rna-XM_056787570.1	A	BRAKERILHT00000002862	A
rna-XM_056787562.1	A	BRAKERILHT00000002361	A
rna-XM_056787605.1	A	BRAKERILHT00000016640	A
rna-XM_056787604.1	A	BRAKERILHT00000016953	A
rna-XM_056787603.1	A	BRAKERILHT00000002914	A
rna-XM_056787606.1	A	BRAKERILHT00000003348	A
rna-XM_056787566.1	A	BRAKERILHT00000005214	A
rna-XM_056788160.1	A	BRAKERILHT00000015963	A
rna-XM_056788158.1	A	BRAKERILHT00000002473	A
rna-XM_056787332.1	A	BRAKERILHT00000013236	A
rna-XM_056787124.1	A	BRAKERILHT00000005998	A
rna-XM_056787791.1	A	BRAKERILHT00000014267	A
rna-XM_056787790.1	A	BRAKERILHT00000003166	A
rna-XM_056787778.1	A	BRAKERILHT00000006801	A
rna-XM_056786925.1	A	BRAKERILHT00000002551	A
rna-XM_056786926.1	A	BRAKERILHT00000008885	A
rna-XM_056787015.1	A	BRAKERILHT00000015962	A
rna-XM_056787676.1	A	BRAKERILHT00000008644	A
rna-XM_056787899.1	A	BRAKERILHT00000006208	A
rna-XM_056788070.1	A	BRAKERILHT00000013140	A
rna-XM_056787568.1	A	BRAKERILHT00000010043	A
rna-XM_056786991.1	A	BRAKERILHT00000016844	A
rna-XM_056787350.1	A	BRAKERILHT00000015862	A
rna-XM_056787904.1	A	BRAKERILHT00000016766	A
rna-XM_056787836.1	A	BRAKERILHT00000015864	A
rna-XM_056787839.1	A	BRAKERILHT00000016203	A
rna-XM_056787905.1	A	BRAKERILHT00000016751	A
rna-XM_056787031.1	A	BRAKERILHT00000003848	A
rna-XM_056787033.1	A	BRAKERILHT00000003898	A
rna-XM_056788157.1	A	BRAKERILHT00000009583	A
rna-XM_056788040.1	A	BRAKERILHT00000006279	A
rna-XM_056788032.1	A	BRAKERILHT00000009165	A
rna-XM_056787621.1	A	BRAKERILHT00000009278	A
rna-XM_056787906.1	A	BRAKERILHT00000009596	A
rna-XM_056787410.1	A	BRAKERILHT00000010633	A
rna-XM_056787357.1	A	BRAKERILHT00000005115	A
rna-XM_056787909.1	A	BRAKERILHT00000005078	A
rna-XM_056787552.1	A	BRAKERILHT00000008728	A
rna-XM_056787614.1	A	BRAKERILHT00000009368	A
rna-XM_056787747.1	A	BRAKERILHT00000006840	A
rna-XM_056788075.1	A	BRAKERILHT00000004487	A
rna-XM_056788074.1	A	BRAKERILHT00000005530	A
rna-XM_056787389.1	A	BRAKERILHT00000009980	A
rna-XM_056787700.1	A	BRAKERILHT00000008915	A
rna-XM_056787770.1	A	BRAKERILHT00000008680	A
rna-XM_056787776.1	A	BRAKERILHT00000013598	A
rna-XM_056787399.1	A	BRAKERILHT00000009924	A
rna-XM_056787086.1	A	BRAKERILHT00000000796	A
rna-XM_056787096.1	A	BRAKERILHT00000011960	A
rna-XM_056787743.1	A	BRAKERILHT00000000675	A
rna-XM_056787641.1	A	BRAKERILHT00000014014	A
rna-XM_056787738.1	A	BRAKERILHT00000014718	A
rna-XM_056787741.1	A	BRAKERILHT00000014775	A
rna-XM_056787496.1	A	BRAKERILHT00000001795	A
rna-XM_056787509.1	A	BRAKERILHT00000000313	A
rna-XM_056787502.1	A	BRAKERILHT00000001312	A
rna-XM_056787668.1	A	BRAKERILHT00000010671	A
rna-XM_056786962.1	A	BRAKERILHT00000011087	A
rna-XM_056786948.1	A	BRAKERILHT00000015653	A
rna-XM_056788001.1	A	BRAKERILHT00000003958	A
rna-XM_056788003.1	A	BRAKERILHT00000008179	A
rna-XM_056788013.1	A	BRAKERILHT00000004297	A
rna-XM_056788015.1	A	BRAKERILHT00000003331	A
rna-XM_056788017.1	A	BRAKERILHT00000002824	A
rna-XM_056788014.1	A	BRAKERILHT00000008637	A
rna-XM_056787827.1	A	BRAKERILHT00000016068	A
rna-XM_056786921.1	A	BRAKERILHT00000005561	A
rna-XM_056787750.1	A	BRAKERILHT00000015613	A
rna-XM_056787751.1	A	BRAKERILHT00000016470	A
rna-XM_056787325.1	A	BRAKERILHT00000013566	A
rna-XM_056787328.1	A	BRAKERILHT00000016137	A
rna-XM_056787670.1	A	BRAKERILHT00000013680	A
rna-XM_056788148.1	A	BRAKERILHT00000013448	A
rna-XM_056788149.1	A	BRAKERILHT00000011550	A
rna-XM_056787911.1	A	BRAKERILHT00000011152	A
rna-XM_056787784.1	A	BRAKERILHT00000011063	A
rna-XM_056787314.1	A	BRAKERILHT00000015454	A
rna-XM_056787310.1	A	BRAKERILHT00000009543	A
rna-XM_056787316.1	A	BRAKERILHT00000012506	A
rna-XM_056787781.1	A	BRAKERILHT00000008968	A
rna-XM_056788021.1	A	BRAKERILHT00000012798	A
rna-XM_056787915.1	A	BRAKERILHT00000012827	A
rna-XM_056787916.1	A	BRAKERILHT00000013723	A
rna-XM_056788025.1	A	BRAKERILHT00000003735	A
rna-XM_056788029.1	A	BRAKERILHT00000002458	A
rna-XM_056788030.1	A	BRAKERILHT00000014132	A
rna-XM_056788027.1	A	BRAKERILHT00000000091	A
rna-XM_056787490.1	A	BRAKERILHT00000014406	A
rna-XM_056787268.1	A	BRAKERILHT00000015289	A
rna-XM_056787532.1	A	BRAKERILHT00000008392	A
rna-XM_056787533.1	A	BRAKERILHT00000013804	A
rna-XM_056788114.1	A	BRAKERILHT00000009615	A
rna-XM_056788115.1	A	BRAKERILHT00000008884	A
rna-XM_056787581.1	A	BRAKERILHT00000014353	A
rna-XM_056787583.1	A	BRAKERILHT00000014771	A
rna-XM_056787917.1	A	BRAKERILHT00000014171	A
rna-XM_056787584.1	A	BRAKERILHT00000004002	A
rna-XM_056787558.1	A	BRAKERILHT00000002577	A
rna-XM_056787804.1	A	BRAKERILHT00000003615	A
rna-XM_056787802.1	A	BRAKERILHT00000003872	A
rna-XM_056787803.1	A	BRAKERILHT00000003021	A
rna-XM_056787806.1	A	BRAKERILHT00000000075	A
rna-XM_056787809.1	A	BRAKERILHT00000000057	A
rna-XM_056787918.1	A	BRAKERILHT00000000920	A
rna-XM_056787715.1	A	BRAKERILHT00000007160	A
rna-XM_056788071.1	A	BRAKERILHT00000004563	A
rna-XM_056788072.1	A	BRAKERILHT00000005847	A
rna-XM_056786936.1	A	BRAKERILHT00000002323	A
rna-XM_056786937.1	A	BRAKERILHT00000005959	A
rna-XM_056786938.1	A	BRAKERILHT00000005121	A
rna-XM_056787478.1	A	BRAKERILHT00000007472	A
rna-XM_056786895.1	A	BRAKERILHT00000007957	A
rna-XM_056786896.1	A	BRAKERILHT00000008393	A
rna-XM_056786892.1	A	BRAKERILHT00000007942	A
rna-XM_056786897.1	A	BRAKERILHT00000008358	A
rna-XM_056786899.1	A	BRAKERILHT00000009641	A
rna-XM_056786901.1	A	BRAKERILHT00000016345	A
rna-XM_056786902.1	A	BRAKERILHT00000009462	A
rna-XM_056786905.1	A	BRAKERILHT00000009885	A
rna-XM_056786906.1	A	BRAKERILHT00000010311	A
rna-XM_056786909.1	A	BRAKERILHT00000017679	X
rna-XM_056786911.1	A	BRAKERILHT00000016238	A
rna-XM_056786912.1	A	BRAKERILHT00000016613	A
rna-XM_056787926.1	A	BRAKERILHT00000007765	A
rna-XM_056787935.1	A	BRAKERILHT00000012862	A
rna-XM_056787933.1	A	BRAKERILHT00000002925	A
rna-XM_056787928.1	A	BRAKERILHT00000003407	A
rna-XM_056787942.1	A	BRAKERILHT00000010246	A
rna-XM_056787937.1	A	BRAKERILHT00000009288	A
rna-XM_056787943.1	A	BRAKERILHT00000013826	A
rna-XM_056787936.1	A	BRAKERILHT00000010539	A
rna-XM_056787929.1	A	BRAKERILHT00000006765	A
rna-XM_056788108.1	A	BRAKERILHT00000016077	A
rna-XM_056787766.1	A	BRAKERILHT00000007930	A
rna-XM_056787947.1	A	BRAKERILHT00000003117	A
rna-XM_056786846.1	A	BRAKERILHT00000005999	A
rna-XM_056789001.1	A	BRAKERILHT00000002199	A
rna-XM_056789004.1	A	BRAKERILHT00000003603	A
rna-XM_056788252.1	A	BRAKERILHT00000003784	A
rna-XM_056788271.1	A	BRAKERILHT00000003294	A
rna-XM_056788256.1	A	BRAKERILHT00000011295	A
rna-XM_056788268.1	A	BRAKERILHT00000012863	A
rna-XM_056788265.1	A	BRAKERILHT00000011872	A
rna-XM_056788545.1	A	BRAKERILHT00000002830	A
rna-XM_056788357.1	A	BRAKERILHT00000003471	A
rna-XM_056788358.1	A	BRAKERILHT00000004124	A
rna-XM_056788356.1	A	BRAKERILHT00000007335	A
rna-XM_056788500.1	A	BRAKERILHT00000014455	A
rna-XM_056788330.1	A	BRAKERILHT00000007491	A
rna-XM_056788508.1	A	BRAKERILHT00000007164	A
rna-XM_056788768.1	A	BRAKERILHT00000006921	A
rna-XM_056788344.1	A	BRAKERILHT00000008252	A
rna-XM_056788399.1	A	BRAKERILHT00000015252	A
rna-XM_056788403.1	A	BRAKERILHT00000014158	A
rna-XM_056788360.1	A	BRAKERILHT00000015274	A
rna-XM_056788362.1	A	BRAKERILHT00000015227	A
rna-XM_056788389.1	A	BRAKERILHT00000015243	A
rna-XM_056788395.1	A	BRAKERILHT00000005754	A
rna-XM_056788499.1	A	BRAKERILHT00000004457	A
rna-XM_056788589.1	A	BRAKERILHT00000005002	A
rna-XM_056788664.1	A	BRAKERILHT00000004615	A
rna-XM_056788677.1	A	BRAKERILHT00000012691	A
rna-XM_056788678.1	A	BRAKERILHT00000011020	A
rna-XM_056788680.1	A	BRAKERILHT00000008293	A
rna-XM_056788681.1	A	BRAKERILHT00000009019	A
rna-XM_056788299.1	A	BRAKERILHT00000011372	A
rna-XM_056788674.1	A	BRAKERILHT00000010140	A
rna-XM_056788381.1	A	BRAKERILHT00000010166	A
rna-XM_056788297.1	A	BRAKERILHT00000012011	A
rna-XM_056788667.1	A	BRAKERILHT00000010103	A
rna-XM_056788411.1	A	BRAKERILHT00000009926	A
rna-XM_056788869.1	A	BRAKERILHT00000015210	A
rna-XM_056788871.1	A	BRAKERILHT00000005616	A
rna-XM_056788861.1	A	BRAKERILHT00000002688	A
rna-XM_056788872.1	A	BRAKERILHT00000004175	A
rna-XM_056788874.1	A	BRAKERILHT00000003501	A
rna-XM_056788873.1	A	BRAKERILHT00000011436	A
rna-XM_056788769.1	A	BRAKERILHT00000010380	A
rna-XM_056788407.1	A	BRAKERILHT00000012047	A
rna-XM_056788410.1	A	BRAKERILHT00000010800	A
rna-XM_056788675.1	A	BRAKERILHT00000010833	A
rna-XM_056788338.1	A	BRAKERILHT00000003701	A
rna-XM_056788353.1	A	BRAKERILHT00000011461	A
rna-XM_056789000.1	A	BRAKERILHT00000012531	A
rna-XM_056788296.1	A	BRAKERILHT00000001735	A
rna-XM_056788328.1	A	BRAKERILHT00000014337	A
rna-XM_056788897.1	A	BRAKERILHT00000008883	A
rna-XM_056788898.1	A	BRAKERILHT00000009670	A
rna-XM_056788899.1	A	BRAKERILHT00000004631	A
rna-XM_056788900.1	A	BRAKERILHT00000005364	A
rna-XM_056788348.1	A	BRAKERILHT00000005952	A
rna-XM_056788350.1	A	BRAKERILHT00000005742	A
rna-XM_056789006.1	A	BRAKERILHT00000015907	A
rna-XM_056789008.1	A	BRAKERILHT00000008817	A
rna-XM_056789009.1	A	BRAKERILHT00000015899	A
rna-XM_056788306.1	A	BRAKERILHT00000016541	A
rna-XM_056788826.1	A	BRAKERILHT00000015913	A
rna-XM_056788824.1	A	BRAKERILHT00000014607	A
rna-XM_056788823.1	A	BRAKERILHT00000007407	A
rna-XM_056788831.1	A	BRAKERILHT00000016710	A
rna-XM_056788830.1	A	BRAKERILHT00000015719	A
rna-XM_056788833.1	A	BRAKERILHT00000007199	A
rna-XM_056788827.1	A	BRAKERILHT00000015629	A
rna-XM_056788303.1	A	BRAKERILHT00000014222	A
rna-XM_056788302.1	A	BRAKERILHT00000015054	A
rna-XM_056788556.1	A	BRAKERILHT00000003838	A
rna-XM_056788725.1	A	BRAKERILHT00000002295	A
rna-XM_056788721.1	A	BRAKERILHT00000015642	A
rna-XM_056788724.1	A	BRAKERILHT00000016099	A
rna-XM_056788726.1	A	BRAKERILHT00000016411	A
rna-XM_056788732.1	A	BRAKERILHT00000016526	A
rna-XM_056788844.1	A	BRAKERILHT00000016683	A
rna-XM_056788854.1	A	BRAKERILHT00000007601	A
rna-XM_056788849.1	A	BRAKERILHT00000003728	A
rna-XM_056788851.1	A	BRAKERILHT00000003016	A
rna-XM_056788856.1	A	BRAKERILHT00000003028	A
rna-XM_056788770.1	A	BRAKERILHT00000008026	A
rna-XM_056788341.1	A	BRAKERILHT00000015174	A
rna-XM_056788340.1	A	BRAKERILHT00000008789	A
rna-XM_056788771.1	A	BRAKERILHT00000014643	A
rna-XM_056788685.1	A	BRAKERILHT00000014425	A
rna-XM_056788370.1	A	BRAKERILHT00000008410	A
rna-XM_056788744.1	A	BRAKERILHT00000008137	A
rna-XM_056788743.1	A	BRAKERILHT00000007326	A
rna-XM_056788735.1	A	BRAKERILHT00000014059	A
rna-XM_056788741.1	A	BRAKERILHT00000015568	A
rna-XM_056788736.1	A	BRAKERILHT00000007388	A
rna-XM_056788745.1	A	BRAKERILHT00000007883	A
rna-XM_056788738.1	A	BRAKERILHT00000010300	A
rna-XM_056788333.1	A	BRAKERILHT00000000172	A
rna-XM_056788749.1	A	BRAKERILHT00000007500	A
rna-XM_056788759.1	A	BRAKERILHT00000008234	A
rna-XM_056788694.1	A	BRAKERILHT00000002141	A
rna-XM_056788687.1	A	BRAKERILHT00000000885	A
rna-XM_056788695.1	A	BRAKERILHT00000001390	A
rna-XM_056788704.1	A	BRAKERILHT00000000008	A
rna-XM_056788699.1	A	BRAKERILHT00000000748	A
rna-XM_056788706.1	A	BRAKERILHT00000000252	A
rna-XM_056789010.1	A	BRAKERILHT00000001768	A
rna-XM_056789012.1	A	BRAKERILHT00000015752	A
rna-XM_056788896.1	A	BRAKERILHT00000007634	A
rna-XM_056788891.1	A	BRAKERILHT00000016811	A
rna-XM_056788895.1	A	BRAKERILHT00000015616	A
rna-XM_056788185.1	A	BRAKERILHT00000016554	A
rna-XM_056788194.1	A	BRAKERILHT00000016529	A
rna-XM_056788858.1	A	BRAKERILHT00000016355	A
rna-XM_056788314.1	A	BRAKERILHT00000016307	A
rna-XM_056788318.1	A	BRAKERILHT00000011852	A
rna-XM_056788183.1	A	BRAKERILHT00000008556	A
rna-XM_056788288.1	A	BRAKERILHT00000016044	A
rna-XM_056788326.1	A	BRAKERILHT00000015766	A
rna-XM_056788772.1	A	BRAKERILHT00000004423	A
rna-XM_056788774.1	A	BRAKERILHT00000002750	A
rna-XM_056788553.1	A	BRAKERILHT00000014628	A
rna-XM_056788396.1	A	BRAKERILHT00000002536	A
rna-XM_056788397.1	A	BRAKERILHT00000009769	A
rna-XM_056788327.1	A	BRAKERILHT00000009089	A
rna-XM_056789021.1	A	BRAKERILHT00000014409	A
rna-XM_056789020.1	A	BRAKERILHT00000001033	A
rna-XM_056789015.1	A	BRAKERILHT00000014832	A
rna-XM_056789022.1	A	BRAKERILHT00000016907	A
rna-XM_056789013.1	A	BRAKERILHT00000015652	A
rna-XM_056788775.1	A	BRAKERILHT00000016255	A
rna-XM_056788924.1	A	BRAKERILHT00000015943	A
rna-XM_056788937.1	A	BRAKERILHT00000016946	A
rna-XM_056788949.1	A	BRAKERILHT00000015684	A
rna-XM_056788599.1	A	BRAKERILHT00000004794	A
rna-XM_056788596.1	A	BRAKERILHT00000006359	A
rna-XM_056788594.1	A	BRAKERILHT00000005520	A
rna-XM_056788600.1	A	BRAKERILHT00000004776	A
rna-XM_056788601.1	A	BRAKERILHT00000004659	A
rna-XM_056788603.1	A	BRAKERILHT00000005955	A
rna-XM_056788604.1	A	BRAKERILHT00000014886	A
rna-XM_056788608.1	A	BRAKERILHT00000005361	A
rna-XM_056788612.1	A	BRAKERILHT00000006965	A
rna-XM_056788613.1	A	BRAKERILHT00000006225	A
rna-XM_056788615.1	A	BRAKERILHT00000007558	A
rna-XM_056788617.1	A	BRAKERILHT00000007824	A
rna-XM_056788619.1	A	BRAKERILHT00000004229	A
rna-XM_056788620.1	A	BRAKERILHT00000007759	A
rna-XM_056788776.1	A	BRAKERILHT00000016341	A
rna-XM_056788623.1	A	BRAKERILHT00000015952	A
rna-XM_056788777.1	A	BRAKERILHT00000016726	A
rna-XM_056788778.1	A	BRAKERILHT00000015639	A
rna-XM_056788627.1	A	BRAKERILHT00000016014	A
rna-XM_056788781.1	A	BRAKERILHT00000016400	A
rna-XM_056788631.1	A	BRAKERILHT00000015620	A
rna-XM_056788634.1	A	BRAKERILHT00000016592	A
rna-XM_056788635.1	A	BRAKERILHT00000015829	A
rna-XM_056788782.1	A	BRAKERILHT00000016704	A
rna-XM_056788637.1	A	BRAKERILHT00000016939	A
rna-XM_056788640.1	A	BRAKERILHT00000016662	A
rna-XM_056788783.1	A	BRAKERILHT00000016262	A
rna-XM_056788638.1	A	BRAKERILHT00000016984	A
rna-XM_056788644.1	A	BRAKERILHT00000009817	A
rna-XM_056788647.1	A	BRAKERILHT00000009412	A
rna-XM_056788646.1	A	BRAKERILHT00000016250	A
rna-XM_056788651.1	A	BRAKERILHT00000001031	A
rna-XM_056788650.1	A	BRAKERILHT00000003327	A
rna-XM_056788652.1	A	BRAKERILHT00000001103	A
rna-XM_056788653.1	A	BRAKERILHT00000008497	A
rna-XM_056788655.1	A	BRAKERILHT00000009850	A
rna-XM_056788785.1	A	BRAKERILHT00000010322	A
rna-XM_056788656.1	A	BRAKERILHT00000010336	A
rna-XM_056788657.1	A	BRAKERILHT00000009512	A
rna-XM_056788786.1	A	BRAKERILHT00000009899	A
rna-XM_056788787.1	A	BRAKERILHT00000010090	A
rna-XM_056788788.1	A	BRAKERILHT00000008994	A
rna-XM_056788661.1	A	BRAKERILHT00000009155	A
rna-XM_056788660.1	A	BRAKERILHT00000010197	A
rna-XM_056788684.1	A	BRAKERILHT00000010044	A
rna-XM_056788789.1	A	BRAKERILHT00000008640	A
rna-XM_056788791.1	A	BRAKERILHT00000010274	A
rna-XM_056788792.1	A	BRAKERILHT00000009115	A
rna-XM_056788795.1	A	BRAKERILHT00000009669	A
rna-XM_056788796.1	A	BRAKERILHT00000009335	A
rna-XM_056788557.1	A	BRAKERILHT00000008546	A
rna-XM_056788662.1	A	BRAKERILHT00000009940	A
rna-XM_056788663.1	A	BRAKERILHT00000009116	A
rna-XM_056788420.1	A	BRAKERILHT00000001898	A
rna-XM_056788423.1	A	BRAKERILHT00000003536	A
rna-XM_056788414.1	A	BRAKERILHT00000003341	A
rna-XM_056788424.1	A	BRAKERILHT00000003369	A
rna-XM_056788425.1	A	BRAKERILHT00000004016	A
rna-XM_056788427.1	A	BRAKERILHT00000000543	A
rna-XM_056788433.1	A	BRAKERILHT00000009475	A
rna-XM_056788429.1	A	BRAKERILHT00000008844	A
rna-XM_056788435.1	A	BRAKERILHT00000010337	A
rna-XM_056788436.1	A	BRAKERILHT00000009171	A
rna-XM_056788437.1	A	BRAKERILHT00000010203	A
rna-XM_056788439.1	A	BRAKERILHT00000010019	A
rna-XM_056788441.1	A	BRAKERILHT00000009490	A
rna-XM_056788450.1	A	BRAKERILHT00000009061	A
rna-XM_056788448.1	A	BRAKERILHT00000008561	A
rna-XM_056788474.1	A	BRAKERILHT00000010373	A
rna-XM_056788475.1	A	BRAKERILHT00000000108	A
rna-XM_056788476.1	A	BRAKERILHT00000000332	A
rna-XM_056788478.1	A	BRAKERILHT00000002724	A
rna-XM_056788477.1	A	BRAKERILHT00000016166	A
rna-XM_056788482.1	A	BRAKERILHT00000015868	A
rna-XM_056788479.1	A	BRAKERILHT00000016243	A
rna-XM_056788483.1	A	BRAKERILHT00000016050	A
rna-XM_056788484.1	A	BRAKERILHT00000008353	A
rna-XM_056788486.1	A	BRAKERILHT00000009305	A
rna-XM_056788797.1	A	BRAKERILHT00000015901	A
rna-XM_056788487.1	A	BRAKERILHT00000009745	A
rna-XM_056788497.1	A	BRAKERILHT00000006288	A
rna-XM_056788382.1	A	BRAKERILHT00000006753	A
rna-XM_056788537.1	A	BRAKERILHT00000007780	A
rna-XM_056788799.1	A	BRAKERILHT00000006770	A
rna-XM_056788346.1	A	BRAKERILHT00000007628	A
rna-XM_056788800.1	A	BRAKERILHT00000001129	A
rna-XM_056788802.1	A	BRAKERILHT00000013251	A
rna-XM_056788505.1	A	BRAKERILHT00000007042	A
rna-XM_056788536.1	A	BRAKERILHT00000000662	A
rna-XM_056788714.1	A	BRAKERILHT00000000331	A
rna-XM_056788719.1	A	BRAKERILHT00000001202	A
rna-XM_056788717.1	A	BRAKERILHT00000001020	A
rna-XM_056788713.1	A	BRAKERILHT00000001080	A
rna-XM_056788720.1	A	BRAKERILHT00000009106	A
rna-XM_056788803.1	A	BRAKERILHT00000009562	A
rna-XM_056788718.1	A	BRAKERILHT00000010251	A
rna-XM_056788712.1	A	BRAKERILHT00000008572	A
rna-XM_056788295.1	A	BRAKERILHT00000007424	A
rna-XM_056788181.1	A	BRAKERILHT00000006790	A
rna-XM_056788177.1	A	BRAKERILHT00000007222	A
rna-XM_056788180.1	A	BRAKERILHT00000007935	A
rna-XM_056788902.1	A	BRAKERILHT00000006869	A
rna-XM_056788287.1	A	BRAKERILHT00000008082	A
rna-XM_056788566.1	A	BRAKERILHT00000010236	A
rna-XM_056788218.1	A	BRAKERILHT00000009121	A
rna-XM_056788228.1	A	BRAKERILHT00000009759	A
rna-XM_056788805.1	A	BRAKERILHT00000009650	A
rna-XM_056788238.1	A	BRAKERILHT00000010250	A
rna-XM_056788807.1	A	BRAKERILHT00000011489	A
rna-XM_056788239.1	A	BRAKERILHT00000009698	A
rna-XM_056788240.1	A	BRAKERILHT00000016101	A
rna-XM_056788243.1	A	BRAKERILHT00000016412	A
rna-XM_056788247.1	A	BRAKERILHT00000008519	A
rna-XM_056788242.1	A	BRAKERILHT00000009447	A
rna-XM_056788249.1	A	BRAKERILHT00000000628	A
rna-XM_056788956.1	A	BRAKERILHT00000009265	A
rna-XM_056788968.1	A	BRAKERILHT00000009093	A
rna-XM_056788971.1	A	BRAKERILHT00000009406	A
rna-XM_056788965.1	A	BRAKERILHT00000014584	A
rna-XM_056788973.1	A	BRAKERILHT00000006239	A
rna-XM_056788958.1	A	BRAKERILHT00000001581	A
rna-XM_056788974.1	A	BRAKERILHT00000001281	A
rna-XM_056788980.1	A	BRAKERILHT00000000860	A
rna-XM_056788978.1	A	BRAKERILHT00000000087	A
rna-XM_056788982.1	A	BRAKERILHT00000002002	A
rna-XM_056788988.1	A	BRAKERILHT00000012823	A
rna-XM_056788808.1	A	BRAKERILHT00000007196	A
rna-XM_056788989.1	A	BRAKERILHT00000000083	A
rna-XM_056788809.1	A	BRAKERILHT00000011056	A
rna-XM_056788992.1	A	BRAKERILHT00000000989	A
rna-XM_056788993.1	A	BRAKERILHT00000003986	A
rna-XM_056788507.1	A	BRAKERILHT00000002319	A
rna-XM_056788760.1	A	BRAKERILHT00000002345	A
rna-XM_056788527.1	A	BRAKERILHT00000002998	A
rna-XM_056788528.1	A	BRAKERILHT00000003963	A
rna-XM_056788529.1	A	BRAKERILHT00000003278	A
rna-XM_056788509.1	A	BRAKERILHT00000002524	A
rna-XM_056788764.1	A	BRAKERILHT00000003086	A
rna-XM_056788532.1	A	BRAKERILHT00000003555	A
rna-XM_056788531.1	A	BRAKERILHT00000003962	A
rna-XM_056788525.1	A	BRAKERILHT00000004206	A
rna-XM_056788818.1	A	BRAKERILHT00000003996	A
rna-XM_056788550.1	A	BRAKERILHT00000002627	A
rna-XM_056788413.1	A	BRAKERILHT00000002388	A
rna-XM_056788386.1	A	BRAKERILHT00000003682	A
rna-XM_056788385.1	A	BRAKERILHT00000003982	A
rna-XM_056788342.1	A	BRAKERILHT00000016599	A
rna-XM_056788565.1	A	BRAKERILHT00000002262	A
rna-XM_056788814.1	A	BRAKERILHT00000004264	A
rna-XM_056788554.1	A	BRAKERILHT00000011823	A
rna-XM_056788952.1	A	BRAKERILHT00000002364	A
rna-XM_056788953.1	A	BRAKERILHT00000016240	A
rna-XM_056788291.1	A	BRAKERILHT00000015949	A
rna-XM_056788292.1	A	BRAKERILHT00000005976	A
rna-XM_056788682.1	A	BRAKERILHT00000013854	A
rna-XM_056788195.1	A	BRAKERILHT00000013833	A
rna-XM_056788196.1	A	BRAKERILHT00000013464	A
rna-XM_056788815.1	A	BRAKERILHT00000012921	A
rna-XM_056788233.1	A	BRAKERILHT00000013118	A
rna-XM_056788571.1	A	BRAKERILHT00000013340	A
rna-XM_056788585.1	A	BRAKERILHT00000012758	A
rna-XM_056788587.1	A	BRAKERILHT00000004700	A
rna-XM_056788588.1	A	BRAKERILHT00000015850	A
rna-XM_056788559.1	A	BRAKERILHT00000003883	A
rna-XM_056788878.1	A	BRAKERILHT00000011700	A
rna-XM_056788883.1	A	BRAKERILHT00000004377	A
rna-XM_056788887.1	A	BRAKERILHT00000016212	A
rna-XM_056788230.1	A	BRAKERILHT00000003334	A
rna-XM_056788355.1	A	BRAKERILHT00000002302	A
rna-XM_056788198.1	A	BRAKERILHT00000007862	A
rna-XM_056788997.1	A	BRAKERILHT00000007279	A
rna-XM_056788888.1	A	BRAKERILHT00000007246	A
rna-XM_056788889.1	A	BRAKERILHT00000007755	A
rna-XM_056788251.1	A	BRAKERILHT00000007750	A
rna-XM_056788669.1	A	BRAKERILHT00000007746	A
rna-XM_056788834.1	A	BRAKERILHT00000002004	A
rna-XM_056788200.1	A	BRAKERILHT00000017588	X
rna-XM_056788201.1	A	BRAKERILHT00000007598	A
rna-XM_056791036.1	X	BRAKERILHT00000013196	A
rna-XM_056791038.1	X	BRAKERILHT00000010754	A
rna-XM_056790164.1	X	BRAKERILHT00000013423	A
rna-XM_056789518.1	X	BRAKERILHT00000010499	A
rna-XM_056789521.1	X	BRAKERILHT00000012746	A
rna-XM_056789520.1	X	BRAKERILHT00000010910	A
rna-XM_056789451.1	X	BRAKERILHT00000016189	A
rna-XM_056789333.1	X	BRAKERILHT00000005132	A
rna-XM_056789337.1	X	BRAKERILHT00000009861	A
rna-XM_056789937.1	X	BRAKERILHT00000005987	A
rna-XM_056790349.1	X	BRAKERILHT00000005084	A
rna-XM_056790313.1	X	BRAKERILHT00000013546	A
rna-XM_056790314.1	X	BRAKERILHT00000003918	A
rna-XM_056789950.1	X	BRAKERILHT00000002492	A
rna-XM_056790571.1	X	BRAKERILHT00000007195	A
rna-XM_056790572.1	X	BRAKERILHT00000002566	A
rna-XM_056790178.1	X	BRAKERILHT00000007225	A
rna-XM_056790252.1	X	BRAKERILHT00000010715	A
rna-XM_056791179.1	X	BRAKERILHT00000012338	A
rna-XM_056789810.1	X	BRAKERILHT00000012492	A
rna-XM_056789814.1	X	BRAKERILHT00000011385	A
rna-XM_056790990.1	X	BRAKERILHT00000011021	A
rna-XM_056790992.1	X	BRAKERILHT00000010590	A
rna-XM_056790991.1	X	BRAKERILHT00000011893	A
rna-XM_056790993.1	X	BRAKERILHT00000013537	A
rna-XM_056789062.1	X	BRAKERILHT00000004072	A
rna-XM_056789250.1	X	BRAKERILHT00000012627	A
rna-XM_056789248.1	X	BRAKERILHT00000011194	A
rna-XM_056789249.1	X	BRAKERILHT00000012049	A
rna-XM_056791046.1	X	BRAKERILHT00000005630	A
rna-XM_056791045.1	X	BRAKERILHT00000013312	A
rna-XM_056791048.1	X	BRAKERILHT00000006008	A
rna-XM_056791053.1	X	BRAKERILHT00000005801	A
rna-XM_056791055.1	X	BRAKERILHT00000012326	A
rna-XM_056791065.1	X	BRAKERILHT00000010894	A
rna-XM_056791074.1	X	BRAKERILHT00000012842	A
rna-XM_056791083.1	X	BRAKERILHT00000014477	A
rna-XM_056791084.1	X	BRAKERILHT00000016642	A
rna-XM_056790439.1	X	BRAKERILHT00000008333	A
rna-XM_056789090.1	X	BRAKERILHT00000008405	A
rna-XM_056789082.1	X	BRAKERILHT00000016381	A
rna-XM_056789084.1	X	BRAKERILHT00000016463	A
rna-XM_056789708.1	X	BRAKERILHT00000007918	A
rna-XM_056791040.1	X	BRAKERILHT00000001108	A
rna-XM_056789905.1	X	BRAKERILHT00000006873	A
rna-XM_056790065.1	X	BRAKERILHT00000007578	A
rna-XM_056789027.1	X	BRAKERILHT00000007974	A
rna-XM_056789029.1	X	BRAKERILHT00000016145	A
rna-XM_056789033.1	X	BRAKERILHT00000008375	A
rna-XM_056789037.1	X	BRAKERILHT00000006641	A
rna-XM_056790305.1	X	BRAKERILHT00000007908	A
rna-XM_056789741.1	X	BRAKERILHT00000014847	A
rna-XM_056789311.1	X	BRAKERILHT00000007285	A
rna-XM_056791042.1	X	BRAKERILHT00000013465	A
rna-XM_056790463.1	X	BRAKERILHT00000013201	A
rna-XM_056789212.1	X	BRAKERILHT00000013132	A
rna-XM_056789211.1	X	BRAKERILHT00000013401	A
rna-XM_056789213.1	X	BRAKERILHT00000008362	A
rna-XM_056791043.1	X	BRAKERILHT00000008205	A
rna-XM_056789980.1	X	BRAKERILHT00000008459	A
rna-XM_056789983.1	X	BRAKERILHT00000002667	A
rna-XM_056790701.1	X	BRAKERILHT00000007290	A
rna-XM_056790710.1	X	BRAKERILHT00000014560	A
rna-XM_056790708.1	X	BRAKERILHT00000008266	A
rna-XM_056790718.1	X	BRAKERILHT00000004223	A
rna-XM_056790716.1	X	BRAKERILHT00000003594	A
rna-XM_056790719.1	X	BRAKERILHT00000007605	A
rna-XM_056790721.1	X	BRAKERILHT00000007574	A
rna-XM_056790730.1	X	BRAKERILHT00000008171	A
rna-XM_056790722.1	X	BRAKERILHT00000008476	A
rna-XM_056790728.1	X	BRAKERILHT00000007473	A
rna-XM_056790725.1	X	BRAKERILHT00000007086	A
rna-XM_056790723.1	X	BRAKERILHT00000008650	A
rna-XM_056790744.1	X	BRAKERILHT00000007886	A
rna-XM_056790732.1	X	BRAKERILHT00000009091	A
rna-XM_056790745.1	X	BRAKERILHT00000008051	A
rna-XM_056790750.1	X	BRAKERILHT00000015814	A
rna-XM_056790746.1	X	BRAKERILHT00000016877	A
rna-XM_056790754.1	X	BRAKERILHT00000009658	A
rna-XM_056790757.1	X	BRAKERILHT00000007622	A
rna-XM_056790758.1	X	BRAKERILHT00000002375	A
rna-XM_056790764.1	X	BRAKERILHT00000004269	A
rna-XM_056790097.1	X	BRAKERILHT00000016076	A
rna-XM_056791109.1	X	BRAKERILHT00000015687	A
rna-XM_056791068.1	X	BRAKERILHT00000013504	A
rna-XM_056791027.1	X	BRAKERILHT00000013702	A
rna-XM_056791023.1	X	BRAKERILHT00000000964	A
rna-XM_056791025.1	X	BRAKERILHT00000001451	A
rna-XM_056791032.1	X	BRAKERILHT00000010678	A
rna-XM_056790496.1	X	BRAKERILHT00000007898	A
rna-XM_056790498.1	X	BRAKERILHT00000003789	A
rna-XM_056790490.1	X	BRAKERILHT00000003302	A
rna-XM_056790485.1	X	BRAKERILHT00000002518	A
rna-XM_056790487.1	X	BRAKERILHT00000003931	A
rna-XM_056790484.1	X	BRAKERILHT00000002740	A
rna-XM_056789415.1	X	BRAKERILHT00000002681	A
rna-XM_056790014.1	X	BRAKERILHT00000004194	A
rna-XM_056789506.1	X	BRAKERILHT00000003906	A
rna-XM_056789575.1	X	BRAKERILHT00000002449	A
rna-XM_056789411.1	X	BRAKERILHT00000004137	A
rna-XM_056789619.1	X	BRAKERILHT00000003595	A
rna-XM_056789816.1	X	BRAKERILHT00000013437	A
rna-XM_056789354.1	X	BRAKERILHT00000013876	A
rna-XM_056790446.1	X	BRAKERILHT00000009095	A
rna-XM_056790849.1	X	BRAKERILHT00000005529	A
rna-XM_056790855.1	X	BRAKERILHT00000013150	A
rna-XM_056790852.1	X	BRAKERILHT00000012914	A
rna-XM_056790994.1	X	BRAKERILHT00000013383	A
rna-XM_056790996.1	X	BRAKERILHT00000002495	A
rna-XM_056789429.1	X	BRAKERILHT00000010114	A
rna-XM_056789434.1	X	BRAKERILHT00000009436	A
rna-XM_056790181.1	X	BRAKERILHT00000008524	A
rna-XM_056790180.1	X	BRAKERILHT00000005162	A
rna-XM_056789578.1	X	BRAKERILHT00000006101	A
rna-XM_056789581.1	X	BRAKERILHT00000005017	A
rna-XM_056791114.1	X	BRAKERILHT00000006292	A
rna-XM_056791116.1	X	BRAKERILHT00000006531	A
rna-XM_056791225.1	X	BRAKERILHT00000008035	A
rna-XM_056791226.1	X	BRAKERILHT00000008226	A
rna-XM_056789948.1	X	BRAKERILHT00000000534	A
rna-XM_056789949.1	X	BRAKERILHT00000002075	A
rna-XM_056789371.1	X	BRAKERILHT00000000484	A
rna-XM_056789156.1	X	BRAKERILHT00000007689	A
rna-XM_056789463.1	X	BRAKERILHT00000013879	A
rna-XM_056790681.1	X	BRAKERILHT00000010809	A
rna-XM_056790682.1	X	BRAKERILHT00000012269	A
rna-XM_056790686.1	X	BRAKERILHT00000010488	A
rna-XM_056790687.1	X	BRAKERILHT00000011052	A
rna-XM_056790689.1	X	BRAKERILHT00000011899	A
rna-XM_056789399.1	X	BRAKERILHT00000000996	A
rna-XM_056789400.1	X	BRAKERILHT00000012766	A
rna-XM_056790922.1	X	BRAKERILHT00000013159	A
rna-XM_056790919.1	X	BRAKERILHT00000011140	A
rna-XM_056790930.1	X	BRAKERILHT00000011068	A
rna-XM_056790920.1	X	BRAKERILHT00000007435	A
rna-XM_056790929.1	X	BRAKERILHT00000011612	A
rna-XM_056790925.1	X	BRAKERILHT00000012006	A
rna-XM_056790166.1	X	BRAKERILHT00000010858	A
rna-XM_056790167.1	X	BRAKERILHT00000010420	A
rna-XM_056790845.1	X	BRAKERILHT00000010939	A
rna-XM_056790846.1	X	BRAKERILHT00000011490	A
rna-XM_056790847.1	X	BRAKERILHT00000007273	A
rna-XM_056789984.1	X	BRAKERILHT00000007155	A
rna-XM_056789657.1	X	BRAKERILHT00000008034	A
rna-XM_056790819.1	X	BRAKERILHT00000011541	A
rna-XM_056790820.1	X	BRAKERILHT00000011200	A
rna-XM_056790822.1	X	BRAKERILHT00000013501	A
rna-XM_056790821.1	X	BRAKERILHT00000017507	X
rna-XM_056790824.1	X	BRAKERILHT00000010639	A
rna-XM_056790679.1	X	BRAKERILHT00000006904	A
rna-XM_056790078.1	X	BRAKERILHT00000007106	A
rna-XM_056789603.1	X	BRAKERILHT00000008449	A
rna-XM_056790323.1	X	BRAKERILHT00000016679	A
rna-XM_056790330.1	X	BRAKERILHT00000002764	A
rna-XM_056790331.1	X	BRAKERILHT00000002849	A
rna-XM_056789890.1	X	BRAKERILHT00000003778	A
rna-XM_056789679.1	X	BRAKERILHT00000004162	A
rna-XM_056789517.1	X	BRAKERILHT00000004434	A
rna-XM_056790500.1	X	BRAKERILHT00000004101	A
rna-XM_056790499.1	X	BRAKERILHT00000003174	A
rna-XM_056789041.1	X	BRAKERILHT00000003446	A
rna-XM_056789043.1	X	BRAKERILHT00000002543	A
rna-XM_056789048.1	X	BRAKERILHT00000003511	A
rna-XM_056789770.1	X	BRAKERILHT00000015694	A
rna-XM_056790524.1	X	BRAKERILHT00000015513	A
rna-XM_056790262.1	X	BRAKERILHT00000006780	A
rna-XM_056790263.1	X	BRAKERILHT00000008350	A
rna-XM_056789465.1	X	BRAKERILHT00000003977	A
rna-XM_056789594.1	X	BRAKERILHT00000017180	X
rna-XM_056789772.1	X	BRAKERILHT00000017862	X
rna-XM_056790238.1	X	BRAKERILHT00000001407	A
rna-XM_056790235.1	X	BRAKERILHT00000003753	A
rna-XM_056790300.1	X	BRAKERILHT00000004424	A
rna-XM_056790299.1	X	BRAKERILHT00000015777	A
rna-XM_056789751.1	X	BRAKERILHT00000017247	X
rna-XM_056789507.1	X	BRAKERILHT00000017988	X
rna-XM_056791174.1	X	BRAKERILHT00000017993	X
rna-XM_056790187.1	X	BRAKERILHT00000017529	X
rna-XM_056790220.1	X	BRAKERILHT00000017869	X
rna-XM_056790378.1	X	BRAKERILHT00000017686	X
rna-XM_056790104.1	X	BRAKERILHT00000017346	X
rna-XM_056790105.1	X	BRAKERILHT00000017273	X
rna-XM_056790106.1	X	BRAKERILHT00000017154	X
rna-XM_056790009.1	X	BRAKERILHT00000017694	X
rna-XM_056790012.1	X	BRAKERILHT00000017645	X
rna-XM_056789907.1	X	BRAKERILHT00000017223	X
rna-XM_056791105.1	X	BRAKERILHT00000017255	X
rna-XM_056791106.1	X	BRAKERILHT00000016088	A
rna-XM_056791103.1	X	BRAKERILHT00000017781	X
rna-XM_056791107.1	X	BRAKERILHT00000017478	X
rna-XM_056790356.1	X	BRAKERILHT00000017040	X
rna-XM_056790905.1	X	BRAKERILHT00000017552	X
rna-XM_056790916.1	X	BRAKERILHT00000017945	X
rna-XM_056790917.1	X	BRAKERILHT00000017201	X
rna-XM_056790226.1	X	BRAKERILHT00000017881	X
rna-XM_056789807.1	X	BRAKERILHT00000017344	X
rna-XM_056789808.1	X	BRAKERILHT00000012944	A
rna-XM_056789653.1	X	BRAKERILHT00000017422	X
rna-XM_056790316.1	X	BRAKERILHT00000017783	X
rna-XM_056791178.1	X	BRAKERILHT00000017476	X
rna-XM_056789749.1	X	BRAKERILHT00000017112	X
rna-XM_056790306.1	X	BRAKERILHT00000017852	X
rna-XM_056789446.1	X	BRAKERILHT00000011004	A
rna-XM_056790070.1	X	BRAKERILHT00000017294	X
rna-XM_056790069.1	X	BRAKERILHT00000017953	X
rna-XM_056789303.1	X	BRAKERILHT00000017178	X
rna-XM_056790176.1	X	BRAKERILHT00000017985	X
rna-XM_056790175.1	X	BRAKERILHT00000017035	X
rna-XM_056790171.1	X	BRAKERILHT00000017467	X
rna-XM_056789202.1	X	BRAKERILHT00000017099	X
rna-XM_056790018.1	X	BRAKERILHT00000015173	A
rna-XM_056791150.1	X	BRAKERILHT00000017956	X
rna-XM_056789484.1	X	BRAKERILHT00000017912	X
rna-XM_056789094.1	X	BRAKERILHT00000010065	A
rna-XM_056789093.1	X	BRAKERILHT00000017039	X
rna-XM_056789541.1	X	BRAKERILHT00000017350	X
rna-XM_056790417.1	X	BRAKERILHT00000018044	X
rna-XM_056790369.1	X	BRAKERILHT00000017396	X
rna-XM_056790027.1	X	BRAKERILHT00000017210	X
rna-XM_056790028.1	X	BRAKERILHT00000017997	X
rna-XM_056790026.1	X	BRAKERILHT00000017676	X
rna-XM_056789748.1	X	BRAKERILHT00000017405	X
rna-XM_056789481.1	X	BRAKERILHT00000011110	A
rna-XM_056789128.1	X	BRAKERILHT00000017003	X
rna-XM_056789129.1	X	BRAKERILHT00000018002	X
rna-XM_056790068.1	X	BRAKERILHT00000017060	X
rna-XM_056790985.1	X	BRAKERILHT00000017534	X
rna-XM_056790982.1	X	BRAKERILHT00000018064	X
rna-XM_056789473.1	X	BRAKERILHT00000017830	X
rna-XM_056791224.1	X	BRAKERILHT00000017116	X
rna-XM_056789635.1	X	BRAKERILHT00000017720	X
rna-XM_056789425.1	X	BRAKERILHT00000017770	X
rna-XM_056789750.1	X	BRAKERILHT00000017284	X
rna-XM_056790367.1	X	BRAKERILHT00000018026	X
rna-XM_056789444.1	X	BRAKERILHT00000017866	X
rna-XM_056789590.1	X	BRAKERILHT00000004049	A
rna-XM_056790528.1	X	BRAKERILHT00000017202	X
rna-XM_056790385.1	X	BRAKERILHT00000017660	X
rna-XM_056790405.1	X	BRAKERILHT00000017658	X
rna-XM_056789165.1	X	BRAKERILHT00000017257	X
rna-XM_056789159.1	X	BRAKERILHT00000017029	X
rna-XM_056789166.1	X	BRAKERILHT00000017845	X
rna-XM_056791132.1	X	BRAKERILHT00000017364	X
rna-XM_056789640.1	X	BRAKERILHT00000017718	X
rna-XM_056790381.1	X	BRAKERILHT00000017455	X
rna-XM_056790918.1	X	BRAKERILHT00000017884	X
rna-XM_056789951.1	X	BRAKERILHT00000017280	X
rna-XM_056789952.1	X	BRAKERILHT00000018035	X
rna-XM_056789953.1	X	BRAKERILHT00000007212	A
rna-XM_056789939.1	X	BRAKERILHT00000018054	X
rna-XM_056789768.1	X	BRAKERILHT00000017340	X
rna-XM_056789313.1	X	BRAKERILHT00000017359	X
rna-XM_056789314.1	X	BRAKERILHT00000017347	X
rna-XM_056789616.1	X	BRAKERILHT00000017748	X
rna-XM_056789171.1	X	BRAKERILHT00000006609	A
rna-XM_056789173.1	X	BRAKERILHT00000007814	A
rna-XM_056789174.1	X	BRAKERILHT00000008275	A
rna-XM_056789736.1	X	BRAKERILHT00000007943	A
rna-XM_056789589.1	X	BRAKERILHT00000006725	A
rna-XM_056791093.1	X	BRAKERILHT00000008046	A
rna-XM_056791090.1	X	BRAKERILHT00000013540	A
rna-XM_056789209.1	X	BRAKERILHT00000013342	A
rna-XM_056789588.1	X	BRAKERILHT00000008147	A
rna-XM_056789592.1	X	BRAKERILHT00000007485	A
rna-XM_056789201.1	X	BRAKERILHT00000007711	A
rna-XM_056789339.1	X	BRAKERILHT00000008180	A
rna-XM_056790071.1	X	BRAKERILHT00000007990	A
rna-XM_056790073.1	X	BRAKERILHT00000015146	A
rna-XM_056790072.1	X	BRAKERILHT00000006704	A
rna-XM_056789038.1	X	BRAKERILHT00000007099	A
rna-XM_056789405.1	X	BRAKERILHT00000007695	A
rna-XM_056789406.1	X	BRAKERILHT00000006633	A
rna-XM_056790533.1	X	BRAKERILHT00000008426	A
rna-XM_056789447.1	X	BRAKERILHT00000008151	A
rna-XM_056791009.1	X	BRAKERILHT00000008083	A
rna-XM_056789453.1	X	BRAKERILHT00000006954	A
rna-XM_056789178.1	X	BRAKERILHT00000000685	A
rna-XM_056789461.1	X	BRAKERILHT00000013410	A
rna-XM_056789460.1	X	BRAKERILHT00000005460	A
rna-XM_056789968.1	X	BRAKERILHT00000016615	A
rna-XM_056789977.1	X	BRAKERILHT00000013130	A
rna-XM_056789973.1	X	BRAKERILHT00000016280	A
rna-XM_056789959.1	X	BRAKERILHT00000016228	A
rna-XM_056789966.1	X	BRAKERILHT00000008165	A
rna-XM_056789967.1	X	BRAKERILHT00000006535	A
rna-XM_056789978.1	X	BRAKERILHT00000008091	A
rna-XM_056789242.1	X	BRAKERILHT00000007830	A
rna-XM_056789225.1	X	BRAKERILHT00000007557	A
rna-XM_056789438.1	X	BRAKERILHT00000008212	A
rna-XM_056789067.1	X	BRAKERILHT00000006809	A
rna-XM_056789308.1	X	BRAKERILHT00000014413	A
rna-XM_056790219.1	X	BRAKERILHT00000015014	A
rna-XM_056789456.1	X	BRAKERILHT00000014153	A
rna-XM_056790594.1	X	BRAKERILHT00000014591	A
rna-XM_056790596.1	X	BRAKERILHT00000015500	A
rna-XM_056790601.1	X	BRAKERILHT00000016602	A
rna-XM_056790606.1	X	BRAKERILHT00000012958	A
rna-XM_056790607.1	X	BRAKERILHT00000012713	A
rna-XM_056790608.1	X	BRAKERILHT00000013890	A
rna-XM_056790609.1	X	BRAKERILHT00000012537	A
rna-XM_056790610.1	X	BRAKERILHT00000012463	A
rna-XM_056790612.1	X	BRAKERILHT00000004476	A
rna-XM_056790613.1	X	BRAKERILHT00000013783	A
rna-XM_056790616.1	X	BRAKERILHT00000012451	A
rna-XM_056790617.1	X	BRAKERILHT00000003515	A
rna-XM_056790620.1	X	BRAKERILHT00000000556	A
rna-XM_056790626.1	X	BRAKERILHT00000013306	A
rna-XM_056790627.1	X	BRAKERILHT00000016227	A
rna-XM_056790628.1	X	BRAKERILHT00000010888	A
rna-XM_056790630.1	X	BRAKERILHT00000007938	A
rna-XM_056790631.1	X	BRAKERILHT00000006891	A
rna-XM_056790634.1	X	BRAKERILHT00000007386	A
rna-XM_056790635.1	X	BRAKERILHT00000007178	A
rna-XM_056790637.1	X	BRAKERILHT00000006778	A
rna-XM_056790638.1	X	BRAKERILHT00000007669	A
rna-XM_056790642.1	X	BRAKERILHT00000007073	A
rna-XM_056790643.1	X	BRAKERILHT00000007097	A
rna-XM_056790645.1	X	BRAKERILHT00000008777	A
rna-XM_056790647.1	X	BRAKERILHT00000005265	A
rna-XM_056790656.1	X	BRAKERILHT00000005051	A
rna-XM_056790648.1	X	BRAKERILHT00000005766	A
rna-XM_056790661.1	X	BRAKERILHT00000010522	A
rna-XM_056790663.1	X	BRAKERILHT00000012589	A
rna-XM_056790665.1	X	BRAKERILHT00000004645	A
rna-XM_056790668.1	X	BRAKERILHT00000011493	A
rna-XM_056790670.1	X	BRAKERILHT00000003917	A
rna-XM_056790673.1	X	BRAKERILHT00000011427	A
rna-XM_056790672.1	X	BRAKERILHT00000011046	A
rna-XM_056790669.1	X	BRAKERILHT00000004917	A
rna-XM_056790675.1	X	BRAKERILHT00000002878	A
rna-XM_056789477.1	X	BRAKERILHT00000007169	A
rna-XM_056789476.1	X	BRAKERILHT00000007614	A
rna-XM_056790509.1	X	BRAKERILHT00000014554	A
rna-XM_056790044.1	X	BRAKERILHT00000016555	A
rna-XM_056790046.1	X	BRAKERILHT00000016443	A
rna-XM_056791229.1	X	BRAKERILHT00000006816	A
rna-XM_056791231.1	X	BRAKERILHT00000007919	A
rna-XM_056791233.1	X	BRAKERILHT00000007516	A
rna-XM_056791160.1	X	BRAKERILHT00000015881	A
rna-XM_056791161.1	X	BRAKERILHT00000002485	A
rna-XM_056791162.1	X	BRAKERILHT00000012465	A
rna-XM_056789139.1	X	BRAKERILHT00000017123	X
rna-XM_056789157.1	X	BRAKERILHT00000011753	A
rna-XM_056790280.1	X	BRAKERILHT00000017448	X
rna-XM_056790287.1	X	BRAKERILHT00000018036	X
rna-XM_056789824.1	X	BRAKERILHT00000017239	X
rna-XM_056789112.1	X	BRAKERILHT00000017761	X
rna-XM_056789825.1	X	BRAKERILHT00000017263	X
rna-XM_056789827.1	X	BRAKERILHT00000011558	A
rna-XM_056789766.1	X	BRAKERILHT00000017226	X
rna-XM_056789357.1	X	BRAKERILHT00000017298	X
rna-XM_056789356.1	X	BRAKERILHT00000017874	X
rna-XM_056789361.1	X	BRAKERILHT00000016564	A
rna-XM_056789385.1	X	BRAKERILHT00000017453	X
rna-XM_056791015.1	X	BRAKERILHT00000017722	X
rna-XM_056790508.1	X	BRAKERILHT00000017127	X
rna-XM_056790534.1	X	BRAKERILHT00000017868	X
rna-XM_056790535.1	X	BRAKERILHT00000017015	X
rna-XM_056790536.1	X	BRAKERILHT00000000248	A
rna-XM_056789633.1	X	BRAKERILHT00000017794	X
rna-XM_056789367.1	X	BRAKERILHT00000002092	A
rna-XM_056790544.1	X	BRAKERILHT00000017947	X
rna-XM_056790545.1	X	BRAKERILHT00000017118	X
rna-XM_056790547.1	X	BRAKERILHT00000017887	X
rna-XM_056790050.1	X	BRAKERILHT00000017840	X
rna-XM_056789435.1	X	BRAKERILHT00000017434	X
rna-XM_056789300.1	X	BRAKERILHT00000018028	X
rna-XM_056789842.1	X	BRAKERILHT00000009712	A
rna-XM_056789584.1	X	BRAKERILHT00000016225	A
rna-XM_056789850.1	X	BRAKERILHT00000017760	X
rna-XM_056789116.1	X	BRAKERILHT00000009253	A
rna-XM_056790570.1	X	BRAKERILHT00000010807	A
rna-XM_056789740.1	X	BRAKERILHT00000017982	X
rna-XM_056789738.1	X	BRAKERILHT00000006248	A
rna-XM_056789068.1	X	BRAKERILHT00000017780	X
rna-XM_056789851.1	X	BRAKERILHT00000005544	A
rna-XM_056789522.1	X	BRAKERILHT00000017696	X
rna-XM_056790384.1	X	BRAKERILHT00000017253	X
rna-XM_056789920.1	X	BRAKERILHT00000017013	X
rna-XM_056790694.1	X	BRAKERILHT00000017190	X
rna-XM_056789582.1	X	BRAKERILHT00000017546	X
rna-XM_056789991.1	X	BRAKERILHT00000007173	A
rna-XM_056789992.1	X	BRAKERILHT00000002217	A
rna-XM_056789546.1	X	BRAKERILHT00000015883	A
rna-XM_056789570.1	X	BRAKERILHT00000017150	X
rna-XM_056789571.1	X	BRAKERILHT00000006038	A
rna-XM_056789394.1	X	BRAKERILHT00000018008	X
rna-XM_056789396.1	X	BRAKERILHT00000017259	X
rna-XM_056790368.1	X	BRAKERILHT00000017643	X
rna-XM_056790421.1	X	BRAKERILHT00000017269	X
rna-XM_056790427.1	X	BRAKERILHT00000017072	X
rna-XM_056790434.1	X	BRAKERILHT00000017053	X
rna-XM_056790433.1	X	BRAKERILHT00000000304	A
rna-XM_056790432.1	X	BRAKERILHT00000010016	A
rna-XM_056790428.1	X	BRAKERILHT00000017631	X
rna-XM_056790437.1	X	BRAKERILHT00000017808	X
rna-XM_056790339.1	X	BRAKERILHT00000017425	X
rna-XM_056789730.1	X	BRAKERILHT00000009042	A
rna-XM_056790506.1	X	BRAKERILHT00000017774	X
rna-XM_056790254.1	X	BRAKERILHT00000017010	X
rna-XM_056789596.1	X	BRAKERILHT00000017191	X
rna-XM_056791144.1	X	BRAKERILHT00000017966	X
rna-XM_056790003.1	X	BRAKERILHT00000017352	X
rna-XM_056789678.1	X	BRAKERILHT00000017145	X
rna-XM_056789734.1	X	BRAKERILHT00000017765	X
rna-XM_056790225.1	X	BRAKERILHT00000017742	X
rna-XM_056790036.1	X	BRAKERILHT00000000800	A
rna-XM_056789858.1	X	BRAKERILHT00000016842	A
rna-XM_056789859.1	X	BRAKERILHT00000017153	X
rna-XM_056789534.1	X	BRAKERILHT00000014191	A
rna-XM_056790042.1	X	BRAKERILHT00000003349	A
rna-XM_056790043.1	X	BRAKERILHT00000017371	X
rna-XM_056789689.1	X	BRAKERILHT00000017512	X
rna-XM_056789258.1	X	BRAKERILHT00000009182	A
rna-XM_056789263.1	X	BRAKERILHT00000005628	A
rna-XM_056789257.1	X	BRAKERILHT00000017523	X
rna-XM_056789288.1	X	BRAKERILHT00000018004	X
rna-XM_056789291.1	X	BRAKERILHT00000010975	A
rna-XM_056789290.1	X	BRAKERILHT00000013805	A
rna-XM_056789862.1	X	BRAKERILHT00000017483	X
rna-XM_056789297.1	X	BRAKERILHT00000017666	X
rna-XM_056789299.1	X	BRAKERILHT00000017120	X
rna-XM_056789956.1	X	BRAKERILHT00000017903	X
rna-XM_056789958.1	X	BRAKERILHT00000009003	A
rna-XM_056790063.1	X	BRAKERILHT00000018030	X
rna-XM_056789416.1	X	BRAKERILHT00000017380	X
rna-XM_056790338.1	X	BRAKERILHT00000017486	X
rna-XM_056790361.1	X	BRAKERILHT00000017802	X
rna-XM_056789529.1	X	BRAKERILHT00000017809	X
rna-XM_056790170.1	X	BRAKERILHT00000017217	X
rna-XM_056790478.1	X	BRAKERILHT00000017793	X
rna-XM_056790474.1	X	BRAKERILHT00000017832	X
rna-XM_056790479.1	X	BRAKERILHT00000018007	X
rna-XM_056790413.1	X	BRAKERILHT00000017892	X
rna-XM_056789863.1	X	BRAKERILHT00000017466	X
rna-XM_056789349.1	X	BRAKERILHT00000017905	X
rna-XM_056790409.1	X	BRAKERILHT00000017922	X
rna-XM_056790113.1	X	BRAKERILHT00000017747	X
rna-XM_056790111.1	X	BRAKERILHT00000017562	X
rna-XM_056790114.1	X	BRAKERILHT00000017357	X
rna-XM_056790116.1	X	BRAKERILHT00000017463	X
rna-XM_056790118.1	X	BRAKERILHT00000013974	A
rna-XM_056790117.1	X	BRAKERILHT00000017708	X
rna-XM_056790120.1	X	BRAKERILHT00000017998	X
rna-XM_056790122.1	X	BRAKERILHT00000008567	A
rna-XM_056790125.1	X	BRAKERILHT00000017264	X
rna-XM_056790127.1	X	BRAKERILHT00000017007	X
rna-XM_056790132.1	X	BRAKERILHT00000017609	X
rna-XM_056790134.1	X	BRAKERILHT00000017400	X
rna-XM_056790137.1	X	BRAKERILHT00000017692	X
rna-XM_056790138.1	X	BRAKERILHT00000017879	X
rna-XM_056790142.1	X	BRAKERILHT00000017469	X
rna-XM_056790143.1	X	BRAKERILHT00000017864	X
rna-XM_056790146.1	X	BRAKERILHT00000017589	X
rna-XM_056790150.1	X	BRAKERILHT00000017811	X
rna-XM_056789865.1	X	BRAKERILHT00000017222	X
rna-XM_056790151.1	X	BRAKERILHT00000017724	X
rna-XM_056790159.1	X	BRAKERILHT00000017334	X
rna-XM_056790163.1	X	BRAKERILHT00000017957	X
rna-XM_056790156.1	X	BRAKERILHT00000017058	X
rna-XM_056790216.1	X	BRAKERILHT00000017713	X
rna-XM_056790445.1	X	BRAKERILHT00000017045	X
rna-XM_056790465.1	X	BRAKERILHT00000017069	X
rna-XM_056789076.1	X	BRAKERILHT00000005035	A
rna-XM_056789412.1	X	BRAKERILHT00000017449	X
rna-XM_056789940.1	X	BRAKERILHT00000017513	X
rna-XM_056790777.1	X	BRAKERILHT00000012231	A
rna-XM_056790774.1	X	BRAKERILHT00000017367	X
rna-XM_056790782.1	X	BRAKERILHT00000001743	A
rna-XM_056789867.1	X	BRAKERILHT00000018010	X
rna-XM_056790786.1	X	BRAKERILHT00000016742	A
rna-XM_056790792.1	X	BRAKERILHT00000017288	X
rna-XM_056790793.1	X	BRAKERILHT00000017933	X
rna-XM_056790801.1	X	BRAKERILHT00000017576	X
rna-XM_056790803.1	X	BRAKERILHT00000017083	X
rna-XM_056790802.1	X	BRAKERILHT00000017004	X
rna-XM_056789868.1	X	BRAKERILHT00000017219	X
rna-XM_056789194.1	X	BRAKERILHT00000012422	A
rna-XM_056789916.1	X	BRAKERILHT00000017597	X
rna-XM_056790966.1	X	BRAKERILHT00000017183	X
rna-XM_056790968.1	X	BRAKERILHT00000017978	X
rna-XM_056790366.1	X	BRAKERILHT00000017618	X
rna-XM_056789903.1	X	BRAKERILHT00000017136	X
rna-XM_056789574.1	X	BRAKERILHT00000017062	X
rna-XM_056790179.1	X	BRAKERILHT00000017938	X
rna-XM_056790344.1	X	BRAKERILHT00000018027	X
rna-XM_056789382.1	X	BRAKERILHT00000017649	X
rna-XM_056789389.1	X	BRAKERILHT00000018041	X
rna-XM_056790469.1	X	BRAKERILHT00000004048	A
rna-XM_056790192.1	X	BRAKERILHT00000017216	X
rna-XM_056789215.1	X	BRAKERILHT00000017192	X
rna-XM_056789928.1	X	BRAKERILHT00000017126	X
rna-XM_056789924.1	X	BRAKERILHT00000017411	X
rna-XM_056789597.1	X	BRAKERILHT00000017356	X
rna-XM_056789190.1	X	BRAKERILHT00000017021	X
rna-XM_056790183.1	X	BRAKERILHT00000017763	X
rna-XM_056789758.1	X	BRAKERILHT00000009588	A
rna-XM_056789870.1	X	BRAKERILHT00000017260	X
rna-XM_056789180.1	X	BRAKERILHT00000017521	X
rna-XM_056789185.1	X	BRAKERILHT00000016154	A
rna-XM_056790342.1	X	BRAKERILHT00000017705	X
rna-XM_056789142.1	X	BRAKERILHT00000001052	A
rna-XM_056789871.1	X	BRAKERILHT00000017735	X
rna-XM_056791167.1	X	BRAKERILHT00000017081	X
rna-XM_056791169.1	X	BRAKERILHT00000017772	X
rna-XM_056790972.1	X	BRAKERILHT00000017330	X
rna-XM_056790973.1	X	BRAKERILHT00000017629	X
rna-XM_056790807.1	X	BRAKERILHT00000018018	X
rna-XM_056790806.1	X	BRAKERILHT00000017218	X
rna-XM_056790805.1	X	BRAKERILHT00000017001	X
rna-XM_056790808.1	X	BRAKERILHT00000017743	X
rna-XM_056789873.1	X	BRAKERILHT00000017174	X
rna-XM_056790569.1	X	BRAKERILHT00000017955	X
rna-XM_056790568.1	X	BRAKERILHT00000017287	X
rna-XM_056790566.1	X	BRAKERILHT00000002755	A
rna-XM_056790560.1	X	BRAKERILHT00000017462	X
rna-XM_056789709.1	X	BRAKERILHT00000017459	X
rna-XM_056789059.1	X	BRAKERILHT00000017272	X
rna-XM_056790809.1	X	BRAKERILHT00000017964	X
rna-XM_056789483.1	X	BRAKERILHT00000017122	X
rna-XM_056790971.1	X	BRAKERILHT00000017946	X
rna-XM_056790970.1	X	BRAKERILHT00000017644	X
rna-XM_056789341.1	X	BRAKERILHT00000017170	X
rna-XM_056789345.1	X	BRAKERILHT00000005723	A
rna-XM_056789759.1	X	BRAKERILHT00000017436	X
rna-XM_056789760.1	X	BRAKERILHT00000017566	X
rna-XM_056789763.1	X	BRAKERILHT00000017769	X
rna-XM_056790412.1	X	BRAKERILHT00000017909	X
rna-XM_056790001.1	X	BRAKERILHT00000018037	X
rna-XM_056789397.1	X	BRAKERILHT00000017973	X
rna-XM_056789874.1	X	BRAKERILHT00000017374	X
rna-XM_056790933.1	X	BRAKERILHT00000000691	A
rna-XM_056790942.1	X	BRAKERILHT00000002000	A
rna-XM_056790944.1	X	BRAKERILHT00000017612	X
rna-XM_056790943.1	X	BRAKERILHT00000017701	X
rna-XM_056789369.1	X	BRAKERILHT00000017972	X
rna-XM_056789426.1	X	BRAKERILHT00000017856	X
rna-XM_056789387.1	X	BRAKERILHT00000017410	X
rna-XM_056790466.1	X	BRAKERILHT00000017749	X
rna-XM_056789585.1	X	BRAKERILHT00000018022	X
rna-XM_056789586.1	X	BRAKERILHT00000017023	X
rna-XM_056789080.1	X	BRAKERILHT00000017108	X
rna-XM_056790038.1	X	BRAKERILHT00000017707	X
rna-XM_056789908.1	X	BRAKERILHT00000017584	X
rna-XM_056789909.1	X	BRAKERILHT00000017980	X
rna-XM_056789915.1	X	BRAKERILHT00000017107	X
rna-XM_056789391.1	X	BRAKERILHT00000017569	X
rna-XM_056789132.1	X	BRAKERILHT00000017460	X
rna-XM_056789138.1	X	BRAKERILHT00000017804	X
rna-XM_056790870.1	X	BRAKERILHT00000017270	X
rna-XM_056790874.1	X	BRAKERILHT00000017041	X
rna-XM_056790873.1	X	BRAKERILHT00000017177	X
rna-XM_056790875.1	X	BRAKERILHT00000017753	X
rna-XM_056790879.1	X	BRAKERILHT00000017613	X
rna-XM_056790880.1	X	BRAKERILHT00000017006	X
rna-XM_056790881.1	X	BRAKERILHT00000018024	X
rna-XM_056790884.1	X	BRAKERILHT00000017155	X
rna-XM_056790885.1	X	BRAKERILHT00000017689	X
rna-XM_056789876.1	X	BRAKERILHT00000017848	X
rna-XM_056790887.1	X	BRAKERILHT00000016991	X
rna-XM_056790892.1	X	BRAKERILHT00000017672	X
rna-XM_056790893.1	X	BRAKERILHT00000013865	A
rna-XM_056790895.1	X	BRAKERILHT00000017625	X
rna-XM_056790901.1	X	BRAKERILHT00000017634	X
rna-XM_056790902.1	X	BRAKERILHT00000003047	A
rna-XM_056790904.1	X	BRAKERILHT00000017307	X
rna-XM_056789856.1	X	BRAKERILHT00000018005	X
rna-XM_056789667.1	X	BRAKERILHT00000017554	X
rna-XM_056789675.1	X	BRAKERILHT00000017187	X
rna-XM_056789610.1	X	BRAKERILHT00000009109	A
rna-XM_056790829.1	X	BRAKERILHT00000006394	A
rna-XM_056790838.1	X	BRAKERILHT00000017695	X
rna-XM_056790832.1	X	BRAKERILHT00000017941	X
rna-XM_056790841.1	X	BRAKERILHT00000017642	X
rna-XM_056790844.1	X	BRAKERILHT00000017915	X
rna-XM_056789680.1	X	BRAKERILHT00000017331	X
rna-XM_056790370.1	X	BRAKERILHT00000017059	X
rna-XM_056789789.1	X	BRAKERILHT00000017959	X
rna-XM_056789713.1	X	BRAKERILHT00000017321	X
rna-XM_056789721.1	X	BRAKERILHT00000017387	X
rna-XM_056789718.1	X	BRAKERILHT00000012430	A
rna-XM_056789719.1	X	BRAKERILHT00000017182	X
rna-XM_056789724.1	X	BRAKERILHT00000017431	X
rna-XM_056789723.1	X	BRAKERILHT00000017791	X
rna-XM_056790247.1	X	BRAKERILHT00000017305	X
rna-XM_056790814.1	X	BRAKERILHT00000017918	X
rna-XM_056790816.1	X	BRAKERILHT00000017477	X
rna-XM_056789990.1	X	BRAKERILHT00000017919	X
rna-XM_056789988.1	X	BRAKERILHT00000018023	X
rna-XM_056790031.1	X	BRAKERILHT00000017844	X
rna-XM_056790959.1	X	BRAKERILHT00000018056	X
rna-XM_056790354.1	X	BRAKERILHT00000016992	X
rna-XM_056789061.1	X	BRAKERILHT00000017024	X
rna-XM_056790678.1	X	BRAKERILHT00000017958	X
rna-XM_056789645.1	X	BRAKERILHT00000017784	X
rna-XM_056790948.1	X	BRAKERILHT00000017632	X
rna-XM_056790945.1	X	BRAKERILHT00000002294	A
rna-XM_056790950.1	X	BRAKERILHT00000016988	X
rna-XM_056790954.1	X	BRAKERILHT00000000696	A
rna-XM_056790394.1	X	BRAKERILHT00000017539	X
rna-XM_056789819.1	X	BRAKERILHT00000017296	X
rna-XM_056789636.1	X	BRAKERILHT00000017293	X
rna-XM_056789919.1	X	BRAKERILHT00000017561	X
rna-XM_056789512.1	X	BRAKERILHT00000017882	X
rna-XM_056789096.1	X	BRAKERILHT00000017377	X
rna-XM_056789095.1	X	BRAKERILHT00000016477	A
rna-XM_056789102.1	X	BRAKERILHT00000017867	X
rna-XM_056789346.1	X	BRAKERILHT00000017511	X
rna-XM_056789800.1	X	BRAKERILHT00000017721	X
rna-XM_056789773.1	X	BRAKERILHT00000017161	X
rna-XM_056789682.1	X	BRAKERILHT00000017891	X
rna-XM_056789628.1	X	BRAKERILHT00000017441	X
rna-XM_056791156.1	X	BRAKERILHT00000017911	X
rna-XM_056791154.1	X	BRAKERILHT00000017603	X
rna-XM_056791158.1	X	BRAKERILHT00000017005	X
rna-XM_056789195.1	X	BRAKERILHT00000017648	X
rna-XM_056790230.1	X	BRAKERILHT00000017559	X
rna-XM_056790233.1	X	BRAKERILHT00000017258	X
rna-XM_056790249.1	X	BRAKERILHT00000017535	X
rna-XM_056789611.1	X	BRAKERILHT00000017186	X
rna-XM_056790320.1	X	BRAKERILHT00000017496	X
rna-XM_056789530.1	X	BRAKERILHT00000017301	X
rna-XM_056789532.1	X	BRAKERILHT00000013389	A
rna-XM_056790526.1	X	BRAKERILHT00000017592	X
rna-XM_056790518.1	X	BRAKERILHT00000005554	A
rna-XM_056790520.1	X	BRAKERILHT00000017745	X
rna-XM_056790519.1	X	BRAKERILHT00000001327	A
rna-XM_056790516.1	X	BRAKERILHT00000017195	X
rna-XM_056791235.1	X	BRAKERILHT00000017415	X
rna-XM_056789764.1	X	BRAKERILHT00000017883	X
rna-XM_056789942.1	X	BRAKERILHT00000017109	X
rna-XM_056789946.1	X	BRAKERILHT00000017135	X
rna-XM_056790964.1	X	BRAKERILHT00000000650	A
rna-XM_056790965.1	X	BRAKERILHT00000017049	X
rna-XM_056789309.1	X	BRAKERILHT00000017923	X
rna-XM_056790415.1	X	BRAKERILHT00000017568	X
rna-XM_056789542.1	X	BRAKERILHT00000018029	X
rna-XM_056790347.1	X	BRAKERILHT00000017839	X
rna-XM_056791000.1	X	BRAKERILHT00000018001	X
rna-XM_056791001.1	X	BRAKERILHT00000017671	X
rna-XM_056791006.1	X	BRAKERILHT00000006018	A
rna-XM_056789150.1	X	BRAKERILHT00000017160	X
rna-XM_056789148.1	X	BRAKERILHT00000015874	A
rna-XM_056790309.1	X	BRAKERILHT00000017042	X
rna-XM_056790482.1	X	BRAKERILHT00000017277	X
rna-XM_056790350.1	X	BRAKERILHT00000009133	A
rna-XM_056789881.1	X	BRAKERILHT00000017628	X
rna-XM_056789256.1	X	BRAKERILHT00000017971	X
rna-XM_056789650.1	X	BRAKERILHT00000009303	A
rna-XM_056789706.1	X	BRAKERILHT00000017311	X
rna-XM_056789702.1	X	BRAKERILHT00000017408	X
rna-XM_056789191.1	X	BRAKERILHT00000011482	A
rna-XM_056789193.1	X	BRAKERILHT00000017488	X
rna-XM_056789490.1	X	BRAKERILHT00000017181	X
rna-XM_056789505.1	X	BRAKERILHT00000017626	X
rna-XM_056790932.1	X	BRAKERILHT00000017890	X
rna-XM_056789489.1	X	BRAKERILHT00000017276	X
rna-XM_056789437.1	X	BRAKERILHT00000017889	X
rna-XM_056789605.1	X	BRAKERILHT00000017968	X
rna-XM_056790414.1	X	BRAKERILHT00000017008	X
rna-XM_056790302.1	X	BRAKERILHT00000017663	X
rna-XM_056789886.1	X	BRAKERILHT00000017778	X
rna-XM_056789208.1	X	BRAKERILHT00000017101	X
rna-XM_056791217.1	X	BRAKERILHT00000017641	X
rna-XM_056790279.1	X	BRAKERILHT00000017002	X
rna-XM_056789887.1	X	BRAKERILHT00000007817	A
rna-XM_056790581.1	X	BRAKERILHT00000017353	X
rna-XM_056790334.1	X	BRAKERILHT00000014871	A
rna-XM_056790258.1	X	BRAKERILHT00000018011	X
rna-XM_056790260.1	X	BRAKERILHT00000002425	A
rna-XM_056789733.1	X	BRAKERILHT00000003825	A
rna-XM_056790165.1	X	BRAKERILHT00000004367	A
rna-XM_056791119.1	X	BRAKERILHT00000002665	A
rna-XM_056789754.1	X	BRAKERILHT00000017229	X
rna-XM_056790343.1	X	BRAKERILHT00000017528	X
rna-XM_056790538.1	X	BRAKERILHT00000017309	X
rna-XM_056790540.1	X	BRAKERILHT00000002218	A
rna-XM_056789993.1	X	BRAKERILHT00000004113	A
rna-XM_056789994.1	X	BRAKERILHT00000003695	A
rna-XM_056789947.1	X	BRAKERILHT00000003074	A
rna-XM_056790301.1	X	BRAKERILHT00000002223	A
rna-XM_056790530.1	X	BRAKERILHT00000002888	A
rna-XM_056789711.1	X	BRAKERILHT00000003123	A
rna-XM_056789455.1	X	BRAKERILHT00000007384	A
rna-XM_056789902.1	X	BRAKERILHT00000007737	A
rna-XM_056789769.1	X	BRAKERILHT00000007522	A
rna-XM_056789450.1	X	BRAKERILHT00000007651	A
rna-XM_056790332.1	X	BRAKERILHT00000006588	A
rna-XM_056789365.1	X	BRAKERILHT00000009355	A
rna-XM_056789630.1	X	BRAKERILHT00000008336	A
rna-XM_056789631.1	X	BRAKERILHT00000007524	A
rna-XM_056789388.1	X	BRAKERILHT00000001130	A
rna-XM_056790273.1	X	BRAKERILHT00000001082	A
rna-XM_056790271.1	X	BRAKERILHT00000001856	A
rna-XM_056790265.1	X	BRAKERILHT00000000874	A
rna-XM_056790267.1	X	BRAKERILHT00000004662	A
rna-XM_056790276.1	X	BRAKERILHT00000009734	A
rna-XM_056790004.1	X	BRAKERILHT00000009017	A
rna-XM_056791196.1	X	BRAKERILHT00000008797	A
rna-XM_056789627.1	X	BRAKERILHT00000013806	A
rna-XM_056789039.1	X	BRAKERILHT00000005455	A
rna-XM_056789612.1	X	BRAKERILHT00000011173	A
rna-XM_056790573.1	X	BRAKERILHT00000013735	A
rna-XM_056790574.1	X	BRAKERILHT00000010557	A
rna-XM_056790464.1	X	BRAKERILHT00000013301	A
rna-XM_056790857.1	X	BRAKERILHT00000012672	A
rna-XM_056790859.1	X	BRAKERILHT00000006071	A
rna-XM_056790333.1	X	BRAKERILHT00000015985	A
rna-XM_056789691.1	X	BRAKERILHT00000005208	A
rna-XM_056789427.1	X	BRAKERILHT00000006340	A
rna-XM_056789170.1	X	BRAKERILHT00000004629	A
rna-XM_056789513.1	X	BRAKERILHT00000005304	A
rna-XM_056789999.1	X	BRAKERILHT00000004607	A
rna-XM_056789423.1	X	BRAKERILHT00000010826	A
rna-XM_056790392.1	X	BRAKERILHT00000012668	A
rna-XM_056790076.1	X	BRAKERILHT00000013157	A
rna-XM_056790169.1	X	BRAKERILHT00000002253	A
rna-XM_056789409.1	X	BRAKERILHT00000004138	A
rna-XM_056789487.1	X	BRAKERILHT00000003739	A
rna-XM_056789485.1	X	BRAKERILHT00000010918	A
rna-XM_056790471.1	X	BRAKERILHT00000012035	A
rna-XM_056789576.1	X	BRAKERILHT00000011116	A
rna-XM_056789508.1	X	BRAKERILHT00000007559	A
rna-XM_056789065.1	X	BRAKERILHT00000007948	A
rna-XM_056789064.1	X	BRAKERILHT00000007506	A
rna-XM_056789410.1	X	BRAKERILHT00000016339	A
rna-XM_056789200.1	X	BRAKERILHT00000015743	A
rna-XM_056789199.1	X	BRAKERILHT00000016797	A
rna-XM_056790190.1	X	BRAKERILHT00000007933	A
rna-XM_056790363.1	X	BRAKERILHT00000016042	A
rna-XM_056789790.1	X	BRAKERILHT00000015731	A
rna-XM_056789791.1	X	BRAKERILHT00000016114	A
rna-XM_056789792.1	X	BRAKERILHT00000007856	A
rna-XM_056790975.1	X	BRAKERILHT00000011868	A
rna-XM_056790976.1	X	BRAKERILHT00000010497	A
rna-XM_056790980.1	X	BRAKERILHT00000010776	A
rna-XM_056790404.1	X	BRAKERILHT00000003003	A
rna-XM_056790863.1	X	BRAKERILHT00000004288	A
rna-XM_056790864.1	X	BRAKERILHT00000002514	A
rna-XM_056790867.1	X	BRAKERILHT00000011616	A
rna-XM_056790451.1	X	BRAKERILHT00000012169	A
rna-XM_056790453.1	X	BRAKERILHT00000010773	A
rna-XM_056789525.1	X	BRAKERILHT00000005348	A
rna-XM_056790503.1	X	BRAKERILHT00000007602	A
rna-XM_056790695.1	X	BRAKERILHT00000007325	A
rna-XM_056790699.1	X	BRAKERILHT00000006011	A
rna-XM_056790768.1	X	BRAKERILHT00000002600	A
rna-XM_056790773.1	X	BRAKERILHT00000002991	A
rna-XM_056790241.1	X	BRAKERILHT00000003661	A
rna-XM_056791346.1	Y	BRAKERILHT00000016997	X
rna-XM_056791249.1	Y	BRAKERILHT00000001440	A
rna-XM_056791258.1	Y	BRAKERILHT00000000568	A
rna-XM_056791260.1	Y	BRAKERILHT00000002769	A
rna-XM_056791267.1	Y	BRAKERILHT00000013238	A
rna-XM_056791275.1	Y	BRAKERILHT00000017290	X
rna-XM_056791291.1	Y	BRAKERILHT00000017262	X
rna-XM_056791296.1	Y	BRAKERILHT00000018070	Y
rna-XM_056791370.1	A	BRAKERILHT00000008002	A
rna-XM_056791369.1	A	BRAKERILHT00000003320	A
rna-XM_056791377.1	A	BRAKERILHT00000014041	A
rna-XM_056791401.1	A	BRAKERILHT00000013801	A
rna-XM_056791404.1	A	BRAKERILHT00000014069	A
rna-XM_056791398.1	A	BRAKERILHT00000013453	A
rna-XM_056791403.1	A	BRAKERILHT00000013893	A
rna-XM_056791407.1	A	BRAKERILHT00000013964	A
rna-XM_056791411.1	A	BRAKERILHT00000018031	X
rna-XM_056791422.1	A	BRAKERILHT00000007532	A
rna-XM_056791438.1	A	BRAKERILHT00000011909	A
rna-XM_056791468.1	A	BRAKERILHT00000000765	A
rna-XM_056791461.1	A	BRAKERILHT00000013309	A
rna-XM_056791482.1	A	BRAKERILHT00000012303	A
rna-XM_056791487.1	A	BRAKERILHT00000009852	A
rna-XM_056791490.1	A	BRAKERILHT00000004805	A
rna-XM_056791500.1	A	BRAKERILHT00000001519	A
rna-XM_056791519.1	A	BRAKERILHT00000012288	A
