D_sublineata	chromosome	C_maculatus	chromosome
rna-XM_056785268.1	A	g12703.t1	A
rna-XM_056788293.1	A	g2271.t2	A
rna-XM_056785296.1	A	g5383.t2	A
rna-XM_056785225.1	A	g5381.t1	A
rna-XM_056785239.1	A	g5380.t2	A
rna-XM_056785203.1	A	g3351.t1	A
rna-XM_056785540.1	A	g505.t1	A
rna-XM_056785728.1	A	g509.t1	A
rna-XM_056792928.1	A	g508.t1	A
rna-XM_056791897.1	A	g510.t2	A
rna-XM_056791900.1	A	g9208.t1	A
rna-XM_056784138.1	A	g8176.t1	A
rna-XM_056784114.1	A	g5376.t1	A
rna-XM_056788300.1	A	g5373.t1	A
rna-XM_056776645.1	A	g9421.t1	A
rna-XM_056776666.1	A	g11527.t1	A
rna-XM_056781619.1	A	g7415.t1	A
rna-XM_056775549.1	A	g7783.t1	A
rna-XM_056782134.1	A	g7729.t1	A
rna-XM_056782145.1	A	g7723.t2	A
rna-XM_056782158.1	A	g4397.t1	A
rna-XM_056782215.1	A	g6470.t1	A
rna-XM_056782228.1	A	g6481.t1	A
rna-XM_056782202.1	A	g4124.t1	A
rna-XM_056782179.1	A	g6449.t1	A
rna-XM_056782248.1	A	g6450.t1	A
rna-XM_056779996.1	A	g6451.t1	A
rna-XM_056785964.1	A	g6452.t1	A
rna-XM_056785983.1	A	g6453.t3	A
rna-XM_056786017.1	A	g6454.t1	A
rna-XM_056786027.1	A	g6455.t1	A
rna-XM_056786052.1	A	g6458.t1	A
rna-XM_056788311.1	A	g6460.t1	A
rna-XM_056786069.1	A	g6462.t1	A
rna-XM_056786081.1	A	g3159.t1	A
rna-XM_056786119.1	A	g6476.t1	A
rna-XM_056786144.1	A	g11070.t1	A
rna-XM_056786162.1	A	g8045.t1	A
rna-XM_056786174.1	A	g7836.t1	A
rna-XM_056786188.1	A	g8046.t1	A
rna-XM_056786210.1	A	g8047.t1	A
rna-XM_056786223.1	A	g8048.t1	A
rna-XM_056786235.1	A	g8049.t1	A
rna-XM_056786245.1	A	g7412.t2	A
rna-XM_056786351.1	A	g9116.t1	A
rna-XM_056786337.1	A	g2436.t1	A
rna-XM_056786289.1	A	g2352.t1	A
rna-XM_056786277.1	A	g2437.t1	A
rna-XM_056786317.1	A	g3413.t1	A
rna-XM_056786371.1	A	g578.t1	A
rna-XM_056786383.1	A	g3047.t1	A
rna-XM_056786393.1	A	g3046.t1	A
rna-XM_056786423.1	A	g10739.t1	A
rna-XM_056786473.1	A	g665.t1	A
rna-XM_056786405.1	A	g3411.t1	A
rna-XM_056786438.1	A	g14383.t1	A
rna-XM_056786462.1	A	g10630.t1	A
rna-XM_056786450.1	A	g4135.t1	A
rna-XM_056786540.1	A	g12184.t1	A
rna-XM_056786529.1	A	g12185.t1	A
rna-XM_056786585.1	A	g13582.t1	A
rna-XM_056786572.1	A	g11362.t1	A
rna-XM_056786598.1	A	g11361.t1	A
rna-XM_056786626.1	A	g3134.t1	A
rna-XM_056786647.1	A	g11360.t1	A
rna-XM_056786618.1	A	g11990.t1	A
rna-XM_056786635.1	A	g9183.t1	A
rna-XM_056786638.1	A	g4962.t1	A
rna-XM_056786652.1	A	g10833.t1	A
rna-XM_056786666.1	A	g12828.t1	A
rna-XM_056786680.1	A	g4071.t1	A
rna-XM_056786708.1	A	g12649.t1	A
rna-XM_056786721.1	A	g14748.t1	A
rna-XM_056786730.1	A	g10036.t1	A
rna-XM_056786768.1	A	g6858.t1	A
rna-XM_056786742.1	A	g664.t1	A
rna-XM_056774270.1	A	g14125.t1	A
rna-XM_056785931.1	A	g8826.t3	A
rna-XM_056785673.1	A	g9207.t2	A
rna-XM_056785686.1	A	g10095.t1	A
rna-XM_056791494.1	A	g2902.t1	X
rna-XM_056791488.1	A	g9714.t1	A
rna-XM_056791503.1	A	g13904.t1	A
rna-XM_056791512.1	A	g4415.t1	A
rna-XM_056791533.1	A	g8212.t1	A
rna-XM_056791538.1	A	g4408.t1	A
rna-XM_056791540.1	A	g14716.t1	A
rna-XM_056791554.1	A	g14638.t1	A
rna-XM_056791546.1	A	g4963.t1	A
rna-XM_056791550.1	A	g10775.t1	A
rna-XM_056775190.1	A	g4072.t1	A
rna-XM_056775202.1	A	g12194.t1	A
rna-XM_056788790.1	A	g5069.t1	A
rna-XM_056775235.1	A	g14384.t1	A
rna-XM_056781587.1	A	g11229.t1	A
rna-XM_056784741.1	A	g11230.t1	A
rna-XM_056784730.1	A	g546.t1	A
rna-XM_056785645.1	A	g14289.t1	A
rna-XM_056791937.1	A	g2290.t1	A
rna-XM_056791951.1	A	g11922.t1	A
rna-XM_056779975.1	A	g11002.t1	A
rna-XM_056789057.1	A	g11000.t1	A
rna-XM_056777002.1	A	g10999.t1	A
rna-XM_056788462.1	A	g11919.t2	A
rna-XM_056788747.1	A	g11238.t1	A
rna-XM_056788976.1	A	g5635.t4	A
rna-XM_056789743.1	A	g5636.t1	A
rna-XM_056789846.1	A	g10038.t1	A
rna-XM_056790021.1	A	g10037.t1	A
rna-XM_056790387.1	A	g9077.t1	A
rna-XM_056790148.1	A	g9079.t1	A
rna-XM_056790274.1	A	g9044.t1	A
rna-XM_056790505.1	A	g9045.t1	A
rna-XM_056790629.1	A	g10039.t1	A
rna-XM_056791072.1	A	g10030.t1	A
rna-XM_056791391.1	A	g10031.t1	A
rna-XM_056791276.1	A	g10032.t1	A
rna-XM_056791336.1	A	g10033.t1	A
rna-XM_056791207.1	A	g6859.t2	A
rna-XM_056790951.1	A	g10040.t1	A
rna-XM_056790828.1	A	g10250.t1	A
rna-XM_056785330.1	A	g10256.t1	A
rna-XM_056785350.1	A	g8232.t1	A
rna-XM_056779406.1	A	g6866.t1	A
rna-XM_056776346.1	A	g2597.t1	A
rna-XM_056774666.1	A	g10044.t1	A
rna-XM_056774679.1	A	g8243.t1	A
rna-XM_056774690.1	A	g519.t1	A
rna-XM_056774710.1	A	g10917.t1	A
rna-XM_056784710.1	A	g481.t1	A
rna-XM_056779312.1	A	g480.t2	A
rna-XM_056776045.1	A	g477.t1	A
rna-XM_056792863.1	A	g6864.t1	A
rna-XM_056779834.1	A	g6862.t1	A
rna-XM_056789251.1	A	g6861.t1	A
rna-XM_056776583.1	A	g6475.t1	A
rna-XM_056779419.1	A	g13237.t1	A
rna-XM_056779437.1	A	g13236.t1	A
rna-XM_056791564.1	A	g628.t1	A
rna-XM_056791567.1	A	g13920.t1	A
rna-XM_056787238.1	A	g69.t2	A
rna-XM_056790290.1	A	g14813.t1	A
rna-XM_056790303.1	A	g10162.t3	A
rna-XM_056790246.1	A	g10161.t1	A
rna-XM_056790234.1	A	g13905.t1	A
rna-XM_056790221.1	A	g13910.t1	A
rna-XM_056780376.1	A	g8692.t1	A
rna-XM_056780388.1	A	g8628.t1	A
rna-XM_056784180.1	A	g701.t1	A
rna-XM_056784151.1	A	g2365.t1	A
rna-XM_056778539.1	A	g8795.t1	A
rna-XM_056778554.1	A	g8796.t1	A
rna-XM_056778566.1	A	g8794.t1	A
rna-XM_056787130.1	A	g1261.t1	A
rna-XM_056787452.1	A	g8793.t1	A
rna-XM_056787252.1	A	g11239.t1	A
rna-XM_056791389.1	A	g7049.t1	A
rna-XM_056789293.1	A	g7050.t1	A
rna-XM_056784244.1	A	g5547.t1	A
rna-XM_056776949.1	A	g11364.t2	A
rna-XM_056789304.1	A	g8607.t1	A
rna-XM_056789325.1	A	g2662.t1	A
rna-XM_056776329.1	A	g6118.t1	A
rna-XM_056793039.1	A	g4731.t1	A
rna-XM_056793173.1	A	g12619.t3	A
rna-XM_056773552.1	A	g13078.t1	A
rna-XM_056793065.1	A	g11190.t1	A
rna-XM_056773567.1	A	g12239.t1	A
rna-XM_056773597.1	A	g12241.t1	A
rna-XM_056777237.1	A	g11697.t1	A
rna-XM_056789496.1	A	g11698.t1	A
rna-XM_056789509.1	A	g4650.t1	A
rna-XM_056784261.1	A	g11702.t2	A
rna-XM_056780981.1	A	g13292.t1	A
rna-XM_056781008.1	A	g13293.t1	A
rna-XM_056785541.1	A	g13286.t1	A
rna-XM_056784346.1	A	g13285.t1	A
rna-XM_056784224.1	A	g13284.t1	A
rna-XM_056779355.1	A	g12623.t1	A
rna-XM_056779345.1	A	g12182.t1	A
rna-XM_056791846.1	A	g12179.t1	A
rna-XM_056780343.1	A	g11720.t2	A
rna-XM_056791559.1	A	g3877.t1	A
rna-XM_056778947.1	A	g11718.t2	A
rna-XM_056788269.1	A	g11353.t1	A
rna-XM_056774553.1	A	g12280.t1	A
rna-XM_056774528.1	A	g12281.t3	A
rna-XM_056774540.1	A	g4070.t1	A
rna-XM_056774565.1	A	g3039.t2	A
rna-XM_056774580.1	A	g13211.t1	A
rna-XM_056782276.1	A	g12620.t1	A
rna-XM_056781728.1	A	g3051.t1	A
rna-XM_056777283.1	A	g3050.t2	A
rna-XM_056777308.1	A	g7585.t1	A
rna-XM_056777294.1	A	g7584.t1	A
rna-XM_056777205.1	A	g7579.t2	A
rna-XM_056778260.1	A	g7578.t1	A
rna-XM_056780139.1	A	g7575.t1	A
rna-XM_056782991.1	A	g6550.t1	A
rna-XM_056782980.1	A	g12345.t2	A
rna-XM_056784790.1	A	g12236.t1	A
rna-XM_056787518.1	A	g12237.t1	A
rna-XM_056787531.1	A	g11883.t1	A
rna-XM_056787510.1	A	g11884.t1	A
rna-XM_056787498.1	A	g11885.t1	A
rna-XM_056787476.1	A	g3807.t1	A
rna-XM_056778984.1	A	g4989.t1	A
rna-XM_056790126.1	A	g13914.t1	A
rna-XM_056790869.1	A	g12219.t1	A
rna-XM_056790810.1	A	g11603.t1	A
rna-XM_056774258.1	A	g11888.t1	A
rna-XM_056774255.1	A	g11602.t2	A
rna-XM_056774250.1	A	g11600.t1	A
rna-XM_056780416.1	A	g11599.t1	A
rna-XM_056780403.1	A	g11938.t1	A
rna-XM_056779395.1	A	g14303.t1	A
rna-XM_056792618.1	A	g13296.t1	A
rna-XM_056781292.1	A	g13573.t1	A
rna-XM_056781212.1	A	g11606.t4	A
rna-XM_056780579.1	A	g11604.t1	A
rna-XM_056780693.1	A	g11613.t1	A
rna-XM_056790355.1	A	g2548.t1	A
rna-XM_056790377.1	A	g6489.t1	A
rna-XM_056790388.1	A	g4065.t1	A
rna-XM_056782299.1	A	g4053.t1	A
rna-XM_056782363.1	A	g4054.t1	A
rna-XM_056791743.1	A	g4056.t1	A
rna-XM_056791747.1	A	g6842.t1	A
rna-XM_056791877.1	A	g2356.t1	A
rna-XM_056791880.1	A	g8517.t1	A
rna-XM_056791879.1	A	g8518.t1	A
rna-XM_056782610.1	A	g8450.t1	A
rna-XM_056782623.1	A	g8464.t2	A
rna-XM_056776712.1	A	g11901.t1	A
rna-XM_056776882.1	A	g11902.t1	A
rna-XM_056776893.1	A	g1636.t1	X
rna-XM_056776768.1	A	g11426.t1	A
rna-XM_056776793.1	A	g11444.t1	A
rna-XM_056776841.1	A	g6784.t1	A
rna-XM_056776735.1	A	g5853.t4	A
rna-XM_056778028.1	A	g10954.t1	A
rna-XM_056791722.1	A	g11180.t1	A
rna-XM_056791724.1	A	g13175.t1	A
rna-XM_056791728.1	A	g7254.t1	X
rna-XM_056791732.1	A	g12304.t1	A
rna-XM_056791739.1	A	g3499.t3	A
rna-XM_056791742.1	A	g3498.t1	A
rna-XM_056777550.1	A	g3497.t1	A
rna-XM_056790615.1	A	g10870.t1	A
rna-XM_056780631.1	A	g14343.t1	A
rna-XM_056787383.1	A	g6726.t1	A
rna-XM_056791306.1	A	g367.t1	A
rna-XM_056777465.1	A	g2874.t1	X
rna-XM_056773760.1	A	g922.t1	A
rna-XM_056773773.1	A	g11787.t1	A
rna-XM_056793005.1	A	g11786.t1	A
rna-XM_056793017.1	A	g11783.t1	A
rna-XM_056792992.1	A	g11785.t1	A
rna-XM_056779280.1	A	g4744.t1	A
rna-XM_056780784.1	A	g11650.t1	A
rna-XM_056780827.1	A	g10117.t1	A
rna-XM_056780775.1	A	g3395.t1	A
rna-XM_056784617.1	A	g8996.t1	A
rna-XM_056783721.1	A	g4171.t1	A
rna-XM_056783705.1	A	g13449.t2	A
rna-XM_056780717.1	A	g10607.t1	A
rna-XM_056780703.1	A	g596.t1	A
rna-XM_056782614.1	A	g7326.t2	A
rna-XM_056782096.1	A	g6427.t1	A
rna-XM_056784969.1	A	g6426.t1	A
rna-XM_056791351.1	A	g6914.t1	A
rna-XM_056791327.1	A	g6913.t1	A
rna-XM_056791364.1	A	g6911.t1	A
rna-XM_056791359.1	A	g6978.t1	A
rna-XM_056785464.1	A	g6977.t1	A
rna-XM_056774202.1	A	g656.t1	A
rna-XM_056784202.1	A	g657.t1	A
rna-XM_056780869.1	A	g5703.t1	A
rna-XM_056776368.1	A	g5702.t1	A
rna-XM_056791731.1	A	g119.t1	A
rna-XM_056774351.1	A	g6836.t1	A
rna-XM_056791378.1	A	g8325.t1	A
rna-XM_056780476.1	A	g8324.t1	A
rna-XM_056777151.1	A	g7847.t1	A
rna-XM_056777161.1	A	g7837.t1	A
rna-XM_056775443.1	A	g8319.t1	A
rna-XM_056775489.1	A	g5229.t1	A
rna-XM_056775478.1	A	g4173.t1	A
rna-XM_056785167.1	A	g8087.t1	A
rna-XM_056784776.1	A	g9729.t1	A
rna-XM_056791430.1	A	g829.t1	A
rna-XM_056791424.1	A	g830.t1	A
rna-XM_056791436.1	A	g12996.t1	A
rna-XM_056791471.1	A	g14023.t1	A
rna-XM_056791454.1	A	g7718.t1	A
rna-XM_056779944.1	A	g753.t1	A
rna-XM_056778312.1	A	g9824.t1	A
rna-XM_056784918.1	A	g9845.t1	A
rna-XM_056782840.1	A	g8308.t1	A
rna-XM_056784633.1	A	g8315.t2	A
rna-XM_056784746.1	A	g8318.t1	A
rna-XM_056792970.1	A	g7850.t1	A
rna-XM_056792982.1	A	g10431.t2	A
rna-XM_056785940.1	A	g3913.t1	A
rna-XM_056792896.1	A	g831.t2	A
rna-XM_056791706.1	A	g8149.t1	A
rna-XM_056791708.1	A	g8148.t1	A
rna-XM_056791705.1	A	g8150.t2	A
rna-XM_056785658.1	A	g10857.t1	A
rna-XM_056777636.1	A	g8356.t1	A
rna-XM_056777595.1	A	g7321.t1	A
rna-XM_056777669.1	A	g2341.t1	A
rna-XM_056777719.1	A	g11407.t1	A
rna-XM_056777683.1	A	g11897.t4	A
rna-XM_056777737.1	A	g11898.t2	A
rna-XM_056792073.1	A	g11896.t2	A
rna-XM_056792101.1	A	g11892.t1	A
rna-XM_056791768.1	A	g11934.t3	A
rna-XM_056791776.1	A	g13716.t1	A
rna-XM_056791772.1	A	g2293.t1	A
rna-XM_056791774.1	A	g11923.t2	A
rna-XM_056791771.1	A	g13715.t1	A
rna-XM_056791777.1	A	g11598.t1	A
rna-XM_056790772.1	A	g11597.t1	A
rna-XM_056791775.1	A	g11915.t1	A
rna-XM_056791633.1	A	g11909.t1	A
rna-XM_056791632.1	A	g3777.t1	A
rna-XM_056775028.1	A	g11908.t1	A
rna-XM_056785610.1	A	g11907.t1	A
rna-XM_056773784.1	A	g14144.t2	A
rna-XM_056777559.1	A	g12134.t1	A
rna-XM_056777319.1	A	g14040.t1	A
rna-XM_056777330.1	A	g14041.t1	A
rna-XM_056775630.1	A	g11906.t2	A
rna-XM_056781748.1	A	g5094.t1	A
rna-XM_056781769.1	A	g12631.t1	A
rna-XM_056781759.1	A	g1171.t1	A
rna-XM_056774363.1	A	g6781.t1	A
rna-XM_056774377.1	A	g6782.t1	A
rna-XM_056790785.1	A	g671.t1	A
rna-XM_056778669.1	A	g672.t1	A
rna-XM_056778639.1	A	g673.t1	A
rna-XM_056779300.1	A	g7142.t1	A
rna-XM_056778935.1	A	g1186.t1	A
rna-XM_056789474.1	A	g1183.t1	A
rna-XM_056776490.1	A	g13066.t1	A
rna-XM_056776477.1	A	g13067.t1	A
rna-XM_056788855.1	A	g13880.t2	A
rna-XM_056788994.1	A	g13879.t1	A
rna-XM_056790798.1	A	g13371.t1	A
rna-XM_056789005.1	A	g3768.t2	A
rna-XM_056788907.1	A	g674.t1	A
rna-XM_056788941.1	A	g675.t1	A
rna-XM_056788981.1	A	g482.t1	A
rna-XM_056788954.1	A	g13882.t1	A
rna-XM_056789023.1	A	g9232.t1	A
rna-XM_056784426.1	A	g8147.t1	A
rna-XM_056784191.1	A	g5539.t1	A
rna-XM_056791999.1	A	g9250.t1	A
rna-XM_056791975.1	A	g4746.t1	A
rna-XM_056791987.1	A	g4745.t1	A
rna-XM_056792019.1	A	g5544.t1	A
rna-XM_056786861.1	A	g2751.t1	A
rna-XM_056786811.1	A	g5549.t1	A
rna-XM_056786864.1	A	g407.t1	A
rna-XM_056791611.1	A	g5563.t1	A
rna-XM_056791613.1	A	g5564.t1	A
rna-XM_056791616.1	A	g5567.t1	A
rna-XM_056788212.1	A	g5568.t1	A
rna-XM_056791609.1	A	g6788.t1	A
rna-XM_056779548.1	A	g6974.t1	A
rna-XM_056779536.1	A	g13342.t1	A
rna-XM_056779528.1	A	g4930.t1	A
rna-XM_056791811.1	A	g7918.t1	A
rna-XM_056791813.1	A	g9436.t1	A
rna-XM_056791814.1	A	g11931.t1	A
rna-XM_056790987.1	A	g6022.t1	A
rna-XM_056790999.1	A	g3359.t1	A
rna-XM_056791749.1	A	g3356.t1	A
rna-XM_056783902.1	A	g286.t1	A
rna-XM_056789395.1	A	g285.t2	A
rna-XM_056789370.1	A	g283.t2	A
rna-XM_056789351.1	A	g282.t1	A
rna-XM_056789384.1	A	g281.t1	A
rna-XM_056789449.1	A	g373.t1	A
rna-XM_056789414.1	A	g371.t3	A
rna-XM_056779449.1	A	g5842.t1	A
rna-XM_056784551.1	A	g5844.t2	A
rna-XM_056792842.1	A	g5843.t1	A
rna-XM_056792806.1	A	g13161.t1	A
rna-XM_056791013.1	A	g13160.t1	A
rna-XM_056792853.1	A	g13159.t2	A
rna-XM_056790089.1	A	g265.t1	A
rna-XM_056790102.1	A	g377.t2	A
rna-XM_056791873.1	A	g4502.t1	A
rna-XM_056791875.1	A	g13158.t1	A
rna-XM_056791874.1	A	g13367.t1	A
rna-XM_056775694.1	A	g6396.t1	A
rna-XM_056775663.1	A	g6382.t1	A
rna-XM_056775681.1	A	g6383.t1	A
rna-XM_056775712.1	A	g6384.t8	A
rna-XM_056775942.1	A	g6386.t1	A
rna-XM_056775914.1	A	g6387.t1	A
rna-XM_056775954.1	A	g3656.t1	A
rna-XM_056774190.1	A	g6389.t1	A
rna-XM_056774105.1	A	g6390.t5	A
rna-XM_056780670.1	A	g6392.t1	A
rna-XM_056783774.1	A	g6394.t2	A
rna-XM_056779787.1	A	g6395.t1	A
rna-XM_056783840.1	A	g11241.t2	A
rna-XM_056774316.1	A	g6525.t1	A
rna-XM_056792451.1	A	g7549.t1	A
rna-XM_056792429.1	A	g6628.t1	A
rna-XM_056792463.1	A	g7029.t1	A
rna-XM_056785564.1	A	g6837.t1	A
rna-XM_056791047.1	A	g7031.t3	A
rna-XM_056790436.1	A	g13162.t1	A
rna-XM_056787057.1	A	g5451.t2	A
rna-XM_056788232.1	A	g5845.t1	A
rna-XM_056787007.1	A	g5846.t1	A
rna-XM_056786982.1	A	g5849.t1	A
rna-XM_056786927.1	A	g5850.t1	A
rna-XM_056787105.1	A	g5746.t1	A
rna-XM_056787117.1	A	g5747.t1	A
rna-XM_056787150.1	A	g9233.t1	A
rna-XM_056787175.1	A	g5745.t2	A
rna-XM_056787207.1	A	g4747.t1	A
rna-XM_056787227.1	A	g4800.t1	A
rna-XM_056777376.1	A	g8615.t1	A
rna-XM_056791919.1	A	g7186.t1	A
rna-XM_056791917.1	A	g4749.t1	A
rna-XM_056783100.1	A	g4748.t1	A
rna-XM_056783111.1	A	g4544.t1	A
rna-XM_056792643.1	A	g4543.t1	A
rna-XM_056779112.1	A	g4798.t2	A
rna-XM_056779143.1	A	g3721.t1	A
rna-XM_056779154.1	A	g3244.t1	A
rna-XM_056777778.1	A	g4500.t2	A
rna-XM_056773903.1	A	g7993.t2	A
rna-XM_056785093.1	A	g1846.t1	A
rna-XM_056776597.1	A	g2172.t1	A
rna-XM_056776978.1	A	g4593.t1	A
rna-XM_056792703.1	A	g4592.t1	A
rna-XM_056792941.1	A	g4590.t1	A
rna-XM_056791298.1	A	g1074.t1	A
rna-XM_056775094.1	A	g9468.t1	A
rna-XM_056780844.1	A	g2276.t1	A
rna-XM_056783805.1	A	g13070.t3	A
rna-XM_056783791.1	A	g13071.t1	A
rna-XM_056791323.1	A	g2359.t2	A
rna-XM_056777573.1	A	g14035.t1	A
rna-XM_056792630.1	A	g10927.t1	A
rna-XM_056791584.1	A	g6748.t1	A
rna-XM_056785622.1	A	g6747.t2	A
rna-XM_056774288.1	A	g14745.t2	A
rna-XM_056774301.1	A	g8678.t1	A
rna-XM_056780060.1	A	g14635.t1	A
rna-XM_056780052.1	A	g6488.t1	A
rna-XM_056791859.1	A	g1031.t2	A
rna-XM_056791858.1	A	g12695.t1	A
rna-XM_056791857.1	A	g8842.t1	A
rna-XM_056791856.1	A	g4377.t1	A
rna-XM_056791843.1	A	g947.t1	A
rna-XM_056791834.1	A	g13448.t4	A
rna-XM_056791844.1	A	g2236.t1	A
rna-XM_056791845.1	A	g1272.t1	A
rna-XM_056785894.1	A	g10325.t1	A
rna-XM_056775041.1	A	g5463.t2	A
rna-XM_056792476.1	A	g10326.t1	A
rna-XM_056774722.1	A	g1276.t1	A
rna-XM_056791701.1	A	g1207.t1	A
rna-XM_056782649.1	A	g1208.t1	A
rna-XM_056776699.1	A	g2343.t1	A
rna-XM_056785362.1	A	g5558.t1	A
rna-XM_056777272.1	A	g4799.t1	A
rna-XM_056780307.1	A	g11933.t1	A
rna-XM_056780280.1	A	g11905.t1	A
rna-XM_056778346.1	A	g6898.t1	A
rna-XM_056778359.1	A	g6897.t1	A
rna-XM_056778334.1	A	g6900.t1	A
rna-XM_056778383.1	A	g14046.t1	A
rna-XM_056778422.1	A	g5645.t1	A
rna-XM_056778427.1	A	g13024.t1	A
rna-XM_056778439.1	A	g13446.t1	A
rna-XM_056778453.1	A	g13447.t1	A
rna-XM_056791853.1	A	g10868.t1	A
rna-XM_056791855.1	A	g10871.t1	A
rna-XM_056780527.1	A	g1574.t1	X
rna-XM_056780551.1	A	g13146.t1	A
rna-XM_056780539.1	A	g14208.t1	A
rna-XM_056778220.1	A	g2375.t1	A
rna-XM_056778233.1	A	g2394.t1	A
rna-XM_056773868.1	A	g6908.t1	A
rna-XM_056773878.1	A	g1299.t1	A
rna-XM_056773851.1	A	g8522.t3	A
rna-XM_056791781.1	A	g5999.t2	A
rna-XM_056783940.1	A	g13165.t1	A
rna-XM_056782791.1	A	g2416.t1	A
rna-XM_056785310.1	A	g3545.t1	A
rna-XM_056785432.1	A	g13177.t1	A
rna-XM_056777942.1	A	g11916.t1	A
rna-XM_056777953.1	A	g5976.t1	A
rna-XM_056775334.1	A	g1020.t2	A
rna-XM_056780088.1	A	g5968.t1	A
rna-XM_056784009.1	A	g5839.t1	A
rna-XM_056784033.1	A	g5841.t2	A
rna-XM_056784046.1	A	g5840.t1	A
rna-XM_056784059.1	A	g374.t1	A
rna-XM_056784090.1	A	g376.t1	A
rna-XM_056784103.1	A	g3220.t1	A
rna-XM_056784984.1	A	g2519.t1	A
rna-XM_056791558.1	A	g2528.t1	A
rna-XM_056777527.1	A	g13748.t1	A
rna-XM_056777515.1	A	g13747.t1	A
rna-XM_056777044.1	A	g379.t1	A
rna-XM_056777085.1	A	g378.t1	A
rna-XM_056777073.1	A	g4618.t1	A
rna-XM_056777013.1	A	g4617.t2	A
rna-XM_056780764.1	A	g4497.t1	A
rna-XM_056783001.1	A	g13743.t1	A
rna-XM_056791752.1	A	g13742.t1	A
rna-XM_056791754.1	A	g13744.t1	A
rna-XM_056777900.1	A	g8026.t1	A
rna-XM_056791560.1	A	g2374.t1	A
rna-XM_056774603.1	A	g8194.t1	A
rna-XM_056774592.1	A	g2397.t1	A
rna-XM_056774615.1	A	g2396.t2	A
rna-XM_056774628.1	A	g2395.t1	A
rna-XM_056784436.1	A	g4005.t1	A
rna-XM_056775066.1	A	g4464.t1	A
rna-XM_056781842.1	A	g4465.t1	A
rna-XM_056773805.1	A	g4463.t1	A
rna-XM_056773839.1	A	g13166.t1	A
rna-XM_056778476.1	A	g10648.t1	A
rna-XM_056778514.1	A	g10646.t1	A
rna-XM_056774227.1	A	g3343.t1	A
rna-XM_056775966.1	A	g13169.t1	A
rna-XM_056781133.1	A	g13167.t1	A
rna-XM_056790940.1	A	g2330.t1	A
rna-XM_056790952.1	A	g13735.t1	A
rna-XM_056779801.1	A	g13168.t1	A
rna-XM_056779875.1	A	g4622.t1	A
rna-XM_056787453.1	A	g4621.t1	A
rna-XM_056780938.1	A	g4619.t1	A
rna-XM_056779908.1	A	g13738.t1	A
rna-XM_056792114.1	A	g13455.t1	A
rna-XM_056792126.1	A	g4668.t2	A
rna-XM_056792136.1	A	g2376.t1	A
rna-XM_056781714.1	A	g14210.t2	A
rna-XM_056775347.1	A	g4487.t1	A
rna-XM_056775439.1	A	g7108.t2	A
rna-XM_056775367.1	A	g6907.t2	A
rna-XM_056775429.1	A	g6905.t1	A
rna-XM_056791878.1	A	g8476.t2	A
rna-XM_056791486.1	A	g6910.t1	A
rna-XM_056783883.1	A	g5796.t1	A
rna-XM_056785063.1	A	g5738.t1	A
rna-XM_056774940.1	A	g14234.t1	A
rna-XM_056774952.1	A	g7107.t2	A
rna-XM_056774798.1	A	g2527.t1	A
rna-XM_056782005.1	A	g6909.t1	A
rna-XM_056782028.1	A	g5804.t1	A
rna-XM_056791620.1	A	g5803.t1	A
rna-XM_056778175.1	A	g3421.t2	A
rna-XM_056786024.1	A	g13679.t1	A
rna-XM_056785927.1	A	g10893.t1	A
rna-XM_056786149.1	A	g10892.t1	A
rna-XM_056791809.1	A	g10896.t1	A
rna-XM_056775286.1	A	g8815.t1	A
rna-XM_056775263.1	A	g10102.t1	A
rna-XM_056791645.1	A	g10094.t1	A
rna-XM_056791651.1	A	g8273.t1	A
rna-XM_056791650.1	A	g6206.t1	A
rna-XM_056791652.1	A	g1162.t3	A
rna-XM_056791621.1	A	g844.t1	A
rna-XM_056791628.1	A	g1159.t1	A
rna-XM_056791653.1	A	g1158.t1	A
rna-XM_056791654.1	A	g1019.t2	A
rna-XM_056791658.1	A	g9844.t1	A
rna-XM_056791660.1	A	g9846.t1	A
rna-XM_056791681.1	A	g9830.t1	A
rna-XM_056791672.1	A	g10405.t1	A
rna-XM_056791662.1	A	g10404.t2	A
rna-XM_056791667.1	A	g9829.t1	A
rna-XM_056791680.1	A	g9827.t3	A
rna-XM_056784628.1	A	g9998.t1	A
rna-XM_056782668.1	A	g8223.t1	A
rna-XM_056785702.1	A	g7999.t1	A
rna-XM_056779384.1	A	g3823.t1	A
rna-XM_056784232.1	A	g3835.t3	A
rna-XM_056774094.1	A	g11754.t1	A
rna-XM_056783915.1	A	g8019.t1	A
rna-XM_056778162.1	A	g8016.t1	A
rna-XM_056791916.1	A	g3409.t1	A
rna-XM_056791912.1	A	g12492.t1	A
rna-XM_056791644.1	A	g12494.t1	A
rna-XM_056791795.1	A	g12299.t1	A
rna-XM_056791784.1	A	g11817.t1	A
rna-XM_056792691.1	A	g6865.t1	A
rna-XM_056791682.1	A	g914.t1	A
rna-XM_056791869.1	A	g12737.t3	A
rna-XM_056791872.1	A	g10567.t1	A
rna-XM_056789153.1	A	g6951.t1	A
rna-XM_056789239.1	A	g6981.t1	A
rna-XM_056789176.1	A	g6786.t1	A
rna-XM_056789189.1	A	g6787.t1	A
rna-XM_056789224.1	A	g3945.t1	A
rna-XM_056789163.1	A	g3946.t1	A
rna-XM_056792188.1	A	g10768.t1	A
rna-XM_056791657.1	A	g9765.t1	A
rna-XM_056791671.1	A	g9764.t1	A
rna-XM_056791720.1	A	g3984.t1	A
rna-XM_056791715.1	A	g44.t1	A
rna-XM_056776149.1	A	g13719.t1	A
rna-XM_056778959.1	A	g3968.t1	A
rna-XM_056783591.1	A	g3973.t2	A
rna-XM_056783963.1	A	g3964.t1	A
rna-XM_056774734.1	A	g3962.t1	A
rna-XM_056783673.1	A	g10329.t1	A
rna-XM_056791721.1	A	g493.t1	A
rna-XM_056781335.1	A	g10649.t1	A
rna-XM_056781363.1	A	g10650.t1	A
rna-XM_056781386.1	A	g11313.t1	A
rna-XM_056781455.1	A	g8874.t1	A
rna-XM_056781505.1	A	g13484.t1	A
rna-XM_056781519.1	A	g4174.t1	A
rna-XM_056781563.1	A	g8871.t2	A
rna-XM_056779227.1	A	g13171.t2	A
rna-XM_056787789.1	A	g4060.t1	A
rna-XM_056776677.1	A	g13225.t1	A
rna-XM_056791622.1	A	g990.t4	A
rna-XM_056777963.1	A	g13271.t1	A
rna-XM_056790748.1	A	g13270.t2	A
rna-XM_056790735.1	A	g1855.t1	A
rna-XM_056774848.1	A	g2158.t2	A
rna-XM_056779044.1	A	g2157.t1	A
rna-XM_056779032.1	A	g1856.t1	A
rna-XM_056786625.1	A	g6356.t1	A
rna-XM_056785787.1	A	g4479.t1	A
rna-XM_056781020.1	A	g13282.t1	A
rna-XM_056773659.1	A	g5967.t1	A
rna-XM_056778208.1	A	g5966.t1	A
rna-XM_056778187.1	A	g9042.t1	A
rna-XM_056791555.1	A	g2275.t1	A
rna-XM_056791557.1	A	g13241.t1	A
rna-XM_056785521.1	A	g12149.t1	A
rna-XM_056781065.1	A	g13649.t1	A
rna-XM_056783672.1	A	g5386.t1	A
rna-XM_056783787.1	A	g5384.t1	A
rna-XM_056792278.1	A	g13253.t1	A
rna-XM_056792444.1	A	g12954.t1	A
rna-XM_056783547.1	A	g4916.t1	A
rna-XM_056783579.1	A	g10832.t1	A
rna-XM_056791641.1	A	g6145.t1	A
rna-XM_056791642.1	A	g3116.t2	A
rna-XM_056791643.1	A	g11405.t1	A
rna-XM_056791638.1	A	g5158.t1	A
rna-XM_056783122.1	A	g5157.t1	A
rna-XM_056792033.1	A	g5476.t1	A
rna-XM_056777878.1	A	g5156.t1	A
rna-XM_056788214.1	A	g5155.t1	A
rna-XM_056775309.1	A	g4608.t1	A
rna-XM_056775298.1	A	g5365.t1	A
rna-XM_056774919.1	A	g4305.t1	A
rna-XM_056777790.1	A	g9413.t1	A
rna-XM_056777803.1	A	g2339.t1	A
rna-XM_056777817.1	A	g7501.t1	A
rna-XM_056791061.1	A	g7502.t1	A
rna-XM_056791099.1	A	g7518.t1	A
rna-XM_056791126.1	A	g7514.t1	A
rna-XM_056791148.1	A	g2309.t1	A
rna-XM_056782534.1	A	g7503.t1	A
rna-XM_056783765.1	A	g7507.t1	A
rna-XM_056783754.1	A	g7506.t1	A
rna-XM_056779895.1	A	g5357.t1	A
rna-XM_056779478.1	A	g7380.t2	A
rna-XM_056792046.1	A	g7515.t1	A
rna-XM_056792061.1	A	g7508.t1	A
rna-XM_056784273.1	A	g7510.t1	A
rna-XM_056784698.1	A	g11314.t1	A
rna-XM_056791744.1	A	g6343.t2	A
rna-XM_056780364.1	A	g6341.t1	A
rna-XM_056791691.1	A	g3834.t2	A
rna-XM_056791699.1	A	g3832.t1	A
rna-XM_056791698.1	A	g3830.t1	A
rna-XM_056788245.1	A	g3831.t1	A
rna-XM_056787704.1	A	g3829.t3	A
rna-XM_056787674.1	A	g3827.t2	A
rna-XM_056787731.1	A	g3828.t1	A
rna-XM_056787757.1	A	g3826.t1	A
rna-XM_056787777.1	A	g9760.t1	A
rna-XM_056785906.1	A	g9781.t1	A
rna-XM_056789987.1	A	g9782.t1	A
rna-XM_056792607.1	A	g3783.t1	A
rna-XM_056780050.1	A	g13729.t1	A
rna-XM_056792916.1	A	g9837.t1	A
rna-XM_056782598.1	A	g7795.t1	A
rna-XM_056781181.1	A	g7792.t1	A
rna-XM_056791922.1	A	g7791.t1	A
rna-XM_056776550.1	A	g7984.t1	A
rna-XM_056782546.1	A	g9690.t1	A
rna-XM_056775644.1	A	g9697.t2	A
rna-XM_056791885.1	A	g9705.t1	A
rna-XM_056791884.1	A	g9713.t1	A
rna-XM_056791888.1	A	g13640.t1	A
rna-XM_056791890.1	A	g13641.t2	A
rna-XM_056779467.1	A	g9848.t1	A
rna-XM_056777419.1	A	g13902.t1	A
rna-XM_056774003.1	A	g9914.t1	A
rna-XM_056773990.1	A	g5145.t2	A
rna-XM_056781323.1	A	g13261.t1	A
rna-XM_056778526.1	A	g12310.t1	A
rna-XM_056773647.1	A	g9947.t1	A
rna-XM_056778004.1	A	g10254.t1	A
rna-XM_056777976.1	A	g7693.t1	A
rna-XM_056791685.1	A	g7797.t1	A
rna-XM_056791683.1	A	g10450.t1	A
rna-XM_056791688.1	A	g10601.t1	A
rna-XM_056775015.1	A	g12857.t1	A
rna-XM_056783861.1	A	g10452.t1	A
rna-XM_056785919.1	A	g10451.t1	A
rna-XM_056791904.1	A	g11851.t1	A
rna-XM_056791911.1	A	g10287.t1	A
rna-XM_056779711.1	A	g8011.t1	A
rna-XM_056775123.1	A	g7796.t1	A
rna-XM_056780652.1	A	g10323.t1	A
rna-XM_056782560.1	A	g10599.t2	A
rna-XM_056782574.1	A	g10600.t1	A
rna-XM_056791842.1	A	g870.t1	A
rna-XM_056791829.1	A	g1177.t1	A
rna-XM_056781925.1	A	g10319.t1	A
rna-XM_056780100.1	A	g7813.t1	A
rna-XM_056784824.1	A	g10448.t1	A
rna-XM_056784868.1	A	g3340.t2	A
rna-XM_056784804.1	A	g10317.t1	A
rna-XM_056784887.1	A	g10905.t1	A
rna-XM_056781854.1	A	g10904.t1	A
rna-XM_056781894.1	A	g10901.t1	A
rna-XM_056788762.1	A	g10899.t1	A
rna-XM_056788748.1	A	g10898.t1	A
rna-XM_056788618.1	A	g10757.t1	A
rna-XM_056788671.1	A	g10335.t1	A
rna-XM_056788575.1	A	g10336.t2	A
rna-XM_056788696.1	A	g10337.t1	A
rna-XM_056788716.1	A	g10338.t1	A
rna-XM_056788683.1	A	g1204.t1	A
rna-XM_056788630.1	A	g10453.t1	A
rna-XM_056788641.1	A	g10454.t1	A
rna-XM_056788597.1	A	g10458.t2	A
rna-XM_056774029.1	A	g10459.t1	A
rna-XM_056776160.1	A	g3791.t1	A
rna-XM_056774447.1	A	g4026.t1	A
rna-XM_056792157.1	A	g11042.t1	A
rna-XM_056792177.1	A	g11041.t1	A
rna-XM_056774050.1	A	g4192.t1	A
rna-XM_056774062.1	A	g13671.t2	A
rna-XM_056774074.1	A	g11038.t1	A
rna-XM_056774750.1	A	g4196.t1	A
rna-XM_056784538.1	A	g12404.t1	A
rna-XM_056792203.1	A	g12453.t1	A
rna-XM_056792255.1	A	g12450.t1	A
rna-XM_056788205.1	A	g5087.t1	A
rna-XM_056791250.1	A	g13643.t2	A
rna-XM_056791256.1	A	g13642.t1	A
rna-XM_056791277.1	A	g9407.t1	A
rna-XM_056791290.1	A	g5543.t1	A
rna-XM_056783692.1	A	g5361.t1	A
rna-XM_056778050.1	A	g12624.t2	A
rna-XM_056778147.1	A	g11036.t1	A
rna-XM_056781967.1	A	g8286.t2	A
rna-XM_056776032.1	A	g648.t1	A
rna-XM_056776243.1	A	g646.t2	A
rna-XM_056780331.1	A	g967.t1	A
rna-XM_056780462.1	A	g9903.t1	A
rna-XM_056785191.1	A	g965.t3	A
rna-XM_056784989.1	A	g966.t1	A
rna-XM_056785000.1	A	g9902.t1	A
rna-XM_056775593.1	A	g930.t2	A
rna-XM_056775619.1	A	g9133.t2	A
rna-XM_056775565.1	A	g6873.t1	A
rna-XM_056779737.1	A	g1420.t1	X
rna-XM_056779853.1	A	g13509.t1	A
rna-XM_056790447.1	A	g4417.t1	A
rna-XM_056790468.1	A	g1189.t1	A
rna-XM_056790514.1	A	g13507.t1	A
rna-XM_056780755.1	A	g4420.t1	A
rna-XM_056775107.1	A	g4421.t2	A
rna-XM_056780861.1	A	g13512.t1	A
rna-XM_056781048.1	A	g13513.t1	A
rna-XM_056781167.1	A	g2279.t1	A
rna-XM_056781296.1	A	g2280.t1	A
rna-XM_056781590.1	A	g9433.t1	A
rna-XM_056781755.1	A	g6197.t1	A
rna-XM_056781877.1	A	g6198.t1	A
rna-XM_056782001.1	A	g6200.t1	A
rna-XM_056776923.1	A	g6955.t1	A
rna-XM_056781780.1	A	g6956.t1	A
rna-XM_056781792.1	A	g6957.t1	A
rna-XM_056792406.1	A	g6958.t2	A
rna-XM_056782769.1	A	g6959.t1	A
rna-XM_056788801.1	A	g6962.t1	A
rna-XM_056788832.1	A	g14371.t1	A
rna-XM_056788839.1	A	g2072.t1	A
rna-XM_056788366.1	A	g2069.t1	A
rna-XM_056788345.1	A	g2071.t1	A
rna-XM_056788380.1	A	g2070.t1	A
rna-XM_056788323.1	A	g2068.t1	A
rna-XM_056791830.1	A	g2066.t1	A
rna-XM_056775670.1	A	g2078.t1	A
rna-XM_056775922.1	A	g2081.t1	A
rna-XM_056774433.1	A	g2936.t1	A
rna-XM_056791818.1	A	g2050.t1	A
rna-XM_056791820.1	A	g2049.t1	A
rna-XM_056791821.1	A	g2048.t3	A
rna-XM_056788422.1	A	g1852.t3	A
rna-XM_056788451.1	A	g1854.t1	A
rna-XM_056788468.1	A	g11346.t1	A
rna-XM_056788535.1	A	g14740.t1	A
rna-XM_056788526.1	A	g5235.t1	A
rna-XM_056785598.1	A	g4459.t1	A
rna-XM_056785586.1	A	g5232.t1	A
rna-XM_056773620.1	A	g14753.t2	A
rna-XM_056787800.1	A	g14752.t2	A
rna-XM_056788191.1	A	g12871.t2	A
rna-XM_056788199.1	A	g821.t1	A
rna-XM_056780597.1	A	g5241.t1	A
rna-XM_056780321.1	A	g5242.t1	A
rna-XM_056773679.1	A	g11386.t1	A
rna-XM_056776529.1	A	g6446.t1	A
rna-XM_056781643.1	A	g12123.t2	A
rna-XM_056781662.1	A	g11015.t1	A
rna-XM_056787579.1	A	g11917.t1	A
rna-XM_056787567.1	A	g11918.t1	A
rna-XM_056774743.1	A	g11018.t1	A
rna-XM_056778246.1	A	g6423.t1	A
rna-XM_056791963.1	A	g1669.t1	X
rna-XM_056779272.1	A	g5472.t1	A
rna-XM_056785832.1	A	g14741.t1	A
rna-XM_056788107.1	A	g14743.t2	A
rna-XM_056787686.1	A	g14774.t2	A
rna-XM_056788339.1	A	g14775.t2	A
rna-XM_056773634.1	A	g14729.t1	A
rna-XM_056777454.1	A	g14728.t1	A
rna-XM_056789091.1	A	g2421.t1	A
rna-XM_056789069.1	A	g2423.t1	A
rna-XM_056789143.1	A	g9667.t1	A
rna-XM_056775500.1	A	g9825.t1	A
rna-XM_056774215.1	A	g2282.t1	A
rna-XM_056773725.1	A	g7889.t1	A
rna-XM_056776266.1	A	g8262.t2	A
rna-XM_056776309.1	A	g7860.t1	A
rna-XM_056782923.1	A	g8282.t1	A
rna-XM_056782883.1	A	g8283.t1	A
rna-XM_056782936.1	A	g8800.t1	A
rna-XM_056782901.1	A	g8280.t2	A
rna-XM_056782851.1	A	g7861.t1	A
rna-XM_056792266.1	A	g8328.t1	A
rna-XM_056791779.1	A	g8242.t2	A
rna-XM_056791778.1	A	g8281.t1	A
rna-XM_056786346.1	A	g7770.t2	A
rna-XM_056791825.1	A	g2755.t1	A
rna-XM_056791828.1	A	g8323.t1	A
rna-XM_056780681.1	A	g8322.t1	A
rna-XM_056791513.1	A	g8079.t1	A
rna-XM_056791463.1	A	g8078.t2	A
rna-XM_056789528.1	A	g8076.t1	A
rna-XM_056787633.1	A	g8123.t1	A
rna-XM_056787645.1	A	g10754.t1	A
rna-XM_056776602.1	A	g10755.t1	A
rna-XM_056787665.1	A	g9999.t1	A
rna-XM_056787590.1	A	g3376.t1	A
rna-XM_056791574.1	A	g10889.t2	A
rna-XM_056791578.1	A	g10596.t1	A
rna-XM_056791603.1	A	g10598.t1	A
rna-XM_056791604.1	A	g10597.t1	A
rna-XM_056791607.1	A	g10882.t1	A
rna-XM_056776725.1	A	g9851.t1	A
rna-XM_056776342.1	A	g10883.t1	A
rna-XM_056775146.1	A	g10884.t1	A
rna-XM_056785431.1	A	g10777.t1	A
rna-XM_056774340.1	A	g10778.t1	A
rna-XM_056784585.1	A	g10460.t1	A
rna-XM_056784598.1	A	g10874.t2	A
rna-XM_056784682.1	A	g10875.t1	A
rna-XM_056776864.1	A	g10876.t1	A
rna-XM_056776989.1	A	g10877.t1	A
rna-XM_056777228.1	A	g10878.t1	A
rna-XM_056777110.1	A	g10773.t1	A
rna-XM_056792385.1	A	g10880.t1	A
rna-XM_056781817.1	A	g4214.t1	A
rna-XM_056791710.1	A	g10602.t1	A
rna-XM_056791712.1	A	g10824.t1	A
rna-XM_056791713.1	A	g10823.t2	A
rna-XM_056779323.1	A	g10820.t1	A
rna-XM_056776571.1	A	g10819.t1	A
rna-XM_056777538.1	A	g10817.t1	A
rna-XM_056777341.1	A	g10816.t1	A
rna-XM_056777564.1	A	g10813.t1	A
rna-XM_056779562.1	A	g10811.t1	A
rna-XM_056774899.1	A	g890.t1	A
rna-XM_056785179.1	A	g14520.t1	A
rna-XM_056779965.1	A	g10810.t1	A
rna-XM_056786794.1	A	g10463.t2	A
rna-XM_056784649.1	A	g10440.t1	A
rna-XM_056784660.1	A	g14668.t1	A
rna-XM_056777802.1	A	g10461.t1	A
rna-XM_056785502.1	A	g2720.t1	A
rna-XM_056778605.1	A	g11235.t1	A
rna-XM_056774641.1	A	g11234.t1	A
rna-XM_056783028.1	A	g13050.t1	A
rna-XM_056783039.1	A	g4964.t1	A
rna-XM_056783076.1	A	g11231.t1	A
rna-XM_056787283.1	A	g11233.t1	A
rna-XM_056777185.1	A	g2723.t2	A
rna-XM_056775159.1	A	g2722.t1	A
rna-XM_056781906.1	A	g3988.t1	A
rna-XM_056776411.1	A	g12291.t1	A
rna-XM_056780248.1	A	g5710.t1	A
rna-XM_056780217.1	A	g476.t1	A
rna-XM_056780261.1	A	g3286.t1	A
rna-XM_056778283.1	A	g11659.t1	A
rna-XM_056792148.1	A	g11315.t1	A
rna-XM_056787555.1	A	g11393.t1	A
rna-XM_056776688.1	A	g11392.t1	A
rna-XM_056776203.1	A	g7001.t1	A
rna-XM_056778623.1	A	g12495.t1	A
rna-XM_056778747.1	A	g197.t1	A
rna-XM_056779487.1	A	g193.t1	A
rna-XM_056791787.1	A	g9236.t1	A
rna-XM_056791789.1	A	g212.t3	A
rna-XM_056791788.1	A	g12276.t1	A
rna-XM_056791790.1	A	g214.t1	A
rna-XM_056791792.1	A	g215.t2	A
rna-XM_056791854.1	A	g997.t1	A
rna-XM_056791866.1	A	g2344.t2	A
rna-XM_056776355.1	A	g249.t1	A
rna-XM_056776348.1	A	g244.t1	A
rna-XM_056789982.1	A	g3152.t1	A
rna-XM_056791716.1	A	g3355.t1	A
rna-XM_056791717.1	A	g5795.t1	A
rna-XM_056791718.1	A	g3342.t1	A
rna-XM_056786891.1	A	g6150.t1	A
rna-XM_056785491.1	A	g6152.t1	A
rna-XM_056792767.1	A	g6034.t2	A
rna-XM_056792776.1	A	g8086.t1	A
rna-XM_056792750.1	A	g7790.t1	A
rna-XM_056781954.1	A	g7806.t1	A
rna-XM_056782735.1	A	g10623.t1	A
rna-XM_056782755.1	A	g10626.t1	A
rna-XM_056786875.1	A	g10627.t1	A
rna-XM_056783973.1	A	g10409.t1	A
rna-XM_056783987.1	A	g8168.t1	A
rna-XM_056791850.1	A	g7921.t1	A
rna-XM_056778865.1	A	g8126.t1	A
rna-XM_056784347.1	A	g2757.t1	A
rna-XM_056784332.1	A	g2756.t1	A
rna-XM_056784320.1	A	g7856.t1	A
rna-XM_056784387.1	A	g7853.t3	A
rna-XM_056784408.1	A	g7854.t1	A
rna-XM_056791794.1	A	g7851.t1	A
rna-XM_056791793.1	A	g7849.t1	A
rna-XM_056791796.1	A	g8132.t1	A
rna-XM_056783828.1	A	g10434.t1	A
rna-XM_056779641.1	A	g10766.t1	A
rna-XM_056779599.1	A	g3781.t2	A
rna-XM_056779620.1	A	g8122.t1	A
rna-XM_056785845.1	A	g8125.t2	A
rna-XM_056778287.1	A	g9728.t1	A
rna-XM_056780739.1	A	g10753.t1	A
rna-XM_056776509.1	A	g96.t1	A
rna-XM_056791797.1	A	g10891.t1	A
rna-XM_056791798.1	A	g10890.t1	A
rna-XM_056791802.1	A	g95.t1	A
rna-XM_056790162.1	A	g6939.t1	A
rna-XM_056790185.1	A	g10492.t1	A
rna-XM_056790174.1	A	g9774.t1	A
rna-XM_056781599.1	A	g10493.t1	A
rna-XM_056779775.1	A	g9973.t1	A
rna-XM_056777351.1	A	g10496.t1	A
rna-XM_056774770.1	A	g10498.t1	A
rna-XM_056791883.1	A	g4141.t1	A
rna-XM_056791882.1	A	g11370.t1	A
rna-XM_056783998.1	A	g11945.t1	A
rna-XM_056776345.1	A	g6000.t1	A
rna-XM_056779059.1	A	g4138.t1	A
rna-XM_056779072.1	A	g4139.t1	A
rna-XM_056790401.1	A	g11943.t1	A
rna-XM_056778683.1	A	g11942.t1	A
rna-XM_056778701.1	A	g12148.t1	A
rna-XM_056778712.1	A	g11191.t1	A
rna-XM_056778725.1	A	g9816.t1	A
rna-XM_056778737.1	A	g9817.t1	A
rna-XM_056778756.1	A	g99.t1	A
rna-XM_056779236.1	A	g4876.t1	A
rna-XM_056778768.1	A	g1206.t1	A
rna-XM_056778788.1	A	g9948.t1	A
rna-XM_056778892.1	A	g9944.t1	A
rna-XM_056779350.1	A	g9943.t2	A
rna-XM_056782636.1	A	g8374.t2	A
rna-XM_056779501.1	A	g8100.t1	A
rna-XM_056781700.1	A	g8017.t1	A
rna-XM_056791860.1	A	g7785.t1	A
rna-XM_056791862.1	A	g7781.t1	A
rna-XM_056791864.1	A	g11373.t1	A
rna-XM_056791867.1	A	g11372.t1	A
rna-XM_056791861.1	A	g11374.t2	A
rna-XM_056789998.1	A	g12165.t1	A
rna-XM_056790035.1	A	g12166.t1	A
rna-XM_056790045.1	A	g12167.t1	A
rna-XM_056780877.1	A	g11375.t1	A
rna-XM_056780919.1	A	g11376.t1	A
rna-XM_056774837.1	A	g11378.t1	A
rna-XM_056774828.1	A	g5641.t1	A
rna-XM_056779936.1	A	g5638.t1	A
rna-XM_056774817.1	A	g5637.t1	A
rna-XM_056785529.1	A	g11958.t1	A
rna-XM_056791757.1	A	g12223.t1	A
rna-XM_056780006.1	A	g10909.t1	A
rna-XM_056789547.1	A	g10887.t1	A
rna-XM_056789573.1	A	g8195.t1	A
rna-XM_056789591.1	A	g7947.t1	A
rna-XM_056789607.1	A	g12196.t1	A
rna-XM_056789685.1	A	g4288.t1	A
rna-XM_056789739.1	A	g10745.t1	A
rna-XM_056789695.1	A	g10747.t1	A
rna-XM_056789752.1	A	g10749.t1	A
rna-XM_056789788.1	A	g10751.t2	A
rna-XM_056789831.1	A	g10752.t2	A
rna-XM_056789854.1	A	g9818.t2	A
rna-XM_056789847.1	A	g9819.t1	A
rna-XM_056789869.1	A	g9820.t1	A
rna-XM_056780129.1	A	g9821.t1	A
rna-XM_056789878.1	A	g10509.t1	A
rna-XM_056789885.1	A	g10511.t2	A
rna-XM_056789918.1	A	g10671.t1	A
rna-XM_056789944.1	A	g10672.t1	A
rna-XM_056789930.1	A	g10673.t1	A
rna-XM_056789899.1	A	g10674.t2	A
rna-XM_056781689.1	A	g10412.t1	A
rna-XM_056791760.1	A	g9811.t1	A
rna-XM_056791765.1	A	g9812.t1	A
rna-XM_056791767.1	A	g9814.t1	A
rna-XM_056785384.1	A	g12382.t1	A
rna-XM_056774016.1	A	g715.t1	A
rna-XM_056782111.1	A	g12383.t1	A
rna-XM_056780643.1	A	g10707.t1	A
rna-XM_056775179.1	A	g10331.t1	A
rna-XM_056792972.1	A	g5305.t1	A
rna-XM_056792571.1	A	g2708.t1	A
rna-XM_056792573.1	A	g2709.t1	A
rna-XM_056792678.1	A	g2713.t1	A
rna-XM_056792694.1	A	g2714.t1	A
rna-XM_056792861.1	A	g12151.t1	A
rna-XM_056792482.1	A	g12846.t1	A
rna-XM_056792483.1	A	g12847.t1	A
rna-XM_056792695.1	A	g2638.t1	A
rna-XM_056793027.1	A	g2572.t1	A
rna-XM_056773590.1	A	g2637.t1	A
rna-XM_056793252.1	A	g4911.t1	A
rna-XM_056773545.1	A	g6699.t1	A
rna-XM_056773547.1	A	g10023.t1	A
rna-XM_056792702.1	A	g11692.t1	A
rna-XM_056792704.1	A	g273.t1	A
rna-XM_056792350.1	A	g9076.t1	A
rna-XM_056792559.1	A	g3878.t1	A
rna-XM_056792331.1	A	g9532.t1	A
rna-XM_056792341.1	A	g7697.t1	A
rna-XM_056792335.1	A	g4919.t1	A
rna-XM_056792337.1	A	g5184.t1	A
rna-XM_056792713.1	A	g14238.t1	A
rna-XM_056792338.1	A	g9125.t1	A
rna-XM_056792340.1	A	g5183.t1	A
rna-XM_056792345.1	A	g9163.t1	A
rna-XM_056792515.1	A	g13363.t1	A
rna-XM_056792017.1	A	g9642.t1	A
rna-XM_056792018.1	A	g12830.t1	A
rna-XM_056792021.1	A	g12640.t2	A
rna-XM_056792022.1	A	g12641.t1	A
rna-XM_056792722.1	A	g6361.t1	A
rna-XM_056792032.1	A	g13273.t1	A
rna-XM_056792729.1	A	g5068.t1	A
rna-XM_056792035.1	A	g2692.t1	A
rna-XM_056792511.1	A	g12705.t2	A
rna-XM_056792514.1	A	g12706.t1	A
rna-XM_056792610.1	A	g2418.t1	A
rna-XM_056792611.1	A	g5144.t1	A
rna-XM_056792064.1	A	g9057.t1	A
rna-XM_056792082.1	A	g7526.t1	A
rna-XM_056792084.1	A	g7365.t1	A
rna-XM_056792187.1	A	g7531.t1	A
rna-XM_056792974.1	A	g9381.t1	A
rna-XM_056792508.1	A	g14050.t1	A
rna-XM_056773797.1	A	g9398.t2	A
rna-XM_056773799.1	A	g9396.t1	A
rna-XM_056792763.1	A	g8669.t1	A
rna-XM_056792779.1	A	g4683.t1	A
rna-XM_056792780.1	A	g6773.t1	A
rna-XM_056793139.1	A	g4398.t1	A
rna-XM_056793245.1	A	g6353.t1	A
rna-XM_056792765.1	A	g12813.t1	A
rna-XM_056773689.1	A	g4860.t1	A
rna-XM_056792367.1	A	g4859.t1	A
rna-XM_056793248.1	A	g4857.t1	A
rna-XM_056793104.1	A	g4858.t1	A
rna-XM_056793087.1	A	g8292.t2	A
rna-XM_056792828.1	A	g5387.t1	A
rna-XM_056793075.1	A	g3547.t1	A
rna-XM_056792778.1	A	g10963.t1	A
rna-XM_056792167.1	A	g3711.t1	A
rna-XM_056792316.1	A	g10611.t1	A
rna-XM_056792404.1	A	g10612.t1	A
rna-XM_056792670.1	A	g10316.t1	A
rna-XM_056792636.1	A	g9041.t1	A
rna-XM_056792530.1	A	g13473.t1	A
rna-XM_056793008.1	A	g5148.t1	A
rna-XM_056792296.1	A	g12708.t1	A
rna-XM_056792657.1	A	g14746.t1	A
rna-XM_056792642.1	A	g12702.t2	A
rna-XM_056792005.1	A	g4289.t2	A
rna-XM_056793066.1	A	g8494.t1	A
rna-XM_056792371.1	A	g1096.t1	A
rna-XM_056793241.1	A	g8491.t2	A
rna-XM_056773548.1	A	g3815.t1	A
rna-XM_056792007.1	A	g3694.t1	A
rna-XM_056792805.1	A	g2823.t1	X
rna-XM_056792761.1	A	g8492.t1	A
rna-XM_056792762.1	A	g3693.t1	A
rna-XM_056792624.1	A	g9895.t1	A
rna-XM_056774141.1	A	g2246.t1	A
rna-XM_056792809.1	A	g13283.t1	A
rna-XM_056774142.1	A	g13170.t1	A
rna-XM_056793068.1	A	g6037.t1	A
rna-XM_056792104.1	A	g13567.t1	A
rna-XM_056792471.1	A	g9669.t1	A
rna-XM_056792660.1	A	g3394.t1	A
rna-XM_056791998.1	A	g10655.t1	A
rna-XM_056792819.1	A	g10068.t1	A
rna-XM_056793230.1	A	g3912.t1	A
rna-XM_056774187.1	A	g14561.t1	A
rna-XM_056774194.1	A	g2742.t2	A
rna-XM_056792826.1	A	g7408.t1	A
rna-XM_056792829.1	A	g7607.t1	A
rna-XM_056774197.1	A	g7602.t1	A
rna-XM_056774203.1	A	g8341.t1	A
rna-XM_056774205.1	A	g1061.t1	A
rna-XM_056774209.1	A	g2693.t1	A
rna-XM_056774206.1	A	g954.t1	A
rna-XM_056774210.1	A	g955.t2	A
rna-XM_056774216.1	A	g957.t1	A
rna-XM_056792832.1	A	g958.t1	A
rna-XM_056774217.1	A	g14229.t1	A
rna-XM_056774219.1	A	g14228.t1	A
rna-XM_056774218.1	A	g5786.t1	A
rna-XM_056792833.1	A	g5789.t1	A
rna-XM_056774221.1	A	g5788.t1	A
rna-XM_056774220.1	A	g5787.t2	A
rna-XM_056774222.1	A	g13378.t1	A
rna-XM_056792797.1	A	g631.t1	A
rna-XM_056792747.1	A	g553.t2	A
rna-XM_056792086.1	A	g14308.t1	A
rna-XM_056792087.1	A	g13847.t2	A
rna-XM_056792089.1	A	g13813.t1	A
rna-XM_056792519.1	A	g14233.t1	A
rna-XM_056792311.1	A	g14230.t1	A
rna-XM_056792310.1	A	g14231.t3	A
rna-XM_056792892.1	A	g6262.t2	A
rna-XM_056793063.1	A	g12339.t1	A
rna-XM_056792284.1	A	g961.t1	A
rna-XM_056792305.1	A	g5791.t1	A
rna-XM_056793092.1	A	g5790.t1	A
rna-XM_056792901.1	A	g2492.t1	A
rna-XM_056792903.1	A	g10053.t1	A
rna-XM_056792274.1	A	g8801.t1	A
rna-XM_056792275.1	A	g6845.t1	A
rna-XM_056792844.1	A	g1332.t1	A
rna-XM_056792398.1	A	g3278.t2	A
rna-XM_056792402.1	A	g6684.t1	A
rna-XM_056774237.1	A	g588.t1	A
rna-XM_056793030.1	A	g6593.t2	A
rna-XM_056793031.1	A	g5741.t1	A
rna-XM_056792537.1	A	g5742.t1	A
rna-XM_056792532.1	A	g6010.t1	A
rna-XM_056792535.1	A	g8.t1	A
rna-XM_056773593.1	A	g13250.t1	A
rna-XM_056792689.1	A	g4904.t1	A
rna-XM_056792690.1	A	g7589.t1	A
rna-XM_056792525.1	A	g6347.t1	A
rna-XM_056792784.1	A	g6345.t1	A
rna-XM_056773830.1	A	g7513.t1	A
rna-XM_056792253.1	A	g4710.t1	A
rna-XM_056792313.1	A	g6344.t1	A
rna-XM_056792151.1	A	g10839.t2	A
rna-XM_056792152.1	A	g10836.t1	A
rna-XM_056793010.1	A	g10837.t2	A
rna-XM_056773849.1	A	g3213.t1	A
rna-XM_056792798.1	A	g4702.t1	A
rna-XM_056774165.1	A	g5029.t1	A
rna-XM_056792623.1	A	g4763.t1	A
rna-XM_056773853.1	A	g4762.t1	A
rna-XM_056774021.1	A	g11729.t1	A
rna-XM_056774024.1	A	g11728.t1	A
rna-XM_056774026.1	A	g14285.t1	A
rna-XM_056774027.1	A	g4707.t2	A
rna-XM_056774028.1	A	g14246.t1	A
rna-XM_056774031.1	A	g4706.t1	A
rna-XM_056774033.1	A	g11575.t1	A
rna-XM_056774036.1	A	g11576.t3	A
rna-XM_056774040.1	A	g4767.t1	A
rna-XM_056774044.1	A	g4605.t1	A
rna-XM_056774038.1	A	g4606.t1	A
rna-XM_056774045.1	A	g4765.t1	A
rna-XM_056774046.1	A	g4764.t1	A
rna-XM_056774048.1	A	g4700.t1	A
rna-XM_056774049.1	A	g4699.t1	A
rna-XM_056773856.1	A	g4698.t1	A
rna-XM_056774051.1	A	g4695.t3	A
rna-XM_056774054.1	A	g4697.t1	A
rna-XM_056773860.1	A	g4694.t1	A
rna-XM_056774057.1	A	g4274.t1	A
rna-XM_056774059.1	A	g13074.t4	A
rna-XM_056774063.1	A	g6001.t1	A
rna-XM_056792139.1	A	g4655.t1	A
rna-XM_056792138.1	A	g4589.t1	A
rna-XM_056792140.1	A	g4354.t1	A
rna-XM_056774183.1	A	g3417.t1	A
rna-XM_056792517.1	A	g2872.t1	X
rna-XM_056792393.1	A	g3415.t1	A
rna-XM_056792396.1	A	g3418.t1	A
rna-XM_056792473.1	A	g12951.t1	A
rna-XM_056793130.1	A	g10636.t1	A
rna-XM_056793135.1	A	g2556.t1	A
rna-XM_056773955.1	A	g7798.t1	A
rna-XM_056773956.1	A	g3434.t1	A
rna-XM_056792745.1	A	g4131.t1	A
rna-XM_056773835.1	A	g3374.t1	A
rna-XM_056773838.1	A	g5525.t1	A
rna-XM_056773841.1	A	g6313.t1	A
rna-XM_056792197.1	A	g6312.t1	A
rna-XM_056792407.1	A	g6315.t2	A
rna-XM_056773861.1	A	g8704.t1	A
rna-XM_056792281.1	A	g6316.t1	A
rna-XM_056773862.1	A	g6415.t1	A
rna-XM_056774078.1	A	g9780.t1	A
rna-XM_056793058.1	A	g6319.t1	A
rna-XM_056792710.1	A	g12442.t1	A
rna-XM_056773814.1	A	g3440.t1	A
rna-XM_056792672.1	A	g3439.t1	A
rna-XM_056792740.1	A	g3435.t1	A
rna-XM_056793015.1	A	g660.t1	A
rna-XM_056792090.1	A	g661.t2	A
rna-XM_056774159.1	A	g14119.t2	A
rna-XM_056792922.1	A	g10143.t1	A
rna-XM_056792921.1	A	g10142.t1	A
rna-XM_056792358.1	A	g12355.t1	A
rna-XM_056792872.1	A	g12354.t1	A
rna-XM_056793018.1	A	g4278.t1	A
rna-XM_056793020.1	A	g11414.t1	A
rna-XM_056793123.1	A	g549.t1	A
rna-XM_056792653.1	A	g771.t1	A
rna-XM_056792656.1	A	g770.t1	A
rna-XM_056792652.1	A	g2688.t1	A
rna-XM_056792170.1	A	g13498.t1	A
rna-XM_056792171.1	A	g7.t1	A
rna-XM_056792387.1	A	g3717.t1	A
rna-XM_056792143.1	A	g11301.t1	A
rna-XM_056793117.1	A	g11404.t1	A
rna-XM_056793116.1	A	g12359.t1	A
rna-XM_056793110.1	A	g12358.t1	A
rna-XM_056793109.1	A	g2234.t1	A
rna-XM_056793112.1	A	g11302.t1	A
rna-XM_056793118.1	A	g11303.t1	A
rna-XM_056792308.1	A	g11305.t1	A
rna-XM_056773741.1	A	g11306.t1	A
rna-XM_056773734.1	A	g11307.t1	A
rna-XM_056773833.1	A	g11308.t1	A
rna-XM_056773865.1	A	g11309.t2	A
rna-XM_056773866.1	A	g11312.t1	A
rna-XM_056792325.1	A	g4175.t1	A
rna-XM_056792003.1	A	g12290.t1	A
rna-XM_056792775.1	A	g3723.t1	A
rna-XM_056792065.1	A	g6136.t1	A
rna-XM_056792067.1	A	g6138.t2	A
rna-XM_056792069.1	A	g6137.t2	A
rna-XM_056793247.1	A	g3393.t1	A
rna-XM_056793246.1	A	g3219.t1	A
rna-XM_056792682.1	A	g3222.t1	A
rna-XM_056792649.1	A	g3224.t3	A
rna-XM_056793090.1	A	g5910.t1	A
rna-XM_056774247.1	A	g7591.t1	A
rna-XM_056792252.1	A	g6759.t1	A
rna-XM_056774156.1	A	g8032.t1	A
rna-XM_056774152.1	A	g8033.t1	A
rna-XM_056774153.1	A	g5912.t1	A
rna-XM_056774149.1	A	g5559.t1	A
rna-XM_056792277.1	A	g8063.t1	A
rna-XM_056793221.1	A	g13662.t1	A
rna-XM_056792392.1	A	g17.t1	A
rna-XM_056792671.1	A	g13663.t1	A
rna-XM_056793242.1	A	g464.t1	A
rna-XM_056792037.1	A	g13326.t1	A
rna-XM_056773867.1	A	g13325.t1	A
rna-XM_056792736.1	A	g6857.t1	A
rna-XM_056792270.1	A	g3310.t2	A
rna-XM_056792557.1	A	g13329.t1	A
rna-XM_056792555.1	A	g13328.t1	A
rna-XM_056773871.1	A	g12748.t1	A
rna-XM_056792038.1	A	g13327.t1	A
rna-XM_056792578.1	A	g2248.t1	A
rna-XM_056792820.1	A	g9652.t1	A
rna-XM_056773872.1	A	g4716.t1	A
rna-XM_056774175.1	A	g4717.t1	A
rna-XM_056774176.1	A	g4718.t1	A
rna-XM_056792879.1	A	g4721.t1	A
rna-XM_056792895.1	A	g4720.t1	A
rna-XM_056792897.1	A	g12144.t1	A
rna-XM_056792615.1	A	g11810.t1	A
rna-XM_056792040.1	A	g10795.t4	A
rna-XM_056792063.1	A	g10796.t1	A
rna-XM_056792062.1	A	g10797.t1	A
rna-XM_056792622.1	A	g13887.t1	A
rna-XM_056774102.1	A	g8872.t1	A
rna-XM_056774100.1	A	g9755.t2	A
rna-XM_056774101.1	A	g9066.t2	A
rna-XM_056774103.1	A	g2427.t1	A
rna-XM_056774104.1	A	g2424.t1	A
rna-XM_056774106.1	A	g13200.t1	A
rna-XM_056774108.1	A	g10932.t2	A
rna-XM_056774110.1	A	g12394.t1	A
rna-XM_056774109.1	A	g12393.t1	A
rna-XM_056774116.1	A	g7422.t1	A
rna-XM_056774119.1	A	g7398.t2	A
rna-XM_056774118.1	A	g5605.t1	A
rna-XM_056774121.1	A	g5594.t1	A
rna-XM_056774124.1	A	g5595.t1	A
rna-XM_056774117.1	A	g11552.t1	A
rna-XM_056774126.1	A	g5279.t1	A
rna-XM_056774128.1	A	g2697.t1	A
rna-XM_056774127.1	A	g2696.t1	A
rna-XM_056774131.1	A	g5149.t1	A
rna-XM_056774129.1	A	g682.t1	A
rna-XM_056774167.1	A	g14239.t1	A
rna-XM_056774173.1	A	g637.t1	A
rna-XM_056792980.1	A	g6780.t1	A
rna-XM_056792567.1	A	g13541.t1	A
rna-XM_056773995.1	A	g717.t2	A
rna-XM_056792542.1	A	g716.t1	A
rna-XM_056792544.1	A	g14022.t1	A
rna-XM_056792807.1	A	g8802.t1	A
rna-XM_056774251.1	A	g711.t1	A
rna-XM_056774252.1	A	g5275.t2	A
rna-XM_056791943.1	A	g11782.t1	A
rna-XM_056792107.1	A	g5916.t2	A
rna-XM_056792110.1	A	g5917.t1	A
rna-XM_056792106.1	A	g5225.t1	A
rna-XM_056792108.1	A	g5226.t1	A
rna-XM_056792581.1	A	g1870.t1	A
rna-XM_056792589.1	A	g1872.t1	A
rna-XM_056792631.1	A	g12357.t1	A
rna-XM_056774082.1	A	g12356.t1	A
rna-XM_056774080.1	A	g12353.t1	A
rna-XM_056792397.1	A	g12395.t1	A
rna-XM_056792854.1	A	g13201.t1	A
rna-XM_056792499.1	A	g13152.t1	A
rna-XM_056792500.1	A	g454.t1	A
rna-XM_056792505.1	A	g455.t1	A
rna-XM_056793202.1	A	g456.t1	A
rna-XM_056793204.1	A	g63.t1	A
rna-XM_056793205.1	A	g64.t1	A
rna-XM_056773592.1	A	g881.t1	A
rna-XM_056792389.1	A	g12804.t1	A
rna-XM_056774158.1	A	g4852.t1	A
rna-XM_056773808.1	A	g2579.t1	A
rna-XM_056773812.1	A	g1333.t1	A
rna-XM_056793212.1	A	g6971.t1	A
rna-XM_056792847.1	A	g10270.t1	A
rna-XM_056792846.1	A	g12836.t1	A
rna-XM_056792347.1	A	g5924.t1	A
rna-XM_056793108.1	A	g7972.t1	A
rna-XM_056773958.1	A	g6112.t1	A
rna-XM_056792940.1	A	g5920.t1	A
rna-XM_056792946.1	A	g5776.t1	A
rna-XM_056792942.1	A	g7692.t1	A
rna-XM_056792944.1	A	g8239.t2	A
rna-XM_056773879.1	A	g8353.t1	A
rna-XM_056792947.1	A	g9217.t1	A
rna-XM_056793225.1	A	g8352.t1	A
rna-XM_056793219.1	A	g8041.t1	A
rna-XM_056792472.1	A	g8042.t1	A
rna-XM_056792883.1	A	g8387.t1	A
rna-XM_056792730.1	A	g7081.t1	A
rna-XM_056792734.1	A	g5715.t1	A
rna-XM_056792733.1	A	g6654.t1	A
rna-XM_056792531.1	A	g8093.t1	A
rna-XM_056773845.1	A	g11862.t2	A
rna-XM_056773847.1	A	g6571.t1	A
rna-XM_056792230.1	A	g13808.t1	A
rna-XM_056792237.1	A	g513.t1	A
rna-XM_056792238.1	A	g6474.t1	A
rna-XM_056792885.1	A	g6472.t1	A
rna-XM_056773882.1	A	g12305.t1	A
rna-XM_056792209.1	A	g6749.t1	A
rna-XM_056793095.1	A	g3299.t1	A
rna-XM_056773883.1	A	g3300.t1	A
rna-XM_056792676.1	A	g5255.t1	A
rna-XM_056773589.1	A	g5256.t1	A
rna-XM_056792131.1	A	g5265.t1	A
rna-XM_056792133.1	A	g5221.t2	A
rna-XM_056792570.1	A	g5267.t1	A
rna-XM_056793093.1	A	g5911.t1	A
rna-XM_056792198.1	A	g12578.t1	A
rna-XM_056773884.1	A	g12576.t1	A
rna-XM_056792613.1	A	g12574.t1	A
rna-XM_056792601.1	A	g1849.t2	A
rna-XM_056792147.1	A	g14663.t1	A
rna-XM_056774085.1	A	g14661.t1	A
rna-XM_056774084.1	A	g14660.t1	A
rna-XM_056791932.1	A	g5224.t1	A
rna-XM_056791976.1	A	g1873.t1	A
rna-XM_056791974.1	A	g1874.t1	A
rna-XM_056792321.1	A	g1875.t1	A
rna-XM_056792322.1	A	g13223.t1	A
rna-XM_056792490.1	A	g13222.t1	A
rna-XM_056792491.1	A	g6923.t1	A
rna-XM_056792383.1	A	g5537.t1	A
rna-XM_056792144.1	A	g5250.t1	A
rna-XM_056792706.1	A	g1850.t2	A
rna-XM_056791940.1	A	g5246.t2	A
rna-XM_056791941.1	A	g718.t1	A
rna-XM_056792510.1	A	g722.t1	A
rna-XM_056792975.1	A	g721.t1	A
rna-XM_056773889.1	A	g720.t1	A
rna-XM_056792977.1	A	g719.t1	A
rna-XM_056792978.1	A	g8804.t1	A
rna-XM_056792979.1	A	g8171.t1	A
rna-XM_056792728.1	A	g8172.t1	A
rna-XM_056792723.1	A	g8173.t1	A
rna-XM_056792200.1	A	g8174.t2	A
rna-XM_056792201.1	A	g8175.t1	A
rna-XM_056773970.1	A	g5223.t1	A
rna-XM_056773969.1	A	g14658.t1	A
rna-XM_056773973.1	A	g1848.t1	A
rna-XM_056791971.1	A	g4538.t2	A
rna-XM_056791972.1	A	g4539.t1	A
rna-XM_056791973.1	A	g4540.t1	A
rna-XM_056792102.1	A	g9411.t1	A
rna-XM_056792100.1	A	g13521.t1	A
rna-XM_056792103.1	A	g13522.t1	A
rna-XM_056792185.1	A	g13523.t1	A
rna-XM_056792186.1	A	g1091.t1	A
rna-XM_056792010.1	A	g14552.t1	A
rna-XM_056792014.1	A	g10660.t1	A
rna-XM_056774013.1	A	g10637.t1	A
rna-XM_056774014.1	A	g10717.t1	A
rna-XM_056774015.1	A	g5852.t1	A
rna-XM_056774017.1	A	g13524.t1	A
rna-XM_056774018.1	A	g12197.t2	A
rna-XM_056774230.1	A	g2237.t1	A
rna-XM_056774226.1	A	g13047.t1	A
rna-XM_056774224.1	A	g13046.t1	A
rna-XM_056774225.1	A	g9067.t1	A
rna-XM_056792214.1	A	g13445.t1	A
rna-XM_056792522.1	A	g11014.t1	A
rna-XM_056774066.1	A	g7123.t2	A
rna-XM_056774067.1	A	g12119.t1	A
rna-XM_056774064.1	A	g13048.t1	A
rna-XM_056792228.1	A	g8506.t1	A
rna-XM_056792215.1	A	g13650.t1	A
rna-XM_056792216.1	A	g5453.t1	A
rna-XM_056773551.1	A	g8820.t1	A
rna-XM_056773561.1	A	g8823.t1	A
rna-XM_056793069.1	A	g3663.t1	A
rna-XM_056773960.1	A	g8825.t1	A
rna-XM_056791926.1	A	g12872.t1	A
rna-XM_056792773.1	A	g6991.t1	A
rna-XM_056773891.1	A	g6992.t1	A
rna-XM_056791962.1	A	g3099.t1	A
rna-XM_056791961.1	A	g5239.t1	A
rna-XM_056792603.1	A	g12572.t1	A
rna-XM_056793098.1	A	g12573.t1	A
rna-XM_056773892.1	A	g10469.t1	A
rna-XM_056792116.1	A	g10499.t1	A
rna-XM_056792119.1	A	g607.t1	A
rna-XM_056792117.1	A	g10500.t1	A
rna-XM_056792120.1	A	g10782.t1	A
rna-XM_056792122.1	A	g10783.t1	A
rna-XM_056792123.1	A	g10781.t2	A
rna-XM_056792118.1	A	g10780.t1	A
rna-XM_056774180.1	A	g9786.t2	A
rna-XM_056774181.1	A	g10322.t1	A
rna-XM_056792628.1	A	g7005.t2	A
rna-XM_056792498.1	A	g10907.t1	A
rna-XM_056773980.1	A	g10321.t1	A
rna-XM_056773983.1	A	g11801.t1	A
rna-XM_056773982.1	A	g1599.t1	X
rna-XM_056773985.1	A	g13051.t1	A
rna-XM_056793249.1	A	g10248.t1	A
rna-XM_056792287.1	A	g14583.t1	A
rna-XM_056792288.1	A	g4778.t1	A
rna-XM_056792899.1	A	g3800.t1	A
rna-XM_056792898.1	A	g8896.t1	A
rna-XM_056792370.1	A	g8945.t1	A
rna-XM_056773781.1	A	g7717.t2	A
rna-XM_056773780.1	A	g7716.t1	A
rna-XM_056773785.1	A	g11209.t1	A
rna-XM_056773787.1	A	g7736.t1	A
rna-XM_056773790.1	A	g7734.t1	A
rna-XM_056773893.1	A	g7733.t1	A
rna-XM_056793096.1	A	g11280.t1	A
rna-XM_056792999.1	A	g8210.t2	A
rna-XM_056792227.1	A	g4273.t1	A
rna-XM_056773604.1	A	g8207.t1	A
rna-XM_056773611.1	A	g8208.t1	A
rna-XM_056773605.1	A	g14236.t1	A
rna-XM_056773609.1	A	g7737.t3	A
rna-XM_056773600.1	A	g7774.t3	A
rna-XM_056773612.1	A	g7775.t1	A
rna-XM_056773614.1	A	g7769.t1	A
rna-XM_056773633.1	A	g7768.t1	A
rna-XM_056773635.1	A	g7767.t2	A
rna-XM_056773632.1	A	g12549.t1	A
rna-XM_056773637.1	A	g12548.t1	A
rna-XM_056773639.1	A	g12547.t1	A
rna-XM_056773642.1	A	g12546.t1	A
rna-XM_056773640.1	A	g7981.t2	A
rna-XM_056773645.1	A	g7982.t1	A
rna-XM_056773644.1	A	g2776.t1	A
rna-XM_056773648.1	A	g3719.t1	A
rna-XM_056773649.1	A	g12467.t1	A
rna-XM_056773652.1	A	g2773.t1	A
rna-XM_056773657.1	A	g12472.t1	A
rna-XM_056773656.1	A	g2775.t1	A
rna-XM_056773662.1	A	g8791.t1	A
rna-XM_056773664.1	A	g8790.t1	A
rna-XM_056773666.1	A	g12302.t1	A
rna-XM_056773670.1	A	g7890.t1	A
rna-XM_056773669.1	A	g8259.t1	A
rna-XM_056773667.1	A	g7888.t3	A
rna-XM_056773672.1	A	g8260.t2	A
rna-XM_056792769.1	A	g7525.t1	A
rna-XM_056792770.1	A	g7364.t1	A
rna-XM_056773584.1	A	g7529.t1	A
rna-XM_056773583.1	A	g4708.t2	A
rna-XM_056773581.1	A	g4709.t1	A
rna-XM_056773586.1	A	g4522.t1	A
rna-XM_056792616.1	A	g4681.t1	A
rna-XM_056792538.1	A	g4868.t1	A
rna-XM_056792816.1	A	g4863.t1	A
rna-XM_056792598.1	A	g336.t1	A
rna-XM_056793232.1	A	g14473.t1	A
rna-XM_056792614.1	A	g10233.t1	A
rna-XM_056773800.1	A	g10234.t5	A
rna-XM_056773802.1	A	g10235.t1	A
rna-XM_056773806.1	A	g10236.t1	A
rna-XM_056773807.1	A	g9196.t1	A
rna-XM_056792804.1	A	g3140.t1	A
rna-XM_056793057.1	A	g11825.t1	A
rna-XM_056773943.1	A	g2198.t1	A
rna-XM_056773944.1	A	g3433.t1	A
rna-XM_056792855.1	A	g10328.t1	A
rna-XM_056774001.1	A	g13392.t1	A
rna-XM_056774010.1	A	g6999.t1	A
rna-XM_056774002.1	A	g7000.t2	A
rna-XM_056793138.1	A	g4826.t1	A
rna-XM_056792566.1	A	g1212.t1	A
rna-XM_056773898.1	A	g8363.t1	A
rna-XM_056792915.1	A	g9149.t1	A
rna-XM_056773900.1	A	g9147.t1	A
rna-XM_056773673.1	A	g7680.t1	A
rna-XM_056792352.1	A	g9141.t1	A
rna-XM_056774231.1	A	g9144.t1	A
rna-XM_056792180.1	A	g14571.t1	A
rna-XM_056792182.1	A	g9597.t1	A
rna-XM_056792323.1	A	g4607.t1	A
rna-XM_056792635.1	A	g8845.t1	A
rna-XM_056792289.1	A	g8097.t1	A
rna-XM_056792294.1	A	g8827.t1	A
rna-XM_056792817.1	A	g8829.t1	A
rna-XM_056792509.1	A	g8828.t1	A
rna-XM_056792329.1	A	g4545.t2	A
rna-XM_056792208.1	A	g4792.t2	A
rna-XM_056791952.1	A	g4689.t1	A
rna-XM_056791953.1	A	g10668.t1	A
rna-XM_056791950.1	A	g10669.t1	A
rna-XM_056791954.1	A	g9220.t1	A
rna-XM_056791956.1	A	g10718.t1	A
rna-XM_056792111.1	A	g11991.t1	A
rna-XM_056792864.1	A	g11985.t1	A
rna-XM_056792753.1	A	g6302.t1	A
rna-XM_056792751.1	A	g3267.t1	A
rna-XM_056792758.1	A	g11498.t1	A
rna-XM_056792757.1	A	g2047.t1	A
rna-XM_056792875.1	A	g13939.t2	A
rna-XM_056792561.1	A	g1712.t1	X
rna-XM_056792560.1	A	g3135.t1	A
rna-XM_056792551.1	A	g489.t2	A
rna-XM_056793209.1	A	g483.t1	A
rna-XM_056793210.1	A	g484.t1	A
rna-XM_056792318.1	A	g9425.t1	A
rna-XM_056792317.1	A	g449.t1	A
rna-XM_056773754.1	A	g13544.t2	A
rna-XM_056773751.1	A	g13045.t1	A
rna-XM_056792223.1	A	g850.t2	A
rna-XM_056792955.1	A	g851.t1	A
rna-XM_056792960.1	A	g8155.t2	A
rna-XM_056792958.1	A	g8152.t2	A
rna-XM_056792962.1	A	g8258.t1	A
rna-XM_056773574.1	A	g8154.t1	A
rna-XM_056773998.1	A	g12868.t1	A
rna-XM_056792781.1	A	g13229.t1	A
rna-XM_056792597.1	A	g5728.t1	A
rna-XM_056792239.1	A	g9515.t1	A
rna-XM_056774177.1	A	g3113.t1	A
rna-XM_056793119.1	A	g2449.t1	A
rna-XM_056773819.1	A	g14482.t1	A
rna-XM_056773820.1	A	g14481.t1	A
rna-XM_056773821.1	A	g1951.t1	A
rna-XM_056773822.1	A	g14480.t1	A
rna-XM_056792478.1	A	g10903.t1	A
rna-XM_056792359.1	A	g9538.t1	A
rna-XM_056792739.1	A	g3592.t1	A
rna-XM_056774133.1	A	g10580.t1	A
rna-XM_056792172.1	A	g4205.t1	A
rna-XM_056792546.1	A	g10284.t1	A
rna-XM_056792240.1	A	g10265.t2	A
rna-XM_056792246.1	A	g10266.t3	A
rna-XM_056792374.1	A	g10275.t2	A
rna-XM_056773912.1	A	g10277.t1	A
rna-XM_056773694.1	A	g10283.t1	A
rna-XM_056792700.1	A	g10281.t1	A
rna-XM_056792008.1	A	g10279.t1	A
rna-XM_056792968.1	A	g11730.t1	A
rna-XM_056792250.1	A	g11735.t1	A
rna-XM_056773691.1	A	g11734.t1	A
rna-XM_056773693.1	A	g12006.t1	A
rna-XM_056792766.1	A	g535.t1	A
rna-XM_056774087.1	A	g71.t1	A
rna-XM_056774089.1	A	g6774.t1	A
rna-XM_056774091.1	A	g73.t1	A
rna-XM_056774090.1	A	g2186.t1	A
rna-XM_056774088.1	A	g2887.t1	X
rna-XM_056792141.1	A	g10027.t1	A
rna-XM_056792857.1	A	g10028.t1	A
rna-XM_056792742.1	A	g10029.t1	A
rna-XM_056792743.1	A	g10160.t1	A
rna-XM_056792744.1	A	g10159.t1	A
rna-XM_056791977.1	A	g10158.t1	A
rna-XM_056791979.1	A	g10687.t1	A
rna-XM_056773767.1	A	g10686.t2	A
rna-XM_056773776.1	A	g14350.t1	A
rna-XM_056773769.1	A	g13249.t2	A
rna-XM_056773775.1	A	g2487.t1	A
rna-XM_056792207.1	A	g2494.t1	A
rna-XM_056792202.1	A	g14478.t1	A
rna-XM_056792932.1	A	g14477.t2	A
rna-XM_056792929.1	A	g2149.t2	A
rna-XM_056793199.1	A	g1765.t1	A
rna-XM_056793201.1	A	g12082.t1	A
rna-XM_056774248.1	A	g6735.t2	A
rna-XM_056774249.1	A	g6887.t1	A
rna-XM_056773914.1	A	g6886.t1	A
rna-XM_056773915.1	A	g10301.t1	A
rna-XM_056793021.1	A	g10302.t1	A
rna-XM_056792664.1	A	g2368.t1	A
rna-XM_056792382.1	A	g921.t1	A
rna-XM_056793223.1	A	g7878.t1	A
rna-XM_056792600.1	A	g7877.t1	A
rna-XM_056793049.1	A	g7884.t1	A
rna-XM_056793055.1	A	g7883.t1	A
rna-XM_056793035.1	A	g4264.t1	A
rna-XM_056793052.1	A	g3305.t1	A
rna-XM_056793045.1	A	g4253.t1	A
rna-XM_056793040.1	A	g7885.t1	A
rna-XM_056773922.1	A	g6744.t1	A
rna-XM_056773923.1	A	g7880.t1	A
rna-XM_056792714.1	A	g8284.t1	A
rna-XM_056792715.1	A	g7879.t1	A
rna-XM_056773924.1	A	g8365.t2	A
rna-XM_056792562.1	A	g8368.t2	A
rna-XM_056773742.1	A	g447.t1	A
rna-XM_056773745.1	A	g8101.t1	A
rna-XM_056773746.1	A	g8103.t1	A
rna-XM_056792495.1	A	g6457.t1	A
rna-XM_056792963.1	A	g8108.t1	A
rna-XM_056793062.1	A	g8107.t1	A
rna-XM_056793244.1	A	g8106.t1	A
rna-XM_056792604.1	A	g8104.t2	A
rna-XM_056792608.1	A	g3522.t1	A
rna-XM_056792346.1	A	g3523.t1	A
rna-XM_056793146.1	A	g3799.t1	A
rna-XM_056793147.1	A	g10862.t1	A
rna-XM_056793150.1	A	g5188.t1	A
rna-XM_056793154.1	A	g2299.t1	A
rna-XM_056793153.1	A	g1209.t1	A
rna-XM_056793156.1	A	g11727.t1	A
rna-XM_056793155.1	A	g11726.t1	A
rna-XM_056793158.1	A	g5586.t1	A
rna-XM_056793163.1	A	g9687.t1	A
rna-XM_056793162.1	A	g2295.t1	A
rna-XM_056793159.1	A	g2167.t2	A
rna-XM_056793161.1	A	g3987.t1	A
rna-XM_056793160.1	A	g14015.t1	A
rna-XM_056793165.1	A	g14016.t1	A
rna-XM_056793181.1	A	g2294.t1	A
rna-XM_056793166.1	A	g4029.t2	A
rna-XM_056793169.1	A	g4030.t1	A
rna-XM_056793175.1	A	g4027.t2	A
rna-XM_056793171.1	A	g4023.t2	A
rna-XM_056793179.1	A	g4022.t2	A
rna-XM_056793168.1	A	g4021.t1	A
rna-XM_056793183.1	A	g4020.t1	A
rna-XM_056793185.1	A	g4019.t1	A
rna-XM_056793194.1	A	g4040.t1	A
rna-XM_056793193.1	A	g8245.t1	A
rna-XM_056793192.1	A	g8244.t1	A
rna-XM_056793186.1	A	g8231.t4	A
rna-XM_056793195.1	A	g8233.t1	A
rna-XM_056774163.1	A	g2123.t1	A
rna-XM_056774162.1	A	g14021.t1	A
rna-XM_056792851.1	A	g14010.t1	A
rna-XM_056792850.1	A	g8277.t1	A
rna-XM_056792591.1	A	g8367.t2	A
rna-XM_056792595.1	A	g1860.t1	A
rna-XM_056792593.1	A	g7848.t1	A
rna-XM_056792159.1	A	g11424.t1	A
rna-XM_056792154.1	A	g4014.t1	A
rna-XM_056792158.1	A	g11421.t2	A
rna-XM_056792153.1	A	g11420.t1	A
rna-XM_056792155.1	A	g11419.t1	A
rna-XM_056792161.1	A	g11415.t1	A
rna-XM_056792638.1	A	g11413.t1	A
rna-XM_056792909.1	A	g11432.t1	A
rna-XM_056792145.1	A	g11433.t1	A
rna-XM_056792146.1	A	g11434.t1	A
rna-XM_056792634.1	A	g11435.t1	A
rna-XM_056792720.1	A	g3875.t1	A
rna-XM_056792620.1	A	g3386.t2	A
rna-XM_056792619.1	A	g3384.t1	A
rna-XM_056773827.1	A	g4042.t1	A
rna-XM_056773829.1	A	g4169.t1	A
rna-XM_056773828.1	A	g4168.t1	A
rna-XM_056793217.1	A	g11069.t1	A
rna-XM_056791986.1	A	g11068.t1	A
rna-XM_056791983.1	A	g13946.t1	A
rna-XM_056791985.1	A	g8536.t1	A
rna-XM_056791984.1	A	g11839.t1	A
rna-XM_056792361.1	A	g3378.t1	A
rna-XM_056774178.1	A	g5981.t1	A
rna-XM_056792675.1	A	g10685.t1	A
rna-XM_056792568.1	A	g13944.t1	A
rna-XM_056773696.1	A	g11844.t1	A
rna-XM_056773726.1	A	g3136.t1	A
rna-XM_056773732.1	A	g8276.t1	A
rna-XM_056793077.1	A	g8275.t2	A
rna-XM_056793079.1	A	g8272.t1	A
rna-XM_056793081.1	A	g8271.t2	A
rna-XM_056793082.1	A	g8270.t1	A
rna-XM_056793078.1	A	g8285.t1	A
rna-XM_056793085.1	A	g12545.t1	A
rna-XM_056793083.1	A	g12544.t1	A
rna-XM_056792408.1	A	g12540.t21	A
rna-XM_056792421.1	A	g10312.t1	A
rna-XM_056792422.1	A	g12852.t1	A
rna-XM_056792423.1	A	g12642.t1	A
rna-XM_056792424.1	A	g11189.t2	A
rna-XM_056792428.1	A	g11523.t1	A
rna-XM_056792426.1	A	g11524.t2	A
rna-XM_056792440.1	A	g4293.t1	A
rna-XM_056792455.1	A	g11996.t1	A
rna-XM_056792457.1	A	g3841.t1	A
rna-XM_056792452.1	A	g1857.t1	A
rna-XM_056792456.1	A	g10050.t2	A
rna-XM_056792450.1	A	g10052.t1	A
rna-XM_056792462.1	A	g10056.t1	A
rna-XM_056792464.1	A	g7392.t1	A
rna-XM_056793102.1	A	g7488.t1	A
rna-XM_056793103.1	A	g14419.t2	A
rna-XM_056773936.1	A	g7485.t1	A
rna-XM_056792920.1	A	g9622.t1	A
rna-XM_056792917.1	A	g9620.t1	A
rna-XM_056791933.1	A	g3798.t1	A
rna-XM_056791995.1	A	g3796.t1	A
rna-XM_056791992.1	A	g10653.t1	A
rna-XM_056791997.1	A	g10652.t1	A
rna-XM_056792259.1	A	g9785.t2	A
rna-XM_056792261.1	A	g9784.t1	A
rna-XM_056792260.1	A	g13184.t1	A
rna-XM_056792262.1	A	g7922.t1	A
rna-XM_056792265.1	A	g9209.t1	A
rna-XM_056792263.1	A	g7924.t1	A
rna-XM_056792268.1	A	g7923.t1	A
rna-XM_056792267.1	A	g4830.t1	A
rna-XM_056792269.1	A	g4829.t1	A
rna-XM_056792952.1	A	g8789.t1	A
rna-XM_056792953.1	A	g14852.t1	A
rna-XM_056793013.1	A	g14853.t1	A
rna-XM_056793014.1	A	g13364.t1	A
rna-XM_056792825.1	A	g3453.t1	A
rna-XM_056773682.1	A	g14851.t1	A
rna-XM_056773684.1	A	g5189.t1	A
rna-XM_056773683.1	A	g9122.t1	A
rna-XM_056774143.1	A	g14011.t1	A
rna-XM_056774145.1	A	g14171.t1	A
rna-XM_056774144.1	A	g9400.t2	A
rna-XM_056774147.1	A	g14172.t1	A
rna-XM_056773596.1	A	g14828.t1	A
rna-XM_056773594.1	A	g14830.t1	A
rna-XM_056773598.1	A	g5354.t1	A
rna-XM_056773991.1	A	g14827.t1	A
rna-XM_056773989.1	A	g14167.t1	A
rna-XM_056773988.1	A	g2297.t1	A
rna-XM_056773986.1	A	g2298.t1	A
rna-XM_056793129.1	A	g13354.t1	A
rna-XM_056773938.1	A	g13358.t1	A
rna-XM_056792837.1	A	g18.t1	A
rna-XM_056792839.1	A	g21.t2	A
rna-XM_056773941.1	A	g28.t1	A
rna-XM_056792381.1	A	g29.t1	A
rna-XM_056773756.1	A	g30.t1	A
rna-XM_056773762.1	A	g31.t1	A
rna-XM_056773761.1	A	g32.t1	A
rna-XM_056773759.1	A	g35.t1	A
rna-XM_056773763.1	A	g14237.t1	A
rna-XM_056792085.1	A	g3699.t1	A
rna-XM_056791991.1	A	g5892.t1	A
rna-XM_056791988.1	A	g5893.t1	A
rna-XM_056792353.1	A	g5894.t1	A
rna-XM_056773942.1	A	g5895.t1	A
rna-XM_056773823.1	A	g5896.t2	A
rna-XM_056773826.1	A	g5897.t1	A
rna-XM_056773825.1	A	g425.t1	A
rna-XM_056792796.1	A	g426.t1	A
rna-XM_056792683.1	A	g427.t4	A
rna-XM_056792687.1	A	g428.t1	A
rna-XM_056792859.1	A	g430.t1	A
rna-XM_056792368.1	A	g183.t1	A
rna-XM_056792984.1	A	g421.t1	A
rna-XM_056792986.1	A	g422.t1	A
rna-XM_056792314.1	A	g431.t1	A
rna-XM_056792315.1	A	g412.t1	A
rna-XM_056792987.1	A	g413.t1	A
rna-XM_056792990.1	A	g619.t1	A
rna-XM_056792995.1	A	g10850.t1	A
rna-XM_056792996.1	A	g9533.t1	A
rna-XM_056792993.1	A	g9535.t1	A
rna-XM_056792297.1	A	g2364.t1	A
rna-XM_056792298.1	A	g2363.t1	A
rna-XM_056792301.1	A	g512.t1	A
rna-XM_056792166.1	A	g514.t1	A
rna-XM_056792602.1	A	g944.t1	A
rna-XM_056792908.1	A	g13850.t1	A
rna-XM_056792926.1	A	g13322.t1	A
rna-XM_056792927.1	A	g14235.t1	A
rna-XM_056792076.1	A	g591.t1	A
rna-XM_056792074.1	A	g13722.t1	A
rna-XM_056792072.1	A	g5061.t1	A
rna-XM_056792403.1	A	g3272.t1	A
rna-XM_056773946.1	A	g14284.t1	A
rna-XM_056773949.1	A	g3279.t1	A
rna-XM_056792677.1	A	g6570.t1	A
rna-XM_056792326.1	A	g9534.t1	A
rna-XM_056793076.1	A	g6306.t1	A
rna-XM_056792645.1	A	g5471.t1	A
rna-XM_056792646.1	A	g1176.t1	A
rna-XM_056792905.1	A	g3339.t1	A
rna-XM_056792906.1	A	g12461.t2	A
rna-XM_056774072.1	A	g6310.t1	A
rna-XM_056774073.1	A	g6309.t1	A
rna-XM_056774071.1	A	g11437.t1	A
rna-XM_056774068.1	A	g13723.t2	A
rna-XM_056774092.1	A	g3338.t1	A
rna-XM_056774098.1	A	g6307.t1	A
rna-XM_056774096.1	A	g3337.t1	A
rna-XM_056792319.1	A	g14221.t1	A
rna-XM_056792640.1	A	g9161.t1	A
rna-XM_056792641.1	A	g590.t1	A
rna-XM_056791964.1	A	g9257.t2	A
rna-XM_056791965.1	A	g6308.t2	A
rna-XM_056791970.1	A	g868.t1	A
rna-XM_056791968.1	A	g869.t2	A
rna-XM_056776052.1	A	g4961.t1	A
rna-XM_056776056.1	A	g12848.t1	A
rna-XM_056776062.1	A	g5058.t1	A
rna-XM_056776066.1	A	g1084.t1	A
rna-XM_056775116.1	A	g1088.t2	A
rna-XM_056775264.1	A	g11152.t1	A
rna-XM_056774487.1	A	g1087.t1	A
rna-XM_056775143.1	A	g708.t1	A
rna-XM_056775082.1	A	g707.t1	A
rna-XM_056775087.1	A	g984.t1	A
rna-XM_056774878.1	A	g974.t1	A
rna-XM_056774506.1	A	g973.t1	A
rna-XM_056774509.1	A	g972.t1	A
rna-XM_056774360.1	A	g971.t3	A
rna-XM_056774824.1	A	g638.t1	A
rna-XM_056775597.1	A	g642.t1	A
rna-XM_056775596.1	A	g643.t2	A
rna-XM_056775595.1	A	g644.t2	A
rna-XM_056774729.1	A	g7648.t1	A
rna-XM_056774730.1	A	g12851.t1	A
rna-XM_056775584.1	A	g12845.t2	A
rna-XM_056775034.1	A	g3399.t1	A
rna-XM_056774812.1	A	g2182.t2	A
rna-XM_056775212.1	A	g5836.t1	A
rna-XM_056775033.1	A	g2184.t1	A
rna-XM_056775032.1	A	g11989.t1	A
rna-XM_056775337.1	A	g7604.t1	A
rna-XM_056774859.1	A	g2183.t1	A
rna-XM_056775608.1	A	g2100.t1	A
rna-XM_056775386.1	A	g2173.t1	A
rna-XM_056776320.1	A	g2174.t2	A
rna-XM_056774970.1	A	g2175.t1	A
rna-XM_056775379.1	A	g2179.t1	A
rna-XM_056774762.1	A	g12890.t1	A
rna-XM_056774761.1	A	g7652.t1	A
rna-XM_056775184.1	A	g7651.t1	A
rna-XM_056775185.1	A	g8321.t1	A
rna-XM_056775089.1	A	g2140.t2	A
rna-XM_056775088.1	A	g7212.t1	A
rna-XM_056775285.1	A	g12741.t1	A
rna-XM_056776265.1	A	g12740.t1	A
rna-XM_056776250.1	A	g12739.t2	A
rna-XM_056776257.1	A	g12738.t1	A
rna-XM_056776254.1	A	g2380.t1	A
rna-XM_056776259.1	A	g2127.t1	A
rna-XM_056775210.1	A	g13612.t1	A
rna-XM_056774964.1	A	g2139.t3	A
rna-XM_056774941.1	A	g2178.t1	A
rna-XM_056774943.1	A	g3749.t1	A
rna-XM_056774938.1	A	g6327.t1	A
rna-XM_056775381.1	A	g6326.t1	A
rna-XM_056774350.1	A	g3387.t1	A
rna-XM_056774359.1	A	g5488.t1	A
rna-XM_056774357.1	A	g9720.t1	A
rna-XM_056774355.1	A	g4632.t1	A
rna-XM_056774818.1	A	g5452.t1	A
rna-XM_056775301.1	A	g12338.t1	A
rna-XM_056776196.1	A	g2134.t1	A
rna-XM_056775259.1	A	g13209.t1	A
rna-XM_056774976.1	A	g13208.t4	A
rna-XM_056774982.1	A	g13210.t1	A
rna-XM_056774984.1	A	g7096.t2	A
rna-XM_056775055.1	A	g14671.t2	A
rna-XM_056775050.1	A	g11240.t1	A
rna-XM_056775062.1	A	g14667.t2	A
rna-XM_056775061.1	A	g5016.t1	A
rna-XM_056775070.1	A	g9086.t1	A
rna-XM_056775071.1	A	g9087.t1	A
rna-XM_056775078.1	A	g9089.t1	A
rna-XM_056775339.1	A	g9094.t2	A
rna-XM_056775172.1	A	g9092.t1	A
rna-XM_056775762.1	A	g9091.t2	A
rna-XM_056775764.1	A	g9090.t1	A
rna-XM_056775752.1	A	g9064.t1	A
rna-XM_056775594.1	A	g11583.t1	A
rna-XM_056775591.1	A	g11587.t1	A
rna-XM_056775256.1	A	g11588.t1	A
rna-XM_056775253.1	A	g11589.t1	A
rna-XM_056774903.1	A	g11591.t1	A
rna-XM_056775299.1	A	g6743.t1	A
rna-XM_056774975.1	A	g6519.t1	A
rna-XM_056775117.1	A	g6624.t1	A
rna-XM_056775168.1	A	g6881.t1	A
rna-XM_056774974.1	A	g6880.t1	A
rna-XM_056775211.1	A	g6879.t1	A
rna-XM_056774821.1	A	g6878.t1	A
rna-XM_056774736.1	A	g14266.t1	A
rna-XM_056775418.1	A	g6877.t1	A
rna-XM_056775615.1	A	g6876.t1	A
rna-XM_056775319.1	A	g3137.t1	A
rna-XM_056774771.1	A	g7646.t1	A
rna-XM_056774772.1	A	g849.t1	A
rna-XM_056774779.1	A	g13451.t1	A
rna-XM_056775248.1	A	g8064.t1	A
rna-XM_056775250.1	A	g2966.t1	A
rna-XM_056774840.1	A	g3985.t1	A
rna-XM_056774531.1	A	g2721.t1	A
rna-XM_056774265.1	A	g2206.t1	A
rna-XM_056775315.1	A	g10635.t1	A
rna-XM_056776323.1	A	g3660.t1	A
rna-XM_056776325.1	A	g4234.t1	A
rna-XM_056776238.1	A	g10579.t1	A
rna-XM_056774877.1	A	g6952.t1	A
rna-XM_056775344.1	A	g10528.t1	A
rna-XM_056776096.1	A	g10522.t1	A
rna-XM_056776097.1	A	g2306.t1	A
rna-XM_056774793.1	A	g736.t1	A
rna-XM_056774796.1	A	g734.t1	A
rna-XM_056774804.1	A	g729.t1	A
rna-XM_056774809.1	A	g5579.t1	A
rna-XM_056776275.1	A	g727.t1	A
rna-XM_056775258.1	A	g9835.t1	A
rna-XM_056774831.1	A	g6791.t1	A
rna-XM_056774767.1	A	g3443.t1	A
rna-XM_056775349.1	A	g2392.t1	A
rna-XM_056774819.1	A	g9925.t1	A
rna-XM_056774839.1	A	g6704.t1	A
rna-XM_056774963.1	A	g4041.t2	A
rna-XM_056774384.1	A	g4789.t1	A
rna-XM_056774389.1	A	g5161.t1	A
rna-XM_056774391.1	A	g13956.t1	A
rna-XM_056774392.1	A	g10167.t1	A
rna-XM_056774394.1	A	g585.t1	A
rna-XM_056774397.1	A	g11017.t1	A
rna-XM_056774398.1	A	g3992.t1	A
rna-XM_056774407.1	A	g2214.t1	A
rna-XM_056774400.1	A	g4006.t1	A
rna-XM_056775445.1	A	g179.t1	A
rna-XM_056774768.1	A	g12162.t1	A
rna-XM_056776047.1	A	g773.t1	A
rna-XM_056776051.1	A	g772.t1	A
rna-XM_056774505.1	A	g5654.t1	A
rna-XM_056774488.1	A	g5655.t1	A
rna-XM_056774868.1	A	g5734.t1	A
rna-XM_056774870.1	A	g4742.t2	A
rna-XM_056774872.1	A	g4743.t1	A
rna-XM_056775649.1	A	g12189.t3	A
rna-XM_056775921.1	A	g12489.t1	A
rna-XM_056775924.1	A	g2300.t1	A
rna-XM_056775927.1	A	g10495.t1	A
rna-XM_056775926.1	A	g12490.t1	A
rna-XM_056775932.1	A	g12392.t1	A
rna-XM_056775933.1	A	g4327.t2	A
rna-XM_056775930.1	A	g4328.t1	A
rna-XM_056775928.1	A	g4378.t1	A
rna-XM_056775934.1	A	g4379.t1	A
rna-XM_056775936.1	A	g4383.t1	A
rna-XM_056775935.1	A	g4384.t1	A
rna-XM_056775937.1	A	g1809.t1	A
rna-XM_056775938.1	A	g1812.t1	A
rna-XM_056775939.1	A	g11679.t1	A
rna-XM_056775941.1	A	g9107.t1	A
rna-XM_056775943.1	A	g9106.t1	A
rna-XM_056775948.1	A	g11867.t1	A
rna-XM_056775947.1	A	g9016.t1	A
rna-XM_056775944.1	A	g6401.t2	A
rna-XM_056775945.1	A	g7627.t1	A
rna-XM_056775453.1	A	g5608.t1	A
rna-XM_056775957.1	A	g4340.t1	A
rna-XM_056775959.1	A	g10912.t1	A
rna-XM_056775960.1	A	g9883.t1	A
rna-XM_056775964.1	A	g4351.t1	A
rna-XM_056775961.1	A	g10806.t1	A
rna-XM_056775458.1	A	g10191.t1	A
rna-XM_056775387.1	A	g6297.t1	A
rna-XM_056774880.1	A	g4002.t1	A
rna-XM_056775217.1	A	g256.t1	A
rna-XM_056775769.1	A	g7171.t4	A
rna-XM_056775777.1	A	g7172.t1	A
rna-XM_056775782.1	A	g11570.t1	A
rna-XM_056775783.1	A	g9290.t1	A
rna-XM_056775391.1	A	g11567.t1	A
rna-XM_056775643.1	A	g11568.t1	A
rna-XM_056775641.1	A	g11569.t2	A
rna-XM_056775106.1	A	g11566.t1	A
rna-XM_056775109.1	A	g11565.t1	A
rna-XM_056775104.1	A	g11564.t1	A
rna-XM_056775289.1	A	g11563.t1	A
rna-XM_056774507.1	A	g11812.t1	A
rna-XM_056774678.1	A	g11813.t1	A
rna-XM_056775192.1	A	g5620.t1	A
rna-XM_056775886.1	A	g5619.t1	A
rna-XM_056774775.1	A	g12169.t1	A
rna-XM_056774776.1	A	g11713.t2	A
rna-XM_056775099.1	A	g11716.t1	A
rna-XM_056775098.1	A	g11863.t1	A
rna-XM_056775236.1	A	g6692.t2	A
rna-XM_056775237.1	A	g6583.t1	A
rna-XM_056774886.1	A	g6695.t1	A
rna-XM_056775795.1	A	g11927.t1	A
rna-XM_056775796.1	A	g11961.t1	A
rna-XM_056775800.1	A	g13714.t1	A
rna-XM_056775802.1	A	g11682.t1	A
rna-XM_056774891.1	A	g5554.t1	A
rna-XM_056774889.1	A	g9295.t1	A
rna-XM_056774890.1	A	g9260.t1	A
rna-XM_056774529.1	A	g9297.t3	A
rna-XM_056775471.1	A	g166.t1	A
rna-XM_056775473.1	A	g164.t1	A
rna-XM_056775255.1	A	g1745.t1	A
rna-XM_056775166.1	A	g157.t2	A
rna-XM_056775163.1	A	g8209.t1	A
rna-XM_056774920.1	A	g155.t1	A
rna-XM_056775628.1	A	g154.t1	A
rna-XM_056774948.1	A	g153.t1	A
rna-XM_056774860.1	A	g152.t1	A
rna-XM_056775262.1	A	g151.t1	A
rna-XM_056775970.1	A	g149.t2	A
rna-XM_056775972.1	A	g8060.t1	A
rna-XM_056775978.1	A	g2590.t1	A
rna-XM_056775982.1	A	g2652.t1	A
rna-XM_056775986.1	A	g2653.t1	A
rna-XM_056775989.1	A	g11928.t1	A
rna-XM_056775990.1	A	g11929.t1	A
rna-XM_056775992.1	A	g12855.t1	A
rna-XM_056775994.1	A	g12858.t1	A
rna-XM_056775999.1	A	g8515.t1	A
rna-XM_056775998.1	A	g9130.t1	A
rna-XM_056776000.1	A	g11525.t1	A
rna-XM_056776007.1	A	g9080.t1	A
rna-XM_056776005.1	A	g9150.t4	A
rna-XM_056776008.1	A	g5861.t1	A
rna-XM_056776010.1	A	g4405.t1	A
rna-XM_056776012.1	A	g9046.t1	A
rna-XM_056776013.1	A	g9047.t1	A
rna-XM_056776015.1	A	g9048.t1	A
rna-XM_056776022.1	A	g10251.t1	A
rna-XM_056776018.1	A	g10252.t1	A
rna-XM_056776023.1	A	g10255.t1	A
rna-XM_056775044.1	A	g3184.t2	A
rna-XM_056775045.1	A	g10253.t1	A
rna-XM_056775173.1	A	g12764.t1	A
rna-XM_056775321.1	A	g10620.t1	A
rna-XM_056774887.1	A	g7544.t1	A
rna-XM_056774473.1	A	g4572.t1	A
rna-XM_056774300.1	A	g10633.t1	A
rna-XM_056774303.1	A	g10634.t1	A
rna-XM_056775436.1	A	g4573.t2	A
rna-XM_056774934.1	A	g4574.t1	A
rna-XM_056775372.1	A	g4575.t2	A
rna-XM_056776033.1	A	g4568.t1	A
rna-XM_056776036.1	A	g4569.t1	A
rna-XM_056776034.1	A	g4567.t1	A
rna-XM_056774429.1	A	g4566.t1	A
rna-XM_056775203.1	A	g5958.t1	A
rna-XM_056774439.1	A	g4565.t1	A
rna-XM_056774864.1	A	g4676.t1	A
rna-XM_056775479.1	A	g4675.t1	A
rna-XM_056776215.1	A	g4674.t1	A
rna-XM_056774754.1	A	g4673.t1	A
rna-XM_056774962.1	A	g14654.t1	A
rna-XM_056775433.1	A	g4672.t1	A
rna-XM_056774968.1	A	g5166.t1	A
rna-XM_056775601.1	A	g5162.t1	A
rna-XM_056775604.1	A	g5165.t1	A
rna-XM_056775605.1	A	g5163.t1	A
rna-XM_056775157.1	A	g4779.t1	A
rna-XM_056775160.1	A	g12360.t1	A
rna-XM_056775158.1	A	g4842.t1	A
rna-XM_056775161.1	A	g4761.t1	A
rna-XM_056775606.1	A	g4853.t1	A
rna-XM_056774885.1	A	g4841.t1	A
rna-XM_056775742.1	A	g4840.t1	A
rna-XM_056774549.1	A	g4839.t2	A
rna-XM_056774561.1	A	g1221.t1	A
rna-XM_056774542.1	A	g3502.t3	A
rna-XM_056774564.1	A	g3501.t1	A
rna-XM_056774569.1	A	g7540.t1	A
rna-XM_056774589.1	A	g7539.t1	A
rna-XM_056774587.1	A	g7538.t1	A
rna-XM_056774591.1	A	g7537.t1	A
rna-XM_056774590.1	A	g13020.t1	A
rna-XM_056774593.1	A	g3518.t1	A
rna-XM_056774594.1	A	g3517.t1	A
rna-XM_056774595.1	A	g8094.t1	A
rna-XM_056774596.1	A	g8098.t1	A
rna-XM_056774597.1	A	g2324.t1	A
rna-XM_056774600.1	A	g13022.t1	A
rna-XM_056774601.1	A	g13122.t1	A
rna-XM_056774602.1	A	g4714.t1	A
rna-XM_056774606.1	A	g8360.t1	A
rna-XM_056774607.1	A	g9601.t1	A
rna-XM_056774609.1	A	g9616.t1	A
rna-XM_056774610.1	A	g5190.t1	A
rna-XM_056774611.1	A	g9572.t1	A
rna-XM_056774613.1	A	g9574.t1	A
rna-XM_056774612.1	A	g9605.t1	A
rna-XM_056774614.1	A	g9606.t1	A
rna-XM_056774616.1	A	g9607.t1	A
rna-XM_056774618.1	A	g9608.t1	A
rna-XM_056774624.1	A	g9610.t1	A
rna-XM_056774627.1	A	g9611.t1	A
rna-XM_056774622.1	A	g9612.t1	A
rna-XM_056774625.1	A	g9600.t1	A
rna-XM_056774631.1	A	g7500.t1	A
rna-XM_056774633.1	A	g9598.t1	A
rna-XM_056774636.1	A	g9599.t1	A
rna-XM_056774637.1	A	g7499.t1	A
rna-XM_056774639.1	A	g7498.t1	A
rna-XM_056774645.1	A	g9580.t1	A
rna-XM_056775483.1	A	g9581.t1	A
rna-XM_056774640.1	A	g9583.t1	A
rna-XM_056775485.1	A	g9584.t1	A
rna-XM_056775486.1	A	g9585.t1	A
rna-XM_056775493.1	A	g9590.t1	A
rna-XM_056774649.1	A	g9595.t2	A
rna-XM_056774650.1	A	g9596.t1	A
rna-XM_056774654.1	A	g9148.t2	A
rna-XM_056774657.1	A	g9571.t1	A
rna-XM_056774665.1	A	g9602.t1	A
rna-XM_056774667.1	A	g9569.t1	A
rna-XM_056774285.1	A	g7822.t2	A
rna-XM_056776146.1	A	g8250.t1	A
rna-XM_056776148.1	A	g1103.t1	A
rna-XM_056776145.1	A	g8326.t1	A
rna-XM_056775244.1	A	g7722.t1	A
rna-XM_056776340.1	A	g8251.t1	A
rna-XM_056774673.1	A	g4831.t1	A
rna-XM_056774677.1	A	g1746.t1	A
rna-XM_056775029.1	A	g4832.t1	A
rna-XM_056774916.1	A	g4835.t1	A
rna-XM_056774757.1	A	g4836.t2	A
rna-XM_056775808.1	A	g3510.t1	A
rna-XM_056775811.1	A	g3511.t1	A
rna-XM_056775812.1	A	g4662.t1	A
rna-XM_056775814.1	A	g7941.t1	A
rna-XM_056775813.1	A	g4663.t2	A
rna-XM_056775815.1	A	g4664.t1	A
rna-XM_056775818.1	A	g4665.t1	A
rna-XM_056775822.1	A	g4666.t1	A
rna-XM_056775824.1	A	g4667.t1	A
rna-XM_056775823.1	A	g8269.t1	A
rna-XM_056775826.1	A	g4671.t1	A
rna-XM_056775847.1	A	g1245.t1	A
rna-XM_056775853.1	A	g1246.t1	A
rna-XM_056775857.1	A	g1248.t1	A
rna-XM_056775854.1	A	g1249.t1	A
rna-XM_056775503.1	A	g1253.t1	A
rna-XM_056775859.1	A	g7828.t1	A
rna-XM_056776071.1	A	g3689.t1	A
rna-XM_056776074.1	A	g1132.t1	A
rna-XM_056774287.1	A	g7829.t1	A
rna-XM_056775505.1	A	g7830.t2	A
rna-XM_056774841.1	A	g8426.t1	A
rna-XM_056774843.1	A	g8425.t1	A
rna-XM_056775180.1	A	g710.t1	A
rna-XM_056775182.1	A	g13514.t1	A
rna-XM_056775013.1	A	g13515.t1	A
rna-XM_056774806.1	A	g13516.t1	A
rna-XM_056775383.1	A	g13518.t2	A
rna-XM_056775385.1	A	g13520.t1	A
rna-XM_056775611.1	A	g13053.t2	A
rna-XM_056774368.1	A	g5033.t1	A
rna-XM_056774370.1	A	g5032.t1	A
rna-XM_056775508.1	A	g5030.t1	A
rna-XM_056775740.1	A	g7319.t2	A
rna-XM_056775724.1	A	g7318.t2	A
rna-XM_056776177.1	A	g9576.t1	A
rna-XM_056776176.1	A	g10632.t1	A
rna-XM_056776191.1	A	g4115.t1	A
rna-XM_056776188.1	A	g13557.t1	A
rna-XM_056775920.1	A	g13299.t1	A
rna-XM_056775919.1	A	g2886.t1	X
rna-XM_056775917.1	A	g13300.t1	A
rna-XM_056774694.1	A	g14181.t1	A
rna-XM_056774697.1	A	g5514.t1	A
rna-XM_056774702.1	A	g5513.t1	A
rna-XM_056775749.1	A	g13017.t3	A
rna-XM_056775748.1	A	g13018.t2	A
rna-XM_056774905.1	A	g3519.t1	A
rna-XM_056775510.1	A	g3520.t1	A
rna-XM_056774737.1	A	g3521.t1	A
rna-XM_056774739.1	A	g3532.t1	A
rna-XM_056774738.1	A	g3531.t1	A
rna-XM_056774896.1	A	g12032.t1	A
rna-XM_056776331.1	A	g3530.t1	A
rna-XM_056776334.1	A	g7336.t1	A
rna-XM_056775345.1	A	g7554.t1	A
rna-XM_056774784.1	A	g7553.t1	A
rna-XM_056775355.1	A	g7547.t1	A
rna-XM_056775199.1	A	g10294.t1	A
rna-XM_056774691.1	A	g2311.t1	A
rna-XM_056774693.1	A	g7782.t2	A
rna-XM_056774306.1	A	g7725.t5	A
rna-XM_056775660.1	A	g8167.t1	A
rna-XM_056775514.1	A	g1073.t1	A
rna-XM_056774876.1	A	g14722.t1	A
rna-XM_056775515.1	A	g13331.t1	A
rna-XM_056774335.1	A	g548.t2	A
rna-XM_056774336.1	A	g3818.t1	A
rna-XM_056774339.1	A	g9155.t1	A
rna-XM_056774342.1	A	g9156.t1	A
rna-XM_056774341.1	A	g9157.t1	A
rna-XM_056774344.1	A	g3817.t1	A
rna-XM_056774343.1	A	g7592.t1	A
rna-XM_056776226.1	A	g10840.t1	A
rna-XM_056776228.1	A	g5674.t1	A
rna-XM_056776229.1	A	g3837.t1	A
rna-XM_056776230.1	A	g5550.t1	A
rna-XM_056776227.1	A	g11677.t1	A
rna-XM_056775898.1	A	g11676.t1	A
rna-XM_056775900.1	A	g11674.t1	A
rna-XM_056775899.1	A	g11717.t1	A
rna-XM_056775903.1	A	g9176.t1	A
rna-XM_056775905.1	A	g5642.t1	A
rna-XM_056775531.1	A	g1122.t2	A
rna-XM_056774742.1	A	g11678.t1	A
rna-XM_056775241.1	A	g5681.t1	A
rna-XM_056775242.1	A	g11815.t1	A
rna-XM_056776098.1	A	g13889.t1	A
rna-XM_056776101.1	A	g4609.t1	A
rna-XM_056776103.1	A	g4366.t2	A
rna-XM_056776102.1	A	g4370.t1	A
rna-XM_056775197.1	A	g4372.t2	A
rna-XM_056774969.1	A	g4373.t1	A
rna-XM_056775520.1	A	g4374.t1	A
rna-XM_056774348.1	A	g7207.t1	A
rna-XM_056774347.1	A	g14258.t1	A
rna-XM_056774282.1	A	g14257.t1	A
rna-XM_056774275.1	A	g14256.t1	A
rna-XM_056775043.1	A	g559.t1	A
rna-XM_056775035.1	A	g5109.t1	A
rna-XM_056775170.1	A	g10243.t1	A
rna-XM_056775004.1	A	g7647.t1	A
rna-XM_056775006.1	A	g12843.t2	A
rna-XM_056775001.1	A	g4032.t1	A
rna-XM_056775010.1	A	g6463.t1	A
rna-XM_056775008.1	A	g5057.t1	A
rna-XM_056775011.1	A	g1082.t1	A
rna-XM_056775913.1	A	g13079.t1	A
rna-XM_056775911.1	A	g1075.t1	A
rna-XM_056775915.1	A	g13055.t1	A
rna-XM_056775916.1	A	g13056.t1	A
rna-XM_056775283.1	A	g13057.t1	A
rna-XM_056775284.1	A	g13059.t1	A
rna-XM_056775276.1	A	g6026.t1	A
rna-XM_056775277.1	A	g5737.t1	A
rna-XM_056774733.1	A	g13304.t1	A
rna-XM_056775413.1	A	g13303.t1	A
rna-XM_056775414.1	A	g13302.t1	A
rna-XM_056775522.1	A	g13301.t1	A
rna-XM_056775124.1	A	g14180.t1	A
rna-XM_056775129.1	A	g14179.t1	A
rna-XM_056775126.1	A	g14178.t1	A
rna-XM_056775127.1	A	g14177.t2	A
rna-XM_056775523.1	A	g14176.t1	A
rna-XM_056775130.1	A	g3540.t1	A
rna-XM_056775363.1	A	g3539.t1	A
rna-XM_056775629.1	A	g1126.t1	A
rna-XM_056775632.1	A	g1154.t1	A
rna-XM_056775631.1	A	g1153.t1	A
rna-XM_056775633.1	A	g1152.t1	A
rna-XM_056775640.1	A	g1151.t2	A
rna-XM_056775610.1	A	g1150.t1	A
rna-XM_056775659.1	A	g1145.t1	A
rna-XM_056775368.1	A	g1143.t3	A
rna-XM_056775245.1	A	g1142.t2	A
rna-XM_056775526.1	A	g1141.t1	A
rna-XM_056775888.1	A	g1136.t2	A
rna-XM_056775889.1	A	g1134.t1	A
rna-XM_056775894.1	A	g806.t1	A
rna-XM_056775895.1	A	g1133.t1	A
rna-XM_056775896.1	A	g807.t1	A
rna-XM_056776278.1	A	g780.t1	A
rna-XM_056774746.1	A	g811.t1	A
rna-XM_056775183.1	A	g787.t1	A
rna-XM_056774897.1	A	g816.t1	A
rna-XM_056775333.1	A	g5041.t1	A
rna-XM_056774822.1	A	g5040.t1	A
rna-XM_056774844.1	A	g13553.t1	A
rna-XM_056775426.1	A	g13556.t2	A
rna-XM_056776156.1	A	g1046.t1	A
rna-XM_056776157.1	A	g5006.t1	A
rna-XM_056775661.1	A	g5005.t1	A
rna-XM_056775668.1	A	g10688.t1	A
rna-XM_056775669.1	A	g4491.t1	A
rna-XM_056775672.1	A	g4493.t1	A
rna-XM_056775674.1	A	g4489.t1	A
rna-XM_056775676.1	A	g4498.t1	A
rna-XM_056775677.1	A	g4999.t2	A
rna-XM_056775678.1	A	g5000.t1	A
rna-XM_056774854.1	A	g5004.t1	A
rna-XM_056775353.1	A	g4642.t1	A
rna-XM_056775658.1	A	g7047.t1	A
rna-XM_056775234.1	A	g4644.t1	A
rna-XM_056776231.1	A	g4640.t1	A
rna-XM_056774726.1	A	g4639.t2	A
rna-XM_056775095.1	A	g4638.t1	A
rna-XM_056774756.1	A	g4637.t1	A
rna-XM_056775278.1	A	g4542.t1	A
rna-XM_056774986.1	A	g4541.t1	A
rna-XM_056775874.1	A	g13529.t1	A
rna-XM_056775879.1	A	g13526.t1	A
rna-XM_056775882.1	A	g4189.t1	A
rna-XM_056775884.1	A	g13530.t1	A
rna-XM_056775150.1	A	g12982.t1	A
rna-XM_056775317.1	A	g5063.t1	A
rna-XM_056775375.1	A	g13097.t1	A
rna-XM_056775287.1	A	g2525.t1	A
rna-XM_056774766.1	A	g6592.t1	A
rna-XM_056774781.1	A	g1011.t1	A
rna-XM_056774783.1	A	g3536.t1	A
rna-XM_056774464.1	A	g5059.t1	A
rna-XM_056774463.1	A	g5060.t1	A
rna-XM_056775141.1	A	g13026.t1	A
rna-XM_056775711.1	A	g2522.t1	A
rna-XM_056775714.1	A	g9432.t1	A
rna-XM_056775713.1	A	g6031.t1	A
rna-XM_056775654.1	A	g6029.t1	A
rna-XM_056776144.1	A	g6028.t1	A
rna-XM_056776140.1	A	g6027.t1	A
rna-XM_056774928.1	A	g6033.t1	A
rna-XM_056774851.1	A	g10324.t1	A
rna-XM_056775031.1	A	g8876.t1	A
rna-XM_056774292.1	A	g9224.t1	A
rna-XM_056774291.1	A	g9235.t1	A
rna-XM_056774298.1	A	g3364.t1	A
rna-XM_056774299.1	A	g8879.t1	A
rna-XM_056775016.1	A	g8878.t2	A
rna-XM_056775228.1	A	g8880.t1	A
rna-XM_056775539.1	A	g8881.t1	A
rna-XM_056775266.1	A	g8883.t1	A
rna-XM_056775268.1	A	g8884.t1	A
rna-XM_056774753.1	A	g13888.t1	A
rna-XM_056775697.1	A	g5011.t1	A
rna-XM_056775698.1	A	g5009.t1	A
rna-XM_056775405.1	A	g13673.t1	A
rna-XM_056775401.1	A	g461.t6	A
rna-XM_056775399.1	A	g9870.t1	A
rna-XM_056775657.1	A	g12805.t2	A
rna-XM_056775229.1	A	g3414.t3	A
rna-XM_056775231.1	A	g6779.t1	A
rna-XM_056774794.1	A	g5743.t1	A
rna-XM_056774795.1	A	g9291.t1	A
rna-XM_056774932.1	A	g4527.t1	A
rna-XM_056774946.1	A	g3185.t1	A
rna-XM_056774834.1	A	g14391.t1	A
rna-XM_056774465.1	A	g8539.t1	A
rna-XM_056774748.1	A	g10309.t1	A
rna-XM_056775541.1	A	g12808.t1	A
rna-XM_056776330.1	A	g12809.t1	A
rna-XM_056774749.1	A	g3879.t1	A
rna-XM_056775122.1	A	g13665.t1	A
rna-XM_056774430.1	A	g2657.t1	A
rna-XM_056774432.1	A	g10310.t1	A
rna-XM_056774434.1	A	g5736.t1	A
rna-XM_056774847.1	A	g6889.t1	A
rna-XM_056774921.1	A	g14832.t1	A
rna-XM_056774922.1	A	g2591.t1	A
rna-XM_056776234.1	A	g9173.t3	A
rna-XM_056776233.1	A	g12643.t1	A
rna-XM_056775119.1	A	g10771.t1	A
rna-XM_056775332.1	A	g11621.t1	A
rna-XM_056775715.1	A	g11617.t1	A
rna-XM_056775208.1	A	g11615.t1	A
rna-XM_056775380.1	A	g1273.t1	A
rna-XM_056775114.1	A	g1965.t1	A
rna-XM_056775282.1	A	g9213.t1	A
rna-XM_056776030.1	A	g4303.t1	A
rna-XM_056775425.1	A	g13493.t1	A
rna-XM_056774947.1	A	g8870.t1	A
rna-XM_056775545.1	A	g888.t1	A
rna-XM_056776214.1	A	g11400.t1	A
rna-XM_056776197.1	A	g10315.t3	A
rna-XM_056776213.1	A	g5919.t1	A
rna-XM_056776277.1	A	g5571.t1	A
rna-XM_056774902.1	A	g11554.t1	A
rna-XM_056774999.1	A	g12248.t1	A
rna-XM_056775316.1	A	g12249.t1	A
rna-XM_056775207.1	A	g12250.t1	A
rna-XM_056774510.1	A	g8840.t10	A
rna-XM_056774835.1	A	g8841.t1	A
rna-XM_056775546.1	A	g14684.t1	A
rna-XM_056775136.1	A	g12884.t1	A
rna-XM_056775135.1	A	g12885.t1	A
rna-XM_056776313.1	A	g1826.t1	A
rna-XM_056774426.1	A	g7570.t1	A
rna-XM_056774428.1	A	g9559.t1	A
rna-XM_056774427.1	A	g14310.t1	A
rna-XM_056775322.1	A	g14312.t1	A
rna-XM_056775707.1	A	g14314.t1	A
rna-XM_056775547.1	A	g14307.t1	A
rna-XM_056775598.1	A	g6515.t1	A
rna-XM_056775620.1	A	g6619.t1	A
rna-XM_056775624.1	A	g6517.t1	A
rna-XM_056775623.1	A	g6621.t1	A
rna-XM_056775622.1	A	g2438.t1	A
rna-XM_056775621.1	A	g9553.t1	A
rna-XM_056775548.1	A	g3056.t1	A
rna-XM_056775550.1	A	g3055.t1	A
rna-XM_056776161.1	A	g13230.t1	A
rna-XM_056774520.1	A	g11004.t2	A
rna-XM_056775552.1	A	g11622.t1	A
rna-XM_056774261.1	A	g7010.t1	A
rna-XM_056774260.1	A	g7009.t1	A
rna-XM_056774257.1	A	g4760.t1	A
rna-XM_056774259.1	A	g6110.t2	A
rna-XM_056774755.1	A	g9056.t1	A
rna-XM_056774481.1	A	g10479.t1	A
rna-XM_056774484.1	A	g10993.t1	A
rna-XM_056775785.1	A	g9650.t1	A
rna-XM_056775786.1	A	g14472.t1	A
rna-XM_056775788.1	A	g964.t1	A
rna-XM_056774917.1	A	g3304.t1	A
rna-XM_056775554.1	A	g11806.t1	A
rna-XM_056774450.1	A	g470.t1	A
rna-XM_056774449.1	A	g395.t1	A
rna-XM_056774448.1	A	g2118.t1	A
rna-XM_056776115.1	A	g2038.t1	A
rna-XM_056774346.1	A	g3218.t1	A
rna-XM_056774345.1	A	g3216.t1	A
rna-XM_056775614.1	A	g2232.t1	A
rna-XM_056775613.1	A	g2233.t1	A
rna-XM_056775030.1	A	g5072.t1	A
rna-XM_056775215.1	A	g11469.t2	A
rna-XM_056774367.1	A	g12303.t1	A
rna-XM_056775908.1	A	g7740.t1	A
rna-XM_056775909.1	A	g2432.t2	A
rna-XM_056775906.1	A	g7219.t1	A
rna-XM_056775556.1	A	g7217.t1	A
rna-XM_056775395.1	A	g7410.t1	A
rna-XM_056775394.1	A	g2435.t1	A
rna-XM_056774707.1	A	g13605.t1	A
rna-XM_056774708.1	A	g13604.t1	A
rna-XM_056774858.1	A	g12919.t2	A
rna-XM_056775110.1	A	g9329.t1	A
rna-XM_056775873.1	A	g3809.t3	A
rna-XM_056776321.1	A	g12829.t1	A
rna-XM_056775186.1	A	g9554.t1	A
rna-XM_056775188.1	A	g9344.t1	A
rna-XM_056775187.1	A	g9328.t1	A
rna-XM_056775691.1	A	g9335.t2	A
rna-XM_056775683.1	A	g10684.t1	A
rna-XM_056775684.1	A	g10333.t1	A
rna-XM_056775682.1	A	g6311.t1	A
rna-XM_056775688.1	A	g11886.t2	A
rna-XM_056775225.1	A	g13072.t4	A
rna-XM_056774849.1	A	g10034.t1	A
rna-XM_056775558.1	A	g9463.t1	A
rna-XM_056775223.1	A	g2278.t1	A
rna-XM_056775221.1	A	g2277.t1	A
rna-XM_056774537.1	A	g11662.t1	A
rna-XM_056774536.1	A	g9501.t1	A
rna-XM_056775559.1	A	g9502.t1	A
rna-XM_056776239.1	A	g9480.t1	A
rna-XM_056775560.1	A	g9505.t1	A
rna-XM_056774953.1	A	g13611.t1	A
rna-XM_056775397.1	A	g9465.t1	A
rna-XM_056775396.1	A	g13492.t1	A
rna-XM_056776150.1	A	g4690.t2	A
rna-XM_056776152.1	A	g3665.t1	A
rna-XM_056776151.1	A	g9476.t1	A
rna-XM_056776154.1	A	g9479.t1	A
rna-XM_056775865.1	A	g9659.t1	A
rna-XM_056775860.1	A	g13491.t2	A
rna-XM_056775863.1	A	g7473.t1	X
rna-XM_056775866.1	A	g13490.t1	A
rna-XM_056775864.1	A	g13489.t1	A
rna-XM_056776162.1	A	g6611.t1	A
rna-XM_056776164.1	A	g4283.t1	A
rna-XM_056775151.1	A	g6610.t1	A
rna-XM_056774998.1	A	g4286.t1	A
rna-XM_056775561.1	A	g3802.t1	A
rna-XM_056775378.1	A	g13089.t1	A
rna-XM_056776165.1	A	g4927.t2	A
rna-XM_056775563.1	A	g3930.t1	A
rna-XM_056774797.1	A	g3696.t1	A
rna-XM_056775265.1	A	g14448.t1	A
rna-XM_056776240.1	A	g13186.t1	A
rna-XM_056776242.1	A	g14484.t1	A
rna-XM_056776247.1	A	g13187.t1	A
rna-XM_056776244.1	A	g3662.t2	A
rna-XM_056776246.1	A	g12650.t1	A
rna-XM_056776249.1	A	g13231.t1	A
rna-XM_056776042.1	A	g12653.t1	A
rna-XM_056776046.1	A	g12652.t1	A
rna-XM_056776043.1	A	g12655.t1	A
rna-XM_056776038.1	A	g12651.t2	A
rna-XM_056775293.1	A	g2694.t1	A
rna-XM_056775354.1	A	g12812.t1	A
rna-XM_056774524.1	A	g12768.t1	A
rna-XM_056774527.1	A	g7563.t1	A
rna-XM_056774526.1	A	g7564.t1	A
rna-XM_056775100.1	A	g12746.t1	A
rna-XM_056774469.1	A	g12767.t1	A
rna-XM_056774470.1	A	g6615.t1	A
rna-XM_056775079.1	A	g6507.t2	A
rna-XM_056775435.1	A	g6613.t1	A
rna-XM_056775388.1	A	g10962.t1	A
rna-XM_056774413.1	A	g6609.t2	A
rna-XM_056776306.1	A	g13259.t2	A
rna-XM_056776307.1	A	g13256.t2	A
rna-XM_056776308.1	A	g3801.t1	A
rna-XM_056776312.1	A	g10532.t1	A
rna-XM_056776310.1	A	g13488.t1	A
rna-XM_056775145.1	A	g2613.t1	A
rna-XM_056774955.1	A	g10908.t1	A
rna-XM_056775567.1	A	g580.t1	A
rna-XM_056776294.1	A	g12755.t1	A
rna-XM_056776297.1	A	g12753.t1	A
rna-XM_056774760.1	A	g13290.t1	A
rna-XM_056776029.1	A	g12840.t1	A
rna-XM_056776028.1	A	g12701.t1	A
rna-XM_056776027.1	A	g13291.t1	A
rna-XM_056776090.1	A	g12839.t1	A
rna-XM_056776092.1	A	g12838.t1	A
rna-XM_056776095.1	A	g12731.t1	A
rna-XM_056776094.1	A	g12730.t1	A
rna-XM_056774741.1	A	g4928.t1	A
rna-XM_056774740.1	A	g4929.t1	A
rna-XM_056774846.1	A	g11553.t1	A
rna-XM_056775373.1	A	g11006.t2	A
rna-XM_056775121.1	A	g11005.t1	A
rna-XM_056774732.1	A	g4170.t1	A
rna-XM_056774850.1	A	g4906.t1	A
rna-XM_056775434.1	A	g12824.t2	A
rna-XM_056775645.1	A	g12825.t2	A
rna-XM_056774436.1	A	g11592.t1	A
rna-XM_056774437.1	A	g11590.t1	A
rna-XM_056775699.1	A	g4111.t1	A
rna-XM_056775704.1	A	g4112.t1	A
rna-XM_056775701.1	A	g12564.t1	A
rna-XM_056775702.1	A	g2674.t1	A
rna-XM_056775703.1	A	g2673.t1	A
rna-XM_056776302.1	A	g4923.t1	A
rna-XM_056776300.1	A	g4922.t1	A
rna-XM_056774362.1	A	g10569.t1	A
rna-XM_056774961.1	A	g2675.t1	A
rna-XM_056775652.1	A	g4089.t1	A
rna-XM_056775653.1	A	g4109.t1	A
rna-XM_056774987.1	A	g4088.t1	A
rna-XM_056774787.1	A	g4087.t1	A
rna-XM_056775569.1	A	g4085.t3	A
rna-XM_056774788.1	A	g4084.t2	A
rna-XM_056775419.1	A	g4079.t1	A
rna-XM_056775420.1	A	g4080.t1	A
rna-XM_056775655.1	A	g4078.t2	A
rna-XM_056775306.1	A	g4074.t2	A
rna-XM_056775307.1	A	g1102.t1	A
rna-XM_056775311.1	A	g11593.t1	A
rna-XM_056775313.1	A	g4073.t2	A
rna-XM_056775017.1	A	g13294.t1	A
rna-XM_056775024.1	A	g13295.t1	A
rna-XM_056774956.1	A	g12693.t1	A
rna-XM_056774958.1	A	g12692.t1	A
rna-XM_056774960.1	A	g12694.t1	A
rna-XM_056774918.1	A	g12698.t1	A
rna-XM_056775216.1	A	g12699.t1	A
rna-XM_056776089.1	A	g12689.t1	A
rna-XM_056776083.1	A	g12690.t2	A
rna-XM_056776080.1	A	g4933.t2	A
rna-XM_056776087.1	A	g4932.t1	A
rna-XM_056774926.1	A	g12673.t1	A
rna-XM_056775571.1	A	g12675.t1	A
rna-XM_056776303.1	A	g12676.t1	A
rna-XM_056776305.1	A	g12677.t1	A
rna-XM_056776304.1	A	g12678.t1	A
rna-XM_056775573.1	A	g2582.t1	A
rna-XM_056775238.1	A	g12679.t1	A
rna-XM_056775574.1	A	g12680.t1	A
rna-XM_056775575.1	A	g12681.t1	A
rna-XM_056774331.1	A	g12684.t1	A
rna-XM_056775576.1	A	g12683.t1	A
rna-XM_056775582.1	A	g12682.t2	A
rna-XM_056775577.1	A	g4900.t1	A
rna-XM_056776137.1	A	g4909.t2	A
rna-XM_056776136.1	A	g4908.t1	A
rna-XM_056776139.1	A	g4910.t1	A
rna-XM_056776133.1	A	g2685.t1	A
rna-XM_056775328.1	A	g2684.t1	A
rna-XM_056775581.1	A	g2680.t1	A
rna-XM_056774408.1	A	g2678.t2	A
rna-XM_056775346.1	A	g2677.t1	A
rna-XM_056775348.1	A	g2676.t1	A
rna-XM_056775153.1	A	g4092.t1	A
rna-XM_056775155.1	A	g4093.t1	A
rna-XM_056775156.1	A	g4094.t1	A
rna-XM_056775389.1	A	g4096.t1	A
rna-XM_056774863.1	A	g4097.t1	A
rna-XM_056774966.1	A	g10592.t1	A
rna-XM_056775148.1	A	g10593.t2	A
rna-XM_056774717.1	A	g10589.t2	A
rna-XM_056774719.1	A	g10590.t1	A
rna-XM_056774716.1	A	g10588.t1	A
rna-XM_056774714.1	A	g12811.t2	A
rna-XM_056774715.1	A	g10587.t1	A
rna-XM_056774713.1	A	g10586.t1	A
rna-XM_056774720.1	A	g10585.t1	A
rna-XM_056774721.1	A	g10568.t1	A
rna-XM_056774669.1	A	g4920.t1	A
rna-XM_056775626.1	A	g4917.t1	A
rna-XM_056775627.1	A	g12389.t1	A
rna-XM_056776574.1	A	g2509.t1	A
rna-XM_056776575.1	A	g2508.t1	A
rna-XM_056776578.1	A	g2506.t1	A
rna-XM_056776576.1	A	g2505.t1	A
rna-XM_056777080.1	A	g11320.t1	A
rna-XM_056777782.1	A	g11318.t1	A
rna-XM_056777706.1	A	g13753.t1	A
rna-XM_056777052.1	A	g10906.t1	A
rna-XM_056776739.1	A	g7711.t1	A
rna-XM_056777112.1	A	g7713.t1	A
rna-XM_056777261.1	A	g6256.t1	A
rna-XM_056776722.1	A	g6253.t1	A
rna-XM_056776720.1	A	g6255.t1	A
rna-XM_056776719.1	A	g6254.t1	A
rna-XM_056777337.1	A	g6252.t1	A
rna-XM_056777581.1	A	g6250.t1	A
rna-XM_056777586.1	A	g6249.t1	A
rna-XM_056778416.1	A	g7114.t2	A
rna-XM_056777744.1	A	g7058.t1	A
rna-XM_056777739.1	A	g7129.t1	A
rna-XM_056777746.1	A	g7124.t1	A
rna-XM_056777748.1	A	g6422.t1	A
rna-XM_056777689.1	A	g6421.t1	A
rna-XM_056777370.1	A	g6420.t1	A
rna-XM_056777338.1	A	g6414.t2	A
rna-XM_056777342.1	A	g6412.t1	A
rna-XM_056778291.1	A	g4558.t1	A
rna-XM_056778290.1	A	g7057.t1	A
rna-XM_056778297.1	A	g6408.t1	A
rna-XM_056778299.1	A	g6409.t2	A
rna-XM_056778296.1	A	g11129.t1	A
rna-XM_056776860.1	A	g13983.t1	A
rna-XM_056777265.1	A	g4768.t1	A
rna-XM_056777268.1	A	g13981.t1	A
rna-XM_056777267.1	A	g918.t1	A
rna-XM_056777045.1	A	g13982.t1	A
rna-XM_056777346.1	A	g14120.t1	A
rna-XM_056776933.1	A	g5591.t1	A
rna-XM_056778148.1	A	g13397.t1	A
rna-XM_056778160.1	A	g13399.t1	A
rna-XM_056778157.1	A	g13403.t1	A
rna-XM_056778163.1	A	g13402.t1	A
rna-XM_056778164.1	A	g13204.t1	A
rna-XM_056778165.1	A	g8221.t1	A
rna-XM_056778169.1	A	g8224.t1	A
rna-XM_056778170.1	A	g11131.t1	A
rna-XM_056778173.1	A	g11130.t1	A
rna-XM_056778176.1	A	g13984.t1	A
rna-XM_056777347.1	A	g4523.t2	A
rna-XM_056777348.1	A	g13991.t1	A
rna-XM_056777349.1	A	g13992.t1	A
rna-XM_056778180.1	A	g13998.t4	A
rna-XM_056778179.1	A	g2373.t2	A
rna-XM_056778183.1	A	g14001.t1	A
rna-XM_056778186.1	A	g3624.t1	A
rna-XM_056778188.1	A	g13997.t1	A
rna-XM_056778195.1	A	g13996.t1	A
rna-XM_056778192.1	A	g13995.t1	A
rna-XM_056778197.1	A	g460.t1	A
rna-XM_056778198.1	A	g13999.t2	A
rna-XM_056778207.1	A	g13994.t1	A
rna-XM_056778206.1	A	g9656.t1	A
rna-XM_056778200.1	A	g8340.t1	A
rna-XM_056778210.1	A	g8339.t1	A
rna-XM_056778211.1	A	g6015.t1	A
rna-XM_056778212.1	A	g9119.t1	A
rna-XM_056778213.1	A	g12096.t1	A
rna-XM_056778214.1	A	g12095.t1	A
rna-XM_056778217.1	A	g2503.t1	A
rna-XM_056778227.1	A	g12094.t1	A
rna-XM_056777353.1	A	g7093.t1	A
rna-XM_056778228.1	A	g7087.t1	A
rna-XM_056778230.1	A	g5103.t1	A
rna-XM_056778229.1	A	g7064.t1	A
rna-XM_056778231.1	A	g7115.t1	A
rna-XM_056778234.1	A	g7063.t2	A
rna-XM_056778232.1	A	g11299.t1	A
rna-XM_056778239.1	A	g11300.t1	A
rna-XM_056778240.1	A	g8227.t1	A
rna-XM_056778244.1	A	g4934.t1	A
rna-XM_056778245.1	A	g11388.t1	A
rna-XM_056778249.1	A	g11134.t1	A
rna-XM_056778247.1	A	g14000.t1	A
rna-XM_056778250.1	A	g11135.t1	A
rna-XM_056778252.1	A	g11132.t1	A
rna-XM_056778262.1	A	g11281.t1	A
rna-XM_056778273.1	A	g11282.t5	A
rna-XM_056778276.1	A	g11283.t1	A
rna-XM_056778277.1	A	g6820.t1	A
rna-XM_056778280.1	A	g11279.t1	A
rna-XM_056778278.1	A	g11278.t1	A
rna-XM_056778281.1	A	g11276.t1	A
rna-XM_056778284.1	A	g11277.t1	A
rna-XM_056778300.1	A	g11268.t1	A
rna-XM_056777354.1	A	g11267.t1	A
rna-XM_056778288.1	A	g11266.t1	A
rna-XM_056778303.1	A	g11265.t1	A
rna-XM_056778310.1	A	g11263.t1	A
rna-XM_056778313.1	A	g12211.t2	A
rna-XM_056778316.1	A	g12212.t1	A
rna-XM_056777093.1	A	g12213.t1	A
rna-XM_056776891.1	A	g11285.t1	A
rna-XM_056777165.1	A	g11289.t1	A
rna-XM_056777164.1	A	g11290.t1	A
rna-XM_056777015.1	A	g4780.t2	A
rna-XM_056777014.1	A	g12863.t1	A
rna-XM_056777596.1	A	g10610.t1	A
rna-XM_056776430.1	A	g621.t1	A
rna-XM_056776892.1	A	g622.t1	A
rna-XM_056776877.1	A	g1179.t1	A
rna-XM_056777690.1	A	g1178.t1	A
rna-XM_056776938.1	A	g931.t1	A
rna-XM_056776437.1	A	g934.t1	A
rna-XM_056778399.1	A	g924.t1	A
rna-XM_056778398.1	A	g7970.t1	A
rna-XM_056777039.1	A	g13754.t1	A
rna-XM_056777040.1	A	g7535.t1	A
rna-XM_056777042.1	A	g13755.t1	A
rna-XM_056777295.1	A	g13759.t2	A
rna-XM_056777371.1	A	g12209.t1	A
rna-XM_056777862.1	A	g11860.t1	A
rna-XM_056777863.1	A	g2099.t2	A
rna-XM_056777864.1	A	g12210.t2	A
rna-XM_056777483.1	A	g11297.t1	A
rna-XM_056776370.1	A	g11294.t1	A
rna-XM_056776669.1	A	g11293.t1	A
rna-XM_056776670.1	A	g13712.t1	A
rna-XM_056776667.1	A	g11964.t1	A
rna-XM_056776668.1	A	g14742.t1	A
rna-XM_056777170.1	A	g4099.t1	A
rna-XM_056777377.1	A	g8975.t1	A
rna-XM_056777012.1	A	g8976.t1	A
rna-XM_056777008.1	A	g8970.t1	A
rna-XM_056777378.1	A	g8971.t1	A
rna-XM_056777010.1	A	g8972.t1	A
rna-XM_056777007.1	A	g12630.t1	A
rna-XM_056776909.1	A	g8973.t1	A
rna-XM_056777379.1	A	g11920.t1	A
rna-XM_056777019.1	A	g7166.t1	A
rna-XM_056776718.1	A	g9259.t1	A
rna-XM_056777811.1	A	g8819.t1	A
rna-XM_056777818.1	A	g9258.t1	A
rna-XM_056778357.1	A	g14093.t2	A
rna-XM_056778360.1	A	g9024.t1	A
rna-XM_056776866.1	A	g12174.t1	A
rna-XM_056776894.1	A	g12173.t1	A
rna-XM_056777723.1	A	g12091.t1	A
rna-XM_056776905.1	A	g12015.t2	A
rna-XM_056776907.1	A	g12013.t1	A
rna-XM_056777070.1	A	g8921.t1	A
rna-XM_056777381.1	A	g8922.t1	A
rna-XM_056777382.1	A	g8924.t1	A
rna-XM_056777383.1	A	g8926.t1	A
rna-XM_056777385.1	A	g8928.t1	A
rna-XM_056776482.1	A	g8929.t1	A
rna-XM_056776485.1	A	g1022.t1	A
rna-XM_056777456.1	A	g11835.t1	A
rna-XM_056776753.1	A	g8485.t1	A
rna-XM_056777056.1	A	g8569.t1	A
rna-XM_056777053.1	A	g8568.t1	A
rna-XM_056776749.1	A	g8912.t1	A
rna-XM_056776982.1	A	g8909.t1	A
rna-XM_056776983.1	A	g8969.t1	A
rna-XM_056776984.1	A	g4100.t1	A
rna-XM_056777415.1	A	g635.t1	A
rna-XM_056777411.1	A	g8053.t1	A
rna-XM_056777033.1	A	g7787.t1	A
rna-XM_056776593.1	A	g7788.t1	A
rna-XM_056777657.1	A	g8293.t1	A
rna-XM_056777082.1	A	g12823.t1	A
rna-XM_056776657.1	A	g13954.t2	A
rna-XM_056776442.1	A	g13938.t1	A
rna-XM_056777702.1	A	g8296.t1	A
rna-XM_056777659.1	A	g8295.t1	A
rna-XM_056776648.1	A	g9921.t2	A
rna-XM_056776528.1	A	g8297.t1	A
rna-XM_056777700.1	A	g8057.t1	A
rna-XM_056777701.1	A	g8056.t1	A
rna-XM_056777642.1	A	g10801.t1	A
rna-XM_056776890.1	A	g8054.t1	A
rna-XM_056777209.1	A	g8055.t1	A
rna-XM_056777404.1	A	g2410.t1	A
rna-XM_056777402.1	A	g10695.t1	A
rna-XM_056777231.1	A	g6201.t1	A
rna-XM_056777180.1	A	g11842.t1	A
rna-XM_056776433.1	A	g12220.t1	A
rna-XM_056776436.1	A	g5105.t1	A
rna-XM_056776354.1	A	g11846.t1	A
rna-XM_056776375.1	A	g8557.t2	A
rna-XM_056776377.1	A	g11847.t1	A
rna-XM_056776385.1	A	g12171.t1	A
rna-XM_056776387.1	A	g12170.t1	A
rna-XM_056776388.1	A	g11868.t2	A
rna-XM_056776391.1	A	g9029.t1	A
rna-XM_056776400.1	A	g9028.t1	A
rna-XM_056776398.1	A	g9027.t2	A
rna-XM_056776401.1	A	g9026.t1	A
rna-XM_056776402.1	A	g1807.t1	A
rna-XM_056776403.1	A	g1808.t1	A
rna-XM_056776406.1	A	g11686.t1	A
rna-XM_056776404.1	A	g3169.t1	A
rna-XM_056777479.1	A	g8977.t1	A
rna-XM_056777552.1	A	g12036.t1	A
rna-XM_056776426.1	A	g12033.t1	A
rna-XM_056778318.1	A	g7682.t1	A
rna-XM_056778323.1	A	g8249.t1	A
rna-XM_056776561.1	A	g3448.t1	A
rna-XM_056776563.1	A	g1776.t1	A
rna-XM_056776544.1	A	g12191.t4	A
rna-XM_056776564.1	A	g12192.t1	A
rna-XM_056776545.1	A	g12193.t1	A
rna-XM_056776559.1	A	g11684.t1	A
rna-XM_056776553.1	A	g8681.t1	A
rna-XM_056776568.1	A	g9136.t2	A
rna-XM_056776569.1	A	g11979.t1	A
rna-XM_056776573.1	A	g8685.t1	A
rna-XM_056776572.1	A	g8686.t1	A
rna-XM_056776615.1	A	g8683.t2	A
rna-XM_056776616.1	A	g11986.t1	A
rna-XM_056777101.1	A	g12016.t1	A
rna-XM_056776959.1	A	g12030.t2	A
rna-XM_056776962.1	A	g12029.t1	A
rna-XM_056776625.1	A	g11177.t1	A
rna-XM_056777420.1	A	g10953.t1	A
rna-XM_056777569.1	A	g3650.t1	A
rna-XM_056776937.1	A	g3704.t2	A
rna-XM_056776886.1	A	g3593.t2	A
rna-XM_056777281.1	A	g3594.t1	A
rna-XM_056776901.1	A	g3595.t1	A
rna-XM_056777027.1	A	g12769.t1	A
rna-XM_056777220.1	A	g12766.t1	A
rna-XM_056777393.1	A	g6740.t1	A
rna-XM_056777394.1	A	g7074.t1	A
rna-XM_056776429.1	A	g7043.t1	A
rna-XM_056777091.1	A	g7041.t1	A
rna-XM_056777119.1	A	g7040.t1	A
rna-XM_056777157.1	A	g7039.t1	A
rna-XM_056777323.1	A	g6625.t1	A
rna-XM_056776969.1	A	g6627.t1	A
rna-XM_056776964.1	A	g4885.t1	A
rna-XM_056776968.1	A	g4887.t1	A
rna-XM_056776971.1	A	g4886.t1	A
rna-XM_056777029.1	A	g4179.t1	A
rna-XM_056776975.1	A	g2227.t1	A
rna-XM_056776976.1	A	g5909.t1	A
rna-XM_056777805.1	A	g4261.t1	A
rna-XM_056777176.1	A	g6104.t1	A
rna-XM_056777249.1	A	g12053.t1	A
rna-XM_056778404.1	A	g4440.t1	A
rna-XM_056777236.1	A	g1006.t2	A
rna-XM_056777233.1	A	g1007.t2	A
rna-XM_056778351.1	A	g5977.t1	A
rna-XM_056777409.1	A	g5377.t1	A
rna-XM_056777428.1	A	g9004.t1	A
rna-XM_056777437.1	A	g8995.t1	A
rna-XM_056776767.1	A	g8897.t1	A
rna-XM_056777004.1	A	g8899.t2	A
rna-XM_056776599.1	A	g8903.t1	A
rna-XM_056776737.1	A	g8905.t1	A
rna-XM_056776507.1	A	g8907.t1	A
rna-XM_056776510.1	A	g3666.t1	A
rna-XM_056776512.1	A	g4209.t1	A
rna-XM_056776939.1	A	g3691.t1	A
rna-XM_056776940.1	A	g3692.t1	A
rna-XM_056777722.1	A	g3688.t1	A
rna-XM_056777461.1	A	g2940.t1	A
rna-XM_056777578.1	A	g3684.t1	A
rna-XM_056776674.1	A	g3681.t1	A
rna-XM_056777610.1	A	g3678.t1	A
rna-XM_056777389.1	A	g3673.t1	A
rna-XM_056776734.1	A	g3669.t3	A
rna-XM_056777066.1	A	g3668.t1	A
rna-XM_056777718.1	A	g1259.t1	A
rna-XM_056778389.1	A	g10733.t1	A
rna-XM_056778347.1	A	g10088.t1	A
rna-XM_056778348.1	A	g2384.t1	A
rna-XM_056778349.1	A	g4615.t1	A
rna-XM_056777356.1	A	g4614.t1	A
rna-XM_056777357.1	A	g4613.t1	A
rna-XM_056777367.1	A	g9738.t1	A
rna-XM_056777368.1	A	g4610.t1	A
rna-XM_056777668.1	A	g1324.t1	A
rna-XM_056778350.1	A	g4312.t1	A
rna-XM_056777560.1	A	g9737.t1	A
rna-XM_056776898.1	A	g2386.t1	A
rna-XM_056778030.1	A	g1001.t2	A
rna-XM_056778031.1	A	g10705.t1	A
rna-XM_056776592.1	A	g12202.t1	A
rna-XM_056776852.1	A	g6127.t2	A
rna-XM_056777546.1	A	g14352.t1	A
rna-XM_056777172.1	A	g4243.t2	A
rna-XM_056777047.1	A	g6121.t1	A
rna-XM_056777450.1	A	g9195.t1	A
rna-XM_056776671.1	A	g9194.t1	A
rna-XM_056776672.1	A	g9193.t2	A
rna-XM_056776456.1	A	g666.t1	A
rna-XM_056776457.1	A	g667.t1	A
rna-XM_056777263.1	A	g5862.t1	A
rna-XM_056777264.1	A	g5863.t1	A
rna-XM_056776678.1	A	g5864.t1	A
rna-XM_056776681.1	A	g6114.t1	A
rna-XM_056776682.1	A	g4224.t1	A
rna-XM_056776684.1	A	g9062.t1	A
rna-XM_056776683.1	A	g9063.t1	A
rna-XM_056776689.1	A	g9201.t1	A
rna-XM_056776690.1	A	g5838.t1	A
rna-XM_056776691.1	A	g5986.t1	A
rna-XM_056776692.1	A	g6115.t1	A
rna-XM_056776693.1	A	g6116.t1	A
rna-XM_056776695.1	A	g6120.t1	A
rna-XM_056776694.1	A	g4200.t1	A
rna-XM_056776700.1	A	g4216.t1	A
rna-XM_056776704.1	A	g7946.t2	A
rna-XM_056776706.1	A	g7944.t2	A
rna-XM_056777574.1	A	g7945.t1	A
rna-XM_056777576.1	A	g4076.t1	A
rna-XM_056776710.1	A	g7942.t1	A
rna-XM_056777310.1	A	g7728.t1	A
rna-XM_056777311.1	A	g8083.t1	A
rna-XM_056777312.1	A	g7719.t1	A
rna-XM_056777313.1	A	g7720.t1	A
rna-XM_056777316.1	A	g10800.t1	A
rna-XM_056777318.1	A	g7721.t2	A
rna-XM_056777320.1	A	g8099.t1	A
rna-XM_056777322.1	A	g4163.t1	A
rna-XM_056777580.1	A	g3858.t1	A
rna-XM_056776876.1	A	g4150.t1	A
rna-XM_056776874.1	A	g4148.t1	A
rna-XM_056777877.1	A	g9906.t1	A
rna-XM_056776600.1	A	g4147.t1	A
rna-XM_056777290.1	A	g4146.t1	A
rna-XM_056777453.1	A	g4145.t1	A
rna-XM_056777163.1	A	g6159.t1	A
rna-XM_056776580.1	A	g7991.t1	A
rna-XM_056776582.1	A	g3345.t1	A
rna-XM_056777635.1	A	g9314.t1	A
rna-XM_056778333.1	A	g13988.t1	A
rna-XM_056778335.1	A	g5954.t1	A
rna-XM_056778331.1	A	g884.t1	A
rna-XM_056778385.1	A	g5985.t1	A
rna-XM_056778370.1	A	g5982.t1	A
rna-XM_056778384.1	A	g5983.t2	A
rna-XM_056776650.1	A	g10133.t1	A
rna-XM_056776656.1	A	g10130.t1	A
rna-XM_056777105.1	A	g10157.t1	A
rna-XM_056778409.1	A	g10166.t1	A
rna-XM_056778410.1	A	g10134.t2	A
rna-XM_056777650.1	A	g437.t1	A
rna-XM_056777651.1	A	g436.t1	A
rna-XM_056777653.1	A	g435.t1	A
rna-XM_056777654.1	A	g9983.t1	A
rna-XM_056777655.1	A	g9675.t1	A
rna-XM_056776359.1	A	g10140.t2	A
rna-XM_056776360.1	A	g10139.t1	A
rna-XM_056776362.1	A	g12990.t1	A
rna-XM_056777715.1	A	g10138.t1	A
rna-XM_056777888.1	A	g4250.t1	A
rna-XM_056777716.1	A	g6251.t1	A
rna-XM_056777071.1	A	g9853.t1	A
rna-XM_056776903.1	A	g9485.t1	A
rna-XM_056776865.1	A	g13608.t1	A
rna-XM_056777485.1	A	g13607.t1	A
rna-XM_056777613.1	A	g13547.t1	A
rna-XM_056777030.1	A	g1366.t1	A
rna-XM_056777587.1	A	g1365.t1	A
rna-XM_056777852.1	A	g14806.t1	A
rna-XM_056777851.1	A	g14807.t4	A
rna-XM_056777846.1	A	g10188.t1	A
rna-XM_056777855.1	A	g11448.t2	A
rna-XM_056777192.1	A	g819.t1	A
rna-XM_056777191.1	A	g13337.t1	A
rna-XM_056777190.1	A	g4260.t1	A
rna-XM_056778089.1	A	g4265.t1	A
rna-XM_056778094.1	A	g11188.t2	A
rna-XM_056777633.1	A	g10956.t1	A
rna-XM_056776916.1	A	g11186.t1	A
rna-XM_056776918.1	A	g10955.t2	A
rna-XM_056777245.1	A	g8027.t1	A
rna-XM_056777246.1	A	g8029.t1	A
rna-XM_056776516.1	A	g11167.t1	A
rna-XM_056776521.1	A	g3644.t1	A
rna-XM_056776520.1	A	g11450.t1	A
rna-XM_056776514.1	A	g11451.t1	A
rna-XM_056776517.1	A	g5062.t2	A
rna-XM_056776519.1	A	g11452.t1	A
rna-XM_056777660.1	A	g11453.t1	A
rna-XM_056777727.1	A	g2215.t1	A
rna-XM_056777728.1	A	g2216.t1	A
rna-XM_056777889.1	A	g1005.t1	A
rna-XM_056777729.1	A	g11456.t1	A
rna-XM_056777677.1	A	g11458.t1	A
rna-XM_056777801.1	A	g2220.t1	A
rna-XM_056777804.1	A	g2222.t1	A
rna-XM_056777800.1	A	g2223.t1	A
rna-XM_056776908.1	A	g11176.t1	A
rna-XM_056777673.1	A	g11175.t1	A
rna-XM_056777672.1	A	g10958.t1	A
rna-XM_056777570.1	A	g10957.t4	A
rna-XM_056777890.1	A	g1819.t1	A
rna-XM_056778013.1	A	g9362.t1	A
rna-XM_056778016.1	A	g8036.t1	A
rna-XM_056777965.1	A	g8037.t1	A
rna-XM_056777969.1	A	g8038.t1	A
rna-XM_056778001.1	A	g8039.t2	A
rna-XM_056778021.1	A	g3742.t1	A
rna-XM_056777968.1	A	g3743.t1	A
rna-XM_056778012.1	A	g7676.t1	A
rna-XM_056778020.1	A	g7677.t1	A
rna-XM_056778022.1	A	g4935.t1	A
rna-XM_056777966.1	A	g7674.t1	A
rna-XM_056778026.1	A	g8248.t1	A
rna-XM_056778029.1	A	g74.t1	A
rna-XM_056777967.1	A	g9279.t1	A
rna-XM_056777998.1	A	g8246.t1	A
rna-XM_056778023.1	A	g989.t1	A
rna-XM_056778003.1	A	g11447.t1	A
rna-XM_056778000.1	A	g10187.t1	A
rna-XM_056777962.1	A	g9674.t1	A
rna-XM_056778011.1	A	g7976.t1	A
rna-XM_056777989.1	A	g9852.t1	A
rna-XM_056777986.1	A	g439.t2	A
rna-XM_056777970.1	A	g438.t1	A
rna-XM_056777991.1	A	g9855.t1	A
rna-XM_056778018.1	A	g9854.t1	A
rna-XM_056777895.1	A	g6335.t1	A
rna-XM_056777896.1	A	g6336.t1	A
rna-XM_056776979.1	A	g10112.t1	A
rna-XM_056776353.1	A	g14039.t1	A
rna-XM_056776673.1	A	g14036.t1	A
rna-XM_056777057.1	A	g62.t1	A
rna-XM_056777079.1	A	g14341.t2	A
rna-XM_056777897.1	A	g59.t1	A
rna-XM_056777842.1	A	g57.t1	A
rna-XM_056777843.1	A	g56.t1	A
rna-XM_056777840.1	A	g14336.t1	A
rna-XM_056777837.1	A	g14333.t1	A
rna-XM_056777289.1	A	g14335.t1	A
rna-XM_056776424.1	A	g14326.t1	A
rna-XM_056776423.1	A	g8193.t1	A
rna-XM_056776425.1	A	g10174.t2	A
rna-XM_056776419.1	A	g9685.t1	A
rna-XM_056777088.1	A	g13945.t2	A
rna-XM_056777423.1	A	g10372.t1	A
rna-XM_056777755.1	A	g9867.t1	A
rna-XM_056777757.1	A	g9860.t1	A
rna-XM_056777756.1	A	g9866.t1	A
rna-XM_056777758.1	A	g9859.t1	A
rna-XM_056777759.1	A	g9858.t1	A
rna-XM_056777761.1	A	g10223.t1	A
rna-XM_056777760.1	A	g10224.t1	A
rna-XM_056777458.1	A	g10225.t1	A
rna-XM_056777259.1	A	g8573.t1	A
rna-XM_056777622.1	A	g10227.t1	A
rna-XM_056777717.1	A	g10856.t1	A
rna-XM_056777798.1	A	g14124.t1	A
rna-XM_056776993.1	A	g13943.t1	A
rna-XM_056776992.1	A	g5767.t1	A
rna-XM_056776995.1	A	g14126.t2	A
rna-XM_056776994.1	A	g14127.t1	A
rna-XM_056777898.1	A	g14128.t2	A
rna-XM_056777735.1	A	g10154.t1	A
rna-XM_056776496.1	A	g10151.t1	A
rna-XM_056776487.1	A	g10150.t1	A
rna-XM_056776950.1	A	g10149.t1	A
rna-XM_056777199.1	A	g10147.t1	A
rna-XM_056777845.1	A	g6967.t1	A
rna-XM_056777196.1	A	g6303.t1	A
rna-XM_056777168.1	A	g6196.t1	A
rna-XM_056776543.1	A	g6195.t1	A
rna-XM_056776531.1	A	g6194.t1	A
rna-XM_056777203.1	A	g842.t1	A
rna-XM_056776770.1	A	g5705.t1	A
rna-XM_056776769.1	A	g1370.t1	A
rna-XM_056777773.1	A	g1373.t1	A
rna-XM_056777771.1	A	g6333.t1	A
rna-XM_056777772.1	A	g6161.t1	A
rna-XM_056777775.1	A	g6160.t2	A
rna-XM_056777258.1	A	g6652.t2	A
rna-XM_056777567.1	A	g6651.t1	A
rna-XM_056777568.1	A	g6547.t1	A
rna-XM_056776922.1	A	g6148.t1	A
rna-XM_056776928.1	A	g6650.t1	A
rna-XM_056777156.1	A	g6147.t1	A
rna-XM_056777594.1	A	g3396.t1	A
rna-XM_056777593.1	A	g6760.t1	A
rna-XM_056776631.1	A	g6167.t1	A
rna-XM_056776632.1	A	g6163.t1	A
rna-XM_056777902.1	A	g6164.t1	A
rna-XM_056776629.1	A	g6165.t1	A
rna-XM_056776630.1	A	g5956.t1	A
rna-XM_056777615.1	A	g6166.t1	A
rna-XM_056777616.1	A	g6162.t1	A
rna-XM_056777617.1	A	g6170.t1	A
rna-XM_056777769.1	A	g6171.t1	A
rna-XM_056777763.1	A	g6213.t1	A
rna-XM_056777764.1	A	g6258.t1	A
rna-XM_056777770.1	A	g6259.t1	A
rna-XM_056777303.1	A	g6830.t1	A
rna-XM_056776614.1	A	g6257.t2	A
rna-XM_056777662.1	A	g6260.t1	A
rna-XM_056777664.1	A	g6832.t1	A
rna-XM_056777663.1	A	g5778.t1	A
rna-XM_056777904.1	A	g5780.t2	A
rna-XM_056776452.1	A	g5777.t1	A
rna-XM_056776451.1	A	g5866.t1	A
rna-XM_056776454.1	A	g5865.t1	A
rna-XM_056777046.1	A	g5784.t1	A
rna-XM_056777551.1	A	g5783.t1	A
rna-XM_056777049.1	A	g5870.t1	A
rna-XM_056776757.1	A	g6214.t4	A
rna-XM_056777468.1	A	g5876.t1	A
rna-XM_056777345.1	A	g5875.t1	A
rna-XM_056776478.1	A	g5874.t1	A
rna-XM_056776480.1	A	g5872.t1	A
rna-XM_056776363.1	A	g6242.t1	A
rna-XM_056776364.1	A	g5867.t1	A
rna-XM_056776365.1	A	g5871.t1	A
rna-XM_056776525.1	A	g6215.t1	A
rna-XM_056776526.1	A	g6216.t1	A
rna-XM_056776527.1	A	g9454.t1	A
rna-XM_056777478.1	A	g6176.t1	A
rna-XM_056776996.1	A	g5884.t1	A
rna-XM_056776999.1	A	g5883.t1	A
rna-XM_056777464.1	A	g6233.t1	A
rna-XM_056777466.1	A	g6231.t1	A
rna-XM_056776884.1	A	g6236.t1	A
rna-XM_056777749.1	A	g6237.t1	A
rna-XM_056777627.1	A	g6238.t1	A
rna-XM_056777667.1	A	g6241.t1	A
rna-XM_056777645.1	A	g6989.t1	A
rna-XM_056777643.1	A	g6990.t1	A
rna-XM_056777463.1	A	g5782.t1	A
rna-XM_056776590.1	A	g6987.t1	A
rna-XM_056776486.1	A	g6986.t1	A
rna-XM_056777240.1	A	g6984.t1	A
rna-XM_056777095.1	A	g6304.t2	A
rna-XM_056777090.1	A	g3112.t1	A
rna-XM_056777909.1	A	g7007.t1	A
rna-XM_056777788.1	A	g5781.t2	A
rna-XM_056777792.1	A	g5868.t1	A
rna-XM_056777794.1	A	g5869.t1	A
rna-XM_056777910.1	A	g6223.t1	A
rna-XM_056778361.1	A	g11072.t1	A
rna-XM_056777270.1	A	g11403.t1	A
rna-XM_056777656.1	A	g11401.t1	A
rna-XM_056776524.1	A	g5657.t2	A
rna-XM_056776522.1	A	g8092.t1	A
rna-XM_056777708.1	A	g7974.t2	A
rna-XM_056777912.1	A	g7978.t1	A
rna-XM_056777913.1	A	g6688.t1	A
rna-XM_056776986.1	A	g5336.t1	A
rna-XM_056776455.1	A	g10025.t1	A
rna-XM_056777305.1	A	g6720.t1	A
rna-XM_056777914.1	A	g6721.t1	A
rna-XM_056777916.1	A	g6722.t1	A
rna-XM_056777606.1	A	g12418.t1	A
rna-XM_056777058.1	A	g2039.t1	A
rna-XM_056776620.1	A	g2083.t1	A
rna-XM_056776624.1	A	g4355.t1	A
rna-XM_056776899.1	A	g6963.t1	A
rna-XM_056777158.1	A	g6964.t1	A
rna-XM_056776981.1	A	g6965.t1	A
rna-XM_056776460.1	A	g6966.t1	A
rna-XM_056777865.1	A	g9654.t1	A
rna-XM_056777212.1	A	g500.t1	A
rna-XM_056777215.1	A	g503.t1	A
rna-XM_056778396.1	A	g502.t1	A
rna-XM_056777481.1	A	g501.t1	A
rna-XM_056777487.1	A	g276.t1	A
rna-XM_056777488.1	A	g277.t1	A
rna-XM_056777480.1	A	g278.t2	A
rna-XM_056776771.1	A	g279.t1	A
rna-XM_056776772.1	A	g280.t1	A
rna-XM_056777117.1	A	g10195.t1	A
rna-XM_056777470.1	A	g10200.t1	A
rna-XM_056777472.1	A	g10198.t1	A
rna-XM_056776873.1	A	g10197.t1	A
rna-XM_056776871.1	A	g10201.t1	A
rna-XM_056776750.1	A	g10175.t1	A
rna-XM_056777917.1	A	g10176.t1	A
rna-XM_056777703.1	A	g14812.t1	A
rna-XM_056777605.1	A	g14811.t1	A
rna-XM_056777823.1	A	g9857.t1	A
rna-XM_056777918.1	A	g9856.t1	A
rna-XM_056777825.1	A	g66.t1	A
rna-XM_056777822.1	A	g10000.t1	A
rna-XM_056777828.1	A	g67.t1	A
rna-XM_056777829.1	A	g10012.t1	A
rna-XM_056777116.1	A	g9653.t1	A
rna-XM_056777396.1	A	g4460.t2	A
rna-XM_056777098.1	A	g6040.t1	A
rna-XM_056777184.1	A	g10402.t1	A
rna-XM_056777186.1	A	g3700.t1	A
rna-XM_056776930.1	A	g6056.t1	A
rna-XM_056776501.1	A	g4439.t1	A
rna-XM_056776584.1	A	g6078.t1	A
rna-XM_056777920.1	A	g5106.t1	A
rna-XM_056776904.1	A	g6082.t1	A
rna-XM_056777731.1	A	g4937.t1	A
rna-XM_056777732.1	A	g14558.t1	A
rna-XM_056777922.1	A	g498.t1	A
rna-XM_056777733.1	A	g11090.t1	A
rna-XM_056777734.1	A	g11956.t2	A
rna-XM_056777685.1	A	g497.t2	A
rna-XM_056777200.1	A	g496.t1	A
rna-XM_056777201.1	A	g300.t1	A
rna-XM_056777430.1	A	g301.t1	A
rna-XM_056777925.1	A	g302.t1	A
rna-XM_056777637.1	A	g303.t1	A
rna-XM_056777681.1	A	g304.t1	A
rna-XM_056777496.1	A	g309.t1	A
rna-XM_056777499.1	A	g310.t3	A
rna-XM_056777505.1	A	g312.t1	A
rna-XM_056777507.1	A	g313.t1	A
rna-XM_056777508.1	A	g314.t1	A
rna-XM_056777509.1	A	g368.t1	A
rna-XM_056777513.1	A	g369.t1	A
rna-XM_056777521.1	A	g12419.t1	A
rna-XM_056777524.1	A	g2090.t1	A
rna-XM_056777526.1	A	g2091.t1	A
rna-XM_056777528.1	A	g2084.t1	A
rna-XM_056777529.1	A	g2087.t1	A
rna-XM_056777532.1	A	g2086.t1	A
rna-XM_056777530.1	A	g14800.t1	A
rna-XM_056777531.1	A	g14799.t1	A
rna-XM_056777534.1	A	g14732.t1	A
rna-XM_056777535.1	A	g14731.t1	A
rna-XM_056777537.1	A	g14730.t1	A
rna-XM_056777536.1	A	g14738.t1	A
rna-XM_056777539.1	A	g14776.t1	A
rna-XM_056777540.1	A	g14779.t1	A
rna-XM_056777542.1	A	g14777.t1	A
rna-XM_056777545.1	A	g14772.t2	A
rna-XM_056777244.1	A	g14764.t1	A
rna-XM_056777927.1	A	g14765.t1	A
rna-XM_056777611.1	A	g14766.t1	A
rna-XM_056777928.1	A	g14771.t1	A
rna-XM_056776861.1	A	g14770.t1	A
rna-XM_056776351.1	A	g13975.t1	A
rna-XM_056777102.1	A	g13365.t1	A
rna-XM_056777048.1	A	g991.t1	A
rna-XM_056777096.1	A	g13577.t1	A
rna-XM_056777097.1	A	g14216.t1	A
rna-XM_056778324.1	A	g466.t1	A
rna-XM_056778325.1	A	g614.t1	A
rna-XM_056778329.1	A	g613.t1	A
rna-XM_056778326.1	A	g9759.t1	A
rna-XM_056778328.1	A	g13842.t1	A
rna-XM_056777932.1	A	g8350.t1	A
rna-XM_056777687.1	A	g13587.t1	A
rna-XM_056777688.1	A	g13591.t1	A
rna-XM_056777279.1	A	g14848.t1	A
rna-XM_056777121.1	A	g13593.t1	A
rna-XM_056777134.1	A	g13414.t1	A
rna-XM_056777938.1	A	g13595.t1	A
rna-XM_056777131.1	A	g13369.t1	A
rna-XM_056777122.1	A	g6718.t1	A
rna-XM_056777126.1	A	g11731.t1	A
rna-XM_056777124.1	A	g13298.t1	A
rna-XM_056777130.1	A	g992.t2	A
rna-XM_056777129.1	A	g13415.t1	A
rna-XM_056777123.1	A	g14072.t1	A
rna-XM_056777136.1	A	g13413.t2	A
rna-XM_056777135.1	A	g13411.t2	A
rna-XM_056777138.1	A	g13410.t2	A
rna-XM_056777146.1	A	g13409.t1	A
rna-XM_056777142.1	A	g13408.t1	A
rna-XM_056777150.1	A	g13395.t1	A
rna-XM_056777143.1	A	g13396.t1	A
rna-XM_056777148.1	A	g13584.t1	A
rna-XM_056777153.1	A	g5047.t1	A
rna-XM_056777154.1	A	g5046.t1	A
rna-XM_056777155.1	A	g5045.t1	A
rna-XM_056776952.1	A	g7668.t1	A
rna-XM_056776658.1	A	g12956.t1	A
rna-XM_056776991.1	A	g12966.t1	A
rna-XM_056777590.1	A	g12997.t1	A
rna-XM_056777589.1	A	g12963.t1	A
rna-XM_056777939.1	A	g12987.t1	A
rna-XM_056777831.1	A	g12986.t1	A
rna-XM_056777832.1	A	g12985.t1	A
rna-XM_056777834.1	A	g12984.t2	A
rna-XM_056777836.1	A	g12965.t1	A
rna-XM_056777256.1	A	g12995.t1	A
rna-XM_056777253.1	A	g12994.t1	A
rna-XM_056778341.1	A	g263.t1	A
rna-XM_056778340.1	A	g504.t1	A
rna-XM_056778342.1	A	g287.t1	A
rna-XM_056778336.1	A	g288.t1	A
rna-XM_056776748.1	A	g289.t1	A
rna-XM_056777555.1	A	g7045.t1	A
rna-XM_056778096.1	A	g4501.t3	A
rna-XM_056778103.1	A	g10900.t1	A
rna-XM_056778104.1	A	g4036.t1	A
rna-XM_056778105.1	A	g13685.t1	A
rna-XM_056778106.1	A	g5122.t1	A
rna-XM_056778107.1	A	g13691.t1	A
rna-XM_056778110.1	A	g13010.t2	A
rna-XM_056778112.1	A	g3111.t1	A
rna-XM_056778111.1	A	g13652.t1	A
rna-XM_056778109.1	A	g13651.t1	A
rna-XM_056778113.1	A	g2131.t1	A
rna-XM_056778118.1	A	g2132.t10	A
rna-XM_056777944.1	A	g4304.t1	A
rna-XM_056778128.1	A	g4015.t1	A
rna-XM_056778133.1	A	g4017.t1	A
rna-XM_056778134.1	A	g13009.t1	A
rna-XM_056778137.1	A	g13006.t1	A
rna-XM_056778140.1	A	g13005.t2	A
rna-XM_056777945.1	A	g13004.t1	A
rna-XM_056778141.1	A	g13003.t1	A
rna-XM_056778142.1	A	g13001.t1	A
rna-XM_056778143.1	A	g12998.t1	A
rna-XM_056778144.1	A	g12999.t2	A
rna-XM_056777159.1	A	g9962.t1	A
rna-XM_056776662.1	A	g1378.t2	A
rna-XM_056777591.1	A	g10005.t1	A
rna-XM_056777866.1	A	g10004.t1	A
rna-XM_056777867.1	A	g1367.t1	A
rna-XM_056777869.1	A	g8946.t1	A
rna-XM_056777870.1	A	g264.t1	A
rna-XM_056777872.1	A	g358.t1	A
rna-XM_056777874.1	A	g507.t1	A
rna-XM_056777873.1	A	g1190.t1	A
rna-XM_056777876.1	A	g13503.t1	A
rna-XM_056777947.1	A	g13062.t1	A
rna-XM_056777195.1	A	g13065.t1	A
rna-XM_056776941.1	A	g13063.t3	A
rna-XM_056776660.1	A	g10003.t2	A
rna-XM_056777948.1	A	g10002.t1	A
rna-XM_056777032.1	A	g10001.t1	A
rna-XM_056776883.1	A	g10011.t1	A
rna-XM_056776447.1	A	g6755.t2	A
rna-XM_056777179.1	A	g10679.t1	A
rna-XM_056777099.1	A	g6756.t1	A
rna-XM_056777100.1	A	g6757.t1	A
rna-XM_056776869.1	A	g13456.t1	A
rna-XM_056777006.1	A	g6168.t1	A
rna-XM_056776896.1	A	g14003.t2	A
rna-XM_056777623.1	A	g4454.t1	A
rna-XM_056776417.1	A	g14071.t2	A
rna-XM_056777950.1	A	g4456.t1	A
rna-XM_056777951.1	A	g4455.t1	A
rna-XM_056777111.1	A	g10631.t1	A
rna-XM_056777280.1	A	g172.t1	A
rna-XM_056777647.1	A	g171.t1	A
rna-XM_056777952.1	A	g170.t1	A
rna-XM_056777482.1	A	g169.t1	A
rna-XM_056777273.1	A	g6374.t3	A
rna-XM_056777277.1	A	g6373.t1	A
rna-XM_056777181.1	A	g6701.t1	A
rna-XM_056777547.1	A	g4511.t1	A
rna-XM_056777548.1	A	g4513.t1	A
rna-XM_056777670.1	A	g6811.t1	A
rna-XM_056777671.1	A	g10269.t1	A
rna-XM_056776936.1	A	g14058.t2	A
rna-XM_056777026.1	A	g9736.t1	A
rna-XM_056777024.1	A	g14193.t2	A
rna-XM_056777022.1	A	g3513.t1	A
rna-XM_056777106.1	A	g14243.t1	A
rna-XM_056777387.1	A	g13658.t2	A
rna-XM_056777050.1	A	g146.t1	A
rna-XM_056777210.1	A	g145.t2	A
rna-XM_056777211.1	A	g14255.t1	A
rna-XM_056777441.1	A	g4687.t1	A
rna-XM_056777686.1	A	g4688.t1	A
rna-XM_056777697.1	A	g12733.t1	A
rna-XM_056777955.1	A	g4785.t1	A
rna-XM_056777089.1	A	g13986.t1	A
rna-XM_056777956.1	A	g4773.t1	A
rna-XM_056776847.1	A	g4588.t2	A
rna-XM_056776851.1	A	g4775.t1	A
rna-XM_056776849.1	A	g14.t1	A
rna-XM_056777724.1	A	g15.t1	A
rna-XM_056776773.1	A	g4309.t1	A
rna-XM_056776774.1	A	g4308.t1	A
rna-XM_056776775.1	A	g4306.t1	A
rna-XM_056776778.1	A	g4628.t1	A
rna-XM_056776782.1	A	g4623.t1	A
rna-XM_056776785.1	A	g9350.t1	A
rna-XM_056776788.1	A	g9351.t1	A
rna-XM_056776805.1	A	g9353.t1	A
rna-XM_056776799.1	A	g9354.t2	A
rna-XM_056776808.1	A	g14516.t1	A
rna-XM_056776806.1	A	g3315.t2	A
rna-XM_056776789.1	A	g4684.t2	A
rna-XM_056776798.1	A	g4805.t1	A
rna-XM_056776809.1	A	g4807.t1	A
rna-XM_056776840.1	A	g4685.t1	A
rna-XM_056776843.1	A	g4505.t1	A
rna-XM_056776844.1	A	g4507.t2	A
rna-XM_056776842.1	A	g9915.t1	A
rna-XM_056777592.1	A	g11857.t1	A
rna-XM_056777447.1	A	g11882.t1	A
rna-XM_056777449.1	A	g11861.t1	A
rna-XM_056777287.1	A	g14053.t1	A
rna-XM_056777288.1	A	g8782.t2	A
rna-XM_056777599.1	A	g9010.t1	A
rna-XM_056777600.1	A	g12235.t2	A
rna-XM_056777602.1	A	g12234.t1	A
rna-XM_056777958.1	A	g12906.t1	A
rna-XM_056776633.1	A	g12907.t1	A
rna-XM_056777959.1	A	g12908.t1	A
rna-XM_056777242.1	A	g4883.t1	A
rna-XM_056777243.1	A	g4884.t1	A
rna-XM_056777343.1	A	g12902.t2	A
rna-XM_056777331.1	A	g12904.t1	A
rna-XM_056777114.1	A	g12901.t1	A
rna-XM_056776867.1	A	g13961.t1	A
rna-XM_056778344.1	A	g1180.t1	A
rna-XM_056778343.1	A	g1067.t1	A
rna-XM_056777693.1	A	g1066.t1	A
rna-XM_056777960.1	A	g4066.t1	A
rna-XM_056776953.1	A	g9137.t2	A
rna-XM_056776977.1	A	g13885.t1	A
rna-XM_056776635.1	A	g91.t1	A
rna-XM_056776636.1	A	g94.t1	A
rna-XM_056777572.1	A	g13959.t1	A
rna-XM_056776958.1	A	g13958.t2	A
rna-XM_056776733.1	A	g13886.t1	A
rna-XM_056777115.1	A	g13532.t1	A
rna-XM_056776641.1	A	g5237.t1	A
rna-XM_056776640.1	A	g14026.t1	A
rna-XM_056776642.1	A	g8784.t1	A
rna-XM_056776644.1	A	g1062.t1	A
rna-XM_056777712.1	A	g5465.t1	A
rna-XM_056777714.1	A	g12156.t1	A
rna-XM_056777278.1	A	g10237.t1	A
rna-XM_056778040.1	A	g14857.t1	A
rna-XM_056778046.1	A	g14858.t1	A
rna-XM_056778043.1	A	g7958.t2	A
rna-XM_056778033.1	A	g7959.t1	A
rna-XM_056778047.1	A	g7955.t1	A
rna-XM_056778048.1	A	g7954.t2	A
rna-XM_056778049.1	A	g1097.t1	A
rna-XM_056778054.1	A	g1098.t1	A
rna-XM_056778053.1	A	g3738.t1	A
rna-XM_056778055.1	A	g6139.t1	A
rna-XM_056778060.1	A	g6128.t1	A
rna-XM_056778059.1	A	g6129.t1	A
rna-XM_056778063.1	A	g463.t1	A
rna-XM_056778061.1	A	g13421.t1	A
rna-XM_056778065.1	A	g9367.t1	A
rna-XM_056778066.1	A	g9360.t1	A
rna-XM_056778068.1	A	g9640.t1	A
rna-XM_056778075.1	A	g10982.t2	A
rna-XM_056778084.1	A	g10981.t1	A
rna-XM_056778082.1	A	g10980.t3	A
rna-XM_056778078.1	A	g12110.t1	A
rna-XM_056779151.1	A	g12660.t1	A
rna-XM_056779417.1	A	g10728.t1	A
rna-XM_056779420.1	A	g10729.t1	A
rna-XM_056778498.1	A	g10723.t1	A
rna-XM_056779327.1	A	g6125.t1	A
rna-XM_056778716.1	A	g6124.t1	A
rna-XM_056779058.1	A	g6122.t1	A
rna-XM_056779431.1	A	g5989.t2	A
rna-XM_056779432.1	A	g5988.t1	A
rna-XM_056779769.1	A	g4471.t1	A
rna-XM_056779770.1	A	g4472.t1	A
rna-XM_056779768.1	A	g4473.t1	A
rna-XM_056779776.1	A	g11663.t1	A
rna-XM_056779779.1	A	g4470.t1	A
rna-XM_056778461.1	A	g4468.t2	A
rna-XM_056778464.1	A	g4469.t1	A
rna-XM_056779045.1	A	g4474.t1	A
rna-XM_056779039.1	A	g4475.t1	A
rna-XM_056779038.1	A	g4476.t1	A
rna-XM_056779036.1	A	g4477.t1	A
rna-XM_056779433.1	A	g4478.t1	A
rna-XM_056779284.1	A	g4480.t1	A
rna-XM_056779463.1	A	g4481.t1	A
rna-XM_056779434.1	A	g4482.t1	A
rna-XM_056779279.1	A	g4483.t1	A
rna-XM_056778655.1	A	g10045.t1	A
rna-XM_056778652.1	A	g10048.t1	A
rna-XM_056778656.1	A	g136.t2	A
rna-XM_056778657.1	A	g135.t1	A
rna-XM_056779065.1	A	g134.t1	A
rna-XM_056779066.1	A	g133.t1	A
rna-XM_056779067.1	A	g139.t1	A
rna-XM_056779356.1	A	g14349.t1	A
rna-XM_056779720.1	A	g593.t1	A
rna-XM_056779722.1	A	g4561.t1	A
rna-XM_056779313.1	A	g441.t1	A
rna-XM_056779315.1	A	g520.t1	A
rna-XM_056779316.1	A	g10049.t1	A
rna-XM_056779794.1	A	g10257.t3	A
rna-XM_056779799.1	A	g9523.t1	A
rna-XM_056779806.1	A	g10258.t1	A
rna-XM_056779808.1	A	g10259.t2	A
rna-XM_056779339.1	A	g1275.t1	A
rna-XM_056778832.1	A	g132.t1	A
rna-XM_056778833.1	A	g14468.t2	A
rna-XM_056778834.1	A	g1270.t2	A
rna-XM_056779416.1	A	g1271.t1	A
rna-XM_056779568.1	A	g8230.t2	A
rna-XM_056778915.1	A	g8229.t1	A
rna-XM_056779446.1	A	g14566.t1	A
rna-XM_056779160.1	A	g7977.t1	A
rna-XM_056779894.1	A	g5834.t1	A
rna-XM_056779448.1	A	g8165.t1	A
rna-XM_056778917.1	A	g14610.t1	A
rna-XM_056779569.1	A	g8289.t1	A
rna-XM_056779572.1	A	g8290.t1	A
rna-XM_056779382.1	A	g14713.t1	A
rna-XM_056778965.1	A	g4107.t1	A
rna-XM_056779633.1	A	g5601.t1	A
rna-XM_056779634.1	A	g7271.t1	X
rna-XM_056779632.1	A	g11340.t1	A
rna-XM_056779457.1	A	g11341.t1	A
rna-XM_056779613.1	A	g11342.t1	A
rna-XM_056779635.1	A	g12340.t1	A
rna-XM_056779428.1	A	g12900.t1	A
rna-XM_056780025.1	A	g8894.t1	A
rna-XM_056780026.1	A	g9896.t1	A
rna-XM_056780027.1	A	g12897.t1	A
rna-XM_056779174.1	A	g12891.t1	A
rna-XM_056779458.1	A	g12892.t1	A
rna-XM_056779459.1	A	g1835.t1	A
rna-XM_056779027.1	A	g1836.t1	A
rna-XM_056778582.1	A	g1839.t3	A
rna-XM_056779552.1	A	g1832.t2	A
rna-XM_056779179.1	A	g1830.t1	A
rna-XM_056779652.1	A	g4931.t1	A
rna-XM_056779653.1	A	g12665.t1	A
rna-XM_056779654.1	A	g2698.t1	A
rna-XM_056779421.1	A	g14657.t1	A
rna-XM_056779422.1	A	g14643.t1	A
rna-XM_056779119.1	A	g14641.t1	A
rna-XM_056778938.1	A	g14645.t1	A
rna-XM_056779597.1	A	g2633.t1	A
rna-XM_056778893.1	A	g12726.t2	A
rna-XM_056778890.1	A	g1827.t2	A
rna-XM_056778896.1	A	g12886.t1	A
rna-XM_056778981.1	A	g12667.t1	A
rna-XM_056778431.1	A	g3085.t1	A
rna-XM_056778434.1	A	g3032.t1	A
rna-XM_056779464.1	A	g14503.t1	A
rna-XM_056779474.1	A	g4725.t2	A
rna-XM_056779465.1	A	g5181.t1	A
rna-XM_056779003.1	A	g4724.t1	A
rna-XM_056779005.1	A	g4719.t1	A
rna-XM_056779661.1	A	g4626.t1	A
rna-XM_056779660.1	A	g4625.t1	A
rna-XM_056778745.1	A	g4627.t2	A
rna-XM_056778480.1	A	g4630.t1	A
rna-XM_056779468.1	A	g3318.t1	A
rna-XM_056779469.1	A	g3317.t1	A
rna-XM_056778846.1	A	g10013.t1	A
rna-XM_056779257.1	A	g10014.t1	A
rna-XM_056779260.1	A	g2520.t1	A
rna-XM_056778495.1	A	g10015.t1	A
rna-XM_056779136.1	A	g10165.t1	A
rna-XM_056779126.1	A	g14815.t2	A
rna-XM_056778430.1	A	g10357.t1	A
rna-XM_056778423.1	A	g10358.t1	A
rna-XM_056779243.1	A	g9865.t1	A
rna-XM_056778736.1	A	g1380.t1	A
rna-XM_056778789.1	A	g1381.t1	A
rna-XM_056779076.1	A	g539.t3	A
rna-XM_056779078.1	A	g540.t1	A
rna-XM_056779265.1	A	g543.t1	A
rna-XM_056779475.1	A	g10179.t1	A
rna-XM_056778998.1	A	g10177.t1	A
rna-XM_056780043.1	A	g1343.t1	A
rna-XM_056779415.1	A	g10299.t1	A
rna-XM_056778478.1	A	g8204.t1	A
rna-XM_056778733.1	A	g8480.t1	A
rna-XM_056778831.1	A	g8482.t1	A
rna-XM_056779022.1	A	g9974.t2	A
rna-XM_056779020.1	A	g9970.t1	A
rna-XM_056778523.1	A	g10192.t1	A
rna-XM_056778528.1	A	g319.t2	A
rna-XM_056778529.1	A	g10193.t1	A
rna-XM_056778521.1	A	g248.t3	A
rna-XM_056778524.1	A	g72.t1	A
rna-XM_056779203.1	A	g65.t2	A
rna-XM_056779637.1	A	g6464.t1	A
rna-XM_056779636.1	A	g4315.t1	A
rna-XM_056779638.1	A	g9686.t1	A
rna-XM_056778806.1	A	g4235.t1	A
rna-XM_056779229.1	A	g14052.t1	A
rna-XM_056779889.1	A	g4110.t1	A
rna-XM_056779891.1	A	g5356.t1	A
rna-XM_056779892.1	A	g9403.t2	A
rna-XM_056779893.1	A	g13444.t2	A
rna-XM_056779890.1	A	g13330.t1	A
rna-XM_056779216.1	A	g14018.t1	A
rna-XM_056779217.1	A	g14019.t1	A
rna-XM_056778436.1	A	g10273.t1	A
rna-XM_056778438.1	A	g10271.t1	A
rna-XM_056778435.1	A	g10065.t1	A
rna-XM_056779012.1	A	g10064.t1	A
rna-XM_056778555.1	A	g10019.t1	A
rna-XM_056778559.1	A	g10063.t1	A
rna-XM_056778558.1	A	g10062.t1	A
rna-XM_056778667.1	A	g10060.t1	A
rna-XM_056779125.1	A	g10059.t1	A
rna-XM_056779611.1	A	g10261.t1	A
rna-XM_056779608.1	A	g10262.t2	A
rna-XM_056779612.1	A	g6566.t1	A
rna-XM_056779218.1	A	g10260.t2	A
rna-XM_056778979.1	A	g12691.t1	A
rna-XM_056779334.1	A	g9221.t1	A
rna-XM_056778616.1	A	g8535.t1	A
rna-XM_056779029.1	A	g450.t2	A
rna-XM_056779070.1	A	g4653.t1	A
rna-XM_056779783.1	A	g4649.t1	A
rna-XM_056779785.1	A	g4648.t1	A
rna-XM_056779016.1	A	g4645.t1	A
rna-XM_056779017.1	A	g10508.t2	A
rna-XM_056779018.1	A	g4158.t1	A
rna-XM_056779470.1	A	g4537.t2	A
rna-XM_056778952.1	A	g7831.t1	A
rna-XM_056778946.1	A	g13085.t2	A
rna-XM_056778953.1	A	g769.t1	A
rna-XM_056778950.1	A	g768.t1	A
rna-XM_056779904.1	A	g767.t2	A
rna-XM_056779906.1	A	g766.t2	A
rna-XM_056779905.1	A	g765.t1	A
rna-XM_056779911.1	A	g13540.t2	A
rna-XM_056779189.1	A	g749.t2	A
rna-XM_056779190.1	A	g750.t1	A
rna-XM_056779843.1	A	g13418.t2	A
rna-XM_056779842.1	A	g13420.t1	A
rna-XM_056778695.1	A	g5180.t1	A
rna-XM_056778694.1	A	g5179.t1	A
rna-XM_056778990.1	A	g14262.t1	A
rna-XM_056778819.1	A	g14263.t1	A
rna-XM_056778985.1	A	g14264.t1	A
rna-XM_056778489.1	A	g14265.t2	A
rna-XM_056779480.1	A	g8529.t1	A
rna-XM_056779010.1	A	g5572.t1	A
rna-XM_056779325.1	A	g726.t1	A
rna-XM_056779397.1	A	g3381.t2	A
rna-XM_056779393.1	A	g3380.t1	A
rna-XM_056779391.1	A	g9547.t1	A
rna-XM_056779793.1	A	g3379.t1	A
rna-XM_056779148.1	A	g3382.t1	A
rna-XM_056779482.1	A	g10544.t1	A
rna-XM_056779221.1	A	g9542.t1	A
rna-XM_056779267.1	A	g5110.t1	A
rna-XM_056779034.1	A	g5111.t1	A
rna-XM_056779161.1	A	g2203.t1	A
rna-XM_056778742.1	A	g3748.t1	A
rna-XM_056778739.1	A	g872.t1	A
rna-XM_056778829.1	A	g8528.t1	A
rna-XM_056779484.1	A	g10959.t1	A
rna-XM_056778531.1	A	g291.t2	A
rna-XM_056778943.1	A	g8533.t1	A
rna-XM_056779902.1	A	g8157.t1	A
rna-XM_056779452.1	A	g7730.t1	A
rna-XM_056779361.1	A	g8257.t2	A
rna-XM_056778508.1	A	g8160.t1	A
rna-XM_056778842.1	A	g10548.t1	A
rna-XM_056778851.1	A	g10550.t1	A
rna-XM_056778848.1	A	g12568.t2	A
rna-XM_056778850.1	A	g11223.t1	A
rna-XM_056778856.1	A	g11225.t1	A
rna-XM_056778569.1	A	g11252.t1	A
rna-XM_056778574.1	A	g11259.t1	A
rna-XM_056778690.1	A	g6185.t1	A
rna-XM_056778692.1	A	g3898.t1	A
rna-XM_056778693.1	A	g6179.t1	A
rna-XM_056779786.1	A	g3899.t2	A
rna-XM_056779346.1	A	g12147.t1	A
rna-XM_056779107.1	A	g14029.t1	A
rna-XM_056778857.1	A	g14027.t2	A
rna-XM_056778906.1	A	g1072.t1	A
rna-XM_056778676.1	A	g5799.t1	A
rna-XM_056779526.1	A	g9989.t1	A
rna-XM_056778617.1	A	g11858.t1	A
rna-XM_056779114.1	A	g12099.t4	A
rna-XM_056779194.1	A	g5178.t1	A
rna-XM_056779739.1	A	g2511.t1	A
rna-XM_056779738.1	A	g11321.t1	A
rna-XM_056779740.1	A	g5602.t1	A
rna-XM_056779275.1	A	g12133.t1	A
rna-XM_056779276.1	A	g11324.t1	A
rna-XM_056778966.1	A	g11148.t1	A
rna-XM_056779533.1	A	g14198.t1	A
rna-XM_056779639.1	A	g7121.t1	A
rna-XM_056779642.1	A	g6995.t1	A
rna-XM_056779645.1	A	g5064.t1	A
rna-XM_056779644.1	A	g6205.t1	A
rna-XM_056779643.1	A	g6204.t1	A
rna-XM_056779646.1	A	g6207.t1	A
rna-XM_056779535.1	A	g7054.t1	A
rna-XM_056779640.1	A	g999.t1	A
rna-XM_056778713.1	A	g1000.t1	A
rna-XM_056778714.1	A	g1003.t1	A
rna-XM_056778976.1	A	g1004.t1	A
rna-XM_056778454.1	A	g364.t1	A
rna-XM_056778457.1	A	g365.t2	A
rna-XM_056778455.1	A	g363.t1	A
rna-XM_056778460.1	A	g7080.t1	A
rna-XM_056778706.1	A	g12617.t1	A
rna-XM_056778705.1	A	g2665.t1	A
rna-XM_056778707.1	A	g2666.t1	A
rna-XM_056778708.1	A	g2043.t1	A
rna-XM_056779009.1	A	g2042.t1	A
rna-XM_056778862.1	A	g12301.t1	A
rna-XM_056778863.1	A	g12297.t2	A
rna-XM_056778876.1	A	g12296.t2	A
rna-XM_056778878.1	A	g12295.t1	A
rna-XM_056778864.1	A	g12294.t1	A
rna-XM_056778879.1	A	g12293.t1	A
rna-XM_056778883.1	A	g10105.t1	A
rna-XM_056778882.1	A	g12292.t1	A
rna-XM_056779374.1	A	g12430.t1	A
rna-XM_056779278.1	A	g7645.t1	A
rna-XM_056778726.1	A	g2210.t1	A
rna-XM_056778728.1	A	g2209.t1	A
rna-XM_056778939.1	A	g2207.t1	A
rna-XM_056779462.1	A	g2211.t1	A
rna-XM_056778809.1	A	g2212.t1	A
rna-XM_056778811.1	A	g13258.t1	A
rna-XM_056778812.1	A	g554.t1	A
rna-XM_056779262.1	A	g4167.t1	A
rna-XM_056778603.1	A	g14376.t1	A
rna-XM_056778722.1	A	g11164.t1	A
rna-XM_056778944.1	A	g3377.t1	A
rna-XM_056779749.1	A	g11165.t1	A
rna-XM_056779753.1	A	g10221.t1	A
rna-XM_056779755.1	A	g4178.t1	A
rna-XM_056779558.1	A	g4177.t1	A
rna-XM_056780046.1	A	g12285.t1	A
rna-XM_056779230.1	A	g12284.t1	A
rna-XM_056778886.1	A	g2224.t1	A
rna-XM_056778889.1	A	g2226.t1	A
rna-XM_056779898.1	A	g10947.t1	A
rna-XM_056779899.1	A	g4181.t1	A
rna-XM_056779900.1	A	g10948.t1	A
rna-XM_056778709.1	A	g10951.t1	A
rna-XM_056778711.1	A	g1817.t1	A
rna-XM_056778826.1	A	g8541.t1	A
rna-XM_056779277.1	A	g8543.t2	A
rna-XM_056779159.1	A	g5971.t1	A
rna-XM_056779360.1	A	g5972.t1	A
rna-XM_056779919.1	A	g5973.t1	A
rna-XM_056779550.1	A	g5970.t1	A
rna-XM_056779239.1	A	g13191.t1	A
rna-XM_056779390.1	A	g13202.t1	A
rna-XM_056779573.1	A	g13203.t1	A
rna-XM_056778781.1	A	g12413.t1	A
rna-XM_056778967.1	A	g12409.t1	A
rna-XM_056778968.1	A	g12410.t1	A
rna-XM_056778971.1	A	g12411.t1	A
rna-XM_056779225.1	A	g3701.t1	A
rna-XM_056779228.1	A	g11184.t1	A
rna-XM_056778688.1	A	g7744.t1	A
rna-XM_056778689.1	A	g11183.t1	A
rna-XM_056779079.1	A	g3739.t1	A
rna-XM_056779081.1	A	g3578.t1	A
rna-XM_056779097.1	A	g3579.t1	A
rna-XM_056779085.1	A	g3580.t1	A
rna-XM_056779082.1	A	g3740.t1	A
rna-XM_056779100.1	A	g7747.t1	A
rna-XM_056779096.1	A	g7748.t1	A
rna-XM_056779086.1	A	g7751.t1	A
rna-XM_056779091.1	A	g7750.t1	A
rna-XM_056779095.1	A	g7753.t1	A
rna-XM_056779101.1	A	g11065.t1	A
rna-XM_056778987.1	A	g7752.t1	A
rna-XM_056778519.1	A	g4166.t1	A
rna-XM_056778520.1	A	g11067.t1	A
rna-XM_056780048.1	A	g8509.t1	A
rna-XM_056780047.1	A	g13181.t1	A
rna-XM_056779560.1	A	g4510.t1	A
rna-XM_056779303.1	A	g8511.t1	A
rna-XM_056779305.1	A	g14005.t1	A
rna-XM_056779343.1	A	g8510.t2	A
rna-XM_056779730.1	A	g5930.t2	A
rna-XM_056779732.1	A	g13570.t1	A
rna-XM_056779733.1	A	g8537.t1	A
rna-XM_056779030.1	A	g475.t2	A
rna-XM_056778732.1	A	g10009.t1	A
rna-XM_056779370.1	A	g521.t1	A
rna-XM_056779372.1	A	g472.t1	A
rna-XM_056779373.1	A	g473.t1	A
rna-XM_056779371.1	A	g434.t1	A
rna-XM_056780032.1	A	g433.t1	A
rna-XM_056780033.1	A	g432.t1	A
rna-XM_056779068.1	A	g10008.t1	A
rna-XM_056778452.1	A	g525.t1	A
rna-XM_056778445.1	A	g487.t1	A
rna-XM_056778821.1	A	g2945.t1	A
rna-XM_056779214.1	A	g9968.t1	A
rna-XM_056780035.1	A	g1341.t1	A
rna-XM_056779307.1	A	g10401.t1	A
rna-XM_056778794.1	A	g7011.t1	A
rna-XM_056778791.1	A	g9887.t2	A
rna-XM_056778793.1	A	g5049.t1	A
rna-XM_056778824.1	A	g9958.t1	A
rna-XM_056779537.1	A	g9956.t1	A
rna-XM_056779033.1	A	g10355.t1	A
rna-XM_056778845.1	A	g10353.t1	A
rna-XM_056778735.1	A	g10351.t1	A
rna-XM_056779041.1	A	g12203.t1	A
rna-XM_056779232.1	A	g12206.t1	A
rna-XM_056779527.1	A	g10343.t1	A
rna-XM_056779389.1	A	g10350.t1	A
rna-XM_056779579.1	A	g5643.t2	A
rna-XM_056779878.1	A	g9950.t1	A
rna-XM_056779580.1	A	g9951.t1	A
rna-XM_056779881.1	A	g9952.t1	A
rna-XM_056778532.1	A	g12204.t1	A
rna-XM_056778533.1	A	g9953.t1	A
rna-XM_056779655.1	A	g9954.t1	A
rna-XM_056778903.1	A	g13960.t1	A
rna-XM_056779245.1	A	g11202.t1	A
rna-XM_056778507.1	A	g11159.t1	A
rna-XM_056778576.1	A	g5095.t1	A
rna-XM_056778908.1	A	g11751.t3	A
rna-XM_056778914.1	A	g2336.t1	A
rna-XM_056778443.1	A	g1347.t1	A
rna-XM_056778444.1	A	g11093.t1	A
rna-XM_056778441.1	A	g1344.t1	A
rna-XM_056779758.1	A	g6338.t1	A
rna-XM_056779759.1	A	g6339.t2	A
rna-XM_056779760.1	A	g542.t2	A
rna-XM_056779761.1	A	g9376.t1	A
rna-XM_056778920.1	A	g7593.t2	A
rna-XM_056779582.1	A	g89.t1	A
rna-XM_056778925.1	A	g7596.t1	A
rna-XM_056778927.1	A	g7597.t1	A
rna-XM_056779583.1	A	g6658.t1	A
rna-XM_056779031.1	A	g6657.t2	A
rna-XM_056779584.1	A	g7354.t1	A
rna-XM_056778999.1	A	g352.t1	A
rna-XM_056779251.1	A	g13332.t1	A
rna-XM_056779500.1	A	g8169.t1	A
rna-XM_056779504.1	A	g14254.t2	A
rna-XM_056779508.1	A	g7626.t1	A
rna-XM_056779509.1	A	g911.t1	A
rna-XM_056779523.1	A	g912.t1	A
rna-XM_056779520.1	A	g913.t1	A
rna-XM_056779400.1	A	g13432.t1	A
rna-XM_056779757.1	A	g7625.t1	A
rna-XM_056779587.1	A	g8493.t1	A
rna-XM_056780018.1	A	g5719.t1	A
rna-XM_056780017.1	A	g5720.t1	A
rna-XM_056779589.1	A	g4806.t1	A
rna-XM_056779590.1	A	g13947.t1	A
rna-XM_056778660.1	A	g5721.t1	A
rna-XM_056778658.1	A	g3391.t1	A
rna-XM_056779663.1	A	g864.t2	A
rna-XM_056779677.1	A	g861.t1	A
rna-XM_056779680.1	A	g1174.t20	A
rna-XM_056779707.1	A	g6764.t1	A
rna-XM_056778837.1	A	g11244.t1	A
rna-XM_056778957.1	A	g12071.t1	A
rna-XM_056779123.1	A	g10415.t1	A
rna-XM_056779213.1	A	g10414.t1	A
rna-XM_056778980.1	A	g10413.t1	A
rna-XM_056779938.1	A	g10730.t1	A
rna-XM_056779320.1	A	g10731.t1	A
rna-XM_056779319.1	A	g4350.t2	A
rna-XM_056779321.1	A	g4348.t1	A
rna-XM_056779324.1	A	g4347.t1	A
rna-XM_056779941.1	A	g11546.t1	A
rna-XM_056779001.1	A	g11633.t1	A
rna-XM_056779358.1	A	g9190.t1	A
rna-XM_056779328.1	A	g13734.t1	A
rna-XM_056779198.1	A	g4693.t1	A
rna-XM_056779744.1	A	g9188.t1	A
rna-XM_056779745.1	A	g9139.t1	A
rna-XM_056779746.1	A	g9140.t1	A
rna-XM_056779747.1	A	g4357.t1	A
rna-XM_056778839.1	A	g14215.t1	A
rna-XM_056779557.1	A	g939.t1	A
rna-XM_056778600.1	A	g10697.t1	A
rna-XM_056778602.1	A	g2430.t1	A
rna-XM_056779145.1	A	g6030.t1	A
rna-XM_056779531.1	A	g3346.t1	A
rna-XM_056779329.1	A	g3366.t2	A
rna-XM_056779366.1	A	g5835.t1	A
rna-XM_056779368.1	A	g9178.t1	A
rna-XM_056779348.1	A	g9527.t1	A
rna-XM_056779347.1	A	g7619.t1	A
rna-XM_056779352.1	A	g10719.t1	A
rna-XM_056779946.1	A	g7312.t1	X
rna-XM_056779317.1	A	g10663.t1	A
rna-XM_056779546.1	A	g13212.t1	A
rna-XM_056778684.1	A	g9071.t1	A
rna-XM_056778686.1	A	g9074.t1	A
rna-XM_056779340.1	A	g9070.t1	A
rna-XM_056779719.1	A	g1323.t2	A
rna-XM_056779712.1	A	g1322.t1	A
rna-XM_056778513.1	A	g1321.t3	A
rna-XM_056778515.1	A	g1319.t1	A
rna-XM_056779040.1	A	g1318.t1	A
rna-XM_056779028.1	A	g1317.t1	A
rna-XM_056778579.1	A	g1316.t1	A
rna-XM_056779234.1	A	g1313.t1	A
rna-XM_056779951.1	A	g8454.t1	A
rna-XM_056779955.1	A	g4450.t1	A
rna-XM_056779292.1	A	g1311.t1	A
rna-XM_056778697.1	A	g1279.t1	A
rna-XM_056779186.1	A	g1284.t1	A
rna-XM_056779957.1	A	g1283.t1	A
rna-XM_056779960.1	A	g1281.t1	A
rna-XM_056779961.1	A	g1280.t1	A
rna-XM_056779963.1	A	g1288.t1	A
rna-XM_056779967.1	A	g1293.t1	A
rna-XM_056779970.1	A	g1294.t1	A
rna-XM_056779972.1	A	g1295.t1	A
rna-XM_056779158.1	A	g1296.t1	A
rna-XM_056779215.1	A	g1300.t1	A
rna-XM_056779201.1	A	g1301.t1	A
rna-XM_056778859.1	A	g1303.t1	A
rna-XM_056779069.1	A	g8394.t1	A
rna-XM_056779978.1	A	g7431.t1	X
rna-XM_056779191.1	A	g2501.t1	A
rna-XM_056778565.1	A	g2498.t1	A
rna-XM_056778561.1	A	g8418.t1	A
rna-XM_056778567.1	A	g8414.t1	A
rna-XM_056778749.1	A	g8413.t1	A
rna-XM_056779980.1	A	g9189.t1	A
rna-XM_056778750.1	A	g9237.t1	A
rna-XM_056778751.1	A	g9238.t1	A
rna-XM_056778753.1	A	g9187.t1	A
rna-XM_056778757.1	A	g10291.t1	A
rna-XM_056779983.1	A	g13805.t1	A
rna-XM_056778764.1	A	g6795.t2	A
rna-XM_056778769.1	A	g6796.t1	A
rna-XM_056778770.1	A	g9072.t1	A
rna-XM_056778772.1	A	g9073.t1	A
rna-XM_056778771.1	A	g5067.t1	A
rna-XM_056778773.1	A	g7097.t1	A
rna-XM_056778774.1	A	g5860.t2	A
rna-XM_056778778.1	A	g5859.t1	A
rna-XM_056778780.1	A	g13179.t1	A
rna-XM_056779989.1	A	g5687.t1	A
rna-XM_056778818.1	A	g13213.t1	A
rna-XM_056779378.1	A	g13219.t1	A
rna-XM_056779766.1	A	g4656.t2	A
rna-XM_056779767.1	A	g4358.t1	A
rna-XM_056779429.1	A	g1196.t1	A
rna-XM_056779163.1	A	g14407.t1	A
rna-XM_056779120.1	A	g14404.t1	A
rna-XM_056779991.1	A	g8699.t1	A
rna-XM_056778830.1	A	g14402.t1	A
rna-XM_056779809.1	A	g14398.t1	A
rna-XM_056779992.1	A	g14551.t1	A
rna-XM_056779811.1	A	g14554.t1	A
rna-XM_056779813.1	A	g14556.t1	A
rna-XM_056779818.1	A	g3335.t2	A
rna-XM_056779816.1	A	g3334.t1	A
rna-XM_056779817.1	A	g1754.t2	A
rna-XM_056779819.1	A	g3404.t2	A
rna-XM_056779822.1	A	g5963.t1	A
rna-XM_056779827.1	A	g11016.t1	A
rna-XM_056779825.1	A	g7411.t1	A
rna-XM_056779828.1	A	g1175.t1	A
rna-XM_056779829.1	A	g11398.t2	A
rna-XM_056779830.1	A	g10639.t2	A
rna-XM_056779832.1	A	g13502.t1	A
rna-XM_056779831.1	A	g13501.t1	A
rna-XM_056779833.1	A	g3734.t1	A
rna-XM_056779835.1	A	g13500.t1	A
rna-XM_056779836.1	A	g221.t1	A
rna-XM_056779286.1	A	g5914.t1	A
rna-XM_056779164.1	A	g6562.t5	A
rna-XM_056778808.1	A	g9627.t1	A
rna-XM_056779532.1	A	g2543.t1	A
rna-XM_056779995.1	A	g9437.t1	A
rna-XM_056778919.1	A	g9438.t1	A
rna-XM_056779997.1	A	g9439.t1	A
rna-XM_056778782.1	A	g10972.t1	A
rna-XM_056779998.1	A	g10973.t1	A
rna-XM_056778560.1	A	g9629.t1	A
rna-XM_056779224.1	A	g8885.t1	A
rna-XM_056779223.1	A	g10979.t2	A
rna-XM_056778651.1	A	g9633.t1	A
rna-XM_056778640.1	A	g9630.t1	A
rna-XM_056779380.1	A	g1123.t1	A
rna-XM_056778729.1	A	g1121.t1	A
rna-XM_056779263.1	A	g1119.t1	A
rna-XM_056778822.1	A	g1118.t1	A
rna-XM_056778823.1	A	g1114.t1	A
rna-XM_056778483.1	A	g1117.t1	A
rna-XM_056778481.1	A	g1113.t2	A
rna-XM_056779709.1	A	g1112.t1	A
rna-XM_056779710.1	A	g1108.t1	A
rna-XM_056779142.1	A	g1110.t1	A
rna-XM_056779138.1	A	g843.t1	A
rna-XM_056779140.1	A	g1111.t2	A
rna-XM_056779122.1	A	g1106.t2	A
rna-XM_056779586.1	A	g1124.t1	A
rna-XM_056779000.1	A	g11325.t1	A
rna-XM_056778936.1	A	g11326.t1	A
rna-XM_056778902.1	A	g11328.t3	A
rna-XM_056778884.1	A	g11333.t2	A
rna-XM_056779063.1	A	g11334.t1	A
rna-XM_056778638.1	A	g14650.t1	A
rna-XM_056778635.1	A	g14647.t1	A
rna-XM_056778633.1	A	g14649.t1	A
rna-XM_056778630.1	A	g4907.t1	A
rna-XM_056778621.1	A	g2624.t1	A
rna-XM_056778625.1	A	g2045.t1	A
rna-XM_056778637.1	A	g14737.t1	A
rna-XM_056778626.1	A	g2560.t2	A
rna-XM_056778636.1	A	g11200.t1	A
rna-XM_056779575.1	A	g12815.t2	A
rna-XM_056778797.1	A	g184.t1	A
rna-XM_056778799.1	A	g186.t1	A
rna-XM_056779402.1	A	g2623.t1	A
rna-XM_056779401.1	A	g187.t1	A
rna-XM_056779403.1	A	g10344.t2	A
rna-XM_056779407.1	A	g6950.t1	A
rna-XM_056779405.1	A	g6940.t1	A
rna-XM_056779414.1	A	g6942.t1	A
rna-XM_056779413.1	A	g6997.t1	A
rna-XM_056779404.1	A	g6936.t1	A
rna-XM_056778816.1	A	g6934.t1	A
rna-XM_056778825.1	A	g6933.t1	A
rna-XM_056779282.1	A	g6928.t1	A
rna-XM_056778940.1	A	g6926.t1	A
rna-XM_056779135.1	A	g10742.t1	A
rna-XM_056778698.1	A	g12456.t1	A
rna-XM_056779202.1	A	g6935.t1	A
rna-XM_056779178.1	A	g6938.t1	A
rna-XM_056780001.1	A	g6944.t1	A
rna-XM_056780002.1	A	g6946.t1	A
rna-XM_056780021.1	A	g6947.t1	A
rna-XM_056780019.1	A	g6948.t2	A
rna-XM_056780023.1	A	g6949.t1	A
rna-XM_056780020.1	A	g6937.t1	A
rna-XM_056779064.1	A	g6924.t1	A
rna-XM_056778801.1	A	g7821.t1	A
rna-XM_056779043.1	A	g6925.t1	A
rna-XM_056778941.1	A	g9794.t1	A
rna-XM_056779481.1	A	g411.t1	A
rna-XM_056780003.1	A	g897.t1	A
rna-XM_056779249.1	A	g1173.t2	A
rna-XM_056779250.1	A	g13321.t1	A
rna-XM_056778858.1	A	g11666.t1	A
rna-XM_056779363.1	A	g185.t1	A
rna-XM_056778552.1	A	g181.t1	A
rna-XM_056778543.1	A	g182.t2	A
rna-XM_056778534.1	A	g5891.t2	A
rna-XM_056778702.1	A	g5890.t2	A
rna-XM_056778704.1	A	g225.t1	A
rna-XM_056779376.1	A	g224.t1	A
rna-XM_056779306.1	A	g222.t1	A
rna-XM_056779601.1	A	g329.t1	A
rna-XM_056779605.1	A	g13423.t1	A
rna-XM_056779604.1	A	g13424.t1	A
rna-XM_056779290.1	A	g13426.t1	A
rna-XM_056779289.1	A	g13427.t1	A
rna-XM_056779291.1	A	g13428.t2	A
rna-XM_056778933.1	A	g229.t1	A
rna-XM_056780040.1	A	g227.t1	A
rna-XM_056780036.1	A	g228.t1	A
rna-XM_056780041.1	A	g230.t1	A
rna-XM_056780042.1	A	g231.t1	A
rna-XM_056778905.1	A	g232.t1	A
rna-XM_056779308.1	A	g233.t1	A
rna-XM_056779309.1	A	g12460.t1	A
rna-XM_056779310.1	A	g13360.t1	A
rna-XM_056779311.1	A	g13361.t1	A
rna-XM_056778674.1	A	g13362.t1	A
rna-XM_056778687.1	A	g12416.t1	A
rna-XM_056779015.1	A	g515.t1	A
rna-XM_056778665.1	A	g444.t1	A
rna-XM_056779252.1	A	g442.t1	A
rna-XM_056779341.1	A	g3735.t1	A
rna-XM_056779342.1	A	g11605.t1	A
rna-XM_056778509.1	A	g10242.t1	A
rna-XM_056778512.1	A	g8372.t1	A
rna-XM_056778958.1	A	g11140.t1	A
rna-XM_056780005.1	A	g11311.t1	A
rna-XM_056778466.1	A	g11138.t1	A
rna-XM_056778475.1	A	g13815.t1	A
rna-XM_056778469.1	A	g3369.t1	A
rna-XM_056778473.1	A	g3333.t1	A
rna-XM_056778474.1	A	g5639.t1	A
rna-XM_056780007.1	A	g3367.t1	A
rna-XM_056779847.1	A	g8920.t1	A
rna-XM_056779848.1	A	g2611.t1	A
rna-XM_056779849.1	A	g3370.t2	A
rna-XM_056779850.1	A	g7756.t1	A
rna-XM_056779851.1	A	g7961.t1	A
rna-XM_056779865.1	A	g494.t2	A
rna-XM_056779867.1	A	g13435.t1	A
rna-XM_056779869.1	A	g7966.t1	A
rna-XM_056779868.1	A	g7933.t1	A
rna-XM_056779870.1	A	g8389.t1	A
rna-XM_056779871.1	A	g6769.t1	A
rna-XM_056780011.1	A	g13495.t1	A
rna-XM_056779877.1	A	g6762.t1	A
rna-XM_056779876.1	A	g6761.t1	A
rna-XM_056779874.1	A	g9543.t1	A
rna-XM_056779873.1	A	g6770.t1	A
rna-XM_056779872.1	A	g6771.t2	A
rna-XM_056778606.1	A	g6772.t1	A
rna-XM_056778611.1	A	g8390.t1	A
rna-XM_056778614.1	A	g4302.t2	A
rna-XM_056779074.1	A	g7760.t1	A
rna-XM_056778835.1	A	g8388.t1	A
rna-XM_056778599.1	A	g13494.t1	A
rna-XM_056778594.1	A	g6768.t1	A
rna-XM_056778916.1	A	g5964.t1	A
rna-XM_056779424.1	A	g12482.t1	A
rna-XM_056779426.1	A	g7907.t1	A
rna-XM_056779344.1	A	g2778.t1	A
rna-XM_056779293.1	A	g8399.t1	A
rna-XM_056779294.1	A	g7967.t1	A
rna-XM_056779051.1	A	g7152.t1	A
rna-XM_056779057.1	A	g6827.t2	A
rna-XM_056780913.1	A	g1231.t1	A
rna-XM_056780585.1	A	g1233.t1	A
rna-XM_056781103.1	A	g9937.t2	A
rna-XM_056781084.1	A	g9938.t1	A
rna-XM_056781090.1	A	g9939.t1	A
rna-XM_056781085.1	A	g9940.t3	A
rna-XM_056780501.1	A	g1239.t1	A
rna-XM_056780586.1	A	g1238.t1	A
rna-XM_056780645.1	A	g1236.t1	A
rna-XM_056781249.1	A	g1234.t2	A
rna-XM_056781237.1	A	g9936.t1	A
rna-XM_056781246.1	A	g14648.t1	A
rna-XM_056781231.1	A	g9934.t1	A
rna-XM_056781230.1	A	g9932.t2	A
rna-XM_056781251.1	A	g8013.t1	A
rna-XM_056781254.1	A	g8002.t1	A
rna-XM_056781223.1	A	g9779.t1	A
rna-XM_056781247.1	A	g9778.t2	A
rna-XM_056781253.1	A	g9777.t1	A
rna-XM_056781225.1	A	g9833.t1	A
rna-XM_056781226.1	A	g9832.t1	A
rna-XM_056781240.1	A	g9831.t1	A
rna-XM_056781257.1	A	g10667.t1	A
rna-XM_056781258.1	A	g4164.t1	A
rna-XM_056781260.1	A	g14580.t1	A
rna-XM_056781261.1	A	g8429.t1	A
rna-XM_056781263.1	A	g468.t1	A
rna-XM_056781265.1	A	g200.t1	A
rna-XM_056781266.1	A	g201.t1	A
rna-XM_056780593.1	A	g203.t1	A
rna-XM_056780594.1	A	g13344.t1	A
rna-XM_056781269.1	A	g10897.t1	A
rna-XM_056781270.1	A	g10406.t1	A
rna-XM_056781272.1	A	g10664.t1	A
rna-XM_056781274.1	A	g3724.t2	A
rna-XM_056781276.1	A	g12199.t1	A
rna-XM_056781278.1	A	g1375.t1	A
rna-XM_056781280.1	A	g1374.t1	A
rna-XM_056781283.1	A	g1611.t1	X
rna-XM_056781281.1	A	g10172.t1	A
rna-XM_056780542.1	A	g10168.t1	A
rna-XM_056780735.1	A	g10018.t1	A
rna-XM_056780731.1	A	g1363.t2	A
rna-XM_056781570.1	A	g10085.t1	A
rna-XM_056780993.1	A	g3707.t1	A
rna-XM_056781313.1	A	g10078.t2	A
rna-XM_056781046.1	A	g10074.t1	A
rna-XM_056781049.1	A	g10073.t1	A
rna-XM_056780617.1	A	g10076.t1	A
rna-XM_056781051.1	A	g6739.t1	A
rna-XM_056780383.1	A	g10070.t1	A
rna-XM_056780394.1	A	g10067.t1	A
rna-XM_056780380.1	A	g10069.t1	A
rna-XM_056780385.1	A	g10066.t1	A
rna-XM_056780381.1	A	g1372.t1	A
rna-XM_056780386.1	A	g453.t1	A
rna-XM_056780618.1	A	g12028.t1	A
rna-XM_056780622.1	A	g13155.t2	A
rna-XM_056780395.1	A	g3144.t2	A
rna-XM_056780667.1	A	g13156.t1	A
rna-XM_056780689.1	A	g13151.t1	A
rna-XM_056780691.1	A	g7103.t1	A
rna-XM_056780567.1	A	g7111.t1	A
rna-XM_056780279.1	A	g1377.t1	A
rna-XM_056780282.1	A	g7158.t1	A
rna-XM_056781298.1	A	g2521.t2	A
rna-XM_056781304.1	A	g2526.t1	A
rna-XM_056781306.1	A	g4467.t1	A
rna-XM_056781312.1	A	g4466.t1	A
rna-XM_056780917.1	A	g653.t1	A
rna-XM_056780916.1	A	g859.t1	A
rna-XM_056782189.1	A	g651.t2	A
rna-XM_056781343.1	A	g649.t2	A
rna-XM_056782043.1	A	g451.t3	A
rna-XM_056782037.1	A	g452.t1	A
rna-XM_056781639.1	A	g1371.t1	A
rna-XM_056781637.1	A	g3147.t1	A
rna-XM_056781641.1	A	g3353.t1	A
rna-XM_056781647.1	A	g3149.t1	A
rna-XM_056781646.1	A	g8658.t1	A
rna-XM_056780865.1	A	g12441.t1	A
rna-XM_056782138.1	A	g6014.t1	A
rna-XM_056780623.1	A	g13545.t1	A
rna-XM_056782140.1	A	g12143.t2	A
rna-XM_056780624.1	A	g5078.t1	A
rna-XM_056782144.1	A	g9792.t1	A
rna-XM_056782146.1	A	g11670.t1	A
rna-XM_056782147.1	A	g2464.t1	A
rna-XM_056782148.1	A	g2444.t1	A
rna-XM_056780625.1	A	g2446.t1	A
rna-XM_056782150.1	A	g3432.t1	A
rna-XM_056780627.1	A	g1335.t1	A
rna-XM_056782159.1	A	g3485.t1	A
rna-XM_056780557.1	A	g10834.t1	A
rna-XM_056780830.1	A	g10835.t1	A
rna-XM_056780581.1	A	g9776.t2	A
rna-XM_056781786.1	A	g7766.t1	A
rna-XM_056781785.1	A	g7985.t1	A
rna-XM_056781787.1	A	g9772.t1	A
rna-XM_056781788.1	A	g9771.t4	A
rna-XM_056780736.1	A	g9770.t1	A
rna-XM_056780926.1	A	g9768.t1	A
rna-XM_056780925.1	A	g9767.t1	A
rna-XM_056781886.1	A	g9847.t1	A
rna-XM_056781889.1	A	g9766.t1	A
rna-XM_056781099.1	A	g5660.t1	A
rna-XM_056780979.1	A	g10910.t1	A
rna-XM_056780980.1	A	g10743.t1	A
rna-XM_056780856.1	A	g9775.t1	A
rna-XM_056781097.1	A	g9773.t1	A
rna-XM_056781094.1	A	g5071.t1	A
rna-XM_056782194.1	A	g236.t1	A
rna-XM_056780665.1	A	g1170.t1	A
rna-XM_056780846.1	A	g1226.t1	A
rna-XM_056780843.1	A	g10604.t1	A
rna-XM_056780637.1	A	g13911.t1	A
rna-XM_056782015.1	A	g13913.t1	A
rna-XM_056782011.1	A	g9049.t1	A
rna-XM_056781359.1	A	g13221.t1	A
rna-XM_056781045.1	A	g14067.t1	A
rna-XM_056780641.1	A	g2401.t1	A
rna-XM_056781004.1	A	g14066.t1	A
rna-XM_056782003.1	A	g13471.t1	A
rna-XM_056781946.1	A	g4992.t1	A
rna-XM_056781948.1	A	g4994.t1	A
rna-XM_056781360.1	A	g13470.t1	A
rna-XM_056780646.1	A	g938.t1	A
rna-XM_056781895.1	A	g901.t1	A
rna-XM_056781898.1	A	g1040.t1	A
rna-XM_056781896.1	A	g1041.t1	A
rna-XM_056780541.1	A	g13870.t1	A
rna-XM_056781934.1	A	g13872.t1	A
rna-XM_056780659.1	A	g1337.t1	A
rna-XM_056781935.1	A	g12004.t1	A
rna-XM_056780863.1	A	g5819.t1	A
rna-XM_056780786.1	A	g12079.t1	A
rna-XM_056780363.1	A	g11982.t1	A
rna-XM_056780540.1	A	g11981.t2	A
rna-XM_056780672.1	A	g11983.t1	A
rna-XM_056780866.1	A	g11984.t1	A
rna-XM_056780867.1	A	g4679.t1	A
rna-XM_056781389.1	A	g4520.t1	A
rna-XM_056780234.1	A	g9719.t1	A
rna-XM_056780235.1	A	g12067.t1	A
rna-XM_056780238.1	A	g8146.t1	A
rna-XM_056780241.1	A	g7617.t1	A
rna-XM_056780243.1	A	g9252.t2	A
rna-XM_056781194.1	A	g8427.t1	A
rna-XM_056780377.1	A	g11028.t1	A
rna-XM_056780460.1	A	g550.t2	A
rna-XM_056780474.1	A	g601.t1	A
rna-XM_056780475.1	A	g545.t1	A
rna-XM_056780480.1	A	g2440.t2	A
rna-XM_056780477.1	A	g13661.t1	A
rna-XM_056780479.1	A	g552.t1	A
rna-XM_056780483.1	A	g551.t1	A
rna-XM_056780482.1	A	g13660.t1	A
rna-XM_056780486.1	A	g13.t1	A
rna-XM_056780487.1	A	g12.t1	A
rna-XM_056780488.1	A	g11.t1	A
rna-XM_056780491.1	A	g10480.t8	A
rna-XM_056780499.1	A	g9168.t2	A
rna-XM_056781358.1	A	g5168.t1	A
rna-XM_056780875.1	A	g5170.t1	A
rna-XM_056780626.1	A	g5169.t1	A
rna-XM_056780457.1	A	g13487.t1	A
rna-XM_056780458.1	A	g13486.t1	A
rna-XM_056781170.1	A	g13480.t2	A
rna-XM_056781536.1	A	g13481.t1	A
rna-XM_056781151.1	A	g2475.t1	A
rna-XM_056781148.1	A	g2474.t2	A
rna-XM_056780099.1	A	g10770.t1	A
rna-XM_056780097.1	A	g10774.t1	A
rna-XM_056780101.1	A	g9793.t1	A
rna-XM_056780117.1	A	g5886.t1	A
rna-XM_056780105.1	A	g10640.t1	A
rna-XM_056780122.1	A	g11383.t1	A
rna-XM_056780123.1	A	g10726.t1	A
rna-XM_056780118.1	A	g11382.t1	A
rna-XM_056780120.1	A	g4495.t1	A
rna-XM_056780124.1	A	g645.t1	A
rna-XM_056780126.1	A	g12645.t1	A
rna-XM_056780127.1	A	g12646.t1	A
rna-XM_056780125.1	A	g270.t1	A
rna-XM_056780134.1	A	g2465.t1	A
rna-XM_056780136.1	A	g2466.t1	A
rna-XM_056780137.1	A	g2451.t2	A
rna-XM_056780692.1	A	g13855.t1	A
rna-XM_056780140.1	A	g2459.t2	A
rna-XM_056780142.1	A	g2455.t1	A
rna-XM_056780144.1	A	g2454.t1	A
rna-XM_056780697.1	A	g12895.t1	A
rna-XM_056781585.1	A	g2453.t1	A
rna-XM_056780638.1	A	g2452.t1	A
rna-XM_056781356.1	A	g6113.t1	A
rna-XM_056781892.1	A	g2467.t1	A
rna-XM_056781890.1	A	g13479.t1	A
rna-XM_056780714.1	A	g13478.t1	A
rna-XM_056780716.1	A	g13476.t1	A
rna-XM_056780718.1	A	g13477.t1	A
rna-XM_056780715.1	A	g13475.t1	A
rna-XM_056780864.1	A	g685.t1	A
rna-XM_056781030.1	A	g684.t1	A
rna-XM_056781542.1	A	g683.t1	A
rna-XM_056780962.1	A	g4394.t1	A
rna-XM_056780965.1	A	g4395.t1	A
rna-XM_056780964.1	A	g4396.t1	A
rna-XM_056781944.1	A	g2469.t1	A
rna-XM_056781594.1	A	g2470.t1	A
rna-XM_056781592.1	A	g2471.t1	A
rna-XM_056781797.1	A	g13238.t1	A
rna-XM_056781152.1	A	g10844.t3	A
rna-XM_056780529.1	A	g4342.t1	A
rna-XM_056781399.1	A	g3102.t1	A
rna-XM_056780738.1	A	g4313.t1	A
rna-XM_056781116.1	A	g7105.t1	A
rna-XM_056781119.1	A	g7137.t1	A
rna-XM_056780719.1	A	g13527.t1	A
rna-XM_056781126.1	A	g2230.t1	A
rna-XM_056781128.1	A	g2229.t1	A
rna-XM_056780655.1	A	g4010.t1	A
rna-XM_056780654.1	A	g6809.t1	A
rna-XM_056780724.1	A	g6806.t1	A
rna-XM_056780794.1	A	g6805.t2	A
rna-XM_056781588.1	A	g6804.t1	A
rna-XM_056780513.1	A	g6801.t1	A
rna-XM_056781548.1	A	g6800.t1	A
rna-XM_056782010.1	A	g6537.t1	A
rna-XM_056780814.1	A	g11688.t1	A
rna-XM_056780994.1	A	g381.t1	A
rna-XM_056780666.1	A	g13381.t1	A
rna-XM_056780740.1	A	g1017.t1	A
rna-XM_056781524.1	A	g13383.t1	A
rna-XM_056781525.1	A	g13384.t1	A
rna-XM_056781528.1	A	g6813.t1	A
rna-XM_056781530.1	A	g6815.t1	A
rna-XM_056781531.1	A	g6812.t1	A
rna-XM_056781533.1	A	g6817.t1	A
rna-XM_056781633.1	A	g11430.t1	A
rna-XM_056781631.1	A	g13054.t1	A
rna-XM_056781636.1	A	g1012.t1	A
rna-XM_056780721.1	A	g1013.t1	A
rna-XM_056782233.1	A	g1014.t1	A
rna-XM_056782232.1	A	g1015.t1	A
rna-XM_056782231.1	A	g1038.t1	A
rna-XM_056782230.1	A	g1037.t1	A
rna-XM_056780910.1	A	g1035.t1	A
rna-XM_056780078.1	A	g13453.t1	A
rna-XM_056780084.1	A	g9730.t1	A
rna-XM_056780081.1	A	g794.t1	A
rna-XM_056780076.1	A	g13552.t1	A
rna-XM_056780351.1	A	g828.t1	A
rna-XM_056782069.1	A	g800.t1	A
rna-XM_056782078.1	A	g825.t1	A
rna-XM_056782079.1	A	g798.t1	A
rna-XM_056782080.1	A	g797.t1	A
rna-XM_056781961.1	A	g796.t1	A
rna-XM_056781964.1	A	g822.t1	A
rna-XM_056780247.1	A	g13601.t1	A
rna-XM_056780249.1	A	g6424.t1	A
rna-XM_056780246.1	A	g7755.t1	A
rna-XM_056780250.1	A	g6425.t1	A
rna-XM_056780675.1	A	g8347.t1	A
rna-XM_056780676.1	A	g7147.t1	A
rna-XM_056781006.1	A	g7148.t1	A
rna-XM_056781009.1	A	g6818.t1	A
rna-XM_056780749.1	A	g7144.t1	A
rna-XM_056780408.1	A	g7145.t1	A
rna-XM_056780409.1	A	g3467.t1	A
rna-XM_056780405.1	A	g14859.t1	A
rna-XM_056780751.1	A	g745.t1	A
rna-XM_056780428.1	A	g7346.t1	A
rna-XM_056781405.1	A	g13551.t2	A
rna-XM_056781406.1	A	g13550.t2	A
rna-XM_056781408.1	A	g2261.t1	A
rna-XM_056781410.1	A	g13599.t1	A
rna-XM_056781417.1	A	g9496.t1	A
rna-XM_056781421.1	A	g9226.t1	A
rna-XM_056781423.1	A	g9228.t1	A
rna-XM_056781426.1	A	g9247.t1	A
rna-XM_056781424.1	A	g9249.t1	A
rna-XM_056781427.1	A	g9229.t1	A
rna-XM_056781428.1	A	g9231.t2	A
rna-XM_056781429.1	A	g9230.t1	A
rna-XM_056781430.1	A	g9227.t1	A
rna-XM_056781431.1	A	g335.t1	A
rna-XM_056781436.1	A	g2754.t1	A
rna-XM_056781438.1	A	g7920.t2	A
rna-XM_056781441.1	A	g8089.t1	A
rna-XM_056781449.1	A	g8090.t11	A
rna-XM_056781480.1	A	g8088.t1	A
rna-XM_056781483.1	A	g1369.t1	A
rna-XM_056781484.1	A	g10394.t1	A
rna-XM_056781487.1	A	g3324.t1	A
rna-XM_056781488.1	A	g3320.t1	A
rna-XM_056781297.1	A	g3321.t1	A
rna-XM_056780370.1	A	g3322.t1	A
rna-XM_056780367.1	A	g3319.t1	A
rna-XM_056781390.1	A	g3329.t1	A
rna-XM_056781291.1	A	g3303.t1	A
rna-XM_056780543.1	A	g3323.t1	A
rna-XM_056780546.1	A	g3325.t1	A
rna-XM_056780558.1	A	g3326.t1	A
rna-XM_056780774.1	A	g6973.t1	A
rna-XM_056780325.1	A	g6968.t1	A
rna-XM_056780323.1	A	g6969.t1	A
rna-XM_056780322.1	A	g2213.t1	A
rna-XM_056780438.1	A	g8679.t1	A
rna-XM_056781970.1	A	g14515.t1	A
rna-XM_056781972.1	A	g14514.t1	A
rna-XM_056781981.1	A	g9369.t1	A
rna-XM_056781973.1	A	g9370.t1	A
rna-XM_056781971.1	A	g14293.t1	A
rna-XM_056780781.1	A	g14295.t1	A
rna-XM_056781541.1	A	g14300.t1	A
rna-XM_056782209.1	A	g1021.t1	A
rna-XM_056780787.1	A	g1023.t1	A
rna-XM_056781039.1	A	g1028.t1	A
rna-XM_056780797.1	A	g14611.t1	A
rna-XM_056780555.1	A	g1033.t1	A
rna-XM_056780406.1	A	g3210.t1	A
rna-XM_056780549.1	A	g10563.t1	A
rna-XM_056780550.1	A	g14841.t1	A
rna-XM_056781862.1	A	g6798.t1	A
rna-XM_056781864.1	A	g6797.t1	A
rna-XM_056781865.1	A	g5953.t1	A
rna-XM_056781866.1	A	g3362.t2	A
rna-XM_056780251.1	A	g5141.t1	A
rna-XM_056780256.1	A	g5952.t3	A
rna-XM_056780860.1	A	g6244.t1	A
rna-XM_056780858.1	A	g7146.t1	A
rna-XM_056780640.1	A	g7143.t1	A
rna-XM_056780218.1	A	g7104.t1	A
rna-XM_056780222.1	A	g14292.t1	A
rna-XM_056782087.1	A	g4314.t2	A
rna-XM_056782110.1	A	g13370.t1	A
rna-XM_056780211.1	A	g13366.t2	A
rna-XM_056780212.1	A	g13379.t1	A
rna-XM_056780213.1	A	g1093.t1	A
rna-XM_056780563.1	A	g5483.t1	A
rna-XM_056780564.1	A	g2104.t1	A
rna-XM_056781504.1	A	g5484.t1	A
rna-XM_056781502.1	A	g5485.t2	A
rna-XM_056780806.1	A	g4629.t1	A
rna-XM_056780813.1	A	g5482.t1	A
rna-XM_056780723.1	A	g9806.t1	A
rna-XM_056780824.1	A	g9805.t1	A
rna-XM_056782054.1	A	g2107.t1	A
rna-XM_056782055.1	A	g2108.t1	A
rna-XM_056782052.1	A	g2109.t1	A
rna-XM_056782057.1	A	g14653.t2	A
rna-XM_056780269.1	A	g11880.t2	A
rna-XM_056780270.1	A	g11997.t1	A
rna-XM_056780268.1	A	g2288.t2	A
rna-XM_056780273.1	A	g11204.t2	A
rna-XM_056780271.1	A	g11745.t1	A
rna-XM_056780265.1	A	g11746.t2	A
rna-XM_056780960.1	A	g12005.t1	A
rna-XM_056781161.1	A	g11748.t1	A
rna-XM_056781114.1	A	g2150.t1	A
rna-XM_056781112.1	A	g9942.t1	A
rna-XM_056781115.1	A	g9469.t1	A
rna-XM_056780931.1	A	g14274.t1	A
rna-XM_056780929.1	A	g10584.t1	A
rna-XM_056780939.1	A	g13697.t1	A
rna-XM_056780932.1	A	g13185.t1	A
rna-XM_056780831.1	A	g10534.t1	A
rna-XM_056780940.1	A	g2355.t1	A
rna-XM_056782195.1	A	g3765.t1	A
rna-XM_056780880.1	A	g3764.t1	A
rna-XM_056781319.1	A	g2340.t1	A
rna-XM_056781322.1	A	g2370.t1	A
rna-XM_056780961.1	A	g10680.t1	A
rna-XM_056780832.1	A	g4771.t1	A
rna-XM_056781591.1	A	g4524.t1	A
rna-XM_056781014.1	A	g10683.t1	A
rna-XM_056780338.1	A	g14207.t1	A
rna-XM_056780184.1	A	g7816.t1	A
rna-XM_056780186.1	A	g11879.t1	A
rna-XM_056780187.1	A	g12844.t1	A
rna-XM_056781626.1	A	g7817.t1	A
rna-XM_056780954.1	A	g7818.t1	A
rna-XM_056780779.1	A	g11881.t2	A
rna-XM_056780379.1	A	g14056.t1	A
rna-XM_056780834.1	A	g2711.t1	A
rna-XM_056780741.1	A	g14273.t1	A
rna-XM_056781365.1	A	g941.t1	A
rna-XM_056780673.1	A	g14272.t1	A
rna-XM_056780073.1	A	g2687.t1	A
rna-XM_056781982.1	A	g587.t1	A
rna-XM_056781984.1	A	g14586.t1	A
rna-XM_056780928.1	A	g14584.t1	A
rna-XM_056781589.1	A	g14594.t1	A
rna-XM_056780871.1	A	g3425.t1	A
rna-XM_056780151.1	A	g2372.t1	A
rna-XM_056780148.1	A	g2371.t1	A
rna-XM_056781222.1	A	g7765.t1	A
rna-XM_056780767.1	A	g3424.t1	A
rna-XM_056781660.1	A	g10399.t1	A
rna-XM_056781654.1	A	g8848.t1	A
rna-XM_056781661.1	A	g8849.t1	A
rna-XM_056781562.1	A	g4364.t2	A
rna-XM_056780530.1	A	g4365.t1	A
rna-XM_056780987.1	A	g562.t1	A
rna-XM_056780287.1	A	g4154.t2	A
rna-XM_056780872.1	A	g4142.t1	A
rna-XM_056780306.1	A	g4143.t1	A
rna-XM_056780294.1	A	g4949.t2	A
rna-XM_056780310.1	A	g14744.t1	A
rna-XM_056780312.1	A	g10854.t1	A
rna-XM_056781693.1	A	g1929.t1	A
rna-XM_056781701.1	A	g1926.t1	A
rna-XM_056781702.1	A	g12346.t1	A
rna-XM_056781703.1	A	g8765.t1	A
rna-XM_056781708.1	A	g1975.t1	A
rna-XM_056781717.1	A	g13333.t1	A
rna-XM_056781722.1	A	g12603.t1	A
rna-XM_056780337.1	A	g10605.t1	A
rna-XM_056781078.1	A	g3524.t1	A
rna-XM_056781730.1	A	g12697.t1	A
rna-XM_056781080.1	A	g3535.t1	A
rna-XM_056780862.1	A	g3538.t1	A
rna-XM_056780582.1	A	g4310.t1	A
rna-XM_056781734.1	A	g524.t1	A
rna-XM_056781800.1	A	g9959.t1	A
rna-XM_056781808.1	A	g988.t1	A
rna-XM_056781809.1	A	g10642.t1	A
rna-XM_056781811.1	A	g3537.t1	A
rna-XM_056781813.1	A	g9384.t1	A
rna-XM_056781816.1	A	g9708.t1	A
rna-XM_056781818.1	A	g4311.t1	A
rna-XM_056781815.1	A	g10118.t1	A
rna-XM_056781819.1	A	g1810.t1	A
rna-XM_056781821.1	A	g13898.t2	A
rna-XM_056781822.1	A	g1811.t1	A
rna-XM_056781826.1	A	g11047.t1	A
rna-XM_056781827.1	A	g2383.t2	A
rna-XM_056781832.1	A	g2381.t1	A
rna-XM_056781838.1	A	g7672.t1	A
rna-XM_056780685.1	A	g14694.t1	A
rna-XM_056781740.1	A	g14692.t1	A
rna-XM_056780744.1	A	g14691.t1	A
rna-XM_056781741.1	A	g760.t1	A
rna-XM_056781168.1	A	g761.t1	A
rna-XM_056781169.1	A	g762.t1	A
rna-XM_056780561.1	A	g5272.t1	A
rna-XM_056780074.1	A	g764.t1	A
rna-XM_056780075.1	A	g712.t1	A
rna-XM_056780809.1	A	g763.t2	A
rna-XM_056780587.1	A	g5824.t2	A
rna-XM_056780512.1	A	g10873.t1	A
rna-XM_056782201.1	A	g1071.t1	A
rna-XM_056782205.1	A	g8659.t1	A
rna-XM_056782207.1	A	g14028.t1	A
rna-XM_056782208.1	A	g2399.t1	A
rna-XM_056780569.1	A	g659.t1	A
rna-XM_056781742.1	A	g13305.t1	A
rna-XM_056781342.1	A	g13308.t1	A
rna-XM_056782083.1	A	g3350.t1	A
rna-XM_056781325.1	A	g2398.t1	A
rna-XM_056780504.1	A	g4485.t1	A
rna-XM_056781316.1	A	g4997.t3	A
rna-XM_056780978.1	A	g4998.t1	A
rna-XM_056781517.1	A	g4996.t1	A
rna-XM_056780096.1	A	g4995.t1	A
rna-XM_056780092.1	A	g13469.t1	A
rna-XM_056780583.1	A	g14111.t1	A
rna-XM_056782221.1	A	g143.t1	A
rna-XM_056782213.1	A	g142.t1	A
rna-XM_056782223.1	A	g141.t1	A
rna-XM_056782222.1	A	g138.t1	A
rna-XM_056780454.1	A	g986.t1	A
rna-XM_056782128.1	A	g13874.t1	A
rna-XM_056781016.1	A	g4484.t1	A
rna-XM_056781022.1	A	g9789.t1	A
rna-XM_056781745.1	A	g3991.t1	A
rna-XM_056781859.1	A	g10369.t2	A
rna-XM_056781561.1	A	g9681.t1	A
rna-XM_056780778.1	A	g9961.t1	A
rna-XM_056780777.1	A	g9963.t1	A
rna-XM_056780776.1	A	g9964.t1	A
rna-XM_056781033.1	A	g9966.t1	A
rna-XM_056781648.1	A	g9969.t1	A
rna-XM_056780997.1	A	g9885.t1	A
rna-XM_056780996.1	A	g9957.t1	A
rna-XM_056781035.1	A	g9960.t1	A
rna-XM_056781018.1	A	g13940.t1	A
rna-XM_056781019.1	A	g4232.t1	A
rna-XM_056781392.1	A	g8035.t2	A
rna-XM_056780678.1	A	g8034.t1	A
rna-XM_056780950.1	A	g8136.t1	A
rna-XM_056781749.1	A	g8135.t1	A
rna-XM_056780547.1	A	g8133.t1	A
rna-XM_056781107.1	A	g8467.t1	A
rna-XM_056781121.1	A	g11582.t2	A
rna-XM_056781122.1	A	g9387.t1	A
rna-XM_056781120.1	A	g5338.t1	A
rna-XM_056781666.1	A	g14077.t1	A
rna-XM_056780887.1	A	g8156.t1	A
rna-XM_056780886.1	A	g9822.t1	A
rna-XM_056780890.1	A	g8915.t1	A
rna-XM_056780895.1	A	g8487.t3	A
rna-XM_056780889.1	A	g5101.t1	A
rna-XM_056780896.1	A	g5449.t3	A
rna-XM_056780899.1	A	g7317.t1	A
rna-XM_056780894.1	A	g2327.t1	A
rna-XM_056780893.1	A	g2310.t1	A
rna-XM_056781396.1	A	g4486.t1	A
rna-XM_056781381.1	A	g2315.t1	A
rna-XM_056781374.1	A	g2318.t1	A
rna-XM_056781382.1	A	g2320.t2	A
rna-XM_056780371.1	A	g2329.t1	A
rna-XM_056780372.1	A	g2328.t2	A
rna-XM_056780328.1	A	g4291.t1	A
rna-XM_056780326.1	A	g4488.t1	A
rna-XM_056780327.1	A	g2321.t1	A
rna-XM_056781779.1	A	g5447.t1	A
rna-XM_056781782.1	A	g10293.t1	A
rna-XM_056781783.1	A	g2326.t1	A
rna-XM_056781750.1	A	g2325.t1	A
rna-XM_056781784.1	A	g13564.t1	A
rna-XM_056781348.1	A	g4259.t2	A
rna-XM_056781353.1	A	g8989.t1	A
rna-XM_056781058.1	A	g10393.t1	A
rna-XM_056781057.1	A	g10304.t1	A
rna-XM_056781059.1	A	g10388.t2	A
rna-XM_056781063.1	A	g10387.t1	A
rna-XM_056781066.1	A	g10389.t1	A
rna-XM_056781067.1	A	g10303.t1	A
rna-XM_056780572.1	A	g1274.t1	A
rna-XM_056781552.1	A	g10395.t1	A
rna-XM_056781551.1	A	g10396.t2	A
rna-XM_056781553.1	A	g10397.t1	A
rna-XM_056781556.1	A	g458.t1	A
rna-XM_056780340.1	A	g10164.t1	A
rna-XM_056780332.1	A	g10163.t2	A
rna-XM_056782197.1	A	g103.t2	A
rna-XM_056781015.1	A	g9539.t1	A
rna-XM_056780437.1	A	g9876.t1	A
rna-XM_056780059.1	A	g9875.t1	A
rna-XM_056780061.1	A	g10363.t3	A
rna-XM_056780070.1	A	g10362.t1	A
rna-XM_056780366.1	A	g10361.t1	A
rna-XM_056780759.1	A	g10373.t1	A
rna-XM_056781752.1	A	g10376.t1	A
rna-XM_056780906.1	A	g10379.t1	A
rna-XM_056781999.1	A	g8479.t1	A
rna-XM_056781574.1	A	g9980.t1	A
rna-XM_056781846.1	A	g9981.t1	A
rna-XM_056781849.1	A	g9982.t1	A
rna-XM_056781848.1	A	g13127.t1	A
rna-XM_056781843.1	A	g11226.t1	A
rna-XM_056781845.1	A	g9984.t1	A
rna-XM_056781844.1	A	g10141.t1	A
rna-XM_056781521.1	A	g6081.t1	A
rna-XM_056781987.1	A	g13921.t1	A
rna-XM_056781988.1	A	g13923.t2	A
rna-XM_056781990.1	A	g13924.t1	A
rna-XM_056781069.1	A	g4390.t1	A
rna-XM_056781071.1	A	g13566.t1	A
rna-XM_056781072.1	A	g13927.t1	A
rna-XM_056781074.1	A	g13930.t2	A
rna-XM_056782085.1	A	g5561.t1	A
rna-XM_056782259.1	A	g8191.t1	A
rna-XM_056782251.1	A	g8189.t3	A
rna-XM_056782249.1	A	g11595.t1	A
rna-XM_056780901.1	A	g5648.t1	A
rna-XM_056781582.1	A	g204.t1	A
rna-XM_056780089.1	A	g1338.t2	A
rna-XM_056780090.1	A	g2702.t1	A
rna-XM_056780361.1	A	g3793.t1	A
rna-XM_056780885.1	A	g4594.t1	A
rna-XM_056781754.1	A	g4595.t1	A
rna-XM_056780838.1	A	g13104.t1	A
rna-XM_056780842.1	A	g747.t1	A
rna-XM_056781623.1	A	g11137.t1	A
rna-XM_056781617.1	A	g10576.t1	A
rna-XM_056780953.1	A	g11446.t1	A
rna-XM_056780573.1	A	g11411.t1	A
rna-XM_056780360.1	A	g11412.t2	A
rna-XM_056781757.1	A	g2247.t1	A
rna-XM_056781885.1	A	g13925.t1	A
rna-XM_056781883.1	A	g13235.t2	A
rna-XM_056780876.1	A	g4183.t1	A
rna-XM_056780500.1	A	g7686.t1	A
rna-XM_056780584.1	A	g7689.t1	A
rna-XM_056781558.1	A	g7691.t2	A
rna-XM_056780769.1	A	g4267.t2	A
rna-XM_056780189.1	A	g8348.t1	A
rna-XM_056781577.1	A	g9657.t1	A
rna-XM_056781578.1	A	g8803.t1	A
rna-XM_056781295.1	A	g6831.t1	A
rna-XM_056780671.1	A	g6388.t1	A
rna-XM_056780879.1	A	g2110.t1	A
rna-XM_056782002.1	A	g2113.t1	A
rna-XM_056780245.1	A	g2114.t2	A
rna-XM_056781345.1	A	g6.t1	A
rna-XM_056781758.1	A	g13657.t1	A
rna-XM_056780789.1	A	g5368.t1	A
rna-XM_056780788.1	A	g13508.t1	A
rna-XM_056780793.1	A	g7185.t1	A
rna-XM_056780790.1	A	g7187.t1	A
rna-XM_056782063.1	A	g10799.t1	A
rna-XM_056782120.1	A	g10793.t1	A
rna-XM_056782121.1	A	g2580.t1	A
rna-XM_056780805.1	A	g3123.t1	A
rna-XM_056780532.1	A	g10945.t2	A
rna-XM_056780536.1	A	g10042.t1	A
rna-XM_056780537.1	A	g7122.t1	A
rna-XM_056780538.1	A	g7206.t1	A
rna-XM_056780750.1	A	g2088.t1	A
rna-XM_056780902.1	A	g10713.t1	A
rna-XM_056781324.1	A	g13035.t1	A
rna-XM_056780729.1	A	g9740.t3	A
rna-XM_056782019.1	A	g11287.t1	A
rna-XM_056782027.1	A	g688.t1	A
rna-XM_056782030.1	A	g13457.t1	A
rna-XM_056782031.1	A	g663.t2	A
rna-XM_056782034.1	A	g10803.t1	A
rna-XM_056780973.1	A	g4251.t1	A
rna-XM_056781491.1	A	g10946.t1	A
rna-XM_056781899.1	A	g11440.t1	A
rna-XM_056781900.1	A	g11168.t1	A
rna-XM_056781902.1	A	g11385.t1	A
rna-XM_056781903.1	A	g11384.t1	A
rna-XM_056781904.1	A	g4262.t1	A
rna-XM_056781905.1	A	g11395.t1	A
rna-XM_056781907.1	A	g4263.t1	A
rna-XM_056781910.1	A	g4434.t1	A
rna-XM_056781911.1	A	g1008.t1	A
rna-XM_056781912.1	A	g9733.t1	A
rna-XM_056781913.1	A	g2490.t1	A
rna-XM_056781915.1	A	g8287.t1	A
rna-XM_056781918.1	A	g8440.t1	A
rna-XM_056781921.1	A	g11025.t1	A
rna-XM_056781922.1	A	g8465.t1	A
rna-XM_056781928.1	A	g5152.t2	A
rna-XM_056781927.1	A	g495.t1	A
rna-XM_056781926.1	A	g8084.t1	A
rna-XM_056781933.1	A	g7548.t1	A
rna-XM_056780782.1	A	g7328.t1	A
rna-XM_056780783.1	A	g11394.t1	A
rna-XM_056780785.1	A	g13422.t2	A
rna-XM_056780552.1	A	g14140.t1	A
rna-XM_056782130.1	A	g1383.t1	A
rna-XM_056782135.1	A	g7735.t1	A
rna-XM_056782137.1	A	g4438.t1	A
rna-XM_056782136.1	A	g4435.t2	A
rna-XM_056780955.1	A	g339.t1	A
rna-XM_056780771.1	A	g11339.t1	A
rna-XM_056781213.1	A	g341.t1	A
rna-XM_056780828.1	A	g342.t1	A
rna-XM_056782035.1	A	g12911.t1	A
rna-XM_056781547.1	A	g12910.t1	A
rna-XM_056780616.1	A	g10689.t1	A
rna-XM_056781652.1	A	g10691.t1	A
rna-XM_056781762.1	A	g4850.t1	A
rna-XM_056782182.1	A	g8252.t4	A
rna-XM_056782177.1	A	g9170.t1	A
rna-XM_056782176.1	A	g7322.t2	A
rna-XM_056782186.1	A	g7323.t1	A
rna-XM_056780086.1	A	g3150.t1	A
rna-XM_056780085.1	A	g3420.t1	A
rna-XM_056781003.1	A	g5044.t1	A
rna-XM_056781000.1	A	g9165.t1	A
rna-XM_056781001.1	A	g9167.t1	A
rna-XM_056780531.1	A	g5043.t1	A
rna-XM_056780801.1	A	g5042.t1	A
rna-XM_056780833.1	A	g13123.t1	A
rna-XM_056780283.1	A	g13124.t1	A
rna-XM_056780816.1	A	g13128.t1	A
rna-XM_056780822.1	A	g13129.t1	A
rna-XM_056780823.1	A	g13130.t1	A
rna-XM_056780341.1	A	g13131.t1	A
rna-XM_056780847.1	A	g13132.t1	A
rna-XM_056781340.1	A	g9169.t1	A
rna-XM_056781079.1	A	g13133.t1	A
rna-XM_056781509.1	A	g2115.t1	A
rna-XM_056781338.1	A	g7094.t1	A
rna-XM_056781403.1	A	g7095.t1	A
rna-XM_056781402.1	A	g7088.t1	A
rna-XM_056780698.1	A	g11442.t1	A
rna-XM_056780700.1	A	g7091.t1	A
rna-XM_056780595.1	A	g3891.t1	A
rna-XM_056781539.1	A	g3851.t1	A
rna-XM_056781764.1	A	g3850.t1	A
rna-XM_056780761.1	A	g3847.t1	A
rna-XM_056780748.1	A	g3888.t1	A
rna-XM_056780524.1	A	g3886.t1	A
rna-XM_056780528.1	A	g3626.t1	A
rna-XM_056780450.1	A	g8331.t1	A
rna-XM_056780798.1	A	g8332.t1	A
rna-XM_056780196.1	A	g13749.t1	A
rna-XM_056781851.1	A	g13751.t1	A
rna-XM_056780378.1	A	g9281.t1	A
rna-XM_056781789.1	A	g9283.t2	A
rna-XM_056781795.1	A	g9284.t2	A
rna-XM_056781794.1	A	g9282.t1	A
rna-XM_056781686.1	A	g11680.t1	A
rna-XM_056781679.1	A	g11681.t1	A
rna-XM_056781690.1	A	g8936.t1	A
rna-XM_056781765.1	A	g11685.t1	A
rna-XM_056781681.1	A	g7702.t1	A
rna-XM_056781672.1	A	g7704.t1	A
rna-XM_056781687.1	A	g1664.t1	X
rna-XM_056781682.1	A	g7707.t2	A
rna-XM_056781767.1	A	g9312.t1	A
rna-XM_056780988.1	A	g9306.t1	A
rna-XM_056780687.1	A	g3212.t1	A
rna-XM_056781770.1	A	g4753.t1	A
rna-XM_056780853.1	A	g5615.t1	A
rna-XM_056780851.1	A	g8968.t1	A
rna-XM_056781136.1	A	g12089.t1	A
rna-XM_056781139.1	A	g9014.t1	A
rna-XM_056781138.1	A	g12253.t1	A
rna-XM_056781130.1	A	g12252.t1	A
rna-XM_056781144.1	A	g12254.t1	A
rna-XM_056781393.1	A	g12255.t1	A
rna-XM_056780682.1	A	g8993.t1	A
rna-XM_056780684.1	A	g8990.t1	A
rna-XM_056782164.1	A	g11671.t1	A
rna-XM_056782160.1	A	g11673.t1	A
rna-XM_056780565.1	A	g11672.t1	A
rna-XM_056781290.1	A	g11669.t1	A
rna-XM_056781286.1	A	g11668.t2	A
rna-XM_056781285.1	A	g11667.t1	A
rna-XM_056781214.1	A	g7179.t2	A
rna-XM_056781950.1	A	g11947.t1	A
rna-XM_056781953.1	A	g11946.t1	A
rna-XM_056781952.1	A	g8974.t1	A
rna-XM_056781956.1	A	g11968.t1	A
rna-XM_056782229.1	A	g11705.t1	A
rna-XM_056782224.1	A	g11707.t1	A
rna-XM_056780662.1	A	g11708.t1	A
rna-XM_056780766.1	A	g11710.t1	A
rna-XM_056781383.1	A	g11711.t2	A
rna-XM_056781327.1	A	g11703.t1	A
rna-XM_056781328.1	A	g8222.t2	A
rna-XM_056781330.1	A	g11965.t1	A
rna-XM_056781329.1	A	g11966.t1	A
rna-XM_056781334.1	A	g9013.t1	A
rna-XM_056781336.1	A	g9012.t1	A
rna-XM_056780510.1	A	g14139.t1	A
rna-XM_056780511.1	A	g14133.t1	A
rna-XM_056780966.1	A	g14134.t2	A
rna-XM_056781569.1	A	g14136.t1	A
rna-XM_056781595.1	A	g14132.t1	A
rna-XM_056781596.1	A	g14131.t1	A
rna-XM_056781602.1	A	g14130.t1	A
rna-XM_056781600.1	A	g13695.t1	A
rna-XM_056781773.1	A	g704.t2	A
rna-XM_056781606.1	A	g14143.t1	A
rna-XM_056781604.1	A	g8202.t1	A
rna-XM_056781608.1	A	g8203.t1	A
rna-XM_056781609.1	A	g7678.t1	A
rna-XM_056781612.1	A	g7679.t1	A
rna-XM_056781774.1	A	g12821.t1	A
rna-XM_056781611.1	A	g1268.t1	A
rna-XM_056781613.1	A	g936.t1	A
rna-XM_056781581.1	A	g3649.t1	A
rna-XM_056781580.1	A	g3648.t1	A
rna-XM_056781775.1	A	g3641.t1	A
rna-XM_056780596.1	A	g3640.t2	A
rna-XM_056782067.1	A	g10575.t2	A
rna-XM_056780578.1	A	g11178.t1	A
rna-XM_056780336.1	A	g12882.t1	A
rna-XM_056782234.1	A	g1843.t2	A
rna-XM_056782235.1	A	g2112.t1	A
rna-XM_056782236.1	A	g12663.t1	A
rna-XM_056780836.1	A	g2092.t1	A
rna-XM_056780442.1	A	g11390.t1	A
rna-XM_056780446.1	A	g7897.t1	A
rna-XM_056781586.1	A	g12402.t1	A
rna-XM_056782174.1	A	g10732.t1	A
rna-XM_056782175.1	A	g4208.t1	A
rna-XM_056782166.1	A	g12747.t1	A
rna-XM_056782173.1	A	g7758.t1	A
rna-XM_056782168.1	A	g8873.t1	A
rna-XM_056782172.1	A	g7952.t1	A
rna-XM_056780621.1	A	g7951.t1	A
rna-XM_056780620.1	A	g7948.t1	A
rna-XM_056780720.1	A	g7032.t1	A
rna-XM_056780054.1	A	g7033.t1	A
rna-XM_056780056.1	A	g9548.t1	A
rna-XM_056780057.1	A	g9549.t1	A
rna-XM_056781397.1	A	g595.t1	A
rna-XM_056781398.1	A	g2378.t1	A
rna-XM_056780344.1	A	g594.t2	A
rna-XM_056781777.1	A	g915.t2	A
rna-XM_056780345.1	A	g12371.t1	A
rna-XM_056780342.1	A	g917.t1	A
rna-XM_056780439.1	A	g7670.t2	A
rna-XM_056781005.1	A	g11387.t1	A
rna-XM_056780957.1	A	g8291.t1	A
rna-XM_056781490.1	A	g12334.t1	A
rna-XM_056781172.1	A	g7898.t1	A
rna-XM_056781182.1	A	g12332.t1	A
rna-XM_056781177.1	A	g12330.t1	A
rna-XM_056781188.1	A	g12331.t1	A
rna-XM_056781190.1	A	g12818.t1	A
rna-XM_056781189.1	A	g6573.t1	A
rna-XM_056781185.1	A	g10420.t1	A
rna-XM_056781186.1	A	g10419.t1	A
rna-XM_056781187.1	A	g5707.t1	A
rna-XM_056781193.1	A	g10308.t1	A
rna-XM_056781192.1	A	g6672.t1	A
rna-XM_056781367.1	A	g12817.t1	A
rna-XM_056781373.1	A	g12816.t2	A
rna-XM_056780373.1	A	g12822.t1	A
rna-XM_056780999.1	A	g12819.t1	A
rna-XM_056780982.1	A	g12322.t1	A
rna-XM_056780509.1	A	g12321.t1	A
rna-XM_056782245.1	A	g12323.t1	A
rna-XM_056782240.1	A	g12324.t2	A
rna-XM_056782246.1	A	g12325.t1	A
rna-XM_056782118.1	A	g12326.t1	A
rna-XM_056782115.1	A	g12328.t1	A
rna-XM_056780780.1	A	g12327.t1	A
rna-XM_056781123.1	A	g12664.t1	A
rna-XM_056780365.1	A	g11608.t1	A
rna-XM_056780602.1	A	g4433.t2	A
rna-XM_056780607.1	A	g4432.t2	A
rna-XM_056780726.1	A	g9262.t1	A
rna-XM_056781384.1	A	g4431.t1	A
rna-XM_056780415.1	A	g4427.t2	A
rna-XM_056780414.1	A	g13993.t1	A
rna-XM_056780424.1	A	g4428.t2	A
rna-XM_056781778.1	A	g2041.t1	A
rna-XM_056780417.1	A	g13955.t1	A
rna-XM_056780802.1	A	g12063.t1	A
rna-XM_056780803.1	A	g12228.t1	A
rna-XM_056781077.1	A	g12226.t1	A
rna-XM_056781203.1	A	g12065.t1	A
rna-XM_056781568.1	A	g11988.t1	A
rna-XM_056781567.1	A	g11976.t1	A
rna-XM_056780985.1	A	g11978.t2	A
rna-XM_056780178.1	A	g11977.t7	A
rna-XM_056780154.1	A	g8560.t1	A
rna-XM_056780152.1	A	g13952.t1	A
rna-XM_056780992.1	A	g8916.t1	A
rna-XM_056780353.1	A	g8917.t1	A
rna-XM_056780358.1	A	g8913.t1	A
rna-XM_056780355.1	A	g2188.t2	A
rna-XM_056780359.1	A	g4728.t1	A
rna-XM_056780225.1	A	g4727.t1	A
rna-XM_056780230.1	A	g5142.t1	A
rna-XM_056780233.1	A	g5143.t1	A
rna-XM_056780447.1	A	g3422.t1	A
rna-XM_056780908.1	A	g14009.t1	A
rna-XM_056781023.1	A	g14006.t1	A
rna-XM_056783155.1	A	g3328.t1	A
rna-XM_056783691.1	A	g13854.t1	A
rna-XM_056783694.1	A	g11980.t1	A
rna-XM_056783110.1	A	g9550.t1	A
rna-XM_056783113.1	A	g860.t1	A
rna-XM_056782747.1	A	g13806.t1	A
rna-XM_056782480.1	A	g12312.t1	A
rna-XM_056783475.1	A	g3327.t1	A
rna-XM_056783466.1	A	g6575.t1	A
rna-XM_056783471.1	A	g161.t1	A
rna-XM_056783481.1	A	g13721.t1	A
rna-XM_056783480.1	A	g2489.t1	A
rna-XM_056783153.1	A	g940.t1	A
rna-XM_056783154.1	A	g950.t2	A
rna-XM_056783797.1	A	g6191.t3	A
rna-XM_056783177.1	A	g6189.t1	A
rna-XM_056782364.1	A	g2443.t1	A
rna-XM_056782366.1	A	g9826.t1	A
rna-XM_056782367.1	A	g4424.t1	A
rna-XM_056782361.1	A	g4425.t1	A
rna-XM_056782354.1	A	g4401.t1	A
rna-XM_056782376.1	A	g11323.t1	A
rna-XM_056782357.1	A	g126.t1	A
rna-XM_056782375.1	A	g12164.t1	A
rna-XM_056782355.1	A	g5662.t1	A
rna-XM_056782352.1	A	g12146.t1	A
rna-XM_056782365.1	A	g5651.t1	A
rna-XM_056782382.1	A	g11365.t1	A
rna-XM_056782727.1	A	g14076.t1	A
rna-XM_056782729.1	A	g14075.t1	A
rna-XM_056783493.1	A	g4399.t1	A
rna-XM_056783494.1	A	g14078.t1	A
rna-XM_056782842.1	A	g4400.t1	A
rna-XM_056783265.1	A	g14074.t1	A
rna-XM_056783266.1	A	g10411.t1	A
rna-XM_056783267.1	A	g9174.t1	A
rna-XM_056783268.1	A	g9900.t1	A
rna-XM_056783271.1	A	g3819.t1	A
rna-XM_056783270.1	A	g10714.t1	A
rna-XM_056783272.1	A	g9530.t1	A
rna-XM_056783275.1	A	g9898.t1	A
rna-XM_056783274.1	A	g1277.t1	A
rna-XM_056783276.1	A	g2362.t2	A
rna-XM_056783278.1	A	g9528.t1	A
rna-XM_056783330.1	A	g9907.t1	A
rna-XM_056782751.1	A	g14073.t1	A
rna-XM_056782722.1	A	g14033.t1	A
rna-XM_056782723.1	A	g10724.t1	A
rna-XM_056782956.1	A	g10725.t1	A
rna-XM_056782992.1	A	g9526.t1	A
rna-XM_056782993.1	A	g9908.t1	A
rna-XM_056783315.1	A	g12869.t1	A
rna-XM_056782714.1	A	g9223.t2	A
rna-XM_056782711.1	A	g9723.t1	A
rna-XM_056783531.1	A	g8024.t1	A
rna-XM_056783538.1	A	g10740.t1	A
rna-XM_056783533.1	A	g10741.t2	A
rna-XM_056783536.1	A	g9763.t1	A
rna-XM_056783539.1	A	g10911.t1	A
rna-XM_056783540.1	A	g7183.t2	A
rna-XM_056783541.1	A	g10885.t1	A
rna-XM_056783628.1	A	g13725.t1	A
rna-XM_056783190.1	A	g10888.t1	A
rna-XM_056783317.1	A	g1310.t1	A
rna-XM_056782790.1	A	g1308.t3	A
rna-XM_056782793.1	A	g13164.t1	A
rna-XM_056782798.1	A	g5993.t1	A
rna-XM_056782799.1	A	g1553.t1	X
rna-XM_056782797.1	A	g9121.t1	A
rna-XM_056782677.1	A	g9123.t1	A
rna-XM_056783321.1	A	g9124.t1	A
rna-XM_056782460.1	A	g9103.t1	A
rna-XM_056782839.1	A	g9104.t1	A
rna-XM_056783027.1	A	g9128.t1	A
rna-XM_056783029.1	A	g9129.t1	A
rna-XM_056782970.1	A	g9118.t2	A
rna-XM_056782974.1	A	g9115.t1	A
rna-XM_056782976.1	A	g9120.t1	A
rna-XM_056782477.1	A	g9113.t1	A
rna-XM_056782476.1	A	g9114.t1	A
rna-XM_056782478.1	A	g14763.t1	A
rna-XM_056782766.1	A	g4391.t4	A
rna-XM_056782776.1	A	g4392.t1	A
rna-XM_056782780.1	A	g12644.t1	A
rna-XM_056782775.1	A	g11607.t1	A
rna-XM_056782781.1	A	g8177.t1	A
rna-XM_056782783.1	A	g7203.t1	A
rna-XM_056782784.1	A	g7204.t1	A
rna-XM_056782773.1	A	g7209.t1	A
rna-XM_056782785.1	A	g8520.t1	A
rna-XM_056782786.1	A	g1307.t1	A
rna-XM_056783516.1	A	g13606.t1	A
rna-XM_056783518.1	A	g8855.t1	A
rna-XM_056783519.1	A	g8854.t1	A
rna-XM_056783523.1	A	g3431.t1	A
rna-XM_056783546.1	A	g14248.t1	A
rna-XM_056782468.1	A	g14249.t1	A
rna-XM_056783023.1	A	g14253.t1	A
rna-XM_056783024.1	A	g8170.t1	A
rna-XM_056782653.1	A	g349.t1	A
rna-XM_056782864.1	A	g1228.t2	A
rna-XM_056782626.1	A	g9834.t1	A
rna-XM_056782624.1	A	g14467.t1	A
rna-XM_056782627.1	A	g1382.t1	A
rna-XM_056782628.1	A	g9756.t1	A
rna-XM_056782715.1	A	g12861.t1	A
rna-XM_056782979.1	A	g2387.t1	A
rna-XM_056782384.1	A	g4338.t1	A
rna-XM_056782880.1	A	g4331.t1	A
rna-XM_056783324.1	A	g4330.t1	A
rna-XM_056782764.1	A	g4329.t2	A
rna-XM_056783448.1	A	g4389.t1	A
rna-XM_056783445.1	A	g9108.t1	A
rna-XM_056783449.1	A	g9110.t1	A
rna-XM_056783219.1	A	g9109.t1	A
rna-XM_056783796.1	A	g4388.t2	A
rna-XM_056782553.1	A	g9154.t1	A
rna-XM_056782572.1	A	g9152.t1	A
rna-XM_056782571.1	A	g9112.t1	A
rna-XM_056782552.1	A	g9111.t1	A
rna-XM_056782557.1	A	g4386.t1	A
rna-XM_056783228.1	A	g2482.t1	A
rna-XM_056783325.1	A	g2480.t1	A
rna-XM_056783237.1	A	g2478.t1	A
rna-XM_056783025.1	A	g2477.t2	A
rna-XM_056783558.1	A	g9899.t1	A
rna-XM_056783559.1	A	g12443.t1	A
rna-XM_056782994.1	A	g6700.t1	A
rna-XM_056782904.1	A	g5996.t1	A
rna-XM_056782905.1	A	g13163.t2	A
rna-XM_056782911.1	A	g13458.t1	A
rna-XM_056782590.1	A	g6976.t1	A
rna-XM_056782462.1	A	g12396.t1	A
rna-XM_056782788.1	A	g2136.t1	A
rna-XM_056783337.1	A	g12243.t1	A
rna-XM_056782541.1	A	g8835.t1	A
rna-XM_056782540.1	A	g8834.t1	A
rna-XM_056782486.1	A	g8860.t1	A
rna-XM_056782489.1	A	g8861.t1	A
rna-XM_056782740.1	A	g8859.t1	A
rna-XM_056782417.1	A	g8856.t1	A
rna-XM_056782843.1	A	g2040.t1	A
rna-XM_056782844.1	A	g6117.t1	A
rna-XM_056783508.1	A	g4393.t1	A
rna-XM_056783510.1	A	g8524.t2	A
rna-XM_056783594.1	A	g8886.t1	A
rna-XM_056783595.1	A	g8178.t1	A
rna-XM_056783340.1	A	g9075.t1	A
rna-XM_056783356.1	A	g8279.t1	A
rna-XM_056782597.1	A	g1100.t1	A
rna-XM_056782599.1	A	g1099.t1	A
rna-XM_056782600.1	A	g3736.t1	A
rna-XM_056782739.1	A	g8256.t2	A
rna-XM_056783299.1	A	g8255.t1	A
rna-XM_056783307.1	A	g218.t1	A
rna-XM_056783305.1	A	g8254.t1	A
rna-XM_056783306.1	A	g8159.t1	A
rna-XM_056782651.1	A	g10239.t1	A
rna-XM_056782542.1	A	g10238.t1	A
rna-XM_056783109.1	A	g4406.t1	A
rna-XM_056783098.1	A	g530.t1	A
rna-XM_056782424.1	A	g6340.t1	A
rna-XM_056782998.1	A	g531.t1	A
rna-XM_056783367.1	A	g3449.t1	A
rna-XM_056783205.1	A	g10020.t1	A
rna-XM_056782678.1	A	g10024.t1	A
rna-XM_056783170.1	A	g537.t1	A
rna-XM_056782664.1	A	g10006.t1	A
rna-XM_056782596.1	A	g534.t1	A
rna-XM_056782333.1	A	g1339.t1	A
rna-XM_056782337.1	A	g1340.t1	A
rna-XM_056782997.1	A	g10180.t2	A
rna-XM_056783128.1	A	g544.t2	A
rna-XM_056782396.1	A	g6829.t1	A
rna-XM_056782392.1	A	g10694.t1	A
rna-XM_056782393.1	A	g5646.t1	A
rna-XM_056783222.1	A	g12102.t1	A
rna-XM_056782584.1	A	g12348.t1	A
rna-XM_056782269.1	A	g12349.t1	A
rna-XM_056782270.1	A	g9680.t1	A
rna-XM_056782855.1	A	g12350.t1	A
rna-XM_056783607.1	A	g12351.t1	A
rna-XM_056783608.1	A	g681.t1	A
rna-XM_056783609.1	A	g680.t1	A
rna-XM_056783086.1	A	g1095.t1	A
rna-XM_056783084.1	A	g1094.t1	A
rna-XM_056783371.1	A	g13535.t1	A
rna-XM_056783370.1	A	g13534.t1	A
rna-XM_056783372.1	A	g13538.t1	A
rna-XM_056782615.1	A	g13539.t1	A
rna-XM_056783261.1	A	g848.t1	A
rna-XM_056783464.1	A	g10867.t1	A
rna-XM_056783457.1	A	g10864.t2	A
rna-XM_056782827.1	A	g10865.t1	A
rna-XM_056782858.1	A	g3194.t1	A
rna-XM_056783377.1	A	g7569.t1	A
rna-XM_056783172.1	A	g3191.t1	A
rna-XM_056782746.1	A	g3189.t1	A
rna-XM_056782745.1	A	g3188.t1	A
rna-XM_056783610.1	A	g10692.t1	A
rna-XM_056783688.1	A	g10693.t1	A
rna-XM_056783016.1	A	g14282.t1	A
rna-XM_056783019.1	A	g465.t1	A
rna-XM_056783358.1	A	g14057.t2	A
rna-XM_056783360.1	A	g10715.t1	A
rna-XM_056783357.1	A	g9735.t1	A
rna-XM_056783364.1	A	g10654.t1	A
rna-XM_056783361.1	A	g4521.t1	A
rna-XM_056783366.1	A	g11581.t1	A
rna-XM_056782530.1	A	g7732.t1	A
rna-XM_056783075.1	A	g4504.t1	A
rna-XM_056782736.1	A	g4680.t1	A
rna-XM_056782737.1	A	g7494.t1	A
rna-XM_056782962.1	A	g857.t2	A
rna-XM_056783090.1	A	g858.t1	A
rna-XM_056783095.1	A	g4103.t1	A
rna-XM_056782876.1	A	g3197.t2	A
rna-XM_056782734.1	A	g4326.t1	A
rna-XM_056782881.1	A	g4325.t1	A
rna-XM_056782882.1	A	g5957.t1	A
rna-XM_056782887.1	A	g8943.t1	A
rna-XM_056782885.1	A	g14032.t1	A
rna-XM_056782886.1	A	g9182.t1	A
rna-XM_056783381.1	A	g8433.t1	A
rna-XM_056783636.1	A	g14245.t1	A
rna-XM_056783637.1	A	g13341.t1	A
rna-XM_056783641.1	A	g8519.t1	A
rna-XM_056783643.1	A	g7117.t1	A
rna-XM_056783644.1	A	g7118.t1	A
rna-XM_056782741.1	A	g2647.t1	A
rna-XM_056782742.1	A	g7116.t1	A
rna-XM_056783058.1	A	g9839.t1	A
rna-XM_056783264.1	A	g1018.t1	A
rna-XM_056782383.1	A	g11859.t1	A
rna-XM_056782985.1	A	g5801.t1	A
rna-XM_056783036.1	A	g5802.t1	A
rna-XM_056783035.1	A	g6917.t1	A
rna-XM_056782405.1	A	g6916.t1	A
rna-XM_056783126.1	A	g7608.t1	A
rna-XM_056783146.1	A	g1306.t1	A
rna-XM_056782807.1	A	g8436.t1	A
rna-XM_056783040.1	A	g8438.t1	A
rna-XM_056783055.1	A	g10727.t2	A
rna-XM_056783241.1	A	g12337.t1	A
rna-XM_056782603.1	A	g8862.t1	A
rna-XM_056782609.1	A	g13460.t1	A
rna-XM_056782611.1	A	g13461.t1	A
rna-XM_056783198.1	A	g13482.t1	A
rna-XM_056783386.1	A	g120.t1	A
rna-XM_056783059.1	A	g121.t1	A
rna-XM_056783292.1	A	g81.t1	A
rna-XM_056783706.1	A	g80.t5	A
rna-XM_056783087.1	A	g1163.t1	A
rna-XM_056782338.1	A	g1164.t2	A
rna-XM_056782348.1	A	g7807.t1	A
rna-XM_056783570.1	A	g5978.t2	A
rna-XM_056783574.1	A	g5987.t1	A
rna-XM_056783573.1	A	g1167.t1	A
rna-XM_056783387.1	A	g10916.t2	A
rna-XM_056783388.1	A	g10682.t1	A
rna-XM_056782894.1	A	g10918.t1	A
rna-XM_056782509.1	A	g10919.t1	A
rna-XM_056782725.1	A	g10920.t1	A
rna-XM_056782581.1	A	g117.t1	A
rna-XM_056783389.1	A	g114.t1	A
rna-XM_056782919.1	A	g9726.t3	A
rna-XM_056782669.1	A	g14386.t1	A
rna-XM_056783046.1	A	g240.t1	A
rna-XM_056782756.1	A	g237.t1	A
rna-XM_056783135.1	A	g242.t1	A
rna-XM_056782548.1	A	g8406.t1	A
rna-XM_056783067.1	A	g9082.t1	A
rna-XM_056782692.1	A	g9083.t1	A
rna-XM_056782688.1	A	g9084.t1	A
rna-XM_056782689.1	A	g9234.t1	A
rna-XM_056783083.1	A	g8412.t1	A
rna-XM_056782544.1	A	g8410.t1	A
rna-XM_056782950.1	A	g9179.t1	A
rna-XM_056782995.1	A	g8488.t1	A
rna-XM_056782388.1	A	g9721.t1	A
rna-XM_056782685.1	A	g8891.t1	A
rna-XM_056782658.1	A	g8867.t1	A
rna-XM_056782656.1	A	g8865.t1	A
rna-XM_056783248.1	A	g8864.t1	A
rna-XM_056783249.1	A	g686.t1	A
rna-XM_056783250.1	A	g5427.t1	Y
rna-XM_056783251.1	A	g687.t1	A
rna-XM_056783256.1	A	g4385.t1	A
rna-XM_056782349.1	A	g13232.t1	A
rna-XM_056782897.1	A	g13244.t2	A
rna-XM_056782845.1	A	g13239.t1	A
rna-XM_056782837.1	A	g13245.t1	A
rna-XM_056782390.1	A	g13246.t1	A
rna-XM_056783623.1	A	g5798.t1	A
rna-XM_056783626.1	A	g5800.t1	A
rna-XM_056782965.1	A	g3365.t1	A
rna-XM_056782852.1	A	g6202.t1	A
rna-XM_056782902.1	A	g9191.t1	A
rna-XM_056782671.1	A	g7213.t1	A
rna-XM_056782674.1	A	g7194.t1	A
rna-XM_056782978.1	A	g7202.t1	A
rna-XM_056783118.1	A	g886.t1	A
rna-XM_056783002.1	A	g13485.t1	A
rna-XM_056782999.1	A	g8863.t1	A
rna-XM_056782820.1	A	g6975.t1	A
rna-XM_056782601.1	A	g10722.t1	A
rna-XM_056782686.1	A	g10720.t1	A
rna-XM_056782702.1	A	g10721.t2	A
rna-XM_056783108.1	A	g2388.t1	A
rna-XM_056783107.1	A	g2393.t1	A
rna-XM_056782853.1	A	g2391.t2	A
rna-XM_056783391.1	A	g3761.t1	A
rna-XM_056782930.1	A	g572.t1	A
rna-XM_056782934.1	A	g415.t1	A
rna-XM_056783496.1	A	g7102.t1	A
rna-XM_056783497.1	A	g404.t1	A
rna-XM_056783501.1	A	g5723.t1	A
rna-XM_056783394.1	A	g14762.t1	A
rna-XM_056783504.1	A	g5765.t1	A
rna-XM_056782510.1	A	g3034.t1	A
rna-XM_056782511.1	A	g3044.t1	A
rna-XM_056783341.1	A	g3426.t1	A
rna-XM_056783345.1	A	g3427.t1	A
rna-XM_056782433.1	A	g3428.t1	A
rna-XM_056782703.1	A	g3419.t2	A
rna-XM_056782420.1	A	g5557.t1	A
rna-XM_056782421.1	A	g8386.t1	A
rna-XM_056782730.1	A	g1115.t1	A
rna-XM_056783069.1	A	g5955.t1	A
rna-XM_056783560.1	A	g3308.t1	A
rna-XM_056783396.1	A	g3307.t1	A
rna-XM_056783563.1	A	g3306.t1	A
rna-XM_056783565.1	A	g5961.t1	A
rna-XM_056783064.1	A	g5960.t1	A
rna-XM_056782663.1	A	g3947.t1	A
rna-XM_056783183.1	A	g9807.t1	A
rna-XM_056783697.1	A	g10841.t1	A
rna-XM_056783695.1	A	g9841.t1	A
rna-XM_056782591.1	A	g9842.t1	A
rna-XM_056782731.1	A	g9838.t1	A
rna-XM_056783208.1	A	g9808.t1	A
rna-XM_056782579.1	A	g9068.t1	A
rna-XM_056783439.1	A	g9069.t2	A
rna-XM_056783073.1	A	g10477.t1	A
rna-XM_056782699.1	A	g6154.t1	A
rna-XM_056783440.1	A	g10759.t1	A
rna-XM_056783066.1	A	g6155.t2	A
rna-XM_056783062.1	A	g6036.t1	A
rna-XM_056783734.1	A	g13073.t1	A
rna-XM_056783733.1	A	g6980.t1	A
rna-XM_056783512.1	A	g3944.t1	A
rna-XM_056783511.1	A	g3714.t1	A
rna-XM_056783186.1	A	g12369.t1	A
rna-XM_056782961.1	A	g12370.t1	A
rna-XM_056782891.1	A	g12373.t1	A
rna-XM_056783309.1	A	g12374.t1	A
rna-XM_056782531.1	A	g12377.t1	A
rna-XM_056782830.1	A	g12380.t1	A
rna-XM_056783048.1	A	g10603.t1	A
rna-XM_056782264.1	A	g14069.t2	A
rna-XM_056782619.1	A	g2845.t1	X
rna-XM_056782621.1	A	g8376.t1	A
rna-XM_056782707.1	A	g8377.t2	A
rna-XM_056782763.1	A	g8378.t1	A
rna-XM_056783031.1	A	g8383.t1	A
rna-XM_056782588.1	A	g4356.t2	A
rna-XM_056783336.1	A	g8198.t1	A
rna-XM_056783726.1	A	g10914.t1	A
rna-XM_056783003.1	A	g10886.t1	A
rna-XM_056783217.1	A	g6265.t1	A
rna-XM_056783188.1	A	g8514.t1	A
rna-XM_056783187.1	A	g11969.t1	A
rna-XM_056782744.1	A	g275.t1	A
rna-XM_056783119.1	A	g13822.t1	A
rna-XM_056782418.1	A	g12439.t1	A
rna-XM_056782989.1	A	g13840.t1	A
rna-XM_056782391.1	A	g13826.t1	A
rna-XM_056782328.1	A	g13836.t1	A
rna-XM_056783605.1	A	g11878.t1	A
rna-XM_056783606.1	A	g14318.t1	A
rna-XM_056782551.1	A	g2367.t3	A
rna-XM_056783743.1	A	g14309.t1	A
rna-XM_056782913.1	A	g14802.t1	A
rna-XM_056783401.1	A	g5647.t1	A
rna-XM_056783402.1	A	g12108.t1	A
rna-XM_056783406.1	A	g12113.t1	A
rna-XM_056783410.1	A	g12114.t1	A
rna-XM_056783414.1	A	g1813.t1	A
rna-XM_056783412.1	A	g12140.t1	A
rna-XM_056783413.1	A	g994.t1	A
rna-XM_056783415.1	A	g1673.t1	X
rna-XM_056783420.1	A	g211.t2	A
rna-XM_056783417.1	A	g208.t1	A
rna-XM_056783424.1	A	g205.t1	A
rna-XM_056783428.1	A	g14790.t1	A
rna-XM_056783429.1	A	g14791.t3	A
rna-XM_056783430.1	A	g14792.t2	A
rna-XM_056783748.1	A	g9172.t1	A
rna-XM_056783749.1	A	g14797.t1	A
rna-XM_056783432.1	A	g14796.t2	A
rna-XM_056783434.1	A	g14798.t2	A
rna-XM_056783431.1	A	g9319.t1	A
rna-XM_056783597.1	A	g9347.t2	A
rna-XM_056783602.1	A	g555.t1	A
rna-XM_056783603.1	A	g556.t1	A
rna-XM_056782681.1	A	g12759.t1	A
rna-XM_056782682.1	A	g12756.t1	A
rna-XM_056782684.1	A	g2337.t1	A
rna-XM_056782679.1	A	g148.t1	A
rna-XM_056782648.1	A	g12924.t1	A
rna-XM_056782646.1	A	g14755.t1	A
rna-XM_056782647.1	A	g14756.t1	A
rna-XM_056782981.1	A	g14757.t1	A
rna-XM_056782983.1	A	g6763.t1	A
rna-XM_056783068.1	A	g11221.t1	A
rna-XM_056782524.1	A	g11222.t4	A
rna-XM_056782272.1	A	g11161.t1	A
rna-XM_056782273.1	A	g11162.t1	A
rna-XM_056782274.1	A	g11160.t1	A
rna-XM_056782280.1	A	g6838.t1	A
rna-XM_056782285.1	A	g9727.t1	A
rna-XM_056782286.1	A	g5334.t1	A
rna-XM_056782287.1	A	g11492.t2	A
rna-XM_056782288.1	A	g11391.t1	A
rna-XM_056782290.1	A	g12751.t1	A
rna-XM_056782297.1	A	g12661.t1	A
rna-XM_056782298.1	A	g11220.t1	A
rna-XM_056782300.1	A	g11158.t1	A
rna-XM_056783750.1	A	g11156.t1	A
rna-XM_056782302.1	A	g9658.t1	A
rna-XM_056782301.1	A	g12118.t1	A
rna-XM_056782303.1	A	g12117.t1	A
rna-XM_056783751.1	A	g207.t1	A
rna-XM_056782308.1	A	g995.t1	A
rna-XM_056782305.1	A	g8206.t1	A
rna-XM_056782310.1	A	g8211.t1	A
rna-XM_056782313.1	A	g6429.t1	A
rna-XM_056782315.1	A	g10709.t4	A
rna-XM_056782317.1	A	g6440.t1	A
rna-XM_056782319.1	A	g8453.t1	A
rna-XM_056782321.1	A	g6441.t1	A
rna-XM_056783650.1	A	g332.t1	A
rna-XM_056783648.1	A	g325.t1	A
rna-XM_056783652.1	A	g13315.t1	A
rna-XM_056783653.1	A	g13317.t1	A
rna-XM_056783654.1	A	g13318.t1	A
rna-XM_056783655.1	A	g13314.t1	A
rna-XM_056783656.1	A	g9672.t1	A
rna-XM_056783657.1	A	g6839.t1	A
rna-XM_056783660.1	A	g6007.t1	A
rna-XM_056783661.1	A	g6008.t1	A
rna-XM_056783671.1	A	g6009.t1	A
rna-XM_056783674.1	A	g6005.t2	A
rna-XM_056783679.1	A	g13099.t1	A
rna-XM_056783584.1	A	g13121.t1	A
rna-XM_056783585.1	A	g13025.t2	A
rna-XM_056783043.1	A	g10116.t2	A
rna-XM_056783106.1	A	g1010.t1	A
rna-XM_056782482.1	A	g7772.t1	A
rna-XM_056782787.1	A	g8205.t1	A
rna-XM_056783116.1	A	g7773.t1	A
rna-XM_056783071.1	A	g337.t2	A
rna-XM_056783037.1	A	g14141.t1	A
rna-XM_056783117.1	A	g14142.t1	A
rna-XM_056782824.1	A	g3430.t1	A
rna-XM_056783618.1	A	g4781.t1	A
rna-XM_056783622.1	A	g9471.t1	A
rna-XM_056783575.1	A	g4981.t1	A
rna-XM_056783576.1	A	g4982.t1	A
rna-XM_056783760.1	A	g9461.t1	A
rna-XM_056783583.1	A	g9459.t2	A
rna-XM_056783578.1	A	g14344.t1	A
rna-XM_056783582.1	A	g14345.t1	A
rna-XM_056782875.1	A	g14347.t1	A
rna-XM_056782866.1	A	g1042.t1	A
rna-XM_056783634.1	A	g658.t1	A
rna-XM_056783142.1	A	g5699.t1	A
rna-XM_056782964.1	A	g8400.t1	A
rna-XM_056783761.1	A	g4670.t1	A
rna-XM_056783762.1	A	g4297.t1	A
rna-XM_056782826.1	A	g7983.t1	A
rna-XM_056782968.1	A	g4991.t1	A
rna-XM_056783134.1	A	g4990.t1	A
rna-XM_056782710.1	A	g2180.t1	A
rna-XM_056782454.1	A	g11108.t2	A
rna-XM_056782455.1	A	g13094.t1	A
rna-XM_056782862.1	A	g2777.t1	A
rna-XM_056782899.1	A	g4682.t1	A
rna-XM_056782592.1	A	g4776.t1	A
rna-XM_056783169.1	A	g12654.t1	A
rna-XM_056783168.1	A	g7099.t1	A
rna-XM_056783125.1	A	g405.t1	A
rna-XM_056783057.1	A	g14227.t1	A
rna-XM_056783483.1	A	g298.t1	A
rna-XM_056783061.1	A	g299.t1	A
rna-XM_056783596.1	A	g174.t1	A
rna-XM_056782643.1	A	g176.t1	A
rna-XM_056782892.1	A	g177.t1	A
rna-XM_056782528.1	A	g328.t1	A
rna-XM_056783123.1	A	g1043.t1	A
rna-XM_056783568.1	A	g968.t1	A
rna-XM_056783101.1	A	g5898.t1	A
rna-XM_056783102.1	A	g5899.t1	A
rna-XM_056783161.1	A	g5907.t1	A
rna-XM_056783164.1	A	g5730.t1	A
rna-XM_056782408.1	A	g5729.t1	A
rna-XM_056783281.1	A	g3349.t1	A
rna-XM_056783282.1	A	g8330.t1	A
rna-XM_056782802.1	A	g1044.t1	A
rna-XM_056783586.1	A	g12859.t1	A
rna-XM_056783589.1	A	g12736.t1	A
rna-XM_056782670.1	A	g11714.t1	A
rna-XM_056782988.1	A	g11217.t1	A
rna-XM_056782446.1	A	g12217.t1	A
rna-XM_056782452.1	A	g12222.t1	A
rna-XM_056782818.1	A	g12062.t2	A
rna-XM_056782819.1	A	g8306.t1	A
rna-XM_056782409.1	A	g12061.t2	A
rna-XM_056782539.1	A	g9216.t2	A
rna-XM_056783045.1	A	g10662.t1	A
rna-XM_056782410.1	A	g7714.t1	A
rna-XM_056783776.1	A	g217.t1	A
rna-XM_056782414.1	A	g13548.t2	A
rna-XM_056783240.1	A	g13549.t1	A
rna-XM_056782586.1	A	g6792.t1	A
rna-XM_056783778.1	A	g9988.t1	A
rna-XM_056783514.1	A	g9662.t2	A
rna-XM_056783515.1	A	g9655.t1	A
rna-XM_056783022.1	A	g2239.t1	A
rna-XM_056783338.1	A	g12362.t1	A
rna-XM_056783148.1	A	g5656.t1	A
rna-XM_056782481.1	A	g7004.t1	A
rna-XM_056782967.1	A	g7003.t1	A
rna-XM_056783115.1	A	g12779.t1	A
rna-XM_056783779.1	A	g4296.t1	A
rna-XM_056783078.1	A	g12787.t2	A
rna-XM_056782547.1	A	g11122.t1	A
rna-XM_056782822.1	A	g7324.t1	A
rna-XM_056783530.1	A	g12659.t1	A
rna-XM_056783209.1	A	g12750.t1	A
rna-XM_056783089.1	A	g14573.t1	A
rna-XM_056783049.1	A	g4371.t1	A
rna-XM_056782400.1	A	g11396.t1	A
rna-XM_056783782.1	A	g10341.t1	A
rna-XM_056782402.1	A	g4240.t1	A
rna-XM_056782816.1	A	g10804.t1	A
rna-XM_056782397.1	A	g11441.t2	A
rna-XM_056782399.1	A	g6750.t1	A
rna-XM_056782398.1	A	g6751.t1	A
rna-XM_056783104.1	A	g5151.t1	A
rna-XM_056783103.1	A	g919.t1	A
rna-XM_056782929.1	A	g14675.t1	A
rna-XM_056782938.1	A	g9795.t1	A
rna-XM_056782935.1	A	g9791.t1	A
rna-XM_056782942.1	A	g9790.t1	A
rna-XM_056782943.1	A	g9796.t1	A
rna-XM_056783195.1	A	g9788.t1	A
rna-XM_056782594.1	A	g3785.t1	A
rna-XM_056783143.1	A	g9809.t1	A
rna-XM_056782490.1	A	g532.t1	A
rna-XM_056782491.1	A	g533.t1	A
rna-XM_056782498.1	A	g399.t1	A
rna-XM_056782496.1	A	g5908.t1	A
rna-XM_056782495.1	A	g14114.t1	A
rna-XM_056782499.1	A	g4441.t1	A
rna-XM_056782501.1	A	g4442.t1	A
rna-XM_056782502.1	A	g4443.t1	A
rna-XM_056782507.1	A	g4445.t1	A
rna-XM_056782508.1	A	g4447.t1	A
rna-XM_056782977.1	A	g4446.t1	A
rna-XM_056783783.1	A	g4448.t1	A
rna-XM_056783015.1	A	g3859.t1	A
rna-XM_056783012.1	A	g3895.t1	A
rna-XM_056783011.1	A	g8809.t1	A
rna-XM_056783010.1	A	g1223.t1	A
rna-XM_056783007.1	A	g3646.t1	A
rna-XM_056783005.1	A	g3645.t1	A
rna-XM_056783785.1	A	g2731.t1	A
rna-XM_056782954.1	A	g10145.t1	A
rna-XM_056782990.1	A	g10144.t4	A
rna-XM_056782951.1	A	g4956.t1	A
rna-XM_056782545.1	A	g5140.t1	A
rna-XM_056782831.1	A	g14116.t1	A
rna-XM_056782836.1	A	g14104.t1	A
rna-XM_056782834.1	A	g14109.t1	A
rna-XM_056782445.1	A	g7994.t1	A
rna-XM_056783105.1	A	g13374.t1	A
rna-XM_056782630.1	A	g7995.t3	A
rna-XM_056782642.1	A	g7988.t1	A
rna-XM_056783631.1	A	g7996.t1	A
rna-XM_056783633.1	A	g7914.t2	A
rna-XM_056783524.1	A	g7917.t1	A
rna-XM_056783526.1	A	g7915.t1	A
rna-XM_056783529.1	A	g10268.t1	A
rna-XM_056782521.1	A	g7141.t1	A
rna-XM_056782575.1	A	g10327.t1	A
rna-XM_056782406.1	A	g10295.t2	A
rna-XM_056783790.1	A	g3629.t1	A
rna-XM_056782515.1	A	g8119.t1	A
rna-XM_056782841.1	A	g2333.t1	A
rna-XM_056783283.1	A	g10285.t1	A
rna-XM_056783288.1	A	g2853.t1	X
rna-XM_056783291.1	A	g9552.t1	A
rna-XM_056783285.1	A	g7685.t1	A
rna-XM_056782577.1	A	g7684.t1	A
rna-XM_056783792.1	A	g11449.t1	A
rna-XM_056783097.1	A	g10071.t1	A
rna-XM_056783215.1	A	g3897.t1	A
rna-XM_056782325.1	A	g12588.t1	A
rna-XM_056782327.1	A	g2289.t2	A
rna-XM_056782326.1	A	g4987.t1	A
rna-XM_056782944.1	A	g4985.t1	A
rna-XM_056782946.1	A	g4984.t2	A
rna-XM_056782947.1	A	g9164.t1	A
rna-XM_056782948.1	A	g655.t1	A
rna-XM_056783810.1	A	g654.t1	A
rna-XM_056783811.1	A	g13499.t1	A
rna-XM_056783813.1	A	g1203.t1	A
rna-XM_056783815.1	A	g1201.t4	A
rna-XM_056783823.1	A	g1194.t1	A
rna-XM_056783827.1	A	g1202.t1	A
rna-XM_056783829.1	A	g13319.t1	A
rna-XM_056783830.1	A	g7198.t1	A
rna-XM_056783832.1	A	g14070.t1	A
rna-XM_056783834.1	A	g2353.t2	A
rna-XM_056783835.1	A	g9745.t1	A
rna-XM_056783794.1	A	g43.t1	A
rna-XM_056783836.1	A	g5965.t1	A
rna-XM_056783839.1	A	g8044.t1	A
rna-XM_056783842.1	A	g10307.t3	A
rna-XM_056783844.1	A	g10416.t1	A
rna-XM_056783848.1	A	g10300.t1	A
rna-XM_056783853.1	A	g3392.t1	A
rna-XM_056783854.1	A	g9513.t1	A
rna-XM_056783855.1	A	g9514.t1	A
rna-XM_056783856.1	A	g14351.t1	A
rna-XM_056783859.1	A	g9562.t1	A
rna-XM_056783860.1	A	g9555.t1	A
rna-XM_056783863.1	A	g9563.t1	A
rna-XM_056783862.1	A	g2764.t1	A
rna-XM_056783864.1	A	g9560.t1	A
rna-XM_056783865.1	A	g9556.t1	A
rna-XM_056784488.1	A	g8129.t1	A
rna-XM_056784293.1	A	g8031.t1	A
rna-XM_056784292.1	A	g8030.t1	A
rna-XM_056784678.1	A	g8151.t1	A
rna-XM_056784677.1	A	g4186.t2	A
rna-XM_056785625.1	A	g4187.t1	A
rna-XM_056785634.1	A	g4188.t1	A
rna-XM_056785636.1	A	g6097.t1	A
rna-XM_056784029.1	A	g12267.t2	A
rna-XM_056784230.1	A	g12269.t1	A
rna-XM_056784979.1	A	g12270.t1	A
rna-XM_056784814.1	A	g12271.t1	A
rna-XM_056784183.1	A	g12058.t1	A
rna-XM_056785616.1	A	g12038.t1	A
rna-XM_056785617.1	A	g6300.t1	A
rna-XM_056784624.1	A	g2244.t1	A
rna-XM_056784829.1	A	g4182.t1	A
rna-XM_056785421.1	A	g7973.t1	A
rna-XM_056785426.1	A	g2377.t1	A
rna-XM_056785427.1	A	g11652.t1	A
rna-XM_056784082.1	A	g10288.t1	A
rna-XM_056785243.1	A	g10699.t1	A
rna-XM_056785233.1	A	g10700.t1	A
rna-XM_056785234.1	A	g10701.t2	A
rna-XM_056785361.1	A	g10702.t1	A
rna-XM_056785370.1	A	g10290.t1	A
rna-XM_056785376.1	A	g1361.t1	A
rna-XM_056785377.1	A	g5182.t1	A
rna-XM_056785367.1	A	g1360.t1	A
rna-XM_056784681.1	A	g1356.t1	A
rna-XM_056784679.1	A	g9891.t1	A
rna-XM_056784249.1	A	g9800.t1	A
rna-XM_056785519.1	A	g9996.t1	A
rna-XM_056784357.1	A	g9995.t1	A
rna-XM_056783872.1	A	g8808.t1	A
rna-XM_056784188.1	A	g8810.t1	A
rna-XM_056784174.1	A	g8812.t1	A
rna-XM_056784752.1	A	g8497.t2	A
rna-XM_056784757.1	A	g8498.t1	A
rna-XM_056784759.1	A	g3263.t1	A
rna-XM_056784760.1	A	g3260.t1	A
rna-XM_056784359.1	A	g3261.t2	A
rna-XM_056784045.1	A	g4113.t1	A
rna-XM_056784047.1	A	g6103.t1	A
rna-XM_056784048.1	A	g6107.t2	A
rna-XM_056784050.1	A	g6105.t1	A
rna-XM_056784051.1	A	g8967.t1	A
rna-XM_056784181.1	A	g14739.t1	A
rna-XM_056784783.1	A	g6178.t2	A
rna-XM_056784306.1	A	g13312.t1	A
rna-XM_056784304.1	A	g6133.t1	A
rna-XM_056784309.1	A	g6301.t2	A
rna-XM_056784329.1	A	g12056.t1	A
rna-XM_056784706.1	A	g12042.t1	A
rna-XM_056785177.1	A	g7170.t1	A
rna-XM_056785174.1	A	g11807.t2	A
rna-XM_056785178.1	A	g5609.t3	A
rna-XM_056785181.1	A	g1552.t1	X
rna-XM_056785187.1	A	g9021.t1	A
rna-XM_056785182.1	A	g7177.t1	A
rna-XM_056785185.1	A	g7167.t2	A
rna-XM_056785189.1	A	g7168.t1	A
rna-XM_056785186.1	A	g7176.t1	A
rna-XM_056785190.1	A	g7175.t1	A
rna-XM_056785183.1	A	g5080.t1	A
rna-XM_056784672.1	A	g7173.t2	A
rna-XM_056784674.1	A	g7174.t1	A
rna-XM_056785417.1	A	g8805.t1	A
rna-XM_056785418.1	A	g7180.t1	A
rna-XM_056785419.1	A	g9289.t1	A
rna-XM_056785420.1	A	g11715.t2	A
rna-XM_056784195.1	A	g12081.t1	A
rna-XM_056784238.1	A	g12178.t1	A
rna-XM_056784231.1	A	g12176.t2	A
rna-XM_056784237.1	A	g12177.t2	A
rna-XM_056784239.1	A	g12175.t2	A
rna-XM_056785001.1	A	g9022.t1	A
rna-XM_056784247.1	A	g9023.t2	A
rna-XM_056785048.1	A	g9017.t1	A
rna-XM_056785047.1	A	g9018.t1	A
rna-XM_056784690.1	A	g5670.t1	A
rna-XM_056784688.1	A	g8806.t1	A
rna-XM_056784689.1	A	g9099.t1	A
rna-XM_056784179.1	A	g9151.t1	A
rna-XM_056784842.1	A	g9096.t1	A
rna-XM_056784834.1	A	g4722.t2	A
rna-XM_056784881.1	A	g9100.t2	A
rna-XM_056784073.1	A	g5888.t1	A
rna-XM_056784318.1	A	g5887.t1	A
rna-XM_056785051.1	A	g8040.t1	A
rna-XM_056784847.1	A	g11833.t1	A
rna-XM_056785395.1	A	g7559.t1	A
rna-XM_056785399.1	A	g8131.t1	A
rna-XM_056785394.1	A	g8081.t2	A
rna-XM_056785398.1	A	g11829.t1	A
rna-XM_056784423.1	A	g14555.t1	A
rna-XM_056784430.1	A	g9751.t2	A
rna-XM_056784431.1	A	g9749.t1	A
rna-XM_056784433.1	A	g7630.t1	A
rna-XM_056784435.1	A	g7629.t1	A
rna-XM_056784437.1	A	g7612.t1	A
rna-XM_056784466.1	A	g14261.t2	A
rna-XM_056784462.1	A	g11192.t1	A
rna-XM_056784862.1	A	g11193.t1	A
rna-XM_056784467.1	A	g11194.t2	A
rna-XM_056784468.1	A	g13248.t1	A
rna-XM_056784470.1	A	g9218.t1	A
rna-XM_056784655.1	A	g12626.t1	A
rna-XM_056784653.1	A	g10282.t1	A
rna-XM_056784658.1	A	g4692.t2	A
rna-XM_056784644.1	A	g959.t1	A
rna-XM_056784659.1	A	g3821.t1	A
rna-XM_056785096.1	A	g13546.t1	A
rna-XM_056785094.1	A	g1844.t1	A
rna-XM_056785100.1	A	g2202.t1	A
rna-XM_056785106.1	A	g10976.t1	A
rna-XM_056784072.1	A	g12634.t1	A
rna-XM_056784991.1	A	g1230.t1	A
rna-XM_056784994.1	A	g10514.t1	A
rna-XM_056784995.1	A	g10515.t1	A
rna-XM_056785012.1	A	g10853.t1	A
rna-XM_056785619.1	A	g7669.t1	A
rna-XM_056785618.1	A	g12186.t1	A
rna-XM_056785620.1	A	g4206.t2	A
rna-XM_056785609.1	A	g13272.t1	A
rna-XM_056784339.1	A	g11654.t1	A
rna-XM_056784337.1	A	g11655.t1	A
rna-XM_056784623.1	A	g13205.t1	A
rna-XM_056784889.1	A	g9748.t2	A
rna-XM_056784890.1	A	g9747.t1	A
rna-XM_056784663.1	A	g2515.t1	A
rna-XM_056784106.1	A	g12315.t1	A
rna-XM_056784770.1	A	g7048.t1	A
rna-XM_056784892.1	A	g6367.t1	A
rna-XM_056784083.1	A	g6370.t1	A
rna-XM_056784726.1	A	g7609.t1	A
rna-XM_056784297.1	A	g2286.t1	A
rna-XM_056784298.1	A	g4889.t3	A
rna-XM_056784362.1	A	g12188.t1	A
rna-XM_056785723.1	A	g12187.t1	A
rna-XM_056785724.1	A	g8605.t1	A
rna-XM_056785726.1	A	g8604.t1	A
rna-XM_056785738.1	A	g6778.t1	A
rna-XM_056785730.1	A	g8597.t1	A
rna-XM_056785727.1	A	g8601.t1	A
rna-XM_056785739.1	A	g8982.t1	A
rna-XM_056785741.1	A	g8984.t2	A
rna-XM_056785736.1	A	g8985.t1	A
rna-XM_056785731.1	A	g8986.t1	A
rna-XM_056785734.1	A	g8675.t1	A
rna-XM_056785732.1	A	g8983.t1	A
rna-XM_056785735.1	A	g700.t1	A
rna-XM_056785744.1	A	g13466.t2	A
rna-XM_056785745.1	A	g13467.t2	A
rna-XM_056785746.1	A	g13465.t1	A
rna-XM_056785749.1	A	g617.t1	A
rna-XM_056785750.1	A	g13032.t3	A
rna-XM_056785753.1	A	g13463.t1	A
rna-XM_056785754.1	A	g14025.t1	A
rna-XM_056785757.1	A	g13462.t1	A
rna-XM_056785758.1	A	g13029.t1	A
rna-XM_056785759.1	A	g13464.t1	A
rna-XM_056785761.1	A	g1070.t2	A
rna-XM_056785768.1	A	g9491.t1	A
rna-XM_056785767.1	A	g9492.t1	A
rna-XM_056785769.1	A	g689.t1	A
rna-XM_056785771.1	A	g702.t1	A
rna-XM_056785772.1	A	g705.t2	A
rna-XM_056785773.1	A	g706.t2	A
rna-XM_056785774.1	A	g5053.t1	A
rna-XM_056785777.1	A	g7938.t1	A
rna-XM_056785780.1	A	g13655.t1	A
rna-XM_056785779.1	A	g13654.t1	A
rna-XM_056785778.1	A	g5054.t1	A
rna-XM_056785775.1	A	g12137.t1	A
rna-XM_056785781.1	A	g14688.t1	A
rna-XM_056785789.1	A	g14689.t1	A
rna-XM_056785783.1	A	g14723.t2	A
rna-XM_056785791.1	A	g14369.t1	A
rna-XM_056785790.1	A	g5251.t1	A
rna-XM_056785782.1	A	g14682.t1	A
rna-XM_056785797.1	A	g14683.t1	A
rna-XM_056785792.1	A	g2044.t2	A
rna-XM_056785794.1	A	g2627.t1	A
rna-XM_056785796.1	A	g6783.t1	A
rna-XM_056785806.1	A	g6266.t2	A
rna-XM_056785807.1	A	g9901.t1	A
rna-XM_056785813.1	A	g9894.t2	A
rna-XM_056785812.1	A	g9897.t2	A
rna-XM_056785817.1	A	g9893.t1	A
rna-XM_056785823.1	A	g1267.t1	A
rna-XM_056785824.1	A	g7699.t2	A
rna-XM_056785825.1	A	g5529.t1	A
rna-XM_056785821.1	A	g5943.t2	A
rna-XM_056785826.1	A	g6730.t1	A
rna-XM_056785828.1	A	g5941.t1	A
rna-XM_056784291.1	A	g9078.t1	A
rna-XM_056784241.1	A	g5937.t1	A
rna-XM_056784901.1	A	g7863.t1	A
rna-XM_056784799.1	A	g5932.t1	A
rna-XM_056784798.1	A	g5931.t1	A
rna-XM_056784903.1	A	g11723.t1	A
rna-XM_056784904.1	A	g11722.t1	A
rna-XM_056784692.1	A	g5552.t1	A
rna-XM_056784268.1	A	g5533.t2	A
rna-XM_056784026.1	A	g12635.t1	A
rna-XM_056784043.1	A	g2706.t1	A
rna-XM_056784044.1	A	g14012.t1	A
rna-XM_056784208.1	A	g12161.t1	A
rna-XM_056784212.1	A	g12688.t1	A
rna-XM_056785143.1	A	g4901.t1	A
rna-XM_056785145.1	A	g4902.t1	A
rna-XM_056785129.1	A	g4903.t3	A
rna-XM_056785147.1	A	g4905.t1	A
rna-XM_056785140.1	A	g2595.t1	A
rna-XM_056784221.1	A	g13834.t1	A
rna-XM_056784170.1	A	g14631.t1	A
rna-XM_056785416.1	A	g14632.t1	A
rna-XM_056784134.1	A	g14633.t2	A
rna-XM_056784136.1	A	g6487.t1	A
rna-XM_056784139.1	A	g6486.t2	A
rna-XM_056784749.1	A	g6484.t1	A
rna-XM_056784734.1	A	g6482.t1	A
rna-XM_056784066.1	A	g4218.t1	A
rna-XM_056784060.1	A	g6871.t1	A
rna-XM_056784057.1	A	g3733.t1	A
rna-XM_056784069.1	A	g4008.t1	A
rna-XM_056784054.1	A	g14495.t1	A
rna-XM_056784062.1	A	g4221.t1	A
rna-XM_056785518.1	A	g4774.t1	A
rna-XM_056784625.1	A	g5946.t1	A
rna-XM_056785685.1	A	g5945.t2	A
rna-XM_056784169.1	A	g5562.t1	A
rna-XM_056783926.1	A	g10681.t1	A
rna-XM_056783927.1	A	g3179.t1	A
rna-XM_056784813.1	A	g3180.t1	A
rna-XM_056784907.1	A	g3181.t1	A
rna-XM_056784149.1	A	g3182.t1	A
rna-XM_056784203.1	A	g12277.t1	A
rna-XM_056784197.1	A	g12278.t2	A
rna-XM_056783873.1	A	g13845.t1	A
rna-XM_056783874.1	A	g985.t1	A
rna-XM_056783875.1	A	g13653.t1	A
rna-XM_056784299.1	A	g14153.t2	A
rna-XM_056784957.1	A	g14150.t3	A
rna-XM_056785671.1	A	g14164.t1	A
rna-XM_056785054.1	A	g115.t1	A
rna-XM_056785053.1	A	g7012.t1	A
rna-XM_056784911.1	A	g3741.t1	A
rna-XM_056784998.1	A	g2284.t1	A
rna-XM_056784627.1	A	g14191.t1	A
rna-XM_056784030.1	A	g11849.t1	A
rna-XM_056784616.1	A	g11755.t1	A
rna-XM_056784775.1	A	g1127.t1	A
rna-XM_056783993.1	A	g4490.t1	A
rna-XM_056784006.1	A	g6921.t1	A
rna-XM_056783994.1	A	g6920.t1	A
rna-XM_056784004.1	A	g3344.t1	A
rna-XM_056784007.1	A	g6912.t2	A
rna-XM_056784005.1	A	g14348.t1	A
rna-XM_056784008.1	A	g3341.t1	A
rna-XM_056783997.1	A	g5794.t2	A
rna-XM_056784369.1	A	g741.t1	A
rna-XM_056784371.1	A	g7960.t1	A
rna-XM_056784372.1	A	g7132.t1	A
rna-XM_056784374.1	A	g7130.t1	A
rna-XM_056784709.1	A	g7128.t1	A
rna-XM_056784708.1	A	g13387.t2	A
rna-XM_056784025.1	A	g7125.t1	A
rna-XM_056785860.1	A	g7126.t1	A
rna-XM_056785861.1	A	g7127.t1	A
rna-XM_056785863.1	A	g9494.t1	A
rna-XM_056785864.1	A	g13597.t1	A
rna-XM_056784267.1	A	g13596.t1	A
rna-XM_056783886.1	A	g6212.t1	A
rna-XM_056783887.1	A	g9744.t1	A
rna-XM_056783888.1	A	g6211.t1	A
rna-XM_056783907.1	A	g3156.t1	A
rna-XM_056783904.1	A	g11649.t1	A
rna-XM_056783901.1	A	g11648.t1	A
rna-XM_056783890.1	A	g11647.t1	A
rna-XM_056783903.1	A	g11646.t1	A
rna-XM_056783899.1	A	g1424.t1	X
rna-XM_056783905.1	A	g6509.t1	A
rna-XM_056783900.1	A	g11623.t1	A
rna-XM_056783897.1	A	g13709.t1	A
rna-XM_056783895.1	A	g3569.t1	A
rna-XM_056783889.1	A	g11643.t1	A
rna-XM_056784732.1	A	g11645.t1	A
rna-XM_056784115.1	A	g11632.t1	A
rna-XM_056785378.1	A	g11630.t1	A
rna-XM_056785380.1	A	g11624.t1	A
rna-XM_056785382.1	A	g11627.t1	A
rna-XM_056785383.1	A	g11635.t1	A
rna-XM_056785381.1	A	g2166.t1	A
rna-XM_056785386.1	A	g11626.t1	A
rna-XM_056785385.1	A	g11625.t1	A
rna-XM_056785056.1	A	g3153.t2	A
rna-XM_056785068.1	A	g3154.t2	A
rna-XM_056785062.1	A	g3155.t1	A
rna-XM_056785061.1	A	g8179.t1	A
rna-XM_056785064.1	A	g6994.t1	A
rna-XM_056785060.1	A	g804.t1	A
rna-XM_056785070.1	A	g805.t1	A
rna-XM_056785074.1	A	g8847.t1	A
rna-XM_056785075.1	A	g8846.t2	A
rna-XM_056785078.1	A	g757.t1	A
rna-XM_056785077.1	A	g756.t1	A
rna-XM_056784017.1	A	g755.t1	A
rna-XM_056784927.1	A	g4535.t1	A
rna-XM_056784928.1	A	g4531.t1	A
rna-XM_056784096.1	A	g7511.t1	A
rna-XM_056784325.1	A	g9578.t1	A
rna-XM_056784742.1	A	g13682.t1	A
rna-XM_056784743.1	A	g13669.t1	A
rna-XM_056784745.1	A	g9564.t1	A
rna-XM_056784930.1	A	g9565.t1	A
rna-XM_056784747.1	A	g2941.t1	A
rna-XM_056785360.1	A	g9567.t2	A
rna-XM_056785652.1	A	g14173.t2	A
rna-XM_056785653.1	A	g4844.t1	A
rna-XM_056785654.1	A	g4809.t3	A
rna-XM_056785148.1	A	g4810.t1	A
rna-XM_056785155.1	A	g2744.t2	A
rna-XM_056785157.1	A	g4843.t1	A
rna-XM_056785158.1	A	g2748.t1	A
rna-XM_056785153.1	A	g4803.t1	A
rna-XM_056785156.1	A	g4845.t1	A
rna-XM_056785159.1	A	g216.t1	A
rna-XM_056784675.1	A	g4808.t3	A
rna-XM_056784676.1	A	g5358.t1	A
rna-XM_056784699.1	A	g9373.t1	A
rna-XM_056784700.1	A	g9372.t1	A
rna-XM_056784931.1	A	g3551.t1	A
rna-XM_056784313.1	A	g3548.t1	A
rna-XM_056784314.1	A	g5310.t1	A
rna-XM_056784315.1	A	g3096.t1	A
rna-XM_056784974.1	A	g7357.t1	A
rna-XM_056784104.1	A	g3515.t1	A
rna-XM_056784936.1	A	g5664.t1	A
rna-XM_056784665.1	A	g13262.t1	A
rna-XM_056785017.1	A	g14241.t1	A
rna-XM_056784161.1	A	g10849.t1	A
rna-XM_056784160.1	A	g7532.t1	A
rna-XM_056784809.1	A	g12625.t1	A
rna-XM_056784810.1	A	g13659.t1	A
rna-XM_056784622.1	A	g7521.t1	A
rna-XM_056784621.1	A	g7366.t1	A
rna-XM_056784684.1	A	g7368.t1	A
rna-XM_056784952.1	A	g14787.t1	A
rna-XM_056784118.1	A	g14226.t1	A
rna-XM_056785013.1	A	g7390.t1	A
rna-XM_056783870.1	A	g9746.t1	A
rna-XM_056784939.1	A	g7905.t1	A
rna-XM_056784246.1	A	g4514.t1	A
rna-XM_056784942.1	A	g4515.t1	A
rna-XM_056784943.1	A	g4516.t1	A
rna-XM_056784944.1	A	g4517.t1	A
rna-XM_056785263.1	A	g3766.t1	A
rna-XM_056785267.1	A	g6283.t1	A
rna-XM_056785265.1	A	g3773.t2	A
rna-XM_056785272.1	A	g3776.t2	A
rna-XM_056785271.1	A	g4518.t1	A
rna-XM_056785270.1	A	g7136.t1	A
rna-XM_056784948.1	A	g3259.t1	A
rna-XM_056785277.1	A	g7133.t1	A
rna-XM_056785279.1	A	g742.t2	A
rna-XM_056785281.1	A	g743.t1	A
rna-XM_056785282.1	A	g10861.t1	A
rna-XM_056785283.1	A	g4580.t1	A
rna-XM_056785286.1	A	g5333.t1	A
rna-XM_056785287.1	A	g883.t1	A
rna-XM_056785289.1	A	g12205.t1	A
rna-XM_056785291.1	A	g14059.t2	A
rna-XM_056785292.1	A	g14030.t1	A
rna-XM_056785294.1	A	g14061.t1	A
rna-XM_056785295.1	A	g7197.t1	A
rna-XM_056785298.1	A	g7196.t1	A
rna-XM_056785319.1	A	g14065.t1	A
rna-XM_056785299.1	A	g14060.t1	A
rna-XM_056785306.1	A	g4426.t2	A
rna-XM_056785315.1	A	g6134.t1	A
rna-XM_056785309.1	A	g3820.t1	A
rna-XM_056785317.1	A	g4418.t1	A
rna-XM_056785314.1	A	g14064.t1	A
rna-XM_056785320.1	A	g13313.t2	A
rna-XM_056785308.1	A	g11586.t1	A
rna-XM_056785303.1	A	g14031.t2	A
rna-XM_056785321.1	A	g7205.t1	A
rna-XM_056784153.1	A	g3157.t1	A
rna-XM_056785258.1	A	g880.t1	A
rna-XM_056785261.1	A	g12101.t1	A
rna-XM_056785262.1	A	g11212.t1	A
rna-XM_056784489.1	A	g11214.t1	A
rna-XM_056785388.1	A	g5878.t1	A
rna-XM_056784985.1	A	g5879.t1	A
rna-XM_056785391.1	A	g6203.t1	A
rna-XM_056784263.1	A	g11227.t1	A
rna-XM_056784264.1	A	g3483.t1	A
rna-XM_056784871.1	A	g3482.t1	A
rna-XM_056784613.1	A	g4562.t1	A
rna-XM_056785528.1	A	g3470.t1	A
rna-XM_056785530.1	A	g3471.t1	A
rna-XM_056784669.1	A	g2577.t3	A
rna-XM_056784670.1	A	g5942.t2	A
rna-XM_056784322.1	A	g7018.t1	A
rna-XM_056784130.1	A	g1350.t1	A
rna-XM_056784133.1	A	g1351.t1	A
rna-XM_056784132.1	A	g1349.t1	A
rna-XM_056784131.1	A	g1348.t1	A
rna-XM_056784220.1	A	g10244.t1	A
rna-XM_056784869.1	A	g10245.t1	A
rna-XM_056785532.1	A	g10246.t1	A
rna-XM_056784502.1	A	g10247.t1	A
rna-XM_056784501.1	A	g10249.t1	A
rna-XM_056784229.1	A	g10126.t3	A
rna-XM_056784255.1	A	g10125.t1	A
rna-XM_056784256.1	A	g10122.t1	A
rna-XM_056785829.1	A	g1327.t1	A
rna-XM_056785848.1	A	g14081.t1	A
rna-XM_056785843.1	A	g1328.t1	A
rna-XM_056785841.1	A	g1329.t1	A
rna-XM_056785842.1	A	g1330.t1	A
rna-XM_056785836.1	A	g14079.t1	A
rna-XM_056785533.1	A	g14080.t1	A
rna-XM_056785837.1	A	g9864.t2	A
rna-XM_056784493.1	A	g10305.t1	A
rna-XM_056784492.1	A	g10155.t1	A
rna-XM_056784498.1	A	g10218.t1	A
rna-XM_056784494.1	A	g10220.t1	A
rna-XM_056785614.1	A	g10219.t1	A
rna-XM_056785611.1	A	g10217.t1	A
rna-XM_056785884.1	A	g10206.t1	A
rna-XM_056785879.1	A	g10209.t1	A
rna-XM_056785722.1	A	g10205.t1	A
rna-XM_056784915.1	A	g10204.t2	A
rna-XM_056784917.1	A	g10203.t1	A
rna-XM_056784363.1	A	g9679.t1	A
rna-XM_056785869.1	A	g9683.t1	A
rna-XM_056785876.1	A	g9884.t1	A
rna-XM_056785878.1	A	g10156.t1	A
rna-XM_056785163.1	A	g14087.t3	A
rna-XM_056785169.1	A	g14088.t3	A
rna-XM_056785168.1	A	g14089.t1	A
rna-XM_056785538.1	A	g14092.t1	A
rna-XM_056784933.1	A	g9881.t1	A
rna-XM_056784187.1	A	g923.t1	A
rna-XM_056784825.1	A	g10043.t1	A
rna-XM_056785410.1	A	g14085.t1	A
rna-XM_056784120.1	A	g14083.t1	A
rna-XM_056785679.1	A	g14082.t1	A
rna-XM_056784822.1	A	g3401.t1	A
rna-XM_056784823.1	A	g6696.t1	A
rna-XM_056784478.1	A	g6697.t1	A
rna-XM_056785030.1	A	g5975.t1	A
rna-XM_056785031.1	A	g6346.t1	A
rna-XM_056785022.1	A	g6906.t2	A
rna-XM_056785020.1	A	g3904.t1	A
rna-XM_056785543.1	A	g3702.t1	A
rna-XM_056785028.1	A	g12412.t2	A
rna-XM_056784878.1	A	g12414.t1	A
rna-XM_056784879.1	A	g12415.t1	A
rna-XM_056785547.1	A	g2067.t1	A
rna-XM_056784865.1	A	g13417.t1	A
rna-XM_056784215.1	A	g9664.t1	A
rna-XM_056785045.1	A	g6377.t1	A
rna-XM_056784087.1	A	g6378.t1	A
rna-XM_056785081.1	A	g6379.t1	A
rna-XM_056784075.1	A	g6380.t1	A
rna-XM_056784077.1	A	g3442.t1	A
rna-XM_056785046.1	A	g5969.t1	A
rna-XM_056784335.1	A	g9880.t1	A
rna-XM_056785555.1	A	g878.t1	A
rna-XM_056784205.1	A	g6376.t1	A
rna-XM_056784723.1	A	g6375.t1	A
rna-XM_056784724.1	A	g13568.t1	A
rna-XM_056784725.1	A	g9666.t2	A
rna-XM_056784716.1	A	g1379.t1	A
rna-XM_056784722.1	A	g9879.t1	A
rna-XM_056784712.1	A	g9889.t2	A
rna-XM_056784721.1	A	g9877.t1	A
rna-XM_056785520.1	A	g9663.t2	A
rna-XM_056785525.1	A	g13450.t1	A
rna-XM_056784956.1	A	g13574.t1	A
rna-XM_056784124.1	A	g6402.t1	A
rna-XM_056784125.1	A	g6403.t1	A
rna-XM_056784811.1	A	g6544.t1	A
rna-XM_056784193.1	A	g6543.t1	A
rna-XM_056785002.1	A	g6641.t1	A
rna-XM_056784787.1	A	g6527.t1	A
rna-XM_056785328.1	A	g14814.t1	A
rna-XM_056785333.1	A	g9878.t1	A
rna-XM_056785335.1	A	g6533.t1	A
rna-XM_056785336.1	A	g6534.t1	A
rna-XM_056785342.1	A	g6637.t4	A
rna-XM_056785171.1	A	g13031.t1	A
rna-XM_056785172.1	A	g13030.t1	A
rna-XM_056784152.1	A	g13037.t1	A
rna-XM_056783914.1	A	g13039.t1	A
rna-XM_056784150.1	A	g13040.t1	A
rna-XM_056784781.1	A	g13041.t1	A
rna-XM_056784158.1	A	g13042.t1	A
rna-XM_056784129.1	A	g13043.t1	A
rna-XM_056785357.1	A	g5026.t1	A
rna-XM_056785358.1	A	g5027.t1	A
rna-XM_056784379.1	A	g13506.t1	A
rna-XM_056784095.1	A	g5028.t1	A
rna-XM_056785858.1	A	g13504.t1	A
rna-XM_056784148.1	A	g8469.t1	A
rna-XM_056785415.1	A	g8466.t1	A
rna-XM_056785563.1	A	g11079.t1	A
rna-XM_056784113.1	A	g8456.t1	A
rna-XM_056784248.1	A	g8405.t1	A
rna-XM_056784192.1	A	g7153.t1	A
rna-XM_056783908.1	A	g7154.t1	A
rna-XM_056784686.1	A	g7150.t1	A
rna-XM_056783968.1	A	g7149.t1	A
rna-XM_056783967.1	A	g1002.t1	A
rna-XM_056783966.1	A	g6840.t1	A
rna-XM_056783969.1	A	g9671.t1	A
rna-XM_056783960.1	A	g9660.t1	A
rna-XM_056783961.1	A	g9661.t3	A
rna-XM_056783962.1	A	g13583.t1	A
rna-XM_056783959.1	A	g11242.t1	A
rna-XM_056783971.1	A	g12879.t1	A
rna-XM_056783931.1	A	g13198.t1	A
rna-XM_056783933.1	A	g13197.t1	A
rna-XM_056783935.1	A	g13194.t1	A
rna-XM_056783937.1	A	g13193.t1	A
rna-XM_056785570.1	A	g12854.t1	A
rna-XM_056783947.1	A	g13199.t1	A
rna-XM_056783948.1	A	g3141.t1	A
rna-XM_056785571.1	A	g1172.t1	A
rna-XM_056783950.1	A	g3142.t1	A
rna-XM_056783951.1	A	g13644.t1	A
rna-XM_056783954.1	A	g13561.t1	A
rna-XM_056785710.1	A	g13580.t1	A
rna-XM_056785719.1	A	g13581.t1	A
rna-XM_056785721.1	A	g3845.t1	A
rna-XM_056785574.1	A	g4033.t1	A
rna-XM_056785343.1	A	g13563.t1	A
rna-XM_056785347.1	A	g13562.t1	A
rna-XM_056785344.1	A	g13033.t1	A
rna-XM_056785355.1	A	g960.t1	A
rna-XM_056785348.1	A	g13034.t1	A
rna-XM_056785356.1	A	g13145.t1	A
rna-XM_056784190.1	A	g13144.t1	A
rna-XM_056784279.1	A	g13139.t4	A
rna-XM_056784735.1	A	g13137.t1	A
rna-XM_056784661.1	A	g13136.t1	A
rna-XM_056784296.1	A	g12621.t1	A
rna-XM_056785577.1	A	g11113.t1	A
rna-XM_056785578.1	A	g10153.t1	A
rna-XM_056784987.1	A	g11083.t1	A
rna-XM_056784973.1	A	g11084.t1	A
rna-XM_056784843.1	A	g11085.t1	A
rna-XM_056784378.1	A	g4926.t1	A
rna-XM_056783955.1	A	g12618.t1	A
rna-XM_056784368.1	A	g13989.t1	A
rna-XM_056784733.1	A	g10924.t1	A
rna-XM_056785888.1	A	g9920.t2	A
rna-XM_056784097.1	A	g7925.t1	A
rna-XM_056784748.1	A	g7931.t1	A
rna-XM_056784216.1	A	g7932.t1	A
rna-XM_056784277.1	A	g10923.t1	A
rna-XM_056785019.1	A	g12622.t1	A
rna-XM_056785018.1	A	g2614.t1	A
rna-XM_056785324.1	A	g8075.t1	A
rna-XM_056785325.1	A	g8121.t1	A
rna-XM_056785326.1	A	g8120.t1	A
rna-XM_056785327.1	A	g8118.t1	A
rna-XM_056784820.1	A	g8117.t1	A
rna-XM_056785680.1	A	g8114.t1	A
rna-XM_056785682.1	A	g8113.t1	A
rna-XM_056784078.1	A	g8110.t1	A
rna-XM_056784632.1	A	g3997.t1	A
rna-XM_056784697.1	A	g8109.t1	A
rna-XM_056784360.1	A	g7741.t1	A
rna-XM_056784035.1	A	g2753.t1	A
rna-XM_056784127.1	A	g9743.t1	A
rna-XM_056784101.1	A	g13901.t1	A
rna-XM_056785849.1	A	g5102.t2	A
rna-XM_056785193.1	A	g7378.t1	A
rna-XM_056785192.1	A	g6298.t1	A
rna-XM_056785194.1	A	g5812.t1	A
rna-XM_056785197.1	A	g14290.t1	A
rna-XM_056785195.1	A	g14291.t2	A
rna-XM_056785202.1	A	g6294.t2	A
rna-XM_056785210.1	A	g7465.t1	X
rna-XM_056785198.1	A	g226.t1	A
rna-XM_056785200.1	A	g6299.t1	A
rna-XM_056785208.1	A	g5813.t1	A
rna-XM_056785211.1	A	g5773.t1	A
rna-XM_056785214.1	A	g6295.t2	A
rna-XM_056785213.1	A	g5771.t2	A
rna-XM_056785216.1	A	g5772.t1	A
rna-XM_056785217.1	A	g1749.t1	A
rna-XM_056785218.1	A	g9451.t1	A
rna-XM_056785221.1	A	g3661.t1	A
rna-XM_056785220.1	A	g3762.t1	A
rna-XM_056785222.1	A	g3763.t1	A
rna-XM_056785223.1	A	g3652.t1	A
rna-XM_056785227.1	A	g3651.t1	A
rna-XM_056785228.1	A	g3657.t2	A
rna-XM_056784739.1	A	g3659.t1	A
rna-XM_056784738.1	A	g3653.t1	A
rna-XM_056784185.1	A	g3655.t1	A
rna-XM_056784186.1	A	g11561.t1	A
rna-XM_056784808.1	A	g3718.t1	A
rna-XM_056784252.1	A	g10529.t1	A
rna-XM_056784253.1	A	g10530.t1	A
rna-XM_056784349.1	A	g10110.t1	A
rna-XM_056784354.1	A	g9210.t1	A
rna-XM_056784310.1	A	g9414.t1	A
rna-XM_056784157.1	A	g14733.t1	A
rna-XM_056784964.1	A	g7968.t1	A
rna-XM_056784504.1	A	g13147.t1	A
rna-XM_056784509.1	A	g13150.t2	A
rna-XM_056784503.1	A	g6918.t1	A
rna-XM_056784507.1	A	g7028.t2	A
rna-XM_056784511.1	A	g7027.t2	A
rna-XM_056785587.1	A	g7013.t1	A
rna-XM_056785588.1	A	g13710.t1	A
rna-XM_056784518.1	A	g14020.t1	A
rna-XM_056784520.1	A	g5650.t1	A
rna-XM_056784521.1	A	g14051.t1	A
rna-XM_056784523.1	A	g636.t1	A
rna-XM_056784527.1	A	g725.t2	A
rna-XM_056784531.1	A	g1063.t1	A
rna-XM_056784537.1	A	g625.t2	A
rna-XM_056784533.1	A	g1064.t2	A
rna-XM_056784539.1	A	g623.t1	A
rna-XM_056784540.1	A	g213.t1	A
rna-XM_056784541.1	A	g14048.t1	A
rna-XM_056784545.1	A	g12129.t1	A
rna-XM_056784543.1	A	g13542.t2	A
rna-XM_056784542.1	A	g6227.t1	A
rna-XM_056784552.1	A	g12363.t1	A
rna-XM_056784564.1	A	g7844.t1	A
rna-XM_056784566.1	A	g13543.t1	A
rna-XM_056784565.1	A	g14045.t1	A
rna-XM_056784569.1	A	g8526.t4	A
rna-XM_056784570.1	A	g10608.t3	A
rna-XM_056784580.1	A	g9410.t1	A
rna-XM_056784578.1	A	g14047.t1	A
rna-XM_056784581.1	A	g9401.t1	A
rna-XM_056784575.1	A	g5580.t1	A
rna-XM_056784582.1	A	g2510.t2	A
rna-XM_056784583.1	A	g2303.t1	A
rna-XM_056784594.1	A	g1169.t1	A
rna-XM_056784584.1	A	g14624.t1	A
rna-XM_056784593.1	A	g2151.t1	A
rna-XM_056785589.1	A	g12850.t1	A
rna-XM_056785590.1	A	g14361.t1	A
rna-XM_056784597.1	A	g8489.t2	A
rna-XM_056784599.1	A	g724.t1	A
rna-XM_056784600.1	A	g723.t1	A
rna-XM_056784603.1	A	g6235.t1	A
rna-XM_056784604.1	A	g8895.t1	A
rna-XM_056784607.1	A	g1265.t1	A
rna-XM_056784610.1	A	g1266.t1	A
rna-XM_056784612.1	A	g1264.t2	A
rna-XM_056785591.1	A	g1263.t1	A
rna-XM_056784162.1	A	g1262.t1	A
rna-XM_056785893.1	A	g10296.t2	A
rna-XM_056785890.1	A	g5244.t2	A
rna-XM_056785895.1	A	g8354.t1	A
rna-XM_056785896.1	A	g2366.t1	A
rna-XM_056785898.1	A	g2296.t1	A
rna-XM_056785900.1	A	g9904.t1	A
rna-XM_056785902.1	A	g9905.t1	A
rna-XM_056785905.1	A	g2625.t1	A
rna-XM_056785907.1	A	g920.t2	A
rna-XM_056785929.1	A	g6228.t2	A
rna-XM_056785926.1	A	g5881.t1	A
rna-XM_056785914.1	A	g1355.t1	A
rna-XM_056785922.1	A	g1354.t1	A
rna-XM_056785916.1	A	g8072.t1	A
rna-XM_056785912.1	A	g8070.t2	A
rna-XM_056785911.1	A	g8069.t1	A
rna-XM_056785593.1	A	g8385.t1	A
rna-XM_056785937.1	A	g13044.t1	A
rna-XM_056785938.1	A	g5717.t1	A
rna-XM_056785939.1	A	g5716.t1	A
rna-XM_056784034.1	A	g8320.t2	A
rna-XM_056784619.1	A	g7742.t1	A
rna-XM_056784620.1	A	g8302.t3	A
rna-XM_056783878.1	A	g6074.t1	A
rna-XM_056783876.1	A	g4007.t1	A
rna-XM_056783885.1	A	g8301.t1	A
rna-XM_056785640.1	A	g8300.t1	A
rna-XM_056785641.1	A	g8061.t1	A
rna-XM_056784788.1	A	g2335.t1	A
rna-XM_056784982.1	A	g2332.t1	A
rna-XM_056784839.1	A	g14445.t1	A
rna-XM_056784196.1	A	g11993.t1	A
rna-XM_056784356.1	A	g11999.t1	A
rna-XM_056783982.1	A	g11737.t1	A
rna-XM_056783974.1	A	g11736.t2	A
rna-XM_056783981.1	A	g12762.t1	A
rna-XM_056783983.1	A	g12761.t1	A
rna-XM_056783990.1	A	g12760.t1	A
rna-XM_056783984.1	A	g6617.t1	A
rna-XM_056785646.1	A	g4939.t1	A
rna-XM_056785642.1	A	g4940.t1	A
rna-XM_056785644.1	A	g2725.t1	A
rna-XM_056785649.1	A	g8067.t1	A
rna-XM_056785400.1	A	g10491.t1	A
rna-XM_056785402.1	A	g4130.t1	A
rna-XM_056785596.1	A	g2727.t1	A
rna-XM_056785409.1	A	g1751.t1	A
rna-XM_056785403.1	A	g2728.t1	A
rna-XM_056785407.1	A	g3613.t1	A
rna-XM_056784111.1	A	g2736.t2	A
rna-XM_056785040.1	A	g9643.t1	A
rna-XM_056785037.1	A	g3615.t1	A
rna-XM_056785038.1	A	g3618.t1	A
rna-XM_056785032.1	A	g3599.t1	A
rna-XM_056784225.1	A	g3598.t1	A
rna-XM_056784175.1	A	g3597.t1	A
rna-XM_056784177.1	A	g12580.t1	A
rna-XM_056785600.1	A	g3614.t1	A
rna-XM_056785434.1	A	g5086.t1	A
rna-XM_056785435.1	A	g6331.t1	A
rna-XM_056785446.1	A	g6332.t1	A
rna-XM_056785438.1	A	g5769.t1	A
rna-XM_056785443.1	A	g3388.t1	A
rna-XM_056785437.1	A	g4733.t1	A
rna-XM_056785601.1	A	g9993.t1	A
rna-XM_056785444.1	A	g4732.t1	A
rna-XM_056785450.1	A	g4729.t2	A
rna-XM_056785462.1	A	g8914.t1	A
rna-XM_056785458.1	A	g6337.t1	A
rna-XM_056785466.1	A	g11205.t1	A
rna-XM_056785467.1	A	g11208.t1	A
rna-XM_056785470.1	A	g1260.t1	A
rna-XM_056785473.1	A	g6442.t1	A
rna-XM_056785474.1	A	g6444.t1	A
rna-XM_056785475.1	A	g11219.t1	A
rna-XM_056785476.1	A	g11218.t1	A
rna-XM_056785477.1	A	g10386.t1	A
rna-XM_056785483.1	A	g11215.t1	A
rna-XM_056785479.1	A	g11211.t1	A
rna-XM_056785481.1	A	g361.t1	A
rna-XM_056785484.1	A	g7764.t2	A
rna-XM_056785494.1	A	g359.t1	A
rna-XM_056785486.1	A	g360.t2	A
rna-XM_056785493.1	A	g14639.t1	A
rna-XM_056785495.1	A	g8216.t1	A
rna-XM_056785498.1	A	g8217.t1	A
rna-XM_056785497.1	A	g8218.t1	A
rna-XM_056785499.1	A	g7762.t2	A
rna-XM_056785500.1	A	g8214.t1	A
rna-XM_056785503.1	A	g3716.t1	A
rna-XM_056785604.1	A	g12298.t1	A
rna-XM_056785605.1	A	g5821.t2	A
rna-XM_056785504.1	A	g5814.t1	A
rna-XM_056785505.1	A	g10555.t1	A
rna-XM_056785510.1	A	g10551.t1	A
rna-XM_056785507.1	A	g3139.t1	A
rna-XM_056785508.1	A	g2860.t1	X
rna-XM_056785512.1	A	g8080.t1	A
rna-XM_056785511.1	A	g9394.t1	A
rna-XM_056784018.1	A	g7971.t1	A
rna-XM_056784023.1	A	g8082.t1	A
rna-XM_056786341.1	A	g4063.t1	A
rna-XM_056786169.1	A	g4062.t1	A
rna-XM_056786784.1	A	g4061.t1	A
rna-XM_056786772.1	A	g4051.t1	A
rna-XM_056786774.1	A	g4049.t1	A
rna-XM_056786771.1	A	g4048.t1	A
rna-XM_056786770.1	A	g10629.t1	A
rna-XM_056786775.1	A	g7667.t1	A
rna-XM_056786458.1	A	g4045.t1	A
rna-XM_056786271.1	A	g9575.t1	A
rna-XM_056786272.1	A	g4222.t1	A
rna-XM_056786445.1	A	g1523.t1	X
rna-XM_056786244.1	A	g4058.t2	A
rna-XM_056786246.1	A	g10738.t1	A
rna-XM_056786241.1	A	g10737.t1	A
rna-XM_056786748.1	A	g355.t1	A
rna-XM_056786750.1	A	g6983.t1	A
rna-XM_056786752.1	A	g6982.t1	A
rna-XM_056786757.1	A	g511.t1	A
rna-XM_056786071.1	A	g6363.t1	A
rna-XM_056786339.1	A	g6364.t3	A
rna-XM_056786400.1	A	g6365.t1	A
rna-XM_056786390.1	A	g6856.t1	A
rna-XM_056786632.1	A	g6855.t1	A
rna-XM_056786613.1	A	g6854.t2	A
rna-XM_056786123.1	A	g6853.t1	A
rna-XM_056786091.1	A	g6852.t1	A
rna-XM_056786614.1	A	g8288.t1	A
rna-XM_056785949.1	A	g7940.t2	A
rna-XM_056785958.1	A	g3581.t1	A
rna-XM_056786828.1	A	g3584.t1	A
rna-XM_056786051.1	A	g3585.t1	A
rna-XM_056786103.1	A	g3587.t1	A
rna-XM_056786038.1	A	g3590.t1	A
rna-XM_056786299.1	A	g3591.t1	A
rna-XM_056786758.1	A	g9753.t1	A
rna-XM_056786765.1	A	g2439.t1	A
rna-XM_056786766.1	A	g4161.t1	A
rna-XM_056786760.1	A	g3372.t1	A
rna-XM_056786333.1	A	g3373.t1	A
rna-XM_056786336.1	A	g11577.t1	A
rna-XM_056786104.1	A	g10845.t1	A
rna-XM_056786105.1	A	g10851.t1	A
rna-XM_056786109.1	A	g10852.t1	A
rna-XM_056786671.1	A	g10847.t1	A
rna-XM_056786675.1	A	g892.t1	A
rna-XM_056786674.1	A	g893.t1	A
rna-XM_056786676.1	A	g896.t1	A
rna-XM_056786230.1	A	g895.t1	A
rna-XM_056786411.1	A	g894.t1	A
rna-XM_056786125.1	A	g10931.t2	A
rna-XM_056786121.1	A	g10846.t1	A
rna-XM_056786122.1	A	g4851.t1	A
rna-XM_056786700.1	A	g4604.t1	A
rna-XM_056786695.1	A	g10670.t1	A
rna-XM_056786704.1	A	g629.t1	A
rna-XM_056786691.1	A	g626.t2	A
rna-XM_056786702.1	A	g6775.t1	A
rna-XM_056786690.1	A	g9288.t1	A
rna-XM_056786706.1	A	g4660.t1	A
rna-XM_056786707.1	A	g4661.t1	A
rna-XM_056786709.1	A	g4603.t1	A
rna-XM_056786311.1	A	g9872.t1	A
rna-XM_056786305.1	A	g865.t1	A
rna-XM_056786034.1	A	g904.t1	A
rna-XM_056786036.1	A	g4793.t1	A
rna-XM_056786216.1	A	g1009.t1	A
rna-XM_056786205.1	A	g6305.t1	A
rna-XM_056786687.1	A	g9186.t1	A
rna-XM_056786689.1	A	g1130.t1	A
rna-XM_056786324.1	A	g3138.t1	A
rna-XM_056786033.1	A	g9185.t1	A
rna-XM_056786096.1	A	g8950.t1	A
rna-XM_056786500.1	A	g11840.t2	A
rna-XM_056786511.1	A	g10292.t1	A
rna-XM_056786739.1	A	g8538.t1	A
rna-XM_056786292.1	A	g2532.t1	A
rna-XM_056786056.1	A	g3635.t1	A
rna-XM_056786057.1	A	g3639.t1	A
rna-XM_056786066.1	A	g3634.t1	A
rna-XM_056786413.1	A	g11185.t1	A
rna-XM_056786042.1	A	g9546.t1	A
rna-XM_056786026.1	A	g11062.t1	A
rna-XM_056786735.1	A	g11838.t5	A
rna-XM_056786734.1	A	g11837.t1	A
rna-XM_056786077.1	A	g1816.t1	A
rna-XM_056786807.1	A	g12581.t1	A
rna-XM_056786809.1	A	g8949.t1	A
rna-XM_056786812.1	A	g8953.t1	A
rna-XM_056786810.1	A	g8952.t2	A
rna-XM_056786813.1	A	g7140.t1	A
rna-XM_056786814.1	A	g8955.t1	A
rna-XM_056786816.1	A	g8163.t1	A
rna-XM_056786822.1	A	g8130.t1	A
rna-XM_056786823.1	A	g3838.t1	A
rna-XM_056786819.1	A	g8816.t1	A
rna-XM_056786076.1	A	g9006.t1	A
rna-XM_056786444.1	A	g9871.t1	A
rna-XM_056786037.1	A	g12256.t1	A
rna-XM_056786201.1	A	g8978.t2	A
rna-XM_056786053.1	A	g8979.t1	A
rna-XM_056786185.1	A	g8980.t1	A
rna-XM_056786515.1	A	g8992.t1	A
rna-XM_056786516.1	A	g8981.t2	A
rna-XM_056786518.1	A	g9009.t1	A
rna-XM_056786519.1	A	g9008.t1	A
rna-XM_056786521.1	A	g8818.t1	A
rna-XM_056786522.1	A	g8817.t8	A
rna-XM_056786528.1	A	g12266.t1	A
rna-XM_056786533.1	A	g8833.t1	A
rna-XM_056786534.1	A	g9709.t1	A
rna-XM_056786535.1	A	g9712.t1	A
rna-XM_056786538.1	A	g11559.t1	A
rna-XM_056786537.1	A	g8128.t1	A
rna-XM_056786536.1	A	g5929.t1	A
rna-XM_056786542.1	A	g2354.t1	A
rna-XM_056786539.1	A	g7823.t1	A
rna-XM_056786546.1	A	g9292.t1	A
rna-XM_056786543.1	A	g9263.t1	A
rna-XM_056786547.1	A	g11338.t1	A
rna-XM_056786549.1	A	g10096.t1	A
rna-XM_056786551.1	A	g4599.t1	A
rna-XM_056786550.1	A	g4598.t1	A
rna-XM_056786557.1	A	g5673.t1	A
rna-XM_056786556.1	A	g6130.t1	A
rna-XM_056786552.1	A	g6131.t1	A
rna-XM_056786554.1	A	g10809.t1	A
rna-XM_056786553.1	A	g7696.t1	A
rna-XM_056786558.1	A	g3416.t2	A
rna-XM_056786561.1	A	g4600.t1	A
rna-XM_056786562.1	A	g4601.t1	A
rna-XM_056786559.1	A	g13689.t1	A
rna-XM_056786564.1	A	g13674.t1	A
rna-XM_056786176.1	A	g1227.t2	A
rna-XM_056786177.1	A	g4134.t1	A
rna-XM_056786115.1	A	g4631.t1	A
rna-XM_056786163.1	A	g10758.t1	A
rna-XM_056786165.1	A	g4821.t1	A
rna-XM_056786214.1	A	g2250.t1	A
rna-XM_056786622.1	A	g7273.t1	X
rna-XM_056785991.1	A	g4825.t1	A
rna-XM_056785994.1	A	g4846.t1	A
rna-XM_056785995.1	A	g4847.t1	A
rna-XM_056785996.1	A	g4579.t1	A
rna-XM_056785997.1	A	g4578.t1	A
rna-XM_056785999.1	A	g14553.t1	A
rna-XM_056786003.1	A	g10872.t1	A
rna-XM_056786001.1	A	g4577.t1	A
rna-XM_056786010.1	A	g4039.t1	A
rna-XM_056786009.1	A	g8304.t1	A
rna-XM_056786011.1	A	g10501.t1	A
rna-XM_056786006.1	A	g10502.t1	A
rna-XM_056786014.1	A	g9797.t1	A
rna-XM_056786016.1	A	g9798.t1	A
rna-XM_056786493.1	A	g9799.t1	A
rna-XM_056786782.1	A	g5612.t2	A
rna-XM_056786168.1	A	g5692.t1	A
rna-XM_056786824.1	A	g5688.t1	A
rna-XM_056786207.1	A	g5614.t1	A
rna-XM_056786268.1	A	g3836.t2	A
rna-XM_056786187.1	A	g9134.t1	A
rna-XM_056786265.1	A	g5682.t1	A
rna-XM_056786634.1	A	g6432.t1	A
rna-XM_056786046.1	A	g4031.t1	A
rna-XM_056785946.1	A	g14373.t1	A
rna-XM_056786093.1	A	g14364.t1	A
rna-XM_056786793.1	A	g3900.t1	A
rna-XM_056786025.1	A	g1168.t1	A
rna-XM_056786022.1	A	g14365.t1	A
rna-XM_056786021.1	A	g3874.t1	A
rna-XM_056786454.1	A	g7698.t1	A
rna-XM_056786099.1	A	g12772.t1	A
rna-XM_056786717.1	A	g13895.t1	A
rna-XM_056786718.1	A	g13896.t1	A
rna-XM_056786573.1	A	g13893.t1	A
rna-XM_056786577.1	A	g13894.t1	A
rna-XM_056786580.1	A	g13892.t1	A
rna-XM_056786642.1	A	g13891.t2	A
rna-XM_056786583.1	A	g13560.t1	A
rna-XM_056786584.1	A	g13559.t1	A
rna-XM_056786595.1	A	g13436.t1	A
rna-XM_056786605.1	A	g13443.t1	A
rna-XM_056786599.1	A	g13442.t1	A
rna-XM_056786610.1	A	g13441.t3	A
rna-XM_056786649.1	A	g13439.t1	A
rna-XM_056786611.1	A	g13438.t1	A
rna-XM_056786607.1	A	g13437.t1	A
rna-XM_056786420.1	A	g3757.t1	A
rna-XM_056786330.1	A	g1056.t1	A
rna-XM_056786195.1	A	g1054.t1	A
rna-XM_056786234.1	A	g1053.t1	A
rna-XM_056786237.1	A	g14512.t1	A
rna-XM_056786196.1	A	g1052.t2	A
rna-XM_056786303.1	A	g1050.t1	A
rna-XM_056786198.1	A	g8199.t1	A
rna-XM_056786200.1	A	g12172.t2	A
rna-XM_056786294.1	A	g7701.t1	A
rna-XM_056786797.1	A	g7700.t2	A
rna-XM_056786800.1	A	g12390.t2	A
rna-XM_056786170.1	A	g14717.t1	A
rna-XM_056786441.1	A	g12391.t1	A
rna-XM_056786656.1	A	g3078.t1	A
rna-XM_056786090.1	A	g5288.t2	A
rna-XM_056786406.1	A	g1863.t1	A
rna-XM_056786018.1	A	g1862.t1	A
rna-XM_056786020.1	A	g1861.t1	A
rna-XM_056786180.1	A	g1859.t1	A
rna-XM_056786239.1	A	g1858.t1	A
rna-XM_056786662.1	A	g5036.t1	A
rna-XM_056786660.1	A	g5035.t1	A
rna-XM_056786659.1	A	g8960.t1	A
rna-XM_056786710.1	A	g4888.t2	A
rna-XM_056786713.1	A	g9215.t1	A
rna-XM_056786716.1	A	g6738.t1	A
rna-XM_056786097.1	A	g1853.t1	A
rna-XM_056786414.1	A	g8959.t2	A
rna-XM_056785961.1	A	g8807.t1	A
rna-XM_056785962.1	A	g4691.t1	A
rna-XM_056786471.1	A	g4794.t3	A
rna-XM_056785987.1	A	g9863.t1	A
rna-XM_056785986.1	A	g10704.t1	A
rna-XM_056785988.1	A	g10703.t1	A
rna-XM_056786410.1	A	g9861.t1	A
rna-XM_056786189.1	A	g9873.t2	A
rna-XM_056785942.1	A	g10298.t1	A
rna-XM_056786399.1	A	g10297.t1	A
rna-XM_056786398.1	A	g4576.t1	A
rna-XM_056786218.1	A	g9802.t1	A
rna-XM_056786219.1	A	g9803.t1	A
rna-XM_056786217.1	A	g9804.t1	A
rna-XM_056786224.1	A	g8192.t1	A
rna-XM_056786229.1	A	g9707.t1	A
rna-XM_056786227.1	A	g9706.t1	A
rna-XM_056786184.1	A	g8127.t2	A
rna-XM_056786296.1	A	g12215.t1	A
rna-XM_056786072.1	A	g2338.t1	A
rna-XM_056786158.1	A	g10519.t1	A
rna-XM_056786130.1	A	g5134.t2	A
rna-XM_056786133.1	A	g5131.t1	A
rna-XM_056786134.1	A	g5132.t1	A
rna-XM_056786148.1	A	g5129.t1	A
rna-XM_056786139.1	A	g5126.t1	A
rna-XM_056786343.1	A	g9868.t1	A
rna-XM_056786345.1	A	g11724.t4	A
rna-XM_056786354.1	A	g11664.t1	A
rna-XM_056786348.1	A	g11665.t1	A
rna-XM_056786356.1	A	g11826.t1	A
rna-XM_056786358.1	A	g9300.t1	A
rna-XM_056786359.1	A	g2715.t1	A
rna-XM_056786364.1	A	g9299.t1	A
rna-XM_056786365.1	A	g14367.t1	A
rna-XM_056786366.1	A	g13957.t1	A
rna-XM_056786367.1	A	g12773.t1	A
rna-XM_056786368.1	A	g12735.t1	A
rna-XM_056786369.1	A	g12734.t2	A
rna-XM_056786372.1	A	g12771.t1	A
rna-XM_056786373.1	A	g12770.t1	A
rna-XM_056786374.1	A	g6229.t1	A
rna-XM_056786375.1	A	g12647.t1	A
rna-XM_056786377.1	A	g12648.t1	A
rna-XM_056786378.1	A	g14288.t1	A
rna-XM_056786379.1	A	g5107.t2	A
rna-XM_056786380.1	A	g12613.t1	A
rna-XM_056786381.1	A	g9568.t1	A
rna-XM_056786382.1	A	g12614.t1	A
rna-XM_056786385.1	A	g12611.t1	A
rna-XM_056786386.1	A	g11082.t1	A
rna-XM_056786387.1	A	g11081.t1	A
rna-XM_056786389.1	A	g13791.t1	A
rna-XM_056786073.1	A	g2085.t1	A
rna-XM_056786183.1	A	g2124.t1	A
rna-XM_056786120.1	A	g2125.t1	A
rna-XM_056786434.1	A	g14720.t1	A
rna-XM_056786432.1	A	g13784.t1	A
rna-XM_056786421.1	A	g11930.t2	A
rna-XM_056786433.1	A	g9718.t2	A
rna-XM_056785968.1	A	g3258.t3	A
rna-XM_056786682.1	A	g602.t2	A
rna-XM_056786186.1	A	g14485.t1	A
rna-XM_056786079.1	A	g592.t2	A
rna-XM_056786032.1	A	g269.t1	A
rna-XM_056786685.1	A	g935.t2	A
rna-XM_056786151.1	A	g13616.t1	A
rna-XM_056785969.1	A	g82.t1	A
rna-XM_056786153.1	A	g13785.t1	A
rna-XM_056786313.1	A	g8567.t1	A
rna-XM_056786319.1	A	g8565.t2	A
rna-XM_056786318.1	A	g4144.t1	A
rna-XM_056785970.1	A	g8564.t1	A
rna-XM_056786474.1	A	g7189.t1	A
rna-XM_056786488.1	A	g3294.t1	A
rna-XM_056786231.1	A	g7193.t1	A
rna-XM_056786491.1	A	g11949.t1	A
rna-XM_056786161.1	A	g11952.t1	A
rna-XM_056786298.1	A	g11953.t1	A
rna-XM_056786720.1	A	g11954.t1	A
rna-XM_056786719.1	A	g11957.t1	A
rna-XM_056786722.1	A	g7739.t1	A
rna-XM_056786215.1	A	g7738.t1	A
rna-XM_056786725.1	A	g7832.t2	A
rna-XM_056786723.1	A	g11689.t1	A
rna-XM_056786466.1	A	g11694.t1	A
rna-XM_056786467.1	A	g12384.t1	A
rna-XM_056786464.1	A	g12385.t1	A
rna-XM_056786468.1	A	g12386.t1	A
rna-XM_056786465.1	A	g12387.t1	A
rna-XM_056786469.1	A	g11695.t1	A
rna-XM_056786664.1	A	g9038.t1	A
rna-XM_056786248.1	A	g9135.t1	A
rna-XM_056785975.1	A	g9912.t1	A
rna-XM_056786124.1	A	g9911.t1	A
rna-XM_056786448.1	A	g9910.t1	A
rna-XM_056786451.1	A	g8687.t1	A
rna-XM_056786286.1	A	g8625.t1	A
rna-XM_056786167.1	A	g9909.t1	A
rna-XM_056786443.1	A	g14786.t1	A
rna-XM_056786171.1	A	g9922.t2	A
rna-XM_056786173.1	A	g9985.t1	A
rna-XM_056786175.1	A	g10802.t1	A
rna-XM_056786067.1	A	g5369.t1	A
rna-XM_056786068.1	A	g10609.t1	A
rna-XM_056786178.1	A	g3778.t1	A
rna-XM_056786409.1	A	g8373.t1	A
rna-XM_056786273.1	A	g10933.t1	A
rna-XM_056785977.1	A	g4279.t7	A
rna-XM_056786791.1	A	g10929.t3	A
rna-XM_056786790.1	A	g10928.t1	A
rna-XM_056786159.1	A	g12567.t1	A
rna-XM_056786054.1	A	g4128.t1	A
rna-XM_056786044.1	A	g10562.t1	A
rna-XM_056786256.1	A	g10561.t1	A
rna-XM_056786260.1	A	g3720.t1	A
rna-XM_056786261.1	A	g4207.t1	A
rna-XM_056785978.1	A	g4211.t1	A
rna-XM_056786262.1	A	g12656.t1	A
rna-XM_056786263.1	A	g12658.t1	A
rna-XM_056786264.1	A	g2514.t1	A
rna-XM_056786232.1	A	g5748.t1	A
rna-XM_056786396.1	A	g11141.t2	A
rna-XM_056786397.1	A	g11144.t1	A
rna-XM_056786727.1	A	g11145.t2	A
rna-XM_056786733.1	A	g11146.t1	A
rna-XM_056786166.1	A	g2574.t1	A
rna-XM_056786087.1	A	g2639.t1	A
rna-XM_056786740.1	A	g12700.t2	A
rna-XM_056786741.1	A	g7675.t1	A
rna-XM_056786744.1	A	g2641.t1	A
rna-XM_056786743.1	A	g14313.t1	A
rna-XM_056786747.1	A	g9537.t1	A
rna-XM_056786048.1	A	g14788.t1	A
rna-XM_056786050.1	A	g8395.t1	A
rna-XM_056786804.1	A	g14718.t1	A
rna-XM_056786206.1	A	g8423.t1	A
rna-XM_056786288.1	A	g4011.t1	A
rna-XM_056786287.1	A	g11251.t1	A
rna-XM_056786281.1	A	g13851.t1	A
rna-XM_056786275.1	A	g9243.t1	A
rna-XM_056786283.1	A	g8415.t1	A
rna-XM_056786279.1	A	g8424.t1	A
rna-XM_056786278.1	A	g11379.t1	A
rna-XM_056786282.1	A	g7560.t1	A
rna-XM_056786290.1	A	g2400.t1	A
rna-XM_056786401.1	A	g9648.t1	A
rna-XM_056787512.1	A	g7006.t2	A
rna-XM_056787448.1	A	g10560.t1	A
rna-XM_056787447.1	A	g10559.t1	A
rna-XM_056787013.1	A	g10536.t2	A
rna-XM_056787346.1	A	g13468.t1	A
rna-XM_056786939.1	A	g11429.t1	A
rna-XM_056786940.1	A	g11427.t1	A
rna-XM_056787742.1	A	g6490.t1	A
rna-XM_056787034.1	A	g10863.t1	A
rna-XM_056787529.1	A	g10866.t1	A
rna-XM_056787081.1	A	g898.t1	A
rna-XM_056786966.1	A	g7833.t2	A
rna-XM_056786967.1	A	g3810.t1	A
rna-XM_056788051.1	A	g4162.t3	A
rna-XM_056788057.1	A	g6491.t2	A
rna-XM_056787732.1	A	g8370.t1	A
rna-XM_056787673.1	A	g8369.t2	A
rna-XM_056787411.1	A	g8371.t1	A
rna-XM_056787005.1	A	g10523.t1	A
rna-XM_056787008.1	A	g7903.t1	A
rna-XM_056787009.1	A	g8359.t1	A
rna-XM_056788010.1	A	g8344.t2	A
rna-XM_056788007.1	A	g8345.t1	A
rna-XM_056787083.1	A	g8342.t1	A
rna-XM_056787966.1	A	g8343.t1	A
rna-XM_056787975.1	A	g8346.t1	A
rna-XM_056787797.1	A	g8358.t2	A
rna-XM_056787042.1	A	g3625.t1	A
rna-XM_056787450.1	A	g6819.t2	A
rna-XM_056787451.1	A	g3621.t1	A
rna-XM_056787461.1	A	g3612.t1	A
rna-XM_056787462.1	A	g12240.t1	A
rna-XM_056787464.1	A	g3604.t2	A
rna-XM_056787586.1	A	g3603.t1	A
rna-XM_056787588.1	A	g3605.t1	A
rna-XM_056787587.1	A	g3606.t1	A
rna-XM_056787273.1	A	g3607.t1	A
rna-XM_056787585.1	A	g3609.t3	A
rna-XM_056787857.1	A	g3601.t1	A
rna-XM_056787983.1	A	g3600.t1	A
rna-XM_056787994.1	A	g3622.t1	A
rna-XM_056787985.1	A	g3619.t1	A
rna-XM_056787988.1	A	g3623.t1	A
rna-XM_056787987.1	A	g3620.t1	A
rna-XM_056787477.1	A	g13338.t1	A
rna-XM_056787012.1	A	g3611.t1	A
rna-XM_056787812.1	A	g3610.t1	A
rna-XM_056787815.1	A	g4204.t2	A
rna-XM_056787722.1	A	g10520.t1	A
rna-XM_056787723.1	A	g10521.t2	A
rna-XM_056787076.1	A	g10858.t1	A
rna-XM_056787693.1	A	g3608.t1	A
rna-XM_056787011.1	A	g1359.t1	A
rna-XM_056787010.1	A	g6765.t1	A
rna-XM_056787133.1	A	g10314.t1	A
rna-XM_056787135.1	A	g7666.t1	A
rna-XM_056787134.1	A	g8814.t1	A
rna-XM_056787948.1	A	g13873.t1	A
rna-XM_056787860.1	A	g11304.t1	A
rna-XM_056787957.1	A	g3408.t1	A
rna-XM_056787958.1	A	g3410.t1	A
rna-XM_056787516.1	A	g8020.t1	A
rna-XM_056787265.1	A	g1883.t1	A
rna-XM_056787701.1	A	g8294.t1	A
rna-XM_056787277.1	A	g4152.t1	A
rna-XM_056787832.1	A	g4155.t1	A
rna-XM_056787530.1	A	g10090.t1	A
rna-XM_056787519.1	A	g11614.t1	A
rna-XM_056787526.1	A	g3064.t1	A
rna-XM_056787864.1	A	g3062.t1	A
rna-XM_056787589.1	A	g5055.t1	A
rna-XM_056787865.1	A	g9918.t1	A
rna-XM_056787267.1	A	g2718.t1	A
rna-XM_056787571.1	A	g3059.t1	A
rna-XM_056788155.1	A	g3057.t2	A
rna-XM_056788156.1	A	g11295.t1	A
rna-XM_056788152.1	A	g3703.t1	A
rna-XM_056788150.1	A	g3086.t1	A
rna-XM_056787037.1	A	g4912.t1	A
rna-XM_056786913.1	A	g4913.t1	A
rna-XM_056786998.1	A	g6789.t1	A
rna-XM_056786999.1	A	g3309.t1	A
rna-XM_056786975.1	A	g6790.t3	A
rna-XM_056786980.1	A	g362.t1	A
rna-XM_056787792.1	A	g1049.t1	A
rna-XM_056787796.1	A	g10113.t1	A
rna-XM_056787580.1	A	g8966.t1	A
rna-XM_056787535.1	A	g12225.t1	A
rna-XM_056787344.1	A	g12224.t1	A
rna-XM_056787343.1	A	g927.t2	A
rna-XM_056787345.1	A	g7110.t1	A
rna-XM_056786973.1	A	g7109.t1	A
rna-XM_056787330.1	A	g1047.t1	A
rna-XM_056787517.1	A	g2695.t1	A
rna-XM_056787690.1	A	g2148.t1	A
rna-XM_056787706.1	A	g2147.t1	A
rna-XM_056787710.1	A	g1762.t1	A
rna-XM_056787768.1	A	g5649.t1	A
rna-XM_056787647.1	A	g2301.t1	A
rna-XM_056787644.1	A	g1761.t1	A
rna-XM_056787648.1	A	g2146.t1	A
rna-XM_056787646.1	A	g14749.t1	A
rna-XM_056787649.1	A	g1764.t1	A
rna-XM_056787650.1	A	g5599.t1	A
rna-XM_056787651.1	A	g2302.t1	A
rna-XM_056787652.1	A	g6006.t1	A
rna-XM_056787788.1	A	g926.t1	A
rna-XM_056788061.1	A	g6003.t1	A
rna-XM_056788059.1	A	g6004.t1	A
rna-XM_056788062.1	A	g6002.t1	A
rna-XM_056788066.1	A	g6846.t1	A
rna-XM_056788064.1	A	g6847.t1	A
rna-XM_056787598.1	A	g7330.t1	A
rna-XM_056787600.1	A	g2187.t1	A
rna-XM_056787601.1	A	g7332.t1	A
rna-XM_056787619.1	A	g3526.t1	A
rna-XM_056787872.1	A	g12638.t2	A
rna-XM_056787559.1	A	g8329.t1	A
rna-XM_056787671.1	A	g9007.t1	A
rna-XM_056787115.1	A	g6296.t1	A
rna-XM_056787261.1	A	g12593.t1	A
rna-XM_056787262.1	A	g11794.t1	A
rna-XM_056787260.1	A	g11798.t1	A
rna-XM_056787764.1	A	g12125.t2	A
rna-XM_056787698.1	A	g10784.t1	A
rna-XM_056787699.1	A	g14042.t1	A
rna-XM_056786963.1	A	g14043.t1	A
rna-XM_056787402.1	A	g3402.t2	A
rna-XM_056787407.1	A	g259.t1	A
rna-XM_056787404.1	A	g260.t1	A
rna-XM_056787318.1	A	g261.t1	A
rna-XM_056787319.1	A	g320.t1	A
rna-XM_056787322.1	A	g317.t3	A
rna-XM_056787321.1	A	g318.t1	A
rna-XM_056787752.1	A	g12550.t1	A
rna-XM_056787718.1	A	g315.t1	A
rna-XM_056787720.1	A	g12138.t1	A
rna-XM_056786914.1	A	g316.t1	A
rna-XM_056787143.1	A	g321.t1	A
rna-XM_056787145.1	A	g324.t1	A
rna-XM_056787151.1	A	g8240.t2	A
rna-XM_056787152.1	A	g7998.t1	A
rna-XM_056787148.1	A	g7997.t2	A
rna-XM_056787160.1	A	g7896.t1	A
rna-XM_056787166.1	A	g7902.t1	A
rna-XM_056787153.1	A	g258.t1	A
rna-XM_056787164.1	A	g13430.t2	A
rna-XM_056787154.1	A	g14637.t1	A
rna-XM_056787159.1	A	g11520.t1	A
rna-XM_056787157.1	A	g13431.t1	A
rna-XM_056787165.1	A	g12570.t1	A
rna-XM_056787167.1	A	g1048.t1	A
rna-XM_056787168.1	A	g13429.t1	A
rna-XM_056787180.1	A	g13404.t1	A
rna-XM_056787170.1	A	g13400.t1	A
rna-XM_056787188.1	A	g13405.t1	A
rna-XM_056787183.1	A	g13406.t3	A
rna-XM_056787192.1	A	g13407.t1	A
rna-XM_056787193.1	A	g13412.t1	A
rna-XM_056787879.1	A	g13388.t2	A
rna-XM_056787197.1	A	g11740.t1	A
rna-XM_056787194.1	A	g11741.t1	A
rna-XM_056787196.1	A	g11739.t1	A
rna-XM_056787199.1	A	g12300.t1	A
rna-XM_056787201.1	A	g4034.t2	A
rna-XM_056787205.1	A	g11738.t1	A
rna-XM_056787206.1	A	g11742.t1	A
rna-XM_056787209.1	A	g3187.t1	A
rna-XM_056787204.1	A	g257.t1	A
rna-XM_056787210.1	A	g12407.t1	A
rna-XM_056787208.1	A	g12406.t1	A
rna-XM_056787217.1	A	g250.t1	A
rna-XM_056787211.1	A	g252.t1	A
rna-XM_056787218.1	A	g1437.t1	X
rna-XM_056787220.1	A	g253.t1	A
rna-XM_056787219.1	A	g255.t1	A
rna-XM_056787223.1	A	g12408.t1	A
rna-XM_056787225.1	A	g13207.t1	A
rna-XM_056787226.1	A	g13391.t1	A
rna-XM_056787229.1	A	g8025.t1	A
rna-XM_056787228.1	A	g13206.t1	A
rna-XM_056787231.1	A	g13390.t1	A
rna-XM_056787232.1	A	g7891.t1	A
rna-XM_056787234.1	A	g7893.t1	A
rna-XM_056787233.1	A	g7892.t1	A
rna-XM_056787237.1	A	g11799.t1	A
rna-XM_056787239.1	A	g11800.t1	A
rna-XM_056787242.1	A	g11803.t1	A
rna-XM_056787240.1	A	g11802.t1	A
rna-XM_056787243.1	A	g11804.t1	A
rna-XM_056787251.1	A	g13705.t1	A
rna-XM_056787253.1	A	g11639.t2	A
rna-XM_056787254.1	A	g11638.t1	A
rna-XM_056787248.1	A	g11637.t1	A
rna-XM_056787702.1	A	g7901.t2	A
rna-XM_056786989.1	A	g12336.t1	A
rna-XM_056787079.1	A	g12335.t1	A
rna-XM_056787077.1	A	g8012.t1	A
rna-XM_056787669.1	A	g4353.t1	A
rna-XM_056787749.1	A	g6314.t1	A
rna-XM_056788138.1	A	g6108.t1	A
rna-XM_056788143.1	A	g6109.t2	A
rna-XM_056788139.1	A	g6322.t1	A
rna-XM_056788116.1	A	g3269.t2	A
rna-XM_056788122.1	A	g409.t2	A
rna-XM_056788144.1	A	g6088.t2	A
rna-XM_056788145.1	A	g4369.t1	A
rna-XM_056788147.1	A	g1876.t1	A
rna-XM_056787717.1	A	g11752.t1	A
rna-XM_056787880.1	A	g6682.t2	A
rna-XM_056786988.1	A	g9734.t1	A
rna-XM_056786986.1	A	g36.t1	A
rna-XM_056787388.1	A	g37.t1	A
rna-XM_056787573.1	A	g2944.t1	A
rna-XM_056787594.1	A	g8050.t2	A
rna-XM_056787592.1	A	g8073.t1	A
rna-XM_056787663.1	A	g9126.t1	A
rna-XM_056786964.1	A	g4444.t2	A
rna-XM_056786923.1	A	g9545.t1	A
rna-XM_056786924.1	A	g5962.t2	A
rna-XM_056788161.1	A	g10991.t1	A
rna-XM_056788163.1	A	g199.t1	A
rna-XM_056788164.1	A	g6716.t1	A
rna-XM_056788165.1	A	g13433.t1	A
rna-XM_056788168.1	A	g4255.t1	A
rna-XM_056788167.1	A	g12592.t1	A
rna-XM_056787976.1	A	g12283.t2	A
rna-XM_056787978.1	A	g12282.t1	A
rna-XM_056787979.1	A	g11675.t1	A
rna-XM_056787980.1	A	g12752.t1	A
rna-XM_056787611.1	A	g12745.t1	A
rna-XM_056788044.1	A	g12917.t1	A
rna-XM_056788041.1	A	g10925.t1	A
rna-XM_056787548.1	A	g11499.t1	A
rna-XM_056787549.1	A	g2228.t1	A
rna-XM_056787736.1	A	g6885.t1	A
rna-XM_056787335.1	A	g6884.t2	A
rna-XM_056786833.1	A	g4735.t2	A
rna-XM_056787643.1	A	g5858.t1	A
rna-XM_056787822.1	A	g3240.t1	A
rna-XM_056787602.1	A	g9761.t1	A
rna-XM_056787681.1	A	g7746.t1	A
rna-XM_056787140.1	A	g7859.t1	A
rna-XM_056787139.1	A	g7673.t1	A
rna-XM_056787269.1	A	g8052.t1	A
rna-XM_056787085.1	A	g5136.t1	A
rna-XM_056788086.1	A	g4827.t1	A
rna-XM_056788087.1	A	g4828.t1	A
rna-XM_056788088.1	A	g1210.t1	A
rna-XM_056788090.1	A	g1606.t2	X
rna-XM_056787785.1	A	g1211.t1	A
rna-XM_056787627.1	A	g1269.t1	A
rna-XM_056787626.1	A	g13000.t1	A
rna-XM_056787630.1	A	g1215.t1	A
rna-XM_056787628.1	A	g1216.t1	A
rna-XM_056787629.1	A	g1217.t1	A
rna-XM_056787634.1	A	g1214.t1	A
rna-XM_056787636.1	A	g1213.t1	A
rna-XM_056787639.1	A	g8361.t3	A
rna-XM_056787886.1	A	g6725.t1	A
rna-XM_056788083.1	A	g2316.t1	A
rna-XM_056788081.1	A	g5949.t1	A
rna-XM_056788085.1	A	g5948.t1	A
rna-XM_056787680.1	A	g5947.t1	A
rna-XM_056787677.1	A	g9874.t2	A
rna-XM_056787675.1	A	g8609.t1	A
rna-XM_056787382.1	A	g3563.t1	A
rna-XM_056787395.1	A	g1205.t1	A
rna-XM_056787394.1	A	g9739.t1	A
rna-XM_056787392.1	A	g13138.t1	A
rna-XM_056787393.1	A	g4620.t1	A
rna-XM_056787396.1	A	g3825.t1	A
rna-XM_056787760.1	A	g9758.t2	A
rna-XM_056787761.1	A	g1866.t1	A
rna-XM_056787564.1	A	g2094.t1	A
rna-XM_056787413.1	A	g13016.t1	A
rna-XM_056787416.1	A	g13014.t1	A
rna-XM_056787418.1	A	g13013.t1	A
rna-XM_056787420.1	A	g13012.t1	A
rna-XM_056787426.1	A	g3375.t1	A
rna-XM_056787421.1	A	g4382.t1	A
rna-XM_056787424.1	A	g13011.t2	A
rna-XM_056787428.1	A	g3756.t1	A
rna-XM_056787431.1	A	g490.t1	A
rna-XM_056787430.1	A	g14377.t1	A
rna-XM_056787434.1	A	g11031.t1	A
rna-XM_056787433.1	A	g1864.t1	A
rna-XM_056787435.1	A	g11572.t1	A
rna-XM_056787439.1	A	g14182.t1	A
rna-XM_056787443.1	A	g13937.t1	A
rna-XM_056787305.1	A	g5661.t1	A
rna-XM_056787308.1	A	g8237.t1	A
rna-XM_056786965.1	A	g13962.t1	A
rna-XM_056787737.1	A	g12279.t1	A
rna-XM_056787746.1	A	g4409.t1	A
rna-XM_056787779.1	A	g12372.t1	A
rna-XM_056787889.1	A	g2379.t1	A
rna-XM_056787733.1	A	g2382.t2	A
rna-XM_056787553.1	A	g8213.t1	A
rna-XM_056787557.1	A	g3730.t1	A
rna-XM_056787284.1	A	g11926.t4	A
rna-XM_056787279.1	A	g12098.t2	A
rna-XM_056787286.1	A	g9913.t3	A
rna-XM_056787289.1	A	g5915.t1	A
rna-XM_056787297.1	A	g8043.t1	A
rna-XM_056787298.1	A	g9206.t1	A
rna-XM_056787036.1	A	g4269.t1	A
rna-XM_056787537.1	A	g662.t1	A
rna-XM_056787538.1	A	g11116.t1	A
rna-XM_056787539.1	A	g11115.t1	A
rna-XM_056787691.1	A	g847.t1	A
rna-XM_056787692.1	A	g845.t1	A
rna-XM_056787725.1	A	g576.t1	A
rna-XM_056787729.1	A	g8062.t1	A
rna-XM_056787782.1	A	g5820.t1	A
rna-XM_056787014.1	A	g2357.t1	A
rna-XM_056788011.1	A	g2249.t3	A
rna-XM_056787824.1	A	g12866.t2	A
rna-XM_056786834.1	A	g3124.t1	A
rna-XM_056787890.1	A	g8481.t3	A
rna-XM_056788045.1	A	g8058.t1	A
rna-XM_056787891.1	A	g2350.t1	A
rna-XM_056787040.1	A	g598.t1	A
rna-XM_056787655.1	A	g10696.t2	A
rna-XM_056787657.1	A	g2358.t1	A
rna-XM_056787119.1	A	g10428.t1	A
rna-XM_056787892.1	A	g10423.t2	A
rna-XM_056786941.1	A	g6893.t1	A
rna-XM_056786942.1	A	g876.t2	A
rna-XM_056786944.1	A	g875.t1	A
rna-XM_056786918.1	A	g3203.t2	A
rna-XM_056787043.1	A	g13835.t1	A
rna-XM_056787046.1	A	g877.t2	A
rna-XM_056787050.1	A	g10306.t1	A
rna-XM_056787052.1	A	g6892.t1	A
rna-XM_056787054.1	A	g10677.t1	A
rna-XM_056787060.1	A	g3990.t1	A
rna-XM_056787064.1	A	g2732.t1	A
rna-XM_056787067.1	A	g2734.t1	A
rna-XM_056787070.1	A	g7329.t1	A
rna-XM_056787072.1	A	g9453.t1	A
rna-XM_056787258.1	A	g122.t1	A
rna-XM_056786933.1	A	g12214.t1	A
rna-XM_056786930.1	A	g8781.t1	A
rna-XM_056787118.1	A	g7980.t1	A
rna-XM_056787534.1	A	g5596.t1	A
rna-XM_056787897.1	A	g9171.t1	A
rna-XM_056787299.1	A	g2191.t1	A
rna-XM_056787898.1	A	g4136.t1	A
rna-XM_056787570.1	A	g7706.t1	A
rna-XM_056787605.1	A	g14574.t1	A
rna-XM_056787604.1	A	g14577.t1	A
rna-XM_056787603.1	A	g9285.t1	A
rna-XM_056787606.1	A	g9286.t1	A
rna-XM_056787566.1	A	g8932.t1	A
rna-XM_056788160.1	A	g2190.t2	A
rna-XM_056788158.1	A	g5680.t1	A
rna-XM_056787332.1	A	g4271.t2	A
rna-XM_056787791.1	A	g5150.t1	A
rna-XM_056787790.1	A	g11536.t1	A
rna-XM_056787778.1	A	g13263.t1	A
rna-XM_056786926.1	A	g6821.t2	A
rna-XM_056787015.1	A	g14572.t1	A
rna-XM_056787676.1	A	g7614.t1	A
rna-XM_056787899.1	A	g8548.t1	A
rna-XM_056788070.1	A	g3816.t1	A
rna-XM_056787568.1	A	g5709.t1	A
rna-XM_056786991.1	A	g14664.t1	A
rna-XM_056787350.1	A	g14570.t1	A
rna-XM_056787904.1	A	g7407.t1	A
rna-XM_056787836.1	A	g7405.t1	A
rna-XM_056787839.1	A	g14579.t2	A
rna-XM_056787905.1	A	g14581.t1	A
rna-XM_056787025.1	A	g14582.t1	A
rna-XM_056787026.1	A	g14665.t1	A
rna-XM_056787028.1	A	g11658.t1	A
rna-XM_056787031.1	A	g11657.t2	A
rna-XM_056787033.1	A	g11656.t1	A
rna-XM_056787608.1	A	g5928.t1	A
rna-XM_056788157.1	A	g5918.t1	A
rna-XM_056788040.1	A	g7979.t3	A
rna-XM_056788032.1	A	g6673.t1	A
rna-XM_056787621.1	A	g6681.t1	A
rna-XM_056787410.1	A	g12571.t1	A
rna-XM_056787357.1	A	g8238.t1	A
rna-XM_056787552.1	A	g6564.t1	A
rna-XM_056787614.1	A	g5913.t1	A
rna-XM_056787747.1	A	g4959.t1	A
rna-XM_056788075.1	A	g7936.t1	A
rna-XM_056788074.1	A	g7939.t1	A
rna-XM_056787391.1	A	g5770.t1	A
rna-XM_056787389.1	A	g6686.t1	A
rna-XM_056787700.1	A	g6687.t1	A
rna-XM_056787770.1	A	g5732.t1	A
rna-XM_056787771.1	A	g4816.t1	A
rna-XM_056787399.1	A	g5731.t1	A
rna-XM_056787086.1	A	g3167.t1	A
rna-XM_056787096.1	A	g9977.t1	A
rna-XM_056787743.1	A	g3161.t1	A
rna-XM_056787641.1	A	g4403.t1	A
rna-XM_056787738.1	A	g5115.t1	A
rna-XM_056787741.1	A	g13809.t1	A
rna-XM_056787496.1	A	g84.t1	A
rna-XM_056787509.1	A	g86.t1	A
rna-XM_056787502.1	A	g85.t1	A
rna-XM_056787667.1	A	g7786.t1	A
rna-XM_056787668.1	A	g10716.t1	A
rna-XM_056786962.1	A	g10921.t1	A
rna-XM_056786948.1	A	g10922.t2	A
rna-XM_056788001.1	A	g11261.t1	A
rna-XM_056788003.1	A	g5066.t1	A
rna-XM_056788013.1	A	g11971.t1	A
rna-XM_056788015.1	A	g11972.t1	A
rna-XM_056788017.1	A	g11970.t1	A
rna-XM_056788014.1	A	g6904.t1	A
rna-XM_056786921.1	A	g8512.t1	A
rna-XM_056787412.1	A	g4035.t1	A
rna-XM_056787325.1	A	g4037.t1	A
rna-XM_056787328.1	A	g3390.t1	A
rna-XM_056787670.1	A	g4038.t1	A
rna-XM_056788148.1	A	g4180.t2	A
rna-XM_056787911.1	A	g10232.t1	A
rna-XM_056787913.1	A	g13949.t1	A
rna-XM_056787784.1	A	g10231.t1	A
rna-XM_056787314.1	A	g13950.t1	A
rna-XM_056787310.1	A	g1752.t2	A
rna-XM_056787316.1	A	g3759.t2	A
rna-XM_056787781.1	A	g6094.t1	A
rna-XM_056788018.1	A	g3747.t1	A
rna-XM_056787915.1	A	g3746.t1	A
rna-XM_056788025.1	A	g7683.t1	A
rna-XM_056788029.1	A	g7671.t1	A
rna-XM_056788030.1	A	g13692.t1	A
rna-XM_056788027.1	A	g620.t1	A
rna-XM_056787490.1	A	g2345.t1	A
rna-XM_056787493.1	A	g6135.t1	A
rna-XM_056787532.1	A	g13277.t1	A
rna-XM_056788114.1	A	g3284.t1	A
rna-XM_056788115.1	A	g3285.t1	A
rna-XM_056787581.1	A	g13875.t1	A
rna-XM_056787583.1	A	g14244.t1	A
rna-XM_056787917.1	A	g14247.t1	A
rna-XM_056787584.1	A	g11864.t2	A
rna-XM_056787558.1	A	g11848.t1	A
rna-XM_056787801.1	A	g11852.t1	A
rna-XM_056787804.1	A	g11853.t1	A
rna-XM_056787802.1	A	g11856.t1	A
rna-XM_056787803.1	A	g11573.t1	A
rna-XM_056787806.1	A	g83.t1	A
rna-XM_056787809.1	A	g125.t1	A
rna-XM_056787918.1	A	g124.t1	A
rna-XM_056787715.1	A	g13343.t1	A
rna-XM_056788071.1	A	g8888.t2	A
rna-XM_056788072.1	A	g8839.t1	A
rna-XM_056786936.1	A	g11560.t1	A
rna-XM_056786937.1	A	g8893.t1	A
rna-XM_056786938.1	A	g8890.t1	A
rna-XM_056787478.1	A	g13340.t1	A
rna-XM_056786895.1	A	g13335.t1	A
rna-XM_056786896.1	A	g13334.t1	A
rna-XM_056786892.1	A	g13339.t1	A
rna-XM_056786899.1	A	g6656.t1	A
rna-XM_056786901.1	A	g9634.t1	A
rna-XM_056786902.1	A	g6086.t1	A
rna-XM_056786904.1	A	g6087.t1	A
rna-XM_056786905.1	A	g6085.t2	A
rna-XM_056786906.1	A	g6083.t2	A
rna-XM_056786909.1	A	g7464.t1	X
rna-XM_056786911.1	A	g14559.t1	A
rna-XM_056786912.1	A	g14560.t1	A
rna-XM_056787926.1	A	g13571.t2	A
rna-XM_056787935.1	A	g4012.t1	A
rna-XM_056787920.1	A	g11397.t1	A
rna-XM_056787933.1	A	g11402.t1	A
rna-XM_056787928.1	A	g11166.t1	A
rna-XM_056787942.1	A	g6758.t1	A
rna-XM_056787943.1	A	g3779.t1	A
rna-XM_056787936.1	A	g3562.t1	A
rna-XM_056787929.1	A	g13311.t1	A
rna-XM_056788108.1	A	g9324.t1	A
rna-XM_056787766.1	A	g4960.t1	A
rna-XM_056787921.1	A	g5306.t2	A
rna-XM_056787947.1	A	g13316.t1	A
rna-XM_056787959.1	A	g6208.t1	A
rna-XM_056787445.1	A	g14644.t1	A
rna-XM_056786846.1	A	g10436.t1	A
rna-XM_056786847.1	A	g8780.t1	A
rna-XM_056786856.1	A	g3892.t1	A
rna-XM_056788111.1	A	g5939.t1	A
rna-XM_056789001.1	A	g5633.t1	A
rna-XM_056789004.1	A	g12496.t1	A
rna-XM_056788271.1	A	g12499.t1	A
rna-XM_056788765.1	A	g10137.t1	A
rna-XM_056788283.1	A	g10466.t1	A
rna-XM_056788256.1	A	g14816.t2	A
rna-XM_056788268.1	A	g2254.t1	A
rna-XM_056788265.1	A	g10468.t1	A
rna-XM_056788545.1	A	g12388.t1	A
rna-XM_056788358.1	A	g11699.t1	A
rna-XM_056788356.1	A	g5022.t1	A
rna-XM_056788500.1	A	g2281.t1	A
rna-XM_056788767.1	A	g5708.t1	A
rna-XM_056788330.1	A	g4894.t1	A
rna-XM_056788508.1	A	g4896.t1	A
rna-XM_056788768.1	A	g4898.t1	A
rna-XM_056788344.1	A	g4899.t1	A
rna-XM_056788399.1	A	g14160.t1	A
rna-XM_056788403.1	A	g14835.t1	A
rna-XM_056788360.1	A	g14834.t1	A
rna-XM_056788362.1	A	g14157.t2	A
rna-XM_056788389.1	A	g2292.t1	A
rna-XM_056788395.1	A	g9132.t1	A
rna-XM_056788499.1	A	g9127.t1	A
rna-XM_056788589.1	A	g9255.t1	A
rna-XM_056788664.1	A	g8490.t1	A
rna-XM_056788677.1	A	g3813.t1	A
rna-XM_056788678.1	A	g10786.t1	A
rna-XM_056788680.1	A	g10512.t4	A
rna-XM_056788681.1	A	g5922.t1	A
rna-XM_056788299.1	A	g10574.t1	A
rna-XM_056788674.1	A	g5923.t1	A
rna-XM_056788381.1	A	g5925.t1	A
rna-XM_056788297.1	A	g12579.t1	A
rna-XM_056788667.1	A	g5926.t1	A
rna-XM_056788411.1	A	g9435.t1	A
rna-XM_056788869.1	A	g13736.t1	A
rna-XM_056788871.1	A	g8018.t1	A
rna-XM_056788861.1	A	g11843.t1	A
rna-XM_056788872.1	A	g11975.t1	A
rna-XM_056788874.1	A	g11974.t3	A
rna-XM_056788876.1	A	g8930.t1	A
rna-XM_056788873.1	A	g10831.t1	A
rna-XM_056788407.1	A	g10829.t1	A
rna-XM_056788410.1	A	g10830.t1	A
rna-XM_056788675.1	A	g10913.t2	A
rna-XM_056788338.1	A	g11653.t1	A
rna-XM_056788353.1	A	g10628.t1	A
rna-XM_056789000.1	A	g4270.t1	A
rna-XM_056788296.1	A	g792.t1	A
rna-XM_056788328.1	A	g2314.t1	A
rna-XM_056788897.1	A	g6330.t1	A
rna-XM_056788898.1	A	g5921.t1	A
rna-XM_056788899.1	A	g8965.t1	A
rna-XM_056788900.1	A	g8964.t1	A
rna-XM_056788348.1	A	g8963.t1	A
rna-XM_056788350.1	A	g7819.t1	A
rna-XM_056789006.1	A	g2093.t3	A
rna-XM_056789008.1	A	g6039.t1	A
rna-XM_056789009.1	A	g14666.t1	A
rna-XM_056788306.1	A	g5284.t1	A
rna-XM_056788826.1	A	g2098.t1	A
rna-XM_056788824.1	A	g3514.t1	A
rna-XM_056788823.1	A	g13176.t1	A
rna-XM_056788831.1	A	g14685.t1	A
rna-XM_056788830.1	A	g14676.t1	A
rna-XM_056788833.1	A	g12870.t1	A
rna-XM_056788827.1	A	g5271.t2	A
rna-XM_056788303.1	A	g14013.t1	A
rna-XM_056788302.1	A	g14014.t1	A
rna-XM_056788556.1	A	g11924.t1	A
rna-XM_056788725.1	A	g11925.t1	A
rna-XM_056788721.1	A	g14674.t3	A
rna-XM_056788724.1	A	g1877.t1	A
rna-XM_056788726.1	A	g1878.t1	A
rna-XM_056788732.1	A	g5222.t1	A
rna-XM_056788844.1	A	g14672.t1	A
rna-XM_056788854.1	A	g12637.t1	A
rna-XM_056788849.1	A	g11890.t1	A
rna-XM_056788851.1	A	g11891.t1	A
rna-XM_056788856.1	A	g11596.t1	A
rna-XM_056788770.1	A	g12636.t1	A
rna-XM_056788341.1	A	g14146.t1	A
rna-XM_056788340.1	A	g6430.t1	A
rna-XM_056788771.1	A	g14147.t1	A
rna-XM_056788685.1	A	g14149.t1	A
rna-XM_056788370.1	A	g5015.t3	A
rna-XM_056788744.1	A	g5013.t1	A
rna-XM_056788743.1	A	g13533.t1	A
rna-XM_056788735.1	A	g9869.t1	A
rna-XM_056788741.1	A	g14062.t2	A
rna-XM_056788736.1	A	g13036.t1	A
rna-XM_056788745.1	A	g13610.t1	A
rna-XM_056788738.1	A	g6063.t1	A
rna-XM_056788333.1	A	g679.t1	A
rna-XM_056788749.1	A	g13069.t1	A
rna-XM_056788759.1	A	g13068.t1	A
rna-XM_056788694.1	A	g676.t1	A
rna-XM_056788687.1	A	g677.t1	A
rna-XM_056788695.1	A	g678.t2	A
rna-XM_056788704.1	A	g1187.t1	A
rna-XM_056788699.1	A	g1188.t1	A
rna-XM_056788706.1	A	g669.t1	A
rna-XM_056789010.1	A	g668.t1	A
rna-XM_056789012.1	A	g5245.t1	A
rna-XM_056788896.1	A	g2699.t1	A
rna-XM_056788891.1	A	g14725.t2	A
rna-XM_056788895.1	A	g5240.t1	A
rna-XM_056788185.1	A	g14724.t3	A
rna-XM_056788194.1	A	g5228.t1	A
rna-XM_056788858.1	A	g5227.t1	A
rna-XM_056788314.1	A	g14761.t1	A
rna-XM_056788184.1	A	g14760.t1	A
rna-XM_056788183.1	A	g6480.t1	A
rna-XM_056788326.1	A	g14758.t1	A
rna-XM_056788772.1	A	g11743.t2	A
rna-XM_056788773.1	A	g11827.t1	A
rna-XM_056788774.1	A	g11828.t1	A
rna-XM_056788553.1	A	g2291.t2	A
rna-XM_056788913.1	A	g11013.t1	A
rna-XM_056788396.1	A	g7634.t1	A
rna-XM_056788397.1	A	g6883.t1	A
rna-XM_056788327.1	A	g6882.t1	A
rna-XM_056789021.1	A	g14158.t1	A
rna-XM_056789020.1	A	g26.t1	A
rna-XM_056789015.1	A	g14833.t1	A
rna-XM_056789022.1	A	g14687.t1	A
rna-XM_056789013.1	A	g14686.t2	A
rna-XM_056788775.1	A	g14681.t1	A
rna-XM_056788924.1	A	g14679.t1	A
rna-XM_056788937.1	A	g14678.t3	A
rna-XM_056788949.1	A	g14767.t1	A
rna-XM_056788599.1	A	g9162.t1	A
rna-XM_056788596.1	A	g9245.t1	A
rna-XM_056788594.1	A	g9244.t2	A
rna-XM_056788600.1	A	g9246.t1	A
rna-XM_056788601.1	A	g9241.t1	A
rna-XM_056788603.1	A	g9159.t1	A
rna-XM_056788604.1	A	g11744.t1	A
rna-XM_056788608.1	A	g9158.t1	A
rna-XM_056788612.1	A	g13459.t1	A
rna-XM_056788613.1	A	g13049.t2	A
rna-XM_056788615.1	A	g13052.t2	A
rna-XM_056788617.1	A	g2240.t1	A
rna-XM_056788619.1	A	g11661.t1	A
rna-XM_056788621.1	A	g2238.t1	A
rna-XM_056788620.1	A	g5024.t1	A
rna-XM_056788623.1	A	g14415.t1	A
rna-XM_056788626.1	A	g14536.t1	A
rna-XM_056788777.1	A	g14535.t1	A
rna-XM_056788778.1	A	g14521.t3	A
rna-XM_056788627.1	A	g14523.t1	A
rna-XM_056788781.1	A	g14524.t1	A
rna-XM_056788631.1	A	g14525.t1	A
rna-XM_056788634.1	A	g14526.t1	A
rna-XM_056788635.1	A	g14527.t1	A
rna-XM_056788782.1	A	g14531.t1	A
rna-XM_056788637.1	A	g14534.t1	A
rna-XM_056788640.1	A	g14533.t1	A
rna-XM_056788783.1	A	g14532.t1	A
rna-XM_056788638.1	A	g14517.t1	A
rna-XM_056788644.1	A	g5950.t1	A
rna-XM_056788647.1	A	g5951.t1	A
rna-XM_056788646.1	A	g3312.t2	A
rna-XM_056788648.1	A	g3313.t1	A
rna-XM_056788651.1	A	g949.t1	A
rna-XM_056788650.1	A	g7695.t1	A
rna-XM_056788652.1	A	g948.t1	A
rna-XM_056788653.1	A	g6184.t2	A
rna-XM_056788655.1	A	g6660.t1	A
rna-XM_056788785.1	A	g9446.t1	A
rna-XM_056788656.1	A	g1757.t1	A
rna-XM_056788657.1	A	g9440.t2	A
rna-XM_056788787.1	A	g6271.t2	A
rna-XM_056788788.1	A	g6272.t1	A
rna-XM_056788661.1	A	g6273.t1	A
rna-XM_056788660.1	A	g6274.t1	A
rna-XM_056788684.1	A	g6275.t1	A
rna-XM_056788789.1	A	g6280.t1	A
rna-XM_056788792.1	A	g6282.t1	A
rna-XM_056788793.1	A	g6281.t1	A
rna-XM_056788794.1	A	g6290.t1	A
rna-XM_056788795.1	A	g6288.t1	A
rna-XM_056788796.1	A	g6270.t1	A
rna-XM_056788557.1	A	g6269.t2	A
rna-XM_056788662.1	A	g6268.t1	A
rna-XM_056788663.1	A	g6267.t1	A
rna-XM_056788420.1	A	g1131.t1	A
rna-XM_056788423.1	A	g11693.t1	A
rna-XM_056788414.1	A	g12078.t2	A
rna-XM_056788424.1	A	g11690.t1	A
rna-XM_056788425.1	A	g11691.t1	A
rna-XM_056788427.1	A	g909.t1	A
rna-XM_056788433.1	A	g6714.t1	A
rna-XM_056788429.1	A	g6603.t1	A
rna-XM_056788435.1	A	g6713.t1	A
rna-XM_056788437.1	A	g6712.t1	A
rna-XM_056788439.1	A	g6599.t2	A
rna-XM_056788441.1	A	g6737.t2	A
rna-XM_056788450.1	A	g6736.t1	A
rna-XM_056788448.1	A	g6710.t1	A
rna-XM_056788474.1	A	g6597.t3	A
rna-XM_056788475.1	A	g469.t1	A
rna-XM_056788476.1	A	g467.t1	A
rna-XM_056788478.1	A	g14471.t1	A
rna-XM_056788477.1	A	g3405.t1	A
rna-XM_056788482.1	A	g3406.t1	A
rna-XM_056788479.1	A	g3407.t1	A
rna-XM_056788483.1	A	g9641.t1	A
rna-XM_056788484.1	A	g5056.t1	A
rna-XM_056788486.1	A	g6561.t1	A
rna-XM_056788797.1	A	g6807.t1	A
rna-XM_056788497.1	A	g8787.t1	A
rna-XM_056788593.1	A	g6558.t1	A
rna-XM_056788382.1	A	g12438.t1	A
rna-XM_056788537.1	A	g12436.t1	A
rna-XM_056788799.1	A	g12435.t1	A
rna-XM_056788346.1	A	g12434.t1	A
rna-XM_056788802.1	A	g5521.t1	A
rna-XM_056788505.1	A	g12424.t1	A
rna-XM_056788536.1	A	g12554.t1	A
rna-XM_056788714.1	A	g393.t1	A
rna-XM_056788717.1	A	g394.t1	A
rna-XM_056788713.1	A	g173.t1	A
rna-XM_056788803.1	A	g6371.t2	A
rna-XM_056788718.1	A	g6372.t1	A
rna-XM_056788712.1	A	g5885.t1	A
rna-XM_056788295.1	A	g13353.t1	A
rna-XM_056788181.1	A	g12444.t2	A
rna-XM_056788177.1	A	g13347.t1	A
rna-XM_056788180.1	A	g12446.t1	A
rna-XM_056788902.1	A	g13352.t1	A
rna-XM_056788287.1	A	g13351.t1	A
rna-XM_056788566.1	A	g6325.t2	A
rna-XM_056788218.1	A	g6767.t1	A
rna-XM_056788228.1	A	g5718.t1	A
rna-XM_056788229.1	A	g3282.t1	A
rna-XM_056788805.1	A	g6144.t1	A
rna-XM_056788238.1	A	g6143.t1	A
rna-XM_056788807.1	A	g10426.t1	A
rna-XM_056788239.1	A	g6142.t1	A
rna-XM_056788240.1	A	g3441.t3	A
rna-XM_056788243.1	A	g3316.t2	A
rna-XM_056788247.1	A	g6119.t1	A
rna-XM_056788242.1	A	g1753.t1	A
rna-XM_056788249.1	A	g8411.t1	A
rna-XM_056788956.1	A	g6093.t1	A
rna-XM_056788968.1	A	g6090.t1	A
rna-XM_056788971.1	A	g6091.t1	A
rna-XM_056788965.1	A	g5348.t2	A
rna-XM_056788973.1	A	g9160.t1	A
rna-XM_056788958.1	A	g873.t1	A
rna-XM_056788974.1	A	g1385.t2	A
rna-XM_056788980.1	A	g891.t2	A
rna-XM_056788978.1	A	g1384.t1	A
rna-XM_056788982.1	A	g952.t3	A
rna-XM_056788988.1	A	g4402.t1	A
rna-XM_056788808.1	A	g4878.t1	A
rna-XM_056788989.1	A	g713.t3	A
rna-XM_056788809.1	A	g9930.t1	A
rna-XM_056788992.1	A	g744.t1	A
rna-XM_056788993.1	A	g11008.t3	A
rna-XM_056788507.1	A	g11007.t1	A
rna-XM_056788760.1	A	g11551.t1	A
rna-XM_056788527.1	A	g11503.t1	A
rna-XM_056788529.1	A	g11504.t1	A
rna-XM_056788509.1	A	g11538.t5	A
rna-XM_056788532.1	A	g11510.t1	A
rna-XM_056788531.1	A	g11513.t1	A
rna-XM_056788525.1	A	g11535.t1	A
rna-XM_056788818.1	A	g11533.t1	A
rna-XM_056788550.1	A	g11316.t1	A
rna-XM_056788386.1	A	g11317.t1	A
rna-XM_056788385.1	A	g11248.t1	A
rna-XM_056788343.1	A	g11250.t1	A
rna-XM_056788342.1	A	g5278.t1	A
rna-XM_056788565.1	A	g12361.t2	A
rna-XM_056788814.1	A	g11870.t1	A
rna-XM_056788554.1	A	g10093.t1	A
rna-XM_056788950.1	A	g11872.t1	A
rna-XM_056788952.1	A	g11249.t1	A
rna-XM_056788953.1	A	g9670.t1	A
rna-XM_056788291.1	A	g3403.t1	A
rna-XM_056788292.1	A	g8215.t1	A
rna-XM_056788682.1	A	g3715.t1	A
rna-XM_056788195.1	A	g3942.t1	A
rna-XM_056788196.1	A	g3941.t1	A
rna-XM_056788815.1	A	g3940.t1	A
rna-XM_056788237.1	A	g3937.t1	A
rna-XM_056788233.1	A	g3936.t1	A
rna-XM_056788571.1	A	g3935.t1	A
rna-XM_056788583.1	A	g10340.t1	A
rna-XM_056788585.1	A	g3918.t1	A
rna-XM_056788587.1	A	g8066.t1	A
rna-XM_056788588.1	A	g2117.t1	A
rna-XM_056788559.1	A	g12155.t1	A
rna-XM_056788878.1	A	g9890.t3	A
rna-XM_056788883.1	A	g12150.t1	A
rna-XM_056788355.1	A	g5303.t1	A
rna-XM_056788198.1	A	g12632.t1	A
rna-XM_056788997.1	A	g12633.t1	A
rna-XM_056788888.1	A	g13135.t1	A
rna-XM_056788889.1	A	g2707.t1	A
rna-XM_056788251.1	A	g12765.t1	A
rna-XM_056788669.1	A	g12744.t1	A
rna-XM_056788835.1	A	g5506.t1	A
rna-XM_056788837.1	A	g3246.t1	A
rna-XM_056788533.1	A	g3077.t1	A
rna-XM_056788201.1	A	g13452.t1	A
rna-XM_056788359.1	A	g5304.t1	A
rna-XM_056791036.1	X	g4738.t1	A
rna-XM_056791038.1	X	g9732.t1	A
rna-XM_056790164.1	X	g4737.t2	A
rna-XM_056789518.1	X	g9715.t1	A
rna-XM_056789521.1	X	g4750.t1	A
rna-XM_056789520.1	X	g9716.t1	A
rna-XM_056789451.1	X	g11086.t1	A
rna-XM_056789333.1	X	g7184.t5	A
rna-XM_056789337.1	X	g6111.t1	A
rna-XM_056789937.1	X	g9097.t2	A
rna-XM_056790349.1	X	g8673.t1	A
rna-XM_056790313.1	X	g3664.t1	A
rna-XM_056790314.1	X	g11236.t1	A
rna-XM_056789950.1	X	g11237.t1	A
rna-XM_056790571.1	X	g13349.t2	A
rna-XM_056790572.1	X	g12364.t1	A
rna-XM_056790178.1	X	g13265.t2	A
rna-XM_056790252.1	X	g9752.t1	A
rna-XM_056789810.1	X	g4597.t1	A
rna-XM_056789814.1	X	g10792.t1	A
rna-XM_056790990.1	X	g10789.t1	A
rna-XM_056790992.1	X	g10791.t1	A
rna-XM_056790991.1	X	g10790.t1	A
rna-XM_056790993.1	X	g3697.t1	A
rna-XM_056789062.1	X	g11201.t1	A
rna-XM_056789250.1	X	g3780.t1	A
rna-XM_056789248.1	X	g10092.t1	A
rna-XM_056789249.1	X	g10091.t1	A
rna-XM_056791046.1	X	g12608.t1	A
rna-XM_056791045.1	X	g3840.t2	A
rna-XM_056791048.1	X	g8613.t1	A
rna-XM_056791053.1	X	g8672.t1	A
rna-XM_056791055.1	X	g10859.t2	A
rna-XM_056791065.1	X	g10860.t1	A
rna-XM_056791074.1	X	g4769.t1	A
rna-XM_056791083.1	X	g7359.t1	A
rna-XM_056791084.1	X	g2142.t1	A
rna-XM_056790439.1	X	g2651.t1	A
rna-XM_056790359.1	X	g2667.t1	A
rna-XM_056790360.1	X	g12837.t1	A
rna-XM_056789090.1	X	g2672.t1	A
rna-XM_056789082.1	X	g14754.t1	A
rna-XM_056789708.1	X	g2620.t1	A
rna-XM_056791040.1	X	g3168.t1	A
rna-XM_056789905.1	X	g2631.t1	A
rna-XM_056789207.1	X	g2563.t1	A
rna-XM_056790065.1	X	g2562.t1	A
rna-XM_056789027.1	X	g2549.t3	A
rna-XM_056789029.1	X	g14690.t1	A
rna-XM_056789033.1	X	g2616.t1	A
rna-XM_056789037.1	X	g2552.t1	A
rna-XM_056790305.1	X	g2701.t1	A
rna-XM_056789741.1	X	g2450.t1	A
rna-XM_056789312.1	X	g4943.t1	A
rna-XM_056789311.1	X	g4947.t1	A
rna-XM_056790463.1	X	g4301.t1	A
rna-XM_056789212.1	X	g4318.t1	A
rna-XM_056789211.1	X	g4616.t1	A
rna-XM_056789213.1	X	g12639.t1	A
rna-XM_056791043.1	X	g4870.t1	A
rna-XM_056789980.1	X	g13638.t1	A
rna-XM_056789983.1	X	g11206.t1	A
rna-XM_056790481.1	X	g1065.t1	A
rna-XM_056790701.1	X	g13632.t1	A
rna-XM_056790710.1	X	g9531.t1	A
rna-XM_056790708.1	X	g12888.t1	A
rna-XM_056790718.1	X	g11476.t1	A
rna-XM_056790716.1	X	g11578.t1	A
rna-XM_056790719.1	X	g12709.t1	A
rna-XM_056790721.1	X	g4875.t1	A
rna-XM_056790730.1	X	g4882.t1	A
rna-XM_056790722.1	X	g4879.t1	A
rna-XM_056790728.1	X	g4881.t1	A
rna-XM_056790725.1	X	g4880.t2	A
rna-XM_056790723.1	X	g6868.t1	A
rna-XM_056790744.1	X	g4958.t2	A
rna-XM_056790732.1	X	g6870.t2	A
rna-XM_056790745.1	X	g2700.t1	A
rna-XM_056790750.1	X	g14438.t1	A
rna-XM_056790746.1	X	g14439.t1	A
rna-XM_056790752.1	X	g2689.t2	A
rna-XM_056790754.1	X	g6752.t1	A
rna-XM_056790758.1	X	g11814.t1	A
rna-XM_056790764.1	X	g12084.t1	A
rna-XM_056791109.1	X	g14510.t1	A
rna-XM_056791068.1	X	g4786.t1	A
rna-XM_056791027.1	X	g4795.t2	A
rna-XM_056791023.1	X	g112.t1	A
rna-XM_056791025.1	X	g111.t1	A
rna-XM_056790496.1	X	g3101.t1	A
rna-XM_056790498.1	X	g11348.t1	A
rna-XM_056790490.1	X	g11347.t1	A
rna-XM_056790485.1	X	g11712.t1	A
rna-XM_056790487.1	X	g11354.t2	A
rna-XM_056790484.1	X	g11355.t1	A
rna-XM_056789415.1	X	g11356.t1	A
rna-XM_056789506.1	X	g11358.t1	A
rna-XM_056789575.1	X	g11359.t1	A
rna-XM_056789784.1	X	g11776.t1	A
rna-XM_056789411.1	X	g11774.t1	A
rna-XM_056789619.1	X	g11757.t1	A
rna-XM_056789816.1	X	g3786.t2	A
rna-XM_056789354.1	X	g3790.t1	A
rna-XM_056790446.1	X	g6156.t1	A
rna-XM_056790849.1	X	g8540.t1	A
rna-XM_056790855.1	X	g4458.t2	A
rna-XM_056790852.1	X	g4461.t1	A
rna-XM_056790994.1	X	g4462.t1	A
rna-XM_056790996.1	X	g9280.t1	A
rna-XM_056789429.1	X	g5792.t1	A
rna-XM_056789434.1	X	g5793.t2	A
rna-XM_056790181.1	X	g6919.t1	A
rna-XM_056790180.1	X	g9177.t1	A
rna-XM_056789581.1	X	g8430.t1	A
rna-XM_056791114.1	X	g8428.t2	A
rna-XM_056791116.1	X	g5021.t1	A
rna-XM_056791225.1	X	g12889.t1	A
rna-XM_056791111.1	X	g5020.t1	A
rna-XM_056791226.1	X	g5019.t1	A
rna-XM_056789948.1	X	g1182.t2	A
rna-XM_056789949.1	X	g1181.t1	A
rna-XM_056789371.1	X	g90.t1	A
rna-XM_056789156.1	X	g10539.t1	A
rna-XM_056789463.1	X	g4118.t1	A
rna-XM_056790686.1	X	g10564.t1	A
rna-XM_056790687.1	X	g10565.t1	A
rna-XM_056790689.1	X	g10566.t1	A
rna-XM_056789399.1	X	g478.t1	A
rna-XM_056789400.1	X	g4116.t1	A
rna-XM_056789404.1	X	g4117.t1	A
rna-XM_056789401.1	X	g4230.t1	A
rna-XM_056790922.1	X	g4106.t1	A
rna-XM_056790919.1	X	g12560.t1	A
rna-XM_056790930.1	X	g10581.t1	A
rna-XM_056790929.1	X	g10827.t1	A
rna-XM_056790925.1	X	g10474.t1	A
rna-XM_056790166.1	X	g10826.t1	A
rna-XM_056790167.1	X	g10478.t2	A
rna-XM_056790845.1	X	g10470.t1	A
rna-XM_056790846.1	X	g10471.t1	A
rna-XM_056790847.1	X	g2670.t3	A
rna-XM_056789984.1	X	g2669.t2	A
rna-XM_056789985.1	X	g14636.t1	A
rna-XM_056789657.1	X	g12778.t2	A
rna-XM_056789665.1	X	g2037.t1	A
rna-XM_056790819.1	X	g10710.t1	A
rna-XM_056790820.1	X	g1229.t2	A
rna-XM_056790822.1	X	g4108.t1	A
rna-XM_056790821.1	X	g1583.t1	X
rna-XM_056790824.1	X	g10513.t1	A
rna-XM_056790679.1	X	g2598.t1	A
rna-XM_056790078.1	X	g2650.t1	A
rna-XM_056789603.1	X	g13228.t1	A
rna-XM_056790323.1	X	g14475.t1	A
rna-XM_056790330.1	X	g11139.t3	A
rna-XM_056790331.1	X	g5626.t1	A
rna-XM_056789890.1	X	g5627.t1	A
rna-XM_056789679.1	X	g5679.t2	A
rna-XM_056789517.1	X	g5628.t1	A
rna-XM_056790500.1	X	g5632.t1	A
rna-XM_056790499.1	X	g5630.t1	A
rna-XM_056789041.1	X	g5631.t1	A
rna-XM_056789043.1	X	g5629.t1	A
rna-XM_056789048.1	X	g12491.t1	A
rna-XM_056789770.1	X	g3331.t1	A
rna-XM_056790524.1	X	g14826.t1	A
rna-XM_056790262.1	X	g13227.t1	A
rna-XM_056790263.1	X	g13667.t1	A
rna-XM_056789470.1	X	g5625.t1	A
rna-XM_056789465.1	X	g5624.t1	A
rna-XM_056789594.1	X	g1481.t1	X
rna-XM_056789772.1	X	g1494.t1	X
rna-XM_056790238.1	X	g406.t1	A
rna-XM_056790235.1	X	g11873.t2	A
rna-XM_056790300.1	X	g11874.t1	A
rna-XM_056790294.1	X	g7462.t2	X
rna-XM_056790299.1	X	g3311.t1	A
rna-XM_056789751.1	X	g1610.t1	X
rna-XM_056789507.1	X	g1572.t1	X
rna-XM_056791174.1	X	g1731.t1	X
rna-XM_056790187.1	X	g1711.t1	X
rna-XM_056790220.1	X	g1714.t1	X
rna-XM_056790378.1	X	g1547.t1	X
rna-XM_056790104.1	X	g1546.t1	X
rna-XM_056790105.1	X	g1735.t1	X
rna-XM_056790106.1	X	g2881.t2	X
rna-XM_056790009.1	X	g2882.t2	X
rna-XM_056790012.1	X	g2883.t1	X
rna-XM_056789907.1	X	g1566.t1	X
rna-XM_056791105.1	X	g1668.t1	X
rna-XM_056791106.1	X	g2153.t2	A
rna-XM_056791103.1	X	g1615.t1	X
rna-XM_056791107.1	X	g7437.t2	X
rna-XM_056790356.1	X	g1603.t1	X
rna-XM_056790905.1	X	g2901.t4	X
rna-XM_056790916.1	X	g2871.t1	X
rna-XM_056790226.1	X	g1612.t1	X
rna-XM_056789807.1	X	g1724.t1	X
rna-XM_056789808.1	X	g3989.t2	A
rna-XM_056791177.1	X	g11777.t2	A
rna-XM_056790316.1	X	g2892.t1	X
rna-XM_056791178.1	X	g1671.t1	X
rna-XM_056789749.1	X	g1721.t1	X
rna-XM_056790306.1	X	g7436.t1	X
rna-XM_056789446.1	X	g10712.t1	A
rna-XM_056790070.1	X	g1470.t1	X
rna-XM_056790069.1	X	g1459.t1	X
rna-XM_056789303.1	X	g1422.t1	X
rna-XM_056789117.1	X	g7456.t1	X
rna-XM_056790177.1	X	g2878.t1	X
rna-XM_056790176.1	X	g2879.t1	X
rna-XM_056790175.1	X	g2880.t1	X
rna-XM_056790171.1	X	g1561.t1	X
rna-XM_056789202.1	X	g1562.t1	X
rna-XM_056790018.1	X	g5153.t2	A
rna-XM_056791150.1	X	g1563.t1	X
rna-XM_056789484.1	X	g7270.t1	X
rna-XM_056789094.1	X	g6996.t1	A
rna-XM_056789093.1	X	g14500.t1	A
rna-XM_056789641.1	X	g7461.t1	X
rna-XM_056789643.1	X	g7262.t1	X
rna-XM_056789541.1	X	g1722.t1	X
rna-XM_056790417.1	X	g1498.t1	X
rna-XM_056790369.1	X	g1477.t1	X
rna-XM_056790027.1	X	g1476.t1	X
rna-XM_056790028.1	X	g1474.t1	X
rna-XM_056790026.1	X	g1475.t1	X
rna-XM_056789748.1	X	g1473.t1	X
rna-XM_056789481.1	X	g10054.t1	A
rna-XM_056789128.1	X	g1516.t1	X
rna-XM_056789129.1	X	g7429.t2	X
rna-XM_056790068.1	X	g7428.t1	X
rna-XM_056790985.1	X	g7427.t1	X
rna-XM_056790982.1	X	g7426.t1	X
rna-XM_056789473.1	X	g14355.t1	X
rna-XM_056791224.1	X	g2929.t1	X
rna-XM_056789635.1	X	g2928.t1	X
rna-XM_056789425.1	X	g2925.t1	X
rna-XM_056789750.1	X	g2924.t1	X
rna-XM_056790367.1	X	g1528.t1	X
rna-XM_056789444.1	X	g1527.t2	X
rna-XM_056789590.1	X	g5669.t2	A
rna-XM_056790528.1	X	g1544.t1	X
rna-XM_056790385.1	X	g1460.t1	X
rna-XM_056790405.1	X	g1685.t1	X
rna-XM_056789165.1	X	g7474.t1	X
rna-XM_056789159.1	X	g7466.t1	X
rna-XM_056789166.1	X	g1581.t1	X
rna-XM_056791132.1	X	g1580.t1	X
rna-XM_056791140.1	X	g7281.t1	X
rna-XM_056789640.1	X	g1688.t1	X
rna-XM_056790381.1	X	g1691.t1	X
rna-XM_056789951.1	X	g1638.t1	X
rna-XM_056789952.1	X	g1584.t1	X
rna-XM_056789953.1	X	g12657.t1	A
rna-XM_056789954.1	X	g5139.t1	A
rna-XM_056789939.1	X	g1699.t1	X
rna-XM_056789768.1	X	g2891.t1	X
rna-XM_056789313.1	X	g2877.t1	X
rna-XM_056789314.1	X	g7475.t2	X
rna-XM_056789616.1	X	g7476.t1	X
rna-XM_056789171.1	X	g4955.t1	A
rna-XM_056789173.1	X	g3092.t1	A
rna-XM_056789174.1	X	g3090.t1	A
rna-XM_056789736.1	X	g13257.t1	A
rna-XM_056789589.1	X	g4952.t2	A
rna-XM_056791093.1	X	g4954.t3	A
rna-XM_056791090.1	X	g4300.t1	A
rna-XM_056789209.1	X	g4294.t1	A
rna-XM_056789588.1	X	g12927.t1	A
rna-XM_056789592.1	X	g12925.t1	A
rna-XM_056789201.1	X	g3087.t1	A
rna-XM_056789912.1	X	g12926.t1	A
rna-XM_056789339.1	X	g12930.t1	A
rna-XM_056790071.1	X	g12934.t1	A
rna-XM_056790073.1	X	g11124.t1	A
rna-XM_056790072.1	X	g12939.t1	A
rna-XM_056789038.1	X	g12832.t1	A
rna-XM_056789405.1	X	g12831.t1	A
rna-XM_056789406.1	X	g11112.t1	A
rna-XM_056789447.1	X	g12718.t1	A
rna-XM_056791009.1	X	g12719.t2	A
rna-XM_056789453.1	X	g12721.t1	A
rna-XM_056789461.1	X	g4494.t1	A
rna-XM_056789460.1	X	g8431.t1	A
rna-XM_056789968.1	X	g14640.t1	A
rna-XM_056789977.1	X	g4686.t1	A
rna-XM_056789973.1	X	g1865.t1	A
rna-XM_056789966.1	X	g12912.t1	A
rna-XM_056789967.1	X	g12876.t1	A
rna-XM_056789978.1	X	g12877.t1	A
rna-XM_056789242.1	X	g12875.t1	A
rna-XM_056789243.1	X	g12881.t1	A
rna-XM_056789225.1	X	g12878.t2	A
rna-XM_056789438.1	X	g12913.t1	A
rna-XM_056789308.1	X	g5473.t1	A
rna-XM_056790219.1	X	g5486.t1	A
rna-XM_056790594.1	X	g5466.t1	A
rna-XM_056790596.1	X	g5493.t1	A
rna-XM_056790601.1	X	g5238.t2	A
rna-XM_056790602.1	X	g5494.t2	A
rna-XM_056789079.1	X	g2360.t1	A
rna-XM_056790606.1	X	g4659.t1	A
rna-XM_056790607.1	X	g4658.t1	A
rna-XM_056790608.1	X	g4657.t1	A
rna-XM_056790609.1	X	g4772.t1	A
rna-XM_056790610.1	X	g4602.t2	A
rna-XM_056790613.1	X	g4316.t1	A
rna-XM_056790616.1	X	g4317.t1	A
rna-XM_056790620.1	X	g529.t1	A
rna-XM_056790626.1	X	g4770.t1	A
rna-XM_056790627.1	X	g11089.t1	A
rna-XM_056790628.1	X	g10194.t1	A
rna-XM_056790630.1	X	g12814.t1	A
rna-XM_056790631.1	X	g7649.t1	A
rna-XM_056790634.1	X	g2636.t2	A
rna-XM_056790635.1	X	g7653.t1	A
rna-XM_056790637.1	X	g13637.t1	A
rna-XM_056790638.1	X	g12628.t2	A
rna-XM_056790643.1	X	g12920.t1	A
rna-XM_056790645.1	X	g5837.t1	A
rna-XM_056790646.1	X	g12627.t1	A
rna-XM_056790647.1	X	g7726.t2	A
rna-XM_056790656.1	X	g7727.t1	A
rna-XM_056790648.1	X	g1358.t1	A
rna-XM_056790661.1	X	g10089.t1	A
rna-XM_056790663.1	X	g3839.t1	A
rna-XM_056790665.1	X	g8355.t1	A
rna-XM_056790668.1	X	g9754.t1	A
rna-XM_056790670.1	X	g12365.t1	A
rna-XM_056790673.1	X	g14823.t1	A
rna-XM_056790672.1	X	g10465.t1	A
rna-XM_056790669.1	X	g8351.t2	A
rna-XM_056790675.1	X	g12152.t1	A
rna-XM_056789477.1	X	g12865.t1	A
rna-XM_056789476.1	X	g12864.t1	A
rna-XM_056789115.1	X	g2606.t1	A
rna-XM_056790509.1	X	g5370.t1	A
rna-XM_056790044.1	X	g2162.t4	A
rna-XM_056790046.1	X	g2164.t1	A
rna-XM_056791229.1	X	g13224.t1	A
rna-XM_056791231.1	X	g13226.t1	A
rna-XM_056791233.1	X	g2619.t1	A
rna-XM_056791160.1	X	g1868.t1	A
rna-XM_056791161.1	X	g5585.t1	A
rna-XM_056791166.1	X	g9349.t1	A
rna-XM_056791162.1	X	g4739.t1	A
rna-XM_056789157.1	X	g4132.t1	A
rna-XM_056790280.1	X	g1509.t1	X
rna-XM_056790288.1	X	g1736.t1	X
rna-XM_056789112.1	X	g1605.t1	X
rna-XM_056789827.1	X	g331.t1	A
rna-XM_056789766.1	X	g2870.t1	X
rna-XM_056790502.1	X	g7468.t1	X
rna-XM_056789357.1	X	g1514.t2	X
rna-XM_056789356.1	X	g1530.t1	X
rna-XM_056789361.1	X	g14655.t1	A
rna-XM_056789385.1	X	g7438.t4	X
rna-XM_056791015.1	X	g1578.t1	X
rna-XM_056791017.1	X	g7458.t7	X
rna-XM_056790508.1	X	g1596.t1	X
rna-XM_056790074.1	X	g1595.t2	X
rna-XM_056790534.1	X	g1625.t1	X
rna-XM_056790535.1	X	g1624.t1	X
rna-XM_056790536.1	X	g1135.t1	A
rna-XM_056789633.1	X	g1458.t1	X
rna-XM_056789367.1	X	g618.t1	A
rna-XM_056790544.1	X	g1616.t1	X
rna-XM_056790545.1	X	g1619.t1	X
rna-XM_056790547.1	X	g1621.t1	X
rna-XM_056790050.1	X	g1590.t1	X
rna-XM_056789435.1	X	g1620.t1	X
rna-XM_056789300.1	X	g1413.t1	X
rna-XM_056789584.1	X	g14474.t1	A
rna-XM_056789850.1	X	g1394.t1	X
rna-XM_056789116.1	X	g6400.t1	A
rna-XM_056790570.1	X	g10613.t1	A
rna-XM_056789740.1	X	g1505.t1	X
rna-XM_056789738.1	X	g8875.t1	A
rna-XM_056789068.1	X	g1570.t1	X
rna-XM_056789522.1	X	g1507.t1	X
rna-XM_056790384.1	X	g7419.t1	A
rna-XM_056789852.1	X	g2033.t1	A
rna-XM_056789920.1	X	g1457.t1	X
rna-XM_056790694.1	X	g1597.t1	X
rna-XM_056789582.1	X	g1733.t1	X
rna-XM_056789991.1	X	g2618.t1	A
rna-XM_056789992.1	X	g5652.t1	A
rna-XM_056789546.1	X	g2128.t2	A
rna-XM_056789570.1	X	g1684.t1	X
rna-XM_056789571.1	X	g8562.t1	A
rna-XM_056790353.1	X	g1694.t2	X
rna-XM_056789394.1	X	g1674.t1	X
rna-XM_056789396.1	X	g1650.t2	X
rna-XM_056790427.1	X	g1676.t1	X
rna-XM_056790434.1	X	g1536.t1	X
rna-XM_056790433.1	X	g8901.t1	A
rna-XM_056790432.1	X	g4098.t1	A
rna-XM_056790428.1	X	g1659.t1	X
rna-XM_056790437.1	X	g1658.t1	X
rna-XM_056790438.1	X	g1670.t1	X
rna-XM_056790339.1	X	g1533.t2	X
rna-XM_056789730.1	X	g5744.t1	A
rna-XM_056789731.1	X	g14434.t1	A
rna-XM_056790506.1	X	g1591.t3	X
rna-XM_056790318.1	X	g1592.t1	X
rna-XM_056790254.1	X	g1487.t1	X
rna-XM_056789596.1	X	g1713.t1	X
rna-XM_056791144.1	X	g1644.t1	X
rna-XM_056790003.1	X	g1630.t1	X
rna-XM_056789678.1	X	g1629.t1	X
rna-XM_056789734.1	X	g1628.t1	X
rna-XM_056790225.1	X	g1627.t2	X
rna-XM_056790036.1	X	g10.t1	A
rna-XM_056789858.1	X	g10267.t1	A
rna-XM_056789859.1	X	g7434.t1	X
rna-XM_056789538.1	X	g1703.t2	X
rna-XM_056789534.1	X	g14115.t1	A
rna-XM_056790042.1	X	g11594.t1	A
rna-XM_056790043.1	X	g1485.t1	X
rna-XM_056789689.1	X	g7432.t1	X
rna-XM_056789263.1	X	g1396.t2	X
rna-XM_056789257.1	X	g7478.t1	X
rna-XM_056789267.1	X	g1695.t3	X
rna-XM_056789288.1	X	g1545.t1	X
rna-XM_056789291.1	X	g10643.t1	A
rna-XM_056789290.1	X	g4244.t1	A
rna-XM_056789294.1	X	g7259.t1	X
rna-XM_056789862.1	X	g1448.t1	X
rna-XM_056789297.1	X	g1534.t1	X
rna-XM_056789299.1	X	g1512.t1	X
rna-XM_056789956.1	X	g1513.t1	X
rna-XM_056790063.1	X	g1700.t1	X
rna-XM_056789416.1	X	g1429.t1	X
rna-XM_056789419.1	X	g1430.t1	X
rna-XM_056790338.1	X	g1431.t1	X
rna-XM_056790361.1	X	g1464.t1	X
rna-XM_056789529.1	X	g2863.t2	X
rna-XM_056790170.1	X	g2862.t1	X
rna-XM_056790473.1	X	g1491.t1	X
rna-XM_056790478.1	X	g1492.t1	X
rna-XM_056790480.1	X	g1493.t1	X
rna-XM_056790474.1	X	g2889.t2	X
rna-XM_056790479.1	X	g1428.t1	X
rna-XM_056790413.1	X	g1426.t2	X
rna-XM_056789349.1	X	g1655.t1	X
rna-XM_056790409.1	X	g2897.t7	X
rna-XM_056790113.1	X	g7268.t1	X
rna-XM_056790111.1	X	g2857.t1	X
rna-XM_056790114.1	X	g1660.t1	X
rna-XM_056790116.1	X	g1662.t1	X
rna-XM_056790118.1	X	g3986.t1	A
rna-XM_056790117.1	X	g1692.t1	X
rna-XM_056790120.1	X	g1661.t2	X
rna-XM_056790122.1	X	g13320.t1	A
rna-XM_056790125.1	X	g1399.t2	X
rna-XM_056790127.1	X	g1400.t1	X
rna-XM_056790132.1	X	g1510.t1	X
rna-XM_056790134.1	X	g1482.t2	X
rna-XM_056790137.1	X	g1506.t1	X
rna-XM_056790140.1	X	g5330.t1	A
rna-XM_056790138.1	X	g1542.t1	X
rna-XM_056790143.1	X	g1518.t1	X
rna-XM_056790146.1	X	g1393.t1	X
rna-XM_056789865.1	X	g2851.t1	X
rna-XM_056790151.1	X	g2852.t3	X
rna-XM_056790159.1	X	g1441.t1	X
rna-XM_056790163.1	X	g1440.t1	X
rna-XM_056790156.1	X	g1539.t2	X
rna-XM_056790216.1	X	g1538.t1	X
rna-XM_056790445.1	X	g1540.t1	X
rna-XM_056790465.1	X	g1541.t1	X
rna-XM_056789076.1	X	g8483.t1	A
rna-XM_056790988.1	X	g7454.t2	X
rna-XM_056789412.1	X	g1649.t1	X
rna-XM_056789941.1	X	g1433.t1	X
rna-XM_056789940.1	X	g1432.t1	X
rna-XM_056790777.1	X	g10644.t1	A
rna-XM_056790774.1	X	g1466.t1	X
rna-XM_056790782.1	X	g907.t1	A
rna-XM_056790784.1	X	g1517.t1	X
rna-XM_056790786.1	X	g2130.t2	A
rna-XM_056790792.1	X	g5203.t1	X
rna-XM_056790789.1	X	g1696.t1	X
rna-XM_056790793.1	X	g1520.t1	X
rna-XM_056790797.1	X	g7257.t1	X
rna-XM_056790801.1	X	g1738.t1	X
rna-XM_056790803.1	X	g1686.t1	X
rna-XM_056790802.1	X	g1392.t1	X
rna-XM_056789868.1	X	g1519.t3	X
rna-XM_056789194.1	X	g4258.t1	A
rna-XM_056789916.1	X	g1631.t1	X
rna-XM_056790966.1	X	g1632.t1	X
rna-XM_056790968.1	X	g2898.t1	X
rna-XM_056790366.1	X	g7430.t1	X
rna-XM_056789574.1	X	g1679.t2	X
rna-XM_056790179.1	X	g1678.t1	X
rna-XM_056790344.1	X	g1576.t1	X
rna-XM_056789382.1	X	g1398.t1	X
rna-XM_056789389.1	X	g1614.t1	X
rna-XM_056790469.1	X	g5691.t1	A
rna-XM_056790192.1	X	g1681.t5	X
rna-XM_056790215.1	X	g7457.t1	X
rna-XM_056789215.1	X	g1502.t1	X
rna-XM_056789928.1	X	g1449.t1	X
rna-XM_056789924.1	X	g7420.t1	A
rna-XM_056789597.1	X	g1683.t3	X
rna-XM_056789190.1	X	g1488.t1	X
rna-XM_056790183.1	X	g1521.t1	X
rna-XM_056789180.1	X	g2894.t1	X
rna-XM_056789185.1	X	g14669.t1	A
rna-XM_056790342.1	X	g2885.t2	X
rna-XM_056789142.1	X	g268.t1	A
rna-XM_056789871.1	X	g1602.t1	X
rna-XM_056791167.1	X	g1601.t2	X
rna-XM_056791169.1	X	g1405.t2	X
rna-XM_056790972.1	X	g1407.t2	X
rna-XM_056790973.1	X	g1406.t1	X
rna-XM_056790807.1	X	g1402.t1	X
rna-XM_056790806.1	X	g1403.t1	X
rna-XM_056790805.1	X	g1404.t2	X
rna-XM_056790808.1	X	g1551.t1	X
rna-XM_056789873.1	X	g7472.t2	X
rna-XM_056790569.1	X	g7471.t1	X
rna-XM_056790568.1	X	g7467.t1	X
rna-XM_056790566.1	X	g11854.t1	A
rna-XM_056790560.1	X	g1569.t1	X
rna-XM_056789709.1	X	g1720.t1	X
rna-XM_056789059.1	X	g1665.t1	X
rna-XM_056790809.1	X	g1667.t2	X
rna-XM_056789483.1	X	g1702.t1	X
rna-XM_056790971.1	X	g1663.t1	X
rna-XM_056790970.1	X	g1666.t1	X
rna-XM_056789341.1	X	g1672.t1	X
rna-XM_056789345.1	X	g8085.t1	A
rna-XM_056789759.1	X	g1723.t1	X
rna-XM_056789760.1	X	g1463.t1	X
rna-XM_056789763.1	X	g1478.t1	X
rna-XM_056790001.1	X	g1480.t1	X
rna-XM_056789397.1	X	g2884.t1	X
rna-XM_056790942.1	X	g1368.t1	A
rna-XM_056790944.1	X	g1598.t1	X
rna-XM_056790943.1	X	g7469.t1	X
rna-XM_056789369.1	X	g1450.t1	X
rna-XM_056789426.1	X	g1677.t1	X
rna-XM_056789387.1	X	g1577.t1	X
rna-XM_056790466.1	X	g1705.t1	X
rna-XM_056789586.1	X	g1707.t3	X
rna-XM_056789080.1	X	g1709.t3	X
rna-XM_056790038.1	X	g1708.t1	X
rna-XM_056789908.1	X	g1710.t1	X
rna-XM_056789909.1	X	g7460.t1	X
rna-XM_056789915.1	X	g7441.t1	X
rna-XM_056789391.1	X	g7440.t1	X
rna-XM_056789132.1	X	g7439.t1	X
rna-XM_056789138.1	X	g2913.t1	X
rna-XM_056790870.1	X	g2912.t1	X
rna-XM_056790874.1	X	g2911.t2	X
rna-XM_056790873.1	X	g2910.t1	X
rna-XM_056790875.1	X	g2908.t1	X
rna-XM_056790879.1	X	g2905.t1	X
rna-XM_056790880.1	X	g2903.t1	X
rna-XM_056790881.1	X	g2914.t1	X
rna-XM_056790884.1	X	g2916.t1	X
rna-XM_056789876.1	X	g2865.t1	X
rna-XM_056790887.1	X	g2876.t1	X
rna-XM_056790892.1	X	g13019.t2	A
rna-XM_056790895.1	X	g1490.t1	X
rna-XM_056790897.1	X	g7463.t1	X
rna-XM_056790901.1	X	g1613.t1	X
rna-XM_056790902.1	X	g11173.t1	A
rna-XM_056790904.1	X	g1727.t1	X
rna-XM_056789856.1	X	g1726.t1	X
rna-XM_056789855.1	X	g1725.t1	X
rna-XM_056789667.1	X	g1436.t1	X
rna-XM_056789675.1	X	g1687.t2	X
rna-XM_056789610.1	X	g5508.t1	A
rna-XM_056790829.1	X	g8190.t1	A
rna-XM_056790838.1	X	g1565.t1	X
rna-XM_056790832.1	X	g1560.t1	X
rna-XM_056790841.1	X	g3722.t1	A
rna-XM_056790844.1	X	g1558.t1	X
rna-XM_056789680.1	X	g1522.t2	X
rna-XM_056790370.1	X	g1524.t1	X
rna-XM_056790100.1	X	g7264.t4	X
rna-XM_056789441.1	X	g4651.t1	A
rna-XM_056789789.1	X	g1697.t1	X
rna-XM_056789713.1	X	g1609.t1	X
rna-XM_056789721.1	X	g2917.t1	X
rna-XM_056789718.1	X	g3695.t1	A
rna-XM_056789719.1	X	g2875.t1	X
rna-XM_056789724.1	X	g1397.t1	X
rna-XM_056789723.1	X	g2873.t1	X
rna-XM_056790247.1	X	g1701.t2	X
rna-XM_056790812.1	X	g7258.t2	X
rna-XM_056790814.1	X	g1451.t1	X
rna-XM_056790816.1	X	g2869.t2	X
rna-XM_056789990.1	X	g2918.t1	X
rna-XM_056789988.1	X	g1423.t1	X
rna-XM_056790031.1	X	g1442.t1	X
rna-XM_056790959.1	X	g1453.t1	X
rna-XM_056790470.1	X	g7255.t2	X
rna-XM_056790354.1	X	g1682.t1	X
rna-XM_056789061.1	X	g1719.t1	X
rna-XM_056790678.1	X	g1718.t1	X
rna-XM_056789645.1	X	g1717.t1	X
rna-XM_056790948.1	X	g1716.t1	X
rna-XM_056790945.1	X	g12160.t3	A
rna-XM_056790950.1	X	g1469.t1	X
rna-XM_056790954.1	X	g1255.t1	A
rna-XM_056790396.1	X	g7455.t1	X
rna-XM_056790394.1	X	g1549.t1	X
rna-XM_056789819.1	X	g1401.t1	X
rna-XM_056789919.1	X	g1435.t1	X
rna-XM_056789512.1	X	g1489.t1	X
rna-XM_056789096.1	X	g1511.t2	X
rna-XM_056789095.1	X	g2143.t1	A
rna-XM_056789102.1	X	g1515.t1	X
rna-XM_056789346.1	X	g1623.t2	X
rna-XM_056789800.1	X	g1622.t1	X
rna-XM_056789773.1	X	g1529.t2	X
rna-XM_056789682.1	X	g2922.t1	X
rna-XM_056789628.1	X	g2921.t1	X
rna-XM_056789629.1	X	g2920.t1	X
rna-XM_056791156.1	X	g2919.t1	X
rna-XM_056791154.1	X	g1648.t1	X
rna-XM_056791158.1	X	g1646.t2	X
rna-XM_056789195.1	X	g1690.t1	X
rna-XM_056790292.1	X	g1645.t1	X
rna-XM_056790230.1	X	g1531.t2	X
rna-XM_056790233.1	X	g1532.t1	X
rna-XM_056790249.1	X	g1567.t2	X
rna-XM_056789611.1	X	g1573.t1	X
rna-XM_056790320.1	X	g1579.t1	X
rna-XM_056789530.1	X	g1390.t1	X
rna-XM_056789532.1	X	g4236.t2	A
rna-XM_056790526.1	X	g2844.t1	X
rna-XM_056789891.1	X	g7459.t3	X
rna-XM_056790518.1	X	g8799.t1	A
rna-XM_056790520.1	X	g1582.t1	X
rna-XM_056790519.1	X	g3160.t1	A
rna-XM_056790516.1	X	g1434.t1	X
rna-XM_056791235.1	X	g1640.t1	X
rna-XM_056789764.1	X	g1643.t3	X
rna-XM_056789880.1	X	g488.t1	A
rna-XM_056790358.1	X	g7256.t1	X
rna-XM_056789942.1	X	g2890.t1	X
rna-XM_056789945.1	X	g1607.t1	X
rna-XM_056789946.1	X	g2899.t1	X
rna-XM_056790964.1	X	g419.t1	A
rna-XM_056790965.1	X	g2866.t1	X
rna-XM_056789587.1	X	g7453.t3	X
rna-XM_056789309.1	X	g1421.t3	X
rna-XM_056790415.1	X	g1537.t1	X
rna-XM_056789542.1	X	g7470.t1	X
rna-XM_056790347.1	X	g1472.t1	X
rna-XM_056791000.1	X	g1554.t1	X
rna-XM_056791001.1	X	g1555.t1	X
rna-XM_056791006.1	X	g8513.t1	A
rna-XM_056789150.1	X	g1715.t1	X
rna-XM_056789148.1	X	g14578.t2	A
rna-XM_056790309.1	X	g1734.t1	X
rna-XM_056790482.1	X	g1652.t1	X
rna-XM_056790350.1	X	g6826.t2	A
rna-XM_056789881.1	X	g1651.t1	X
rna-XM_056789256.1	X	g7418.t1	A
rna-XM_056789706.1	X	g1499.t2	X
rna-XM_056789702.1	X	g1439.t1	X
rna-XM_056789191.1	X	g10072.t1	A
rna-XM_056789193.1	X	g1410.t1	X
rna-XM_056789490.1	X	g1408.t2	X
rna-XM_056789505.1	X	g1484.t1	X
rna-XM_056790932.1	X	g1737.t1	X
rna-XM_056789489.1	X	g1483.t1	X
rna-XM_056789437.1	X	g1461.t1	X
rna-XM_056789605.1	X	g1608.t2	X
rna-XM_056790414.1	X	g1604.t1	X
rna-XM_056790302.1	X	g1504.t1	X
rna-XM_056789886.1	X	g1594.t1	X
rna-XM_056789208.1	X	g1654.t1	X
rna-XM_056791217.1	X	g1586.t1	X
rna-XM_056790279.1	X	g1495.t1	X
rna-XM_056789887.1	X	g12598.t1	A
rna-XM_056790581.1	X	g2867.t5	X
rna-XM_056790334.1	X	g5146.t1	A
rna-XM_056790258.1	X	g1575.t2	X
rna-XM_056790260.1	X	g11855.t1	A
rna-XM_056789733.1	X	g7659.t1	A
rna-XM_056790165.1	X	g7658.t1	A
rna-XM_056791119.1	X	g12488.t1	A
rna-XM_056789754.1	X	g1656.t3	X
rna-XM_056790343.1	X	g1585.t1	X
rna-XM_056790538.1	X	g1500.t1	X
rna-XM_056790540.1	X	g7660.t1	A
rna-XM_056789993.1	X	g7661.t1	A
rna-XM_056789994.1	X	g7662.t1	A
rna-XM_056789947.1	X	g7665.t1	A
rna-XM_056790301.1	X	g5676.t1	A
rna-XM_056790530.1	X	g5677.t1	A
rna-XM_056789711.1	X	g5678.t1	A
rna-XM_056789455.1	X	g12780.t1	A
rna-XM_056789902.1	X	g12774.t2	A
rna-XM_056789769.1	X	g12775.t2	A
rna-XM_056790332.1	X	g4976.t1	A
rna-XM_056789365.1	X	g6149.t1	A
rna-XM_056789630.1	X	g5051.t1	A
rna-XM_056789388.1	X	g471.t1	A
rna-XM_056790273.1	X	g402.t1	A
rna-XM_056790271.1	X	g403.t1	A
rna-XM_056790265.1	X	g382.t1	A
rna-XM_056790267.1	X	g7745.t1	A
rna-XM_056790276.1	X	g6245.t1	A
rna-XM_056790004.1	X	g6246.t1	A
rna-XM_056791196.1	X	g6247.t2	A
rna-XM_056789627.1	X	g4703.t1	A
rna-XM_056789039.1	X	g7793.t1	A
rna-XM_056789612.1	X	g10838.t3	A
rna-XM_056790574.1	X	g10213.t1	A
rna-XM_056790464.1	X	g3955.t1	A
rna-XM_056790857.1	X	g2253.t1	A
rna-XM_056790859.1	X	g8004.t1	A
rna-XM_056790333.1	X	g3348.t1	A
rna-XM_056789691.1	X	g8008.t1	A
rna-XM_056789427.1	X	g8005.t1	A
rna-XM_056789170.1	X	g8001.t1	A
rna-XM_056789513.1	X	g8000.t1	A
rna-XM_056789999.1	X	g8003.t2	A
rna-XM_056789423.1	X	g10915.t1	A
rna-XM_056790392.1	X	g3960.t1	A
rna-XM_056790076.1	X	g5108.t1	A
rna-XM_056790169.1	X	g11834.t1	A
rna-XM_056789409.1	X	g11836.t1	A
rna-XM_056789487.1	X	g5675.t1	A
rna-XM_056789485.1	X	g10842.t1	A
rna-XM_056790471.1	X	g10828.t3	A
rna-XM_056789576.1	X	g9929.t1	A
rna-XM_056789508.1	X	g2704.t1	A
rna-XM_056789065.1	X	g2635.t1	A
rna-XM_056789064.1	X	g2634.t1	A
rna-XM_056789410.1	X	g2101.t1	A
rna-XM_056789200.1	X	g2145.t1	A
rna-XM_056789199.1	X	g2144.t1	A
rna-XM_056790190.1	X	g12666.t1	A
rna-XM_056790363.1	X	g1845.t1	A
rna-XM_056789790.1	X	g2102.t1	A
rna-XM_056789791.1	X	g2103.t2	A
rna-XM_056789792.1	X	g5050.t1	A
rna-XM_056790975.1	X	g9928.t1	A
rna-XM_056790976.1	X	g9927.t1	A
rna-XM_056790980.1	X	g9926.t1	A
rna-XM_056790863.1	X	g11350.t1	A
rna-XM_056790864.1	X	g11351.t2	A
rna-XM_056790451.1	X	g9923.t1	A
rna-XM_056790453.1	X	g9931.t1	A
rna-XM_056789525.1	X	g8015.t2	A
rna-XM_056789355.1	X	g11349.t1	A
rna-XM_056790503.1	X	g12749.t1	A
rna-XM_056790695.1	X	g12873.t1	A
rna-XM_056790699.1	X	g8484.t1	A
rna-XM_056790768.1	X	g11660.t1	A
rna-XM_056790773.1	X	g11352.t1	A
rna-XM_056790241.1	X	g5622.t2	A
rna-XM_056791361.1	Y	g11771.t1	A
rna-XM_056791267.1	Y	g11866.t1	A
rna-XM_056791270.1	Y	g12729.t1	A
rna-XM_056791370.1	A	g2705.t1	A
rna-XM_056791369.1	A	g11809.t1	A
rna-XM_056791402.1	A	g4585.t1	A
rna-XM_056791401.1	A	g4583.t2	A
rna-XM_056791404.1	A	g13987.t1	A
rna-XM_056791398.1	A	g4581.t1	A
rna-XM_056791403.1	A	g4582.t1	A
rna-XM_056791411.1	A	g12024.t2	A
rna-XM_056791413.1	A	g11019.t1	A
rna-XM_056791421.1	A	g118.t1	A
rna-XM_056791422.1	A	g13336.t2	A
rna-XM_056791432.1	A	g8632.t1	A
rna-XM_056791451.1	A	g3274.t1	A
rna-XM_056791461.1	A	g13023.t1	A
rna-XM_056791482.1	A	g10408.t3	A
rna-XM_056791500.1	A	g1783.t1	A
rna-XM_056791519.1	A	g1786.t1	A
