D_sublineata	chromosome	A_obtectus	chromosome
rna-XM_056785268.1	A	anno1.g4134.t1	A
rna-XM_056788293.1	A	anno1.g12692.t1	A
rna-XM_056785296.1	A	anno1.g12693.t3	A
rna-XM_056785225.1	A	anno1.g12691.t2	A
rna-XM_056785239.1	A	anno1.g12690.t2	A
rna-XM_056785203.1	A	anno1.g13379.t2	A
rna-XM_056785540.1	A	anno1.g6807.t1	A
rna-XM_056785728.1	A	anno1.g6859.t1	A
rna-XM_056792928.1	A	anno1.g6860.t1	A
rna-XM_056791897.1	A	anno1.g6858.t3	A
rna-XM_056791900.1	A	anno1.g10383.t2	A
rna-XM_056784138.1	A	anno1.g9148.t1	A
rna-XM_056784114.1	A	anno1.g14401.t1	A
rna-XM_056788300.1	A	anno1.g14404.t1	A
rna-XM_056776645.1	A	anno1.g14616.t1	A
rna-XM_056776666.1	A	anno1.g2815.t1	A
rna-XM_056781619.1	A	anno1.g13451.t1	A
rna-XM_056775509.1	A	anno1.g10914.t2	A
rna-XM_056775549.1	A	anno1.g10915.t1	A
rna-XM_056782134.1	A	anno1.g11057.t1	A
rna-XM_056782145.1	A	anno1.g5638.t1	A
rna-XM_056782158.1	A	anno1.g8561.t2	A
rna-XM_056782215.1	A	anno1.g9364.t1	A
rna-XM_056782228.1	A	anno1.g9349.t1	A
rna-XM_056782202.1	A	anno1.g7425.t1	A
rna-XM_056782179.1	A	anno1.g9381.t1	A
rna-XM_056782248.1	A	anno1.g9380.t3	A
rna-XM_056779996.1	A	anno1.g9379.t1	A
rna-XM_056785964.1	A	anno1.g9378.t2	A
rna-XM_056785983.1	A	anno1.g9377.t2	A
rna-XM_056786017.1	A	anno1.g9376.t1	A
rna-XM_056786027.1	A	anno1.g9375.t1	A
rna-XM_056788311.1	A	anno1.g9372.t1	A
rna-XM_056786069.1	A	anno1.g9371.t1	A
rna-XM_056786106.1	A	anno1.g13336.t1	A
rna-XM_056786119.1	A	anno1.g9357.t1	A
rna-XM_056786131.1	A	anno1.g5290.t1	A
rna-XM_056786144.1	A	anno1.g3500.t1	A
rna-XM_056786162.1	A	anno1.g11231.t2	A
rna-XM_056786174.1	A	anno1.g10827.t1	A
rna-XM_056786188.1	A	anno1.g11230.t1	A
rna-XM_056786210.1	A	anno1.g11229.t1	A
rna-XM_056786223.1	A	anno1.g11228.t1	A
rna-XM_056786235.1	A	anno1.g11227.t1	A
rna-XM_056786245.1	A	anno1.g13473.t1	A
rna-XM_056786351.1	A	anno1.g10660.t1	A
rna-XM_056786337.1	A	anno1.g12171.t1	A
rna-XM_056786289.1	A	anno1.g12482.t1	A
rna-XM_056786277.1	A	anno1.g12172.t1	A
rna-XM_056786317.1	A	anno1.g11893.t1	A
rna-XM_056786371.1	A	anno1.g5830.t1	A
rna-XM_056786383.1	A	anno1.g5327.t2	A
rna-XM_056786393.1	A	anno1.g5324.t2	A
rna-XM_056786423.1	A	anno1.g969.t1	A
rna-XM_056786473.1	A	anno1.g6933.t1	A
rna-XM_056786405.1	A	anno1.g11892.t1	A
rna-XM_056786438.1	A	anno1.g6994.t1	A
rna-XM_056786462.1	A	anno1.g445.t1	A
rna-XM_056786450.1	A	anno1.g7419.t1	A
rna-XM_056788412.1	A	anno1.g11840.t1	A
rna-XM_056786540.1	A	anno1.g4052.t1	A
rna-XM_056786529.1	A	anno1.g4043.t1	A
rna-XM_056786585.1	A	anno1.g5088.t1	A
rna-XM_056786572.1	A	anno1.g14499.t1	A
rna-XM_056786598.1	A	anno1.g14500.t2	A
rna-XM_056786626.1	A	anno1.g7084.t1	A
rna-XM_056786647.1	A	anno1.g14503.t1	A
rna-XM_056786618.1	A	anno1.g2547.t1	A
rna-XM_056786635.1	A	anno1.g10240.t1	A
rna-XM_056788549.1	A	anno1.g2380.t1	A
rna-XM_056786638.1	A	anno1.g5239.t1	A
rna-XM_056786652.1	A	anno1.g1238.t3	A
rna-XM_056786666.1	A	anno1.g4288.t1	A
rna-XM_056786680.1	A	anno1.g7452.t1	A
rna-XM_056786708.1	A	anno1.g5370.t1	A
rna-XM_056786721.1	A	anno1.g13213.t1	A
rna-XM_056786730.1	A	anno1.g230.t1	A
rna-XM_056786755.1	A	anno1.g233.t1	A
rna-XM_056786768.1	A	anno1.g9751.t2	A
rna-XM_056786742.1	A	anno1.g6932.t1	A
rna-XM_056779247.1	A	anno1.g10590.t1	A
rna-XM_056788779.1	A	anno1.g10591.t1	A
rna-XM_056774270.1	A	anno1.g12780.t1	A
rna-XM_056785931.1	A	anno1.g10735.t1	A
rna-XM_056785673.1	A	anno1.g10369.t2	A
rna-XM_056785686.1	A	anno1.g842.t1	A
rna-XM_056791494.1	A	anno1.g1845.t2	X
rna-XM_056791488.1	A	anno1.g1422.t1	A
rna-XM_056791503.1	A	anno1.g11978.t1	A
rna-XM_056791512.1	A	anno1.g8572.t2	A
rna-XM_056791533.1	A	anno1.g11693.t1	A
rna-XM_056791540.1	A	anno1.g13209.t1	A
rna-XM_056791554.1	A	anno1.g13911.t1	A
rna-XM_056791546.1	A	anno1.g5237.t1	A
rna-XM_056791550.1	A	anno1.g729.t1	A
rna-XM_056775190.1	A	anno1.g7522.t1	A
rna-XM_056775202.1	A	anno1.g2731.t1	A
rna-XM_056775235.1	A	anno1.g3410.t1	A
rna-XM_056775214.1	A	anno1.g2819.t1	A
rna-XM_056781587.1	A	anno1.g2895.t1	A
rna-XM_056784741.1	A	anno1.g2896.t2	A
rna-XM_056784730.1	A	anno1.g6651.t1	A
rna-XM_056785645.1	A	anno1.g12455.t1	A
rna-XM_056791937.1	A	anno1.g12715.t1	A
rna-XM_056791951.1	A	anno1.g3455.t1	A
rna-XM_056779975.1	A	anno1.g3404.t1	A
rna-XM_056777002.1	A	anno1.g3411.t1	A
rna-XM_056788462.1	A	anno1.g3416.t2	A
rna-XM_056788747.1	A	anno1.g2905.t1	A
rna-XM_056788976.1	A	anno1.g2594.t3	A
rna-XM_056789743.1	A	anno1.g2593.t1	A
rna-XM_056789846.1	A	anno1.g228.t2	A
rna-XM_056790021.1	A	anno1.g229.t1	A
rna-XM_056790387.1	A	anno1.g10528.t1	A
rna-XM_056790148.1	A	anno1.g10526.t1	A
rna-XM_056790274.1	A	anno1.g10563.t1	A
rna-XM_056790629.1	A	anno1.g227.t1	A
rna-XM_056791072.1	A	anno1.g235.t1	A
rna-XM_056791391.1	A	anno1.g236.t1	A
rna-XM_056791276.1	A	anno1.g234.t1	A
rna-XM_056791336.1	A	anno1.g232.t1	A
rna-XM_056791207.1	A	anno1.g9750.t1	A
rna-XM_056790951.1	A	anno1.g226.t1	A
rna-XM_056790828.1	A	anno1.g206.t1	A
rna-XM_056785330.1	A	anno1.g212.t2	A
rna-XM_056785350.1	A	anno1.g11439.t1	A
rna-XM_056779406.1	A	anno1.g9744.t1	A
rna-XM_056776346.1	A	anno1.g5499.t1	A
rna-XM_056774666.1	A	anno1.g220.t1	A
rna-XM_056774679.1	A	anno1.g11674.t1	A
rna-XM_056774690.1	A	anno1.g5764.t1	A
rna-XM_056784710.1	A	anno1.g5953.t1	A
rna-XM_056779312.1	A	anno1.g5955.t1	A
rna-XM_056776045.1	A	anno1.g5961.t1	A
rna-XM_056792863.1	A	anno1.g9746.t1	A
rna-XM_056779823.1	A	anno1.g9748.t1	A
rna-XM_056779834.1	A	anno1.g9749.t1	A
rna-XM_056776583.1	A	anno1.g9358.t1	A
rna-XM_056779419.1	A	anno1.g4703.t1	A
rna-XM_056779437.1	A	anno1.g4702.t1	A
rna-XM_056791564.1	A	anno1.g7225.t1	A
rna-XM_056791567.1	A	anno1.g12133.t2	A
rna-XM_056787238.1	A	anno1.g5841.t2	A
rna-XM_056790290.1	A	anno1.g1504.t1	A
rna-XM_056790303.1	A	anno1.g1624.t1	A
rna-XM_056790246.1	A	anno1.g1625.t2	A
rna-XM_056790234.1	A	anno1.g11981.t1	A
rna-XM_056790199.1	A	anno1.g11986.t1	A
rna-XM_056780376.1	A	anno1.g10783.t1	A
rna-XM_056780388.1	A	anno1.g10782.t1	A
rna-XM_056784180.1	A	anno1.g6960.t1	A
rna-XM_056784151.1	A	anno1.g12472.t1	A
rna-XM_056778539.1	A	anno1.g10764.t2	A
rna-XM_056778554.1	A	anno1.g10763.t2	A
rna-XM_056778566.1	A	anno1.g10765.t2	A
rna-XM_056787130.1	A	anno1.g5788.t1	A
rna-XM_056787452.1	A	anno1.g3260.t1	A
rna-XM_056787252.1	A	anno1.g2906.t1	A
rna-XM_056791389.1	A	anno1.g9628.t3	A
rna-XM_056789293.1	A	anno1.g9627.t1	A
rna-XM_056784244.1	A	anno1.g3311.t1	A
rna-XM_056776949.1	A	anno1.g14497.t2	A
rna-XM_056789304.1	A	anno1.g11503.t1	A
rna-XM_056789325.1	A	anno1.g5501.t1	A
rna-XM_056776329.1	A	anno1.g8824.t1	A
rna-XM_056793039.1	A	anno1.g8260.t1	A
rna-XM_056793173.1	A	anno1.g5402.t3	A
rna-XM_056773552.1	A	anno1.g4432.t1	A
rna-XM_056793065.1	A	anno1.g3604.t1	A
rna-XM_056773567.1	A	anno1.g3710.t2	A
rna-XM_056773597.1	A	anno1.g3712.t1	A
rna-XM_056789496.1	A	anno1.g2363.t1	A
rna-XM_056789509.1	A	anno1.g1597.t1	A
rna-XM_056784261.1	A	anno1.g2355.t1	A
rna-XM_056780981.1	A	anno1.g4760.t1	A
rna-XM_056781008.1	A	anno1.g4761.t1	A
rna-XM_056785541.1	A	anno1.g4756.t1	A
rna-XM_056784346.1	A	anno1.g4755.t2	A
rna-XM_056784224.1	A	anno1.g4753.t1	A
rna-XM_056779355.1	A	anno1.g5398.t1	A
rna-XM_056779345.1	A	anno1.g4046.t1	A
rna-XM_056791846.1	A	anno1.g4055.t1	A
rna-XM_056780343.1	A	anno1.g2340.t3	A
rna-XM_056791559.1	A	anno1.g7313.t1	A
rna-XM_056788269.1	A	anno1.g3532.t1	A
rna-XM_056774553.1	A	anno1.g3300.t1	A
rna-XM_056774528.1	A	anno1.g3299.t1	A
rna-XM_056774540.1	A	anno1.g7453.t1	A
rna-XM_056774565.1	A	anno1.g5326.t1	A
rna-XM_056774580.1	A	anno1.g4672.t1	A
rna-XM_056782276.1	A	anno1.g5403.t1	A
rna-XM_056781728.1	A	anno1.g5320.t1	A
rna-XM_056777308.1	A	anno1.g13165.t1	A
rna-XM_056777294.1	A	anno1.g13166.t1	A
rna-XM_056777205.1	A	anno1.g13157.t3	A
rna-XM_056778260.1	A	anno1.g13156.t1	A
rna-XM_056780139.1	A	anno1.g13155.t1	A
rna-XM_056782991.1	A	anno1.g9286.t1	A
rna-XM_056782980.1	A	anno1.g2713.t1	A
rna-XM_056784790.1	A	anno1.g4049.t1	A
rna-XM_056787518.1	A	anno1.g4042.t1	A
rna-XM_056787531.1	A	anno1.g3182.t1	A
rna-XM_056787510.1	A	anno1.g3181.t1	A
rna-XM_056787498.1	A	anno1.g3180.t1	A
rna-XM_056787476.1	A	anno1.g7788.t1	A
rna-XM_056778984.1	A	anno1.g14441.t1	A
rna-XM_056790126.1	A	anno1.g12140.t1	A
rna-XM_056790869.1	A	anno1.g3955.t1	A
rna-XM_056790810.1	A	anno1.g2400.t3	A
rna-XM_056774258.1	A	anno1.g3178.t2	A
rna-XM_056774255.1	A	anno1.g2401.t1	A
rna-XM_056774250.1	A	anno1.g2402.t1	A
rna-XM_056780403.1	A	anno1.g2425.t1	A
rna-XM_056779395.1	A	anno1.g12464.t1	A
rna-XM_056792618.1	A	anno1.g4764.t1	A
rna-XM_056781292.1	A	anno1.g5100.t1	A
rna-XM_056781212.1	A	anno1.g2397.t2	A
rna-XM_056780579.1	A	anno1.g2399.t1	A
rna-XM_056790355.1	A	anno1.g5436.t1	A
rna-XM_056790377.1	A	anno1.g9339.t1	A
rna-XM_056790388.1	A	anno1.g7458.t1	A
rna-XM_056782299.1	A	anno1.g7467.t1	A
rna-XM_056782363.1	A	anno1.g7466.t7	A
rna-XM_056791743.1	A	anno1.g7465.t2	A
rna-XM_056791747.1	A	anno1.g9462.t1	A
rna-XM_056791877.1	A	anno1.g12479.t1	A
rna-XM_056791880.1	A	anno1.g11541.t2	A
rna-XM_056791879.1	A	anno1.g11542.t1	A
rna-XM_056782610.1	A	anno1.g11073.t1	A
rna-XM_056782623.1	A	anno1.g14711.t1	A
rna-XM_056774390.1	A	anno1.g11071.t1	A
rna-XM_056776780.1	A	anno1.g3166.t1	A
rna-XM_056776882.1	A	anno1.g3165.t1	A
rna-XM_056776893.1	A	anno1.g2034.t1	X
rna-XM_056776768.1	A	anno1.g2768.t2	A
rna-XM_056776841.1	A	anno1.g9969.t2	A
rna-XM_056776735.1	A	anno1.g8840.t4	A
rna-XM_056778028.1	A	anno1.g3997.t1	A
rna-XM_056791722.1	A	anno1.g3612.t2	A
rna-XM_056791724.1	A	anno1.g4637.t1	A
rna-XM_056791728.1	A	anno1.g2060.t2	X
rna-XM_056791737.1	A	anno1.g12948.t1	A
rna-XM_056791739.1	A	anno1.g13119.t2	A
rna-XM_056791742.1	A	anno1.g13120.t1	A
rna-XM_056777550.1	A	anno1.g13121.t1	A
rna-XM_056790615.1	A	anno1.g760.t1	A
rna-XM_056780631.1	A	anno1.g12561.t1	A
rna-XM_056791306.1	A	anno1.g6692.t1	A
rna-XM_056777465.1	A	anno1.g1917.t1	X
rna-XM_056773760.1	A	anno1.g5880.t1	A
rna-XM_056773773.1	A	anno1.g2857.t1	A
rna-XM_056793005.1	A	anno1.g2855.t2	A
rna-XM_056793017.1	A	anno1.g2853.t1	A
rna-XM_056792992.1	A	anno1.g2854.t1	A
rna-XM_056779280.1	A	anno1.g8117.t1	A
rna-XM_056780784.1	A	anno1.g2469.t1	A
rna-XM_056780827.1	A	anno1.g1318.t1	A
rna-XM_056780775.1	A	anno1.g13314.t1	A
rna-XM_056784617.1	A	anno1.g10615.t1	A
rna-XM_056783721.1	A	anno1.g13076.t1	A
rna-XM_056783705.1	A	anno1.g4316.t1	A
rna-XM_056780717.1	A	anno1.g416.t1	A
rna-XM_056780703.1	A	anno1.g10337.t1	A
rna-XM_056782614.1	A	anno1.g13077.t1	A
rna-XM_056782096.1	A	anno1.g9399.t1	A
rna-XM_056784969.1	A	anno1.g14337.t1	A
rna-XM_056791351.1	A	anno1.g10078.t1	A
rna-XM_056791327.1	A	anno1.g10079.t3	A
rna-XM_056791359.1	A	anno1.g9881.t1	A
rna-XM_056785464.1	A	anno1.g10123.t1	A
rna-XM_056784202.1	A	anno1.g5360.t1	A
rna-XM_056780869.1	A	anno1.g9225.t2	A
rna-XM_056776368.1	A	anno1.g9226.t1	A
rna-XM_056791731.1	A	anno1.g6205.t1	A
rna-XM_056774351.1	A	anno1.g9469.t1	A
rna-XM_056791378.1	A	anno1.g10895.t1	A
rna-XM_056780476.1	A	anno1.g10894.t1	A
rna-XM_056777151.1	A	anno1.g10833.t1	A
rna-XM_056777161.1	A	anno1.g10826.t2	A
rna-XM_056775443.1	A	anno1.g10889.t1	A
rna-XM_056775489.1	A	anno1.g13738.t1	A
rna-XM_056775478.1	A	anno1.g7387.t1	A
rna-XM_056785167.1	A	anno1.g11187.t1	A
rna-XM_056785126.1	A	anno1.g7664.t3	A
rna-XM_056784776.1	A	anno1.g1392.t1	A
rna-XM_056791430.1	A	anno1.g5930.t1	A
rna-XM_056791424.1	A	anno1.g5931.t1	A
rna-XM_056791436.1	A	anno1.g4564.t1	A
rna-XM_056791471.1	A	anno1.g12328.t1	A
rna-XM_056791454.1	A	anno1.g11799.t1	A
rna-XM_056779944.1	A	anno1.g5982.t1	A
rna-XM_056778312.1	A	anno1.g14697.t1	A
rna-XM_056784918.1	A	anno1.g375.t2	A
rna-XM_056782840.1	A	anno1.g10882.t1	A
rna-XM_056784633.1	A	anno1.g10883.t1	A
rna-XM_056784746.1	A	anno1.g10888.t1	A
rna-XM_056792970.1	A	anno1.g10836.t1	A
rna-XM_056792982.1	A	anno1.g1018.t2	A
rna-XM_056785940.1	A	anno1.g7666.t1	A
rna-XM_056774653.1	A	anno1.g14440.t1	A
rna-XM_056792896.1	A	anno1.g5932.t1	A
rna-XM_056791706.1	A	anno1.g11330.t2	A
rna-XM_056791708.1	A	anno1.g11329.t1	A
rna-XM_056791705.1	A	anno1.g11332.t2	A
rna-XM_056785658.1	A	anno1.g771.t1	A
rna-XM_056777636.1	A	anno1.g10975.t1	A
rna-XM_056777595.1	A	anno1.g13072.t1	A
rna-XM_056777669.1	A	anno1.g12442.t2	A
rna-XM_056777719.1	A	anno1.g2747.t1	A
rna-XM_056777683.1	A	anno1.g3167.t4	A
rna-XM_056777737.1	A	anno1.g3168.t2	A
rna-XM_056792073.1	A	anno1.g3170.t1	A
rna-XM_056792101.1	A	anno1.g3172.t1	A
rna-XM_056791768.1	A	anno1.g2422.t2	A
rna-XM_056791776.1	A	anno1.g2473.t1	A
rna-XM_056791772.1	A	anno1.g12718.t1	A
rna-XM_056791774.1	A	anno1.g3456.t1	A
rna-XM_056791777.1	A	anno1.g2403.t1	A
rna-XM_056790772.1	A	anno1.g2404.t2	A
rna-XM_056791775.1	A	anno1.g3144.t1	A
rna-XM_056791637.1	A	anno1.g3145.t1	A
rna-XM_056791633.1	A	anno1.g3148.t2	A
rna-XM_056791632.1	A	anno1.g7801.t2	A
rna-XM_056775028.1	A	anno1.g3157.t1	A
rna-XM_056785610.1	A	anno1.g3158.t1	A
rna-XM_056773784.1	A	anno1.g12763.t1	A
rna-XM_056777559.1	A	anno1.g4014.t1	A
rna-XM_056777319.1	A	anno1.g12347.t1	A
rna-XM_056777330.1	A	anno1.g12348.t1	A
rna-XM_056775630.1	A	anno1.g3160.t1	A
rna-XM_056781748.1	A	anno1.g11881.t1	A
rna-XM_056781769.1	A	anno1.g5390.t1	A
rna-XM_056781759.1	A	anno1.g14310.t1	A
rna-XM_056774363.1	A	anno1.g9966.t2	A
rna-XM_056774377.1	A	anno1.g9967.t1	A
rna-XM_056790785.1	A	anno1.g6926.t1	A
rna-XM_056778639.1	A	anno1.g6924.t2	A
rna-XM_056779300.1	A	anno1.g9877.t2	A
rna-XM_056778935.1	A	anno1.g6391.t1	A
rna-XM_056789474.1	A	anno1.g6393.t1	A
rna-XM_056776490.1	A	anno1.g4422.t1	A
rna-XM_056776477.1	A	anno1.g4423.t1	A
rna-XM_056788855.1	A	anno1.g12058.t1	A
rna-XM_056788994.1	A	anno1.g12059.t1	A
rna-XM_056790798.1	A	anno1.g4403.t1	A
rna-XM_056789005.1	A	anno1.g7813.t1	A
rna-XM_056788941.1	A	anno1.g6919.t1	A
rna-XM_056788981.1	A	anno1.g5952.t1	A
rna-XM_056788954.1	A	anno1.g12057.t1	A
rna-XM_056789023.1	A	anno1.g10391.t1	A
rna-XM_056784426.1	A	anno1.g11328.t1	A
rna-XM_056784191.1	A	anno1.g3305.t2	A
rna-XM_056791999.1	A	anno1.g10579.t1	A
rna-XM_056791975.1	A	anno1.g8119.t1	A
rna-XM_056791987.1	A	anno1.g8118.t1	A
rna-XM_056792019.1	A	anno1.g3325.t2	A
rna-XM_056786861.1	A	anno1.g5183.t1	A
rna-XM_056786811.1	A	anno1.g3309.t2	A
rna-XM_056786864.1	A	anno1.g6820.t1	A
rna-XM_056791611.1	A	anno1.both_agree_g10486.t1	A
rna-XM_056791613.1	A	anno1.g14492.t1	A
rna-XM_056791612.1	A	anno1.g14489.t1	A
rna-XM_056791616.1	A	anno1.g14488.t2	A
rna-XM_056788212.1	A	anno1.g14486.t1	A
rna-XM_056791609.1	A	anno1.g9952.t1	A
rna-XM_056779548.1	A	anno1.g10127.t1	A
rna-XM_056779515.1	A	anno1.g10130.t1	A
rna-XM_056779536.1	A	anno1.g4812.t1	A
rna-XM_056779528.1	A	anno1.g4111.t1	A
rna-XM_056791811.1	A	anno1.g11404.t1	A
rna-XM_056791813.1	A	anno1.g8730.t2	A
rna-XM_056791814.1	A	anno1.g2419.t1	A
rna-XM_056790987.1	A	anno1.g13370.t1	A
rna-XM_056790999.1	A	anno1.g13371.t1	A
rna-XM_056791749.1	A	anno1.g13374.t1	A
rna-XM_056783902.1	A	anno1.g6659.t1	A
rna-XM_056789395.1	A	anno1.g6050.t1	A
rna-XM_056789370.1	A	anno1.g6048.t1	A
rna-XM_056789351.1	A	anno1.g6047.t1	A
rna-XM_056789384.1	A	anno1.g6046.t1	A
rna-XM_056789449.1	A	anno1.g6698.t1	A
rna-XM_056789414.1	A	anno1.g6602.t1	A
rna-XM_056779449.1	A	anno1.g8859.t1	A
rna-XM_056784551.1	A	anno1.g8857.t2	A
rna-XM_056792842.1	A	anno1.g8858.t1	A
rna-XM_056792806.1	A	anno1.g4623.t2	A
rna-XM_056791013.1	A	anno1.g4622.t1	A
rna-XM_056792853.1	A	anno1.g4621.t2	A
rna-XM_056790089.1	A	anno1.g7028.t1	A
rna-XM_056790102.1	A	anno1.g6701.t2	A
rna-XM_056791873.1	A	anno1.g1020.t1	A
rna-XM_056791875.1	A	anno1.g4620.t1	A
rna-XM_056791874.1	A	anno1.g4406.t2	A
rna-XM_056775694.1	A	anno1.g9430.t1	A
rna-XM_056775663.1	A	anno1.g9597.t1	A
rna-XM_056775681.1	A	anno1.g9599.t1	A
rna-XM_056775712.1	A	anno1.g9600.t1	A
rna-XM_056775942.1	A	anno1.g9442.t1	A
rna-XM_056775914.1	A	anno1.g9441.t1	A
rna-XM_056775954.1	A	anno1.g7595.t1	A
rna-XM_056774190.1	A	anno1.g9439.t1	A
rna-XM_056774105.1	A	anno1.g9438.t8	A
rna-XM_056780670.1	A	anno1.g9437.t1	A
rna-XM_056783774.1	A	anno1.g9434.t2	A
rna-XM_056779787.1	A	anno1.g9431.t1	A
rna-XM_056783840.1	A	anno1.g2883.t1	A
rna-XM_056791037.1	A	anno1.g9428.t1	A
rna-XM_056774316.1	A	anno1.g9308.t1	A
rna-XM_056792451.1	A	anno1.g2542.t1	A
rna-XM_056792429.1	A	anno1.g9309.t1	A
rna-XM_056792463.1	A	anno1.g9497.t1	A
rna-XM_056785564.1	A	anno1.g9468.t1	A
rna-XM_056785573.1	A	anno1.g5512.t1	A
rna-XM_056791047.1	A	anno1.g9647.t2	A
rna-XM_056790436.1	A	anno1.g4624.t1	A
rna-XM_056787057.1	A	anno1.g9453.t1	A
rna-XM_056788232.1	A	anno1.g8851.t1	A
rna-XM_056787007.1	A	anno1.g8850.t1	A
rna-XM_056786969.1	A	anno1.g8848.t1	A
rna-XM_056786927.1	A	anno1.g8846.t1	A
rna-XM_056787105.1	A	anno1.g8788.t1	A
rna-XM_056787117.1	A	anno1.g8790.t1	A
rna-XM_056787150.1	A	anno1.g10392.t1	A
rna-XM_056787207.1	A	anno1.g8120.t1	A
rna-XM_056777376.1	A	anno1.g10797.t1	A
rna-XM_056791919.1	A	anno1.g10618.t1	A
rna-XM_056791917.1	A	anno1.g8122.t1	A
rna-XM_056783100.1	A	anno1.g8121.t1	A
rna-XM_056783111.1	A	anno1.g8157.t1	A
rna-XM_056792643.1	A	anno1.g8156.t1	A
rna-XM_056779143.1	A	anno1.g7869.t1	A
rna-XM_056779154.1	A	anno1.g6129.t1	A
rna-XM_056777778.1	A	anno1.g8440.t2	A
rna-XM_056773903.1	A	anno1.g11340.t3	A
rna-XM_056773887.1	A	anno1.g4112.t1	A
rna-XM_056785093.1	A	anno1.g13136.t1	A
rna-XM_056776597.1	A	anno1.g13730.t1	A
rna-XM_056776978.1	A	anno1.g8057.t1	A
rna-XM_056792703.1	A	anno1.g8056.t1	A
rna-XM_056792941.1	A	anno1.g8069.t2	A
rna-XM_056791298.1	A	anno1.g6355.t1	A
rna-XM_056775094.1	A	anno1.g5102.t1	A
rna-XM_056780844.1	A	anno1.g12700.t1	A
rna-XM_056775320.1	A	anno1.g9066.t1	A
rna-XM_056783791.1	A	anno1.g4427.t1	A
rna-XM_056791323.1	A	anno1.g12476.t2	A
rna-XM_056777573.1	A	anno1.g12342.t1	A
rna-XM_056792630.1	A	anno1.g14664.t1	A
rna-XM_056791584.1	A	anno1.g9819.t2	A
rna-XM_056785622.1	A	anno1.g9818.t4	A
rna-XM_056774288.1	A	anno1.g13217.t1	A
rna-XM_056774301.1	A	anno1.g10796.t1	A
rna-XM_056780060.1	A	anno1.g13916.t1	A
rna-XM_056780052.1	A	anno1.g9340.t2	A
rna-XM_056791858.1	A	anno1.g4128.t1	A
rna-XM_056791857.1	A	anno1.g10705.t1	A
rna-XM_056791856.1	A	anno1.g8551.t2	A
rna-XM_056791843.1	A	anno1.g6250.t1	A
rna-XM_056791834.1	A	anno1.g4317.t3	A
rna-XM_056791844.1	A	anno1.g4440.t1	A
rna-XM_056791832.1	A	anno1.g1076.t1	A
rna-XM_056791845.1	A	anno1.g6456.t1	A
rna-XM_056785894.1	A	anno1.g1027.t1	A
rna-XM_056775041.1	A	anno1.g14124.t2	A
rna-XM_056792476.1	A	anno1.g1028.t1	A
rna-XM_056774722.1	A	anno1.g6455.t1	A
rna-XM_056791701.1	A	anno1.g6374.t1	A
rna-XM_056782649.1	A	anno1.g6373.t1	A
rna-XM_056776699.1	A	anno1.g12444.t1	A
rna-XM_056785362.1	A	anno1.g3659.t1	A
rna-XM_056777272.1	A	anno1.g8112.t2	A
rna-XM_056780293.1	A	anno1.g14540.t1	A
rna-XM_056780307.1	A	anno1.g2421.t1	A
rna-XM_056780280.1	A	anno1.g3162.t1	A
rna-XM_056778346.1	A	anno1.g9625.t1	A
rna-XM_056778359.1	A	anno1.g9624.t1	A
rna-XM_056778334.1	A	anno1.g9626.t1	A
rna-XM_056778383.1	A	anno1.g12354.t1	A
rna-XM_056778422.1	A	anno1.g2532.t1	A
rna-XM_056778427.1	A	anno1.g4534.t1	A
rna-XM_056778439.1	A	anno1.g4321.t2	A
rna-XM_056778453.1	A	anno1.g4320.t1	A
rna-XM_056791853.1	A	anno1.g761.t1	A
rna-XM_056791855.1	A	anno1.g759.t1	A
rna-XM_056780527.1	A	anno1.g2193.t1	X
rna-XM_056780551.1	A	anno1.g4606.t2	A
rna-XM_056780539.1	A	anno1.g14262.t1	A
rna-XM_056778220.1	A	anno1.g11924.t1	A
rna-XM_056778233.1	A	anno1.g11944.t1	A
rna-XM_056773868.1	A	anno1.g9830.t1	A
rna-XM_056773878.1	A	anno1.g6485.t1	A
rna-XM_056773851.1	A	anno1.g11547.t1	A
rna-XM_056791781.1	A	anno1.g8885.t3	A
rna-XM_056783940.1	A	anno1.g4628.t1	A
rna-XM_056782791.1	A	anno1.g12158.t1	A
rna-XM_056785310.1	A	anno1.g12824.t1	A
rna-XM_056785432.1	A	anno1.g4856.t1	A
rna-XM_056777942.1	A	anno1.g3143.t1	A
rna-XM_056777953.1	A	anno1.g10724.t1	A
rna-XM_056775334.1	A	anno1.g6298.t2	A
rna-XM_056780088.1	A	anno1.g8909.t2	A
rna-XM_056784009.1	A	anno1.g8860.t1	A
rna-XM_056784033.1	A	anno1.g8854.t1	A
rna-XM_056784046.1	A	anno1.g8855.t2	A
rna-XM_056784059.1	A	anno1.g6699.t2	A
rna-XM_056784090.1	A	anno1.g6700.t1	A
rna-XM_056784103.1	A	anno1.g8686.t1	A
rna-XM_056784984.1	A	anno1.g9842.t1	A
rna-XM_056791558.1	A	anno1.g9843.t3	A
rna-XM_056777527.1	A	anno1.g14268.t1	A
rna-XM_056777044.1	A	anno1.g6703.t1	A
rna-XM_056777085.1	A	anno1.g6702.t1	A
rna-XM_056777073.1	A	anno1.g8359.t1	A
rna-XM_056777013.1	A	anno1.g8358.t1	A
rna-XM_056780764.1	A	anno1.g8443.t1	A
rna-XM_056783001.1	A	anno1.g14265.t1	A
rna-XM_056791752.1	A	anno1.g14264.t1	A
rna-XM_056791754.1	A	anno1.g14266.t2	A
rna-XM_056777900.1	A	anno1.g11286.t2	A
rna-XM_056791560.1	A	anno1.g11921.t1	A
rna-XM_056774603.1	A	anno1.g11812.t1	A
rna-XM_056774592.1	A	anno1.g11948.t1	A
rna-XM_056774615.1	A	anno1.g11947.t1	A
rna-XM_056774628.1	A	anno1.g11946.t1	A
rna-XM_056784436.1	A	anno1.g7751.t2	A
rna-XM_056775066.1	A	anno1.g8477.t2	A
rna-XM_056791561.1	A	anno1.g8476.t1	A
rna-XM_056781842.1	A	anno1.g8475.t2	A
rna-XM_056773805.1	A	anno1.g8486.t1	A
rna-XM_056773839.1	A	anno1.g4658.t1	A
rna-XM_056779763.1	A	anno1.g8778.t2	A
rna-XM_056780194.1	A	anno1.g13706.t1	A
rna-XM_056778476.1	A	anno1.g1272.t1	A
rna-XM_056778514.1	A	anno1.g1271.t1	A
rna-XM_056774227.1	A	anno1.g13387.t1	A
rna-XM_056775966.1	A	anno1.g4634.t1	A
rna-XM_056781133.1	A	anno1.g4659.t2	A
rna-XM_056790940.1	A	anno1.g14196.t1	A
rna-XM_056790952.1	A	anno1.g14254.t1	A
rna-XM_056779801.1	A	anno1.g4631.t1	A
rna-XM_056779875.1	A	anno1.g8365.t1	A
rna-XM_056787453.1	A	anno1.g8362.t2	A
rna-XM_056780938.1	A	anno1.g8360.t2	A
rna-XM_056779908.1	A	anno1.g14261.t1	A
rna-XM_056792114.1	A	anno1.g4948.t1	A
rna-XM_056792126.1	A	anno1.g8180.t2	A
rna-XM_056792136.1	A	anno1.g11925.t1	A
rna-XM_056781714.1	A	anno1.g14256.t1	A
rna-XM_056775347.1	A	anno1.g8453.t1	A
rna-XM_056775439.1	A	anno1.g10021.t1	A
rna-XM_056775367.1	A	anno1.g9828.t1	A
rna-XM_056775429.1	A	anno1.g9826.t1	A
rna-XM_056791878.1	A	anno1.g11026.t1	A
rna-XM_056791486.1	A	anno1.g10081.t1	A
rna-XM_056783883.1	A	anno1.g9103.t1	A
rna-XM_056785063.1	A	anno1.g8777.t2	A
rna-XM_056774940.1	A	anno1.g14238.t2	A
rna-XM_056774952.1	A	anno1.g10022.t1	A
rna-XM_056774798.1	A	anno1.g10121.t1	A
rna-XM_056782005.1	A	anno1.g9831.t1	A
rna-XM_056782014.1	A	anno1.g9015.t1	A
rna-XM_056782028.1	A	anno1.g9091.t1	A
rna-XM_056791620.1	A	anno1.g9093.t2	A
rna-XM_056778175.1	A	anno1.g11918.t2	A
rna-XM_056786024.1	A	anno1.g12885.t1	A
rna-XM_056785927.1	A	anno1.g633.t1	A
rna-XM_056786149.1	A	anno1.g626.t1	A
rna-XM_056791809.1	A	anno1.g611.t2	A
rna-XM_056775286.1	A	anno1.g10746.t1	A
rna-XM_056775263.1	A	anno1.g1495.t1	A
rna-XM_056791645.1	A	anno1.g843.t1	A
rna-XM_056791651.1	A	anno1.g11624.t1	A
rna-XM_056791650.1	A	anno1.g9731.t1	A
rna-XM_056791652.1	A	anno1.g6123.t1	A
rna-XM_056791628.1	A	anno1.g6122.t2	A
rna-XM_056791653.1	A	anno1.g6121.t1	A
rna-XM_056791654.1	A	anno1.g6299.t2	A
rna-XM_056791658.1	A	anno1.g373.t1	A
rna-XM_056791629.1	A	anno1.g43.t1	A
rna-XM_056791660.1	A	anno1.g377.t2	A
rna-XM_056791681.1	A	anno1.g14706.t1	A
rna-XM_056791672.1	A	anno1.g1464.t1	A
rna-XM_056791662.1	A	anno1.g1466.t3	A
rna-XM_056791667.1	A	anno1.g14705.t1	A
rna-XM_056791680.1	A	anno1.g14702.t2	A
rna-XM_056784628.1	A	anno1.g291.t1	A
rna-XM_056791630.1	A	anno1.g368.t1	A
rna-XM_056782668.1	A	anno1.g11682.t1	A
rna-XM_056785702.1	A	anno1.g2842.t1	A
rna-XM_056779384.1	A	anno1.g14312.t1	A
rna-XM_056784232.1	A	anno1.g7324.t1	A
rna-XM_056774094.1	A	anno1.g2828.t1	A
rna-XM_056783915.1	A	anno1.g11251.t1	A
rna-XM_056783928.1	A	anno1.g11175.t1	A
rna-XM_056778162.1	A	anno1.g11255.t1	A
rna-XM_056791916.1	A	anno1.g11842.t1	A
rna-XM_056791912.1	A	anno1.g2650.t1	A
rna-XM_056791644.1	A	anno1.g2637.t1	A
rna-XM_056791795.1	A	anno1.g3888.t1	A
rna-XM_056791784.1	A	anno1.g3026.t1	A
rna-XM_056792691.1	A	anno1.g9745.t2	A
rna-XM_056791682.1	A	anno1.g6451.t1	A
rna-XM_056791869.1	A	anno1.g4236.t1	A
rna-XM_056791872.1	A	anno1.g1199.t2	A
rna-XM_056789153.1	A	anno1.g10092.t1	A
rna-XM_056789176.1	A	anno1.g9957.t1	A
rna-XM_056789189.1	A	anno1.g9953.t1	A
rna-XM_056789224.1	A	anno1.g7693.t1	A
rna-XM_056789163.1	A	anno1.g7694.t1	A
rna-XM_056791657.1	A	anno1.g165.t1	A
rna-XM_056791671.1	A	anno1.g158.t1	A
rna-XM_056791720.1	A	anno1.g7718.t1	A
rna-XM_056791715.1	A	anno1.g7132.t1	A
rna-XM_056776149.1	A	anno1.g7722.t1	A
rna-XM_056778959.1	A	anno1.g7724.t1	A
rna-XM_056783591.1	A	anno1.g7725.t1	A
rna-XM_056783963.1	A	anno1.g7713.t1	A
rna-XM_056774734.1	A	anno1.g7715.t1	A
rna-XM_056783673.1	A	anno1.g1033.t1	A
rna-XM_056791721.1	A	anno1.g6787.t1	A
rna-XM_056781335.1	A	anno1.g1264.t2	A
rna-XM_056781363.1	A	anno1.g1274.t1	A
rna-XM_056781386.1	A	anno1.g14495.t5	A
rna-XM_056781440.1	A	anno1.g14557.t1	A
rna-XM_056781455.1	A	anno1.g10677.t2	A
rna-XM_056781505.1	A	anno1.g4915.t1	A
rna-XM_056781519.1	A	anno1.g7386.t1	A
rna-XM_056781543.1	A	anno1.g10680.t1	A
rna-XM_056781563.1	A	anno1.g10681.t1	A
rna-XM_056781576.1	A	anno1.g4896.t1	A
rna-XM_056779227.1	A	anno1.g4689.t1	A
rna-XM_056787789.1	A	anno1.g7463.t1	A
rna-XM_056776677.1	A	anno1.g4692.t1	A
rna-XM_056791622.1	A	anno1.g6330.t3	A
rna-XM_056777963.1	A	anno1.g4742.t1	A
rna-XM_056790735.1	A	anno1.g13169.t1	A
rna-XM_056774848.1	A	anno1.g13931.t1	A
rna-XM_056779044.1	A	anno1.g13930.t2	A
rna-XM_056779032.1	A	anno1.g13168.t1	A
rna-XM_056786625.1	A	anno1.g9722.t1	A
rna-XM_056785787.1	A	anno1.g3943.t1	A
rna-XM_056781020.1	A	anno1.g4750.t1	A
rna-XM_056773659.1	A	anno1.g8910.t1	A
rna-XM_056778208.1	A	anno1.g8911.t1	A
rna-XM_056778187.1	A	anno1.g10564.t1	A
rna-XM_056791555.1	A	anno1.g12699.t1	A
rna-XM_056791557.1	A	anno1.g4709.t1	A
rna-XM_056785521.1	A	anno1.g4006.t1	A
rna-XM_056781065.1	A	anno1.g7181.t2	A
rna-XM_056783672.1	A	anno1.g12697.t1	A
rna-XM_056783978.1	A	anno1.g12695.t1	A
rna-XM_056783787.1	A	anno1.g12685.t1	A
rna-XM_056792278.1	A	anno1.g4727.t1	A
rna-XM_056792444.1	A	anno1.g11698.t1	A
rna-XM_056783547.1	A	anno1.g4087.t1	A
rna-XM_056783579.1	A	anno1.g1237.t1	A
rna-XM_056784671.1	A	anno1.g6089.t1	A
rna-XM_056791641.1	A	anno1.g8804.t1	A
rna-XM_056791642.1	A	anno1.g6088.t1	A
rna-XM_056791643.1	A	anno1.g2746.t1	A
rna-XM_056783122.1	A	anno1.g12613.t7	A
rna-XM_056792774.1	A	anno1.g12606.t1	A
rna-XM_056792033.1	A	anno1.g12605.t1	A
rna-XM_056786880.1	A	anno1.g12604.t1	A
rna-XM_056777878.1	A	anno1.g12601.t1	A
rna-XM_056788214.1	A	anno1.g12591.t1	A
rna-XM_056775309.1	A	anno1.g8348.t1	A
rna-XM_056775298.1	A	anno1.g12049.t1	A
rna-XM_056774919.1	A	anno1.g8659.t1	A
rna-XM_056777790.1	A	anno1.g12050.t1	A
rna-XM_056777803.1	A	anno1.g12441.t1	A
rna-XM_056777817.1	A	anno1.g13055.t1	A
rna-XM_056791061.1	A	anno1.g13056.t1	A
rna-XM_056791099.1	A	anno1.g13010.t1	A
rna-XM_056791126.1	A	anno1.g13044.t1	A
rna-XM_056791148.1	A	anno1.g12040.t1	A
rna-XM_056782534.1	A	anno1.g13057.t1	A
rna-XM_056783765.1	A	anno1.g13046.t1	A
rna-XM_056779895.1	A	anno1.g12041.t1	A
rna-XM_056779478.1	A	anno1.g13059.t2	A
rna-XM_056792046.1	A	anno1.g13045.t1	A
rna-XM_056792061.1	A	anno1.g13114.t1	A
rna-XM_056784273.1	A	anno1.g13112.t1	A
rna-XM_056784295.1	A	anno1.g13042.t1	A
rna-XM_056784698.1	A	anno1.g3655.t1	A
rna-XM_056791744.1	A	anno1.g9529.t2	A
rna-XM_056780364.1	A	anno1.g9527.t1	A
rna-XM_056791691.1	A	anno1.g7323.t2	A
rna-XM_056791699.1	A	anno1.g14840.t1	A
rna-XM_056791698.1	A	anno1.g7334.t1	A
rna-XM_056788245.1	A	anno1.g7333.t1	A
rna-XM_056787704.1	A	anno1.g7335.t1	A
rna-XM_056787674.1	A	anno1.g7337.t1	A
rna-XM_056787731.1	A	anno1.g7336.t1	A
rna-XM_056787757.1	A	anno1.g7338.t1	A
rna-XM_056785906.1	A	anno1.g150.t1	A
rna-XM_056789987.1	A	anno1.g149.t1	A
rna-XM_056792607.1	A	anno1.g7354.t1	A
rna-XM_056780050.1	A	anno1.g14834.t1	A
rna-XM_056792916.1	A	anno1.g365.t1	A
rna-XM_056782598.1	A	anno1.g10902.t1	A
rna-XM_056781181.1	A	anno1.g10905.t1	A
rna-XM_056791922.1	A	anno1.g10906.t1	A
rna-XM_056776550.1	A	anno1.g11351.t2	A
rna-XM_056782546.1	A	anno1.g1430.t1	A
rna-XM_056775644.1	A	anno1.g14514.t1	A
rna-XM_056791885.1	A	anno1.g1429.t1	A
rna-XM_056791884.1	A	anno1.g1423.t1	A
rna-XM_056791888.1	A	anno1.g7191.t1	A
rna-XM_056791890.1	A	anno1.g7190.t2	A
rna-XM_056779467.1	A	anno1.g286.t1	A
rna-XM_056777419.1	A	anno1.g11977.t1	A
rna-XM_056773804.1	A	anno1.g4721.t1	A
rna-XM_056774003.1	A	anno1.g1114.t1	A
rna-XM_056773990.1	A	anno1.g12627.t1	A
rna-XM_056781323.1	A	anno1.g4736.t2	A
rna-XM_056778526.1	A	anno1.g3900.t1	A
rna-XM_056773647.1	A	anno1.g1080.t1	A
rna-XM_056778004.1	A	anno1.g210.t1	A
rna-XM_056777976.1	A	anno1.g3226.t1	A
rna-XM_056791685.1	A	anno1.g10900.t1	A
rna-XM_056791683.1	A	anno1.g790.t1	A
rna-XM_056791688.1	A	anno1.g412.t1	A
rna-XM_056775015.1	A	anno1.g5726.t1	A
rna-XM_056783861.1	A	anno1.g794.t1	A
rna-XM_056785919.1	A	anno1.g793.t1	A
rna-XM_056791904.1	A	anno1.g3070.t1	A
rna-XM_056791911.1	A	anno1.g925.t1	A
rna-XM_056779711.1	A	anno1.g11260.t1	A
rna-XM_056775123.1	A	anno1.g10901.t1	A
rna-XM_056776003.1	A	anno1.g1109.t6	A
rna-XM_056780652.1	A	anno1.g1024.t1	A
rna-XM_056782560.1	A	anno1.g398.t1	A
rna-XM_056782574.1	A	anno1.g411.t1	A
rna-XM_056791829.1	A	anno1.g6223.t1	A
rna-XM_056781925.1	A	anno1.g815.t1	A
rna-XM_056780100.1	A	anno1.g11753.t1	A
rna-XM_056784824.1	A	anno1.g688.t2	A
rna-XM_056784868.1	A	anno1.g13390.t1	A
rna-XM_056784804.1	A	anno1.g820.t1	A
rna-XM_056784887.1	A	anno1.g612.t1	A
rna-XM_056781854.1	A	anno1.g619.t1	A
rna-XM_056781894.1	A	anno1.g618.t1	A
rna-XM_056788762.1	A	anno1.g623.t1	A
rna-XM_056788748.1	A	anno1.g624.t1	A
rna-XM_056788618.1	A	anno1.g660.t2	A
rna-XM_056788671.1	A	anno1.g1041.t1	A
rna-XM_056788696.1	A	anno1.g1044.t1	A
rna-XM_056788716.1	A	anno1.g1045.t1	A
rna-XM_056788683.1	A	anno1.g6377.t2	A
rna-XM_056788630.1	A	anno1.g797.t1	A
rna-XM_056788641.1	A	anno1.g799.t1	A
rna-XM_056788597.1	A	anno1.g802.t2	A
rna-XM_056774029.1	A	anno1.g803.t1	A
rna-XM_056776160.1	A	anno1.g7880.t1	A
rna-XM_056792157.1	A	anno1.g7362.t1	A
rna-XM_056792177.1	A	anno1.g7361.t1	A
rna-XM_056774050.1	A	anno1.g7360.t1	A
rna-XM_056774062.1	A	anno1.g12892.t1	A
rna-XM_056774074.1	A	anno1.g7359.t1	A
rna-XM_056774750.1	A	anno1.g7358.t1	A
rna-XM_056784538.1	A	anno1.g4822.t1	A
rna-XM_056792203.1	A	anno1.g7194.t1	A
rna-XM_056788205.1	A	anno1.g7192.t1	A
rna-XM_056791250.1	A	anno1.g7188.t1	A
rna-XM_056791256.1	A	anno1.g7189.t2	A
rna-XM_056791277.1	A	anno1.g12045.t1	A
rna-XM_056791259.1	A	anno1.g3314.t1	A
rna-XM_056791290.1	A	anno1.g3313.t1	A
rna-XM_056783692.1	A	anno1.g12044.t2	A
rna-XM_056778050.1	A	anno1.g5397.t4	A
rna-XM_056778147.1	A	anno1.g7363.t1	A
rna-XM_056781967.1	A	anno1.g10858.t2	A
rna-XM_056776032.1	A	anno1.g5884.t1	A
rna-XM_056776243.1	A	anno1.g5883.t1	A
rna-XM_056780331.1	A	anno1.g5887.t1	A
rna-XM_056780462.1	A	anno1.g1128.t1	A
rna-XM_056785191.1	A	anno1.g5889.t1	A
rna-XM_056784989.1	A	anno1.g5888.t3	A
rna-XM_056785000.1	A	anno1.g1129.t1	A
rna-XM_056775593.1	A	anno1.g5875.t1	A
rna-XM_056775619.1	A	anno1.g10289.t1	A
rna-XM_056779737.1	A	anno1.g1893.t1	X
rna-XM_056779853.1	A	anno1.g4882.t1	A
rna-XM_056790468.1	A	anno1.g6388.t1	A
rna-XM_056790514.1	A	anno1.g4885.t1	A
rna-XM_056780755.1	A	anno1.g8574.t1	A
rna-XM_056775107.1	A	anno1.g8575.t1	A
rna-XM_056780861.1	A	anno1.g4881.t1	A
rna-XM_056781048.1	A	anno1.g4880.t1	A
rna-XM_056781167.1	A	anno1.g12704.t1	A
rna-XM_056781296.1	A	anno1.g12705.t1	A
rna-XM_056781590.1	A	anno1.g8728.t1	A
rna-XM_056781755.1	A	anno1.g9452.t1	A
rna-XM_056781877.1	A	anno1.g9451.t1	A
rna-XM_056782487.1	A	anno1.g9450.t1	A
rna-XM_056782001.1	A	anno1.g9446.t1	A
rna-XM_056776923.1	A	anno1.g10094.t1	A
rna-XM_056781780.1	A	anno1.g10095.t1	A
rna-XM_056781792.1	A	anno1.g10096.t2	A
rna-XM_056792406.1	A	anno1.g10155.t2	A
rna-XM_056782769.1	A	anno1.g10156.t1	A
rna-XM_056788801.1	A	anno1.g10143.t1	A
rna-XM_056788832.1	A	anno1.g7537.t1	A
rna-XM_056788839.1	A	anno1.g13796.t1	A
rna-XM_056788366.1	A	anno1.g13793.t1	A
rna-XM_056788345.1	A	anno1.g13795.t1	A
rna-XM_056788380.1	A	anno1.g13794.t1	A
rna-XM_056788323.1	A	anno1.g13792.t1	A
rna-XM_056788392.1	A	anno1.g13791.t2	A
rna-XM_056791830.1	A	anno1.g13789.t1	A
rna-XM_056775670.1	A	anno1.g13788.t1	A
rna-XM_056775922.1	A	anno1.g13785.t1	A
rna-XM_056774433.1	A	anno1.g13778.t1	A
rna-XM_056776044.1	A	anno1.g2807.t1	A
rna-XM_056791818.1	A	anno1.g13775.t2	A
rna-XM_056791820.1	A	anno1.g13774.t1	A
rna-XM_056791821.1	A	anno1.g13773.t3	A
rna-XM_056788422.1	A	anno1.g13162.t1	A
rna-XM_056788451.1	A	anno1.g13171.t1	A
rna-XM_056788468.1	A	anno1.g3523.t1	A
rna-XM_056788535.1	A	anno1.g13274.t1	A
rna-XM_056788526.1	A	anno1.g13733.t2	A
rna-XM_056785598.1	A	anno1.g8491.t1	A
rna-XM_056785586.1	A	anno1.g13734.t1	A
rna-XM_056773620.1	A	anno1.g14630.t1	A
rna-XM_056787800.1	A	anno1.g13210.t1	A
rna-XM_056788191.1	A	anno1.g5713.t1	A
rna-XM_056788199.1	A	anno1.g5921.t1	A
rna-XM_056780597.1	A	anno1.g13943.t1	A
rna-XM_056780321.1	A	anno1.g13944.t2	A
rna-XM_056773679.1	A	anno1.g3698.t2	A
rna-XM_056776529.1	A	anno1.g9383.t1	A
rna-XM_056781643.1	A	anno1.g3351.t1	A
rna-XM_056781662.1	A	anno1.g3137.t1	A
rna-XM_056787579.1	A	anno1.g3142.t1	A
rna-XM_056787567.1	A	anno1.g3141.t1	A
rna-XM_056774743.1	A	anno1.g3139.t2	A
rna-XM_056778246.1	A	anno1.g9406.t1	A
rna-XM_056791963.1	A	anno1.g1911.t1	X
rna-XM_056779272.1	A	anno1.g14130.t1	A
rna-XM_056785832.1	A	anno1.g13246.t1	A
rna-XM_056788107.1	A	anno1.g13245.t1	A
rna-XM_056787686.1	A	anno1.g13248.t3	A
rna-XM_056788339.1	A	anno1.g13249.t1	A
rna-XM_056773634.1	A	anno1.g13288.t2	A
rna-XM_056777454.1	A	anno1.g13289.t1	A
rna-XM_056789091.1	A	anno1.g12163.t1	A
rna-XM_056789069.1	A	anno1.g12164.t1	A
rna-XM_056789120.1	A	anno1.g8626.t1	A
rna-XM_056789143.1	A	anno1.g13669.t2	A
rna-XM_056775500.1	A	anno1.g99.t1	A
rna-XM_056774215.1	A	anno1.g12707.t1	A
rna-XM_056773725.1	A	anno1.g11586.t1	A
rna-XM_056776266.1	A	anno1.g11735.t2	A
rna-XM_056776309.1	A	anno1.g10848.t2	A
rna-XM_056782923.1	A	anno1.g10854.t1	A
rna-XM_056782883.1	A	anno1.g10855.t1	A
rna-XM_056782936.1	A	anno1.g10760.t1	A
rna-XM_056782901.1	A	anno1.g10852.t2	A
rna-XM_056782851.1	A	anno1.g10849.t1	A
rna-XM_056792266.1	A	anno1.g11809.t1	A
rna-XM_056791779.1	A	anno1.g11675.t1	A
rna-XM_056791778.1	A	anno1.g10853.t1	A
rna-XM_056791780.1	A	anno1.g11437.t1	A
rna-XM_056786346.1	A	anno1.g11699.t3	A
rna-XM_056791825.1	A	anno1.g11021.t3	A
rna-XM_056791828.1	A	anno1.g10893.t1	A
rna-XM_056780681.1	A	anno1.g10892.t1	A
rna-XM_056791513.1	A	anno1.g11197.t1	A
rna-XM_056791463.1	A	anno1.g11198.t1	A
rna-XM_056789528.1	A	anno1.g11200.t1	A
rna-XM_056787633.1	A	anno1.g11307.t1	A
rna-XM_056787645.1	A	anno1.g666.t1	A
rna-XM_056776602.1	A	anno1.g654.t1	A
rna-XM_056787665.1	A	anno1.g290.t1	A
rna-XM_056787590.1	A	anno1.g14160.t1	A
rna-XM_056791574.1	A	anno1.g608.t1	A
rna-XM_056791578.1	A	anno1.g407.t1	A
rna-XM_056791603.1	A	anno1.g409.t1	A
rna-XM_056791604.1	A	anno1.g408.t1	A
rna-XM_056791607.1	A	anno1.g599.t1	A
rna-XM_056791606.1	A	anno1.g600.t1	A
rna-XM_056776725.1	A	anno1.g278.t2	A
rna-XM_056776342.1	A	anno1.g601.t1	A
rna-XM_056775146.1	A	anno1.g602.t1	A
rna-XM_056785431.1	A	anno1.g584.t1	A
rna-XM_056774340.1	A	anno1.g582.t1	A
rna-XM_056784585.1	A	anno1.g588.t1	A
rna-XM_056784598.1	A	anno1.g592.t2	A
rna-XM_056784682.1	A	anno1.g590.t2	A
rna-XM_056776864.1	A	anno1.g594.t2	A
rna-XM_056776989.1	A	anno1.g595.t1	A
rna-XM_056777228.1	A	anno1.g596.t1	A
rna-XM_056777110.1	A	anno1.g1006.t1	A
rna-XM_056792385.1	A	anno1.g598.t1	A
rna-XM_056781817.1	A	anno1.g7909.t1	A
rna-XM_056791710.1	A	anno1.g401.t1	A
rna-XM_056791712.1	A	anno1.g283.t1	A
rna-XM_056791713.1	A	anno1.g333.t1	A
rna-XM_056779323.1	A	anno1.g334.t1	A
rna-XM_056776571.1	A	anno1.g336.t1	A
rna-XM_056777538.1	A	anno1.g331.t1	A
rna-XM_056777341.1	A	anno1.g330.t1	A
rna-XM_056777564.1	A	anno1.g533.t1	A
rna-XM_056779562.1	A	anno1.g536.t1	A
rna-XM_056779965.1	A	anno1.g537.t1	A
rna-XM_056786794.1	A	anno1.g701.t1	A
rna-XM_056784649.1	A	anno1.g703.t1	A
rna-XM_056777802.1	A	anno1.g704.t1	A
rna-XM_056782068.1	A	anno1.g163.t4	A
rna-XM_056785502.1	A	anno1.g5580.t1	A
rna-XM_056778605.1	A	anno1.g2900.t1	A
rna-XM_056774641.1	A	anno1.g2899.t1	A
rna-XM_056783028.1	A	anno1.g4504.t3	A
rna-XM_056783039.1	A	anno1.g5731.t3	A
rna-XM_056783076.1	A	anno1.g2897.t1	A
rna-XM_056787283.1	A	anno1.g2898.t3	A
rna-XM_056777185.1	A	anno1.g5620.t1	A
rna-XM_056775159.1	A	anno1.g5582.t7	A
rna-XM_056781906.1	A	anno1.g7737.t1	A
rna-XM_056776411.1	A	anno1.g3272.t1	A
rna-XM_056776432.1	A	anno1.g1052.t1	A
rna-XM_056780248.1	A	anno1.g9221.t1	A
rna-XM_056780217.1	A	anno1.g6165.t1	A
rna-XM_056780261.1	A	anno1.g9248.t1	A
rna-XM_056792148.1	A	anno1.g3654.t1	A
rna-XM_056787555.1	A	anno1.g3706.t1	A
rna-XM_056776688.1	A	anno1.g3705.t1	A
rna-XM_056776203.1	A	anno1.g9478.t1	A
rna-XM_056778623.1	A	anno1.g9545.t1	A
rna-XM_056778747.1	A	anno1.g7137.t1	A
rna-XM_056779487.1	A	anno1.g7138.t1	A
rna-XM_056791787.1	A	anno1.g10376.t1	A
rna-XM_056791789.1	A	anno1.g7049.t1	A
rna-XM_056791788.1	A	anno1.g3774.t1	A
rna-XM_056791790.1	A	anno1.g7048.t1	A
rna-XM_056791792.1	A	anno1.g7047.t2	A
rna-XM_056791854.1	A	anno1.g6322.t1	A
rna-XM_056791866.1	A	anno1.g12445.t3	A
rna-XM_056776355.1	A	anno1.g7010.t2	A
rna-XM_056776348.1	A	anno1.g6999.t1	A
rna-XM_056789982.1	A	anno1.g7266.t1	A
rna-XM_056791716.1	A	anno1.g13375.t1	A
rna-XM_056791717.1	A	anno1.g9102.t1	A
rna-XM_056791718.1	A	anno1.g13388.t1	A
rna-XM_056786891.1	A	anno1.g8681.t2	A
rna-XM_056785491.1	A	anno1.g8680.t1	A
rna-XM_056792767.1	A	anno1.g9088.t1	A
rna-XM_056792776.1	A	anno1.g11188.t1	A
rna-XM_056792750.1	A	anno1.g10907.t1	A
rna-XM_056781954.1	A	anno1.g11469.t1	A
rna-XM_056782724.1	A	anno1.g449.t1	A
rna-XM_056782735.1	A	anno1.g438.t2	A
rna-XM_056782755.1	A	anno1.g450.t1	A
rna-XM_056786875.1	A	anno1.g448.t1	A
rna-XM_056783973.1	A	anno1.g1460.t1	A
rna-XM_056783987.1	A	anno1.g9773.t1	A
rna-XM_056791850.1	A	anno1.g11407.t1	A
rna-XM_056778865.1	A	anno1.g11310.t1	A
rna-XM_056784347.1	A	anno1.g11023.t3	A
rna-XM_056784332.1	A	anno1.g11022.t1	A
rna-XM_056784320.1	A	anno1.g10840.t1	A
rna-XM_056784387.1	A	anno1.g10838.t2	A
rna-XM_056784408.1	A	anno1.g10839.t1	A
rna-XM_056791794.1	A	anno1.g10837.t1	A
rna-XM_056791793.1	A	anno1.g10835.t1	A
rna-XM_056791796.1	A	anno1.g11317.t1	A
rna-XM_056779641.1	A	anno1.g1148.t1	A
rna-XM_056779599.1	A	anno1.g7796.t2	A
rna-XM_056779620.1	A	anno1.g11295.t2	A
rna-XM_056785845.1	A	anno1.g11309.t2	A
rna-XM_056778287.1	A	anno1.g1393.t1	A
rna-XM_056780739.1	A	anno1.g14331.t1	X
rna-XM_056776509.1	A	anno1.g6178.t1	A
rna-XM_056791797.1	A	anno1.g610.t1	A
rna-XM_056791798.1	A	anno1.g609.t1	A
rna-XM_056791802.1	A	anno1.g6177.t2	A
rna-XM_056790162.1	A	anno1.g10082.t1	A
rna-XM_056790185.1	A	anno1.g722.t1	A
rna-XM_056790174.1	A	anno1.g1333.t1	A
rna-XM_056781599.1	A	anno1.g723.t1	A
rna-XM_056779775.1	A	anno1.g78.t3	A
rna-XM_056777351.1	A	anno1.g718.t1	A
rna-XM_056774770.1	A	anno1.g717.t1	A
rna-XM_056791883.1	A	anno1.g7415.t1	A
rna-XM_056791882.1	A	anno1.g3579.t1	A
rna-XM_056783998.1	A	anno1.g2442.t1	A
rna-XM_056776345.1	A	anno1.g8884.t1	A
rna-XM_056779059.1	A	anno1.g7417.t1	A
rna-XM_056779072.1	A	anno1.g7416.t1	A
rna-XM_056790401.1	A	anno1.g2440.t1	A
rna-XM_056778683.1	A	anno1.g2438.t2	A
rna-XM_056778701.1	A	anno1.g3988.t1	A
rna-XM_056778712.1	A	anno1.g3602.t1	A
rna-XM_056778725.1	A	anno1.g346.t1	A
rna-XM_056778737.1	A	anno1.g342.t1	A
rna-XM_056778756.1	A	anno1.g6181.t1	A
rna-XM_056779236.1	A	anno1.g5682.t1	A
rna-XM_056778768.1	A	anno1.g6375.t1	A
rna-XM_056778788.1	A	anno1.g1078.t1	A
rna-XM_056778892.1	A	anno1.g1081.t2	A
rna-XM_056779350.1	A	anno1.g1082.t1	A
rna-XM_056778921.1	A	anno1.g6187.t1	A
rna-XM_056782636.1	A	anno1.g11773.t1	A
rna-XM_056779501.1	A	anno1.g11174.t1	A
rna-XM_056781700.1	A	anno1.g11254.t1	A
rna-XM_056791862.1	A	anno1.g10917.t1	A
rna-XM_056791864.1	A	anno1.g3587.t1	A
rna-XM_056791861.1	A	anno1.g3588.t1	A
rna-XM_056779687.1	A	anno1.g3974.t1	A
rna-XM_056789998.1	A	anno1.g3973.t1	A
rna-XM_056790035.1	A	anno1.g14800.t1	A
rna-XM_056790045.1	A	anno1.g3971.t1	A
rna-XM_056780877.1	A	anno1.g3589.t1	A
rna-XM_056780919.1	A	anno1.g3590.t1	A
rna-XM_056774837.1	A	anno1.g3592.t1	A
rna-XM_056774828.1	A	anno1.g2529.t2	A
rna-XM_056779936.1	A	anno1.g2527.t1	A
rna-XM_056774817.1	A	anno1.g2617.t1	A
rna-XM_056785529.1	A	anno1.g2472.t1	A
rna-XM_056791757.1	A	anno1.g3957.t1	A
rna-XM_056780006.1	A	anno1.g634.t1	A
rna-XM_056789547.1	A	anno1.g606.t1	A
rna-XM_056789573.1	A	anno1.g11769.t1	A
rna-XM_056789591.1	A	anno1.g11721.t1	A
rna-XM_056789607.1	A	anno1.g1060.t4	A
rna-XM_056789666.1	A	anno1.g13299.t1	A
rna-XM_056789685.1	A	anno1.g7987.t1	A
rna-XM_056789714.1	A	anno1.g642.t1	A
rna-XM_056789739.1	A	anno1.g644.t1	A
rna-XM_056789695.1	A	anno1.g646.t1	A
rna-XM_056789752.1	A	anno1.g649.t1	A
rna-XM_056789788.1	A	anno1.g650.t2	A
rna-XM_056789831.1	A	anno1.g651.t5	A
rna-XM_056789854.1	A	anno1.g14691.t2	A
rna-XM_056789847.1	A	anno1.g14692.t1	A
rna-XM_056789869.1	A	anno1.g14693.t2	A
rna-XM_056780129.1	A	anno1.g14694.t1	A
rna-XM_056789878.1	A	anno1.g712.t3	A
rna-XM_056789885.1	A	anno1.g713.t1	A
rna-XM_056789918.1	A	anno1.g1300.t1	A
rna-XM_056789944.1	A	anno1.g1301.t1	A
rna-XM_056789930.1	A	anno1.g1308.t1	A
rna-XM_056789899.1	A	anno1.g1310.t1	A
rna-XM_056781689.1	A	anno1.g1458.t1	A
rna-XM_056791760.1	A	anno1.g337.t1	A
rna-XM_056791765.1	A	anno1.g338.t1	A
rna-XM_056791767.1	A	anno1.g340.t2	A
rna-XM_056785384.1	A	anno1.g2665.t2	A
rna-XM_056774016.1	A	anno1.g6973.t1	A
rna-XM_056782111.1	A	anno1.g2664.t1	A
rna-XM_056775179.1	A	anno1.g1036.t1	A
rna-XM_056792972.1	A	anno1.g9061.t1	A
rna-XM_056792973.1	A	anno1.g14510.t1	A
rna-XM_056792571.1	A	anno1.g5558.t1	A
rna-XM_056792573.1	A	anno1.g5565.t1	A
rna-XM_056792678.1	A	anno1.g5560.t1	A
rna-XM_056792694.1	A	anno1.g5566.t1	A
rna-XM_056792861.1	A	anno1.g4008.t1	A
rna-XM_056792482.1	A	anno1.g5694.t3	A
rna-XM_056792483.1	A	anno1.g5693.t1	A
rna-XM_056792695.1	A	anno1.g5467.t1	A
rna-XM_056793027.1	A	anno1.g5466.t2	A
rna-XM_056773590.1	A	anno1.g5465.t1	A
rna-XM_056793252.1	A	anno1.g4082.t1	A
rna-XM_056773545.1	A	anno1.g9759.t1	A
rna-XM_056773547.1	A	anno1.g241.t1	A
rna-XM_056792704.1	A	anno1.g6038.t1	A
rna-XM_056792350.1	A	anno1.g10529.t2	A
rna-XM_056792559.1	A	anno1.g7314.t2	A
rna-XM_056792331.1	A	anno1.g12516.t1	A
rna-XM_056792341.1	A	anno1.g3230.t1	A
rna-XM_056792335.1	A	anno1.g4079.t1	A
rna-XM_056792333.1	A	anno1.g10556.t1	A
rna-XM_056792337.1	A	anno1.g12565.t1	A
rna-XM_056792338.1	A	anno1.g10669.t1	A
rna-XM_056792340.1	A	anno1.g12566.t1	A
rna-XM_056792345.1	A	anno1.g10262.t1	A
rna-XM_056792515.1	A	anno1.g4410.t1	A
rna-XM_056792017.1	A	anno1.g13652.t1	A
rna-XM_056792018.1	A	anno1.g4286.t1	A
rna-XM_056792021.1	A	anno1.g5379.t2	A
rna-XM_056792022.1	A	anno1.g5380.t1	A
rna-XM_056792722.1	A	anno1.g7133.t1	A
rna-XM_056792032.1	A	anno1.g4744.t1	A
rna-XM_056792729.1	A	anno1.g4212.t1	A
rna-XM_056792035.1	A	anno1.g5536.t1	A
rna-XM_056792034.1	A	anno1.g1658.t1	X
rna-XM_056792511.1	A	anno1.g4136.t3	A
rna-XM_056792514.1	A	anno1.g4137.t1	A
rna-XM_056792755.1	A	anno1.g14031.t1	A
rna-XM_056792610.1	A	anno1.g10002.t1	A
rna-XM_056792611.1	A	anno1.g14450.t2	A
rna-XM_056792064.1	A	anno1.g10552.t1	A
rna-XM_056792082.1	A	anno1.g12366.t1	A
rna-XM_056792084.1	A	anno1.g12363.t2	A
rna-XM_056792187.1	A	anno1.g12370.t1	A
rna-XM_056792974.1	A	anno1.g12961.t1	A
rna-XM_056792508.1	A	anno1.g12357.t1	A
rna-XM_056773797.1	A	anno1.g12974.t1	A
rna-XM_056773799.1	A	anno1.g12973.t1	A
rna-XM_056792779.1	A	anno1.g8199.t2	A
rna-XM_056792780.1	A	anno1.g9970.t1	A
rna-XM_056793139.1	A	anno1.g8562.t1	A
rna-XM_056793245.1	A	anno1.g9544.t1	A
rna-XM_056792765.1	A	anno1.g7898.t1	A
rna-XM_056773689.1	A	anno1.g8644.t1	A
rna-XM_056792367.1	A	anno1.g8080.t1	A
rna-XM_056793248.1	A	anno1.g8082.t1	A
rna-XM_056793104.1	A	anno1.g8081.t1	A
rna-XM_056793087.1	A	anno1.g10865.t1	A
rna-XM_056792828.1	A	anno1.g12698.t1	A
rna-XM_056793075.1	A	anno1.g12945.t2	A
rna-XM_056792772.1	A	anno1.g7657.t1	A
rna-XM_056792167.1	A	anno1.g7652.t1	A
rna-XM_056792316.1	A	anno1.g419.t1	A
rna-XM_056792404.1	A	anno1.g420.t1	A
rna-XM_056792670.1	A	anno1.g821.t1	A
rna-XM_056792636.1	A	anno1.g10565.t1	A
rna-XM_056792530.1	A	anno1.g4930.t1	A
rna-XM_056793008.1	A	anno1.g12597.t1	A
rna-XM_056792296.1	A	anno1.g4138.t1	A
rna-XM_056792657.1	A	anno1.g13214.t3	A
rna-XM_056792642.1	A	anno1.g4133.t1	A
rna-XM_056792005.1	A	anno1.g7988.t3	A
rna-XM_056793066.1	A	anno1.g11047.t1	A
rna-XM_056792371.1	A	anno1.g6877.t1	A
rna-XM_056793241.1	A	anno1.g11042.t1	A
rna-XM_056773548.1	A	anno1.g7353.t1	A
rna-XM_056792007.1	A	anno1.g7640.t1	A
rna-XM_056792761.1	A	anno1.g11043.t1	A
rna-XM_056792762.1	A	anno1.g7639.t1	A
rna-XM_056792624.1	A	anno1.g1137.t3	A
rna-XM_056774141.1	A	anno1.g4434.t1	A
rna-XM_056792809.1	A	anno1.g4752.t1	A
rna-XM_056774142.1	A	anno1.g4690.t1	A
rna-XM_056793068.1	A	anno1.g9086.t1	A
rna-XM_056792104.1	A	anno1.g5130.t1	A
rna-XM_056792471.1	A	anno1.g13671.t1	A
rna-XM_056792660.1	A	anno1.g13316.t1	A
rna-XM_056791998.1	A	anno1.g1278.t1	A
rna-XM_056792819.1	A	anno1.g890.t1	A
rna-XM_056793230.1	A	anno1.g7665.t1	A
rna-XM_056792824.1	A	anno1.g3033.t1	A
rna-XM_056774194.1	A	anno1.g8014.t1	A
rna-XM_056792826.1	A	anno1.g13478.t1	A
rna-XM_056792829.1	A	anno1.g9238.t1	A
rna-XM_056774197.1	A	anno1.g10099.t1	A
rna-XM_056774204.1	A	anno1.g8747.t1	A
rna-XM_056774203.1	A	anno1.g9250.t1	A
rna-XM_056774205.1	A	anno1.g604.t1	A
rna-XM_056774206.1	A	anno1.g6255.t1	A
rna-XM_056774210.1	A	anno1.g6256.t2	A
rna-XM_056774216.1	A	anno1.g6125.t1	A
rna-XM_056792832.1	A	anno1.g6124.t1	A
rna-XM_056774217.1	A	anno1.g14235.t1	A
rna-XM_056774219.1	A	anno1.g14231.t1	A
rna-XM_056774218.1	A	anno1.g9111.t1	A
rna-XM_056792833.1	A	anno1.g9096.t1	A
rna-XM_056774221.1	A	anno1.g9095.t1	A
rna-XM_056774220.1	A	anno1.g9110.t2	A
rna-XM_056774222.1	A	anno1.g4386.t1	A
rna-XM_056792797.1	A	anno1.g7239.t1	A
rna-XM_056792747.1	A	anno1.g5899.t1	A
rna-XM_056792086.1	A	anno1.g12275.t1	A
rna-XM_056792087.1	A	anno1.g12273.t1	A
rna-XM_056792089.1	A	anno1.g12272.t1	A
rna-XM_056792519.1	A	anno1.g14246.t2	A
rna-XM_056792311.1	A	anno1.g14249.t4	A
rna-XM_056792310.1	A	anno1.g14247.t1	A
rna-XM_056792892.1	A	anno1.g9585.t2	A
rna-XM_056793063.1	A	anno1.g2718.t1	A
rna-XM_056792284.1	A	anno1.g5891.t1	A
rna-XM_056792305.1	A	anno1.g9098.t1	A
rna-XM_056793092.1	A	anno1.g9097.t1	A
rna-XM_056792903.1	A	anno1.g5754.t1	A
rna-XM_056792274.1	A	anno1.g10759.t1	A
rna-XM_056792275.1	A	anno1.g9458.t2	A
rna-XM_056792844.1	A	anno1.g6525.t1	A
rna-XM_056792402.1	A	anno1.g9241.t4	A
rna-XM_056774237.1	A	anno1.g5837.t3	A
rna-XM_056793030.1	A	anno1.g9764.t1	A
rna-XM_056793031.1	A	anno1.g8783.t1	A
rna-XM_056792537.1	A	anno1.g8784.t1	A
rna-XM_056792532.1	A	anno1.g8869.t1	A
rna-XM_056792535.1	A	anno1.g13961.t1	A
rna-XM_056773593.1	A	anno1.g4716.t2	A
rna-XM_056792689.1	A	anno1.g5595.t1	A
rna-XM_056792690.1	A	anno1.g6707.t1	A
rna-XM_056792525.1	A	anno1.g9534.t1	A
rna-XM_056792784.1	A	anno1.g9531.t1	A
rna-XM_056773830.1	A	anno1.g13043.t1	A
rna-XM_056792253.1	A	anno1.g8228.t1	A
rna-XM_056792313.1	A	anno1.g9530.t1	A
rna-XM_056792151.1	A	anno1.g1243.t1	A
rna-XM_056792152.1	A	anno1.g1240.t1	A
rna-XM_056793010.1	A	anno1.g1241.t2	A
rna-XM_056792798.1	A	anno1.g8219.t1	A
rna-XM_056774165.1	A	anno1.g4965.t1	A
rna-XM_056792623.1	A	anno1.g8172.t1	A
rna-XM_056773853.1	A	anno1.g8167.t1	A
rna-XM_056774021.1	A	anno1.g2328.t1	A
rna-XM_056774024.1	A	anno1.g2333.t1	A
rna-XM_056774026.1	A	anno1.g12457.t1	A
rna-XM_056774027.1	A	anno1.g8222.t1	A
rna-XM_056774028.1	A	anno1.g12395.t2	A
rna-XM_056774031.1	A	anno1.g8221.t1	A
rna-XM_056774033.1	A	anno1.g3007.t1	A
rna-XM_056774036.1	A	anno1.g3005.t1	A
rna-XM_056774040.1	A	anno1.g8314.t1	A
rna-XM_056774044.1	A	anno1.g8351.t1	A
rna-XM_056774038.1	A	anno1.g8350.t1	A
rna-XM_056774045.1	A	anno1.g8313.t1	A
rna-XM_056774046.1	A	anno1.g8311.t1	A
rna-XM_056774049.1	A	anno1.g8215.t1	A
rna-XM_056773856.1	A	anno1.g8214.t1	A
rna-XM_056773858.1	A	anno1.g8212.t1	A
rna-XM_056774051.1	A	anno1.g8209.t3	A
rna-XM_056774054.1	A	anno1.g8211.t1	A
rna-XM_056773860.1	A	anno1.g8208.t1	A
rna-XM_056774057.1	A	anno1.g7977.t1	A
rna-XM_056774058.1	A	anno1.g4104.t1	A
rna-XM_056774059.1	A	anno1.g4431.t5	A
rna-XM_056774063.1	A	anno1.g8880.t1	A
rna-XM_056792139.1	A	anno1.g8145.t1	A
rna-XM_056792138.1	A	anno1.g8070.t1	A
rna-XM_056792140.1	A	anno1.g8620.t1	A
rna-XM_056774183.1	A	anno1.g11901.t1	A
rna-XM_056792517.1	A	anno1.g1869.t1	X
rna-XM_056792393.1	A	anno1.g11902.t3	A
rna-XM_056792396.1	A	anno1.g11903.t1	A
rna-XM_056792473.1	A	anno1.g4591.t1	A
rna-XM_056793130.1	A	anno1.g1256.t2	A
rna-XM_056793135.1	A	anno1.g5445.t1	A
rna-XM_056773955.1	A	anno1.g11740.t1	A
rna-XM_056773956.1	A	anno1.g14163.t2	A
rna-XM_056773835.1	A	anno1.g14162.t1	A
rna-XM_056773838.1	A	anno1.g3661.t1	A
rna-XM_056773841.1	A	anno1.g9650.t1	A
rna-XM_056792197.1	A	anno1.g9651.t1	A
rna-XM_056792407.1	A	anno1.g9648.t1	A
rna-XM_056773861.1	A	anno1.g7079.t1	A
rna-XM_056792281.1	A	anno1.g9498.t1	A
rna-XM_056773862.1	A	anno1.g9413.t1	A
rna-XM_056774078.1	A	anno1.g1339.t1	A
rna-XM_056793058.1	A	anno1.g9501.t1	A
rna-XM_056792710.1	A	anno1.g4152.t1	A
rna-XM_056773814.1	A	anno1.g14171.t1	A
rna-XM_056792672.1	A	anno1.g14169.t1	A
rna-XM_056792740.1	A	anno1.g14167.t1	A
rna-XM_056793015.1	A	anno1.g7152.t2	A
rna-XM_056792090.1	A	anno1.g7154.t1	A
rna-XM_056774159.1	A	anno1.g12783.t2	A
rna-XM_056792922.1	A	anno1.g1538.t2	A
rna-XM_056792921.1	A	anno1.g1537.t1	A
rna-XM_056792358.1	A	anno1.g2698.t1	A
rna-XM_056792872.1	A	anno1.g2699.t1	A
rna-XM_056793018.1	A	anno1.g7978.t1	A
rna-XM_056793020.1	A	anno1.g2752.t1	A
rna-XM_056792653.1	A	anno1.g6981.t1	A
rna-XM_056792656.1	A	anno1.g6980.t1	A
rna-XM_056792652.1	A	anno1.g5532.t1	A
rna-XM_056792170.1	A	anno1.g4893.t1	A
rna-XM_056792171.1	A	anno1.g5796.t1	A
rna-XM_056792387.1	A	anno1.g7872.t1	A
rna-XM_056792143.1	A	anno1.g3799.t1	A
rna-XM_056793117.1	A	anno1.g2745.t1	A
rna-XM_056793116.1	A	anno1.g2694.t1	A
rna-XM_056793110.1	A	anno1.g2695.t1	A
rna-XM_056793109.1	A	anno1.g14120.t1	A
rna-XM_056793118.1	A	anno1.g3798.t1	A
rna-XM_056792308.1	A	anno1.g3797.t1	A
rna-XM_056773741.1	A	anno1.g3796.t1	A
rna-XM_056773734.1	A	anno1.g3795.t1	A
rna-XM_056773833.1	A	anno1.g3793.t1	A
rna-XM_056773865.1	A	anno1.g3791.t1	A
rna-XM_056773866.1	A	anno1.g3788.t1	A
rna-XM_056792325.1	A	anno1.g7385.t1	A
rna-XM_056792003.1	A	anno1.g3273.t1	A
rna-XM_056792775.1	A	anno1.g7864.t1	A
rna-XM_056792067.1	A	anno1.g8798.t1	A
rna-XM_056792069.1	A	anno1.g8797.t1	A
rna-XM_056793247.1	A	anno1.g13315.t1	A
rna-XM_056793246.1	A	anno1.g8697.t1	A
rna-XM_056792682.1	A	anno1.g8774.t1	A
rna-XM_056792649.1	A	anno1.g8773.t3	A
rna-XM_056793090.1	A	anno1.g8943.t1	A
rna-XM_056774247.1	A	anno1.g8737.t2	A
rna-XM_056792252.1	A	anno1.g9982.t1	A
rna-XM_056774156.1	A	anno1.g11279.t1	A
rna-XM_056774152.1	A	anno1.g11244.t1	A
rna-XM_056774153.1	A	anno1.g8944.t1	A
rna-XM_056774149.1	A	anno1.g3660.t1	A
rna-XM_056792277.1	A	anno1.g11210.t1	A
rna-XM_056793221.1	A	anno1.g6051.t1	A
rna-XM_056792392.1	A	anno1.g6081.t1	A
rna-XM_056792671.1	A	anno1.g6052.t1	A
rna-XM_056793242.1	A	anno1.g6853.t1	A
rna-XM_056792037.1	A	anno1.g4791.t1	A
rna-XM_056773867.1	A	anno1.g4790.t1	A
rna-XM_056792736.1	A	anno1.g9753.t1	A
rna-XM_056792270.1	A	anno1.g13432.t3	A
rna-XM_056792557.1	A	anno1.g4796.t1	A
rna-XM_056792555.1	A	anno1.g4794.t1	A
rna-XM_056773871.1	A	anno1.g4101.t1	A
rna-XM_056792038.1	A	anno1.g4792.t1	A
rna-XM_056792578.1	A	anno1.g8291.t3	A
rna-XM_056792820.1	A	anno1.g13656.t1	A
rna-XM_056773872.1	A	anno1.g8234.t1	A
rna-XM_056774175.1	A	anno1.g8235.t1	A
rna-XM_056774176.1	A	anno1.g8236.t1	A
rna-XM_056792895.1	A	anno1.g8250.t1	A
rna-XM_056792897.1	A	anno1.g3986.t1	A
rna-XM_056792615.1	A	anno1.g2873.t1	A
rna-XM_056792062.1	A	anno1.g554.t1	A
rna-XM_056792060.1	A	anno1.g553.t1	A
rna-XM_056792622.1	A	anno1.g12033.t1	A
rna-XM_056774102.1	A	anno1.g10679.t2	A
rna-XM_056774100.1	A	anno1.g1340.t1	A
rna-XM_056774101.1	A	anno1.g10541.t2	A
rna-XM_056774103.1	A	anno1.g12165.t1	A
rna-XM_056774104.1	A	anno1.g12166.t1	A
rna-XM_056774106.1	A	anno1.g4835.t1	A
rna-XM_056774108.1	A	anno1.g453.t2	A
rna-XM_056773873.1	A	anno1.g3715.t1	A
rna-XM_056774110.1	A	anno1.g3690.t1	A
rna-XM_056774109.1	A	anno1.g3689.t1	A
rna-XM_056774116.1	A	anno1.g3663.t1	A
rna-XM_056774119.1	A	anno1.g3664.t2	A
rna-XM_056774118.1	A	anno1.g3665.t1	A
rna-XM_056774121.1	A	anno1.g3666.t1	A
rna-XM_056774124.1	A	anno1.g3667.t3	A
rna-XM_056774117.1	A	anno1.g2910.t1	A
rna-XM_056774126.1	A	anno1.g13967.t1	A
rna-XM_056774128.1	A	anno1.g5544.t1	A
rna-XM_056774127.1	A	anno1.g5543.t1	A
rna-XM_056774131.1	A	anno1.g12596.t1	A
rna-XM_056774129.1	A	anno1.g6914.t1	A
rna-XM_056774167.1	A	anno1.g14295.t2	A
rna-XM_056774173.1	A	anno1.g7255.t1	A
rna-XM_056792980.1	A	anno1.g9965.t1	A
rna-XM_056792567.1	A	anno1.g4665.t1	A
rna-XM_056792542.1	A	anno1.g7150.t1	A
rna-XM_056792544.1	A	anno1.g12327.t1	A
rna-XM_056792807.1	A	anno1.g10758.t2	A
rna-XM_056774251.1	A	anno1.g6969.t5	A
rna-XM_056774252.1	A	anno1.g13965.t1	A
rna-XM_056791943.1	A	anno1.g2852.t3	A
rna-XM_056792107.1	A	anno1.g8965.t2	A
rna-XM_056792110.1	A	anno1.g8950.t1	A
rna-XM_056792106.1	A	anno1.g13742.t1	A
rna-XM_056792108.1	A	anno1.g13741.t1	A
rna-XM_056792581.1	A	anno1.g13186.t1	A
rna-XM_056792589.1	A	anno1.g13188.t1	A
rna-XM_056792631.1	A	anno1.g2696.t1	A
rna-XM_056774082.1	A	anno1.g2697.t1	A
rna-XM_056774080.1	A	anno1.g2700.t1	A
rna-XM_056792397.1	A	anno1.g3691.t1	A
rna-XM_056792854.1	A	anno1.g4833.t1	A
rna-XM_056792499.1	A	anno1.g4652.t1	A
rna-XM_056792500.1	A	anno1.g5755.t1	A
rna-XM_056792505.1	A	anno1.g14816.t1	A
rna-XM_056793202.1	A	anno1.g5747.t1	A
rna-XM_056793204.1	A	anno1.g5846.t1	A
rna-XM_056793205.1	A	anno1.g5845.t1	A
rna-XM_056773592.1	A	anno1.g6630.t1	A
rna-XM_056792389.1	A	anno1.g4261.t1	A
rna-XM_056774158.1	A	anno1.g8049.t4	A
rna-XM_056773808.1	A	anno1.g5472.t1	A
rna-XM_056773812.1	A	anno1.g6526.t1	A
rna-XM_056793212.1	A	anno1.g10129.t1	A
rna-XM_056792847.1	A	anno1.g952.t2	A
rna-XM_056792846.1	A	anno1.g4092.t1	A
rna-XM_056792347.1	A	anno1.g8956.t1	A
rna-XM_056793108.1	A	anno1.g11365.t1	A
rna-XM_056773958.1	A	anno1.g9063.t1	A
rna-XM_056773959.1	A	anno1.g9064.t1	A
rna-XM_056792940.1	A	anno1.g8922.t1	A
rna-XM_056792946.1	A	anno1.g9062.t1	A
rna-XM_056792942.1	A	anno1.g3225.t1	A
rna-XM_056792944.1	A	anno1.g11678.t2	A
rna-XM_056773879.1	A	anno1.g10971.t1	A
rna-XM_056792947.1	A	anno1.g10357.t2	A
rna-XM_056793225.1	A	anno1.g10970.t1	A
rna-XM_056793219.1	A	anno1.g11234.t1	A
rna-XM_056792472.1	A	anno1.g11233.t1	A
rna-XM_056792883.1	A	anno1.g14821.t1	A
rna-XM_056792730.1	A	anno1.g9994.t1	A
rna-XM_056792734.1	A	anno1.g9217.t1	A
rna-XM_056792733.1	A	anno1.g9281.t1	A
rna-XM_056792531.1	A	anno1.g11180.t1	A
rna-XM_056773845.1	A	anno1.g3202.t1	A
rna-XM_056773847.1	A	anno1.g9240.t3	A
rna-XM_056792230.1	A	anno1.g12266.t3	A
rna-XM_056792237.1	A	anno1.g6855.t1	A
rna-XM_056792238.1	A	anno1.g9359.t1	A
rna-XM_056792885.1	A	anno1.g9362.t2	A
rna-XM_056773882.1	A	anno1.g13851.t1	A
rna-XM_056792209.1	A	anno1.g9820.t1	A
rna-XM_056793095.1	A	anno1.g13952.t1	A
rna-XM_056773883.1	A	anno1.g13951.t1	A
rna-XM_056792676.1	A	anno1.g13954.t1	A
rna-XM_056773589.1	A	anno1.g13955.t1	A
rna-XM_056792128.1	A	anno1.g13956.t1	A
rna-XM_056792131.1	A	anno1.g13958.t1	A
rna-XM_056792133.1	A	anno1.g13959.t2	A
rna-XM_056792570.1	A	anno1.g13960.t1	A
rna-XM_056792198.1	A	anno1.g1217.t1	A
rna-XM_056773884.1	A	anno1.g1216.t1	A
rna-XM_056773885.1	A	anno1.g1215.t1	A
rna-XM_056792613.1	A	anno1.g1214.t1	A
rna-XM_056792601.1	A	anno1.g13125.t1	A
rna-XM_056792147.1	A	anno1.g13747.t1	A
rna-XM_056774085.1	A	anno1.g13749.t1	A
rna-XM_056774084.1	A	anno1.g13750.t1	A
rna-XM_056791932.1	A	anno1.g13745.t1	A
rna-XM_056791976.1	A	anno1.g13191.t1	A
rna-XM_056791974.1	A	anno1.g13192.t1	A
rna-XM_056792321.1	A	anno1.g13190.t1	A
rna-XM_056792322.1	A	anno1.g4687.t1	A
rna-XM_056792490.1	A	anno1.g4686.t1	A
rna-XM_056792491.1	A	anno1.g10069.t1	A
rna-XM_056792383.1	A	anno1.g3310.t1	A
rna-XM_056792144.1	A	anno1.g13949.t1	A
rna-XM_056792706.1	A	anno1.g13161.t1	A
rna-XM_056791940.1	A	anno1.g13947.t1	A
rna-XM_056791941.1	A	anno1.g7211.t1	A
rna-XM_056792510.1	A	anno1.g7215.t2	A
rna-XM_056792975.1	A	anno1.g7214.t1	A
rna-XM_056773889.1	A	anno1.g7213.t1	A
rna-XM_056792977.1	A	anno1.g7212.t1	A
rna-XM_056792978.1	A	anno1.g10756.t1	A
rna-XM_056792979.1	A	anno1.g11124.t1	A
rna-XM_056792728.1	A	anno1.g11121.t1	A
rna-XM_056792723.1	A	anno1.g11118.t1	A
rna-XM_056792200.1	A	anno1.g11117.t1	A
rna-XM_056792201.1	A	anno1.g11115.t1	A
rna-XM_056773970.1	A	anno1.g13746.t1	A
rna-XM_056773969.1	A	anno1.g13751.t2	A
rna-XM_056773973.1	A	anno1.g13134.t1	A
rna-XM_056791971.1	A	anno1.g8390.t2	A
rna-XM_056791972.1	A	anno1.g8391.t1	A
rna-XM_056791973.1	A	anno1.g8389.t2	A
rna-XM_056792102.1	A	anno1.g12048.t1	A
rna-XM_056792100.1	A	anno1.g4868.t1	A
rna-XM_056792103.1	A	anno1.g4867.t1	A
rna-XM_056792185.1	A	anno1.g4866.t1	A
rna-XM_056792186.1	A	anno1.g6866.t1	A
rna-XM_056792010.1	A	anno1.g13491.t1	A
rna-XM_056792014.1	A	anno1.g1287.t1	A
rna-XM_056774013.1	A	anno1.g1257.t1	A
rna-XM_056774014.1	A	anno1.g491.t1	A
rna-XM_056774015.1	A	anno1.g8845.t1	A
rna-XM_056774017.1	A	anno1.g4865.t1	A
rna-XM_056774018.1	A	anno1.g1055.t1	A
rna-XM_056774230.1	A	anno1.g14384.t1	A
rna-XM_056774224.1	A	anno1.g4507.t1	A
rna-XM_056774225.1	A	anno1.g10540.t1	A
rna-XM_056792214.1	A	anno1.g4322.t1	A
rna-XM_056792213.1	A	anno1.g2990.t1	A
rna-XM_056792522.1	A	anno1.g3136.t1	A
rna-XM_056774066.1	A	anno1.g10035.t1	A
rna-XM_056774067.1	A	anno1.g3350.t1	A
rna-XM_056792228.1	A	anno1.g11054.t1	A
rna-XM_056792215.1	A	anno1.g7180.t1	A
rna-XM_056773551.1	A	anno1.g10741.t1	A
rna-XM_056793069.1	A	anno1.g7603.t1	A
rna-XM_056773960.1	A	anno1.g10736.t1	A
rna-XM_056791926.1	A	anno1.g5712.t1	A
rna-XM_056792773.1	A	anno1.g9890.t1	A
rna-XM_056773891.1	A	anno1.g9891.t1	A
rna-XM_056791962.1	A	anno1.g12984.t1	A
rna-XM_056791961.1	A	anno1.g13941.t2	A
rna-XM_056791957.1	A	anno1.g5734.t1	A
rna-XM_056792603.1	A	anno1.g1212.t1	A
rna-XM_056793098.1	A	anno1.g1213.t1	A
rna-XM_056773892.1	A	anno1.g691.t1	A
rna-XM_056792116.1	A	anno1.g707.t1	A
rna-XM_056792117.1	A	anno1.g708.t1	A
rna-XM_056792120.1	A	anno1.g573.t1	A
rna-XM_056792122.1	A	anno1.g3286.t1	A
rna-XM_056792123.1	A	anno1.g3284.t1	A
rna-XM_056792118.1	A	anno1.g574.t1	A
rna-XM_056774180.1	A	anno1.g38.t1	A
rna-XM_056774181.1	A	anno1.g1023.t1	A
rna-XM_056792628.1	A	anno1.g9481.t1	A
rna-XM_056792498.1	A	anno1.g628.t1	A
rna-XM_056773980.1	A	anno1.g1022.t1	A
rna-XM_056773983.1	A	anno1.g2866.t1	A
rna-XM_056773982.1	A	anno1.g2029.t1	X
rna-XM_056773985.1	A	anno1.g4503.t1	A
rna-XM_056793249.1	A	anno1.g204.t1	A
rna-XM_056792287.1	A	anno1.g13979.t1	A
rna-XM_056792288.1	A	anno1.g8325.t1	A
rna-XM_056792898.1	A	anno1.g10313.t1	A
rna-XM_056792370.1	A	anno1.g10174.t1	A
rna-XM_056773781.1	A	anno1.g11800.t2	A
rna-XM_056773778.1	A	anno1.g11801.t1	A
rna-XM_056773780.1	A	anno1.g11802.t1	A
rna-XM_056773785.1	A	anno1.g3861.t1	A
rna-XM_056773787.1	A	anno1.g11066.t2	A
rna-XM_056773790.1	A	anno1.g11064.t2	A
rna-XM_056773793.1	A	anno1.g11063.t1	A
rna-XM_056773893.1	A	anno1.g11062.t1	A
rna-XM_056793096.1	A	anno1.g3814.t1	A
rna-XM_056792999.1	A	anno1.g10921.t3	A
rna-XM_056792227.1	A	anno1.g5633.t1	A
rna-XM_056773604.1	A	anno1.g10935.t1	A
rna-XM_056773611.1	A	anno1.g10936.t1	A
rna-XM_056773605.1	A	anno1.g14236.t1	A
rna-XM_056773609.1	A	anno1.g11067.t1	A
rna-XM_056773600.1	A	anno1.g10920.t2	A
rna-XM_056773612.1	A	anno1.g10919.t2	A
rna-XM_056773616.1	A	anno1.g10918.t1	A
rna-XM_056773614.1	A	anno1.g11700.t2	A
rna-XM_056773633.1	A	anno1.g11701.t1	A
rna-XM_056773635.1	A	anno1.g11702.t2	A
rna-XM_056773632.1	A	anno1.g11651.t1	A
rna-XM_056773637.1	A	anno1.g11653.t1	A
rna-XM_056773639.1	A	anno1.g11649.t1	A
rna-XM_056773642.1	A	anno1.g11648.t1	A
rna-XM_056773640.1	A	anno1.g11354.t3	A
rna-XM_056773645.1	A	anno1.g11353.t1	A
rna-XM_056773644.1	A	anno1.g11392.t1	A
rna-XM_056773648.1	A	anno1.g7871.t1	A
rna-XM_056773652.1	A	anno1.g11395.t1	A
rna-XM_056773657.1	A	anno1.g11394.t1	A
rna-XM_056773656.1	A	anno1.g11393.t1	A
rna-XM_056773662.1	A	anno1.g10767.t1	A
rna-XM_056773664.1	A	anno1.g3258.t2	A
rna-XM_056773666.1	A	anno1.g3891.t1	A
rna-XM_056773670.1	A	anno1.g11585.t1	A
rna-XM_056773669.1	A	anno1.g11657.t1	A
rna-XM_056773667.1	A	anno1.g11587.t1	A
rna-XM_056773672.1	A	anno1.g11737.t1	A
rna-XM_056792769.1	A	anno1.g12365.t1	A
rna-XM_056792770.1	A	anno1.g12364.t1	A
rna-XM_056773584.1	A	anno1.g12368.t1	A
rna-XM_056773583.1	A	anno1.g8225.t1	A
rna-XM_056773581.1	A	anno1.g8226.t1	A
rna-XM_056773586.1	A	anno1.g8410.t1	A
rna-XM_056792616.1	A	anno1.g8197.t1	A
rna-XM_056792538.1	A	anno1.g8641.t1	A
rna-XM_056792816.1	A	anno1.g8633.t1	A
rna-XM_056792598.1	A	anno1.g6759.t1	A
rna-XM_056793232.1	A	anno1.g13611.t1	A
rna-XM_056792614.1	A	anno1.g189.t1	A
rna-XM_056773800.1	A	anno1.g190.t1	A
rna-XM_056773802.1	A	anno1.g191.t1	A
rna-XM_056773806.1	A	anno1.g192.t1	A
rna-XM_056773807.1	A	anno1.g11039.t1	A
rna-XM_056792804.1	A	anno1.g7058.t1	A
rna-XM_056773944.1	A	anno1.g14175.t1	A
rna-XM_056792855.1	A	anno1.g1029.t1	A
rna-XM_056774001.1	A	anno1.g4371.t1	A
rna-XM_056774010.1	A	anno1.g9476.t1	A
rna-XM_056774002.1	A	anno1.g9477.t2	A
rna-XM_056792474.1	A	anno1.g8035.t1	A
rna-XM_056793138.1	A	anno1.g8650.t1	A
rna-XM_056792566.1	A	anno1.g6412.t1	A
rna-XM_056773898.1	A	anno1.g11453.t1	A
rna-XM_056792915.1	A	anno1.g10278.t1	A
rna-XM_056773673.1	A	anno1.g3215.t1	A
rna-XM_056792352.1	A	anno1.g10298.t1	A
rna-XM_056774231.1	A	anno1.g10300.t1	A
rna-XM_056792182.1	A	anno1.g12930.t1	A
rna-XM_056792323.1	A	anno1.g8349.t1	A
rna-XM_056792635.1	A	anno1.g10704.t1	A
rna-XM_056792289.1	A	anno1.g11177.t1	A
rna-XM_056792294.1	A	anno1.g10734.t2	A
rna-XM_056792817.1	A	anno1.g10732.t1	A
rna-XM_056792509.1	A	anno1.g10733.t1	A
rna-XM_056792208.1	A	anno1.g8100.t4	A
rna-XM_056791952.1	A	anno1.g8204.t1	A
rna-XM_056791953.1	A	anno1.g1295.t2	A
rna-XM_056791954.1	A	anno1.g10360.t1	A
rna-XM_056791956.1	A	anno1.g515.t2	A
rna-XM_056792111.1	A	anno1.g2283.t1	A
rna-XM_056792864.1	A	anno1.g2272.t3	A
rna-XM_056792867.1	A	anno1.g3827.t1	A
rna-XM_056792753.1	A	anno1.g9662.t1	A
rna-XM_056792751.1	A	anno1.g8754.t1	A
rna-XM_056792758.1	A	anno1.g2887.t1	A
rna-XM_056792757.1	A	anno1.g13772.t1	A
rna-XM_056792875.1	A	anno1.g12200.t2	A
rna-XM_056792561.1	A	anno1.g1987.t1	X
rna-XM_056792560.1	A	anno1.g7063.t1	A
rna-XM_056792551.1	A	anno1.g5949.t2	A
rna-XM_056793209.1	A	anno1.g5951.t1	A
rna-XM_056793210.1	A	anno1.g5950.t1	A
rna-XM_056792317.1	A	anno1.g5749.t1	A
rna-XM_056773754.1	A	anno1.g4668.t2	A
rna-XM_056773751.1	A	anno1.g4508.t1	A
rna-XM_056773549.1	A	anno1.g4509.t1	A
rna-XM_056792831.1	A	anno1.g7455.t1	A
rna-XM_056792223.1	A	anno1.g5596.t1	A
rna-XM_056792955.1	A	anno1.g5808.t1	A
rna-XM_056792960.1	A	anno1.g11145.t2	A
rna-XM_056792958.1	A	anno1.g11140.t3	A
rna-XM_056792962.1	A	anno1.g11658.t1	A
rna-XM_056773574.1	A	anno1.g11146.t1	A
rna-XM_056773998.1	A	anno1.g5716.t1	A
rna-XM_056792781.1	A	anno1.g4696.t2	A
rna-XM_056792258.1	A	anno1.g9209.t1	A
rna-XM_056792239.1	A	anno1.g8725.t1	A
rna-XM_056774177.1	A	anno1.g4193.t1	A
rna-XM_056773819.1	A	anno1.g13603.t2	A
rna-XM_056773820.1	A	anno1.g13604.t1	A
rna-XM_056773822.1	A	anno1.g13605.t1	A
rna-XM_056792478.1	A	anno1.g614.t1	A
rna-XM_056792359.1	A	anno1.g12501.t1	A
rna-XM_056792739.1	A	anno1.g7515.t1	A
rna-XM_056774133.1	A	anno1.g1229.t4	A
rna-XM_056792172.1	A	anno1.g7891.t1	A
rna-XM_056792546.1	A	anno1.g929.t1	A
rna-XM_056792240.1	A	anno1.g961.t1	A
rna-XM_056792246.1	A	anno1.g960.t1	A
rna-XM_056792374.1	A	anno1.g947.t1	A
rna-XM_056773912.1	A	anno1.g945.t1	A
rna-XM_056773694.1	A	anno1.g937.t1	A
rna-XM_056792700.1	A	anno1.g938.t1	A
rna-XM_056792008.1	A	anno1.g941.t1	A
rna-XM_056792968.1	A	anno1.g2331.t1	A
rna-XM_056792250.1	A	anno1.g2329.t1	A
rna-XM_056773691.1	A	anno1.g2324.t2	A
rna-XM_056773693.1	A	anno1.g2271.t1	A
rna-XM_056792766.1	A	anno1.g5766.t1	A
rna-XM_056774087.1	A	anno1.g5840.t2	A
rna-XM_056774089.1	A	anno1.g9971.t1	A
rna-XM_056774091.1	A	anno1.g5838.t1	A
rna-XM_056774090.1	A	anno1.g13714.t1	A
rna-XM_056774088.1	A	anno1.g1875.t1	X
rna-XM_056792141.1	A	anno1.g239.t1	A
rna-XM_056792857.1	A	anno1.g238.t1	A
rna-XM_056792742.1	A	anno1.g237.t1	A
rna-XM_056792743.1	A	anno1.g1628.t1	A
rna-XM_056792744.1	A	anno1.g1640.t1	A
rna-XM_056791977.1	A	anno1.g1626.t1	A
rna-XM_056791981.1	A	anno1.g65.t1	A
rna-XM_056791979.1	A	anno1.g1446.t1	A
rna-XM_056773767.1	A	anno1.g1447.t2	A
rna-XM_056773766.1	A	anno1.g1448.t2	A
rna-XM_056773776.1	A	anno1.g12553.t1	A
rna-XM_056773769.1	A	anno1.g4715.t1	A
rna-XM_056773775.1	A	anno1.g6316.t1	A
rna-XM_056792207.1	A	anno1.g2663.t1	A
rna-XM_056792202.1	A	anno1.g13607.t1	A
rna-XM_056792932.1	A	anno1.g13608.t1	A
rna-XM_056792929.1	A	anno1.g13920.t1	A
rna-XM_056793199.1	A	anno1.g13880.t1	A
rna-XM_056793201.1	A	anno1.g2270.t1	A
rna-XM_056774248.1	A	anno1.g9807.t1	A
rna-XM_056774249.1	A	anno1.g9617.t1	A
rna-XM_056773914.1	A	anno1.g9616.t1	A
rna-XM_056773915.1	A	anno1.g1442.t1	A
rna-XM_056793021.1	A	anno1.g1443.t3	A
rna-XM_056792664.1	A	anno1.g12276.t1	A
rna-XM_056792382.1	A	anno1.g9943.t1	A
rna-XM_056793223.1	A	anno1.g11597.t1	A
rna-XM_056792600.1	A	anno1.g11598.t1	A
rna-XM_056773916.1	A	anno1.g11601.t1	A
rna-XM_056793049.1	A	anno1.g11590.t2	A
rna-XM_056793055.1	A	anno1.g11591.t1	A
rna-XM_056793035.1	A	anno1.g7959.t1	A
rna-XM_056793052.1	A	anno1.g11017.t2	A
rna-XM_056793045.1	A	anno1.g7955.t1	A
rna-XM_056793040.1	A	anno1.g11589.t1	A
rna-XM_056773923.1	A	anno1.g11593.t1	A
rna-XM_056792714.1	A	anno1.g10856.t1	A
rna-XM_056792715.1	A	anno1.g11596.t1	A
rna-XM_056792562.1	A	anno1.g14475.t1	A
rna-XM_056773742.1	A	anno1.g5826.t1	A
rna-XM_056773743.1	A	anno1.g11171.t1	A
rna-XM_056773745.1	A	anno1.g11170.t1	A
rna-XM_056773746.1	A	anno1.g11169.t2	A
rna-XM_056792495.1	A	anno1.g9374.t2	A
rna-XM_056792963.1	A	anno1.g11160.t1	A
rna-XM_056793062.1	A	anno1.g11161.t1	A
rna-XM_056793244.1	A	anno1.g11164.t1	A
rna-XM_056792604.1	A	anno1.g11168.t1	A
rna-XM_056792608.1	A	anno1.g14423.t1	A
rna-XM_056792346.1	A	anno1.g14422.t1	A
rna-XM_056793146.1	A	anno1.g7782.t1	A
rna-XM_056773927.1	A	anno1.g7783.t1	A
rna-XM_056793147.1	A	anno1.g768.t1	A
rna-XM_056793150.1	A	anno1.g12995.t3	A
rna-XM_056793154.1	A	anno1.g12725.t1	A
rna-XM_056793153.1	A	anno1.g14838.t2	A
rna-XM_056793156.1	A	anno1.g2334.t1	A
rna-XM_056793155.1	A	anno1.g2335.t1	A
rna-XM_056793158.1	A	anno1.g3677.t1	A
rna-XM_056793163.1	A	anno1.g1571.t1	A
rna-XM_056793162.1	A	anno1.g12720.t2	A
rna-XM_056793159.1	A	anno1.g13939.t3	A
rna-XM_056793161.1	A	anno1.g7742.t1	A
rna-XM_056793160.1	A	anno1.g12320.t1	A
rna-XM_056793165.1	A	anno1.g12321.t1	A
rna-XM_056793181.1	A	anno1.g12719.t1	A
rna-XM_056793166.1	A	anno1.g7488.t1	A
rna-XM_056793169.1	A	anno1.g7487.t1	A
rna-XM_056793175.1	A	anno1.g7490.t1	A
rna-XM_056793171.1	A	anno1.g7491.t1	A
rna-XM_056793179.1	A	anno1.g7495.t1	A
rna-XM_056793168.1	A	anno1.g7734.t1	A
rna-XM_056793183.1	A	anno1.g7733.t1	A
rna-XM_056793185.1	A	anno1.g7731.t1	A
rna-XM_056793194.1	A	anno1.g7478.t1	A
rna-XM_056793193.1	A	anno1.g11672.t1	A
rna-XM_056793192.1	A	anno1.g11673.t1	A
rna-XM_056793186.1	A	anno1.g11436.t1	A
rna-XM_056793195.1	A	anno1.g11440.t2	A
rna-XM_056774163.1	A	anno1.g13838.t1	A
rna-XM_056774162.1	A	anno1.g12326.t1	A
rna-XM_056792851.1	A	anno1.g12315.t1	A
rna-XM_056792850.1	A	anno1.g11618.t1	A
rna-XM_056792849.1	A	anno1.g11617.t1	A
rna-XM_056792591.1	A	anno1.g11680.t1	A
rna-XM_056792595.1	A	anno1.g13177.t1	A
rna-XM_056792159.1	A	anno1.g2767.t1	A
rna-XM_056792154.1	A	anno1.g7727.t1	A
rna-XM_056792158.1	A	anno1.g2762.t2	A
rna-XM_056792153.1	A	anno1.g2761.t1	A
rna-XM_056773928.1	A	anno1.g2760.t1	A
rna-XM_056773930.1	A	anno1.g2758.t1	A
rna-XM_056773933.1	A	anno1.g2757.t1	A
rna-XM_056792155.1	A	anno1.g2755.t1	A
rna-XM_056792161.1	A	anno1.g2754.t1	A
rna-XM_056792638.1	A	anno1.g2751.t2	A
rna-XM_056792909.1	A	anno1.g2775.t1	A
rna-XM_056792145.1	A	anno1.g2776.t1	A
rna-XM_056792146.1	A	anno1.g2777.t1	A
rna-XM_056792634.1	A	anno1.g2778.t1	A
rna-XM_056792720.1	A	anno1.g7311.t1	A
rna-XM_056792620.1	A	anno1.g13324.t2	A
rna-XM_056792619.1	A	anno1.g13325.t1	A
rna-XM_056773827.1	A	anno1.g7477.t1	A
rna-XM_056773829.1	A	anno1.g7390.t1	A
rna-XM_056773828.1	A	anno1.g7391.t1	A
rna-XM_056793217.1	A	anno1.g3501.t1	A
rna-XM_056791986.1	A	anno1.g3457.t1	A
rna-XM_056791983.1	A	anno1.g12208.t1	A
rna-XM_056791985.1	A	anno1.g11559.t1	A
rna-XM_056791984.1	A	anno1.g3061.t1	A
rna-XM_056792361.1	A	anno1.g14158.t1	A
rna-XM_056774178.1	A	anno1.g10720.t1	A
rna-XM_056792675.1	A	anno1.g1449.t1	A
rna-XM_056792568.1	A	anno1.g12206.t1	A
rna-XM_056773696.1	A	anno1.g3066.t4	A
rna-XM_056773726.1	A	anno1.g7082.t1	A
rna-XM_056773732.1	A	anno1.g11619.t1	A
rna-XM_056793077.1	A	anno1.g11620.t1	A
rna-XM_056793079.1	A	anno1.g11626.t1	A
rna-XM_056793081.1	A	anno1.g11627.t2	A
rna-XM_056793082.1	A	anno1.g11628.t1	A
rna-XM_056793078.1	A	anno1.g10857.t1	A
rna-XM_056793085.1	A	anno1.g11647.t1	A
rna-XM_056793083.1	A	anno1.g11644.t1	A
rna-XM_056792408.1	A	anno1.g11643.t2	A
rna-XM_056792421.1	A	anno1.g826.t1	A
rna-XM_056792422.1	A	anno1.g5730.t1	A
rna-XM_056792423.1	A	anno1.g5378.t1	A
rna-XM_056792428.1	A	anno1.g2817.t1	A
rna-XM_056792426.1	A	anno1.g2818.t2	A
rna-XM_056792430.1	A	anno1.g2816.t1	A
rna-XM_056792441.1	A	anno1.g13878.t1	A
rna-XM_056792449.1	A	anno1.g13899.t2	A
rna-XM_056792455.1	A	anno1.g2981.t2	A
rna-XM_056792457.1	A	anno1.g7648.t1	A
rna-XM_056792452.1	A	anno1.g13167.t1	A
rna-XM_056792456.1	A	anno1.g864.t1	A
rna-XM_056792450.1	A	anno1.g869.t1	A
rna-XM_056792462.1	A	anno1.g875.t1	A
rna-XM_056792464.1	A	anno1.g12988.t3	A
rna-XM_056793102.1	A	anno1.g12989.t1	A
rna-XM_056773936.1	A	anno1.g12992.t1	A
rna-XM_056792920.1	A	anno1.g12998.t1	A
rna-XM_056792917.1	A	anno1.g12993.t1	A
rna-XM_056791933.1	A	anno1.g7781.t2	A
rna-XM_056792489.1	A	anno1.g180.t1	A
rna-XM_056791995.1	A	anno1.g7779.t1	A
rna-XM_056791992.1	A	anno1.g1275.t1	A
rna-XM_056791997.1	A	anno1.g1276.t1	A
rna-XM_056792259.1	A	anno1.g39.t2	A
rna-XM_056792261.1	A	anno1.g40.t1	A
rna-XM_056792260.1	A	anno1.g4847.t1	A
rna-XM_056792262.1	A	anno1.g11409.t1	A
rna-XM_056792265.1	A	anno1.g10379.t1	A
rna-XM_056792263.1	A	anno1.g11411.t2	A
rna-XM_056792268.1	A	anno1.g11410.t1	A
rna-XM_056792267.1	A	anno1.g8646.t1	A
rna-XM_056792269.1	A	anno1.g8647.t1	A
rna-XM_056792952.1	A	anno1.g3257.t1	A
rna-XM_056792953.1	A	anno1.g12868.t1	A
rna-XM_056793014.1	A	anno1.g4409.t2	A
rna-XM_056792825.1	A	anno1.g12869.t1	A
rna-XM_056773674.1	A	anno1.g12870.t1	A
rna-XM_056773682.1	A	anno1.g12872.t1	A
rna-XM_056773684.1	A	anno1.g12996.t1	A
rna-XM_056774143.1	A	anno1.g12316.t1	A
rna-XM_056774145.1	A	anno1.g12743.t1	A
rna-XM_056774144.1	A	anno1.g12740.t1	A
rna-XM_056774147.1	A	anno1.g12742.t3	A
rna-XM_056773596.1	A	anno1.g12746.t1	A
rna-XM_056773594.1	A	anno1.g12747.t1	A
rna-XM_056773598.1	A	anno1.g12737.t1	A
rna-XM_056773991.1	A	anno1.g12745.t2	A
rna-XM_056773988.1	A	anno1.g12722.t1	A
rna-XM_056773986.1	A	anno1.g12724.t3	A
rna-XM_056793129.1	A	anno1.g5173.t1	A
rna-XM_056773938.1	A	anno1.g4598.t1	A
rna-XM_056792839.1	A	anno1.g6082.t1	A
rna-XM_056773941.1	A	anno1.g6087.t2	A
rna-XM_056792381.1	A	anno1.g7108.t1	A
rna-XM_056773756.1	A	anno1.g7109.t1	A
rna-XM_056773762.1	A	anno1.g7110.t1	A
rna-XM_056773761.1	A	anno1.g7111.t1	A
rna-XM_056773759.1	A	anno1.g7112.t1	A
rna-XM_056773763.1	A	anno1.g14202.t1	A
rna-XM_056792085.1	A	anno1.g7328.t1	A
rna-XM_056791990.1	A	anno1.g10080.t1	A
rna-XM_056791991.1	A	anno1.g8925.t1	A
rna-XM_056791988.1	A	anno1.g8902.t2	A
rna-XM_056773823.1	A	anno1.g8900.t1	A
rna-XM_056773826.1	A	anno1.g8928.t1	A
rna-XM_056773825.1	A	anno1.g6837.t1	A
rna-XM_056792796.1	A	anno1.g6838.t1	A
rna-XM_056792683.1	A	anno1.g6839.t3	A
rna-XM_056792687.1	A	anno1.g6840.t1	A
rna-XM_056792859.1	A	anno1.g6844.t1	A
rna-XM_056792368.1	A	anno1.g7145.t3	A
rna-XM_056792984.1	A	anno1.g6830.t1	A
rna-XM_056792986.1	A	anno1.g6833.t1	A
rna-XM_056792314.1	A	anno1.g6845.t1	A
rna-XM_056792315.1	A	anno1.g6825.t1	A
rna-XM_056792987.1	A	anno1.g6826.t1	A
rna-XM_056792990.1	A	anno1.g6230.t1	A
rna-XM_056792995.1	A	anno1.g737.t1	A
rna-XM_056792996.1	A	anno1.g12502.t1	A
rna-XM_056792993.1	A	anno1.g12519.t1	A
rna-XM_056792297.1	A	anno1.g12473.t1	A
rna-XM_056792298.1	A	anno1.g12474.t1	A
rna-XM_056792301.1	A	anno1.g6856.t1	A
rna-XM_056792166.1	A	anno1.g6854.t1	A
rna-XM_056792907.1	A	anno1.g730.t1	A
rna-XM_056792908.1	A	anno1.g12270.t1	A
rna-XM_056792926.1	A	anno1.g4786.t1	A
rna-XM_056792927.1	A	anno1.g14237.t1	A
rna-XM_056792076.1	A	anno1.g5898.t1	A
rna-XM_056792074.1	A	anno1.g9805.t1	A
rna-XM_056792072.1	A	anno1.g4219.t1	A
rna-XM_056792403.1	A	anno1.g8751.t1	A
rna-XM_056773946.1	A	anno1.g12458.t1	A
rna-XM_056773949.1	A	anno1.g9239.t1	A
rna-XM_056792326.1	A	anno1.g12503.t1	A
rna-XM_056793076.1	A	anno1.g9657.t1	A
rna-XM_056792645.1	A	anno1.g14137.t2	A
rna-XM_056792646.1	A	anno1.g6222.t1	A
rna-XM_056792905.1	A	anno1.g13391.t1	A
rna-XM_056792906.1	A	anno1.g7197.t2	A
rna-XM_056774072.1	A	anno1.g12420.t1	A
rna-XM_056774073.1	A	anno1.g9654.t1	A
rna-XM_056774071.1	A	anno1.g2780.t2	A
rna-XM_056774068.1	A	anno1.g14227.t4	A
rna-XM_056774092.1	A	anno1.g13392.t1	A
rna-XM_056774098.1	A	anno1.g9656.t1	A
rna-XM_056774096.1	A	anno1.g13393.t1	A
rna-XM_056792319.1	A	anno1.g14226.t1	A
rna-XM_056792640.1	A	anno1.g5897.t1	A
rna-XM_056792641.1	A	anno1.g5895.t1	A
rna-XM_056791964.1	A	anno1.g5900.t1	A
rna-XM_056791965.1	A	anno1.g9655.t2	A
rna-XM_056791968.1	A	anno1.g6638.t2	A
rna-XM_056776052.1	A	anno1.g5240.t1	A
rna-XM_056776056.1	A	anno1.g5692.t1	A
rna-XM_056776062.1	A	anno1.g4222.t1	A
rna-XM_056776066.1	A	anno1.g6869.t1	A
rna-XM_056775116.1	A	anno1.g6868.t1	A
rna-XM_056775264.1	A	anno1.g3649.t1	A
rna-XM_056774487.1	A	anno1.g6867.t2	A
rna-XM_056775143.1	A	anno1.g6967.t1	A
rna-XM_056775096.1	A	anno1.g6965.t1	A
rna-XM_056775082.1	A	anno1.g6964.t2	A
rna-XM_056775086.1	A	anno1.g6963.t1	A
rna-XM_056775087.1	A	anno1.g7281.t1	A
rna-XM_056774878.1	A	anno1.g9353.t2	A
rna-XM_056774509.1	A	anno1.g7280.t1	A
rna-XM_056774360.1	A	anno1.g14622.t2	A
rna-XM_056775597.1	A	anno1.g7258.t1	A
rna-XM_056775596.1	A	anno1.g7259.t1	A
rna-XM_056775595.1	A	anno1.g7260.t2	A
rna-XM_056774729.1	A	anno1.g5651.t1	A
rna-XM_056774730.1	A	anno1.g5689.t1	A
rna-XM_056775584.1	A	anno1.g5695.t3	A
rna-XM_056775034.1	A	anno1.g13309.t1	A
rna-XM_056774812.1	A	anno1.g13717.t1	A
rna-XM_056775212.1	A	anno1.g8863.t1	A
rna-XM_056775033.1	A	anno1.g13715.t1	A
rna-XM_056775032.1	A	anno1.g2548.t1	A
rna-XM_056775337.1	A	anno1.g10105.t2	A
rna-XM_056774859.1	A	anno1.g13716.t1	A
rna-XM_056775608.1	A	anno1.g13813.t1	A
rna-XM_056775386.1	A	anno1.g13726.t1	A
rna-XM_056776320.1	A	anno1.g13725.t3	A
rna-XM_056774970.1	A	anno1.g13723.t1	A
rna-XM_056775379.1	A	anno1.g13719.t1	A
rna-XM_056774762.1	A	anno1.g5247.t1	A
rna-XM_056774761.1	A	anno1.g5657.t1	A
rna-XM_056775184.1	A	anno1.g5654.t1	A
rna-XM_056775185.1	A	anno1.g10891.t1	A
rna-XM_056775089.1	A	anno1.g13865.t1	A
rna-XM_056775088.1	A	anno1.g10592.t2	A
rna-XM_056775285.1	A	anno1.g4231.t1	A
rna-XM_056776265.1	A	anno1.g4234.t1	A
rna-XM_056776250.1	A	anno1.g4233.t3	A
rna-XM_056776257.1	A	anno1.g4235.t2	A
rna-XM_056776254.1	A	anno1.g11929.t1	A
rna-XM_056776259.1	A	anno1.g13848.t1	A
rna-XM_056775210.1	A	anno1.g13237.t2	A
rna-XM_056774964.1	A	anno1.g13864.t2	A
rna-XM_056774941.1	A	anno1.g13720.t1	A
rna-XM_056774943.1	A	anno1.g7836.t1	A
rna-XM_056774945.1	A	anno1.g11537.t1	A
rna-XM_056774938.1	A	anno1.g9509.t1	A
rna-XM_056775381.1	A	anno1.g9508.t1	A
rna-XM_056774350.1	A	anno1.g13321.t1	A
rna-XM_056774359.1	A	anno1.g14126.t1	A
rna-XM_056774357.1	A	anno1.g1416.t2	A
rna-XM_056774355.1	A	anno1.g8374.t1	A
rna-XM_056774818.1	A	anno1.g9454.t1	A
rna-XM_056775301.1	A	anno1.g2719.t1	A
rna-XM_056776196.1	A	anno1.g13857.t1	A
rna-XM_056775259.1	A	anno1.g4670.t1	A
rna-XM_056774976.1	A	anno1.g4669.t1	A
rna-XM_056774982.1	A	anno1.g4671.t1	A
rna-XM_056774984.1	A	anno1.g10008.t2	A
rna-XM_056775055.1	A	anno1.g13202.t1	A
rna-XM_056775064.1	A	anno1.g13198.t1	A
rna-XM_056775050.1	A	anno1.g2884.t1	A
rna-XM_056775062.1	A	anno1.g13197.t2	A
rna-XM_056775061.1	A	anno1.g4985.t1	A
rna-XM_056775070.1	A	anno1.g10517.t2	A
rna-XM_056775071.1	A	anno1.g10516.t2	A
rna-XM_056775078.1	A	anno1.g10514.t1	A
rna-XM_056775339.1	A	anno1.g10507.t2	A
rna-XM_056775172.1	A	anno1.g10510.t1	A
rna-XM_056775762.1	A	anno1.g10511.t2	A
rna-XM_056775764.1	A	anno1.g10513.t1	A
rna-XM_056775752.1	A	anno1.g10543.t2	A
rna-XM_056775585.1	A	anno1.g14394.t1	A
rna-XM_056775594.1	A	anno1.g2996.t1	A
rna-XM_056775591.1	A	anno1.g2991.t1	A
rna-XM_056775256.1	A	anno1.g2989.t2	A
rna-XM_056775253.1	A	anno1.g2988.t1	A
rna-XM_056774903.1	A	anno1.g2987.t1	A
rna-XM_056775299.1	A	anno1.g9814.t1	A
rna-XM_056774975.1	A	anno1.g9315.t1	A
rna-XM_056775117.1	A	anno1.g9313.t1	A
rna-XM_056775168.1	A	anno1.g9610.t1	A
rna-XM_056774974.1	A	anno1.g9609.t1	A
rna-XM_056775211.1	A	anno1.g9608.t1	A
rna-XM_056774821.1	A	anno1.g9607.t1	A
rna-XM_056774736.1	A	anno1.g12414.t1	A
rna-XM_056775418.1	A	anno1.g9606.t1	A
rna-XM_056775615.1	A	anno1.g9605.t1	A
rna-XM_056775319.1	A	anno1.g7080.t1	A
rna-XM_056774771.1	A	anno1.g5649.t1	A
rna-XM_056774772.1	A	anno1.g5807.t1	A
rna-XM_056774779.1	A	anno1.g4314.t1	A
rna-XM_056775248.1	A	anno1.g11209.t1	A
rna-XM_056774531.1	A	anno1.g5581.t1	A
rna-XM_056774265.1	A	anno1.g13684.t1	A
rna-XM_056775315.1	A	anno1.g1255.t1	A
rna-XM_056775169.1	A	anno1.g1184.t1	A
rna-XM_056776323.1	A	anno1.g7599.t1	A
rna-XM_056776325.1	A	anno1.g9147.t3	A
rna-XM_056776238.1	A	anno1.g1228.t1	A
rna-XM_056775344.1	A	anno1.g656.t2	A
rna-XM_056776096.1	A	anno1.g784.t1	A
rna-XM_056776097.1	A	anno1.g12732.t2	A
rna-XM_056774793.1	A	anno1.g6004.t1	A
rna-XM_056774796.1	A	anno1.g6005.t1	A
rna-XM_056774809.1	A	anno1.g3674.t1	A
rna-XM_056776270.1	A	anno1.g13470.t1	A
rna-XM_056776275.1	A	anno1.g6009.t1	A
rna-XM_056775258.1	A	anno1.g362.t1	A
rna-XM_056774831.1	A	anno1.g9949.t1	A
rna-XM_056774767.1	A	anno1.g13620.t1	A
rna-XM_056774819.1	A	anno1.g1100.t2	A
rna-XM_056774839.1	A	anno1.g9766.t1	A
rna-XM_056774963.1	A	anno1.g7904.t1	A
rna-XM_056774384.1	A	anno1.g8099.t1	A
rna-XM_056774389.1	A	anno1.g12610.t1	A
rna-XM_056774392.1	A	anno1.g1619.t1	A
rna-XM_056774394.1	A	anno1.g4035.t1	A
rna-XM_056774398.1	A	anno1.g7760.t2	A
rna-XM_056774407.1	A	anno1.g13676.t1	A
rna-XM_056774400.1	A	anno1.g7749.t1	A
rna-XM_056774768.1	A	anno1.g3978.t1	A
rna-XM_056776047.1	A	anno1.g6983.t1	A
rna-XM_056776051.1	A	anno1.g6982.t1	A
rna-XM_056774505.1	A	anno1.g2279.t2	A
rna-XM_056774488.1	A	anno1.g2541.t1	A
rna-XM_056774870.1	A	anno1.g8115.t2	A
rna-XM_056774872.1	A	anno1.g8116.t1	A
rna-XM_056775649.1	A	anno1.g14638.t2	A
rna-XM_056775921.1	A	anno1.g3573.t1	A
rna-XM_056775924.1	A	anno1.g12728.t1	A
rna-XM_056775927.1	A	anno1.g719.t1	A
rna-XM_056775926.1	A	anno1.g3572.t1	A
rna-XM_056775932.1	A	anno1.g2654.t1	A
rna-XM_056775933.1	A	anno1.g8602.t1	A
rna-XM_056775930.1	A	anno1.g8603.t1	A
rna-XM_056775928.1	A	anno1.g8549.t1	A
rna-XM_056775934.1	A	anno1.g8548.t1	A
rna-XM_056775936.1	A	anno1.g8547.t1	A
rna-XM_056775935.1	A	anno1.g8546.t1	A
rna-XM_056775937.1	A	anno1.g10180.t1	A
rna-XM_056775938.1	A	anno1.g10177.t1	A
rna-XM_056775939.1	A	anno1.g2379.t1	A
rna-XM_056775941.1	A	anno1.g10651.t1	A
rna-XM_056775943.1	A	anno1.g10650.t1	A
rna-XM_056775948.1	A	anno1.g3198.t1	A
rna-XM_056775947.1	A	anno1.g13544.t1	A
rna-XM_056775944.1	A	anno1.g9425.t1	A
rna-XM_056775945.1	A	anno1.g10110.t1	A
rna-XM_056775949.1	A	anno1.g3786.t1	A
rna-XM_056775453.1	A	anno1.g3787.t1	A
rna-XM_056775957.1	A	anno1.g8613.t1	A
rna-XM_056775959.1	A	anno1.g479.t1	A
rna-XM_056775960.1	A	anno1.g813.t1	A
rna-XM_056775964.1	A	anno1.g8618.t2	A
rna-XM_056775961.1	A	anno1.g542.t1	A
rna-XM_056775458.1	A	anno1.g12498.t1	A
rna-XM_056775387.1	A	anno1.g9666.t1	A
rna-XM_056776067.1	A	anno1.g7752.t1	A
rna-XM_056776068.1	A	anno1.g7017.t1	A
rna-XM_056775769.1	A	anno1.g10630.t7	A
rna-XM_056775777.1	A	anno1.g10631.t1	A
rna-XM_056775782.1	A	anno1.g3012.t1	A
rna-XM_056775783.1	A	anno1.g3878.t1	A
rna-XM_056775391.1	A	anno1.g3015.t1	A
rna-XM_056775643.1	A	anno1.g3014.t1	A
rna-XM_056775641.1	A	anno1.g3013.t2	A
rna-XM_056775106.1	A	anno1.g3016.t1	A
rna-XM_056775109.1	A	anno1.g3017.t1	A
rna-XM_056775104.1	A	anno1.g3018.t1	A
rna-XM_056775289.1	A	anno1.g3019.t1	A
rna-XM_056774507.1	A	anno1.g3020.t1	A
rna-XM_056774678.1	A	anno1.g3021.t1	A
rna-XM_056774680.1	A	anno1.g3024.t1	A
rna-XM_056775192.1	A	anno1.g2630.t1	A
rna-XM_056775886.1	A	anno1.g2632.t2	A
rna-XM_056774775.1	A	anno1.g14798.t1	A
rna-XM_056774776.1	A	anno1.g2345.t1	A
rna-XM_056775099.1	A	anno1.g2343.t1	A
rna-XM_056775098.1	A	anno1.g3201.t1	A
rna-XM_056775466.1	A	anno1.g4074.t1	A
rna-XM_056775236.1	A	anno1.g9755.t1	A
rna-XM_056775237.1	A	anno1.g9754.t2	A
rna-XM_056774886.1	A	anno1.g9756.t1	A
rna-XM_056775467.1	A	anno1.g9752.t1	A
rna-XM_056775796.1	A	anno1.g2572.t1	A
rna-XM_056775800.1	A	anno1.g2571.t1	A
rna-XM_056775802.1	A	anno1.g2376.t1	A
rna-XM_056774891.1	A	anno1.g3680.t1	A
rna-XM_056774889.1	A	anno1.g3239.t2	A
rna-XM_056774890.1	A	anno1.g3240.t1	A
rna-XM_056774529.1	A	anno1.g3242.t1	A
rna-XM_056775471.1	A	anno1.g6057.t2	A
rna-XM_056775472.1	A	anno1.g6059.t1	A
rna-XM_056775473.1	A	anno1.g6060.t1	A
rna-XM_056775255.1	A	anno1.g6064.t2	A
rna-XM_056775166.1	A	anno1.g6068.t1	A
rna-XM_056775163.1	A	anno1.g10922.t1	A
rna-XM_056774920.1	A	anno1.g6069.t1	A
rna-XM_056775628.1	A	anno1.g6070.t1	A
rna-XM_056774948.1	A	anno1.g6071.t3	A
rna-XM_056775262.1	A	anno1.g6072.t1	A
rna-XM_056775970.1	A	anno1.g6075.t1	A
rna-XM_056775972.1	A	anno1.g11213.t1	A
rna-XM_056775978.1	A	anno1.g5490.t1	A
rna-XM_056775982.1	A	anno1.g5483.t1	A
rna-XM_056775986.1	A	anno1.g5485.t1	A
rna-XM_056775989.1	A	anno1.g2416.t1	A
rna-XM_056775990.1	A	anno1.g2417.t1	A
rna-XM_056775992.1	A	anno1.g5725.t1	A
rna-XM_056775994.1	A	anno1.g5724.t1	A
rna-XM_056775999.1	A	anno1.g11539.t1	A
rna-XM_056775998.1	A	anno1.g10675.t1	A
rna-XM_056776000.1	A	anno1.g2811.t1	A
rna-XM_056776007.1	A	anno1.g10525.t1	A
rna-XM_056776005.1	A	anno1.g10275.t2	A
rna-XM_056776008.1	A	anno1.g8833.t1	A
rna-XM_056776010.1	A	anno1.g8567.t3	A
rna-XM_056776012.1	A	anno1.g10562.t1	A
rna-XM_056776013.1	A	anno1.g10561.t1	A
rna-XM_056776015.1	A	anno1.g10560.t4	A
rna-XM_056776022.1	A	anno1.g207.t2	A
rna-XM_056776018.1	A	anno1.g208.t1	A
rna-XM_056776023.1	A	anno1.g211.t1	A
rna-XM_056775044.1	A	anno1.g6162.t1	A
rna-XM_056775045.1	A	anno1.g209.t1	A
rna-XM_056775173.1	A	anno1.g4095.t1	A
rna-XM_056775321.1	A	anno1.g428.t1	A
rna-XM_056774887.1	A	anno1.g13101.t1	A
rna-XM_056775476.1	A	anno1.g10626.t2	A
rna-XM_056774473.1	A	anno1.g8278.t1	A
rna-XM_056774300.1	A	anno1.g1253.t1	A
rna-XM_056774303.1	A	anno1.g1254.t1	A
rna-XM_056775436.1	A	anno1.g8279.t1	A
rna-XM_056774934.1	A	anno1.g8282.t2	A
rna-XM_056775372.1	A	anno1.g8283.t2	A
rna-XM_056776033.1	A	anno1.g8275.t1	A
rna-XM_056776035.1	A	anno1.g8277.t1	A
rna-XM_056776036.1	A	anno1.g8276.t3	A
rna-XM_056776031.1	A	anno1.g7447.t1	A
rna-XM_056774429.1	A	anno1.g8274.t2	A
rna-XM_056775203.1	A	anno1.g9060.t1	A
rna-XM_056774439.1	A	anno1.g8273.t3	A
rna-XM_056774864.1	A	anno1.g8193.t1	A
rna-XM_056775479.1	A	anno1.g8192.t1	A
rna-XM_056776215.1	A	anno1.g8190.t1	A
rna-XM_056774754.1	A	anno1.g8184.t1	A
rna-XM_056774962.1	A	anno1.g13768.t1	A
rna-XM_056775433.1	A	anno1.g8183.t1	A
rna-XM_056774968.1	A	anno1.g14454.t1	A
rna-XM_056775601.1	A	anno1.g12607.t1	A
rna-XM_056775604.1	A	anno1.g12619.t1	A
rna-XM_056775605.1	A	anno1.g12608.t1	A
rna-XM_056775157.1	A	anno1.g8326.t1	A
rna-XM_056775160.1	A	anno1.g12279.t1	A
rna-XM_056775158.1	A	anno1.g8132.t1	A
rna-XM_056775161.1	A	anno1.g8131.t1	A
rna-XM_056775606.1	A	anno1.g8050.t1	A
rna-XM_056774885.1	A	anno1.g8134.t1	A
rna-XM_056775482.1	A	anno1.g8642.t2	A
rna-XM_056775742.1	A	anno1.g8133.t1	A
rna-XM_056774549.1	A	anno1.g8138.t1	A
rna-XM_056774561.1	A	anno1.g14679.t1	A
rna-XM_056774542.1	A	anno1.g12390.t1	A
rna-XM_056774564.1	A	anno1.g12389.t1	A
rna-XM_056774569.1	A	anno1.g12387.t1	A
rna-XM_056774586.1	A	anno1.g12386.t1	A
rna-XM_056774589.1	A	anno1.g12385.t1	A
rna-XM_056774587.1	A	anno1.g12384.t1	A
rna-XM_056774591.1	A	anno1.g12383.t1	A
rna-XM_056774590.1	A	anno1.g4537.t1	A
rna-XM_056774593.1	A	anno1.g14428.t1	A
rna-XM_056774594.1	A	anno1.g14429.t1	A
rna-XM_056774595.1	A	anno1.g11179.t1	A
rna-XM_056774596.1	A	anno1.g11172.t1	A
rna-XM_056774597.1	A	anno1.g14155.t1	A
rna-XM_056774600.1	A	anno1.g4060.t1	A
rna-XM_056774601.1	A	anno1.g4477.t1	A
rna-XM_056774602.1	A	anno1.g8232.t1	A
rna-XM_056774606.1	A	anno1.g11423.t1	A
rna-XM_056774607.1	A	anno1.g12934.t1	A
rna-XM_056774608.1	A	anno1.g14356.t1	A
rna-XM_056774609.1	A	anno1.g13109.t1	A
rna-XM_056774610.1	A	anno1.g13111.t1	A
rna-XM_056774611.1	A	anno1.g12905.t1	A
rna-XM_056774613.1	A	anno1.g12906.t1	A
rna-XM_056774612.1	A	anno1.g12936.t1	A
rna-XM_056774614.1	A	anno1.g12937.t4	A
rna-XM_056774616.1	A	anno1.g12938.t1	A
rna-XM_056774618.1	A	anno1.g12939.t1	A
rna-XM_056774624.1	A	anno1.g12940.t1	A
rna-XM_056774627.1	A	anno1.g12941.t1	A
rna-XM_056774622.1	A	anno1.g12942.t1	A
rna-XM_056774625.1	A	anno1.g12933.t1	A
rna-XM_056774631.1	A	anno1.g13054.t1	A
rna-XM_056774633.1	A	anno1.g12931.t1	A
rna-XM_056774636.1	A	anno1.g12932.t1	A
rna-XM_056774637.1	A	anno1.g13053.t1	A
rna-XM_056774639.1	A	anno1.g13052.t1	A
rna-XM_056774645.1	A	anno1.g12911.t1	A
rna-XM_056775483.1	A	anno1.g12912.t1	A
rna-XM_056775485.1	A	anno1.g12915.t1	A
rna-XM_056775486.1	A	anno1.g12916.t1	A
rna-XM_056774647.1	A	anno1.g12920.t1	A
rna-XM_056775496.1	A	anno1.g12921.t1	A
rna-XM_056775497.1	A	anno1.g12924.t1	A
rna-XM_056774649.1	A	anno1.g12928.t2	A
rna-XM_056774650.1	A	anno1.g12929.t1	A
rna-XM_056774654.1	A	anno1.g10277.t1	A
rna-XM_056774657.1	A	anno1.g12904.t1	A
rna-XM_056774665.1	A	anno1.g12935.t1	A
rna-XM_056774667.1	A	anno1.g12902.t1	A
rna-XM_056774284.1	A	anno1.g11018.t1	A
rna-XM_056776146.1	A	anno1.g11667.t1	A
rna-XM_056776148.1	A	anno1.g8378.t1	A
rna-XM_056776145.1	A	anno1.g11811.t1	A
rna-XM_056775244.1	A	anno1.g11810.t1	A
rna-XM_056776340.1	A	anno1.g11665.t1	A
rna-XM_056774673.1	A	anno1.g8141.t2	A
rna-XM_056775499.1	A	anno1.g676.t1	A
rna-XM_056775029.1	A	anno1.g8142.t2	A
rna-XM_056774916.1	A	anno1.g8140.t2	A
rna-XM_056774757.1	A	anno1.g8139.t2	A
rna-XM_056775806.1	A	anno1.g14281.t1	A
rna-XM_056775808.1	A	anno1.g14292.t1	A
rna-XM_056775811.1	A	anno1.g13218.t1	A
rna-XM_056775812.1	A	anno1.g8304.t1	A
rna-XM_056775814.1	A	anno1.g11731.t1	A
rna-XM_056775813.1	A	anno1.g8306.t2	A
rna-XM_056775815.1	A	anno1.g8307.t1	A
rna-XM_056775818.1	A	anno1.g8308.t3	A
rna-XM_056775822.1	A	anno1.g8309.t1	A
rna-XM_056775824.1	A	anno1.g8310.t1	A
rna-XM_056775823.1	A	anno1.g11629.t1	A
rna-XM_056775826.1	A	anno1.g8182.t1	A
rna-XM_056775827.1	A	anno1.g5792.t6	A
rna-XM_056775847.1	A	anno1.g5790.t1	A
rna-XM_056775853.1	A	anno1.g5789.t2	A
rna-XM_056775857.1	A	anno1.g5780.t1	A
rna-XM_056775854.1	A	anno1.g5781.t1	A
rna-XM_056775859.1	A	anno1.g10808.t1	A
rna-XM_056776071.1	A	anno1.g7633.t2	A
rna-XM_056776074.1	A	anno1.g6093.t1	A
rna-XM_056774287.1	A	anno1.g10809.t1	A
rna-XM_056775505.1	A	anno1.g10810.t1	A
rna-XM_056774841.1	A	anno1.g11075.t1	A
rna-XM_056774843.1	A	anno1.g11076.t1	A
rna-XM_056775180.1	A	anno1.g6968.t1	A
rna-XM_056775182.1	A	anno1.g4879.t1	A
rna-XM_056775013.1	A	anno1.g4876.t1	A
rna-XM_056774806.1	A	anno1.g4875.t2	A
rna-XM_056775383.1	A	anno1.g4870.t1	A
rna-XM_056775385.1	A	anno1.g4869.t2	A
rna-XM_056775611.1	A	anno1.g4500.t2	A
rna-XM_056774368.1	A	anno1.g4956.t1	A
rna-XM_056774370.1	A	anno1.g4957.t1	A
rna-XM_056775508.1	A	anno1.g4962.t1	A
rna-XM_056775740.1	A	anno1.g13067.t2	A
rna-XM_056775724.1	A	anno1.g13066.t3	A
rna-XM_056776177.1	A	anno1.g12907.t1	A
rna-XM_056776176.1	A	anno1.g1252.t1	A
rna-XM_056776188.1	A	anno1.g14768.t1	A
rna-XM_056775920.1	A	anno1.g4767.t1	A
rna-XM_056775919.1	A	anno1.g1874.t1	X
rna-XM_056775917.1	A	anno1.g4768.t1	A
rna-XM_056774694.1	A	anno1.g12983.t1	A
rna-XM_056774697.1	A	anno1.g13001.t1	A
rna-XM_056774702.1	A	anno1.g13002.t1	A
rna-XM_056775749.1	A	anno1.g4544.t1	A
rna-XM_056774905.1	A	anno1.g14427.t1	A
rna-XM_056775510.1	A	anno1.g14426.t1	A
rna-XM_056774737.1	A	anno1.g14425.t1	A
rna-XM_056774739.1	A	anno1.g14414.t1	A
rna-XM_056774738.1	A	anno1.g14415.t1	A
rna-XM_056775512.1	A	anno1.g14416.t1	A
rna-XM_056776334.1	A	anno1.g13083.t1	A
rna-XM_056775345.1	A	anno1.g13090.t2	A
rna-XM_056774784.1	A	anno1.g13089.t1	A
rna-XM_056775355.1	A	anno1.g13088.t1	A
rna-XM_056775199.1	A	anno1.g917.t1	A
rna-XM_056774691.1	A	anno1.g14141.t1	A
rna-XM_056774693.1	A	anno1.g10916.t2	A
rna-XM_056774306.1	A	anno1.g11776.t1	A
rna-XM_056775660.1	A	anno1.g11129.t1	A
rna-XM_056775514.1	A	anno1.g6356.t1	A
rna-XM_056774876.1	A	anno1.g13295.t1	A
rna-XM_056775515.1	A	anno1.g12399.t1	A
rna-XM_056775247.1	A	anno1.g9022.t2	A
rna-XM_056774335.1	A	anno1.g6654.t1	A
rna-XM_056774336.1	A	anno1.g7350.t1	A
rna-XM_056774339.1	A	anno1.g10271.t1	A
rna-XM_056774342.1	A	anno1.g10270.t1	A
rna-XM_056774341.1	A	anno1.g10269.t1	A
rna-XM_056774344.1	A	anno1.g7351.t1	A
rna-XM_056774343.1	A	anno1.g10100.t1	A
rna-XM_056776226.1	A	anno1.g1244.t1	A
rna-XM_056776228.1	A	anno1.g2260.t1	A
rna-XM_056776229.1	A	anno1.g7326.t1	A
rna-XM_056776230.1	A	anno1.g3684.t1	A
rna-XM_056776227.1	A	anno1.g2496.t1	A
rna-XM_056775898.1	A	anno1.g2498.t1	A
rna-XM_056775900.1	A	anno1.g2499.t1	A
rna-XM_056775899.1	A	anno1.g2342.t2	A
rna-XM_056775903.1	A	anno1.g2255.t1	A
rna-XM_056775905.1	A	anno1.g2530.t1	A
rna-XM_056775531.1	A	anno1.g6335.t2	A
rna-XM_056774742.1	A	anno1.g2495.t1	A
rna-XM_056775241.1	A	anno1.g2256.t1	A
rna-XM_056775242.1	A	anno1.g3023.t1	A
rna-XM_056776098.1	A	anno1.g12031.t1	A
rna-XM_056776101.1	A	anno1.g8347.t1	A
rna-XM_056776103.1	A	anno1.g8529.t1	A
rna-XM_056776114.1	A	anno1.g8534.t1	A
rna-XM_056776102.1	A	anno1.g8535.t1	A
rna-XM_056775197.1	A	anno1.g8537.t1	A
rna-XM_056775520.1	A	anno1.g8540.t1	A
rna-XM_056774348.1	A	anno1.g10602.t1	A
rna-XM_056774349.1	A	anno1.g12030.t1	A
rna-XM_056774347.1	A	anno1.g12406.t2	A
rna-XM_056774282.1	A	anno1.g12404.t1	A
rna-XM_056774275.1	A	anno1.g12403.t1	A
rna-XM_056775521.1	A	anno1.g5936.t2	A
rna-XM_056775043.1	A	anno1.g5937.t1	A
rna-XM_056775035.1	A	anno1.g14432.t1	A
rna-XM_056775170.1	A	anno1.g198.t1	A
rna-XM_056775004.1	A	anno1.g5650.t1	A
rna-XM_056775006.1	A	anno1.g5696.t2	A
rna-XM_056775001.1	A	anno1.g7485.t1	A
rna-XM_056775010.1	A	anno1.g9370.t1	A
rna-XM_056775008.1	A	anno1.g4223.t1	A
rna-XM_056775011.1	A	anno1.g6872.t1	A
rna-XM_056775913.1	A	anno1.g4435.t1	A
rna-XM_056775911.1	A	anno1.g6873.t1	A
rna-XM_056775915.1	A	anno1.g4412.t1	A
rna-XM_056775916.1	A	anno1.g4413.t1	A
rna-XM_056775283.1	A	anno1.g4416.t1	A
rna-XM_056775284.1	A	anno1.g4418.t1	A
rna-XM_056775276.1	A	anno1.g9020.t1	A
rna-XM_056775277.1	A	anno1.g8776.t1	A
rna-XM_056774733.1	A	anno1.g4772.t1	A
rna-XM_056775413.1	A	anno1.g4771.t1	A
rna-XM_056775414.1	A	anno1.g4770.t1	A
rna-XM_056775522.1	A	anno1.g4769.t1	A
rna-XM_056775124.1	A	anno1.g12982.t1	A
rna-XM_056775129.1	A	anno1.g12981.t1	A
rna-XM_056775126.1	A	anno1.g12980.t1	A
rna-XM_056775127.1	A	anno1.g12979.t2	A
rna-XM_056775523.1	A	anno1.g12978.t1	A
rna-XM_056775132.1	A	anno1.g12825.t1	A
rna-XM_056775363.1	A	anno1.g12829.t1	A
rna-XM_056775629.1	A	anno1.g6332.t1	A
rna-XM_056775632.1	A	anno1.g6118.t1	A
rna-XM_056775631.1	A	anno1.g6117.t1	A
rna-XM_056775633.1	A	anno1.g6116.t1	A
rna-XM_056775640.1	A	anno1.g6115.t1	A
rna-XM_056775610.1	A	anno1.g6114.t1	A
rna-XM_056775659.1	A	anno1.g6110.t1	A
rna-XM_056775368.1	A	anno1.g6104.t3	A
rna-XM_056775245.1	A	anno1.g6100.t1	A
rna-XM_056775526.1	A	anno1.g6099.t1	A
rna-XM_056775888.1	A	anno1.g6097.t1	A
rna-XM_056775889.1	A	anno1.g6095.t1	A
rna-XM_056775894.1	A	anno1.g6018.t1	A
rna-XM_056775895.1	A	anno1.g6094.t1	A
rna-XM_056775896.1	A	anno1.g6017.t1	A
rna-XM_056776278.1	A	anno1.g6015.t1	A
rna-XM_056774746.1	A	anno1.g6014.t1	A
rna-XM_056775183.1	A	anno1.g5912.t1	A
rna-XM_056774897.1	A	anno1.g5916.t5	A
rna-XM_056775333.1	A	anno1.g5163.t1	A
rna-XM_056774822.1	A	anno1.g5159.t1	A
rna-XM_056774844.1	A	anno1.g5150.t1	A
rna-XM_056775426.1	A	anno1.g4656.t1	A
rna-XM_056776155.1	A	anno1.g8383.t1	A
rna-XM_056776156.1	A	anno1.g6273.t1	A
rna-XM_056776159.1	A	anno1.g4995.t1	A
rna-XM_056776157.1	A	anno1.g4994.t1	A
rna-XM_056776158.1	A	anno1.g4996.t1	A
rna-XM_056775661.1	A	anno1.g4997.t1	A
rna-XM_056775666.1	A	anno1.g705.t1	A
rna-XM_056775669.1	A	anno1.g8448.t1	A
rna-XM_056775672.1	A	anno1.g8447.t2	A
rna-XM_056775674.1	A	anno1.g8451.t1	A
rna-XM_056775676.1	A	anno1.g8442.t1	A
rna-XM_056775678.1	A	anno1.g5000.t1	A
rna-XM_056775353.1	A	anno1.g8384.t1	A
rna-XM_056775658.1	A	anno1.g9631.t1	A
rna-XM_056775234.1	A	anno1.g8386.t1	A
rna-XM_056774726.1	A	anno1.g8381.t1	A
rna-XM_056775095.1	A	anno1.g8380.t1	A
rna-XM_056774756.1	A	anno1.g8379.t1	A
rna-XM_056775278.1	A	anno1.g8387.t1	A
rna-XM_056774986.1	A	anno1.g8388.t1	A
rna-XM_056775879.1	A	anno1.g4862.t1	A
rna-XM_056775882.1	A	anno1.g7371.t1	A
rna-XM_056775884.1	A	anno1.g4860.t1	A
rna-XM_056775150.1	A	anno1.g4573.t1	A
rna-XM_056775317.1	A	anno1.g4217.t1	A
rna-XM_056775375.1	A	anno1.g4454.t1	A
rna-XM_056775287.1	A	anno1.g10119.t1	A
rna-XM_056774766.1	A	anno1.g9763.t1	A
rna-XM_056774781.1	A	anno1.g6307.t1	A
rna-XM_056774783.1	A	anno1.g14412.t1	A
rna-XM_056774464.1	A	anno1.g4221.t1	A
rna-XM_056774463.1	A	anno1.g1928.t1	X
rna-XM_056775141.1	A	anno1.g4533.t1	A
rna-XM_056775709.1	A	anno1.g13365.t1	A
rna-XM_056775711.1	A	anno1.g10115.t1	A
rna-XM_056775714.1	A	anno1.g9245.t1	A
rna-XM_056775713.1	A	anno1.g9195.t1	A
rna-XM_056775654.1	A	anno1.g9197.t1	A
rna-XM_056776144.1	A	anno1.g9198.t1	A
rna-XM_056776140.1	A	anno1.g9199.t2	A
rna-XM_056775537.1	A	anno1.g4632.t1	A
rna-XM_056774928.1	A	anno1.g9087.t2	A
rna-XM_056774851.1	A	anno1.g1025.t1	A
rna-XM_056775031.1	A	anno1.g10332.t1	A
rna-XM_056774292.1	A	anno1.g10366.t1	A
rna-XM_056774291.1	A	anno1.g10394.t2	A
rna-XM_056774299.1	A	anno1.g10329.t1	A
rna-XM_056775016.1	A	anno1.g10282.t3	A
rna-XM_056775228.1	A	anno1.g10328.t1	A
rna-XM_056775539.1	A	anno1.g10326.t1	A
rna-XM_056775266.1	A	anno1.g10324.t1	A
rna-XM_056774753.1	A	anno1.g12032.t1	A
rna-XM_056775697.1	A	anno1.g4991.t1	A
rna-XM_056775698.1	A	anno1.g4992.t1	A
rna-XM_056775405.1	A	anno1.g12890.t3	A
rna-XM_056775401.1	A	anno1.g5743.t6	A
rna-XM_056775399.1	A	anno1.g1567.t1	A
rna-XM_056775229.1	A	anno1.g11895.t2	A
rna-XM_056775231.1	A	anno1.g9963.t1	A
rna-XM_056774794.1	A	anno1.g8785.t1	A
rna-XM_056774795.1	A	anno1.g3879.t1	A
rna-XM_056774932.1	A	anno1.g8398.t2	A
rna-XM_056774834.1	A	anno1.g7282.t1	A
rna-XM_056774465.1	A	anno1.g11562.t1	A
rna-XM_056774468.1	A	anno1.g4267.t1	A
rna-XM_056774748.1	A	anno1.g829.t1	A
rna-XM_056775541.1	A	anno1.g4262.t2	A
rna-XM_056776330.1	A	anno1.g4263.t1	A
rna-XM_056774749.1	A	anno1.g7315.t1	A
rna-XM_056775122.1	A	anno1.g6053.t1	A
rna-XM_056774430.1	A	anno1.g5495.t1	A
rna-XM_056774432.1	A	anno1.g828.t1	A
rna-XM_056774434.1	A	anno1.g9012.t2	A
rna-XM_056774847.1	A	anno1.g9619.t1	A
rna-XM_056774921.1	A	anno1.g12749.t1	A
rna-XM_056774922.1	A	anno1.g5491.t1	A
rna-XM_056776234.1	A	anno1.g10249.t1	A
rna-XM_056776233.1	A	anno1.g5377.t1	A
rna-XM_056775542.1	A	anno1.g2381.t1	A
rna-XM_056775119.1	A	anno1.g14380.t1	A
rna-XM_056775332.1	A	anno1.g2385.t1	A
rna-XM_056775715.1	A	anno1.g2387.t3	A
rna-XM_056775208.1	A	anno1.g2390.t2	A
rna-XM_056775380.1	A	anno1.g6019.t1	A
rna-XM_056775282.1	A	anno1.g10353.t1	A
rna-XM_056775544.1	A	anno1.g10354.t2	A
rna-XM_056776030.1	A	anno1.g4904.t2	A
rna-XM_056775425.1	A	anno1.g4906.t1	A
rna-XM_056774947.1	A	anno1.g10682.t1	A
rna-XM_056775545.1	A	anno1.g6624.t1	A
rna-XM_056776197.1	A	anno1.g822.t4	A
rna-XM_056776213.1	A	anno1.g8963.t1	A
rna-XM_056775025.1	A	anno1.g14743.t1	A
rna-XM_056776277.1	A	anno1.g14744.t1	A
rna-XM_056774902.1	A	anno1.g2908.t1	A
rna-XM_056774999.1	A	anno1.g3722.t1	A
rna-XM_056775316.1	A	anno1.g3724.t1	A
rna-XM_056775207.1	A	anno1.g3725.t1	A
rna-XM_056774510.1	A	anno1.g10707.t5	A
rna-XM_056774835.1	A	anno1.g10706.t1	A
rna-XM_056775546.1	A	anno1.g2564.t1	A
rna-XM_056775136.1	A	anno1.g5242.t1	A
rna-XM_056775135.1	A	anno1.g5241.t1	A
rna-XM_056776313.1	A	anno1.g13149.t1	A
rna-XM_056774426.1	A	anno1.g13152.t1	A
rna-XM_056774428.1	A	anno1.g12541.t1	A
rna-XM_056774427.1	A	anno1.g12469.t1	A
rna-XM_056775322.1	A	anno1.g12468.t1	A
rna-XM_056775707.1	A	anno1.g12465.t1	A
rna-XM_056775547.1	A	anno1.g12466.t1	A
rna-XM_056775598.1	A	anno1.g9319.t1	A
rna-XM_056775620.1	A	anno1.g9318.t1	A
rna-XM_056775624.1	A	anno1.g9317.t1	A
rna-XM_056775623.1	A	anno1.g9316.t1	A
rna-XM_056775622.1	A	anno1.g12173.t1	A
rna-XM_056775621.1	A	anno1.g12538.t1	A
rna-XM_056775548.1	A	anno1.g5318.t1	A
rna-XM_056775550.1	A	anno1.g5319.t1	A
rna-XM_056776161.1	A	anno1.g4697.t1	A
rna-XM_056774520.1	A	anno1.g3402.t4	A
rna-XM_056775552.1	A	anno1.g2384.t1	A
rna-XM_056774261.1	A	anno1.g9486.t1	A
rna-XM_056774260.1	A	anno1.g9485.t2	A
rna-XM_056774259.1	A	anno1.g9068.t1	A
rna-XM_056774929.1	A	anno1.g14745.t1	A
rna-XM_056774755.1	A	anno1.g10553.t1	A
rna-XM_056774481.1	A	anno1.g725.t1	A
rna-XM_056774484.1	A	anno1.g13655.t1	A
rna-XM_056775785.1	A	anno1.g13685.t1	A
rna-XM_056775786.1	A	anno1.g13612.t1	A
rna-XM_056775788.1	A	anno1.g5890.t2	A
rna-XM_056774917.1	A	anno1.g13448.t1	A
rna-XM_056774450.1	A	anno1.g6847.t1	A
rna-XM_056774449.1	A	anno1.g6812.t1	A
rna-XM_056774448.1	A	anno1.g13834.t1	A
rna-XM_056776115.1	A	anno1.g13337.t6	A
rna-XM_056774346.1	A	anno1.g8717.t1	A
rna-XM_056774345.1	A	anno1.g8715.t1	A
rna-XM_056775614.1	A	anno1.g2808.t2	A
rna-XM_056775613.1	A	anno1.g2812.t2	A
rna-XM_056775030.1	A	anno1.g4209.t1	A
rna-XM_056775215.1	A	anno1.g14377.t2	A
rna-XM_056774367.1	A	anno1.g3892.t1	A
rna-XM_056775908.1	A	anno1.g11000.t1	A
rna-XM_056775909.1	A	anno1.g12169.t3	A
rna-XM_056775556.1	A	anno1.g10593.t1	A
rna-XM_056775395.1	A	anno1.g13476.t1	A
rna-XM_056775394.1	A	anno1.g12170.t1	A
rna-XM_056774707.1	A	anno1.g5056.t1	A
rna-XM_056774708.1	A	anno1.g5057.t2	A
rna-XM_056774858.1	A	anno1.g5266.t1	A
rna-XM_056775110.1	A	anno1.g13568.t1	A
rna-XM_056775873.1	A	anno1.both_agree_g18375.t3	A
rna-XM_056776321.1	A	anno1.g4287.t1	A
rna-XM_056775186.1	A	anno1.g12540.t1	A
rna-XM_056775188.1	A	anno1.g13566.t1	A
rna-XM_056775187.1	A	anno1.g13567.t1	A
rna-XM_056774452.1	A	anno1.g5330.t1	A
rna-XM_056775691.1	A	anno1.g13574.t1	A
rna-XM_056775683.1	A	anno1.g1450.t1	A
rna-XM_056775684.1	A	anno1.g1038.t1	A
rna-XM_056775682.1	A	anno1.g9652.t1	A
rna-XM_056775688.1	A	anno1.g3179.t1	A
rna-XM_056775225.1	A	anno1.g4429.t1	A
rna-XM_056774849.1	A	anno1.g231.t1	A
rna-XM_056775558.1	A	anno1.g5038.t1	A
rna-XM_056775223.1	A	anno1.g12703.t1	A
rna-XM_056775221.1	A	anno1.g12701.t1	A
rna-XM_056774537.1	A	anno1.g2509.t1	A
rna-XM_056774536.1	A	anno1.g5044.t1	A
rna-XM_056775559.1	A	anno1.g5045.t1	A
rna-XM_056776239.1	A	anno1.g5048.t1	A
rna-XM_056775560.1	A	anno1.g5049.t1	A
rna-XM_056774953.1	A	anno1.g5050.t1	A
rna-XM_056775397.1	A	anno1.g5040.t1	A
rna-XM_056775396.1	A	anno1.g4907.t1	A
rna-XM_056776150.1	A	anno1.g8205.t2	A
rna-XM_056776152.1	A	anno1.g7605.t1	A
rna-XM_056776151.1	A	anno1.g5041.t1	A
rna-XM_056776154.1	A	anno1.g5047.t1	A
rna-XM_056775865.1	A	anno1.g13662.t2	A
rna-XM_056775860.1	A	anno1.g4908.t1	A
rna-XM_056775863.1	A	anno1.g11870.t3	A
rna-XM_056775866.1	A	anno1.g4909.t1	A
rna-XM_056775864.1	A	anno1.g4910.t1	A
rna-XM_056776162.1	A	anno1.g9325.t1	A
rna-XM_056776164.1	A	anno1.g7981.t1	A
rna-XM_056776163.1	A	anno1.g7984.t1	A
rna-XM_056775151.1	A	anno1.g9326.t1	A
rna-XM_056774998.1	A	anno1.g7983.t1	A
rna-XM_056775561.1	A	anno1.g7784.t1	A
rna-XM_056775378.1	A	anno1.g4445.t1	A
rna-XM_056776165.1	A	anno1.g4108.t6	A
rna-XM_056775563.1	A	anno1.g7681.t1	A
rna-XM_056774797.1	A	anno1.g7643.t1	A
rna-XM_056775265.1	A	anno1.g13602.t1	A
rna-XM_056776240.1	A	anno1.g4845.t1	A
rna-XM_056776242.1	A	anno1.g13601.t1	A
rna-XM_056776247.1	A	anno1.g4844.t1	A
rna-XM_056776244.1	A	anno1.g7602.t2	A
rna-XM_056776246.1	A	anno1.g5369.t1	A
rna-XM_056776249.1	A	anno1.g4698.t1	A
rna-XM_056776042.1	A	anno1.g5366.t1	A
rna-XM_056776046.1	A	anno1.g5367.t1	A
rna-XM_056776043.1	A	anno1.g5365.t1	A
rna-XM_056776038.1	A	anno1.g5368.t2	A
rna-XM_056775293.1	A	anno1.g5541.t1	A
rna-XM_056775354.1	A	anno1.g4270.t1	A
rna-XM_056774524.1	A	anno1.g4243.t2	A
rna-XM_056774527.1	A	anno1.g13154.t1	A
rna-XM_056774526.1	A	anno1.g13153.t1	A
rna-XM_056775100.1	A	anno1.g4228.t1	A
rna-XM_056774469.1	A	anno1.g4244.t1	A
rna-XM_056774470.1	A	anno1.g9321.t2	A
rna-XM_056775079.1	A	anno1.g9324.t1	A
rna-XM_056775435.1	A	anno1.g9323.t1	A
rna-XM_056775388.1	A	anno1.g9333.t1	A
rna-XM_056774413.1	A	anno1.g9327.t3	A
rna-XM_056776306.1	A	anno1.g4723.t1	A
rna-XM_056776307.1	A	anno1.g4728.t1	A
rna-XM_056776312.1	A	anno1.g1166.t1	A
rna-XM_056776310.1	A	anno1.g4911.t1	A
rna-XM_056775145.1	A	anno1.g5434.t3	A
rna-XM_056774955.1	A	anno1.g627.t1	A
rna-XM_056776293.1	A	anno1.g5829.t1	A
rna-XM_056775567.1	A	anno1.g5828.t1	A
rna-XM_056775568.1	A	anno1.g5833.t1	A
rna-XM_056776294.1	A	anno1.g4068.t1	A
rna-XM_056776297.1	A	anno1.g4067.t1	A
rna-XM_056774760.1	A	anno1.g4758.t1	A
rna-XM_056776029.1	A	anno1.g4088.t1	A
rna-XM_056776028.1	A	anno1.g4132.t1	A
rna-XM_056776027.1	A	anno1.g4759.t2	A
rna-XM_056776090.1	A	anno1.g4089.t1	A
rna-XM_056776092.1	A	anno1.g4090.t2	A
rna-XM_056776094.1	A	anno1.g4283.t2	A
rna-XM_056774741.1	A	anno1.g4109.t1	A
rna-XM_056774740.1	A	anno1.g4110.t1	A
rna-XM_056774846.1	A	anno1.g2909.t1	A
rna-XM_056775373.1	A	anno1.g3397.t1	A
rna-XM_056775121.1	A	anno1.g3399.t1	A
rna-XM_056774732.1	A	anno1.g7389.t1	A
rna-XM_056774850.1	A	anno1.g5593.t1	A
rna-XM_056775434.1	A	anno1.g4280.t1	A
rna-XM_056775645.1	A	anno1.g4281.t1	A
rna-XM_056774436.1	A	anno1.g2985.t1	A
rna-XM_056774437.1	A	anno1.g2986.t2	A
rna-XM_056775699.1	A	anno1.g7432.t1	A
rna-XM_056775704.1	A	anno1.g7431.t1	A
rna-XM_056775701.1	A	anno1.g1206.t2	A
rna-XM_056775702.1	A	anno1.g5513.t1	A
rna-XM_056775703.1	A	anno1.g5511.t1	A
rna-XM_056776302.1	A	anno1.g4061.t1	A
rna-XM_056776300.1	A	anno1.g4077.t1	A
rna-XM_056774362.1	A	anno1.g1201.t1	A
rna-XM_056774988.1	A	anno1.g1203.t2	A
rna-XM_056774961.1	A	anno1.g5515.t1	A
rna-XM_056775652.1	A	anno1.g7446.t1	A
rna-XM_056775653.1	A	anno1.g7434.t1	A
rna-XM_056774987.1	A	anno1.g7448.t1	A
rna-XM_056774787.1	A	anno1.g7449.t1	A
rna-XM_056775569.1	A	anno1.g7450.t2	A
rna-XM_056775419.1	A	anno1.g7290.t2	A
rna-XM_056775420.1	A	anno1.g7291.t1	A
rna-XM_056775162.1	A	anno1.g7289.t2	A
rna-XM_056775306.1	A	anno1.g7520.t2	A
rna-XM_056775307.1	A	anno1.g6883.t1	A
rna-XM_056775311.1	A	anno1.g2409.t3	A
rna-XM_056775313.1	A	anno1.g7521.t2	A
rna-XM_056775017.1	A	anno1.g4762.t1	A
rna-XM_056775024.1	A	anno1.g4763.t1	A
rna-XM_056774956.1	A	anno1.g4121.t1	A
rna-XM_056774958.1	A	anno1.g4122.t1	A
rna-XM_056774960.1	A	anno1.g4127.t1	A
rna-XM_056774918.1	A	anno1.g4129.t1	A
rna-XM_056775216.1	A	anno1.g4130.t1	A
rna-XM_056776089.1	A	anno1.g4124.t1	A
rna-XM_056776083.1	A	anno1.g4125.t1	A
rna-XM_056776080.1	A	anno1.g4114.t1	A
rna-XM_056776087.1	A	anno1.g4115.t1	A
rna-XM_056774925.1	A	anno1.g5359.t1	A
rna-XM_056774926.1	A	anno1.g5348.t1	A
rna-XM_056775571.1	A	anno1.g5346.t1	A
rna-XM_056776303.1	A	anno1.g5343.t1	A
rna-XM_056776305.1	A	anno1.g5344.t1	A
rna-XM_056776304.1	A	anno1.g5345.t1	A
rna-XM_056775573.1	A	anno1.g5477.t1	A
rna-XM_056775238.1	A	anno1.g5342.t1	A
rna-XM_056775220.1	A	anno1.g5341.t1	A
rna-XM_056775574.1	A	anno1.g5340.t1	A
rna-XM_056774992.1	A	anno1.g4120.t1	A
rna-XM_056774331.1	A	anno1.g4118.t1	A
rna-XM_056775576.1	A	anno1.g4117.t2	A
rna-XM_056775582.1	A	anno1.g5339.t1	A
rna-XM_056775577.1	A	anno1.g5605.t1	A
rna-XM_056776137.1	A	anno1.g5590.t1	A
rna-XM_056776136.1	A	anno1.g5589.t1	A
rna-XM_056776139.1	A	anno1.g5591.t1	A
rna-XM_056776133.1	A	anno1.g5529.t1	A
rna-XM_056775328.1	A	anno1.g11474.t1	A
rna-XM_056775579.1	A	anno1.g5525.t1	A
rna-XM_056775581.1	A	anno1.g5519.t1	A
rna-XM_056774408.1	A	anno1.g5517.t1	A
rna-XM_056775348.1	A	anno1.g5516.t1	A
rna-XM_056775153.1	A	anno1.g7445.t1	A
rna-XM_056775155.1	A	anno1.g7444.t1	A
rna-XM_056775156.1	A	anno1.g7443.t1	A
rna-XM_056775389.1	A	anno1.g7440.t1	A
rna-XM_056774863.1	A	anno1.g7439.t1	A
rna-XM_056774966.1	A	anno1.g389.t1	A
rna-XM_056775148.1	A	anno1.g390.t2	A
rna-XM_056774717.1	A	anno1.g386.t1	A
rna-XM_056774719.1	A	anno1.g387.t3	A
rna-XM_056774711.1	A	anno1.g10334.t1	A
rna-XM_056774716.1	A	anno1.g385.t1	A
rna-XM_056774714.1	A	anno1.g4268.t2	A
rna-XM_056774715.1	A	anno1.g384.t1	A
rna-XM_056774713.1	A	anno1.g1233.t1	A
rna-XM_056774720.1	A	anno1.g1232.t1	A
rna-XM_056774721.1	A	anno1.g1200.t1	A
rna-XM_056774669.1	A	anno1.g4078.t1	A
rna-XM_056775626.1	A	anno1.g4081.t1	A
rna-XM_056775627.1	A	anno1.g2657.t1	A
rna-XM_056776574.1	A	anno1.g3097.t1	A
rna-XM_056776575.1	A	anno1.g3098.t2	A
rna-XM_056776578.1	A	anno1.g3095.t1	A
rna-XM_056776576.1	A	anno1.g3122.t1	A
rna-XM_056777080.1	A	anno1.g2951.t1	A
rna-XM_056777782.1	A	anno1.g2950.t1	A
rna-XM_056777706.1	A	anno1.g3935.t1	A
rna-XM_056777052.1	A	anno1.g629.t2	A
rna-XM_056776739.1	A	anno1.g11014.t2	A
rna-XM_056777112.1	A	anno1.g11013.t1	A
rna-XM_056777261.1	A	anno1.g9579.t1	A
rna-XM_056776722.1	A	anno1.g9576.t1	A
rna-XM_056776720.1	A	anno1.g9578.t1	A
rna-XM_056776719.1	A	anno1.g9577.t1	A
rna-XM_056777337.1	A	anno1.g9575.t1	A
rna-XM_056777581.1	A	anno1.g9573.t1	A
rna-XM_056777586.1	A	anno1.g9572.t1	A
rna-XM_056778416.1	A	anno1.g10027.t1	A
rna-XM_056777744.1	A	anno1.g9998.t1	A
rna-XM_056777739.1	A	anno1.g10041.t1	A
rna-XM_056777746.1	A	anno1.g10036.t1	A
rna-XM_056777748.1	A	anno1.g9407.t1	A
rna-XM_056777689.1	A	anno1.g9408.t1	A
rna-XM_056777370.1	A	anno1.g9409.t1	A
rna-XM_056777338.1	A	anno1.g9414.t1	A
rna-XM_056777342.1	A	anno1.g9415.t1	A
rna-XM_056778291.1	A	anno1.g4592.t1	A
rna-XM_056778290.1	A	anno1.g9995.t1	A
rna-XM_056778297.1	A	anno1.g9420.t2	A
rna-XM_056778299.1	A	anno1.g9419.t1	A
rna-XM_056778296.1	A	anno1.g3497.t1	A
rna-XM_056776860.1	A	anno1.g12290.t1	A
rna-XM_056777265.1	A	anno1.g8315.t1	A
rna-XM_056777268.1	A	anno1.g12286.t1	A
rna-XM_056777267.1	A	anno1.g6454.t1	A
rna-XM_056777045.1	A	anno1.g12289.t1	A
rna-XM_056777372.1	A	anno1.g12285.t1	A
rna-XM_056777346.1	A	anno1.g12784.t1	A
rna-XM_056777374.1	A	anno1.g12282.t2	A
rna-XM_056776933.1	A	anno1.g3671.t1	A
rna-XM_056778148.1	A	anno1.g4367.t1	A
rna-XM_056778160.1	A	anno1.g4359.t1	A
rna-XM_056778157.1	A	anno1.g4355.t4	A
rna-XM_056778163.1	A	anno1.g4356.t2	A
rna-XM_056778164.1	A	anno1.g4830.t1	A
rna-XM_056778165.1	A	anno1.g11683.t1	A
rna-XM_056778169.1	A	anno1.g11681.t1	A
rna-XM_056778170.1	A	anno1.g3485.t1	A
rna-XM_056778173.1	A	anno1.g3498.t1	A
rna-XM_056778176.1	A	anno1.g12291.t2	A
rna-XM_056777347.1	A	anno1.g8399.t1	A
rna-XM_056777348.1	A	anno1.g12299.t1	A
rna-XM_056777349.1	A	anno1.g12300.t1	A
rna-XM_056778180.1	A	anno1.g12306.t3	A
rna-XM_056778179.1	A	anno1.g12431.t1	A
rna-XM_056778183.1	A	anno1.g12309.t1	A
rna-XM_056778186.1	A	anno1.g7567.t1	A
rna-XM_056778188.1	A	anno1.g12305.t2	A
rna-XM_056778195.1	A	anno1.g12304.t1	A
rna-XM_056778192.1	A	anno1.g12303.t1	A
rna-XM_056778197.1	A	anno1.g5744.t1	A
rna-XM_056778198.1	A	anno1.g12307.t2	A
rna-XM_056778207.1	A	anno1.g12302.t1	A
rna-XM_056778206.1	A	anno1.g13660.t1	A
rna-XM_056778200.1	A	anno1.g10955.t1	A
rna-XM_056778210.1	A	anno1.g10954.t1	A
rna-XM_056777352.1	A	anno1.g12874.t1	A
rna-XM_056778211.1	A	anno1.g9027.t1	A
rna-XM_056778212.1	A	anno1.g10663.t1	A
rna-XM_056778213.1	A	anno1.g3319.t1	A
rna-XM_056778214.1	A	anno1.g3320.t2	A
rna-XM_056778217.1	A	anno1.g3331.t3	A
rna-XM_056778227.1	A	anno1.g3335.t1	A
rna-XM_056777353.1	A	anno1.g10003.t1	A
rna-XM_056778228.1	A	anno1.g10000.t1	A
rna-XM_056778230.1	A	anno1.g8185.t1	A
rna-XM_056778229.1	A	anno1.g9996.t2	A
rna-XM_056778231.1	A	anno1.g10029.t1	A
rna-XM_056778234.1	A	anno1.g9997.t1	A
rna-XM_056778232.1	A	anno1.g3801.t1	A
rna-XM_056778239.1	A	anno1.g3800.t1	A
rna-XM_056778240.1	A	anno1.g11449.t1	A
rna-XM_056778244.1	A	anno1.g1618.t1	A
rna-XM_056778245.1	A	anno1.g3700.t2	A
rna-XM_056778249.1	A	anno1.g3504.t1	A
rna-XM_056778247.1	A	anno1.g12308.t1	A
rna-XM_056778250.1	A	anno1.g3505.t1	A
rna-XM_056778252.1	A	anno1.g3502.t2	A
rna-XM_056778262.1	A	anno1.g3813.t1	A
rna-XM_056778276.1	A	anno1.g3812.t1	A
rna-XM_056778277.1	A	anno1.g9918.t1	A
rna-XM_056778280.1	A	anno1.g3815.t1	A
rna-XM_056778278.1	A	anno1.g3816.t1	A
rna-XM_056778281.1	A	anno1.g3817.t1	A
rna-XM_056778300.1	A	anno1.g3823.t1	A
rna-XM_056777354.1	A	anno1.g3824.t1	A
rna-XM_056778288.1	A	anno1.g3825.t1	A
rna-XM_056778303.1	A	anno1.g3826.t3	A
rna-XM_056778310.1	A	anno1.g3828.t1	A
rna-XM_056778313.1	A	anno1.g14785.t1	A
rna-XM_056778316.1	A	anno1.g14786.t1	A
rna-XM_056777093.1	A	anno1.g3949.t1	A
rna-XM_056776891.1	A	anno1.g3811.t1	A
rna-XM_056777164.1	A	anno1.g3809.t1	A
rna-XM_056777015.1	A	anno1.g8068.t2	A
rna-XM_056777014.1	A	anno1.g5719.t1	A
rna-XM_056777596.1	A	anno1.g418.t2	A
rna-XM_056776430.1	A	anno1.g6228.t1	A
rna-XM_056776892.1	A	anno1.g6227.t1	A
rna-XM_056776877.1	A	anno1.g6225.t1	A
rna-XM_056777690.1	A	anno1.g6224.t1	A
rna-XM_056776938.1	A	anno1.g5872.t1	A
rna-XM_056776437.1	A	anno1.g5870.t1	A
rna-XM_056778399.1	A	anno1.g5878.t2	A
rna-XM_056778398.1	A	anno1.g11878.t1	A
rna-XM_056777039.1	A	anno1.g3936.t1	A
rna-XM_056777040.1	A	anno1.g12381.t1	A
rna-XM_056777042.1	A	anno1.g3941.t1	A
rna-XM_056777295.1	A	anno1.g3940.t1	A
rna-XM_056777371.1	A	anno1.g3944.t1	A
rna-XM_056777862.1	A	anno1.g3204.t1	A
rna-XM_056777863.1	A	anno1.g13812.t1	A
rna-XM_056777864.1	A	anno1.g14784.t1	A
rna-XM_056777856.1	A	anno1.g3945.t1	A
rna-XM_056777483.1	A	anno1.g3803.t1	A
rna-XM_056776370.1	A	anno1.g3805.t1	A
rna-XM_056776669.1	A	anno1.g3806.t1	A
rna-XM_056776670.1	A	anno1.g2570.t1	A
rna-XM_056776667.1	A	anno1.g2568.t1	A
rna-XM_056776668.1	A	anno1.g2569.t1	A
rna-XM_056777078.1	A	anno1.g2566.t1	A
rna-XM_056777170.1	A	anno1.g7438.t1	A
rna-XM_056777377.1	A	anno1.g10418.t1	A
rna-XM_056777012.1	A	anno1.g10419.t1	A
rna-XM_056777008.1	A	anno1.g10413.t1	A
rna-XM_056777378.1	A	anno1.g10406.t1	A
rna-XM_056777010.1	A	anno1.g10415.t1	A
rna-XM_056777007.1	A	anno1.g5391.t1	A
rna-XM_056776909.1	A	anno1.g10416.t1	A
rna-XM_056777019.1	A	anno1.g10639.t1	A
rna-XM_056776718.1	A	anno1.g10643.t1	A
rna-XM_056777811.1	A	anno1.g10742.t1	A
rna-XM_056777818.1	A	anno1.g10644.t1	A
rna-XM_056778357.1	A	anno1.g12813.t1	A
rna-XM_056778360.1	A	anno1.g10483.t1	A
rna-XM_056776866.1	A	anno1.g3966.t1	A
rna-XM_056776894.1	A	anno1.g3967.t2	A
rna-XM_056777723.1	A	anno1.g2543.t1	A
rna-XM_056776905.1	A	anno1.g3133.t2	A
rna-XM_056776907.1	A	anno1.g3127.t1	A
rna-XM_056777070.1	A	anno1.g10195.t1	A
rna-XM_056777382.1	A	anno1.g10194.t1	A
rna-XM_056777383.1	A	anno1.g10193.t1	A
rna-XM_056777385.1	A	anno1.g10191.t2	A
rna-XM_056776482.1	A	anno1.g10190.t1	A
rna-XM_056776485.1	A	anno1.g6296.t1	A
rna-XM_056777456.1	A	anno1.g3057.t1	A
rna-XM_056776753.1	A	anno1.g11028.t2	A
rna-XM_056777056.1	A	anno1.g11517.t1	A
rna-XM_056777053.1	A	anno1.g11518.t1	A
rna-XM_056776749.1	A	anno1.g10346.t1	A
rna-XM_056776982.1	A	anno1.g10341.t1	A
rna-XM_056776984.1	A	anno1.g7437.t1	A
rna-XM_056777415.1	A	anno1.g7245.t1	A
rna-XM_056777411.1	A	anno1.g11222.t1	A
rna-XM_056777033.1	A	anno1.g10910.t1	A
rna-XM_056776593.1	A	anno1.g10908.t1	A
rna-XM_056777657.1	A	anno1.g10868.t1	A
rna-XM_056777082.1	A	anno1.g4279.t1	A
rna-XM_056776657.1	A	anno1.g12216.t2	A
rna-XM_056776442.1	A	anno1.g12199.t1	A
rna-XM_056777702.1	A	anno1.g10871.t1	A
rna-XM_056777659.1	A	anno1.g10870.t2	A
rna-XM_056776648.1	A	anno1.g1104.t1	A
rna-XM_056776528.1	A	anno1.g10872.t1	A
rna-XM_056777700.1	A	anno1.g11217.t1	A
rna-XM_056777701.1	A	anno1.g11219.t1	A
rna-XM_056777642.1	A	anno1.g548.t1	A
rna-XM_056776890.1	A	anno1.g11221.t1	A
rna-XM_056777209.1	A	anno1.g11220.t1	A
rna-XM_056777402.1	A	anno1.g987.t1	A
rna-XM_056777231.1	A	anno1.g9443.t1	A
rna-XM_056777180.1	A	anno1.g3064.t1	A
rna-XM_056776433.1	A	anno1.g3954.t2	A
rna-XM_056776436.1	A	anno1.g14216.t1	A
rna-XM_056776354.1	A	anno1.g3067.t5	A
rna-XM_056776377.1	A	anno1.g3068.t1	A
rna-XM_056776387.1	A	anno1.g14797.t1	A
rna-XM_056776388.1	A	anno1.g3197.t2	A
rna-XM_056776391.1	A	anno1.g10488.t2	A
rna-XM_056776400.1	A	anno1.g10501.t1	A
rna-XM_056776398.1	A	anno1.g10486.t5	A
rna-XM_056776401.1	A	anno1.g10499.t1	A
rna-XM_056776402.1	A	anno1.g10182.t1	A
rna-XM_056776403.1	A	anno1.g10183.t2	A
rna-XM_056776404.1	A	anno1.g6156.t1	A
rna-XM_056777479.1	A	anno1.g10420.t1	A
rna-XM_056777552.1	A	anno1.g4000.t1	A
rna-XM_056778318.1	A	anno1.g3216.t2	A
rna-XM_056778323.1	A	anno1.g11668.t1	A
rna-XM_056776561.1	A	anno1.g2723.t1	A
rna-XM_056776544.1	A	anno1.g14637.t1	A
rna-XM_056776564.1	A	anno1.g14636.t1	A
rna-XM_056776545.1	A	anno1.g2732.t5	A
rna-XM_056776559.1	A	anno1.g2375.t1	A
rna-XM_056776553.1	A	anno1.g10794.t1	A
rna-XM_056776568.1	A	anno1.g10292.t1	A
rna-XM_056776569.1	A	anno1.g2552.t1	A
rna-XM_056776573.1	A	anno1.g10788.t1	A
rna-XM_056776572.1	A	anno1.g10787.t1	A
rna-XM_056776615.1	A	anno1.g10793.t3	A
rna-XM_056776616.1	A	anno1.g2550.t2	A
rna-XM_056776959.1	A	anno1.g3369.t2	A
rna-XM_056776962.1	A	anno1.g3370.t1	A
rna-XM_056776625.1	A	anno1.g3615.t1	A
rna-XM_056777420.1	A	anno1.g3996.t1	A
rna-XM_056777569.1	A	anno1.g7587.t1	A
rna-XM_056776937.1	A	anno1.g7332.t1	A
rna-XM_056776886.1	A	anno1.g7516.t3	A
rna-XM_056777281.1	A	anno1.g7518.t1	A
rna-XM_056776901.1	A	anno1.g7524.t1	A
rna-XM_056777027.1	A	anno1.g4242.t1	A
rna-XM_056777220.1	A	anno1.g4245.t1	A
rna-XM_056777230.1	A	anno1.g5382.t1	A
rna-XM_056777393.1	A	anno1.g9812.t1	A
rna-XM_056777394.1	A	anno1.g9635.t1	A
rna-XM_056776429.1	A	anno1.g9636.t1	A
rna-XM_056777091.1	A	anno1.g9637.t1	A
rna-XM_056777119.1	A	anno1.g9387.t2	A
rna-XM_056777083.1	A	anno1.g9639.t1	A
rna-XM_056777323.1	A	anno1.g9312.t1	A
rna-XM_056776969.1	A	anno1.g9310.t2	A
rna-XM_056776964.1	A	anno1.g5585.t1	A
rna-XM_056776968.1	A	anno1.g5583.t2	A
rna-XM_056776971.1	A	anno1.g5584.t1	A
rna-XM_056777029.1	A	anno1.g7381.t1	A
rna-XM_056776975.1	A	anno1.g2802.t1	A
rna-XM_056776976.1	A	anno1.g8942.t1	A
rna-XM_056777805.1	A	anno1.g7965.t2	A
rna-XM_056777408.1	A	anno1.g7884.t1	A
rna-XM_056777176.1	A	anno1.g9074.t1	A
rna-XM_056777249.1	A	anno1.g3008.t1	A
rna-XM_056778404.1	A	anno1.g8508.t1	A
rna-XM_056777236.1	A	anno1.g6311.t1	A
rna-XM_056777233.1	A	anno1.g6312.t2	A
rna-XM_056778351.1	A	anno1.g10723.t1	A
rna-XM_056777409.1	A	anno1.g14400.t2	A
rna-XM_056777422.1	A	anno1.g10661.t2	A
rna-XM_056777428.1	A	anno1.g10447.t1	A
rna-XM_056777437.1	A	anno1.g10443.t1	A
rna-XM_056776767.1	A	anno1.g10308.t1	A
rna-XM_056777004.1	A	anno1.g10306.t1	A
rna-XM_056776598.1	A	anno1.g10304.t1	A
rna-XM_056776599.1	A	anno1.g10303.t2	A
rna-XM_056776737.1	A	anno1.g10305.t1	A
rna-XM_056776507.1	A	anno1.g10338.t1	A
rna-XM_056776510.1	A	anno1.g7606.t1	A
rna-XM_056776512.1	A	anno1.g7900.t2	A
rna-XM_056777563.1	A	anno1.g7638.t2	A
rna-XM_056776939.1	A	anno1.g7636.t1	A
rna-XM_056776940.1	A	anno1.g7637.t1	A
rna-XM_056777722.1	A	anno1.g7632.t1	A
rna-XM_056777578.1	A	anno1.g7628.t1	A
rna-XM_056776674.1	A	anno1.g7624.t1	A
rna-XM_056777477.1	A	anno1.g3277.t1	A
rna-XM_056777610.1	A	anno1.g7622.t1	A
rna-XM_056777389.1	A	anno1.g7621.t1	A
rna-XM_056776734.1	A	anno1.g7614.t2	A
rna-XM_056777066.1	A	anno1.g7609.t1	A
rna-XM_056777718.1	A	anno1.g5786.t1	A
rna-XM_056778389.1	A	anno1.g909.t1	A
rna-XM_056778347.1	A	anno1.g849.t1	A
rna-XM_056778348.1	A	anno1.g11934.t1	A
rna-XM_056778349.1	A	anno1.g8356.t1	A
rna-XM_056777356.1	A	anno1.g8354.t1	A
rna-XM_056777357.1	A	anno1.g8344.t3	A
rna-XM_056777367.1	A	anno1.g1380.t1	A
rna-XM_056777368.1	A	anno1.g8346.t1	A
rna-XM_056777668.1	A	anno1.g6518.t1	A
rna-XM_056778350.1	A	anno1.g8591.t1	A
rna-XM_056777560.1	A	anno1.g1381.t2	A
rna-XM_056776898.1	A	anno1.g11936.t1	A
rna-XM_056778030.1	A	anno1.g6318.t1	A
rna-XM_056778031.1	A	anno1.g499.t2	A
rna-XM_056776592.1	A	anno1.g1075.t1	A
rna-XM_056776852.1	A	anno1.g8812.t1	A
rna-XM_056777546.1	A	anno1.g6086.t1	A
rna-XM_056777172.1	A	anno1.g7916.t1	A
rna-XM_056777047.1	A	anno1.g8822.t1	A
rna-XM_056777450.1	A	anno1.g10201.t1	A
rna-XM_056776671.1	A	anno1.g10202.t1	A
rna-XM_056776672.1	A	anno1.g10203.t2	A
rna-XM_056776456.1	A	anno1.g6940.t2	A
rna-XM_056776457.1	A	anno1.g6948.t1	A
rna-XM_056777263.1	A	anno1.g8832.t2	A
rna-XM_056777264.1	A	anno1.g8831.t1	A
rna-XM_056776676.1	A	anno1.g8830.t1	A
rna-XM_056776678.1	A	anno1.g8817.t1	A
rna-XM_056776679.1	A	anno1.g1774.t1	X
rna-XM_056776681.1	A	anno1.g8828.t1	A
rna-XM_056776684.1	A	anno1.g10546.t1	A
rna-XM_056776683.1	A	anno1.g10545.t1	A
rna-XM_056776687.1	A	anno1.g10200.t1	A
rna-XM_056776689.1	A	anno1.g10199.t1	A
rna-XM_056776690.1	A	anno1.g8861.t1	A
rna-XM_056776691.1	A	anno1.g10718.t1	A
rna-XM_056776692.1	A	anno1.g8819.t1	A
rna-XM_056776693.1	A	anno1.g8826.t1	A
rna-XM_056776695.1	A	anno1.g8823.t1	A
rna-XM_056776700.1	A	anno1.g7893.t1	A
rna-XM_056776704.1	A	anno1.g11722.t1	A
rna-XM_056776706.1	A	anno1.g11723.t1	A
rna-XM_056777576.1	A	anno1.g2736.t1	A
rna-XM_056777577.1	A	anno1.g9155.t1	A
rna-XM_056776710.1	A	anno1.g11724.t3	A
rna-XM_056777310.1	A	anno1.g11056.t2	A
rna-XM_056777311.1	A	anno1.g11192.t1	A
rna-XM_056777312.1	A	anno1.g11009.t1	A
rna-XM_056777313.1	A	anno1.g11010.t3	A
rna-XM_056777316.1	A	anno1.g549.t2	A
rna-XM_056777318.1	A	anno1.g11826.t1	A
rna-XM_056777320.1	A	anno1.g11173.t1	A
rna-XM_056777322.1	A	anno1.g7396.t1	A
rna-XM_056776876.1	A	anno1.g7408.t2	A
rna-XM_056776874.1	A	anno1.g7343.t1	A
rna-XM_056777877.1	A	anno1.g1125.t1	A
rna-XM_056777290.1	A	anno1.g7409.t2	A
rna-XM_056777453.1	A	anno1.g7411.t1	A
rna-XM_056777163.1	A	anno1.g8676.t1	A
rna-XM_056776580.1	A	anno1.g11345.t1	A
rna-XM_056776582.1	A	anno1.g13385.t1	A
rna-XM_056777635.1	A	anno1.g13361.t1	A
rna-XM_056778333.1	A	anno1.g12297.t1	A
rna-XM_056778335.1	A	anno1.g8921.t1	A
rna-XM_056778331.1	A	anno1.g6628.t1	A
rna-XM_056777241.1	A	anno1.g7101.t1	A
rna-XM_056778370.1	A	anno1.g10717.t1	A
rna-XM_056778384.1	A	anno1.g10716.t2	A
rna-XM_056776650.1	A	anno1.g1533.t1	A
rna-XM_056776656.1	A	anno1.g1510.t1	A
rna-XM_056777105.1	A	anno1.g1638.t1	A
rna-XM_056778409.1	A	anno1.g1620.t1	A
rna-XM_056778410.1	A	anno1.g1525.t2	A
rna-XM_056777650.1	A	anno1.g5758.t1	A
rna-XM_056777653.1	A	anno1.g5757.t1	A
rna-XM_056777654.1	A	anno1.g67.t1	A
rna-XM_056777655.1	A	anno1.g1649.t1	A
rna-XM_056777060.1	A	anno1.g1651.t2	A
rna-XM_056776359.1	A	anno1.g1522.t2	A
rna-XM_056776360.1	A	anno1.g1523.t1	A
rna-XM_056776362.1	A	anno1.g4578.t1	A
rna-XM_056777715.1	A	anno1.g1524.t1	A
rna-XM_056777888.1	A	anno1.g37.t1	A
rna-XM_056777071.1	A	anno1.g1606.t1	A
rna-XM_056776903.1	A	anno1.g5052.t2	A
rna-XM_056776865.1	A	anno1.g5053.t1	A
rna-XM_056777485.1	A	anno1.g5054.t1	A
rna-XM_056777030.1	A	anno1.g6585.t1	A
rna-XM_056777587.1	A	anno1.g6586.t1	A
rna-XM_056777850.1	A	anno1.g9075.t1	A
rna-XM_056777852.1	A	anno1.g1599.t2	A
rna-XM_056777851.1	A	anno1.g1600.t2	A
rna-XM_056777846.1	A	anno1.g1601.t1	A
rna-XM_056777855.1	A	anno1.g2789.t1	A
rna-XM_056777192.1	A	anno1.g5919.t1	A
rna-XM_056777191.1	A	anno1.g4806.t1	A
rna-XM_056777190.1	A	anno1.g7968.t1	A
rna-XM_056778089.1	A	anno1.g7953.t1	A
rna-XM_056778090.1	A	anno1.g7951.t1	A
rna-XM_056778091.1	A	anno1.g3605.t1	A
rna-XM_056778094.1	A	anno1.g3606.t3	A
rna-XM_056777633.1	A	anno1.g3993.t1	A
rna-XM_056776916.1	A	anno1.g3607.t1	A
rna-XM_056776918.1	A	anno1.g3994.t1	A
rna-XM_056777245.1	A	anno1.g11285.t1	A
rna-XM_056777246.1	A	anno1.g11284.t1	A
rna-XM_056776516.1	A	anno1.g3626.t2	A
rna-XM_056776521.1	A	anno1.g7584.t1	A
rna-XM_056776520.1	A	anno1.g2791.t1	A
rna-XM_056776514.1	A	anno1.g2790.t1	A
rna-XM_056776517.1	A	anno1.g4218.t1	A
rna-XM_056776519.1	A	anno1.g2795.t1	A
rna-XM_056777660.1	A	anno1.g2796.t1	A
rna-XM_056777661.1	A	anno1.g14370.t1	A
rna-XM_056777727.1	A	anno1.g2793.t2	A
rna-XM_056777889.1	A	anno1.g6313.t1	A
rna-XM_056777729.1	A	anno1.g2792.t1	A
rna-XM_056777677.1	A	anno1.g2797.t1	A
rna-XM_056777801.1	A	anno1.g2794.t2	A
rna-XM_056777804.1	A	anno1.g2798.t1	A
rna-XM_056777800.1	A	anno1.g2799.t1	A
rna-XM_056777000.1	A	anno1.g3293.t1	A
rna-XM_056776908.1	A	anno1.g3616.t1	A
rna-XM_056777673.1	A	anno1.g3617.t1	A
rna-XM_056777672.1	A	anno1.g3992.t1	A
rna-XM_056777570.1	A	anno1.g3991.t3	A
rna-XM_056777890.1	A	anno1.g3998.t1	A
rna-XM_056778013.1	A	anno1.g2691.t1	A
rna-XM_056778016.1	A	anno1.g11240.t1	A
rna-XM_056777965.1	A	anno1.g11238.t1	A
rna-XM_056777969.1	A	anno1.g11237.t1	A
rna-XM_056778001.1	A	anno1.g11236.t1	A
rna-XM_056778021.1	A	anno1.g7842.t3	A
rna-XM_056777968.1	A	anno1.g7841.t1	A
rna-XM_056778012.1	A	anno1.g3546.t1	A
rna-XM_056778020.1	A	anno1.g3210.t1	A
rna-XM_056778022.1	A	anno1.g5192.t1	A
rna-XM_056777966.1	A	anno1.g3548.t2	A
rna-XM_056778027.1	A	anno1.g3550.t1	A
rna-XM_056778026.1	A	anno1.g11669.t1	A
rna-XM_056777967.1	A	anno1.g3693.t1	A
rna-XM_056777998.1	A	anno1.g11671.t1	A
rna-XM_056778023.1	A	anno1.g14623.t1	A
rna-XM_056778003.1	A	anno1.g2788.t1	A
rna-XM_056778000.1	A	anno1.g1602.t1	A
rna-XM_056777962.1	A	anno1.g1648.t1	A
rna-XM_056778011.1	A	anno1.g11361.t1	A
rna-XM_056777989.1	A	anno1.g1608.t1	A
rna-XM_056777970.1	A	anno1.g5759.t2	A
rna-XM_056777991.1	A	anno1.g1603.t2	A
rna-XM_056778018.1	A	anno1.g1605.t1	A
rna-XM_056777895.1	A	anno1.g9522.t1	A
rna-XM_056776979.1	A	anno1.g1477.t2	A
rna-XM_056776353.1	A	anno1.g12346.t1	A
rna-XM_056776673.1	A	anno1.g12343.t1	A
rna-XM_056777057.1	A	anno1.g5847.t1	A
rna-XM_056777079.1	A	anno1.g5848.t2	A
rna-XM_056777897.1	A	anno1.g5856.t1	A
rna-XM_056777842.1	A	anno1.g5851.t1	A
rna-XM_056777843.1	A	anno1.g5855.t1	A
rna-XM_056777840.1	A	anno1.g5854.t1	A
rna-XM_056777837.1	A	anno1.g5852.t1	A
rna-XM_056777289.1	A	anno1.g5853.t1	A
rna-XM_056776424.1	A	anno1.g5946.t1	A
rna-XM_056776423.1	A	anno1.g11808.t1	A
rna-XM_056776425.1	A	anno1.g1614.t2	A
rna-XM_056776419.1	A	anno1.g1572.t1	A
rna-XM_056777088.1	A	anno1.g12207.t2	A
rna-XM_056777423.1	A	anno1.g2.t1	A
rna-XM_056777757.1	A	anno1.g1580.t1	A
rna-XM_056777756.1	A	anno1.g1562.t1	A
rna-XM_056777758.1	A	anno1.g1581.t2	A
rna-XM_056777759.1	A	anno1.g1583.t1	A
rna-XM_056777761.1	A	anno1.g177.t1	A
rna-XM_056777760.1	A	anno1.g183.t1	A
rna-XM_056777458.1	A	anno1.g178.t1	A
rna-XM_056777259.1	A	anno1.g11515.t1	A
rna-XM_056777622.1	A	anno1.g184.t1	A
rna-XM_056777717.1	A	anno1.g10181.t1	A
rna-XM_056777798.1	A	anno1.g12781.t1	A
rna-XM_056776993.1	A	anno1.g12205.t1	A
rna-XM_056776992.1	A	anno1.g9008.t1	A
rna-XM_056776995.1	A	anno1.g12778.t1	A
rna-XM_056776994.1	A	anno1.g12779.t1	A
rna-XM_056777898.1	A	anno1.g12777.t3	A
rna-XM_056777735.1	A	anno1.g1635.t1	A
rna-XM_056776487.1	A	anno1.g1557.t1	A
rna-XM_056776950.1	A	anno1.g1551.t2	A
rna-XM_056777845.1	A	anno1.g10135.t1	A
rna-XM_056777196.1	A	anno1.g9661.t1	A
rna-XM_056777168.1	A	anno1.g9714.t1	A
rna-XM_056776543.1	A	anno1.g9713.t1	A
rna-XM_056776531.1	A	anno1.g9712.t1	A
rna-XM_056776769.1	A	anno1.g6578.t1	A
rna-XM_056777773.1	A	anno1.g6575.t1	A
rna-XM_056777771.1	A	anno1.g9516.t1	A
rna-XM_056777772.1	A	anno1.g8674.t1	A
rna-XM_056777775.1	A	anno1.g8675.t1	A
rna-XM_056777258.1	A	anno1.g9285.t2	A
rna-XM_056777567.1	A	anno1.g9284.t2	A
rna-XM_056777568.1	A	anno1.g9282.t1	A
rna-XM_056776922.1	A	anno1.g8685.t1	A
rna-XM_056776928.1	A	anno1.g9283.t1	A
rna-XM_056777594.1	A	anno1.g13313.t1	A
rna-XM_056776631.1	A	anno1.g8668.t2	A
rna-XM_056776632.1	A	anno1.g14762.t1	A
rna-XM_056777902.1	A	anno1.g8670.t2	A
rna-XM_056776629.1	A	anno1.g8671.t1	A
rna-XM_056776630.1	A	anno1.g8919.t1	A
rna-XM_056777615.1	A	anno1.g8669.t1	A
rna-XM_056777616.1	A	anno1.g8673.t1	A
rna-XM_056777617.1	A	anno1.g8665.t1	A
rna-XM_056777763.1	A	anno1.g9725.t1	A
rna-XM_056777764.1	A	anno1.g9581.t2	A
rna-XM_056777770.1	A	anno1.g9582.t1	A
rna-XM_056777303.1	A	anno1.g9895.t2	A
rna-XM_056776614.1	A	anno1.g9580.t1	A
rna-XM_056777662.1	A	anno1.g9583.t1	A
rna-XM_056777664.1	A	anno1.g9893.t1	A
rna-XM_056776452.1	A	anno1.g9117.t1	A
rna-XM_056776451.1	A	anno1.g9119.t1	A
rna-XM_056776454.1	A	anno1.g9118.t1	A
rna-XM_056777046.1	A	anno1.g9113.t1	A
rna-XM_056777551.1	A	anno1.g9114.t1	A
rna-XM_056777049.1	A	anno1.g9123.t1	A
rna-XM_056776757.1	A	anno1.g9547.t3	A
rna-XM_056777468.1	A	anno1.g9128.t1	A
rna-XM_056777345.1	A	anno1.g9127.t1	A
rna-XM_056776478.1	A	anno1.g9126.t1	A
rna-XM_056776480.1	A	anno1.g9125.t2	A
rna-XM_056776363.1	A	anno1.g9566.t2	A
rna-XM_056776364.1	A	anno1.g9120.t1	A
rna-XM_056776365.1	A	anno1.g9124.t1	A
rna-XM_056776525.1	A	anno1.g9548.t2	A
rna-XM_056776526.1	A	anno1.g9549.t2	A
rna-XM_056776527.1	A	anno1.g8710.t1	A
rna-XM_056777478.1	A	anno1.g8713.t1	A
rna-XM_056776996.1	A	anno1.g9137.t3	A
rna-XM_056776999.1	A	anno1.g9138.t1	A
rna-XM_056777464.1	A	anno1.g9560.t1	A
rna-XM_056777466.1	A	anno1.g9558.t1	A
rna-XM_056776884.1	A	anno1.g9562.t2	A
rna-XM_056777749.1	A	anno1.g9563.t1	A
rna-XM_056777627.1	A	anno1.g9564.t4	A
rna-XM_056777667.1	A	anno1.g9565.t1	A
rna-XM_056777645.1	A	anno1.g9888.t1	A
rna-XM_056777643.1	A	anno1.g9889.t1	A
rna-XM_056777463.1	A	anno1.g9115.t1	A
rna-XM_056776590.1	A	anno1.g9887.t1	A
rna-XM_056776486.1	A	anno1.g9886.t2	A
rna-XM_056777240.1	A	anno1.g9884.t1	A
rna-XM_056777906.1	A	anno1.g9660.t1	A
rna-XM_056777095.1	A	anno1.g9659.t1	A
rna-XM_056777090.1	A	anno1.g1992.t1	X
rna-XM_056777788.1	A	anno1.g9116.t2	A
rna-XM_056777792.1	A	anno1.g9121.t1	A
rna-XM_056777794.1	A	anno1.g9122.t1	A
rna-XM_056777910.1	A	anno1.g9552.t1	A
rna-XM_056777793.1	A	anno1.g7858.t1	A
rna-XM_056778369.1	A	anno1.g9546.t1	A
rna-XM_056778361.1	A	anno1.g3476.t1	A
rna-XM_056777270.1	A	anno1.g2744.t3	A
rna-XM_056777656.1	A	anno1.g2742.t1	A
rna-XM_056776524.1	A	anno1.g2276.t1	A
rna-XM_056776522.1	A	anno1.g11181.t1	A
rna-XM_056777708.1	A	anno1.g11363.t2	A
rna-XM_056777912.1	A	anno1.g11357.t1	A
rna-XM_056777913.1	A	anno1.g9701.t1	A
rna-XM_056776986.1	A	anno1.g12966.t1	A
rna-XM_056776455.1	A	anno1.g1541.t1	A
rna-XM_056777305.1	A	anno1.g9794.t2	A
rna-XM_056777914.1	A	anno1.g9795.t1	A
rna-XM_056777916.1	A	anno1.g7322.t1	A
rna-XM_056777606.1	A	anno1.g4178.t1	A
rna-XM_056777058.1	A	anno1.g13335.t1	A
rna-XM_056776620.1	A	anno1.g13798.t1	A
rna-XM_056776899.1	A	anno1.g10142.t1	A
rna-XM_056777158.1	A	anno1.g10141.t1	A
rna-XM_056776981.1	A	anno1.g10140.t1	A
rna-XM_056776460.1	A	anno1.g10137.t1	A
rna-XM_056777865.1	A	anno1.g13658.t1	A
rna-XM_056777212.1	A	anno1.g6799.t1	A
rna-XM_056777215.1	A	anno1.g6805.t1	A
rna-XM_056778396.1	A	anno1.g6804.t1	A
rna-XM_056777481.1	A	anno1.g6800.t1	A
rna-XM_056777487.1	A	anno1.g6041.t1	A
rna-XM_056777488.1	A	anno1.g6042.t1	A
rna-XM_056777480.1	A	anno1.g6043.t1	A
rna-XM_056776771.1	A	anno1.g6044.t1	A
rna-XM_056776772.1	A	anno1.g6045.t1	A
rna-XM_056777117.1	A	anno1.g1592.t1	A
rna-XM_056777472.1	A	anno1.g1589.t1	A
rna-XM_056776873.1	A	anno1.g1590.t1	A
rna-XM_056776871.1	A	anno1.g1588.t1	A
rna-XM_056776750.1	A	anno1.g1613.t1	A
rna-XM_056777917.1	A	anno1.g1612.t1	A
rna-XM_056777703.1	A	anno1.g1587.t1	A
rna-XM_056777605.1	A	anno1.g1586.t1	A
rna-XM_056777823.1	A	anno1.g1584.t1	A
rna-XM_056777918.1	A	anno1.g1585.t1	A
rna-XM_056777825.1	A	anno1.g5843.t1	A
rna-XM_056777822.1	A	anno1.g1503.t1	A
rna-XM_056777828.1	A	anno1.g5842.t1	A
rna-XM_056777829.1	A	anno1.g256.t1	A
rna-XM_056777116.1	A	anno1.g13657.t1	A
rna-XM_056777395.1	A	anno1.g13377.t1	A
rna-XM_056777396.1	A	anno1.g8489.t1	A
rna-XM_056777098.1	A	anno1.g9192.t1	A
rna-XM_056777184.1	A	anno1.g1469.t3	A
rna-XM_056777186.1	A	anno1.g7330.t1	A
rna-XM_056776885.1	A	anno1.g9186.t1	A
rna-XM_056776501.1	A	anno1.g8510.t1	A
rna-XM_056776584.1	A	anno1.g9164.t1	A
rna-XM_056777920.1	A	anno1.g14639.t1	A
rna-XM_056776904.1	A	anno1.g9162.t2	A
rna-XM_056777731.1	A	anno1.g5200.t2	A
rna-XM_056777921.1	A	anno1.g13485.t1	A
rna-XM_056777922.1	A	anno1.g6798.t1	A
rna-XM_056777733.1	A	anno1.g13242.t1	A
rna-XM_056777734.1	A	anno1.g2453.t1	A
rna-XM_056777685.1	A	anno1.g6796.t1	A
rna-XM_056777200.1	A	anno1.g6795.t1	A
rna-XM_056777201.1	A	anno1.g6682.t2	A
rna-XM_056777430.1	A	anno1.g6681.t1	A
rna-XM_056777925.1	A	anno1.g6679.t1	A
rna-XM_056777637.1	A	anno1.g6675.t1	A
rna-XM_056777681.1	A	anno1.g6674.t1	A
rna-XM_056777492.1	A	anno1.g6673.t1	A
rna-XM_056777496.1	A	anno1.g6669.t1	A
rna-XM_056777499.1	A	anno1.g6665.t1	A
rna-XM_056777505.1	A	anno1.g6664.t1	A
rna-XM_056777507.1	A	anno1.g6662.t1	A
rna-XM_056777508.1	A	anno1.g6661.t1	A
rna-XM_056777509.1	A	anno1.g6693.t1	A
rna-XM_056777513.1	A	anno1.g6694.t1	A
rna-XM_056777521.1	A	anno1.g4179.t1	A
rna-XM_056777524.1	A	anno1.g13805.t1	A
rna-XM_056777526.1	A	anno1.g13806.t1	A
rna-XM_056777528.1	A	anno1.g13799.t1	A
rna-XM_056777529.1	A	anno1.g13802.t1	A
rna-XM_056777532.1	A	anno1.g13801.t1	A
rna-XM_056777530.1	A	anno1.g13357.t1	A
rna-XM_056777531.1	A	anno1.g13358.t1	A
rna-XM_056777534.1	A	anno1.g13285.t1	A
rna-XM_056777535.1	A	anno1.g13286.t1	A
rna-XM_056777537.1	A	anno1.g13287.t1	A
rna-XM_056777536.1	A	anno1.g13276.t1	A
rna-XM_056777539.1	A	anno1.g13247.t1	A
rna-XM_056777540.1	A	anno1.g13241.t1	A
rna-XM_056777542.1	A	anno1.g13239.t1	A
rna-XM_056777545.1	A	anno1.g13251.t1	A
rna-XM_056777244.1	A	anno1.g13261.t1	A
rna-XM_056777927.1	A	anno1.g13260.t1	A
rna-XM_056777611.1	A	anno1.g13259.t1	A
rna-XM_056777928.1	A	anno1.g13257.t1	A
rna-XM_056776861.1	A	anno1.g13256.t1	A
rna-XM_056776351.1	A	anno1.g12242.t1	A
rna-XM_056777102.1	A	anno1.g4408.t1	A
rna-XM_056777048.1	A	anno1.g6329.t1	A
rna-XM_056777096.1	A	anno1.g5089.t2	A
rna-XM_056777097.1	A	anno1.g11432.t1	A
rna-XM_056778324.1	A	anno1.g6851.t1	A
rna-XM_056778325.1	A	anno1.g6235.t2	A
rna-XM_056778329.1	A	anno1.g6236.t1	A
rna-XM_056778326.1	A	anno1.g1344.t1	A
rna-XM_056778328.1	A	anno1.g12487.t1	A
rna-XM_056777932.1	A	anno1.g10968.t1	A
rna-XM_056777621.1	A	anno1.g5082.t2	A
rna-XM_056777077.1	A	anno1.g5080.t1	A
rna-XM_056777687.1	A	anno1.g5076.t1	A
rna-XM_056777688.1	A	anno1.g5074.t1	A
rna-XM_056777279.1	A	anno1.g5073.t1	A
rna-XM_056777121.1	A	anno1.g5072.t1	A
rna-XM_056777134.1	A	anno1.g9910.t1	A
rna-XM_056777938.1	A	anno1.g5070.t1	A
rna-XM_056777131.1	A	anno1.g4405.t1	A
rna-XM_056777122.1	A	anno1.g9792.t1	A
rna-XM_056777126.1	A	anno1.g2326.t2	A
rna-XM_056777124.1	A	anno1.g4766.t1	A
rna-XM_056777130.1	A	anno1.g6328.t1	A
rna-XM_056777129.1	A	anno1.g4343.t1	A
rna-XM_056777123.1	A	anno1.g13033.t1	A
rna-XM_056777125.1	A	anno1.g13675.t1	A
rna-XM_056777136.1	A	anno1.g9909.t1	A
rna-XM_056777135.1	A	anno1.g4346.t1	A
rna-XM_056777138.1	A	anno1.g4348.t2	A
rna-XM_056777146.1	A	anno1.g4349.t1	A
rna-XM_056777142.1	A	anno1.g4350.t1	A
rna-XM_056777150.1	A	anno1.g4368.t1	A
rna-XM_056777143.1	A	anno1.g4369.t1	A
rna-XM_056777148.1	A	anno1.g5083.t2	A
rna-XM_056776952.1	A	anno1.g6618.t1	A
rna-XM_056776658.1	A	anno1.g4586.t1	A
rna-XM_056776991.1	A	anno1.g4575.t1	A
rna-XM_056777590.1	A	anno1.g4563.t1	A
rna-XM_056777589.1	A	anno1.g4577.t1	A
rna-XM_056777939.1	A	anno1.g4581.t1	A
rna-XM_056777831.1	A	anno1.g4582.t1	A
rna-XM_056777832.1	A	anno1.g4583.t1	A
rna-XM_056777834.1	A	anno1.g4585.t1	A
rna-XM_056777836.1	A	anno1.g4576.t1	A
rna-XM_056777256.1	A	anno1.g4565.t1	A
rna-XM_056778341.1	A	anno1.g7026.t1	A
rna-XM_056778340.1	A	anno1.g6806.t2	A
rna-XM_056778342.1	A	anno1.g6709.t1	A
rna-XM_056778336.1	A	anno1.g6710.t3	A
rna-XM_056776748.1	A	anno1.g6711.t1	A
rna-XM_056777555.1	A	anno1.g9632.t1	A
rna-XM_056778096.1	A	anno1.g8438.t5	A
rna-XM_056778099.1	A	anno1.g3196.t1	A
rna-XM_056778103.1	A	anno1.g9275.t1	A
rna-XM_056778104.1	A	anno1.g7482.t1	A
rna-XM_056778105.1	A	anno1.g12891.t1	A
rna-XM_056778106.1	A	anno1.g12664.t1	A
rna-XM_056778107.1	A	anno1.g12888.t1	A
rna-XM_056778110.1	A	anno1.g4550.t2	A
rna-XM_056778112.1	A	anno1.g4098.t1	A
rna-XM_056778111.1	A	anno1.g7179.t1	A
rna-XM_056778113.1	A	anno1.g13854.t1	A
rna-XM_056778118.1	A	anno1.g13855.t6	A
rna-XM_056777944.1	A	anno1.g8658.t1	A
rna-XM_056778128.1	A	anno1.g7728.t1	A
rna-XM_056778133.1	A	anno1.g7730.t1	A
rna-XM_056778134.1	A	anno1.g4551.t1	A
rna-XM_056778136.1	A	anno1.g4552.t2	A
rna-XM_056778137.1	A	anno1.g4554.t2	A
rna-XM_056778140.1	A	anno1.g4570.t2	A
rna-XM_056777945.1	A	anno1.g4556.t1	A
rna-XM_056778141.1	A	anno1.g4568.t1	A
rna-XM_056778142.1	A	anno1.g4567.t1	A
rna-XM_056778143.1	A	anno1.g4561.t1	A
rna-XM_056778144.1	A	anno1.g4562.t1	A
rna-XM_056777159.1	A	anno1.g107.t1	A
rna-XM_056776662.1	A	anno1.g6570.t5	A
rna-XM_056777591.1	A	anno1.g268.t1	A
rna-XM_056777866.1	A	anno1.g269.t1	A
rna-XM_056777867.1	A	anno1.g6584.t1	A
rna-XM_056777869.1	A	anno1.g10173.t1	A
rna-XM_056777870.1	A	anno1.g7027.t1	A
rna-XM_056777872.1	A	anno1.g6776.t1	A
rna-XM_056777874.1	A	anno1.g6808.t1	A
rna-XM_056777873.1	A	anno1.g6387.t1	A
rna-XM_056777876.1	A	anno1.g4888.t1	A
rna-XM_056777195.1	A	anno1.g4421.t2	A
rna-XM_056776941.1	A	anno1.g4419.t1	A
rna-XM_056776660.1	A	anno1.g1499.t2	A
rna-XM_056777948.1	A	anno1.g1500.t1	A
rna-XM_056777032.1	A	anno1.g1502.t1	A
rna-XM_056776883.1	A	anno1.g255.t1	A
rna-XM_056776447.1	A	anno1.g9984.t1	A
rna-XM_056777179.1	A	anno1.g1480.t1	A
rna-XM_056777006.1	A	anno1.g8667.t2	A
rna-XM_056776896.1	A	anno1.g12311.t3	A
rna-XM_056777623.1	A	anno1.g8495.t1	A
rna-XM_056776417.1	A	anno1.g13034.t1	A
rna-XM_056777951.1	A	anno1.g8494.t1	A
rna-XM_056777111.1	A	anno1.g1251.t1	A
rna-XM_056777280.1	A	anno1.g7210.t1	A
rna-XM_056777647.1	A	anno1.g7209.t1	A
rna-XM_056777952.1	A	anno1.g7208.t1	A
rna-XM_056777954.1	A	anno1.g7206.t1	A
rna-XM_056776954.1	A	anno1.g7202.t2	A
rna-XM_056777273.1	A	anno1.g9590.t1	A
rna-XM_056777277.1	A	anno1.g9589.t1	A
rna-XM_056777181.1	A	anno1.g9761.t1	A
rna-XM_056776972.1	A	anno1.g6783.t1	A
rna-XM_056776732.1	A	anno1.g11108.t2	A
rna-XM_056777547.1	A	anno1.g8425.t2	A
rna-XM_056777548.1	A	anno1.g8421.t1	A
rna-XM_056777670.1	A	anno1.g9927.t1	A
rna-XM_056777671.1	A	anno1.g953.t1	A
rna-XM_056776936.1	A	anno1.g13016.t1	A
rna-XM_056777026.1	A	anno1.g1382.t1	A
rna-XM_056777024.1	A	anno1.g13004.t2	A
rna-XM_056777022.1	A	anno1.g14286.t1	A
rna-XM_056777106.1	A	anno1.g14205.t2	A
rna-XM_056777387.1	A	anno1.g6658.t1	A
rna-XM_056777050.1	A	anno1.g6077.t1	A
rna-XM_056777210.1	A	anno1.g6078.t2	A
rna-XM_056777211.1	A	anno1.g12402.t1	A
rna-XM_056777441.1	A	anno1.g8203.t1	A
rna-XM_056777697.1	A	anno1.g4282.t1	A
rna-XM_056777696.1	A	anno1.g8084.t1	A
rna-XM_056777955.1	A	anno1.g8086.t1	A
rna-XM_056777089.1	A	anno1.g12292.t1	A
rna-XM_056776847.1	A	anno1.g8071.t2	A
rna-XM_056776851.1	A	anno1.g8322.t2	A
rna-XM_056776849.1	A	anno1.g6656.t1	A
rna-XM_056777724.1	A	anno1.g6655.t1	A
rna-XM_056777189.1	A	anno1.g8252.t6	A
rna-XM_056776773.1	A	anno1.g8588.t1	A
rna-XM_056776774.1	A	anno1.g8582.t1	A
rna-XM_056776775.1	A	anno1.g8584.t1	A
rna-XM_056776778.1	A	anno1.g8370.t1	A
rna-XM_056776782.1	A	anno1.g8366.t1	A
rna-XM_056776781.1	A	anno1.g13990.t1	A
rna-XM_056776788.1	A	anno1.g13562.t1	A
rna-XM_056776805.1	A	anno1.g13560.t1	A
rna-XM_056776799.1	A	anno1.g13559.t1	A
rna-XM_056776808.1	A	anno1.g13548.t1	A
rna-XM_056776806.1	A	anno1.g13427.t2	A
rna-XM_056776789.1	A	anno1.g8200.t3	A
rna-XM_056776798.1	A	anno1.g8028.t1	A
rna-XM_056776809.1	A	anno1.g8031.t1	A
rna-XM_056776840.1	A	anno1.g8201.t1	A
rna-XM_056776843.1	A	anno1.g8436.t1	A
rna-XM_056776844.1	A	anno1.g8433.t2	A
rna-XM_056776842.1	A	anno1.g8430.t2	A
rna-XM_056777592.1	A	anno1.g3208.t2	A
rna-XM_056777447.1	A	anno1.g3183.t1	A
rna-XM_056777449.1	A	anno1.g3203.t1	A
rna-XM_056777446.1	A	anno1.g13013.t1	A
rna-XM_056777287.1	A	anno1.g12360.t1	A
rna-XM_056777288.1	A	anno1.g10780.t1	A
rna-XM_056777599.1	A	anno1.g10458.t1	A
rna-XM_056777600.1	A	anno1.g4048.t1	A
rna-XM_056777602.1	A	anno1.g4038.t1	A
rna-XM_056776633.1	A	anno1.g5261.t2	A
rna-XM_056777959.1	A	anno1.g5262.t1	A
rna-XM_056777242.1	A	anno1.g5587.t1	A
rna-XM_056777243.1	A	anno1.g5586.t1	A
rna-XM_056777343.1	A	anno1.g5256.t1	A
rna-XM_056777331.1	A	anno1.g5259.t1	A
rna-XM_056777114.1	A	anno1.g14597.t2	A
rna-XM_056776867.1	A	anno1.g12226.t1	A
rna-XM_056778344.1	A	anno1.g6396.t1	A
rna-XM_056778343.1	A	anno1.g6365.t1	A
rna-XM_056777693.1	A	anno1.g6366.t1	A
rna-XM_056777694.1	A	anno1.g10295.t1	A
rna-XM_056777960.1	A	anno1.g7457.t1	A
rna-XM_056776953.1	A	anno1.g10294.t1	A
rna-XM_056776977.1	A	anno1.g12035.t1	A
rna-XM_056776635.1	A	anno1.g6175.t1	A
rna-XM_056776636.1	A	anno1.g6176.t1	A
rna-XM_056777572.1	A	anno1.g12223.t1	A
rna-XM_056776958.1	A	anno1.g12222.t1	A
rna-XM_056776733.1	A	anno1.g12034.t1	A
rna-XM_056777115.1	A	anno1.g4638.t1	A
rna-XM_056776640.1	A	anno1.g12332.t1	A
rna-XM_056776644.1	A	anno1.g6397.t1	A
rna-XM_056777712.1	A	anno1.g14127.t2	A
rna-XM_056777714.1	A	anno1.g4021.t1	A
rna-XM_056777278.1	A	anno1.g193.t1	A
rna-XM_056778040.1	A	anno1.g12862.t1	A
rna-XM_056778046.1	A	anno1.g12861.t1	A
rna-XM_056778043.1	A	anno1.g10897.t1	A
rna-XM_056778033.1	A	anno1.g10898.t1	A
rna-XM_056778047.1	A	anno1.g10899.t1	A
rna-XM_056778048.1	A	anno1.g11422.t1	A
rna-XM_056778049.1	A	anno1.g6878.t1	A
rna-XM_056778054.1	A	anno1.g6879.t1	A
rna-XM_056778053.1	A	anno1.g7848.t1	A
rna-XM_056778055.1	A	anno1.g8799.t1	A
rna-XM_056778060.1	A	anno1.g2305.t1	A
rna-XM_056778059.1	A	anno1.g2304.t1	A
rna-XM_056778063.1	A	anno1.g5742.t1	A
rna-XM_056778061.1	A	anno1.g4176.t2	A
rna-XM_056778065.1	A	anno1.g13556.t2	A
rna-XM_056778066.1	A	anno1.g13555.t1	A
rna-XM_056778068.1	A	anno1.g13646.t1	A
rna-XM_056778075.1	A	anno1.g13626.t1	A
rna-XM_056778084.1	A	anno1.g13637.t1	A
rna-XM_056778082.1	A	anno1.g13638.t2	A
rna-XM_056779151.1	A	anno1.g4295.t1	A
rna-XM_056779417.1	A	anno1.g1016.t2	A
rna-XM_056779420.1	A	anno1.g14251.t1	A
rna-XM_056778498.1	A	anno1.both_agree_g3233.t2	A
rna-XM_056779327.1	A	anno1.g8811.t1	A
rna-XM_056778716.1	A	anno1.g8809.t1	A
rna-XM_056779431.1	A	anno1.g8896.t1	A
rna-XM_056779432.1	A	anno1.g10713.t1	A
rna-XM_056779769.1	A	anno1.g8469.t1	A
rna-XM_056779770.1	A	anno1.g8468.t3	A
rna-XM_056779768.1	A	anno1.g8467.t1	A
rna-XM_056779779.1	A	anno1.g8470.t1	A
rna-XM_056778461.1	A	anno1.g8472.t1	A
rna-XM_056778464.1	A	anno1.g8471.t1	A
rna-XM_056779045.1	A	anno1.g8466.t1	A
rna-XM_056779039.1	A	anno1.g8465.t1	A
rna-XM_056779038.1	A	anno1.g8464.t1	A
rna-XM_056779284.1	A	anno1.g8463.t1	A
rna-XM_056779463.1	A	anno1.g8460.t1	A
rna-XM_056779434.1	A	anno1.g8459.t1	A
rna-XM_056779279.1	A	anno1.g8458.t1	A
rna-XM_056778814.1	A	anno1.g8457.t1	A
rna-XM_056778655.1	A	anno1.g219.t1	A
rna-XM_056778652.1	A	anno1.g218.t1	A
rna-XM_056778656.1	A	anno1.g6138.t1	A
rna-XM_056778657.1	A	anno1.g6137.t2	A
rna-XM_056779065.1	A	anno1.g6136.t2	A
rna-XM_056779066.1	A	anno1.g6135.t1	A
rna-XM_056779067.1	A	anno1.g741.t2	A
rna-XM_056779356.1	A	anno1.g12554.t1	A
rna-XM_056779720.1	A	anno1.g5995.t2	A
rna-XM_056779722.1	A	anno1.g8271.t1	A
rna-XM_056779725.1	A	anno1.g7407.t1	A
rna-XM_056779313.1	A	anno1.g5760.t1	A
rna-XM_056779315.1	A	anno1.g5765.t1	A
rna-XM_056779316.1	A	anno1.g216.t1	A
rna-XM_056779118.1	A	anno1.g20.t1	A
rna-XM_056779794.1	A	anno1.g213.t2	A
rna-XM_056779799.1	A	anno1.g12494.t1	A
rna-XM_056779806.1	A	anno1.g214.t1	A
rna-XM_056779808.1	A	anno1.g215.t1	A
rna-XM_056779339.1	A	anno1.g5771.t1	A
rna-XM_056778832.1	A	anno1.g6134.t2	A
rna-XM_056778833.1	A	anno1.g11882.t1	A
rna-XM_056778834.1	A	anno1.g5768.t1	A
rna-XM_056779416.1	A	anno1.g5767.t1	A
rna-XM_056779568.1	A	anno1.g11435.t1	A
rna-XM_056778915.1	A	anno1.g11433.t1	A
rna-XM_056779444.1	A	anno1.g13151.t1	A
rna-XM_056779160.1	A	anno1.g11360.t1	A
rna-XM_056779894.1	A	anno1.g9029.t1	A
rna-XM_056779448.1	A	anno1.g11131.t1	A
rna-XM_056778917.1	A	anno1.g13896.t1	A
rna-XM_056779569.1	A	anno1.g10862.t1	A
rna-XM_056779572.1	A	anno1.g10863.t2	A
rna-XM_056779382.1	A	anno1.g11951.t1	A
rna-XM_056779633.1	A	anno1.g3670.t1	A
rna-XM_056779634.1	A	anno1.g2232.t1	X
rna-XM_056779632.1	A	anno1.g3514.t1	A
rna-XM_056779457.1	A	anno1.g3516.t1	A
rna-XM_056779613.1	A	anno1.g3517.t7	A
rna-XM_056779635.1	A	anno1.g2717.t1	A
rna-XM_056779428.1	A	anno1.g14596.t1	A
rna-XM_056780025.1	A	anno1.g10311.t1	A
rna-XM_056780026.1	A	anno1.g1136.t1	A
rna-XM_056780027.1	A	anno1.g14595.t1	A
rna-XM_056779174.1	A	anno1.g5249.t1	A
rna-XM_056779458.1	A	anno1.g5250.t1	A
rna-XM_056779459.1	A	anno1.g13145.t2	A
rna-XM_056779027.1	A	anno1.g14551.t1	A
rna-XM_056778582.1	A	anno1.g13142.t1	A
rna-XM_056779551.1	A	anno1.g13141.t1	A
rna-XM_056779552.1	A	anno1.g14549.t1	A
rna-XM_056779179.1	A	anno1.g14548.t1	A
rna-XM_056779652.1	A	anno1.g4113.t1	A
rna-XM_056779653.1	A	anno1.g4148.t1	A
rna-XM_056779654.1	A	anno1.g5545.t1	A
rna-XM_056779421.1	A	anno1.g13753.t1	A
rna-XM_056779592.1	A	anno1.g13758.t1	A
rna-XM_056779422.1	A	anno1.g13757.t1	A
rna-XM_056779119.1	A	anno1.g13756.t1	A
rna-XM_056778938.1	A	anno1.g13760.t1	A
rna-XM_056779295.1	A	anno1.g13577.t1	A
rna-XM_056779597.1	A	anno1.g5461.t1	A
rna-XM_056778893.1	A	anno1.g5358.t1	A
rna-XM_056778890.1	A	anno1.g13148.t1	A
rna-XM_056778896.1	A	anno1.g5243.t1	A
rna-XM_056778981.1	A	anno1.g5357.t3	A
rna-XM_056778431.1	A	anno1.g5309.t1	A
rna-XM_056778434.1	A	anno1.g5334.t1	A
rna-XM_056779464.1	A	anno1.g13583.t1	A
rna-XM_056779474.1	A	anno1.g8241.t2	A
rna-XM_056779465.1	A	anno1.g12569.t1	A
rna-XM_056779003.1	A	anno1.g8240.t1	A
rna-XM_056779005.1	A	anno1.g8237.t1	A
rna-XM_056779661.1	A	anno1.g8368.t1	A
rna-XM_056779660.1	A	anno1.g8367.t2	A
rna-XM_056778745.1	A	anno1.g8369.t2	A
rna-XM_056778480.1	A	anno1.g8372.t1	A
rna-XM_056779468.1	A	anno1.g13561.t1	A
rna-XM_056779469.1	A	anno1.g13425.t1	A
rna-XM_056778846.1	A	anno1.g257.t1	A
rna-XM_056779257.1	A	anno1.g252.t3	A
rna-XM_056779260.1	A	anno1.g10117.t1	A
rna-XM_056778495.1	A	anno1.g250.t2	A
rna-XM_056779136.1	A	anno1.g1621.t1	A
rna-XM_056779126.1	A	anno1.g1506.t1	A
rna-XM_056779134.1	A	anno1.g10876.t1	A
rna-XM_056778430.1	A	anno1.g14.t1	A
rna-XM_056779471.1	A	anno1.g6.t1	A
rna-XM_056779243.1	A	anno1.g1634.t1	A
rna-XM_056778736.1	A	anno1.g6553.t1	A
rna-XM_056778789.1	A	anno1.g6554.t1	A
rna-XM_056779076.1	A	anno1.g6445.t1	A
rna-XM_056779078.1	A	anno1.g6446.t1	A
rna-XM_056779265.1	A	anno1.g6444.t1	A
rna-XM_056779475.1	A	anno1.g1609.t1	A
rna-XM_056780043.1	A	anno1.g6535.t1	A
rna-XM_056779415.1	A	anno1.g911.t1	A
rna-XM_056778478.1	A	anno1.g10940.t1	A
rna-XM_056778733.1	A	anno1.g11034.t1	A
rna-XM_056778831.1	A	anno1.g11027.t1	A
rna-XM_056779020.1	A	anno1.g81.t1	A
rna-XM_056778523.1	A	anno1.g1595.t2	A
rna-XM_056778528.1	A	anno1.g6739.t1	A
rna-XM_056778529.1	A	anno1.g1593.t1	A
rna-XM_056778521.1	A	anno1.g7001.t1	A
rna-XM_056778524.1	A	anno1.g5839.t1	A
rna-XM_056779203.1	A	anno1.g5844.t1	A
rna-XM_056779637.1	A	anno1.g9369.t1	A
rna-XM_056779636.1	A	anno1.g8594.t2	A
rna-XM_056779638.1	A	anno1.g7914.t1	A
rna-XM_056778806.1	A	anno1.g8000.t1	A
rna-XM_056779229.1	A	anno1.g12359.t1	A
rna-XM_056779889.1	A	anno1.g7433.t1	A
rna-XM_056779892.1	A	anno1.g12736.t2	A
rna-XM_056779893.1	A	anno1.g4323.t1	A
rna-XM_056779890.1	A	anno1.g4797.t1	A
rna-XM_056779216.1	A	anno1.g12323.t1	A
rna-XM_056779217.1	A	anno1.g12324.t1	A
rna-XM_056778436.1	A	anno1.g949.t1	A
rna-XM_056778438.1	A	anno1.g951.t1	A
rna-XM_056778435.1	A	anno1.g887.t2	A
rna-XM_056779012.1	A	anno1.g886.t1	A
rna-XM_056778555.1	A	anno1.g243.t1	A
rna-XM_056778559.1	A	anno1.g885.t2	A
rna-XM_056778558.1	A	anno1.g884.t1	A
rna-XM_056778667.1	A	anno1.g881.t1	A
rna-XM_056779125.1	A	anno1.g879.t1	A
rna-XM_056779611.1	A	anno1.g3355.t1	A
rna-XM_056779608.1	A	anno1.g857.t2	A
rna-XM_056779612.1	A	anno1.g9269.t1	A
rna-XM_056779218.1	A	anno1.g860.t1	A
rna-XM_056778979.1	A	anno1.g4126.t2	A
rna-XM_056779334.1	A	anno1.g10362.t3	A
rna-XM_056778616.1	A	anno1.g11558.t1	A
rna-XM_056779029.1	A	anno1.g5750.t2	A
rna-XM_056779070.1	A	anno1.g8147.t2	A
rna-XM_056778787.1	A	anno1.g8151.t1	A
rna-XM_056779783.1	A	anno1.g8152.t1	A
rna-XM_056779785.1	A	anno1.g8153.t1	A
rna-XM_056779016.1	A	anno1.g8155.t1	A
rna-XM_056779017.1	A	anno1.g711.t1	A
rna-XM_056779018.1	A	anno1.g7400.t1	A
rna-XM_056779470.1	A	anno1.g8392.t1	A
rna-XM_056778952.1	A	anno1.g10811.t1	A
rna-XM_056778946.1	A	anno1.g4442.t1	A
rna-XM_056778953.1	A	anno1.g6979.t1	A
rna-XM_056778950.1	A	anno1.g6978.t1	A
rna-XM_056779904.1	A	anno1.g6976.t1	A
rna-XM_056779905.1	A	anno1.g14722.t1	A
rna-XM_056779909.1	A	anno1.g4647.t1	A
rna-XM_056779911.1	A	anno1.g4663.t2	A
rna-XM_056779189.1	A	anno1.g6011.t2	A
rna-XM_056779190.1	A	anno1.g5990.t1	A
rna-XM_056779441.1	A	anno1.g6013.t1	A
rna-XM_056779843.1	A	anno1.g4338.t1	A
rna-XM_056778695.1	A	anno1.g12568.t1	A
rna-XM_056778694.1	A	anno1.g12570.t1	A
rna-XM_056778990.1	A	anno1.g12407.t1	A
rna-XM_056778819.1	A	anno1.g12408.t1	A
rna-XM_056778985.1	A	anno1.g12412.t1	A
rna-XM_056778489.1	A	anno1.g12413.t2	A
rna-XM_056779480.1	A	anno1.g11552.t1	A
rna-XM_056779010.1	A	anno1.g3540.t1	A
rna-XM_056779325.1	A	anno1.g6010.t1	A
rna-XM_056779397.1	A	anno1.g13330.t1	A
rna-XM_056779393.1	A	anno1.g13329.t1	A
rna-XM_056779391.1	A	anno1.g12531.t1	A
rna-XM_056779793.1	A	anno1.g13328.t1	A
rna-XM_056779148.1	A	anno1.g13327.t1	A
rna-XM_056779482.1	A	anno1.g13326.t1	A
rna-XM_056779221.1	A	anno1.g12529.t1	A
rna-XM_056779267.1	A	anno1.g14434.t1	A
rna-XM_056779034.1	A	anno1.g14433.t1	A
rna-XM_056779161.1	A	anno1.g13696.t1	A
rna-XM_056778682.1	A	anno1.g11910.t1	A
rna-XM_056778742.1	A	anno1.g7837.t1	A
rna-XM_056778739.1	A	anno1.g6637.t1	A
rna-XM_056778829.1	A	anno1.g11550.t2	A
rna-XM_056779484.1	A	anno1.g13904.t1	A
rna-XM_056778531.1	A	anno1.g3976.t1	A
rna-XM_056778943.1	A	anno1.g11554.t1	A
rna-XM_056779452.1	A	anno1.g11058.t4	A
rna-XM_056779361.1	A	anno1.g11659.t1	A
rna-XM_056778508.1	A	anno1.g11136.t1	A
rna-XM_056778842.1	A	anno1.g1176.t1	A
rna-XM_056778851.1	A	anno1.g1177.t1	A
rna-XM_056778848.1	A	anno1.g1209.t1	A
rna-XM_056778850.1	A	anno1.g3848.t1	A
rna-XM_056778856.1	A	anno1.g3846.t1	A
rna-XM_056778569.1	A	anno1.g3842.t2	A
rna-XM_056778574.1	A	anno1.g3833.t1	A
rna-XM_056778690.1	A	anno1.g9707.t2	A
rna-XM_056778692.1	A	anno1.g7306.t1	A
rna-XM_056778693.1	A	anno1.g9705.t1	A
rna-XM_056779786.1	A	anno1.g7307.t1	A
rna-XM_056779346.1	A	anno1.g3987.t1	A
rna-XM_056779107.1	A	anno1.g12336.t1	A
rna-XM_056778857.1	A	anno1.g12333.t2	A
rna-XM_056778906.1	A	anno1.g6357.t1	A
rna-XM_056778676.1	A	anno1.g9107.t1	A
rna-XM_056778617.1	A	anno1.g3207.t1	A
rna-XM_056779114.1	A	anno1.g3317.t2	A
rna-XM_056779194.1	A	anno1.g12571.t1	A
rna-XM_056779739.1	A	anno1.g3099.t1	A
rna-XM_056779738.1	A	anno1.g2952.t1	A
rna-XM_056779740.1	A	anno1.g3669.t2	A
rna-XM_056779275.1	A	anno1.g3990.t1	A
rna-XM_056779276.1	A	anno1.g2955.t2	A
rna-XM_056779050.1	A	anno1.g10600.t1	A
rna-XM_056778966.1	A	anno1.g3653.t1	A
rna-XM_056779591.1	A	anno1.g3643.t1	A
rna-XM_056779533.1	A	anno1.g12840.t1	A
rna-XM_056779639.1	A	anno1.g10033.t1	A
rna-XM_056779642.1	A	anno1.g9472.t1	A
rna-XM_056779645.1	A	anno1.g4216.t1	A
rna-XM_056779644.1	A	anno1.g9732.t1	A
rna-XM_056779643.1	A	anno1.g9733.t2	A
rna-XM_056779646.1	A	anno1.g9729.t1	A
rna-XM_056779648.1	A	anno1.g9730.t1	A
rna-XM_056779535.1	A	anno1.g9993.t2	A
rna-XM_056779640.1	A	anno1.g6320.t1	A
rna-XM_056778713.1	A	anno1.g6319.t1	A
rna-XM_056778714.1	A	anno1.g6315.t1	A
rna-XM_056778976.1	A	anno1.g6314.t1	A
rna-XM_056778454.1	A	anno1.g6690.t1	A
rna-XM_056778457.1	A	anno1.g6691.t3	A
rna-XM_056778455.1	A	anno1.g6689.t1	A
rna-XM_056778706.1	A	anno1.g5405.t1	A
rna-XM_056778705.1	A	anno1.g5504.t1	A
rna-XM_056778707.1	A	anno1.g5505.t1	A
rna-XM_056778708.1	A	anno1.g13909.t1	A
rna-XM_056779009.1	A	anno1.g13907.t1	A
rna-XM_056778862.1	A	anno1.g3890.t1	A
rna-XM_056778863.1	A	anno1.g3264.t1	A
rna-XM_056778876.1	A	anno1.g3265.t1	A
rna-XM_056778878.1	A	anno1.g7976.t1	A
rna-XM_056778864.1	A	anno1.g3267.t1	A
rna-XM_056778879.1	A	anno1.g3268.t1	A
rna-XM_056778882.1	A	anno1.g3270.t1	A
rna-XM_056779374.1	A	anno1.g4160.t1	A
rna-XM_056779278.1	A	anno1.g5648.t1	A
rna-XM_056779269.1	A	anno1.g5647.t1	A
rna-XM_056778726.1	A	anno1.g13680.t1	A
rna-XM_056778728.1	A	anno1.g13681.t1	A
rna-XM_056778939.1	A	anno1.g13682.t1	A
rna-XM_056779462.1	A	anno1.g13679.t1	A
rna-XM_056778809.1	A	anno1.g13678.t1	A
rna-XM_056778811.1	A	anno1.g4724.t1	A
rna-XM_056778812.1	A	anno1.g5941.t1	A
rna-XM_056779262.1	A	anno1.g7392.t1	A
rna-XM_056778603.1	A	anno1.g7532.t2	A
rna-XM_056778722.1	A	anno1.g3631.t3	A
rna-XM_056778944.1	A	anno1.g14159.t1	A
rna-XM_056779749.1	A	anno1.g3630.t1	A
rna-XM_056779753.1	A	anno1.g181.t1	A
rna-XM_056779755.1	A	anno1.g7382.t1	A
rna-XM_056779558.1	A	anno1.g7383.t1	A
rna-XM_056780046.1	A	anno1.g3282.t1	A
rna-XM_056779230.1	A	anno1.g3281.t1	A
rna-XM_056778886.1	A	anno1.g2800.t1	A
rna-XM_056778889.1	A	anno1.g2801.t1	A
rna-XM_056779898.1	A	anno1.g3438.t1	A
rna-XM_056779899.1	A	anno1.g7379.t1	A
rna-XM_056779900.1	A	anno1.g3435.t1	A
rna-XM_056778709.1	A	anno1.g3426.t1	A
rna-XM_056778711.1	A	anno1.g3423.t1	A
rna-XM_056779549.1	A	anno1.g2369.t1	A
rna-XM_056779277.1	A	anno1.g11566.t2	A
rna-XM_056779159.1	A	anno1.g10728.t1	A
rna-XM_056779360.1	A	anno1.g8905.t1	A
rna-XM_056779919.1	A	anno1.g10727.t1	A
rna-XM_056779239.1	A	anno1.g4843.t1	A
rna-XM_056779390.1	A	anno1.g4832.t1	A
rna-XM_056779573.1	A	anno1.g4831.t1	A
rna-XM_056778781.1	A	anno1.g4186.t1	A
rna-XM_056778967.1	A	anno1.g4183.t1	A
rna-XM_056779555.1	A	anno1.g5670.t1	A
rna-XM_056778968.1	A	anno1.g4184.t1	A
rna-XM_056779225.1	A	anno1.g7320.t2	A
rna-XM_056779228.1	A	anno1.g3609.t1	A
rna-XM_056778688.1	A	anno1.g10996.t1	A
rna-XM_056778689.1	A	anno1.g3610.t1	A
rna-XM_056779079.1	A	anno1.g7845.t1	A
rna-XM_056779081.1	A	anno1.g7496.t1	A
rna-XM_056779097.1	A	anno1.g7497.t1	A
rna-XM_056779085.1	A	anno1.g7498.t1	A
rna-XM_056779082.1	A	anno1.g7844.t3	A
rna-XM_056779100.1	A	anno1.g10993.t1	A
rna-XM_056779096.1	A	anno1.g10991.t1	A
rna-XM_056779091.1	A	anno1.g10983.t1	A
rna-XM_056779095.1	A	anno1.g10980.t1	A
rna-XM_056779101.1	A	anno1.g3460.t1	A
rna-XM_056778987.1	A	anno1.g10981.t1	A
rna-XM_056778519.1	A	anno1.g7393.t1	A
rna-XM_056778518.1	A	anno1.g3458.t1	A
rna-XM_056778520.1	A	anno1.g3459.t1	A
rna-XM_056780048.1	A	anno1.g11532.t1	A
rna-XM_056780047.1	A	anno1.g4852.t1	A
rna-XM_056779560.1	A	anno1.g8427.t1	A
rna-XM_056779303.1	A	anno1.g11534.t1	A
rna-XM_056779305.1	A	anno1.g12312.t1	A
rna-XM_056779343.1	A	anno1.g11533.t2	A
rna-XM_056779730.1	A	anno1.g8987.t1	A
rna-XM_056779733.1	A	anno1.g11560.t1	A
rna-XM_056779030.1	A	anno1.g6164.t1	A
rna-XM_056778732.1	A	anno1.g253.t1	A
rna-XM_056779370.1	A	anno1.g5813.t1	A
rna-XM_056779372.1	A	anno1.g14392.t1	A
rna-XM_056779373.1	A	anno1.g14393.t1	A
rna-XM_056779371.1	A	anno1.g14389.t1	A
rna-XM_056780032.1	A	anno1.g14390.t2	A
rna-XM_056780033.1	A	anno1.g14391.t1	A
rna-XM_056779124.1	A	anno1.g299.t1	A
rna-XM_056778452.1	A	anno1.g5814.t1	A
rna-XM_056778445.1	A	anno1.g5948.t1	A
rna-XM_056778821.1	A	anno1.g5947.t1	A
rna-XM_056779214.1	A	anno1.g83.t1	A
rna-XM_056780035.1	A	anno1.g6534.t1	A
rna-XM_056779307.1	A	anno1.g1467.t2	A
rna-XM_056778794.1	A	anno1.g9487.t1	A
rna-XM_056778791.1	A	anno1.g1143.t1	A
rna-XM_056778793.1	A	anno1.g5169.t1	A
rna-XM_056778824.1	A	anno1.g112.t1	A
rna-XM_056779537.1	A	anno1.g114.t1	A
rna-XM_056779033.1	A	anno1.g17.t1	A
rna-XM_056778845.1	A	anno1.g22.t1	A
rna-XM_056778735.1	A	anno1.g21.t1	A
rna-XM_056779041.1	A	anno1.g121.t1	A
rna-XM_056779232.1	A	anno1.g126.t1	A
rna-XM_056779527.1	A	anno1.g130.t1	A
rna-XM_056779389.1	A	anno1.g19.t1	A
rna-XM_056779579.1	A	anno1.g2531.t1	A
rna-XM_056779881.1	A	anno1.g118.t1	A
rna-XM_056778532.1	A	anno1.g123.t1	A
rna-XM_056778533.1	A	anno1.g117.t1	A
rna-XM_056779656.1	A	anno1.g115.t1	A
rna-XM_056779655.1	A	anno1.g116.t1	A
rna-XM_056778664.1	A	anno1.g12435.t2	A
rna-XM_056778903.1	A	anno1.g12224.t1	A
rna-XM_056779245.1	A	anno1.g3868.t1	A
rna-XM_056778507.1	A	anno1.g3636.t1	A
rna-XM_056778576.1	A	anno1.g11876.t1	A
rna-XM_056778908.1	A	anno1.g10302.t1	A
rna-XM_056778914.1	A	anno1.g12438.t1	A
rna-XM_056778443.1	A	anno1.g6539.t2	A
rna-XM_056778444.1	A	anno1.g6536.t1	A
rna-XM_056778441.1	A	anno1.g6537.t1	A
rna-XM_056779758.1	A	anno1.g9524.t1	A
rna-XM_056779759.1	A	anno1.g9525.t1	A
rna-XM_056779760.1	A	anno1.g6447.t1	A
rna-XM_056779761.1	A	anno1.g12952.t1	A
rna-XM_056778920.1	A	anno1.g10101.t1	A
rna-XM_056779582.1	A	anno1.g6173.t1	A
rna-XM_056778925.1	A	anno1.g10103.t1	A
rna-XM_056778927.1	A	anno1.g10104.t2	A
rna-XM_056779583.1	A	anno1.g9277.t1	A
rna-XM_056779031.1	A	anno1.g9278.t1	A
rna-XM_056779584.1	A	anno1.g12380.t1	A
rna-XM_056779585.1	A	anno1.g2017.t1	X
rna-XM_056778999.1	A	anno1.g6772.t1	A
rna-XM_056779251.1	A	anno1.g4802.t1	A
rna-XM_056779500.1	A	anno1.g11127.t2	A
rna-XM_056779504.1	A	anno1.g12401.t1	A
rna-XM_056779508.1	A	anno1.g10112.t1	A
rna-XM_056779509.1	A	anno1.g6615.t2	A
rna-XM_056779523.1	A	anno1.g6616.t1	A
rna-XM_056779520.1	A	anno1.g6617.t1	A
rna-XM_056779400.1	A	anno1.g4174.t1	A
rna-XM_056779757.1	A	anno1.g10113.t1	A
rna-XM_056779587.1	A	anno1.g11044.t2	A
rna-XM_056780018.1	A	anno1.g9212.t1	A
rna-XM_056780017.1	A	anno1.g9213.t1	A
rna-XM_056779589.1	A	anno1.g8029.t1	A
rna-XM_056778660.1	A	anno1.g9211.t2	A
rna-XM_056778658.1	A	anno1.g13318.t1	A
rna-XM_056779663.1	A	anno1.g6643.t4	A
rna-XM_056779677.1	A	anno1.g6644.t1	A
rna-XM_056779680.1	A	anno1.g6220.t13	A
rna-XM_056779703.1	A	anno1.g4801.t1	A
rna-XM_056779707.1	A	anno1.g9979.t1	A
rna-XM_056778957.1	A	anno1.g2410.t1	A
rna-XM_056779563.1	A	anno1.g13412.t1	A
rna-XM_056779123.1	A	anno1.g58.t1	A
rna-XM_056779213.1	A	anno1.g61.t1	A
rna-XM_056778980.1	A	anno1.g62.t1	A
rna-XM_056779938.1	A	anno1.g2929.t1	A
rna-XM_056779320.1	A	anno1.g1010.t1	A
rna-XM_056779319.1	A	anno1.g8617.t1	A
rna-XM_056779939.1	A	anno1.g6950.t1	A
rna-XM_056779321.1	A	anno1.g8616.t1	A
rna-XM_056779324.1	A	anno1.g8615.t1	A
rna-XM_056779001.1	A	anno1.g2489.t1	A
rna-XM_056779358.1	A	anno1.g10206.t1	A
rna-XM_056779328.1	A	anno1.g14835.t1	A
rna-XM_056779198.1	A	anno1.g8207.t1	A
rna-XM_056779200.1	A	anno1.g13132.t1	A
rna-XM_056779744.1	A	anno1.g10208.t1	A
rna-XM_056779745.1	A	anno1.g10296.t1	A
rna-XM_056779746.1	A	anno1.g10297.t1	A
rna-XM_056779747.1	A	anno1.g8622.t1	A
rna-XM_056778839.1	A	anno1.g14253.t1	A
rna-XM_056779557.1	A	anno1.g6244.t1	A
rna-XM_056778600.1	A	anno1.g985.t1	A
rna-XM_056778602.1	A	anno1.g12168.t1	A
rna-XM_056779145.1	A	anno1.g9196.t1	A
rna-XM_056779531.1	A	anno1.g13384.t1	A
rna-XM_056779366.1	A	anno1.g8865.t1	A
rna-XM_056779368.1	A	anno1.g10236.t1	A
rna-XM_056779928.1	A	anno1.g4916.t1	A
rna-XM_056779348.1	A	anno1.g12511.t2	A
rna-XM_056779347.1	A	anno1.g9227.t1	A
rna-XM_056779352.1	A	anno1.g493.t2	A
rna-XM_056779946.1	A	anno1.g7642.t1	A
rna-XM_056779317.1	A	anno1.g1290.t1	A
rna-XM_056779546.1	A	anno1.g4673.t1	A
rna-XM_056778684.1	A	anno1.g10534.t1	A
rna-XM_056778686.1	A	anno1.g10531.t1	A
rna-XM_056779340.1	A	anno1.g10535.t1	A
rna-XM_056779719.1	A	anno1.g6517.t2	A
rna-XM_056779712.1	A	anno1.g6516.t3	A
rna-XM_056778515.1	A	anno1.g6514.t1	A
rna-XM_056779040.1	A	anno1.g6513.t2	A
rna-XM_056779028.1	A	anno1.g6512.t1	A
rna-XM_056778579.1	A	anno1.g6511.t2	A
rna-XM_056779951.1	A	anno1.g6897.t1	A
rna-XM_056779955.1	A	anno1.g12006.t1	A
rna-XM_056779292.1	A	anno1.g6498.t1	A
rna-XM_056778697.1	A	anno1.g6460.t1	A
rna-XM_056779186.1	A	anno1.g6467.t1	A
rna-XM_056779957.1	A	anno1.g6466.t2	A
rna-XM_056779958.1	A	anno1.g6464.t1	A
rna-XM_056779959.1	A	anno1.g6463.t1	A
rna-XM_056779960.1	A	anno1.g6462.t1	A
rna-XM_056779961.1	A	anno1.g6461.t1	A
rna-XM_056779962.1	A	anno1.g6469.t1	A
rna-XM_056779963.1	A	anno1.g6472.t1	A
rna-XM_056779966.1	A	anno1.g6474.t1	A
rna-XM_056779967.1	A	anno1.g6475.t1	A
rna-XM_056779968.1	A	anno1.both_agree_g16014.t3	A
rna-XM_056779972.1	A	anno1.g6478.t1	A
rna-XM_056779158.1	A	anno1.g6479.t1	A
rna-XM_056779973.1	A	anno1.g6482.t1	A
rna-XM_056779215.1	A	anno1.g6486.t1	A
rna-XM_056779201.1	A	anno1.g6487.t2	A
rna-XM_056779069.1	A	anno1.g11111.t1	A
rna-XM_056779976.1	A	anno1.g10523.t1	A
rna-XM_056779191.1	A	anno1.g11079.t1	A
rna-XM_056778565.1	A	anno1.g11081.t1	A
rna-XM_056778561.1	A	anno1.g11082.t2	A
rna-XM_056778567.1	A	anno1.g11088.t1	A
rna-XM_056778749.1	A	anno1.g11087.t1	A
rna-XM_056779980.1	A	anno1.g10207.t1	A
rna-XM_056778750.1	A	anno1.g10396.t1	A
rna-XM_056778751.1	A	anno1.g10397.t1	A
rna-XM_056778753.1	A	anno1.g1739.t1	X
rna-XM_056778754.1	A	anno1.g920.t1	A
rna-XM_056778757.1	A	anno1.g921.t2	A
rna-XM_056779983.1	A	anno1.g967.t1	A
rna-XM_056778764.1	A	anno1.g9946.t2	A
rna-XM_056778769.1	A	anno1.g9945.t1	A
rna-XM_056778770.1	A	anno1.g10533.t1	A
rna-XM_056778772.1	A	anno1.g10532.t2	A
rna-XM_056778771.1	A	anno1.g4213.t1	A
rna-XM_056778773.1	A	anno1.g10009.t1	A
rna-XM_056778774.1	A	anno1.g8835.t2	A
rna-XM_056778778.1	A	anno1.g8836.t1	A
rna-XM_056778780.1	A	anno1.g4855.t1	A
rna-XM_056779989.1	A	anno1.g2242.t1	A
rna-XM_056778818.1	A	anno1.g4675.t2	A
rna-XM_056779766.1	A	anno1.g8144.t1	A
rna-XM_056779767.1	A	anno1.g8623.t1	A
rna-XM_056779429.1	A	anno1.g2544.t1	A
rna-XM_056779990.1	A	anno1.g14098.t1	A
rna-XM_056779163.1	A	anno1.g13500.t1	A
rna-XM_056779120.1	A	anno1.both_agree_g557.t1	A
rna-XM_056779991.1	A	anno1.g7923.t1	A
rna-XM_056779809.1	A	anno1.g13495.t1	A
rna-XM_056779992.1	A	anno1.g13494.t1	A
rna-XM_056779993.1	A	anno1.g1607.t1	A
rna-XM_056779811.1	A	anno1.g13488.t1	A
rna-XM_056779813.1	A	anno1.g13487.t1	A
rna-XM_056779818.1	A	anno1.g13408.t1	A
rna-XM_056779816.1	A	anno1.g13409.t1	A
rna-XM_056779817.1	A	anno1.g8701.t1	A
rna-XM_056779819.1	A	anno1.g13617.t1	A
rna-XM_056779822.1	A	anno1.g8914.t1	A
rna-XM_056779827.1	A	anno1.g3138.t1	A
rna-XM_056779825.1	A	anno1.g13472.t1	A
rna-XM_056779828.1	A	anno1.g6221.t1	A
rna-XM_056779829.1	A	anno1.g2741.t2	A
rna-XM_056779830.1	A	anno1.g1258.t1	A
rna-XM_056779832.1	A	anno1.g4889.t1	A
rna-XM_056779831.1	A	anno1.g4890.t1	A
rna-XM_056779833.1	A	anno1.g7851.t1	A
rna-XM_056779835.1	A	anno1.g4891.t1	A
rna-XM_056779836.1	A	anno1.g7039.t2	A
rna-XM_056779286.1	A	anno1.g8946.t1	A
rna-XM_056779164.1	A	anno1.g9270.t3	A
rna-XM_056778808.1	A	anno1.g13629.t1	A
rna-XM_056779532.1	A	anno1.g13628.t1	A
rna-XM_056779995.1	A	anno1.g8732.t1	A
rna-XM_056778919.1	A	anno1.g8740.t1	A
rna-XM_056779997.1	A	anno1.g8734.t2	A
rna-XM_056778782.1	A	anno1.g13630.t1	A
rna-XM_056779998.1	A	anno1.g13631.t1	A
rna-XM_056778560.1	A	anno1.g13643.t3	A
rna-XM_056779224.1	A	anno1.g10323.t1	A
rna-XM_056779223.1	A	anno1.g13639.t3	A
rna-XM_056778651.1	A	anno1.g13640.t1	A
rna-XM_056778640.1	A	anno1.g13644.t4	A
rna-XM_056778729.1	A	anno1.g6337.t1	A
rna-XM_056779263.1	A	anno1.g6339.t1	A
rna-XM_056778822.1	A	anno1.g6344.t1	A
rna-XM_056778823.1	A	anno1.g6348.t1	A
rna-XM_056778483.1	A	anno1.g6345.t1	A
rna-XM_056779709.1	A	anno1.g6349.t1	A
rna-XM_056779710.1	A	anno1.g6887.t1	A
rna-XM_056779142.1	A	anno1.g6352.t1	A
rna-XM_056779140.1	A	anno1.g6350.t2	A
rna-XM_056779122.1	A	anno1.g6886.t1	A
rna-XM_056779000.1	A	anno1.g2959.t1	A
rna-XM_056778936.1	A	anno1.g2979.t2	A
rna-XM_056778902.1	A	anno1.g2964.t1	A
rna-XM_056778884.1	A	anno1.g2289.t1	A
rna-XM_056779063.1	A	anno1.g14324.t1	A
rna-XM_056778638.1	A	anno1.g13764.t1	A
rna-XM_056778635.1	A	anno1.g13761.t1	A
rna-XM_056778633.1	A	anno1.g13763.t1	A
rna-XM_056778630.1	A	anno1.g5592.t1	A
rna-XM_056778621.1	A	anno1.g5447.t1	A
rna-XM_056778625.1	A	anno1.g13771.t1	A
rna-XM_056780000.1	A	anno1.g4009.t2	A
rna-XM_056778637.1	A	anno1.g13277.t1	A
rna-XM_056778626.1	A	anno1.g5449.t1	A
rna-XM_056778634.1	A	anno1.g4358.t1	A
rna-XM_056778636.1	A	anno1.g3598.t1	A
rna-XM_056779575.1	A	anno1.g4271.t1	A
rna-XM_056778797.1	A	anno1.g7144.t2	A
rna-XM_056778799.1	A	anno1.g7142.t1	A
rna-XM_056779402.1	A	anno1.g5446.t1	A
rna-XM_056779401.1	A	anno1.g7141.t1	A
rna-XM_056779403.1	A	anno1.g131.t3	A
rna-XM_056779407.1	A	anno1.g10091.t1	A
rna-XM_056779405.1	A	anno1.g10083.t1	A
rna-XM_056779414.1	A	anno1.g10084.t1	A
rna-XM_056779413.1	A	anno1.g9474.t1	A
rna-XM_056779404.1	A	anno1.g10047.t1	A
rna-XM_056778816.1	A	anno1.g10052.t2	A
rna-XM_056778825.1	A	anno1.g10054.t1	A
rna-XM_056779281.1	A	anno1.g10061.t1	A
rna-XM_056778940.1	A	anno1.g10063.t1	A
rna-XM_056779135.1	A	anno1.g640.t2	A
rna-XM_056778698.1	A	anno1.g7198.t1	A
rna-XM_056779202.1	A	anno1.g10050.t1	A
rna-XM_056779178.1	A	anno1.g10043.t1	A
rna-XM_056780001.1	A	anno1.g10085.t1	A
rna-XM_056780002.1	A	anno1.g10088.t1	A
rna-XM_056780019.1	A	anno1.g10089.t1	A
rna-XM_056780023.1	A	anno1.g10090.t1	A
rna-XM_056780020.1	A	anno1.g10046.t1	A
rna-XM_056779064.1	A	anno1.g10067.t1	A
rna-XM_056778801.1	A	anno1.g11495.t1	A
rna-XM_056779043.1	A	anno1.g10066.t1	A
rna-XM_056778941.1	A	anno1.g24.t1	A
rna-XM_056779481.1	A	anno1.g6824.t1	A
rna-XM_056780003.1	A	anno1.g6565.t1	A
rna-XM_056779249.1	A	anno1.g6219.t1	A
rna-XM_056779250.1	A	anno1.g4785.t1	A
rna-XM_056778858.1	A	anno1.g2518.t1	A
rna-XM_056779363.1	A	anno1.g7143.t1	A
rna-XM_056778552.1	A	anno1.g7147.t2	A
rna-XM_056778543.1	A	anno1.g7146.t1	A
rna-XM_056778534.1	A	anno1.g8924.t1	A
rna-XM_056778702.1	A	anno1.g9145.t2	A
rna-XM_056778704.1	A	anno1.g7032.t1	A
rna-XM_056779376.1	A	anno1.g7034.t1	A
rna-XM_056779306.1	A	anno1.g7036.t1	A
rna-XM_056779601.1	A	anno1.g6751.t1	A
rna-XM_056779605.1	A	anno1.g4164.t1	A
rna-XM_056779603.1	A	anno1.g6566.t1	A
rna-XM_056779604.1	A	anno1.g4165.t1	A
rna-XM_056779290.1	A	anno1.g4167.t1	A
rna-XM_056779289.1	A	anno1.g4168.t1	A
rna-XM_056779291.1	A	anno1.g4169.t1	A
rna-XM_056778933.1	A	anno1.g7029.t1	A
rna-XM_056780040.1	A	anno1.g7031.t1	A
rna-XM_056780036.1	A	anno1.g7030.t1	A
rna-XM_056780041.1	A	anno1.g6030.t1	A
rna-XM_056780042.1	A	anno1.g6029.t1	A
rna-XM_056778905.1	A	anno1.g6028.t1	A
rna-XM_056779308.1	A	anno1.g6027.t1	A
rna-XM_056779309.1	A	anno1.g7196.t1	A
rna-XM_056779310.1	A	anno1.g4600.t1	A
rna-XM_056779311.1	A	anno1.g4601.t1	A
rna-XM_056778674.1	A	anno1.g4602.t1	A
rna-XM_056778687.1	A	anno1.g4182.t1	A
rna-XM_056779015.1	A	anno1.g5762.t1	A
rna-XM_056778665.1	A	anno1.g5825.t1	A
rna-XM_056779252.1	A	anno1.g5761.t1	A
rna-XM_056779341.1	A	anno1.g7850.t1	A
rna-XM_056778509.1	A	anno1.g197.t2	A
rna-XM_056778512.1	A	anno1.g11574.t2	A
rna-XM_056778958.1	A	anno1.g2824.t1	A
rna-XM_056780005.1	A	anno1.g3789.t1	A
rna-XM_056778466.1	A	anno1.g2826.t1	A
rna-XM_056778475.1	A	anno1.g12274.t1	A
rna-XM_056778469.1	A	anno1.g13298.t1	A
rna-XM_056780007.1	A	anno1.g13296.t1	A
rna-XM_056779848.1	A	anno1.g5431.t1	A
rna-XM_056779850.1	A	anno1.g11714.t1	A
rna-XM_056779851.1	A	anno1.g11372.t1	A
rna-XM_056779865.1	A	anno1.g6791.t2	A
rna-XM_056779867.1	A	anno1.g4334.t1	A
rna-XM_056779869.1	A	anno1.g11369.t7	A
rna-XM_056779868.1	A	anno1.g11417.t1	A
rna-XM_056779870.1	A	anno1.g14823.t1	A
rna-XM_056779871.1	A	anno1.g9975.t1	A
rna-XM_056780011.1	A	anno1.g4902.t2	A
rna-XM_056779877.1	A	anno1.g9977.t1	A
rna-XM_056779874.1	A	anno1.g12530.t1	A
rna-XM_056779873.1	A	anno1.g9976.t1	A
rna-XM_056779872.1	A	anno1.g9962.t1	A
rna-XM_056778606.1	A	anno1.g9961.t1	A
rna-XM_056778611.1	A	anno1.g11803.t1	A
rna-XM_056778614.1	A	anno1.g7998.t1	A
rna-XM_056779074.1	A	anno1.g11710.t1	A
rna-XM_056778835.1	A	anno1.g14822.t1	A
rna-XM_056778599.1	A	anno1.g4903.t1	A
rna-XM_056778594.1	A	anno1.g9974.t1	A
rna-XM_056779486.1	A	anno1.g12271.t1	A
rna-XM_056780012.1	A	anno1.g8375.t1	A
rna-XM_056778916.1	A	anno1.g8913.t1	A
rna-XM_056779424.1	A	anno1.g11383.t1	A
rna-XM_056779426.1	A	anno1.g11382.t1	A
rna-XM_056779344.1	A	anno1.g11390.t1	A
rna-XM_056779293.1	A	anno1.g11104.t1	A
rna-XM_056779294.1	A	anno1.g7287.t1	A
rna-XM_056779051.1	A	anno1.g9851.t1	A
rna-XM_056779057.1	A	anno1.g9899.t1	A
rna-XM_056780913.1	A	anno1.g6420.t1	A
rna-XM_056780585.1	A	anno1.g6421.t1	A
rna-XM_056781103.1	A	anno1.g1089.t2	A
rna-XM_056781084.1	A	anno1.g1088.t1	A
rna-XM_056781090.1	A	anno1.g1087.t1	A
rna-XM_056781085.1	A	anno1.g1086.t3	A
rna-XM_056780501.1	A	anno1.g14670.t1	A
rna-XM_056780586.1	A	anno1.g6427.t1	A
rna-XM_056780645.1	A	anno1.g6425.t1	A
rna-XM_056781249.1	A	anno1.g6422.t2	A
rna-XM_056781250.1	A	anno1.g6423.t1	A
rna-XM_056781237.1	A	anno1.g1090.t1	A
rna-XM_056781246.1	A	anno1.g13762.t1	A
rna-XM_056781231.1	A	anno1.g1092.t3	A
rna-XM_056781230.1	A	anno1.g1093.t1	A
rna-XM_056781251.1	A	anno1.g11258.t1	A
rna-XM_056781254.1	A	anno1.g2845.t1	A
rna-XM_056781244.1	A	anno1.both_agree_g17796.t1	A
rna-XM_056781223.1	A	anno1.g1338.t1	A
rna-XM_056781247.1	A	anno1.g1337.t1	A
rna-XM_056781253.1	A	anno1.g1336.t1	A
rna-XM_056781225.1	A	anno1.g360.t2	A
rna-XM_056781226.1	A	anno1.g359.t1	A
rna-XM_056781240.1	A	anno1.g14707.t1	A
rna-XM_056781257.1	A	anno1.g1294.t1	A
rna-XM_056780592.1	A	anno1.g7395.t1	A
rna-XM_056781258.1	A	anno1.g7394.t1	A
rna-XM_056781260.1	A	anno1.g13982.t1	A
rna-XM_056781261.1	A	anno1.g11792.t1	A
rna-XM_056781263.1	A	anno1.g6849.t2	A
rna-XM_056781265.1	A	anno1.g7157.t1	A
rna-XM_056781266.1	A	anno1.g7160.t2	A
rna-XM_056780593.1	A	anno1.g7161.t1	A
rna-XM_056780594.1	A	anno1.g4817.t1	A
rna-XM_056781270.1	A	anno1.g1463.t1	A
rna-XM_056781272.1	A	anno1.g1291.t1	A
rna-XM_056781274.1	A	anno1.g7863.t2	A
rna-XM_056781276.1	A	anno1.g1054.t1	A
rna-XM_056781278.1	A	anno1.g6571.t1	A
rna-XM_056781280.1	A	anno1.g6573.t1	A
rna-XM_056781283.1	A	anno1.g2121.t1	X
rna-XM_056781281.1	A	anno1.g1615.t1	A
rna-XM_056780542.1	A	anno1.g1617.t1	A
rna-XM_056780735.1	A	anno1.g244.t2	A
rna-XM_056780731.1	A	anno1.g6587.t1	A
rna-XM_056780952.1	A	anno1.g6588.t1	A
rna-XM_056781570.1	A	anno1.g853.t1	A
rna-XM_056780993.1	A	anno1.g6139.t1	A
rna-XM_056781313.1	A	anno1.g899.t1	A
rna-XM_056781046.1	A	anno1.g896.t1	A
rna-XM_056781049.1	A	anno1.g895.t2	A
rna-XM_056780617.1	A	anno1.g897.t1	A
rna-XM_056781051.1	A	anno1.g9811.t1	A
rna-XM_056780383.1	A	anno1.g892.t2	A
rna-XM_056780394.1	A	anno1.g889.t1	A
rna-XM_056780380.1	A	anno1.g891.t1	A
rna-XM_056780385.1	A	anno1.g888.t1	A
rna-XM_056780381.1	A	anno1.g6576.t1	A
rna-XM_056780386.1	A	anno1.g5753.t1	A
rna-XM_056780618.1	A	anno1.g3371.t1	A
rna-XM_056780622.1	A	anno1.g4616.t1	A
rna-XM_056780395.1	A	anno1.g7164.t1	A
rna-XM_056780398.1	A	anno1.g4617.t2	A
rna-XM_056780689.1	A	anno1.g4653.t1	A
rna-XM_056780691.1	A	anno1.g10017.t1	A
rna-XM_056780567.1	A	anno1.g10018.t1	A
rna-XM_056780278.1	A	anno1.g9845.t1	A
rna-XM_056780279.1	A	anno1.g6572.t2	A
rna-XM_056780282.1	A	anno1.g9847.t1	A
rna-XM_056781298.1	A	anno1.g10116.t1	A
rna-XM_056781304.1	A	anno1.g10120.t2	A
rna-XM_056781306.1	A	anno1.g8473.t1	A
rna-XM_056781312.1	A	anno1.g8474.t2	A
rna-XM_056780917.1	A	anno1.g5801.t1	A
rna-XM_056780916.1	A	anno1.g6632.t1	A
rna-XM_056782189.1	A	anno1.g5800.t1	A
rna-XM_056781343.1	A	anno1.g5881.t1	A
rna-XM_056782043.1	A	anno1.g5751.t1	A
rna-XM_056782037.1	A	anno1.g5752.t1	A
rna-XM_056781639.1	A	anno1.g6577.t1	A
rna-XM_056781637.1	A	anno1.g7167.t1	A
rna-XM_056781641.1	A	anno1.g13376.t2	A
rna-XM_056781647.1	A	anno1.g7168.t1	A
rna-XM_056781646.1	A	anno1.g5669.t1	A
rna-XM_056780865.1	A	anno1.g4151.t2	A
rna-XM_056782138.1	A	anno1.g8864.t2	A
rna-XM_056780623.1	A	anno1.g4301.t1	A
rna-XM_056782140.1	A	anno1.g3984.t2	A
rna-XM_056780624.1	A	anno1.g4201.t1	A
rna-XM_056782144.1	A	anno1.g54.t1	A
rna-XM_056782146.1	A	anno1.g2514.t1	A
rna-XM_056782147.1	A	anno1.g12089.t1	A
rna-XM_056782148.1	A	anno1.g12181.t2	A
rna-XM_056780625.1	A	anno1.g12183.t1	A
rna-XM_056782150.1	A	anno1.g14174.t1	A
rna-XM_056780627.1	A	anno1.g6528.t3	A
rna-XM_056782159.1	A	anno1.g12842.t1	A
rna-XM_056780830.1	A	anno1.g1239.t1	A
rna-XM_056780581.1	A	anno1.g1335.t2	A
rna-XM_056781786.1	A	anno1.g11703.t2	A
rna-XM_056781785.1	A	anno1.g11350.t2	A
rna-XM_056781787.1	A	anno1.g1331.t1	A
rna-XM_056781788.1	A	anno1.g1330.t1	A
rna-XM_056780736.1	A	anno1.g14372.t1	A
rna-XM_056780926.1	A	anno1.g1324.t1	A
rna-XM_056780925.1	A	anno1.g168.t1	A
rna-XM_056781886.1	A	anno1.g297.t1	A
rna-XM_056781889.1	A	anno1.g166.t1	A
rna-XM_056781102.1	A	anno1.g636.t1	A
rna-XM_056781099.1	A	anno1.g2274.t1	A
rna-XM_056780979.1	A	anno1.g635.t1	A
rna-XM_056780980.1	A	anno1.g641.t1	A
rna-XM_056780856.1	A	anno1.g1334.t1	A
rna-XM_056781097.1	A	anno1.g1332.t1	A
rna-XM_056781094.1	A	anno1.g4211.t2	A
rna-XM_056780665.1	A	anno1.g14311.t1	A
rna-XM_056780846.1	A	anno1.g6401.t1	A
rna-XM_056780637.1	A	anno1.g11988.t1	A
rna-XM_056782015.1	A	anno1.g11949.t1	A
rna-XM_056782011.1	A	anno1.g10559.t1	A
rna-XM_056781359.1	A	anno1.g4685.t1	A
rna-XM_056780568.1	A	anno1.g13028.t1	A
rna-XM_056781045.1	A	anno1.g13026.t1	A
rna-XM_056781004.1	A	anno1.g13025.t1	A
rna-XM_056782003.1	A	anno1.g4932.t1	A
rna-XM_056781946.1	A	anno1.g5008.t1	A
rna-XM_056781948.1	A	anno1.g5007.t1	A
rna-XM_056781360.1	A	anno1.g4933.t1	A
rna-XM_056780646.1	A	anno1.g6243.t1	A
rna-XM_056781895.1	A	anno1.g6605.t2	A
rna-XM_056781898.1	A	anno1.g6278.t1	A
rna-XM_056781896.1	A	anno1.g6277.t3	A
rna-XM_056780541.1	A	anno1.g12247.t1	A
rna-XM_056781934.1	A	anno1.g4363.t1	A
rna-XM_056780659.1	A	anno1.g6530.t1	A
rna-XM_056781935.1	A	anno1.g2282.t1	A
rna-XM_056780863.1	A	anno1.g9054.t1	A
rna-XM_056781040.1	A	anno1.g2970.t1	A
rna-XM_056780695.1	A	anno1.g2972.t1	A
rna-XM_056780786.1	A	anno1.g2974.t1	A
rna-XM_056780363.1	A	anno1.g2976.t1	A
rna-XM_056780540.1	A	anno1.g2975.t1	A
rna-XM_056780672.1	A	anno1.g2977.t1	A
rna-XM_056780867.1	A	anno1.g8195.t1	A
rna-XM_056780234.1	A	anno1.g1410.t1	A
rna-XM_056780235.1	A	anno1.g2411.t1	A
rna-XM_056780238.1	A	anno1.g11326.t1	A
rna-XM_056780241.1	A	anno1.g9236.t1	A
rna-XM_056780762.1	A	anno1.g13859.t1	A
rna-XM_056780677.1	A	anno1.g1377.t1	A
rna-XM_056781194.1	A	anno1.g11074.t2	A
rna-XM_056780377.1	A	anno1.g11008.t1	A
rna-XM_056780475.1	A	anno1.g5998.t1	A
rna-XM_056780480.1	A	anno1.g11797.t3	A
rna-XM_056780477.1	A	anno1.g6649.t1	A
rna-XM_056780479.1	A	anno1.g9160.t1	A
rna-XM_056780483.1	A	anno1.g2653.t1	A
rna-XM_056780482.1	A	anno1.g6650.t1	A
rna-XM_056780486.1	A	anno1.g6453.t1	A
rna-XM_056780491.1	A	anno1.g724.t2	A
rna-XM_056781358.1	A	anno1.g14453.t1	A
rna-XM_056780875.1	A	anno1.g14452.t1	A
rna-XM_056780457.1	A	anno1.g4912.t1	A
rna-XM_056780458.1	A	anno1.g4913.t1	A
rna-XM_056781170.1	A	anno1.g4918.t1	A
rna-XM_056781536.1	A	anno1.g4919.t2	A
rna-XM_056781151.1	A	anno1.g12075.t1	A
rna-XM_056781148.1	A	anno1.g12076.t1	A
rna-XM_056780099.1	A	anno1.g525.t1	A
rna-XM_056780097.1	A	anno1.g524.t2	A
rna-XM_056780101.1	A	anno1.g23.t1	A
rna-XM_056780117.1	A	anno1.g9141.t1	A
rna-XM_056780105.1	A	anno1.g1268.t1	A
rna-XM_056780122.1	A	anno1.g3596.t1	A
rna-XM_056780123.1	A	anno1.g523.t1	A
rna-XM_056780118.1	A	anno1.g3595.t1	A
rna-XM_056780120.1	A	anno1.g8445.t1	A
rna-XM_056780124.1	A	anno1.g5882.t1	A
rna-XM_056780126.1	A	anno1.g5375.t1	A
rna-XM_056780127.1	A	anno1.g5374.t1	A
rna-XM_056780125.1	A	anno1.g6033.t1	A
rna-XM_056780134.1	A	anno1.g12096.t2	A
rna-XM_056780136.1	A	anno1.g12095.t1	A
rna-XM_056780137.1	A	anno1.g12123.t2	A
rna-XM_056780692.1	A	anno1.g12256.t1	A
rna-XM_056780140.1	A	anno1.g12106.t1	A
rna-XM_056780142.1	A	anno1.g12116.t1	A
rna-XM_056780143.1	A	anno1.g12117.t1	A
rna-XM_056780144.1	A	anno1.g12120.t1	A
rna-XM_056780697.1	A	anno1.g5251.t1	A
rna-XM_056781585.1	A	anno1.g12121.t1	A
rna-XM_056780638.1	A	anno1.g12124.t1	A
rna-XM_056781356.1	A	anno1.g8883.t1	A
rna-XM_056781892.1	A	anno1.g12094.t1	A
rna-XM_056781890.1	A	anno1.g4922.t1	A
rna-XM_056781893.1	A	anno1.g4921.t1	A
rna-XM_056780714.1	A	anno1.g4924.t1	A
rna-XM_056780716.1	A	anno1.g4926.t1	A
rna-XM_056780718.1	A	anno1.g4925.t1	A
rna-XM_056780715.1	A	anno1.g4927.t1	A
rna-XM_056780864.1	A	anno1.g6911.t1	A
rna-XM_056781030.1	A	anno1.g6912.t1	A
rna-XM_056781542.1	A	anno1.g6913.t1	A
rna-XM_056780962.1	A	anno1.g8558.t1	A
rna-XM_056780965.1	A	anno1.g8559.t1	A
rna-XM_056780964.1	A	anno1.g8560.t1	A
rna-XM_056781944.1	A	anno1.g12092.t1	A
rna-XM_056781592.1	A	anno1.g12091.t1	A
rna-XM_056781797.1	A	anno1.both_agree_g12774.t1	A
rna-XM_056781152.1	A	anno1.g1247.t3	A
rna-XM_056781156.1	A	anno1.g1248.t1	A
rna-XM_056780529.1	A	anno1.g7999.t1	A
rna-XM_056781399.1	A	anno1.g4226.t1	A
rna-XM_056780738.1	A	anno1.g8592.t1	A
rna-XM_056781116.1	A	anno1.g10024.t1	A
rna-XM_056781119.1	A	anno1.g9871.t1	A
rna-XM_056780719.1	A	anno1.g9872.t1	A
rna-XM_056781126.1	A	anno1.g2805.t1	A
rna-XM_056781128.1	A	anno1.g2804.t2	A
rna-XM_056780655.1	A	anno1.g7745.t1	A
rna-XM_056780724.1	A	anno1.g9934.t1	A
rna-XM_056780794.1	A	anno1.g9935.t1	A
rna-XM_056781588.1	A	anno1.g9936.t1	A
rna-XM_056780513.1	A	anno1.g9937.t1	A
rna-XM_056781548.1	A	anno1.g9939.t1	A
rna-XM_056782010.1	A	anno1.g9294.t1	A
rna-XM_056780814.1	A	anno1.g2373.t1	A
rna-XM_056780994.1	A	anno1.g6704.t1	A
rna-XM_056780666.1	A	anno1.g4382.t1	A
rna-XM_056780740.1	A	anno1.g6301.t1	A
rna-XM_056781524.1	A	anno1.g4380.t2	A
rna-XM_056781525.1	A	anno1.g4379.t1	A
rna-XM_056781528.1	A	anno1.g9922.t1	A
rna-XM_056781530.1	A	anno1.g9924.t1	A
rna-XM_056781531.1	A	anno1.g9920.t2	A
rna-XM_056781533.1	A	anno1.g9925.t1	A
rna-XM_056781633.1	A	anno1.g2773.t1	A
rna-XM_056781631.1	A	anno1.g4411.t1	A
rna-XM_056781636.1	A	anno1.g6306.t2	A
rna-XM_056780721.1	A	anno1.g6304.t1	A
rna-XM_056782233.1	A	anno1.g6303.t1	A
rna-XM_056782231.1	A	anno1.g6280.t1	A
rna-XM_056782230.1	A	anno1.g6281.t1	A
rna-XM_056780910.1	A	anno1.g6282.t1	A
rna-XM_056780078.1	A	anno1.g4312.t1	A
rna-XM_056780084.1	A	anno1.g1391.t1	A
rna-XM_056780081.1	A	anno1.g5920.t1	A
rna-XM_056780076.1	A	anno1.g4310.t1	A
rna-XM_056780351.1	A	anno1.g5929.t1	A
rna-XM_056782069.1	A	anno1.g5927.t1	A
rna-XM_056782078.1	A	anno1.g5926.t1	A
rna-XM_056782079.1	A	anno1.g5925.t1	A
rna-XM_056782080.1	A	anno1.g5924.t1	A
rna-XM_056781961.1	A	anno1.g5923.t1	A
rna-XM_056781964.1	A	anno1.g5922.t1	A
rna-XM_056780247.1	A	anno1.g5060.t1	A
rna-XM_056780249.1	A	anno1.g9405.t1	A
rna-XM_056780246.1	A	anno1.g10978.t1	A
rna-XM_056780250.1	A	anno1.g9403.t1	A
rna-XM_056780675.1	A	anno1.g10962.t1	A
rna-XM_056780676.1	A	anno1.g9862.t1	A
rna-XM_056781006.1	A	anno1.g9861.t1	A
rna-XM_056781009.1	A	anno1.g9926.t2	A
rna-XM_056780409.1	A	anno1.g12854.t1	A
rna-XM_056780405.1	A	anno1.g12860.t1	A
rna-XM_056780751.1	A	anno1.g5987.t1	A
rna-XM_056780428.1	A	anno1.g13116.t2	A
rna-XM_056781405.1	A	anno1.g4307.t1	A
rna-XM_056781406.1	A	anno1.g4308.t1	A
rna-XM_056781407.1	A	anno1.g4309.t1	A
rna-XM_056781408.1	A	anno1.g7714.t1	A
rna-XM_056781410.1	A	anno1.g5065.t3	A
rna-XM_056781417.1	A	anno1.g5066.t2	A
rna-XM_056781421.1	A	anno1.g10368.t2	A
rna-XM_056781423.1	A	anno1.g10385.t1	A
rna-XM_056781426.1	A	anno1.g10582.t1	A
rna-XM_056781424.1	A	anno1.g10584.t1	A
rna-XM_056781427.1	A	anno1.g10386.t1	A
rna-XM_056781428.1	A	anno1.g10388.t2	A
rna-XM_056781429.1	A	anno1.g10387.t1	A
rna-XM_056781430.1	A	anno1.g10384.t1	A
rna-XM_056781431.1	A	anno1.g6758.t1	A
rna-XM_056781436.1	A	anno1.g11020.t1	A
rna-XM_056781438.1	A	anno1.g11406.t1	A
rna-XM_056781441.1	A	anno1.g11185.t1	A
rna-XM_056781449.1	A	anno1.g11183.t8	A
rna-XM_056781480.1	A	anno1.g11186.t1	A
rna-XM_056781483.1	A	anno1.g6579.t1	A
rna-XM_056781484.1	A	anno1.g100.t1	A
rna-XM_056780765.1	A	anno1.g12287.t1	A
rna-XM_056781487.1	A	anno1.g13422.t1	A
rna-XM_056781488.1	A	anno1.g13401.t1	A
rna-XM_056781297.1	A	anno1.g13402.t1	A
rna-XM_056780370.1	A	anno1.g13404.t2	A
rna-XM_056780367.1	A	anno1.g13405.t1	A
rna-XM_056781390.1	A	anno1.g13416.t1	A
rna-XM_056780747.1	A	anno1.g13415.t1	A
rna-XM_056781291.1	A	anno1.g13414.t2	A
rna-XM_056780543.1	A	anno1.g13421.t1	A
rna-XM_056780546.1	A	anno1.g13420.t1	A
rna-XM_056780558.1	A	anno1.g13397.t1	A
rna-XM_056780774.1	A	anno1.g10128.t1	A
rna-XM_056780325.1	A	anno1.g10133.t1	A
rna-XM_056780323.1	A	anno1.g10134.t1	A
rna-XM_056780322.1	A	anno1.g13677.t1	A
rna-XM_056780438.1	A	anno1.g10795.t2	A
rna-XM_056781970.1	A	anno1.g13531.t1	A
rna-XM_056781972.1	A	anno1.g13533.t1	A
rna-XM_056781981.1	A	anno1.g13558.t1	A
rna-XM_056781973.1	A	anno1.g13553.t1	A
rna-XM_056781979.1	A	anno1.g13551.t1	A
rna-XM_056781971.1	A	anno1.g12451.t1	A
rna-XM_056781541.1	A	anno1.g12461.t1	A
rna-XM_056782209.1	A	anno1.g6297.t1	A
rna-XM_056780787.1	A	anno1.g6295.t1	A
rna-XM_056781039.1	A	anno1.g6290.t1	A
rna-XM_056780555.1	A	anno1.g6285.t1	A
rna-XM_056780406.1	A	anno1.g2649.t1	A
rna-XM_056780549.1	A	anno1.g1193.t1	A
rna-XM_056780550.1	A	anno1.g6705.t2	A
rna-XM_056781862.1	A	anno1.g9942.t1	A
rna-XM_056781864.1	A	anno1.g9944.t1	A
rna-XM_056781865.1	A	anno1.g8923.t1	A
rna-XM_056781866.1	A	anno1.g13364.t2	A
rna-XM_056780251.1	A	anno1.g12631.t1	A
rna-XM_056780256.1	A	anno1.g9080.t2	A
rna-XM_056780860.1	A	anno1.g9568.t1	A
rna-XM_056780858.1	A	anno1.g9865.t1	A
rna-XM_056780640.1	A	anno1.g9866.t1	A
rna-XM_056780218.1	A	anno1.g10025.t4	A
rna-XM_056780222.1	A	anno1.g12452.t1	A
rna-XM_056782087.1	A	anno1.g8593.t2	A
rna-XM_056782110.1	A	anno1.g4404.t1	A
rna-XM_056780211.1	A	anno1.g4407.t2	A
rna-XM_056780212.1	A	anno1.g4384.t1	A
rna-XM_056780216.1	A	anno1.g5278.t1	A
rna-XM_056780213.1	A	anno1.g6874.t1	A
rna-XM_056780563.1	A	anno1.g14271.t1	A
rna-XM_056780564.1	A	anno1.g13817.t1	A
rna-XM_056781504.1	A	anno1.g14272.t1	A
rna-XM_056780806.1	A	anno1.g8371.t1	A
rna-XM_056780813.1	A	anno1.g14270.t1	A
rna-XM_056780723.1	A	anno1.g317.t1	A
rna-XM_056780824.1	A	anno1.g318.t1	A
rna-XM_056782054.1	A	anno1.g13820.t1	A
rna-XM_056782055.1	A	anno1.g13821.t1	A
rna-XM_056782052.1	A	anno1.g13822.t3	A
rna-XM_056782057.1	A	anno1.g13767.t2	A
rna-XM_056780269.1	A	anno1.g3185.t1	A
rna-XM_056780270.1	A	anno1.g2269.t1	A
rna-XM_056780268.1	A	anno1.g12713.t1	A
rna-XM_056780273.1	A	anno1.g3867.t1	A
rna-XM_056780271.1	A	anno1.g14582.t1	A
rna-XM_056780263.1	A	anno1.g2313.t1	A
rna-XM_056780265.1	A	anno1.g2311.t1	A
rna-XM_056780960.1	A	anno1.g2278.t1	A
rna-XM_056781160.1	A	anno1.g2306.t1	A
rna-XM_056781161.1	A	anno1.g2308.t1	A
rna-XM_056781114.1	A	anno1.g13921.t1	A
rna-XM_056781112.1	A	anno1.g1084.t1	A
rna-XM_056781115.1	A	anno1.g5021.t1	A
rna-XM_056780931.1	A	anno1.g12422.t1	A
rna-XM_056780929.1	A	anno1.g1231.t1	A
rna-XM_056780939.1	A	anno1.g12879.t1	A
rna-XM_056780932.1	A	anno1.g4846.t1	A
rna-XM_056780831.1	A	anno1.g1167.t1	A
rna-XM_056780940.1	A	anno1.g12480.t1	A
rna-XM_056780941.1	A	anno1.g13069.t1	A
rna-XM_056782195.1	A	anno1.g7816.t1	A
rna-XM_056780880.1	A	anno1.g7817.t1	A
rna-XM_056781319.1	A	anno1.g11919.t1	A
rna-XM_056781322.1	A	anno1.g12278.t2	A
rna-XM_056780961.1	A	anno1.g1481.t1	A
rna-XM_056780832.1	A	anno1.g8319.t1	A
rna-XM_056781591.1	A	anno1.g8401.t2	A
rna-XM_056781014.1	A	anno1.g1486.t1	A
rna-XM_056780338.1	A	anno1.g14263.t1	A
rna-XM_056780184.1	A	anno1.g11756.t1	A
rna-XM_056780186.1	A	anno1.g3186.t1	A
rna-XM_056781626.1	A	anno1.g11485.t1	A
rna-XM_056780954.1	A	anno1.g11489.t1	A
rna-XM_056780779.1	A	anno1.g3184.t3	A
rna-XM_056780379.1	A	anno1.g13014.t1	A
rna-XM_056780741.1	A	anno1.g12417.t1	A
rna-XM_056781365.1	A	anno1.g6245.t1	A
rna-XM_056780673.1	A	anno1.g12416.t1	A
rna-XM_056780073.1	A	anno1.g5530.t1	A
rna-XM_056781982.1	A	anno1.g5835.t1	A
rna-XM_056781984.1	A	anno1.g13976.t1	A
rna-XM_056780928.1	A	anno1.g13978.t1	A
rna-XM_056781589.1	A	anno1.g13973.t1	A
rna-XM_056780871.1	A	anno1.g14178.t1	A
rna-XM_056780151.1	A	anno1.g12281.t1	A
rna-XM_056780148.1	A	anno1.g12280.t1	A
rna-XM_056781222.1	A	anno1.g11704.t1	A
rna-XM_056780767.1	A	anno1.g14200.t1	A
rna-XM_056781660.1	A	anno1.g1431.t1	A
rna-XM_056781654.1	A	anno1.g10699.t1	A
rna-XM_056781661.1	A	anno1.g10698.t1	A
rna-XM_056781562.1	A	anno1.g8527.t2	A
rna-XM_056780530.1	A	anno1.g8528.t2	A
rna-XM_056780987.1	A	anno1.g5935.t1	A
rna-XM_056780287.1	A	anno1.g7402.t1	A
rna-XM_056780292.1	A	anno1.g5533.t1	A
rna-XM_056780872.1	A	anno1.g7414.t1	A
rna-XM_056780306.1	A	anno1.g7413.t1	A
rna-XM_056780294.1	A	anno1.g14571.t1	A
rna-XM_056780310.1	A	anno1.g13216.t1	A
rna-XM_056780312.1	A	anno1.g742.t1	A
rna-XM_056781693.1	A	anno1.g14170.t1	A
rna-XM_056781701.1	A	anno1.g14199.t1	A
rna-XM_056781703.1	A	anno1.g4463.t1	A
rna-XM_056780275.1	A	anno1.g5473.t1	A
rna-XM_056781708.1	A	anno1.g968.t1	A
rna-XM_056781715.1	A	anno1.g7941.t1	A
rna-XM_056781717.1	A	anno1.g12112.t1	A
rna-XM_056781718.1	A	anno1.g14579.t1	A
rna-XM_056781722.1	A	anno1.g6327.t1	A
rna-XM_056780337.1	A	anno1.g415.t1	A
rna-XM_056781078.1	A	anno1.g14421.t1	A
rna-XM_056781080.1	A	anno1.g14413.t1	A
rna-XM_056780582.1	A	anno1.g8589.t1	A
rna-XM_056781734.1	A	anno1.g11997.t1	A
rna-XM_056781800.1	A	anno1.g111.t1	A
rna-XM_056781808.1	A	anno1.g14294.t1	A
rna-XM_056781809.1	A	anno1.g1269.t1	A
rna-XM_056781811.1	A	anno1.g14411.t2	A
rna-XM_056781813.1	A	anno1.g12965.t1	A
rna-XM_056781816.1	A	anno1.g1570.t1	A
rna-XM_056781818.1	A	anno1.g8590.t1	A
rna-XM_056781815.1	A	anno1.g1319.t1	A
rna-XM_056781819.1	A	anno1.g10179.t1	A
rna-XM_056781821.1	A	anno1.g12001.t1	A
rna-XM_056781822.1	A	anno1.g10178.t1	A
rna-XM_056781826.1	A	anno1.g7369.t1	A
rna-XM_056781827.1	A	anno1.g11933.t2	A
rna-XM_056781832.1	A	anno1.g11930.t2	A
rna-XM_056781838.1	A	anno1.g3551.t1	A
rna-XM_056780685.1	A	anno1.g11965.t1	A
rna-XM_056781741.1	A	anno1.g5973.t1	A
rna-XM_056781169.1	A	anno1.g14761.t1	A
rna-XM_056780561.1	A	anno1.g11327.t1	A
rna-XM_056780074.1	A	anno1.g5966.t1	A
rna-XM_056780075.1	A	anno1.g6970.t2	A
rna-XM_056780809.1	A	anno1.g14720.t1	A
rna-XM_056780587.1	A	anno1.g9044.t1	A
rna-XM_056781522.1	A	anno1.g11130.t2	A
rna-XM_056780512.1	A	anno1.g757.t1	A
rna-XM_056782201.1	A	anno1.g6358.t2	A
rna-XM_056782205.1	A	anno1.g7949.t1	A
rna-XM_056782207.1	A	anno1.g12335.t1	A
rna-XM_056782208.1	A	anno1.g12142.t1	A
rna-XM_056780569.1	A	anno1.g7151.t1	A
rna-XM_056781742.1	A	anno1.g4773.t2	A
rna-XM_056781342.1	A	anno1.g4774.t1	A
rna-XM_056782083.1	A	anno1.g13380.t1	A
rna-XM_056781325.1	A	anno1.g12141.t1	A
rna-XM_056780504.1	A	anno1.g8455.t1	A
rna-XM_056781316.1	A	anno1.g5004.t3	A
rna-XM_056780978.1	A	anno1.g5003.t1	A
rna-XM_056781517.1	A	anno1.g5005.t1	A
rna-XM_056780096.1	A	anno1.g5006.t1	A
rna-XM_056780092.1	A	anno1.g14612.t6	A
rna-XM_056780583.1	A	anno1.g12803.t1	A
rna-XM_056782221.1	A	anno1.g7264.t2	A
rna-XM_056782213.1	A	anno1.g7263.t1	A
rna-XM_056782223.1	A	anno1.g7262.t1	A
rna-XM_056782222.1	A	anno1.g7261.t2	A
rna-XM_056780454.1	A	anno1.g7170.t1	A
rna-XM_056781294.1	A	anno1.g11871.t1	A
rna-XM_056782128.1	A	anno1.g11863.t1	A
rna-XM_056781016.1	A	anno1.g8456.t1	A
rna-XM_056781022.1	A	anno1.g44.t2	A
rna-XM_056781745.1	A	anno1.g7761.t1	A
rna-XM_056781859.1	A	anno1.g1.t1	A
rna-XM_056781561.1	A	anno1.g1573.t1	A
rna-XM_056780778.1	A	anno1.g109.t1	A
rna-XM_056780777.1	A	anno1.g106.t1	A
rna-XM_056780776.1	A	anno1.g105.t1	A
rna-XM_056781648.1	A	anno1.g82.t1	A
rna-XM_056780997.1	A	anno1.g1146.t1	A
rna-XM_056780996.1	A	anno1.g113.t1	A
rna-XM_056781035.1	A	anno1.g110.t1	A
rna-XM_056781019.1	A	anno1.g7355.t1	A
rna-XM_056781392.1	A	anno1.g11241.t2	A
rna-XM_056780678.1	A	anno1.g11242.t1	A
rna-XM_056780950.1	A	anno1.g11320.t2	A
rna-XM_056780547.1	A	anno1.g11318.t1	A
rna-XM_056781344.1	A	anno1.g770.t1	A
rna-XM_056781107.1	A	anno1.g11783.t1	A
rna-XM_056781121.1	A	anno1.g2997.t2	A
rna-XM_056781122.1	A	anno1.g12969.t1	A
rna-XM_056781120.1	A	anno1.g12968.t1	A
rna-XM_056781666.1	A	anno1.g13038.t1	A
rna-XM_056780887.1	A	anno1.g11144.t1	A
rna-XM_056780886.1	A	anno1.g14695.t1	A
rna-XM_056780890.1	A	anno1.g10364.t2	A
rna-XM_056780895.1	A	anno1.g11036.t1	A
rna-XM_056780889.1	A	anno1.g11869.t1	A
rna-XM_056780896.1	A	anno1.g11872.t1	A
rna-XM_056780899.1	A	anno1.g11873.t1	A
rna-XM_056780894.1	A	anno1.g13331.t1	A
rna-XM_056780893.1	A	anno1.g14140.t1	A
rna-XM_056781396.1	A	anno1.g8454.t1	A
rna-XM_056781381.1	A	anno1.g14145.t1	A
rna-XM_056781374.1	A	anno1.g14152.t1	A
rna-XM_056781382.1	A	anno1.g14153.t1	A
rna-XM_056780371.1	A	anno1.g13333.t1	A
rna-XM_056780372.1	A	anno1.g13332.t1	A
rna-XM_056780328.1	A	anno1.g7991.t1	A
rna-XM_056780326.1	A	anno1.g8452.t1	A
rna-XM_056780327.1	A	anno1.g14154.t2	A
rna-XM_056781779.1	A	anno1.g14820.t1	A
rna-XM_056781782.1	A	anno1.g11866.t1	A
rna-XM_056781783.1	A	anno1.g14157.t1	A
rna-XM_056781750.1	A	anno1.g14156.t2	A
rna-XM_056781784.1	A	anno1.g5128.t1	A
rna-XM_056781348.1	A	anno1.g7969.t1	A
rna-XM_056781353.1	A	anno1.g10432.t1	A
rna-XM_056781058.1	A	anno1.g96.t1	A
rna-XM_056781057.1	A	anno1.g97.t1	A
rna-XM_056781059.1	A	anno1.g92.t2	A
rna-XM_056781063.1	A	anno1.g91.t1	A
rna-XM_056781066.1	A	anno1.g93.t1	A
rna-XM_056781067.1	A	anno1.g94.t1	A
rna-XM_056780923.1	A	anno1.g95.t1	A
rna-XM_056780572.1	A	anno1.g5770.t1	A
rna-XM_056781552.1	A	anno1.g101.t1	A
rna-XM_056781551.1	A	anno1.g804.t2	A
rna-XM_056781553.1	A	anno1.g805.t1	A
rna-XM_056781556.1	A	anno1.g5746.t2	A
rna-XM_056781557.1	A	anno1.g2235.t1	X
rna-XM_056780340.1	A	anno1.g1622.t1	A
rna-XM_056780332.1	A	anno1.g1623.t1	A
rna-XM_056782197.1	A	anno1.g6183.t3	A
rna-XM_056781015.1	A	anno1.g12500.t1	A
rna-XM_056780437.1	A	anno1.g806.t1	A
rna-XM_056780061.1	A	anno1.g7.t7	A
rna-XM_056780070.1	A	anno1.g11.t1	A
rna-XM_056780366.1	A	anno1.g12.t1	A
rna-XM_056780759.1	A	anno1.g3.t1	A
rna-XM_056781752.1	A	anno1.g4.t1	A
rna-XM_056780906.1	A	anno1.g85.t1	A
rna-XM_056781993.1	A	anno1.g89.t2	A
rna-XM_056781999.1	A	anno1.g11030.t1	A
rna-XM_056781574.1	A	anno1.g71.t1	A
rna-XM_056781846.1	A	anno1.g70.t1	A
rna-XM_056781849.1	A	anno1.g69.t1	A
rna-XM_056781848.1	A	anno1.g4484.t1	A
rna-XM_056781843.1	A	anno1.g3845.t1	A
rna-XM_056781845.1	A	anno1.g66.t1	A
rna-XM_056781844.1	A	anno1.g1521.t1	A
rna-XM_056781521.1	A	anno1.g8989.t1	A
rna-XM_056781987.1	A	anno1.g12136.t1	A
rna-XM_056781988.1	A	anno1.g12132.t1	A
rna-XM_056781990.1	A	anno1.g12131.t1	A
rna-XM_056781069.1	A	anno1.g8554.t1	A
rna-XM_056781071.1	A	anno1.g14287.t1	A
rna-XM_056781072.1	A	anno1.g12187.t1	A
rna-XM_056781070.1	A	anno1.g12190.t1	A
rna-XM_056781074.1	A	anno1.g12192.t1	A
rna-XM_056782085.1	A	anno1.g3662.t1	A
rna-XM_056782259.1	A	anno1.g11806.t1	A
rna-XM_056782251.1	A	anno1.g11804.t1	A
rna-XM_056782249.1	A	anno1.g2406.t1	A
rna-XM_056780901.1	A	anno1.g2536.t1	A
rna-XM_056781582.1	A	anno1.g7162.t1	A
rna-XM_056780089.1	A	anno1.g6531.t1	A
rna-XM_056780090.1	A	anno1.g5549.t1	A
rna-XM_056780361.1	A	anno1.g7777.t1	A
rna-XM_056780885.1	A	anno1.g8058.t1	A
rna-XM_056781754.1	A	anno1.g8060.t1	A
rna-XM_056780838.1	A	anno1.g4460.t1	A
rna-XM_056780842.1	A	anno1.g14806.t1	A
rna-XM_056781623.1	A	anno1.g2827.t1	A
rna-XM_056781617.1	A	anno1.g1226.t1	A
rna-XM_056780953.1	A	anno1.g2787.t1	A
rna-XM_056780573.1	A	anno1.g2748.t1	A
rna-XM_056780360.1	A	anno1.g2749.t2	A
rna-XM_056781757.1	A	anno1.g8290.t1	A
rna-XM_056781878.1	A	anno1.g2164.t1	X
rna-XM_056781885.1	A	anno1.g12185.t1	A
rna-XM_056781883.1	A	anno1.g4701.t1	A
rna-XM_056780876.1	A	anno1.g7377.t2	A
rna-XM_056780500.1	A	anno1.g3220.t1	A
rna-XM_056780584.1	A	anno1.g3223.t1	A
rna-XM_056781558.1	A	anno1.g3224.t1	A
rna-XM_056780189.1	A	anno1.g10963.t1	A
rna-XM_056780647.1	A	anno1.g13411.t1	A
rna-XM_056781577.1	A	anno1.g13661.t1	A
rna-XM_056781578.1	A	anno1.g10757.t1	A
rna-XM_056781295.1	A	anno1.g9894.t1	A
rna-XM_056780671.1	A	anno1.g9440.t2	A
rna-XM_056780879.1	A	anno1.g13824.t1	A
rna-XM_056782002.1	A	anno1.g13828.t2	A
rna-XM_056780245.1	A	anno1.g13829.t1	A
rna-XM_056780789.1	A	anno1.g12053.t1	A
rna-XM_056780788.1	A	anno1.g4884.t1	A
rna-XM_056780793.1	A	anno1.g10619.t1	A
rna-XM_056780790.1	A	anno1.g10617.t1	A
rna-XM_056782059.1	A	anno1.g10616.t1	A
rna-XM_056782063.1	A	anno1.g550.t1	A
rna-XM_056782120.1	A	anno1.g555.t2	A
rna-XM_056782121.1	A	anno1.g5474.t1	A
rna-XM_056780805.1	A	anno1.g7097.t1	A
rna-XM_056780532.1	A	anno1.g3444.t1	A
rna-XM_056780536.1	A	anno1.g225.t1	A
rna-XM_056780537.1	A	anno1.g10034.t2	A
rna-XM_056780538.1	A	anno1.g10603.t1	A
rna-XM_056780750.1	A	anno1.g13803.t1	A
rna-XM_056780902.1	A	anno1.g487.t1	A
rna-XM_056781324.1	A	anno1.g4521.t1	A
rna-XM_056780729.1	A	anno1.g1373.t1	A
rna-XM_056782019.1	A	anno1.g10674.t4	A
rna-XM_056782027.1	A	anno1.g6907.t1	A
rna-XM_056782030.1	A	anno1.g4947.t1	A
rna-XM_056782031.1	A	anno1.g6930.t2	A
rna-XM_056782034.1	A	anno1.g545.t2	A
rna-XM_056781491.1	A	anno1.g3440.t1	A
rna-XM_056781899.1	A	anno1.g2782.t1	A
rna-XM_056781900.1	A	anno1.g3627.t1	A
rna-XM_056781902.1	A	anno1.g3697.t1	A
rna-XM_056781903.1	A	anno1.g3696.t1	A
rna-XM_056781904.1	A	anno1.g7964.t1	A
rna-XM_056781905.1	A	anno1.g3708.t1	A
rna-XM_056781907.1	A	anno1.g7963.t1	A
rna-XM_056781910.1	A	anno1.g8512.t1	A
rna-XM_056781911.1	A	anno1.g6310.t1	A
rna-XM_056781912.1	A	anno1.g1389.t1	A
rna-XM_056781913.1	A	anno1.g6818.t1	A
rna-XM_056781915.1	A	anno1.g10859.t1	A
rna-XM_056781918.1	A	anno1.g11070.t1	A
rna-XM_056781921.1	A	anno1.g11068.t1	A
rna-XM_056781922.1	A	anno1.g14712.t1	A
rna-XM_056781928.1	A	anno1.g12593.t2	A
rna-XM_056781927.1	A	anno1.g6792.t2	A
rna-XM_056781926.1	A	anno1.g11191.t1	A
rna-XM_056781929.1	A	anno1.g10012.t1	A
rna-XM_056781930.1	A	anno1.g8744.t1	A
rna-XM_056781933.1	A	anno1.g13102.t1	A
rna-XM_056780782.1	A	anno1.g13081.t1	A
rna-XM_056780783.1	A	anno1.g3707.t1	A
rna-XM_056780785.1	A	anno1.g4177.t2	A
rna-XM_056780552.1	A	anno1.g12768.t1	A
rna-XM_056782130.1	A	anno1.g6556.t1	A
rna-XM_056782135.1	A	anno1.g11065.t1	A
rna-XM_056782137.1	A	anno1.g8509.t1	A
rna-XM_056782136.1	A	anno1.g8511.t2	A
rna-XM_056780955.1	A	anno1.g6763.t1	A
rna-XM_056780771.1	A	anno1.g3511.t1	A
rna-XM_056781213.1	A	anno1.g6764.t1	A
rna-XM_056780828.1	A	anno1.g6765.t1	A
rna-XM_056782035.1	A	anno1.g5196.t2	A
rna-XM_056781547.1	A	anno1.g5195.t1	A
rna-XM_056781652.1	A	anno1.g1011.t1	A
rna-XM_056781762.1	A	anno1.g8046.t1	A
rna-XM_056782182.1	A	anno1.g11663.t3	A
rna-XM_056782177.1	A	anno1.g10255.t1	A
rna-XM_056782176.1	A	anno1.g13073.t2	A
rna-XM_056782186.1	A	anno1.g13074.t1	A
rna-XM_056780086.1	A	anno1.g14327.t1	A
rna-XM_056780085.1	A	anno1.g11907.t1	A
rna-XM_056781003.1	A	anno1.g5168.t1	A
rna-XM_056781000.1	A	anno1.g10260.t1	A
rna-XM_056781001.1	A	anno1.g10258.t1	A
rna-XM_056780531.1	A	anno1.g5167.t2	A
rna-XM_056780801.1	A	anno1.g5165.t2	A
rna-XM_056780833.1	A	anno1.g4478.t3	A
rna-XM_056780283.1	A	anno1.g4479.t4	A
rna-XM_056780816.1	A	anno1.g4485.t1	A
rna-XM_056780822.1	A	anno1.g4486.t2	A
rna-XM_056780823.1	A	anno1.g4487.t1	A
rna-XM_056780341.1	A	anno1.g4489.t1	A
rna-XM_056781340.1	A	anno1.g10256.t1	A
rna-XM_056781079.1	A	anno1.g4497.t2	A
rna-XM_056781509.1	A	anno1.g13830.t1	A
rna-XM_056781338.1	A	anno1.g10001.t1	A
rna-XM_056781403.1	A	anno1.g10007.t1	A
rna-XM_056781402.1	A	anno1.g10006.t1	A
rna-XM_056780595.1	A	anno1.g7298.t1	A
rna-XM_056781539.1	A	anno1.g7297.t1	A
rna-XM_056780969.1	A	anno1.g7295.t1	A
rna-XM_056780761.1	A	anno1.g7773.t1	A
rna-XM_056780748.1	A	anno1.g7772.t1	A
rna-XM_056780615.1	A	anno1.g7774.t1	A
rna-XM_056780524.1	A	anno1.g7775.t1	A
rna-XM_056780528.1	A	anno1.g7568.t2	A
rna-XM_056780526.1	A	anno1.g7569.t1	A
rna-XM_056780450.1	A	anno1.g10948.t2	A
rna-XM_056780798.1	A	anno1.g10949.t1	A
rna-XM_056780196.1	A	anno1.g2721.t1	A
rna-XM_056781851.1	A	anno1.g2720.t1	A
rna-XM_056780378.1	A	anno1.g3695.t2	A
rna-XM_056781789.1	A	anno1.g3870.t1	A
rna-XM_056781795.1	A	anno1.g3871.t1	A
rna-XM_056781794.1	A	anno1.g3869.t1	A
rna-XM_056781686.1	A	anno1.g2378.t2	A
rna-XM_056781679.1	A	anno1.g2377.t1	A
rna-XM_056781690.1	A	anno1.g10184.t2	A
rna-XM_056781681.1	A	anno1.g3883.t1	A
rna-XM_056781668.1	A	anno1.g3884.t1	A
rna-XM_056781672.1	A	anno1.g3885.t1	A
rna-XM_056781687.1	A	anno1.g1959.t1	X
rna-XM_056781682.1	A	anno1.g3262.t1	A
rna-XM_056781767.1	A	anno1.g3250.t1	A
rna-XM_056780988.1	A	anno1.g3249.t1	A
rna-XM_056780687.1	A	anno1.g3248.t1	A
rna-XM_056781584.1	A	anno1.g4036.t1	A
rna-XM_056781770.1	A	anno1.g8125.t1	A
rna-XM_056780853.1	A	anno1.g12789.t1	A
rna-XM_056780851.1	A	anno1.g10412.t1	A
rna-XM_056781136.1	A	anno1.g2264.t1	A
rna-XM_056781145.1	A	anno1.g2266.t1	A
rna-XM_056781139.1	A	anno1.g10467.t1	A
rna-XM_056781138.1	A	anno1.g3728.t1	A
rna-XM_056781130.1	A	anno1.g3727.t1	A
rna-XM_056781144.1	A	anno1.g3729.t2	A
rna-XM_056781393.1	A	anno1.g3730.t1	A
rna-XM_056780682.1	A	anno1.g10441.t1	A
rna-XM_056780684.1	A	anno1.g10431.t1	A
rna-XM_056782164.1	A	anno1.g2513.t1	A
rna-XM_056782160.1	A	anno1.g2500.t2	A
rna-XM_056780565.1	A	anno1.g2501.t1	A
rna-XM_056781290.1	A	anno1.g2515.t1	A
rna-XM_056781286.1	A	anno1.g2516.t1	A
rna-XM_056781285.1	A	anno1.g2505.t1	A
rna-XM_056781214.1	A	anno1.g10625.t2	A
rna-XM_056781341.1	A	anno1.g10623.t2	A
rna-XM_056781950.1	A	anno1.g2449.t1	A
rna-XM_056781953.1	A	anno1.g2444.t1	A
rna-XM_056781952.1	A	anno1.g10417.t1	A
rna-XM_056781956.1	A	anno1.g2567.t2	A
rna-XM_056782229.1	A	anno1.g2353.t1	A
rna-XM_056782224.1	A	anno1.g2351.t1	A
rna-XM_056780662.1	A	anno1.g2350.t1	A
rna-XM_056780766.1	A	anno1.g2348.t1	A
rna-XM_056781383.1	A	anno1.g2347.t2	A
rna-XM_056781327.1	A	anno1.g2354.t1	A
rna-XM_056781328.1	A	anno1.g11029.t1	A
rna-XM_056781330.1	A	anno1.g2558.t1	A
rna-XM_056781329.1	A	anno1.g2560.t1	A
rna-XM_056781334.1	A	anno1.g10469.t1	A
rna-XM_056781336.1	A	anno1.g10470.t1	A
rna-XM_056781337.1	A	anno1.g8770.t2	A
rna-XM_056780510.1	A	anno1.g12769.t1	A
rna-XM_056780511.1	A	anno1.g12772.t2	A
rna-XM_056780966.1	A	anno1.g12771.t2	A
rna-XM_056781569.1	A	anno1.g12770.t1	A
rna-XM_056781595.1	A	anno1.g12774.t1	A
rna-XM_056781596.1	A	anno1.g12775.t1	A
rna-XM_056781602.1	A	anno1.g12776.t1	A
rna-XM_056781600.1	A	anno1.g12881.t1	A
rna-XM_056781773.1	A	anno1.g7656.t1	A
rna-XM_056781606.1	A	anno1.g12764.t1	A
rna-XM_056781604.1	A	anno1.g10943.t1	A
rna-XM_056781608.1	A	anno1.g10941.t1	A
rna-XM_056781609.1	A	anno1.g3212.t1	A
rna-XM_056781612.1	A	anno1.g3214.t1	A
rna-XM_056781774.1	A	anno1.g4277.t1	A
rna-XM_056781611.1	A	anno1.g5772.t1	A
rna-XM_056781610.1	A	anno1.g6242.t1	A
rna-XM_056781613.1	A	anno1.g6241.t1	A
rna-XM_056781581.1	A	anno1.g7577.t1	A
rna-XM_056781580.1	A	anno1.g7580.t2	A
rna-XM_056780596.1	A	anno1.g7576.t1	A
rna-XM_056782067.1	A	anno1.g1225.t4	A
rna-XM_056780578.1	A	anno1.g3614.t1	A
rna-XM_056780336.1	A	anno1.g5705.t1	A
rna-XM_056782234.1	A	anno1.g13138.t1	A
rna-XM_056782235.1	A	anno1.g13827.t1	A
rna-XM_056782236.1	A	anno1.g4297.t1	A
rna-XM_056781494.1	A	anno1.g8625.t1	A
rna-XM_056780836.1	A	anno1.g13807.t1	A
rna-XM_056780442.1	A	anno1.g3701.t1	A
rna-XM_056780446.1	A	anno1.g11579.t1	A
rna-XM_056781586.1	A	anno1.g4819.t1	A
rna-XM_056782174.1	A	anno1.g910.t1	A
rna-XM_056782166.1	A	anno1.g4100.t2	A
rna-XM_056782173.1	A	anno1.g11713.t1	A
rna-XM_056782168.1	A	anno1.g10678.t1	A
rna-XM_056782172.1	A	anno1.g11716.t1	A
rna-XM_056780621.1	A	anno1.g11717.t1	A
rna-XM_056780620.1	A	anno1.g11720.t1	A
rna-XM_056781776.1	A	anno1.g9740.t2	A
rna-XM_056780720.1	A	anno1.g9644.t1	A
rna-XM_056780054.1	A	anno1.g9641.t1	A
rna-XM_056780056.1	A	anno1.g12535.t1	A
rna-XM_056780057.1	A	anno1.g12536.t1	A
rna-XM_056781397.1	A	anno1.g5997.t1	A
rna-XM_056781398.1	A	anno1.g11927.t1	A
rna-XM_056780348.1	A	anno1.g5996.t1	A
rna-XM_056780344.1	A	anno1.g5994.t1	A
rna-XM_056781777.1	A	anno1.g3628.t1	A
rna-XM_056780345.1	A	anno1.g2678.t1	A
rna-XM_056780342.1	A	anno1.g6452.t1	A
rna-XM_056780439.1	A	anno1.g3559.t1	A
rna-XM_056781005.1	A	anno1.g3699.t1	A
rna-XM_056780957.1	A	anno1.g10864.t2	A
rna-XM_056781490.1	A	anno1.g3925.t2	A
rna-XM_056781172.1	A	anno1.g11578.t1	A
rna-XM_056781182.1	A	anno1.g3922.t1	A
rna-XM_056781177.1	A	anno1.g3921.t1	A
rna-XM_056781190.1	A	anno1.g4275.t1	A
rna-XM_056781189.1	A	anno1.g9249.t1	A
rna-XM_056781185.1	A	anno1.g327.t1	A
rna-XM_056781186.1	A	anno1.g326.t1	A
rna-XM_056781187.1	A	anno1.g9224.t1	A
rna-XM_056781193.1	A	anno1.g830.t1	A
rna-XM_056781192.1	A	anno1.g9259.t1	A
rna-XM_056781367.1	A	anno1.g4274.t1	A
rna-XM_056781373.1	A	anno1.g4273.t2	A
rna-XM_056780373.1	A	anno1.g4278.t1	A
rna-XM_056780999.1	A	anno1.g4276.t1	A
rna-XM_056780982.1	A	anno1.g3914.t1	A
rna-XM_056780509.1	A	anno1.g3913.t1	A
rna-XM_056782245.1	A	anno1.g3915.t1	A
rna-XM_056782240.1	A	anno1.g3916.t4	A
rna-XM_056782246.1	A	anno1.g3917.t1	A
rna-XM_056782118.1	A	anno1.g3918.t1	A
rna-XM_056782115.1	A	anno1.g3920.t1	A
rna-XM_056780780.1	A	anno1.g3919.t1	A
rna-XM_056781123.1	A	anno1.g4149.t1	A
rna-XM_056780365.1	A	anno1.g2395.t1	A
rna-XM_056780602.1	A	anno1.g8513.t5	A
rna-XM_056780607.1	A	anno1.g8514.t2	A
rna-XM_056780726.1	A	anno1.g3238.t1	A
rna-XM_056781384.1	A	anno1.g8516.t1	A
rna-XM_056780415.1	A	anno1.g8522.t2	A
rna-XM_056780414.1	A	anno1.g12301.t1	A
rna-XM_056780424.1	A	anno1.g8525.t1	A
rna-XM_056781778.1	A	anno1.g13906.t2	A
rna-XM_056780417.1	A	anno1.g12215.t1	A
rna-XM_056780802.1	A	anno1.g3449.t1	A
rna-XM_056780803.1	A	anno1.g4033.t1	A
rna-XM_056781076.1	A	anno1.g3961.t1	A
rna-XM_056781077.1	A	anno1.g3960.t1	A
rna-XM_056781203.1	A	anno1.g2415.t1	A
rna-XM_056781568.1	A	anno1.g2549.t1	A
rna-XM_056781567.1	A	anno1.g2614.t3	A
rna-XM_056780985.1	A	anno1.g2553.t2	A
rna-XM_056780164.1	A	anno1.g2554.t3	A
rna-XM_056780154.1	A	anno1.g11527.t2	A
rna-XM_056780152.1	A	anno1.g12218.t1	A
rna-XM_056780992.1	A	anno1.g10372.t1	A
rna-XM_056780353.1	A	anno1.g10371.t1	A
rna-XM_056780358.1	A	anno1.g10375.t1	A
rna-XM_056780355.1	A	anno1.g13712.t1	A
rna-XM_056780359.1	A	anno1.g8257.t1	A
rna-XM_056780225.1	A	anno1.g8256.t1	A
rna-XM_056780230.1	A	anno1.g12630.t1	A
rna-XM_056780233.1	A	anno1.g12629.t1	A
rna-XM_056780447.1	A	anno1.g14186.t1	A
rna-XM_056780908.1	A	anno1.g12314.t1	A
rna-XM_056781026.1	A	anno1.g12212.t1	A
rna-XM_056781023.1	A	anno1.g12313.t1	A
rna-XM_056783155.1	A	anno1.g13395.t1	A
rna-XM_056783691.1	A	anno1.g12265.t1	A
rna-XM_056783694.1	A	anno1.g2984.t1	A
rna-XM_056783112.1	A	anno1.g2982.t2	A
rna-XM_056783113.1	A	anno1.g6633.t1	A
rna-XM_056782747.1	A	anno1.g12263.t1	A
rna-XM_056782480.1	A	anno1.g3904.t1	A
rna-XM_056783475.1	A	anno1.g13418.t1	A
rna-XM_056783466.1	A	anno1.g9242.t2	A
rna-XM_056783481.1	A	anno1.g14228.t1	A
rna-XM_056783480.1	A	anno1.g575.t1	A
rna-XM_056783153.1	A	anno1.g6143.t1	A
rna-XM_056783797.1	A	anno1.g9711.t3	A
rna-XM_056783177.1	A	anno1.g9709.t1	A
rna-XM_056782371.1	A	anno1.g5188.t2	A
rna-XM_056782364.1	A	anno1.g12178.t1	A
rna-XM_056782366.1	A	anno1.g14698.t1	A
rna-XM_056782367.1	A	anno1.g8520.t1	A
rna-XM_056782361.1	A	anno1.g8580.t1	A
rna-XM_056782357.1	A	anno1.g6126.t1	A
rna-XM_056782375.1	A	anno1.g3975.t1	A
rna-XM_056782355.1	A	anno1.g2284.t1	A
rna-XM_056782352.1	A	anno1.g3985.t1	A
rna-XM_056782365.1	A	anno1.g2539.t1	A
rna-XM_056782380.1	A	anno1.g3576.t1	A
rna-XM_056782382.1	A	anno1.g14558.t1	A
rna-XM_056782727.1	A	anno1.g13037.t1	A
rna-XM_056782729.1	A	anno1.g13036.t2	A
rna-XM_056783493.1	A	anno1.g8563.t1	A
rna-XM_056783494.1	A	anno1.g13039.t1	A
rna-XM_056782842.1	A	anno1.g8564.t1	A
rna-XM_056783265.1	A	anno1.g13035.t1	A
rna-XM_056783266.1	A	anno1.g1459.t2	A
rna-XM_056783267.1	A	anno1.g10248.t1	A
rna-XM_056783268.1	A	anno1.g1131.t1	A
rna-XM_056783271.1	A	anno1.g7349.t1	A
rna-XM_056783272.1	A	anno1.g12514.t1	A
rna-XM_056783275.1	A	anno1.g1134.t1	A
rna-XM_056783274.1	A	anno1.g6457.t1	A
rna-XM_056783276.1	A	anno1.g12475.t2	A
rna-XM_056783278.1	A	anno1.g12512.t1	A
rna-XM_056783330.1	A	anno1.g1124.t1	A
rna-XM_056782751.1	A	anno1.g13032.t1	A
rna-XM_056782722.1	A	anno1.g12340.t1	A
rna-XM_056782723.1	A	anno1.g521.t1	A
rna-XM_056782956.1	A	anno1.g522.t1	A
rna-XM_056782992.1	A	anno1.g12510.t1	A
rna-XM_056782993.1	A	anno1.g1121.t1	A
rna-XM_056783315.1	A	anno1.g5715.t1	A
rna-XM_056782714.1	A	anno1.g10365.t1	A
rna-XM_056782711.1	A	anno1.g1398.t1	A
rna-XM_056783531.1	A	anno1.g11246.t1	A
rna-XM_056783538.1	A	anno1.g638.t2	A
rna-XM_056783533.1	A	anno1.g639.t1	A
rna-XM_056783536.1	A	anno1.g159.t1	A
rna-XM_056783539.1	A	anno1.g637.t1	A
rna-XM_056783540.1	A	anno1.g10621.t1	A
rna-XM_056783541.1	A	anno1.g603.t1	A
rna-XM_056783628.1	A	anno1.g12372.t1	A
rna-XM_056783190.1	A	anno1.g607.t2	A
rna-XM_056783317.1	A	anno1.g6497.t1	A
rna-XM_056783210.1	A	anno1.g6494.t1	A
rna-XM_056782790.1	A	anno1.g6493.t1	A
rna-XM_056782793.1	A	anno1.g4627.t1	A
rna-XM_056782798.1	A	anno1.g8891.t4	A
rna-XM_056782799.1	A	anno1.g2194.t1	X
rna-XM_056782797.1	A	anno1.g10665.t1	A
rna-XM_056782676.1	A	anno1.g10666.t1	A
rna-XM_056782677.1	A	anno1.g10667.t1	A
rna-XM_056783321.1	A	anno1.g10668.t1	A
rna-XM_056782460.1	A	anno1.g10648.t1	A
rna-XM_056782839.1	A	anno1.g10649.t1	A
rna-XM_056783027.1	A	anno1.g10672.t1	A
rna-XM_056783029.1	A	anno1.g10673.t1	A
rna-XM_056782974.1	A	anno1.g10659.t2	A
rna-XM_056782976.1	A	anno1.g10664.t1	A
rna-XM_056782477.1	A	anno1.g10657.t1	A
rna-XM_056782476.1	A	anno1.g10658.t1	A
rna-XM_056782478.1	A	anno1.g13262.t1	A
rna-XM_056782766.1	A	anno1.g8555.t1	A
rna-XM_056782780.1	A	anno1.g5376.t2	A
rna-XM_056782775.1	A	anno1.g2396.t1	A
rna-XM_056782781.1	A	anno1.g11113.t2	A
rna-XM_056782783.1	A	anno1.g10598.t1	A
rna-XM_056782784.1	A	anno1.g10597.t1	A
rna-XM_056782773.1	A	anno1.g10596.t3	A
rna-XM_056782785.1	A	anno1.g11545.t1	A
rna-XM_056782786.1	A	anno1.g6492.t2	A
rna-XM_056783516.1	A	anno1.g5055.t1	A
rna-XM_056783518.1	A	anno1.g10696.t1	A
rna-XM_056783519.1	A	anno1.g10697.t1	A
rna-XM_056783523.1	A	anno1.g14177.t1	A
rna-XM_056783546.1	A	anno1.g12397.t4	A
rna-XM_056783322.1	A	anno1.g5032.t1	A
rna-XM_056783023.1	A	anno1.g12400.t1	A
rna-XM_056783024.1	A	anno1.g11126.t1	A
rna-XM_056782653.1	A	anno1.g6770.t1	A
rna-XM_056782864.1	A	anno1.g6399.t2	A
rna-XM_056782626.1	A	anno1.g361.t1	A
rna-XM_056782624.1	A	anno1.g11883.t1	A
rna-XM_056782627.1	A	anno1.g6555.t2	A
rna-XM_056782628.1	A	anno1.g1348.t2	A
rna-XM_056782979.1	A	anno1.g11938.t1	A
rna-XM_056782384.1	A	anno1.g8610.t2	A
rna-XM_056782880.1	A	anno1.g8606.t1	A
rna-XM_056783324.1	A	anno1.g8605.t1	A
rna-XM_056782764.1	A	anno1.g8604.t1	A
rna-XM_056783448.1	A	anno1.g8553.t1	A
rna-XM_056783445.1	A	anno1.g10652.t1	A
rna-XM_056783449.1	A	anno1.g10654.t1	A
rna-XM_056783219.1	A	anno1.g10653.t1	A
rna-XM_056783796.1	A	anno1.g8552.t1	A
rna-XM_056782553.1	A	anno1.g10272.t1	A
rna-XM_056782572.1	A	anno1.g10273.t2	A
rna-XM_056782571.1	A	anno1.g10656.t1	A
rna-XM_056782552.1	A	anno1.g10655.t1	A
rna-XM_056782557.1	A	anno1.g8544.t1	A
rna-XM_056783228.1	A	anno1.g12067.t1	A
rna-XM_056783325.1	A	anno1.g12071.t2	A
rna-XM_056783237.1	A	anno1.g12073.t1	A
rna-XM_056783025.1	A	anno1.g12074.t2	A
rna-XM_056783558.1	A	anno1.g1133.t1	A
rna-XM_056783559.1	A	anno1.g4153.t1	A
rna-XM_056782994.1	A	anno1.g9760.t1	A
rna-XM_056782904.1	A	anno1.g8889.t1	A
rna-XM_056783326.1	A	anno1.g8888.t1	A
rna-XM_056782905.1	A	anno1.g4626.t1	A
rna-XM_056782911.1	A	anno1.g4946.t1	A
rna-XM_056782590.1	A	anno1.g10124.t1	A
rna-XM_056782462.1	A	anno1.g10711.t2	A
rna-XM_056783337.1	A	anno1.g6431.t1	A
rna-XM_056782541.1	A	anno1.g10729.t1	A
rna-XM_056782540.1	A	anno1.g10730.t1	A
rna-XM_056782486.1	A	anno1.g10691.t1	A
rna-XM_056782489.1	A	anno1.g10692.t1	A
rna-XM_056782740.1	A	anno1.g10693.t1	A
rna-XM_056782417.1	A	anno1.g10695.t1	A
rna-XM_056782843.1	A	anno1.g13334.t1	A
rna-XM_056782844.1	A	anno1.g8825.t1	A
rna-XM_056783508.1	A	anno1.g8557.t1	A
rna-XM_056783510.1	A	anno1.g11548.t1	A
rna-XM_056783594.1	A	anno1.g10317.t1	A
rna-XM_056783595.1	A	anno1.g11112.t1	A
rna-XM_056783294.1	A	anno1.g6885.t5	A
rna-XM_056783340.1	A	anno1.g10530.t1	A
rna-XM_056783356.1	A	anno1.g10851.t1	A
rna-XM_056782597.1	A	anno1.g6881.t1	A
rna-XM_056782599.1	A	anno1.g6880.t1	A
rna-XM_056782600.1	A	anno1.g7849.t1	A
rna-XM_056782739.1	A	anno1.g11660.t2	A
rna-XM_056783299.1	A	anno1.g11661.t1	A
rna-XM_056783307.1	A	anno1.g7043.t1	A
rna-XM_056783308.1	A	anno1.g7042.t1	A
rna-XM_056783305.1	A	anno1.g11662.t1	A
rna-XM_056783306.1	A	anno1.g11137.t1	A
rna-XM_056782542.1	A	anno1.g194.t1	A
rna-XM_056783109.1	A	anno1.g8568.t1	A
rna-XM_056783098.1	A	anno1.g6449.t2	A
rna-XM_056782424.1	A	anno1.g9526.t3	A
rna-XM_056782678.1	A	anno1.g240.t1	A
rna-XM_056783170.1	A	anno1.g5809.t1	A
rna-XM_056782664.1	A	anno1.g267.t1	A
rna-XM_056782596.1	A	anno1.g5810.t1	A
rna-XM_056782333.1	A	anno1.g6533.t1	A
rna-XM_056782337.1	A	anno1.g6532.t1	A
rna-XM_056782997.1	A	anno1.g1507.t1	A
rna-XM_056783128.1	A	anno1.g6443.t1	A
rna-XM_056782392.1	A	anno1.g991.t1	A
rna-XM_056782393.1	A	anno1.g2534.t1	A
rna-XM_056783222.1	A	anno1.g3209.t1	A
rna-XM_056782584.1	A	anno1.g2705.t1	A
rna-XM_056782269.1	A	anno1.g2710.t1	A
rna-XM_056782270.1	A	anno1.g102.t1	A
rna-XM_056782855.1	A	anno1.g2709.t1	A
rna-XM_056783607.1	A	anno1.g2701.t1	A
rna-XM_056783608.1	A	anno1.g6916.t1	A
rna-XM_056783609.1	A	anno1.g6920.t1	A
rna-XM_056783086.1	A	anno1.g6876.t1	A
rna-XM_056783084.1	A	anno1.g6875.t1	A
rna-XM_056783371.1	A	anno1.g4642.t1	A
rna-XM_056783370.1	A	anno1.g4641.t1	A
rna-XM_056783372.1	A	anno1.g4660.t1	A
rna-XM_056782615.1	A	anno1.g4661.t1	A
rna-XM_056783261.1	A	anno1.g5806.t2	A
rna-XM_056783464.1	A	anno1.g762.t1	A
rna-XM_056783457.1	A	anno1.g764.t1	A
rna-XM_056782827.1	A	anno1.g765.t1	A
rna-XM_056782858.1	A	anno1.g14627.t1	A
rna-XM_056783377.1	A	anno1.g6340.t1	A
rna-XM_056782746.1	A	anno1.g7285.t1	A
rna-XM_056782745.1	A	anno1.g7284.t1	A
rna-XM_056783689.1	A	anno1.g994.t1	A
rna-XM_056783688.1	A	anno1.g995.t1	A
rna-XM_056783016.1	A	anno1.g12459.t1	A
rna-XM_056783019.1	A	anno1.g6852.t2	A
rna-XM_056783358.1	A	anno1.g13015.t2	A
rna-XM_056783360.1	A	anno1.g511.t1	A
rna-XM_056783357.1	A	anno1.g1383.t1	A
rna-XM_056783364.1	A	anno1.g1284.t1	A
rna-XM_056783361.1	A	anno1.g8411.t1	A
rna-XM_056783366.1	A	anno1.g2998.t1	A
rna-XM_056782530.1	A	anno1.g11060.t1	A
rna-XM_056783075.1	A	anno1.g8437.t1	A
rna-XM_056782736.1	A	anno1.g8196.t1	A
rna-XM_056782737.1	A	anno1.g13048.t1	A
rna-XM_056782962.1	A	anno1.g5818.t1	A
rna-XM_056783095.1	A	anno1.g11992.t1	A
rna-XM_056782876.1	A	anno1.g14625.t2	A
rna-XM_056782537.1	A	anno1.g14624.t1	A
rna-XM_056782734.1	A	anno1.g8601.t1	A
rna-XM_056782882.1	A	anno1.g8918.t1	A
rna-XM_056782887.1	A	anno1.g10176.t1	A
rna-XM_056782885.1	A	anno1.g12339.t1	A
rna-XM_056782886.1	A	anno1.g10239.t1	A
rna-XM_056782969.1	A	anno1.g9806.t1	A
rna-XM_056783381.1	A	anno1.g9804.t1	A
rna-XM_056783636.1	A	anno1.g14203.t1	A
rna-XM_056783637.1	A	anno1.g4811.t1	A
rna-XM_056783641.1	A	anno1.g11543.t1	A
rna-XM_056783643.1	A	anno1.g10031.t1	A
rna-XM_056783644.1	A	anno1.g10032.t1	A
rna-XM_056782741.1	A	anno1.g5478.t2	A
rna-XM_056782742.1	A	anno1.g10030.t1	A
rna-XM_056783264.1	A	anno1.g4370.t1	A
rna-XM_056782383.1	A	anno1.g3205.t1	A
rna-XM_056783035.1	A	anno1.g10075.t1	A
rna-XM_056782405.1	A	anno1.g10074.t1	A
rna-XM_056783126.1	A	anno1.g10097.t2	A
rna-XM_056783146.1	A	anno1.g6491.t1	A
rna-XM_056782807.1	A	anno1.g11833.t2	A
rna-XM_056783040.1	A	anno1.g11795.t1	A
rna-XM_056783055.1	A	anno1.g814.t1	A
rna-XM_056783241.1	A	anno1.g3933.t1	A
rna-XM_056782603.1	A	anno1.g10690.t1	A
rna-XM_056782609.1	A	anno1.g4943.t1	A
rna-XM_056782611.1	A	anno1.g4942.t1	A
rna-XM_056783198.1	A	anno1.g4917.t1	A
rna-XM_056782804.1	A	anno1.g11092.t1	A
rna-XM_056783386.1	A	anno1.g6206.t1	A
rna-XM_056783059.1	A	anno1.g6153.t1	A
rna-XM_056783706.1	A	anno1.g6209.t1	A
rna-XM_056783087.1	A	anno1.g6211.t1	A
rna-XM_056782338.1	A	anno1.g6212.t2	A
rna-XM_056782348.1	A	anno1.g11470.t1	A
rna-XM_056783570.1	A	anno1.g10722.t1	A
rna-XM_056783574.1	A	anno1.g10719.t1	A
rna-XM_056783573.1	A	anno1.g14315.t1	A
rna-XM_056783387.1	A	anno1.g475.t1	A
rna-XM_056783388.1	A	anno1.g1483.t1	A
rna-XM_056782894.1	A	anno1.g473.t2	A
rna-XM_056782509.1	A	anno1.g472.t1	A
rna-XM_056782655.1	A	anno1.g471.t1	A
rna-XM_056782725.1	A	anno1.g470.t1	A
rna-XM_056783389.1	A	anno1.g6196.t1	A
rna-XM_056782919.1	A	anno1.g1396.t3	A
rna-XM_056783046.1	A	anno1.g6023.t1	A
rna-XM_056782756.1	A	anno1.g6025.t1	A
rna-XM_056783135.1	A	anno1.g6986.t1	A
rna-XM_056782652.1	A	anno1.g11093.t1	A
rna-XM_056782548.1	A	anno1.g11095.t1	A
rna-XM_056783067.1	A	anno1.g10522.t1	A
rna-XM_056782692.1	A	anno1.g10521.t1	A
rna-XM_056782688.1	A	anno1.g10520.t1	A
rna-XM_056782689.1	A	anno1.g10393.t1	A
rna-XM_056783083.1	A	anno1.g11086.t1	A
rna-XM_056782544.1	A	anno1.g11089.t1	A
rna-XM_056782950.1	A	anno1.g10237.t1	A
rna-XM_056782995.1	A	anno1.g11035.t1	A
rna-XM_056782388.1	A	anno1.g1408.t1	A
rna-XM_056782685.1	A	anno1.g10314.t1	A
rna-XM_056782658.1	A	anno1.g10685.t1	A
rna-XM_056782656.1	A	anno1.g10688.t1	A
rna-XM_056783249.1	A	anno1.g6910.t1	A
rna-XM_056783251.1	A	anno1.g6908.t1	A
rna-XM_056783256.1	A	anno1.g8545.t1	A
rna-XM_056782349.1	A	anno1.g4699.t1	A
rna-XM_056782897.1	A	anno1.g4711.t1	A
rna-XM_056782533.1	A	anno1.g4708.t1	A
rna-XM_056782845.1	A	anno1.g4706.t1	A
rna-XM_056782750.1	A	anno1.g4705.t2	A
rna-XM_056782837.1	A	anno1.g4712.t1	A
rna-XM_056782390.1	A	anno1.g4713.t1	A
rna-XM_056783181.1	A	anno1.g9105.t1	A
rna-XM_056783623.1	A	anno1.g9106.t1	A
rna-XM_056783626.1	A	anno1.g9109.t1	A
rna-XM_056782850.1	A	anno1.g9737.t1	A
rna-XM_056782852.1	A	anno1.g9736.t1	A
rna-XM_056782576.1	A	anno1.g328.t1	A
rna-XM_056782902.1	A	anno1.g10204.t1	A
rna-XM_056782671.1	A	anno1.g10595.t1	A
rna-XM_056782674.1	A	anno1.g10608.t1	A
rna-XM_056782978.1	A	anno1.g10599.t2	A
rna-XM_056783118.1	A	anno1.g6626.t1	A
rna-XM_056783002.1	A	anno1.g4914.t1	A
rna-XM_056782999.1	A	anno1.g10689.t1	A
rna-XM_056782820.1	A	anno1.g10126.t1	A
rna-XM_056782601.1	A	anno1.g494.t1	A
rna-XM_056782686.1	A	anno1.g518.t1	A
rna-XM_056782702.1	A	anno1.g519.t1	A
rna-XM_056783108.1	A	anno1.g11939.t1	A
rna-XM_056783107.1	A	anno1.g11943.t1	A
rna-XM_056782853.1	A	anno1.g11942.t2	A
rna-XM_056783391.1	A	anno1.g7819.t1	A
rna-XM_056782934.1	A	anno1.g6827.t1	A
rna-XM_056783496.1	A	anno1.g10016.t1	A
rna-XM_056783497.1	A	anno1.g6815.t2	A
rna-XM_056783501.1	A	anno1.g9210.t1	A
rna-XM_056783498.1	A	anno1.g8723.t1	A
rna-XM_056783394.1	A	anno1.g13263.t1	A
rna-XM_056783504.1	A	anno1.g8742.t1	A
rna-XM_056782510.1	A	anno1.g5337.t3	A
rna-XM_056782511.1	A	anno1.g5331.t2	A
rna-XM_056783345.1	A	anno1.g14180.t3	A
rna-XM_056782433.1	A	anno1.g14181.t1	A
rna-XM_056782703.1	A	anno1.g14187.t1	A
rna-XM_056782420.1	A	anno1.g3658.t1	A
rna-XM_056782421.1	A	anno1.g11816.t1	A
rna-XM_056782730.1	A	anno1.g6347.t1	A
rna-XM_056783069.1	A	anno1.g8920.t2	A
rna-XM_056783560.1	A	anno1.g13436.t1	A
rna-XM_056783396.1	A	anno1.g13440.t1	A
rna-XM_056783563.1	A	anno1.g13439.t1	A
rna-XM_056783565.1	A	anno1.g8916.t1	A
rna-XM_056783064.1	A	anno1.g8917.t1	A
rna-XM_056782663.1	A	anno1.g7695.t1	A
rna-XM_056783183.1	A	anno1.g316.t1	A
rna-XM_056783697.1	A	anno1.g1245.t1	A
rna-XM_056783695.1	A	anno1.g370.t2	A
rna-XM_056782591.1	A	anno1.g371.t1	A
rna-XM_056782731.1	A	anno1.g366.t1	A
rna-XM_056783208.1	A	anno1.g315.t1	A
rna-XM_056782389.1	A	anno1.g10539.t1	A
rna-XM_056783439.1	A	anno1.g10537.t2	A
rna-XM_056783073.1	A	anno1.g727.t1	A
rna-XM_056782699.1	A	anno1.g8679.t1	A
rna-XM_056783440.1	A	anno1.g10569.t1	A
rna-XM_056783066.1	A	anno1.g8678.t2	A
rna-XM_056783062.1	A	anno1.g9090.t1	A
rna-XM_056783734.1	A	anno1.g4430.t2	A
rna-XM_056783733.1	A	anno1.g9879.t1	A
rna-XM_056783512.1	A	anno1.g7692.t2	A
rna-XM_056783511.1	A	anno1.g7875.t2	A
rna-XM_056782857.1	A	anno1.g7876.t1	A
rna-XM_056783186.1	A	anno1.g2679.t1	A
rna-XM_056782961.1	A	anno1.g2677.t2	A
rna-XM_056782891.1	A	anno1.g2675.t1	A
rna-XM_056783309.1	A	anno1.g2674.t1	A
rna-XM_056782531.1	A	anno1.g2669.t2	A
rna-XM_056782830.1	A	anno1.g2666.t1	A
rna-XM_056783048.1	A	anno1.g414.t1	A
rna-XM_056782924.1	A	anno1.g11459.t4	A
rna-XM_056782264.1	A	anno1.g6360.t1	A
rna-XM_056782619.1	A	anno1.g2010.t1	X
rna-XM_056782621.1	A	anno1.g11825.t1	A
rna-XM_056782763.1	A	anno1.g11823.t1	A
rna-XM_056783031.1	A	anno1.g11820.t1	A
rna-XM_056782588.1	A	anno1.g8621.t1	A
rna-XM_056783336.1	A	anno1.g11777.t1	A
rna-XM_056783726.1	A	anno1.g496.t1	A
rna-XM_056783003.1	A	anno1.g605.t1	A
rna-XM_056783217.1	A	anno1.g9695.t1	A
rna-XM_056783188.1	A	anno1.g11538.t1	A
rna-XM_056783187.1	A	anno1.g2565.t1	A
rna-XM_056782744.1	A	anno1.g6040.t1	A
rna-XM_056783119.1	A	anno1.g14644.t1	A
rna-XM_056782418.1	A	anno1.g4154.t1	A
rna-XM_056782989.1	A	anno1.g12485.t1	A
rna-XM_056782391.1	A	anno1.g12483.t2	A
rna-XM_056782328.1	A	anno1.g12488.t1	A
rna-XM_056783605.1	A	anno1.g3187.t1	A
rna-XM_056783606.1	A	anno1.g12462.t1	A
rna-XM_056782551.1	A	anno1.g12471.t1	A
rna-XM_056783743.1	A	anno1.g12470.t1	A
rna-XM_056783401.1	A	anno1.g2535.t1	A
rna-XM_056783406.1	A	anno1.g3345.t1	A
rna-XM_056783410.1	A	anno1.g3346.t1	A
rna-XM_056783414.1	A	anno1.g10175.t1	A
rna-XM_056783412.1	A	anno1.g3982.t1	A
rna-XM_056783413.1	A	anno1.g6326.t1	A
rna-XM_056783415.1	A	anno1.g1915.t1	X
rna-XM_056783420.1	A	anno1.g7051.t1	A
rna-XM_056783417.1	A	anno1.g7068.t1	A
rna-XM_056783424.1	A	anno1.g7163.t1	A
rna-XM_056783428.1	A	anno1.g13344.t1	A
rna-XM_056783429.1	A	anno1.g13345.t2	A
rna-XM_056783430.1	A	anno1.g13346.t2	A
rna-XM_056783748.1	A	anno1.g10252.t1	A
rna-XM_056783749.1	A	anno1.g13351.t1	A
rna-XM_056783432.1	A	anno1.g13350.t2	A
rna-XM_056783434.1	A	anno1.g13352.t2	A
rna-XM_056783431.1	A	anno1.g13564.t1	A
rna-XM_056783597.1	A	anno1.g13563.t2	A
rna-XM_056783602.1	A	anno1.g5940.t1	A
rna-XM_056783603.1	A	anno1.g5938.t1	A
rna-XM_056782681.1	A	anno1.g4065.t1	A
rna-XM_056782682.1	A	anno1.g4069.t1	A
rna-XM_056782684.1	A	anno1.g12439.t1	A
rna-XM_056782679.1	A	anno1.g6076.t1	A
rna-XM_056782648.1	A	anno1.g5268.t1	A
rna-XM_056782645.1	A	anno1.g8879.t1	A
rna-XM_056782646.1	A	anno1.g13264.t1	A
rna-XM_056782647.1	A	anno1.g13265.t1	A
rna-XM_056782981.1	A	anno1.g13266.t1	A
rna-XM_056782983.1	A	anno1.g9978.t1	A
rna-XM_056783068.1	A	anno1.g3850.t1	A
rna-XM_056782524.1	A	anno1.g3849.t2	A
rna-XM_056782272.1	A	anno1.g3633.t1	A
rna-XM_056782273.1	A	anno1.g3634.t1	A
rna-XM_056782274.1	A	anno1.g3635.t1	A
rna-XM_056782280.1	A	anno1.g9467.t1	A
rna-XM_056782285.1	A	anno1.g1395.t1	A
rna-XM_056782286.1	A	anno1.g12964.t1	A
rna-XM_056782287.1	A	anno1.g2874.t1	A
rna-XM_056782288.1	A	anno1.g3704.t3	A
rna-XM_056782290.1	A	anno1.g4106.t1	A
rna-XM_056782297.1	A	anno1.g4296.t1	A
rna-XM_056782298.1	A	anno1.g3852.t1	A
rna-XM_056782300.1	A	anno1.g3637.t1	A
rna-XM_056783750.1	A	anno1.g3642.t1	A
rna-XM_056782301.1	A	anno1.g3348.t1	A
rna-XM_056783751.1	A	anno1.g7053.t1	A
rna-XM_056782308.1	A	anno1.g6325.t1	A
rna-XM_056782305.1	A	anno1.g10938.t1	A
rna-XM_056782310.1	A	anno1.g11695.t1	A
rna-XM_056783752.1	A	anno1.g9396.t1	A
rna-XM_056782315.1	A	anno1.g482.t4	A
rna-XM_056782317.1	A	anno1.g9391.t2	A
rna-XM_056782319.1	A	anno1.g11790.t1	A
rna-XM_056782321.1	A	anno1.g9390.t1	A
rna-XM_056783647.1	A	anno1.g6755.t1	A
rna-XM_056783650.1	A	anno1.g6752.t2	A
rna-XM_056783648.1	A	anno1.g6746.t1	A
rna-XM_056783652.1	A	anno1.g4779.t1	A
rna-XM_056783653.1	A	anno1.g4781.t1	A
rna-XM_056783654.1	A	anno1.g4782.t1	A
rna-XM_056783655.1	A	anno1.g4778.t1	A
rna-XM_056783656.1	A	anno1.g13674.t1	A
rna-XM_056783657.1	A	anno1.g9465.t1	A
rna-XM_056783660.1	A	anno1.g8872.t1	A
rna-XM_056783661.1	A	anno1.g8871.t1	A
rna-XM_056783671.1	A	anno1.g8870.t1	A
rna-XM_056783674.1	A	anno1.g8874.t2	A
rna-XM_056783679.1	A	anno1.g4455.t1	A
rna-XM_056783584.1	A	anno1.g4476.t3	A
rna-XM_056783585.1	A	anno1.g4531.t4	A
rna-XM_056783043.1	A	anno1.g1317.t2	A
rna-XM_056783106.1	A	anno1.g6308.t1	A
rna-XM_056782482.1	A	anno1.g11697.t1	A
rna-XM_056782787.1	A	anno1.g10939.t1	A
rna-XM_056783116.1	A	anno1.g11696.t1	A
rna-XM_056783037.1	A	anno1.g12767.t2	A
rna-XM_056783117.1	A	anno1.g12765.t2	A
rna-XM_056782824.1	A	anno1.g14185.t1	A
rna-XM_056783622.1	A	anno1.g5034.t2	A
rna-XM_056783575.1	A	anno1.g5019.t1	A
rna-XM_056783576.1	A	anno1.g5018.t2	A
rna-XM_056783760.1	A	anno1.g5035.t1	A
rna-XM_056783583.1	A	anno1.g5033.t1	A
rna-XM_056783578.1	A	anno1.g12559.t1	A
rna-XM_056783582.1	A	anno1.g12557.t1	A
rna-XM_056782875.1	A	anno1.g12556.t1	A
rna-XM_056782866.1	A	anno1.g6276.t2	A
rna-XM_056782964.1	A	anno1.g11103.t1	A
rna-XM_056783761.1	A	anno1.g8181.t1	A
rna-XM_056783762.1	A	anno1.g4260.t1	A
rna-XM_056782826.1	A	anno1.g11352.t1	A
rna-XM_056782968.1	A	anno1.g5009.t1	A
rna-XM_056783134.1	A	anno1.g5010.t1	A
rna-XM_056782710.1	A	anno1.g13718.t1	A
rna-XM_056783764.1	A	anno1.g1372.t1	A
rna-XM_056782454.1	A	anno1.g4448.t1	A
rna-XM_056782455.1	A	anno1.g4446.t1	A
rna-XM_056782862.1	A	anno1.g11391.t1	A
rna-XM_056782899.1	A	anno1.g8198.t1	A
rna-XM_056782592.1	A	anno1.g8323.t1	A
rna-XM_056783169.1	A	anno1.g5836.t1	A
rna-XM_056783168.1	A	anno1.g10011.t1	A
rna-XM_056783125.1	A	anno1.g6817.t1	A
rna-XM_056783242.1	A	anno1.g6828.t1	A
rna-XM_056783057.1	A	anno1.g14230.t1	A
rna-XM_056783166.1	A	anno1.g6712.t2	A
rna-XM_056783483.1	A	anno1.g6722.t1	A
rna-XM_056783061.1	A	anno1.g6723.t1	A
rna-XM_056783596.1	A	anno1.g6107.t1	A
rna-XM_056782892.1	A	anno1.g14750.t1	A
rna-XM_056782528.1	A	anno1.g6750.t1	A
rna-XM_056783123.1	A	anno1.g6275.t1	A
rna-XM_056782612.1	A	anno1.g12575.t1	A
rna-XM_056783568.1	A	anno1.g5886.t1	A
rna-XM_056783101.1	A	anno1.g8929.t2	A
rna-XM_056783102.1	A	anno1.g8897.t1	A
rna-XM_056783161.1	A	anno1.g8978.t4	A
rna-XM_056783164.1	A	anno1.g9018.t1	A
rna-XM_056782408.1	A	anno1.g9019.t1	A
rna-XM_056783772.1	A	anno1.g64.t1	A
rna-XM_056783281.1	A	anno1.g13381.t2	A
rna-XM_056783282.1	A	anno1.g10947.t1	A
rna-XM_056783586.1	A	anno1.g5723.t1	A
rna-XM_056783589.1	A	anno1.g4093.t1	A
rna-XM_056782670.1	A	anno1.g6419.t1	A
rna-XM_056782988.1	A	anno1.g3856.t2	A
rna-XM_056782446.1	A	anno1.g3952.t2	A
rna-XM_056782452.1	A	anno1.g3953.t3	A
rna-XM_056782818.1	A	anno1.g3448.t2	A
rna-XM_056782819.1	A	anno1.g11487.t1	A
rna-XM_056782409.1	A	anno1.g3447.t2	A
rna-XM_056782539.1	A	anno1.g10358.t1	A
rna-XM_056783045.1	A	anno1.g1289.t1	A
rna-XM_056782410.1	A	anno1.g11012.t1	A
rna-XM_056783776.1	A	anno1.g7044.t1	A
rna-XM_056782414.1	A	anno1.g4304.t1	A
rna-XM_056783240.1	A	anno1.g4305.t1	A
rna-XM_056782586.1	A	anno1.g9948.t1	A
rna-XM_056783777.1	A	anno1.g3518.t1	A
rna-XM_056783778.1	A	anno1.g1435.t1	A
rna-XM_056783514.1	A	anno1.g13665.t1	A
rna-XM_056783515.1	A	anno1.g13659.t1	A
rna-XM_056783022.1	A	anno1.g4437.t1	A
rna-XM_056783338.1	A	anno1.g2692.t1	A
rna-XM_056783148.1	A	anno1.g2275.t1	A
rna-XM_056782481.1	A	anno1.g9480.t1	A
rna-XM_056782967.1	A	anno1.g9479.t1	A
rna-XM_056783115.1	A	anno1.g4250.t1	A
rna-XM_056783779.1	A	anno1.g7993.t1	A
rna-XM_056783078.1	A	anno1.g4253.t1	A
rna-XM_056782547.1	A	anno1.g4254.t1	A
rna-XM_056782822.1	A	anno1.g5201.t1	A
rna-XM_056783530.1	A	anno1.g4294.t1	A
rna-XM_056783209.1	A	anno1.g4103.t1	A
rna-XM_056783089.1	A	anno1.g13987.t1	A
rna-XM_056783049.1	A	anno1.g8536.t1	A
rna-XM_056782400.1	A	anno1.g3709.t1	A
rna-XM_056782816.1	A	anno1.g544.t2	A
rna-XM_056782397.1	A	anno1.g2783.t1	A
rna-XM_056782399.1	A	anno1.g9821.t1	A
rna-XM_056782398.1	A	anno1.g9822.t1	A
rna-XM_056783104.1	A	anno1.g12594.t1	A
rna-XM_056783103.1	A	anno1.g3431.t1	A
rna-XM_056783735.1	A	anno1.g424.t1	A
rna-XM_056782929.1	A	anno1.g14819.t1	A
rna-XM_056782938.1	A	anno1.g25.t1	A
rna-XM_056782935.1	A	anno1.g46.t1	A
rna-XM_056782942.1	A	anno1.g29.t2	A
rna-XM_056782943.1	A	anno1.g47.t1	A
rna-XM_056782594.1	A	anno1.g7885.t5	A
rna-XM_056783143.1	A	anno1.g314.t1	A
rna-XM_056782490.1	A	anno1.g5812.t2	A
rna-XM_056782491.1	A	anno1.g5811.t1	A
rna-XM_056782498.1	A	anno1.g6809.t1	A
rna-XM_056782496.1	A	anno1.g8976.t1	A
rna-XM_056782495.1	A	anno1.g12800.t1	A
rna-XM_056782499.1	A	anno1.g8507.t1	A
rna-XM_056782501.1	A	anno1.g8506.t1	A
rna-XM_056782502.1	A	anno1.g8504.t1	A
rna-XM_056782507.1	A	anno1.g8500.t1	A
rna-XM_056782508.1	A	anno1.g8498.t1	A
rna-XM_056782977.1	A	anno1.g8499.t2	A
rna-XM_056783783.1	A	anno1.g8497.t1	A
rna-XM_056783015.1	A	anno1.g7301.t1	A
rna-XM_056783012.1	A	anno1.g7302.t1	A
rna-XM_056783011.1	A	anno1.g10750.t1	A
rna-XM_056783010.1	A	anno1.g6404.t1	A
rna-XM_056783007.1	A	anno1.g7582.t1	A
rna-XM_056783784.1	A	anno1.g7581.t1	A
rna-XM_056783005.1	A	anno1.g7583.t2	A
rna-XM_056783006.1	A	anno1.g9367.t1	A
rna-XM_056782954.1	A	anno1.g1540.t1	A
rna-XM_056782990.1	A	anno1.g1539.t1	A
rna-XM_056782951.1	A	anno1.g5221.t1	A
rna-XM_056782545.1	A	anno1.g12632.t1	A
rna-XM_056782831.1	A	anno1.g12796.t1	A
rna-XM_056782836.1	A	anno1.g12810.t1	A
rna-XM_056782834.1	A	anno1.g12806.t1	A
rna-XM_056782445.1	A	anno1.g11339.t1	A
rna-XM_056783105.1	A	anno1.g4391.t1	A
rna-XM_056782630.1	A	anno1.g11338.t2	A
rna-XM_056783631.1	A	anno1.g11337.t1	A
rna-XM_056783633.1	A	anno1.g11400.t1	A
rna-XM_056783524.1	A	anno1.g11403.t4	A
rna-XM_056783526.1	A	anno1.g11401.t1	A
rna-XM_056783529.1	A	anno1.g956.t2	A
rna-XM_056782521.1	A	anno1.g9876.t1	A
rna-XM_056782719.1	A	anno1.g957.t1	A
rna-XM_056782575.1	A	anno1.g928.t1	A
rna-XM_056782406.1	A	anno1.g916.t3	A
rna-XM_056783790.1	A	anno1.g7571.t1	A
rna-XM_056782841.1	A	anno1.g12634.t1	A
rna-XM_056783283.1	A	anno1.g927.t1	A
rna-XM_056783288.1	A	anno1.g12463.t1	A
rna-XM_056783291.1	A	anno1.g12537.t1	A
rna-XM_056783285.1	A	anno1.g3219.t2	A
rna-XM_056782577.1	A	anno1.g3218.t1	A
rna-XM_056783097.1	A	anno1.g893.t1	A
rna-XM_056783215.1	A	anno1.g7305.t1	A
rna-XM_056782325.1	A	anno1.g8772.t1	A
rna-XM_056782327.1	A	anno1.g12714.t1	A
rna-XM_056782944.1	A	anno1.g5014.t1	A
rna-XM_056782946.1	A	anno1.g5015.t2	A
rna-XM_056782947.1	A	anno1.g10261.t1	A
rna-XM_056782948.1	A	anno1.g5799.t1	A
rna-XM_056783810.1	A	anno1.g5797.t1	A
rna-XM_056783811.1	A	anno1.g4892.t1	A
rna-XM_056783813.1	A	anno1.g6379.t1	A
rna-XM_056783827.1	A	anno1.g6380.t1	A
rna-XM_056783829.1	A	anno1.g4783.t1	A
rna-XM_056783830.1	A	anno1.g10605.t1	A
rna-XM_056783832.1	A	anno1.g13030.t1	A
rna-XM_056783834.1	A	anno1.g12481.t1	A
rna-XM_056783835.1	A	anno1.g1360.t1	A
rna-XM_056783836.1	A	anno1.g8912.t1	A
rna-XM_056783842.1	A	anno1.g833.t4	A
rna-XM_056783844.1	A	anno1.g325.t1	A
rna-XM_056783848.1	A	anno1.g1441.t1	A
rna-XM_056783853.1	A	anno1.g13317.t1	A
rna-XM_056783854.1	A	anno1.g8727.t1	A
rna-XM_056783855.1	A	anno1.g8726.t1	A
rna-XM_056783856.1	A	anno1.g12552.t1	A
rna-XM_056783859.1	A	anno1.g12545.t1	A
rna-XM_056783860.1	A	anno1.g12544.t1	A
rna-XM_056783863.1	A	anno1.g12548.t1	A
rna-XM_056783862.1	A	anno1.g12546.t1	A
rna-XM_056783864.1	A	anno1.g12547.t1	A
rna-XM_056783865.1	A	anno1.g12543.t1	A
rna-XM_056784486.1	A	anno1.g11314.t2	A
rna-XM_056784488.1	A	anno1.g11313.t2	A
rna-XM_056784293.1	A	anno1.g11273.t1	A
rna-XM_056784292.1	A	anno1.g11274.t1	A
rna-XM_056784678.1	A	anno1.g11333.t1	A
rna-XM_056784677.1	A	anno1.g7374.t1	A
rna-XM_056785625.1	A	anno1.g7372.t1	A
rna-XM_056785634.1	A	anno1.g7373.t1	A
rna-XM_056785636.1	A	anno1.g9079.t1	A
rna-XM_056784029.1	A	anno1.g3747.t2	A
rna-XM_056784230.1	A	anno1.g3750.t1	A
rna-XM_056784979.1	A	anno1.g3783.t3	A
rna-XM_056784817.1	A	anno1.g3753.t1	A
rna-XM_056784814.1	A	anno1.g3752.t3	A
rna-XM_056784183.1	A	anno1.g3999.t1	A
rna-XM_056785616.1	A	anno1.g9234.t2	A
rna-XM_056785617.1	A	anno1.g9663.t2	A
rna-XM_056784624.1	A	anno1.g4433.t1	A
rna-XM_056784829.1	A	anno1.g7378.t1	A
rna-XM_056785421.1	A	anno1.g11364.t1	A
rna-XM_056785424.1	A	anno1.g11868.t1	A
rna-XM_056785426.1	A	anno1.g11926.t1	A
rna-XM_056785427.1	A	anno1.g2458.t1	A
rna-XM_056784082.1	A	anno1.g924.t1	A
rna-XM_056785243.1	A	anno1.g979.t1	A
rna-XM_056785233.1	A	anno1.g978.t1	A
rna-XM_056785234.1	A	anno1.g977.t5	A
rna-XM_056785361.1	A	anno1.g974.t1	A
rna-XM_056785370.1	A	anno1.g922.t1	A
rna-XM_056785376.1	A	anno1.g6593.t1	A
rna-XM_056785377.1	A	anno1.g12567.t1	A
rna-XM_056785367.1	A	anno1.g6594.t1	A
rna-XM_056784681.1	A	anno1.g6547.t1	A
rna-XM_056784679.1	A	anno1.g1140.t1	A
rna-XM_056784249.1	A	anno1.g323.t1	A
rna-XM_056785519.1	A	anno1.g273.t1	A
rna-XM_056783872.1	A	anno1.g10751.t1	A
rna-XM_056784188.1	A	anno1.g10749.t1	A
rna-XM_056784174.1	A	anno1.g10748.t1	A
rna-XM_056784752.1	A	anno1.g11051.t2	A
rna-XM_056784757.1	A	anno1.g11052.t1	A
rna-XM_056784759.1	A	anno1.g8760.t1	A
rna-XM_056784760.1	A	anno1.g8763.t1	A
rna-XM_056784359.1	A	anno1.g8762.t1	A
rna-XM_056784045.1	A	anno1.g7430.t1	A
rna-XM_056784047.1	A	anno1.g9073.t1	A
rna-XM_056784048.1	A	anno1.g9071.t2	A
rna-XM_056784050.1	A	anno1.g9072.t1	A
rna-XM_056784051.1	A	anno1.g10411.t1	A
rna-XM_056784181.1	A	anno1.g13275.t1	A
rna-XM_056784783.1	A	anno1.g9704.t1	A
rna-XM_056784306.1	A	anno1.g4776.t1	A
rna-XM_056784304.1	A	anno1.g2300.t1	A
rna-XM_056784329.1	A	anno1.g3445.t1	A
rna-XM_056784706.1	A	anno1.g3446.t1	A
rna-XM_056785177.1	A	anno1.g10627.t1	A
rna-XM_056785174.1	A	anno1.g2871.t1	A
rna-XM_056785178.1	A	anno1.g3767.t1	A
rna-XM_056785181.1	A	anno1.g2195.t1	X
rna-XM_056785184.1	A	anno1.g10479.t1	A
rna-XM_056785187.1	A	anno1.g10495.t1	A
rna-XM_056785182.1	A	anno1.g10636.t1	A
rna-XM_056785185.1	A	anno1.g10637.t1	A
rna-XM_056785189.1	A	anno1.g10638.t1	A
rna-XM_056785186.1	A	anno1.g10635.t1	A
rna-XM_056785190.1	A	anno1.g10634.t1	A
rna-XM_056785183.1	A	anno1.g4199.t1	A
rna-XM_056784672.1	A	anno1.g10632.t1	A
rna-XM_056784674.1	A	anno1.g10633.t1	A
rna-XM_056785417.1	A	anno1.g10755.t1	A
rna-XM_056785418.1	A	anno1.g10624.t1	A
rna-XM_056785419.1	A	anno1.g3877.t1	A
rna-XM_056785420.1	A	anno1.g2344.t2	A
rna-XM_056784195.1	A	anno1.g2277.t1	A
rna-XM_056784238.1	A	anno1.g3962.t1	A
rna-XM_056784231.1	A	anno1.g3964.t2	A
rna-XM_056784237.1	A	anno1.g3963.t1	A
rna-XM_056784239.1	A	anno1.g3965.t1	A
rna-XM_056785001.1	A	anno1.g10496.t2	A
rna-XM_056784247.1	A	anno1.g10482.t1	A
rna-XM_056785048.1	A	anno1.g10492.t1	A
rna-XM_056785047.1	A	anno1.g10478.t1	A
rna-XM_056784690.1	A	anno1.g2262.t1	A
rna-XM_056784688.1	A	anno1.g10754.t1	A
rna-XM_056784689.1	A	anno1.g10503.t1	A
rna-XM_056784179.1	A	anno1.g10274.t1	A
rna-XM_056784842.1	A	anno1.g10505.t1	A
rna-XM_056784834.1	A	anno1.g8251.t1	A
rna-XM_056784881.1	A	anno1.g10491.t2	A
rna-XM_056784073.1	A	anno1.g9143.t1	A
rna-XM_056784318.1	A	anno1.g9142.t1	A
rna-XM_056785051.1	A	anno1.g11235.t1	A
rna-XM_056784847.1	A	anno1.g3051.t1	A
rna-XM_056785395.1	A	anno1.g11479.t1	A
rna-XM_056785399.1	A	anno1.g11316.t1	A
rna-XM_056785394.1	A	anno1.g11195.t2	A
rna-XM_056785398.1	A	anno1.g3043.t1	A
rna-XM_056784430.1	A	anno1.g1352.t1	A
rna-XM_056784435.1	A	anno1.g10107.t1	A
rna-XM_056784434.1	A	anno1.g10108.t1	A
rna-XM_056784437.1	A	anno1.g10109.t1	A
rna-XM_056784446.1	A	anno1.g14019.t1	A
rna-XM_056784462.1	A	anno1.g3601.t2	A
rna-XM_056784862.1	A	anno1.g3600.t1	A
rna-XM_056784467.1	A	anno1.g3599.t1	A
rna-XM_056784468.1	A	anno1.g4714.t1	A
rna-XM_056784470.1	A	anno1.g10359.t2	A
rna-XM_056784655.1	A	anno1.g5395.t1	A
rna-XM_056784659.1	A	anno1.g7347.t1	A
rna-XM_056785096.1	A	anno1.g4302.t1	A
rna-XM_056785094.1	A	anno1.g13137.t1	A
rna-XM_056785100.1	A	anno1.g13694.t1	A
rna-XM_056785106.1	A	anno1.g12409.t1	A
rna-XM_056784072.1	A	anno1.g5387.t1	A
rna-XM_056784991.1	A	anno1.g6416.t1	A
rna-XM_056784994.1	A	anno1.g748.t1	A
rna-XM_056784995.1	A	anno1.g747.t1	A
rna-XM_056785012.1	A	anno1.g743.t1	A
rna-XM_056785619.1	A	anno1.g3560.t1	A
rna-XM_056785618.1	A	anno1.g2739.t1	A
rna-XM_056785620.1	A	anno1.g7912.t2	A
rna-XM_056785609.1	A	anno1.g4743.t1	A
rna-XM_056784339.1	A	anno1.g2460.t5	A
rna-XM_056784337.1	A	anno1.g2462.t1	A
rna-XM_056784963.1	A	anno1.g1353.t1	A
rna-XM_056784889.1	A	anno1.g1354.t1	A
rna-XM_056784890.1	A	anno1.g3291.t1	A
rna-XM_056784663.1	A	anno1.g3358.t1	A
rna-XM_056784106.1	A	anno1.g3910.t3	A
rna-XM_056784770.1	A	anno1.g9629.t1	A
rna-XM_056784892.1	A	anno1.g9698.t1	A
rna-XM_056784893.1	A	anno1.g9697.t1	A
rna-XM_056784083.1	A	anno1.g9696.t2	A
rna-XM_056784726.1	A	anno1.g10106.t1	A
rna-XM_056784297.1	A	anno1.g12711.t1	A
rna-XM_056784362.1	A	anno1.g14756.t1	A
rna-XM_056785723.1	A	anno1.g14755.t1	A
rna-XM_056785738.1	A	anno1.g9261.t1	A
rna-XM_056785727.1	A	anno1.g11511.t1	A
rna-XM_056785739.1	A	anno1.g10425.t1	A
rna-XM_056785741.1	A	anno1.g10436.t2	A
rna-XM_056785736.1	A	anno1.g10435.t1	A
rna-XM_056785731.1	A	anno1.g10434.t2	A
rna-XM_056785734.1	A	anno1.g10800.t1	A
rna-XM_056785732.1	A	anno1.g10427.t1	A
rna-XM_056785735.1	A	anno1.g6959.t2	A
rna-XM_056785744.1	A	anno1.g14604.t1	A
rna-XM_056785745.1	A	anno1.g14606.t1	A
rna-XM_056785746.1	A	anno1.g4938.t1	A
rna-XM_056784894.1	A	anno1.g6232.t1	A
rna-XM_056785748.1	A	anno1.g2814.t1	A
rna-XM_056785749.1	A	anno1.g6234.t1	A
rna-XM_056785750.1	A	anno1.g4527.t1	A
rna-XM_056785753.1	A	anno1.g4940.t1	A
rna-XM_056785754.1	A	anno1.g12329.t1	A
rna-XM_056785757.1	A	anno1.g4941.t1	A
rna-XM_056785758.1	A	anno1.g4532.t1	A
rna-XM_056785759.1	A	anno1.g4939.t1	A
rna-XM_056785761.1	A	anno1.g6359.t3	A
rna-XM_056785768.1	A	anno1.g5058.t1	A
rna-XM_056785767.1	A	anno1.g5059.t1	A
rna-XM_056785769.1	A	anno1.g6906.t1	A
rna-XM_056785771.1	A	anno1.g7589.t1	A
rna-XM_056785772.1	A	anno1.g6961.t1	A
rna-XM_056785773.1	A	anno1.g6962.t2	A
rna-XM_056785774.1	A	anno1.g5191.t1	A
rna-XM_056785777.1	A	anno1.g11727.t1	A
rna-XM_056785780.1	A	anno1.g7176.t1	A
rna-XM_056785779.1	A	anno1.g7177.t1	A
rna-XM_056785778.1	A	anno1.g5190.t2	A
rna-XM_056785775.1	A	anno1.g4017.t3	A
rna-XM_056785781.1	A	anno1.g11968.t1	A
rna-XM_056785789.1	A	anno1.g11967.t1	A
rna-XM_056785783.1	A	anno1.g13294.t2	A
rna-XM_056785791.1	A	anno1.g7538.t1	A
rna-XM_056785790.1	A	anno1.g13950.t1	A
rna-XM_056785782.1	A	anno1.g11854.t3	A
rna-XM_056785797.1	A	anno1.g11852.t1	A
rna-XM_056785792.1	A	anno1.g13770.t1	A
rna-XM_056785794.1	A	anno1.g5450.t1	A
rna-XM_056785796.1	A	anno1.g9968.t1	A
rna-XM_056785806.1	A	anno1.g9694.t2	A
rna-XM_056785807.1	A	anno1.g1130.t1	A
rna-XM_056785808.1	A	anno1.g7421.t1	A
rna-XM_056785813.1	A	anno1.g1138.t3	A
rna-XM_056785812.1	A	anno1.g1135.t2	A
rna-XM_056785817.1	A	anno1.g1139.t1	A
rna-XM_056785809.1	A	anno1.g8130.t1	A
rna-XM_056785823.1	A	anno1.g5773.t1	A
rna-XM_056785824.1	A	anno1.g3235.t1	A
rna-XM_056785825.1	A	anno1.g3679.t1	A
rna-XM_056785821.1	A	anno1.g8995.t1	A
rna-XM_056785826.1	A	anno1.g9800.t1	A
rna-XM_056785828.1	A	anno1.g8991.t1	A
rna-XM_056784291.1	A	anno1.g10527.t2	A
rna-XM_056784900.1	A	anno1.g11615.t1	A
rna-XM_056784901.1	A	anno1.g11611.t1	A
rna-XM_056784799.1	A	anno1.g8985.t1	A
rna-XM_056784798.1	A	anno1.g8986.t1	A
rna-XM_056784903.1	A	anno1.g2338.t1	A
rna-XM_056784692.1	A	anno1.g3682.t1	A
rna-XM_056784268.1	A	anno1.g3683.t2	A
rna-XM_056784026.1	A	anno1.g5386.t1	A
rna-XM_056784043.1	A	anno1.g5553.t1	A
rna-XM_056784044.1	A	anno1.g12317.t1	A
rna-XM_056784208.1	A	anno1.g4018.t1	A
rna-XM_056784212.1	A	anno1.g4123.t1	A
rna-XM_056785143.1	A	anno1.g5601.t1	A
rna-XM_056785145.1	A	anno1.g5599.t1	A
rna-XM_056785129.1	A	anno1.g5597.t4	A
rna-XM_056785147.1	A	anno1.g5594.t1	A
rna-XM_056785140.1	A	anno1.g5496.t1	A
rna-XM_056784221.1	A	anno1.g12491.t1	A
rna-XM_056784170.1	A	anno1.g13872.t1	A
rna-XM_056785416.1	A	anno1.g13918.t1	A
rna-XM_056784134.1	A	anno1.g13917.t2	A
rna-XM_056784136.1	A	anno1.g9341.t1	A
rna-XM_056784139.1	A	anno1.g9344.t2	A
rna-XM_056784749.1	A	anno1.g9351.t1	A
rna-XM_056784734.1	A	anno1.g9350.t1	A
rna-XM_056784066.1	A	anno1.g9146.t1	A
rna-XM_056784060.1	A	anno1.g9738.t1	A
rna-XM_056784057.1	A	anno1.g7854.t1	A
rna-XM_056784069.1	A	anno1.g7748.t1	A
rna-XM_056784054.1	A	anno1.g13591.t1	A
rna-XM_056785515.1	A	anno1.g13595.t1	A
rna-XM_056785518.1	A	anno1.g8321.t1	A
rna-XM_056784625.1	A	anno1.g8999.t2	A
rna-XM_056785685.1	A	anno1.g8996.t1	A
rna-XM_056784169.1	A	anno1.g3315.t1	A
rna-XM_056783926.1	A	anno1.g1482.t1	A
rna-XM_056783927.1	A	anno1.g6157.t1	A
rna-XM_056784813.1	A	anno1.g6158.t2	A
rna-XM_056784907.1	A	anno1.g6160.t1	A
rna-XM_056784203.1	A	anno1.g3304.t1	A
rna-XM_056784197.1	A	anno1.g3303.t1	A
rna-XM_056783874.1	A	anno1.g7175.t1	A
rna-XM_056783875.1	A	anno1.g7178.t1	A
rna-XM_056784299.1	A	anno1.g12756.t1	A
rna-XM_056784957.1	A	anno1.g12758.t2	A
rna-XM_056785671.1	A	anno1.g12748.t1	A
rna-XM_056785054.1	A	anno1.g6201.t1	A
rna-XM_056785053.1	A	anno1.g9488.t2	A
rna-XM_056784912.1	A	anno1.g1123.t1	A
rna-XM_056784998.1	A	anno1.g12709.t1	A
rna-XM_056784627.1	A	anno1.g13003.t2	A
rna-XM_056784030.1	A	anno1.g12203.t1	A
rna-XM_056784616.1	A	anno1.g2829.t1	A
rna-XM_056784775.1	A	anno1.g6331.t1	A
rna-XM_056783993.1	A	anno1.g8449.t1	A
rna-XM_056784006.1	A	anno1.g10070.t1	A
rna-XM_056783994.1	A	anno1.g10071.t1	A
rna-XM_056784004.1	A	anno1.g13386.t1	A
rna-XM_056784005.1	A	anno1.g12555.t1	A
rna-XM_056784008.1	A	anno1.g13389.t1	A
rna-XM_056783997.1	A	anno1.g9101.t2	A
rna-XM_056784369.1	A	anno1.g5983.t2	A
rna-XM_056784371.1	A	anno1.g11376.t1	A
rna-XM_056784372.1	A	anno1.g9869.t1	A
rna-XM_056784374.1	A	anno1.g10040.t1	A
rna-XM_056784709.1	A	anno1.g10042.t1	A
rna-XM_056784708.1	A	anno1.g4374.t2	A
rna-XM_056784025.1	A	anno1.g10037.t1	A
rna-XM_056785860.1	A	anno1.g10038.t1	A
rna-XM_056785861.1	A	anno1.g10039.t1	A
rna-XM_056785863.1	A	anno1.g5062.t1	A
rna-XM_056785864.1	A	anno1.g5067.t1	A
rna-XM_056784267.1	A	anno1.g5069.t2	A
rna-XM_056783886.1	A	anno1.g9726.t1	A
rna-XM_056783887.1	A	anno1.g14040.t1	A
rna-XM_056783888.1	A	anno1.g9727.t1	A
rna-XM_056783907.1	A	anno1.g14326.t1	A
rna-XM_056783904.1	A	anno1.g2475.t1	A
rna-XM_056783901.1	A	anno1.g2474.t1	A
rna-XM_056783890.1	A	anno1.g2575.t1	A
rna-XM_056783903.1	A	anno1.g2578.t1	A
rna-XM_056783899.1	A	anno1.g1898.t1	X
rna-XM_056783905.1	A	anno1.g9322.t1	A
rna-XM_056783897.1	A	anno1.g2480.t1	A
rna-XM_056783895.1	A	anno1.g2590.t1	A
rna-XM_056783889.1	A	anno1.g2589.t1	A
rna-XM_056784732.1	A	anno1.g2584.t1	A
rna-XM_056784727.1	A	anno1.g2579.t1	A
rna-XM_056784925.1	A	anno1.g7879.t1	A
rna-XM_056784115.1	A	anno1.g2488.t1	A
rna-XM_056785378.1	A	anno1.g2490.t1	A
rna-XM_056785382.1	A	anno1.g2492.t1	A
rna-XM_056785383.1	A	anno1.g2487.t1	A
rna-XM_056785381.1	A	anno1.g13938.t1	A
rna-XM_056785386.1	A	anno1.g2493.t1	A
rna-XM_056785385.1	A	anno1.g2494.t1	A
rna-XM_056785056.1	A	anno1.g7269.t1	A
rna-XM_056785068.1	A	anno1.g7268.t2	A
rna-XM_056785062.1	A	anno1.g7270.t1	A
rna-XM_056785061.1	A	anno1.g11827.t1	A
rna-XM_056785064.1	A	anno1.g9471.t1	A
rna-XM_056785060.1	A	anno1.g6984.t1	A
rna-XM_056785070.1	A	anno1.g6021.t1	A
rna-XM_056785074.1	A	anno1.g10701.t1	A
rna-XM_056785075.1	A	anno1.g10700.t2	A
rna-XM_056785077.1	A	anno1.g5979.t3	A
rna-XM_056784017.1	A	anno1.g5981.t1	A
rna-XM_056784927.1	A	anno1.g8393.t1	A
rna-XM_056784096.1	A	anno1.g13110.t1	A
rna-XM_056784325.1	A	anno1.g12910.t1	A
rna-XM_056784742.1	A	anno1.g12893.t1	A
rna-XM_056784743.1	A	anno1.g12895.t1	A
rna-XM_056784745.1	A	anno1.g12896.t1	A
rna-XM_056784930.1	A	anno1.g12897.t1	A
rna-XM_056784747.1	A	anno1.g12899.t1	A
rna-XM_056785360.1	A	anno1.g12900.t1	A
rna-XM_056785652.1	A	anno1.g12975.t1	A
rna-XM_056785653.1	A	anno1.g8024.t1	A
rna-XM_056785654.1	A	anno1.g8021.t1	A
rna-XM_056785148.1	A	anno1.g8020.t1	A
rna-XM_056785155.1	A	anno1.g8016.t1	A
rna-XM_056785157.1	A	anno1.g8025.t1	A
rna-XM_056785158.1	A	anno1.g8027.t1	A
rna-XM_056785153.1	A	anno1.g8026.t3	A
rna-XM_056785156.1	A	anno1.g8033.t1	A
rna-XM_056785159.1	A	anno1.g7045.t1	A
rna-XM_056784675.1	A	anno1.g8032.t3	A
rna-XM_056784676.1	A	anno1.g12047.t1	A
rna-XM_056784699.1	A	anno1.g12951.t1	A
rna-XM_056784700.1	A	anno1.g12950.t1	A
rna-XM_056784931.1	A	anno1.g12947.t1	A
rna-XM_056784314.1	A	anno1.g12946.t1	A
rna-XM_056784315.1	A	anno1.g12943.t1	A
rna-XM_056784974.1	A	anno1.g12377.t1	A
rna-XM_056784104.1	A	anno1.g14431.t1	A
rna-XM_056784936.1	A	anno1.g2285.t1	A
rna-XM_056784665.1	A	anno1.g4738.t2	A
rna-XM_056784161.1	A	anno1.g735.t1	A
rna-XM_056784160.1	A	anno1.g12378.t1	A
rna-XM_056784809.1	A	anno1.g5396.t1	A
rna-XM_056784810.1	A	anno1.g6657.t1	A
rna-XM_056784622.1	A	anno1.g12361.t1	A
rna-XM_056784621.1	A	anno1.g12362.t1	A
rna-XM_056784684.1	A	anno1.g13012.t1	A
rna-XM_056784952.1	A	anno1.g13836.t1	A
rna-XM_056784118.1	A	anno1.g14229.t1	A
rna-XM_056785013.1	A	anno1.g13049.t1	A
rna-XM_056784938.1	A	anno1.g1355.t1	A
rna-XM_056783870.1	A	anno1.g1356.t1	A
rna-XM_056784939.1	A	anno1.g11378.t1	A
rna-XM_056784246.1	A	anno1.g8419.t1	A
rna-XM_056784245.1	A	anno1.g8418.t1	A
rna-XM_056784944.1	A	anno1.g8417.t1	A
rna-XM_056784909.1	A	anno1.g8289.t1	A
rna-XM_056785263.1	A	anno1.g7815.t1	A
rna-XM_056785267.1	A	anno1.g9680.t1	A
rna-XM_056784945.1	A	anno1.g7805.t1	A
rna-XM_056785265.1	A	anno1.g7804.t1	A
rna-XM_056785272.1	A	anno1.g7802.t1	A
rna-XM_056785271.1	A	anno1.g8415.t2	A
rna-XM_056784948.1	A	anno1.g8764.t1	A
rna-XM_056785277.1	A	anno1.g9870.t1	A
rna-XM_056785279.1	A	anno1.g5984.t2	A
rna-XM_056785282.1	A	anno1.g769.t1	A
rna-XM_056785283.1	A	anno1.g8299.t2	A
rna-XM_056785286.1	A	anno1.g12963.t1	A
rna-XM_056785287.1	A	anno1.g6629.t1	A
rna-XM_056785289.1	A	anno1.g125.t1	A
rna-XM_056785291.1	A	anno1.g13018.t1	A
rna-XM_056785294.1	A	anno1.g13020.t1	A
rna-XM_056785295.1	A	anno1.g10606.t2	A
rna-XM_056785298.1	A	anno1.g10607.t1	A
rna-XM_056785319.1	A	anno1.g13024.t1	A
rna-XM_056785299.1	A	anno1.g13019.t1	A
rna-XM_056785306.1	A	anno1.g8521.t2	A
rna-XM_056785315.1	A	anno1.g2299.t1	A
rna-XM_056785309.1	A	anno1.g7348.t1	A
rna-XM_056785317.1	A	anno1.g8573.t1	A
rna-XM_056785314.1	A	anno1.g13023.t1	A
rna-XM_056785320.1	A	anno1.g4777.t2	A
rna-XM_056785308.1	A	anno1.g2992.t1	A
rna-XM_056785303.1	A	anno1.g12338.t1	A
rna-XM_056785321.1	A	anno1.g10604.t1	A
rna-XM_056784153.1	A	anno1.g7171.t1	A
rna-XM_056785256.1	A	anno1.g2785.t1	A
rna-XM_056785258.1	A	anno1.g6631.t1	A
rna-XM_056785261.1	A	anno1.g3316.t1	A
rna-XM_056784489.1	A	anno1.g3858.t1	A
rna-XM_056785388.1	A	anno1.g9130.t2	A
rna-XM_056785391.1	A	anno1.g9735.t1	A
rna-XM_056784274.1	A	anno1.g926.t1	A
rna-XM_056784263.1	A	anno1.g2893.t1	A
rna-XM_056784264.1	A	anno1.g12843.t1	A
rna-XM_056784871.1	A	anno1.g12844.t2	A
rna-XM_056784613.1	A	anno1.g8272.t2	A
rna-XM_056785530.1	A	anno1.g12836.t1	A
rna-XM_056784669.1	A	anno1.g5471.t2	A
rna-XM_056784670.1	A	anno1.g9207.t2	A
rna-XM_056784130.1	A	anno1.g6542.t1	A
rna-XM_056784133.1	A	anno1.g6596.t1	A
rna-XM_056784132.1	A	anno1.g6541.t1	A
rna-XM_056784131.1	A	anno1.g6540.t1	A
rna-XM_056784220.1	A	anno1.g199.t1	A
rna-XM_056784869.1	A	anno1.g200.t1	A
rna-XM_056785532.1	A	anno1.g201.t1	A
rna-XM_056784502.1	A	anno1.g202.t1	A
rna-XM_056784501.1	A	anno1.g205.t1	A
rna-XM_056784109.1	A	anno1.g175.t1	A
rna-XM_056784229.1	A	anno1.g170.t2	A
rna-XM_056784255.1	A	anno1.g153.t1	A
rna-XM_056784256.1	A	anno1.g1322.t1	A
rna-XM_056785829.1	A	anno1.g6520.t4	A
rna-XM_056785848.1	A	anno1.g12822.t1	A
rna-XM_056785843.1	A	anno1.g6521.t1	A
rna-XM_056785841.1	A	anno1.g6522.t2	A
rna-XM_056785842.1	A	anno1.g6523.t1	A
rna-XM_056785836.1	A	anno1.g13040.t2	A
rna-XM_056785533.1	A	anno1.g12823.t2	A
rna-XM_056785837.1	A	anno1.g1645.t1	A
rna-XM_056784493.1	A	anno1.g98.t1	A
rna-XM_056784492.1	A	anno1.g1631.t1	A
rna-XM_056784498.1	A	anno1.g1513.t2	A
rna-XM_056784494.1	A	anno1.g1511.t2	A
rna-XM_056785614.1	A	anno1.g1512.t2	A
rna-XM_056785611.1	A	anno1.g1515.t2	A
rna-XM_056785884.1	A	anno1.g1519.t1	A
rna-XM_056785879.1	A	anno1.g1514.t1	A
rna-XM_056784915.1	A	anno1.g1508.t1	A
rna-XM_056784917.1	A	anno1.g1509.t1	A
rna-XM_056784363.1	A	anno1.g1647.t2	A
rna-XM_056785536.1	A	anno1.g1646.t1	A
rna-XM_056785869.1	A	anno1.g1575.t6	A
rna-XM_056785876.1	A	anno1.g1147.t1	A
rna-XM_056785878.1	A	anno1.g1637.t1	A
rna-XM_056785163.1	A	anno1.g12818.t2	A
rna-XM_056785169.1	A	anno1.g12817.t2	A
rna-XM_056785168.1	A	anno1.g12816.t1	A
rna-XM_056785538.1	A	anno1.g12814.t1	A
rna-XM_056784933.1	A	anno1.g811.t1	A
rna-XM_056784187.1	A	anno1.g5879.t1	A
rna-XM_056784825.1	A	anno1.g223.t1	A
rna-XM_056785410.1	A	anno1.g12819.t4	A
rna-XM_056784120.1	A	anno1.g12820.t1	A
rna-XM_056785679.1	A	anno1.g12821.t1	A
rna-XM_056784822.1	A	anno1.g13306.t2	A
rna-XM_056784823.1	A	anno1.g9757.t1	A
rna-XM_056784478.1	A	anno1.g9758.t2	A
rna-XM_056785030.1	A	anno1.g10725.t2	A
rna-XM_056785031.1	A	anno1.g9532.t1	A
rna-XM_056785022.1	A	anno1.g9827.t2	A
rna-XM_056785020.1	A	anno1.g7312.t1	A
rna-XM_056785028.1	A	anno1.g4185.t2	A
rna-XM_056784878.1	A	anno1.g4187.t1	A
rna-XM_056784879.1	A	anno1.g4188.t1	A
rna-XM_056785161.1	A	anno1.g4341.t1	A
rna-XM_056784865.1	A	anno1.g4340.t1	A
rna-XM_056784215.1	A	anno1.g13667.t1	A
rna-XM_056785045.1	A	anno1.g9593.t1	A
rna-XM_056784087.1	A	anno1.g9594.t2	A
rna-XM_056785081.1	A	anno1.g9595.t3	A
rna-XM_056784075.1	A	anno1.g9596.t1	A
rna-XM_056784077.1	A	anno1.g13619.t1	A
rna-XM_056785046.1	A	anno1.g8906.t1	A
rna-XM_056784335.1	A	anno1.g810.t1	A
rna-XM_056785555.1	A	anno1.g12373.t1	A
rna-XM_056784205.1	A	anno1.g9592.t1	A
rna-XM_056784723.1	A	anno1.g9591.t1	A
rna-XM_056784724.1	A	anno1.g5132.t2	A
rna-XM_056784725.1	A	anno1.g13668.t2	A
rna-XM_056784716.1	A	anno1.g6569.t1	A
rna-XM_056784722.1	A	anno1.g809.t1	A
rna-XM_056784712.1	A	anno1.g1142.t1	A
rna-XM_056784721.1	A	anno1.g808.t1	A
rna-XM_056785520.1	A	anno1.g13666.t1	A
rna-XM_056785525.1	A	anno1.g4315.t1	A
rna-XM_056784956.1	A	anno1.g5099.t1	A
rna-XM_056784124.1	A	anno1.g9424.t1	A
rna-XM_056784125.1	A	anno1.g9423.t1	A
rna-XM_056784811.1	A	anno1.g9288.t1	A
rna-XM_056784193.1	A	anno1.g9289.t2	A
rna-XM_056785002.1	A	anno1.g9292.t1	A
rna-XM_056784787.1	A	anno1.g9301.t1	A
rna-XM_056785328.1	A	anno1.g1505.t1	A
rna-XM_056785333.1	A	anno1.g807.t1	A
rna-XM_056785335.1	A	anno1.g9299.t1	A
rna-XM_056785336.1	A	anno1.g9298.t1	A
rna-XM_056785342.1	A	anno1.g9297.t4	A
rna-XM_056785043.1	A	anno1.g12204.t1	A
rna-XM_056785171.1	A	anno1.g4528.t1	A
rna-XM_056784152.1	A	anno1.g4523.t1	A
rna-XM_056783914.1	A	anno1.g4517.t1	A
rna-XM_056784150.1	A	anno1.g14731.t1	A
rna-XM_056784781.1	A	anno1.g14730.t1	A
rna-XM_056784158.1	A	anno1.g14729.t1	A
rna-XM_056784129.1	A	anno1.g14728.t1	A
rna-XM_056785357.1	A	anno1.g4969.t3	A
rna-XM_056785358.1	A	anno1.g4970.t2	A
rna-XM_056784379.1	A	anno1.g4886.t1	A
rna-XM_056784095.1	A	anno1.g4968.t1	A
rna-XM_056785858.1	A	anno1.g4887.t1	A
rna-XM_056784148.1	A	anno1.g11759.t1	A
rna-XM_056785412.1	A	anno1.g11782.t1	A
rna-XM_056785415.1	A	anno1.g11784.t1	A
rna-XM_056785563.1	A	anno1.g4745.t1	A
rna-XM_056784113.1	A	anno1.g11785.t1	A
rna-XM_056784248.1	A	anno1.g11096.t1	A
rna-XM_056784192.1	A	anno1.g9852.t1	A
rna-XM_056784685.1	A	anno1.g9854.t1	A
rna-XM_056784686.1	A	anno1.g9855.t1	A
rna-XM_056783968.1	A	anno1.g9857.t2	A
rna-XM_056783967.1	A	anno1.g6317.t1	A
rna-XM_056783966.1	A	anno1.g9464.t1	A
rna-XM_056783969.1	A	anno1.g13673.t1	A
rna-XM_056783960.1	A	anno1.g13663.t1	A
rna-XM_056783961.1	A	anno1.g13664.t1	A
rna-XM_056783962.1	A	anno1.g5084.t1	A
rna-XM_056783959.1	A	anno1.g2882.t1	A
rna-XM_056783971.1	A	anno1.g5707.t1	A
rna-XM_056783931.1	A	anno1.g4837.t1	A
rna-XM_056783933.1	A	anno1.g4838.t1	A
rna-XM_056783935.1	A	anno1.g4841.t1	A
rna-XM_056783937.1	A	anno1.g4842.t1	A
rna-XM_056785570.1	A	anno1.g5728.t1	A
rna-XM_056783947.1	A	anno1.g4836.t1	A
rna-XM_056783948.1	A	anno1.g7075.t1	A
rna-XM_056785571.1	A	anno1.g5793.t1	A
rna-XM_056783950.1	A	anno1.g7074.t1	A
rna-XM_056783951.1	A	anno1.g11072.t1	A
rna-XM_056785710.1	A	anno1.g5086.t1	A
rna-XM_056785719.1	A	anno1.g5087.t1	A
rna-XM_056785721.1	A	anno1.g7776.t1	A
rna-XM_056785343.1	A	anno1.g5127.t1	A
rna-XM_056785347.1	A	anno1.g5112.t2	A
rna-XM_056785344.1	A	anno1.g4526.t1	A
rna-XM_056785355.1	A	anno1.g5893.t1	A
rna-XM_056785348.1	A	anno1.g4525.t1	A
rna-XM_056785356.1	A	anno1.g4605.t1	A
rna-XM_056784190.1	A	anno1.g4603.t1	A
rna-XM_056784279.1	A	anno1.g4492.t1	A
rna-XM_056784735.1	A	anno1.g4494.t2	A
rna-XM_056784661.1	A	anno1.g4495.t1	A
rna-XM_056784296.1	A	anno1.g5400.t1	A
rna-XM_056785577.1	A	anno1.g4452.t1	A
rna-XM_056785578.1	A	anno1.g1556.t1	A
rna-XM_056784987.1	A	anno1.g13221.t1	A
rna-XM_056784973.1	A	anno1.g13222.t1	A
rna-XM_056784843.1	A	anno1.g13223.t1	A
rna-XM_056784378.1	A	anno1.g4107.t1	A
rna-XM_056783955.1	A	anno1.g5401.t2	A
rna-XM_056784368.1	A	anno1.g12298.t3	A
rna-XM_056784733.1	A	anno1.g14667.t1	A
rna-XM_056785888.1	A	anno1.g1106.t1	A
rna-XM_056784097.1	A	anno1.g11412.t2	A
rna-XM_056784748.1	A	anno1.g11414.t1	A
rna-XM_056784216.1	A	anno1.g11415.t3	A
rna-XM_056784277.1	A	anno1.g464.t1	A
rna-XM_056785019.1	A	anno1.g5399.t1	A
rna-XM_056785018.1	A	anno1.g5435.t1	A
rna-XM_056785324.1	A	anno1.g11201.t1	A
rna-XM_056785325.1	A	anno1.g11293.t1	A
rna-XM_056785326.1	A	anno1.g11297.t1	A
rna-XM_056785327.1	A	anno1.g11298.t1	A
rna-XM_056784820.1	A	anno1.g11287.t1	A
rna-XM_056785680.1	A	anno1.g11156.t1	A
rna-XM_056785682.1	A	anno1.g11157.t1	A
rna-XM_056784078.1	A	anno1.g11158.t1	A
rna-XM_056784632.1	A	anno1.g9747.t1	A
rna-XM_056784697.1	A	anno1.g11159.t1	A
rna-XM_056784360.1	A	anno1.g10999.t2	A
rna-XM_056784127.1	A	anno1.g1364.t1	A
rna-XM_056784970.1	A	anno1.g9219.t2	A
rna-XM_056784101.1	A	anno1.g11973.t1	A
rna-XM_056785849.1	A	anno1.g14213.t1	A
rna-XM_056785854.1	A	anno1.g9896.t1	A
rna-XM_056785193.1	A	anno1.g14435.t1	A
rna-XM_056785192.1	A	anno1.g9665.t2	A
rna-XM_056785194.1	A	anno1.g9056.t1	A
rna-XM_056785197.1	A	anno1.g12454.t1	A
rna-XM_056785195.1	A	anno1.g12453.t1	A
rna-XM_056785202.1	A	anno1.g9669.t3	A
rna-XM_056785210.1	A	anno1.g1795.t1	X
rna-XM_056785198.1	A	anno1.g6323.t1	A
rna-XM_056785200.1	A	anno1.g9664.t1	A
rna-XM_056785208.1	A	anno1.g9055.t1	A
rna-XM_056785211.1	A	anno1.g9059.t1	A
rna-XM_056785214.1	A	anno1.g9668.t3	A
rna-XM_056785213.1	A	anno1.g9057.t1	A
rna-XM_056785216.1	A	anno1.g9058.t1	A
rna-XM_056785217.1	A	anno1.g8708.t1	A
rna-XM_056785218.1	A	anno1.g8707.t1	A
rna-XM_056785221.1	A	anno1.g7601.t1	A
rna-XM_056785220.1	A	anno1.g7818.t1	A
rna-XM_056785223.1	A	anno1.g7591.t1	A
rna-XM_056785227.1	A	anno1.g7590.t2	A
rna-XM_056785228.1	A	anno1.g7596.t1	A
rna-XM_056784739.1	A	anno1.g7598.t1	A
rna-XM_056784738.1	A	anno1.g7592.t1	A
rna-XM_056784185.1	A	anno1.g7594.t1	A
rna-XM_056784186.1	A	anno1.g2892.t1	A
rna-XM_056784252.1	A	anno1.g661.t1	A
rna-XM_056784253.1	A	anno1.g1161.t1	A
rna-XM_056784349.1	A	anno1.g1475.t1	A
rna-XM_056784354.1	A	anno1.g10352.t1	A
rna-XM_056784310.1	A	anno1.g12052.t1	A
rna-XM_056784157.1	A	anno1.g13283.t1	A
rna-XM_056784964.1	A	anno1.g11368.t1	A
rna-XM_056784504.1	A	anno1.g4657.t1	A
rna-XM_056784509.1	A	anno1.g4611.t1	A
rna-XM_056784503.1	A	anno1.g10073.t1	A
rna-XM_056784507.1	A	anno1.g9496.t2	A
rna-XM_056784511.1	A	anno1.g9495.t1	A
rna-XM_056785587.1	A	anno1.g9489.t2	A
rna-XM_056785588.1	A	anno1.g2585.t1	A
rna-XM_056784518.1	A	anno1.g12325.t1	A
rna-XM_056784520.1	A	anno1.g2538.t1	A
rna-XM_056784521.1	A	anno1.g12358.t1	A
rna-XM_056784523.1	A	anno1.g7254.t1	A
rna-XM_056784527.1	A	anno1.g7218.t2	A
rna-XM_056784531.1	A	anno1.g6370.t1	A
rna-XM_056784537.1	A	anno1.g7220.t2	A
rna-XM_056784536.1	A	anno1.g6369.t1	A
rna-XM_056784533.1	A	anno1.g6368.t1	A
rna-XM_056784539.1	A	anno1.g7219.t1	A
rna-XM_056784540.1	A	anno1.g7050.t1	A
rna-XM_056784541.1	A	anno1.g12356.t1	A
rna-XM_056784545.1	A	anno1.g3356.t3	A
rna-XM_056784543.1	A	anno1.g4666.t2	A
rna-XM_056784542.1	A	anno1.g9555.t1	A
rna-XM_056784552.1	A	anno1.g2689.t1	A
rna-XM_056784564.1	A	anno1.g10821.t1	A
rna-XM_056784566.1	A	anno1.g4667.t1	A
rna-XM_056784565.1	A	anno1.g12353.t1	A
rna-XM_056784569.1	A	anno1.g11549.t3	A
rna-XM_056784572.1	A	anno1.g2533.t1	A
rna-XM_056784570.1	A	anno1.g405.t2	A
rna-XM_056784580.1	A	anno1.g12042.t1	A
rna-XM_056784578.1	A	anno1.g12355.t1	A
rna-XM_056784581.1	A	anno1.g12738.t1	A
rna-XM_056784575.1	A	anno1.g3673.t1	A
rna-XM_056784582.1	A	anno1.g3096.t1	A
rna-XM_056784583.1	A	anno1.g12731.t3	A
rna-XM_056784594.1	A	anno1.g14313.t1	A
rna-XM_056784584.1	A	anno1.g13882.t1	A
rna-XM_056784593.1	A	anno1.g13922.t1	A
rna-XM_056785589.1	A	anno1.g5690.t1	A
rna-XM_056785590.1	A	anno1.g7530.t1	A
rna-XM_056784597.1	A	anno1.g11040.t1	A
rna-XM_056784599.1	A	anno1.g7217.t1	A
rna-XM_056784600.1	A	anno1.g7216.t1	A
rna-XM_056784603.1	A	anno1.g9561.t1	A
rna-XM_056784604.1	A	anno1.g10312.t1	A
rna-XM_056784607.1	A	anno1.g5775.t1	A
rna-XM_056784610.1	A	anno1.g5774.t1	A
rna-XM_056784612.1	A	anno1.g5776.t1	A
rna-XM_056785591.1	A	anno1.g5777.t1	A
rna-XM_056784162.1	A	anno1.g5778.t1	A
rna-XM_056785893.1	A	anno1.g915.t1	A
rna-XM_056785890.1	A	anno1.g13945.t4	A
rna-XM_056785895.1	A	anno1.g10973.t1	A
rna-XM_056785896.1	A	anno1.g12051.t1	A
rna-XM_056785898.1	A	anno1.g12721.t1	A
rna-XM_056785900.1	A	anno1.g1126.t1	A
rna-XM_056785902.1	A	anno1.g1127.t1	A
rna-XM_056785905.1	A	anno1.g5448.t1	A
rna-XM_056785907.1	A	anno1.g5815.t1	A
rna-XM_056785929.1	A	anno1.g9556.t2	A
rna-XM_056785926.1	A	anno1.g9132.t1	A
rna-XM_056785914.1	A	anno1.g6546.t1	A
rna-XM_056785922.1	A	anno1.g6545.t1	A
rna-XM_056785921.1	A	anno1.g6544.t1	A
rna-XM_056785916.1	A	anno1.g11203.t1	A
rna-XM_056785912.1	A	anno1.g11204.t1	A
rna-XM_056785911.1	A	anno1.g11205.t1	A
rna-XM_056785593.1	A	anno1.g11814.t1	A
rna-XM_056785925.1	A	anno1.g9034.t1	A
rna-XM_056785938.1	A	anno1.g9215.t1	A
rna-XM_056785939.1	A	anno1.g9216.t1	A
rna-XM_056784034.1	A	anno1.g10890.t2	A
rna-XM_056784619.1	A	anno1.g10998.t1	A
rna-XM_056783885.1	A	anno1.g10878.t1	A
rna-XM_056785640.1	A	anno1.g10879.t1	A
rna-XM_056785641.1	A	anno1.g11212.t1	A
rna-XM_056784788.1	A	anno1.g12437.t1	A
rna-XM_056784982.1	A	anno1.g12432.t1	A
rna-XM_056784839.1	A	anno1.g13599.t1	A
rna-XM_056784196.1	A	anno1.g2267.t2	A
rna-XM_056784356.1	A	anno1.g2280.t1	A
rna-XM_056783982.1	A	anno1.g2321.t1	A
rna-XM_056783974.1	A	anno1.g2322.t1	A
rna-XM_056783983.1	A	anno1.g4097.t1	A
rna-XM_056783990.1	A	anno1.g4064.t2	A
rna-XM_056783984.1	A	anno1.g9320.t1	A
rna-XM_056785646.1	A	anno1.g5202.t1	A
rna-XM_056785642.1	A	anno1.g5203.t1	A
rna-XM_056785644.1	A	anno1.g5622.t1	A
rna-XM_056785649.1	A	anno1.g11207.t1	A
rna-XM_056785400.1	A	anno1.g721.t1	A
rna-XM_056785402.1	A	anno1.g7423.t1	A
rna-XM_056785596.1	A	anno1.g5623.t1	A
rna-XM_056785409.1	A	anno1.g8705.t2	A
rna-XM_056785403.1	A	anno1.g5624.t1	A
rna-XM_056785407.1	A	anno1.g7554.t1	A
rna-XM_056784111.1	A	anno1.g5632.t1	A
rna-XM_056785040.1	A	anno1.g13651.t2	A
rna-XM_056785037.1	A	anno1.g7556.t1	A
rna-XM_056785038.1	A	anno1.g7559.t1	A
rna-XM_056785032.1	A	anno1.g7541.t1	A
rna-XM_056784225.1	A	anno1.g7540.t1	A
rna-XM_056784177.1	A	anno1.g1219.t1	A
rna-XM_056785600.1	A	anno1.g7555.t2	A
rna-XM_056785434.1	A	anno1.g13140.t1	A
rna-XM_056785435.1	A	anno1.g9512.t1	A
rna-XM_056785446.1	A	anno1.g9515.t1	A
rna-XM_056785438.1	A	anno1.g9010.t3	A
rna-XM_056785443.1	A	anno1.g13320.t1	A
rna-XM_056785437.1	A	anno1.g8262.t2	A
rna-XM_056785601.1	A	anno1.g11787.t1	A
rna-XM_056785444.1	A	anno1.g8261.t1	A
rna-XM_056785450.1	A	anno1.g8258.t2	A
rna-XM_056785462.1	A	anno1.g10374.t1	A
rna-XM_056785458.1	A	anno1.g9523.t1	A
rna-XM_056785466.1	A	anno1.g3864.t1	A
rna-XM_056785467.1	A	anno1.g3862.t2	A
rna-XM_056785470.1	A	anno1.g5787.t1	A
rna-XM_056785473.1	A	anno1.g9389.t1	A
rna-XM_056785474.1	A	anno1.g9386.t1	A
rna-XM_056785475.1	A	anno1.g3854.t1	A
rna-XM_056785476.1	A	anno1.g3853.t1	A
rna-XM_056785477.1	A	anno1.g90.t1	A
rna-XM_056785483.1	A	anno1.g3857.t1	A
rna-XM_056785479.1	A	anno1.g3859.t2	A
rna-XM_056785481.1	A	anno1.g6687.t1	A
rna-XM_056785484.1	A	anno1.g11705.t1	A
rna-XM_056785494.1	A	anno1.g6684.t2	A
rna-XM_056785486.1	A	anno1.g6685.t1	A
rna-XM_056785493.1	A	anno1.g13910.t1	A
rna-XM_056785495.1	A	anno1.g11688.t1	A
rna-XM_056785498.1	A	anno1.g11687.t1	A
rna-XM_056785497.1	A	anno1.g11686.t1	A
rna-XM_056785499.1	A	anno1.g11707.t2	A
rna-XM_056785500.1	A	anno1.g11690.t1	A
rna-XM_056785503.1	A	anno1.g7873.t1	A
rna-XM_056785604.1	A	anno1.g3263.t2	A
rna-XM_056785605.1	A	anno1.g9046.t2	A
rna-XM_056785504.1	A	anno1.g14470.t1	Y
rna-XM_056785505.1	A	anno1.g1181.t1	A
rna-XM_056785510.1	A	anno1.g1178.t1	A
rna-XM_056785507.1	A	anno1.g7077.t2	A
rna-XM_056785508.1	A	anno1.g1965.t1	X
rna-XM_056785512.1	A	anno1.g11196.t1	A
rna-XM_056785511.1	A	anno1.g12971.t1	A
rna-XM_056785513.1	A	anno1.g11367.t1	A
rna-XM_056784018.1	A	anno1.g11366.t2	A
rna-XM_056784023.1	A	anno1.g11193.t1	A
rna-XM_056786341.1	A	anno1.g7460.t1	A
rna-XM_056786169.1	A	anno1.g7461.t1	A
rna-XM_056786784.1	A	anno1.g7462.t1	A
rna-XM_056786772.1	A	anno1.g7468.t1	A
rna-XM_056786774.1	A	anno1.g7470.t1	A
rna-XM_056786771.1	A	anno1.g7473.t1	A
rna-XM_056786770.1	A	anno1.g446.t1	A
rna-XM_056786775.1	A	anno1.g3561.t1	A
rna-XM_056786458.1	A	anno1.g7474.t1	A
rna-XM_056786271.1	A	anno1.g10293.t1	A
rna-XM_056786445.1	A	anno1.g1924.t1	X
rna-XM_056786246.1	A	anno1.g970.t2	A
rna-XM_056786241.1	A	anno1.g906.t1	A
rna-XM_056786748.1	A	anno1.g6779.t1	A
rna-XM_056786750.1	A	anno1.g9883.t2	A
rna-XM_056786752.1	A	anno1.g9882.t1	A
rna-XM_056786757.1	A	anno1.g6857.t1	A
rna-XM_056786071.1	A	anno1.g9716.t1	A
rna-XM_056786339.1	A	anno1.g9715.t2	A
rna-XM_056786400.1	A	anno1.g9832.t1	A
rna-XM_056786390.1	A	anno1.g9835.t1	A
rna-XM_056786632.1	A	anno1.g9836.t1	A
rna-XM_056786613.1	A	anno1.g9837.t1	A
rna-XM_056786123.1	A	anno1.g9838.t1	A
rna-XM_056786091.1	A	anno1.g9839.t1	A
rna-XM_056786614.1	A	anno1.g10861.t1	A
rna-XM_056785949.1	A	anno1.g11729.t3	A
rna-XM_056786828.1	A	anno1.g7501.t1	A
rna-XM_056786051.1	A	anno1.g7503.t1	A
rna-XM_056786103.1	A	anno1.g7506.t1	A
rna-XM_056786038.1	A	anno1.g7511.t2	A
rna-XM_056786299.1	A	anno1.g7512.t1	A
rna-XM_056786758.1	A	anno1.g1350.t1	A
rna-XM_056786765.1	A	anno1.g12174.t1	A
rna-XM_056786766.1	A	anno1.g7399.t1	A
rna-XM_056786760.1	A	anno1.g13301.t1	A
rna-XM_056786333.1	A	anno1.g13304.t1	A
rna-XM_056786336.1	A	anno1.g3002.t1	A
rna-XM_056786104.1	A	anno1.g731.t1	A
rna-XM_056786105.1	A	anno1.g738.t1	A
rna-XM_056786109.1	A	anno1.g739.t1	A
rna-XM_056786671.1	A	anno1.g734.t2	A
rna-XM_056786675.1	A	anno1.g6560.t1	A
rna-XM_056786674.1	A	anno1.g6561.t1	A
rna-XM_056786676.1	A	anno1.g6564.t3	A
rna-XM_056786230.1	A	anno1.g6563.t1	A
rna-XM_056786411.1	A	anno1.g6562.t1	A
rna-XM_056786125.1	A	anno1.g14659.t2	A
rna-XM_056786121.1	A	anno1.g733.t1	A
rna-XM_056786122.1	A	anno1.g8047.t1	A
rna-XM_056786700.1	A	anno1.g8328.t1	A
rna-XM_056786695.1	A	anno1.g1299.t1	A
rna-XM_056786699.1	A	anno1.g9723.t1	A
rna-XM_056786704.1	A	anno1.g7226.t1	A
rna-XM_056786702.1	A	anno1.g9972.t1	A
rna-XM_056786690.1	A	anno1.g3873.t2	A
rna-XM_056786706.1	A	anno1.g8302.t1	A
rna-XM_056786707.1	A	anno1.g8303.t2	A
rna-XM_056786709.1	A	anno1.g8327.t1	A
rna-XM_056786311.1	A	anno1.g1568.t1	A
rna-XM_056786305.1	A	anno1.g6642.t1	A
rna-XM_056786036.1	A	anno1.g8101.t1	A
rna-XM_056786216.1	A	anno1.g6309.t1	A
rna-XM_056786205.1	A	anno1.g9658.t1	A
rna-XM_056786687.1	A	anno1.g10244.t1	A
rna-XM_056786689.1	A	anno1.g6090.t1	A
rna-XM_056786324.1	A	anno1.g7078.t1	A
rna-XM_056786033.1	A	anno1.g10243.t1	A
rna-XM_056786096.1	A	anno1.g10169.t1	A
rna-XM_056786500.1	A	anno1.g3062.t2	A
rna-XM_056786511.1	A	anno1.g918.t1	A
rna-XM_056786739.1	A	anno1.g11561.t1	A
rna-XM_056786238.1	A	anno1.g12894.t1	A
rna-XM_056786292.1	A	anno1.g7357.t2	A
rna-XM_056786056.1	A	anno1.g7574.t1	A
rna-XM_056786057.1	A	anno1.g7575.t1	A
rna-XM_056786066.1	A	anno1.g7573.t1	A
rna-XM_056786058.1	A	anno1.g3618.t1	A
rna-XM_056786413.1	A	anno1.g3608.t1	A
rna-XM_056786042.1	A	anno1.g12532.t1	A
rna-XM_056786026.1	A	anno1.g3365.t1	A
rna-XM_056786735.1	A	anno1.g3060.t2	A
rna-XM_056786734.1	A	anno1.g3059.t1	A
rna-XM_056786077.1	A	anno1.g10172.t1	A
rna-XM_056786807.1	A	anno1.g1224.t1	A
rna-XM_056786808.1	A	anno1.g5634.t1	A
rna-XM_056786809.1	A	anno1.g10170.t1	A
rna-XM_056786812.1	A	anno1.g10166.t1	A
rna-XM_056786810.1	A	anno1.g10167.t1	A
rna-XM_056786813.1	A	anno1.g9874.t2	A
rna-XM_056786814.1	A	anno1.g10165.t1	A
rna-XM_056786816.1	A	anno1.g11134.t1	A
rna-XM_056786822.1	A	anno1.g11315.t1	A
rna-XM_056786823.1	A	anno1.g7645.t1	A
rna-XM_056786819.1	A	anno1.g10745.t2	A
rna-XM_056786076.1	A	anno1.g10476.t1	A
rna-XM_056786444.1	A	anno1.g1566.t1	A
rna-XM_056786037.1	A	anno1.g3733.t1	A
rna-XM_056786201.1	A	anno1.g10421.t2	A
rna-XM_056786053.1	A	anno1.g10423.t1	A
rna-XM_056786185.1	A	anno1.g10424.t1	A
rna-XM_056786515.1	A	anno1.g10440.t1	A
rna-XM_056786516.1	A	anno1.g10426.t1	A
rna-XM_056786518.1	A	anno1.g10473.t1	A
rna-XM_056786519.1	A	anno1.g10456.t1	A
rna-XM_056786520.1	A	anno1.g10475.t1	A
rna-XM_056786521.1	A	anno1.g10743.t1	A
rna-XM_056786522.1	A	anno1.g10744.t1	A
rna-XM_056786528.1	A	anno1.g3744.t1	A
rna-XM_056786533.1	A	anno1.g4001.t1	A
rna-XM_056786534.1	A	anno1.g1426.t1	A
rna-XM_056786535.1	A	anno1.g1424.t1	A
rna-XM_056786538.1	A	anno1.g2890.t1	A
rna-XM_056786537.1	A	anno1.g11312.t1	A
rna-XM_056786536.1	A	anno1.g8953.t1	A
rna-XM_056786542.1	A	anno1.g12418.t1	A
rna-XM_056786539.1	A	anno1.g10802.t1	A
rna-XM_056786546.1	A	anno1.g3236.t3	A
rna-XM_056786543.1	A	anno1.g3237.t2	A
rna-XM_056786547.1	A	anno1.g3510.t1	A
rna-XM_056786549.1	A	anno1.g841.t1	A
rna-XM_056786551.1	A	anno1.g8064.t1	A
rna-XM_056786557.1	A	anno1.g2261.t1	A
rna-XM_056786556.1	A	anno1.g2296.t1	A
rna-XM_056786552.1	A	anno1.g2302.t1	A
rna-XM_056786554.1	A	anno1.g538.t1	A
rna-XM_056786553.1	A	anno1.g3229.t1	A
rna-XM_056786558.1	A	anno1.g11896.t1	A
rna-XM_056786561.1	A	anno1.g8065.t1	A
rna-XM_056786562.1	A	anno1.g8066.t1	A
rna-XM_056786559.1	A	anno1.g12886.t1	A
rna-XM_056786564.1	A	anno1.both_agree_g26688.t1	A
rna-XM_056786176.1	A	anno1.g14675.t1	A
rna-XM_056786177.1	A	anno1.g7420.t1	A
rna-XM_056786115.1	A	anno1.g8373.t1	A
rna-XM_056786163.1	A	anno1.g1165.t1	A
rna-XM_056786165.1	A	anno1.g8657.t1	A
rna-XM_056785991.1	A	anno1.g8651.t1	A
rna-XM_056785995.1	A	anno1.g8034.t1	A
rna-XM_056785996.1	A	anno1.g8288.t1	A
rna-XM_056785997.1	A	anno1.g8287.t1	A
rna-XM_056785999.1	A	anno1.g13489.t1	A
rna-XM_056786003.1	A	anno1.g758.t1	A
rna-XM_056786001.1	A	anno1.g8285.t1	A
rna-XM_056786010.1	A	anno1.g7479.t1	A
rna-XM_056786009.1	A	anno1.g10875.t1	A
rna-XM_056786011.1	A	anno1.g709.t1	A
rna-XM_056786006.1	A	anno1.g710.t1	A
rna-XM_056786014.1	A	anno1.g55.t1	A
rna-XM_056786016.1	A	anno1.g56.t1	A
rna-XM_056786493.1	A	anno1.g57.t1	A
rna-XM_056786776.1	A	anno1.g3766.t1	A
rna-XM_056786782.1	A	anno1.g3764.t1	A
rna-XM_056786168.1	A	anno1.g12794.t1	A
rna-XM_056786824.1	A	anno1.g14580.t1	A
rna-XM_056786207.1	A	anno1.g12791.t1	A
rna-XM_056786629.1	A	anno1.g12792.t1	A
rna-XM_056786268.1	A	anno1.g7325.t1	A
rna-XM_056786187.1	A	anno1.g10290.t1	A
rna-XM_056786265.1	A	anno1.g2249.t1	A
rna-XM_056786046.1	A	anno1.g7486.t1	A
rna-XM_056785946.1	A	anno1.g7533.t1	A
rna-XM_056786093.1	A	anno1.g7535.t2	A
rna-XM_056786793.1	A	anno1.g7308.t1	A
rna-XM_056786025.1	A	anno1.g6214.t1	A
rna-XM_056786022.1	A	anno1.g7534.t1	A
rna-XM_056786021.1	A	anno1.g7310.t1	A
rna-XM_056786454.1	A	anno1.g3231.t1	A
rna-XM_056786453.1	A	anno1.g3232.t1	A
rna-XM_056786099.1	A	anno1.g4239.t1	A
rna-XM_056786717.1	A	anno1.g12023.t1	A
rna-XM_056786718.1	A	anno1.g12022.t1	A
rna-XM_056786573.1	A	anno1.g12026.t1	A
rna-XM_056786577.1	A	anno1.g12024.t1	A
rna-XM_056786568.1	A	anno1.g12025.t1	A
rna-XM_056786580.1	A	anno1.g12027.t1	A
rna-XM_056786642.1	A	anno1.g12028.t2	A
rna-XM_056786583.1	A	anno1.g5117.t1	A
rna-XM_056786584.1	A	anno1.g5118.t1	A
rna-XM_056786595.1	A	anno1.g4333.t1	A
rna-XM_056786596.1	A	anno1.g4332.t1	A
rna-XM_056786605.1	A	anno1.g4324.t1	A
rna-XM_056786599.1	A	anno1.g4325.t1	A
rna-XM_056786610.1	A	anno1.g4327.t1	A
rna-XM_056786649.1	A	anno1.g4328.t1	A
rna-XM_056786611.1	A	anno1.g4330.t1	A
rna-XM_056786607.1	A	anno1.g4331.t2	A
rna-XM_056786650.1	A	anno1.g6259.t1	A
rna-XM_056786420.1	A	anno1.g7826.t1	A
rna-XM_056786330.1	A	anno1.g6262.t2	A
rna-XM_056786234.1	A	anno1.g6264.t1	A
rna-XM_056786196.1	A	anno1.g6265.t2	A
rna-XM_056786303.1	A	anno1.g6268.t1	A
rna-XM_056786198.1	A	anno1.g11778.t1	A
rna-XM_056786200.1	A	anno1.g3968.t1	A
rna-XM_056786294.1	A	anno1.g3882.t1	A
rna-XM_056786797.1	A	anno1.g3880.t1	A
rna-XM_056786799.1	A	anno1.g3881.t1	A
rna-XM_056786800.1	A	anno1.g2656.t2	A
rna-XM_056786441.1	A	anno1.g2655.t1	A
rna-XM_056786655.1	A	anno1.g7892.t1	A
rna-XM_056786656.1	A	anno1.g6249.t1	A
rna-XM_056786090.1	A	anno1.g13969.t1	A
rna-XM_056786406.1	A	anno1.g13180.t1	A
rna-XM_056786018.1	A	anno1.g13179.t1	A
rna-XM_056786020.1	A	anno1.g13178.t1	A
rna-XM_056786180.1	A	anno1.g13176.t1	A
rna-XM_056786239.1	A	anno1.g13175.t1	A
rna-XM_056786662.1	A	anno1.g4951.t1	A
rna-XM_056786660.1	A	anno1.g4952.t1	A
rna-XM_056786710.1	A	anno1.g5619.t1	A
rna-XM_056786713.1	A	anno1.g10356.t1	A
rna-XM_056786716.1	A	anno1.g9810.t1	A
rna-XM_056786097.1	A	anno1.g13173.t1	A
rna-XM_056786414.1	A	anno1.g10404.t3	A
rna-XM_056785961.1	A	anno1.g10752.t1	A
rna-XM_056785962.1	A	anno1.g8206.t1	A
rna-XM_056786471.1	A	anno1.g8103.t4	A
rna-XM_056785987.1	A	anno1.g1578.t1	A
rna-XM_056785986.1	A	anno1.g972.t1	A
rna-XM_056785988.1	A	anno1.g973.t1	A
rna-XM_056786410.1	A	anno1.g1579.t1	A
rna-XM_056786189.1	A	anno1.g1569.t5	A
rna-XM_056785942.1	A	anno1.g912.t2	A
rna-XM_056786399.1	A	anno1.g914.t1	A
rna-XM_056786398.1	A	anno1.g8284.t1	A
rna-XM_056786218.1	A	anno1.g321.t1	A
rna-XM_056786219.1	A	anno1.g320.t1	A
rna-XM_056786217.1	A	anno1.g319.t1	A
rna-XM_056786224.1	A	anno1.g11807.t1	A
rna-XM_056786229.1	A	anno1.g1427.t1	A
rna-XM_056786227.1	A	anno1.g1428.t1	A
rna-XM_056786184.1	A	anno1.g11311.t1	A
rna-XM_056786296.1	A	anno1.g14789.t1	A
rna-XM_056786072.1	A	anno1.g12440.t1	A
rna-XM_056786158.1	A	anno1.g7004.t1	A
rna-XM_056786130.1	A	anno1.g12637.t2	A
rna-XM_056786133.1	A	anno1.g12639.t1	A
rna-XM_056786134.1	A	anno1.g12638.t1	A
rna-XM_056786136.1	A	anno1.g12640.t1	A
rna-XM_056786148.1	A	anno1.g12641.t1	A
rna-XM_056786139.1	A	anno1.g12645.t1	A
rna-XM_056786343.1	A	anno1.g1564.t1	A
rna-XM_056786345.1	A	anno1.g2337.t4	A
rna-XM_056786354.1	A	anno1.g2508.t1	A
rna-XM_056786348.1	A	anno1.g2507.t1	A
rna-XM_056786356.1	A	anno1.g3039.t1	A
rna-XM_056786358.1	A	anno1.g3247.t2	A
rna-XM_056786359.1	A	anno1.g5567.t1	A
rna-XM_056786364.1	A	anno1.g3246.t1	A
rna-XM_056786365.1	A	anno1.g7536.t1	A
rna-XM_056786366.1	A	anno1.g12221.t1	A
rna-XM_056786367.1	A	anno1.g4238.t1	A
rna-XM_056786368.1	A	anno1.g4291.t1	A
rna-XM_056786369.1	A	anno1.g4292.t2	A
rna-XM_056786372.1	A	anno1.g4240.t1	A
rna-XM_056786373.1	A	anno1.g4241.t1	A
rna-XM_056786374.1	A	anno1.g9557.t1	A
rna-XM_056786375.1	A	anno1.g5372.t1	A
rna-XM_056786377.1	A	anno1.g5371.t1	A
rna-XM_056786378.1	A	anno1.g12456.t1	A
rna-XM_056786379.1	A	anno1.g14290.t1	A
rna-XM_056786380.1	A	anno1.g14589.t1	A
rna-XM_056786381.1	A	anno1.g12901.t1	A
rna-XM_056786385.1	A	anno1.g14588.t1	A
rna-XM_056786386.1	A	anno1.g13220.t1	A
rna-XM_056786387.1	A	anno1.g13224.t1	A
rna-XM_056786389.1	A	anno1.g13227.t1	A
rna-XM_056786073.1	A	anno1.g13800.t1	A
rna-XM_056785966.1	A	anno1.g13839.t1	A
rna-XM_056786183.1	A	anno1.g13841.t1	A
rna-XM_056785982.1	A	anno1.g12580.t1	A
rna-XM_056786120.1	A	anno1.g13844.t1	A
rna-XM_056786434.1	A	anno1.g13236.t1	A
rna-XM_056786432.1	A	anno1.g13234.t1	A
rna-XM_056786421.1	A	anno1.g2418.t1	A
rna-XM_056786433.1	A	anno1.g1418.t1	A
rna-XM_056785968.1	A	anno1.g8765.t2	A
rna-XM_056786514.1	A	anno1.g5868.t1	A
rna-XM_056786682.1	A	anno1.g5860.t2	A
rna-XM_056786186.1	A	anno1.g13600.t1	A
rna-XM_056786079.1	A	anno1.g5901.t1	A
rna-XM_056786032.1	A	anno1.g6032.t1	A
rna-XM_056786685.1	A	anno1.g5869.t2	A
rna-XM_056786151.1	A	anno1.g13231.t1	A
rna-XM_056786153.1	A	anno1.g13232.t2	A
rna-XM_056786313.1	A	anno1.g11519.t4	A
rna-XM_056786319.1	A	anno1.g11520.t1	A
rna-XM_056786318.1	A	anno1.g7412.t1	A
rna-XM_056786474.1	A	anno1.g10612.t1	A
rna-XM_056786488.1	A	anno1.g10611.t1	A
rna-XM_056786231.1	A	anno1.g10610.t1	A
rna-XM_056786491.1	A	anno1.g2448.t1	A
rna-XM_056786161.1	A	anno1.g2457.t1	A
rna-XM_056786298.1	A	anno1.g2456.t1	A
rna-XM_056786720.1	A	anno1.g2455.t1	A
rna-XM_056786722.1	A	anno1.g11003.t1	A
rna-XM_056786215.1	A	anno1.g11004.t1	A
rna-XM_056786725.1	A	anno1.g10812.t2	A
rna-XM_056786723.1	A	anno1.g2372.t1	A
rna-XM_056786466.1	A	anno1.g2367.t1	A
rna-XM_056786467.1	A	anno1.g2662.t1	A
rna-XM_056786464.1	A	anno1.g2661.t1	A
rna-XM_056786468.1	A	anno1.g2660.t1	A
rna-XM_056786465.1	A	anno1.g2659.t1	A
rna-XM_056785971.1	A	anno1.g2365.t1	A
rna-XM_056786469.1	A	anno1.g2366.t1	A
rna-XM_056786667.1	A	anno1.g10571.t1	A
rna-XM_056786248.1	A	anno1.g10291.t1	A
rna-XM_056785975.1	A	anno1.g1117.t1	A
rna-XM_056786124.1	A	anno1.g1118.t1	A
rna-XM_056786448.1	A	anno1.g1119.t2	A
rna-XM_056786451.1	A	anno1.g10786.t1	A
rna-XM_056786286.1	A	anno1.g10785.t2	A
rna-XM_056786167.1	A	anno1.g1120.t1	A
rna-XM_056786443.1	A	anno1.g13835.t1	A
rna-XM_056786171.1	A	anno1.g1105.t1	A
rna-XM_056786173.1	A	anno1.g1456.t1	A
rna-XM_056786175.1	A	anno1.g547.t1	A
rna-XM_056786067.1	A	anno1.g12054.t1	A
rna-XM_056786068.1	A	anno1.g417.t1	A
rna-XM_056786178.1	A	anno1.g7799.t1	A
rna-XM_056786409.1	A	anno1.g11774.t2	A
rna-XM_056785977.1	A	anno1.g7979.t2	A
rna-XM_056786791.1	A	anno1.g14662.t1	A
rna-XM_056786790.1	A	anno1.g458.t1	A
rna-XM_056786159.1	A	anno1.g1208.t1	A
rna-XM_056786054.1	A	anno1.g7424.t1	A
rna-XM_056786044.1	A	anno1.g1189.t1	A
rna-XM_056786256.1	A	anno1.g1188.t1	A
rna-XM_056786260.1	A	anno1.g7870.t2	A
rna-XM_056786261.1	A	anno1.g12876.t1	A
rna-XM_056785978.1	A	anno1.g8645.t1	A
rna-XM_056786262.1	A	anno1.g4290.t1	A
rna-XM_056786263.1	A	anno1.g4293.t1	A
rna-XM_056786264.1	A	anno1.g5740.t1	A
rna-XM_056786232.1	A	anno1.g10122.t1	A
rna-XM_056786397.1	A	anno1.g2823.t1	A
rna-XM_056786727.1	A	anno1.g2822.t1	A
rna-XM_056786733.1	A	anno1.g2821.t1	A
rna-XM_056786166.1	A	anno1.g5469.t1	A
rna-XM_056786087.1	A	anno1.g5468.t1	A
rna-XM_056786740.1	A	anno1.g4131.t1	A
rna-XM_056786741.1	A	anno1.g3547.t2	A
rna-XM_056786744.1	A	anno1.g5470.t1	A
rna-XM_056786743.1	A	anno1.g12467.t1	A
rna-XM_056786747.1	A	anno1.g12517.t1	A
rna-XM_056786048.1	A	anno1.g13837.t1	A
rna-XM_056786050.1	A	anno1.g11110.t1	A
rna-XM_056786803.1	A	anno1.g10402.t1	A
rna-XM_056786804.1	A	anno1.g13272.t1	A
rna-XM_056786206.1	A	anno1.g11078.t1	A
rna-XM_056786288.1	A	anno1.g7746.t1	A
rna-XM_056786287.1	A	anno1.g2875.t1	A
rna-XM_056786281.1	A	anno1.g12268.t1	A
rna-XM_056786275.1	A	anno1.g10587.t1	A
rna-XM_056786283.1	A	anno1.g11085.t1	A
rna-XM_056786279.1	A	anno1.g11077.t1	A
rna-XM_056786278.1	A	anno1.g3593.t1	A
rna-XM_056786282.1	A	anno1.g11481.t1	A
rna-XM_056786290.1	A	anno1.g12143.t1	A
rna-XM_056786401.1	A	anno1.g13648.t2	A
rna-XM_056787512.1	A	anno1.g9482.t1	A
rna-XM_056787448.1	A	anno1.g1186.t1	A
rna-XM_056787447.1	A	anno1.g1185.t1	A
rna-XM_056787013.1	A	anno1.g1171.t3	A
rna-XM_056787346.1	A	anno1.g14608.t1	A
rna-XM_056786939.1	A	anno1.g2770.t1	A
rna-XM_056786940.1	A	anno1.g2769.t1	A
rna-XM_056787742.1	A	anno1.g9338.t1	A
rna-XM_056787034.1	A	anno1.g11993.t1	A
rna-XM_056787529.1	A	anno1.g766.t1	A
rna-XM_056786966.1	A	anno1.g10813.t2	A
rna-XM_056786967.1	A	anno1.g7790.t1	A
rna-XM_056788051.1	A	anno1.g7397.t3	A
rna-XM_056788057.1	A	anno1.g9336.t2	A
rna-XM_056787732.1	A	anno1.g11576.t1	A
rna-XM_056787673.1	A	anno1.g11577.t1	A
rna-XM_056787411.1	A	anno1.g11575.t1	A
rna-XM_056787005.1	A	anno1.g785.t1	A
rna-XM_056787008.1	A	anno1.g11573.t1	A
rna-XM_056787009.1	A	anno1.g10977.t1	A
rna-XM_056788010.1	A	anno1.g10958.t1	A
rna-XM_056787855.1	A	anno1.g10959.t1	A
rna-XM_056788007.1	A	anno1.g10960.t1	A
rna-XM_056787083.1	A	anno1.g10956.t1	A
rna-XM_056787966.1	A	anno1.g10957.t1	A
rna-XM_056787975.1	A	anno1.g10961.t1	A
rna-XM_056787797.1	A	anno1.g10976.t2	A
rna-XM_056787042.1	A	anno1.g7566.t1	A
rna-XM_056787450.1	A	anno1.g9919.t2	A
rna-XM_056787451.1	A	anno1.g7563.t1	A
rna-XM_056787461.1	A	anno1.g7553.t1	A
rna-XM_056787462.1	A	anno1.g3711.t1	A
rna-XM_056787464.1	A	anno1.g7545.t2	A
rna-XM_056787586.1	A	anno1.g7544.t1	A
rna-XM_056787588.1	A	anno1.g7546.t1	A
rna-XM_056787587.1	A	anno1.g7547.t1	A
rna-XM_056787273.1	A	anno1.g7548.t1	A
rna-XM_056787585.1	A	anno1.g7550.t1	A
rna-XM_056787983.1	A	anno1.g7542.t1	A
rna-XM_056787994.1	A	anno1.g7564.t1	A
rna-XM_056787985.1	A	anno1.g7560.t1	A
rna-XM_056787988.1	A	anno1.g7565.t1	A
rna-XM_056787987.1	A	anno1.g7562.t1	A
rna-XM_056787477.1	A	anno1.g4807.t1	A
rna-XM_056787012.1	A	anno1.g7552.t1	A
rna-XM_056787812.1	A	anno1.g7551.t1	A
rna-XM_056787815.1	A	anno1.g7890.t3	A
rna-XM_056787722.1	A	anno1.g781.t1	A
rna-XM_056787723.1	A	anno1.g782.t2	A
rna-XM_056787076.1	A	anno1.g773.t1	A
rna-XM_056787693.1	A	anno1.g7549.t1	A
rna-XM_056787011.1	A	anno1.g1009.t1	A
rna-XM_056787010.1	A	anno1.g9980.t1	A
rna-XM_056787133.1	A	anno1.g823.t1	A
rna-XM_056787135.1	A	anno1.g3562.t1	A
rna-XM_056787134.1	A	anno1.g10747.t1	A
rna-XM_056787948.1	A	anno1.g11886.t3	A
rna-XM_056787860.1	A	anno1.g7970.t1	A
rna-XM_056787957.1	A	anno1.g11887.t1	A
rna-XM_056787958.1	A	anno1.g11843.t1	A
rna-XM_056787516.1	A	anno1.g11250.t2	A
rna-XM_056787265.1	A	anno1.g14151.t1	A
rna-XM_056787701.1	A	anno1.g10869.t1	A
rna-XM_056787000.1	A	anno1.g10866.t1	A
rna-XM_056787862.1	A	anno1.g7405.t1	A
rna-XM_056787277.1	A	anno1.g7404.t1	A
rna-XM_056787850.1	A	anno1.g7403.t1	A
rna-XM_056787832.1	A	anno1.g7401.t1	A
rna-XM_056787530.1	A	anno1.g847.t2	A
rna-XM_056787519.1	A	anno1.g2391.t1	A
rna-XM_056787526.1	A	anno1.g5312.t2	A
rna-XM_056787589.1	A	anno1.g4225.t1	A
rna-XM_056787865.1	A	anno1.g3843.t1	A
rna-XM_056787267.1	A	anno1.g5576.t1	A
rna-XM_056787571.1	A	anno1.g5315.t1	A
rna-XM_056788155.1	A	anno1.g5317.t2	A
rna-XM_056788156.1	A	anno1.g3804.t1	A
rna-XM_056788152.1	A	anno1.g5311.t1	A
rna-XM_056788150.1	A	anno1.g5310.t1	A
rna-XM_056787037.1	A	anno1.g4083.t1	A
rna-XM_056786913.1	A	anno1.g4084.t1	A
rna-XM_056786998.1	A	anno1.g9951.t1	A
rna-XM_056786999.1	A	anno1.g13441.t1	A
rna-XM_056786975.1	A	anno1.g9950.t1	A
rna-XM_056786980.1	A	anno1.g6688.t1	A
rna-XM_056787792.1	A	anno1.g6270.t1	A
rna-XM_056787794.1	A	anno1.g6269.t1	A
rna-XM_056787796.1	A	anno1.g1487.t1	A
rna-XM_056787580.1	A	anno1.g10410.t1	A
rna-XM_056787535.1	A	anno1.g3959.t1	A
rna-XM_056787344.1	A	anno1.g3958.t1	A
rna-XM_056787343.1	A	anno1.g5876.t2	A
rna-XM_056787345.1	A	anno1.g10019.t1	A
rna-XM_056786973.1	A	anno1.g10020.t1	A
rna-XM_056787330.1	A	anno1.g6272.t1	A
rna-XM_056787517.1	A	anno1.g5542.t1	A
rna-XM_056787690.1	A	anno1.g13919.t1	A
rna-XM_056787706.1	A	anno1.g13871.t1	A
rna-XM_056787710.1	A	anno1.g13883.t1	A
rna-XM_056787768.1	A	anno1.g2537.t1	A
rna-XM_056787647.1	A	anno1.g12729.t1	A
rna-XM_056787644.1	A	anno1.g13884.t1	A
rna-XM_056787648.1	A	anno1.g13870.t2	A
rna-XM_056787646.1	A	anno1.g13212.t1	A
rna-XM_056787649.1	A	anno1.g13881.t1	A
rna-XM_056787650.1	A	anno1.g3676.t1	A
rna-XM_056787651.1	A	anno1.g12730.t1	A
rna-XM_056787652.1	A	anno1.g8873.t1	A
rna-XM_056787788.1	A	anno1.g5877.t2	A
rna-XM_056788061.1	A	anno1.g8876.t1	A
rna-XM_056788059.1	A	anno1.g8875.t1	A
rna-XM_056788066.1	A	anno1.g9457.t1	A
rna-XM_056788064.1	A	anno1.g9456.t1	A
rna-XM_056787598.1	A	anno1.g13091.t1	A
rna-XM_056787600.1	A	anno1.g13713.t1	A
rna-XM_056787601.1	A	anno1.g13087.t1	A
rna-XM_056787619.1	A	anno1.g14419.t1	A
rna-XM_056787872.1	A	anno1.g5383.t2	A
rna-XM_056787559.1	A	anno1.g10946.t1	A
rna-XM_056787671.1	A	anno1.g5960.t1	A
rna-XM_056787110.1	A	anno1.g9009.t1	A
rna-XM_056787261.1	A	anno1.g5064.t1	A
rna-XM_056787262.1	A	anno1.g2859.t1	A
rna-XM_056787260.1	A	anno1.g2863.t1	A
rna-XM_056787278.1	A	anno1.g13250.t1	A
rna-XM_056787698.1	A	anno1.g566.t1	A
rna-XM_056787699.1	A	anno1.g12349.t1	A
rna-XM_056786963.1	A	anno1.g12351.t3	A
rna-XM_056787402.1	A	anno1.g13305.t1	A
rna-XM_056787407.1	A	anno1.g7023.t1	A
rna-XM_056787404.1	A	anno1.g7024.t2	A
rna-XM_056787318.1	A	anno1.g7025.t1	A
rna-XM_056787319.1	A	anno1.g6740.t1	A
rna-XM_056787322.1	A	anno1.g6737.t3	A
rna-XM_056787321.1	A	anno1.g6738.t1	A
rna-XM_056787752.1	A	anno1.g6733.t1	A
rna-XM_056787718.1	A	anno1.g6735.t1	A
rna-XM_056787720.1	A	anno1.g3979.t1	A
rna-XM_056786914.1	A	anno1.g6736.t1	A
rna-XM_056787143.1	A	anno1.g6741.t1	A
rna-XM_056787145.1	A	anno1.g6745.t1	A
rna-XM_056787151.1	A	anno1.g11677.t2	A
rna-XM_056787152.1	A	anno1.g2841.t1	A
rna-XM_056787148.1	A	anno1.g2840.t1	A
rna-XM_056787160.1	A	anno1.g11580.t1	A
rna-XM_056787166.1	A	anno1.g11572.t2	A
rna-XM_056787153.1	A	anno1.g7020.t1	A
rna-XM_056787164.1	A	anno1.g4172.t2	A
rna-XM_056787154.1	A	anno1.g13912.t1	A
rna-XM_056787157.1	A	anno1.g4173.t1	A
rna-XM_056787165.1	A	anno1.g1210.t1	A
rna-XM_056787167.1	A	anno1.g6271.t1	A
rna-XM_056787168.1	A	anno1.g4171.t1	A
rna-XM_056787170.1	A	anno1.g4357.t1	A
rna-XM_056787188.1	A	anno1.g4354.t1	A
rna-XM_056787183.1	A	anno1.g4353.t1	A
rna-XM_056787192.1	A	anno1.g4352.t1	A
rna-XM_056787193.1	A	anno1.g9908.t2	A
rna-XM_056787879.1	A	anno1.g4376.t2	A
rna-XM_056787197.1	A	anno1.g2318.t1	A
rna-XM_056787194.1	A	anno1.g2317.t2	A
rna-XM_056787196.1	A	anno1.g2319.t1	A
rna-XM_056787199.1	A	anno1.g3889.t1	A
rna-XM_056787201.1	A	anno1.g7484.t1	A
rna-XM_056787205.1	A	anno1.g2320.t1	A
rna-XM_056787206.1	A	anno1.g2315.t1	A
rna-XM_056787209.1	A	anno1.g7283.t1	A
rna-XM_056787204.1	A	anno1.g7018.t1	A
rna-XM_056787210.1	A	anno1.g4826.t1	A
rna-XM_056787208.1	A	anno1.g4825.t1	A
rna-XM_056787212.1	A	anno1.g7267.t1	A
rna-XM_056787217.1	A	anno1.g7012.t1	A
rna-XM_056787211.1	A	anno1.g7013.t1	A
rna-XM_056787218.1	A	anno1.g1723.t1	X
rna-XM_056787220.1	A	anno1.g7014.t1	A
rna-XM_056787219.1	A	anno1.g7016.t1	A
rna-XM_056787223.1	A	anno1.g4827.t1	A
rna-XM_056787225.1	A	anno1.g4828.t1	A
rna-XM_056787226.1	A	anno1.g4372.t1	A
rna-XM_056787228.1	A	anno1.g4829.t3	A
rna-XM_056787231.1	A	anno1.g4373.t1	A
rna-XM_056787232.1	A	anno1.g11584.t2	A
rna-XM_056787234.1	A	anno1.g11582.t1	A
rna-XM_056787233.1	A	anno1.g11583.t2	A
rna-XM_056787237.1	A	anno1.g2864.t1	A
rna-XM_056787239.1	A	anno1.g2865.t1	A
rna-XM_056787242.1	A	anno1.g2869.t2	A
rna-XM_056787240.1	A	anno1.g2867.t2	A
rna-XM_056787243.1	A	anno1.g2870.t1	A
rna-XM_056787251.1	A	anno1.g2478.t1	A
rna-XM_056787253.1	A	anno1.g2483.t1	A
rna-XM_056787254.1	A	anno1.g2484.t2	A
rna-XM_056787248.1	A	anno1.g2485.t1	A
rna-XM_056787702.1	A	anno1.g11571.t2	A
rna-XM_056786989.1	A	anno1.g3932.t1	A
rna-XM_056787079.1	A	anno1.g3926.t1	A
rna-XM_056787077.1	A	anno1.g11259.t1	A
rna-XM_056787749.1	A	anno1.g9649.t1	A
rna-XM_056788138.1	A	anno1.g9070.t1	A
rna-XM_056788143.1	A	anno1.g9069.t2	A
rna-XM_056788139.1	A	anno1.g9503.t3	A
rna-XM_056788116.1	A	anno1.g8752.t10	A
rna-XM_056788122.1	A	anno1.g6821.t2	A
rna-XM_056788144.1	A	anno1.g9156.t1	A
rna-XM_056787717.1	A	anno1.g2292.t1	A
rna-XM_056787880.1	A	anno1.g9244.t1	A
rna-XM_056786988.1	A	anno1.g1388.t1	A
rna-XM_056786986.1	A	anno1.g7113.t1	A
rna-XM_056787388.1	A	anno1.g7115.t1	A
rna-XM_056787594.1	A	anno1.g11226.t1	A
rna-XM_056787663.1	A	anno1.g10670.t1	A
rna-XM_056786964.1	A	anno1.g8501.t1	A
rna-XM_056786923.1	A	anno1.g12533.t1	A
rna-XM_056786924.1	A	anno1.g8915.t2	A
rna-XM_056788161.1	A	anno1.g13691.t1	A
rna-XM_056788163.1	A	anno1.g7156.t1	A
rna-XM_056788164.1	A	anno1.g9790.t1	A
rna-XM_056788165.1	A	anno1.g4336.t1	A
rna-XM_056788168.1	A	anno1.g7944.t1	A
rna-XM_056788167.1	A	anno1.g5430.t1	A
rna-XM_056787976.1	A	anno1.g3298.t1	A
rna-XM_056787978.1	A	anno1.g9243.t1	A
rna-XM_056787979.1	A	anno1.g2497.t1	A
rna-XM_056787980.1	A	anno1.g4105.t1	A
rna-XM_056787611.1	A	anno1.g4229.t1	A
rna-XM_056788044.1	A	anno1.g13238.t1	A
rna-XM_056788041.1	A	anno1.g461.t2	A
rna-XM_056787548.1	A	anno1.g2907.t1	A
rna-XM_056787549.1	A	anno1.g2803.t2	A
rna-XM_056787736.1	A	anno1.g9615.t1	A
rna-XM_056787335.1	A	anno1.g9614.t2	A
rna-XM_056786833.1	A	anno1.g8264.t2	A
rna-XM_056786832.1	A	anno1.g3995.t1	A
rna-XM_056787643.1	A	anno1.g8841.t1	A
rna-XM_056787341.1	A	anno1.g11828.t1	A
rna-XM_056787822.1	A	anno1.g8769.t1	A
rna-XM_056787602.1	A	anno1.g161.t1	A
rna-XM_056787681.1	A	anno1.g10994.t2	A
rna-XM_056787140.1	A	anno1.g10847.t1	A
rna-XM_056787139.1	A	anno1.g3549.t1	A
rna-XM_056787269.1	A	anno1.g11223.t1	A
rna-XM_056787085.1	A	anno1.g12635.t1	A
rna-XM_056787885.1	A	anno1.g11544.t1	A
rna-XM_056788086.1	A	anno1.g8649.t1	A
rna-XM_056788087.1	A	anno1.g8648.t1	A
rna-XM_056788088.1	A	anno1.g6372.t1	A
rna-XM_056788090.1	A	anno1.g2127.t2	X
rna-XM_056787785.1	A	anno1.g6371.t1	A
rna-XM_056787627.1	A	anno1.g5769.t1	A
rna-XM_056787626.1	A	anno1.g4566.t1	A
rna-XM_056787630.1	A	anno1.g6411.t2	A
rna-XM_056787629.1	A	anno1.g6410.t1	A
rna-XM_056787634.1	A	anno1.g14683.t1	A
rna-XM_056787636.1	A	anno1.g14689.t1	A
rna-XM_056787639.1	A	anno1.g11424.t1	A
rna-XM_056788081.1	A	anno1.g9083.t1	A
rna-XM_056788085.1	A	anno1.g9084.t1	A
rna-XM_056787680.1	A	anno1.g9085.t1	A
rna-XM_056787677.1	A	anno1.g14520.t1	A
rna-XM_056787675.1	A	anno1.g11501.t1	A
rna-XM_056787382.1	A	anno1.g1250.t2	A
rna-XM_056787395.1	A	anno1.g6376.t1	A
rna-XM_056787394.1	A	anno1.g1379.t1	A
rna-XM_056787392.1	A	anno1.g4493.t1	A
rna-XM_056787393.1	A	anno1.g8361.t1	A
rna-XM_056787396.1	A	anno1.g7339.t1	A
rna-XM_056787760.1	A	anno1.g1345.t2	A
rna-XM_056787761.1	A	anno1.g13183.t1	A
rna-XM_056787564.1	A	anno1.g13809.t1	A
rna-XM_056787413.1	A	anno1.g4545.t1	A
rna-XM_056787416.1	A	anno1.g14565.t1	A
rna-XM_056787418.1	A	anno1.g4547.t1	A
rna-XM_056787420.1	A	anno1.g4548.t1	A
rna-XM_056787426.1	A	anno1.g14161.t1	A
rna-XM_056787424.1	A	anno1.g4549.t2	A
rna-XM_056787428.1	A	anno1.g7828.t2	A
rna-XM_056787431.1	A	anno1.g7134.t1	A
rna-XM_056787430.1	A	anno1.g7531.t1	A
rna-XM_056787434.1	A	anno1.g11798.t1	A
rna-XM_056787433.1	A	anno1.g13181.t1	A
rna-XM_056787435.1	A	anno1.g3010.t1	A
rna-XM_056787439.1	A	anno1.g12526.t1	A
rna-XM_056787443.1	A	anno1.g12198.t1	A
rna-XM_056787305.1	A	anno1.g2273.t1	A
rna-XM_056787308.1	A	anno1.g11442.t1	A
rna-XM_056786965.1	A	anno1.g12228.t1	A
rna-XM_056787737.1	A	anno1.g3301.t2	A
rna-XM_056787746.1	A	anno1.g8569.t1	A
rna-XM_056787779.1	A	anno1.g2676.t1	A
rna-XM_056787889.1	A	anno1.g11569.t1	A
rna-XM_056787733.1	A	anno1.g11931.t1	A
rna-XM_056787553.1	A	anno1.g11691.t1	A
rna-XM_056787557.1	A	anno1.g7857.t2	A
rna-XM_056787284.1	A	anno1.g3450.t2	A
rna-XM_056787279.1	A	anno1.g3318.t2	A
rna-XM_056787286.1	A	anno1.g1116.t2	A
rna-XM_056787289.1	A	anno1.g8968.t1	A
rna-XM_056787297.1	A	anno1.g11232.t2	A
rna-XM_056787298.1	A	anno1.g10370.t1	A
rna-XM_056787036.1	A	anno1.g7973.t1	A
rna-XM_056787537.1	A	anno1.g7155.t1	A
rna-XM_056787538.1	A	anno1.g4443.t1	A
rna-XM_056787539.1	A	anno1.g4444.t1	A
rna-XM_056787691.1	A	anno1.g5804.t2	A
rna-XM_056787692.1	A	anno1.g5803.t1	A
rna-XM_056787725.1	A	anno1.g5831.t1	A
rna-XM_056787729.1	A	anno1.g11211.t1	A
rna-XM_056787782.1	A	anno1.g2268.t1	A
rna-XM_056787014.1	A	anno1.g12478.t1	A
rna-XM_056788011.1	A	anno1.g8292.t5	A
rna-XM_056787824.1	A	anno1.g5717.t1	A
rna-XM_056786834.1	A	anno1.g7092.t1	A
rna-XM_056787890.1	A	anno1.g11031.t2	A
rna-XM_056788045.1	A	anno1.g11216.t1	A
rna-XM_056787040.1	A	anno1.g5859.t1	A
rna-XM_056787655.1	A	anno1.g986.t1	A
rna-XM_056787657.1	A	anno1.g12477.t1	A
rna-XM_056787119.1	A	anno1.g526.t1	A
rna-XM_056787892.1	A	anno1.g531.t1	A
rna-XM_056786941.1	A	anno1.g9623.t1	A
rna-XM_056786942.1	A	anno1.g6648.t1	A
rna-XM_056786944.1	A	anno1.g14621.t1	A
rna-XM_056786918.1	A	anno1.g14626.t1	A
rna-XM_056787043.1	A	anno1.g12489.t1	A
rna-XM_056787046.1	A	anno1.g6646.t1	A
rna-XM_056787050.1	A	anno1.g1445.t1	A
rna-XM_056787052.1	A	anno1.g9622.t1	A
rna-XM_056787054.1	A	anno1.g1314.t1	A
rna-XM_056787060.1	A	anno1.g7768.t1	A
rna-XM_056787064.1	A	anno1.g5627.t1	A
rna-XM_056787067.1	A	anno1.g5630.t1	A
rna-XM_056787070.1	A	anno1.g13082.t1	A
rna-XM_056787072.1	A	anno1.g8709.t1	A
rna-XM_056786933.1	A	anno1.g14788.t2	A
rna-XM_056786930.1	A	anno1.g10781.t1	A
rna-XM_056787118.1	A	anno1.g11355.t1	A
rna-XM_056787534.1	A	anno1.g3542.t1	A
rna-XM_056787511.1	A	anno1.g7309.t1	A
rna-XM_056787897.1	A	anno1.g10251.t1	A
rna-XM_056787299.1	A	anno1.g13709.t1	A
rna-XM_056787898.1	A	anno1.g7418.t1	A
rna-XM_056787570.1	A	anno1.g3887.t1	A
rna-XM_056787605.1	A	anno1.g13986.t1	A
rna-XM_056787604.1	A	anno1.g13985.t1	A
rna-XM_056787603.1	A	anno1.g3876.t1	A
rna-XM_056787606.1	A	anno1.g3875.t1	A
rna-XM_056787566.1	A	anno1.g10187.t1	A
rna-XM_056788160.1	A	anno1.g13710.t1	A
rna-XM_056788158.1	A	anno1.g2253.t1	A
rna-XM_056787124.1	A	anno1.g10250.t1	A
rna-XM_056787791.1	A	anno1.g12595.t1	A
rna-XM_056787790.1	A	anno1.g2932.t1	A
rna-XM_056787778.1	A	anno1.g4739.t2	A
rna-XM_056786925.1	A	anno1.g3544.t1	A
rna-XM_056786926.1	A	anno1.g9915.t2	A
rna-XM_056787015.1	A	anno1.g13988.t1	A
rna-XM_056787676.1	A	anno1.g10111.t1	A
rna-XM_056787899.1	A	anno1.g14536.t1	A
rna-XM_056788070.1	A	anno1.g7352.t1	A
rna-XM_056787568.1	A	anno1.g9222.t1	A
rna-XM_056786991.1	A	anno1.g13194.t1	A
rna-XM_056787350.1	A	anno1.g13991.t2	A
rna-XM_056787904.1	A	anno1.g13993.t1	A
rna-XM_056787836.1	A	anno1.g13996.t1	A
rna-XM_056787839.1	A	anno1.g13983.t2	A
rna-XM_056787905.1	A	anno1.g13981.t1	A
rna-XM_056787025.1	A	anno1.g13980.t1	A
rna-XM_056787026.1	A	anno1.g13195.t1	A
rna-XM_056787028.1	A	anno1.g2467.t1	A
rna-XM_056787033.1	A	anno1.g2465.t1	A
rna-XM_056787608.1	A	anno1.g8961.t1	A
rna-XM_056788157.1	A	anno1.g8951.t1	A
rna-XM_056788040.1	A	anno1.g11356.t1	A
rna-XM_056788032.1	A	anno1.g9257.t3	A
rna-XM_056787621.1	A	anno1.g9251.t1	A
rna-XM_056787410.1	A	anno1.g1211.t1	A
rna-XM_056787552.1	A	anno1.g9265.t1	A
rna-XM_056787614.1	A	anno1.g8972.t2	A
rna-XM_056787747.1	A	anno1.both_agree_g14676.t1	A
rna-XM_056788075.1	A	anno1.g11421.t1	A
rna-XM_056788074.1	A	anno1.g11728.t1	A
rna-XM_056787391.1	A	anno1.g9011.t1	A
rna-XM_056787389.1	A	anno1.g9703.t1	A
rna-XM_056787700.1	A	anno1.g9702.t1	A
rna-XM_056787771.1	A	anno1.g8013.t1	A
rna-XM_056787399.1	A	anno1.g9017.t1	A
rna-XM_056787086.1	A	anno1.g6154.t2	A
rna-XM_056787096.1	A	anno1.g76.t1	A
rna-XM_056787743.1	A	anno1.g6144.t1	A
rna-XM_056787641.1	A	anno1.g8566.t1	A
rna-XM_056787738.1	A	anno1.g14445.t2	A
rna-XM_056787741.1	A	anno1.g12267.t1	A
rna-XM_056787496.1	A	anno1.g6166.t2	A
rna-XM_056787509.1	A	anno1.g6169.t1	A
rna-XM_056787502.1	A	anno1.g6168.t1	A
rna-XM_056787667.1	A	anno1.g10911.t1	A
rna-XM_056787668.1	A	anno1.g512.t1	A
rna-XM_056786962.1	A	anno1.g469.t1	A
rna-XM_056786948.1	A	anno1.g466.t2	A
rna-XM_056788001.1	A	anno1.g3830.t1	A
rna-XM_056788003.1	A	anno1.g4214.t2	A
rna-XM_056788013.1	A	anno1.g2561.t1	A
rna-XM_056788015.1	A	anno1.g2562.t1	A
rna-XM_056788017.1	A	anno1.g2563.t1	A
rna-XM_056788014.1	A	anno1.g9825.t1	A
rna-XM_056786921.1	A	anno1.g11535.t2	A
rna-XM_056787751.1	A	anno1.g13323.t1	A
rna-XM_056787412.1	A	anno1.g7483.t1	A
rna-XM_056787325.1	A	anno1.g7481.t1	A
rna-XM_056787328.1	A	anno1.g13319.t1	A
rna-XM_056787670.1	A	anno1.g7480.t1	A
rna-XM_056788148.1	A	anno1.g7380.t2	A
rna-XM_056788149.1	A	anno1.g1457.t1	A
rna-XM_056787784.1	A	anno1.g188.t2	A
rna-XM_056787314.1	A	anno1.g12210.t2	A
rna-XM_056787310.1	A	anno1.g8703.t1	A
rna-XM_056787316.1	A	anno1.g7820.t2	A
rna-XM_056787781.1	A	anno1.g9150.t1	A
rna-XM_056787916.1	A	anno1.g9427.t1	A
rna-XM_056788025.1	A	anno1.g3217.t1	A
rna-XM_056788029.1	A	anno1.g3552.t4	A
rna-XM_056788030.1	A	anno1.g12889.t1	A
rna-XM_056788027.1	A	anno1.g6229.t2	A
rna-XM_056787490.1	A	anno1.g12446.t1	A
rna-XM_056787493.1	A	anno1.g8795.t1	A
rna-XM_056787532.1	A	anno1.g4747.t1	A
rna-XM_056788114.1	A	anno1.g9246.t1	A
rna-XM_056788115.1	A	anno1.g9247.t2	A
rna-XM_056787581.1	A	anno1.g12064.t1	A
rna-XM_056787583.1	A	anno1.g14204.t1	A
rna-XM_056787917.1	A	anno1.g12396.t1	A
rna-XM_056787584.1	A	anno1.g3200.t1	A
rna-XM_056787558.1	A	anno1.g3069.t1	A
rna-XM_056787804.1	A	anno1.g3071.t1	A
rna-XM_056787802.1	A	anno1.g3074.t1	A
rna-XM_056787803.1	A	anno1.g3009.t1	A
rna-XM_056787806.1	A	anno1.g5969.t1	A
rna-XM_056787809.1	A	anno1.g5964.t1	A
rna-XM_056788071.1	A	anno1.g10315.t3	A
rna-XM_056788072.1	A	anno1.g10708.t1	A
rna-XM_056786936.1	A	anno1.g2891.t1	A
rna-XM_056786937.1	A	anno1.g10310.t1	A
rna-XM_056786938.1	A	anno1.g10309.t1	A
rna-XM_056787478.1	A	anno1.g4810.t1	A
rna-XM_056786895.1	A	anno1.g4804.t1	A
rna-XM_056786896.1	A	anno1.g4803.t1	A
rna-XM_056786892.1	A	anno1.g4809.t2	A
rna-XM_056786897.1	A	anno1.g4808.t2	A
rna-XM_056786899.1	A	anno1.g9279.t1	A
rna-XM_056786901.1	A	anno1.g13641.t1	A
rna-XM_056786902.1	A	anno1.g9158.t1	A
rna-XM_056786904.1	A	anno1.g9157.t1	A
rna-XM_056786905.1	A	anno1.g9159.t2	A
rna-XM_056786906.1	A	anno1.g9161.t2	A
rna-XM_056786909.1	A	anno1.g2048.t1	X
rna-XM_056786911.1	A	anno1.g13484.t1	A
rna-XM_056786912.1	A	anno1.g13483.t1	A
rna-XM_056787935.1	A	anno1.g7744.t1	A
rna-XM_056787920.1	A	anno1.g2740.t1	A
rna-XM_056787933.1	A	anno1.g2743.t1	A
rna-XM_056787928.1	A	anno1.g3629.t1	A
rna-XM_056787942.1	A	anno1.g9983.t1	A
rna-XM_056787937.1	A	anno1.g9337.t1	A
rna-XM_056787943.1	A	anno1.g7798.t1	A
rna-XM_056787936.1	A	anno1.g444.t1	A
rna-XM_056787929.1	A	anno1.g4775.t2	A
rna-XM_056788108.1	A	anno1.g13565.t1	A
rna-XM_056787766.1	A	anno1.g5701.t1	A
rna-XM_056787947.1	A	anno1.g1399.t1	A
rna-XM_056787959.1	A	anno1.g4873.t1	A
rna-XM_056787445.1	A	anno1.g14049.t1	A
rna-XM_056786846.1	A	anno1.g11772.t1	A
rna-XM_056787551.1	A	anno1.g2386.t1	A
rna-XM_056786872.1	A	anno1.g3720.t1	A
rna-XM_056786877.1	A	anno1.g13895.t1	A
rna-XM_056786882.1	A	anno1.g5736.t1	A
rna-XM_056789001.1	A	anno1.g2595.t1	A
rna-XM_056789004.1	A	anno1.g2638.t1	A
rna-XM_056788252.1	A	anno1.g14472.t1	X
rna-XM_056788271.1	A	anno1.g2639.t1	A
rna-XM_056788283.1	A	anno1.g697.t1	A
rna-XM_056788256.1	A	anno1.g694.t2	A
rna-XM_056788268.1	A	anno1.g7704.t1	A
rna-XM_056788265.1	A	anno1.g693.t4	A
rna-XM_056788545.1	A	anno1.g2658.t1	A
rna-XM_056788358.1	A	anno1.g2356.t1	A
rna-XM_056788356.1	A	anno1.g4977.t1	A
rna-XM_056788500.1	A	anno1.g12706.t1	A
rna-XM_056788767.1	A	anno1.g9223.t1	A
rna-XM_056788330.1	A	anno1.g5611.t1	A
rna-XM_056788508.1	A	anno1.g5612.t1	A
rna-XM_056788768.1	A	anno1.g5613.t1	A
rna-XM_056788344.1	A	anno1.g5608.t1	A
rna-XM_056788399.1	A	anno1.g12753.t2	A
rna-XM_056788403.1	A	anno1.g12752.t1	A
rna-XM_056788360.1	A	anno1.g12751.t1	A
rna-XM_056788362.1	A	anno1.g12755.t2	A
rna-XM_056788389.1	A	anno1.g12717.t1	A
rna-XM_056788395.1	A	anno1.g10336.t1	A
rna-XM_056788499.1	A	anno1.g10671.t1	A
rna-XM_056788589.1	A	anno1.g10646.t1	A
rna-XM_056788664.1	A	anno1.g11041.t1	A
rna-XM_056788677.1	A	anno1.g7793.t1	A
rna-XM_056788678.1	A	anno1.g3289.t1	A
rna-XM_056788680.1	A	anno1.g715.t2	A
rna-XM_056788681.1	A	anno1.g8958.t1	A
rna-XM_056788299.1	A	anno1.g1221.t3	A
rna-XM_056788674.1	A	anno1.g8957.t1	A
rna-XM_056788381.1	A	anno1.g8955.t1	A
rna-XM_056788297.1	A	anno1.g1218.t1	A
rna-XM_056788667.1	A	anno1.g8960.t2	A
rna-XM_056788411.1	A	anno1.g8729.t1	A
rna-XM_056788869.1	A	anno1.g14255.t1	A
rna-XM_056788871.1	A	anno1.g11253.t1	A
rna-XM_056788861.1	A	anno1.g3065.t1	A
rna-XM_056788872.1	A	anno1.g2613.t1	A
rna-XM_056788874.1	A	anno1.g2557.t2	A
rna-XM_056788876.1	A	anno1.g10189.t1	A
rna-XM_056788873.1	A	anno1.g1236.t1	A
rna-XM_056788407.1	A	anno1.g1234.t1	A
rna-XM_056788410.1	A	anno1.g1235.t1	A
rna-XM_056788675.1	A	anno1.g478.t1	A
rna-XM_056788338.1	A	anno1.g2459.t1	A
rna-XM_056788353.1	A	anno1.g447.t1	A
rna-XM_056788296.1	A	anno1.g5917.t1	A
rna-XM_056788328.1	A	anno1.g14143.t1	A
rna-XM_056788897.1	A	anno1.g9511.t1	A
rna-XM_056788898.1	A	anno1.g8959.t1	A
rna-XM_056788899.1	A	anno1.g10409.t1	A
rna-XM_056788900.1	A	anno1.g10408.t1	A
rna-XM_056788348.1	A	anno1.g10407.t1	A
rna-XM_056788350.1	A	anno1.g11493.t2	A
rna-XM_056789006.1	A	anno1.g13808.t1	A
rna-XM_056789008.1	A	anno1.g9193.t1	A
rna-XM_056789009.1	A	anno1.g13196.t1	A
rna-XM_056788306.1	A	anno1.g13968.t1	A
rna-XM_056788826.1	A	anno1.g13811.t1	A
rna-XM_056788824.1	A	anno1.g14293.t1	A
rna-XM_056788823.1	A	anno1.g4857.t1	A
rna-XM_056788831.1	A	anno1.g11851.t1	A
rna-XM_056788830.1	A	anno1.g11861.t1	A
rna-XM_056788833.1	A	anno1.g5714.t1	A
rna-XM_056788827.1	A	anno1.g13962.t1	A
rna-XM_056788303.1	A	anno1.g12318.t1	A
rna-XM_056788302.1	A	anno1.g12319.t1	A
rna-XM_056788556.1	A	anno1.g3454.t1	A
rna-XM_056788725.1	A	anno1.g3453.t1	A
rna-XM_056788724.1	A	anno1.g13341.t1	A
rna-XM_056788726.1	A	anno1.g13342.t1	A
rna-XM_056788732.1	A	anno1.g13193.t1	A
rna-XM_056788844.1	A	anno1.g13208.t1	A
rna-XM_056788854.1	A	anno1.g5385.t1	A
rna-XM_056788849.1	A	anno1.g3176.t1	A
rna-XM_056788851.1	A	anno1.g3175.t1	A
rna-XM_056788856.1	A	anno1.g2405.t1	A
rna-XM_056788770.1	A	anno1.g5588.t2	A
rna-XM_056788340.1	A	anno1.g9397.t1	A
rna-XM_056788771.1	A	anno1.g12762.t1	A
rna-XM_056788685.1	A	anno1.g12760.t1	A
rna-XM_056788370.1	A	anno1.g4987.t1	A
rna-XM_056788744.1	A	anno1.g4989.t1	A
rna-XM_056788743.1	A	anno1.g4639.t1	A
rna-XM_056788735.1	A	anno1.g13022.t1	A
rna-XM_056788741.1	A	anno1.g13021.t1	A
rna-XM_056788736.1	A	anno1.g4520.t1	A
rna-XM_056788745.1	A	anno1.g5051.t2	A
rna-XM_056788738.1	A	anno1.g9173.t1	A
rna-XM_056788333.1	A	anno1.g6923.t1	A
rna-XM_056788749.1	A	anno1.g4425.t1	A
rna-XM_056788759.1	A	anno1.g4424.t1	A
rna-XM_056788694.1	A	anno1.g6918.t1	A
rna-XM_056788687.1	A	anno1.g6921.t1	A
rna-XM_056788695.1	A	anno1.g6922.t2	A
rna-XM_056788699.1	A	anno1.g6390.t1	A
rna-XM_056788706.1	A	anno1.g6928.t1	A
rna-XM_056789010.1	A	anno1.g6929.t1	A
rna-XM_056789012.1	A	anno1.g13946.t1	A
rna-XM_056788896.1	A	anno1.g5546.t1	A
rna-XM_056788891.1	A	anno1.g13292.t2	A
rna-XM_056788895.1	A	anno1.g13942.t1	A
rna-XM_056788185.1	A	anno1.g13293.t7	A
rna-XM_056788194.1	A	anno1.g13736.t2	A
rna-XM_056788858.1	A	anno1.g13739.t2	A
rna-XM_056788314.1	A	anno1.g13270.t1	A
rna-XM_056788318.1	A	anno1.g1347.t1	A
rna-XM_056788184.1	A	anno1.g13269.t1	A
rna-XM_056788183.1	A	anno1.g9348.t1	A
rna-XM_056788288.1	A	anno1.g13267.t1	A
rna-XM_056788326.1	A	anno1.g13268.t1	A
rna-XM_056788772.1	A	anno1.g2314.t2	A
rna-XM_056788773.1	A	anno1.g3040.t1	A
rna-XM_056788774.1	A	anno1.g3041.t1	A
rna-XM_056788553.1	A	anno1.g12716.t2	A
rna-XM_056788913.1	A	anno1.g3379.t1	A
rna-XM_056788396.1	A	anno1.g3380.t1	A
rna-XM_056788397.1	A	anno1.g9612.t1	A
rna-XM_056788327.1	A	anno1.g9611.t1	A
rna-XM_056789021.1	A	anno1.g12754.t1	A
rna-XM_056789020.1	A	anno1.g6085.t1	A
rna-XM_056789015.1	A	anno1.g12750.t1	A
rna-XM_056789022.1	A	anno1.g11969.t1	A
rna-XM_056789013.1	A	anno1.g11970.t2	A
rna-XM_056788775.1	A	anno1.g11855.t1	A
rna-XM_056788924.1	A	anno1.g11856.t1	A
rna-XM_056788937.1	A	anno1.g11857.t3	A
rna-XM_056788949.1	A	anno1.g13254.t1	A
rna-XM_056788599.1	A	anno1.g10263.t1	A
rna-XM_056788596.1	A	anno1.g10580.t1	A
rna-XM_056788594.1	A	anno1.g10586.t1	A
rna-XM_056788600.1	A	anno1.g10581.t1	A
rna-XM_056788601.1	A	anno1.g10589.t1	A
rna-XM_056788603.1	A	anno1.g10265.t1	A
rna-XM_056788604.1	A	anno1.g2309.t1	A
rna-XM_056788608.1	A	anno1.g10268.t1	A
rna-XM_056788613.1	A	anno1.g4505.t1	A
rna-XM_056788615.1	A	anno1.g4501.t2	A
rna-XM_056788617.1	A	anno1.g4436.t1	A
rna-XM_056788619.1	A	anno1.g2510.t1	A
rna-XM_056788621.1	A	anno1.g14385.t1	A
rna-XM_056788620.1	A	anno1.g4975.t1	A
rna-XM_056788623.1	A	anno1.g13509.t1	A
rna-XM_056788626.1	A	anno1.g13510.t1	A
rna-XM_056788778.1	A	anno1.g13528.t1	A
rna-XM_056788627.1	A	anno1.g13524.t1	A
rna-XM_056788781.1	A	anno1.g13523.t1	A
rna-XM_056788628.1	A	anno1.g13546.t1	A
rna-XM_056788634.1	A	anno1.g13520.t1	A
rna-XM_056788635.1	A	anno1.g13545.t1	A
rna-XM_056788782.1	A	anno1.g13514.t1	A
rna-XM_056788637.1	A	anno1.g13536.t1	A
rna-XM_056788640.1	A	anno1.g13537.t1	A
rna-XM_056788783.1	A	anno1.g13513.t1	A
rna-XM_056788638.1	A	anno1.g13547.t1	A
rna-XM_056788644.1	A	anno1.g9082.t1	A
rna-XM_056788647.1	A	anno1.g9081.t1	A
rna-XM_056788646.1	A	anno1.g13429.t1	A
rna-XM_056788648.1	A	anno1.g13430.t1	A
rna-XM_056788651.1	A	anno1.g6252.t1	A
rna-XM_056788650.1	A	anno1.g3228.t1	A
rna-XM_056788652.1	A	anno1.g6251.t1	A
rna-XM_056788653.1	A	anno1.g9706.t1	A
rna-XM_056788655.1	A	anno1.g9274.t1	A
rna-XM_056788785.1	A	anno1.g8700.t1	A
rna-XM_056788656.1	A	anno1.g8699.t1	A
rna-XM_056788657.1	A	anno1.g8696.t1	A
rna-XM_056788787.1	A	anno1.g9688.t2	A
rna-XM_056788788.1	A	anno1.g9687.t1	A
rna-XM_056788661.1	A	anno1.g9686.t1	A
rna-XM_056788660.1	A	anno1.g9685.t1	A
rna-XM_056788684.1	A	anno1.g9684.t2	A
rna-XM_056788789.1	A	anno1.g9681.t1	A
rna-XM_056788791.1	A	anno1.g9677.t1	A
rna-XM_056788792.1	A	anno1.g9674.t1	A
rna-XM_056788795.1	A	anno1.g9673.t1	A
rna-XM_056788557.1	A	anno1.g9689.t2	A
rna-XM_056788662.1	A	anno1.g9692.t1	A
rna-XM_056788663.1	A	anno1.g9693.t1	A
rna-XM_056788423.1	A	anno1.g2368.t1	A
rna-XM_056788414.1	A	anno1.g2983.t1	A
rna-XM_056788424.1	A	anno1.g2370.t1	A
rna-XM_056788425.1	A	anno1.g2371.t1	A
rna-XM_056788427.1	A	anno1.g6611.t1	A
rna-XM_056788433.1	A	anno1.g9789.t2	A
rna-XM_056788435.1	A	anno1.g9788.t1	A
rna-XM_056788437.1	A	anno1.g9787.t1	A
rna-XM_056788439.1	A	anno1.g9786.t3	A
rna-XM_056788441.1	A	anno1.g9809.t1	A
rna-XM_056788450.1	A	anno1.g9808.t1	A
rna-XM_056788448.1	A	anno1.g9785.t2	A
rna-XM_056788474.1	A	anno1.g9780.t3	A
rna-XM_056788475.1	A	anno1.g6848.t1	A
rna-XM_056788476.1	A	anno1.g6850.t1	A
rna-XM_056788478.1	A	anno1.g13613.t1	A
rna-XM_056788477.1	A	anno1.g13616.t1	A
rna-XM_056788482.1	A	anno1.g13615.t1	A
rna-XM_056788479.1	A	anno1.g13614.t1	A
rna-XM_056788483.1	A	anno1.g13686.t1	A
rna-XM_056788484.1	A	anno1.g4224.t1	A
rna-XM_056788486.1	A	anno1.g9272.t1	A
rna-XM_056788797.1	A	anno1.g9933.t1	A
rna-XM_056788497.1	A	anno1.g10774.t1	A
rna-XM_056788593.1	A	anno1.g9273.t1	A
rna-XM_056788382.1	A	anno1.g4155.t4	A
rna-XM_056788537.1	A	anno1.g4157.t1	A
rna-XM_056788799.1	A	anno1.g4158.t2	A
rna-XM_056788346.1	A	anno1.g4159.t1	A
rna-XM_056788802.1	A	anno1.g7514.t1	A
rna-XM_056788505.1	A	anno1.g4162.t1	A
rna-XM_056788536.1	A	anno1.g6730.t1	A
rna-XM_056788714.1	A	anno1.g6725.t2	A
rna-XM_056788717.1	A	anno1.g6724.t1	A
rna-XM_056788713.1	A	anno1.g6108.t1	A
rna-XM_056788720.1	A	anno1.g9586.t1	A
rna-XM_056788803.1	A	anno1.g9587.t1	A
rna-XM_056788718.1	A	anno1.g9588.t1	A
rna-XM_056788712.1	A	anno1.g9140.t1	A
rna-XM_056788295.1	A	anno1.g5172.t1	A
rna-XM_056788181.1	A	anno1.g4298.t2	A
rna-XM_056788177.1	A	anno1.g4299.t1	A
rna-XM_056788180.1	A	anno1.g4300.t1	A
rna-XM_056788902.1	A	anno1.g5181.t1	A
rna-XM_056788287.1	A	anno1.g5182.t1	A
rna-XM_056788566.1	A	anno1.g9506.t2	A
rna-XM_056788218.1	A	anno1.g9981.t1	A
rna-XM_056788228.1	A	anno1.g9214.t1	A
rna-XM_056788229.1	A	anno1.g9708.t1	A
rna-XM_056788805.1	A	anno1.g8802.t1	A
rna-XM_056788238.1	A	anno1.g8801.t2	A
rna-XM_056788807.1	A	anno1.g528.t1	A
rna-XM_056788239.1	A	anno1.g8806.t1	A
rna-XM_056788240.1	A	anno1.g14173.t1	A
rna-XM_056788243.1	A	anno1.g13426.t1	A
rna-XM_056788242.1	A	anno1.g8702.t1	A
rna-XM_056788249.1	A	anno1.g11090.t1	A
rna-XM_056788956.1	A	anno1.g9151.t1	A
rna-XM_056788968.1	A	anno1.g9154.t1	A
rna-XM_056788971.1	A	anno1.g9153.t1	A
rna-XM_056788965.1	A	anno1.g12972.t1	A
rna-XM_056788973.1	A	anno1.g10264.t1	A
rna-XM_056788958.1	A	anno1.g6635.t2	A
rna-XM_056788974.1	A	anno1.g6558.t2	A
rna-XM_056788980.1	A	anno1.g6559.t1	A
rna-XM_056788978.1	A	anno1.g6557.t1	A
rna-XM_056788982.1	A	anno1.g6254.t2	A
rna-XM_056788988.1	A	anno1.g8565.t1	A
rna-XM_056788808.1	A	anno1.g5684.t1	A
rna-XM_056788989.1	A	anno1.g6971.t1	A
rna-XM_056788809.1	A	anno1.g1095.t1	A
rna-XM_056788992.1	A	anno1.g5985.t1	A
rna-XM_056788993.1	A	anno1.g3393.t2	A
rna-XM_056788507.1	A	anno1.g3396.t1	A
rna-XM_056788760.1	A	anno1.g5564.t1	A
rna-XM_056788528.1	A	anno1.g2912.t1	A
rna-XM_056788529.1	A	anno1.g2914.t2	A
rna-XM_056788509.1	A	anno1.g2930.t4	A
rna-XM_056788532.1	A	anno1.g2922.t1	A
rna-XM_056788531.1	A	anno1.g2927.t1	A
rna-XM_056788525.1	A	anno1.g2931.t1	A
rna-XM_056788818.1	A	anno1.g2937.t1	A
rna-XM_056788550.1	A	anno1.g2939.t1	A
rna-XM_056788413.1	A	anno1.g2945.t1	A
rna-XM_056788386.1	A	anno1.g2944.t2	A
rna-XM_056788385.1	A	anno1.g2878.t1	A
rna-XM_056788343.1	A	anno1.g2877.t1	A
rna-XM_056788342.1	A	anno1.g13966.t1	A
rna-XM_056788565.1	A	anno1.g2693.t1	A
rna-XM_056788814.1	A	anno1.g3195.t1	A
rna-XM_056788554.1	A	anno1.g844.t1	A
rna-XM_056788950.1	A	anno1.g3193.t1	A
rna-XM_056788952.1	A	anno1.g2876.t1	A
rna-XM_056788953.1	A	anno1.g13672.t1	A
rna-XM_056788291.1	A	anno1.g13618.t2	A
rna-XM_056788292.1	A	anno1.g11689.t1	A
rna-XM_056788682.1	A	anno1.g7874.t2	A
rna-XM_056788195.1	A	anno1.g7690.t1	A
rna-XM_056788196.1	A	anno1.g7689.t1	A
rna-XM_056788815.1	A	anno1.g7688.t1	A
rna-XM_056788237.1	A	anno1.g7685.t2	A
rna-XM_056788233.1	A	anno1.g7684.t2	A
rna-XM_056788571.1	A	anno1.g7683.t1	A
rna-XM_056788583.1	A	anno1.g1065.t1	A
rna-XM_056788585.1	A	anno1.g7670.t1	A
rna-XM_056788587.1	A	anno1.g11208.t3	A
rna-XM_056788588.1	A	anno1.g13833.t3	A
rna-XM_056788559.1	A	anno1.g4022.t1	A
rna-XM_056788878.1	A	anno1.g1141.t2	A
rna-XM_056788883.1	A	anno1.g4007.t1	A
rna-XM_056788355.1	A	anno1.g3391.t1	A
rna-XM_056788198.1	A	anno1.g5389.t1	A
rna-XM_056788997.1	A	anno1.g5388.t1	A
rna-XM_056788888.1	A	anno1.g4496.t1	A
rna-XM_056788889.1	A	anno1.g5554.t1	A
rna-XM_056788251.1	A	anno1.g4094.t1	A
rna-XM_056788669.1	A	anno1.g4230.t1	A
rna-XM_056788533.1	A	anno1.g944.t1	A
rna-XM_056788201.1	A	anno1.g4313.t1	A
rna-XM_056788206.1	A	anno1.g6951.t1	A
rna-XM_056791036.1	X	anno1.g8268.t2	A
rna-XM_056791038.1	X	anno1.g1386.t2	A
rna-XM_056790164.1	X	anno1.g8267.t2	A
rna-XM_056789518.1	X	anno1.g1421.t1	A
rna-XM_056789521.1	X	anno1.g8123.t2	A
rna-XM_056789520.1	X	anno1.g1420.t1	A
rna-XM_056789451.1	X	anno1.g13219.t1	A
rna-XM_056789333.1	X	anno1.g10620.t2	A
rna-XM_056789337.1	X	anno1.g9065.t1	A
rna-XM_056789937.1	X	anno1.g10504.t3	A
rna-XM_056790349.1	X	anno1.g11498.t1	A
rna-XM_056790313.1	X	anno1.g7604.t1	A
rna-XM_056790314.1	X	anno1.g2902.t1	A
rna-XM_056789950.1	X	anno1.g2903.t2	A
rna-XM_056790571.1	X	anno1.g5184.t1	A
rna-XM_056790572.1	X	anno1.g2686.t1	A
rna-XM_056790178.1	X	anno1.g4740.t2	A
rna-XM_056790252.1	X	anno1.g1351.t1	A
rna-XM_056791179.1	X	anno1.g563.t2	A
rna-XM_056789810.1	X	anno1.g8062.t1	A
rna-XM_056789814.1	X	anno1.g558.t1	A
rna-XM_056790990.1	X	anno1.g559.t1	A
rna-XM_056790992.1	X	anno1.g560.t2	A
rna-XM_056790991.1	X	anno1.g561.t1	A
rna-XM_056790993.1	X	anno1.g7644.t1	A
rna-XM_056789062.1	X	anno1.g3597.t1	A
rna-XM_056789250.1	X	anno1.g7797.t1	A
rna-XM_056789248.1	X	anno1.g845.t2	A
rna-XM_056789249.1	X	anno1.g846.t1	A
rna-XM_056791046.1	X	anno1.g10609.t1	A
rna-XM_056791045.1	X	anno1.g7647.t1	A
rna-XM_056791048.1	X	anno1.g10798.t1	A
rna-XM_056791053.1	X	anno1.g11499.t1	A
rna-XM_056791055.1	X	anno1.g772.t1	A
rna-XM_056791065.1	X	anno1.g774.t1	A
rna-XM_056791074.1	X	anno1.g8316.t1	A
rna-XM_056791083.1	X	anno1.g12369.t1	A
rna-XM_056791084.1	X	anno1.g13866.t1	A
rna-XM_056790439.1	X	anno1.g5481.t1	A
rna-XM_056790359.1	X	anno1.g5506.t1	A
rna-XM_056790360.1	X	anno1.g4091.t1	A
rna-XM_056789090.1	X	anno1.g5510.t1	A
rna-XM_056789082.1	X	anno1.g13271.t1	A
rna-XM_056789084.1	X	anno1.g13273.t1	A
rna-XM_056789708.1	X	anno1.g5444.t1	A
rna-XM_056791040.1	X	anno1.g6155.t1	A
rna-XM_056791041.1	X	anno1.g5455.t1	A
rna-XM_056790065.1	X	anno1.g5451.t1	A
rna-XM_056789027.1	X	anno1.g5439.t4	A
rna-XM_056789029.1	X	anno1.g11966.t1	A
rna-XM_056789033.1	X	anno1.g5440.t1	A
rna-XM_056789037.1	X	anno1.g5441.t1	A
rna-XM_056790305.1	X	anno1.g5548.t2	A
rna-XM_056789741.1	X	anno1.g12126.t1	A
rna-XM_056789312.1	X	anno1.g5206.t1	A
rna-XM_056789311.1	X	anno1.g5234.t1	A
rna-XM_056791042.1	X	anno1.g9229.t1	A
rna-XM_056790463.1	X	anno1.g7997.t1	A
rna-XM_056789212.1	X	anno1.g8597.t1	A
rna-XM_056789211.1	X	anno1.g8357.t1	A
rna-XM_056789213.1	X	anno1.g5381.t1	A
rna-XM_056791043.1	X	anno1.g5675.t1	A
rna-XM_056789980.1	X	anno1.g5674.t3	A
rna-XM_056789983.1	X	anno1.g3863.t2	A
rna-XM_056790710.1	X	anno1.g12515.t1	A
rna-XM_056790708.1	X	anno1.g5245.t1	A
rna-XM_056790718.1	X	anno1.g3000.t1	A
rna-XM_056790716.1	X	anno1.g3001.t2	A
rna-XM_056790719.1	X	anno1.g4139.t1	A
rna-XM_056790721.1	X	anno1.g5681.t1	A
rna-XM_056790730.1	X	anno1.g5688.t1	A
rna-XM_056790722.1	X	anno1.g5685.t2	A
rna-XM_056790728.1	X	anno1.g5687.t1	A
rna-XM_056790725.1	X	anno1.g5686.t2	A
rna-XM_056790723.1	X	anno1.g9742.t1	A
rna-XM_056790744.1	X	anno1.g5697.t3	A
rna-XM_056790732.1	X	anno1.g9739.t1	A
rna-XM_056790745.1	X	anno1.g5547.t1	A
rna-XM_056790750.1	X	anno1.g13588.t2	A
rna-XM_056790746.1	X	anno1.g13589.t1	A
rna-XM_056790754.1	X	anno1.g9823.t1	A
rna-XM_056790758.1	X	anno1.g3022.t1	A
rna-XM_056790764.1	X	anno1.g2546.t1	A
rna-XM_056791109.1	X	anno1.g13575.t1	A
rna-XM_056791068.1	X	anno1.g8094.t1	A
rna-XM_056791027.1	X	anno1.g8106.t1	A
rna-XM_056791023.1	X	anno1.g6197.t2	A
rna-XM_056791025.1	X	anno1.g6198.t1	A
rna-XM_056790496.1	X	anno1.g4227.t1	A
rna-XM_056790498.1	X	anno1.g3525.t1	A
rna-XM_056790490.1	X	anno1.g3524.t1	A
rna-XM_056790485.1	X	anno1.g2346.t1	A
rna-XM_056790487.1	X	anno1.g3533.t2	A
rna-XM_056790484.1	X	anno1.g3534.t1	A
rna-XM_056789415.1	X	anno1.g3537.t1	A
rna-XM_056790014.1	X	anno1.g3538.t1	A
rna-XM_056789506.1	X	anno1.g14505.t2	A
rna-XM_056789575.1	X	anno1.g14504.t1	A
rna-XM_056789411.1	X	anno1.g2850.t1	A
rna-XM_056789619.1	X	anno1.g2830.t1	A
rna-XM_056789354.1	X	anno1.g7882.t1	A
rna-XM_056790446.1	X	anno1.g14765.t1	A
rna-XM_056790849.1	X	anno1.g11565.t1	A
rna-XM_056790855.1	X	anno1.g8492.t1	A
rna-XM_056790852.1	X	anno1.g8488.t1	A
rna-XM_056790994.1	X	anno1.g8485.t1	A
rna-XM_056790996.1	X	anno1.g3716.t1	A
rna-XM_056789429.1	X	anno1.g9099.t1	A
rna-XM_056789434.1	X	anno1.g9100.t2	A
rna-XM_056790181.1	X	anno1.g10072.t1	A
rna-XM_056790180.1	X	anno1.g10247.t1	A
rna-XM_056789578.1	X	anno1.g10578.t1	A
rna-XM_056789581.1	X	anno1.g11793.t1	A
rna-XM_056791114.1	X	anno1.g11791.t1	A
rna-XM_056791116.1	X	anno1.g4978.t1	A
rna-XM_056791225.1	X	anno1.g5246.t1	A
rna-XM_056791111.1	X	anno1.g4981.t1	A
rna-XM_056791226.1	X	anno1.g4983.t1	A
rna-XM_056789948.1	X	anno1.g6394.t1	A
rna-XM_056789949.1	X	anno1.g6395.t1	A
rna-XM_056789156.1	X	anno1.g1173.t1	A
rna-XM_056789463.1	X	anno1.g7426.t1	A
rna-XM_056790681.1	X	anno1.g1190.t1	A
rna-XM_056790686.1	X	anno1.g1196.t1	A
rna-XM_056790687.1	X	anno1.g1197.t1	A
rna-XM_056790689.1	X	anno1.g1198.t1	A
rna-XM_056789399.1	X	anno1.g5962.t1	A
rna-XM_056789400.1	X	anno1.g7428.t2	A
rna-XM_056789404.1	X	anno1.g7427.t1	A
rna-XM_056789401.1	X	anno1.g7924.t1	A
rna-XM_056790922.1	X	anno1.g7436.t1	A
rna-XM_056790919.1	X	anno1.g1207.t1	A
rna-XM_056790930.1	X	anno1.g1230.t1	A
rna-XM_056790929.1	X	anno1.g382.t1	A
rna-XM_056790925.1	X	anno1.g728.t1	A
rna-XM_056790166.1	X	anno1.g380.t1	A
rna-XM_056790167.1	X	anno1.g726.t4	A
rna-XM_056790845.1	X	anno1.g753.t1	A
rna-XM_056790846.1	X	anno1.g754.t1	A
rna-XM_056790847.1	X	anno1.g5509.t1	A
rna-XM_056789984.1	X	anno1.g5508.t1	A
rna-XM_056789985.1	X	anno1.g13913.t1	A
rna-XM_056789657.1	X	anno1.g4249.t1	A
rna-XM_056789665.1	X	anno1.both_agree_g316.t1	A
rna-XM_056790819.1	X	anno1.g483.t1	A
rna-XM_056790820.1	X	anno1.g6398.t1	A
rna-XM_056790822.1	X	anno1.g7435.t1	A
rna-XM_056790821.1	X	anno1.g1900.t1	X
rna-XM_056790824.1	X	anno1.g752.t1	A
rna-XM_056790679.1	X	anno1.g5500.t1	A
rna-XM_056790078.1	X	anno1.g5479.t6	A
rna-XM_056789603.1	X	anno1.g4695.t1	A
rna-XM_056790323.1	X	anno1.g13609.t1	A
rna-XM_056790330.1	X	anno1.g2825.t2	A
rna-XM_056790331.1	X	anno1.g2604.t1	A
rna-XM_056789890.1	X	anno1.g2603.t1	A
rna-XM_056789679.1	X	anno1.g2245.t2	A
rna-XM_056789517.1	X	anno1.g2627.t1	A
rna-XM_056790500.1	X	anno1.g2623.t2	A
rna-XM_056790499.1	X	anno1.g2625.t1	A
rna-XM_056789041.1	X	anno1.g2624.t1	A
rna-XM_056789043.1	X	anno1.g2626.t1	A
rna-XM_056789048.1	X	anno1.g3571.t1	A
rna-XM_056789770.1	X	anno1.g13383.t1	A
rna-XM_056790524.1	X	anno1.g12744.t1	A
rna-XM_056790262.1	X	anno1.g4694.t1	A
rna-XM_056790263.1	X	anno1.g4453.t1	A
rna-XM_056789465.1	X	anno1.g2605.t1	A
rna-XM_056789594.1	X	anno1.g2147.t1	X
rna-XM_056789772.1	X	anno1.g2028.t1	X
rna-XM_056790238.1	X	anno1.g6819.t1	A
rna-XM_056790235.1	X	anno1.g3192.t1	A
rna-XM_056790300.1	X	anno1.g3191.t1	A
rna-XM_056790294.1	X	anno1.g1760.t1	X
rna-XM_056790299.1	X	anno1.g13431.t1	A
rna-XM_056789751.1	X	anno1.g2126.t1	X
rna-XM_056789507.1	X	anno1.g2190.t1	X
rna-XM_056791174.1	X	anno1.g2183.t1	X
rna-XM_056790187.1	X	anno1.g1988.t3	X
rna-XM_056790220.1	X	anno1.g1984.t1	X
rna-XM_056790378.1	X	anno1.g2200.t1	X
rna-XM_056790104.1	X	anno1.g2201.t1	X
rna-XM_056790105.1	X	anno1.g2204.t1	X
rna-XM_056790106.1	X	anno1.g1942.t1	X
rna-XM_056790009.1	X	anno1.g1943.t2	X
rna-XM_056790012.1	X	anno1.g1944.t1	X
rna-XM_056789907.1	X	anno1.g2211.t1	X
rna-XM_056791105.1	X	anno1.g1910.t1	X
rna-XM_056791106.1	X	anno1.g13923.t2	A
rna-XM_056791107.1	X	anno1.g2042.t2	X
rna-XM_056790356.1	X	anno1.g2115.t1	X
rna-XM_056790905.1	X	anno1.g1849.t2	X
rna-XM_056790916.1	X	anno1.g1945.t1	X
rna-XM_056790226.1	X	anno1.g2122.t1	X
rna-XM_056789807.1	X	anno1.g2175.t1	X
rna-XM_056789808.1	X	anno1.g7771.t1	A
rna-XM_056791177.1	X	anno1.g14322.t1	A
rna-XM_056790316.1	X	anno1.g1857.t1	X
rna-XM_056791178.1	X	anno1.g1913.t2	X
rna-XM_056789749.1	X	anno1.g2172.t1	X
rna-XM_056790306.1	X	anno1.g2043.t3	X
rna-XM_056789446.1	X	anno1.g485.t1	A
rna-XM_056790070.1	X	anno1.g2156.t1	X
rna-XM_056790069.1	X	anno1.g2091.t1	X
rna-XM_056789303.1	X	anno1.g1896.t1	X
rna-XM_056789117.1	X	anno1.g2001.t1	X
rna-XM_056790177.1	X	anno1.g1940.t1	X
rna-XM_056790175.1	X	anno1.g1941.t1	X
rna-XM_056790171.1	X	anno1.g2216.t1	X
rna-XM_056789202.1	X	anno1.g2214.t1	X
rna-XM_056790018.1	X	anno1.g12592.t1	A
rna-XM_056791150.1	X	anno1.g2213.t2	X
rna-XM_056789484.1	X	anno1.g2237.t1	X
rna-XM_056789094.1	X	anno1.g9473.t1	A
rna-XM_056789093.1	X	anno1.g4633.t1	A
rna-XM_056789641.1	X	anno1.g1761.t1	X
rna-XM_056789643.1	X	anno1.g1763.t1	X
rna-XM_056789541.1	X	anno1.g2173.t1	X
rna-XM_056790417.1	X	anno1.g2039.t1	X
rna-XM_056790369.1	X	anno1.g2150.t2	X
rna-XM_056790027.1	X	anno1.g2151.t1	X
rna-XM_056790028.1	X	anno1.g2153.t1	X
rna-XM_056790026.1	X	anno1.g2152.t1	X
rna-XM_056789748.1	X	anno1.g2154.t1	X
rna-XM_056789481.1	X	anno1.g873.t1	A
rna-XM_056789128.1	X	anno1.g2073.t1	X
rna-XM_056789129.1	X	anno1.g1961.t1	X
rna-XM_056790068.1	X	anno1.g1960.t1	X
rna-XM_056790985.1	X	anno1.g1892.t1	X
rna-XM_056790982.1	X	anno1.g1891.t1	X
rna-XM_056789473.1	X	anno1.g1887.t1	X
rna-XM_056791224.1	X	anno1.g1884.t1	X
rna-XM_056789635.1	X	anno1.g1883.t2	X
rna-XM_056789425.1	X	anno1.g1880.t2	X
rna-XM_056789750.1	X	anno1.g1879.t1	X
rna-XM_056790367.1	X	anno1.g1930.t2	X
rna-XM_056789444.1	X	anno1.g1929.t1	X
rna-XM_056789590.1	X	anno1.g2288.t1	A
rna-XM_056790528.1	X	anno1.g2203.t1	X
rna-XM_056790385.1	X	anno1.g2092.t1	X
rna-XM_056790405.1	X	anno1.g1990.t1	X
rna-XM_056789165.1	X	anno1.g2046.t1	X
rna-XM_056789159.1	X	anno1.g2047.t1	X
rna-XM_056789166.1	X	anno1.g1993.t2	X
rna-XM_056791132.1	X	anno1.g1994.t3	X
rna-XM_056791140.1	X	anno1.g13587.t1	A
rna-XM_056789640.1	X	anno1.g2238.t1	X
rna-XM_056790381.1	X	anno1.g2239.t1	X
rna-XM_056790918.1	X	anno1.g2033.t1	X
rna-XM_056789951.1	X	anno1.g1968.t1	X
rna-XM_056789952.1	X	anno1.g1804.t1	X
rna-XM_056789953.1	X	anno1.g4289.t1	A
rna-XM_056789954.1	X	anno1.g12633.t1	A
rna-XM_056789939.1	X	anno1.g1802.t1	X
rna-XM_056789768.1	X	anno1.g1858.t1	X
rna-XM_056789313.1	X	anno1.g1937.t2	X
rna-XM_056789314.1	X	anno1.g2069.t2	X
rna-XM_056789616.1	X	anno1.g2068.t1	X
rna-XM_056789171.1	X	anno1.g5222.t1	A
rna-XM_056789173.1	X	anno1.g5174.t1	A
rna-XM_056789175.1	X	anno1.g5288.t1	A
rna-XM_056789736.1	X	anno1.g4725.t2	A
rna-XM_056789589.1	X	anno1.g5230.t2	A
rna-XM_056791093.1	X	anno1.g5226.t2	A
rna-XM_056789209.1	X	anno1.g7992.t1	A
rna-XM_056789588.1	X	anno1.g5274.t3	A
rna-XM_056789592.1	X	anno1.g5275.t1	A
rna-XM_056789201.1	X	anno1.g5276.t1	A
rna-XM_056789912.1	X	anno1.g5273.t1	A
rna-XM_056789339.1	X	anno1.g5272.t1	A
rna-XM_056790073.1	X	anno1.g12582.t1	A
rna-XM_056790072.1	X	anno1.g5269.t1	A
rna-XM_056789038.1	X	anno1.g4284.t1	A
rna-XM_056789405.1	X	anno1.g4285.t1	A
rna-XM_056789406.1	X	anno1.g4450.t1	A
rna-XM_056789447.1	X	anno1.g4143.t1	A
rna-XM_056791009.1	X	anno1.g4142.t1	A
rna-XM_056789461.1	X	anno1.g8446.t1	A
rna-XM_056789460.1	X	anno1.g11794.t1	A
rna-XM_056789968.1	X	anno1.g13754.t2	A
rna-XM_056789977.1	X	anno1.g8202.t1	A
rna-XM_056789973.1	X	anno1.g5820.t1	A
rna-XM_056789959.1	X	anno1.g13755.t2	A
rna-XM_056789966.1	X	anno1.g5264.t1	A
rna-XM_056789967.1	X	anno1.g5709.t1	A
rna-XM_056789978.1	X	anno1.g5708.t1	A
rna-XM_056789242.1	X	anno1.g5710.t1	A
rna-XM_056789243.1	X	anno1.g5706.t1	A
rna-XM_056789438.1	X	anno1.g4116.t1	A
rna-XM_056789308.1	X	anno1.g14139.t2	A
rna-XM_056790219.1	X	anno1.g14273.t1	A
rna-XM_056790594.1	X	anno1.g14133.t1	A
rna-XM_056790596.1	X	anno1.g14134.t1	A
rna-XM_056790601.1	X	anno1.g13940.t2	A
rna-XM_056790602.1	X	anno1.g14135.t1	A
rna-XM_056790606.1	X	anno1.g8301.t1	A
rna-XM_056790607.1	X	anno1.g8300.t1	A
rna-XM_056790608.1	X	anno1.g8143.t1	A
rna-XM_056790609.1	X	anno1.g8320.t1	A
rna-XM_056790610.1	X	anno1.g8067.t1	A
rna-XM_056790612.1	X	anno1.g10538.t1	A
rna-XM_056790613.1	X	anno1.g8595.t1	A
rna-XM_056790616.1	X	anno1.g8596.t2	A
rna-XM_056790617.1	X	anno1.g3188.t1	A
rna-XM_056790620.1	X	anno1.g6450.t1	A
rna-XM_056790626.1	X	anno1.g8317.t1	A
rna-XM_056790627.1	X	anno1.g13243.t1	A
rna-XM_056790628.1	X	anno1.g1594.t1	A
rna-XM_056790630.1	X	anno1.g4272.t1	A
rna-XM_056790631.1	X	anno1.g5652.t1	A
rna-XM_056790634.1	X	anno1.g5464.t2	A
rna-XM_056790635.1	X	anno1.g5658.t1	A
rna-XM_056790637.1	X	anno1.g5673.t1	A
rna-XM_056790638.1	X	anno1.g5393.t1	A
rna-XM_056790642.1	X	anno1.g5392.t1	A
rna-XM_056790643.1	X	anno1.g5179.t1	A
rna-XM_056790645.1	X	anno1.g8862.t1	A
rna-XM_056790646.1	X	anno1.g5394.t1	A
rna-XM_056790647.1	X	anno1.g11767.t1	A
rna-XM_056790656.1	X	anno1.g11760.t1	A
rna-XM_056790648.1	X	anno1.g6549.t1	A
rna-XM_056790661.1	X	anno1.g848.t1	A
rna-XM_056790663.1	X	anno1.g7646.t1	A
rna-XM_056790665.1	X	anno1.g10974.t2	A
rna-XM_056790668.1	X	anno1.g1349.t1	A
rna-XM_056790670.1	X	anno1.g2685.t1	A
rna-XM_056790673.1	X	anno1.g700.t1	A
rna-XM_056790672.1	X	anno1.g699.t1	A
rna-XM_056790669.1	X	anno1.g10969.t1	A
rna-XM_056790675.1	X	anno1.g4025.t1	A
rna-XM_056789477.1	X	anno1.g5721.t2	A
rna-XM_056789476.1	X	anno1.g5720.t1	A
rna-XM_056789115.1	X	anno1.g1701.t1	X
rna-XM_056790509.1	X	anno1.g14410.t1	A
rna-XM_056790044.1	X	anno1.g13934.t4	A
rna-XM_056790046.1	X	anno1.g13936.t1	A
rna-XM_056791229.1	X	anno1.g4691.t1	A
rna-XM_056791231.1	X	anno1.g4693.t1	A
rna-XM_056791233.1	X	anno1.g5443.t1	A
rna-XM_056791160.1	X	anno1.g13185.t1	A
rna-XM_056791161.1	X	anno1.g3545.t1	A
rna-XM_056791162.1	X	anno1.g8269.t2	A
rna-XM_056790280.1	X	anno1.g2135.t1	X
rna-XM_056790288.1	X	anno1.g1748.t1	X
rna-XM_056789112.1	X	anno1.g2113.t1	X
rna-XM_056789766.1	X	anno1.g1946.t1	X
rna-XM_056789357.1	X	anno1.g2007.t1	X
rna-XM_056789356.1	X	anno1.g1932.t1	X
rna-XM_056789361.1	X	anno1.g13769.t1	A
rna-XM_056789385.1	X	anno1.g2041.t1	X
rna-XM_056791015.1	X	anno1.g1996.t1	X
rna-XM_056791017.1	X	anno1.g1999.t4	X
rna-XM_056790508.1	X	anno1.g1793.t1	X
rna-XM_056790074.1	X	anno1.g1792.t2	X
rna-XM_056790534.1	X	anno1.g2053.t1	X
rna-XM_056790535.1	X	anno1.g2036.t1	X
rna-XM_056790536.1	X	anno1.g6096.t1	A
rna-XM_056789633.1	X	anno1.g2090.t1	X
rna-XM_056789367.1	X	anno1.g6231.t1	A
rna-XM_056790544.1	X	anno1.g1787.t1	X
rna-XM_056790545.1	X	anno1.g2075.t1	X
rna-XM_056790547.1	X	anno1.g2077.t3	X
rna-XM_056790050.1	X	anno1.g1783.t1	X
rna-XM_056789435.1	X	anno1.g2076.t1	X
rna-XM_056789300.1	X	anno1.g11050.t1	A
rna-XM_056789842.1	X	anno1.g3213.t1	A
rna-XM_056789584.1	X	anno1.g13610.t1	A
rna-XM_056789850.1	X	anno1.g1803.t1	X
rna-XM_056789116.1	X	anno1.g9426.t1	A
rna-XM_056790570.1	X	anno1.g421.t1	A
rna-XM_056789740.1	X	anno1.g2129.t1	X
rna-XM_056789738.1	X	anno1.g10333.t1	A
rna-XM_056789068.1	X	anno1.g2188.t3	X
rna-XM_056789851.1	X	anno1.g1180.t1	A
rna-XM_056789075.1	X	anno1.g7344.t1	A
rna-XM_056789522.1	X	anno1.g2132.t1	X
rna-XM_056790384.1	X	anno1.g2087.t1	X
rna-XM_056789920.1	X	anno1.g2089.t2	X
rna-XM_056790694.1	X	anno1.g1794.t3	X
rna-XM_056789582.1	X	anno1.g1853.t2	X
rna-XM_056789991.1	X	anno1.g5442.t1	A
rna-XM_056789992.1	X	anno1.g2540.t1	A
rna-XM_056789546.1	X	anno1.g13849.t2	A
rna-XM_056789570.1	X	anno1.g1989.t6	X
rna-XM_056789571.1	X	anno1.g11525.t1	A
rna-XM_056790353.1	X	anno1.g1756.t1	X
rna-XM_056789394.1	X	anno1.g1871.t1	X
rna-XM_056789396.1	X	anno1.g2097.t1	X
rna-XM_056790434.1	X	anno1.g1753.t1	X
rna-XM_056790433.1	X	anno1.g7962.t1	A
rna-XM_056790428.1	X	anno1.g2105.t1	X
rna-XM_056790437.1	X	anno1.g2104.t1	X
rna-XM_056790438.1	X	anno1.g1912.t1	X
rna-XM_056789730.1	X	anno1.g8786.t1	A
rna-XM_056789731.1	X	anno1.g6102.t1	A
rna-XM_056790254.1	X	anno1.g2141.t2	X
rna-XM_056789596.1	X	anno1.g1986.t1	X
rna-XM_056791144.1	X	anno1.g1974.t1	X
rna-XM_056790003.1	X	anno1.g2021.t1	X
rna-XM_056789678.1	X	anno1.g2020.t1	X
rna-XM_056789734.1	X	anno1.g2019.t4	X
rna-XM_056790225.1	X	anno1.g2018.t1	X
rna-XM_056790036.1	X	anno1.g5798.t1	A
rna-XM_056789859.1	X	anno1.g2044.t2	X
rna-XM_056789538.1	X	anno1.g1755.t1	X
rna-XM_056789534.1	X	anno1.g12798.t1	A
rna-XM_056790042.1	X	anno1.g2407.t1	A
rna-XM_056790043.1	X	anno1.g2142.t1	X
rna-XM_056789258.1	X	anno1.g9734.t1	A
rna-XM_056789263.1	X	anno1.g1759.t2	X
rna-XM_056789257.1	X	anno1.g2051.t1	X
rna-XM_056789267.1	X	anno1.g1758.t2	X
rna-XM_056789288.1	X	anno1.g2202.t1	X
rna-XM_056789290.1	X	anno1.g7922.t2	A
rna-XM_056789294.1	X	anno1.g2055.t1	X
rna-XM_056789862.1	X	anno1.g11182.t1	A
rna-XM_056789297.1	X	anno1.g1935.t1	X
rna-XM_056789299.1	X	anno1.g2095.t1	X
rna-XM_056789956.1	X	anno1.both_agree_g7111.t2	X
rna-XM_056789958.1	X	anno1.g9067.t1	A
rna-XM_056790063.1	X	anno1.g2124.t1	X
rna-XM_056790186.1	X	anno1.g8150.t1	A
rna-XM_056789416.1	X	anno1.g1812.t1	X
rna-XM_056789419.1	X	anno1.g1813.t1	X
rna-XM_056790338.1	X	anno1.g1814.t1	X
rna-XM_056790361.1	X	anno1.g1728.t1	X
rna-XM_056789529.1	X	anno1.g1950.t1	X
rna-XM_056790170.1	X	anno1.g1951.t1	X
rna-XM_056790473.1	X	anno1.g2006.t1	X
rna-XM_056790478.1	X	anno1.g2004.t1	X
rna-XM_056790480.1	X	anno1.g2003.t1	X
rna-XM_056790474.1	X	anno1.g1860.t1	X
rna-XM_056790479.1	X	anno1.g1810.t1	X
rna-XM_056789863.1	X	anno1.g1856.t1	X
rna-XM_056789349.1	X	anno1.g2101.t2	X
rna-XM_056790409.1	X	anno1.g1852.t5	X
rna-XM_056790113.1	X	anno1.g2230.t1	X
rna-XM_056790111.1	X	anno1.g1719.t1	X
rna-XM_056790114.1	X	anno1.g2106.t1	X
rna-XM_056790116.1	X	anno1.g2108.t1	X
rna-XM_056790118.1	X	anno1.g7719.t1	A
rna-XM_056790117.1	X	anno1.g1977.t2	X
rna-XM_056790120.1	X	anno1.g2107.t4	X
rna-XM_056790122.1	X	anno1.g4784.t1	A
rna-XM_056790125.1	X	anno1.g1908.t2	X
rna-XM_056790127.1	X	anno1.g1907.t1	X
rna-XM_056790132.1	X	anno1.g2071.t1	X
rna-XM_056790134.1	X	anno1.g2146.t1	X
rna-XM_056790137.1	X	anno1.g2131.t1	X
rna-XM_056790138.1	X	anno1.g2208.t1	X
rna-XM_056790142.1	X	anno1.g2184.t1	X
rna-XM_056790143.1	X	anno1.g1789.t1	X
rna-XM_056790146.1	X	anno1.g1798.t1	X
rna-XM_056790150.1	X	anno1.g2085.t2	X
rna-XM_056789865.1	X	anno1.g1811.t1	X
rna-XM_056790151.1	X	anno1.g2014.t2	X
rna-XM_056790159.1	X	anno1.g2225.t2	X
rna-XM_056790156.1	X	anno1.g2205.t2	X
rna-XM_056790216.1	X	anno1.g2224.t1	X
rna-XM_056790445.1	X	anno1.g2206.t1	X
rna-XM_056790465.1	X	anno1.g2207.t2	X
rna-XM_056789076.1	X	anno1.g11038.t1	A
rna-XM_056790988.1	X	anno1.g2027.t2	X
rna-XM_056789412.1	X	anno1.g1722.t1	X
rna-XM_056789941.1	X	anno1.g1819.t1	X
rna-XM_056789940.1	X	anno1.g1820.t1	X
rna-XM_056790777.1	X	anno1.g1270.t1	A
rna-XM_056790774.1	X	anno1.g1727.t2	X
rna-XM_056790782.1	X	anno1.g6609.t1	A
rna-XM_056790784.1	X	anno1.g1788.t2	X
rna-XM_056790786.1	X	anno1.g13853.t1	A
rna-XM_056790792.1	X	anno1.g2119.t1	X
rna-XM_056790789.1	X	anno1.g2163.t1	X
rna-XM_056790793.1	X	anno1.g2166.t1	X
rna-XM_056790797.1	X	anno1.g2057.t1	X
rna-XM_056790801.1	X	anno1.g1902.t1	X
rna-XM_056790803.1	X	anno1.g1991.t1	X
rna-XM_056790802.1	X	anno1.g1799.t1	X
rna-XM_056789868.1	X	anno1.g1797.t3	X
rna-XM_056789194.1	X	anno1.g7925.t1	A
rna-XM_056789916.1	X	anno1.g2022.t1	X
rna-XM_056790966.1	X	anno1.g2023.t1	X
rna-XM_056790968.1	X	anno1.g1851.t1	X
rna-XM_056790366.1	X	anno1.g2045.t1	X
rna-XM_056790179.1	X	anno1.g1867.t1	X
rna-XM_056789382.1	X	anno1.g1909.t2	X
rna-XM_056789389.1	X	anno1.g2233.t1	X
rna-XM_056790469.1	X	anno1.g12793.t1	A
rna-XM_056790192.1	X	anno1.g1865.t5	X
rna-XM_056790215.1	X	anno1.g2000.t1	X
rna-XM_056789215.1	X	anno1.g2112.t1	X
rna-XM_056789928.1	X	anno1.g2081.t1	X
rna-XM_056789924.1	X	anno1.g2088.t1	X
rna-XM_056789597.1	X	anno1.g1863.t5	X
rna-XM_056789190.1	X	anno1.g2140.t1	X
rna-XM_056790183.1	X	anno1.g1801.t1	X
rna-XM_056789180.1	X	anno1.g1855.t1	X
rna-XM_056789185.1	X	anno1.g13205.t1	A
rna-XM_056790342.1	X	anno1.g1873.t1	X
rna-XM_056789142.1	X	anno1.g6031.t2	A
rna-XM_056789871.1	X	anno1.g2116.t1	X
rna-XM_056791167.1	X	anno1.g2117.t1	X
rna-XM_056791169.1	X	anno1.g1744.t2	X
rna-XM_056790972.1	X	anno1.g1742.t1	X
rna-XM_056790973.1	X	anno1.g1743.t1	X
rna-XM_056790807.1	X	anno1.g1905.t1	X
rna-XM_056790806.1	X	anno1.g1904.t1	X
rna-XM_056790805.1	X	anno1.g1747.t1	X
rna-XM_056790808.1	X	anno1.g2196.t1	X
rna-XM_056790569.1	X	anno1.g2067.t1	X
rna-XM_056790568.1	X	anno1.g2066.t1	X
rna-XM_056790566.1	X	anno1.g3072.t1	A
rna-XM_056790560.1	X	anno1.g1750.t1	X
rna-XM_056789709.1	X	anno1.g2170.t1	X
rna-XM_056789059.1	X	anno1.g1958.t1	X
rna-XM_056790809.1	X	anno1.g1922.t1	X
rna-XM_056789483.1	X	anno1.g2165.t2	X
rna-XM_056790971.1	X	anno1.g2109.t2	X
rna-XM_056790970.1	X	anno1.g1978.t1	X
rna-XM_056789341.1	X	anno1.g1914.t1	X
rna-XM_056789345.1	X	anno1.g11190.t1	A
rna-XM_056789759.1	X	anno1.g2174.t1	X
rna-XM_056789760.1	X	anno1.g1731.t1	X
rna-XM_056789763.1	X	anno1.g2149.t1	X
rna-XM_056790001.1	X	anno1.g2148.t3	X
rna-XM_056789397.1	X	anno1.g1872.t1	X
rna-XM_056790933.1	X	anno1.g6580.t1	A
rna-XM_056790942.1	X	anno1.g6581.t1	A
rna-XM_056790944.1	X	anno1.g2031.t2	X
rna-XM_056790943.1	X	anno1.g2050.t1	X
rna-XM_056789369.1	X	anno1.g2082.t1	X
rna-XM_056789426.1	X	anno1.g1868.t1	X
rna-XM_056789387.1	X	anno1.g2234.t1	X
rna-XM_056790466.1	X	anno1.g1825.t1	X
rna-XM_056789585.1	X	anno1.g1822.t1	X
rna-XM_056789586.1	X	anno1.g1826.t2	X
rna-XM_056789080.1	X	anno1.g1829.t3	X
rna-XM_056790038.1	X	anno1.g1828.t3	X
rna-XM_056789909.1	X	anno1.g1997.t1	X
rna-XM_056789915.1	X	anno1.g1848.t1	X
rna-XM_056789391.1	X	anno1.g1847.t1	X
rna-XM_056789132.1	X	anno1.g1846.t2	X
rna-XM_056789138.1	X	anno1.g1837.t1	X
rna-XM_056790870.1	X	anno1.g1838.t1	X
rna-XM_056790874.1	X	anno1.g1839.t1	X
rna-XM_056790873.1	X	anno1.g1840.t2	X
rna-XM_056790875.1	X	anno1.g1841.t1	X
rna-XM_056790880.1	X	anno1.g1844.t2	X
rna-XM_056790881.1	X	anno1.g1836.t1	X
rna-XM_056790884.1	X	anno1.g1834.t1	X
rna-XM_056790885.1	X	anno1.g2182.t2	X
rna-XM_056790887.1	X	anno1.g1936.t1	X
rna-XM_056790892.1	X	anno1.g4538.t1	A
rna-XM_056790895.1	X	anno1.g2138.t1	X
rna-XM_056790897.1	X	anno1.g2049.t1	X
rna-XM_056790901.1	X	anno1.g2123.t1	X
rna-XM_056790902.1	X	anno1.g3620.t1	A
rna-XM_056790904.1	X	anno1.g2178.t1	X
rna-XM_056789856.1	X	anno1.g2177.t1	X
rna-XM_056789855.1	X	anno1.g2176.t1	X
rna-XM_056789667.1	X	anno1.g1815.t1	X
rna-XM_056789675.1	X	anno1.g2032.t1	X
rna-XM_056789610.1	X	anno1.g13005.t2	A
rna-XM_056790829.1	X	anno1.g11805.t1	A
rna-XM_056790838.1	X	anno1.g2212.t1	X
rna-XM_056790832.1	X	anno1.g2223.t1	X
rna-XM_056790841.1	X	anno1.g2222.t1	X
rna-XM_056790844.1	X	anno1.g2221.t3	X
rna-XM_056789680.1	X	anno1.g1923.t1	X
rna-XM_056790370.1	X	anno1.g1925.t1	X
rna-XM_056790100.1	X	anno1.g2054.t3	X
rna-XM_056789441.1	X	anno1.g1976.t1	X
rna-XM_056789789.1	X	anno1.g2080.t1	X
rna-XM_056789713.1	X	anno1.g2125.t3	X
rna-XM_056789721.1	X	anno1.g1833.t1	X
rna-XM_056789718.1	X	anno1.g7641.t1	A
rna-XM_056789719.1	X	anno1.g1918.t1	X
rna-XM_056789724.1	X	anno1.g1920.t1	X
rna-XM_056789723.1	X	anno1.g1916.t1	X
rna-XM_056790247.1	X	anno1.g1717.t1	X
rna-XM_056790812.1	X	anno1.g2056.t1	X
rna-XM_056790814.1	X	anno1.g2083.t1	X
rna-XM_056790816.1	X	anno1.g1947.t1	X
rna-XM_056789990.1	X	anno1.g1832.t2	X
rna-XM_056789988.1	X	anno1.g1897.t1	X
rna-XM_056790031.1	X	anno1.g2226.t1	X
rna-XM_056790956.1	X	anno1.g2286.t1	A
rna-XM_056790959.1	X	anno1.g2084.t1	X
rna-XM_056790470.1	X	anno1.g2059.t1	X
rna-XM_056790354.1	X	anno1.g1864.t1	X
rna-XM_056789061.1	X	anno1.g2162.t1	X
rna-XM_056790678.1	X	anno1.g2161.t1	X
rna-XM_056789645.1	X	anno1.g2159.t2	X
rna-XM_056790948.1	X	anno1.g1982.t2	X
rna-XM_056790950.1	X	anno1.g2157.t1	X
rna-XM_056790954.1	X	anno1.g5784.t1	A
rna-XM_056790396.1	X	anno1.g2002.t2	X
rna-XM_056790394.1	X	anno1.g2197.t2	X
rna-XM_056789819.1	X	anno1.g1906.t1	X
rna-XM_056789801.1	X	anno1.g1754.t1	X
rna-XM_056789919.1	X	anno1.g1816.t1	X
rna-XM_056789512.1	X	anno1.g2139.t1	X
rna-XM_056789096.1	X	anno1.g2070.t1	X
rna-XM_056789095.1	X	anno1.g13867.t1	A
rna-XM_056789102.1	X	anno1.g2074.t1	X
rna-XM_056789346.1	X	anno1.g2079.t2	X
rna-XM_056789800.1	X	anno1.g2078.t1	X
rna-XM_056789773.1	X	anno1.g1931.t3	X
rna-XM_056789682.1	X	anno1.g1877.t1	X
rna-XM_056789628.1	X	anno1.g1876.t2	X
rna-XM_056789629.1	X	anno1.g1862.t1	X
rna-XM_056791156.1	X	anno1.g1830.t1	X
rna-XM_056791154.1	X	anno1.g1721.t1	X
rna-XM_056791158.1	X	anno1.g1966.t2	X
rna-XM_056790292.1	X	anno1.g1796.t1	X
rna-XM_056790230.1	X	anno1.g1933.t1	X
rna-XM_056790233.1	X	anno1.g1934.t3	X
rna-XM_056790249.1	X	anno1.g2210.t2	X
rna-XM_056789611.1	X	anno1.g2191.t1	X
rna-XM_056790320.1	X	anno1.g1995.t1	X
rna-XM_056789530.1	X	anno1.g1800.t1	X
rna-XM_056790526.1	X	anno1.g2009.t1	X
rna-XM_056789891.1	X	anno1.g1998.t3	X
rna-XM_056790518.1	X	anno1.g10761.t1	A
rna-XM_056790520.1	X	anno1.g1901.t1	X
rna-XM_056790519.1	X	anno1.g6142.t1	A
rna-XM_056790516.1	X	anno1.g1818.t1	X
rna-XM_056791235.1	X	anno1.g1981.t1	X
rna-XM_056789764.1	X	anno1.g1972.t1	X
rna-XM_056790358.1	X	anno1.g2058.t1	X
rna-XM_056789942.1	X	anno1.g1859.t1	X
rna-XM_056789945.1	X	anno1.g2120.t2	X
rna-XM_056789946.1	X	anno1.g1850.t1	X
rna-XM_056790964.1	X	anno1.g6829.t2	A
rna-XM_056790965.1	X	anno1.g1949.t1	X
rna-XM_056789587.1	X	anno1.g2241.t1	X
rna-XM_056789309.1	X	anno1.g1895.t1	X
rna-XM_056790415.1	X	anno1.g1752.t1	X
rna-XM_056789542.1	X	anno1.g2052.t1	X
rna-XM_056790347.1	X	anno1.g2155.t1	X
rna-XM_056791000.1	X	anno1.g2220.t1	X
rna-XM_056791001.1	X	anno1.g2218.t1	X
rna-XM_056791006.1	X	anno1.g11536.t1	A
rna-XM_056789150.1	X	anno1.g1983.t3	X
rna-XM_056789148.1	X	anno1.g13984.t2	A
rna-XM_056790309.1	X	anno1.g8753.t2	A
rna-XM_056790482.1	X	anno1.g2099.t1	X
rna-XM_056790350.1	X	anno1.g9906.t1	A
rna-XM_056789881.1	X	anno1.g2098.t1	X
rna-XM_056789256.1	X	anno1.g2086.t2	X
rna-XM_056789706.1	X	anno1.g2038.t1	X
rna-XM_056789702.1	X	anno1.g1751.t3	X
rna-XM_056789191.1	X	anno1.g894.t1	A
rna-XM_056789193.1	X	anno1.g1740.t1	X
rna-XM_056789490.1	X	anno1.g1741.t2	X
rna-XM_056789505.1	X	anno1.g2143.t1	X
rna-XM_056790932.1	X	anno1.g1903.t1	X
rna-XM_056789489.1	X	anno1.g2144.t1	X
rna-XM_056789437.1	X	anno1.g1724.t1	X
rna-XM_056789605.1	X	anno1.g2169.t1	X
rna-XM_056790414.1	X	anno1.g2114.t1	X
rna-XM_056790302.1	X	anno1.g2128.t1	X
rna-XM_056789886.1	X	anno1.g7246.t1	A
rna-XM_056789208.1	X	anno1.g2100.t1	X
rna-XM_056790279.1	X	anno1.g2035.t1	X
rna-XM_056789887.1	X	anno1.g5413.t1	A
rna-XM_056790581.1	X	anno1.g1948.t5	X
rna-XM_056790334.1	X	anno1.g12625.t1	A
rna-XM_056790258.1	X	anno1.g2236.t1	X
rna-XM_056790260.1	X	anno1.g3073.t1	A
rna-XM_056790261.1	X	anno1.g10363.t1	A
rna-XM_056789733.1	X	anno1.g3569.t1	A
rna-XM_056790165.1	X	anno1.g3570.t1	A
rna-XM_056791119.1	X	anno1.g2652.t1	A
rna-XM_056789754.1	X	anno1.g2102.t1	X
rna-XM_056790343.1	X	anno1.g2118.t1	X
rna-XM_056790538.1	X	anno1.g2037.t2	X
rna-XM_056790540.1	X	anno1.g3568.t1	A
rna-XM_056789993.1	X	anno1.g3567.t1	A
rna-XM_056789994.1	X	anno1.g3565.t1	A
rna-XM_056789947.1	X	anno1.g3564.t1	A
rna-XM_056790301.1	X	anno1.g2258.t1	A
rna-XM_056790530.1	X	anno1.g2257.t1	A
rna-XM_056789711.1	X	anno1.g2250.t1	A
rna-XM_056789455.1	X	anno1.g4251.t1	A
rna-XM_056789902.1	X	anno1.g4237.t2	A
rna-XM_056789769.1	X	anno1.g4246.t1	A
rna-XM_056789450.1	X	anno1.g4269.t1	A
rna-XM_056790332.1	X	anno1.g5023.t1	A
rna-XM_056789365.1	X	anno1.both_agree_g20002.t1	A
rna-XM_056789630.1	X	anno1.g4189.t2	A
rna-XM_056789631.1	X	anno1.g4190.t2	A
rna-XM_056789388.1	X	anno1.g6846.t1	A
rna-XM_056790273.1	X	anno1.g6813.t1	A
rna-XM_056790271.1	X	anno1.g6814.t1	A
rna-XM_056790265.1	X	anno1.g6708.t2	A
rna-XM_056790267.1	X	anno1.g10995.t1	A
rna-XM_056790276.1	X	anno1.g9569.t1	A
rna-XM_056790004.1	X	anno1.g9570.t1	A
rna-XM_056791196.1	X	anno1.g9571.t1	A
rna-XM_056789627.1	X	anno1.g8220.t2	A
rna-XM_056789039.1	X	anno1.g10904.t1	A
rna-XM_056789612.1	X	anno1.g1242.t2	A
rna-XM_056790574.1	X	anno1.g1520.t1	A
rna-XM_056790464.1	X	anno1.g7701.t1	A
rna-XM_056790857.1	X	anno1.g7703.t1	A
rna-XM_056790859.1	X	anno1.g11268.t1	A
rna-XM_056790333.1	X	anno1.g13382.t1	A
rna-XM_056789691.1	X	anno1.g11263.t1	A
rna-XM_056789427.1	X	anno1.g11269.t1	A
rna-XM_056789170.1	X	anno1.g2844.t1	A
rna-XM_056789513.1	X	anno1.g2843.t1	A
rna-XM_056789999.1	X	anno1.g11267.t1	A
rna-XM_056789423.1	X	anno1.g476.t1	A
rna-XM_056790392.1	X	anno1.g7706.t1	A
rna-XM_056790076.1	X	anno1.g14291.t1	A
rna-XM_056790169.1	X	anno1.g3056.t1	A
rna-XM_056789409.1	X	anno1.g3058.t1	A
rna-XM_056789487.1	X	anno1.g2259.t1	A
rna-XM_056789485.1	X	anno1.g1246.t1	A
rna-XM_056790471.1	X	anno1.g383.t1	A
rna-XM_056789576.1	X	anno1.g1096.t1	A
rna-XM_056789508.1	X	anno1.g5551.t1	A
rna-XM_056789065.1	X	anno1.g5463.t1	A
rna-XM_056789064.1	X	anno1.g5462.t1	A
rna-XM_056789410.1	X	anno1.g13814.t1	A
rna-XM_056789200.1	X	anno1.g13869.t1	A
rna-XM_056789199.1	X	anno1.g13868.t1	A
rna-XM_056790190.1	X	anno1.g4147.t2	A
rna-XM_056789790.1	X	anno1.g13815.t2	A
rna-XM_056789791.1	X	anno1.g13816.t1	A
rna-XM_056789792.1	X	anno1.g4192.t2	A
rna-XM_056790975.1	X	anno1.g1097.t1	A
rna-XM_056790976.1	X	anno1.g1098.t1	A
rna-XM_056790980.1	X	anno1.g1099.t1	A
rna-XM_056790863.1	X	anno1.g3528.t1	A
rna-XM_056790864.1	X	anno1.g3529.t1	A
rna-XM_056790867.1	X	anno1.g1101.t1	A
rna-XM_056790451.1	X	anno1.g1102.t1	A
rna-XM_056790453.1	X	anno1.g1094.t2	A
rna-XM_056789525.1	X	anno1.g11256.t1	A
rna-XM_056789355.1	X	anno1.g3527.t1	A
rna-XM_056790503.1	X	anno1.g4102.t1	A
rna-XM_056790695.1	X	anno1.g5711.t1	A
rna-XM_056790699.1	X	anno1.g11033.t1	A
rna-XM_056790768.1	X	anno1.g2511.t1	A
rna-XM_056790773.1	X	anno1.g3531.t1	A
rna-XM_056790241.1	X	anno1.g2629.t3	A
rna-XM_056791320.1	Y	anno1.g5131.t1	A
rna-XM_056791352.1	Y	anno1.g9235.t1	A
rna-XM_056791313.1	Y	anno1.g5068.t1	A
rna-XM_056791361.1	Y	anno1.g10550.t1	A
rna-XM_056791244.1	Y	anno1.g12019.t1	A
rna-XM_056791275.1	Y	anno1.g11743.t1	A
rna-XM_056791370.1	A	anno1.g5552.t2	A
rna-XM_056791369.1	A	anno1.g2872.t1	A
rna-XM_056791383.1	A	anno1.g12138.t1	A
rna-XM_056791402.1	A	anno1.g8075.t1	A
rna-XM_056791401.1	A	anno1.g8076.t2	A
rna-XM_056791404.1	A	anno1.g12296.t1	A
rna-XM_056791398.1	A	anno1.g8079.t1	A
rna-XM_056791403.1	A	anno1.g8077.t1	A
rna-XM_056791407.1	A	anno1.g7839.t1	A
rna-XM_056791421.1	A	anno1.g7033.t1	A
rna-XM_056791422.1	A	anno1.g4805.t2	A
rna-XM_056791462.1	A	anno1.g8128.t1	A
rna-XM_056791461.1	A	anno1.g11998.t1	A
rna-XM_056791482.1	A	anno1.g1461.t2	A
rna-XM_056791500.1	A	anno1.g1091.t1	A
